inchikey,year,standard_type,pAct
AADCDMQTJNYOSS-LBPRGKRZSA-N,2014,Ki,10.065502
AADCDMQTJNYOSS-LBPRGKRZSA-N,2016,Ki,9.585027
AADCDMQTJNYOSS-LBPRGKRZSA-N,2021,Ki,9.931814
AADWBQLQKGQDIM-UHFFFAOYSA-N,2010,Ki,7.769551
AADWBQLQKGQDIM-UHFFFAOYSA-N,2010,Ki,7.522879
AAELEHAFAYIZRH-KDURUIRLSA-N,2016,Ki,8.200659
AAELEHAFAYIZRH-KDURUIRLSA-N,2017,Ki,9.086186
AAELEHAFAYIZRH-KDURUIRLSA-N,2017,Ki,9.086186
AAELEHAFAYIZRH-WGSAOQKQSA-N,2016,Ki,8.537602
AAELEHAFAYIZRH-WGSAOQKQSA-N,2016,IC50,7.211478
AAELEHAFAYIZRH-WGSAOQKQSA-N,2017,Ki,8.537602
AAELEHAFAYIZRH-WGSAOQKQSA-N,2017,Ki,8.537602
AAIDTVFHOXBFSJ-SJLPKXTDSA-N,1997,Ki,5.300000
AAONJNLMLWRZJE-UHFFFAOYSA-N,2010,Ki,6.099999
AAONJNLMLWRZJE-UHFFFAOYSA-N,2010,Ki,6.699992
AAPCMUAAQFZHRZ-IPJJNNNSSA-N,2014,Ki,7.134245
AAPCMUAAQFZHRZ-WOIUINJBSA-N,2014,Ki,7.045034
AAPNNVKAQPYKAA-UHFFFAOYSA-N,2019,Ki,6.782516
AAPXNHMQKBDDJN-AVRDEDQJSA-N,2016,Ki,6.000000
AAPXNHMQKBDDJN-AVRDEDQJSA-N,2016,Ki,6.290001
AAPXNHMQKBDDJN-AVRDEDQJSA-N,2019,Ki,5.840132
AAPXNHMQKBDDJN-GCJKJVERSA-N,2016,Ki,6.030002
AAPXNHMQKBDDJN-GCJKJVERSA-N,2016,Ki,4.770000
AAPXNHMQKBDDJN-GCJKJVERSA-N,2019,Ki,6.140261
AAPXNHMQKBDDJN-PGRDOPGGSA-N,2016,Ki,6.099999
AAPXNHMQKBDDJN-PGRDOPGGSA-N,2016,Ki,6.170002
AAPXNHMQKBDDJN-XMSQKQJNSA-N,2016,Ki,6.149997
AAPXNHMQKBDDJN-XMSQKQJNSA-N,2019,Ki,5.379968
AAPXNHMQKBDDJN-YSYXNDDBSA-N,2019,Ki,5.750068
AAPXNHMQKBDDJN-YSYXNDDBSA-N,2019,Ki,5.840132
AAPXNHMQKBDDJN-YSYXNDDBSA-N,2019,Ki,6.170053
AAQUEQYOKSKIDA-UHFFFAOYSA-N,2021,Ki,7.698970
AARLSAHQVGPBSH-UHFFFAOYSA-N,2018,Ki,4.698319
AARWRAFDYZSYPD-UHFFFAOYSA-N,2007,Ki,7.410050
AARWRAFDYZSYPD-UHFFFAOYSA-N,2015,Ki,7.853872
AARWZLCCVAYIQN-UHFFFAOYSA-N,2020,Ki,6.179996
AASBFJIEFSDMGW-VHPWLNBFSA-N,2023,Ki,6.568636
AAYBHLNWKYXETD-NRFANRHFSA-N,2018,Ki,8.769551
AAYBHLNWKYXETD-OAQYLSRUSA-N,2018,Ki,8.698970
AAYMNPGQEZYHNE-UHFFFAOYSA-N,2010,Ki,7.657577
AAYMNPGQEZYHNE-UHFFFAOYSA-N,2010,Ki,7.769551
ABDDQTDRAHXHOC-QMMMGPOBSA-N,2021,IC50,4.619789
ABDDQTDRAHXHOC-QMMMGPOBSA-N,2021,EC50,5.000000
ABFFVPNTRSSMPE-HHHXNRCGSA-N,2012,IC50,6.301030
ABHDCLDAAZIPMQ-XGAFWQRZSA-N,2019,EC50,7.327902
ABHDCLDAAZIPMQ-XGAFWQRZSA-N,2019,EC50,6.505845
ABHDCLDAAZIPMQ-XGAFWQRZSA-N,2019,EC50,7.330033
ABHDCLDAAZIPMQ-XGAFWQRZSA-N,2019,EC50,6.509999
ABHVAQKOVOLZPM-QAQDUYKDSA-N,2013,Ki,6.077171
ABKVEMFUXMVUSG-WGSAOQKQSA-N,2013,Ki,6.081812
ABNHJZFZKGLSKZ-UHFFFAOYSA-N,2020,Ki,6.480172
ABNWTYHEAATIEC-UHFFFAOYSA-N,2007,Ki,7.019997
ABOBMBIQQPJTMJ-UHFFFAOYSA-N,2018,Ki,5.959999
ABOBMBIQQPJTMJ-UHFFFAOYSA-N,2022,Ki,5.959999
ABOBMBIQQPJTMJ-UHFFFAOYSA-N,2025,Ki,5.959999
ABOYXIDEOWOTGI-AQYVVDRMSA-N,2013,Ki,6.514818
ABRFKTAFRQVZBR-UHFFFAOYSA-N,1995,Ki,6.335358
ABRFKTAFRQVZBR-UHFFFAOYSA-N,1995,Ki,7.244125
ABSKTFYOWZQKEU-LBEPJEHYSA-N,2009,Ki,5.800001
ABTOFZCPUPVFTQ-UHFFFAOYSA-N,2017,IC50,7.698970
ABUDXXYFKLCSKO-UHFFFAOYSA-N,2012,Ki,7.045757
ABVUWVBSAIPHQT-UHFFFAOYSA-N,2020,Ki,5.823330
ABWWEJFCIGXGSO-IKNRRJBZSA-N,2020,EC50,5.886057
ABXQTPKTPDAAGS-XGAFWQRZSA-N,2023,Ki,6.000000
ABXZOXDTHTTZJW-UHFFFAOYSA-N,1997,Ki,5.468521
ACAWRKNKSILJBW-UVXAETBJSA-N,2013,Ki,6.781464
ACDYFMOSSUKHJD-HSZRJFAPSA-N,2010,Ki,7.585027
ACDYFMOSSUKHJD-QHCPKHFHSA-N,2010,Ki,7.585027
ACDYFMOSSUKHJD-UHFFFAOYSA-N,2008,Ki,7.585027
ACDYFMOSSUKHJD-UHFFFAOYSA-N,2008,Ki,6.623423
ACDYFMOSSUKHJD-UHFFFAOYSA-N,2008,Ki,7.232102
ACDYFMOSSUKHJD-UHFFFAOYSA-N,2008,EC50,8.653647
ACEAZRLEPRIAMD-WGSAOQKQSA-N,2013,Ki,5.636764
ACFIBJLBHXWBFG-UHFFFAOYSA-N,2010,Ki,6.399997
ACHQQXOLWIKHRK-UHFFFAOYSA-N,2006,Ki,6.148742
ACHQQXOLWIKHRK-UHFFFAOYSA-N,2006,Ki,5.958607
ACIMQSDLIYUKRE-AQYVVDRMSA-N,2017,Ki,9.494850
ACIMQSDLIYUKRE-AQYVVDRMSA-N,2017,Ki,9.494850
ACIMQSDLIYUKRE-GRGXKFILSA-N,2017,Ki,8.761954
ACIMQSDLIYUKRE-GRGXKFILSA-N,2017,Ki,8.761954
ACJNHQLAGNWKBM-UHFFFAOYSA-N,2010,Ki,8.200659
ACKGCCXJFAZCFF-UHFFFAOYSA-N,2006,Ki,6.657577
ACKGCCXJFAZCFF-UHFFFAOYSA-N,2006,Ki,6.853872
ACKJXZGTUCARLB-KNQAVFIVSA-N,2016,Ki,5.809999
ACKJXZGTUCARLB-UGKGYDQZSA-N,2016,Ki,5.589999
ACOHJTDLJUVDNX-AQYVVDRMSA-N,1997,Ki,7.823909
ACOZPXLCYUQMHS-UHFFFAOYSA-N,2018,IC50,8.044793
ACOZPXLCYUQMHS-UHFFFAOYSA-N,2020,Ki,8.537602
ACOZVIRGPCYPPB-UHFFFAOYSA-N,2019,IC50,7.244888
ACSUMENHCIMTQG-QHCPKHFHSA-N,2018,Ki,8.000000
ACTVOFFLDWZANE-NSISKUIASA-N,2005,Ki,7.214670
ACUOSRXKTFDQLE-IOWSJCHKSA-N,2023,Ki,6.060481
ACVXRXJQYWHUND-UHFFFAOYSA-N,1997,Ki,7.214670
ACVXRXJQYWHUND-UHFFFAOYSA-N,2005,Ki,7.209996
ACWOUFNDQFUXQN-UHFFFAOYSA-N,2009,Ki,7.718967
ACWOUFNDQFUXQN-UHFFFAOYSA-N,2009,IC50,6.318759
ACWQOQSFTNXQMA-UHFFFAOYSA-N,2019,Kd,8.470057
ACWQOQSFTNXQMA-UHFFFAOYSA-N,2019,Ki,8.450016
ACYCBNFGNBHQEP-YHBQERECSA-N,2007,Ki,7.259637
ACYCBNFGNBHQEP-YHBQERECSA-N,2007,Ki,7.259637
ACYCBNFGNBHQEP-ZRZAMGCNSA-N,2007,Ki,6.841638
ACYCBNFGNBHQEP-ZRZAMGCNSA-N,2007,Ki,6.782516
ACZCVZUKGWGYJX-UHFFFAOYSA-N,2008,Ki,7.657577
ADAZZWTYEBRRHE-UHFFFAOYSA-N,2009,Ki,5.537602
ADAZZWTYEBRRHE-UHFFFAOYSA-N,2009,Ki,5.585027
ADCYPKNNPPDYMB-ORQYLMBXSA-N,2022,Ki,5.958607
ADDKZOUNFAZVBP-DZNWXHPMSA-N,2020,Ki,6.982967
ADDKZOUNFAZVBP-DZNWXHPMSA-N,2021,Ki,7.064493
ADDKZOUNFAZVBP-NVNZTLJMSA-N,2021,Ki,6.958607
ADDORVGWJJXKFK-AFARHQOCSA-N,2013,Ki,5.530031
ADETWEPXXIGKFW-UHFFFAOYSA-N,2009,Ki,5.310000
ADFNMOVNQSHFOR-RUCARUNLSA-N,2023,Ki,7.202040
ADFNMOVNQSHFOR-RUCARUNLSA-N,2023,Ki,7.199971
ADFNMOVNQSHFOR-RUCARUNLSA-N,2023,EC50,8.167491
ADFNMOVNQSHFOR-RUCARUNLSA-N,2023,EC50,8.169989
ADFNMOVNQSHFOR-RUCARUNLSA-N,2023,EC50,8.389340
ADFNMOVNQSHFOR-RUCARUNLSA-N,2023,EC50,8.389979
ADGRZRHCVXPKAN-UHFFFAOYSA-N,2016,Ki,8.248721
ADKPDCJUAOTYGJ-UHFFFAOYSA-N,2019,Ki,6.301030
ADKPDCJUAOTYGJ-UHFFFAOYSA-N,2019,Ki,6.420216
ADLYXAHODXNVQT-UHFFFAOYSA-N,2006,Ki,6.468521
ADLYXAHODXNVQT-UHFFFAOYSA-N,2006,Ki,6.468521
ADLYXAHODXNVQT-UHFFFAOYSA-N,2006,Ki,6.468521
ADUUVPPWHWVJFK-UHFFFAOYSA-N,2015,Ki,7.510042
ADUUVPPWHWVJFK-UHFFFAOYSA-N,2015,Ki,7.270835
ADUYXHYSTCIMEO-UHFFFAOYSA-N,2016,Ki,6.872895
ADUYXHYSTCIMEO-UHFFFAOYSA-N,2016,Ki,6.869988
ADVQAEICXAHZOY-IPJJNNNSSA-N,2021,Ki,8.236572
ADWCVCJMIQYGTM-UHFFFAOYSA-N,2016,Ki,5.558148
AECUHGGFVKDBMH-UHFFFAOYSA-N,2000,Ki,5.403403
AECUHGGFVKDBMH-UHFFFAOYSA-N,2002,Ki,5.402305
AEEFPFZMNZVYPW-UHFFFAOYSA-N,2013,Ki,8.236572
AEGDITSWVZEWFA-UHFFFAOYSA-N,2016,Ki,4.098923
AEJCTJSNUNXYQL-YHBQERECSA-N,2007,Ki,7.026872
AEJCTJSNUNXYQL-ZRZAMGCNSA-N,2007,Ki,6.749580
AEKRAVIJSVJVBT-UHFFFAOYSA-N,2007,Ki,6.752027
AEKRAVIJSVJVBT-UHFFFAOYSA-N,2021,Ki,6.752027
AELYPESLFOQFTR-UHFFFAOYSA-N,2017,Ki,6.850781
AENACYRRZFSOSG-UHFFFAOYSA-N,1994,Ki,5.853872
AENHFZZMNBETCL-UHFFFAOYSA-N,2016,Ki,7.500038
AENHFZZMNBETCL-UHFFFAOYSA-N,2019,Ki,7.459671
AENHFZZMNBETCL-UHFFFAOYSA-N,2020,Ki,7.459671
AENWLGXTORARIE-UHFFFAOYSA-N,2015,Ki,7.365523
AENWLGXTORARIE-UHFFFAOYSA-N,2015,EC50,5.000000
AENWLGXTORARIE-UHFFFAOYSA-N,2015,IC50,7.200659
AEQDJSLRWYMAQI-KRWDZBQOSA-N,2017,Ki,5.948847
AEQDJSLRWYMAQI-KRWDZBQOSA-N,2019,IC50,6.346787
AEQDJSLRWYMAQI-KRWDZBQOSA-N,2024,Ki,6.411168
AEQMAVWTHJZYEX-UHFFFAOYSA-N,1993,Ki,4.494850
AERBGYMOICIFRM-MRXNPFEDSA-N,1996,Ki,6.605548
AERWLNZHDGJKMO-MRXNPFEDSA-N,2002,Ki,6.970616
AEUDDHALUDWNEZ-UHFFFAOYSA-N,2010,Ki,6.399997
AEVXOGLKVVRZCX-UHFFFAOYSA-N,2007,Ki,5.757707
AEVXOGLKVVRZCX-UHFFFAOYSA-N,2007,Ki,6.425969
AEXFOTSQBUVBKJ-PGRDOPGGSA-N,2010,Ki,6.299998
AFAMVWBXPZJINL-JCNLHEQBSA-N,2019,EC50,8.522879
AFAMVWBXPZJINL-JCNLHEQBSA-N,2019,EC50,8.397940
AFAMVWBXPZJINL-JCNLHEQBSA-N,2019,EC50,8.550059
AFAMVWBXPZJINL-JCNLHEQBSA-N,2019,EC50,8.389979
AFDHKRHSWWMNFN-UHFFFAOYSA-N,2019,Ki,6.917215
AFECYHQHVIVPNI-UHFFFAOYSA-N,2004,Ki,7.619789
AFECYHQHVIVPNI-UHFFFAOYSA-N,2004,Ki,6.863279
AFKGLNWCCRQRMJ-HNNXBMFYSA-N,2020,Ki,6.086716
AFKRYMMWFODFAD-CSKARUKUSA-N,2000,Ki,6.199998
AFKRYMMWFODFAD-CSKARUKUSA-N,1999,Ki,6.199998
AFLPJFUVXSSHKS-UHFFFAOYSA-N,2002,Ki,5.691009
AFNNYMZEMGROFW-UHFFFAOYSA-N,2022,Ki,6.522879
AFRMZBRXLCZGJQ-UHFFFAOYSA-N,2017,Ki,5.894831
AFRMZBRXLCZGJQ-UHFFFAOYSA-N,2018,Ki,5.894831
AFTMDSQMJPSVNL-UHFFFAOYSA-N,2002,Ki,5.832683
AFTOBIAKNPTOEU-UHFFFAOYSA-N,2019,Ki,5.789949
AFUKYYCEJQNSBL-IYARVYRRSA-N,2020,Ki,6.000000
AFUKYYCEJQNSBL-IYARVYRRSA-N,2022,Ki,6.000000
AFUSDDXNVRXJFU-KJDSRRNHSA-N,2023,Ki,5.958607
AFWAVLNIGSUCHI-HNNXBMFYSA-N,2016,Ki,6.193820
AFWAVLNIGSUCHI-HNNXBMFYSA-N,2016,Ki,6.366532
AFWAVLNIGSUCHI-HNNXBMFYSA-N,2016,EC50,6.769551
AFWAVLNIGSUCHI-OAHLLOKOSA-N,2016,Ki,6.455932
AFWAVLNIGSUCHI-OAHLLOKOSA-N,2016,Ki,6.698970
AFYFGCAEDGKSJG-UHFFFAOYSA-N,2010,Ki,6.399997
AFYGMVTVTLNALM-UHFFFAOYSA-N,2012,Ki,7.173925
AFZSMODLJJCVPP-UHFFFAOYSA-N,,IC50,5.231658
AFZSMODLJJCVPP-UHFFFAOYSA-N,,Ki,5.708853
AGAHNABIDCTLHW-UHFFFAOYSA-N,2019,Kd,9.019997
AGAHNABIDCTLHW-UHFFFAOYSA-N,2019,Ki,9.140022
AGDJOXPUTNYCLH-UHFFFAOYSA-N,2020,Ki,5.898941
AGMWTWZTMQSDHF-UHFFFAOYSA-N,2006,Ki,5.086186
AGMWTWZTMQSDHF-UHFFFAOYSA-N,2006,Ki,4.920819
AGPVWRLINFFKSF-UHFFFAOYSA-N,2016,Ki,5.100000
AGPVWRLINFFKSF-UHFFFAOYSA-N,2020,Ki,5.059982
AGQAAIRBRCRFGB-UHFFFAOYSA-N,1996,Ki,5.200000
AGUIOVNIFLIHLU-UHFFFAOYSA-N,2021,Ki,6.376751
AGUZAIMBKPZTGP-UHFFFAOYSA-N,2005,Ki,7.769551
AGUZAIMBKPZTGP-UHFFFAOYSA-N,2005,Ki,7.744727
AGVJHFPAJUYTNV-UHFFFAOYSA-N,2018,IC50,7.229148
AGVNHDNTFYHZNL-QGZVFWFLSA-N,1998,Ki,5.400000
AGVNHDNTFYHZNL-QGZVFWFLSA-N,2001,Ki,5.400008
AGZPZBJIQLGGOQ-UHFFFAOYSA-N,2007,Ki,7.924453
AGZZUNBFSOFXTB-JIBACQESSA-N,2014,Ki,5.954200
AHCLBNDBOQTPGQ-HNNXBMFYSA-N,2000,Ki,7.920819
AHCLBNDBOQTPGQ-OAHLLOKOSA-N,2000,Ki,6.200659
AHJHJVULSVKBEA-KDURUIRLSA-N,2017,Ki,8.920819
AHJHJVULSVKBEA-KDURUIRLSA-N,2017,Ki,8.920819
AHJHJVULSVKBEA-WGSAOQKQSA-N,2016,Ki,9.721246
AHJHJVULSVKBEA-WGSAOQKQSA-N,2017,Ki,9.721246
AHJHJVULSVKBEA-WGSAOQKQSA-N,2017,Ki,9.721246
AHSLTJCTFBJCMT-CQSZACIVSA-N,1994,Ki,6.716699
AHVVCJSEQJZGNV-UHFFFAOYSA-N,1999,Ki,6.508638
AHYUXDAZVIOABZ-UHFFFAOYSA-N,1997,Ki,6.284833
AHZQKSCHGGUEEP-UHFFFAOYSA-N,2020,Ki,4.310487
AHZQKSCHGGUEEP-UHFFFAOYSA-N,2022,Ki,4.310487
AIANRSPJEBRESY-UHFFFAOYSA-N,2017,Ki,5.244125
AIBSVCNXTNBLRF-NRFANRHFSA-N,2009,Ki,5.884057
AIBTZGIRNIYBBE-OWOJBTEDSA-N,2017,EC50,6.832683
AICFPAVUBCPJDG-SAABIXHNSA-N,2013,Ki,6.638839
AIDTVWDAJAVXLC-AATRIKPKSA-N,2011,Ki,7.239578
AIEYTUOHPYHFSW-UHFFFAOYSA-N,2020,EC50,6.209715
AIEYTUOHPYHFSW-UHFFFAOYSA-N,2023,EC50,6.209715
AIEYTUOHPYHFSW-UHFFFAOYSA-N,2023,EC50,6.209715
AIFZEYXRSJHTOL-UHFFFAOYSA-N,2019,Ki,6.136677
AIFZEYXRSJHTOL-UHFFFAOYSA-N,2019,Ki,6.283997
AIJCIPNKOAOKBN-UHFFFAOYSA-N,2010,Ki,7.632644
AIJIQCBYMBZLJD-UHFFFAOYSA-N,2001,Ki,6.677781
AIPVMDNBQLPSHM-UHFFFAOYSA-N,2001,Ki,9.387216
AIXGSHLFBFGRFX-SKQKWFJKSA-N,2019,Ki,9.075721
AIXVGZUOFPCOMV-IXCJQBJRSA-N,1998,Ki,6.199998
AIXVGZUOFPCOMV-XCZPVHLTSA-N,1998,Ki,7.599980
AIXVGZUOFPCOMV-XCZPVHLTSA-N,2003,Ki,7.602060
AIYDXOYEOAYSGJ-MJGBDJQUSA-N,2021,Ki,7.500313
AIYKVNCJQXICKY-UHFFFAOYSA-N,2021,Ki,6.721246
AIZGIAFIDZOQAS-LBPRGKRZSA-N,2010,IC50,7.720105
AJADIMFRRRXJAI-UHFFFAOYSA-N,2019,Ki,5.478862
AJADIMFRRRXJAI-UHFFFAOYSA-N,2019,EC50,6.117475
AJADIMFRRRXJAI-UHFFFAOYSA-N,2019,EC50,4.582113
AJADIMFRRRXJAI-UHFFFAOYSA-N,2019,IC50,4.795609
AJBIIZLEMNVANQ-CTNGQTDRSA-N,2022,IC50,5.026872
AJCBTMQLMBVUBO-UHFFFAOYSA-N,2019,IC50,7.098542
AJEFZZSQDFYANV-UHFFFAOYSA-N,2020,Ki,7.890084
AJEQJTPMMJPNLR-GHTZIAJQSA-N,2019,Ki,6.540608
AJEQJTPMMJPNLR-GHTZIAJQSA-N,2020,Ki,6.540608
AJEQJTPMMJPNLR-NQIIRXRSSA-N,2019,Ki,5.880085
AJEQJTPMMJPNLR-NQIIRXRSSA-N,2020,Ki,5.880085
AJEQJTPMMJPNLR-UHFFFAOYSA-N,2016,Ki,6.599998
AJEQJTPMMJPNLR-UHFFFAOYSA-N,2016,Ki,6.199998
AJEQJTPMMJPNLR-UHFFFAOYSA-N,2016,Ki,6.599998
AJESKKMIWNWSBT-UHFFFAOYSA-N,2010,Ki,9.065502
AJHTXXXNOZVOOI-HSZRJFAPSA-N,1996,Ki,7.000000
AJIGPZIDDACLTM-UHFFFAOYSA-N,2014,Ki,6.795880
AJIGSTIZSNHTOD-UHFFFAOYSA-N,2019,IC50,6.721246
AJKCXWJAJVDPNV-UYAOXDASSA-N,2000,IC50,7.167491
AJKOTVCMUKNUGM-UHFFFAOYSA-N,2016,Ki,6.069051
AJKOTVCMUKNUGM-UHFFFAOYSA-N,2016,Ki,6.069999
AJKWTVBJXNYTPH-FVUUGDKNSA-N,2023,Ki,6.113509
AJMKQHBCAXBYKM-IBGZPJMESA-N,2018,Ki,5.168322
AJMVNIXLWRBDLU-CQSZACIVSA-N,1993,Ki,6.667562
AJNIRLYKPAIXJT-UHFFFAOYSA-N,2015,Ki,7.330683
AJNRYBGLAQDAEO-DYVFJYSZSA-N,2010,Ki,6.000000
AJQHTFDOWXUHQW-UHFFFAOYSA-N,2007,Ki,7.136677
AJRQMVCEFKRUBB-UHFFFAOYSA-N,2012,Ki,7.619789
AJVZNDDUZGAVJT-FQEVSTJZSA-N,2011,IC50,5.599999
AJZCTVAJRNIZDW-UHFFFAOYSA-N,2020,IC50,6.330776
AJZLEDKSUTZOOU-UHFFFAOYSA-N,2014,EC50,7.649946
AJZLEDKSUTZOOU-UHFFFAOYSA-N,2014,EC50,7.657577
AKAZDIQCZSDVHY-YLJYHZDGSA-N,2021,Ki,6.095284
AKCNULBSNJJBDL-UHFFFAOYSA-N,2023,Ki,5.801343
AKCNULBSNJJBDL-UHFFFAOYSA-N,2023,IC50,6.202040
AKCNULBSNJJBDL-UHFFFAOYSA-N,2023,IC50,5.191789
AKOUANOAMJNPBZ-GJIFKWMDSA-N,2014,Ki,7.171276
AKQWVRLMOLBNQU-UHFFFAOYSA-N,2021,IC50,8.659953
AKQWVRLMOLBNQU-UHFFFAOYSA-N,2021,EC50,5.500000
AKRZFAUTJFZOAO-UHFFFAOYSA-N,2016,Ki,6.493495
AKTHZRZKYPJJRC-UHFFFAOYSA-N,2008,Ki,7.585027
AKTQSTPCOLTVQO-UHFFFAOYSA-N,1997,Ki,6.552842
AKTVMLWMKKIHMI-UHFFFAOYSA-N,2020,Ki,6.419988
AKUFOSYLIYVIGY-UHFFFAOYSA-N,2017,Ki,5.209856
AKUFOSYLIYVIGY-UHFFFAOYSA-N,2019,Ki,5.209856
AKXOIHNFHOEPHN-CQSZACIVSA-N,2024,IC50,5.943095
AKXOIHNFHOEPHN-UHFFFAOYSA-N,2023,IC50,5.943095
AKXPLUFJRRUGNE-UHFFFAOYSA-N,2021,Ki,5.960189
AKXPLUFJRRUGNE-UHFFFAOYSA-N,2021,Ki,5.959999
AKYWUMKVNYAANP-UHFFFAOYSA-N,2010,Ki,8.721246
ALDCLQHVTZPMQV-SFHVURJKSA-N,2014,Ki,7.465593
ALJFHHUCGXIRIJ-UHFFFAOYSA-N,2010,Ki,8.698970
ALJNGMYHXPZTTG-WGSAOQKQSA-N,2013,Ki,5.835350
ALJVVUIFWXGXTR-UHFFFAOYSA-N,1997,Ki,6.438899
ALKXNIXXISSQFE-UHFFFAOYSA-N,2019,Ki,7.570248
ALLUIYWATYVDFM-MXVIHJGJSA-N,2014,Ki,7.024247
ALLYNSCMTRSFNH-UHFFFAOYSA-N,2008,Ki,5.346787
ALLYNSCMTRSFNH-UHFFFAOYSA-N,2008,Ki,5.327902
ALMBNZHSWURVRM-UHFFFAOYSA-N,2012,Ki,6.497573
ALMQVQFFGPSBDJ-KJDSRRNHSA-N,2023,Ki,5.744727
ALORGORVZSRMKI-AZGAKELHSA-N,2010,Ki,6.233587
ALPMTMYCYHOFLH-TZIWHRDSSA-N,2021,Ki,6.137869
ALPOWWDAVMFBEC-UHFFFAOYSA-N,2019,Ki,7.070019
ALTKABGEMCJWJH-UHFFFAOYSA-N,2016,Ki,5.610000
ALXBTSBMBMBYHQ-UHFFFAOYSA-N,2019,Ki,7.202732
ALZFDRFMVFNHJV-UHFFFAOYSA-N,2006,Ki,6.628932
AMADNKXMEDYTCS-UHFFFAOYSA-N,2010,Ki,7.400008
AMAZFBCTWBJQKF-UHFFFAOYSA-N,2015,Ki,9.522879
AMAZFBCTWBJQKF-UHFFFAOYSA-N,2015,EC50,8.823909
AMBHQWIFPINWOO-SKPFHBQLSA-N,2021,Ki,7.003051
AMCGNHPMLVBAQK-UHFFFAOYSA-N,2019,IC50,8.224026
AMCLEKXUPLBXGM-YEMPIKNUSA-N,2014,Ki,7.276873
AMDRAFDQLSKJMW-UHFFFAOYSA-N,2010,Ki,8.795880
AMFHRDQSGJPBOQ-UHFFFAOYSA-N,2012,Ki,7.119186
AMFZVTYRKIIUHJ-OWWJJEGGSA-N,2023,Ki,6.096910
AMIGTUQPTNLQHG-UHFFFAOYSA-N,2016,Ki,5.800001
AMIGTUQPTNLQHG-UHFFFAOYSA-N,2019,Ki,5.770062
AMIGTUQPTNLQHG-UHFFFAOYSA-N,2020,Ki,5.770062
AMIUKHHHHJYBCP-UHFFFAOYSA-N,2012,Ki,6.320572
AMJCGARHMZJBKQ-UHFFFAOYSA-N,2011,Ki,7.958607
AMJCGARHMZJBKQ-UHFFFAOYSA-N,2011,Ki,8.161151
AMKQYZPSQCPQGB-UHFFFAOYSA-N,2012,Ki,7.420216
AMKQYZPSQCPQGB-UHFFFAOYSA-N,2012,Ki,7.795880
AMUCTWAVRKDCJA-UHFFFAOYSA-N,2022,Ki,6.958607
AMUFJSCMOPQLMQ-UHFFFAOYSA-N,2005,Ki,7.823909
ANCFDBAFLRCWEK-UHFFFAOYSA-N,2011,Ki,9.000000
ANCQWHLMXBDLTA-UHFFFAOYSA-N,2017,EC50,7.832683
ANDAVALYLUYQOC-UHFFFAOYSA-N,2016,Ki,6.785156
ANGUXJDGJCHGOG-UHFFFAOYSA-N,2010,Ki,6.299998
ANNKWISOEPVJLP-JKIUYZKVSA-N,2019,EC50,7.148742
ANNKWISOEPVJLP-JKIUYZKVSA-N,2019,EC50,6.737549
ANNKWISOEPVJLP-JKIUYZKVSA-N,2019,EC50,7.150028
ANNKWISOEPVJLP-JKIUYZKVSA-N,2019,EC50,6.740000
ANNLFDUPFAFPFH-UHFFFAOYSA-N,2023,Ki,5.829738
ANOJEAQPXSEPBD-UHFFFAOYSA-N,2022,Ki,6.259637
ANOQJCMMWZANCH-UHFFFAOYSA-N,2014,Ki,8.026872
ANOQJCMMWZANCH-UHFFFAOYSA-N,2014,Ki,8.000000
ANPBPMHGXDWYNM-AZUAARDMSA-N,2019,Ki,5.789949
ANPBPMHGXDWYNM-AZUAARDMSA-N,2020,Ki,5.789949
ANQRPBNHSKJQGO-KRWDZBQOSA-N,2017,Ki,7.744727
ANTKBACNWQHQJE-UHFFFAOYSA-N,2010,Ki,7.113509
ANTOILZBKKIMIM-UHFFFAOYSA-N,2016,Ki,5.500000
ANYPUOSSIOCSJC-UHFFFAOYSA-N,2007,Ki,6.000000
AODRELZHCYHJFT-UHFFFAOYSA-N,2021,Ki,7.420216
AODRELZHCYHJFT-UHFFFAOYSA-N,2021,Ki,7.419988
AODRELZHCYHJFT-UHFFFAOYSA-N,2021,EC50,8.167491
AODRELZHCYHJFT-UHFFFAOYSA-N,2021,EC50,8.169989
AODRELZHCYHJFT-UHFFFAOYSA-N,2021,EC50,7.958607
AODRELZHCYHJFT-UHFFFAOYSA-N,2021,EC50,7.969805
AODRELZHCYHJFT-XLIONFOSSA-N,2021,Ki,7.939302
AODRELZHCYHJFT-XLIONFOSSA-N,2021,Ki,7.940058
AODRELZHCYHJFT-XLIONFOSSA-N,2021,EC50,8.050610
AODRELZHCYHJFT-XLIONFOSSA-N,2021,EC50,8.049976
AODRELZHCYHJFT-XLIONFOSSA-N,2021,EC50,8.602060
AODRELZHCYHJFT-XLIONFOSSA-N,2021,EC50,8.599980
AODRELZHCYHJFT-XLIONFOSSA-N,2021,EC50,8.190440
AODRELZHCYHJFT-XLIONFOSSA-N,2021,EC50,8.189969
AOESATFDEMWHLJ-HZCBDIJESA-N,2007,Ki,7.207608
AOESATFDEMWHLJ-SZPZYZBQSA-N,2007,Ki,7.091515
AOEZTGSRIVCHEA-UHFFFAOYSA-N,2020,EC50,5.283997
AOEZTGSRIVCHEA-UHFFFAOYSA-N,2023,EC50,5.283997
AOLMBJPDPWHRDR-UHFFFAOYSA-N,2016,Ki,6.405607
AOMCGXSEEARDEI-FXBOJIBUSA-N,2000,Ki,5.500000
AOSAPZYJOHCROI-SJLPKXTDSA-N,2000,IC50,7.187087
AOSAPZYJOHCROI-SJLPKXTDSA-N,2000,IC50,7.031517
AOSAPZYJOHCROI-SJLPKXTDSA-N,2000,Ki,6.742321
AOSAPZYJOHCROI-SJLPKXTDSA-N,2000,Ki,7.031517
AOSAPZYJOHCROI-WMZOPIPTSA-N,2000,IC50,7.193820
AOSUTZCGNCJEJR-UHFFFAOYSA-N,2018,IC50,7.619789
AOWBRNQOUCDADD-QFIPXVFZSA-N,2018,Ki,8.522879
APANCCIVVADHPY-UHFFFAOYSA-N,2014,Ki,6.853872
APANCCIVVADHPY-UHFFFAOYSA-N,2014,Ki,6.552842
APCSKDZXHMFZBO-KDURUIRLSA-N,2017,Ki,8.684030
APCSKDZXHMFZBO-KDURUIRLSA-N,2017,Ki,8.684030
APCSKDZXHMFZBO-WGSAOQKQSA-N,2017,Ki,9.096910
APCSKDZXHMFZBO-WGSAOQKQSA-N,2017,Ki,9.096910
APDUBUJHUYQKMX-UHFFFAOYSA-N,2014,Ki,5.961777
APDUBUJHUYQKMX-UHFFFAOYSA-N,2014,Ki,5.959999
APECYVWEUYUQKJ-UHFFFAOYSA-N,2020,EC50,6.209715
APECYVWEUYUQKJ-UHFFFAOYSA-N,2020,IC50,5.677781
APECYVWEUYUQKJ-UHFFFAOYSA-N,2023,EC50,6.209715
APECYVWEUYUQKJ-UHFFFAOYSA-N,2023,IC50,5.677781
APEZAWGOFKUHCA-JOCHJYFZSA-N,2001,Ki,5.607303
APEZAWGOFKUHCA-JOCHJYFZSA-N,2001,Ki,6.302771
APGISPPDWLSWQA-UHFFFAOYSA-N,2009,Ki,6.199998
APHPLOYRLDEZMD-UHFFFAOYSA-N,2001,Ki,7.657577
APIFLWWBMVHSHA-KRWDZBQOSA-N,2017,Ki,7.154902
APKDIQSHDGVEMU-UHFFFAOYSA-N,2016,Ki,6.489455
APLABOCEGYBQFY-NRFANRHFSA-N,2018,Ki,7.537602
APMOACCZLSVUQN-MDZDMXLPSA-N,1995,Ki,7.251812
APNJSCJYYJPREB-CMDGGOBGSA-N,2003,Ki,7.886057
APOMSSAGEAOUGO-UHFFFAOYSA-N,1999,IC50,7.468521
APOMSSAGEAOUGO-UHFFFAOYSA-N,1994,Ki,7.327902
APOXKSCRLNZDPC-UHFFFAOYSA-N,2002,Ki,5.619789
APOXKSCRLNZDPC-UHFFFAOYSA-N,2002,Ki,5.468521
APPBBNWLWVQQTF-UHFFFAOYSA-N,2008,Ki,3.943095
APQHSBNBSWHBSZ-KESTWPANSA-N,2022,Ki,6.657577
APQWXABKECJSIH-UHFFFAOYSA-N,2021,IC50,8.419988
APQWXABKECJSIH-UHFFFAOYSA-N,2021,EC50,9.430041
APQZNYUJNUPOMI-UHFFFAOYSA-N,2023,Ki,5.682146
APSSHASNQVGROU-UHFFFAOYSA-N,2022,Ki,6.809668
APSWOEYPVXOOHK-UHFFFAOYSA-N,1997,Ki,5.431798
APSWOEYPVXOOHK-UHFFFAOYSA-N,2021,Ki,5.431798
APWVCSUULJAZPB-UHFFFAOYSA-N,2019,IC50,5.966576
APXWTOJVYSVWJO-UHFFFAOYSA-N,2016,Ki,5.899998
APXWTOJVYSVWJO-UHFFFAOYSA-N,2019,Ki,5.980053
APXWTOJVYSVWJO-UHFFFAOYSA-N,2020,Ki,5.980053
AQCPIJGBSDFUKW-CVKSISIWSA-N,2017,Ki,9.040959
AQCPIJGBSDFUKW-CVKSISIWSA-N,2017,Ki,9.008774
AQCPIJGBSDFUKW-CVKSISIWSA-N,2017,Ki,9.173925
AQCPIJGBSDFUKW-CVKSISIWSA-N,2017,Ki,9.022276
AQCPIJGBSDFUKW-CVKSISIWSA-N,2017,EC50,6.958607
AQCPIJGBSDFUKW-CVKSISIWSA-N,2017,EC50,6.958607
AQCPIJGBSDFUKW-CVKSISIWSA-N,2017,EC50,6.585027
AQEGXNBQOSKLDA-UHFFFAOYSA-N,2017,Ki,6.472370
AQEGXNBQOSKLDA-UHFFFAOYSA-N,2018,Ki,6.472370
AQHZNVAMLJSYRQ-UHFFFAOYSA-N,2009,Ki,4.585027
AQHZNVAMLJSYRQ-UHFFFAOYSA-N,2009,Ki,4.244125
AQINCVNJJDJAMA-UHFFFAOYSA-N,2016,Ki,6.799998
AQINCVNJJDJAMA-UHFFFAOYSA-N,2019,Ki,6.809668
AQINCVNJJDJAMA-UHFFFAOYSA-N,2020,Ki,6.809668
AQIVLQPOLXWQOZ-UHFFFAOYSA-N,2020,IC50,6.391474
AQKFTLWWZGTUKW-FPYGCLRLSA-N,1994,Ki,8.013228
AQKFTLWWZGTUKW-FPYGCLRLSA-N,1994,Ki,6.262013
AQKLZOVNXYAGDW-UHFFFAOYSA-N,2017,Ki,5.554707
AQKLZOVNXYAGDW-UHFFFAOYSA-N,2018,Ki,5.554707
AQLFNWINMCVDSP-QAQDUYKDSA-N,2023,Ki,7.573489
AQMPTYUVSBXZPZ-UHFFFAOYSA-N,2008,IC50,5.686133
AQPYEVVJFZDJNJ-AWEZNQCLSA-N,2009,Ki,7.100015
AQPYEVVJFZDJNJ-AWEZNQCLSA-N,2009,Ki,7.100015
AQQFXOLTZFTABW-UHFFFAOYSA-N,2009,Ki,6.835647
AQSVMVNGAJNPNB-UHFFFAOYSA-N,2019,Ki,7.522879
AQZKOCOTDHBMJV-HNNHSTSXSA-N,2001,Ki,6.699992
ARBGOYBLJNKIDA-UHFFFAOYSA-N,2016,IC50,7.522879
ARBMCJMFENZVMO-UHFFFAOYSA-N,2006,Ki,6.081970
AREYZFZATPKFNP-UHFFFAOYSA-N,2010,Ki,7.700057
ARLJJBVYIOLHMS-UHFFFAOYSA-N,2020,Ki,6.665546
AROFXNYQCSFIME-AOYPEHQESA-N,2019,Ki,5.413413
AROYESYOAIFFDX-UHFFFAOYSA-N,2013,Ki,7.769551
ARPHSPFYEOAIMK-UHFFFAOYSA-N,2015,Ki,8.346787
ARPHSPFYEOAIMK-UHFFFAOYSA-N,2015,EC50,8.070581
ARSLLTCMIOZESX-PNYWAOBFSA-N,2016,Ki,5.870001
ARTYMOMXSPBDNS-ULQDDVLXSA-N,2023,Ki,5.795880
ARWONURFSGKTJW-UHFFFAOYSA-N,2012,Ki,6.546682
ARWONURFSGKTJW-UHFFFAOYSA-N,2014,Ki,6.546682
ARXBAOIZXCCQAV-UHFFFAOYSA-N,2016,Ki,6.399997
ARXBAOIZXCCQAV-UHFFFAOYSA-N,2019,Ki,6.359519
ARXBAOIZXCCQAV-UHFFFAOYSA-N,2020,Ki,6.359519
ARXSWHRTJLWTMT-AQYVVDRMSA-N,1997,Ki,7.920819
ARZYDJJAHRASCM-UHFFFAOYSA-N,1996,Ki,5.597051
ASBHLQBMEPLWID-CQSZACIVSA-N,2022,Ki,7.130768
ASBHLQBMEPLWID-UHFFFAOYSA-N,2022,Ki,7.050610
ASDWXTMCEWAFKT-UHFFFAOYSA-N,2019,IC50,7.889410
ASFIQZWALJTDCY-PMERELPUSA-N,2021,Ki,5.761954
ASFIQZWALJTDCY-UHFFFAOYSA-N,2021,Ki,6.299296
ASFIQZWALJTDCY-UHFFFAOYSA-N,2021,Ki,7.028260
ASFLUVKXUIJMQA-UHFFFAOYSA-N,2010,Ki,7.610834
ASGPPKHUWWRTLM-UHFFFAOYSA-N,1999,Ki,5.468521
ASGPPKHUWWRTLM-UHFFFAOYSA-N,1999,Ki,5.494850
ASHWMUDXSKLTCD-UHFFFAOYSA-N,2020,Ki,6.259637
ASINOPIKMGWLQS-UHFFFAOYSA-N,1999,Ki,6.399997
ASINOPIKMGWLQS-UHFFFAOYSA-N,1997,Ki,6.399997
ASIVKNFHWJVQGI-UHFFFAOYSA-N,2020,Ki,6.769551
ASIVKNFHWJVQGI-UHFFFAOYSA-N,2022,Ki,6.769551
ASKCQUQTSBOXCM-UHFFFAOYSA-N,2007,Ki,7.583359
ASKCQUQTSBOXCM-UHFFFAOYSA-N,2007,EC50,7.464706
ASMHEURTLBOCKH-HZHRSRAPSA-N,2007,Ki,5.619789
ASMWBPNCBDZFBV-UHFFFAOYSA-N,2020,Ki,3.806875
ASRDPULQBHFPGU-WFIHMLKPSA-N,2007,IC50,6.000000
ASSMUHYHXZFLKM-UHFFFAOYSA-N,2017,Ki,6.958607
ASSMUHYHXZFLKM-UHFFFAOYSA-N,2017,Ki,7.167491
ASXGAOFCKGHGMF-UHFFFAOYSA-N,1985,IC50,16.397940
ASXGJMSKWNBENU-CQSZACIVSA-N,1993,Ki,7.031517
ASXGJMSKWNBENU-CQSZACIVSA-N,2000,Ki,6.086716
ASXGJMSKWNBENU-CQSZACIVSA-N,1995,Ki,7.045757
ASXGJMSKWNBENU-UHFFFAOYSA-N,1993,Ki,5.489053
ASXGJMSKWNBENU-UHFFFAOYSA-N,1993,Ki,7.065502
ASXGJMSKWNBENU-UHFFFAOYSA-N,1997,Ki,7.075721
ASXGJMSKWNBENU-UHFFFAOYSA-N,1993,Ki,7.065502
ASYRWYXXPRLTPR-UHFFFAOYSA-N,2017,Ki,7.408935
ASYRWYXXPRLTPR-UHFFFAOYSA-N,2017,Ki,7.677781
ATBHOQNWZSXLBZ-UHFFFAOYSA-N,2015,Ki,6.920819
ATCJEKKXEJVYOB-UHFFFAOYSA-N,2006,Ki,7.886057
ATCJEKKXEJVYOB-UHFFFAOYSA-N,2006,Ki,9.259637
ATCJEKKXEJVYOB-UHFFFAOYSA-N,2007,Ki,7.886057
ATCJEKKXEJVYOB-UHFFFAOYSA-N,2008,Ki,7.890084
ATCJEKKXEJVYOB-UHFFFAOYSA-N,2009,Ki,7.886057
ATEBFGWCGSVURN-UHFFFAOYSA-N,2019,Ki,8.154902
ATFLUEAKGONIBT-QAQDUYKDSA-N,2013,Ki,7.369979
ATHCQCSSVYPJIN-SAIGFBBZSA-N,2013,Ki,6.300509
ATHTVOQAJYMAOW-IGGCZAQCSA-N,2020,Ki,6.537602
ATHTVOQAJYMAOW-IGGCZAQCSA-N,2022,Ki,6.537602
ATLSVLPVZPFHBU-ONRAHDBNSA-N,2000,Ki,6.799998
ATMCUVOQKLCNNV-UHFFFAOYSA-N,2021,Ki,7.236572
ATMVGYLFYGIYDI-UHFFFAOYSA-N,2016,Ki,7.468521
ATOMZLGTVBAGNB-UHFFFAOYSA-N,2015,Ki,7.161151
ATPCXZFSRSVMMW-UHFFFAOYSA-N,2021,EC50,8.142668
ATYMQRVAORCECA-GORDUTHDSA-N,2020,Ki,6.917215
AUBNLLGXUCCYFZ-UHFFFAOYSA-N,1996,Ki,5.826231
AUBVMUJWPOHAEW-UHFFFAOYSA-N,2007,Ki,6.470005
AUCTYGBZIOGIIA-UHFFFAOYSA-N,1997,Ki,6.331614
AUCTYGBZIOGIIA-UHFFFAOYSA-N,2005,Ki,7.309981
AUENKTRXUKDSTC-PBHICJAKSA-N,1999,Ki,6.397940
AUFOWYXFFKBIDT-UHFFFAOYSA-N,1999,Ki,7.000000
AUFYUVRAGQWUOT-UHFFFAOYSA-N,2020,Ki,6.515700
AUFYUVRAGQWUOT-UHFFFAOYSA-N,2022,Ki,6.515700
AUKPHAAWNDZREH-UHFFFAOYSA-N,2006,Ki,5.705754
AUKXTTDRFKLJIH-UHFFFAOYSA-N,2000,Ki,5.628932
AUKXTTDRFKLJIH-UHFFFAOYSA-N,2002,Ki,5.628932
AULLQWYKPQXXNM-UHFFFAOYSA-N,2017,Ki,5.393189
AULLQWYKPQXXNM-UHFFFAOYSA-N,2018,Ki,5.393189
AUMIZIKCBYPWJM-UHFFFAOYSA-N,2010,Ki,7.332547
AUNMRXBRTMEOSJ-MGFGWZDJSA-N,2003,Ki,6.199998
AUOJOHFXEIGMEC-WGSAOQKQSA-N,2013,Ki,7.980053
AUOJYDWOWNCBRK-UHFFFAOYSA-N,2017,Ki,5.509761
AUOJYDWOWNCBRK-UHFFFAOYSA-N,2018,Ki,5.509761
AUOXZICNYGBVPT-UHFFFAOYSA-N,2010,Ki,8.602060
AUQCZPJCGAJBRC-UHFFFAOYSA-N,1994,Ki,5.966979
AUQZROKGNYIFMG-UHFFFAOYSA-N,2005,Ki,6.154902
AUSFXKQDZJPCTA-UHFFFAOYSA-N,2017,IC50,8.040959
AUVKPZIQUZLIFO-UHFFFAOYSA-N,2022,Ki,5.949999
AUZONCFQVSMFAP-UHFFFAOYSA-N,,IC50,4.637932
AUZONCFQVSMFAP-UHFFFAOYSA-N,,Ki,5.115035
AVBOEALXXMIBAR-WGSAOQKQSA-N,2020,Ki,6.721246
AVBOEALXXMIBAR-WGSAOQKQSA-N,2022,Ki,6.721246
AVHWSQKJWQBOIR-XUTJKUGGSA-N,2014,Ki,7.335546
AVIOZEGAUFSOTR-UHFFFAOYSA-N,2008,Ki,8.920819
AVIOZEGAUFSOTR-UHFFFAOYSA-N,2008,Ki,7.004365
AVJAAHWPEDARHN-MXVIHJGJSA-N,2013,Ki,6.388702
AVKICTLBRHZUTM-UHFFFAOYSA-N,2016,Ki,7.619789
AVKICTLBRHZUTM-UHFFFAOYSA-N,2016,Ki,7.619970
AVPWRHUUQUMMJK-INIZCTEOSA-N,2020,Ki,7.000000
AVPWRHUUQUMMJK-MRXNPFEDSA-N,2020,Ki,7.250032
AVTONHYDPSFOLQ-UHFFFAOYSA-N,2010,Ki,6.599998
AVTONHYDPSFOLQ-UHFFFAOYSA-N,2010,Ki,6.900009
AVUWEGVPHVPZJZ-MRXNPFEDSA-N,2020,EC50,5.589999
AVUWEGVPHVPZJZ-MRXNPFEDSA-N,2020,EC50,5.591590
AVUWEGVPHVPZJZ-MRXNPFEDSA-N,2020,IC50,5.440000
AVUWEGVPHVPZJZ-MRXNPFEDSA-N,2020,IC50,5.440213
AVWMISMTBOIUJI-UAPYVXQJSA-N,2022,Ki,6.455932
AVXGCGYACIYZAR-INIZCTEOSA-N,1989,Ki,5.729999
AVXGCGYACIYZAR-MRXNPFEDSA-N,1989,Ki,4.720000
AVYIORKUKBQLOA-WGSAOQKQSA-N,2013,Ki,5.858582
AWAXPOLEGZALIG-FQEVSTJZSA-N,2005,Ki,5.886057
AWFDCTXCTHGORH-HGHGUNKESA-N,2008,Kd,7.250032
AWFDCTXCTHGORH-HGHGUNKESA-N,2009,Kd,7.250032
AWFGXHAQIOOJCD-UHFFFAOYSA-N,2020,Ki,5.128427
AWFNYCNUUWNEDD-UHFFFAOYSA-O,2023,IC50,5.853872
AWHNHDGHHNGACT-UHFFFAOYSA-N,1994,Ki,6.823909
AWIYLVWAILOVMX-RLAPIPATSA-N,2012,Ki,7.657577
AWIYLVWAILOVMX-UHFFFAOYSA-N,2014,Ki,7.657577
AWJOAMPQOUEKCN-KDYSTLNUSA-N,2010,Ki,6.199998
AWJUFRDAWDELNC-UHFFFAOYSA-N,2019,Kd,7.179996
AWJUFRDAWDELNC-UHFFFAOYSA-N,2019,Ki,7.209996
AWKDBQYMZZKKJX-UHFFFAOYSA-N,2009,Ki,5.931814
AWLLDUFWUOASGN-UHFFFAOYSA-N,2019,Ki,6.129011
AWROKCIGUWAVRF-UHFFFAOYSA-N,2010,Ki,6.142065
AWROKCIGUWAVRF-UHFFFAOYSA-N,2010,Ki,7.161151
AWSNADYOKQXJRZ-BTNBVRMJSA-N,2016,Ki,5.770001
AWTSHTNAYPKBLJ-JKIUYZKVSA-N,2014,Ki,6.521145
AWUWWSPJQVWBIM-HHHXNRCGSA-N,2010,Ki,6.258061
AWWFUJHGYZGUBS-UHFFFAOYSA-N,2020,EC50,5.366532
AWWFUJHGYZGUBS-UHFFFAOYSA-N,2020,IC50,6.128427
AWWFUJHGYZGUBS-UHFFFAOYSA-N,2023,EC50,5.366532
AWWFUJHGYZGUBS-UHFFFAOYSA-N,2023,IC50,6.128427
AWWFUJHGYZGUBS-UHFFFAOYSA-N,2023,EC50,5.366532
AWWFUJHGYZGUBS-UHFFFAOYSA-N,2023,IC50,6.128427
AWYHXTJQEWRWOA-UHFFFAOYSA-N,2014,Ki,5.769551
AWYHXTJQEWRWOA-UHFFFAOYSA-N,2014,Ki,5.770001
AXDIUCNCCQGFAR-UHFFFAOYSA-N,2012,Ki,8.022276
AXDZGPVPBMNCMT-UHFFFAOYSA-N,2008,Ki,7.657577
AXEPKFMEASEADG-UHFFFAOYSA-N,2015,Ki,6.568636
AXFCFTMMGTUXSG-XYWHTSSQSA-N,2017,Ki,8.010550
AXFCFTMMGTUXSG-XYWHTSSQSA-N,2017,Ki,8.010550
AXJMLTACSVSDBA-DAFNUICNSA-N,2006,Ki,6.785156
AXJOWWAHGHUVEF-UHFFFAOYSA-N,2019,Ki,5.106571
AXJOWWAHGHUVEF-UHFFFAOYSA-N,2019,IC50,4.348393
AXJOWWAHGHUVEF-UHFFFAOYSA-N,2019,IC50,4.049864
AXKQMRWGFVRLJB-UHFFFAOYSA-N,2023,Ki,7.782516
AXKQMRWGFVRLJB-UHFFFAOYSA-N,2023,Ki,7.779892
AXKQMRWGFVRLJB-UHFFFAOYSA-N,2023,EC50,7.946922
AXKQMRWGFVRLJB-UHFFFAOYSA-N,2023,EC50,7.940058
AXOOPBWOJVOGHK-UHFFFAOYSA-N,2010,Ki,7.991400
AXPMHZJZVFNEBY-KRWDZBQOSA-N,1997,Ki,6.149354
AXPMHZJZVFNEBY-QGZVFWFLSA-N,1997,Ki,6.612610
AXPMHZJZVFNEBY-UHFFFAOYSA-N,1997,Ki,6.040482
AXPPZNGPLKJAFR-ICSRJNTNSA-N,2003,Ki,7.853872
AXPWNFAVTPIWHV-HATOLVCRSA-N,2008,Ki,7.476254
AXPWNFAVTPIWHV-HATOLVCRSA-N,2008,IC50,7.316053
AXPWNFAVTPIWHV-HATOLVCRSA-N,2009,Ki,6.795066
AXPYIOMRILIFDB-UHFFFAOYSA-N,2013,IC50,5.096910
AXPYIOMRILIFDB-UHFFFAOYSA-N,2013,Ki,5.301030
AXWHEAPHZLQQJC-JCNLHEQBSA-N,2023,Ki,5.698970
AXXFMVNEFOELFG-LBEPJEHYSA-N,2020,Ki,6.244125
AXXFMVNEFOELFG-LBEPJEHYSA-N,2022,Ki,6.244125
AXXQKOQTXHLIQM-UHFFFAOYSA-N,2017,Ki,5.193481
AXXQKOQTXHLIQM-UHFFFAOYSA-N,2018,Ki,5.193481
AXXXFCGETBIMKI-UHFFFAOYSA-N,1997,Ki,6.557520
AXXXFCGETBIMKI-UHFFFAOYSA-N,2005,Ki,6.560005
AXZLMPRGGDXHFB-UHFFFAOYSA-N,2023,Ki,5.769551
AYAGATABYZSYEZ-FCMXBYMOSA-N,2014,Ki,6.461954
AYASVQUVBANNHG-UHFFFAOYSA-N,2015,Ki,5.124939
AYDICYGRWUFLHA-UHFFFAOYSA-N,1991,Ki,9.180456
AYDQEBMCUGUQLW-UHFFFAOYSA-N,2010,Ki,6.399997
AYFPLBIYHZLNPS-UHFFFAOYSA-N,2010,Ki,8.080922
AYGLZYIWAZBQDC-UHFFFAOYSA-N,2005,Ki,8.327902
AYHUGSDYEPBTFK-UHFFFAOYSA-N,2001,Ki,7.207608
AYKNCXDOPYPPJV-UHFFFAOYSA-N,2021,Ki,6.555955
AYKZPDMOUBNSMP-UHFFFAOYSA-N,2016,Ki,5.858550
AYLLMRKBBYQUGB-UHFFFAOYSA-N,2002,Ki,6.009217
AYLXMRANIJQFSE-UHFFFAOYSA-N,2018,IC50,6.265200
AYOYRQBAZIBAOY-UHFFFAOYSA-N,2011,Ki,8.585027
AYPVCAPOVVHYNK-XGAFWQRZSA-N,2014,Ki,6.819874
AYPZPRUFAPTKJJ-UHFFFAOYSA-N,2007,Ki,7.494850
AYQGEWALVNGKIC-AQYVVDRMSA-N,2014,Ki,7.744486
AYQVGSWWMXHYHH-GOSISDBHSA-N,2010,Ki,8.602060
AYSGDGVMVFJUQY-JKIUYZKVSA-N,2014,Ki,7.428058
AYTNWERJAAXIPL-UHFFFAOYSA-N,2002,Ki,4.251812
AYTNWERJAAXIPL-UHFFFAOYSA-N,2002,Ki,4.102373
AYYCFGDXLUPJAQ-UHFFFAOYSA-N,2005,Ki,7.853872
AYZRIKBBHZCKTA-UHFFFAOYSA-N,2017,Ki,5.287182
AZAYZAMZAPQNBH-UHFFFAOYSA-N,2006,Ki,6.619789
AZDUCQAJTYHBKO-UHFFFAOYSA-N,2007,Ki,7.230623
AZFCGGUCEYWFCK-CQSZACIVSA-N,1996,Ki,6.709965
AZFDKPLHCSQHQI-LUGTWXOSSA-N,2013,Ki,6.480789
AZGSWFQAJQTIDP-UHFFFAOYSA-N,1997,Ki,6.928118
AZHWBKISPLORGA-UHFFFAOYSA-N,2007,Ki,6.799998
AZJRPMAIBIEISW-TZMCWYRMSA-N,1997,Ki,6.000000
AZKKMMRAFWUBCN-UHFFFAOYSA-N,2011,Ki,5.237246
AZLZBFGPTAMGJG-UHFFFAOYSA-N,2017,Ki,4.425055
AZMODJDXZVARNU-UHFFFAOYSA-N,2019,Ki,7.903090
AZNYLBLMCWHLSK-UHFFFAOYSA-N,2023,Ki,4.853872
AZNYLBLMCWHLSK-UHFFFAOYSA-N,2023,EC50,2.744727
AZNYLBLMCWHLSK-UHFFFAOYSA-N,2023,IC50,4.935542
AZORJLGCYRQCSX-UHFFFAOYSA-N,2009,Ki,7.000000
AZPBLAHLAZJEKV-UHFFFAOYSA-N,1996,Ki,5.500000
AZQFGKSDCVQAHH-IYARVYRRSA-N,2013,Ki,6.153354
AZROEFQJTPGYDS-UHFFFAOYSA-N,2019,Ki,6.183096
AZSVWQHBZVBKES-BJKOFHAPSA-N,2023,Ki,7.853872
AZTUVZSKZZUSFU-SNAWJCMRSA-N,2011,Ki,7.227678
AZXRALDDIQIHKZ-UHFFFAOYSA-N,2010,Ki,7.453457
AZXRALDDIQIHKZ-UHFFFAOYSA-N,2016,Ki,7.450016
AZZXYTBUUQBLGH-AOYPEHQESA-N,2021,Ki,6.192465
BABHTWLYCQUAQX-UHFFFAOYSA-N,2020,IC50,6.084336
BADALEVDXACSLP-UHFFFAOYSA-N,2016,Ki,6.866461
BADZIIJBCNPURN-GCJKJVERSA-N,2016,Ki,6.069999
BAGJQDYWVPCFCU-UHFFFAOYSA-N,2004,Ki,7.229148
BAGJQDYWVPCFCU-UHFFFAOYSA-N,2004,Ki,7.568636
BAIQIYFEFBFWGO-UHFFFAOYSA-N,2020,Ki,5.336676
BAIXKGAZCOGILC-UHFFFAOYSA-N,2020,Ki,6.543634
BAIXKGAZCOGILC-UHFFFAOYSA-N,2022,Ki,6.543634
BAJOTSCRNKRKED-UHFFFAOYSA-N,2000,Ki,6.301030
BARYHSADJVEXIX-HXUWFJFHSA-N,1994,Ki,7.657577
BATHQYAQIQGDNM-UHFFFAOYSA-N,1999,Ki,7.251812
BAWYBBXTSLJQTI-AQYVVDRMSA-N,2017,Ki,8.772113
BAWYBBXTSLJQTI-AQYVVDRMSA-N,2017,Ki,8.772113
BAWYBBXTSLJQTI-GRGXKFILSA-N,2017,Ki,8.749580
BAWYBBXTSLJQTI-GRGXKFILSA-N,2017,Ki,8.749580
BBDIXZOHZUWSDY-UHFFFAOYSA-N,2023,Ki,9.920819
BBDIXZOHZUWSDY-UHFFFAOYSA-N,2023,Ki,9.890084
BBDIXZOHZUWSDY-UHFFFAOYSA-N,2023,EC50,9.886057
BBDIXZOHZUWSDY-UHFFFAOYSA-N,2023,EC50,9.910095
BBDIXZOHZUWSDY-UHFFFAOYSA-N,2023,EC50,9.657577
BBDIXZOHZUWSDY-UHFFFAOYSA-N,2023,EC50,9.649946
BBDKMDPFSHNKJZ-UHFFFAOYSA-N,2012,Ki,6.568636
BBDKMDPFSHNKJZ-UHFFFAOYSA-N,2012,Ki,6.853872
BBDWOUJEDFUXFI-UHFFFAOYSA-N,2019,Ki,8.508638
BBIXFEYHANJCTO-UHFFFAOYSA-N,2006,Ki,6.439854
BBKTWQKIEOQFST-UHFFFAOYSA-N,2020,Ki,4.790003
BBLSPFIVZYOCKM-UHFFFAOYSA-N,1992,Ki,8.173925
BBOKZSYVAQYXBY-UHFFFAOYSA-N,2012,Ki,7.173925
BBOKZSYVAQYXBY-UHFFFAOYSA-N,2012,Ki,7.494850
BBOLFHOXGYMYNL-UOSHHOJOSA-N,2015,Ki,6.699839
BBXOOHQXEJHYOD-UHFFFAOYSA-N,2020,Ki,6.365523
BCFBGMFQLQASNB-UHFFFAOYSA-N,1996,Ki,5.244735
BCGWQEUPMDMJNV-UHFFFAOYSA-N,2004,Ki,6.139063
BCGWQEUPMDMJNV-UHFFFAOYSA-N,2013,IC50,6.387216
BCMNXZCLONGCPJ-UHFFFAOYSA-N,2019,Ki,7.821023
BCPXPZBIZDMKQR-UHFFFAOYSA-N,2022,Ki,7.096910
BCQDQVRXJROXMU-UHFFFAOYSA-N,2019,IC50,8.974694
BCQDQVRXJROXMU-UHFFFAOYSA-N,2019,IC50,9.494850
BCTPODDQZONFKA-AWEZNQCLSA-N,1997,Ki,7.113509
BCTPODDQZONFKA-CQSZACIVSA-N,1997,Ki,8.154902
BCTPODDQZONFKA-UHFFFAOYSA-N,1997,Ki,8.283997
BCTUVZJFJIFLND-GJZUVCINSA-N,2016,Ki,6.329995
BCUKGZFJMQMVDC-UHFFFAOYSA-N,2023,IC50,6.356547
BDDILKIYGPCTCK-PKNBQFBNSA-N,2003,Ki,7.677781
BDHDIEVXYUODTG-XYWHTSSQSA-N,1998,Ki,8.327902
BDJQYVCQQJQNCR-QGZVFWFLSA-N,2022,Ki,6.835647
BDMMOLFSGXCWJJ-UHFFFAOYSA-N,2020,Ki,7.799971
BDPXTGHWVMUJCT-OAQYLSRUSA-N,2000,Ki,6.399997
BDRBUIOJOVVPMF-UHFFFAOYSA-N,2015,Ki,8.318759
BDRPLVMDSVQGDO-UZLBHIALSA-N,1999,Ki,5.443697
BDUVGZUKNGPFEZ-UHFFFAOYSA-N,2021,Ki,5.904482
BDVZIVZVOKPJKK-UHFFFAOYSA-N,2022,Ki,6.785156
BDYFUDKVHWMALQ-UHFFFAOYSA-N,2004,Ki,7.017729
BEDKCFOHYKZSPB-UHFFFAOYSA-N,2016,IC50,7.774691
BEGUVTFMDVOUIM-UHFFFAOYSA-N,2020,IC50,8.823909
BEKOHGQOLPINNR-AWEZNQCLSA-N,2020,IC50,6.499997
BEKOHGQOLPINNR-AWEZNQCLSA-N,2020,IC50,6.471726
BEKOHGQOLPINNR-AWEZNQCLSA-N,2020,IC50,6.439998
BEKOHGQOLPINNR-AWEZNQCLSA-N,2020,IC50,6.437469
BEKOHGQOLPINNR-CQSZACIVSA-N,2020,EC50,7.260032
BEKOHGQOLPINNR-CQSZACIVSA-N,2020,EC50,7.256725
BEKOHGQOLPINNR-CQSZACIVSA-N,2020,IC50,7.519993
BEKOHGQOLPINNR-CQSZACIVSA-N,2020,IC50,7.517841
BEKOHGQOLPINNR-CQSZACIVSA-N,2020,IC50,9.910095
BEKOHGQOLPINNR-CQSZACIVSA-N,2020,IC50,9.906578
BEKYXSCBRPYPCE-IRJFHVNHSA-N,1998,Ki,6.958607
BELDCHWNXBXUAP-FWNKOSSWSA-N,2020,Ki,6.070581
BELDCHWNXBXUAP-FWNKOSSWSA-N,2022,Ki,6.070581
BETHXCLHMRGYBW-UHFFFAOYSA-N,2006,Ki,7.291579
BETHXCLHMRGYBW-UHFFFAOYSA-N,2006,Ki,6.310691
BETHXCLHMRGYBW-UHFFFAOYSA-N,2008,Ki,6.310336
BETHXCLHMRGYBW-UHFFFAOYSA-N,2008,Ki,7.291579
BETHXCLHMRGYBW-UHFFFAOYSA-N,2009,Ki,7.481486
BETWUWMSXSUSED-UHFFFAOYSA-N,2005,Ki,7.744727
BEVNTRQRKQFZTA-UCWUDVSLSA-N,2014,Ki,6.242278
BEYHWKKZIDOJLS-LOSJGSFVSA-N,2023,Ki,6.070070
BEYYMPWIMDYWDO-UHFFFAOYSA-N,2012,Ki,7.537602
BEYYMPWIMDYWDO-UHFFFAOYSA-N,2012,Ki,8.193820
BEZZGCHAIFWOPE-IBGZPJMESA-N,2012,IC50,5.937305
BEZZGCHAIFWOPE-IBGZPJMESA-N,2012,Ki,6.650509
BEZZGCHAIFWOPE-IBGZPJMESA-N,2016,Ki,6.650509
BEZZGCHAIFWOPE-IBGZPJMESA-N,2016,IC50,5.937305
BEZZGCHAIFWOPE-IBGZPJMESA-N,2016,EC50,4.790753
BEZZGCHAIFWOPE-UHFFFAOYSA-N,2016,EC50,4.806597
BFEBCARFUOTNPA-UHFFFAOYSA-N,1993,Ki,4.698970
BFHHRFYYBLXMIN-KESTWPANSA-N,2014,Ki,7.036684
BFHVQDBLFZYJPG-HNNXBMFYSA-N,2004,Ki,6.617983
BFIAPIAYPVHYPQ-UHFFFAOYSA-N,2008,Ki,6.799998
BFIOLCNMADQXRL-XUTJKUGGSA-N,2014,Ki,6.422853
BFLDMZUQHIXFAK-UHFFFAOYSA-N,2021,Ki,8.585027
BFNRVMJMTPNWFK-UHFFFAOYSA-N,2007,Ki,6.946922
BFNRVMJMTPNWFK-UHFFFAOYSA-N,2021,Ki,6.946922
BFOVLXRLGAVDCG-UHFFFAOYSA-N,2018,IC50,7.070581
BFRFRAXXCWCEGC-UHFFFAOYSA-N,2020,Ki,5.931814
BFRFRAXXCWCEGC-UHFFFAOYSA-N,2022,Ki,5.931814
BFTXVLUTUUBYLQ-UHFFFAOYSA-N,1994,Ki,6.283997
BFTXVLUTUUBYLQ-UHFFFAOYSA-N,1994,Ki,6.102373
BFTXVLUTUUBYLQ-UHFFFAOYSA-N,1994,Ki,6.244125
BFTXVLUTUUBYLQ-UHFFFAOYSA-N,1995,Ki,6.244125
BFUWELKZXWVMDB-UHFFFAOYSA-N,2019,Ki,6.473661
BFYYVQSKMOOSPC-CQSZACIVSA-N,2018,Ki,6.476254
BGBRLHVYFFIIIM-JCTBFJPBSA-N,2023,Ki,6.619789
BGCTWVTVIOEIPP-UHFFFAOYSA-N,2015,Ki,7.568636
BGDWIZDSYFKVEK-UHFFFAOYSA-N,2017,Ki,7.011441
BGDWIZDSYFKVEK-UHFFFAOYSA-N,2018,Ki,7.011441
BGDWLXHOUQZPOK-UKRRQHHQSA-N,1997,Ki,6.399997
BGEAJJAWRXRQLO-UHFFFAOYSA-N,1997,Ki,9.100015
BGEAJJAWRXRQLO-UHFFFAOYSA-N,1996,Ki,9.100015
BGFVFXZNFOMPQT-UHFFFAOYSA-N,1993,Ki,5.376751
BGJDVOKZOHLJPT-UHFFFAOYSA-N,1999,Ki,6.193820
BGJKTPLCXOXWJT-UHFFFAOYSA-N,1993,Ki,5.684030
BGJXBVUWLFEJNM-BVHINDKJSA-N,2019,Ki,6.970616
BGJXBVUWLFEJNM-CVDCTZTESA-N,2016,Ki,6.199998
BGJXBVUWLFEJNM-XXBNENTESA-N,2016,Ki,6.279998
BGJXBVUWLFEJNM-XXBNENTESA-N,2016,Ki,6.970008
BGKKQDRMVVBUET-UHFFFAOYSA-N,2009,Ki,6.699992
BGLYKONMLBFSGK-SFHVURJKSA-N,2012,IC50,6.099999
BGMDLAIZBKXVQQ-SECBINFHSA-N,1997,Ki,6.449772
BGMQCQHMPBHOMK-UHFFFAOYSA-N,2012,Ki,6.568636
BGMQCQHMPBHOMK-UHFFFAOYSA-N,2012,Ki,6.552842
BGOQGUHWXBGXJW-RHSMWYFYSA-N,1998,Ki,5.769551
BGOQGUHWXBGXJW-RHSMWYFYSA-N,1995,Ki,5.818156
BGOQGUHWXBGXJW-RHSMWYFYSA-N,1995,EC50,5.793174
BGOQGUHWXBGXJW-RHSMWYFYSA-N,1999,Ki,5.818156
BGOQGUHWXBGXJW-RHSMWYFYSA-N,2006,Ki,6.619789
BGOQGUHWXBGXJW-RHSMWYFYSA-N,2009,Ki,5.583859
BGOQGUHWXBGXJW-RHSMWYFYSA-N,2012,Ki,7.236572
BGQYARRWAJPAOC-KJDSRRNHSA-N,2023,Ki,6.721246
BGRFOPBDZYUOMJ-CTNGQTDRSA-N,2019,Ki,5.890084
BGRFOPBDZYUOMJ-CTNGQTDRSA-N,2020,Ki,5.890084
BGRFOPBDZYUOMJ-PZJWPPBQSA-N,2019,Ki,5.809949
BGRFOPBDZYUOMJ-PZJWPPBQSA-N,2020,Ki,5.809949
BGRFOPBDZYUOMJ-UHFFFAOYSA-N,2016,Ki,6.699992
BGRFOPBDZYUOMJ-UHFFFAOYSA-N,2016,Ki,6.099999
BGRFOPBDZYUOMJ-UHFFFAOYSA-N,2016,Ki,6.599998
BGRFOPBDZYUOMJ-UHFFFAOYSA-N,2019,Ki,6.030118
BGRFOPBDZYUOMJ-UHFFFAOYSA-N,2020,Ki,6.030118
BGRJTUBHPOOWDU-NSHDSACASA-N,2000,Ki,6.920819
BGRJTUBHPOOWDU-NSHDSACASA-N,2000,Ki,7.292430
BGRJTUBHPOOWDU-NSHDSACASA-N,1985,IC50,16.698970
BGRJTUBHPOOWDU-NSHDSACASA-N,1999,Ki,6.920819
BGRJTUBHPOOWDU-NSHDSACASA-N,1999,Ki,7.292430
BGRJTUBHPOOWDU-NSHDSACASA-N,,IC50,6.892790
BGRJTUBHPOOWDU-NSHDSACASA-N,,Ki,7.366532
BGRJTUBHPOOWDU-UHFFFAOYSA-N,2005,Ki,6.920819
BGRJTUBHPOOWDU-UHFFFAOYSA-N,2011,IC50,7.988007
BGRJTUBHPOOWDU-UHFFFAOYSA-N,,IC50,6.688246
BGRJTUBHPOOWDU-UHFFFAOYSA-N,,Ki,7.167491
BGRJTUBHPOOWDU-UHFFFAOYSA-N,2011,Ki,8.119186
BGRJTUBHPOOWDU-UHFFFAOYSA-N,2017,Kd,8.550059
BGRJTUBHPOOWDU-UHFFFAOYSA-N,2020,IC50,7.376751
BGRJTUBHPOOWDU-UHFFFAOYSA-N,2021,Ki,8.008774
BGSFWUHHMGJEBX-UHFFFAOYSA-N,2023,Ki,6.369572
BGSFWUHHMGJEBX-UHFFFAOYSA-N,2023,EC50,3.642065
BGSFWUHHMGJEBX-UHFFFAOYSA-N,2023,IC50,5.585027
BGSFWUHHMGJEBX-UHFFFAOYSA-N,2023,EC50,5.931814
BGSFWUHHMGJEBX-UHFFFAOYSA-N,2023,IC50,5.350665
BGXXETBYBGTKEP-UHFFFAOYSA-N,2013,Ki,5.468521
BGXXETBYBGTKEP-UHFFFAOYSA-N,2013,Ki,5.113509
BGYJOXOWJPLJPB-UHFFFAOYSA-N,2016,Ki,7.283997
BHCGEYUCUMFGQX-SNAWJCMRSA-N,2005,Ki,8.431798
BHDBAXKIQHUACJ-UHFFFAOYSA-N,2004,Ki,5.431798
BHLYRWXGMIUIHG-HNNXBMFYSA-N,2024,IC50,6.327902
BHMLBWLDIQFCIS-UHFFFAOYSA-N,2014,Ki,5.438183
BHNOYFXSDZMEGG-UHFFFAOYSA-N,2020,Ki,6.787812
BHNOYFXSDZMEGG-UHFFFAOYSA-N,2022,Ki,6.892790
BHNOYFXSDZMEGG-UHFFFAOYSA-N,2022,Ki,6.787812
BHNXJQYCDCKDKH-LAUBAEHRSA-N,2019,Ki,6.259637
BHNXJQYCDCKDKH-LAUBAEHRSA-N,2020,Ki,6.259637
BHNXJQYCDCKDKH-UHFFFAOYSA-N,2019,Ki,6.718967
BHNXJQYCDCKDKH-UHFFFAOYSA-N,2020,Ki,6.718967
BHNXJQYCDCKDKH-UTKZUKDTSA-N,2019,Ki,6.718967
BHNXJQYCDCKDKH-UTKZUKDTSA-N,2020,Ki,6.718967
BHOHPRFNAQMPCI-UHFFFAOYSA-N,2014,Ki,5.560667
BHOHPRFNAQMPCI-UHFFFAOYSA-N,2014,Ki,5.560000
BHOOKBSINOPLQS-UHFFFAOYSA-N,2022,Ki,6.585027
BHPFUCZWSRDHAY-UHFFFAOYSA-N,1999,Ki,7.279841
BHTLDHJPBYJAPF-UHFFFAOYSA-N,2016,Ki,6.896196
BHUNVFVEHNURLZ-UHFFFAOYSA-N,2007,Ki,6.417937
BHVASJSYMURYLK-UHFFFAOYSA-N,2007,Ki,7.292430
BHVASJSYMURYLK-UHFFFAOYSA-N,2007,Ki,7.638272
BHWFWVGETJBMKF-IAGOWNOFSA-N,2009,Ki,5.920002
BHXRASLIUBTTGT-JOCHJYFZSA-N,2010,Ki,5.698970
BHXTZGOVTCBSLC-UHFFFAOYSA-N,2023,Ki,5.265200
BIARYCFROFVWEW-UHFFFAOYSA-N,2006,Ki,4.721246
BIARYCFROFVWEW-UHFFFAOYSA-N,2006,Ki,4.677781
BIAZWCDUSGLQRR-QUCCMNQESA-N,2013,IC50,6.823909
BIAZWCDUSGLQRR-QUCCMNQESA-N,2013,Ki,6.879426
BIAZWCDUSGLQRR-UYAOXDASSA-N,2013,IC50,6.657577
BIAZWCDUSGLQRR-UYAOXDASSA-N,2013,Ki,7.910095
BICAEYYDSQRCOQ-UHFFFAOYSA-N,2015,EC50,7.420216
BICAEYYDSQRCOQ-UHFFFAOYSA-N,2015,EC50,7.430041
BIJSJQXDPUAQLO-UADZTWIMSA-N,2010,Ki,6.399997
BIMVUZQTSDREEH-FXAWDEMLSA-N,1999,Ki,7.500038
BIMVUZQTSDREEH-UHFFFAOYSA-N,1999,Ki,7.599980
BIMVUZQTSDREEH-XLIONFOSSA-N,1999,Ki,7.899974
BIRXIMHINOMMAU-UHFFFAOYSA-N,2004,Ki,5.823909
BIRXIMHINOMMAU-UHFFFAOYSA-N,2004,Ki,5.267606
BISVFNHMXVNVMG-UHFFFAOYSA-N,1998,Ki,6.609065
BISVFNHMXVNVMG-UHFFFAOYSA-N,1998,Ki,6.609065
BISVFNHMXVNVMG-UHFFFAOYSA-N,2010,Ki,6.939302
BISVFNHMXVNVMG-UHFFFAOYSA-N,2010,Ki,8.337242
BIWLNMBIJPTJCZ-UHFFFAOYSA-N,2012,IC50,5.048711
BIWLNMBIJPTJCZ-UHFFFAOYSA-N,2012,IC50,5.050000
BIZMGZSJEDDVNF-UHFFFAOYSA-N,2021,Ki,6.299998
BIZMGZSJEDDVNF-UHFFFAOYSA-N,2021,EC50,5.959999
BJBRHHUYMNBENN-PYCFMQQDSA-N,2006,Ki,6.655608
BJBRHHUYMNBENN-RELWKKBWSA-N,2006,Ki,6.774691
BJFGQBMRYAWEMM-UHFFFAOYSA-N,2024,Ki,5.284080
BJFLRBLSVACLLD-UHFFFAOYSA-N,2012,Ki,7.744727
BJISURBWZYFXNY-UHFFFAOYSA-N,2021,Ki,7.508638
BJLQEYLWUSSEKH-HNNXBMFYSA-N,2010,IC50,7.169989
BJMNBNCGYUOWKZ-UHFFFAOYSA-N,2023,Ki,6.268411
BJMNBNCGYUOWKZ-UHFFFAOYSA-N,2023,Ki,6.260001
BJMNBNCGYUOWKZ-UHFFFAOYSA-N,2023,EC50,6.310691
BJMNBNCGYUOWKZ-UHFFFAOYSA-N,2023,EC50,6.309999
BJMNBNCGYUOWKZ-UHFFFAOYSA-N,2023,EC50,7.373660
BJMNBNCGYUOWKZ-UHFFFAOYSA-N,2023,EC50,7.369979
BJMUZOAJZPCYCW-UHFFFAOYSA-N,1997,Ki,7.657577
BJMUZOAJZPCYCW-UHFFFAOYSA-N,2005,Ki,7.659953
BJVNWTOKTUJQCC-UHFFFAOYSA-N,2020,Ki,6.173925
BJWYIHWMKMZYRS-IBGZPJMESA-N,2003,Ki,4.537602
BJWYIHWMKMZYRS-IBGZPJMESA-N,2003,Ki,4.522879
BJWYIHWMKMZYRS-LJQANCHMSA-N,2003,Ki,4.602060
BJWYIHWMKMZYRS-LJQANCHMSA-N,2003,Ki,4.494850
BKCOTBJYDGSUFC-UHFFFAOYSA-N,1996,Ki,6.886057
BKCOTBJYDGSUFC-UHFFFAOYSA-N,1997,Ki,6.886057
BKDQVRCFIJMWOR-IBGZPJMESA-N,2002,Ki,5.626353
BKDQVRCFIJMWOR-LJQANCHMSA-N,2002,Ki,6.946922
BKDQVRCFIJMWOR-LJQANCHMSA-N,2005,IC50,6.946922
BKDQVRCFIJMWOR-LJQANCHMSA-N,2017,Ki,6.946922
BKDQVRCFIJMWOR-LJQANCHMSA-N,2021,Ki,6.946922
BKDQVRCFIJMWOR-UHFFFAOYSA-N,2002,Ki,6.725842
BKDQVRCFIJMWOR-UHFFFAOYSA-N,2002,Ki,6.853872
BKDQVRCFIJMWOR-UHFFFAOYSA-N,2005,IC50,6.725842
BKGCONUTJMJLTI-SAIGFBBZSA-N,2014,Ki,7.099578
BKHJHBMOHZNYEP-UHFFFAOYSA-N,1999,Ki,8.756962
BKIDSLXJSKMVCJ-UHFFFAOYSA-N,2017,Ki,8.221849
BKIDSLXJSKMVCJ-UHFFFAOYSA-N,2017,Ki,8.236572
BKIDSLXJSKMVCJ-UHFFFAOYSA-N,2017,EC50,7.136677
BKIDSLXJSKMVCJ-UHFFFAOYSA-N,2017,EC50,6.020001
BKIDSLXJSKMVCJ-UHFFFAOYSA-N,2017,EC50,6.017729
BKIDSLXJSKMVCJ-UHFFFAOYSA-N,2017,EC50,7.140022
BKJQLMPFZFHIMJ-UHFFFAOYSA-N,2000,Ki,6.728158
BKKDXLNOKQPSKN-RDGATRHJSA-N,2019,Ki,5.649946
BKKDXLNOKQPSKN-RDGATRHJSA-N,2019,Ki,5.929962
BKLNFYXUBNZNOT-UHFFFAOYSA-N,2009,Ki,6.099999
BKMRLPDOTVKGIM-UHFFFAOYSA-N,2010,Ki,7.146302
BKMZKOFYOHRYLE-UHFFFAOYSA-N,2015,Ki,7.355561
BKNAUTOAXGRBHL-QRTMHTFLSA-N,2023,Ki,6.050610
BKNMXUNXXKWRNR-UHFFFAOYSA-N,2006,Ki,6.189767
BKRGVLQUQGGVSM-KBXCAEBGSA-N,1997,Ki,9.301030
BKRGVLQUQGGVSM-KBXCAEBGSA-N,1998,Ki,9.096910
BKRGVLQUQGGVSM-KBXCAEBGSA-N,,IC50,8.543634
BKRGVLQUQGGVSM-KBXCAEBGSA-N,,Ki,9.020907
BKRGVLQUQGGVSM-KBXCAEBGSA-N,2014,Ki,9.180456
BKRGVLQUQGGVSM-KBXCAEBGSA-N,2014,Ki,9.179996
BKRGVLQUQGGVSM-KBXCAEBGSA-N,2004,EC50,11.000000
BKRGVLQUQGGVSM-KBXCAEBGSA-N,2024,Ki,9.468521
BKRGVLQUQGGVSM-KBXCAEBGSA-N,2024,Ki,9.522879
BKTVULJKAVNQNZ-UHFFFAOYSA-N,2020,Ki,6.638272
BKTVULJKAVNQNZ-UHFFFAOYSA-N,2022,Ki,6.638272
BKXQCWSMFGHWQZ-UHFFFAOYSA-N,2020,Ki,5.676748
BKYLOINGTUMEIT-KESTWPANSA-N,2014,Ki,7.381847
BLDRZOKSSGFKEP-UHFFFAOYSA-N,2016,Ki,7.823909
BLGIUGAWFUDHOU-UHFFFAOYSA-N,2020,Ki,6.568636
BLGOAHHKRXNKKY-UHFFFAOYSA-N,2016,Ki,5.200000
BLGOAHHKRXNKKY-UHFFFAOYSA-N,2020,Ki,5.179996
BLGXFZZNTVWLAY-SCYLSFHTSA-N,,IC50,5.686133
BLGXFZZNTVWLAY-SCYLSFHTSA-N,,Ki,6.163043
BLGXFZZNTVWLAY-SCYLSFHTSA-N,2024,Ki,6.399997
BLLNREQHFDCHGW-UHFFFAOYSA-N,2001,Ki,4.408935
BLLNREQHFDCHGW-UHFFFAOYSA-N,2001,Ki,4.275724
BLMDJHOZZKURJN-ZDUIXAHXSA-N,2009,Ki,6.499997
BLMDJHOZZKURJN-ZDUIXAHXSA-N,2009,Ki,6.499997
BLOYMTYODPJJPK-UHFFFAOYSA-N,2025,Ki,5.390000
BLQLPPFWAKBJSW-GHTZIAJQSA-N,2019,Ki,5.689944
BLQLPPFWAKBJSW-GHTZIAJQSA-N,2020,Ki,5.689944
BLQLPPFWAKBJSW-NQIIRXRSSA-N,2019,Ki,6.340084
BLQLPPFWAKBJSW-NQIIRXRSSA-N,2020,Ki,6.340084
BLQLPPFWAKBJSW-UHFFFAOYSA-N,2016,Ki,6.099999
BLQLPPFWAKBJSW-UHFFFAOYSA-N,2019,Ki,6.140261
BLQLPPFWAKBJSW-UHFFFAOYSA-N,2020,Ki,6.140261
BLSFBNPNIDSZLC-UHFFFAOYSA-N,2019,Ki,6.134304
BLTHFABFQPUZNT-UHFFFAOYSA-N,2006,Ki,6.399027
BLTZCNFSGZPIFQ-NRFANRHFSA-N,2004,Ki,6.000000
BLTZCNFSGZPIFQ-OAQYLSRUSA-N,2004,Ki,6.045757
BLTZCNFSGZPIFQ-UHFFFAOYSA-N,2004,Ki,5.920819
BLVKQYQCYGVTBD-UHFFFAOYSA-N,2013,Ki,6.416801
BLVMGNGXAWHZQW-UHFFFAOYSA-N,2019,Ki,4.752763
BLWCTYMJGSOQFX-UHFFFAOYSA-N,2019,Ki,6.309804
BLWCTYMJGSOQFX-UHFFFAOYSA-N,2020,Ki,6.309804
BLYMJBIZMIGWFK-HNNXBMFYSA-N,1996,Ki,5.320845
BLYMJBIZMIGWFK-HNNXBMFYSA-N,1996,Ki,6.560667
BLYMJBIZMIGWFK-OAHLLOKOSA-N,1997,Ki,9.301030
BLYMJBIZMIGWFK-OAHLLOKOSA-N,2002,Ki,7.468521
BLYMJBIZMIGWFK-OAHLLOKOSA-N,1996,Ki,7.251812
BLYMJBIZMIGWFK-OAHLLOKOSA-N,1996,Ki,7.468521
BLYMJBIZMIGWFK-OAHLLOKOSA-N,2008,Ki,6.694649
BLYMJBIZMIGWFK-OAHLLOKOSA-N,2010,Ki,6.694649
BLYMJBIZMIGWFK-OAHLLOKOSA-N,2016,Ki,7.397940
BLYMJBIZMIGWFK-UHFFFAOYSA-N,1993,Ki,6.847712
BLYMJBIZMIGWFK-UHFFFAOYSA-N,1994,Ki,6.847712
BLYMJBIZMIGWFK-UHFFFAOYSA-N,2008,EC50,7.400117
BLYMJBIZMIGWFK-UHFFFAOYSA-N,2010,Ki,6.694649
BLYMJBIZMIGWFK-UHFFFAOYSA-N,2012,Ki,5.844664
BLYMJBIZMIGWFK-UHFFFAOYSA-N,2016,Ki,8.643974
BLYMJBIZMIGWFK-UHFFFAOYSA-N,2016,Ki,6.844664
BMCZTYDZHNTKPR-INIZCTEOSA-N,2017,Ki,7.372634
BMFHZRZIYNLNCC-UHFFFAOYSA-N,2012,Ki,5.975104
BMFJFECGESTBHX-UWBLVGDVSA-N,2014,Ki,7.536107
BMFWFJCGDHHUGP-QHJNGHOISA-N,2000,Ki,6.199998
BMHXCPOIQRDOEJ-UHFFFAOYSA-N,2002,Ki,5.288361
BMLRTLPESFVXBM-UHFFFAOYSA-N,2014,Ki,5.252122
BMOMPPTVRLYMKB-KESTWPANSA-N,1997,Ki,7.468521
BMPOKXVXNLPKTD-UHFFFAOYSA-N,1995,Ki,6.062984
BMPOKXVXNLPKTD-UHFFFAOYSA-N,2013,Ki,6.062984
BMTUNIXXDMVUOW-UHFFFAOYSA-N,2006,Ki,5.301030
BMXRASUARGEUDH-UHFFFAOYSA-N,1996,IC50,5.589999
BMYDNZBCPOEYRY-WMZOPIPTSA-N,2024,Ki,7.173925
BNBAGMLJQSUXHD-UHFFFAOYSA-N,1996,Ki,5.800001
BNBJYVKSFPTBHW-BJMVGYQFSA-N,1999,Ki,6.499997
BNFWJAQYVFRKRJ-VQTJNVASSA-N,2023,Ki,8.657577
BNGQWOSQOPVKCC-HCGLCNNCSA-N,2013,Ki,6.320572
BNLMWAKHHJZPTH-UHFFFAOYSA-N,2002,Ki,5.676129
BNPRQOXQGKPVTK-UHFFFAOYSA-N,2012,Ki,7.853872
BNQLJQAWDJNCDL-UHFFFAOYSA-N,2007,Ki,6.920819
BNSLCCULUHMZBQ-KESTWPANSA-N,2023,Ki,9.124939
BNTGVINQADRYBE-UHFFFAOYSA-N,2023,Ki,5.560352
BNTGVINQADRYBE-UHFFFAOYSA-N,2021,Ki,5.560295
BNTGVINQADRYBE-UHFFFAOYSA-N,2021,Ki,5.630000
BNVHQFIRDRSKFK-UHFFFAOYSA-N,1993,Ki,6.016825
BNXCPAVJSMMVPU-UHFFFAOYSA-N,2019,IC50,8.074172
BNYKYKBRFUPQSI-UHFFFAOYSA-N,2014,IC50,6.378824
BNYKYKBRFUPQSI-UHFFFAOYSA-N,2014,Ki,6.039529
BOADXZOXJDNMTH-UHFFFAOYSA-N,2021,Ki,7.698970
BODKZKXTTLFUIE-UHFFFAOYSA-N,2021,Ki,5.345535
BODKZKXTTLFUIE-UHFFFAOYSA-N,2021,Ki,5.350000
BOERTKKBWLOLLH-UHFFFAOYSA-N,2014,Ki,7.823909
BONDCIXLHQKYHM-UHFFFAOYSA-N,1996,Ki,5.154902
BONSXLZOCJXKIV-UHFFFAOYSA-N,2021,Ki,6.818156
BOOBARCNIUCOKI-BTYSMDAFSA-N,2018,IC50,8.376751
BOPVQJAIGZUFJL-UHFFFAOYSA-N,2023,EC50,5.283997
BOTMSPLRFWVABA-OAHLLOKOSA-N,1994,Ki,6.619789
BOUDGQUEAMMTAE-UHFFFAOYSA-N,2015,Ki,7.619789
BOUDGQUEAMMTAE-UHFFFAOYSA-N,2015,Ki,7.275724
BOUDGQUEAMMTAE-UHFFFAOYSA-N,2015,EC50,6.008774
BOUDGQUEAMMTAE-UHFFFAOYSA-N,2015,EC50,5.769551
BOUDGQUEAMMTAE-UHFFFAOYSA-N,2015,EC50,5.420216
BOUDGQUEAMMTAE-UHFFFAOYSA-N,2015,EC50,5.136677
BOUDGQUEAMMTAE-UHFFFAOYSA-N,2015,EC50,6.853872
BOUQXDHEZQGZAA-UHFFFAOYSA-N,2018,IC50,7.943095
BOVIKQWJNPOZRM-UHFFFAOYSA-N,2010,Ki,5.350860
BOZKQWIJJRYLLZ-UHFFFAOYSA-N,2020,IC50,5.167491
BPDDCCYSOYRMEC-UHFFFAOYSA-N,2012,Ki,6.730487
BPDDCCYSOYRMEC-UHFFFAOYSA-N,2014,Ki,6.730487
BPHVHUHFXREQBY-UHFFFAOYSA-N,2014,Ki,5.703554
BPNZNQGAIFMNES-UHFFFAOYSA-N,2010,Ki,6.545155
BPNZNQGAIFMNES-UHFFFAOYSA-N,2010,Ki,7.455932
BPPQBAPLPIUPNT-UHFFFAOYSA-N,2010,Ki,8.084600
BPQYPRDZEFGRKD-UHFFFAOYSA-N,2013,Ki,5.811072
BPVLKJSAFIGBKX-UHFFFAOYSA-N,2014,Ki,7.769551
BPVPGWYXQNAFMV-IEBWSBKVSA-N,2000,IC50,8.000000
BPXIOWINQPQVOY-UHFFFAOYSA-N,2004,Ki,5.693789
BPXOVNRRDFBZBM-UHFFFAOYSA-N,2009,Ki,5.958607
BPXOVNRRDFBZBM-UHFFFAOYSA-N,2009,Ki,6.136677
BPZSYCZIITTYBL-UHFFFAOYSA-N,2016,Ki,4.886057
BQBVMBGNTSPRNK-UHFFFAOYSA-N,1997,Ki,6.950782
BQBVMBGNTSPRNK-UHFFFAOYSA-N,2005,Ki,6.950007
BQDBCWZXPYWQGM-UHFFFAOYSA-N,2012,Ki,7.337242
BQDBKDMTIJBJLA-UHFFFAOYSA-N,2015,Ki,10.154902
BQDGJNNXKPPHKX-UHFFFAOYSA-N,2016,Ki,7.886057
BQDVGVNUGZSYNV-UHFFFAOYSA-N,2019,Ki,6.690370
BQDVGVNUGZSYNV-UHFFFAOYSA-N,2020,Ki,6.690370
BQEDZLDNNBDKDS-UHFFFAOYSA-N,2008,Ki,6.847712
BQEDZLDNNBDKDS-UHFFFAOYSA-N,2016,Ki,6.616185
BQEDZLDNNBDKDS-UHFFFAOYSA-N,2018,Ki,6.847712
BQFKTGZILBPMOY-PGWJBFNOSA-N,2003,Ki,6.199998
BQGDHYPSATYJRL-UHFFFAOYSA-N,2020,Ki,6.950782
BQGJUXXCNWSZIZ-KESTWPANSA-N,2014,Ki,6.812761
BQJPDPWVPKDRSN-UHFFFAOYSA-N,1993,Ki,4.619789
BQJVXLMFXRFJSZ-UHFFFAOYSA-N,2006,Ki,6.850781
BQOOCNJGXJVXRO-UHFFFAOYSA-N,2020,EC50,6.737549
BQOOCNJGXJVXRO-UHFFFAOYSA-N,2023,EC50,6.737549
BQOOCNJGXJVXRO-UHFFFAOYSA-N,2023,EC50,6.737549
BQOUGDGGUWVLTD-UHFFFAOYSA-N,2010,Ki,5.300000
BQPDOZCUUSRJDC-LADGPHEKSA-N,2021,Ki,8.590067
BQPNZSMRHBTJNY-UHFFFAOYSA-N,2020,Ki,5.250032
BQRCXSWHZYCROY-SZPZYZBQSA-N,2007,Ki,6.371611
BQTAJAHHYFXDDH-UHFFFAOYSA-N,2007,Ki,7.548214
BQTAJAHHYFXDDH-UHFFFAOYSA-N,2007,IC50,6.970616
BQTAJAHHYFXDDH-UHFFFAOYSA-N,2007,EC50,6.943095
BQVJWRUFBDMFGQ-NSHDSACASA-N,2010,IC50,7.590067
BQYKGUJOFYMQBC-UHFFFAOYSA-N,2017,IC50,7.096910
BQYLCESBRUFPJL-UHFFFAOYSA-N,1999,Ki,7.420216
BRANQVYSEMSFOV-XUTJKUGGSA-N,2013,Ki,6.621966
BRCGEGLQMCNETQ-UHFFFAOYSA-N,2023,Ki,5.823909
BRDXGAAIKJJGNB-UHFFFAOYSA-N,1996,Ki,6.399997
BRIOCOIJZTUXKM-UHFFFAOYSA-N,2020,Ki,6.776764
BRJGIZVBTXYEBD-UHFFFAOYSA-N,2014,Ki,7.853872
BRJGIZVBTXYEBD-UHFFFAOYSA-N,2014,Ki,7.853872
BRJGIZVBTXYEBD-UHFFFAOYSA-N,2014,IC50,7.540005
BRJGIZVBTXYEBD-UHFFFAOYSA-N,2014,IC50,7.657577
BRNFEWAEDMSDHL-UHFFFAOYSA-N,2003,Ki,7.818156
BRNZPYPUEXFLII-UHFFFAOYSA-N,2020,Ki,5.805486
BRPJYOLLZGXNFY-UHFFFAOYSA-N,2023,Ki,7.051587
BRPJYOLLZGXNFY-UHFFFAOYSA-N,2023,Ki,7.049976
BRPJYOLLZGXNFY-UHFFFAOYSA-N,2023,EC50,8.533132
BRPJYOLLZGXNFY-UHFFFAOYSA-N,2023,EC50,8.530031
BRSILCSYDNFMAA-UHFFFAOYSA-N,2021,Ki,8.000000
BRSSDADOMRUGSY-RUCARUNLSA-N,2014,Ki,8.267606
BRTSZCMNYQGHSJ-UHFFFAOYSA-N,2013,IC50,5.346787
BRTSZCMNYQGHSJ-UHFFFAOYSA-N,2013,Ki,7.420216
BRWKJOUZUNEUTN-UHFFFAOYSA-N,2000,Ki,5.869666
BRZAPKIDJOPKEJ-UHFFFAOYSA-N,1997,Ki,6.187087
BSCIANYCCSTXPP-UHFFFAOYSA-N,2017,Ki,8.455932
BSDZATNMASVMIK-UHFFFAOYSA-N,2006,Ki,6.823909
BSDZATNMASVMIK-UHFFFAOYSA-N,2006,Ki,6.619789
BSFUDLSQCLQWQE-WMLDXEAASA-N,1995,Ki,7.060481
BSHSURCBEXYRBE-UAPYVXQJSA-N,2023,Ki,5.853872
BSHUTAUVQRSTAN-UHFFFAOYSA-N,2019,Kd,4.670000
BSICDIBRXJYNPB-UHFFFAOYSA-N,2019,Ki,7.113509
BSICDIBRXJYNPB-UHFFFAOYSA-N,2019,Ki,7.522879
BSIYFWFTDCENGZ-ONEGZZNKSA-N,2011,Ki,7.421361
BSLBJQNVSCZYMV-VAWYXSNFSA-N,1994,IC50,5.327902
BSOHQWLHOBZOOU-UHFFFAOYSA-N,1996,Ki,6.099999
BSOHYTBASIBPHA-QHCPKHFHSA-N,2012,IC50,6.099999
BSOLCASXROXPRZ-MQSINFNDSA-N,2005,Ki,8.638272
BSOLCASXROXPRZ-MQSINFNDSA-N,2005,Ki,8.769551
BSOLCASXROXPRZ-MUKKUYKPSA-N,2005,Ki,7.920819
BSOLCASXROXPRZ-SHZHJNINSA-N,2005,Ki,7.920819
BSOSBERUZDSHLQ-UHFFFAOYSA-N,1995,Ki,7.214670
BSQJXUKPWMUTBT-UHFFFAOYSA-N,2023,Ki,6.284833
BSQJXUKPWMUTBT-UHFFFAOYSA-N,2023,IC50,6.732828
BSQJXUKPWMUTBT-UHFFFAOYSA-N,2023,IC50,6.383000
BSVRQWRWWJQETN-UHFFFAOYSA-N,2014,Ki,6.442493
BSVRQWRWWJQETN-UHFFFAOYSA-N,2017,Ki,6.442493
BSVRQWRWWJQETN-UHFFFAOYSA-N,2018,Ki,6.442493
BSWBATABCUZHGT-UHFFFAOYSA-N,2007,Ki,7.327902
BSWZSZOYSSLNOY-IHRKKFBRSA-N,2020,Ki,6.508638
BSWZSZOYSSLNOY-IHRKKFBRSA-N,2022,Ki,6.508638
BTEHEQVRGFEGCF-UWBLVGDVSA-N,2017,Ki,6.982967
BTEINZDTJWUOFJ-UHFFFAOYSA-N,1999,Ki,7.958607
BTEMXIHCAGOPHX-UHFFFAOYSA-N,2021,Ki,7.978811
BTEMXIHCAGOPHX-UHFFFAOYSA-N,2021,IC50,7.946922
BTFSLEXEAAFSHO-UHFFFAOYSA-N,2003,Ki,6.657577
BTGAJCKRXPNBFI-OAHLLOKOSA-N,1998,Ki,7.301030
BTGAJCKRXPNBFI-OAHLLOKOSA-N,1996,Kd,7.698970
BTGAJCKRXPNBFI-OAHLLOKOSA-N,1985,IC50,15.000000
BTGAJCKRXPNBFI-OAHLLOKOSA-N,1985,IC50,18.000000
BTGAJCKRXPNBFI-OAHLLOKOSA-N,2004,EC50,7.599980
BTGAJCKRXPNBFI-OAHLLOKOSA-N,2014,Ki,9.958607
BTGAJCKRXPNBFI-OAHLLOKOSA-N,2014,Ki,9.420216
BTGAJCKRXPNBFI-OAHLLOKOSA-N,2014,Ki,7.974694
BTGAJCKRXPNBFI-OAHLLOKOSA-N,2014,Ki,8.761954
BTGAJCKRXPNBFI-OAHLLOKOSA-N,2014,Ki,10.124939
BTGAJCKRXPNBFI-OAHLLOKOSA-N,2014,Ki,8.309981
BTGAJCKRXPNBFI-OAHLLOKOSA-N,2014,Ki,8.789949
BTGAJCKRXPNBFI-OAHLLOKOSA-N,2014,Ki,10.130006
BTGAJCKRXPNBFI-OAHLLOKOSA-N,2020,EC50,8.929962
BTGAJCKRXPNBFI-OAHLLOKOSA-N,2020,EC50,8.928118
BTGAJCKRXPNBFI-OAHLLOKOSA-N,2020,EC50,10.400008
BTGAJCKRXPNBFI-OAHLLOKOSA-N,2020,EC50,10.397940
BTGAJCKRXPNBFI-OAHLLOKOSA-N,2024,Ki,8.004365
BTGKFNRKGQRPEP-QAQDUYKDSA-N,2023,Ki,6.259637
BTJHDQFIFDTGOW-UHFFFAOYSA-N,2012,Ki,6.341035
BTJHDQFIFDTGOW-UHFFFAOYSA-N,2012,Ki,6.430626
BTJSYOUOQORWBA-UHFFFAOYSA-N,2016,Ki,6.675718
BTNRAFHTPKZOBC-UHFFFAOYSA-N,2008,Ki,7.663540
BTOJYCTUJJHANF-WMLDXEAASA-N,1996,Ki,7.199971
BTOJYCTUJJHANF-WMLDXEAASA-N,1993,Ki,7.886057
BTOJYCTUJJHANF-WMLDXEAASA-N,1994,Ki,7.823909
BTQXZESHJSOQFU-UHFFFAOYSA-N,2019,Ki,4.919157
BTSCZNWXJQSJIE-UHFFFAOYSA-N,2002,IC50,6.060002
BTSCZNWXJQSJIE-UHFFFAOYSA-N,2002,IC50,6.060002
BTSCZNWXJQSJIE-UHFFFAOYSA-N,2002,IC50,6.060002
BTSMIVQFEUCDAW-UHFFFAOYSA-N,2016,Ki,6.860121
BTSMIVQFEUCDAW-UHFFFAOYSA-N,2016,Ki,6.859995
BTTMPMPJNCTVFY-UHFFFAOYSA-N,2016,Ki,6.377786
BTUIZHMEGKWEMO-UHFFFAOYSA-N,2016,EC50,6.228413
BTXXUCVFDKNBPB-AMIZOPFISA-N,1998,Ki,8.698970
BTZVGHPJECWTNY-UHFFFAOYSA-N,2016,Ki,6.701147
BUEUBNYHEYHBIX-GFCCVEGCSA-N,2018,Ki,5.160396
BUGPNBWJWYNHNL-UHFFFAOYSA-N,2022,Ki,5.509999
BUGWHHJMDZILIY-UHFFFAOYSA-N,2006,Ki,6.203079
BUGXDURAZFUGEK-UHFFFAOYSA-N,2012,Ki,6.137272
BUGYAANIQPCORQ-UHFFFAOYSA-N,1999,Ki,4.886057
BUGYAANIQPCORQ-UHFFFAOYSA-N,1999,Ki,4.744727
BUHDSUFFPNBSGG-UHFFFAOYSA-N,2002,Ki,6.139063
BUJBIVXDBXZHAP-UHFFFAOYSA-N,2021,Ki,7.376751
BUNARIUEVNWERA-QAQDUYKDSA-N,2013,Ki,6.576754
BUPWFKLTAPZHIE-UHFFFAOYSA-N,1995,Ki,9.599980
BUSRXNBLQQVZCO-NRFANRHFSA-N,2007,Ki,7.154902
BUSRXNBLQQVZCO-OAQYLSRUSA-N,2007,Ki,7.337242
BUSZPEZABSAFAL-YWNCIPKLSA-N,2015,Kd,6.045757
BUSZPEZABSAFAL-YWNCIPKLSA-N,2015,Kd,4.795880
BVAQJIHTMVINPX-YLJYHZDGSA-N,2021,Ki,6.034798
BVDQINYYEZPHTR-UHFFFAOYSA-N,1999,Ki,6.337242
BVFCWTDSAAWHCG-UHFFFAOYSA-N,2018,IC50,7.291579
BVFIHIUYFGGHND-UHFFFAOYSA-N,2018,Ki,6.154902
BVHKYUKBOGXMRL-UHFFFAOYSA-N,2012,Ki,7.847712
BVLKCMNJCFXMPO-IBGZPJMESA-N,2021,Ki,6.790485
BVLYMIHOEUYZBL-UHFFFAOYSA-N,2013,Ki,6.823909
BVMHGNCIMARWAI-UHFFFAOYSA-N,2017,IC50,5.176526
BVNLTQWFLUIWRX-UHFFFAOYSA-N,1999,Ki,7.500038
BVPWJMCABCPUQY-UHFFFAOYSA-N,2003,Ki,7.744727
BVPWJMCABCPUQY-UHFFFAOYSA-N,2003,Ki,7.920819
BVRQFYBVYHOVEQ-RHDGDCLCSA-N,2019,EC50,8.096910
BVRQFYBVYHOVEQ-RHDGDCLCSA-N,2019,EC50,8.301030
BVRQFYBVYHOVEQ-RHDGDCLCSA-N,2019,EC50,8.100015
BVRQFYBVYHOVEQ-RHDGDCLCSA-N,2019,EC50,8.320027
BVVYFGNETCYNNY-UHFFFAOYSA-N,2010,Ki,9.199971
BVWADVPUSLVRJC-AWEZNQCLSA-N,2020,Ki,7.008774
BVXJKDHFRHNSRI-LJQANCHMSA-N,2006,Ki,6.583359
BVXSVALQOFIYSP-UHFFFAOYSA-N,2006,Ki,7.397940
BVXSVALQOFIYSP-UHFFFAOYSA-N,2006,Ki,7.508638
BVXSVALQOFIYSP-UHFFFAOYSA-N,2007,Ki,7.400008
BVXTUFOXINIFQV-UHFFFAOYSA-N,2015,Ki,7.166216
BVXXXRLWEYNAGE-UHFFFAOYSA-N,2008,IC50,5.570248
BWEAUXJVFDVRAU-UHFFFAOYSA-N,2004,Ki,6.669992
BWEAUXJVFDVRAU-UHFFFAOYSA-N,2004,Ki,7.189969
BWEAUXJVFDVRAU-UHFFFAOYSA-N,2004,Ki,7.240030
BWGWYQWYXXYEFW-MXVIHJGJSA-N,2014,Ki,6.876900
BWJOFTXEAUJYMK-OJBMAJLDSA-N,2013,Ki,6.226696
BWJWQRCGVCCLIP-UHFFFAOYSA-N,2007,Ki,4.874519
BWMBSQXAENBLPV-WGSAOQKQSA-N,2014,Ki,7.062783
BWPAYVFDIRAIID-ZKHCSVRISA-N,2013,Ki,6.442721
BWRCLYWJGBWWTH-ONRAHDBNSA-N,2000,Ki,6.699992
BWRISDCHRCNQPM-LJQANCHMSA-N,2020,EC50,5.790000
BWRISDCHRCNQPM-LJQANCHMSA-N,2020,EC50,5.786217
BWRISDCHRCNQPM-LJQANCHMSA-N,2020,EC50,5.450000
BWRISDCHRCNQPM-LJQANCHMSA-N,2020,EC50,5.445390
BWSCHPAOVNLCBH-XYWHTSSQSA-N,2013,Ki,6.735796
BWSYDGBUARPSLW-UHFFFAOYSA-N,2005,Ki,8.091515
BWUNECSACYSNSK-UHFFFAOYSA-N,2019,Kd,6.669992
BWUNECSACYSNSK-UHFFFAOYSA-N,2019,Ki,6.770011
BWVZMXRKTJNRCJ-UHFFFAOYSA-N,2012,EC50,9.096910
BWVZMXRKTJNRCJ-UHFFFAOYSA-N,2012,EC50,9.522879
BWVZMXRKTJNRCJ-UHFFFAOYSA-N,2012,Ki,8.259637
BWWHZGYOJOBIMA-UHFFFAOYSA-N,2014,Ki,5.806041
BWXABDUNWUIBLQ-UHFFFAOYSA-N,2003,Ki,6.609065
BWXKKFQODXKNLQ-UHFFFAOYSA-N,2019,Ki,5.060481
BXCDGOZRLHWEFT-UHFFFAOYSA-N,2017,Ki,7.356547
BXDBIOHPDJQSGV-UHFFFAOYSA-N,1996,Ki,6.799998
BXDRNJJKCXNAGV-UHFFFAOYSA-N,2003,Ki,6.628932
BXDRXWBCUJCURL-UHFFFAOYSA-N,2013,Ki,5.193820
BXDRXWBCUJCURL-UHFFFAOYSA-N,2013,Ki,5.200000
BXEHOLVBINGZIE-UHFFFAOYSA-N,1999,Ki,7.823909
BXENODAZXSHYNF-UHFFFAOYSA-N,2018,Ki,6.272459
BXFQWUWUYQYATQ-UHFFFAOYSA-N,2020,IC50,7.460046
BXGCCZDRUAOMRC-HZCBDIJESA-N,2007,Ki,7.468521
BXGCCZDRUAOMRC-SZPZYZBQSA-N,2007,Ki,6.718967
BXGMQIUZTIUQRE-KESTWPANSA-N,2013,Ki,6.647779
BXKFWSCAQBNCQC-UHFFFAOYSA-N,2002,Ki,5.478208
BXKFXOACSNDHEK-QYBDOPJKSA-N,2022,Ki,6.060481
BXKNYHFWOFQBGA-KRWDZBQOSA-N,2014,Ki,7.938925
BXKULJBQDCCBKR-UHFFFAOYSA-N,2016,Ki,6.199971
BXLOXSAIDXDVKJ-NSHDSACASA-N,2010,IC50,8.519993
BXMAUYLPKMKSFP-HNNXBMFYSA-N,2010,IC50,8.299989
BXOLXXSMCLYDNG-UHFFFAOYSA-N,2006,Ki,8.072117
BXOLXXSMCLYDNG-UHFFFAOYSA-N,2006,Ki,7.247952
BXOLXXSMCLYDNG-UHFFFAOYSA-N,2007,Ki,7.247952
BXOLXXSMCLYDNG-UHFFFAOYSA-N,2008,Ki,7.230032
BXOLXXSMCLYDNG-UHFFFAOYSA-N,2015,Ki,7.247952
BXOPFJXHIDYFEL-UHFFFAOYSA-N,2014,Ki,8.602060
BXOPFJXHIDYFEL-UHFFFAOYSA-N,2014,Ki,8.958607
BXPJDTCYZQOTIA-UHFFFAOYSA-N,2020,Ki,7.540005
BXPJDTCYZQOTIA-UHFFFAOYSA-N,2020,Ki,7.602060
BXQUKLOIAUHWPJ-PKOBYXMFSA-N,2010,Ki,5.771343
BXUOVUWILQWARZ-UHFFFAOYSA-N,2002,Ki,5.958607
BYBLEWFAAKGYCD-UHFFFAOYSA-N,,IC50,4.902951
BYBLEWFAAKGYCD-UHFFFAOYSA-N,,Ki,5.380072
BYCPKSCWJFHLHN-UHFFFAOYSA-N,2008,Ki,3.072117
BYFBIHGWAJPFIB-UHFFFAOYSA-N,2010,Ki,6.000000
BYFBIHGWAJPFIB-UHFFFAOYSA-N,2010,Ki,7.000000
BYFBIHGWAJPFIB-UHFFFAOYSA-N,2010,Ki,7.500038
BYFGXTUYWNOQIF-UHFFFAOYSA-N,2002,Ki,6.000000
BYGFRAXTFHIMHT-WGSAOQKQSA-N,2014,Ki,7.257118
BYIJZPIPKRUSAC-KESTWPANSA-N,2014,Ki,7.294136
BYJLEOXPONSXOY-HDICACEKSA-N,2016,Ki,8.397940
BYJLEOXPONSXOY-HDICACEKSA-N,2017,Ki,8.705534
BYJLEOXPONSXOY-HDICACEKSA-N,2017,Ki,8.705534
BYJLEOXPONSXOY-IYARVYRRSA-N,2016,Ki,9.148742
BYJLEOXPONSXOY-IYARVYRRSA-N,2017,Ki,9.148742
BYJLEOXPONSXOY-IYARVYRRSA-N,2017,Ki,9.148742
BYKIDBIDJRZMKJ-UHFFFAOYSA-N,2019,Ki,7.649946
BYNOKCOVEBNKRF-MRXNPFEDSA-N,2013,EC50,8.000000
BYOLGTZWXRPJPY-UHFFFAOYSA-N,2010,Ki,9.096910
BYOXBMSRXGFRQY-UHFFFAOYSA-N,2007,Ki,6.723538
BYPMJBXPNZMNQD-PZJWPPBQSA-N,2020,Ki,7.552842
BYPMJBXPNZMNQD-WHCYFCLHSA-N,2022,Ki,8.387216
BYQMYVGRWGMPRV-UHFFFAOYSA-N,2020,Ki,6.638272
BYQMYVGRWGMPRV-UHFFFAOYSA-N,2022,Ki,6.638272
BYQZQCQTOJRIAC-UHFFFAOYSA-N,2017,Ki,5.979225
BYQZQCQTOJRIAC-UHFFFAOYSA-N,2018,Ki,5.979225
BYUHWILBODEWJY-UHFFFAOYSA-N,2017,Ki,5.990549
BYUHWILBODEWJY-UHFFFAOYSA-N,2018,Ki,5.990549
BYUVKVSQQDHYKB-UHFFFAOYSA-N,2012,Ki,7.602060
BYUVKVSQQDHYKB-UHFFFAOYSA-N,2012,Ki,7.958607
BYVMACMLLCFAJG-UGNFMNBCSA-N,2019,Ki,7.059982
BYVRVQNZFICZEB-OAQYLSRUSA-N,1996,Ki,8.306273
BYVRVQNZFICZEB-OAQYLSRUSA-N,1996,Ki,7.772113
BYXGHJZXSWDEAC-KUFJZVQMSA-N,2015,Ki,6.461929
BYXLAWSTXWDXIK-UHFFFAOYSA-N,2015,Ki,6.053057
BYXQAMXSVJFSPP-UHFFFAOYSA-N,2016,IC50,8.387216
BYXRGRXAPMVBBG-UHFFFAOYSA-N,2019,Ki,6.236572
BYXRGRXAPMVBBG-UHFFFAOYSA-N,2019,Ki,6.356547
BZAHLFFPVNVFKZ-UHFFFAOYSA-N,2022,Ki,7.913640
BZCYPHOOPXOADD-XIEYBQDHSA-N,2017,Ki,8.920819
BZCYPHOOPXOADD-XIEYBQDHSA-N,2017,Ki,9.795880
BZCYPHOOPXOADD-XIEYBQDHSA-N,2017,Ki,9.142668
BZCYPHOOPXOADD-XIEYBQDHSA-N,2017,Ki,10.026872
BZCYPHOOPXOADD-XIEYBQDHSA-N,2017,EC50,8.468521
BZCYPHOOPXOADD-XIEYBQDHSA-N,2017,EC50,9.130768
BZCYPHOOPXOADD-XIEYBQDHSA-N,2017,EC50,6.560005
BZCYPHOOPXOADD-XIEYBQDHSA-N,2017,EC50,6.929999
BZCYPHOOPXOADD-XIEYBQDHSA-N,2017,EC50,8.431798
BZCYPHOOPXOADD-XIEYBQDHSA-N,2017,EC50,8.301030
BZCYPHOOPXOADD-XIEYBQDHSA-N,2017,EC50,8.244125
BZCYPHOOPXOADD-XIEYBQDHSA-N,2017,EC50,8.236572
BZCYPHOOPXOADD-XIEYBQDHSA-N,2017,EC50,8.244125
BZCYPHOOPXOADD-XIEYBQDHSA-N,2017,EC50,8.207608
BZCYPHOOPXOADD-XIEYBQDHSA-N,2017,EC50,8.744727
BZCYPHOOPXOADD-XIEYBQDHSA-N,2017,EC50,8.602060
BZCYPHOOPXOADD-XIEYBQDHSA-N,2017,EC50,8.677781
BZCYPHOOPXOADD-XIEYBQDHSA-N,2017,EC50,8.698970
BZCYPHOOPXOADD-XIEYBQDHSA-N,2017,EC50,6.568636
BZCYPHOOPXOADD-XIEYBQDHSA-N,2017,EC50,6.920819
BZCYPHOOPXOADD-XIEYBQDHSA-N,2017,EC50,8.470057
BZCYPHOOPXOADD-XIEYBQDHSA-N,2017,EC50,9.130006
BZDGCBXVIKXHFH-UHFFFAOYSA-N,2013,IC50,6.788346
BZDLIFJGLFMOCS-UHFFFAOYSA-N,2016,Ki,6.031050
BZDRSIBAGZRBSC-UHFFFAOYSA-N,2023,Ki,6.119186
BZGKXGFGDBPNAC-WOJBJXKFSA-N,2013,IC50,5.995679
BZGKXGFGDBPNAC-WOJBJXKFSA-N,2013,Ki,6.709965
BZHJMSJFFNOURP-UHFFFAOYSA-N,2006,Ki,6.552842
BZHJMSJFFNOURP-UHFFFAOYSA-N,2006,Ki,6.229148
BZKUYNBAFQJRDM-MRXNPFEDSA-N,2000,Ki,6.278189
BZKUYNBAFQJRDM-MRXNPFEDSA-N,1996,Ki,6.278189
BZKUYNBAFQJRDM-MRXNPFEDSA-N,2001,Ki,6.278189
BZSOPMPZSAMQIF-UHFFFAOYSA-N,1993,Ki,6.663540
BZSXKGCWTZRLML-UHFFFAOYSA-N,2017,Ki,5.818442
BZSXKGCWTZRLML-UHFFFAOYSA-N,2018,Ki,5.818442
BZTWBPRITXQJLK-QGZVFWFLSA-N,2020,EC50,6.220000
BZTWBPRITXQJLK-QGZVFWFLSA-N,2020,EC50,6.218963
BZUCYSTYXVHZSB-INIZCTEOSA-N,2014,Ki,7.413075
BZUPCLAOTHNFTJ-UHFFFAOYSA-N,2020,Ki,5.854493
BZUPCLAOTHNFTJ-UHFFFAOYSA-N,2022,Ki,5.854493
BZVWETBNKDFSQG-UHFFFAOYSA-N,2006,Ki,6.657577
BZWLDSMYMFIKPT-QGPMSJSTSA-N,2014,EC50,8.769551
BZWLDSMYMFIKPT-YXJHDRRASA-N,2014,EC50,9.301030
BZWQAKCTTBOIKJ-UHFFFAOYSA-N,2003,Ki,7.677781
BZWQAKCTTBOIKJ-UHFFFAOYSA-N,2000,Ki,7.677781
BZXKTPMEZNZORO-OWOJBTEDSA-N,2005,Ki,7.505845
BZZOYRXQTHGWNC-UHFFFAOYSA-N,2013,IC50,6.045757
BZZOYRXQTHGWNC-UHFFFAOYSA-N,2013,Ki,7.468521
CAAIZYOGVIMUEU-KOEQRZSOSA-N,2017,Ki,8.376751
CAAIZYOGVIMUEU-KOEQRZSOSA-N,2017,Ki,8.769551
CAAIZYOGVIMUEU-KOEQRZSOSA-N,2017,EC50,8.537602
CAAIZYOGVIMUEU-KOEQRZSOSA-N,2017,EC50,9.360016
CAAIZYOGVIMUEU-KOEQRZSOSA-N,2017,EC50,8.167491
CAAIZYOGVIMUEU-KOEQRZSOSA-N,2017,EC50,7.970616
CAAIZYOGVIMUEU-KOEQRZSOSA-N,2017,EC50,7.882729
CAAIZYOGVIMUEU-KOEQRZSOSA-N,2017,EC50,8.537602
CAAIZYOGVIMUEU-KOEQRZSOSA-N,2017,EC50,8.366532
CAAIZYOGVIMUEU-KOEQRZSOSA-N,2017,EC50,9.356547
CAAIZYOGVIMUEU-KOEQRZSOSA-N,2017,EC50,8.540005
CAALEIZWPZRHJM-RBFZIWAESA-N,2005,Ki,6.536107
CABLYZHRIOWMRB-UHFFFAOYSA-N,2022,Ki,6.274088
CABPVRYEFMWZCX-UHFFFAOYSA-N,2009,Ki,7.100015
CAIGDBOMRARVPM-MIRVZWSXSA-N,2023,Ki,5.795880
CALYWAMIHCNUMA-UHFFFAOYSA-N,2014,Ki,8.207608
CALYWAMIHCNUMA-UHFFFAOYSA-N,2014,Ki,8.091515
CALYWAMIHCNUMA-UHFFFAOYSA-N,2014,EC50,6.470005
CALYWAMIHCNUMA-UHFFFAOYSA-N,2014,EC50,6.468521
CANPFCFJURGKAX-JTQLQIEISA-N,2007,Ki,8.376751
CANPFCFJURGKAX-JTQLQIEISA-N,2007,Ki,8.376751
CAOZWYSSXXOCSD-UHFFFAOYSA-N,1997,Ki,5.698970
CAQIBAFXOSLMJP-UHFFFAOYSA-N,2019,Ki,6.372634
CAQIBAFXOSLMJP-UHFFFAOYSA-N,2022,Ki,6.372634
CAQUTUYOOHXKBM-UHFFFAOYSA-N,2011,Ki,8.008774
CAQUTUYOOHXKBM-UHFFFAOYSA-N,2011,Ki,8.136677
CASUKCWJIMZQFD-UHFFFAOYSA-N,2009,Ki,6.230623
CAUZGOJSULUNOZ-YJLYGGOZSA-N,2023,Ki,6.431798
CAVOXTSDVAGWFI-GHTZIAJQSA-N,2019,Ki,6.340084
CAVOXTSDVAGWFI-GHTZIAJQSA-N,2020,Ki,6.340084
CAVOXTSDVAGWFI-NQIIRXRSSA-N,2019,Ki,6.329754
CAVOXTSDVAGWFI-NQIIRXRSSA-N,2020,Ki,6.329754
CAVSFHXWRJHLEI-UHFFFAOYSA-N,2006,Ki,6.552842
CAVSFHXWRJHLEI-UHFFFAOYSA-N,2006,Ki,6.275724
CAXPEQKWERDGFO-UHFFFAOYSA-N,2017,Ki,6.341989
CAXPEQKWERDGFO-UHFFFAOYSA-N,2018,Ki,6.341989
CAYLJKJAWQXLOY-LBULQRRMSA-N,2003,Ki,7.100015
CBBXSFLTMNJOGU-UHFFFAOYSA-N,1994,Ki,6.207608
CBFQPELWTJSDFA-UHFFFAOYSA-N,2019,Ki,3.743824
CBHNJIKFZUSAPH-WMCAAGNKSA-N,2009,Ki,7.619789
CBHNJIKFZUSAPH-WMCAAGNKSA-N,2009,Ki,7.619789
CBJLKVBQMMAZQJ-UHFFFAOYSA-N,2014,Ki,7.568636
CBQSITUTOXWCDZ-KESTWPANSA-N,2013,Ki,6.369979
CBSIZHJYORKATA-UHFFFAOYSA-N,2008,Ki,6.575118
CBTZLJGZFWWZSF-QAQDUYKDSA-N,2020,Ki,6.187087
CBTZLJGZFWWZSF-QAQDUYKDSA-N,2022,Ki,6.187087
CBUWAEDOOAMJSO-UHFFFAOYSA-N,2018,Ki,6.591760
CCFLRMSKSIAMJZ-UHFFFAOYSA-N,2020,Ki,6.923724
CCHNZOHVOULQIT-UHFFFAOYSA-N,2015,Ki,6.036212
CCHZUMWJDOCSOK-UHFFFAOYSA-N,2015,Ki,7.173925
CCIIACYBEVIIIN-IYARVYRRSA-N,2013,Ki,6.657577
CCISGKKJVBOKKE-UHFFFAOYSA-N,2019,Ki,5.912219
CCJLDYTVWAENSM-NZQKXSOJSA-N,2010,Ki,6.199998
CCLFPDYNKMPZJO-SHQCIBLASA-N,2019,Ki,4.995679
CCMCQXPLCVUZML-RZDIXWSQSA-N,2019,EC50,8.000000
CCMCQXPLCVUZML-RZDIXWSQSA-N,2019,EC50,7.585027
CCMCQXPLCVUZML-RZDIXWSQSA-N,2019,EC50,8.010017
CCMCQXPLCVUZML-RZDIXWSQSA-N,2019,EC50,7.590067
CCMLDGCVAGTXJF-UHFFFAOYSA-N,2015,Ki,7.920819
CCNQTDBNOSLXEO-HSZRJFAPSA-N,2018,Ki,7.920819
CCNQTDBNOSLXEO-QHCPKHFHSA-N,2018,Ki,7.886057
CCNVEDVQZFNLHB-UHFFFAOYSA-N,2019,IC50,6.265200
CCPODSOEHBIKBW-UHFFFAOYSA-N,2015,Ki,7.356547
CCSCYJFJDDPPKK-HXUWFJFHSA-N,2001,Ki,5.692504
CCYRVZGWDNSBAQ-UHFFFAOYSA-N,1998,IC50,6.823909
CDAYEBKMDIJVNY-UHFFFAOYSA-N,2018,Ki,6.339998
CDDJQUNDXVDPCR-UHFFFAOYSA-N,2023,Ki,8.003051
CDDVHWKFFCJTOZ-UHFFFAOYSA-N,2003,Ki,7.274088
CDDVHWKFFCJTOZ-UHFFFAOYSA-N,2015,Ki,7.175224
CDDYFHPTUHQESK-UHFFFAOYSA-N,2021,Ki,6.158641
CDGJSIMJNZNZFE-SNVBAGLBSA-N,2021,Kd,10.826814
CDGJSIMJNZNZFE-SNVBAGLBSA-N,2021,Kd,10.826814
CDGORPLWQZYBKZ-UHFFFAOYSA-N,2023,Ki,6.677781
CDGORPLWQZYBKZ-UHFFFAOYSA-N,2023,Ki,7.124939
CDHCKVBAZOTCNN-DLBZAZTESA-N,2020,Ki,6.173925
CDHCKVBAZOTCNN-DLBZAZTESA-N,2022,Ki,6.173925
CDIJUVQEFYLOLF-UHFFFAOYSA-N,2007,Ki,5.899998
CDKQNHRWVCQEIG-UHFFFAOYSA-N,2008,Ki,5.387216
CDKQNHRWVCQEIG-UHFFFAOYSA-N,2008,Ki,5.677781
CDLTZBNPLAYVJT-UHFFFAOYSA-N,2007,Ki,6.099999
CDLTZBNPLAYVJT-UHFFFAOYSA-N,2007,Ki,6.000000
CDONPRYEWWPREK-UHFFFAOYSA-N,2012,EC50,8.200659
CDONPRYEWWPREK-UHFFFAOYSA-N,2012,EC50,6.801343
CDONPRYEWWPREK-UHFFFAOYSA-N,2012,Ki,8.136677
CDTGPXQJMIHKOA-TZIWHRDSSA-N,2021,Ki,6.110138
CDXLFYUUESQKHV-UHFFFAOYSA-N,2017,EC50,7.886057
CDXSZIGVTVIYPC-UHFFFAOYSA-N,1999,Ki,6.889410
CEBLKRFUASWWLQ-UHFFFAOYSA-N,2019,Ki,6.943095
CECDNRUCUZFOLS-UHFFFAOYSA-N,2008,Ki,5.468521
CECDNRUCUZFOLS-UHFFFAOYSA-N,2008,Ki,5.769551
CEFKCGBMUZVVLI-UHFFFAOYSA-N,1999,Ki,7.180456
CEFKCGBMUZVVLI-UHFFFAOYSA-N,1997,Ki,7.180456
CEGIBPCCIZOPHK-UHFFFAOYSA-N,2010,Ki,7.075721
CEGIBPCCIZOPHK-UHFFFAOYSA-N,2010,Ki,7.187087
CEIJFEGBUDEYSX-FZDBZEDMSA-N,2001,Ki,6.337242
CEIJFEGBUDEYSX-FZDBZEDMSA-N,1993,Ki,7.552842
CEJURZXMIYUTSE-MXVIHJGJSA-N,1997,Ki,8.468521
CEJURZXMIYUTSE-MXVIHJGJSA-N,1998,Ki,8.468521
CEJURZXMIYUTSE-UHFFFAOYSA-N,1997,Ki,7.397940
CEMWPWPBXGCHCV-XUTJKUGGSA-N,2013,Ki,5.472112
CENKWGKLFBMCTM-ONEGZZNKSA-N,2005,Ki,7.991400
CERLEBZSZWVJEJ-UHFFFAOYSA-N,1994,IC50,6.050610
CEUORZQYGODEFX-UHFFFAOYSA-N,2007,Ki,8.739929
CEUORZQYGODEFX-UHFFFAOYSA-N,2007,Ki,8.299989
CEUORZQYGODEFX-UHFFFAOYSA-N,2010,Ki,8.585027
CEUORZQYGODEFX-UHFFFAOYSA-N,2010,Ki,8.552842
CEUORZQYGODEFX-UHFFFAOYSA-N,2010,Ki,8.397940
CEUORZQYGODEFX-UHFFFAOYSA-N,2011,Ki,8.744727
CEUORZQYGODEFX-UHFFFAOYSA-N,2011,Ki,8.508638
CEUORZQYGODEFX-UHFFFAOYSA-N,2012,EC50,8.397940
CEUORZQYGODEFX-UHFFFAOYSA-N,2012,EC50,9.000000
CEUORZQYGODEFX-UHFFFAOYSA-N,2012,Ki,8.408935
CEUORZQYGODEFX-UHFFFAOYSA-N,2013,Ki,9.096910
CEUORZQYGODEFX-UHFFFAOYSA-N,2013,IC50,8.119186
CEUORZQYGODEFX-UHFFFAOYSA-N,2013,Ki,9.698970
CEUORZQYGODEFX-UHFFFAOYSA-N,2014,Ki,9.267606
CEUORZQYGODEFX-UHFFFAOYSA-N,2014,Ki,9.346787
CEUORZQYGODEFX-UHFFFAOYSA-N,2014,EC50,6.799998
CEUORZQYGODEFX-UHFFFAOYSA-N,2014,EC50,6.795880
CEUORZQYGODEFX-UHFFFAOYSA-N,2014,IC50,7.950007
CEUORZQYGODEFX-UHFFFAOYSA-N,2014,IC50,7.958607
CEUORZQYGODEFX-UHFFFAOYSA-N,2014,Ki,9.096910
CEUORZQYGODEFX-UHFFFAOYSA-N,2015,Ki,9.464706
CEUORZQYGODEFX-UHFFFAOYSA-N,2015,Ki,9.318759
CEUORZQYGODEFX-UHFFFAOYSA-N,2015,EC50,7.410050
CEUORZQYGODEFX-UHFFFAOYSA-N,2015,EC50,6.799998
CEUORZQYGODEFX-UHFFFAOYSA-N,2013,Ki,8.795880
CEUORZQYGODEFX-UHFFFAOYSA-N,2016,IC50,7.764472
CEUORZQYGODEFX-UHFFFAOYSA-N,2016,Ki,8.481486
CEUORZQYGODEFX-UHFFFAOYSA-N,2015,Ki,8.096910
CEUORZQYGODEFX-UHFFFAOYSA-N,2017,Ki,9.275724
CEUORZQYGODEFX-UHFFFAOYSA-N,2017,Ki,9.346787
CEUORZQYGODEFX-UHFFFAOYSA-N,2017,EC50,7.408935
CEUORZQYGODEFX-UHFFFAOYSA-N,2017,EC50,6.799998
CEUORZQYGODEFX-UHFFFAOYSA-N,2017,EC50,7.826814
CEUORZQYGODEFX-UHFFFAOYSA-N,2017,EC50,7.712198
CEUORZQYGODEFX-UHFFFAOYSA-N,2017,EC50,7.756962
CEUORZQYGODEFX-UHFFFAOYSA-N,2017,EC50,8.060481
CEUORZQYGODEFX-UHFFFAOYSA-N,2017,EC50,8.318759
CEUORZQYGODEFX-UHFFFAOYSA-N,2017,EC50,6.795880
CEUORZQYGODEFX-UHFFFAOYSA-N,2017,EC50,7.410050
CEUORZQYGODEFX-UHFFFAOYSA-N,2017,Ki,9.318759
CEUORZQYGODEFX-UHFFFAOYSA-N,2017,Ki,9.283997
CEUORZQYGODEFX-UHFFFAOYSA-N,2017,Ki,9.420216
CEUORZQYGODEFX-UHFFFAOYSA-N,2017,EC50,5.958607
CEUORZQYGODEFX-UHFFFAOYSA-N,2017,EC50,6.886057
CEUORZQYGODEFX-UHFFFAOYSA-N,2017,EC50,6.130768
CEUORZQYGODEFX-UHFFFAOYSA-N,2017,Ki,9.283997
CEUORZQYGODEFX-UHFFFAOYSA-N,2017,Ki,9.420216
CEUORZQYGODEFX-UHFFFAOYSA-N,2018,IC50,7.494850
CEUORZQYGODEFX-UHFFFAOYSA-N,2018,Ki,9.096910
CEUORZQYGODEFX-UHFFFAOYSA-N,2019,Ki,8.481486
CEUORZQYGODEFX-UHFFFAOYSA-N,2019,Ki,9.468521
CEUORZQYGODEFX-UHFFFAOYSA-N,2018,EC50,8.397940
CEUORZQYGODEFX-UHFFFAOYSA-N,2018,EC50,9.000000
CEUORZQYGODEFX-UHFFFAOYSA-N,2021,Ki,8.481486
CEUORZQYGODEFX-UHFFFAOYSA-N,2021,Ki,8.481486
CEUORZQYGODEFX-UHFFFAOYSA-N,2021,Ki,8.013228
CEUORZQYGODEFX-UHFFFAOYSA-N,2021,Ki,9.163043
CEUORZQYGODEFX-UHFFFAOYSA-N,2021,Ki,8.671620
CEUORZQYGODEFX-UHFFFAOYSA-N,2021,Ki,8.669992
CEUORZQYGODEFX-UHFFFAOYSA-N,2021,EC50,7.906578
CEUORZQYGODEFX-UHFFFAOYSA-N,2021,EC50,7.910095
CEUORZQYGODEFX-UHFFFAOYSA-N,2021,EC50,7.723538
CEUORZQYGODEFX-UHFFFAOYSA-N,2021,EC50,7.720105
CEUORZQYGODEFX-UHFFFAOYSA-N,2022,Ki,8.481486
CEUORZQYGODEFX-UHFFFAOYSA-N,2022,Ki,8.346787
CEUORZQYGODEFX-UHFFFAOYSA-N,2022,Ki,9.522879
CEUORZQYGODEFX-UHFFFAOYSA-N,2021,Ki,9.468521
CEUORZQYGODEFX-UHFFFAOYSA-N,2021,EC50,7.420216
CEUORZQYGODEFX-UHFFFAOYSA-N,2021,EC50,8.619789
CEUORZQYGODEFX-UHFFFAOYSA-N,2021,IC50,7.419988
CEUORZQYGODEFX-UHFFFAOYSA-N,2021,IC50,9.000000
CEUORZQYGODEFX-UHFFFAOYSA-N,2023,Ki,5.661544
CEUORZQYGODEFX-UHFFFAOYSA-N,2023,EC50,7.906578
CEUORZQYGODEFX-UHFFFAOYSA-N,2023,EC50,7.723538
CEUORZQYGODEFX-UHFFFAOYSA-N,2019,IC50,7.995679
CEYHRGCVTQARPC-UHFFFAOYSA-N,2022,Ki,5.983384
CFBBXNURHJTUEK-UHFFFAOYSA-N,2001,Ki,6.172631
CFCGTXOJJUJIIE-UHFFFAOYSA-N,2000,Ki,4.920819
CFDPQJPZOGBUMP-MSOLQXFVSA-N,1998,Ki,6.728158
CFGLHQSIGAVKRU-UHFFFAOYSA-N,2017,IC50,8.454693
CFGLHQSIGAVKRU-UHFFFAOYSA-N,2019,IC50,8.454693
CFGZNBTZRKMBCN-UHFFFAOYSA-N,2004,Ki,6.568636
CFQKEDUZBWAPMC-UHFFFAOYSA-N,2020,IC50,6.447332
CFQKEDUZBWAPMC-UHFFFAOYSA-N,2021,Ki,9.698970
CFTKIUKLSZSRGT-BVSLBCMMSA-N,2013,Ki,6.330163
CFTKIUKLSZSRGT-CEMLEFRQSA-N,2013,Ki,6.478404
CFTKIUKLSZSRGT-LFKXIUMZSA-N,2013,Ki,6.275995
CFXSGSXPPHRPBE-UHFFFAOYSA-N,2019,IC50,7.962574
CGBSETBXUKRGJF-UHFFFAOYSA-N,2019,Ki,6.301030
CGCDEESEQCYCIB-UHFFFAOYSA-N,2015,Ki,7.860121
CGDGQEFCZTTZBO-UHFFFAOYSA-N,2021,Ki,7.318759
CGDGQEFCZTTZBO-UHFFFAOYSA-N,2021,EC50,8.494850
CGJFUPKHNBCZFP-UHFFFAOYSA-N,2015,Ki,8.173925
CGJFUPKHNBCZFP-UHFFFAOYSA-N,2015,Ki,8.420216
CGJFUPKHNBCZFP-UHFFFAOYSA-N,2015,EC50,6.719991
CGJFUPKHNBCZFP-UHFFFAOYSA-N,2015,EC50,6.020001
CGMLBXCXNAARPC-KRWDZBQOSA-N,2015,EC50,7.485452
CGQWWCSDVNCWKW-UHFFFAOYSA-N,2021,IC50,5.420000
CGVZEZGEEUBAEK-UHFFFAOYSA-N,2011,Ki,8.920819
CHBCJGRXRVEKLM-UHFFFAOYSA-N,1995,Ki,5.756962
CHBRLPNCHAUHGS-UHFFFAOYSA-N,2017,Ki,5.739690
CHELUMIQBPPRGN-KESTWPANSA-N,1998,Ki,8.221849
CHESAJJJIGYAHM-UHFFFAOYSA-N,2019,IC50,6.640165
CHFNGKXNJCPICF-KESTWPANSA-N,2022,Ki,5.920819
CHFSYCSOMAVVOM-UHFFFAOYSA-N,2003,Ki,7.546682
CHGXPKZHRZIZSQ-UHFFFAOYSA-N,2012,Ki,6.192465
CHIWZHUPHKIHAQ-UHFFFAOYSA-N,2006,Ki,5.860436
CHOFOIZYGVGSTB-UHFFFAOYSA-N,2013,Ki,7.481486
CHOIZZRTZYWAEG-QAQDUYKDSA-N,2020,Ki,6.677781
CHOIZZRTZYWAEG-QAQDUYKDSA-N,2022,Ki,6.677781
CHOJSUXPQWHSGV-UHFFFAOYSA-N,2021,Ki,6.589999
CHORKXOAHORPHG-UHFFFAOYSA-N,2015,Ki,6.111259
CHOZUANHGJPGBJ-UHFFFAOYSA-N,2018,IC50,6.882729
CHSQMFLFLYXMGA-UHFFFAOYSA-N,2023,Ki,6.585027
CHUTWLUGUSZHNG-UHFFFAOYSA-N,2007,Ki,6.399997
CHYHMJYTWVQCFW-YHBQERECSA-N,2007,Ki,7.301030
CHYHMJYTWVQCFW-ZRZAMGCNSA-N,2007,Ki,6.958607
CHZUEGVOEFMIJH-ZKRSMWHSSA-N,2013,Ki,5.246034
CIEGYDLRUMZWQS-HNNXBMFYSA-N,2013,Ki,7.494850
CIEGYDLRUMZWQS-HNNXBMFYSA-N,2016,Ki,7.492684
CIEGYDLRUMZWQS-HNNXBMFYSA-N,2016,IC50,7.040434
CIFWZVFZJHWVIS-UHFFFAOYSA-N,2016,Ki,5.982132
CILDROBPHGWMGB-UHFFFAOYSA-N,2009,Ki,6.545155
CILIRIYREOCHIN-UHFFFAOYSA-N,2020,EC50,5.721246
CILIRIYREOCHIN-UHFFFAOYSA-N,2023,EC50,5.721246
CIQQQICTDWZODG-UHFFFAOYSA-N,2021,EC50,6.585027
CIQQYYDWFNUHDM-UHFFFAOYSA-N,2009,Ki,5.585027
CIQQYYDWFNUHDM-UHFFFAOYSA-N,2009,Ki,5.537602
CIQZMHMOCHBPHK-UHFFFAOYSA-N,2019,Ki,6.061981
CIRSPTXGPFAXRE-UHFFFAOYSA-N,2003,Ki,6.698970
CITBEZAJPJRZNL-UHFFFAOYSA-N,2020,Ki,5.860121
CITBEZAJPJRZNL-UHFFFAOYSA-N,2021,Ki,5.857924
CIUZQYPUMSZQLW-UHFFFAOYSA-N,2022,Ki,6.277366
CIXHJOHVILFKGB-UHFFFAOYSA-N,2000,Ki,5.497573
CIXHXASWJFMKLE-FQEVSTJZSA-N,2023,Ki,6.228413
CIYMLKKXWWZEQT-FQEVSTJZSA-N,2005,Ki,5.350665
CIZKQMKMGUKASR-AUSIDOKSSA-N,2021,Ki,6.149967
CJAGBXFYKKOMOU-ONEGZZNKSA-N,2005,Ki,7.974694
CJBOUVOUANDQQO-UHFFFAOYSA-N,2014,Ki,6.767004
CJBOUVOUANDQQO-UHFFFAOYSA-N,2014,Ki,6.770011
CJBOUVOUANDQQO-UHFFFAOYSA-N,2014,IC50,7.030118
CJBOUVOUANDQQO-UHFFFAOYSA-N,2014,IC50,7.029979
CJBURTCEIHHDKD-UHFFFAOYSA-N,2020,IC50,8.443697
CJBYLTVVRIPQAN-GDBMZVCRSA-N,2014,EC50,7.744727
CJBYLTVVRIPQAN-HOCLYGCPSA-N,2014,EC50,5.853872
CJCHZXCLUYLXJM-UHFFFAOYSA-N,2022,Ki,7.259637
CJGUBEHBJWODAS-UHFFFAOYSA-N,2014,Ki,5.142668
CJSWEVQUNWOTCF-KESTWPANSA-N,2023,Ki,5.920819
CJXHLCBUPVLQCG-UHFFFAOYSA-N,2020,EC50,5.638272
CKAFITNCAHORFQ-IYARVYRRSA-N,2013,Ki,6.227019
CKAVWCNOUGLDRF-UHFFFAOYSA-N,2022,Ki,5.210000
CKBZGVUMIUDAHE-UHFFFAOYSA-N,2020,Ki,5.798876
CKIPXVNSJRXNTQ-UHFFFAOYSA-N,2021,Ki,6.250001
CKIPXVNSJRXNTQ-UHFFFAOYSA-N,2021,EC50,5.760000
CKJPETQDQGIHJS-UHFFFAOYSA-N,2011,Ki,5.545155
CKKBBMDBHFJPLE-UHFFFAOYSA-N,2018,Ki,6.521434
CKLAPTDGXNWXQT-UHFFFAOYSA-N,2010,Ki,8.214670
CKLPMHPQYVCYLL-UHFFFAOYSA-N,2012,Ki,6.556268
CKOUWIPOSAPIGS-IYARVYRRSA-N,2013,Ki,6.107071
CKRMQSOTIYEXQI-UHFFFAOYSA-N,2016,Ki,6.856985
CKXPAKSGYIPITQ-UHFFFAOYSA-N,2020,Ki,6.560036
CKZRNAAKFUZSKI-GOSISDBHSA-N,2002,Ki,6.146910
CKZUCRHCJYOODQ-UHFFFAOYSA-N,2018,IC50,7.370590
CLAAZMXUBMWYHD-UHFFFAOYSA-N,2021,Ki,7.301030
CLAPZYAXBKPPSX-OKDASEJXSA-N,2014,Ki,6.717151
CLBZXLQZQXTQMX-UHFFFAOYSA-N,1987,EC50,6.596879
CLCFXDSSPUCCKP-UHFFFAOYSA-N,2020,Ki,6.330404
CLHNMTROPPBBIR-UHFFFAOYSA-N,1998,IC50,6.602060
CLLQEXUCEWAACY-UHFFFAOYSA-N,2010,Ki,5.200000
CLSKBBHRGMBREO-UHFFFAOYSA-N,1998,Ki,6.552842
CLYNVSXWCAGMQB-UHFFFAOYSA-N,2016,Ki,6.199998
CLYNVSXWCAGMQB-UHFFFAOYSA-N,2019,Ki,6.219683
CLYNVSXWCAGMQB-UHFFFAOYSA-N,2020,Ki,6.219683
CLYZVNJXJPXTED-FXAWDEMLSA-N,2019,Ki,7.050122
CLYZVNJXJPXTED-FXAWDEMLSA-N,2020,Ki,7.050122
CLYZVNJXJPXTED-UHFFFAOYSA-N,2016,Ki,6.699992
CLYZVNJXJPXTED-UHFFFAOYSA-N,2016,Ki,6.299998
CLYZVNJXJPXTED-UHFFFAOYSA-N,2016,Ki,6.699992
CLYZVNJXJPXTED-UHFFFAOYSA-N,2019,Ki,6.829738
CLYZVNJXJPXTED-UHFFFAOYSA-N,2020,Ki,6.829738
CLYZVNJXJPXTED-XLIONFOSSA-N,2019,Ki,6.769551
CLYZVNJXJPXTED-XLIONFOSSA-N,2020,Ki,6.769551
CLZFBRKWSABTPJ-UHFFFAOYSA-N,2011,Ki,7.638272
CLZFBRKWSABTPJ-UHFFFAOYSA-N,2011,Ki,7.769551
CMEKWJGRDHWQSI-UHFFFAOYSA-N,2003,Ki,6.698970
CMFMZBLAQQULNF-UHFFFAOYSA-N,2007,Ki,5.698970
CMIREZHKYCLJMD-UHFFFAOYSA-N,2007,Ki,7.812479
CMIREZHKYCLJMD-UHFFFAOYSA-N,2007,EC50,8.671620
CMKAPQVRIZCIMH-UHFFFAOYSA-N,2023,Ki,5.474178
CMKZLXVPTDYVOB-UHFFFAOYSA-N,2004,Ki,5.096910
CMSXGONDQZVASO-MXVIHJGJSA-N,2014,Ki,6.502904
CMTLMUAHYIMWAR-VQIMIIECSA-N,2012,Ki,6.376751
CMZYPGWYRMTMMW-UHFFFAOYSA-N,2021,IC50,5.830000
CNARPAZVQVCVGJ-UHFFFAOYSA-N,2002,Ki,6.721246
CNARPAZVQVCVGJ-UHFFFAOYSA-N,2002,Ki,6.920819
CNARPAZVQVCVGJ-UHFFFAOYSA-N,2007,Ki,6.719991
CNARPAZVQVCVGJ-UHFFFAOYSA-N,2015,Ki,7.236572
CNAWUGXPLJMOSN-SFHVURJKSA-N,2003,Ki,5.886057
CNAWUGXPLJMOSN-SFHVURJKSA-N,2003,Ki,6.060481
CNAWUGXPLJMOSN-SFHVURJKSA-N,2003,Ki,6.193820
CNAWUGXPLJMOSN-SFHVURJKSA-N,2003,Ki,6.376751
CNFSPPDVZAYHDT-UHFFFAOYSA-N,2010,Ki,7.287350
CNFWITKOFBJCHE-UHFFFAOYSA-N,2013,Ki,6.593460
CNGQSMFIQRDDKI-UHFFFAOYSA-N,1999,Ki,5.180456
CNGQSMFIQRDDKI-UHFFFAOYSA-N,1999,Ki,5.200659
CNIUTIHLBNEOKA-UHFFFAOYSA-N,2011,Ki,6.709965
CNKNJMJEVKMFAR-UHFFFAOYSA-N,2007,Ki,7.602060
CNKNJMJEVKMFAR-UHFFFAOYSA-N,2008,Ki,7.609949
CNKXCQYEDYCLBH-UHFFFAOYSA-N,2023,Ki,6.917215
CNMSAIQUKYYMGN-MXVIHJGJSA-N,1997,Ki,7.920819
CNNRPXDUHKLPGW-NGRWLJPCSA-N,2008,Ki,8.974694
CNNRPXDUHKLPGW-NGRWLJPCSA-N,2008,IC50,8.716699
CNROBRSRSPCLEA-AFARHQOCSA-N,2013,Ki,6.706637
CNRWQWXTVCUGCK-AQYVVDRMSA-N,2014,Ki,6.672437
CNSLJGGREUXDPB-GOSISDBHSA-N,2002,Ki,7.229148
CNTUZANNBZOTNO-UHFFFAOYSA-N,2022,Ki,6.260001
CNYTYKJCKVUZFG-UHFFFAOYSA-N,2007,Ki,8.100015
COCBRLNWXSGWJZ-UHFFFAOYSA-N,1996,Ki,5.723079
COEIYPFBVNMGKP-UHFFFAOYSA-N,2020,Ki,6.494850
COGCORROFSOJTQ-UHFFFAOYSA-N,2019,Ki,6.669586
COGCORROFSOJTQ-UHFFFAOYSA-N,2019,Ki,6.669992
COJAZIUIZFFLJD-UHFFFAOYSA-N,2002,Ki,5.335076
COMHXTZJQDZANW-UHFFFAOYSA-N,2017,Ki,6.465974
COMHXTZJQDZANW-UHFFFAOYSA-N,2018,Ki,6.465974
COUJBINMEWMUHW-UHFFFAOYSA-N,2006,Ki,4.546300
COYPHMJWMCMIIQ-UHFFFAOYSA-N,2017,Ki,8.769551
COYPPYFVEXHGJK-UHFFFAOYSA-N,1997,Ki,6.481486
COZFSYRFFSZJDT-UHFFFAOYSA-N,2002,Ki,5.233067
COZOLDKSYVOKCH-UHFFFAOYSA-N,2004,Ki,5.376751
CPDKHEPGGZULPR-UHFFFAOYSA-N,2004,Ki,8.638272
CPDKHEPGGZULPR-UHFFFAOYSA-N,2008,Ki,8.638272
CPIWUAZRERXKBW-UHFFFAOYSA-N,2014,Ki,6.065502
CPIWUAZRERXKBW-UHFFFAOYSA-N,2014,Ki,6.327902
CPJKSKGAJPQEPQ-UHFFFAOYSA-N,2019,Ki,8.096910
CPKUIKQUAANRIQ-UHFFFAOYSA-N,2010,Ki,6.218245
CPMYCSGJHYEDKR-UHFFFAOYSA-N,1993,Ki,5.966576
CPTSTFKVXWZGEV-UHFFFAOYSA-N,2002,Ki,5.443697
CPTSTFKVXWZGEV-UHFFFAOYSA-N,2002,Ki,5.585027
CPTSTFKVXWZGEV-UHFFFAOYSA-N,2002,Ki,6.769551
CPTSTFKVXWZGEV-UHFFFAOYSA-N,2005,Ki,5.443697
CPTSTFKVXWZGEV-UHFFFAOYSA-N,2005,Ki,7.189096
CPTSTFKVXWZGEV-UHFFFAOYSA-N,2004,Ki,5.443697
CPTSTFKVXWZGEV-UHFFFAOYSA-N,2004,Ki,5.585027
CPTSTFKVXWZGEV-UHFFFAOYSA-N,2005,Ki,7.371611
CPTSTFKVXWZGEV-UHFFFAOYSA-N,2005,IC50,7.023650
CPTSTFKVXWZGEV-UHFFFAOYSA-N,2005,Ki,7.189096
CPTSTFKVXWZGEV-UHFFFAOYSA-N,2005,Ki,5.443697
CPTSTFKVXWZGEV-UHFFFAOYSA-N,2005,Ki,5.585027
CPTSTFKVXWZGEV-UHFFFAOYSA-N,2007,Ki,5.440000
CPTSTFKVXWZGEV-UHFFFAOYSA-N,2013,Ki,5.443697
CPTSTFKVXWZGEV-UHFFFAOYSA-N,2015,Ki,6.000000
CPTTYKNXUVQTGN-UHFFFAOYSA-N,2004,Ki,7.050610
CPTTYKNXUVQTGN-UHFFFAOYSA-N,2004,Ki,7.494850
CPTUHCVCDVDCJV-UHFFFAOYSA-N,2016,Ki,5.767258
CPWJJWMVFFZCGJ-IBGZPJMESA-N,2012,EC50,6.943095
CPWJJWMVFFZCGJ-UHFFFAOYSA-N,2013,EC50,6.943095
CPWLTNLRAGBWKJ-UHFFFAOYSA-N,2007,Ki,7.823909
CPYQIOWHIBJHPE-KESTWPANSA-N,2023,Ki,6.086186
CQABPCACTMBCQC-HZCBDIJESA-N,2007,Ki,6.812479
CQABPCACTMBCQC-SZPZYZBQSA-N,2007,Ki,6.889410
CQBTYAKAEVDTHI-UHFFFAOYSA-N,2007,Ki,6.853872
CQBTYAKAEVDTHI-UHFFFAOYSA-N,2007,Ki,7.107905
CQDDNQVYYAJBQL-UHFFFAOYSA-N,2023,Ki,5.772113
CQEZTUMTHGCHPH-UHFFFAOYSA-N,2017,Ki,6.175224
CQEZTUMTHGCHPH-UHFFFAOYSA-N,2018,Ki,6.175224
CQGCCVPXYLTEHT-UHFFFAOYSA-N,2002,Ki,6.031517
CQLNLMLQKSNCPW-UHFFFAOYSA-N,2007,Ki,6.602060
CQLNLMLQKSNCPW-UHFFFAOYSA-N,2007,Ki,6.795880
CQNWLYUGTVHPNE-TZIWHRDSSA-N,2021,Ki,6.016825
CQPLSAHLVMGWEI-UHFFFAOYSA-N,1995,Ki,5.920096
CQQHORALNAXNNO-LBPRGKRZSA-N,2020,Ki,6.958607
CQTUBBGJACSDPZ-UHFFFAOYSA-N,1998,IC50,6.920819
CQUBXYMWRLKXKL-UHFFFAOYSA-N,2021,Ki,5.882729
CQUFCEROSHHDTD-YEMPIKNUSA-N,2014,Ki,7.066007
CQZPSNRJVCQSPU-UHFFFAOYSA-N,2018,Ki,7.346787
CQZPSNRJVCQSPU-UHFFFAOYSA-N,2018,Ki,6.879426
CRAJXQNFXAOYDL-FXAWDEMLSA-N,2019,Ki,6.209715
CRAJXQNFXAOYDL-FXAWDEMLSA-N,2020,Ki,6.209715
CRAJXQNFXAOYDL-UHFFFAOYSA-N,2016,Ki,6.199998
CRAJXQNFXAOYDL-UHFFFAOYSA-N,2016,Ki,5.700001
CRAJXQNFXAOYDL-UHFFFAOYSA-N,2016,Ki,6.199998
CRAJXQNFXAOYDL-UHFFFAOYSA-N,2019,Ki,6.189767
CRAJXQNFXAOYDL-UHFFFAOYSA-N,2020,Ki,6.189767
CRAJXQNFXAOYDL-XLIONFOSSA-N,2019,Ki,5.649946
CRAJXQNFXAOYDL-XLIONFOSSA-N,2020,Ki,5.649946
CRARFJICFRVCGK-MXVIHJGJSA-N,2012,EC50,5.801343
CRARFJICFRVCGK-MXVIHJGJSA-N,2012,Ki,6.838632
CRARFJICFRVCGK-UHFFFAOYSA-N,2015,Ki,6.838632
CRARFJICFRVCGK-UHFFFAOYSA-N,2015,EC50,4.337242
CRARFJICFRVCGK-UHFFFAOYSA-N,2015,EC50,5.677781
CRDDYQHSKSCCPP-LOSJGSFVSA-N,2023,Ki,5.809668
CRDPGPNGVQWYOK-UHFFFAOYSA-N,2012,Ki,5.847712
CRHLQSKLPOQEER-UHFFFAOYSA-N,2011,Ki,8.301030
CRIDIVQBOHLVBM-INIZCTEOSA-N,2015,EC50,7.665546
CRIDIVQBOHLVBM-INIZCTEOSA-N,2015,EC50,6.373660
CRIDIVQBOHLVBM-INIZCTEOSA-N,2015,EC50,5.405607
CRIIWZWMEASXGQ-UHFFFAOYSA-N,2020,IC50,5.606952
CRIIWZWMEASXGQ-UHFFFAOYSA-N,2021,Ki,7.552842
CRMAPALWSALKCW-UHFFFAOYSA-N,2021,Ki,8.568636
CROXIASATJXZSZ-UHFFFAOYSA-N,2007,Ki,6.412289
CROXIASATJXZSZ-UHFFFAOYSA-N,2007,Ki,7.585027
CROZWIWOTLHYEL-UHFFFAOYSA-N,2018,Ki,5.464833
CRPFIYXBQORQJX-UHFFFAOYSA-N,2021,Ki,7.431798
CRQSMHIXGLLMKT-UHFFFAOYSA-N,2020,IC50,5.045757
CRSMUMSMFUSJCR-ZXSXIFIVSA-N,2022,Ki,5.769551
CRSNRKDXRDGEMB-UHFFFAOYSA-N,2020,Ki,5.824778
CRSNRKDXRDGEMB-UHFFFAOYSA-N,2020,Ki,5.894149
CRSNRKDXRDGEMB-UHFFFAOYSA-N,2020,Ki,6.112383
CRSNRKDXRDGEMB-UHFFFAOYSA-N,2022,Ki,5.824778
CRSXTGXQBKLMCN-OKDJAKQTSA-N,2009,Ki,6.599998
CRSXTGXQBKLMCN-OKDJAKQTSA-N,2009,Ki,6.599998
CRTXNNNIYVQHEB-IPJJNNNSSA-N,2021,Ki,7.040482
CRVXXEZDJABOJD-UHFFFAOYSA-N,2011,Ki,9.853872
CRYGIUKJRPGSDW-UHFFFAOYSA-N,1999,Ki,6.481486
CRZNBNPCQMURSC-UHFFFAOYSA-N,2006,Ki,6.200659
CRZWHAXESOORIJ-UHFFFAOYSA-N,2016,Ki,5.769551
CSDBSZTUUSMSCP-UHFFFAOYSA-N,2022,Ki,5.408157
CSFWIRRKNFTOOA-FQEVSTJZSA-N,2019,Ki,4.723538
CSFWIRRKNFTOOA-FQEVSTJZSA-N,2022,Ki,4.723538
CSFWIRRKNFTOOA-HXUWFJFHSA-N,2019,Ki,4.669586
CSFWIRRKNFTOOA-HXUWFJFHSA-N,2022,Ki,4.669586
CSFWIRRKNFTOOA-UHFFFAOYSA-N,2019,Ki,4.681937
CSFWIRRKNFTOOA-UHFFFAOYSA-N,2022,Ki,4.567031
CSFWIRRKNFTOOA-UHFFFAOYSA-N,2022,Ki,4.681937
CSHFTPUNJFOMTD-UHFFFAOYSA-N,1994,Ki,6.256490
CSJWCVLNTAZHKD-UHFFFAOYSA-N,2019,IC50,6.688246
CSJWNRPOOLNVFL-UHFFFAOYSA-N,2020,Ki,6.576754
CSJWNRPOOLNVFL-UHFFFAOYSA-N,2022,Ki,6.576754
CSKYOEFARAEABU-UAPYVXQJSA-N,2014,Ki,7.332360
CSPGDCAGTHQSNB-UHFFFAOYSA-N,2005,Ki,7.835647
CSQTYZHHBNDDMS-UHFFFAOYSA-N,2011,Ki,6.562249
CSWAXADHPUYFGC-UHFFFAOYSA-N,2019,Ki,5.999566
CSWAXADHPUYFGC-UHFFFAOYSA-N,2020,Ki,5.999566
CSWAXADHPUYFGC-UHFFFAOYSA-N,2022,Ki,6.000000
CSXDCXKRVCLDQH-UHFFFAOYSA-N,2011,Ki,7.173925
CSXDCXKRVCLDQH-UHFFFAOYSA-N,2011,Ki,7.275724
CSXDCXKRVCLDQH-UHFFFAOYSA-N,2011,Ki,7.920819
CSXDCXKRVCLDQH-UHFFFAOYSA-N,2011,Ki,7.275724
CSXDCXKRVCLDQH-UHFFFAOYSA-N,2011,Ki,7.173925
CTBCYIMBXFMSFW-IFMALSPDSA-N,2021,Ki,6.245652
CTDCQQXDSZWWIE-HRAATJIYSA-N,2019,Ki,6.872895
CTDCQQXDSZWWIE-HRAATJIYSA-N,2019,Ki,4.677781
CTDCQQXDSZWWIE-KKSFZXQISA-N,2019,Ki,5.282329
CTMBSXSNFDPMFG-MBOZVWFJSA-N,2013,Ki,6.135608
CTPVTXDLFFRQAD-UHFFFAOYSA-N,2016,Ki,6.399997
CTPVTXDLFFRQAD-UHFFFAOYSA-N,2019,Ki,6.429457
CTPVTXDLFFRQAD-UHFFFAOYSA-N,2020,Ki,6.429457
CTRVTEOXKBMCKO-QPPBQGQZSA-N,2016,Ki,6.230003
CTRVTEOXKBMCKO-QPPBQGQZSA-N,2016,Ki,6.909989
CTRVTEOXKBMCKO-QPPBQGQZSA-N,2019,Ki,6.910095
CTRVTEOXKBMCKO-URXFXBBRSA-N,2019,Ki,6.889410
CTRVTEOXKBMCKO-ZJSXRUAMSA-N,2019,Ki,6.379864
CTTVMGVVWWHIMC-UHFFFAOYSA-N,2019,Ki,8.550059
CTVAPGCBERCRDO-BHIYHBOVSA-N,1993,Ki,9.096910
CTWAEGZNMNTFST-UHFFFAOYSA-N,2009,Ki,6.799998
CTWFQXKVAMVTEI-UHFFFAOYSA-N,2012,Ki,6.537602
CTWFQXKVAMVTEI-UHFFFAOYSA-N,2012,Ki,7.080922
CTWUXLPDTJVXKK-UHFFFAOYSA-N,2023,Ki,8.396856
CTWUXLPDTJVXKK-UHFFFAOYSA-N,2023,Ki,8.389979
CTWUXLPDTJVXKK-UHFFFAOYSA-N,2023,EC50,8.645892
CTWUXLPDTJVXKK-UHFFFAOYSA-N,2023,EC50,8.639975
CTWUXLPDTJVXKK-UHFFFAOYSA-N,2023,EC50,9.086186
CTWUXLPDTJVXKK-UHFFFAOYSA-N,2023,EC50,9.079981
CUAINFDJRFUIDT-UHFFFAOYSA-N,2015,Ki,7.958607
CUAINFDJRFUIDT-UHFFFAOYSA-N,2015,Ki,8.096910
CUAINFDJRFUIDT-UHFFFAOYSA-N,2015,EC50,6.699992
CUAINFDJRFUIDT-UHFFFAOYSA-N,2015,EC50,5.450000
CUDIFALFXGTJEV-UHFFFAOYSA-N,2007,Ki,7.400008
CUFJQHNVDRIQJL-UHFFFAOYSA-N,2020,Ki,6.089909
CUHXIEXGYANARS-LUBYNABHSA-N,2022,Ki,6.698970
CUIKAPOUIHQKER-UHFFFAOYSA-N,1997,Ki,6.610834
CUIKAPOUIHQKER-UHFFFAOYSA-N,2005,Ki,6.610002
CUILJUVWLOGVCM-UHFFFAOYSA-N,2002,Ki,5.668573
CUKXVIBQJUBHRB-UHFFFAOYSA-N,2007,Ki,6.795880
CUMDYMGWFWPPEV-UHFFFAOYSA-N,2001,Ki,8.000000
CUNIDKSASOTBGS-UHFFFAOYSA-N,2014,Ki,7.657577
CUOZZEMLTFRECQ-UHFFFAOYSA-N,2009,Ki,7.599980
CUOZZEMLTFRECQ-UHFFFAOYSA-N,2009,Ki,7.599980
CUZBNCPQNUFDMK-UHFFFAOYSA-N,2023,Ki,7.585027
CUZBNCPQNUFDMK-UHFFFAOYSA-N,2023,Ki,7.886057
CVACHCAWLODKMA-UHFFFAOYSA-N,2006,Ki,6.742321
CVCVTMULKVMAMX-KGENOOAVSA-N,2021,Ki,5.055517
CVDQBFXJSLNCIC-MXVIHJGJSA-N,2017,Ki,8.590067
CVDQBFXJSLNCIC-MXVIHJGJSA-N,2017,Ki,8.590067
CVFSBPUUIKGUIL-UHFFFAOYSA-N,2019,Ki,5.675306
CVHDGXBLAOQADH-UHFFFAOYSA-N,2001,Ki,5.774691
CVHFBMSYCSPBIQ-INIZCTEOSA-N,2016,EC50,7.640165
CVHMNBOWZFIXEJ-UHFFFAOYSA-N,2013,IC50,5.853872
CVHMNBOWZFIXEJ-UHFFFAOYSA-N,2013,Ki,5.823909
CVIMVOKGOJOOSP-UHFFFAOYSA-N,2007,Ki,5.853872
CVJYJKRPDVXLEY-UHFFFAOYSA-N,2001,Ki,6.290730
CVKDESKCBDICFQ-UHFFFAOYSA-N,2017,Ki,5.700001
CVLYSHSUQHJMJF-KESTWPANSA-N,2014,Ki,7.040291
CVLZQDTWSWXSHI-CTNGQTDRSA-N,2017,Ki,6.322393
CVPLGARGNFQLNC-UHFFFAOYSA-N,2006,Ki,5.568636
CVPLGARGNFQLNC-UHFFFAOYSA-N,2006,Ki,5.494850
CVRMQFHSOSVJET-UHFFFAOYSA-N,2018,Ki,6.259637
CVWQKEFTSSJDLS-UHFFFAOYSA-N,1999,Ki,8.371611
CVXIMYJJWYDMCF-JTQLQIEISA-N,2010,IC50,7.169989
CVXZPSGNMNHGGT-UHFFFAOYSA-N,2019,IC50,8.220404
CVYUFZOROOSHLD-UHFFFAOYSA-N,2018,Ki,5.772113
CWADTSDGYTVLDK-UHFFFAOYSA-N,1995,Ki,7.599980
CWGVPEOXWFRWOV-HNKWHGCMSA-N,2014,Ki,6.391132
CWHYKZYCZYQHQP-UHFFFAOYSA-N,1996,Ki,5.890084
CWNOZQXNGIIXDT-UHFFFAOYSA-N,1997,Ki,5.842241
CWPKTBMRVATCBL-UHFFFAOYSA-N,2008,IC50,5.292430
CWPKTBMRVATCBL-UHFFFAOYSA-N,2008,IC50,5.576754
CWPNHPQGJLXJNH-UHFFFAOYSA-N,2010,Ki,6.595166
CWRQNZXCKKVFTG-MJGOQNOKSA-N,1998,Ki,6.023192
CWTKWMZRXUTRKL-PGWJBFNOSA-N,2003,Ki,6.499997
CWVVNHIKQCMQOH-UHFFFAOYSA-N,2015,Ki,8.080922
CWVVNHIKQCMQOH-UHFFFAOYSA-N,2015,EC50,8.214670
CWVVNHIKQCMQOH-UHFFFAOYSA-N,2015,EC50,8.508638
CWVVNHIKQCMQOH-UHFFFAOYSA-N,2015,EC50,8.221849
CWWBESFKDFTCAO-ONEGZZNKSA-N,2005,Ki,7.995679
CWYDVWDIVIJIOS-UHFFFAOYSA-N,2012,Ki,6.663540
CWYDVWDIVIJIOS-UHFFFAOYSA-N,2016,Ki,6.663540
CWYDVWDIVIJIOS-UHFFFAOYSA-N,2016,Ki,6.659992
CXACCTLHKWWMBU-MGFGWZDJSA-N,2003,Ki,6.699992
CXGGCNYHKKNQGW-UHFFFAOYSA-N,2013,Ki,7.657577
CXGGCNYHKKNQGW-UHFFFAOYSA-N,2013,Ki,7.700057
CXHLKGHIDPMPHM-UHFFFAOYSA-N,2012,Ki,6.732828
CXIWPRAOWYSIRG-UHFFFAOYSA-N,2023,Ki,7.519993
CXIWPRAOWYSIRG-UHFFFAOYSA-N,2023,Ki,7.510042
CXIWPRAOWYSIRG-UHFFFAOYSA-N,2023,EC50,7.239578
CXIWPRAOWYSIRG-UHFFFAOYSA-N,2023,EC50,7.240030
CXIWPRAOWYSIRG-UHFFFAOYSA-N,2023,EC50,6.530178
CXIWPRAOWYSIRG-UHFFFAOYSA-N,2023,EC50,6.530001
CXKQSMUCGLKJEI-UHFFFAOYSA-N,2014,Ki,7.958607
CXKSEZNDLPVFPJ-UHFFFAOYSA-N,2016,Ki,6.499997
CXKSEZNDLPVFPJ-UHFFFAOYSA-N,2019,Ki,6.480172
CXLVVCJMIHLIFY-UHFFFAOYSA-N,2020,Ki,5.158328
CXLVVCJMIHLIFY-UHFFFAOYSA-N,2022,Ki,5.158328
CXLYWFQWNGCVEG-IYARVYRRSA-N,2013,Ki,6.107905
CXMRZVOWSQPBGP-UHFFFAOYSA-N,1994,Ki,5.705754
CXNXVMOAPQHKNR-UHFFFAOYSA-N,2019,Ki,6.829738
CXQUOFVDYCOSEZ-TYABSZSSSA-N,2019,Kd,10.260032
CXQUOFVDYCOSEZ-TYABSZSSSA-N,2019,Ki,10.280006
CXQUOFVDYCOSEZ-UHFFFAOYSA-N,2003,Ki,9.508638
CXQUOFVDYCOSEZ-UHFFFAOYSA-N,2003,Ki,9.510042
CXQUOFVDYCOSEZ-UHFFFAOYSA-N,2006,Ki,8.795880
CXQUOFVDYCOSEZ-UHFFFAOYSA-N,2008,Ki,8.795880
CXQUOFVDYCOSEZ-UHFFFAOYSA-N,2009,Ki,8.795880
CXQUOFVDYCOSEZ-UHFFFAOYSA-N,2014,Ki,9.508638
CXUPIKFOYBQLBD-UHFFFAOYSA-N,2013,Ki,7.289883
CXUYOOFBSRHYSG-AZUAARDMSA-N,2010,Ki,5.876802
CXVQXJAGWNCEQH-AWEZNQCLSA-N,2022,Ki,6.259637
CXVWRWOFYFBNKU-OZBJMMHXSA-N,2021,Ki,7.570248
CXVWRWOFYFBNKU-OZBJMMHXSA-N,2021,EC50,7.209715
CXVWRWOFYFBNKU-OZBJMMHXSA-N,2021,EC50,6.075979
CXWMHNWEROVFMB-UHFFFAOYSA-N,2002,Ki,6.568636
CXWMHNWEROVFMB-UHFFFAOYSA-N,2002,Ki,6.744727
CXWMHNWEROVFMB-UHFFFAOYSA-N,2007,Ki,6.570006
CXWMHNWEROVFMB-UHFFFAOYSA-N,2015,Ki,6.537602
CXZDAMKDHUXFMW-UHFFFAOYSA-N,2008,Ki,8.221849
CYBHGHQYVGGXRB-BDYUSTAISA-N,1998,Ki,7.199971
CYDFRMLIERPUGG-UHFFFAOYSA-N,2005,Ki,6.853872
CYDGNUMWYIAVLK-UHFFFAOYSA-N,2008,Ki,4.698970
CYGODHVAJQTCBG-UHFFFAOYSA-N,2001,Ki,8.657577
CYGODHVAJQTCBG-UHFFFAOYSA-N,2010,Ki,8.657577
CYGODHVAJQTCBG-UHFFFAOYSA-N,2010,Ki,10.000000
CYGODHVAJQTCBG-UHFFFAOYSA-N,2010,Ki,10.397940
CYGODHVAJQTCBG-UHFFFAOYSA-N,2013,IC50,8.537602
CYGODHVAJQTCBG-UHFFFAOYSA-N,2013,Ki,9.221849
CYGODHVAJQTCBG-UHFFFAOYSA-N,2014,Ki,8.638272
CYGODHVAJQTCBG-UHFFFAOYSA-N,2014,Ki,8.639975
CYHIQHDBFGBIFJ-UHFFFAOYSA-N,2012,Ki,4.721246
CYHIQHDBFGBIFJ-UHFFFAOYSA-N,2012,Ki,5.013228
CYIRPXRIGGCJMZ-UHFFFAOYSA-N,2007,Ki,8.029979
CYIRPXRIGGCJMZ-UHFFFAOYSA-N,2015,Ki,8.602060
CYJSCTCAPUEIHE-IFCLKOLQSA-N,2018,IC50,6.924453
CYKDLPATFKQUCK-UHFFFAOYSA-N,2016,IC50,7.457175
CYMMDQPIVHDAPZ-UHFFFAOYSA-N,2010,Ki,7.258848
CYOBJTAQBGDFGU-YPGOJHLTSA-N,2008,Ki,8.853872
CYPFZEOONAAFRZ-UHFFFAOYSA-N,2004,Ki,5.274333
CYPJMEGEBKHODC-UHFFFAOYSA-N,2017,Ki,6.131944
CYRGUPLYZBDIMV-UHFFFAOYSA-N,2025,Ki,6.939982
CYTWSFCTEHSEGC-UHFFFAOYSA-N,2023,Ki,6.140862
CYUPYMRELPZOGV-UHFFFAOYSA-N,2012,IC50,4.970000
CYUPYMRELPZOGV-UHFFFAOYSA-N,2012,IC50,4.958607
CYVSYTNDELGUJS-UHFFFAOYSA-N,2022,Ki,8.096910
CZDGXTCLWDUEJD-BUMRKTEESA-O,2014,Ki,7.192736
CZJDTJSRJBOOFX-UHFFFAOYSA-N,2022,Ki,7.260032
CZLNGXCUCYKLOR-UHFFFAOYSA-N,2019,Ki,7.387216
CZLNGXCUCYKLOR-UHFFFAOYSA-N,2019,Ki,7.585027
CZLSEABFCZWLAR-UHFFFAOYSA-N,2020,Ki,6.749580
CZMNVXMBURYBAI-UHFFFAOYSA-N,2010,Ki,8.769551
CZOXEMUHIJZXSF-UHFFFAOYSA-N,2012,Ki,6.696804
CZOXEMUHIJZXSF-UHFFFAOYSA-N,2016,Ki,6.696804
CZOXEMUHIJZXSF-UHFFFAOYSA-N,2016,Ki,6.699992
CZPHWPDUDLEVFW-UHFFFAOYSA-N,2010,Ki,5.526221
CZRAUIZNVBALPQ-UHFFFAOYSA-N,2007,Ki,5.928118
CZZLANJHXIERAX-UHFFFAOYSA-N,2009,Ki,6.399997
DABGEKAEKHHGFN-UHFFFAOYSA-N,2010,Ki,5.716021
DABGEKAEKHHGFN-UHFFFAOYSA-N,2010,Ki,6.365523
DABZIXMFPZVHTF-XUTJKUGGSA-N,2023,Ki,6.275724
DAIVKPCIFVVSGY-UHFFFAOYSA-N,2017,Ki,6.838632
DAKGDRVNCPHAPY-KDOFPFPSSA-N,2003,Ki,5.647817
DAKGDRVNCPHAPY-KDOFPFPSSA-N,2000,Ki,5.647817
DAKGDRVNCPHAPY-KDOFPFPSSA-N,2001,Ki,5.647817
DAKGDRVNCPHAPY-RDTXWAMCSA-N,2003,Ki,6.583359
DAKGDRVNCPHAPY-RDTXWAMCSA-N,2000,Ki,6.583359
DAMZXOKWXKGWAF-UHFFFAOYSA-N,2019,Ki,6.823909
DAMZXOKWXKGWAF-UHFFFAOYSA-N,2019,Ki,6.958607
DAPKZSBUPLWYBG-CCEZHUSRSA-N,2002,Ki,5.012155
DAQRADKKYACIIM-UHFFFAOYSA-N,1999,Ki,5.800001
DATNAXXQOLNOOK-UHFFFAOYSA-N,2012,Ki,8.869988
DATNAXXQOLNOOK-UHFFFAOYSA-N,2012,IC50,7.630042
DATNAXXQOLNOOK-UHFFFAOYSA-N,2012,IC50,7.638272
DATNAXXQOLNOOK-UHFFFAOYSA-N,2012,Ki,8.850781
DAUORZLLBDGUDH-AREMUKBSSA-N,2003,Ki,5.193820
DAUORZLLBDGUDH-AREMUKBSSA-N,2003,Ki,5.397940
DAUORZLLBDGUDH-AREMUKBSSA-N,2003,Ki,5.113509
DAUORZLLBDGUDH-AREMUKBSSA-N,2003,Ki,5.259637
DAUSNPVLXKKGNQ-WOJBJXKFSA-N,2001,Ki,6.301030
DAUWLWXYAUUDKU-AQYVVDRMSA-N,2014,Ki,7.201073
DBCKRBGYGMVSTI-UHFFFAOYSA-N,2011,IC50,7.000000
DBCKRBGYGMVSTI-UHFFFAOYSA-N,2012,EC50,8.346787
DBCKRBGYGMVSTI-UHFFFAOYSA-N,2014,EC50,8.700057
DBFMZFWPENBAGS-UHFFFAOYSA-N,2023,Ki,6.958607
DBFMZFWPENBAGS-UHFFFAOYSA-N,2023,Ki,7.207608
DBFSWXFALPMOGP-LADGPHEKSA-N,2010,Ki,5.961380
DBHSOMRLOFZXDC-AFARHQOCSA-N,2014,Ki,7.180588
DBJFBHNMHQIBDU-UHFFFAOYSA-N,2008,IC50,6.853872
DBRVEHQLZZEVFX-MXVIHJGJSA-N,2016,Ki,9.292430
DBRVEHQLZZEVFX-MXVIHJGJSA-N,2017,Ki,9.055517
DBRVEHQLZZEVFX-MXVIHJGJSA-N,2017,Ki,9.055517
DBVKBHZXWSOLJO-UGNFMNBCSA-N,2019,Ki,7.089909
DBXZHGCWVRWCGN-UHFFFAOYSA-N,2012,Ki,7.221849
DBYROHXTWXIWAR-UHFFFAOYSA-N,2012,Ki,8.500038
DBYROHXTWXIWAR-UHFFFAOYSA-N,2012,IC50,7.059982
DBYROHXTWXIWAR-UHFFFAOYSA-N,2012,IC50,7.060481
DBYROHXTWXIWAR-UHFFFAOYSA-N,2012,Ki,8.443697
DCCITNRSVJBGMS-KESTWPANSA-N,2023,Ki,5.958607
DCDSVYQQSBWIRG-UHFFFAOYSA-N,2002,Ki,5.508638
DCDSVYQQSBWIRG-UHFFFAOYSA-N,2002,Ki,5.522879
DCFGDYDTTWPOBM-UHFFFAOYSA-N,2011,Ki,7.189096
DCFQCUAMUNSALM-UHFFFAOYSA-N,2014,Ki,7.823909
DCFYVNHQUVKFKK-UHFFFAOYSA-N,2012,Ki,7.686133
DCFYVNHQUVKFKK-UHFFFAOYSA-N,2019,Ki,7.686133
DCIOHCJFMCIMPE-SKPFHBQLSA-N,2021,Ki,8.552842
DCJWAUUNGWWIFD-KUHUBIRLSA-N,2003,Ki,8.638272
DCJWAUUNGWWIFD-KUHUBIRLSA-N,2003,Ki,8.698970
DCJWAUUNGWWIFD-KUHUBIRLSA-N,2003,Ki,8.431798
DCJWAUUNGWWIFD-KUHUBIRLSA-N,2003,Ki,8.522879
DCJWAUUNGWWIFD-LIRRHRJNSA-N,2003,Ki,7.823909
DCJWAUUNGWWIFD-LIRRHRJNSA-N,2003,Ki,7.958607
DCJWAUUNGWWIFD-LIRRHRJNSA-N,2003,Ki,7.677781
DCJWAUUNGWWIFD-LIRRHRJNSA-N,2003,Ki,7.721246
DCLSCGPJFHMCEP-UHFFFAOYSA-N,2019,Ki,7.823909
DCOWEWUTRNVNCR-UHFFFAOYSA-N,2008,Ki,4.180456
DCOWEWUTRNVNCR-UHFFFAOYSA-N,2008,Ki,4.102373
DCPIQPSAVXUPED-UHFFFAOYSA-N,2019,Ki,5.639975
DCPIQPSAVXUPED-UHFFFAOYSA-N,2020,Ki,5.639975
DCPPWKFRGIUQDU-IBGZPJMESA-N,2017,Ki,6.500313
DCPPWKFRGIUQDU-LJQANCHMSA-N,2017,Ki,6.694649
DCPPWKFRGIUQDU-UHFFFAOYSA-N,2015,Ki,6.493495
DCPPWKFRGIUQDU-UHFFFAOYSA-N,2017,Ki,6.571865
DCQKCNGVYBRKSC-UHFFFAOYSA-N,2017,Ki,7.769551
DCSUBABJRXZOMT-UHFFFAOYSA-N,2006,IC50,6.643974
DCSUBABJRXZOMT-UHFFFAOYSA-N,,IC50,6.325139
DCSUBABJRXZOMT-UHFFFAOYSA-N,,Ki,6.801343
DCTJWNXQZKKVMP-UABRLCRWSA-N,2016,EC50,7.423659
DCUSPAKRQWQEKK-UHFFFAOYSA-N,2020,Ki,6.204120
DCUSPAKRQWQEKK-UHFFFAOYSA-N,2022,Ki,6.204120
DCVJRBZAOIFCKY-VIFPVBQESA-N,2010,IC50,7.590067
DCVQHBNYAZYIKB-UHFFFAOYSA-N,2014,Ki,7.585027
DCVYADGMMVMIBW-VQTJNVASSA-N,2020,Ki,6.318759
DCYQDLXNSVPRHU-AZUAARDMSA-N,2010,Ki,5.862963
DCZHKWLSZWKCQB-UHFFFAOYSA-N,2016,Ki,6.882729
DDCGYKUGMMDSDD-UHFFFAOYSA-N,1997,Ki,6.528708
DDGNKEAPKHYRST-XUTJKUGGSA-N,2023,Ki,5.823909
DDHRRRBBKQJRMS-UHFFFAOYSA-N,2022,Ki,3.935917
DDIJOHSTGKDAKN-QPJJXVBHSA-N,1994,Ki,5.364114
DDIKSIDUOMAEBE-UHFFFAOYSA-N,2023,Ki,6.913640
DDLKKLRIFBJGAF-UHFFFAOYSA-N,2005,Ki,8.292430
DDLMXDXJVCLTCF-QAPCUYQASA-N,1998,Ki,5.725842
DDNAXKKEJCCHMD-UHFFFAOYSA-N,2006,Ki,6.742321
DDNAXKKEJCCHMD-UHFFFAOYSA-N,2006,Ki,6.742321
DDNAXKKEJCCHMD-UHFFFAOYSA-N,2006,Ki,6.742321
DDOIPTNOPZXSRC-XUTJKUGGSA-N,2014,Ki,6.292941
DDRAKDPEZWFDFW-UYAOXDASSA-N,2000,IC50,7.431798
DDUMZFBUNOKXMQ-UHFFFAOYSA-N,2022,Ki,7.086186
DDXVSTOHMBOXGN-GOSISDBHSA-N,2024,Ki,7.140862
DDZQSWIRTNPRHD-UDEKHCAPSA-N,2015,Ki,6.564793
DEBXCTLSFPSLKI-UHFFFAOYSA-N,1996,Ki,6.099999
DECRCHYWYMULIA-UHFFFAOYSA-N,2007,Ki,7.677781
DEDWJTYEDQCEEJ-WIYYLYMNSA-N,2000,IC50,6.123782
DEFGNQZVXMMHQJ-UHFFFAOYSA-N,2017,Ki,4.533132
DEHCRGUCEKMKFX-OWOJBTEDSA-N,2005,Ki,8.096910
DEILXCRBROIOGW-UHFFFAOYSA-N,2020,Ki,7.259637
DEINYMBGVCCVJR-UHFFFAOYSA-N,2022,Ki,6.703335
DEIXGWIQADAVTO-UHFFFAOYSA-N,2007,Ki,6.699992
DEJLBFQQDJSQMU-XUTJKUGGSA-N,2020,Ki,6.161151
DEKJLYJRFGCPNK-UHFFFAOYSA-N,2017,Ki,9.060481
DEKJLYJRFGCPNK-UHFFFAOYSA-N,2017,Ki,9.173925
DEKJLYJRFGCPNK-UHFFFAOYSA-N,2017,EC50,7.036212
DENZLVKUHPRTLB-UHFFFAOYSA-N,2016,Ki,7.337242
DEPZVFJRGVKNJM-UHFFFAOYSA-N,2009,Ki,7.500038
DEQITUUQPICUMR-HJPBWRTMSA-N,,IC50,8.831503
DEQITUUQPICUMR-HJPBWRTMSA-N,,Ki,9.308919
DERZBLKQOCDDDZ-JLHYYAGUSA-N,,IC50,6.110138
DERZBLKQOCDDDZ-JLHYYAGUSA-N,,Ki,6.586700
DESXWTHSPLQRFM-BVRKHOPBSA-N,2019,Ki,5.173277
DEXCWVBNPJKCOQ-HNNXBMFYSA-N,2016,Ki,6.619970
DEXCWVBNPJKCOQ-HNNXBMFYSA-N,2016,IC50,5.906789
DEYFWGXTPWNADC-IBGZPJMESA-N,1998,Ki,7.698970
DEYFWGXTPWNADC-IBGZPJMESA-N,1991,Ki,8.677781
DEYFWGXTPWNADC-LJQANCHMSA-N,1991,Ki,7.221849
DEYFWGXTPWNADC-UHFFFAOYSA-N,1991,Ki,7.876148
DEYFWGXTPWNADC-UHFFFAOYSA-N,1996,Ki,7.721246
DEYFWGXTPWNADC-UHFFFAOYSA-N,1996,Ki,9.301030
DEYFWGXTPWNADC-UHFFFAOYSA-N,2019,Ki,7.876148
DEYFWGXTPWNADC-UHFFFAOYSA-N,2019,Kd,8.364516
DFDOLOVKMMATDA-UHFFFAOYSA-N,2014,IC50,4.782516
DFHPWPGRLKWZOX-UHFFFAOYSA-N,2015,Ki,7.371611
DFNAAFSXZVGDBJ-UHFFFAOYSA-N,2012,Ki,6.349692
DFNAAFSXZVGDBJ-UHFFFAOYSA-N,2014,Ki,6.349692
DFNAAFSXZVGDBJ-UHFFFAOYSA-N,2014,Ki,6.350003
DFNHNBPKUMLYOZ-UHFFFAOYSA-N,2017,Ki,5.275724
DFNHNBPKUMLYOZ-UHFFFAOYSA-N,2017,Ki,5.920819
DFNOGIGMAURTCI-JKCYLYBBSA-N,2022,Ki,6.602060
DFONPZSBELPUSI-UHFFFAOYSA-N,2007,Ki,6.799998
DFQSHXTUDLODFA-QAQDUYKDSA-N,2021,Ki,7.113509
DFRZQKVBIWCZAV-UHFFFAOYSA-N,2007,Ki,7.164944
DFTCYTDJDXZFSK-CMPLNLGQSA-N,2021,Ki,5.879426
DFTCYTDJDXZFSK-NUHJPDEHSA-N,2019,Ki,5.759451
DFTCYTDJDXZFSK-NUHJPDEHSA-N,2021,Ki,5.759451
DFUHQLOJRVHHKU-UHFFFAOYSA-N,1997,Ki,8.700057
DFZQEPFGPDCJJF-UHFFFAOYSA-N,2006,Ki,6.315155
DGAWPOSEWXFWJX-UHFFFAOYSA-N,2003,Ki,6.310691
DGCGMYNLCDVYMB-UHFFFAOYSA-N,1996,Ki,5.259637
DGEARUMAQJGDTJ-UHFFFAOYSA-N,2016,IC50,8.000000
DGFGHVHKQCWUJA-UHFFFAOYSA-N,1997,Ki,6.528708
DGFGHVHKQCWUJA-UHFFFAOYSA-N,2005,Ki,6.530001
DGGPZCDYOYMIGP-UHFFFAOYSA-N,2010,Ki,5.855115
DGLBBHYIYLVQGF-MEMLXQNLSA-N,2007,Ki,7.376751
DGLBBHYIYLVQGF-OYRHEFFESA-N,2007,Ki,6.886057
DGRHJZMAQQIHDX-BWKNWUBXSA-N,2016,Ki,6.450004
DGRHJZMAQQIHDX-BWKNWUBXSA-N,2016,Ki,6.370000
DGSJCQBCZUXHPR-UHFFFAOYSA-N,2016,Ki,7.823909
DGTBKKBZRIVWMP-UHFFFAOYSA-N,2009,Ki,6.099999
DGUCYPDNCXXCGB-UHFFFAOYSA-N,2003,Ki,6.856985
DGUPLZWUXDQFTF-MXVIHJGJSA-N,2017,Ki,9.568636
DGUPLZWUXDQFTF-MXVIHJGJSA-N,2017,Ki,9.568636
DGWDNZHZPVHEAC-UHFFFAOYSA-N,2016,Ki,5.704213
DGWVDYZYSAQNNO-IZVJSRMBSA-N,2021,Ki,7.850781
DGZKLXNLBCVGGK-UHFFFAOYSA-N,2019,Ki,6.270026
DHAAPGIEGBCWTO-IYARVYRRSA-N,2023,Ki,6.309804
DHFUVVTYPXJZAP-UHFFFAOYSA-N,2006,Ki,6.920819
DHFUVVTYPXJZAP-UHFFFAOYSA-N,2006,Ki,7.455932
DHICCJDVBYVTJF-UHFFFAOYSA-N,2015,Ki,6.853872
DHKYCFXOSLNAFZ-UHFFFAOYSA-N,1991,Ki,6.309804
DHKYCFXOSLNAFZ-UHFFFAOYSA-N,1991,Ki,5.397940
DHLUJJLUDHJNIY-QAQDUYKDSA-N,2020,Ki,6.113509
DHLUJJLUDHJNIY-QAQDUYKDSA-N,2022,Ki,6.113509
DHMRDBMKJIHQOM-UHFFFAOYSA-N,2001,Ki,7.229148
DHOCETPWLQILEE-PLNGDYQASA-N,2005,IC50,8.125518
DHOCETPWLQILEE-PLNGDYQASA-N,2005,Ki,7.818156
DHOCETPWLQILEE-PLNGDYQASA-N,2005,Ki,8.602060
DHOCETPWLQILEE-SNAWJCMRSA-N,2005,Ki,8.537602
DHOCETPWLQILEE-SNAWJCMRSA-N,2005,IC50,7.793174
DHOCETPWLQILEE-SNAWJCMRSA-N,2005,Ki,7.630784
DHOCETPWLQILEE-SNAWJCMRSA-N,2005,Ki,8.537602
DHOLLIZICIPGNS-UHFFFAOYSA-N,2019,Ki,6.795880
DHOLLIZICIPGNS-UHFFFAOYSA-N,2019,Ki,7.026872
DHOZKKHZCBDGEK-UHFFFAOYSA-N,2010,Ki,6.299998
DHOZKKHZCBDGEK-UHFFFAOYSA-N,2010,Ki,6.399997
DHRNJGBBGGOCDQ-UHFFFAOYSA-N,2007,Ki,6.361511
DHSSDEDRBUKTQY-UHFFFAOYSA-N,2019,Ki,6.209996
DHUATBAZHILHIC-MRXNPFEDSA-N,2008,IC50,5.449772
DHUSVAZDGLXZIV-UHFFFAOYSA-N,2020,EC50,5.221849
DHUSVAZDGLXZIV-UHFFFAOYSA-N,2023,EC50,5.221849
DIHXHTWYVOYYDC-INIZCTEOSA-N,2013,Ki,6.515700
DIHXHTWYVOYYDC-INIZCTEOSA-N,2013,IC50,4.727462
DIHXHTWYVOYYDC-INIZCTEOSA-N,2017,Ki,6.273273
DIJKUIXRAWOVGJ-UHFFFAOYSA-N,2009,IC50,6.233587
DIJKUIXRAWOVGJ-UHFFFAOYSA-N,2009,IC50,5.906578
DIJKUIXRAWOVGJ-UHFFFAOYSA-N,2014,Ki,6.580044
DINBMKNNYLFNIR-UHFFFAOYSA-N,2008,Ki,7.522879
DIQJJEOAZURXOK-LLVKDONJSA-N,2017,Ki,6.230623
DIQJJEOAZURXOK-NSHDSACASA-N,2017,Ki,7.031050
DIRSMSWHIVFUOZ-UHFFFAOYSA-N,1999,Ki,6.299998
DISKLDRQYHVOPT-UHFFFAOYSA-N,2015,Ki,6.484126
DISSGPVGANAWAA-ZUWFHJRGSA-N,1994,Ki,6.136677
DISXAFLQNJTZHA-UHFFFAOYSA-N,2006,Ki,6.519993
DIXPHRIXQYGPLM-UHFFFAOYSA-N,2013,Ki,6.769551
DIXPHRIXQYGPLM-UHFFFAOYSA-N,2013,Ki,6.799998
DIYOCPLUZDCNKK-UHFFFAOYSA-N,2013,Ki,7.348722
DJAYOTFCMKFULR-UNMCSNQZSA-N,2003,Ki,7.744727
DJBHHEQBMOYWRH-HNQUOIGGSA-N,2019,Kd,7.940058
DJBHHEQBMOYWRH-HNQUOIGGSA-N,2019,Ki,7.950007
DJBHHEQBMOYWRH-IWQZZHSRSA-N,2019,Kd,7.489991
DJBHHEQBMOYWRH-IWQZZHSRSA-N,2019,Ki,7.530031
DJEXNOPSNKFQPD-UHFFFAOYSA-N,1993,Ki,5.000000
DJFZOPTYMZKMLN-UHFFFAOYSA-N,2013,IC50,6.522879
DJFZOPTYMZKMLN-UHFFFAOYSA-N,2013,Ki,7.376751
DJHHAPHHUCKKIN-SJORKVTESA-N,1998,Ki,6.037157
DJIHVEIRASRGEQ-UHFFFAOYSA-N,2021,Ki,7.000000
DJMRKPUZZUDMFC-UHFFFAOYSA-N,2012,Ki,8.443697
DJNLKADPUUFBDG-AFARHQOCSA-N,2013,Ki,6.442421
DJOCSUALXFPRDN-UODZTUOZSA-N,2020,Ki,6.537602
DJPVPEMWQNODRR-UHFFFAOYSA-N,2017,Ki,4.872895
DJUWRNXEJLCKJK-UHFFFAOYSA-N,2011,Ki,7.000000
DJUWRNXEJLCKJK-UHFFFAOYSA-N,2011,Ki,7.366532
DJVDGVSUMTWLER-DGCLKSJQSA-N,2014,EC50,7.602060
DJYCHIVFEYCSOS-UHFFFAOYSA-N,1997,Ki,8.199971
DJZHLQVGGSLCLE-MXVIHJGJSA-N,2017,Ki,8.317855
DJZHLQVGGSLCLE-MXVIHJGJSA-N,2017,Ki,8.317855
DKBPJHJAUABOCD-UHFFFAOYSA-N,2003,Ki,7.585027
DKBPQSXNYNGHQK-UHFFFAOYSA-N,2014,IC50,6.507240
DKBPQSXNYNGHQK-UHFFFAOYSA-N,2014,Ki,6.278189
DKBYSDUFSXFXMP-UHFFFAOYSA-N,2019,IC50,5.507240
DKDBPNNUSSEBFR-UHFFFAOYSA-N,2015,Ki,8.886057
DKFJCEPDDQVHLK-UKRRQHHQSA-N,2020,EC50,7.337242
DKGZKTPJOSAWFA-UHFFFAOYSA-N,1993,Ki,9.698970
DKGZKTPJOSAWFA-UHFFFAOYSA-N,1991,Ki,10.221849
DKGZKTPJOSAWFA-UHFFFAOYSA-N,1985,IC50,18.522879
DKGZKTPJOSAWFA-UHFFFAOYSA-N,2005,Ki,9.920819
DKGZKTPJOSAWFA-UHFFFAOYSA-N,1993,Ki,10.000000
DKGZKTPJOSAWFA-UHFFFAOYSA-N,2008,Ki,9.356547
DKGZKTPJOSAWFA-UHFFFAOYSA-N,2012,IC50,8.896196
DKGZKTPJOSAWFA-UHFFFAOYSA-N,2012,Ki,9.552842
DKGZKTPJOSAWFA-UHFFFAOYSA-N,2013,Ki,8.920819
DKGZKTPJOSAWFA-UHFFFAOYSA-N,2013,Ki,10.050610
DKGZKTPJOSAWFA-UHFFFAOYSA-N,2013,IC50,9.602060
DKGZKTPJOSAWFA-UHFFFAOYSA-N,2015,Ki,8.966576
DKGZKTPJOSAWFA-UHFFFAOYSA-N,2016,Kd,9.795880
DKGZKTPJOSAWFA-UHFFFAOYSA-N,2016,Ki,9.301030
DKGZKTPJOSAWFA-UHFFFAOYSA-N,2016,IC50,8.591760
DKGZKTPJOSAWFA-UHFFFAOYSA-N,2016,EC50,8.853872
DKGZKTPJOSAWFA-UHFFFAOYSA-N,2017,Ki,10.221849
DKGZKTPJOSAWFA-UHFFFAOYSA-N,2019,Ki,10.221849
DKGZKTPJOSAWFA-UHFFFAOYSA-N,2023,IC50,9.229148
DKGZKTPJOSAWFA-UHFFFAOYSA-N,2023,IC50,8.920819
DKJHWZSZJVWAQC-IYARVYRRSA-N,2013,Ki,6.924453
DKKQUUYFNCAKQG-LBPRGKRZSA-N,2010,IC50,6.589999
DKLFJXNMKAKPTA-HZCBDIJESA-N,2016,Ki,8.619789
DKLFJXNMKAKPTA-HZCBDIJESA-N,2017,Ki,8.838632
DKLFJXNMKAKPTA-HZCBDIJESA-N,2017,Ki,8.838632
DKMPNHJOVOVCMF-VSHVGKGISA-N,2001,Ki,5.899998
DKMWFGJOMJUBOA-UHFFFAOYSA-N,2010,Ki,8.420216
DKNAYNJDTLBNCH-MXVIHJGJSA-N,2014,Ki,6.906683
DKWMITGGRKWYMS-UHFFFAOYSA-N,2009,Ki,6.876148
DKXYPAWNMBQJBN-GOSISDBHSA-N,2003,Ki,5.136677
DKXYPAWNMBQJBN-GOSISDBHSA-N,2003,Ki,5.552842
DKXYPAWNMBQJBN-SFHVURJKSA-N,2003,Ki,4.744727
DKXYPAWNMBQJBN-SFHVURJKSA-N,2003,Ki,5.193820
DKYKQBWPYFTZHN-UHFFFAOYSA-N,2007,Ki,7.642065
DKYKYMRCBZJRME-HYBUGGRVSA-N,2021,Ki,6.016825
DLLDYOMDZPUMBB-UHFFFAOYSA-N,2018,IC50,7.424812
DLLULNTXJPATBC-UHFFFAOYSA-N,1996,IC50,8.000000
DLNHKFQPIHQHPC-UHFFFAOYSA-N,2003,Ki,7.397940
DLNZFPDQXJEXTN-UHFFFAOYSA-N,1997,Ki,5.899998
DLWMCYZLTYRCLS-UHFFFAOYSA-N,2005,Ki,7.798603
DLYAUPSKDVMPSS-UHFFFAOYSA-N,2019,IC50,8.110138
DLYAUPSKDVMPSS-UHFFFAOYSA-N,2019,IC50,10.036212
DMAAYDZJXUUROB-UHFFFAOYSA-N,2004,Ki,7.136677
DMAAYDZJXUUROB-UHFFFAOYSA-N,2004,Ki,6.527244
DMAPCLHFHNJPKS-GBWYYYKWSA-N,2022,Ki,6.080922
DMEAUWNQEDPHFL-UHFFFAOYSA-N,2017,Ki,7.000000
DMEAUWNQEDPHFL-UHFFFAOYSA-N,2017,Ki,7.431798
DMEAUWNQEDPHFL-UHFFFAOYSA-N,2017,EC50,6.657577
DMEAUWNQEDPHFL-UHFFFAOYSA-N,2017,EC50,6.886057
DMGPDLSWGBDRHU-UHFFFAOYSA-N,2014,Ki,6.508638
DMGPDLSWGBDRHU-UHFFFAOYSA-N,2014,Ki,6.509999
DMJMPRBSMLSUQZ-UHFFFAOYSA-N,2017,Ki,6.150581
DMJMPRBSMLSUQZ-UHFFFAOYSA-N,2018,Ki,6.150581
DMJWENQHWZZWDF-PKOBYXMFSA-N,2010,Ki,6.008774
DMJWENQHWZZWDF-PKOBYXMFSA-N,2010,Ki,6.008774
DMJWENQHWZZWDF-PKOBYXMFSA-N,2020,Ki,5.906578
DMKAPLAWGQGMFL-UHFFFAOYSA-N,2015,Ki,7.328827
DMKAPLAWGQGMFL-UHFFFAOYSA-N,2015,Ki,6.474955
DMLLNVLIAHWCRT-UHFFFAOYSA-N,2000,Ki,7.107905
DMNOVGJWPASQDL-OAQYLSRUSA-N,2023,Ki,4.079877
DMVANBWXLUGNDG-UHFFFAOYSA-N,2014,Ki,7.275724
DMWOAPDORNWCNR-UHFFFAOYSA-N,2019,IC50,7.982967
DMWOAPDORNWCNR-UHFFFAOYSA-N,2019,IC50,8.130768
DMWWEOYTOCKCTC-OXJNMPFZSA-N,2019,Ki,6.379864
DMWWEOYTOCKCTC-OXJNMPFZSA-N,2020,Ki,6.379864
DMWWEOYTOCKCTC-UHFFFAOYSA-N,2019,Ki,6.219683
DMWWEOYTOCKCTC-UHFFFAOYSA-N,2020,Ki,6.219683
DMWWEOYTOCKCTC-UZLBHIALSA-N,2019,Ki,5.700057
DMWWEOYTOCKCTC-UZLBHIALSA-N,2020,Ki,5.700057
DMXFLQZSXCIUTO-KESTWPANSA-N,2014,Ki,6.477556
DNBHELXBRXDBSY-UHFFFAOYSA-N,2009,Ki,5.065502
DNBHELXBRXDBSY-UHFFFAOYSA-N,2009,Ki,4.958607
DNKCJBSJSPBJID-ZHACJKMWSA-N,1995,Ki,5.849551
DNKKASLPXCCBTN-QAQDUYKDSA-N,2014,Ki,7.039910
DNLVWUGWSPNABX-AREMUKBSSA-N,2017,EC50,5.836004
DNLVWUGWSPNABX-AREMUKBSSA-N,2017,Ki,6.546682
DNLVWUGWSPNABX-AREMUKBSSA-N,2017,EC50,6.243973
DNLVWUGWSPNABX-AREMUKBSSA-N,2017,EC50,6.176004
DNRUAPLXAOKCKK-UHFFFAOYSA-N,2019,Ki,5.841638
DNULYRGWTFLJQL-UHFFFAOYSA-N,1997,Ki,5.427128
DNULYRGWTFLJQL-UHFFFAOYSA-N,2001,Ki,5.427128
DNULYRGWTFLJQL-UHFFFAOYSA-N,2005,Ki,5.550000
DNULYRGWTFLJQL-UHFFFAOYSA-N,2019,Ki,5.638272
DNULYRGWTFLJQL-UHFFFAOYSA-N,2019,Ki,5.958607
DNULYRGWTFLJQL-UHFFFAOYSA-N,2017,Ki,5.188425
DNULYRGWTFLJQL-UHFFFAOYSA-N,2017,Ki,5.200000
DOOIOZMDLUKTNX-UHFFFAOYSA-N,2019,Ki,6.677781
DOOIOZMDLUKTNX-UHFFFAOYSA-N,2019,Ki,6.522879
DOQJOKJRAOIOAY-PGHFLLIESA-N,2015,Ki,6.544698
DOQRWMBJOSFWPI-UHFFFAOYSA-N,2012,Ki,5.488117
DOTBLGLYTBUSJK-NVXWUHKLSA-N,2017,Ki,6.099999
DOTLHOVQYVFUDB-YKSBVNFPSA-N,2016,Ki,5.940001
DOULCDSMIFJJIX-XUTJKUGGSA-N,2023,Ki,5.769551
DOVTZHSQYCZIIX-UHFFFAOYSA-N,2005,Ki,6.795880
DOVTZHSQYCZIIX-UHFFFAOYSA-N,2005,Ki,6.619789
DOWWARCXHKBRSK-UHFFFAOYSA-N,2021,Ki,5.280669
DPAGUJADGMJVKD-UHFFFAOYSA-N,2010,Ki,8.508638
DPASSLWFBPICMV-FPOVZHCZSA-N,2003,Ki,8.387216
DPASSLWFBPICMV-FPOVZHCZSA-N,2003,Ki,8.568636
DPASSLWFBPICMV-TZIWHRDSSA-N,2003,Ki,8.327902
DPDUJCCKQWFBBQ-UHFFFAOYSA-N,2014,Ki,8.602060
DPDUJCCKQWFBBQ-UHFFFAOYSA-N,2014,Ki,8.537602
DPEWMPCNBSTAJO-UHFFFAOYSA-N,2004,Ki,6.522879
DPIMGXPIHCVDKS-UHFFFAOYSA-N,2004,Ki,5.455932
DPJFJYDSIWERHB-NSCUHMNNSA-N,2023,Ki,6.619789
DPJONOPQJUKYRM-OJBMAJLDSA-N,2014,Ki,6.689477
DPJXHAWXEVIDTM-AWEZNQCLSA-N,2020,Ki,7.327902
DPLNSFBAHKTNGS-UHFFFAOYSA-N,2008,Ki,5.327902
DPLNSFBAHKTNGS-UHFFFAOYSA-N,2008,Ki,5.200659
DPOUSVNUKWQWOC-UHFFFAOYSA-N,2003,Ki,7.356547
DPVXQZQCRKUMLB-WGSAOQKQSA-N,2020,Ki,6.823909
DPVXQZQCRKUMLB-WGSAOQKQSA-N,2022,Ki,6.823909
DPWOYQPDXBTFJT-CJNGLKHVSA-N,1999,Ki,6.050610
DPZGNBYQYWDDEZ-WKILWMFISA-N,2023,Ki,6.026872
DQCAQRKXBHDRGF-UHFFFAOYSA-N,2009,Ki,4.823909
DQCAQRKXBHDRGF-UHFFFAOYSA-N,2009,Ki,5.000000
DQJPLAXUDBHKAH-RZFKFIIISA-N,2003,Ki,6.699992
DQLPWXJRZDXPLZ-UHFFFAOYSA-N,2009,Ki,6.698970
DQMKFVKNNDMGTA-UHFFFAOYSA-N,2014,Ki,8.346787
DQMKFVKNNDMGTA-UHFFFAOYSA-N,2014,Ki,8.346787
DQMMOHPPKACCQN-QHCPKHFHSA-N,2010,Ki,7.323306
DQMYTOLIZBNFND-UHFFFAOYSA-N,2005,Ki,7.747147
DQNCRNVCBHYBQP-UHFFFAOYSA-N,1999,IC50,7.283997
DQNYAPGMAYPLKE-UHFFFAOYSA-N,2007,Ki,6.340084
DQOGQIXFWPGESA-UHFFFAOYSA-N,2019,Ki,5.688458
DQPNZJRSJFNUQR-VQTJNVASSA-N,2020,Ki,6.585027
DQQCWQGYIUCCKR-UHFFFAOYSA-N,1992,Ki,8.236572
DQTBCNRIVXHDQE-MLCQCVOFSA-N,2013,Ki,5.888838
DQVARXSGNFBPMB-UHFFFAOYSA-N,2000,Ki,5.721246
DQVARXSGNFBPMB-UHFFFAOYSA-N,2002,Ki,5.721246
DQVBBLPRBXLLEL-UHFFFAOYSA-N,1996,Ki,5.000000
DQVWGUUNHWMPMS-MXVIHJGJSA-N,2013,Ki,6.352421
DQWJULNHVFIKBD-UHFFFAOYSA-N,2020,Ki,5.920819
DQWJULNHVFIKBD-UHFFFAOYSA-N,2022,Ki,5.920819
DQWJWRGJUJYEGP-QAQDUYKDSA-N,2023,Ki,6.366532
DQWYVTVADJXAAR-UHFFFAOYSA-N,2007,Ki,5.120000
DQZFFYCUWOXXBD-UHFFFAOYSA-N,2020,Ki,6.434152
DQZFFYCUWOXXBD-UHFFFAOYSA-N,2023,Ki,6.434152
DRDNXPOWBJOJRJ-RZFKFIIISA-N,2023,Ki,9.060481
DRDXZCGSMVSSLQ-UHFFFAOYSA-N,2010,Ki,7.823909
DRDXZCGSMVSSLQ-UHFFFAOYSA-N,2010,Ki,7.366532
DRHKJLXJIQTDTD-OAHLLOKOSA-N,2000,Ki,7.886057
DRHKJLXJIQTDTD-OAHLLOKOSA-N,2000,Ki,7.107905
DRKUAUJUSZGTGW-UHFFFAOYSA-N,2010,Ki,5.700001
DRKUAUJUSZGTGW-UHFFFAOYSA-N,2010,Ki,6.099999
DRKUAUJUSZGTGW-UHFFFAOYSA-N,2010,Ki,6.499997
DRKYMKSMHOHHEL-UHFFFAOYSA-N,2017,Ki,8.602060
DRMNJQDZXRGJRN-YKSBVNFPSA-N,2016,Ki,6.060002
DRRIHRQXXFYPBU-FQEVSTJZSA-N,2000,Ki,4.341989
DRRIHRQXXFYPBU-FQEVSTJZSA-N,2000,Ki,4.756962
DRRONPWFEYCYOF-UHFFFAOYSA-N,2016,Ki,8.197911
DRZUXCQSFDLIBG-QGZVFWFLSA-N,2002,Ki,7.552842
DSCGNFRKDRFCKO-UHFFFAOYSA-N,2006,Ki,6.563837
DSDJYAZONQZKBJ-UHFFFAOYSA-N,2017,Ki,5.287182
DSDJYAZONQZKBJ-UHFFFAOYSA-N,2018,Ki,5.287182
DSEBSOFOVQJJPG-UHFFFAOYSA-N,2019,Ki,6.850781
DSIMOSUKRNEDEJ-UHFFFAOYSA-N,2019,Ki,5.629117
DSIODFVVJVFOFI-UHFFFAOYSA-N,2002,Ki,5.417028
DSJIJDFJKQAXLN-UHFFFAOYSA-N,2010,Ki,8.065502
DSJQIICDRFEFMZ-UHFFFAOYSA-N,2007,Ki,6.599998
DSJQTHADLDMTRA-UHFFFAOYSA-N,2000,Ki,7.327902
DSJQTHADLDMTRA-UHFFFAOYSA-N,2000,Ki,5.227678
DSNCXRXGMZSRBV-GOSISDBHSA-N,2002,Ki,6.171985
DSNCXRXGMZSRBV-UHFFFAOYSA-N,2002,Ki,5.679023
DSNSWHGDQTZOTM-IYARVYRRSA-N,2016,Ki,8.017729
DSOWHOSHPUSGFM-UHFFFAOYSA-N,2011,Ki,6.617983
DSOWHOSHPUSGFM-UHFFFAOYSA-N,2011,IC50,6.375718
DSPHBCNXIROUNN-UHFFFAOYSA-N,2020,Ki,5.420000
DSQMOWVBQWIPID-GGYDESQDSA-N,2020,Ki,6.214670
DSQMOWVBQWIPID-GGYDESQDSA-N,2022,Ki,6.214670
DSQTVJBLTBTKDX-UHFFFAOYSA-N,2018,IC50,6.385103
DSRXHDAICZGTCK-ORBVJSQLSA-N,2009,Ki,7.283997
DSUPVFQPRMPPAD-UHFFFAOYSA-N,2019,Kd,9.000000
DSUPVFQPRMPPAD-UHFFFAOYSA-N,2019,Ki,9.000000
DSUVZVBZNSPSQB-UHFFFAOYSA-N,2017,Ki,6.000000
DSUVZVBZNSPSQB-UHFFFAOYSA-N,2017,Ki,6.026872
DSVHLIGWQYXIBW-RBUKOAKNSA-N,2021,Ki,8.129596
DSVMXCDLDIBCHM-UHFFFAOYSA-N,2009,Ki,7.823909
DTCOBDNXWXNEKW-UHFFFAOYSA-N,2008,Ki,2.878112
DTCVWCSOYIFSFR-UHFFFAOYSA-N,2019,IC50,7.341035
DTFCUDRZEBVWKC-UHFFFAOYSA-N,2020,Ki,6.435334
DTLGJDYEVFKDLJ-CQSZACIVSA-N,2001,Ki,7.262807
DTLUAUCSESZJOW-ZJSXRUAMSA-N,2019,Ki,5.203426
DTLXZNWCYSVXJZ-UHFFFAOYSA-N,2007,Ki,6.699992
DTQBVMPAFWTCFE-UHFFFAOYSA-N,2006,Ki,5.904482
DTQQYFXMBRLANH-HFMPRLQTSA-N,2021,Ki,7.917215
DTRXURJDKOYCCD-UHFFFAOYSA-N,2001,Ki,5.468521
DTRXURJDKOYCCD-UHFFFAOYSA-N,2001,Ki,5.200659
DTRXURJDKOYCCD-UHFFFAOYSA-N,2004,Ki,5.882729
DTRXURJDKOYCCD-UHFFFAOYSA-N,2005,Ki,5.468521
DTRXURJDKOYCCD-UHFFFAOYSA-N,2007,Ki,5.470000
DTRXURJDKOYCCD-UHFFFAOYSA-N,2008,Ki,5.468521
DTRXURJDKOYCCD-UHFFFAOYSA-N,2008,Ki,5.468521
DTRXURJDKOYCCD-UHFFFAOYSA-N,2008,Ki,5.200659
DTRXURJDKOYCCD-UHFFFAOYSA-N,2009,Ki,4.327902
DTRXURJDKOYCCD-UHFFFAOYSA-N,2009,Ki,5.638272
DTRXURJDKOYCCD-UHFFFAOYSA-N,2009,Ki,5.468521
DTRXURJDKOYCCD-UHFFFAOYSA-N,2013,Ki,5.494850
DTRXURJDKOYCCD-UHFFFAOYSA-N,2017,Ki,5.200659
DTRXURJDKOYCCD-UHFFFAOYSA-N,2021,Ki,5.468521
DTSBUYTYJIUAIH-UHFFFAOYSA-N,1997,Ki,5.555955
DTSBUYTYJIUAIH-UHFFFAOYSA-N,2021,Ki,5.555955
DTTQGOYOJDSYEL-QAQDUYKDSA-N,2014,Ki,6.736198
DTUDHTHALDQUOS-UHFFFAOYSA-N,2002,Ki,6.285670
DTVAIMZRGJKGPN-UHFFFAOYSA-N,2015,Ki,8.769551
DTVAIMZRGJKGPN-UHFFFAOYSA-N,2015,EC50,7.958607
DTVAIMZRGJKGPN-UHFFFAOYSA-N,2015,EC50,7.769551
DTWIWINSMXUYHB-UHFFFAOYSA-N,2002,Ki,5.283997
DTWIWINSMXUYHB-UHFFFAOYSA-N,2016,Ki,5.939680
DTZMACLKKFGKBX-UHFFFAOYSA-N,2019,EC50,8.154902
DTZMACLKKFGKBX-UHFFFAOYSA-N,2019,EC50,8.000000
DTZMACLKKFGKBX-UHFFFAOYSA-N,2019,EC50,8.169989
DTZMACLKKFGKBX-UHFFFAOYSA-N,2019,EC50,7.980053
DUFWUMRSOPYYMW-UHFFFAOYSA-N,2023,IC50,5.173925
DUHKHQKTAJUAJL-UHFFFAOYSA-N,2019,Kd,7.389979
DUHKHQKTAJUAJL-UHFFFAOYSA-N,2019,Ki,7.419988
DUIAUYDNVUUFBK-VHEBQXMUSA-N,2007,Ki,6.185752
DUJBUFXUMONRHW-CRAIPNDOSA-N,2012,Ki,6.519993
DUJWQCUJEVGZHQ-JOCHJYFZSA-N,2010,Ki,6.798603
DUKNIHFTDAXJON-MUIJYRPGSA-N,2002,Ki,7.221849
DUKNIHFTDAXJON-ORPLUIKVSA-N,2002,Ki,6.958607
DUKNIHFTDAXJON-RCZCSUKSSA-N,2002,Ki,6.481486
DUKWEHLCKVPDDQ-UHFFFAOYSA-N,2017,Ki,5.925184
DUKWEHLCKVPDDQ-UHFFFAOYSA-N,2018,Ki,5.925184
DUMBRKXSQQUMRX-UHFFFAOYSA-N,2013,IC50,7.198596
DUNOZWJTXYEGAT-KVSKMBFKSA-N,2014,EC50,8.455932
DUNOZWJTXYEGAT-SZVBFZGTSA-N,2014,EC50,8.677781
DUTDDZFCPPOWFH-UHFFFAOYSA-N,2010,Ki,6.508638
DUTDDZFCPPOWFH-UHFFFAOYSA-N,2013,Ki,6.508638
DUTVAWSMMMBCQT-UHFFFAOYSA-N,1999,Ki,6.045757
DUVNCSZVWYCEFO-VWLOTQADSA-N,2014,EC50,7.434152
DUYVMDDLFWXUHZ-UHFFFAOYSA-N,2011,Ki,6.422508
DUZKXKAAUHDBQA-CAUKCHDASA-N,2013,Ki,5.004102
DVALOPXWVWHIHY-GOSISDBHSA-N,2002,Ki,5.700001
DVALOPXWVWHIHY-SFHVURJKSA-N,2002,Ki,5.800001
DVBIYRUFMRQOAP-LSNLESRRSA-N,2013,Ki,6.815990
DVFLWMCCYDDTMA-UHFFFAOYSA-N,1992,Ki,9.698970
DVJYRJGVDBAXTD-UHFFFAOYSA-N,2006,Ki,6.448550
DVKVLLZTDOYZKA-NFRPNRGWSA-N,2003,Ki,6.599998
DVOIVAFOLPZGOP-UHFFFAOYSA-N,1996,Ki,5.800001
DVOOPMVLADILTK-SNAWJCMRSA-N,2011,Ki,7.257275
DVRLIKWPAJQERN-UHFFFAOYSA-N,2009,Ki,6.494850
DVRLZAJGBLYQFK-OXJNMPFZSA-N,2019,Ki,6.089909
DVRLZAJGBLYQFK-OXJNMPFZSA-N,2020,Ki,6.089909
DVRLZAJGBLYQFK-UHFFFAOYSA-N,2019,Ki,6.140261
DVRLZAJGBLYQFK-UHFFFAOYSA-N,2020,Ki,6.140261
DVRLZAJGBLYQFK-UZLBHIALSA-N,2019,Ki,6.079877
DVRLZAJGBLYQFK-UZLBHIALSA-N,2020,Ki,6.079877
DVRQBYGOXHPKHC-UHFFFAOYSA-N,2000,Ki,5.283997
DVRQBYGOXHPKHC-UHFFFAOYSA-N,2000,Ki,5.136677
DVSMVUMYJDOPJQ-UHFFFAOYSA-N,2014,Ki,6.078314
DVSMVUMYJDOPJQ-UHFFFAOYSA-N,2014,Ki,6.080002
DVUOLXOWKHDIAV-XXBNENTESA-N,2016,Ki,6.020001
DVVDLSCUPMTBKI-IRJFHVNHSA-N,2023,Ki,5.920819
DVVDLSCUPMTBKI-UHFFFAOYSA-N,2023,Ki,5.795880
DVVWNKJEEQHCFZ-UHFFFAOYSA-N,2003,Ki,7.756962
DVWFBFACSVVQQZ-UHFFFAOYSA-N,2019,IC50,8.665546
DVYBIZHLZSDANU-UHFFFAOYSA-N,1998,Ki,6.347754
DVYJEJMZLCRJNO-UHFFFAOYSA-N,2007,Ki,6.496209
DVYJEJMZLCRJNO-UHFFFAOYSA-N,2007,Ki,7.468521
DVZPUKBLSGGLOX-OWOJBTEDSA-N,2005,Ki,7.823909
DWDIQEPGVYBABO-AKRCKQFNSA-N,2019,Ki,6.869666
DWDIQEPGVYBABO-OFNKIYASSA-N,2016,Ki,6.209996
DWDIQEPGVYBABO-REWPJTCUSA-N,2016,Ki,6.060002
DWDPBNBMFRTKEL-OWOJBTEDSA-N,2005,Ki,7.705534
DWDPBNBMFRTKEL-OWOJBTEDSA-N,2005,Ki,7.508638
DWDPBNBMFRTKEL-OWOJBTEDSA-N,2005,IC50,7.860121
DWDPBNBMFRTKEL-OWOJBTEDSA-N,2005,Ki,7.705534
DWDPBNBMFRTKEL-OWOJBTEDSA-N,2005,EC50,7.860121
DWEHMLBGRQZUJA-UHFFFAOYSA-N,2009,Ki,7.585027
DWEHMLBGRQZUJA-UHFFFAOYSA-N,2009,Ki,7.431798
DWEHMLBGRQZUJA-UHFFFAOYSA-N,2009,Ki,7.795880
DWESQFNWEXIRSK-UHFFFAOYSA-N,1999,Ki,5.958607
DWFFYHNZVZKJAK-UHFFFAOYSA-N,2020,Ki,6.924453
DWFFYHNZVZKJAK-UHFFFAOYSA-N,2022,Ki,6.924453
DWGSRYAJPXSOJO-UHFFFAOYSA-N,2017,Ki,6.378824
DWMNREQVNSYYID-WGOQTCKBSA-N,2014,Ki,8.744727
DWMNREQVNSYYID-WGOQTCKBSA-N,2014,Ki,9.769551
DWMNREQVNSYYID-WGOQTCKBSA-N,2014,Ki,8.769551
DWMNREQVNSYYID-WGOQTCKBSA-N,2014,Ki,9.602060
DWMNREQVNSYYID-WGOQTCKBSA-N,2014,EC50,6.560005
DWMNREQVNSYYID-WGOQTCKBSA-N,2014,EC50,6.630005
DWMNREQVNSYYID-WGOQTCKBSA-N,2014,EC50,6.568636
DWMNREQVNSYYID-WGOQTCKBSA-N,2014,EC50,6.619789
DWMNREQVNSYYID-WGOQTCKBSA-N,2014,IC50,8.419988
DWMNREQVNSYYID-WGOQTCKBSA-N,2014,IC50,8.420216
DWMRSXBZEPRVJO-IAGOWNOFSA-N,2009,Ki,5.830000
DWQCLXJTFOLDNW-UHFFFAOYSA-N,2018,IC50,7.093665
DWUAAOIZQFTYQP-INIZCTEOSA-N,1997,Ki,6.642065
DWUAAOIZQFTYQP-MRXNPFEDSA-N,1998,Ki,7.982967
DWUAAOIZQFTYQP-MRXNPFEDSA-N,1997,Ki,7.982967
DWUAAOIZQFTYQP-MRXNPFEDSA-N,2002,Ki,7.982967
DWUAAOIZQFTYQP-MRXNPFEDSA-N,2014,EC50,10.700057
DWUAAOIZQFTYQP-MRXNPFEDSA-N,2014,Ki,6.133122
DWUAAOIZQFTYQP-MRXNPFEDSA-N,2014,Ki,7.153663
DWUAAOIZQFTYQP-MRXNPFEDSA-N,2014,Ki,8.525784
DWUAAOIZQFTYQP-MRXNPFEDSA-N,2014,Ki,6.729997
DWUAAOIZQFTYQP-MRXNPFEDSA-N,2014,Ki,7.400008
DWUAAOIZQFTYQP-MRXNPFEDSA-N,2014,Ki,8.910095
DWUAAOIZQFTYQP-UHFFFAOYSA-N,1997,Ki,8.013228
DWXTXKLKQKWXGL-NKFKGCMQSA-N,2006,Ki,6.647817
DWXTXKLKQKWXGL-PTGBLXJZSA-N,2006,Ki,6.879426
DXAXPAZZEGLINI-UHFFFAOYSA-N,2017,Ki,5.080922
DXAXPAZZEGLINI-UHFFFAOYSA-N,2017,Ki,5.744727
DXBDRGKOIPOWRV-XGAFWQRZSA-N,2014,Ki,7.644357
DXCOQJVYSXJFAX-UHFFFAOYSA-N,2011,Ki,7.200659
DXCOQJVYSXJFAX-UHFFFAOYSA-N,2011,Ki,7.154902
DXDNTRGHKIQGPG-UHFFFAOYSA-N,2022,Ki,5.259637
DXFJRUPMNBYXGA-FVUUGDKNSA-N,2023,Ki,6.050610
DXQITHRANRYTGO-UHFFFAOYSA-N,2005,Ki,7.537602
DXTFDOIEUMNMMV-UHFFFAOYSA-N,2011,Ki,6.408935
DXUOUUKATHEZTO-UHFFFAOYSA-N,2020,Ki,7.744727
DXVUFDJAEHWWRG-KRWDZBQOSA-N,2005,Ki,9.000000
DXVUFDJAEHWWRG-QGZVFWFLSA-N,2005,Ki,8.060481
DXVUFDJAEHWWRG-UHFFFAOYSA-N,2005,Ki,8.346787
DXXXGJIMFKZHRL-UHFFFAOYSA-N,2012,EC50,7.102373
DXXXGJIMFKZHRL-UHFFFAOYSA-N,2012,Ki,7.376751
DXXXGJIMFKZHRL-UHFFFAOYSA-N,2015,Ki,7.376751
DXXXGJIMFKZHRL-UHFFFAOYSA-N,2015,EC50,7.677781
DXXXGJIMFKZHRL-UHFFFAOYSA-N,2015,EC50,7.086186
DYCKCLZHSRKOSL-UHFFFAOYSA-N,1999,Ki,5.853872
DYCKCLZHSRKOSL-UHFFFAOYSA-N,1999,Ki,5.823909
DYDLMZLLICKPBG-UHFFFAOYSA-N,2008,Ki,6.199998
DYDVACJMXCMPDV-UHFFFAOYSA-N,1997,Ki,8.100015
DYERWDPVNLQROR-AFARHQOCSA-N,2017,Ki,8.795880
DYERWDPVNLQROR-AFARHQOCSA-N,2017,Ki,8.795880
DYERWDPVNLQROR-DKXQDJALSA-N,2017,Ki,9.008774
DYERWDPVNLQROR-DKXQDJALSA-N,2017,Ki,9.008774
DYFDYWXRTZSUEM-UHFFFAOYSA-N,2012,Ki,6.296709
DYKARFTYXCIJDS-UHFFFAOYSA-N,2022,Ki,5.677781
DYLSSJRMONSQGQ-UHFFFAOYSA-N,2018,Ki,6.379864
DYVHHOWPDWNESM-UAPYVXQJSA-N,2019,EC50,7.173925
DYVHHOWPDWNESM-UAPYVXQJSA-N,2019,EC50,7.169989
DYVLYWKEJHHXOH-GXTWGEPZSA-N,1993,Ki,6.037631
DYVLYWKEJHHXOH-JSGCOSHPSA-N,1993,Ki,6.037631
DYVLYWKEJHHXOH-TYZXPVIJSA-N,1993,Ki,8.619789
DYVLYWKEJHHXOH-TZMCWYRMSA-N,1993,Ki,9.301030
DYVLYWKEJHHXOH-TZMCWYRMSA-N,1993,Ki,8.619789
DYVLYWKEJHHXOH-TZMCWYRMSA-N,1993,Ki,9.301030
DYVLYWKEJHHXOH-UHFFFAOYSA-N,1993,Ki,7.958607
DYWYWIOQKKRAST-AWEZNQCLSA-N,1998,Ki,8.142668
DYWYWIOQKKRAST-AWEZNQCLSA-N,1997,Ki,8.142668
DYZYHGICPUCIEO-UHFFFAOYSA-N,2006,Ki,6.101275
DZCDJCMQDIXJFE-UHFFFAOYSA-N,2017,Ki,6.551294
DZCDJCMQDIXJFE-UHFFFAOYSA-N,2018,Ki,6.551294
DZGWFCGJZKJUFP-UHFFFAOYSA-N,1998,Ki,3.795880
DZHAENXWCJQFRP-UHFFFAOYSA-N,1999,Ki,6.698970
DZHFAWUKQABZMD-UHFFFAOYSA-N,2016,Ki,6.164309
DZIJHQWKYKVRCI-UHFFFAOYSA-N,2021,Ki,6.523024
DZIJHQWKYKVRCI-UHFFFAOYSA-N,2021,Ki,6.519993
DZIJHQWKYKVRCI-UHFFFAOYSA-N,2021,EC50,6.179996
DZIJHQWKYKVRCI-UHFFFAOYSA-N,2021,EC50,6.180002
DZIJHQWKYKVRCI-UHFFFAOYSA-N,2021,EC50,6.470057
DZIJHQWKYKVRCI-UHFFFAOYSA-N,2021,EC50,6.470005
DZLVUHJQAQTQCL-UHFFFAOYSA-N,2016,Ki,7.221849
DZNPKDVRRVUXBU-UHFFFAOYSA-N,2002,Ki,5.853872
DZPUKTCTIGNFBU-UHFFFAOYSA-N,1997,Ki,5.631527
DZQJENLKOBURPM-XZOQPEGZSA-N,2023,Ki,7.995679
DZVJBZTUTCHLSB-ZOZMAKRUSA-N,2010,Ki,7.795880
DZWGDUHDXDFOQC-UHFFFAOYSA-N,2007,Ki,6.798603
DZYJECJNISMMEC-SAIGFBBZSA-N,2013,Ki,5.668168
FAAVUZJXYXGQAR-UHFFFAOYSA-N,2002,Ki,5.946922
FADJIPFJANIADX-UHFFFAOYSA-N,2006,Ki,6.278189
FAJYRICKUKIVSP-UHFFFAOYSA-N,2019,IC50,4.025696
FAKVJGDVZFHZPG-UHFFFAOYSA-N,2015,Ki,8.397940
FAKVJGDVZFHZPG-UHFFFAOYSA-N,2015,EC50,6.787812
FAKVJGDVZFHZPG-UHFFFAOYSA-N,2015,EC50,8.337242
FANDJZBJYJYKGY-KESTWPANSA-N,1998,Ki,8.070581
FANDJZBJYJYKGY-KESTWPANSA-N,1998,IC50,7.102373
FARUCCZQJHBFSU-UHFFFAOYSA-N,2021,Ki,4.657577
FARUXTURXOFRQS-UHFFFAOYSA-N,2016,Ki,7.026872
FASDKYOPVNHBLU-SSDOTTSWSA-N,2021,Ki,6.000000
FASDKYOPVNHBLU-ZETCQYMHSA-N,2002,Ki,7.568636
FASDKYOPVNHBLU-ZETCQYMHSA-N,2002,Ki,7.397940
FASDKYOPVNHBLU-ZETCQYMHSA-N,2000,Ki,6.856985
FASDKYOPVNHBLU-ZETCQYMHSA-N,2005,Ki,7.677781
FASDKYOPVNHBLU-ZETCQYMHSA-N,2005,Ki,5.200659
FASDKYOPVNHBLU-ZETCQYMHSA-N,2005,Ki,7.677781
FASDKYOPVNHBLU-ZETCQYMHSA-N,2005,Ki,5.721246
FASDKYOPVNHBLU-ZETCQYMHSA-N,2005,Ki,7.677781
FASDKYOPVNHBLU-ZETCQYMHSA-N,2005,Ki,7.677781
FASDKYOPVNHBLU-ZETCQYMHSA-N,2005,Ki,5.200659
FASDKYOPVNHBLU-ZETCQYMHSA-N,2005,Ki,5.721246
FASDKYOPVNHBLU-ZETCQYMHSA-N,2007,EC50,7.568636
FASDKYOPVNHBLU-ZETCQYMHSA-N,2008,EC50,8.301030
FASDKYOPVNHBLU-ZETCQYMHSA-N,2016,Ki,7.221849
FASDKYOPVNHBLU-ZETCQYMHSA-N,2004,EC50,8.150028
FASDKYOPVNHBLU-ZETCQYMHSA-N,2017,EC50,7.568636
FASDKYOPVNHBLU-ZETCQYMHSA-N,2017,EC50,7.000000
FASDKYOPVNHBLU-ZETCQYMHSA-N,2017,EC50,8.017729
FASDKYOPVNHBLU-ZETCQYMHSA-N,2019,Ki,7.954677
FASDKYOPVNHBLU-ZETCQYMHSA-N,2020,Ki,8.327902
FASDKYOPVNHBLU-ZETCQYMHSA-N,2020,Ki,6.128602
FASDKYOPVNHBLU-ZETCQYMHSA-N,2021,Kd,10.826814
FASDKYOPVNHBLU-ZETCQYMHSA-N,2021,Ki,7.590067
FASDKYOPVNHBLU-ZETCQYMHSA-N,2021,Kd,10.826814
FASDKYOPVNHBLU-ZETCQYMHSA-N,2021,Ki,6.000000
FASDKYOPVNHBLU-ZETCQYMHSA-N,2021,EC50,8.189969
FASDKYOPVNHBLU-ZETCQYMHSA-N,2023,EC50,6.600326
FASDKYOPVNHBLU-ZETCQYMHSA-N,2023,Ki,8.408935
FASYQPOSAUOTDU-UHFFFAOYSA-N,1999,Ki,5.732828
FASYQPOSAUOTDU-UHFFFAOYSA-N,1999,Ki,6.010995
FAUOEZQOXBUMAX-CONSDPRKSA-N,2012,EC50,8.769551
FAUOEZQOXBUMAX-QRRGNZNSSA-N,2023,EC50,8.769551
FAUOIWKXVZMERY-UHFFFAOYSA-N,2019,Ki,5.193820
FAUOIWKXVZMERY-UHFFFAOYSA-N,2019,Ki,5.616185
FAUOIWKXVZMERY-UHFFFAOYSA-N,2019,EC50,5.679438
FAUOIWKXVZMERY-UHFFFAOYSA-N,2019,EC50,5.079824
FAUOIWKXVZMERY-UHFFFAOYSA-N,2019,IC50,4.601921
FAVKTDKFWYKPGA-UHFFFAOYSA-N,2003,Ki,6.255707
FAWJQUFCTSZCAC-XCZPVHLTSA-N,1998,Ki,6.499997
FAXCNWHLDSZHPC-QHCPKHFHSA-N,2011,IC50,6.699992
FAZGZSIAUUOWKB-UHFFFAOYSA-N,2023,Ki,6.903090
FBCAOCCMIHULCW-UHFFFAOYSA-N,2002,Ki,5.835350
FBCHBSLRWJFVBX-UHFFFAOYSA-N,1994,Ki,6.903090
FBCSWIXKXHSYBN-LSQWYULJSA-N,2022,Ki,7.958607
FBDPRQPQWAADRA-UEJVZZJDSA-N,2018,Ki,8.408935
FBEPBNQZIQSTRT-UHFFFAOYSA-N,2007,Ki,6.251812
FBGLPECKCFZJFU-UHFFFAOYSA-N,2009,Ki,6.043832
FBKYNXBETLTSPE-UHFFFAOYSA-N,2014,Ki,7.568636
FBLFUQVNJABTNK-UHFFFAOYSA-N,2009,Kd,6.309999
FBOQGLSPTCBDLZ-UHFFFAOYSA-N,2018,Ki,6.333482
FBQVSOZYMOLIKP-IBGZPJMESA-N,1993,Ki,6.039054
FBQVSOZYMOLIKP-LJQANCHMSA-N,1993,Ki,7.420216
FBROEXNVPDFFCE-IBGZPJMESA-N,2023,Ki,5.843754
FBRUCPZAISLOOV-UHFFFAOYSA-N,1999,Ki,7.065502
FBSPYGXUZZFKDG-KESTWPANSA-N,2014,Ki,6.596879
FBWAJWVVFJJYLR-UHFFFAOYSA-N,2014,Ki,5.703335
FBWAJWVVFJJYLR-UHFFFAOYSA-N,2014,Ki,5.700001
FBWUQEIVZSYNQZ-UHFFFAOYSA-N,1994,Ki,6.288193
FBWZMWVPZRCOTO-UHFFFAOYSA-N,2019,Ki,6.950007
FBXKPSPDFUNMEE-AOJFSQSVSA-N,2003,Ki,6.900009
FCALCRRTZHDENL-UHFFFAOYSA-N,2014,Ki,7.619789
FCALCRRTZHDENL-UHFFFAOYSA-N,2014,Ki,7.619970
FCAUWCISADYVAP-UHFFFAOYSA-N,2021,Ki,8.130768
FCFNEHFCHRJYQM-UHFFFAOYSA-N,2019,Kd,7.150028
FCFNEHFCHRJYQM-UHFFFAOYSA-N,2019,Ki,7.130006
FCGUOCJTWTVYSW-UHFFFAOYSA-N,2020,Ki,6.371611
FCGUOCJTWTVYSW-UHFFFAOYSA-N,2022,Ki,6.371611
FCLHHKLNBKMBPS-UHFFFAOYSA-N,2014,Ki,8.173925
FCLHHKLNBKMBPS-UHFFFAOYSA-N,2014,Ki,8.267606
FCNYUNCSSSCOSB-OWWJJEGGSA-N,2023,Ki,6.086186
FCQJWZQRHJCJSA-UHFFFAOYSA-N,2002,Ki,7.040959
FCQJWZQRHJCJSA-UHFFFAOYSA-N,2002,Ki,7.318759
FCWJMJCKAMLWRO-UHFFFAOYSA-N,2020,Ki,5.889410
FCWJMJCKAMLWRO-UHFFFAOYSA-N,2022,Ki,5.889410
FCXJOLOVMMCCLB-UHFFFAOYSA-N,2004,Ki,6.270001
FCXJOLOVMMCCLB-UHFFFAOYSA-N,2004,Ki,6.710010
FCXJOLOVMMCCLB-UHFFFAOYSA-N,2004,Ki,6.419999
FCYQRIODPYABJL-AVRDEDQJSA-N,2016,Ki,7.179996
FCYQRIODPYABJL-GCJKJVERSA-N,2016,Ki,7.209996
FDBKWBKBMRKPJG-UHFFFAOYSA-N,2009,Ki,5.040959
FDBKWBKBMRKPJG-UHFFFAOYSA-N,2009,Ki,4.886057
FDBMIKAQORBNLT-NRCGHCQOSA-N,2014,Ki,6.627456
FDCHXWBYCLDODW-UHFFFAOYSA-N,2015,Ki,7.752027
FDELRQRUDIZNMQ-PSDCWKFISA-N,2003,Ki,6.799998
FDGNQWITRXOPIF-UHFFFAOYSA-N,2015,Ki,7.154902
FDGXVDUYFWJNRM-UHFFFAOYSA-N,2021,Ki,5.799697
FDLRDRBESBJAAV-CYBMUJFWSA-N,2022,Ki,6.645892
FDLRDRBESBJAAV-UHFFFAOYSA-N,2022,Ki,6.573489
FDLRDRBESBJAAV-UHFFFAOYSA-N,2022,Ki,6.669586
FDLRDRBESBJAAV-ZDUSSCGKSA-N,2022,Ki,6.410050
FDOZNCJWYJMHAG-UHFFFAOYSA-N,1996,Ki,6.920819
FDQXLORJWMWFGU-UHFFFAOYSA-N,1999,Ki,6.823909
FDRALTFJSNMYQH-UHFFFAOYSA-N,2003,Ki,7.251812
FDVGEVSBRKQEIG-UHFFFAOYSA-N,2014,Ki,7.299989
FDYARYSVVYXICE-HSZRJFAPSA-N,2010,Ki,6.480172
FEBNMEHEWSKWSQ-UHFFFAOYSA-N,2017,Ki,6.414539
FEBNMEHEWSKWSQ-UHFFFAOYSA-N,2018,Ki,6.414539
FEBOTPHFXYHVPL-UHFFFAOYSA-N,2016,Ki,10.568636
FEBUIPJWEZWCKO-UHFFFAOYSA-N,2022,Ki,5.856985
FEBUQPUIWDHVMW-UHFFFAOYSA-N,2007,Ki,5.899998
FECGZFUZXKQCAY-UHFFFAOYSA-N,2020,Ki,4.906578
FEFFZKPQSVTBAY-UHFFFAOYSA-N,2019,Kd,8.070019
FEFFZKPQSVTBAY-UHFFFAOYSA-N,2019,Ki,8.119987
FEMKPVDHFCRPKA-UHFFFAOYSA-N,2001,Ki,6.744727
FEPLZHWENCAUEC-JOCHJYFZSA-N,2017,EC50,5.911014
FEPLZHWENCAUEC-JOCHJYFZSA-N,2017,Ki,6.954677
FEPLZHWENCAUEC-JOCHJYFZSA-N,2017,EC50,5.607004
FEPLZHWENCAUEC-JOCHJYFZSA-N,2017,EC50,5.732007
FEPLZHWENCAUEC-JOCHJYFZSA-N,2017,EC50,6.454940
FEPNYAFFRMEINW-UHFFFAOYSA-N,2010,Ki,6.537602
FEQJNVMOFHFOGP-UHFFFAOYSA-N,2007,Ki,6.000000
FEQSGCAJKJDTEE-YHBQERECSA-N,2007,Ki,6.982967
FEQSGCAJKJDTEE-ZRZAMGCNSA-N,2007,Ki,6.974694
FESDOYDRYVULEO-UHFFFAOYSA-N,2014,Ki,7.537602
FESDOYDRYVULEO-UHFFFAOYSA-N,2014,Ki,7.619789
FETIOVWFCXVZTM-SAIGFBBZSA-N,2014,Ki,7.033999
FEUOYGFGQUAIGL-UHFFFAOYSA-N,2016,Ki,5.798057
FEXBUZQQTXAUHH-HCGLCNNCSA-N,2014,Ki,7.231954
FEYWSFCMYGDDGW-HCGLCNNCSA-N,2014,Ki,6.976377
FFDHLEGSHFJYQA-UHFFFAOYSA-N,2009,Ki,6.091515
FFDHLEGSHFJYQA-UHFFFAOYSA-N,2009,Ki,7.769551
FFGFZIDXGSOSHZ-UHFFFAOYSA-N,2021,Ki,7.307153
FFGFZIDXGSOSHZ-UHFFFAOYSA-N,2021,Ki,7.309981
FFGFZIDXGSOSHZ-UHFFFAOYSA-N,2021,EC50,8.374688
FFGFZIDXGSOSHZ-UHFFFAOYSA-N,2021,EC50,8.379968
FFGFZIDXGSOSHZ-UHFFFAOYSA-N,2021,EC50,8.294136
FFGFZIDXGSOSHZ-UHFFFAOYSA-N,2021,EC50,8.240030
FFGYZWWOVBUEIV-UHFFFAOYSA-N,2010,Ki,9.239578
FFGYZWWOVBUEIV-UHFFFAOYSA-N,2016,Ki,9.240030
FFHHYAWKMDTAAH-ACRUOGEOSA-N,2014,Ki,6.521390
FFHHYAWKMDTAAH-NJDAHSKKSA-N,2014,Ki,6.764043
FFHHYAWKMDTAAH-YGQOYYDZSA-N,2014,Ki,6.704257
FFIQSCOADWZDLK-UHFFFAOYSA-N,2019,IC50,7.991400
FFIQSCOADWZDLK-UHFFFAOYSA-N,2019,IC50,8.686133
FFIRBCLBJNTGHL-QRTMHTFLSA-N,2020,Ki,6.387216
FFIRBCLBJNTGHL-QRTMHTFLSA-N,2022,Ki,6.387216
FFITVORVMLXMEI-UHFFFAOYSA-N,2017,Ki,7.251812
FFKSIHLRCNTALR-UHFFFAOYSA-N,2021,Ki,6.499997
FFKSIHLRCNTALR-UHFFFAOYSA-N,2021,EC50,6.230003
FFNAGYPIICWACI-OAHLLOKOSA-N,2002,Ki,6.701147
FFNDTETUPMNYNN-UHFFFAOYSA-N,2006,Ki,6.416801
FFNDTETUPMNYNN-UHFFFAOYSA-N,2006,Ki,6.416801
FFRWNZLOGPBXRL-UHFFFAOYSA-N,2016,Ki,5.460924
FFSGPPYSYVXBKP-UHFFFAOYSA-N,2018,Ki,6.847712
FFSGPPYSYVXBKP-UHFFFAOYSA-N,2018,Ki,6.530178
FFSGPPYSYVXBKP-UHFFFAOYSA-N,2018,EC50,8.119186
FFSNUOARHPWUIL-UAPYVXQJSA-N,2023,Ki,6.337242
FFUYAMBLAURQHK-UHFFFAOYSA-N,2021,Ki,7.987163
FFXLCCZAXLBJFW-MEMLXQNLSA-N,2007,Ki,7.744727
FFXLCCZAXLBJFW-OYRHEFFESA-N,2007,Ki,7.346787
FFZUWXZVFRDGLT-UHFFFAOYSA-N,2020,Ki,7.026872
FFZUWXZVFRDGLT-UHFFFAOYSA-N,2022,Ki,7.026872
FGCNMKFRKZZXLZ-AGVRXMCOSA-N,2010,Ki,6.699992
FGEAKGKYBVSAPW-UHFFFAOYSA-N,2020,IC50,8.154902
FGFHFJJEESMBGK-AATRIKPKSA-N,2011,Ki,7.749580
FGFQEEFTBWHCLW-UHFFFAOYSA-N,2012,Ki,6.196543
FGFQEEFTBWHCLW-UHFFFAOYSA-N,2014,Ki,6.196543
FGGHQCCTGDDYGV-KESTWPANSA-N,2013,Ki,6.400739
FGHKCRNDQSRICR-UHFFFAOYSA-N,2010,Ki,8.568636
FGHOMVBEDZJTLR-GOSISDBHSA-N,2016,Ki,7.809668
FGHOMVBEDZJTLR-GOSISDBHSA-N,2016,Ki,4.832683
FGHOMVBEDZJTLR-GOSISDBHSA-N,2016,EC50,7.363512
FGHOMVBEDZJTLR-GOSISDBHSA-N,2016,EC50,7.709965
FGHOMVBEDZJTLR-GOSISDBHSA-N,2017,EC50,7.181115
FGHOMVBEDZJTLR-GOSISDBHSA-N,2017,EC50,6.677988
FGHOMVBEDZJTLR-GOSISDBHSA-N,2017,EC50,6.787014
FGHOMVBEDZJTLR-GOSISDBHSA-N,2017,EC50,7.106793
FGHYITFFCUFQHL-XUTJKUGGSA-N,2014,Ki,7.054581
FGJYYZXNIMNFLL-UHFFFAOYSA-N,2005,Ki,7.408935
FGJYYZXNIMNFLL-UHFFFAOYSA-N,2005,Ki,7.309804
FGMYYYXUWUOLGR-UHFFFAOYSA-N,2011,Ki,6.510042
FGNNTMOHGQLEJO-HTENBUITSA-N,2000,Ki,6.399997
FGOIXPDJFSFBTI-UHFFFAOYSA-N,2019,Ki,6.130768
FGQLNLNSOMKVOD-UHFFFAOYSA-N,2013,Ki,5.853872
FGSCFTOUFZMXKB-UHFFFAOYSA-N,1994,Ki,7.214670
FGTGRXMIFIZGBG-UHFFFAOYSA-N,2012,Ki,8.055517
FGTGRXMIFIZGBG-UHFFFAOYSA-N,2014,Ki,8.275724
FGTGRXMIFIZGBG-UHFFFAOYSA-N,2019,Kd,8.709965
FGTGRXMIFIZGBG-UHFFFAOYSA-N,2019,Ki,8.680062
FGTPVRPBOOBOKF-UHFFFAOYSA-N,2020,IC50,7.202040
FGTPWKOXAMOVMM-MIRVZWSXSA-N,2020,Ki,6.468521
FGTPWKOXAMOVMM-MIRVZWSXSA-N,2022,Ki,6.468521
FGUAFUHOYLNTRN-UHFFFAOYSA-N,2006,Ki,6.759451
FGVSZVRUGNMGKP-UHFFFAOYSA-N,2000,Ki,4.823909
FGWDTOKLDRSCNA-UHFFFAOYSA-N,1997,Ki,6.653647
FGXWKSZFVQUSTL-UHFFFAOYSA-N,,IC50,8.577246
FGXWKSZFVQUSTL-UHFFFAOYSA-N,,Ki,9.054531
FGXWKSZFVQUSTL-UHFFFAOYSA-N,2015,Ki,8.886057
FGXXPAFUXKMGKU-UHFFFAOYSA-N,2011,Ki,8.337242
FHAZIYQYBLJZIK-UHFFFAOYSA-N,2020,Ki,6.917215
FHAZIYQYBLJZIK-UHFFFAOYSA-N,2022,Ki,6.917215
FHBMSKSIPMUQOG-UHFFFAOYSA-N,2016,Ki,5.478470
FHJHQELIOHZJNR-UHFFFAOYSA-N,2008,Ki,7.657577
FHJKGVBVLIXGIQ-CYBMUJFWSA-N,2016,Ki,8.092589
FHJKGVBVLIXGIQ-CYBMUJFWSA-N,2016,Ki,6.061480
FHJKGVBVLIXGIQ-CYBMUJFWSA-N,2016,EC50,7.167491
FHJKGVBVLIXGIQ-CYBMUJFWSA-N,2016,EC50,7.886057
FHMWRCSIRLHLAI-OUKQBFOZSA-N,1995,Ki,6.095284
FHOVKJHMUHGSDG-OJBMAJLDSA-N,2014,Ki,6.036448
FHPIXVHJEIZKJW-UHFFFAOYSA-N,1997,Ki,8.045757
FHPKNBFLJRFJBV-HEHNFIMWSA-N,2006,Ki,5.596879
FHQYCPGXTQGPMU-GMAHTHKFSA-N,2003,Ki,8.468521
FHSMMEAYPKEOAQ-UHFFFAOYSA-N,2006,Ki,7.036212
FHSMMEAYPKEOAQ-UHFFFAOYSA-N,2006,Ki,6.703335
FHSMMEAYPKEOAQ-UHFFFAOYSA-N,2015,Ki,6.721246
FHSMMEAYPKEOAQ-UHFFFAOYSA-N,2024,Ki,6.721246
FHTCFDIRPCKGKO-UHFFFAOYSA-N,2017,Ki,5.734710
FHTQWEHAVYFMHP-KRWDZBQOSA-N,2020,Ki,8.250032
FHTQWEHAVYFMHP-QGZVFWFLSA-N,2020,Ki,8.910095
FHXDBZHSFZNQBN-UHFFFAOYSA-N,2013,Ki,6.970616
FHYXSLBVXNQUAJ-UHFFFAOYSA-N,2023,Ki,6.326058
FHZHGMCMPLAIMD-UHFFFAOYSA-N,2012,Ki,6.316503
FIADGNVRKBPQEU-UHFFFAOYSA-N,2013,Ki,8.619789
FIBONCALDRDINS-UHFFFAOYSA-N,2019,IC50,6.614394
FIEUCLRMVRKRIW-YIQCUVMYSA-N,2020,Ki,6.193820
FIEUCLRMVRKRIW-YIQCUVMYSA-N,2022,Ki,6.193820
FIFCKHUAPMXUCB-VQTJNVASSA-N,2021,Ki,8.640165
FIHJHWNDFUFQRI-IZBCBXDISA-N,2023,Ki,6.508638
FIIJQHSUFMYWQS-UHFFFAOYSA-N,2014,Ki,6.197226
FIIJQHSUFMYWQS-UHFFFAOYSA-N,2014,Ki,6.199998
FIIKFPYCOKYZNU-UHFFFAOYSA-N,2017,IC50,7.501689
FIJPMMPGAZUPGI-LEWJYISDSA-N,2020,Ki,6.481486
FIJPMMPGAZUPGI-LEWJYISDSA-N,2022,Ki,6.481486
FIMDFCHHYZMXDV-YGQOYYDZSA-N,2014,Ki,6.724205
FIQUQIIUSBAECI-QAQDUYKDSA-N,2014,Ki,7.131708
FISUUARMPJZKMS-UHFFFAOYSA-N,2007,Ki,6.798603
FISUUARMPJZKMS-UHFFFAOYSA-N,2007,EC50,6.665546
FIVZLAMKROFZLS-UHFFFAOYSA-N,2010,Ki,7.471083
FIZAPBXYZQYEQQ-JKIUYZKVSA-N,2013,Ki,6.825330
FJCIWANMQSLZNY-WLNZHLEZSA-N,2001,Ki,7.089909
FJDXZJPLGPQEMF-UHFFFAOYSA-N,2001,Ki,8.397940
FJGIJPVLRUOQFB-WGSAOQKQSA-N,2017,Ki,8.068542
FJGIJPVLRUOQFB-WGSAOQKQSA-N,2017,Ki,8.068542
FJGNCKIPBKWGFB-UHFFFAOYSA-N,2019,Ki,7.958607
FJGOTAJCEJCFEV-UHFFFAOYSA-N,2017,Ki,5.982549
FJKZYFQWHOCWIZ-KESTWPANSA-N,2014,Ki,6.855115
FJLFQHMTMGDZCN-IYARVYRRSA-N,2013,Ki,5.940001
FJLHVGCNLNMUSS-UHFFFAOYSA-N,2020,IC50,7.519993
FJNBHLSWNGPZQQ-ZVHZXABRSA-N,2007,Ki,4.920819
FJOGXSUKUXQYQW-UHFFFAOYSA-N,2009,Ki,6.508638
FJTBQZNFUHLCOQ-UAPYVXQJSA-N,2014,Ki,6.243440
FJUALPUCFNOCDA-ZDUSSCGKSA-N,2014,Ki,7.055419
FJUKDAZEABGEIH-UHFFFAOYSA-N,1993,Ki,8.522879
FJUKDAZEABGEIH-UHFFFAOYSA-N,2024,Ki,8.016870
FJWCYEPZDVUXMR-UHFFFAOYSA-N,2009,Ki,6.299998
FJXRWQLSUYHSFX-RUZDIDTESA-N,2013,EC50,6.747147
FJXRWQLSUYHSFX-UHFFFAOYSA-N,2008,Ki,6.195179
FJYJGNZBZKNLBF-UHFFFAOYSA-N,2019,Ki,6.219683
FJYJGNZBZKNLBF-UHFFFAOYSA-N,2019,EC50,5.795880
FJYJGNZBZKNLBF-UHFFFAOYSA-N,2019,IC50,4.392910
FJYJGNZBZKNLBF-UHFFFAOYSA-N,2019,EC50,5.410385
FJYJGNZBZKNLBF-UHFFFAOYSA-N,2019,IC50,4.053317
FJYYLTSACBJXID-UHFFFAOYSA-N,1997,Ki,5.939302
FJYYLTSACBJXID-UHFFFAOYSA-N,2005,Ki,6.419999
FJZRVTBENKLHMM-UHFFFAOYSA-N,2017,Ki,5.823909
FJZRVTBENKLHMM-UHFFFAOYSA-N,2017,Ki,5.823909
FKBRVKLQNBDXPE-UHFFFAOYSA-N,2015,Ki,6.038579
FKDUMTZHFXGASD-UHFFFAOYSA-N,2006,Ki,7.187087
FKEVPZVICOXDLR-UHFFFAOYSA-N,2000,Ki,5.562249
FKFXRRIOERUHEP-UHFFFAOYSA-N,2016,Ki,6.565431
FKFXRRIOERUHEP-UHFFFAOYSA-N,2016,Ki,6.570006
FKHBHNWGBJHKGW-UHFFFAOYSA-N,2006,Ki,6.609065
FKHJOYFNYFVDRF-UHFFFAOYSA-N,2008,Ki,6.508638
FKHVTQQFARSOBP-UHFFFAOYSA-N,2019,Ki,6.721246
FKHXVLVBZSVIRU-UHFFFAOYSA-N,2019,IC50,7.570248
FKIIRAHSARSGPF-UHFFFAOYSA-N,2000,Ki,6.045757
FKIIRAHSARSGPF-UHFFFAOYSA-N,2000,Ki,6.047692
FKIOAWWWCGUPIH-UHFFFAOYSA-N,2018,Ki,6.180002
FKJFAUSZKZYNCF-UHFFFAOYSA-N,2019,Ki,7.000000
FKJFAUSZKZYNCF-UHFFFAOYSA-N,2019,Ki,7.148742
FKKQLJVJIIRDRI-UHFFFAOYSA-N,2014,Ki,8.060481
FKLGTWAUQNLMPV-UHFFFAOYSA-N,2015,Ki,6.468521
FKNXQNWAXFXVNW-UHFFFAOYSA-N,2016,Ki,4.065502
FKPNKWMJMHRBGE-UHFFFAOYSA-N,1996,Ki,7.229148
FKPNKWMJMHRBGE-UHFFFAOYSA-N,1996,Ki,9.119186
FKPUMTSFODZMAY-UHFFFAOYSA-N,2012,Ki,6.823909
FKPUMTSFODZMAY-UHFFFAOYSA-N,2012,Ki,7.180456
FKUQSZKJDBSUAF-ZDUSSCGKSA-N,2007,Ki,9.070581
FKUQSZKJDBSUAF-ZDUSSCGKSA-N,2007,Ki,9.055517
FKVLSJZELYFVGN-IBGZPJMESA-N,2011,IC50,6.299998
FKVUODCCSPECOT-OUMHMPNFSA-N,2018,IC50,7.350665
FKYWQYRHUAFYJR-UHFFFAOYSA-N,2014,Ki,7.267606
FKYWQYRHUAFYJR-UHFFFAOYSA-N,2014,Ki,7.270026
FKYWSGYMKJUZEP-ZOBUZTSGSA-N,2010,Ki,3.124939
FKYWSGYMKJUZEP-ZOBUZTSGSA-N,2012,Ki,6.638272
FLDYDMUQJQRGFN-PZJWPPBQSA-N,2021,Ki,8.752027
FLGSUSWMWSZVMP-UHFFFAOYSA-N,2015,Ki,6.080002
FLGSUSWMWSZVMP-UHFFFAOYSA-N,2015,Ki,6.078834
FLHKIKAYFDTIDG-UWSKWSKGSA-N,2018,IC50,7.489455
FLHNFXPLCFJIDJ-MRXNPFEDSA-N,1994,Ki,6.872895
FLHNFXPLCFJIDJ-MRXNPFEDSA-N,1994,Ki,7.958607
FLJUYWJINNZFMZ-UHFFFAOYSA-N,1997,Ki,6.524329
FLJUYWJINNZFMZ-UHFFFAOYSA-N,2005,Ki,6.519993
FLKZGKHMMRPRAS-UHFFFAOYSA-N,2006,Ki,5.831503
FLNGBOIVGQBOBU-UHFFFAOYSA-N,2013,Ki,6.124939
FLNGBOIVGQBOBU-UHFFFAOYSA-N,2013,Ki,5.795880
FLNJSRMYQSEHEU-UHFFFAOYSA-N,2014,Ki,5.956245
FLNJSRMYQSEHEU-UHFFFAOYSA-N,2014,Ki,6.000000
FLPVFOMJIXWGPC-IBGZPJMESA-N,2005,Ki,7.924453
FLPVFOMJIXWGPC-LJQANCHMSA-N,2005,Ki,8.443697
FLQHAMHLQRATPW-UHFFFAOYSA-N,2007,Ki,8.280006
FLQHAMHLQRATPW-UHFFFAOYSA-N,2015,Ki,9.040959
FLUICVJCLNQVDT-UHFFFAOYSA-N,2000,Ki,5.402305
FLVVAVLMHCUYGY-UHFFFAOYSA-N,2007,Ki,6.799998
FMBYZLSHWCEAOV-UHFFFAOYSA-N,2002,Ki,5.815309
FMCRANLYZLAXGN-UHFFFAOYSA-N,1992,Ki,8.823909
FMEYZGBIOSKJJC-UHFFFAOYSA-N,2001,Ki,9.000000
FMHRYVOSEYAEHQ-UHFFFAOYSA-N,2016,Ki,5.850781
FMHUNPPYMDSNSJ-UHFFFAOYSA-N,2020,Ki,5.031424
FMHUNPPYMDSNSJ-UHFFFAOYSA-N,2022,Ki,5.031424
FMIGXIISTXPFJX-UHFFFAOYSA-N,2019,Ki,5.744245
FMIMXALAIBPPTQ-UHFFFAOYSA-N,2023,Ki,6.939302
FMJYIEYLOQSTQE-IBGZPJMESA-N,2011,IC50,6.099999
FMLDUWPAAHKNPY-HNKWHGCMSA-N,2014,Ki,7.070070
FMPGJOKHIUMWLA-UHFFFAOYSA-N,2014,Ki,7.720105
FMRMQJKRHKYSLD-IBGZPJMESA-N,2011,IC50,5.400000
FMTZLPYHNXPXCD-UHFFFAOYSA-N,2002,Ki,5.464579
FMZGBSVSSSJNBU-VAWYXSNFSA-N,2003,Ki,7.698970
FMZYTGKVWBHUEI-UHFFFAOYSA-N,2010,Ki,7.721246
FMZYTGKVWBHUEI-UHFFFAOYSA-N,2010,Ki,7.657577
FNCHOLREEKOGDL-JHJOSGQCSA-N,2014,Ki,6.841698
FNCWUZADAIADLQ-UHFFFAOYSA-N,2007,Ki,5.000000
FNDLZQGZKLRGIU-YOCNBXQISA-N,2013,Ki,6.745936
FNDYKBLJPFQMEN-UHFFFAOYSA-N,2016,Ki,7.200659
FNDYKBLJPFQMEN-UHFFFAOYSA-N,2016,Ki,6.920819
FNDYKBLJPFQMEN-UHFFFAOYSA-N,2016,EC50,6.958607
FNDYKBLJPFQMEN-UHFFFAOYSA-N,2016,EC50,5.585027
FNEYDYBEZUNJRD-UHFFFAOYSA-N,2001,Ki,9.031517
FNHANZYICZUWQM-UHFFFAOYSA-N,2006,Ki,6.769551
FNHANZYICZUWQM-UHFFFAOYSA-N,2006,Ki,7.075721
FNIWYWIHLOTVQU-UHFFFAOYSA-N,2008,IC50,5.638272
FNKBVTBXFLSTPB-LBPRGKRZSA-N,2000,Ki,5.424812
FNMHRIVKENCKLK-IGGCZAQCSA-N,2020,Ki,6.853872
FNMHRIVKENCKLK-IGGCZAQCSA-N,2022,Ki,6.853872
FNNKRCZBNZOMQJ-MEMLXQNLSA-N,2023,Ki,7.818156
FNNKRCZBNZOMQJ-MEMLXQNLSA-N,2023,EC50,8.280006
FNNKRCZBNZOMQJ-MEMLXQNLSA-N,2023,EC50,8.282329
FNNKRCZBNZOMQJ-MEMLXQNLSA-N,2023,EC50,7.580044
FNNKRCZBNZOMQJ-MEMLXQNLSA-N,2023,EC50,7.581533
FNNXWXFDPGCSNX-XUTJKUGGSA-N,2023,Ki,6.508638
FNRRHBXSSQNLPH-UHFFFAOYSA-N,2009,Ki,7.489991
FNWIXECQKCBEDQ-UHFFFAOYSA-N,1999,Ki,7.221849
FNXIHIMNVBDVAC-UHFFFAOYSA-N,2012,Ki,7.823909
FNYJYFAJIFQJRG-ISKFKSNPSA-N,2002,Ki,6.423659
FNZNOBSAZSOSGF-UHFFFAOYSA-N,2012,Ki,6.728158
FNZNOBSAZSOSGF-UHFFFAOYSA-N,2012,Ki,5.972243
FNZOOYYZKQCPEG-UHFFFAOYSA-N,2012,EC50,6.701147
FNZOOYYZKQCPEG-UHFFFAOYSA-N,2012,Ki,5.998266
FNZOOYYZKQCPEG-UHFFFAOYSA-N,2015,Ki,5.998266
FNZOOYYZKQCPEG-UHFFFAOYSA-N,2015,EC50,6.000000
FNZOOYYZKQCPEG-UHFFFAOYSA-N,2015,EC50,6.214670
FOBZBVWBEVBZHU-UHFFFAOYSA-N,2014,Ki,7.431798
FOCNVWPMXDBALZ-UHFFFAOYSA-N,2017,Ki,5.907630
FOHGNVLGHIBZAX-UHFFFAOYSA-N,2020,EC50,5.602060
FOHGNVLGHIBZAX-UHFFFAOYSA-N,2020,IC50,5.337242
FOHGNVLGHIBZAX-UHFFFAOYSA-N,2023,EC50,5.602060
FOHGNVLGHIBZAX-UHFFFAOYSA-N,2023,IC50,5.337242
FOHGUOABUOPCLW-FVUUGDKNSA-N,2023,Ki,5.920819
FOIMIKRPLAIUMW-RWXRFDSASA-N,2023,Ki,5.958607
FOJAWPAIUACMCV-ZJBHJZIXSA-N,2023,Ki,8.239578
FOKZOGSWMCKMLR-UHFFFAOYSA-N,2006,Ki,6.537602
FOLXSEMOHDUPCN-UHFFFAOYSA-N,2018,Ki,6.829738
FOQMHNUCQRZHMO-IYARVYRRSA-N,1998,Ki,7.958607
FOQOXYFYHFUCMT-UHFFFAOYSA-N,2020,Ki,6.892790
FOQOXYFYHFUCMT-UHFFFAOYSA-N,2020,Ki,6.612610
FOQOXYFYHFUCMT-UHFFFAOYSA-N,2022,Ki,6.612610
FORAQSMKEXXBJZ-MXVIHJGJSA-N,2013,Ki,6.183891
FOSYKSVEHLEJMK-UAPYVXQJSA-N,2014,Ki,6.483861
FOUYNUWEFKTMDR-UHFFFAOYSA-N,2010,Ki,7.000000
FOVUVYKDWJUHPC-UHFFFAOYSA-N,2018,Ki,6.767004
FOVUVYKDWJUHPC-UHFFFAOYSA-N,2018,Ki,7.102373
FOVUVYKDWJUHPC-UHFFFAOYSA-N,2018,EC50,8.259637
FOWVILAPRCJMGP-MRXNPFEDSA-N,2016,Ki,8.586700
FOWVILAPRCJMGP-MRXNPFEDSA-N,2016,Ki,6.835647
FOWVILAPRCJMGP-MRXNPFEDSA-N,2016,EC50,7.469800
FOWVILAPRCJMGP-MRXNPFEDSA-N,2016,EC50,7.863279
FOWVILAPRCJMGP-MRXNPFEDSA-N,2017,EC50,9.000000
FOWVILAPRCJMGP-MRXNPFEDSA-N,2017,EC50,7.688246
FOWVILAPRCJMGP-MRXNPFEDSA-N,2017,IC50,6.801893
FOWVILAPRCJMGP-MRXNPFEDSA-N,2017,EC50,7.774691
FOWVILAPRCJMGP-MRXNPFEDSA-N,2017,IC50,6.031004
FOWVILAPRCJMGP-MRXNPFEDSA-N,2017,EC50,9.045757
FOWVILAPRCJMGP-MRXNPFEDSA-N,2017,IC50,7.004804
FOXUYLUURDWAGN-KESTWPANSA-N,2013,Ki,6.941992
FOYUWODSNRINIS-UHFFFAOYSA-N,1997,Ki,6.499997
FPCCSQOGAWCVBH-UHFFFAOYSA-N,2000,Ki,6.619789
FPDIERBPQFAFSI-UHFFFAOYSA-N,1997,Ki,7.657577
FPECFHTXABEENA-UHFFFAOYSA-N,2007,Ki,6.252588
FPGKBFKWSRCNIW-UHFFFAOYSA-N,2015,Ki,7.508638
FPHFICIJDHPAHE-MOPGFXCFSA-N,1999,Ki,6.721246
FPHFICIJDHPAHE-MOPGFXCFSA-N,1999,Ki,6.721246
FPHFICIJDHPAHE-OALUTQOASA-N,1999,Ki,6.008774
FPHFICIJDHPAHE-OALUTQOASA-N,1999,Ki,6.267606
FPHFICIJDHPAHE-RBUKOAKNSA-N,1999,Ki,7.346787
FPHFICIJDHPAHE-RBUKOAKNSA-N,1999,Ki,7.552842
FPHFICIJDHPAHE-RTBURBONSA-N,1999,Ki,7.267606
FPHFICIJDHPAHE-RTBURBONSA-N,1999,Ki,7.619789
FPIUKAAHOYRXRK-UHFFFAOYSA-N,2006,Ki,6.450997
FPJWEGAZJREYOD-UHFFFAOYSA-N,2023,Ki,6.357535
FPJWEGAZJREYOD-UHFFFAOYSA-N,2023,Ki,6.350003
FPJWEGAZJREYOD-UHFFFAOYSA-N,2023,EC50,6.019997
FPJWEGAZJREYOD-UHFFFAOYSA-N,2023,EC50,6.020001
FPJWEGAZJREYOD-UHFFFAOYSA-N,2023,EC50,7.345823
FPJWEGAZJREYOD-UHFFFAOYSA-N,2023,EC50,7.339989
FPLHVKDUVQOWKV-UHFFFAOYSA-N,2016,Ki,8.000000
FPLHVKDUVQOWKV-UHFFFAOYSA-N,2016,Ki,7.990124
FPSXFLZNLAYRGB-UHFFFAOYSA-N,2023,Ki,5.127261
FPUAKJDDMRFFBU-UHFFFAOYSA-N,2017,Ki,6.102923
FPUAKJDDMRFFBU-UHFFFAOYSA-N,2018,Ki,6.102923
FPVHORFNDSKMPV-UHFFFAOYSA-N,2017,IC50,8.480172
FPVHORFNDSKMPV-UHFFFAOYSA-N,2019,IC50,8.265200
FPVHORFNDSKMPV-UHFFFAOYSA-N,2019,IC50,8.161781
FPVHORFNDSKMPV-UHFFFAOYSA-N,2019,IC50,7.677781
FPWBHZULGMGZGF-UHFFFAOYSA-N,2002,Ki,8.698970
FQEKHPKAOCFEHM-UHFFFAOYSA-N,2016,Ki,8.000000
FQGGNELGQIQAHB-UHFFFAOYSA-N,2015,Ki,7.750068
FQGGNELGQIQAHB-UHFFFAOYSA-N,2015,Ki,7.752027
FQJVIZLZSFQUTO-UHFFFAOYSA-N,2014,Ki,5.838033
FQJVIZLZSFQUTO-UHFFFAOYSA-N,2017,Ki,5.838033
FQJVIZLZSFQUTO-UHFFFAOYSA-N,2018,Ki,5.838033
FQLLNWUUMBPODU-UHFFFAOYSA-N,2025,Ki,7.119987
FQNXFBTXLFBRQD-UHFFFAOYSA-N,2022,Ki,6.628932
FQPSOJRHFJUUMC-HNNXBMFYSA-N,2012,EC50,4.251812
FQPSOJRHFJUUMC-HNNXBMFYSA-N,2024,Ki,6.782516
FQPSOJRHFJUUMC-HNNXBMFYSA-N,2024,Ki,6.289037
FQPSOJRHFJUUMC-OAHLLOKOSA-N,2012,EC50,4.853872
FQRIRCXYLMTNDU-UHFFFAOYSA-N,2014,Ki,8.431798
FQRXUQIAZYDCID-UHFFFAOYSA-N,2015,Ki,6.801343
FQUQVJCZFGUICL-PZJWPPBQSA-N,2010,Ki,5.481486
FQXALFLSCOKUML-UHFFFAOYSA-N,2007,Ki,6.178486
FRCZRQAUJGJNII-UHFFFAOYSA-N,2021,Ki,5.961777
FRCZRQAUJGJNII-UHFFFAOYSA-N,2021,Ki,5.959999
FRDOLUJNVQSLJJ-UHFFFAOYSA-N,2018,Ki,7.026872
FRDOLUJNVQSLJJ-UHFFFAOYSA-N,2018,Ki,6.832683
FRFIZCRRPBDSOP-AATRIKPKSA-N,2013,Ki,7.393619
FRIUOYMOHHKICX-UHFFFAOYSA-N,2020,Ki,5.886057
FRIUOYMOHHKICX-UHFFFAOYSA-N,2022,Ki,5.886057
FRKKVNDZDTXASV-UHFFFAOYSA-N,2013,Ki,8.698970
FRMIPKWMBQUOCY-YZSQISJMSA-N,2007,Ki,5.508638
FRMZDOIYBVOLRB-CTTKVJGISA-N,2003,Ki,8.500038
FROJMJFJUZFRPE-UHFFFAOYSA-N,2016,Ki,6.610834
FRPJGTNLZNXQEX-UHFFFAOYSA-N,2004,Ki,6.795880
FRPJGTNLZNXQEX-UHFFFAOYSA-N,2004,Ki,4.292430
FRPJGTNLZNXQEX-UHFFFAOYSA-N,2004,Ki,4.823909
FRPJGTNLZNXQEX-UHFFFAOYSA-N,2021,EC50,7.920819
FRQVGTOODSSJIY-UHFFFAOYSA-N,2015,Ki,8.889410
FRQVGTOODSSJIY-UHFFFAOYSA-N,2015,EC50,9.698970
FRQVGTOODSSJIY-UHFFFAOYSA-N,2015,EC50,8.337242
FRRINSVGAXZLRR-UHFFFAOYSA-N,2016,Ki,6.744727
FRSPYOUEGGGSKQ-UHFFFAOYSA-N,2019,Ki,5.870310
FRYFTASOYSPSFB-UHFFFAOYSA-N,2010,Ki,6.199998
FSAALEHYCCSDSA-UHFFFAOYSA-N,2014,Ki,5.677781
FSAALEHYCCSDSA-UHFFFAOYSA-N,2014,Ki,5.679999
FSADUXJHZQYIQE-QHCPKHFHSA-N,2012,IC50,6.199998
FSHKWBYMYDCHAB-HKWRFOASSA-N,1997,Ki,6.387216
FSKDJHMJFCWDOT-IYARVYRRSA-N,2014,Ki,7.119301
FSLWZIRTOUAUNP-UHFFFAOYSA-N,2017,Ki,7.397940
FSLWZIRTOUAUNP-UHFFFAOYSA-N,2017,Ki,7.721246
FSMFABUIPFMXCD-HNKWHGCMSA-N,2014,Ki,6.892451
FSOQNRYVHQRTNP-UHFFFAOYSA-N,2010,Ki,7.468521
FSRGBFIJCFDRBB-NGRWLJPCSA-N,2008,Ki,8.309804
FSYNULSLZHGKCA-AZUAARDMSA-N,2025,Ki,6.397940
FSYXFKAGLZZMPT-BURBDGKISA-N,2014,Ki,7.268250
FTCUBQDATNLTBT-UHFFFAOYSA-N,1997,Ki,6.229148
FTCVLHZRRJVLPD-HOTGVXAUSA-N,2009,Ki,6.299998
FTCVLHZRRJVLPD-HZPDHXFCSA-N,2009,Ki,6.080002
FTCVLHZRRJVLPD-HZPDHXFCSA-N,2009,EC50,6.570006
FTEACBHSVWHXQR-KRWDZBQOSA-N,2020,EC50,6.209996
FTEACBHSVWHXQR-KRWDZBQOSA-N,2020,EC50,6.212185
FTEACBHSVWHXQR-KRWDZBQOSA-N,2020,IC50,7.389979
FTEACBHSVWHXQR-KRWDZBQOSA-N,2020,IC50,7.389659
FTEACBHSVWHXQR-QGZVFWFLSA-N,2020,IC50,7.550059
FTEACBHSVWHXQR-QGZVFWFLSA-N,2020,IC50,7.549751
FTEVXGASDTUTGT-UHFFFAOYSA-N,2007,Ki,6.764472
FTGYSZBLJCFDON-VIFPVBQESA-N,2010,IC50,7.489991
FTLOZRFDKPZXJE-UHFFFAOYSA-N,2017,Ki,4.977118
FTLOZRFDKPZXJE-UHFFFAOYSA-N,2018,Ki,4.977118
FTMRVTRKAANZIN-UHFFFAOYSA-N,2015,EC50,6.507240
FTMRVTRKAANZIN-UHFFFAOYSA-N,2015,EC50,6.509999
FTOJNYBTEQZZPY-UHFFFAOYSA-N,2015,Ki,7.207608
FTQFFUFTPXRJIA-UHFFFAOYSA-N,2016,Ki,6.946922
FTRMVNZQPKCUAS-UHFFFAOYSA-N,2008,Ki,7.244125
FTSARFSCILVQEK-ONEGZZNKSA-N,2005,Ki,7.183759
FTSUPYGMFAPCFZ-ZWNOBZJWSA-N,2000,EC50,8.431798
FTSUPYGMFAPCFZ-ZWNOBZJWSA-N,1994,EC50,8.119186
FTSUPYGMFAPCFZ-ZWNOBZJWSA-N,1998,Ki,5.590067
FTSUPYGMFAPCFZ-ZWNOBZJWSA-N,2001,Ki,7.193820
FTSUPYGMFAPCFZ-ZWNOBZJWSA-N,2001,Ki,4.508638
FTSUPYGMFAPCFZ-ZWNOBZJWSA-N,2001,Ki,7.283997
FTSUPYGMFAPCFZ-ZWNOBZJWSA-N,2001,Ki,5.397940
FTSUPYGMFAPCFZ-ZWNOBZJWSA-N,2003,Ki,7.193820
FTSUPYGMFAPCFZ-ZWNOBZJWSA-N,2003,Ki,7.283997
FTSUPYGMFAPCFZ-ZWNOBZJWSA-N,2000,EC50,8.657577
FTSUPYGMFAPCFZ-ZWNOBZJWSA-N,2005,Ki,7.200659
FTSUPYGMFAPCFZ-ZWNOBZJWSA-N,2005,Ki,5.508638
FTSUPYGMFAPCFZ-ZWNOBZJWSA-N,2005,Ki,7.455932
FTSUPYGMFAPCFZ-ZWNOBZJWSA-N,2005,Ki,5.522879
FTSUPYGMFAPCFZ-ZWNOBZJWSA-N,2005,Ki,7.455932
FTSUPYGMFAPCFZ-ZWNOBZJWSA-N,2005,Ki,5.508638
FTSUPYGMFAPCFZ-ZWNOBZJWSA-N,2005,Ki,5.522879
FTSUPYGMFAPCFZ-ZWNOBZJWSA-N,2006,EC50,8.130768
FTSUPYGMFAPCFZ-ZWNOBZJWSA-N,2006,EC50,8.000000
FTSUPYGMFAPCFZ-ZWNOBZJWSA-N,2006,EC50,6.481486
FTSUPYGMFAPCFZ-ZWNOBZJWSA-N,2006,EC50,6.638272
FTSUPYGMFAPCFZ-ZWNOBZJWSA-N,2009,EC50,6.619789
FTSUPYGMFAPCFZ-ZWNOBZJWSA-N,2009,Ki,6.022276
FTSUPYGMFAPCFZ-ZWNOBZJWSA-N,2009,Ki,6.060481
FTSUPYGMFAPCFZ-ZWNOBZJWSA-N,2011,EC50,6.853872
FTSUPYGMFAPCFZ-ZWNOBZJWSA-N,2012,EC50,7.721246
FTSUPYGMFAPCFZ-ZWNOBZJWSA-N,2012,Ki,5.926282
FTSUPYGMFAPCFZ-ZWNOBZJWSA-N,2013,Ki,7.154902
FTSUPYGMFAPCFZ-ZWNOBZJWSA-N,2013,Ki,6.585027
FTSUPYGMFAPCFZ-ZWNOBZJWSA-N,2013,Ki,7.744727
FTSUPYGMFAPCFZ-ZWNOBZJWSA-N,2014,Ki,6.585027
FTSUPYGMFAPCFZ-ZWNOBZJWSA-N,2014,Ki,7.154902
FTSUPYGMFAPCFZ-ZWNOBZJWSA-N,2014,EC50,5.790000
FTSUPYGMFAPCFZ-ZWNOBZJWSA-N,2014,EC50,5.795880
FTSUPYGMFAPCFZ-ZWNOBZJWSA-N,2014,EC50,6.167491
FTSUPYGMFAPCFZ-ZWNOBZJWSA-N,2015,Ki,6.585027
FTSUPYGMFAPCFZ-ZWNOBZJWSA-N,2015,Ki,7.154902
FTSUPYGMFAPCFZ-ZWNOBZJWSA-N,2015,EC50,5.795880
FTSUPYGMFAPCFZ-ZWNOBZJWSA-N,2015,EC50,5.638272
FTSUPYGMFAPCFZ-ZWNOBZJWSA-N,2015,EC50,5.568636
FTSUPYGMFAPCFZ-ZWNOBZJWSA-N,2015,EC50,5.552842
FTSUPYGMFAPCFZ-ZWNOBZJWSA-N,2015,EC50,7.080922
FTSUPYGMFAPCFZ-ZWNOBZJWSA-N,2015,EC50,6.209996
FTSUPYGMFAPCFZ-ZWNOBZJWSA-N,2015,EC50,5.790000
FTSUPYGMFAPCFZ-ZWNOBZJWSA-N,2015,EC50,7.292430
FTSUPYGMFAPCFZ-ZWNOBZJWSA-N,2016,Ki,8.254925
FTSUPYGMFAPCFZ-ZWNOBZJWSA-N,2016,Ki,5.530178
FTSUPYGMFAPCFZ-ZWNOBZJWSA-N,2016,EC50,8.086186
FTSUPYGMFAPCFZ-ZWNOBZJWSA-N,2016,Ki,6.585027
FTSUPYGMFAPCFZ-ZWNOBZJWSA-N,2016,Ki,7.154902
FTSUPYGMFAPCFZ-ZWNOBZJWSA-N,2016,EC50,8.795880
FTSUPYGMFAPCFZ-ZWNOBZJWSA-N,2016,EC50,7.065502
FTSUPYGMFAPCFZ-ZWNOBZJWSA-N,2016,IC50,6.335358
FTSUPYGMFAPCFZ-ZWNOBZJWSA-N,2017,EC50,8.522879
FTSUPYGMFAPCFZ-ZWNOBZJWSA-N,2017,EC50,8.292430
FTSUPYGMFAPCFZ-ZWNOBZJWSA-N,2017,EC50,8.229148
FTSUPYGMFAPCFZ-ZWNOBZJWSA-N,2017,EC50,8.920819
FTSUPYGMFAPCFZ-ZWNOBZJWSA-N,2017,EC50,8.920819
FTSUPYGMFAPCFZ-ZWNOBZJWSA-N,2017,EC50,6.530178
FTSUPYGMFAPCFZ-ZWNOBZJWSA-N,2017,EC50,6.821023
FTSUPYGMFAPCFZ-ZWNOBZJWSA-N,2017,EC50,7.193820
FTSUPYGMFAPCFZ-ZWNOBZJWSA-N,2017,EC50,7.962574
FTSUPYGMFAPCFZ-ZWNOBZJWSA-N,2017,Ki,7.882729
FTSUPYGMFAPCFZ-ZWNOBZJWSA-N,2017,EC50,6.830914
FTSUPYGMFAPCFZ-ZWNOBZJWSA-N,2017,EC50,6.451979
FTSUPYGMFAPCFZ-ZWNOBZJWSA-N,2017,EC50,7.412289
FTSUPYGMFAPCFZ-ZWNOBZJWSA-N,2017,EC50,7.283997
FTSUPYGMFAPCFZ-ZWNOBZJWSA-N,2017,EC50,6.568636
FTSUPYGMFAPCFZ-ZWNOBZJWSA-N,2017,EC50,7.795880
FTSUPYGMFAPCFZ-ZWNOBZJWSA-N,2017,EC50,7.136677
FTSUPYGMFAPCFZ-ZWNOBZJWSA-N,2017,EC50,6.443697
FTSUPYGMFAPCFZ-ZWNOBZJWSA-N,2018,EC50,8.744727
FTSUPYGMFAPCFZ-ZWNOBZJWSA-N,2020,EC50,6.823909
FTSUPYGMFAPCFZ-ZWNOBZJWSA-N,2020,EC50,6.819989
FTSUPYGMFAPCFZ-ZWNOBZJWSA-N,2019,EC50,8.744727
FTSUPYGMFAPCFZ-ZWNOBZJWSA-N,2019,EC50,8.568636
FTSUPYGMFAPCFZ-ZWNOBZJWSA-N,2019,EC50,6.939302
FTSUPYGMFAPCFZ-ZWNOBZJWSA-N,2019,EC50,8.619789
FTSUPYGMFAPCFZ-ZWNOBZJWSA-N,2019,EC50,8.739929
FTSUPYGMFAPCFZ-ZWNOBZJWSA-N,2019,EC50,8.569925
FTSUPYGMFAPCFZ-ZWNOBZJWSA-N,2019,EC50,8.920819
FTSUPYGMFAPCFZ-ZWNOBZJWSA-N,2019,EC50,8.886057
FTSUPYGMFAPCFZ-ZWNOBZJWSA-N,2021,EC50,8.292430
FTSUPYGMFAPCFZ-ZWNOBZJWSA-N,2021,EC50,7.550059
FTSUPYGMFAPCFZ-ZWNOBZJWSA-N,2021,EC50,8.524329
FTSUPYGMFAPCFZ-ZWNOBZJWSA-N,2021,EC50,8.519993
FTSUPYGMFAPCFZ-ZWNOBZJWSA-N,2021,EC50,7.804100
FTSUPYGMFAPCFZ-ZWNOBZJWSA-N,2021,EC50,7.799971
FTSUPYGMFAPCFZ-ZWNOBZJWSA-N,2021,EC50,8.928118
FTSUPYGMFAPCFZ-ZWNOBZJWSA-N,2021,EC50,8.929962
FTSUPYGMFAPCFZ-ZWNOBZJWSA-N,2021,EC50,7.550059
FTSUPYGMFAPCFZ-ZWNOBZJWSA-N,2021,IC50,8.580044
FTSUPYGMFAPCFZ-ZWNOBZJWSA-N,2021,EC50,8.609949
FTSUPYGMFAPCFZ-ZWNOBZJWSA-N,2023,EC50,9.029979
FTSUPYGMFAPCFZ-ZWNOBZJWSA-N,2023,EC50,9.031517
FTSUPYGMFAPCFZ-ZWNOBZJWSA-N,2023,EC50,7.400008
FTSUPYGMFAPCFZ-ZWNOBZJWSA-N,2023,EC50,7.400335
FTZUWJCGDUCPLF-UHFFFAOYSA-N,2020,EC50,6.438899
FTZUWJCGDUCPLF-UHFFFAOYSA-N,2023,EC50,6.438899
FTZUWJCGDUCPLF-UHFFFAOYSA-N,2023,EC50,6.438899
FTZUWJCGDUCPLF-UHFFFAOYSA-N,2023,EC50,6.860121
FUAJGUYRNZZDBH-WGSAOQKQSA-N,2013,Ki,6.401428
FUBQWNPFXKULIT-UHFFFAOYSA-N,2007,Ki,5.988007
FUCGAUZSWYLMRK-UHFFFAOYSA-N,1998,Ki,6.801343
FUCGAUZSWYLMRK-UHFFFAOYSA-N,1998,Ki,6.621602
FUGGMNXTBZFFDM-UHFFFAOYSA-N,2019,Kd,9.339989
FUGGMNXTBZFFDM-UHFFFAOYSA-N,2019,Ki,9.489991
FUGWOZRGTJZGAQ-UHFFFAOYSA-N,2019,Ki,9.073658
FUIWABOFKJDPGP-KUONXOGPSA-N,2015,Ki,7.823909
FUJBVUPRADYUIB-XUTJKUGGSA-N,2014,Ki,6.659774
FUOUCUSWOTUMGM-UHFFFAOYSA-N,1995,Ki,8.899974
FUVSPPJJICMEMP-UHFFFAOYSA-N,2020,Ki,5.723768
FUZASPGUXFBSLU-UHFFFAOYSA-N,2015,Ki,6.576754
FUZBDAGWGHASHR-KRWDZBQOSA-N,1999,Ki,4.721246
FUZBDAGWGHASHR-KRWDZBQOSA-N,1999,Ki,4.677781
FUZBDAGWGHASHR-QGZVFWFLSA-N,1999,Ki,4.568636
FUZBDAGWGHASHR-QGZVFWFLSA-N,1999,Ki,4.602060
FUZKHNSFTYISEL-UHFFFAOYSA-N,2010,Ki,8.795880
FUZTUBAKRJSXML-UHFFFAOYSA-N,2019,Ki,6.159894
FUZTUBAKRJSXML-UHFFFAOYSA-N,2020,Ki,6.159894
FVDZPUYRYDLOSF-UHFFFAOYSA-N,2003,Ki,7.397940
FVHLWQUAXIQGNY-UHFFFAOYSA-N,2015,Ki,7.251037
FVIINRQKSXAKLE-UHFFFAOYSA-N,2011,Ki,5.278189
FVIZXTHHNZRGNE-UHFFFAOYSA-N,2004,Ki,5.301030
FVJVBIJJZNFQKE-UHFFFAOYSA-N,2010,Ki,9.136677
FVKWMLJXSQTSBS-LJQANCHMSA-N,2024,Ki,6.309804
FVLJNPGRJXOJPX-UHFFFAOYSA-N,2021,Ki,6.415330
FVLJNPGRJXOJPX-UHFFFAOYSA-N,2021,Ki,6.419999
FVLJNPGRJXOJPX-UHFFFAOYSA-N,2021,EC50,7.019997
FVLJNPGRJXOJPX-UHFFFAOYSA-N,2021,EC50,7.019997
FVLJNPGRJXOJPX-UHFFFAOYSA-N,2021,EC50,7.209715
FVLJNPGRJXOJPX-UHFFFAOYSA-N,2021,EC50,7.209996
FVMDOYQNOWAVCQ-UHFFFAOYSA-N,2012,Ki,6.856985
FVPJTSVRXNIKNB-UHFFFAOYSA-N,2016,Ki,7.602060
FVQOIDZBAPLYGQ-UHFFFAOYSA-N,2002,Ki,4.886057
FVQOIDZBAPLYGQ-UHFFFAOYSA-N,2002,Ki,4.920819
FVQPLTGWKDOVQS-IYARVYRRSA-N,2020,Ki,6.769551
FVQPLTGWKDOVQS-IYARVYRRSA-N,2022,Ki,6.769551
FVRSJSBIEQJTRJ-UAPYVXQJSA-N,2013,Ki,6.782779
FVSOIPSTCDDDHQ-UHFFFAOYSA-N,2017,Ki,6.599998
FVTIZFQEARZLMQ-UHFFFAOYSA-N,2009,Ki,6.707744
FVZDREXTEDTXIU-UHFFFAOYSA-N,2003,Ki,7.602060
FWACCHRUKMDWQL-ZWXJPIIXSA-N,2023,EC50,8.276544
FWCSMQRGFXNYQC-KHPPLWFESA-N,2020,Ki,4.718967
FWEPTGIQTOSNDF-UHFFFAOYSA-N,2019,Ki,4.602164
FWGBSERBTNODSZ-MEMLXQNLSA-N,2023,Ki,6.790485
FWIXCSGJXQPKPA-UHFFFAOYSA-N,2016,Ki,7.525784
FWMHZWMPUWAUPL-NDEPHWFRSA-N,2007,Ki,5.552842
FWMIDKRMSILWNA-IYARVYRRSA-N,2020,Ki,5.886057
FWMIDKRMSILWNA-IYARVYRRSA-N,2022,Ki,5.886057
FWPPLEXUCNFYBN-UHFFFAOYSA-N,2003,Ki,7.576754
FWRKTWHTQZRAPD-FCMXBYMOSA-N,2014,Ki,7.300249
FWRYWDVIHVFRGE-UHFFFAOYSA-N,2017,Ki,5.931443
FWRYWDVIHVFRGE-UHFFFAOYSA-N,2018,Ki,5.931443
FWUYSYBMZPOIDO-UHFFFAOYSA-N,2021,Ki,4.754487
FWYMLODBNSUZMM-OWOJBTEDSA-N,2005,Ki,7.537602
FXBRDXOXJHZPDA-UHFFFAOYSA-N,2008,Ki,6.399997
FXFJIYMLQPCQCK-UHFFFAOYSA-N,1993,Ki,5.625252
FXGOLDWNFWPLKN-UHFFFAOYSA-N,2021,Ki,7.021363
FXGOLDWNFWPLKN-UHFFFAOYSA-N,2021,Ki,7.019997
FXGOLDWNFWPLKN-UHFFFAOYSA-N,2021,EC50,8.540608
FXGOLDWNFWPLKN-UHFFFAOYSA-N,2021,EC50,8.540005
FXGOLDWNFWPLKN-UHFFFAOYSA-N,2021,EC50,8.129011
FXGOLDWNFWPLKN-UHFFFAOYSA-N,2021,EC50,8.130006
FXHLGRYCQSRFHY-MQSINFNDSA-N,2005,Ki,7.180456
FXHLGRYCQSRFHY-SHZHJNINSA-N,2005,Ki,6.432974
FXIOLEMXUYMYEG-NLFFAJNJSA-N,2016,Ki,5.120000
FXKSDINQBDXLAM-UHFFFAOYSA-N,2022,Ki,6.259637
FXMDNGYJSZHADA-UHFFFAOYSA-N,2013,Ki,6.892790
FXNATMMZTJGLHL-UHFFFAOYSA-N,2005,Ki,8.677781
FXOJKPLALHHTKM-UHFFFAOYSA-N,1997,Ki,6.699992
FXPWIJUEEVCPAI-SECBINFHSA-N,2016,Ki,5.290730
FXUMDUOHWITHIX-UHFFFAOYSA-N,2019,Ki,4.587993
FXWLTAOMDAMINN-UHFFFAOYSA-N,2001,Ki,6.725842
FXZOIJYOTNRPAT-JLHYYAGUSA-N,2003,Ki,7.625252
FYHDUYJHKIWKCX-UHFFFAOYSA-N,2007,Ki,8.000000
FYHOSCUNTXUTGZ-UHFFFAOYSA-N,2019,Ki,6.016374
FYNBSODPHHUGIL-PKOBYXMFSA-N,2010,Ki,6.376751
FYQHJBWTSJMLHO-UHFFFAOYSA-N,2013,IC50,5.000000
FYQHJBWTSJMLHO-UHFFFAOYSA-N,2013,Ki,5.301030
FYSQMYZWYIPETJ-RSBROLRWSA-N,2014,Ki,6.913178
FYSSSSIVDTYBFD-SFHVURJKSA-N,2000,Ki,6.376751
FYSSSSIVDTYBFD-SFHVURJKSA-N,2000,Ki,6.552842
FYSSSSIVDTYBFD-UHFFFAOYSA-N,2000,Ki,6.732828
FYSSSSIVDTYBFD-UHFFFAOYSA-N,2000,Ki,7.036212
FYWWZJPZGSOQHH-UHFFFAOYSA-N,2007,Ki,7.260032
FYWWZJPZGSOQHH-UHFFFAOYSA-N,2015,Ki,7.886057
FZDNUIQNUJFKIG-UHFFFAOYSA-N,2017,Ki,6.189767
FZDNUIQNUJFKIG-UHFFFAOYSA-N,2018,Ki,6.189767
FZEKBTQTBQVMTK-NRFANRHFSA-N,2002,Ki,5.928855
FZEUFNLUEJZENL-APWZRJJASA-N,2019,Ki,7.340084
FZEUFNLUEJZENL-APWZRJJASA-N,2020,Ki,7.340084
FZEUFNLUEJZENL-QFBILLFUSA-N,2019,Ki,6.530178
FZEUFNLUEJZENL-QFBILLFUSA-N,2020,Ki,6.530178
FZEUFNLUEJZENL-UHFFFAOYSA-N,2016,Ki,6.699992
FZEUFNLUEJZENL-UHFFFAOYSA-N,2016,Ki,6.900009
FZEUFNLUEJZENL-UHFFFAOYSA-N,2016,Ki,6.699992
FZEUFNLUEJZENL-UHFFFAOYSA-N,2019,Ki,6.939302
FZEUFNLUEJZENL-UHFFFAOYSA-N,2020,Ki,6.939302
FZFIBSDQQKUERM-UHFFFAOYSA-N,2015,Ki,7.300162
FZKSKVNYSCHGOF-UHFFFAOYSA-N,2020,Ki,5.730254
FZKSKVNYSCHGOF-UHFFFAOYSA-N,2022,Ki,5.730254
FZNQKIDQQPLCQR-UHFFFAOYSA-N,2020,Ki,6.161151
FZNQKIDQQPLCQR-UHFFFAOYSA-N,2022,Ki,6.161151
FZNVIOULNRQSFK-UHFFFAOYSA-N,2012,EC50,7.102373
FZNVIOULNRQSFK-UHFFFAOYSA-N,2012,EC50,6.600326
FZNVIOULNRQSFK-UHFFFAOYSA-N,2012,Ki,7.677781
FZQRWGRFKDAQAI-UHFFFAOYSA-N,2007,Ki,6.329995
FZRJIKQGMGQNFB-UHFFFAOYSA-N,2022,Ki,8.301030
FZRWUKVGDQMBQT-AZUAARDMSA-N,2010,Ki,5.783306
FZTHGRYFMPGYHV-UHFFFAOYSA-N,2021,Ki,5.899998
FZXAAPFSOWBFFA-UHFFFAOYSA-N,2004,Ki,5.958607
FZXSXMYFIZKXPT-UHFFFAOYSA-N,1991,Ki,9.180456
FZXSXMYFIZKXPT-UHFFFAOYSA-N,1991,Ki,8.187087
GABAKKAKKXWMMF-LBULQRRMSA-N,2003,Ki,6.900009
GACKYORUNWZVHC-UHFFFAOYSA-N,2008,Ki,7.337242
GACKYORUNWZVHC-UHFFFAOYSA-N,2008,Ki,7.102373
GACXEIRXCURUID-QNRJLKAHSA-N,2013,Ki,6.711661
GADJREFUWACGBC-UHFFFAOYSA-N,2006,Ki,5.523313
GAFGMUJBSNDSHX-BGYRXZFFSA-N,2007,Ki,6.812479
GAFGMUJBSNDSHX-MXVIHJGJSA-N,2007,Ki,6.982967
GAICCNSGINGGKT-UHFFFAOYSA-N,1996,Ki,6.399997
GAJLCVIQCPUCOK-NRFANRHFSA-N,1991,Ki,9.522879
GAJLCVIQCPUCOK-OAQYLSRUSA-N,1991,Ki,8.494850
GAJLCVIQCPUCOK-UHFFFAOYSA-N,1991,Ki,9.346787
GALCSZPFCCZIBC-UHFFFAOYSA-N,2001,IC50,6.258848
GARRNCFUWHSEJV-UHFFFAOYSA-N,1998,IC50,5.638272
GASLSFBIPBUJNB-UHFFFAOYSA-N,2020,Ki,5.106016
GASLSFBIPBUJNB-UHFFFAOYSA-N,2022,Ki,5.106016
GATDTMAYFGZGAV-UHFFFAOYSA-N,2021,Ki,6.052566
GAXIVOLCJAGLQT-SIKLNZKXSA-N,2010,Ki,6.301030
GAXMVVSYOXLLNF-HCGLCNNCSA-N,2014,Ki,7.014663
GAYSOZKZPOVDSB-QMTHXVAHSA-N,2006,IC50,5.408935
GAZDGUQLDXYUCF-UHFFFAOYSA-N,2002,Ki,6.924453
GBAMNIHBRPISDN-UHFFFAOYSA-N,2006,Ki,6.562249
GBBXKCGHLOWKFM-WGSAOQKQSA-N,1997,Ki,9.000000
GBECAOYRFRVNTA-UHFFFAOYSA-N,2009,Ki,7.940058
GBGDIHJYDMQZAV-UHFFFAOYSA-N,2022,Ki,6.259637
GBMAWOZHLUHECK-UHFFFAOYSA-N,2022,Ki,5.058042
GBSOVNOVWIQDRP-YJBOKZPZSA-N,2021,Ki,7.519993
GBUIXGKLAPQZFJ-UHFFFAOYSA-N,2006,Ki,5.490797
GBXGGFJVHZPNGD-UHFFFAOYSA-N,2010,Ki,6.199998
GCDRSAPULUGVKU-UHFFFAOYSA-N,2020,Ki,6.197226
GCDRSAPULUGVKU-UHFFFAOYSA-N,2022,Ki,6.197226
GCEDZTWELCPACO-UHFFFAOYSA-N,2021,Ki,7.126679
GCEDZTWELCPACO-UHFFFAOYSA-N,2021,Ki,7.504456
GCEJUCPMFGNYTI-UHFFFAOYSA-N,2019,IC50,7.099087
GCGNPPCFOWHEEJ-UHFFFAOYSA-N,2014,Ki,8.721246
GCISKOCCNUBHDG-UHFFFAOYSA-N,2014,Ki,8.060481
GCJKEKZCWSLFAI-NSHDSACASA-N,2010,IC50,6.690008
GCJWCPYQXHZURA-UHFFFAOYSA-N,2017,Ki,8.619789
GCPJLEFIDKNRJR-QUCCMNQESA-N,2017,Ki,6.721246
GCSJTLWMFLOWBK-UHFFFAOYSA-N,1997,Ki,5.931814
GCSJTLWMFLOWBK-UHFFFAOYSA-N,2021,Ki,5.931814
GCWICAXLFBBMBG-UHFFFAOYSA-N,2018,Ki,5.928855
GCWQAOYJCGIKLW-UHFFFAOYSA-N,2018,IC50,6.552842
GCXJQZIJYZOYJU-UHFFFAOYSA-N,2004,Ki,5.173925
GDBWCGSXGHDTJU-UHFFFAOYSA-N,2010,EC50,6.299998
GDEQPGACTRNZFK-UHFFFAOYSA-N,2008,Ki,5.214670
GDEQPGACTRNZFK-UHFFFAOYSA-N,2008,Ki,4.060481
GDFOAQPKYDGSPR-UHFFFAOYSA-N,2019,Ki,4.856860
GDIAQHPBSQUEQC-UHFFFAOYSA-N,2016,Ki,4.600000
GDIAQHPBSQUEQC-UHFFFAOYSA-N,2020,Ki,4.610002
GDILZWFRCXVWFM-UHFFFAOYSA-N,2002,Ki,6.378824
GDKJMEMVKXZFAZ-MHFPXFMWSA-N,2015,Ki,7.170053
GDLIGKIOYRNHDA-UHFFFAOYSA-N,,IC50,6.384050
GDLIGKIOYRNHDA-UHFFFAOYSA-N,,Ki,6.860121
GDNADCXFLBULNM-QPJJXVBHSA-N,1994,Ki,5.660946
GDNIDPXEYGAWQX-UHFFFAOYSA-N,2020,EC50,5.154902
GDOGDBXKIOVXLE-UHFFFAOYSA-N,2017,Ki,8.431798
GDYQVHUWFCXMBW-UHFFFAOYSA-N,1999,Ki,6.900009
GDZBFHVIKHSMAN-UHFFFAOYSA-N,2020,Ki,6.889410
GDZBFHVIKHSMAN-UHFFFAOYSA-N,2022,Ki,6.889410
GEDGEGJCGBTAON-UHFFFAOYSA-N,2002,IC50,6.350003
GEGIIDSRIPIFFT-GFCCVEGCSA-N,2008,Ki,6.484126
GEGLEQALPLAWHZ-UHFFFAOYSA-N,2015,Ki,7.892790
GEJKYGSJUJTWOZ-UHFFFAOYSA-N,2005,IC50,7.356547
GEKVZVXSBBDWMH-UHFFFAOYSA-N,2006,Ki,5.939302
GEKVZVXSBBDWMH-UHFFFAOYSA-N,2006,Ki,5.939302
GEPUWJGKAOGNRH-UHFFFAOYSA-N,2019,Ki,5.017729
GESNZTWIXMSIMZ-UHFFFAOYSA-N,2009,Ki,7.100015
GESNZTWIXMSIMZ-UHFFFAOYSA-N,2009,Ki,7.100015
GEVFMRRCRSTMJH-UHFFFAOYSA-N,2021,Ki,5.309804
GEZIALUEPSRNIP-UHFFFAOYSA-N,2006,Ki,5.194227
GFAFSCXGLIXHFV-OOAXWGSJSA-N,1996,Ki,6.099999
GFAFSCXGLIXHFV-QJAFFKISSA-N,1996,Ki,6.499997
GFAWBYQCJNZYGH-WGSAOQKQSA-N,1997,Ki,8.000000
GFDLWVZOTUWVML-UHFFFAOYSA-N,2007,Ki,5.700001
GFDZRHZKBRJIGS-UHFFFAOYSA-N,2009,Ki,7.309981
GFIWVFPRSFCUJU-PAVFIEEWSA-N,2023,Ki,6.008774
GFJQMJYOLGYPBB-UHFFFAOYSA-N,2005,Ki,5.229148
GFJQMJYOLGYPBB-UHFFFAOYSA-N,2005,Ki,5.397940
GFJRPGWLBNGCOI-JCNLHEQBSA-N,2020,Ki,5.853872
GFJRPGWLBNGCOI-JCNLHEQBSA-N,2022,Ki,5.853872
GFMAXQNKPHDTKL-UHFFFAOYSA-N,2017,Ki,6.667562
GFMAXQNKPHDTKL-UHFFFAOYSA-N,2018,Ki,6.667562
GFMBUKFDHKZBGH-UHFFFAOYSA-N,2022,Ki,6.531653
GFOKGPPIAVDUEO-UHFFFAOYSA-N,2002,Ki,5.583359
GFONORPPAQCULT-UHFFFAOYSA-N,1994,Ki,7.602060
GFQPGTMHAHWZHS-UHFFFAOYSA-N,2008,Ki,8.301030
GFQWAFBXHVCNHP-LMTLIKQPSA-N,2009,Ki,6.900009
GFQWAFBXHVCNHP-LMTLIKQPSA-N,2009,Ki,6.900009
GFRVMVDESKRPSW-UHFFFAOYSA-N,2016,EC50,5.585027
GFSSZVCGIUBLNI-RUZDIDTESA-N,2016,Ki,6.935542
GFSSZVCGIUBLNI-VWLOTQADSA-N,2016,Ki,7.275724
GFWJJPMDPCQZBK-NSOVKSMOSA-N,1998,Ki,6.499997
GFXGGKFVAYIGGO-DBVUQKKJSA-N,2019,Ki,5.910095
GFXGGKFVAYIGGO-DBVUQKKJSA-N,2020,Ki,5.910095
GFXGGKFVAYIGGO-LSTHTHJFSA-N,2019,Ki,6.059982
GFXGGKFVAYIGGO-LSTHTHJFSA-N,2020,Ki,6.059982
GFXGGKFVAYIGGO-PWIZWCRZSA-N,2019,Ki,6.329754
GFXGGKFVAYIGGO-PWIZWCRZSA-N,2020,Ki,6.329754
GFXGGKFVAYIGGO-UXPWSPDFSA-N,2019,Ki,6.860121
GFXGGKFVAYIGGO-UXPWSPDFSA-N,2020,Ki,6.860121
GFYPLRKHLRVZID-SFHLNBCPSA-N,2023,Ki,6.522879
GGADGPKOLXJMPS-UHFFFAOYSA-N,2013,Ki,7.621602
GGAQZJOAVWSKSS-UHFFFAOYSA-N,2007,Ki,7.500038
GGDAAOYMJLRWGO-UHFFFAOYSA-N,2020,Ki,6.559091
GGDBGNYGXSSSQM-UHFFFAOYSA-N,2016,Ki,7.795880
GGEDSWLSSJZGKV-AWEZNQCLSA-N,2010,IC50,8.890084
GGIUXVIFNJVWLE-UHFFFAOYSA-N,1999,Ki,7.818156
GGKBXSKTIWSHCM-UHFFFAOYSA-N,2022,Ki,6.259637
GGKGOXNQDZREPO-UHFFFAOYSA-N,1997,Ki,6.399997
GGKGPBLSDOYJJD-UHFFFAOYSA-N,2001,Ki,6.325139
GGLGRTJZXPCWNM-OAQYLSRUSA-N,2002,Ki,6.659556
GGLGRTJZXPCWNM-UHFFFAOYSA-N,2002,Ki,6.293282
GGNMUZPXZVTCHJ-UHFFFAOYSA-N,2004,Ki,6.481486
GGPXOELINLEIPA-UHFFFAOYSA-N,2022,Ki,6.596879
GGRNBVPHYHLXDV-UHFFFAOYSA-N,2020,Ki,6.040000
GGSIQDWKWRXJBY-UHFFFAOYSA-N,2021,Ki,6.779892
GGSIQDWKWRXJBY-UHFFFAOYSA-N,2021,Ki,7.698970
GGVSMYIRKIXVCG-OAQYLSRUSA-N,2018,Ki,8.154902
GGVUEVREVDZKOF-UHFFFAOYSA-N,2020,Ki,6.510042
GGVUEVREVDZKOF-UHFFFAOYSA-N,2022,Ki,6.510042
GHABYTRYIMZJAW-SFTDATJTSA-N,2003,Ki,8.055517
GHAOYUDOVIKTMJ-UHFFFAOYSA-N,2006,Ki,4.167491
GHAOYUDOVIKTMJ-UHFFFAOYSA-N,2006,Ki,4.193820
GHFGJTVYMNRGBY-UHFFFAOYSA-N,1998,Ki,4.698970
GHHKXCCOHHVPRP-UHFFFAOYSA-N,2009,Ki,6.199998
GHIPMMXQJHAVMI-DDDLIOIYSA-N,2014,Ki,6.933152
GHLIXCKZQCRDAX-LJQANCHMSA-N,1995,Ki,8.455932
GHLIXCKZQCRDAX-LJQANCHMSA-N,1995,Ki,9.698970
GHLSRSRUPDWWMF-UHFFFAOYSA-N,2022,Ki,7.744727
GHMRSCYBFHYOPJ-UHFFFAOYSA-N,2020,Ki,5.643974
GHNCNPGXYPVAGR-UHFFFAOYSA-N,2022,Ki,4.920000
GHOIWSVCBGNCMR-RZFKFIIISA-N,2003,Ki,6.199998
GHSGRKSMXSWZPH-AEEMYVKYSA-N,2000,Ki,6.299998
GHSXGIFSVHMKHZ-UHFFFAOYSA-N,2012,EC50,8.698970
GHSXGIFSVHMKHZ-UHFFFAOYSA-N,2012,EC50,6.440093
GHSXGIFSVHMKHZ-UHFFFAOYSA-N,2012,Ki,7.958607
GHTMTRPUXJGASR-XYWHTSSQSA-N,2023,Ki,5.920819
GHTVGKYMFLKBOX-UHFFFAOYSA-N,2016,Ki,5.645699
GHUSLXGCIAVXOA-UHFFFAOYSA-N,2005,Ki,7.769551
GHWJEDJMOVUXEC-CYBMUJFWSA-N,1998,Ki,5.096910
GHWJEDJMOVUXEC-UHFFFAOYSA-N,1991,Ki,6.508638
GHWJEDJMOVUXEC-UHFFFAOYSA-N,1991,Ki,5.096910
GHXMJOBEVWDMLQ-MGPUTAFESA-N,2019,Ki,5.680062
GHXMJOBEVWDMLQ-MGPUTAFESA-N,2020,Ki,5.680062
GHXMJOBEVWDMLQ-QRWLVFNGSA-N,2019,Ki,6.340084
GHXMJOBEVWDMLQ-QRWLVFNGSA-N,2020,Ki,6.340084
GHXMJOBEVWDMLQ-UHFFFAOYSA-N,2019,Ki,6.089909
GHXMJOBEVWDMLQ-UHFFFAOYSA-N,2020,Ki,6.089909
GHYIIELOMOENPF-UHFFFAOYSA-N,2021,Ki,6.661942
GHYIIELOMOENPF-UHFFFAOYSA-N,2021,Ki,6.659992
GHYIIELOMOENPF-UHFFFAOYSA-N,2021,EC50,7.110138
GHYIIELOMOENPF-UHFFFAOYSA-N,2021,EC50,7.110026
GHYIIELOMOENPF-UHFFFAOYSA-N,2021,EC50,6.719877
GHYIIELOMOENPF-UHFFFAOYSA-N,2021,EC50,6.719991
GHYRDLJRGXMERZ-RKTRBERCSA-N,2014,Ki,6.428757
GHZCAYNGRYIDPW-GOSISDBHSA-N,1994,Ki,7.136677
GIAJRMOZOJKYBH-IYARVYRRSA-N,2014,Ki,6.623022
GIAKVIIADZNGFQ-UHFFFAOYSA-N,2013,Ki,8.821023
GIALFYFYXHAZSV-UHFFFAOYSA-N,2011,Ki,8.522879
GIBQHBGCKQERBV-UHFFFAOYSA-N,2020,IC50,7.906578
GIHFRARKMBMXPG-UHFFFAOYSA-N,2001,Ki,5.795880
GIIZNNXWQWCKIB-UHFFFAOYSA-N,2016,Ki,4.494850
GIJMBCTXZDHLHI-UHFFFAOYSA-N,2016,Ki,4.800000
GIJMBCTXZDHLHI-UHFFFAOYSA-N,2020,Ki,4.819989
GILFIXAIAPMQCS-UHFFFAOYSA-N,2000,Ki,7.769551
GILILHAGYRMOAM-UHFFFAOYSA-N,2012,Ki,6.962574
GILILHAGYRMOAM-UHFFFAOYSA-N,2012,Ki,5.944622
GIMFULQWEVUBEF-UHFFFAOYSA-N,2010,EC50,7.299989
GIMFULQWEVUBEF-UHFFFAOYSA-N,2010,Ki,7.000000
GIRPCUVFPZFQTK-NRFANRHFSA-N,2018,Ki,8.522879
GISMRNMZGNYAEU-AOYPEHQESA-N,2021,Ki,6.064997
GISZCUSGSJKNJL-YRDXYIQISA-N,2001,Ki,6.199998
GIUIKVQZCWGRMY-UHFFFAOYSA-N,2002,Ki,6.075721
GIYXEZZPINFSPU-UHFFFAOYSA-N,1999,Ki,6.657577
GJAYJBGLRYDTKW-UHFFFAOYSA-N,1998,Ki,7.120331
GJCNUKKVVZQSJA-QAQDUYKDSA-N,2020,Ki,6.214670
GJCNUKKVVZQSJA-QAQDUYKDSA-N,2022,Ki,6.214670
GJEUOGHJJUBVHW-UHFFFAOYSA-N,2012,Ki,7.022276
GJEUOGHJJUBVHW-UHFFFAOYSA-N,2012,Ki,7.356547
GJFBEHIWIGLENN-VHEBQXMUSA-N,2007,Ki,6.012334
GJKBMWIJPUSQGX-CALCHBBNSA-N,2017,Ki,8.645892
GJKBMWIJPUSQGX-CALCHBBNSA-N,2017,Ki,8.645892
GJKBMWIJPUSQGX-QAQDUYKDSA-N,2017,Ki,8.928118
GJKBMWIJPUSQGX-QAQDUYKDSA-N,2017,Ki,8.928118
GJKGOLAEKKKXBM-XYWHTSSQSA-N,2014,Ki,6.706637
GJRMDYLDWDRDIG-UHFFFAOYSA-N,2007,Ki,5.853872
GJRMDYLDWDRDIG-UHFFFAOYSA-N,2007,Ki,6.721246
GJTQRHFCZWUPOH-UHFFFAOYSA-N,2019,IC50,6.943095
GJUDGMHZQOXKJL-UHFFFAOYSA-N,1997,Ki,7.455932
GJUWVTJJMMQPAO-UHFFFAOYSA-N,2016,Ki,5.267687
GJUWVTJJMMQPAO-UHFFFAOYSA-N,2016,Ki,5.270000
GJWDRNPPBDVMAH-KPKJPENVSA-N,1999,Ki,6.299998
GJXLROXNFUKMEK-UHFFFAOYSA-N,2007,Ki,6.534617
GJXPGIMBBKOOPF-VAWYXSNFSA-N,2003,Ki,6.793174
GKCVNAHJIZRKPK-UHFFFAOYSA-N,2007,Ki,6.576754
GKDKMENNKYXYAC-PYCFMQQDSA-N,2006,Ki,7.331614
GKDKMENNKYXYAC-RELWKKBWSA-N,2006,Ki,6.995679
GKEJFCRKDSLTFV-FCHUYYIVSA-N,2023,Ki,7.534617
GKEKKHSDPFDXQN-INIZCTEOSA-N,2023,Ki,5.297139
GKIMLDRVPMXRGW-UHFFFAOYSA-N,2007,Ki,6.892790
GKOMEAJANIRHJV-HZCBDIJESA-N,2014,Ki,6.796586
GKTINDHAZROOEF-XUTJKUGGSA-N,2022,Ki,7.481486
GKTQBPYMIGXPKG-JVVVGQRLSA-N,2006,Ki,7.657380
GKXKKYAXVMCURJ-HZCBDIJESA-N,2017,Ki,8.684030
GKXKKYAXVMCURJ-HZCBDIJESA-N,2017,Ki,8.684030
GKXOICRHYDMLAH-UHFFFAOYSA-N,2019,IC50,8.531653
GKXOICRHYDMLAH-UHFFFAOYSA-N,2019,IC50,9.616185
GKYBNMJPQSRWPC-UHFFFAOYSA-N,1998,Ki,7.966576
GKYCMCAEMPRKBH-UHFFFAOYSA-N,2007,Ki,6.890017
GKZODULLMBHNRP-UHFFFAOYSA-N,2022,Ki,6.709965
GLAJHBSVLZCXST-UHFFFAOYSA-N,2007,Ki,7.221849
GLBUSOXIXYZDKN-UHFFFAOYSA-N,2011,Ki,7.199971
GLBVEJHGCUMFCU-XYWHTSSQSA-N,2013,Ki,5.567509
GLEZZSAETATKRY-UHFFFAOYSA-N,2018,EC50,9.148742
GLEZZSAETATKRY-UHFFFAOYSA-N,2018,EC50,9.008774
GLGJRQOPYRQGRY-CYBMUJFWSA-N,2013,EC50,8.468521
GLGJRQOPYRQGRY-CYBMUJFWSA-N,2013,Ki,7.366532
GLHCMRRMBLASQA-UHFFFAOYSA-N,1992,Ki,8.244125
GLISUIAZBJFVAS-UHFFFAOYSA-N,2016,Ki,6.519993
GLJZGPDTNBDSGN-HXUWFJFHSA-N,2003,Ki,6.721246
GLJZGPDTNBDSGN-HXUWFJFHSA-N,2003,Ki,7.086186
GLJZGPDTNBDSGN-HXUWFJFHSA-N,2003,Ki,6.301030
GLJZGPDTNBDSGN-HXUWFJFHSA-N,2003,Ki,6.602060
GLKCCTUKWPNZKT-UHFFFAOYSA-N,1995,Ki,6.281498
GLMUYARIPQRMIW-UHFFFAOYSA-N,2003,Ki,6.931814
GLNKSQKEDBWUGV-JIBACQESSA-N,2003,Ki,6.599998
GLQGPKHLGDLFOL-UHFFFAOYSA-N,2002,Ki,6.312471
GLRJJXPRWYHFGP-UHFFFAOYSA-N,2019,IC50,6.376751
GLRWZEISUAIVMI-XUTJKUGGSA-N,2017,Ki,7.671620
GLRWZEISUAIVMI-XUTJKUGGSA-N,2017,Ki,7.671620
GLVQEUAFPSVVKQ-UHFFFAOYSA-N,2021,Ki,7.327902
GLXQTIXWCYOZOQ-UHFFFAOYSA-N,2013,Ki,5.823909
GLXQTIXWCYOZOQ-UHFFFAOYSA-N,2013,Ki,5.800001
GLYQQBFMZKSXNY-UHFFFAOYSA-N,2004,Ki,5.096910
GLYQQBFMZKSXNY-UHFFFAOYSA-N,2004,Ki,6.096910
GLZLCGJYIGNPRT-UHFFFAOYSA-N,2020,Ki,5.076238
GLZLCGJYIGNPRT-UHFFFAOYSA-N,2022,Ki,5.076238
GLZPLACVFCDCPW-UHFFFAOYSA-N,2002,Ki,5.597911
GMBOTQWDHJOKAM-KESTWPANSA-N,2023,Ki,6.301030
GMCJUANYGWCBDC-UHFFFAOYSA-N,2023,Ki,6.016374
GMEKBIQFYDAEOK-BRLLKYFNSA-N,2008,Ki,7.396856
GMHBQXBXDPKIOX-UHFFFAOYSA-N,2015,EC50,6.829738
GMHBQXBXDPKIOX-UHFFFAOYSA-N,2015,EC50,6.830002
GMJXFEMNNKZIHB-UHFFFAOYSA-N,2008,Ki,7.468521
GMKWDFMANHJRNB-UHFFFAOYSA-N,2017,Ki,8.795880
GMKWDFMANHJRNB-UHFFFAOYSA-N,2017,Ki,8.795880
GMKWDFMANHJRNB-UHFFFAOYSA-N,2017,EC50,6.327902
GMKWDFMANHJRNB-UHFFFAOYSA-N,2017,EC50,7.107905
GMKWDFMANHJRNB-UHFFFAOYSA-N,2017,EC50,6.200659
GMMMLQZLHXIAPP-UHFFFAOYSA-N,2008,IC50,5.275724
GMNZPHIBCDMEFH-ATNAJCNCSA-N,2019,Ki,5.084073
GMUXLQLWEFMPIT-FPOVZHCZSA-N,2003,Ki,7.823909
GMWBGMFGQFHAIE-HNKWHGCMSA-N,2014,Ki,6.482672
GMYFBVQGIPPIPJ-WSUVESLISA-N,2021,Ki,5.738737
GMYFBVQGIPPIPJ-WSUVESLISA-N,2021,Ki,5.740000
GMYMGBFWJJHMIQ-UHFFFAOYSA-N,2002,Ki,6.346787
GMZFSWRYUFGKAO-UHFFFAOYSA-N,2019,Ki,6.663540
GNCURQFERCHEMV-UHFFFAOYSA-N,2003,Ki,7.397940
GNDSQXWHXQCRHF-UHFFFAOYSA-N,2017,IC50,7.982967
GNDSQXWHXQCRHF-UHFFFAOYSA-N,2019,IC50,7.982967
GNDZYAJDXQCFPO-UHFFFAOYSA-N,2020,Ki,6.221126
GNDZYAJDXQCFPO-UHFFFAOYSA-N,2022,Ki,6.221126
GNEOQNVIIJIRPW-UHFFFAOYSA-N,1997,Ki,7.599980
GNGLKSIMQABWGM-UHFFFAOYSA-N,2003,Ki,6.200659
GNGQVEIKYIVCPC-UHFFFAOYSA-N,1996,Ki,6.537602
GNGQVEIKYIVCPC-UHFFFAOYSA-N,1997,Ki,6.537602
GNIVTAIHBFVOJN-UKRRQHHQSA-N,2014,EC50,9.769551
GNJKLXDSLBIRIN-UHFFFAOYSA-N,2020,Ki,6.665546
GNJKLXDSLBIRIN-UHFFFAOYSA-N,2022,Ki,6.665546
GNKPMACIWWMQOV-UHFFFAOYSA-N,2017,IC50,6.804100
GNMGTHXPOHHXCC-UHFFFAOYSA-N,2008,Ki,7.153045
GNOHLPXINNYCLR-GXTWGEPZSA-N,1993,Ki,6.628932
GNOHLPXINNYCLR-JSGCOSHPSA-N,1993,Ki,6.628932
GNOHLPXINNYCLR-TYZXPVIJSA-N,1993,Ki,8.853872
GNOHLPXINNYCLR-TZMCWYRMSA-N,1993,Ki,9.522879
GNOHLPXINNYCLR-TZMCWYRMSA-N,1993,Ki,6.628932
GNOHLPXINNYCLR-TZMCWYRMSA-N,1993,Ki,9.522879
GNQMAWAOPDTCCX-UHFFFAOYSA-N,2010,Ki,6.917215
GNQOCBGVODGUEX-UHFFFAOYSA-N,2009,Ki,6.599998
GNSLKVMRVNNRSW-UHFFFAOYSA-N,2019,Ki,6.721246
GNSTWTHQXOJWPR-UHFFFAOYSA-N,2019,Ki,4.802223
GNVATANRVUMZDM-RXJZEZJSSA-N,2016,Ki,5.760000
GNVATANRVUMZDM-UHFFFAOYSA-N,2019,Ki,5.960189
GNYOQFHOPOYCQH-UHFFFAOYSA-N,2002,Ki,6.356547
GNYULWALHKFYNF-BEFAXECRSA-N,2017,Ki,4.800000
GOESYBVAFIXBFO-UHFFFAOYSA-N,2019,Ki,5.424581
GOFKTWKLJPDQCU-UHFFFAOYSA-N,2018,Ki,6.498941
GOGFNQYGVYCYHI-UAPYVXQJSA-N,2013,Ki,6.294838
GOLAHDQVVNCLCU-APWZRJJASA-N,2019,Ki,7.270026
GOLAHDQVVNCLCU-APWZRJJASA-N,2020,Ki,7.270026
GOLAHDQVVNCLCU-QFBILLFUSA-N,2019,Ki,6.860121
GOLAHDQVVNCLCU-QFBILLFUSA-N,2020,Ki,6.860121
GOLAHDQVVNCLCU-UHFFFAOYSA-N,2016,Ki,7.000000
GOLAHDQVVNCLCU-UHFFFAOYSA-N,2016,Ki,6.199998
GOLAHDQVVNCLCU-UHFFFAOYSA-N,2016,Ki,6.900009
GOLAHDQVVNCLCU-UHFFFAOYSA-N,2019,Ki,7.229885
GOLAHDQVVNCLCU-UHFFFAOYSA-N,2020,Ki,7.229885
GOLNRSNUPWOWEJ-UHFFFAOYSA-N,2012,Ki,7.301030
GOLUWUPEFVOPGA-UHFFFAOYSA-N,2021,Ki,9.096910
GOPCNWYYZCPBLJ-UHFFFAOYSA-N,2008,Ki,6.214670
GOPCNWYYZCPBLJ-UHFFFAOYSA-N,2008,Ki,6.769551
GOPOBAVSYNADGN-UHFFFAOYSA-N,2019,Kd,8.100015
GOPOBAVSYNADGN-UHFFFAOYSA-N,2019,Ki,8.110026
GOPXEUGGDXDMDT-UHFFFAOYSA-N,2021,Ki,6.320000
GOPXEUGGDXDMDT-UHFFFAOYSA-N,2021,EC50,5.770001
GORHDCZLLBWZAU-UHFFFAOYSA-N,2014,Ki,6.853872
GORHDCZLLBWZAU-UHFFFAOYSA-N,2014,Ki,6.850012
GOTMKOSCLKVOGG-HNNXBMFYSA-N,1988,Ki,7.698970
GOTMKOSCLKVOGG-OAHLLOKOSA-N,1989,Ki,6.050000
GOTMKOSCLKVOGG-OAHLLOKOSA-N,2010,Ki,6.000000
GOTMKOSCLKVOGG-OAHLLOKOSA-N,2018,IC50,7.508638
GOTMKOSCLKVOGG-OAHLLOKOSA-N,2019,IC50,5.688246
GOTMKOSCLKVOGG-OAHLLOKOSA-N,2020,IC50,7.588380
GOXSCSXBUIMWDE-UHFFFAOYSA-N,2006,Ki,6.427128
GOXUZWWTKIXHQU-JKIUYZKVSA-N,2013,Ki,6.874649
GOZPYYFAYISDDO-UHFFFAOYSA-N,2018,Ki,6.331614
GPALOBCMKKYZEA-UHFFFAOYSA-N,2016,Ki,6.208309
GPBYZZHKBHRMCG-UHFFFAOYSA-N,1997,Ki,6.427128
GPCOZCFGTRWRLE-UHFFFAOYSA-N,2020,Ki,6.070581
GPCOZCFGTRWRLE-UHFFFAOYSA-N,2025,Ki,6.069999
GPDIVIMXUJNGLC-UHFFFAOYSA-N,2020,Ki,6.464706
GPDIVIMXUJNGLC-UHFFFAOYSA-N,2022,Ki,6.464706
GPDSIVWKHXYNJS-UHFFFAOYSA-N,2019,IC50,8.064493
GPDSIVWKHXYNJS-UHFFFAOYSA-N,2019,IC50,8.651695
GPDZHKOGLHALQL-AVRDEDQJSA-N,2016,Ki,5.840000
GPDZHKOGLHALQL-AVRDEDQJSA-N,2019,Ki,6.030118
GPDZHKOGLHALQL-AVRDEDQJSA-N,2019,Ki,6.070070
GPDZHKOGLHALQL-GCJKJVERSA-N,2016,Ki,6.329995
GPDZHKOGLHALQL-GCJKJVERSA-N,2019,Ki,6.920819
GPDZHKOGLHALQL-XMSQKQJNSA-N,2019,Ki,6.010105
GPDZHKOGLHALQL-YSYXNDDBSA-N,2019,Ki,6.619789
GPGHBMYFNAXDPU-UHFFFAOYSA-N,2019,Ki,5.626720
GPICSZOLXGYSHL-RUZDIDTESA-N,2016,Ki,6.749580
GPICSZOLXGYSHL-VWLOTQADSA-N,2016,Ki,6.614394
GPOXSHFDBBJUJR-UHFFFAOYSA-N,2010,Ki,8.799971
GPTQQMCUGXMPIE-OGAOHHHESA-N,2000,Ki,6.099999
GPUXMPIFNAGRSF-XPEDOLEQSA-N,2014,Ki,7.136856
GPVQRHUFRWEYGC-LMTLIKQPSA-N,2009,Ki,7.700057
GPVQRHUFRWEYGC-LMTLIKQPSA-N,2009,Ki,7.700057
GPZGUIZYGOLWTO-UHFFFAOYSA-N,2006,Ki,6.304518
GPZGUIZYGOLWTO-UHFFFAOYSA-N,2006,Ki,6.304518
GQDSHJHRYRHFRN-NCRNUEESSA-N,2013,IC50,6.737549
GQDSHJHRYRHFRN-NCRNUEESSA-N,2013,EC50,6.958607
GQELUVZMNVVOHX-UHFFFAOYSA-N,2012,Ki,6.187087
GQPJBOOQHWEOKT-OUKQBFOZSA-N,2007,Ki,5.895513
GQPOGVMYXNWAPK-SSGKUCQKSA-N,2014,Ki,6.738618
GQRIAOUUYRIMLH-OAHLLOKOSA-N,1994,Ki,6.576754
GQRIAOUUYRIMLH-OAHLLOKOSA-N,1994,Ki,6.924453
GQTWYBPXHKYSKB-IZLXSDGUSA-N,1998,Ki,6.299998
GQTWYBPXHKYSKB-NSOVKSMOSA-N,1998,Ki,6.299998
GQVQHZLEHMPPJD-UHFFFAOYSA-N,2011,Ki,6.950007
GQXZFGYVVINCKL-UHFFFAOYSA-N,1993,Ki,5.504456
GQYBHQJQIKLJET-ONEGZZNKSA-N,2011,Ki,7.188425
GRDOSKIKNBNPPI-UHFFFAOYSA-N,2020,Ki,5.537602
GRGGMNIWCOHOKK-FHWLQOOXSA-N,2014,Ki,6.822694
GRGGMNIWCOHOKK-GUDVDZBRSA-N,2014,Ki,6.601539
GRGMUZDLZOQJFY-UHFFFAOYSA-N,2010,Ki,7.761954
GRGYFXDAOZBGPF-UHFFFAOYSA-N,2021,EC50,7.920819
GRHVCLHQXSTVGR-UHFFFAOYSA-N,2002,Ki,6.200659
GRKTUJHEOMEDNE-UHFFFAOYSA-N,2020,Ki,7.259637
GRLCSEWTOACLTP-UHFFFAOYSA-N,2008,Ki,8.619789
GRLCSEWTOACLTP-UHFFFAOYSA-N,2008,Ki,7.657577
GRNSMKAYAMENDT-UHFFFAOYSA-N,2007,Ki,5.500000
GRNZJJOLZMFJHZ-UHFFFAOYSA-N,2015,EC50,6.300162
GRNZJJOLZMFJHZ-UHFFFAOYSA-N,2015,EC50,6.299998
GROWLGBJYGHHBJ-UHFFFAOYSA-N,2018,IC50,7.823909
GROZZUKSJCZXGR-UHFFFAOYSA-N,2015,EC50,5.855115
GROZZUKSJCZXGR-UHFFFAOYSA-N,2015,EC50,5.860001
GRPNKXLCPYIYSQ-UHFFFAOYSA-N,2013,IC50,4.522879
GRPNKXLCPYIYSQ-UHFFFAOYSA-N,2013,Ki,5.301030
GRQQDQSHIQXVLZ-UHFFFAOYSA-N,2007,Ki,6.599998
GRSMDZFQRIQAGW-UHFFFAOYSA-N,2017,Ki,5.080922
GRSPAVQNQLAIED-AQYVVDRMSA-N,2013,Ki,6.561299
GRUWUINXLANFJE-UHFFFAOYSA-N,2011,Ki,7.821023
GRVLMLNWRPYTRK-UHFFFAOYSA-N,2015,Ki,7.207608
GRZHXPBQXHUQHO-UHFFFAOYSA-N,2000,Ki,7.070581
GRZVXITWIIKNCX-QXMHVHEDSA-N,2020,Ki,5.124939
GSEFGWJFHUAOCL-CTTUZFCVSA-N,2014,Ki,6.869666
GSEIFCYYFLMJKI-UHFFFAOYSA-N,2011,Ki,5.697886
GSHJIIAYCVNFDZ-UHFFFAOYSA-N,2016,Ki,5.478993
GSIBLYYMECNRRS-UHFFFAOYSA-N,2015,Ki,6.082494
GSIGQTMTQNFDFP-UHFFFAOYSA-N,1996,Ki,5.800001
GSIRAOVJCFHRIN-UHFFFAOYSA-N,2009,Ki,6.199998
GSJJDYOIKNLJCL-UHFFFAOYSA-N,2007,Ki,5.721246
GSJUQPJCKBBTAO-UHFFFAOYSA-N,2007,Ki,6.285670
GSLQHAXMHUNKAF-UHFFFAOYSA-N,2001,Ki,8.031517
GSRZQXGOVFSDAD-UHFFFAOYSA-N,2021,Ki,7.935542
GSVGUZSCTGJZJV-QUCCMNQESA-N,1998,Ki,5.764472
GSWFHQKRRUUVKI-UHFFFAOYSA-N,1999,Ki,7.599980
GSYFEKZSWFXBAB-UHFFFAOYSA-N,2006,Ki,7.102373
GSYFEKZSWFXBAB-UHFFFAOYSA-N,2006,Ki,7.017729
GSYXWIMVZURMCS-UHFFFAOYSA-N,2014,Ki,8.958607
GSZBDACNBVTFKJ-ZWGSZDQZSA-N,2013,Ki,6.519993
GTATVXRFYOQYFS-UHFFFAOYSA-N,2001,Ki,8.301030
GTBCNDPVHSBZNR-UHFFFAOYSA-N,2011,Ki,5.370590
GTBFEJIEYNPFMI-UHFFFAOYSA-N,2012,Ki,6.570248
GTBFEJIEYNPFMI-UHFFFAOYSA-N,2014,Ki,6.570248
GTBOVEUYOKQEIH-SNAWJCMRSA-N,2011,Ki,7.872895
GTBRXTYCBGMMII-UHFFFAOYSA-N,2023,Ki,5.841638
GTEKPTHVDJVUHM-UHFFFAOYSA-N,2002,Ki,7.698970
GTEVNWICMPGDLY-UHFFFAOYSA-N,2015,Ki,7.625252
GTFWUPYRBYXCRC-CQSZACIVSA-N,2001,Ki,5.213959
GTISUCALIQQFFX-XMMPIXPASA-N,2014,Ki,5.466991
GTJVZGFQTWRYQO-VWLOTQADSA-N,2021,Ki,4.906578
GTLZGWIJAYPBBN-UHFFFAOYSA-N,2006,Ki,6.612610
GTMVYXIUBGBXAW-UHFFFAOYSA-N,1997,Ki,6.920819
GTNQPSDMJWWWGY-UHFFFAOYSA-N,2016,Ki,6.040482
GTRAXVNCZVAHOO-OWOJBTEDSA-N,2007,Ki,7.627088
GTRAXVNCZVAHOO-OWOJBTEDSA-N,2007,IC50,7.387216
GTRAXVNCZVAHOO-OWOJBTEDSA-N,2014,IC50,7.387216
GTVFZXONQFRIKN-WBBPVWTJSA-N,2010,Ki,6.906578
GTVPXEVAFBWKHY-UHFFFAOYSA-N,2007,Ki,8.309981
GTVPXEVAFBWKHY-UHFFFAOYSA-N,2015,Ki,9.236572
GTWOHZJMQWACQH-NRFANRHFSA-N,2012,Ki,8.000000
GTWOHZJMQWACQH-OAQYLSRUSA-N,2012,Ki,7.795880
GTXFOEHPKNATLV-SECBINFHSA-N,2013,IC50,6.173925
GTXFOEHPKNATLV-SECBINFHSA-N,2013,Ki,6.823909
GTZGOAZVYIYKPQ-UHFFFAOYSA-N,2020,Ki,6.987163
GTZSQZPMHIHCCP-UHFFFAOYSA-N,2006,Ki,6.928118
GUALSDMCGOLFSS-XYWHTSSQSA-N,2013,Ki,6.040000
GUBYHCIYOBESBX-MEMLXQNLSA-N,2017,Ki,7.767004
GUBYHCIYOBESBX-MEMLXQNLSA-N,2017,Ki,7.767004
GUGMHFQRQQBWKY-YUNKUFCWSA-N,2014,Ki,7.091193
GUGOEEXESWIERI-UHFFFAOYSA-N,,IC50,5.209926
GUGOEEXESWIERI-UHFFFAOYSA-N,,Ki,5.686977
GUJRSXAPGDDABA-NSHDSACASA-N,2000,IC50,6.055517
GUJRSXAPGDDABA-NSHDSACASA-N,2010,IC50,8.920096
GUKSVDQGXPESAC-XYWHTSSQSA-N,2014,Ki,6.572676
GUKVULLJWDLSGZ-UHFFFAOYSA-N,1997,Ki,6.900009
GUOJBWOHCJIFQW-UHFFFAOYSA-N,2010,Ki,4.568636
GUOJBWOHCJIFQW-UHFFFAOYSA-N,2010,Ki,4.552842
GUOQPFNLBAXWIZ-UHFFFAOYSA-N,2012,Ki,7.431798
GUTIIYCXIXRNPB-LLVKDONJSA-N,2021,Ki,5.929999
GUTIIYCXIXRNPB-LLVKDONJSA-N,2021,EC50,5.820000
GUTXTARXLVFHDK-UHFFFAOYSA-N,2014,Ki,8.744727
GUTXTARXLVFHDK-UHFFFAOYSA-N,2014,Ki,9.337242
GUWMGLWQORYQFJ-UHFFFAOYSA-N,2007,Ki,6.203426
GUYDMNDOMIQYML-GDLZYMKVSA-N,1991,Ki,6.958607
GUYDMNDOMIQYML-LJAQVGFWSA-N,1991,Ki,8.318759
GUYDMNDOMIQYML-UHFFFAOYSA-N,1991,Ki,8.154902
GUZVTLAJXNRRJR-UHFFFAOYSA-N,2015,Ki,6.795880
GVBUCTDNZRCASG-JXFKEZNVSA-N,2024,Ki,5.790485
GVCYHQGCEQPNRF-DFNIBXOVSA-N,2020,Ki,4.924453
GVELBPROBDYNNT-UHFFFAOYSA-N,2019,Ki,6.853872
GVELBPROBDYNNT-UHFFFAOYSA-N,2019,Ki,7.376751
GVERGJNQZKUDON-ZIAGYGMSSA-N,2001,Ki,5.795880
GVHLBPYEIBTYRR-IBGZPJMESA-N,2011,IC50,6.000000
GVJALQHQZPOADA-DEOSSOPVSA-N,2012,IC50,6.499997
GVJCGWLQVQHHKA-UHFFFAOYSA-N,2014,Ki,6.749580
GVLDTEKPXVTOGI-UHFFFAOYSA-N,2008,IC50,5.958607
GVNRTSAPTNNIPL-UHFFFAOYSA-N,2020,Ki,6.294992
GVOGXTVYHLDSDH-HZPDHXFCSA-N,2009,Ki,5.100000
GVORMLBKZQBODK-DGCLKSJQSA-N,2014,EC50,8.397940
GVOWTPVTYQMHDU-UHFFFAOYSA-N,2010,Ki,9.000000
GVRKTUGZYSOYMQ-QHCPKHFHSA-N,2012,IC50,6.000000
GVVVUTQKKBTPEY-UHFFFAOYSA-N,2007,Ki,5.795880
GVWRDZDVMQQZBK-GOSISDBHSA-N,1996,Ki,7.431798
GVWRDZDVMQQZBK-GOSISDBHSA-N,1996,Ki,7.166216
GVYUEZFLXAHJAB-UHFFFAOYSA-N,1998,IC50,7.309804
GVZVJCKGJVWISH-UHFFFAOYSA-N,2013,Ki,6.113509
GVZVJCKGJVWISH-UHFFFAOYSA-N,2013,Ki,6.356547
GWAMGWDJCYIREE-UHFFFAOYSA-N,2021,Ki,5.200000
GWAMGWDJCYIREE-UHFFFAOYSA-N,2021,Kd,10.826814
GWAMGWDJCYIREE-UHFFFAOYSA-N,2021,Kd,10.826814
GWAQIWMRFSAOHA-UHFFFAOYSA-N,2011,Ki,6.991400
GWAVQBXUVNSXRO-UHFFFAOYSA-N,2017,Ki,6.002614
GWAVQBXUVNSXRO-UHFFFAOYSA-N,2018,Ki,6.002614
GWBXCMYQCTUKHM-UHFFFAOYSA-N,2010,Ki,5.290560
GWDIEKMJVLZAJF-UHFFFAOYSA-N,2017,Ki,6.826814
GWEQOXQOCNABLR-UAPYVXQJSA-N,2013,Ki,6.609878
GWFPJCOZSBFTOH-UHFFFAOYSA-N,2017,Ki,5.583692
GWFPJCOZSBFTOH-UHFFFAOYSA-N,2018,Ki,5.583692
GWGIUBSVFHLVKW-UHFFFAOYSA-N,2010,Ki,7.882729
GWGVZWMERZAHNI-UHFFFAOYSA-N,2013,Ki,7.359519
GWGWCDFVSGWHNI-VQTJNVASSA-N,2023,Ki,8.080922
GWOIEWDIINTVPJ-UHFFFAOYSA-N,2015,Ki,8.244125
GWOIEWDIINTVPJ-UHFFFAOYSA-N,2015,EC50,6.653647
GWOIEWDIINTVPJ-UHFFFAOYSA-N,2015,EC50,8.214670
GWSJSKIZAIMZOZ-UHFFFAOYSA-N,1997,Ki,6.698970
GWUIEAHZLVKSHB-UHFFFAOYSA-N,2002,Ki,5.911864
GWXIZHPBMCIUCC-MOPGFXCFSA-N,2020,Ki,6.369572
GWXIZHPBMCIUCC-RBUKOAKNSA-N,2019,Ki,6.369572
GWXIZHPBMCIUCC-UHFFFAOYSA-N,2019,Ki,6.010105
GWXIZHPBMCIUCC-UHFFFAOYSA-N,2020,Ki,6.010105
GWZPCOVXCOPKJA-UHFFFAOYSA-N,2014,Ki,6.010995
GWZPCOVXCOPKJA-UHFFFAOYSA-N,2014,Ki,6.009999
GWZXPAHTYVENKG-WKILWMFISA-N,2020,Ki,6.244125
GWZXPAHTYVENKG-WKILWMFISA-N,2022,Ki,6.244125
GXAWEOGMNHTNSL-ONEGZZNKSA-N,2005,Ki,8.180456
GXDALQBWZGODGZ-UHFFFAOYSA-N,,IC50,5.344765
GXDALQBWZGODGZ-UHFFFAOYSA-N,,Ki,5.821887
GXHLJIAHGPNYES-NRFANRHFSA-N,2018,Ki,7.886057
GXHLJIAHGPNYES-OAQYLSRUSA-N,2018,Ki,7.920819
GXJGVXJVSZWVLE-UHFFFAOYSA-N,2012,Ki,7.795880
GXOXNWXNCBKFTM-MEMLXQNLSA-N,1998,Ki,8.130768
GXOYNBTVJDTLKB-YKSBVNFPSA-N,2019,Ki,6.059982
GXRRIZYXGPLXKK-AQYVVDRMSA-N,2014,Ki,5.973344
GXSDXKGIICWKIF-FPOVZHCZSA-N,2003,Ki,8.221849
GXSDXKGIICWKIF-FPOVZHCZSA-N,2003,Ki,7.823909
GXSDXKGIICWKIF-TZIWHRDSSA-N,2003,Ki,8.229148
GXSHYUZVUITRKF-UHFFFAOYSA-N,1995,Ki,5.825359
GXSJLZZVCQCUTH-UHFFFAOYSA-N,2012,Ki,8.468521
GXSJLZZVCQCUTH-UHFFFAOYSA-N,2017,Ki,8.468521
GXSSUFRMGVMARC-UHFFFAOYSA-N,2019,Ki,6.047692
GXVCWWLYAQAZCU-MXVIHJGJSA-N,2013,Ki,5.591302
GXZWKZAOGQRNTL-UHFFFAOYSA-N,2014,Ki,8.744727
GXZWKZAOGQRNTL-UHFFFAOYSA-N,2014,Ki,8.698970
GYEMKOUGMLMNRE-SECBINFHSA-N,1997,Ki,7.920819
GYEZZFVNEZKQSN-UHFFFAOYSA-N,2005,Ki,7.943095
GYIHMZFXYKMQJJ-UHFFFAOYSA-N,2023,Ki,6.962574
GYJUQRIRWMPONQ-UHFFFAOYSA-N,2008,Ki,6.671620
GYKDCMFZJCNANX-UHFFFAOYSA-N,2008,Ki,6.139998
GYNZQBCSTGHPIZ-UHFFFAOYSA-N,2019,Ki,6.690370
GYSXAUVBDDQZPQ-UHFFFAOYSA-N,2020,Ki,7.410050
GYVLPHYAFKCJIG-UHFFFAOYSA-N,2008,Ki,7.677781
GYWHDZIJHYATFG-UHFFFAOYSA-N,2002,Ki,6.193820
GYWHDZIJHYATFG-UHFFFAOYSA-N,2002,Ki,6.397940
GYWXJONOYHIRDG-UHFFFAOYSA-N,2011,Ki,6.799998
GYZQENOTEUQFGR-UILWBTOOSA-N,2013,Ki,6.630877
GZFMZJDVLOZLLL-OMXJDXKCSA-N,2008,Kd,6.900009
GZFSOKPLNMYPCE-YPGOJHLTSA-N,2008,Ki,7.452225
GZFSOKPLNMYPCE-YPGOJHLTSA-N,2008,IC50,6.677781
GZGMMCKOZRMGDA-IYARVYRRSA-N,2014,Ki,7.127960
GZIHLYBPKBXRSW-UHFFFAOYSA-N,2020,Ki,6.101824
GZIHLYBPKBXRSW-UHFFFAOYSA-N,2022,Ki,6.101824
GZKLJWGUPQBVJQ-UHFFFAOYSA-N,2004,Ki,8.130768
GZKLJWGUPQBVJQ-UHFFFAOYSA-N,2010,Ki,9.346787
GZKLJWGUPQBVJQ-UHFFFAOYSA-N,2013,Ki,9.346787
GZKLJWGUPQBVJQ-UHFFFAOYSA-N,2024,Ki,9.420216
GZMFCBBYSYSGOZ-UHFFFAOYSA-N,2017,IC50,7.424812
GZMWGZHXHSTIMC-SFHVURJKSA-N,2001,Ki,5.958607
GZMWGZHXHSTIMC-SFHVURJKSA-N,2001,Ki,6.142668
GZMWGZHXHSTIMC-SFHVURJKSA-N,2001,Ki,5.823909
GZMWGZHXHSTIMC-SFHVURJKSA-N,2001,Ki,5.958607
GZNLRQUVYFCLCG-UAPYVXQJSA-N,2014,Ki,6.776764
GZPSXBZOGITRGD-UHFFFAOYSA-N,2019,Ki,5.195247
GZPZODMRVSFNMX-AWEZNQCLSA-N,2020,Ki,7.200659
GZQMSNKBMQEZJK-OAHLLOKOSA-N,1993,Ki,7.236572
GZSCSKUGXORHGO-APWZRJJASA-N,2021,Ki,8.181774
GZSCSKUGXORHGO-APWZRJJASA-N,2021,Ki,8.179996
GZSCSKUGXORHGO-APWZRJJASA-N,2021,EC50,8.385103
GZSCSKUGXORHGO-APWZRJJASA-N,2021,EC50,8.389979
GZSCSKUGXORHGO-APWZRJJASA-N,2021,EC50,8.331614
GZSCSKUGXORHGO-APWZRJJASA-N,2021,EC50,8.330033
GZSCSKUGXORHGO-APWZRJJASA-N,2021,EC50,8.795880
GZSCSKUGXORHGO-APWZRJJASA-N,2021,EC50,8.799971
GZSCSKUGXORHGO-QFBILLFUSA-N,2021,Ki,6.440692
GZSCSKUGXORHGO-QFBILLFUSA-N,2021,Ki,6.439998
GZSCSKUGXORHGO-QFBILLFUSA-N,2021,EC50,7.207608
GZSCSKUGXORHGO-QFBILLFUSA-N,2021,EC50,7.209996
GZSCSKUGXORHGO-QFBILLFUSA-N,2021,EC50,7.832683
GZSCSKUGXORHGO-QFBILLFUSA-N,2021,EC50,7.830032
GZSCSKUGXORHGO-QFBILLFUSA-N,2024,Ki,8.181774
GZSCSKUGXORHGO-QFBILLFUSA-N,2024,EC50,8.795880
GZSCSKUGXORHGO-UHFFFAOYSA-N,2021,Ki,7.588380
GZSCSKUGXORHGO-UHFFFAOYSA-N,2021,Ki,7.590067
GZSCSKUGXORHGO-UHFFFAOYSA-N,2021,EC50,8.375718
GZSCSKUGXORHGO-UHFFFAOYSA-N,2021,EC50,8.379968
GZSCSKUGXORHGO-UHFFFAOYSA-N,2021,EC50,8.170696
GZSCSKUGXORHGO-UHFFFAOYSA-N,2021,EC50,8.169989
GZSFYWPBBDGROV-SMQSCJQKSA-N,2023,Ki,6.000000
GZSHNIANTLMMJR-UHFFFAOYSA-N,2014,IC50,6.309804
GZSHNIANTLMMJR-UHFFFAOYSA-N,2014,IC50,6.521434
GZSHNIANTLMMJR-UHFFFAOYSA-N,2014,Ki,6.473661
GZUHROMBXFYHHU-UHFFFAOYSA-N,2022,Ki,6.443697
GZUITABIAKMVPG-UHFFFAOYSA-N,,IC50,5.930332
GZUITABIAKMVPG-UHFFFAOYSA-N,,Ki,6.407823
GZVBVBMMNFIXGE-CQSZACIVSA-N,1994,Ki,6.349692
GZVBVBMMNFIXGE-CQSZACIVSA-N,2010,Ki,5.410721
GZVBVBMMNFIXGE-CQSZACIVSA-N,2010,Ki,6.122053
GZVVQJFPHWQITG-UHFFFAOYSA-N,2021,Ki,6.728158
HAABFBIZZCRWSI-UHFFFAOYSA-N,2016,EC50,7.424812
HAABSCYMCZRVTB-AQYVVDRMSA-N,2013,Ki,6.317674
HAAICBIKCYZOKA-UHFFFAOYSA-N,2017,IC50,8.119186
HABUIFJVLTUADB-UHFFFAOYSA-N,2012,Ki,5.285503
HABUIFJVLTUADB-UHFFFAOYSA-N,2012,Ki,5.698536
HACFIQPIDCCMMT-FQEVSTJZSA-N,2018,Ki,8.301030
HACFIQPIDCCMMT-HXUWFJFHSA-N,2018,Ki,7.920819
HADXTDNAFKTNPU-UHFFFAOYSA-N,2022,Ki,6.259637
HAMNVKXXPQTQTJ-JKIUYZKVSA-N,2013,Ki,6.488277
HANNICWFQHRKPX-UHFFFAOYSA-N,2000,Ki,5.301030
HAQWHYZIBLSPID-UHFFFAOYSA-N,2006,Ki,6.892790
HAULDNLFSXGWJR-UHFFFAOYSA-N,2019,Ki,5.519993
HAULFEWWRJNEKX-UHFFFAOYSA-N,2002,Ki,6.275724
HAUUSSMWQKKSAX-FQEVSTJZSA-N,2023,Ki,6.210419
HAUVXRLEPNGKLS-UHFFFAOYSA-N,2019,Ki,6.032920
HAWXIKWHZCZBIT-TZDZZSAGSA-N,2015,Ki,6.825940
HAXCDBIFKSGOTN-UHFFFAOYSA-N,2011,Ki,7.283997
HAZSBPWUMWZBDC-UHFFFAOYSA-N,2023,Ki,8.152427
HAZSBPWUMWZBDC-UHFFFAOYSA-N,2023,Ki,8.150028
HAZSBPWUMWZBDC-UHFFFAOYSA-N,2023,EC50,8.177178
HAZSBPWUMWZBDC-UHFFFAOYSA-N,2023,EC50,8.179996
HAZSBPWUMWZBDC-UHFFFAOYSA-N,2023,EC50,8.300162
HAZSBPWUMWZBDC-UHFFFAOYSA-N,2023,EC50,8.299989
HBAHXUZJEDMSCG-UHFFFAOYSA-N,2003,Ki,6.504456
HBHQINPAMGZPQL-UHFFFAOYSA-N,2021,Ki,7.096910
HBHUBMJSJZYOOE-UHFFFAOYSA-N,2002,Ki,5.422508
HBJXUXOERUVVGH-UHFFFAOYSA-N,1997,Ki,6.599998
HBMNQVFQLLXUMR-UHFFFAOYSA-N,2020,Ki,6.020452
HBMNQVFQLLXUMR-UHFFFAOYSA-N,2022,Ki,6.020452
HBQUUZVSFQDTPW-UHFFFAOYSA-N,1997,Ki,6.000000
HBSZYLFXYCHZJR-UHFFFAOYSA-N,2021,Ki,7.850781
HBUKKEFQANLSNF-XLKFHUSGSA-N,2017,Ki,8.602060
HBUKKEFQANLSNF-XLKFHUSGSA-N,2017,Ki,9.075721
HBUKKEFQANLSNF-XLKFHUSGSA-N,2017,EC50,9.408935
HBUKKEFQANLSNF-XLKFHUSGSA-N,2017,EC50,9.221849
HBUKKEFQANLSNF-XLKFHUSGSA-N,2017,EC50,9.026872
HBUKKEFQANLSNF-XLKFHUSGSA-N,2017,EC50,9.721246
HBUKKEFQANLSNF-XLKFHUSGSA-N,2017,EC50,9.795880
HBUKKEFQANLSNF-XLKFHUSGSA-N,2017,EC50,7.882729
HBUKKEFQANLSNF-XLKFHUSGSA-N,2017,EC50,7.917215
HBUKKEFQANLSNF-XLKFHUSGSA-N,2017,EC50,8.823909
HBVMKSZWZCERSH-ZRZAMGCNSA-N,2007,Ki,6.910095
HBYKTDPONPUZPO-UHFFFAOYSA-N,2004,Ki,7.124939
HBYKTDPONPUZPO-UHFFFAOYSA-N,2004,Ki,7.455932
HCCHXMMABQRBMV-UHFFFAOYSA-N,2010,Ki,7.787812
HCHRWGMYPOWUFG-UHFFFAOYSA-N,2015,Ki,7.242604
HCJSXNXLTDYAKZ-UHFFFAOYSA-N,2021,Ki,5.754487
HCMQQWOQIHLJGQ-UHFFFAOYSA-N,2010,Ki,7.400008
HCMVGFUNBPYWGU-UHFFFAOYSA-N,2020,Ki,7.119186
HCMVGFUNBPYWGU-UHFFFAOYSA-N,2022,Ki,7.119186
HCNYNWZHRZQZAX-UHFFFAOYSA-N,1996,Ki,6.399997
HCOQJKDXIVIYQF-UHFFFAOYSA-N,1999,Ki,6.568636
HCQFHRLKBNOPPR-UHFFFAOYSA-N,2013,IC50,5.823909
HCQFHRLKBNOPPR-UHFFFAOYSA-N,2013,Ki,6.236572
HCQHYAXNIILCGJ-UHFFFAOYSA-N,2016,Ki,7.193820
HCQPBJDAJVESML-UHFFFAOYSA-N,2019,Ki,7.031984
HCXDSTXYBRCIQC-HNNXBMFYSA-N,2020,EC50,5.800001
HCXDSTXYBRCIQC-HNNXBMFYSA-N,2020,EC50,5.825068
HCXDSTXYBRCIQC-OAHLLOKOSA-N,2020,EC50,5.700001
HCXDSTXYBRCIQC-OAHLLOKOSA-N,2020,EC50,5.718285
HDARUHQXURTTIH-UHFFFAOYSA-N,2019,Ki,7.058986
HDCVYYTWHHFQGS-AWKYBWMHSA-N,1993,Ki,7.000000
HDCVYYTWHHFQGS-UKRRQHHQSA-N,1993,Ki,7.124939
HDCVYYTWHHFQGS-UKRRQHHQSA-N,1993,Ki,7.124939
HDCVYYTWHHFQGS-UKRRQHHQSA-N,1993,Ki,7.000000
HDDXRHHMVMEBSC-OUKQBFOZSA-N,2003,Ki,7.200659
HDEPBPKSVYTTAM-UHFFFAOYSA-N,2002,Ki,7.113509
HDJCZKUMAPSZET-UHFFFAOYSA-N,2010,Ki,6.199998
HDJYJCCQWSDIIV-RDJZCZTQSA-N,2021,Ki,7.270026
HDONYUOCHXODQS-UHFFFAOYSA-N,2013,Ki,6.790485
HDOZVRUNCMBHFH-UHFFFAOYSA-N,2004,Ki,7.886057
HDOZVRUNCMBHFH-UHFFFAOYSA-N,2001,Ki,7.958607
HDQVTWXXANYCIU-MWLCHTKSSA-N,2019,Ki,5.371611
HDSVSOQGJMTVCW-UHFFFAOYSA-N,2013,Ki,8.226214
HDTSSQFZHKNWGP-UHFFFAOYSA-N,2015,Ki,8.337242
HDTSSQFZHKNWGP-UHFFFAOYSA-N,2015,EC50,5.005683
HDTSSQFZHKNWGP-UHFFFAOYSA-N,2015,EC50,8.207608
HEBQIUNCEBCMFD-UHFFFAOYSA-N,1999,Ki,4.314258
HEBQIUNCEBCMFD-UHFFFAOYSA-N,1999,Ki,4.229148
HEEFMGUIOXQXAL-KRWDZBQOSA-N,2020,Ki,7.789949
HEEFMGUIOXQXAL-QGZVFWFLSA-N,2020,Ki,9.349984
HEEKUWDLPPDKMK-MEMLXQNLSA-N,2007,Ki,7.065502
HEEKUWDLPPDKMK-OYRHEFFESA-N,2007,Ki,7.292430
HEHAZZLOEUQBDS-MUUNZHRXSA-N,2017,EC50,6.148986
HEHAZZLOEUQBDS-MUUNZHRXSA-N,2017,Ki,7.623423
HEHAZZLOEUQBDS-MUUNZHRXSA-N,2017,EC50,5.597000
HEHAZZLOEUQBDS-MUUNZHRXSA-N,2017,IC50,5.347996
HEHAZZLOEUQBDS-MUUNZHRXSA-N,2017,IC50,6.095988
HEHKUMIGMLBRDW-OAQYLSRUSA-N,2010,Ki,5.698970
HEJDIFZOESZDQS-UHFFFAOYSA-N,2016,Ki,5.808829
HEJWFNURPGCDGT-UHFFFAOYSA-N,2007,Ki,6.504456
HEKOGNYDDZRAAJ-UHFFFAOYSA-N,2007,Ki,7.849858
HEKOGNYDDZRAAJ-UHFFFAOYSA-N,2015,Ki,8.193820
HEKVAXCQMOFXKK-UHFFFAOYSA-N,2010,Ki,8.154902
HELOJRWGEVUNRF-UHFFFAOYSA-N,2002,Ki,7.283997
HELWYWUXDYKBMW-UHFFFAOYSA-N,2020,IC50,6.277366
HEPZPDOHSGVKLD-UHFFFAOYSA-N,2023,Ki,6.886057
HEPZPDOHSGVKLD-UHFFFAOYSA-N,2023,Ki,7.107905
HEUMICXHYHSARI-UHFFFAOYSA-N,2023,Ki,6.380907
HEYGEKGBOXBVRP-PAVFIEEWSA-N,2023,Ki,6.036212
HFBUDRQPMNDKTM-UHFFFAOYSA-N,2018,Ki,6.065502
HFGAWEJFDVAEEA-ONEGZZNKSA-N,2011,Ki,7.151811
HFJVMFBCUWJLFO-IYARVYRRSA-N,2013,Ki,5.961181
HFOIDKHQFBQZMF-UHFFFAOYSA-N,2012,Ki,7.795880
HFOIDKHQFBQZMF-UHFFFAOYSA-N,2012,Ki,8.193820
HFOWGUWAWCYGBG-HXUWFJFHSA-N,2018,Ki,5.699839
HFPHPWOFSUNVRW-QIBJJAHESA-N,2021,Ki,7.252588
HFPHPWOFSUNVRW-QIBJJAHESA-N,2021,Ki,5.101275
HFPUZJYAPWLJOL-UHFFFAOYSA-N,1997,Ki,6.900009
HFRXSDADPBJKHZ-UHFFFAOYSA-N,2019,IC50,7.551294
HFWNGFIHHPNYEM-UHFFFAOYSA-N,2020,Ki,5.807990
HFWNGFIHHPNYEM-UHFFFAOYSA-N,2022,Ki,5.807990
HFXFSRVPQGPLAN-UHFFFAOYSA-N,2004,Ki,6.399997
HFXHNRQNXGVDMC-IYARVYRRSA-N,2023,Ki,8.275724
HFZAKKDYDONOQJ-MOJGAOKDSA-N,2008,Ki,7.404504
HGCNXEAQMMJLQX-UHFFFAOYSA-N,2016,Ki,6.533132
HGDNRYBOAYQHNG-WGSAOQKQSA-N,2013,Ki,6.151749
HGEYJZMMUGWEOT-UHFFFAOYSA-N,1996,EC50,9.431798
HGGGQDUQWZFLPR-UHFFFAOYSA-N,2019,IC50,8.166853
HGHMYQHNOCBXIF-MRXNPFEDSA-N,2002,Ki,7.022276
HGHZRWWRCHMWQC-ONEGZZNKSA-N,2007,Ki,5.935542
HGJYUXFMUSKRHL-UHFFFAOYSA-N,2010,Ki,9.397940
HGMFNQHREUMSGP-UHFFFAOYSA-N,2020,Ki,7.251812
HGMMGLOURNIPOW-UHFFFAOYSA-N,2006,Ki,5.033811
HGMQRIBEHJQILA-BDJLRTHQSA-N,2000,Ki,7.712198
HGMQRIBEHJQILA-MEDUHNTESA-N,2000,Ki,7.406714
HGOOBSLSWOJAPR-UHFFFAOYSA-N,1997,Ki,6.643974
HGRPPZKIXIZLRX-UHFFFAOYSA-N,2005,Ki,7.008774
HGRPPZKIXIZLRX-UHFFFAOYSA-N,2005,Ki,6.853872
HGSQOYNWHXVVJS-UHFFFAOYSA-N,2011,Ki,5.919734
HGUWLKIMYDVIHQ-UHFFFAOYSA-N,2016,Ki,6.638272
HGVGJVLAVHLRBW-UHFFFAOYSA-N,1993,Ki,5.616185
HGWMAJKXWQKIMH-PAVFIEEWSA-N,2023,Ki,5.853872
HGYQVRAMBVYKQO-UHFFFAOYSA-N,2009,Ki,6.000000
HGYYBTRTDOMMDM-UHFFFAOYSA-N,2020,Ki,7.259637
HHAUXZNBXXZIOV-UHFFFAOYSA-N,1999,Ki,6.721246
HHAWPWAQIRBXKW-SAIGFBBZSA-N,2014,Ki,6.821023
HHDJZPNFXJLNJK-HSZRJFAPSA-N,2017,EC50,6.470955
HHDJZPNFXJLNJK-HSZRJFAPSA-N,2017,Ki,8.074172
HHDJZPNFXJLNJK-HSZRJFAPSA-N,2017,EC50,6.025028
HHDJZPNFXJLNJK-HSZRJFAPSA-N,2017,EC50,5.937982
HHDJZPNFXJLNJK-HSZRJFAPSA-N,2017,IC50,5.526995
HHDJZPNFXJLNJK-HSZRJFAPSA-N,2017,EC50,6.339040
HHDJZPNFXJLNJK-HSZRJFAPSA-N,2017,IC50,5.343998
HHJZLMLSFAAFSL-UHFFFAOYSA-N,2008,Ki,7.481486
HHNGFUDNXPRRFY-UHFFFAOYSA-N,2017,Ki,4.673336
HHRGFYRLYOYIFM-IYARVYRRSA-N,2013,Ki,6.090070
HHTPKGOFGTYZBP-UHFFFAOYSA-N,2009,Ki,6.000000
HHUBBKQNDFELCT-IFMALSPDSA-N,2003,Ki,7.537602
HHUBBKQNDFELCT-UNMCSNQZSA-N,2003,Ki,8.283997
HHVQGHMBHYXHGF-UHFFFAOYSA-N,2021,Ki,6.714443
HHVQGHMBHYXHGF-UHFFFAOYSA-N,2021,Ki,6.710010
HIASEHRDTBGCHW-UHFFFAOYSA-N,2017,Ki,7.910095
HIBBORWAHJKGBI-QHCPKHFHSA-N,2012,IC50,6.399997
HIBUHKNMTZCDMF-UHFFFAOYSA-N,2005,Ki,8.920819
HIEBSROLKYHUCT-UHFFFAOYSA-N,2019,IC50,7.090444
HIFGIGWFWSVOEK-UHFFFAOYSA-N,2007,Ki,6.920819
HIGILHVUMICSAW-UHFFFAOYSA-N,2010,Ki,7.080922
HIGILHVUMICSAW-UHFFFAOYSA-N,2010,Ki,6.823909
HIILLLQCAOPSPC-UHFFFAOYSA-N,2021,Ki,6.892451
HIILLLQCAOPSPC-UHFFFAOYSA-N,2021,Ki,6.890017
HIILLLQCAOPSPC-UHFFFAOYSA-N,2021,EC50,7.831797
HIILLLQCAOPSPC-UHFFFAOYSA-N,2021,EC50,7.830032
HIILLLQCAOPSPC-UHFFFAOYSA-N,2021,EC50,7.559091
HIILLLQCAOPSPC-UHFFFAOYSA-N,2021,EC50,7.560036
HIIUKDCXWBFGHZ-UHFFFAOYSA-N,2002,Ki,6.493495
HINWGODKQABLIJ-UHFFFAOYSA-N,2006,Ki,5.709965
HIPKZAPXNSTELT-UHFFFAOYSA-N,2014,Ki,6.472370
HIPKZAPXNSTELT-UHFFFAOYSA-N,2017,Ki,6.472370
HIPKZAPXNSTELT-UHFFFAOYSA-N,2018,Ki,6.472370
HIPYXDMEWZLKPQ-KOAQGZTJSA-N,2022,Ki,6.657577
HIRZFMOIKMLUHF-LAUBAEHRSA-N,2010,Ki,7.000000
HIRZFMOIKMLUHF-UHFFFAOYSA-N,2010,Ki,6.900009
HIRZFMOIKMLUHF-UHFFFAOYSA-N,2010,Ki,6.900009
HIRZFMOIKMLUHF-UHFFFAOYSA-N,2010,Ki,6.900009
HIRZFMOIKMLUHF-UHFFFAOYSA-N,2010,Ki,6.900009
HISGEOZMKTZBBP-UHFFFAOYSA-N,2014,Ki,5.945770
HISGEOZMKTZBBP-UHFFFAOYSA-N,2014,IC50,6.605548
HISGEOZMKTZBBP-UHFFFAOYSA-N,2017,Ki,5.945770
HISGEOZMKTZBBP-UHFFFAOYSA-N,2018,Ki,5.945770
HISOESWRZZNGEY-UHFFFAOYSA-N,2015,Ki,7.167491
HISVPUHXONHOSX-UHFFFAOYSA-N,1997,Ki,6.920819
HIUHIPDXUUSPDY-VIFPVBQESA-N,2010,IC50,7.770062
HIUMOAWWYUAXFP-ALOJWSFFSA-N,2013,Ki,6.787014
HIURADGFEHNSHY-UHFFFAOYSA-N,2015,Ki,7.638272
HIVHEOCGLZASLB-UHFFFAOYSA-N,2010,Ki,6.699992
HIVKGGQTWNURAT-UHFFFAOYSA-N,2020,Ki,6.856985
HIVKGGQTWNURAT-UHFFFAOYSA-N,2022,Ki,6.856985
HIYFAGTUBRCMCS-VSGBWIQQSA-N,2015,Ki,6.947691
HIYLSOSERAQOHL-KDOFPFPSSA-N,2000,Ki,6.667562
HIYLSOSERAQOHL-RDTXWAMCSA-N,2000,Ki,7.623423
HJCKNZCUBOVUBA-UAPYVXQJSA-N,2022,Ki,6.337242
HJHGQNPJVJPIQZ-UHFFFAOYSA-N,2019,Kd,8.680062
HJHGQNPJVJPIQZ-UHFFFAOYSA-N,2019,Ki,8.830032
HJKLOGARPBXZTP-UHFFFAOYSA-N,2011,Ki,5.763463
HJLBJHJXDDKNRO-UHFFFAOYSA-N,2017,Ki,5.411392
HJLBJHJXDDKNRO-UHFFFAOYSA-N,2018,Ki,5.411392
HJOOPOPFMHOXPP-UHFFFAOYSA-N,2013,Ki,6.674279
HJSGUUPPOBQDHU-OAHLLOKOSA-N,1996,Ki,6.258848
HJUULADZDAQJAD-UHFFFAOYSA-N,2019,Ki,5.359618
HJWHHQIVUHOBQN-MRXNPFEDSA-N,1998,Ki,6.292430
HJWHHQIVUHOBQN-UHFFFAOYSA-N,1991,Ki,7.259637
HJWHHQIVUHOBQN-UHFFFAOYSA-N,1991,Ki,5.886057
HJWWNWMERDPVMY-UHFFFAOYSA-N,2016,Ki,7.000000
HJWWNWMERDPVMY-UHFFFAOYSA-N,2019,Ki,7.319664
HJWWNWMERDPVMY-UHFFFAOYSA-N,2020,Ki,7.319664
HJZYUBCMOFCAGG-CYBMUJFWSA-N,2001,Ki,6.266803
HKAMZPHBOUTAED-UHFFFAOYSA-N,2019,Ki,6.193820
HKAMZPHBOUTAED-UHFFFAOYSA-N,2019,Ki,6.387216
HKAVEMLHBNPBSZ-PTTOYHQWSA-N,2000,Ki,6.299998
HKAWCIGAEVMZGN-SFHVURJKSA-N,2000,Ki,6.494850
HKAWCIGAEVMZGN-SFHVURJKSA-N,2000,Ki,6.610834
HKAWCIGAEVMZGN-UHFFFAOYSA-N,2000,Ki,6.292430
HKAWCIGAEVMZGN-UHFFFAOYSA-N,2000,Ki,6.677781
HKBFAJQLEHSBTM-UHFFFAOYSA-N,1999,Ki,5.599999
HKDCDBFKNRMFSY-UHFFFAOYSA-N,1995,Ki,6.570248
HKDCDBFKNRMFSY-UHFFFAOYSA-N,2013,Ki,6.570248
HKDMXVFAYYQTRF-UHFFFAOYSA-N,2020,Ki,5.226652
HKDOASHONDCKDU-UHFFFAOYSA-N,2023,Ki,6.080922
HKDOASHONDCKDU-UHFFFAOYSA-N,2023,IC50,4.638272
HKDWHBNHNQEUKW-UHFFFAOYSA-N,2019,Kd,6.850012
HKDWHBNHNQEUKW-UHFFFAOYSA-N,2019,Ki,6.950007
HKELRUMBUSUQHV-FYYLOGMGSA-N,2003,Ki,7.721246
HKELRUMBUSUQHV-GMAHTHKFSA-N,2003,Ki,8.455932
HKFCZKONZLVXFH-UHFFFAOYSA-N,2016,Ki,5.741363
HKNMRMSDNAFOMI-UHFFFAOYSA-N,2019,Ki,6.494850
HKODNYJFALMYIC-UHFFFAOYSA-N,2022,Ki,6.886057
HKOFHLGKVUBWFI-UHFFFAOYSA-N,2019,Ki,8.698970
HKOJNCZKZSYFEQ-GDLZYMKVSA-N,2013,Ki,8.408935
HKOJNCZKZSYFEQ-GDLZYMKVSA-N,2013,Ki,8.221849
HKOJNCZKZSYFEQ-GDLZYMKVSA-N,2013,Ki,9.275724
HKOJNCZKZSYFEQ-LJAQVGFWSA-N,2013,Ki,8.055517
HKOJNCZKZSYFEQ-LJAQVGFWSA-N,2013,Ki,8.096910
HKOJNCZKZSYFEQ-LJAQVGFWSA-N,2013,Ki,8.376751
HKUPNFQZELWUIO-UHFFFAOYSA-N,2016,Ki,6.899629
HKUPNFQZELWUIO-UHFFFAOYSA-N,2016,Ki,6.900009
HKXKURPRSDNOEE-UHFFFAOYSA-N,2014,Ki,8.221849
HKYVEEPQWZMBJJ-UHFFFAOYSA-N,2009,Ki,5.564793
HLDHQIOVGJCOFD-UHFFFAOYSA-N,2020,IC50,6.869666
HLDNXAAXZRBYJW-UHFFFAOYSA-N,1996,Ki,6.499997
HLGKXVMBSLHNKH-UWJYYQICSA-N,2021,Ki,7.330033
HLGVBUMXLSDTEW-UHFFFAOYSA-N,2020,EC50,4.886057
HLGVBUMXLSDTEW-UHFFFAOYSA-N,2023,EC50,4.886057
HLJDGDVDXPMCOC-UHFFFAOYSA-N,2010,EC50,9.100015
HLJDGDVDXPMCOC-UHFFFAOYSA-N,2010,Ki,8.599980
HLLYNFMNKJGCNN-UHFFFAOYSA-N,2021,Ki,7.899629
HLPZIBGYIXVOLZ-UHFFFAOYSA-N,2018,Ki,7.431798
HLWTUGVLYCATKY-OCEACIFDSA-N,2015,Ki,7.420216
HLWTUGVLYCATKY-OCEACIFDSA-N,2015,Ki,7.468521
HLWTUGVLYCATKY-OCEACIFDSA-N,2019,Ki,7.420216
HLWTUGVLYCATKY-OCEACIFDSA-N,2019,Ki,7.468521
HLYMHQWTEQNZLL-IBGZPJMESA-N,2005,Ki,5.744727
HMAKCCQMRGCRHO-XYWHTSSQSA-N,2013,Ki,6.538802
HMARDJDFKPIBGI-UHFFFAOYSA-N,2006,Ki,6.471083
HMBLGIYYEVWFCT-XMMPIXPASA-N,2017,EC50,7.591760
HMBLGIYYEVWFCT-XMMPIXPASA-N,2017,Ki,7.429457
HMBLGIYYEVWFCT-XMMPIXPASA-N,2017,EC50,6.705975
HMBLGIYYEVWFCT-XMMPIXPASA-N,2017,EC50,6.711080
HMBLGIYYEVWFCT-XMMPIXPASA-N,2017,EC50,7.609065
HMDHSUIMQILHRP-UHFFFAOYSA-N,2002,Ki,6.124939
HMEQJDULYLZBGI-UHFFFAOYSA-N,2023,Ki,5.682564
HMEQJDULYLZBGI-UHFFFAOYSA-N,2023,Ki,5.679999
HMEQJDULYLZBGI-UHFFFAOYSA-N,2023,EC50,5.452348
HMEQJDULYLZBGI-UHFFFAOYSA-N,2023,EC50,5.450000
HMEQJDULYLZBGI-UHFFFAOYSA-N,2023,EC50,6.524329
HMEQJDULYLZBGI-UHFFFAOYSA-N,2023,EC50,6.519993
HMETZCGOVJHJBJ-WKILWMFISA-N,2016,Ki,8.337242
HMFMXNMQUZMGQI-OWOJBTEDSA-N,2005,Ki,7.340084
HMFWWORRYDWEDS-UHFFFAOYSA-N,1999,Ki,8.187087
HMGRFTFFMNAXLQ-UHFFFAOYSA-N,2016,IC50,7.494850
HMILUIFVMYFSEQ-UHFFFAOYSA-N,2008,Ki,7.070019
HMLJHBVGLCIEGH-UHFFFAOYSA-N,2012,Ki,6.107905
HMLJHBVGLCIEGH-UHFFFAOYSA-N,2012,Ki,6.494850
HMMLWDCQIVJIHP-UHFFFAOYSA-N,2010,Ki,6.699992
HMMLWDCQIVJIHP-UHFFFAOYSA-N,2010,Ki,6.799998
HMMXYCTYWOEEES-UHFFFAOYSA-N,2020,Ki,6.395774
HMNQGWRAUUDLTE-UHFFFAOYSA-N,2019,Ki,6.022276
HMRRDGDXTNUCPS-QGZVFWFLSA-N,2002,Ki,6.563837
HMSQOZVGOAWQNS-UHFFFAOYSA-N,2010,Ki,9.455932
HMSZCGYHVDSIIK-UHFFFAOYSA-N,2012,Ki,7.195861
HMSZGAMZVAVPLW-IBGZPJMESA-N,2011,IC50,6.099999
HMTJKRFRBLRBNL-BVAGGSTKSA-N,2016,Ki,6.350003
HMVJSLZLZZJKHU-UHFFFAOYSA-N,2015,Ki,7.657577
HMVJSLZLZZJKHU-UHFFFAOYSA-N,2015,Ki,8.000000
HMVJSLZLZZJKHU-UHFFFAOYSA-N,2015,EC50,6.320000
HMVJSLZLZZJKHU-UHFFFAOYSA-N,2015,EC50,5.959999
HMWSGGIOEHIOOI-UHFFFAOYSA-N,2006,Ki,5.892790
HMXWHDMFAKYACA-UHFFFAOYSA-N,2007,Ki,6.699992
HMYBAZWTOQSPCY-DEOSSOPVSA-N,2009,EC50,7.385103
HNCOLMVXXZHGHT-UHFFFAOYSA-N,2012,Ki,7.119186
HNCOLMVXXZHGHT-UHFFFAOYSA-N,2012,Ki,7.022276
HNESGTKRCNCDKX-UHFFFAOYSA-N,2019,IC50,7.397940
HNFGNFPOEVJRAY-UHFFFAOYSA-N,2020,Ki,5.768530
HNFGNFPOEVJRAY-UHFFFAOYSA-N,2022,Ki,5.768530
HNFGNFPOEVJRAY-UHFFFAOYSA-N,2022,Ki,6.395774
HNFWRWQITYFMNA-UHFFFAOYSA-N,2014,Ki,8.455932
HNFWRWQITYFMNA-UHFFFAOYSA-N,2014,Ki,8.450016
HNFWRWQITYFMNA-UHFFFAOYSA-N,2014,EC50,8.570248
HNFWRWQITYFMNA-UHFFFAOYSA-N,2014,EC50,8.569925
HNHYEMWEPKSHFD-UHFFFAOYSA-N,2017,IC50,6.057992
HNKSCJOZAQWYMZ-QAQDUYKDSA-N,2020,Ki,6.136677
HNKSCJOZAQWYMZ-QAQDUYKDSA-N,2022,Ki,6.136677
HNKUJCOSNCIIKR-UHFFFAOYSA-N,2019,Ki,7.026872
HNLISXDOJMLKAY-UHFFFAOYSA-N,2007,Ki,7.578396
HNLPCBJRLMCWJQ-UHFFFAOYSA-N,2019,Kd,8.130006
HNLPCBJRLMCWJQ-UHFFFAOYSA-N,2019,Ki,8.110026
HNMDMLNEALPPKX-UHFFFAOYSA-N,2016,Ki,6.632644
HNPAUMYBQXZAJH-UHFFFAOYSA-N,2016,Ki,6.661544
HNPAUMYBQXZAJH-UHFFFAOYSA-N,2016,Ki,6.659992
HNQHMECPKRTTRV-IEJKQUADSA-N,2015,Kd,5.301030
HNRDJYILRSRTOJ-JCNLHEQBSA-N,2023,Ki,6.346787
HNSLMUBRFVOOOR-UHFFFAOYSA-N,2006,Ki,7.083020
HNSLMUBRFVOOOR-UHFFFAOYSA-N,2006,Ki,6.596879
HNTIGZIKHBPAFD-BGYRXZFFSA-N,2007,Ki,7.107905
HNTIGZIKHBPAFD-MXVIHJGJSA-N,2007,Ki,7.431798
HNUFROAJESGZAR-UEYSASPJSA-N,2022,Ki,6.259637
HNVPKMQKKJUCMS-UHFFFAOYSA-N,2006,Ki,6.707744
HNVPKMQKKJUCMS-UHFFFAOYSA-N,2006,Ki,6.707744
HNWDHNRLIUTHEU-UHFFFAOYSA-N,2010,Ki,7.779892
HNYKNGYYMXLUFG-UHFFFAOYSA-N,2013,Ki,8.096910
HOCOYMYTCFJGMV-UHFFFAOYSA-N,2022,Ki,5.259637
HOFUBOSPQUNORR-UHFFFAOYSA-N,2017,Ki,4.889814
HOFUBOSPQUNORR-UHFFFAOYSA-N,2018,Ki,4.889814
HOFXBWNODSOCNI-KESTWPANSA-N,2014,Ki,6.526221
HOIIHACBCFLJET-SFTDATJTSA-N,2020,IC50,8.387216
HOIIHACBCFLJET-SFTDATJTSA-N,2020,IC50,8.494850
HOJGYADNYPGADT-UAPYVXQJSA-N,2013,Ki,6.691201
HOKRGWVLSKYIGL-UHFFFAOYSA-N,2004,Ki,6.080002
HOMQYYYMDXLYHT-XYWHTSSQSA-N,2014,Ki,7.466101
HOPPBDCZOOMPDL-UHFFFAOYSA-N,1993,Ki,6.192465
HOZYTVYXSUBCBF-UHFFFAOYSA-N,2011,Ki,6.958607
HOZYTVYXSUBCBF-UHFFFAOYSA-N,2011,Ki,6.958607
HPBCFIIQRFMWKG-HNAYVOBHSA-N,2017,Ki,5.200000
HPCHKTZCFMXPGM-UHFFFAOYSA-N,2022,Ki,7.207608
HPCYDJYPCSVTMW-NSHDSACASA-N,2010,IC50,7.920096
HPGPGSLIDVUPKR-UHFFFAOYSA-N,2010,Ki,6.799998
HPGPGSLIDVUPKR-UHFFFAOYSA-N,2010,Ki,6.599998
HPGPGSLIDVUPKR-UHFFFAOYSA-N,2010,Ki,6.799998
HPLCRGYHYQJALL-UHFFFAOYSA-N,2016,Ki,6.571865
HPOUQSRZENVPHH-UHFFFAOYSA-N,2006,Ki,6.286509
HPRWHXGAJGUOCP-UHFFFAOYSA-N,2013,Ki,5.705313
HPSXIRMSZPEQTB-MEMLXQNLSA-N,1997,Ki,8.301030
HPTXIDFVXWZMRU-IRJFHVNHSA-N,2020,Ki,5.958607
HPTXIDFVXWZMRU-IRJFHVNHSA-N,2022,Ki,5.958607
HPUYFCNUROWQBG-UHFFFAOYSA-N,2010,Ki,5.590067
HPUYFCNUROWQBG-UHFFFAOYSA-N,2010,Ki,6.457175
HPZUBMVVAGACEL-UHFFFAOYSA-N,2008,Ki,4.173925
HQAMJNKOXUQUKS-XYWHTSSQSA-N,2013,Ki,6.466101
HQCCZCGQNSJNDG-YSMPRRRNSA-N,2017,Ki,9.244125
HQCCZCGQNSJNDG-YSMPRRRNSA-N,2017,Ki,9.301030
HQCCZCGQNSJNDG-YSMPRRRNSA-N,2017,EC50,6.221849
HQDIIIDLDYDDHJ-UHFFFAOYSA-N,2017,EC50,7.266001
HQGWTXXZVBZBPH-OAHLLOKOSA-N,1999,Ki,8.197226
HQGWTXXZVBZBPH-OAHLLOKOSA-N,1999,Ki,7.337242
HQGWTXXZVBZBPH-UHFFFAOYSA-N,1996,Ki,6.380907
HQLVUJZOSDAHEZ-UHFFFAOYSA-N,2006,Ki,6.667562
HQPJIWFXJJJLTM-OWOJBTEDSA-N,2005,Ki,7.863279
HQPJIWFXJJJLTM-OWOJBTEDSA-N,2005,Ki,7.181774
HQPJIWFXJJJLTM-OWOJBTEDSA-N,2005,IC50,8.081445
HQPJIWFXJJJLTM-OWOJBTEDSA-N,2005,Ki,7.863279
HQRFZVMMLKMRQZ-UHFFFAOYSA-N,2020,Ki,6.585027
HQRNKAQTZUDDEM-UHFFFAOYSA-N,2017,Ki,8.251812
HQURDNFFLCLLLC-ZRZAMGCNSA-N,2007,Ki,6.230623
HQUSWISCKAODEN-UHFFFAOYSA-N,2023,Ki,6.966576
HQVGADXQHMROOB-DEOSSOPVSA-N,2010,Ki,6.568636
HQXCPXHVSRWLFR-UHFFFAOYSA-N,2001,Ki,6.301030
HRCGTLOWYKJDFC-CYBMUJFWSA-N,2013,EC50,8.292430
HRCGTLOWYKJDFC-CYBMUJFWSA-N,2013,Ki,7.267606
HRFJJRGWVMXDND-UHFFFAOYSA-N,2015,Ki,6.016374
HRGLDIJXNKMLQF-XUTJKUGGSA-N,2013,Ki,6.219899
HRHSURDPAJFNRA-UHFFFAOYSA-N,2012,Ki,6.853872
HRHSURDPAJFNRA-UHFFFAOYSA-N,2012,Ki,6.677781
HRMBIDRBEARFLN-UHFFFAOYSA-N,2006,Ki,5.948462
HRQSRFLNKXUFRB-KESTWPANSA-N,1997,Ki,8.769551
HRSJSQHPKLXGDX-XBTDCMMSSA-N,2014,Ki,6.535198
HRXRYNFLHBSTFS-BUHFOSPRSA-N,2003,Ki,7.868381
HRXRYNFLHBSTFS-BUHFOSPRSA-N,2010,Ki,7.868381
HSCUDLWMSFZPQC-SMQSCJQKSA-N,2023,Ki,6.013228
HSGAHVKGLOLDHR-AREMUKBSSA-N,2020,Ki,7.259637
HSGAHVKGLOLDHR-UHFFFAOYSA-N,2020,Ki,7.259637
HSIMYBORWJJPOY-UHFFFAOYSA-N,1998,IC50,7.091515
HSLNVWLELBRHSX-UHFFFAOYSA-N,2020,Ki,6.107905
HSLNVWLELBRHSX-UHFFFAOYSA-N,2022,Ki,6.107905
HSNDKUASWXMOHD-UHFFFAOYSA-N,2016,Ki,7.283997
HSNYXCLIIFCSNB-SFHVURJKSA-N,2014,Ki,7.099414
HSOIWCPMXCWYHB-UHFFFAOYSA-N,1992,Ki,8.508638
HSONZWPNORZWDX-IBGZPJMESA-N,2006,Ki,6.539102
HSRIVLACNJBPQF-UHFFFAOYSA-N,2011,Ki,8.408935
HSRRXVXAAFPNDA-UHFFFAOYSA-N,2020,Ki,6.829738
HSRRXVXAAFPNDA-UHFFFAOYSA-N,2022,Ki,6.829738
HSTZLQFEUGWBDW-UHFFFAOYSA-N,2017,Ki,8.091515
HSTZLQFEUGWBDW-UHFFFAOYSA-N,2017,Ki,8.130768
HSTZLQFEUGWBDW-UHFFFAOYSA-N,2017,EC50,6.721246
HSTZLQFEUGWBDW-UHFFFAOYSA-N,2017,EC50,6.160001
HSTZLQFEUGWBDW-UHFFFAOYSA-N,2017,EC50,6.161151
HSTZLQFEUGWBDW-UHFFFAOYSA-N,2017,EC50,6.719991
HSUMSZZOHVUKPB-ROZQTZPBSA-N,2010,Ki,6.663540
HTAKTCONXBKFJI-UHFFFAOYSA-N,2019,IC50,7.241845
HTCSLUIDBLHLBF-UHFFFAOYSA-N,2016,Ki,6.270026
HTDIOUCPOHFDQH-UHFFFAOYSA-N,2016,Ki,5.290000
HTHHKXUTDJTRGL-AFARHQOCSA-N,2016,Ki,8.853872
HTHHKXUTDJTRGL-AFARHQOCSA-N,2017,Ki,8.853872
HTHHKXUTDJTRGL-AFARHQOCSA-N,2017,Ki,8.853872
HTHHKXUTDJTRGL-DKXQDJALSA-N,2017,Ki,8.991400
HTHHKXUTDJTRGL-DKXQDJALSA-N,2017,Ki,8.991400
HTKIFNUUHOERMF-UHFFFAOYSA-N,2002,Ki,6.187087
HTLXYBUCLBSMJZ-XGAFWQRZSA-N,2019,EC50,7.853872
HTLXYBUCLBSMJZ-XGAFWQRZSA-N,2019,EC50,7.055517
HTLXYBUCLBSMJZ-XGAFWQRZSA-N,2019,EC50,7.840132
HTLXYBUCLBSMJZ-XGAFWQRZSA-N,2019,EC50,7.049976
HTQLYZCPYPEYGO-UHFFFAOYSA-N,2001,Ki,8.301030
HTRSJSLNAMKILK-UHFFFAOYSA-N,2016,IC50,5.443697
HTSNFXAICLXZMA-CYBMUJFWSA-N,1994,Ki,7.408935
HTSNFXAICLXZMA-CYBMUJFWSA-N,1994,Ki,8.070581
HTSNFXAICLXZMA-CYBMUJFWSA-N,2002,Ki,8.045757
HTSNFXAICLXZMA-CYBMUJFWSA-N,2002,Ki,7.568636
HTSNFXAICLXZMA-CYBMUJFWSA-N,2010,Ki,5.644357
HTSNFXAICLXZMA-CYBMUJFWSA-N,2010,Ki,7.759451
HTSNFXAICLXZMA-CYBMUJFWSA-N,2015,EC50,6.787812
HTSNFXAICLXZMA-CYBMUJFWSA-N,2015,EC50,6.424812
HTSNFXAICLXZMA-CYBMUJFWSA-N,2015,EC50,6.073658
HTSNFXAICLXZMA-CYBMUJFWSA-N,2018,Ki,6.863279
HTUUHRUKYOQVBN-UHFFFAOYSA-N,2019,Ki,6.482804
HTXCEVIRYDTYBS-UHFFFAOYSA-N,2015,Ki,7.292430
HUBNPWLMVNJPBW-UHFFFAOYSA-N,2007,Ki,8.199971
HUEMJHLBWFDXTF-QAQDUYKDSA-N,2013,Ki,5.804654
HUFKKUQWYKMUNC-UHFFFAOYSA-N,2013,Ki,6.741123
HUFSUMIWNMPJOE-UHFFFAOYSA-N,2016,Ki,7.443697
HUIZNJVXOSCZJU-UXLOVFDUSA-N,2014,Ki,6.034798
HUKNOHADSBATLH-OBGWFSINSA-N,2003,Ki,7.494850
HUKSBDBJOJSVHS-UHFFFAOYSA-N,2011,Ki,6.707744
HURBEFKRLRSDKC-UHFFFAOYSA-N,2010,Ki,6.599998
HUTRNXILWVFUDE-UHFFFAOYSA-N,2002,Ki,8.056505
HUTSIWXIIUGDBK-UHFFFAOYSA-N,2020,Ki,6.978811
HUTSIWXIIUGDBK-UHFFFAOYSA-N,2022,Ki,6.978811
HUVWCUMZGKOSQX-KESTWPANSA-N,2014,Ki,7.323398
HUXFXXWYIRBVJR-JOCHJYFZSA-N,1996,Ki,6.299998
HUXFXXWYIRBVJR-UHFFFAOYSA-N,1996,Ki,6.199998
HUZCEKOWDSLRDU-UHFFFAOYSA-N,2020,Ki,6.573489
HUZCEKOWDSLRDU-UHFFFAOYSA-N,2022,Ki,6.573489
HVAOTAPASCTPHK-UHFFFAOYSA-N,2014,Ki,6.958607
HVAOTAPASCTPHK-UHFFFAOYSA-N,2014,Ki,6.959991
HVEBDZMABXCCBQ-YORAJNPUSA-N,2014,Ki,7.349984
HVESNMTZXGJVII-OIFYPAEGSA-N,2013,Ki,6.395374
HVGNYVOUQOKFLU-UHFFFAOYSA-N,2012,Ki,7.468521
HVGNYVOUQOKFLU-UHFFFAOYSA-N,2012,Ki,7.769551
HVJCLUCMUNKFOJ-UHFFFAOYSA-N,2017,Ki,6.280669
HVJCLUCMUNKFOJ-UHFFFAOYSA-N,2018,Ki,6.280669
HVJOIRMQZXEGPW-UHFFFAOYSA-N,2009,Ki,5.417028
HVMJOCQDRCRUSG-GDBMZVCRSA-N,1995,Ki,7.469800
HVMJOCQDRCRUSG-HOCLYGCPSA-N,1995,Ki,5.978811
HVMWQJLTYBIVCR-SAIGFBBZSA-N,2014,Ki,7.110362
HVNIAEADLPQYLQ-UHFFFAOYSA-N,2014,Ki,7.267606
HVOHERSVEMLWFM-AWEZNQCLSA-N,2010,IC50,6.850012
HVRAFUMMICTAKQ-UHFFFAOYSA-N,2023,Ki,8.134304
HVROSOVHMGPEMN-UHFFFAOYSA-N,2021,Ki,5.908685
HVROSOVHMGPEMN-UHFFFAOYSA-N,2021,Ki,5.910000
HVSRNYNPOUFDNJ-UHFFFAOYSA-N,2010,EC50,9.199971
HVSRNYNPOUFDNJ-UHFFFAOYSA-N,2010,Ki,7.100015
HVSUPPZVIPTMEM-UHFFFAOYSA-N,2011,Ki,9.657577
HVSUPPZVIPTMEM-UHFFFAOYSA-N,2012,EC50,8.602060
HVSUPPZVIPTMEM-UHFFFAOYSA-N,2012,Ki,9.522879
HVSUPPZVIPTMEM-UHFFFAOYSA-N,2012,EC50,9.221849
HVSUPPZVIPTMEM-UHFFFAOYSA-N,2015,Ki,9.494850
HVSUPPZVIPTMEM-UHFFFAOYSA-N,2015,EC50,9.301030
HVXBMABYUWVXDA-UHFFFAOYSA-N,2015,Ki,7.698970
HVXBMABYUWVXDA-UHFFFAOYSA-N,2015,EC50,7.193820
HVYFBECSQURUQP-UHFFFAOYSA-N,2017,Ki,6.397940
HWAIAGZSWHOLLK-UHFFFAOYSA-N,2019,Ki,5.080922
HWAXOXRRJFJRSF-UHFFFAOYSA-N,2018,Ki,6.939302
HWAXOXRRJFJRSF-UHFFFAOYSA-N,2018,Ki,6.518557
HWHPJDOZGZLVJB-UHFFFAOYSA-N,2016,Ki,5.532688
HWHPJDOZGZLVJB-UHFFFAOYSA-N,2016,Ki,5.530000
HWISWHUWIQAPMO-CILPGNKCSA-N,1996,Ki,5.899998
HWISWHUWIQAPMO-CILPGNKCSA-N,1996,Ki,6.499997
HWJXQZBZKJYOMP-UHFFFAOYSA-N,2007,Ki,7.130768
HWJXQZBZKJYOMP-UHFFFAOYSA-N,2008,Ki,7.379968
HWKROQUZSKPIKQ-MRXNPFEDSA-N,2000,Ki,6.499997
HWKROQUZSKPIKQ-MRXNPFEDSA-N,2001,Ki,6.500313
HWLQRSMZQWZHLO-HRAATJIYSA-N,2009,Ki,7.500038
HWLQRSMZQWZHLO-HRAATJIYSA-N,2009,Ki,7.500038
HWNDEDIZZJRHGF-UHFFFAOYSA-N,2014,Ki,6.436519
HWNDEDIZZJRHGF-UHFFFAOYSA-N,2017,Ki,6.436519
HWNDEDIZZJRHGF-UHFFFAOYSA-N,2018,Ki,6.436519
HWOUIMXZGKRMNK-UHFFFAOYSA-N,2001,IC50,6.254145
HWPBJQCGTNVQQO-UHFFFAOYSA-N,2017,Ki,6.079877
HWPIJKYZIWLKPB-UHFFFAOYSA-N,2005,Ki,7.958607
HWQRTZYDLYMZFE-OBMJPTGESA-N,2018,IC50,8.698970
HWSGUVGRRBAPDE-UHFFFAOYSA-N,2022,Ki,7.090979
HWSOAPGUROKPOX-MXVIHJGJSA-N,1998,Ki,8.522879
HWSOAPGUROKPOX-MXVIHJGJSA-N,1998,IC50,8.004365
HWTAZRRAKMJTGD-UHFFFAOYSA-N,2012,EC50,8.602060
HWTAZRRAKMJTGD-UHFFFAOYSA-N,2012,Ki,8.468521
HWTAZRRAKMJTGD-UHFFFAOYSA-N,2015,Ki,8.468521
HWTAZRRAKMJTGD-UHFFFAOYSA-N,2015,EC50,8.552842
HWTAZRRAKMJTGD-UHFFFAOYSA-N,2015,EC50,9.000000
HWZBTMUYGJHELF-WGSAOQKQSA-N,2013,Ki,6.287350
HXAVSZOPACOYAR-UHFFFAOYSA-N,2016,Ki,6.489455
HXCWGVSINJYYSW-UHFFFAOYSA-N,2008,Ki,5.013228
HXCWGVSINJYYSW-UHFFFAOYSA-N,2008,Ki,5.055517
HXEXYULSUCMWPN-HZPDHXFCSA-N,2001,Ki,6.045757
HXGBXQDTNZMWGS-RUZDIDTESA-N,2011,IC50,4.600000
HXHXEJHGUJSCBJ-UHFFFAOYSA-N,1997,Ki,5.886057
HXHYBBJDNMJVBF-WFXMLNOXSA-N,2021,Ki,7.621602
HXHZPLKJASKRCI-UHFFFAOYSA-N,2014,Ki,8.130768
HXHZPLKJASKRCI-UHFFFAOYSA-N,2014,Ki,8.173925
HXHZPLKJASKRCI-UHFFFAOYSA-N,2014,EC50,6.359996
HXHZPLKJASKRCI-UHFFFAOYSA-N,2014,EC50,6.356547
HXJGPTHZZPIRKV-UHFFFAOYSA-N,2020,EC50,5.376751
HXJZOQIIPSJTIK-LOSJGSFVSA-N,2023,Ki,5.096367
HXKJNNJRMGHSRM-UHFFFAOYSA-N,2020,Ki,5.952336
HXLACIAZOWDZEP-UHFFFAOYSA-N,2010,Ki,6.499997
HXPLFONFARJCJA-UHFFFAOYSA-N,2008,IC50,6.154902
HXSZWCAHOHIEOA-UHFFFAOYSA-N,2010,Ki,8.017729
HXTGXYRHXAGCFP-OAQYLSRUSA-N,2002,Ki,5.886057
HXTGXYRHXAGCFP-OAQYLSRUSA-N,2000,Ki,5.886057
HXTGXYRHXAGCFP-OAQYLSRUSA-N,2005,Ki,5.886057
HXTGXYRHXAGCFP-OAQYLSRUSA-N,2009,Ki,5.647817
HXYOWUYUMZFBLT-IYARVYRRSA-N,2022,Ki,7.055517
HYAIONDADCANQM-UHFFFAOYSA-N,2002,Ki,6.106793
HYCZAQRZEQWOCT-UHFFFAOYSA-N,2010,Ki,8.235824
HYDRTWYBNCKGDA-UHFFFAOYSA-N,2019,IC50,6.716699
HYERVAPNBCDTON-UHFFFAOYSA-N,2020,IC50,7.226945
HYGJPVUOYCSNGB-UHFFFAOYSA-N,2010,Ki,7.100015
HYGWSJJGGPMNNN-KESTWPANSA-N,2014,Ki,6.305307
HYHZGIWTSKSXKP-UHFFFAOYSA-N,1997,Ki,6.599998
HYIGJQLIWSXNQW-KRWDZBQOSA-N,2016,Ki,6.832978
HYLGECOKUPPDRN-UHFFFAOYSA-N,2000,Ki,5.366532
HYLGECOKUPPDRN-UHFFFAOYSA-N,2000,Ki,5.585027
HYRBVOGJRAFDLT-UHFFFAOYSA-N,2010,Ki,8.376751
HYUZMDKRIBTARX-AQYVVDRMSA-N,2017,Ki,8.518557
HYUZMDKRIBTARX-AQYVVDRMSA-N,2017,Ki,8.518557
HZACYYQCKLSFDB-UHFFFAOYSA-N,2008,Ki,6.049635
HZACYYQCKLSFDB-UHFFFAOYSA-N,2008,Ki,6.540608
HZAQPOKTYPPOTH-UHFFFAOYSA-N,1997,Ki,5.468521
HZBAKQLOTJCSJX-UHFFFAOYSA-N,2023,Ki,6.886057
HZBAKQLOTJCSJX-UHFFFAOYSA-N,2023,Ki,7.130768
HZEVDVGPBUFIAW-UHFFFAOYSA-N,2016,Ki,7.166853
HZFJQBUUXZYDBD-LGIDIJRNSA-N,2014,Ki,7.518128
HZFVOEDJAMLOAK-UHFFFAOYSA-N,2015,Ki,5.397940
HZGOWCHMTFRONC-UHFFFAOYSA-N,2019,Ki,7.036212
HZGOWCHMTFRONC-UHFFFAOYSA-N,2019,Ki,7.327902
HZINVGWYTDHAFA-UHFFFAOYSA-N,2013,Ki,7.804100
HZIPKQNESFBOQW-LSNLESRRSA-N,2014,Ki,7.143271
HZISGJVOPZSKRZ-QPPBQGQZSA-N,2016,Ki,6.659992
HZMBQYFOWZCHKD-UHFFFAOYSA-N,2001,Ki,7.958607
HZPDHOOVQQYBJP-TZMCWYRMSA-N,2008,EC50,9.187087
HZPDHOOVQQYBJP-TZMCWYRMSA-N,2020,EC50,8.886057
HZQQJAKATKCPDP-DDDLIOIYSA-N,2013,Ki,5.981300
HZRDMMLAWDPBJF-FUDKSRODSA-N,2013,Ki,6.492562
HZRDMMLAWDPBJF-MQSCRBSSSA-N,2013,Ki,6.389084
HZTKYJRCVZENNH-UHFFFAOYSA-N,2014,Ki,5.302509
HZTKYJRCVZENNH-UHFFFAOYSA-N,2017,Ki,5.302509
HZTKYJRCVZENNH-UHFFFAOYSA-N,2018,Ki,5.302509
HZVQDNHDCAXRJP-UHFFFAOYSA-N,2001,Ki,4.431798
HZVQDNHDCAXRJP-UHFFFAOYSA-N,2001,Ki,4.346787
HZYGVALVFFNNGE-UHFFFAOYSA-N,2005,Ki,7.356547
HZYGVALVFFNNGE-UHFFFAOYSA-N,2005,Ki,7.244125
IAEAYBSXYIOILF-UHFFFAOYSA-N,2012,IC50,6.110138
IAEAYBSXYIOILF-UHFFFAOYSA-N,2012,IC50,6.109998
IAGDALNWLBGHNU-LJQANCHMSA-N,2013,EC50,8.568636
IAGDALNWLBGHNU-LJQANCHMSA-N,2013,Ki,7.327902
IAILMXLUNTXPAW-UHFFFAOYSA-N,2017,Ki,8.823909
IALFUNSVFHBTHD-ZHZULCJRSA-N,1997,Ki,6.920819
IAMJESJLDAFTKX-UHFFFAOYSA-N,2012,Ki,6.275724
IAMMMQJIUFFPMO-JXMROGBWSA-N,1999,Ki,6.499997
IAMSHZCIGNPBQZ-IRXDYDNUSA-N,1998,Ki,7.420216
IAMSHZCIGNPBQZ-IRXDYDNUSA-N,1998,Ki,7.180456
IAMSHZCIGNPBQZ-SJORKVTESA-N,1998,Ki,5.943095
IAMSHZCIGNPBQZ-UHFFFAOYSA-N,1998,Ki,6.732828
IAOUVQRCRUKJNM-UHFFFAOYSA-N,1995,Ki,6.356547
IARMAQZFHNEVDV-UHFFFAOYSA-N,2016,Ki,7.657577
IARMAQZFHNEVDV-UHFFFAOYSA-N,2016,Ki,7.649946
IARZWCZJCCXZPI-UHFFFAOYSA-N,2019,Ki,7.207608
IAUNACXRZSWWJT-UHFFFAOYSA-N,1998,Ki,5.844360
IAUZWUKARUVEJL-UHFFFAOYSA-N,2009,Ki,7.000000
IAUZWUKARUVEJL-UHFFFAOYSA-N,2009,Ki,7.000000
IAXCCAHOKNMOII-UHFFFAOYSA-N,2013,Ki,6.892790
IBBIDLLHDNJIPV-UHFFFAOYSA-N,2008,Ki,6.481486
IBBZFQYJQGDOGF-SJKOYZFVSA-N,1999,Ki,6.283997
IBCJUIIXFRJMOE-UQQQWYQISA-N,2017,Ki,9.013228
IBCJUIIXFRJMOE-UQQQWYQISA-N,2017,Ki,9.283997
IBCJUIIXFRJMOE-UQQQWYQISA-N,2017,EC50,6.327902
IBCSETAMVUUPMW-PVURQLNPSA-N,2015,Kd,6.301030
IBCSETAMVUUPMW-PVURQLNPSA-N,2015,Kd,4.886057
IBEYKGQZOVQASZ-ZIIYYELXSA-N,2020,Ki,6.647817
IBGMJKNDQYWIAZ-UHFFFAOYSA-N,1996,Ki,6.001741
IBGOYLLAGSRGCH-UHFFFAOYSA-N,2007,Ki,5.307594
IBGVTRNZLWEIPT-UHFFFAOYSA-N,2007,Ki,7.060481
IBGVTRNZLWEIPT-UHFFFAOYSA-N,2008,Ki,7.061981
IBMJCDACSWDYQN-UHFFFAOYSA-N,1999,Ki,6.853872
IBNGPFLSWWZTBJ-UHFFFAOYSA-N,1997,Ki,7.381952
IBNGPFLSWWZTBJ-XUTJKUGGSA-N,1997,Ki,8.346787
IBNWNWKMISLVQT-UHFFFAOYSA-N,2023,Ki,6.677781
IBNWNWKMISLVQT-UHFFFAOYSA-N,2023,Ki,7.000000
IBPKFKZAYBVENB-UHFFFAOYSA-N,2022,Ki,7.337242
IBRKLUSXDYATLG-LURJTMIESA-N,2014,Ki,5.301030
IBRKLUSXDYATLG-UHFFFAOYSA-N,1997,Ki,5.267606
IBUHDDLETPJVGP-UHFFFAOYSA-N,2010,Ki,7.070019
IBWTYJNEHLEZKF-UHFFFAOYSA-N,2017,Ki,6.048662
IBWTYJNEHLEZKF-UHFFFAOYSA-N,2018,Ki,6.048662
IBYDPPHZGREUMK-ONEGZZNKSA-N,2005,Ki,7.772113
ICADOZGMHMZBEZ-UHFFFAOYSA-N,2012,Ki,7.150581
ICBYLQHTUDFHNY-UHFFFAOYSA-N,2017,Ki,5.195861
ICCKEQYPLWYEKK-INIZCTEOSA-N,1994,Ki,6.136677
ICCKEQYPLWYEKK-MRXNPFEDSA-N,1994,Ki,6.193820
ICCKEQYPLWYEKK-UHFFFAOYSA-N,1994,Ki,6.167491
ICCKEQYPLWYEKK-UHFFFAOYSA-N,1995,Ki,6.167491
ICDUPLIIKZSMRC-XGAFWQRZSA-N,2013,Ki,6.588061
ICFPYUXAAOVPIJ-SEYXRHQNSA-N,2020,Ki,5.045757
ICGNIALTNZWGJF-FLFKKZLDSA-N,2003,Ki,8.142668
ICJPCRXVYMMSJY-GFCCVEGCSA-N,1999,Ki,7.084600
ICJPCRXVYMMSJY-GFCCVEGCSA-N,1999,Ki,6.943095
ICJPCRXVYMMSJY-UHFFFAOYSA-N,1996,Ki,6.420216
ICQQTHRTTLKFKA-UHFFFAOYSA-N,2007,Ki,6.588380
ICXGSSKPPOBXQR-UHFFFAOYSA-N,2009,Ki,7.450016
ICZBTJKIVJMPIF-UHFFFAOYSA-N,2009,Ki,7.799971
IDCYURHOJLBPOC-UHFFFAOYSA-N,2023,Ki,5.138227
IDICUFRCUIOPKM-UHFFFAOYSA-N,2007,Ki,5.920819
IDICUFRCUIOPKM-UHFFFAOYSA-N,2007,Ki,5.853872
IDKIRFAIRCIGSS-FQEVSTJZSA-N,2013,Ki,8.031517
IDKIRFAIRCIGSS-FQEVSTJZSA-N,2013,Ki,8.148742
IDKIRFAIRCIGSS-FQEVSTJZSA-N,2013,Ki,9.259637
IDKIRFAIRCIGSS-HXUWFJFHSA-N,2013,Ki,7.853872
IDKIRFAIRCIGSS-HXUWFJFHSA-N,2013,Ki,8.107905
IDKIRFAIRCIGSS-HXUWFJFHSA-N,2013,Ki,8.958607
IDLCGPWMKHMBHA-YEMPIKNUSA-N,2014,Ki,6.659556
IDMCBMOPQUHSKE-UHFFFAOYSA-N,2017,Ki,6.892790
IDMCBMOPQUHSKE-UHFFFAOYSA-N,2018,Ki,6.892790
IDTLNOOYTVGUDL-MBOZVWFJSA-N,2021,Ki,6.536854
IDTLNOOYTVGUDL-ZWOKBUDYSA-N,2021,Ki,8.229148
IDWFBPRPZDTKJU-RKTRBERCSA-N,2014,Ki,7.088949
IDWJNGMFAPCILL-IYARVYRRSA-N,2023,Ki,6.537602
IEANVAFYLZJSPC-NSCUHMNNSA-N,2007,Ki,6.978811
IEANVAFYLZJSPC-NSCUHMNNSA-N,2007,IC50,5.886057
IEANVAFYLZJSPC-NSCUHMNNSA-N,2014,IC50,5.886057
IEARDXOAQBZYGW-PKNBQFBNSA-N,2003,Ki,7.638272
IEFITNQZMCGBTG-UHFFFAOYSA-N,2023,Ki,6.677781
IEFITNQZMCGBTG-UHFFFAOYSA-N,2023,Ki,6.853872
IEICVHLYUUMYCM-QGZVFWFLSA-N,2002,Ki,5.939680
IELIPILAHREMSR-UHFFFAOYSA-N,2019,Ki,5.439974
IEMJYQZKJFERDW-UHFFFAOYSA-N,2002,IC50,7.260032
IEMSLTPIYQZIGD-UHFFFAOYSA-N,2008,Ki,8.187087
IEMSLTPIYQZIGD-UHFFFAOYSA-N,2008,Ki,6.987163
IENYPQKJOPZPRI-UHFFFAOYSA-N,2021,Ki,6.749580
IENYPQKJOPZPRI-UHFFFAOYSA-N,2021,Ki,6.749995
IENYPQKJOPZPRI-UHFFFAOYSA-N,2021,EC50,7.580044
IENYPQKJOPZPRI-UHFFFAOYSA-N,2021,EC50,7.580044
IENYPQKJOPZPRI-UHFFFAOYSA-N,2021,EC50,7.630784
IENYPQKJOPZPRI-UHFFFAOYSA-N,2021,EC50,7.630042
IERLWRGUKNBJKE-UHFFFAOYSA-N,2020,Ki,6.038105
IERLWRGUKNBJKE-UHFFFAOYSA-N,2022,Ki,6.038105
IERLWRGUKNBJKE-UHFFFAOYSA-N,2022,Ki,6.725842
IESJRUUOIHDONG-UHFFFAOYSA-N,2012,Ki,6.737549
IESJRUUOIHDONG-UHFFFAOYSA-N,2014,Ki,6.737549
IEWNTAYRFVUXFS-UHFFFAOYSA-N,2023,Ki,6.127844
IEWNTAYRFVUXFS-UHFFFAOYSA-N,2023,Ki,6.119999
IEWNTAYRFVUXFS-UHFFFAOYSA-N,2023,EC50,5.791559
IEWNTAYRFVUXFS-UHFFFAOYSA-N,2023,EC50,5.790000
IEWNTAYRFVUXFS-UHFFFAOYSA-N,2023,EC50,7.232844
IEWNTAYRFVUXFS-UHFFFAOYSA-N,2023,EC50,7.349984
IEYDEPWJEHAEPC-UHFFFAOYSA-N,2011,Ki,6.504456
IEYKUJATGFZIHM-LJQANCHMSA-N,2008,Ki,8.420216
IFIIHJSXBMXLER-QGZVFWFLSA-N,2002,Ki,6.000000
IFPGADOWNOXLNQ-UHFFFAOYSA-N,2016,Ki,5.963770
IFPGADOWNOXLNQ-UHFFFAOYSA-N,2016,Ki,5.959999
IGATXMWTNQVGPI-UHFFFAOYSA-N,2017,Ki,7.958607
IGAYGUGEWYBNRY-UHFFFAOYSA-N,1996,Ki,6.795880
IGAYGUGEWYBNRY-UHFFFAOYSA-N,1997,Ki,6.795880
IGBQIKANRMDPDM-UHFFFAOYSA-N,2022,Ki,6.259637
IGCZJTCYRQEIDP-UHFFFAOYSA-N,2019,IC50,6.489455
IGGKHEHGJTUIOP-UHFFFAOYSA-N,2019,Ki,7.605548
IGIPSUCYDDNAQY-JTYJAPAGSA-N,2014,Ki,6.537602
IGIZYVFIPJBSBU-UHFFFAOYSA-N,2021,Ki,6.826814
IGIZYVFIPJBSBU-UHFFFAOYSA-N,2021,Ki,7.440093
IGLZWQUSQYHTJF-LYHRCORUSA-N,2014,Ki,6.620876
IGMNWVAHYACLEO-UHFFFAOYSA-N,2023,Ki,6.375718
IGMYCJFCNUVBNZ-UHFFFAOYSA-N,2021,Ki,6.721246
IGSCNTHMJYUKQD-UHFFFAOYSA-N,2014,Ki,6.749995
IGUDRQBHUOBFPO-ISKFKSNPSA-N,2021,Ki,6.135489
IGZSZKKVFOSODP-NRFANRHFSA-N,2012,IC50,5.300000
IHAPBZBYXJKWJA-LFUKPOHLSA-N,2008,Ki,6.647817
IHASGYIIIJIUCC-SUFHFGBBSA-N,2021,Ki,6.079668
IHASGYIIIJIUCC-SUFHFGBBSA-N,2021,Ki,6.080002
IHASGYIIIJIUCC-SUFHFGBBSA-N,2021,EC50,6.389979
IHASGYIIIJIUCC-SUFHFGBBSA-N,2021,EC50,6.390000
IHASGYIIIJIUCC-SUFHFGBBSA-N,2021,EC50,6.892790
IHASGYIIIJIUCC-SUFHFGBBSA-N,2021,EC50,6.859995
IHBJWORPKYVGRO-UHFFFAOYSA-N,1997,Ki,6.600326
IHBJWORPKYVGRO-UHFFFAOYSA-N,2005,Ki,6.599998
IHDSWPOLCNCESB-UHFFFAOYSA-N,2010,Ki,6.599998
IHDSWPOLCNCESB-UHFFFAOYSA-N,2010,Ki,6.900009
IHDSWPOLCNCESB-UHFFFAOYSA-N,2010,Ki,7.199971
IHFXDTQRUYQNOI-OWOJBTEDSA-N,2005,Ki,7.551294
IHGIMVBWBWKDOW-UHFFFAOYSA-N,2023,Ki,7.230623
IHGOJNWFGIOWTK-UHFFFAOYSA-N,2019,Ki,6.438899
IHGOJNWFGIOWTK-UHFFFAOYSA-N,2022,Ki,6.438899
IHIMEHQDIJSRNN-UHFFFAOYSA-N,2012,EC50,8.200659
IHIMEHQDIJSRNN-UHFFFAOYSA-N,2012,Ki,8.244125
IHIMEHQDIJSRNN-UHFFFAOYSA-N,2015,Ki,8.244125
IHIMEHQDIJSRNN-UHFFFAOYSA-N,2015,EC50,8.251812
IHIMEHQDIJSRNN-UHFFFAOYSA-N,2015,EC50,8.096910
IHIVDYNEPGPRDS-UHFFFAOYSA-N,2023,Ki,8.067019
IHJUENPGSBRDEB-UHFFFAOYSA-N,2023,Ki,5.998266
IHKSAHBRVXUIPJ-UHFFFAOYSA-N,2016,Ki,5.000000
IHKSAHBRVXUIPJ-UHFFFAOYSA-N,2020,Ki,5.040005
IHNAEAHWHZVEJK-WGSAOQKQSA-N,2013,Ki,6.280752
IHNPMHXPTLSBQS-UHFFFAOYSA-N,2020,Ki,5.968996
IHNPMHXPTLSBQS-UHFFFAOYSA-N,2022,Ki,5.968996
IHNSUSUUGKHFOR-UHFFFAOYSA-N,2019,Kd,8.619970
IHNSUSUUGKHFOR-UHFFFAOYSA-N,2019,Ki,8.580044
IHOAJHDGKCNHMA-MMQQLJCSSA-N,2021,Ki,5.728158
IHOAJHDGKCNHMA-MMQQLJCSSA-N,2021,Ki,5.100727
IHPMTTUHDSGUHU-AQYVVDRMSA-N,2013,Ki,6.659853
IHQBULKQURABNA-OJFUHMMESA-N,2015,Ki,6.557834
IHQUTAVKEAOLLM-UHFFFAOYSA-N,2002,Ki,7.455932
IHQWOBBDTIBCNB-UHFFFAOYSA-N,2021,Ki,7.585027
IHSXPQMECDOCIP-UHFFFAOYSA-N,2020,Ki,6.259637
IHTMZOURUQYLLI-RQNOJGIXSA-N,2014,Ki,5.821023
IHTMZOURUQYLLI-UHFFFAOYSA-N,2017,Ki,5.821023
IHTMZOURUQYLLI-UHFFFAOYSA-N,2018,Ki,5.821023
IHUSAUOGQDOBGQ-UHFFFAOYSA-N,2014,Ki,7.366532
IHWMDXVSMHTLOY-UHFFFAOYSA-N,2021,Ki,8.207608
IIAXOZZRUNNJFU-UHFFFAOYSA-N,1994,IC50,5.602060
IICULBIXLVHQLU-QAQDUYKDSA-N,2020,Ki,5.853872
IICULBIXLVHQLU-QAQDUYKDSA-N,2022,Ki,5.853872
IIEKSILFYZPUHU-UHFFFAOYSA-N,2007,Ki,6.910095
IIESJQKRXCMWAC-FVUUGDKNSA-N,2023,Ki,6.318759
IIFAQXPNYXJBMU-UHFFFAOYSA-N,2010,Ki,5.916856
IIFAQXPNYXJBMU-UHFFFAOYSA-N,2010,Ki,6.177832
IIGRUZXPSNFKHF-UHFFFAOYSA-N,2009,Ki,5.280000
IIHJPCWUEQCUOZ-UHFFFAOYSA-N,2014,Ki,7.330033
IIRIYSMJEARNKO-UYAOXDASSA-N,2000,IC50,6.892790
IIRXNWGIJONFMR-SNAWJCMRSA-N,2011,Ki,7.879426
IITURQZUYHBHDS-UHFFFAOYSA-N,2007,Ki,6.639994
IITURQZUYHBHDS-UHFFFAOYSA-N,2015,Ki,7.455932
IJEBNHPCKYYWBR-UHFFFAOYSA-N,2012,Ki,7.102373
IJFJQGSENNDENR-UHFFFAOYSA-N,2015,Ki,6.920819
IJGAQYGFGDVRAH-UHFFFAOYSA-N,2019,Ki,5.280006
IJICKINLCUKIHY-UHFFFAOYSA-N,1997,Ki,6.599998
IJKACRJOPXDGDS-UHFFFAOYSA-N,2020,Ki,6.397940
IJKACRJOPXDGDS-UHFFFAOYSA-N,2022,Ki,6.397940
IJKCMXOYXRJELY-ZDUSSCGKSA-N,2021,Ki,9.162412
IJMJZSNLRMYGOM-UHFFFAOYSA-N,2008,Ki,7.698970
IJMKDWHDIHKQAG-QBLCELHTSA-N,2015,Ki,7.497573
IJMODPWKQJNRMT-FCHUYYIVSA-N,2023,Ki,7.728158
IJOCAJHKCOKPFB-UHFFFAOYSA-N,2002,Ki,6.514279
IJPGGHONVGTCOX-UHFFFAOYSA-N,1999,Ki,6.299998
IJQNDNMGXIXMSM-UHFFFAOYSA-N,2005,Ki,7.946922
IJSPBXBGZJAXBL-UHFFFAOYSA-N,2010,Ki,6.853872
IJSPBXBGZJAXBL-UHFFFAOYSA-N,2010,Ki,6.698970
IJTZHWGKWZMBCO-UHFFFAOYSA-N,2017,Ki,8.318759
IJTZHWGKWZMBCO-UHFFFAOYSA-N,2017,Ki,8.698970
IJXPOPOFXJXXMC-UHFFFAOYSA-N,2018,Ki,5.281249
IKAPCPDHWACXJE-XUTJKUGGSA-N,2014,Ki,7.420674
IKBANCXZZJPIEB-UHFFFAOYSA-N,2002,Ki,5.431798
IKBANCXZZJPIEB-UHFFFAOYSA-N,2002,Ki,5.096910
IKBKZGMPCYNSLU-RGVLZGJSSA-N,2024,Ki,6.527302
IKFBJNOEPLDTAT-UHFFFAOYSA-N,2021,Ki,6.438899
IKFBJNOEPLDTAT-UHFFFAOYSA-N,2021,Ki,6.439998
IKGGAFYATOQLDS-BZSJWONHSA-N,2022,Ki,6.698970
IKIBUPWYLOJVHV-UHFFFAOYSA-N,2021,Ki,6.669586
IKIBUPWYLOJVHV-UHFFFAOYSA-N,2021,Ki,6.669992
IKIBUPWYLOJVHV-UHFFFAOYSA-N,2021,EC50,7.304518
IKIBUPWYLOJVHV-UHFFFAOYSA-N,2021,EC50,7.309981
IKIBUPWYLOJVHV-UHFFFAOYSA-N,2021,EC50,7.882729
IKIBUPWYLOJVHV-UHFFFAOYSA-N,2021,EC50,7.880085
IKINOGQZTQWAIL-UHFFFAOYSA-N,2008,Ki,7.823909
IKMGSOGDZPNUTQ-UHFFFAOYSA-N,2020,Ki,6.653647
IKMGSOGDZPNUTQ-UHFFFAOYSA-N,2022,Ki,6.653647
IKMVUGGIEHIWKD-BUHFOSPRSA-N,1995,Ki,6.464706
IKNJXDNJONONKL-UHFFFAOYSA-N,2002,Ki,5.422508
IKOXHMZXTCWMQE-UHFFFAOYSA-N,2012,EC50,7.000000
IKOXHMZXTCWMQE-UHFFFAOYSA-N,2012,Ki,7.180456
IKOXHMZXTCWMQE-UHFFFAOYSA-N,2015,Ki,7.180456
IKOXHMZXTCWMQE-UHFFFAOYSA-N,2015,EC50,8.244125
IKOXHMZXTCWMQE-UHFFFAOYSA-N,2015,EC50,7.036212
IKRPGXPWXNOWKH-UHFFFAOYSA-N,2022,Ki,4.620000
IKSPSLCLHNNQFS-XXBNENTESA-N,2016,Ki,6.279998
IKSPSLCLHNNQFS-XXBNENTESA-N,2016,Ki,6.409995
IKTDIESRRCFWHX-RUZDIDTESA-N,2016,Ki,6.530178
IKTDIESRRCFWHX-VWLOTQADSA-N,2016,Ki,6.752027
IKUNVINCAHHDMJ-UHFFFAOYSA-N,2010,Ki,5.649171
IKVYRMAXMYKCCI-UHFFFAOYSA-N,2001,Ki,7.508638
IKWFRNZOZWEGCD-UHFFFAOYSA-N,2006,Ki,6.284833
IKYFNUXRYHSJTJ-XHDPSFHLSA-N,1994,Ki,5.633017
ILCIQMQWVOJQBG-UHFFFAOYSA-N,2018,IC50,7.943095
ILDMARCQRHEBPL-UHFFFAOYSA-N,2011,Ki,6.364516
ILLQMENNVJLGMH-UHFFFAOYSA-N,2009,Ki,7.599980
ILONWIHGXYVYRK-UHFFFAOYSA-N,2009,Ki,6.568636
ILONWIHGXYVYRK-UHFFFAOYSA-N,2009,Ki,6.823909
ILRFVZOWNPFKOR-UHFFFAOYSA-N,2015,Ki,6.886057
ILRFVZOWNPFKOR-UHFFFAOYSA-N,2015,Ki,7.267606
ILRFVZOWNPFKOR-UHFFFAOYSA-N,2015,EC50,5.949999
ILSADQLMJBGMFK-UHFFFAOYSA-N,2008,Ki,6.769551
ILSVAZDAOVUDJJ-QAQDUYKDSA-N,2013,Ki,5.896367
ILUSLMFKTMQVSK-UHFFFAOYSA-N,2025,Ki,4.330000
ILVSPFZMTPGFNW-UHFFFAOYSA-N,1996,Ki,5.918293
ILXUQZUEWABTGF-UHFFFAOYSA-N,2019,IC50,6.665546
IMAGMLAZQQRSFA-OJBMAJLDSA-N,2014,Ki,7.285670
IMBDRGLQGCAYLF-HZCBDIJESA-N,2007,Ki,7.193820
IMBDRGLQGCAYLF-SZPZYZBQSA-N,2007,Ki,7.130768
IMCPEGAWOYJDMH-UHFFFAOYSA-N,2015,Ki,7.434152
IMCPEGAWOYJDMH-UHFFFAOYSA-N,2015,IC50,6.248413
IMFBORACXDJQCD-GCJKJVERSA-N,2009,Ki,7.599980
IMFBORACXDJQCD-GCJKJVERSA-N,2009,Ki,7.599980
IMFLKRNUSHCDBK-UHFFFAOYSA-N,2011,Ki,9.259637
IMHPBHXANRDMAO-BUHFOSPRSA-N,2002,Ki,6.232844
IMICGKCVFIYIAJ-UHFFFAOYSA-N,2019,IC50,8.075721
IMICGKCVFIYIAJ-UHFFFAOYSA-N,2019,IC50,9.318759
IMIITABQEXKZPN-UHFFFAOYSA-N,2002,Ki,5.771600
IMNXUQRZOVUMFZ-UHFFFAOYSA-N,2015,Ki,6.586700
IMPOGCXTOZKPHA-UHFFFAOYSA-N,2019,Ki,5.033952
IMTICVASEJSMDW-UHFFFAOYSA-N,2016,Ki,4.900000
IMTICVASEJSMDW-UHFFFAOYSA-N,2020,Ki,4.909989
IMVQXSCPSNTRQQ-AQYVVDRMSA-N,2013,Ki,7.197568
IMYFITBNCNWHTL-UHFFFAOYSA-N,1999,Ki,8.522879
INDNLBUVGBVRHI-OAHLLOKOSA-N,2001,Ki,6.485452
INDXRHKLECFZHX-UHFFFAOYSA-N,2003,Ki,7.560667
INDXRHKLECFZHX-UHFFFAOYSA-N,2003,EC50,8.602060
INGWKGCHJJYQIB-UHFFFAOYSA-N,1998,IC50,7.698970
INHFSVLNFMQBGJ-OUKQBFOZSA-N,1995,Ki,5.988430
INHLBBQJFLVLRB-UHFFFAOYSA-N,2018,Ki,6.434152
INHNATSHBKJSGN-UAPYVXQJSA-N,2023,Ki,5.698970
INHVEWGDJNLCCN-UHFFFAOYSA-N,2002,Ki,6.167491
INIGBMVFQMXBFW-UHFFFAOYSA-N,2007,Ki,6.958607
INKAJKATDMQGKQ-UHFFFAOYSA-N,2010,Ki,7.299989
INLLPBCEAMPLDT-UHFFFAOYSA-N,2003,Ki,6.696804
INPZJTQIZICEOJ-UHFFFAOYSA-N,2011,Ki,9.000000
INWVSVHMMAMJRR-UHFFFAOYSA-N,2020,IC50,7.023650
INXHZFDLASUEAY-UHFFFAOYSA-N,2008,Ki,5.958607
INZGZBABHYINRR-UHFFFAOYSA-N,1998,IC50,7.154902
INZTWDPMSQSIHC-WXKZGDQPSA-N,2014,Ki,6.888771
INZVCQWDAXDGMY-UHFFFAOYSA-N,2009,Ki,6.299998
INZVCQWDAXDGMY-UHFFFAOYSA-N,2009,Ki,6.299998
IOCBQXGKSWXFPW-QAQDUYKDSA-N,2020,Ki,6.091515
IOCBQXGKSWXFPW-QAQDUYKDSA-N,2022,Ki,6.091515
IOCMJUXJUBZFSJ-UHFFFAOYSA-N,2019,Kd,7.510042
IOCMJUXJUBZFSJ-UHFFFAOYSA-N,2019,Ki,7.489991
IOENUXNLWXMOQG-CQSZACIVSA-N,1994,Ki,6.220404
IOFOPIMDJBEBFZ-UHFFFAOYSA-N,2012,Ki,7.431798
IOFOPIMDJBEBFZ-UHFFFAOYSA-N,2012,Ki,7.292430
IOFYRLZQZMPYGN-UHFFFAOYSA-N,2020,Ki,5.431095
IOFYRLZQZMPYGN-UHFFFAOYSA-N,2022,Ki,5.431095
IOHGCEFLIGUPNB-UHFFFAOYSA-N,2011,Ki,6.399997
IOIJPOKENALSRI-VMUIEEQSSA-N,2003,Ki,7.721246
IOKDDLUMOKQUEG-WGSAOQKQSA-N,2016,Ki,8.721246
IOMZYSDKSLXMQC-XUTJKUGGSA-N,2023,Ki,5.958607
IONAUXJNMRGVRI-UAPYVXQJSA-N,2023,Ki,9.318759
IONCAKHVNMAPQA-NQIIRXRSSA-N,2019,Ki,6.698970
IONCAKHVNMAPQA-NQIIRXRSSA-N,2020,Ki,6.698970
IONCAKHVNMAPQA-UHFFFAOYSA-N,2016,Ki,6.299998
IONCAKHVNMAPQA-UHFFFAOYSA-N,2016,Ki,6.799998
IONCAKHVNMAPQA-UHFFFAOYSA-N,2016,Ki,6.699992
IOOYLGJHCPSDIU-UHFFFAOYSA-N,2006,Ki,6.365523
IOPFZPQJWJQACY-UHFFFAOYSA-N,2000,Ki,6.214670
IOPFZPQJWJQACY-UHFFFAOYSA-N,2000,Ki,6.356547
IOPOIQNKSCJDRU-UHFFFAOYSA-N,2020,EC50,5.214670
IOPOIQNKSCJDRU-UHFFFAOYSA-N,2023,EC50,5.214670
IOSVPGDHSQVBED-UHFFFAOYSA-N,2021,Kd,10.826814
IOSVPGDHSQVBED-UHFFFAOYSA-N,2021,Kd,10.826814
IOUKEEFTYOZOKJ-UHFFFAOYSA-N,2000,Ki,6.568636
IOUKEEFTYOZOKJ-UHFFFAOYSA-N,2000,Ki,6.602060
IOUKEEFTYOZOKJ-UHFFFAOYSA-N,2000,Ki,4.853872
IOUKEEFTYOZOKJ-UHFFFAOYSA-N,2000,Ki,4.920819
IOUKEEFTYOZOKJ-UHFFFAOYSA-N,2000,Ki,7.420216
IOUKEEFTYOZOKJ-UHFFFAOYSA-N,2000,Ki,7.468521
IOUKEEFTYOZOKJ-UHFFFAOYSA-N,2000,Ki,4.721246
IOUKEEFTYOZOKJ-UHFFFAOYSA-N,2000,Ki,4.769551
IOUKEEFTYOZOKJ-UHFFFAOYSA-N,2000,Ki,5.552842
IOUKEEFTYOZOKJ-UHFFFAOYSA-N,2000,Ki,5.537602
IOUMPQDJIZFQOW-UHFFFAOYSA-N,2006,Ki,6.752027
IOUSMYRYFCYRJU-UHFFFAOYSA-N,2004,Ki,7.289967
IOUSMYRYFCYRJU-UHFFFAOYSA-N,2013,Ki,7.289967
IOWHLLZHQXIVJB-MRXNPFEDSA-N,1996,Ki,6.737549
IOXYLQYEPCUPNE-FYYLOGMGSA-N,2003,Ki,7.698970
IOXYLQYEPCUPNE-GMAHTHKFSA-N,2003,Ki,7.958607
IPAFOBZCTHBJBT-UHFFFAOYSA-N,2015,Ki,9.327902
IPAFOBZCTHBJBT-UHFFFAOYSA-N,2015,EC50,8.744727
IPAFOBZCTHBJBT-UHFFFAOYSA-N,2015,EC50,9.397940
IPANXDCFQPUSKK-LSNLESRRSA-N,2014,Ki,7.161844
IPDISBGZXJSTOA-UHFFFAOYSA-N,2018,Ki,5.225702
IPDRYXQVFVABAP-UHFFFAOYSA-N,2011,Ki,7.260032
IPEQZSDWFQRQIF-UHFFFAOYSA-N,2021,Ki,5.666351
IPJYOFKGSBZJSC-UHFFFAOYSA-N,2020,Ki,6.364516
IPKDITCKWUGLST-WKILWMFISA-N,2020,Ki,5.958607
IPKDITCKWUGLST-WKILWMFISA-N,2022,Ki,5.958607
IPMJWMWRTMMXJS-UHFFFAOYSA-N,2019,IC50,8.342944
IPMUUCRZGTZCPY-GCJKJVERSA-N,2000,Ki,7.610834
IPMUUCRZGTZCPY-XMSQKQJNSA-N,2000,Ki,7.149967
IPQCNTXEUDGNJY-UHFFFAOYSA-N,2007,Ki,7.080399
IPQCNTXEUDGNJY-UHFFFAOYSA-N,2007,EC50,7.605548
IPSCKONIPWPNAA-VQTJNVASSA-N,2023,Ki,8.113509
IPVLSOVWVUCPMD-UHFFFAOYSA-N,2018,IC50,7.050122
IPVPEZGOUYWZAJ-UHFFFAOYSA-N,2012,Ki,8.283997
IPVZGUMYDUWBRS-UHFFFAOYSA-N,2019,Ki,6.860121
IPVZGUMYDUWBRS-UHFFFAOYSA-N,2019,Ki,6.859995
IPXYCJHALCJMEQ-XUTJKUGGSA-N,2014,Ki,7.383735
IPZLHIDFKOMHRW-UHFFFAOYSA-N,2022,Ki,4.680000
IQCMYUXFEHXTKF-JCNLHEQBSA-N,2020,Ki,6.096910
IQCMYUXFEHXTKF-JCNLHEQBSA-N,2022,Ki,6.096910
IQEKWTUDUCNREQ-UHFFFAOYSA-N,2018,Ki,4.996539
IQGWEXBXERIPCR-HZCBDIJESA-N,2013,Ki,6.336299
IQHWFEDHUISJOL-UHFFFAOYSA-N,1999,Ki,6.299998
IQKUCRAAVAKXAF-CEJRHITASA-N,2016,Ki,6.130000
IQKUCRAAVAKXAF-CEJRHITASA-N,2016,Ki,6.270001
IQKUCRAAVAKXAF-CEJRHITASA-N,2019,Ki,6.270026
IQKUCRAAVAKXAF-RSLRFPALSA-N,2019,Ki,6.079877
IQNFJPLUBGDYIL-UHFFFAOYSA-N,2020,Ki,6.069560
IQNFJPLUBGDYIL-UHFFFAOYSA-N,2022,Ki,6.069560
IQNJCFSRWWUBAK-XYWHTSSQSA-N,2013,Ki,6.982049
IQOHRYVJGPXDMK-SFHVURJKSA-N,2015,EC50,8.490797
IQRVICMQFUJBJE-UHFFFAOYSA-N,2013,Ki,6.659556
IQVKKBCPICOQPV-UHFFFAOYSA-N,1996,Ki,6.000000
IQVLUGMPXUFAHZ-UHFFFAOYSA-N,2020,Ki,6.218245
IQVLUGMPXUFAHZ-UHFFFAOYSA-N,2022,Ki,6.218245
IQWDNJHMRMQNHR-UHFFFAOYSA-N,2003,Ki,6.749580
IQYIVLCWFWBASZ-UHFFFAOYSA-N,2002,Ki,5.094042
IQZBAUJGDCLIDU-UHFFFAOYSA-N,2020,Ki,6.415669
IQZBAUJGDCLIDU-UHFFFAOYSA-N,2022,Ki,6.415669
IRCBUPUOHFGCJQ-UHFFFAOYSA-N,2018,Ki,5.985900
IRDMBFZIMHZPDM-SAABIXHNSA-N,2019,EC50,7.721246
IRDMBFZIMHZPDM-SAABIXHNSA-N,2019,EC50,7.267606
IRDMBFZIMHZPDM-SAABIXHNSA-N,2019,EC50,7.709965
IRDMBFZIMHZPDM-SAABIXHNSA-N,2019,EC50,7.270026
IRECDGNNIQNOJK-KRWDZBQOSA-N,2014,Ki,8.122629
IRECDGNNIQNOJK-KRWDZBQOSA-N,2014,IC50,6.795880
IRFLVVGRMBDQSJ-UHFFFAOYSA-N,1998,Ki,7.089909
IRLHMHFRNZPYGU-UHFFFAOYSA-N,2017,Ki,5.599999
IROBXMJJTSKRFQ-UHFFFAOYSA-N,2019,Kd,9.270026
IROBXMJJTSKRFQ-UHFFFAOYSA-N,2019,Ki,9.349984
IRVKXZUMTITJIC-UHFFFAOYSA-N,2012,Ki,7.427128
IRVKXZUMTITJIC-UHFFFAOYSA-N,2012,Ki,7.427128
IRZPPSVFNZCDTA-UHFFFAOYSA-N,2013,Ki,6.585027
ISELLYVTONRQOI-AQYVVDRMSA-N,2014,Ki,7.275478
ISJIDQUSRNCFFC-SXTNBDNLSA-N,2022,Ki,6.568636
ISJJKHYAKDKZNA-UHFFFAOYSA-N,2021,IC50,6.350003
ISKSUBAAYHUDJC-UHFFFAOYSA-N,2012,Ki,7.107905
ISLIDTBUGBXVJF-AQYVVDRMSA-N,2023,Ki,6.040959
ISOJUHYODLHLNP-ATIYNZHBSA-N,2019,Ki,5.024568
ISSSVYKMIIAPTH-YGQOYYDZSA-N,2002,Ki,7.200659
ISTLEDHRAMPSGK-UHFFFAOYSA-N,2019,Kd,8.720105
ISTLEDHRAMPSGK-UHFFFAOYSA-N,2019,Ki,8.759950
ISTZGGNVALEGHJ-CILPGNKCSA-N,1996,Ki,6.000000
ISUMRTRTOVSWNW-UHFFFAOYSA-N,2008,Ki,6.229148
ISUNUPFSUDXDKD-UHFFFAOYSA-N,2011,Ki,10.154902
ISVMFRHEMJILDO-UHFFFAOYSA-N,2022,Ki,4.698970
ISWUHEUWAVWBQS-UHFFFAOYSA-N,2003,Ki,7.920819
ISYRNSLKFLBBNZ-UHFFFAOYSA-N,2018,Ki,5.254847
ISZRKPYLQLBFHP-UHFFFAOYSA-N,2018,IC50,8.026872
ITCMJTMRLFGAKW-UHFFFAOYSA-N,2002,Ki,5.918293
ITDUQSGKPPPZOX-UHFFFAOYSA-N,2004,Ki,5.958607
ITGAXTFBUHEDGL-UHFFFAOYSA-N,2016,Ki,5.909742
ITGZZZYNPULRNZ-CYBMUJFWSA-N,2024,IC50,6.494850
ITIATPRLDJMYTO-RDGATRHJSA-N,2016,Ki,6.459996
ITMQGDDPFZOVDW-UHFFFAOYSA-N,2012,Ki,5.817585
ITNGDGJSTGEEEQ-AQYVVDRMSA-N,2013,Ki,5.709965
ITNZRVAWAMTRJC-IYARVYRRSA-N,2014,Ki,7.211478
ITORASWVZJDYAP-UHFFFAOYSA-N,1996,Ki,5.700001
ITSYGVLMBDGWEV-UHFFFAOYSA-N,2021,IC50,5.809999
ITUXAHIEYLTLOX-KRWDZBQOSA-N,2020,Ki,7.819874
ITUXAHIEYLTLOX-QGZVFWFLSA-N,2020,Ki,9.199971
ITUXESRMFODXIB-UHFFFAOYSA-N,1997,Ki,6.181115
ITYRVEDPENLOKE-UHFFFAOYSA-N,2019,IC50,4.062397
ITYXRJDDBZMFAY-UHFFFAOYSA-N,2001,Ki,8.267606
IUARTZMVOSJCJA-UHFFFAOYSA-N,2016,Ki,7.301030
IUDLGCVTTLUKGF-QAQDUYKDSA-N,2020,Ki,6.431798
IUDLGCVTTLUKGF-QAQDUYKDSA-N,2022,Ki,6.431798
IUHXMQOKDMHFCT-KESTWPANSA-N,2013,Ki,6.255707
IUKPIALDWLVDKD-KOAQGZTJSA-N,2022,Ki,6.619789
IUPVUCISWBWELZ-MRXNPFEDSA-N,1996,Ki,5.688246
IUVSEUFHPNITEQ-UHFFFAOYSA-N,2007,Ki,8.400008
IUVSEUFHPNITEQ-UHFFFAOYSA-N,2020,Ki,8.400008
IUVVVNCAVCDQQI-CRAIPNDOSA-N,2000,IC50,7.920819
IVCDUDHUOFADMA-HZCBDIJESA-N,1998,Ki,8.494850
IVGKEFCVDHKRFY-AQYVVDRMSA-N,2023,Ki,6.036212
IVHTVHNCRZDRRG-MRXNPFEDSA-N,2000,Ki,6.696804
IVHTVHNCRZDRRG-MRXNPFEDSA-N,1996,Ki,6.696804
IVJLEPPEOLFVAV-UHFFFAOYSA-N,2006,Ki,6.220404
IVQSQRPBZRNZBV-UHFFFAOYSA-N,2013,Ki,6.818156
IVTDCEWSHSHIRQ-UHFFFAOYSA-N,2018,EC50,8.000000
IVTDCEWSHSHIRQ-UHFFFAOYSA-N,2018,EC50,6.920819
IVUIBIRRERFFHX-UHFFFAOYSA-N,2017,Ki,9.154902
IVVUETVVMPRMEL-UHFFFAOYSA-N,2014,Ki,6.317855
IVXOADYRPYSQPC-OXJNMPFZSA-N,2019,Ki,6.931814
IVXOADYRPYSQPC-OXJNMPFZSA-N,2020,Ki,6.931814
IVXOADYRPYSQPC-UHFFFAOYSA-N,2016,Ki,6.799998
IVXOADYRPYSQPC-UHFFFAOYSA-N,2019,Ki,6.950782
IVXOADYRPYSQPC-UHFFFAOYSA-N,2020,Ki,6.950782
IVXOADYRPYSQPC-UZLBHIALSA-N,2019,Ki,6.779892
IVXOADYRPYSQPC-UZLBHIALSA-N,2020,Ki,6.779892
IWAHIMCMPBOXKG-FQEVSTJZSA-N,2017,Ki,8.677781
IWAHIMCMPBOXKG-FQEVSTJZSA-N,2017,Ki,9.154902
IWAHIMCMPBOXKG-FQEVSTJZSA-N,2017,EC50,8.309804
IWAHIMCMPBOXKG-FQEVSTJZSA-N,2017,EC50,7.260032
IWAHIMCMPBOXKG-FQEVSTJZSA-N,2017,EC50,9.522879
IWAHIMCMPBOXKG-FQEVSTJZSA-N,2017,EC50,9.187087
IWAHIMCMPBOXKG-FQEVSTJZSA-N,2017,EC50,9.096910
IWAHIMCMPBOXKG-FQEVSTJZSA-N,2017,EC50,9.920819
IWAHIMCMPBOXKG-FQEVSTJZSA-N,2017,EC50,9.920819
IWAHIMCMPBOXKG-FQEVSTJZSA-N,2017,EC50,7.838632
IWAHIMCMPBOXKG-FQEVSTJZSA-N,2017,EC50,7.978811
IWAHIMCMPBOXKG-FQEVSTJZSA-N,2017,EC50,8.886057
IWAHIMCMPBOXKG-FQEVSTJZSA-N,2017,EC50,7.259637
IWAHIMCMPBOXKG-FQEVSTJZSA-N,2017,EC50,8.309981
IWAHIMCMPBOXKG-HXUWFJFHSA-N,2017,Ki,7.017729
IWAHIMCMPBOXKG-HXUWFJFHSA-N,2017,Ki,7.408935
IWAHIMCMPBOXKG-HXUWFJFHSA-N,2017,EC50,8.283997
IWAHIMCMPBOXKG-HXUWFJFHSA-N,2017,EC50,8.075721
IWAHIMCMPBOXKG-HXUWFJFHSA-N,2017,EC50,8.008774
IWAHIMCMPBOXKG-HXUWFJFHSA-N,2017,EC50,8.823909
IWAHIMCMPBOXKG-HXUWFJFHSA-N,2017,EC50,8.769551
IWAHIMCMPBOXKG-HXUWFJFHSA-N,2017,EC50,7.318759
IWAHIMCMPBOXKG-HXUWFJFHSA-N,2017,EC50,7.267606
IWAHIMCMPBOXKG-HXUWFJFHSA-N,2017,EC50,6.793174
IWALVTABIRHYMJ-QFTWOCFFSA-N,2023,Ki,6.677781
IWBMAAUPHUCYCI-UHFFFAOYSA-N,2021,Ki,5.020000
IWBMAAUPHUCYCI-UHFFFAOYSA-N,2021,Kd,10.826814
IWBMAAUPHUCYCI-UHFFFAOYSA-N,2021,Kd,10.826814
IWCRACLNBWLIAL-UHFFFAOYSA-N,2014,Ki,7.337242
IWDYHWHOELBSSW-LMTLIKQPSA-N,2020,Ki,6.318759
IWDYHWHOELBSSW-LMTLIKQPSA-N,2022,Ki,6.318759
IWGVABNVNOQFPY-JTAQYXEDSA-N,2014,Ki,6.952647
IWGVABNVNOQFPY-TXTKFYIRSA-N,2014,Ki,7.048177
IWKLJRLAWXMABE-UHFFFAOYSA-N,2017,Ki,5.790217
IWKLJRLAWXMABE-UHFFFAOYSA-N,2018,Ki,5.790217
IWMPNKVRIUOVNY-UHFFFAOYSA-N,2021,Ki,6.562249
IWOPGTFNUXEULQ-UHFFFAOYSA-N,2002,Ki,5.958607
IWOSLDUAAMOOBE-IYARVYRRSA-N,2020,Ki,6.301030
IWOSLDUAAMOOBE-IYARVYRRSA-N,2022,Ki,6.301030
IWPBBAPLZQJENH-UHFFFAOYSA-N,2023,Ki,6.337242
IWPBBAPLZQJENH-UHFFFAOYSA-N,2023,Ki,6.537602
IWUPLAFLTUWLMF-GOSISDBHSA-N,1997,Ki,8.602060
IWUPLAFLTUWLMF-SFHVURJKSA-N,1997,Ki,7.131356
IWUPLAFLTUWLMF-UHFFFAOYSA-N,1997,Ki,8.366532
IWWRZSSSRDGGLC-UHFFFAOYSA-N,2022,Ki,5.259637
IWYJMDHFHLLTOE-WGSAOQKQSA-N,2022,Ki,7.283997
IWZNOFWARONDLD-UHFFFAOYSA-N,2016,Ki,6.642065
IWZNOFWARONDLD-UHFFFAOYSA-N,2016,IC50,5.698970
IXBBRDVXQZWBAN-UHFFFAOYSA-N,2019,Ki,6.657577
IXCOCXDWNZNCFL-UHFFFAOYSA-N,2011,Ki,8.698970
IXCPWQZWEFUJGL-WGSAOQKQSA-N,2023,Ki,8.236572
IXCPWQZWEFUJGL-WGSAOQKQSA-N,2023,EC50,8.299989
IXCPWQZWEFUJGL-WGSAOQKQSA-N,2023,EC50,8.301030
IXCPWQZWEFUJGL-WGSAOQKQSA-N,2023,EC50,8.150028
IXCPWQZWEFUJGL-WGSAOQKQSA-N,2023,EC50,8.149967
IXDFQNJGGTXFCB-UHFFFAOYSA-N,2006,Ki,6.783570
IXDPGYMHLOZKPR-ZWGSZDQZSA-N,2013,Ki,5.834756
IXEYQNFHDYVRSV-UHFFFAOYSA-N,2012,Ki,7.301030
IXHDDZQOYOQOCL-UHFFFAOYSA-N,1993,Ki,5.537602
IXHFUNSVBJAYHP-UHFFFAOYSA-N,2005,Ki,8.835647
IXKQJYVTAYRJTF-UHFFFAOYSA-N,2020,IC50,5.292430
IXKQJYVTAYRJTF-UHFFFAOYSA-N,2023,IC50,5.292430
IXLAADZPTLGXHW-UHFFFAOYSA-N,2003,Ki,6.272459
IXMZAEHXCUOHCK-UHFFFAOYSA-N,2002,Ki,6.207608
IXQUACGJMOXDCP-UHFFFAOYSA-N,2015,Ki,7.575118
IXSUYJGJHMRPNB-LZPMYQHXSA-N,2014,Ki,7.563519
IXUNXYUOXOHHSI-UHFFFAOYSA-N,2002,Ki,6.425969
IYBWVCYBMXHESB-UHFFFAOYSA-N,2020,Ki,7.795880
IYCVIMNLFPKSNJ-GOSISDBHSA-N,2020,EC50,5.740000
IYCVIMNLFPKSNJ-GOSISDBHSA-N,2020,EC50,5.741842
IYCVIMNLFPKSNJ-GOSISDBHSA-N,2020,EC50,6.240000
IYCVIMNLFPKSNJ-GOSISDBHSA-N,2020,EC50,6.236797
IYDIXGIHBUITOM-QHCPKHFHSA-N,2012,IC50,5.700001
IYDUTHNIPZPIDW-UHFFFAOYSA-N,2006,Ki,6.119758
IYEDWQXCSOKJSX-UHFFFAOYSA-N,2019,IC50,7.284833
IYHHRZBKXXKDDY-UHFFFAOYSA-N,2021,Ki,6.466686
IYHHRZBKXXKDDY-UHFFFAOYSA-N,2021,Ki,6.480001
IYHHRZBKXXKDDY-UHFFFAOYSA-N,2024,Ki,6.466686
IYIKLHRQXLHMJQ-UHFFFAOYSA-N,,IC50,4.700014
IYIKLHRQXLHMJQ-UHFFFAOYSA-N,,Ki,5.177113
IYJHSZYHBWQPAO-UHFFFAOYSA-N,2023,Ki,6.920819
IYJHSZYHBWQPAO-UHFFFAOYSA-N,2023,Ki,6.958607
IYQPUWHLQQNKOW-UHFFFAOYSA-N,2012,EC50,8.698970
IYQPUWHLQQNKOW-UHFFFAOYSA-N,2012,EC50,7.602060
IYQPUWHLQQNKOW-UHFFFAOYSA-N,2012,Ki,8.508638
IYRXIXGRSIJDNI-UHFFFAOYSA-N,2006,Ki,6.542118
IYRXIXGRSIJDNI-UHFFFAOYSA-N,2006,Ki,6.542118
IYRXIXGRSIJDNI-UHFFFAOYSA-N,2006,Ki,6.542118
IYTHNIHFDXEHOY-UHFFFAOYSA-N,2019,Ki,4.002705
IYWXUSILGIBAQW-NRFANRHFSA-N,2017,Ki,8.638272
IYWXUSILGIBAQW-NRFANRHFSA-N,2017,Ki,9.045757
IYWXUSILGIBAQW-NRFANRHFSA-N,2017,EC50,9.408935
IYWXUSILGIBAQW-NRFANRHFSA-N,2017,EC50,9.148742
IYWXUSILGIBAQW-NRFANRHFSA-N,2017,EC50,9.130768
IYWXUSILGIBAQW-NRFANRHFSA-N,2017,EC50,9.958607
IYWXUSILGIBAQW-NRFANRHFSA-N,2017,EC50,9.958607
IYWXUSILGIBAQW-NRFANRHFSA-N,2017,EC50,7.903090
IYWXUSILGIBAQW-NRFANRHFSA-N,2017,EC50,7.906578
IYWXUSILGIBAQW-NRFANRHFSA-N,2017,EC50,8.537602
IYWYHDLOCSDKEQ-UWJYYQICSA-N,2024,Ki,7.823909
IYZBRQAAJGEDNI-OXJNMPFZSA-N,2019,Ki,6.809668
IYZBRQAAJGEDNI-OXJNMPFZSA-N,2020,Ki,6.809668
IYZBRQAAJGEDNI-UHFFFAOYSA-N,2016,Ki,6.799998
IYZBRQAAJGEDNI-UHFFFAOYSA-N,2016,Ki,6.299998
IYZBRQAAJGEDNI-UHFFFAOYSA-N,2016,Ki,6.599998
IYZBRQAAJGEDNI-UHFFFAOYSA-N,2019,Ki,6.759451
IYZBRQAAJGEDNI-UHFFFAOYSA-N,2020,Ki,6.759451
IYZBRQAAJGEDNI-UZLBHIALSA-N,2019,Ki,6.850781
IYZBRQAAJGEDNI-UZLBHIALSA-N,2019,Ki,6.769551
IYZBRQAAJGEDNI-UZLBHIALSA-N,2020,Ki,6.850781
IYZBRQAAJGEDNI-UZLBHIALSA-N,2020,Ki,6.769551
IZCLJDQWYJTBAN-UHFFFAOYSA-N,2021,Ki,6.450004
IZCLJDQWYJTBAN-UHFFFAOYSA-N,2021,EC50,5.270000
IZDPQORVZYGVRT-UHFFFAOYSA-N,2022,Ki,6.978811
IZFJEANBTQYYTG-UHFFFAOYSA-N,2007,Ki,5.640000
IZGMMZZMWKKGGX-XCZPVHLTSA-N,1998,Ki,6.199998
IZQJTFHFKAKSCB-UHFFFAOYSA-N,2018,IC50,7.521434
IZRFSGDNQRHHKW-UHFFFAOYSA-N,2007,Ki,6.107905
IZRFSGDNQRHHKW-UHFFFAOYSA-N,2007,Ki,6.075721
IZRKKTGXKLIJDE-GOSISDBHSA-N,1999,Ki,6.747147
IZRKKTGXKLIJDE-GOSISDBHSA-N,1999,Ki,6.381952
IZRKKTGXKLIJDE-GOSISDBHSA-N,1996,Ki,6.747147
IZRKKTGXKLIJDE-GOSISDBHSA-N,1996,Ki,6.381952
IZROAUDTDDADJI-UHFFFAOYSA-N,2017,Ki,6.030118
IZROAUDTDDADJI-UHFFFAOYSA-N,2018,Ki,6.030118
IZRPKIZLIFYYKR-UHFFFAOYSA-N,2004,Ki,5.562249
IZVVXKITHMHHRG-UHFFFAOYSA-N,1996,Ki,6.599998
IZWDJSXJHNPRDP-CLYVBNDRSA-N,2002,Ki,5.324038
IZZMBWJXQOJUHH-JOCHJYFZSA-N,1996,Ki,6.699992
IZZNYYLQSUDWDO-UHFFFAOYSA-N,2016,Ki,7.000000
IZZNYYLQSUDWDO-UHFFFAOYSA-N,2019,Ki,7.019997
IZZNYYLQSUDWDO-UHFFFAOYSA-N,2020,Ki,7.019997
JAAHNPXYHPFVSN-UHFFFAOYSA-N,2020,Ki,7.148742
JAAHNPXYHPFVSN-UHFFFAOYSA-N,2022,Ki,7.148742
JAKFCAJOXZJYMN-UHFFFAOYSA-N,2022,Ki,8.332547
JAKWNDCWFUEYHH-UHFFFAOYSA-N,2019,Ki,6.408935
JAKWNDCWFUEYHH-UHFFFAOYSA-N,2019,Ki,6.366532
JAMGASWUKANWIE-QGZVFWFLSA-N,2002,Ki,5.233662
JAOKCAPKMXUPOM-UHFFFAOYSA-N,2017,Ki,6.219683
JAOKCAPKMXUPOM-UHFFFAOYSA-N,2018,Ki,6.219683
JAOXKCOCADFHNG-UHFFFAOYSA-N,2008,Ki,6.017729
JARNORYOPMINDY-UHFFFAOYSA-N,1995,Ki,7.400008
JARNORYOPMINDY-UHFFFAOYSA-N,1997,Ki,7.400008
JARVFDGWRKYKRC-UHFFFAOYSA-N,2018,Ki,7.886057
JARVFDGWRKYKRC-UHFFFAOYSA-N,2018,Ki,7.301030
JARVFDGWRKYKRC-UHFFFAOYSA-N,2018,EC50,8.481486
JASDXILVHIDXCQ-UHFFFAOYSA-N,2010,Ki,6.499997
JASDXILVHIDXCQ-UHFFFAOYSA-N,2010,Ki,6.799998
JATQVZAOCJUHTI-MCPYQZEQSA-N,2009,Ki,6.499997
JATQVZAOCJUHTI-MCPYQZEQSA-N,2009,Ki,6.499997
JAUQVGAQEBWHPG-LJQANCHMSA-N,1999,Ki,7.193142
JAUQVGAQEBWHPG-LJQANCHMSA-N,1999,Ki,7.657577
JAXFKDJDNTWWJY-UHFFFAOYSA-N,1994,Ki,5.932557
JAYLRXXYDXFRKF-OUKQBFOZSA-N,2003,Ki,8.000000
JBBWXRZCIQADQF-UHFFFAOYSA-N,2013,Ki,6.260001
JBETURIRTKWRDW-UHFFFAOYSA-N,1999,Ki,6.699992
JBGDBFLUTXPZJF-FQEVSTJZSA-N,2018,Ki,8.397940
JBGZQAPZRJHZNZ-NMWGTECJSA-N,2006,Ki,7.215383
JBIWUVRCMUOUNK-QGZVFWFLSA-N,2000,Ki,6.099999
JBKITGSPOFFGJB-UHFFFAOYSA-N,2012,EC50,7.200659
JBKITGSPOFFGJB-UHFFFAOYSA-N,2012,Ki,7.769551
JBKITGSPOFFGJB-UHFFFAOYSA-N,2015,Ki,7.769551
JBKITGSPOFFGJB-UHFFFAOYSA-N,2015,EC50,7.193820
JBLAHJDPCUNHND-SAIGFBBZSA-N,2003,Ki,6.099999
JBMAICLOHONCPL-UHFFFAOYSA-N,2020,Ki,5.555643
JBMAICLOHONCPL-UHFFFAOYSA-N,2022,Ki,5.555643
JBPDAINIVIROMA-UHFFFAOYSA-N,2018,Ki,7.161151
JBPDAINIVIROMA-UHFFFAOYSA-N,2018,Ki,7.113509
JBQIFWSBUXXWMF-UAPYVXQJSA-N,2023,Ki,6.173925
JBQOYPLKTTXLSQ-SANMLTNESA-N,2001,Ki,6.978811
JBTWIOSSOYSZSK-NSHDSACASA-N,2010,IC50,7.960189
JBUWBWVXKLACCD-FPOVZHCZSA-N,2017,Ki,5.841638
JBVFOIKUFJIXQZ-UHFFFAOYSA-N,2014,Ki,7.180456
JBVFOIKUFJIXQZ-UHFFFAOYSA-N,2014,Ki,7.337242
JBVSQYZVCXMFCI-UFYCRDLUSA-N,2013,Ki,6.051881
JBVSQYZVCXMFCI-VAMGGRTRSA-N,2013,Ki,6.074327
JCGBUUHLRXHEQS-WGSAOQKQSA-N,1997,Ki,7.782516
JCGVHNRXCIXGCT-UHFFFAOYSA-N,2007,Ki,7.000000
JCHVMGVSTOIQAD-UHFFFAOYSA-N,2015,Ki,6.910095
JCJHEQWKLFDJPY-FQEVSTJZSA-N,2018,Ki,9.000000
JCJHEQWKLFDJPY-HXUWFJFHSA-N,2018,Ki,9.154902
JCKSBFDVTFRZJP-FYYLOGMGSA-N,2011,Ki,6.528708
JCKSBFDVTFRZJP-JFGZAKSSSA-N,2011,Ki,6.759451
JCKSBFDVTFRZJP-JFGZAKSSSA-N,2011,EC50,6.494850
JCKSBFDVTFRZJP-JTHBVZDNSA-N,2011,Ki,6.465974
JCOIGYVGPKMQRM-XUTJKUGGSA-N,2014,Ki,6.514989
JCPOEWYYYWHNCO-ZWGSZDQZSA-N,2013,Ki,5.610497
JCQGRHIIKSHVDZ-UHFFFAOYSA-N,1999,Ki,6.346787
JCQMFTNOJJEKDR-UHFFFAOYSA-N,2016,IC50,5.801343
JCSJNNBJTFWLCL-UHFFFAOYSA-N,2021,Ki,8.301030
JCSREICEMHWFAY-HGCGQDOSSA-N,2010,Ki,8.070581
JCSREICEMHWFAY-HUUCEWRRSA-N,2000,Ki,8.204815
JCSREICEMHWFAY-HUUCEWRRSA-N,2009,Ki,8.199971
JCSREICEMHWFAY-HUUCEWRRSA-N,2014,Ki,8.823909
JCSREICEMHWFAY-HUUCEWRRSA-N,2014,Ki,7.728158
JCSREICEMHWFAY-HUUCEWRRSA-N,2014,Ki,7.669586
JCSREICEMHWFAY-HUUCEWRRSA-N,2014,Ki,9.346787
JCSREICEMHWFAY-HUUCEWRRSA-N,2014,Ki,7.770062
JCSREICEMHWFAY-HUUCEWRRSA-N,2014,Ki,7.680062
JCSREICEMHWFAY-HUUCEWRRSA-N,2014,Ki,9.470057
JCSREICEMHWFAY-UHFFFAOYSA-N,2002,Ki,8.204815
JCTYWRARKVGOBK-CQSZACIVSA-N,2023,IC50,4.725842
JCVCZONIULCFAT-UHFFFAOYSA-N,2007,Ki,6.954677
JCVRULBFKAIIAS-UHFFFAOYSA-N,2020,Ki,6.011887
JCVRULBFKAIIAS-UHFFFAOYSA-N,2022,Ki,6.011887
JCXPHDPIKCCHEL-FQEVSTJZSA-N,2003,Ki,4.721246
JCXPHDPIKCCHEL-FQEVSTJZSA-N,2003,Ki,4.853872
JCXPHDPIKCCHEL-HXUWFJFHSA-N,2003,Ki,5.000000
JCXPHDPIKCCHEL-HXUWFJFHSA-N,2003,Ki,5.376751
JCYQNPLHYOAPCP-UHFFFAOYSA-N,2017,EC50,7.248721
JCZBIVTZYYLWOL-UHFFFAOYSA-N,2010,Ki,7.869666
JCZNKERBZDGLBM-UHFFFAOYSA-N,2018,IC50,8.142668
JCZQORKBTOWEKS-UHFFFAOYSA-N,2016,Ki,6.699992
JCZQORKBTOWEKS-UHFFFAOYSA-N,2019,Ki,6.718967
JCZQORKBTOWEKS-UHFFFAOYSA-N,2020,Ki,6.718967
JDGWCJQTEUISIR-GGYDESQDSA-N,2023,Ki,5.795880
JDINHWPNVOJYSS-UHFFFAOYSA-N,2020,Ki,6.069051
JDINHWPNVOJYSS-UHFFFAOYSA-N,2022,Ki,6.069051
JDKQOFWWKCLDDD-VNCLPFQGSA-N,2009,Ki,7.853872
JDKQOFWWKCLDDD-VNCLPFQGSA-N,2009,Ki,7.920819
JDMPDERDGMRNFC-UHFFFAOYSA-N,1996,Ki,6.399997
JDUYXDCAFPRHMY-UHFFFAOYSA-N,2016,EC50,5.275724
JEAHBVRHQWEDQL-UHFFFAOYSA-N,2017,Ki,6.906578
JEAHBVRHQWEDQL-UHFFFAOYSA-N,2018,Ki,6.906578
JEBLLBOUXXZBPR-UHFFFAOYSA-N,2010,Ki,6.699992
JEBLLBOUXXZBPR-UHFFFAOYSA-N,2010,Ki,6.799998
JEBMPQYTJSNCNB-LJQANCHMSA-N,2019,Ki,5.950007
JEBSDCMUPMBUER-UHFFFAOYSA-N,2019,Ki,6.283997
JEEXKVNFXCLLCQ-IYARVYRRSA-N,1998,Ki,6.744727
JEFLKZKNAVDDCN-UHFFFAOYSA-N,2015,Ki,7.203426
JEGAAWNOHVANEU-UHFFFAOYSA-N,2021,Ki,6.013228
JEGAAWNOHVANEU-UHFFFAOYSA-N,2021,EC50,6.493495
JERZBICCWPTZQV-UHFFFAOYSA-N,2014,Ki,9.236572
JERZBICCWPTZQV-UHFFFAOYSA-N,2014,Ki,9.494850
JERZBICCWPTZQV-UHFFFAOYSA-N,2014,EC50,6.959991
JERZBICCWPTZQV-UHFFFAOYSA-N,2014,EC50,6.958607
JEYKHDMZDCZJFI-UHFFFAOYSA-N,2016,Ki,7.744727
JEYKHDMZDCZJFI-UHFFFAOYSA-N,2016,Ki,7.739929
JEZQFKLGYQTDDK-UHFFFAOYSA-N,2012,EC50,7.698970
JEZQFKLGYQTDDK-UHFFFAOYSA-N,2012,Ki,7.958607
JEZQFKLGYQTDDK-UHFFFAOYSA-N,2015,Ki,7.962574
JEZQFKLGYQTDDK-UHFFFAOYSA-N,2015,EC50,7.602060
JEZRLUMTXPFWPB-UHFFFAOYSA-N,2015,Ki,7.092589
JFBANURFCNELLB-UHFFFAOYSA-N,2006,Ki,6.573489
JFBMKPAJRCILMR-UHFFFAOYSA-N,2015,Ki,8.077275
JFCDMGGMCUKHST-UHFFFAOYSA-N,2006,Ki,5.537602
JFCDMGGMCUKHST-UHFFFAOYSA-N,2019,Ki,5.204120
JFCDMGGMCUKHST-UHFFFAOYSA-N,2019,Ki,6.600326
JFCDMGGMCUKHST-UHFFFAOYSA-N,2019,IC50,5.233141
JFCMJHZNAYJRLV-UHFFFAOYSA-N,2023,Ki,4.872895
JFDSONZAQMFHCW-UHFFFAOYSA-N,2014,Ki,6.029653
JFDSONZAQMFHCW-UHFFFAOYSA-N,2017,Ki,6.029653
JFDSONZAQMFHCW-UHFFFAOYSA-N,2018,Ki,6.029653
JFFIIIVILGKQSZ-UHFFFAOYSA-N,2002,Ki,6.879426
JFHVZERFQKQSFW-UHFFFAOYSA-N,2017,Ki,6.464706
JFISKFBDHYUNMB-UHFFFAOYSA-N,2009,Ki,6.920819
JFJLJDBEIHLBLY-UHFFFAOYSA-N,2019,Ki,6.159894
JFJLJDBEIHLBLY-UHFFFAOYSA-N,2020,Ki,6.159894
JFLBTRDHDHTNGX-UHFFFAOYSA-N,2004,Ki,7.886057
JFLGKAWVPPPTKB-UHFFFAOYSA-N,2005,Ki,7.958607
JFMAZBIWGGSVJX-SFHVURJKSA-N,2001,Ki,6.161151
JFMAZBIWGGSVJX-SFHVURJKSA-N,2001,Ki,6.481486
JFMAZBIWGGSVJX-SFHVURJKSA-N,2001,Ki,5.769551
JFMAZBIWGGSVJX-SFHVURJKSA-N,2001,Ki,5.958607
JFNOMZIRJGWDKM-SNAWJCMRSA-N,2013,Ki,8.124939
JFRXSPVSGNWHOD-HZCBDIJESA-N,2007,Ki,6.876148
JFRXSPVSGNWHOD-HZCBDIJESA-N,2007,Ki,6.876148
JFRXSPVSGNWHOD-SZPZYZBQSA-N,2007,Ki,6.841638
JFRXSPVSGNWHOD-SZPZYZBQSA-N,2007,Ki,6.841638
JFVJCLYJXOVMSI-UHFFFAOYSA-N,2004,Ki,6.650004
JFVJCLYJXOVMSI-UHFFFAOYSA-N,2004,Ki,6.980012
JFVJCLYJXOVMSI-UHFFFAOYSA-N,2004,Ki,6.470005
JGCVBGVDWQJTDF-HXUWFJFHSA-N,2024,Ki,6.468521
JGCWMKASUYCMGE-IBGZPJMESA-N,2005,Ki,6.301030
JGDAHRAXXNLDGS-UHFFFAOYSA-N,2015,Ki,6.767004
JGEMKKMKVJVVKF-UHFFFAOYSA-N,2012,Ki,8.086186
JGGOHKJHMHHQML-OFNKIYASSA-N,2016,Ki,6.180002
JGHHCQJAWMYFGE-UHFFFAOYSA-N,2007,Ki,6.000000
JGJKGZVAKNHAAR-QOCHGBHMSA-N,2006,Ki,7.167491
JGJKGZVAKNHAAR-ZBJSNUHESA-N,2006,Ki,7.164944
JGJOJEUMPBPYKM-UHFFFAOYSA-N,2020,Ki,7.481486
JGLGOAQPUQITLD-OGAOHHHESA-N,2000,Ki,7.000000
JGLGOAQPUQITLD-OGAOHHHESA-N,2017,Ki,6.314258
JGPPAABCUOMAQN-PGWJBFNOSA-N,2023,Ki,8.425969
JGRQIRDAIIUUCX-IYBDPMFKSA-N,2009,Ki,7.599980
JGRQIRDAIIUUCX-IYBDPMFKSA-N,2009,Ki,7.599980
JGUXYQFTEZNNTK-LSNLESRRSA-N,2014,Ki,5.835290
JGVMWDMAURDGRG-UHFFFAOYSA-N,2013,IC50,6.397940
JGVMWDMAURDGRG-UHFFFAOYSA-N,2013,Ki,7.376751
JGXVHHJVAUYNIF-UAPYVXQJSA-N,2023,Ki,5.721246
JGZRPGFDKODUGU-UHFFFAOYSA-N,2019,Ki,7.214670
JGZRPGFDKODUGU-UHFFFAOYSA-N,2021,Ki,9.000000
JHDHNKDQVCVUJN-INIZCTEOSA-N,1989,Ki,6.840012
JHEWFMBHEZGSRS-UHFFFAOYSA-N,1996,Ki,5.899998
JHLGZIBTXUVCIJ-UHFFFAOYSA-N,2002,Ki,5.717151
JHMYLCCZLFZGNF-UHFFFAOYSA-N,2011,Ki,6.790485
JHOAHJSSLXAKML-UHFFFAOYSA-N,2017,IC50,8.025028
JHOAHJSSLXAKML-UHFFFAOYSA-N,2019,IC50,7.777284
JHONYJKBTVQFJZ-JKIUYZKVSA-N,2014,Ki,6.995593
JHSBXLBFVPKGAF-VQTJNVASSA-N,2021,Ki,8.595166
JHVGQSBTPJECOW-UHFFFAOYSA-N,2021,Ki,6.129596
JHVJCSPJYFYTJV-LVZFUZTISA-N,2006,Ki,6.590067
JIBSQYWLVKZWRS-UHFFFAOYSA-N,2022,Ki,6.259637
JICSUTQEGNUBOG-UHFFFAOYSA-N,1999,Ki,8.055517
JIFIBXLKXAOALA-UHFFFAOYSA-N,2002,Ki,5.596879
JIFUZIJTCAAWNY-KRWDZBQOSA-N,2002,Ki,5.027103
JIFUZIJTCAAWNY-QGZVFWFLSA-N,2002,Ki,6.718967
JIFUZIJTCAAWNY-UHFFFAOYSA-N,2002,Ki,6.679854
JIFUZIJTCAAWNY-UHFFFAOYSA-N,2002,Ki,8.045757
JIFZJJHUCHFIGP-UHFFFAOYSA-N,2002,Ki,6.080922
JIIISTFEPCPGJL-FBERVGGISA-N,2015,Ki,7.098542
JIIISTFEPCPGJL-MYUCLKGASA-N,2015,Ki,6.593290
JIIISTFEPCPGJL-MYUCLKGASA-N,2015,Ki,7.500313
JIKDWCBMJVTCCZ-ISLYRVAYSA-N,1995,Ki,6.326058
JIKHUPCDDIJQPL-UHFFFAOYSA-N,2020,Ki,7.229148
JILCPBRDAHYZLZ-KRWDZBQOSA-N,2020,Ki,6.756962
JILCPBRDAHYZLZ-QGZVFWFLSA-N,2020,Ki,7.165579
JIMCDCVSQCCLFD-UHFFFAOYSA-N,2012,IC50,5.580000
JIMCDCVSQCCLFD-UHFFFAOYSA-N,2012,IC50,5.579549
JIMZYWHOJZKVBJ-UHFFFAOYSA-N,2009,Ki,8.187087
JIMZYWHOJZKVBJ-UHFFFAOYSA-N,2009,Ki,6.552842
JINXBCRENWAIPY-UHFFFAOYSA-N,2007,Ki,6.844664
JIOUQSMHLCSGTJ-UHFFFAOYSA-N,2021,Ki,7.568636
JIPGSTBSUISSPJ-UHFFFAOYSA-N,2017,Ki,5.632458
JIPGSTBSUISSPJ-UHFFFAOYSA-N,2018,Ki,5.632458
JIQPCUQFYHDNJZ-UHFFFAOYSA-N,2002,Ki,5.715344
JIURLJSKBKCSMU-UHFFFAOYSA-N,2023,Ki,7.050610
JIURLJSKBKCSMU-UHFFFAOYSA-N,2023,Ki,7.275724
JIXQPDNGVCMIOH-UHFFFAOYSA-N,1997,Ki,6.078314
JIXQPDNGVCMIOH-UHFFFAOYSA-N,2005,Ki,5.610000
JJACJGJMQKKPIZ-UHFFFAOYSA-N,2018,Ki,6.790485
JJACJGJMQKKPIZ-UHFFFAOYSA-N,2018,IC50,7.105130
JJARSALEJXMFKK-UHFFFAOYSA-N,2013,Ki,7.661544
JJCFRYNCJDLXIK-UHFFFAOYSA-N,2004,Ki,6.950782
JJCFRYNCJDLXIK-UHFFFAOYSA-N,,IC50,6.785156
JJCFRYNCJDLXIK-UHFFFAOYSA-N,,Ki,7.259637
JJDMYYLIPNQZQN-UHFFFAOYSA-N,2017,Ki,8.000000
JJEJCAOIJWQBMJ-FQEVSTJZSA-N,2004,Ki,6.008774
JJEJCAOIJWQBMJ-FQEVSTJZSA-N,2005,Ki,6.008774
JJEJCAOIJWQBMJ-HXUWFJFHSA-N,2004,Ki,5.823909
JJEJCAOIJWQBMJ-UHFFFAOYSA-N,2004,Ki,6.075721
JJEUGQSNWGGUIG-SFTDATJTSA-N,2003,Ki,7.769551
JJHIIWQWDBQHAU-PXNSSMCTSA-N,2024,Ki,7.075721
JJIBAQPGIKFZRA-UHFFFAOYSA-N,2011,Ki,7.657577
JJIBAQPGIKFZRA-UHFFFAOYSA-N,2011,Ki,7.387216
JJIBAQPGIKFZRA-UHFFFAOYSA-N,2011,Ki,7.455932
JJIBAQPGIKFZRA-UHFFFAOYSA-N,2011,Ki,7.387216
JJIBAQPGIKFZRA-UHFFFAOYSA-N,2011,Ki,7.657577
JJISSBKYYCWHFH-UHFFFAOYSA-N,2020,Ki,5.216811
JJKPSOUEWPDPFS-UHFFFAOYSA-N,2001,IC50,5.649752
JJKVHQGSRGJOOG-UHFFFAOYSA-N,1991,Ki,5.795880
JJLIADRRWNTBBL-UHFFFAOYSA-N,2014,Ki,7.346787
JJMRPVGTDRDQOU-UHFFFAOYSA-N,2019,Ki,5.669992
JJNHTXUTHLHINR-UHFFFAOYSA-N,2019,Kd,7.730020
JJNHTXUTHLHINR-UHFFFAOYSA-N,2019,Ki,7.750068
JJOOPJBXZHKRLQ-UHFFFAOYSA-N,2010,Ki,5.720561
JJOQQHOWCXQERZ-UHFFFAOYSA-N,2012,Ki,6.251812
JJRCKNMPBGKXPO-UHFFFAOYSA-N,2009,Ki,7.299989
JJYGMNQCYKVCSO-NSHDSACASA-N,2010,IC50,9.169989
JJZFWROHYSMCMU-UHFFFAOYSA-N,2018,Ki,6.001305
JJZFWROHYSMCMU-UHFFFAOYSA-N,2021,Ki,6.001305
JJZQCWGLYTVPFB-LBPRGKRZSA-N,2020,Ki,6.896196
JJZYJNHNBLRMSV-SYYKKAFVSA-N,2023,Ki,6.387216
JKAFEYNVKSARQQ-UHFFFAOYSA-N,2016,Ki,6.548214
JKBANFCMSOHIAB-UHFFFAOYSA-N,2002,Ki,7.036212
JKFGWCQWZHWMED-UHFFFAOYSA-N,2019,IC50,7.573489
JKFIWLJVMRKLFE-UHFFFAOYSA-N,2013,Ki,5.797784
JKHRBDDJXCBDKI-UHFFFAOYSA-N,2022,Ki,6.399997
JKJHTKJCOHWEQH-UHFFFAOYSA-N,2023,Ki,6.742321
JKJHTKJCOHWEQH-UHFFFAOYSA-N,2023,Ki,6.740000
JKJHTKJCOHWEQH-UHFFFAOYSA-N,2023,EC50,6.568636
JKJHTKJCOHWEQH-UHFFFAOYSA-N,2023,EC50,6.570006
JKJHTKJCOHWEQH-UHFFFAOYSA-N,2023,EC50,7.688246
JKJHTKJCOHWEQH-UHFFFAOYSA-N,2023,EC50,7.689944
JKOYRFXVLZJKAP-UHFFFAOYSA-N,2010,Ki,6.499997
JKPCONACWVPLNW-HHHXNRCGSA-N,2020,Ki,7.259637
JKPCONACWVPLNW-UHFFFAOYSA-N,2020,Ki,7.259637
JKPISQIIWUONPB-HNNXBMFYSA-N,2009,Ki,6.011441
JKPISQIIWUONPB-HNNXBMFYSA-N,2012,IC50,6.977118
JKPISQIIWUONPB-HNNXBMFYSA-N,2012,Ki,7.250496
JKPISQIIWUONPB-HNNXBMFYSA-N,2013,Ki,7.958607
JKPISQIIWUONPB-HNNXBMFYSA-N,2014,Ki,6.977118
JKPISQIIWUONPB-HNNXBMFYSA-N,2014,IC50,5.358526
JKPISQIIWUONPB-HNNXBMFYSA-N,2017,Ki,6.011441
JKPISQIIWUONPB-HNNXBMFYSA-N,2023,Ki,6.011441
JKPISQIIWUONPB-HNNXBMFYSA-N,2024,Ki,7.935542
JKPISQIIWUONPB-UHFFFAOYSA-N,2016,Ki,6.937418
JKRQNNXDKNTEDN-JCNLHEQBSA-N,2019,EC50,7.958607
JKRQNNXDKNTEDN-JCNLHEQBSA-N,2019,EC50,7.397940
JKRQNNXDKNTEDN-JCNLHEQBSA-N,2019,EC50,9.397940
JKRQNNXDKNTEDN-JCNLHEQBSA-N,2019,IC50,7.148742
JKRQNNXDKNTEDN-JCNLHEQBSA-N,2019,EC50,7.969805
JKRQNNXDKNTEDN-JCNLHEQBSA-N,2019,EC50,7.389979
JKUARXXFZBUSAL-UHFFFAOYSA-N,2007,Ki,6.787812
JKWDTKHKBBCJDS-UHFFFAOYSA-N,2019,IC50,6.657577
JKWVNBLZWDOXPU-UHFFFAOYSA-N,2019,Ki,7.199971
JKWVQRPLWQNRNL-UHFFFAOYSA-N,2010,Ki,7.390406
JKXNHYROCOIFSB-UHFFFAOYSA-N,2005,Ki,7.346787
JKXXYZQCPDWCDR-UHFFFAOYSA-N,2009,Ki,7.823909
JKYLHNIPTDCTPH-UHFFFAOYSA-N,2011,Ki,7.263603
JKYLHNIPTDCTPH-UHFFFAOYSA-N,2015,Ki,7.263603
JLBUARJMJJDHRK-UHFFFAOYSA-N,2008,IC50,5.823909
JLCDZKSQUUANJO-UHFFFAOYSA-N,2010,Ki,8.537602
JLCILCCDUVFIRF-UHFFFAOYSA-N,2018,Ki,5.314527
JLCILCCDUVFIRF-UHFFFAOYSA-N,2019,Ki,5.309981
JLHIRWIMDKSLJU-UHFFFAOYSA-N,2010,Ki,7.000000
JLHYDFVXCXCPKN-AEFFLSMTSA-N,1999,Ki,7.700057
JLHYDFVXCXCPKN-FUHWJXTLSA-N,1999,Ki,7.500038
JLHYDFVXCXCPKN-UHFFFAOYSA-N,1999,Ki,7.599980
JLHYDFVXCXCPKN-UHFFFAOYSA-N,1999,Ki,6.499997
JLKITJMRRRZCIH-UILWBTOOSA-N,2001,Ki,5.599999
JLKQRZNKNIUOLD-UHFFFAOYSA-N,2020,Ki,6.987163
JLKQRZNKNIUOLD-UHFFFAOYSA-N,2022,Ki,6.987163
JLMZACVBNICYMZ-UHFFFAOYSA-N,2011,Ki,6.375718
JLOAJISUHPIQOX-UHFFFAOYSA-N,2014,Ki,7.431798
JLQPTMGFAHZJJQ-UHFFFAOYSA-N,2020,Ki,5.432974
JLQPTMGFAHZJJQ-UHFFFAOYSA-N,2022,Ki,5.432974
JLRYOWKVNYLGFB-OJBMAJLDSA-N,2014,Ki,5.769551
JLSHFCOIGLDZJK-UHFFFAOYSA-N,2020,Ki,6.442493
JLSHFCOIGLDZJK-UHFFFAOYSA-N,2022,Ki,6.442493
JLUQWCZYPJKNMK-UHFFFAOYSA-N,2014,Ki,5.811634
JLUQWCZYPJKNMK-UHFFFAOYSA-N,2014,Ki,5.809999
JLXHYZQJBYGJHI-UHFFFAOYSA-N,2020,Ki,7.207608
JLXHYZQJBYGJHI-UHFFFAOYSA-N,2022,Ki,7.207608
JLZIBIQTDGMAFZ-UHFFFAOYSA-N,1998,Ki,7.275724
JMDXHUNKNDOMJU-UHFFFAOYSA-N,2017,Ki,9.602060
JMDXHUNKNDOMJU-UHFFFAOYSA-N,2017,Ki,9.795880
JMDXHUNKNDOMJU-UHFFFAOYSA-N,2017,EC50,7.886057
JMDXHUNKNDOMJU-UHFFFAOYSA-N,2017,EC50,6.599998
JMDXHUNKNDOMJU-UHFFFAOYSA-N,2017,EC50,6.602060
JMDXHUNKNDOMJU-UHFFFAOYSA-N,2017,EC50,7.890084
JMFUJUHOBGECJQ-QAQDUYKDSA-N,2020,Ki,6.481486
JMFUJUHOBGECJQ-QAQDUYKDSA-N,2022,Ki,6.481486
JMGCLJGEYSAHMV-UHFFFAOYSA-N,1994,Ki,5.735891
JMJMAIPPNDZPFH-UHFFFAOYSA-N,2022,Ki,6.229148
JMLMUVQDRNZKFK-JKIUYZKVSA-N,1997,Ki,7.425969
JMPUAGQQRFXFOX-ZWKOTPCHSA-N,2023,Ki,8.075721
JMQUTFMPAXQIBI-KKSFZXQISA-N,2021,Ki,6.810005
JMVMBUDRQOJPSQ-IOJSDMHCSA-N,2015,Ki,6.483729
JMWJXCASTNOOJD-UHFFFAOYSA-N,2022,Ki,5.259637
JMWQRQAFJVAVHH-UHFFFAOYSA-N,2020,Ki,6.428291
JMWQRQAFJVAVHH-UHFFFAOYSA-N,2022,Ki,6.428291
JMWRDCITGMOBIH-HNNXBMFYSA-N,2014,Ki,7.463947
JMXCICODDRWOSZ-UHFFFAOYSA-N,2011,Ki,9.000000
JMXJEMQHNOBAJN-UHFFFAOYSA-N,2018,IC50,7.286509
JMYALEGZMZHDTN-MDZDMXLPSA-N,2000,Ki,6.099999
JMYIPFBYRVHYMD-UHFFFAOYSA-N,2020,Ki,5.847406
JNBBJUHCODFLEG-UHFFFAOYSA-N,2007,Ki,8.136677
JNGNYWRRSBJGEY-OUKQBFOZSA-N,1994,IC50,5.148742
JNJMDCMRJOXGIQ-UHFFFAOYSA-N,2020,Ki,6.120904
JNLTWDJBHSKQQM-UHFFFAOYSA-N,2020,Ki,6.366532
JNLTWDJBHSKQQM-UHFFFAOYSA-N,2022,Ki,6.366532
JNMNZCISRVSLEC-UHFFFAOYSA-N,2020,Ki,7.408935
JNMQWDIMZMNVJB-UHFFFAOYSA-N,2021,Ki,7.177832
JNNOSTQEZICQQP-UHFFFAOYSA-N,2021,Ki,6.310691
JNNUNYQLZKWFQJ-UHFFFAOYSA-N,2015,Ki,7.501689
JNODQFNWMXFMEV-UHFFFAOYSA-N,2010,Ki,6.199998
JNODQFNWMXFMEV-UHFFFAOYSA-N,2024,Ki,5.810299
JNOKWZBEYVLXQJ-OJBMAJLDSA-N,2014,Ki,6.774019
JNRGVRLFICIPND-UHFFFAOYSA-N,2017,Ki,6.920819
JNRGVRLFICIPND-UHFFFAOYSA-N,2017,Ki,7.455932
JNRGVRLFICIPND-UHFFFAOYSA-N,2017,EC50,6.886057
JNRGVRLFICIPND-UHFFFAOYSA-N,2017,EC50,6.008774
JNRWMDWBIFENSQ-IBGZPJMESA-N,2011,IC50,5.800001
JNSGCKSGQOFGBY-KBQPQWKXSA-N,2013,Ki,5.813044
JNSNEWFLCREWMB-UHFFFAOYSA-N,2017,Ki,5.886057
JNTZATOMFKWPTP-UHFFFAOYSA-N,2008,Ki,6.777284
JNYBPHZJIUVHES-PGRDOPGGSA-N,2012,EC50,5.899629
JNYBPHZJIUVHES-PGRDOPGGSA-N,2012,Ki,6.628932
JNZNIWXTQKSJBP-PXNSSMCTSA-N,2001,Ki,6.086186
JNZNIWXTQKSJBP-PXNSSMCTSA-N,2001,Ki,6.494850
JNZNIWXTQKSJBP-PXNSSMCTSA-N,2001,Ki,5.494850
JNZNIWXTQKSJBP-PXNSSMCTSA-N,2001,Ki,5.721246
JNZRXFXWSIACHM-UHFFFAOYSA-N,2015,Ki,5.283997
JOCIPRSPZCLXKS-UHFFFAOYSA-N,1997,Ki,5.709965
JOCIPRSPZCLXKS-UHFFFAOYSA-N,2005,Ki,5.710001
JOCSRIUJRNEKRZ-OBGWFSINSA-N,2003,Ki,7.431798
JOGGRIOZZIZJAJ-UHFFFAOYSA-N,2023,Ki,6.358526
JOGGRIOZZIZJAJ-UHFFFAOYSA-N,2023,Ki,6.350003
JOGGRIOZZIZJAJ-UHFFFAOYSA-N,2023,EC50,6.449772
JOGGRIOZZIZJAJ-UHFFFAOYSA-N,2023,EC50,6.450004
JOGGRIOZZIZJAJ-UHFFFAOYSA-N,2023,EC50,7.308035
JOGGRIOZZIZJAJ-UHFFFAOYSA-N,2023,EC50,7.309981
JOHIGOPVFHBKPR-HZCBDIJESA-N,2014,Ki,6.293171
JOHOQMIETZSDOL-UHFFFAOYSA-N,2016,Ki,6.499997
JOHOQMIETZSDOL-UHFFFAOYSA-N,2019,Ki,6.159894
JOHOQMIETZSDOL-UHFFFAOYSA-N,2020,Ki,6.159894
JOQJONDKZULBPP-BGYRXZFFSA-N,2007,Ki,6.703335
JOQJONDKZULBPP-MXVIHJGJSA-N,2007,Ki,6.567031
JOTHIBMHFXOOFF-UHFFFAOYSA-N,2018,IC50,6.671620
JOXBOGQPSLSFIM-UHFFFAOYSA-N,2016,Ki,7.744727
JOZIVALEQUQTGU-UHFFFAOYSA-N,2006,Ki,5.817871
JPCGHQPCQSFZIF-MGFGWZDJSA-N,2014,Ki,6.449466
JPDDFPJRGRBBJU-UHFFFAOYSA-N,2012,Ki,7.292430
JPDDFPJRGRBBJU-UHFFFAOYSA-N,2012,Ki,7.698970
JPFBKWSBTOFTQU-UHFFFAOYSA-N,2012,Ki,5.813892
JPFBKWSBTOFTQU-UHFFFAOYSA-N,2012,Ki,5.542118
JPHKDUYQNMPCRA-UNMCSNQZSA-N,2003,Ki,8.113509
JPIZEYQLWAJSNQ-BTYSMDAFSA-N,2018,IC50,8.017729
JPJKLUPMTRTKBH-UHFFFAOYSA-N,2020,Ki,6.294136
JPJKLUPMTRTKBH-UHFFFAOYSA-N,2022,Ki,6.294136
JPKHZHOYEQNEDE-UHFFFAOYSA-N,2013,IC50,5.769551
JPKHZHOYEQNEDE-UHFFFAOYSA-N,2013,Ki,6.698970
JPKJFRLOQQTEPW-UHFFFAOYSA-N,2016,Ki,7.903090
JPLZGZBACZPXMR-UHFFFAOYSA-N,2021,Ki,5.960586
JPLZGZBACZPXMR-UHFFFAOYSA-N,2021,Ki,5.959999
JPNVWOLGTXJVFQ-XUTJKUGGSA-N,2023,Ki,6.214670
JPOKVZABMSIDPD-UHFFFAOYSA-N,2020,IC50,5.221849
JPPBOAXRPOZEIY-AWEZNQCLSA-N,2022,Ki,7.337242
JPSSDJSKUUWHMS-CYGODWOOSA-N,2008,Ki,5.684030
JPTJNKGXZCFAFQ-UHFFFAOYSA-N,2002,Ki,5.958607
JPTSMZMSIACDAD-UHFFFAOYSA-N,2012,Ki,8.275724
JPTSMZMSIACDAD-UHFFFAOYSA-N,2014,Ki,8.055517
JPTSMZMSIACDAD-UHFFFAOYSA-N,2019,Kd,9.100015
JPTSMZMSIACDAD-UHFFFAOYSA-N,2019,Ki,8.969805
JPVBGGFMPCPVDU-JUUMZCOKSA-N,2013,Ki,6.149109
JPVMIUGEXNCGFO-UHFFFAOYSA-N,2019,IC50,7.879426
JPVMIUGEXNCGFO-UHFFFAOYSA-N,2019,IC50,9.172631
JPWJEOXRYREVNQ-SNAWJCMRSA-N,2021,Ki,6.897223
JPWJEOXRYREVNQ-SNAWJCMRSA-N,2021,Ki,6.900009
JPWJEOXRYREVNQ-SNAWJCMRSA-N,2021,EC50,7.749580
JPWJEOXRYREVNQ-SNAWJCMRSA-N,2021,EC50,7.750068
JPWJEOXRYREVNQ-SNAWJCMRSA-N,2021,EC50,7.403403
JPWJEOXRYREVNQ-SNAWJCMRSA-N,2021,EC50,7.530031
JPXQQLVVAAHNSC-UHFFFAOYSA-N,2016,Ki,5.836839
JPXQQLVVAAHNSC-UHFFFAOYSA-N,2016,Ki,5.840000
JPZJTCUPRQKHCW-UHFFFAOYSA-N,2010,Ki,8.006123
JQBHQHNVJCDNEL-PYDOFHOQSA-N,2021,Ki,6.430626
JQBHQHNVJCDNEL-SLHLXQHXSA-N,2019,Ki,7.056505
JQBHQHNVJCDNEL-SLHLXQHXSA-N,2019,Ki,5.793174
JQBHQHNVJCDNEL-SLHLXQHXSA-N,2021,Ki,7.056505
JQBHQHNVJCDNEL-SLHLXQHXSA-N,2021,Ki,5.793174
JQBHQHNVJCDNEL-XLJIZYSNSA-N,2019,Ki,6.080399
JQBHQHNVJCDNEL-XLJIZYSNSA-N,2019,Ki,4.151195
JQBHQHNVJCDNEL-XLJIZYSNSA-N,2021,Ki,6.080399
JQBHQHNVJCDNEL-XLJIZYSNSA-N,2021,Ki,4.151195
JQBHQHNVJCDNEL-ZCLRBYCSSA-N,2019,Ki,6.974694
JQBHQHNVJCDNEL-ZCLRBYCSSA-N,2019,Ki,5.081970
JQBQMMRMPNXBDP-MGFGWZDJSA-N,2003,Ki,6.499997
JQBYEGVGELAAOI-UHFFFAOYSA-N,2002,Ki,4.552842
JQBYEGVGELAAOI-UHFFFAOYSA-N,2002,Ki,4.619789
JQCALUODVNXQRL-UHFFFAOYSA-N,2002,Ki,6.866461
JQGRSOUGXXQUQI-UHFFFAOYSA-N,2009,Ki,7.096910
JQGRSOUGXXQUQI-UHFFFAOYSA-N,2009,IC50,5.804100
JQHNICFXWDNWAO-UHFFFAOYSA-N,2021,Ki,8.148742
JQHSYAQISCFWOK-UHFFFAOYSA-N,2003,EC50,9.154902
JQHSYAQISCFWOK-ZDUSSCGKSA-N,2022,Ki,8.698970
JQJZAUBSLUYDAA-UHFFFAOYSA-N,2002,Ki,5.022276
JQJZAUBSLUYDAA-UHFFFAOYSA-N,2002,Ki,5.036212
JQMOQEGMADHTMB-KESTWPANSA-N,2014,Ki,6.729088
JQMTWXCZSMHLMS-UHFFFAOYSA-N,2017,Ki,5.917933
JQMTWXCZSMHLMS-UHFFFAOYSA-N,2018,Ki,5.917933
JQQWLXXUXOPSDP-UHFFFAOYSA-N,1999,Ki,5.599999
JQSRFMXTGAVHIR-UHFFFAOYSA-N,2012,EC50,8.795880
JQSRFMXTGAVHIR-UHFFFAOYSA-N,2012,Ki,8.920819
JQSRFMXTGAVHIR-UHFFFAOYSA-N,2015,Ki,8.920819
JQSRFMXTGAVHIR-UHFFFAOYSA-N,2015,EC50,7.886057
JQSRFMXTGAVHIR-UHFFFAOYSA-N,2015,EC50,8.481486
JQSRFMXTGAVHIR-UHFFFAOYSA-N,2015,Ki,8.585027
JQXMVFBXXAKVDC-NRFANRHFSA-N,2017,Ki,9.200659
JQXMVFBXXAKVDC-NRFANRHFSA-N,2017,Ki,9.124939
JQXMVFBXXAKVDC-NRFANRHFSA-N,2017,EC50,8.698970
JQXMVFBXXAKVDC-NRFANRHFSA-N,2017,EC50,7.590067
JQXMVFBXXAKVDC-NRFANRHFSA-N,2017,EC50,9.522879
JQXMVFBXXAKVDC-NRFANRHFSA-N,2017,EC50,9.214670
JQXMVFBXXAKVDC-NRFANRHFSA-N,2017,EC50,9.091515
JQXMVFBXXAKVDC-NRFANRHFSA-N,2017,EC50,9.886057
JQXMVFBXXAKVDC-NRFANRHFSA-N,2017,EC50,9.958607
JQXMVFBXXAKVDC-NRFANRHFSA-N,2017,EC50,7.863279
JQXMVFBXXAKVDC-NRFANRHFSA-N,2017,EC50,7.798603
JQXMVFBXXAKVDC-NRFANRHFSA-N,2017,EC50,8.522879
JQXMVFBXXAKVDC-NRFANRHFSA-N,2017,EC50,7.585027
JQXMVFBXXAKVDC-NRFANRHFSA-N,2017,EC50,8.689944
JQXMVFBXXAKVDC-OAQYLSRUSA-N,2017,Ki,6.920819
JQXMVFBXXAKVDC-OAQYLSRUSA-N,2017,Ki,7.318759
JQXMVFBXXAKVDC-OAQYLSRUSA-N,2017,EC50,8.259637
JQXMVFBXXAKVDC-OAQYLSRUSA-N,2017,EC50,8.060481
JQXMVFBXXAKVDC-OAQYLSRUSA-N,2017,EC50,8.017729
JQXMVFBXXAKVDC-OAQYLSRUSA-N,2017,EC50,8.769551
JQXMVFBXXAKVDC-OAQYLSRUSA-N,2017,EC50,8.657577
JQXMVFBXXAKVDC-OAQYLSRUSA-N,2017,EC50,7.008774
JQXMVFBXXAKVDC-OAQYLSRUSA-N,2017,EC50,7.214670
JQXMVFBXXAKVDC-OAQYLSRUSA-N,2017,EC50,6.661544
JQYQPEJUUNSONE-AMRODCSASA-N,2015,Ki,7.074688
JRBGFUMWOKMSLK-UHFFFAOYSA-N,2008,Ki,7.110026
JRBXXARYECIAQB-UHFFFAOYSA-N,2020,Ki,4.185087
JRCIDJCJKJDOSJ-UHFFFAOYSA-N,2015,Ki,6.366532
JREWRGYSZHHIJM-UHFFFAOYSA-N,2015,Ki,6.372634
JRFXDRYERZNJFJ-UHFFFAOYSA-N,2001,Ki,7.552842
JRGFVHLIOFAJGN-UHFFFAOYSA-N,2022,Ki,6.112383
JRHZMBFEPWEZFP-UHFFFAOYSA-N,2005,Ki,7.036212
JRIJSUZYSFOPFI-UHFFFAOYSA-N,2016,Ki,6.399997
JRIJSUZYSFOPFI-UHFFFAOYSA-N,2019,Ki,6.619789
JRIJSUZYSFOPFI-UHFFFAOYSA-N,2019,Ki,6.429457
JRIJSUZYSFOPFI-UHFFFAOYSA-N,2020,Ki,6.619789
JRIJSUZYSFOPFI-UHFFFAOYSA-N,2020,Ki,6.429457
JRKCKOYEMVTKCR-OGAOHHHESA-N,2000,Ki,6.099999
JRPGEMWAJXMXHL-UHFFFAOYSA-N,1994,Ki,6.410050
JRQAGUNVYLGWCD-UHFFFAOYSA-N,2019,IC50,6.935542
JRVSGBSKZMZOOC-UHFFFAOYSA-N,2011,Ki,6.399027
JRYNLQPPXGHRTN-UHFFFAOYSA-N,2019,Ki,7.251812
JRYNLQPPXGHRTN-UHFFFAOYSA-N,2019,Ki,7.250032
JSEGPLRTWBZZOJ-WGSAOQKQSA-N,2013,Ki,5.870632
JSFQLFQOTKBFHL-UHFFFAOYSA-N,2016,Ki,7.913640
JSFVESKREDQPEC-OAQYLSRUSA-N,1994,Ki,7.221849
JSFVESKREDQPEC-OAQYLSRUSA-N,1994,Ki,7.537602
JSGNRGPOORCANZ-SDNWHVSQSA-N,2015,Ki,7.721246
JSGNRGPOORCANZ-SDNWHVSQSA-N,2015,Ki,8.537602
JSGXAYKHXNUQAX-UHFFFAOYSA-N,2009,Ki,6.657577
JSGXAYKHXNUQAX-UHFFFAOYSA-N,2009,Ki,6.795880
JSJOIAGWCLDVRP-UHFFFAOYSA-N,2010,Ki,7.599980
JSLMTFYETLYWOJ-UHFFFAOYSA-N,2019,IC50,7.962574
JSLOZIRNJAUGHY-UHFFFAOYSA-N,2023,Ki,6.578396
JSOOBIHCFROWDG-UHFFFAOYSA-N,1999,Ki,6.958607
JSSVAHJXBGMKKR-GMAHTHKFSA-N,2003,Ki,7.585027
JSVQMWDVJKCFFX-UHFFFAOYSA-N,2023,EC50,5.130768
JSYJUUGAOMCCSL-UHFFFAOYSA-N,2019,Ki,7.261219
JTAHZZXPELHTSL-UHFFFAOYSA-N,2003,Ki,6.193142
JTARFZSNUAGHRB-UHFFFAOYSA-N,2024,Ki,5.010300
JTAWXZPSQGLYQG-UHFFFAOYSA-N,1999,Ki,6.000000
JTBUMIDWZWHPHA-NQWOSTQESA-N,2014,Ki,7.668168
JTCAGRAKUAAYDY-OAHLLOKOSA-N,2021,Ki,5.426432
JTCAGRAKUAAYDY-OAHLLOKOSA-N,2021,Ki,5.400000
JTCAGRAKUAAYDY-OAHLLOKOSA-N,2023,Ki,5.426432
JTDLIQGTHPBQQA-UHFFFAOYSA-N,2019,IC50,7.663540
JTENRKUQAXBDKF-UHFFFAOYSA-N,2020,Ki,6.434152
JTEPYGAPOJEYIA-UHFFFAOYSA-N,2011,Ki,7.679854
JTFGONAIGJAYQD-UHFFFAOYSA-N,1997,Ki,5.595166
JTFHPPAFIYXSHF-UHFFFAOYSA-N,2010,Ki,7.455932
JTHIHYSTZWMMQN-UHFFFAOYSA-N,2010,Ki,7.651695
JTHIHYSTZWMMQN-UHFFFAOYSA-N,2016,Ki,7.649946
JTHVEMXEJRSLPM-UHFFFAOYSA-N,2009,Ki,6.799998
JTHXHSNJAJMWTQ-UHFFFAOYSA-N,1999,Ki,6.214670
JTHXHSNJAJMWTQ-UHFFFAOYSA-N,1999,Ki,6.494850
JTIDLYYTBZEHGF-UHFFFAOYSA-N,2019,IC50,5.306273
JTJUCUMXKUPFBQ-UHFFFAOYSA-N,2007,Ki,6.573489
JTJUCUMXKUPFBQ-UHFFFAOYSA-N,2007,EC50,7.801343
JTJUCUMXKUPFBQ-UHFFFAOYSA-N,2014,IC50,7.801343
JTLCTTWVUAIQHD-UHFFFAOYSA-N,2002,IC50,8.059982
JTLCTTWVUAIQHD-UHFFFAOYSA-N,2002,IC50,8.059982
JTLPQCZWUVHUDG-MEMLXQNLSA-N,2023,Ki,7.166853
JTMYPGNBDACXLP-AFARHQOCSA-N,2013,Ki,5.565751
JTNWBETZFAYPGW-WWVIOMAKSA-N,2015,Ki,7.329754
JTOJOXGQNGJXCT-UHFFFAOYSA-N,2019,Ki,6.749995
JTVPZMFULRWINT-UHFFFAOYSA-N,,IC50,5.909389
JTVPZMFULRWINT-UHFFFAOYSA-N,,Ki,6.386158
JTYRRLWDWNUVPG-UHFFFAOYSA-N,2015,Ki,6.832683
JUAVLXRBQKTSPW-ALOJWSFFSA-N,2013,Ki,6.933301
JUBHIUPHTRPIHX-UHFFFAOYSA-N,2023,Ki,7.116907
JUBQDBNTYKHXPJ-UHFFFAOYSA-N,2021,IC50,5.480000
JUCOWYBTHHKLNZ-UHFFFAOYSA-N,2002,Ki,7.408935
JUDKAYYFYVHANR-GUROOMJWSA-N,2023,Ki,7.200659
JUDKOGFHZYMDMF-CQSZACIVSA-N,1998,Ki,5.019997
JUDKOGFHZYMDMF-CQSZACIVSA-N,1991,Ki,5.187087
JUDKOGFHZYMDMF-CQSZACIVSA-N,1996,Kd,5.022276
JUDKOGFHZYMDMF-CQSZACIVSA-N,1995,Ki,5.330683
JUDKOGFHZYMDMF-UHFFFAOYSA-N,1991,Ki,6.795880
JUDKOGFHZYMDMF-UHFFFAOYSA-N,1991,Ki,5.055517
JUDKOGFHZYMDMF-UHFFFAOYSA-N,2009,Ki,3.142668
JUDRYUBHCDSXGX-UHFFFAOYSA-N,2019,IC50,7.032920
JUGAZHWPSRXJPG-UHFFFAOYSA-N,1993,Ki,5.000000
JUIQFSLMZIMPOO-AOJGPSJRSA-N,1997,Ki,6.469800
JUJJUAKPUFHLKF-UHFFFAOYSA-N,2014,Ki,6.610834
JUJJUAKPUFHLKF-UHFFFAOYSA-N,2014,Ki,6.754487
JUJJUAKPUFHLKF-UHFFFAOYSA-N,2014,IC50,6.551294
JUJJUAKPUFHLKF-UHFFFAOYSA-N,2014,Ki,6.525784
JUJJUAKPUFHLKF-UHFFFAOYSA-N,2017,Ki,6.525784
JUJJUAKPUFHLKF-UHFFFAOYSA-N,2018,Ki,6.525784
JULCETCXZSSJNN-IBGZPJMESA-N,2010,EC50,7.869666
JULCETCXZSSJNN-IBGZPJMESA-N,2010,Ki,7.238824
JUQLTPCYUFPYKE-UHFFFAOYSA-N,2024,Ki,6.735088
JUXYQVLOCMVIJF-UHFFFAOYSA-N,2001,Ki,6.581699
JUXYQVLOCMVIJF-UHFFFAOYSA-N,1998,Ki,6.581699
JUYYLWHRWKUUAY-UHFFFAOYSA-N,2020,Ki,6.653647
JUYYLWHRWKUUAY-UHFFFAOYSA-N,2022,Ki,6.653647
JVAVTGGGYFPSIB-UHFFFAOYSA-N,2009,Ki,5.132474
JVCDVUFRMRFRFP-UHFFFAOYSA-N,2020,EC50,5.886057
JVCDVUFRMRFRFP-UHFFFAOYSA-N,2023,EC50,5.886057
JVCDVUFRMRFRFP-UHFFFAOYSA-N,2023,EC50,5.886057
JVDGQVHTDDMTCM-UHFFFAOYSA-N,1991,Ki,3.091515
JVGBTTIJPBFLTE-UHFFFAOYSA-N,2024,Ki,8.173213
JVGDBVAGMMZAGB-YKSBVNFPSA-N,2016,Ki,5.650000
JVGDBVAGMMZAGB-YKSBVNFPSA-N,2016,Ki,5.729999
JVGMVZVCYZVQMN-IYARVYRRSA-N,2014,Ki,6.742297
JVGOJMPFDKELFD-UHFFFAOYSA-N,2008,Ki,8.107905
JVLDTZWMLFDIDQ-UHFFFAOYSA-N,2016,IC50,6.935542
JVMBIOQCKALKPB-UHFFFAOYSA-N,2010,Ki,7.607303
JVNXUQVOPMMEKB-UHFFFAOYSA-N,2013,Ki,6.644740
JVPFEJREBIUBMB-UHFFFAOYSA-N,2018,EC50,8.200659
JVPFEJREBIUBMB-UHFFFAOYSA-N,2021,Ki,7.920819
JVPFEJREBIUBMB-UHFFFAOYSA-N,2021,EC50,8.200659
JVTXPXRMOCVEDH-XYWHTSSQSA-N,2013,Ki,6.059882
JVYYIOXKIUYPJI-QZTJIDSGSA-N,2000,IC50,8.301030
JVZCJQBRRXZMQR-OXQOHEQNSA-N,2003,Ki,8.148742
JVZCJQBRRXZMQR-OXQOHEQNSA-N,2000,Ki,8.148742
JVZCJQBRRXZMQR-UZLBHIALSA-N,2003,Ki,7.148742
JVZCJQBRRXZMQR-UZLBHIALSA-N,2000,Ki,7.148742
JWBACCHTZDUJCB-IOASZLSFSA-N,2024,Ki,6.244125
JWBVNNFHWXWIGX-UHFFFAOYSA-N,2013,IC50,4.721246
JWBVNNFHWXWIGX-UHFFFAOYSA-N,2013,Ki,5.602060
JWEXFFPVADEULA-MGFGWZDJSA-N,2003,Ki,6.499997
JWFVGFMQWYTGRI-GOSISDBHSA-N,2020,Ki,8.759950
JWFVGFMQWYTGRI-SFHVURJKSA-N,2020,Ki,7.619970
JWLJBTDXCBIGBW-UHFFFAOYSA-N,1998,Ki,6.468521
JWPAYBAIIARWMG-UHFFFAOYSA-N,2016,Ki,5.360000
JWWLBNFBBLUIHS-UHFFFAOYSA-N,2018,Ki,6.270835
JWYUBODPEUBFLH-FSTMKDAKSA-N,2005,Ki,6.638272
JWZQTYLGRLCMJW-UHFFFAOYSA-N,2014,Ki,6.987796
JWZZKOKVBUJMES-UHFFFAOYSA-N,2016,Ki,4.318759
JWZZKOKVBUJMES-UHFFFAOYSA-N,2016,Ki,4.920819
JXBAEBMIKAIUEB-UHFFFAOYSA-N,2020,Ki,6.320572
JXBCWOBRVYSONW-OWOJBTEDSA-N,2005,Ki,7.359519
JXEOKFJSXAQOOQ-NDKRRWIDSA-N,2023,Ki,6.565431
JXJXUPSKYPWNKB-UHFFFAOYSA-N,2001,Ki,7.207608
JXNOGBVEQNMHDF-UHFFFAOYSA-N,2011,IC50,5.863597
JXPFVJLJUKGXQP-UHFFFAOYSA-N,1999,Ki,5.397940
JXPFVJLJUKGXQP-UHFFFAOYSA-N,1999,Ki,4.894490
JXSJIGMUFKVXOT-UHFFFAOYSA-N,2010,Ki,8.468521
JYAPUSNOOULIIG-UHFFFAOYSA-N,2022,Ki,6.148130
JYBLRFDZVBZKOY-UHFFFAOYSA-N,2015,Ki,6.853872
JYBLRFDZVBZKOY-UHFFFAOYSA-N,2015,Ki,7.091515
JYBLRFDZVBZKOY-UHFFFAOYSA-N,2015,EC50,6.009999
JYECEDKUXBIHSW-AREMUKBSSA-N,2017,Ki,7.261219
JYEKEEYIUIJIPG-UHFFFAOYSA-N,2007,Ki,6.005683
JYHPMRAWMPLJHU-UHFFFAOYSA-N,1993,Ki,6.259637
JYIFYWJACLGHFJ-UHFFFAOYSA-N,2019,Ki,4.185559
JYIJFUATJBLBJG-UHFFFAOYSA-N,2018,Ki,5.541060
JYIJOCUVGMIDDY-IEBWSBKVSA-N,2000,IC50,7.769551
JYKMFGDLZDHDBQ-UHFFFAOYSA-N,2021,Ki,7.337242
JYLNFWODPITKFP-UHFFFAOYSA-N,2007,Ki,6.599998
JYMJYHGKDBZGLV-UHFFFAOYSA-N,2016,Ki,8.000000
JYMJYHGKDBZGLV-UHFFFAOYSA-N,2019,Ki,7.978811
JYMJYHGKDBZGLV-UHFFFAOYSA-N,2020,Ki,7.978811
JYOIFSSKXBNYGV-UHFFFAOYSA-N,2012,Ki,6.886057
JYOIFSSKXBNYGV-UHFFFAOYSA-N,2012,Ki,7.045757
JYPDEXJCUSDKRF-UHFFFAOYSA-N,2014,Ki,5.886057
JYPYFLTYYNRKCH-UHFFFAOYSA-N,2019,Ki,6.847712
JYRJVXUHYYMJNJ-UHFFFAOYSA-N,2020,Ki,5.928118
JYTBEUORVGHEBI-UHFFFAOYSA-N,1997,Ki,6.111259
JYTBEUORVGHEBI-UHFFFAOYSA-N,2021,Ki,6.111259
JYXHIYUOPFXQIM-UHFFFAOYSA-N,2003,Ki,7.552842
JYXHLPARKLQLMN-YLJYHZDGSA-N,2000,IC50,6.609065
JYXPVNIIIHSWLZ-UHFFFAOYSA-N,2007,Ki,7.299989
JZCCFPRFOOIKRY-XXBNENTESA-N,2016,Ki,6.139998
JZFCVLOUYCGOPW-WKILWMFISA-N,2020,Ki,6.638272
JZFCVLOUYCGOPW-WKILWMFISA-N,2022,Ki,6.638272
JZHYUFZRYZRTGH-UHFFFAOYSA-N,2009,Ki,7.000000
JZITTWLVHKXCFK-UHFFFAOYSA-N,2017,Ki,8.481486
JZITTWLVHKXCFK-UHFFFAOYSA-N,2017,EC50,7.251812
JZKQROSAHVWKPB-UHFFFAOYSA-N,1999,Ki,6.499997
JZKXKHVOIUMWCS-UHFFFAOYSA-N,2001,Ki,5.599999
JZLLENPQJVOGOX-LJQANCHMSA-N,1999,Ki,7.124939
JZLLENPQJVOGOX-LJQANCHMSA-N,1999,Ki,7.183096
JZQOJABCZMOQTR-UHFFFAOYSA-N,2020,Ki,5.534617
JZRSBDBOBRIPIA-ZQHSETAFSA-N,2015,Ki,7.397940
JZRSBDBOBRIPIA-ZQHSETAFSA-N,2015,Ki,7.920819
JZSMSBPFOFGZLG-UHFFFAOYSA-N,2007,Ki,5.625252
JZWZIKZZZZQMOK-UHFFFAOYSA-N,2020,EC50,5.522879
JZZWTXIQHYXBKT-UHFFFAOYSA-N,2021,Ki,7.585027
KAAGJIUPRMXDTG-UHFFFAOYSA-N,2022,Ki,7.096910
KAAZGXDPUNNEFN-UHFFFAOYSA-N,2014,Ki,9.309804
KABDUBCLDIGZHS-UHFFFAOYSA-N,2016,Ki,5.536704
KADPHBZQZJDCJN-AFARHQOCSA-N,2017,Ki,8.346787
KADPHBZQZJDCJN-AFARHQOCSA-N,2017,Ki,8.346787
KAEBDVFJWYJWBA-UHFFFAOYSA-N,2009,Ki,8.500038
KAEBDVFJWYJWBA-UHFFFAOYSA-N,2009,Ki,8.500038
KAEYIPLTXHGZRS-QAQDUYKDSA-N,2013,Ki,6.162727
KAGSOBJQFAROBR-UHFFFAOYSA-N,2006,Ki,6.189096
KAHFZGUOPFFVHW-MEMLXQNLSA-N,2007,Ki,7.119186
KAHFZGUOPFFVHW-OYRHEFFESA-N,2007,Ki,7.376751
KAHXPONUPROIRS-UHFFFAOYSA-N,2016,Ki,6.189767
KAHXPONUPROIRS-UHFFFAOYSA-N,2016,Ki,6.190003
KAIYJBUQISWUCP-UHFFFAOYSA-N,2018,Ki,6.380907
KALVMJJXXTWNQX-GMAHTHKFSA-N,2003,Ki,7.821023
KAPNJGZVRYPTJW-UHFFFAOYSA-N,1996,EC50,9.301030
KAPVOFHRIOYFQH-UHFFFAOYSA-N,2010,Ki,7.920819
KARLVIFVRFFIOE-UHFFFAOYSA-N,2020,EC50,5.337242
KARLVIFVRFFIOE-UHFFFAOYSA-N,2023,EC50,5.337242
KATDCUORFQOJBY-QAPCUYQASA-N,2010,Ki,6.299998
KATJMALRFZLGNX-QUCCMNQESA-N,1998,Ki,7.356547
KAURFNYKOIEFHA-UHFFFAOYSA-N,2007,Ki,7.107905
KAXUQVAHOIHHMX-HFMPRLQTSA-N,2021,Ki,6.724228
KBBXDMBHEZSWNU-UHFFFAOYSA-N,2017,IC50,8.207608
KBDGMPYTNATHKA-UHFFFAOYSA-N,2002,Ki,6.357535
KBDQCTAMVLZQJL-BGYRXZFFSA-N,2007,Ki,6.716699
KBDQCTAMVLZQJL-MXVIHJGJSA-N,2007,Ki,6.943095
KBFMOHUYUYNYGP-WGSAOQKQSA-N,2017,Ki,8.332547
KBFMOHUYUYNYGP-WGSAOQKQSA-N,2017,Ki,8.332547
KBOFZHXMNBYFFH-UHFFFAOYSA-N,2019,IC50,6.316953
KBPAXMUQBHLMMA-UHFFFAOYSA-N,2011,EC50,6.356547
KBPAXMUQBHLMMA-UHFFFAOYSA-N,2011,Ki,7.795880
KBPAXMUQBHLMMA-UHFFFAOYSA-N,2011,Ki,7.795880
KBPQEKWHQJZFGJ-HRADTXOISA-N,2015,Ki,7.488117
KBQKZEHFDZLCGM-UHFFFAOYSA-N,2022,Ki,5.400000
KBQLQDPQEMFGCB-UHFFFAOYSA-N,2019,Ki,5.149967
KBSCSQTYTJMMEQ-UHFFFAOYSA-N,2021,Ki,6.187755
KBSCSQTYTJMMEQ-UHFFFAOYSA-N,2021,Ki,6.190003
KBVAEHJQNKKTNL-SFTDATJTSA-N,2017,Ki,5.640165
KBVKGDXJIDQBBH-UHFFFAOYSA-N,2008,Ki,3.068542
KBVUBEVDDDEKLM-UHFFFAOYSA-N,2021,Ki,8.698970
KBXQAHKIUBTDCL-DNVCBOLYSA-N,1999,Ki,6.346787
KBYDKOYJEQUBOE-NBGIEHNGSA-N,2010,Ki,7.100015
KBYDKOYJEQUBOE-UHFFFAOYSA-N,2010,Ki,7.100015
KCCBFGKNVMTXIQ-UHFFFAOYSA-N,2021,Ki,5.790000
KCCBFGKNVMTXIQ-UHFFFAOYSA-N,2021,Kd,10.826814
KCCBFGKNVMTXIQ-UHFFFAOYSA-N,2021,Kd,10.826814
KCDYLYMPNGUYNO-OXQOHEQNSA-N,2000,Ki,5.437707
KCDYLYMPNGUYNO-UZLBHIALSA-N,2000,Ki,5.097997
KCEQDWPBQZMSEE-UHFFFAOYSA-N,2020,Ki,5.316683
KCGVCOYGVSPQOS-UHFFFAOYSA-N,2019,IC50,7.239578
KCQGEEQDLXFPPZ-QGZVFWFLSA-N,1996,Ki,7.101275
KCQJHHZOOWJYBY-UKRRQHHQSA-N,1995,Ki,6.906578
KCWSSYYCEGZXTI-MEMLXQNLSA-N,2007,Ki,7.366532
KCWSSYYCEGZXTI-OYRHEFFESA-N,2007,Ki,7.036212
KDBGYTXPYZAGHW-UHFFFAOYSA-N,2017,Ki,6.348722
KDBGYTXPYZAGHW-UHFFFAOYSA-N,2018,Ki,6.348722
KDFKJOFJHSVROC-INIZCTEOSA-N,2013,Ki,7.040959
KDFKJOFJHSVROC-INIZCTEOSA-N,2017,Ki,7.378824
KDFKJOFJHSVROC-INIZCTEOSA-N,2024,Ki,7.378824
KDFKJOFJHSVROC-MRXNPFEDSA-N,2013,Ki,6.978811
KDFKJOFJHSVROC-UHFFFAOYSA-N,2016,Ki,6.991400
KDMBMLINAPXLCW-JXFKEZNVSA-N,2016,Ki,6.929999
KDMBMLINAPXLCW-UZLBHIALSA-N,2016,Ki,6.890017
KDMBMLINAPXLCW-UZLBHIALSA-N,2016,Ki,6.209996
KDMVVQOQEKIXTC-UHFFFAOYSA-N,2019,Ki,7.856985
KDYAMWXNWWOJBI-UHFFFAOYSA-N,2014,Ki,7.721246
KDYAMWXNWWOJBI-UHFFFAOYSA-N,2014,IC50,7.585027
KDYAMWXNWWOJBI-UHFFFAOYSA-N,2014,IC50,8.180456
KEAJISWSTUQSFY-UHFFFAOYSA-N,2007,Ki,7.007005
KEBTXYVUUJRQQZ-UHFFFAOYSA-N,2019,Ki,7.346787
KEBTXYVUUJRQQZ-UHFFFAOYSA-N,2019,Ki,7.657577
KECLJXDGQOFDIE-JCNLHEQBSA-N,2019,EC50,7.065502
KECLJXDGQOFDIE-JCNLHEQBSA-N,2019,EC50,6.694649
KECLJXDGQOFDIE-JCNLHEQBSA-N,2019,EC50,7.070019
KECLJXDGQOFDIE-JCNLHEQBSA-N,2019,EC50,6.690008
KEDXCWCMWDUDDF-UHFFFAOYSA-N,2024,Ki,5.114243
KEEGXVFJVTVUHS-UHFFFAOYSA-N,2020,Ki,5.304693
KEEGXVFJVTVUHS-UHFFFAOYSA-N,2022,Ki,5.304693
KEEGXVFJVTVUHS-UHFFFAOYSA-N,2022,Ki,5.585027
KEEXCUUQRQNRNF-UHFFFAOYSA-N,2010,Ki,8.508638
KEFPLNQTZDBPPV-UHFFFAOYSA-N,2007,Ki,7.166853
KEFPLNQTZDBPPV-UHFFFAOYSA-N,2007,EC50,7.459671
KEGYOUUWACRVPZ-LWFXZEMVSA-N,2015,Kd,5.698970
KEOJOHYWCQCCER-UHFFFAOYSA-N,2009,Ki,5.698970
KEOJOHYWCQCCER-UHFFFAOYSA-N,2009,Ki,6.113509
KERODJLVCVZLOA-UHFFFAOYSA-N,2014,Ki,5.730254
KERODJLVCVZLOA-UHFFFAOYSA-N,2014,Ki,5.700001
KERODJLVCVZLOA-UHFFFAOYSA-N,2021,Ki,5.730254
KERODJLVCVZLOA-UHFFFAOYSA-N,2021,Ki,5.700001
KERPVCHNBDHHAB-IYARVYRRSA-N,2020,Ki,6.508638
KERPVCHNBDHHAB-IYARVYRRSA-N,2022,Ki,6.508638
KESPBTDDQDBERC-UHFFFAOYSA-N,2006,Ki,7.013228
KESPBTDDQDBERC-UHFFFAOYSA-N,2006,Ki,7.055517
KFIJYBXSQREASD-UHFFFAOYSA-N,2016,Ki,6.798603
KFJWHJLUTALKOZ-UHFFFAOYSA-N,2006,Ki,5.437945
KFMBPIZMZUDONQ-UHFFFAOYSA-N,2002,Ki,7.060481
KFMBPIZMZUDONQ-UHFFFAOYSA-N,2002,Ki,7.283997
KFMBPIZMZUDONQ-UHFFFAOYSA-N,2007,Ki,7.059982
KFMBPIZMZUDONQ-UHFFFAOYSA-N,2010,Ki,7.022276
KFMBPIZMZUDONQ-UHFFFAOYSA-N,2010,Ki,7.142668
KFMBPIZMZUDONQ-UHFFFAOYSA-N,2015,Ki,7.602060
KFMWSHDUFMIMRO-UHFFFAOYSA-N,2016,Ki,6.399997
KFMWSHDUFMIMRO-UHFFFAOYSA-N,2019,Ki,6.420216
KFMWSHDUFMIMRO-UHFFFAOYSA-N,2020,Ki,6.420216
KFOXMHFDNRTETJ-UHFFFAOYSA-N,2010,Ki,9.221849
KFPZVRTVZVHBSM-UHFFFAOYSA-N,2001,Ki,5.950782
KFQYTPMOWPVWEJ-INIZCTEOSA-N,2002,Ki,10.221849
KFQYTPMOWPVWEJ-INIZCTEOSA-N,1996,Ki,7.698970
KFQYTPMOWPVWEJ-INIZCTEOSA-N,1996,Ki,10.221849
KFQYTPMOWPVWEJ-INIZCTEOSA-N,2014,EC50,9.154902
KFQYTPMOWPVWEJ-INIZCTEOSA-N,2017,EC50,8.387216
KFQYTPMOWPVWEJ-INIZCTEOSA-N,2017,EC50,8.494850
KFQYTPMOWPVWEJ-INIZCTEOSA-N,2017,EC50,8.356547
KFSLSGOKEPGUIN-UTKZUKDTSA-N,2019,Ki,5.630042
KFUGNQAXLKYRFD-UHFFFAOYSA-N,2013,IC50,5.920819
KFUGNQAXLKYRFD-UHFFFAOYSA-N,2013,Ki,6.309804
KFWGIYRNIFINTL-MXVIHJGJSA-N,1998,Ki,8.221849
KFWJKLDOLDILRK-NOZRDPDXSA-N,2020,Ki,5.940058
KFWJKLDOLDILRK-UHFFFAOYSA-N,2020,Ki,5.676748
KFWJKLDOLDILRK-UKILVPOCSA-N,2020,Ki,6.170053
KFWSEMIBLPIBOC-UHFFFAOYSA-N,2010,Ki,9.000000
KFYDJOCWGSDKIF-UHFFFAOYSA-N,2013,Ki,7.021363
KGBITRQPRBXBFJ-MXVIHJGJSA-N,1997,Ki,6.752027
KGCZEOUXHSFHJT-AWEZNQCLSA-N,2020,Ki,6.770011
KGCZEOUXHSFHJT-CQSZACIVSA-N,2020,Ki,7.250032
KGEGCSUUIDNIBO-UHFFFAOYSA-N,2011,Ki,7.769551
KGEGCSUUIDNIBO-UHFFFAOYSA-N,2011,Ki,8.086186
KGFRNHHUAVUXQB-UHFFFAOYSA-N,2014,Ki,6.040959
KGFRNHHUAVUXQB-UHFFFAOYSA-N,2014,Ki,6.040000
KGFWRFDEYGDLSQ-UHFFFAOYSA-N,2016,Ki,6.358526
KGGHECZDYBMALC-UHFFFAOYSA-N,2021,Ki,5.460000
KGGHECZDYBMALC-UHFFFAOYSA-N,2021,Kd,10.826814
KGGHECZDYBMALC-UHFFFAOYSA-N,2021,Kd,10.826814
KGGHECZDYBMALC-UHFFFAOYSA-N,2021,EC50,5.849999
KGGNZLZXTLOUCL-UHFFFAOYSA-N,2020,Ki,5.996971
KGGNZLZXTLOUCL-UHFFFAOYSA-N,2022,Ki,5.996971
KGHICJQDLKRYCB-AFARHQOCSA-N,2013,Ki,6.193413
KGJDHBDNYIVRSF-UHFFFAOYSA-N,2010,Ki,9.050122
KGMNPYRERCCGKH-UHFFFAOYSA-N,2012,Ki,6.281498
KGMVEMHKBMNSJG-UHFFFAOYSA-N,1999,Ki,6.799998
KGNGZUOBKTUHGP-UHFFFAOYSA-N,2016,Ki,7.555955
KGPBMAROMMRKCL-UHFFFAOYSA-N,2016,Ki,6.823909
KGPBZECHWRAGLN-UHFFFAOYSA-N,2007,Ki,6.889410
KGPBZECHWRAGLN-UHFFFAOYSA-N,2007,EC50,7.078834
KGQVGHYBVLHORN-UHFFFAOYSA-N,2014,Ki,7.000000
KGVROJQOCQABGA-UHFFFAOYSA-N,2008,Ki,6.499997
KGWRWVLYGMASQA-UHFFFAOYSA-N,2020,IC50,5.552842
KGXORSYQQWGACD-UHFFFAOYSA-N,2004,Ki,6.481486
KGZLHIUAOKRDKJ-UHFFFAOYSA-N,2012,Ki,7.443697
KGZXVJFWNYBRFY-UHFFFAOYSA-N,2017,EC50,6.869666
KHDCGMWSBNKZBB-UHFFFAOYSA-N,1999,Ki,6.299998
KHEBQTBTKXEQAN-UHFFFAOYSA-N,2014,Ki,6.920819
KHEBQTBTKXEQAN-UHFFFAOYSA-N,2014,Ki,7.207608
KHFMDVNAASXQQK-UHFFFAOYSA-N,2011,Ki,7.669586
KHFRVSBPNUGGOX-UHFFFAOYSA-N,2012,Ki,7.075721
KHGQUBQJPRFGKU-UHFFFAOYSA-N,1995,Ki,5.852942
KHGQUBQJPRFGKU-UHFFFAOYSA-N,2013,Ki,5.852942
KHNMKPXPIOAOHB-WPWMEQJKSA-N,2017,Ki,8.468521
KHNMKPXPIOAOHB-WPWMEQJKSA-N,2017,Ki,8.795880
KHNMKPXPIOAOHB-WPWMEQJKSA-N,2017,Ki,8.886057
KHNMKPXPIOAOHB-WPWMEQJKSA-N,2017,Ki,9.267606
KHNMKPXPIOAOHB-WPWMEQJKSA-N,2017,EC50,7.154902
KHNMKPXPIOAOHB-WPWMEQJKSA-N,2017,EC50,7.337242
KHNMKPXPIOAOHB-WPWMEQJKSA-N,2017,EC50,7.236572
KHNMKPXPIOAOHB-WPWMEQJKSA-N,2017,EC50,7.259637
KHNRAYBLMYKIRA-UHFFFAOYSA-N,2007,Ki,6.725842
KHNRAYBLMYKIRA-UHFFFAOYSA-N,2007,EC50,6.779892
KHORMSFWFAFWPW-UHFFFAOYSA-N,2017,Ki,7.677781
KHORMSFWFAFWPW-UHFFFAOYSA-N,2018,Ki,7.677781
KHPGADABEDKFQQ-UHFFFAOYSA-N,2010,Ki,9.207608
KHPIIHSTQOPLRB-IFMALSPDSA-N,2021,Ki,6.229885
KHPOIBBWMVNTMI-WFXMLNOXSA-N,2021,Ki,7.027334
KHQGQEHXELFETD-UHFFFAOYSA-N,2016,IC50,7.638272
KHTVRVDYYAMNRK-UHFFFAOYSA-N,1996,EC50,8.008774
KHUCLHFXODHNCM-UHFFFAOYSA-N,2023,Ki,5.871601
KHUCLHFXODHNCM-UHFFFAOYSA-N,2023,Ki,5.870001
KHUCLHFXODHNCM-UHFFFAOYSA-N,2023,EC50,5.654626
KHUCLHFXODHNCM-UHFFFAOYSA-N,2023,EC50,5.650000
KHUCLHFXODHNCM-UHFFFAOYSA-N,2023,EC50,6.285670
KHUCLHFXODHNCM-UHFFFAOYSA-N,2023,EC50,6.290001
KHUQUWFRCNWUQH-WGSAOQKQSA-N,2016,Ki,8.552842
KHZXHSDJSMNYBO-UHFFFAOYSA-N,2012,Ki,7.084073
KIAANALRJGLJFT-UHFFFAOYSA-N,2011,Ki,7.567031
KIDLIVLNXRZSJP-BPARTEKVSA-N,2019,Ki,6.679854
KIDLIVLNXRZSJP-KNQAVFIVSA-N,2016,Ki,6.270001
KIDWAXFQMIFGTA-UHFFFAOYSA-N,2016,Ki,6.795880
KILHLNJNPKNQHO-UHFFFAOYSA-N,1995,Ki,5.463694
KIPATHUGBIVLFZ-UHFFFAOYSA-N,2020,IC50,5.013228
KIPATHUGBIVLFZ-UHFFFAOYSA-N,2023,IC50,5.013228
KIPATHUGBIVLFZ-UHFFFAOYSA-N,2023,IC50,5.013228
KIRKSXHWZHQUBF-PGJPKGLCSA-N,2014,Ki,6.175874
KIRKSXHWZHQUBF-YJIPECKFSA-N,2014,Ki,6.205512
KIRVGEZJDUEMOH-RZJSWYKGSA-N,2023,Ki,5.823909
KIWCIUSCRQIWET-UHFFFAOYSA-N,2002,Ki,7.638272
KIXDFGLGWRVXHJ-UHFFFAOYSA-N,2002,Ki,5.653647
KIZBUXGNTYZANG-UHFFFAOYSA-N,2009,Ki,5.872571
KJARUWIFRQEXIR-FQEVSTJZSA-N,2023,Ki,5.826522
KJBBTZPIHNWETK-UHFFFAOYSA-N,2016,Ki,6.038579
KJBBTZPIHNWETK-UHFFFAOYSA-N,2016,Ki,6.090000
KJEOOSAJFDVYPE-UHFFFAOYSA-N,2023,Ki,6.098542
KJGVUIDYJFKRAS-UHFFFAOYSA-N,2020,Ki,6.585027
KJGVUIDYJFKRAS-UHFFFAOYSA-N,2022,Ki,6.585027
KJIJBYGPXHPNJY-UHFFFAOYSA-N,2004,Ki,5.207608
KJOFXQKVGTXQTK-IYARVYRRSA-N,1997,Ki,9.221849
KJOFXQKVGTXQTK-UHFFFAOYSA-N,1997,Ki,7.744727
KJUKPXSKIBFZAX-UHFFFAOYSA-N,2014,Ki,6.769551
KJWQBYGNNGUYBM-UHFFFAOYSA-N,2014,Ki,7.698970
KKHDVTQDKZDTLG-UHFFFAOYSA-N,2022,Ki,6.555955
KKJIMDAMMQSFSZ-OWOJBTEDSA-N,2017,EC50,7.179142
KKKVTQFKSDZRGJ-CRHQVGFKSA-N,2022,Ki,6.537602
KKKVTQFKSDZRGJ-VLMCNUBESA-N,2022,Ki,6.136677
KKKVUEKZGIPXTH-UHFFFAOYSA-N,2023,Ki,6.225483
KKOAHOJCVVPWLC-UHFFFAOYSA-N,2014,Ki,7.251812
KKOHBMTWLWZNIQ-UHFFFAOYSA-N,2023,Ki,6.275724
KKOVIGNMWZIDFQ-UHFFFAOYSA-N,2023,Ki,6.522879
KKPAMHAGPCJOBO-NRFANRHFSA-N,2004,Ki,7.154902
KKPAMHAGPCJOBO-OAQYLSRUSA-N,2004,Ki,7.026872
KKQCHXVFAAYWMK-GPJQFGOVSA-N,2020,Ki,5.853872
KKQCHXVFAAYWMK-GPJQFGOVSA-N,2022,Ki,5.853872
KKSPKLQCAGWNKZ-UHFFFAOYSA-N,2001,Ki,6.661544
KKTITOSWJRVWOF-ONEGZZNKSA-N,2005,Ki,6.826814
KKTITOSWJRVWOF-ONEGZZNKSA-N,2005,Ki,6.826814
KKTITOSWJRVWOF-ONEGZZNKSA-N,2005,Ki,6.610834
KKTITOSWJRVWOF-ONEGZZNKSA-N,2005,IC50,6.595166
KKWPMHXVKZSRAO-UHFFFAOYSA-N,2021,Ki,4.991400
KKWWZCBHIFWDNY-UHFFFAOYSA-N,2017,Ki,6.744727
KKZGFVAZUKHFAC-MRXNPFEDSA-N,1998,Ki,6.455932
KKZGFVAZUKHFAC-UHFFFAOYSA-N,1991,Ki,7.721246
KKZGFVAZUKHFAC-UHFFFAOYSA-N,1991,Ki,4.677781
KLBQZWRITKRQQV-UHFFFAOYSA-N,2003,Ki,7.568636
KLBQZWRITKRQQV-UHFFFAOYSA-N,,IC50,7.455932
KLBQZWRITKRQQV-UHFFFAOYSA-N,,Ki,7.920819
KLBQZWRITKRQQV-UHFFFAOYSA-N,2020,Ki,8.096910
KLCDWOVKIZMAPZ-UHFFFAOYSA-N,2023,Ki,7.337242
KLCDWOVKIZMAPZ-UHFFFAOYSA-N,2023,Ki,7.744727
KLFRUTOTKKRLHR-UHFFFAOYSA-N,2010,EC50,7.279014
KLNKJWNIWSXCQK-UHFFFAOYSA-N,2006,Ki,5.750557
KLNLTJFTGMITBV-UHFFFAOYSA-N,2017,IC50,7.436519
KLQDZSYTMPJBBU-DYESRHJHSA-N,2016,Ki,6.099999
KLQDZSYTMPJBBU-DYESRHJHSA-N,2019,Ki,6.879426
KLQDZSYTMPJBBU-LFABVHOISA-N,2019,Ki,6.279841
KLQDZSYTMPJBBU-UTKZUKDTSA-N,2016,Ki,6.279998
KLQDZSYTMPJBBU-UTKZUKDTSA-N,2016,Ki,6.299998
KLQDZSYTMPJBBU-UWJYYQICSA-N,2016,Ki,6.290001
KLQDZSYTMPJBBU-UWJYYQICSA-N,2016,Ki,6.009999
KLQDZSYTMPJBBU-UWJYYQICSA-N,2019,Ki,7.019997
KLTMOUQCSMUREL-UHFFFAOYSA-N,2013,Ki,6.236572
KLTMOUQCSMUREL-UHFFFAOYSA-N,2013,Ki,6.199998
KLTVYCHNHMTZNG-WGSAOQKQSA-N,2013,Ki,6.000130
KLUQJNMZPFJSGW-UHFFFAOYSA-N,1998,IC50,6.118615
KLVPAOMLKHDXNT-UHFFFAOYSA-N,2019,Ki,5.289967
KLWCGZRXATXKMS-UHFFFAOYSA-N,2006,Ki,5.004365
KLWCGZRXATXKMS-UHFFFAOYSA-N,2006,Ki,4.920819
KLXKCCCIYMYATJ-UHFFFAOYSA-N,2012,Ki,5.634325
KLXKCCCIYMYATJ-UHFFFAOYSA-N,2014,Ki,5.634325
KLYJLIQACDTALL-HSZRJFAPSA-N,2011,Ki,5.657577
KLYJLIQACDTALL-UHFFFAOYSA-N,2011,Ki,5.366532
KLZWBFTXUIUAEI-DEOSSOPVSA-N,2022,EC50,9.638272
KMGVERQIRHTKMX-MAKWBINYSA-N,2015,Kd,5.327902
KMIIKERMEYOZTK-PGWJBFNOSA-N,2022,Ki,7.443697
KMJHJQFJPSDYJD-SAABIXHNSA-N,2014,Ki,6.539553
KMKVUNHZQJHDJG-UHFFFAOYSA-N,2006,Ki,6.077275
KMOMTWGPDMMDNW-UHFFFAOYSA-N,2012,Ki,7.494850
KMPUTTSRRTYIRY-AQYVVDRMSA-N,2013,Ki,5.345823
KMPUUVTZQFSTEA-UHFFFAOYSA-N,2006,Ki,7.148742
KMPUUVTZQFSTEA-UHFFFAOYSA-N,2006,Ki,7.366532
KMPUUVTZQFSTEA-UHFFFAOYSA-N,2007,Ki,7.150028
KMQDRNRLOPUIKH-RUCARUNLSA-N,2020,Ki,5.823909
KMQDRNRLOPUIKH-RUCARUNLSA-N,2022,Ki,5.823909
KMQSPGDYXVNUDZ-ZDUSSCGKSA-N,2010,IC50,7.960189
KMTWVLYZPPJEHR-AHKZPQOWSA-N,2010,Ki,7.920819
KMVQZDOEGJZFKZ-UHFFFAOYSA-N,2003,Ki,6.481486
KMVWYPYWHLOVLW-UHFFFAOYSA-N,2012,Ki,7.173925
KMVWYPYWHLOVLW-UHFFFAOYSA-N,2012,Ki,7.187087
KMWWIPJCECUZFY-XSUJLISDSA-N,1999,Ki,10.173925
KMWWIPJCECUZFY-XSUJLISDSA-N,1999,Ki,6.721246
KMWWIPJCECUZFY-XSUJLISDSA-N,1999,Ki,9.707744
KMWWIPJCECUZFY-XSUJLISDSA-N,1999,Ki,6.585027
KMWWIPJCECUZFY-XSUJLISDSA-N,1999,Ki,10.301030
KMWWIPJCECUZFY-XSUJLISDSA-N,1999,Ki,6.725842
KMWWIPJCECUZFY-XSUJLISDSA-N,1999,Ki,10.045757
KMWWIPJCECUZFY-XSUJLISDSA-N,1999,Ki,6.675718
KMXCBWFCHIVUJL-UHFFFAOYSA-N,2022,Ki,5.493901
KNAFTDDIPPEGMH-UHFFFAOYSA-N,2016,Ki,6.499997
KNAFTDDIPPEGMH-UHFFFAOYSA-N,2019,Ki,6.718967
KNAFTDDIPPEGMH-UHFFFAOYSA-N,2020,Ki,6.718967
KNFUPQYGUNLNSF-UHFFFAOYSA-N,2019,Ki,5.535212
KNJPQUOOYYJYMY-UHFFFAOYSA-N,2019,Ki,5.630042
KNJYSVPTKHXEGZ-UHFFFAOYSA-N,2019,Ki,4.221892
KNKGKWINGHKSAD-HROJSSOGSA-N,2008,Ki,6.256490
KNNFMTJBIQTYSC-HRPITWIVSA-N,2003,Ki,7.500038
KNNFNZWUUKLWQS-UHFFFAOYSA-N,2014,Ki,8.721246
KNNFNZWUUKLWQS-UHFFFAOYSA-N,2014,Ki,8.744727
KNNGOUKDQBSIQK-UHFFFAOYSA-N,2022,Ki,6.259637
KNONQRYHXGQZPG-OAHLLOKOSA-N,2002,Ki,5.587876
KNQWZRSCBVNFCG-UHFFFAOYSA-N,2021,Ki,6.482804
KNRRIHFTWQMRNB-UHFFFAOYSA-N,1997,Ki,6.254925
KNRRIHFTWQMRNB-UHFFFAOYSA-N,2005,Ki,6.250001
KNWOHCMLVYZTJW-IYARVYRRSA-N,2013,Ki,6.107905
KNWVMRVOBAFFMH-HNNXBMFYSA-N,2013,Ki,6.669586
KNYXBOOAPFHWMJ-UHFFFAOYSA-N,2008,Ki,7.609065
KNYZEGFDNOILKJ-UHFFFAOYSA-N,2019,Kd,6.919987
KNYZEGFDNOILKJ-UHFFFAOYSA-N,2019,Ki,7.079981
KOCGSQKBNAQPDU-UHFFFAOYSA-N,2016,IC50,7.007005
KOFBMNJKMVTHSV-UHFFFAOYSA-N,2016,Ki,6.508638
KOFYUIUZURNMRL-UHFFFAOYSA-N,2009,Ki,4.397940
KOFYUIUZURNMRL-UHFFFAOYSA-N,2009,Ki,4.275724
KOGYKWMOOUGINB-UHFFFAOYSA-N,2007,Ki,6.782516
KOIIIBWVKNCMBP-UHFFFAOYSA-N,2021,Ki,6.260001
KOJCGDRJEPIJRS-UHFFFAOYSA-N,2008,IC50,6.000000
KOJQTECQJQQSSZ-NSCUHMNNSA-N,2005,Ki,7.407823
KOKVPXWLCVIJPN-UHFFFAOYSA-N,2015,Ki,5.917215
KOMBSQZUWFYWJG-UHFFFAOYSA-N,2017,Ki,8.638272
KONGZRYXSLUXFB-UHFFFAOYSA-N,2014,Ki,7.723538
KONGZRYXSLUXFB-UHFFFAOYSA-N,2014,Ki,7.720105
KONGZRYXSLUXFB-UHFFFAOYSA-N,2014,EC50,9.221849
KONGZRYXSLUXFB-UHFFFAOYSA-N,2014,EC50,9.219971
KOPPWFMKOOMORI-UHFFFAOYSA-N,2010,Ki,6.075204
KOPPWFMKOOMORI-UHFFFAOYSA-N,2010,Ki,6.406714
KORNTPPJEAJQIU-KJXAQDMKSA-N,2024,Ki,9.443697
KORNTPPJEAJQIU-KJXAQDMKSA-N,2024,Ki,9.443697
KOROIYSPUPOESH-UHFFFAOYSA-N,1996,Ki,6.399997
KOTITFQGTVUMBT-UHFFFAOYSA-N,2003,Ki,6.630005
KOUYZQIXUIGLHZ-UHFFFAOYSA-N,2017,Ki,6.078834
KOUYZQIXUIGLHZ-UHFFFAOYSA-N,2018,Ki,6.078834
KOVMYLKRTMAELX-ZWGSZDQZSA-N,2014,Ki,6.123488
KOZDJSANCQUJOB-UHFFFAOYSA-N,2015,Ki,7.346787
KOZDJSANCQUJOB-UHFFFAOYSA-N,2024,Ki,7.346787
KOZRBQCYGNKIJD-YZSQISJMSA-N,2007,Ki,5.086186
KPALBYLTRZDOII-UHFFFAOYSA-N,2022,Ki,6.886057
KPEURFNDOXZGIZ-UHFFFAOYSA-N,2013,Ki,7.583359
KPFBQVMYZMGXQK-UHFFFAOYSA-N,2008,Ki,7.026872
KPJZHOPZRAFDTN-ZRGWGRIASA-N,,IC50,6.093126
KPJZHOPZRAFDTN-ZRGWGRIASA-N,,Ki,6.570248
KPMLSODFRCJODQ-UAPYVXQJSA-N,2023,Ki,6.154902
KPPBABWZQDMBQM-UHFFFAOYSA-N,2023,Ki,5.616185
KPPBABWZQDMBQM-UHFFFAOYSA-N,2023,EC50,2.790485
KPPBABWZQDMBQM-UHFFFAOYSA-N,2023,IC50,4.616185
KPQQZVGMKIYWDG-SSEXGKCCSA-N,2017,Ki,6.906578
KPRWGLQDBYNALG-UHFFFAOYSA-N,2020,Ki,6.295849
KPRWGLQDBYNALG-UHFFFAOYSA-N,2023,Ki,6.295849
KPSCTAUZOJQHBV-NZQKXSOJSA-N,2010,Ki,6.799998
KPTJFDAGYOHPFI-UHFFFAOYSA-N,2018,Ki,5.891097
KPULVFIDUFPCCH-UHFFFAOYSA-N,2006,Ki,5.732828
KPWFNAZMRFBRMI-KESTWPANSA-N,2013,Ki,6.122283
KPWSJANDNDDRMB-CALCHBBNSA-N,2013,Ki,6.989997
KPWSJANDNDDRMB-CALCHBBNSA-N,2019,EC50,8.522879
KPWSJANDNDDRMB-CALCHBBNSA-N,2019,EC50,7.920819
KPWSJANDNDDRMB-CALCHBBNSA-N,2019,EC50,8.489991
KPWSJANDNDDRMB-CALCHBBNSA-N,2019,EC50,7.929962
KPWSJANDNDDRMB-QAQDUYKDSA-N,2012,Ki,8.244125
KPWSJANDNDDRMB-QAQDUYKDSA-N,2012,Ki,9.091515
KPWSJANDNDDRMB-QAQDUYKDSA-N,2013,Ki,7.750068
KPWSJANDNDDRMB-QAQDUYKDSA-N,2014,Ki,9.327902
KPWSJANDNDDRMB-QAQDUYKDSA-N,2014,Ki,9.387216
KPWSJANDNDDRMB-QAQDUYKDSA-N,2014,EC50,6.950007
KPWSJANDNDDRMB-QAQDUYKDSA-N,2014,EC50,6.958607
KPWSJANDNDDRMB-QAQDUYKDSA-N,2014,IC50,8.779892
KPWSJANDNDDRMB-QAQDUYKDSA-N,2014,IC50,8.769551
KPWSJANDNDDRMB-QAQDUYKDSA-N,2014,EC50,8.460046
KPWSJANDNDDRMB-QAQDUYKDSA-N,2016,Ki,8.886057
KPWSJANDNDDRMB-QAQDUYKDSA-N,2017,Ki,9.309804
KPWSJANDNDDRMB-QAQDUYKDSA-N,2017,Ki,9.161151
KPWSJANDNDDRMB-QAQDUYKDSA-N,2017,Ki,9.327902
KPWSJANDNDDRMB-QAQDUYKDSA-N,2017,Ki,9.387216
KPWSJANDNDDRMB-QAQDUYKDSA-N,2019,Ki,9.309804
KPWSJANDNDDRMB-QAQDUYKDSA-N,2019,EC50,9.397940
KPWSJANDNDDRMB-QAQDUYKDSA-N,2019,EC50,9.221849
KPWSJANDNDDRMB-QAQDUYKDSA-N,2019,EC50,9.349984
KPWSJANDNDDRMB-QAQDUYKDSA-N,2019,EC50,9.199971
KPWSJANDNDDRMB-QAQDUYKDSA-N,2021,Ki,9.309804
KPWSJANDNDDRMB-QAQDUYKDSA-N,2021,Ki,8.838632
KPWSJANDNDDRMB-QAQDUYKDSA-N,2021,Ki,8.840132
KPWSJANDNDDRMB-QAQDUYKDSA-N,2021,EC50,8.991400
KPWSJANDNDDRMB-QAQDUYKDSA-N,2021,EC50,8.990124
KPWSJANDNDDRMB-QAQDUYKDSA-N,2021,EC50,8.625252
KPWSJANDNDDRMB-QAQDUYKDSA-N,2021,EC50,8.630042
KPWSJANDNDDRMB-QAQDUYKDSA-N,2022,Ki,9.299989
KPWSJANDNDDRMB-QAQDUYKDSA-N,2021,EC50,9.744727
KPWSJANDNDDRMB-QAQDUYKDSA-N,2023,Ki,9.107905
KPWSJANDNDDRMB-QAQDUYKDSA-N,2023,EC50,8.869988
KPWSJANDNDDRMB-QAQDUYKDSA-N,2023,EC50,8.869666
KPWSJANDNDDRMB-QAQDUYKDSA-N,2023,EC50,8.869988
KPWSJANDNDDRMB-QAQDUYKDSA-N,2023,EC50,8.872895
KPWSJANDNDDRMB-QAQDUYKDSA-N,2024,Ki,8.195315
KPWSJANDNDDRMB-UHFFFAOYSA-N,2017,Ki,9.107905
KPZQRBACZSLMPH-UHFFFAOYSA-N,,IC50,4.775726
KPZQRBACZSLMPH-UHFFFAOYSA-N,,Ki,5.252821
KQAZKHAFHWSVKK-UHFFFAOYSA-N,2010,Ki,7.801343
KQAZKHAFHWSVKK-UHFFFAOYSA-N,2016,Ki,7.799971
KQBMPESAVRFKMZ-UHFFFAOYSA-N,2017,IC50,8.107905
KQBYIQCEQDXZFW-NSCUHMNNSA-N,2005,Ki,7.517126
KQBYIQCEQDXZFW-NSCUHMNNSA-N,2005,Ki,7.015473
KQBYIQCEQDXZFW-NSCUHMNNSA-N,2005,IC50,7.209012
KQBYIQCEQDXZFW-NSCUHMNNSA-N,2005,Ki,7.517126
KQBYIQCEQDXZFW-NSCUHMNNSA-N,2005,EC50,7.209012
KQHFMARZJJGTTG-UHFFFAOYSA-N,2019,Ki,6.772113
KQJHXQUMRFPEBH-UHFFFAOYSA-N,2002,Ki,7.522879
KQJHXQUMRFPEBH-UHFFFAOYSA-N,2002,Ki,7.602060
KQJHXQUMRFPEBH-UHFFFAOYSA-N,2007,Ki,7.519993
KQJHXQUMRFPEBH-UHFFFAOYSA-N,2015,Ki,8.148742
KQKAKONSXJYMCD-UHFFFAOYSA-N,2014,Ki,7.193820
KQKNFEONJSYEER-CQSZACIVSA-N,2020,EC50,7.000000
KQKNFEONJSYEER-CQSZACIVSA-N,2020,EC50,6.991400
KQLWXCILLOUXJV-WGSAOQKQSA-N,2014,Ki,6.842694
KQNGZWUJPKEOIL-UHFFFAOYSA-N,2021,Ki,9.397940
KQNVCZVAVZAVEK-UHFFFAOYSA-N,2020,Ki,6.306273
KQNVCZVAVZAVEK-UHFFFAOYSA-N,2022,Ki,6.306273
KQOHKQXMRPXPAM-UHFFFAOYSA-N,1996,Ki,5.930702
KQRHCJXCCFJNQW-UHFFFAOYSA-N,2010,Ki,8.337242
KQTGGOXVKGQJFV-BHLWCXQCSA-N,2015,Ki,6.940815
KQVSGWISYYQVDG-UHFFFAOYSA-N,2020,Ki,6.866461
KQVSGWISYYQVDG-UHFFFAOYSA-N,2022,Ki,6.866461
KQYVDEWSKFDTLI-UHFFFAOYSA-N,2019,Ki,6.567031
KQZXADGECOXBKU-UHFFFAOYSA-N,2021,Ki,5.714443
KQZXADGECOXBKU-UHFFFAOYSA-N,2021,Ki,5.710001
KRBNQAMCSOMKIU-UHFFFAOYSA-N,2018,Ki,6.040000
KRBOLMZIHCLEGC-UHFFFAOYSA-N,2021,Ki,6.519993
KRBRCRMUFRFNGT-UHFFFAOYSA-N,1996,Ki,6.199998
KRCTVIVPCMLXBB-FQEVSTJZSA-N,2011,IC50,6.199998
KRDDFKSJWNNSAT-OFNKIYASSA-N,2010,Ki,7.199971
KRFOALSDVMLWEQ-UHFFFAOYSA-N,2021,IC50,5.040000
KRGBBAYNHOEQOO-UHFFFAOYSA-N,2006,Ki,8.397940
KRGBBAYNHOEQOO-UHFFFAOYSA-N,2006,Ki,8.214670
KRGBBAYNHOEQOO-UHFFFAOYSA-N,2008,Ki,8.450016
KRGUVGVAIPSTCB-UHFFFAOYSA-N,2006,Ki,6.028724
KRHFNHTVKDCQGV-UHFFFAOYSA-N,2017,Ki,9.000000
KRHWCJYTVWDZJO-LEWJYISDSA-N,2021,Ki,8.140261
KRJIVVRGSAPJAB-UHFFFAOYSA-N,2021,Ki,6.370000
KRMDCWKBEZIMAB-UHFFFAOYSA-N,2009,Ki,6.707744
KRMDCWKBEZIMAB-UHFFFAOYSA-N,,IC50,5.996109
KRMDCWKBEZIMAB-UHFFFAOYSA-N,,Ki,6.473661
KRMPDMJUDCQCAJ-FGZHOGPDSA-N,2007,Ki,7.270026
KRMPDMJUDCQCAJ-FGZHOGPDSA-N,2007,IC50,6.172631
KRMPDMJUDCQCAJ-FGZHOGPDSA-N,2007,EC50,6.823909
KRMPDMJUDCQCAJ-YADHBBJMSA-N,2007,Ki,5.978811
KRNPJKNJUZRFIL-OAQYLSRUSA-N,2017,Ki,7.661544
KROSHEKWTTXFGB-UHFFFAOYSA-N,2011,Ki,5.686133
KRULJODHDPRKER-UHFFFAOYSA-N,2006,Ki,6.375718
KRUWNGHFXJBYSG-UHFFFAOYSA-N,2015,Ki,6.588380
KRUWNGHFXJBYSG-UHFFFAOYSA-N,2015,EC50,6.698970
KRUWNGHFXJBYSG-UHFFFAOYSA-N,2015,IC50,6.142668
KRVOJOCLBAAKSJ-UHFFFAOYSA-N,2021,Ki,8.583359
KRVOJOCLBAAKSJ-UHFFFAOYSA-N,2017,Ki,8.790485
KRVOJOCLBAAKSJ-UHFFFAOYSA-N,2017,Ki,8.789949
KSCIAWWFBYAELA-UHFFFAOYSA-N,1999,Ki,6.399997
KSCIAWWFBYAELA-UHFFFAOYSA-N,1997,Ki,6.399997
KSDFLICEBJWAMA-INIZCTEOSA-N,2016,EC50,8.031517
KSDJMCCCOMZTOG-UHFFFAOYSA-N,2023,Ki,6.373660
KSDJMCCCOMZTOG-UHFFFAOYSA-N,2023,Ki,6.370000
KSDJMCCCOMZTOG-UHFFFAOYSA-N,2023,EC50,7.294992
KSDJMCCCOMZTOG-UHFFFAOYSA-N,2023,EC50,7.289967
KSDJMCCCOMZTOG-UHFFFAOYSA-N,2023,EC50,8.286509
KSDJMCCCOMZTOG-UHFFFAOYSA-N,2023,EC50,8.289967
KSEHPHIHVMQGKQ-UHFFFAOYSA-N,2005,Ki,7.677781
KSFMOSSPPNHXCZ-UHFFFAOYSA-N,2019,Ki,5.150028
KSFPSARJDILORY-UHFFFAOYSA-N,2020,IC50,6.539553
KSFPZVDNWKWICO-ORQYLMBXSA-N,2022,Ki,6.259637
KSKCVJKDKBWMJB-UHFFFAOYSA-N,1994,Ki,6.602060
KSKYFMKUEDYOIZ-UHFFFAOYSA-N,2019,Ki,6.744727
KSKYFMKUEDYOIZ-UHFFFAOYSA-N,2019,Ki,6.468521
KSMMWWDYFYFBQD-UHFFFAOYSA-N,2015,Ki,6.958607
KSTDXOPMADKXRO-UHFFFAOYSA-N,2007,Ki,6.872895
KSWVNKXYQFPTSL-UHFFFAOYSA-N,2003,Ki,7.312471
KTBHNUYISHHNFW-JKIUYZKVSA-N,2013,Ki,6.919446
KTDGVFIKKDUXFL-UHFFFAOYSA-N,2001,Ki,8.886057
KTEYYEBYBNMZSX-UHFFFAOYSA-N,2022,Ki,6.316053
KTJXBGFKGUUNHP-UHFFFAOYSA-N,2006,Ki,6.330683
KTKVHSSURNTWLF-SAIGFBBZSA-N,2014,Ki,6.496618
KTLQFDSKYMSRAD-UHFFFAOYSA-N,2013,Ki,6.663540
KTLWNSMULUTOGN-UHFFFAOYSA-N,2012,Ki,6.004365
KTMPMYIMDGPOKZ-UHFFFAOYSA-N,2019,Ki,5.599999
KTPQCLNOFMRFDQ-UHFFFAOYSA-N,2002,Ki,5.524329
KTQASNDGWLUTPN-UHFFFAOYSA-N,2001,IC50,6.318759
KTQNLFJFAOQCKC-UHFFFAOYSA-N,2021,Ki,6.020452
KTYLNGVSKMMZGB-UHFFFAOYSA-N,2009,Ki,6.408935
KTYLNGVSKMMZGB-UHFFFAOYSA-N,2009,Ki,6.744727
KUAYECUROPSOMH-UHFFFAOYSA-N,2017,Ki,6.109020
KUAYECUROPSOMH-UHFFFAOYSA-N,2018,Ki,6.109020
KUBCXXBTKZCFPE-PKWGFICBSA-N,2001,Ki,6.399997
KUBIIYUHICAQBT-UHFFFAOYSA-N,2014,Ki,8.040959
KUBIIYUHICAQBT-UHFFFAOYSA-N,2014,Ki,8.040005
KUECBJOPWMRHEX-CQSZACIVSA-N,2023,IC50,5.283997
KUEQQBRCJDOEEZ-UHFFFAOYSA-N,2006,Ki,6.578396
KUEQQBRCJDOEEZ-UHFFFAOYSA-N,2006,Ki,6.147520
KUESZLYKNLHINT-KESTWPANSA-N,2023,Ki,7.168130
KUESZLYKNLHINT-KESTWPANSA-N,2023,Ki,7.160019
KUESZLYKNLHINT-KESTWPANSA-N,2023,EC50,7.962574
KUESZLYKNLHINT-KESTWPANSA-N,2023,EC50,7.960189
KUESZLYKNLHINT-KESTWPANSA-N,2023,EC50,8.207608
KUESZLYKNLHINT-KESTWPANSA-N,2023,EC50,8.209996
KUNJWDFGNSXWFX-UHFFFAOYSA-N,2017,Ki,6.531653
KUNJWDFGNSXWFX-UHFFFAOYSA-N,2018,Ki,6.531653
KUOYFTRGKVRORO-UHFFFAOYSA-N,2019,IC50,7.057000
KUSJEHNHUDFZIE-UHFFFAOYSA-N,2021,Ki,6.807711
KUSJEHNHUDFZIE-UHFFFAOYSA-N,2021,Ki,6.810005
KUSJEHNHUDFZIE-UHFFFAOYSA-N,2021,EC50,7.950782
KUSJEHNHUDFZIE-UHFFFAOYSA-N,2021,EC50,7.950007
KUSJEHNHUDFZIE-UHFFFAOYSA-N,2021,EC50,8.149967
KUSJEHNHUDFZIE-UHFFFAOYSA-N,2021,EC50,8.150028
KUXKOTSZBCHRDY-DZGCQCFKSA-N,2009,Ki,8.400008
KUXKOTSZBCHRDY-DZGCQCFKSA-N,2009,Ki,8.400008
KUZDNSHRAHWGBG-UHFFFAOYSA-N,1999,Ki,5.207608
KUZDNSHRAHWGBG-UHFFFAOYSA-N,1999,Ki,5.309804
KVAMJUZUNOOZQW-UHFFFAOYSA-N,2019,Ki,6.847712
KVEHVMQJUPMJNA-FQEVSTJZSA-N,2013,Ki,6.638272
KVEHVMQJUPMJNA-FQEVSTJZSA-N,2013,Ki,7.200659
KVEHVMQJUPMJNA-FQEVSTJZSA-N,2013,Ki,8.259637
KVEHVMQJUPMJNA-HXUWFJFHSA-N,2013,Ki,6.552842
KVEHVMQJUPMJNA-HXUWFJFHSA-N,2013,Ki,7.180456
KVEHVMQJUPMJNA-HXUWFJFHSA-N,2013,Ki,8.408935
KVGNSDMVYWRLTG-UHFFFAOYSA-N,2021,Ki,7.387216
KVGNSDMVYWRLTG-UHFFFAOYSA-N,2021,Ki,7.389979
KVHHUZUNLIGTBY-UHFFFAOYSA-N,2017,Ki,4.962773
KVHHUZUNLIGTBY-UHFFFAOYSA-N,2019,Ki,4.962773
KVHHUZUNLIGTBY-UHFFFAOYSA-N,2019,IC50,5.791559
KVJXXDNXTCGJKY-BRNYJPRKSA-N,2018,IC50,8.193820
KVMPVICKYUXJEP-KESTWPANSA-N,2013,Ki,6.285419
KVMRAZYLDHPBOZ-OAQYLSRUSA-N,1993,Ki,7.356547
KVNQLLJIDLNDJM-UHFFFAOYSA-N,2020,Ki,6.659556
KVNQLLJIDLNDJM-UHFFFAOYSA-N,2022,Ki,6.659556
KVOGMCMTXSJSSF-OHMXSUBVSA-N,2015,Ki,7.399027
KVPZYDQQJGCISF-QHCPKHFHSA-N,2012,IC50,5.700001
KVQQVUQXVQANFT-AQYVVDRMSA-N,2017,Ki,9.236572
KVQQVUQXVQANFT-AQYVVDRMSA-N,2017,Ki,9.236572
KVQQVUQXVQANFT-GRGXKFILSA-N,2017,Ki,8.193820
KVQQVUQXVQANFT-GRGXKFILSA-N,2017,Ki,8.193820
KVWDHTXUZHCGIO-UHFFFAOYSA-N,1997,Ki,7.698970
KVWDHTXUZHCGIO-UHFFFAOYSA-N,2004,Ki,7.769551
KVWDHTXUZHCGIO-UHFFFAOYSA-N,2001,Ki,8.677781
KVWDHTXUZHCGIO-UHFFFAOYSA-N,2005,Ki,7.107905
KVWDHTXUZHCGIO-UHFFFAOYSA-N,2007,Ki,7.700057
KVWDHTXUZHCGIO-UHFFFAOYSA-N,2008,Ki,7.698970
KVWDHTXUZHCGIO-UHFFFAOYSA-N,2010,Ki,7.494850
KVWDHTXUZHCGIO-UHFFFAOYSA-N,2010,Ki,8.214670
KVWDHTXUZHCGIO-UHFFFAOYSA-N,,IC50,6.928118
KVWDHTXUZHCGIO-UHFFFAOYSA-N,,Ki,7.408935
KVWDHTXUZHCGIO-UHFFFAOYSA-N,2012,Ki,8.154902
KVWDHTXUZHCGIO-UHFFFAOYSA-N,2013,IC50,8.000000
KVWDHTXUZHCGIO-UHFFFAOYSA-N,2013,Ki,7.958607
KVWDHTXUZHCGIO-UHFFFAOYSA-N,2012,Ki,7.000000
KVWDHTXUZHCGIO-UHFFFAOYSA-N,2014,Ki,7.629857
KVWDHTXUZHCGIO-UHFFFAOYSA-N,2014,Ki,7.630042
KVWDHTXUZHCGIO-UHFFFAOYSA-N,2014,Ki,6.760000
KVWDHTXUZHCGIO-UHFFFAOYSA-N,2014,Ki,6.759700
KVWDHTXUZHCGIO-UHFFFAOYSA-N,2014,Ki,7.698970
KVWDHTXUZHCGIO-UHFFFAOYSA-N,2014,Ki,7.698970
KVWDHTXUZHCGIO-UHFFFAOYSA-N,2013,Ki,7.508638
KVWDHTXUZHCGIO-UHFFFAOYSA-N,2015,Ki,7.275724
KVWDHTXUZHCGIO-UHFFFAOYSA-N,2016,Ki,8.045757
KVWDHTXUZHCGIO-UHFFFAOYSA-N,2018,Ki,8.045757
KVWDHTXUZHCGIO-UHFFFAOYSA-N,2018,Ki,8.397940
KVWDHTXUZHCGIO-UHFFFAOYSA-N,2018,Ki,8.045757
KVWDHTXUZHCGIO-UHFFFAOYSA-N,2019,Ki,8.045757
KVWDHTXUZHCGIO-UHFFFAOYSA-N,2020,Ki,7.236572
KVWDHTXUZHCGIO-UHFFFAOYSA-N,2020,Ki,8.045757
KVWDHTXUZHCGIO-UHFFFAOYSA-N,2021,Ki,7.770062
KVWDHTXUZHCGIO-UHFFFAOYSA-N,2023,Ki,8.045757
KVWDHTXUZHCGIO-UHFFFAOYSA-N,2023,Ki,8.045757
KVZSNZYKLPCLCR-UHFFFAOYSA-N,2001,Ki,8.091515
KWAVGWKIXOJRRZ-UHFFFAOYSA-N,1993,Ki,5.117475
KWKXRMCRBPRGNX-UHFFFAOYSA-N,2020,EC50,6.384050
KWKXRMCRBPRGNX-UHFFFAOYSA-N,2023,EC50,6.384050
KWMQUPPLVOZVSW-UHFFFAOYSA-N,2020,IC50,5.045757
KWMQUPPLVOZVSW-UHFFFAOYSA-N,2023,IC50,5.045757
KWNJJPLLFRQMRI-IYARVYRRSA-N,2016,Ki,9.275724
KWNJMHODRWLBPT-UHFFFAOYSA-N,1999,Ki,5.800001
KWRGINFICPLLIP-UHFFFAOYSA-N,2019,IC50,8.151195
KWRGINFICPLLIP-UHFFFAOYSA-N,2019,IC50,8.469800
KWRGIOCXQHUGEL-UHFFFAOYSA-N,2006,Ki,8.096910
KWRMWQDKOGFMKP-UHFFFAOYSA-N,1994,Ki,5.787812
KWTGONUBRLGXTE-UHFFFAOYSA-N,2013,Ki,8.292430
KWWXHTBOMLDWCE-UHFFFAOYSA-N,2020,Ki,6.193142
KWWXHTBOMLDWCE-UHFFFAOYSA-N,2022,Ki,6.193142
KWXDZKMCZUIKDA-UHFFFAOYSA-N,1996,Ki,5.800001
KWZBJWOQFABHPF-UHFFFAOYSA-N,2015,Ki,8.200659
KWZBJWOQFABHPF-UHFFFAOYSA-N,2015,EC50,7.267606
KWZBJWOQFABHPF-UHFFFAOYSA-N,2015,Ki,8.200659
KXADBRPCRIFTTK-UHFFFAOYSA-N,2019,IC50,7.070070
KXAOPEMSBPZNPQ-AQYVVDRMSA-N,2016,Ki,9.366532
KXAOPEMSBPZNPQ-AQYVVDRMSA-N,2017,Ki,9.366532
KXAOPEMSBPZNPQ-AQYVVDRMSA-N,2017,Ki,9.366532
KXAOPEMSBPZNPQ-GRGXKFILSA-N,2017,Ki,8.721246
KXAOPEMSBPZNPQ-GRGXKFILSA-N,2017,Ki,8.721246
KXDIYSZQVVAYOA-OAHLLOKOSA-N,1994,Ki,7.040959
KXDIYSZQVVAYOA-OAHLLOKOSA-N,1994,Ki,6.643974
KXFNVJFOSNKNAT-UHFFFAOYSA-N,2014,Ki,6.659556
KXLVLBLWZFPQLE-RVZUZXSLSA-N,2023,Ki,6.698970
KXLVLBLWZFPQLE-RVZUZXSLSA-N,2023,Ki,6.744727
KXLZVZNZPJCJEY-UHFFFAOYSA-N,2019,IC50,8.160522
KXLZVZNZPJCJEY-UHFFFAOYSA-N,2019,IC50,9.659556
KXMILNJJEHWZPF-UHFFFAOYSA-N,2012,Ki,7.397940
KXMILNJJEHWZPF-UHFFFAOYSA-N,2012,Ki,7.602060
KXNPPUPYHKPSNB-UHFFFAOYSA-N,2006,Ki,7.085657
KXPJEGNVGVZNGX-KESTWPANSA-N,2014,Ki,6.600499
KXRNXSYVAAEIGF-FXAWDEMLSA-N,2021,Ki,7.358526
KXRNXSYVAAEIGF-FXAWDEMLSA-N,2021,Ki,7.360016
KXRNXSYVAAEIGF-FXAWDEMLSA-N,2021,EC50,7.889410
KXRNXSYVAAEIGF-FXAWDEMLSA-N,2021,EC50,7.890084
KXRNXSYVAAEIGF-FXAWDEMLSA-N,2021,EC50,8.730487
KXRNXSYVAAEIGF-FXAWDEMLSA-N,2021,EC50,8.709965
KXRNXSYVAAEIGF-UHFFFAOYSA-N,2021,Ki,7.369572
KXRNXSYVAAEIGF-UHFFFAOYSA-N,2021,Ki,7.369979
KXRNXSYVAAEIGF-UHFFFAOYSA-N,2021,EC50,7.962574
KXRNXSYVAAEIGF-UHFFFAOYSA-N,2021,EC50,7.960189
KXRNXSYVAAEIGF-UHFFFAOYSA-N,2021,EC50,8.694649
KXRNXSYVAAEIGF-UHFFFAOYSA-N,2021,EC50,8.599980
KXRNXSYVAAEIGF-XLIONFOSSA-N,2021,Ki,7.681937
KXRNXSYVAAEIGF-XLIONFOSSA-N,2021,Ki,7.680062
KXRNXSYVAAEIGF-XLIONFOSSA-N,2021,EC50,8.025488
KXRNXSYVAAEIGF-XLIONFOSSA-N,2021,EC50,8.029979
KXRNXSYVAAEIGF-XLIONFOSSA-N,2021,EC50,8.440093
KXRNXSYVAAEIGF-XLIONFOSSA-N,2021,EC50,8.439974
KXRNXSYVAAEIGF-XLIONFOSSA-N,2021,EC50,8.143876
KXRNXSYVAAEIGF-XLIONFOSSA-N,2021,EC50,8.140022
KXRPTGDSBJOKRD-UHFFFAOYSA-N,2023,Ki,6.958607
KXTRJGKHZNBLEN-UHFFFAOYSA-N,2019,Ki,4.706527
KXVAICSRMHXLJN-UHFFFAOYSA-N,2006,Ki,6.454693
KXVOVPCKFATOKG-UHFFFAOYSA-N,1997,Ki,6.844664
KXVOVPCKFATOKG-UHFFFAOYSA-N,2005,Ki,6.840012
KXYAKNGCDOJWIC-UHFFFAOYSA-N,2020,Ki,6.823041
KYCAHEZFDKQEQL-FCHUYYIVSA-N,2021,Ki,8.730487
KYDXPFLMAXNDGX-UHFFFAOYSA-N,2016,IC50,7.154902
KYEDFGNSKLCWNR-UHFFFAOYSA-N,2015,Ki,7.373660
KYFVESQDGBCSRP-XZOQPEGZSA-N,2023,Ki,7.493495
KYGUWADEZNRGLX-IYARVYRRSA-N,2020,Ki,6.657577
KYGUWADEZNRGLX-IYARVYRRSA-N,2022,Ki,6.657577
KYIGOCCCBXRHNJ-MXVIHJGJSA-N,2018,IC50,8.744727
KYKGECIXEATTSM-UHFFFAOYSA-N,1997,Ki,7.000000
KYOJMOVGLXPOHH-UHFFFAOYSA-N,1997,Ki,6.244125
KYRANNSMDBEVPQ-UHFFFAOYSA-N,2004,Ki,6.346787
KYSNHZPEWJTUAP-UHFFFAOYSA-N,2015,Ki,6.920819
KYTWKFPFQDRWHN-UHFFFAOYSA-N,2023,Ki,5.991400
KYUNAQGKQDNERM-UHFFFAOYSA-N,2019,IC50,8.274088
KYXXZGFCBQFNOQ-UHFFFAOYSA-N,2013,Ki,7.050610
KZDFEDZILCEXQB-JOCHJYFZSA-N,2018,Ki,8.301030
KZDFEDZILCEXQB-QFIPXVFZSA-N,2018,Ki,8.301030
KZEYXTUKYCDDAJ-UHFFFAOYSA-N,2017,Ki,8.000000
KZHRZLVMRCWAML-PKWGFICBSA-N,2001,Ki,7.000000
KZIJKVKQZRXZLN-UHEQQTILSA-N,2023,EC50,7.749092
KZPBNOPHHYISJR-CGKJMXRXSA-N,2003,Ki,6.900009
KZQWOGYXIVRWJV-UHFFFAOYSA-N,2005,Ki,7.823909
KZUQRBDBFQHGDF-NDKRRWIDSA-N,2023,Ki,6.850781
KZUSDDVYMJPDIX-UHFFFAOYSA-N,2018,Ki,6.436519
KZVXSSLUUGFVFR-UHFFFAOYSA-N,2023,Ki,5.533132
KZVXSSLUUGFVFR-UHFFFAOYSA-N,2023,EC50,3.028724
KZVXSSLUUGFVFR-UHFFFAOYSA-N,2023,IC50,5.174574
KZVXSSLUUGFVFR-UHFFFAOYSA-N,2023,EC50,5.954677
KZVXSSLUUGFVFR-UHFFFAOYSA-N,2023,IC50,5.000000
KZWUXBIYAIXWII-MRGVAMFXSA-N,2013,Ki,6.024384
KZYVIWIXEQBYLC-LXUZPPDPSA-N,2015,Ki,7.595166
KZZIOGFYAGNURW-SAABIXHNSA-N,2013,Ki,6.383461
LAABBTWOLXSICT-UHFFFAOYSA-N,2020,Ki,5.267445
LAABBTWOLXSICT-UHFFFAOYSA-N,2022,Ki,5.267445
LABSLKNETFNUAU-UHFFFAOYSA-N,2016,Ki,6.262013
LADOJIGNBBJTQR-UHFFFAOYSA-N,2005,Ki,7.136677
LAFUMJMKVVCEGP-UHFFFAOYSA-N,2006,Ki,7.568636
LAGLIYNPBAJZEJ-BVSLBCMMSA-N,2013,Ki,6.274750
LAGLIYNPBAJZEJ-CEMLEFRQSA-N,2013,Ki,6.642370
LAGLIYNPBAJZEJ-LFKXIUMZSA-N,2013,Ki,6.409983
LAJYORAVGPKORL-KSSFIOAISA-N,2021,Ki,7.270026
LALPTZBNNOBOPF-UHFFFAOYSA-N,1997,Ki,9.100015
LAMDTGOBCQBCBW-UHFFFAOYSA-N,2012,Ki,5.657577
LAMJBNSSIXREIQ-UHFFFAOYSA-N,2023,Ki,6.047208
LAPJQCOVOJOXOO-ZWKOTPCHSA-N,2020,Ki,6.420216
LAPJQCOVOJOXOO-ZWKOTPCHSA-N,2022,Ki,6.420216
LAQPIGHSUVYYGI-UHFFFAOYSA-N,2001,Ki,4.795880
LAQPIGHSUVYYGI-UHFFFAOYSA-N,2001,Ki,4.677781
LARBLICNTVPFKD-JCNLHEQBSA-N,2020,Ki,6.080922
LARBLICNTVPFKD-JCNLHEQBSA-N,2022,Ki,6.080922
LARFMQZWGLKYLH-JKIUYZKVSA-N,2014,Ki,6.979639
LASBLEBPDOHKAM-GUIFLLHJSA-N,2015,Ki,7.712198
LASDMXNHWPCZMK-KDURUIRLSA-N,2007,Ki,7.214670
LASDMXNHWPCZMK-WGSAOQKQSA-N,2007,Ki,7.096910
LAUGNMXDAVIKFQ-UHFFFAOYSA-N,2022,Ki,6.510042
LAUHOTTZDXINOP-UHFFFAOYSA-N,2012,EC50,9.096910
LAUHOTTZDXINOP-UHFFFAOYSA-N,2012,EC50,8.102373
LAUHOTTZDXINOP-UHFFFAOYSA-N,2012,Ki,8.552842
LAUHZVOYMPVSHN-CDSYHYPYSA-N,2022,Ki,6.000000
LAVWIAQCYKFCMG-UHFFFAOYSA-N,2006,Ki,7.142668
LAVWIAQCYKFCMG-UHFFFAOYSA-N,2006,Ki,7.136677
LAYZUOAFYSKTHQ-UHFFFAOYSA-N,2023,Ki,6.178486
LAZCWDPLJFPPDI-UHFFFAOYSA-N,2002,Ki,4.823909
LAZCWDPLJFPPDI-UHFFFAOYSA-N,2002,Ki,4.823909
LBALZQQRFZMPJO-UHFFFAOYSA-N,2014,Ki,6.853872
LBALZQQRFZMPJO-UHFFFAOYSA-N,2014,Ki,6.919987
LBBDMGBKCDPMSN-UHFFFAOYSA-N,2010,Ki,8.630784
LBBQHBCGDGNTHA-UHFFFAOYSA-N,2020,Ki,6.301899
LBBQUWUAGWPJCG-MGFGWZDJSA-N,2003,Ki,6.299998
LBCLWNAKMLUAKD-AQYVVDRMSA-N,2016,Ki,9.200659
LBCLWNAKMLUAKD-AQYVVDRMSA-N,2017,Ki,8.974694
LBCLWNAKMLUAKD-AQYVVDRMSA-N,2017,Ki,8.974694
LBCLWNAKMLUAKD-GRGXKFILSA-N,2017,Ki,8.730487
LBCLWNAKMLUAKD-GRGXKFILSA-N,2017,Ki,8.730487
LBNGJZBDUWZGLH-UAPYVXQJSA-N,2016,Ki,9.070581
LBRSVAAYMHPXLL-UHFFFAOYSA-N,2017,Ki,6.288193
LBRSVAAYMHPXLL-UHFFFAOYSA-N,2018,Ki,6.288193
LBYNXCSSGDKEPL-ZWKOTPCHSA-N,2023,Ki,6.161151
LBZFACYIJUKGCY-ZXSXIFIVSA-N,2022,Ki,5.920819
LBZHOUJGVUYWGV-UHFFFAOYSA-N,2011,Ki,7.463442
LBZHOUJGVUYWGV-UHFFFAOYSA-N,2015,Ki,7.463442
LBZMBFXUYVOEEN-UHFFFAOYSA-N,2016,Ki,6.211832
LCBLLUUMVDTFHY-UHFFFAOYSA-N,2003,Ki,7.251812
LCGBVEYGRZPQEM-ICSRJNTNSA-N,2003,Ki,7.638272
LCGBVEYGRZPQEM-UYAOXDASSA-N,2003,Ki,7.221849
LCKBEOTXTNWYRG-UHFFFAOYSA-N,2002,IC50,5.770001
LCNOMCCKMYRJLA-UHFFFAOYSA-N,2014,EC50,8.209996
LCNOMCCKMYRJLA-UHFFFAOYSA-N,2014,EC50,8.207608
LCOXKZYCBKEFQL-UHFFFAOYSA-N,2004,Ki,7.500038
LCOXKZYCBKEFQL-UHFFFAOYSA-N,2013,Ki,7.500038
LCQHZYPIAQQJES-UHFFFAOYSA-N,2007,Ki,7.167491
LCSARSYDEHXRBQ-UHFFFAOYSA-N,2010,Ki,6.299998
LCSARSYDEHXRBQ-UHFFFAOYSA-N,2010,Ki,7.000000
LCSARSYDEHXRBQ-UHFFFAOYSA-N,2010,Ki,7.299989
LCZMXKRXXCYHBB-KDURUIRLSA-N,2017,Ki,8.528708
LCZMXKRXXCYHBB-KDURUIRLSA-N,2017,Ki,8.528708
LCZMXKRXXCYHBB-WGSAOQKQSA-N,2016,Ki,9.677781
LCZMXKRXXCYHBB-WGSAOQKQSA-N,2017,Ki,9.677781
LCZMXKRXXCYHBB-WGSAOQKQSA-N,2017,Ki,9.677781
LDAHGSIPSNYPMF-UHFFFAOYSA-N,2020,IC50,8.987163
LDAHGSIPSNYPMF-UHFFFAOYSA-N,2020,EC50,7.563837
LDAVXMLOCRPMGX-UHFFFAOYSA-N,2001,Ki,8.698970
LDFDHYVHCWAUGE-UHFFFAOYSA-N,2020,Ki,5.989276
LDFMLJWZQNMXMR-WGSAOQKQSA-N,2023,Ki,5.795880
LDNCVCFYLQMLCR-UHFFFAOYSA-N,2019,IC50,7.628932
LDOTVWGSWWUMAW-UHFFFAOYSA-N,2000,Ki,4.638272
LDOTVWGSWWUMAW-UHFFFAOYSA-N,2000,Ki,4.869666
LDOWCUPEXDHKEP-UHFFFAOYSA-N,2012,Ki,6.703335
LDQCWGIXZGDJNL-HDICACEKSA-N,2013,Ki,7.480041
LDQCWGIXZGDJNL-IYARVYRRSA-N,2013,Ki,7.400008
LDQCWGIXZGDJNL-IYARVYRRSA-N,2019,EC50,7.853872
LDQCWGIXZGDJNL-IYARVYRRSA-N,2019,EC50,8.045757
LDQCWGIXZGDJNL-IYARVYRRSA-N,2019,EC50,7.840132
LDQCWGIXZGDJNL-IYARVYRRSA-N,2019,EC50,8.040005
LDQCWGIXZGDJNL-IYARVYRRSA-N,2023,Ki,8.086186
LDQRJOZTSIXFDZ-UHFFFAOYSA-N,2000,Ki,6.677781
LDQRJOZTSIXFDZ-UHFFFAOYSA-N,2000,Ki,7.070581
LDXAOQSIBXRCIN-UHFFFAOYSA-N,2021,Ki,6.020001
LDXAOQSIBXRCIN-UHFFFAOYSA-N,2021,Kd,10.826814
LDXAOQSIBXRCIN-UHFFFAOYSA-N,2021,Kd,10.826814
LDXAOQSIBXRCIN-UHFFFAOYSA-N,2021,EC50,5.949999
LDXQQYQLOMGASY-UHFFFAOYSA-N,2000,Ki,6.549751
LDYKPEZBHFCCGD-UHFFFAOYSA-N,2017,EC50,7.982967
LDYSMWZYEMTWHM-UHFFFAOYSA-N,2007,Ki,6.866461
LEBXHMQTGORPIS-NGRWLJPCSA-N,2008,Ki,7.383000
LECUUDCCVOYUHG-UHFFFAOYSA-N,2004,Ki,6.905180
LECUUDCCVOYUHG-UHFFFAOYSA-N,2008,Ki,6.905180
LEDYBEGWCAWDCY-ICSRJNTNSA-N,2003,Ki,8.638272
LEDYBEGWCAWDCY-UYAOXDASSA-N,2003,Ki,7.795880
LEFBFLOSCAEZAG-UHFFFAOYSA-N,2012,Ki,8.180456
LEFBFLOSCAEZAG-UHFFFAOYSA-N,2012,Ki,8.744727
LEFQLABYYVJLDZ-UHFFFAOYSA-N,2018,Ki,6.031050
LEKOXFCRANACFL-UHFFFAOYSA-N,2016,Ki,6.496209
LEKOXFCRANACFL-UHFFFAOYSA-N,2016,Ki,6.499997
LELUFGKRDMZHEF-UHFFFAOYSA-N,1998,IC50,6.091515
LEPYGHSZGURSOB-UHFFFAOYSA-N,2020,Ki,5.395774
LEQPLCJILZPZJF-UHFFFAOYSA-N,2012,IC50,5.574792
LEQPLCJILZPZJF-UHFFFAOYSA-N,2012,IC50,5.750000
LEQQCMUWPDWHHF-OAQYLSRUSA-N,1996,Ki,5.876148
LEQVQRFGBPYNQZ-UHFFFAOYSA-N,2019,Ki,5.827105
LEQVQRFGBPYNQZ-UHFFFAOYSA-N,2019,Ki,6.698970
LEQVQRFGBPYNQZ-UHFFFAOYSA-N,2019,IC50,4.165395
LESXVBRTQORAMH-UHFFFAOYSA-N,2020,Ki,6.686133
LETHKPPNRMMQLD-UHFFFAOYSA-N,2011,Ki,6.838632
LEVQMJILJZDTPU-UHFFFAOYSA-N,2015,Ki,5.991400
LEWWBJBGGUZKQX-UZLBHIALSA-N,1999,Ki,5.721246
LEXAFGYQTMMLCP-UHFFFAOYSA-N,2012,Ki,4.867420
LEZWWPYKPKIXLL-UHFFFAOYSA-N,,IC50,4.892553
LEZWWPYKPKIXLL-UHFFFAOYSA-N,,Ki,5.369674
LFATXWJLBURBCJ-UHFFFAOYSA-N,2021,Ki,8.537602
LFCSRKWDQRKALF-UHFFFAOYSA-N,2008,Ki,8.036212
LFHRZNSXQMBPEO-UHFFFAOYSA-N,2011,Ki,6.699992
LFIRWQIMSRISSM-UHFFFAOYSA-N,2000,Ki,5.823909
LFIRWQIMSRISSM-UHFFFAOYSA-N,2000,Ki,6.102373
LFIZODYQZSDNLI-UHFFFAOYSA-N,2009,Ki,6.853872
LFOIYGHYJZAMLX-BGYRXZFFSA-N,2017,Ki,8.679854
LFOIYGHYJZAMLX-BGYRXZFFSA-N,2017,Ki,8.679854
LFOIYGHYJZAMLX-MXVIHJGJSA-N,2017,Ki,8.131944
LFOIYGHYJZAMLX-MXVIHJGJSA-N,2017,Ki,8.131944
LFQLOBUDZGJGBE-UHFFFAOYSA-N,2009,Ki,7.275724
LFQLOBUDZGJGBE-UHFFFAOYSA-N,2009,Ki,7.356547
LFQZHAKGDXWDRR-ONEGZZNKSA-N,2005,Ki,7.201349
LFRFMZVSPPXQJD-UHFFFAOYSA-N,1997,Ki,6.900009
LFZXCNYEMUTWJM-JUWDIMJDSA-N,2021,Ki,5.659953
LFZXCNYEMUTWJM-JUWDIMJDSA-N,2021,Ki,5.660000
LGCNQKJCXSSMEC-UHFFFAOYSA-N,2019,Ki,6.100179
LGCNQKJCXSSMEC-UHFFFAOYSA-N,2020,Ki,6.100179
LGHLMADLDHUIJY-MQSINFNDSA-N,2005,Ki,7.494850
LGHLMADLDHUIJY-SHZHJNINSA-N,2005,Ki,6.718967
LGJFIMWHIPCVAQ-UHFFFAOYSA-N,2007,Ki,4.602060
LGKGAIBCFWVOCC-UHFFFAOYSA-N,1999,Ki,5.000000
LGKGAIBCFWVOCC-UHFFFAOYSA-N,1999,Ki,5.080922
LGLAXVZDUIMUSC-UHFFFAOYSA-N,2023,Ki,6.080922
LGLFFNDHMLKUMI-UHFFFAOYSA-N,,IC50,5.497846
LGLFFNDHMLKUMI-UHFFFAOYSA-N,,Ki,5.975104
LGNQDGZEDYGQHO-UHFFFAOYSA-N,2019,IC50,8.026872
LGQIOUYNFUYGTH-YQQAZPJKSA-N,2020,IC50,5.663540
LGQIOUYNFUYGTH-YQQAZPJKSA-N,2021,Ki,7.823909
LGRJUDYDLTXAOB-UHFFFAOYSA-N,2017,Ki,6.585027
LGRJUDYDLTXAOB-UHFFFAOYSA-N,2017,Ki,6.853872
LGRVHISBHOARSB-INIZCTEOSA-N,2003,Ki,6.769551
LGRVHISBHOARSB-INIZCTEOSA-N,2003,Ki,6.886057
LGRVHISBHOARSB-INIZCTEOSA-N,2003,Ki,6.602060
LGRVHISBHOARSB-INIZCTEOSA-N,2003,Ki,6.677781
LGTFCCLATINIEE-UHFFFAOYSA-N,2002,Ki,5.420216
LGTFLTXJSPOWDA-UHFFFAOYSA-N,2007,Ki,3.698970
LGUFSCDYROWRTJ-UHFFFAOYSA-N,2020,EC50,4.619789
LGUNRSBYISSUIH-UHFFFAOYSA-N,2003,Ki,7.619789
LGUNRSBYISSUIH-UHFFFAOYSA-N,2003,Ki,7.823909
LGUXLRSWEKEXMZ-UHFFFAOYSA-N,1997,Ki,6.221849
LGUYPNXAMCYIHX-UHFFFAOYSA-N,2017,Ki,8.244125
LGUYPNXAMCYIHX-UHFFFAOYSA-N,2017,Ki,8.537602
LGVIZVOTHRIWGT-UHFFFAOYSA-N,2020,IC50,4.744727
LGVIZVOTHRIWGT-UHFFFAOYSA-N,2023,IC50,4.744727
LGWSPIADNFUMJB-KGENOOAVSA-N,2007,Ki,5.795880
LGXAESURRIWEJV-UHFFFAOYSA-N,1999,Ki,5.133713
LGXAESURRIWEJV-UHFFFAOYSA-N,1999,Ki,4.987163
LHDVHKCXIMBGFK-MFKUBSTISA-N,2007,Ki,4.958607
LHEQMLMJFATZEM-CQSZACIVSA-N,1996,Ki,5.815309
LHEQMLMJFATZEM-CQSZACIVSA-N,1996,Ki,5.326058
LHFDGWOFPWKTDU-OFUUFJSKSA-N,2023,Ki,5.920819
LHFRREYTABIJEO-UHFFFAOYSA-N,2008,Ki,8.522879
LHFSUAZTBWHHAU-UHFFFAOYSA-N,2005,Ki,8.397940
LHGJGOWVRBPLNY-LZCISLPRSA-N,2020,Ki,6.065502
LHGJGOWVRBPLNY-OBMJPTGESA-N,2022,Ki,6.065502
LHGVDYIWDBIZNF-VLZXCDOPSA-N,2023,Ki,6.214670
LHIGVMVGEPDNBQ-UHFFFAOYSA-N,2023,Ki,4.876148
LHIGVMVGEPDNBQ-UHFFFAOYSA-N,2023,IC50,5.343902
LHIGVMVGEPDNBQ-UHFFFAOYSA-N,2023,IC50,5.003488
LHMHWJFZTBPLDP-UHFFFAOYSA-N,2012,Ki,7.958607
LHOVFJRBCVNIQC-UHFFFAOYSA-N,2008,Ki,7.481486
LHOVFJRBCVNIQC-UHFFFAOYSA-N,2008,Ki,6.056505
LHOWYYXXITUESH-IBGZPJMESA-N,2017,Ki,6.400117
LHQYJFMEVSYGBX-UHFFFAOYSA-N,2017,EC50,7.346787
LHRPHLZKEFNWMU-UHFFFAOYSA-N,2013,IC50,5.119186
LHRPHLZKEFNWMU-UHFFFAOYSA-N,2013,Ki,5.408935
LHVNTWQOJGSYCB-FXAWDEMLSA-N,2019,Ki,6.349692
LHVNTWQOJGSYCB-FXAWDEMLSA-N,2020,Ki,6.349692
LHVNTWQOJGSYCB-UHFFFAOYSA-N,2016,Ki,6.199998
LHVNTWQOJGSYCB-UHFFFAOYSA-N,2019,Ki,6.209715
LHVNTWQOJGSYCB-UHFFFAOYSA-N,2020,Ki,6.209715
LHVNTWQOJGSYCB-XLIONFOSSA-N,2019,Ki,5.920096
LHVNTWQOJGSYCB-XLIONFOSSA-N,2020,Ki,5.920096
LHWCVSFLSQENCZ-UHFFFAOYSA-N,2002,Ki,6.283997
LHWCVSFLSQENCZ-UHFFFAOYSA-N,2002,Ki,6.318759
LHWCVSFLSQENCZ-UHFFFAOYSA-N,2007,Ki,6.279998
LHYAIPJNIYZFAE-UHFFFAOYSA-N,2013,Ki,4.744727
LHYAIPJNIYZFAE-UHFFFAOYSA-N,2013,Ki,5.795880
LIBJRLLLOUMXMX-UHFFFAOYSA-N,2016,Ki,6.519993
LIBNJNRMHRQQCZ-UHFFFAOYSA-N,2002,Ki,6.826814
LIFHVPXIKLLTMH-UHFFFAOYSA-N,2007,Ki,8.259637
LIGTZTZBNDYZHF-UHFFFAOYSA-N,2004,Ki,6.499997
LIGTZTZBNDYZHF-UHFFFAOYSA-N,2004,Ki,6.000000
LIGTZTZBNDYZHF-UHFFFAOYSA-N,2004,Ki,6.560005
LIHBEDGPTZLMMR-UHFFFAOYSA-N,2010,Ki,7.422508
LIHCKGZEDBNUJG-UHFFFAOYSA-N,1991,Ki,5.721246
LIJLYDMKDQLIKS-UHFFFAOYSA-N,2011,Ki,6.326058
LIJZDQUYGUZHCR-UHFFFAOYSA-N,2015,Ki,5.586700
LIKMSWCFNPHNGP-UHFFFAOYSA-N,2016,Ki,6.910095
LIKMSWCFNPHNGP-UHFFFAOYSA-N,2016,Ki,6.909989
LILUJJCOIBEHSU-UHFFFAOYSA-N,1999,Ki,5.525784
LIMXTEILSDCZAA-UHFFFAOYSA-N,2018,Ki,5.385525
LINCHEGVUCJEMY-ZZXKWVIFSA-N,2020,Ki,6.632644
LIOYKDHOQLNTTQ-UHFFFAOYSA-N,2001,Ki,6.383000
LIRAXYPAXGDSQL-KESTWPANSA-N,2014,Ki,6.378097
LIWZXUWAEHOPHY-MXVIHJGJSA-N,2013,Ki,5.626095
LIXJRDNPUKACMR-UHFFFAOYSA-N,2018,Ki,6.102923
LJDQVOLRQLNUCX-UHFFFAOYSA-N,2021,Ki,8.602060
LJEOXWDSLFLRNN-AQYVVDRMSA-N,2013,Ki,6.165579
LJFNUFCUPDECPC-UHFFFAOYSA-N,2017,Ki,4.943095
LJJVIBSUZHHKRE-UHFFFAOYSA-N,2003,Ki,6.380907
LJKVVPJFMUCTIV-UHFFFAOYSA-N,2011,Ki,7.498941
LJMGIPGFTXPVTB-UHFFFAOYSA-N,2010,Ki,9.519993
LJOIJDZCFSDRBE-UHFFFAOYSA-N,2010,Ki,6.299998
LJPDJGGEVPZFMY-UHFFFAOYSA-N,2017,Ki,6.008331
LJPDJGGEVPZFMY-UHFFFAOYSA-N,2018,Ki,6.008331
LJPFHXAKXNKRIV-UHFFFAOYSA-N,2014,Ki,7.793174
LJPFHXAKXNKRIV-UHFFFAOYSA-N,2014,Ki,7.799971
LJPFHXAKXNKRIV-UHFFFAOYSA-N,2014,EC50,9.408935
LJPFHXAKXNKRIV-UHFFFAOYSA-N,2014,EC50,9.410050
LJSHEDSLOSMRDN-UHFFFAOYSA-N,2023,Ki,6.056011
LJUHEEFEADORHV-UHFFFAOYSA-N,2017,Ki,5.310691
LJVNYCDXBXGQIK-UHFFFAOYSA-N,1997,Ki,6.924453
LJVSVAFPJCZZNX-CQSZACIVSA-N,1996,Ki,5.982967
LJWBNVJHNKSJSU-AUSIDOKSSA-N,2019,Ki,5.899974
LJWBNVJHNKSJSU-BVHINDKJSA-N,2019,Ki,6.149967
LJWBNVJHNKSJSU-XXBNENTESA-N,2019,Ki,6.440093
LJWIFZKAUORKLB-NRCGHCQOSA-N,2014,Ki,7.551139
LJXBPSXSJHVHOV-UHFFFAOYSA-N,2016,Ki,6.299998
LJXBPSXSJHVHOV-UHFFFAOYSA-N,2019,Ki,6.340084
LJXBPSXSJHVHOV-UHFFFAOYSA-N,2020,Ki,6.340084
LJXKPIFQYYNLTO-IBGZPJMESA-N,2000,Ki,5.420216
LJXKPIFQYYNLTO-IBGZPJMESA-N,2000,Ki,5.488117
LJYNWWWADGCGMQ-UHFFFAOYSA-N,2017,Ki,6.042872
LJYNWWWADGCGMQ-UHFFFAOYSA-N,2018,Ki,6.042872
LJYQDVKZJSSWJS-KESTWPANSA-N,2014,Ki,6.974981
LJZKZXJPHHZDQF-UHFFFAOYSA-N,2019,Ki,7.229148
LJZKZXJPHHZDQF-UHFFFAOYSA-N,2019,Ki,7.455932
LKASSMVPOODRNL-PBFRATGOSA-N,2014,Ki,7.623788
LKBUQFJMIZRYTF-GOSISDBHSA-N,2013,EC50,6.879426
LKCRBUFMFBJKHT-UHFFFAOYSA-N,2019,Ki,6.978811
LKDKZDZBTSCLCY-KRWDZBQOSA-N,2001,Ki,5.657577
LKDKZDZBTSCLCY-KRWDZBQOSA-N,2001,Ki,6.045757
LKDKZDZBTSCLCY-KRWDZBQOSA-N,2001,Ki,6.397940
LKDKZDZBTSCLCY-KRWDZBQOSA-N,2001,Ki,6.958607
LKGWPHHIJYCDSR-SXFOHPBWSA-N,2013,Ki,6.515529
LKIZJVWLCHAZTJ-AVRDEDQJSA-N,2016,Ki,6.359996
LKIZJVWLCHAZTJ-AVRDEDQJSA-N,2019,Ki,6.279841
LKIZJVWLCHAZTJ-GCJKJVERSA-N,2016,Ki,6.530001
LKIZJVWLCHAZTJ-XMSQKQJNSA-N,2019,Ki,6.970616
LKIZJVWLCHAZTJ-YSYXNDDBSA-N,2019,Ki,6.540608
LKIZJVWLCHAZTJ-YSYXNDDBSA-N,2019,Ki,6.931814
LKJCFVNDNPLBSN-UHFFFAOYSA-N,2022,Ki,6.436519
LKMTURFCSVFFPV-UHFFFAOYSA-N,2011,Ki,6.686133
LKMYYERAFNDIAS-BVSLBCMMSA-N,2014,Ki,7.471726
LKMYYERAFNDIAS-CEMLEFRQSA-N,2014,Ki,7.256255
LKPJQZSWFLAVEV-UHFFFAOYSA-N,2009,Ki,6.399997
LKPNIBAOVAQLNF-UHFFFAOYSA-N,1997,Ki,6.154902
LKSUTFUZSGZMOS-UHFFFAOYSA-N,2004,Ki,5.301030
LKTUCRCSDXSENT-QFIPXVFZSA-N,2012,IC50,5.599999
LKUILOJELWBGMK-JSOSNVBQSA-N,2023,Ki,5.696804
LKVRAIZDZUXRII-QGZVFWFLSA-N,2011,Ki,6.453457
LKXCWTFZOCKBJZ-UHFFFAOYSA-N,2017,Ki,7.337242
LKXCWTFZOCKBJZ-UHFFFAOYSA-N,2017,Ki,7.443697
LKXCWTFZOCKBJZ-UHFFFAOYSA-N,2017,EC50,6.200659
LKXXVFHPJYDIBI-UHFFFAOYSA-N,2016,Ki,7.698970
LKZRXKGEHQPMRS-UHFFFAOYSA-N,2007,Ki,5.640544
LKZYQJSJNFLIIO-UHFFFAOYSA-N,1997,Ki,6.199998
LKZZDSXSPJYUJI-WKILWMFISA-N,2020,Ki,6.431798
LKZZDSXSPJYUJI-WKILWMFISA-N,2022,Ki,6.431798
LLBLNMUONVVVPG-UHFFFAOYSA-N,1996,Ki,8.619789
LLBLNMUONVVVPG-UHFFFAOYSA-N,2007,Ki,7.950782
LLBLNMUONVVVPG-UHFFFAOYSA-N,2007,EC50,8.350665
LLBLNMUONVVVPG-UHFFFAOYSA-N,2008,Ki,7.950782
LLBLNMUONVVVPG-UHFFFAOYSA-N,2008,IC50,8.350665
LLBLNMUONVVVPG-UHFFFAOYSA-N,2009,Ki,7.950782
LLBLNMUONVVVPG-UHFFFAOYSA-N,2010,Ki,8.000000
LLBLNMUONVVVPG-UHFFFAOYSA-N,2014,Ki,8.124939
LLBLNMUONVVVPG-UHFFFAOYSA-N,2024,Ki,7.058240
LLHCWQNGFVSDKL-SQHAQQRYSA-N,1999,Ki,7.700057
LLIGDFVOQDLKCR-UHFFFAOYSA-N,2014,Ki,7.489991
LLJNHDOQJFYFCL-UHFFFAOYSA-N,2012,Ki,7.376751
LLJNHDOQJFYFCL-UHFFFAOYSA-N,2012,Ki,7.721246
LLKMICSIFPTJMH-UHFFFAOYSA-N,2010,Ki,6.673664
LLMBUJCYVGLEBH-UHFFFAOYSA-N,2000,Ki,6.102373
LLMBUJCYVGLEBH-UHFFFAOYSA-N,2000,Ki,6.318759
LLNWCPKEPUSMNT-UHFFFAOYSA-N,2016,Ki,6.339135
LLPALJXSNNSHCW-ZDUSSCGKSA-N,2020,Ki,6.869666
LLVOYQKYDBYLSE-UHFFFAOYSA-N,2017,Ki,5.612610
LMFZASCXAANSLM-UHFFFAOYSA-N,1997,Ki,6.047208
LMFZASCXAANSLM-UHFFFAOYSA-N,2005,Ki,5.640000
LMGVBWDCIXCGJJ-UHFFFAOYSA-N,2021,Ki,6.387216
LMIAIPKXPWLPGV-UHFFFAOYSA-N,2021,Ki,5.599999
LMKOKEWRSZSLAW-UHFFFAOYSA-N,2019,Ki,5.947306
LMPJCXOOACXKHV-UHFFFAOYSA-N,2014,Ki,9.000000
LMRUSDUZVDKYMF-UHFFFAOYSA-N,1997,Ki,6.619789
LMTZTESHSHMVNE-ZWKOTPCHSA-N,2023,Ki,6.468521
LMUWKYOZOCNQDQ-UHFFFAOYSA-N,2010,Ki,9.045757
LMUWKYOZOCNQDQ-UHFFFAOYSA-N,2014,Ki,9.045757
LMWAUEIFLCRUHZ-UHFFFAOYSA-N,2000,Ki,6.705534
LMYNSVJAWVGIBW-UHFFFAOYSA-N,2006,Ki,6.774691
LMYXDMLXVWZVJJ-QPPBQGQZSA-N,2016,Ki,6.160001
LNAQGJPALKPMLJ-UHFFFAOYSA-N,1998,Ki,8.227678
LNAUHJFPPUQFSP-UHFFFAOYSA-N,2002,Ki,5.850781
LNBKOOVQBZWETK-UHFFFAOYSA-N,2019,Ki,6.958607
LNBKOOVQBZWETK-UHFFFAOYSA-N,2019,Ki,7.207608
LNBMXMKUJUHZSR-UHFFFAOYSA-N,2016,IC50,7.232844
LNEPOXFFQSENCJ-UHFFFAOYSA-N,2000,Ki,8.251812
LNEPOXFFQSENCJ-UHFFFAOYSA-N,2002,Ki,8.070581
LNEPOXFFQSENCJ-UHFFFAOYSA-N,1997,Ki,8.795880
LNEPOXFFQSENCJ-UHFFFAOYSA-N,2000,Ki,8.823909
LNEPOXFFQSENCJ-UHFFFAOYSA-N,2001,Ki,9.100015
LNEPOXFFQSENCJ-UHFFFAOYSA-N,2000,IC50,8.397940
LNEPOXFFQSENCJ-UHFFFAOYSA-N,2000,Ki,8.154902
LNEPOXFFQSENCJ-UHFFFAOYSA-N,1999,Ki,9.795880
LNEPOXFFQSENCJ-UHFFFAOYSA-N,1999,Ki,9.356547
LNEPOXFFQSENCJ-UHFFFAOYSA-N,1999,IC50,8.309804
LNEPOXFFQSENCJ-UHFFFAOYSA-N,2002,Ki,7.744727
LNEPOXFFQSENCJ-UHFFFAOYSA-N,1996,Ki,9.795880
LNEPOXFFQSENCJ-UHFFFAOYSA-N,1996,Ki,9.180456
LNEPOXFFQSENCJ-UHFFFAOYSA-N,2004,Ki,8.853872
LNEPOXFFQSENCJ-UHFFFAOYSA-N,1997,Ki,8.443697
LNEPOXFFQSENCJ-UHFFFAOYSA-N,2002,Ki,9.000000
LNEPOXFFQSENCJ-UHFFFAOYSA-N,1994,Ki,9.301030
LNEPOXFFQSENCJ-UHFFFAOYSA-N,1995,Ki,9.000000
LNEPOXFFQSENCJ-UHFFFAOYSA-N,2004,Ki,9.219971
LNEPOXFFQSENCJ-UHFFFAOYSA-N,1996,Ki,8.853872
LNEPOXFFQSENCJ-UHFFFAOYSA-N,2003,Ki,8.522879
LNEPOXFFQSENCJ-UHFFFAOYSA-N,2004,Ki,8.431798
LNEPOXFFQSENCJ-UHFFFAOYSA-N,1993,Ki,9.356547
LNEPOXFFQSENCJ-UHFFFAOYSA-N,1996,Ki,8.853872
LNEPOXFFQSENCJ-UHFFFAOYSA-N,2001,Ki,8.853872
LNEPOXFFQSENCJ-UHFFFAOYSA-N,1997,Ki,8.795880
LNEPOXFFQSENCJ-UHFFFAOYSA-N,1997,Ki,8.853872
LNEPOXFFQSENCJ-UHFFFAOYSA-N,1997,Ki,8.318759
LNEPOXFFQSENCJ-UHFFFAOYSA-N,2002,Ki,9.920819
LNEPOXFFQSENCJ-UHFFFAOYSA-N,1998,IC50,8.387216
LNEPOXFFQSENCJ-UHFFFAOYSA-N,1998,Ki,9.075721
LNEPOXFFQSENCJ-UHFFFAOYSA-N,2003,Ki,9.050610
LNEPOXFFQSENCJ-UHFFFAOYSA-N,2003,Ki,9.049976
LNEPOXFFQSENCJ-UHFFFAOYSA-N,2005,Ki,8.886057
LNEPOXFFQSENCJ-UHFFFAOYSA-N,2004,Ki,8.657577
LNEPOXFFQSENCJ-UHFFFAOYSA-N,2005,Ki,8.602060
LNEPOXFFQSENCJ-UHFFFAOYSA-N,2005,Ki,8.698970
LNEPOXFFQSENCJ-UHFFFAOYSA-N,2007,Ki,8.950007
LNEPOXFFQSENCJ-UHFFFAOYSA-N,2007,Ki,8.698970
LNEPOXFFQSENCJ-UHFFFAOYSA-N,2007,Ki,8.585027
LNEPOXFFQSENCJ-UHFFFAOYSA-N,2007,Ki,8.299989
LNEPOXFFQSENCJ-UHFFFAOYSA-N,2007,Ki,8.481486
LNEPOXFFQSENCJ-UHFFFAOYSA-N,2007,Ki,9.219971
LNEPOXFFQSENCJ-UHFFFAOYSA-N,2008,Ki,9.219971
LNEPOXFFQSENCJ-UHFFFAOYSA-N,2008,Ki,8.376751
LNEPOXFFQSENCJ-UHFFFAOYSA-N,2008,Ki,5.193820
LNEPOXFFQSENCJ-UHFFFAOYSA-N,2009,Ki,8.376751
LNEPOXFFQSENCJ-UHFFFAOYSA-N,2008,Ki,8.293282
LNEPOXFFQSENCJ-UHFFFAOYSA-N,2008,Ki,8.853872
LNEPOXFFQSENCJ-UHFFFAOYSA-N,2009,Ki,8.958607
LNEPOXFFQSENCJ-UHFFFAOYSA-N,2009,Ki,9.219971
LNEPOXFFQSENCJ-UHFFFAOYSA-N,2009,Ki,8.522879
LNEPOXFFQSENCJ-UHFFFAOYSA-N,2010,Ki,8.721246
LNEPOXFFQSENCJ-UHFFFAOYSA-N,2010,Ki,9.000000
LNEPOXFFQSENCJ-UHFFFAOYSA-N,2010,Ki,8.522879
LNEPOXFFQSENCJ-UHFFFAOYSA-N,2010,Ki,8.958607
LNEPOXFFQSENCJ-UHFFFAOYSA-N,2010,Ki,8.958607
LNEPOXFFQSENCJ-UHFFFAOYSA-N,2010,Ki,9.060481
LNEPOXFFQSENCJ-UHFFFAOYSA-N,2011,Ki,9.000000
LNEPOXFFQSENCJ-UHFFFAOYSA-N,2011,Ki,8.823909
LNEPOXFFQSENCJ-UHFFFAOYSA-N,2011,Ki,8.958607
LNEPOXFFQSENCJ-UHFFFAOYSA-N,,IC50,8.180983
LNEPOXFFQSENCJ-UHFFFAOYSA-N,,Ki,8.658170
LNEPOXFFQSENCJ-UHFFFAOYSA-N,2011,Ki,8.958607
LNEPOXFFQSENCJ-UHFFFAOYSA-N,2011,Ki,8.823909
LNEPOXFFQSENCJ-UHFFFAOYSA-N,2012,Ki,8.522879
LNEPOXFFQSENCJ-UHFFFAOYSA-N,2011,Ki,8.546682
LNEPOXFFQSENCJ-UHFFFAOYSA-N,2013,IC50,6.259637
LNEPOXFFQSENCJ-UHFFFAOYSA-N,2014,Ki,9.219971
LNEPOXFFQSENCJ-UHFFFAOYSA-N,2014,Ki,8.450016
LNEPOXFFQSENCJ-UHFFFAOYSA-N,2014,Ki,8.455932
LNEPOXFFQSENCJ-UHFFFAOYSA-N,2011,Ki,9.219971
LNEPOXFFQSENCJ-UHFFFAOYSA-N,2014,Ki,8.853872
LNEPOXFFQSENCJ-UHFFFAOYSA-N,2014,Ki,9.070581
LNEPOXFFQSENCJ-UHFFFAOYSA-N,2014,IC50,9.150028
LNEPOXFFQSENCJ-UHFFFAOYSA-N,2014,IC50,9.154902
LNEPOXFFQSENCJ-UHFFFAOYSA-N,2014,Ki,8.397940
LNEPOXFFQSENCJ-UHFFFAOYSA-N,2014,IC50,9.795880
LNEPOXFFQSENCJ-UHFFFAOYSA-N,2014,Ki,9.091515
LNEPOXFFQSENCJ-UHFFFAOYSA-N,2014,Ki,9.070581
LNEPOXFFQSENCJ-UHFFFAOYSA-N,2014,Ki,9.050610
LNEPOXFFQSENCJ-UHFFFAOYSA-N,2014,IC50,6.387216
LNEPOXFFQSENCJ-UHFFFAOYSA-N,2015,Ki,8.397940
LNEPOXFFQSENCJ-UHFFFAOYSA-N,2015,Ki,9.017729
LNEPOXFFQSENCJ-UHFFFAOYSA-N,2013,Ki,9.154902
LNEPOXFFQSENCJ-UHFFFAOYSA-N,2016,Ki,8.017729
LNEPOXFFQSENCJ-UHFFFAOYSA-N,2017,Ki,8.853872
LNEPOXFFQSENCJ-UHFFFAOYSA-N,2017,Ki,9.376751
LNEPOXFFQSENCJ-UHFFFAOYSA-N,2017,Ki,9.602060
LNEPOXFFQSENCJ-UHFFFAOYSA-N,2018,Ki,8.229148
LNEPOXFFQSENCJ-UHFFFAOYSA-N,2018,Ki,8.698970
LNEPOXFFQSENCJ-UHFFFAOYSA-N,2020,Ki,8.206210
LNEPOXFFQSENCJ-UHFFFAOYSA-N,2020,Ki,8.209996
LNEPOXFFQSENCJ-UHFFFAOYSA-N,2019,Ki,8.346787
LNEPOXFFQSENCJ-UHFFFAOYSA-N,2019,Ki,8.488117
LNEPOXFFQSENCJ-UHFFFAOYSA-N,2019,IC50,9.795880
LNEPOXFFQSENCJ-UHFFFAOYSA-N,2019,Ki,8.346787
LNEPOXFFQSENCJ-UHFFFAOYSA-N,2019,Kd,9.309981
LNEPOXFFQSENCJ-UHFFFAOYSA-N,2019,Ki,9.330033
LNEPOXFFQSENCJ-UHFFFAOYSA-N,2020,Ki,8.253366
LNEPOXFFQSENCJ-UHFFFAOYSA-N,2020,Ki,8.253366
LNEPOXFFQSENCJ-UHFFFAOYSA-N,2020,Ki,8.705534
LNEPOXFFQSENCJ-UHFFFAOYSA-N,2020,Ki,8.730020
LNEPOXFFQSENCJ-UHFFFAOYSA-N,2020,Ki,9.130768
LNEPOXFFQSENCJ-UHFFFAOYSA-N,2020,Ki,9.920819
LNEPOXFFQSENCJ-UHFFFAOYSA-N,2021,Ki,9.580044
LNEPOXFFQSENCJ-UHFFFAOYSA-N,2021,Ki,8.198596
LNEPOXFFQSENCJ-UHFFFAOYSA-N,2021,Ki,8.199971
LNEPOXFFQSENCJ-UHFFFAOYSA-N,2021,Ki,8.449772
LNEPOXFFQSENCJ-UHFFFAOYSA-N,2021,Ki,8.730020
LNEPOXFFQSENCJ-UHFFFAOYSA-N,2022,Ki,8.583359
LNEPOXFFQSENCJ-UHFFFAOYSA-N,2023,Ki,8.017729
LNEPOXFFQSENCJ-UHFFFAOYSA-N,2023,Ki,8.130182
LNEPOXFFQSENCJ-UHFFFAOYSA-N,2024,Ki,7.982967
LNEPOXFFQSENCJ-UHFFFAOYSA-N,2025,Ki,7.769551
LNEVPGGCVOGZMM-UHFFFAOYSA-N,2007,Ki,6.790485
LNEVPGGCVOGZMM-UHFFFAOYSA-N,2007,Ki,6.815309
LNEZIIGVFFLLQU-UHFFFAOYSA-N,2006,Ki,7.552842
LNEZIIGVFFLLQU-UHFFFAOYSA-N,2006,Ki,7.309804
LNFJZMYMJHIQPZ-UHFFFAOYSA-N,2007,Ki,7.309804
LNIMWHNBBWKUND-UHFFFAOYSA-N,2014,Ki,7.059982
LNLHSSBZJJKVNL-UHFFFAOYSA-N,2012,Ki,7.292430
LNLWQXMVVFJRDW-UHFFFAOYSA-N,2020,Ki,5.688670
LNMWMYAAMASJED-UHFFFAOYSA-N,2016,Ki,6.714443
LNOVYYQKQHZPMN-UHFFFAOYSA-N,2014,Ki,7.193820
LNOVYYQKQHZPMN-UHFFFAOYSA-N,2014,Ki,7.795880
LNQZDENLMNRNTR-QFIPXVFZSA-N,2018,Ki,8.397940
LNTBHLCQBDWRLD-VIFPVBQESA-N,2010,IC50,6.729997
LNTSSZPPKDLPCK-UHFFFAOYSA-N,2021,Ki,6.508638
LNXJKTLOXRPPBG-UHFFFAOYSA-N,2019,Ki,6.966576
LNXPXCVWRDGGAX-UHFFFAOYSA-N,2019,IC50,4.179950
LNZYQGOEJQNILH-UHFFFAOYSA-N,2017,Ki,4.077425
LOCFLSUOTBZXEU-UHFFFAOYSA-N,2009,Ki,7.299989
LOCFLSUOTBZXEU-UHFFFAOYSA-N,2009,Ki,7.299989
LOCQRDBFWSXQQI-UHFFFAOYSA-N,1999,Ki,5.599999
LOCQRDBFWSXQQI-UHFFFAOYSA-N,2002,Ki,5.599999
LOCQRDBFWSXQQI-UHFFFAOYSA-N,2008,Ki,6.337242
LODDBBDHOKVEHS-UHFFFAOYSA-N,2020,Ki,6.630784
LODDBBDHOKVEHS-UHFFFAOYSA-N,2022,Ki,6.630784
LOGDXDWDCZTLOS-UHFFFAOYSA-N,2007,Ki,6.399997
LOHWYFHMCSFPRU-UHFFFAOYSA-N,2019,Ki,6.140261
LOHWYFHMCSFPRU-UHFFFAOYSA-N,2020,Ki,6.140261
LOJUPRHIDKSORB-UHFFFAOYSA-N,2011,Ki,5.075721
LOJUPRHIDKSORB-UHFFFAOYSA-N,2011,Ki,5.327902
LOKNTFKIZJDADX-UHFFFAOYSA-N,2020,Ki,6.161151
LOKNTFKIZJDADX-UHFFFAOYSA-N,2022,Ki,6.161151
LOLIGPMPSPGNGJ-OIFYPAEGSA-N,2013,Ki,6.453939
LOMLSZYPQUWCNO-KESTWPANSA-N,2014,Ki,7.155523
LOOPVARSTUYIDY-UHFFFAOYSA-N,2020,IC50,5.017729
LOOPVARSTUYIDY-UHFFFAOYSA-N,2023,IC50,4.795880
LOOROOGJSWXTHW-UHFFFAOYSA-N,2010,Ki,6.207608
LOOROOGJSWXTHW-UHFFFAOYSA-N,2010,Ki,6.356547
LOWWSZHAZVDMAY-UHFFFAOYSA-N,2012,Ki,7.576754
LOWWSZHAZVDMAY-UHFFFAOYSA-N,2014,Ki,7.576754
LOWWSZHAZVDMAY-UHFFFAOYSA-N,2023,Ki,6.896196
LOWWSZHAZVDMAY-UHFFFAOYSA-N,2023,IC50,6.452225
LOWWSZHAZVDMAY-UHFFFAOYSA-N,2023,IC50,6.616185
LPJGAZGHYONJPC-UHFFFAOYSA-N,2009,Ki,6.585027
LPJGAZGHYONJPC-UHFFFAOYSA-N,2009,Ki,6.795880
LPJJPPHJSYTROB-UHFFFAOYSA-N,2017,Ki,8.585027
LPLBLTITXDCEAW-BUVRLJJBSA-N,2007,Ki,5.769551
LPLZFZAIOWVRTJ-UHFFFAOYSA-N,1996,EC50,8.886057
LPOLFZKIDWJURQ-RUZDIDTESA-N,2016,Ki,6.614394
LPOLFZKIDWJURQ-VWLOTQADSA-N,2016,Ki,6.511449
LPQJVVVCQKYAIY-UHFFFAOYSA-N,2015,EC50,7.055517
LPQJVVVCQKYAIY-UHFFFAOYSA-N,2015,EC50,7.059982
LPSPMYVAOZUORR-BJKOFHAPSA-N,2023,Ki,7.522879
LPWQYVIMWOVNJE-BAXQJZDKSA-N,2014,Ki,8.832683
LPWRTRRXYPVJKD-UHFFFAOYSA-N,2019,Ki,5.732828
LPWRTRRXYPVJKD-UHFFFAOYSA-N,2019,Ki,5.826814
LPWRTRRXYPVJKD-UHFFFAOYSA-N,2019,IC50,4.926392
LPYJYJNIIRKQSC-UHFFFAOYSA-N,2006,Ki,6.886057
LPYLNBHXBHUYKT-QIUPIDFOSA-N,2022,Ki,5.958607
LPYSQHPSDYPTHD-HNNXBMFYSA-N,2022,Ki,6.259637
LPZBJVXNLCRBGB-UHFFFAOYSA-N,2010,Ki,8.148742
LQACCULQLKHGMI-UHFFFAOYSA-N,2022,Ki,5.712198
LQCUFDIAPSFACZ-UHFFFAOYSA-N,2011,Ki,6.568636
LQCUFDIAPSFACZ-UHFFFAOYSA-N,2011,Ki,6.619789
LQFAQQWXFSOOQJ-UHFFFAOYSA-N,2008,Ki,6.298432
LQFUKCCOLHDWFK-UHFFFAOYSA-N,2017,Ki,6.455932
LQFUKCCOLHDWFK-UHFFFAOYSA-N,2017,Ki,6.356547
LQFUKCCOLHDWFK-UHFFFAOYSA-N,2017,EC50,6.167491
LQGNDHYNCHVOGU-UHFFFAOYSA-N,2012,Ki,7.408935
LQGNDHYNCHVOGU-UHFFFAOYSA-N,2012,Ki,8.080922
LQIJGBZSCQJUGS-UHFFFAOYSA-N,2016,Ki,6.386158
LQMGVAPMSDGCMH-UHFFFAOYSA-N,2012,Ki,7.585027
LQMGVAPMSDGCMH-UHFFFAOYSA-N,2012,Ki,6.917215
LQMXUNHATCSENV-UHFFFAOYSA-N,1999,Ki,6.900009
LQNRJKXALVHLGB-UHFFFAOYSA-N,2003,Ki,6.954677
LQRMVBGKOMVMNF-UHFFFAOYSA-N,2016,Ki,5.931814
LQRMVBGKOMVMNF-UHFFFAOYSA-N,2016,Ki,5.929999
LQRUHPTVKTXHPR-UHFFFAOYSA-N,1993,Ki,7.327902
LQRUHPTVKTXHPR-UHFFFAOYSA-N,1993,Ki,7.327902
LQSBOQJIPVGJNY-AQYVVDRMSA-N,2014,Ki,7.077846
LQSRXUCPMMXTPD-UHFFFAOYSA-N,2023,Ki,8.142668
LQTCRFLMOJHQHE-UHFFFAOYSA-N,2011,Ki,8.481486
LQTCRFLMOJHQHE-UHFFFAOYSA-N,2011,Ki,8.468521
LQTJOPPTSIYEES-SANMLTNESA-N,2000,Ki,7.638272
LQTJOPPTSIYEES-SANMLTNESA-N,2000,Ki,7.602060
LQUKOEAHGRXJMZ-UHFFFAOYSA-N,2010,Ki,7.917215
LQYNONCEAYAGNN-UHFFFAOYSA-N,2007,Ki,7.299989
LRAKDNHVXFFUJJ-KVSPAWLASA-N,2000,Ki,6.399997
LRAPRUKUYXVHBH-UHFFFAOYSA-N,2020,IC50,7.580044
LRAXIKDADSVQMU-UHFFFAOYSA-N,2021,Ki,5.643974
LRAYIUHUAWSEDX-UHFFFAOYSA-N,2006,Ki,6.494850
LRBUVURCWWAQQT-KRWDZBQOSA-N,2014,Ki,5.602060
LRBUVURCWWAQQT-QGZVFWFLSA-N,2014,Ki,6.096910
LRBUVURCWWAQQT-UHFFFAOYSA-N,2011,Kd,10.522879
LRBUVURCWWAQQT-UHFFFAOYSA-N,2011,Ki,5.037962
LRBUVURCWWAQQT-UHFFFAOYSA-N,2011,Ki,4.835647
LRBUVURCWWAQQT-UHFFFAOYSA-N,2014,Ki,6.017729
LRFRSQHIWUYEAT-OAQYLSRUSA-N,2018,Ki,8.301030
LRGIFVDEYMWDOX-UHFFFAOYSA-N,2020,IC50,5.420216
LRGSUAGMMWSFMF-ZIIYYELXSA-N,2020,Ki,7.455932
LRGUWRTXRZZYBQ-UHFFFAOYSA-N,2019,Ki,8.236572
LRJUHEKHPZCRGV-UHFFFAOYSA-N,2015,Ki,5.252899
LRJUHEKHPZCRGV-UHFFFAOYSA-N,2018,Ki,5.252899
LRLLQEVBYRSPTP-UHFFFAOYSA-N,2022,Ki,6.119999
LRLXFJXJJIVVFZ-UHFFFAOYSA-N,2012,IC50,5.620001
LRLXFJXJJIVVFZ-UHFFFAOYSA-N,2012,IC50,5.617623
LRMWMKQIJLOEPF-AVRDEDQJSA-N,2016,Ki,6.779997
LRMWMKQIJLOEPF-GCJKJVERSA-N,2016,Ki,5.420000
LRMWMKQIJLOEPF-PGRDOPGGSA-N,2016,Ki,5.890000
LRMWMKQIJLOEPF-XMSQKQJNSA-N,2016,Ki,5.660000
LROJLXGQKUBROL-UHFFFAOYSA-N,2012,EC50,7.795880
LROJLXGQKUBROL-UHFFFAOYSA-N,2012,Ki,7.823909
LROJLXGQKUBROL-UHFFFAOYSA-N,2015,Ki,7.823909
LROJLXGQKUBROL-UHFFFAOYSA-N,2015,EC50,7.187087
LRTWYJMSDIOBGF-UHFFFAOYSA-N,2006,Ki,6.821023
LRULVYSBRWUVGR-FCHUYYIVSA-N,2015,EC50,4.698970
LRXGBYNAHIRXGB-UHFFFAOYSA-N,2012,Ki,7.823909
LSAYTXKZGVXENK-JOCHJYFZSA-N,2002,Ki,7.017729
LSBNVDGHJXSXAB-UHFFFAOYSA-N,2006,Ki,6.636388
LSBYSFJBFKEHKG-UHFFFAOYSA-N,2008,IC50,5.161151
LSCFXOJSPYZWQQ-UHFFFAOYSA-N,2014,Ki,8.958607
LSCKFBHTQUPRNT-UHFFFAOYSA-N,2015,Ki,8.489991
LSCKFBHTQUPRNT-UHFFFAOYSA-N,2015,Ki,8.494850
LSEKXOSZIOVUOY-FXAWDEMLSA-N,2020,Ki,7.010105
LSEKXOSZIOVUOY-UHFFFAOYSA-N,2019,Ki,6.480172
LSEKXOSZIOVUOY-UHFFFAOYSA-N,2020,Ki,6.480172
LSEKXOSZIOVUOY-XLIONFOSSA-N,2019,Ki,7.010105
LSEUGCSNKVUOIA-UHFFFAOYSA-N,2009,Ki,7.470057
LSFPMDOETYIHLK-UHFFFAOYSA-N,2017,IC50,8.619789
LSHBKBMJDZRGEU-UHFFFAOYSA-N,2010,Ki,7.663540
LSKSSWIRNDMQHX-UHFFFAOYSA-N,2011,Ki,6.070070
LSKZCQKQGRUHKQ-BJLQDIEVSA-N,2013,Ki,6.333538
LSKZCQKQGRUHKQ-QWFCFKBJSA-N,2013,Ki,6.297613
LSOSTOVOMJGNDT-UHFFFAOYSA-N,2013,Ki,7.161151
LSPRXYHHXZGNPI-UHFFFAOYSA-N,2015,Ki,8.387216
LSPRXYHHXZGNPI-UHFFFAOYSA-N,2015,EC50,8.366532
LSQJPMUMQFFZON-LYXWCMDISA-N,2022,Ki,6.070581
LSQOOMIFBSOAIJ-HCGLCNNCSA-N,2020,Ki,6.301030
LSQOOMIFBSOAIJ-HCGLCNNCSA-N,2022,Ki,6.301030
LSSXKYXGUAMNCD-UHFFFAOYSA-N,2021,Ki,6.723538
LSSXKYXGUAMNCD-UHFFFAOYSA-N,2021,EC50,8.468521
LSTIDGGQGHFYCB-UHFFFAOYSA-N,2016,Ki,5.100000
LSTIDGGQGHFYCB-UHFFFAOYSA-N,2020,Ki,5.140022
LSWAIDPZAGTFNI-UHFFFAOYSA-N,2017,IC50,6.017729
LSWAIDPZAGTFNI-UHFFFAOYSA-N,2019,IC50,6.017729
LSZYSKUEBVDYTO-UHFFFAOYSA-N,1995,Ki,6.391474
LSZYSKUEBVDYTO-UHFFFAOYSA-N,2013,Ki,6.391474
LTDTVIVWGGLMSW-UHFFFAOYSA-N,2004,Ki,6.221849
LTECTMXOGCEIFY-PTGBLXJZSA-N,2006,Ki,6.767004
LTEMWTOQHRSTDA-UHFFFAOYSA-N,2020,Ki,6.605548
LTEMWTOQHRSTDA-UHFFFAOYSA-N,2022,Ki,6.605548
LTGMYNFRQZVMJT-OXQOHEQNSA-N,2000,IC50,6.694649
LTNOCTARMCCZMF-UHFFFAOYSA-N,2021,Ki,6.552842
LTPWRNUOYXUBGY-UHFFFAOYSA-N,2002,Ki,5.127261
LTXKGMIEWLLTGF-UHFFFAOYSA-N,2016,EC50,4.853872
LTYAWIKNOPSPBV-KESTWPANSA-N,2014,Ki,6.461301
LTYLKFKJUXNUBZ-LBPRGKRZSA-N,2010,IC50,8.639975
LUENAZOOIPSKQU-UHFFFAOYSA-N,2012,Ki,7.366532
LUENAZOOIPSKQU-UHFFFAOYSA-N,2012,Ki,7.568636
LUFMWUOUUQBFCY-MGFGWZDJSA-N,2003,Ki,6.699992
LUILVQGAFGGMCT-LEWJYISDSA-N,2023,Ki,8.080922
LUNVFEQWDLSWQQ-UHFFFAOYSA-N,2021,Ki,5.932557
LUNVFEQWDLSWQQ-UHFFFAOYSA-N,2021,Ki,5.929999
LUONNTQEFAPZJL-ONEGZZNKSA-N,2011,Ki,7.752027
LUQGVAHGIPCKGZ-UHFFFAOYSA-N,2020,IC50,5.772628
LUQGVAHGIPCKGZ-UHFFFAOYSA-N,2021,Ki,8.221849
LURCKJAGHVQMQC-UHFFFAOYSA-N,2020,EC50,5.455932
LURCKJAGHVQMQC-UHFFFAOYSA-N,2023,EC50,5.455932
LURXFPUMIMOPTF-UHFFFAOYSA-N,2003,Ki,6.395774
LUUFOYDIFHDVPM-NMWGTECJSA-N,2006,Ki,6.903090
LUUKEDLOUSMCGZ-UHFFFAOYSA-N,2007,Ki,6.747147
LUXCAJUFWQQFRI-UHFFFAOYSA-N,2020,IC50,8.721246
LUZRJRNZXALNLM-JGRZULCMSA-N,,IC50,8.051587
LUZRJRNZXALNLM-JGRZULCMSA-N,,Ki,8.528708
LUZRJRNZXALNLM-JGRZULCMSA-N,2024,Ki,7.215240
LVAZPFMWSRDRRK-GFCCVEGCSA-N,2011,Ki,4.259637
LVAZPFMWSRDRRK-GFCCVEGCSA-N,2011,Ki,4.275724
LVAZPFMWSRDRRK-GFCCVEGCSA-N,2011,Ki,4.244125
LVAZPFMWSRDRRK-LBPRGKRZSA-N,2005,Ki,6.744727
LVAZPFMWSRDRRK-LBPRGKRZSA-N,2005,Ki,6.602060
LVAZPFMWSRDRRK-LBPRGKRZSA-N,2005,Ki,4.823909
LVAZPFMWSRDRRK-LBPRGKRZSA-N,2005,Ki,5.000000
LVAZPFMWSRDRRK-LBPRGKRZSA-N,2011,Ki,6.387216
LVAZPFMWSRDRRK-LBPRGKRZSA-N,2011,Ki,6.568636
LVAZPFMWSRDRRK-LBPRGKRZSA-N,2011,Ki,8.337242
LVAZPFMWSRDRRK-UHFFFAOYSA-N,2005,Ki,6.657577
LVAZPFMWSRDRRK-UHFFFAOYSA-N,2005,Ki,6.795880
LVAZPFMWSRDRRK-UHFFFAOYSA-N,2005,Ki,4.744727
LVAZPFMWSRDRRK-UHFFFAOYSA-N,2005,Ki,5.070581
LVDRNYWTLKUNNT-MEMLXQNLSA-N,2007,Ki,6.798603
LVDRNYWTLKUNNT-OYRHEFFESA-N,2007,Ki,6.728158
LVFXHABKQPKGQK-UHFFFAOYSA-N,1993,Ki,5.056505
LVGQSPSRQGIUSM-UHFFFAOYSA-N,2020,Ki,6.636388
LVGQSPSRQGIUSM-UHFFFAOYSA-N,2024,Ki,6.636388
LVLYBVZQVHNPHM-UHFFFAOYSA-N,2017,Ki,5.809668
LVLYBVZQVHNPHM-UHFFFAOYSA-N,2018,Ki,5.809668
LVNLYIFCFLRMMH-UHFFFAOYSA-N,1997,Ki,6.173925
LVPCPZRNWKXHTK-UHFFFAOYSA-N,2009,Ki,6.499997
LVRHAAKFXRNPFH-PSWAGMNNSA-N,2007,Ki,6.946922
LVRHAAKFXRNPFH-RQNOJGIXSA-N,2007,Ki,8.568636
LVRYFOYDXSSYJJ-UHFFFAOYSA-N,2017,Ki,7.119186
LVSUPYDDQCSHAN-UHFFFAOYSA-N,1997,Ki,6.900009
LVVVBEVBRWMYII-UHFFFAOYSA-N,2015,Ki,8.356547
LVVVBEVBRWMYII-UHFFFAOYSA-N,2015,EC50,8.397940
LVXRWLDIURXUJE-LSNLESRRSA-N,2014,Ki,6.818700
LVXYAFNPMXCRJI-GOSISDBHSA-N,1993,Ki,6.394695
LVXYAFNPMXCRJI-SFHVURJKSA-N,1993,Ki,6.995679
LVXZELAZCGYHRC-UHFFFAOYSA-N,2009,Ki,6.659992
LWBLFKWXBXEZMX-UHFFFAOYSA-N,2019,Ki,6.823909
LWBLFKWXBXEZMX-UHFFFAOYSA-N,2019,Ki,7.026872
LWBZBWXDCWJUBA-UHFFFAOYSA-N,1992,Ki,6.593460
LWDHUYPVZPEUAM-HSZRJFAPSA-N,2018,Ki,7.638272
LWEJANPMNUMGMB-MXVIHJGJSA-N,2017,Ki,8.595166
LWEJANPMNUMGMB-MXVIHJGJSA-N,2017,Ki,8.595166
LWJRZMFKJXXHGW-YOTKAZDMSA-N,2014,Ki,7.887395
LWKNIOKRJFVQBE-NRFANRHFSA-N,2011,IC50,5.400000
LWLGSWADZDNDOB-FCDQGJHFSA-N,2006,Ki,6.853872
LWSDEDAXDVTMTG-INIZCTEOSA-N,2005,Ki,9.000000
LWSDEDAXDVTMTG-MRXNPFEDSA-N,2005,Ki,8.275724
LWSMSVQQKULODQ-OAHLLOKOSA-N,1994,Ki,6.595166
LWSZJTQQUMNMOU-UHFFFAOYSA-N,2006,Ki,6.767004
LWUCNZZPRVNCLB-UHFFFAOYSA-N,2021,Ki,9.397940
LWUHTASBTHFHOH-MEMLXQNLSA-N,2013,Ki,6.615109
LXBALWXAUSOISX-QAQDUYKDSA-N,2020,Ki,6.236572
LXBALWXAUSOISX-QAQDUYKDSA-N,2022,Ki,6.236572
LXCQKNOPMINDBU-UHFFFAOYSA-N,2002,Ki,6.330683
LXCQKNOPMINDBU-UHFFFAOYSA-N,1998,IC50,6.154902
LXCQXRDWKLZRPW-UHFFFAOYSA-N,2019,Ki,5.649946
LXDJWOAQVNGSEK-UHFFFAOYSA-N,2021,Ki,6.492684
LXDJWOAQVNGSEK-UHFFFAOYSA-N,2021,Ki,6.490005
LXDKFBSEJYAHRD-UHFFFAOYSA-N,2019,Ki,6.610834
LXDKFBSEJYAHRD-UHFFFAOYSA-N,2019,Ki,5.844664
LXEDLNSPOBVDQV-UHFFFAOYSA-N,2007,Ki,7.126679
LXFPKJLLIWPMEU-UHFFFAOYSA-N,2002,Ki,7.164944
LXFPKJLLIWPMEU-UHFFFAOYSA-N,2008,Ki,7.482804
LXFPKJLLIWPMEU-UHFFFAOYSA-N,2008,Ki,7.598599
LXIKJZDRBXJBAY-UHFFFAOYSA-N,2019,Ki,7.346787
LXIKJZDRBXJBAY-UHFFFAOYSA-N,2019,Ki,7.721246
LXKSIEBMEPDEFX-UHFFFAOYSA-N,2022,Ki,7.698970
LXNQXNYRRQSMER-UHFFFAOYSA-N,2020,Ki,9.000000
LXQVLPLVRFYQOL-UHFFFAOYSA-N,2019,IC50,8.093665
LXYDWPGIKXXMMG-UHFFFAOYSA-N,1996,Ki,6.799998
LXZRZJUUHTZVBE-UHFFFAOYSA-N,2020,EC50,6.677781
LXZRZJUUHTZVBE-UHFFFAOYSA-N,2023,EC50,6.677781
LXZRZJUUHTZVBE-UHFFFAOYSA-N,2023,EC50,6.677781
LYEPPOSVDWYIOA-UHFFFAOYSA-N,2017,Ki,5.889410
LYEPPOSVDWYIOA-UHFFFAOYSA-N,2018,Ki,5.889410
LYFJPSCHBLEEJR-UHFFFAOYSA-N,2017,Ki,6.511449
LYFXQSOWXVVQIV-RUDMXATFSA-N,1994,Ki,8.443697
LYFXQSOWXVVQIV-RUDMXATFSA-N,1994,Ki,6.489455
LYHPSWFRVIYURV-UHFFFAOYSA-N,2009,Ki,5.638272
LYHPSWFRVIYURV-UHFFFAOYSA-N,2009,Ki,5.537602
LYHUWMRZCXPRBP-BEESLVRJSA-N,2014,Ki,6.299816
LYIVOAYWRLVRGJ-UHFFFAOYSA-N,2019,IC50,8.262807
LYJPWWDACSDFEZ-UHFFFAOYSA-N,2013,Ki,8.123205
LYLNGHHEGYQUJV-RCZVLFRGSA-N,2019,Ki,5.038105
LYLVUDOAMFKTEL-ZWKOTPCHSA-N,2020,Ki,5.958607
LYLVUDOAMFKTEL-ZWKOTPCHSA-N,2022,Ki,5.958607
LYXSWTNSYIVEPY-UHFFFAOYSA-N,2008,Ki,6.300162
LYYTTXCSEIAHQX-UHFFFAOYSA-N,2012,Ki,7.619789
LYYXIMJVXJKHNW-UHFFFAOYSA-N,2006,Ki,5.301030
LZAYOZUFUAMFLD-UHFFFAOYSA-N,2014,Ki,5.041436
LZAYOZUFUAMFLD-UHFFFAOYSA-N,2014,Ki,5.040000
LZCAZQHEQOBNGY-UHFFFAOYSA-N,2006,Ki,6.899629
LZDIMLIVNXMYDQ-UHFFFAOYSA-N,2020,IC50,6.991400
LZEJCTIJSMQOTB-MXVIHJGJSA-N,1997,Ki,8.853872
LZFYLPRQFJAOOB-UHFFFAOYSA-N,2005,Ki,7.970616
LZHXZGVGDIQVLP-XHXGFGLKSA-N,2007,Kd,6.522879
LZICIBCEISDAND-IYARVYRRSA-N,2014,Ki,7.020543
LZJRNLRASBVRRX-ZDUSSCGKSA-N,2024,IC50,6.283997
LZLYPTUTAFDZGY-UHFFFAOYSA-N,2020,Ki,5.996539
LZLYPTUTAFDZGY-UHFFFAOYSA-N,2022,Ki,5.996539
LZMIVAWAFVXKJL-UHFFFAOYSA-N,1999,Ki,5.070581
LZMIVAWAFVXKJL-UHFFFAOYSA-N,1999,Ki,5.275724
LZWDVLLURPUKQS-UHFFFAOYSA-N,2008,Ki,6.441291
MACFTPBZAOCTFN-UHFFFAOYSA-N,2016,Ki,7.104577
MACFTPBZAOCTFN-UHFFFAOYSA-N,2020,Ki,7.104577
MACIPEVSTDERLO-UHFFFAOYSA-N,2020,IC50,6.931814
MADYDKSIUUGPRY-IFMALSPDSA-N,2003,Ki,7.200659
MADYDKSIUUGPRY-UNMCSNQZSA-N,2003,Ki,7.167491
MAEZWZVKVYVMBK-UHFFFAOYSA-N,2015,EC50,6.410050
MAEZWZVKVYVMBK-UHFFFAOYSA-N,2015,EC50,6.409995
MAFQRGJTJAMOBM-UHFFFAOYSA-N,2020,EC50,5.283997
MAKSMZIXXYIHFQ-UHFFFAOYSA-N,2014,Ki,7.638272
MALJSBPAAUAUNQ-UHFFFAOYSA-N,2007,Ki,5.337242
MALMJWHGEVOLFD-UHFFFAOYSA-N,2015,Ki,6.166216
MAMYYNBMHYGSHM-UHFFFAOYSA-N,2010,Ki,7.494850
MAMYYNBMHYGSHM-UHFFFAOYSA-N,2010,Ki,7.318759
MANFPBYSLSMBGM-UHFFFAOYSA-N,2022,Ki,7.090016
MANJQFBEPDLLON-XUTJKUGGSA-N,2020,Ki,6.638272
MANJQFBEPDLLON-XUTJKUGGSA-N,2022,Ki,6.638272
MAOSODQBBXGYHQ-UHFFFAOYSA-N,2021,Ki,6.966576
MAPGIJMBSHARKF-UHFFFAOYSA-N,2014,Ki,7.316053
MAPGIJMBSHARKF-UHFFFAOYSA-N,2014,Ki,7.320027
MAQDCPYEDSDANP-UHFFFAOYSA-N,2016,Ki,6.117475
MAQDCPYEDSDANP-UHFFFAOYSA-N,2016,Ki,6.119999
MASFGJOTAOERQU-JKIUYZKVSA-N,2014,Ki,7.543179
MAVGNSNQMXBEHU-UHFFFAOYSA-N,2000,Ki,5.251812
MAVGNSNQMXBEHU-UHFFFAOYSA-N,2000,Ki,5.602060
MAVKXNFNVZFXTG-UHFFFAOYSA-N,2019,IC50,7.209715
MBCROYIVEQFERC-IYARVYRRSA-N,2023,Ki,5.795880
MBCXFUUKTICCLI-URZIEALYSA-N,2013,IC50,5.571865
MBCXFUUKTICCLI-URZIEALYSA-N,2013,EC50,6.414539
MBEOKTTWXVWRIU-UHFFFAOYSA-N,2020,Ki,7.853872
MBFSQZAMVIHRPT-UHFFFAOYSA-N,2013,Ki,6.055517
MBJIMEPOUWVXCI-KESTWPANSA-N,1997,Ki,8.187087
MBMINXDPXIMQPF-UHFFFAOYSA-N,2017,Ki,9.040959
MBMINXDPXIMQPF-UHFFFAOYSA-N,2017,Ki,9.283997
MBMINXDPXIMQPF-UHFFFAOYSA-N,2017,EC50,6.060481
MBMKBYGCQNWXCQ-UHFFFAOYSA-N,2003,Ki,7.602060
MBSIGRZACGJWRM-UHFFFAOYSA-N,2002,Ki,6.508638
MBSIGRZACGJWRM-UHFFFAOYSA-N,2002,Ki,6.508638
MBSIGRZACGJWRM-UHFFFAOYSA-N,2007,Ki,6.509999
MBSIGRZACGJWRM-UHFFFAOYSA-N,2009,Ki,6.920819
MBSIGRZACGJWRM-UHFFFAOYSA-N,2009,Ki,6.823909
MBSIGRZACGJWRM-UHFFFAOYSA-N,2009,Ki,6.508638
MBSIGRZACGJWRM-UHFFFAOYSA-N,2015,Ki,7.004365
MBSIGRZACGJWRM-UHFFFAOYSA-N,2017,Ki,6.568636
MBSIGRZACGJWRM-UHFFFAOYSA-N,2017,Ki,6.698970
MBUVEWMHONZEQD-UHFFFAOYSA-N,2024,Ki,5.929401
MBVUGYVCCHAKHM-WBANQOEISA-N,2000,Ki,6.499997
MBVXIDMKZKQKDD-JUUMZCOKSA-N,2014,Ki,6.741650
MBWYSJMSOMZNFK-KNGAYFSHSA-N,2018,IC50,8.275724
MBXCICNJZAYLEN-UHFFFAOYSA-N,1997,Ki,7.500038
MBYKQBGSIZDRKG-NMWGTECJSA-N,2006,EC50,6.436519
MBYOOAKPAWQCID-UHFFFAOYSA-N,2010,Ki,8.180456
MBZHXLWMUXOLDU-UHFFFAOYSA-N,2019,Ki,5.799971
MCDAEUYVUVDWKX-JXHJALMBSA-N,2015,Ki,7.406714
MCEJQEMDOAWBEA-UHFFFAOYSA-N,2020,Ki,7.259637
MCEZEYQBZANHFL-UHFFFAOYSA-N,2022,Ki,7.221849
MCFFIBILMUFGPB-GGYDESQDSA-N,2020,Ki,6.537602
MCFFIBILMUFGPB-GGYDESQDSA-N,2022,Ki,6.537602
MCHYZZVQJHNDSP-UHFFFAOYSA-N,2017,Ki,5.980468
MCHYZZVQJHNDSP-UHFFFAOYSA-N,2018,Ki,5.980468
MCIWPVPYVLZFFO-UHFFFAOYSA-N,2012,EC50,6.300162
MCIWPVPYVLZFFO-UHFFFAOYSA-N,2012,Ki,6.966576
MCIWPVPYVLZFFO-UHFFFAOYSA-N,2015,Ki,6.966576
MCIWPVPYVLZFFO-UHFFFAOYSA-N,2015,EC50,8.244125
MCIWPVPYVLZFFO-UHFFFAOYSA-N,2015,EC50,6.399027
MCJDONVFVRLBAL-ILBGXUMGSA-N,2021,Ki,6.140862
MCJPCWOSNLXXLG-UHFFFAOYSA-N,1997,Ki,5.931814
MCJPCWOSNLXXLG-UHFFFAOYSA-N,2021,Ki,5.931814
MCNXDINEERCWGB-IBGZPJMESA-N,2023,Ki,6.090979
MCSZDZVTMAGPMA-UHFFFAOYSA-N,1996,Ki,6.153045
MCVRJCMPRFQPOR-UHFFFAOYSA-N,2015,EC50,6.315155
MCVRJCMPRFQPOR-UHFFFAOYSA-N,2015,EC50,6.320000
MCWADYMQWQHSRA-UHFFFAOYSA-N,2018,IC50,7.962574
MCWNRJVMXBUUPG-OAHLLOKOSA-N,1994,Ki,6.974694
MCWYCVLTQSVHRD-UHFFFAOYSA-N,2021,Ki,6.579549
MCWYCVLTQSVHRD-UHFFFAOYSA-N,2021,Ki,6.579995
MCWYCVLTQSVHRD-UHFFFAOYSA-N,2021,EC50,7.661544
MCWYCVLTQSVHRD-UHFFFAOYSA-N,2021,EC50,7.659953
MCYLXTMEEBXVDF-UHFFFAOYSA-N,2014,Ki,9.000000
MCZWBSFGGNTCLH-QHCPKHFHSA-N,2012,IC50,6.599998
MDBWEQVKJDMEMK-AWEZNQCLSA-N,1996,Ki,8.221849
MDBWEQVKJDMEMK-AWEZNQCLSA-N,1996,Ki,7.853872
MDBWEQVKJDMEMK-AWEZNQCLSA-N,2012,EC50,7.387216
MDBWEQVKJDMEMK-AWEZNQCLSA-N,2016,Ki,8.148742
MDBWEQVKJDMEMK-AWEZNQCLSA-N,2023,EC50,7.387216
MDBWEQVKJDMEMK-CQSZACIVSA-N,1996,Ki,7.045757
MDBWEQVKJDMEMK-CQSZACIVSA-N,1996,Ki,7.258848
MDBWEQVKJDMEMK-UHFFFAOYSA-N,1995,Ki,7.585027
MDBWEQVKJDMEMK-UHFFFAOYSA-N,1995,Ki,8.221849
MDBWEQVKJDMEMK-UHFFFAOYSA-N,2009,EC50,7.982967
MDBWEQVKJDMEMK-UHFFFAOYSA-N,2010,Ki,7.230623
MDBWEQVKJDMEMK-UHFFFAOYSA-N,2010,EC50,7.385103
MDBWEQVKJDMEMK-UHFFFAOYSA-N,2010,Ki,7.230623
MDCLDPYRUQCBTL-UHFFFAOYSA-N,2003,Ki,6.935542
MDCLDPYRUQCBTL-UHFFFAOYSA-N,2003,Ki,7.207608
MDDQIOXYIZYHFT-UHFFFAOYSA-N,2010,Ki,6.199998
MDDQIOXYIZYHFT-UHFFFAOYSA-N,2010,Ki,7.100015
MDHNTQJUKKBCMM-UHFFFAOYSA-N,2010,Ki,6.499997
MDHWQDYGWGZBFM-UHFFFAOYSA-N,2020,IC50,7.169989
MDLAAYDRRZXJIF-UHFFFAOYSA-N,2018,Ki,6.798603
MDLOPRPXCUEGCT-UHFFFAOYSA-N,2021,Ki,6.782516
MDNAENMGHFQWFO-UKIBZPOASA-N,2013,Ki,7.630042
MDOABQRXGLAWHC-UHFFFAOYSA-N,2020,Ki,4.698970
MDOKTLACQIDXQG-HZCBDIJESA-N,2007,Ki,7.443697
MDOKTLACQIDXQG-SZPZYZBQSA-N,2007,Ki,7.431798
MDOWWNIPKFDTJY-UHFFFAOYSA-N,2014,Ki,7.126098
MDOWWNIPKFDTJY-UHFFFAOYSA-N,2014,Ki,7.130006
MDOWWNIPKFDTJY-UHFFFAOYSA-N,2014,IC50,8.400117
MDOWWNIPKFDTJY-UHFFFAOYSA-N,2014,IC50,8.400008
MDQMLURYMYEWDH-UHFFFAOYSA-N,2014,Ki,7.318759
MDQWSMFPLDSLBV-UHFFFAOYSA-N,2003,Ki,6.522879
MDSGWCGOSTVFAW-JKIUYZKVSA-N,2022,Ki,6.795880
MDSPSIGBYYNTOP-UHFFFAOYSA-N,2020,Ki,5.396639
MDTYNDPHGHTQTJ-QHCPKHFHSA-N,2010,Ki,8.427128
MDVZGZXQJCCESG-UHFFFAOYSA-N,2022,Ki,5.673255
MEEJIZJKZLHYFR-UHFFFAOYSA-N,2009,Ki,7.301030
MEGAXNIFTOHERJ-UKRRQHHQSA-N,2014,EC50,9.853872
MEHMCAALFDXXGP-UHFFFAOYSA-N,2006,Ki,6.025488
MEPWUVRGPZZAFY-UHFFFAOYSA-N,1999,Ki,6.214670
METGQDKTGGXZGK-UHFFFAOYSA-N,2006,Ki,6.694649
MFAOTUDCDBJKBZ-JKIUYZKVSA-N,2014,Ki,6.515700
MFGYZKGJWDJWAA-UHFFFAOYSA-N,2002,Ki,4.229148
MFGYZKGJWDJWAA-UHFFFAOYSA-N,2002,Ki,4.236572
MFLTUPXICJHQFA-UHFFFAOYSA-N,2000,Ki,6.581699
MFRGANBNUOPMSD-UHFFFAOYSA-N,2023,Ki,6.657577
MFRGANBNUOPMSD-UHFFFAOYSA-N,2023,Ki,7.055517
MFUJTRBRNGOLSJ-UHFFFAOYSA-N,2018,Ki,6.106793
MFVZCUGAIPDSAL-XBXARRHUSA-N,1999,Ki,6.699992
MGAAMGRSXKBQAO-UHFFFAOYSA-N,2019,IC50,4.146077
MGAPVOBBWDUNPY-UHFFFAOYSA-N,2013,IC50,6.060481
MGAPVOBBWDUNPY-UHFFFAOYSA-N,2013,Ki,7.823909
MGAQDUSMABIJCH-ZDUSSCGKSA-N,1989,Ki,5.740000
MGBCSHBNZNTBPJ-UHFFFAOYSA-N,2016,Ki,5.610834
MGBCZDZRQGYLRL-UHFFFAOYSA-N,2006,Ki,7.080922
MGDBVKSSHFDIJD-UHFFFAOYSA-N,2013,Ki,6.552842
MGDSRFOVDPARJD-UHFFFAOYSA-N,2014,Ki,6.153663
MGDSRFOVDPARJD-UHFFFAOYSA-N,2014,Ki,6.829738
MGDSRFOVDPARJD-UHFFFAOYSA-N,2014,IC50,5.638272
MGDSRFOVDPARJD-UHFFFAOYSA-N,2014,IC50,6.583359
MGDSRFOVDPARJD-UHFFFAOYSA-N,2014,IC50,6.954677
MGDSRFOVDPARJD-UHFFFAOYSA-N,2014,Ki,6.291579
MGDSRFOVDPARJD-UHFFFAOYSA-N,2017,Ki,6.291579
MGDSRFOVDPARJD-UHFFFAOYSA-N,2018,Ki,6.291579
MGGGAIHRQKOLDH-UHFFFAOYSA-N,2020,Ki,5.965011
MGHCXXOUHAVDNX-UHFFFAOYSA-N,2020,Ki,5.758703
MGHCXXOUHAVDNX-UHFFFAOYSA-N,2022,Ki,5.758703
MGIQZTZYUIHPIO-UHFFFAOYSA-N,2019,IC50,4.148344
MGKAAGLTHAMQST-UHFFFAOYSA-N,2010,Ki,8.619789
MGLBPQCNRNAVCP-UHFFFAOYSA-N,2013,Ki,6.903090
MGLROOVVYGGYLB-WKILWMFISA-N,2023,Ki,5.721246
MGMRTFVVFOMBEF-UHFFFAOYSA-N,2018,IC50,7.271646
MGOGLRASNXTNEH-BUHFOSPRSA-N,2003,Ki,7.853872
MGOVFKYGYIQOQX-UHFFFAOYSA-N,2018,Ki,5.304256
MGPBHFVVGJDFMY-OXJNMPFZSA-N,2019,Ki,6.649752
MGPBHFVVGJDFMY-OXJNMPFZSA-N,2020,Ki,6.649752
MGPBHFVVGJDFMY-UHFFFAOYSA-N,2016,Ki,6.199998
MGPBHFVVGJDFMY-UHFFFAOYSA-N,2016,Ki,6.599998
MGPBHFVVGJDFMY-UHFFFAOYSA-N,2016,Ki,6.499997
MGPBHFVVGJDFMY-UHFFFAOYSA-N,2019,Ki,6.489455
MGPBHFVVGJDFMY-UHFFFAOYSA-N,2020,Ki,6.489455
MGPBHFVVGJDFMY-UZLBHIALSA-N,2019,Ki,6.179799
MGPBHFVVGJDFMY-UZLBHIALSA-N,2020,Ki,6.179799
MGPVNTUQZHCXQW-UHFFFAOYSA-N,2010,Ki,6.799998
MGPVNTUQZHCXQW-UHFFFAOYSA-N,2010,Ki,7.700057
MGQKWJNIGIMBFF-UHFFFAOYSA-N,2010,Ki,6.599998
MGRVYPIMNDNBRD-XUTJKUGGSA-N,2014,Ki,7.311135
MGSKAXDKJKXHKT-UHFFFAOYSA-N,2013,Ki,7.853872
MGSKAXDKJKXHKT-UHFFFAOYSA-N,2019,Ki,7.853872
MGUCYNMYMMBXDP-UHFFFAOYSA-N,2010,Ki,9.090444
MGVCSHAKSCIEBU-AWEZNQCLSA-N,2022,Ki,6.259637
MGVDVMXKPXRHQC-KRWDZBQOSA-N,2012,IC50,6.288648
MGVDVMXKPXRHQC-KRWDZBQOSA-N,2012,Ki,6.832712
MGVDVMXKPXRHQC-KRWDZBQOSA-N,2013,Ki,6.832683
MGZOXAOAEVISHM-UHFFFAOYSA-N,2002,Ki,6.113509
MHBUXFIHOVRGPW-UHFFFAOYSA-N,1996,Ki,7.400008
MHGTXXJLRSTLOC-UHFFFAOYSA-N,2010,Ki,8.744727
MHHLELSXRBTNRD-GXTWGEPZSA-N,1993,Ki,7.124939
MHHLELSXRBTNRD-GXTWGEPZSA-N,1993,Ki,6.966576
MHHLELSXRBTNRD-OCCSQVGLSA-N,1993,Ki,7.229148
MHHLELSXRBTNRD-PYMCNQPYSA-N,1993,Ki,7.229148
MHHLELSXRBTNRD-TYZXPVIJSA-N,1993,Ki,6.966576
MHHLELSXRBTNRD-TZMCWYRMSA-N,1993,Ki,8.387216
MHHLELSXRBTNRD-UHFFFAOYSA-N,1993,Ki,7.124939
MHHLELSXRBTNRD-UHFFFAOYSA-N,1993,Ki,8.387216
MHMZJEYRSGRQHH-UHFFFAOYSA-N,2008,Ki,7.075721
MHMZJEYRSGRQHH-UHFFFAOYSA-N,2008,Ki,6.966576
MHNSOBBJZCWUGS-UHFFFAOYSA-N,2024,Ki,6.115001
MHNXSUUHELFLSP-UHFFFAOYSA-N,2010,EC50,6.966576
MHPHRNFSAZNRAT-UHFFFAOYSA-N,2010,Ki,5.599999
MHRUHQSEUXHBOR-UHFFFAOYSA-N,2005,Ki,7.619789
MHVPLSWUUSVXMG-QGZVFWFLSA-N,2002,Ki,5.226214
MHVPLSWUUSVXMG-UHFFFAOYSA-N,2002,Ki,5.276791
MHWQTAMSWKHOKQ-UHFFFAOYSA-N,2020,EC50,5.958607
MHYHDPMWTXPZLG-JKIUYZKVSA-N,2013,Ki,6.418847
MIDQPNSXCMMZSS-GOSISDBHSA-N,2020,Ki,9.029979
MIDQPNSXCMMZSS-SFHVURJKSA-N,2020,Ki,7.910095
MIEJOQGHYSYEFX-UHFFFAOYSA-N,2010,Ki,8.602060
MIOMZHKUIQMOIR-GOTSBHOMSA-N,2011,Ki,5.869666
MIVAZVMVBOSSKJ-MTIDIVMFSA-N,2020,Ki,7.259637
MIXXVGJQYQTQIC-UHFFFAOYSA-N,2010,Ki,8.049635
MJAKYGLXMJNUID-UHFFFAOYSA-N,2007,Ki,7.080922
MJBAWGDDLVDCAJ-UHFFFAOYSA-N,1987,EC50,6.863279
MJDBJIACJNGVIM-UHFFFAOYSA-N,2007,Ki,6.327902
MJDLYRJRCRLNGE-UHFFFAOYSA-N,2011,EC50,6.021819
MJGBQWPHMBBNAH-SNAWJCMRSA-N,2013,Ki,7.178486
MJJALKDDGIKVBE-UHFFFAOYSA-N,1995,IC50,7.214670
MJJALKDDGIKVBE-UHFFFAOYSA-N,,IC50,5.939642
MJJALKDDGIKVBE-UHFFFAOYSA-N,,Ki,6.416801
MJKPZFAVGMHXNU-UHFFFAOYSA-N,2017,Ki,7.853872
MJNKHSYDQLOGOJ-UHFFFAOYSA-N,2019,Ki,4.334794
MJNKHSYDQLOGOJ-UHFFFAOYSA-N,2019,IC50,4.329801
MJNKHSYDQLOGOJ-UHFFFAOYSA-N,2019,IC50,4.150562
MJOVYQVAQIHDSE-DKSPCFMDSA-N,2013,Ki,5.292771
MJPCQTFHQPZUOE-JTQLQIEISA-N,2010,IC50,8.770062
MJTGBGFLMDUFKD-UHFFFAOYSA-N,2015,Ki,7.275724
MJUZYNLBBPDZMI-QPPBQGQZSA-N,2016,Ki,5.830000
MJWAVTIYFCPJPE-MJGBDJQUSA-N,2021,Ki,7.359519
MJWBNONYVUDZCQ-UHFFFAOYSA-N,2006,Ki,5.455932
MJWBNONYVUDZCQ-UHFFFAOYSA-N,2006,Ki,5.455932
MJWITHOHGGKZJZ-UHFFFAOYSA-N,1997,Ki,6.571865
MJWITHOHGGKZJZ-UHFFFAOYSA-N,2005,Ki,6.570006
MJZQRNCUULBFRH-CYBMUJFWSA-N,1989,Kd,7.701147
MJZQRNCUULBFRH-CYBMUJFWSA-N,1989,Kd,5.481486
MKCVGRWVINXSAR-UHFFFAOYSA-N,2007,Ki,7.528708
MKCVGRWVINXSAR-UHFFFAOYSA-N,2007,EC50,7.698970
MKDLXJCYMYXNFZ-UHFFFAOYSA-N,2013,IC50,6.221849
MKDLXJCYMYXNFZ-UHFFFAOYSA-N,2013,Ki,7.124939
MKFJWCIOEBXNLP-LBPRGKRZSA-N,2010,IC50,8.960189
MKFLLIOTPQMWSL-UHFFFAOYSA-N,2019,IC50,7.294992
MKGANIZVJZGXEI-UHFFFAOYSA-N,2019,Ki,6.819989
MKHIWRPHVPOJRQ-UHFFFAOYSA-N,2010,Ki,7.236572
MKIPKEANVGLYQX-UHFFFAOYSA-N,2003,Ki,7.698970
MKIYNFAWYNPOJY-UHFFFAOYSA-N,2002,Ki,5.280089
MKJHGVZTPBBKML-UHFFFAOYSA-N,1998,Ki,7.058986
MKKJVJCUFYKFLO-AQYVVDRMSA-N,2014,Ki,6.386158
MKKXAOFXDHLBSO-UHFFFAOYSA-N,2011,Ki,5.989276
MKKZZPATQDBJPJ-OUKQBFOZSA-N,2003,Ki,7.939302
MKLCNRHAJGACTJ-UHFFFAOYSA-N,2018,Ki,5.794254
MKNKEMCPBIDCMA-UHFFFAOYSA-N,2005,Ki,8.366532
MKNLGRDWBBCEHS-JOCHJYFZSA-N,2018,Ki,8.522879
MKNLGRDWBBCEHS-QFIPXVFZSA-N,2018,Ki,7.431798
MKNOKGDTUIIQRL-UHFFFAOYSA-N,2014,Ki,5.600846
MKNRXBPDERAOEB-QGZVFWFLSA-N,2002,Ki,6.543634
MKNRXBPDERAOEB-UHFFFAOYSA-N,2002,Ki,6.052076
MKRIRFBTLSNVCR-UHFFFAOYSA-N,2010,Ki,8.638272
MKRKVCYLRHDJLG-UHFFFAOYSA-N,2010,Ki,6.499997
MKSFZMXFGKIKIM-UHFFFAOYSA-N,2016,Ki,6.552842
MKSZBVGKVNJQKZ-UHFFFAOYSA-N,2018,Ki,6.518557
MLBSOKIQLFIALN-UHFFFAOYSA-N,2019,Ki,6.609065
MLCJDDIDLGWZFT-UHFFFAOYSA-N,2007,Ki,7.621602
MLDCBJPLHBPJET-UHFFFAOYSA-N,1994,Ki,6.193820
MLHOXJCQVSTIML-UHFFFAOYSA-N,2000,Ki,6.026872
MLHOXJCQVSTIML-UHFFFAOYSA-N,2000,Ki,6.200659
MLHRKLZCJRKSHO-UHFFFAOYSA-N,2010,Ki,7.500038
MLHRKLZCJRKSHO-UHFFFAOYSA-N,2010,Ki,7.500038
MLHRKLZCJRKSHO-UHFFFAOYSA-N,2010,Ki,7.500038
MLIIQBGETYKWJT-UHFFFAOYSA-N,2020,IC50,5.892790
MLIIQBGETYKWJT-UHFFFAOYSA-N,2021,Ki,9.522879
MLKJSRUZFXLXTL-KESTWPANSA-N,2013,Ki,6.556909
MLMPITXUNSOGFE-UHFFFAOYSA-N,2003,Ki,6.987163
MLMRVUPVIXISEB-FCDQGJHFSA-N,2006,Ki,7.116339
MLOKWLKRFPWEHA-UHFFFAOYSA-N,2017,Ki,5.869023
MLOKWLKRFPWEHA-UHFFFAOYSA-N,2018,Ki,5.869023
MLPGCAWHLVVATJ-UHFFFAOYSA-N,2015,Ki,7.275724
MLPGCAWHLVVATJ-UHFFFAOYSA-N,2015,Ki,7.318759
MLQFCCRYUWOUAD-UHFFFAOYSA-N,2018,EC50,7.214670
MLQFCCRYUWOUAD-UHFFFAOYSA-N,2018,EC50,6.221849
MLQFCCRYUWOUAD-UHFFFAOYSA-N,2018,EC50,6.267606
MLQFCCRYUWOUAD-UHFFFAOYSA-N,2022,Ki,6.259637
MLSIVBGRMUBBOL-NVXWUHKLSA-N,1997,Ki,6.399997
MLTDYDQBGQSVJK-LSTHTHJFSA-N,2021,Ki,8.019542
MLTDYDQBGQSVJK-PWIZWCRZSA-N,2021,Ki,7.308919
MLUHKGHTLUYKBS-UHFFFAOYSA-N,2007,Ki,6.231362
MLURUQHLUHYMEL-YVWKXTFCSA-N,2023,Ki,6.537602
MLUVBFQPCVSGBZ-LMTLIKQPSA-N,2009,Ki,6.199998
MLUVBFQPCVSGBZ-LMTLIKQPSA-N,2009,Ki,6.199998
MLWMWKMYRSHCPJ-UHFFFAOYSA-N,2011,IC50,6.866461
MLYZNZVURPVMPQ-KRWDZBQOSA-N,2016,Ki,6.475760
MLYZNZVURPVMPQ-KRWDZBQOSA-N,2016,IC50,5.762557
MLYZNZVURPVMPQ-KRWDZBQOSA-N,2016,EC50,5.394695
MLYZNZVURPVMPQ-UHFFFAOYSA-N,2016,EC50,5.481486
MMCFMTIBVMIETA-DJIMGWMZSA-N,2023,Ki,5.958607
MMCMKWDIEUZMQB-UHFFFAOYSA-N,2002,Ki,5.226214
MMHPZQOEUVHNBB-UHFFFAOYSA-N,2007,Ki,6.299998
MMJQZWCPJZFPIH-UHFFFAOYSA-N,2021,Ki,6.879426
MMNXGMKPQQFESW-MEMLXQNLSA-N,2007,Ki,7.508638
MMNXGMKPQQFESW-OYRHEFFESA-N,2007,Ki,6.826814
MMTKBQGOVDOJAE-UHFFFAOYSA-N,1997,Ki,5.259637
MMTKBQGOVDOJAE-UHFFFAOYSA-N,2021,Ki,5.259637
MMWBGBOMWXSDFR-UHFFFAOYSA-N,2015,Ki,7.331614
MMWFSCPVPRCGOG-UHFFFAOYSA-N,2010,Ki,8.282329
MMZBVOVVPMVDQY-UHFFFAOYSA-N,2021,Ki,6.341035
MMZCHCQVBLYIRF-UHFFFAOYSA-N,2021,Ki,8.853872
MMZIPJNBJQJCBM-UHFFFAOYSA-N,1999,Ki,7.489455
MNAFRWGRFIBAQX-AVRDEDQJSA-N,2016,Ki,6.180002
MNAFRWGRFIBAQX-AVRDEDQJSA-N,2016,Ki,6.050000
MNAFRWGRFIBAQX-AVRDEDQJSA-N,2019,Ki,6.730487
MNAFRWGRFIBAQX-GCJKJVERSA-N,2016,Ki,6.530001
MNAFRWGRFIBAQX-GCJKJVERSA-N,2016,Ki,6.669992
MNAFRWGRFIBAQX-GCJKJVERSA-N,2016,Ki,7.130006
MNAFRWGRFIBAQX-PGRDOPGGSA-N,2019,Ki,7.130182
MNAFRWGRFIBAQX-XMSQKQJNSA-N,2016,Ki,6.199998
MNAFRWGRFIBAQX-XMSQKQJNSA-N,2019,Ki,6.410050
MNAFRWGRFIBAQX-YSYXNDDBSA-N,2019,Ki,6.459671
MNEKFHUJJOMPGH-UHFFFAOYSA-N,2019,Ki,8.376751
MNHDFUXFTNHWBU-UHFFFAOYSA-N,2016,Ki,5.168130
MNHDKMDLOJSCGN-UHFFFAOYSA-N,2002,Ki,6.677781
MNHDKMDLOJSCGN-UHFFFAOYSA-N,2002,Ki,6.677781
MNHDKMDLOJSCGN-UHFFFAOYSA-N,2003,Ki,7.214670
MNHDKMDLOJSCGN-UHFFFAOYSA-N,2005,Ki,6.657577
MNHDKMDLOJSCGN-UHFFFAOYSA-N,2005,Ki,6.698970
MNHDKMDLOJSCGN-UHFFFAOYSA-N,2005,Ki,7.214670
MNHDKMDLOJSCGN-UHFFFAOYSA-N,2006,Ki,6.698970
MNHDKMDLOJSCGN-UHFFFAOYSA-N,2006,Ki,6.657577
MNHDKMDLOJSCGN-UHFFFAOYSA-N,2007,Ki,6.679999
MNHDKMDLOJSCGN-UHFFFAOYSA-N,2007,Ki,7.283997
MNHDKMDLOJSCGN-UHFFFAOYSA-N,2011,Ki,7.473661
MNHDKMDLOJSCGN-UHFFFAOYSA-N,2013,Ki,7.214670
MNHDKMDLOJSCGN-UHFFFAOYSA-N,2016,Ki,6.730487
MNHDKMDLOJSCGN-UHFFFAOYSA-N,2020,Ki,6.607303
MNHDKMDLOJSCGN-UHFFFAOYSA-N,2021,Ki,7.161151
MNHDKMDLOJSCGN-UHFFFAOYSA-N,2024,Ki,6.841457
MNHUYGGZIREYSK-UHFFFAOYSA-N,2017,Ki,6.000869
MNHUYGGZIREYSK-UHFFFAOYSA-N,2018,Ki,6.000869
MNKNLCYNBZXMAQ-JTQLQIEISA-N,2010,IC50,8.100015
MNPQCNYHSBXSTH-UHFFFAOYSA-N,2017,Ki,6.118045
MNPQCNYHSBXSTH-UHFFFAOYSA-N,2018,Ki,6.118045
MNRVQQMXCSSSJO-UHFFFAOYSA-N,2019,Ki,7.429457
MNRVQQMXCSSSJO-UHFFFAOYSA-N,2020,Ki,7.429457
MNTHFSDLZXHALL-AQYVVDRMSA-N,1994,EC50,8.309804
MNUMQOWSJLDQOS-QGZVFWFLSA-N,2003,Ki,6.721246
MNUMQOWSJLDQOS-QGZVFWFLSA-N,2003,Ki,7.154902
MNUMQOWSJLDQOS-QGZVFWFLSA-N,2003,Ki,7.221849
MNUMQOWSJLDQOS-QGZVFWFLSA-N,2003,Ki,7.638272
MNVDCQLMHFFYCU-UHFFFAOYSA-N,2012,Ki,7.619789
MNVDCQLMHFFYCU-UHFFFAOYSA-N,2012,Ki,7.481486
MNVDCQLMHFFYCU-UHFFFAOYSA-N,2021,Ki,7.481486
MNVXJRRRFDLIDB-UHFFFAOYSA-N,1998,IC50,7.301030
MNXNYFBCTGEMEN-IYARVYRRSA-N,2016,Ki,7.602060
MNZXUJMLYMHIPK-UHFFFAOYSA-N,2008,Ki,7.677781
MOARTSKNGANIHC-UHFFFAOYSA-N,2007,Ki,6.970616
MOBMWPPSJIZIKV-OKDASEJXSA-N,2014,Ki,7.818442
MOBNYRULIPETHC-NSHDSACASA-N,2010,IC50,6.499997
MOBPOBWCTFHVAW-WVPZODRTSA-N,2003,Ki,6.699992
MODBIBJHAWXYOZ-LLVKDONJSA-N,2021,Kd,10.826814
MODBIBJHAWXYOZ-LLVKDONJSA-N,2021,Kd,10.826814
MOEOMZHUFXSZAA-KNQAVFIVSA-N,2017,Ki,6.739929
MOEWVEFEDPVMRY-UHFFFAOYSA-N,2016,Ki,5.285084
MOHZYINNROZMOQ-YLIUREIVSA-N,2014,Ki,7.000869
MOIAIVHWYHJNIE-ROUUACIJSA-N,2017,Ki,7.701147
MOILCHAIWOKCMX-PTIQDJESSA-N,2006,Ki,5.301030
MOINQXFCUHCNNN-SAABIXHNSA-N,2014,Ki,7.426316
MOJPVHLAGWNFCV-UHFFFAOYSA-N,2003,Ki,7.397940
MONABEPWKHXIEW-UHFFFAOYSA-N,2006,Ki,7.031517
MONKRYYJEIHBRU-UHFFFAOYSA-N,2001,Ki,6.455932
MONYXZRGXBZUEX-UHFFFAOYSA-N,2007,Ki,6.752027
MOONEVNPHKFNGV-UHFFFAOYSA-N,2021,Ki,5.000000
MOONEVNPHKFNGV-UHFFFAOYSA-N,2021,Ki,5.000000
MOWGNBXIJRPPMR-UHFFFAOYSA-N,1999,Ki,5.252588
MOXRKUZTWOCHHC-UHFFFAOYSA-N,2014,Ki,7.200659
MPALQAVMNOPPNR-UHFFFAOYSA-N,2020,Ki,5.990549
MPALQAVMNOPPNR-UHFFFAOYSA-N,2022,Ki,5.990549
MPCXQPXCYDDJSR-UHFFFAOYSA-N,1997,Ki,5.026872
MPCXQPXCYDDJSR-UHFFFAOYSA-N,1997,IC50,5.987163
MPDFDNDIHGRXBJ-UHFFFAOYSA-N,2002,Ki,6.958607
MPDFDNDIHGRXBJ-UHFFFAOYSA-N,2002,Ki,7.187087
MPDQCQJPJRABDG-UHFFFAOYSA-N,2019,IC50,6.568636
MPGMPOGACCSYRN-UHFFFAOYSA-N,2002,Ki,5.902396
MPHMCUFLRDUBRA-JTQLQIEISA-N,2021,Ki,8.645892
MPKCUAWIBWMDIB-UHFFFAOYSA-N,2019,IC50,7.289883
MPKOEBIUVHSEOH-ZVWHWTBFSA-N,2023,Ki,6.214670
MPLFGWFRVWQFNU-UHFFFAOYSA-N,2017,Ki,6.829738
MPLFOTCUGHQPTL-UHFFFAOYSA-N,2001,Ki,6.083546
MPLKOFSZQUCZEC-UHFFFAOYSA-N,2009,Ki,7.407823
MPNCNHGPKFXJQG-QAQDUYKDSA-N,2022,Ki,6.537602
MPRKJVQRTVEJJH-UHFFFAOYSA-N,2019,Ki,7.832683
MPRKJVQRTVEJJH-UHFFFAOYSA-N,2019,Ki,7.651695
MPRVFPKBKLXAAW-UHFFFAOYSA-N,2002,Ki,5.472886
MPRZCISVIKBQND-UHFFFAOYSA-N,2003,Ki,6.335358
MPSHNCDBMKEJJX-FQEVSTJZSA-N,2005,Ki,5.823909
MPTLULQFGUQHHY-JLHYYAGUSA-N,2003,Ki,7.116907
MPUAIZDJLBYYSS-UHFFFAOYSA-N,2002,Ki,6.167491
MPWWGTFDWDZHRM-UHFFFAOYSA-N,2014,Ki,8.537602
MPYBYEHRQXVCIP-ONEGZZNKSA-N,2005,Ki,7.116339
MPYBYEHRQXVCIP-ONEGZZNKSA-N,2005,Ki,7.116339
MPYBYEHRQXVCIP-ONEGZZNKSA-N,2005,Ki,6.882729
MPYBYEHRQXVCIP-ONEGZZNKSA-N,2005,IC50,6.954677
MQDDJWTVOBHYHX-UHFFFAOYSA-N,2016,Ki,6.159267
MQDDJWTVOBHYHX-UHFFFAOYSA-N,2020,Ki,6.159267
MQFCUOQOVNYIGJ-CALCHBBNSA-N,2018,Ki,5.495529
MQHGUIVIAMHZIK-UHFFFAOYSA-N,2023,Ki,6.962574
MQHGUIVIAMHZIK-UHFFFAOYSA-N,2023,Ki,6.959991
MQHGUIVIAMHZIK-UHFFFAOYSA-N,2023,EC50,7.517126
MQHGUIVIAMHZIK-UHFFFAOYSA-N,2023,EC50,7.519993
MQHGUIVIAMHZIK-UHFFFAOYSA-N,2023,EC50,7.913640
MQHGUIVIAMHZIK-UHFFFAOYSA-N,2023,EC50,7.910095
MQISIMYBHGTURV-UHFFFAOYSA-N,2010,EC50,8.000000
MQISIMYBHGTURV-UHFFFAOYSA-N,2010,Ki,7.599980
MQJQYLQPSMPNAA-UHFFFAOYSA-N,2020,EC50,6.102373
MQJQYLQPSMPNAA-UHFFFAOYSA-N,2023,EC50,6.102373
MQJQYLQPSMPNAA-UHFFFAOYSA-N,2023,EC50,6.102373
MQJZTAUHHVXOSQ-UHFFFAOYSA-N,2021,Ki,6.602060
MQJZTAUHHVXOSQ-UHFFFAOYSA-N,2021,EC50,6.266001
MQKYKBUIIVGNTD-UHFFFAOYSA-N,2023,Ki,6.031050
MQMHUVUFIHZNDA-UHFFFAOYSA-N,2019,Kd,7.659953
MQMHUVUFIHZNDA-UHFFFAOYSA-N,2019,Ki,7.659953
MQNHHBZFJXKPQN-UHFFFAOYSA-N,2017,Ki,7.443697
MQWDTDMXDZXQGS-UHFFFAOYSA-N,2014,Ki,5.336865
MQWDTDMXDZXQGS-UHFFFAOYSA-N,2017,Ki,5.336865
MQWDTDMXDZXQGS-UHFFFAOYSA-N,2018,Ki,5.336865
MQXFERLTNJGIPG-UHFFFAOYSA-N,2004,Ki,6.650004
MQXNRLRUBRWERN-FQEVSTJZSA-N,2021,Ki,7.559091
MRFCADRSWRCQFQ-UHFFFAOYSA-N,2016,Ki,6.799998
MRFCADRSWRCQFQ-UHFFFAOYSA-N,2019,Ki,6.838632
MRFCADRSWRCQFQ-UHFFFAOYSA-N,2020,Ki,6.838632
MRFLPGUUAPCTFB-RDGATRHJSA-N,2016,Ki,5.910000
MRGKIYOXZKSZPO-UHFFFAOYSA-N,2013,Ki,9.721246
MRMFTAYATXSTSO-UHFFFAOYSA-N,2017,Ki,6.218245
MRMFTAYATXSTSO-UHFFFAOYSA-N,2018,Ki,6.218245
MRMGHZXOIGVEQW-BSYVCWPDSA-N,2006,Ki,6.863279
MRQHTSWENGWSMD-UHFFFAOYSA-N,2014,Ki,7.744727
MRQPAQHCUBEBQD-UHFFFAOYSA-N,2002,Ki,6.931814
MRYWDVLOYWQXCU-KRWDZBQOSA-N,2014,Ki,7.920096
MRZXGFAYAQXVTL-UHFFFAOYSA-N,2013,Ki,6.966576
MSFHSIRZEOQLNY-UHFFFAOYSA-N,2019,Ki,5.802995
MSHSWAFZASVUIU-AWKDPZSRSA-N,2003,Ki,6.799998
MSHUBKLFRWFTKI-HSZRJFAPSA-N,2014,EC50,9.799971
MSHUBKLFRWFTKI-HSZRJFAPSA-N,2014,Ki,6.598599
MSHUBKLFRWFTKI-HSZRJFAPSA-N,2014,Ki,6.628932
MSHUBKLFRWFTKI-HSZRJFAPSA-N,2014,Ki,8.175874
MSHUBKLFRWFTKI-HSZRJFAPSA-N,2014,Ki,6.630005
MSHUBKLFRWFTKI-HSZRJFAPSA-N,2014,Ki,6.659992
MSHUBKLFRWFTKI-HSZRJFAPSA-N,2014,Ki,8.299989
MSIBEULIAVFSHF-UHFFFAOYSA-N,2015,Ki,7.070581
MSIBLNXVOGIRSA-UHFFFAOYSA-N,1998,IC50,6.187087
MSJWCCHOETUGFO-UHFFFAOYSA-N,2004,Ki,6.920819
MSNNKJFHFNWHFR-AQYVVDRMSA-N,2020,Ki,6.853872
MSNNKJFHFNWHFR-AQYVVDRMSA-N,2022,Ki,6.853872
MSQRTETUBFIHMP-UHFFFAOYSA-N,2002,IC50,7.439974
MSRMAGLOYWBNOO-UHFFFAOYSA-N,2004,Ki,5.202040
MSWZLRLBKLDMKM-UHFFFAOYSA-N,2016,Ki,5.932557
MSXGPWPTXORIBR-UHFFFAOYSA-N,2010,Ki,8.397940
MTASNPVDMSIQLV-BRLLKYFNSA-N,2008,Ki,6.552842
MTEACUBKWDTOSU-KZNAEPCWSA-N,2023,Ki,6.075721
MTGUKBVSRDTGQB-DTQAZKPQSA-N,2003,Ki,6.892790
MTHGNUDPACETSB-HMRCJKRNSA-N,2023,Ki,6.214670
MTISMBMXUZQJJC-UHFFFAOYSA-N,2020,EC50,6.080922
MTISMBMXUZQJJC-UHFFFAOYSA-N,2020,IC50,5.130768
MTISNBALOIDBIX-UHFFFAOYSA-N,2019,Ki,8.180456
MTISNBALOIDBIX-UHFFFAOYSA-N,2019,Ki,8.366532
MTJDLXLLSRKTMU-HZCBDIJESA-N,2013,Ki,6.295849
MTJYJBYKMIGLMS-NSCUHMNNSA-N,2007,Ki,7.036212
MTJYJBYKMIGLMS-NSCUHMNNSA-N,2007,IC50,6.434152
MTJYJBYKMIGLMS-NSCUHMNNSA-N,2014,IC50,6.434152
MTKHCEFATKQYMK-UHFFFAOYSA-N,1999,IC50,7.522879
MTNHSFFTMCIWEW-UHFFFAOYSA-N,2017,Ki,6.368556
MTNHSFFTMCIWEW-UHFFFAOYSA-N,2018,Ki,6.368556
MTOSSZWXFIRIMJ-UHFFFAOYSA-N,2002,Ki,6.596879
MTQWOJOFKUQLJW-QAQDUYKDSA-N,1998,Ki,7.337242
MTSRJJUOIYINNP-UHFFFAOYSA-N,2008,EC50,7.872895
MTZVFISNUGZYGT-UHFFFAOYSA-N,2015,Ki,7.467246
MUBFHRQVIYYBCR-UHFFFAOYSA-N,1999,Ki,6.299998
MUFITXOADYQFSV-UHFFFAOYSA-N,2021,Ki,5.871278
MUGIIZXLOBYZRQ-UHFFFAOYSA-N,1999,Ki,8.408935
MUGRBHXUBJDHNE-UHFFFAOYSA-N,2014,Ki,8.397940
MUJGHQUEXWAKFG-UHFFFAOYSA-N,2019,IC50,7.311580
MULLDMIPFVHJIA-UHFFFAOYSA-N,1998,Ki,7.795880
MUMVCUPHGPDDKM-UHFFFAOYSA-N,2008,Ki,4.522879
MUMVCUPHGPDDKM-UHFFFAOYSA-N,2008,Ki,4.301030
MUNJPNWHOINDKG-KESTWPANSA-N,2014,Ki,7.317855
MUNUWDYLOYQPCC-UHFFFAOYSA-N,2006,Ki,7.428291
MUNUWDYLOYQPCC-UHFFFAOYSA-N,2006,Ki,7.583359
MUPRCNAECHSDLY-UHFFFAOYSA-N,2015,Ki,8.026872
MURAVVBTKTXEPR-UHFFFAOYSA-N,2019,IC50,6.355561
MUTWETFLNKEWCG-UHFFFAOYSA-N,2019,Ki,6.161151
MUTWETFLNKEWCG-UHFFFAOYSA-N,2019,Ki,6.173925
MUURTTATAXOYBV-UHFFFAOYSA-N,2020,Ki,5.636200
MUURTTATAXOYBV-UHFFFAOYSA-N,2022,Ki,5.636200
MUUSXXFKLPMJKL-IYARVYRRSA-N,2023,Ki,6.872895
MUUSXXFKLPMJKL-IYARVYRRSA-N,2023,EC50,9.569925
MUUSXXFKLPMJKL-IYARVYRRSA-N,2023,EC50,9.568636
MUUSXXFKLPMJKL-IYARVYRRSA-N,2023,EC50,8.389979
MUUSXXFKLPMJKL-IYARVYRRSA-N,2023,EC50,8.387216
MUVDWLPPMXZXRR-XJKSGUPXSA-N,1994,Ki,6.262807
MUVLUHKHFQKISJ-UHFFFAOYSA-N,2002,Ki,5.507659
MVCKFMYJPCUEDZ-UHFFFAOYSA-N,2005,Ki,7.045757
MVKKLGNVARQKRP-UHFFFAOYSA-N,2008,Ki,7.363512
MVNMMDGTQIXAJK-HZCBDIJESA-N,2013,Ki,6.261616
MVTKOPGIBNCWRJ-UHFFFAOYSA-N,2021,Ki,8.508638
MVUPPHQTJNNNFZ-UHFFFAOYSA-N,2015,Ki,8.886057
MVUVSHXUPTVDBC-UHFFFAOYSA-N,2002,Ki,5.002483
MVUXSAGLLJPWRN-UHFFFAOYSA-N,2019,EC50,5.706637
MVUXSAGLLJPWRN-UHFFFAOYSA-N,2019,EC50,4.314231
MVVKKFHFADVKMW-UHFFFAOYSA-N,2021,Ki,8.769551
MVVUJPWQKLPZEE-UHFFFAOYSA-N,2008,Ki,6.035740
MVVUJPWQKLPZEE-UHFFFAOYSA-N,2008,Ki,6.408935
MVWVFYHBGMAFLY-UHFFFAOYSA-N,2004,Ki,8.013228
MVWVFYHBGMAFLY-UHFFFAOYSA-N,2001,Ki,8.552842
MVWVFYHBGMAFLY-UHFFFAOYSA-N,2005,IC50,8.301030
MVWVFYHBGMAFLY-UHFFFAOYSA-N,2007,Ki,7.899974
MVWVFYHBGMAFLY-UHFFFAOYSA-N,2008,Ki,8.301030
MVWVFYHBGMAFLY-UHFFFAOYSA-N,2008,Ki,8.508638
MVWVFYHBGMAFLY-UHFFFAOYSA-N,2012,Ki,8.070581
MVWVFYHBGMAFLY-UHFFFAOYSA-N,2013,Ki,8.318759
MVWVFYHBGMAFLY-UHFFFAOYSA-N,2013,Ki,8.301030
MVWVFYHBGMAFLY-UHFFFAOYSA-N,2017,Ki,8.677781
MVWVFYHBGMAFLY-UHFFFAOYSA-N,2018,Ki,9.096910
MVWVFYHBGMAFLY-UHFFFAOYSA-N,2020,Ki,8.677781
MVWVFYHBGMAFLY-UHFFFAOYSA-N,2019,Ki,9.070019
MVWVFYHBGMAFLY-UHFFFAOYSA-N,2019,Ki,9.045757
MVWVFYHBGMAFLY-UHFFFAOYSA-N,2019,Ki,9.045757
MVXQZFLJPQIVSR-UHFFFAOYSA-N,2017,Ki,6.667562
MVXQZFLJPQIVSR-UHFFFAOYSA-N,2018,Ki,6.667562
MWAPGIGSNBMUAD-CCPXZDFDSA-N,2017,Ki,8.657577
MWAPGIGSNBMUAD-CCPXZDFDSA-N,2017,Ki,9.060481
MWAPGIGSNBMUAD-CCPXZDFDSA-N,2017,EC50,9.309804
MWAPGIGSNBMUAD-CCPXZDFDSA-N,2017,EC50,9.173925
MWAPGIGSNBMUAD-CCPXZDFDSA-N,2017,EC50,9.017729
MWAPGIGSNBMUAD-CCPXZDFDSA-N,2017,EC50,9.677781
MWAPGIGSNBMUAD-CCPXZDFDSA-N,2017,EC50,9.769551
MWAPGIGSNBMUAD-CCPXZDFDSA-N,2017,EC50,7.924453
MWAPGIGSNBMUAD-CCPXZDFDSA-N,2017,EC50,7.879426
MWAPGIGSNBMUAD-CCPXZDFDSA-N,2017,EC50,8.769551
MWDRDYKQKODQGI-UHFFFAOYSA-N,2019,Ki,8.657577
MWEMZAUJQVTCGX-UHFFFAOYSA-N,2014,Ki,5.647817
MWEMZAUJQVTCGX-UHFFFAOYSA-N,2014,Ki,5.650000
MWHOEMHDLWMJAP-UHFFFAOYSA-N,2023,Ki,6.795880
MWHOEMHDLWMJAP-UHFFFAOYSA-N,2023,Ki,7.431798
MWJBXTLFRLDENI-MYLNZVDJSA-N,2015,Kd,6.221849
MWJBXTLFRLDENI-MYLNZVDJSA-N,2015,Kd,4.698970
MWKPULBVVRSUJC-UHFFFAOYSA-N,2002,Ki,5.823909
MWLMSEXRHBMQDW-UHFFFAOYSA-N,2007,Ki,8.040005
MWLMSEXRHBMQDW-UHFFFAOYSA-N,2015,Ki,8.823909
MWMCOQFLGVOAHE-MEMLXQNLSA-N,2013,Ki,5.883094
MWNMVEFIIAOCJG-UHFFFAOYSA-N,2013,Ki,7.000000
MWNWERUECAJGJC-UHFFFAOYSA-N,2021,Ki,6.309999
MWNWERUECAJGJC-UHFFFAOYSA-N,2021,Kd,10.826814
MWNWERUECAJGJC-UHFFFAOYSA-N,2021,Kd,10.826814
MWNWERUECAJGJC-UHFFFAOYSA-N,2021,EC50,5.350000
MWTBCJINTAEULL-UHFFFAOYSA-N,2009,Ki,6.819989
MWVBXJPHOJRHOA-UHFFFAOYSA-N,2016,Ki,6.798603
MWVBXJPHOJRHOA-UHFFFAOYSA-N,2016,Ki,6.799998
MWXWYXYVNMABPU-UAPYVXQJSA-N,2022,Ki,7.173925
MWYBVUIRVLYACR-UHFFFAOYSA-N,2017,Ki,9.522879
MWYSFMDHBGHGSI-UHFFFAOYSA-N,2020,Ki,5.958607
MWYSFMDHBGHGSI-UHFFFAOYSA-N,2022,Ki,5.958607
MXCLECXWSGNJLS-UHFFFAOYSA-N,2009,Ki,7.400008
MXDNCXSBIMPXLA-UHFFFAOYSA-N,1999,Ki,5.800001
MXDSJQHFFDGFDK-CYBMUJFWSA-N,2015,IC50,6.098542
MXELMKSJXSFSDI-UHFFFAOYSA-N,2012,Ki,7.142668
MXGQNMMTNCYAQF-UHFFFAOYSA-N,1996,Ki,6.761954
MXGQNMMTNCYAQF-UHFFFAOYSA-N,1996,Ki,8.602060
MXIJXDUPULMKIE-AZUAARDMSA-N,2024,Ki,6.795880
MXIJXDUPULMKIE-ICSRJNTNSA-N,2024,Ki,6.795880
MXIJXDUPULMKIE-UYAOXDASSA-N,2024,Ki,6.677781
MXJQVJALKSFQKU-UHFFFAOYSA-N,1999,Ki,7.958607
MXKOYALXZMWGCQ-UHFFFAOYSA-N,2017,Ki,6.004365
MXKOYALXZMWGCQ-UHFFFAOYSA-N,2018,Ki,6.004365
MXKZBMGRCYCKSV-UHFFFAOYSA-N,2021,Ki,6.542118
MXKZBMGRCYCKSV-UHFFFAOYSA-N,2021,Ki,6.540005
MXOYXQGYDUXTOL-UHFFFAOYSA-N,2020,Ki,6.143876
MXOYXQGYDUXTOL-UHFFFAOYSA-N,2022,Ki,6.143876
MXPOQDYZUGUMLL-UHFFFAOYSA-N,2014,Ki,7.236572
MXSFJUHNJHNBLH-UHFFFAOYSA-N,2019,Ki,5.910095
MXTNBQDJIBGONA-UHFFFAOYSA-N,2021,Ki,5.580044
MXXYXEAKIQRROV-UHFFFAOYSA-N,2002,Ki,6.000000
MXYHSSVHJRGDOU-UHFFFAOYSA-N,2019,Ki,5.880085
MYAGOYYEDQFEPL-DUXPYHPUSA-N,2007,Ki,7.588380
MYAGOYYEDQFEPL-DUXPYHPUSA-N,2007,IC50,7.640165
MYAGOYYEDQFEPL-DUXPYHPUSA-N,2007,EC50,6.636388
MYAGOYYEDQFEPL-DUXPYHPUSA-N,2014,IC50,7.640165
MYCKNKHATQGHEV-YADHBBJMSA-N,2022,IC50,5.244125
MYFHADFSNRZMLH-UHFFFAOYSA-N,2006,Ki,6.677781
MYFHADFSNRZMLH-UHFFFAOYSA-N,2006,Ki,8.602060
MYGPMZFDKMFNEY-UHFFFAOYSA-N,2010,Ki,7.004365
MYGPMZFDKMFNEY-UHFFFAOYSA-N,2010,Ki,7.065502
MYHILGOTSGIDBG-UHFFFAOYSA-N,2010,Ki,7.651695
MYHILGOTSGIDBG-UHFFFAOYSA-N,2016,Ki,7.649946
MYIVBWHBNPYKLU-UHFFFAOYSA-N,2016,Ki,6.799998
MYIVBWHBNPYKLU-UHFFFAOYSA-N,2019,Ki,7.199971
MYIVBWHBNPYKLU-UHFFFAOYSA-N,2019,Ki,6.790485
MYIVBWHBNPYKLU-UHFFFAOYSA-N,2020,Ki,7.199971
MYIVBWHBNPYKLU-UHFFFAOYSA-N,2020,Ki,6.790485
MYMAOKWDKYVIOY-SOAUALDESA-N,2017,Ki,7.829738
MYMAOKWDKYVIOY-SOAUALDESA-N,2017,Ki,7.829738
MYMOYRKEPVSSAG-UHFFFAOYSA-N,2021,Ki,5.437707
MYMPRPZMYVKHBM-UHFFFAOYSA-N,2006,Ki,7.182435
MYWIEDWDJCLOLH-BVHINDKJSA-N,2019,Ki,5.840132
MYZIKGMINRFRQR-UHFFFAOYSA-N,2020,Ki,5.647817
MYZIKGMINRFRQR-UHFFFAOYSA-N,2022,Ki,5.647817
MZAZKADMJHOUAD-UHFFFAOYSA-N,2020,Ki,6.350665
MZBZALUTJALVLT-WKILWMFISA-N,2016,Ki,8.769551
MZCGNTZTYZJMJK-UHFFFAOYSA-N,2018,Ki,5.739690
MZCVVBNYRQNALN-UHFFFAOYSA-N,1998,IC50,6.602060
MZDWSPIRGJHBII-UHFFFAOYSA-N,2021,Ki,5.770001
MZDWSPIRGJHBII-UHFFFAOYSA-N,2021,EC50,5.970000
MZFAZCYLMYZDDU-UHFFFAOYSA-N,2017,Ki,6.200659
MZFAZCYLMYZDDU-UHFFFAOYSA-N,2017,Ki,6.698970
MZFAZCYLMYZDDU-UHFFFAOYSA-N,2017,EC50,6.522879
MZIJEKYIBUYWJI-UHFFFAOYSA-N,2020,Ki,5.966174
MZIJEKYIBUYWJI-UHFFFAOYSA-N,2022,Ki,5.966174
MZJROZVDHHHYRD-UHFFFAOYSA-N,2020,Ki,6.507240
MZJROZVDHHHYRD-UHFFFAOYSA-N,2022,Ki,6.507240
MZTMADWJIHWTJI-UHFFFAOYSA-N,2006,Ki,5.881405
MZWXQBFYLBCQDO-UHFFFAOYSA-N,2019,IC50,6.665546
MZZWDJMFTYZXCL-UHFFFAOYSA-N,2006,Ki,7.443697
NAAVWXMUUSRPCW-UHFFFAOYSA-N,2009,Ki,8.199971
NABHHUMHJIHHIX-KRWDZBQOSA-N,2014,Ki,6.102373
NABHHUMHJIHHIX-KRWDZBQOSA-N,2017,Ki,6.145694
NABHHUMHJIHHIX-QGZVFWFLSA-N,2014,Ki,6.522879
NABHHUMHJIHHIX-QGZVFWFLSA-N,2015,Ki,6.530178
NABHHUMHJIHHIX-QGZVFWFLSA-N,2017,Ki,6.363512
NABHHUMHJIHHIX-UHFFFAOYSA-N,2014,Ki,6.127261
NABHHUMHJIHHIX-UHFFFAOYSA-N,2014,Ki,6.124939
NABHHUMHJIHHIX-UHFFFAOYSA-N,2015,Ki,6.127261
NABHHUMHJIHHIX-UHFFFAOYSA-N,2015,Ki,6.127261
NABHHUMHJIHHIX-UHFFFAOYSA-N,2015,EC50,6.769551
NABHHUMHJIHHIX-UHFFFAOYSA-N,2015,IC50,5.356547
NABRVDOPGSXUEG-UHFFFAOYSA-N,2015,Ki,4.725842
NADZGFHXOOQKNN-UHFFFAOYSA-N,2010,Ki,6.358526
NAGHKDZEWLQUKZ-UAPYVXQJSA-N,2022,Ki,6.638272
NAIGOHVHPOGNLZ-UHFFFAOYSA-N,2011,Ki,4.537602
NAIGOHVHPOGNLZ-UHFFFAOYSA-N,2011,Ki,4.346787
NAMQSYKUAOZTKL-UHFFFAOYSA-N,2011,Ki,8.602060
NAQHRNOUDLIZSS-UHFFFAOYSA-N,2021,Ki,5.720789
NATFNVDYLPURMJ-UHFFFAOYSA-N,2008,Ki,8.096910
NAUFGONVBIOHQY-WKILWMFISA-N,2023,Ki,6.142668
NAWFUJBIFOJDRO-UHFFFAOYSA-N,2022,Ki,6.450004
NAYDGZDOLSSMTQ-UHFFFAOYSA-N,2022,Ki,8.045757
NAYOORQZOBSVOI-UHFFFAOYSA-N,2017,IC50,8.015473
NAZPPIPSJUCMAI-GGQJSIIWSA-N,2014,Ki,7.986320
NBCJLBREZDSSBC-UHFFFAOYSA-N,2012,Ki,7.157391
NBCNQEXSFAAUHI-UHFFFAOYSA-N,2002,Ki,5.762708
NBCYJDUUVPJJKY-UHFFFAOYSA-N,1992,Ki,7.798603
NBDNEUOVIJYCGZ-CYBMUJFWSA-N,2023,IC50,5.241845
NBDNEUOVIJYCGZ-CYBMUJFWSA-N,2024,IC50,5.241845
NBDNEUOVIJYCGZ-UHFFFAOYSA-N,2023,IC50,5.241845
NBFZVLQBKCNVGZ-UHFFFAOYSA-N,1994,Ki,7.244125
NBGJODUAUISAEF-UHFFFAOYSA-N,1996,Ki,6.077794
NBGJODUAUISAEF-UHFFFAOYSA-N,1996,Ki,8.420216
NBGVZXIBORQZMS-LJQANCHMSA-N,1999,Ki,7.156767
NBGVZXIBORQZMS-LJQANCHMSA-N,1999,Ki,7.358526
NBHPRWLFLUBAIE-UHFFFAOYSA-N,2013,IC50,8.154902
NBHVDHJFXJDAKS-UHFFFAOYSA-N,2008,Ki,6.645892
NBHZBFZQSHJQHE-UHFFFAOYSA-N,2009,Kd,6.109998
NBJHQMZILODBNP-UHFFFAOYSA-N,2017,Ki,6.063989
NBJHQMZILODBNP-UHFFFAOYSA-N,2018,Ki,6.063989
NBJNMUDPZNPIDT-LJQANCHMSA-N,2000,Ki,8.173925
NBKJTOGTVMGTOS-MXVIHJGJSA-N,2013,Ki,6.702458
NBMCMVKIOBKUGI-UHFFFAOYSA-N,2020,Ki,7.031517
NBMCMVKIOBKUGI-UHFFFAOYSA-N,2022,Ki,7.031517
NBSPIYLVJWAETB-UHFFFAOYSA-N,2021,Ki,5.573977
NBSPIYLVJWAETB-UHFFFAOYSA-N,2021,Ki,5.570001
NBSPNGNYACXYLH-UHFFFAOYSA-N,2019,IC50,5.055024
NBVCFXRQSXJRBL-NEAURRHBSA-N,2015,Ki,7.966576
NBVOTNJROVCMMX-UHFFFAOYSA-N,1997,Ki,6.251812
NBWWBMWMDFWWPB-XGAFWQRZSA-N,2013,Ki,6.998699
NBYFBVZSSQUNTB-UHFFFAOYSA-N,2010,EC50,9.199971
NBYFBVZSSQUNTB-UHFFFAOYSA-N,2010,Ki,8.100015
NBZOFTWCMCHMEK-ZDUSSCGKSA-N,2020,Ki,6.906578
NBZXLCUOSZMWEC-UHFFFAOYSA-N,2004,Ki,5.958607
NCDNWTYTZTXJIU-UHFFFAOYSA-N,2009,Ki,6.599998
NCDNWTYTZTXJIU-UHFFFAOYSA-N,2009,Ki,6.599998
NCIZVSJVBWAJQR-UHFFFAOYSA-N,2014,Ki,8.000000
NCIZVSJVBWAJQR-UHFFFAOYSA-N,2014,Ki,7.853872
NCKGSESQGZBZQN-UHFFFAOYSA-N,2000,Ki,4.853872
NCKGSESQGZBZQN-UHFFFAOYSA-N,2000,Ki,5.062984
NCKUNUUYANLHKE-UHFFFAOYSA-N,2016,Ki,6.709965
NCKUNUUYANLHKE-UHFFFAOYSA-N,2016,Ki,6.710010
NCKUXAJTZOKPEP-UHFFFAOYSA-N,2018,Ki,6.524329
NCKUXAJTZOKPEP-UHFFFAOYSA-N,2018,EC50,6.120904
NCMZUNHPJFBZHL-UHFFFAOYSA-N,2019,Ki,7.568636
NCNQTLANEBMAPM-UHFFFAOYSA-N,2021,Ki,7.369572
NCRYSYHONVWYKZ-UHFFFAOYSA-N,2024,IC50,8.070581
NCWGEGAYIHJRDE-UHFFFAOYSA-N,2019,Ki,5.045565
NCWVNDFDZCITBX-UHFFFAOYSA-N,2013,IC50,5.356547
NCWVNDFDZCITBX-UHFFFAOYSA-N,2013,Ki,6.455932
NCXICMCRAZHQIK-UHFFFAOYSA-N,2006,Ki,5.307417
NCXOQBJDZLIEBD-OVPUFTJJSA-N,2022,Ki,6.259637
NCXRDDKPZUSAQF-QRTMHTFLSA-N,2009,Ki,6.900009
NCXRDDKPZUSAQF-QRTMHTFLSA-N,2009,Ki,6.900009
NCXZEVAISDJVIG-UHFFFAOYSA-N,2001,Ki,6.204120
NDCFZCPGTKKFMD-UHFFFAOYSA-N,2008,Ki,7.173925
NDJMUWDIDQMYFY-UHFFFAOYSA-N,2008,Ki,7.568636
NDLFGMFEIAWZRU-UHFFFAOYSA-N,1996,Ki,5.599999
NDOACRCCZRNDRC-AWEZNQCLSA-N,2010,IC50,9.299989
NDOUOJYZWZVNBL-UHFFFAOYSA-N,2006,Ki,6.349692
NDSKONMZWSLWOI-UHFFFAOYSA-N,2016,Ki,6.774691
NDXLOOJPKINORE-UHFFFAOYSA-N,2023,Ki,5.677781
NDYWSAOJDYTMLE-ZDUSSCGKSA-N,2010,IC50,8.540005
NEADMXBONWLZEY-NRFANRHFSA-N,2018,Ki,8.522879
NEAHQLBIHZAIKP-UHFFFAOYSA-N,2015,Ki,6.667562
NECJNLXOJRDELU-UHFFFAOYSA-N,2003,Ki,7.795880
NECJNLXOJRDELU-UHFFFAOYSA-N,2007,Ki,8.500038
NECVYMDRWRRZKX-CDKYPKJRSA-N,2013,IC50,5.809668
NECVYMDRWRRZKX-CDKYPKJRSA-N,2013,EC50,6.605548
NEDWSVCVHMJKSZ-UHFFFAOYSA-N,2011,Ki,7.795880
NEDWSVCVHMJKSZ-UHFFFAOYSA-N,2011,Ki,8.318759
NEEHDVAXWHGCFS-UHFFFAOYSA-N,1994,Ki,6.659556
NEGKSWMIZLWJGG-UHFFFAOYSA-N,2015,Ki,6.086716
NEIFIHLUPPCEQL-AFARHQOCSA-N,2023,Ki,6.107905
NEMWODFZWVJHSL-YZSQISJMSA-N,2007,Ki,4.376751
NENVXZKTDUNSBM-UHFFFAOYSA-N,2015,Ki,9.346787
NENVXZKTDUNSBM-UHFFFAOYSA-N,2015,EC50,9.397940
NENVXZKTDUNSBM-UHFFFAOYSA-N,2015,EC50,9.221849
NEQWPVBUZDJIHK-GFCCVEGCSA-N,2024,IC50,6.657577
NERCWRWKDLNUBZ-UHFFFAOYSA-N,2019,Ki,5.323032
NEUFWHZAVWYYSZ-UHFFFAOYSA-N,2001,IC50,5.581699
NEUIVMZLDPIEPD-UHFFFAOYSA-N,2013,Ki,8.522879
NFBNIRNKYJTDIE-UHFFFAOYSA-N,2001,IC50,5.539102
NFIANDWIUXYLJZ-AVRDEDQJSA-N,2016,Ki,5.910000
NFIANDWIUXYLJZ-GCJKJVERSA-N,2016,Ki,5.790000
NFIANDWIUXYLJZ-GCJKJVERSA-N,2019,Ki,6.119758
NFIBVHPLILJWFU-UHFFFAOYSA-N,2000,Ki,6.270835
NFIBVHPLILJWFU-UHFFFAOYSA-N,2000,Ki,5.454693
NFKQELYFWQDRFN-UHFFFAOYSA-N,2006,Ki,7.096910
NFONCWBZHQCTIA-UHFFFAOYSA-N,2017,IC50,7.928118
NFONCWBZHQCTIA-UHFFFAOYSA-N,2019,IC50,7.928118
NFPWRHWDAIDXGI-UHFFFAOYSA-N,2019,IC50,8.696804
NFRIERLNKMVOKN-UHFFFAOYSA-N,1999,Ki,5.657577
NFWRARMIHODAKJ-UHFFFAOYSA-N,2011,IC50,5.748605
NFXJNKBSQYCEAG-AREMUKBSSA-N,2020,Ki,6.259637
NGCKUAWDNUFNBB-UHFFFAOYSA-N,2012,EC50,8.698970
NGCKUAWDNUFNBB-UHFFFAOYSA-N,2012,Ki,8.443697
NGCKUAWDNUFNBB-UHFFFAOYSA-N,2015,Ki,8.443697
NGCKUAWDNUFNBB-UHFFFAOYSA-N,2015,EC50,6.899629
NGCKUAWDNUFNBB-UHFFFAOYSA-N,2015,EC50,8.481486
NGCKUAWDNUFNBB-UHFFFAOYSA-N,2015,Ki,8.301030
NGCKUAWDNUFNBB-UHFFFAOYSA-N,2017,Ki,9.275724
NGCKUAWDNUFNBB-UHFFFAOYSA-N,2017,Ki,9.698970
NGCKUAWDNUFNBB-UHFFFAOYSA-N,2017,EC50,6.568636
NGEGVUWXHYDOQM-UHFFFAOYSA-N,2019,Ki,5.730020
NGHDXYJXIZZENU-YONZVVFSSA-N,2014,Ki,7.236947
NGOGJFCDUNGDRX-UHFFFAOYSA-N,2019,IC50,5.815309
NGSZJZCWVNVBQV-UHFFFAOYSA-N,2019,Ki,7.882729
NGVUDBRNEJJAEO-UHFFFAOYSA-N,2010,Ki,5.500000
NGYBPNLJOPBUPK-WKILWMFISA-N,2020,Ki,5.958607
NGYBPNLJOPBUPK-WKILWMFISA-N,2022,Ki,5.958607
NHDFEXRNVMOWCZ-UHFFFAOYSA-N,2017,Ki,8.853872
NHDFEXRNVMOWCZ-UHFFFAOYSA-N,2017,Ki,8.823909
NHDFEXRNVMOWCZ-UHFFFAOYSA-N,2017,EC50,6.823909
NHDHOZYKTMAVEE-KRWDZBQOSA-N,2020,Ki,7.460046
NHDHOZYKTMAVEE-QGZVFWFLSA-N,2020,Ki,8.079981
NHDILTZHICULAX-UHFFFAOYSA-N,2010,Ki,6.399997
NHESEAWKSLDBRA-CYBMUJFWSA-N,2018,Ki,5.308211
NHIJPUMRKSHLBI-UHFFFAOYSA-N,2016,Ki,7.221849
NHLHTGDNMWUOMW-UHFFFAOYSA-N,2017,Ki,9.000000
NHLHTGDNMWUOMW-UHFFFAOYSA-N,2017,Ki,9.236572
NHLHTGDNMWUOMW-UHFFFAOYSA-N,2017,EC50,7.292430
NHLNXRIZUSPOSP-UHFFFAOYSA-N,2006,Ki,6.397940
NHOFKPNSQTXBJO-HCGLCNNCSA-N,2014,Ki,6.249492
NHQVWADCZMCLLL-MYKGNVCDSA-N,2014,Ki,7.333576
NHRNIDBKKUALMK-UHFFFAOYSA-N,1993,Ki,7.154902
NHRXMVNDSUMAIN-MEMLXQNLSA-N,2007,Ki,7.102373
NHRXMVNDSUMAIN-OYRHEFFESA-N,2007,Ki,7.102373
NHSJCZWSFCNYLB-UHFFFAOYSA-N,2020,IC50,7.392545
NHUVYJAUZNBZPV-UHFFFAOYSA-N,2019,Ki,7.619789
NHXMQVWYTNNGDO-YOCNBXQISA-N,2022,Ki,5.958607
NHYBCEUNQSZDRF-UHFFFAOYSA-N,2006,Ki,5.221849
NHYBCEUNQSZDRF-UHFFFAOYSA-N,2006,Ki,4.853872
NIASBGFPTRNZRV-FCMXBYMOSA-N,2014,Ki,6.832387
NIBSKZAKNHPDAI-HYARGMPZSA-N,2007,Ki,5.769551
NICPNELNWYJWOA-AFARHQOCSA-N,2013,Ki,6.431587
NIDNSGGKXKJNLV-UHFFFAOYSA-N,1996,Ki,6.000000
NIDOPQZKSIYGGT-UHFFFAOYSA-N,2020,Ki,5.916856
NIDOPQZKSIYGGT-UHFFFAOYSA-N,2022,Ki,5.916856
NIENYVQCIJZKMD-UHFFFAOYSA-N,2016,Ki,6.863279
NIFGQHGFOUMQJN-KCWPFWIISA-N,2016,Ki,6.439998
NIFGQHGFOUMQJN-KCWPFWIISA-N,2016,Ki,6.170002
NIIYYNMLJBPZMZ-JKSUJKDBSA-N,2023,Ki,6.031517
NIIZBIHFOWYVTO-GNWSRGIHSA-N,2020,Ki,6.853872
NIIZBIHFOWYVTO-GNWSRGIHSA-N,2022,Ki,6.853872
NIJWMLBNDUWVQH-IYARVYRRSA-N,2023,Ki,5.769551
NIMADOZRRAVFFL-UHFFFAOYSA-N,1999,Ki,4.309804
NIMADOZRRAVFFL-UHFFFAOYSA-N,1999,Ki,4.187087
NIMQPLYMAJLLNI-LJQANCHMSA-N,2014,Ki,6.344862
NIMQPLYMAJLLNI-LJQANCHMSA-N,2014,Ki,6.806875
NIMQPLYMAJLLNI-LJQANCHMSA-N,2014,Ki,6.450004
NIMQPLYMAJLLNI-LJQANCHMSA-N,2014,Ki,6.840012
NIPRNSKRPAQDSP-UHFFFAOYSA-N,2004,Ki,6.823909
NIQWPNGICRVKCM-UHFFFAOYSA-N,2008,Ki,9.161151
NIQWPNGICRVKCM-UHFFFAOYSA-N,2008,Ki,7.449772
NIYUXHADMUQBAS-UHFFFAOYSA-N,2019,Kd,9.840132
NIYUXHADMUQBAS-UHFFFAOYSA-N,2019,Ki,9.799971
NJDDOYGAHXQMEQ-AWEZNQCLSA-N,2002,Ki,7.173925
NJDDOYGAHXQMEQ-CQSZACIVSA-N,2002,Ki,8.522879
NJDDOYGAHXQMEQ-UHFFFAOYSA-N,2002,Ki,8.301030
NJDLKOOXINDASG-UHFFFAOYSA-N,2019,Ki,6.879426
NJDSCCWXSSWOKI-UHFFFAOYSA-N,2005,Ki,6.101824
NJEUWDQVSSOGDD-UHFFFAOYSA-N,2013,Ki,6.995679
NJGQJPYDIXHGGF-UHFFFAOYSA-N,2006,Ki,7.200659
NJGXPLCCNMCTEL-UHFFFAOYSA-N,2003,Ki,6.053057
NJJMNKOVGYIOBG-UHFFFAOYSA-N,2014,Ki,7.443697
NJMHKVAICPWFEV-UHFFFAOYSA-N,2021,Ki,7.036212
NJOGRMMAMLWHAA-UHFFFAOYSA-N,2015,Ki,6.053057
NJTCYGAQRADUAS-UHFFFAOYSA-N,2014,Ki,8.107905
NJTHDWRTKWUXOY-UHFFFAOYSA-N,2013,Ki,5.537602
NJTHDWRTKWUXOY-UHFFFAOYSA-N,2013,Ki,5.568636
NJUGOZRVZRFICX-UHFFFAOYSA-N,2023,Ki,6.823909
NJUGOZRVZRFICX-UHFFFAOYSA-N,2023,Ki,7.045757
NJUHOBFYJCKTIZ-UHFFFAOYSA-N,2017,Ki,6.203426
NJUHOBFYJCKTIZ-UHFFFAOYSA-N,2018,Ki,6.203426
NJUSHLPQKJYNMD-UHFFFAOYSA-N,1994,Ki,6.537602
NJWHLJABYCIZPL-LJQANCHMSA-N,2008,Ki,7.055517
NJWJNUICFXYOOZ-UHFFFAOYSA-N,2019,Ki,5.849858
NJWJNUICFXYOOZ-UHFFFAOYSA-N,2020,Ki,5.849858
NKANXQFJJICGDU-QPLCGJKRSA-N,,IC50,4.857454
NKANXQFJJICGDU-QPLCGJKRSA-N,,Ki,5.334607
NKBKVACKOFITSD-FPOVZHCZSA-N,2003,Ki,7.301030
NKDQNOFCLUVBIY-UHFFFAOYSA-N,2015,Ki,7.602060
NKDQNOFCLUVBIY-UHFFFAOYSA-N,2015,EC50,6.290730
NKDQNOFCLUVBIY-UHFFFAOYSA-N,2015,EC50,7.602060
NKFOMNCXPUBCJT-UHFFFAOYSA-N,2021,IC50,5.860001
NKHBMDXLAKMZHD-UHFFFAOYSA-N,2020,Ki,6.407823
NKIKKVIRCFKCOG-FXCIWXGGSA-N,2014,Ki,6.198596
NKIUMOVWDJZMRB-UHFFFAOYSA-N,2010,Ki,5.899998
NKIUMOVWDJZMRB-UHFFFAOYSA-N,2010,Ki,5.899998
NKJBABKLZJYEME-UHFFFAOYSA-N,2016,Ki,6.866461
NKJVFWPJNBYTCK-UHFFFAOYSA-N,2000,Ki,5.862329
NKLHZQQLECBIFS-UHFFFAOYSA-N,2021,Ki,7.886057
NKLJRTBAAHTPMW-UHFFFAOYSA-N,2016,IC50,6.777284
NKLVDXHPTVXWQC-ZGMREDCLSA-N,2015,Ki,7.545155
NKLZWGMWROXIDH-UHFFFAOYSA-N,2001,Ki,7.207608
NKNTXYMZEFEUNK-HNNXBMFYSA-N,2003,Ki,5.795880
NKNTXYMZEFEUNK-HNNXBMFYSA-N,2003,Ki,5.958607
NKNTXYMZEFEUNK-HNNXBMFYSA-N,2003,Ki,5.102373
NKNTXYMZEFEUNK-HNNXBMFYSA-N,2003,Ki,5.376751
NKNZUUWFOPEUNZ-UHFFFAOYSA-N,2002,Ki,5.585695
NKONARVCMJMDHP-UHFFFAOYSA-N,1999,Ki,8.000000
NKPZUJWHJYTWEE-UHFFFAOYSA-N,2022,Ki,8.045757
NKQAJKSSUARMMF-XUTJKUGGSA-N,2014,Ki,7.147642
NKTVBRDNDSHOST-IRJFHVNHSA-N,2023,Ki,5.795880
NKTWRBGCUILKQQ-UHFFFAOYSA-N,2020,Ki,6.153045
NKTWRBGCUILKQQ-UHFFFAOYSA-N,2022,Ki,6.153045
NKVMKOOELRVUPV-UHFFFAOYSA-N,2007,Ki,6.119186
NLAPYFUIFIHYFO-UHFFFAOYSA-N,2011,Ki,9.000000
NLAWPJROLJRPAW-CHWSQXEVSA-N,1993,Ki,6.815309
NLAWPJROLJRPAW-QWHCGFSZSA-N,1993,Ki,7.602060
NLBCAUCTUSFOKY-UHFFFAOYSA-N,2013,Ki,7.013228
NLDBOKLMUAUKIM-UHFFFAOYSA-N,2007,Ki,7.770062
NLDBOKLMUAUKIM-UHFFFAOYSA-N,2015,Ki,8.568636
NLDGWRVWWZGYFC-CTTUZFCVSA-N,2014,Ki,7.275970
NLDNYOMLDXOIFK-UHFFFAOYSA-N,2018,Ki,5.933674
NLEQSFUEJXECJY-UHFFFAOYSA-N,2012,Ki,6.764472
NLHCISCLHSDPBA-UHFFFAOYSA-N,2015,Ki,6.991400
NLHCISCLHSDPBA-UHFFFAOYSA-N,2016,Ki,6.991400
NLIPZVMIMUCCIK-JTQLQIEISA-N,2010,IC50,8.849858
NLKZCVSXHKODTA-UHFFFAOYSA-N,2012,Ki,8.187087
NLQDMIUSBFMXRV-UHFFFAOYSA-N,2014,Ki,8.522879
NLRLHXJCWYCRGC-BVHINDKJSA-N,2019,Ki,5.869988
NLRLHXJCWYCRGC-XXBNENTESA-N,2016,Ki,6.009999
NLRLHXJCWYCRGC-XXBNENTESA-N,2016,Ki,5.870001
NLSPQUQPIZRWLB-UHFFFAOYSA-N,2001,Ki,8.000000
NLTDKVOJLVQOQL-UHFFFAOYSA-N,2016,Ki,7.267606
NLWFTNQISOBUDF-UHFFFAOYSA-N,2020,Ki,6.657577
NLYUVFZOJUSMNV-UHFFFAOYSA-N,1994,Ki,7.026872
NLYUVFZOJUSMNV-UHFFFAOYSA-N,1995,Ki,7.026872
NMALCZJKSYZTRE-UHFFFAOYSA-N,2016,Ki,7.309804
NMCWBWWFIBBNDM-VQIMIIECSA-N,2000,IC50,8.154902
NMEPMLDUQJFQOK-KCWPFWIISA-N,2016,Ki,6.299998
NMEPMLDUQJFQOK-KCWPFWIISA-N,2016,Ki,5.929999
NMGWKXZSQCGGGA-ZWKOTPCHSA-N,2023,Ki,6.970616
NMJMSKLEZGNFJH-UHFFFAOYSA-N,2013,IC50,5.602060
NMJMSKLEZGNFJH-UHFFFAOYSA-N,2013,Ki,6.494850
NMOIRTBGCJKGJY-UHFFFAOYSA-N,1995,Ki,6.399997
NMXGNEXAVXBXLG-UHFFFAOYSA-N,2021,IC50,6.959991
NMYFWYJLWVJPAQ-UHFFFAOYSA-N,2023,Ki,5.161781
NMYFWYJLWVJPAQ-UHFFFAOYSA-N,2023,EC50,3.304518
NMYFWYJLWVJPAQ-UHFFFAOYSA-N,2023,IC50,6.143271
NMYFWYJLWVJPAQ-UHFFFAOYSA-N,2023,IC50,5.555955
NMZIDFFHGCRAJV-UHFFFAOYSA-N,2007,Ki,6.649752
NNAPJYBYAFKWMX-UHFFFAOYSA-N,2022,Ki,5.259637
NNCTXKNNQUMOPC-RYORKLGYSA-N,2009,Ki,7.799971
NNCTXKNNQUMOPC-RYORKLGYSA-N,2009,Ki,7.799971
NNECCFXSSVWBTA-XUTJKUGGSA-N,2013,Ki,6.298001
NNGCPQMNTNEUCA-UHFFFAOYSA-N,2023,Ki,4.759451
NNGCPQMNTNEUCA-UHFFFAOYSA-N,2023,IC50,5.630784
NNGCPQMNTNEUCA-UHFFFAOYSA-N,2023,IC50,4.844664
NNGXRRFVMCSLCM-ZDUSSCGKSA-N,1995,Ki,6.939302
NNGXRRFVMCSLCM-ZDUSSCGKSA-N,1995,Ki,8.060481
NNGXTAXKYWLURT-UHFFFAOYSA-N,2023,Ki,5.671620
NNHUSJMVRFFWKB-UHFFFAOYSA-N,2023,Ki,6.332547
NNIDXNUKZKKKGS-UHFFFAOYSA-N,2016,Ki,5.899998
NNIDXNUKZKKKGS-UHFFFAOYSA-N,2019,Ki,5.869988
NNIDXNUKZKKKGS-UHFFFAOYSA-N,2020,Ki,5.869988
NNKUZJKXZYNHAK-UHFFFAOYSA-N,2021,Ki,7.568636
NNKWTFPUEFVMKD-UHFFFAOYSA-N,2007,Ki,5.899998
NNMGGNROJQCPDV-ZRDIBKRKSA-N,1999,Ki,6.399997
NNSVOPTWCBGCJU-HSZRJFAPSA-N,2017,EC50,7.269218
NNSVOPTWCBGCJU-HSZRJFAPSA-N,2017,Ki,7.061480
NNSVOPTWCBGCJU-HSZRJFAPSA-N,2017,EC50,6.568958
NNSVOPTWCBGCJU-HSZRJFAPSA-N,2017,IC50,6.146971
NNSVOPTWCBGCJU-HSZRJFAPSA-N,2017,EC50,6.733063
NNSVOPTWCBGCJU-HSZRJFAPSA-N,2017,IC50,5.438005
NNSVOPTWCBGCJU-HSZRJFAPSA-N,2017,EC50,7.244888
NNSVOPTWCBGCJU-HSZRJFAPSA-N,2017,IC50,5.696005
NNTYWLSMUTYNRH-UHFFFAOYSA-N,2010,Ki,8.497573
NODNWTANTRFPNW-NSHDSACASA-N,2010,IC50,7.410050
NOINDEFTVTZLJT-UHFFFAOYSA-N,2021,Ki,7.677781
NOOJLZTTWSNHOX-UWVGGRQHSA-N,1999,Ki,10.045757
NOOJLZTTWSNHOX-UWVGGRQHSA-N,1999,Ki,7.135489
NOOJLZTTWSNHOX-UWVGGRQHSA-N,1999,Ki,9.886057
NOOJLZTTWSNHOX-UWVGGRQHSA-N,1999,Ki,7.221849
NOOJLZTTWSNHOX-UWVGGRQHSA-N,1999,Ki,10.397940
NOOJLZTTWSNHOX-UWVGGRQHSA-N,1999,Ki,7.221126
NOOJLZTTWSNHOX-UWVGGRQHSA-N,1999,Ki,10.221849
NOOJLZTTWSNHOX-UWVGGRQHSA-N,1999,Ki,7.107905
NOOJLZTTWSNHOX-UWVGGRQHSA-N,2021,EC50,6.769551
NOOJLZTTWSNHOX-UWVGGRQHSA-N,2023,EC50,7.626353
NORQFMPKBRSFFC-UHFFFAOYSA-N,2007,Ki,6.339998
NORQFMPKBRSFFC-UHFFFAOYSA-N,2016,Ki,6.623423
NOSXOCMQQISHPL-IYARVYRRSA-N,2023,Ki,8.545155
NOSXOCMQQISHPL-IYARVYRRSA-N,2023,EC50,8.770062
NOSXOCMQQISHPL-IYARVYRRSA-N,2023,EC50,8.769551
NOSXOCMQQISHPL-IYARVYRRSA-N,2023,EC50,8.649946
NOSXOCMQQISHPL-IYARVYRRSA-N,2023,EC50,8.645892
NOUYXTFEXJHBRE-UHFFFAOYSA-N,2014,Ki,7.920819
NOUYXTFEXJHBRE-UHFFFAOYSA-N,2014,IC50,7.259637
NOUYXTFEXJHBRE-UHFFFAOYSA-N,2014,IC50,7.040959
NOUYXTFEXJHBRE-UHFFFAOYSA-N,2014,IC50,8.958607
NOWHSPBMDLMCKJ-UHFFFAOYSA-N,2014,Ki,6.165579
NOXSTXNFXDOBON-UHFFFAOYSA-N,1996,Ki,6.280669
NPATVCXCHCPFCB-OAHLLOKOSA-N,2002,Ki,8.031517
NPCJAOUAOGKSQN-UHFFFAOYSA-N,2010,Ki,8.376751
NPLIFQHCPLOMFR-WMCAAGNKSA-N,2009,Ki,7.443697
NPLOIWFMUHLKNW-GOSISDBHSA-N,2000,Ki,5.610834
NPLOIWFMUHLKNW-GOSISDBHSA-N,2000,Ki,5.698970
NPLOIWFMUHLKNW-UHFFFAOYSA-N,2000,Ki,5.083546
NPLOIWFMUHLKNW-UHFFFAOYSA-N,2000,Ki,5.180456
NPNPXVGDECLLAT-UHFFFAOYSA-N,2000,Ki,7.408935
NPOJZRKINKCVTE-UHFFFAOYSA-N,2002,Ki,6.467246
NPOLKMCQMGALNF-UHFFFAOYSA-N,2015,Ki,6.982967
NPRUCAXBNDXNKK-UHFFFAOYSA-N,1993,Ki,5.632644
NPUHZBJVAWACGT-UHFFFAOYSA-N,2020,Ki,6.866461
NPUHZBJVAWACGT-UHFFFAOYSA-N,2022,Ki,6.866461
NPUHZBJVAWACGT-UHFFFAOYSA-N,2022,Ki,5.723768
NPUZJIOVBIDKGO-UHFFFAOYSA-N,2016,Ki,6.583359
NPUZJIOVBIDKGO-UHFFFAOYSA-N,2018,Ki,6.583359
NPWPDDLAKMBGPN-CYYJNZCTSA-N,2015,Ki,8.124939
NPWPDDLAKMBGPN-CYYJNZCTSA-N,2015,Ki,7.920819
NPWPMBBGPVNIJD-QGZVFWFLSA-N,2020,EC50,9.500038
NPWPMBBGPVNIJD-QGZVFWFLSA-N,2020,EC50,9.522879
NPWPMBBGPVNIJD-QGZVFWFLSA-N,2020,EC50,5.080000
NPWPMBBGPVNIJD-QGZVFWFLSA-N,2020,EC50,5.084284
NPYZSFJJFCSMMV-WGOQTCKBSA-N,2007,Ki,4.853872
NQGAZHMNNANZRL-UHFFFAOYSA-N,2021,Ki,7.700057
NQGXAETZRJZODZ-QAQDUYKDSA-N,2023,Ki,6.000000
NQIFYNGRQPWASE-MXVIHJGJSA-N,2017,Ki,7.906578
NQIFYNGRQPWASE-MXVIHJGJSA-N,2017,Ki,7.906578
NQJVSNLXUDSRRU-UHFFFAOYSA-N,2016,Ki,6.443697
NQKMYRGFSYIPHF-UHFFFAOYSA-N,2009,Ki,7.689944
NQNRCHXTCUMIPZ-UHFFFAOYSA-N,2008,Ki,7.040959
NQOBWBPQVJMZSQ-WUKNDPDISA-N,2007,Ki,6.367543
NQOMONLOFJNENB-IYARVYRRSA-N,2023,Ki,6.568636
NQPMEVDLXOHCCR-UHFFFAOYSA-N,2018,Ki,5.664923
NQUFJLNBHRSFTR-UHFFFAOYSA-N,2017,Ki,8.698970
NQUFJLNBHRSFTR-UHFFFAOYSA-N,2017,Ki,9.065502
NQUFJLNBHRSFTR-UHFFFAOYSA-N,2017,EC50,7.207608
NQVCRJIGEWITKT-UHFFFAOYSA-N,2019,Ki,5.229811
NQWKDRVBJLVQDS-UHFFFAOYSA-N,2019,Ki,6.040005
NQWKDRVBJLVQDS-UHFFFAOYSA-N,2020,Ki,6.040005
NQXRCMHCRMNYIV-UHFFFAOYSA-N,2020,Ki,7.259637
NRCRTBZRIJXRCY-FIKGOQFSSA-N,2021,Ki,8.008774
NRCXEKMXTNZWIS-UHFFFAOYSA-N,2017,Ki,8.259637
NRDVHLCWWMDXNA-UHFFFAOYSA-N,2022,Ki,6.510042
NRFJXDLMBKNOHP-UHFFFAOYSA-N,2011,Ki,9.148742
NROVFAZNNKPZNQ-YZSQISJMSA-N,2017,Ki,7.537602
NROVFAZNNKPZNQ-YZSQISJMSA-N,2017,Ki,8.769551
NROVFAZNNKPZNQ-YZSQISJMSA-N,2017,Ki,7.795880
NROVFAZNNKPZNQ-YZSQISJMSA-N,2017,Ki,8.958607
NROVFAZNNKPZNQ-YZSQISJMSA-N,2017,EC50,6.769551
NRSBRNRWCATXOT-FQEVSTJZSA-N,2019,Ki,4.869666
NRSBRNRWCATXOT-FQEVSTJZSA-N,2022,Ki,4.935542
NRSBRNRWCATXOT-FQEVSTJZSA-N,2022,Ki,4.869666
NRSBRNRWCATXOT-HXUWFJFHSA-N,2019,Ki,4.966576
NRSBRNRWCATXOT-HXUWFJFHSA-N,2022,Ki,4.991400
NRSBRNRWCATXOT-HXUWFJFHSA-N,2022,Ki,4.966576
NRSBRNRWCATXOT-UHFFFAOYSA-N,2019,Ki,4.879426
NRSBRNRWCATXOT-UHFFFAOYSA-N,2016,Ki,4.943095
NRSBRNRWCATXOT-UHFFFAOYSA-N,2022,Ki,4.943095
NRTBOHXSGLSYAH-KKLQWCBXSA-N,2023,Ki,6.387216
NRWWWLAGZMNIDV-UHFFFAOYSA-N,1996,Ki,7.148742
NRXPFRHREANWEK-NOZRDPDXSA-N,2020,Ki,5.990124
NRXPFRHREANWEK-UHFFFAOYSA-N,2020,Ki,5.626720
NRXPFRHREANWEK-UKILVPOCSA-N,2020,Ki,6.259637
NRYVDXJPHSEMPT-UHFFFAOYSA-N,2022,Ki,5.259637
NRYVDXJPHSEMPT-UHFFFAOYSA-N,2022,Ki,4.698970
NSDKGKOFRPAZQR-UHFFFAOYSA-N,2008,Ki,3.201349
NSGGYUGNVVGXHF-UHFFFAOYSA-N,2008,Ki,6.669992
NSHPEOLYLWLLHG-UHFFFAOYSA-N,2016,Ki,6.508638
NSIHYPVKKYZWKZ-UHFFFAOYSA-N,2019,Ki,7.060481
NSKAPVHFELLKGE-UHFFFAOYSA-N,2017,Ki,6.119758
NSKAPVHFELLKGE-UHFFFAOYSA-N,2018,Ki,6.119758
NSMCYUMPIGJKHV-UHFFFAOYSA-N,2012,Ki,6.906578
NSMCYUMPIGJKHV-UHFFFAOYSA-N,2014,Ki,6.906578
NSMCYUMPIGJKHV-UHFFFAOYSA-N,2021,Ki,6.906578
NSMCYUMPIGJKHV-UHFFFAOYSA-N,2021,Ki,6.906578
NSNRTJGFOUKUCV-OYRHEFFESA-N,2007,Ki,6.448550
NSRFWSBDKAVEHH-UHFFFAOYSA-N,2021,Ki,8.853872
NSRMSZBPAQTJBS-UHFFFAOYSA-N,2002,Ki,4.853872
NSRMSZBPAQTJBS-UHFFFAOYSA-N,2002,Ki,4.795880
NSSRPQDUVUJSBX-UHFFFAOYSA-N,1996,Ki,5.244735
NSVORFHVEAPMBK-UHFFFAOYSA-N,2019,Ki,5.400008
NSWRCNIUQFRZFO-UHFFFAOYSA-N,2006,Ki,4.823909
NSWRCNIUQFRZFO-UHFFFAOYSA-N,2006,Ki,4.795880
NSWVOURVYWIOMJ-UHFFFAOYSA-N,2020,Ki,5.808270
NSWVOURVYWIOMJ-UHFFFAOYSA-N,2022,Ki,5.808270
NTASTGHPPLINPW-UHFFFAOYSA-N,2006,Ki,7.565431
NTASTGHPPLINPW-UHFFFAOYSA-N,2009,Ki,7.286509
NTGJPMYEJARDOV-UHFFFAOYSA-N,2019,Ki,7.484126
NTIASQFANBLTMM-UHFFFAOYSA-N,2007,Ki,7.167491
NTJLMCXCRRDOFG-UHFFFAOYSA-N,1993,Ki,5.692504
NTJOBXMMWNYJFB-UHFFFAOYSA-N,2007,Ki,7.899974
NTJOBXMMWNYJFB-UHFFFAOYSA-N,2016,IC50,8.517126
NTJOBXMMWNYJFB-UHFFFAOYSA-N,2021,Ki,8.522879
NTJOBXMMWNYJFB-UHFFFAOYSA-N,2024,IC50,7.886725
NTJOBXMMWNYJFB-UHFFFAOYSA-N,2019,IC50,8.823909
NTJOBXMMWNYJFB-UHFFFAOYSA-N,2019,IC50,8.070581
NTJOBXMMWNYJFB-UHFFFAOYSA-N,2019,IC50,8.823909
NTJOBXMMWNYJFB-UHFFFAOYSA-N,2019,IC50,8.070581
NTNZQIYNYUYERV-UHFFFAOYSA-N,2019,IC50,8.412289
NTNZQIYNYUYERV-UHFFFAOYSA-N,2019,IC50,8.920819
NTQMYHKKRHULRZ-XPSQVAKYSA-N,2013,IC50,5.443697
NTQMYHKKRHULRZ-XPSQVAKYSA-N,2013,EC50,6.377786
NTRYGIZSQHIHMD-UHFFFAOYSA-N,2007,Ki,7.107905
NTSNTXLPUHHDIH-UHFFFAOYSA-N,2018,Ki,6.563837
NTVSBHFQAIUFRR-DHIUTWEWSA-N,2009,Ki,5.470000
NTVYYBXYUYDMTO-UHFFFAOYSA-N,2017,IC50,8.292430
NTXUZPFGBADASP-UHFFFAOYSA-N,2012,Ki,6.076238
NUDYAYZOUXPCOQ-UHFFFAOYSA-N,1999,Ki,7.700057
NUGWCMSUXVODFI-UHFFFAOYSA-N,2023,Ki,7.065502
NUGWCMSUXVODFI-UHFFFAOYSA-N,2023,Ki,7.173925
NUHXXOFRYNFFKK-UHFFFAOYSA-N,2010,Ki,8.730487
NUMVELFDJZDMIW-UHFFFAOYSA-N,2020,IC50,7.954677
NURQFGFJWUREMG-UHFFFAOYSA-N,2019,Kd,9.840132
NURQFGFJWUREMG-UHFFFAOYSA-N,2019,Ki,9.809949
NUTCIQIPIDPFOT-UHFFFAOYSA-N,2012,Ki,7.167491
NUTCIQIPIDPFOT-UHFFFAOYSA-N,2012,Ki,6.823909
NUULIEKFIPBBLV-UHFFFAOYSA-N,2005,Ki,7.602060
NUWDDLFERGKQRG-JXMROGBWSA-N,1999,Ki,6.399997
NUWFSHWNAZZTED-UHFFFAOYSA-N,2020,IC50,4.804100
NUWFSHWNAZZTED-UHFFFAOYSA-N,2023,IC50,4.853872
NUYNDLVLQFHYBG-UHFFFAOYSA-N,2006,Ki,7.228413
NUYPKYQEAJIFFC-AZUAARDMSA-N,2010,Ki,5.522879
NVAPLAXQQUNGEK-UHFFFAOYSA-N,2014,Ki,7.759950
NVASSRJOXRMBMU-ATJXCDBQSA-N,2006,Ki,7.712198
NVASSRJOXRMBMU-BSYVCWPDSA-N,2006,Ki,7.596879
NVCMKCBLQDUADQ-UHFFFAOYSA-N,1997,Ki,9.000000
NVDBBGBUTKLRSN-UHFFFAOYSA-N,2012,Ki,8.259637
NVECQJGBKKFGEZ-UHFFFAOYSA-N,2015,Ki,5.987163
NVFYXNDKOPANPI-UHFFFAOYSA-N,2020,Ki,5.821656
NVGPCGUJNQAMPN-HNNXBMFYSA-N,2018,Ki,5.244278
NVIIJSWTJSGWDP-UHFFFAOYSA-N,2012,IC50,5.682354
NVIIJSWTJSGWDP-UHFFFAOYSA-N,2012,IC50,5.690000
NVMHXLWQTVRZFA-UHFFFAOYSA-N,2011,Ki,8.602060
NVOLYBMYFVKTGP-UHFFFAOYSA-N,2019,Kd,6.540005
NVOLYBMYFVKTGP-UHFFFAOYSA-N,2019,Ki,6.549997
NVQDXWHJCOYHFG-UHFFFAOYSA-N,2004,Ki,5.377993
NVQYUJQBGUNKEL-HMRCJKRNSA-N,2023,Ki,6.000000
NVRRMHFWYSOBLH-UHFFFAOYSA-N,2011,Ki,7.596879
NVVFACNDFFNYNI-UHFFFAOYSA-N,2006,Ki,8.698970
NVVFACNDFFNYNI-UHFFFAOYSA-N,2006,Ki,8.318759
NVYMBZSBOQRSFH-UHFFFAOYSA-N,2002,Ki,5.431798
NVYMBZSBOQRSFH-UHFFFAOYSA-N,2002,Ki,5.207608
NVYMBZSBOQRSFH-UHFFFAOYSA-N,2007,Ki,5.430000
NWCMJMNRRAXNGI-UHFFFAOYSA-N,2020,Ki,7.508638
NWFVAWLUQHQVSN-HNKWHGCMSA-N,2014,Ki,7.716247
NWHURZIBXAETDE-JKIUYZKVSA-N,1997,Ki,7.091515
NWNDKLAEZZBIHP-UHFFFAOYSA-N,2006,Ki,6.388277
NWOBFMIIGQBMFP-UHFFFAOYSA-N,2021,Ki,6.278602
NWOBFMIIGQBMFP-UHFFFAOYSA-N,2021,Ki,6.299998
NWRMHPCLJKTXHZ-UHFFFAOYSA-N,2017,Ki,5.993534
NWRMHPCLJKTXHZ-UHFFFAOYSA-N,2018,Ki,5.993534
NWSVOKGXCYCZTI-UHFFFAOYSA-N,2005,Ki,6.920819
NWSWBVKRQJZUCZ-UHFFFAOYSA-N,2019,Ki,7.764472
NWSXNSLKBWYNLE-HSZRJFAPSA-N,1996,Ki,6.900009
NWTFCLNCCNYNPB-UHFFFAOYSA-N,2012,Ki,8.000000
NWTLRPXTJVTFDS-QRCZIWRFSA-N,2023,Ki,6.585027
NWVMEGNJSPJMDY-UHFFFAOYSA-N,2014,Ki,5.725150
NWVMEGNJSPJMDY-UHFFFAOYSA-N,2017,Ki,5.725150
NWVMEGNJSPJMDY-UHFFFAOYSA-N,2018,Ki,5.725150
NWVWDVQASIRPNE-UHFFFAOYSA-N,2019,Ki,7.346787
NWVXCTHMKYPUKK-NRFANRHFSA-N,2017,Ki,8.619789
NWVXCTHMKYPUKK-NRFANRHFSA-N,2017,Ki,9.026872
NWVXCTHMKYPUKK-NRFANRHFSA-N,2017,EC50,9.508638
NWVXCTHMKYPUKK-NRFANRHFSA-N,2017,EC50,9.267606
NWVXCTHMKYPUKK-NRFANRHFSA-N,2017,EC50,9.142668
NWVXCTHMKYPUKK-NRFANRHFSA-N,2017,EC50,9.886057
NWVXCTHMKYPUKK-NRFANRHFSA-N,2017,EC50,9.920819
NWVXCTHMKYPUKK-NRFANRHFSA-N,2017,EC50,7.752027
NWVXCTHMKYPUKK-NRFANRHFSA-N,2017,EC50,7.872895
NWVXCTHMKYPUKK-NRFANRHFSA-N,2017,EC50,8.522879
NWXLNEMDCWELOX-IYARVYRRSA-N,2013,Ki,6.313364
NWYYBDGDVQCHHQ-UHFFFAOYSA-N,2019,IC50,5.196543
NXACGFFPVFDPGP-UHFFFAOYSA-N,2013,Ki,6.889410
NXGXODYDGLKSAM-UHFFFAOYSA-N,2017,Ki,8.744727
NXGXODYDGLKSAM-UHFFFAOYSA-N,2017,Ki,8.638272
NXGXODYDGLKSAM-UHFFFAOYSA-N,2017,EC50,7.769551
NXGXODYDGLKSAM-UHFFFAOYSA-N,2017,EC50,7.799971
NXGXODYDGLKSAM-UHFFFAOYSA-N,2017,EC50,7.795880
NXGXODYDGLKSAM-UHFFFAOYSA-N,2017,EC50,7.759950
NXGXYFWRVCUKFN-UHFFFAOYSA-N,2009,Ki,7.275724
NXHZOGJHNYRAGN-UHFFFAOYSA-N,2012,EC50,8.602060
NXHZOGJHNYRAGN-UHFFFAOYSA-N,2012,EC50,7.602060
NXHZOGJHNYRAGN-UHFFFAOYSA-N,2012,Ki,8.376751
NXIPJCMKQNCCQK-UHFFFAOYSA-N,2021,Ki,6.005683
NXIWXBJHNOSEDP-UHFFFAOYSA-N,2005,Ki,8.130768
NXIZGEWMXVGBLH-UHFFFAOYSA-N,2007,Ki,6.974694
NXIZGEWMXVGBLH-UHFFFAOYSA-N,2007,EC50,7.160522
NXJNUASOAQRPKJ-UHFFFAOYSA-N,2008,Ki,9.337242
NXJNUASOAQRPKJ-UHFFFAOYSA-N,2008,Ki,6.701147
NXKXZXNNWRYXRE-UHFFFAOYSA-N,2019,IC50,8.050610
NXKXZXNNWRYXRE-UHFFFAOYSA-N,2019,IC50,8.086186
NXKXZXNNWRYXRE-UHFFFAOYSA-N,2019,IC50,8.050610
NXKXZXNNWRYXRE-UHFFFAOYSA-N,2019,IC50,8.086186
NXQBRORDMXGPPG-UHFFFAOYSA-N,2012,Ki,7.312471
NXQJYLDOIPIWNN-UVXAETBJSA-N,2013,Ki,6.886057
NXQMIPKIFYWBRG-UHFFFAOYSA-N,2020,Ki,6.266803
NXQMIPKIFYWBRG-UHFFFAOYSA-N,2022,Ki,6.266803
NXRNOJKUXYWBIA-LJAQVGFWSA-N,2014,Ki,6.619789
NXZVPWFCOOICMZ-QGZVFWFLSA-N,2020,EC50,5.899998
NXZVPWFCOOICMZ-QGZVFWFLSA-N,2020,EC50,5.850165
NYDZDBFAMUDWJX-FPOVZHCZSA-N,2003,Ki,8.638272
NYPHNXBBMJRKSX-UHFFFAOYSA-N,2015,Ki,7.369979
NYPHNXBBMJRKSX-UHFFFAOYSA-N,2015,Ki,7.369572
NYRDAOIKGSCMQF-UHFFFAOYSA-N,2014,Ki,5.698970
NYWJZLOBZHVZMI-JOCHJYFZSA-N,2012,IC50,5.700001
NYWJZLOBZHVZMI-QFIPXVFZSA-N,2012,IC50,5.599999
NYXDYIWPZMXTPA-UHFFFAOYSA-N,2014,Ki,9.154902
NYXISGQCRCGPPX-UHFFFAOYSA-N,2020,Ki,5.613341
NYXWLYUNZBLYDF-UHFFFAOYSA-N,2010,Ki,8.166853
NYYVPFBZAVQNMH-UHFFFAOYSA-N,2020,IC50,6.356547
NYYVPFBZAVQNMH-UHFFFAOYSA-N,2023,IC50,6.356547
NZAYAJKIYZAQIQ-UHFFFAOYSA-N,2019,Ki,5.885389
NZBZRVLCAAQXCD-UHFFFAOYSA-N,2022,Ki,6.303382
NZCZNMGSFLEVRM-UHFFFAOYSA-N,1997,Ki,5.823909
NZCZNMGSFLEVRM-UHFFFAOYSA-N,2005,Ki,6.749995
NZDANPPRKVYGPL-UHFFFAOYSA-N,2021,Ki,8.721246
NZDOOXVGZXZEHJ-UHFFFAOYSA-N,2010,Ki,8.228413
NZHOOCMJJHYQQC-UHFFFAOYSA-N,2004,Ki,6.721704
NZIPBDPDZPUDLD-UHFFFAOYSA-N,2006,Ki,6.512862
NZIPBDPDZPUDLD-UHFFFAOYSA-N,2006,Ki,6.512862
NZJUYULZIBPYPQ-UHFFFAOYSA-N,2023,Ki,5.586868
NZKGNAIACSEITE-XUTJKUGGSA-N,2014,Ki,6.801508
NZMXNCUJPVJYBC-JTQLQIEISA-N,2010,IC50,8.250032
NZOIFXLLVJGITJ-HZCBDIJESA-N,2007,Ki,6.546682
NZOIFXLLVJGITJ-HZCBDIJESA-N,2007,Ki,6.546682
NZOIFXLLVJGITJ-SZPZYZBQSA-N,2007,Ki,6.696804
NZOIFXLLVJGITJ-SZPZYZBQSA-N,2007,Ki,6.481486
NZOQVGKUAPXCFT-NQIIRXRSSA-N,2010,Ki,6.900009
NZPQNNBQTOVDCM-PGWJBFNOSA-N,2014,Ki,5.428524
NZTNTJJXYHMEGN-UHFFFAOYSA-N,2021,Ki,6.071604
OABRYNHZQBZDMG-INIZCTEOSA-N,2007,Ki,8.677781
OABRYNHZQBZDMG-INIZCTEOSA-N,2007,Ki,8.657577
OABRYNHZQBZDMG-INIZCTEOSA-N,2008,IC50,8.301030
OABRYNHZQBZDMG-INIZCTEOSA-N,2014,Ki,10.013228
OABRYNHZQBZDMG-INIZCTEOSA-N,2023,Ki,10.698970
OACVKINMDRORAI-UHFFFAOYSA-N,2016,Ki,6.699992
OACVKINMDRORAI-UHFFFAOYSA-N,2019,Ki,6.978811
OACVKINMDRORAI-UHFFFAOYSA-N,2020,Ki,6.978811
OAIALYFMHHTONS-HCGLCNNCSA-N,2013,Ki,5.500176
OAMRDAGXTITKDJ-VAWYXSNFSA-N,2003,Ki,7.299296
OAQYNXQHFCWRFX-NUDCOPPTSA-N,2022,Ki,6.481486
OASSGMBDTDTXKO-UHFFFAOYSA-N,2021,Ki,7.958607
OASSGMBDTDTXKO-UHFFFAOYSA-N,2021,Ki,8.677781
OAUBLUIXSXPHTA-IYARVYRRSA-N,2020,Ki,6.552842
OAUBLUIXSXPHTA-IYARVYRRSA-N,2022,Ki,6.552842
OAUFPDQMACFAMN-UHFFFAOYSA-N,2006,Ki,5.764472
OAYFFKDPUNMJMP-UHFFFAOYSA-N,2020,Ki,6.384050
OBAPVKSFCPNRPS-AFARHQOCSA-N,2023,Ki,5.886057
OBEJISAWFMGQOW-UHFFFAOYSA-N,2009,Ki,6.657577
OBFPDOMCBFUMBH-UHFFFAOYSA-N,2012,Ki,7.327902
OBFPDOMCBFUMBH-UHFFFAOYSA-N,2012,Ki,7.494850
OBGOWZOSTXHAGD-UHFFFAOYSA-N,2004,Ki,5.494850
OBGOWZOSTXHAGD-UHFFFAOYSA-N,2004,Ki,6.366532
OBHCEADEAPCRBN-UHFFFAOYSA-N,1998,Ki,5.917574
OBIIIJJDTMSOQS-UHFFFAOYSA-N,2007,Ki,6.223299
OBKOPYWWTQOWFZ-MTIDIVMFSA-N,2018,IC50,8.008774
OBLDKFKTBGJWKJ-PHTYHVAFSA-N,2008,Ki,7.931814
OBMAVWKQHQVNAR-UHFFFAOYSA-N,2019,Ki,8.000000
OBNPRZFPDFENDM-UHFFFAOYSA-N,1992,Ki,5.239578
OBQQHIJXDBDJLM-UHFFFAOYSA-N,2022,Ki,6.860121
OBUBLVFQIMPZAM-UHFFFAOYSA-N,2008,IC50,5.823909
OBVJYSIRBVCCNU-UHFFFAOYSA-N,2017,Ki,8.552842
OBWAPGCVMFPQBZ-UHFFFAOYSA-N,2022,Ki,6.252588
OBWVPNLXYFESGY-UHFFFAOYSA-N,2013,Ki,6.924453
OBZMXWUQHYLQEP-UHFFFAOYSA-N,2020,EC50,5.387216
OBZMXWUQHYLQEP-UHFFFAOYSA-N,2023,EC50,5.387216
OCAXFDULERPAJM-UHFFFAOYSA-N,2001,Ki,5.759451
OCDNDDLEORDHLQ-PSWAGMNNSA-N,2007,Ki,7.619789
OCDNDDLEORDHLQ-RQNOJGIXSA-N,2007,Ki,7.148742
OCDNUTCRNXSKHR-GFCCVEGCSA-N,2016,Ki,7.892790
OCDNUTCRNXSKHR-GFCCVEGCSA-N,2016,Ki,6.442493
OCDNUTCRNXSKHR-GFCCVEGCSA-N,2016,EC50,7.515700
OCDNUTCRNXSKHR-GFCCVEGCSA-N,2016,EC50,7.080922
OCELOKBVPAERLI-MRXNPFEDSA-N,2014,EC50,9.199971
OCELOKBVPAERLI-MRXNPFEDSA-N,2014,Ki,6.853872
OCELOKBVPAERLI-MRXNPFEDSA-N,2014,Ki,7.285670
OCELOKBVPAERLI-MRXNPFEDSA-N,2014,Ki,8.421361
OCELOKBVPAERLI-MRXNPFEDSA-N,2014,Ki,7.090016
OCELOKBVPAERLI-MRXNPFEDSA-N,2014,Ki,7.450016
OCELOKBVPAERLI-MRXNPFEDSA-N,2014,Ki,8.689944
OCFAISWIUDZBGF-UHFFFAOYSA-N,2020,IC50,6.160522
OCFAISWIUDZBGF-UHFFFAOYSA-N,2023,IC50,6.160522
OCFFXDBBLHVFSW-JOCHJYFZSA-N,1998,Ki,6.413413
OCFFXDBBLHVFSW-QFIPXVFZSA-N,1998,Ki,6.488117
OCFFXDBBLHVFSW-UHFFFAOYSA-N,1998,Ki,6.458421
OCGPKQAAPALCBH-HLYHAVAHSA-N,2018,IC50,8.602060
OCHIEZWGIHOVEQ-UHFFFAOYSA-N,2019,IC50,6.667562
OCILYBWYAOZBTC-UHFFFAOYSA-N,2015,Ki,6.154902
OCLIVVKGXAOVNC-UHFFFAOYSA-N,2007,Ki,7.659953
OCLIVVKGXAOVNC-UHFFFAOYSA-N,2015,Ki,8.522879
OCMQSLHFQZYSMB-UHFFFAOYSA-N,1999,Ki,6.156145
OCMWTQCINJDJDB-UHFFFAOYSA-N,2002,Ki,6.197226
OCNSHCHKTREKMB-IYARVYRRSA-N,2020,Ki,6.292430
OCNSHCHKTREKMB-IYARVYRRSA-N,2022,Ki,6.292430
OCNUPGFDBUFRFR-UHFFFAOYSA-N,2019,Ki,8.251812
OCVVZZUNABZIKS-UHFFFAOYSA-N,2017,Ki,6.167491
OCVVZZUNABZIKS-UHFFFAOYSA-N,2018,Ki,6.167491
OCWPTCQPXOGOJA-UHFFFAOYSA-N,2011,Ki,8.244125
OCWWFSWSVBBJST-UHFFFAOYSA-N,1998,IC50,7.638272
OCXRBZJRLZFHPE-UHFFFAOYSA-N,2020,Ki,6.931814
OCZGPPRWTUONED-UHFFFAOYSA-N,2012,Ki,7.602060
OCZGPPRWTUONED-UHFFFAOYSA-N,2016,Ki,7.602060
OCZGPPRWTUONED-UHFFFAOYSA-N,2016,Ki,7.590067
ODBZJKXOIQSFOA-UHFFFAOYSA-N,2006,Ki,7.474955
ODBZJKXOIQSFOA-UHFFFAOYSA-N,2006,Ki,7.756962
ODBZJKXOIQSFOA-UHFFFAOYSA-N,2006,Ki,7.756962
ODBZJKXOIQSFOA-UHFFFAOYSA-N,2006,Ki,7.474955
ODBZJKXOIQSFOA-UHFFFAOYSA-N,2007,Ki,7.756962
ODBZJKXOIQSFOA-UHFFFAOYSA-N,2008,Ki,7.759950
ODBZJKXOIQSFOA-UHFFFAOYSA-N,2009,Ki,7.756962
ODBZJKXOIQSFOA-UHFFFAOYSA-N,2015,Ki,7.351640
ODBZJKXOIQSFOA-UHFFFAOYSA-N,2024,Ki,7.756962
ODCHWQCXVLKXFU-UHFFFAOYSA-N,2018,Ki,6.659556
ODDQSYJSQXYQTO-UHFFFAOYSA-N,2014,Ki,8.522879
ODDQSYJSQXYQTO-UHFFFAOYSA-N,2014,Ki,8.638272
ODFIVFUWYGFTJX-UHFFFAOYSA-N,2017,Ki,6.991400
ODFIVFUWYGFTJX-UHFFFAOYSA-N,2018,Ki,6.991400
ODGRZYYSJPOCQE-ISKFKSNPSA-N,2019,Ki,4.568636
ODIJMXCJWMOZFJ-PGRDOPGGSA-N,2010,Ki,6.599998
ODNIEBFFNONVCK-UHFFFAOYSA-N,2020,Ki,6.552842
ODNIEBFFNONVCK-UHFFFAOYSA-N,2022,Ki,6.552842
ODOYBDHNDVPBSP-UHFFFAOYSA-N,2018,IC50,8.075721
ODRITQGYYWHQGM-INIZCTEOSA-N,2024,IC50,5.070581
ODRXDASPVTXFDY-UHFFFAOYSA-N,2016,Ki,4.800000
ODRXDASPVTXFDY-UHFFFAOYSA-N,2020,Ki,4.840012
ODTODLDORHJDOK-UHFFFAOYSA-N,2011,Ki,8.130768
ODUXFQKZMHFWKP-UHFFFAOYSA-N,2016,Ki,4.800000
ODVSDFIRQLJCEU-UHFFFAOYSA-N,2008,Ki,6.055517
ODVSDFIRQLJCEU-UHFFFAOYSA-N,2008,Ki,6.259637
ODWYRJRPSGVBPV-UHFFFAOYSA-N,1993,Ki,5.815309
OEFDEEXEDSBTQR-AWEZNQCLSA-N,2020,Ki,5.914353
OEFFTIMBYVFOPK-UHFFFAOYSA-N,2011,Ki,5.119186
OEFFTIMBYVFOPK-UHFFFAOYSA-N,2011,Ki,5.244125
OEJCRLZCGDBNPH-UHFFFAOYSA-N,2019,Kd,8.980053
OEJCRLZCGDBNPH-UHFFFAOYSA-N,2019,Ki,8.990124
OEJDOSDQLNSUBL-UHFFFAOYSA-N,1999,Ki,8.107905
OEJHEPOHRGSKLF-UAPYVXQJSA-N,2013,Ki,6.610267
OEMQARURTNJNIB-UHFFFAOYSA-N,2016,Ki,6.537602
OENRUMHRBQYCEY-UHFFFAOYSA-N,2016,Ki,6.193820
OEOARPDKGPPHKL-UHFFFAOYSA-N,2017,Ki,8.522879
OEQABNLZLBEHPD-SSGKUCQKSA-N,2013,Ki,6.095826
OERZGWUVKSWOKP-RBUKOAKNSA-N,2023,Ki,5.390406
OEUGQYOMKCJJLJ-LCSWDSHXSA-N,1997,Ki,4.943095
OEUGQYOMKCJJLJ-LCSWDSHXSA-N,1997,IC50,5.616185
OEUUCWVHNBAMPM-KRWDZBQOSA-N,2020,Ki,5.639975
OEUUCWVHNBAMPM-KRWDZBQOSA-N,2020,Ki,5.360016
OEUUCWVHNBAMPM-KRWDZBQOSA-N,2020,Ki,4.929999
OEUUCWVHNBAMPM-UHFFFAOYSA-N,2016,Ki,4.900000
OEXMEESXYABYFA-UHFFFAOYSA-N,2020,IC50,5.941574
OEXMEESXYABYFA-UHFFFAOYSA-N,2021,Ki,9.397940
OEXOYPPMGZXWRP-UHFFFAOYSA-N,2019,Ki,5.929962
OFDBZTWNYSKFOY-JTQLQIEISA-N,2010,IC50,7.250032
OFDFSLKEZUMNQF-UHFFFAOYSA-N,2006,Ki,5.681102
OFDPWRMPOMJNHU-WGSAOQKQSA-N,2021,Ki,7.102373
OFDQLTVLCXEIAI-UHFFFAOYSA-N,1997,Ki,5.616185
OFDQLTVLCXEIAI-UHFFFAOYSA-N,2005,Ki,6.439998
OFGVTQBDSWPSFF-UHFFFAOYSA-N,2019,Ki,8.161151
OFJQZOJUBWFTCD-UHFFFAOYSA-N,2017,Ki,8.602060
OFPWVHCOBDDZMU-UHFFFAOYSA-N,2023,Ki,7.928118
OFRYPJSVIVBOHV-WSABRRFESA-N,2000,Ki,6.299998
OFTZRFJEBCMBOT-OWOJBTEDSA-N,2005,Ki,7.707744
OFVIWVBNYVKRLE-NSHDSACASA-N,2010,IC50,7.770062
OFWBNRKDYGFFGN-QRTMHTFLSA-N,2023,Ki,6.455932
OFWNLCWKTRJZBM-AQYVVDRMSA-N,2013,Ki,6.841638
OFZLWCJPSURMOO-UHFFFAOYSA-N,2025,Ki,4.530000
OGAKLTJNUQRZJU-UHFFFAOYSA-N,,IC50,5.482804
OGAKLTJNUQRZJU-UHFFFAOYSA-N,,Ki,5.959793
OGAUNANMKAMDND-UHFFFAOYSA-N,2008,Ki,7.031517
OGAXIHIXSFCZCE-UHFFFAOYSA-N,2023,Ki,6.468521
OGAXIHIXSFCZCE-UHFFFAOYSA-N,2023,Ki,6.886057
OGGBZQYMCSUKHZ-FQEVSTJZSA-N,1991,Ki,8.173925
OGGBZQYMCSUKHZ-HXUWFJFHSA-N,1991,Ki,6.769551
OGHDWFXSMLKLNB-UHFFFAOYSA-N,2002,Ki,6.049635
OGHDWFXSMLKLNB-UHFFFAOYSA-N,2021,Ki,6.049635
OGHNVEJMJSYVRP-KRWDZBQOSA-N,2016,Ki,7.309804
OGHNVEJMJSYVRP-QGZVFWFLSA-N,2016,Ki,7.585027
OGHNVEJMJSYVRP-UHFFFAOYSA-N,,IC50,6.835647
OGHNVEJMJSYVRP-UHFFFAOYSA-N,,Ki,7.309804
OGJGQVFWEPNYSB-UHFFFAOYSA-N,1998,IC50,6.443697
OGJGQVFWEPNYSB-UHFFFAOYSA-N,1998,Ki,6.041914
OGJGQVFWEPNYSB-UHFFFAOYSA-N,2004,Ki,6.348722
OGJGQVFWEPNYSB-UHFFFAOYSA-N,1996,Ki,6.017729
OGJGQVFWEPNYSB-UHFFFAOYSA-N,2002,Ki,4.267606
OGJGQVFWEPNYSB-UHFFFAOYSA-N,2002,Ki,4.420216
OGJGQVFWEPNYSB-UHFFFAOYSA-N,1998,Ki,6.036212
OGJGQVFWEPNYSB-UHFFFAOYSA-N,1999,Ki,6.017729
OGJGQVFWEPNYSB-UHFFFAOYSA-N,1999,Ki,6.041914
OGJGQVFWEPNYSB-UHFFFAOYSA-N,2004,Ki,6.017729
OGJGQVFWEPNYSB-UHFFFAOYSA-N,2007,Ki,4.270000
OGJGQVFWEPNYSB-UHFFFAOYSA-N,2009,Ki,6.017729
OGJGQVFWEPNYSB-UHFFFAOYSA-N,2009,Ki,4.267606
OGJGQVFWEPNYSB-UHFFFAOYSA-N,2009,Ki,4.420216
OGJGQVFWEPNYSB-UHFFFAOYSA-N,2014,Ki,6.017729
OGJGQVFWEPNYSB-UHFFFAOYSA-N,2017,Ki,6.017729
OGJGQVFWEPNYSB-UHFFFAOYSA-N,2018,Ki,5.790000
OGJGQVFWEPNYSB-UHFFFAOYSA-N,2019,Ki,4.327902
OGJGQVFWEPNYSB-UHFFFAOYSA-N,2019,Ki,4.481486
OGJGQVFWEPNYSB-UHFFFAOYSA-N,2022,Ki,5.790000
OGJGQVFWEPNYSB-UHFFFAOYSA-N,2021,Ki,6.017729
OGJGQVFWEPNYSB-UHFFFAOYSA-N,2017,Ki,5.040434
OGJGQVFWEPNYSB-UHFFFAOYSA-N,2017,Ki,5.040000
OGJGQVFWEPNYSB-UHFFFAOYSA-N,2025,Ki,5.790000
OGKVKDKJRLURJP-QAQDUYKDSA-N,2020,Ki,6.130768
OGKVKDKJRLURJP-QAQDUYKDSA-N,2022,Ki,6.130768
OGMXPNDTEOMUTP-UHFFFAOYSA-N,2017,Ki,6.903090
OGMXPNDTEOMUTP-UHFFFAOYSA-N,2018,Ki,6.903090
OGNNKKYFJYJQEU-SFHVURJKSA-N,2012,IC50,6.340911
OGNNKKYFJYJQEU-SFHVURJKSA-N,2012,Ki,6.793201
OGNNKKYFJYJQEU-SFHVURJKSA-N,2013,Ki,6.793174
OGNNKKYFJYJQEU-SFHVURJKSA-N,2016,Ki,6.793201
OGNNKKYFJYJQEU-SFHVURJKSA-N,2016,IC50,6.340911
OGNNKKYFJYJQEU-SFHVURJKSA-N,2016,Ki,6.793444
OGRCIXTZMPQEAX-JKIUYZKVSA-N,2023,Ki,5.744727
OGRCTWORYPUCJU-UHFFFAOYSA-N,2015,Ki,7.327902
OGRYOYIDGBUEFL-XUTJKUGGSA-N,2022,Ki,6.161151
OGTUTKKBESFZFI-UHFFFAOYSA-N,2001,Ki,8.657577
OGYHYPVUHUXITF-UHFFFAOYSA-N,2016,Ki,7.657577
OHAOVJVRDRFORL-UHFFFAOYSA-N,2007,Ki,5.899998
OHGZIKVFWPQXNG-UHFFFAOYSA-N,2010,Ki,8.031050
OHHKPQVUUXXVGV-UHFFFAOYSA-N,2002,Ki,6.522879
OHHKPQVUUXXVGV-UHFFFAOYSA-N,2002,Ki,6.920819
OHJSWFDQAUGCDZ-TZIWHRDSSA-N,2021,Ki,6.047208
OHLNGDFTLNKGPO-UHFFFAOYSA-N,2017,Ki,8.585027
OHNCZVXJVAIMIH-UHFFFAOYSA-N,2022,Ki,6.714443
OHODDACZFUFQDV-UHFFFAOYSA-N,2010,IC50,5.970211
OHRWBHSKZIDRDQ-IYARVYRRSA-N,2017,Ki,8.501689
OHRWBHSKZIDRDQ-IYARVYRRSA-N,2017,Ki,8.501689
OHSHVZPWRGUHCW-UHFFFAOYSA-N,2017,IC50,5.257275
OHSIGBOKYLDSHG-AZGAKELHSA-N,2020,Ki,5.869988
OHSIGBOKYLDSHG-RSXGOPAZSA-N,2020,Ki,5.910095
OHSIGBOKYLDSHG-UHFFFAOYSA-N,2020,Ki,5.502517
OIAXKPXJNIOPBF-UHFFFAOYSA-N,2009,Ki,6.886057
OIAXKPXJNIOPBF-UHFFFAOYSA-N,2009,Ki,6.769551
OICMTYRVBGKDDA-UHFFFAOYSA-N,2006,Ki,6.798603
OIDVIVFTQMTONJ-UHFFFAOYSA-N,2018,Ki,5.449160
OIEGDDBPBCGRNO-UHFFFAOYSA-N,2014,Ki,7.356547
OIJAOTPYMBONBE-SFHLNBCPSA-N,2023,Ki,6.721246
OIKSHMCSVZMXCU-INIZCTEOSA-N,2016,Ki,6.313873
OIKSHMCSVZMXCU-INIZCTEOSA-N,2016,IC50,5.600664
OIKSHMCSVZMXCU-INIZCTEOSA-N,2016,EC50,5.011441
OILMBPPIBYTUES-NSCUHMNNSA-N,2023,Ki,6.856985
OILMBPPIBYTUES-NSCUHMNNSA-N,2023,Ki,6.850012
OILMBPPIBYTUES-NSCUHMNNSA-N,2023,EC50,7.212540
OILMBPPIBYTUES-NSCUHMNNSA-N,2023,EC50,7.209996
OILMBPPIBYTUES-NSCUHMNNSA-N,2023,EC50,7.638272
OILMBPPIBYTUES-NSCUHMNNSA-N,2023,EC50,7.630042
OILMYNCOJBGIHH-UHFFFAOYSA-N,2010,Ki,8.318759
OIPJHHKEXPIMJA-WGSAOQKQSA-N,2022,Ki,6.508638
OIRZLTZLOKARTG-FQEVSTJZSA-N,2019,Ki,6.659556
OIRZLTZLOKARTG-FQEVSTJZSA-N,2022,Ki,6.698970
OIRZLTZLOKARTG-FQEVSTJZSA-N,2022,Ki,6.659556
OIRZLTZLOKARTG-HXUWFJFHSA-N,2019,Ki,7.120331
OIRZLTZLOKARTG-HXUWFJFHSA-N,2022,Ki,7.166853
OIRZLTZLOKARTG-HXUWFJFHSA-N,2022,Ki,7.120331
OIRZLTZLOKARTG-UHFFFAOYSA-N,2019,Ki,6.879426
OIRZLTZLOKARTG-UHFFFAOYSA-N,2016,Ki,6.821023
OIRZLTZLOKARTG-UHFFFAOYSA-N,2022,Ki,6.924453
OIVYFRNOFHRRJS-OUKQBFOZSA-N,1995,Ki,5.185087
OIXWMGVKJCJKNE-UHFFFAOYSA-N,2021,Ki,6.798603
OIXWMGVKJCJKNE-UHFFFAOYSA-N,2021,Ki,6.799998
OIXWMGVKJCJKNE-UHFFFAOYSA-N,2021,EC50,7.777284
OIXWMGVKJCJKNE-UHFFFAOYSA-N,2021,EC50,7.779892
OIXWMGVKJCJKNE-UHFFFAOYSA-N,2021,EC50,8.391474
OIXWMGVKJCJKNE-UHFFFAOYSA-N,2021,EC50,8.389979
OJCBIYVJAWOBLI-XBISEHGESA-N,2001,Ki,6.000000
OJCWQYKGGOVRLI-UHFFFAOYSA-N,2017,Ki,6.130768
OJCWQYKGGOVRLI-UHFFFAOYSA-N,2018,Ki,6.130768
OJCZIDQMQPAEJE-UHFFFAOYSA-N,2019,Ki,6.295849
OJELFRWBMVFUDD-KXBFYZLASA-N,2003,Ki,7.267606
OJELFRWBMVFUDD-KXBFYZLASA-N,2003,Ki,7.408935
OJELFRWBMVFUDD-KXBFYZLASA-N,2003,Ki,8.096910
OJELFRWBMVFUDD-KXBFYZLASA-N,2003,Ki,8.193820
OJFGNESHNMETMU-UHFFFAOYSA-N,2021,Ki,6.155523
OJFGNESHNMETMU-UHFFFAOYSA-N,2021,Ki,6.160001
OJGAXSYOOYSPGN-QGZVFWFLSA-N,1996,Ki,6.603801
OJINAULTAMERKJ-UHFFFAOYSA-N,2018,Ki,6.540005
OJNANMGIAFOWHF-UHFFFAOYSA-N,2022,Ki,6.113509
OJONWBFOVMXDLK-AQYVVDRMSA-N,2017,Ki,8.054531
OJONWBFOVMXDLK-AQYVVDRMSA-N,2017,Ki,8.054531
OJORGHNUKQKUKG-UHFFFAOYSA-N,2017,Ki,6.086186
OJORGHNUKQKUKG-UHFFFAOYSA-N,2018,Ki,6.086186
OJVDNCHTCHUSCE-HSZRJFAPSA-N,2016,Ki,8.262013
OJVDNCHTCHUSCE-HSZRJFAPSA-N,2016,Ki,5.431798
OJVDNCHTCHUSCE-HSZRJFAPSA-N,2016,EC50,6.962574
OJVDNCHTCHUSCE-HSZRJFAPSA-N,2016,EC50,6.991400
OJVGHPDSXXGXQT-UHFFFAOYSA-N,2013,Ki,6.454693
OJVUWAZPULUZEU-UHFFFAOYSA-N,2019,Ki,6.698970
OJVUWAZPULUZEU-UHFFFAOYSA-N,2019,Ki,7.240332
OJVUWAZPULUZEU-UHFFFAOYSA-N,2020,Ki,6.698970
OJVUWAZPULUZEU-UHFFFAOYSA-N,2020,Ki,7.240332
OJWOIBDHQBDTRR-UHFFFAOYSA-N,2012,Ki,7.200659
OJWOIBDHQBDTRR-UHFFFAOYSA-N,2015,Ki,7.200659
OJYUKAHOHYUAHF-UHFFFAOYSA-N,2021,Ki,6.350003
OJYUKAHOHYUAHF-UHFFFAOYSA-N,2021,Kd,10.826814
OJYUKAHOHYUAHF-UHFFFAOYSA-N,2021,Kd,10.826814
OJZXUFDBDMQATJ-UHFFFAOYSA-N,2003,Ki,7.124939
OJZXUFDBDMQATJ-UHFFFAOYSA-N,2011,Ki,7.318759
OJZXUFDBDMQATJ-UHFFFAOYSA-N,2011,Ki,7.376751
OJZXUFDBDMQATJ-UHFFFAOYSA-N,2011,EC50,7.920819
OKFIQGYGZIGIDI-UHFFFAOYSA-N,2019,Ki,5.935917
OKFIQGYGZIGIDI-UHFFFAOYSA-N,2019,IC50,4.788399
OKFIQGYGZIGIDI-UHFFFAOYSA-N,2019,IC50,4.169970
OKGHBHDLSXHOSY-WUKNDPDISA-N,2003,EC50,6.769551
OKGHBHDLSXHOSY-WUKNDPDISA-N,2022,Ki,5.650917
OKHCGJQUKXTRNR-KRWDZBQOSA-N,2023,Ki,5.571541
OKHRWBVXVXXGLN-UHFFFAOYSA-N,1997,Ki,9.400008
OKJIXAFKUUQQCX-UHFFFAOYSA-N,2015,Ki,9.031517
OKJIXAFKUUQQCX-UHFFFAOYSA-N,2015,EC50,10.000000
OKJIXAFKUUQQCX-UHFFFAOYSA-N,2015,EC50,8.376751
OKNVKYBLZGATAL-JOCHJYFZSA-N,2013,EC50,7.119186
OKNVKYBLZGATAL-JOCHJYFZSA-N,2013,Ki,6.769551
OKODMCHGOYUBGY-JTQLQIEISA-N,2017,Ki,6.498941
OKODMCHGOYUBGY-SNVBAGLBSA-N,2017,Ki,5.853872
OKVMMISWCZKJGO-INIZCTEOSA-N,1996,Ki,5.474826
OKVMMISWCZKJGO-MRXNPFEDSA-N,1996,Ki,5.230475
OKYMHEQIJOCXSJ-UGUVSMLOSA-N,2023,EC50,7.578561
OLBITTLQHVXSOM-UHFFFAOYSA-N,2006,Ki,6.216096
OLFDLQGPVNBREO-UHFFFAOYSA-N,2020,Ki,4.468227
OLFDLQGPVNBREO-UHFFFAOYSA-N,2022,Ki,4.468227
OLFPBASVCZUWSQ-UHFFFAOYSA-N,2011,Ki,8.494850
OLFPBASVCZUWSQ-UHFFFAOYSA-N,2011,Ki,9.031517
OLGSDKVBQGETRV-UHFFFAOYSA-N,2003,Ki,6.782516
OLGZPJJHZDCBMO-UHFFFAOYSA-N,2017,Ki,8.346787
OLHTYSHHUSHAPW-UHFFFAOYSA-N,2010,Ki,9.119186
OLIUQFBIXLONDP-UHFFFAOYSA-N,2018,Ki,6.432974
OLJONOSWRLTMOI-UHFFFAOYSA-N,2015,Ki,7.406714
OLKRKRWLKISLQU-WIYYLYMNSA-N,2009,Ki,7.000000
OLKRKRWLKISLQU-WIYYLYMNSA-N,2009,Ki,7.000000
OLKYYLJXZLWORJ-UHFFFAOYSA-N,2002,Ki,7.958607
OLKYYLJXZLWORJ-UHFFFAOYSA-N,2002,Ki,8.408935
OLKYYLJXZLWORJ-UHFFFAOYSA-N,2009,Ki,7.080922
OLKYYLJXZLWORJ-UHFFFAOYSA-N,2009,Ki,7.886057
OLKYYLJXZLWORJ-UHFFFAOYSA-N,2009,Ki,7.958607
OLPQNRLJYOGSGV-WMLDXEAASA-N,1997,Ki,7.705534
OLRDLGNPSAUGKS-UHFFFAOYSA-N,2009,Ki,6.013228
OLRVQVYEXPCJPP-UHFFFAOYSA-N,2020,Ki,6.872895
OLRVQVYEXPCJPP-UHFFFAOYSA-N,2022,Ki,6.872895
OLTXDAOJPSBTJD-SFHVURJKSA-N,2005,Ki,4.537602
OLUIVMRSUSSFJF-UHFFFAOYSA-N,1999,Ki,6.537602
OLWRVVHPJFLNPW-LSNLESRRSA-N,2001,Ki,6.000000
OLWRVVHPJFLNPW-LSNLESRRSA-N,2000,Ki,6.000000
OLWRVVHPJFLNPW-LSNLESRRSA-N,2000,Ki,6.000000
OLWRVVHPJFLNPW-LSNLESRRSA-N,2005,Ki,5.978811
OLWRVVHPJFLNPW-LSNLESRRSA-N,2007,Ki,6.399997
OLWRVVHPJFLNPW-LSNLESRRSA-N,2008,Ki,6.399997
OLWRVVHPJFLNPW-LSNLESRRSA-N,2008,Ki,6.399997
OLWRVVHPJFLNPW-LSNLESRRSA-N,2009,Ki,6.399997
OLWRVVHPJFLNPW-LSNLESRRSA-N,2009,Ki,6.399997
OLWRVVHPJFLNPW-LSNLESRRSA-N,2010,Ki,6.399997
OLWRVVHPJFLNPW-LSNLESRRSA-N,2016,Ki,6.299998
OLWRVVHPJFLNPW-LSNLESRRSA-N,2016,Ki,6.299998
OLWRVVHPJFLNPW-LSNLESRRSA-N,2016,Ki,6.309999
OLWRVVHPJFLNPW-LSNLESRRSA-N,2017,Ki,5.287350
OMABWURKRSVEKR-UHFFFAOYSA-N,2023,Ki,6.835647
OMGFHJJVBNGXBW-UHFFFAOYSA-N,2008,Ki,6.136677
OMGQCEITFUGYJF-YEPDHIAXSA-N,2022,Ki,7.040959
OMHCFMMNQAVKBC-BYYHNAKLSA-N,2015,Ki,7.602060
OMHCFMMNQAVKBC-BYYHNAKLSA-N,2015,Ki,7.886057
OMJKWHFYJYNQTL-UHFFFAOYSA-N,2020,Ki,6.500313
OMJKWHFYJYNQTL-UHFFFAOYSA-N,2022,Ki,6.500313
OMLKVBCFEFXJLV-MXVIHJGJSA-N,1998,Ki,7.408935
OMOJVKDXKKEFQT-OXJNMPFZSA-N,2019,Ki,6.289883
OMOJVKDXKKEFQT-OXJNMPFZSA-N,2020,Ki,6.289883
OMOJVKDXKKEFQT-UHFFFAOYSA-N,2016,Ki,6.299998
OMOJVKDXKKEFQT-UHFFFAOYSA-N,2019,Ki,6.279841
OMOJVKDXKKEFQT-UHFFFAOYSA-N,2020,Ki,6.279841
OMOJVKDXKKEFQT-UZLBHIALSA-N,2019,Ki,6.369572
OMQYELRKBALQJF-GXTWGEPZSA-N,2000,Ki,7.130768
OMQYELRKBALQJF-JSGCOSHPSA-N,2000,Ki,6.068542
OMQYELRKBALQJF-TZMCWYRMSA-N,2000,Ki,8.943095
OMQYELRKBALQJF-UHFFFAOYSA-N,2000,Ki,6.273273
OMRFHGXPJWNBFO-UHFFFAOYSA-N,2013,Ki,6.080922
OMRTUEHYBPGJDW-UHFFFAOYSA-N,2021,Ki,5.712198
OMSAEBUIHWCGKQ-IYARVYRRSA-N,2014,Ki,7.171662
OMUDHMBLKINCCX-XXBNENTESA-N,2016,Ki,5.840000
OMXJWXICMCUBRZ-MGPUTAFESA-N,2019,Ki,6.110138
OMXJWXICMCUBRZ-MGPUTAFESA-N,2019,Ki,5.969805
OMXJWXICMCUBRZ-MGPUTAFESA-N,2020,Ki,6.110138
OMXJWXICMCUBRZ-MGPUTAFESA-N,2020,Ki,5.969805
OMXJWXICMCUBRZ-QRWLVFNGSA-N,2019,Ki,6.530178
OMXJWXICMCUBRZ-QRWLVFNGSA-N,2019,Ki,6.540608
OMXJWXICMCUBRZ-QRWLVFNGSA-N,2020,Ki,6.530178
OMXJWXICMCUBRZ-QRWLVFNGSA-N,2020,Ki,6.540608
OMXJWXICMCUBRZ-UHFFFAOYSA-N,2016,Ki,6.499997
OMXJWXICMCUBRZ-UHFFFAOYSA-N,2016,Ki,6.000000
OMXJWXICMCUBRZ-UHFFFAOYSA-N,2016,Ki,6.399997
OMXJWXICMCUBRZ-UHFFFAOYSA-N,2019,Ki,6.619789
OMXJWXICMCUBRZ-UHFFFAOYSA-N,2020,Ki,6.619789
OMZDIKJNJMPWHV-UHFFFAOYSA-N,1996,Ki,5.800001
OMZMJFOIQLHTBI-IYARVYRRSA-N,2017,Ki,8.486782
OMZMJFOIQLHTBI-IYARVYRRSA-N,2017,Ki,8.486782
ONAGXNNVAPQSIR-UHFFFAOYSA-N,2013,Ki,6.978811
ONAUJHKYHSJWDK-AQYVVDRMSA-N,2013,Ki,5.516841
ONJJIEKDZQAGJP-UHFFFAOYSA-N,2004,Ki,6.060481
ONKJNCWHGRFIII-UKILVPOCSA-N,2010,Ki,6.651695
ONNVZWUGBZVDOD-PZJWPPBQSA-N,2010,Ki,5.408935
ONPULWXCGHHFCO-UHFFFAOYSA-N,2023,Ki,6.386158
ONRIUGIEGUMONQ-HNNXBMFYSA-N,2018,Ki,5.504594
ONUMGROJBFLQKF-UHFFFAOYSA-N,2007,Ki,7.267606
ONVAFCPNRHAADQ-UHFFFAOYSA-N,1999,Ki,6.552842
ONVPKPUWGYFERX-QPJJXVBHSA-N,1994,Ki,7.966576
ONVPKPUWGYFERX-QPJJXVBHSA-N,1994,Ki,6.105684
ONWXXZNGMBXUOA-UHFFFAOYSA-N,2011,Ki,9.000000
ONXAINPGJUQBMC-UHFFFAOYSA-N,2010,Ki,8.812479
ONXAINPGJUQBMC-UHFFFAOYSA-N,2016,Ki,8.809949
ONXKQTHNJXTCGP-OJBMAJLDSA-N,2014,Ki,7.328827
OOBJUMKQKXVZFD-QAQDUYKDSA-N,2014,Ki,6.909707
OOQJGWPOJZCKHM-PMVMPFDFSA-N,2014,Ki,6.253833
OOQJGWPOJZCKHM-YEMPIKNUSA-N,2014,Ki,6.421132
OOQJGWPOJZCKHM-YMPZKCBVSA-N,2014,Ki,6.288952
OOQVRZODYJGIGC-UHFFFAOYSA-N,2007,Ki,4.508638
OOTYIPXZQVEHNY-UHFFFAOYSA-N,2014,Ki,7.823909
OOXNTGSMQFBSGF-SFHVURJKSA-N,2011,IC50,5.700001
OPAOHONEUXVLNP-LADGPHEKSA-N,2010,Ki,6.121478
OPAXWXXUTHBWEX-UHFFFAOYSA-N,2013,Ki,7.568636
OPCRANFRFIPFAF-UHFFFAOYSA-N,2010,Ki,8.518557
OPCWNMLUZVXULW-UHFFFAOYSA-N,2009,Ki,5.481486
OPCWNMLUZVXULW-UHFFFAOYSA-N,2009,Ki,5.259637
OPCZQJWXLOJWEW-UHFFFAOYSA-N,2002,Ki,7.200659
OPCZQJWXLOJWEW-UHFFFAOYSA-N,2002,Ki,7.408935
OPHBHUMUNHDPAE-AFARHQOCSA-N,2014,Ki,6.861066
OPIFKCUXRNZZDK-UHFFFAOYSA-N,2001,Ki,8.537602
OPJTVMKUVYOWNC-FQLXRVMXSA-N,1998,Ki,6.299998
OPJTVMKUVYOWNC-WDYNHAJCSA-N,1998,Ki,6.099999
OPLHOPJAFJJLPX-HNNXBMFYSA-N,2013,Ki,6.946922
OPNMLXKOFJADTH-UHFFFAOYSA-N,2007,Ki,6.000000
OPQCVWLIKQKWEU-UHFFFAOYSA-N,2013,Ki,7.550059
OPTAOWZLDMSBKX-OAHLLOKOSA-N,2010,Ki,5.536107
OPTJHAAZKYNBRY-UHFFFAOYSA-N,2010,Ki,6.599998
OPTJHAAZKYNBRY-UHFFFAOYSA-N,2010,Ki,6.799998
OPXIAQIQFMLKDK-UHFFFAOYSA-N,2012,Ki,7.387216
OPXIAQIQFMLKDK-UHFFFAOYSA-N,2014,Ki,7.387216
OPXZUCQAQHHXSZ-UHFFFAOYSA-N,2011,Ki,6.315155
OPZKYIOCNPKDBN-CQSZACIVSA-N,1994,Ki,6.628932
OQARJAMVLWZKHI-WDYRZJDSSA-N,2019,Ki,8.958607
OQBXDKWNISUMSM-UHFFFAOYSA-N,2018,Ki,6.303644
OQCUZRRTKCFWET-OAHLLOKOSA-N,2000,Ki,6.000000
OQFVFESDHDATCZ-LJQANCHMSA-N,1999,Ki,6.667562
OQFVFESDHDATCZ-LJQANCHMSA-N,1999,Ki,7.227678
OQGLQARWXJXSKS-UHFFFAOYSA-N,2010,Ki,6.476254
OQIGTFLRUADMGR-UHFFFAOYSA-N,2020,Ki,6.474955
OQIGTFLRUADMGR-UHFFFAOYSA-N,2022,Ki,6.474955
OQJMIPYHRMQITD-UHFFFAOYSA-N,2018,Ki,5.531505
OQPYDZQJBICVMH-SYYKKAFVSA-N,2013,EC50,8.853872
OQSPWUFSIHNMPK-UHFFFAOYSA-N,2019,IC50,7.448550
OQWIVCDXOWOYAM-XUTJKUGGSA-N,2022,Ki,5.769551
OQWYJSDRCMFVSW-UHFFFAOYSA-N,2014,Ki,7.408935
OQXLAYDVTKONPU-IYARVYRRSA-N,2016,Ki,7.744727
OQXMVHSMHFPGKE-UHFFFAOYSA-N,2019,Kd,6.840012
OQXMVHSMHFPGKE-UHFFFAOYSA-N,2019,Ki,6.879986
ORARZDXQXHHARR-MEMLXQNLSA-N,2017,Ki,8.496209
ORARZDXQXHHARR-MEMLXQNLSA-N,2017,Ki,8.496209
ORBZGAXKHHPTOD-UHFFFAOYSA-N,2010,Ki,7.557520
ORDPXOCNLOPGLX-UHFFFAOYSA-N,2014,IC50,4.788346
ORDQHUBWYZCTMA-UHFFFAOYSA-N,2007,Ki,6.198596
ORDRIDLDACAQJO-IPJJNNNSSA-N,2021,Ki,8.200659
ORHJUTONXWXCOS-UHFFFAOYSA-N,1997,Ki,6.407823
ORHJUTONXWXCOS-UHFFFAOYSA-N,2005,Ki,6.409995
ORIBLMYUFXRADV-UHFFFAOYSA-N,2007,Ki,6.003488
ORIBLMYUFXRADV-UHFFFAOYSA-N,2007,EC50,6.503070
ORJVECFOFDNLOZ-UHFFFAOYSA-N,2021,Ki,7.222573
ORJVECFOFDNLOZ-UHFFFAOYSA-N,2021,Ki,7.219971
ORJVECFOFDNLOZ-UHFFFAOYSA-N,2021,EC50,7.580044
ORJVECFOFDNLOZ-UHFFFAOYSA-N,2021,EC50,7.580044
ORJVECFOFDNLOZ-UHFFFAOYSA-N,2021,EC50,7.489455
ORJVECFOFDNLOZ-UHFFFAOYSA-N,2021,EC50,7.489991
ORJVQPIHKOARKV-OAHLLOKOSA-N,2024,IC50,4.828859
ORJVQPIHKOARKV-UHFFFAOYSA-N,2020,Ki,6.760000
ORJVQPIHKOARKV-UHFFFAOYSA-N,2023,IC50,4.828859
ORJVQPIHKOARKV-UHFFFAOYSA-N,2023,EC50,7.186619
ORRBREIXBAIZTQ-UHFFFAOYSA-N,2002,Ki,6.244125
ORSIHAZQLFPIQY-UHFFFAOYSA-N,2015,Ki,6.000000
OSAOKFNDHSEFAK-UHFFFAOYSA-N,2012,Ki,8.744727
OSAOKFNDHSEFAK-UHFFFAOYSA-N,2012,Ki,9.229148
OSAUGWDHZYWLTI-UHFFFAOYSA-N,2002,Ki,6.206210
OSBDFYCPKUJFJJ-SNAWJCMRSA-N,2013,Ki,6.809668
OSBIAWPZBNFCQQ-ODNYIURZSA-N,2007,Kd,5.698970
OSBIKVDXAOTSOY-UHFFFAOYSA-N,2018,Ki,6.573489
OSBMHRHGAFUBCG-UHFFFAOYSA-N,2011,Ki,4.769551
OSBMHRHGAFUBCG-UHFFFAOYSA-N,2011,Ki,4.795880
OSFGBHRMZGLGDA-WKILWMFISA-N,2023,Ki,6.443697
OSFSWZUCOBPVDJ-UHFFFAOYSA-N,1999,Ki,6.117475
OSFYUOBMIMRRQJ-SHTZXODSSA-N,2019,EC50,9.154902
OSFYUOBMIMRRQJ-SHTZXODSSA-N,2019,EC50,8.698970
OSFYUOBMIMRRQJ-SHTZXODSSA-N,2019,EC50,9.189969
OSFYUOBMIMRRQJ-SHTZXODSSA-N,2019,EC50,8.709965
OSIFLXHIMKAMGZ-UHFFFAOYSA-N,2017,Ki,5.955460
OSIFLXHIMKAMGZ-UHFFFAOYSA-N,2018,Ki,5.955460
OSJJYEUEJRVVOD-UHFFFAOYSA-N,,IC50,8.392545
OSJJYEUEJRVVOD-UHFFFAOYSA-N,,Ki,8.869666
OSLJYKCMMISVMB-UHFFFAOYSA-N,2006,Ki,6.657577
OSNANICDBBZIMG-IBGZPJMESA-N,2011,IC50,5.800001
OSRVFCQUJFRRKE-UHFFFAOYSA-N,2019,Ki,6.365523
OSSGYBFCUFQSTI-UHFFFAOYSA-N,1996,Ki,6.286509
OSXVNRDDXPNSDP-UHFFFAOYSA-N,2021,Ki,6.369979
OSXVNRDDXPNSDP-UHFFFAOYSA-N,2021,Ki,6.370000
OSXVNRDDXPNSDP-UHFFFAOYSA-N,2021,EC50,7.271646
OSXVNRDDXPNSDP-UHFFFAOYSA-N,2021,EC50,7.270026
OSXVNRDDXPNSDP-UHFFFAOYSA-N,2021,EC50,7.012781
OSXVNRDDXPNSDP-UHFFFAOYSA-N,2021,EC50,7.010017
OTBGSMLTKVRBTA-UHFFFAOYSA-N,1993,Ki,5.780940
OTCAUALNGZOKLN-LWKPJOBUSA-N,2009,Ki,7.301030
OTCAUALNGZOKLN-LWKPJOBUSA-N,2009,Ki,7.346787
OTEFKTISRAMNKM-WTLQVUHWSA-N,2010,Ki,8.200659
OTFGAIWJVVIARF-BHLWCXQCSA-N,2015,Ki,7.464706
OTFGIKBDQRIECS-UHFFFAOYSA-N,2012,Ki,7.698970
OTFGIKBDQRIECS-UHFFFAOYSA-N,2012,Ki,7.853872
OTIQETSFLFLTJQ-UHFFFAOYSA-N,2010,Ki,5.800001
OTIQETSFLFLTJQ-UHFFFAOYSA-N,2010,Ki,7.500038
OTIQETSFLFLTJQ-UHFFFAOYSA-N,2010,Ki,7.899974
OTKMHDVPFOECAQ-WCWDXBQESA-N,2019,Ki,6.568636
OTKMHDVPFOECAQ-WCWDXBQESA-N,2019,Ki,6.853872
OTKUTGIVEREJLL-UHFFFAOYSA-N,1994,Ki,8.602060
OTKUTGIVEREJLL-UHFFFAOYSA-N,1995,Ki,8.602060
OTKYJPDWHNDEEY-UHFFFAOYSA-N,2022,Ki,6.289037
OTKZOEOQKWTXMD-GHTZIAJQSA-N,2010,Ki,6.699992
OTODYHHNOABMMX-UHFFFAOYSA-N,2002,Ki,6.207608
OTPPYWCIUOIPCN-UHFFFAOYSA-N,2013,Ki,8.779892
OTRBXADIASNSBW-UHFFFAOYSA-N,2004,Ki,6.359996
OTRBXADIASNSBW-UHFFFAOYSA-N,2004,Ki,6.339998
OTRBXADIASNSBW-UHFFFAOYSA-N,2004,Ki,6.299998
OTRPXYDXEWMYIL-DYVFJYSZSA-N,1999,Ki,4.920819
OTSVAHKQZLNXPN-FQEVSTJZSA-N,2019,Ki,6.050122
OTSVAHKQZLNXPN-FQEVSTJZSA-N,2022,Ki,6.050122
OTSVAHKQZLNXPN-HXUWFJFHSA-N,2019,Ki,7.095826
OTSVAHKQZLNXPN-HXUWFJFHSA-N,2022,Ki,7.095826
OTSVAHKQZLNXPN-UHFFFAOYSA-N,2019,Ki,6.607303
OTSVAHKQZLNXPN-UHFFFAOYSA-N,2022,Ki,6.906578
OTSVAHKQZLNXPN-UHFFFAOYSA-N,2022,Ki,6.607303
OTTSZTXIWXPOIL-UHFFFAOYSA-N,2010,Ki,6.099999
OTVFQSZCLHMKKL-UHFFFAOYSA-N,2013,IC50,5.346787
OTVFQSZCLHMKKL-UHFFFAOYSA-N,2013,Ki,5.958607
OTVQCHUIPJYASM-UHFFFAOYSA-N,1997,Ki,5.647817
OTVQCHUIPJYASM-UHFFFAOYSA-N,2017,Ki,5.651695
OTVQCHUIPJYASM-UHFFFAOYSA-N,2017,Ki,7.442493
OTVQCHUIPJYASM-UHFFFAOYSA-N,2017,Ki,5.440000
OTYGUGGEVVLOCC-UHFFFAOYSA-N,2023,Ki,8.879426
OTYXZNNRQGQFTH-UHFFFAOYSA-N,2020,Ki,6.112383
OTYXZNNRQGQFTH-UHFFFAOYSA-N,2022,Ki,6.112383
OUFIPQCJZNQOMQ-UHFFFAOYSA-N,2013,Ki,6.616185
OUHWYWVRNFHIJL-UHFFFAOYSA-N,2019,Ki,7.292430
OUHWYWVRNFHIJL-UHFFFAOYSA-N,2021,Ki,7.292430
OUJINBWEZGZUKQ-IYARVYRRSA-N,2016,Ki,8.677781
OUJRMAKUNWMZPB-UHFFFAOYSA-N,2014,Ki,8.376751
OUJRMAKUNWMZPB-UHFFFAOYSA-N,2014,Ki,8.677781
OUJRMAKUNWMZPB-UHFFFAOYSA-N,2014,EC50,5.890000
OUJRMAKUNWMZPB-UHFFFAOYSA-N,2014,EC50,5.886057
OUMNETVFYOWILO-UAPYVXQJSA-N,2013,Ki,6.313721
OUPQTELARLPZBM-UHFFFAOYSA-N,2006,Ki,7.593460
OURUSCSRIFGGEV-QGYMOPKUSA-N,2015,Kd,5.154902
OURUSCSRIFGGEV-QGYMOPKUSA-N,2015,Kd,6.619789
OUSGTICEPNMNCZ-UHFFFAOYSA-N,2021,Ki,7.886057
OUUDLMBFRNBBSL-XGAFWQRZSA-N,2022,Ki,6.638272
OUUMIQPKQSKHBW-UHFFFAOYSA-N,2010,Ki,7.769551
OUUMPVSFLSOGJZ-BGYRXZFFSA-N,1998,Ki,7.552842
OUUMPVSFLSOGJZ-MXVIHJGJSA-N,1998,Ki,8.283997
OUUMPVSFLSOGJZ-MXVIHJGJSA-N,1998,EC50,7.537602
OUVWNMTXUYBAHT-UHFFFAOYSA-N,1996,Ki,6.599998
OUXSXBHPMQCPQT-FOCLMDBBSA-N,2003,Ki,7.744727
OVCQEDRUDXVNFY-UHFFFAOYSA-N,2019,Kd,8.569925
OVCQEDRUDXVNFY-UHFFFAOYSA-N,2019,Ki,8.609949
OVCZXWAILUTIOQ-UHFFFAOYSA-N,2002,Ki,6.428291
OVCZXWAILUTIOQ-UHFFFAOYSA-N,2006,Ki,6.428291
OVGUUSWJYHCFLN-UHFFFAOYSA-N,2007,Ki,6.499997
OVJRPKRJFYSRHL-VQTJNVASSA-N,2023,Ki,6.113509
OVKBSFKFSBQCLW-GDLZYMKVSA-N,2015,Ki,7.744727
OVKBSFKFSBQCLW-GDLZYMKVSA-N,2015,Ki,7.522879
OVKBSFKFSBQCLW-GDLZYMKVSA-N,2015,EC50,6.080922
OVKBSFKFSBQCLW-GDLZYMKVSA-N,2015,EC50,6.275724
OVKBSFKFSBQCLW-GDLZYMKVSA-N,2015,EC50,7.522879
OVKBSFKFSBQCLW-LJAQVGFWSA-N,2015,Ki,9.327902
OVKBSFKFSBQCLW-LJAQVGFWSA-N,2015,Ki,9.267606
OVKBSFKFSBQCLW-LJAQVGFWSA-N,2015,EC50,8.677781
OVKBSFKFSBQCLW-LJAQVGFWSA-N,2015,EC50,8.397940
OVKBSFKFSBQCLW-LJAQVGFWSA-N,2015,EC50,8.508638
OVKBSFKFSBQCLW-LJAQVGFWSA-N,2015,EC50,8.537602
OVKBSFKFSBQCLW-LJAQVGFWSA-N,2015,EC50,8.853872
OVLGSRKGTAEWQF-BJKOFHAPSA-N,1997,Ki,6.799998
OVLGSRKGTAEWQF-ZEQRLZLVSA-N,1997,Ki,7.400008
OVLNHLGPWXBYPN-UHFFFAOYSA-N,2024,Ki,4.967784
OVNWEDVAMBIZAQ-UHFFFAOYSA-N,2021,Ki,6.044312
OVQXIVRARLGKOO-QPXUXIHVSA-N,1994,EC50,7.982967
OVQXIVRARLGKOO-SBFWRKJZSA-N,1994,EC50,6.619789
OVRUYISKGGXOPK-UHFFFAOYSA-N,2017,Ki,5.733063
OVRUYISKGGXOPK-UHFFFAOYSA-N,2018,Ki,5.733063
OVRYUDOMQFGLII-NRFANRHFSA-N,2013,Ki,7.481486
OVRYUDOMQFGLII-NRFANRHFSA-N,2013,Ki,7.494850
OVRYUDOMQFGLII-NRFANRHFSA-N,2013,Ki,8.508638
OVRYUDOMQFGLII-OAQYLSRUSA-N,2013,Ki,7.795880
OVRYUDOMQFGLII-OAQYLSRUSA-N,2013,Ki,7.657577
OVRYUDOMQFGLII-OAQYLSRUSA-N,2013,Ki,8.698970
OVSOSNSBPWXIPD-SAIGFBBZSA-N,2014,Ki,6.791827
OVTLMIGCVPXGIF-UHFFFAOYSA-N,1997,Ki,5.853872
OVTLMIGCVPXGIF-UHFFFAOYSA-N,2005,Ki,5.849999
OVYNZBZCWFALNG-UHFFFAOYSA-N,2007,Ki,7.292430
OWKPSSGANQPLEI-UHFFFAOYSA-N,1994,Ki,6.000000
OWKWAFZWCZQWNM-UHFFFAOYSA-N,2014,Ki,6.242604
OWKWAFZWCZQWNM-UHFFFAOYSA-N,2014,IC50,6.793174
OWKWAFZWCZQWNM-UHFFFAOYSA-N,2017,Ki,6.242604
OWKWAFZWCZQWNM-UHFFFAOYSA-N,2018,Ki,6.242604
OWLVWXYRTGDNMM-IYARVYRRSA-N,2023,Ki,6.200659
OWMILJDHSTVDQS-UHFFFAOYSA-N,2006,Ki,7.376751
OWMILJDHSTVDQS-UHFFFAOYSA-N,2006,Ki,7.552842
OWMYGKYXZFSRMD-UHFFFAOYSA-N,2008,Ki,6.809668
OWNUCKLLDLFPLN-PGRDOPGGSA-N,2010,Ki,6.399997
OWORPAWPFUKOOV-UHFFFAOYSA-N,2016,EC50,5.004365
OWRAOAOTYDAVKX-UHFFFAOYSA-N,2023,Ki,6.090979
OWRNMSLOWSHOPV-UHFFFAOYSA-N,2013,Ki,4.638272
OWRNMSLOWSHOPV-UHFFFAOYSA-N,2013,Ki,4.600000
OWRSWDTWKGARSX-UHFFFAOYSA-N,1995,Ki,6.533132
OWRSWDTWKGARSX-UHFFFAOYSA-N,2013,Ki,6.533132
OWSJXULEJAVZGP-DLBZAZTESA-N,2023,Ki,6.022276
OWXFTDUHWKXJTL-GOSISDBHSA-N,1996,Ki,6.259637
OWXFTDUHWKXJTL-SFHVURJKSA-N,1996,Ki,5.906228
OWXFTDUHWKXJTL-SFHVURJKSA-N,1996,Ki,6.602060
OWYVWBDRDSMXBT-CYBMUJFWSA-N,2023,IC50,4.737312
OXCQNGTWPIHFHI-FQEVSTJZSA-N,2012,EC50,7.150581
OXFFXWBIWDAKRT-JKSUJKDBSA-N,2020,Ki,6.187087
OXFFXWBIWDAKRT-JKSUJKDBSA-N,2022,Ki,6.187087
OXHDXVWUJBSFBE-HZCBDIJESA-N,2014,Ki,6.600378
OXHFCAMGABAVGJ-MGBGTMOVSA-N,2011,Ki,6.210419
OXHFCAMGABAVGJ-UHFFFAOYSA-N,2011,Ki,6.179799
OXHFCAMGABAVGJ-XIFFEERXSA-N,2011,Ki,6.533132
OXHUEWKMPMINSU-YOEHRIQHSA-N,2021,Ki,6.810005
OXJGPZFAZUEPIX-UHFFFAOYSA-N,2009,Ki,7.327902
OXKMARLXXNQVMY-CTNGQTDRSA-N,2020,Ki,6.003488
OXKMARLXXNQVMY-PZJWPPBQSA-N,2020,Ki,6.270026
OXKMARLXXNQVMY-UHFFFAOYSA-N,2020,Ki,5.823330
OXKVUNLFMUWLAP-UHFFFAOYSA-N,2007,Ki,6.303644
OXMLHENURKVGGZ-XUTJKUGGSA-N,2013,Ki,6.619789
OXRRNHYMIXLDFY-UHFFFAOYSA-N,1999,Ki,7.000000
OXTPXLOHKYZFSF-SNAWJCMRSA-N,2013,Ki,8.229148
OXVZLPIGSCONSD-UHFFFAOYSA-N,2011,Ki,8.292430
OXVZLPIGSCONSD-UHFFFAOYSA-N,2011,Ki,8.677781
OXYHUBVDQBPAQE-UHFFFAOYSA-N,2019,Ki,5.059982
OXYSILQZQLVAHW-AQYVVDRMSA-N,2014,Ki,7.361611
OXZDZQHGQWZSTR-UHFFFAOYSA-N,2020,IC50,7.370590
OYBHJVJCKIGGIL-UHFFFAOYSA-N,2022,Ki,7.903090
OYCMBKKJJALTGH-UHFFFAOYSA-N,2010,Ki,7.214670
OYCWFOLWJZRICL-UHFFFAOYSA-N,1999,Ki,6.900009
OYEKUFKQGCYWCG-UHFFFAOYSA-N,1999,Ki,6.229148
OYIQKTRWSDEITE-QAQDUYKDSA-N,2013,Ki,6.661544
OYKQSDLPRQMVDA-UHFFFAOYSA-N,2017,Ki,8.468521
OYKQSDLPRQMVDA-UHFFFAOYSA-N,2017,Ki,8.823909
OYNMVCMJTOXTRN-UHFFFAOYSA-N,2014,Ki,7.292430
OYONXBYXNCMUFL-UHFFFAOYSA-N,1997,Ki,6.468521
OYQMOAPXBDHMCQ-URLMMPGGSA-N,2023,Ki,7.872895
OYUXYXUFHYNZNR-UHFFFAOYSA-N,2022,Ki,4.698970
OYVMHPVGPXKEGW-UHFFFAOYSA-N,2017,Ki,6.455932
OYYAWRVAKORPPE-SSDMNJCBSA-N,2024,Ki,5.872895
OYYAWRVAKORPPE-SSDMNJCBSA-N,2024,Ki,6.149967
OYZKUGKMWYXUJF-UHFFFAOYSA-N,2001,Ki,7.229148
OZAJLQLEAWUZSC-UHFFFAOYSA-N,2009,Ki,5.290000
OZCCDFXOCARGSE-UHFFFAOYSA-N,2019,Ki,4.675759
OZFLGQHJVWSALN-MRXNPFEDSA-N,1999,Ki,5.882729
OZFLGQHJVWSALN-MRXNPFEDSA-N,1999,Ki,5.995679
OZGHVKYGFAYUBW-UHFFFAOYSA-N,2020,IC50,6.806875
OZGYKPPQUQUAJA-UHFFFAOYSA-N,2006,Ki,6.853872
OZGYKPPQUQUAJA-UHFFFAOYSA-N,2006,Ki,6.886057
OZNAEJJPKZACTF-UHFFFAOYSA-N,2006,Ki,6.756962
OZNIIAAKDSMLHL-UHFFFAOYSA-N,1993,Ki,5.075721
OZTVZSHZOQCELD-UNMCSNQZSA-N,2003,Ki,7.508638
OZUAEHNGHNUWOV-MXVIHJGJSA-N,2013,Ki,5.448062
OZVBMTJYIDMWIL-AYFBDAFISA-N,1997,Ki,8.000000
OZVBMTJYIDMWIL-AYFBDAFISA-N,,IC50,8.800794
OZVBMTJYIDMWIL-AYFBDAFISA-N,,Ki,9.278189
OZVBMTJYIDMWIL-AYFBDAFISA-N,2014,Ki,7.823909
OZVBMTJYIDMWIL-AYFBDAFISA-N,2014,Ki,7.830032
OZVBMTJYIDMWIL-AYFBDAFISA-N,2004,EC50,9.299989
OZVBMTJYIDMWIL-AYFBDAFISA-N,2024,Ki,9.207608
OZVBMTJYIDMWIL-AYFBDAFISA-N,2024,Ki,8.000000
OZVITHJUTPFSHF-UHFFFAOYSA-N,2023,Ki,5.614394
OZWXDWVFTIFZHS-UHFFFAOYSA-N,1991,Ki,7.113509
OZWXDWVFTIFZHS-UHFFFAOYSA-N,1991,Ki,5.568636
OZYPUQNRUYTZDI-UHFFFAOYSA-N,1999,Ki,5.400000
PAAYROHKUKZSEG-UHFFFAOYSA-N,2017,Ki,6.013228
PAAYROHKUKZSEG-UHFFFAOYSA-N,2018,Ki,6.013228
PABQRTMOJKZQEP-UHFFFAOYSA-N,2017,Ki,5.260823
PABQRTMOJKZQEP-UHFFFAOYSA-N,2018,Ki,5.260823
PACGJHIALGCWJV-UHFFFAOYSA-N,2008,Ki,6.187755
PAFFIIDFWMXKOD-UHFFFAOYSA-N,2012,Ki,8.910095
PAFFIIDFWMXKOD-UHFFFAOYSA-N,2012,IC50,7.349984
PAFFIIDFWMXKOD-UHFFFAOYSA-N,2012,IC50,7.356547
PAFFIIDFWMXKOD-UHFFFAOYSA-N,2012,Ki,8.869666
PAFOMDPWWHFCGE-LLVKDONJSA-N,1996,Ki,6.777284
PAFOMDPWWHFCGE-LLVKDONJSA-N,1996,Ki,6.235077
PAMJGKFHXJWILY-UHFFFAOYSA-N,2002,Ki,5.658368
PANOZSYKUFDHOX-UHFFFAOYSA-N,2012,EC50,8.000000
PANOZSYKUFDHOX-UHFFFAOYSA-N,2012,EC50,6.801343
PANOZSYKUFDHOX-UHFFFAOYSA-N,2012,Ki,7.677781
PAOQGQGDDFSBTF-UHFFFAOYSA-N,1991,Ki,6.148742
PAPJLFSOPBIPIF-OWOJBTEDSA-N,2005,Ki,7.263603
PASKDVYJTCOFHQ-QZTJIDSGSA-N,2002,Ki,6.737549
PASKDVYJTCOFHQ-ZWKOTPCHSA-N,2002,Ki,6.920819
PASOWIIUVYLHIV-BYYHNAKLSA-N,2015,Ki,8.180456
PASOWIIUVYLHIV-BYYHNAKLSA-N,2015,Ki,8.022276
PATXYRVWJPYPMG-SAABIXHNSA-N,2013,Ki,6.525988
PAUUPYPPPJQSIG-YHBQERECSA-N,2007,Ki,8.619789
PAUUPYPPPJQSIG-ZRZAMGCNSA-N,2007,Ki,7.259637
PAZHMMYMPVTXLZ-RTBURBONSA-N,2009,Ki,5.340000
PAZJLCGVFVMKKH-UHFFFAOYSA-N,2018,IC50,7.612610
PBACHGGJZAASIQ-UHFFFAOYSA-N,1996,Ki,6.742321
PBBGIYKMAVNTAL-UHFFFAOYSA-N,2001,Ki,6.124939
PBBXHMUHWXEQJW-UHFFFAOYSA-N,1996,Ki,6.744727
PBHDVNKOSVXBHD-UHFFFAOYSA-N,2007,Ki,4.055517
PBIHUJJOAREIRG-ZDUSSCGKSA-N,2020,Ki,6.319664
PBLLZSMBTAPYBH-HHHXNRCGSA-N,2007,Ki,7.096910
PBLLZSMBTAPYBH-MHZLTWQESA-N,2007,Ki,6.397940
PBUOIALTCUSCTG-UHFFFAOYSA-N,2017,Ki,6.518557
PBUOIALTCUSCTG-UHFFFAOYSA-N,2018,Ki,6.518557
PBVURPVGJYNWJV-UHFFFAOYSA-N,2019,Ki,6.946922
PBWACSBTKWIXDQ-UHFFFAOYSA-N,2013,Ki,7.119186
PBXZWKMKQJSPNR-UHFFFAOYSA-N,2020,Ki,6.083020
PBXZWKMKQJSPNR-UHFFFAOYSA-N,2022,Ki,6.083020
PBYSLXLVOFLVAY-UHFFFAOYSA-N,2010,Ki,7.431798
PCAYXHCOLDZGEL-CPNJWEJPSA-N,2007,Ki,4.229148
PCCIOJLFBPKJRF-UHFFFAOYSA-N,2005,Ki,7.500313
PCFSBZNPJGRVML-VQTJNVASSA-N,2020,Ki,6.193820
PCFSBZNPJGRVML-VQTJNVASSA-N,2022,Ki,6.193820
PCGXWSCASZVBJT-CQSZACIVSA-N,1995,Ki,7.232844
PCGXWSCASZVBJT-CQSZACIVSA-N,1996,Ki,7.232844
PCGXWSCASZVBJT-CQSZACIVSA-N,1996,Ki,7.232844
PCGXWSCASZVBJT-CQSZACIVSA-N,2010,Ki,6.681937
PCHGCRMRRUZREQ-UHFFFAOYSA-N,2016,Ki,6.667562
PCHGCRMRRUZREQ-UHFFFAOYSA-N,2016,Ki,6.669992
PCLRRDSRKSMPGP-UHFFFAOYSA-N,2021,Ki,7.119186
PCPMHRDGGJEPAZ-UHFFFAOYSA-N,2006,Ki,7.039529
PCPQHGBAGOWPLH-GOSISDBHSA-N,1999,Ki,4.420216
PCPQHGBAGOWPLH-GOSISDBHSA-N,1999,Ki,4.552842
PCPQHGBAGOWPLH-SFHVURJKSA-N,1999,Ki,4.522879
PCPQHGBAGOWPLH-SFHVURJKSA-N,1999,Ki,4.721246
PCTWSHWAURGZTF-UHFFFAOYSA-N,2019,Ki,6.705534
PCUAVOCFDVWQAA-UHFFFAOYSA-N,2013,Ki,7.247952
PCVICCVMMOFTLF-UXBLZVDNSA-N,1999,Ki,6.599998
PCWHJLSDHHNXCV-UHFFFAOYSA-N,2019,Ki,4.924453
PCWHJLSDHHNXCV-UHFFFAOYSA-N,2019,Ki,6.698970
PCWHJLSDHHNXCV-UHFFFAOYSA-N,2019,EC50,6.812479
PCWHJLSDHHNXCV-UHFFFAOYSA-N,2019,EC50,5.837137
PCWHJLSDHHNXCV-UHFFFAOYSA-N,2019,IC50,5.150765
PCWXMSHXEKJUAY-UHFFFAOYSA-N,2002,Ki,6.148742
PCZMYCPDZLHZCQ-LITSAYRRSA-N,2010,Ki,8.886057
PDADFIJOFSWDJB-AQYVVDRMSA-N,2017,Ki,8.742321
PDADFIJOFSWDJB-AQYVVDRMSA-N,2017,Ki,8.742321
PDADFIJOFSWDJB-GRGXKFILSA-N,2017,Ki,7.966576
PDADFIJOFSWDJB-GRGXKFILSA-N,2017,Ki,7.966576
PDEOWFLSMSAWTN-UHFFFAOYSA-N,2019,Ki,6.000000
PDEOWFLSMSAWTN-UHFFFAOYSA-N,2020,Ki,6.000000
PDGILEDXASXMHL-QGZVFWFLSA-N,1996,Ki,6.386158
PDJGHIHQAXZDDF-UHFFFAOYSA-N,2008,Ki,3.525784
PDJMURIRAHUSPJ-UHFFFAOYSA-N,1999,Ki,5.886057
PDKDFHUUMWFASM-UHFFFAOYSA-N,2019,Ki,7.552842
PDKUWYQYWIUNOG-UHFFFAOYSA-N,2020,Ki,6.241088
PDKUWYQYWIUNOG-UHFFFAOYSA-N,2022,Ki,6.241088
PDNOIHGCVLVCCX-UHFFFAOYSA-N,2022,Ki,6.270026
PDQWDSWLQAHIBM-UHFFFAOYSA-N,2006,Ki,6.920819
PDQWDSWLQAHIBM-UHFFFAOYSA-N,2006,Ki,7.187087
PDQWDSWLQAHIBM-UHFFFAOYSA-N,2013,Ki,7.187087
PDQWDSWLQAHIBM-UHFFFAOYSA-N,2013,Ki,6.920819
PDRHZVHAACZKMF-VAWYXSNFSA-N,1995,Ki,5.403953
PDTAWEWDWUPDFI-UHFFFAOYSA-N,1993,Ki,5.570248
PEALWHNJZNZNMZ-LLVKDONJSA-N,1996,Ki,5.610834
PEALWHNJZNZNMZ-LLVKDONJSA-N,1996,Ki,5.226214
PEAYDJLRNGKNSM-UHFFFAOYSA-N,2005,Ki,7.823909
PEBYJPFREGHAND-UHFFFAOYSA-N,2017,EC50,7.307153
PECGTMPBAIIWKZ-UHFFFAOYSA-N,2013,Ki,6.924453
PECNNRFECBMDBM-UHFFFAOYSA-N,2014,Ki,7.119186
PECVDLVWKCIEGG-SNAWJCMRSA-N,2016,Ki,7.793174
PEFISWLTINOYMK-UHFFFAOYSA-N,2023,Ki,6.441291
PEIASVYGZCGDSL-UHFFFAOYSA-N,2017,IC50,8.081445
PEJRVVYNELAPOR-HZPDHXFCSA-N,2009,Ki,5.690000
PELJKMLXUPTOKG-UHFFFAOYSA-N,2017,Ki,8.091515
PELJKMLXUPTOKG-UHFFFAOYSA-N,2017,Ki,8.107905
PELJKMLXUPTOKG-UHFFFAOYSA-N,2017,EC50,6.619789
PEPCSPDWNABCAC-INIZCTEOSA-N,2014,Ki,7.735654
PEQHATYGQMKPDM-UHFFFAOYSA-N,2019,IC50,7.906578
PERZUBKQSWNXBB-KOAQGZTJSA-N,2022,Ki,6.455932
PEVWKBRNDRRBCW-SFHVURJKSA-N,2011,IC50,6.399997
PEZCNTUYUBESMV-IYARVYRRSA-N,2013,Ki,6.830002
PFALMGBZVKYODL-UHFFFAOYSA-N,2013,Ki,6.325139
PFCBMQJUWYAJDO-UHFFFAOYSA-N,2010,Ki,8.240332
PFCBMQJUWYAJDO-UHFFFAOYSA-N,2016,Ki,8.240030
PFJXVYZMCGALGZ-RUCARUNLSA-N,2013,Ki,6.450004
PFLVUDAFKXUKEV-UHFFFAOYSA-N,2011,Ki,8.148742
PFLVUDAFKXUKEV-UHFFFAOYSA-N,2011,Ki,7.886057
PFNUVBPVMKJIAZ-UHFFFAOYSA-N,2010,Ki,5.342753
PFOHALKXQIXUFE-UHFFFAOYSA-N,1994,Ki,6.463442
PFPMRAONSOVYMJ-UHFFFAOYSA-N,2002,Ki,5.580209
PFQMUGNELAMXCH-NUYADNILSA-N,2003,Ki,7.199971
PFVOHXHHGRINAB-KRWDZBQOSA-N,2014,Ki,9.200659
PFWVQEFSAUYDCS-GCJKJVERSA-N,2010,Ki,7.299989
PFWYFJWJIWWNBL-UHFFFAOYSA-N,2019,Ki,5.360016
PFWYFJWJIWWNBL-UHFFFAOYSA-N,2020,Ki,5.360016
PFWZDYSBLPIXBI-GLRZTSSQSA-N,2009,Ki,5.800001
PFXPCDOQQVRYNP-INIZCTEOSA-N,2010,IC50,8.569925
PFYOIMYEJHJBDU-UHFFFAOYSA-N,2007,Ki,7.169989
PGAVKCOVUIYSFO-XVFCMESISA-N,2024,Ki,5.415000
PGBIKSUFINVTHD-QLCIJSRNSA-N,2014,Ki,6.275724
PGCKDCUFJMOFOO-UHFFFAOYSA-N,2011,Ki,7.769551
PGCKDCUFJMOFOO-UHFFFAOYSA-N,2011,Ki,7.602060
PGDKRINPWAQWOE-UHFFFAOYSA-N,2019,Ki,6.171340
PGECDPZDSONJJV-UHFFFAOYSA-N,1996,Ki,5.800001
PGGCRGAETLNAJC-UHFFFAOYSA-N,2006,Ki,5.589223
PGKMOUOGPCFQTK-QGZVFWFLSA-N,2024,Ki,7.356547
PGKOALRXUFBZNU-UHFFFAOYSA-N,2019,Ki,4.380000
PGKVYLZMGOBDOJ-FQEVSTJZSA-N,2002,Ki,5.960189
PGMQAYWTXDEEHH-UHFFFAOYSA-N,2014,EC50,5.330000
PGMQAYWTXDEEHH-UHFFFAOYSA-N,2014,EC50,5.330033
PGMRWJOSCVZPRO-UHFFFAOYSA-N,2008,Ki,7.017729
PGNHBJGIQAEIHD-UHFFFAOYSA-N,2001,Ki,9.376751
PGNLXEBQMQHFNK-SJORKVTESA-N,2022,IC50,4.886057
PGNPMTAEFDKCKN-BWKNWUBXSA-N,2016,Ki,7.400008
PGOKBMWPBDRDGN-IBXSQZDTSA-N,,IC50,6.804100
PGOKBMWPBDRDGN-IBXSQZDTSA-N,,Ki,7.283997
PGSFAKCMNLKKDT-ZDUSSCGKSA-N,2010,IC50,8.890084
PGSGTPNUOJTSEM-DEOSSOPVSA-N,2016,Ki,6.958607
PGSGTPNUOJTSEM-DEOSSOPVSA-N,2016,Ki,7.173925
PGSGTPNUOJTSEM-DEOSSOPVSA-N,2016,EC50,6.698970
PGSGTPNUOJTSEM-XMMPIXPASA-N,2016,Ki,5.721246
PGSGTPNUOJTSEM-XMMPIXPASA-N,2016,Ki,5.769551
PGTJGPUZZYVGHY-UHFFFAOYSA-N,2016,Ki,7.267606
PGTMRNBGCGSJFJ-UHFFFAOYSA-N,2021,Ki,6.171340
PGTMRNBGCGSJFJ-UHFFFAOYSA-N,2021,Ki,6.170002
PGUHEGODMQZTBX-UHFFFAOYSA-N,2019,Ki,4.572855
PGVXQVRAFUTSIL-UHFFFAOYSA-N,2008,Ki,3.183759
PGWINTIXBMKEKI-UHFFFAOYSA-N,2005,Ki,7.809668
PGWQCIREQLHHHR-UHFFFAOYSA-N,2000,Ki,6.709965
PGWQCIREQLHHHR-UHFFFAOYSA-N,2000,Ki,6.978811
PGYRASIORQQZOM-UHFFFAOYSA-N,2020,Ki,7.259637
PHAVNSHDZRSZRT-UHFFFAOYSA-N,2022,Ki,5.805486
PHCUGENQVJPTLC-UHFFFAOYSA-N,2008,Ki,8.000000
PHDDUIXSXSRRQU-UHFFFAOYSA-N,2008,Ki,8.301030
PHGOEMMHIGVMIN-UHFFFAOYSA-N,2016,Ki,6.525784
PHGOEMMHIGVMIN-UHFFFAOYSA-N,2020,Ki,6.525784
PHHRLMSWZZUWNE-UHFFFAOYSA-N,2020,IC50,5.113509
PHHRLMSWZZUWNE-UHFFFAOYSA-N,2023,IC50,5.113509
PHIMDBFVULXZSR-UHFFFAOYSA-N,2010,Ki,5.221487
PHKMWKWTHXWZLN-GENNJICVSA-N,2014,Ki,8.096367
PHLBKPHSAVXXEF-UHFFFAOYSA-N,2020,IC50,5.348238
PHMGZAICAOYEAF-UHFFFAOYSA-N,2018,Ki,6.170002
PHMGZAICAOYEAF-UHFFFAOYSA-N,2022,Ki,6.170002
PHOMZHZOMNGFJF-UHFFFAOYSA-N,2018,IC50,7.576754
PHSMQRWSBVFISF-UHFFFAOYSA-N,2015,Ki,6.036212
PHVNNOMMTJPRIX-XUTJKUGGSA-N,2014,Ki,7.344190
PHWAYSNJBMZAQY-UHFFFAOYSA-N,2016,Ki,7.346787
PHYZGDXXTSQZSF-GUIFLLHJSA-N,2015,Ki,8.161151
PHZPOMMTJKRHHB-UHFFFAOYSA-N,2009,Ki,6.599998
PIEDPXPDSBJFCQ-UHFFFAOYSA-N,2019,Ki,6.247184
PIHMCFVAIHYIOK-UHFFFAOYSA-N,2019,Ki,5.419988
PIHOPECZMJBZBU-UHFFFAOYSA-N,2002,Ki,8.132533
PIKIDBPDYRQPFX-UHFFFAOYSA-N,2008,Ki,7.267606
PIKIDBPDYRQPFX-UHFFFAOYSA-N,2008,Ki,6.896196
PIPVZEXRFVHTJJ-UHFFFAOYSA-N,1998,Ki,6.267606
PITWYMITJRIVTR-UHFFFAOYSA-N,2013,Ki,6.821023
PIXRONAZKMZTPE-REAKQFRHSA-N,2000,Ki,6.699992
PIXTXCJJBIOUSC-MEMLXQNLSA-N,1998,Ki,8.318759
PIZNIEUZHRJIAB-UHFFFAOYSA-N,2012,Ki,5.869666
PIZUPLOSIUAOMH-UHFFFAOYSA-N,2014,Ki,8.508638
PIZUPLOSIUAOMH-UHFFFAOYSA-N,2014,Ki,8.638272
PIZUPLOSIUAOMH-UHFFFAOYSA-N,2014,EC50,6.270001
PIZUPLOSIUAOMH-UHFFFAOYSA-N,2014,EC50,6.267606
PJAGGJPKGNYFJH-QGZVFWFLSA-N,2020,EC50,7.000000
PJAGGJPKGNYFJH-QGZVFWFLSA-N,2020,EC50,6.953895
PJAGGJPKGNYFJH-QGZVFWFLSA-N,2020,EC50,7.899974
PJAGGJPKGNYFJH-QGZVFWFLSA-N,2020,EC50,7.890759
PJBISDNIYJBREA-UHFFFAOYSA-N,2010,Ki,10.240332
PJBISDNIYJBREA-UHFFFAOYSA-N,2016,Ki,10.240030
PJDFUWIIHYWFLS-UHFFFAOYSA-N,2015,Ki,7.136677
PJHSLUZTOYNMIW-QAQDUYKDSA-N,2023,Ki,5.823909
PJJRJAVZONAJSD-UHFFFAOYSA-N,2023,Ki,6.441291
PJMKWDTWNMTUMU-WGSAOQKQSA-N,2023,Ki,5.958607
PJMOAMQVWVRXEQ-UHFFFAOYSA-N,1999,Ki,7.045757
PJMPHNIQZUBGLI-UHFFFAOYSA-N,2021,Ki,4.677781
PJNRWLKSWTWXBR-FETRQNOVSA-N,2015,Kd,5.200659
PJSUYRBCBFPCQW-UHFFFAOYSA-N,2007,Ki,5.899998
PJTUVEVWHJIBQJ-RPWUZVMVSA-N,2023,Ki,8.136677
PJVALUSGGUHVON-KRWDZBQOSA-N,2017,Ki,7.387216
PJWKDVIAVIYPPN-AWEZNQCLSA-N,2022,Ki,6.453457
PJWMINWCBXFJAI-UHFFFAOYSA-N,2008,Ki,7.042872
PJYLRRSJBZGONV-UHFFFAOYSA-N,1997,Ki,7.700057
PJYMXWDDSLXHGG-UHFFFAOYSA-N,2003,Ki,7.602060
PKALTNFRHBJDRH-UHFFFAOYSA-N,2021,Ki,5.970000
PKALTNFRHBJDRH-UHFFFAOYSA-N,2021,Kd,10.826814
PKALTNFRHBJDRH-UHFFFAOYSA-N,2021,Kd,10.826814
PKAXIMFUJIQFKS-UHFFFAOYSA-N,2007,Ki,7.100015
PKBFRDZADXJQRC-UHFFFAOYSA-N,2004,Ki,6.346787
PKBFRDZADXJQRC-UHFFFAOYSA-N,2004,Ki,6.853872
PKBLQXOBPRBPQT-UHFFFAOYSA-N,2021,Ki,7.107905
PKCKYGUNWTVCMU-UHFFFAOYSA-N,2013,IC50,5.000000
PKCKYGUNWTVCMU-UHFFFAOYSA-N,2013,Ki,5.366532
PKERFNJZSQACGZ-RNVDEAKXSA-N,2022,Ki,6.638272
PKGJBHXJYDGBET-UHFFFAOYSA-N,2007,Ki,6.000000
PKIFKVPKETUQOX-UHFFFAOYSA-N,2023,Ki,6.138466
PKJVDKUHFZYEMN-UHFFFAOYSA-N,2012,Ki,7.744727
PKJVDKUHFZYEMN-UHFFFAOYSA-N,2012,Ki,8.522879
PKODMLACMGNJDC-UHFFFAOYSA-N,2021,Ki,5.512720
PKODMLACMGNJDC-UHFFFAOYSA-N,2021,Ki,5.509999
PKONVMZWQJFPLP-UHFFFAOYSA-N,2010,Ki,8.045757
PKOUVYCYGDKEDL-YBFXNURJSA-N,2006,Ki,6.174574
PKOXYVFXXHZYKA-QWFCFKBJSA-N,2023,Ki,6.292430
PKQCPDFILCUSCX-MEMLXQNLSA-N,2017,Ki,8.714443
PKQCPDFILCUSCX-MEMLXQNLSA-N,2017,Ki,8.714443
PKQSDHHTBMYENT-UHFFFAOYSA-N,2006,Ki,5.522879
PKQSDHHTBMYENT-UHFFFAOYSA-N,2006,Ki,5.619789
PKZJUJBTXBROLF-UHFFFAOYSA-N,1993,Ki,5.585027
PKZXLMVXBZICTF-UHFFFAOYSA-N,2010,Ki,4.823909
PKZXLMVXBZICTF-UHFFFAOYSA-N,2010,Ki,4.337242
PLAPJTQAKKRSBQ-AQYVVDRMSA-N,2014,Ki,7.034798
PLCWEVBEXIVMCL-SFHVURJKSA-N,2014,Ki,7.330683
PLDUPXSUYLZYBN-UHFFFAOYSA-N,2009,Ki,8.841638
PLDUPXSUYLZYBN-UHFFFAOYSA-N,,IC50,8.791559
PLDUPXSUYLZYBN-UHFFFAOYSA-N,,Ki,9.268411
PLDUPXSUYLZYBN-UHFFFAOYSA-N,2024,Ki,8.841638
PLFUSXITMGZVCU-UHFFFAOYSA-N,2011,Ki,6.924453
PLHMPZNPSSULOM-UHFFFAOYSA-N,2019,Ki,6.524329
PLKOFQSGOPKBMP-UHFFFAOYSA-N,2011,Ki,9.000000
PLKYHUCBRLEYME-QHCPKHFHSA-N,2012,IC50,6.099999
PLOJXPTWIFIEMZ-LYXWCMDISA-N,2022,Ki,6.107905
PLQWTOQXQJAHBY-QHCPKHFHSA-N,2012,IC50,6.000000
PLVMBXJAZDNOCA-IYARVYRRSA-N,2014,Ki,6.893775
PLYQWXWXIUOYQJ-UHFFFAOYSA-N,2012,Ki,7.244125
PLYQWXWXIUOYQJ-UHFFFAOYSA-N,2012,Ki,7.221849
PLZGEHCHVFNRGK-UHFFFAOYSA-N,2020,Ki,6.596708
PMAVEIHLZIPRQY-UHFFFAOYSA-N,2019,IC50,7.214670
PMBDKZARCOUAFU-UHFFFAOYSA-N,2021,Ki,6.579995
PMBDKZARCOUAFU-UHFFFAOYSA-N,2021,EC50,5.490000
PMBZPLQKUNCRDH-UHFFFAOYSA-N,2017,Ki,9.522879
PMBZPLQKUNCRDH-UHFFFAOYSA-N,2017,Ki,9.387216
PMBZPLQKUNCRDH-UHFFFAOYSA-N,2017,EC50,7.886057
PMHBIRXUKAOYEK-UILWBTOOSA-N,2013,Ki,6.832978
PMHUNJLVEGNLQB-UHFFFAOYSA-N,2011,Ki,6.570248
PMJJWQOFHOTBIY-NRFANRHFSA-N,2011,IC50,5.599999
PMKMNTBZJOXTJW-UHFFFAOYSA-N,2018,IC50,8.707744
PMKMNTBZJOXTJW-UHFFFAOYSA-N,2018,Ki,9.214670
PMKMNTBZJOXTJW-UHFFFAOYSA-N,2019,Ki,9.207608
PMLMARMRSAEQFX-UHFFFAOYSA-N,2020,IC50,6.314527
PMMMMZICRVMUKQ-UHFFFAOYSA-N,2006,Ki,6.853872
PMMMMZICRVMUKQ-UHFFFAOYSA-N,2006,Ki,7.124939
PMMMMZICRVMUKQ-UHFFFAOYSA-N,2007,Ki,6.850012
PMMMMZICRVMUKQ-UHFFFAOYSA-N,2013,Ki,7.124939
PMMMMZICRVMUKQ-UHFFFAOYSA-N,2013,Ki,6.853872
PMNCKMIDVRPAGM-UHFFFAOYSA-N,2008,Ki,7.187087
PMNZCFDKKKLFHH-UHFFFAOYSA-N,2011,Ki,6.213959
PMQRGOWDOYXFIQ-UHFFFAOYSA-N,2021,Ki,8.267606
PMWUJURPEGHBKV-TZMCWYRMSA-N,2014,EC50,9.096910
PMXMIIMHBWHSKN-UHFFFAOYSA-N,2017,IC50,8.081970
PMXMIIMHBWHSKN-UHFFFAOYSA-N,2024,Ki,8.795880
PMXOLMUJYKILQT-AQYVVDRMSA-N,2014,Ki,7.182369
PMYFBYDQSGEVHT-DBTMUERSSA-N,2013,Ki,6.074379
PMZOPKCHYGDQPO-JOCHJYFZSA-N,2020,Ki,4.810005
PMZOPKCHYGDQPO-QFIPXVFZSA-N,2020,Ki,5.280006
PMZOPKCHYGDQPO-UHFFFAOYSA-N,2016,Ki,5.800001
PMZOPKCHYGDQPO-UHFFFAOYSA-N,2016,Ki,4.800000
PMZOPKCHYGDQPO-UHFFFAOYSA-N,2016,Ki,5.300000
PMZOPKCHYGDQPO-UHFFFAOYSA-N,2020,Ki,5.830032
PNANRXSVZAPWNF-UHFFFAOYSA-N,1994,Ki,6.110138
PNCPYILNMDWPEY-QGZVFWFLSA-N,2024,Ki,6.004747
PNDDOSJAKNIYIV-QAQDUYKDSA-N,2016,Ki,8.050610
PNFSZBQKXYOEES-GOSISDBHSA-N,2001,Ki,5.645892
PNHVOOVVCPJXPA-QAQDUYKDSA-N,2013,Ki,5.866461
PNKHRDPVHPGEHT-LBEPJEHYSA-N,2020,Ki,6.229148
PNKHRDPVHPGEHT-LBEPJEHYSA-N,2022,Ki,6.229148
PNMMHGYXIWNCEE-HZCBDIJESA-N,2007,Ki,7.283997
PNMMHGYXIWNCEE-SZPZYZBQSA-N,2007,Ki,7.221849
PNQNPKIDRYQUHE-UHFFFAOYSA-N,2012,Ki,6.221849
PNQSNINBJBZCHR-PAVFIEEWSA-N,2023,Ki,5.886057
PNROEQYQIZJINW-RUZDIDTESA-N,2016,Ki,5.537602
PNROEQYQIZJINW-RUZDIDTESA-N,2016,Ki,5.638272
PNROEQYQIZJINW-VWLOTQADSA-N,2016,Ki,5.244125
PNROEQYQIZJINW-VWLOTQADSA-N,2016,Ki,5.494850
PNRXQZLTVQCRMF-UHFFFAOYSA-N,2011,Ki,8.769551
PNTAECGMYJNBSW-QHCPKHFHSA-N,2012,IC50,6.000000
PNTBTATXSREBKG-UHFFFAOYSA-N,1996,Ki,6.099999
PNUAYJRARXKVQH-UHFFFAOYSA-N,1997,Ki,6.457175
PNUAYJRARXKVQH-UHFFFAOYSA-N,2005,Ki,6.570006
PNXAJQBRLDGPQZ-UHFFFAOYSA-N,2000,Ki,9.376751
PNYKTOLTLVTHTA-UHFFFAOYSA-N,2002,Ki,5.958607
PNYXLKQFWMPYSH-OAHLLOKOSA-N,2014,Ki,6.779892
PNYXLKQFWMPYSH-OAHLLOKOSA-N,2014,Ki,7.290730
PNYXLKQFWMPYSH-OAHLLOKOSA-N,2014,Ki,9.167491
PNYXLKQFWMPYSH-OAHLLOKOSA-N,2014,Ki,7.079981
PNYXLKQFWMPYSH-OAHLLOKOSA-N,2014,Ki,7.530031
PNYXLKQFWMPYSH-OAHLLOKOSA-N,2014,Ki,9.789949
PNZJHNPWNQIJPQ-LJQANCHMSA-N,2013,EC50,7.309804
PNZJHNPWNQIJPQ-LJQANCHMSA-N,2013,Ki,7.113509
POFDQHAFICYDAQ-UHFFFAOYSA-N,2007,Ki,6.959991
POFLPPAPIQKZSF-RELWKKBWSA-N,2006,Ki,7.195179
POFPGNGXPMKIRD-UHFFFAOYSA-N,2016,Ki,7.065502
POMINEPWKCOIMS-UHFFFAOYSA-N,2023,Ki,6.534617
POMINEPWKCOIMS-UHFFFAOYSA-N,2023,Ki,6.530001
POMINEPWKCOIMS-UHFFFAOYSA-N,2023,EC50,6.517126
POMINEPWKCOIMS-UHFFFAOYSA-N,2023,EC50,6.519993
POMINEPWKCOIMS-UHFFFAOYSA-N,2023,EC50,6.510042
POMINEPWKCOIMS-UHFFFAOYSA-N,2023,EC50,6.509999
PONADOYAURXJAH-UHFFFAOYSA-N,2009,Ki,5.443697
PONADOYAURXJAH-UHFFFAOYSA-N,2009,Ki,6.455932
PONADOYAURXJAH-UHFFFAOYSA-N,2009,Ki,6.552842
POOPZHQADYAZTF-LDADJPATSA-N,2018,Ki,5.103419
PORLBUSMWVWYQB-UHFFFAOYSA-N,1997,Ki,6.595166
POTCTIWPEKKBBZ-UHFFFAOYSA-N,2015,Ki,7.397940
POVCSYONXDMZKL-DEOSSOPVSA-N,2022,EC50,8.000869
POVCSYONXDMZKL-UHFFFAOYSA-N,2002,Ki,6.671620
POVCSYONXDMZKL-UHFFFAOYSA-N,2008,Ki,6.847712
POVCSYONXDMZKL-UHFFFAOYSA-N,2008,EC50,7.913640
POVCSYONXDMZKL-XMMPIXPASA-N,2010,Ki,7.391474
POWWHPJOZGHCEW-HZCBDIJESA-N,2017,Ki,8.749580
POWWHPJOZGHCEW-HZCBDIJESA-N,2017,Ki,8.749580
POZXHKGYVSZVAB-UHFFFAOYSA-N,2009,Ki,9.000000
POZXHKGYVSZVAB-UHFFFAOYSA-N,2009,Ki,7.167491
PPAIEDLGYFCKEB-MEMLXQNLSA-N,2007,Ki,7.638272
PPAIEDLGYFCKEB-OYRHEFFESA-N,2007,Ki,7.244125
PPBAFHRXACXAFW-KESTWPANSA-N,2014,Ki,6.173148
PPDKTZHRAFOGEZ-UHFFFAOYSA-N,2014,Ki,7.886057
PPEOSFLQUWMAND-UHFFFAOYSA-N,2020,Ki,6.882729
PPEOSFLQUWMAND-UHFFFAOYSA-N,2022,Ki,6.882729
PPFLJANGUQOHFJ-GGYWPGCISA-N,1993,Ki,6.406714
PPFOWMXZBSOTKT-UHFFFAOYSA-N,2019,Ki,6.024568
PPGFYYASBMMZHO-UHFFFAOYSA-N,2018,Ki,5.463947
PPHOIPFSIHNTOX-UHFFFAOYSA-N,2020,Ki,6.677781
PPHOIPFSIHNTOX-UHFFFAOYSA-N,2022,Ki,6.677781
PPICFYYJZAROHJ-UHFFFAOYSA-N,2021,Ki,7.007446
PPICFYYJZAROHJ-UHFFFAOYSA-N,2021,Ki,7.010017
PPICFYYJZAROHJ-UHFFFAOYSA-N,2021,EC50,6.770062
PPICFYYJZAROHJ-UHFFFAOYSA-N,2021,EC50,6.770011
PPICFYYJZAROHJ-UHFFFAOYSA-N,2021,EC50,6.920096
PPICFYYJZAROHJ-UHFFFAOYSA-N,2021,EC50,6.919987
PPJOGRKQEBFCCR-UHFFFAOYSA-N,2017,Ki,7.698970
PPLIBGVHLPPEBD-UHFFFAOYSA-N,2003,Ki,6.021363
PPLSEYBUMZWQHS-AKRCKQFNSA-N,2019,Ki,5.890084
PPLSEYBUMZWQHS-NFBKMPQASA-N,2019,Ki,5.929962
PPLSEYBUMZWQHS-OFNKIYASSA-N,2016,Ki,6.090000
PPLSEYBUMZWQHS-OFNKIYASSA-N,2016,Ki,6.160001
PPLSEYBUMZWQHS-OFNKIYASSA-N,2019,Ki,6.159894
PPNFHFXNWYTHCJ-UHFFFAOYSA-N,2019,Ki,5.462307
PPNVEHNMOQYPLB-QAQDUYKDSA-N,2023,Ki,6.468521
PPOMMOPYGUOVFS-KDURUIRLSA-N,2017,Ki,8.913640
PPOMMOPYGUOVFS-KDURUIRLSA-N,2017,Ki,8.913640
PPOMMOPYGUOVFS-WGSAOQKQSA-N,2017,Ki,8.703335
PPOMMOPYGUOVFS-WGSAOQKQSA-N,2017,Ki,8.703335
PPRPQASEYHUGIG-UHFFFAOYSA-N,2015,Ki,6.031984
PPTCFBYLQJKXAO-UHFFFAOYSA-N,2007,Ki,7.283997
PPTRNJJUIFECMW-UHFFFAOYSA-N,2011,Ki,8.585027
PPVWOMBOQZECHS-UHFFFAOYSA-N,2014,Ki,9.000000
PPVWOMBOQZECHS-UHFFFAOYSA-N,2014,Ki,8.522879
PQBWSEUMJSRWDF-UHFFFAOYSA-N,2019,Ki,4.447089
PQCUTSKJJPRTSW-UHFFFAOYSA-N,2019,Ki,7.236572
PQDYOEMOWGGFPI-UHFFFAOYSA-N,2020,EC50,5.107905
PQDYOEMOWGGFPI-UHFFFAOYSA-N,2023,EC50,5.107905
PQFHVDFLICEIKC-LEWJYISDSA-N,2008,Ki,6.288193
PQFHVDFLICEIKC-NHCUHLMSSA-N,2000,IC50,7.346787
PQFHVDFLICEIKC-NHCUHLMSSA-N,2008,Ki,6.267606
PQFHVDFLICEIKC-RTWAWAEBSA-N,2008,Ki,6.029188
PQFHVDFLICEIKC-SFTDATJTSA-N,2000,IC50,7.136677
PQFHVDFLICEIKC-SFTDATJTSA-N,2000,Ki,7.214670
PQFHVDFLICEIKC-UHFFFAOYSA-N,2000,IC50,7.221849
PQHIRTDXFUZNBI-DVECYGJZSA-N,2016,Ki,6.260001
PQHIRTDXFUZNBI-DVECYGJZSA-N,2016,Ki,6.320000
PQOIAGPIJULJKW-UHFFFAOYSA-N,2019,Ki,6.779892
PQOIDBZLMJMYCD-UHFFFAOYSA-N,2004,Ki,6.920819
PQPMBLYTIZGFII-YJBOKZPZSA-N,2021,Ki,7.260032
PQSCNANWIFBYCN-WKILWMFISA-N,2023,Ki,6.408935
PQSQAZFTLXRLJP-UHFFFAOYSA-N,2013,Ki,9.173925
PQUAPUMMXIRMPT-UHFFFAOYSA-N,1994,IC50,5.387216
PQVQCEDGSJVHMK-UHFFFAOYSA-N,2023,Ki,5.195861
PQVQCEDGSJVHMK-UHFFFAOYSA-N,2023,EC50,2.928118
PQVQCEDGSJVHMK-UHFFFAOYSA-N,2023,EC50,5.974694
PQVQCEDGSJVHMK-UHFFFAOYSA-N,2023,IC50,4.991400
PQXKDMSYBGKCJA-CVTJIBDQSA-N,2019,Ki,8.769551
PQXKDMSYBGKCJA-UHFFFAOYSA-N,2021,Ki,8.769551
PRBBGEBXWKOEEQ-UHFFFAOYSA-N,2016,Ki,6.358526
PRDAXZPQPYWOJJ-UHFFFAOYSA-N,2006,Ki,6.000869
PRDRZXROMYANHC-PXJZQJOASA-N,1998,Ki,6.399997
PRDRZXROMYANHC-UHFFFAOYSA-N,1998,Ki,6.499997
PRDRZXROMYANHC-XRKRLSELSA-N,1998,Ki,5.899998
PRDRZXROMYANHC-YTMVLYRLSA-N,1998,Ki,6.599998
PRFMGTLPQCIDNC-YORJZILVSA-N,2015,Ki,7.344862
PRFXSTWAKKZDRM-UHFFFAOYSA-N,2015,Ki,7.698970
PRHPXINWHDFVQT-UHFFFAOYSA-N,2023,Ki,8.059982
PRHPYOCEQODHTD-UHFFFAOYSA-N,2017,Ki,7.000000
PRJNFNOLHGROQO-UHFFFAOYSA-N,1999,Ki,6.292430
PRPIHWHFWBQGCY-NZQKXSOJSA-N,2010,Ki,7.031517
PRQQYPXIMIPIPH-UHFFFAOYSA-N,2016,Ki,6.417937
PRWXOHHRHWZNOG-NGRWLJPCSA-N,2008,Ki,7.889410
PRWXOHHRHWZNOG-NGRWLJPCSA-N,2008,IC50,7.581699
PRYLSTQHAMAAPF-UHFFFAOYSA-N,2023,IC50,5.045757
PRYVZXFJJBFQRT-UHFFFAOYSA-N,2018,Ki,5.350000
PSBWDCHOGUBLQH-UHFFFAOYSA-N,2010,Ki,8.853872
PSDFKKSPYSFZKR-LJQANCHMSA-N,2014,IC50,4.782516
PSFOXKHONDMYHK-LJQANCHMSA-N,2011,Ki,7.255707
PSGJGQIYXBOEED-UHFFFAOYSA-N,2000,Ki,4.366532
PSGJGQIYXBOEED-UHFFFAOYSA-N,2000,Ki,4.443697
PSIMZXQMJNBYKI-UHFFFAOYSA-N,2020,EC50,6.892790
PSIMZXQMJNBYKI-UHFFFAOYSA-N,2023,EC50,6.892790
PSIMZXQMJNBYKI-UHFFFAOYSA-N,2023,EC50,6.892790
PSLDCUMPPHBRTH-UHFFFAOYSA-N,2009,Ki,6.939302
PSQLVTSXEKEDNL-UHFFFAOYSA-N,2020,Ki,4.698970
PSQWBHXNCLXCGM-XUTJKUGGSA-N,2014,Ki,6.906228
PSRASBIMNWAVNL-UKILVPOCSA-N,2010,Ki,7.585027
PSSRRSJCOUNDGG-UHFFFAOYSA-N,2017,Ki,5.995249
PSULQXVZBREQEA-UHFFFAOYSA-N,2017,Ki,7.522879
PSULVKVPLZZSRC-UHFFFAOYSA-N,2006,Ki,7.036212
PSUZWXPLCPNBMO-UHFFFAOYSA-N,2013,IC50,6.397940
PSUZWXPLCPNBMO-UHFFFAOYSA-N,2013,Ki,7.036212
PSWUORNVMIRUSW-UHFFFAOYSA-N,1998,Ki,8.387216
PSYAJOBNPBYKRW-UHFFFAOYSA-N,2016,Ki,5.555955
PTGSXEXRDSETGR-UHFFFAOYSA-N,2011,Ki,7.721246
PTGSXEXRDSETGR-UHFFFAOYSA-N,2011,Ki,7.769551
PTIFFBYOEZNBTJ-BGUUXQBZSA-N,2015,Ki,6.738737
PTJNFOHRMGJLPA-UHFFFAOYSA-N,2018,Ki,5.938548
PTLXBYXMMYOTFF-OAHLLOKOSA-N,1996,Ki,5.326979
PTNPPRPOWCBKGO-SAIGFBBZSA-N,2014,Ki,7.490529
PTPSBYOWELRFJR-UHFFFAOYSA-N,2003,Ki,7.091515
PTUSEMHIKWRSIP-UHFFFAOYSA-N,2021,Ki,7.251812
PTWUCXQTDONCCL-RRPNLBNLSA-N,2023,Ki,5.134896
PTYKCMYOCGOEMO-IZZNHLLZSA-N,2023,Ki,7.649752
PUAJJDPOGQASSI-UHFFFAOYSA-N,2006,Ki,5.254847
PUBJYQBGANRJGV-UHFFFAOYSA-N,2018,Ki,6.057496
PUCXFSMSFDBYFD-UHFFFAOYSA-N,1994,Ki,7.207608
PUDXOWVJXPKQPQ-UHFFFAOYSA-N,2023,Ki,5.894831
PUDXOWVJXPKQPQ-UHFFFAOYSA-N,2023,Ki,5.890000
PUDXOWVJXPKQPQ-UHFFFAOYSA-N,2023,EC50,6.575118
PUDXOWVJXPKQPQ-UHFFFAOYSA-N,2023,EC50,6.570006
PUDXOWVJXPKQPQ-UHFFFAOYSA-N,2023,EC50,6.421361
PUDXOWVJXPKQPQ-UHFFFAOYSA-N,2023,EC50,6.419999
PUFRXIARUMGNAR-LSNLESRRSA-N,2014,Ki,7.132533
PUHAZBKUVIJPMC-IBGZPJMESA-N,2020,Ki,7.489991
PUHAZBKUVIJPMC-LJQANCHMSA-N,2020,Ki,7.689944
PUHPHTLOURQFMV-LBPRGKRZSA-N,2010,IC50,9.040005
PULGLQOWTRCVQB-UHFFFAOYSA-N,2012,EC50,6.500313
PULGLQOWTRCVQB-UHFFFAOYSA-N,2012,Ki,6.946922
PULGLQOWTRCVQB-UHFFFAOYSA-N,2015,Ki,6.946922
PULGLQOWTRCVQB-UHFFFAOYSA-N,2015,EC50,7.236572
PUMDJZOMWDDEEH-UHFFFAOYSA-N,2020,EC50,5.530031
PUMDJZOMWDDEEH-UHFFFAOYSA-N,2020,EC50,5.530000
PUMDJZOMWDDEEH-UHFFFAOYSA-N,2020,Ki,6.543634
PUMDJZOMWDDEEH-UHFFFAOYSA-N,2020,Ki,6.540005
PUNOXAJECPGYQM-UHFFFAOYSA-N,2022,Ki,6.549997
PUTDAMBATXHKHN-RBQJHTGYSA-N,2021,Ki,5.530178
PUTIADDALKYHRM-LJQANCHMSA-N,2000,Ki,5.970616
PUTIADDALKYHRM-LJQANCHMSA-N,2000,Ki,5.958607
PUTIADDALKYHRM-UHFFFAOYSA-N,2000,Ki,6.292430
PUTIADDALKYHRM-UHFFFAOYSA-N,2000,Ki,6.508638
PUWJXXOHMNFSLV-UHFFFAOYSA-N,2022,Ki,5.259637
PUXZKIZAAABQFP-AQYVVDRMSA-N,2023,Ki,5.958607
PVACCLSEBPABQC-UHFFFAOYSA-N,2016,Ki,6.769551
PVACCLSEBPABQC-UHFFFAOYSA-N,2016,Ki,6.799998
PVAIEWDYRNQJFR-MXVIHJGJSA-N,2013,Ki,6.366835
PVDOYAVBGNHRBV-UHFFFAOYSA-N,2015,Ki,7.889410
PVDOYAVBGNHRBV-UHFFFAOYSA-N,2015,EC50,7.119186
PVDOYAVBGNHRBV-UHFFFAOYSA-N,2015,IC50,7.060481
PVEJYMIAJKGDRP-UHFFFAOYSA-N,2016,Ki,7.259637
PVENBHMDIHLYQL-UHFFFAOYSA-N,2019,Ki,7.410050
PVENBHMDIHLYQL-UHFFFAOYSA-N,2020,Ki,7.410050
PVENUDXTVWGTGJ-UHFFFAOYSA-N,2011,Ki,5.584359
PVFMPPYWTMNZHL-UHFFFAOYSA-N,2020,EC50,5.356547
PVFMPPYWTMNZHL-UHFFFAOYSA-N,2023,EC50,5.356547
PVFMPPYWTMNZHL-UHFFFAOYSA-N,2023,EC50,5.356547
PVJNMWAQIUNUKH-QFIPXVFZSA-N,2012,IC50,6.599998
PVMKVNICRVBAGQ-UHFFFAOYSA-N,2023,Ki,7.055517
PVMKVNICRVBAGQ-UHFFFAOYSA-N,2023,Ki,7.420216
PVPUOHNCMSOAEE-UHFFFAOYSA-N,2008,Ki,6.399997
PVVDKVCBIPGTQT-UHFFFAOYSA-N,2001,Ki,8.091515
PVZYVDCGRBZEMH-IYARVYRRSA-N,2020,Ki,5.920819
PVZYVDCGRBZEMH-IYARVYRRSA-N,2022,Ki,6.552842
PVZYVDCGRBZEMH-IYARVYRRSA-N,2022,Ki,6.585027
PWAMOODUNUXEIM-RHDGDCLCSA-N,2019,EC50,8.301030
PWAMOODUNUXEIM-RHDGDCLCSA-N,2019,EC50,7.769551
PWAMOODUNUXEIM-RHDGDCLCSA-N,2019,EC50,8.260032
PWAMOODUNUXEIM-RHDGDCLCSA-N,2019,EC50,7.779892
PWBXUBVXWIRMLW-UHFFFAOYSA-N,2019,Ki,7.739929
PWEZBNRZEHPIIQ-JTQLQIEISA-N,2010,IC50,8.000000
PWFWFOUAVPITTG-UHFFFAOYSA-N,1999,Ki,6.599998
PWGOIITXHIWDRA-MEMLXQNLSA-N,2014,Ki,7.140082
PWILDKRUNPVJAN-UHFFFAOYSA-N,2018,IC50,7.419075
PWKPGNFUHDJMAK-NDQYQSCMSA-N,2023,Ki,6.130768
PWMDANRQWZFAPB-UHFFFAOYSA-N,1996,Ki,7.599980
PWOUQMPSBBVTMJ-UHFFFAOYSA-N,2008,Ki,6.481486
PWOUQMPSBBVTMJ-UHFFFAOYSA-N,2008,Ki,6.657577
PWQSSAWBTAKELO-UHFFFAOYSA-N,2015,Ki,7.853872
PWTRAIAVXRQYHQ-QDNSEPHBSA-N,2014,Ki,7.546223
PWWITWFCENNJEP-AWEZNQCLSA-N,2002,Ki,7.070581
PWWITWFCENNJEP-AWEZNQCLSA-N,2002,Ki,7.455932
PWWVAXIEGOYWEE-UHFFFAOYSA-N,,IC50,6.108463
PWWVAXIEGOYWEE-UHFFFAOYSA-N,,Ki,6.585027
PWWVAXIEGOYWEE-UHFFFAOYSA-N,2013,IC50,7.000000
PWXSXDYNNANOIK-UHFFFAOYSA-N,2013,Ki,7.372634
PWYAMFWGADVMGC-SDNWHVSQSA-N,2003,Ki,7.920819
PWYCTCPWHXJEDU-UHFFFAOYSA-N,2006,Ki,7.432974
PWYCTCPWHXJEDU-UHFFFAOYSA-N,2006,Ki,7.721246
PWZNZURJFBVUCP-UHFFFAOYSA-N,2006,Ki,5.899285
PWZPBZQTTHOCIS-HHHXNRCGSA-N,2013,Ki,7.677781
PWZPBZQTTHOCIS-HHHXNRCGSA-N,2013,Ki,7.853872
PWZPBZQTTHOCIS-HHHXNRCGSA-N,2013,Ki,8.920819
PWZPBZQTTHOCIS-HHHXNRCGSA-N,2015,Ki,8.026872
PWZPBZQTTHOCIS-HHHXNRCGSA-N,2015,Ki,8.408935
PWZPBZQTTHOCIS-HHHXNRCGSA-N,2015,EC50,6.886057
PWZPBZQTTHOCIS-HHHXNRCGSA-N,2015,EC50,5.886057
PWZPBZQTTHOCIS-HHHXNRCGSA-N,2015,EC50,7.036212
PWZPBZQTTHOCIS-HHHXNRCGSA-N,2015,EC50,5.823909
PWZPBZQTTHOCIS-HHHXNRCGSA-N,2015,EC50,7.795880
PWZPBZQTTHOCIS-MHZLTWQESA-N,2013,Ki,7.744727
PWZPBZQTTHOCIS-MHZLTWQESA-N,2013,Ki,7.958607
PWZPBZQTTHOCIS-MHZLTWQESA-N,2013,Ki,9.221849
PWZPBZQTTHOCIS-MHZLTWQESA-N,2015,Ki,7.853872
PWZPBZQTTHOCIS-MHZLTWQESA-N,2015,Ki,8.055517
PWZPBZQTTHOCIS-MHZLTWQESA-N,2015,EC50,6.397940
PWZPBZQTTHOCIS-MHZLTWQESA-N,2015,EC50,5.619789
PWZPBZQTTHOCIS-MHZLTWQESA-N,2015,EC50,7.259637
PWZPBZQTTHOCIS-MHZLTWQESA-N,2015,EC50,7.180456
PWZPBZQTTHOCIS-MHZLTWQESA-N,2015,EC50,6.853872
PWZPBZQTTHOCIS-UHFFFAOYSA-N,2008,Ki,7.397940
PWZPBZQTTHOCIS-UHFFFAOYSA-N,2008,Ki,7.366532
PXBCEONXVYMBDR-UHFFFAOYSA-N,2006,Ki,5.925915
PXCHOWMQGZACON-WGSAOQKQSA-N,2013,Ki,6.515700
PXFNUVRXAKDHRD-UHFFFAOYSA-N,2014,Ki,7.318759
PXHYKZAQKZISEK-UHFFFAOYSA-N,2006,Ki,5.522879
PXKZVZDZXRGYJH-UHFFFAOYSA-N,2018,IC50,7.958607
PXLZPYQDTASRQC-JCVDRHSJSA-N,2023,Ki,5.258061
PXPHOMJZPNVWMG-KRWDZBQOSA-N,2016,EC50,8.679854
PXPJPNJJCSZAJM-UHFFFAOYSA-N,1996,Ki,5.700001
PXQSRAWVKJTJBP-UHFFFAOYSA-N,2012,Ki,6.124302
PXQSZLIMMPVGFB-QTRRZBIWSA-N,2014,Ki,7.368556
PXRYUTZDJMDKAL-UHFFFAOYSA-N,2002,Ki,5.849551
PXSNASRAIMXQPZ-UHFFFAOYSA-N,2002,Ki,5.521289
PXSSMALRVSYAFM-UHFFFAOYSA-N,1999,Ki,6.892790
PXTNZNWAFOHMBS-UHFFFAOYSA-N,1996,IC50,5.750000
PXWQDDTVMQMYJG-UHFFFAOYSA-N,2006,Ki,7.207608
PXWQDDTVMQMYJG-UHFFFAOYSA-N,2006,Ki,7.675718
PYCKGDROYNHKPS-UHFFFAOYSA-N,2010,Ki,9.045757
PYDCBKVOIWIWLP-UHFFFAOYSA-N,2007,Ki,6.000000
PYFLVLOENQIVRZ-UHFFFAOYSA-N,2004,Ki,5.585027
PYKLFDGEAPAGPA-UHFFFAOYSA-N,2016,IC50,6.767004
PYMJARYEQYKRFZ-INDMIFKZSA-N,1999,Ki,5.494850
PYMZBBSVTWGBTF-UHFFFAOYSA-N,2016,Ki,6.282329
PYODBBFAXCRGHN-UHFFFAOYSA-N,2015,Ki,7.142668
PYODBBFAXCRGHN-UHFFFAOYSA-N,2015,EC50,8.036212
PYONGVUMQJAWOL-OAHLLOKOSA-N,2000,Ki,7.079877
PYONGVUMQJAWOL-OAHLLOKOSA-N,2001,Ki,7.079877
PYPHZFKZPWVUSJ-UHFFFAOYSA-N,2010,Ki,7.065502
PYPVMGCWFRRKNC-KRWDZBQOSA-N,2000,Ki,6.537602
PYPVMGCWFRRKNC-QGZVFWFLSA-N,2000,Ki,7.677781
PYQMFEXIFSASPF-QFZRFWILSA-N,2014,EC50,7.886057
PYQMFEXIFSASPF-QUURXOELSA-N,2014,EC50,7.481486
PYRDKFKAOMQLLU-UHFFFAOYSA-N,1999,Ki,7.323306
PYUXUZVGGSSQTN-UHFFFAOYSA-N,2019,Ki,4.966576
PYUXUZVGGSSQTN-UHFFFAOYSA-N,2022,Ki,5.011441
PYUXUZVGGSSQTN-UHFFFAOYSA-N,2022,Ki,4.966576
PYVFEIJTIUOBFF-NDEPHWFRSA-N,2014,Ki,6.677781
PYWVMKQJDLHKMQ-UHFFFAOYSA-N,2013,Ki,7.958607
PYXPRMLVOWMRMK-JKIUYZKVSA-N,2014,Ki,6.210490
PZBBMWTZUNRBLR-UHFFFAOYSA-N,2010,Ki,6.698970
PZBBMWTZUNRBLR-UHFFFAOYSA-N,2010,Ki,6.721246
PZEAVQCQOCBSRA-UHFFFAOYSA-N,2014,EC50,7.849858
PZEAVQCQOCBSRA-UHFFFAOYSA-N,2014,EC50,7.853872
PZIGTEKDSRHYIT-UHFFFAOYSA-N,1999,IC50,7.638272
PZIGYQHVJAFLAI-UHFFFAOYSA-N,2020,Ki,6.122629
PZIGYQHVJAFLAI-UHFFFAOYSA-N,2023,Ki,6.122629
PZJGVCFSNKRINT-QGZVFWFLSA-N,1996,Ki,6.083020
PZKFEDNPDKFAPL-UHFFFAOYSA-N,2011,Ki,8.221849
PZOVIFGFKIPBAC-UHFFFAOYSA-N,2007,Ki,8.769551
PZOYUDSFJIUPSS-UHFFFAOYSA-N,2020,Ki,6.886057
PZOYUDSFJIUPSS-UHFFFAOYSA-N,2022,Ki,6.886057
PZPVLBXASPDCHR-UHFFFAOYSA-N,2013,Ki,6.568636
PZPVLBXASPDCHR-UHFFFAOYSA-N,2013,Ki,6.599998
PZTFOAIQGVVNAX-UHFFFAOYSA-N,2003,Ki,6.835647
PZVTYIIWLUKKIK-AZGAKELHSA-N,2010,Ki,6.259637
PZWHEQIOEMDZEH-UHFFFAOYSA-N,2003,Ki,7.709965
PZWPPSAANHYITK-UHFFFAOYSA-N,1994,Ki,5.455188
PZYRQKWSXFGUED-IYARVYRRSA-N,2013,Ki,5.810959
QAAKBUYWNXINKR-UHFFFAOYSA-N,2008,Ki,4.677781
QAAOBQZCHWUKTE-UAPYVXQJSA-N,2014,Ki,7.324680
QACDLOLANGWKSE-UHFFFAOYSA-N,2021,Ki,7.221849
QAECXZXKVURFMR-LBPRGKRZSA-N,2008,Ki,11.522879
QAESTHCUZJPQGF-UHFFFAOYSA-N,2019,Ki,7.113509
QAESTHCUZJPQGF-UHFFFAOYSA-N,2019,Ki,7.136677
QAEUAJQTMDSELV-UHFFFAOYSA-N,2017,Ki,5.367847
QAFWRHMUHQYYGU-UHFFFAOYSA-N,2006,Ki,6.206908
QAGROPXFHVZUHU-UHFFFAOYSA-N,1993,Ki,6.815309
QAJBLBPQVIYECG-UHFFFAOYSA-N,2015,Ki,7.229148
QALOBVQQEGVYCI-UHFFFAOYSA-N,2009,Ki,6.630005
QAPWGFAFNBTWSU-UHFFFAOYSA-N,1997,Ki,6.508638
QAUPWEHLWVIYLG-MRXNPFEDSA-N,1996,Ki,5.559091
QAUUPSSLCSOCOQ-NEAURRHBSA-N,2015,Ki,7.518557
QAWQNXXSPFROGF-UHFFFAOYSA-N,2006,Ki,6.636388
QBCMAEWHGOHJTN-UHFFFAOYSA-N,2020,EC50,5.744727
QBCMAEWHGOHJTN-UHFFFAOYSA-N,2020,IC50,6.271646
QBCMAEWHGOHJTN-UHFFFAOYSA-N,2023,EC50,5.744727
QBCMAEWHGOHJTN-UHFFFAOYSA-N,2023,IC50,6.271646
QBCMSAVCLXLVLP-INIZCTEOSA-N,1999,Ki,6.958607
QBCMSAVCLXLVLP-INIZCTEOSA-N,1999,Ki,7.236572
QBCMSAVCLXLVLP-MRXNPFEDSA-N,1999,Ki,6.958607
QBCMSAVCLXLVLP-MRXNPFEDSA-N,1999,Ki,7.065502
QBLFVLVMLBAUAE-LJQANCHMSA-N,2011,Ki,6.059982
QBLFVLVMLBAUAE-UHFFFAOYSA-N,2011,Ki,5.552842
QBLXQBNQMNADCM-QAQDUYKDSA-N,2020,Ki,6.455932
QBLXQBNQMNADCM-QAQDUYKDSA-N,2022,Ki,6.455932
QBQZCKZJIWENBM-XUTJKUGGSA-N,2013,Ki,6.581318
QBRAQPXCJIBXIU-UHFFFAOYSA-N,2014,Ki,5.130768
QBRLVMQBZIFWTB-WEVVVXLNSA-N,2001,Ki,7.799971
QBRPGZFNANDQNL-HNAYVOBHSA-N,2017,Ki,4.800000
QBTYVNHGXHWAKS-OAHLLOKOSA-N,1996,Ki,6.108463
QBTYVNHGXHWAKS-OAHLLOKOSA-N,1996,Ki,5.548214
QBUNYKZCKJJRII-UHFFFAOYSA-N,2000,Ki,7.769551
QBWLTDPVSJCLIE-UHFFFAOYSA-N,2018,Ki,6.712198
QBXAIVGOAROPJH-UHFFFAOYSA-N,2016,Ki,6.199998
QBXAIVGOAROPJH-UHFFFAOYSA-N,2019,Ki,6.070070
QBXAIVGOAROPJH-UHFFFAOYSA-N,2020,Ki,6.070070
QBXHUZJZYDSLRH-RUDMXATFSA-N,1993,Ki,5.969805
QBXXUIOGPPBTJN-UHFFFAOYSA-N,2013,IC50,7.580044
QBXXUIOGPPBTJN-UHFFFAOYSA-N,2021,Ki,8.585027
QCALWRVXYCHRSG-AZUAARDMSA-N,2019,Ki,8.659556
QCALWRVXYCHRSG-AZUAARDMSA-N,2019,Ki,7.469800
QCALWRVXYCHRSG-AZUAARDMSA-N,2020,Ki,8.659556
QCALWRVXYCHRSG-AZUAARDMSA-N,2020,Ki,7.469800
QCALWRVXYCHRSG-QUCCMNQESA-N,2019,Ki,6.510042
QCALWRVXYCHRSG-QUCCMNQESA-N,2020,Ki,6.510042
QCALWRVXYCHRSG-UHFFFAOYSA-N,2016,Ki,6.199998
QCALWRVXYCHRSG-UHFFFAOYSA-N,2016,Ki,7.500038
QCALWRVXYCHRSG-UHFFFAOYSA-N,2016,Ki,7.299989
QCALWRVXYCHRSG-UHFFFAOYSA-N,2019,Ki,8.240332
QCALWRVXYCHRSG-UHFFFAOYSA-N,2020,Ki,8.240332
QCAVICZZIMJCCB-UHFFFAOYSA-N,2019,Ki,7.045757
QCDCMDPVHPUROA-UHFFFAOYSA-N,2009,Ki,7.000000
QCFZUTYIUYQTPW-JOCHJYFZSA-N,2009,Ki,5.570894
QCIVPNSLPPESDA-RTBURBONSA-N,2000,IC50,8.301030
QCIZDOBRHYWEBN-UHFFFAOYSA-N,2010,Ki,8.066007
QCJIDMPIJUWNKR-UHFFFAOYSA-N,1994,Ki,6.161151
QCJZXZBQQQGNOA-UHFFFAOYSA-N,2002,Ki,6.366532
QCKWKKZGPZWWFN-UHFFFAOYSA-N,2001,Ki,8.000000
QCTMCGZINYAROF-UHFFFAOYSA-N,2010,Ki,7.860121
QCUYPKBVNBHYOZ-RXAXNXDRSA-N,2001,Ki,5.599999
QCXHSUNSZGYUFF-UHFFFAOYSA-N,2007,Ki,6.896196
QCXMWEJEZDJYLD-HNNXBMFYSA-N,2020,IC50,5.710001
QCXMWEJEZDJYLD-HNNXBMFYSA-N,2020,IC50,5.708409
QCXMWEJEZDJYLD-HNNXBMFYSA-N,2020,IC50,5.050000
QCXMWEJEZDJYLD-HNNXBMFYSA-N,2020,IC50,5.050610
QCXMWEJEZDJYLD-OAHLLOKOSA-N,2020,IC50,7.349984
QCXMWEJEZDJYLD-OAHLLOKOSA-N,2020,IC50,7.346112
QCXMWEJEZDJYLD-OAHLLOKOSA-N,2020,IC50,5.490000
QCXMWEJEZDJYLD-OAHLLOKOSA-N,2020,IC50,5.491874
QCZAQDDIFCRXPX-XMMPIXPASA-N,2017,EC50,6.553929
QCZAQDDIFCRXPX-XMMPIXPASA-N,2017,Ki,7.459671
QCZAQDDIFCRXPX-XMMPIXPASA-N,2017,EC50,6.856985
QCZAQDDIFCRXPX-XMMPIXPASA-N,2017,EC50,6.169027
QCZAQDDIFCRXPX-XMMPIXPASA-N,2017,EC50,7.052076
QCZONXSWEXKHJH-KYJUHHDHSA-N,1998,Ki,5.700001
QDBGJAGCCLNYMQ-UHFFFAOYSA-N,2022,Ki,5.599999
QDBPUGDJXGIOJW-HFYIJGDASA-N,2016,Ki,6.339998
QDMAKDIDFJTXEL-UHFFFAOYSA-N,2017,Ki,4.686576
QDMAKDIDFJTXEL-UHFFFAOYSA-N,2017,Ki,4.750000
QDOTVZOVPXPXFB-SAABIXHNSA-N,2020,Ki,7.102373
QDOTVZOVPXPXFB-SAABIXHNSA-N,2022,Ki,7.102373
QDQDDWWAKHSCSK-IYARVYRRSA-N,2013,Ki,5.901806
QDRMTYQLXZSORG-UHFFFAOYSA-N,2011,IC50,6.041914
QDSGHUPQZUYWDF-UHFFFAOYSA-N,2010,Ki,7.721246
QDSYGDXQPACKLI-UHFFFAOYSA-N,2003,Ki,7.698970
QDTSODNKOSJEPX-UHFFFAOYSA-N,2007,Ki,6.735182
QDTSODNKOSJEPX-UHFFFAOYSA-N,2007,Ki,8.920819
QDTWANUYGDJQMC-NHYWBVRUSA-N,2006,IC50,5.275724
QDUNOUQOKOYLCH-LRDDRELGSA-N,2006,Ki,5.167491
QDUNOUQOKOYLCH-MLGOLLRUSA-N,2006,Ki,5.602060
QDUNOUQOKOYLCH-UHFFFAOYSA-N,2006,Ki,5.431798
QDUNOUQOKOYLCH-UHFFFAOYSA-N,2006,Ki,5.718967
QDWOSBADSCWLQX-UHFFFAOYSA-N,2002,Ki,7.022276
QDXLLGQCGFUDMI-UHFFFAOYSA-N,1995,Ki,7.767004
QDXLLGQCGFUDMI-UHFFFAOYSA-N,1995,Ki,8.301030
QDZRLBZZELBOIJ-UHFFFAOYSA-N,2008,Ki,8.886057
QEAYWRGPVOISMK-UHFFFAOYSA-N,2013,IC50,6.833570
QEGVRHLMTQXKBP-UHFFFAOYSA-N,2020,Ki,6.974694
QEHDNJNWBKJWNE-UHFFFAOYSA-N,2019,Ki,6.332547
QEKAVSBEJVJNTK-UHFFFAOYSA-N,2018,IC50,7.183759
QENYNNSJVREWOL-UHFFFAOYSA-N,1999,Ki,7.599980
QEQTYRYMOSHBTB-FCHUYYIVSA-N,2021,Ki,9.023650
QESXIMMZZQIWKG-UHFFFAOYSA-N,2004,Ki,6.819989
QESXIMMZZQIWKG-UHFFFAOYSA-N,2004,Ki,6.790003
QESXIMMZZQIWKG-UHFFFAOYSA-N,2004,Ki,6.970008
QETRGFJTEVVJTC-UHFFFAOYSA-N,2007,Ki,6.721246
QETRGFJTEVVJTC-UHFFFAOYSA-N,2019,Kd,8.299989
QETRGFJTEVVJTC-UHFFFAOYSA-N,2019,Ki,8.299989
QEUWXRKGMNJLQY-UHFFFAOYSA-N,2021,Ki,6.900665
QEUWXRKGMNJLQY-UHFFFAOYSA-N,2021,Ki,6.900009
QEUWXRKGMNJLQY-UHFFFAOYSA-N,2021,EC50,8.031517
QEUWXRKGMNJLQY-UHFFFAOYSA-N,2021,EC50,8.029979
QEUWXRKGMNJLQY-UHFFFAOYSA-N,2021,EC50,8.000000
QEUWXRKGMNJLQY-UHFFFAOYSA-N,2021,EC50,8.000000
QEVFANOTWOZMFN-UHFFFAOYSA-N,2012,Ki,6.675718
QEVFANOTWOZMFN-UHFFFAOYSA-N,2014,Ki,6.675718
QEXGERZWQAGIRZ-AWEZNQCLSA-N,2020,Ki,6.343902
QEYDMNFIIPJGKU-MRXNPFEDSA-N,1999,Ki,6.469800
QEYDMNFIIPJGKU-MRXNPFEDSA-N,1999,Ki,6.818156
QEYMQXWYAIZBBS-UHFFFAOYSA-N,2021,Ki,7.080922
QEYPINFPGIXPDO-UHFFFAOYSA-N,2021,IC50,8.960189
QEYPINFPGIXPDO-UHFFFAOYSA-N,2021,EC50,9.669992
QFFHKTGTQLEPSD-SMQSCJQKSA-N,2023,Ki,6.619789
QFFTWWDHGZIBEJ-UHFFFAOYSA-N,2017,Ki,5.657577
QFFTWWDHGZIBEJ-UHFFFAOYSA-N,2017,Ki,5.823909
QFFUMQAULWYMFB-UHFFFAOYSA-N,2020,Ki,6.987163
QFFUMQAULWYMFB-UHFFFAOYSA-N,2022,Ki,6.987163
QFGOTCHUFZRMMD-QFIPXVFZSA-N,2012,IC50,6.199998
QFHMBWDXZWRJJD-BJQOMGFOSA-N,2019,Ki,6.946922
QFHMBWDXZWRJJD-HRAATJIYSA-N,2019,Ki,7.460924
QFHMBWDXZWRJJD-KKSFZXQISA-N,2019,Ki,5.575118
QFHWIGIQQPTXBG-UHFFFAOYSA-N,2008,Ki,6.022276
QFHXIJAGZCPYPV-UHFFFAOYSA-N,2002,Ki,5.744727
QFHZTAFMZCTOBW-UHFFFAOYSA-N,2020,Ki,5.665275
QFYZGXPIOVYJOV-UHFFFAOYSA-N,2021,Ki,6.612077
QFYZGXPIOVYJOV-UHFFFAOYSA-N,2021,Ki,6.610002
QFYZGXPIOVYJOV-UHFFFAOYSA-N,2021,EC50,7.458421
QFYZGXPIOVYJOV-UHFFFAOYSA-N,2021,EC50,7.460046
QFYZGXPIOVYJOV-UHFFFAOYSA-N,2021,EC50,7.026872
QFYZGXPIOVYJOV-UHFFFAOYSA-N,2021,EC50,7.029979
QGAQMNABIHSUAU-UKRRQHHQSA-N,1995,Ki,6.211832
QGFMLINRMXISAI-UHFFFAOYSA-N,2006,Ki,7.013228
QGGUMCZIAASPSU-KESTWPANSA-N,2014,Ki,6.524910
QGHSFQANOLSQGB-UHFFFAOYSA-N,2020,Ki,6.236572
QGHSFQANOLSQGB-UHFFFAOYSA-N,2023,Ki,6.236572
QGKCXGBLQBZVNB-IQZDNPOKSA-N,2012,Ki,4.420216
QGKCXGBLQBZVNB-UJCHZGTJSA-N,2012,Ki,5.408935
QGKIQQCQAJMJNK-WGSAOQKQSA-N,2013,Ki,6.604150
QGLGNPCWSBQHAU-UHFFFAOYSA-N,2006,Ki,6.397940
QGLGNPCWSBQHAU-UHFFFAOYSA-N,2006,Ki,6.958607
QGLGNPCWSBQHAU-UHFFFAOYSA-N,2006,Ki,6.031517
QGLGNPCWSBQHAU-UHFFFAOYSA-N,2006,Ki,6.004365
QGNOXTFZOLDODX-UHFFFAOYSA-N,2011,Ki,9.091515
QGNVJFHGWZQUHS-AREMUKBSSA-N,2017,Ki,7.412289
QGRZOKIURVWFKN-IAGOWNOFSA-N,2009,Ki,5.509999
QGSXNUMUNVVREL-XUTJKUGGSA-N,1997,Ki,8.130768
QGUAUKGVRXXHQV-AFARHQOCSA-N,2013,Ki,5.713319
QGVGRVIBOJVENZ-FQEVSTJZSA-N,2020,Ki,7.849858
QGVGRVIBOJVENZ-HXUWFJFHSA-N,2020,Ki,9.700057
QGYISVLNCIERMJ-PZJWPPBQSA-N,2010,Ki,6.045757
QHGCDJHEAXDUFX-UHFFFAOYSA-N,2021,Ki,6.853872
QHIULQWGQMIOMJ-IYARVYRRSA-N,2022,Ki,6.187087
QHJLPOSPWKZACG-UHFFFAOYSA-N,1988,Kd,10.013228
QHJLPOSPWKZACG-UHFFFAOYSA-N,2014,Ki,9.876148
QHJLPOSPWKZACG-UHFFFAOYSA-N,2017,Kd,10.154902
QHJLPOSPWKZACG-UHFFFAOYSA-N,2017,Kd,10.140022
QHJLPOSPWKZACG-UHFFFAOYSA-N,2017,Ki,9.337242
QHJLPOSPWKZACG-UHFFFAOYSA-N,2017,Ki,9.339989
QHJSQVKSJUNYAK-UHFFFAOYSA-N,2017,Ki,4.000000
QHKQWOMFBZYAFY-UHFFFAOYSA-N,2015,Ki,7.078834
QHLAPIQLWATZKM-UHFFFAOYSA-N,2014,Ki,8.318759
QHLKQPDXOAFUSN-UHFFFAOYSA-N,2023,Ki,7.065502
QHLKQPDXOAFUSN-UHFFFAOYSA-N,2023,EC50,8.199971
QHLKQPDXOAFUSN-UHFFFAOYSA-N,2023,EC50,8.202040
QHLKQPDXOAFUSN-UHFFFAOYSA-N,2023,EC50,7.659953
QHLKQPDXOAFUSN-UHFFFAOYSA-N,2023,EC50,7.660549
QHLRKDSRGUZHSH-UHFFFAOYSA-N,1999,Ki,7.879426
QHMBSVQNZZTUGM-ZWKOTPCHSA-N,2025,Ki,10.180456
QHMBSVQNZZTUGM-ZWKOTPCHSA-N,2025,Ki,5.552842
QHNXJRSEHMJHRM-UHFFFAOYSA-N,2013,Ki,6.657577
QHOJNFIJAUDAJD-CXAGYDPISA-N,1999,Ki,5.853872
QHSSVAFDQVBZGK-LIGKVRMXSA-N,2023,Ki,5.853872
QHTFQZNDPJWDIE-UHFFFAOYSA-N,2001,IC50,6.910095
QHTTYYWWULUJBN-UHFFFAOYSA-N,2000,Ki,5.698970
QHTTYYWWULUJBN-UHFFFAOYSA-N,2000,Ki,5.853872
QHUAVXDRCSLDHT-UHFFFAOYSA-N,1996,Ki,8.100015
QHUHMRAZOMFJRX-UHFFFAOYSA-N,2010,Ki,8.419075
QHVDRXNWAMTCNP-UHFFFAOYSA-N,2012,Ki,7.221849
QHYONRIMRKDWFG-UHFFFAOYSA-N,2003,Ki,7.200659
QIEFWSCBWYBVOT-UHFFFAOYSA-N,2010,Ki,8.721246
QIGRVQBAYKSEIV-UHFFFAOYSA-N,2016,Ki,6.124939
QIGRVQBAYKSEIV-UHFFFAOYSA-N,2016,Ki,6.119999
QIJPXEALWJLAOE-UHFFFAOYSA-N,2010,Ki,6.699992
QIKNEDWYBRZNKC-UHFFFAOYSA-N,1996,Ki,6.499997
QIMGMHULMOXSPU-UHFFFAOYSA-N,2013,Ki,6.903090
QIMZPHYIPMOZHG-UHFFFAOYSA-N,2004,Ki,6.801343
QIOWIQVPCVZKOF-SAABIXHNSA-N,2023,Ki,7.003051
QIOWIQVPCVZKOF-SAABIXHNSA-N,2023,Ki,7.000000
QIOWIQVPCVZKOF-SAABIXHNSA-N,2023,EC50,7.832683
QIOWIQVPCVZKOF-SAABIXHNSA-N,2023,EC50,7.830032
QIOWIQVPCVZKOF-SAABIXHNSA-N,2023,EC50,8.419075
QIOWIQVPCVZKOF-SAABIXHNSA-N,2023,EC50,8.419988
QIPWTYSOANVUKJ-WZONZLPQSA-N,2009,IC50,5.798603
QIUIRCOXERNMCI-KZNAEPCWSA-N,2014,Ki,7.046675
QIUNPJREZURMGC-AJGMTHFWSA-N,2021,Ki,7.092589
QIUNPJREZURMGC-AJGMTHFWSA-N,2021,Ki,4.645892
QIUNPJREZURMGC-RFNIIBAYSA-N,2021,Ki,7.061981
QIUNPJREZURMGC-RFNIIBAYSA-N,2021,Ki,4.823909
QIUNPJREZURMGC-UVPKRVSESA-N,2021,Ki,6.939302
QIUNPJREZURMGC-UVPKRVSESA-N,2021,Ki,4.595166
QIUOKLGCJSMRSR-SAABIXHNSA-N,2023,Ki,6.060481
QIVGZELWYADNGV-QOCHGBHMSA-N,2006,Ki,6.434152
QIVGZELWYADNGV-ZBJSNUHESA-N,2006,Ki,6.002177
QIVWZHLPLMDRRN-UHFFFAOYSA-N,2017,EC50,7.399027
QIYZGXQRUURDLK-RLLQIKCJSA-N,2019,Ki,6.821023
QIYZGXQRUURDLK-RLLQIKCJSA-N,2020,Ki,6.821023
QIYZNMOVNYQQHC-MSOLQXFVSA-N,2002,Ki,5.171340
QJBQEWSNFBPJMQ-UHFFFAOYSA-N,2012,Ki,7.180456
QJERAWQQAOXOKR-SAUNMDRZSA-N,2023,Ki,6.113509
QJFXDZVKRFQGQF-UHFFFAOYSA-N,2008,Ki,6.920819
QJFXDZVKRFQGQF-UHFFFAOYSA-N,2008,Ki,6.737549
QJIHBQHUALITFU-UHFFFAOYSA-N,2011,Ki,6.060980
QJMDUKSLBFAKOC-UHFFFAOYSA-N,2012,Ki,7.376751
QJNRRDWLNVGLID-UHFFFAOYSA-N,2008,Ki,7.799971
QJQGXSIIXMKXJC-UHFFFAOYSA-N,2023,Ki,8.188425
QJQGXSIIXMKXJC-UHFFFAOYSA-N,2023,Ki,8.179996
QJQGXSIIXMKXJC-UHFFFAOYSA-N,2023,EC50,7.323306
QJQGXSIIXMKXJC-UHFFFAOYSA-N,2023,EC50,7.320027
QJQGXSIIXMKXJC-UHFFFAOYSA-N,2023,EC50,8.368556
QJQGXSIIXMKXJC-UHFFFAOYSA-N,2023,EC50,8.369979
QJRUCZBGBMXWPF-AQYVVDRMSA-N,2016,Ki,9.026872
QJZDCDLDKXELAM-UHFFFAOYSA-N,2000,Ki,5.132709
QKCWJUZPSFBAKW-UHFFFAOYSA-N,2007,Ki,7.199971
QKMCUEOKZNEZFG-FIHHNCHPSA-N,2019,Ki,4.850781
QKMCUEOKZNEZFG-FIHHNCHPSA-N,2019,Ki,4.946922
QKMCUEOKZNEZFG-FIHHNCHPSA-N,2019,Ki,5.111821
QKMCUEOKZNEZFG-VNGDJDOVSA-N,2019,Ki,6.665546
QKMCUEOKZNEZFG-VNGDJDOVSA-N,2019,Ki,6.150581
QKMCUEOKZNEZFG-VNGDJDOVSA-N,2019,Ki,5.970616
QKMCUEOKZNEZFG-VNGDJDOVSA-N,2019,Ki,6.920819
QKNACGZYHIMKOB-AQYVVDRMSA-N,2014,Ki,6.569973
QKNMUTJKRIBDKW-XUTJKUGGSA-N,2014,Ki,7.438779
QKOGDLJCRXBSED-UHFFFAOYSA-N,2008,Ki,7.339989
QKOGYUWOPZFTRE-MXVIHJGJSA-N,2023,Ki,8.385103
QKOGYUWOPZFTRE-MXVIHJGJSA-N,2023,EC50,8.140022
QKOGYUWOPZFTRE-MXVIHJGJSA-N,2023,EC50,8.143876
QKQGOJLWKYGOGZ-UHFFFAOYSA-N,2010,Ki,8.349692
QKQVYZVGWKRGIE-UHFFFAOYSA-N,2014,Ki,6.950007
QKRCVHKKBOUVNT-UHFFFAOYSA-N,2004,Ki,5.993534
QKSQQPDOYVQCNJ-UHFFFAOYSA-N,2022,Ki,4.876148
QKTOQRPNKITPLN-UHFFFAOYSA-N,2018,Ki,5.929999
QKTXOFXCKWUIEE-UHFFFAOYSA-N,2020,IC50,5.655804
QKTXOFXCKWUIEE-UHFFFAOYSA-N,2021,Ki,7.677781
QKVOQKSMJIDFBY-UHFFFAOYSA-N,2023,Ki,7.415669
QKYNUPXNXUUVHU-UHFFFAOYSA-N,2008,Ki,3.247952
QLEDKIKIXCMTCN-UHFFFAOYSA-N,1995,Ki,7.356547
QLIGLWCIUGCMOC-UHFFFAOYSA-N,2018,Ki,7.721246
QLIGLWCIUGCMOC-UHFFFAOYSA-N,2018,Ki,7.769551
QLIGLWCIUGCMOC-UHFFFAOYSA-N,2018,EC50,8.522879
QLIYIWFCLGFWMD-SQAMFPIWSA-N,2014,Ki,7.283746
QLJOSZATCBCBDR-DFKUFRTHSA-N,1995,Ki,5.809668
QLLKZBYEHJGRHK-MEMLXQNLSA-N,2007,Ki,7.055517
QLLKZBYEHJGRHK-MEMLXQNLSA-N,2007,Ki,7.055517
QLLKZBYEHJGRHK-OYRHEFFESA-N,2007,Ki,6.559091
QLLKZBYEHJGRHK-OYRHEFFESA-N,2007,Ki,6.642065
QLMIVFXMQPUHKG-UHFFFAOYSA-N,2012,Ki,5.323032
QLNUKALDTXMUBS-UHFFFAOYSA-N,2020,Ki,6.625252
QLNUKALDTXMUBS-UHFFFAOYSA-N,2022,Ki,6.625252
QLOCSQXNJJSRQH-UHFFFAOYSA-N,2010,Ki,6.299998
QLOCSQXNJJSRQH-UHFFFAOYSA-N,2010,Ki,6.399997
QLOCSQXNJJSRQH-UHFFFAOYSA-N,2010,Ki,6.499997
QLOFPPKCJSHBIO-UHFFFAOYSA-N,2006,Ki,5.823909
QLOFPPKCJSHBIO-UHFFFAOYSA-N,2006,Ki,6.065502
QLRIUZVNMLEJEJ-UHFFFAOYSA-N,2017,Ki,6.443697
QLRIUZVNMLEJEJ-UHFFFAOYSA-N,2017,Ki,7.251812
QLRIUZVNMLEJEJ-UHFFFAOYSA-N,2017,EC50,5.958607
QLTASWSCCMMISJ-UHFFFAOYSA-N,2012,Ki,5.702677
QLTASWSCCMMISJ-UHFFFAOYSA-N,2012,Ki,5.702677
QLWQFJPPXAYVOM-NGRWLJPCSA-N,2008,Ki,8.823909
QLWUWVNGTYIEIX-UHFFFAOYSA-N,2008,Ki,7.677781
QLXULUNLCRKWRD-UHFFFAOYSA-N,2021,Ki,6.400641
QLXULUNLCRKWRD-UHFFFAOYSA-N,2021,Ki,6.409995
QLXULUNLCRKWRD-UHFFFAOYSA-N,2023,Ki,6.400641
QLYORHWJCBLQOX-UHFFFAOYSA-N,2023,Ki,7.078834
QLYYCUQQWPWCAB-UHFFFAOYSA-N,2013,Ki,7.795880
QLZUEQSDNKXKCQ-UHFFFAOYSA-N,2011,Ki,5.783043
QMEAXKMTOSHGKG-AWEZNQCLSA-N,1989,Ki,6.579995
QMFFGHVNSGLLRV-SJLPKXTDSA-N,2000,IC50,7.886057
QMHQSKUJOYRTHB-UHFFFAOYSA-N,2021,Ki,7.283997
QMIUZKMFRCDUKI-UHFFFAOYSA-N,2007,Ki,6.443697
QMIUZKMFRCDUKI-UHFFFAOYSA-N,2007,Ki,8.207608
QMIUZKMFRCDUKI-UHFFFAOYSA-N,2021,Ki,6.443697
QMKMSUCBVBINOY-OWOJBTEDSA-N,2005,Ki,7.450997
QMKMSUCBVBINOY-OWOJBTEDSA-N,2005,EC50,6.790485
QMKMSUCBVBINOY-OWOJBTEDSA-N,2005,Ki,7.450997
QMKMSUCBVBINOY-OWOJBTEDSA-N,2005,Ki,6.716699
QMKMSUCBVBINOY-OWOJBTEDSA-N,2005,IC50,6.790485
QMMMRXVBSGZXCO-UHFFFAOYSA-N,2012,EC50,7.301030
QMMMRXVBSGZXCO-UHFFFAOYSA-N,2012,EC50,6.600326
QMMMRXVBSGZXCO-UHFFFAOYSA-N,2012,Ki,7.275724
QMMPFJGZOGDNHT-UHFFFAOYSA-N,2006,Ki,6.448428
QMOLKOODFFHIEC-WKILWMFISA-N,2014,Ki,6.945272
QMQPXBZSSCAECU-UHFFFAOYSA-N,1995,Ki,7.050610
QMTSFMDPFYQGDZ-GOSISDBHSA-N,1996,Ki,6.235077
QMUUXLBLOLIMJC-UHFFFAOYSA-N,2023,Ki,6.931814
QMVZRKZXRGJDNP-UHFFFAOYSA-N,2020,Ki,5.588044
QMVZRKZXRGJDNP-UHFFFAOYSA-N,2022,Ki,5.588044
QNARIGRIJHAUAQ-UHFFFAOYSA-N,2020,IC50,5.726304
QNBCPLWFVGLFHO-CYBMUJFWSA-N,1989,Kd,8.958607
QNDFBMWALLMDKL-KNQAVFIVSA-N,2019,Ki,6.590067
QNDFBMWALLMDKL-KNQAVFIVSA-N,2020,Ki,6.590067
QNDFBMWALLMDKL-SIKLNZKXSA-N,2019,Ki,5.289967
QNDFBMWALLMDKL-SIKLNZKXSA-N,2020,Ki,5.289967
QNDFBMWALLMDKL-UHFFFAOYSA-N,2016,Ki,6.599998
QNDFBMWALLMDKL-UHFFFAOYSA-N,2016,Ki,5.300000
QNDFBMWALLMDKL-UHFFFAOYSA-N,2016,Ki,6.599998
QNDFBMWALLMDKL-UHFFFAOYSA-N,2019,Ki,6.429457
QNDFBMWALLMDKL-UHFFFAOYSA-N,2020,Ki,6.429457
QNDLYMHPSQQTKJ-INIZCTEOSA-N,2020,Ki,6.935542
QNDLYMHPSQQTKJ-MRXNPFEDSA-N,2020,Ki,7.182435
QNHIVGLAGUCTDY-UHFFFAOYSA-N,2020,Ki,6.075204
QNHIVGLAGUCTDY-UHFFFAOYSA-N,2022,Ki,6.075204
QNJDOVDHWZTXIL-XYWHTSSQSA-N,2014,Ki,6.839231
QNJWSDSFSUZCCQ-UHFFFAOYSA-N,2020,Ki,6.804100
QNJWSDSFSUZCCQ-UHFFFAOYSA-N,2023,Ki,6.804100
QNKFKUPQFLVBHA-UHFFFAOYSA-N,2019,Kd,8.709965
QNKFKUPQFLVBHA-UHFFFAOYSA-N,2019,Ki,8.450016
QNKGTIWNFNPEJL-UHFFFAOYSA-N,2021,Ki,5.357338
QNKSLKGYJQJCTC-UHFFFAOYSA-N,2019,Ki,6.879426
QNPXMHDZEWNMNS-OAHLLOKOSA-N,2014,EC50,10.299989
QNPXMHDZEWNMNS-OAHLLOKOSA-N,2014,Ki,6.585027
QNPXMHDZEWNMNS-OAHLLOKOSA-N,2014,Ki,6.774691
QNPXMHDZEWNMNS-OAHLLOKOSA-N,2014,Ki,8.086716
QNPXMHDZEWNMNS-OAHLLOKOSA-N,2014,Ki,6.589999
QNPXMHDZEWNMNS-OAHLLOKOSA-N,2014,Ki,6.819989
QNPXMHDZEWNMNS-OAHLLOKOSA-N,2014,Ki,8.199971
QNTNWSQRMBFBSH-UHFFFAOYSA-N,1996,EC50,8.769551
QNUFXAULMIMQGB-UHFFFAOYSA-N,2008,Ki,3.749580
QNWQLJBICCQPMP-UHFFFAOYSA-N,2014,Ki,7.468521
QNWQLJBICCQPMP-UHFFFAOYSA-N,2014,Ki,7.408935
QNWQLJBICCQPMP-UHFFFAOYSA-N,2014,EC50,6.749995
QNWQLJBICCQPMP-UHFFFAOYSA-N,2014,EC50,6.744727
QNYPKNGYEMSOEU-UHFFFAOYSA-N,2010,Ki,7.950782
QODHNMBBWHFBBL-ZWKOTPCHSA-N,2023,Ki,8.537602
QOECKZUXJGSVMP-UHFFFAOYSA-N,2014,Ki,7.568636
QOFRSPQAWIAXCA-ZSQTZEJBSA-N,2023,Ki,6.585027
QOGRQXGQKOEKKF-QAQDUYKDSA-N,1998,Ki,5.619789
QOIGKGMMAGJZNZ-UHFFFAOYSA-N,2006,Ki,7.236572
QOIGKGMMAGJZNZ-UHFFFAOYSA-N,2018,Ki,5.364516
QOJAXHPIIVARQJ-SAIGFBBZSA-N,2013,Ki,6.639804
QOQUTGPQLQCUSD-UHFFFAOYSA-N,2009,Ki,6.799998
QOTYCLIFPPZNAZ-UHFFFAOYSA-N,2004,Ki,8.270026
QOTYCLIFPPZNAZ-UHFFFAOYSA-N,2013,Ki,8.270026
QOUKQMLUTNKYNS-UHFFFAOYSA-N,2014,Ki,8.275724
QOUVFTQPYVSKEQ-QILAJZQNSA-N,2001,Ki,6.000000
QOWZCKYSXVTLKA-UHFFFAOYSA-N,2016,Ki,5.361910
QOZGLDMWSJBTKW-UHFFFAOYSA-N,2020,Ki,5.913640
QOZGLDMWSJBTKW-UHFFFAOYSA-N,2022,Ki,5.913640
QPGGEKPRGVJKQB-UHFFFAOYSA-N,2020,Ki,4.519993
QPGOCVOZYYHHFI-DSFVOBFGSA-N,2022,Ki,6.522879
QPILPLUOWCUQIQ-UHFFFAOYSA-N,2004,Ki,5.886057
QPKPFUJFLVQTCR-UHFFFAOYSA-N,1997,Ki,6.345823
QPKPFUJFLVQTCR-UHFFFAOYSA-N,2005,Ki,5.840000
QPNBWEBABUOGBX-UHFFFAOYSA-N,2019,Ki,5.908685
QPNVVIACYJVUOX-UHFFFAOYSA-N,1991,Ki,8.698970
QPNVVIACYJVUOX-UHFFFAOYSA-N,1991,Ki,6.698970
QPOPFNWPFQDIQV-UHFFFAOYSA-N,2010,Ki,6.397940
QPOPFNWPFQDIQV-UHFFFAOYSA-N,2010,Ki,6.585027
QPTXJMAVTQKNGM-UHFFFAOYSA-N,2015,Ki,7.140862
QPVGNXJYLPJOIQ-RQNOJGIXSA-N,2017,Ki,8.038579
QPVGNXJYLPJOIQ-RQNOJGIXSA-N,2017,Ki,8.038579
QPXZVVCTRSBLHN-UHFFFAOYSA-N,2017,Ki,8.744727
QQARGOMNAXCOKN-UHFFFAOYSA-N,2005,Ki,7.795880
QQDFACWEWNJZLW-UHFFFAOYSA-N,2019,IC50,8.034328
QQEZOHBLTCDYDC-UHFFFAOYSA-N,2018,IC50,7.371611
QQFDMLZEFWKHHH-UHFFFAOYSA-N,2000,Ki,4.823909
QQFDMLZEFWKHHH-UHFFFAOYSA-N,2000,Ki,4.823909
QQGJOZLAJLPARG-UHFFFAOYSA-N,2010,IC50,5.427593
QQICDAPFTVTGQB-UHFFFAOYSA-N,2021,Ki,7.872895
QQIQMQNRECKGDS-UHFFFAOYSA-N,2019,IC50,8.735182
QQIQMQNRECKGDS-UHFFFAOYSA-N,2019,IC50,8.886057
QQIXFSRRLUIGLM-UHFFFAOYSA-N,2019,IC50,6.460924
QQJHRQZZCNYDMX-AHKZPQOWSA-N,1999,Ki,7.299989
QQJHRQZZCNYDMX-UHFFFAOYSA-N,1999,Ki,7.100015
QQJHRQZZCNYDMX-VPUSJEBWSA-N,1999,Ki,7.500038
QQKGKWYETGKBCS-UHFFFAOYSA-N,2017,Ki,6.309804
QQKGKWYETGKBCS-UHFFFAOYSA-N,2018,Ki,6.309804
QQKKMLCPOLDCOH-OXQOHEQNSA-N,2000,IC50,7.251812
QQMNSBRRJCWJNN-UHFFFAOYSA-N,2012,Ki,5.532984
QQOOJNNFPCENEO-UHFFFAOYSA-N,2013,Ki,6.485452
QQORREJGDAZEMQ-LBPRGKRZSA-N,2010,IC50,7.339989
QQSOUFSETSWOJX-UHFFFAOYSA-N,2007,Ki,5.855115
QQTQZOHDWMKOJZ-UHFFFAOYSA-N,2006,Ki,5.803824
QQTSFNQVIGVGCT-GRGXKFILSA-N,2017,Ki,8.995679
QQTSFNQVIGVGCT-GRGXKFILSA-N,2017,Ki,8.995679
QQVCXXKIFUBWJB-IYARVYRRSA-N,2023,Ki,6.301030
QQWLSTBNUSPPGV-UHFFFAOYSA-N,2002,IC50,5.720000
QQXFYZWQVQXWMO-JLHYYAGUSA-N,2003,Ki,7.645892
QQXFYZWQVQXWMO-JLHYYAGUSA-N,2003,EC50,8.000000
QQXFYZWQVQXWMO-JLHYYAGUSA-N,2010,Ki,7.645892
QQXHQQJZRPYPBM-UHFFFAOYSA-N,2020,Ki,6.903090
QQXHQQJZRPYPBM-UHFFFAOYSA-N,2022,Ki,6.903090
QQYBSVWWEQVBIX-HXUWFJFHSA-N,2001,Ki,5.471083
QQYBSVWWEQVBIX-HXUWFJFHSA-N,2001,Ki,5.602060
QRBKIEDIHQEIKP-XLIONFOSSA-N,2022,Ki,6.040959
QRBZSMMRXSQZLL-UHFFFAOYSA-N,2002,Ki,5.853562
QRCAJERBDVJCKJ-UHFFFAOYSA-N,2014,EC50,5.840000
QRCAJERBDVJCKJ-UHFFFAOYSA-N,2014,EC50,5.849858
QRCFVXJHTKTGJU-UHFFFAOYSA-N,2015,Ki,6.962574
QRDDKCATKOBJNH-VTVZGJJZSA-N,2013,Ki,6.333763
QRMJZHWKWUHPFF-UHFFFAOYSA-N,2024,Ki,5.568797
QROVFOKADCFWLB-UHFFFAOYSA-N,1995,Ki,7.086186
QRRCESJWXMIGPS-KNQAVFIVSA-N,2019,Ki,6.549751
QRRCESJWXMIGPS-KNQAVFIVSA-N,2020,Ki,6.549751
QRRCESJWXMIGPS-UHFFFAOYSA-N,2016,Ki,5.200000
QRRPJFYRWJVNBL-UHFFFAOYSA-N,2021,Ki,7.130768
QRTAKQZSFPJWGE-UHFFFAOYSA-N,2019,Ki,4.580821
QRUCJPHVVJRIMC-UHFFFAOYSA-N,2001,Ki,6.109579
QRWSJJRUANBJHT-UHFFFAOYSA-N,2000,Ki,6.823909
QRYAMGGRUIKACE-GOSISDBHSA-N,2001,Ki,4.853872
QRYAMGGRUIKACE-GOSISDBHSA-N,2001,Ki,5.000000
QRYAMGGRUIKACE-GOSISDBHSA-N,2001,Ki,5.000000
QRYAMGGRUIKACE-GOSISDBHSA-N,2001,Ki,4.958607
QRZZRWQKVCHMJC-UHFFFAOYSA-N,2005,Ki,7.721246
QSFCVDVZBPPRDF-KDOFPFPSSA-N,1999,Ki,5.040959
QSFIOZUTOJIBTH-GOSISDBHSA-N,2002,Ki,6.872895
QSGFUFFBPNBPBA-UHFFFAOYSA-N,2010,Ki,7.866461
QSGQMVZHKGEIIG-UHFFFAOYSA-N,2016,Ki,4.900000
QSGQMVZHKGEIIG-UHFFFAOYSA-N,2020,Ki,4.929999
QSHZDFROGASVTB-UHFFFAOYSA-N,2009,Ki,6.614394
QSJAUBPARAVPRJ-UHFFFAOYSA-N,2021,Ki,7.468521
QSJWHLQITDTDHF-UHFFFAOYSA-N,2019,Kd,8.119987
QSJWHLQITDTDHF-UHFFFAOYSA-N,2019,Ki,8.280006
QSLMDECMDJKHMQ-UHFFFAOYSA-N,2009,Ki,6.177178
QSLMDECMDJKHMQ-UHFFFAOYSA-N,,IC50,5.460548
QSLMDECMDJKHMQ-UHFFFAOYSA-N,,Ki,5.937794
QSNWXCHFRCSNIB-UHFFFAOYSA-N,2020,Ki,6.316053
QSQIAXNZWRLSSO-UHFFFAOYSA-N,2014,Ki,6.718967
QSQIAXNZWRLSSO-UHFFFAOYSA-N,2017,Ki,6.718967
QSQIAXNZWRLSSO-UHFFFAOYSA-N,2018,Ki,6.718967
QSUZKISJHDJAOP-WKILWMFISA-N,2023,Ki,6.130768
QSWCDNVHONXTSW-UHFFFAOYSA-N,2022,Ki,5.750000
QSXMGLLVLGBRNL-UHFFFAOYSA-N,2017,Ki,7.638272
QSXPHCNTIXEPIX-UHFFFAOYSA-N,2023,Ki,6.174574
QSXPHCNTIXEPIX-UHFFFAOYSA-N,2023,EC50,3.737549
QSXPHCNTIXEPIX-UHFFFAOYSA-N,2023,IC50,5.735182
QSXPHCNTIXEPIX-UHFFFAOYSA-N,2023,IC50,5.645892
QSZLXCAZDSBUTB-MDZDMXLPSA-N,1995,Ki,5.302335
QTDHTTNBIMOVCI-BRNYJPRKSA-N,2018,IC50,8.214670
QTEIKHHDCPQIMO-LYHRCORUSA-N,2014,Ki,7.297397
QTIAXUAWMLBIGP-LLVKDONJSA-N,2021,Ki,6.810005
QTIAXUAWMLBIGP-LLVKDONJSA-N,2021,EC50,6.470005
QTIAXUAWMLBIGP-NSHDSACASA-N,2021,Ki,6.099999
QTIAXUAWMLBIGP-NSHDSACASA-N,2021,EC50,5.570001
QTJOTCJDWHZQTO-UHFFFAOYSA-N,2016,Ki,6.462181
QTJSAQYKJMJAHN-FCMXBYMOSA-N,2014,Ki,5.643534
QTKPSGBAONTGHB-UHFFFAOYSA-N,2006,Ki,5.791559
QTPHXTPUQBAPOK-UHFFFAOYSA-N,2002,Ki,5.650722
QTPMSFPRKFKEHH-ZHACJKMWSA-N,2003,Ki,7.838632
QTXHMWUMSJMZON-KESTWPANSA-N,2014,Ki,7.201073
QTZRLOJLVOVPNV-NUNSKJLSSA-N,2003,Ki,7.199971
QTZZOBUGZDWBMU-UHFFFAOYSA-N,1994,Ki,5.944240
QUCXOFSWCJSLHA-UHFFFAOYSA-N,1999,Ki,6.096910
QUEFELIEFHANOG-UHFFFAOYSA-N,2020,IC50,4.886057
QUFMZNYDEPSZLF-UHFFFAOYSA-N,2017,Ki,6.698970
QUFMZNYDEPSZLF-UHFFFAOYSA-N,2017,Ki,6.657577
QUFMZNYDEPSZLF-UHFFFAOYSA-N,2017,EC50,5.795880
QUGHLFHSMAECME-FQEVSTJZSA-N,2020,Ki,6.989997
QUGHLFHSMAECME-HXUWFJFHSA-N,2020,Ki,8.590067
QULJKIQETSQZKV-UHFFFAOYSA-N,2011,Ki,5.539102
QUMJJLZEFJECGH-UHFFFAOYSA-N,2002,Ki,7.562249
QUQFXVLPNVKYNB-QXRKNLDISA-N,2015,Ki,6.481881
QUQIRGIEPRATEC-UHFFFAOYSA-N,2020,IC50,7.966576
QURAQIGQNZYJHP-UHFFFAOYSA-N,2012,EC50,6.742321
QURAQIGQNZYJHP-UHFFFAOYSA-N,2012,Ki,6.928118
QURJJYMBLXNGPW-CHDDOINTSA-N,2014,Ki,6.933041
QUUFDJZHDLIECK-UHFFFAOYSA-N,2017,Ki,8.958607
QUUFDJZHDLIECK-UHFFFAOYSA-N,2017,Ki,9.136677
QUUFDJZHDLIECK-UHFFFAOYSA-N,2017,EC50,7.167491
QUVIJOPWQUCXGM-UHFFFAOYSA-N,2007,Ki,6.261219
QUWDNVLTBILVHN-UHFFFAOYSA-N,2021,Ki,5.623423
QUXXNRQONFGFSI-UHFFFAOYSA-N,2019,Ki,6.621602
QUZUPTMNMJTYGL-UHFFFAOYSA-N,2012,EC50,7.408935
QUZUPTMNMJTYGL-UHFFFAOYSA-N,2012,Ki,7.191114
QVAKGXNPTKFJST-UHFFFAOYSA-N,2021,Kd,10.826814
QVAKGXNPTKFJST-UHFFFAOYSA-N,2021,Kd,10.826814
QVCUVAFTSVIFFV-TZIWHRDSSA-N,2021,Ki,6.178486
QVHPJLAUHGFQOY-UHFFFAOYSA-N,2023,Ki,5.187087
QVHPJLAUHGFQOY-UHFFFAOYSA-N,2023,EC50,2.687823
QVHPJLAUHGFQOY-UHFFFAOYSA-N,2023,IC50,5.517126
QVISYVCUOQJANU-MXVIHJGJSA-N,2013,Ki,5.941726
QVJKMHVHKSTLSO-UHFFFAOYSA-N,2014,Ki,8.823909
QVJKSJKBVZSPPJ-LMONUYQQSA-N,2020,Ki,5.995679
QVJKSJKBVZSPPJ-LMONUYQQSA-N,2021,Ki,5.995679
QVJYNGNHBJDXQY-UHFFFAOYSA-N,2019,Ki,7.318759
QVMGHXPGUROPFY-UHFFFAOYSA-N,2001,Ki,8.221849
QVNYQMPOJPXEFQ-UHFFFAOYSA-N,2010,Ki,6.199998
QVTRXUDCQFWWGV-UHFFFAOYSA-N,2012,EC50,7.200659
QVTRXUDCQFWWGV-UHFFFAOYSA-N,2012,Ki,7.698970
QVTRXUDCQFWWGV-UHFFFAOYSA-N,2015,Ki,7.698970
QVTRXUDCQFWWGV-UHFFFAOYSA-N,2015,EC50,6.458421
QVTRXUDCQFWWGV-UHFFFAOYSA-N,2015,EC50,7.200659
QVUZSJNQXRQOLM-DTKOAWRHSA-N,2010,Ki,6.054531
QVVUXZWJNUQUIQ-AQYVVDRMSA-N,2017,Ki,8.169411
QVVUXZWJNUQUIQ-AQYVVDRMSA-N,2017,Ki,8.169411
QVZCCZRTVHTBPK-FQEVSTJZSA-N,2020,Ki,7.250032
QVZCCZRTVHTBPK-HXUWFJFHSA-N,2020,Ki,8.510042
QWCRAEMEVRGPNT-UHFFFAOYSA-N,1993,Ki,7.886057
QWCRAEMEVRGPNT-UHFFFAOYSA-N,1997,Ki,6.000000
QWCRAEMEVRGPNT-UHFFFAOYSA-N,1993,Ki,7.045757
QWCRAEMEVRGPNT-UHFFFAOYSA-N,2006,Ki,7.886057
QWCRAEMEVRGPNT-UHFFFAOYSA-N,,IC50,6.490797
QWCRAEMEVRGPNT-UHFFFAOYSA-N,,Ki,6.966576
QWCRAEMEVRGPNT-UHFFFAOYSA-N,2018,Ki,6.315155
QWCRAEMEVRGPNT-UHFFFAOYSA-N,2019,Ki,6.315155
QWCRAEMEVRGPNT-UHFFFAOYSA-N,2020,Ki,6.619789
QWGDMFLQWFTERH-UHFFFAOYSA-N,,IC50,6.698970
QWGDMFLQWFTERH-UHFFFAOYSA-N,,Ki,7.173925
QWKYFMXJKILTAJ-UHFFFAOYSA-N,1999,Ki,5.962574
QWMKBPOOVMOXIR-UHFFFAOYSA-N,2021,Ki,5.875496
QWNXSXJQQRBDOH-UHFFFAOYSA-N,2004,Ki,6.853872
QWPNEQOAVUPQBX-RZDIXWSQSA-N,2014,Ki,7.522879
QWQLAYGIWUDXCY-UHFFFAOYSA-N,2021,Ki,6.869988
QWRGAWDCPBDPDE-UHFFFAOYSA-N,2020,EC50,5.107905
QWRGAWDCPBDPDE-UHFFFAOYSA-N,2023,EC50,5.107905
QWSLRVUGOHVJKP-IFMALSPDSA-N,2021,Ki,6.014574
QWTRQKKHBPRIJR-UHFFFAOYSA-N,2015,Ki,7.619789
QWWLVVDOGURJDF-IBGZPJMESA-N,2012,IC50,5.500000
QWYUUBBTIYYNJQ-UHFFFAOYSA-N,2022,Ki,5.677781
QWZAQKYTKIEATF-UHFFFAOYSA-N,2022,Ki,7.420216
QWZZJNNQJSVEEN-OCOZRVBESA-N,2015,Ki,8.301030
QWZZJNNQJSVEEN-OCOZRVBESA-N,2015,Ki,8.397940
QXEYNUWHIAFPHP-MEMLXQNLSA-N,2017,Ki,8.441291
QXEYNUWHIAFPHP-MEMLXQNLSA-N,2017,Ki,8.441291
QXFQZPFQYXMZKV-UHFFFAOYSA-N,2023,Ki,9.698970
QXKURYVTBSPJPI-UHFFFAOYSA-N,2015,EC50,6.105130
QXKURYVTBSPJPI-UHFFFAOYSA-N,2015,EC50,6.109998
QXMPSRPHLSCHMP-UHFFFAOYSA-N,2020,Ki,6.115771
QXMPSRPHLSCHMP-UHFFFAOYSA-N,2022,Ki,6.115771
QXNLKLXHIUEHPN-UHFFFAOYSA-N,2005,Ki,7.974694
QXOFQMUQMXGKGQ-VKCPWKDNSA-N,1993,Ki,8.443697
QXPBZNWEPREKHB-UHFFFAOYSA-N,2012,EC50,7.698970
QXPBZNWEPREKHB-UHFFFAOYSA-N,2012,Ki,7.744727
QXPBZNWEPREKHB-UHFFFAOYSA-N,2015,Ki,7.744727
QXPBZNWEPREKHB-UHFFFAOYSA-N,2015,EC50,7.522879
QXPBZNWEPREKHB-UHFFFAOYSA-N,2019,Ki,7.673664
QXTCIQSORSSPSR-UHFFFAOYSA-N,1994,Ki,8.060481
QXUOSGAFYZBCAK-UHFFFAOYSA-N,2009,Ki,6.313364
QXVLZWCSEWFKBC-UHFFFAOYSA-N,2019,Ki,5.703993
QXWNESOGWFJDFR-RHSMWYFYSA-N,1998,Ki,6.008774
QXWNESOGWFJDFR-WMLDXEAASA-N,1998,Ki,6.709965
QXWNESOGWFJDFR-YOEHRIQHSA-N,1998,Ki,7.167491
QXXSJVZBKIQIJR-UHFFFAOYSA-N,1997,Ki,6.305395
QXXSJVZBKIQIJR-UHFFFAOYSA-N,2005,Ki,7.179996
QXYJJYQLUJICPY-NRFANRHFSA-N,2003,Ki,7.024109
QXYZJXCNTMMWEO-BERHBOFZSA-N,2020,Ki,7.677781
QXYZJXCNTMMWEO-BERHBOFZSA-N,2020,Ki,5.408713
QYAPJFAWWAJNJA-UHFFFAOYSA-N,2016,Ki,6.699992
QYAPJFAWWAJNJA-UHFFFAOYSA-N,2019,Ki,6.619789
QYAPJFAWWAJNJA-UHFFFAOYSA-N,2020,Ki,6.619789
QYAUUWJPEUPHAT-UHFFFAOYSA-N,2021,Ki,6.823909
QYJKOXINDLTROG-UHFFFAOYSA-N,2022,Ki,7.886057
QYKWQRAFIZLFAO-UHFFFAOYSA-N,2004,Ki,5.909742
QYKWQRAFIZLFAO-UHFFFAOYSA-N,2009,Ki,5.909742
QYLUGTRKTMWTBF-IFMALSPDSA-N,2021,Ki,6.105130
QYNVBLKTSBFRTP-UHFFFAOYSA-N,2020,Ki,6.844664
QYNVBLKTSBFRTP-UHFFFAOYSA-N,2022,Ki,6.844664
QYOAQWNJUWUBRT-UHFFFAOYSA-N,2024,IC50,5.555019
QYPPCJNDWSSTLE-BTUFUSBVSA-N,2015,Ki,6.524474
QYPRFHORBTUPLV-UHFFFAOYSA-N,2015,Ki,6.283997
QYSHFCPJVHYHPL-XMMPIXPASA-N,2013,IC50,5.184422
QYSHFCPJVHYHPL-XMMPIXPASA-N,2013,EC50,6.575118
QYSQVRCEVBDIDO-UHFFFAOYSA-N,2022,Ki,6.677781
QYTAWAKZERQEST-UHFFFAOYSA-N,2019,Ki,6.517126
QYTGOVFVZCPBIO-JKIUYZKVSA-N,2014,Ki,6.092159
QYXHDXVSRFUNRT-UHFFFAOYSA-N,2013,IC50,6.000000
QYXHDXVSRFUNRT-UHFFFAOYSA-N,2013,Ki,7.376751
QZAYGJVTTNCVMB-UHFFFAOYSA-N,1985,IC50,12.522879
QZCUWLCSQMYXFR-UHFFFAOYSA-N,2014,Ki,5.885056
QZEQIKIXOMIHER-UHFFFAOYSA-N,2017,IC50,7.392545
QZEQIKIXOMIHER-UHFFFAOYSA-N,2019,IC50,7.244125
QZFDRUTWOSVQBO-UHFFFAOYSA-N,1996,Ki,6.599998
QZFWMMJJIHHXCY-UHFFFAOYSA-N,2020,Ki,6.305395
QZFWMMJJIHHXCY-UHFFFAOYSA-N,2023,Ki,6.305395
QZNCIWJMJBFQLD-UKILVPOCSA-N,2010,Ki,7.102373
QZNVCRYUPLFRHD-DEOSSOPVSA-N,2021,Ki,5.586700
QZPFGFWFHKJBJX-DHZHZOJOSA-N,1999,Ki,6.499997
QZPFGFWFHKJBJX-FLIBITNWSA-N,1999,Ki,6.499997
QZUDBNBUXVUHMW-UHFFFAOYSA-N,2003,Ki,6.946922
QZUDBNBUXVUHMW-UHFFFAOYSA-N,2000,Ki,6.057496
QZUDBNBUXVUHMW-UHFFFAOYSA-N,2001,Ki,7.387216
QZUDBNBUXVUHMW-UHFFFAOYSA-N,2001,Ki,7.552842
QZUDBNBUXVUHMW-UHFFFAOYSA-N,2002,Ki,6.429457
QZUDBNBUXVUHMW-UHFFFAOYSA-N,1997,Ki,7.040959
QZUDBNBUXVUHMW-UHFFFAOYSA-N,2001,Ki,7.500038
QZUDBNBUXVUHMW-UHFFFAOYSA-N,2000,IC50,6.946922
QZUDBNBUXVUHMW-UHFFFAOYSA-N,2000,Ki,7.387216
QZUDBNBUXVUHMW-UHFFFAOYSA-N,2000,Ki,7.552842
QZUDBNBUXVUHMW-UHFFFAOYSA-N,1999,IC50,6.585027
QZUDBNBUXVUHMW-UHFFFAOYSA-N,1999,Ki,7.387216
QZUDBNBUXVUHMW-UHFFFAOYSA-N,1999,Ki,7.552842
QZUDBNBUXVUHMW-UHFFFAOYSA-N,2000,Ki,7.408935
QZUDBNBUXVUHMW-UHFFFAOYSA-N,2000,Ki,7.552842
QZUDBNBUXVUHMW-UHFFFAOYSA-N,2004,Ki,6.823909
QZUDBNBUXVUHMW-UHFFFAOYSA-N,1997,Ki,6.602060
QZUDBNBUXVUHMW-UHFFFAOYSA-N,1999,Ki,7.130768
QZUDBNBUXVUHMW-UHFFFAOYSA-N,1999,Ki,7.130768
QZUDBNBUXVUHMW-UHFFFAOYSA-N,2002,Ki,6.860121
QZUDBNBUXVUHMW-UHFFFAOYSA-N,2002,Ki,7.387216
QZUDBNBUXVUHMW-UHFFFAOYSA-N,2002,Ki,7.552842
QZUDBNBUXVUHMW-UHFFFAOYSA-N,1994,Ki,6.657577
QZUDBNBUXVUHMW-UHFFFAOYSA-N,2001,Ki,6.721246
QZUDBNBUXVUHMW-UHFFFAOYSA-N,2004,Ki,6.585027
QZUDBNBUXVUHMW-UHFFFAOYSA-N,1996,Ki,7.130768
QZUDBNBUXVUHMW-UHFFFAOYSA-N,2004,Ki,6.650004
QZUDBNBUXVUHMW-UHFFFAOYSA-N,2000,Ki,6.946922
QZUDBNBUXVUHMW-UHFFFAOYSA-N,1996,Ki,7.130768
QZUDBNBUXVUHMW-UHFFFAOYSA-N,2001,Ki,7.161151
QZUDBNBUXVUHMW-UHFFFAOYSA-N,1997,Ki,7.130768
QZUDBNBUXVUHMW-UHFFFAOYSA-N,2002,Ki,7.387216
QZUDBNBUXVUHMW-UHFFFAOYSA-N,2002,Ki,7.552842
QZUDBNBUXVUHMW-UHFFFAOYSA-N,1997,Ki,7.040959
QZUDBNBUXVUHMW-UHFFFAOYSA-N,1997,Ki,6.595166
QZUDBNBUXVUHMW-UHFFFAOYSA-N,1999,Ki,7.408935
QZUDBNBUXVUHMW-UHFFFAOYSA-N,1999,Ki,7.552842
QZUDBNBUXVUHMW-UHFFFAOYSA-N,1998,IC50,6.638272
QZUDBNBUXVUHMW-UHFFFAOYSA-N,1998,Ki,6.809668
QZUDBNBUXVUHMW-UHFFFAOYSA-N,2003,Ki,6.886057
QZUDBNBUXVUHMW-UHFFFAOYSA-N,2003,Ki,6.869988
QZUDBNBUXVUHMW-UHFFFAOYSA-N,1995,Ki,6.657577
QZUDBNBUXVUHMW-UHFFFAOYSA-N,2002,Ki,6.860121
QZUDBNBUXVUHMW-UHFFFAOYSA-N,2004,Ki,7.110026
QZUDBNBUXVUHMW-UHFFFAOYSA-N,2005,Ki,6.841638
QZUDBNBUXVUHMW-UHFFFAOYSA-N,2005,IC50,8.045757
QZUDBNBUXVUHMW-UHFFFAOYSA-N,2006,Ki,7.552842
QZUDBNBUXVUHMW-UHFFFAOYSA-N,2006,Ki,7.387216
QZUDBNBUXVUHMW-UHFFFAOYSA-N,2006,Ki,6.681937
QZUDBNBUXVUHMW-UHFFFAOYSA-N,2006,Ki,6.681937
QZUDBNBUXVUHMW-UHFFFAOYSA-N,2007,Ki,6.900009
QZUDBNBUXVUHMW-UHFFFAOYSA-N,2007,Ki,6.650004
QZUDBNBUXVUHMW-UHFFFAOYSA-N,2008,Ki,6.650004
QZUDBNBUXVUHMW-UHFFFAOYSA-N,2008,Ki,6.886057
QZUDBNBUXVUHMW-UHFFFAOYSA-N,2009,Ki,7.080922
QZUDBNBUXVUHMW-UHFFFAOYSA-N,2009,Ki,7.387216
QZUDBNBUXVUHMW-UHFFFAOYSA-N,2009,Ki,7.552842
QZUDBNBUXVUHMW-UHFFFAOYSA-N,2009,Ki,6.650004
QZUDBNBUXVUHMW-UHFFFAOYSA-N,,IC50,6.412289
QZUDBNBUXVUHMW-UHFFFAOYSA-N,,Ki,6.889410
QZUDBNBUXVUHMW-UHFFFAOYSA-N,2012,IC50,6.686133
QZUDBNBUXVUHMW-UHFFFAOYSA-N,2012,Ki,6.989997
QZUDBNBUXVUHMW-UHFFFAOYSA-N,2012,IC50,6.690008
QZUDBNBUXVUHMW-UHFFFAOYSA-N,2012,Ki,6.974694
QZUDBNBUXVUHMW-UHFFFAOYSA-N,2012,Ki,7.142668
QZUDBNBUXVUHMW-UHFFFAOYSA-N,2013,Ki,8.148130
QZUDBNBUXVUHMW-UHFFFAOYSA-N,2014,Ki,6.650004
QZUDBNBUXVUHMW-UHFFFAOYSA-N,2012,Ki,6.000000
QZUDBNBUXVUHMW-UHFFFAOYSA-N,2011,Ki,6.650004
QZUDBNBUXVUHMW-UHFFFAOYSA-N,2014,Ki,7.052321
QZUDBNBUXVUHMW-UHFFFAOYSA-N,2014,Ki,7.049976
QZUDBNBUXVUHMW-UHFFFAOYSA-N,2014,Ki,7.240030
QZUDBNBUXVUHMW-UHFFFAOYSA-N,2014,Ki,7.236273
QZUDBNBUXVUHMW-UHFFFAOYSA-N,2014,Ki,6.677781
QZUDBNBUXVUHMW-UHFFFAOYSA-N,2013,Ki,6.721246
QZUDBNBUXVUHMW-UHFFFAOYSA-N,2015,Ki,6.365523
QZUDBNBUXVUHMW-UHFFFAOYSA-N,2016,Ki,6.886057
QZUDBNBUXVUHMW-UHFFFAOYSA-N,2004,Ki,7.142668
QZUDBNBUXVUHMW-UHFFFAOYSA-N,2018,Ki,7.148742
QZUDBNBUXVUHMW-UHFFFAOYSA-N,2019,IC50,6.853872
QZUDBNBUXVUHMW-UHFFFAOYSA-N,2020,Ki,6.410050
QZUDBNBUXVUHMW-UHFFFAOYSA-N,2020,Ki,6.804100
QZUDBNBUXVUHMW-UHFFFAOYSA-N,2016,Ki,6.886057
QZUDBNBUXVUHMW-UHFFFAOYSA-N,2021,Ki,6.410050
QZUDBNBUXVUHMW-UHFFFAOYSA-N,2022,Ki,6.823909
QZUDBNBUXVUHMW-UHFFFAOYSA-N,2021,Ki,7.387216
QZUDBNBUXVUHMW-UHFFFAOYSA-N,2019,IC50,5.148742
QZUDBNBUXVUHMW-UHFFFAOYSA-N,2019,IC50,5.552842
QZUDBNBUXVUHMW-UHFFFAOYSA-N,2020,Ki,7.259637
QZUDBNBUXVUHMW-UHFFFAOYSA-N,2022,Ki,6.259637
RACXIEAYJFKQIR-UHFFFAOYSA-N,2020,Ki,6.448550
RALJYNLSBJABSL-UHFFFAOYSA-N,2000,Ki,5.638272
RALJYNLSBJABSL-UHFFFAOYSA-N,2000,Ki,6.022276
RANRSXNHVJZBGA-NDEPHWFRSA-N,2014,Ki,6.508638
RANUNRLHJXMVHG-UHFFFAOYSA-N,2013,IC50,7.066513
RANYBZPZDFYJIV-QFBILLFUSA-N,2010,Ki,6.356547
RAPBVKVRRNGNRM-UHFFFAOYSA-N,2020,Ki,6.632644
RAPZEAPATHNIPO-UHFFFAOYSA-N,2004,Ki,8.481486
RAPZEAPATHNIPO-UHFFFAOYSA-N,2001,Ki,9.356547
RAPZEAPATHNIPO-UHFFFAOYSA-N,2001,Ki,8.508638
RAPZEAPATHNIPO-UHFFFAOYSA-N,1995,Ki,8.853872
RAPZEAPATHNIPO-UHFFFAOYSA-N,2005,Ki,8.193820
RAPZEAPATHNIPO-UHFFFAOYSA-N,2007,Ki,8.199971
RAPZEAPATHNIPO-UHFFFAOYSA-N,2008,Ki,8.657577
RAPZEAPATHNIPO-UHFFFAOYSA-N,2009,Ki,8.209996
RAPZEAPATHNIPO-UHFFFAOYSA-N,,IC50,7.698970
RAPZEAPATHNIPO-UHFFFAOYSA-N,,Ki,8.184090
RAPZEAPATHNIPO-UHFFFAOYSA-N,2012,Ki,8.568636
RAPZEAPATHNIPO-UHFFFAOYSA-N,2014,Ki,8.209996
RAPZEAPATHNIPO-UHFFFAOYSA-N,2012,Ki,8.000000
RAPZEAPATHNIPO-UHFFFAOYSA-N,2011,Ki,8.209996
RAPZEAPATHNIPO-UHFFFAOYSA-N,2014,Ki,8.420216
RAPZEAPATHNIPO-UHFFFAOYSA-N,2013,Ki,8.229148
RAPZEAPATHNIPO-UHFFFAOYSA-N,2017,IC50,8.149354
RAPZEAPATHNIPO-UHFFFAOYSA-N,2018,Ki,9.221849
RAPZEAPATHNIPO-UHFFFAOYSA-N,2020,Ki,8.447332
RAPZEAPATHNIPO-UHFFFAOYSA-N,2020,Ki,8.420216
RAPZEAPATHNIPO-UHFFFAOYSA-N,2021,Ki,8.408935
RAPZEAPATHNIPO-UHFFFAOYSA-N,2019,IC50,8.443697
RAPZEAPATHNIPO-UHFFFAOYSA-N,2019,IC50,7.982967
RAPZEAPATHNIPO-UHFFFAOYSA-N,2019,IC50,7.876148
RAPZEAPATHNIPO-UHFFFAOYSA-N,2019,IC50,8.443697
RAPZEAPATHNIPO-UHFFFAOYSA-N,2019,IC50,7.982967
RAPZEAPATHNIPO-UHFFFAOYSA-N,2019,Ki,7.935542
RAQKLUQZTRKYLU-UHFFFAOYSA-N,2020,Ki,7.259637
RARDZQWGAVAIAO-UHFFFAOYSA-N,2010,Ki,7.799971
RARLPFKZTJRIOM-UHFFFAOYSA-N,2016,Ki,6.399997
RARLPFKZTJRIOM-UHFFFAOYSA-N,2019,Ki,6.199971
RARLPFKZTJRIOM-UHFFFAOYSA-N,2020,Ki,6.199971
RASUXNNRRRIRBL-UHFFFAOYSA-N,2017,Ki,6.735182
RASUXNNRRRIRBL-UHFFFAOYSA-N,2018,Ki,6.735182
RAUNEUBNNMZNDM-UHFFFAOYSA-N,2002,Ki,5.359022
RAWSNQKTFLIAHR-UHFFFAOYSA-N,2020,Ki,6.270026
RAWSNQKTFLIAHR-UHFFFAOYSA-N,2022,Ki,6.270026
RAYWFVBTQQRRAT-UHFFFAOYSA-N,2014,Ki,8.096910
RBFMCJMIEVSALT-FMIVXFBMSA-N,2015,Ki,7.366532
RBFMCJMIEVSALT-FMIVXFBMSA-N,2015,Ki,7.886057
RBGONAOLWTWGIH-HBCBNPTOSA-N,2013,Ki,6.115318
RBHDUKXJDDGJKI-UHFFFAOYSA-N,2020,IC50,4.744727
RBMOPDXMDCXDDP-ZBJSNUHESA-N,2006,Ki,6.892790
RBQRPADDWAFDFX-UHFFFAOYSA-N,1997,Ki,7.899974
RBRUKHRLEFHOEH-UHFFFAOYSA-N,2019,Ki,6.793174
RBSYHARPLIHIDB-UHFFFAOYSA-N,2009,Ki,5.599999
RBTSCAZNUBZVQW-YURCPOFCSA-N,2021,Ki,6.010017
RBTSCAZNUBZVQW-YURCPOFCSA-N,2021,Ki,6.009999
RBTSCAZNUBZVQW-YURCPOFCSA-N,2021,EC50,8.073143
RBTSCAZNUBZVQW-YURCPOFCSA-N,2021,EC50,8.070019
RBTSCAZNUBZVQW-YURCPOFCSA-N,2021,EC50,8.022734
RBTSCAZNUBZVQW-YURCPOFCSA-N,2021,EC50,8.019997
RBUDKKJLRVBPDA-UHFFFAOYSA-N,1998,Ki,7.327902
RBVCBWQAGOAYTL-UHFFFAOYSA-N,2017,Ki,3.979444
RBVCBWQAGOAYTL-UHFFFAOYSA-N,2019,Ki,3.979444
RBVKMXSYCQGAEL-UHFFFAOYSA-N,2007,Ki,5.853872
RBXWTIUJXQLTFC-XZWHSSHBSA-N,2021,Ki,8.026410
RBZFRDTUHHOAAN-MXVIHJGJSA-N,2016,Ki,9.522879
RCACIEKJQOIDQV-UHFFFAOYSA-N,1999,Ki,5.048177
RCACIEKJQOIDQV-UHFFFAOYSA-N,1999,Ki,4.823909
RCDFXVQYMDZBNQ-UHFFFAOYSA-N,2012,Ki,7.075721
RCFWZPSHZMCPLU-UHFFFAOYSA-N,2020,Ki,5.179799
RCFZNHOLJFFNFW-UHFFFAOYSA-N,2020,Ki,5.854493
RCFZNHOLJFFNFW-UHFFFAOYSA-N,2022,Ki,5.854493
RCLCSJBZUYDSDH-UHFFFAOYSA-N,2020,Ki,5.985479
RCLCSJBZUYDSDH-UHFFFAOYSA-N,2022,Ki,5.985479
RCOOYZUDBHDXOZ-UHFFFAOYSA-N,2021,IC50,4.870000
RCQMBKDEEJPXIY-UHFFFAOYSA-N,2002,Ki,5.748605
RCRAYIPXTHUIJR-UHFFFAOYSA-N,2008,IC50,5.946922
RCSLPJAWSBFTLD-MXVIHJGJSA-N,2013,Ki,5.827981
RCSRPVRMQQOAEC-ZBJSNUHESA-N,2006,Ki,6.950782
RCTPWYPPQMZWPM-WGSAOQKQSA-N,2016,Ki,9.292430
RCUUBRFHZZUGFH-UHFFFAOYSA-N,2006,Ki,6.862646
RCWSDRYOQJIECB-UHFFFAOYSA-N,2014,Ki,9.045757
RCWYEZYTOVCNOJ-UHFFFAOYSA-N,1999,Ki,5.630784
RCYQVAGOWPWGMT-NSSDIGLXSA-N,2022,Ki,6.136677
RDAMHUJTGOWZOX-UHFFFAOYSA-N,2021,IC50,8.299989
RDAMHUJTGOWZOX-UHFFFAOYSA-N,2021,EC50,5.300000
RDGPIFCCGRDXMY-UHFFFAOYSA-N,2020,IC50,8.200659
RDGPIFCCGRDXMY-UHFFFAOYSA-N,2019,Ki,9.000000
RDJVGBNSUWLUKE-UHFFFAOYSA-N,2023,Ki,5.869023
RDLNNBSDNFNODH-CYWCHRQTSA-N,2013,Ki,5.650000
RDMMVOQLGZDIRZ-UHFFFAOYSA-N,1993,Ki,5.387216
RDOIQAHITMMDAJ-UHFFFAOYSA-N,2021,Ki,5.237321
RDOLSJCBVSDISX-UHFFFAOYSA-N,2019,Ki,7.821023
RDQYVBCOPLECDP-UHFFFAOYSA-N,2012,Ki,4.965773
RDRGDNFLGKTNOF-GFCCVEGCSA-N,1994,Ki,6.503070
RDRRNTYOUDJHNF-UHFFFAOYSA-N,2015,Ki,7.829738
RDSAUPRYZCQORM-BJTUFNSYSA-N,2010,Kd,6.130000
RDUVGAYRQBFLOT-XUTJKUGGSA-N,2014,Ki,6.545155
RDWDMKXDVMARBF-OXQOHEQNSA-N,2000,IC50,7.494850
RDWKGBNMMQPPNN-UHFFFAOYSA-N,2021,Ki,6.468521
RDWUPEKDNFAEMT-GRXNBEMRSA-N,2022,Ki,6.420216
RDXPMJJNBGHREI-KRWDZBQOSA-N,2020,Ki,7.419988
RDXPMJJNBGHREI-QGZVFWFLSA-N,2020,Ki,8.040005
RDYIEETWSJIEMH-KESTWPANSA-N,2022,Ki,6.769551
REAPOTFJKWYQFW-UHFFFAOYSA-N,2000,Ki,7.568636
REAPOTFJKWYQFW-UHFFFAOYSA-N,2022,Ki,7.568636
REBWRBLHMGDWNT-UHFFFAOYSA-N,2006,Ki,6.785156
REBWRBLHMGDWNT-UHFFFAOYSA-N,2006,Ki,7.399027
REDQYSRGGWSYHE-OKDASEJXSA-N,2000,Ki,5.700001
REDYWFZNRVYCRB-UHFFFAOYSA-N,2006,Ki,5.301030
REHAKLRYABHSQJ-KBXCAEBGSA-N,1995,Ki,5.395774
REHAKLRYABHSQJ-KDOFPFPSSA-N,1995,Ki,6.148742
REHAKLRYABHSQJ-KDOFPFPSSA-N,1995,EC50,5.408935
REHAKLRYABHSQJ-KDOFPFPSSA-N,1999,Ki,6.148742
REKOUMNGFHDWDG-UHFFFAOYSA-N,2007,Ki,5.939680
RELHZEKCQXCNLK-UHFFFAOYSA-N,2013,Ki,7.920819
RELHZEKCQXCNLK-UHFFFAOYSA-N,2013,Ki,7.899974
REVIOUORWMQFEZ-FMQUCBEESA-N,2007,Ki,6.793174
RFBKHFYKBNFXJB-UHFFFAOYSA-N,2009,Ki,6.917215
RFIKMECJVGIKGU-UHFFFAOYSA-N,2007,Ki,6.000000
RFIMVYUKZRXUJB-UHFFFAOYSA-N,1999,Ki,8.214670
RFIMVYUKZRXUJB-UHFFFAOYSA-N,2003,Ki,8.214670
RFLFOJAXSFSCDA-UHFFFAOYSA-N,2007,Ki,6.390000
RFORDMJRDZVYAP-UHFFFAOYSA-N,2018,Ki,5.671620
RFRAMVDLVRFQPK-ICSRJNTNSA-N,2003,Ki,8.397940
RFRAMVDLVRFQPK-UYAOXDASSA-N,2003,Ki,7.853872
RFRIYEZLKPZDGU-UHFFFAOYSA-N,2007,Ki,6.677781
RFRIYEZLKPZDGU-UHFFFAOYSA-N,2007,Ki,6.619789
RFSDKFBYYCHXSF-QXXDMJPLSA-N,2014,Ki,7.911155
RGAGEHAXWCECRD-UHFFFAOYSA-N,2014,Ki,7.370590
RGAGEHAXWCECRD-UHFFFAOYSA-N,2014,Ki,7.369979
RGARYNHRALIUTE-UHFFFAOYSA-N,2020,Ki,6.326058
RGARYNHRALIUTE-UHFFFAOYSA-N,2022,Ki,6.326058
RGAXRFLOVCZZNS-UHFFFAOYSA-N,2021,EC50,7.045757
RGAXRFLOVCZZNS-UHFFFAOYSA-N,2021,EC50,6.602060
RGBHOSATWXCXSR-UHFFFAOYSA-N,2008,Ki,6.823909
RGBHOSATWXCXSR-UHFFFAOYSA-N,2008,Ki,6.744727
RGBNGNXRVODGQZ-UHFFFAOYSA-N,2015,Ki,6.102923
RGBWKRQKGURHQM-UHFFFAOYSA-N,2020,Ki,5.822175
RGBWKRQKGURHQM-UHFFFAOYSA-N,2023,Ki,5.822175
RGBZBUUBQUSTAD-ICSRJNTNSA-N,2003,Ki,7.387216
RGBZBUUBQUSTAD-UYAOXDASSA-N,2003,Ki,7.721246
RGCVKNLCSQQDEP-UHFFFAOYSA-N,2013,IC50,9.522879
RGHKLXUPKREMAG-UHFFFAOYSA-N,2006,Ki,6.235077
RGHKOAFUHZEYJM-UHFFFAOYSA-N,1994,Ki,5.659754
RGLYKWWBQGJZGM-ISLYRVAYSA-N,,IC50,4.875463
RGLYKWWBQGJZGM-ISLYRVAYSA-N,,Ki,5.352617
RGMLMPPJETZGOG-UHFFFAOYSA-N,2006,Ki,5.431798
RGMLMPPJETZGOG-UHFFFAOYSA-N,2006,Ki,5.455932
RGOWASQQDQKEKM-WGSAOQKQSA-N,2014,Ki,7.091086
RGPTYLNPCNVHNC-UHFFFAOYSA-N,2023,Ki,6.721246
RGPTYLNPCNVHNC-UHFFFAOYSA-N,2023,Ki,6.920819
RGRJFAKOZFOIBI-UHFFFAOYSA-N,2020,Ki,6.651695
RGRJFAKOZFOIBI-UHFFFAOYSA-N,2022,Ki,6.651695
RGUPPVFDUJOBQL-UHFFFAOYSA-N,1997,Ki,5.659556
RGVDRLWOIWFRFU-SFTDATJTSA-N,2017,Ki,5.022276
RGVJFPMOLSXLGJ-UHFFFAOYSA-N,1998,Ki,8.045757
RGVVYJTVAURUOT-UHFFFAOYSA-N,2003,Ki,7.455932
RGWGDYMUCXDODX-XUTJKUGGSA-N,2016,Ki,9.070581
RGWPRPGUMAJABR-YCFKULOQSA-N,2023,Ki,7.387216
RGZPLWVASVRKAR-CZUORRHYSA-N,2002,Ki,7.853872
RHBIYVUWPQXJFC-WGSAOQKQSA-N,2014,Ki,6.933227
RHBLTDJVNDWGHH-UHFFFAOYSA-N,2006,Ki,6.744727
RHFVSZFUSRSUBZ-UHFFFAOYSA-N,2021,Ki,6.663540
RHHXXLIDDWPLIK-ZDUSSCGKSA-N,2010,IC50,8.280006
RHJBKBICPFYODT-UHFFFAOYSA-N,2010,EC50,6.900009
RHJBKBICPFYODT-UHFFFAOYSA-N,2010,Ki,6.399997
RHNJWNWKMNDAAR-UHFFFAOYSA-N,2014,Ki,7.113509
RHNRGRRBWOZBRT-AREMUKBSSA-N,1996,Ki,6.099999
RHNRGRRBWOZBRT-UHFFFAOYSA-N,1996,Ki,6.000000
RHPCETHLGGFAQB-MQSINFNDSA-N,2005,Ki,8.229148
RHPCETHLGGFAQB-SHZHJNINSA-N,2005,Ki,7.167491
RHRKSVACMIQFDY-UHFFFAOYSA-N,1996,Ki,7.619789
RHRKSVACMIQFDY-UHFFFAOYSA-N,1996,Ki,9.853872
RHSCKLKHJPKZNP-UHFFFAOYSA-N,2010,Ki,6.199998
RHUSGVRZJFWPPW-UHFFFAOYSA-N,2020,Ki,6.512862
RHUSGVRZJFWPPW-UHFFFAOYSA-N,2022,Ki,6.512862
RHYAPXDEVZEEMS-XLIONFOSSA-N,2013,IC50,6.420216
RHYAPXDEVZEEMS-XLIONFOSSA-N,2013,Ki,6.995679
RHYAPXDEVZEEMS-YLJYHZDGSA-N,2013,Ki,7.829738
RIBIRLVPYUBCRV-UHFFFAOYSA-N,2023,Ki,5.966979
RIDMUSSNFOKJBO-UHFFFAOYSA-N,2021,Ki,8.698970
RIJJQSBEJRHVSU-UHFFFAOYSA-N,2003,Ki,7.698970
RIJRYILYCLCVHW-UHFFFAOYSA-N,2020,Ki,6.790485
RILXDJGPJCVJME-UHFFFAOYSA-N,2016,Ki,7.022276
RILXDJGPJCVJME-UHFFFAOYSA-N,2016,Ki,7.019997
RIOOLQVLOZQLQJ-ZDUSSCGKSA-N,2005,Ki,7.283997
RIOOLQVLOZQLQJ-ZDUSSCGKSA-N,2005,Ki,5.161151
RIOOLQVLOZQLQJ-ZDUSSCGKSA-N,2005,Ki,7.387216
RIOOLQVLOZQLQJ-ZDUSSCGKSA-N,2005,Ki,5.522879
RIOOLQVLOZQLQJ-ZDUSSCGKSA-N,2005,Ki,7.283997
RIOOLQVLOZQLQJ-ZDUSSCGKSA-N,2005,Ki,7.387216
RIOOLQVLOZQLQJ-ZDUSSCGKSA-N,2005,Ki,5.161151
RIOOLQVLOZQLQJ-ZDUSSCGKSA-N,2005,Ki,5.522879
RIRRORJZVJGNAL-LJQANCHMSA-N,1995,Ki,7.026872
RIRRORJZVJGNAL-LJQANCHMSA-N,1995,Ki,8.244125
RISVNNDOXVACCB-UHFFFAOYSA-N,2006,Ki,4.309804
RISVNNDOXVACCB-UHFFFAOYSA-N,2006,Ki,4.259637
RISZOHTXHUANFZ-UHFFFAOYSA-N,1997,Ki,7.599980
RITZJRAUYHPYLW-UHFFFAOYSA-N,2010,EC50,8.000000
RITZJRAUYHPYLW-UHFFFAOYSA-N,2010,Ki,7.799971
RIVWPOSKFAXCII-XUTJKUGGSA-N,2014,Ki,6.436400
RIZPYDSXCAUQAK-UHFFFAOYSA-N,2008,Ki,6.732828
RJAHNHBPWHWZAB-UHFFFAOYSA-N,2007,Ki,6.496209
RJBZCOQIWDMFST-UHFFFAOYSA-N,2014,Ki,7.337242
RJETZHUBOZSCPH-UHFFFAOYSA-N,2002,Ki,5.383419
RJGPBFPTKNFYQH-UHFFFAOYSA-N,2010,Ki,7.744727
RJGQFVDJRWMRJD-UHFFFAOYSA-N,2015,Ki,6.705534
RJHAJYOHAGENKY-UHFFFAOYSA-N,2002,Ki,6.309804
RJNNVSGDFJTERT-PZJWPPBQSA-N,2019,Ki,5.830032
RJNNVSGDFJTERT-PZJWPPBQSA-N,2020,Ki,5.830032
RJQFZMPQCFFXTK-UHFFFAOYSA-N,2015,Ki,9.060481
RJQFZMPQCFFXTK-UHFFFAOYSA-N,2015,EC50,8.376751
RJRFHPUWQFNLFN-UHFFFAOYSA-N,2014,IC50,6.688246
RJRFHPUWQFNLFN-UHFFFAOYSA-N,2014,IC50,7.431798
RJRFHPUWQFNLFN-UHFFFAOYSA-N,2014,Ki,6.360514
RJRFHPUWQFNLFN-UHFFFAOYSA-N,2017,Ki,6.360514
RJRFHPUWQFNLFN-UHFFFAOYSA-N,2018,Ki,6.360514
RJSAZDFVYLKJQV-KRWDZBQOSA-N,2014,Ki,7.754241
RJSAZDFVYLKJQV-KRWDZBQOSA-N,2014,IC50,6.040959
RJWCQAKUQRSOTC-UHFFFAOYSA-N,2014,Ki,7.008774
RJWCQAKUQRSOTC-UHFFFAOYSA-N,2014,Ki,7.010017
RJXYBXCQVVCCAR-CYBMUJFWSA-N,2008,Ki,7.379968
RJXYBXCQVVCCAR-UHFFFAOYSA-N,2008,Ki,7.789949
RJXYBXCQVVCCAR-ZDUSSCGKSA-N,2008,Ki,7.799971
RJZDQOPJWQCJET-UHFFFAOYSA-N,2020,Ki,6.623423
RJZYRNTXYJEPMD-LJQANCHMSA-N,2003,Ki,5.602060
RJZYRNTXYJEPMD-LJQANCHMSA-N,2003,Ki,5.552842
RJZYRNTXYJEPMD-LJQANCHMSA-N,2003,Ki,5.698970
RJZYRNTXYJEPMD-LJQANCHMSA-N,2003,Ki,5.721246
RKDBVDKLNHXCIZ-UHFFFAOYSA-N,2008,Ki,6.199998
RKDURTQUESFRCI-NUDCOPPTSA-N,2022,Ki,6.721246
RKEMMJXERRAATP-UHFFFAOYSA-N,2019,Ki,4.706991
RKFRMULEVKBANT-UHFFFAOYSA-N,2020,Ki,6.838632
RKFRMULEVKBANT-UHFFFAOYSA-N,2022,Ki,6.838632
RKJGOTQLYDWXJL-UHFFFAOYSA-N,2017,Ki,5.721246
RKJGOTQLYDWXJL-UHFFFAOYSA-N,2017,Ki,6.318759
RKKWMBWRDQJXBM-BSYVCWPDSA-N,2006,Ki,6.835647
RKMYLISJWSNMBG-UHFFFAOYSA-N,2016,Ki,6.675718
RKNWXFDIXVCLNO-FCHUYYIVSA-N,2023,Ki,8.602060
RKVOQFDZLRUOCJ-UHFFFAOYSA-N,2010,Ki,5.830914
RKWDQZZKDQAENU-UHFFFAOYSA-N,1997,Ki,6.017729
RKWNQODBLXZUES-UHFFFAOYSA-N,2017,Ki,4.269218
RKWPOXKBYLPBIG-UHFFFAOYSA-N,2023,Ki,4.302771
RKWPOXKBYLPBIG-UHFFFAOYSA-N,2023,EC50,3.228413
RKWPOXKBYLPBIG-UHFFFAOYSA-N,2023,IC50,5.436519
RKWPOXKBYLPBIG-UHFFFAOYSA-N,2023,EC50,4.723538
RKWPOXKBYLPBIG-UHFFFAOYSA-N,2023,IC50,4.806875
RKXSQHTWNMDLJM-UHFFFAOYSA-N,2021,Ki,7.417937
RKZSNTNMEFVBDT-MRVPVSSYSA-N,1997,Ki,8.045757
RKZSNTNMEFVBDT-MRVPVSSYSA-N,2004,EC50,6.782516
RKZSNTNMEFVBDT-MRVPVSSYSA-N,2016,Ki,7.767004
RKZSNTNMEFVBDT-MRVPVSSYSA-N,2016,Ki,4.787812
RKZSNTNMEFVBDT-MRVPVSSYSA-N,2016,EC50,7.221126
RKZSNTNMEFVBDT-MRVPVSSYSA-N,2016,EC50,7.189096
RKZSNTNMEFVBDT-MRVPVSSYSA-N,2016,EC50,8.337242
RKZSNTNMEFVBDT-MRVPVSSYSA-N,2017,EC50,7.492144
RKZSNTNMEFVBDT-MRVPVSSYSA-N,2017,Ki,7.334419
RKZSNTNMEFVBDT-MRVPVSSYSA-N,2017,EC50,6.299989
RKZSNTNMEFVBDT-MRVPVSSYSA-N,2017,EC50,6.264960
RKZSNTNMEFVBDT-MRVPVSSYSA-N,2017,EC50,7.126098
RKZSNTNMEFVBDT-MRVPVSSYSA-N,2021,Ki,7.093665
RKZSNTNMEFVBDT-MRVPVSSYSA-N,2021,Ki,4.787812
RKZVRIHTYWJVDD-UHFFFAOYSA-N,1999,Ki,6.307153
RLCITMZJUDPBHU-KOAQGZTJSA-N,2022,Ki,5.886057
RLCMAMKDJBORHF-UHFFFAOYSA-N,2019,Ki,7.698970
RLDHKTIILVTVIL-UHFFFAOYSA-N,2010,Ki,6.699992
RLEVEXRYULMVDM-UHFFFAOYSA-N,2007,Ki,5.270835
RLHNDTLEKOCIPV-TZIWHRDSSA-N,2021,Ki,6.325139
RLIMJSGHBMXEDY-GHTZIAJQSA-N,2019,Ki,6.630784
RLIMJSGHBMXEDY-GHTZIAJQSA-N,2020,Ki,6.630784
RLIMJSGHBMXEDY-NQIIRXRSSA-N,2019,Ki,6.170053
RLIMJSGHBMXEDY-NQIIRXRSSA-N,2020,Ki,6.170053
RLIMJSGHBMXEDY-UHFFFAOYSA-N,2016,Ki,6.599998
RLIMJSGHBMXEDY-UHFFFAOYSA-N,2019,Ki,6.549751
RLIMJSGHBMXEDY-UHFFFAOYSA-N,2020,Ki,6.549751
RLKXCFDJQXIBBO-UHFFFAOYSA-N,1995,Ki,6.638272
RLMADYPUXGWZSL-UHFFFAOYSA-N,2006,Ki,7.203426
RLNOIVAKZZSAAF-AJOPKFPVSA-N,2015,Ki,6.510042
RLNVMGFHVCHHTP-LJQANCHMSA-N,2002,Ki,6.661544
RLRPUCNVCZCTRG-VQTJNVASSA-N,2023,Ki,7.995679
RLTWHAFQDQJWDG-UHFFFAOYSA-N,2006,Ki,5.622330
RLUITWHSEBGXDK-KESTWPANSA-N,2022,Ki,6.481486
RLXWQKHLDFBDJH-UHFFFAOYSA-N,2008,Ki,6.920819
RLZDEABBOHACIP-UHFFFAOYSA-N,2008,Ki,6.499997
RMCSKUADBRROSI-UHFFFAOYSA-N,2005,Ki,5.500000
RMDQSWIVOHIFNT-UHFFFAOYSA-N,2012,Ki,7.036212
RMDQSWIVOHIFNT-UHFFFAOYSA-N,2012,Ki,6.886057
RMEDXOLNCUSCGS-UHFFFAOYSA-N,,IC50,8.618524
RMEDXOLNCUSCGS-UHFFFAOYSA-N,,Ki,9.095826
RMENJFVJVGUGAJ-UHFFFAOYSA-N,2020,Ki,6.223299
RMENJFVJVGUGAJ-UHFFFAOYSA-N,2022,Ki,6.223299
RMFLBNXQMNGIHR-CQSZACIVSA-N,1994,Ki,6.086186
RMGLEYGDPBYQMA-PMVMPFDFSA-N,2014,Ki,6.162790
RMGLEYGDPBYQMA-YEMPIKNUSA-N,2014,Ki,6.137272
RMGLEYGDPBYQMA-YMPZKCBVSA-N,2014,Ki,6.376441
RMHPZAHOFLURDU-UHFFFAOYSA-N,2013,Ki,6.772113
RMHUUXBXQCLMOK-UHFFFAOYSA-N,2017,EC50,7.886057
RMMKIMOPSINPOU-UHFFFAOYSA-N,2020,Ki,5.500038
RMRODALMKPMZFW-CYBMUJFWSA-N,1996,Ki,4.230017
RMRODALMKPMZFW-ZDUSSCGKSA-N,1996,Ki,5.494036
RMVIWRMAYPLYSC-UHFFFAOYSA-N,2004,Ki,5.397940
RMVOSVURGLWXST-UHFFFAOYSA-N,2002,Ki,6.647817
RMXGCHHYNPXIEU-UHFFFAOYSA-N,2019,Ki,5.781464
RMXWGHDSQFWKHG-UHFFFAOYSA-N,2008,Ki,6.677781
RMXWGHDSQFWKHG-UHFFFAOYSA-N,2008,Ki,6.823909
RNAQUCCCIRBEBB-INIZCTEOSA-N,2004,Ki,6.431798
RNAXJKKVCJEZIO-UHFFFAOYSA-N,2016,Ki,7.070581
RNAXJKKVCJEZIO-UHFFFAOYSA-N,2016,Ki,7.318759
RNAXJKKVCJEZIO-UHFFFAOYSA-N,2016,EC50,7.602060
RNDTWASJYWHUOI-UHFFFAOYSA-N,2017,Ki,5.914353
RNGOMAIWWMROMC-UHFFFAOYSA-N,2020,Ki,6.194499
RNKUEZGSYUCLKY-UHFFFAOYSA-N,2017,Ki,6.444906
RNKUEZGSYUCLKY-UHFFFAOYSA-N,2018,Ki,6.444906
RNLGICBUTDKAAL-UHFFFAOYSA-N,2012,Ki,7.527244
RNMADLUWJVACLJ-UHFFFAOYSA-N,2016,Ki,5.310000
RNMADLUWJVACLJ-UHFFFAOYSA-N,2016,Ki,5.309981
RNNAVTSFWMMVQG-UHFFFAOYSA-N,2019,Ki,4.915889
RNOHWLCDKWAPGB-UHFFFAOYSA-N,2020,Ki,6.317855
RNOHWLCDKWAPGB-UHFFFAOYSA-N,2020,Ki,7.060481
RNOHWLCDKWAPGB-UHFFFAOYSA-N,2022,Ki,6.317855
RNOHWLCDKWAPGB-UHFFFAOYSA-N,2022,Ki,7.060481
RNRLYKOJLSLHGX-UHFFFAOYSA-N,2018,Ki,5.651111
RNTITYGCQNKQBU-UHFFFAOYSA-N,2008,Ki,7.193820
RNUUBPZBFUJPOR-UHFFFAOYSA-N,1997,Ki,7.799971
RNWJQFRWBPTMAA-UHFFFAOYSA-N,2020,EC50,5.148742
RNWJQFRWBPTMAA-UHFFFAOYSA-N,2023,EC50,5.148742
RODUYAHDHBLXFS-UHFFFAOYSA-N,2015,Ki,7.022276
ROGOJMMVYYXWMQ-UHFFFAOYSA-N,2021,Ki,6.966576
ROGRQIGZHYODFP-JUUMZCOKSA-N,2013,Ki,6.096205
ROHKDSZWDXPTKF-UHFFFAOYSA-N,2019,Ki,4.754611
ROIODKFPKIFWND-UHFFFAOYSA-N,2012,EC50,8.301030
ROIODKFPKIFWND-UHFFFAOYSA-N,2012,EC50,6.698970
ROIODKFPKIFWND-UHFFFAOYSA-N,2012,Ki,8.091515
ROKAKGMAWJNFEN-UHFFFAOYSA-N,2004,Ki,6.596022
ROKAKGMAWJNFEN-UHFFFAOYSA-N,2008,Ki,6.596022
ROKAKGMAWJNFEN-UHFFFAOYSA-N,2009,Ki,6.595166
ROKAKGMAWJNFEN-UHFFFAOYSA-N,2010,Ki,7.200659
ROKAKGMAWJNFEN-UHFFFAOYSA-N,2010,Ki,7.214670
ROKAKGMAWJNFEN-UHFFFAOYSA-N,2014,Ki,6.596365
ROKAKGMAWJNFEN-UHFFFAOYSA-N,2019,Kd,7.550059
ROKAKGMAWJNFEN-UHFFFAOYSA-N,2019,Ki,7.530031
ROMOLIDCTGHEMX-BGUUXQBZSA-N,2015,Ki,6.746178
ROTBWFGDDNEYCJ-UHFFFAOYSA-N,2016,Ki,7.193820
ROTBWFGDDNEYCJ-UHFFFAOYSA-N,2016,Ki,6.795880
ROTBWFGDDNEYCJ-UHFFFAOYSA-N,2016,EC50,7.769551
ROTBWFGDDNEYCJ-UHFFFAOYSA-N,2016,EC50,6.619789
ROYIVTSMYARVGE-UHFFFAOYSA-N,2011,Ki,7.920819
ROYIVTSMYARVGE-UHFFFAOYSA-N,2011,Ki,7.769551
ROYJLYNLNZSNDB-UHFFFAOYSA-N,2022,Ki,6.259637
RPAZQDWESIXCRX-UHFFFAOYSA-N,2016,Ki,6.499997
RPAZQDWESIXCRX-UHFFFAOYSA-N,2019,Ki,6.240332
RPAZQDWESIXCRX-UHFFFAOYSA-N,2020,Ki,6.240332
RPBDTRSLAXVOEM-UHFFFAOYSA-N,2005,Ki,6.063989
RPDHXGXUGMGVAU-UHFFFAOYSA-N,2012,Ki,6.095284
RPDHXGXUGMGVAU-UHFFFAOYSA-N,2012,Ki,5.565910
RPFKNPSBXZWKHC-UHFFFAOYSA-N,2012,Ki,7.806875
RPFWNZCMXJFXJR-UHFFFAOYSA-N,1996,Ki,5.400000
RPHDOVLXDYWDGF-UHFFFAOYSA-N,2021,Ki,5.363713
RPHDOVLXDYWDGF-UHFFFAOYSA-N,2021,Ki,5.400000
RPIVMBGTIWBNFZ-RZFKFIIISA-N,2003,Ki,6.499997
RPKWQRUGASWUBS-UHFFFAOYSA-N,2019,Ki,6.484126
RPKWQRUGASWUBS-UHFFFAOYSA-N,2022,Ki,6.530178
RPKWQRUGASWUBS-UHFFFAOYSA-N,2022,Ki,6.484126
RPTDCWYNUAKXPN-OJBMAJLDSA-N,2022,Ki,7.494850
RPZFDAKOXHZICV-XUTJKUGGSA-N,2014,Ki,6.710411
RQCOWNFHMUSHMO-JKIUYZKVSA-N,2013,Ki,6.461753
RQPDIRHNVASJQG-UHFFFAOYSA-N,2013,IC50,5.107905
RQPDIRHNVASJQG-UHFFFAOYSA-N,2013,Ki,5.301030
RQRAPENOPIVCKK-UHFFFAOYSA-N,2019,Ki,8.045757
RQRBGNHBNQYSEI-UHFFFAOYSA-N,1997,Ki,7.187087
RQSWCCACWBNPPO-UHFFFAOYSA-N,2021,Ki,7.075721
RQUQHVGVVJGONQ-UHFFFAOYSA-N,2020,IC50,5.424235
RQVZWXFEIBZKOQ-UHFFFAOYSA-N,2004,Ki,6.259637
RQXJVDYSRNWVNF-UHFFFAOYSA-N,1997,Ki,7.000000
RQXZLQIADGREAL-YSEBVQFVSA-N,2014,Ki,7.597395
RQZXKTXKVVCWAG-UHFFFAOYSA-N,2016,Ki,6.519993
RRBNCHNWWUXYEM-UHFFFAOYSA-N,2012,Ki,5.548214
RRBNCHNWWUXYEM-UHFFFAOYSA-N,2013,Ki,5.548214
RRBRCSSGXLKDPR-UHFFFAOYSA-N,2015,Ki,4.821023
RRGCMCQNBGLNIY-UHFFFAOYSA-N,2013,IC50,5.537602
RRGCMCQNBGLNIY-UHFFFAOYSA-N,2013,Ki,7.096910
RRGIAVYUCTYDDX-UHFFFAOYSA-N,2002,Ki,5.582030
RRGONONIXNMNQE-UHFFFAOYSA-N,2018,Ki,7.013228
RRGONONIXNMNQE-UHFFFAOYSA-N,2018,IC50,7.752027
RRLCBKCJYXFQHA-UHFFFAOYSA-N,1998,IC50,6.522879
RRLSYCFYLABDNF-UHFFFAOYSA-N,2021,Ki,5.486782
RRLSYCFYLABDNF-UHFFFAOYSA-N,2021,Ki,5.490000
RRNLVYSLHABLSU-UHFFFAOYSA-N,2006,Ki,7.181774
RRNSUOWXTVZIKJ-UHFFFAOYSA-N,1999,Ki,7.677781
RRNWJHLPCRSTSO-UHFFFAOYSA-N,2019,Ki,6.821023
RRSNTPLBDRZYRF-UHFFFAOYSA-N,2011,Ki,7.443697
RRSNTPLBDRZYRF-UHFFFAOYSA-N,2011,Ki,7.494850
RRSUWPYFZSEELD-AVRDEDQJSA-N,2016,Ki,6.909989
RRSUWPYFZSEELD-AVRDEDQJSA-N,2016,Ki,6.139998
RRSUWPYFZSEELD-GCJKJVERSA-N,2016,Ki,5.800001
RRSUWPYFZSEELD-XMSQKQJNSA-N,2016,Ki,7.199971
RRTCFJGKAMKAIY-UHFFFAOYSA-N,2017,Ki,6.585027
RRTCFJGKAMKAIY-UHFFFAOYSA-N,2019,Ki,6.585027
RRTCFJGKAMKAIY-UHFFFAOYSA-N,2019,EC50,6.595166
RRTCFJGKAMKAIY-UHFFFAOYSA-N,2019,IC50,6.483729
RRTCFJGKAMKAIY-UHFFFAOYSA-N,2019,Ki,6.238824
RRVTXZNXVUUSMV-UHFFFAOYSA-N,2004,Ki,7.550059
RRWJEHZPKOZIPI-LJQANCHMSA-N,2018,Ki,5.817585
RRYFTJVIXONIOF-UHFFFAOYSA-N,2015,Ki,7.801343
RRYFTJVIXONIOF-UHFFFAOYSA-N,2015,EC50,6.769551
RRYFTJVIXONIOF-UHFFFAOYSA-N,2015,IC50,7.537602
RRYFYYTWSZBODV-UWPXIXLNSA-N,2015,Ki,6.700057
RRYHHCNEVZLSCS-IYARVYRRSA-N,2013,Ki,6.663540
RSAQDZVYAIXCFK-MEMLXQNLSA-N,1997,Ki,8.200659
RSCLYSXBPPXRCJ-UHFFFAOYSA-N,2021,Ki,7.357535
RSCLYSXBPPXRCJ-UHFFFAOYSA-N,2021,Ki,7.636388
RSDQZKVVYWSUBP-UHFFFAOYSA-N,2019,IC50,7.465974
RSEPGIMWDIKONM-UHFFFAOYSA-N,2000,Ki,5.498941
RSKPCUCUPPJNIY-UHFFFAOYSA-N,2023,Ki,6.254145
RSLKAABRYSOXNC-UHFFFAOYSA-N,2007,Ki,6.853872
RSLYNHHGHMPLKL-JTKSJCOOSA-N,2012,Ki,6.602060
RSLYNHHGHMPLKL-OYTPZHDJSA-N,2012,Ki,5.130768
RSOWGGVCBJACCG-WGSAOQKQSA-N,2013,Ki,5.827397
RSQYYIMQKSBFSO-UHFFFAOYSA-N,2019,Ki,6.583359
RSTJJQONPRJAIE-UHFFFAOYSA-N,2012,Ki,7.221849
RSTJJQONPRJAIE-UHFFFAOYSA-N,2012,Ki,7.119186
RSVKEOVPNVXAOI-UHFFFAOYSA-N,2005,Ki,7.229148
RSWWPJYGMGBREQ-UHFFFAOYSA-N,2016,Ki,6.492144
RTBICRVBMOJALC-KNQAVFIVSA-N,2010,Ki,7.000000
RTBMOTWSSZKVDC-RBUKOAKNSA-N,2023,Ki,8.130768
RTJYNDZSOVYLSA-UHFFFAOYSA-N,1997,Ki,6.000000
RTKQEPYQSOGOII-UHFFFAOYSA-N,2023,Ki,5.642637
RTKQEPYQSOGOII-UHFFFAOYSA-N,2023,Ki,5.640000
RTKQEPYQSOGOII-UHFFFAOYSA-N,2023,EC50,6.158641
RTKQEPYQSOGOII-UHFFFAOYSA-N,2023,EC50,6.160001
RTKQEPYQSOGOII-UHFFFAOYSA-N,2023,EC50,7.166853
RTKQEPYQSOGOII-UHFFFAOYSA-N,2023,EC50,7.169989
RTLTWRWPAQCBNJ-UHFFFAOYSA-N,2020,Ki,6.086716
RTLTWRWPAQCBNJ-UHFFFAOYSA-N,2022,Ki,6.086716
RTLWHVNMZFCSDU-UHFFFAOYSA-N,2014,Ki,5.507519
RTMIJLQPWFKAFE-FPYGCLRLSA-N,1994,Ki,8.180456
RTMIJLQPWFKAFE-FPYGCLRLSA-N,1994,Ki,6.576754
RTNHENHQSIAEAI-UHFFFAOYSA-N,2021,Ki,5.677781
RTOJMLUBCKNAEH-UHFFFAOYSA-N,2023,Ki,6.012781
RTQVMPUWTJFEJK-UHFFFAOYSA-N,2017,Ki,6.980012
RTRBUDIKCGJLKP-VAWYXSNFSA-N,1995,Ki,6.286509
RTTAPDGDCXXJHV-QAQDUYKDSA-N,2013,Ki,6.509999
RTTBMUKLKYPQQK-UHFFFAOYSA-N,2017,Ki,6.651695
RTVQLAGHMGMPSS-UHFFFAOYSA-N,2022,Ki,8.000000
RTYGYVMXTLAVMS-UHFFFAOYSA-N,2009,Ki,5.327902
RTYGYVMXTLAVMS-UHFFFAOYSA-N,2009,Ki,5.455932
RUARTZMULZTFHQ-UHFFFAOYSA-N,2015,Ki,8.214670
RUAVRLWGTWDKFW-XUTJKUGGSA-N,2020,Ki,5.958607
RUAVRLWGTWDKFW-XUTJKUGGSA-N,2022,Ki,5.958607
RUCVLTFMJJZXOA-UHFFFAOYSA-N,1999,Ki,7.022276
RUCWOVBWUVMXEY-UHFFFAOYSA-N,2018,Ki,5.660151
RUFBZCWKTFORNM-CXGRPWHSSA-N,2009,Ki,6.699992
RUFBZCWKTFORNM-CXGRPWHSSA-N,2009,Ki,6.699992
RUGZUJWEVYDLKD-UHFFFAOYSA-N,2019,Ki,7.455932
RUGZUJWEVYDLKD-UHFFFAOYSA-N,2019,Ki,7.619789
RUIFDUVNEYPMGO-UHFFFAOYSA-N,2012,Ki,7.468521
RUIFDUVNEYPMGO-UHFFFAOYSA-N,2012,Ki,6.712198
RULOOZJTFYDVKV-UHFFFAOYSA-N,2014,Ki,8.200659
RULOOZJTFYDVKV-UHFFFAOYSA-N,2014,Ki,8.199971
RUNHZSVFEKDKRE-UHFFFAOYSA-N,2003,Ki,7.397940
RUOVJGSFCGUFDC-UHFFFAOYSA-N,2021,Ki,6.292430
RURKEKYFHBYLDY-UHFFFAOYSA-N,2002,Ki,6.943095
RURKEKYFHBYLDY-UHFFFAOYSA-N,2008,Ki,7.714443
RURKEKYFHBYLDY-UHFFFAOYSA-N,2008,Ki,7.712198
RURTXDUFVIOALE-MRXNPFEDSA-N,1994,Ki,7.161151
RUTFYETZGMCUGV-UHFFFAOYSA-N,2012,Ki,7.511449
RUVQMQUPSVELIK-UHFFFAOYSA-N,1997,Ki,6.534617
RUVQMQUPSVELIK-UHFFFAOYSA-N,2005,Ki,6.530001
RUYAQBZRWRWQHR-UHFFFAOYSA-N,1997,Ki,6.199998
RUZIUYOSRDWYQF-HNNXBMFYSA-N,2024,IC50,5.519993
RUZJOGYMPJWMOY-UHFFFAOYSA-N,2007,Ki,7.075721
RVACPGPYDAFYTB-UHFFFAOYSA-N,2006,Ki,6.856985
RVBDWZKWSXQLMF-DOTOQJQBSA-N,1999,Ki,7.292430
RVBDWZKWSXQLMF-DOTOQJQBSA-N,1999,Ki,7.677781
RVBDWZKWSXQLMF-NVXWUHKLSA-N,1999,Ki,7.552842
RVBDWZKWSXQLMF-NVXWUHKLSA-N,1999,Ki,8.000000
RVBDWZKWSXQLMF-RDJZCZTQSA-N,1999,Ki,6.481486
RVBDWZKWSXQLMF-RDJZCZTQSA-N,1999,Ki,6.920819
RVBDWZKWSXQLMF-WBVHZDCISA-N,1999,Ki,6.823909
RVBDWZKWSXQLMF-WBVHZDCISA-N,1999,Ki,7.102373
RVBVZFLMCDGFOZ-GOSISDBHSA-N,2003,Ki,4.356547
RVBVZFLMCDGFOZ-GOSISDBHSA-N,2003,Ki,4.366532
RVBVZFLMCDGFOZ-SFHVURJKSA-N,2003,Ki,4.795880
RVBVZFLMCDGFOZ-SFHVURJKSA-N,2003,Ki,4.853872
RVFWCLJRIRUOIQ-UHFFFAOYSA-N,2002,Ki,6.450997
RVHFWBPKTMLXIB-UHFFFAOYSA-N,2015,Ki,6.723538
RVISYUPDXKKJLS-UHFFFAOYSA-N,2010,Ki,7.866461
RVMUAKCKCUJBKV-UHFFFAOYSA-N,2021,Ki,6.222573
RVMUAKCKCUJBKV-UHFFFAOYSA-N,2021,Ki,6.220000
RVMXCARDLOKQQD-UHFFFAOYSA-N,2007,Ki,5.823909
RVPGPLCUKORXKA-BGYRXZFFSA-N,2007,Ki,7.070581
RVPGPLCUKORXKA-MXVIHJGJSA-N,2007,Ki,6.889410
RVQUGXAQXRVIGJ-UHFFFAOYSA-N,2019,Ki,5.488117
RVSWRUQARYLTGS-NSHDSACASA-N,2010,IC50,6.439998
RVTWDXPARRMUCU-UHFFFAOYSA-N,2002,Ki,6.467246
RVWBEYIRWFEEHP-UHFFFAOYSA-N,2022,Ki,6.259637
RVWPDWZOIDVHIU-LSDHHAIUSA-N,2020,Ki,6.283997
RVWPDWZOIDVHIU-LSDHHAIUSA-N,2022,Ki,6.283997
RVYPAMKCWJPLSH-UHFFFAOYSA-N,2016,Ki,5.939302
RWDBDUKKVDGKLL-UHFFFAOYSA-N,1997,Ki,6.265200
RWDCOKXPTKLVHK-UHFFFAOYSA-N,2010,Ki,7.093126
RWDHALOKAOEZPC-JQWIXIFHSA-N,1993,Ki,7.958607
RWDSDWDANDUVKH-UHFFFAOYSA-N,2007,Ki,5.878112
RWEPTLSUVVSWHX-UHFFFAOYSA-N,1997,Ki,6.065502
RWFLVFYYRNZUGQ-UHFFFAOYSA-N,2018,Ki,5.465974
RWFSSGIYTQCWMB-MRXNPFEDSA-N,1994,Ki,6.284833
RWIIDELOEVNLPK-UHFFFAOYSA-N,2013,Ki,6.795880
RWJCXWVQRSSDLR-UHFFFAOYSA-N,1996,Ki,8.100015
RWMHVMBWEZTTSB-UHFFFAOYSA-N,2017,Ki,8.795880
RWMHVMBWEZTTSB-UHFFFAOYSA-N,2017,Ki,9.091515
RWMHVMBWEZTTSB-UHFFFAOYSA-N,2017,EC50,6.721246
RWMHVMBWEZTTSB-UHFFFAOYSA-N,2017,EC50,7.173925
RWMHVMBWEZTTSB-UHFFFAOYSA-N,2017,EC50,6.698970
RWNKNDBSFFMYLR-FFAHUNIMSA-N,2014,Ki,8.089376
RWOJEGLVFGCYFU-UHFFFAOYSA-N,2016,Ki,5.000000
RWOJEGLVFGCYFU-UHFFFAOYSA-N,2020,Ki,4.950007
RWOVNYCSIRVBRB-UHFFFAOYSA-N,2020,Ki,6.131944
RWOVNYCSIRVBRB-UHFFFAOYSA-N,2022,Ki,6.131944
RWQZSXGTDPICOA-UHFFFAOYSA-N,2021,Ki,7.769551
RWRBNIAIUBPSNY-UHFFFAOYSA-N,2014,EC50,8.410050
RWRBNIAIUBPSNY-UHFFFAOYSA-N,2014,EC50,8.408935
RWTNPBWLLIMQHL-UHFFFAOYSA-N,2024,Ki,5.055200
RWVUEZAROXKXRT-VQLSFVLHSA-N,,IC50,6.153663
RWVUEZAROXKXRT-VQLSFVLHSA-N,,Ki,6.630784
RWXAMLMBPWFLTN-UAPYVXQJSA-N,2013,Ki,6.639766
RWYJJIZNTJVITE-WGSAOQKQSA-N,2014,Ki,7.114752
RXCVDBZASONCNP-IBGZPJMESA-N,2005,Ki,7.673664
RXCVDBZASONCNP-LJQANCHMSA-N,2005,Ki,8.207608
RXDUVKIICDGRRM-QGZVFWFLSA-N,1996,Ki,5.525784
RXEIDFSWABFHSZ-LJQANCHMSA-N,2014,Ki,5.259637
RXEIDFSWABFHSZ-UHFFFAOYSA-N,2014,Ki,5.259637
RXFOCVABFXYDPB-UAPYVXQJSA-N,2016,Ki,7.853872
RXGOETNYBNUSSO-UHFFFAOYSA-N,2000,Ki,5.177178
RXGOETNYBNUSSO-UHFFFAOYSA-N,2000,Ki,5.356547
RXGPCIHYSMKIRI-UHFFFAOYSA-N,2001,Ki,5.795880
RXHVJGSMDNGBHT-UHFFFAOYSA-N,2019,Ki,5.819874
RXHVJGSMDNGBHT-UHFFFAOYSA-N,2020,Ki,5.819874
RXIFDJMCJKEING-MGBGTMOVSA-N,2011,Ki,6.113509
RXIFDJMCJKEING-UHFFFAOYSA-N,2011,Ki,5.131708
RXIFDJMCJKEING-XIFFEERXSA-N,2011,Ki,6.221849
RXIUGRLQOGTTNP-UHFFFAOYSA-N,2011,Ki,6.699992
RXLUSIRPKRSPGO-UHFFFAOYSA-N,2014,Ki,8.408935
RXLUSIRPKRSPGO-UHFFFAOYSA-N,2014,Ki,8.795880
RXMJGLCPVVEEJS-KESTWPANSA-N,2014,Ki,7.096367
RXMKGIMPRMJJBI-UHFFFAOYSA-N,2010,Ki,7.661544
RXOQYNOKQGUANO-UHFFFAOYSA-N,2019,Ki,5.260000
RXPBJKRWQYAHSE-UHFFFAOYSA-N,2009,Ki,6.599998
RXSODUHUZZRAAV-UHFFFAOYSA-N,1999,Ki,7.823909
RYARMHWUXSXRLV-FQEVSTJZSA-N,2005,Ki,6.638272
RYAUDQTUUTVOSS-JTQLQIEISA-N,2021,EC50,6.886057
RYBRXOLQVVUVSC-UHFFFAOYSA-N,2016,Ki,6.435334
RYDSNIMRMQKABP-UHFFFAOYSA-N,2019,IC50,7.156145
RYGODERPXMWCPP-LSNLESRRSA-N,2014,Ki,7.588380
RYOFZZILNKTXCE-UHFFFAOYSA-N,2006,Ki,5.948462
RYPURVOUHFFJCE-UHFFFAOYSA-N,2002,Ki,6.779892
RYRTVXCXZPFWGO-UHFFFAOYSA-N,2018,Ki,5.420000
RYXXRKZWJMNUEJ-UHFFFAOYSA-N,2013,Ki,7.230623
RYXXRKZWJMNUEJ-UHFFFAOYSA-N,2013,Ki,7.230623
RYXYJLZLSOOSMR-UHFFFAOYSA-N,2016,IC50,7.040959
RZAFGCJAAYEIMV-VWLOTQADSA-N,2012,IC50,6.399997
RZAVUFOOSFLHIY-UHFFFAOYSA-N,2002,Ki,4.677781
RZAVUFOOSFLHIY-UHFFFAOYSA-N,2002,Ki,4.602060
RZBBQNAIKHGIFW-UHFFFAOYSA-N,2019,Ki,7.537602
RZBBQNAIKHGIFW-UHFFFAOYSA-N,2019,Ki,7.530031
RZEKPECTALABSH-UHFFFAOYSA-N,2010,Ki,7.500038
RZEKPECTALABSH-UHFFFAOYSA-N,2010,Ki,7.899974
RZFMBOWSMDNJRN-LBPRGKRZSA-N,2010,IC50,6.959991
RZGMDABPMIFSBV-RELWKKBWSA-N,2006,Ki,7.005683
RZHBTLSHMLRZGG-UHFFFAOYSA-N,2010,Ki,8.065502
RZIVHWYBTWTWME-UHFFFAOYSA-N,2014,Ki,5.688246
RZIVHWYBTWTWME-UHFFFAOYSA-N,2014,Ki,5.690000
RZJRKBKBJHIRPW-UHFFFAOYSA-N,2006,Ki,6.432974
RZKQJXWTACJPMX-UHFFFAOYSA-N,2002,Ki,4.718580
RZKVFRDPHKJKDU-UHFFFAOYSA-N,2006,Ki,7.247184
RZLZELGICQMPFL-UHFFFAOYSA-N,2016,Ki,6.917215
RZOFUKBGZQUWCB-UHFFFAOYSA-N,2009,Ki,7.700057
RZQSGCXHBZSBTE-UHFFFAOYSA-N,2013,Ki,7.899629
RZSHFCXTABKGFJ-UHFFFAOYSA-N,2020,Ki,7.259637
RZWIBVNDYKVOQZ-UHFFFAOYSA-N,2005,Ki,5.657577
SABMFDYGMZQFQD-UHFFFAOYSA-N,2010,Ki,5.241997
SACMWQXEALUQNE-UHFFFAOYSA-N,2022,Ki,5.200659
SAFSSBPNJDIAIH-UHFFFAOYSA-N,2007,Ki,6.490797
SAFSSBPNJDIAIH-UHFFFAOYSA-N,2007,Ki,6.380907
SAHQEMRIXRTMKH-LOSJGSFVSA-N,2023,Ki,7.790485
SAMQAQQHJAUYDF-BFZJZIARSA-N,2000,Ki,5.800001
SAOAAHJLTCTWAK-UHFFFAOYSA-N,2006,Ki,5.865823
SAPCLYRXCUDCRV-UHFFFAOYSA-N,2002,Ki,4.552842
SAPCLYRXCUDCRV-UHFFFAOYSA-N,2002,Ki,4.657577
SAPCLYRXCUDCRV-UHFFFAOYSA-N,2007,Ki,4.560000
SARQYPUTTRFHLZ-UHFFFAOYSA-N,2010,Ki,5.312649
SASWWPISKHTFAO-CTNGQTDRSA-N,2022,IC50,5.000000
SAUWBVJOXSKPQX-UHFFFAOYSA-N,2011,Ki,6.060481
SAUWQAUYYQRKAV-UHFFFAOYSA-N,2008,Ki,6.140862
SAVFVEFYMIPDEM-UHFFFAOYSA-N,2016,EC50,5.387216
SAWRNBNIFPXPCC-ACRUOGEOSA-N,2013,Ki,6.066563
SAWRNBNIFPXPCC-NJDAHSKKSA-N,2013,Ki,6.038721
SAWRNBNIFPXPCC-YGQOYYDZSA-N,2013,Ki,5.898665
SBCYNHCFJBYRJY-MJGOQNOKSA-N,2019,Ki,6.838632
SBCYNHCFJBYRJY-MJGOQNOKSA-N,2020,Ki,6.838632
SBCYNHCFJBYRJY-PKOBYXMFSA-N,2019,Ki,6.429457
SBCYNHCFJBYRJY-PKOBYXMFSA-N,2020,Ki,6.429457
SBCYNHCFJBYRJY-UHFFFAOYSA-N,2016,Ki,6.799998
SBCYNHCFJBYRJY-UHFFFAOYSA-N,2016,Ki,6.599998
SBCYNHCFJBYRJY-UHFFFAOYSA-N,2016,Ki,6.399997
SBCYNHCFJBYRJY-UHFFFAOYSA-N,2016,Ki,6.599998
SBCYNHCFJBYRJY-UHFFFAOYSA-N,2019,Ki,6.730487
SBCYNHCFJBYRJY-UHFFFAOYSA-N,2020,Ki,6.730487
SBDMNEFWICEEMT-UHFFFAOYSA-N,2012,Ki,5.903090
SBHJIEDINHIMAF-JIBACQESSA-N,2013,Ki,6.651890
SBJAROVNDHTDKY-WGSAOQKQSA-N,1998,Ki,5.318759
SBJOJKQLHNFZTE-UHFFFAOYSA-N,2010,Ki,7.677781
SBJOJKQLHNFZTE-UHFFFAOYSA-N,2010,Ki,7.886057
SBKJMNCSBLEGCS-UHFFFAOYSA-N,2006,Ki,7.231362
SBKJMNCSBLEGCS-UHFFFAOYSA-N,2006,Ki,7.721246
SBLISCQZPBKWHN-UHFFFAOYSA-N,2017,Ki,6.095826
SBLISCQZPBKWHN-UHFFFAOYSA-N,2018,Ki,6.095826
SBPCXDBPVMPZQE-UHFFFAOYSA-N,2022,Ki,7.070581
SBQXZROAPGSYPJ-UHFFFAOYSA-N,2020,Ki,6.068542
SBQXZROAPGSYPJ-UHFFFAOYSA-N,2024,Ki,6.068542
SBRNDJDCLNCYMZ-UHFFFAOYSA-N,2010,Ki,7.844664
SBWDEIFOMNBGRY-MEMLXQNLSA-N,2023,Ki,7.537602
SBWQGFPWQUSXLS-LYFUNVNOSA-N,2023,Ki,6.677781
SBXMILAGIXPXOK-UHFFFAOYSA-N,1998,IC50,6.309804
SCCGREHYRSZMPG-GOSISDBHSA-N,1996,Ki,6.623423
SCCJGBCCPYUPOB-UHFFFAOYSA-N,2014,Ki,7.568636
SCFTWYRRDFJRSO-UHFFFAOYSA-N,2010,Ki,6.599998
SCKAFECHWFQWIZ-WLJAXQAKSA-N,2018,IC50,7.552842
SCKHCLFYZXFDJH-UHFFFAOYSA-N,2020,Ki,7.259637
SCKJNCWNAQMULA-UHFFFAOYSA-N,2018,Ki,5.361211
SCLDUEJHYBBAHT-UHFFFAOYSA-N,2014,Ki,7.299989
SCTHKCGXMXTKHG-UHFFFAOYSA-N,2010,Ki,8.131356
SCTHKCGXMXTKHG-UHFFFAOYSA-N,2016,Ki,8.130006
SCUPEGWTGGLXHI-UHFFFAOYSA-N,2012,Ki,6.659556
SCUPEGWTGGLXHI-UHFFFAOYSA-N,2014,Ki,6.659556
SCWHHXLTCHIVBS-UHFFFAOYSA-N,2013,Ki,6.860121
SCXGXIFVTAJZIV-UHFFFAOYSA-N,2018,Ki,6.570248
SCYQZWBAGZNIMS-UHFFFAOYSA-N,2019,Ki,5.247952
SDAMYSWGWHXMRT-INIZCTEOSA-N,2005,Ki,8.327902
SDAMYSWGWHXMRT-MRXNPFEDSA-N,2005,Ki,8.161151
SDAMYSWGWHXMRT-MRXNPFEDSA-N,2007,Ki,9.100015
SDAOADFGOQZYMJ-UHFFFAOYSA-N,1997,Ki,6.453457
SDBPIIJMVSRHDO-UHFFFAOYSA-N,1997,Ki,5.561458
SDDBNQDQBZPCGB-UHFFFAOYSA-N,2006,Ki,5.301030
SDERQNAMIWOFFX-UHFFFAOYSA-N,2012,Ki,5.909037
SDFKSBYLKADGSF-UHFFFAOYSA-N,2000,Ki,6.602060
SDGOGUYALAJPLF-UHFFFAOYSA-N,2018,Ki,5.232993
SDLSVMUKJMMARH-WUJWULDRSA-N,2009,Ki,8.522879
SDLSVMUKJMMARH-WUJWULDRSA-N,2009,Ki,8.522879
SDPSCMJWIDFOEZ-SAABIXHNSA-N,2020,Ki,6.301030
SDPSCMJWIDFOEZ-SAABIXHNSA-N,2022,Ki,6.301030
SDQKPNOVKCPNRQ-UHFFFAOYSA-N,2022,Ki,6.640165
SDVHBQOFRVWVQH-UHFFFAOYSA-N,2001,Ki,8.000000
SDWMTMWHNYEEAG-AQYVVDRMSA-N,2014,Ki,7.131356
SDZBCEFNKKQHFZ-UHFFFAOYSA-N,2020,Ki,7.508638
SDZGFAGZLJLJSV-UHFFFAOYSA-N,2010,Ki,9.259637
SEAFJMXOYIXBAV-UHFFFAOYSA-N,2022,Ki,6.484126
SEAGRPUHJMFFQR-UHFFFAOYSA-N,2007,Ki,6.723538
SEAGRPUHJMFFQR-UHFFFAOYSA-N,2007,Ki,7.221849
SECXHJRGBAZUCO-UHFFFAOYSA-N,2004,Ki,5.997402
SEDSBEYYCSPKRY-UHFFFAOYSA-N,2020,Ki,6.073349
SEEYDRHSWVYCLV-OFUUFJSKSA-N,2023,Ki,6.214670
SEGYWWXDIPIQNQ-XRPSMJEVSA-N,2007,Kd,7.698970
SEHZPOBOTHQMOI-FRFSOERESA-N,2014,EC50,9.221849
SEINGJRWPXTFAX-UHFFFAOYSA-N,2019,Ki,6.102373
SEINGJRWPXTFAX-UHFFFAOYSA-N,2019,Ki,6.207608
SELHCEQNHNORQG-UHFFFAOYSA-N,2004,Ki,5.585027
SEMJDPGTUJSAEG-SJLPKXTDSA-N,1997,Ki,5.599999
SEMWFTYLEKHOQR-UHFFFAOYSA-N,2023,Ki,5.884389
SEQAMPXQRKYYQF-UHFFFAOYSA-N,2005,Ki,5.899998
SETUDWDSXHEINR-UHFFFAOYSA-N,2023,Ki,6.193820
SETZXJXEHHDPBP-CYBMUJFWSA-N,1989,Kd,8.170696
SETZXJXEHHDPBP-CYBMUJFWSA-N,1989,Kd,6.137869
SEVLDDAIFKZMCD-JTKSJCOOSA-N,2012,Ki,5.769551
SEVLDDAIFKZMCD-OYTPZHDJSA-N,2012,Ki,4.920819
SFBYKQFVXHFMBA-UHFFFAOYSA-N,2002,Ki,7.148742
SFBYKQFVXHFMBA-UHFFFAOYSA-N,2002,Ki,7.119186
SFBYKQFVXHFMBA-UHFFFAOYSA-N,2007,Ki,7.150028
SFBYKQFVXHFMBA-UHFFFAOYSA-N,2015,Ki,7.455932
SFDFLIFDKGORAT-KESTWPANSA-N,2020,Ki,6.259637
SFDFLIFDKGORAT-KESTWPANSA-N,2022,Ki,6.259637
SFIXZGTVVWNOSY-QRFRQXIXSA-N,2023,Ki,6.537602
SFJPQQAKXJGNOP-UHFFFAOYSA-N,2003,Ki,7.143271
SFLSHLFXELFNJZ-QMMMGPOBSA-N,1985,IC50,13.096910
SFLSHLFXELFNJZ-QMMMGPOBSA-N,2016,Ki,5.886057
SFNVUZGWWDUWJI-ATJRSEPMSA-N,2021,Ki,5.313364
SFNVUZGWWDUWJI-HDZLCOIDSA-N,2021,Ki,5.543634
SFNVUZGWWDUWJI-VRDCJJRQSA-N,2021,Ki,5.410050
SFPBOMSMCNVMGQ-TZIWHRDSSA-N,2021,Ki,6.128427
SFPSQBFPUCFLEZ-AIZNXBIQSA-N,2012,Ki,7.481486
SFPSQBFPUCFLEZ-UHFFFAOYSA-N,2014,Ki,7.481486
SFQRCRYSIPJHQY-UHFFFAOYSA-N,2014,Ki,6.795880
SFQRCRYSIPJHQY-UHFFFAOYSA-N,2014,Ki,6.823909
SFRWZRKAHVGRFO-UHFFFAOYSA-N,1994,Ki,9.000000
SFTJDRYGJIVCSK-UHFFFAOYSA-N,2017,Ki,6.064997
SFTJDRYGJIVCSK-UHFFFAOYSA-N,2018,Ki,6.064997
SGABQHZVZUGQTC-JKIUYZKVSA-N,2013,Ki,6.453741
SGASECCAALLGOF-UHFFFAOYSA-N,2019,Ki,4.952336
SGAVDPALLQJHPW-FKBYEOEOSA-N,2014,Ki,6.658289
SGAVDPALLQJHPW-YPAWHYETSA-N,2014,Ki,6.508288
SGBPCRMSBHXSHV-UHFFFAOYSA-N,2020,IC50,7.110026
SGEGOXDYSFKCPT-UHFFFAOYSA-N,2012,Ki,6.176526
SGEGOXDYSFKCPT-UHFFFAOYSA-N,2024,Ki,6.257503
SGGMEYGWAJEGIP-UHFFFAOYSA-N,2016,Ki,6.744727
SGGMEYGWAJEGIP-UHFFFAOYSA-N,2016,Ki,6.740000
SGGMEYGWAJEGIP-WPUZRXDDSA-N,2012,Ki,6.744727
SGHVFQQOVSYPTO-UHFFFAOYSA-N,2014,Ki,6.508638
SGHVFQQOVSYPTO-UHFFFAOYSA-N,2014,Ki,6.552842
SGLJPXQOJMBPBR-UHFFFAOYSA-N,2007,Ki,6.299998
SGPHWUNCTMLCQF-UHFFFAOYSA-N,2022,Ki,6.815309
SGPRWOMWIVQZEC-UHFFFAOYSA-N,2023,Ki,6.150581
SGPRWOMWIVQZEC-UHFFFAOYSA-N,2023,Ki,6.149997
SGPRWOMWIVQZEC-UHFFFAOYSA-N,2023,EC50,6.414539
SGPRWOMWIVQZEC-UHFFFAOYSA-N,2023,EC50,6.409995
SGPRWOMWIVQZEC-UHFFFAOYSA-N,2023,EC50,7.774691
SGPRWOMWIVQZEC-UHFFFAOYSA-N,2023,EC50,7.779892
SGRZMLIEPZAREQ-AFARHQOCSA-N,2013,Ki,6.984096
SGUZNMAAJVIZHU-UHFFFAOYSA-N,2018,Ki,7.420216
SGVBRIHFEULKBC-UHFFFAOYSA-N,2001,Ki,6.920819
SGVJKODGLNRNLW-UHFFFAOYSA-N,2015,Ki,5.762205
SGWUMXOWOUGLMJ-NSOVKSMOSA-N,2023,EC50,7.872895
SHARLZVPHXBHLQ-OEAKJJBVSA-N,2007,Ki,4.853872
SHBKBFYVWDZZMP-UHFFFAOYSA-N,2005,Ki,6.920819
SHBKBFYVWDZZMP-UHFFFAOYSA-N,2005,Ki,6.677781
SHBKBFYVWDZZMP-UHFFFAOYSA-N,2005,Ki,4.920819
SHFBSNNAMYYULF-UHFFFAOYSA-N,2016,IC50,8.070581
SHGFDVMIHXXUBC-UHFFFAOYSA-N,2016,Ki,5.248644
SHGYUZFUKMSIQE-UHFFFAOYSA-N,2011,EC50,7.886057
SHGYUZFUKMSIQE-UHFFFAOYSA-N,2011,Ki,8.387216
SHGYUZFUKMSIQE-UHFFFAOYSA-N,2011,Ki,7.920819
SHHFQLUNMKEEAE-UHFFFAOYSA-N,2017,Ki,6.032452
SHHFQLUNMKEEAE-UHFFFAOYSA-N,2018,Ki,6.032452
SHHOUUFZCQEFDZ-UHFFFAOYSA-N,2022,Ki,5.898941
SHKMYWRRXARHJG-UHFFFAOYSA-N,2022,Ki,6.739929
SHLHJQDYUNFBDK-HZCBDIJESA-N,2007,Ki,6.856985
SHLHJQDYUNFBDK-SZPZYZBQSA-N,2007,Ki,6.761954
SHLNXAGTOHBRSE-UHFFFAOYSA-N,2019,Ki,6.493495
SHNSKFRGOBKYIC-UHFFFAOYSA-N,2019,IC50,7.844664
SHOJVFLWKSRVPH-GXTWGEPZSA-N,1993,Ki,6.661544
SHOJVFLWKSRVPH-TZMCWYRMSA-N,1993,Ki,7.031517
SHOJVFLWKSRVPH-UHFFFAOYSA-N,1993,Ki,7.031517
SHOJVFLWKSRVPH-UHFFFAOYSA-N,1993,Ki,6.661544
SHPCAECDGCBRNC-JTKSJCOOSA-N,2012,Ki,5.698970
SHPCAECDGCBRNC-OYTPZHDJSA-N,2012,Ki,5.301030
SHTFROBRQSSMIJ-FYYLOGMGSA-N,2021,Ki,6.156767
SHTKKIRPSYJFRO-SNVBAGLBSA-N,1997,Ki,5.892451
SHVCHMGRIYXVAY-NRFANRHFSA-N,2010,Ki,8.346787
SHVCHMGRIYXVAY-OAQYLSRUSA-N,2010,Ki,7.508638
SHVCHMGRIYXVAY-UHFFFAOYSA-N,2010,Ki,7.920819
SHXNMYNFGRHTQN-UHFFFAOYSA-N,2018,EC50,6.920819
SHXNMYNFGRHTQN-UHFFFAOYSA-N,2018,EC50,5.669586
SHXNMYNFGRHTQN-UHFFFAOYSA-N,2022,Ki,5.259637
SHZVXUBQYBBGNZ-UHFFFAOYSA-N,2020,IC50,8.522879
SIBAMPHTYYJSCQ-UHFFFAOYSA-N,2019,Ki,5.980053
SIDPGTZGVQNXLM-WGSAOQKQSA-N,1998,Ki,7.602060
SIHPGAYIYYGOIP-UHFFFAOYSA-N,1996,Ki,6.476254
SIIDHHZTVIEQJK-UHFFFAOYSA-N,2002,Ki,6.958607
SIIDHHZTVIEQJK-UHFFFAOYSA-N,2002,Ki,7.075721
SIIDHHZTVIEQJK-UHFFFAOYSA-N,2005,Ki,6.958607
SIIDHHZTVIEQJK-UHFFFAOYSA-N,2007,Ki,6.959991
SIIDHHZTVIEQJK-UHFFFAOYSA-N,2015,Ki,6.769551
SIINLBKMJGQYNO-UHFFFAOYSA-N,2020,Ki,6.359996
SIINLBKMJGQYNO-UHFFFAOYSA-N,2020,Ki,6.193820
SIJIBHRUTSSJLY-KESTWPANSA-N,2014,Ki,7.318849
SILRNATUEGXXED-UHFFFAOYSA-N,2002,Ki,5.784627
SIMNKURLSFAWDZ-UHFFFAOYSA-N,2010,Ki,6.399997
SIMRHOCKDXANLH-UHFFFAOYSA-N,2018,Ki,6.358526
SIMRHOCKDXANLH-UHFFFAOYSA-N,2018,Ki,6.600326
SIMWCYPGUODYMF-UHFFFAOYSA-N,2009,Ki,6.075721
SIMWCYPGUODYMF-UHFFFAOYSA-N,2009,Ki,6.397940
SINCAXCRAGCJEY-UHFFFAOYSA-N,2006,Ki,5.993534
SINCAXCRAGCJEY-UHFFFAOYSA-N,2006,Ki,5.993534
SIPNIUHKEGJHLT-UHFFFAOYSA-N,2002,Ki,7.568636
SITQSHZFILPALT-UHFFFAOYSA-N,2015,Ki,8.823909
SITQSHZFILPALT-UHFFFAOYSA-N,2024,Ki,8.823909
SITUEGLHNDXECQ-UHFFFAOYSA-N,2019,Ki,5.560000
SIWFRLSPUANOPO-UAPYVXQJSA-N,2014,Ki,7.411616
SIXUZLJWMWYQSF-UHFFFAOYSA-N,1996,Ki,6.199998
SJAPPPAALBAIBC-RUDMXATFSA-N,1999,Ki,6.799998
SJAVWFDEBXEFCQ-UHFFFAOYSA-N,2020,Ki,6.094744
SJAVWFDEBXEFCQ-UHFFFAOYSA-N,2022,Ki,6.094744
SJBGEHWYHKHGEN-CKXRIRIKSA-N,2015,Ki,7.413413
SJBGEHWYHKHGEN-MXFAZZQHSA-N,2015,Ki,8.070581
SJBGEHWYHKHGEN-NFTSZHPFSA-N,2015,Ki,7.616185
SJBGEHWYHKHGEN-NFTSZHPFSA-N,2015,Ki,7.356547
SJDLUAQSQRBWLX-UHFFFAOYSA-N,2007,Ki,5.539102
SJDOMIRMMUGQQK-UHFFFAOYSA-N,2003,Ki,7.301030
SJEXSMOVRPPLBZ-UHFFFAOYSA-N,2016,Ki,7.356547
SJEXSMOVRPPLBZ-UHFFFAOYSA-N,2016,Ki,7.349984
SJEXSMOVRPPLBZ-VXMMSVGHSA-N,2012,Ki,7.356547
SJIGBFSVBCOEAP-UHFFFAOYSA-N,2015,Ki,7.537602
SJIPQSFBLAVVRK-SFHVURJKSA-N,2012,EC50,7.063486
SJIZZMHCOVMIHM-UHFFFAOYSA-N,2012,Ki,7.721246
SJIZZMHCOVMIHM-UHFFFAOYSA-N,2012,Ki,7.494850
SJJCRPJMKKRQSW-UHFFFAOYSA-N,2010,Ki,6.299998
SJJCRPJMKKRQSW-UHFFFAOYSA-N,2010,Ki,6.099999
SJJCRPJMKKRQSW-XLIONFOSSA-N,2010,Ki,6.599998
SJMJEVKDYIICJQ-UHFFFAOYSA-N,2022,Ki,6.920819
SJNLUIGGLBDGFM-UHFFFAOYSA-N,2014,Ki,4.867516
SJNLUIGGLBDGFM-UHFFFAOYSA-N,2017,Ki,4.867516
SJNLUIGGLBDGFM-UHFFFAOYSA-N,2018,Ki,4.867516
SJPCWOAPBGZFOQ-MEMLXQNLSA-N,2014,Ki,6.755970
SJSQVUBCTSCTIM-UHFFFAOYSA-N,2006,Ki,7.838632
SJSQVUBCTSCTIM-UHFFFAOYSA-N,2006,Ki,8.823909
SJSQVUBCTSCTIM-UHFFFAOYSA-N,2008,Ki,7.869988
SJSVMGMRQLCIER-UHFFFAOYSA-N,2016,Ki,7.022276
SJTRTMWJCBAHFJ-UHFFFAOYSA-O,2019,Ki,5.500038
SJUYCGYJRSRZHG-JLHYYAGUSA-N,2003,Ki,7.434270
SJWQSMJRDZSNPL-HXUWFJFHSA-N,2014,EC50,9.400008
SJWQSMJRDZSNPL-HXUWFJFHSA-N,2014,Ki,7.032920
SJWQSMJRDZSNPL-HXUWFJFHSA-N,2014,Ki,7.094204
SJWQSMJRDZSNPL-HXUWFJFHSA-N,2014,Ki,8.251812
SJWQSMJRDZSNPL-HXUWFJFHSA-N,2014,Ki,7.040005
SJWQSMJRDZSNPL-HXUWFJFHSA-N,2014,Ki,7.209996
SJWQSMJRDZSNPL-HXUWFJFHSA-N,2014,Ki,8.260032
SJYYFOFHDQCHFJ-UHFFFAOYSA-N,2007,Ki,6.399997
SKAQBDJYUIBMTJ-UHFFFAOYSA-N,2016,IC50,7.046724
SKBHXKCNFXTHOX-OWOJBTEDSA-N,2005,Ki,7.756962
SKCXLYQNMIOSKI-UHFFFAOYSA-N,1994,Ki,6.238824
SKDQYIVPCLVBQH-NSJBLXSXSA-N,2015,Ki,6.756218
SKGKYEPRBPJYRW-OWOJBTEDSA-N,2015,Ki,7.823909
SKGKYEPRBPJYRW-OWOJBTEDSA-N,2015,EC50,7.585027
SKHVWVRTEBAQRY-UHFFFAOYSA-N,2020,Ki,6.692504
SKHVWVRTEBAQRY-UHFFFAOYSA-N,2022,Ki,6.692504
SKIYXMOTQIREJJ-XUTJKUGGSA-N,2014,Ki,6.705975
SKMONACLVOEHQQ-UHFFFAOYSA-N,1996,Ki,7.899974
SKNVJEZUCGHGRG-UHFFFAOYSA-N,2019,Ki,6.795880
SKNVJEZUCGHGRG-UHFFFAOYSA-N,2019,Ki,6.958607
SKOOZXVTNXFHFP-UHFFFAOYSA-N,2012,Ki,8.075721
SKOOZXVTNXFHFP-UHFFFAOYSA-N,2012,Ki,8.568636
SKPBGVJZUPBKNY-HCGLCNNCSA-N,2023,Ki,5.769551
SKPUCIJDGHJXRK-UHFFFAOYSA-N,2020,Ki,6.508638
SKPUCIJDGHJXRK-UHFFFAOYSA-N,2022,Ki,6.508638
SKRQYXAPIDILOG-AWEZNQCLSA-N,2010,IC50,7.400008
SKSNWJPZQYVOQU-UHFFFAOYSA-N,2012,Ki,6.804100
SKSNWJPZQYVOQU-UHFFFAOYSA-N,2012,Ki,6.560667
SKSOBHHSERUEOI-UHFFFAOYSA-N,2020,IC50,5.612966
SKSOBHHSERUEOI-UHFFFAOYSA-N,2021,Ki,10.000000
SKUUWDIJGSUACY-UHFFFAOYSA-N,2019,Ki,7.924453
SKVXOYIMICHFPV-UHFFFAOYSA-N,2001,IC50,6.269218
SLARGICHHUPLQU-FPOVZHCZSA-N,2003,Ki,8.327902
SLDWPVIBJBOKJE-UHFFFAOYSA-N,2018,IC50,7.185752
SLEQRFMTAWGXRG-UHFFFAOYSA-N,2013,Ki,6.327902
SLEQRFMTAWGXRG-UHFFFAOYSA-N,2013,Ki,6.299998
SLHJBGQZNOFTDB-IFMALSPDSA-N,2021,Ki,6.018634
SLMGXVGSOPZIFZ-UHFFFAOYSA-N,2014,Ki,6.180456
SLMGXVGSOPZIFZ-UHFFFAOYSA-N,2014,Ki,6.180002
SLOWOAMUBQTOII-OAQYLSRUSA-N,2014,EC50,8.799971
SLOWOAMUBQTOII-OAQYLSRUSA-N,2014,Ki,6.882729
SLOWOAMUBQTOII-OAQYLSRUSA-N,2014,Ki,7.094204
SLOWOAMUBQTOII-OAQYLSRUSA-N,2014,Ki,7.019997
SLOWOAMUBQTOII-OAQYLSRUSA-N,2014,Ki,7.179996
SLPNWORIUMAUFP-UHFFFAOYSA-N,2019,Ki,8.017729
SLQCIADZTNONHH-UHFFFAOYSA-N,2019,Ki,7.143271
SLSMPCDNDAFDRP-UHFFFAOYSA-N,1996,Ki,6.399997
SLUWYSCSZRXUHY-UHFFFAOYSA-N,2020,Ki,6.319664
SLUWYSCSZRXUHY-UHFFFAOYSA-N,2022,Ki,6.319664
SLVMESMUVMCQIY-AJWVYOOVSA-N,2004,IC50,6.077275
SLVMESMUVMCQIY-AJWVYOOVSA-N,2004,Ki,6.517126
SLVMESMUVMCQIY-AJWVYOOVSA-N,2004,IC50,5.930702
SLVMESMUVMCQIY-AJWVYOOVSA-N,2004,Ki,6.370590
SLVMESMUVMCQIY-DIERRCTGSA-N,2004,IC50,7.200659
SLVMESMUVMCQIY-DIERRCTGSA-N,2004,Ki,8.920819
SLVMESMUVMCQIY-DIERRCTGSA-N,2004,Ki,5.734946
SLVMESMUVMCQIY-DIERRCTGSA-N,2004,IC50,7.113509
SLVMESMUVMCQIY-DIERRCTGSA-N,2004,Ki,8.657577
SLVMESMUVMCQIY-DIERRCTGSA-N,2004,Ki,5.811072
SLXIGTACOFFTMI-LLVKDONJSA-N,2016,Ki,7.903090
SLXIGTACOFFTMI-LLVKDONJSA-N,2016,Ki,5.928118
SLXIGTACOFFTMI-LLVKDONJSA-N,2016,EC50,7.537602
SLXIGTACOFFTMI-LLVKDONJSA-N,2016,EC50,7.742321
SMAIYEDJNYNJCS-UHFFFAOYSA-N,2014,EC50,7.379968
SMAIYEDJNYNJCS-UHFFFAOYSA-N,2014,EC50,7.376751
SMANXXCATUTDDT-QPJJXVBHSA-N,,IC50,6.453457
SMANXXCATUTDDT-QPJJXVBHSA-N,,Ki,6.931814
SMAYDEMZELAUEB-UHFFFAOYSA-N,1995,Ki,5.404504
SMLCPNKOWBEDFF-UHFFFAOYSA-N,2020,Ki,6.044312
SMLCPNKOWBEDFF-UHFFFAOYSA-N,2022,Ki,6.044312
SMNHGHQEQJKZTP-UHFFFAOYSA-N,2019,Ki,6.853872
SMPWWFQZWFWYBE-UHFFFAOYSA-N,2020,IC50,7.732828
SMQKBIDCSTXPMN-FQEVSTJZSA-N,2021,Ki,6.761954
SMQPEHDUZWMGGB-UHFFFAOYSA-N,1998,IC50,6.060481
SMRDWSOUDWTDBN-UHFFFAOYSA-N,2015,Ki,7.638272
SMYALUSCZJXWHG-UHFFFAOYSA-N,2009,Ki,7.207608
SMYXZGAHTSUBQF-UHFFFAOYSA-N,2022,Ki,6.906578
SMYZAAOKKUETMB-SAIGFBBZSA-N,2014,Ki,6.659953
SNDXGGDDBIUIIR-UHFFFAOYSA-N,2014,Ki,7.958607
SNFLVHDMWFYRRB-UHFFFAOYSA-N,2000,Ki,5.853872
SNFLVHDMWFYRRB-UHFFFAOYSA-N,2000,Ki,6.267606
SNFMJRXRMXDLSC-UHFFFAOYSA-N,2008,Ki,6.507240
SNGXJMCNRWUDKR-UHFFFAOYSA-N,2011,Ki,7.847712
SNMHDHJEXUFVCO-FQEVSTJZSA-N,2010,EC50,6.935542
SNMHDHJEXUFVCO-FQEVSTJZSA-N,2010,Ki,6.570248
SNMHDHJEXUFVCO-FQEVSTJZSA-N,2012,EC50,6.935542
SNMHDHJEXUFVCO-FQEVSTJZSA-N,2013,EC50,6.935542
SNOPKYLYYIIGMF-UHFFFAOYSA-N,2017,Ki,5.255081
SNOPKYLYYIIGMF-UHFFFAOYSA-N,2018,Ki,5.255081
SNOYXNAOKVYMSM-UHFFFAOYSA-N,2016,Ki,5.100000
SNOYXNAOKVYMSM-UHFFFAOYSA-N,2020,Ki,5.049976
SNRBZEIEOPCDGZ-UHFFFAOYSA-N,2022,Ki,5.290000
SNRFPPXPEBWCDV-UHFFFAOYSA-N,2011,Ki,8.698970
SNTYDMTYFDXPJP-HXUWFJFHSA-N,2010,Ki,5.698970
SNUCDENVLHQCFH-UHFFFAOYSA-N,2022,Ki,6.559091
SNUVZOMVUQKRMD-UHFFFAOYSA-N,2020,Ki,6.129011
SNUVZOMVUQKRMD-UHFFFAOYSA-N,2022,Ki,6.129011
SNWJEUZQOMWJLV-UHFFFAOYSA-N,1993,Ki,5.312471
SNXPYOZDXRKEER-PMERELPUSA-N,2011,Ki,6.759451
SNXPYOZDXRKEER-SSEXGKCCSA-N,2011,Ki,6.850781
SNXPYOZDXRKEER-UHFFFAOYSA-N,2011,Ki,7.055517
SNXWZKKKYZCZRK-UHFFFAOYSA-N,1992,Ki,5.355758
SNYSIUBLSUQYMK-UHFFFAOYSA-N,2016,Ki,6.492144
SNZALFBBQUAUPG-UHFFFAOYSA-N,2023,Ki,7.136677
SNZALFBBQUAUPG-UHFFFAOYSA-N,2023,Ki,7.397940
SNZBWZJDHITSSV-UHFFFAOYSA-N,2018,Ki,7.431798
SNZILXJFTMMHEQ-UHFFFAOYSA-N,2001,Ki,6.217527
SNZRMVSWDNWUOY-WGSAOQKQSA-N,2014,Ki,7.070888
SOCNUUMMBQZFRK-UHFFFAOYSA-N,2019,Ki,6.120904
SODIABUAKYTHPQ-UHFFFAOYSA-N,2018,Ki,6.723538
SODIABUAKYTHPQ-UHFFFAOYSA-N,2018,IC50,7.086186
SODILGGAOBCWFX-UHFFFAOYSA-N,2002,Ki,5.434152
SOJFIJKCXJMOJO-UHFFFAOYSA-N,2021,Ki,7.180456
SOJFIJKCXJMOJO-UHFFFAOYSA-N,2021,EC50,8.026872
SOJUVNZTSQSTPY-UHFFFAOYSA-N,2020,Ki,5.716699
SOJUVNZTSQSTPY-UHFFFAOYSA-N,2022,Ki,5.716699
SOKNKUMZPAEZEA-DENIHFKCSA-N,2021,Ki,6.063989
SOLVPMUSYQWCJS-UHFFFAOYSA-N,1994,IC50,5.823909
SOMWRASUKKDBSH-HZCBDIJESA-N,2016,Ki,9.376751
SOOXFCTWRLLDMG-UHFFFAOYSA-N,1993,Ki,5.000000
SOPRISPDLYSDTL-UHFFFAOYSA-N,2019,Kd,7.750068
SOPRISPDLYSDTL-UHFFFAOYSA-N,2019,Ki,7.720105
SORKSMKEQFEIIG-UHFFFAOYSA-N,2019,Ki,4.584192
SOTGCULHLGVSKQ-UHFFFAOYSA-N,2016,Ki,6.199998
SOTGCULHLGVSKQ-UHFFFAOYSA-N,2019,Ki,6.209715
SOTGCULHLGVSKQ-UHFFFAOYSA-N,2020,Ki,6.209715
SOUMZFCXQXUPKF-LLVKDONJSA-N,2016,Ki,7.879426
SOUMZFCXQXUPKF-LLVKDONJSA-N,2016,Ki,6.124360
SOUMZFCXQXUPKF-LLVKDONJSA-N,2016,EC50,7.412289
SOUMZFCXQXUPKF-LLVKDONJSA-N,2016,EC50,6.260428
SOXRFGOVSJBYRC-UHFFFAOYSA-N,2023,Ki,5.920819
SOZCVVWRGJYGHC-UHFFFAOYSA-N,2016,IC50,7.259637
SOZSRQNNAHBPJO-UHFFFAOYSA-N,2010,Ki,7.866461
SPBIQVBLOPVLFL-XUTJKUGGSA-N,2017,Ki,8.187755
SPBIQVBLOPVLFL-XUTJKUGGSA-N,2017,Ki,8.187755
SPBJYMYEKPAPLH-NSISKUIASA-N,2012,Ki,6.795880
SPJPXOJVCGSOOK-UHFFFAOYSA-N,1996,IC50,7.530031
SPKYRBCACGSJOI-UHFFFAOYSA-N,2012,Ki,5.377890
SPMHWCSUNSWHDK-UHFFFAOYSA-N,2020,IC50,7.906578
SPMHWCSUNSWHDK-UHFFFAOYSA-N,2020,EC50,7.866461
SPMVURQMVHUPOT-UHFFFAOYSA-N,1991,Ki,8.167491
SPNOQIXRXOSYME-UHFFFAOYSA-N,2020,EC50,5.638272
SPNOQIXRXOSYME-UHFFFAOYSA-N,2023,EC50,5.638272
SPNOQIXRXOSYME-UHFFFAOYSA-N,2023,EC50,5.638272
SPPVESMPRIELSS-UHFFFAOYSA-N,2016,Ki,6.076238
SPVJCKMDCFPHSX-UHFFFAOYSA-N,2002,Ki,5.806875
SPXBIHAHCCAKBB-KNQAVFIVSA-N,2016,Ki,6.480001
SQGAQLIHLZSUNB-UHFFFAOYSA-N,2023,Ki,6.235077
SQGAQLIHLZSUNB-UHFFFAOYSA-N,2023,Ki,6.230003
SQGAQLIHLZSUNB-UHFFFAOYSA-N,2023,EC50,7.270026
SQGAQLIHLZSUNB-UHFFFAOYSA-N,2023,EC50,7.270026
SQGAQLIHLZSUNB-UHFFFAOYSA-N,2023,EC50,8.137272
SQGAQLIHLZSUNB-UHFFFAOYSA-N,2023,EC50,8.140022
SQGWMVXOYSHVTI-UHFFFAOYSA-N,2016,Ki,6.603801
SQGWMVXOYSHVTI-UHFFFAOYSA-N,2016,Ki,6.599998
SQHFBAQRSSHFTD-PTGBLXJZSA-N,2006,Ki,7.190440
SQLGEXQBAJPFNZ-XUTJKUGGSA-N,2013,Ki,6.288193
SQLYEWBPPTXDRF-MEMLXQNLSA-N,1997,Ki,7.782516
SQMUNKWOFRBGIX-UHFFFAOYSA-N,1996,Ki,6.518557
SQNAJQXEBGOWSC-UHFFFAOYSA-N,2000,Ki,5.593460
SQQYHALTXOFUNG-UHFFFAOYSA-N,2007,Ki,6.900009
SQRMELSMCDEARL-IYARVYRRSA-N,2013,Ki,6.113453
SQYPQMRQPRGYNU-UHFFFAOYSA-N,2010,Ki,8.025028
SQYZBSPQNGOKJY-ACHIHNKUSA-N,2012,EC50,9.356547
SQYZBSPQNGOKJY-MEKGRNQZSA-N,2023,EC50,9.356547
SREQHVVABVWCKT-APWZRJJASA-N,2021,Ki,7.892790
SREQHVVABVWCKT-APWZRJJASA-N,2021,Ki,7.890084
SREQHVVABVWCKT-APWZRJJASA-N,2021,EC50,8.467246
SREQHVVABVWCKT-APWZRJJASA-N,2021,EC50,8.470057
SREQHVVABVWCKT-APWZRJJASA-N,2021,EC50,8.080922
SREQHVVABVWCKT-APWZRJJASA-N,2021,EC50,8.079981
SREQHVVABVWCKT-APWZRJJASA-N,2021,EC50,8.692504
SREQHVVABVWCKT-APWZRJJASA-N,2021,EC50,8.689944
SREQHVVABVWCKT-QFBILLFUSA-N,2021,Ki,6.498941
SREQHVVABVWCKT-QFBILLFUSA-N,2021,Ki,6.499997
SREQHVVABVWCKT-QFBILLFUSA-N,2021,EC50,6.705093
SREQHVVABVWCKT-QFBILLFUSA-N,2021,EC50,6.710010
SREQHVVABVWCKT-QFBILLFUSA-N,2021,EC50,7.154282
SREQHVVABVWCKT-QFBILLFUSA-N,2021,EC50,7.150028
SREQHVVABVWCKT-QFBILLFUSA-N,2024,Ki,7.892790
SREQHVVABVWCKT-QFBILLFUSA-N,2024,EC50,8.692504
SREQHVVABVWCKT-UHFFFAOYSA-N,2021,Ki,7.482804
SREQHVVABVWCKT-UHFFFAOYSA-N,2021,Ki,7.480041
SREQHVVABVWCKT-UHFFFAOYSA-N,2021,EC50,8.580044
SREQHVVABVWCKT-UHFFFAOYSA-N,2021,EC50,8.580044
SREQHVVABVWCKT-UHFFFAOYSA-N,2021,EC50,7.823909
SREQHVVABVWCKT-UHFFFAOYSA-N,2021,EC50,7.819874
SRFNDHKXJPAPGT-SNAWJCMRSA-N,2021,Ki,6.343040
SRFNDHKXJPAPGT-SNAWJCMRSA-N,2021,Ki,6.339998
SRFNDHKXJPAPGT-SNAWJCMRSA-N,2021,EC50,7.640165
SRFNDHKXJPAPGT-SNAWJCMRSA-N,2021,EC50,7.639975
SRFNDHKXJPAPGT-SNAWJCMRSA-N,2021,EC50,7.212540
SRFNDHKXJPAPGT-SNAWJCMRSA-N,2021,EC50,7.219971
SRHQZJRKCSXSCP-UHFFFAOYSA-N,2005,Ki,7.739929
SRKMMWQNEAUSLE-UHFFFAOYSA-N,1998,IC50,5.008774
SROBMKRRHVLVHU-UHFFFAOYSA-N,2010,Ki,9.057000
SRQDVOBYDYOTOQ-UHFFFAOYSA-N,2006,Ki,5.522879
SRQHWWYGAZAWQB-HZPDHXFCSA-N,2009,Ki,6.099999
SRUJXUCEPJSKMZ-UHFFFAOYSA-N,2019,Ki,5.782253
SRVIPQXGTQCEKQ-SDNWHVSQSA-N,2006,Ki,5.795880
SRVOWVHRVJSZKO-UHFFFAOYSA-N,2010,Ki,6.000000
SRVOWVHRVJSZKO-UHFFFAOYSA-N,2010,Ki,6.799998
SRZBALGZTDLNCE-XUTJKUGGSA-N,2014,Ki,7.215811
SSEVMIWXQHHFRF-UHFFFAOYSA-N,2007,Ki,7.419988
SSFLFRPKMGNFFZ-UHFFFAOYSA-N,2016,Ki,5.809949
SSFMZMLRDNPXOT-AOJFSQSVSA-N,2003,Ki,7.100015
SSFUEESLMPEJHL-UHFFFAOYSA-N,2022,Ki,6.259637
SSKRZOVNWRTPKN-ONEGZZNKSA-N,2013,Ki,7.473661
SSMBSCUSIUNOPU-UHFFFAOYSA-N,2010,Ki,6.900009
SSTFAQARXUDMNY-IRJFHVNHSA-N,2013,Ki,5.830000
SSTFAQARXUDMNY-IRJFHVNHSA-N,2019,EC50,7.130768
SSTFAQARXUDMNY-IRJFHVNHSA-N,2019,EC50,6.623423
SSTFAQARXUDMNY-IRJFHVNHSA-N,2019,EC50,7.130006
SSTFAQARXUDMNY-IRJFHVNHSA-N,2019,EC50,6.620006
SSVIIFPCYYWMIA-LASHMREHSA-N,2013,Ki,4.376751
SSVIIFPCYYWMIA-LASHMREHSA-N,2013,Ki,4.638272
SSZMVCXZZWIPDF-UHFFFAOYSA-N,2016,Ki,7.283997
STAISUAHBRKLLH-MEMLXQNLSA-N,2007,Ki,7.236572
STAISUAHBRKLLH-OYRHEFFESA-N,2007,Ki,6.366532
STAVWPPMEYFUSB-LYXWCMDISA-N,2022,Ki,6.259637
STBOGIYRSOVWPV-WUJWULDRSA-N,2009,Ki,7.000000
STFIELBPKGAKNX-UHFFFAOYSA-N,1996,EC50,9.301030
STFWZQBPNBNMOE-UHFFFAOYSA-N,2020,EC50,5.207608
STFWZQBPNBNMOE-UHFFFAOYSA-N,2023,EC50,5.207608
STFWZQBPNBNMOE-UHFFFAOYSA-N,2023,EC50,5.207608
STGBYQRLSYKRRZ-KKLWWLSJSA-N,2013,IC50,5.360514
STGBYQRLSYKRRZ-KKLWWLSJSA-N,2013,EC50,6.402305
STHXBYBOTUFDBJ-UHFFFAOYSA-N,2015,Ki,6.744727
STIRDGXSGQTCAJ-UHFFFAOYSA-N,2002,Ki,4.356547
STIRDGXSGQTCAJ-UHFFFAOYSA-N,2002,Ki,4.346787
STIRDGXSGQTCAJ-UHFFFAOYSA-N,2021,Ki,4.356547
STIWHEMFVTWALB-LAUBAEHRSA-N,2019,Ki,5.779892
STIWHEMFVTWALB-LAUBAEHRSA-N,2019,Ki,6.279841
STIWHEMFVTWALB-LAUBAEHRSA-N,2020,Ki,6.279841
STIWHEMFVTWALB-UHFFFAOYSA-N,2016,Ki,6.299998
STIWHEMFVTWALB-UHFFFAOYSA-N,2016,Ki,5.800001
STIWHEMFVTWALB-UHFFFAOYSA-N,2016,Ki,6.199998
STIWHEMFVTWALB-UHFFFAOYSA-N,2019,Ki,6.250264
STIWHEMFVTWALB-UHFFFAOYSA-N,2020,Ki,6.250264
STIWHEMFVTWALB-UTKZUKDTSA-N,2020,Ki,5.779892
STSNDGBQWCJPOF-JOCHJYFZSA-N,2018,Ki,7.823909
STSNDGBQWCJPOF-QFIPXVFZSA-N,2018,Ki,7.958607
STZIWXJYZJCDMR-UHFFFAOYSA-N,2016,Ki,6.688246
SUATVGXCTNKNQW-UAPYVXQJSA-N,2014,Ki,6.393941
SUBIJFYEXXITCD-UHFFFAOYSA-N,2000,Ki,4.552842
SUBIJFYEXXITCD-UHFFFAOYSA-N,2000,Ki,4.709965
SUBRNIMHHUWIJU-UHFFFAOYSA-N,1994,IC50,7.000000
SUBRNIMHHUWIJU-UHFFFAOYSA-N,1994,IC50,6.853872
SUBVUQDWHHIJCY-AQYVVDRMSA-N,2014,Ki,6.404063
SUDIGTAQRKSJKD-UHFFFAOYSA-N,2014,Ki,6.919987
SUEOEIAHHKQAOM-UHFFFAOYSA-N,2022,Ki,6.149997
SUGHICCAJLONJR-WKILWMFISA-N,2013,Ki,6.111652
SUJGOAOWFMOBBD-UHFFFAOYSA-N,2017,Ki,7.226945
SUJGOAOWFMOBBD-UHFFFAOYSA-N,2018,Ki,7.226945
SUMKBFVXRDCDIJ-UHFFFAOYSA-N,2002,Ki,7.200659
SUOCMIKXLFKQTH-RUZDIDTESA-N,1997,Ki,7.599980
SUOCMIKXLFKQTH-UHFFFAOYSA-N,1997,Ki,7.400008
SUOCMIKXLFKQTH-UHFFFAOYSA-N,1996,Ki,7.400008
SUOCMIKXLFKQTH-UHFFFAOYSA-N,1997,Ki,7.400008
SUOCMIKXLFKQTH-VWLOTQADSA-N,1997,Ki,7.000000
SUPQFIADWRBCSZ-UHFFFAOYSA-N,2020,IC50,6.978811
SUQMUSUDBYIFKM-UHFFFAOYSA-N,2014,EC50,7.550059
SUQMUSUDBYIFKM-UHFFFAOYSA-N,2014,EC50,7.552842
SURYSMJVQLKAOF-UHFFFAOYSA-N,2021,Ki,5.553152
SURYSMJVQLKAOF-UHFFFAOYSA-N,2021,Ki,5.550000
SUTCZLHSJOQUEU-KESTWPANSA-N,2023,Ki,6.022276
SUYNNRLZQGBZKP-AQYVVDRMSA-N,2014,Ki,6.267606
SVAAEZGFWVDPDN-UHFFFAOYSA-N,1999,Ki,6.045757
SVCSCOQWJKNMQT-UHFFFAOYSA-N,2011,Ki,7.283997
SVCSCOQWJKNMQT-UHFFFAOYSA-N,2011,Ki,7.173925
SVJMLYUFVDMUHP-XIFFEERXSA-N,2024,Ki,6.553401
SVLJLEACLLUCRC-UHFFFAOYSA-N,2010,EC50,8.100015
SVLJLEACLLUCRC-UHFFFAOYSA-N,2010,Ki,7.000000
SVLOBFJUUCMSOY-UHFFFAOYSA-N,2010,Ki,6.449772
SVLOMAHKFFJJIC-UHFFFAOYSA-N,2010,Ki,8.251812
SVMKGKAFODEYNT-ZHACJKMWSA-N,2003,Ki,7.954677
SVNHSWOLAOCSKO-UHFFFAOYSA-N,2009,Ki,6.799998
SVNHWLZUROYKTP-LADGPHEKSA-N,2010,Ki,6.247184
SVODCKBJAYKLJL-VQIMIIECSA-N,2021,Ki,6.379864
SVONVXKDHRPGFI-UAPYVXQJSA-N,2013,Ki,6.583359
SVPFZRJDQVOOKQ-WGSAOQKQSA-N,2023,Ki,6.319664
SVPFZRJDQVOOKQ-WGSAOQKQSA-N,2023,EC50,9.130006
SVPFZRJDQVOOKQ-WGSAOQKQSA-N,2023,EC50,9.124939
SVPFZRJDQVOOKQ-WGSAOQKQSA-N,2023,EC50,7.960189
SVPFZRJDQVOOKQ-WGSAOQKQSA-N,2023,EC50,7.957818
SVQJCNSOIUXANV-IYARVYRRSA-N,2016,Ki,7.585027
SVQMUKSPRVEFME-YIQCUVMYSA-N,2023,Ki,5.920819
SVQZVYLEABSIDJ-UHFFFAOYSA-N,2006,Ki,5.301030
SVRPCXIKUIQHAL-UHFFFAOYSA-N,2016,Ki,6.145694
SVSNQBMLUDOWHS-UHFFFAOYSA-N,2013,Ki,6.299296
SVXBXQKSARCENJ-UHFFFAOYSA-N,2021,Ki,8.167491
SVZPIQVLXWJEGM-UHFFFAOYSA-N,2023,Ki,5.840433
SWBDXLYGHQRFIV-WGSAOQKQSA-N,2020,Ki,6.036212
SWBDXLYGHQRFIV-WGSAOQKQSA-N,2022,Ki,6.036212
SWEZRIWMOXWKPT-UHFFFAOYSA-N,2010,Ki,7.684030
SWEZRIWMOXWKPT-UHFFFAOYSA-N,2010,Ki,8.425969
SWEZRIWMOXWKPT-UHFFFAOYSA-N,2010,Ki,7.860121
SWEZRIWMOXWKPT-UHFFFAOYSA-N,2010,EC50,8.345823
SWGWJQBPCJEQJC-UHFFFAOYSA-N,2002,IC50,5.020000
SWIWUIRVOIOIIY-IBGZPJMESA-N,2011,IC50,5.500000
SWJLWIJZJNINRM-UHFFFAOYSA-N,2024,Ki,5.363111
SWKDCCLYHAYMLD-UHFFFAOYSA-N,2005,Ki,7.259637
SWLJBNUUUMFEOK-UHFFFAOYSA-N,1996,Ki,6.900009
SWLJBNUUUMFEOK-UHFFFAOYSA-N,2007,Ki,6.899629
SWMWIPKNFRXYGJ-UHFFFAOYSA-N,2016,Ki,8.165579
SWVCTRVZUDUHBL-QGZVFWFLSA-N,1996,Ki,6.000000
SWVJRJRXEHXEBT-UHFFFAOYSA-N,2020,Ki,5.944622
SWVJRJRXEHXEBT-UHFFFAOYSA-N,2022,Ki,5.944622
SWVPHOUVSKYIGL-UHFFFAOYSA-N,2023,Ki,7.156767
SWYRWYLIJXJVNV-HCGLCNNCSA-N,2013,Ki,6.000695
SWZJPLIVZNKLDQ-AFARHQOCSA-N,2017,Ki,8.241845
SWZJPLIVZNKLDQ-AFARHQOCSA-N,2017,Ki,8.241845
SXCVVYUSUGUSMW-UHFFFAOYSA-N,2013,Ki,7.430626
SXEFYDAWADNVLU-UHFFFAOYSA-N,2002,Ki,6.677781
SXEPPXITHUOXQU-UHFFFAOYSA-N,2020,IC50,6.665546
SXICCGPFVRVNMD-UHFFFAOYSA-N,2011,Ki,5.045757
SXICCGPFVRVNMD-UHFFFAOYSA-N,2011,Ki,5.214670
SXLLFTLZFDWMJK-UHFFFAOYSA-N,2014,Ki,8.481486
SXLLFTLZFDWMJK-UHFFFAOYSA-N,2014,Ki,8.585027
SXMSOKPOUASFOI-WGSAOQKQSA-N,2017,Ki,8.512862
SXMSOKPOUASFOI-WGSAOQKQSA-N,2017,Ki,8.512862
SXPYSSKUDFLFIQ-UHFFFAOYSA-N,2022,Ki,6.863279
SXSCQNHPXUWSQP-UHFFFAOYSA-N,1997,Ki,7.000000
SXVZDDYARZWATR-KRWDZBQOSA-N,2008,Ki,7.000000
SXZZTULBSXSKDD-AFARHQOCSA-N,2023,Ki,5.958607
SYACUACTNAGKMI-UHFFFAOYSA-N,2018,Ki,6.578396
SYEUZBHYJOPLBK-QGOAFFKASA-N,2007,Ki,6.016374
SYKWSIUDXOQIDR-UHFFFAOYSA-N,2020,EC50,4.989997
SYKWSIUDXOQIDR-UHFFFAOYSA-N,2020,EC50,4.990000
SYKWSIUDXOQIDR-UHFFFAOYSA-N,2020,Ki,6.468521
SYKWSIUDXOQIDR-UHFFFAOYSA-N,2020,Ki,6.470005
SYKWSIUDXOQIDR-UHFFFAOYSA-N,2020,Ki,7.410050
SYNVRTSQXKBCOU-UHFFFAOYSA-N,2020,Ki,6.389979
SYOADIUGRJTHHU-UHFFFAOYSA-N,2010,Ki,7.100015
SYUUHJHHENNOEK-UHFFFAOYSA-N,2017,Ki,6.131944
SYUUHJHHENNOEK-UHFFFAOYSA-N,2018,Ki,6.131944
SYVDJXDQBYVOLF-UHFFFAOYSA-N,2021,Ki,7.029979
SYYIAXPMUWTBLV-KRWDZBQOSA-N,2020,Ki,6.980012
SYYIAXPMUWTBLV-QGZVFWFLSA-N,2020,Ki,7.500038
SYYRUOMUJYFAJE-UHFFFAOYSA-N,2017,Ki,6.307153
SZFUWLHTOXSEDK-UHFFFAOYSA-N,2017,Ki,8.356547
SZOCKYDZSPRJPT-UHFFFAOYSA-N,2021,Ki,4.747147
SZOQFKJMAIDYBY-UHFFFAOYSA-N,2021,Ki,8.698970
SZPIIWGXDQICFN-UHFFFAOYSA-N,2018,IC50,6.524329
SZTHJRLWJXYLME-UHFFFAOYSA-N,2019,Ki,8.489991
SZUYGMQMOXSGAH-IYARVYRRSA-N,2020,Ki,6.420216
SZUYGMQMOXSGAH-IYARVYRRSA-N,2022,Ki,6.420216
TTWGDSSADVBNQY-UHFFFAOYSA-N,2021,Ki,5.913996
TTWGDSSADVBNQY-UHFFFAOYSA-N,2021,Ki,5.899998
TTWGDSSADVBNQY-UHFFFAOYSA-N,2023,Ki,5.913996
TTWJBBZEZQICBI-UHFFFAOYSA-N,,IC50,6.896196
TTWJBBZEZQICBI-UHFFFAOYSA-N,,Ki,7.376751
TTWJBBZEZQICBI-UHFFFAOYSA-N,2015,Ki,7.193820
TTWNKLQDNLHBQI-NEAURRHBSA-N,2015,Ki,6.996109
TTXOPRUKWVBAAD-UHFFFAOYSA-N,2020,Ki,6.943095
TTXOPRUKWVBAAD-UHFFFAOYSA-N,2022,Ki,6.943095
TTYSBVYYRWWKNF-UHFFFAOYSA-N,2009,Ki,6.299998
TTZNELRVLAJFTQ-HDICACEKSA-N,2002,Ki,5.064493
TUCVLDGVHWFVIS-WGSAOQKQSA-N,2014,Ki,6.864645
TUDBHIHVRZUNSF-UHFFFAOYSA-N,2015,Ki,7.958607
TUFADSGTJUOBEH-ZWNOBZJWSA-N,2007,EC50,8.698970
TUFADSGTJUOBEH-ZWNOBZJWSA-N,2015,EC50,7.346787
TUFADSGTJUOBEH-ZWNOBZJWSA-N,2015,EC50,7.349984
TUFADSGTJUOBEH-ZWNOBZJWSA-N,2014,EC50,7.349984
TUFADSGTJUOBEH-ZWNOBZJWSA-N,2014,EC50,7.346787
TUHWCWZHGQPAEF-HNKWHGCMSA-N,2014,Ki,7.465213
TULCHGQYHOEOOE-CCEZHUSRSA-N,2002,Ki,6.015923
TULOEXKDPBREQC-UHFFFAOYSA-N,2020,Ki,6.061981
TULOEXKDPBREQC-UHFFFAOYSA-N,2022,Ki,6.061981
TUSPVTWVRDALHT-UHFFFAOYSA-N,2012,Ki,5.990974
TUSPVTWVRDALHT-UHFFFAOYSA-N,2021,Ki,5.990974
TUSPVTWVRDALHT-UHFFFAOYSA-N,2021,Ki,5.990001
TUSYNOYQWBWIFT-IAGOWNOFSA-N,2009,Ki,6.109998
TUTKZANFXFVKEG-UHFFFAOYSA-N,2017,Ki,5.174055
TUTLRKKYUXPDGN-HNNXBMFYSA-N,2013,Ki,6.838632
TUTLRKKYUXPDGN-HNNXBMFYSA-N,2013,IC50,6.000000
TUTLRKKYUXPDGN-HNNXBMFYSA-N,2017,Ki,7.308035
TUVRDSTTWFDDHW-UHFFFAOYSA-N,1998,Ki,8.096910
TUVXDPMBDGZXNH-UHFFFAOYSA-N,2019,IC50,7.600326
TUZMIWVHPWQEBK-UHFFFAOYSA-N,2007,Ki,6.603801
TUZNGRNEPJAFOL-UHFFFAOYSA-N,2014,Ki,6.044793
TUZNGRNEPJAFOL-UHFFFAOYSA-N,2014,Ki,6.050000
TVCLMCWUAJMAEI-UHFFFAOYSA-N,2010,Ki,8.850781
TVKYQCPWDDYVLL-KESTWPANSA-N,2013,Ki,6.549997
TVMNFBNOOMKBOO-UHFFFAOYSA-N,2007,Ki,5.899998
TVMPFYXRKKJWDF-UHFFFAOYSA-N,2012,Ki,7.387216
TVMUAXPFJKYAST-UHFFFAOYSA-N,2019,Ki,5.226214
TVMUAXPFJKYAST-UHFFFAOYSA-N,2019,Ki,7.095284
TVMUAXPFJKYAST-UHFFFAOYSA-N,2019,EC50,7.300162
TVMUAXPFJKYAST-UHFFFAOYSA-N,2019,EC50,5.605548
TVMUAXPFJKYAST-UHFFFAOYSA-N,2019,IC50,5.117646
TVPLPJXYUREZIM-UHFFFAOYSA-N,2017,Ki,7.004365
TVTKXMSEQXXPJA-NRFANRHFSA-N,2018,Ki,9.301030
TVTKXMSEQXXPJA-OAQYLSRUSA-N,2018,Ki,9.522879
TVTNBOZUNDIPJR-UHFFFAOYSA-N,2020,Ki,8.677781
TVUCFWYHYFWZFI-UHFFFAOYSA-N,2007,Ki,5.537602
TVUOUHQBOXWHNG-UHFFFAOYSA-N,2022,Ki,7.124939
TVURRHSHRRELCG-UHFFFAOYSA-N,1998,Ki,6.091515
TVWNOPFEOFGKFJ-UHFFFAOYSA-N,2011,Ki,7.557520
TVWNOPFEOFGKFJ-UHFFFAOYSA-N,2019,Ki,9.769551
TVXRQXMYFWHHQS-UHFFFAOYSA-N,2016,Ki,5.707966
TVYKKVMHDGSECW-OAQYLSRUSA-N,1996,Ki,6.632644
TVYKKVMHDGSECW-OAQYLSRUSA-N,2001,Ki,6.632644
TVZBVRPQPBYWDJ-UONOGXRCSA-N,2021,Ki,8.721246
TWAGQMOSGNQWTA-WDRWKGISSA-N,2022,Ki,6.136677
TWAJXJHCRRIGAN-UHFFFAOYSA-N,2000,Ki,5.468521
TWCRFNBRBHKABU-UHFFFAOYSA-N,2019,Ki,7.136677
TWCRFNBRBHKABU-UHFFFAOYSA-N,2019,Ki,7.337242
TWLLJXZOTXAUCG-UHFFFAOYSA-N,2005,Ki,7.823909
TWPGFOWTCCVBGS-VMPREFPWSA-N,1998,Ki,6.000000
TWQROZICHMTHNN-UHFFFAOYSA-N,2007,Ki,7.420216
TWQROZICHMTHNN-UHFFFAOYSA-N,2007,Ki,8.387216
TWQROZICHMTHNN-UHFFFAOYSA-N,2021,Ki,7.420216
TWVIJESEEXGVPP-UHFFFAOYSA-N,2000,Ki,5.508638
TWVIJESEEXGVPP-UHFFFAOYSA-N,2000,Ki,6.537602
TWVIJESEEXGVPP-UHFFFAOYSA-N,2006,Ki,6.537602
TWVIJESEEXGVPP-UHFFFAOYSA-N,2006,Ki,5.508638
TWVIJESEEXGVPP-UHFFFAOYSA-N,2021,Ki,5.508638
TXDNMFSXILPGFK-UHFFFAOYSA-N,2011,Ki,6.554396
TXDNMFSXILPGFK-UHFFFAOYSA-N,2011,IC50,5.795880
TXEGIIUTZDNUKA-GCJKJVERSA-N,2016,Ki,6.279998
TXEGIIUTZDNUKA-GCJKJVERSA-N,2019,Ki,6.679854
TXEGIIUTZDNUKA-GCJKJVERSA-N,2019,Ki,7.010105
TXJCSVPVPOVNIL-UHFFFAOYSA-N,2004,Ki,6.096910
TXJZKUBFJGPDAH-FQEVSTJZSA-N,2016,EC50,9.568636
TXKBPYNMEJESGE-KPKJPENVSA-N,1994,Ki,6.617983
TXMVXDBYJCUQJD-UHFFFAOYSA-N,2014,Ki,8.050610
TXMVXDBYJCUQJD-UHFFFAOYSA-N,2014,Ki,8.173925
TXMVXDBYJCUQJD-UHFFFAOYSA-N,2014,EC50,7.010017
TXMVXDBYJCUQJD-UHFFFAOYSA-N,2014,EC50,7.008774
TXNIRSWZVDUVJR-UHFFFAOYSA-N,2015,Ki,7.119186
TXPWWEBUZHUGQI-UHFFFAOYSA-N,2010,Ki,6.900009
TXPWWEBUZHUGQI-UHFFFAOYSA-N,2010,Ki,6.900009
TXTILBTZVJQWSG-UHFFFAOYSA-N,2010,Ki,4.698970
TXTILBTZVJQWSG-UHFFFAOYSA-N,2010,Ki,4.267606
TXVUROLPUDSHNS-GMIKAHHASA-N,2015,Kd,6.397940
TXVUROLPUDSHNS-GMIKAHHASA-N,2015,Kd,4.853872
TXVUROLPUDSHNS-IRUKTGRDSA-N,2015,Kd,6.552842
TXVUROLPUDSHNS-IRUKTGRDSA-N,2015,Kd,5.045757
TXVUROLPUDSHNS-XHUJMWDFSA-N,2015,Kd,6.698970
TXVUROLPUDSHNS-XHUJMWDFSA-N,2015,Kd,5.397940
TXYPYDVBBSFEGP-UHFFFAOYSA-N,1997,Ki,5.879426
TXYPYDVBBSFEGP-UHFFFAOYSA-N,2005,Ki,5.879999
TYDLJGLEGXSDIM-PICJASKTSA-N,2015,Ki,7.393619
TYDUDPVGSUDIDV-UHFFFAOYSA-N,2017,Ki,7.107905
TYDUDPVGSUDIDV-UHFFFAOYSA-N,2017,Ki,7.337242
TYDUDPVGSUDIDV-UHFFFAOYSA-N,2017,EC50,6.431798
TYDUDPVGSUDIDV-UHFFFAOYSA-N,2017,EC50,7.045757
TYDUDPVGSUDIDV-UHFFFAOYSA-N,2017,EC50,6.602060
TYHIPEJQVKIDKD-ONEGZZNKSA-N,2005,Ki,8.130768
TYIIYIRHCHVCLI-UHFFFAOYSA-N,2000,Ki,6.161151
TYIIYIRHCHVCLI-UHFFFAOYSA-N,2000,Ki,6.481486
TYJIKVPYZAVEMZ-UHFFFAOYSA-N,2012,Ki,6.408935
TYJIKVPYZAVEMZ-UHFFFAOYSA-N,2014,Ki,6.408935
TYJMYUYKJNIAGF-UHFFFAOYSA-N,2013,Ki,6.864549
TYKXLUMYKFFSJE-UHFFFAOYSA-N,2019,Ki,7.588380
TYKZFVYOFIERGU-UHFFFAOYSA-N,2020,IC50,5.158954
TYNGMNWXSRTYJA-UHFFFAOYSA-N,2021,Ki,5.906578
TYPSVDGIQAOBAD-DZGCQCFKSA-N,2024,IC50,5.602060
TYQWGVAKEMWBPU-UHFFFAOYSA-N,2023,Ki,6.543634
TYTUURCCMHKELI-UHFFFAOYSA-N,1994,Ki,6.694649
TYUKINNXLNULMD-UHFFFAOYSA-N,2021,Ki,6.230003
TYUKINNXLNULMD-UHFFFAOYSA-N,2021,EC50,5.530000
TYXBCJTVAOMGMN-UHFFFAOYSA-N,2019,IC50,7.962574
TYYIXERJKMDZBL-FQNRMIAFSA-N,1994,Ki,7.008774
TYYIXERJKMDZBL-FQNRMIAFSA-N,1994,Ki,6.728158
TYZKGCIDJUPIPC-IYARVYRRSA-N,2013,Ki,6.787812
TZDQKZXAVLFVAU-UHFFFAOYSA-N,2023,Ki,6.029188
TZDQKZXAVLFVAU-UHFFFAOYSA-N,2023,Ki,6.020001
TZDQKZXAVLFVAU-UHFFFAOYSA-N,2023,EC50,5.573651
TZDQKZXAVLFVAU-UHFFFAOYSA-N,2023,EC50,5.570001
TZDQKZXAVLFVAU-UHFFFAOYSA-N,2023,EC50,6.903090
TZDQKZXAVLFVAU-UHFFFAOYSA-N,2023,EC50,6.869988
TZDYPFYPZGPSPS-MOPGFXCFSA-N,2023,Ki,7.772113
TZDYPFYPZGPSPS-OALUTQOASA-N,2023,Ki,6.098542
TZDYPFYPZGPSPS-RBUKOAKNSA-N,2023,Ki,7.730487
TZDYPFYPZGPSPS-RTBURBONSA-N,2023,Ki,5.628009
TZFCALVMYKNULT-UHFFFAOYSA-N,2003,Ki,7.327902
TZFKQPVOFBQHAZ-UHFFFAOYSA-N,2020,Ki,5.941954
TZFNGJBTMKSJFD-UHFFFAOYSA-N,2015,Ki,6.372634
TZHDOGYRHPETAK-JCNLHEQBSA-N,2023,Ki,6.107905
TZJUVVIWVWFLCD-UHFFFAOYSA-N,2006,Ki,6.958607
TZJUVVIWVWFLCD-UHFFFAOYSA-N,2019,Ki,5.912219
TZJUVVIWVWFLCD-UHFFFAOYSA-N,2021,Ki,5.912219
TZJYXVGLMBIOAB-MRXNPFEDSA-N,1993,Ki,8.455932
TZKOWTJXSWSPFS-UHFFFAOYSA-N,2020,Ki,6.302596
TZMNVWQJGVVEND-AZUAARDMSA-N,2010,Ki,6.034798
TZNPVAAHDJDERS-UHFFFAOYSA-N,2014,EC50,6.659992
TZNPVAAHDJDERS-UHFFFAOYSA-N,2014,EC50,6.659556
TZQRQWWAQZCVET-UHFFFAOYSA-N,2009,Ki,7.000000
TZQRQWWAQZCVET-UHFFFAOYSA-N,2009,Ki,7.000000
TZQRQWWAQZCVET-UHFFFAOYSA-N,2009,Ki,7.000000
TZSSKMRYKLQTBG-LOBZBEHPSA-N,2015,Ki,6.351738
TZTPNIBCXONRKH-UHFFFAOYSA-N,2020,Ki,6.828859
TZTWEGASAJHAME-UHFFFAOYSA-N,2020,Ki,6.420216
TZTXMZAJTSHRRT-UHFFFAOYSA-N,2023,Ki,7.065502
TZTXMZAJTSHRRT-UHFFFAOYSA-N,2023,Ki,7.337242
TZVCFPAWFHTJGC-UHFFFAOYSA-N,2022,Ki,6.879986
TZVLEJPHIWREPX-UHFFFAOYSA-N,2015,Ki,7.100727
TZZKWSLLNPOOCC-UHFFFAOYSA-N,2009,Ki,6.995679
UAADKSLJJWMEKI-VFWABUEKSA-N,2003,Ki,6.399997
UADTYZMGZVMEQD-KOMQPUFPSA-N,2019,EC50,8.522879
UADTYZMGZVMEQD-KOMQPUFPSA-N,2019,EC50,8.698970
UADTYZMGZVMEQD-KOMQPUFPSA-N,2019,EC50,8.580044
UADTYZMGZVMEQD-KOMQPUFPSA-N,2019,EC50,8.619970
UAFMEIHFRQARQG-VFUBLZDWSA-N,2020,EC50,5.958607
UAILOOIRJOOOAV-UHFFFAOYSA-N,2015,Ki,8.443697
UAILOOIRJOOOAV-UHFFFAOYSA-N,2015,EC50,7.568636
UAILOOIRJOOOAV-UHFFFAOYSA-N,2015,EC50,8.318759
UAJAPWHTZWZLBT-UHFFFAOYSA-N,2019,Kd,9.840132
UAJAPWHTZWZLBT-UHFFFAOYSA-N,2019,Ki,9.920096
UAJYHPWCBGWDNL-UHFFFAOYSA-N,2007,Ki,7.500038
UAKDULMGTDUKRO-UHFFFAOYSA-N,2001,Ki,6.032920
UAKHJBZICLWRCE-MRXNPFEDSA-N,1996,Ki,5.995679
UANZODATMICVSM-UHFFFAOYSA-N,2019,Ki,7.086186
UAORLSRHSCKPEH-UHFFFAOYSA-N,2011,Ki,7.420216
UAORLSRHSCKPEH-UHFFFAOYSA-N,2011,Ki,7.657577
UAUFQSWRILFVLL-UHFFFAOYSA-N,2020,Ki,6.684030
UAUFQSWRILFVLL-UHFFFAOYSA-N,2022,Ki,6.684030
UAVOWOKUOJZVHZ-YLIUREIVSA-N,2014,Ki,7.776764
UAWALOZYZRTVNF-UHFFFAOYSA-N,2007,Ki,6.696804
UAWALOZYZRTVNF-UHFFFAOYSA-N,2007,EC50,6.585027
UAYHHCOSZYIZOH-UHFFFAOYSA-N,2019,Ki,5.286930
UBDCKKJDVOIVBV-UHFFFAOYSA-N,2020,Ki,5.456677
UBEFEBGEUSHFSH-UHFFFAOYSA-N,2014,Ki,8.283997
UBEYCBQVUSZUDM-KRWDZBQOSA-N,2014,Ki,6.721269
UBFCDXVLKFOOGL-UHFFFAOYSA-N,2007,Ki,7.508638
UBFCDXVLKFOOGL-UHFFFAOYSA-N,2007,Ki,7.568636
UBJZOEGGDIOBGH-FQEVSTJZSA-N,2018,Ki,8.000000
UBLOWVVYFMMWMS-YOCNBXQISA-N,2013,Ki,5.272459
UBNDBTRGSCEYOS-UHFFFAOYSA-N,2018,Ki,6.337242
UBPODDPFCZVNDC-UHFFFAOYSA-N,2006,Ki,7.064493
UBUBRLUXOGROJH-JTQLQIEISA-N,2010,IC50,7.700057
UBVIOCBVSSEHAS-UHFFFAOYSA-N,2006,Ki,5.418164
UBVTUPXDRIQNKR-UHFFFAOYSA-N,2006,Ki,9.004365
UBVTUPXDRIQNKR-UHFFFAOYSA-N,2006,Ki,9.886057
UBVYCNOXGQYSRQ-QGZVFWFLSA-N,2003,Ki,6.744727
UBVYCNOXGQYSRQ-QGZVFWFLSA-N,2003,Ki,6.886057
UBVYCNOXGQYSRQ-QGZVFWFLSA-N,2003,Ki,6.823909
UBVYCNOXGQYSRQ-QGZVFWFLSA-N,2003,Ki,6.823909
UCEGXYYVNUOUTE-UHFFFAOYSA-N,2009,Ki,6.599998
UCFHTPVUEFOLHG-UHFFFAOYSA-N,2015,Ki,6.856985
UCGXXGOWEGSYJJ-UHFFFAOYSA-N,2023,Ki,7.405607
UCGXXGOWEGSYJJ-UHFFFAOYSA-N,2023,Ki,7.400008
UCGXXGOWEGSYJJ-UHFFFAOYSA-N,2023,EC50,8.931814
UCGXXGOWEGSYJJ-UHFFFAOYSA-N,2023,EC50,8.929962
UCGXXGOWEGSYJJ-UHFFFAOYSA-N,2023,EC50,7.882729
UCGXXGOWEGSYJJ-UHFFFAOYSA-N,2023,EC50,7.880085
UCIZFJJDTYKVFG-UHFFFAOYSA-N,2013,Ki,5.664141
UCNUZCBZAAKMDU-VOTSOKGWSA-N,2007,Ki,7.161151
UCNUZCBZAAKMDU-VOTSOKGWSA-N,2007,IC50,6.756962
UCNUZCBZAAKMDU-VOTSOKGWSA-N,2014,IC50,6.756962
UCQNMJXTWOYVNH-UHFFFAOYSA-N,2009,Ki,7.387216
UCRCPOHUGHGPRU-UHFFFAOYSA-N,2001,Ki,7.744727
UCRMCTXHTPNGTQ-KDURUIRLSA-N,2017,Ki,8.756962
UCRMCTXHTPNGTQ-KDURUIRLSA-N,2017,Ki,8.756962
UCRMCTXHTPNGTQ-WGSAOQKQSA-N,2016,Ki,9.366532
UCRMCTXHTPNGTQ-WGSAOQKQSA-N,2017,Ki,9.366532
UCRMCTXHTPNGTQ-WGSAOQKQSA-N,2017,Ki,9.366532
UCSADJSYXSUUQV-UHFFFAOYSA-N,2018,Ki,6.453457
UCSADJSYXSUUQV-UHFFFAOYSA-N,2018,Ki,6.730487
UCTWMZQNUQWSLP-VIFPVBQESA-N,2016,Ki,6.040959
UCUKBRIYXZZGPO-UHFFFAOYSA-N,2022,Ki,7.107905
UCVFOYIRJYVIDW-UHFFFAOYSA-N,2003,Ki,7.638272
UCVFOYIRJYVIDW-UHFFFAOYSA-N,2006,Ki,6.835647
UCVFZVSEYSSSHP-SFHVURJKSA-N,1989,Ki,5.720000
UCVKKWQVIIHPLH-CYBMUJFWSA-N,2001,Ki,6.576754
UCZBYQLMYSGJSK-UHFFFAOYSA-N,2016,Ki,6.393619
UCZGSVBGDCNATF-UHFFFAOYSA-N,2022,Ki,6.259637
UCZYAFAFGFTZEW-CYBMUJFWSA-N,1993,Ki,8.769551
UCZYAFAFGFTZEW-CYBMUJFWSA-N,2016,Ki,7.943095
UCZYAFAFGFTZEW-CYBMUJFWSA-N,2016,EC50,8.596879
UDDOLORLTBTWLQ-KESTWPANSA-N,2014,Ki,6.848109
UDEAASQJJIGOTN-IAGOWNOFSA-N,2009,Ki,5.729999
UDFOPUAGEBDRJQ-UHFFFAOYSA-N,2021,Ki,8.853872
UDFSBKOWQSCWPJ-UHFFFAOYSA-N,2022,Ki,6.200659
UDJZPTLAQVDZMH-UHFFFAOYSA-N,2019,Kd,8.730020
UDJZPTLAQVDZMH-UHFFFAOYSA-N,2019,Ki,8.720105
UDKZGAJICQNPNZ-OWOJBTEDSA-N,2005,Ki,7.659556
UDLOEFIJNKLNAS-UHFFFAOYSA-N,1994,Ki,7.431798
UDLSEQDYARNKTL-HSZRJFAPSA-N,1998,Ki,6.801343
UDLSEQDYARNKTL-QHCPKHFHSA-N,1998,Ki,6.617983
UDLSEQDYARNKTL-QHCPKHFHSA-N,2021,Ki,6.617983
UDOZPIGWNKAYKX-UHFFFAOYSA-N,2014,Ki,6.790485
UDOZPIGWNKAYKX-UHFFFAOYSA-N,2014,IC50,7.221849
UDQMXYJSNNCRAS-UHFFFAOYSA-N,2012,Ki,6.862329
UDQMXYJSNNCRAS-UHFFFAOYSA-N,2014,Ki,5.935542
UDQMXYJSNNCRAS-UHFFFAOYSA-N,2014,Ki,5.940001
UDRACXACDCFKNK-UHFFFAOYSA-N,2018,Ki,5.214670
UDRYBMBEXSTHNJ-UHFFFAOYSA-N,2019,IC50,6.995679
UDUOGLZZYDDSKR-UHFFFAOYSA-N,2010,Ki,8.958607
UDUUCGMSUBUXNS-UHFFFAOYSA-N,2016,Ki,6.599998
UDUUCGMSUBUXNS-UHFFFAOYSA-N,2019,Ki,6.850781
UDUUCGMSUBUXNS-UHFFFAOYSA-N,2019,Ki,6.580044
UDUUCGMSUBUXNS-UHFFFAOYSA-N,2020,Ki,6.850781
UDUUCGMSUBUXNS-UHFFFAOYSA-N,2020,Ki,6.580044
UDVAQYIDEGUIPQ-XZOQPEGZSA-N,2023,Ki,7.896196
UDVBAIMSAZRJGM-FQEVSTJZSA-N,2020,Ki,4.859995
UDVBAIMSAZRJGM-UHFFFAOYSA-N,2016,Ki,5.000000
UDVBAIMSAZRJGM-UHFFFAOYSA-N,2016,Ki,4.900000
UDVBAIMSAZRJGM-UHFFFAOYSA-N,2020,Ki,4.959991
UDYXSPVICNNUPJ-UHFFFAOYSA-N,2019,Ki,6.853872
UDYXSPVICNNUPJ-UHFFFAOYSA-N,2019,Ki,6.958607
UEAPAHNNFSZHMW-CQSZACIVSA-N,2023,IC50,6.070581
UEDMFDWWGVDRAR-UHFFFAOYSA-N,2017,Ki,7.431798
UEDNWQXXCKIYMD-UHFFFAOYSA-N,1999,Ki,7.299989
UEDNWQXXCKIYMD-UHFFFAOYSA-N,1999,Ki,6.299998
UEGXWOAAXGJOTK-LSDHHAIUSA-N,2020,Ki,6.337242
UEGXWOAAXGJOTK-LSDHHAIUSA-N,2022,Ki,6.337242
UEMSZTJJYVOVMY-UHFFFAOYSA-N,2016,Ki,6.024109
UEMSZTJJYVOVMY-UHFFFAOYSA-N,2016,Ki,6.020001
UEOLBOREQLRPTL-DVUVRWKGSA-N,2013,Ki,6.628009
UEOLBOREQLRPTL-QLVMHMETSA-N,2013,Ki,6.547095
UEOLBOREQLRPTL-WJPUGNRLSA-N,2013,Ki,6.679874
UEQUQVLFIPOEMF-UHFFFAOYSA-N,2002,IC50,5.150000
UEQUQVLFIPOEMF-UHFFFAOYSA-N,2002,IC50,5.150000
UEQUQVLFIPOEMF-UHFFFAOYSA-N,2005,Ki,5.658170
UERGTNHPAUDQLE-UHFFFAOYSA-N,2021,Ki,6.790003
UEUHNMQUIFFWEA-AQYVVDRMSA-N,2017,Ki,8.978811
UEUHNMQUIFFWEA-AQYVVDRMSA-N,2017,Ki,8.978811
UFBREGGYAJBGQB-UHFFFAOYSA-N,2002,Ki,5.384471
UFBWHLSYZFQPFL-UHFFFAOYSA-N,2019,Ki,7.982967
UFCMGCDUCCOYEK-UHFFFAOYSA-N,2017,Ki,6.206908
UFCMGCDUCCOYEK-UHFFFAOYSA-N,2018,Ki,6.206908
UFDRKLGFQRVMRE-UHFFFAOYSA-N,2017,Ki,5.139722
UFDRKLGFQRVMRE-UHFFFAOYSA-N,2018,Ki,5.139722
UFFHNEZNXKJHFB-UHFFFAOYSA-N,1999,Ki,6.384050
UFFHNEZNXKJHFB-UHFFFAOYSA-N,2017,Ki,6.384050
UFFHNEZNXKJHFB-UHFFFAOYSA-N,2021,Ki,6.384050
UFFVYLYYQFBQCZ-UHFFFAOYSA-N,2000,Ki,6.876148
UFFVYLYYQFBQCZ-UHFFFAOYSA-N,2017,Ki,6.876148
UFFVYLYYQFBQCZ-UHFFFAOYSA-N,2021,Ki,6.876148
UFIMBHYPDHTMKA-UHFFFAOYSA-N,2018,Ki,5.085657
UFIWJALMIXDJPT-UHFFFAOYSA-N,1996,Ki,7.100015
UFJJQNQMSPBYPJ-UHFFFAOYSA-N,2017,IC50,8.542118
UFMVMASXCZSNCW-XUTJKUGGSA-N,2023,Ki,6.026872
UFOYCFLCNQFALX-UHFFFAOYSA-N,2014,Ki,6.522879
UFTCGRNKZUBROZ-UHFFFAOYSA-N,2016,Ki,5.205512
UFTCGRNKZUBROZ-UHFFFAOYSA-N,2016,Ki,5.889410
UFTIBGSCHURYQF-UHFFFAOYSA-N,1996,Ki,7.148742
UFTZKVBEKDPBGS-SAIGFBBZSA-N,2003,Ki,6.699992
UFUHLGWYZKBMBY-UHFFFAOYSA-N,2023,Ki,6.621602
UFUQIVBOXLXINJ-GHTZIAJQSA-N,2019,Ki,6.369572
UFUQIVBOXLXINJ-GHTZIAJQSA-N,2020,Ki,6.369572
UFUQIVBOXLXINJ-NQIIRXRSSA-N,2019,Ki,5.849858
UFUQIVBOXLXINJ-NQIIRXRSSA-N,2020,Ki,5.849858
UFUQIVBOXLXINJ-UHFFFAOYSA-N,2016,Ki,5.899998
UFUQIVBOXLXINJ-UHFFFAOYSA-N,2016,Ki,6.399997
UFUQIVBOXLXINJ-UHFFFAOYSA-N,2016,Ki,6.099999
UFUQIVBOXLXINJ-UHFFFAOYSA-N,2019,Ki,6.140261
UFUQIVBOXLXINJ-UHFFFAOYSA-N,2020,Ki,6.140261
UFVQFLZDNKHMBP-UHFFFAOYSA-N,1994,Ki,5.848630
UFWPYANZTHOAEN-UHFFFAOYSA-N,1996,Ki,6.000000
UGARFWZIGMXQJJ-DUXKGJEZSA-N,2019,IC50,7.421361
UGARTUSUDTUCHH-MXVIHJGJSA-N,2016,Ki,8.657577
UGAZJRFHXXPSOK-UHFFFAOYSA-N,1999,Ki,7.823909
UGBHWDCXHHTYMY-UAPYVXQJSA-N,1997,Ki,8.301030
UGCFNMABVTZWEE-JCNLHEQBSA-N,2019,EC50,6.889410
UGCFNMABVTZWEE-JCNLHEQBSA-N,2019,EC50,6.890017
UGIQUWZDOMEVPS-UHFFFAOYSA-N,2016,Ki,7.022276
UGKBAMPEXOAPEC-UHFFFAOYSA-N,2014,Ki,7.356547
UGLFHIKMJJMBMO-UHFFFAOYSA-N,2019,IC50,7.181774
UGMMZTANOLIPDJ-UAPYVXQJSA-N,2023,Ki,6.585027
UGNGRDRWDHJJJI-OAHLLOKOSA-N,2010,Ki,6.628932
UGOXZHALYQBPNO-UHFFFAOYSA-N,2019,Ki,4.397506
UGPMJKXBWQUZNC-RVZUZXSLSA-N,2014,Ki,7.337053
UGPOUXCBUMYZLN-VAWYXSNFSA-N,2003,Ki,8.096910
UGRUVQBETHORJS-UHFFFAOYSA-N,2017,Ki,6.016825
UGRUVQBETHORJS-UHFFFAOYSA-N,2018,Ki,6.016825
UGRVOYIHHOLSHQ-UHFFFAOYSA-N,2021,Ki,6.279998
UGRVOYIHHOLSHQ-UHFFFAOYSA-N,2021,EC50,5.949999
UGRYVQVSCSWCQH-UHFFFAOYSA-N,2016,Ki,5.298346
UGXPMUFKPRFZOM-UHFFFAOYSA-N,1994,Ki,5.659159
UGYOAOPLCYFDLB-AQYVVDRMSA-N,2014,Ki,5.317075
UHAMUBGOQVPGGQ-UHFFFAOYSA-N,2018,Ki,5.490663
UHAUBAVEWTXMNB-UHFFFAOYSA-N,2006,Ki,6.031050
UHBDOJLDXNFRPT-UHFFFAOYSA-N,2006,Ki,6.325139
UHEJJZNLPMHGJA-UHFFFAOYSA-N,2003,Ki,6.161151
UHEJJZNLPMHGJA-UHFFFAOYSA-N,2000,Ki,6.161151
UHEJJZNLPMHGJA-UHFFFAOYSA-N,2002,Ki,6.161151
UHEJJZNLPMHGJA-UHFFFAOYSA-N,2005,IC50,6.161151
UHFPHCOQBXQSQQ-WBVHZDCISA-N,1998,Ki,5.922269
UHHNLJHQYLBBSB-UHFFFAOYSA-N,2021,Ki,7.966576
UHJLFBDNUAEIDO-UHFFFAOYSA-N,2020,Ki,6.259637
UHMCLVHQIYTYOA-UHFFFAOYSA-N,2007,Ki,6.735182
UHNTXNSIJZQVSR-UHFFFAOYSA-N,2010,Ki,7.555955
UHPXZGGJCMUMGZ-HZCBDIJESA-N,2007,Ki,7.853872
UHPXZGGJCMUMGZ-SZPZYZBQSA-N,2007,Ki,6.913640
UHSHPGFICACACL-KSSFIOAISA-N,2021,Ki,7.270026
UHSKFQJFRQCDBE-UHFFFAOYSA-N,1997,Ki,8.142668
UHSKFQJFRQCDBE-UHFFFAOYSA-N,2007,EC50,7.080922
UHSKFQJFRQCDBE-UHFFFAOYSA-N,2009,Ki,6.160001
UHSKFQJFRQCDBE-UHFFFAOYSA-N,2010,EC50,6.517126
UHSKFQJFRQCDBE-UHFFFAOYSA-N,2010,EC50,6.517126
UHSKFQJFRQCDBE-UHFFFAOYSA-N,2010,EC50,6.517126
UHSKFQJFRQCDBE-UHFFFAOYSA-N,2015,EC50,6.517126
UHSKFQJFRQCDBE-UHFFFAOYSA-N,2015,EC50,6.519993
UHSKFQJFRQCDBE-UHFFFAOYSA-N,2014,Ki,8.431798
UHSKFQJFRQCDBE-UHFFFAOYSA-N,2004,EC50,8.189969
UHSKFQJFRQCDBE-UHFFFAOYSA-N,2017,EC50,7.050610
UHSKFQJFRQCDBE-UHFFFAOYSA-N,2017,EC50,6.481486
UHSKFQJFRQCDBE-UHFFFAOYSA-N,2017,EC50,7.522879
UHSKFQJFRQCDBE-UHFFFAOYSA-N,2017,EC50,7.050610
UHSKFQJFRQCDBE-UHFFFAOYSA-N,2017,EC50,6.481486
UHXPQWKSRHWVDD-UHFFFAOYSA-N,2020,Ki,5.608888
UHXPQWKSRHWVDD-UHFFFAOYSA-N,2022,Ki,5.608888
UHYDZQALANMGBP-UHFFFAOYSA-N,2015,Ki,7.744727
UHYDZQALANMGBP-UHFFFAOYSA-N,2015,Ki,8.026872
UHYDZQALANMGBP-UHFFFAOYSA-N,2015,EC50,6.260001
UHYDZQALANMGBP-UHFFFAOYSA-N,2015,EC50,5.360000
UIAJBDDQYBMSRB-JLHYYAGUSA-N,2003,Ki,7.853872
UICAAFBEFWZYOJ-WFCPMTAMSA-N,2000,Ki,6.199998
UIERZYNYMSMAJC-IYARVYRRSA-N,2014,Ki,7.516841
UIFDNPUSYCXLPI-UHFFFAOYSA-N,2009,Ki,7.439974
UIFXBTKQVKHNLS-SAABIXHNSA-N,2020,Ki,5.795880
UIFXLMHCLOJOQC-UHFFFAOYSA-N,2009,Ki,7.910095
UIFXLMHCLOJOQC-UHFFFAOYSA-N,2011,Ki,7.677781
UIFXLMHCLOJOQC-UHFFFAOYSA-N,2011,Ki,8.154902
UIGNLOIMCOMSJP-UHFFFAOYSA-N,2017,Ki,5.193820
UIGNLOIMCOMSJP-UHFFFAOYSA-N,2017,Ki,5.468521
UIHOENHXMONZDL-UHFFFAOYSA-N,2007,Ki,6.107905
UIIXJYGCNLZGHI-UHFFFAOYSA-N,2014,Ki,9.000000
UIIYRSHAVQCSGP-UHFFFAOYSA-N,2005,Ki,8.040959
UILMTLNPQHNZIS-UHFFFAOYSA-N,2009,Ki,8.227678
UIOLKUHVCXIDFL-UHFFFAOYSA-N,2019,Kd,7.280006
UIOLKUHVCXIDFL-UHFFFAOYSA-N,2019,Ki,7.330033
UIRIJSKPTMDRCG-IBGZPJMESA-N,2000,Ki,5.102373
UIRIJSKPTMDRCG-IBGZPJMESA-N,2000,Ki,5.296709
UIRIJSKPTMDRCG-IBGZPJMESA-N,2000,Ki,5.099633
UIRIJSKPTMDRCG-IBGZPJMESA-N,2000,Ki,5.193820
UIRKAHAECJAUIH-OAQYLSRUSA-N,2002,Ki,6.567031
UIRLICKRUXJJNR-CVBYOTHMSA-N,2023,Ki,6.070581
UISZGTKWUGURNK-UHFFFAOYSA-N,2006,Ki,5.721246
UIVAPXWJQYWBBS-IVIYCUDDSA-N,2015,Ki,7.116339
UIWARYOQTYMMEM-UHFFFAOYSA-N,2017,Ki,6.254145
UIWARYOQTYMMEM-UHFFFAOYSA-N,2018,Ki,6.254145
UIWGASRGCHQVHR-FKBYEOEOSA-N,2014,Ki,6.863343
UIWGASRGCHQVHR-YPAWHYETSA-N,2014,Ki,6.735820
UIWSYEZPNUYTKA-ZEQRLZLVSA-N,2011,Ki,5.827105
UIXJVQYWDHWJCD-UHFFFAOYSA-N,2020,Ki,5.585027
UIYATCKYXWPCQG-UHFFFAOYSA-N,2002,Ki,5.309804
UIYATCKYXWPCQG-UHFFFAOYSA-N,2002,Ki,5.301030
UIYATCKYXWPCQG-UHFFFAOYSA-N,2007,Ki,5.310000
UIYKUTOPDMMXAX-BEFAXECRSA-N,2000,Ki,7.585027
UIYKUTOPDMMXAX-DNVCBOLYSA-N,2000,Ki,6.739929
UJBLYPURSDWDKF-IYARVYRRSA-N,2013,Ki,6.268411
UJBREZBVTYQLHJ-UHFFFAOYSA-N,2001,Ki,4.508638
UJBREZBVTYQLHJ-UHFFFAOYSA-N,2001,Ki,4.173925
UJBREZBVTYQLHJ-UHFFFAOYSA-N,2005,Ki,4.508638
UJCHUXZLJMJSPN-UHFFFAOYSA-N,2022,Ki,5.709965
UJDUEYVURZHWBC-UHFFFAOYSA-N,2007,Ki,5.370081
UJKKBRMKWCZNQF-UHFFFAOYSA-N,2010,Ki,8.958607
UJNGTNSLEZLHFI-UHFFFAOYSA-N,1997,Ki,6.499997
UJQOABPSKFUADC-UHFFFAOYSA-N,2003,Ki,6.754487
UJRXZWAABVTTPQ-HHHXNRCGSA-N,2019,Ki,5.660000
UJSHEWCIOJAMMI-UHFFFAOYSA-N,2007,Ki,6.229148
UJSKIIMXTSGSEQ-BSOFFQDDSA-N,2019,Ki,6.467246
UJSKIIMXTSGSEQ-TZFUKMIJSA-N,2019,Ki,4.675718
UJVQLQPURJLGHG-UHFFFAOYSA-N,2013,Ki,8.151195
UJYGDMFEEDNVBF-OGGGUQDZSA-N,,IC50,8.298259
UJYGDMFEEDNVBF-OGGGUQDZSA-N,,Ki,8.775467
UJZCZEHTVLJAMR-UHFFFAOYSA-N,2016,EC50,5.455932
UJZNKWHHQIIKBC-ZIIYYELXSA-N,2020,Ki,9.000000
UKACGFLTHZPIST-KDURUIRLSA-N,2017,Ki,8.531653
UKACGFLTHZPIST-KDURUIRLSA-N,2017,Ki,8.531653
UKAZUPHMMINRDF-UHFFFAOYSA-N,2020,Ki,7.004365
UKAZUPHMMINRDF-UHFFFAOYSA-N,2022,Ki,7.004365
UKBFTRTZQMOGIC-UHFFFAOYSA-N,2011,Ki,6.760000
UKEJTUFMACRNBO-UHFFFAOYSA-N,2011,Ki,6.254925
UKKJJXAEHLPZSM-UHFFFAOYSA-N,1996,Ki,6.721246
UKKJJXAEHLPZSM-UHFFFAOYSA-N,1996,Ki,9.173925
UKMLUIQURILEME-UHFFFAOYSA-N,2000,Ki,4.958607
UKMLUIQURILEME-UHFFFAOYSA-N,2000,Ki,4.886057
UKOCGOXTVCIACM-UHFFFAOYSA-N,2017,Ki,6.701147
UKOCGOXTVCIACM-UHFFFAOYSA-N,2021,Ki,6.701147
UKOCGOXTVCIACM-UHFFFAOYSA-N,2017,Ki,5.786217
UKOCGOXTVCIACM-UHFFFAOYSA-N,2017,Ki,5.790000
UKOYDIULRIOVQF-UHFFFAOYSA-N,2005,Ki,7.405607
UKOYDIULRIOVQF-UHFFFAOYSA-N,2005,IC50,7.256490
UKOYDIULRIOVQF-UHFFFAOYSA-N,2005,Ki,7.405607
UKOYDIULRIOVQF-UHFFFAOYSA-N,2005,Ki,7.289037
UKPYAHVTVCYHSG-FNLKRUPLSA-N,2010,Ki,6.399997
UKQKMANJPPZVEW-UHFFFAOYSA-N,2019,Ki,6.602060
UKQKMANJPPZVEW-UHFFFAOYSA-N,2019,Ki,6.958607
UKVNVIVEPLGCBQ-JCNLHEQBSA-N,2023,Ki,5.795880
UKWKGPXTOBMYJV-UHFFFAOYSA-N,2007,Ki,7.356547
UKWWEYXNSCXUAW-RZXSSXJESA-N,2019,Ki,8.619789
UKXOUHSVLDNJMD-UHFFFAOYSA-N,2018,Ki,5.612610
UKYZTZPUJPHXDZ-UHFFFAOYSA-N,2006,Ki,7.000000
UKYZTZPUJPHXDZ-UHFFFAOYSA-N,2006,Ki,6.677781
ULAAUNIOEAKYBR-UHFFFAOYSA-N,1999,Ki,7.086186
ULCOXAYPHBANNH-UHFFFAOYSA-N,2022,Ki,6.823909
ULFZVKKURLBXLU-UHFFFAOYSA-N,2022,Ki,6.935542
ULGYNCVBFLQVPX-MXVIHJGJSA-N,2017,Ki,8.438899
ULGYNCVBFLQVPX-MXVIHJGJSA-N,2017,Ki,8.438899
ULJLEPAGNIGYJX-UHFFFAOYSA-N,1997,Ki,7.026872
ULLCNVODUCDGBS-PGCGBBBBSA-N,2023,Ki,6.619789
ULMBXLAVXIEGRS-UHFFFAOYSA-N,2010,Ki,7.400008
ULMWAKXWMKUGMX-UHFFFAOYSA-N,2019,Ki,6.578396
ULQCYDXROAATLP-AQYVVDRMSA-N,2023,Ki,8.730487
ULWSKYKKYCILKM-FYYLOGMGSA-N,2021,Ki,6.105130
ULYBTXJNQXAQFS-UHFFFAOYSA-N,2023,Ki,7.074172
ULYBTXJNQXAQFS-UHFFFAOYSA-N,2023,Ki,7.070019
ULYBTXJNQXAQFS-UHFFFAOYSA-N,2023,EC50,7.725842
ULYBTXJNQXAQFS-UHFFFAOYSA-N,2023,EC50,7.720105
ULYBTXJNQXAQFS-UHFFFAOYSA-N,2023,EC50,7.617983
ULYBTXJNQXAQFS-UHFFFAOYSA-N,2023,EC50,7.619970
ULYGZZPDPDMBCC-UHFFFAOYSA-N,2008,Ki,6.161151
ULYGZZPDPDMBCC-UHFFFAOYSA-N,2008,Ki,6.173925
UMDLGBGKSYLCIH-UHFFFAOYSA-N,2020,Ki,6.653647
UMDLGBGKSYLCIH-UHFFFAOYSA-N,2022,Ki,6.653647
UMEFKDHFJIKPGP-UHFFFAOYSA-N,2002,Ki,6.080922
UMEFKDHFJIKPGP-UHFFFAOYSA-N,2002,Ki,6.013228
UMEFKDHFJIKPGP-UHFFFAOYSA-N,2007,Ki,6.080002
UMEFKDHFJIKPGP-UHFFFAOYSA-N,2015,Ki,6.823909
UMEYBQLIJXNFOT-UHFFFAOYSA-N,2004,Ki,6.690008
UMGDAMMXRYHVHZ-UHFFFAOYSA-N,1994,Ki,5.867740
UMKIZESDRWUELC-UHFFFAOYSA-N,2008,Ki,6.677781
UMQFQWLGNZXTCR-PBVHZTIHSA-N,2023,Ki,5.769551
UMTWXZNVNBBFLC-SHTZXODSSA-N,2023,Ki,8.826814
UMUJLLXUJDETSQ-DEOSSOPVSA-N,2018,Ki,8.221849
UMYKTTKPSRPJRN-SMQSCJQKSA-N,2020,Ki,6.086186
UMYKTTKPSRPJRN-SMQSCJQKSA-N,2022,Ki,6.086186
UNBRKDKAWYKMIV-QWQRMKEZSA-N,,IC50,6.081445
UNBRKDKAWYKMIV-QWQRMKEZSA-N,,Ki,6.559091
UNDYONYPTZDMOJ-UHFFFAOYSA-N,2019,Ki,5.934794
UNEYERITNKRLJR-IPJJNNNSSA-N,2021,Ki,8.537602
UNGWGGUPRUDQFM-PHTYHVAFSA-N,2008,Ki,8.251812
UNJDLBOQEKJGAH-RUCARUNLSA-N,2013,Ki,6.000000
UNJDLBOQEKJGAH-RUCARUNLSA-N,2019,EC50,7.920819
UNJDLBOQEKJGAH-RUCARUNLSA-N,2019,EC50,7.161151
UNJDLBOQEKJGAH-RUCARUNLSA-N,2019,EC50,7.920096
UNJDLBOQEKJGAH-RUCARUNLSA-N,2019,EC50,7.160019
UNJDLBOQEKJGAH-UWUNEBHHSA-N,2013,Ki,4.870000
UNJDLBOQEKJGAH-UWUNEBHHSA-N,2019,EC50,6.586700
UNJDLBOQEKJGAH-UWUNEBHHSA-N,2019,EC50,6.589999
UNPARBQWWULNRE-AQYVVDRMSA-N,2013,Ki,6.505011
UNRCJLILBVLZDQ-OQKWZONESA-N,2005,Ki,5.899998
UNRHXEPDKXPRTM-UHFFFAOYSA-N,1996,Ki,8.199971
UNTNFKPMHAXOEK-UHFFFAOYSA-N,2012,Ki,6.587204
UNTNFKPMHAXOEK-UHFFFAOYSA-N,2012,Ki,6.586700
UNVVHHGPERKXNQ-UHFFFAOYSA-N,2018,EC50,8.537602
UNVVHHGPERKXNQ-UHFFFAOYSA-N,2018,EC50,7.638272
UNYNHWPKQAKANT-UHFFFAOYSA-N,2013,Ki,5.657577
UOAJXLKVGXLXPT-QAQDUYKDSA-N,2023,Ki,6.000000
UOCIVUKERDURFO-JOCHJYFZSA-N,2018,Ki,7.677781
UOCMXNLGBQWJPG-UHFFFAOYSA-N,2007,Ki,6.799998
UOIRCOOXVJGCIE-UHFFFAOYSA-N,1997,Ki,6.619789
UOKGFRGTMUWXQL-UHFFFAOYSA-N,2006,Ki,7.420216
UOKGFRGTMUWXQL-UHFFFAOYSA-N,2006,Ki,7.552842
UOKGFRGTMUWXQL-UHFFFAOYSA-N,2006,EC50,8.522879
UOKGFRGTMUWXQL-UHFFFAOYSA-N,2006,EC50,7.602060
UOKGFRGTMUWXQL-UHFFFAOYSA-N,2006,EC50,8.769551
UOKGFRGTMUWXQL-UHFFFAOYSA-N,2006,EC50,7.494850
UONZNMYIDNPHBF-UHFFFAOYSA-N,2022,Ki,5.841638
UOOUMAXCOWCDOB-UHFFFAOYSA-N,1993,Ki,5.835647
UOQCESDGUHFPMW-UKILVPOCSA-N,2010,Ki,6.505845
UOQPMMUMTSDTOB-IYARVYRRSA-N,2013,Ki,6.018181
UOQUWTVSXPYAOD-UHFFFAOYSA-N,2019,Ki,7.408935
UOSSMYDHMWQSDB-UHFFFAOYSA-N,2022,Ki,8.248721
UOVZXNPDZHFAHL-UHFFFAOYSA-N,2007,Ki,6.417937
UOVZXNPDZHFAHL-UHFFFAOYSA-N,2007,EC50,6.232102
UOWNSJBVRQWLQT-WRLTUSDASA-N,2015,Ki,7.647817
UOXRATPLTLGJQF-UHFFFAOYSA-N,2007,Ki,6.699992
UOXWVJAPLQMAAN-UHFFFAOYSA-N,2017,IC50,8.482804
UPBSKELQKAHWLX-UHFFFAOYSA-N,2021,Ki,5.903438
UPBSKELQKAHWLX-UHFFFAOYSA-N,2021,Ki,5.899998
UPCMRVZQJLKQQG-UHFFFAOYSA-N,2015,Ki,7.677781
UPDGYYYUTBGSJZ-IALBEUSZSA-N,2014,Ki,6.462748
UPEDKGWAXYKNLY-UHFFFAOYSA-N,2007,Ki,6.645892
UPEHPUZOPHDONV-NRFANRHFSA-N,2005,Ki,7.221849
UPGNMHWUCFSKGJ-UHFFFAOYSA-N,2014,Ki,7.379968
UPKMERWQQHPRMB-AQYVVDRMSA-N,2014,Ki,6.166878
UPMMAODZPJOUJM-UHFFFAOYSA-N,2018,IC50,8.366532
UPNHRBCDSZJKGL-ISKFKSNPSA-N,2019,Ki,5.600326
UPONGHYXDIIQIG-UHFFFAOYSA-N,2019,Ki,6.705534
UPRFZLANTXURKF-UHFFFAOYSA-N,1999,Ki,5.070581
UPRFZLANTXURKF-UHFFFAOYSA-N,1999,Ki,5.008774
UPTHGVUSCNDAPF-UHFFFAOYSA-N,2007,Ki,7.415669
UPTHGVUSCNDAPF-UHFFFAOYSA-N,2008,Ki,7.360016
UPVXFLPSBHVUGK-UHFFFAOYSA-N,2023,Ki,5.853872
UPWPDOXZYFFWOS-UHFFFAOYSA-N,2023,Ki,6.017729
UPXJKNQVKALXKP-UHFFFAOYSA-N,1998,Ki,8.886057
UPYKABFZBCHNJS-KESTWPANSA-N,2014,Ki,7.213533
UQCBELLMLIDZHN-UHFFFAOYSA-N,2017,Ki,5.928855
UQFXXDIPHBBVJR-UHFFFAOYSA-N,2015,Ki,7.107905
UQIKQRCCSPBTRS-UHFFFAOYSA-N,1996,Ki,5.100000
UQKLFSKKULYASF-UHFFFAOYSA-N,2020,Ki,6.489991
UQNPMHBOQOCPSK-UHFFFAOYSA-N,2013,Ki,6.251812
UQNPMHBOQOCPSK-UHFFFAOYSA-N,2013,Ki,6.337242
UQNXMCNVFPEPNB-UHFFFAOYSA-N,2016,Ki,6.779892
UQNXMCNVFPEPNB-UHFFFAOYSA-N,2016,Ki,6.779997
UQOWIEJFNPPPBP-OAHLLOKOSA-N,1994,Ki,6.838632
UQQZLMXUYGQJIW-UHFFFAOYSA-N,2009,Ki,7.309804
UQQZLMXUYGQJIW-UHFFFAOYSA-N,2009,Ki,5.769551
UQVUXUJHZYIOHV-UHFFFAOYSA-N,2020,EC50,4.995679
UQVUXUJHZYIOHV-UHFFFAOYSA-N,2023,EC50,4.995679
UQYZSEJGPCJXFW-XYWHTSSQSA-N,2014,Ki,6.442132
URACJDWODSYSKR-UHFFFAOYSA-N,2022,Ki,5.996109
URCUYFLFCCQWGB-UHFFFAOYSA-N,2011,Ki,7.489991
URDHIIFLGMSALF-UHFFFAOYSA-N,1994,Ki,5.973875
URGHALGSDCSSOS-UHFFFAOYSA-N,2020,Ki,5.889747
URGHALGSDCSSOS-UHFFFAOYSA-N,2022,Ki,5.889747
URHQGZYMDHLTGD-UHFFFAOYSA-N,2016,IC50,7.423659
URICTYNITRPTLS-UHFFFAOYSA-N,2010,Ki,5.300000
URICTYNITRPTLS-UHFFFAOYSA-N,2010,Ki,5.899998
URICTYNITRPTLS-UHFFFAOYSA-N,2010,Ki,6.399997
URKAJHJBVOPDPZ-UHFFFAOYSA-N,2009,Ki,4.769551
URKAJHJBVOPDPZ-UHFFFAOYSA-N,2009,Ki,5.000000
URKFGKZMXFFFIT-UHFFFAOYSA-N,2019,Kd,8.489991
URKFGKZMXFFFIT-UHFFFAOYSA-N,2019,Ki,8.669992
URKOMYMAXPYINW-UHFFFAOYSA-N,2001,Ki,7.199971
URKOMYMAXPYINW-UHFFFAOYSA-N,2004,Ki,6.508638
URKOMYMAXPYINW-UHFFFAOYSA-N,2001,Ki,7.161151
URKOMYMAXPYINW-UHFFFAOYSA-N,2008,Ki,6.744727
URKOMYMAXPYINW-UHFFFAOYSA-N,,IC50,5.876181
URKOMYMAXPYINW-UHFFFAOYSA-N,,Ki,6.353302
URKOMYMAXPYINW-UHFFFAOYSA-N,2012,Ki,6.000000
URKOMYMAXPYINW-UHFFFAOYSA-N,2013,Ki,6.397940
URKOMYMAXPYINW-UHFFFAOYSA-N,2016,Ki,6.853872
URKOMYMAXPYINW-UHFFFAOYSA-N,2021,Ki,6.509999
URKYBTISJBKTKP-UAPYVXQJSA-N,2013,Ki,6.595714
UROZVASCLWFZOW-UHFFFAOYSA-N,1999,Ki,6.242604
URQQQDVXUYDCNP-UHFFFAOYSA-N,2020,Ki,6.168130
URRXCOKWLLNWKL-UHFFFAOYSA-N,2002,Ki,7.207608
URSQASKSKBUBLK-UHFFFAOYSA-N,2022,Ki,6.378824
URVMQMKGIVIILI-UHFFFAOYSA-N,2019,Kd,7.990124
URVMQMKGIVIILI-UHFFFAOYSA-N,2019,Ki,8.100015
URWBDIMBZFWGSF-UHFFFAOYSA-N,2002,Ki,6.638272
URWBDIMBZFWGSF-UHFFFAOYSA-N,2002,Ki,6.886057
URXAVGZMTQSESH-IYARVYRRSA-N,1997,Ki,8.522879
URYSFLTUDQDOLY-JTQLQIEISA-N,2010,IC50,7.150028
URYZTMIOHYGTNJ-UHFFFAOYSA-N,2012,EC50,7.301030
URYZTMIOHYGTNJ-UHFFFAOYSA-N,2012,Ki,7.124939
URYZTMIOHYGTNJ-UHFFFAOYSA-N,2015,Ki,7.124939
URYZTMIOHYGTNJ-UHFFFAOYSA-N,2015,EC50,7.000000
URYZTMIOHYGTNJ-UHFFFAOYSA-N,2015,EC50,7.301030
URZRGOOTISGVOW-UHFFFAOYSA-N,2020,Ki,7.568636
USCDVFNXTCISHV-UHFFFAOYSA-N,2010,Ki,6.853872
USCDVFNXTCISHV-UHFFFAOYSA-N,2013,Ki,6.853872
USGFBEWNXKQBDG-UHFFFAOYSA-N,2009,Ki,8.439974
USGFBEWNXKQBDG-UHFFFAOYSA-N,2011,Ki,8.408935
USGFBEWNXKQBDG-UHFFFAOYSA-N,2011,Ki,8.823909
USGLWFZAXHASGB-UHFFFAOYSA-N,2012,Ki,5.319393
USHJZTUJVFHKQH-UHFFFAOYSA-N,2021,Ki,5.327902
USIILAWARKIXKM-UHFFFAOYSA-N,2023,Ki,6.247952
USIMZAIRLDAIQJ-UHFFFAOYSA-N,2012,EC50,9.397940
USIMZAIRLDAIQJ-UHFFFAOYSA-N,2012,EC50,9.096910
USIMZAIRLDAIQJ-UHFFFAOYSA-N,2012,Ki,8.366532
USIWFTPEBGPOSA-MEMLXQNLSA-N,2007,Ki,7.080922
USIWFTPEBGPOSA-MEMLXQNLSA-N,2007,Ki,7.080922
USIWFTPEBGPOSA-OYRHEFFESA-N,2007,Ki,6.954677
USIWFTPEBGPOSA-OYRHEFFESA-N,2007,Ki,6.950782
USIXSLYEMNSLPV-UHFFFAOYSA-N,2020,EC50,6.180456
USIXSLYEMNSLPV-UHFFFAOYSA-N,2020,IC50,5.698970
USIXSLYEMNSLPV-UHFFFAOYSA-N,2023,EC50,6.180456
USIXSLYEMNSLPV-UHFFFAOYSA-N,2023,IC50,5.698970
USKVYSVSXWHTPS-UHFFFAOYSA-N,2002,Ki,6.737549
USNRFQBPPPITNX-CZUORRHYSA-N,1999,Ki,5.356547
USOMZJJKRPELBV-UHFFFAOYSA-N,2020,Ki,6.016374
USSJQLOQXQBGTM-AVRDEDQJSA-N,2016,Ki,5.750000
USSJQLOQXQBGTM-GCJKJVERSA-N,2016,Ki,5.860001
USVLILPJVBXRLR-UHFFFAOYSA-N,2022,Ki,5.894149
UTCVZDGBUSLXBQ-UHFFFAOYSA-N,2007,Ki,7.823909
UTCVZDGBUSLXBQ-UHFFFAOYSA-N,2007,Ki,7.619789
UTEITPSYNTYGQL-UHFFFAOYSA-N,2011,Ki,7.420216
UTEITPSYNTYGQL-UHFFFAOYSA-N,2011,Ki,7.823909
UTEKSPGIYDUAMB-UHFFFAOYSA-N,1997,Ki,8.500038
UTFOVXIJDJSMKK-RUZDIDTESA-N,2011,Ki,7.309804
UTFOVXIJDJSMKK-RUZDIDTESA-N,2011,Ki,6.522879
UTFOVXIJDJSMKK-UHFFFAOYSA-N,2011,Ki,6.823909
UTFOVXIJDJSMKK-UHFFFAOYSA-N,2011,Ki,7.113509
UTFOVXIJDJSMKK-VWLOTQADSA-N,2011,EC50,7.585027
UTFOVXIJDJSMKK-VWLOTQADSA-N,2011,EC50,6.431798
UTFOVXIJDJSMKK-VWLOTQADSA-N,2011,EC50,6.958607
UTFOVXIJDJSMKK-VWLOTQADSA-N,2011,EC50,9.292430
UTFOVXIJDJSMKK-VWLOTQADSA-N,2011,Ki,9.000000
UTFOVXIJDJSMKK-VWLOTQADSA-N,2011,Ki,8.275724
UTHCVWLWDKDKNF-IBGZPJMESA-N,2000,Ki,6.920819
UTJCXDMLSWYEJA-UHFFFAOYSA-N,2007,Ki,7.240030
UTJCXDMLSWYEJA-UHFFFAOYSA-N,2015,Ki,8.193820
UTLSOLPDKDYHNU-IYARVYRRSA-N,2023,Ki,6.040959
UTMXFLLOSBJGIE-UHFFFAOYSA-N,2003,IC50,5.468521
UTOAHEDSLBPTJU-INIZCTEOSA-N,2008,IC50,7.767004
UTPREWJYUHXHLZ-QHCPKHFHSA-N,2012,IC50,6.399997
UTQIQWGFEQDQAG-UHFFFAOYSA-N,2018,Ki,7.008774
UTQIQWGFEQDQAG-UHFFFAOYSA-N,2018,Ki,7.376751
UTQIQWGFEQDQAG-UHFFFAOYSA-N,2018,Ki,7.207608
UTQLQNQCKAXIAE-YFVAEKQCSA-N,2023,Ki,5.920819
UTSVFENYHGEOSM-UHFFFAOYSA-N,2004,Ki,5.978811
UTSVFENYHGEOSM-UHFFFAOYSA-N,2009,Ki,5.978811
UTSZTPIAGJECRH-BRLLKYFNSA-N,2008,Ki,6.263603
UTUCAVNEOKJWJU-UHFFFAOYSA-N,2006,Ki,7.200659
UTUCAVNEOKJWJU-UHFFFAOYSA-N,2006,Ki,7.431798
UTUCAVNEOKJWJU-UHFFFAOYSA-N,2007,Ki,7.199971
UTUFKUUIPTWXPH-UHFFFAOYSA-N,2018,Ki,5.290000
UTVCJNNRVXMBSF-UHFFFAOYSA-N,2020,Ki,6.987163
UTVCJNNRVXMBSF-UHFFFAOYSA-N,2022,Ki,6.987163
UTWPJLLDBXANCC-UHFFFAOYSA-N,2018,Ki,6.511449
UTXSOICYDAGUJA-UHFFFAOYSA-N,2023,Ki,6.389340
UTXSOICYDAGUJA-UHFFFAOYSA-N,2023,EC50,3.906578
UTXSOICYDAGUJA-UHFFFAOYSA-N,2023,EC50,7.525784
UTXSOICYDAGUJA-UHFFFAOYSA-N,2023,IC50,6.071092
UUBHNHBPLALWJT-UHFFFAOYSA-N,2023,Ki,5.677781
UUBRCCCOMNXSPK-IYARVYRRSA-N,2023,Ki,6.896196
UUBRCCCOMNXSPK-IYARVYRRSA-N,2023,EC50,7.569925
UUBRCCCOMNXSPK-IYARVYRRSA-N,2023,EC50,7.566710
UUDQCIUOURNBBY-UHFFFAOYSA-N,2015,Ki,7.133713
UUKCJRIPKQWEID-UHFFFAOYSA-N,1997,Ki,6.099999
UUNZFDPGHIFDOR-UHFFFAOYSA-N,2017,Ki,6.917215
UUROQRRZHCJWGK-UHFFFAOYSA-N,2020,Ki,5.054039
UUTGTTDZMUFZGA-UHFFFAOYSA-N,1999,Ki,7.136677
UUTWNAKPHRTMAJ-UHFFFAOYSA-N,2017,Ki,7.809949
UUWNDYITXWRHHK-UHFFFAOYSA-N,2016,Ki,7.124939
UUXJEWIMBQSYJG-UHFFFAOYSA-N,2010,Ki,8.053057
UUYDEYACQFNFMI-VOTSOKGWSA-N,2007,Ki,7.315155
UUYDEYACQFNFMI-VOTSOKGWSA-N,2007,IC50,6.747147
UUYDEYACQFNFMI-VOTSOKGWSA-N,2014,IC50,6.747147
UVAUEIWFNXYKDF-DNLFPKPLSA-N,2020,Ki,6.214670
UVAUEIWFNXYKDF-DNLFPKPLSA-N,2022,Ki,6.214670
UVDIFPYXVNSROD-MAUKXSAKSA-N,1999,Ki,7.400008
UVDIFPYXVNSROD-QAPCUYQASA-N,1999,Ki,7.599980
UVDIFPYXVNSROD-UHFFFAOYSA-N,1999,Ki,7.100015
UVEHFXJWIQCNDD-IYARVYRRSA-N,2013,Ki,6.491470
UVEHPRQRFSJENI-NSHDSACASA-N,2010,IC50,8.079981
UVHCYAYELJOQKF-UHFFFAOYSA-N,2019,Ki,7.259637
UVHCYAYELJOQKF-UHFFFAOYSA-N,2019,Ki,7.468521
UVIMYNCSQBPMNG-UHFFFAOYSA-N,2008,Ki,6.409995
UVIRMXOGFYHFJB-UHFFFAOYSA-N,2014,Ki,8.080922
UVOCSZKGWJOKNN-UHFFFAOYSA-N,1995,Ki,6.499997
UVPIZMCLGBXZAJ-BDJLRTHQSA-N,1999,Ki,5.657577
UVQHGCKWFYZHSI-UHFFFAOYSA-N,2005,Ki,7.207608
UVRWFRQITDYELC-UHFFFAOYSA-N,1993,Ki,5.143876
UVSFXLJLPPIILC-UHFFFAOYSA-N,2007,Ki,5.327902
UVSFXLJLPPIILC-UHFFFAOYSA-N,2007,Ki,5.004365
UVSHQUOFNSVIJR-RUCARUNLSA-N,2019,EC50,6.879426
UVSHQUOFNSVIJR-RUCARUNLSA-N,2019,EC50,6.879986
UVSLSTOAZHUYRU-UHFFFAOYSA-N,2014,Ki,6.543634
UVSNDTNJIHHUPU-UHFFFAOYSA-N,2018,Ki,6.464706
UVSNDTNJIHHUPU-UHFFFAOYSA-N,2018,Ki,6.443697
UVSNDTNJIHHUPU-UHFFFAOYSA-N,2018,Ki,6.462181
UVUYWJWYRLJHEN-UHFFFAOYSA-N,2014,Ki,6.801343
UVZKDPGRNWICJT-UHFFFAOYSA-N,1993,Ki,5.847712
UWFAHEVNGNMETJ-UHFFFAOYSA-N,2020,Ki,5.993534
UWFAHEVNGNMETJ-UHFFFAOYSA-N,2022,Ki,5.993534
UWHNOQYXXPSWSH-UHFFFAOYSA-N,2019,Ki,7.236572
UWKPCCXPIUTYOC-UHFFFAOYSA-N,2016,IC50,7.920819
UWMMCCDYCWFBFZ-UHFFFAOYSA-N,2010,Ki,8.045275
UWNBKMQSNLLWQV-UHFFFAOYSA-N,2015,Ki,7.712198
UWNQTNJQOXIWHF-UHFFFAOYSA-N,1992,Ki,8.698970
UWPUFUJRTFJLEP-UHFFFAOYSA-N,2018,IC50,7.223299
UWUBDOPGNONVDN-UHFFFAOYSA-N,2022,Ki,5.560000
UWUCDMAWZWXZPY-UHFFFAOYSA-N,1997,Ki,5.725842
UWUCDMAWZWXZPY-UHFFFAOYSA-N,2005,Ki,5.610000
UWXLBLFCZDJRKI-CNNODRBYSA-N,2021,Ki,8.692504
UWXLBLFCZDJRKI-CNNODRBYSA-N,2021,Ki,6.069051
UWXLBLFCZDJRKI-NNMXDRDESA-N,2021,Ki,8.339135
UWXLBLFCZDJRKI-NNMXDRDESA-N,2021,Ki,5.879426
UXACRXVBPVXVBZ-UHFFFAOYSA-N,2004,Ki,5.920819
UXAHKDYRRLVTBS-SJLPKXTDSA-N,2000,IC50,6.681937
UXAHKDYRRLVTBS-SJLPKXTDSA-N,2017,Ki,7.031517
UXATXHBJCKNDIU-XZOQPEGZSA-N,2023,Ki,8.022276
UXAXXXXPTUTANS-UHFFFAOYSA-N,2016,Ki,5.248182
UXAXXXXPTUTANS-UHFFFAOYSA-N,2016,Ki,5.250000
UXCCYRSVXPBQMU-UHFFFAOYSA-N,2007,Ki,7.000000
UXCGLFHPAUUQAA-UHFFFAOYSA-N,2002,Ki,6.970616
UXDZDQRAGSHUBW-UHFFFAOYSA-N,2021,Ki,6.161781
UXEHMYRJTUKZNV-WGSAOQKQSA-N,2016,Ki,8.050610
UXFGATIIHSOJJZ-QFIPXVFZSA-N,2002,Ki,6.308919
UXGIBVBRPWLFHU-UHFFFAOYSA-N,1992,Ki,7.236572
UXHXPQAQESSLQQ-UHFFFAOYSA-N,2022,Ki,6.458421
UXMSMPLWAVJIOJ-OWOJBTEDSA-N,2005,Ki,8.214670
UXNLYMSGCXORLN-UHFFFAOYSA-N,2019,Ki,5.920096
UXRJVZYJCCSIAH-UHFFFAOYSA-N,2017,Ki,6.366532
UXRJVZYJCCSIAH-UHFFFAOYSA-N,2017,Ki,6.698970
UXRVFSIWSWPXSI-CBAPKCEASA-N,2019,Ki,5.148742
UXRVFSIWSWPXSI-IONNQARKSA-N,2019,Ki,5.630784
UXSMRLSKRXJAGK-UHFFFAOYSA-N,1993,Ki,5.675718
UXSXSSBOLOHWNU-UHFFFAOYSA-N,2002,Ki,6.728158
UXTXSJBQPGSGMT-UHFFFAOYSA-N,2019,IC50,6.301030
UXUXUQARLNBXGL-XRSDMRJBSA-N,2013,IC50,5.869666
UXUXUQARLNBXGL-XRSDMRJBSA-N,2013,EC50,7.102373
UXVSPCRUHCDGHS-UHFFFAOYSA-N,2015,Ki,7.262013
UXWALGMIUORAAM-UHFFFAOYSA-N,2023,Ki,8.006123
UYAJEEPVQYLWDN-UHFFFAOYSA-N,1999,Ki,5.899998
UYCJWHABGCDKEQ-UHFFFAOYSA-N,2017,Ki,6.107905
UYCJWHABGCDKEQ-UHFFFAOYSA-N,2017,Ki,6.602060
UYIBJXVYMYAZGV-UHFFFAOYSA-N,2018,Ki,5.433798
UYNUCJCNGKHTNG-UHFFFAOYSA-N,2012,EC50,8.494850
UYNUCJCNGKHTNG-UHFFFAOYSA-N,2012,EC50,7.795880
UYNUCJCNGKHTNG-UHFFFAOYSA-N,2012,Ki,8.229148
UYOTUCPKIKVHNI-UHFFFAOYSA-N,2007,Ki,6.659992
UYPLISCDIQJPNG-UHFFFAOYSA-N,2023,Ki,6.769551
UYPLISCDIQJPNG-UHFFFAOYSA-N,2023,Ki,6.958607
UYSUVIPTEFGQSA-UHFFFAOYSA-N,2016,Ki,6.428291
UYSWWUHGOKVFCN-UHFFFAOYSA-N,2014,Ki,7.522879
UYTFDTBLSZRMME-UHFFFAOYSA-N,2022,Ki,4.870955
UYUTUOIZGIGQQA-VIVFLBMVSA-N,2013,Ki,5.823909
UYUTUOIZGIGQQA-VIVFLBMVSA-N,2013,Ki,5.387216
UYVCLAKGXPJPHJ-UHFFFAOYSA-N,2010,Ki,6.000000
UYYFSAYTJHQCKJ-SNJMGREUSA-N,2014,Ki,8.013676
UZBAJYSQVMDJAM-UHFFFAOYSA-N,2018,Ki,5.918653
UZEMSGMNRGZZRJ-UHFFFAOYSA-N,2020,IC50,8.698970
UZHIOMXZZAVYQK-UHFFFAOYSA-N,2021,Ki,6.721246
UZLFJOXUSYBNKZ-UHFFFAOYSA-N,2008,Ki,7.199971
UZMHRPBLJWVAII-IBGZPJMESA-N,2004,Ki,5.917215
UZOKZKSSRCUZTF-UHFFFAOYSA-N,2023,Ki,5.496345
UZOKZKSSRCUZTF-UHFFFAOYSA-N,2023,Ki,5.490000
UZOKZKSSRCUZTF-UHFFFAOYSA-N,2023,EC50,6.060980
UZOKZKSSRCUZTF-UHFFFAOYSA-N,2023,EC50,6.060002
UZOKZKSSRCUZTF-UHFFFAOYSA-N,2023,EC50,5.872895
UZOKZKSSRCUZTF-UHFFFAOYSA-N,2023,EC50,5.849999
UZRQUYOHSFAJFG-UHFFFAOYSA-N,2013,Ki,8.045757
UZRUJFBBAHISJF-QZTJIDSGSA-N,2000,IC50,6.580044
UZSLOUWOZNFAFR-UHFFFAOYSA-N,2022,Ki,5.840000
UZSMYCXKQUZNLV-UHFFFAOYSA-N,1997,Ki,8.065502
UZUKFTSIGCBYIU-UHFFFAOYSA-N,2017,IC50,7.568636
UZWFPAGPMDHLOW-IHRKKFBRSA-N,2023,Ki,6.000000
UZYOEBMFBYDQJT-UHFFFAOYSA-N,2007,Ki,6.399997
UZZUNWBAZUITJX-VOTSOKGWSA-N,2006,Ki,6.595166
VABAVSCPQUXQLP-AHKZPQOWSA-N,2010,Ki,7.292430
VAGLBALSMGUHAJ-UHFFFAOYSA-N,2017,Ki,8.537602
VAGLBALSMGUHAJ-UHFFFAOYSA-N,2017,Ki,8.657577
VAGMAHDJGBPZIB-HSZRJFAPSA-N,2016,Ki,6.508638
VAGMAHDJGBPZIB-HSZRJFAPSA-N,2016,Ki,7.017729
VAGMAHDJGBPZIB-HSZRJFAPSA-N,2016,EC50,8.136677
VAGMAHDJGBPZIB-HSZRJFAPSA-N,2016,EC50,5.055517
VAGMAHDJGBPZIB-QHCPKHFHSA-N,2016,Ki,6.886057
VAGMAHDJGBPZIB-QHCPKHFHSA-N,2016,Ki,7.187087
VAGMAHDJGBPZIB-QHCPKHFHSA-N,2016,EC50,7.008774
VAGMAHDJGBPZIB-QHCPKHFHSA-N,2016,EC50,4.886057
VANBZHNBQWYEMT-UHFFFAOYSA-N,2009,Ki,6.099999
VANOULQUECNACR-UHFFFAOYSA-N,2022,Ki,6.935542
VASIIKBBVSZUHT-UHFFFAOYSA-N,2010,Ki,7.958607
VASQQZAFIQDBHR-UHFFFAOYSA-N,2009,Ki,6.299998
VAYOSLLFUXYJDT-RDTXWAMCSA-N,2002,Ki,6.920819
VAYOSLLFUXYJDT-RDTXWAMCSA-N,2003,Ki,6.900009
VBACXRLOMHPKDF-UHFFFAOYSA-N,2023,Ki,6.690370
VBACXRLOMHPKDF-UHFFFAOYSA-N,2023,Ki,6.690008
VBACXRLOMHPKDF-UHFFFAOYSA-N,2023,EC50,7.614394
VBACXRLOMHPKDF-UHFFFAOYSA-N,2023,EC50,7.609949
VBACXRLOMHPKDF-UHFFFAOYSA-N,2023,EC50,7.000435
VBACXRLOMHPKDF-UHFFFAOYSA-N,2023,EC50,7.000000
VBCLRCIMZDGIOV-UHFFFAOYSA-N,2020,Ki,6.336299
VBCLRCIMZDGIOV-UHFFFAOYSA-N,2022,Ki,6.336299
VBFRZHYHMOZIEU-UHFFFAOYSA-N,2012,EC50,8.397940
VBFRZHYHMOZIEU-UHFFFAOYSA-N,2012,Ki,7.744727
VBFRZHYHMOZIEU-UHFFFAOYSA-N,2015,Ki,7.744727
VBFRZHYHMOZIEU-UHFFFAOYSA-N,2015,EC50,5.431798
VBFRZHYHMOZIEU-UHFFFAOYSA-N,2015,EC50,7.744727
VBHBKXBUHHJVBZ-UHFFFAOYSA-N,2012,EC50,6.899629
VBHBKXBUHHJVBZ-UHFFFAOYSA-N,2012,Ki,7.522879
VBHBKXBUHHJVBZ-UHFFFAOYSA-N,2015,Ki,7.522879
VBHBKXBUHHJVBZ-UHFFFAOYSA-N,2015,EC50,8.008774
VBHBKXBUHHJVBZ-UHFFFAOYSA-N,2015,EC50,6.970616
VBJJOYHRWXQNFV-UHFFFAOYSA-N,1996,Ki,6.882729
VBKWQJLSFFFYLC-UHFFFAOYSA-N,2012,Ki,5.003751
VBMVDBKXTONKNR-UHFFFAOYSA-N,2019,Ki,5.960983
VBMVDBKXTONKNR-UHFFFAOYSA-N,2022,Ki,5.962574
VBNZKUKNBGOHDO-SAABIXHNSA-N,2013,Ki,6.679003
VBPWMWMHKVCXQD-UHFFFAOYSA-N,2008,Ki,7.835647
VBPXZFRIJRBHGV-NEAURRHBSA-N,2015,Ki,7.248721
VBQPFBIQLMTMNM-UHFFFAOYSA-N,2007,Ki,6.199998
VBQQFCSDLTVNFZ-UHFFFAOYSA-N,2023,Ki,7.477556
VBQQFCSDLTVNFZ-UHFFFAOYSA-N,2023,Ki,7.470057
VBQQFCSDLTVNFZ-UHFFFAOYSA-N,2023,EC50,8.287350
VBQQFCSDLTVNFZ-UHFFFAOYSA-N,2023,EC50,8.289967
VBQQFCSDLTVNFZ-UHFFFAOYSA-N,2023,EC50,8.696804
VBQQFCSDLTVNFZ-UHFFFAOYSA-N,2023,EC50,8.700057
VBTFJGYCISLKEQ-UHFFFAOYSA-N,1999,Ki,7.120331
VBTFJGYCISLKEQ-UHFFFAOYSA-N,1998,Ki,7.120331
VBTKDYSXDUNEIG-UHFFFAOYSA-N,2015,Ki,8.045757
VCCRNQWQVWFKOO-UHFFFAOYSA-N,2000,Ki,7.167491
VCDWPVFNXMVFOB-UHFFFAOYSA-N,2005,Ki,7.920819
VCFMMDVFGUQTHR-HXUWFJFHSA-N,2000,Ki,6.199998
VCGDITFNZVUQSJ-UHFFFAOYSA-N,2015,Ki,6.657577
VCKOBAOVBZHUOW-UHFFFAOYSA-N,1997,Ki,6.903090
VCNZQKOEJRCPML-UHFFFAOYSA-N,2007,Ki,6.761954
VCPWSWCLJDFHBL-UHFFFAOYSA-N,2001,Ki,5.795880
VCSRUJJOQUHUJC-MRVPVSSYSA-N,1996,Ki,6.232844
VCSRUJJOQUHUJC-MRVPVSSYSA-N,1996,Ki,6.063486
VCSXUTPJFQYQHZ-UHFFFAOYSA-N,2014,Ki,8.795880
VCSXUTPJFQYQHZ-UHFFFAOYSA-N,2014,Ki,8.420216
VCVHOTMCZLRSOP-OWOJBTEDSA-N,2005,Ki,8.055517
VCYGJFJKSCACCN-UHFFFAOYSA-N,2017,EC50,7.237321
VCYJYQQXTOICSB-UHFFFAOYSA-N,2001,Ki,6.663540
VCYPZWCFSAHTQT-UHFFFAOYSA-N,1996,Ki,6.545155
VCYPZWCFSAHTQT-UHFFFAOYSA-N,1996,Ki,9.301030
VCZAICHKRVTUHW-UHFFFAOYSA-N,2014,IC50,5.935542
VCZAICHKRVTUHW-UHFFFAOYSA-N,2014,IC50,7.657577
VCZAICHKRVTUHW-UHFFFAOYSA-N,2014,Ki,6.183759
VCZAICHKRVTUHW-UHFFFAOYSA-N,2017,Ki,6.183759
VCZAICHKRVTUHW-UHFFFAOYSA-N,2018,Ki,6.183759
VDABMKZNXMFUQE-UHFFFAOYSA-N,2014,Ki,9.221849
VDABMKZNXMFUQE-UHFFFAOYSA-N,2014,Ki,9.209996
VDABMKZNXMFUQE-UHFFFAOYSA-N,2014,EC50,8.260428
VDABMKZNXMFUQE-UHFFFAOYSA-N,2014,EC50,8.260032
VDCBDIRJDJYCIZ-UHFFFAOYSA-N,2012,Ki,6.795880
VDCBDIRJDJYCIZ-UHFFFAOYSA-N,2012,Ki,7.022276
VDHWYWSLUYRNGE-UHFFFAOYSA-N,1987,EC50,6.913640
VDIKOHJQRNCQAT-UHFFFAOYSA-N,2017,Ki,8.958607
VDIKOHJQRNCQAT-UHFFFAOYSA-N,2017,Ki,9.259637
VDIKOHJQRNCQAT-UHFFFAOYSA-N,2017,EC50,7.075721
VDMUKYJQQOEPTR-UHFFFAOYSA-N,1996,Ki,5.599999
VDNJPDREVJLHKX-UHFFFAOYSA-N,2017,Ki,4.243356
VDOKRNXOPISLCW-UHFFFAOYSA-N,2020,EC50,6.104577
VDOKRNXOPISLCW-UHFFFAOYSA-N,2023,EC50,6.104577
VDOKRNXOPISLCW-UHFFFAOYSA-N,2023,EC50,6.104577
VDUFANHTAMLEII-UHFFFAOYSA-N,2016,Ki,7.455932
VDURQHWFSXZAER-UHFFFAOYSA-N,2005,Ki,6.504456
VDURQHWFSXZAER-UHFFFAOYSA-N,2007,Ki,6.508638
VDXPHDCGJBDTON-UHFFFAOYSA-N,2016,Ki,8.332547
VEBQEHGUGKKUOT-RUZDIDTESA-N,2020,Ki,7.259637
VEBQEHGUGKKUOT-VWLOTQADSA-N,2020,Ki,7.259637
VECJPOGHJKAQGZ-UHFFFAOYSA-N,2013,Ki,5.958607
VECUWLITDSFQFD-UHFFFAOYSA-N,2017,Ki,7.431798
VEDCYFFCKNISSG-UHFFFAOYSA-N,2006,Ki,6.657577
VEDCYFFCKNISSG-UHFFFAOYSA-N,2006,Ki,6.958607
VEDJDJXYSXQHNT-UHFFFAOYSA-N,2020,IC50,5.477947
VEEYYIQQKILMMS-UHFFFAOYSA-N,2007,Ki,7.221849
VEEYYIQQKILMMS-UHFFFAOYSA-N,2007,EC50,7.115205
VEFKQCVWZLAVCM-UHFFFAOYSA-N,2021,Ki,6.436994
VEFKQCVWZLAVCM-UHFFFAOYSA-N,2021,Ki,6.439998
VEFKQCVWZLAVCM-UHFFFAOYSA-N,2021,EC50,7.723538
VEFKQCVWZLAVCM-UHFFFAOYSA-N,2021,EC50,7.720105
VEFKQCVWZLAVCM-UHFFFAOYSA-N,2021,EC50,7.447332
VEFKQCVWZLAVCM-UHFFFAOYSA-N,2021,EC50,7.450016
VEJVQTWUKUQWPK-KBRIMQKVSA-N,2012,Ki,6.309804
VEMOQUROGJYIHS-UHFFFAOYSA-N,2016,Ki,7.376751
VEOHVLUDWOXYPW-UHFFFAOYSA-N,2018,Ki,6.221126
VESLKGGUOOCKRO-UHFFFAOYSA-N,2015,Ki,6.537602
VESRLYZTQXCZSY-UHFFFAOYSA-N,2020,Ki,5.619066
VESYQRNECIQPBD-UHFFFAOYSA-N,2005,Ki,7.692504
VETXVTBLRUMWQE-RBUKOAKNSA-N,2020,Ki,6.309804
VETXVTBLRUMWQE-RBUKOAKNSA-N,2022,Ki,6.309804
VEVAPZIIWSXUGC-UHFFFAOYSA-N,2020,Ki,7.031517
VEVAPZIIWSXUGC-UHFFFAOYSA-N,2022,Ki,7.031517
VEYAYVOBXSQKIA-UHFFFAOYSA-N,2020,Ki,7.259637
VEYSGMPQWOSGTB-UHFFFAOYSA-N,2000,Ki,4.552842
VEYSGMPQWOSGTB-UHFFFAOYSA-N,2000,Ki,4.721246
VEYSGMPQWOSGTB-UHFFFAOYSA-N,2006,Ki,4.721246
VEYSGMPQWOSGTB-UHFFFAOYSA-N,2006,Ki,4.552842
VEYSGMPQWOSGTB-UHFFFAOYSA-N,2021,Ki,4.552842
VFDLYPNEKROUJA-UHFFFAOYSA-N,2019,Ki,5.701802
VFDZFYCKUWKAKM-UHFFFAOYSA-N,2006,Ki,7.958607
VFDZFYCKUWKAKM-UHFFFAOYSA-N,2006,Ki,8.096910
VFDZFYCKUWKAKM-UHFFFAOYSA-N,2006,EC50,9.552842
VFDZFYCKUWKAKM-UHFFFAOYSA-N,2006,EC50,9.657577
VFGWQQNKIVMZLG-UHFFFAOYSA-N,2021,Ki,6.220000
VFGWQQNKIVMZLG-UHFFFAOYSA-N,2021,EC50,5.779999
VFHUXBVWZQEOJG-UHFFFAOYSA-N,2015,Ki,6.657577
VFHXPWOCQCSEPK-UHFFFAOYSA-N,2010,Ki,6.900009
VFLJXRCSXJBPAE-UHFFFAOYSA-N,1999,Ki,7.080922
VFLXXFOMEUTAEL-UHFFFAOYSA-N,2022,Ki,5.823909
VFOIGDCCMUEJDD-UHFFFAOYSA-N,2011,Ki,9.585027
VFOLOUVNAQBRDB-UHFFFAOYSA-N,2014,Ki,5.980468
VFOLOUVNAQBRDB-UHFFFAOYSA-N,2014,Ki,5.979999
VFOQAVYBDYGMOW-UHFFFAOYSA-N,2007,Ki,6.299998
VFPMJQLPEIDGKV-YPGOJHLTSA-N,2008,Ki,7.525784
VFSAAGKCBXDENJ-KESTWPANSA-N,2014,Ki,7.269945
VFSVIIBTNXPBPQ-UHFFFAOYSA-N,1995,Ki,7.080922
VFYMYMGVYBHBAW-IYARVYRRSA-N,1998,Ki,6.619789
VFZKZZYPGOBKJY-UHFFFAOYSA-N,2006,Ki,6.200659
VFZKZZYPGOBKJY-UHFFFAOYSA-N,2006,Ki,6.602060
VFZKZZYPGOBKJY-UHFFFAOYSA-N,2007,Ki,6.199998
VFZQJEHONJLING-MRXNPFEDSA-N,1996,Ki,6.394695
VGAFJYDHFQEKRB-CNRPLSBTSA-N,2015,Kd,6.721246
VGAFJYDHFQEKRB-CNRPLSBTSA-N,2015,Kd,5.096910
VGARNUPXALCIJC-UHFFFAOYSA-N,2017,Ki,6.191114
VGARNUPXALCIJC-UHFFFAOYSA-N,2018,Ki,6.191114
VGBOXKMRZYMULK-UHFFFAOYSA-N,2020,Ki,6.423659
VGBOXKMRZYMULK-UHFFFAOYSA-N,2023,Ki,6.423659
VGEYSHNQKQOFLR-UHFFFAOYSA-N,2010,Ki,7.860121
VGGYTNPNHQBLKG-UHFFFAOYSA-N,2019,Ki,5.580044
VGIGHGMPMUCLIQ-UHFFFAOYSA-N,2002,Ki,6.744727
VGIPYYQGXWSQEJ-UHFFFAOYSA-N,2009,Ki,5.886057
VGIPYYQGXWSQEJ-UHFFFAOYSA-N,2009,Ki,6.244125
VGJNZAVHANBHEO-UHFFFAOYSA-N,2003,Ki,7.679854
VGKVYVYBJMIGOD-UHFFFAOYSA-N,2020,Ki,6.243364
VGKVZFQYJAJYLD-UHFFFAOYSA-N,2016,Ki,5.790485
VGOPWFPTLSPLJJ-UHFFFAOYSA-N,2011,Ki,6.482804
VGUCRFZEXJNJAG-KVSKMBFKSA-N,2014,EC50,9.000000
VGUCRFZEXJNJAG-SZVBFZGTSA-N,2014,EC50,8.823909
VGUQUIYJFQJLRU-UHFFFAOYSA-N,2023,Ki,7.283997
VGUQUIYJFQJLRU-UHFFFAOYSA-N,2023,Ki,7.443697
VGYBISULYWZAPR-UHFFFAOYSA-N,2022,Ki,5.857298
VHLUWRVNDLKEND-UHFFFAOYSA-N,2011,Ki,7.155523
VHPASGHENHNLAW-UHFFFAOYSA-N,2000,Ki,4.468521
VHPASGHENHNLAW-UHFFFAOYSA-N,2000,Ki,5.455932
VHQMQGFUKJJJQZ-UHFFFAOYSA-N,2017,Ki,7.173925
VHQRCCSUCSHGEI-UHFFFAOYSA-N,1996,Ki,6.821023
VHRSWCTVFBWHKE-UHFFFAOYSA-N,1997,Ki,5.721246
VHYWETKTNNZSJF-UHFFFAOYSA-N,2020,Ki,6.494850
VHYWETKTNNZSJF-UHFFFAOYSA-N,2022,Ki,6.494850
VHYWETKTNNZSJF-UHFFFAOYSA-N,2023,Ki,6.494850
VHYWETKTNNZSJF-UHFFFAOYSA-N,2023,Ki,6.494850
VHZXTKPBCSXANE-UHFFFAOYSA-N,2006,Ki,5.423428
VICLMFFSPFEHLO-IYARVYRRSA-N,2020,Ki,6.552842
VIESVSSRMWPJQT-UHFFFAOYSA-N,2017,Ki,8.744727
VIESVSSRMWPJQT-UHFFFAOYSA-N,2017,Ki,9.130768
VIESVSSRMWPJQT-UHFFFAOYSA-N,2017,EC50,8.387216
VIESVSSRMWPJQT-UHFFFAOYSA-N,2017,EC50,7.639975
VIESVSSRMWPJQT-UHFFFAOYSA-N,2017,EC50,8.677781
VIESVSSRMWPJQT-UHFFFAOYSA-N,2017,EC50,8.356547
VIESVSSRMWPJQT-UHFFFAOYSA-N,2017,EC50,8.301030
VIESVSSRMWPJQT-UHFFFAOYSA-N,2017,EC50,8.823909
VIESVSSRMWPJQT-UHFFFAOYSA-N,2017,EC50,8.721246
VIESVSSRMWPJQT-UHFFFAOYSA-N,2017,EC50,7.638272
VIESVSSRMWPJQT-UHFFFAOYSA-N,2017,EC50,8.389979
VIGLYHYRWJDUPG-UHFFFAOYSA-N,1999,Ki,6.431798
VIHBCLOGDPFGGP-UHFFFAOYSA-N,2011,Ki,6.279014
VILSZFKXSYCHGB-UHFFFAOYSA-N,2023,Ki,5.882729
VIPSEWNPWLYICF-UHFFFAOYSA-N,2010,Ki,6.499997
VIRASHBCYHPIAR-UHFFFAOYSA-N,1993,Ki,5.274088
VITUDJAVASFPKN-DEOSSOPVSA-N,2014,EC50,7.798603
VIYAPIMIOKKYNF-UHFFFAOYSA-N,1996,Ki,7.107905
VIYAPIMIOKKYNF-UHFFFAOYSA-N,1996,Ki,8.481486
VIYCCCHLLWDXDN-UHFFFAOYSA-N,2014,Ki,7.259637
VJEFULHYJJGZPU-SAABIXHNSA-N,2023,Ki,6.207608
VJEWRCWFWRMYOH-UHFFFAOYSA-N,2000,Ki,6.795880
VJEWRCWFWRMYOH-UHFFFAOYSA-N,2000,Ki,6.013228
VJEWRCWFWRMYOH-UHFFFAOYSA-N,2000,Ki,7.795880
VJEWRCWFWRMYOH-UHFFFAOYSA-N,2000,Ki,7.769551
VJGYBRVHAUSTAR-UHFFFAOYSA-N,2019,Ki,6.725842
VJKSHVBEJFBNJR-UHFFFAOYSA-N,2021,Ki,7.366532
VJKSHVBEJFBNJR-UHFFFAOYSA-N,2021,Ki,7.692504
VJMHFTWPTBTXRW-UHFFFAOYSA-N,2013,Ki,6.045757
VJMHFTWPTBTXRW-UHFFFAOYSA-N,2013,Ki,6.000000
VJMHUOSOEAGNQW-UHFFFAOYSA-N,2007,Ki,6.392545
VJMHUOSOEAGNQW-UHFFFAOYSA-N,2007,Ki,6.543634
VJPBVQZEPQLKCA-UHFFFAOYSA-N,2006,Ki,6.630784
VJPIIZOPNVNZCV-UHFFFAOYSA-N,2019,Kd,7.219971
VJPIIZOPNVNZCV-UHFFFAOYSA-N,2019,Ki,7.199971
VJQGVOVLQSAUIL-LJQANCHMSA-N,2010,Ki,8.096910
VJRBXIHTQMRKQY-JXSIFGCMSA-N,2007,Kd,4.795880
VJUBLIXVVNAHIX-QAQDUYKDSA-N,2014,Ki,7.163993
VJUQIMXHRMEYAS-UHFFFAOYSA-N,2017,Ki,9.050610
VJUQIMXHRMEYAS-UHFFFAOYSA-N,2017,Ki,9.000000
VJUQIMXHRMEYAS-UHFFFAOYSA-N,2017,EC50,7.031517
VJVSHSVLEVBQER-INIZCTEOSA-N,2020,Ki,7.360016
VJVSHSVLEVBQER-MRXNPFEDSA-N,2020,Ki,7.700057
VJYQMOSNEVQNJR-UHFFFAOYSA-N,2022,Ki,6.607303
VJYRFSZIRUISDG-UHFFFAOYSA-N,2014,Ki,6.346787
VJYRFSZIRUISDG-UHFFFAOYSA-N,2014,Ki,6.699992
VKCKAMBPNXKGHL-QFIPXVFZSA-N,2012,IC50,6.000000
VKCKAMBPNXKGHL-QFIPXVFZSA-N,2012,EC50,6.599998
VKDWFHAQOZYATG-UHFFFAOYSA-N,2014,EC50,7.070019
VKDWFHAQOZYATG-UHFFFAOYSA-N,2014,EC50,7.070581
VKFAOBDNOUTZCC-UHFFFAOYSA-N,2006,Ki,6.035740
VKHDCWQCGOAHKV-UHFFFAOYSA-N,2010,Ki,8.229148
VKISKXWEKUKQJG-QHCPKHFHSA-N,2012,IC50,5.899998
VKKGUQYWMBPDPR-UHFFFAOYSA-N,2003,Ki,6.679854
VKKGUQYWMBPDPR-UHFFFAOYSA-N,2021,Ki,6.679854
VKNBNIUPOKNKDJ-UHFFFAOYSA-N,2014,Ki,7.917215
VKNBNIUPOKNKDJ-UHFFFAOYSA-N,2014,Ki,7.920096
VKNBNIUPOKNKDJ-UHFFFAOYSA-N,2014,EC50,8.844664
VKNBNIUPOKNKDJ-UHFFFAOYSA-N,2014,EC50,8.840132
VKNIGNGTZIYLFI-UHFFFAOYSA-N,2017,IC50,8.478862
VKNIGNGTZIYLFI-UHFFFAOYSA-N,2019,IC50,8.478862
VKQSAQSCKUZTCV-KNQAVFIVSA-N,2016,Ki,6.299998
VKTALASDYHQYCC-UHFFFAOYSA-N,1999,Ki,6.400117
VKTGHZRAPAQUIZ-UHFFFAOYSA-N,2002,Ki,5.196748
VKVJQSCYLIOFEN-NRFANRHFSA-N,2018,Ki,9.853872
VKVJQSCYLIOFEN-OAQYLSRUSA-N,2018,Ki,9.045757
VKZILFVYTKXRFT-UHFFFAOYSA-N,2017,Ki,4.853872
VKZILFVYTKXRFT-UHFFFAOYSA-N,2017,Ki,5.050610
VLBMGXWHOLLSJU-UHFFFAOYSA-N,2021,Ki,7.229148
VLBMGXWHOLLSJU-UHFFFAOYSA-N,2021,EC50,7.187087
VLCYCTQMMKCUDI-UHFFFAOYSA-N,2002,Ki,5.508638
VLCYCTQMMKCUDI-UHFFFAOYSA-N,2002,Ki,5.552842
VLGWIPCXNBQWLT-UHFFFAOYSA-N,2010,Ki,6.099999
VLGWIPCXNBQWLT-UHFFFAOYSA-N,2010,Ki,6.799998
VLHYFLPLTQFSPU-UHFFFAOYSA-N,2014,Ki,7.070581
VLIWRKCRUPBCQS-UILWBTOOSA-N,2019,EC50,8.096910
VLIWRKCRUPBCQS-UILWBTOOSA-N,2019,EC50,7.187087
VLIWRKCRUPBCQS-UILWBTOOSA-N,2019,EC50,8.119987
VLIWRKCRUPBCQS-UILWBTOOSA-N,2019,EC50,7.189969
VLMVFBMJXRVZOG-WGSAOQKQSA-N,2013,Ki,6.038579
VLOIKNXQTLFVIH-OKDJAKQTSA-N,2009,Ki,6.000000
VLOIKNXQTLFVIH-OKDJAKQTSA-N,2009,Ki,6.000000
VLPGZLXTGTZSSM-PKOBYXMFSA-N,2010,Ki,5.677781
VLPKCTQVTGCLDX-UHFFFAOYSA-N,2012,Ki,7.142668
VLPMRGUATFBEPH-UHFFFAOYSA-N,2006,Ki,7.107905
VLPUPQGQROBWIQ-QGZVFWFLSA-N,2006,Ki,6.148742
VLTGPTYNYZEWJR-UHFFFAOYSA-N,2011,Ki,5.679854
VLULRUCCHYVXOH-UHFFFAOYSA-N,2025,Ki,4.829738
VLUZXILOPLVBGT-UHFFFAOYSA-N,2012,Ki,7.602060
VLVHBCCFLHBDRZ-UHFFFAOYSA-N,2021,Ki,7.431798
VLVNADWTXMPIOQ-CYYJNZCTSA-N,2015,Ki,7.638272
VLVNADWTXMPIOQ-CYYJNZCTSA-N,2015,Ki,7.443697
VLWXQHYDFCFOHW-UHFFFAOYSA-N,2019,Ki,7.001305
VLXOYOJCCCNIRP-UHFFFAOYSA-N,2022,Ki,6.677781
VLZQBDLYBZSBFI-UHFFFAOYSA-N,2020,EC50,5.356547
VMATXNORBZBLAE-UHFFFAOYSA-N,1996,Ki,6.499997
VMCOPKACEUYYIT-UHFFFAOYSA-N,2001,Ki,7.552842
VMDGNXGFFZHOON-MEMLXQNLSA-N,2013,Ki,5.893775
VMDJSIGZJOXSGC-PCLIKHOPSA-N,2014,Ki,8.481486
VMDJSIGZJOXSGC-PCLIKHOPSA-N,2014,Ki,8.638272
VMGOMDAPKWBZMZ-UHFFFAOYSA-N,2023,Ki,6.389340
VMHDSBUIYYCTCD-UHFFFAOYSA-N,2019,Ki,6.677781
VMHDSBUIYYCTCD-UHFFFAOYSA-N,2019,Ki,6.920819
VMIRJSPUFWFFPK-UHFFFAOYSA-N,2008,Ki,7.920096
VMLZFUVIKCGATC-UHFFFAOYSA-N,2007,Ki,5.130768
VMOFYGZGNSIHPR-UHFFFAOYSA-N,2007,Ki,7.638272
VMOFYGZGNSIHPR-UHFFFAOYSA-N,2007,Ki,7.958607
VMOGNRMSGFMLFQ-UHFFFAOYSA-N,2013,Ki,7.698970
VMQHOVDFWBZTMR-UHFFFAOYSA-N,2023,Ki,6.853872
VMQHOVDFWBZTMR-UHFFFAOYSA-N,2023,Ki,7.508638
VMRWCUCWOOVEQE-UHFFFAOYSA-N,2016,IC50,8.008774
VMSBWTDRZMICFC-UHFFFAOYSA-N,2019,Ki,5.737075
VMTIAIJOJOQAEM-GOSISDBHSA-N,1995,Ki,7.987163
VMTIAIJOJOQAEM-GOSISDBHSA-N,1995,Ki,8.657577
VMUIVGHGONOVFW-UHFFFAOYSA-N,2013,Ki,7.481486
VMUIVGHGONOVFW-UHFFFAOYSA-N,2013,Ki,6.619789
VMUIVGHGONOVFW-UHFFFAOYSA-N,2013,Ki,7.259637
VMUIVGHGONOVFW-UHFFFAOYSA-N,2013,Ki,6.455932
VMVIBHPQZUBRKV-UHFFFAOYSA-N,2010,Ki,7.400008
VMWNQDUVQKEIOC-CYBMUJFWSA-N,1993,Ki,7.585027
VMWNQDUVQKEIOC-CYBMUJFWSA-N,1995,Ki,7.377786
VMWNQDUVQKEIOC-CYBMUJFWSA-N,2000,Ki,7.380907
VMWNQDUVQKEIOC-CYBMUJFWSA-N,1996,Kd,7.619789
VMWNQDUVQKEIOC-CYBMUJFWSA-N,1994,Ki,7.552842
VMWNQDUVQKEIOC-CYBMUJFWSA-N,1993,Ki,7.585027
VMWNQDUVQKEIOC-CYBMUJFWSA-N,1996,Ki,7.377786
VMWNQDUVQKEIOC-CYBMUJFWSA-N,2004,EC50,8.236572
VMWNQDUVQKEIOC-CYBMUJFWSA-N,1996,Ki,7.377786
VMWNQDUVQKEIOC-CYBMUJFWSA-N,1989,Kd,9.180456
VMWNQDUVQKEIOC-CYBMUJFWSA-N,1989,Kd,6.896196
VMWNQDUVQKEIOC-CYBMUJFWSA-N,2001,Ki,7.380907
VMWNQDUVQKEIOC-CYBMUJFWSA-N,2001,Ki,7.377786
VMWNQDUVQKEIOC-CYBMUJFWSA-N,2006,EC50,8.236572
VMWNQDUVQKEIOC-CYBMUJFWSA-N,2006,EC50,8.744727
VMWNQDUVQKEIOC-CYBMUJFWSA-N,2006,Ki,8.443697
VMWNQDUVQKEIOC-CYBMUJFWSA-N,2007,EC50,7.698970
VMWNQDUVQKEIOC-CYBMUJFWSA-N,2008,EC50,8.397940
VMWNQDUVQKEIOC-CYBMUJFWSA-N,2008,Ki,7.494850
VMWNQDUVQKEIOC-CYBMUJFWSA-N,2008,Ki,7.008774
VMWNQDUVQKEIOC-CYBMUJFWSA-N,2010,Ki,6.612610
VMWNQDUVQKEIOC-CYBMUJFWSA-N,2010,Ki,9.207608
VMWNQDUVQKEIOC-CYBMUJFWSA-N,2012,Ki,7.301030
VMWNQDUVQKEIOC-CYBMUJFWSA-N,2013,EC50,8.397940
VMWNQDUVQKEIOC-CYBMUJFWSA-N,2013,Ki,7.275724
VMWNQDUVQKEIOC-CYBMUJFWSA-N,2013,IC50,6.931814
VMWNQDUVQKEIOC-CYBMUJFWSA-N,2013,EC50,8.769551
VMWNQDUVQKEIOC-CYBMUJFWSA-N,2015,IC50,8.376751
VMWNQDUVQKEIOC-CYBMUJFWSA-N,2004,EC50,6.240000
VMWNQDUVQKEIOC-CYBMUJFWSA-N,2018,EC50,7.896196
VMWNQDUVQKEIOC-CYBMUJFWSA-N,2020,EC50,8.000000
VMWNQDUVQKEIOC-CYBMUJFWSA-N,2020,EC50,7.995679
VMWNQDUVQKEIOC-CYBMUJFWSA-N,2020,EC50,8.799971
VMWNQDUVQKEIOC-CYBMUJFWSA-N,2020,EC50,8.793174
VMWNQDUVQKEIOC-CYBMUJFWSA-N,2019,Ki,7.376751
VMWNQDUVQKEIOC-CYBMUJFWSA-N,2019,Ki,7.376751
VMWNQDUVQKEIOC-CYBMUJFWSA-N,2020,Ki,7.086186
VMWNQDUVQKEIOC-CYBMUJFWSA-N,2024,Ki,7.283997
VMXHWDJFMZJHSQ-INIZCTEOSA-N,1993,Ki,6.373660
VMXHWDJFMZJHSQ-MRXNPFEDSA-N,1993,Ki,7.769551
VMYDRWOVWUPFPO-UHFFFAOYSA-N,2011,Ki,8.853872
VMYGQMAGNAUNIJ-UHFFFAOYSA-N,2020,Ki,6.145694
VMYGQMAGNAUNIJ-UHFFFAOYSA-N,2022,Ki,6.145694
VNARQPRRKFLRCA-UHFFFAOYSA-N,2010,Ki,8.260428
VNAZBTWTBGIYND-UHFFFAOYSA-N,1998,Ki,6.341035
VNBNTYXBGMTGOU-UHFFFAOYSA-N,2016,Ki,5.371100
VNCBCPIVWAMDIB-UHFFFAOYSA-N,2007,Ki,5.599999
VNDRDTRYTOSTBB-XUTJKUGGSA-N,2013,Ki,6.287603
VNEIHMUMEPSZBA-UHFFFAOYSA-N,2014,Ki,8.494850
VNFPBHJOKIVQEB-UHFFFAOYSA-N,,IC50,4.914139
VNFPBHJOKIVQEB-UHFFFAOYSA-N,,Ki,5.391260
VNGXWCQDWFYDOS-UHFFFAOYSA-N,1996,Ki,6.599998
VNNNOJMMKZKFEA-UHFFFAOYSA-N,2023,Ki,6.193820
VNOVJBCSHDLPEW-KRWDZBQOSA-N,2017,Ki,6.876148
VNQMWRQYPRIJGM-UHFFFAOYSA-N,2007,Ki,7.369979
VNQMWRQYPRIJGM-UHFFFAOYSA-N,2015,Ki,8.148742
VNSQNNPGGZXQAN-UHFFFAOYSA-N,2010,Ki,9.299989
VNZLQLYBRIOLFZ-UHFFFAOYSA-N,2012,Ki,6.167747
VNZLQLYBRIOLFZ-UHFFFAOYSA-N,2014,Ki,5.386158
VNZLQLYBRIOLFZ-UHFFFAOYSA-N,2014,Ki,5.390000
VOALUBYHXLQXRI-KLJDGLGGSA-N,2021,Ki,5.343902
VOALUBYHXLQXRI-WEWMWRJBSA-N,2021,Ki,5.882729
VOCJQDHVNNMIHT-UHFFFAOYSA-N,2016,Ki,6.316953
VOEUXHROHLFPEE-UHFFFAOYSA-N,1995,IC50,7.366532
VOFRSVXXPJCSAK-SFHVURJKSA-N,2005,Ki,4.744727
VOGUYUKRQYJYDP-GQCTYLIASA-N,2022,Ki,7.793174
VOHRIFJWKDCAAD-DLBZAZTESA-N,2020,Ki,6.187087
VOKCKVQKMXVJNW-UHFFFAOYSA-N,2020,EC50,5.537602
VOKCKVQKMXVJNW-UHFFFAOYSA-N,2023,EC50,5.537602
VOLSMORQSJTKPA-UHFFFAOYSA-N,1997,Ki,5.241845
VOLSMORQSJTKPA-UHFFFAOYSA-N,2005,Ki,5.240000
VONCVEKPHABPGO-UHFFFAOYSA-N,2014,Ki,7.251812
VONCVEKPHABPGO-UHFFFAOYSA-N,2014,Ki,7.327902
VOPNYIHLMCVSPL-UHFFFAOYSA-N,2002,Ki,6.113509
VOPNYIHLMCVSPL-UHFFFAOYSA-N,2002,Ki,6.236572
VOQWGUWQIPPYSL-UHFFFAOYSA-N,2020,Ki,5.864867
VOTBDUBBSJTEPA-PZJWPPBQSA-N,2010,Ki,5.221849
VOVXPCSLEFSNJQ-UHFFFAOYSA-N,2014,Ki,6.190003
VOWFPVSNWUSCMB-UHFFFAOYSA-N,1997,Ki,6.161151
VOYZXRJNYUYGFI-UHFFFAOYSA-N,2013,Ki,7.341989
VPAUPKOMHDFAMG-UHFFFAOYSA-N,2010,Ki,8.609065
VPBJNBUDASILSQ-INIZCTEOSA-N,2007,Ki,7.522879
VPBJNBUDASILSQ-INIZCTEOSA-N,2007,Ki,7.522879
VPBKGYIOHOLSGS-UHFFFAOYSA-N,2015,Ki,8.397940
VPCKUMFPILIIDI-JIBACQESSA-N,2014,Ki,6.395947
VPDXGIUSVBWBOE-UHFFFAOYSA-N,1992,Ki,8.744727
VPELKUVRUUVLLN-UHFFFAOYSA-N,2019,IC50,6.974694
VPLIPKULMVANPA-UHFFFAOYSA-N,2021,Ki,6.586365
VPLIPKULMVANPA-UHFFFAOYSA-N,2021,Ki,6.589999
VPLIPKULMVANPA-UHFFFAOYSA-N,2021,EC50,6.050025
VPLIPKULMVANPA-UHFFFAOYSA-N,2021,EC50,6.050000
VPLIPKULMVANPA-UHFFFAOYSA-N,2021,EC50,6.379968
VPLIPKULMVANPA-UHFFFAOYSA-N,2021,EC50,6.379999
VPQWKDKXRKHUGC-UHFFFAOYSA-N,2012,Ki,7.795880
VPRRPJPYZLZPNF-PMERELPUSA-N,2014,Ki,7.045757
VPUYNZMAEQVXFX-UHFFFAOYSA-N,1996,EC50,9.000000
VPVAKWMBXKRBMC-ZJCBTPCYSA-N,2019,EC50,6.481486
VPXUAYLFOKMYIW-UHFFFAOYSA-N,2015,Ki,6.150581
VPYCAVXBANQPPA-UHFFFAOYSA-N,2014,Ki,8.337242
VPYCAVXBANQPPA-UHFFFAOYSA-N,2014,Ki,8.494850
VPYCAVXBANQPPA-UHFFFAOYSA-N,2014,EC50,6.190003
VPYCAVXBANQPPA-UHFFFAOYSA-N,2014,EC50,6.187087
VPYCAVXBANQPPA-UHFFFAOYSA-N,2014,IC50,6.439998
VPYCAVXBANQPPA-UHFFFAOYSA-N,2014,IC50,6.443697
VQAXSIOYACBCCS-UHFFFAOYSA-N,2017,Ki,6.244125
VQAXSIOYACBCCS-UHFFFAOYSA-N,2018,Ki,6.244125
VQBXPTGVNAAIHI-UHFFFAOYSA-N,2005,Ki,6.585027
VQBXPTGVNAAIHI-UHFFFAOYSA-N,2005,Ki,6.397940
VQDRNQBRRSNVOR-UHFFFAOYSA-N,2020,EC50,7.795880
VQEFMIATWHWTNX-ZDUSSCGKSA-N,2005,Ki,6.721246
VQEFMIATWHWTNX-ZDUSSCGKSA-N,2005,Ki,5.187087
VQEFMIATWHWTNX-ZDUSSCGKSA-N,2005,Ki,6.886057
VQEFMIATWHWTNX-ZDUSSCGKSA-N,2005,Ki,5.292430
VQHDFSMAHHFXEB-MXVIHJGJSA-N,2017,Ki,8.297569
VQHDFSMAHHFXEB-MXVIHJGJSA-N,2017,Ki,8.297569
VQHITFFJBFOMBG-UHFFFAOYSA-N,1994,Ki,5.602060
VQHRXNVPMFOSRZ-UHFFFAOYSA-N,2006,Ki,6.408935
VQJWINDRTCMVEE-UHFFFAOYSA-N,2017,Ki,6.275724
VQJWINDRTCMVEE-UHFFFAOYSA-N,2018,Ki,6.275724
VQKRNRNICNEGLE-GXFFZTMASA-N,1994,Ki,5.592269
VQKRYESCJYNAOI-UHFFFAOYSA-N,2015,Ki,8.759950
VQKRYESCJYNAOI-UHFFFAOYSA-N,2015,EC50,10.019997
VQKRYESCJYNAOI-UHFFFAOYSA-N,2015,EC50,9.199971
VQKRYESCJYNAOI-UHFFFAOYSA-N,2015,Ki,8.769551
VQKRYESCJYNAOI-UHFFFAOYSA-N,2015,EC50,10.017729
VQKRYESCJYNAOI-UHFFFAOYSA-N,2015,EC50,9.193820
VQLYGEWSCCJRMT-UHFFFAOYSA-N,2019,IC50,6.924453
VQMDEMJGEQRPDH-UHFFFAOYSA-N,2014,Ki,8.251812
VQMDEMJGEQRPDH-UHFFFAOYSA-N,2014,Ki,8.187087
VQODXNCHOGDXSX-YKSBVNFPSA-N,2016,Ki,6.000000
VQODXNCHOGDXSX-YKSBVNFPSA-N,2016,Ki,5.929999
VQPCZLCMOKJHPB-RBBKRZOGSA-N,2010,Ki,5.670195
VQRXJDFSVAHLSS-WVPZODRTSA-N,2000,Ki,6.399997
VQTOIKFNTAKXCR-UHFFFAOYSA-N,1997,Ki,8.000000
VQVFEOWWKRLYCL-UHFFFAOYSA-N,2004,Ki,6.886057
VQWRIGMLIDJHJV-UHFFFAOYSA-N,2001,Ki,4.886057
VQWRIGMLIDJHJV-UHFFFAOYSA-N,2001,Ki,4.823909
VRBKIVRKKCLPHA-UHFFFAOYSA-N,2024,Ki,6.133400
VRFVDWALYCNYTM-LBPRGKRZSA-N,2024,IC50,7.522879
VRHJRFPPAACNSV-UHFFFAOYSA-N,2014,IC50,6.376751
VRHJRFPPAACNSV-UHFFFAOYSA-N,2014,IC50,7.309804
VRHJRFPPAACNSV-UHFFFAOYSA-N,2014,IC50,7.602060
VRHJRFPPAACNSV-UHFFFAOYSA-N,2014,Ki,6.346787
VRHJRFPPAACNSV-UHFFFAOYSA-N,2017,Ki,6.346787
VRHJRFPPAACNSV-UHFFFAOYSA-N,2018,Ki,6.346787
VRICTBBEBNNBAS-LVZFUZTISA-N,2006,Ki,6.590067
VRIOGKJTEWWNSZ-UHFFFAOYSA-N,2017,Ki,6.251812
VRJXNVWZJIUSSO-UHFFFAOYSA-N,2011,Ki,7.283997
VRJXNVWZJIUSSO-UHFFFAOYSA-N,2011,Ki,7.200659
VRLVWZJMGUUUAL-UHFFFAOYSA-N,2019,Ki,7.494850
VRLVWZJMGUUUAL-UHFFFAOYSA-N,2019,Ki,7.638272
VRQBYXDBZXNLRA-UHFFFAOYSA-N,2010,EC50,6.900009
VRQBYXDBZXNLRA-UHFFFAOYSA-N,2010,Ki,6.699992
VRRJFCMGNMFNOE-ARLHGKGLSA-N,1993,Ki,8.173925
VRRJFCMGNMFNOE-KZUDCZAMSA-N,1993,Ki,7.113509
VRRJFCMGNMFNOE-UHFFFAOYSA-N,1993,Ki,8.070581
VRRJFCMGNMFNOE-UONOGXRCSA-N,1993,Ki,8.070581
VRRJFCMGNMFNOE-ZIAGYGMSSA-N,1993,Ki,7.113509
VRRJFCMGNMFNOE-ZIAGYGMSSA-N,1993,Ki,8.173925
VRRJFCMGNMFNOE-ZIAGYGMSSA-N,1993,Ki,8.154902
VRSNKCQWIMHWFX-UHFFFAOYSA-N,2003,Ki,7.107349
VRUUWJUSPIOSIG-ILBGXUMGSA-N,2010,Ki,5.792635
VRWKFSXVIDXVMV-UHFFFAOYSA-N,2006,Ki,5.537602
VRWKFSXVIDXVMV-UHFFFAOYSA-N,2006,Ki,5.721246
VRWKFSXVIDXVMV-UHFFFAOYSA-N,2007,Ki,5.540000
VRYRLEFYPRNMNK-UHFFFAOYSA-N,2019,Ki,7.124939
VSBFNECEOCOOHP-UHFFFAOYSA-N,2019,Ki,4.562900
VSCOHVYQNPSUGJ-UHFFFAOYSA-N,2012,Ki,6.438899
VSESOHHTOBROFA-UHFFFAOYSA-N,2006,Ki,5.107905
VSESOHHTOBROFA-UHFFFAOYSA-N,2006,Ki,5.096910
VSHFJDFDEHUHMG-UHFFFAOYSA-N,2010,Ki,6.299998
VSHFJDFDEHUHMG-UHFFFAOYSA-N,2010,Ki,7.000000
VSLHVYXAJARFNB-UHFFFAOYSA-N,2017,Ki,6.619789
VSLHVYXAJARFNB-UHFFFAOYSA-N,2017,Ki,7.136677
VSLSUZJMQBJPOJ-UHFFFAOYSA-N,2022,Ki,6.829738
VSNDSXGFTAWJPT-UHFFFAOYSA-N,2019,IC50,7.684030
VSQDOVCYPJDCLP-AWEZNQCLSA-N,2020,Ki,7.552842
VSRQIONFRPRLGS-UHFFFAOYSA-N,2017,Ki,6.484126
VSUKSHADZRDBII-UHFFFAOYSA-N,2007,Ki,5.200000
VSVCCWQJHSJDMV-SFHVURJKSA-N,2011,IC50,6.000000
VSVDMIMYERSROL-UHFFFAOYSA-N,2010,Ki,4.136677
VSVDMIMYERSROL-UHFFFAOYSA-N,2010,Ki,4.000000
VSWBBUWHPLHOIX-OBGWFSINSA-N,2003,Ki,7.185752
VSWBSWWIRNCQIJ-UHFFFAOYSA-N,2015,Ki,8.050610
VSYGMBWVAURWIK-QAQDUYKDSA-N,2014,Ki,6.837944
VTBKJNQAKCEEEL-UHFFFAOYSA-N,2002,Ki,5.470057
VTESYDIGEMNUCI-UHFFFAOYSA-N,2012,EC50,9.096910
VTESYDIGEMNUCI-UHFFFAOYSA-N,2012,EC50,8.301030
VTESYDIGEMNUCI-UHFFFAOYSA-N,2012,Ki,8.537602
VTFHJUTXAYAVPD-PMVMPFDFSA-N,2013,Ki,6.374574
VTFHJUTXAYAVPD-YEMPIKNUSA-N,2013,Ki,6.281432
VTFHJUTXAYAVPD-YMPZKCBVSA-N,2013,Ki,6.308839
VTGDLGOSPAKXEA-WMISUKIASA-N,2010,Ki,6.299998
VTKQFQBLYNWSNR-UHFFFAOYSA-N,2017,Ki,6.480172
VTKQFQBLYNWSNR-UHFFFAOYSA-N,2018,Ki,6.480172
VTRDTHNGUFWMPX-UHFFFAOYSA-N,2019,IC50,8.420216
VTRMFVAGEAFJTR-UHFFFAOYSA-N,2020,Ki,6.296709
VTSGZNIOFXBPQI-UHFFFAOYSA-N,2002,Ki,5.966576
VTSMNPQRBXHIOD-UHFFFAOYSA-N,2008,Ki,6.000000
VTTMDSGFQMHASZ-UHFFFAOYSA-N,2006,Ki,6.339135
VTTMDSGFQMHASZ-UHFFFAOYSA-N,2006,Ki,6.339135
VTVFWBDKPBCURA-UHFFFAOYSA-N,2016,IC50,6.694649
VUBGTPVVYQBGQN-GLOFJIOZSA-N,2007,Ki,7.568636
VUBGTPVVYQBGQN-GLOFJIOZSA-N,2007,Ki,7.795880
VUBOHWYGXKSKPM-UHFFFAOYSA-N,2020,Ki,5.637706
VUBOHWYGXKSKPM-UHFFFAOYSA-N,2022,Ki,5.637706
VUDZLQDQARJUEH-UHFFFAOYSA-N,2003,Ki,7.744727
VUEGBGWRCATKQZ-CYBMUJFWSA-N,1994,Ki,7.318759
VUFRFPUOFHXBBM-UHFFFAOYSA-N,2010,Ki,5.400000
VUHBOMDUPLECSX-UHFFFAOYSA-N,2022,Ki,6.863279
VUIPRPLRHSZXDX-UHFFFAOYSA-N,2022,Ki,7.102373
VULDVDPDFZYFND-UHFFFAOYSA-N,2011,Ki,9.000000
VULDVDPDFZYFND-UHFFFAOYSA-N,2012,EC50,8.494850
VULDVDPDFZYFND-UHFFFAOYSA-N,2012,Ki,8.468521
VUQFQRNHGGYQGK-UHFFFAOYSA-N,2010,Ki,6.050610
VURPIGYSDZFRHH-UHFFFAOYSA-N,2003,Ki,8.301030
VUSBFQZSDADXBE-UHFFFAOYSA-N,2019,Ki,7.413413
VUTNNUCTOQWFCV-HKBQPEDESA-N,2014,Ki,7.638272
VUTOMIJXJZXCIM-ZDUSSCGKSA-N,2010,IC50,6.909989
VUXXDICFUUFOIZ-UHFFFAOYSA-N,1999,Ki,5.795880
VUZROXDIJDWGAH-OUKQBFOZSA-N,2003,Ki,7.823909
VVFMFUGAHRAYJX-UHFFFAOYSA-N,2018,Ki,5.458171
VVGHIMUWASPVQJ-UHFFFAOYSA-N,2007,Ki,6.299998
VVKLFXHTLGCGNU-UHFFFAOYSA-N,2015,Ki,7.346787
VVMAWHYBPARZHV-JTQLQIEISA-N,2010,IC50,9.540005
VVNKMNCWRHQTDH-UHFFFAOYSA-N,2015,Ki,6.612610
VVODYFOWICQKRF-XYWHTSSQSA-N,2022,Ki,7.346787
VVPCRKVUSARVSE-UHFFFAOYSA-N,2013,Ki,7.552842
VVPCRKVUSARVSE-UHFFFAOYSA-N,2013,Ki,7.408935
VVPYOHCUMZPDTM-GOSISDBHSA-N,2010,Ki,5.221849
VVRAANFGOIKBRD-UHFFFAOYSA-N,2008,Ki,4.677781
VVTLMNQMVBGPMD-VQIMIIECSA-N,2021,Ki,6.069051
VWBQZTFOSGQJQU-UHFFFAOYSA-N,2020,Ki,7.119186
VWBQZTFOSGQJQU-UHFFFAOYSA-N,2022,Ki,7.119186
VWGCBHSNAGFTHA-UHFFFAOYSA-O,2017,Ki,5.200659
VWGCBHSNAGFTHA-UHFFFAOYSA-O,2017,Ki,5.346787
VWHFISHLSCXQIT-UHFFFAOYSA-N,2021,Ki,8.721246
VWHNWZZZFGWTTI-MXVIHJGJSA-N,2017,Ki,8.061981
VWHNWZZZFGWTTI-MXVIHJGJSA-N,2017,Ki,8.061981
VWMRBJMBBQZAKF-UHFFFAOYSA-N,2020,Ki,6.083546
VWMRBJMBBQZAKF-UHFFFAOYSA-N,2022,Ki,6.083546
VWSIRRGCSLAFGS-UHFFFAOYSA-N,2018,IC50,8.096910
VWTBKWKKPKFNJR-FQEVSTJZSA-N,2021,Ki,7.596879
VWTCRTQGMATJRY-HCGLCNNCSA-N,2023,Ki,8.107905
VWTCRTQGMATJRY-HCGLCNNCSA-N,2023,EC50,7.369979
VWTCRTQGMATJRY-HCGLCNNCSA-N,2023,EC50,7.370590
VWXWDHIJTXVFHJ-UHFFFAOYSA-N,2022,Ki,8.259637
VXCJOMSAQANJDK-UHFFFAOYSA-N,2019,Ki,6.595166
VXHLHYPOHKQMNB-UHFFFAOYSA-N,2006,Ki,5.568636
VXHLHYPOHKQMNB-UHFFFAOYSA-N,2006,Ki,5.376751
VXILQLXJSINXHA-UHFFFAOYSA-N,2022,Ki,6.139998
VXJVZBXRTNKKRU-UHFFFAOYSA-N,2021,IC50,5.760000
VXNGRJYOYXAYSC-XNMGPUDCSA-N,2021,Ki,5.989276
VXPJDPSEYZZZEM-GFCCVEGCSA-N,1996,Ki,6.595166
VXPJDPSEYZZZEM-GFCCVEGCSA-N,1996,Ki,6.102373
VXQGSKLYCJFAKI-HNNXBMFYSA-N,1989,Ki,5.430000
VXTBATODBHMPJK-UHFFFAOYSA-N,2007,Ki,6.499997
VXTINWNGKOZZIK-XGAFWQRZSA-N,2023,Ki,5.853872
VXTKAVNUVLUPMB-XUTJKUGGSA-N,2013,Ki,6.639350
VXTVAYBBRGJBTM-IYBDPMFKSA-N,2009,Ki,8.299989
VXTVAYBBRGJBTM-IYBDPMFKSA-N,2009,Ki,8.299989
VXWWHYWZTKORBH-UHFFFAOYSA-N,2009,Ki,6.244125
VXWWHYWZTKORBH-UHFFFAOYSA-N,2009,Ki,6.420216
VXXGFFBHXLMHAK-UHFFFAOYSA-N,1996,Ki,5.890084
VXZHIQQSDIJVSS-HZCBDIJESA-N,2007,Ki,8.721246
VXZHIQQSDIJVSS-SZPZYZBQSA-N,2007,Ki,6.712198
VYAKZBSIEMCYFQ-ZHALLVOQSA-N,2013,Ki,6.571153
VYCBASLVLXPETI-CRAIPNDOSA-N,2019,Ki,5.920096
VYCBASLVLXPETI-CRAIPNDOSA-N,2020,Ki,5.920096
VYCBASLVLXPETI-UHFFFAOYSA-N,2019,Ki,5.819874
VYCBASLVLXPETI-UHFFFAOYSA-N,2020,Ki,5.819874
VYCKVQISRHCOOL-OAHLLOKOSA-N,1996,Ki,7.341035
VYCKVQISRHCOOL-OAHLLOKOSA-N,1996,Ki,6.677781
VYFSCTYDZYUMSC-UHFFFAOYSA-N,2007,EC50,5.142668
VYFYYTLLBUKUHU-UHFFFAOYSA-N,1999,Ki,8.723538
VYFYYTLLBUKUHU-UHFFFAOYSA-N,1999,Ki,6.119758
VYFYYTLLBUKUHU-UHFFFAOYSA-N,1996,Ki,8.723538
VYFYYTLLBUKUHU-UHFFFAOYSA-N,1996,Ki,6.242604
VYFYYTLLBUKUHU-UHFFFAOYSA-N,1998,Ki,5.100179
VYFYYTLLBUKUHU-UHFFFAOYSA-N,2000,Ki,7.698970
VYFYYTLLBUKUHU-UHFFFAOYSA-N,2000,Ki,7.769551
VYFYYTLLBUKUHU-UHFFFAOYSA-N,2000,Ki,5.721246
VYFYYTLLBUKUHU-UHFFFAOYSA-N,2000,Ki,5.958607
VYFYYTLLBUKUHU-UHFFFAOYSA-N,2000,Ki,7.376751
VYFYYTLLBUKUHU-UHFFFAOYSA-N,2000,Ki,7.468521
VYFYYTLLBUKUHU-UHFFFAOYSA-N,2000,Ki,4.823909
VYFYYTLLBUKUHU-UHFFFAOYSA-N,2000,Ki,4.823909
VYFYYTLLBUKUHU-UHFFFAOYSA-N,1995,Ki,6.585027
VYFYYTLLBUKUHU-UHFFFAOYSA-N,1995,EC50,6.769551
VYFYYTLLBUKUHU-UHFFFAOYSA-N,1985,IC50,14.096910
VYFYYTLLBUKUHU-UHFFFAOYSA-N,2004,EC50,7.744727
VYFYYTLLBUKUHU-UHFFFAOYSA-N,2006,EC50,7.744727
VYFYYTLLBUKUHU-UHFFFAOYSA-N,2006,EC50,8.096910
VYFYYTLLBUKUHU-UHFFFAOYSA-N,2008,EC50,6.679854
VYFYYTLLBUKUHU-UHFFFAOYSA-N,2008,EC50,7.366532
VYFYYTLLBUKUHU-UHFFFAOYSA-N,2008,EC50,6.679854
VYFYYTLLBUKUHU-UHFFFAOYSA-N,2008,Ki,6.346787
VYFYYTLLBUKUHU-UHFFFAOYSA-N,2008,Ki,6.443697
VYFYYTLLBUKUHU-UHFFFAOYSA-N,2009,EC50,6.679854
VYFYYTLLBUKUHU-UHFFFAOYSA-N,2010,EC50,6.679854
VYFYYTLLBUKUHU-UHFFFAOYSA-N,2010,Ki,5.677781
VYFYYTLLBUKUHU-UHFFFAOYSA-N,2010,Ki,8.537602
VYFYYTLLBUKUHU-UHFFFAOYSA-N,2010,EC50,6.679854
VYFYYTLLBUKUHU-UHFFFAOYSA-N,2010,EC50,6.679854
VYFYYTLLBUKUHU-UHFFFAOYSA-N,2012,Ki,5.677781
VYFYYTLLBUKUHU-UHFFFAOYSA-N,2012,EC50,6.643974
VYFYYTLLBUKUHU-UHFFFAOYSA-N,2012,EC50,7.187087
VYFYYTLLBUKUHU-UHFFFAOYSA-N,2012,Ki,6.374688
VYFYYTLLBUKUHU-UHFFFAOYSA-N,2012,EC50,6.619789
VYFYYTLLBUKUHU-UHFFFAOYSA-N,2013,Ki,6.958607
VYFYYTLLBUKUHU-UHFFFAOYSA-N,2013,Ki,6.721246
VYFYYTLLBUKUHU-UHFFFAOYSA-N,2013,EC50,8.173925
VYFYYTLLBUKUHU-UHFFFAOYSA-N,2013,EC50,6.643974
VYFYYTLLBUKUHU-UHFFFAOYSA-N,2013,Ki,5.677781
VYFYYTLLBUKUHU-UHFFFAOYSA-N,2013,Ki,8.096910
VYFYYTLLBUKUHU-UHFFFAOYSA-N,2014,EC50,7.443697
VYFYYTLLBUKUHU-UHFFFAOYSA-N,2014,Ki,7.657577
VYFYYTLLBUKUHU-UHFFFAOYSA-N,2014,Ki,7.251812
VYFYYTLLBUKUHU-UHFFFAOYSA-N,2014,Ki,8.698970
VYFYYTLLBUKUHU-UHFFFAOYSA-N,2014,EC50,9.199971
VYFYYTLLBUKUHU-UHFFFAOYSA-N,2014,IC50,4.000000
VYFYYTLLBUKUHU-UHFFFAOYSA-N,2014,IC50,6.000000
VYFYYTLLBUKUHU-UHFFFAOYSA-N,2014,Ki,6.036212
VYFYYTLLBUKUHU-UHFFFAOYSA-N,2014,Ki,4.935542
VYFYYTLLBUKUHU-UHFFFAOYSA-N,2014,Ki,6.636388
VYFYYTLLBUKUHU-UHFFFAOYSA-N,2014,Ki,6.060002
VYFYYTLLBUKUHU-UHFFFAOYSA-N,2014,Ki,5.250000
VYFYYTLLBUKUHU-UHFFFAOYSA-N,2014,Ki,6.970008
VYFYYTLLBUKUHU-UHFFFAOYSA-N,2014,EC50,6.661544
VYFYYTLLBUKUHU-UHFFFAOYSA-N,2014,EC50,6.329995
VYFYYTLLBUKUHU-UHFFFAOYSA-N,2014,EC50,6.327902
VYFYYTLLBUKUHU-UHFFFAOYSA-N,2015,EC50,6.737549
VYFYYTLLBUKUHU-UHFFFAOYSA-N,2016,Ki,8.058986
VYFYYTLLBUKUHU-UHFFFAOYSA-N,2016,Ki,5.432974
VYFYYTLLBUKUHU-UHFFFAOYSA-N,2016,EC50,8.301030
VYFYYTLLBUKUHU-UHFFFAOYSA-N,2016,EC50,8.113509
VYFYYTLLBUKUHU-UHFFFAOYSA-N,2016,Ki,7.318759
VYFYYTLLBUKUHU-UHFFFAOYSA-N,2016,EC50,9.161151
VYFYYTLLBUKUHU-UHFFFAOYSA-N,2004,EC50,8.400008
VYFYYTLLBUKUHU-UHFFFAOYSA-N,2017,EC50,8.552842
VYFYYTLLBUKUHU-UHFFFAOYSA-N,2017,EC50,8.408935
VYFYYTLLBUKUHU-UHFFFAOYSA-N,2017,EC50,8.346787
VYFYYTLLBUKUHU-UHFFFAOYSA-N,2017,EC50,9.173925
VYFYYTLLBUKUHU-UHFFFAOYSA-N,2017,EC50,9.107905
VYFYYTLLBUKUHU-UHFFFAOYSA-N,2017,EC50,6.645892
VYFYYTLLBUKUHU-UHFFFAOYSA-N,2017,EC50,6.787812
VYFYYTLLBUKUHU-UHFFFAOYSA-N,2017,EC50,6.806875
VYFYYTLLBUKUHU-UHFFFAOYSA-N,2017,Ki,7.795880
VYFYYTLLBUKUHU-UHFFFAOYSA-N,2017,EC50,6.408935
VYFYYTLLBUKUHU-UHFFFAOYSA-N,2017,EC50,6.698970
VYFYYTLLBUKUHU-UHFFFAOYSA-N,2017,EC50,6.795880
VYFYYTLLBUKUHU-UHFFFAOYSA-N,2018,EC50,7.721246
VYFYYTLLBUKUHU-UHFFFAOYSA-N,2019,EC50,9.004365
VYFYYTLLBUKUHU-UHFFFAOYSA-N,2019,EC50,7.397940
VYFYYTLLBUKUHU-UHFFFAOYSA-N,2020,EC50,6.853872
VYFYYTLLBUKUHU-UHFFFAOYSA-N,2016,EC50,6.424812
VYFYYTLLBUKUHU-UHFFFAOYSA-N,2019,EC50,9.096910
VYFYYTLLBUKUHU-UHFFFAOYSA-N,2020,EC50,7.739929
VYFYYTLLBUKUHU-UHFFFAOYSA-N,2023,EC50,6.698081
VYFYYTLLBUKUHU-UHFFFAOYSA-N,2023,EC50,5.460924
VYFYYTLLBUKUHU-UHFFFAOYSA-N,2023,EC50,7.243364
VYFYYTLLBUKUHU-UHFFFAOYSA-N,2023,EC50,7.179996
VYFYYTLLBUKUHU-UHFFFAOYSA-N,2023,EC50,7.178814
VYFYYTLLBUKUHU-UHFFFAOYSA-N,2024,Ki,7.903090
VYFYYTLLBUKUHU-UHFFFAOYSA-N,2017,Ki,5.786217
VYFYYTLLBUKUHU-UHFFFAOYSA-N,2017,Ki,5.800001
VYGJNGJRTPHPPA-UHFFFAOYSA-N,2010,Ki,8.638272
VYGJNGJRTPHPPA-UHFFFAOYSA-N,2010,Ki,9.356547
VYGXIFKVFAKJNM-FQEVSTJZSA-N,2017,Ki,6.136083
VYHUCPCVCHMNCC-UHFFFAOYSA-N,1994,Ki,6.283997
VYIBBUMRFFRMSQ-UHFFFAOYSA-N,2009,Ki,6.142668
VYIBPAZWROJPIT-UHFFFAOYSA-N,1999,Ki,7.283997
VYJSEMNZGPEKAE-UHFFFAOYSA-N,1999,Ki,6.460924
VYMPWSGDTBOYFF-CTNGQTDRSA-N,2010,Ki,6.499997
VYQGDEGEWDOYTJ-UHFFFAOYSA-N,2019,Ki,4.900181
VYUXTFBVDSGWAR-UHFFFAOYSA-N,2019,Ki,7.568636
VZAPTAUVWQWZDW-UHFFFAOYSA-N,2020,EC50,6.096910
VZCQCONTEBWWMW-BUHFOSPRSA-N,1995,Ki,5.629857
VZCQCONTEBWWMW-YPKPFQOOSA-N,1995,Ki,5.818728
VZFYQAAXSLVYIL-UHFFFAOYSA-N,2008,Ki,6.677781
VZFYQAAXSLVYIL-UHFFFAOYSA-N,2008,Ki,6.744727
VZGCIZBAKNLDRR-UHFFFAOYSA-N,2009,Ki,7.749580
VZHJJBFDOPZNIN-UHFFFAOYSA-N,2006,Ki,5.823909
VZHORDSFYCKLRO-MEMLXQNLSA-N,2017,Ki,7.928118
VZHORDSFYCKLRO-MEMLXQNLSA-N,2017,Ki,7.928118
VZIIAQQJQFQYID-XYWHTSSQSA-N,2014,Ki,6.631713
VZKPTHAFKKTYRC-HZCBDIJESA-N,2007,Ki,7.568636
VZKPTHAFKKTYRC-SZPZYZBQSA-N,2007,Ki,7.161151
VZKXQURASTWIAW-AQYVVDRMSA-N,2016,Ki,9.481486
VZLAEFHZBRUVDC-UHFFFAOYSA-N,2022,Ki,7.091515
VZNBDFOHHGDJKC-UHFFFAOYSA-N,2002,Ki,6.119186
VZNBDFOHHGDJKC-UHFFFAOYSA-N,2002,Ki,6.259637
VZNSZPOJWAAUQR-UHFFFAOYSA-N,1995,Ki,6.899629
VZNSZPOJWAAUQR-UHFFFAOYSA-N,2013,Ki,6.899629
VZQTUQHHRRWIAE-UHFFFAOYSA-N,1999,Ki,5.866461
VZTUIEROBZXUFA-INIZCTEOSA-N,2013,Ki,6.924453
VZTUIEROBZXUFA-INIZCTEOSA-N,2017,Ki,7.095826
VZWLMLULZYPQLO-UHFFFAOYSA-N,2017,Ki,6.047692
VZWLMLULZYPQLO-UHFFFAOYSA-N,2018,Ki,6.047692
VZXAKUVFURTEQJ-UHFFFAOYSA-N,2022,Ki,5.300769
VZZGBKXBBHQYML-MOJGAOKDSA-N,2008,Ki,6.247952
VZZJAZOBBQGWCX-WGOQTCKBSA-N,2007,Ki,4.267606
WAAARZOJVXERQD-UHFFFAOYSA-N,2020,Ki,7.795880
WAFDZIYPGQIZQE-UHFFFAOYSA-N,2009,Ki,7.552842
WAFXOAGOOZIJGE-FXAWDEMLSA-N,2019,Ki,6.610834
WAFXOAGOOZIJGE-FXAWDEMLSA-N,2020,Ki,6.610834
WAFXOAGOOZIJGE-UHFFFAOYSA-N,2019,Ki,6.429457
WAFXOAGOOZIJGE-UHFFFAOYSA-N,2020,Ki,6.429457
WAFXOAGOOZIJGE-XLIONFOSSA-N,2019,Ki,6.050122
WAFXOAGOOZIJGE-XLIONFOSSA-N,2020,Ki,6.050122
WAIZFEIVFOBJJX-UHFFFAOYSA-N,2021,Ki,8.013228
WAKZRNAHRQKOQJ-MRXNPFEDSA-N,1999,Ki,6.928118
WAKZRNAHRQKOQJ-MRXNPFEDSA-N,1999,Ki,6.903090
WALMTRXCDOAKGA-FPOVZHCZSA-N,2024,Ki,7.275724
WALQYBLEMBEYFX-JOCHJYFZSA-N,2017,Ki,6.917215
WAMSRMUXQPANBA-UTEDSILMSA-N,1999,Ki,10.148742
WAMSRMUXQPANBA-UTEDSILMSA-N,1999,Ki,6.707744
WAMSRMUXQPANBA-UTEDSILMSA-N,1999,Ki,9.913640
WAMSRMUXQPANBA-UTEDSILMSA-N,1999,Ki,6.609065
WAMSRMUXQPANBA-UTEDSILMSA-N,1999,Ki,10.508638
WAMSRMUXQPANBA-UTEDSILMSA-N,1999,Ki,6.774691
WAMSRMUXQPANBA-UTEDSILMSA-N,1999,Ki,10.193820
WAMSRMUXQPANBA-UTEDSILMSA-N,1999,Ki,6.694649
WAOBJIAOTFLXLR-UHFFFAOYSA-N,2019,Ki,5.073966
WAOQONBSWFLFPE-VIFPVBQESA-N,2007,Ki,7.769551
WAOQONBSWFLFPE-VIFPVBQESA-N,2007,Ki,7.508638
WAOQONBSWFLFPE-VIFPVBQESA-N,2014,Ki,7.896196
WAOQONBSWFLFPE-VIFPVBQESA-N,2014,Ki,8.917215
WAOQONBSWFLFPE-VIFPVBQESA-N,2020,IC50,8.739929
WAOQONBSWFLFPE-VIFPVBQESA-N,2020,IC50,8.737549
WAOQONBSWFLFPE-VIFPVBQESA-N,2020,IC50,7.000000
WAOQONBSWFLFPE-VIFPVBQESA-N,2020,IC50,6.982132
WAOQONBSWFLFPE-VIFPVBQESA-N,2016,Ki,7.896196
WAOZNBXSEVIAGX-MBOZVWFJSA-N,2012,Ki,5.500313
WAPXCWVANCEDGJ-UHFFFAOYSA-N,2007,Ki,6.092589
WASBJZGHAFSXQF-UHFFFAOYSA-N,2015,Ki,8.677781
WASBJZGHAFSXQF-UHFFFAOYSA-N,2015,EC50,6.514279
WASBJZGHAFSXQF-UHFFFAOYSA-N,2015,EC50,8.602060
WASDQAJQWQDOQW-UHFFFAOYSA-N,2010,Ki,8.795880
WASWXYVTAUBCDE-UHFFFAOYSA-N,2014,Ki,7.853872
WAWSGWZTHJAPIA-UHFFFAOYSA-N,2010,Ki,6.585027
WAWSGWZTHJAPIA-UHFFFAOYSA-N,2013,Ki,6.920819
WAZOEZSHZLLENC-KLYXCBONSA-N,2023,Ki,6.173925
WBEGSSSQQIUZRQ-UHFFFAOYSA-N,2019,Ki,5.371918
WBENNDOANVTGAH-UHFFFAOYSA-N,2020,Ki,5.978811
WBENNDOANVTGAH-UHFFFAOYSA-N,2022,Ki,5.978811
WBEWCMPWKAJVJV-UHFFFAOYSA-N,2015,Ki,6.560005
WBEWCMPWKAJVJV-UHFFFAOYSA-N,2015,Ki,6.563837
WBFUPJYWMYUSBO-UHFFFAOYSA-N,2020,Ki,6.375718
WBFUPJYWMYUSBO-UHFFFAOYSA-N,2022,Ki,6.376751
WBFUPJYWMYUSBO-UHFFFAOYSA-N,2023,Ki,6.375718
WBFWNZOPXYBZFJ-UXHICEINSA-N,2023,Ki,7.669586
WBGCNLMSYUBTIS-UHFFFAOYSA-N,2017,Ki,5.872571
WBGCNLMSYUBTIS-UHFFFAOYSA-N,2018,Ki,5.872571
WBGWXELVCBHOMZ-UHFFFAOYSA-N,2011,Ki,6.638272
WBPQUVBSCHPRGJ-UHFFFAOYSA-N,2020,Ki,6.772113
WBPQUVBSCHPRGJ-UHFFFAOYSA-N,2022,Ki,6.772113
WBUCFEOIQMRVHB-UHFFFAOYSA-N,2010,Ki,6.699992
WBVLCBQDISBZLH-AQYVVDRMSA-N,2013,Ki,6.060980
WBZRGAFDKQUGFB-UHFFFAOYSA-N,2010,Ki,8.149967
WBZXILODXAKGQO-UHFFFAOYSA-N,2007,Ki,7.677781
WCAGCKMTLAATQU-UHFFFAOYSA-N,2022,Ki,5.260000
WCAGCKMTLAATQU-UHFFFAOYSA-N,2025,Ki,5.260000
WCEIUAYVTGWLJR-UHFFFAOYSA-N,2017,Ki,5.448428
WCEIUAYVTGWLJR-UHFFFAOYSA-N,2018,Ki,5.448428
WCFAGISVWLBGAX-UHFFFAOYSA-N,2001,Ki,6.421361
WCHJUNPRKBSVFY-UHFFFAOYSA-N,2019,Ki,5.400008
WCHWFNCOZFCZSO-UHFFFAOYSA-N,1998,IC50,7.221849
WCIPIDQYCIFSCP-UHFFFAOYSA-N,2012,Ki,7.602060
WCIPIDQYCIFSCP-UHFFFAOYSA-N,2012,Ki,7.920819
WCJFBSYALHQBSK-UHFFFAOYSA-N,2021,Ki,4.457175
WCPFRPNMWXGWQY-ONEGZZNKSA-N,2005,Ki,7.739929
WCSZBBHBUPLUCU-UHFFFAOYSA-N,2017,Ki,6.270835
WCSZBBHBUPLUCU-UHFFFAOYSA-N,2017,Ki,5.927750
WCSZBBHBUPLUCU-UHFFFAOYSA-N,2018,Ki,5.927750
WCTUBAYTZGGHLK-UHFFFAOYSA-N,2021,Ki,6.193142
WCTUBAYTZGGHLK-UHFFFAOYSA-N,2021,Ki,6.190003
WCUXCSHIFAMMQM-UHFFFAOYSA-N,2005,Ki,5.698970
WCWLPSUGBHNMHQ-UHFFFAOYSA-N,2020,Ki,6.162412
WCWNXHJYVSNEHQ-YLJYHZDGSA-N,2013,IC50,8.221849
WCWNXHJYVSNEHQ-YLJYHZDGSA-N,2013,Ki,8.397940
WCWNYVYNQAPOOX-OAHLLOKOSA-N,2005,Ki,6.236572
WCXOZRBCTFWPKS-UHFFFAOYSA-N,1997,Ki,7.400008
WCXYNCOEJKTKIB-HNNXBMFYSA-N,2014,Ki,7.389021
WCZVRYOCPPENFW-UHFFFAOYSA-N,2015,EC50,6.943095
WCZVRYOCPPENFW-UHFFFAOYSA-N,2015,EC50,6.950007
WDDZPZKGLZNGEH-INIZCTEOSA-N,1993,Ki,6.047692
WDDZPZKGLZNGEH-MRXNPFEDSA-N,1993,Ki,7.455932
WDEYIXBZAKPKCG-SFHVURJKSA-N,2017,Ki,6.970616
WDHYFDZSQKSUCX-WGSAOQKQSA-N,1997,Ki,8.000000
WDJJKEWRFILELR-WKILWMFISA-N,2020,Ki,6.619789
WDJJKEWRFILELR-WKILWMFISA-N,2022,Ki,6.619789
WDOHIMSNJWQAGJ-UHFFFAOYSA-N,2020,IC50,7.540005
WDSFGGKHZHMPNE-SXTNBDNLSA-N,2022,Ki,6.065502
WDTMSPNCLRUYLZ-UHFFFAOYSA-N,2014,Ki,6.244125
WDTMSPNCLRUYLZ-UHFFFAOYSA-N,2014,Ki,6.240000
WDUSWYFMVWMQGP-UHFFFAOYSA-N,2020,Ki,5.852324
WDUSWYFMVWMQGP-UHFFFAOYSA-N,2022,Ki,5.852324
WDYXVLOKALEPOS-UHFFFAOYSA-N,2016,Ki,7.235824
WDZOSSNSOBKEMP-MEMLXQNLSA-N,2007,Ki,7.086186
WDZOSSNSOBKEMP-OYRHEFFESA-N,2007,Ki,7.161151
WDZRVYQTJKWKOX-UHFFFAOYSA-N,2006,Ki,6.468521
WDZRVYQTJKWKOX-UHFFFAOYSA-N,2006,Ki,6.721246
WDZRVYQTJKWKOX-UHFFFAOYSA-N,2007,Ki,6.470005
WDZUKYLSGVBAHN-UHFFFAOYSA-N,2019,IC50,7.119186
WEABCZGCKKUPTB-UHFFFAOYSA-N,2010,Ki,8.698970
WEEBXSDEOQNZPK-NLFFAJNJSA-N,2016,Ki,5.940001
WEEBXSDEOQNZPK-NLFFAJNJSA-N,2016,Ki,5.679999
WEFBOGOBWJVPBI-UHFFFAOYSA-N,2017,Ki,6.000000
WEFCQLWBBLEXDK-SFHVURJKSA-N,2021,Ki,7.128427
WEGLOYDTDILXDA-HNNXBMFYSA-N,2021,Ki,5.631966
WEGLOYDTDILXDA-HNNXBMFYSA-N,2021,Ki,5.700001
WEGLOYDTDILXDA-HNNXBMFYSA-N,2023,Ki,5.631966
WELSMEFKUXDCLH-XUTJKUGGSA-N,2023,Ki,6.045757
WEMWEQGYQWENGE-UHFFFAOYSA-N,2016,Ki,8.259637
WERKEUPGJIAGPV-UHFFFAOYSA-N,2014,EC50,7.260032
WERKEUPGJIAGPV-UHFFFAOYSA-N,2014,EC50,7.259637
WEUPAXGYFOUDLZ-CYBMUJFWSA-N,1993,Ki,9.221849
WEVJMQOBCRCIPF-UHFFFAOYSA-N,2008,Ki,7.008774
WEVJMQOBCRCIPF-UHFFFAOYSA-N,2012,Ki,7.008774
WEVXDKFRXWZSDU-UHFFFAOYSA-N,1998,Ki,6.494850
WEVXDKFRXWZSDU-UHFFFAOYSA-N,1998,Ki,6.795880
WEWHUBNHAHEDPL-UHFFFAOYSA-N,2002,Ki,6.889410
WEXLHWFGOZCTNY-UHFFFAOYSA-N,2010,Ki,7.004365
WEYXUHPIPVELRK-UHFFFAOYSA-N,2017,Ki,5.161151
WEYXUHPIPVELRK-UHFFFAOYSA-N,2017,Ki,5.221849
WFENTJXFRAVXHY-CQSZACIVSA-N,1999,Ki,7.585027
WFENTJXFRAVXHY-CQSZACIVSA-N,1999,Ki,6.696804
WFENTJXFRAVXHY-CQSZACIVSA-N,1996,Ki,7.585027
WFENTJXFRAVXHY-CQSZACIVSA-N,1996,Ki,6.696804
WFKZKRWZCHJQIT-RUZDIDTESA-N,2012,IC50,5.823909
WFLHEXUTTRRXFJ-UHFFFAOYSA-N,1998,IC50,6.207608
WFLPEXKCKZHVKQ-SFHVURJKSA-N,2000,Ki,6.337242
WFNJZMXOSUJROE-UHFFFAOYSA-N,2011,Ki,7.744727
WFNJZMXOSUJROE-UHFFFAOYSA-N,2011,Ki,7.795880
WFUOLXWLKCINBD-UHFFFAOYSA-N,2019,Ki,4.313507
WFZGNCZPMNZWQB-JOCHJYFZSA-N,2018,Ki,8.221849
WFZGNCZPMNZWQB-QFIPXVFZSA-N,2018,Ki,7.958607
WFZGNCZPMNZWQB-QFIPXVFZSA-N,2018,Ki,7.958607
WGDFOVYWTNOIKG-UHFFFAOYSA-N,2011,Ki,7.821023
WGKKVLJBBALZSS-UHFFFAOYSA-N,2005,Ki,7.920819
WGLPSCZHULDZSS-JTQLQIEISA-N,2007,Ki,9.187087
WGLPSCZHULDZSS-JTQLQIEISA-N,2007,Ki,8.795880
WGMYZADUDVJWCW-ZHACJKMWSA-N,2003,Ki,8.022276
WGOUWABLRGOCPZ-UHFFFAOYSA-N,2019,Ki,6.730487
WGOUWABLRGOCPZ-UHFFFAOYSA-N,2019,Ki,6.729997
WGPYFRNJRFRJBN-UHFFFAOYSA-N,2025,Ki,5.500000
WGYLSXPWKYVIGW-UHFFFAOYSA-N,2013,Ki,9.397940
WGZMUKVNOBTQJA-UHFFFAOYSA-N,2007,Ki,6.549997
WHCKEFZLQQCXGO-UHFFFAOYSA-N,2007,Ki,7.200659
WHDATORJGMRETC-OUUBHVDSSA-N,2013,Ki,4.292430
WHDATORJGMRETC-OUUBHVDSSA-N,2013,Ki,4.619789
WHEWCDCGFVTYAK-UHFFFAOYSA-N,2016,Ki,4.800000
WHEWCDCGFVTYAK-UHFFFAOYSA-N,2020,Ki,4.830002
WHGLFZPJAYDODK-WMZHIEFXSA-N,2010,Ki,6.499997
WHJLICHULFVCIM-UHFFFAOYSA-N,2019,Ki,7.180456
WHJLICHULFVCIM-UHFFFAOYSA-N,2019,Ki,7.179996
WHNDUGSFHPQVOW-YGXOWLSWSA-N,2022,Ki,7.167491
WHOZDXFLKLSAJU-UHFFFAOYSA-N,2010,Ki,6.900009
WHOZDXFLKLSAJU-UHFFFAOYSA-N,2010,Ki,7.500038
WHTUEKIFAXDIRP-UHFFFAOYSA-N,1999,Ki,4.958607
WHTUEKIFAXDIRP-UHFFFAOYSA-N,1999,Ki,5.107905
WHUMPPXYAFTKHM-UILWBTOOSA-N,2022,Ki,6.420216
WHZDUNLDAICJFI-ORQYLMBXSA-N,2022,Ki,6.102373
WIALFKJOQWJYSC-CVEARBPZSA-N,2018,Ki,5.110979
WIBZNJPNKFYUFU-UHFFFAOYSA-N,2002,Ki,5.233067
WIDARYDIQORZIK-UHFFFAOYSA-N,2002,Ki,6.054039
WIHMMKGUBDZGEG-UHFFFAOYSA-N,2007,Ki,6.499997
WIHMMKGUBDZGEG-UHFFFAOYSA-N,2007,Ki,5.020000
WIHMMKGUBDZGEG-UHFFFAOYSA-N,2007,Ki,6.499997
WIHMMKGUBDZGEG-UHFFFAOYSA-N,2008,Ki,6.499997
WIHMMKGUBDZGEG-UHFFFAOYSA-N,2009,Ki,6.499997
WIHMMKGUBDZGEG-UHFFFAOYSA-N,2009,Ki,6.499997
WIHMMKGUBDZGEG-UHFFFAOYSA-N,2010,Ki,6.499997
WIJUWJDUUDINBR-GOSISDBHSA-N,2017,EC50,8.508638
WIJUWJDUUDINBR-GOSISDBHSA-N,2017,Ki,7.396856
WIJUWJDUUDINBR-GOSISDBHSA-N,2017,EC50,7.130768
WIJUWJDUUDINBR-GOSISDBHSA-N,2017,EC50,6.723998
WIJUWJDUUDINBR-GOSISDBHSA-N,2017,EC50,6.801893
WIJVLCXKSPDTFW-UHFFFAOYSA-N,2021,Ki,8.280006
WIKYUJGCLQQFNW-UHFFFAOYSA-N,,IC50,7.958607
WIKYUJGCLQQFNW-UHFFFAOYSA-N,,Ki,8.442733
WIMXOLDVKJDYQI-HNNXBMFYSA-N,2012,Ki,7.602060
WIMXOLDVKJDYQI-OAHLLOKOSA-N,2012,Ki,7.698970
WISDAZOFOXOZSE-UHFFFAOYSA-N,2017,Ki,6.417937
WISDAZOFOXOZSE-UHFFFAOYSA-N,2018,Ki,6.417937
WISQKUCSRCKUNV-UHFFFAOYSA-N,2010,Ki,8.580044
WIULHOMYYIYQKY-UHFFFAOYSA-N,2015,Ki,6.974694
WIWLEFDYNDBBIF-JXMROGBWSA-N,1999,Ki,6.499997
WIXHPSPVTDJXJR-UHFFFAOYSA-N,2019,Ki,4.006731
WIXVSIWFYYDDMJ-OAHLLOKOSA-N,1994,Ki,5.928855
WIYPXJWKJSYBKF-UHFFFAOYSA-N,2002,Ki,6.869666
WIYPXJWKJSYBKF-UHFFFAOYSA-N,2007,Ki,5.509999
WIYPXJWKJSYBKF-UHFFFAOYSA-N,2012,Ki,6.987163
WIYPXJWKJSYBKF-UHFFFAOYSA-N,2012,Ki,6.987163
WIYPXJWKJSYBKF-UHFFFAOYSA-N,2015,Ki,6.119186
WIYPXJWKJSYBKF-UHFFFAOYSA-N,2017,Ki,6.987163
WIYPXJWKJSYBKF-UHFFFAOYSA-N,2018,Ki,6.694004
WJAJWDPSJIBVEJ-UHFFFAOYSA-N,2019,IC50,7.005243
WJBOFUDAMNIJRL-UHFFFAOYSA-N,2022,Ki,6.340084
WJBZDMXLXHXOQF-UHFFFAOYSA-N,2021,IC50,8.940058
WJBZDMXLXHXOQF-UHFFFAOYSA-N,2021,EC50,8.119987
WJBZDUBBVKDOMN-UHFFFAOYSA-N,2021,Ki,6.769551
WJCGSXAVQDDUOT-UHFFFAOYSA-N,2023,Ki,5.853872
WJNOYXHHRTXPLU-UHFFFAOYSA-N,2019,Ki,6.950782
WJOFBCYZALIRKI-UHFFFAOYSA-N,2020,EC50,6.244125
WJOFBCYZALIRKI-UHFFFAOYSA-N,2023,EC50,6.000000
WJOFBCYZALIRKI-UHFFFAOYSA-N,2023,EC50,6.598599
WJPJNUGOFZCYAX-UHFFFAOYSA-N,2008,Ki,5.202040
WJTDJRLALVXBSY-UHFFFAOYSA-N,1993,Ki,5.000000
WJTSBXZBORZVQY-NDOUMJCMSA-N,2013,EC50,6.649752
WJTVEGPKKNCRPB-UHFFFAOYSA-N,2012,Ki,6.610002
WJTVEGPKKNCRPB-UHFFFAOYSA-N,2012,IC50,5.110000
WJTVEGPKKNCRPB-UHFFFAOYSA-N,2012,IC50,5.107905
WJTVEGPKKNCRPB-UHFFFAOYSA-N,2012,Ki,6.570248
WJTVOECAMUQNOG-UHFFFAOYSA-N,2017,Ki,6.602060
WJWXIOHJLIZWJX-UHFFFAOYSA-N,2007,Ki,5.700001
WKAAYYBBGYEZQQ-UHFFFAOYSA-N,2005,Ki,7.528708
WKAAYYBBGYEZQQ-UHFFFAOYSA-N,2005,IC50,7.115205
WKAAYYBBGYEZQQ-UHFFFAOYSA-N,2005,Ki,7.528708
WKAAYYBBGYEZQQ-UHFFFAOYSA-N,2005,Ki,7.234331
WKCSANGLEHNNKN-KBQPQWKXSA-N,2013,Ki,6.406714
WKDOWEAWARBZNI-UHFFFAOYSA-N,2019,Ki,5.929962
WKJMTLYAUGYPDE-IFMALSPDSA-N,2021,Ki,6.162412
WKKKRYKOGQANCZ-UHFFFAOYSA-N,2023,Ki,6.826814
WKKKRYKOGQANCZ-UHFFFAOYSA-N,2023,Ki,6.819989
WKKKRYKOGQANCZ-UHFFFAOYSA-N,2023,EC50,9.508638
WKKKRYKOGQANCZ-UHFFFAOYSA-N,2023,EC50,9.500038
WKKKRYKOGQANCZ-UHFFFAOYSA-N,2023,EC50,7.575118
WKKKRYKOGQANCZ-UHFFFAOYSA-N,2023,EC50,7.569925
WKMZFHJPWGOTTD-UHFFFAOYSA-N,2019,IC50,7.982967
WKRNNVUISXJKDT-MEMLXQNLSA-N,1997,EC50,8.552842
WKTBGKZXPNQGKA-MOJGAOKDSA-N,2008,Ki,8.823909
WKXGCJMHUWZCIC-UHFFFAOYSA-N,2015,Ki,9.397940
WKXGCJMHUWZCIC-UHFFFAOYSA-N,2015,EC50,9.045757
WKZQYOGJYMCSPM-QGZVFWFLSA-N,1994,Ki,6.872895
WLAAUSCDSXYHAZ-FCHUYYIVSA-N,2023,Ki,8.154902
WLENRVFNXOTUKU-UHFFFAOYSA-N,2020,Ki,6.505845
WLENRVFNXOTUKU-UHFFFAOYSA-N,2022,Ki,6.505845
WLGXAVSOEWKYQS-UHFFFAOYSA-N,2018,Ki,6.096910
WLHOVCQZTZDBFS-UHFFFAOYSA-N,2012,Ki,7.338187
WLLDCVHJRCZONV-PMERELPUSA-N,1997,Ki,5.800001
WLLDCVHJRCZONV-SSEXGKCCSA-N,1997,Ki,6.299998
WLLDCVHJRCZONV-UHFFFAOYSA-N,1997,Ki,6.199998
WLPHKXGJSXEPJH-AFARHQOCSA-N,2014,Ki,5.971591
WLQPRUMGPAOCRW-VXKWHMMOSA-N,2023,EC50,7.463820
WLQQYOGZZSJJST-GOSISDBHSA-N,1997,Ki,8.100015
WLQQYOGZZSJJST-SFHVURJKSA-N,1997,Ki,7.599980
WLSOCRVYAHGGDS-UHFFFAOYSA-N,2019,IC50,7.533132
WLSSDELGXZDINE-UHFFFAOYSA-N,2017,Ki,7.744727
WLSSDELGXZDINE-UHFFFAOYSA-N,2017,Ki,7.853872
WLSSDELGXZDINE-UHFFFAOYSA-N,2017,EC50,7.376751
WLSSDELGXZDINE-UHFFFAOYSA-N,2017,EC50,6.729997
WLSSDELGXZDINE-UHFFFAOYSA-N,2017,EC50,6.721246
WLSSDELGXZDINE-UHFFFAOYSA-N,2017,EC50,7.379968
WLVJOKBDUFEGAQ-UHFFFAOYSA-N,2015,Ki,6.756962
WLVJOKBDUFEGAQ-UHFFFAOYSA-N,2018,Ki,6.756962
WLVOXHJWQGMPEI-UHFFFAOYSA-N,2020,Ki,6.712198
WLVOXHJWQGMPEI-UHFFFAOYSA-N,2022,Ki,6.712198
WLZJPWTZSKWVGS-UHFFFAOYSA-N,2020,EC50,5.853872
WLZJPWTZSKWVGS-UHFFFAOYSA-N,2023,EC50,5.853872
WLZJPWTZSKWVGS-UHFFFAOYSA-N,2023,EC50,5.853872
WLZVXPFXXASTLW-UHFFFAOYSA-N,2008,Ki,7.481486
WMIVISJOMKDPGX-UHFFFAOYSA-N,2020,Ki,5.759451
WMJCLJNBELMTPC-UHFFFAOYSA-N,2011,Ki,8.055517
WMJCLJNBELMTPC-UHFFFAOYSA-N,2011,Ki,7.853872
WMJCLJNBELMTPC-UHFFFAOYSA-N,2011,EC50,6.420216
WMJUHVXPQPZNMA-UHFFFAOYSA-N,2015,Ki,5.387216
WMLONRUBOXAPOV-UAPYVXQJSA-N,2013,Ki,7.277860
WMPBOLSQXBJOKQ-UHFFFAOYSA-N,2002,Ki,6.610834
WMQLLTKSISGWHQ-WKILWMFISA-N,2023,Ki,8.917215
WMTJVDAYQLPIMI-UHFFFAOYSA-N,2010,Ki,7.351640
WMVHTQXTTPNPRU-UHFFFAOYSA-N,2020,EC50,5.744727
WMVHTQXTTPNPRU-UHFFFAOYSA-N,2023,EC50,5.744727
WMVHTQXTTPNPRU-UHFFFAOYSA-N,2023,EC50,5.744727
WMXFRQFMQHQCBJ-UHFFFAOYSA-N,2014,Ki,6.718967
WMXFRQFMQHQCBJ-UHFFFAOYSA-N,2014,Ki,7.142668
WMXFRQFMQHQCBJ-UHFFFAOYSA-N,2014,IC50,6.663540
WMXFRQFMQHQCBJ-UHFFFAOYSA-N,2014,Ki,6.521434
WMXFRQFMQHQCBJ-UHFFFAOYSA-N,2017,Ki,6.521434
WMXFRQFMQHQCBJ-UHFFFAOYSA-N,2018,Ki,6.521434
WMZWVTIIHJJKKR-UHFFFAOYSA-N,2007,Ki,7.309804
WNAKEYFAGBCYGF-UHFFFAOYSA-N,2009,Ki,7.299989
WNAKEYFAGBCYGF-UHFFFAOYSA-N,2009,Ki,7.299989
WNBAUVLDXSOKMM-MXVIHJGJSA-N,2017,Ki,8.025488
WNBAUVLDXSOKMM-MXVIHJGJSA-N,2017,Ki,8.025488
WNIDJZPMTZKYGD-QGZVFWFLSA-N,2002,Ki,5.843451
WNJFVRDWMYZFCD-JKSUJKDBSA-N,2023,Ki,6.022276
WNLICHOLYZKSFL-UHFFFAOYSA-N,2021,Ki,7.492144
WNLICHOLYZKSFL-UHFFFAOYSA-N,2021,Ki,7.489991
WNLICHOLYZKSFL-UHFFFAOYSA-N,2021,EC50,8.381952
WNLICHOLYZKSFL-UHFFFAOYSA-N,2021,EC50,8.379968
WNLICHOLYZKSFL-UHFFFAOYSA-N,2021,EC50,7.725842
WNLICHOLYZKSFL-UHFFFAOYSA-N,2021,EC50,7.730020
WNQGJBBMATVHDO-UHFFFAOYSA-N,1999,Ki,5.899998
WNQLAMRYPGPZKN-UHFFFAOYSA-N,2019,Ki,8.730487
WNRHLKXILALELE-MGFGWZDJSA-N,2000,Ki,5.899998
WNRXKNXWFCFUSX-WGSAOQKQSA-N,2014,Ki,6.761101
WNSAXKBODJJHCF-UHFFFAOYSA-N,2021,IC50,8.339989
WNSAXKBODJJHCF-UHFFFAOYSA-N,2021,EC50,8.489991
WNUQCGWXPNGORO-NRFANRHFSA-N,2017,Ki,5.288446
WNUQCGWXPNGORO-UHFFFAOYSA-N,2021,Ki,5.288446
WNZBBTJFOIOEMP-FQEVSTJZSA-N,1993,Ki,7.136677
WNZBBTJFOIOEMP-HXUWFJFHSA-N,1993,Ki,6.554396
WNZBBTJFOIOEMP-UHFFFAOYSA-N,2019,Kd,7.040005
WNZBBTJFOIOEMP-UHFFFAOYSA-N,2019,Ki,7.040005
WOCTZIGUHYMWQK-XYWHTSSQSA-N,2014,Ki,7.472241
WOELGNYRXZQOPS-NOZRDPDXSA-N,2022,IC50,5.008774
WOELKTNFFNSJSS-UHFFFAOYSA-N,2000,Ki,5.102373
WOELKTNFFNSJSS-UHFFFAOYSA-N,2000,Ki,5.119186
WOEVFFPIBHQXIQ-UHFFFAOYSA-N,2018,Ki,5.958607
WOHMWCGVHSYPFG-JENIJYKNSA-N,2021,Ki,8.958607
WOMMHANJCVMKAZ-UHFFFAOYSA-N,2020,Ki,6.167491
WOMMHANJCVMKAZ-UHFFFAOYSA-N,2025,Ki,6.170002
WONAHXSYCVEMFZ-JCNLHEQBSA-N,2023,Ki,5.823909
WONPWDMMWFWEFC-ODOSRFNGSA-N,2012,IC50,6.900009
WOOHCDFWINCKHH-OCEACIFDSA-N,2015,Ki,8.408935
WOOHCDFWINCKHH-OCEACIFDSA-N,2015,Ki,8.070581
WORAGLYTERKFFO-UHFFFAOYSA-N,2020,EC50,6.107905
WORJIMKQVUMSKB-AJJNSDSGSA-N,2020,Ki,7.356547
WORJIMKQVUMSKB-AJJNSDSGSA-N,2022,Ki,7.356547
WOVYFSFWXVSASO-IZZNHLLZSA-N,2023,Ki,5.063486
WOWRXMYCLGLRFQ-UHFFFAOYSA-N,2018,Ki,6.030002
WOWYFQWPMWYJNL-UHFFFAOYSA-N,2001,Ki,7.050610
WOWYFQWPMWYJNL-UHFFFAOYSA-N,2005,IC50,7.835647
WOWYFQWPMWYJNL-UHFFFAOYSA-N,2005,Ki,7.712198
WOWYFQWPMWYJNL-UHFFFAOYSA-N,2005,Ki,7.154282
WOWYFQWPMWYJNL-UHFFFAOYSA-N,2005,IC50,7.448550
WOXYKTMEOIXZAQ-UHFFFAOYSA-N,2012,EC50,6.698970
WOXYKTMEOIXZAQ-UHFFFAOYSA-N,2012,Ki,6.982967
WOXYKTMEOIXZAQ-UHFFFAOYSA-N,2015,Ki,6.982967
WOXYKTMEOIXZAQ-UHFFFAOYSA-N,2015,EC50,8.013228
WOXYKTMEOIXZAQ-UHFFFAOYSA-N,2015,EC50,7.229148
WOZSFGJKUOKIMV-UHFFFAOYSA-N,2007,Ki,7.823909
WOZSFGJKUOKIMV-UHFFFAOYSA-N,2007,Ki,7.568636
WPBPWIAMOQOWJZ-UHFFFAOYSA-N,2019,Ki,6.850781
WPCDISAMCIQSPK-XMMPIXPASA-N,2017,Ki,7.217527
WPDISOIHGGRFRZ-WGSAOQKQSA-N,2013,Ki,6.018363
WPEMGBZDSSTCNO-UHFFFAOYSA-N,1995,Ki,6.958607
WPHJGSMNRMHHKG-ZFWWWQNUSA-N,2021,Ki,6.890017
WPIIXBCOJALRHJ-UHFFFAOYSA-N,2012,Ki,7.795880
WPJAQVXUSLEHLH-UHFFFAOYSA-N,2022,Ki,5.770001
WPJVKYVAARSXKN-UHFFFAOYSA-N,2006,Ki,7.055517
WPJVKYVAARSXKN-UHFFFAOYSA-N,2006,Ki,7.425969
WPKZTODVTLZQPZ-GCJKJVERSA-N,2016,Ki,6.320000
WPLABUPGUVWYRA-UHFFFAOYSA-N,2006,Ki,6.863279
WPLCSVMMEFEPPZ-UHFFFAOYSA-N,2001,Ki,5.590067
WPPXGSPIOUEOGW-NSHDSACASA-N,2010,IC50,8.260032
WPXGRVDCIOTDGI-UHFFFAOYSA-N,2023,Ki,6.621602
WPXGRVDCIOTDGI-UHFFFAOYSA-N,2023,Ki,6.620006
WPXGRVDCIOTDGI-UHFFFAOYSA-N,2023,EC50,7.588380
WPXGRVDCIOTDGI-UHFFFAOYSA-N,2023,EC50,7.590067
WPXGRVDCIOTDGI-UHFFFAOYSA-N,2023,EC50,8.600326
WPXGRVDCIOTDGI-UHFFFAOYSA-N,2023,EC50,8.599980
WPYVGSUSOOZONM-UHFFFAOYSA-N,2018,Ki,7.167491
WQEPZBNLBWDIRZ-NRFANRHFSA-N,1998,Ki,5.230475
WQEPZBNLBWDIRZ-OAQYLSRUSA-N,1998,Ki,5.560983
WQEPZBNLBWDIRZ-UHFFFAOYSA-N,1998,Ki,5.734710
WQEPZBNLBWDIRZ-UHFFFAOYSA-N,2021,Ki,5.734710
WQEQCBRZPJAUNY-UHFFFAOYSA-N,2021,Ki,7.562249
WQEQCBRZPJAUNY-UHFFFAOYSA-N,2021,Ki,7.560036
WQEQCBRZPJAUNY-UHFFFAOYSA-N,2021,EC50,8.459671
WQEQCBRZPJAUNY-UHFFFAOYSA-N,2021,EC50,8.460046
WQEQCBRZPJAUNY-UHFFFAOYSA-N,2021,EC50,7.826814
WQEQCBRZPJAUNY-UHFFFAOYSA-N,2021,EC50,7.830032
WQFGYARLKCXPCQ-WGSAOQKQSA-N,1998,Ki,8.244125
WQIQKJZEKYFKAS-UHFFFAOYSA-N,2014,Ki,5.675718
WQIQKJZEKYFKAS-UHFFFAOYSA-N,2014,Ki,5.679999
WQOCUOYKDKZARU-UHFFFAOYSA-N,2016,Ki,4.600000
WQOCUOYKDKZARU-UHFFFAOYSA-N,2020,Ki,4.499997
WQOCUOYKDKZARU-UHFFFAOYSA-N,2020,Ki,4.499997
WQPRXYGVHKQNOH-HNNXBMFYSA-N,2011,Ki,7.069051
WQRVLZPCOXHNAI-UHFFFAOYSA-N,2008,Ki,6.299998
WQTLRHZZRMRHMI-FQEVSTJZSA-N,2022,EC50,7.287350
WQTMBUJBEZPIIW-SJLPKXTDSA-N,2000,IC50,6.642065
WQUZZFHQRGWHPE-UHFFFAOYSA-N,2007,Ki,6.206908
WQWCHMWUOFCWFU-UHFFFAOYSA-N,2007,Ki,6.067019
WQWHPPMEWVYOCN-UHFFFAOYSA-N,2021,Ki,8.823909
WQWLYKDRIFAQER-UHFFFAOYSA-N,2006,Ki,6.747147
WQZFEWCVIZACIS-UHFFFAOYSA-N,2010,Ki,7.329754
WRBIMACSDAOMGX-UHFFFAOYSA-N,2022,Ki,6.065502
WRBKFBAHOMAFKJ-WGSAOQKQSA-N,2013,Ki,6.001741
WRFRTCQJMMIOLF-UHFFFAOYSA-N,2014,Ki,7.709965
WRFRTCQJMMIOLF-UHFFFAOYSA-N,2014,Ki,7.709965
WRIZBYRNLDZPMG-UHFFFAOYSA-N,2017,EC50,7.275724
WRMSYILMRYXLAS-IZZDOVSWSA-N,1999,Ki,6.599998
WRNAXPBXLHSIHF-ZDUSSCGKSA-N,2010,IC50,8.110026
WRNFFYWAFMNDNY-XIAQDFCPSA-N,2021,Ki,7.287350
WRPJRNBABVMDIF-PXNSSMCTSA-N,2019,Ki,6.449772
WRPJRNBABVMDIF-PXNSSMCTSA-N,2020,Ki,6.449772
WRPJRNBABVMDIF-UHFFFAOYSA-N,2019,Ki,6.040005
WRPJRNBABVMDIF-UHFFFAOYSA-N,2020,Ki,6.040005
WRPZMLXFPDERQS-SFHVURJKSA-N,2023,Ki,5.562408
WRRJZZBXRRDBBD-UHFFFAOYSA-N,2020,IC50,5.612077
WRRJZZBXRRDBBD-UHFFFAOYSA-N,2021,Ki,8.958607
WRSUPAJSUHYUKP-UHFFFAOYSA-N,2012,Ki,6.372634
WRSUPAJSUHYUKP-UHFFFAOYSA-N,2014,Ki,6.372634
WRUNDYWPHKJEIH-UHFFFAOYSA-N,2021,Ki,6.045757
WRURBHLNYRDTFF-UHFFFAOYSA-N,2013,Ki,7.823909
WRUSBTCFXKDYJC-UHFFFAOYSA-N,2010,Ki,9.229148
WSHBIOWJEQBSLU-UHFFFAOYSA-N,2002,Ki,5.417596
WSJMJBOZYZWDIK-UHFFFAOYSA-N,2000,Ki,5.619789
WSJMJBOZYZWDIK-UHFFFAOYSA-N,2000,Ki,5.744727
WSPOMRSOLSGNFJ-AUWJEWJLSA-N,2009,Ki,8.528708
WSVWKHTVFGTTKJ-UHFFFAOYSA-N,2010,Ki,6.066513
WSXVVKWNMGLXPQ-UHFFFAOYSA-N,2019,IC50,7.519993
WTAVHOMZPZTGNJ-UHFFFAOYSA-N,2013,Ki,5.327902
WTAVHOMZPZTGNJ-UHFFFAOYSA-N,2013,Ki,5.080922
WTEJQFJEEYZWBK-UHFFFAOYSA-N,2017,Ki,6.102923
WTHYXVSYKDCUKR-UHFFFAOYSA-N,2017,Ki,4.220750
WTJJXQCQGLLXNZ-UHFFFAOYSA-N,2013,Ki,6.744727
WTJJXQCQGLLXNZ-UHFFFAOYSA-N,2013,Ki,6.699992
WTLKEIKBWCDFDL-UHFFFAOYSA-N,2016,Ki,6.436519
WTLKEIKBWCDFDL-UHFFFAOYSA-N,2016,Ki,6.439998
WTONWMINNVVDTM-XGAFWQRZSA-N,2013,Ki,6.518787
WTPUPRUOBRKKPC-UHFFFAOYSA-N,2019,IC50,6.718967
WTPUPRUOBRKKPC-UHFFFAOYSA-N,2019,IC50,8.452225
WTRUJFPMRUJYBV-YONZVVFSSA-N,2014,Ki,6.358823
WTTCSLJBJDWDOC-CYBMUJFWSA-N,1994,Ki,5.982967
WTTUGTZNJAQTRA-UHFFFAOYSA-N,2019,Ki,7.593460
WTXHTPKXUSMOPA-UHFFFAOYSA-N,2022,Ki,6.982967
WTYNOFOXDOHJBE-UHFFFAOYSA-N,1999,Ki,7.585027
WUACSCWYLJHDBV-HNNHSTSXSA-N,2001,Ki,6.299998
WUDCCQFZITUELQ-UHFFFAOYSA-N,2019,Ki,4.674238
WUEHCYPOVQCXIO-UHFFFAOYSA-N,2013,Ki,7.879426
WUGBPBCNJHXWRP-UHFFFAOYSA-N,2023,Ki,5.906578
WUHZLDHICFZBCN-UHFFFAOYSA-N,2017,Ki,6.294992
WUHZLDHICFZBCN-UHFFFAOYSA-N,2018,Ki,6.294992
WUHZOOKLPVGRAI-PKOBYXMFSA-N,2010,Ki,5.267606
WUJBQGWQEZSHSL-UHFFFAOYSA-N,2010,Ki,7.383000
WUKHFCSRRUQMMT-HKOYGPOVSA-N,2017,Ki,8.481486
WUKHFCSRRUQMMT-HKOYGPOVSA-N,2017,Ki,8.721246
WUKHFCSRRUQMMT-HKOYGPOVSA-N,2017,EC50,6.397940
WUKHFCSRRUQMMT-HKOYGPOVSA-N,2017,EC50,5.970000
WUKHFCSRRUQMMT-HKOYGPOVSA-N,2017,EC50,5.958607
WUKHFCSRRUQMMT-HKOYGPOVSA-N,2017,EC50,6.399997
WURHPBCTBQAVRU-OFNKIYASSA-N,2016,Ki,5.480000
WUSXPLYESFHLLY-UHFFFAOYSA-N,2021,IC50,6.429994
WUTIBZPSZGYSGD-UHFFFAOYSA-N,2010,Ki,6.595166
WUVBFCGMNNHUHJ-UHFFFAOYSA-N,2014,Ki,7.602060
WUVBFCGMNNHUHJ-UHFFFAOYSA-N,2014,Ki,7.522879
WUVSQVHZKKJEHX-UHFFFAOYSA-N,2006,Ki,5.301030
WUVVNDIQBGLCOQ-UHFFFAOYSA-N,2014,Ki,8.886057
WUVVNDIQBGLCOQ-UHFFFAOYSA-N,2014,Ki,8.795880
WVAKMWHEKNXRHK-UHFFFAOYSA-N,1997,Ki,5.841638
WVCHGRAYLHEGAY-IYARVYRRSA-N,2013,Ki,5.936291
WVDFKSHXOWCAKH-MGFGWZDJSA-N,2003,Ki,6.299998
WVEQYQHSBOYABA-UHFFFAOYSA-N,1998,IC50,6.346787
WVGMMWFIRBRTKW-PGWJBFNOSA-N,2014,Ki,6.644146
WVHMHWPHKVTXSC-UHFFFAOYSA-N,2020,Ki,6.119758
WVLHHLRVNDMIAR-IBGZPJMESA-N,2022,IC50,5.387216
WVNDCOIKWKQPDK-MEMLXQNLSA-N,2017,Ki,7.728158
WVNDCOIKWKQPDK-MEMLXQNLSA-N,2017,Ki,7.728158
WVPMAZJVALETCI-ALOJWSFFSA-N,2013,Ki,6.061931
WVUAUUZYSXNDLD-UHFFFAOYSA-N,2020,EC50,6.744727
WVUAUUZYSXNDLD-UHFFFAOYSA-N,2023,EC50,6.744727
WVUAUUZYSXNDLD-UHFFFAOYSA-N,2023,EC50,6.744727
WVVSZNPYNCNODU-XTQGRXLLSA-N,,IC50,6.258061
WVVSZNPYNCNODU-XTQGRXLLSA-N,,Ki,6.735182
WVVWVIWPPSCORG-UHFFFAOYSA-N,2016,Ki,6.378824
WVVWVIWPPSCORG-UHFFFAOYSA-N,2016,Ki,6.379999
WVWFPNBJDFSYGW-KRWDZBQOSA-N,2020,Ki,7.410050
WVWFPNBJDFSYGW-QGZVFWFLSA-N,2020,Ki,8.049976
WVYXCJHHNDTVPH-MRXNPFEDSA-N,2002,Ki,7.366532
WWABSSMRPUCUEJ-UHFFFAOYSA-N,1995,Ki,8.055517
WWABSSMRPUCUEJ-UHFFFAOYSA-N,2013,Ki,8.055517
WWABSSMRPUCUEJ-UHFFFAOYSA-N,2015,Ki,8.055517
WWEHZPFFGZLBOV-QFIPXVFZSA-N,2012,IC50,5.800001
WWGZVJLTFFUDLI-UAPYVXQJSA-N,2023,Ki,6.187087
WWKHLSANYDLDKY-UHFFFAOYSA-N,1997,Ki,5.853872
WWKNTMORPLZKRM-ZDTPOGPSSA-N,2021,Ki,5.982967
WWKNTMORPLZKRM-ZDTPOGPSSA-N,2021,Ki,5.979999
WWLFCQLHCAEMAP-UHFFFAOYSA-N,2016,Ki,7.004365
WWPMYLXEYGNGDR-UHFFFAOYSA-N,2019,Ki,4.299816
WWQYGUPGPQFXAD-UHFFFAOYSA-N,2020,Ki,6.470005
WWQYGUPGPQFXAD-UHFFFAOYSA-N,2020,Ki,6.346787
WWVWWIXBKONYMX-UHFFFAOYSA-N,2013,Ki,6.793174
WWVWWIXBKONYMX-UHFFFAOYSA-N,2019,Ki,6.793174
WWWIHTTXFJTDIB-IBGZPJMESA-N,2017,Ki,7.638272
WWZCKJOSLFFMMU-CYYJNZCTSA-N,2015,Ki,6.958607
WWZCKJOSLFFMMU-CYYJNZCTSA-N,2015,Ki,7.136677
WXHPNHJKGIFCOC-UHFFFAOYSA-N,2015,Ki,8.468521
WXHPNHJKGIFCOC-UHFFFAOYSA-N,2015,EC50,7.886057
WXHPNHJKGIFCOC-UHFFFAOYSA-N,2015,EC50,8.657577
WXIJHIYOSNRVJO-UHFFFAOYSA-N,2017,Ki,6.903090
WXIJHIYOSNRVJO-UHFFFAOYSA-N,2018,Ki,6.903090
WXPNHKQJDJARLG-UHFFFAOYSA-N,2016,Ki,6.199998
WXPNHKQJDJARLG-UHFFFAOYSA-N,2019,Ki,5.940058
WXPNHKQJDJARLG-UHFFFAOYSA-N,2020,Ki,5.940058
WXQFNASFTKDHTC-UHFFFAOYSA-N,2006,Ki,6.149354
WXUKVMDDBRUFBU-UHFFFAOYSA-N,2020,Ki,7.267606
WXUKVMDDBRUFBU-UHFFFAOYSA-N,2022,Ki,7.267606
WXWUAAQDRLQFOP-OKDASEJXSA-N,2000,Ki,5.899998
WYGBVOBBNUHWLX-UHFFFAOYSA-N,1999,Ki,7.097997
WYHAAMMHWQPLAP-CJNGLKHVSA-N,1999,Ki,5.886057
WYHZBLQNTZAKGM-ZJSXRUAMSA-N,2019,Ki,5.258848
WYIBJRJIELMSTK-IXCJQBJRSA-N,2021,Ki,5.972650
WYJCYXOCHXWTHG-UHFFFAOYSA-N,2024,Ki,6.225104
WYMJRTXYUOPUMF-UHFFFAOYSA-N,2012,EC50,7.602060
WYMJRTXYUOPUMF-UHFFFAOYSA-N,2012,Ki,7.744727
WYMJRTXYUOPUMF-UHFFFAOYSA-N,2015,Ki,7.744727
WYMJRTXYUOPUMF-UHFFFAOYSA-N,2015,EC50,7.638272
WYTLTUFDQVHRLU-UHFFFAOYSA-N,2021,Ki,6.595166
WYUFNZWNEWDSLQ-UHFFFAOYSA-N,2023,Ki,6.087778
WYYRWPAVRAAIOL-UHFFFAOYSA-N,2013,Ki,7.929962
WZANXVXLOKIMAM-SSDOTTSWSA-N,2016,Ki,6.943095
WZANXVXLOKIMAM-SSDOTTSWSA-N,2016,Ki,4.917215
WZANXVXLOKIMAM-SSDOTTSWSA-N,2016,EC50,6.156767
WZANXVXLOKIMAM-SSDOTTSWSA-N,2016,EC50,6.164944
WZBDKFBWHQBNSS-WUKNDPDISA-N,2003,Ki,6.943095
WZCURRJAZZRRKH-UHFFFAOYSA-N,2004,Ki,5.397940
WZEVFJPWWRPRRO-WFXMLNOXSA-N,2021,Ki,7.075721
WZGDKWUZLJPAQO-UHFFFAOYSA-N,2019,IC50,7.709965
WZGDKWUZLJPAQO-UHFFFAOYSA-N,2019,IC50,9.415669
WZHJKEUHNJHDLS-QTGUNEKASA-N,,IC50,7.200659
WZHJKEUHNJHDLS-QTGUNEKASA-N,,Ki,7.677781
WZHSLWWHUWNSDV-UHFFFAOYSA-N,2020,Ki,5.761954
WZIBKGXIIAHOGG-UHFFFAOYSA-N,1993,Ki,5.000000
WZISTPRGDPHEAE-UKRRQHHQSA-N,2014,EC50,8.958607
WZJSIHGOLMMBAL-MRXNPFEDSA-N,1996,Ki,7.896196
WZJSIHGOLMMBAL-MRXNPFEDSA-N,2010,Ki,6.943095
WZJSIHGOLMMBAL-MRXNPFEDSA-N,2024,Ki,7.545155
WZJSIHGOLMMBAL-UHFFFAOYSA-N,2011,Ki,6.068542
WZJWRRMYYXEGFD-UHFFFAOYSA-N,2000,Ki,6.301030
WZJWRRMYYXEGFD-UHFFFAOYSA-N,2000,Ki,6.657577
WZKDDXSAKSUASX-UHFFFAOYSA-N,2000,Ki,6.008774
WZOMJNATDSYQHS-ZPWQMVEJSA-N,2005,Ki,6.018181
WZPFDUCGTCDHML-UHFFFAOYSA-N,2017,Ki,6.146910
WZPFDUCGTCDHML-UHFFFAOYSA-N,2018,Ki,6.146910
WZQJLWDEOYLHHR-UHFFFAOYSA-N,2019,Ki,6.309804
WZQJLWDEOYLHHR-UHFFFAOYSA-N,2019,Ki,6.292430
WZQLVEPIBAOOGF-RMMWZPCPSA-N,2021,Ki,6.014574
WZQLVEPIBAOOGF-RMMWZPCPSA-N,2021,Ki,6.090000
WZQXXUHEORDTMN-LEWJYISDSA-N,2020,Ki,6.920819
WZQXXUHEORDTMN-LEWJYISDSA-N,2022,Ki,6.920819
WZRCQWQRFZITDX-UHFFFAOYSA-N,1997,Ki,5.408935
WZTRJNUHJASJJE-UHFFFAOYSA-N,2007,Ki,6.071092
WZTXLKNXNIFASN-FYWRMAATSA-N,2003,Ki,7.494850
WZTYACMHNKRTAE-UHFFFAOYSA-N,2020,Ki,6.003051
WZTYACMHNKRTAE-UHFFFAOYSA-N,2022,Ki,6.003051
WZVSGKQRSIHTAZ-UHFFFAOYSA-N,2021,IC50,8.779892
WZVSGKQRSIHTAZ-UHFFFAOYSA-N,2021,EC50,8.439974
WZWHLVAXFSORKE-UHFFFAOYSA-N,2006,Ki,8.187087
WZWHLVAXFSORKE-UHFFFAOYSA-N,2006,Ki,9.207608
WZWOJHTTXVCIBY-RZDIXWSQSA-N,2014,Ki,7.431798
WZWRNSLQPLMVBF-QAQDUYKDSA-N,2022,Ki,5.795880
WZWWBVCSJDIKCC-UHFFFAOYSA-N,2006,Ki,7.048662
WZYGGOCYDFOBGL-UHFFFAOYSA-N,2020,Ki,5.459045
WZYGGOCYDFOBGL-UHFFFAOYSA-N,2022,Ki,5.459045
XAAGODSBJUUWCQ-UHFFFAOYSA-N,2008,Ki,7.397940
XACKNAOULJGCTD-XZOTUCIWSA-N,2020,Ki,7.387216
XAEGPGYCBVFNJE-KESTWPANSA-N,2023,Ki,6.244125
XAESEDLRZCTOOM-AATRIKPKSA-N,2013,Ki,6.924453
XAJNHJMBQCJVMY-UHFFFAOYSA-N,1992,Ki,7.387216
XAJQNKDFXICIIO-UHFFFAOYSA-N,1996,Ki,6.799998
XAKTUHLOUGHGRN-QJMHAJMMSA-N,2015,Ki,6.869023
XAKYPHLOTZWMEF-UHFFFAOYSA-N,2020,Ki,6.621602
XAKYPHLOTZWMEF-UHFFFAOYSA-N,2022,Ki,6.621602
XALOLRQAFYQIOX-UHFFFAOYSA-N,2019,IC50,7.621602
XAPOTBPYCJLOQK-UHFFFAOYSA-N,2008,Ki,7.537602
XARLOJXBQSKXEP-UHFFFAOYSA-N,2006,Ki,6.756962
XASUAOWUPBWGMW-UHFFFAOYSA-N,2014,Ki,5.848630
XAVXJXMGRFXIFC-AEFFLSMTSA-N,1998,Ki,6.595166
XAZXEPSCIIVZBS-UHFFFAOYSA-N,2023,IC50,5.187087
XBBWJMUBMHLUNQ-XUTJKUGGSA-N,2014,Ki,6.926648
XBEFTADDFPJGTJ-OBEGXNAASA-N,2003,Ki,7.000000
XBGWTWPYCTZIIE-HXUWFJFHSA-N,1995,Ki,7.593460
XBGWTWPYCTZIIE-HXUWFJFHSA-N,1995,Ki,8.075721
XBGWTWPYCTZIIE-HXUWFJFHSA-N,1994,Ki,7.593460
XBGYRVVRFHZLSR-UHFFFAOYSA-N,2006,Ki,6.214670
XBHTWHZBPNLIOV-UHFFFAOYSA-N,2024,Ki,5.662740
XBIIFHQGMIKLAD-XNTDXEJSSA-N,2004,Ki,7.420216
XBIIFHQGMIKLAD-XNTDXEJSSA-N,2004,Ki,7.173925
XBIPCIFARHCNNE-UHFFFAOYSA-N,2008,Ki,8.301030
XBLFSOZINOQZBU-UHFFFAOYSA-N,2023,Ki,6.224754
XBMPNPGMBILBPP-UHFFFAOYSA-N,2019,Ki,7.189969
XBNMOXOSTOMNAW-DLBZAZTESA-N,2020,Ki,6.283997
XBNMOXOSTOMNAW-DLBZAZTESA-N,2022,Ki,6.283997
XBPMJUGEGKXVII-UHFFFAOYSA-N,2006,Ki,6.829738
XBPMVETTWGWOJL-SNAWJCMRSA-N,2011,Ki,6.882729
XBTXMNZRNGSFCU-PYVLAARDSA-N,2021,Ki,5.876148
XBTXMNZRNGSFCU-PYVLAARDSA-N,2021,Ki,5.949999
XBWNTYFNUFPCHL-UHFFFAOYSA-N,2011,Ki,9.000000
XBXGSRGFTFVODB-UHFFFAOYSA-N,2008,Ki,6.119186
XBZBVCQJAKKJRK-UHFFFAOYSA-N,2020,IC50,8.638272
XCARDCCUPWWHMP-UHFFFAOYSA-N,2007,Ki,6.153045
XCGSFFUVFURLIX-VFGNJEKYSA-N,,IC50,8.366532
XCGSFFUVFURLIX-VFGNJEKYSA-N,,Ki,8.843754
XCJLVDRQFATWPP-UHFFFAOYSA-N,2014,Ki,7.430041
XCKMSIBEVNAANY-UHFFFAOYSA-N,2004,Ki,8.779892
XCLOPBYSKIWJNJ-FTJBHMTQSA-N,2023,Ki,6.723538
XCLOPBYSKIWJNJ-IZZNHLLZSA-N,2023,Ki,7.540608
XCLOPBYSKIWJNJ-UIOOFZCWSA-N,2023,Ki,5.013900
XCMZICLYBMZMMQ-XGAFWQRZSA-N,2023,Ki,5.958607
XCPZHYSDOVJPIV-UHFFFAOYSA-N,2017,Ki,6.327902
XCPZHYSDOVJPIV-UHFFFAOYSA-N,2018,Ki,6.327902
XCQOYNXZUPVYAF-UHFFFAOYSA-N,2014,Ki,6.397940
XCRPIQQWBBGNRM-RJSYSLSQSA-N,2015,Ki,7.596879
XCWPAVYMGKFSJB-BEESLVRJSA-N,2014,Ki,7.655411
XDFFHOCWALNYAJ-UHFFFAOYSA-N,2015,Ki,7.025488
XDFPJEPCZSJPQC-UHFFFAOYSA-N,2019,Kd,8.519993
XDFPJEPCZSJPQC-UHFFFAOYSA-N,2019,Ki,8.480041
XDGZSVPHADAZSU-UHFFFAOYSA-N,1997,Ki,6.099999
XDIPGTFTRLCMJN-RZJSWYKGSA-N,2020,Ki,6.397940
XDIPGTFTRLCMJN-RZJSWYKGSA-N,2022,Ki,6.397940
XDJJCVLGIOECKZ-UHFFFAOYSA-N,2020,EC50,6.663540
XDJJCVLGIOECKZ-UHFFFAOYSA-N,2023,EC50,6.663540
XDJJCVLGIOECKZ-UHFFFAOYSA-N,2023,EC50,6.663540
XDPJGUWWXSDVTP-UHFFFAOYSA-N,2016,Ki,6.199998
XDPJGUWWXSDVTP-UHFFFAOYSA-N,2019,Ki,6.189767
XDPJGUWWXSDVTP-UHFFFAOYSA-N,2020,Ki,6.189767
XDPTVFIWUAWOLA-WGSAOQKQSA-N,2013,Ki,6.370998
XDUZMCZHXHFPEP-UHFFFAOYSA-N,2020,EC50,5.769551
XDUZMCZHXHFPEP-UHFFFAOYSA-N,2023,EC50,5.769551
XDUZMCZHXHFPEP-UHFFFAOYSA-N,2023,EC50,5.769551
XDVASEGAPAKNCG-UHFFFAOYSA-N,2018,IC50,8.031517
XDVPBSXXZFHLIM-IBGZPJMESA-N,2018,Ki,8.045757
XDYCBVKXSXIDCW-UHFFFAOYSA-N,2002,Ki,5.267606
XDYCBVKXSXIDCW-UHFFFAOYSA-N,2002,Ki,5.552842
XEBUJQRPSLQFLB-UHFFFAOYSA-N,2018,Ki,6.815309
XEGOZLJTQYIDPV-IZUATPNUSA-N,2022,Ki,6.420216
XEIZTEHDPAJSDZ-BEFAXECRSA-N,2020,Ki,6.369572
XEJNCXFNKSUHHY-UHFFFAOYSA-N,2015,Ki,7.638272
XEJNCXFNKSUHHY-UHFFFAOYSA-N,2015,Ki,8.136677
XEJNCXFNKSUHHY-UHFFFAOYSA-N,2015,EC50,6.130000
XEMCNPZNSNBIMI-UHFFFAOYSA-N,2016,Ki,7.075721
XENOVTACOQTPTE-UHFFFAOYSA-N,2007,Ki,7.161151
XENOVTACOQTPTE-UHFFFAOYSA-N,2007,Ki,7.318759
XEPWZALNKJXYKD-UHFFFAOYSA-N,2001,Ki,8.522879
XERZUXOKZOACKV-UHFFFAOYSA-N,2016,Ki,6.449772
XESYYKHMJOWEPL-XYWHTSSQSA-N,2014,Ki,7.418278
XEUBQMWKWUHVDM-UHFFFAOYSA-N,2001,Ki,7.000000
XEZKYOPQXMSHAV-UHFFFAOYSA-N,2022,Ki,5.356350
XFBPGUPMMWBWAS-UHFFFAOYSA-N,2008,Ki,6.819989
XFHLYLFABDLYDJ-UHFFFAOYSA-N,2016,Ki,4.915674
XFLDRFXADAYJDR-AUSIDOKSSA-N,2019,Ki,7.718967
XFLDRFXADAYJDR-CVDCTZTESA-N,2019,Ki,8.259637
XFLGSSQRQNMLNA-UHFFFAOYSA-N,2021,Ki,7.408935
XFNMWPWYPXOJNL-SHTZXODSSA-N,2020,Ki,6.267606
XFNMWPWYPXOJNL-SHTZXODSSA-N,2022,Ki,6.267606
XFPTZPCTBFZTJN-UHFFFAOYSA-N,2022,Ki,7.408935
XFQRGEPJIICUBL-UHFFFAOYSA-N,2016,Ki,7.920819
XFQRGEPJIICUBL-UHFFFAOYSA-N,2016,Ki,7.769551
XFQRGEPJIICUBL-UHFFFAOYSA-N,2016,EC50,8.585027
XFQRGEPJIICUBL-UHFFFAOYSA-N,2016,EC50,5.958607
XFTVOHWWEQGXLS-UHFFFAOYSA-N,1991,Ki,5.866461
XFXRVZLQXHZEKV-UHFFFAOYSA-N,1993,Ki,5.537602
XFYCKARBUDZUAB-VMPREFPWSA-N,1998,Ki,6.299998
XFZGKJYILSESDD-PZJWPPBQSA-N,2010,Ki,6.209012
XFZUOWZQZTZZCP-UHFFFAOYSA-N,2006,Ki,6.844664
XFZUOWZQZTZZCP-UHFFFAOYSA-N,2006,Ki,7.420216
XFZUOWZQZTZZCP-UHFFFAOYSA-N,2008,Ki,6.939982
XGBXESVSCSHHQI-UHFFFAOYSA-N,2002,Ki,6.399997
XGCQKFFIRIFVIZ-UHFFFAOYSA-N,2022,IC50,6.000000
XGFFXWPMGJJBFH-KESTWPANSA-N,2020,Ki,6.366532
XGFFXWPMGJJBFH-KESTWPANSA-N,2022,Ki,6.366532
XGPLYCXGOOHULQ-DYTRJAOYSA-N,2006,Ki,6.764472
XGQOITWDCFSJIH-UHFFFAOYSA-N,2015,Ki,7.268411
XGVOVCYYDQWLJC-UHFFFAOYSA-N,2007,Ki,6.358526
XGWUEDFPOSFGBM-QAQDUYKDSA-N,2013,Ki,6.062482
XGXUWJSIDSMGFX-UHFFFAOYSA-N,1998,IC50,7.886057
XGYRKKQYBLBZCF-UHFFFAOYSA-N,1996,Ki,6.158641
XGZRYSMNJLSRLE-UHFFFAOYSA-N,2020,EC50,5.619789
XGZRYSMNJLSRLE-UHFFFAOYSA-N,2023,EC50,5.619789
XHDCLFMAXFUNGX-LBPRGKRZSA-N,2010,IC50,7.280006
XHEBHLZOXYYZHW-UHFFFAOYSA-N,2013,IC50,5.000000
XHEBHLZOXYYZHW-UHFFFAOYSA-N,2013,Ki,6.096910
XHIUHIDIRNZTAW-UHFFFAOYSA-N,2012,Ki,6.924453
XHMOKKQHMCXTBS-UHFFFAOYSA-N,2015,Ki,6.565431
XHOOSVMDRHVDTE-UHFFFAOYSA-N,2006,Ki,6.543634
XHSRFVQGNJCGAD-FHWLQOOXSA-N,2013,Ki,6.103198
XHSRFVQGNJCGAD-GUDVDZBRSA-N,2013,Ki,6.167172
XHSVWFYHHXOZHB-UHFFFAOYSA-N,1994,Ki,6.221849
XHTCEJWQQIHAOR-UZLBHIALSA-N,2001,Ki,5.431798
XHTCEJWQQIHAOR-UZLBHIALSA-N,2001,Ki,5.619789
XHTCEJWQQIHAOR-UZLBHIALSA-N,2001,Ki,4.677781
XHTCEJWQQIHAOR-UZLBHIALSA-N,2001,Ki,4.744727
XHTUKQHIWDPDMZ-XUTJKUGGSA-N,2023,Ki,6.267606
XHVPXAXIOGEDCH-UHFFFAOYSA-N,2018,IC50,6.910095
XIDCICLXZSWQGO-WUFINQPMSA-N,2023,Ki,6.009661
XIDSCJTYNIXZGW-NQIIRXRSSA-N,2010,Ki,7.199971
XIEHRTNAVGHOGK-WSUVESLISA-N,2021,Ki,5.636576
XIEHRTNAVGHOGK-WSUVESLISA-N,2021,Ki,5.640000
XIGLRHPWOZXGTP-AFARHQOCSA-N,2014,Ki,6.617479
XIGNJJGSVYZRNL-UHFFFAOYSA-N,2021,Ki,7.299989
XIGWRMXCBASJKN-UHFFFAOYSA-N,1998,Ki,5.598772
XIGWRMXCBASJKN-UHFFFAOYSA-N,1996,Ki,5.599999
XIHOJUYAGODVFH-HTAPYJJXSA-N,2016,Ki,6.589999
XIHOJUYAGODVFH-HTAPYJJXSA-N,2016,Ki,7.179996
XIHOJUYAGODVFH-JTSKRJEESA-N,2016,Ki,6.270001
XIHOJUYAGODVFH-JTSKRJEESA-N,2016,Ki,6.170002
XIHOJUYAGODVFH-UGNFMNBCSA-N,2019,Ki,5.960189
XIHOJUYAGODVFH-UGNFMNBCSA-N,2019,Ki,6.019997
XIHOJUYAGODVFH-UGNFMNBCSA-N,2019,Ki,7.019997
XIHOJUYAGODVFH-VGOFRKELSA-N,2016,Ki,6.020001
XIHOJUYAGODVFH-VGOFRKELSA-N,2019,Ki,5.849858
XIHOJUYAGODVFH-VGSWGCGISA-N,2016,Ki,6.530001
XIHOJUYAGODVFH-VGSWGCGISA-N,2019,Ki,7.179799
XILFFKQSRRILNP-UHFFFAOYSA-N,2014,Ki,8.657577
XILSSYCQBDFLEK-UHFFFAOYSA-N,2020,Ki,6.640165
XILSSYCQBDFLEK-UHFFFAOYSA-N,2023,Ki,6.640165
XIMFQVXENHJKEO-OQKWZONESA-N,2005,Ki,6.099999
XIMQMECIXPDQER-UHFFFAOYSA-N,2009,Ki,6.799998
XIPOFQVPXAIRQK-INIZCTEOSA-N,2023,Ki,5.680062
XIPPMBYEJXCYMK-UHFFFAOYSA-N,2016,Ki,7.431798
XIQFFWZUFKJVOP-BJJXKVORSA-N,1993,Ki,6.333482
XIQFFWZUFKJVOP-BJJXKVORSA-N,1993,Ki,6.333482
XIQJOGXXLJYFNE-UHFFFAOYSA-N,2003,Ki,7.346787
XIQZPYGWBQASSN-UTKZUKDTSA-N,2010,Ki,7.299989
XIRROHSGQGQXTD-INIZCTEOSA-N,2020,Ki,6.490005
XIRROHSGQGQXTD-MRXNPFEDSA-N,2020,Ki,7.019997
XISJOANVKUVBAU-UHFFFAOYSA-N,1997,Ki,6.031984
XISJOANVKUVBAU-UHFFFAOYSA-N,2005,Ki,6.220000
XITNJWUZFRCEAM-UHFFFAOYSA-N,2008,IC50,5.397940
XIUGOOSNVROHDP-LJQANCHMSA-N,2020,EC50,8.199971
XIUGOOSNVROHDP-LJQANCHMSA-N,2020,EC50,8.197911
XIUGOOSNVROHDP-LJQANCHMSA-N,2020,EC50,9.430041
XIUGOOSNVROHDP-LJQANCHMSA-N,2020,EC50,9.428291
XIVALFSMOKTRNY-AVJWEPTDSA-N,2013,Ki,6.033155
XIVNNVSJZJLDHD-UHFFFAOYSA-N,2020,Ki,6.039054
XIVNNVSJZJLDHD-UHFFFAOYSA-N,2022,Ki,6.039054
XIZKQKJWNKJOOA-NBFOKTCDSA-N,2014,Ki,7.782779
XJCNAPNYTSUCIR-DEOSSOPVSA-N,1996,Ki,6.900009
XJCNAPNYTSUCIR-XMMPIXPASA-N,1996,Ki,6.399997
XJGIQRQUJHWFSC-UHFFFAOYSA-N,2002,Ki,6.537602
XJGIQRQUJHWFSC-UHFFFAOYSA-N,2002,Ki,6.853872
XJGIQRQUJHWFSC-UHFFFAOYSA-N,2005,Ki,6.537602
XJGIQRQUJHWFSC-UHFFFAOYSA-N,2007,Ki,6.540005
XJGIQRQUJHWFSC-UHFFFAOYSA-N,2015,Ki,7.070581
XJGVXQDUIWGIRW-UHFFFAOYSA-N,1999,IC50,7.267606
XJGVXQDUIWGIRW-UHFFFAOYSA-N,1994,Ki,7.677781
XJGVXQDUIWGIRW-UHFFFAOYSA-N,1995,Ki,7.677781
XJHVQDXRGJFCPP-UHFFFAOYSA-N,2006,Ki,6.455932
XJKRLEJMJPXVGM-UHFFFAOYSA-N,2019,Ki,4.129175
XJNRZWHOAMPWIC-UHFFFAOYSA-N,2022,Ki,5.664743
XJPIMYAKYUJUQV-UHFFFAOYSA-N,2021,Ki,8.022276
XJRRFUVZISYAJG-KSSFIOAISA-N,2021,Ki,6.950007
XJSNUYSRIVRHKR-GRGJZFFOSA-N,2023,Ki,6.455932
XJTVRXYTOLNCDQ-XXBNENTESA-N,2016,Ki,6.470005
XJTVRXYTOLNCDQ-XXBNENTESA-N,2016,Ki,6.119999
XJVWJSRTBAVLPD-NRFANRHFSA-N,2018,Ki,7.795880
XJVWJSRTBAVLPD-OAQYLSRUSA-N,2018,Ki,8.397940
XJWCUVSKMVQPGX-KESTWPANSA-N,2014,Ki,7.297569
XJWLBKKTJHDHSX-CEMLEFRQSA-N,2014,Ki,6.448794
XJZDTABDIWRHTR-UHFFFAOYSA-N,2011,Ki,9.000000
XKAIELUQYYUCFN-UHFFFAOYSA-N,2011,Ki,7.619789
XKAIELUQYYUCFN-UHFFFAOYSA-N,2011,Ki,8.055517
XKBSPAZCFAIBJL-OAHLLOKOSA-N,2021,Ki,6.432538
XKBSPAZCFAIBJL-OAHLLOKOSA-N,2021,Ki,6.450004
XKBSPAZCFAIBJL-OAHLLOKOSA-N,2023,Ki,6.432538
XKBSPAZCFAIBJL-OAHLLOKOSA-N,2023,Ki,6.432538
XKDKQVRKVICXBR-IVHGUIJPSA-N,2023,Ki,5.920819
XKDKQVRKVICXBR-IVHGUIJPSA-N,2023,Ki,5.920819
XKEQGYALVIXDMO-UHFFFAOYSA-N,1987,EC50,6.759451
XKFTZAKZMPILFS-UHFFFAOYSA-N,2022,Ki,6.844664
XKHJTHWUWGJDOX-UHFFFAOYSA-N,2010,Ki,6.399997
XKHPZYLJQATCTJ-UHFFFAOYSA-N,2013,Ki,7.096910
XKIGTQXAOLOQJD-UHFFFAOYSA-N,2002,Ki,5.769551
XKIOBCRGUACSET-CQJMVLFOSA-N,2020,Ki,6.769551
XKIOBCRGUACSET-CQJMVLFOSA-N,2022,Ki,6.769551
XKIVNUFBPASSIA-UHFFFAOYSA-N,2019,Ki,7.721246
XKJCYPAWMASKGX-UHFFFAOYSA-N,2013,Ki,5.661743
XKJWPBFAOCBQQJ-FMQUCBEESA-N,2002,Ki,6.308919
XKKQDWMQMVRHDS-UHFFFAOYSA-N,2009,Ki,7.048662
XKMZCZXGCDUIMM-UHFFFAOYSA-N,2014,Ki,7.823909
XKOOJEWWQSZWFX-OAHLLOKOSA-N,2001,Ki,5.876148
XKQKJVBHECIXLF-UHFFFAOYSA-N,2019,IC50,6.917215
XKRYBGZHAIRWAY-UHFFFAOYSA-N,1996,Ki,7.799971
XKSRPDXBGYGWEX-MRXNPFEDSA-N,2002,Ki,6.567031
XKSRPDXBGYGWEX-UHFFFAOYSA-N,2002,Ki,6.669586
XKTGLDSNABUNGD-UHFFFAOYSA-N,1991,Ki,7.408935
XKTGLDSNABUNGD-UHFFFAOYSA-N,1991,Ki,5.698970
XKTRZPQOQOCNJU-HUUCEWRRSA-N,2009,Ki,5.920002
XKTRZPQOQOCNJU-UHFFFAOYSA-N,2009,Ki,6.119999
XKXPMSXRABANAG-UHFFFAOYSA-N,1999,IC50,6.853872
XLBCSWQHJMLCPP-UHFFFAOYSA-N,2019,Ki,8.060481
XLFVNUMKTSPYMC-SAABIXHNSA-N,2013,Ki,6.875789
XLHGDHLCZBHDRQ-MRXNPFEDSA-N,2014,EC50,10.500038
XLHGDHLCZBHDRQ-MRXNPFEDSA-N,2014,Ki,7.511449
XLHGDHLCZBHDRQ-MRXNPFEDSA-N,2014,Ki,7.137272
XLHGDHLCZBHDRQ-MRXNPFEDSA-N,2014,Ki,8.686133
XLHGDHLCZBHDRQ-MRXNPFEDSA-N,2014,Ki,7.540005
XLHGDHLCZBHDRQ-MRXNPFEDSA-N,2014,Ki,7.470057
XLHGDHLCZBHDRQ-MRXNPFEDSA-N,2014,Ki,8.990124
XLHUMARZTHVCFQ-GTMXNFSCSA-N,2014,Ki,7.582861
XLIMTGZUFAEKLX-MXVIHJGJSA-N,2014,Ki,7.200728
XLIXPJRYIUCZIQ-HUULMPCJSA-N,2013,Ki,6.323306
XLIXPJRYIUCZIQ-IYQCHBLZSA-N,2013,Ki,6.295421
XLJQOKQZCYRQNN-UHFFFAOYSA-N,2016,Ki,6.499997
XLJQOKQZCYRQNN-UHFFFAOYSA-N,2019,Ki,6.730487
XLJQOKQZCYRQNN-UHFFFAOYSA-N,2020,Ki,6.730487
XLPDEXDTJMFWSC-NVXWUHKLSA-N,1997,Ki,6.299998
XLVZTPFZKIHPPD-WFCPMTAMSA-N,2000,Ki,6.900009
XLWMSPHJQIPEOR-UHFFFAOYSA-N,2015,Ki,7.202732
XLYRRJFZVKDMFE-UAPYVXQJSA-N,2014,Ki,6.462685
XMAARODROLJQOY-UHFFFAOYSA-N,2004,Ki,5.508638
XMADFSDPKTZGLY-MXVIHJGJSA-N,2017,Ki,9.036212
XMADFSDPKTZGLY-MXVIHJGJSA-N,2017,Ki,9.036212
XMBPANCBBSXJPB-UHFFFAOYSA-N,2013,Ki,5.193820
XMDALBYMLNOLMP-UHFFFAOYSA-N,2010,Ki,8.020452
XMDJBMQNVMNFTN-ZDUSSCGKSA-N,2007,Ki,7.853872
XMDJBMQNVMNFTN-ZDUSSCGKSA-N,2007,Ki,7.823909
XMDWXYNACAUCTC-UHFFFAOYSA-N,2021,Ki,6.491470
XMDWXYNACAUCTC-UHFFFAOYSA-N,2021,Ki,6.490005
XMDWXYNACAUCTC-UHFFFAOYSA-N,2021,EC50,7.850781
XMDWXYNACAUCTC-UHFFFAOYSA-N,2021,EC50,7.849858
XMEJLZITUOYZLM-UHFFFAOYSA-N,2005,Ki,7.091515
XMFRRROSDAWYLB-UHFFFAOYSA-N,2017,IC50,8.583359
XMFRRROSDAWYLB-UHFFFAOYSA-N,2019,IC50,8.583359
XMGXEOPVFDIPRH-UHFFFAOYSA-N,2020,Ki,6.156767
XMGXEOPVFDIPRH-UHFFFAOYSA-N,2022,Ki,6.156767
XMKVSBVTGBNIHZ-UHFFFAOYSA-N,2016,Ki,5.738499
XMOYTZMFUFFAOA-UHFFFAOYSA-N,1997,Ki,7.599980
XMXHEBAFVSFQEX-UHFFFAOYSA-N,1995,IC50,6.958607
XMYBCDHWKUBJDW-UHFFFAOYSA-N,2019,Kd,8.750068
XMYBCDHWKUBJDW-UHFFFAOYSA-N,2019,Ki,8.750068
XMZPXAYYBORJQQ-UHFFFAOYSA-N,2016,Ki,6.200659
XNAZWCRZSGGAMO-UHFFFAOYSA-N,2010,Ki,7.798603
XNAZWCRZSGGAMO-UHFFFAOYSA-N,2010,Ki,8.341989
XNAZWCRZSGGAMO-UHFFFAOYSA-N,2010,EC50,8.772113
XNCBAANIRMIPBG-AZGAKELHSA-N,2010,Ki,7.050610
XNCGQUVERWAFRR-UHFFFAOYSA-N,2010,EC50,8.000000
XNCGQUVERWAFRR-UHFFFAOYSA-N,2010,Ki,7.199971
XNEFEJLBHUTYJL-UHFFFAOYSA-N,2013,Ki,6.954677
XNFVTFMFMPGVGG-UHFFFAOYSA-N,2010,Ki,8.309804
XNFZPEDEZVYDIU-UHFFFAOYSA-N,1997,Ki,7.214670
XNKJYDSSCQLJQZ-UQTQIZBZSA-N,2014,Ki,7.229516
XNMSLJNWIPSTJD-BPARTEKVSA-N,2019,Ki,5.789949
XNMSLJNWIPSTJD-BPARTEKVSA-N,2019,Ki,7.010105
XNMSLJNWIPSTJD-KNQAVFIVSA-N,2019,Ki,7.379864
XNPKKTJJUINFAT-UHFFFAOYSA-N,2022,Ki,5.356350
XNRNDZGXNRPGOC-FQEVSTJZSA-N,2004,Ki,7.221849
XNRNDZGXNRPGOC-FQEVSTJZSA-N,2005,Ki,7.221849
XNSOJCJPLUSJAA-KRWDZBQOSA-N,2015,EC50,7.404504
XNSZWIKNBVYPCN-UHFFFAOYSA-N,2022,Ki,7.494850
XNTIHSLDWFOSCV-UHFFFAOYSA-N,2006,Ki,6.705534
XNUNIHJOMFCFRQ-LIRRHRJNSA-N,2003,Ki,8.065502
XNUNIHJOMFCFRQ-LIRRHRJNSA-N,2003,Ki,8.130768
XNUNIHJOMFCFRQ-LIRRHRJNSA-N,2003,Ki,6.327902
XNUNIHJOMFCFRQ-LIRRHRJNSA-N,2003,Ki,6.468521
XNWAWODVOOTTKE-RDTXWAMCSA-N,1995,Ki,7.397940
XNWBEXZKIONLQA-UHFFFAOYSA-N,1993,Ki,5.119186
XNXKEYCDXWQUQU-UHFFFAOYSA-N,2012,IC50,5.902396
XNXKEYCDXWQUQU-UHFFFAOYSA-N,2012,Ki,6.080399
XNXQFTTXHFQTRX-UHFFFAOYSA-N,1996,Ki,6.958607
XNXXPSMSYLDFBF-UHFFFAOYSA-N,2022,Ki,6.020001
XOBVCWPXOBDWGK-UHFFFAOYSA-N,2020,Ki,5.456677
XODYFOOKKAGIOI-UHFFFAOYSA-N,2006,Ki,6.568636
XOESWPIDRFQRGI-UHFFFAOYSA-N,2025,Ki,5.210000
XOGVSNDTSKOGBY-UHFFFAOYSA-N,2007,Ki,6.208309
XOGYORIOPYTSDW-UHFFFAOYSA-N,2021,Ki,7.913640
XOIVOGIAUHZCBK-UHFFFAOYSA-N,2021,IC50,6.790003
XOLGUSIUXDCCCM-HZCBDIJESA-N,2016,Ki,9.142668
XOLIIHROSJWMQH-UHFFFAOYSA-N,2002,Ki,5.434624
XOMRUHWGUJNGLC-AFARHQOCSA-N,1998,Ki,7.420216
XOMRUHWGUJNGLC-AFARHQOCSA-N,1997,Ki,7.420216
XOMRUHWGUJNGLC-UHFFFAOYSA-N,1997,Ki,7.000000
XOOONTVCSUXSOA-XUTJKUGGSA-N,2014,Ki,6.755698
XOPDSATVNGEEAY-JKIUYZKVSA-N,2014,Ki,6.144905
XOPMGCDIMXYMGV-AFARHQOCSA-N,2014,Ki,6.613323
XOPUTZJGNOKLDY-UHFFFAOYSA-N,2007,Ki,6.199998
XORPIXFTSZPDAY-UHFFFAOYSA-N,2002,Ki,6.078834
XOSFZMMMGNXEFV-RUCARUNLSA-N,2013,Ki,6.419999
XOZBPBSXMJMBOL-MEMLXQNLSA-N,2007,Ki,7.259637
XOZBPBSXMJMBOL-OYRHEFFESA-N,2007,Ki,7.823909
XOZFOKIHXFIGLO-UHFFFAOYSA-N,2005,Ki,7.142668
XOZFOKIHXFIGLO-UHFFFAOYSA-N,2005,Ki,6.920819
XPBGNLUNAORHQZ-UHFFFAOYSA-N,1997,Ki,6.360514
XPBGNLUNAORHQZ-UHFFFAOYSA-N,2021,Ki,6.360514
XPEWLIYLRNDQAK-UHFFFAOYSA-N,2019,Ki,6.459671
XPEWLIYLRNDQAK-UHFFFAOYSA-N,2020,Ki,6.459671
XPFGMUGGXJNCTR-UHFFFAOYSA-N,2002,Ki,5.817585
XPILIRKQJUBSIN-ROUUACIJSA-N,2017,Ki,8.075204
XPIWSPZHJZLUGI-UHFFFAOYSA-N,2025,EC50,3.592575
XPJNHBUTMFYRJT-UHFFFAOYSA-N,2019,Ki,6.744727
XPJPTQNRBMPGAO-UHFFFAOYSA-N,2020,Ki,6.354578
XPJPTQNRBMPGAO-UHFFFAOYSA-N,2022,Ki,6.354578
XPKWZBRQMHEAAX-KESTWPANSA-N,2013,Ki,6.231510
XPLJHFADXYVMHJ-QFIPXVFZSA-N,2018,Ki,10.000000
XPLYYMRQGCFSNB-UHFFFAOYSA-N,2019,Ki,6.490005
XPMUUENUQYZASR-HHHXNRCGSA-N,2015,Ki,8.795880
XPMUUENUQYZASR-HHHXNRCGSA-N,2015,Ki,8.537602
XPMUUENUQYZASR-HHHXNRCGSA-N,2015,EC50,6.958607
XPMUUENUQYZASR-HHHXNRCGSA-N,2015,EC50,6.180456
XPMUUENUQYZASR-HHHXNRCGSA-N,2015,EC50,7.283997
XPMUUENUQYZASR-HHHXNRCGSA-N,2015,EC50,7.552842
XPMUUENUQYZASR-HHHXNRCGSA-N,2015,EC50,6.420216
XPMUUENUQYZASR-MHZLTWQESA-N,2015,Ki,8.309804
XPMUUENUQYZASR-MHZLTWQESA-N,2015,Ki,8.000000
XPMUUENUQYZASR-MHZLTWQESA-N,2015,EC50,6.387216
XPMUUENUQYZASR-MHZLTWQESA-N,2015,EC50,5.537602
XPMUUENUQYZASR-MHZLTWQESA-N,2015,EC50,7.045757
XPMUUENUQYZASR-MHZLTWQESA-N,2015,EC50,5.721246
XPMUUENUQYZASR-MHZLTWQESA-N,2015,EC50,6.318759
XPOABVKSLRGZDM-UHFFFAOYSA-N,2012,Ki,8.080922
XPOABVKSLRGZDM-UHFFFAOYSA-N,2012,Ki,8.337242
XPOOQWFDTCQYTN-UHFFFAOYSA-N,2011,Ki,8.318759
XPOOQWFDTCQYTN-UHFFFAOYSA-N,2011,Ki,8.207608
XPRRZXPFKHAHFH-MXVIHJGJSA-N,2013,Ki,5.607127
XPRWZTNAGMLCGT-HXUWFJFHSA-N,2018,Ki,5.904831
XPSGDPNMACULHA-UHFFFAOYSA-N,2003,Ki,8.000000
XPSQPHWEGNHMSK-SECBINFHSA-N,2024,Ki,6.158497
XPUQEVDLHMPVLH-UHFFFAOYSA-N,2006,Ki,6.712198
XPWBSOPMONLBNW-UHFFFAOYSA-N,2010,Ki,8.681937
XPWBSOPMONLBNW-UHFFFAOYSA-N,2016,Ki,8.680062
XPXUMEWYIRREDK-FQEVSTJZSA-N,2002,Ki,5.518988
XQDRWCFJBHLWPR-RAXLEYEMSA-N,2010,Ki,7.460046
XQESGARESDXCGW-UHFFFAOYSA-N,2015,Ki,7.193820
XQIDBAGSIAXQHD-UHFFFAOYSA-N,2021,Ki,6.190003
XQIPQCHREHNRDI-UHFFFAOYSA-N,1994,Ki,5.958607
XQOLXGFKFIWXQP-UHFFFAOYSA-N,2021,Ki,5.340000
XQOLXGFKFIWXQP-UHFFFAOYSA-N,2021,Kd,10.826814
XQOLXGFKFIWXQP-UHFFFAOYSA-N,2021,Kd,10.826814
XQOLXGFKFIWXQP-UHFFFAOYSA-N,2021,EC50,5.470000
XQQUULUGMJTWQN-BJSHUGAESA-N,2019,Ki,6.219683
XQQUULUGMJTWQN-BJSHUGAESA-N,2020,Ki,6.219683
XQQUULUGMJTWQN-JHYNZKOVSA-N,2019,Ki,6.110138
XQQUULUGMJTWQN-JHYNZKOVSA-N,2020,Ki,6.110138
XQSQCPKTXXORGA-FQEVSTJZSA-N,2018,Ki,7.619789
XQVMSBNONFRXFN-UHFFFAOYSA-N,2010,EC50,8.599980
XQVMSBNONFRXFN-UHFFFAOYSA-N,2010,Ki,7.799971
XQWCSGWUJUEAQM-UHFFFAOYSA-N,1999,Ki,7.067526
XRCDIXVHGJBKLI-AATRIKPKSA-N,2011,Ki,7.453457
XRCOCSDAHSAQTP-UHFFFAOYSA-N,2010,EC50,9.000000
XRCOCSDAHSAQTP-UHFFFAOYSA-N,2010,Ki,8.000000
XRCQNHQVZIQOBE-HZCBDIJESA-N,2007,Ki,7.107905
XRCQNHQVZIQOBE-SZPZYZBQSA-N,2007,Ki,6.586700
XRCQNHQVZIQOBE-SZPZYZBQSA-N,2007,Ki,6.995679
XRDPJIJIWYVCKW-AVRDEDQJSA-N,2016,Ki,6.009999
XRDPJIJIWYVCKW-AVRDEDQJSA-N,2016,Ki,5.959999
XRDPJIJIWYVCKW-GCJKJVERSA-N,2016,Ki,6.370000
XRDPJIJIWYVCKW-GCJKJVERSA-N,2016,Ki,5.090000
XRDPJIJIWYVCKW-GCJKJVERSA-N,2019,Ki,7.240332
XRDPJIJIWYVCKW-PGRDOPGGSA-N,2016,Ki,6.620006
XRDPJIJIWYVCKW-PGRDOPGGSA-N,2016,Ki,7.240030
XRDPJIJIWYVCKW-XMSQKQJNSA-N,2016,Ki,6.099999
XRDPJIJIWYVCKW-XMSQKQJNSA-N,2019,Ki,5.890084
XRDPJIJIWYVCKW-YSYXNDDBSA-N,2019,Ki,5.819874
XRDPJIJIWYVCKW-YSYXNDDBSA-N,2019,Ki,5.940058
XRDPJIJIWYVCKW-YSYXNDDBSA-N,2019,Ki,6.931814
XRDVQWJPAZZLKN-UHFFFAOYSA-N,2012,Ki,5.741842
XRDZUZLOELIAOU-UHFFFAOYSA-N,2010,Ki,7.494850
XRHMVCVKZQLVNP-UHFFFAOYSA-N,2006,Ki,5.625252
XRIVHXPJBXAZDT-UHFFFAOYSA-N,2017,Ki,8.080922
XRIVHXPJBXAZDT-UHFFFAOYSA-N,2017,Ki,8.431798
XRIVHXPJBXAZDT-UHFFFAOYSA-N,2017,EC50,6.619789
XRJAGLUSGLFLQK-UHFFFAOYSA-N,2016,Ki,6.399997
XRJAGLUSGLFLQK-UHFFFAOYSA-N,2019,Ki,6.390406
XRJAGLUSGLFLQK-UHFFFAOYSA-N,2020,Ki,6.390406
XRJGWSMTLAFHBN-UHFFFAOYSA-N,2016,Ki,5.729999
XRLKXFYGGNVIJA-UHFFFAOYSA-N,2004,Ki,6.508638
XRUQWQMSCMPGRN-UHFFFAOYSA-N,2014,Ki,7.481486
XRUUSJMEKAKGQU-GOSISDBHSA-N,2016,Ki,8.238072
XRUUSJMEKAKGQU-GOSISDBHSA-N,2016,Ki,5.373660
XRUUSJMEKAKGQU-GOSISDBHSA-N,2016,EC50,7.643974
XRUUSJMEKAKGQU-GOSISDBHSA-N,2016,EC50,7.557520
XRUUSJMEKAKGQU-GOSISDBHSA-N,2017,EC50,9.522879
XRUUSJMEKAKGQU-GOSISDBHSA-N,2017,EC50,6.811072
XRUUSJMEKAKGQU-GOSISDBHSA-N,2017,EC50,6.904134
XRUUSJMEKAKGQU-GOSISDBHSA-N,2017,EC50,8.958607
XRUUSJMEKAKGQU-GOSISDBHSA-N,2018,EC50,6.812479
XRUUSJMEKAKGQU-GOSISDBHSA-N,2018,EC50,9.522879
XRXBZJLXUCSIKS-UHFFFAOYSA-N,2011,Ki,8.318759
XRXVZFVFIDKFOR-UHFFFAOYSA-N,2007,Ki,7.337242
XRYLGRGAWQSVQW-KRWDZBQOSA-N,2010,Ki,8.958607
XRYLGRGAWQSVQW-QGZVFWFLSA-N,2010,Ki,8.136677
XRYLGRGAWQSVQW-UHFFFAOYSA-N,2010,Ki,9.173925
XRYOHUILNZTLBQ-UHFFFAOYSA-N,2003,Ki,7.000000
XRZGFBAAWMVHMU-UHFFFAOYSA-N,2009,Ki,7.508638
XRZZROKCQWOAAH-UHFFFAOYSA-N,2020,IC50,6.835647
XSBNGDJHMKLOOQ-UHFFFAOYSA-N,2007,Ki,5.899998
XSDFRRJDAYISQR-UHFFFAOYSA-N,2008,Ki,3.369572
XSHRDEIBCLNUGC-MIRVZWSXSA-N,2020,Ki,6.251812
XSHRDEIBCLNUGC-MIRVZWSXSA-N,2022,Ki,6.251812
XSIRCQCMKMOVGP-UHFFFAOYSA-N,2003,Ki,6.899629
XSKRLZXLIVVXHO-UHFFFAOYSA-N,2022,Ki,8.197911
XSMJOXYQXGOXQV-FXBPSFAMSA-N,2006,Ki,5.739929
XSMSWEUOSDXUHZ-UHFFFAOYSA-N,2003,Ki,6.698970
XSNJPPIVERUUQP-OMJZWIOZSA-N,2010,Ki,6.316053
XSNMDMSHDAOPPM-UHFFFAOYSA-N,2010,Ki,6.499997
XSRFHBAHNKMQSR-UHFFFAOYSA-N,2023,Ki,6.920819
XSRFHBAHNKMQSR-UHFFFAOYSA-N,2023,Ki,7.107905
XSRZDWFALCQUFX-RIYZIHGNSA-N,1994,Ki,6.023192
XSSXHQSTUIVFIS-WWCVRFSUSA-N,2015,Ki,7.772113
XSWNCWHBCPRVSC-UHFFFAOYSA-N,2013,Ki,6.522879
XSWNCWHBCPRVSC-UHFFFAOYSA-N,2013,Ki,6.499997
XTENPQMXIHRLGV-UHFFFAOYSA-N,2014,Ki,7.568636
XTFGAHNJVINQAV-UHFFFAOYSA-N,2017,Ki,6.334419
XTFGAHNJVINQAV-UHFFFAOYSA-N,2018,Ki,6.334419
XTFNKHQCBITNPG-UHFFFAOYSA-N,2017,Ki,5.397940
XTFNKHQCBITNPG-UHFFFAOYSA-N,2017,Ki,5.568636
XTFRBHHJAHSVNA-UHFFFAOYSA-N,2017,Ki,8.292430
XTFRBHHJAHSVNA-UHFFFAOYSA-N,2017,Ki,8.259637
XTFRBHHJAHSVNA-UHFFFAOYSA-N,2017,EC50,7.055517
XTFRBHHJAHSVNA-UHFFFAOYSA-N,2017,EC50,5.520000
XTFRBHHJAHSVNA-UHFFFAOYSA-N,2017,EC50,5.537602
XTFRBHHJAHSVNA-UHFFFAOYSA-N,2017,EC50,7.059982
XTGBKPIGYITIHE-INIZCTEOSA-N,2022,Ki,6.259637
XTHNKXHWYMMNTD-NRFANRHFSA-N,2018,Ki,7.376751
XTHNKXHWYMMNTD-OAQYLSRUSA-N,2018,Ki,8.096910
XTHUIXNTYMTWQC-UHFFFAOYSA-N,2013,Ki,8.886057
XTIPDLJJVIOGHI-UHFFFAOYSA-N,2011,Ki,8.795880
XTKDAFGWCDAMPY-UHFFFAOYSA-N,1993,Ki,7.283997
XTKDAFGWCDAMPY-UHFFFAOYSA-N,2021,Ki,6.640165
XTKDAFGWCDAMPY-UHFFFAOYSA-N,2021,Ki,6.639994
XTKDAFGWCDAMPY-UHFFFAOYSA-N,2021,Ki,6.642065
XTKDAFGWCDAMPY-UHFFFAOYSA-N,2021,Ki,6.639994
XTOWQVXDCKJOHK-UHFFFAOYSA-N,2022,Ki,4.698970
XTQDBQZDKVOPAN-IYARVYRRSA-N,2020,Ki,5.958607
XTQDBQZDKVOPAN-IYARVYRRSA-N,2022,Ki,5.958607
XTRDYFXHAKBBSQ-UHFFFAOYSA-N,2022,Ki,6.859995
XTUBFYJCRZIUBT-KESTWPANSA-N,2014,Ki,6.212610
XTWUNLMHXDDOMD-SNVBAGLBSA-N,1997,Ki,8.602060
XTWUNLMHXDDOMD-SNVBAGLBSA-N,2016,Ki,8.555955
XTWUNLMHXDDOMD-SNVBAGLBSA-N,2016,Ki,5.614394
XTWUNLMHXDDOMD-SNVBAGLBSA-N,2016,EC50,7.795880
XTWUNLMHXDDOMD-SNVBAGLBSA-N,2016,EC50,9.000000
XTWUNLMHXDDOMD-SNVBAGLBSA-N,2017,EC50,8.040959
XTWUNLMHXDDOMD-SNVBAGLBSA-N,2017,EC50,6.913996
XTWUNLMHXDDOMD-SNVBAGLBSA-N,2017,EC50,6.953895
XTWUNLMHXDDOMD-SNVBAGLBSA-N,2017,EC50,7.767004
XTXKTQKZXFWQIP-LAUBAEHRSA-N,2019,Ki,5.990124
XTXKTQKZXFWQIP-LAUBAEHRSA-N,2020,Ki,5.990124
XTXKTQKZXFWQIP-UHFFFAOYSA-N,2019,Ki,6.410050
XTXKTQKZXFWQIP-UHFFFAOYSA-N,2020,Ki,6.410050
XTXKTQKZXFWQIP-UTKZUKDTSA-N,2019,Ki,6.560667
XTXKTQKZXFWQIP-UTKZUKDTSA-N,2020,Ki,6.560667
XTYMHPYTYMGIID-ZHACJKMWSA-N,2003,Ki,7.414539
XTZOWCVPOQNSNK-LAUBAEHRSA-N,2019,Kd,8.819874
XTZOWCVPOQNSNK-LAUBAEHRSA-N,2019,Ki,8.819874
XTZOWCVPOQNSNK-UWJYYQICSA-N,2019,Kd,7.510042
XTZOWCVPOQNSNK-UWJYYQICSA-N,2019,Ki,7.530031
XTZZQQZBOKCCIX-UHFFFAOYSA-N,1997,Ki,6.045757
XUAGVHSWKPRGFP-GMAHTHKFSA-N,2020,Ki,5.230623
XUAGVHSWKPRGFP-JTHBVZDNSA-N,2020,Ki,5.025949
XUAUIXCHBXOTAB-PAVFIEEWSA-N,2023,Ki,6.017729
XUBBXZOTHIPKRG-UHFFFAOYSA-N,2021,Ki,6.154902
XUBBXZOTHIPKRG-UHFFFAOYSA-N,2021,Ki,6.777284
XUBVWPDKERMCAP-UHFFFAOYSA-N,2011,Ki,6.519993
XUCLJUFEMZOBBY-UHFFFAOYSA-N,2020,Ki,6.677781
XUCLJUFEMZOBBY-UHFFFAOYSA-N,2022,Ki,6.677781
XUIZPQCWJRMJBY-UHFFFAOYSA-N,2015,Ki,6.790485
XUKSGYGUDPUQCB-KNQAVFIVSA-N,2019,Ki,6.410050
XUKSGYGUDPUQCB-KNQAVFIVSA-N,2020,Ki,6.410050
XUKSGYGUDPUQCB-SIKLNZKXSA-N,2019,Ki,7.359519
XUKSGYGUDPUQCB-SIKLNZKXSA-N,2020,Ki,7.359519
XUKSGYGUDPUQCB-UHFFFAOYSA-N,2016,Ki,6.399997
XUKSGYGUDPUQCB-UHFFFAOYSA-N,2016,Ki,7.400008
XUKSGYGUDPUQCB-UHFFFAOYSA-N,2016,Ki,6.099999
XULRRHPSHZGOJX-WGSAOQKQSA-N,1997,Ki,7.721246
XUOARYPFOGJNNV-UHFFFAOYSA-N,2013,Ki,6.283997
XUOARYPFOGJNNV-UHFFFAOYSA-N,2013,Ki,6.468521
XURAMCXXLDOPJF-UHFFFAOYSA-N,2017,IC50,8.283997
XURLIKHUHWMOTE-UHFFFAOYSA-N,2001,Ki,8.337242
XUTJSHVGYIHURB-BWKNWUBXSA-N,2016,Ki,6.199998
XUTJSHVGYIHURB-BWKNWUBXSA-N,2016,Ki,6.470005
XUTRVIHVFHKDOS-UHFFFAOYSA-N,2006,Ki,6.707744
XUYHFDXRBDOBCI-FVUUGDKNSA-N,2023,Ki,5.721246
XVAIBFITQWHLML-NZQKXSOJSA-N,2010,Ki,5.863279
XVBMPLSZRRHPOJ-UHFFFAOYSA-N,2017,Ki,5.638272
XVCOCVUIJOUBOY-UHFFFAOYSA-N,1996,IC50,5.959999
XVDINFILZLZVNV-UHFFFAOYSA-N,2004,Ki,6.562249
XVGOZDAJGBALKS-UHFFFAOYSA-N,2005,Ki,9.853872
XVHMGSVEPAPMBT-UHFFFAOYSA-N,2006,Ki,5.409381
XVJBBDPXCJMUFL-UHFFFAOYSA-N,2020,EC50,5.259637
XVJBBDPXCJMUFL-UHFFFAOYSA-N,2023,EC50,5.259637
XVKBKIBQGMWRDG-UHFFFAOYSA-N,2002,Ki,6.823909
XVKBKIBQGMWRDG-UHFFFAOYSA-N,2002,Ki,7.008774
XVKBKIBQGMWRDG-UHFFFAOYSA-N,2007,Ki,6.819989
XVKBKIBQGMWRDG-UHFFFAOYSA-N,2015,Ki,7.468521
XVKUSGKUKLVLGP-ZIIYYELXSA-N,2018,IC50,7.095826
XVPRVMIFXXOEFR-UHFFFAOYSA-N,2001,Ki,5.494850
XVPRVMIFXXOEFR-UHFFFAOYSA-N,2001,Ki,5.366532
XVPRVMIFXXOEFR-UHFFFAOYSA-N,2002,Ki,5.494850
XVPRVMIFXXOEFR-UHFFFAOYSA-N,2002,Ki,5.366532
XVPRVMIFXXOEFR-UHFFFAOYSA-N,2002,Ki,5.494850
XVPRVMIFXXOEFR-UHFFFAOYSA-N,2002,Ki,5.366532
XVPRVMIFXXOEFR-UHFFFAOYSA-N,2005,Ki,5.494850
XVPRVMIFXXOEFR-UHFFFAOYSA-N,2006,Ki,5.366532
XVPRVMIFXXOEFR-UHFFFAOYSA-N,2006,Ki,5.494850
XVPRVMIFXXOEFR-UHFFFAOYSA-N,2007,Ki,5.550000
XVPRVMIFXXOEFR-UHFFFAOYSA-N,2008,Ki,5.537602
XVPRVMIFXXOEFR-UHFFFAOYSA-N,2008,Ki,5.657577
XVPRVMIFXXOEFR-UHFFFAOYSA-N,2014,Ki,5.494850
XVPRVMIFXXOEFR-UHFFFAOYSA-N,2017,Ki,5.366532
XVPRVMIFXXOEFR-UHFFFAOYSA-N,2017,Ki,5.494850
XVPRVMIFXXOEFR-UHFFFAOYSA-N,2021,Ki,5.494850
XVQTWFFAIBVICX-UHFFFAOYSA-N,2006,Ki,5.301030
XVRGSHVTZMJIAN-UHFFFAOYSA-N,2001,Ki,8.769551
XVRLZUUEOHNLID-LLVKDONJSA-N,1993,Ki,6.067019
XVSVZEAYULOQSI-UHFFFAOYSA-N,2007,Ki,5.886057
XVUATXAVUFXNQC-XCXMUSTGSA-N,2018,IC50,7.850781
XVXBOIQGBDSZFQ-UHFFFAOYSA-N,2013,Ki,6.701584
XVXFSBQMSJKQKG-UHFFFAOYSA-N,2020,Ki,8.045757
XVYIADYYFNGCJZ-CMDGGOBGSA-N,1999,Ki,6.552842
XWGNKABGVNJFEL-WOJBJXKFSA-N,2001,Ki,5.853872
XWMKZWFBKLJGKQ-NUNSKJLSSA-N,2003,Ki,7.100015
XWOWUPZMWGTZIJ-UHFFFAOYSA-N,2019,Ki,5.200000
XWPFAYFZWMVJSL-SFHVURJKSA-N,2000,Ki,5.204120
XWPFAYFZWMVJSL-SFHVURJKSA-N,2000,Ki,5.560667
XWQQVXPJZWZEFN-UHFFFAOYSA-N,2007,Ki,6.701147
XWQQVXPJZWZEFN-UHFFFAOYSA-N,2007,EC50,6.647817
XWRCSVSWZWMHPY-GLOFJIOZSA-N,2007,Ki,7.823909
XWRCSVSWZWMHPY-GLOFJIOZSA-N,2007,Ki,7.920819
XWSLVHMENQYJFV-UHFFFAOYSA-N,2006,Ki,6.337242
XWSSRMXCAFXSRM-CFFRYYMNSA-N,2021,Ki,7.596879
XWSSWUGRNPRNER-UHFFFAOYSA-N,2020,Ki,6.785156
XWTDQRZJIQBPTH-VQTJNVASSA-N,2023,Ki,6.431798
XWXGIXOQLMBDID-UHFFFAOYSA-N,2010,Ki,6.599998
XWXQDIUFNJEKBY-UHFFFAOYSA-N,1999,Ki,5.920819
XXESQSFCTJSSQN-UHFFFAOYSA-N,2023,Ki,6.756962
XXFDUBQKUBCCOE-DIBLIPFTSA-N,2014,Ki,5.913640
XXHNDRSEJAXPLM-UHFFFAOYSA-N,2016,IC50,7.920819
XXKFENINNOPLPU-MGFGWZDJSA-N,2003,Ki,6.199998
XXKGCSWBGJTTJM-UHFFFAOYSA-N,2023,Ki,5.136677
XXKGCSWBGJTTJM-UHFFFAOYSA-N,2023,Ki,4.795880
XXNSAFMKWRWIBC-XRKRLSELSA-N,1998,Ki,6.099999
XXNSAFMKWRWIBC-YTMVLYRLSA-N,1998,Ki,6.299998
XXPNWYXHQVWMTB-QHCPKHFHSA-N,2012,IC50,6.099999
XXUQXMYKXRYVTE-UHFFFAOYSA-N,2017,Ki,6.074172
XXUQXMYKXRYVTE-UHFFFAOYSA-N,2018,Ki,6.074172
XXUXRIDSKSDOGY-XYWHTSSQSA-N,2014,Ki,7.419645
XXXUSCSPGNMVOM-UHFFFAOYSA-N,1996,Ki,7.199971
XYAFTCLJGUGMBU-UHFFFAOYSA-N,2017,Ki,5.899629
XYAFTCLJGUGMBU-UHFFFAOYSA-N,2018,Ki,5.899629
XYGFUOFZJNRUOD-UHFFFAOYSA-N,1994,Ki,6.267606
XYGZFTTWYYTXOD-UHFFFAOYSA-N,2022,Ki,6.673664
XYLLCILLEMTVLF-UHFFFAOYSA-N,2020,Ki,6.289967
XYOCQKZCBWVHNF-AQYVVDRMSA-N,2014,Ki,6.857423
XYOSGJOTBXWFCN-UHFFFAOYSA-N,2012,Ki,7.022276
XYPNSIBKATVQIJ-WGSAOQKQSA-N,1997,Ki,7.943095
XYQZBAPGVRTOEI-UHFFFAOYSA-N,2018,Ki,6.598599
XYQZBAPGVRTOEI-UHFFFAOYSA-N,2018,Ki,6.400117
XYRLMCYNIVWAAM-UHFFFAOYSA-N,2007,Ki,6.099999
XYWCAOFTBSFDJW-UHFFFAOYSA-N,1995,Ki,7.000000
XZFPTXVCUYVBAT-KRWDZBQOSA-N,2020,Ki,7.750068
XZFPTXVCUYVBAT-QGZVFWFLSA-N,2020,Ki,8.849858
XZGWAEHXRURBSM-UHFFFAOYSA-N,2020,EC50,5.769551
XZGWAEHXRURBSM-UHFFFAOYSA-N,2023,EC50,5.769551
XZGWAEHXRURBSM-UHFFFAOYSA-N,2023,EC50,5.769551
XZHJITMMAUAOIV-UHFFFAOYSA-N,2007,Ki,6.214670
XZIBXVSMGZCFPR-UHFFFAOYSA-N,2017,IC50,7.573489
XZIBXVSMGZCFPR-UHFFFAOYSA-N,2019,IC50,7.573489
XZJGINKCKLOPKC-VIFPVBQESA-N,2010,IC50,7.240030
XZKJWFNUAUOHAC-AQYVVDRMSA-N,2013,Ki,5.948462
XZMLRFQMXJLGRF-UHFFFAOYSA-N,2017,Ki,5.745452
XZMLRFQMXJLGRF-UHFFFAOYSA-N,2018,Ki,5.745452
XZONNCQQDNOYMJ-UHFFFAOYSA-N,2015,Ki,7.423659
XZPOSTRUOZYGKG-KRWDZBQOSA-N,2012,IC50,6.058916
XZPOSTRUOZYGKG-KRWDZBQOSA-N,2012,Ki,6.459971
XZPOSTRUOZYGKG-KRWDZBQOSA-N,2013,Ki,6.459671
XZPQRIJZBKZROM-HNNXBMFYSA-N,1999,Ki,5.853872
XZPQRIJZBKZROM-HNNXBMFYSA-N,1999,Ki,6.193820
XZPQRIJZBKZROM-OAHLLOKOSA-N,1999,Ki,6.086186
XZPQRIJZBKZROM-OAHLLOKOSA-N,1999,Ki,6.267606
XZUUIMQQOCYISH-UHFFFAOYSA-N,2015,Ki,7.236572
XZUUIMQQOCYISH-UHFFFAOYSA-N,2015,Ki,7.292430
XZXRXUCWJOQZBL-UHFFFAOYSA-N,2009,Ki,7.899974
YALCLPZHBNPXEN-JOCHJYFZSA-N,2017,EC50,5.998007
YALCLPZHBNPXEN-JOCHJYFZSA-N,2017,Ki,6.514279
YALCLPZHBNPXEN-JOCHJYFZSA-N,2017,EC50,5.727996
YALCLPZHBNPXEN-JOCHJYFZSA-N,2017,EC50,5.399997
YALCLPZHBNPXEN-JOCHJYFZSA-N,2017,EC50,5.973018
YALDYYSVNQBATO-UHFFFAOYSA-N,2008,Ki,5.200659
YANOQHGMWHDKKI-UHFFFAOYSA-N,2010,Ki,6.399997
YAOWMUKUYWGVDH-UHFFFAOYSA-N,2006,Ki,7.075721
YAOWMUKUYWGVDH-UHFFFAOYSA-N,2006,Ki,8.102373
YAQQLLHWVKVXCR-UHFFFAOYSA-N,2016,IC50,7.366532
YAQRLZQYOQZQDV-RUCARUNLSA-N,2013,Ki,5.570001
YAQRLZQYOQZQDV-RUCARUNLSA-N,2019,EC50,6.841638
YAQRLZQYOQZQDV-RUCARUNLSA-N,2019,EC50,6.196543
YAQRLZQYOQZQDV-RUCARUNLSA-N,2019,EC50,6.840012
YAQRLZQYOQZQDV-RUCARUNLSA-N,2019,EC50,6.199998
YASIAEWQHNEVDZ-UHFFFAOYSA-N,2014,Ki,7.309804
YATPAHDOUJPRNV-UHFFFAOYSA-N,1996,Ki,6.619789
YATPAHDOUJPRNV-UHFFFAOYSA-N,1997,Ki,6.619789
YAVGJSSSBKISPN-UHFFFAOYSA-N,1993,Ki,6.818156
YAWDPUHJRVVYKE-UHFFFAOYSA-N,2003,Ki,6.838632
YAYWMEPAZGIOAH-UHFFFAOYSA-N,2006,Ki,6.809668
YBAWYTYNMZWMMJ-UHFFFAOYSA-N,2020,Ki,5.915424
YBCFDDCJLZVHPZ-FQEVSTJZSA-N,2010,Ki,8.481486
YBCFDDCJLZVHPZ-HXUWFJFHSA-N,2010,Ki,7.568636
YBCFDDCJLZVHPZ-UHFFFAOYSA-N,2010,Ki,8.148742
YBEFJOYLICFFIN-UHFFFAOYSA-N,2020,Ki,6.499997
YBEUIAYJOLGULC-CYBMUJFWSA-N,1989,Kd,9.366532
YBEUIAYJOLGULC-CYBMUJFWSA-N,1989,Kd,7.025488
YBGMRLZOHGQJTB-UZLBHIALSA-N,1998,Ki,6.686133
YBHILYKTIRIUTE-UHFFFAOYSA-N,2024,IC50,4.767004
YBHILYKTIRIUTE-UHFFFAOYSA-N,2024,IC50,4.413413
YBIAFKASHSKZAI-UAPYVXQJSA-N,2014,Ki,7.369979
YBKCQCAJYCNQFK-UHFFFAOYSA-N,2008,IC50,5.180456
YBRBKCXISVCUJG-INIZCTEOSA-N,1999,Ki,5.508638
YBRBKCXISVCUJG-INIZCTEOSA-N,1999,Ki,5.795880
YBRBKCXISVCUJG-MRXNPFEDSA-N,1999,Ki,5.698970
YBRBKCXISVCUJG-MRXNPFEDSA-N,1999,Ki,5.823909
YBUAHTMMKRAXBO-JKIUYZKVSA-N,2014,Ki,7.234928
YBUOJMCAVXYQBO-UHFFFAOYSA-N,1997,Ki,6.536107
YBUOJMCAVXYQBO-UHFFFAOYSA-N,2005,Ki,6.760000
YBWZCNHZSGYCJP-UHFFFAOYSA-N,2023,Ki,5.978811
YBWZCNHZSGYCJP-UHFFFAOYSA-N,2023,IC50,5.696804
YBWZCNHZSGYCJP-UHFFFAOYSA-N,2023,IC50,5.806875
YBXCOWRSGYAPSD-ZDUSSCGKSA-N,2010,IC50,8.379968
YCAAJJCVIFKZBL-UHFFFAOYSA-N,2010,Ki,8.638272
YCBKBUUDECGKKX-UHFFFAOYSA-N,2019,IC50,5.446117
YCDXELFFFUYKMO-UHFFFAOYSA-N,1996,Ki,6.283997
YCDXELFFFUYKMO-UHFFFAOYSA-N,1997,Ki,6.283997
YCFLEYLRCILPQC-UHFFFAOYSA-N,2003,Ki,5.380281
YCFPUDBYSCLGNZ-XUTJKUGGSA-N,2014,Ki,7.591421
YCFSCWCCZHATDT-UHFFFAOYSA-N,2012,Ki,7.387216
YCGXHEJETHPGPD-UHFFFAOYSA-N,2018,Ki,6.040000
YCNGRVYOTGGUSQ-UHFFFAOYSA-N,2019,IC50,8.054039
YCQKBDMLGQENAQ-UHFFFAOYSA-N,2017,Ki,5.124881
YCRGPOOVKKKGRZ-YLJYHZDGSA-N,2000,IC50,6.835647
YCRXAHFQGPHELU-JKSUJKDBSA-N,2020,Ki,5.958607
YCRXAHFQGPHELU-JKSUJKDBSA-N,2022,Ki,5.958607
YCVCSJNOURLGPF-XUTJKUGGSA-N,2014,Ki,7.402963
YCVHXXNYLSKBKJ-ZDUSSCGKSA-N,2010,IC50,8.489991
YCWVGXHIBUBRER-UHFFFAOYSA-N,2010,Ki,5.568636
YCWWVMILONBSIH-UHFFFAOYSA-N,2006,Ki,6.388277
YCXKREHMDGDOCM-UHFFFAOYSA-N,2010,Ki,5.641875
YCZWURFQDCDNKN-UHFFFAOYSA-N,2019,Ki,6.920819
YDAJJJBQJSTNFN-AWEZNQCLSA-N,2010,IC50,8.750068
YDCWHOYYMICCQD-UHFFFAOYSA-N,2008,Ki,5.259637
YDCWHOYYMICCQD-UHFFFAOYSA-N,2008,Ki,5.327902
YDDRYYASSGIIFK-UHFFFAOYSA-N,2023,Ki,6.086186
YDESBRPNQFQEGA-HXUWFJFHSA-N,2017,Ki,7.732828
YDIIMEYIGWYMMA-UHFFFAOYSA-N,1999,Ki,6.699992
YDLWLYDTYNHXBM-UHFFFAOYSA-N,2008,EC50,7.701147
YDLWLYDTYNHXBM-VWLOTQADSA-N,2010,Ki,6.578396
YDLWLYDTYNHXBM-VWLOTQADSA-N,2010,EC50,7.701147
YDLWLYDTYNHXBM-VWLOTQADSA-N,2012,EC50,7.480172
YDOILAGGRVCPSJ-VJMAFPLCSA-N,2023,Ki,8.187087
YDOTUXAWKBPQJW-NSLWYYNWSA-N,,IC50,8.709965
YDOTUXAWKBPQJW-NSLWYYNWSA-N,,Ki,9.187087
YDQYJYPAQZRPCT-UHFFFAOYSA-N,2010,Ki,8.823909
YDSLGYGXMJYMOS-XUTJKUGGSA-N,2013,Ki,6.405475
YDSZXMRCXLHXST-UHFFFAOYSA-N,2001,Ki,6.879426
YDXFZRXCBRFBQS-IAGOWNOFSA-N,2000,IC50,6.115771
YEBWFZBYQOGEEH-UHFFFAOYSA-N,1995,Ki,8.096910
YEBWFZBYQOGEEH-UHFFFAOYSA-N,2013,Ki,8.096910
YECOTWMMKZQQAE-UHFFFAOYSA-N,1995,Ki,7.700057
YEDLOLJNNJYOJS-UHFFFAOYSA-N,2023,Ki,7.688246
YEDLOLJNNJYOJS-UHFFFAOYSA-N,2023,EC50,8.400008
YEDLOLJNNJYOJS-UHFFFAOYSA-N,2023,EC50,8.401209
YEDLOLJNNJYOJS-UHFFFAOYSA-N,2023,EC50,7.929962
YEDLOLJNNJYOJS-UHFFFAOYSA-N,2023,EC50,7.925915
YEDOJNFKHXVFHD-UHFFFAOYSA-N,2014,Ki,7.950782
YEDOJNFKHXVFHD-UHFFFAOYSA-N,2014,Ki,7.950007
YEDOJNFKHXVFHD-UHFFFAOYSA-N,2014,EC50,9.522879
YEDOJNFKHXVFHD-UHFFFAOYSA-N,2014,EC50,7.879426
YEEMKPJFAQAHOW-UHFFFAOYSA-N,1995,Ki,7.207608
YEFAFNGWRUUUQI-UHFFFAOYSA-N,1999,Ki,6.699992
YEHCICAEULNIGD-MZMPZRCHSA-N,1997,Ki,8.397940
YEHCICAEULNIGD-MZMPZRCHSA-N,1998,Ki,7.301030
YEHCICAEULNIGD-MZMPZRCHSA-N,,IC50,6.954677
YEHCICAEULNIGD-MZMPZRCHSA-N,,Ki,7.431798
YEHCICAEULNIGD-MZMPZRCHSA-N,2014,Ki,7.585027
YEHCICAEULNIGD-MZMPZRCHSA-N,2014,Ki,7.590067
YEHCICAEULNIGD-MZMPZRCHSA-N,2004,EC50,9.450016
YEHCICAEULNIGD-MZMPZRCHSA-N,2024,Ki,9.207608
YEHCICAEULNIGD-MZMPZRCHSA-N,2024,Ki,8.397940
YEOWMZRSKXXMFL-UHFFFAOYSA-N,2005,Ki,7.447332
YEPKUBSVJPPSQU-UHFFFAOYSA-N,2015,Ki,6.987163
YEQXLZYCVNXKRF-UHFFFAOYSA-N,2013,Ki,6.838632
YEUKYYRBGVTVHI-UHFFFAOYSA-N,1997,Ki,7.193820
YEUKYYRBGVTVHI-UHFFFAOYSA-N,2005,Ki,7.189969
YEUOAQOPSABWMD-KESTWPANSA-N,2023,Ki,6.040959
YEWGIGCYIAMFMA-UHFFFAOYSA-N,2006,Ki,7.349692
YEWGIGCYIAMFMA-UHFFFAOYSA-N,2006,Ki,7.721246
YEWGIGCYIAMFMA-UHFFFAOYSA-N,2006,Ki,7.351640
YEWGIGCYIAMFMA-UHFFFAOYSA-N,2006,Ki,7.721246
YEWGIGCYIAMFMA-UHFFFAOYSA-N,2007,Ki,7.351640
YEWGIGCYIAMFMA-UHFFFAOYSA-N,2008,Ki,7.379968
YEWGIGCYIAMFMA-UHFFFAOYSA-N,2015,Ki,7.351640
YEWGIGCYIAMFMA-UHFFFAOYSA-N,2024,Ki,7.349692
YEYNJASJMPEAEX-UHFFFAOYSA-N,1995,Ki,6.565431
YEYNJASJMPEAEX-UHFFFAOYSA-N,1995,Ki,6.331614
YEZCJKQSOJUPNB-UHFFFAOYSA-N,2020,Ki,6.485452
YEZCJKQSOJUPNB-UHFFFAOYSA-N,2022,Ki,6.485452
YFBWUDLPVMDGDF-JTQLQIEISA-N,2010,IC50,5.520000
YFCLKFMYEUGDOO-KESTWPANSA-N,2023,Ki,8.749580
YFCLKFMYEUGDOO-KESTWPANSA-N,2023,EC50,8.219971
YFCLKFMYEUGDOO-KESTWPANSA-N,2023,EC50,8.223299
YFGHCGITMMYXAQ-LJQANCHMSA-N,2016,IC50,8.677781
YFHWGBZGWDWNRV-JHNFVTJISA-N,2013,Ki,6.358229
YFIBOKLKHXZNEU-UHFFFAOYSA-N,2011,Ki,8.522879
YFINOLWYBYMFPQ-QXMHVHEDSA-N,2020,Ki,4.935542
YFIRTELZAMWIHL-UHFFFAOYSA-N,2019,Ki,6.366532
YFIRTELZAMWIHL-UHFFFAOYSA-N,2019,Ki,6.508638
YFJPHIULVVJFIS-KESTWPANSA-N,2014,Ki,6.463063
YFKQSGLMKFTUJN-UHFFFAOYSA-N,2014,Ki,7.795880
YFKULYYWSYOHDZ-UHFFFAOYSA-N,2018,Ki,5.240000
YFKVSCFFRQFRQH-PAVFIEEWSA-N,2023,Ki,6.537602
YFQOPLHEALSEEL-UHFFFAOYSA-N,2014,Ki,6.092051
YFQOPLHEALSEEL-UHFFFAOYSA-N,2017,Ki,6.092051
YFQOPLHEALSEEL-UHFFFAOYSA-N,2018,Ki,6.092051
YFRPYRGBQBMLTB-XYOKQWHBSA-N,1999,Ki,6.000000
YFSPFZNLWSGJJK-UHFFFAOYSA-N,2016,Ki,5.587792
YFSQZKVPESKTJY-UHFFFAOYSA-N,2007,Ki,7.209996
YFSQZKVPESKTJY-UHFFFAOYSA-N,2015,Ki,7.769551
YFWICZORWGKFIF-UHFFFAOYSA-N,2007,Ki,6.799998
YFWYOPIREDLCQN-UHFFFAOYSA-N,2016,Ki,6.585027
YFXWJWJZNPPTDW-UHFFFAOYSA-N,2014,Ki,8.494850
YFXWJWJZNPPTDW-UHFFFAOYSA-N,2014,Ki,8.657577
YGBMXSHDMFFOBA-UHFFFAOYSA-N,2015,Ki,6.329754
YGCYKAKZEZYUMC-ACRUOGEOSA-N,2013,Ki,5.835350
YGCYKAKZEZYUMC-NJDAHSKKSA-N,2013,Ki,5.949234
YGCYKAKZEZYUMC-YGQOYYDZSA-N,2013,Ki,5.832269
YGDMWGYWZVBWDP-UHFFFAOYSA-N,2007,Ki,6.399997
YGHHMTVTTJJSQZ-UHFFFAOYSA-N,1996,Ki,6.920819
YGHLYBIUVOLKCV-SMDDNHRTSA-N,1993,Ki,7.853872
YGHLYBIUVOLKCV-SMDDNHRTSA-N,1994,Ki,6.838632
YGKRVQCZWFVTEQ-UHFFFAOYSA-N,2023,Ki,5.787014
YGKUEOZJFIXDGI-UHFFFAOYSA-N,2010,Ki,4.755723
YGKUEOZJFIXDGI-UHFFFAOYSA-N,2010,Ki,5.123724
YGKUEOZJFIXDGI-UHFFFAOYSA-N,2020,Ki,4.756962
YGKUEOZJFIXDGI-UHFFFAOYSA-N,2020,Ki,5.124939
YGKUEOZJFIXDGI-UHFFFAOYSA-N,2022,Ki,5.000000
YGLPFEUWKJCWBD-UHFFFAOYSA-N,2017,Ki,6.235077
YGLPFEUWKJCWBD-UHFFFAOYSA-N,2018,Ki,6.235077
YGNIYGXERUDUPC-FERRBWLRSA-N,2013,Ki,5.979813
YGOZTDLAUVOPMF-OAHLLOKOSA-N,1995,Ki,5.970616
YGOZTDLAUVOPMF-OAHLLOKOSA-N,1996,Ki,5.970616
YGQYHFNCAZNGCT-UHFFFAOYSA-N,2022,Ki,6.651695
YGRCJJLROZSJRG-UHFFFAOYSA-N,2020,Ki,6.725842
YGRWOMWURHIOOO-UHFFFAOYSA-N,2012,Ki,8.049976
YGRWOMWURHIOOO-UHFFFAOYSA-N,2012,IC50,5.840000
YGRWOMWURHIOOO-UHFFFAOYSA-N,2012,IC50,5.837137
YGRWOMWURHIOOO-UHFFFAOYSA-N,2012,Ki,8.040959
YGTOBHZRTULFTF-KRWDZBQOSA-N,2011,Ki,5.534171
YGTOBHZRTULFTF-QGZVFWFLSA-N,2011,Ki,6.571865
YGVKBBMLEFBXOS-WEVVVXLNSA-N,2019,IC50,5.099087
YHCUIKZSZDBPQO-SKQWTEPWSA-N,2025,Ki,6.221849
YHEZQOSUVDWMEX-GOSISDBHSA-N,2000,Ki,5.522879
YHEZQOSUVDWMEX-SFHVURJKSA-N,2000,Ki,7.036212
YHFJWUFDUIOAOW-XUTJKUGGSA-N,2022,Ki,6.318759
YHKSIIGCRXQDQA-CCMYNQISSA-N,2019,Ki,6.159894
YHKSIIGCRXQDQA-CCMYNQISSA-N,2020,Ki,6.170053
YHKSIIGCRXQDQA-CCMYNQISSA-N,2020,Ki,6.159894
YHKSIIGCRXQDQA-IVFBNWJGSA-N,2019,Ki,6.170053
YHKSIIGCRXQDQA-UHFFFAOYSA-N,2019,Ki,6.240332
YHKSIIGCRXQDQA-UHFFFAOYSA-N,2020,Ki,6.240332
YHMDCFXONGIJED-NGRWLJPCSA-N,2008,Ki,8.920819
YHNXVNWEANWEHW-UHFFFAOYSA-N,2010,Ki,7.259637
YHNXVNWEANWEHW-UHFFFAOYSA-N,2010,Ki,7.337242
YHOBSYHOPLONDJ-UHFFFAOYSA-N,2020,IC50,6.909989
YHPPFQXIQZIMOW-CYBMUJFWSA-N,1994,Ki,6.769551
YHQGUYGNJMOBOA-UHFFFAOYSA-N,2002,Ki,6.712198
YHQSGSIBDPGBNE-GBWYYYKWSA-N,2022,Ki,6.275724
YHRNVXAUNZJNND-UHFFFAOYSA-N,1996,Ki,6.499997
YIABLPRBQVUUAI-UHFFFAOYSA-N,1996,Ki,5.700001
YICMRDZOCUCKAX-UHFFFAOYSA-N,2013,Ki,5.420216
YICMRDZOCUCKAX-UHFFFAOYSA-N,2013,Ki,5.400000
YIECWSJRMPAWGX-UHFFFAOYSA-N,2020,Ki,5.935018
YIHQDWZWZRGAIH-UHFFFAOYSA-N,2010,IC50,5.594824
YIIGKFOFBJECPD-UHFFFAOYSA-N,2010,Ki,7.939302
YIIGKFOFBJECPD-UHFFFAOYSA-N,2016,Ki,7.940058
YIILQFFSXRRLJQ-LJQANCHMSA-N,2002,Ki,6.120331
YIILQFFSXRRLJQ-UHFFFAOYSA-N,2002,Ki,6.123205
YIIWKHZEONNJTQ-UHFFFAOYSA-N,2013,IC50,8.455932
YIJDPVLWVKAIMO-GFCCVEGCSA-N,1995,Ki,7.301030
YILNPRPYCRADTF-UHFFFAOYSA-N,2005,Ki,7.677781
YILNPRPYCRADTF-UHFFFAOYSA-N,2005,Ki,7.537602
YIQRLQSFKQBQNL-HNNXBMFYSA-N,2018,Ki,5.297225
YIQYUPAUTXPUPU-UHFFFAOYSA-N,2020,Ki,6.424812
YIQYUPAUTXPUPU-UHFFFAOYSA-N,2022,Ki,6.424812
YISHJHUTBSLTCO-UHFFFAOYSA-N,2010,Ki,7.903090
YIUMSISCOUIOHZ-UHFFFAOYSA-N,2004,Ki,7.318759
YIUMSISCOUIOHZ-UHFFFAOYSA-N,2004,Ki,9.000000
YIYVRBYUJQVAJR-UHFFFAOYSA-N,2013,Ki,6.641494
YIYVRBYUJQVAJR-UHFFFAOYSA-N,2015,Ki,6.863279
YJBGSZUYOGPUMC-UHFFFAOYSA-N,2006,Ki,6.173925
YJBGSZUYOGPUMC-UHFFFAOYSA-N,2006,Ki,5.958607
YJBVDNFZPGPMBN-MIRVZWSXSA-N,2023,Ki,6.136677
YJEZHCBVIPUWFW-NSHDSACASA-N,2010,IC50,7.960189
YJGPWNCHDJDGJR-UHFFFAOYSA-N,2005,Ki,7.605548
YJGPWNCHDJDGJR-UHFFFAOYSA-N,2005,IC50,7.036212
YJGPWNCHDJDGJR-UHFFFAOYSA-N,2005,Ki,7.605548
YJGPWNCHDJDGJR-UHFFFAOYSA-N,2005,Ki,7.213249
YJGPWNCHDJDGJR-UHFFFAOYSA-N,2007,Ki,7.605548
YJGPWNCHDJDGJR-UHFFFAOYSA-N,2007,EC50,7.036212
YJHBORBWSSPLGN-UHFFFAOYSA-N,2010,Ki,7.886057
YJHBORBWSSPLGN-UHFFFAOYSA-N,2010,Ki,7.795880
YJHMYPHXIJOCOQ-UHFFFAOYSA-N,2023,Ki,5.795880
YJJVJEUUTBGCGP-IBGZPJMESA-N,2005,Ki,4.420216
YJKBKDOYRHHENB-QXSURTEESA-N,2008,Ki,6.707744
YJLMHUBBYHISAU-UHFFFAOYSA-N,2000,Ki,5.522879
YJLMHUBBYHISAU-UHFFFAOYSA-N,2000,Ki,5.756962
YJNBVDQHEBIRRE-UHFFFAOYSA-N,2012,IC50,5.612610
YJNBVDQHEBIRRE-UHFFFAOYSA-N,2012,IC50,5.610000
YJNUYVIFARPTCL-UHFFFAOYSA-N,2004,Ki,6.259637
YJNUYVIFARPTCL-UHFFFAOYSA-N,2004,Ki,5.823909
YJPWVCIGSHWNON-UHFFFAOYSA-N,1998,Ki,6.663540
YJPWVCIGSHWNON-UHFFFAOYSA-N,2005,Ki,6.950782
YJPWVCIGSHWNON-UHFFFAOYSA-N,2005,Ki,6.156145
YJPWVCIGSHWNON-UHFFFAOYSA-N,2005,IC50,5.892790
YJPWVCIGSHWNON-UHFFFAOYSA-N,2005,Ki,6.950782
YJPWVCIGSHWNON-UHFFFAOYSA-N,2007,Ki,6.950782
YJPWVCIGSHWNON-UHFFFAOYSA-N,2007,IC50,5.892790
YJPWVCIGSHWNON-UHFFFAOYSA-N,2011,Ki,6.950782
YJPWVCIGSHWNON-UHFFFAOYSA-N,2013,Ki,6.950782
YJPWVCIGSHWNON-UHFFFAOYSA-N,2015,Ki,7.262013
YJRKUTHRZOUCHT-UHFFFAOYSA-N,2007,Ki,5.335358
YJWWBNSDIIFYRN-UHFFFAOYSA-N,1995,IC50,7.387216
YJXDJZLDWYWBPH-UHFFFAOYSA-N,2015,Ki,6.366532
YJXYZPLPRPNAPZ-HZCBDIJESA-N,2007,Ki,7.207608
YJXYZPLPRPNAPZ-HZCBDIJESA-N,2007,Ki,7.207608
YJXYZPLPRPNAPZ-SZPZYZBQSA-N,2007,Ki,6.091515
YJXYZPLPRPNAPZ-SZPZYZBQSA-N,2007,Ki,7.026872
YJXYZPLPRPNAPZ-SZPZYZBQSA-N,2007,Ki,6.866461
YJYMXCFUNVLJOC-UHFFFAOYSA-N,2002,Ki,6.494850
YJYMXCFUNVLJOC-UHFFFAOYSA-N,2002,Ki,7.096910
YJYMXCFUNVLJOC-UHFFFAOYSA-N,2002,Ki,5.241088
YJYMXCFUNVLJOC-UHFFFAOYSA-N,2005,Ki,7.348722
YJYMXCFUNVLJOC-UHFFFAOYSA-N,2005,Ki,6.924453
YJYMXCFUNVLJOC-UHFFFAOYSA-N,2005,IC50,6.928118
YJYMXCFUNVLJOC-UHFFFAOYSA-N,2005,Ki,7.348722
YJYMXCFUNVLJOC-UHFFFAOYSA-N,2007,Ki,6.490005
YJYMXCFUNVLJOC-UHFFFAOYSA-N,2011,Ki,7.348722
YJYMXCFUNVLJOC-UHFFFAOYSA-N,2015,Ki,7.086186
YKCHNWKXANLFGS-WGSAOQKQSA-N,1998,Ki,7.920819
YKCHNWKXANLFGS-WGSAOQKQSA-N,1998,EC50,7.552842
YKCXNSAIVWHWKR-IQZDNPOKSA-N,2012,Ki,4.180456
YKCXNSAIVWHWKR-UJCHZGTJSA-N,2012,Ki,4.795880
YKEFFXDXDCCGLC-UHFFFAOYSA-N,2010,Ki,5.691222
YKLLQSPNTXNQJT-JCNLHEQBSA-N,2019,EC50,7.568636
YKLLQSPNTXNQJT-JCNLHEQBSA-N,2019,EC50,7.221849
YKLLQSPNTXNQJT-JCNLHEQBSA-N,2019,EC50,7.569925
YKLLQSPNTXNQJT-JCNLHEQBSA-N,2019,EC50,7.219971
YKMMIZDDGKTHST-UHFFFAOYSA-N,2012,Ki,8.602060
YKNNRQLCQGQFRB-UHFFFAOYSA-N,1999,Ki,8.585027
YKTBDLSRILDSHB-UHFFFAOYSA-N,2014,Ki,7.823909
YKUHLXRZNYUNSP-UHFFFAOYSA-N,2020,Ki,6.424812
YLBNUQZHSMXDAJ-UHFFFAOYSA-N,1999,Ki,5.958607
YLGXHKHIKDCOIA-UHFFFAOYSA-N,2023,Ki,7.578396
YLJUQDZJFUBUSL-UHFFFAOYSA-N,2016,Ki,5.000000
YLJUQDZJFUBUSL-UHFFFAOYSA-N,2020,Ki,4.989997
YLLFOYMWGWZZIG-WGSAOQKQSA-N,2023,Ki,6.251812
YLLMKDPCGLJFQN-CYBMUJFWSA-N,1995,Ki,6.507240
YLLMKDPCGLJFQN-CYBMUJFWSA-N,1995,Ki,7.161151
YLLMKDPCGLJFQN-ZDUSSCGKSA-N,1995,Ki,6.647817
YLOWHETUDKIVOI-UHFFFAOYSA-N,2016,Ki,6.966576
YLPJQEDKFKCTSE-UHFFFAOYSA-N,2002,Ki,6.638272
YLPJQEDKFKCTSE-UHFFFAOYSA-N,2002,Ki,6.769551
YLPJQEDKFKCTSE-UHFFFAOYSA-N,2006,Ki,6.638272
YLPJQEDKFKCTSE-UHFFFAOYSA-N,2006,Ki,6.769551
YLTGLYZGVGBBTF-UHFFFAOYSA-N,2019,Ki,6.872895
YLTKUDZHMIBRSC-UHFFFAOYSA-N,2020,Ki,5.774432
YLTKUDZHMIBRSC-UHFFFAOYSA-N,2022,Ki,5.774432
YLULTEDGTZQJDL-UHFFFAOYSA-N,2018,Ki,6.251812
YLZYYZWHNZPVBP-AFARHQOCSA-N,2014,Ki,6.611135
YMJIJWNRDYCZCK-UHFFFAOYSA-N,2023,Ki,7.046724
YMLDFYDEWIBRLP-UHFFFAOYSA-N,2016,Ki,6.619789
YMMKVLDFUKHZTJ-UTKZUKDTSA-N,2016,Ki,6.370000
YMMKVLDFUKHZTJ-UTKZUKDTSA-N,2019,Ki,6.739929
YMMKVLDFUKHZTJ-UWJYYQICSA-N,2016,Ki,6.329995
YMMLFSFCPJJNGH-UHFFFAOYSA-N,1996,Ki,6.399997
YMOFDQWTDIMQMZ-QGZVFWFLSA-N,1996,Ki,6.752027
YMPBYYINMWNUQV-IYARVYRRSA-N,2013,Ki,6.134600
YMPQHVKYSIVZTH-UHFFFAOYSA-N,2022,Ki,4.890000
YMRDVYNNWZFRFP-UHFFFAOYSA-N,2016,Ki,5.000000
YMRDVYNNWZFRFP-UHFFFAOYSA-N,2020,Ki,4.959991
YMUDLHBKUTXRGL-UHFFFAOYSA-N,2015,Ki,6.958607
YMUDLHBKUTXRGL-UHFFFAOYSA-N,2015,Ki,7.292430
YMUDLHBKUTXRGL-UHFFFAOYSA-N,2015,EC50,6.160001
YMUDLHBKUTXRGL-UHFFFAOYSA-N,2015,EC50,5.729999
YMYDUVXFUAIERG-UHFFFAOYSA-N,2014,Ki,9.187087
YMYDUVXFUAIERG-UHFFFAOYSA-N,2014,Ki,9.639975
YMYUWKBPKXTFOI-WDNSJAFCSA-N,2014,Ki,8.223299
YNDXOTSFHNIDSI-UHFFFAOYSA-N,2011,Ki,7.050610
YNFSCXRNIRPEPV-RBUKOAKNSA-N,2023,Ki,7.847712
YNIPMKHCYSYRFP-UHFFFAOYSA-N,1992,Ki,6.201349
YNJCAZOZKRWGKA-UHFFFAOYSA-N,1996,Ki,7.700057
YNJUKWRUPNSFLS-UHFFFAOYSA-N,1996,Ki,5.500000
YNKTYKVRVVWGRV-UHFFFAOYSA-N,2019,Ki,5.940058
YNKTYKVRVVWGRV-UHFFFAOYSA-N,2020,Ki,5.940058
YNLUQPIXLUASOD-UHFFFAOYSA-N,2008,Ki,8.275724
YNNUSGIPVFPVBX-NHCUHLMSSA-N,,IC50,6.866461
YNNUSGIPVFPVBX-NHCUHLMSSA-N,,Ki,7.346787
YNPHJHPQIGUKLL-UHFFFAOYSA-N,2001,IC50,5.673664
YNPWPCIYPGTMBV-UHFFFAOYSA-N,2012,Ki,7.313364
YNSPDEYTWHJYJV-KESTWPANSA-N,2014,Ki,6.591251
YNUOGMCLPCOTIC-UHFFFAOYSA-N,2002,Ki,6.801343
YNVKFHIWFDRVNY-UHFFFAOYSA-N,2012,IC50,5.783306
YNVKFHIWFDRVNY-UHFFFAOYSA-N,2012,Ki,6.346787
YNWOBTVVUPPFAD-UHFFFAOYSA-N,2015,Ki,7.285670
YNWOVSGFFVVSBU-UQTQIZBZSA-N,2013,Ki,6.215026
YNWOXNVJEXAREA-UHFFFAOYSA-N,2016,Ki,5.960586
YNYDYHAGYPXNNN-SAABIXHNSA-N,2020,Ki,6.275724
YNYDYHAGYPXNNN-SAABIXHNSA-N,2022,Ki,6.275724
YNYGWSSJOCRJGL-UHFFFAOYSA-N,2006,Ki,7.537602
YNYUMHQXDBPDJN-UHFFFAOYSA-N,2012,IC50,5.959999
YNYUMHQXDBPDJN-UHFFFAOYSA-N,2012,IC50,5.951170
YOAVLBDWCVGCKZ-UHFFFAOYSA-N,2020,Ki,6.170002
YOAVLBDWCVGCKZ-UHFFFAOYSA-N,2020,Ki,6.244125
YOAZLAJFKSOXOC-PAVFIEEWSA-N,2023,Ki,6.346787
YOBZEYPRYAJSBZ-UHFFFAOYSA-N,2011,Ki,8.958607
YOCAICFOALLBEO-QHCPKHFHSA-N,2012,IC50,6.199998
YOHLTWMPXNQOAA-UHFFFAOYSA-N,2021,IC50,5.760000
YOILXOMTHPUMRG-JSGCOSHPSA-N,2020,Ki,5.120331
YOILXOMTHPUMRG-TZMCWYRMSA-N,2000,Ki,7.376751
YOILXOMTHPUMRG-TZMCWYRMSA-N,2000,Ki,5.928118
YOILXOMTHPUMRG-TZMCWYRMSA-N,2019,Ki,7.688246
YOILXOMTHPUMRG-TZMCWYRMSA-N,2020,Ki,7.552842
YOILXOMTHPUMRG-TZMCWYRMSA-N,2021,Ki,7.366532
YOJUDLZOPHLXIK-WDDOOKFPSA-N,2023,Ki,6.943095
YOODWDNGWLMMGG-UHFFFAOYSA-N,2009,Ki,7.207608
YOOMBGFSQWGFNO-UHFFFAOYSA-N,2010,Ki,7.958607
YOPFVVBZYPEBHX-UHFFFAOYSA-N,2012,Ki,8.327902
YOPFVVBZYPEBHX-UHFFFAOYSA-N,2012,Ki,8.408935
YOQMDXGCJSLBBS-IYARVYRRSA-N,2017,Ki,7.966576
YOQMDXGCJSLBBS-IYARVYRRSA-N,2017,Ki,7.966576
YOQUNJDFYTYTTC-UHFFFAOYSA-N,2011,Ki,7.167491
YOQUNJDFYTYTTC-UHFFFAOYSA-N,2011,Ki,7.000000
YPDIYQUBODHVII-UHFFFAOYSA-N,2014,Ki,7.809668
YPDIYQUBODHVII-UHFFFAOYSA-N,2014,Ki,7.809949
YPDIYQUBODHVII-UHFFFAOYSA-N,2014,EC50,7.057496
YPDPMVCWRIXMHS-UHFFFAOYSA-N,2014,Ki,6.886057
YPDPMVCWRIXMHS-UHFFFAOYSA-N,2014,Ki,6.890017
YPEMPEGPBFGRNH-OAQYLSRUSA-N,2013,EC50,6.759451
YPEMPEGPBFGRNH-OAQYLSRUSA-N,2013,Ki,7.102373
YPIODQRZHCEAGF-UHFFFAOYSA-N,2002,Ki,6.187087
YPKCWJPCWSVSDC-UHFFFAOYSA-N,2019,Ki,7.376751
YPKCWJPCWSVSDC-UHFFFAOYSA-N,2019,Ki,7.721246
YPMXEBRQAPTSOE-UHFFFAOYSA-N,2006,Ki,6.273273
YPNBJNLSFKYUJW-HZCBDIJESA-N,2014,Ki,7.419531
YPOPWNSAWBPGOR-UHFFFAOYSA-N,2013,Ki,6.578396
YPTOQNVZDNOBJQ-UHFFFAOYSA-N,2014,Ki,4.603138
YPUNCYRZMZDDIB-UHFFFAOYSA-N,2017,Ki,5.361411
YPVDZKHCFQJIDP-UHFFFAOYSA-N,2003,Ki,7.602060
YPXXSRYKHFAWBF-UHFFFAOYSA-N,2007,Ki,6.546682
YPXXSRYKHFAWBF-UHFFFAOYSA-N,2014,Ki,5.962574
YPZLXCVTFSPQSS-UHFFFAOYSA-N,2011,Ki,8.136677
YQHLZLIFZLFKSH-UHFFFAOYSA-N,2014,Ki,7.795880
YQJSOEKFOQHZGK-FAQVEIGNSA-N,2008,Ki,8.769551
YQJXEYCSOAXZLM-FQEVSTJZSA-N,2012,EC50,8.528708
YQKDABBJXATHLA-OCOZRVBESA-N,2019,Ki,6.958607
YQKDABBJXATHLA-OCOZRVBESA-N,2019,Ki,7.292430
YQKJNAOFYRHUIC-UHFFFAOYSA-N,2021,Ki,7.019997
YQKVPKZIEDUDMI-UHFFFAOYSA-N,2002,Ki,6.243364
YQSDVKUMLQLWSX-UHFFFAOYSA-N,2021,Ki,5.976336
YQSDVKUMLQLWSX-UHFFFAOYSA-N,2021,Ki,5.979999
YQSXXLHEQOZMOT-UHFFFAOYSA-N,2004,Ki,7.619970
YQSXXLHEQOZMOT-UHFFFAOYSA-N,2013,Ki,7.619970
YQWYZWBIKZPITE-OAHLLOKOSA-N,1993,Ki,6.410050
YQZMYCFYXGYDEA-UHFFFAOYSA-N,1998,IC50,7.602060
YRCMSWAPYVIAQO-UHFFFAOYSA-N,2017,Ki,7.481486
YRCMSWAPYVIAQO-UHFFFAOYSA-N,2017,Ki,7.602060
YRDCNEMHYLERHI-UHFFFAOYSA-N,2019,Ki,5.029979
YREDDRFGDDZWFS-UHFFFAOYSA-N,2020,Ki,6.425969
YREDDRFGDDZWFS-UHFFFAOYSA-N,2023,Ki,6.425969
YRESHCJSCNXCIP-MEMLXQNLSA-N,2017,Ki,8.521434
YRESHCJSCNXCIP-MEMLXQNLSA-N,2017,Ki,8.521434
YRFHSWLWNMFJNN-AFARHQOCSA-N,2017,Ki,9.638272
YRFHSWLWNMFJNN-AFARHQOCSA-N,2017,Ki,9.638272
YRIPLGKCIYJQGV-SAIGFBBZSA-N,2014,Ki,6.187087
YRKOVTCEVBZCGK-ILBGXUMGSA-N,2021,Ki,6.249492
YRLIAFPIEWQNDG-UHFFFAOYSA-N,2007,Ki,7.799971
YRMKMEPMFOFXGH-UHFFFAOYSA-N,2015,Ki,6.663540
YROMNPOPNCSEGR-LQFQNGICSA-N,2013,IC50,5.274088
YROMNPOPNCSEGR-LQFQNGICSA-N,2013,EC50,6.826814
YRTKLZDQSKUCQM-UHFFFAOYSA-N,1999,Ki,6.542118
YRVKJIDCHIEELY-UHFFFAOYSA-N,2010,Ki,6.879426
YRWFDYLZHYEKFL-JTQLQIEISA-N,2010,IC50,7.189969
YRWLWGKTJCIUII-UHFFFAOYSA-N,2025,Ki,4.600000
YSDJOZOLDISODG-KYJUHHDHSA-N,2023,EC50,8.114074
YSHFOVKURWTKBI-UHFFFAOYSA-N,2019,Ki,4.787333
YSJHXKOMHWRLNV-UHFFFAOYSA-N,2021,Ki,7.208309
YSJHXKOMHWRLNV-UHFFFAOYSA-N,2021,Ki,7.209996
YSJHXKOMHWRLNV-UHFFFAOYSA-N,2021,EC50,7.309804
YSJHXKOMHWRLNV-UHFFFAOYSA-N,2021,EC50,7.309981
YSJHXKOMHWRLNV-UHFFFAOYSA-N,2021,EC50,7.170053
YSJHXKOMHWRLNV-UHFFFAOYSA-N,2021,EC50,7.169989
YSLMGFFVMWWPSA-UHFFFAOYSA-N,2005,Ki,5.657577
YSOFLAUQLXWHBW-UHFFFAOYSA-N,2016,Ki,4.700000
YSOFLAUQLXWHBW-UHFFFAOYSA-N,2020,Ki,4.650004
YSONYEIWWIFWEV-MRXNPFEDSA-N,2020,EC50,6.299998
YSONYEIWWIFWEV-MRXNPFEDSA-N,2020,EC50,6.283997
YSONYEIWWIFWEV-MRXNPFEDSA-N,2020,EC50,8.110026
YSONYEIWWIFWEV-MRXNPFEDSA-N,2020,EC50,8.113509
YSQJEBUGELTUQM-ZDUSSCGKSA-N,2007,Ki,9.167491
YSQJEBUGELTUQM-ZDUSSCGKSA-N,2007,Ki,9.130768
YSQURFDNBAKACA-UHFFFAOYSA-N,1996,Ki,5.599999
YSXQGNHRJOWSCW-UHFFFAOYSA-N,2016,Ki,6.374688
YSXQGNHRJOWSCW-UHFFFAOYSA-N,2016,Ki,6.370000
YTBUMNNIZGPKLZ-IZZDOVSWSA-N,1999,Ki,6.499997
YTFBRHUULHGVDP-UHFFFAOYSA-N,2007,Ki,5.920819
YTFBRHUULHGVDP-UHFFFAOYSA-N,2007,Ki,6.552842
YTGXGXKZORFSRT-UHFFFAOYSA-N,2016,Ki,8.533132
YTJBCMWEQPWTAA-UHFFFAOYSA-N,2018,Ki,6.279998
YTLARIHDMMQLCL-UHFFFAOYSA-N,2001,Ki,7.920819
YTLHBRBFQQCIBL-UHFFFAOYSA-N,2019,Ki,5.558148
YTLMKJFOOUBBGS-UHFFFAOYSA-N,2020,Ki,6.124939
YTLMKJFOOUBBGS-UHFFFAOYSA-N,2022,Ki,6.124939
YTMDEVVXDYXXMD-UHFFFAOYSA-N,2019,Ki,6.628932
YTVQOUZRPPUHRV-UHFFFAOYSA-N,2016,Ki,6.399997
YTVQOUZRPPUHRV-UHFFFAOYSA-N,2019,Ki,6.449772
YTVQOUZRPPUHRV-UHFFFAOYSA-N,2020,Ki,6.449772
YTXILLIRPDSLHZ-BEFAXECRSA-N,2019,Ki,7.270026
YTXILLIRPDSLHZ-BEFAXECRSA-N,2019,Ki,7.209715
YTXILLIRPDSLHZ-BEFAXECRSA-N,2020,Ki,7.270026
YTXILLIRPDSLHZ-BEFAXECRSA-N,2020,Ki,7.209715
YTXILLIRPDSLHZ-HNAYVOBHSA-N,2019,Ki,6.300162
YTXILLIRPDSLHZ-HNAYVOBHSA-N,2020,Ki,6.300162
YTXILLIRPDSLHZ-UHFFFAOYSA-N,2016,Ki,7.299989
YTXILLIRPDSLHZ-UHFFFAOYSA-N,2016,Ki,7.199971
YTXILLIRPDSLHZ-UHFFFAOYSA-N,2016,Ki,5.800001
YTXILLIRPDSLHZ-UHFFFAOYSA-N,2016,Ki,7.000000
YTXILLIRPDSLHZ-UHFFFAOYSA-N,2019,Ki,7.040005
YTXILLIRPDSLHZ-UHFFFAOYSA-N,2020,Ki,7.040005
YUCDETMUXOUYBI-UHFFFAOYSA-N,2006,Ki,8.468521
YUFDTETVOKSVLR-UHFFFAOYSA-N,2008,Ki,6.835647
YUMDWQNKTSWTQP-UHFFFAOYSA-N,2017,Ki,3.939510
YUMKBBLSTSPGJA-UHFFFAOYSA-N,2020,Ki,6.443697
YUNGHULYKDVTOC-JJQUOXMWSA-N,2010,Ki,7.161151
YUOYSSGZLHUBKV-UHFFFAOYSA-N,1999,Ki,5.800001
YUQSRDBNOFGTEH-KCZVDYSFSA-N,2023,Ki,5.795880
YUUOXBXREAOWNB-UHFFFAOYSA-N,2017,Ki,5.827105
YUXGGLCIOFCGBA-UHFFFAOYSA-N,2012,Ki,6.000869
YUYHUMKSDMTUIW-KRWDZBQOSA-N,2021,Ki,6.688246
YVEBIHRSAGYHFR-UHFFFAOYSA-N,2020,EC50,5.481486
YVEBIHRSAGYHFR-UHFFFAOYSA-N,2023,EC50,5.481486
YVEMSJWDFDTJQU-UHFFFAOYSA-N,2006,Ki,6.774691
YVEMSJWDFDTJQU-UHFFFAOYSA-N,2006,Ki,6.774691
YVENIGOVHPMTDH-UHFFFAOYSA-N,2012,Ki,6.900009
YVFOUXAUJUJYKV-UHFFFAOYSA-N,2010,Ki,5.534617
YVFUDDSWACLOLC-UHFFFAOYSA-N,2020,IC50,5.920819
YVFUDDSWACLOLC-UHFFFAOYSA-N,2023,IC50,5.920819
YVJKQMXANLEZJO-PKNBQFBNSA-N,2003,Ki,7.987163
YVKJVUJRJJSJAZ-UHFFFAOYSA-N,2008,Ki,6.657577
YVKJVUJRJJSJAZ-UHFFFAOYSA-N,2008,Ki,6.443697
YVQFTRVYMAREIA-UHFFFAOYSA-N,1996,Ki,7.259637
YVQFTRVYMAREIA-UHFFFAOYSA-N,1996,Ki,8.267606
YVRKSLRZRXECRK-UHFFFAOYSA-N,2002,Ki,5.593119
YVUQSNJEYSNKRX-UHFFFAOYSA-N,2003,Ki,7.920819
YVUQSNJEYSNKRX-UHFFFAOYSA-N,2010,Kd,7.537602
YVUQSNJEYSNKRX-UHFFFAOYSA-N,2012,Ki,7.931814
YVUQSNJEYSNKRX-UHFFFAOYSA-N,2022,Ki,8.853872
YVVDXXSBUJWADQ-UHFFFAOYSA-N,2011,Ki,6.919987
YVWGFJJVIYRZMN-SFHVURJKSA-N,2022,EC50,8.345823
YVWGGGGMRDLOGA-GOSISDBHSA-N,2000,Ki,5.800001
YVWOLSSJSAUBFF-UHFFFAOYSA-N,1997,Ki,5.378824
YVWOLSSJSAUBFF-UHFFFAOYSA-N,2005,Ki,5.520000
YVXCFLFONVBIJR-UHFFFAOYSA-N,2006,Ki,6.665546
YVYFBBDHUFSWDX-UHFFFAOYSA-N,2020,Ki,6.777284
YVYNLGNFOSLQJL-UHFFFAOYSA-N,2010,Ki,8.096910
YVZHKKQVYYSSEE-HNNXBMFYSA-N,2020,Ki,6.775985
YWAYCGMRQTZKTF-UHFFFAOYSA-N,2012,IC50,5.790000
YWAYCGMRQTZKTF-UHFFFAOYSA-N,2012,IC50,5.791290
YWFAGVAANFJWKQ-QGZVFWFLSA-N,2002,Ki,6.126679
YWGNZIZBLUVIEC-GYXLRUHFSA-N,2014,Ki,8.136083
YWGRHHHDROUELZ-UHFFFAOYSA-N,2007,Ki,5.804100
YWHIUWBZLAIORJ-KJSDXJSGSA-N,2014,Ki,7.446481
YWOYXYWGFUHWBM-UHFFFAOYSA-N,2008,Ki,6.748605
YWWSNUCDECZHPM-UHFFFAOYSA-N,2002,Ki,6.216811
YWYZRJMGANXTJK-UHFFFAOYSA-N,2014,Ki,5.488384
YXAYUWVURAQPQH-UHFFFAOYSA-N,2000,Ki,5.638272
YXAYUWVURAQPQH-UHFFFAOYSA-N,2000,Ki,5.974694
YXGIYSCRDTWJRJ-MYKGNVCDSA-N,2014,Ki,6.618885
YXHCEPKHXWSIBM-UHFFFAOYSA-N,2016,IC50,7.404504
YXHDKJBFDWZXHB-RBUKOAKNSA-N,2020,Ki,6.337242
YXHDKJBFDWZXHB-RBUKOAKNSA-N,2022,Ki,6.337242
YXHFQYAAKKMELH-UHFFFAOYSA-N,2021,Ki,7.206908
YXHFQYAAKKMELH-UHFFFAOYSA-N,2021,Ki,7.354578
YXLCOBLTAWMMRS-HUMDQVGNSA-N,2012,Ki,4.920819
YXLCOBLTAWMMRS-ZDRNMDQLSA-N,2012,Ki,4.376751
YXLLQNMKIDBOGH-NDEPHWFRSA-N,2014,Ki,7.000000
YXLLQNMKIDBOGH-UHFFFAOYSA-N,2014,Ki,6.721246
YXLMDXDARNJQRB-JCNLHEQBSA-N,2023,Ki,6.200659
YXMNLDHKEGETAO-UHFFFAOYSA-N,2020,EC50,5.585027
YXMNLDHKEGETAO-UHFFFAOYSA-N,2023,EC50,5.585027
YXMNLDHKEGETAO-UHFFFAOYSA-N,2023,EC50,5.585027
YXORYFHPDVVIAR-FXCIWXGGSA-N,2014,Ki,7.430743
YXPPQEAUYCKYSO-UHFFFAOYSA-N,2014,Ki,7.585027
YXYPYIRCJYRBDV-UHFFFAOYSA-N,2016,Ki,6.425969
YYAHKCMGTOAAMI-UHFFFAOYSA-N,1997,Ki,5.696588
YYBRTGMBVYRIBV-UHFFFAOYSA-N,2019,Ki,6.590067
YYFLIYHRHHWXBK-UHFFFAOYSA-N,2002,Ki,5.959002
YYFWUVQKYICWEJ-UHFFFAOYSA-N,2008,IC50,5.443697
YYHRMWYQOMFFHW-UHFFFAOYSA-N,2017,IC50,7.122629
YYHRMWYQOMFFHW-UHFFFAOYSA-N,2019,IC50,7.122629
YYHXUDXIKZMUCQ-UHFFFAOYSA-N,1997,Ki,7.100015
YYLVZNFHPHPLKB-UHFFFAOYSA-N,2010,Ki,6.699992
YYSLWKJTVSGHOV-UHFFFAOYSA-N,2020,IC50,7.700057
YYTIIIVJXIHBBL-UHFFFAOYSA-N,2018,IC50,7.064997
YYUNOOUJRWVVBW-BVHINDKJSA-N,2019,Ki,6.189767
YYUNYJZUIDSHML-AATRIKPKSA-N,2013,Ki,7.931814
YYUSYSDMZDYQHY-UHFFFAOYSA-N,2015,Ki,7.853872
YYWNRQZCPIMCAK-UHFFFAOYSA-N,2007,Ki,6.826814
YYWRRBMZAGSBNZ-UHFFFAOYSA-N,1997,Ki,7.045757
YZEMWSBQZKHSLT-UHFFFAOYSA-N,2020,Ki,7.686133
YZFYEFKQLBLPFJ-ALOJWSFFSA-N,1997,Ki,8.251812
YZGXFLYQBFUCHR-BHOHKKBBSA-N,2021,Ki,5.131944
YZGXFLYQBFUCHR-BHOHKKBBSA-N,2021,Ki,5.554396
YZIQGQQLUDYLKK-UHFFFAOYSA-N,2002,Ki,7.148742
YZIXUQBOLGXTJS-UHFFFAOYSA-N,2007,Ki,8.161151
YZIXUQBOLGXTJS-UHFFFAOYSA-N,2007,EC50,7.815309
YZIXUQBOLGXTJS-UHFFFAOYSA-N,2008,Ki,8.161151
YZKGQHRABFMYLD-UHFFFAOYSA-N,2003,Ki,5.684870
YZMAJSYJKLQFNB-UHFFFAOYSA-N,2016,Ki,6.299998
YZMAJSYJKLQFNB-UHFFFAOYSA-N,2019,Ki,6.300162
YZMAJSYJKLQFNB-UHFFFAOYSA-N,2020,Ki,6.300162
YZNCNHWANPBHMC-UHFFFAOYSA-N,2015,Ki,7.359519
YZPSCIVWSOSUOO-UHFFFAOYSA-N,2006,Ki,7.161151
YZQXLVIDXVUDPY-UHFFFAOYSA-N,2002,Ki,6.853872
YZQXLVIDXVUDPY-UHFFFAOYSA-N,2002,Ki,7.075721
YZSCUEBLGDGOJJ-UHFFFAOYSA-N,2006,Ki,7.187087
YZUDCCCPYDXRSM-ZDUSSCGKSA-N,2007,Ki,7.638272
YZUDCCCPYDXRSM-ZDUSSCGKSA-N,2007,Ki,7.568636
YZWHZSHIKMFIQI-UHFFFAOYSA-N,2021,Ki,5.541513
YZWJNFUQGOYUQT-UHFFFAOYSA-N,2021,Ki,6.742321
YZWJNFUQGOYUQT-UHFFFAOYSA-N,2021,Ki,6.699992
YZWZYPOWFMWSAH-UHFFFAOYSA-N,2012,EC50,8.698970
YZWZYPOWFMWSAH-UHFFFAOYSA-N,2012,EC50,8.102373
YZWZYPOWFMWSAH-UHFFFAOYSA-N,2012,Ki,8.431798
ZAAQJDPTTZJUDL-UHFFFAOYSA-N,2008,Ki,7.823909
ZAAVRXQHDCCUQJ-QGZVFWFLSA-N,1996,Ki,6.507240
ZABVPBHKTKEJLW-UHFFFAOYSA-N,1994,Ki,6.251812
ZADCJXAZJMBEPI-UHFFFAOYSA-N,2020,Ki,7.259637
ZAFAQAJYDSJNDH-UHFFFAOYSA-N,2019,Ki,6.000000
ZAFAQAJYDSJNDH-UHFFFAOYSA-N,2020,Ki,6.000000
ZAFMZQLZDHTXTI-UHFFFAOYSA-N,2019,Ki,6.304518
ZAGHVNSWDNQPSI-AZUAARDMSA-N,2010,Ki,6.000000
ZAHWLODEKOTGDR-UHFFFAOYSA-N,2002,Ki,6.924453
ZAJYDMAAHSFWGH-QGZVFWFLSA-N,2024,Ki,6.124939
ZATCCWHVTMAUCE-IYARVYRRSA-N,2013,Ki,5.897909
ZAVNMUPCFJDCTL-UHFFFAOYSA-N,2020,EC50,6.860121
ZAVNMUPCFJDCTL-UHFFFAOYSA-N,2023,EC50,6.860121
ZAVVYZJMZVTMNK-UHFFFAOYSA-N,2017,Ki,6.777284
ZAVVYZJMZVTMNK-UHFFFAOYSA-N,2018,Ki,6.777284
ZAZPPOBRQFIKRC-UHFFFAOYSA-N,2011,Ki,7.585027
ZAZPPOBRQFIKRC-UHFFFAOYSA-N,2011,Ki,8.036212
ZBFUMDILDZBFFX-DHYNVXFASA-N,2022,Ki,7.065502
ZBGYXTWHZHZMHW-UHFFFAOYSA-N,2016,Ki,4.800000
ZBGYXTWHZHZMHW-UHFFFAOYSA-N,2020,Ki,4.819989
ZBIGKUPTILUSNW-UHFFFAOYSA-N,2018,Ki,6.295849
ZBISUMKKQFCYDI-UHFFFAOYSA-N,2010,Ki,8.045757
ZBMQPMVISGXIDJ-UHFFFAOYSA-N,2009,Ki,6.769551
ZBOIINMMAKPIPZ-UHFFFAOYSA-N,2018,Ki,6.530178
ZBOKLEQSVNFDRU-ZWKOTPCHSA-N,2023,Ki,6.060481
ZBSSIYGXZQZYDM-UHFFFAOYSA-N,2011,IC50,5.346787
ZBTNZGPMSDHVKB-UAPYVXQJSA-N,2023,Ki,5.657577
ZBUMCITULAAXBQ-UHFFFAOYSA-N,2008,Ki,8.221849
ZBUOQRCOVPVZEE-UHFFFAOYSA-N,2007,Ki,6.166853
ZBZKFPABDUHJCS-ZJFPTPTDSA-N,2017,Ki,6.480172
ZCAJFFDMFGAKNN-UHFFFAOYSA-N,2005,Ki,7.455932
ZCBADRQTPNSBSB-UHFFFAOYSA-N,2002,Ki,6.313364
ZCBXYIZYCUOYFO-FPOVZHCZSA-N,2017,Ki,6.158015
ZCCUIFWJESTQQQ-UHFFFAOYSA-N,1994,Ki,7.677781
ZCCUIFWJESTQQQ-UHFFFAOYSA-N,1995,Ki,7.677781
ZCDDPEAAEDRNJF-UHFFFAOYSA-N,1999,Ki,6.769551
ZCDUILRTHXKGRD-UAPYVXQJSA-N,2013,Ki,6.390726
ZCFQGAKEQPCWDE-UHFFFAOYSA-N,2008,Ki,6.287350
ZCFZBUNCKXEBAK-UHFFFAOYSA-N,2008,IC50,5.721246
ZCFZWLXSHRXGLG-UHFFFAOYSA-N,2010,Ki,6.299998
ZCJYRUIJZMZVJE-UHFFFAOYSA-N,2010,Ki,6.399997
ZCKIEICGPWNFBV-KSFYIVLOSA-N,2021,Ki,4.869666
ZCKIEICGPWNFBV-KSFYIVLOSA-N,2021,Ki,4.490797
ZCOCXUHOOHHYHC-UHFFFAOYSA-N,2007,Ki,6.903090
ZCOIFCGQTTYDFL-CMDGGOBGSA-N,1999,Ki,5.886057
ZCTATJJRGSGWBT-OJBMAJLDSA-N,2022,Ki,6.065502
ZCTLRJWCRUVTOB-CFFRYYMNSA-N,2021,Ki,7.686133
ZCTVOGWWMHRQLN-ONEGZZNKSA-N,2005,Ki,6.774691
ZCTVOGWWMHRQLN-ONEGZZNKSA-N,2005,Ki,6.774691
ZCTVOGWWMHRQLN-ONEGZZNKSA-N,2007,Ki,6.774691
ZCTVOGWWMHRQLN-ONEGZZNKSA-N,2013,Ki,6.703335
ZCUTVNPWXWDEPM-UHFFFAOYSA-N,2021,Ki,7.136677
ZCUTVNPWXWDEPM-UHFFFAOYSA-N,2021,EC50,8.142668
ZCVMWBYGMWKGHF-UHFFFAOYSA-N,2024,Ki,5.762798
ZCVYWZZKFYUXJC-UHFFFAOYSA-N,2019,Ki,7.453457
ZCWMQWXQIIXTEH-UAPYVXQJSA-N,2013,Ki,6.386793
ZCYVHRJTZKPWLB-UHFFFAOYSA-N,2025,Ki,7.540005
ZDBWLRLGUBSLPG-FDHYQTMZSA-N,2022,Ki,0.000000
ZDDZCFWJYDZNBA-UHFFFAOYSA-N,2007,Ki,6.598599
ZDFGDUYZGMNXLU-IYARVYRRSA-N,2013,Ki,5.992124
ZDFULMHHALUTIK-XDBKOMMSSA-N,2014,Ki,7.562408
ZDGYKEJTDUCVRG-UHFFFAOYSA-N,2015,Ki,6.216811
ZDHMFNGMBGJLNF-AKRCKQFNSA-N,2019,Ki,6.209715
ZDHMFNGMBGJLNF-OFNKIYASSA-N,2016,Ki,6.050000
ZDHMFNGMBGJLNF-REWPJTCUSA-N,2016,Ki,5.870001
ZDHMHTKEGJLXMO-UHFFFAOYSA-N,2009,Ki,6.499997
ZDHMIAFTJQSDLK-VIFPVBQESA-N,2010,IC50,8.150028
ZDLRSCUUMCVWLK-UHFFFAOYSA-N,2020,Ki,5.773916
ZDLRSCUUMCVWLK-UHFFFAOYSA-N,2022,Ki,5.773916
ZDMSIBPMTYWVFO-UHFFFAOYSA-N,2011,Ki,5.231658
ZDNHZIBZTPDZKV-UHFFFAOYSA-N,2022,Ki,7.283997
ZDNRYSVLOMAJEZ-HZCBDIJESA-N,2007,Ki,7.408935
ZDNRYSVLOMAJEZ-SZPZYZBQSA-N,2007,Ki,6.928118
ZDOBRSDAKYWSHM-UHFFFAOYSA-N,2010,Ki,6.399997
ZDOKZVOMQRCQDR-ALOJWSFFSA-N,2014,Ki,5.820954
ZDOSDNJHLYKAPO-UHFFFAOYSA-N,2012,Ki,5.078054
ZDQCZUNCBWFZGJ-UHFFFAOYSA-N,2015,Ki,7.632644
ZDQIWLYZMZKCKZ-UHFFFAOYSA-N,2007,Ki,6.850012
ZDSNNBAEOSSBQF-UHFFFAOYSA-N,2020,Ki,6.389340
ZDZWIQDJFWTDAM-GHTZIAJQSA-N,1999,Ki,7.400008
ZDZWIQDJFWTDAM-NQIIRXRSSA-N,1999,Ki,7.500038
ZDZWIQDJFWTDAM-UHFFFAOYSA-N,1999,Ki,7.400008
ZEBDIAQRPDZLLQ-UHFFFAOYSA-N,2005,Ki,7.769551
ZEBNCUFGVBXREH-DUXPYHPUSA-N,2020,Ki,5.334044
ZEDJJTNDYYFYOC-UHFFFAOYSA-N,2017,Ki,6.232844
ZEDJJTNDYYFYOC-UHFFFAOYSA-N,2018,Ki,6.232844
ZEFQTKZNPBPUSX-IBGZPJMESA-N,2018,Ki,7.958607
ZEHDEZWEFBOGNZ-UHFFFAOYSA-N,1999,Ki,7.087247
ZEIYGHCLSNJBKD-UHFFFAOYSA-N,2009,Ki,7.221849
ZEIYGHCLSNJBKD-UHFFFAOYSA-N,2009,Ki,7.769551
ZEJGFUORSVMUEP-XIRDDKMYSA-N,2023,Ki,6.107905
ZEQHXVDOFWGIOA-UHFFFAOYSA-N,1994,Ki,6.387216
ZEQMTWIDCFWVDG-IRJFHVNHSA-N,2013,Ki,6.610002
ZERNPQRYLXBKKZ-XUTJKUGGSA-N,2013,Ki,6.003488
ZEUBNARLFXEIJD-UHFFFAOYSA-N,2023,Ki,5.886057
ZEXVYCCERKFSCL-UHFFFAOYSA-N,2012,Ki,7.387216
ZEXVYCCERKFSCL-UHFFFAOYSA-N,2012,Ki,6.950782
ZEZPYBMUPDTITR-UHFFFAOYSA-N,2009,Ki,6.639994
ZFACTJHKUXTZMC-UHFFFAOYSA-N,2016,Ki,7.700057
ZFACTJHKUXTZMC-UHFFFAOYSA-N,2019,Ki,8.359519
ZFACTJHKUXTZMC-UHFFFAOYSA-N,2019,Ki,7.690370
ZFACTJHKUXTZMC-UHFFFAOYSA-N,2020,Ki,8.359519
ZFACTJHKUXTZMC-UHFFFAOYSA-N,2020,Ki,7.690370
ZFCBHUHHDNYZEU-UHFFFAOYSA-N,2010,Ki,7.987163
ZFDWAPWETDMDSZ-UHFFFAOYSA-N,1998,Ki,7.494850
ZFDWAPWETDMDSZ-UHFFFAOYSA-N,1998,Ki,6.879426
ZFEFDWZMIMRBOX-UHFFFAOYSA-N,1996,Ki,6.699992
ZFGRMWBYHAUOCE-UHFFFAOYSA-N,1997,Ki,6.299998
ZFIFMHZQHDPZDW-JSOSNVBQSA-N,2023,Ki,5.653647
ZFMUBWAYZJMZAS-UHFFFAOYSA-N,2017,Ki,5.009129
ZFMUBWAYZJMZAS-UHFFFAOYSA-N,2019,Ki,5.009129
ZFQNGSWXFQVJFJ-UHFFFAOYSA-N,2023,Ki,4.587506
ZFQNGSWXFQVJFJ-UHFFFAOYSA-N,2023,Ki,4.580000
ZFQNGSWXFQVJFJ-UHFFFAOYSA-N,2023,EC50,6.430626
ZFQNGSWXFQVJFJ-UHFFFAOYSA-N,2023,EC50,6.429994
ZFQNGSWXFQVJFJ-UHFFFAOYSA-N,2023,EC50,6.627088
ZFQNGSWXFQVJFJ-UHFFFAOYSA-N,2023,EC50,6.630005
ZFRLEPMXXGKKBN-WPFOTENUSA-N,2007,IC50,6.193820
ZFSOBPVEIKTNQS-CHWSQXEVSA-N,1996,Ki,5.927015
ZFSOBPVEIKTNQS-CHWSQXEVSA-N,1996,Ki,7.376751
ZFSOBPVEIKTNQS-CHWSQXEVSA-N,1999,Ki,5.599999
ZFSVGJPKLUWVIK-MLGOLLRUSA-N,1999,Ki,5.602060
ZFTCHNBVJNLSJT-UHFFFAOYSA-N,2006,Ki,6.468521
ZFVZMDQRPQIZMH-UKILVPOCSA-N,2010,Ki,6.209012
ZFYHDORWLOTBMB-LYXWCMDISA-N,2022,Ki,6.036212
ZGEMRFRKWCDFJH-UHFFFAOYSA-N,1995,Ki,7.400008
ZGFFHDZTIIMMPT-BZSNNMDCSA-N,2023,Ki,6.000000
ZGGKKZHFOKZWNM-UHFFFAOYSA-N,2023,Ki,6.220404
ZGGXNCTZASWEAU-UHFFFAOYSA-N,2007,Ki,5.214670
ZGKBKGOWPHSOQL-UHFFFAOYSA-N,2017,Ki,6.436519
ZGKBKGOWPHSOQL-UHFFFAOYSA-N,2018,Ki,6.436519
ZGKITGMYHCRUFD-UHFFFAOYSA-N,2010,Ki,6.099999
ZGPMTEINYPKUKN-GOSISDBHSA-N,2012,Ki,7.408935
ZGPMTEINYPKUKN-SFHVURJKSA-N,2012,Ki,8.096910
ZGQPGQJTWRUHLR-UHFFFAOYSA-N,2014,Ki,6.718967
ZGSHIAJEAFZHNC-UHFFFAOYSA-N,2008,Ki,8.019542
ZGSHIAJEAFZHNC-UHFFFAOYSA-N,2008,Ki,7.446117
ZGSHIAJEAFZHNC-UHFFFAOYSA-N,2008,Ki,7.052076
ZGSHIAJEAFZHNC-UHFFFAOYSA-N,2008,EC50,8.806875
ZGUGWUXLJSTTMA-UHFFFAOYSA-N,,IC50,6.296709
ZGUGWUXLJSTTMA-UHFFFAOYSA-N,,Ki,6.774691
ZHBTYBBXWTXWRS-UHFFFAOYSA-N,2019,Ki,7.661544
ZHCQTOYNHYNIPE-UHFFFAOYSA-N,2014,Ki,5.869666
ZHCQTOYNHYNIPE-UHFFFAOYSA-N,2014,Ki,5.870001
ZHDNXHKBRYCOSE-UHFFFAOYSA-N,1997,Ki,6.642065
ZHDNXHKBRYCOSE-UHFFFAOYSA-N,2005,Ki,6.639994
ZHLBCCKGUNFWNS-UHFFFAOYSA-N,2014,Ki,7.292430
ZHLBCCKGUNFWNS-UHFFFAOYSA-N,2014,Ki,7.823909
ZHLQHBOULAECFB-KUSMHFJASA-N,2015,Ki,7.853872
ZHMASNNAKDABGT-UHFFFAOYSA-N,1994,IC50,5.309804
ZHMQRCVCUPPSNG-UHFFFAOYSA-N,2006,Ki,6.709965
ZHPMNMWRUKIBHQ-UHFFFAOYSA-N,2002,Ki,6.737549
ZHPOMVVVPOMELJ-UHFFFAOYSA-N,2022,Ki,8.154902
ZHQUFEJLPBTKSM-WVPZODRTSA-N,2003,Ki,6.399997
ZHQUFEJLPBTKSM-WVPZODRTSA-N,2005,Ki,6.400117
ZHQUFEJLPBTKSM-WVPZODRTSA-N,2007,Ki,6.099999
ZHUCAIBXMOFDCR-UHFFFAOYSA-N,2014,Ki,8.040959
ZHVCTZIFHMKHHU-XUTJKUGGSA-N,2017,Ki,8.363512
ZHVCTZIFHMKHHU-XUTJKUGGSA-N,2017,Ki,8.363512
ZHVKQDWDRSUINP-UHFFFAOYSA-N,2020,Ki,5.673255
ZHWIHGQSWVBWRH-ZIIYYELXSA-N,2020,Ki,6.431798
ZHWINCTXRNCCKY-UHFFFAOYSA-N,2021,Ki,6.349692
ZHXHPEMSGWDXAG-SAIGFBBZSA-N,2014,Ki,7.550830
ZHXPQJBVBDKOKM-UHFFFAOYSA-N,2021,Ki,6.568636
ZHXPQJBVBDKOKM-UHFFFAOYSA-N,2021,EC50,6.534617
ZIAICQQANCNQNU-JLHYYAGUSA-N,2003,Ki,7.684030
ZIAICQQANCNQNU-JLHYYAGUSA-N,2010,Ki,7.568636
ZIAICQQANCNQNU-JLHYYAGUSA-N,2010,Ki,7.677781
ZIAICQQANCNQNU-JLHYYAGUSA-N,2010,EC50,8.769551
ZIBRSIATVKXQHK-LBPRGKRZSA-N,2020,Ki,6.974694
ZIFFFWPXBIDEFZ-UHFFFAOYSA-N,2022,Ki,7.283997
ZIGNSANQGXWXBU-IBGZPJMESA-N,2000,Ki,6.096910
ZIGNSANQGXWXBU-LJQANCHMSA-N,2000,Ki,7.244125
ZIIYCNPQTIYWFF-MEMLXQNLSA-N,2007,Ki,7.148742
ZIIYCNPQTIYWFF-OYRHEFFESA-N,2007,Ki,7.180456
ZIMDNWHAJYFSOW-UHFFFAOYSA-N,2006,Ki,4.895854
ZINLARKOVIPOJW-UHFFFAOYSA-N,1999,Ki,6.099999
ZINLARKOVIPOJW-UHFFFAOYSA-N,2002,Ki,6.099999
ZIQDGXNDXRMRPM-HTAPYJJXSA-N,2016,Ki,6.650004
ZIQDGXNDXRMRPM-HTAPYJJXSA-N,2016,Ki,7.590067
ZIQDGXNDXRMRPM-JTSKRJEESA-N,2016,Ki,6.499997
ZIQDGXNDXRMRPM-JTSKRJEESA-N,2016,Ki,6.509999
ZIQDGXNDXRMRPM-UGNFMNBCSA-N,2019,Ki,6.420216
ZIQDGXNDXRMRPM-UGNFMNBCSA-N,2019,Ki,7.149967
ZIQDGXNDXRMRPM-VGOFRKELSA-N,2016,Ki,6.009999
ZIQDGXNDXRMRPM-VGOFRKELSA-N,2016,Ki,6.099999
ZIQDGXNDXRMRPM-VGOFRKELSA-N,2019,Ki,6.790485
ZIQDGXNDXRMRPM-VGOFRKELSA-N,2019,Ki,6.100179
ZIQDGXNDXRMRPM-VGSWGCGISA-N,2016,Ki,6.480001
ZIQDGXNDXRMRPM-VGSWGCGISA-N,2016,Ki,5.360000
ZIQDGXNDXRMRPM-VGSWGCGISA-N,2019,Ki,7.590067
ZIUKNCKMMHVPCJ-UHFFFAOYSA-N,2005,Ki,6.575118
ZIVBQUNYSGOUKO-UHFFFAOYSA-N,1996,Ki,6.315155
ZIXSDYOKURBREP-IYARVYRRSA-N,2023,Ki,6.173925
ZIYZADXWTXYQKL-HCGLCNNCSA-N,1997,Ki,6.739929
ZIZAIKAHKYFFQP-XGAFWQRZSA-N,2013,Ki,5.280000
ZJADORDBVJWZKV-MLCQCVOFSA-N,2013,Ki,6.609065
ZJADORDBVJWZKV-SSGKUCQKSA-N,2013,Ki,6.630784
ZJADORDBVJWZKV-SSGKUCQKSA-N,2013,Ki,6.567031
ZJAXDNQQFMPNAV-UHFFFAOYSA-N,2021,Ki,6.245652
ZJCJUHTYZBBRTE-SNAWJCMRSA-N,2013,Ki,6.920819
ZJCPSCHGZIVAIV-GOSISDBHSA-N,2017,EC50,6.592949
ZJCPSCHGZIVAIV-GOSISDBHSA-N,2017,Ki,6.471083
ZJCPSCHGZIVAIV-GOSISDBHSA-N,2017,EC50,5.823996
ZJCPSCHGZIVAIV-GOSISDBHSA-N,2017,EC50,6.146971
ZJCPSCHGZIVAIV-GOSISDBHSA-N,2017,IC50,5.387004
ZJCPSCHGZIVAIV-GOSISDBHSA-N,2017,EC50,6.980884
ZJQAMIJDWJOQRB-UHFFFAOYSA-N,2017,Ki,7.920819
ZJQAMIJDWJOQRB-UHFFFAOYSA-N,2017,Ki,7.920819
ZJQAMIJDWJOQRB-UHFFFAOYSA-N,2017,EC50,5.853872
ZJQAMIJDWJOQRB-UHFFFAOYSA-N,2017,EC50,6.000000
ZJQAMIJDWJOQRB-UHFFFAOYSA-N,2017,EC50,6.008774
ZJQAMIJDWJOQRB-UHFFFAOYSA-N,2017,EC50,5.849999
ZJQBHEYWXVCZGD-UHFFFAOYSA-N,2014,Ki,8.309804
ZJQBHEYWXVCZGD-UHFFFAOYSA-N,2014,Ki,8.267606
ZJRXUBXQPXFSRJ-UHFFFAOYSA-N,2002,Ki,5.186286
ZJUHEDMNUHRHQM-XUTJKUGGSA-N,2014,Ki,6.541211
ZJUQDFIINDCGDS-UAPYVXQJSA-N,2013,Ki,6.692889
ZJZRPZBCQDGSLP-UHFFFAOYSA-N,2018,Ki,7.275724
ZKEUFSFPGJUPGF-UHFFFAOYSA-N,2018,IC50,8.070581
ZKFSEJHRACMHEP-UHFFFAOYSA-N,2012,Ki,6.695509
ZKFYKFLDTDNMAW-LBPRGKRZSA-N,2010,IC50,8.819874
ZKIAIYBUSXZPLP-UHFFFAOYSA-N,2019,Ki,9.522879
ZKIAIYBUSXZPLP-UHFFFAOYSA-N,2020,EC50,8.200659
ZKIAIYBUSXZPLP-UHFFFAOYSA-N,2020,Ki,9.522879
ZKIAIYBUSXZPLP-UHFFFAOYSA-N,2021,Ki,9.292430
ZKIAIYBUSXZPLP-UHFFFAOYSA-N,2021,Ki,9.289967
ZKIAIYBUSXZPLP-UHFFFAOYSA-N,2021,EC50,7.991400
ZKIAIYBUSXZPLP-UHFFFAOYSA-N,2021,EC50,8.000000
ZKIAIYBUSXZPLP-UHFFFAOYSA-N,2021,EC50,7.793174
ZKIAIYBUSXZPLP-UHFFFAOYSA-N,2021,EC50,7.789949
ZKIAIYBUSXZPLP-UHFFFAOYSA-N,2024,Ki,8.222936
ZKIPGLALAMDBLY-UHFFFAOYSA-N,1997,Ki,6.699992
ZKIQTIIYWKTIGZ-GUJKFWMDSA-N,2023,Ki,6.236572
ZKMMUOFYONDNCU-OALUTQOASA-N,2006,Ki,6.045757
ZKRWPAYTJMRKLJ-BTYIYWSLSA-N,2015,Ki,5.675718
ZKRWPAYTJMRKLJ-UHFFFAOYSA-N,2010,Ki,6.199998
ZKRWPAYTJMRKLJ-UHFFFAOYSA-N,2010,Ki,6.599998
ZKRZZKIVIDSCSL-VTIYRKAUSA-N,2023,Ki,6.492144
ZKVBATRJUREUMS-UHFFFAOYSA-N,2016,Ki,5.200000
ZKWZUVGPRUXMER-UHFFFAOYSA-N,2020,Ki,6.009661
ZKXPPFSIRYLWQE-UHFFFAOYSA-N,2006,Ki,7.823909
ZKXPPFSIRYLWQE-UHFFFAOYSA-N,2006,Ki,7.886057
ZKXPPFSIRYLWQE-UHFFFAOYSA-N,2006,Ki,7.958607
ZKXPPFSIRYLWQE-UHFFFAOYSA-N,2006,Ki,8.251812
ZKXPPFSIRYLWQE-UHFFFAOYSA-N,2010,Ki,7.619789
ZKXPPFSIRYLWQE-UHFFFAOYSA-N,2010,Ki,7.744727
ZKXUDWLJTFYOAN-UHFFFAOYSA-N,2019,Ki,5.119186
ZKYKDCNIQRGNPZ-DEOSSOPVSA-N,2012,IC50,7.100015
ZKZFPRUSWCYSGT-UHFFFAOYSA-N,1997,Ki,8.657577
ZKZMECIDSBGYIC-UHFFFAOYSA-N,2023,Ki,5.747632
ZLBHXUMEHKLNDW-FXAWDEMLSA-N,2021,Ki,7.521434
ZLBHXUMEHKLNDW-FXAWDEMLSA-N,2021,Ki,7.519993
ZLBHXUMEHKLNDW-UHFFFAOYSA-N,2021,Ki,7.806875
ZLBHXUMEHKLNDW-UHFFFAOYSA-N,2021,Ki,7.809949
ZLBHXUMEHKLNDW-UHFFFAOYSA-N,2021,EC50,8.106793
ZLBHXUMEHKLNDW-UHFFFAOYSA-N,2021,EC50,8.110026
ZLBHXUMEHKLNDW-UHFFFAOYSA-N,2021,EC50,8.349692
ZLBHXUMEHKLNDW-UHFFFAOYSA-N,2021,EC50,8.349984
ZLGZCZCALIKICJ-UHFFFAOYSA-N,2014,Ki,7.602060
ZLNGLZZIHYJLNS-QGZVFWFLSA-N,1996,Ki,5.756962
ZLQMLDGHTKCIRQ-AOMKIAJQSA-N,2003,Ki,6.000000
ZLQMLDGHTKCIRQ-AOMKIAJQSA-N,2003,Ki,6.154902
ZLQMLDGHTKCIRQ-AOMKIAJQSA-N,2003,Ki,6.309804
ZLQMLDGHTKCIRQ-AOMKIAJQSA-N,2003,Ki,6.585027
ZLQMLDGHTKCIRQ-ZHRRBRCNSA-N,2003,Ki,6.537602
ZLQMLDGHTKCIRQ-ZHRRBRCNSA-N,2003,Ki,6.769551
ZLQMLDGHTKCIRQ-ZHRRBRCNSA-N,2003,Ki,6.698970
ZLQMLDGHTKCIRQ-ZHRRBRCNSA-N,2003,Ki,6.869666
ZLRJVNFLDHERMS-UHFFFAOYSA-N,1999,Ki,5.800001
ZLSIXWCLVGKULN-CZUORRHYSA-N,1997,Ki,4.900000
ZLSSQJVDFDOQOK-AQYVVDRMSA-N,2020,Ki,6.481486
ZLSSQJVDFDOQOK-AQYVVDRMSA-N,2022,Ki,6.481486
ZLTIKXYTELEOBL-UHFFFAOYSA-N,2016,Ki,5.446360
ZLTIKXYTELEOBL-UHFFFAOYSA-N,2016,Ki,5.450000
ZLUCWPDQINEIOK-UHFFFAOYSA-N,2014,Ki,5.402086
ZLUNFIBGQZUIIC-UHFFFAOYSA-N,2009,Ki,6.799998
ZLUNFIBGQZUIIC-UHFFFAOYSA-N,2009,Ki,6.799998
ZLVAAOLZQMSQAG-UHFFFAOYSA-N,1996,Ki,5.980468
ZLXIUIBLWYKVOG-LUTIACGYSA-N,2012,IC50,5.599999
ZLXLUDPOWFEMCX-UHFFFAOYSA-N,2012,Ki,5.446724
ZLYZZQJTZBMSMX-DEOSSOPVSA-N,2010,Ki,8.427128
ZLYZZQJTZBMSMX-UHFFFAOYSA-N,2010,Ki,8.310691
ZMCOANUSZBGLSK-UHFFFAOYSA-N,2019,IC50,5.586700
ZMEYWYCGMCZGRN-UHFFFAOYSA-N,2019,Ki,6.085657
ZMEYWYCGMCZGRN-UHFFFAOYSA-N,2019,Ki,6.896196
ZMEYWYCGMCZGRN-UHFFFAOYSA-N,2019,IC50,4.783913
ZMEYWYCGMCZGRN-UHFFFAOYSA-N,2019,IC50,5.113961
ZMGOYEZGTTXOIX-NSHDSACASA-N,2021,EC50,6.552842
ZMHLLOSHNNKANA-UHFFFAOYSA-N,2012,Ki,4.891773
ZMHLLOSHNNKANA-UHFFFAOYSA-N,2012,Ki,4.915066
ZMHSNTLJQRUNNJ-UHFFFAOYSA-N,2020,Ki,6.170053
ZMICAMVUPUKENQ-UHFFFAOYSA-N,2023,Ki,5.320209
ZMIWRRKLVCCVBJ-UHFFFAOYSA-N,2014,Ki,8.920819
ZMJYDZCRICPTFL-MGFGWZDJSA-N,2003,Ki,6.799998
ZMKYGECKCHAFQG-JOCHJYFZSA-N,2018,Ki,7.657577
ZMKYGECKCHAFQG-QFIPXVFZSA-N,2018,Ki,7.721246
ZMVCPWQWTYDCHV-UHFFFAOYSA-N,2011,Ki,7.795880
ZMVCPWQWTYDCHV-UHFFFAOYSA-N,2011,Ki,7.602060
ZMVDAQVAKLTNRL-UHFFFAOYSA-N,2009,Ki,7.698970
ZMVDAQVAKLTNRL-UHFFFAOYSA-N,2009,Ki,8.657577
ZMVDAQVAKLTNRL-UHFFFAOYSA-N,2009,Ki,8.853872
ZMVMIDCCNZYMFG-UHFFFAOYSA-N,1998,Ki,7.424812
ZMXMHHBSWXBDPL-UHFFFAOYSA-N,2017,IC50,8.260428
ZMXMHHBSWXBDPL-UHFFFAOYSA-N,2019,IC50,8.260428
ZMYOIZHRXABMFZ-ONEGZZNKSA-N,2005,Ki,7.030118
ZMYOIZHRXABMFZ-ONEGZZNKSA-N,2005,Ki,7.030118
ZMYOIZHRXABMFZ-ONEGZZNKSA-N,2005,Ki,6.974694
ZMYOIZHRXABMFZ-ONEGZZNKSA-N,2005,IC50,7.092051
ZMYOIZHRXABMFZ-ONEGZZNKSA-N,2007,Ki,7.030118
ZMYOIZHRXABMFZ-ONEGZZNKSA-N,2007,IC50,7.092051
ZMYOIZHRXABMFZ-ONEGZZNKSA-N,2011,Ki,7.030118
ZMYOIZHRXABMFZ-ONEGZZNKSA-N,2015,Ki,7.130768
ZNBOBGDGUIWKPE-UHFFFAOYSA-N,1998,Ki,6.589223
ZNDQQIIBZBVUEP-QAQDUYKDSA-N,2023,Ki,6.000000
ZNJRNDKOAPREMV-UHFFFAOYSA-N,1999,Ki,6.221849
ZNLWDIZBTNNEHH-UKRRQHHQSA-N,1995,Ki,7.522879
ZNMWUMGOSWLWOH-HDUJFRAXSA-N,1993,Ki,8.508638
ZNOLNAPJKOYTHY-UHFFFAOYSA-N,2019,Kd,8.000000
ZNOLNAPJKOYTHY-UHFFFAOYSA-N,2019,Ki,8.000000
ZNVJBKVJJHNRRV-UHFFFAOYSA-N,1999,Ki,5.946922
ZNWNWWLWFCCREO-UHFFFAOYSA-N,1996,Ki,5.234704
ZNZYEIAZHCDSRA-UHFFFAOYSA-N,2014,Ki,7.920819
ZNZYEIAZHCDSRA-UHFFFAOYSA-N,2014,Ki,7.920819
ZOAXAKJUBSMZJB-UHFFFAOYSA-N,2022,Ki,5.511873
ZOGCPCPBHXLAHX-UHFFFAOYSA-N,2009,Ki,6.799998
ZOJYMCBGKBJTGD-RVZUZXSLSA-N,2014,Ki,5.920349
ZOLLYWYZUBUMOY-UHFFFAOYSA-N,2002,Ki,6.530178
ZOQYTWXGFAVKMT-UHFFFAOYSA-N,1997,Ki,7.698970
ZOQYTWXGFAVKMT-UHFFFAOYSA-N,2005,Ki,7.700057
ZORLJXWXFABTPZ-CTNGQTDRSA-N,2021,IC50,5.500000
ZOTHIOXZBKRTPZ-UHFFFAOYSA-N,2020,Ki,6.056505
ZOTHIOXZBKRTPZ-UHFFFAOYSA-N,2022,Ki,6.056505
ZOXQOLDAOFYVMZ-UHFFFAOYSA-N,1994,Ki,6.007005
ZPBGUIIINBYMKM-IAGOWNOFSA-N,2000,IC50,8.698970
ZPEAQOHSKIPYKV-MXVIHJGJSA-N,2013,Ki,5.884523
ZPEIMTDSQAKGNT-UHFFFAOYSA-N,1993,Ki,8.522879
ZPEIMTDSQAKGNT-UHFFFAOYSA-N,2006,Ki,8.096910
ZPEIMTDSQAKGNT-UHFFFAOYSA-N,2007,Ki,8.000000
ZPEIMTDSQAKGNT-UHFFFAOYSA-N,2009,Ki,8.391474
ZPEIMTDSQAKGNT-UHFFFAOYSA-N,,IC50,7.267606
ZPEIMTDSQAKGNT-UHFFFAOYSA-N,,Ki,7.744727
ZPEIMTDSQAKGNT-UHFFFAOYSA-N,2012,Ki,8.920819
ZPEIMTDSQAKGNT-UHFFFAOYSA-N,2013,IC50,7.920819
ZPEIMTDSQAKGNT-UHFFFAOYSA-N,2014,Ki,8.214670
ZPEIMTDSQAKGNT-UHFFFAOYSA-N,2015,IC50,9.000000
ZPEIMTDSQAKGNT-UHFFFAOYSA-N,2015,IC50,9.000000
ZPEIMTDSQAKGNT-UHFFFAOYSA-N,2018,IC50,8.522879
ZPEIMTDSQAKGNT-UHFFFAOYSA-N,2019,Ki,8.744727
ZPEIMTDSQAKGNT-UHFFFAOYSA-N,2019,Ki,8.744727
ZPEIMTDSQAKGNT-UHFFFAOYSA-N,2021,Ki,8.630042
ZPEIMTDSQAKGNT-UHFFFAOYSA-N,2024,IC50,7.745210
ZPIPOBYWEXESSF-IRJFHVNHSA-N,2013,Ki,6.130000
ZPIPOBYWEXESSF-IRJFHVNHSA-N,2019,EC50,7.481486
ZPIPOBYWEXESSF-IRJFHVNHSA-N,2019,EC50,6.709965
ZPIPOBYWEXESSF-IRJFHVNHSA-N,2019,EC50,7.480041
ZPIPOBYWEXESSF-IRJFHVNHSA-N,2019,EC50,6.710010
ZPIPOBYWEXESSF-MSEWRSJXSA-N,2013,Ki,5.970000
ZPKSRLSDLZMHEP-WUFINQPMSA-N,2023,Ki,5.928118
ZPMKYPOYZYLBSN-UHFFFAOYSA-N,2007,Ki,6.890017
ZPNCBCHKBMWQEH-JCNLHEQBSA-N,2013,Ki,6.460773
ZPTHFIRVKGBKMN-UHFFFAOYSA-N,2005,Ki,7.677781
ZPUAIXYROPYWKA-UHFFFAOYSA-N,2012,Ki,6.519131
ZPVXYYUZSYUVBO-KESTWPANSA-N,2014,Ki,7.327717
ZPWUNRZLLFCXQR-UHFFFAOYSA-N,2022,Ki,6.688246
ZPYBYTJAEKTXBQ-UHFFFAOYSA-N,2001,Ki,8.744727
ZPZJOEGHLORCHV-UHFFFAOYSA-N,2009,Ki,7.599980
ZPZJOEGHLORCHV-UHFFFAOYSA-N,2009,Ki,7.599980
ZQAMNGCYKZHATK-UHFFFAOYSA-N,1997,Ki,7.000000
ZQBFPGSJRSEUAX-UHFFFAOYSA-N,2007,Ki,7.546682
ZQBFPGSJRSEUAX-UHFFFAOYSA-N,2007,IC50,7.054039
ZQBFPGSJRSEUAX-UHFFFAOYSA-N,2014,IC50,7.054039
ZQDWXGKKHFNSQK-UHFFFAOYSA-N,2018,Ki,6.422508
ZQEBKQUIKOLFRO-UHFFFAOYSA-N,2006,Ki,6.346787
ZQEBKQUIKOLFRO-UHFFFAOYSA-N,2006,Ki,6.397940
ZQEBKQUIKOLFRO-UHFFFAOYSA-N,2007,Ki,6.350003
ZQIADMORWXCKPH-UHFFFAOYSA-N,2009,Ki,6.199998
ZQIBMJPPTOOPCH-UHFFFAOYSA-N,2018,IC50,9.008774
ZQIBMJPPTOOPCH-UHFFFAOYSA-N,2018,Ki,9.522879
ZQIBMJPPTOOPCH-UHFFFAOYSA-N,2019,Ki,9.522879
ZQMWIMXUDSTEFT-NSHDSACASA-N,2010,IC50,8.059982
ZQNZTVPOPCUPTB-UHFFFAOYSA-N,2022,Ki,6.714443
ZQOMSSAVWGLZSB-UHFFFAOYSA-N,2018,Ki,5.252122
ZQPVRDFINPZVAW-UHFFFAOYSA-N,2019,IC50,6.617983
ZQQFOPIUAYRYPJ-AWEZNQCLSA-N,2022,Ki,6.259637
ZQUYISBPDUWNLC-UHFFFAOYSA-N,2021,IC50,8.540005
ZQUYISBPDUWNLC-UHFFFAOYSA-N,2021,EC50,8.630042
ZQZUTJSBLPRYPL-XBTDCMMSSA-N,2013,Ki,5.946154
ZRAGXRIXRXDXCR-AWKYBWMHSA-N,1993,Ki,7.107905
ZRAGXRIXRXDXCR-AWKYBWMHSA-N,1993,Ki,7.107905
ZRAGXRIXRXDXCR-DZGCQCFKSA-N,1994,Ki,7.744727
ZRAGXRIXRXDXCR-DZGCQCFKSA-N,1993,Ki,7.744727
ZRAGXRIXRXDXCR-DZGCQCFKSA-N,1993,Ki,7.744727
ZRAGXRIXRXDXCR-UKRRQHHQSA-N,1994,Ki,7.301030
ZRAGXRIXRXDXCR-UKRRQHHQSA-N,1993,Ki,7.301030
ZRAGXRIXRXDXCR-WUJWULDRSA-N,1993,Ki,7.301030
ZRBHAKYJDKFUAO-UHFFFAOYSA-N,2010,Ki,8.468521
ZRBHAKYJDKFUAO-UHFFFAOYSA-N,2010,Ki,8.187087
ZRDGENRQQWKSHG-OJBMAJLDSA-N,2014,Ki,7.154716
ZRFNUMBGYLIEMG-UHFFFAOYSA-N,2019,IC50,8.328827
ZRMVCTOEWAWOLM-UHFFFAOYSA-N,2006,Ki,7.761954
ZRPHNBZAKYUMQJ-UHFFFAOYSA-N,2006,Ki,6.847712
ZRQADOCXGLFZJC-OXJNMPFZSA-N,2019,Ki,6.010105
ZRQADOCXGLFZJC-OXJNMPFZSA-N,2020,Ki,6.010105
ZRQADOCXGLFZJC-UHFFFAOYSA-N,2016,Ki,5.400000
ZRQADOCXGLFZJC-UHFFFAOYSA-N,2016,Ki,6.000000
ZRQADOCXGLFZJC-UHFFFAOYSA-N,2016,Ki,5.899998
ZRQADOCXGLFZJC-UHFFFAOYSA-N,2019,Ki,5.920096
ZRQADOCXGLFZJC-UHFFFAOYSA-N,2020,Ki,5.920096
ZRQMUCDHVVOENY-UHFFFAOYSA-N,2021,Ki,6.350003
ZRQMUCDHVVOENY-UHFFFAOYSA-N,2021,EC50,5.979999
ZRSYGNXIJUXTIX-UHFFFAOYSA-N,2023,Ki,6.070581
ZRWGXXAMGVLDQT-UHFFFAOYSA-N,1995,Ki,6.966576
ZRXJLMPTXLDCLV-UHFFFAOYSA-N,2019,Ki,6.149967
ZRYSIPZYVQINMW-RUCARUNLSA-N,2013,Ki,5.220000
ZRYSIPZYVQINMW-RUCARUNLSA-N,2019,EC50,7.267606
ZRYSIPZYVQINMW-RUCARUNLSA-N,2019,EC50,7.260032
ZSDLULFCEDZUGK-UHFFFAOYSA-N,2018,IC50,7.886057
ZSFVXIXYHJMAHE-UHFFFAOYSA-N,2012,Ki,6.241088
ZSFVXIXYHJMAHE-UHFFFAOYSA-N,2012,Ki,5.633577
ZSHABDJGHVJYOC-HKNRPGJNSA-N,1996,Ki,6.199998
ZSJSBFWREOBBMJ-UHFFFAOYSA-N,2020,Ki,6.627088
ZSJSBFWREOBBMJ-UHFFFAOYSA-N,2022,Ki,6.627088
ZSNLCMKFRUHLTG-YLIUREIVSA-N,2023,Ki,8.744727
ZSOAASMDFMEZPH-WGSAOQKQSA-N,1997,Ki,7.148742
ZSVBVTNJBYSDME-UHFFFAOYSA-N,2020,Ki,7.787812
ZSXXBLKRPFMPGJ-UHFFFAOYSA-N,2001,Ki,9.327902
ZSYZODAGADSAAG-UHFFFAOYSA-N,2020,Ki,7.101824
ZTBBOIYRZHAFIN-UHFFFAOYSA-N,2012,Ki,7.619789
ZTBBOIYRZHAFIN-UHFFFAOYSA-N,2014,Ki,7.619789
ZTBBOIYRZHAFIN-UHFFFAOYSA-N,2019,Kd,8.169989
ZTBBOIYRZHAFIN-UHFFFAOYSA-N,2019,Ki,8.270026
ZTEPHOYXWWHRDM-ZIIYYELXSA-N,2020,Ki,6.774691
ZTEUONPYEGTUMM-FCHUYYIVSA-N,2023,Ki,7.899629
ZTGGPHRIDWWDQW-UHFFFAOYSA-N,2003,Ki,7.167491
ZTGUCZSPLRNTRO-UHFFFAOYSA-N,1998,IC50,6.443697
ZTIHCPRBAJJIRW-SAIGFBBZSA-N,2014,Ki,6.141884
ZTKKAIYXNICILE-MXVIHJGJSA-N,2016,Ki,9.455932
ZTNICFPCCSHZEL-XYWHTSSQSA-N,2014,Ki,7.083493
ZTONLQGEWQVONN-UHFFFAOYSA-N,2020,IC50,6.337998
ZUARVBUFFCRJPZ-UHFFFAOYSA-N,2017,EC50,7.667562
ZUAUBRZOEHOURD-UHFFFAOYSA-N,2020,Ki,6.228413
ZUAUBRZOEHOURD-UHFFFAOYSA-N,2022,Ki,6.228413
ZUCSOBCLXFCURA-UHFFFAOYSA-N,2017,Ki,8.568636
ZUDVHWCNTPJCDE-UHFFFAOYSA-N,2019,Ki,7.795880
ZUGNJYHFOIGGOO-UHFFFAOYSA-N,2011,Ki,8.552842
ZUGNJYHFOIGGOO-UHFFFAOYSA-N,2011,Ki,8.431798
ZUHUCALFDNPGMN-UHFFFAOYSA-N,2017,IC50,8.301030
ZUJPXZIUFHGAJI-UHFFFAOYSA-N,2008,Ki,8.000000
ZUKCWYCSNRGFKC-IEBWSBKVSA-N,2000,IC50,8.301030
ZULCBSYWXPLVPW-UHFFFAOYSA-N,2020,Ki,5.965773
ZULCBSYWXPLVPW-UHFFFAOYSA-N,2022,Ki,5.965773
ZULQKQGLUORZDC-HSGWXFLFSA-N,2010,Ki,6.920819
ZULQKQGLUORZDC-HSGWXFLFSA-N,2010,Ki,7.376751
ZULQKQGLUORZDC-UHFFFAOYSA-N,2009,Ki,7.000000
ZULQKQGLUORZDC-UHFFFAOYSA-N,2009,Ki,6.799998
ZULQKQGLUORZDC-UHFFFAOYSA-N,2009,Ki,6.799998
ZUMCLJGAAUDXJE-UHFFFAOYSA-N,1993,Ki,5.825068
ZUOIZLRETXHGDT-UHFFFAOYSA-N,2014,Ki,7.602060
ZUOIZLRETXHGDT-UHFFFAOYSA-N,2014,Ki,7.568636
ZUWVCRLPWWEGRD-LBVTXTQZSA-N,2021,Ki,6.196543
ZUWVCRLPWWEGRD-LBVTXTQZSA-N,2021,Ki,6.730487
ZUXABONWMNSFBN-UHFFFAOYSA-N,2019,IC50,5.148742
ZUXABONWMNSFBN-UHFFFAOYSA-N,2019,IC50,5.552842
ZUXITOJFACOGFP-UHFFFAOYSA-N,1995,Ki,7.154902
ZUXITOJFACOGFP-UHFFFAOYSA-N,2013,Ki,7.154902
ZVAZCHZCMGUSFW-WUFINQPMSA-N,2023,Ki,5.331614
ZVDYCLIYIAFRGQ-UHFFFAOYSA-N,2022,Ki,5.079199
ZVHOLIZEVQEFBP-UHFFFAOYSA-N,1997,Ki,5.876148
ZVHOLIZEVQEFBP-UHFFFAOYSA-N,2005,Ki,6.329995
ZVIRWXRCUVYDPI-UHFFFAOYSA-N,2007,Ki,8.400008
ZVKININMNUXUKG-UHFFFAOYSA-N,2017,EC50,7.863279
ZVKJSJAERRMBMR-UHFFFAOYSA-N,1992,Ki,5.862013
ZVOANBRCVCBCDV-CQSZACIVSA-N,2000,Ki,6.498941
ZVQVWCQOAHBIGN-UHFFFAOYSA-N,2009,Ki,5.899998
ZVQWUWXUIVQVAR-UHFFFAOYSA-N,2015,EC50,6.690370
ZVQWUWXUIVQVAR-UHFFFAOYSA-N,2015,EC50,6.690008
ZWBIIYBHVNHQOG-UHFFFAOYSA-N,2009,Ki,7.400008
ZWCZAPMNJINBCG-UHFFFAOYSA-N,2013,Ki,8.560667
ZWGBDYGTEXXVMU-UHFFFAOYSA-N,2020,Ki,5.970211
ZWGBDYGTEXXVMU-UHFFFAOYSA-N,2022,Ki,5.970211
ZWINHZKEJACBFT-GCJKJVERSA-N,2016,Ki,6.459996
ZWINHZKEJACBFT-GCJKJVERSA-N,2016,Ki,6.790003
ZWIOIIOCCRESNK-UHFFFAOYSA-N,2010,Ki,7.974694
ZWISNUUPDBRYSY-UHFFFAOYSA-N,2014,Ki,7.244125
ZWLRISKBHMJXJU-UAPYVXQJSA-N,2023,Ki,5.920819
ZWNBANLWZZXEKO-UHFFFAOYSA-N,2008,Ki,8.327902
ZWNBANLWZZXEKO-UHFFFAOYSA-N,2008,Ki,7.259637
ZWNMRUMCFKVOHJ-UHFFFAOYSA-N,2023,Ki,6.397940
ZWNMRUMCFKVOHJ-UHFFFAOYSA-N,2023,Ki,6.769551
ZWNNGKIBLRYSNC-ZDUSSCGKSA-N,2020,Ki,7.161151
ZWPVOADZQCQUKW-UHFFFAOYSA-N,2023,Ki,7.712198
ZWPVOADZQCQUKW-UHFFFAOYSA-N,2023,EC50,7.960189
ZWPVOADZQCQUKW-UHFFFAOYSA-N,2023,EC50,7.962972
ZWPVOADZQCQUKW-UHFFFAOYSA-N,2023,EC50,8.000000
ZWPVOADZQCQUKW-UHFFFAOYSA-N,2023,EC50,8.003488
ZWXUIJOENHRFLU-UHFFFAOYSA-N,2020,Ki,8.000000
ZWXVFHQSORXZDQ-UHFFFAOYSA-N,2019,Ki,6.100179
ZXHHISUVULOPCY-WIYYLYMNSA-N,2000,IC50,6.767004
ZXIPYIPSODOSDY-UHFFFAOYSA-N,2006,Ki,6.614394
ZXKDQKMGPBQZPF-UHFFFAOYSA-N,2000,Ki,4.560667
ZXKDQKMGPBQZPF-UHFFFAOYSA-N,2000,Ki,4.667562
ZXLUAMSMIJONAJ-UHFFFAOYSA-N,2021,Ki,6.340084
ZXLUAMSMIJONAJ-UHFFFAOYSA-N,2021,Ki,6.943095
ZXMMZWMGSDPKNA-UHFFFAOYSA-N,2007,Ki,6.920819
ZXMMZWMGSDPKNA-UHFFFAOYSA-N,2007,Ki,7.080922
ZXMQIPPBQZMPBZ-NQIIRXRSSA-N,2017,Ki,7.841638
ZXRTUAYDQBCOPH-UWSKWSKGSA-N,2018,IC50,8.318759
ZXSQHQBOVYMVGJ-UHFFFAOYSA-N,2012,Ki,5.958607
ZXUYYZPJUGQHLQ-UHFFFAOYSA-N,1993,Ki,5.475474
ZXWIDAPGUOZUDB-RHSMWYFYSA-N,1995,Ki,7.230623
ZXWYTZGEVHHQHK-UHFFFAOYSA-N,2020,Ki,6.161781
ZXWYTZGEVHHQHK-UHFFFAOYSA-N,2022,Ki,6.161781
ZXXQVMFRALHHSH-UHFFFAOYSA-N,2012,Ki,7.259637
ZXXWEZYYAYQNEN-UHFFFAOYSA-N,1996,IC50,7.169989
ZXYDGAXWWXINKE-UHFFFAOYSA-N,2016,Ki,7.500038
ZXYDGAXWWXINKE-UHFFFAOYSA-N,2019,Ki,7.939302
ZXYDGAXWWXINKE-UHFFFAOYSA-N,2019,Ki,7.459671
ZXYDGAXWWXINKE-UHFFFAOYSA-N,2020,Ki,7.939302
ZXYDGAXWWXINKE-UHFFFAOYSA-N,2020,Ki,7.459671
ZXZSMMMPXXEGFH-UHFFFAOYSA-N,2010,Ki,8.318759
ZXZSMMMPXXEGFH-UHFFFAOYSA-N,2010,Ki,8.443697
ZYBLSQVXWVJACW-UHFFFAOYSA-N,1998,Ki,7.863279
ZYBLSQVXWVJACW-UHFFFAOYSA-N,2013,Ki,7.966576
ZYDBRNKSTBPXRH-QAQDUYKDSA-N,2020,Ki,6.096910
ZYDBRNKSTBPXRH-QAQDUYKDSA-N,2022,Ki,6.096910
ZYDNGTNCSKSGGI-SNAWJCMRSA-N,2013,Ki,7.221849
ZYESZLRISGYBQK-AWEZNQCLSA-N,2000,Ki,4.521434
ZYJQELHTQSMKFH-UHFFFAOYSA-N,2017,Ki,8.107905
ZYJQELHTQSMKFH-UHFFFAOYSA-N,2017,Ki,8.113509
ZYJQELHTQSMKFH-UHFFFAOYSA-N,2017,EC50,8.229148
ZYJQELHTQSMKFH-UHFFFAOYSA-N,2017,EC50,6.810005
ZYJQELHTQSMKFH-UHFFFAOYSA-N,2017,EC50,8.376751
ZYJQELHTQSMKFH-UHFFFAOYSA-N,2017,EC50,8.113509
ZYJQELHTQSMKFH-UHFFFAOYSA-N,2017,EC50,7.995679
ZYJQELHTQSMKFH-UHFFFAOYSA-N,2017,EC50,8.585027
ZYJQELHTQSMKFH-UHFFFAOYSA-N,2017,EC50,8.585027
ZYJQELHTQSMKFH-UHFFFAOYSA-N,2017,EC50,6.823909
ZYJQELHTQSMKFH-UHFFFAOYSA-N,2017,EC50,8.230032
ZYKHMDFAAIQNQH-UHFFFAOYSA-N,2008,IC50,5.568636
ZYNARRKYWSBPBI-UHFFFAOYSA-N,2014,Ki,7.823909
ZYNARRKYWSBPBI-UHFFFAOYSA-N,2014,Ki,7.508638
ZYOHPRMTOCMZRK-IBGZPJMESA-N,2010,Ki,6.962574
ZYOHPRMTOCMZRK-IBGZPJMESA-N,2010,EC50,7.112383
ZYPHLHODRPNBKX-UHFFFAOYSA-N,2017,Ki,5.494850
ZYPHLHODRPNBKX-UHFFFAOYSA-N,2017,Ki,5.823909
ZYTBQQBJAVGRKU-UHFFFAOYSA-N,2008,Ki,2.850165
ZYUVIRYBRCERLS-UHFFFAOYSA-N,2013,Ki,6.464706
ZYUVYNFTIYISBW-UHFFFAOYSA-N,2007,Ki,6.397940
ZYXIICVCCTVXCC-QVXKZJQXSA-N,2012,Ki,5.698970
ZYXIICVCCTVXCC-ZLOLNMDISA-N,2012,Ki,5.154902
ZYXMVSPWOATGIW-UHFFFAOYSA-N,2012,Ki,6.576754
ZYZZJOLJNNFBHS-UHFFFAOYSA-N,2010,Ki,9.240332
ZYZZJOLJNNFBHS-UHFFFAOYSA-N,2016,Ki,9.240030
ZZAIPBCEUCKJJK-QOFSWEROSA-N,2000,Ki,6.699992
ZZDBZNUPBFQLAW-UHFFFAOYSA-N,2022,Ki,5.790753
ZZFIFEVVRSMBSF-UHFFFAOYSA-N,2007,Ki,7.256490
ZZFIFEVVRSMBSF-UHFFFAOYSA-N,2007,IC50,6.649752
ZZGIOJNVAOUXRN-UHFFFAOYSA-N,2019,IC50,4.139566
ZZHAINUKVRVYIQ-UHFFFAOYSA-N,2019,Kd,7.890084
ZZHAINUKVRVYIQ-UHFFFAOYSA-N,2019,Ki,7.920096
ZZHBWXMHPRGVFQ-UHFFFAOYSA-N,1994,Ki,6.882729
ZZINMSOGWJONAI-UHFFFAOYSA-N,2025,Ki,5.490000
ZZJDFRAENYUPMH-RZFKFIIISA-N,2013,Ki,5.779108
ZZJYIKPMDIWRSN-HWBMXIPRSA-N,2014,Ki,10.397940
ZZJYIKPMDIWRSN-HWBMXIPRSA-N,2015,Ki,10.397940
ZZJYIKPMDIWRSN-HWBMXIPRSA-N,2016,IC50,8.958607
ZZJYIKPMDIWRSN-HWBMXIPRSA-N,2017,IC50,9.091515
ZZJYIKPMDIWRSN-HWBMXIPRSA-N,2017,Ki,9.568636
ZZJYIKPMDIWRSN-HWBMXIPRSA-N,2017,IC50,8.568636
ZZJYIKPMDIWRSN-HWBMXIPRSA-N,2017,Ki,9.040959
ZZJYIKPMDIWRSN-SLSDLSHTSA-N,2017,IC50,8.958607
ZZJYIKPMDIWRSN-TZBSWOFLSA-N,1997,Ki,9.221849
ZZJYIKPMDIWRSN-TZBSWOFLSA-N,1985,IC50,17.301030
ZZJYIKPMDIWRSN-TZBSWOFLSA-N,2005,IC50,8.050610
ZZJYIKPMDIWRSN-TZBSWOFLSA-N,2008,Ki,8.537602
ZZJYIKPMDIWRSN-TZBSWOFLSA-N,2008,IC50,8.060481
ZZJYIKPMDIWRSN-TZBSWOFLSA-N,2008,IC50,7.823909
ZZJYIKPMDIWRSN-TZBSWOFLSA-N,2010,IC50,7.920819
ZZJYIKPMDIWRSN-TZBSWOFLSA-N,2011,Ki,9.301030
ZZJYIKPMDIWRSN-TZBSWOFLSA-N,2013,IC50,8.853872
ZZJYIKPMDIWRSN-TZBSWOFLSA-N,2013,Ki,9.130768
ZZJYIKPMDIWRSN-TZBSWOFLSA-N,2013,IC50,8.657577
ZZJYIKPMDIWRSN-TZBSWOFLSA-N,2014,Ki,8.588380
ZZJYIKPMDIWRSN-TZBSWOFLSA-N,2014,Ki,9.431798
ZZKFQWISNWOXAO-UHFFFAOYSA-N,2019,Ki,6.928118
ZZOGNBGGXVYUEA-IFMALSPDSA-N,2021,Ki,6.245652
ZZPOVHXVOVUVQC-FCJZXJKRSA-N,2000,Ki,6.499997
ZZRPBEZGINGVMX-UHFFFAOYSA-N,2021,Ki,6.617983
ZZWMQJQCXDWUTD-UHFFFAOYSA-N,2010,Ki,7.886057
ZZXVDSCUNRLYPT-UHFFFAOYSA-N,2006,Ki,6.673664
