inchikey,year,standard_type,pAct
AADCDMQTJNYOSS-LBPRGKRZSA-N,2003,Ki,9.795880
AADCDMQTJNYOSS-LBPRGKRZSA-N,2014,Ki,9.872895
AADCDMQTJNYOSS-LBPRGKRZSA-N,2016,Ki,9.958607
AADCDMQTJNYOSS-LBPRGKRZSA-N,2021,Ki,9.970616
AADWBQLQKGQDIM-UHFFFAOYSA-N,2010,Ki,8.376751
AAELEHAFAYIZRH-KDURUIRLSA-N,2016,Ki,8.638272
AAELEHAFAYIZRH-WGSAOQKQSA-N,2016,Ki,9.886057
AAELEHAFAYIZRH-WGSAOQKQSA-N,2016,IC50,8.856985
AAIDTVFHOXBFSJ-SJLPKXTDSA-N,1997,Ki,6.900009
AAONJNLMLWRZJE-UHFFFAOYSA-N,2010,Ki,7.400008
AAONJNLMLWRZJE-UHFFFAOYSA-N,2010,Ki,8.199971
AAONJNLMLWRZJE-UHFFFAOYSA-N,2010,Ki,9.000000
AAPCMUAAQFZHRZ-IPJJNNNSSA-N,2014,Ki,7.829738
AAPCMUAAQFZHRZ-IPJJNNNSSA-N,2014,Ki,7.829738
AAPCMUAAQFZHRZ-WOIUINJBSA-N,2014,Ki,8.238824
AAPCMUAAQFZHRZ-WOIUINJBSA-N,2014,Ki,8.238824
AAPXNHMQKBDDJN-AVRDEDQJSA-N,2016,Ki,7.550059
AAPXNHMQKBDDJN-AVRDEDQJSA-N,2016,Ki,7.599980
AAPXNHMQKBDDJN-GCJKJVERSA-N,2016,Ki,6.099999
AAPXNHMQKBDDJN-GCJKJVERSA-N,2016,Ki,7.750068
AAPXNHMQKBDDJN-PGRDOPGGSA-N,2016,Ki,8.260032
AAPXNHMQKBDDJN-PGRDOPGGSA-N,2016,Ki,8.179996
AAPXNHMQKBDDJN-XMSQKQJNSA-N,2016,Ki,7.379968
AARWRAFDYZSYPD-UHFFFAOYSA-N,2007,Ki,8.369979
AARWZLCCVAYIQN-UHFFFAOYSA-N,2020,Ki,6.659953
AASBFJIEFSDMGW-VHPWLNBFSA-N,2023,Ki,9.657577
AAUYCVIXPYMWAL-LBZQVFOQSA-N,2014,Ki,8.231584
AAUYCVIXPYMWAL-LBZQVFOQSA-N,2014,Ki,8.231584
AAYMNPGQEZYHNE-UHFFFAOYSA-N,2010,Ki,8.327902
ABHVAQKOVOLZPM-QAQDUYKDSA-N,2013,Ki,7.552842
ABKVEMFUXMVUSG-WGSAOQKQSA-N,2013,Ki,7.812479
ABNHJZFZKGLSKZ-UHFFFAOYSA-N,2020,Ki,8.289883
ABNWTYHEAATIEC-UHFFFAOYSA-N,2007,Ki,9.160019
ABOBMBIQQPJTMJ-UHFFFAOYSA-N,2018,Ki,5.879999
ABOBMBIQQPJTMJ-UHFFFAOYSA-N,2022,Ki,5.879999
ABOBMBIQQPJTMJ-UHFFFAOYSA-N,2025,Ki,5.879999
ABOWDNIHZHLENL-UHFFFAOYSA-N,2008,Ki,6.599998
ABOYXIDEOWOTGI-AQYVVDRMSA-N,2013,Ki,8.145694
ABOYXIDEOWOTGI-AQYVVDRMSA-N,2013,Ki,8.145694
ABPMRHGOCCQDFC-UHFFFAOYSA-N,2013,Ki,5.721475
ABRFKTAFRQVZBR-UHFFFAOYSA-N,1995,Ki,8.721246
ABSKTFYOWZQKEU-LBEPJEHYSA-N,2009,Ki,7.299989
ABVUWVBSAIPHQT-UHFFFAOYSA-N,2020,Ki,6.280006
ABWRXTVIPWIMTE-UHFFFAOYSA-N,2008,Ki,7.700057
ABXIURKZPIWOPL-UHFFFAOYSA-N,2007,EC50,5.882066
ABXQTPKTPDAAGS-XGAFWQRZSA-N,2023,Ki,9.420216
ACAWRKNKSILJBW-UVXAETBJSA-N,2013,Ki,8.118615
ACAWRKNKSILJBW-UVXAETBJSA-N,2013,Ki,8.118615
ACDYFMOSSUKHJD-HSZRJFAPSA-N,2010,Ki,9.083546
ACDYFMOSSUKHJD-QHCPKHFHSA-N,2010,Ki,9.083546
ACDYFMOSSUKHJD-UHFFFAOYSA-N,2008,Ki,9.086186
ACDYFMOSSUKHJD-UHFFFAOYSA-N,2008,Ki,7.735182
ACDYFMOSSUKHJD-UHFFFAOYSA-N,2008,Ki,9.096910
ACDYFMOSSUKHJD-UHFFFAOYSA-N,2008,EC50,9.920819
ACEAZRLEPRIAMD-WGSAOQKQSA-N,2013,Ki,7.316953
ACFIBJLBHXWBFG-UHFFFAOYSA-N,2010,Ki,6.900009
ACHQQXOLWIKHRK-UHFFFAOYSA-N,2006,Ki,6.070581
ACIKAIVCJBOQAN-UHFFFAOYSA-N,2016,Ki,6.657577
ACKGCCXJFAZCFF-UHFFFAOYSA-N,2006,Ki,8.443697
ACKGCCXJFAZCFF-UHFFFAOYSA-N,2006,EC50,6.958607
ACKJXZGTUCARLB-KNQAVFIVSA-N,2016,Ki,8.400008
ACKJXZGTUCARLB-UGKGYDQZSA-N,2016,Ki,7.450016
ACOHJTDLJUVDNX-AQYVVDRMSA-N,1997,Ki,8.301030
ACOZPXLCYUQMHS-UHFFFAOYSA-N,2018,IC50,7.591760
ACOZPXLCYUQMHS-UHFFFAOYSA-N,2020,Ki,8.779892
ACRDOIMNOGBPSA-UHFFFAOYSA-N,2005,Ki,7.602060
ACRMNEFOWLXFLY-UHFFFAOYSA-N,2008,Ki,7.400008
ACTVOFFLDWZANE-NSISKUIASA-N,2005,Ki,7.075721
ACUOSRXKTFDQLE-IOWSJCHKSA-N,2023,Ki,6.954677
ACUOSRXKTFDQLE-IOWSJCHKSA-N,2023,EC50,7.599980
ACUOSRXKTFDQLE-IOWSJCHKSA-N,2023,EC50,7.595166
ACUOSRXKTFDQLE-IOWSJCHKSA-N,2023,IC50,5.530000
ACUOSRXKTFDQLE-IOWSJCHKSA-N,2023,EC50,5.528415
ADAZZWTYEBRRHE-UHFFFAOYSA-N,2009,Ki,5.214670
ADCYPKNNPPDYMB-ORQYLMBXSA-N,2022,Ki,9.318759
ADDKZOUNFAZVBP-DZNWXHPMSA-N,2020,Ki,7.665546
ADDKZOUNFAZVBP-DZNWXHPMSA-N,2021,Ki,7.677781
ADDKZOUNFAZVBP-NVNZTLJMSA-N,2021,Ki,7.508638
ADDORVGWJJXKFK-AFARHQOCSA-N,2013,Ki,7.158641
ADETWEPXXIGKFW-UHFFFAOYSA-N,2009,Ki,6.109998
ADGRZRHCVXPKAN-UHFFFAOYSA-N,2016,Ki,9.480172
ADKPDCJUAOTYGJ-UHFFFAOYSA-N,2019,Ki,6.070581
ADQYVAWNTXPENQ-XIJSCUBXSA-O,2015,Ki,8.481486
ADUUVPPWHWVJFK-UHFFFAOYSA-N,2015,Ki,8.327902
ADUUVPPWHWVJFK-UHFFFAOYSA-N,2015,Ki,8.266001
ADUYXHYSTCIMEO-UHFFFAOYSA-N,2016,Ki,7.275724
ADUYXHYSTCIMEO-UHFFFAOYSA-N,2016,Ki,7.299989
AEGDITSWVZEWFA-UHFFFAOYSA-N,2016,Ki,6.568636
AEKRAVIJSVJVBT-UHFFFAOYSA-N,2007,Ki,6.542118
AEKRAVIJSVJVBT-UHFFFAOYSA-N,2021,Ki,6.542118
AENHFZZMNBETCL-UHFFFAOYSA-N,2016,Ki,9.700057
AENHFZZMNBETCL-UHFFFAOYSA-N,2019,Ki,9.649752
AENHFZZMNBETCL-UHFFFAOYSA-N,2020,Ki,9.649752
AENWLGXTORARIE-UHFFFAOYSA-N,2015,Ki,8.701147
AENWLGXTORARIE-UHFFFAOYSA-N,2015,EC50,7.795880
AENWLGXTORARIE-UHFFFAOYSA-N,2015,IC50,7.229148
AEQDJSLRWYMAQI-KRWDZBQOSA-N,2017,Ki,5.862963
AEQDJSLRWYMAQI-KRWDZBQOSA-N,2024,Ki,5.847712
AERWLNZHDGJKMO-MRXNPFEDSA-N,2002,Ki,7.468521
AETUYXZHZRTKMP-UHFFFAOYSA-N,2016,Ki,5.776764
AEUDDHALUDWNEZ-UHFFFAOYSA-N,2010,Ki,7.299989
AEVXOGLKVVRZCX-UHFFFAOYSA-N,2007,Ki,5.919374
AEXFOTSQBUVBKJ-PGRDOPGGSA-N,2010,Ki,9.199971
AEXGGULFDFKXQV-SFFZADGDSA-N,2022,Ki,8.537602
AFKRYMMWFODFAD-CSKARUKUSA-N,2000,Ki,8.400008
AFKRYMMWFODFAD-CSKARUKUSA-N,1999,Ki,8.400008
AFLPJFUVXSSHKS-UHFFFAOYSA-N,2002,Ki,6.607303
AFLWHRXREOAJGY-UHFFFAOYSA-N,2022,Ki,6.015293
AFNXATANNDIXLG-UHFFFAOYSA-N,,IC50,5.508078
AFNXATANNDIXLG-UHFFFAOYSA-N,,Ki,5.977159
AFRMZBRXLCZGJQ-UHFFFAOYSA-N,2017,Ki,7.568636
AFRMZBRXLCZGJQ-UHFFFAOYSA-N,2018,Ki,7.568636
AFRXCTUPOJKNDG-UHFFFAOYSA-N,2020,Ki,5.365523
AFTMDSQMJPSVNL-UHFFFAOYSA-N,2002,Ki,7.221849
AFUIBDRITZEBAF-UHFFFAOYSA-N,2009,Ki,9.267606
AFUKYYCEJQNSBL-IYARVYRRSA-N,2020,Ki,9.537602
AFUKYYCEJQNSBL-IYARVYRRSA-N,2022,Ki,9.537602
AFUSDDXNVRXJFU-KJDSRRNHSA-N,2023,Ki,10.022276
AFWAVLNIGSUCHI-HNNXBMFYSA-N,2016,Ki,5.657577
AFWAVLNIGSUCHI-OAHLLOKOSA-N,2016,Ki,6.214670
AFYFGCAEDGKSJG-UHFFFAOYSA-N,2010,Ki,7.100015
AFZSMODLJJCVPP-UHFFFAOYSA-N,,IC50,6.070070
AFZSMODLJJCVPP-UHFFFAOYSA-N,,Ki,6.539102
AGHXSXMZVMLSGU-UHFFFAOYSA-N,2008,Ki,8.299989
AGMWTWZTMQSDHF-UHFFFAOYSA-N,2006,Ki,5.113509
AGPVWRLINFFKSF-UHFFFAOYSA-N,2020,Ki,6.950782
AGQAAIRBRCRFGB-UHFFFAOYSA-N,1996,Ki,7.599980
AGUIOVNIFLIHLU-UHFFFAOYSA-N,2021,Ki,6.267606
AGUZAIMBKPZTGP-UHFFFAOYSA-N,2005,Ki,9.275724
AGVNHDNTFYHZNL-QGZVFWFLSA-N,1998,Ki,5.400000
AGZPZBJIQLGGOQ-UHFFFAOYSA-N,2007,Ki,6.323306
AGZZUNBFSOFXTB-JIBACQESSA-N,2014,Ki,7.996971
AGZZUNBFSOFXTB-JIBACQESSA-N,2014,Ki,7.996971
AHJHJVULSVKBEA-WGSAOQKQSA-N,2016,Ki,10.251812
AHSLTJCTFBJCMT-CQSZACIVSA-N,1994,Ki,6.009661
AHTVKTAOAOXKMG-UHFFFAOYSA-N,2008,Ki,7.000000
AHVVCJSEQJZGNV-UHFFFAOYSA-N,1999,Ki,5.522879
AHYUXDAZVIOABZ-UHFFFAOYSA-N,1997,Ki,7.769551
AIANRSPJEBRESY-UHFFFAOYSA-N,2017,Ki,5.552842
AIBSVCNXTNBLRF-NRFANRHFSA-N,2009,Ki,5.880744
AIBTZGIRNIYBBE-OWOJBTEDSA-N,2017,EC50,7.422508
AIBTZGIRNIYBBE-OWOJBTEDSA-N,2017,EC50,7.698970
AIBTZGIRNIYBBE-OWOJBTEDSA-N,2017,EC50,7.700057
AIBTZGIRNIYBBE-OWOJBTEDSA-N,2020,EC50,7.422508
AICFPAVUBCPJDG-SAABIXHNSA-N,2013,Ki,7.906578
AICFPAVUBCPJDG-SAABIXHNSA-N,2013,Ki,7.906578
AIDTVWDAJAVXLC-AATRIKPKSA-N,2011,Ki,7.860121
AIEYTUOHPYHFSW-UHFFFAOYSA-N,2020,EC50,7.481486
AIEYTUOHPYHFSW-UHFFFAOYSA-N,2023,EC50,7.481486
AIEYTUOHPYHFSW-UHFFFAOYSA-N,2023,EC50,7.481486
AIFZEYXRSJHTOL-UHFFFAOYSA-N,2019,Ki,5.823909
AIJCIPNKOAOKBN-UHFFFAOYSA-N,2010,Ki,6.879426
AIJIQCBYMBZLJD-UHFFFAOYSA-N,2001,Ki,7.096910
AIKAECUQHAATGN-UHFFFAOYSA-N,1998,Ki,5.571541
AIXVGZUOFPCOMV-IXCJQBJRSA-N,1998,Ki,6.199998
AIXVGZUOFPCOMV-XCZPVHLTSA-N,1998,Ki,9.000000
AIXVGZUOFPCOMV-XCZPVHLTSA-N,2003,Ki,9.000000
AIYDXOYEOAYSGJ-MJGBDJQUSA-N,2021,Ki,8.481486
AIYKVNCJQXICKY-UHFFFAOYSA-N,2021,Ki,6.420216
AJADIMFRRRXJAI-UHFFFAOYSA-N,2019,Ki,5.188425
AJADIMFRRRXJAI-UHFFFAOYSA-N,2019,EC50,5.196953
AJBBNBBBDUCRTB-UHFFFAOYSA-N,2008,Ki,8.100015
AJEQJTPMMJPNLR-GHTZIAJQSA-N,2019,Ki,9.040005
AJEQJTPMMJPNLR-GHTZIAJQSA-N,2020,Ki,9.040005
AJEQJTPMMJPNLR-NQIIRXRSSA-N,2019,Ki,8.270026
AJEQJTPMMJPNLR-NQIIRXRSSA-N,2020,Ki,8.270026
AJEQJTPMMJPNLR-UHFFFAOYSA-N,2016,Ki,9.400008
AJEQJTPMMJPNLR-UHFFFAOYSA-N,2016,Ki,9.400008
AJEQJTPMMJPNLR-UHFFFAOYSA-N,2016,Ki,9.500038
AJEQJTPMMJPNLR-UHFFFAOYSA-N,2019,Ki,8.560667
AJEQJTPMMJPNLR-UHFFFAOYSA-N,2020,Ki,8.560667
AJHTXXXNOZVOOI-HSZRJFAPSA-N,1996,Ki,8.199971
AJIGPZIDDACLTM-UHFFFAOYSA-N,2014,Ki,8.522879
AJKOTVCMUKNUGM-UHFFFAOYSA-N,2016,Ki,7.040959
AJKOTVCMUKNUGM-UHFFFAOYSA-N,2016,Ki,7.040005
AJKWTVBJXNYTPH-FVUUGDKNSA-N,2023,Ki,10.091515
AJNIRLYKPAIXJT-UHFFFAOYSA-N,2015,Ki,8.187087
AJNRYBGLAQDAEO-DYVFJYSZSA-N,2010,Ki,6.199998
AJQHTFDOWXUHQW-UHFFFAOYSA-N,2007,Ki,6.991400
AKAZDIQCZSDVHY-YLJYHZDGSA-N,2021,Ki,8.181774
AKCNULBSNJJBDL-UHFFFAOYSA-N,2023,Ki,5.879426
AKCNULBSNJJBDL-UHFFFAOYSA-N,2023,IC50,4.889410
AKMKMWQSLNWMNJ-UHFFFAOYSA-N,2009,Ki,7.474955
AKOUANOAMJNPBZ-GJIFKWMDSA-N,2014,Ki,8.510042
AKOUANOAMJNPBZ-GJIFKWMDSA-N,2014,Ki,8.510042
AKQWVRLMOLBNQU-UHFFFAOYSA-N,2021,IC50,4.630000
AKTVMLWMKKIHMI-UHFFFAOYSA-N,2020,Ki,7.259637
AKUFOSYLIYVIGY-UHFFFAOYSA-N,2017,Ki,7.707744
AKUFOSYLIYVIGY-UHFFFAOYSA-N,2019,Ki,7.707744
ALBWWALSEOWKRA-UHFFFAOYSA-N,2003,Ki,6.167491
ALJNGMYHXPZTTG-WGSAOQKQSA-N,2013,Ki,7.667562
ALJVVUIFWXGXTR-UHFFFAOYSA-N,1997,Ki,6.459671
ALLUIYWATYVDFM-MXVIHJGJSA-N,2014,Ki,8.853872
ALLUIYWATYVDFM-MXVIHJGJSA-N,2014,Ki,8.853872
ALLYNSCMTRSFNH-UHFFFAOYSA-N,2008,Ki,5.657577
ALMQVQFFGPSBDJ-KJDSRRNHSA-N,2023,Ki,9.387216
ALPMTMYCYHOFLH-TZIWHRDSSA-N,2021,Ki,7.195179
ALPOWWDAVMFBEC-UHFFFAOYSA-N,2019,Ki,6.509999
ALTKABGEMCJWJH-UHFFFAOYSA-N,2016,Ki,6.919987
AMADNKXMEDYTCS-UHFFFAOYSA-N,2010,Ki,7.000000
AMBHQWIFPINWOO-SKPFHBQLSA-N,2021,Ki,7.756962
AMCLEKXUPLBXGM-YEMPIKNUSA-N,2014,Ki,8.560667
AMCLEKXUPLBXGM-YEMPIKNUSA-N,2014,Ki,8.560667
AMDRAFDQLSKJMW-UHFFFAOYSA-N,2010,Ki,7.275724
AMFZVTYRKIIUHJ-OWWJJEGGSA-N,2023,Ki,9.721246
AMIGTUQPTNLQHG-UHFFFAOYSA-N,2016,Ki,7.500038
AMIGTUQPTNLQHG-UHFFFAOYSA-N,2019,Ki,7.500313
AMIGTUQPTNLQHG-UHFFFAOYSA-N,2020,Ki,7.500313
AMJCGARHMZJBKQ-UHFFFAOYSA-N,2011,Ki,9.920819
AMJCGARHMZJBKQ-UHFFFAOYSA-N,2011,EC50,8.552842
AMKQYZPSQCPQGB-UHFFFAOYSA-N,2012,Ki,9.522879
ANCQWHLMXBDLTA-UHFFFAOYSA-N,2017,EC50,7.769551
ANCQWHLMXBDLTA-UHFFFAOYSA-N,2017,EC50,7.154902
ANCQWHLMXBDLTA-UHFFFAOYSA-N,2017,EC50,7.150028
ANDAVALYLUYQOC-UHFFFAOYSA-N,2016,Ki,9.006564
ANDAVALYLUYQOC-UHFFFAOYSA-N,2016,EC50,6.707744
ANDAVALYLUYQOC-UHFFFAOYSA-N,2016,IC50,6.638272
ANGUXJDGJCHGOG-UHFFFAOYSA-N,2010,Ki,6.699992
ANNLFDUPFAFPFH-UHFFFAOYSA-N,2023,Ki,5.638272
ANOQJCMMWZANCH-UHFFFAOYSA-N,2014,Ki,8.455932
ANPBPMHGXDWYNM-AZUAARDMSA-N,2019,Ki,7.289883
ANPBPMHGXDWYNM-AZUAARDMSA-N,2020,Ki,7.289883
ANPBPMHGXDWYNM-UHFFFAOYSA-N,2019,Ki,7.100179
ANPBPMHGXDWYNM-UHFFFAOYSA-N,2020,Ki,7.100179
ANQRPBNHSKJQGO-KRWDZBQOSA-N,2017,Ki,7.508638
ANTOILZBKKIMIM-UHFFFAOYSA-N,2016,Ki,6.900009
ANUOVSVJABNEPR-AQYVVDRMSA-N,2020,Ki,9.602060
ANUOVSVJABNEPR-AQYVVDRMSA-N,2022,Ki,9.602060
ANYPUOSSIOCSJC-UHFFFAOYSA-N,2007,Ki,8.899974
AODRELZHCYHJFT-XLIONFOSSA-N,2021,Ki,7.424812
AODRELZHCYHJFT-XLIONFOSSA-N,2021,Ki,7.430041
AODRELZHCYHJFT-XLIONFOSSA-N,2021,EC50,7.010328
AODRELZHCYHJFT-XLIONFOSSA-N,2021,EC50,7.010017
AODRELZHCYHJFT-XLIONFOSSA-N,2021,EC50,7.427709
AODRELZHCYHJFT-XLIONFOSSA-N,2021,EC50,7.430041
AOEZTGSRIVCHEA-UHFFFAOYSA-N,2020,EC50,6.809668
AOEZTGSRIVCHEA-UHFFFAOYSA-N,2023,EC50,6.809668
AOMCGXSEEARDEI-FXBOJIBUSA-N,2000,Ki,7.700057
AOMZLKZZYNTVAW-UHFFFAOYSA-N,2011,Ki,6.387216
AOMZLKZZYNTVAW-UHFFFAOYSA-N,2011,Ki,6.481486
AOOSJYIINXVNHV-UHFFFAOYSA-N,2024,Ki,6.174652
AOWKBRDSGSHTGO-IRJFHVNHSA-N,2014,Ki,8.044312
AOWKBRDSGSHTGO-IRJFHVNHSA-N,2014,Ki,8.044312
APANCCIVVADHPY-UHFFFAOYSA-N,2014,Ki,6.657577
APDUBUJHUYQKMX-UHFFFAOYSA-N,2014,Ki,6.449772
APDUBUJHUYQKMX-UHFFFAOYSA-N,2014,Ki,6.450004
APECYVWEUYUQKJ-UHFFFAOYSA-N,2020,EC50,7.876148
APECYVWEUYUQKJ-UHFFFAOYSA-N,2023,EC50,7.876148
APIFLWWBMVHSHA-KRWDZBQOSA-N,2017,Ki,6.709965
APMOACCZLSVUQN-MDZDMXLPSA-N,1995,Ki,8.045757
APNJSCJYYJPREB-CMDGGOBGSA-N,2003,Ki,9.193820
APOMSSAGEAOUGO-UHFFFAOYSA-N,1999,IC50,6.920819
APOXKSCRLNZDPC-UHFFFAOYSA-N,2002,Ki,6.142668
APQHSBNBSWHBSZ-KESTWPANSA-N,2022,Ki,10.086186
APQWXABKECJSIH-UHFFFAOYSA-N,2021,IC50,5.220000
APRSYGAYLCLFDY-CYWCHRQTSA-N,2014,Ki,8.494036
APRSYGAYLCLFDY-CYWCHRQTSA-N,2014,Ki,8.494036
APSWOEYPVXOOHK-UHFFFAOYSA-N,1997,Ki,6.015023
APSWOEYPVXOOHK-UHFFFAOYSA-N,2021,Ki,6.015023
APXWTOJVYSVWJO-UHFFFAOYSA-N,2016,Ki,7.299989
APXWTOJVYSVWJO-UHFFFAOYSA-N,2019,Ki,7.329754
APXWTOJVYSVWJO-UHFFFAOYSA-N,2020,Ki,7.329754
AQCPIJGBSDFUKW-CVKSISIWSA-N,2017,Ki,9.455932
AQCPIJGBSDFUKW-CVKSISIWSA-N,2017,Ki,9.408935
AQEGXNBQOSKLDA-UHFFFAOYSA-N,2017,Ki,7.821023
AQEGXNBQOSKLDA-UHFFFAOYSA-N,2018,Ki,7.821023
AQHZNVAMLJSYRQ-UHFFFAOYSA-N,2009,Ki,5.508638
AQINCVNJJDJAMA-UHFFFAOYSA-N,2016,Ki,8.700057
AQINCVNJJDJAMA-UHFFFAOYSA-N,2019,Ki,8.649752
AQINCVNJJDJAMA-UHFFFAOYSA-N,2020,Ki,8.649752
AQKFTLWWZGTUKW-FPYGCLRLSA-N,1994,Ki,8.657577
AQKLZOVNXYAGDW-UHFFFAOYSA-N,2017,Ki,7.056011
AQKLZOVNXYAGDW-UHFFFAOYSA-N,2018,Ki,7.056011
AQLFNWINMCVDSP-QAQDUYKDSA-N,2023,Ki,8.623423
AQPYEVVJFZDJNJ-AWEZNQCLSA-N,2009,Ki,7.100015
AQPYEVVJFZDJNJ-AWEZNQCLSA-N,2009,Ki,7.100015
AQQFXOLTZFTABW-UHFFFAOYSA-N,2009,Ki,6.826814
AQUFNTHIVYHWCM-UHFFFAOYSA-N,2022,Ki,5.673808
AQZKOCOTDHBMJV-HNNHSTSXSA-N,2001,Ki,8.100015
AREYZFZATPKFNP-UHFFFAOYSA-N,2010,Ki,9.599980
ARLJJBVYIOLHMS-UHFFFAOYSA-N,2020,Ki,7.625252
AROFXNYQCSFIME-AOYPEHQESA-N,2019,Ki,6.212540
ARSLLTCMIOZESX-PNYWAOBFSA-N,2016,Ki,8.059982
ARSLLTCMIOZESX-PNYWAOBFSA-N,2016,Ki,8.000000
ARTYMOMXSPBDNS-ULQDDVLXSA-N,2023,Ki,9.823909
ARWONURFSGKTJW-UHFFFAOYSA-N,2012,Ki,6.583359
ARWONURFSGKTJW-UHFFFAOYSA-N,2014,Ki,6.583359
ARXBAOIZXCCQAV-UHFFFAOYSA-N,2016,Ki,8.799971
ARXBAOIZXCCQAV-UHFFFAOYSA-N,2019,Ki,8.749580
ARXBAOIZXCCQAV-UHFFFAOYSA-N,2020,Ki,8.749580
ARXSWHRTJLWTMT-AQYVVDRMSA-N,1997,Ki,8.318759
ARZYDJJAHRASCM-UHFFFAOYSA-N,1996,Ki,7.259637
ARZYDJJAHRASCM-UHFFFAOYSA-N,1997,Ki,7.299989
ASFIQZWALJTDCY-PMERELPUSA-N,2021,Ki,6.585027
ASFIQZWALJTDCY-UHFFFAOYSA-N,2021,Ki,6.869666
ASFIQZWALJTDCY-UHFFFAOYSA-N,2021,Ki,6.835647
ASFIQZWALJTDCY-UHFFFAOYSA-N,2021,IC50,5.820000
ASGPPKHUWWRTLM-UHFFFAOYSA-N,1999,Ki,5.167491
ASINOPIKMGWLQS-UHFFFAOYSA-N,1999,Ki,8.799971
ASINOPIKMGWLQS-UHFFFAOYSA-N,1997,Ki,8.799971
ASKCQUQTSBOXCM-UHFFFAOYSA-N,2007,Ki,6.563837
ASKCQUQTSBOXCM-UHFFFAOYSA-N,2007,EC50,6.634512
ASMVKSNPCVNVFO-UHFFFAOYSA-N,1994,Ki,7.214670
ASMWBPNCBDZFBV-UHFFFAOYSA-N,2020,Ki,4.549751
ASNREPVWGRJPSG-HUUCEWRRSA-N,1997,Ki,6.490797
ASSMUHYHXZFLKM-UHFFFAOYSA-N,2017,Ki,7.397940
ASXGJMSKWNBENU-CQSZACIVSA-N,1995,Ki,6.747147
ASXGJMSKWNBENU-UHFFFAOYSA-N,1997,Ki,6.586700
ASXGJMSKWNBENU-UHFFFAOYSA-N,1997,Ki,4.835647
ASYRWYXXPRLTPR-FNNGWQQSSA-N,2017,Ki,9.508638
ASYRWYXXPRLTPR-UHFFFAOYSA-N,2017,Ki,9.508638
ATCJEKKXEJVYOB-UHFFFAOYSA-N,2006,Ki,7.120904
ATCJEKKXEJVYOB-UHFFFAOYSA-N,2007,Ki,7.120904
ATCJEKKXEJVYOB-UHFFFAOYSA-N,2009,Ki,7.120904
ATHCQCSSVYPJIN-SAIGFBBZSA-N,2013,Ki,7.688246
ATHTVOQAJYMAOW-IGGCZAQCSA-N,2020,Ki,10.292430
ATHTVOQAJYMAOW-IGGCZAQCSA-N,2022,Ki,10.292430
ATLSVLPVZPFHBU-ONRAHDBNSA-N,2000,Ki,8.899974
ATMVGYLFYGIYDI-UHFFFAOYSA-N,2016,Ki,7.060481
ATOMZLGTVBAGNB-UHFFFAOYSA-N,2015,Ki,8.230623
AUBNLLGXUCCYFZ-UHFFFAOYSA-N,1996,Ki,6.464706
AUBVMUJWPOHAEW-UHFFFAOYSA-N,2007,Ki,9.450016
AUCTYGBZIOGIIA-UHFFFAOYSA-N,1997,Ki,7.309804
AUFOWYXFFKBIDT-UHFFFAOYSA-N,1999,Ki,8.599980
AULLQWYKPQXXNM-UHFFFAOYSA-N,2017,Ki,7.365523
AULLQWYKPQXXNM-UHFFFAOYSA-N,2018,Ki,7.365523
AUNMRXBRTMEOSJ-MGFGWZDJSA-N,2003,Ki,8.100015
AUOJYDWOWNCBRK-UHFFFAOYSA-N,2017,Ki,7.207608
AUOJYDWOWNCBRK-UHFFFAOYSA-N,2018,Ki,7.207608
AUOXZICNYGBVPT-UHFFFAOYSA-N,2010,Ki,6.913640
AUVKPZIQUZLIFO-UHFFFAOYSA-N,2022,Ki,7.090016
AUZONCFQVSMFAP-UHFFFAOYSA-N,,IC50,5.964971
AUZONCFQVSMFAP-UHFFFAOYSA-N,,Ki,6.434152
AVBOEALXXMIBAR-WGSAOQKQSA-N,2020,Ki,9.823909
AVBOEALXXMIBAR-WGSAOQKQSA-N,2022,Ki,9.823909
AVHWSQKJWQBOIR-XUTJKUGGSA-N,2014,Ki,8.657577
AVHWSQKJWQBOIR-XUTJKUGGSA-N,2014,Ki,8.657577
AVJAAHWPEDARHN-MXVIHJGJSA-N,2013,Ki,7.588380
AVKICTLBRHZUTM-UHFFFAOYSA-N,2016,Ki,7.494850
AVKICTLBRHZUTM-UHFFFAOYSA-N,2016,Ki,7.489991
AVTONHYDPSFOLQ-UHFFFAOYSA-N,2010,Ki,7.000000
AVTONHYDPSFOLQ-UHFFFAOYSA-N,2010,Ki,8.299989
AVTONHYDPSFOLQ-UHFFFAOYSA-N,2010,Ki,8.700057
AVWMISMTBOIUJI-UAPYVXQJSA-N,2022,Ki,9.161151
AVYIORKUKBQLOA-WGSAOQKQSA-N,2013,Ki,7.714443
AWFGXHAQIOOJCD-UHFFFAOYSA-N,2020,Ki,5.486782
AWIYLVWAILOVMX-RLAPIPATSA-N,2012,Ki,8.387216
AWIYLVWAILOVMX-UHFFFAOYSA-N,2014,Ki,8.387216
AWJOAMPQOUEKCN-KDYSTLNUSA-N,2010,Ki,9.599980
AWJOAMPQOUEKCN-UHFFFAOYSA-N,2010,Ki,9.100015
AWKDBQYMZZKKJX-UHFFFAOYSA-N,2009,Ki,5.823909
AWLLDUFWUOASGN-UHFFFAOYSA-N,2019,Ki,9.301030
AWSNADYOKQXJRZ-BTNBVRMJSA-N,2016,Ki,7.940058
AWSNADYOKQXJRZ-BTNBVRMJSA-N,2016,Ki,8.000000
AWTSHTNAYPKBLJ-JKIUYZKVSA-N,2014,Ki,8.214670
AWTSHTNAYPKBLJ-JKIUYZKVSA-N,2014,Ki,8.214670
AWWFUJHGYZGUBS-UHFFFAOYSA-N,2020,EC50,6.575118
AWWFUJHGYZGUBS-UHFFFAOYSA-N,2023,EC50,6.575118
AWWFUJHGYZGUBS-UHFFFAOYSA-N,2023,EC50,6.575118
AXBFMZJKFVTDQU-UHFFFAOYSA-N,2020,EC50,6.943095
AXBFMZJKFVTDQU-UHFFFAOYSA-N,2023,EC50,6.943095
AXGNSCJOHWKGNC-NZFXNERUSA-N,2023,Ki,9.886057
AXJOWWAHGHUVEF-UHFFFAOYSA-N,2019,Ki,5.434034
AXPMHZJZVFNEBY-KRWDZBQOSA-N,1997,Ki,6.340084
AXPMHZJZVFNEBY-QGZVFWFLSA-N,1997,Ki,6.657577
AXPMHZJZVFNEBY-UHFFFAOYSA-N,1997,Ki,6.270026
AXPWNFAVTPIWHV-HATOLVCRSA-N,2008,Ki,7.809668
AXPWNFAVTPIWHV-HATOLVCRSA-N,2008,IC50,7.910095
AXPWNFAVTPIWHV-HATOLVCRSA-N,2009,Ki,7.602060
AXVLPJHYYFHCHK-UHFFFAOYSA-N,2024,Ki,5.668650
AXWHEAPHZLQQJC-JCNLHEQBSA-N,2023,Ki,10.000000
AXXFMVNEFOELFG-LBEPJEHYSA-N,2020,Ki,9.366532
AXXFMVNEFOELFG-LBEPJEHYSA-N,2022,Ki,9.366532
AXXQKOQTXHLIQM-UHFFFAOYSA-N,2017,Ki,5.992252
AXXQKOQTXHLIQM-UHFFFAOYSA-N,2018,Ki,5.992252
AXXXFCGETBIMKI-UHFFFAOYSA-N,1997,Ki,6.628932
AXXXFCGETBIMKI-UHFFFAOYSA-N,2005,Ki,6.630005
AXZLMPRGGDXHFB-UHFFFAOYSA-N,2023,Ki,9.408935
AYAGATABYZSYEZ-FCMXBYMOSA-N,2014,Ki,8.357535
AYAGATABYZSYEZ-FCMXBYMOSA-N,2014,Ki,8.357535
AYAGRFXLIOXRCZ-UHFFFAOYSA-N,2014,Ki,6.841638
AYASVQUVBANNHG-UHFFFAOYSA-N,2015,Ki,4.744727
AYDQEBMCUGUQLW-UHFFFAOYSA-N,2010,Ki,8.400008
AYOYRQBAZIBAOY-UHFFFAOYSA-N,2011,Ki,8.244125
AYPVCAPOVVHYNK-XGAFWQRZSA-N,2014,Ki,8.050610
AYPVCAPOVVHYNK-XGAFWQRZSA-N,2014,Ki,8.050610
AYQGEWALVNGKIC-AQYVVDRMSA-N,2014,Ki,8.548214
AYQGEWALVNGKIC-AQYVVDRMSA-N,2014,Ki,8.548214
AYSGDGVMVFJUQY-JKIUYZKVSA-N,2014,Ki,8.343902
AYSGDGVMVFJUQY-JKIUYZKVSA-N,2014,Ki,8.343902
AZDUCQAJTYHBKO-UHFFFAOYSA-N,2007,Ki,6.140261
AZFDKPLHCSQHQI-LUGTWXOSSA-N,2013,Ki,8.276544
AZFDKPLHCSQHQI-LUGTWXOSSA-N,2013,Ki,8.276544
AZGSWFQAJQTIDP-UHFFFAOYSA-N,1997,Ki,7.251812
AZHWBKISPLORGA-UHFFFAOYSA-N,2007,Ki,9.599980
AZIHSCHAYYVWIY-UHFFFAOYSA-N,2007,Ki,9.100015
AZJRPMAIBIEISW-TZMCWYRMSA-N,1997,Ki,6.699992
AZLZBFGPTAMGJG-UHFFFAOYSA-N,2017,Ki,6.628932
AZNYLBLMCWHLSK-UHFFFAOYSA-N,2023,Ki,5.809668
AZNYLBLMCWHLSK-UHFFFAOYSA-N,2023,IC50,4.619789
AZORJLGCYRQCSX-UHFFFAOYSA-N,2009,Ki,8.799971
AZQFGKSDCVQAHH-IYARVYRRSA-N,2013,Ki,8.111259
AZSVWQHBZVBKES-BJKOFHAPSA-N,2023,Ki,7.974694
AZTUVZSKZZUSFU-SNAWJCMRSA-N,2011,Ki,7.739929
AZZXYTBUUQBLGH-AOYPEHQESA-N,2021,Ki,7.701147
BACBDGDLWOOPAD-JIBACQESSA-N,2014,Ki,8.061230
BACBDGDLWOOPAD-JIBACQESSA-N,2014,Ki,8.061230
BADALEVDXACSLP-UHFFFAOYSA-N,2016,Ki,7.795880
BADZIIJBCNPURN-GCJKJVERSA-N,2016,Ki,8.759950
BAGJQDYWVPCFCU-UHFFFAOYSA-N,2004,Ki,8.853872
BAGJQDYWVPCFCU-UHFFFAOYSA-N,2009,IC50,7.640165
BAGJQDYWVPCFCU-UHFFFAOYSA-N,2009,Ki,9.142668
BAINIUMDFURPJM-UHFFFAOYSA-N,2003,Ki,7.202732
BAIQIYFEFBFWGO-UHFFFAOYSA-N,2020,Ki,7.486782
BAJOTSCRNKRKED-UHFFFAOYSA-N,2000,Ki,7.958607
BARYHSADJVEXIX-HXUWFJFHSA-N,1994,Ki,7.229148
BATHQYAQIQGDNM-UHFFFAOYSA-N,1999,Ki,6.619789
BBDKMDPFSHNKJZ-UHFFFAOYSA-N,2012,Ki,6.769551
BBKTWQKIEOQFST-UHFFFAOYSA-N,2020,Ki,7.000000
BBOKZSYVAQYXBY-UHFFFAOYSA-N,2012,Ki,6.795880
BBRKEERFZOYHTK-MRXNPFEDSA-N,1994,Ki,5.667562
BCFBGMFQLQASNB-UHFFFAOYSA-N,1996,Ki,6.136083
BCTPODDQZONFKA-AWEZNQCLSA-N,1997,Ki,7.705534
BCTPODDQZONFKA-CQSZACIVSA-N,1997,Ki,8.468521
BCTPODDQZONFKA-UHFFFAOYSA-N,1997,Ki,8.301030
BCTUVZJFJIFLND-GJZUVCINSA-N,2016,Ki,9.070019
BCUKGZFJMQMVDC-UHFFFAOYSA-N,2023,EC50,7.215383
BCWFLMWROQYMGK-UHFFFAOYSA-N,2009,Ki,6.645892
BCXCDTKLXHURCX-AWEZNQCLSA-N,2005,Ki,6.240000
BCXCDTKLXHURCX-CQSZACIVSA-N,2001,Ki,6.251812
BCXCDTKLXHURCX-CQSZACIVSA-N,2005,Ki,5.779999
BDDILKIYGPCTCK-PKNBQFBNSA-N,2003,Ki,8.892790
BDECJFBHDUVJRU-UHFFFAOYSA-N,2018,Ki,6.756962
BDHDIEVXYUODTG-XYWHTSSQSA-N,1998,Ki,8.431798
BDHGPAIGJFULDV-UHFFFAOYSA-N,2016,Ki,6.917215
BDMFEHDPFNGHCK-UHFFFAOYSA-N,2017,Ki,5.721246
BDPXTGHWVMUJCT-OAQYLSRUSA-N,2000,Ki,6.000000
BDRCTGAXOWRNQU-UHFFFAOYSA-N,2008,Ki,6.499997
BDUVGZUKNGPFEZ-UHFFFAOYSA-N,2021,Ki,6.537602
BDVZIVZVOKPJKK-UHFFFAOYSA-N,2022,Ki,9.006564
BEKQWPIRNPOIER-UHFFFAOYSA-N,2011,Ki,6.718967
BEKYXSCBRPYPCE-IRJFHVNHSA-N,1998,Ki,7.397940
BELDCHWNXBXUAP-FWNKOSSWSA-N,2020,Ki,9.356547
BELDCHWNXBXUAP-FWNKOSSWSA-N,2022,Ki,9.356547
BETHXCLHMRGYBW-UHFFFAOYSA-N,2006,Ki,5.971022
BETHXCLHMRGYBW-UHFFFAOYSA-N,2006,Ki,5.929224
BETHXCLHMRGYBW-UHFFFAOYSA-N,2009,Ki,6.698970
BEVNTRQRKQFZTA-UCWUDVSLSA-N,2014,Ki,9.060481
BEVNTRQRKQFZTA-UCWUDVSLSA-N,2014,Ki,9.060481
BEXZDWKMMJPZCQ-INIZCTEOSA-N,2005,Ki,7.219971
BEXZDWKMMJPZCQ-MRXNPFEDSA-N,2005,Ki,5.220000
BEYHWKKZIDOJLS-LOSJGSFVSA-N,2023,Ki,7.096367
BEYHWKKZIDOJLS-LOSJGSFVSA-N,2023,IC50,5.260000
BEYHWKKZIDOJLS-LOSJGSFVSA-N,2023,EC50,5.263922
BEYYMPWIMDYWDO-UHFFFAOYSA-N,2012,Ki,7.107905
BFCDFTHTSVTWOG-UHFFFAOYSA-N,,IC50,5.676975
BFCDFTHTSVTWOG-UHFFFAOYSA-N,,Ki,6.145998
BFHHRFYYBLXMIN-KESTWPANSA-N,2014,Ki,8.657577
BFHHRFYYBLXMIN-KESTWPANSA-N,2014,Ki,8.657577
BFIAPIAYPVHYPQ-UHFFFAOYSA-N,2008,Ki,8.199971
BFIOLCNMADQXRL-XUTJKUGGSA-N,2014,Ki,7.186419
BFIOLCNMADQXRL-XUTJKUGGSA-N,2014,Ki,7.186419
BFNRVMJMTPNWFK-UHFFFAOYSA-N,2007,Ki,6.970616
BFNRVMJMTPNWFK-UHFFFAOYSA-N,2021,Ki,6.970616
BFQHXMFESCIHFB-UHFFFAOYSA-N,2018,Ki,7.920819
BFSKPRUNBBMNCF-UHFFFAOYSA-N,2023,IC50,6.022276
BFVNEYDCFJNLGN-UHFFFAOYSA-N,2024,Ki,6.568878
BFYNQIVBIQGLJA-QFIPXVFZSA-N,2023,Ki,6.571865
BGBRLHVYFFIIIM-JCTBFJPBSA-N,2023,Ki,10.013228
BGDWIZDSYFKVEK-UHFFFAOYSA-N,2017,Ki,8.585027
BGDWIZDSYFKVEK-UHFFFAOYSA-N,2018,Ki,8.585027
BGDWLXHOUQZPOK-UKRRQHHQSA-N,1997,Ki,7.100015
BGEAJJAWRXRQLO-UHFFFAOYSA-N,1997,Ki,9.500038
BGEAJJAWRXRQLO-UHFFFAOYSA-N,1996,Ki,9.500038
BGFGEEWUHSNXQC-UHFFFAOYSA-N,2021,Ki,7.244125
BGGURFWLEHSLEY-SFHVURJKSA-N,2023,Ki,6.239578
BGJDVOKZOHLJPT-UHFFFAOYSA-N,1999,Ki,6.769551
BGJXBVUWLFEJNM-CVDCTZTESA-N,2016,Ki,8.110026
BGJXBVUWLFEJNM-XXBNENTESA-N,2016,Ki,9.100015
BGJXBVUWLFEJNM-XXBNENTESA-N,2016,Ki,9.100015
BGKKQDRMVVBUET-UHFFFAOYSA-N,2009,Ki,8.100015
BGMDLAIZBKXVQQ-SECBINFHSA-N,1997,Ki,5.609241
BGMQCQHMPBHOMK-UHFFFAOYSA-N,2012,Ki,6.958607
BGQYARRWAJPAOC-KJDSRRNHSA-N,2023,Ki,10.455932
BGRFOPBDZYUOMJ-CTNGQTDRSA-N,2019,Ki,7.570248
BGRFOPBDZYUOMJ-CTNGQTDRSA-N,2020,Ki,7.570248
BGRFOPBDZYUOMJ-PZJWPPBQSA-N,2019,Ki,8.159894
BGRFOPBDZYUOMJ-PZJWPPBQSA-N,2020,Ki,8.159894
BGRFOPBDZYUOMJ-UHFFFAOYSA-N,2016,Ki,7.599980
BGRFOPBDZYUOMJ-UHFFFAOYSA-N,2016,Ki,8.199971
BGRFOPBDZYUOMJ-UHFFFAOYSA-N,2016,Ki,7.899974
BGRFOPBDZYUOMJ-UHFFFAOYSA-N,2019,Ki,7.939302
BGRFOPBDZYUOMJ-UHFFFAOYSA-N,2020,Ki,7.939302
BGRJTUBHPOOWDU-NSHDSACASA-N,2000,Ki,7.055517
BGRJTUBHPOOWDU-NSHDSACASA-N,1999,Ki,7.055517
BGRJTUBHPOOWDU-NSHDSACASA-N,,IC50,6.910095
BGRJTUBHPOOWDU-NSHDSACASA-N,,Ki,7.376751
BGRJTUBHPOOWDU-UHFFFAOYSA-N,2003,Ki,8.096910
BGRJTUBHPOOWDU-UHFFFAOYSA-N,2005,Ki,6.920819
BGRJTUBHPOOWDU-UHFFFAOYSA-N,2011,IC50,6.251812
BGRJTUBHPOOWDU-UHFFFAOYSA-N,2011,IC50,7.179011
BGRJTUBHPOOWDU-UHFFFAOYSA-N,,IC50,6.772113
BGRJTUBHPOOWDU-UHFFFAOYSA-N,,Ki,7.244125
BGRJTUBHPOOWDU-UHFFFAOYSA-N,2017,Kd,7.400008
BGRJTUBHPOOWDU-UHFFFAOYSA-N,2023,IC50,7.160522
BGSFWUHHMGJEBX-UHFFFAOYSA-N,2023,Ki,5.142668
BGSFWUHHMGJEBX-UHFFFAOYSA-N,2023,EC50,5.421361
BGSFWUHHMGJEBX-UHFFFAOYSA-N,2023,IC50,5.056505
BGXXETBYBGTKEP-UHFFFAOYSA-N,2013,Ki,5.292430
BHCGEYUCUMFGQX-SNAWJCMRSA-N,2005,Ki,9.221849
BHFHISLIGZMIKQ-WGSAOQKQSA-N,2023,Ki,9.431798
BHMLBWLDIQFCIS-UHFFFAOYSA-N,2014,Ki,6.829738
BHNXJQYCDCKDKH-LAUBAEHRSA-N,2019,Ki,8.749580
BHNXJQYCDCKDKH-LAUBAEHRSA-N,2020,Ki,8.749580
BHNXJQYCDCKDKH-UHFFFAOYSA-N,2019,Ki,9.279841
BHNXJQYCDCKDKH-UHFFFAOYSA-N,2020,Ki,9.279841
BHNXJQYCDCKDKH-UTKZUKDTSA-N,2019,Ki,9.289883
BHNXJQYCDCKDKH-UTKZUKDTSA-N,2020,Ki,9.289883
BHUNVFVEHNURLZ-UHFFFAOYSA-N,2007,Ki,5.401866
BHVASJSYMURYLK-UHFFFAOYSA-N,2007,Ki,8.251812
BHVCUILNYRRCIE-UHFFFAOYSA-N,2017,EC50,6.481486
BHWFWVGETJBMKF-IAGOWNOFSA-N,2009,Ki,7.720105
BHXTZGOVTCBSLC-UHFFFAOYSA-N,2023,Ki,6.134304
BIARYCFROFVWEW-UHFFFAOYSA-N,2006,Ki,5.508638
BIIZSYSIBVAOCG-JOLHVKOESA-N,2014,Ki,7.679646
BIIZSYSIBVAOCG-JOLHVKOESA-N,2014,Ki,7.679646
BIJSJQXDPUAQLO-UADZTWIMSA-N,2010,Ki,9.199971
BIMVUZQTSDREEH-FXAWDEMLSA-N,1999,Ki,7.700057
BIMVUZQTSDREEH-UHFFFAOYSA-N,1999,Ki,7.899974
BIMVUZQTSDREEH-XLIONFOSSA-N,1999,Ki,8.000000
BISFCURDZAXFKN-UHFFFAOYSA-N,2025,Ki,4.503070
BISVFNHMXVNVMG-UHFFFAOYSA-N,1998,Ki,7.539102
BISVFNHMXVNVMG-UHFFFAOYSA-N,1998,Ki,7.539102
BISVFNHMXVNVMG-UHFFFAOYSA-N,2013,Ki,7.539102
BIWLJQPOPQOPKB-KBXCAEBGSA-N,1997,Ki,7.568636
BIWLJQPOPQOPKB-KBXCAEBGSA-N,2003,Ki,7.568636
BIYGZOAYJAQYDW-JKIUYZKVSA-N,2020,Ki,9.180456
BIYGZOAYJAQYDW-JKIUYZKVSA-N,2022,Ki,9.180456
BIZMGZSJEDDVNF-UHFFFAOYSA-N,2021,Ki,7.070019
BIZMGZSJEDDVNF-UHFFFAOYSA-N,2021,EC50,6.549997
BJGOULYFYANDMK-CQSZACIVSA-N,1994,Ki,6.109579
BJWYIHWMKMZYRS-IBGZPJMESA-N,2003,Ki,4.886057
BJWYIHWMKMZYRS-LJQANCHMSA-N,2003,Ki,4.886057
BKCOTBJYDGSUFC-UHFFFAOYSA-N,1996,Ki,7.091515
BKCOTBJYDGSUFC-UHFFFAOYSA-N,1997,Ki,7.096910
BKGCONUTJMJLTI-SAIGFBBZSA-N,2014,Ki,7.601366
BKGCONUTJMJLTI-SAIGFBBZSA-N,2014,Ki,7.601366
BKHJHBMOHZNYEP-UHFFFAOYSA-N,1999,Ki,8.939302
BKHZTSXNFSOLCO-UHFFFAOYSA-N,2020,EC50,5.031517
BKHZTSXNFSOLCO-UHFFFAOYSA-N,2023,EC50,5.031517
BKICZVHEIHZFNF-RUCARUNLSA-N,2014,Ki,8.086769
BKICZVHEIHZFNF-RUCARUNLSA-N,2014,Ki,8.086769
BKIDSLXJSKMVCJ-UHFFFAOYSA-N,2017,Ki,7.823909
BKIDSLXJSKMVCJ-UHFFFAOYSA-N,2017,EC50,7.568636
BKIDSLXJSKMVCJ-UHFFFAOYSA-N,2017,EC50,7.569925
BKJGKGPGPACEQW-JTQLQIEISA-N,1993,Ki,9.795880
BKLNFYXUBNZNOT-UHFFFAOYSA-N,2009,Ki,6.679999
BKMRLPDOTVKGIM-UHFFFAOYSA-N,2010,Ki,7.221126
BKMZKOFYOHRYLE-UHFFFAOYSA-N,2015,Ki,8.017729
BKNAUTOAXGRBHL-QRTMHTFLSA-N,2023,Ki,9.318759
BKNMXUNXXKWRNR-UHFFFAOYSA-N,2006,Ki,8.267606
BKRGVLQUQGGVSM-KBXCAEBGSA-N,1997,Ki,8.769551
BKRGVLQUQGGVSM-KBXCAEBGSA-N,2005,Ki,9.849858
BKRGVLQUQGGVSM-KBXCAEBGSA-N,,IC50,9.761954
BKRGVLQUQGGVSM-KBXCAEBGSA-N,,Ki,10.229148
BKRGVLQUQGGVSM-KBXCAEBGSA-N,2024,Ki,8.769551
BKRGVLQUQGGVSM-KSSFIOAISA-N,2005,Ki,8.460046
BKXQCWSMFGHWQZ-UHFFFAOYSA-N,2020,Ki,7.404504
BKYLOINGTUMEIT-KESTWPANSA-N,2014,Ki,9.075721
BKYLOINGTUMEIT-KESTWPANSA-N,2014,Ki,9.075721
BLGOAHHKRXNKKY-UHFFFAOYSA-N,2020,Ki,6.899629
BLLNREQHFDCHGW-UHFFFAOYSA-N,2001,Ki,4.638272
BLMDJHOZZKURJN-ZDUIXAHXSA-N,2009,Ki,7.599980
BLMDJHOZZKURJN-ZDUIXAHXSA-N,2009,Ki,7.599980
BLOYMTYODPJJPK-UHFFFAOYSA-N,2025,Ki,5.580000
BLQLPPFWAKBJSW-GHTZIAJQSA-N,2019,Ki,8.149967
BLQLPPFWAKBJSW-GHTZIAJQSA-N,2020,Ki,8.149967
BLQLPPFWAKBJSW-NQIIRXRSSA-N,2019,Ki,8.669586
BLQLPPFWAKBJSW-NQIIRXRSSA-N,2020,Ki,8.669586
BLQLPPFWAKBJSW-UHFFFAOYSA-N,2016,Ki,8.500038
BLQLPPFWAKBJSW-UHFFFAOYSA-N,2019,Ki,8.449772
BLQLPPFWAKBJSW-UHFFFAOYSA-N,2020,Ki,8.449772
BLSQLHNBWJLIBQ-UHFFFAOYSA-N,,IC50,5.326795
BLSQLHNBWJLIBQ-UHFFFAOYSA-N,,Ki,5.795880
BLTHFABFQPUZNT-UHFFFAOYSA-N,2006,Ki,7.447332
BLTQTSIKHDZFTP-QPPLWRQOSA-N,2020,Ki,10.096910
BLTQTSIKHDZFTP-QPPLWRQOSA-N,2022,Ki,10.096910
BLVKQYQCYGVTBD-UHFFFAOYSA-N,2013,Ki,7.279841
BLWCTYMJGSOQFX-UHFFFAOYSA-N,2019,Ki,7.869666
BLWCTYMJGSOQFX-UHFFFAOYSA-N,2020,Ki,7.869666
BLYMJBIZMIGWFK-HNNXBMFYSA-N,1996,Ki,7.236572
BLYMJBIZMIGWFK-OAHLLOKOSA-N,1997,Ki,9.221849
BLYMJBIZMIGWFK-OAHLLOKOSA-N,2002,Ki,9.244125
BLYMJBIZMIGWFK-OAHLLOKOSA-N,2003,Ki,8.657577
BLYMJBIZMIGWFK-OAHLLOKOSA-N,1996,Ki,9.244125
BLYMJBIZMIGWFK-OAHLLOKOSA-N,2001,Ki,8.096910
BLYMJBIZMIGWFK-OAHLLOKOSA-N,2001,Ki,8.045757
BLYMJBIZMIGWFK-OAHLLOKOSA-N,2005,Ki,9.100015
BLYMJBIZMIGWFK-OAHLLOKOSA-N,2008,Ki,8.628932
BLYMJBIZMIGWFK-OAHLLOKOSA-N,2010,Ki,8.628932
BLYMJBIZMIGWFK-UHFFFAOYSA-N,1997,Ki,8.853872
BLYMJBIZMIGWFK-UHFFFAOYSA-N,1994,Ki,8.537602
BLYMJBIZMIGWFK-UHFFFAOYSA-N,2008,EC50,9.274905
BLYMJBIZMIGWFK-UHFFFAOYSA-N,2008,Ki,8.443697
BLYMJBIZMIGWFK-UHFFFAOYSA-N,2008,Ki,5.853872
BLYMJBIZMIGWFK-UHFFFAOYSA-N,2008,Ki,6.568636
BLYMJBIZMIGWFK-UHFFFAOYSA-N,2010,Ki,8.628932
BLYMJBIZMIGWFK-UHFFFAOYSA-N,2012,EC50,9.022276
BLYMJBIZMIGWFK-UHFFFAOYSA-N,2012,Ki,8.161151
BLYMJBIZMIGWFK-UHFFFAOYSA-N,2016,Ki,8.826814
BLYMJBIZMIGWFK-UHFFFAOYSA-N,2016,Ki,8.756962
BMCZTYDZHNTKPR-INIZCTEOSA-N,2017,Ki,6.581699
BMFWFJCGDHHUGP-QHJNGHOISA-N,2000,Ki,8.500038
BMHXCPOIQRDOEJ-UHFFFAOYSA-N,2002,Ki,7.698970
BMJBTCPPCWVRKS-UHFFFAOYSA-N,2010,IC50,5.616903
BMLRTLPESFVXBM-UHFFFAOYSA-N,2014,Ki,7.387216
BMOMPPTVRLYMKB-KESTWPANSA-N,1997,Ki,8.096910
BMPOKXVXNLPKTD-UHFFFAOYSA-N,1995,Ki,7.568636
BMPOKXVXNLPKTD-UHFFFAOYSA-N,2013,Ki,7.568636
BNBJYVKSFPTBHW-BJMVGYQFSA-N,1999,Ki,8.000000
BNFWJAQYVFRKRJ-VQTJNVASSA-N,2023,Ki,8.823909
BNGQWOSQOPVKCC-HCGLCNNCSA-N,2013,Ki,7.353596
BNLMWAKHHJZPTH-UHFFFAOYSA-N,2002,Ki,6.787812
BNSLCCULUHMZBQ-KESTWPANSA-N,2023,Ki,9.537602
BNTGVINQADRYBE-UHFFFAOYSA-N,2023,Ki,5.648011
BNTGVINQADRYBE-UHFFFAOYSA-N,2021,Ki,5.647982
BNTGVINQADRYBE-UHFFFAOYSA-N,2021,Ki,5.720000
BNYKYKBRFUPQSI-UHFFFAOYSA-N,2014,Ki,7.958607
BNYKYKBRFUPQSI-UHFFFAOYSA-N,2014,IC50,8.251812
BODKZKXTTLFUIE-UHFFFAOYSA-N,2021,Ki,6.390406
BODKZKXTTLFUIE-UHFFFAOYSA-N,2021,Ki,6.390000
BOIPWYRNMCLWCD-UHFFFAOYSA-N,2018,Ki,6.578396
BONDCIXLHQKYHM-UHFFFAOYSA-N,1996,Ki,6.568636
BOPVQJAIGZUFJL-UHFFFAOYSA-N,2023,EC50,6.386158
BOTMSPLRFWVABA-OAHLLOKOSA-N,1994,Ki,5.835350
BOUDGQUEAMMTAE-UHFFFAOYSA-N,2015,Ki,8.795880
BOZKQWIJJRYLLZ-UHFFFAOYSA-N,2020,EC50,7.008774
BPDDCCYSOYRMEC-UHFFFAOYSA-N,2012,Ki,6.640165
BPDDCCYSOYRMEC-UHFFFAOYSA-N,2014,Ki,6.640165
BPHVHUHFXREQBY-UHFFFAOYSA-N,2014,Ki,5.640165
BPMOXLBZGFFVMW-UHFFFAOYSA-N,2006,Ki,5.943095
BPQYPRDZEFGRKD-UHFFFAOYSA-N,2013,Ki,7.351640
BPRNMVDTWIHULJ-AWEZNQCLSA-N,2024,Ki,6.236048
BPUNMKZAKLYZGJ-PAVFIEEWSA-N,2023,Ki,9.091515
BPXIOWINQPQVOY-UHFFFAOYSA-N,2004,Ki,5.330962
BPXOVNRRDFBZBM-UHFFFAOYSA-N,2009,Ki,5.568636
BPZSYCZIITTYBL-UHFFFAOYSA-N,2014,Ki,5.788879
BQBVMBGNTSPRNK-UHFFFAOYSA-N,1997,Ki,7.769551
BQBVMBGNTSPRNK-UHFFFAOYSA-N,2005,Ki,7.770062
BQDBKDMTIJBJLA-UHFFFAOYSA-N,2015,Ki,9.214670
BQDBKDMTIJBJLA-UHFFFAOYSA-N,2015,Ki,9.214670
BQDGJNNXKPPHKX-UHFFFAOYSA-N,2016,Ki,8.886057
BQDVGVNUGZSYNV-UHFFFAOYSA-N,2019,Ki,8.329754
BQDVGVNUGZSYNV-UHFFFAOYSA-N,2020,Ki,8.329754
BQFKTGZILBPMOY-PGWJBFNOSA-N,2003,Ki,8.199971
BQGJUXXCNWSZIZ-KESTWPANSA-N,2014,Ki,8.638272
BQGJUXXCNWSZIZ-KESTWPANSA-N,2014,Ki,8.638272
BQJVXLMFXRFJSZ-UHFFFAOYSA-N,2006,Ki,7.621602
BQOOCNJGXJVXRO-UHFFFAOYSA-N,2020,EC50,8.522879
BQOOCNJGXJVXRO-UHFFFAOYSA-N,2023,EC50,8.522879
BQOOCNJGXJVXRO-UHFFFAOYSA-N,2023,EC50,8.522879
BQOUGDGGUWVLTD-UHFFFAOYSA-N,2010,Ki,5.300000
BQPDOZCUUSRJDC-LADGPHEKSA-N,2021,Ki,9.352617
BQPNZSMRHBTJNY-UHFFFAOYSA-N,2020,Ki,7.253366
BQTAJAHHYFXDDH-UHFFFAOYSA-N,2007,Ki,9.397940
BQTAJAHHYFXDDH-UHFFFAOYSA-N,2007,IC50,8.537602
BQYLCESBRUFPJL-UHFFFAOYSA-N,1999,Ki,6.657577
BRANQVYSEMSFOV-XUTJKUGGSA-N,2013,Ki,8.301030
BRANQVYSEMSFOV-XUTJKUGGSA-N,2013,Ki,8.301030
BRCGEGLQMCNETQ-UHFFFAOYSA-N,2023,Ki,9.309804
BRDXGAAIKJJGNB-UHFFFAOYSA-N,1996,Ki,7.700057
BRIATAZJUYBSAJ-INIZCTEOSA-N,2017,Ki,6.428291
BRJGIZVBTXYEBD-UHFFFAOYSA-N,2014,Ki,8.221849
BRJGIZVBTXYEBD-UHFFFAOYSA-N,2014,EC50,8.299989
BRJGIZVBTXYEBD-UHFFFAOYSA-N,2014,EC50,8.301030
BRLKFLGNILMDCZ-UHFFFAOYSA-N,2024,EC50,4.229148
BRNFEWAEDMSDHL-UHFFFAOYSA-N,2003,Ki,8.107905
BRPYNELBFAAPRA-UHFFFAOYSA-N,1997,Ki,7.299989
BRSSDADOMRUGSY-RUCARUNLSA-N,2014,Ki,9.207608
BRZAPKIDJOPKEJ-UHFFFAOYSA-N,1997,Ki,5.468521
BSDZATNMASVMIK-UHFFFAOYSA-N,2006,Ki,6.173925
BSEWDIKTFVQRJH-UHFFFAOYSA-N,2020,Ki,7.576754
BSHSURCBEXYRBE-UAPYVXQJSA-N,2023,Ki,9.522879
BSICDIBRXJYNPB-UHFFFAOYSA-N,2019,Ki,7.070581
BSIYFWFTDCENGZ-ONEGZZNKSA-N,2011,Ki,8.075721
BSOLCASXROXPRZ-MQSINFNDSA-N,2005,Ki,8.958607
BSOLCASXROXPRZ-MQSINFNDSA-N,2005,Ki,7.721246
BSOLCASXROXPRZ-MUKKUYKPSA-N,2005,Ki,7.823909
BSOLCASXROXPRZ-SHZHJNINSA-N,2005,Ki,8.065502
BSQJXUKPWMUTBT-UHFFFAOYSA-N,2023,Ki,6.540608
BSQJXUKPWMUTBT-UHFFFAOYSA-N,2023,IC50,6.324222
BSVRQWRWWJQETN-UHFFFAOYSA-N,2014,Ki,7.721246
BSVRQWRWWJQETN-UHFFFAOYSA-N,2017,Ki,7.725842
BSVRQWRWWJQETN-UHFFFAOYSA-N,2018,Ki,7.725842
BSWBATABCUZHGT-UHFFFAOYSA-N,2007,Ki,6.835647
BSWZSZOYSSLNOY-IHRKKFBRSA-N,2020,Ki,9.508638
BSWZSZOYSSLNOY-IHRKKFBRSA-N,2022,Ki,9.508638
BTBOPEIOYRBCDM-UHFFFAOYSA-N,2002,Ki,5.805208
BTEHEQVRGFEGCF-UWBLVGDVSA-N,2017,Ki,6.346787
BTEMXIHCAGOPHX-UHFFFAOYSA-N,2021,Ki,8.017729
BTEMXIHCAGOPHX-UHFFFAOYSA-N,2021,IC50,7.195861
BTGAJCKRXPNBFI-OAHLLOKOSA-N,2011,Ki,9.356547
BTGAJCKRXPNBFI-OAHLLOKOSA-N,2014,Ki,8.718967
BTGAJCKRXPNBFI-OAHLLOKOSA-N,2014,Ki,8.739929
BTGKFNRKGQRPEP-QAQDUYKDSA-N,2023,Ki,9.327902
BTJHDQFIFDTGOW-UHFFFAOYSA-N,2012,Ki,5.598599
BTJSYOUOQORWBA-UHFFFAOYSA-N,2016,Ki,6.958607
BTNRAFHTPKZOBC-UHFFFAOYSA-N,2008,Ki,8.539102
BTOJYCTUJJHANF-WMLDXEAASA-N,1993,Ki,8.397940
BTOJYCTUJJHANF-WMLDXEAASA-N,1996,Ki,7.899974
BTOJYCTUJJHANF-WMLDXEAASA-N,1997,Ki,8.376751
BTOJYCTUJJHANF-WMLDXEAASA-N,1994,Ki,8.376751
BTQXZESHJSOQFU-UHFFFAOYSA-N,2019,Ki,8.080922
BTSCZNWXJQSJIE-UHFFFAOYSA-N,2002,IC50,6.770011
BTSCZNWXJQSJIE-UHFFFAOYSA-N,2002,IC50,6.770011
BTSCZNWXJQSJIE-UHFFFAOYSA-N,2002,IC50,6.770011
BTSMIVQFEUCDAW-UHFFFAOYSA-N,2016,Ki,6.349692
BTSMIVQFEUCDAW-UHFFFAOYSA-N,2016,Ki,6.350003
BTXNYTINYBABQR-UHFFFAOYSA-N,2010,Ki,7.462181
BUGPNBWJWYNHNL-UHFFFAOYSA-N,2022,Ki,5.809999
BUGYAANIQPCORQ-UHFFFAOYSA-N,1999,Ki,5.154902
BUHDSUFFPNBSGG-UHFFFAOYSA-N,2002,Ki,8.327902
BUJDRHDSUWKHNQ-UHFFFAOYSA-N,2019,Ki,7.106238
BUNARIUEVNWERA-QAQDUYKDSA-N,2013,Ki,8.366532
BUSRXNBLQQVZCO-NRFANRHFSA-N,2007,Ki,8.292430
BUSRXNBLQQVZCO-OAQYLSRUSA-N,2007,Ki,8.677781
BVAQJIHTMVINPX-YLJYHZDGSA-N,2021,Ki,8.283997
BVBIAGFWBHXIBM-QGZVFWFLSA-N,2011,Ki,5.657577
BVBIAGFWBHXIBM-QGZVFWFLSA-N,2011,Ki,8.721246
BVCCYDFGXLDTIH-WGSAOQKQSA-N,2020,Ki,9.795880
BVCCYDFGXLDTIH-WGSAOQKQSA-N,2022,Ki,9.795880
BVDCRVMWNQTQFJ-UHFFFAOYSA-N,2003,Ki,5.000000
BVDQINYYEZPHTR-UHFFFAOYSA-N,1999,Ki,5.886057
BVFIHIUYFGGHND-UHFFFAOYSA-N,2018,Ki,8.568636
BVLKCMNJCFXMPO-IBGZPJMESA-N,2021,Ki,7.690370
BVMLPMCCWDUGDH-UHFFFAOYSA-N,2008,Ki,6.499997
BVNLTQWFLUIWRX-UHFFFAOYSA-N,1999,Ki,7.799971
BVPWJMCABCPUQY-UHFFFAOYSA-N,1993,Ki,7.982967
BVPWJMCABCPUQY-UHFFFAOYSA-N,2003,Ki,6.769551
BVVYFGNETCYNNY-UHFFFAOYSA-N,2010,Ki,8.799971
BVXJKDHFRHNSRI-LJQANCHMSA-N,2006,Ki,7.187755
BVXSVALQOFIYSP-UHFFFAOYSA-N,2006,Ki,7.142668
BVXSVALQOFIYSP-UHFFFAOYSA-N,2007,Ki,7.140022
BVXTUFOXINIFQV-UHFFFAOYSA-N,2015,Ki,8.600326
BWGWYQWYXXYEFW-MXVIHJGJSA-N,2014,Ki,8.642065
BWGWYQWYXXYEFW-MXVIHJGJSA-N,2014,Ki,8.642065
BWJOFTXEAUJYMK-OJBMAJLDSA-N,2013,Ki,7.995249
BWJOFTXEAUJYMK-OJBMAJLDSA-N,2013,Ki,7.995249
BWJWQRCGVCCLIP-UHFFFAOYSA-N,2007,Ki,5.630784
BWMBSQXAENBLPV-WGSAOQKQSA-N,2014,Ki,7.845576
BWMBSQXAENBLPV-WGSAOQKQSA-N,2014,Ki,7.845576
BWPAYVFDIRAIID-ZKHCSVRISA-N,2013,Ki,8.089909
BWPAYVFDIRAIID-ZKHCSVRISA-N,2013,Ki,8.089909
BWQVHTJTXLIHEO-UHFFFAOYSA-N,2009,IC50,6.663540
BWQVHTJTXLIHEO-UHFFFAOYSA-N,2009,Ki,8.112946
BWQVHTJTXLIHEO-UHFFFAOYSA-N,2009,EC50,7.075721
BWQVHTJTXLIHEO-UHFFFAOYSA-N,2014,Ki,8.455932
BWQVHTJTXLIHEO-UHFFFAOYSA-N,2014,Ki,8.455932
BWRCLYWJGBWWTH-ONRAHDBNSA-N,2000,Ki,8.500038
BWSCHPAOVNLCBH-XYWHTSSQSA-N,2013,Ki,7.859492
BWSCHPAOVNLCBH-XYWHTSSQSA-N,2013,Ki,7.859492
BWWHZGYOJOBIMA-UHFFFAOYSA-N,2014,Ki,7.113509
BWXKKFQODXKNLQ-UHFFFAOYSA-N,2019,Ki,5.207608
BXDRNJJKCXNAGV-UHFFFAOYSA-N,2003,Ki,6.522879
BXEHOLVBINGZIE-UHFFFAOYSA-N,1999,Ki,6.853872
BXGMQIUZTIUQRE-KESTWPANSA-N,2013,Ki,7.409381
BXGMQIUZTIUQRE-KESTWPANSA-N,2013,Ki,7.409381
BXKFXOACSNDHEK-QYBDOPJKSA-N,2022,Ki,9.619789
BXOLXXSMCLYDNG-UHFFFAOYSA-N,2006,Ki,7.323306
BXOLXXSMCLYDNG-UHFFFAOYSA-N,2007,Ki,7.279841
BXOLXXSMCLYDNG-UHFFFAOYSA-N,2015,Ki,7.283997
BXOPFJXHIDYFEL-UHFFFAOYSA-N,2014,Ki,8.022276
BYBLEWFAAKGYCD-UHFFFAOYSA-N,,IC50,5.494986
BYBLEWFAAKGYCD-UHFFFAOYSA-N,,Ki,5.964170
BYFBIHGWAJPFIB-UHFFFAOYSA-N,2010,Ki,7.100015
BYFBIHGWAJPFIB-UHFFFAOYSA-N,2010,Ki,8.899974
BYFBIHGWAJPFIB-UHFFFAOYSA-N,2010,Ki,9.599980
BYGFRAXTFHIMHT-WGSAOQKQSA-N,2014,Ki,8.647817
BYGFRAXTFHIMHT-WGSAOQKQSA-N,2014,Ki,8.647817
BYIJZPIPKRUSAC-KESTWPANSA-N,2014,Ki,8.838632
BYIJZPIPKRUSAC-KESTWPANSA-N,2014,Ki,8.838632
BYJLEOXPONSXOY-HDICACEKSA-N,2016,Ki,8.698970
BYJLEOXPONSXOY-IYARVYRRSA-N,2016,Ki,10.236572
BYKIDBIDJRZMKJ-UHFFFAOYSA-N,2019,Ki,7.590067
BYMRLNXYRMIIKD-UHFFFAOYSA-N,2008,Ki,7.500038
BYNXRFJYLCHQOC-UAPYVXQJSA-N,2022,Ki,8.958607
BYOLGTZWXRPJPY-UHFFFAOYSA-N,2010,Ki,6.703335
BYOXBMSRXGFRQY-UHFFFAOYSA-N,2007,Ki,7.910095
BYPMJBXPNZMNQD-WHCYFCLHSA-N,2022,Ki,7.795880
BYQZQCQTOJRIAC-UHFFFAOYSA-N,2017,Ki,7.528708
BYQZQCQTOJRIAC-UHFFFAOYSA-N,2018,Ki,7.528708
BYUHWILBODEWJY-UHFFFAOYSA-N,2017,Ki,7.823909
BYUHWILBODEWJY-UHFFFAOYSA-N,2018,Ki,7.823909
BYUVKVSQQDHYKB-UHFFFAOYSA-N,2012,Ki,9.055517
BYVRVQNZFICZEB-OAQYLSRUSA-N,1996,Ki,9.600326
BYXLAWSTXWDXIK-UHFFFAOYSA-N,2015,Ki,7.500313
BYXRGRXAPMVBBG-UHFFFAOYSA-N,2019,Ki,5.698970
BYXSNRPLLXTCPK-UHFFFAOYSA-N,2017,Ki,5.444906
BZAHLFFPVNVFKZ-UHFFFAOYSA-N,2022,Ki,9.207608
BZCYPHOOPXOADD-XIEYBQDHSA-N,2017,Ki,8.346787
BZCYPHOOPXOADD-XIEYBQDHSA-N,2017,Ki,8.481486
BZCYPHOOPXOADD-XIEYBQDHSA-N,2017,EC50,7.387216
BZCYPHOOPXOADD-XIEYBQDHSA-N,2017,EC50,7.744727
BZCYPHOOPXOADD-XIEYBQDHSA-N,2017,EC50,7.389979
BZCYPHOOPXOADD-XIEYBQDHSA-N,2017,EC50,7.739929
BZDGCBXVIKXHFH-UHFFFAOYSA-N,2013,IC50,6.026549
BZDRSIBAGZRBSC-UHFFFAOYSA-N,2023,Ki,9.638272
BZGSLTDGENGQJF-UHFFFAOYSA-N,2022,Ki,6.047595
BZHJMSJFFNOURP-UHFFFAOYSA-N,2006,Ki,6.000000
BZIIORPIORBBJU-UHFFFAOYSA-N,2007,Ki,8.799971
BZKAUGWCSKECDP-CTNGQTDRSA-N,2010,Ki,7.599980
BZSXKGCWTZRLML-UHFFFAOYSA-N,2017,Ki,6.974694
BZSXKGCWTZRLML-UHFFFAOYSA-N,2018,Ki,6.974694
BZVWETBNKDFSQG-UHFFFAOYSA-N,2006,Ki,8.638272
BZWZMTTVCPOVAV-UHFFFAOYSA-N,1997,Ki,5.581699
BZWZMTTVCPOVAV-UHFFFAOYSA-N,2021,Ki,5.581699
BZXKTPMEZNZORO-OWOJBTEDSA-N,2005,Ki,8.698970
CAAIZYOGVIMUEU-KOEQRZSOSA-N,2017,Ki,8.638272
CAAIZYOGVIMUEU-KOEQRZSOSA-N,2017,EC50,9.494850
CAAIZYOGVIMUEU-KOEQRZSOSA-N,2017,EC50,9.489991
CABPVRYEFMWZCX-UHFFFAOYSA-N,2009,Ki,8.199971
CAIGDBOMRARVPM-MIRVZWSXSA-N,2023,Ki,9.638272
CALYWAMIHCNUMA-UHFFFAOYSA-N,2014,Ki,8.698970
CALYWAMIHCNUMA-UHFFFAOYSA-N,2014,EC50,6.950007
CALYWAMIHCNUMA-UHFFFAOYSA-N,2014,EC50,6.958607
CANPFCFJURGKAX-JTQLQIEISA-N,2007,Ki,8.376751
CAOZWYSSXXOCSD-UHFFFAOYSA-N,1997,Ki,6.180456
CAQIBAFXOSLMJP-UHFFFAOYSA-N,2019,Ki,8.519993
CAQIBAFXOSLMJP-UHFFFAOYSA-N,2022,Ki,8.519993
CAQUTUYOOHXKBM-UHFFFAOYSA-N,2011,Ki,6.657577
CASUKCWJIMZQFD-UHFFFAOYSA-N,2009,Ki,6.892790
CAUZGOJSULUNOZ-YJLYGGOZSA-N,2023,Ki,9.481486
CAVOXTSDVAGWFI-GHTZIAJQSA-N,2019,Ki,8.510042
CAVOXTSDVAGWFI-GHTZIAJQSA-N,2020,Ki,8.510042
CAVOXTSDVAGWFI-NQIIRXRSSA-N,2019,Ki,8.279841
CAVOXTSDVAGWFI-NQIIRXRSSA-N,2020,Ki,8.279841
CAVSFHXWRJHLEI-UHFFFAOYSA-N,2006,Ki,5.619789
CAWFRCMJYFIMLP-UHFFFAOYSA-N,2014,Ki,8.397940
CAXPEQKWERDGFO-UHFFFAOYSA-N,2017,Ki,8.229148
CAXPEQKWERDGFO-UHFFFAOYSA-N,2018,Ki,8.229148
CAYLJKJAWQXLOY-LBULQRRMSA-N,2003,Ki,8.899974
CBFLLWSFCPBXDU-UHFFFAOYSA-N,2003,Ki,5.537602
CBHCDHNUZWWAPP-UHFFFAOYSA-N,,IC50,5.697669
CBHCDHNUZWWAPP-UHFFFAOYSA-N,,Ki,6.166853
CBQSITUTOXWCDZ-KESTWPANSA-N,2013,Ki,8.235077
CBQSITUTOXWCDZ-KESTWPANSA-N,2013,Ki,8.235077
CBTZLJGZFWWZSF-QAQDUYKDSA-N,2020,Ki,9.318759
CBTZLJGZFWWZSF-QAQDUYKDSA-N,2022,Ki,9.318759
CCHNZOHVOULQIT-UHFFFAOYSA-N,2015,Ki,5.638272
CCIIACYBEVIIIN-IYARVYRRSA-N,2013,Ki,8.494850
CCJLDYTVWAENSM-NZQKXSOJSA-N,2010,Ki,9.100015
CCLFPDYNKMPZJO-SHQCIBLASA-N,2019,Ki,5.798603
CCWCGSVNRVVPNM-UHFFFAOYSA-N,1996,Ki,6.318759
CCWCGSVNRVVPNM-UHFFFAOYSA-N,1997,Ki,6.318759
CDAYEBKMDIJVNY-UHFFFAOYSA-N,2018,Ki,6.149997
CDDUMSDWPMBQGF-KRWDZBQOSA-N,2014,Ki,6.826814
CDDVHWKFFCJTOZ-UHFFFAOYSA-N,2003,Ki,8.180456
CDDVHWKFFCJTOZ-UHFFFAOYSA-N,2015,Ki,8.460924
CDGJSIMJNZNZFE-SNVBAGLBSA-N,2021,Ki,5.490000
CDGJSIMJNZNZFE-SNVBAGLBSA-N,2021,Kd,10.588380
CDGJSIMJNZNZFE-SNVBAGLBSA-N,2021,EC50,5.970000
CDGORPLWQZYBKZ-UHFFFAOYSA-N,2023,Ki,7.004365
CDHCKVBAZOTCNN-DLBZAZTESA-N,2020,Ki,9.091515
CDHCKVBAZOTCNN-DLBZAZTESA-N,2022,Ki,9.091515
CDIJUVQEFYLOLF-UHFFFAOYSA-N,2007,Ki,6.000000
CDKQNHRWVCQEIG-UHFFFAOYSA-N,2008,Ki,6.552842
CDLTZBNPLAYVJT-UHFFFAOYSA-N,2007,Ki,7.899974
CDLTZBNPLAYVJT-UHFFFAOYSA-N,2007,Ki,8.000000
CDMKFCYALGWSEN-UHFFFAOYSA-N,2003,Ki,7.078314
CDTGPXQJMIHKOA-TZIWHRDSSA-N,2021,Ki,7.142668
CDXLFYUUESQKHV-UHFFFAOYSA-N,2017,EC50,9.000000
CDXLFYUUESQKHV-UHFFFAOYSA-N,2017,EC50,7.853872
CDXLFYUUESQKHV-UHFFFAOYSA-N,2017,EC50,9.040005
CDXSZIGVTVIYPC-UHFFFAOYSA-N,1999,Ki,7.982967
CECDNRUCUZFOLS-UHFFFAOYSA-N,2008,Ki,5.468521
CECKJAHVLJLQBE-VOTSOKGWSA-N,2009,IC50,8.962574
CECKJAHVLJLQBE-VOTSOKGWSA-N,2009,Ki,8.583359
CEFKCGBMUZVVLI-UHFFFAOYSA-N,1999,Ki,5.853872
CEFKCGBMUZVVLI-UHFFFAOYSA-N,1997,Ki,5.853872
CEGIBPCCIZOPHK-UHFFFAOYSA-N,2010,Ki,8.602060
CEJURZXMIYUTSE-MXVIHJGJSA-N,1997,Ki,9.096910
CEJURZXMIYUTSE-MXVIHJGJSA-N,1998,Ki,9.096910
CEJURZXMIYUTSE-UHFFFAOYSA-N,1997,Ki,7.602060
CEMWPWPBXGCHCV-XUTJKUGGSA-N,2013,Ki,7.661544
CENKWGKLFBMCTM-ONEGZZNKSA-N,2005,Ki,8.886057
CEUORZQYGODEFX-UHFFFAOYSA-N,2007,Ki,8.349984
CEUORZQYGODEFX-UHFFFAOYSA-N,2007,Ki,8.400008
CEUORZQYGODEFX-UHFFFAOYSA-N,2009,Ki,8.481486
CEUORZQYGODEFX-UHFFFAOYSA-N,2011,Ki,8.167491
CEUORZQYGODEFX-UHFFFAOYSA-N,2013,Ki,8.013228
CEUORZQYGODEFX-UHFFFAOYSA-N,2012,Ki,8.000000
CEUORZQYGODEFX-UHFFFAOYSA-N,2014,Ki,8.522879
CEUORZQYGODEFX-UHFFFAOYSA-N,2014,EC50,7.709965
CEUORZQYGODEFX-UHFFFAOYSA-N,2014,EC50,7.698970
CEUORZQYGODEFX-UHFFFAOYSA-N,2014,Ki,8.481486
CEUORZQYGODEFX-UHFFFAOYSA-N,2015,Ki,9.000000
CEUORZQYGODEFX-UHFFFAOYSA-N,2016,Ki,8.013228
CEUORZQYGODEFX-UHFFFAOYSA-N,2015,Ki,7.721246
CEUORZQYGODEFX-UHFFFAOYSA-N,2017,Ki,8.638272
CEUORZQYGODEFX-UHFFFAOYSA-N,2017,EC50,7.698970
CEUORZQYGODEFX-UHFFFAOYSA-N,2017,EC50,7.709965
CEUORZQYGODEFX-UHFFFAOYSA-N,2017,Ki,8.447332
CEUORZQYGODEFX-UHFFFAOYSA-N,2017,Ki,8.537602
CEUORZQYGODEFX-UHFFFAOYSA-N,2017,Ki,8.537602
CEUORZQYGODEFX-UHFFFAOYSA-N,2021,Ki,8.013228
CEUORZQYGODEFX-UHFFFAOYSA-N,2021,Ki,8.013228
CEUORZQYGODEFX-UHFFFAOYSA-N,2021,Ki,7.966576
CEUORZQYGODEFX-UHFFFAOYSA-N,2021,Ki,8.630784
CEUORZQYGODEFX-UHFFFAOYSA-N,2021,Ki,8.395774
CEUORZQYGODEFX-UHFFFAOYSA-N,2021,Ki,8.400008
CEUORZQYGODEFX-UHFFFAOYSA-N,2022,Ki,8.013228
CEUORZQYGODEFX-UHFFFAOYSA-N,2021,Ki,9.096910
CEUORZQYGODEFX-UHFFFAOYSA-N,2021,IC50,7.090016
CFBBXNURHJTUEK-UHFFFAOYSA-N,2001,Ki,6.714443
CFCGTXOJJUJIIE-UHFFFAOYSA-N,2000,Ki,5.356547
CFTKIUKLSZSRGT-BVSLBCMMSA-N,2013,Ki,8.009217
CFTKIUKLSZSRGT-BVSLBCMMSA-N,2013,Ki,8.009217
CFTKIUKLSZSRGT-CEMLEFRQSA-N,2013,Ki,8.022276
CFTKIUKLSZSRGT-CEMLEFRQSA-N,2013,Ki,8.022276
CFTKIUKLSZSRGT-LFKXIUMZSA-N,2013,Ki,8.051587
CFTKIUKLSZSRGT-LFKXIUMZSA-N,2013,Ki,8.051587
CFXIWIZPWMZACA-UHFFFAOYSA-N,1999,Ki,5.180456
CGCDEESEQCYCIB-UHFFFAOYSA-N,2015,Ki,9.761954
CGJFUPKHNBCZFP-UHFFFAOYSA-N,2015,Ki,7.920819
CGMLBXCXNAARPC-KRWDZBQOSA-N,2015,EC50,8.405607
CGQWWCSDVNCWKW-UHFFFAOYSA-N,2021,IC50,5.640000
CGYKRSBZMBLFJC-PBHICJAKSA-N,2010,Ki,6.599998
CHBCJGRXRVEKLM-UHFFFAOYSA-N,1995,Ki,6.882729
CHELUMIQBPPRGN-KESTWPANSA-N,1998,Ki,7.494850
CHFNGKXNJCPICF-KESTWPANSA-N,2022,Ki,9.698970
CHFSYCSOMAVVOM-UHFFFAOYSA-N,2003,Ki,6.124939
CHGQHUPEIRRCOX-MIRVZWSXSA-N,2023,Ki,9.552842
CHOIZZRTZYWAEG-QAQDUYKDSA-N,2020,Ki,9.698970
CHOIZZRTZYWAEG-QAQDUYKDSA-N,2022,Ki,9.698970
CHORKXOAHORPHG-UHFFFAOYSA-N,2015,Ki,7.155523
CHPZSVIXPWGKFQ-UHFFFAOYSA-N,1999,Ki,5.747147
CHSOKIBTPZERLH-UHFFFAOYSA-N,2022,Ki,5.117475
CHTNXCMFJLBVKP-UHFFFAOYSA-N,1997,Ki,7.700057
CHUTWLUGUSZHNG-UHFFFAOYSA-N,2007,Ki,8.799971
CHXSNTQDFOAJJK-XUTJKUGGSA-N,2023,Ki,10.148742
CHZUEGVOEFMIJH-ZKRSMWHSSA-N,2013,Ki,5.270430
CILDROBPHGWMGB-UHFFFAOYSA-N,2009,Ki,6.651695
CILIRIYREOCHIN-UHFFFAOYSA-N,2020,EC50,7.494850
CILIRIYREOCHIN-UHFFFAOYSA-N,2023,EC50,7.494850
CIQACWAFDSMBMG-PGWJBFNOSA-N,2014,Ki,8.044024
CIQACWAFDSMBMG-PGWJBFNOSA-N,2014,Ki,8.044024
CIQIXAAZIFEHQC-NRFANRHFSA-N,2023,Ki,6.031984
CIQQYYDWFNUHDM-UHFFFAOYSA-N,2009,Ki,5.214670
CIXHXASWJFMKLE-FQEVSTJZSA-N,2023,Ki,5.980884
CIZKQMKMGUKASR-AUSIDOKSSA-N,2021,Ki,8.167491
CJAGBXFYKKOMOU-ONEGZZNKSA-N,2005,Ki,8.420216
CJEXMSYACHFNMR-SMQSCJQKSA-N,2023,Ki,9.060481
CJGNMVAAMQAWEF-UHFFFAOYSA-N,2013,Ki,6.000000
CJSWEVQUNWOTCF-KESTWPANSA-N,2023,Ki,9.744727
CJXHLCBUPVLQCG-UHFFFAOYSA-N,2020,EC50,6.939302
CKAFITNCAHORFQ-IYARVYRRSA-N,2013,Ki,7.567031
CKAVWCNOUGLDRF-UHFFFAOYSA-N,2022,Ki,6.080002
CKIPXVNSJRXNTQ-UHFFFAOYSA-N,2021,Ki,7.849858
CKIPXVNSJRXNTQ-UHFFFAOYSA-N,2021,EC50,7.630042
CKJPETQDQGIHJS-UHFFFAOYSA-N,2011,Ki,5.424812
CKOUWIPOSAPIGS-IYARVYRRSA-N,2013,Ki,7.603801
CKRMQSOTIYEXQI-UHFFFAOYSA-N,2016,Ki,7.507240
CKRMQSOTIYEXQI-UHFFFAOYSA-N,2016,EC50,7.747147
CKXPAKSGYIPITQ-UHFFFAOYSA-N,2020,Ki,7.356547
CLAAZMXUBMWYHD-UHFFFAOYSA-N,2021,Ki,8.468521
CLAPZYAXBKPPSX-OKDASEJXSA-N,2014,Ki,8.102373
CLAPZYAXBKPPSX-OKDASEJXSA-N,2014,Ki,8.102373
CLKWUUNGQCSMKW-UHFFFAOYSA-N,2008,Ki,8.199971
CLLQEXUCEWAACY-UHFFFAOYSA-N,2010,Ki,7.500038
CLRYURPPBOMVCN-KESTWPANSA-N,2023,Ki,9.677781
CLTAQMJYOUARDB-HSZRJFAPSA-N,2014,Ki,7.136677
CLTAQMJYOUARDB-QHCPKHFHSA-N,2014,Ki,7.346787
CLTPFFDUHORHID-UHFFFAOYSA-N,2016,EC50,7.943095
CLYNVSXWCAGMQB-UHFFFAOYSA-N,2016,Ki,9.000000
CLYNVSXWCAGMQB-UHFFFAOYSA-N,2019,Ki,8.970616
CLYNVSXWCAGMQB-UHFFFAOYSA-N,2020,Ki,8.970616
CLYZVNJXJPXTED-FXAWDEMLSA-N,2019,Ki,8.510042
CLYZVNJXJPXTED-FXAWDEMLSA-N,2020,Ki,8.510042
CLYZVNJXJPXTED-UHFFFAOYSA-N,2016,Ki,8.700057
CLYZVNJXJPXTED-UHFFFAOYSA-N,2016,Ki,8.500038
CLYZVNJXJPXTED-UHFFFAOYSA-N,2016,Ki,8.400008
CLYZVNJXJPXTED-UHFFFAOYSA-N,2019,Ki,8.400117
CLYZVNJXJPXTED-UHFFFAOYSA-N,2020,Ki,8.400117
CLYZVNJXJPXTED-XLIONFOSSA-N,2019,Ki,8.698970
CLYZVNJXJPXTED-XLIONFOSSA-N,2020,Ki,8.698970
CLZFBRKWSABTPJ-UHFFFAOYSA-N,2011,Ki,7.017729
CMEKWJGRDHWQSI-UHFFFAOYSA-N,2003,Ki,8.200659
CMFMZBLAQQULNF-UHFFFAOYSA-N,2007,Ki,4.903090
CMIREZHKYCLJMD-UHFFFAOYSA-N,2007,Ki,7.355561
CMIREZHKYCLJMD-UHFFFAOYSA-N,2007,EC50,7.694649
CMOUHGOJSYWQFR-LRHALGNLSA-N,2014,Ki,8.076704
CMOUHGOJSYWQFR-LRHALGNLSA-N,2014,Ki,8.076704
CMSXGONDQZVASO-MXVIHJGJSA-N,2014,Ki,8.872895
CMSXGONDQZVASO-MXVIHJGJSA-N,2014,Ki,8.872895
CMZYPGWYRMTMMW-UHFFFAOYSA-N,2021,IC50,5.250000
CNARPAZVQVCVGJ-UHFFFAOYSA-N,2002,Ki,8.552842
CNARPAZVQVCVGJ-UHFFFAOYSA-N,2007,Ki,8.550059
CNAWUGXPLJMOSN-SFHVURJKSA-N,2003,Ki,6.000000
CNAWUGXPLJMOSN-SFHVURJKSA-N,2003,Ki,6.387216
CNFWITKOFBJCHE-UHFFFAOYSA-N,2013,Ki,7.376751
CNGQSMFIQRDDKI-UHFFFAOYSA-N,1999,Ki,5.102373
CNIUTIHLBNEOKA-UHFFFAOYSA-N,2011,Ki,8.214670
CNIUTIHLBNEOKA-UHFFFAOYSA-N,2011,IC50,6.593460
CNKNJMJEVKMFAR-UHFFFAOYSA-N,2007,Ki,5.503624
CNKXCQYEDYCLBH-UHFFFAOYSA-N,2023,Ki,7.332547
CNKXCQYEDYCLBH-UHFFFAOYSA-N,2023,EC50,7.010017
CNKXCQYEDYCLBH-UHFFFAOYSA-N,2023,EC50,7.008774
CNKXCQYEDYCLBH-UHFFFAOYSA-N,2023,IC50,6.570006
CNKXCQYEDYCLBH-UHFFFAOYSA-N,2023,EC50,6.570248
CNLDSVGVGIHOMF-INIZCTEOSA-N,2017,Ki,6.974694
CNMSAIQUKYYMGN-MXVIHJGJSA-N,1997,Ki,8.853872
CNNRPXDUHKLPGW-NGRWLJPCSA-N,2008,Ki,9.148742
CNNRPXDUHKLPGW-NGRWLJPCSA-N,2008,IC50,9.070581
CNROBRSRSPCLEA-AFARHQOCSA-N,2013,Ki,7.413638
CNROBRSRSPCLEA-AFARHQOCSA-N,2013,Ki,7.413638
CNRWQWXTVCUGCK-AQYVVDRMSA-N,2014,Ki,8.283997
CNRWQWXTVCUGCK-AQYVVDRMSA-N,2014,Ki,8.283997
CNTUZANNBZOTNO-UHFFFAOYSA-N,2022,Ki,6.299998
CNYTYKJCKVUZFG-UHFFFAOYSA-N,2007,Ki,9.100015
COCBRLNWXSGWJZ-UHFFFAOYSA-N,1996,Ki,7.619789
COCBRLNWXSGWJZ-UHFFFAOYSA-N,1996,EC50,7.167491
COCBRLNWXSGWJZ-UHFFFAOYSA-N,1997,Ki,7.599980
COGCORROFSOJTQ-UHFFFAOYSA-N,2019,Ki,6.829738
COGCORROFSOJTQ-UHFFFAOYSA-N,2019,Ki,6.830002
COKSKIXACCXTRS-UHFFFAOYSA-N,2008,Ki,6.599998
COMHXTZJQDZANW-UHFFFAOYSA-N,2017,Ki,7.712198
COMHXTZJQDZANW-UHFFFAOYSA-N,2018,Ki,7.712198
COYPPYFVEXHGJK-UHFFFAOYSA-N,1997,Ki,6.045757
CPFAMVVFLCOFSK-UHFFFAOYSA-N,2014,Ki,5.343518
CPFAMVVFLCOFSK-UHFFFAOYSA-N,2014,Ki,5.340000
CPIWUAZRERXKBW-UHFFFAOYSA-N,2014,Ki,5.769551
CPLYGLAQLNAQOI-SEDVZXITSA-N,2013,Ki,5.979639
CPQUBMVKDMAUMG-UHFFFAOYSA-N,1997,Ki,7.100015
CPTMQUFMCPDSBM-UHFFFAOYSA-N,2016,Ki,7.055517
CPTMQUFMCPDSBM-UHFFFAOYSA-N,2016,Ki,7.049976
CPTSTFKVXWZGEV-UHFFFAOYSA-N,2002,Ki,9.301030
CPTSTFKVXWZGEV-UHFFFAOYSA-N,2005,Ki,9.301030
CPTSTFKVXWZGEV-UHFFFAOYSA-N,2005,Ki,9.096910
CPTSTFKVXWZGEV-UHFFFAOYSA-N,2004,Ki,9.301030
CPTSTFKVXWZGEV-UHFFFAOYSA-N,2005,Ki,9.096910
CPTSTFKVXWZGEV-UHFFFAOYSA-N,2005,Ki,8.585027
CPTSTFKVXWZGEV-UHFFFAOYSA-N,2005,IC50,8.306273
CPTSTFKVXWZGEV-UHFFFAOYSA-N,2005,Ki,9.301030
CPTSTFKVXWZGEV-UHFFFAOYSA-N,2005,Ki,9.301030
CPTSTFKVXWZGEV-UHFFFAOYSA-N,2007,Ki,9.299989
CPTSTFKVXWZGEV-UHFFFAOYSA-N,2009,IC50,8.306273
CPTSTFKVXWZGEV-UHFFFAOYSA-N,2009,Ki,9.091515
CPTSTFKVXWZGEV-UHFFFAOYSA-N,2011,Ki,9.301030
CPTSTFKVXWZGEV-UHFFFAOYSA-N,2013,Ki,9.301030
CPTTYKNXUVQTGN-UHFFFAOYSA-N,2004,Ki,8.853872
CPVZPPFHQBIJNB-UHFFFAOYSA-N,2004,Ki,7.677781
CPWJJWMVFFZCGJ-IBGZPJMESA-N,2012,EC50,9.585027
CPWJJWMVFFZCGJ-UHFFFAOYSA-N,2013,EC50,9.585027
CPYQIOWHIBJHPE-KESTWPANSA-N,2023,Ki,9.537602
CQBTYAKAEVDTHI-UHFFFAOYSA-N,2007,Ki,8.207608
CQDDNQVYYAJBQL-UHFFFAOYSA-N,2023,Ki,6.512862
CQEZTUMTHGCHPH-UHFFFAOYSA-N,2017,Ki,6.889410
CQEZTUMTHGCHPH-UHFFFAOYSA-N,2018,Ki,6.889410
CQLNLMLQKSNCPW-UHFFFAOYSA-N,2007,Ki,9.000000
CQLNLMLQKSNCPW-UHFFFAOYSA-N,2007,EC50,8.677781
CQNWLYUGTVHPNE-TZIWHRDSSA-N,2021,Ki,7.469800
CQPLSAHLVMGWEI-UHFFFAOYSA-N,1995,Ki,6.801343
CQTUBBGJACSDPZ-UHFFFAOYSA-N,1998,IC50,6.823909
CQUBXYMWRLKXKL-UHFFFAOYSA-N,2021,Ki,6.548214
CQUFCEROSHHDTD-YEMPIKNUSA-N,2014,Ki,8.694649
CQUFCEROSHHDTD-YEMPIKNUSA-N,2014,Ki,8.694649
CQYKKURQBKYHLM-UHFFFAOYSA-N,2016,Ki,6.250264
CRAJXQNFXAOYDL-FXAWDEMLSA-N,2019,Ki,8.070070
CRAJXQNFXAOYDL-FXAWDEMLSA-N,2020,Ki,8.070070
CRAJXQNFXAOYDL-UHFFFAOYSA-N,2016,Ki,8.100015
CRAJXQNFXAOYDL-UHFFFAOYSA-N,2016,Ki,7.799971
CRAJXQNFXAOYDL-UHFFFAOYSA-N,2016,Ki,8.100015
CRAJXQNFXAOYDL-UHFFFAOYSA-N,2019,Ki,8.130182
CRAJXQNFXAOYDL-UHFFFAOYSA-N,2020,Ki,8.130182
CRAJXQNFXAOYDL-XLIONFOSSA-N,2019,Ki,7.809668
CRAJXQNFXAOYDL-XLIONFOSSA-N,2020,Ki,7.809668
CRCNNTYVVVULMG-UHFFFAOYSA-N,2016,Ki,8.000000
CRCNNTYVVVULMG-UHFFFAOYSA-N,2020,Ki,7.630784
CRDDYQHSKSCCPP-LOSJGSFVSA-N,2023,Ki,6.417937
CRDDYQHSKSCCPP-LOSJGSFVSA-N,2023,IC50,6.209996
CRDDYQHSKSCCPP-LOSJGSFVSA-N,2023,EC50,6.210419
CRDPGPNGVQWYOK-UHFFFAOYSA-N,2012,Ki,5.959398
CRIDIVQBOHLVBM-INIZCTEOSA-N,2015,EC50,7.962574
CRKVMJHROLSFMV-OAQYLSRUSA-N,2023,Ki,4.070070
CROXIASATJXZSZ-UHFFFAOYSA-N,2007,Ki,7.853872
CRSMUMSMFUSJCR-ZXSXIFIVSA-N,2022,Ki,8.318759
CRSXTGXQBKLMCN-OKDJAKQTSA-N,2009,Ki,7.700057
CRSXTGXQBKLMCN-OKDJAKQTSA-N,2009,Ki,7.700057
CRTXNNNIYVQHEB-IPJJNNNSSA-N,2021,Ki,7.823909
CRVXXEZDJABOJD-UHFFFAOYSA-N,2011,Ki,8.267606
CRYGIUKJRPGSDW-UHFFFAOYSA-N,1999,Ki,5.721246
CSFWIRRKNFTOOA-FQEVSTJZSA-N,2019,Ki,7.452225
CSFWIRRKNFTOOA-FQEVSTJZSA-N,2022,Ki,7.452225
CSFWIRRKNFTOOA-HXUWFJFHSA-N,2019,Ki,7.886057
CSFWIRRKNFTOOA-HXUWFJFHSA-N,2022,Ki,7.886057
CSFWIRRKNFTOOA-UHFFFAOYSA-N,2019,Ki,7.554396
CSFWIRRKNFTOOA-UHFFFAOYSA-N,2019,IC50,6.292430
CSFWIRRKNFTOOA-UHFFFAOYSA-N,2022,Ki,7.552842
CSFWIRRKNFTOOA-UHFFFAOYSA-N,2022,Ki,7.554396
CSKYOEFARAEABU-UAPYVXQJSA-N,2014,Ki,8.832683
CSKYOEFARAEABU-UAPYVXQJSA-N,2014,Ki,8.832683
CSQTYZHHBNDDMS-UHFFFAOYSA-N,2011,IC50,5.906578
CSQTYZHHBNDDMS-UHFFFAOYSA-N,2011,Ki,7.856985
CSQTYZHHBNDDMS-UHFFFAOYSA-N,2011,IC50,6.107905
CSXDCXKRVCLDQH-UHFFFAOYSA-N,2011,Ki,6.214670
CSXDCXKRVCLDQH-UHFFFAOYSA-N,2011,Ki,6.214670
CTBCYIMBXFMSFW-IFMALSPDSA-N,2021,Ki,8.124939
CTDCQQXDSZWWIE-HRAATJIYSA-N,2019,Ki,8.224754
CTDCQQXDSZWWIE-HRAATJIYSA-N,2019,Ki,6.739929
CTDCQQXDSZWWIE-KKSFZXQISA-N,2019,Ki,5.189096
CTENGUOYEBIGPA-UHFFFAOYSA-N,2016,EC50,7.686133
CTETYYAZBPJBHE-UHFFFAOYSA-N,,IC50,6.311580
CTETYYAZBPJBHE-UHFFFAOYSA-N,,Ki,6.779892
CTGOENHVWDCQPG-UHFFFAOYSA-N,2016,Ki,7.022276
CTMBSXSNFDPMFG-MBOZVWFJSA-N,2013,Ki,7.705534
CTMDNCSJPPQMLF-UHFFFAOYSA-N,2012,Ki,5.171405
CTPVTXDLFFRQAD-UHFFFAOYSA-N,2016,Ki,8.400008
CTPVTXDLFFRQAD-UHFFFAOYSA-N,2019,Ki,8.359519
CTPVTXDLFFRQAD-UHFFFAOYSA-N,2020,Ki,8.359519
CTRVTEOXKBMCKO-QPPBQGQZSA-N,2016,Ki,9.560036
CTRVTEOXKBMCKO-QPPBQGQZSA-N,2016,Ki,9.450016
CTTVMGVVWWHIMC-UHFFFAOYSA-N,2019,Ki,8.519993
CTWAEGZNMNTFST-UHFFFAOYSA-N,2009,Ki,7.389979
CTWFQXKVAMVTEI-UHFFFAOYSA-N,2012,Ki,7.795880
CUAINFDJRFUIDT-UHFFFAOYSA-N,2015,Ki,7.494850
CUDIFALFXGTJEV-UHFFFAOYSA-N,2007,Ki,8.599980
CUHXIEXGYANARS-LUBYNABHSA-N,2022,Ki,9.376751
CUIKAPOUIHQKER-UHFFFAOYSA-N,1997,Ki,7.008774
CUIKAPOUIHQKER-UHFFFAOYSA-N,2005,Ki,7.010017
CUKQTCOUHQWBHN-UHFFFAOYSA-N,2005,Ki,7.486782
CUKQTCOUHQWBHN-UHFFFAOYSA-N,2005,Kd,7.140022
CUKXVIBQJUBHRB-UHFFFAOYSA-N,2007,Ki,7.410050
CUOZZEMLTFRECQ-UHFFFAOYSA-N,2009,Ki,6.199998
CUOZZEMLTFRECQ-UHFFFAOYSA-N,2009,Ki,6.199998
CURUTKGFNZGFSE-UHFFFAOYSA-N,,IC50,5.917215
CURUTKGFNZGFSE-UHFFFAOYSA-N,,Ki,6.386158
CUZBNCPQNUFDMK-UHFFFAOYSA-N,2023,Ki,7.207608
CVAGCOURADIXBK-RTBURBONSA-N,2021,Ki,5.267606
CVCVTMULKVMAMX-KGENOOAVSA-N,2021,Ki,5.431798
CVFSBPUUIKGUIL-UHFFFAOYSA-N,2019,Ki,7.200659
CVHDGXBLAOQADH-UHFFFAOYSA-N,2001,Ki,6.769551
CVHFBMSYCSPBIQ-INIZCTEOSA-N,2016,EC50,8.581699
CVJYJKRPDVXLEY-UHFFFAOYSA-N,2001,Ki,7.443697
CVKDESKCBDICFQ-UHFFFAOYSA-N,2017,Ki,5.899998
CVLYSHSUQHJMJF-KESTWPANSA-N,2014,Ki,8.705534
CVLYSHSUQHJMJF-KESTWPANSA-N,2014,Ki,8.705534
CVLZQDTWSWXSHI-CTNGQTDRSA-N,2017,Ki,8.008331
CVPLGARGNFQLNC-UHFFFAOYSA-N,2006,Ki,5.769551
CVPRWHZDWBRVGS-UHFFFAOYSA-N,2008,Ki,6.900009
CVRMQFHSOSVJET-UHFFFAOYSA-N,2018,Ki,6.106793
CVWQKEFTSSJDLS-UHFFFAOYSA-N,1999,Ki,8.552842
CWADTSDGYTVLDK-UHFFFAOYSA-N,1995,Ki,9.500038
CWGVPEOXWFRWOV-HNKWHGCMSA-N,2014,Ki,8.130768
CWGVPEOXWFRWOV-HNKWHGCMSA-N,2014,Ki,8.130768
CWGVRZIECOGVLA-UAPYVXQJSA-N,2014,Ki,7.869345
CWGVRZIECOGVLA-UAPYVXQJSA-N,2014,Ki,7.869345
CWHYKZYCZYQHQP-UHFFFAOYSA-N,1996,Ki,6.185752
CWNXARPODKGZCQ-UHFFFAOYSA-N,2006,Ki,7.070581
CWPNHPQGJLXJNH-UHFFFAOYSA-N,2010,Ki,5.306449
CWTKWMZRXUTRKL-PGWJBFNOSA-N,2003,Ki,8.599980
CWWBESFKDFTCAO-ONEGZZNKSA-N,2005,Ki,8.920819
CWYDVWDIVIJIOS-UHFFFAOYSA-N,2016,Ki,7.193820
CWYDVWDIVIJIOS-UHFFFAOYSA-N,2016,Ki,7.199971
CXACCTLHKWWMBU-MGFGWZDJSA-N,2003,Ki,8.500038
CXHLKGHIDPMPHM-UHFFFAOYSA-N,2012,Ki,6.886057
CXKSEZNDLPVFPJ-UHFFFAOYSA-N,2016,Ki,8.299989
CXKSEZNDLPVFPJ-UHFFFAOYSA-N,2019,Ki,8.289883
CXLYWFQWNGCVEG-IYARVYRRSA-N,2013,Ki,7.928118
CXQUOFVDYCOSEZ-UHFFFAOYSA-N,2003,Ki,9.148742
CXQUOFVDYCOSEZ-UHFFFAOYSA-N,2003,Ki,9.150028
CXQUOFVDYCOSEZ-UHFFFAOYSA-N,2006,Ki,8.292430
CXQUOFVDYCOSEZ-UHFFFAOYSA-N,2009,Ki,8.292430
CXQUOFVDYCOSEZ-UHFFFAOYSA-N,2014,Ki,9.148742
CXQUOFVDYCOSEZ-UHFFFAOYSA-N,2016,Ki,8.292430
CXSFVUWINAYILW-UHFFFAOYSA-N,2008,Ki,6.099999
CXVWRWOFYFBNKU-OZBJMMHXSA-N,2021,Ki,6.856985
CXWMHNWEROVFMB-UHFFFAOYSA-N,2002,Ki,7.698970
CXWMHNWEROVFMB-UHFFFAOYSA-N,2007,Ki,7.700057
CXYBQVQGXXMVAP-UHFFFAOYSA-N,2014,Ki,6.698970
CYBHGHQYVGGXRB-BDYUSTAISA-N,1998,Ki,8.700057
CYHIQHDBFGBIFJ-UHFFFAOYSA-N,2012,Ki,6.031517
CYHOPBNLDJUVAX-OWWJJEGGSA-N,2023,Ki,9.698970
CYIRPXRIGGCJMZ-UHFFFAOYSA-N,2007,Ki,7.799971
CYMMDQPIVHDAPZ-UHFFFAOYSA-N,2010,Ki,6.289883
CYNHGJORJGHXEX-UHFFFAOYSA-N,2009,Ki,9.744727
CYNHGJORJGHXEX-UHFFFAOYSA-N,2016,Ki,6.387216
CYNHGJORJGHXEX-UHFFFAOYSA-N,2018,EC50,8.958607
CYNHGJORJGHXEX-UHFFFAOYSA-N,2018,Ki,6.390192
CYOBJTAQBGDFGU-YPGOJHLTSA-N,2008,Ki,9.275724
CYPFZEOONAAFRZ-UHFFFAOYSA-N,2004,Ki,5.618344
CYPJMEGEBKHODC-UHFFFAOYSA-N,2017,Ki,5.546682
CYQFCXCEBYINGO-IAGOWNOFSA-N,2017,EC50,7.991400
CYRGUPLYZBDIMV-UHFFFAOYSA-N,2025,Ki,6.450004
CYWMNGWSZLCDHE-UHFFFAOYSA-N,1997,Ki,6.699992
CZJDTJSRJBOOFX-UHFFFAOYSA-N,2022,Ki,7.669992
CZLNGXCUCYKLOR-UHFFFAOYSA-N,2019,Ki,7.022276
CZOXEMUHIJZXSF-UHFFFAOYSA-N,2016,Ki,6.536107
CZOXEMUHIJZXSF-UHFFFAOYSA-N,2016,Ki,6.540005
CZRAUIZNVBALPQ-UHFFFAOYSA-N,2007,Ki,6.876148
CZZLANJHXIERAX-UHFFFAOYSA-N,2009,Ki,7.000000
DAAKBMHWKLVSKY-PMOLBWCYSA-N,2001,Ki,6.657577
DABZIXMFPZVHTF-XUTJKUGGSA-N,2023,Ki,9.958607
DAMZXOKWXKGWAF-UHFFFAOYSA-N,2019,Ki,6.494850
DAPKZSBUPLWYBG-CCEZHUSRSA-N,2002,Ki,7.568636
DAQRADKKYACIIM-UHFFFAOYSA-N,1999,Ki,8.500038
DATRLTNBZWRBPI-UHFFFAOYSA-N,2023,Ki,6.139063
DAUORZLLBDGUDH-AREMUKBSSA-N,2003,Ki,6.000000
DAUORZLLBDGUDH-AREMUKBSSA-N,2003,Ki,6.000000
DAUWLWXYAUUDKU-AQYVVDRMSA-N,2014,Ki,7.602929
DAUWLWXYAUUDKU-AQYVVDRMSA-N,2014,Ki,7.602929
DBFMZFWPENBAGS-UHFFFAOYSA-N,2023,Ki,7.050610
DBHSOMRLOFZXDC-AFARHQOCSA-N,2014,Ki,8.537602
DBHSOMRLOFZXDC-AFARHQOCSA-N,2014,Ki,8.537602
DBRVEHQLZZEVFX-MXVIHJGJSA-N,2016,Ki,10.259637
DCCITNRSVJBGMS-KESTWPANSA-N,2023,Ki,9.744727
DCDSVYQQSBWIRG-UHFFFAOYSA-N,2002,Ki,6.244125
DCFGDYDTTWPOBM-UHFFFAOYSA-N,2011,Ki,9.096910
DCFYVNHQUVKFKK-UHFFFAOYSA-N,2012,Ki,7.621602
DCFYVNHQUVKFKK-UHFFFAOYSA-N,2019,Ki,7.621602
DCIOHCJFMCIMPE-SKPFHBQLSA-N,2021,Ki,8.823909
DCJWAUUNGWWIFD-KUHUBIRLSA-N,2003,Ki,8.744727
DCJWAUUNGWWIFD-KUHUBIRLSA-N,2003,Ki,7.000000
DCJWAUUNGWWIFD-LIRRHRJNSA-N,2003,Ki,7.568636
DCJWAUUNGWWIFD-LIRRHRJNSA-N,2003,Ki,6.657577
DCOWEWUTRNVNCR-UHFFFAOYSA-N,2008,Ki,5.060481
DCPIQPSAVXUPED-UHFFFAOYSA-N,2019,Ki,7.659556
DCPIQPSAVXUPED-UHFFFAOYSA-N,2020,Ki,7.659556
DCPPWKFRGIUQDU-IBGZPJMESA-N,2017,Ki,7.630784
DCPPWKFRGIUQDU-LJQANCHMSA-N,2017,Ki,8.385103
DCPPWKFRGIUQDU-UHFFFAOYSA-N,2015,Ki,8.536107
DCPPWKFRGIUQDU-UHFFFAOYSA-N,2017,Ki,8.370590
DCSUBABJRXZOMT-UHFFFAOYSA-N,,IC50,6.841638
DCSUBABJRXZOMT-UHFFFAOYSA-N,,Ki,7.309804
DCTJWNXQZKKVMP-UABRLCRWSA-N,2016,EC50,7.690370
DCVQVRPQZMOKQX-UHFFFAOYSA-N,2009,Ki,5.000000
DCVYADGMMVMIBW-VQTJNVASSA-N,2020,Ki,9.602060
DCZHKWLSZWKCQB-UHFFFAOYSA-N,2016,Ki,8.455932
DDCGYKUGMMDSDD-UHFFFAOYSA-N,1997,Ki,6.539102
DDEDFIYGQWYHBZ-GFCCVEGCSA-N,1994,Ki,6.471083
DDFNIAVTIHLFOR-UHFFFAOYSA-N,2009,Ki,5.206419
DDFVILDYNDAEIK-UHFFFAOYSA-N,2006,Ki,6.928118
DDGNKEAPKHYRST-XUTJKUGGSA-N,2023,Ki,9.167491
DDIKSIDUOMAEBE-UHFFFAOYSA-N,2023,Ki,7.663540
DDOIPTNOPZXSRC-XUTJKUGGSA-N,2014,Ki,8.180456
DDOIPTNOPZXSRC-XUTJKUGGSA-N,2014,Ki,8.180456
DECRCHYWYMULIA-UHFFFAOYSA-N,2007,Ki,7.275724
DEFGNQZVXMMHQJ-UHFFFAOYSA-N,2017,Ki,6.772113
DEHCRGUCEKMKFX-OWOJBTEDSA-N,2005,Ki,9.522879
DEIXGWIQADAVTO-UHFFFAOYSA-N,2007,Ki,8.799971
DEJLBFQQDJSQMU-XUTJKUGGSA-N,2020,Ki,9.619789
DEKJLYJRFGCPNK-UHFFFAOYSA-N,2017,Ki,9.000000
DEPZVFJRGVKNJM-UHFFFAOYSA-N,2009,Ki,8.799971
DEQITUUQPICUMR-HJPBWRTMSA-N,,IC50,8.640544
DEQITUUQPICUMR-HJPBWRTMSA-N,,Ki,9.109579
DERZBLKQOCDDDZ-JLHYYAGUSA-N,,IC50,6.598599
DERZBLKQOCDDDZ-JLHYYAGUSA-N,,Ki,7.065502
DESXWTHSPLQRFM-BVRKHOPBSA-N,2019,Ki,6.093665
DEYFWGXTPWNADC-UHFFFAOYSA-N,1996,Ki,8.472370
DEZXTTORBGGEJG-MIRVZWSXSA-N,2023,Ki,9.229148
DFBYKWKCUIKCPG-UHFFFAOYSA-N,2009,Ki,6.614394
DFDOLOVKMMATDA-UHFFFAOYSA-N,2014,Ki,5.557520
DFDOLOVKMMATDA-UHFFFAOYSA-N,2014,IC50,5.087778
DFHPWPGRLKWZOX-UHFFFAOYSA-N,2015,Ki,8.171985
DFNAAFSXZVGDBJ-UHFFFAOYSA-N,2012,Ki,6.139063
DFNAAFSXZVGDBJ-UHFFFAOYSA-N,2014,Ki,6.139063
DFNAAFSXZVGDBJ-UHFFFAOYSA-N,2014,Ki,6.099999
DFNHNBPKUMLYOZ-UHFFFAOYSA-N,2017,Ki,5.769551
DFNOGIGMAURTCI-JKCYLYBBSA-N,2022,Ki,9.259637
DFONPZSBELPUSI-UHFFFAOYSA-N,2007,Ki,7.799971
DFRZQKVBIWCZAV-UHFFFAOYSA-N,2007,Ki,8.886057
DFRZQKVBIWCZAV-UHFFFAOYSA-N,2014,Ki,8.886057
DFRZQKVBIWCZAV-UHFFFAOYSA-N,2014,Ki,8.886057
DFTCYTDJDXZFSK-CMPLNLGQSA-N,2021,Ki,6.204120
DFTCYTDJDXZFSK-NUHJPDEHSA-N,2019,Ki,6.732828
DFTCYTDJDXZFSK-NUHJPDEHSA-N,2021,Ki,6.732828
DFUHQLOJRVHHKU-UHFFFAOYSA-N,1997,Ki,9.599980
DGCGMYNLCDVYMB-UHFFFAOYSA-N,1996,Ki,5.173925
DGFGHVHKQCWUJA-UHFFFAOYSA-N,1997,Ki,6.419075
DGFGHVHKQCWUJA-UHFFFAOYSA-N,2005,Ki,6.419999
DGGPZCDYOYMIGP-UHFFFAOYSA-N,2010,Ki,5.533577
DGKURWUVIVQHCD-UHFFFAOYSA-N,2009,Ki,9.978811
DGRHJZMAQQIHDX-BWKNWUBXSA-N,2016,Ki,9.799971
DGRHJZMAQQIHDX-BWKNWUBXSA-N,2016,Ki,9.410050
DGSJCQBCZUXHPR-UHFFFAOYSA-N,2016,Ki,8.136677
DGTBKKBZRIVWMP-UHFFFAOYSA-N,2009,Ki,7.799971
DGWBQMLESHGUBF-UHFFFAOYSA-N,2010,Ki,6.299998
DGWVDYZYSAQNNO-IZVJSRMBSA-N,2021,Ki,8.031517
DGZKLXNLBCVGGK-UHFFFAOYSA-N,2019,Ki,8.365523
DHAAPGIEGBCWTO-IYARVYRRSA-N,2023,Ki,9.619789
DHFUVVTYPXJZAP-UHFFFAOYSA-N,2006,Ki,8.721246
DHLUJJLUDHJNIY-QAQDUYKDSA-N,2020,Ki,9.283997
DHLUJJLUDHJNIY-QAQDUYKDSA-N,2022,Ki,9.283997
DHMRDBMKJIHQOM-UHFFFAOYSA-N,2001,Ki,6.958607
DHOCETPWLQILEE-PLNGDYQASA-N,2003,IC50,8.221849
DHOCETPWLQILEE-PLNGDYQASA-N,2005,IC50,8.221849
DHOCETPWLQILEE-PLNGDYQASA-N,2005,Ki,8.578396
DHOCETPWLQILEE-PLNGDYQASA-N,2005,Ki,9.397940
DHOCETPWLQILEE-SNAWJCMRSA-N,2003,IC50,8.112383
DHOCETPWLQILEE-SNAWJCMRSA-N,2005,Ki,9.096910
DHOCETPWLQILEE-SNAWJCMRSA-N,2005,IC50,8.112946
DHOCETPWLQILEE-SNAWJCMRSA-N,2005,Ki,8.220404
DHOCETPWLQILEE-SNAWJCMRSA-N,2005,Ki,9.096910
DHOLLIZICIPGNS-UHFFFAOYSA-N,2019,Ki,7.119186
DHOZKKHZCBDGEK-UHFFFAOYSA-N,2010,Ki,6.699992
DHOZKKHZCBDGEK-UHFFFAOYSA-N,2010,Ki,8.299989
DHOZKKHZCBDGEK-UHFFFAOYSA-N,2010,Ki,8.500038
DHRNJGBBGGOCDQ-UHFFFAOYSA-N,2007,Ki,7.519993
DHSSDEDRBUKTQY-UHFFFAOYSA-N,2019,Ki,7.169989
DHUATBAZHILHIC-MRXNPFEDSA-N,2008,IC50,6.077275
DHUSVAZDGLXZIV-UHFFFAOYSA-N,2020,EC50,6.008774
DHUSVAZDGLXZIV-UHFFFAOYSA-N,2023,EC50,6.008774
DIHXHTWYVOYYDC-INIZCTEOSA-N,2017,Ki,5.766243
DIJKUIXRAWOVGJ-UHFFFAOYSA-N,2009,Ki,8.346787
DIJKUIXRAWOVGJ-UHFFFAOYSA-N,2009,IC50,6.844664
DIJKUIXRAWOVGJ-UHFFFAOYSA-N,2014,Ki,8.346787
DIQJJEOAZURXOK-LLVKDONJSA-N,2017,Ki,6.924453
DIQJJEOAZURXOK-NSHDSACASA-N,2017,Ki,7.464706
DIRSMSWHIVFUOZ-UHFFFAOYSA-N,1999,Ki,6.900009
DISKLDRQYHVOPT-UHFFFAOYSA-N,2009,IC50,7.621602
DISKLDRQYHVOPT-UHFFFAOYSA-N,2009,Ki,8.793174
DISKLDRQYHVOPT-UHFFFAOYSA-N,2015,Ki,8.744727
DISXAFLQNJTZHA-UHFFFAOYSA-N,2006,Ki,8.318759
DJHAFQLSNXBKIX-UHFFFAOYSA-N,2008,Ki,7.299989
DJIHVEIRASRGEQ-UHFFFAOYSA-N,2021,Ki,6.853872
DJMIEPKZTXXUDK-UHFFFAOYSA-N,2020,EC50,6.821023
DJMIEPKZTXXUDK-UHFFFAOYSA-N,2023,EC50,6.821023
DJNLKADPUUFBDG-AFARHQOCSA-N,2013,Ki,7.984640
DJNLKADPUUFBDG-AFARHQOCSA-N,2013,Ki,7.984640
DJOCSUALXFPRDN-UODZTUOZSA-N,2020,Ki,10.236572
DJUWRNXEJLCKJK-UHFFFAOYSA-N,2011,Ki,9.229148
DJYCHIVFEYCSOS-UHFFFAOYSA-N,1997,Ki,8.500038
DKBPQSXNYNGHQK-UHFFFAOYSA-N,2014,Ki,7.602060
DKBPQSXNYNGHQK-UHFFFAOYSA-N,2014,IC50,7.853872
DKGZKTPJOSAWFA-UHFFFAOYSA-N,1993,Ki,8.882729
DKGZKTPJOSAWFA-UHFFFAOYSA-N,2003,Ki,9.602060
DKGZKTPJOSAWFA-UHFFFAOYSA-N,2005,Ki,9.602060
DKGZKTPJOSAWFA-UHFFFAOYSA-N,2013,IC50,7.013228
DKGZKTPJOSAWFA-UHFFFAOYSA-N,2013,Ki,9.920819
DKGZKTPJOSAWFA-UHFFFAOYSA-N,2013,IC50,9.443697
DKGZKTPJOSAWFA-UHFFFAOYSA-N,2015,Ki,9.318759
DKGZKTPJOSAWFA-UHFFFAOYSA-N,2016,Ki,9.494850
DKGZKTPJOSAWFA-UHFFFAOYSA-N,2017,Ki,9.481486
DKGZKTPJOSAWFA-UHFFFAOYSA-N,2018,IC50,7.030584
DKGZKTPJOSAWFA-UHFFFAOYSA-N,2019,Ki,9.481486
DKJHWZSZJVWAQC-IYARVYRRSA-N,2013,Ki,8.721246
DKLFJXNMKAKPTA-HZCBDIJESA-N,2016,Ki,8.920819
DKMPNHJOVOVCMF-VSHVGKGISA-N,2001,Ki,5.599999
DKMWFGJOMJUBOA-UHFFFAOYSA-N,2010,Ki,7.025028
DKNAYNJDTLBNCH-MXVIHJGJSA-N,2014,Ki,7.957424
DKNAYNJDTLBNCH-MXVIHJGJSA-N,2014,Ki,7.957424
DKWMITGGRKWYMS-UHFFFAOYSA-N,2009,Ki,7.534617
DKXYPAWNMBQJBN-GOSISDBHSA-N,2003,Ki,4.920819
DKXYPAWNMBQJBN-SFHVURJKSA-N,2003,Ki,4.698970
DKYKQBWPYFTZHN-UHFFFAOYSA-N,2007,Ki,5.945004
DKYKYMRCBZJRME-HYBUGGRVSA-N,2021,Ki,8.910095
DLERAOZJAKJMFQ-UHFFFAOYSA-N,1996,Ki,6.199998
DLFOMSHOGRJNLH-JKIUYZKVSA-N,2023,Ki,9.318759
DLMFTGKXTGDZCJ-UHFFFAOYSA-N,2016,Ki,6.795880
DLNZFPDQXJEXTN-UHFFFAOYSA-N,1997,Ki,7.000000
DMAPCLHFHNJPKS-GBWYYYKWSA-N,2022,Ki,9.356547
DMEAUWNQEDPHFL-UHFFFAOYSA-N,2017,Ki,6.619789
DMESLZJUXZVTNG-PGWJBFNOSA-N,2014,Ki,7.550367
DMESLZJUXZVTNG-PGWJBFNOSA-N,2014,Ki,7.550367
DMJMPRBSMLSUQZ-UHFFFAOYSA-N,2017,Ki,8.060481
DMJMPRBSMLSUQZ-UHFFFAOYSA-N,2018,Ki,8.060481
DMKAPLAWGQGMFL-UHFFFAOYSA-N,2015,Ki,8.517126
DMKAPLAWGQGMFL-UHFFFAOYSA-N,2015,Ki,8.675718
DMNOVGJWPASQDL-OAQYLSRUSA-N,2023,Ki,5.163676
DMQIMKFFQYYLKW-UHFFFAOYSA-N,2009,IC50,7.863279
DMQIMKFFQYYLKW-UHFFFAOYSA-N,2009,Ki,8.213959
DMQIMKFFQYYLKW-UHFFFAOYSA-N,2009,EC50,7.642065
DMQIMKFFQYYLKW-UHFFFAOYSA-N,2014,Ki,9.008774
DMQIMKFFQYYLKW-UHFFFAOYSA-N,2014,Ki,9.008774
DMVANBWXLUGNDG-UHFFFAOYSA-N,2014,Ki,9.698970
DMWWEOYTOCKCTC-OXJNMPFZSA-N,2019,Ki,8.790485
DMWWEOYTOCKCTC-OXJNMPFZSA-N,2020,Ki,8.790485
DMWWEOYTOCKCTC-UHFFFAOYSA-N,2019,Ki,8.449772
DMWWEOYTOCKCTC-UHFFFAOYSA-N,2020,Ki,8.449772
DMWWEOYTOCKCTC-UZLBHIALSA-N,2019,Ki,7.359519
DMWWEOYTOCKCTC-UZLBHIALSA-N,2020,Ki,7.359519
DMXFLQZSXCIUTO-KESTWPANSA-N,2014,Ki,7.950782
DMXFLQZSXCIUTO-KESTWPANSA-N,2014,Ki,7.950782
DNBHELXBRXDBSY-UHFFFAOYSA-N,2009,Ki,5.376751
DNKCJBSJSPBJID-ZHACJKMWSA-N,1995,Ki,7.585027
DNKKASLPXCCBTN-QAQDUYKDSA-N,2014,Ki,8.804100
DNKKASLPXCCBTN-QAQDUYKDSA-N,2014,Ki,8.804100
DNLVWUGWSPNABX-AREMUKBSSA-N,2017,Ki,6.223299
DNRUAPLXAOKCKK-UHFFFAOYSA-N,2019,Ki,7.627088
DNULYRGWTFLJQL-UHFFFAOYSA-N,1997,Ki,5.551294
DNULYRGWTFLJQL-UHFFFAOYSA-N,2019,Ki,5.327902
DNZUVQAJHJARBX-UHFFFAOYSA-N,2006,Ki,5.841638
DODUHZQKDPVRII-KESTWPANSA-N,2020,Ki,9.193820
DODUHZQKDPVRII-KESTWPANSA-N,2022,Ki,9.193820
DOHBWZBXSGIRIR-UHFFFAOYSA-N,2003,Ki,6.332547
DOOIOZMDLUKTNX-UHFFFAOYSA-N,2019,Ki,6.065502
DOTBLGLYTBUSJK-NVXWUHKLSA-N,2017,Ki,6.000000
DOTHXJXYLNKQOQ-UHFFFAOYSA-N,2008,Ki,8.500038
DOTLHOVQYVFUDB-YKSBVNFPSA-N,2016,Ki,8.590067
DOULCDSMIFJJIX-XUTJKUGGSA-N,2023,Ki,8.853872
DOVTZHSQYCZIIX-UHFFFAOYSA-N,2005,Ki,7.853872
DOWWARCXHKBRSK-UHFFFAOYSA-N,2021,Ki,6.465974
DPAGUJADGMJVKD-UHFFFAOYSA-N,2010,Ki,7.721246
DPAGUJADGMJVKD-UHFFFAOYSA-N,2017,Ki,8.508638
DPDUJCCKQWFBBQ-UHFFFAOYSA-N,2014,Ki,8.193820
DPJFJYDSIWERHB-NSCUHMNNSA-N,2023,Ki,9.795880
DPJONOPQJUKYRM-OJBMAJLDSA-N,2014,Ki,8.876148
DPJONOPQJUKYRM-OJBMAJLDSA-N,2014,Ki,8.876148
DPLNSFBAHKTNGS-UHFFFAOYSA-N,2008,Ki,6.853872
DPOUSVNUKWQWOC-UHFFFAOYSA-N,2003,Ki,6.966576
DPSMXTVVZQPEQV-GOSISDBHSA-N,2005,Ki,5.809999
DPSMXTVVZQPEQV-SFHVURJKSA-N,2005,Ki,5.720000
DPVXQZQCRKUMLB-WGSAOQKQSA-N,2020,Ki,9.886057
DPVXQZQCRKUMLB-WGSAOQKQSA-N,2022,Ki,9.886057
DPZGNBYQYWDDEZ-WKILWMFISA-N,2023,Ki,9.494850
DQCAQRKXBHDRGF-UHFFFAOYSA-N,2009,Ki,6.638272
DQJPLAXUDBHKAH-RZFKFIIISA-N,2003,Ki,8.899974
DQMKFVKNNDMGTA-UHFFFAOYSA-N,2014,Ki,7.251812
DQMMOHPPKACCQN-QHCPKHFHSA-N,2010,Ki,9.244125
DQNCRNVCBHYBQP-UHFFFAOYSA-N,1999,IC50,7.537602
DQNYAPGMAYPLKE-UHFFFAOYSA-N,2007,Ki,7.954677
DQOGQIXFWPGESA-UHFFFAOYSA-N,2019,Ki,9.356547
DQPNZJRSJFNUQR-VQTJNVASSA-N,2020,Ki,10.229148
DQQBAKJEWKQXPD-CQSZACIVSA-N,1994,Ki,6.856985
DQSWREBDNVEGNC-UHFFFAOYSA-N,2025,Ki,4.291579
DQTBCNRIVXHDQE-MLCQCVOFSA-N,2013,Ki,7.712198
DQVWGUUNHWMPMS-MXVIHJGJSA-N,2013,Ki,7.769551
DQWJULNHVFIKBD-UHFFFAOYSA-N,2020,Ki,8.721246
DQWJULNHVFIKBD-UHFFFAOYSA-N,2022,Ki,8.721246
DQWJWRGJUJYEGP-QAQDUYKDSA-N,2023,Ki,9.508638
DQWYVTVADJXAAR-UHFFFAOYSA-N,2007,Ki,5.570001
DRDNXPOWBJOJRJ-RZFKFIIISA-N,2023,Ki,9.537602
DRDXZCGSMVSSLQ-UHFFFAOYSA-N,2010,Ki,7.136677
DRHKJLXJIQTDTD-OAHLLOKOSA-N,2000,Ki,9.552842
DRKUAUJUSZGTGW-UHFFFAOYSA-N,2010,Ki,7.700057
DRKUAUJUSZGTGW-UHFFFAOYSA-N,2010,Ki,8.700057
DRKUAUJUSZGTGW-UHFFFAOYSA-N,2010,Ki,8.799971
DRMNJQDZXRGJRN-YKSBVNFPSA-N,2016,Ki,8.759950
DRRIHRQXXFYPBU-FQEVSTJZSA-N,2000,Ki,5.232844
DRRONPWFEYCYOF-UHFFFAOYSA-N,2016,Ki,9.815309
DRRONPWFEYCYOF-UHFFFAOYSA-N,2016,EC50,6.387216
DRRONPWFEYCYOF-UHFFFAOYSA-N,2016,IC50,7.732828
DRSZMILOMUPIBJ-UHFFFAOYSA-N,2024,Ki,5.991847
DSCGNFRKDRFCKO-UHFFFAOYSA-N,2006,Ki,8.130768
DSDJYAZONQZKBJ-UHFFFAOYSA-N,2017,Ki,7.452225
DSDJYAZONQZKBJ-UHFFFAOYSA-N,2018,Ki,7.452225
DSEJCLDJIFTPPH-FMIVXFBMSA-N,2024,Ki,5.792600
DSIODFVVJVFOFI-UHFFFAOYSA-N,2002,Ki,7.795880
DSJBBFGGCRIVIL-JIBACQESSA-N,2014,Ki,7.866461
DSJBBFGGCRIVIL-JIBACQESSA-N,2014,Ki,7.866461
DSJQIICDRFEFMZ-UHFFFAOYSA-N,2007,Ki,8.899974
DSJQTHADLDMTRA-UHFFFAOYSA-N,2000,Ki,6.292430
DSNSWHGDQTZOTM-IYARVYRRSA-N,2016,Ki,9.508638
DSOWHOSHPUSGFM-UHFFFAOYSA-N,2011,IC50,5.493495
DSOWHOSHPUSGFM-UHFFFAOYSA-N,2011,Ki,8.420216
DSOWHOSHPUSGFM-UHFFFAOYSA-N,2011,IC50,7.080922
DSQMOWVBQWIPID-GGYDESQDSA-N,2020,Ki,9.236572
DSQMOWVBQWIPID-GGYDESQDSA-N,2022,Ki,9.236572
DSRXHDAICZGTCK-ORBVJSQLSA-N,2009,Ki,7.301030
DSUVZVBZNSPSQB-UHFFFAOYSA-N,2017,Ki,6.221849
DSVHLIGWQYXIBW-RBUKOAKNSA-N,2021,Ki,8.580044
DTLUAUCSESZJOW-ZJSXRUAMSA-N,2019,Ki,4.946922
DTLXZNWCYSVXJZ-UHFFFAOYSA-N,2007,Ki,9.419988
DTNBLXRAVILHMO-IAGOWNOFSA-N,2009,Ki,5.580000
DTQBVMPAFWTCFE-UHFFFAOYSA-N,2006,Ki,6.581699
DTQQYFXMBRLANH-HFMPRLQTSA-N,2021,Ki,8.920819
DTRXURJDKOYCCD-UHFFFAOYSA-N,2001,Ki,5.275724
DTRXURJDKOYCCD-UHFFFAOYSA-N,2005,Ki,5.275724
DTRXURJDKOYCCD-UHFFFAOYSA-N,2007,Ki,5.280000
DTRXURJDKOYCCD-UHFFFAOYSA-N,2008,Ki,5.275724
DTRXURJDKOYCCD-UHFFFAOYSA-N,2008,Ki,5.275724
DTRXURJDKOYCCD-UHFFFAOYSA-N,2009,Ki,7.337242
DTRXURJDKOYCCD-UHFFFAOYSA-N,2009,Ki,5.602060
DTRXURJDKOYCCD-UHFFFAOYSA-N,2009,Ki,7.119186
DTRXURJDKOYCCD-UHFFFAOYSA-N,2009,Ki,6.136677
DTRXURJDKOYCCD-UHFFFAOYSA-N,2009,Ki,5.795880
DTRXURJDKOYCCD-UHFFFAOYSA-N,2009,Ki,5.036212
DTRXURJDKOYCCD-UHFFFAOYSA-N,2009,Ki,4.920819
DTRXURJDKOYCCD-UHFFFAOYSA-N,2009,Ki,5.080922
DTRXURJDKOYCCD-UHFFFAOYSA-N,2009,Ki,5.275724
DTRXURJDKOYCCD-UHFFFAOYSA-N,2013,Ki,5.301030
DTRXURJDKOYCCD-UHFFFAOYSA-N,2017,Ki,5.275724
DTRXURJDKOYCCD-UHFFFAOYSA-N,2021,Ki,5.275724
DTSBUYTYJIUAIH-UHFFFAOYSA-N,1997,Ki,6.498941
DTSBUYTYJIUAIH-UHFFFAOYSA-N,2021,Ki,6.498941
DTTQGOYOJDSYEL-QAQDUYKDSA-N,2014,Ki,8.772113
DTTQGOYOJDSYEL-QAQDUYKDSA-N,2014,Ki,8.772113
DTUIKCYPLPUCPC-UHFFFAOYSA-N,2006,Ki,7.420216
DTUYFIYHCUBCJI-CGAIIQECSA-O,2015,Ki,7.366532
DTWIWINSMXUYHB-UHFFFAOYSA-N,2005,Ki,8.102373
DTWIWINSMXUYHB-UHFFFAOYSA-N,2005,Kd,8.519993
DTWIWINSMXUYHB-UHFFFAOYSA-N,2016,Ki,8.966576
DUEAFIKCLDPEGV-UHFFFAOYSA-N,1999,Ki,5.283997
DUIAUYDNVUUFBK-VHEBQXMUSA-N,2007,Ki,8.207608
DUKNIHFTDAXJON-MUIJYRPGSA-N,2002,Ki,8.096910
DUKNIHFTDAXJON-ORPLUIKVSA-N,2002,Ki,8.221849
DUKNIHFTDAXJON-RCZCSUKSSA-N,2002,Ki,6.823909
DUKWEHLCKVPDDQ-UHFFFAOYSA-N,2017,Ki,7.863279
DUKWEHLCKVPDDQ-UHFFFAOYSA-N,2018,Ki,7.863279
DUMBRKXSQQUMRX-UHFFFAOYSA-N,2013,IC50,6.171147
DUTVAWSMMMBCQT-UHFFFAOYSA-N,1999,Ki,6.275724
DUVNCSZVWYCEFO-VWLOTQADSA-N,2014,EC50,8.465974
DUYVMDDLFWXUHZ-UHFFFAOYSA-N,2011,Ki,8.207608
DUYVMDDLFWXUHZ-UHFFFAOYSA-N,2011,IC50,6.591760
DVALOPXWVWHIHY-GOSISDBHSA-N,2002,Ki,6.199998
DVALOPXWVWHIHY-SFHVURJKSA-N,2002,Ki,6.499997
DVBIYRUFMRQOAP-LSNLESRRSA-N,2013,Ki,8.108463
DVBIYRUFMRQOAP-LSNLESRRSA-N,2013,Ki,8.108463
DVICNJMXCZEIQX-UHFFFAOYSA-N,2003,Ki,5.677781
DVJYRJGVDBAXTD-UHFFFAOYSA-N,2006,Ki,7.982967
DVKVLLZTDOYZKA-NFRPNRGWSA-N,2003,Ki,8.700057
DVOOPMVLADILTK-SNAWJCMRSA-N,2011,Ki,8.207608
DVRLIKWPAJQERN-UHFFFAOYSA-N,2009,Ki,6.600326
DVRLZAJGBLYQFK-OXJNMPFZSA-N,2019,Ki,8.879426
DVRLZAJGBLYQFK-OXJNMPFZSA-N,2020,Ki,8.879426
DVRLZAJGBLYQFK-UHFFFAOYSA-N,2019,Ki,8.850781
DVRLZAJGBLYQFK-UHFFFAOYSA-N,2020,Ki,8.850781
DVRLZAJGBLYQFK-UZLBHIALSA-N,2019,Ki,8.420216
DVRLZAJGBLYQFK-UZLBHIALSA-N,2020,Ki,8.420216
DVRQBYGOXHPKHC-UHFFFAOYSA-N,2000,Ki,5.744727
DVUOLXOWKHDIAV-XXBNENTESA-N,2016,Ki,8.150028
DVVDLSCUPMTBKI-IRJFHVNHSA-N,2023,Ki,9.795880
DVVDLSCUPMTBKI-UHFFFAOYSA-N,2023,Ki,9.823909
DVVWNKJEEQHCFZ-UHFFFAOYSA-N,2003,Ki,9.000000
DVYJEJMZLCRJNO-UHFFFAOYSA-N,2007,Ki,7.522879
DVZPUKBLSGGLOX-OWOJBTEDSA-N,2005,Ki,8.568636
DWDIQEPGVYBABO-OFNKIYASSA-N,2016,Ki,8.960189
DWDIQEPGVYBABO-REWPJTCUSA-N,2016,Ki,8.100015
DWDPBNBMFRTKEL-OWOJBTEDSA-N,2005,Ki,9.154902
DWDPBNBMFRTKEL-OWOJBTEDSA-N,2005,Ki,8.455932
DWDPBNBMFRTKEL-OWOJBTEDSA-N,2005,IC50,8.657577
DWDPBNBMFRTKEL-OWOJBTEDSA-N,2005,Ki,9.154902
DWDPBNBMFRTKEL-OWOJBTEDSA-N,2005,EC50,8.657577
DWEHMLBGRQZUJA-UHFFFAOYSA-N,2009,Ki,9.119186
DWEHMLBGRQZUJA-UHFFFAOYSA-N,2009,Ki,7.397940
DWEHMLBGRQZUJA-UHFFFAOYSA-N,2009,Ki,7.744727
DWEHMLBGRQZUJA-UHFFFAOYSA-N,2009,Ki,7.481486
DWEHMLBGRQZUJA-UHFFFAOYSA-N,2009,Ki,7.236572
DWEHMLBGRQZUJA-UHFFFAOYSA-N,2009,Ki,6.638272
DWEHMLBGRQZUJA-UHFFFAOYSA-N,2009,Ki,9.301030
DWEHMLBGRQZUJA-UHFFFAOYSA-N,2009,Ki,6.795880
DWEHMLBGRQZUJA-UHFFFAOYSA-N,2009,Ki,9.455932
DWESQFNWEXIRSK-UHFFFAOYSA-N,1999,Ki,5.853872
DWHUTCHVMNOMRX-UHFFFAOYSA-N,2003,Ki,5.859806
DWMNREQVNSYYID-WGOQTCKBSA-N,2014,Ki,8.638272
DWMNREQVNSYYID-WGOQTCKBSA-N,2014,Ki,9.161151
DWMNREQVNSYYID-WGOQTCKBSA-N,2014,EC50,7.369979
DWMNREQVNSYYID-WGOQTCKBSA-N,2014,EC50,7.410050
DWMNREQVNSYYID-WGOQTCKBSA-N,2014,EC50,7.376751
DWMNREQVNSYYID-WGOQTCKBSA-N,2014,EC50,7.408935
DWMRSXBZEPRVJO-IAGOWNOFSA-N,2009,Ki,6.919987
DWUAAOIZQFTYQP-INIZCTEOSA-N,1997,Ki,7.559091
DWUAAOIZQFTYQP-MRXNPFEDSA-N,2003,Ki,8.619789
DWUAAOIZQFTYQP-MRXNPFEDSA-N,1998,Ki,8.619789
DWUAAOIZQFTYQP-MRXNPFEDSA-N,1997,Ki,8.619789
DWUAAOIZQFTYQP-MRXNPFEDSA-N,2002,Ki,8.619789
DWUAAOIZQFTYQP-MRXNPFEDSA-N,2014,Ki,8.497573
DWUAAOIZQFTYQP-MRXNPFEDSA-N,2014,Ki,8.500038
DWUAAOIZQFTYQP-UHFFFAOYSA-N,1997,Ki,8.075721
DXAXPAZZEGLINI-UHFFFAOYSA-N,2017,Ki,6.795880
DXBDRGKOIPOWRV-XGAFWQRZSA-N,2014,Ki,8.570248
DXBDRGKOIPOWRV-XGAFWQRZSA-N,2014,Ki,8.570248
DXBXHKYLHOPBKN-WOJBJXKFSA-N,2014,Ki,6.173472
DXCOQJVYSXJFAX-UHFFFAOYSA-N,2011,Ki,6.494850
DXDRHHKMWQZJHT-FPYGCLRLSA-N,2024,IC50,4.205512
DXFJRUPMNBYXGA-FVUUGDKNSA-N,2023,Ki,9.337242
DXJBLNLSLUGVEL-GFCCVEGCSA-N,2005,Ki,7.059982
DXJBLNLSLUGVEL-LBPRGKRZSA-N,2005,Ki,6.579995
DXTFDOIEUMNMMV-UHFFFAOYSA-N,2011,Ki,7.688246
DXTFDOIEUMNMMV-UHFFFAOYSA-N,2011,IC50,6.408935
DXTFDOIEUMNMMV-UHFFFAOYSA-N,2011,IC50,6.155523
DYCKCLZHSRKOSL-UHFFFAOYSA-N,1999,Ki,5.602060
DYDLMZLLICKPBG-UHFFFAOYSA-N,2008,Ki,7.599980
DYDVACJMXCMPDV-UHFFFAOYSA-N,1997,Ki,8.799971
DYLSSJRMONSQGQ-UHFFFAOYSA-N,2018,Ki,6.359519
DYRKPBYOZVLBCF-UHFFFAOYSA-N,2023,Ki,9.036212
DYWYWIOQKKRAST-AWEZNQCLSA-N,1998,Ki,8.958607
DYWYWIOQKKRAST-AWEZNQCLSA-N,1997,Ki,8.958607
DZCDJCMQDIXJFE-UHFFFAOYSA-N,2017,Ki,7.562249
DZCDJCMQDIXJFE-UHFFFAOYSA-N,2018,Ki,7.562249
DZDAGFDMUXEPPJ-UHFFFAOYSA-N,2005,Ki,7.616185
DZHAENXWCJQFRP-UHFFFAOYSA-N,1999,Ki,6.602060
DZQJENLKOBURPM-XZOQPEGZSA-N,2023,Ki,8.207608
DZWGDUHDXDFOQC-UHFFFAOYSA-N,2007,Ki,6.414539
DZYJECJNISMMEC-SAIGFBBZSA-N,2013,Ki,7.709965
FADJIPFJANIADX-UHFFFAOYSA-N,2006,Ki,8.102373
FANDJZBJYJYKGY-KESTWPANSA-N,1998,Ki,7.318759
FARUCCZQJHBFSU-UHFFFAOYSA-N,2021,Ki,4.823909
FASDKYOPVNHBLU-SSDOTTSWSA-N,2021,Ki,9.179996
FASDKYOPVNHBLU-UHFFFAOYSA-N,1999,Ki,8.000000
FASDKYOPVNHBLU-ZETCQYMHSA-N,2002,Ki,9.060481
FASDKYOPVNHBLU-ZETCQYMHSA-N,2002,EC50,8.823909
FASDKYOPVNHBLU-ZETCQYMHSA-N,2000,Ki,8.555955
FASDKYOPVNHBLU-ZETCQYMHSA-N,2005,Ki,9.140022
FASDKYOPVNHBLU-ZETCQYMHSA-N,2005,EC50,8.823909
FASDKYOPVNHBLU-ZETCQYMHSA-N,2005,Ki,9.055517
FASDKYOPVNHBLU-ZETCQYMHSA-N,2005,Ki,7.420216
FASDKYOPVNHBLU-ZETCQYMHSA-N,2005,Ki,7.420216
FASDKYOPVNHBLU-ZETCQYMHSA-N,2005,Ki,9.055517
FASDKYOPVNHBLU-ZETCQYMHSA-N,2005,EC50,8.823909
FASDKYOPVNHBLU-ZETCQYMHSA-N,2007,EC50,9.000000
FASDKYOPVNHBLU-ZETCQYMHSA-N,2013,Ki,8.070581
FASDKYOPVNHBLU-ZETCQYMHSA-N,2019,Ki,8.879426
FASDKYOPVNHBLU-ZETCQYMHSA-N,2020,EC50,8.267606
FASDKYOPVNHBLU-ZETCQYMHSA-N,2020,Ki,8.086186
FASDKYOPVNHBLU-ZETCQYMHSA-N,2020,Ki,7.886057
FASDKYOPVNHBLU-ZETCQYMHSA-N,2020,Ki,7.769551
FASDKYOPVNHBLU-ZETCQYMHSA-N,2020,Ki,8.958607
FASDKYOPVNHBLU-ZETCQYMHSA-N,2020,Ki,9.026872
FASDKYOPVNHBLU-ZETCQYMHSA-N,2020,Ki,8.251812
FASDKYOPVNHBLU-ZETCQYMHSA-N,2020,Ki,9.045757
FASDKYOPVNHBLU-ZETCQYMHSA-N,2021,Ki,9.179996
FASDKYOPVNHBLU-ZETCQYMHSA-N,2021,Kd,10.588380
FASDKYOPVNHBLU-ZETCQYMHSA-N,2021,EC50,9.090016
FASDKYOPVNHBLU-ZETCQYMHSA-N,2023,EC50,8.389340
FASDKYOPVNHBLU-ZETCQYMHSA-N,2023,Ki,9.301030
FASYQPOSAUOTDU-UHFFFAOYSA-N,1999,Ki,5.628932
FAUOEZQOXBUMAX-CONSDPRKSA-N,2012,EC50,9.275724
FAUOEZQOXBUMAX-QRRGNZNSSA-N,2023,EC50,9.275724
FAUOIWKXVZMERY-UHFFFAOYSA-N,2019,Ki,5.222573
FAUOIWKXVZMERY-UHFFFAOYSA-N,2019,EC50,5.253288
FAWJQUFCTSZCAC-XCZPVHLTSA-N,1998,Ki,8.299989
FAZGZSIAUUOWKB-UHFFFAOYSA-N,2023,Ki,7.560667
FBCAOCCMIHULCW-UHFFFAOYSA-N,2002,Ki,7.522879
FBCSWIXKXHSYBN-LSQWYULJSA-N,2022,Ki,7.229148
FBDPRQPQWAADRA-UEJVZZJDSA-N,2018,Ki,9.301030
FBEPBNQZIQSTRT-UHFFFAOYSA-N,2007,Ki,7.264401
FBGLPECKCFZJFU-UHFFFAOYSA-N,2009,Ki,6.486782
FBJIUWHTOIOHGN-UHFFFAOYSA-N,1999,Ki,5.356547
FBOQGLSPTCBDLZ-UHFFFAOYSA-N,2018,Ki,7.387216
FBPDTELIQBUGLW-MIRVZWSXSA-N,2020,Ki,9.173925
FBPDTELIQBUGLW-MIRVZWSXSA-N,2022,Ki,9.173925
FBROEXNVPDFFCE-IBGZPJMESA-N,2023,Ki,7.481486
FBRUCPZAISLOOV-UHFFFAOYSA-N,1999,Ki,6.154902
FBSPYGXUZZFKDG-KESTWPANSA-N,2014,Ki,8.116907
FBSPYGXUZZFKDG-KESTWPANSA-N,2014,Ki,8.116907
FBWZMWVPZRCOTO-UHFFFAOYSA-N,2019,Ki,6.589999
FBXKPSPDFUNMEE-AOJFSQSVSA-N,2003,Ki,8.799971
FCLHHKLNBKMBPS-UHFFFAOYSA-N,2014,Ki,7.853872
FCNYUNCSSSCOSB-OWWJJEGGSA-N,2023,Ki,9.337242
FCQJWZQRHJCJSA-UHFFFAOYSA-N,2002,Ki,9.259637
FCYQRIODPYABJL-AVRDEDQJSA-N,2016,Ki,9.379968
FCYQRIODPYABJL-GCJKJVERSA-N,2016,Ki,9.010017
FDBKWBKBMRKPJG-UHFFFAOYSA-N,2009,Ki,4.886057
FDBMIKAQORBNLT-NRCGHCQOSA-N,2014,Ki,8.017729
FDBMIKAQORBNLT-NRCGHCQOSA-N,2014,Ki,8.017729
FDCHXWBYCLDODW-UHFFFAOYSA-N,2015,Ki,8.744727
FDELRQRUDIZNMQ-PSDCWKFISA-N,2003,Ki,8.700057
FDGBPEVIZWNWEX-LSNLESRRSA-N,2014,Ki,8.056901
FDGBPEVIZWNWEX-LSNLESRRSA-N,2014,Ki,8.056901
FDGXVDUYFWJNRM-UHFFFAOYSA-N,2021,Ki,6.438899
FDOZNCJWYJMHAG-UHFFFAOYSA-N,1996,Ki,6.552842
FDQXLORJWMWFGU-UHFFFAOYSA-N,1999,Ki,5.698970
FDRALTFJSNMYQH-UHFFFAOYSA-N,2003,Ki,7.376751
FEBNMEHEWSKWSQ-UHFFFAOYSA-N,2017,Ki,7.779892
FEBNMEHEWSKWSQ-UHFFFAOYSA-N,2018,Ki,7.779892
FEBOTPHFXYHVPL-UHFFFAOYSA-N,2016,Ki,9.537602
FEBUQPUIWDHVMW-UHFFFAOYSA-N,2007,Ki,8.799971
FECGZFUZXKQCAY-UHFFFAOYSA-N,2020,Ki,4.906578
FEMKPVDHFCRPKA-UHFFFAOYSA-N,2001,Ki,5.396856
FEPLZHWENCAUEC-JOCHJYFZSA-N,2017,Ki,6.643974
FEQJNVMOFHFOGP-UHFFFAOYSA-N,2007,Ki,8.400008
FEQXRZMYCWCJKY-LBZQVFOQSA-N,2014,Ki,8.011263
FEQXRZMYCWCJKY-LBZQVFOQSA-N,2014,Ki,8.011263
FESDOYDRYVULEO-UHFFFAOYSA-N,2014,Ki,7.698970
FESITOSQGDHYSA-UHFFFAOYSA-N,2003,Ki,5.000000
FETIOVWFCXVZTM-SAIGFBBZSA-N,2014,Ki,8.779892
FETIOVWFCXVZTM-SAIGFBBZSA-N,2014,Ki,8.779892
FEUOYGFGQUAIGL-UHFFFAOYSA-N,2016,Ki,6.279841
FEXBUZQQTXAUHH-HCGLCNNCSA-N,2014,Ki,8.204815
FEXBUZQQTXAUHH-HCGLCNNCSA-N,2014,Ki,8.204815
FEYWSFCMYGDDGW-HCGLCNNCSA-N,2014,Ki,8.112383
FEYWSFCMYGDDGW-HCGLCNNCSA-N,2014,Ki,8.112383
FFDHLEGSHFJYQA-UHFFFAOYSA-N,2009,Ki,6.494850
FFHHYAWKMDTAAH-ACRUOGEOSA-N,2014,Ki,8.545155
FFHHYAWKMDTAAH-ACRUOGEOSA-N,2014,Ki,8.545155
FFHHYAWKMDTAAH-NJDAHSKKSA-N,2014,Ki,8.600326
FFHHYAWKMDTAAH-NJDAHSKKSA-N,2014,Ki,8.600326
FFHHYAWKMDTAAH-YGQOYYDZSA-N,2014,Ki,8.591760
FFHHYAWKMDTAAH-YGQOYYDZSA-N,2014,Ki,8.591760
FFIRBCLBJNTGHL-QRTMHTFLSA-N,2020,Ki,9.346787
FFIRBCLBJNTGHL-QRTMHTFLSA-N,2022,Ki,9.346787
FFKSIHLRCNTALR-UHFFFAOYSA-N,2021,Ki,8.059982
FFKSIHLRCNTALR-UHFFFAOYSA-N,2021,EC50,7.140022
FFSNUOARHPWUIL-UAPYVXQJSA-N,2023,Ki,9.769551
FFZALGRQJRVCKO-CYBMUJFWSA-N,2001,Ki,5.130768
FFZALGRQJRVCKO-CYBMUJFWSA-N,2005,Ki,6.139998
FFZALGRQJRVCKO-ZDUSSCGKSA-N,2001,Ki,6.376751
FFZALGRQJRVCKO-ZDUSSCGKSA-N,2005,Ki,6.379999
FGCAUQWFZKMPKW-UHFFFAOYSA-N,2023,Ki,5.568636
FGCHYOQNROGAEB-UHFFFAOYSA-N,2006,Ki,7.027797
FGCNMKFRKZZXLZ-AGVRXMCOSA-N,2010,Ki,8.500038
FGFHFJJEESMBGK-AATRIKPKSA-N,2011,Ki,7.732828
FGFQEEFTBWHCLW-UHFFFAOYSA-N,2012,Ki,6.109020
FGFQEEFTBWHCLW-UHFFFAOYSA-N,2014,Ki,6.109020
FGGHQCCTGDDYGV-KESTWPANSA-N,2013,Ki,8.083020
FGGHQCCTGDDYGV-KESTWPANSA-N,2013,Ki,8.083020
FGHOMVBEDZJTLR-GOSISDBHSA-N,2016,Ki,6.591760
FGHOMVBEDZJTLR-GOSISDBHSA-N,2016,Ki,5.583359
FGHOMVBEDZJTLR-GOSISDBHSA-N,2016,EC50,6.939302
FGHOMVBEDZJTLR-GOSISDBHSA-N,2016,EC50,7.707744
FGHYITFFCUFQHL-XUTJKUGGSA-N,2014,Ki,8.747147
FGHYITFFCUFQHL-XUTJKUGGSA-N,2014,Ki,8.747147
FGJYYZXNIMNFLL-UHFFFAOYSA-N,2005,Ki,7.795880
FGMYYYXUWUOLGR-UHFFFAOYSA-N,2011,Ki,6.241088
FGNDDXTVXSKQJK-UHFFFAOYSA-N,1997,Ki,5.675718
FGNDDXTVXSKQJK-UHFFFAOYSA-N,1997,Ki,5.657577
FGNNTMOHGQLEJO-HTENBUITSA-N,2000,Ki,8.199971
FGTGRXMIFIZGBG-UHFFFAOYSA-N,2012,Ki,7.309804
FGTGRXMIFIZGBG-UHFFFAOYSA-N,2014,Ki,6.739929
FGTPWKOXAMOVMM-MIRVZWSXSA-N,2020,Ki,9.408935
FGTPWKOXAMOVMM-MIRVZWSXSA-N,2022,Ki,9.408935
FGUAFUHOYLNTRN-UHFFFAOYSA-N,2006,Ki,8.207608
FGVSZVRUGNMGKP-UHFFFAOYSA-N,2000,Ki,5.795880
FGVZAUNCIJVVFY-WGSAOQKQSA-N,2022,Ki,10.853872
FGXWKSZFVQUSTL-UHFFFAOYSA-N,2003,Ki,8.455932
FGXWKSZFVQUSTL-UHFFFAOYSA-N,,IC50,7.744727
FGXWKSZFVQUSTL-UHFFFAOYSA-N,,Ki,8.204607
FGXWKSZFVQUSTL-UHFFFAOYSA-N,2015,Ki,8.124939
FGXWKSZFVQUSTL-UHFFFAOYSA-N,2015,Ki,8.124939
FGXXPAFUXKMGKU-UHFFFAOYSA-N,2011,Ki,6.600326
FHBMSKSIPMUQOG-UHFFFAOYSA-N,2016,Ki,8.327902
FHJKGVBVLIXGIQ-CYBMUJFWSA-N,2016,Ki,7.663540
FHJKGVBVLIXGIQ-CYBMUJFWSA-N,2016,Ki,7.319664
FHJKGVBVLIXGIQ-CYBMUJFWSA-N,2016,EC50,5.846795
FHJKGVBVLIXGIQ-CYBMUJFWSA-N,2016,EC50,7.251037
FHMWRCSIRLHLAI-OUKQBFOZSA-N,1995,Ki,7.721246
FHOVKJHMUHGSDG-OJBMAJLDSA-N,2014,Ki,7.787812
FHOVKJHMUHGSDG-OJBMAJLDSA-N,2014,Ki,7.787812
FHRMNCCBNRHQPN-XUTJKUGGSA-N,2020,Ki,10.853872
FHSMMEAYPKEOAQ-UHFFFAOYSA-N,2015,Ki,7.060481
FHSMMEAYPKEOAQ-UHFFFAOYSA-N,2024,Ki,7.060481
FHTCFDIRPCKGKO-UHFFFAOYSA-N,2017,Ki,5.571541
FHXDBZHSFZNQBN-UHFFFAOYSA-N,2013,Ki,8.045757
FIEUCLRMVRKRIW-YIQCUVMYSA-N,2020,Ki,10.585027
FIEUCLRMVRKRIW-YIQCUVMYSA-N,2022,Ki,10.585027
FIFCKHUAPMXUCB-VQTJNVASSA-N,2021,Ki,9.307153
FIHJHWNDFUFQRI-IZBCBXDISA-N,2023,Ki,9.481486
FIIJQHSUFMYWQS-UHFFFAOYSA-N,2014,Ki,5.872895
FIIJQHSUFMYWQS-UHFFFAOYSA-N,2014,Ki,5.870001
FIJPMMPGAZUPGI-LEWJYISDSA-N,2020,Ki,9.795880
FIJPMMPGAZUPGI-LEWJYISDSA-N,2022,Ki,9.795880
FIMDFCHHYZMXDV-YGQOYYDZSA-N,2014,Ki,8.508638
FIMDFCHHYZMXDV-YGQOYYDZSA-N,2014,Ki,8.508638
FIQUQIIUSBAECI-QAQDUYKDSA-N,2014,Ki,8.725842
FIQUQIIUSBAECI-QAQDUYKDSA-N,2014,Ki,8.725842
FISUUARMPJZKMS-UHFFFAOYSA-N,2007,Ki,5.709965
FIZAPBXYZQYEQQ-JKIUYZKVSA-N,2013,Ki,7.454322
FIZAPBXYZQYEQQ-JKIUYZKVSA-N,2013,Ki,7.454322
FJCIWANMQSLZNY-WLNZHLEZSA-N,2001,Ki,7.860121
FJCLYLWFKWDKEV-KESTWPANSA-N,2014,Ki,8.032686
FJCLYLWFKWDKEV-KESTWPANSA-N,2014,Ki,8.032686
FJIQRQMSPDCJJA-QHCPKHFHSA-N,2023,Ki,7.180456
FJIQRQMSPDCJJA-QHCPKHFHSA-N,2023,IC50,7.229148
FJIQRQMSPDCJJA-QHCPKHFHSA-N,2023,IC50,6.823909
FJKZYFQWHOCWIZ-KESTWPANSA-N,2014,Ki,8.443697
FJKZYFQWHOCWIZ-KESTWPANSA-N,2014,Ki,8.443697
FJTBQZNFUHLCOQ-UAPYVXQJSA-N,2014,Ki,8.000000
FJTBQZNFUHLCOQ-UAPYVXQJSA-N,2014,Ki,8.000000
FJUKDAZEABGEIH-UHFFFAOYSA-N,2024,Ki,7.484656
FJVFFJPYYUVVJU-UHFFFAOYSA-N,2007,Ki,8.299989
FJWCYEPZDVUXMR-UHFFFAOYSA-N,2009,Ki,6.799998
FJXRWQLSUYHSFX-RUZDIDTESA-N,2013,EC50,7.518557
FJXRWQLSUYHSFX-UHFFFAOYSA-N,2008,Ki,7.653647
FJYJGNZBZKNLBF-UHFFFAOYSA-N,2019,Ki,5.826814
FJYJGNZBZKNLBF-UHFFFAOYSA-N,2019,EC50,5.559878
FJYJGNZBZKNLBF-UHFFFAOYSA-N,2019,IC50,4.054507
FJYOWAGOWYSGRX-UHFFFAOYSA-N,2014,Ki,7.397940
FJYYLTSACBJXID-UHFFFAOYSA-N,1997,Ki,6.423659
FJZRVTBENKLHMM-UHFFFAOYSA-N,2017,Ki,6.408935
FKBRVKLQNBDXPE-UHFFFAOYSA-N,2015,Ki,7.471083
FKBRVKLQNBDXPE-UHFFFAOYSA-N,2015,EC50,9.022276
FKBRVKLQNBDXPE-UHFFFAOYSA-N,2015,IC50,7.327902
FKDUMTZHFXGASD-UHFFFAOYSA-N,2006,Ki,8.408935
FKFXRRIOERUHEP-UHFFFAOYSA-N,2016,Ki,7.508638
FKFXRRIOERUHEP-UHFFFAOYSA-N,2016,Ki,7.519993
FKHBHNWGBJHKGW-UHFFFAOYSA-N,2006,Ki,9.096910
FKHJOYFNYFVDRF-UHFFFAOYSA-N,2008,Ki,5.958607
FKHVTQQFARSOBP-UHFFFAOYSA-N,2019,Ki,9.167491
FKIOAWWWCGUPIH-UHFFFAOYSA-N,2018,Ki,6.230003
FKJFAUSZKZYNCF-UHFFFAOYSA-N,2019,Ki,6.154902
FKPNKWMJMHRBGE-UHFFFAOYSA-N,1996,Ki,9.124939
FKPUMTSFODZMAY-UHFFFAOYSA-N,2012,Ki,6.455932
FKUQSZKJDBSUAF-ZDUSSCGKSA-N,2007,Ki,9.221849
FKYWSGYMKJUZEP-ZOBUZTSGSA-N,2010,Ki,3.886057
FKYWSGYMKJUZEP-ZOBUZTSGSA-N,2012,Ki,6.677781
FLDYDMUQJQRGFN-PZJWPPBQSA-N,2021,Ki,9.360514
FLHNFXPLCFJIDJ-MRXNPFEDSA-N,1994,Ki,7.251812
FLIIXHVRMXEDPQ-UHFFFAOYSA-N,2008,Ki,7.899974
FLJUYWJINNZFMZ-UHFFFAOYSA-N,1997,Ki,8.408935
FLJUYWJINNZFMZ-UHFFFAOYSA-N,2005,Ki,8.410050
FLNGBOIVGQBOBU-UHFFFAOYSA-N,2013,Ki,5.769551
FLNJSRMYQSEHEU-UHFFFAOYSA-N,2014,Ki,6.769551
FLNJSRMYQSEHEU-UHFFFAOYSA-N,2014,Ki,6.799998
FLQHAMHLQRATPW-UHFFFAOYSA-N,2007,Ki,8.130006
FLVVAVLMHCUYGY-UHFFFAOYSA-N,2007,Ki,7.799971
FMGBBVCKDCTAKW-TZYAJKAJSA-N,2014,Ki,8.000000
FMGBBVCKDCTAKW-TZYAJKAJSA-N,2014,Ki,8.000000
FMKZTRTUGPXJFV-UHFFFAOYSA-N,2000,Ki,4.886057
FMLDUWPAAHKNPY-HNKWHGCMSA-N,2014,Ki,7.978811
FMLDUWPAAHKNPY-HNKWHGCMSA-N,2014,Ki,7.978811
FMWVLGRDWGHGJV-UHFFFAOYSA-N,1999,Ki,5.279841
FMZGBSVSSSJNBU-VAWYXSNFSA-N,2003,Ki,9.337242
FMZYTGKVWBHUEI-UHFFFAOYSA-N,2010,Ki,8.004365
FNCHOLREEKOGDL-JHJOSGQCSA-N,2014,Ki,8.593460
FNCHOLREEKOGDL-JHJOSGQCSA-N,2014,Ki,8.593460
FNCWUZADAIADLQ-UHFFFAOYSA-N,2007,Ki,8.460046
FNDLZQGZKLRGIU-YOCNBXQISA-N,2013,Ki,7.832683
FNDYKBLJPFQMEN-UHFFFAOYSA-N,2016,Ki,7.920819
FNHANZYICZUWQM-UHFFFAOYSA-N,2006,Ki,7.795880
FNMHRIVKENCKLK-IGGCZAQCSA-N,2020,Ki,9.920819
FNMHRIVKENCKLK-IGGCZAQCSA-N,2022,Ki,9.920819
FNNKRCZBNZOMQJ-MEMLXQNLSA-N,2023,Ki,9.136677
FNNKRCZBNZOMQJ-MEMLXQNLSA-N,2023,IC50,7.759950
FNNKRCZBNZOMQJ-MEMLXQNLSA-N,2023,IC50,7.758205
FNNXWXFDPGCSNX-XUTJKUGGSA-N,2023,Ki,9.795880
FNRRHBXSSQNLPH-UHFFFAOYSA-N,2009,Ki,7.349984
FNWIXECQKCBEDQ-UHFFFAOYSA-N,1999,Ki,6.744727
FODISKJARWLXOS-UHFFFAOYSA-N,2009,Ki,4.610000
FOECKIWHCOYYFL-UHFFFAOYSA-N,2020,Ki,5.168130
FOECKIWHCOYYFL-UHFFFAOYSA-N,2021,IC50,5.100179
FOECKIWHCOYYFL-UHFFFAOYSA-N,2021,Ki,5.568636
FOECKIWHCOYYFL-UHFFFAOYSA-N,2021,Ki,6.053400
FOECKIWHCOYYFL-UHFFFAOYSA-N,2021,Ki,6.050000
FOECKIWHCOYYFL-UHFFFAOYSA-N,2023,Ki,6.053400
FOHGNVLGHIBZAX-UHFFFAOYSA-N,2020,EC50,6.681937
FOHGNVLGHIBZAX-UHFFFAOYSA-N,2023,EC50,6.681937
FOHGUOABUOPCLW-FVUUGDKNSA-N,2023,Ki,9.000000
FOIMIKRPLAIUMW-RWXRFDSASA-N,2023,Ki,9.080922
FOJAWPAIUACMCV-ZJBHJZIXSA-N,2023,Ki,8.882729
FOKZOGSWMCKMLR-UHFFFAOYSA-N,2006,Ki,8.130768
FOLXSEMOHDUPCN-UHFFFAOYSA-N,2018,Ki,6.324222
FOMVFMMGQCMSQQ-MRXNPFEDSA-N,2011,Ki,6.050610
FOQMHNUCQRZHMO-IYARVYRRSA-N,1998,Ki,8.301030
FORAQSMKEXXBJZ-MXVIHJGJSA-N,2013,Ki,7.962574
FOSYKSVEHLEJMK-UAPYVXQJSA-N,2014,Ki,7.995679
FOSYKSVEHLEJMK-UAPYVXQJSA-N,2014,Ki,7.995679
FOTUXOOYRRRHFQ-UHFFFAOYSA-N,2012,Ki,5.262330
FOUYNUWEFKTMDR-UHFFFAOYSA-N,2010,Ki,8.400008
FOWVILAPRCJMGP-MRXNPFEDSA-N,2016,Ki,8.469800
FOWVILAPRCJMGP-MRXNPFEDSA-N,2016,Ki,8.218245
FOWVILAPRCJMGP-MRXNPFEDSA-N,2016,EC50,7.284833
FOWVILAPRCJMGP-MRXNPFEDSA-N,2016,EC50,8.431798
FOXUYLUURDWAGN-KESTWPANSA-N,2013,Ki,7.905878
FOXUYLUURDWAGN-KESTWPANSA-N,2013,Ki,7.905878
FOYUWODSNRINIS-UHFFFAOYSA-N,1997,Ki,7.899974
FPECFHTXABEENA-UHFFFAOYSA-N,2007,Ki,7.552842
FPHFICIJDHPAHE-MOPGFXCFSA-N,1999,Ki,7.508638
FPHFICIJDHPAHE-OALUTQOASA-N,1999,Ki,6.455932
FPHFICIJDHPAHE-RBUKOAKNSA-N,1999,Ki,6.508638
FPHFICIJDHPAHE-RTBURBONSA-N,1999,Ki,6.568636
FPIUKAAHOYRXRK-UHFFFAOYSA-N,2006,Ki,7.917215
FPLHVKDUVQOWKV-UHFFFAOYSA-N,2016,Ki,7.677781
FPLHVKDUVQOWKV-UHFFFAOYSA-N,2016,Ki,7.680062
FPSXFLZNLAYRGB-UHFFFAOYSA-N,2023,Ki,6.046240
FPUAKJDDMRFFBU-UHFFFAOYSA-N,2017,Ki,7.151195
FPUAKJDDMRFFBU-UHFFFAOYSA-N,2018,Ki,7.151195
FPUKGJMTLUQGFZ-UHFFFAOYSA-N,2013,Ki,6.000000
FQCPFWPAGODRNN-UHFFFAOYSA-N,2001,Ki,5.214670
FQEKHPKAOCFEHM-UHFFFAOYSA-N,2016,Ki,8.060481
FQILBZPKWUSDNG-UHFFFAOYSA-N,1997,Ki,6.499997
FQJVIZLZSFQUTO-UHFFFAOYSA-N,2014,Ki,7.107905
FQJVIZLZSFQUTO-UHFFFAOYSA-N,2017,Ki,7.106793
FQJVIZLZSFQUTO-UHFFFAOYSA-N,2018,Ki,7.106793
FQKBVZIGJYRJIJ-UHFFFAOYSA-N,2008,Ki,7.400008
FQLLNWUUMBPODU-UHFFFAOYSA-N,2025,Ki,6.799998
FQPSOJRHFJUUMC-HNNXBMFYSA-N,2024,Ki,6.261219
FQRXUQIAZYDCID-UHFFFAOYSA-N,2015,Ki,8.050610
FQXALFLSCOKUML-UHFFFAOYSA-N,2007,Ki,6.468521
FRCZRQAUJGJNII-UHFFFAOYSA-N,2021,Ki,6.661544
FRCZRQAUJGJNII-UHFFFAOYSA-N,2021,Ki,6.659992
FRFIZCRRPBDSOP-AATRIKPKSA-N,2013,Ki,8.698970
FRHJULSNWZOUMW-UHFFFAOYSA-N,2008,Ki,7.899974
FRIUOYMOHHKICX-UHFFFAOYSA-N,2020,Ki,9.301030
FRIUOYMOHHKICX-UHFFFAOYSA-N,2022,Ki,9.301030
FRKKVNDZDTXASV-UHFFFAOYSA-N,2013,Ki,9.408935
FROJMJFJUZFRPE-UHFFFAOYSA-N,2016,Ki,7.619789
FRRINSVGAXZLRR-UHFFFAOYSA-N,2016,Ki,7.568636
FSHKWBYMYDCHAB-HKWRFOASSA-N,1997,Ki,6.292430
FSKDJHMJFCWDOT-IYARVYRRSA-N,2014,Ki,9.040959
FSKDJHMJFCWDOT-IYARVYRRSA-N,2014,Ki,9.040959
FSLWZIRTOUAUNP-UHFFFAOYSA-N,2017,Ki,8.070581
FSMFABUIPFMXCD-HNKWHGCMSA-N,2014,Ki,7.978811
FSMFABUIPFMXCD-HNKWHGCMSA-N,2014,Ki,7.978811
FSRGBFIJCFDRBB-NGRWLJPCSA-N,2008,Ki,8.920819
FSYNULSLZHGKCA-AZUAARDMSA-N,2025,Ki,6.397940
FTCUBQDATNLTBT-UHFFFAOYSA-N,1997,Ki,5.537602
FTCVLHZRRJVLPD-HOTGVXAUSA-N,2009,Ki,6.050000
FTCVLHZRRJVLPD-HZPDHXFCSA-N,2009,Ki,8.379968
FTCVLHZRRJVLPD-HZPDHXFCSA-N,2009,EC50,8.849858
FTEVXGASDTUTGT-UHFFFAOYSA-N,2007,Ki,5.869988
FTHTYXCWRXEABJ-UHFFFAOYSA-N,2016,Ki,6.643974
FTLMEDJIWYEYEA-UHFFFAOYSA-N,2016,Ki,6.681937
FTLOZRFDKPZXJE-UHFFFAOYSA-N,2017,Ki,6.175224
FTLOZRFDKPZXJE-UHFFFAOYSA-N,2018,Ki,6.175224
FTRMVNZQPKCUAS-UHFFFAOYSA-N,2008,Ki,6.568636
FTSARFSCILVQEK-ONEGZZNKSA-N,2005,Ki,8.420216
FTSUPYGMFAPCFZ-ZWNOBZJWSA-N,2002,EC50,8.508638
FTSUPYGMFAPCFZ-ZWNOBZJWSA-N,2001,Ki,7.619789
FTSUPYGMFAPCFZ-ZWNOBZJWSA-N,2001,Ki,6.376751
FTSUPYGMFAPCFZ-ZWNOBZJWSA-N,2003,Ki,7.619789
FTSUPYGMFAPCFZ-ZWNOBZJWSA-N,2000,EC50,8.769551
FTSUPYGMFAPCFZ-ZWNOBZJWSA-N,1999,Ki,7.000000
FTSUPYGMFAPCFZ-ZWNOBZJWSA-N,2005,Ki,7.619970
FTSUPYGMFAPCFZ-ZWNOBZJWSA-N,2005,EC50,8.585027
FTSUPYGMFAPCFZ-ZWNOBZJWSA-N,2005,Ki,7.619789
FTSUPYGMFAPCFZ-ZWNOBZJWSA-N,2005,Ki,6.376751
FTSUPYGMFAPCFZ-ZWNOBZJWSA-N,2005,EC50,8.853872
FTSUPYGMFAPCFZ-ZWNOBZJWSA-N,2005,Ki,6.376751
FTSUPYGMFAPCFZ-ZWNOBZJWSA-N,2005,Ki,7.619789
FTSUPYGMFAPCFZ-ZWNOBZJWSA-N,2005,EC50,8.585027
FTSUPYGMFAPCFZ-ZWNOBZJWSA-N,2005,Ki,9.387216
FTSUPYGMFAPCFZ-ZWNOBZJWSA-N,2005,EC50,7.599980
FTSUPYGMFAPCFZ-ZWNOBZJWSA-N,2006,EC50,8.585027
FTSUPYGMFAPCFZ-ZWNOBZJWSA-N,2006,EC50,8.468521
FTSUPYGMFAPCFZ-ZWNOBZJWSA-N,2007,EC50,8.283997
FTSUPYGMFAPCFZ-ZWNOBZJWSA-N,2009,Ki,7.903090
FTSUPYGMFAPCFZ-ZWNOBZJWSA-N,2008,EC50,8.677781
FTSUPYGMFAPCFZ-ZWNOBZJWSA-N,2008,EC50,8.537602
FTSUPYGMFAPCFZ-ZWNOBZJWSA-N,2009,Ki,7.309804
FTSUPYGMFAPCFZ-ZWNOBZJWSA-N,2011,EC50,8.853872
FTSUPYGMFAPCFZ-ZWNOBZJWSA-N,2012,EC50,8.075721
FTSUPYGMFAPCFZ-ZWNOBZJWSA-N,2012,Ki,7.366532
FTSUPYGMFAPCFZ-ZWNOBZJWSA-N,2013,Ki,7.823909
FTSUPYGMFAPCFZ-ZWNOBZJWSA-N,2014,Ki,7.823909
FTSUPYGMFAPCFZ-ZWNOBZJWSA-N,2014,EC50,8.010017
FTSUPYGMFAPCFZ-ZWNOBZJWSA-N,2014,EC50,8.013228
FTSUPYGMFAPCFZ-ZWNOBZJWSA-N,2015,Ki,7.823909
FTSUPYGMFAPCFZ-ZWNOBZJWSA-N,2015,EC50,8.619789
FTSUPYGMFAPCFZ-ZWNOBZJWSA-N,2015,EC50,8.000000
FTSUPYGMFAPCFZ-ZWNOBZJWSA-N,2016,Ki,8.096367
FTSUPYGMFAPCFZ-ZWNOBZJWSA-N,2016,Ki,7.533132
FTSUPYGMFAPCFZ-ZWNOBZJWSA-N,2016,EC50,8.481486
FTSUPYGMFAPCFZ-ZWNOBZJWSA-N,2016,Ki,7.823909
FTSUPYGMFAPCFZ-ZWNOBZJWSA-N,2016,EC50,6.729787
FTSUPYGMFAPCFZ-ZWNOBZJWSA-N,2017,Ki,8.170053
FTSUPYGMFAPCFZ-ZWNOBZJWSA-N,2018,EC50,10.013228
FTSUPYGMFAPCFZ-ZWNOBZJWSA-N,2019,EC50,8.585027
FTSUPYGMFAPCFZ-ZWNOBZJWSA-N,2020,EC50,9.376751
FTSUPYGMFAPCFZ-ZWNOBZJWSA-N,2020,EC50,7.455932
FTSUPYGMFAPCFZ-ZWNOBZJWSA-N,2021,EC50,8.750068
FTSUPYGMFAPCFZ-ZWNOBZJWSA-N,2021,EC50,8.705534
FTSUPYGMFAPCFZ-ZWNOBZJWSA-N,2021,EC50,8.709965
FTSUPYGMFAPCFZ-ZWNOBZJWSA-N,2021,EC50,8.480172
FTSUPYGMFAPCFZ-ZWNOBZJWSA-N,2021,EC50,8.480041
FTSUPYGMFAPCFZ-ZWNOBZJWSA-N,2021,EC50,8.619970
FTSUPYGMFAPCFZ-ZWNOBZJWSA-N,2021,EC50,8.750068
FTSUPYGMFAPCFZ-ZWNOBZJWSA-N,2021,IC50,7.569925
FTSUPYGMFAPCFZ-ZWNOBZJWSA-N,2023,EC50,8.639975
FTSUPYGMFAPCFZ-ZWNOBZJWSA-N,2023,EC50,8.643974
FTSUPYGMFAPCFZ-ZWNOBZJWSA-N,2023,EC50,8.590067
FTSUPYGMFAPCFZ-ZWNOBZJWSA-N,2023,EC50,8.586700
FTZUWJCGDUCPLF-UHFFFAOYSA-N,2020,EC50,8.193820
FTZUWJCGDUCPLF-UHFFFAOYSA-N,2023,EC50,8.193820
FTZUWJCGDUCPLF-UHFFFAOYSA-N,2023,EC50,8.193820
FTZUWJCGDUCPLF-UHFFFAOYSA-N,2023,EC50,8.366532
FUAJGUYRNZZDBH-WGSAOQKQSA-N,2013,Ki,7.507240
FUBQWNPFXKULIT-UHFFFAOYSA-N,2007,Ki,4.828859
FUCGAUZSWYLMRK-UHFFFAOYSA-N,1998,Ki,6.006564
FUFXFMAPOLKTBS-MIRVZWSXSA-N,2023,Ki,9.200659
FUGWOZRGTJZGAQ-UHFFFAOYSA-N,2019,Ki,8.616185
FUJBVUPRADYUIB-XUTJKUGGSA-N,2014,Ki,8.348722
FUJBVUPRADYUIB-XUTJKUGGSA-N,2014,Ki,8.348722
FUNLPOKPIPLUBX-UHFFFAOYSA-N,2010,IC50,5.538652
FUOMYSOASQSWCG-UHFFFAOYSA-N,2009,Ki,8.086186
FUOWDZYYVJJPIW-SFHVURJKSA-N,2014,Ki,6.889410
FUZBDAGWGHASHR-KRWDZBQOSA-N,1999,Ki,5.568636
FUZBDAGWGHASHR-QGZVFWFLSA-N,1999,Ki,5.060481
FUZTUBAKRJSXML-UHFFFAOYSA-N,2019,Ki,7.950782
FUZTUBAKRJSXML-UHFFFAOYSA-N,2020,Ki,7.950782
FVDJBCOSGCFCMV-UHFFFAOYSA-N,2017,EC50,6.619789
FVDPLVKCBNWFME-UHFFFAOYSA-N,2003,Ki,5.920819
FVHLWQUAXIQGNY-UHFFFAOYSA-N,2015,Ki,8.832683
FVIINRQKSXAKLE-UHFFFAOYSA-N,2011,Ki,6.330683
FVMDOYQNOWAVCQ-UHFFFAOYSA-N,2012,Ki,5.516698
FVQOIDZBAPLYGQ-UHFFFAOYSA-N,2002,Ki,5.026872
FVQPLTGWKDOVQS-IYARVYRRSA-N,2020,Ki,9.619789
FVQPLTGWKDOVQS-IYARVYRRSA-N,2022,Ki,9.619789
FVRSJSBIEQJTRJ-UAPYVXQJSA-N,2013,Ki,8.334419
FVRSJSBIEQJTRJ-UAPYVXQJSA-N,2013,Ki,8.334419
FVSOIPSTCDDDHQ-UHFFFAOYSA-N,2017,Ki,6.299998
FVTIZFQEARZLMQ-UHFFFAOYSA-N,2009,Ki,7.326058
FVURRBVVEFEGAB-UHFFFAOYSA-N,2015,Ki,6.243455
FWACCHRUKMDWQL-ZWXJPIIXSA-N,2023,EC50,9.065502
FWEPTGIQTOSNDF-UHFFFAOYSA-N,2019,Ki,7.442493
FWGBSERBTNODSZ-MEMLXQNLSA-N,2023,Ki,9.000000
FWGBSERBTNODSZ-MEMLXQNLSA-N,2023,IC50,7.470057
FWGBSERBTNODSZ-MEMLXQNLSA-N,2023,IC50,7.473273
FWIXCSGJXQPKPA-UHFFFAOYSA-N,2016,Ki,7.647817
FWIXCSGJXQPKPA-UHFFFAOYSA-N,2016,IC50,6.031517
FWLGDHKTYMRCAQ-GFCCVEGCSA-N,2005,Ki,5.599999
FWLGDHKTYMRCAQ-LBPRGKRZSA-N,2005,Ki,7.639975
FWMIDKRMSILWNA-IYARVYRRSA-N,2020,Ki,9.920819
FWMIDKRMSILWNA-IYARVYRRSA-N,2022,Ki,9.920819
FWPPLEXUCNFYBN-UHFFFAOYSA-N,2003,Ki,8.097453
FWRKTWHTQZRAPD-FCMXBYMOSA-N,2014,Ki,8.219683
FWRKTWHTQZRAPD-FCMXBYMOSA-N,2014,Ki,8.219683
FWRYWDVIHVFRGE-UHFFFAOYSA-N,2017,Ki,8.008774
FWRYWDVIHVFRGE-UHFFFAOYSA-N,2018,Ki,8.008774
FWUYSYBMZPOIDO-UHFFFAOYSA-N,2021,Ki,5.047692
FWWZEVQZVDGPGJ-UHFFFAOYSA-N,2005,Ki,8.161151
FWWZEVQZVDGPGJ-UHFFFAOYSA-N,2005,EC50,7.219971
FWYMLODBNSUZMM-OWOJBTEDSA-N,2005,Ki,8.698970
FXBRDXOXJHZPDA-UHFFFAOYSA-N,2008,Ki,8.599980
FXHLGRYCQSRFHY-MQSINFNDSA-N,2005,Ki,7.022276
FXIOLEMXUYMYEG-NLFFAJNJSA-N,2016,Ki,7.439974
FXMDNGYJSZHADA-UHFFFAOYSA-N,2013,Ki,8.744727
FXOJKPLALHHTKM-UHFFFAOYSA-N,1997,Ki,8.700057
FXPWIJUEEVCPAI-SECBINFHSA-N,2016,Ki,4.565431
FXUMDUOHWITHIX-UHFFFAOYSA-N,2019,Ki,5.177374
FXZOIJYOTNRPAT-JLHYYAGUSA-N,2003,Ki,9.366532
FYHDUYJHKIWKCX-UHFFFAOYSA-N,2007,Ki,8.070019
FYHIVHSWDVHSCA-FCHUYYIVSA-N,2017,EC50,8.920819
FYSQMYZWYIPETJ-RSBROLRWSA-N,2014,Ki,7.904482
FYSQMYZWYIPETJ-RSBROLRWSA-N,2014,Ki,7.904482
FYSSSSIVDTYBFD-SFHVURJKSA-N,2000,Ki,6.939302
FYSSSSIVDTYBFD-UHFFFAOYSA-N,2000,Ki,6.657577
FYWWZJPZGSOQHH-UHFFFAOYSA-N,2007,Ki,7.540005
FZDNUIQNUJFKIG-UHFFFAOYSA-N,2017,Ki,8.638272
FZDNUIQNUJFKIG-UHFFFAOYSA-N,2018,Ki,8.638272
FZEUFNLUEJZENL-APWZRJJASA-N,2019,Ki,9.059982
FZEUFNLUEJZENL-APWZRJJASA-N,2020,Ki,9.059982
FZEUFNLUEJZENL-QFBILLFUSA-N,2019,Ki,8.159894
FZEUFNLUEJZENL-QFBILLFUSA-N,2020,Ki,8.159894
FZEUFNLUEJZENL-UHFFFAOYSA-N,2016,Ki,8.199971
FZEUFNLUEJZENL-UHFFFAOYSA-N,2016,Ki,9.100015
FZEUFNLUEJZENL-UHFFFAOYSA-N,2016,Ki,8.899974
FZEUFNLUEJZENL-UHFFFAOYSA-N,2019,Ki,8.860121
FZEUFNLUEJZENL-UHFFFAOYSA-N,2020,Ki,8.860121
FZFIBSDQQKUERM-UHFFFAOYSA-N,2015,Ki,8.255707
FZIIBLBHXXRTMG-RAOGCBAWSA-N,2011,Ki,5.282746
FZIIBLBHXXRTMG-RAOGCBAWSA-N,2013,Ki,5.282746
FZQRWGRFKDAQAI-UHFFFAOYSA-N,2007,Ki,8.770062
FZTHGRYFMPGYHV-UHFFFAOYSA-N,2021,Ki,5.899998
GABAKKAKKXWMMF-LBULQRRMSA-N,2003,Ki,8.899974
GACKYORUNWZVHC-UHFFFAOYSA-N,2008,Ki,6.026872
GACXEIRXCURUID-QNRJLKAHSA-N,2013,Ki,8.112383
GACXEIRXCURUID-QNRJLKAHSA-N,2013,Ki,8.112383
GAKGHYKFFZHEBW-SCTJWGJOSA-N,2014,Ki,7.969400
GAKGHYKFFZHEBW-SCTJWGJOSA-N,2014,Ki,7.969400
GAKGHYKFFZHEBW-UEVCKROQSA-N,2014,Ki,8.430860
GAKGHYKFFZHEBW-UEVCKROQSA-N,2014,Ki,8.430860
GAKGHYKFFZHEBW-VJBMBRPKSA-N,2014,Ki,7.969400
GAKGHYKFFZHEBW-VJBMBRPKSA-N,2014,Ki,7.969400
GALCSZPFCCZIBC-UHFFFAOYSA-N,2001,IC50,6.269218
GARRNCFUWHSEJV-UHFFFAOYSA-N,1998,IC50,5.397940
GAXCJWUSIYYVJI-XUTJKUGGSA-N,2023,Ki,9.000000
GAXMVVSYOXLLNF-HCGLCNNCSA-N,2014,Ki,8.473661
GAXMVVSYOXLLNF-HCGLCNNCSA-N,2014,Ki,8.473661
GBBXKCGHLOWKFM-WGSAOQKQSA-N,1997,Ki,9.301030
GBECAOYRFRVNTA-UHFFFAOYSA-N,2009,Ki,6.790003
GCEDZTWELCPACO-UHFFFAOYSA-N,2021,Ki,6.767004
GCEDZTWELCPACO-UHFFFAOYSA-N,2021,Ki,6.500313
GCEDZTWELCPACO-UHFFFAOYSA-N,2021,EC50,6.130000
GCNYBTOKPNSCEU-ASMCULGUSA-N,2014,Ki,6.864486
GCNYBTOKPNSCEU-ASMCULGUSA-N,2014,Ki,6.864486
GCPJLEFIDKNRJR-QUCCMNQESA-N,2017,Ki,7.630784
GCSJTLWMFLOWBK-UHFFFAOYSA-N,1997,Ki,6.308919
GCSJTLWMFLOWBK-UHFFFAOYSA-N,2021,Ki,6.308919
GCWICAXLFBBMBG-UHFFFAOYSA-N,2018,Ki,7.524329
GDEQPGACTRNZFK-UHFFFAOYSA-N,2008,Ki,5.468521
GDFOAQPKYDGSPR-UHFFFAOYSA-N,2019,Ki,7.124939
GDIAQHPBSQUEQC-UHFFFAOYSA-N,2016,Ki,7.799971
GDIAQHPBSQUEQC-UHFFFAOYSA-N,2020,Ki,7.449772
GDILZWFRCXVWFM-UHFFFAOYSA-N,2002,Ki,8.283997
GDLIGKIOYRNHDA-UHFFFAOYSA-N,,IC50,6.856985
GDLIGKIOYRNHDA-UHFFFAOYSA-N,,Ki,7.327902
GDNIDPXEYGAWQX-UHFFFAOYSA-N,2020,EC50,6.537602
GDYQVHUWFCXMBW-UHFFFAOYSA-N,1999,Ki,7.799971
GEGLEQALPLAWHZ-UHFFFAOYSA-N,2015,Ki,8.167491
GEPUWJGKAOGNRH-UHFFFAOYSA-N,2019,Ki,5.091515
GESNZTWIXMSIMZ-UHFFFAOYSA-N,2009,Ki,7.000000
GESNZTWIXMSIMZ-UHFFFAOYSA-N,2009,Ki,7.000000
GEVFMRRCRSTMJH-UHFFFAOYSA-N,2021,Ki,5.602060
GFAFSCXGLIXHFV-OOAXWGSJSA-N,1996,Ki,8.700057
GFAFSCXGLIXHFV-QJAFFKISSA-N,1996,Ki,9.000000
GFAWBYQCJNZYGH-WGSAOQKQSA-N,1997,Ki,7.619789
GFDLWVZOTUWVML-UHFFFAOYSA-N,2007,Ki,6.299998
GFDZRHZKBRJIGS-UHFFFAOYSA-N,2009,Ki,6.699992
GFIWVFPRSFCUJU-PAVFIEEWSA-N,2023,Ki,9.318759
GFJQMJYOLGYPBB-UHFFFAOYSA-N,2005,Ki,4.920819
GFJRPGWLBNGCOI-JCNLHEQBSA-N,2020,Ki,8.823909
GFJRPGWLBNGCOI-JCNLHEQBSA-N,2022,Ki,8.823909
GFLAXMWGVQJOMI-UHFFFAOYSA-N,2009,Ki,6.299998
GFMAXQNKPHDTKL-UHFFFAOYSA-N,2017,Ki,7.525784
GFMAXQNKPHDTKL-UHFFFAOYSA-N,2018,Ki,7.525784
GFQWAFBXHVCNHP-LMTLIKQPSA-N,2009,Ki,8.199971
GFQWAFBXHVCNHP-LMTLIKQPSA-N,2009,Ki,8.199971
GFRVMVDESKRPSW-UHFFFAOYSA-N,2016,EC50,8.167491
GFWJJPMDPCQZBK-NSOVKSMOSA-N,1998,Ki,7.899974
GFXGGKFVAYIGGO-DBVUQKKJSA-N,2019,Ki,7.570248
GFXGGKFVAYIGGO-DBVUQKKJSA-N,2020,Ki,7.570248
GFXGGKFVAYIGGO-LSTHTHJFSA-N,2019,Ki,7.759451
GFXGGKFVAYIGGO-LSTHTHJFSA-N,2020,Ki,7.759451
GFXGGKFVAYIGGO-PWIZWCRZSA-N,2019,Ki,7.580044
GFXGGKFVAYIGGO-PWIZWCRZSA-N,2020,Ki,7.580044
GFXGGKFVAYIGGO-UHFFFAOYSA-N,2019,Ki,7.469800
GFXGGKFVAYIGGO-UHFFFAOYSA-N,2020,Ki,7.469800
GFXGGKFVAYIGGO-UXPWSPDFSA-N,2019,Ki,7.698970
GFXGGKFVAYIGGO-UXPWSPDFSA-N,2020,Ki,7.698970
GFYPLRKHLRVZID-SFHLNBCPSA-N,2023,Ki,9.920819
GGADGPKOLXJMPS-UHFFFAOYSA-N,2013,Ki,9.366532
GGAQZJOAVWSKSS-UHFFFAOYSA-N,2007,Ki,8.700057
GGIUXVIFNJVWLE-UHFFFAOYSA-N,1999,Ki,7.024109
GGKGOXNQDZREPO-UHFFFAOYSA-N,1997,Ki,7.400008
GGKGPBLSDOYJJD-UHFFFAOYSA-N,2001,Ki,6.366532
GGLXFWQANMJCNR-UHFFFAOYSA-N,2003,Ki,5.617623
GGNXXNYKGWVORA-UHFFFAOYSA-N,2007,EC50,7.455932
GGNXXNYKGWVORA-ZDUSSCGKSA-N,2007,EC50,7.443697
GGTFAVLCBBVKHN-UHFFFAOYSA-N,2008,Ki,8.299989
GHAOYUDOVIKTMJ-UHFFFAOYSA-N,2006,Ki,4.376751
GHHKXCCOHHVPRP-UHFFFAOYSA-N,2009,Ki,7.700057
GHIPMMXQJHAVMI-DDDLIOIYSA-N,2014,Ki,7.902743
GHIPMMXQJHAVMI-DDDLIOIYSA-N,2014,Ki,7.902743
GHLIXCKZQCRDAX-LJQANCHMSA-N,1995,Ki,9.283997
GHMRSCYBFHYOPJ-UHFFFAOYSA-N,2020,Ki,6.154282
GHNCNPGXYPVAGR-UHFFFAOYSA-N,2022,Ki,5.050000
GHOIWSVCBGNCMR-RZFKFIIISA-N,2003,Ki,7.700057
GHSGRKSMXSWZPH-AEEMYVKYSA-N,2000,Ki,8.000000
GHTMTRPUXJGASR-XYWHTSSQSA-N,2023,Ki,9.657577
GHXMJOBEVWDMLQ-MGPUTAFESA-N,2019,Ki,8.319664
GHXMJOBEVWDMLQ-MGPUTAFESA-N,2020,Ki,8.319664
GHXMJOBEVWDMLQ-QRWLVFNGSA-N,2019,Ki,9.189767
GHXMJOBEVWDMLQ-QRWLVFNGSA-N,2020,Ki,9.189767
GHXMJOBEVWDMLQ-UHFFFAOYSA-N,2019,Ki,8.978811
GHXMJOBEVWDMLQ-UHFFFAOYSA-N,2020,Ki,8.978811
GHYRDLJRGXMERZ-RKTRBERCSA-N,2014,Ki,7.381952
GHYRDLJRGXMERZ-RKTRBERCSA-N,2014,Ki,7.381952
GHZCAYNGRYIDPW-GOSISDBHSA-N,1994,Ki,7.721246
GIAJRMOZOJKYBH-IYARVYRRSA-N,2014,Ki,8.359519
GIAJRMOZOJKYBH-IYARVYRRSA-N,2014,Ki,8.359519
GIHFRARKMBMXPG-UHFFFAOYSA-N,2001,Ki,6.522879
GIIZNNXWQWCKIB-UHFFFAOYSA-N,2014,Ki,5.979225
GIIZNNXWQWCKIB-UHFFFAOYSA-N,2024,Ki,5.899502
GIJMBCTXZDHLHI-UHFFFAOYSA-N,2020,Ki,6.718967
GIJXKZJWITVLHI-PMOLBWCYSA-N,,IC50,6.184422
GIJXKZJWITVLHI-PMOLBWCYSA-N,,Ki,6.653647
GIMFULQWEVUBEF-UHFFFAOYSA-N,2010,Ki,7.100015
GISMRNMZGNYAEU-AOYPEHQESA-N,2021,Ki,7.703335
GISUIIBROMOYGQ-UHFFFAOYSA-N,1997,Ki,7.251812
GISZCUSGSJKNJL-YRDXYIQISA-N,2001,Ki,7.899974
GJAYJBGLRYDTKW-UHFFFAOYSA-N,1998,Ki,7.958607
GJCNUKKVVZQSJA-QAQDUYKDSA-N,2020,Ki,9.356547
GJCNUKKVVZQSJA-QAQDUYKDSA-N,2022,Ki,9.356547
GJEUOGHJJUBVHW-UHFFFAOYSA-N,2012,Ki,8.309804
GJFBEHIWIGLENN-VHEBQXMUSA-N,2007,Ki,7.818156
GJGAZYGASNPFFE-UHFFFAOYSA-N,2009,Ki,6.799998
GJKGOLAEKKKXBM-XYWHTSSQSA-N,2014,Ki,8.369572
GJKGOLAEKKKXBM-XYWHTSSQSA-N,2014,Ki,8.369572
GJRMDYLDWDRDIG-UHFFFAOYSA-N,2007,Ki,8.000000
GJUDGMHZQOXKJL-UHFFFAOYSA-N,1997,Ki,7.337242
GJUWVTJJMMQPAO-UHFFFAOYSA-N,2016,Ki,7.180456
GJUWVTJJMMQPAO-UHFFFAOYSA-N,2016,Ki,7.179996
GJWDRNPPBDVMAH-KPKJPENVSA-N,1999,Ki,8.400008
GJXPGIMBBKOOPF-VAWYXSNFSA-N,2003,Ki,8.920819
GKDBTHSYQZTDAJ-UHFFFAOYSA-N,2005,IC50,8.886057
GKDLNLYIGUXYSK-UHFFFAOYSA-N,2008,Ki,8.000000
GKEJFCRKDSLTFV-FCHUYYIVSA-N,2023,Ki,7.835647
GKEKKHSDPFDXQN-INIZCTEOSA-N,2023,Ki,7.065502
GKIRPKYJQBWNGO-OCEACIFDSA-N,,IC50,5.879755
GKIRPKYJQBWNGO-OCEACIFDSA-N,,Ki,6.348722
GKKJKAMKDCHOIM-IWGRKNQJSA-N,2003,Ki,6.000000
GKODUQFGYOBNMB-UHFFFAOYSA-N,2003,Ki,5.000000
GKOMEAJANIRHJV-HZCBDIJESA-N,2014,Ki,8.458421
GKOMEAJANIRHJV-HZCBDIJESA-N,2014,Ki,8.458421
GKQPCPXONLDCMU-CCEZHUSRSA-N,,IC50,5.209715
GKQPCPXONLDCMU-CCEZHUSRSA-N,,Ki,5.678609
GKTINDHAZROOEF-XUTJKUGGSA-N,2022,Ki,10.070581
GKTQBPYMIGXPKG-JVVVGQRLSA-N,2006,Ki,7.202040
GKYBNMJPQSRWPC-UHFFFAOYSA-N,1998,Ki,7.723538
GKYCMCAEMPRKBH-UHFFFAOYSA-N,2007,Ki,9.550059
GKYCMCAEMPRKBH-UHFFFAOYSA-N,2007,Ki,9.552842
GLBVEJHGCUMFCU-XYWHTSSQSA-N,2013,Ki,7.626536
GLBVEJHGCUMFCU-XYWHTSSQSA-N,2013,Ki,7.626536
GLGJRQOPYRQGRY-CYBMUJFWSA-N,2013,Ki,7.769551
GLISUIAZBJFVAS-UHFFFAOYSA-N,2016,Ki,8.876148
GLJZGPDTNBDSGN-HXUWFJFHSA-N,2003,Ki,7.065502
GLJZGPDTNBDSGN-HXUWFJFHSA-N,2003,Ki,7.102373
GLKCCTUKWPNZKT-UHFFFAOYSA-N,1995,Ki,7.443697
GLMUYARIPQRMIW-UHFFFAOYSA-N,2003,Ki,6.402305
GLNKSQKEDBWUGV-JIBACQESSA-N,2003,Ki,8.500038
GLVQEUAFPSVVKQ-UHFFFAOYSA-N,2021,Ki,7.259637
GLWWYTMRHNLGIT-UHFFFAOYSA-N,2009,IC50,8.186419
GLWWYTMRHNLGIT-UHFFFAOYSA-N,2009,Ki,7.206908
GLWWYTMRHNLGIT-UHFFFAOYSA-N,2014,Ki,7.206908
GLWWYTMRHNLGIT-UHFFFAOYSA-N,2014,Ki,7.206908
GMBOTQWDHJOKAM-KESTWPANSA-N,2023,Ki,10.795880
GMCJUANYGWCBDC-UHFFFAOYSA-N,2023,Ki,7.015473
GMEKBIQFYDAEOK-BRLLKYFNSA-N,2008,Ki,7.492144
GMKWDFMANHJRNB-UHFFFAOYSA-N,2017,Ki,8.698970
GMNZPHIBCDMEFH-ATNAJCNCSA-N,2019,Ki,4.675718
GMWBGMFGQFHAIE-HNKWHGCMSA-N,2014,Ki,8.250264
GMWBGMFGQFHAIE-HNKWHGCMSA-N,2014,Ki,8.250264
GNAFTHDBPJUMAT-UHFFFAOYSA-N,2008,Ki,7.100015
GNCURQFERCHEMV-UHFFFAOYSA-N,2003,Ki,7.537602
GNEOQNVIIJIRPW-UHFFFAOYSA-N,1997,Ki,8.799971
GNGLKSIMQABWGM-UHFFFAOYSA-N,2003,Ki,6.154902
GNGQVEIKYIVCPC-UHFFFAOYSA-N,1996,Ki,5.920819
GNGQVEIKYIVCPC-UHFFFAOYSA-N,1997,Ki,5.920819
GNLGMKYJFCVWMG-UHFFFAOYSA-N,2016,Ki,5.742082
GNMGTHXPOHHXCC-UHFFFAOYSA-N,2008,Ki,8.856985
GNQOCBGVODGUEX-UHFFFAOYSA-N,2009,Ki,8.500038
GNSTWTHQXOJWPR-UHFFFAOYSA-N,2019,Ki,7.400117
GNVATANRVUMZDM-RXJZEZJSSA-N,2016,Ki,7.700057
GNYOQFHOPOYCQH-UHFFFAOYSA-N,2002,Ki,8.187087
GNYULWALHKFYNF-BEFAXECRSA-N,2017,Ki,5.700001
GNYULWALHKFYNF-DNVCBOLYSA-N,2017,Ki,5.899998
GOESYBVAFIXBFO-UHFFFAOYSA-N,2019,Ki,7.211125
GOFKTWKLJPDQCU-UHFFFAOYSA-N,2018,Ki,6.258061
GOGFNQYGVYCYHI-UAPYVXQJSA-N,2013,Ki,7.745452
GOGFNQYGVYCYHI-UAPYVXQJSA-N,2013,Ki,7.745452
GOLAHDQVVNCLCU-APWZRJJASA-N,2019,Ki,8.540608
GOLAHDQVVNCLCU-APWZRJJASA-N,2020,Ki,8.540608
GOLAHDQVVNCLCU-QFBILLFUSA-N,2019,Ki,8.649752
GOLAHDQVVNCLCU-QFBILLFUSA-N,2020,Ki,8.649752
GOLAHDQVVNCLCU-UHFFFAOYSA-N,2016,Ki,8.500038
GOLAHDQVVNCLCU-UHFFFAOYSA-N,2016,Ki,8.700057
GOLAHDQVVNCLCU-UHFFFAOYSA-N,2016,Ki,8.799971
GOLAHDQVVNCLCU-UHFFFAOYSA-N,2019,Ki,8.759451
GOLAHDQVVNCLCU-UHFFFAOYSA-N,2020,Ki,8.759451
GOPCNWYYZCPBLJ-UHFFFAOYSA-N,2008,Ki,8.886057
GOPCNWYYZCPBLJ-UHFFFAOYSA-N,2008,EC50,8.585027
GOPCNWYYZCPBLJ-UHFFFAOYSA-N,2008,EC50,8.508638
GOPCNWYYZCPBLJ-UHFFFAOYSA-N,2008,Ki,8.602060
GOPCNWYYZCPBLJ-UHFFFAOYSA-N,2008,Ki,5.823909
GOPCNWYYZCPBLJ-UHFFFAOYSA-N,2008,Ki,7.481486
GOPXEUGGDXDMDT-UHFFFAOYSA-N,2021,Ki,6.879986
GOPXEUGGDXDMDT-UHFFFAOYSA-N,2021,EC50,6.519993
GOXUZWWTKIXHQU-JKIUYZKVSA-N,2013,Ki,7.934420
GOXUZWWTKIXHQU-JKIUYZKVSA-N,2013,Ki,7.934420
GPALOBCMKKYZEA-UHFFFAOYSA-N,2016,Ki,6.350665
GPANICKLGIVBML-UHFFFAOYSA-N,2009,Ki,8.065502
GPDZHKOGLHALQL-AVRDEDQJSA-N,2016,Ki,7.969805
GPDZHKOGLHALQL-GCJKJVERSA-N,2016,Ki,8.899974
GPKJTRJOBQGKQK-UHFFFAOYSA-N,,IC50,5.880085
GPKJTRJOBQGKQK-UHFFFAOYSA-N,,Ki,6.348722
GPOXSHFDBBJUJR-UHFFFAOYSA-N,2010,Ki,9.000000
GPTQQMCUGXMPIE-OGAOHHHESA-N,2000,Ki,8.199971
GPUXMPIFNAGRSF-XPEDOLEQSA-N,2014,Ki,8.167491
GPUXMPIFNAGRSF-XPEDOLEQSA-N,2014,Ki,8.167491
GPVQRHUFRWEYGC-LMTLIKQPSA-N,2009,Ki,8.799971
GPVQRHUFRWEYGC-LMTLIKQPSA-N,2009,Ki,8.799971
GQPJBOOQHWEOKT-OUKQBFOZSA-N,2007,Ki,8.059484
GQPOGVMYXNWAPK-SSGKUCQKSA-N,2014,Ki,8.602060
GQPOGVMYXNWAPK-SSGKUCQKSA-N,2014,Ki,8.602060
GQRIAOUUYRIMLH-OAHLLOKOSA-N,1994,Ki,6.603801
GQRIAOUUYRIMLH-UHFFFAOYSA-N,1993,Ki,6.603801
GQRIAOUUYRIMLH-UHFFFAOYSA-N,2003,Ki,6.603801
GQTWYBPXHKYSKB-IZLXSDGUSA-N,1998,Ki,7.299989
GQTWYBPXHKYSKB-NSOVKSMOSA-N,1998,Ki,7.799971
GQVQHZLEHMPPJD-UHFFFAOYSA-N,2011,Ki,6.729997
GQYBHQJQIKLJET-ONEGZZNKSA-N,2011,Ki,7.707744
GRDOSKIKNBNPPI-UHFFFAOYSA-N,2020,Ki,5.600326
GRGGMNIWCOHOKK-FHWLQOOXSA-N,2014,Ki,8.309804
GRGGMNIWCOHOKK-FHWLQOOXSA-N,2014,Ki,8.309804
GRGGMNIWCOHOKK-GUDVDZBRSA-N,2014,Ki,7.669789
GRGGMNIWCOHOKK-GUDVDZBRSA-N,2014,Ki,7.669789
GRGMUZDLZOQJFY-UHFFFAOYSA-N,2010,Ki,7.497573
GRGPJQNPMMSNNY-UHFFFAOYSA-N,2020,EC50,6.200659
GRHVCLHQXSTVGR-UHFFFAOYSA-N,2002,Ki,6.619789
GRNSMKAYAMENDT-UHFFFAOYSA-N,2007,Ki,5.700001
GRQQDQSHIQXVLZ-UHFFFAOYSA-N,2007,Ki,8.700057
GRSMDZFQRIQAGW-UHFFFAOYSA-N,2017,Ki,5.962574
GRSPAVQNQLAIED-AQYVVDRMSA-N,2013,Ki,7.847712
GRUWUINXLANFJE-UHFFFAOYSA-N,2011,Ki,9.283997
GSEFGWJFHUAOCL-CTTUZFCVSA-N,2014,Ki,8.259637
GSEFGWJFHUAOCL-CTTUZFCVSA-N,2014,Ki,8.259637
GSHJIIAYCVNFDZ-UHFFFAOYSA-N,2016,Ki,6.823909
GSIBLYYMECNRRS-UHFFFAOYSA-N,2015,Ki,8.094204
GSIRAOVJCFHRIN-UHFFFAOYSA-N,2009,Ki,7.500038
GSJUQPJCKBBTAO-UHFFFAOYSA-N,2007,Ki,5.213107
GSWFHQKRRUUVKI-UHFFFAOYSA-N,1999,Ki,8.100015
GSYFEKZSWFXBAB-UHFFFAOYSA-N,2006,Ki,5.853872
GSZBDACNBVTFKJ-ZWGSZDQZSA-N,2013,Ki,8.522879
GTABKUMYLUXCIH-UHFFFAOYSA-N,2015,Ki,6.301030
GTBCNDPVHSBZNR-UHFFFAOYSA-N,2011,Ki,8.585027
GTBCNDPVHSBZNR-UHFFFAOYSA-N,2011,IC50,6.096910
GTBFEJIEYNPFMI-UHFFFAOYSA-N,2012,Ki,6.581699
GTBFEJIEYNPFMI-UHFFFAOYSA-N,2014,Ki,6.581699
GTBOPEMTJNTFPO-LBEPJEHYSA-N,2023,Ki,9.161151
GTBOVEUYOKQEIH-SNAWJCMRSA-N,2011,Ki,7.866461
GTBRXTYCBGMMII-UHFFFAOYSA-N,2023,Ki,6.031984
GTCKXYHDIZJJHT-KESTWPANSA-N,2020,Ki,7.602060
GTCKXYHDIZJJHT-KESTWPANSA-N,2022,Ki,7.602060
GTEKPTHVDJVUHM-UHFFFAOYSA-N,2002,Ki,7.397940
GTEVNWICMPGDLY-UHFFFAOYSA-N,2015,Ki,8.494850
GTHHJVJOWMXRBS-UHFFFAOYSA-N,2022,Ki,6.290730
GTISUCALIQQFFX-DEOSSOPVSA-N,2014,Ki,6.798603
GTISUCALIQQFFX-XMMPIXPASA-N,2014,Ki,6.913640
GTJVZGFQTWRYQO-VWLOTQADSA-N,2021,Ki,5.809668
GTLZGWIJAYPBBN-UHFFFAOYSA-N,2006,Ki,8.795880
GTMVYXIUBGBXAW-UHFFFAOYSA-N,1997,Ki,6.142668
GTNQPSDMJWWWGY-UHFFFAOYSA-N,2016,Ki,8.408935
GTRAXVNCZVAHOO-OWOJBTEDSA-N,2007,Ki,9.221849
GTRAXVNCZVAHOO-OWOJBTEDSA-N,2007,IC50,9.000000
GTRAXVNCZVAHOO-OWOJBTEDSA-N,2014,Ki,9.221849
GTRAXVNCZVAHOO-OWOJBTEDSA-N,2014,IC50,9.000000
GTRAXVNCZVAHOO-OWOJBTEDSA-N,2014,Ki,9.221849
GTRAXVNCZVAHOO-OWOJBTEDSA-N,2014,IC50,9.000000
GTVPXEVAFBWKHY-UHFFFAOYSA-N,2007,Ki,7.819874
GTZSQZPMHIHCCP-UHFFFAOYSA-N,2006,Ki,7.774691
GUEHIYRLOQCWLO-NRFANRHFSA-N,2023,Ki,7.045757
GUGMHFQRQQBWKY-YUNKUFCWSA-N,2014,Ki,8.525784
GUGMHFQRQQBWKY-YUNKUFCWSA-N,2014,Ki,8.525784
GUGOEEXESWIERI-UHFFFAOYSA-N,,IC50,5.823041
GUGOEEXESWIERI-UHFFFAOYSA-N,,Ki,6.291579
GUKSVDQGXPESAC-XYWHTSSQSA-N,2014,Ki,8.537602
GUKSVDQGXPESAC-XYWHTSSQSA-N,2014,Ki,8.537602
GUOJBWOHCJIFQW-UHFFFAOYSA-N,2010,Ki,4.920819
GUOQPFNLBAXWIZ-UHFFFAOYSA-N,2012,Ki,6.684030
GUTIIYCXIXRNPB-LLVKDONJSA-N,2021,Ki,7.219971
GUTIIYCXIXRNPB-LLVKDONJSA-N,2021,EC50,6.779997
GUTXTARXLVFHDK-UHFFFAOYSA-N,2014,Ki,8.455932
GUWMGLWQORYQFJ-UHFFFAOYSA-N,2007,Ki,8.443697
GVCYHQGCEQPNRF-DFNIBXOVSA-N,2020,Ki,5.832683
GVELBPROBDYNNT-UHFFFAOYSA-N,2019,Ki,6.958607
GVJCGWLQVQHHKA-UHFFFAOYSA-N,2014,Ki,8.000000
GVNRTSAPTNNIPL-UHFFFAOYSA-N,2020,Ki,7.950782
GVOWTPVTYQMHDU-UHFFFAOYSA-N,2010,Ki,7.154902
GVOWTPVTYQMHDU-UHFFFAOYSA-N,2017,Ki,9.000000
GVWRDZDVMQQZBK-GOSISDBHSA-N,1996,Ki,8.306273
GVXGVDIXINMAAL-UHFFFAOYSA-N,2024,Ki,5.848468
GVYUEZFLXAHJAB-UHFFFAOYSA-N,1998,IC50,7.229148
GVZVJCKGJVWISH-UHFFFAOYSA-N,2013,Ki,5.537602
GWAMGWDJCYIREE-UHFFFAOYSA-N,2021,Ki,5.580000
GWAMGWDJCYIREE-UHFFFAOYSA-N,2021,Kd,10.588380
GWAMGWDJCYIREE-UHFFFAOYSA-N,2021,EC50,5.920002
GWAQIWMRFSAOHA-UHFFFAOYSA-N,2011,Ki,6.031517
GWAVQBXUVNSXRO-UHFFFAOYSA-N,2017,Ki,8.638272
GWAVQBXUVNSXRO-UHFFFAOYSA-N,2018,Ki,8.638272
GWEQOXQOCNABLR-UAPYVXQJSA-N,2013,Ki,7.387852
GWEQOXQOCNABLR-UAPYVXQJSA-N,2013,Ki,7.387852
GWFPJCOZSBFTOH-UHFFFAOYSA-N,2017,Ki,7.019088
GWFPJCOZSBFTOH-UHFFFAOYSA-N,2018,Ki,7.019088
GWGVZWMERZAHNI-UHFFFAOYSA-N,2013,Ki,8.318759
GWGWCDFVSGWHNI-VQTJNVASSA-N,2023,Ki,7.823909
GWSJSKIZAIMZOZ-UHFFFAOYSA-N,1997,Ki,6.366532
GWXIZHPBMCIUCC-MOPGFXCFSA-N,2020,Ki,7.769551
GWXIZHPBMCIUCC-RBUKOAKNSA-N,2019,Ki,7.769551
GWXIZHPBMCIUCC-UHFFFAOYSA-N,2016,Ki,7.500038
GWXIZHPBMCIUCC-UHFFFAOYSA-N,2019,Ki,7.449772
GWXIZHPBMCIUCC-UHFFFAOYSA-N,2020,Ki,7.449772
GWZXPAHTYVENKG-WKILWMFISA-N,2020,Ki,9.107905
GWZXPAHTYVENKG-WKILWMFISA-N,2022,Ki,9.107905
GXAWEOGMNHTNSL-ONEGZZNKSA-N,2005,Ki,9.096910
GXDALQBWZGODGZ-UHFFFAOYSA-N,,IC50,6.360514
GXDALQBWZGODGZ-UHFFFAOYSA-N,,Ki,6.829738
GXGVWEMSSIKHOZ-UHFFFAOYSA-N,2024,Ki,6.380948
GXOXNWXNCBKFTM-MEMLXQNLSA-N,1998,Ki,7.267606
GXRRIZYXGPLXKK-AQYVVDRMSA-N,2014,Ki,7.809668
GXRRIZYXGPLXKK-AQYVVDRMSA-N,2014,Ki,7.809668
GXSHYUZVUITRKF-UHFFFAOYSA-N,1995,Ki,7.552842
GXSJLZZVCQCUTH-UHFFFAOYSA-N,2012,Ki,8.721246
GXSJLZZVCQCUTH-UHFFFAOYSA-N,2017,Ki,8.721246
GXVCWWLYAQAZCU-MXVIHJGJSA-N,2013,Ki,7.424812
GXZWKZAOGQRNTL-UHFFFAOYSA-N,2014,Ki,8.958607
GYEMKOUGMLMNRE-SECBINFHSA-N,1997,Ki,5.714668
GYGFWUNSKKZJNC-UHFFFAOYSA-N,2011,Ki,5.619789
GYLMYXSRSKKAER-ZVWHWTBFSA-N,2023,Ki,10.154902
GYPMSCDWBIWORF-UHFFFAOYSA-N,2019,Ki,7.279841
GYPMSCDWBIWORF-UHFFFAOYSA-N,2020,Ki,7.279841
GYWHDZIJHYATFG-UHFFFAOYSA-N,2002,Ki,6.387216
GYWXJONOYHIRDG-UHFFFAOYSA-N,2011,Ki,5.959999
GYZQENOTEUQFGR-UILWBTOOSA-N,2013,Ki,8.310691
GYZQENOTEUQFGR-UILWBTOOSA-N,2013,Ki,8.310691
GZFSOKPLNMYPCE-YPGOJHLTSA-N,2008,Ki,8.197226
GZFSOKPLNMYPCE-YPGOJHLTSA-N,2008,IC50,7.991400
GZGMMCKOZRMGDA-IYARVYRRSA-N,2014,Ki,8.892790
GZGMMCKOZRMGDA-IYARVYRRSA-N,2014,Ki,8.892790
GZKLJWGUPQBVJQ-UHFFFAOYSA-N,2004,Ki,8.086186
GZKLJWGUPQBVJQ-UHFFFAOYSA-N,2003,Ki,8.585027
GZMWGZHXHSTIMC-SFHVURJKSA-N,2001,Ki,5.920819
GZMWGZHXHSTIMC-SFHVURJKSA-N,2001,Ki,5.920819
GZNLRQUVYFCLCG-UAPYVXQJSA-N,2014,Ki,7.939302
GZNLRQUVYFCLCG-UAPYVXQJSA-N,2014,Ki,7.939302
GZPSXBZOGITRGD-UHFFFAOYSA-N,2019,Ki,7.477556
GZSCSKUGXORHGO-APWZRJJASA-N,2021,Ki,7.645892
GZSCSKUGXORHGO-APWZRJJASA-N,2021,Ki,7.649946
GZSCSKUGXORHGO-APWZRJJASA-N,2021,EC50,6.929593
GZSCSKUGXORHGO-APWZRJJASA-N,2021,EC50,6.929999
GZSCSKUGXORHGO-APWZRJJASA-N,2021,EC50,8.007005
GZSCSKUGXORHGO-APWZRJJASA-N,2021,EC50,8.010017
GZSFYWPBBDGROV-SMQSCJQKSA-N,2023,Ki,9.585027
GZSHNIANTLMMJR-UHFFFAOYSA-N,2014,Ki,8.366532
GZSHNIANTLMMJR-UHFFFAOYSA-N,2014,IC50,6.681937
GZSHNIANTLMMJR-UHFFFAOYSA-N,2014,IC50,8.070581
GZUITABIAKMVPG-UHFFFAOYSA-N,,IC50,5.805486
GZUITABIAKMVPG-UHFFFAOYSA-N,,Ki,6.274905
GZVBVBMMNFIXGE-CQSZACIVSA-N,1994,Ki,5.884389
GZVVQJFPHWQITG-UHFFFAOYSA-N,2021,Ki,6.698970
GZXNMNCAWGIAAW-KRWDZBQOSA-N,2002,Ki,7.000000
GZXNMNCAWGIAAW-QGZVFWFLSA-N,2002,Ki,5.447332
GZXNMNCAWGIAAW-UHFFFAOYSA-N,2002,Ki,6.585027
GZXPOJRRFWIXLM-UHFFFAOYSA-N,2023,EC50,6.200659
HAABFBIZZCRWSI-UHFFFAOYSA-N,2016,EC50,8.200659
HAABSCYMCZRVTB-AQYVVDRMSA-N,2013,Ki,8.115771
HAJIPROMBKTILW-UHFFFAOYSA-N,2008,Ki,5.599999
HAMNVKXXPQTQTJ-JKIUYZKVSA-N,2013,Ki,8.395774
HAMNVKXXPQTQTJ-JKIUYZKVSA-N,2013,Ki,8.395774
HAQWHYZIBLSPID-UHFFFAOYSA-N,2006,Ki,7.492144
HAUUSSMWQKKSAX-FQEVSTJZSA-N,2023,Ki,6.581699
HAVOANJDOKCJRR-UHFFFAOYSA-N,2020,EC50,5.013228
HAXCDBIFKSGOTN-UHFFFAOYSA-N,2011,Ki,8.376751
HAZPAMUWUHDPDA-UHFFFAOYSA-N,2020,EC50,6.283997
HAZPAMUWUHDPDA-UHFFFAOYSA-N,2020,EC50,7.420216
HAZPAMUWUHDPDA-UHFFFAOYSA-N,2020,Ki,5.431798
HAZPAMUWUHDPDA-UHFFFAOYSA-N,2020,EC50,8.920819
HAZPAMUWUHDPDA-UHFFFAOYSA-N,2020,EC50,9.744727
HAZPAMUWUHDPDA-UHFFFAOYSA-N,2020,EC50,7.065502
HAZPAMUWUHDPDA-UHFFFAOYSA-N,2020,EC50,7.677781
HAZPAMUWUHDPDA-UHFFFAOYSA-N,2020,Ki,6.455932
HAZPAMUWUHDPDA-UHFFFAOYSA-N,2020,Ki,5.823909
HAZPAMUWUHDPDA-UHFFFAOYSA-N,2020,Ki,6.142668
HAZPAMUWUHDPDA-UHFFFAOYSA-N,2020,Ki,7.657577
HAZPAMUWUHDPDA-UHFFFAOYSA-N,2020,Ki,7.026872
HAZPAMUWUHDPDA-UHFFFAOYSA-N,2020,Ki,7.903090
HAZPAMUWUHDPDA-UHFFFAOYSA-N,2020,EC50,7.769551
HAZPAMUWUHDPDA-UHFFFAOYSA-N,2020,Ki,5.906578
HAZPAMUWUHDPDA-UHFFFAOYSA-N,2023,EC50,7.443697
HBJXUXOERUVVGH-UHFFFAOYSA-N,1997,Ki,8.899974
HBQUUZVSFQDTPW-UHFFFAOYSA-N,1997,Ki,8.199971
HBUKKEFQANLSNF-XLKFHUSGSA-N,2017,Ki,9.387216
HBUZHZJOHCSLDL-PLQXJYEYSA-N,2005,Ki,7.686133
HBUZHZJOHCSLDL-PLQXJYEYSA-N,2005,EC50,5.740000
HBUZHZJOHCSLDL-SOAUALDESA-N,2005,Ki,8.468521
HBUZHZJOHCSLDL-SOAUALDESA-N,2005,Kd,8.100015
HBXAUVWJLFTKDA-FGZHOGPDSA-N,2009,Ki,5.560000
HBYJIVNHTWIKJQ-UHFFFAOYSA-N,2021,Ki,5.494850
HBYKTDPONPUZPO-UHFFFAOYSA-N,2004,Ki,8.619789
HCHRWGMYPOWUFG-UHFFFAOYSA-N,2015,Ki,8.798603
HCJSXNXLTDYAKZ-UHFFFAOYSA-N,2021,Ki,6.503070
HCMQQWOQIHLJGQ-UHFFFAOYSA-N,2010,Ki,8.599980
HCNYNWZHRZQZAX-UHFFFAOYSA-N,1996,Ki,8.400008
HCOQJKDXIVIYQF-UHFFFAOYSA-N,1999,Ki,5.920819
HCQPBJDAJVESML-UHFFFAOYSA-N,2019,Ki,9.602060
HCZAXFOGTCSPTF-AWEZNQCLSA-N,2001,Ki,6.124939
HCZAXFOGTCSPTF-AWEZNQCLSA-N,2005,Ki,6.170002
HCZAXFOGTCSPTF-CQSZACIVSA-N,2001,Ki,5.677781
HCZAXFOGTCSPTF-CQSZACIVSA-N,2005,Ki,5.840000
HDDXRHHMVMEBSC-OUKQBFOZSA-N,2003,Ki,9.124939
HDONYUOCHXODQS-UHFFFAOYSA-N,2013,Ki,6.950782
HDOZVRUNCMBHFH-UHFFFAOYSA-N,2004,Ki,7.795880
HDOZVRUNCMBHFH-UHFFFAOYSA-N,2001,Ki,8.193820
HDQVTWXXANYCIU-MWLCHTKSSA-N,2019,Ki,6.394695
HDSARMPSJMIESZ-ZZXKWVIFSA-N,1994,Ki,7.503070
HEBQIUNCEBCMFD-UHFFFAOYSA-N,1999,Ki,4.508638
HEHAZZLOEUQBDS-MUUNZHRXSA-N,2017,Ki,6.946922
HEJDIFZOESZDQS-UHFFFAOYSA-N,2016,Ki,8.958607
HEJWFNURPGCDGT-UHFFFAOYSA-N,2007,Ki,7.818156
HEKOGNYDDZRAAJ-UHFFFAOYSA-N,2007,Ki,8.619970
HEPZPDOHSGVKLD-UHFFFAOYSA-N,2023,Ki,6.920819
HEYGEKGBOXBVRP-PAVFIEEWSA-N,2023,Ki,9.275724
HFBUDRQPMNDKTM-UHFFFAOYSA-N,2018,Ki,7.552842
HFGAWEJFDVAEEA-ONEGZZNKSA-N,2011,Ki,8.958607
HFJQAHIKNXSVRM-LJQANCHMSA-N,1994,Ki,7.036212
HFJVMFBCUWJLFO-IYARVYRRSA-N,2013,Ki,7.657577
HFNDOPJMFKOOBM-UHFFFAOYSA-N,2017,Ki,3.740196
HFOIDKHQFBQZMF-UHFFFAOYSA-N,2012,Ki,7.958607
HFPHPWOFSUNVRW-QIBJJAHESA-N,2021,Ki,8.130182
HFPHPWOFSUNVRW-QIBJJAHESA-N,2021,Ki,6.982967
HFPUZJYAPWLJOL-UHFFFAOYSA-N,1997,Ki,8.599980
HFXCUJLZEIBVQQ-UHFFFAOYSA-N,,Ki,5.043064
HFXHNRQNXGVDMC-IYARVYRRSA-N,2023,Ki,9.107905
HFZAKKDYDONOQJ-MOJGAOKDSA-N,2008,Ki,7.673664
HGDNRYBOAYQHNG-WGSAOQKQSA-N,2013,Ki,7.779892
HGEYJZMMUGWEOT-UHFFFAOYSA-N,1996,Ki,9.397940
HGFFXOQKGSYWIH-SAABIXHNSA-N,2014,Ki,7.868381
HGFFXOQKGSYWIH-SAABIXHNSA-N,2014,Ki,7.868381
HGHZRWWRCHMWQC-ONEGZZNKSA-N,2007,Ki,7.308035
HGHZRWWRCHMWQC-ONEGZZNKSA-N,2014,Ki,7.308035
HGHZRWWRCHMWQC-ONEGZZNKSA-N,2014,Ki,7.308035
HGJYUXFMUSKRHL-UHFFFAOYSA-N,2010,Ki,7.602060
HGOOBSLSWOJAPR-UHFFFAOYSA-N,1997,Ki,7.022276
HGRHWEAUHXYNNP-UHFFFAOYSA-N,2013,Ki,6.305395
HGRHWEAUHXYNNP-UHFFFAOYSA-N,2013,Ki,6.309999
HGRPPZKIXIZLRX-UHFFFAOYSA-N,2005,Ki,8.366532
HGSQOYNWHXVVJS-UHFFFAOYSA-N,2011,Ki,7.677781
HGTGAIQIJPCZMF-UHFFFAOYSA-N,2008,Ki,6.599998
HGWMAJKXWQKIMH-PAVFIEEWSA-N,2023,Ki,9.229148
HGYQVRAMBVYKQO-UHFFFAOYSA-N,2009,Ki,8.100015
HHAUXZNBXXZIOV-UHFFFAOYSA-N,1999,Ki,6.022276
HHAWPWAQIRBXKW-SAIGFBBZSA-N,2014,Ki,7.991400
HHAWPWAQIRBXKW-SAIGFBBZSA-N,2014,Ki,7.991400
HHDJZPNFXJLNJK-HSZRJFAPSA-N,2017,Ki,9.161151
HHNGFUDNXPRRFY-UHFFFAOYSA-N,2017,Ki,6.079355
HHPXXUVAVCXMQF-UHFFFAOYSA-N,2011,Ki,7.455932
HHRGFYRLYOYIFM-IYARVYRRSA-N,2013,Ki,8.013228
HHTPKGOFGTYZBP-UHFFFAOYSA-N,2009,Ki,6.900009
HHVQGHMBHYXHGF-UHFFFAOYSA-N,2021,Ki,7.080922
HHVQGHMBHYXHGF-UHFFFAOYSA-N,2021,Ki,7.079981
HIASEHRDTBGCHW-UHFFFAOYSA-N,2017,Ki,7.880085
HIASEHRDTBGCHW-UHFFFAOYSA-N,2021,Ki,7.886057
HIBUHKNMTZCDMF-UHFFFAOYSA-N,2005,Ki,8.928118
HIFGIGWFWSVOEK-UHFFFAOYSA-N,2007,Ki,6.675718
HIGILHVUMICSAW-UHFFFAOYSA-N,2010,Ki,8.795880
HIHVVYZXHODHBR-UHFFFAOYSA-N,2014,Ki,6.669586
HIIUKDCXWBFGHZ-UHFFFAOYSA-N,2002,Ki,7.638272
HIPKZAPXNSTELT-UHFFFAOYSA-N,2014,Ki,7.443697
HIPKZAPXNSTELT-UHFFFAOYSA-N,2017,Ki,7.448550
HIPKZAPXNSTELT-UHFFFAOYSA-N,2018,Ki,7.448550
HIPYXDMEWZLKPQ-KOAQGZTJSA-N,2022,Ki,9.080922
HIRZFMOIKMLUHF-LAUBAEHRSA-N,2010,Ki,9.000000
HIRZFMOIKMLUHF-UHFFFAOYSA-N,2010,Ki,9.299989
HIRZFMOIKMLUHF-UHFFFAOYSA-N,2010,Ki,9.299989
HIRZFMOIKMLUHF-UHFFFAOYSA-N,2010,Ki,9.299989
HIRZFMOIKMLUHF-UHFFFAOYSA-N,2010,Ki,9.299989
HIRZFMOIKMLUHF-UTKZUKDTSA-N,2010,Ki,7.299989
HISGEOZMKTZBBP-UHFFFAOYSA-N,2014,Ki,6.596879
HISGEOZMKTZBBP-UHFFFAOYSA-N,2014,IC50,6.026872
HISGEOZMKTZBBP-UHFFFAOYSA-N,2014,IC50,6.388277
HISGEOZMKTZBBP-UHFFFAOYSA-N,2017,Ki,6.596879
HISGEOZMKTZBBP-UHFFFAOYSA-N,2018,Ki,6.596879
HISVPUHXONHOSX-UHFFFAOYSA-N,1997,Ki,6.036212
HIUMOAWWYUAXFP-ALOJWSFFSA-N,2013,Ki,7.612610
HIVHEOCGLZASLB-UHFFFAOYSA-N,2010,Ki,8.400008
HJCKNZCUBOVUBA-UAPYVXQJSA-N,2022,Ki,8.721246
HJKLOGARPBXZTP-UHFFFAOYSA-N,2011,Ki,5.708187
HJLBJHJXDDKNRO-UHFFFAOYSA-N,2017,Ki,7.381952
HJLBJHJXDDKNRO-UHFFFAOYSA-N,2018,Ki,7.381952
HJOOPOPFMHOXPP-UHFFFAOYSA-N,2013,Ki,7.396856
HJRBYTHOWGFPSH-QGZVFWFLSA-N,2005,Ki,6.031517
HJUAHZKICLIRDT-UGESXGAOSA-N,2014,Ki,7.699187
HJUAHZKICLIRDT-UGESXGAOSA-N,2014,Ki,7.699187
HJWWNWMERDPVMY-UHFFFAOYSA-N,2016,Ki,8.700057
HJWWNWMERDPVMY-UHFFFAOYSA-N,2019,Ki,8.679854
HJWWNWMERDPVMY-UHFFFAOYSA-N,2020,Ki,8.679854
HKAMZPHBOUTAED-UHFFFAOYSA-N,2019,Ki,5.958607
HKAVEMLHBNPBSZ-PTTOYHQWSA-N,2000,Ki,8.400008
HKAWCIGAEVMZGN-SFHVURJKSA-N,2000,Ki,7.187087
HKAWCIGAEVMZGN-UHFFFAOYSA-N,2000,Ki,7.080922
HKBFAJQLEHSBTM-UHFFFAOYSA-N,1999,Ki,8.100015
HKDCDBFKNRMFSY-UHFFFAOYSA-N,1995,Ki,7.823909
HKDCDBFKNRMFSY-UHFFFAOYSA-N,2013,Ki,7.823909
HKDMXVFAYYQTRF-UHFFFAOYSA-N,2020,Ki,7.340084
HKDOASHONDCKDU-UHFFFAOYSA-N,2023,Ki,6.982967
HKOJNCZKZSYFEQ-GDLZYMKVSA-N,2013,Ki,9.000000
HKOJNCZKZSYFEQ-LJAQVGFWSA-N,2013,Ki,8.366532
HKUPNFQZELWUIO-UHFFFAOYSA-N,2016,Ki,7.769551
HKUPNFQZELWUIO-UHFFFAOYSA-N,2016,Ki,7.770062
HLDNXAAXZRBYJW-UHFFFAOYSA-N,1996,Ki,7.899974
HLGVBUMXLSDTEW-UHFFFAOYSA-N,2020,EC50,6.249492
HLGVBUMXLSDTEW-UHFFFAOYSA-N,2023,EC50,6.249492
HLJDGDVDXPMCOC-UHFFFAOYSA-N,2010,Ki,7.799971
HLWTUGVLYCATKY-OCEACIFDSA-N,2015,Ki,8.522879
HLWTUGVLYCATKY-OCEACIFDSA-N,2019,Ki,8.508638
HMAKCCQMRGCRHO-XYWHTSSQSA-N,2013,Ki,7.877784
HMBLGIYYEVWFCT-XMMPIXPASA-N,2017,Ki,7.025949
HMETZCGOVJHJBJ-WKILWMFISA-N,2016,Ki,8.017729
HMFMXNMQUZMGQI-OWOJBTEDSA-N,2005,Ki,8.886057
HMFWWORRYDWEDS-UHFFFAOYSA-N,1999,Ki,7.913640
HMLJHBVGLCIEGH-UHFFFAOYSA-N,2012,Ki,6.481486
HMMLWDCQIVJIHP-UHFFFAOYSA-N,2010,Ki,7.599980
HMMLWDCQIVJIHP-UHFFFAOYSA-N,2010,Ki,8.299989
HMSZCGYHVDSIIK-UHFFFAOYSA-N,2012,Ki,7.440093
HMTJKRFRBLRBNL-BVAGGSTKSA-N,2016,Ki,9.680062
HMVJSLZLZZJKHU-UHFFFAOYSA-N,2015,Ki,8.657577
HMXWHDMFAKYACA-UHFFFAOYSA-N,2007,Ki,9.400008
HMYBAZWTOQSPCY-DEOSSOPVSA-N,2009,EC50,8.910095
HNAJEKAVHQELJQ-UHFFFAOYSA-N,2020,EC50,5.721246
HNAJEKAVHQELJQ-UHFFFAOYSA-N,2023,EC50,5.721246
HNCOLMVXXZHGHT-UHFFFAOYSA-N,2012,Ki,6.431798
HNKSCJOZAQWYMZ-QAQDUYKDSA-N,2020,Ki,10.173925
HNKSCJOZAQWYMZ-QAQDUYKDSA-N,2022,Ki,10.173925
HNMDMLNEALPPKX-UHFFFAOYSA-N,2016,Ki,6.747147
HNMDMLNEALPPKX-UHFFFAOYSA-N,2016,IC50,5.735182
HNPAUMYBQXZAJH-UHFFFAOYSA-N,2016,Ki,7.886057
HNPAUMYBQXZAJH-UHFFFAOYSA-N,2016,Ki,7.750068
HNRDJYILRSRTOJ-JCNLHEQBSA-N,2023,Ki,9.795880
HNUFROAJESGZAR-UEYSASPJSA-N,2022,Ki,9.113509
HNVPKMQKKJUCMS-UHFFFAOYSA-N,2006,Ki,8.721246
HNVPKMQKKJUCMS-UHFFFAOYSA-N,2006,Ki,8.721246
HOFUBOSPQUNORR-UHFFFAOYSA-N,2017,Ki,7.534617
HOFUBOSPQUNORR-UHFFFAOYSA-N,2018,Ki,7.534617
HOFXBWNODSOCNI-KESTWPANSA-N,2014,Ki,8.221849
HOFXBWNODSOCNI-KESTWPANSA-N,2014,Ki,8.221849
HOJGYADNYPGADT-UAPYVXQJSA-N,2013,Ki,8.377786
HOJGYADNYPGADT-UAPYVXQJSA-N,2013,Ki,8.377786
HOMQYYYMDXLYHT-XYWHTSSQSA-N,2014,Ki,8.785156
HOMQYYYMDXLYHT-XYWHTSSQSA-N,2014,Ki,8.785156
HOXIFZKRDKLRKX-UHFFFAOYSA-N,2020,Ki,6.170053
HOZYTVYXSUBCBF-UHFFFAOYSA-N,2011,Ki,7.920819
HPBCFIIQRFMWKG-HNAYVOBHSA-N,2017,Ki,6.599998
HPBCFIIQRFMWKG-KXBFYZLASA-N,2017,Ki,6.000000
HPEHGGUDPLECHX-UHFFFAOYSA-N,2016,Ki,6.147520
HPGPGSLIDVUPKR-UHFFFAOYSA-N,2010,Ki,9.100015
HPGPGSLIDVUPKR-UHFFFAOYSA-N,2010,Ki,7.899974
HPGPGSLIDVUPKR-UHFFFAOYSA-N,2010,Ki,9.000000
HPRWHXGAJGUOCP-UHFFFAOYSA-N,2013,Ki,5.826231
HPSXIRMSZPEQTB-MEMLXQNLSA-N,1997,Ki,8.494850
HPTXIDFVXWZMRU-IRJFHVNHSA-N,2020,Ki,9.221849
HPTXIDFVXWZMRU-IRJFHVNHSA-N,2022,Ki,9.221849
HPUIXKCTAYDNTF-UHFFFAOYSA-N,2020,Ki,6.259953
HQAMJNKOXUQUKS-XYWHTSSQSA-N,2013,Ki,7.970616
HQAOVDGZDPFTHD-UHFFFAOYSA-N,2019,Ki,7.390406
HQAOVDGZDPFTHD-UHFFFAOYSA-N,2020,Ki,7.390406
HQCCZCGQNSJNDG-YSMPRRRNSA-N,2017,Ki,8.657577
HQCCZCGQNSJNDG-YSMPRRRNSA-N,2017,EC50,8.420216
HQDIIIDLDYDDHJ-UHFFFAOYSA-N,2017,EC50,7.721246
HQDIIIDLDYDDHJ-UHFFFAOYSA-N,2017,EC50,8.853872
HQDIIIDLDYDDHJ-UHFFFAOYSA-N,2017,EC50,8.849858
HQGWTXXZVBZBPH-UHFFFAOYSA-N,1996,Ki,6.276544
HQPJIWFXJJJLTM-OWOJBTEDSA-N,2005,Ki,9.397940
HQPJIWFXJJJLTM-OWOJBTEDSA-N,2005,Ki,8.764472
HQPJIWFXJJJLTM-OWOJBTEDSA-N,2005,IC50,9.000000
HQPJIWFXJJJLTM-OWOJBTEDSA-N,2005,Ki,9.397940
HQVGADXQHMROOB-DEOSSOPVSA-N,2010,Ki,8.320572
HRBGKICNPOCYPZ-UHFFFAOYSA-N,2008,Ki,7.299989
HRCGTLOWYKJDFC-CYBMUJFWSA-N,2013,Ki,7.638272
HRFJJRGWVMXDND-UHFFFAOYSA-N,2015,Ki,8.232844
HRGLDIJXNKMLQF-XUTJKUGGSA-N,2013,Ki,8.049635
HRHSURDPAJFNRA-UHFFFAOYSA-N,2012,Ki,6.408935
HRQSRFLNKXUFRB-KESTWPANSA-N,1997,Ki,8.397940
HRSJSQHPKLXGDX-XBTDCMMSSA-N,2014,Ki,8.380907
HRSJSQHPKLXGDX-XBTDCMMSSA-N,2014,Ki,8.380907
HRUTWQCXFHLYSD-UHFFFAOYSA-N,2008,Ki,8.299989
HRXRYNFLHBSTFS-BUHFOSPRSA-N,2003,Ki,9.481486
HRXRYNFLHBSTFS-BUHFOSPRSA-N,2010,Ki,9.481486
HSCUDLWMSFZPQC-SMQSCJQKSA-N,2023,Ki,9.920819
HSIMYBORWJJPOY-UHFFFAOYSA-N,1998,IC50,6.698970
HSNDKUASWXMOHD-UHFFFAOYSA-N,2016,Ki,9.301030
HSONZWPNORZWDX-IBGZPJMESA-N,2006,Ki,7.649752
HSTZLQFEUGWBDW-UHFFFAOYSA-N,2017,Ki,8.130768
HSTZLQFEUGWBDW-UHFFFAOYSA-N,2017,EC50,7.301030
HSTZLQFEUGWBDW-UHFFFAOYSA-N,2017,EC50,7.299989
HTADTAUIMFMPFI-UHFFFAOYSA-N,2008,Ki,7.199971
HTADTAUIMFMPFI-UHFFFAOYSA-N,2009,Ki,7.199971
HTADTAUIMFMPFI-UHFFFAOYSA-N,2009,Ki,7.199971
HTDIOUCPOHFDQH-UHFFFAOYSA-N,2016,Ki,6.160001
HTHHKXUTDJTRGL-AFARHQOCSA-N,2016,Ki,9.744727
HTIHIBRTTCYUMB-UHFFFAOYSA-N,2018,Ki,8.060481
HTIHIBRTTCYUMB-UHFFFAOYSA-N,2018,EC50,6.376751
HTMCOYRHMLKDED-JKSUJKDBSA-N,2023,Ki,9.017729
HTQLYZCPYPEYGO-UHFFFAOYSA-N,2001,Ki,7.552842
HTSNFXAICLXZMA-CYBMUJFWSA-N,1994,Ki,6.879426
HTSNFXAICLXZMA-CYBMUJFWSA-N,2002,Ki,7.602060
HTSNFXAICLXZMA-CYBMUJFWSA-N,2002,EC50,8.008774
HTSNFXAICLXZMA-CYBMUJFWSA-N,2005,Ki,7.599980
HTSNFXAICLXZMA-CYBMUJFWSA-N,2015,EC50,7.284833
HTSNFXAICLXZMA-CYBMUJFWSA-N,2018,Ki,6.879426
HTSNFXAICLXZMA-UHFFFAOYSA-N,1993,Ki,6.663540
HTSNFXAICLXZMA-UHFFFAOYSA-N,1993,Ki,6.879426
HTSNFXAICLXZMA-UHFFFAOYSA-N,2003,Ki,6.879426
HUBNPWLMVNJPBW-UHFFFAOYSA-N,2007,Ki,9.100015
HUEMJHLBWFDXTF-QAQDUYKDSA-N,2013,Ki,7.798603
HUFKKUQWYKMUNC-UHFFFAOYSA-N,2013,Ki,6.877784
HUIZNJVXOSCZJU-UXLOVFDUSA-N,2014,Ki,7.655608
HUKNOHADSBATLH-OBGWFSINSA-N,2003,Ki,7.709965
HUKSBDBJOJSVHS-UHFFFAOYSA-N,2011,Ki,7.145694
HULQLOOBDVQQSC-UHFFFAOYSA-N,2008,Ki,6.499997
HUNDNZUNCNQCRK-UHFFFAOYSA-N,2009,IC50,7.917215
HUNDNZUNCNQCRK-UHFFFAOYSA-N,2009,Ki,8.853872
HUNDNZUNCNQCRK-UHFFFAOYSA-N,2014,Ki,8.863279
HUNDNZUNCNQCRK-UHFFFAOYSA-N,2014,Ki,8.863279
HURBEFKRLRSDKC-UHFFFAOYSA-N,2010,Ki,7.500038
HUTRNXILWVFUDE-UHFFFAOYSA-N,2002,Ki,8.645892
HUVWCUMZGKOSQX-KESTWPANSA-N,2014,Ki,8.829738
HUVWCUMZGKOSQX-KESTWPANSA-N,2014,Ki,8.829738
HUXFXXWYIRBVJR-JOCHJYFZSA-N,1996,Ki,8.899974
HUXFXXWYIRBVJR-UHFFFAOYSA-N,1996,Ki,8.799971
HUXFXXWYIRBVJR-UHFFFAOYSA-N,2009,Ki,8.886057
HVAUUPRFYPCOCA-AREMUKBSSA-N,2024,Ki,5.753533
HVESNMTZXGJVII-OIFYPAEGSA-N,2013,Ki,8.123782
HVESNMTZXGJVII-OIFYPAEGSA-N,2013,Ki,8.123782
HVGNYVOUQOKFLU-UHFFFAOYSA-N,2012,Ki,7.481486
HVGOTNRLMTVSFL-QAQDUYKDSA-N,2020,Ki,8.638272
HVJCLUCMUNKFOJ-UHFFFAOYSA-N,2017,Ki,7.896196
HVJCLUCMUNKFOJ-UHFFFAOYSA-N,2018,Ki,7.896196
HVMWQJLTYBIVCR-SAIGFBBZSA-N,2014,Ki,8.503070
HVMWQJLTYBIVCR-SAIGFBBZSA-N,2014,Ki,8.503070
HVROSOVHMGPEMN-UHFFFAOYSA-N,2021,Ki,6.607303
HVROSOVHMGPEMN-UHFFFAOYSA-N,2021,Ki,6.610002
HVSRNYNPOUFDNJ-UHFFFAOYSA-N,2010,Ki,8.400008
HVSUPPZVIPTMEM-UHFFFAOYSA-N,2011,Ki,7.882729
HVYFBECSQURUQP-UHFFFAOYSA-N,2017,Ki,5.829738
HWAIAGZSWHOLLK-UHFFFAOYSA-N,2019,Ki,5.102373
HWISWHUWIQAPMO-CILPGNKCSA-N,1996,Ki,7.299989
HWISWHUWIQAPMO-CILPGNKCSA-N,1996,Ki,8.199971
HWJXQZBZKJYOMP-UHFFFAOYSA-N,2007,Ki,7.000000
HWKLICWHSIHCJT-UHFFFAOYSA-N,2018,Ki,7.619789
HWKROQUZSKPIKQ-MRXNPFEDSA-N,2000,Ki,5.599999
HWKROQUZSKPIKQ-MRXNPFEDSA-N,2024,Ki,6.245499
HWLQRSMZQWZHLO-HRAATJIYSA-N,2009,Ki,7.799971
HWLQRSMZQWZHLO-HRAATJIYSA-N,2009,Ki,7.799971
HWNDEDIZZJRHGF-UHFFFAOYSA-N,2014,Ki,8.031517
HWNDEDIZZJRHGF-UHFFFAOYSA-N,2017,Ki,8.031517
HWNDEDIZZJRHGF-UHFFFAOYSA-N,2018,Ki,8.031517
HWOUIMXZGKRMNK-UHFFFAOYSA-N,2001,IC50,6.795880
HWPBJQCGTNVQQO-UHFFFAOYSA-N,2017,Ki,6.826814
HWSGUVGRRBAPDE-UHFFFAOYSA-N,2022,Ki,7.565431
HWSOAPGUROKPOX-MXVIHJGJSA-N,1998,Ki,7.958607
HWZBTMUYGJHELF-WGSAOQKQSA-N,2013,Ki,7.471083
HXAVSZOPACOYAR-UHFFFAOYSA-N,2016,Ki,7.585027
HXCWGVSINJYYSW-UHFFFAOYSA-N,2008,Ki,6.022276
HXHYBBJDNMJVBF-WFXMLNOXSA-N,2021,Ki,8.142668
HXHZPLKJASKRCI-UHFFFAOYSA-N,2014,Ki,8.677781
HXHZPLKJASKRCI-UHFFFAOYSA-N,2014,EC50,7.250032
HXHZPLKJASKRCI-UHFFFAOYSA-N,2014,EC50,7.244125
HXJGPTHZZPIRKV-UHFFFAOYSA-N,2020,EC50,6.292430
HXJZOQIIPSJTIK-LOSJGSFVSA-N,2023,Ki,5.632644
HXKJNNJRMGHSRM-UHFFFAOYSA-N,2020,Ki,7.570248
HXLACIAZOWDZEP-UHFFFAOYSA-N,2010,Ki,7.500038
HXSZWCAHOHIEOA-UHFFFAOYSA-N,2010,Ki,5.634138
HXYOWUYUMZFBLT-IYARVYRRSA-N,2022,Ki,9.698970
HYAIONDADCANQM-UHFFFAOYSA-N,2002,Ki,6.121478
HYGJPVUOYCSNGB-UHFFFAOYSA-N,2010,Ki,5.400000
HYGWSJJGGPMNNN-KESTWPANSA-N,2014,Ki,7.457175
HYGWSJJGGPMNNN-KESTWPANSA-N,2014,Ki,7.457175
HYHZGIWTSKSXKP-UHFFFAOYSA-N,1997,Ki,8.899974
HYLGECOKUPPDRN-UHFFFAOYSA-N,2000,Ki,5.193820
HYNFLQHZQUETAO-UHFFFAOYSA-N,2015,Ki,5.842936
HYNOMSZTPOUFRQ-QRTARXTBSA-N,2014,Ki,7.193820
HYNOMSZTPOUFRQ-UNEWFSDZSA-N,2014,Ki,5.958607
HYRBVOGJRAFDLT-UHFFFAOYSA-N,2010,Ki,6.602060
HZAQPOKTYPPOTH-UHFFFAOYSA-N,1997,Ki,5.744727
HZBAKQLOTJCSJX-UHFFFAOYSA-N,2023,Ki,7.065502
HZDFSRLOPVRUAU-IRJFHVNHSA-N,2014,Ki,8.508778
HZDFSRLOPVRUAU-IRJFHVNHSA-N,2014,Ki,8.508778
HZEVDVGPBUFIAW-UHFFFAOYSA-N,2016,Ki,7.463442
HZFVOEDJAMLOAK-UHFFFAOYSA-N,2015,Ki,5.366532
HZGOWCHMTFRONC-UHFFFAOYSA-N,2019,Ki,6.795880
HZINVGWYTDHAFA-UHFFFAOYSA-N,2013,Ki,9.744727
HZIPKQNESFBOQW-LSNLESRRSA-N,2014,Ki,8.309804
HZIPKQNESFBOQW-LSNLESRRSA-N,2014,Ki,8.309804
HZISGJVOPZSKRZ-QPPBQGQZSA-N,2016,Ki,9.500038
HZMBQYFOWZCHKD-UHFFFAOYSA-N,2001,Ki,8.107905
HZQQJAKATKCPDP-DDDLIOIYSA-N,2013,Ki,6.920819
HZRDMMLAWDPBJF-FUDKSRODSA-N,2013,Ki,7.931072
HZRDMMLAWDPBJF-FUDKSRODSA-N,2013,Ki,7.931072
HZRDMMLAWDPBJF-MQSCRBSSSA-N,2013,Ki,8.107905
HZRDMMLAWDPBJF-MQSCRBSSSA-N,2013,Ki,8.107905
HZTKYJRCVZENNH-UHFFFAOYSA-N,2014,Ki,7.004365
HZTKYJRCVZENNH-UHFFFAOYSA-N,2017,Ki,7.005683
HZTKYJRCVZENNH-UHFFFAOYSA-N,2018,Ki,7.005683
HZVQDNHDCAXRJP-UHFFFAOYSA-N,2001,Ki,4.920819
HZWYVVALALXEJB-UHFFFAOYSA-N,2007,EC50,7.397940
HZYGVALVFFNNGE-UHFFFAOYSA-N,2005,Ki,8.045757
IAEPLCQQQMHCHK-UNEWFSDZSA-N,2014,Ki,6.290730
IAGDALNWLBGHNU-LJQANCHMSA-N,2013,Ki,7.552842
IALFUNSVFHBTHD-ZHZULCJRSA-N,1997,Ki,6.292430
IAMMMQJIUFFPMO-JXMROGBWSA-N,1999,Ki,8.500038
IARMAQZFHNEVDV-UHFFFAOYSA-N,2016,Ki,7.508638
IARMAQZFHNEVDV-UHFFFAOYSA-N,2016,Ki,7.500038
IAUVQKJTMHZPQY-ZSQTZEJBSA-N,2023,Ki,9.017729
IAUZWUKARUVEJL-UHFFFAOYSA-N,2009,Ki,6.900009
IAUZWUKARUVEJL-UHFFFAOYSA-N,2009,Ki,6.900009
IAWWLCSYFAOUES-UHFFFAOYSA-N,1997,Ki,6.228413
IAWWLCSYFAOUES-UHFFFAOYSA-N,2021,Ki,6.228413
IAXCCAHOKNMOII-UHFFFAOYSA-N,2013,Ki,9.154902
IBCJUIIXFRJMOE-UQQQWYQISA-N,2017,Ki,7.886057
IBCJUIIXFRJMOE-UQQQWYQISA-N,2017,EC50,7.420216
IBGMJKNDQYWIAZ-UHFFFAOYSA-N,1996,Ki,6.585027
IBGMJKNDQYWIAZ-UHFFFAOYSA-N,1997,Ki,6.599998
IBGVTRNZLWEIPT-UHFFFAOYSA-N,2007,Ki,6.294992
IBMJCDACSWDYQN-UHFFFAOYSA-N,1999,Ki,6.346787
IBNGPFLSWWZTBJ-UHFFFAOYSA-N,1997,Ki,7.721246
IBNGPFLSWWZTBJ-XUTJKUGGSA-N,1997,Ki,8.327902
IBNWNWKMISLVQT-UHFFFAOYSA-N,2023,Ki,7.244125
IBPXYDUJQWENPM-XZOQPEGZSA-N,2024,Ki,5.924533
IBRKLUSXDYATLG-LURJTMIESA-N,2014,Ki,6.301030
IBWTYJNEHLEZKF-UHFFFAOYSA-N,2017,Ki,7.673664
IBWTYJNEHLEZKF-UHFFFAOYSA-N,2018,Ki,7.673664
IBYDPPHZGREUMK-ONEGZZNKSA-N,2005,Ki,8.585027
ICAXEUYZCLRXKY-UHFFFAOYSA-N,1998,Ki,8.267606
ICBYLQHTUDFHNY-UHFFFAOYSA-N,2017,Ki,7.616185
ICDUPLIIKZSMRC-XGAFWQRZSA-N,2013,Ki,8.284833
ICDUPLIIKZSMRC-XGAFWQRZSA-N,2013,Ki,8.284833
ICGNIALTNZWGJF-FLFKKZLDSA-N,2003,Ki,8.443697
ICJPCRXVYMMSJY-UHFFFAOYSA-N,1996,Ki,6.866461
ICNBRZLPNIRJTH-UHFFFAOYSA-N,2009,Ki,5.080000
ICXGSSKPPOBXQR-UHFFFAOYSA-N,2009,Ki,8.169989
ICZBTJKIVJMPIF-UHFFFAOYSA-N,2009,Ki,8.599980
IDACJXRLCWWYDT-YYSPQECZSA-N,2020,Ki,8.795880
IDACJXRLCWWYDT-YYSPQECZSA-N,2022,Ki,8.795880
IDICUFRCUIOPKM-UHFFFAOYSA-N,2007,Ki,7.167491
IDKIRFAIRCIGSS-FQEVSTJZSA-N,2013,Ki,8.065502
IDKIRFAIRCIGSS-HXUWFJFHSA-N,2013,Ki,8.000000
IDLCGPWMKHMBHA-YEMPIKNUSA-N,2014,Ki,8.267606
IDLCGPWMKHMBHA-YEMPIKNUSA-N,2014,Ki,8.267606
IDMCBMOPQUHSKE-UHFFFAOYSA-N,2017,Ki,8.065502
IDMCBMOPQUHSKE-UHFFFAOYSA-N,2018,Ki,8.065502
IDTLNOOYTVGUDL-MBOZVWFJSA-N,2021,Ki,6.710411
IDTLNOOYTVGUDL-ZWOKBUDYSA-N,2021,Ki,9.301030
IDWFBPRPZDTKJU-RKTRBERCSA-N,2014,Ki,8.036212
IDWFBPRPZDTKJU-RKTRBERCSA-N,2014,Ki,8.036212
IDWJNGMFAPCILL-IYARVYRRSA-N,2023,Ki,9.698970
IDZASIQMRGPBCQ-UHFFFAOYSA-N,2004,Ki,9.958607
IDZASIQMRGPBCQ-UHFFFAOYSA-N,2003,Ki,9.091515
IEANVAFYLZJSPC-NSCUHMNNSA-N,2007,Ki,8.853872
IEANVAFYLZJSPC-NSCUHMNNSA-N,2007,IC50,8.173925
IEANVAFYLZJSPC-NSCUHMNNSA-N,2014,Ki,8.853872
IEANVAFYLZJSPC-NSCUHMNNSA-N,2014,IC50,8.173925
IEANVAFYLZJSPC-NSCUHMNNSA-N,2014,Ki,8.853872
IEANVAFYLZJSPC-NSCUHMNNSA-N,2014,IC50,8.173925
IEARDXOAQBZYGW-PKNBQFBNSA-N,2003,Ki,8.882729
IEFITNQZMCGBTG-UHFFFAOYSA-N,2023,Ki,7.136677
IEITXWDJKKGTIY-UHFFFAOYSA-N,2020,EC50,4.657577
IEITXWDJKKGTIY-UHFFFAOYSA-N,2023,EC50,4.657577
IESJRUUOIHDONG-UHFFFAOYSA-N,2012,Ki,6.795880
IESJRUUOIHDONG-UHFFFAOYSA-N,2014,Ki,6.795880
IEYDEPWJEHAEPC-UHFFFAOYSA-N,2011,Ki,6.982967
IEZLUUHSTFBOBK-LBEPJEHYSA-N,2023,Ki,9.769551
IFPGADOWNOXLNQ-UHFFFAOYSA-N,2016,Ki,6.279014
IFPGADOWNOXLNQ-UHFFFAOYSA-N,2016,Ki,6.279998
IFRJRHQHHFLJCC-UHFFFAOYSA-N,2016,EC50,7.950782
IGAYGUGEWYBNRY-UHFFFAOYSA-N,1996,Ki,6.366532
IGAYGUGEWYBNRY-UHFFFAOYSA-N,1997,Ki,6.366532
IGIPSUCYDDNAQY-JTYJAPAGSA-N,2014,Ki,5.468521
IGIZYVFIPJBSBU-UHFFFAOYSA-N,2021,Ki,6.879426
IGIZYVFIPJBSBU-UHFFFAOYSA-N,2021,Ki,7.168130
IGIZYVFIPJBSBU-UHFFFAOYSA-N,2021,EC50,6.779997
IGLZWQUSQYHTJF-LYHRCORUSA-N,2014,Ki,8.187087
IGLZWQUSQYHTJF-LYHRCORUSA-N,2014,Ki,8.187087
IGMYCJFCNUVBNZ-UHFFFAOYSA-N,2021,Ki,6.508638
IGTBNUVMBDYPQG-UHFFFAOYSA-N,2006,Ki,5.928118
IGUDRQBHUOBFPO-ISKFKSNPSA-N,2021,Ki,9.013228
IHAPBZBYXJKWJA-LFUKPOHLSA-N,2008,Ki,7.072117
IHBJWORPKYVGRO-UHFFFAOYSA-N,1997,Ki,6.866461
IHBJWORPKYVGRO-UHFFFAOYSA-N,2005,Ki,6.869988
IHDSWPOLCNCESB-UHFFFAOYSA-N,2010,Ki,7.199971
IHDSWPOLCNCESB-UHFFFAOYSA-N,2010,Ki,8.899974
IHDSWPOLCNCESB-UHFFFAOYSA-N,2010,Ki,9.100015
IHFXDTQRUYQNOI-OWOJBTEDSA-N,2005,Ki,8.494850
IHGIMVBWBWKDOW-UHFFFAOYSA-N,2023,Ki,6.655608
IHGOJNWFGIOWTK-UHFFFAOYSA-N,2019,Ki,7.610834
IHGOJNWFGIOWTK-UHFFFAOYSA-N,2022,Ki,7.610834
IHHXPMMIRSLYRE-UHFFFAOYSA-N,2022,Ki,9.113509
IHKSAHBRVXUIPJ-UHFFFAOYSA-N,2020,Ki,6.899629
IHNAEAHWHZVEJK-WGSAOQKQSA-N,2013,Ki,7.227678
IHOAJHDGKCNHMA-MMQQLJCSSA-N,2021,Ki,5.860121
IHOAJHDGKCNHMA-MMQQLJCSSA-N,2021,Ki,5.617983
IHPMTTUHDSGUHU-AQYVVDRMSA-N,2013,Ki,7.757210
IHPMTTUHDSGUHU-AQYVVDRMSA-N,2013,Ki,7.757210
IHTMZOURUQYLLI-RQNOJGIXSA-N,2014,Ki,8.026872
IHTMZOURUQYLLI-RQNOJGIXSA-N,2014,IC50,8.167491
IHTMZOURUQYLLI-RQNOJGIXSA-N,2014,IC50,7.721246
IHTMZOURUQYLLI-UHFFFAOYSA-N,2017,Ki,8.026872
IHTMZOURUQYLLI-UHFFFAOYSA-N,2018,Ki,8.026872
IICULBIXLVHQLU-QAQDUYKDSA-N,2020,Ki,9.086186
IICULBIXLVHQLU-QAQDUYKDSA-N,2022,Ki,9.086186
IIESJQKRXCMWAC-FVUUGDKNSA-N,2023,Ki,9.795880
IIGRUZXPSNFKHF-UHFFFAOYSA-N,2009,Ki,6.090000
IIRGAHOMCLTQPR-UHFFFAOYSA-N,1999,Ki,5.259637
IIRXNWGIJONFMR-SNAWJCMRSA-N,2011,Ki,7.962574
IISXJCNRUSFNIM-UHFFFAOYSA-N,2001,Ki,5.616185
IITURQZUYHBHDS-UHFFFAOYSA-N,2007,Ki,7.169989
IJICKINLCUKIHY-UHFFFAOYSA-N,2003,Ki,7.886057
IJICKINLCUKIHY-UHFFFAOYSA-N,1997,Ki,7.899974
IJKACRJOPXDGDS-UHFFFAOYSA-N,2020,Ki,10.036212
IJKACRJOPXDGDS-UHFFFAOYSA-N,2022,Ki,10.036212
IJKCMXOYXRJELY-ZDUSSCGKSA-N,2021,Ki,9.551294
IJMODPWKQJNRMT-FCHUYYIVSA-N,2023,Ki,7.903090
IJOUOSAAJUJMCV-JUUMZCOKSA-N,2020,Ki,9.040959
IJOUOSAAJUJMCV-JUUMZCOKSA-N,2022,Ki,9.040959
IJPGGHONVGTCOX-UHFFFAOYSA-N,1999,Ki,7.599980
IJSPBXBGZJAXBL-UHFFFAOYSA-N,2010,Ki,7.420216
IJTZHWGKWZMBCO-UHFFFAOYSA-N,2017,Ki,8.113509
IJVMOGKBEVRBPP-ZETCQYMHSA-N,2024,Ki,5.690600
IKAPCPDHWACXJE-XUTJKUGGSA-N,2014,Ki,7.894831
IKAPCPDHWACXJE-XUTJKUGGSA-N,2014,Ki,7.894831
IKBANCXZZJPIEB-UHFFFAOYSA-N,2002,Ki,5.744727
IKBKZGMPCYNSLU-RGVLZGJSSA-N,2024,Ki,6.370101
IKFBJNOEPLDTAT-UHFFFAOYSA-N,2021,Ki,6.903090
IKFBJNOEPLDTAT-UHFFFAOYSA-N,2021,Ki,6.900009
IKGGAFYATOQLDS-BZSJWONHSA-N,2022,Ki,9.397940
IKHRYIGPRIAKFA-UHFFFAOYSA-N,2008,Ki,7.899974
IKIWWXGJBAISGP-UHFFFAOYSA-N,2014,Ki,6.690370
IKMVUGGIEHIWKD-BUHFOSPRSA-N,1995,Ki,8.301030
IKRPGXPWXNOWKH-UHFFFAOYSA-N,2022,Ki,4.960000
IKSPSLCLHNNQFS-XXBNENTESA-N,2016,Ki,8.890084
IKSPSLCLHNNQFS-XXBNENTESA-N,2016,Ki,8.830032
IKWFRNZOZWEGCD-UHFFFAOYSA-N,2006,Ki,6.991400
IKYFNUXRYHSJTJ-XHDPSFHLSA-N,1994,Ki,6.596879
ILAPINSYTQOSTH-UHFFFAOYSA-N,2008,Ki,7.100015
ILLQMENNVJLGMH-UHFFFAOYSA-N,2009,Ki,8.100015
ILONWIHGXYVYRK-UHFFFAOYSA-N,2009,Ki,6.508638
ILRFVZOWNPFKOR-UHFFFAOYSA-N,2015,Ki,8.070581
ILSADQLMJBGMFK-UHFFFAOYSA-N,2008,Ki,6.657577
ILSVAZDAOVUDJJ-QAQDUYKDSA-N,2013,Ki,7.500313
ILUSLMFKTMQVSK-UHFFFAOYSA-N,2025,Ki,5.100000
ILVSPFZMTPGFNW-UHFFFAOYSA-N,1996,Ki,6.469800
ILVSPFZMTPGFNW-UHFFFAOYSA-N,1997,Ki,6.499997
IMAGMLAZQQRSFA-OJBMAJLDSA-N,2014,Ki,8.457175
IMAGMLAZQQRSFA-OJBMAJLDSA-N,2014,Ki,8.457175
IMCPEGAWOYJDMH-UHFFFAOYSA-N,2003,IC50,7.280669
IMCPEGAWOYJDMH-UHFFFAOYSA-N,2009,Ki,9.283997
IMCPEGAWOYJDMH-UHFFFAOYSA-N,2015,Ki,9.552842
IMCPEGAWOYJDMH-UHFFFAOYSA-N,2015,IC50,7.283997
IMFBORACXDJQCD-GCJKJVERSA-N,2009,Ki,8.599980
IMFBORACXDJQCD-GCJKJVERSA-N,2009,Ki,8.599980
IMFLKRNUSHCDBK-UHFFFAOYSA-N,2011,Ki,8.325139
IMHPBHXANRDMAO-BUHFOSPRSA-N,2002,Ki,8.000000
IMPOGCXTOZKPHA-UHFFFAOYSA-N,2019,Ki,7.227678
IMTICVASEJSMDW-UHFFFAOYSA-N,2016,Ki,7.899974
IMTICVASEJSMDW-UHFFFAOYSA-N,2020,Ki,7.790485
IMVQXSCPSNTRQQ-AQYVVDRMSA-N,2013,Ki,8.437707
IMVQXSCPSNTRQQ-AQYVVDRMSA-N,2013,Ki,8.437707
IMYFITBNCNWHTL-UHFFFAOYSA-N,1999,Ki,8.698970
INDXRHKLECFZHX-UHFFFAOYSA-N,2003,Ki,8.829738
INHFSVLNFMQBGJ-OUKQBFOZSA-N,1995,Ki,7.408935
INHLBBQJFLVLRB-UHFFFAOYSA-N,2018,Ki,7.721246
INHNATSHBKJSGN-UAPYVXQJSA-N,2023,Ki,9.958607
INKAJKATDMQGKQ-UHFFFAOYSA-N,2010,Ki,6.900009
INXHZFDLASUEAY-UHFFFAOYSA-N,2008,Ki,5.958607
INZGZBABHYINRR-UHFFFAOYSA-N,1998,IC50,6.698970
INZTWDPMSQSIHC-WXKZGDQPSA-N,2014,Ki,7.895513
INZTWDPMSQSIHC-WXKZGDQPSA-N,2014,Ki,7.895513
INZVCQWDAXDGMY-UHFFFAOYSA-N,2009,Ki,6.799998
INZVCQWDAXDGMY-UHFFFAOYSA-N,2009,Ki,6.799998
IOCBQXGKSWXFPW-QAQDUYKDSA-N,2020,Ki,10.455932
IOCBQXGKSWXFPW-QAQDUYKDSA-N,2022,Ki,10.455932
IOFOPIMDJBEBFZ-UHFFFAOYSA-N,2012,Ki,6.795880
IOIJPOKENALSRI-VMUIEEQSSA-N,2003,Ki,8.823909
IOJIPFCHEXMFMJ-UHFFFAOYSA-N,2008,Ki,9.100015
IOKDDLUMOKQUEG-WGSAOQKQSA-N,2016,Ki,9.657577
IOMZYSDKSLXMQC-XUTJKUGGSA-N,2023,Ki,9.638272
IONAUXJNMRGVRI-UAPYVXQJSA-N,2023,Ki,9.744727
IONCAKHVNMAPQA-GHTZIAJQSA-N,2019,Ki,8.600326
IONCAKHVNMAPQA-GHTZIAJQSA-N,2020,Ki,8.600326
IONCAKHVNMAPQA-NQIIRXRSSA-N,2019,Ki,8.349692
IONCAKHVNMAPQA-NQIIRXRSSA-N,2020,Ki,8.349692
IONCAKHVNMAPQA-UHFFFAOYSA-N,2016,Ki,9.100015
IONCAKHVNMAPQA-UHFFFAOYSA-N,2016,Ki,9.700057
IONCAKHVNMAPQA-UHFFFAOYSA-N,2016,Ki,9.400008
IONCAKHVNMAPQA-UHFFFAOYSA-N,2019,Ki,8.829738
IONCAKHVNMAPQA-UHFFFAOYSA-N,2020,Ki,8.829738
IOPFZPQJWJQACY-UHFFFAOYSA-N,2000,Ki,5.924453
IOPOIQNKSCJDRU-UHFFFAOYSA-N,2020,EC50,6.928118
IOPOIQNKSCJDRU-UHFFFAOYSA-N,2023,EC50,6.928118
IOSVPGDHSQVBED-UHFFFAOYSA-N,2021,Ki,6.230003
IOSVPGDHSQVBED-UHFFFAOYSA-N,2021,Kd,10.588380
IOSVPGDHSQVBED-UHFFFAOYSA-N,2021,EC50,6.090000
IOUKEEFTYOZOKJ-UHFFFAOYSA-N,2000,Ki,8.283997
IOUKEEFTYOZOKJ-UHFFFAOYSA-N,2000,Ki,6.229148
IOUKEEFTYOZOKJ-UHFFFAOYSA-N,2000,Ki,7.638272
IOUKEEFTYOZOKJ-UHFFFAOYSA-N,2000,Ki,6.142668
IOUKEEFTYOZOKJ-UHFFFAOYSA-N,2000,Ki,6.455932
IOUKEEFTYOZOKJ-UHFFFAOYSA-N,2008,EC50,8.356547
IOUKEEFTYOZOKJ-UHFFFAOYSA-N,2008,EC50,8.113509
IOUKEEFTYOZOKJ-UHFFFAOYSA-N,2008,Ki,6.721246
IOUKEEFTYOZOKJ-UHFFFAOYSA-N,2008,Ki,5.244125
IPANXDCFQPUSKK-LSNLESRRSA-N,2014,Ki,8.515700
IPANXDCFQPUSKK-LSNLESRRSA-N,2014,Ki,8.515700
IPJQQDLKFAIRMS-UHFFFAOYSA-N,2020,EC50,6.001305
IPKDITCKWUGLST-WKILWMFISA-N,2020,Ki,8.958607
IPKDITCKWUGLST-WKILWMFISA-N,2022,Ki,8.958607
IPQCNTXEUDGNJY-UHFFFAOYSA-N,2007,Ki,6.714443
IPRYGZPENCDGPQ-UHFFFAOYSA-N,2011,Ki,9.602060
IPSCKONIPWPNAA-VQTJNVASSA-N,2023,Ki,8.214670
IPVPEZGOUYWZAJ-UHFFFAOYSA-N,2012,Ki,8.200659
IPVZGUMYDUWBRS-UHFFFAOYSA-N,2019,Ki,6.978811
IPVZGUMYDUWBRS-UHFFFAOYSA-N,2019,Ki,6.980012
IPXYCJHALCJMEQ-XUTJKUGGSA-N,2014,Ki,8.647817
IPXYCJHALCJMEQ-XUTJKUGGSA-N,2014,Ki,8.647817
IPZLHIDFKOMHRW-UHFFFAOYSA-N,2022,Ki,5.080000
IQCMYUXFEHXTKF-JCNLHEQBSA-N,2020,Ki,9.193820
IQCMYUXFEHXTKF-JCNLHEQBSA-N,2022,Ki,9.193820
IQFXDOJWHPEPAA-UHFFFAOYSA-N,2008,Ki,7.799971
IQGWEXBXERIPCR-HZCBDIJESA-N,2013,Ki,7.634512
IQHWFEDHUISJOL-UHFFFAOYSA-N,1999,Ki,7.599980
IQJMNZLVYKGIIF-UHFFFAOYSA-N,2014,Ki,7.136677
IQKUCRAAVAKXAF-CEJRHITASA-N,2016,Ki,8.489991
IQKUCRAAVAKXAF-CEJRHITASA-N,2016,Ki,8.680062
IQMKIUFAVWKRQY-GFCCVEGCSA-N,1994,Ki,5.506821
IQNJCFSRWWUBAK-XYWHTSSQSA-N,2013,Ki,8.580044
IQNJCFSRWWUBAK-XYWHTSSQSA-N,2013,Ki,8.580044
IQOHRYVJGPXDMK-SFHVURJKSA-N,2015,EC50,8.850781
IQOWTUUUJRSSIY-UHFFFAOYSA-N,2014,Ki,8.795880
IQOWTUUUJRSSIY-UHFFFAOYSA-N,2014,Ki,8.795880
IQRVICMQFUJBJE-UHFFFAOYSA-N,2013,Ki,7.345823
IQUDVNRUWJNIMA-UHFFFAOYSA-N,2009,Ki,5.800001
IQWDNJHMRMQNHR-UHFFFAOYSA-N,2003,Ki,7.429457
IRDGCSMAHBCDAT-SIKLNZKXSA-N,2019,Ki,7.690370
IRDGCSMAHBCDAT-SIKLNZKXSA-N,2020,Ki,7.690370
IRDGCSMAHBCDAT-UHFFFAOYSA-N,2019,Ki,7.640165
IRDGCSMAHBCDAT-UHFFFAOYSA-N,2020,Ki,7.640165
IRECDGNNIQNOJK-KRWDZBQOSA-N,2014,Ki,7.700493
IRFLVVGRMBDQSJ-UHFFFAOYSA-N,1998,Ki,7.020907
IRLHMHFRNZPYGU-UHFFFAOYSA-N,2017,Ki,6.099999
IRUKZAGWAZWZBI-UHFFFAOYSA-N,1997,Ki,7.100015
IRVKXZUMTITJIC-UHFFFAOYSA-N,2009,Ki,9.494850
IRVKXZUMTITJIC-UHFFFAOYSA-N,2012,Ki,9.494850
IRVKXZUMTITJIC-UHFFFAOYSA-N,2012,Ki,9.494850
ISELLYVTONRQOI-AQYVVDRMSA-N,2014,Ki,8.361511
ISELLYVTONRQOI-AQYVVDRMSA-N,2014,Ki,8.361511
ISHULLMLYOWDJR-VWLOTQADSA-N,2023,Ki,6.258848
ISJIDQUSRNCFFC-SXTNBDNLSA-N,2022,Ki,9.346787
ISJJKHYAKDKZNA-UHFFFAOYSA-N,2021,IC50,5.589999
ISLIDTBUGBXVJF-AQYVVDRMSA-N,2023,Ki,9.366532
ISOJUHYODLHLNP-ATIYNZHBSA-N,2019,Ki,5.221126
ISTZGGNVALEGHJ-CILPGNKCSA-N,1996,Ki,7.199971
ISUMRTRTOVSWNW-UHFFFAOYSA-N,2008,Ki,5.958607
ISUNUPFSUDXDKD-UHFFFAOYSA-N,2011,Ki,8.568636
ITIATPRLDJMYTO-RDGATRHJSA-N,2016,Ki,9.580044
ITNGDGJSTGEEEQ-AQYVVDRMSA-N,2013,Ki,7.460924
ITNZRVAWAMTRJC-IYARVYRRSA-N,2014,Ki,8.725842
ITNZRVAWAMTRJC-IYARVYRRSA-N,2014,Ki,8.725842
ITSYGVLMBDGWEV-UHFFFAOYSA-N,2021,IC50,5.640000
ITTGLZWHTWLHSG-UHFFFAOYSA-N,2008,Ki,6.199998
ITUXESRMFODXIB-UHFFFAOYSA-N,1997,Ki,5.886057
IUDLGCVTTLUKGF-QAQDUYKDSA-N,2020,Ki,9.920819
IUDLGCVTTLUKGF-QAQDUYKDSA-N,2022,Ki,9.920819
IUHXMQOKDMHFCT-KESTWPANSA-N,2013,Ki,7.804100
IUKPIALDWLVDKD-KOAQGZTJSA-N,2022,Ki,9.552842
IUVSEUFHPNITEQ-UHFFFAOYSA-N,2007,Ki,8.400008
IVBGOSVLURUGPB-UHFFFAOYSA-N,2003,Ki,5.000000
IVCDUDHUOFADMA-HZCBDIJESA-N,1998,Ki,10.698970
IVGKEFCVDHKRFY-AQYVVDRMSA-N,2023,Ki,9.366532
IVJLEPPEOLFVAV-UHFFFAOYSA-N,2006,Ki,8.522879
IVLRTSCKCRHEJC-UHFFFAOYSA-N,2006,Ki,6.533132
IVQSQRPBZRNZBV-UHFFFAOYSA-N,2013,Ki,7.354578
IVVUETVVMPRMEL-UHFFFAOYSA-N,2014,Ki,7.455932
IVXOADYRPYSQPC-OXJNMPFZSA-N,2019,Ki,8.590067
IVXOADYRPYSQPC-OXJNMPFZSA-N,2020,Ki,8.590067
IVXOADYRPYSQPC-UHFFFAOYSA-N,2016,Ki,8.899974
IVXOADYRPYSQPC-UHFFFAOYSA-N,2019,Ki,8.879426
IVXOADYRPYSQPC-UHFFFAOYSA-N,2020,Ki,8.879426
IVXOADYRPYSQPC-UZLBHIALSA-N,2019,Ki,8.829738
IVXOADYRPYSQPC-UZLBHIALSA-N,2020,Ki,8.829738
IWAHIMCMPBOXKG-FQEVSTJZSA-N,2017,Ki,9.096910
IWAHIMCMPBOXKG-FQEVSTJZSA-N,2017,EC50,9.366532
IWAHIMCMPBOXKG-FQEVSTJZSA-N,2017,EC50,9.369979
IWAHIMCMPBOXKG-HXUWFJFHSA-N,2017,Ki,7.886057
IWALVTABIRHYMJ-QFTWOCFFSA-N,2023,Ki,9.744727
IWBMAAUPHUCYCI-UHFFFAOYSA-N,2021,Ki,6.099999
IWBMAAUPHUCYCI-UHFFFAOYSA-N,2021,Kd,10.588380
IWBMAAUPHUCYCI-UHFFFAOYSA-N,2021,EC50,5.550000
IWDYHWHOELBSSW-LMTLIKQPSA-N,2020,Ki,9.244125
IWDYHWHOELBSSW-LMTLIKQPSA-N,2022,Ki,9.244125
IWGVABNVNOQFPY-JTAQYXEDSA-N,2014,Ki,7.701147
IWGVABNVNOQFPY-JTAQYXEDSA-N,2014,Ki,7.701147
IWGVABNVNOQFPY-TXTKFYIRSA-N,2014,Ki,7.831503
IWGVABNVNOQFPY-TXTKFYIRSA-N,2014,Ki,7.831503
IWKLJRLAWXMABE-UHFFFAOYSA-N,2017,Ki,7.958607
IWKLJRLAWXMABE-UHFFFAOYSA-N,2018,Ki,7.958607
IWOSLDUAAMOOBE-IYARVYRRSA-N,2020,Ki,9.537602
IWOSLDUAAMOOBE-IYARVYRRSA-N,2022,Ki,9.537602
IWPBBAPLZQJENH-UHFFFAOYSA-N,2023,Ki,6.431798
IWQHFZLOBAGAOK-JIBACQESSA-N,2014,Ki,8.113509
IWQHFZLOBAGAOK-JIBACQESSA-N,2014,Ki,8.113509
IWUPLAFLTUWLMF-GOSISDBHSA-N,1997,Ki,9.698970
IWUPLAFLTUWLMF-SFHVURJKSA-N,1997,Ki,9.000000
IWUPLAFLTUWLMF-UHFFFAOYSA-N,1997,Ki,9.301030
IWYJMDHFHLLTOE-WGSAOQKQSA-N,2022,Ki,9.677781
IWYNZVSUMFYFCF-UHFFFAOYSA-N,2008,Ki,8.700057
IWZNOFWARONDLD-UHFFFAOYSA-N,2016,Ki,7.181115
IXCPWQZWEFUJGL-WGSAOQKQSA-N,2023,Ki,9.193820
IXCPWQZWEFUJGL-WGSAOQKQSA-N,2023,IC50,7.700057
IXCPWQZWEFUJGL-WGSAOQKQSA-N,2023,IC50,7.702239
IXDPGYMHLOZKPR-ZWGSZDQZSA-N,2013,Ki,7.485452
IXHFUNSVBJAYHP-UHFFFAOYSA-N,2005,Ki,8.886057
IXKQJYVTAYRJTF-UHFFFAOYSA-N,2020,EC50,5.481486
IXKQJYVTAYRJTF-UHFFFAOYSA-N,2023,EC50,5.481486
IXQUACGJMOXDCP-UHFFFAOYSA-N,2015,Ki,8.638272
IXUNXYUOXOHHSI-UHFFFAOYSA-N,2002,Ki,7.920819
IYHHRZBKXXKDDY-UHFFFAOYSA-N,2021,Ki,6.368485
IYHHRZBKXXKDDY-UHFFFAOYSA-N,2021,Ki,6.540005
IYHHRZBKXXKDDY-UHFFFAOYSA-N,2024,Ki,6.368485
IYIKLHRQXLHMJQ-UHFFFAOYSA-N,,IC50,5.917933
IYIKLHRQXLHMJQ-UHFFFAOYSA-N,,Ki,6.387216
IYJHSZYHBWQPAO-UHFFFAOYSA-N,2023,Ki,7.619789
IYUXTQUHGHENIF-XGAFWQRZSA-N,2023,Ki,9.795880
IYWXUSILGIBAQW-NRFANRHFSA-N,2017,Ki,8.958607
IYZBRQAAJGEDNI-OXJNMPFZSA-N,2019,Ki,8.390406
IYZBRQAAJGEDNI-OXJNMPFZSA-N,2020,Ki,8.390406
IYZBRQAAJGEDNI-UHFFFAOYSA-N,2016,Ki,8.700057
IYZBRQAAJGEDNI-UHFFFAOYSA-N,2016,Ki,8.400008
IYZBRQAAJGEDNI-UHFFFAOYSA-N,2016,Ki,8.799971
IYZBRQAAJGEDNI-UHFFFAOYSA-N,2019,Ki,8.838632
IYZBRQAAJGEDNI-UHFFFAOYSA-N,2020,Ki,8.838632
IYZBRQAAJGEDNI-UZLBHIALSA-N,2019,Ki,8.698970
IYZBRQAAJGEDNI-UZLBHIALSA-N,2020,Ki,8.698970
IYZKGDKMKUFPAR-OWWJJEGGSA-N,2023,Ki,9.130768
IZCLJDQWYJTBAN-UHFFFAOYSA-N,2021,Ki,7.339989
IZCLJDQWYJTBAN-UHFFFAOYSA-N,2021,EC50,6.050000
IZFJEANBTQYYTG-UHFFFAOYSA-N,2007,Ki,9.130006
IZGMMZZMWKKGGX-XCZPVHLTSA-N,1998,Ki,7.799971
IZRFSGDNQRHHKW-UHFFFAOYSA-N,2007,Ki,8.494850
IZRKKTGXKLIJDE-GOSISDBHSA-N,1996,Ki,7.623423
IZROAUDTDDADJI-UHFFFAOYSA-N,2017,Ki,7.570248
IZROAUDTDDADJI-UHFFFAOYSA-N,2018,Ki,7.570248
IZVVXKITHMHHRG-UHFFFAOYSA-N,1996,Ki,7.199971
IZWSUUXSTWDMST-IRJFHVNHSA-N,2014,Ki,8.070734
IZWSUUXSTWDMST-IRJFHVNHSA-N,2014,Ki,8.070734
IZZMBWJXQOJUHH-JOCHJYFZSA-N,1996,Ki,9.799971
IZZNYYLQSUDWDO-UHFFFAOYSA-N,2016,Ki,9.500038
IZZNYYLQSUDWDO-UHFFFAOYSA-N,2019,Ki,9.449772
IZZNYYLQSUDWDO-UHFFFAOYSA-N,2020,Ki,9.449772
JACOQOMTWSSQPK-ZFUCAUIQSA-N,2014,Ki,8.045757
JACOQOMTWSSQPK-ZFUCAUIQSA-N,2014,Ki,8.045757
JAKFCAJOXZJYMN-UHFFFAOYSA-N,2022,Ki,9.026872
JAKWNDCWFUEYHH-UHFFFAOYSA-N,2019,Ki,5.744727
JAOKCAPKMXUPOM-UHFFFAOYSA-N,2017,Ki,7.735182
JAOKCAPKMXUPOM-UHFFFAOYSA-N,2018,Ki,7.735182
JARNORYOPMINDY-UHFFFAOYSA-N,1995,Ki,9.500038
JARNORYOPMINDY-UHFFFAOYSA-N,1997,Ki,9.500038
JARNORYOPMINDY-UHFFFAOYSA-N,2011,Ki,9.494850
JASDXILVHIDXCQ-UHFFFAOYSA-N,2010,Ki,6.299998
JASDXILVHIDXCQ-UHFFFAOYSA-N,2010,Ki,8.899974
JASDXILVHIDXCQ-UHFFFAOYSA-N,2010,Ki,9.400008
JATQVZAOCJUHTI-MCPYQZEQSA-N,2009,Ki,6.799998
JATQVZAOCJUHTI-MCPYQZEQSA-N,2009,Ki,6.799998
JAUOIFJMECXRGI-UHFFFAOYSA-N,,IC50,5.719877
JAUOIFJMECXRGI-UHFFFAOYSA-N,,Ki,6.189096
JAWKNWQXUPQJQD-BUHFOSPRSA-N,2007,Ki,7.966576
JAYLRXXYDXFRKF-OUKQBFOZSA-N,2003,Ki,9.337242
JBETURIRTKWRDW-UHFFFAOYSA-N,1999,Ki,8.599980
JBIWUVRCMUOUNK-QGZVFWFLSA-N,2000,Ki,6.199998
JBLAHJDPCUNHND-SAIGFBBZSA-N,2003,Ki,8.500038
JBQIFWSBUXXWMF-UAPYVXQJSA-N,2023,Ki,9.309804
JBUWBWVXKLACCD-FPOVZHCZSA-N,2017,Ki,6.591760
JBVFOIKUFJIXQZ-UHFFFAOYSA-N,2014,Ki,6.677781
JBVSQYZVCXMFCI-UFYCRDLUSA-N,2013,Ki,7.698970
JBVSQYZVCXMFCI-VAMGGRTRSA-N,2013,Ki,7.352617
JCGBUUHLRXHEQS-WGSAOQKQSA-N,1997,Ki,8.376751
JCGVHNRXCIXGCT-UHFFFAOYSA-N,2007,Ki,8.400008
JCHUVGUKPFGRNQ-UHFFFAOYSA-N,2022,Ki,6.034892
JCJRRQWOAHHCRM-UHFFFAOYSA-N,2009,IC50,7.950782
JCJRRQWOAHHCRM-UHFFFAOYSA-N,2009,Ki,8.124360
JCJRRQWOAHHCRM-UHFFFAOYSA-N,2014,Ki,8.267606
JCJRRQWOAHHCRM-UHFFFAOYSA-N,2014,Ki,8.267606
JCOIGYVGPKMQRM-XUTJKUGGSA-N,2014,Ki,7.563837
JCOIGYVGPKMQRM-XUTJKUGGSA-N,2014,Ki,7.563837
JCPOEWYYYWHNCO-ZWGSZDQZSA-N,2013,Ki,7.617983
JCQGRHIIKSHVDZ-UHFFFAOYSA-N,1999,Ki,6.130768
JCSJNNBJTFWLCL-UHFFFAOYSA-N,2021,Ki,7.447332
JCSREICEMHWFAY-HGCGQDOSSA-N,2010,Ki,9.795880
JCSREICEMHWFAY-HUUCEWRRSA-N,2000,Ki,9.677781
JCSREICEMHWFAY-HUUCEWRRSA-N,2009,Ki,9.700057
JCSREICEMHWFAY-HUUCEWRRSA-N,2014,Ki,8.966576
JCSREICEMHWFAY-HUUCEWRRSA-N,2014,Ki,9.000000
JCSREICEMHWFAY-UHFFFAOYSA-N,2002,Ki,9.677781
JCUBTYXXBDFOHF-UHFFFAOYSA-N,2008,Ki,7.599980
JCVCZONIULCFAT-UHFFFAOYSA-N,2007,Ki,7.221849
JCXPHDPIKCCHEL-FQEVSTJZSA-N,2003,Ki,5.481486
JCXPHDPIKCCHEL-HXUWFJFHSA-N,2003,Ki,4.920819
JCYQNPLHYOAPCP-UHFFFAOYSA-N,2017,EC50,7.853872
JCYQNPLHYOAPCP-UHFFFAOYSA-N,2017,EC50,8.638272
JCYQNPLHYOAPCP-UHFFFAOYSA-N,2017,EC50,8.639975
JCZBIVTZYYLWOL-UHFFFAOYSA-N,2010,Ki,9.361511
JCZQORKBTOWEKS-UHFFFAOYSA-N,2016,Ki,8.500038
JCZQORKBTOWEKS-UHFFFAOYSA-N,2019,Ki,8.519993
JCZQORKBTOWEKS-UHFFFAOYSA-N,2020,Ki,8.519993
JDCBVBSQNVZJSS-UHFFFAOYSA-N,2007,Ki,5.400000
JDFBBZLNLYXHDC-CAUKCHDASA-N,2011,Ki,5.145390
JDFBBZLNLYXHDC-CAUKCHDASA-N,2013,Ki,5.145390
JDGWCJQTEUISIR-GGYDESQDSA-N,2023,Ki,9.744727
JDUYXDCAFPRHMY-UHFFFAOYSA-N,2016,EC50,7.663540
JDXNRQBNLDPZOL-JKIUYZKVSA-N,2020,Ki,8.102373
JDXNRQBNLDPZOL-JKIUYZKVSA-N,2022,Ki,8.102373
JEAHBVRHQWEDQL-UHFFFAOYSA-N,2017,Ki,8.698970
JEAHBVRHQWEDQL-UHFFFAOYSA-N,2018,Ki,8.698970
JEBLLBOUXXZBPR-UHFFFAOYSA-N,2010,Ki,6.399997
JEBLLBOUXXZBPR-UHFFFAOYSA-N,2010,Ki,8.299989
JEBLLBOUXXZBPR-UHFFFAOYSA-N,2010,Ki,8.299989
JECLSXTZIUKJEC-UHFFFAOYSA-N,2009,Ki,7.389979
JECLSXTZIUKJEC-UHFFFAOYSA-N,2009,Ki,7.397940
JEEXKVNFXCLLCQ-IYARVYRRSA-N,1998,Ki,6.677781
JEFLKZKNAVDDCN-UHFFFAOYSA-N,2015,Ki,8.173925
JERZBICCWPTZQV-UHFFFAOYSA-N,2014,Ki,8.823909
JERZBICCWPTZQV-UHFFFAOYSA-N,2014,EC50,7.910095
JERZBICCWPTZQV-UHFFFAOYSA-N,2014,EC50,7.920819
JEYKHDMZDCZJFI-UHFFFAOYSA-N,2016,Ki,6.301899
JEYKHDMZDCZJFI-UHFFFAOYSA-N,2016,Ki,6.299998
JEZRLUMTXPFWPB-UHFFFAOYSA-N,2015,Ki,8.420216
JFBMKPAJRCILMR-UHFFFAOYSA-N,2015,Ki,9.892790
JFCDMGGMCUKHST-UHFFFAOYSA-N,2019,Ki,5.774691
JFCDMGGMCUKHST-UHFFFAOYSA-N,2019,Ki,6.777284
JFCMJHZNAYJRLV-UHFFFAOYSA-N,2023,Ki,5.928118
JFDSONZAQMFHCW-UHFFFAOYSA-N,2014,Ki,7.346787
JFDSONZAQMFHCW-UHFFFAOYSA-N,2017,Ki,7.342944
JFDSONZAQMFHCW-UHFFFAOYSA-N,2018,Ki,7.342944
JFFIIIVILGKQSZ-UHFFFAOYSA-N,2002,Ki,6.580044
JFIOVJDNOJYLKP-UHFFFAOYSA-N,,IC50,5.374893
JFIOVJDNOJYLKP-UHFFFAOYSA-N,,Ki,5.843754
JFJLJDBEIHLBLY-UHFFFAOYSA-N,2019,Ki,7.809668
JFJLJDBEIHLBLY-UHFFFAOYSA-N,2020,Ki,7.809668
JFKCCUAHUNXNFQ-UHFFFAOYSA-N,2018,Ki,8.229148
JFKCCUAHUNXNFQ-UHFFFAOYSA-N,2018,EC50,6.443697
JFLBTRDHDHTNGX-UHFFFAOYSA-N,2005,Ki,8.080922
JFMAZBIWGGSVJX-SFHVURJKSA-N,2001,Ki,6.161151
JFMAZBIWGGSVJX-SFHVURJKSA-N,2001,Ki,5.481486
JFNOMZIRJGWDKM-SNAWJCMRSA-N,2013,Ki,8.494850
JGCMEBMXRHSZKX-UHFFFAOYSA-N,2024,Ki,5.998050
JGDAHRAXXNLDGS-UHFFFAOYSA-N,2015,Ki,7.856985
JGGOHKJHMHHQML-OFNKIYASSA-N,2016,Ki,8.700057
JGHVVBYUGZXQJW-SJORKVTESA-N,2017,Ki,5.500000
JGLBRFJRIZMPQY-UHFFFAOYSA-N,2016,EC50,8.180456
JGLGOAQPUQITLD-OGAOHHHESA-N,2000,Ki,8.700057
JGLGOAQPUQITLD-OGAOHHHESA-N,2017,Ki,8.408935
JGPPAABCUOMAQN-PGWJBFNOSA-N,2023,Ki,9.229148
JGRQIRDAIIUUCX-IYBDPMFKSA-N,2009,Ki,8.500038
JGRQIRDAIIUUCX-IYBDPMFKSA-N,2009,Ki,8.500038
JGUJMJSODMVSHV-UHFFFAOYSA-N,2022,Ki,6.462181
JGUXYQFTEZNNTK-LSNLESRRSA-N,2014,Ki,7.179799
JGUXYQFTEZNNTK-LSNLESRRSA-N,2014,Ki,7.179799
JGVZGPYSWWXYDX-UHFFFAOYSA-N,2016,Ki,6.966576
JGXVHHJVAUYNIF-UAPYVXQJSA-N,2023,Ki,9.823909
JHLIBYXPSIHAKP-SFHVURJKSA-N,2023,Ki,5.732359
JHMYLCCZLFZGNF-UHFFFAOYSA-N,2011,Ki,6.995679
JHONYJKBTVQFJZ-JKIUYZKVSA-N,2014,Ki,8.449772
JHONYJKBTVQFJZ-JKIUYZKVSA-N,2014,Ki,8.449772
JHSBXLBFVPKGAF-VQTJNVASSA-N,2021,Ki,9.098542
JICSUTQEGNUBOG-UHFFFAOYSA-N,1999,Ki,7.823909
JIFIBXLKXAOALA-UHFFFAOYSA-N,2002,Ki,7.920819
JIFZJJHUCHFIGP-UHFFFAOYSA-N,2009,Ki,9.221849
JIKDWCBMJVTCCZ-ISLYRVAYSA-N,1995,Ki,8.096910
JIMZYWHOJZKVBJ-UHFFFAOYSA-N,2009,Ki,8.309804
JIOUQSMHLCSGTJ-UHFFFAOYSA-N,2021,Ki,7.619789
JIPGSTBSUISSPJ-UHFFFAOYSA-N,2017,Ki,6.545155
JIPGSTBSUISSPJ-UHFFFAOYSA-N,2018,Ki,6.545155
JIURLJSKBKCSMU-UHFFFAOYSA-N,2023,Ki,7.180456
JIXQPDNGVCMIOH-UHFFFAOYSA-N,1997,Ki,5.605548
JIZQRMQHJXHWIA-DBXWQHBBSA-N,2014,Ki,7.823909
JIZQRMQHJXHWIA-DBXWQHBBSA-N,2014,Ki,7.823909
JIZQRMQHJXHWIA-KKUOWXDVSA-N,2014,Ki,8.000000
JIZQRMQHJXHWIA-KKUOWXDVSA-N,2014,Ki,8.000000
JIZQRMQHJXHWIA-WFXMLNOXSA-N,2014,Ki,8.221849
JIZQRMQHJXHWIA-WFXMLNOXSA-N,2014,Ki,8.221849
JJARSALEJXMFKK-UHFFFAOYSA-N,2013,Ki,8.958607
JJCFRYNCJDLXIK-UHFFFAOYSA-N,,IC50,7.318759
JJCFRYNCJDLXIK-UHFFFAOYSA-N,,Ki,7.795880
JJDMYYLIPNQZQN-UHFFFAOYSA-N,2017,Ki,9.764472
JJIBAQPGIKFZRA-UHFFFAOYSA-N,2011,Ki,7.075721
JJIBAQPGIKFZRA-UHFFFAOYSA-N,2011,Ki,7.075721
JJISSBKYYCWHFH-UHFFFAOYSA-N,2020,Ki,5.465974
JJKPSOUEWPDPFS-UHFFFAOYSA-N,2001,IC50,6.709965
JJRCKNMPBGKXPO-UHFFFAOYSA-N,2009,Ki,8.599980
JJZYJNHNBLRMSV-SYYKKAFVSA-N,2023,Ki,9.920819
JKAFEYNVKSARQQ-UHFFFAOYSA-N,2016,Ki,6.995679
JKFIWLJVMRKLFE-UHFFFAOYSA-N,2013,Ki,7.207608
JKHRBDDJXCBDKI-UHFFFAOYSA-N,2022,Ki,6.560005
JKOQGQFVAUAYPM-UHFFFAOYSA-N,,IC50,5.714668
JKOQGQFVAUAYPM-UHFFFAOYSA-N,,Ki,6.183759
JKOYRFXVLZJKAP-UHFFFAOYSA-N,2010,Ki,7.400008
JKPISQIIWUONPB-HNNXBMFYSA-N,2014,Ki,7.045661
JKPISQIIWUONPB-HNNXBMFYSA-N,2016,Ki,7.522879
JKPISQIIWUONPB-HNNXBMFYSA-N,2017,Ki,7.522879
JKPISQIIWUONPB-HNNXBMFYSA-N,2023,Ki,7.522879
JKPISQIIWUONPB-HNNXBMFYSA-N,2024,Ki,7.630784
JKPISQIIWUONPB-UHFFFAOYSA-N,2016,Ki,6.995679
JKUARXXFZBUSAL-UHFFFAOYSA-N,2007,Ki,7.735182
JKWVNBLZWDOXPU-UHFFFAOYSA-N,2019,Ki,9.050610
JKYLHNIPTDCTPH-UHFFFAOYSA-N,2011,Ki,8.619789
JKYLHNIPTDCTPH-UHFFFAOYSA-N,2015,Ki,8.619789
JLAYLFLQSFRXPP-UHFFFAOYSA-N,2017,EC50,7.853872
JLHIRWIMDKSLJU-UHFFFAOYSA-N,2010,Ki,6.799998
JLHYDFVXCXCPKN-AEFFLSMTSA-N,1999,Ki,8.599980
JLHYDFVXCXCPKN-FUHWJXTLSA-N,1999,Ki,8.199971
JLHYDFVXCXCPKN-UHFFFAOYSA-N,1999,Ki,8.400008
JLHYDFVXCXCPKN-UHFFFAOYSA-N,1999,Ki,7.000000
JLKITJMRRRZCIH-UILWBTOOSA-N,2001,Ki,7.199971
JLMZACVBNICYMZ-UHFFFAOYSA-N,2011,Ki,8.022276
JLMZACVBNICYMZ-UHFFFAOYSA-N,2011,IC50,6.086186
JLPQEMCCJSONLS-UHFFFAOYSA-N,2003,Ki,5.000000
JLRYOWKVNYLGFB-OJBMAJLDSA-N,2014,Ki,8.062984
JLRYOWKVNYLGFB-OJBMAJLDSA-N,2014,Ki,8.062984
JLUQWCZYPJKNMK-UHFFFAOYSA-N,2014,Ki,5.606074
JLUQWCZYPJKNMK-UHFFFAOYSA-N,2014,Ki,5.599999
JLZIBIQTDGMAFZ-UHFFFAOYSA-N,1998,Ki,7.450997
JMDXHUNKNDOMJU-UHFFFAOYSA-N,2017,Ki,8.537602
JMDXHUNKNDOMJU-UHFFFAOYSA-N,2017,EC50,7.721246
JMDXHUNKNDOMJU-UHFFFAOYSA-N,2017,EC50,7.720105
JMFUJUHOBGECJQ-QAQDUYKDSA-N,2020,Ki,10.113509
JMFUJUHOBGECJQ-QAQDUYKDSA-N,2022,Ki,10.113509
JMLMUVQDRNZKFK-JKIUYZKVSA-N,1997,Ki,8.221849
JMPUAGQQRFXFOX-ZWKOTPCHSA-N,2023,Ki,8.619789
JMWPNBKHGFORBT-KYJSFNMBSA-N,2014,Ki,6.240332
JMYALEGZMZHDTN-MDZDMXLPSA-N,2000,Ki,7.899974
JMYIPFBYRVHYMD-UHFFFAOYSA-N,2020,Ki,7.939302
JMYVVZJJTRVCDC-UHFFFAOYSA-N,2009,Ki,10.004365
JNAGEIMWCSOQKU-OCCSQVGLSA-N,1994,Ki,6.761954
JNAGEIMWCSOQKU-UHFFFAOYSA-N,1994,Ki,7.173925
JNGNQZWCWJWYDP-UHFFFAOYSA-N,2005,Ki,8.703335
JNGNQZWCWJWYDP-UHFFFAOYSA-N,2005,Kd,8.950007
JNMQWDIMZMNVJB-UHFFFAOYSA-N,2021,Ki,7.844664
JNNUNYQLZKWFQJ-UHFFFAOYSA-N,2015,Ki,8.533132
JNODQFNWMXFMEV-UHFFFAOYSA-N,2024,Ki,6.335904
JNOKWZBEYVLXQJ-OJBMAJLDSA-N,2014,Ki,8.669586
JNOKWZBEYVLXQJ-OJBMAJLDSA-N,2014,Ki,8.669586
JNRGVRLFICIPND-UHFFFAOYSA-N,2017,Ki,8.229148
JNSGCKSGQOFGBY-KBQPQWKXSA-N,2013,Ki,7.262807
JNSNEWFLCREWMB-UHFFFAOYSA-N,2017,Ki,5.493495
JNTWHFOMVSHHKK-UHFFFAOYSA-N,2008,Ki,8.400008
JNTZATOMFKWPTP-UHFFFAOYSA-N,2008,Ki,7.987163
JNZNIWXTQKSJBP-PXNSSMCTSA-N,2001,Ki,6.148742
JNZNIWXTQKSJBP-PXNSSMCTSA-N,2001,Ki,5.568636
JNZRXFXWSIACHM-UHFFFAOYSA-N,2015,Ki,5.744727
JOCIPRSPZCLXKS-UHFFFAOYSA-N,1997,Ki,6.432974
JOCIPRSPZCLXKS-UHFFFAOYSA-N,2005,Ki,6.429994
JOCSRIUJRNEKRZ-OBGWFSINSA-N,2003,Ki,7.795880
JOHIGOPVFHBKPR-HZCBDIJESA-N,2014,Ki,8.619789
JOHIGOPVFHBKPR-HZCBDIJESA-N,2014,Ki,8.619789
JOHOQMIETZSDOL-UHFFFAOYSA-N,2016,Ki,7.799971
JOHOQMIETZSDOL-UHFFFAOYSA-N,2019,Ki,7.779892
JOHOQMIETZSDOL-UHFFFAOYSA-N,2020,Ki,7.779892
JOOAJIXGNAIFDC-UHFFFAOYSA-N,2020,EC50,5.602060
JOOAJIXGNAIFDC-UHFFFAOYSA-N,2023,EC50,5.602060
JOZMHQIYXRYITJ-UHFFFAOYSA-N,2008,Ki,7.500038
JPBDEYGIEOZDGD-UHFFFAOYSA-N,1996,Ki,5.500000
JPCGHQPCQSFZIF-MGFGWZDJSA-N,2014,Ki,7.851397
JPCGHQPCQSFZIF-MGFGWZDJSA-N,2014,Ki,7.851397
JPDDFPJRGRBBJU-UHFFFAOYSA-N,2012,Ki,7.958607
JPJLOKLXASWXIM-UHFFFAOYSA-N,1999,Ki,4.468521
JPKJFRLOQQTEPW-UHFFFAOYSA-N,2016,Ki,8.943095
JPLZGZBACZPXMR-UHFFFAOYSA-N,2021,Ki,6.328827
JPLZGZBACZPXMR-UHFFFAOYSA-N,2021,Ki,6.329995
JPNVWOLGTXJVFQ-XUTJKUGGSA-N,2023,Ki,9.657577
JPOKVZABMSIDPD-UHFFFAOYSA-N,2020,EC50,6.275724
JPSSDJSKUUWHMS-CYGODWOOSA-N,2008,Ki,5.193142
JPTSMZMSIACDAD-UHFFFAOYSA-N,2012,Ki,6.739929
JPTSMZMSIACDAD-UHFFFAOYSA-N,2014,Ki,7.309804
JPTWRZCVSGGHPS-UHFFFAOYSA-N,2009,Ki,6.299998
JPVBGGFMPCPVDU-JUUMZCOKSA-N,2013,Ki,7.595166
JPXQQLVVAAHNSC-UHFFFAOYSA-N,2016,Ki,6.473661
JPXQQLVVAAHNSC-UHFFFAOYSA-N,2016,Ki,6.470005
JQBHQHNVJCDNEL-PYDOFHOQSA-N,2021,Ki,6.812479
JQBHQHNVJCDNEL-SLHLXQHXSA-N,2019,Ki,8.732828
JQBHQHNVJCDNEL-SLHLXQHXSA-N,2019,Ki,8.270835
JQBHQHNVJCDNEL-SLHLXQHXSA-N,2021,Ki,8.732828
JQBHQHNVJCDNEL-SLHLXQHXSA-N,2021,Ki,8.270835
JQBHQHNVJCDNEL-XLJIZYSNSA-N,2019,Ki,6.549751
JQBHQHNVJCDNEL-XLJIZYSNSA-N,2019,Ki,5.537602
JQBHQHNVJCDNEL-XLJIZYSNSA-N,2021,Ki,6.549751
JQBHQHNVJCDNEL-XLJIZYSNSA-N,2021,Ki,5.537602
JQBHQHNVJCDNEL-ZCLRBYCSSA-N,2019,Ki,6.546682
JQBHQHNVJCDNEL-ZCLRBYCSSA-N,2019,Ki,7.468521
JQBQMMRMPNXBDP-MGFGWZDJSA-N,2003,Ki,8.700057
JQBYEGVGELAAOI-UHFFFAOYSA-N,2002,Ki,5.508638
JQEQULOLEPTBRS-UHFFFAOYSA-N,2008,Ki,6.599998
JQJZAUBSLUYDAA-UHFFFAOYSA-N,2002,Ki,5.229148
JQMOQEGMADHTMB-KESTWPANSA-N,2014,Ki,8.537602
JQMOQEGMADHTMB-KESTWPANSA-N,2014,Ki,8.537602
JQMTWXCZSMHLMS-UHFFFAOYSA-N,2017,Ki,6.698970
JQMTWXCZSMHLMS-UHFFFAOYSA-N,2018,Ki,6.698970
JQQWLXXUXOPSDP-UHFFFAOYSA-N,1999,Ki,7.799971
JQSRFMXTGAVHIR-UHFFFAOYSA-N,2015,Ki,7.958607
JQVYPXIHEOFUGD-UHFFFAOYSA-N,2008,Ki,7.400008
JQXMVFBXXAKVDC-NRFANRHFSA-N,2017,Ki,9.148742
JQXMVFBXXAKVDC-NRFANRHFSA-N,2017,EC50,9.318759
JQXMVFBXXAKVDC-NRFANRHFSA-N,2017,EC50,9.320027
JQXMVFBXXAKVDC-OAQYLSRUSA-N,2017,Ki,7.958607
JRCIDJCJKJDOSJ-UHFFFAOYSA-N,2015,Ki,6.207608
JREWRGYSZHHIJM-UHFFFAOYSA-N,2015,Ki,7.166216
JRIJSUZYSFOPFI-UHFFFAOYSA-N,2016,Ki,7.899974
JRIJSUZYSFOPFI-UHFFFAOYSA-N,2019,Ki,7.910095
JRIJSUZYSFOPFI-UHFFFAOYSA-N,2020,Ki,7.910095
JRKCKOYEMVTKCR-OGAOHHHESA-N,2000,Ki,7.799971
JRVSGBSKZMZOOC-UHFFFAOYSA-N,2011,Ki,6.991400
JRWZLRBJNMZMFE-UHFFFAOYSA-N,,IC50,5.302335
JRWZLRBJNMZMFE-UHFFFAOYSA-N,,Ki,5.771343
JRYNLQPPXGHRTN-UHFFFAOYSA-N,2019,Ki,7.119186
JRYNLQPPXGHRTN-UHFFFAOYSA-N,2019,Ki,7.119987
JSEGPLRTWBZZOJ-WGSAOQKQSA-N,2013,Ki,7.619789
JSFQLFQOTKBFHL-UHFFFAOYSA-N,2016,Ki,9.206908
JSFVESKREDQPEC-OAQYLSRUSA-N,1994,Ki,7.443697
JSGNRGPOORCANZ-SDNWHVSQSA-N,2015,Ki,9.508638
JSGXAYKHXNUQAX-UHFFFAOYSA-N,2009,Ki,5.958607
JSGXAYKHXNUQAX-UHFFFAOYSA-N,2009,Ki,6.275724
JSGXAYKHXNUQAX-UHFFFAOYSA-N,2009,Ki,5.721246
JSGXAYKHXNUQAX-UHFFFAOYSA-N,2009,Ki,6.657577
JSGXAYKHXNUQAX-UHFFFAOYSA-N,2009,Ki,6.431798
JSJOIAGWCLDVRP-UHFFFAOYSA-N,2010,Ki,6.900009
JSOOBIHCFROWDG-UHFFFAOYSA-N,1999,Ki,6.443697
JSTQBEJYZPIVJU-UHFFFAOYSA-N,2013,Ki,5.050610
JSUUGLPJPMVFDV-UHFFFAOYSA-N,1999,Ki,5.958607
JSVQMWDVJKCFFX-UHFFFAOYSA-N,2020,EC50,6.508638
JSVQMWDVJKCFFX-UHFFFAOYSA-N,2023,EC50,6.508638
JSVQMWDVJKCFFX-UHFFFAOYSA-N,2023,EC50,6.452225
JTAWXZPSQGLYQG-UHFFFAOYSA-N,1999,Ki,7.299989
JTEPYGAPOJEYIA-UHFFFAOYSA-N,2011,Ki,8.207608
JTFGONAIGJAYQD-UHFFFAOYSA-N,1997,Ki,5.742082
JTHVEMXEJRSLPM-UHFFFAOYSA-N,2009,Ki,8.000000
JTHXHSNJAJMWTQ-UHFFFAOYSA-N,1999,Ki,6.113509
JTJUCUMXKUPFBQ-UHFFFAOYSA-N,2007,Ki,8.522879
JTJUCUMXKUPFBQ-UHFFFAOYSA-N,2007,EC50,9.000000
JTJUCUMXKUPFBQ-UHFFFAOYSA-N,2014,Ki,8.522879
JTJUCUMXKUPFBQ-UHFFFAOYSA-N,2014,IC50,9.000000
JTJUCUMXKUPFBQ-UHFFFAOYSA-N,2014,Ki,8.522879
JTJUCUMXKUPFBQ-UHFFFAOYSA-N,2014,IC50,9.000000
JTLCTTWVUAIQHD-UHFFFAOYSA-N,2002,IC50,9.260032
JTLCTTWVUAIQHD-UHFFFAOYSA-N,2002,IC50,9.260032
JTLPQCZWUVHUDG-MEMLXQNLSA-N,2023,Ki,7.411168
JTMYPGNBDACXLP-AFARHQOCSA-N,2013,Ki,7.420216
JTOJOXGQNGJXCT-UHFFFAOYSA-N,2019,Ki,6.589999
JTVPZMFULRWINT-UHFFFAOYSA-N,,IC50,5.939680
JTVPZMFULRWINT-UHFFFAOYSA-N,,Ki,6.408935
JTXRDCDRBGVWLB-UHFFFAOYSA-N,2006,Ki,5.392116
JUAVLXRBQKTSPW-ALOJWSFFSA-N,2013,Ki,7.841638
JUBQDBNTYKHXPJ-UHFFFAOYSA-N,2021,IC50,4.570000
JUDKAYYFYVHANR-GUROOMJWSA-N,2023,Ki,10.602060
JUIQFSLMZIMPOO-AOJGPSJRSA-N,1997,Ki,7.657577
JUJJUAKPUFHLKF-UHFFFAOYSA-N,2014,Ki,7.568636
JUJJUAKPUFHLKF-UHFFFAOYSA-N,2014,Ki,7.795880
JUJJUAKPUFHLKF-UHFFFAOYSA-N,2014,Ki,7.356547
JUJJUAKPUFHLKF-UHFFFAOYSA-N,2014,Ki,7.619789
JUJJUAKPUFHLKF-UHFFFAOYSA-N,2014,Ki,7.920819
JUJJUAKPUFHLKF-UHFFFAOYSA-N,2014,Ki,7.920819
JUJJUAKPUFHLKF-UHFFFAOYSA-N,2014,IC50,7.537602
JUJJUAKPUFHLKF-UHFFFAOYSA-N,2017,Ki,7.563837
JUJJUAKPUFHLKF-UHFFFAOYSA-N,2018,Ki,7.563837
JULCETCXZSSJNN-IBGZPJMESA-N,2010,Ki,8.917215
JULCETCXZSSJNN-IBGZPJMESA-N,2010,EC50,9.277366
JUQLTPCYUFPYKE-UHFFFAOYSA-N,2024,Ki,7.449283
JURMKPGGUGOQIP-UHFFFAOYSA-N,2008,Ki,7.000000
JUXYQVLOCMVIJF-UHFFFAOYSA-N,2001,Ki,9.045757
JUXYQVLOCMVIJF-UHFFFAOYSA-N,1998,Ki,9.045757
JVAFIFLJBRUNJB-UHFFFAOYSA-N,2011,Ki,7.356547
JVCDVUFRMRFRFP-UHFFFAOYSA-N,2020,EC50,7.886057
JVCDVUFRMRFRFP-UHFFFAOYSA-N,2023,EC50,7.886057
JVCDVUFRMRFRFP-UHFFFAOYSA-N,2023,EC50,7.886057
JVGACFJHMOKANC-UHFFFAOYSA-N,2020,Ki,7.342944
JVGBTTIJPBFLTE-UHFFFAOYSA-N,2024,Ki,8.111315
JVGDBVAGMMZAGB-YKSBVNFPSA-N,2016,Ki,8.230032
JVGDBVAGMMZAGB-YKSBVNFPSA-N,2016,Ki,8.389979
JVGMVZVCYZVQMN-IYARVYRRSA-N,2014,Ki,8.055517
JVGMVZVCYZVQMN-IYARVYRRSA-N,2014,Ki,8.055517
JVNXUQVOPMMEKB-UHFFFAOYSA-N,2013,Ki,6.955852
JVPFEJREBIUBMB-UHFFFAOYSA-N,2021,Ki,7.102373
JVQBISWUXRKBAJ-KRWDZBQOSA-N,2014,Ki,4.586700
JVQBISWUXRKBAJ-KRWDZBQOSA-N,2014,IC50,4.116907
JVQBISWUXRKBAJ-QGZVFWFLSA-N,2014,Ki,4.804100
JVQBISWUXRKBAJ-QGZVFWFLSA-N,2014,IC50,4.335358
JVQBISWUXRKBAJ-QGZVFWFLSA-N,2017,Ki,4.804100
JVQBISWUXRKBAJ-UHFFFAOYSA-N,2014,Ki,4.966576
JVQBISWUXRKBAJ-UHFFFAOYSA-N,2014,IC50,4.497573
JVTXPXRMOCVEDH-XYWHTSSQSA-N,2013,Ki,7.244125
JWBACCHTZDUJCB-IOASZLSFSA-N,2024,Ki,6.283997
JWEXFFPVADEULA-MGFGWZDJSA-N,2003,Ki,8.500038
JWPAYBAIIARWMG-UHFFFAOYSA-N,2016,Ki,6.620006
JWSNGTPFUMQTQE-UHFFFAOYSA-N,1997,Ki,5.853872
JWWLBNFBBLUIHS-UHFFFAOYSA-N,2018,Ki,8.522879
JWYUBODPEUBFLH-FSTMKDAKSA-N,2005,Ki,6.363512
JWZQTYLGRLCMJW-UHFFFAOYSA-N,2014,Ki,8.616185
JWZQTYLGRLCMJW-UHFFFAOYSA-N,2014,Ki,8.616185
JWZZKOKVBUJMES-UHFFFAOYSA-N,2016,Ki,5.327902
JXBCWOBRVYSONW-OWOJBTEDSA-N,2005,Ki,9.045757
JXEOKFJSXAQOOQ-NDKRRWIDSA-N,2023,Ki,7.903090
JXNOGBVEQNMHDF-UHFFFAOYSA-N,2011,IC50,6.307153
JXPFVJLJUKGXQP-UHFFFAOYSA-N,1999,Ki,5.158015
JYBLRFDZVBZKOY-UHFFFAOYSA-N,2015,Ki,7.113509
JYECEDKUXBIHSW-AREMUKBSSA-N,2017,Ki,7.093665
JYESXVUAVVIFNX-UHFFFAOYSA-N,1997,Ki,5.800001
JYIFYWJACLGHFJ-UHFFFAOYSA-N,2019,Ki,6.950782
JYIJFUATJBLBJG-UHFFFAOYSA-N,2018,Ki,6.489455
JYJNPJVGVPZHKA-UHFFFAOYSA-N,2011,IC50,6.316953
JYKMFGDLZDHDBQ-UHFFFAOYSA-N,2021,Ki,8.920819
JYLNFWODPITKFP-UHFFFAOYSA-N,2007,Ki,8.500038
JYMJYHGKDBZGLV-UHFFFAOYSA-N,2016,Ki,9.400008
JYMJYHGKDBZGLV-UHFFFAOYSA-N,2019,Ki,9.379864
JYMJYHGKDBZGLV-UHFFFAOYSA-N,2020,Ki,9.379864
JYOIFSSKXBNYGV-UHFFFAOYSA-N,2005,Ki,6.892790
JYOIFSSKXBNYGV-UHFFFAOYSA-N,2005,EC50,6.810005
JYOIFSSKXBNYGV-UHFFFAOYSA-N,2012,Ki,8.107905
JYTBEUORVGHEBI-UHFFFAOYSA-N,1997,Ki,6.471083
JYTBEUORVGHEBI-UHFFFAOYSA-N,2021,Ki,6.471083
JYTISQGEFSHUIR-UHFFFAOYSA-N,2023,IC50,5.455932
JYXPVNIIIHSWLZ-UHFFFAOYSA-N,2007,Ki,8.400008
JZCCFPRFOOIKRY-XXBNENTESA-N,2016,Ki,8.920819
JZCCFPRFOOIKRY-XXBNENTESA-N,2016,Ki,8.929962
JZFCVLOUYCGOPW-WKILWMFISA-N,2020,Ki,9.346787
JZFCVLOUYCGOPW-WKILWMFISA-N,2022,Ki,9.346787
JZHYUFZRYZRTGH-UHFFFAOYSA-N,2009,Ki,8.599980
JZKQROSAHVWKPB-UHFFFAOYSA-N,1999,Ki,6.900009
JZKXKHVOIUMWCS-UHFFFAOYSA-N,2001,Ki,6.000000
JZQKKSLKJUAGIC-UHFFFAOYSA-N,2024,Ki,6.002400
JZQOJABCZMOQTR-UHFFFAOYSA-N,2020,Ki,6.040482
JZRSBDBOBRIPIA-ZQHSETAFSA-N,2015,Ki,8.309804
JZRSBDBOBRIPIA-ZQHSETAFSA-N,2015,EC50,7.958607
JZRSBDBOBRIPIA-ZQHSETAFSA-N,2015,EC50,6.943095
JZSMSBPFOFGZLG-UHFFFAOYSA-N,2007,Ki,6.974694
JZWZIKZZZZQMOK-UHFFFAOYSA-N,2020,EC50,6.698970
JZXUXPRHDPKHEU-UHFFFAOYSA-N,2014,Ki,7.259637
KAEBDVFJWYJWBA-UHFFFAOYSA-N,2009,Ki,9.199971
KAEBDVFJWYJWBA-UHFFFAOYSA-N,2009,Ki,9.199971
KAEYIPLTXHGZRS-QAQDUYKDSA-N,2013,Ki,8.183759
KAHXPONUPROIRS-UHFFFAOYSA-N,2016,Ki,6.793174
KAHXPONUPROIRS-UHFFFAOYSA-N,2016,Ki,6.790003
KAPNJGZVRYPTJW-UHFFFAOYSA-N,1996,Ki,8.154902
KAPVOFHRIOYFQH-UHFFFAOYSA-N,2010,Ki,6.684030
KARLVIFVRFFIOE-UHFFFAOYSA-N,2020,EC50,6.935542
KARLVIFVRFFIOE-UHFFFAOYSA-N,2023,EC50,6.935542
KATDCUORFQOJBY-QAPCUYQASA-N,2010,Ki,7.100015
KAURFNYKOIEFHA-UHFFFAOYSA-N,2007,Ki,6.754487
KAXPLEDCXIAJCF-UHFFFAOYSA-N,2014,Ki,7.508638
KAXUQVAHOIHHMX-HFMPRLQTSA-N,2021,Ki,7.764472
KBAKPEFQDPCCTP-RAOGCBAWSA-N,2013,Ki,5.062382
KBAMXOZNCXYSJT-UHFFFAOYSA-N,2008,Ki,6.499997
KBDGMPYTNATHKA-UHFFFAOYSA-N,2002,Ki,6.966576
KBPAXMUQBHLMMA-UHFFFAOYSA-N,2011,Ki,8.744727
KBQKZEHFDZLCGM-UHFFFAOYSA-N,2022,Ki,5.640000
KBSCSQTYTJMMEQ-UHFFFAOYSA-N,2021,Ki,5.640734
KBSCSQTYTJMMEQ-UHFFFAOYSA-N,2021,Ki,5.599999
KBVAEHJQNKKTNL-SFTDATJTSA-N,2017,Ki,7.286509
KBYDKOYJEQUBOE-NBGIEHNGSA-N,2010,Ki,9.500038
KBYDKOYJEQUBOE-NLFFAJNJSA-N,2010,Ki,8.500038
KBYDKOYJEQUBOE-UHFFFAOYSA-N,2010,Ki,9.100015
KCCBFGKNVMTXIQ-UHFFFAOYSA-N,2021,Ki,6.630005
KCCBFGKNVMTXIQ-UHFFFAOYSA-N,2021,Kd,10.588380
KCCBFGKNVMTXIQ-UHFFFAOYSA-N,2021,EC50,5.870001
KCEQDWPBQZMSEE-UHFFFAOYSA-N,2020,Ki,7.573489
KCFSZIDRLPEDRQ-UHFFFAOYSA-N,2008,Ki,6.699992
KCHOGJMXHYZZSG-UHFFFAOYSA-N,2005,Ki,7.052566
KCLMHEWINSXASY-UHFFFAOYSA-N,2008,Ki,6.799998
KCYDZGZXAVPYDV-UHFFFAOYSA-N,2005,Ki,6.649752
KDBGYTXPYZAGHW-UHFFFAOYSA-N,2017,Ki,7.537602
KDBGYTXPYZAGHW-UHFFFAOYSA-N,2018,Ki,7.537602
KDFKJOFJHSVROC-INIZCTEOSA-N,2017,Ki,7.428291
KDFKJOFJHSVROC-INIZCTEOSA-N,2024,Ki,7.428291
KDFKJOFJHSVROC-UHFFFAOYSA-N,2016,Ki,7.431798
KDMBMLINAPXLCW-JXFKEZNVSA-N,2016,Ki,8.560036
KDMBMLINAPXLCW-UZLBHIALSA-N,2016,Ki,8.500038
KDMBMLINAPXLCW-UZLBHIALSA-N,2016,Ki,8.840132
KDPMUYMEKOJROI-UHFFFAOYSA-N,1997,Ki,7.100015
KDYAMWXNWWOJBI-UHFFFAOYSA-N,2014,Ki,8.455932
KDYAMWXNWWOJBI-UHFFFAOYSA-N,2014,IC50,8.522879
KDYAMWXNWWOJBI-UHFFFAOYSA-N,2014,IC50,9.154902
KEAJISWSTUQSFY-UHFFFAOYSA-N,2007,Ki,6.330683
KEBTXYVUUJRQQZ-UHFFFAOYSA-N,2019,Ki,7.036212
KEFPLNQTZDBPPV-UHFFFAOYSA-N,2007,Ki,6.581699
KEFPLNQTZDBPPV-UHFFFAOYSA-N,2007,EC50,6.605548
KEOJOHYWCQCCER-UHFFFAOYSA-N,2009,Ki,7.154902
KEOZDNQHXGUGES-UHFFFAOYSA-N,2007,Ki,8.799971
KEPCRQPBSHAPNH-UHFFFAOYSA-N,1997,Ki,6.000000
KERODJLVCVZLOA-UHFFFAOYSA-N,2014,Ki,6.806875
KERODJLVCVZLOA-UHFFFAOYSA-N,2014,Ki,6.799998
KERODJLVCVZLOA-UHFFFAOYSA-N,2021,Ki,6.806875
KERODJLVCVZLOA-UHFFFAOYSA-N,2021,Ki,6.799998
KERPVCHNBDHHAB-IYARVYRRSA-N,2020,Ki,9.397940
KERPVCHNBDHHAB-IYARVYRRSA-N,2022,Ki,9.397940
KESPBTDDQDBERC-UHFFFAOYSA-N,2006,Ki,6.327902
KFCVKULFYARZLT-UHFFFAOYSA-N,2010,Ki,7.000000
KFIJYBXSQREASD-UHFFFAOYSA-N,2016,Ki,7.356547
KFMBPIZMZUDONQ-UHFFFAOYSA-N,2002,Ki,9.638272
KFMBPIZMZUDONQ-UHFFFAOYSA-N,2002,EC50,9.443697
KFMBPIZMZUDONQ-UHFFFAOYSA-N,2007,Ki,9.630042
KFMBPIZMZUDONQ-UHFFFAOYSA-N,2009,Ki,9.638272
KFMBPIZMZUDONQ-UHFFFAOYSA-N,2009,IC50,9.657577
KFMBPIZMZUDONQ-UHFFFAOYSA-N,2009,Ki,9.721246
KFMBPIZMZUDONQ-UHFFFAOYSA-N,2010,Ki,9.568636
KFMDKMLEGDZMCX-UHFFFAOYSA-N,2008,Ki,7.899974
KFMWSHDUFMIMRO-UHFFFAOYSA-N,2016,Ki,8.700057
KFMWSHDUFMIMRO-UHFFFAOYSA-N,2019,Ki,8.730487
KFMWSHDUFMIMRO-UHFFFAOYSA-N,2020,Ki,8.730487
KFOXMHFDNRTETJ-UHFFFAOYSA-N,2010,Ki,7.638272
KFOXMHFDNRTETJ-UHFFFAOYSA-N,2017,Ki,9.221849
KFPZVRTVZVHBSM-UHFFFAOYSA-N,2001,Ki,5.598599
KFQYTPMOWPVWEJ-INIZCTEOSA-N,2002,Ki,8.397940
KFQYTPMOWPVWEJ-INIZCTEOSA-N,1996,Ki,8.399027
KFWGIYRNIFINTL-MXVIHJGJSA-N,1998,Ki,7.494850
KFWJKLDOLDILRK-NOZRDPDXSA-N,2020,Ki,7.681937
KFWJKLDOLDILRK-NOZRDPDXSA-N,2020,EC50,7.003488
KFWJKLDOLDILRK-UHFFFAOYSA-N,2020,Ki,8.698970
KFWJKLDOLDILRK-UKILVPOCSA-N,2020,Ki,8.356547
KFWJKLDOLDILRK-UKILVPOCSA-N,2020,EC50,6.750802
KFWSEMIBLPIBOC-UHFFFAOYSA-N,2010,Ki,7.236572
KFWSEMIBLPIBOC-UHFFFAOYSA-N,2017,Ki,9.000000
KFYDJOCWGSDKIF-UHFFFAOYSA-N,2013,Ki,8.055517
KGBITRQPRBXBFJ-MXVIHJGJSA-N,1997,Ki,7.906578
KGDPFNITOFAOLP-UHFFFAOYSA-N,2008,Ki,7.700057
KGEGCSUUIDNIBO-UHFFFAOYSA-N,2011,Ki,7.130768
KGFWRFDEYGDLSQ-UHFFFAOYSA-N,2016,Ki,6.025949
KGGHECZDYBMALC-UHFFFAOYSA-N,2021,Ki,7.500038
KGGHECZDYBMALC-UHFFFAOYSA-N,2021,Kd,10.588380
KGGHECZDYBMALC-UHFFFAOYSA-N,2021,EC50,7.400008
KGHICJQDLKRYCB-AFARHQOCSA-N,2013,Ki,8.024568
KGMLFGARCJUMAB-UHFFFAOYSA-N,2011,Ki,6.268411
KGMVEMHKBMNSJG-UHFFFAOYSA-N,1999,Ki,9.100015
KGNGZUOBKTUHGP-UHFFFAOYSA-N,2016,Ki,9.467246
KGNGZUOBKTUHGP-UHFFFAOYSA-N,2016,IC50,6.481486
KGPBMAROMMRKCL-UHFFFAOYSA-N,2016,Ki,7.950782
KGPBZECHWRAGLN-UHFFFAOYSA-N,2007,Ki,6.346787
KGWRWVLYGMASQA-UHFFFAOYSA-N,2020,EC50,6.677781
KGZXVJFWNYBRFY-UHFFFAOYSA-N,2017,EC50,7.744727
KGZXVJFWNYBRFY-UHFFFAOYSA-N,2017,EC50,5.823909
KGZXVJFWNYBRFY-UHFFFAOYSA-N,2017,EC50,5.820000
KGZXVJFWNYBRFY-UHFFFAOYSA-N,2020,EC50,7.744727
KHDCGMWSBNKZBB-UHFFFAOYSA-N,1999,Ki,8.500038
KHEBQTBTKXEQAN-UHFFFAOYSA-N,2014,Ki,6.795880
KHFMDVNAASXQQK-UHFFFAOYSA-N,2011,Ki,8.161151
KHGQUBQJPRFGKU-UHFFFAOYSA-N,1995,Ki,6.809668
KHGQUBQJPRFGKU-UHFFFAOYSA-N,2013,Ki,6.809668
KHNMKPXPIOAOHB-WPWMEQJKSA-N,2017,Ki,8.568636
KHNMKPXPIOAOHB-WPWMEQJKSA-N,2017,Ki,8.537602
KHNRAYBLMYKIRA-UHFFFAOYSA-N,2007,Ki,6.311580
KHNRAYBLMYKIRA-UHFFFAOYSA-N,2007,EC50,6.179799
KHORMSFWFAFWPW-UHFFFAOYSA-N,2017,Ki,9.408935
KHORMSFWFAFWPW-UHFFFAOYSA-N,2018,Ki,9.408935
KHPIIHSTQOPLRB-IFMALSPDSA-N,2021,Ki,7.856985
KHPOIBBWMVNTMI-WFXMLNOXSA-N,2021,Ki,6.993962
KHTOBAZDVUSQIH-PGWJBFNOSA-N,2014,Ki,8.226506
KHTOBAZDVUSQIH-PGWJBFNOSA-N,2014,Ki,8.226506
KHTUQDQSUXMHQA-UHFFFAOYSA-N,2008,Ki,7.599980
KHTVRVDYYAMNRK-UHFFFAOYSA-N,1996,Ki,9.443697
KHUQUWFRCNWUQH-WGSAOQKQSA-N,2016,Ki,9.853872
KIAANALRJGLJFT-UHFFFAOYSA-N,2011,Ki,8.958607
KIDLIVLNXRZSJP-KNQAVFIVSA-N,2016,Ki,8.619970
KILHLNJNPKNQHO-UHFFFAOYSA-N,1995,Ki,6.735182
KIPATHUGBIVLFZ-UHFFFAOYSA-N,2020,EC50,6.899629
KIPATHUGBIVLFZ-UHFFFAOYSA-N,2023,EC50,6.899629
KIPATHUGBIVLFZ-UHFFFAOYSA-N,2023,EC50,6.899629
KIRKSXHWZHQUBF-PGJPKGLCSA-N,2014,Ki,8.583359
KIRKSXHWZHQUBF-YJIPECKFSA-N,2014,Ki,8.552842
KIRKSXHWZHQUBF-YJIPECKFSA-N,2014,IC50,6.485452
KIRVGEZJDUEMOH-RZJSWYKGSA-N,2023,Ki,9.494850
KIZBUXGNTYZANG-UHFFFAOYSA-N,2009,Ki,6.181774
KIZUBVPJNPVIIN-UHFFFAOYSA-N,2024,Ki,5.959750
KJARUWIFRQEXIR-FQEVSTJZSA-N,2023,Ki,7.585027
KJBBTZPIHNWETK-UHFFFAOYSA-N,2016,Ki,5.662341
KJBBTZPIHNWETK-UHFFFAOYSA-N,2016,Ki,5.660000
KJHPDBTYGMOOOR-UHFFFAOYSA-N,2021,Ki,8.853872
KJOFXQKVGTXQTK-IYARVYRRSA-N,1997,Ki,10.698970
KJOFXQKVGTXQTK-UHFFFAOYSA-N,1997,Ki,8.744727
KKJIMDAMMQSFSZ-OWOJBTEDSA-N,2017,EC50,8.161151
KKJIMDAMMQSFSZ-OWOJBTEDSA-N,2017,EC50,8.036212
KKJIMDAMMQSFSZ-OWOJBTEDSA-N,2017,EC50,8.040005
KKKVTQFKSDZRGJ-CRHQVGFKSA-N,2022,Ki,9.154902
KKKVTQFKSDZRGJ-VLMCNUBESA-N,2022,Ki,9.148742
KKOVIGNMWZIDFQ-UHFFFAOYSA-N,2023,Ki,9.769551
KKQCHXVFAAYWMK-GPJQFGOVSA-N,2020,Ki,9.102373
KKQCHXVFAAYWMK-GPJQFGOVSA-N,2022,Ki,9.102373
KKSPKLQCAGWNKZ-UHFFFAOYSA-N,2001,Ki,7.274088
KKTITOSWJRVWOF-ONEGZZNKSA-N,2005,Ki,8.958607
KKTITOSWJRVWOF-ONEGZZNKSA-N,2005,Ki,8.958607
KKTITOSWJRVWOF-ONEGZZNKSA-N,2005,Ki,5.752027
KKTITOSWJRVWOF-ONEGZZNKSA-N,2005,Ki,8.481486
KKTITOSWJRVWOF-ONEGZZNKSA-N,2005,IC50,8.016825
KKTITOSWJRVWOF-ONEGZZNKSA-N,2009,IC50,8.016825
KKTITOSWJRVWOF-ONEGZZNKSA-N,2009,Ki,8.954677
KLBQZWRITKRQQV-UHFFFAOYSA-N,,IC50,8.004716
KLBQZWRITKRQQV-UHFFFAOYSA-N,,Ki,8.473661
KLCDWOVKIZMAPZ-UHFFFAOYSA-N,2023,Ki,7.585027
KLFRUTOTKKRLHR-UHFFFAOYSA-N,2010,EC50,9.602060
KLQDZSYTMPJBBU-DYESRHJHSA-N,2016,Ki,7.649946
KLQDZSYTMPJBBU-UTKZUKDTSA-N,2016,Ki,7.019997
KLQDZSYTMPJBBU-UTKZUKDTSA-N,2016,Ki,7.270026
KLQDZSYTMPJBBU-UWJYYQICSA-N,2016,Ki,7.110026
KLQDZSYTMPJBBU-UWJYYQICSA-N,2016,Ki,7.560036
KLTVYCHNHMTZNG-WGSAOQKQSA-N,2013,Ki,7.665546
KLWCGZRXATXKMS-UHFFFAOYSA-N,2006,Ki,5.251812
KLXKCCCIYMYATJ-UHFFFAOYSA-N,2014,Ki,6.669586
KLZWBFTXUIUAEI-DEOSSOPVSA-N,2022,EC50,9.060481
KMECPQXFZFDCGK-WGSAOQKQSA-N,2020,Ki,9.283997
KMECPQXFZFDCGK-WGSAOQKQSA-N,2022,Ki,9.283997
KMIIKERMEYOZTK-PGWJBFNOSA-N,2022,Ki,10.031517
KMJHJQFJPSDYJD-SAABIXHNSA-N,2014,Ki,7.659556
KMJHJQFJPSDYJD-SAABIXHNSA-N,2014,Ki,7.659556
KMPUTTSRRTYIRY-AQYVVDRMSA-N,2013,Ki,7.005683
KMPUUVTZQFSTEA-UHFFFAOYSA-N,2006,Ki,6.443697
KMPUUVTZQFSTEA-UHFFFAOYSA-N,2007,Ki,6.439998
KMQDRNRLOPUIKH-RUCARUNLSA-N,2020,Ki,8.017729
KMQDRNRLOPUIKH-RUCARUNLSA-N,2022,Ki,8.017729
KMSBBZPJDRRRGH-UHFFFAOYSA-N,2004,Ki,5.332174
KMVQZDOEGJZFKZ-UHFFFAOYSA-N,2003,Ki,6.494850
KMVWYPYWHLOVLW-UHFFFAOYSA-N,2012,Ki,6.677781
KNAFTDDIPPEGMH-UHFFFAOYSA-N,2016,Ki,7.899974
KNAFTDDIPPEGMH-UHFFFAOYSA-N,2019,Ki,7.950782
KNAFTDDIPPEGMH-UHFFFAOYSA-N,2020,Ki,7.950782
KNJYSVPTKHXEGZ-UHFFFAOYSA-N,2019,Ki,6.199971
KNKGKWINGHKSAD-HROJSSOGSA-N,2008,Ki,5.917215
KNLXBMUXNMBWBW-UHFFFAOYSA-N,2003,Ki,5.508638
KNNFMTJBIQTYSC-HRPITWIVSA-N,2003,Ki,9.000000
KNNFNZWUUKLWQS-UHFFFAOYSA-N,2014,Ki,7.522879
KNRRIHFTWQMRNB-UHFFFAOYSA-N,1997,Ki,6.627088
KNRRIHFTWQMRNB-UHFFFAOYSA-N,2005,Ki,6.630005
KNULBJKHCVLGJQ-UHFFFAOYSA-N,2020,Ki,5.675718
KNWOHCMLVYZTJW-IYARVYRRSA-N,2013,Ki,7.514279
KNYXBOOAPFHWMJ-UHFFFAOYSA-N,2008,Ki,7.621602
KOFBMNJKMVTHSV-UHFFFAOYSA-N,2016,Ki,7.136677
KOFYUIUZURNMRL-UHFFFAOYSA-N,2009,Ki,4.173925
KOGYKWMOOUGINB-UHFFFAOYSA-N,2007,Ki,6.143876
KOIIIBWVKNCMBP-UHFFFAOYSA-N,2021,Ki,5.300000
KOJQTECQJQQSSZ-NSCUHMNNSA-N,2005,Ki,8.522879
KOKVPXWLCVIJPN-UHFFFAOYSA-N,2015,Ki,6.761954
KOTITFQGTVUMBT-UHFFFAOYSA-N,2003,Ki,5.770001
KOUYZQIXUIGLHZ-UHFFFAOYSA-N,2017,Ki,7.285670
KOUYZQIXUIGLHZ-UHFFFAOYSA-N,2018,Ki,7.285670
KOVMYLKRTMAELX-ZWGSZDQZSA-N,2014,Ki,8.472370
KOVMYLKRTMAELX-ZWGSZDQZSA-N,2014,Ki,8.472370
KOVNCVPOPFUEPN-UHFFFAOYSA-N,2007,EC50,6.369572
KOZDJSANCQUJOB-UHFFFAOYSA-N,2015,Ki,7.619789
KOZDJSANCQUJOB-UHFFFAOYSA-N,2024,Ki,7.619789
KPFBQVMYZMGXQK-UHFFFAOYSA-N,2008,Ki,6.481486
KPJZHOPZRAFDTN-ZRGWGRIASA-N,,IC50,6.764472
KPJZHOPZRAFDTN-ZRGWGRIASA-N,,Ki,7.229148
KPLQQMQZQUMPCN-UHFFFAOYSA-N,2009,Ki,9.853872
KPMLSODFRCJODQ-UAPYVXQJSA-N,2023,Ki,9.823909
KPPBABWZQDMBQM-UHFFFAOYSA-N,2023,Ki,6.653647
KPQQZVGMKIYWDG-SSEXGKCCSA-N,2017,Ki,6.850781
KPSCTAUZOJQHBV-NZQKXSOJSA-N,2010,Ki,9.199971
KPWFNAZMRFBRMI-KESTWPANSA-N,2013,Ki,7.917215
KPWSJANDNDDRMB-QAQDUYKDSA-N,2012,Ki,10.045757
KPWSJANDNDDRMB-QAQDUYKDSA-N,2014,Ki,9.568636
KPWSJANDNDDRMB-QAQDUYKDSA-N,2014,EC50,8.240030
KPWSJANDNDDRMB-QAQDUYKDSA-N,2014,EC50,8.236572
KPWSJANDNDDRMB-QAQDUYKDSA-N,2016,Ki,10.017729
KPWSJANDNDDRMB-QAQDUYKDSA-N,2017,Ki,10.070581
KPWSJANDNDDRMB-QAQDUYKDSA-N,2017,Ki,9.568636
KPWSJANDNDDRMB-QAQDUYKDSA-N,2021,Ki,10.070581
KPWSJANDNDDRMB-QAQDUYKDSA-N,2021,Ki,9.568636
KPWSJANDNDDRMB-QAQDUYKDSA-N,2021,Ki,9.569925
KPWSJANDNDDRMB-QAQDUYKDSA-N,2021,Ki,10.070581
KPWSJANDNDDRMB-QAQDUYKDSA-N,2023,Ki,9.657577
KPWSJANDNDDRMB-QAQDUYKDSA-N,2023,EC50,8.720105
KPWSJANDNDDRMB-QAQDUYKDSA-N,2023,EC50,8.723538
KPWSJANDNDDRMB-QAQDUYKDSA-N,2023,IC50,8.700057
KPWSJANDNDDRMB-QAQDUYKDSA-N,2023,IC50,8.694649
KPWSJANDNDDRMB-QAQDUYKDSA-N,2024,Ki,9.011040
KPZQRBACZSLMPH-UHFFFAOYSA-N,,IC50,5.284331
KPZQRBACZSLMPH-UHFFFAOYSA-N,,Ki,5.753255
KQBYIQCEQDXZFW-NSCUHMNNSA-N,2005,Ki,8.920819
KQBYIQCEQDXZFW-NSCUHMNNSA-N,2005,Ki,7.920819
KQBYIQCEQDXZFW-NSCUHMNNSA-N,2005,IC50,8.319664
KQBYIQCEQDXZFW-NSCUHMNNSA-N,2005,Ki,8.920819
KQBYIQCEQDXZFW-NSCUHMNNSA-N,2005,EC50,8.319664
KQHFMARZJJGTTG-UHFFFAOYSA-N,2019,Ki,9.259637
KQJHXQUMRFPEBH-UHFFFAOYSA-N,2002,Ki,7.193820
KQJHXQUMRFPEBH-UHFFFAOYSA-N,2007,Ki,7.189969
KQLWXCILLOUXJV-WGSAOQKQSA-N,2014,Ki,8.801343
KQLWXCILLOUXJV-WGSAOQKQSA-N,2014,Ki,8.801343
KQMNZZIIXVDTBN-NYVOZVTQSA-N,2014,Ki,8.221849
KQMNZZIIXVDTBN-NYVOZVTQSA-N,2014,Ki,8.221849
KQOHKQXMRPXPAM-UHFFFAOYSA-N,1996,Ki,7.301030
KQOHKQXMRPXPAM-UHFFFAOYSA-N,1996,EC50,7.167491
KQOHKQXMRPXPAM-UHFFFAOYSA-N,1997,Ki,7.299989
KQZXADGECOXBKU-UHFFFAOYSA-N,2021,Ki,6.692504
KQZXADGECOXBKU-UHFFFAOYSA-N,2021,Ki,6.690008
KRBNQAMCSOMKIU-UHFFFAOYSA-N,2018,Ki,5.809999
KRBRCRMUFRFNGT-UHFFFAOYSA-N,1996,Ki,8.100015
KRDDFKSJWNNSAT-OFNKIYASSA-N,2010,Ki,8.599980
KRFOALSDVMLWEQ-UHFFFAOYSA-N,2021,IC50,7.940058
KRGBBAYNHOEQOO-UHFFFAOYSA-N,2006,Ki,7.609065
KRGUVGVAIPSTCB-UHFFFAOYSA-N,2006,Ki,7.838632
KRHWCJYTVWDZJO-LEWJYISDSA-N,2021,Ki,8.995679
KRMDCWKBEZIMAB-UHFFFAOYSA-N,2009,Ki,6.686133
KRMDCWKBEZIMAB-UHFFFAOYSA-N,,IC50,6.739929
KRMDCWKBEZIMAB-UHFFFAOYSA-N,,Ki,7.207608
KRMPDMJUDCQCAJ-FGZHOGPDSA-N,2007,Ki,9.000000
KRMPDMJUDCQCAJ-FGZHOGPDSA-N,2007,IC50,7.844664
KRMPDMJUDCQCAJ-YADHBBJMSA-N,2007,Ki,6.795880
KRNLFYUCQHYKNH-KJDSRRNHSA-N,2023,Ki,9.886057
KRNPJKNJUZRFIL-OAQYLSRUSA-N,2017,Ki,8.610834
KROSHEKWTTXFGB-UHFFFAOYSA-N,2011,Ki,6.405607
KROSHEKWTTXFGB-UHFFFAOYSA-N,2011,IC50,6.037157
KRUQRZWHJYOOJH-UHFFFAOYSA-N,2023,Ki,6.195179
KRUWNGHFXJBYSG-UHFFFAOYSA-N,2015,Ki,8.440093
KRUWNGHFXJBYSG-UHFFFAOYSA-N,2015,EC50,7.886057
KRUWNGHFXJBYSG-UHFFFAOYSA-N,2015,IC50,7.142668
KRVOJOCLBAAKSJ-UHFFFAOYSA-N,2020,Ki,8.928118
KRVOJOCLBAAKSJ-UHFFFAOYSA-N,2021,Ki,9.065502
KRVOJOCLBAAKSJ-UHFFFAOYSA-N,2025,Ki,8.744727
KSBOWCQXLJULOX-UHFFFAOYSA-N,2017,EC50,8.779892
KSBOWCQXLJULOX-UHFFFAOYSA-N,2017,EC50,6.657577
KSBOWCQXLJULOX-UHFFFAOYSA-N,2017,EC50,6.659992
KSBROIBBHDEIFA-UHFFFAOYSA-N,2020,Ki,5.795880
KSCIAWWFBYAELA-UHFFFAOYSA-N,1999,Ki,8.799971
KSCIAWWFBYAELA-UHFFFAOYSA-N,1997,Ki,8.799971
KSDFLICEBJWAMA-INIZCTEOSA-N,2016,EC50,8.913640
KSFPZVDNWKWICO-ORQYLMBXSA-N,2022,Ki,9.113509
KSKYFMKUEDYOIZ-UHFFFAOYSA-N,2019,Ki,6.180456
KSNHHKZYKYNBEI-NDEPHWFRSA-N,2024,Ki,6.039834
KSPKVSHQLXLKIQ-ZVWHWTBFSA-N,2023,Ki,9.494850
KSTDXOPMADKXRO-UHFFFAOYSA-N,2007,Ki,7.931814
KSTDXOPMADKXRO-UHFFFAOYSA-N,2007,EC50,8.408935
KSTDXOPMADKXRO-UHFFFAOYSA-N,2014,Ki,7.931814
KSTDXOPMADKXRO-UHFFFAOYSA-N,2014,IC50,8.267606
KSTDXOPMADKXRO-UHFFFAOYSA-N,2014,Ki,7.931814
KSTDXOPMADKXRO-UHFFFAOYSA-N,2014,IC50,8.267606
KSWVNKXYQFPTSL-UHFFFAOYSA-N,2003,Ki,8.318759
KSZBKOKLZQIWFH-UHFFFAOYSA-N,1993,Ki,8.228413
KTBHNUYISHHNFW-JKIUYZKVSA-N,2013,Ki,8.440093
KTBHNUYISHHNFW-JKIUYZKVSA-N,2013,Ki,8.440093
KTJXBGFKGUUNHP-UHFFFAOYSA-N,2006,Ki,8.346787
KTKVHSSURNTWLF-SAIGFBBZSA-N,2014,Ki,8.376751
KTKVHSSURNTWLF-SAIGFBBZSA-N,2014,Ki,8.376751
KTLQFDSKYMSRAD-UHFFFAOYSA-N,2013,Ki,7.369572
KTMPMYIMDGPOKZ-UHFFFAOYSA-N,2019,Ki,5.509999
KTQASNDGWLUTPN-UHFFFAOYSA-N,2001,IC50,6.812479
KTYLNGVSKMMZGB-UHFFFAOYSA-N,2009,Ki,6.481486
KUAYECUROPSOMH-UHFFFAOYSA-N,2017,Ki,7.913640
KUAYECUROPSOMH-UHFFFAOYSA-N,2018,Ki,7.913640
KUBCXXBTKZCFPE-PKWGFICBSA-N,2001,Ki,8.000000
KUNJWDFGNSXWFX-UHFFFAOYSA-N,2017,Ki,8.387216
KUNJWDFGNSXWFX-UHFFFAOYSA-N,2018,Ki,8.387216
KUPPIFHNMMBQBH-UHFFFAOYSA-N,2014,Ki,7.568636
KUXKOTSZBCHRDY-DZGCQCFKSA-N,2009,Ki,8.599980
KUXKOTSZBCHRDY-DZGCQCFKSA-N,2009,Ki,8.599980
KUZDNSHRAHWGBG-UHFFFAOYSA-N,1999,Ki,5.113509
KVAJGAADTJZUNF-XUTJKUGGSA-N,2020,Ki,9.075721
KVEHVMQJUPMJNA-FQEVSTJZSA-N,2013,Ki,8.494850
KVEHVMQJUPMJNA-HXUWFJFHSA-N,2013,Ki,8.000000
KVGNSDMVYWRLTG-UHFFFAOYSA-N,2021,Ki,7.585027
KVGNSDMVYWRLTG-UHFFFAOYSA-N,2021,Ki,7.580044
KVHHUZUNLIGTBY-UHFFFAOYSA-N,2017,Ki,7.920819
KVHHUZUNLIGTBY-UHFFFAOYSA-N,2019,Ki,7.920819
KVHHUZUNLIGTBY-UHFFFAOYSA-N,2019,IC50,7.383000
KVHHUZUNLIGTBY-UHFFFAOYSA-N,2019,Ki,7.026872
KVMPVICKYUXJEP-KESTWPANSA-N,2013,Ki,7.573489
KVWDHTXUZHCGIO-UHFFFAOYSA-N,2004,Ki,7.267606
KVWDHTXUZHCGIO-UHFFFAOYSA-N,2001,Ki,7.309804
KVWDHTXUZHCGIO-UHFFFAOYSA-N,2005,Ki,7.408935
KVWDHTXUZHCGIO-UHFFFAOYSA-N,2005,Ki,7.366532
KVWDHTXUZHCGIO-UHFFFAOYSA-N,2007,Ki,7.700057
KVWDHTXUZHCGIO-UHFFFAOYSA-N,2009,Ki,7.408935
KVWDHTXUZHCGIO-UHFFFAOYSA-N,2008,Ki,7.346787
KVWDHTXUZHCGIO-UHFFFAOYSA-N,,IC50,7.107905
KVWDHTXUZHCGIO-UHFFFAOYSA-N,,Ki,7.568636
KVWDHTXUZHCGIO-UHFFFAOYSA-N,2012,Ki,7.000000
KVWDHTXUZHCGIO-UHFFFAOYSA-N,2014,Ki,7.346787
KVWDHTXUZHCGIO-UHFFFAOYSA-N,2014,Ki,7.408935
KVWDHTXUZHCGIO-UHFFFAOYSA-N,2015,Ki,7.207608
KWAFUBLIEZQFJO-UHFFFAOYSA-N,2009,Ki,6.699992
KWKXRMCRBPRGNX-UHFFFAOYSA-N,2020,EC50,6.777284
KWKXRMCRBPRGNX-UHFFFAOYSA-N,2023,EC50,6.777284
KWMQUPPLVOZVSW-UHFFFAOYSA-N,2020,EC50,6.555955
KWMQUPPLVOZVSW-UHFFFAOYSA-N,2023,EC50,6.555955
KWNJJPLLFRQMRI-IYARVYRRSA-N,2016,Ki,9.397940
KWNJMHODRWLBPT-UHFFFAOYSA-N,1999,Ki,7.899974
KWPDQKFFYHDFIG-UHFFFAOYSA-N,2016,Ki,6.441291
KWTGONUBRLGXTE-UHFFFAOYSA-N,2013,Ki,9.045757
KWZBJWOQFABHPF-UHFFFAOYSA-N,2015,Ki,10.000000
KXAOPEMSBPZNPQ-AQYVVDRMSA-N,2016,Ki,10.537602
KXDIYSZQVVAYOA-OAHLLOKOSA-N,1994,Ki,6.769551
KXFNVJFOSNKNAT-UHFFFAOYSA-N,2014,Ki,8.769551
KXLVLBLWZFPQLE-RVZUZXSLSA-N,2023,Ki,10.468521
KXLVLBLWZFPQLE-RVZUZXSLSA-N,2023,Ki,10.142668
KXMILNJJEHWZPF-UHFFFAOYSA-N,2012,Ki,9.356547
KXNPPUPYHKPSNB-UHFFFAOYSA-N,2006,Ki,8.356547
KXPJEGNVGVZNGX-KESTWPANSA-N,2014,Ki,8.004365
KXPJEGNVGVZNGX-KESTWPANSA-N,2014,Ki,8.004365
KXRNXSYVAAEIGF-XLIONFOSSA-N,2021,Ki,7.133122
KXRNXSYVAAEIGF-XLIONFOSSA-N,2021,Ki,7.130006
KXRNXSYVAAEIGF-XLIONFOSSA-N,2021,EC50,8.289037
KXRNXSYVAAEIGF-XLIONFOSSA-N,2021,EC50,8.289967
KXRNXSYVAAEIGF-XLIONFOSSA-N,2021,EC50,7.276462
KXRNXSYVAAEIGF-XLIONFOSSA-N,2021,EC50,7.280006
KXRPTGDSBJOKRD-UHFFFAOYSA-N,2023,Ki,10.236572
KXTRJGKHZNBLEN-UHFFFAOYSA-N,2019,Ki,7.586700
KXVAICSRMHXLJN-UHFFFAOYSA-N,2006,Ki,8.537602
KXVAICSRMHXLJN-UHFFFAOYSA-N,2011,Ki,8.537602
KXVOVPCKFATOKG-UHFFFAOYSA-N,1997,Ki,7.136677
KXVOVPCKFATOKG-UHFFFAOYSA-N,2005,Ki,7.140022
KYBVEQYZQWILGN-UHFFFAOYSA-N,2010,Ki,7.000000
KYCAHEZFDKQEQL-FCHUYYIVSA-N,2021,Ki,8.958607
KYEDFGNSKLCWNR-UHFFFAOYSA-N,2015,Ki,8.431798
KYFVESQDGBCSRP-XZOQPEGZSA-N,2023,Ki,7.625252
KYGUWADEZNRGLX-IYARVYRRSA-N,2020,Ki,9.638272
KYGUWADEZNRGLX-IYARVYRRSA-N,2022,Ki,9.638272
KYHUARFFBDLROH-MOPGFXCFSA-N,2024,Ki,5.954048
KYKGECIXEATTSM-UHFFFAOYSA-N,1997,Ki,8.799971
KYOJMOVGLXPOHH-UHFFFAOYSA-N,1997,Ki,5.366532
KYPWROFHQUYOCS-UHFFFAOYSA-N,2010,Ki,7.500038
KYSNHZPEWJTUAP-UHFFFAOYSA-N,2015,Ki,6.552842
KYXXZGFCBQFNOQ-UHFFFAOYSA-N,2013,Ki,8.853872
KZHMQBMDARGNNJ-UHFFFAOYSA-N,2023,Ki,9.065502
KZHRZLVMRCWAML-PKWGFICBSA-N,2001,Ki,8.500038
KZPBNOPHHYISJR-CGKJMXRXSA-N,2003,Ki,8.700057
KZRRDNCOFUHBIS-LJQANCHMSA-N,2014,Ki,7.616185
KZRRDNCOFUHBIS-LJQANCHMSA-N,2014,Ki,7.619970
KZUQRBDBFQHGDF-NDKRRWIDSA-N,2023,Ki,8.139063
KZUQRBDBFQHGDF-NDKRRWIDSA-N,2023,EC50,8.010017
KZUQRBDBFQHGDF-NDKRRWIDSA-N,2023,EC50,8.007005
KZUQRBDBFQHGDF-NDKRRWIDSA-N,2023,IC50,7.100015
KZUQRBDBFQHGDF-NDKRRWIDSA-N,2023,EC50,7.102923
KZVXSSLUUGFVFR-UHFFFAOYSA-N,2023,Ki,5.939302
KZVXSSLUUGFVFR-UHFFFAOYSA-N,2023,EC50,5.254925
KZVXSSLUUGFVFR-UHFFFAOYSA-N,2023,IC50,4.657577
KZVXSSLUUGFVFR-UHFFFAOYSA-N,2023,Ki,6.233587
KZWUXBIYAIXWII-MRGVAMFXSA-N,2013,Ki,7.889410
KZZIOGFYAGNURW-SAABIXHNSA-N,2013,Ki,7.979639
KZZIOGFYAGNURW-SAABIXHNSA-N,2013,Ki,7.979639
LADZDZFEEAEQNW-UHFFFAOYSA-N,1999,Ki,4.677781
LAGGNVKIMAMGMQ-UHFFFAOYSA-N,2008,Ki,7.400008
LAGLIYNPBAJZEJ-BVSLBCMMSA-N,2013,Ki,8.193142
LAGLIYNPBAJZEJ-BVSLBCMMSA-N,2013,Ki,8.193142
LAGLIYNPBAJZEJ-CEMLEFRQSA-N,2013,Ki,7.966576
LAGLIYNPBAJZEJ-CEMLEFRQSA-N,2013,Ki,7.966576
LAGLIYNPBAJZEJ-LFKXIUMZSA-N,2013,Ki,8.042872
LAGLIYNPBAJZEJ-LFKXIUMZSA-N,2013,Ki,8.042872
LALPTZBNNOBOPF-UHFFFAOYSA-N,1997,Ki,9.100015
LAPJQCOVOJOXOO-ZWKOTPCHSA-N,2020,Ki,9.397940
LAPJQCOVOJOXOO-ZWKOTPCHSA-N,2022,Ki,9.397940
LAQPIGHSUVYYGI-UHFFFAOYSA-N,2001,Ki,4.920819
LARBLICNTVPFKD-JCNLHEQBSA-N,2020,Ki,9.337242
LARBLICNTVPFKD-JCNLHEQBSA-N,2022,Ki,9.337242
LARFMQZWGLKYLH-JKIUYZKVSA-N,2014,Ki,8.387216
LARFMQZWGLKYLH-JKIUYZKVSA-N,2014,Ki,8.387216
LAUHZVOYMPVSHN-CDSYHYPYSA-N,2022,Ki,9.207608
LAVWIAQCYKFCMG-UHFFFAOYSA-N,2006,Ki,6.221849
LAZCWDPLJFPPDI-UHFFFAOYSA-N,2002,Ki,5.244125
LBBQUWUAGWPJCG-MGFGWZDJSA-N,2003,Ki,8.500038
LBCLWNAKMLUAKD-AQYVVDRMSA-N,2016,Ki,10.366532
LBNGJZBDUWZGLH-UAPYVXQJSA-N,2016,Ki,9.677781
LBPUETWJEXSMTI-UHFFFAOYSA-N,2007,Ki,7.539102
LBRSVAAYMHPXLL-UHFFFAOYSA-N,2017,Ki,7.821023
LBRSVAAYMHPXLL-UHFFFAOYSA-N,2018,Ki,7.821023
LBYNXCSSGDKEPL-ZWKOTPCHSA-N,2023,Ki,9.920819
LBZFACYIJUKGCY-ZXSXIFIVSA-N,2022,Ki,8.619789
LBZHOUJGVUYWGV-UHFFFAOYSA-N,2011,Ki,9.096910
LBZHOUJGVUYWGV-UHFFFAOYSA-N,2015,Ki,9.096910
LCBAQBQSRJBWCB-UHFFFAOYSA-N,2009,Ki,5.080000
LCBLLUUMVDTFHY-UHFFFAOYSA-N,2003,Ki,6.853872
LCKBEOTXTNWYRG-UHFFFAOYSA-N,2002,IC50,6.470005
LCKMWFBVBATZPO-RBUKOAKNSA-N,2017,EC50,6.175874
LCQHZYPIAQQJES-UHFFFAOYSA-N,2007,Ki,7.420216
LCSARSYDEHXRBQ-UHFFFAOYSA-N,2010,Ki,7.899974
LCSARSYDEHXRBQ-UHFFFAOYSA-N,2010,Ki,8.299989
LCSARSYDEHXRBQ-UHFFFAOYSA-N,2010,Ki,9.100015
LCZMXKRXXCYHBB-WGSAOQKQSA-N,2016,Ki,9.508638
LDFMLJWZQNMXMR-WGSAOQKQSA-N,2023,Ki,9.013228
LDOTVWGSWWUMAW-UHFFFAOYSA-N,2000,Ki,5.638272
LDQCWGIXZGDJNL-IYARVYRRSA-N,2023,Ki,8.671620
LDQRJOZTSIXFDZ-UHFFFAOYSA-N,2000,Ki,6.193820
LDXAOQSIBXRCIN-UHFFFAOYSA-N,2021,Ki,7.219971
LDXAOQSIBXRCIN-UHFFFAOYSA-N,2021,Kd,10.588380
LDXAOQSIBXRCIN-UHFFFAOYSA-N,2021,EC50,6.530001
LDYKPEZBHFCCGD-UHFFFAOYSA-N,2017,EC50,8.408935
LDYKPEZBHFCCGD-UHFFFAOYSA-N,2017,EC50,6.958607
LDYKPEZBHFCCGD-UHFFFAOYSA-N,2017,EC50,6.959991
LDYNPLDFSVHFFC-UHFFFAOYSA-N,2020,Ki,7.480172
LDYSMWZYEMTWHM-UHFFFAOYSA-N,2007,Ki,7.486782
LEACNHXRZNVYRP-UHFFFAOYSA-N,2011,Ki,6.638272
LEACNHXRZNVYRP-UHFFFAOYSA-N,2011,Ki,6.455932
LEBXHMQTGORPIS-NGRWLJPCSA-N,2008,Ki,7.508638
LEFBFLOSCAEZAG-UHFFFAOYSA-N,2012,Ki,9.214670
LEKOXFCRANACFL-UHFFFAOYSA-N,2016,Ki,5.221342
LEPYGHSZGURSOB-UHFFFAOYSA-N,2020,Ki,6.160522
LEQVQRFGBPYNQZ-UHFFFAOYSA-N,2019,Ki,4.940853
LEQVQRFGBPYNQZ-UHFFFAOYSA-N,2019,Ki,5.904482
LETHKPPNRMMQLD-UHFFFAOYSA-N,2011,Ki,6.056011
LEVQMJILJZDTPU-UHFFFAOYSA-N,2015,Ki,6.307153
LEXAFGYQTMMLCP-UHFFFAOYSA-N,2012,Ki,4.666714
LEZWWPYKPKIXLL-UHFFFAOYSA-N,,IC50,5.322758
LEZWWPYKPKIXLL-UHFFFAOYSA-N,,Ki,5.791827
LFATXWJLBURBCJ-UHFFFAOYSA-N,2021,Ki,8.769551
LFIRWQIMSRISSM-UHFFFAOYSA-N,2000,Ki,5.978811
LFQLOBUDZGJGBE-UHFFFAOYSA-N,2009,Ki,5.657577
LFQZHAKGDXWDRR-ONEGZZNKSA-N,2005,IC50,6.943095
LFQZHAKGDXWDRR-ONEGZZNKSA-N,2005,Ki,7.193820
LFQZHAKGDXWDRR-ONEGZZNKSA-N,2005,Ki,8.086186
LFRFMZVSPPXQJD-UHFFFAOYSA-N,1997,Ki,8.400008
LFSNQCYUKYZKTM-IYARVYRRSA-N,2023,Ki,10.000000
LFYYNWGHAXPDIP-UHFFFAOYSA-N,1997,Ki,5.795880
LGCNQKJCXSSMEC-UHFFFAOYSA-N,2019,Ki,7.838632
LGCNQKJCXSSMEC-UHFFFAOYSA-N,2020,Ki,7.838632
LGHLMADLDHUIJY-MQSINFNDSA-N,2005,Ki,7.508638
LGHLMADLDHUIJY-SHZHJNINSA-N,2005,Ki,6.533132
LGKGAIBCFWVOCC-UHFFFAOYSA-N,1999,Ki,5.060481
LGLAXVZDUIMUSC-UHFFFAOYSA-N,2023,Ki,9.769551
LGLFFNDHMLKUMI-UHFFFAOYSA-N,,IC50,6.080399
LGLFFNDHMLKUMI-UHFFFAOYSA-N,,Ki,6.549751
LGRJUDYDLTXAOB-UHFFFAOYSA-N,2017,Ki,6.677781
LGRVHISBHOARSB-INIZCTEOSA-N,2003,Ki,6.251812
LGRVHISBHOARSB-INIZCTEOSA-N,2003,Ki,5.823909
LGUFSCDYROWRTJ-UHFFFAOYSA-N,2020,EC50,6.259637
LGUNRSBYISSUIH-UHFFFAOYSA-N,2003,Ki,6.795880
LGUXLRSWEKEXMZ-UHFFFAOYSA-N,1997,Ki,6.251812
LGUYPNXAMCYIHX-UHFFFAOYSA-N,2017,Ki,7.619789
LGXAESURRIWEJV-UHFFFAOYSA-N,1999,Ki,5.158015
LHDDOZPHQWBNGP-UHFFFAOYSA-N,2009,Ki,5.620001
LHEQMLMJFATZEM-CQSZACIVSA-N,1996,Ki,6.701147
LHFDGWOFPWKTDU-OFUUFJSKSA-N,2023,Ki,9.050610
LHGJGOWVRBPLNY-LZCISLPRSA-N,2020,Ki,9.040959
LHGJGOWVRBPLNY-OBMJPTGESA-N,2022,Ki,9.040959
LHGVDYIWDBIZNF-VLZXCDOPSA-N,2023,Ki,9.443697
LHHCQDFZJQYUSF-QHCPKHFHSA-N,2023,Ki,6.123205
LHIGVMVGEPDNBQ-UHFFFAOYSA-N,2023,Ki,6.111821
LHIGVMVGEPDNBQ-UHFFFAOYSA-N,2023,IC50,4.876148
LHOWYYXXITUESH-IBGZPJMESA-N,2017,Ki,5.443095
LHQYJFMEVSYGBX-UHFFFAOYSA-N,2017,EC50,8.187087
LHQYJFMEVSYGBX-UHFFFAOYSA-N,2017,EC50,9.045757
LHQYJFMEVSYGBX-UHFFFAOYSA-N,2017,EC50,9.519993
LHVNTWQOJGSYCB-FXAWDEMLSA-N,2019,Ki,8.159894
LHVNTWQOJGSYCB-FXAWDEMLSA-N,2020,Ki,8.159894
LHVNTWQOJGSYCB-UHFFFAOYSA-N,2016,Ki,8.000000
LHVNTWQOJGSYCB-UHFFFAOYSA-N,2019,Ki,8.040005
LHVNTWQOJGSYCB-UHFFFAOYSA-N,2020,Ki,8.040005
LHVNTWQOJGSYCB-XLIONFOSSA-N,2019,Ki,7.630784
LHVNTWQOJGSYCB-XLIONFOSSA-N,2020,Ki,7.630784
LHWCVSFLSQENCZ-UHFFFAOYSA-N,2002,Ki,6.602060
LHWCVSFLSQENCZ-UHFFFAOYSA-N,2007,Ki,6.599998
LHYAIPJNIYZFAE-UHFFFAOYSA-N,2013,Ki,4.769551
LICMDQXLIJBJOR-XYWHTSSQSA-N,2014,Ki,8.429574
LICMDQXLIJBJOR-XYWHTSSQSA-N,2014,Ki,8.429574
LIFHVPXIKLLTMH-UHFFFAOYSA-N,2007,Ki,6.236572
LIHBEDGPTZLMMR-UHFFFAOYSA-N,2010,Ki,7.330683
LIJLYDMKDQLIKS-UHFFFAOYSA-N,2011,IC50,5.423659
LIJLYDMKDQLIKS-UHFFFAOYSA-N,2011,Ki,8.537602
LIJLYDMKDQLIKS-UHFFFAOYSA-N,2011,IC50,7.769551
LIJZDQUYGUZHCR-UHFFFAOYSA-N,2015,Ki,8.079877
LIKDQKPQARRCAR-UHFFFAOYSA-N,2021,Ki,5.769551
LIKMSWCFNPHNGP-UHFFFAOYSA-N,2016,Ki,6.928118
LIKMSWCFNPHNGP-UHFFFAOYSA-N,2016,Ki,6.929999
LILUJJCOIBEHSU-UHFFFAOYSA-N,1999,Ki,6.681937
LIOYKDHOQLNTTQ-UHFFFAOYSA-N,2001,Ki,7.619789
LIRAXYPAXGDSQL-KESTWPANSA-N,2014,Ki,8.309804
LIRAXYPAXGDSQL-KESTWPANSA-N,2014,Ki,8.309804
LIWZXUWAEHOPHY-MXVIHJGJSA-N,2013,Ki,7.167491
LIXJRDNPUKACMR-UHFFFAOYSA-N,2018,Ki,7.243364
LIZHGPSMNOBTAT-UHFFFAOYSA-N,2003,Ki,5.000000
LJDQESSYTJNKOI-UHFFFAOYSA-N,2008,Ki,8.599980
LJEOXWDSLFLRNN-AQYVVDRMSA-N,2013,Ki,7.518557
LJFNUFCUPDECPC-UHFFFAOYSA-N,2017,Ki,5.818156
LJKVVPJFMUCTIV-UHFFFAOYSA-N,2011,Ki,8.283997
LJOIJDZCFSDRBE-UHFFFAOYSA-N,2010,Ki,8.100015
LJPDJGGEVPZFMY-UHFFFAOYSA-N,2017,Ki,6.860121
LJPDJGGEVPZFMY-UHFFFAOYSA-N,2018,Ki,6.860121
LJTCNKUXICKSFP-JKSUJKDBSA-N,2020,Ki,9.327902
LJTCNKUXICKSFP-JKSUJKDBSA-N,2022,Ki,9.327902
LJUHEEFEADORHV-UHFFFAOYSA-N,2017,Ki,6.235824
LJWIFZKAUORKLB-NRCGHCQOSA-N,2014,Ki,8.452225
LJWIFZKAUORKLB-NRCGHCQOSA-N,2014,Ki,8.452225
LJXBPSXSJHVHOV-UHFFFAOYSA-N,2016,Ki,8.299989
LJXBPSXSJHVHOV-UHFFFAOYSA-N,2019,Ki,8.279841
LJXBPSXSJHVHOV-UHFFFAOYSA-N,2020,Ki,8.279841
LJXKPIFQYYNLTO-IBGZPJMESA-N,2000,Ki,5.920819
LJYNWWWADGCGMQ-UHFFFAOYSA-N,2017,Ki,7.496209
LJYNWWWADGCGMQ-UHFFFAOYSA-N,2018,Ki,7.496209
LJYQDVKZJSSWJS-KESTWPANSA-N,2014,Ki,8.686133
LJYQDVKZJSSWJS-KESTWPANSA-N,2014,Ki,8.686133
LJZKZXJPHHZDQF-UHFFFAOYSA-N,2019,Ki,7.065502
LKDKZDZBTSCLCY-KRWDZBQOSA-N,2001,Ki,5.283997
LKDKZDZBTSCLCY-KRWDZBQOSA-N,2001,Ki,6.000000
LKGWPHHIJYCDSR-SXFOHPBWSA-N,2013,Ki,8.196543
LKGWPHHIJYCDSR-SXFOHPBWSA-N,2013,Ki,8.196543
LKIZJVWLCHAZTJ-AVRDEDQJSA-N,2016,Ki,8.289967
LKIZJVWLCHAZTJ-GCJKJVERSA-N,2016,Ki,8.990124
LKMTURFCSVFFPV-UHFFFAOYSA-N,2011,Ki,8.089376
LKMYYERAFNDIAS-BVSLBCMMSA-N,2014,Ki,8.647817
LKMYYERAFNDIAS-BVSLBCMMSA-N,2014,Ki,8.647817
LKMYYERAFNDIAS-CEMLEFRQSA-N,2014,Ki,8.603801
LKMYYERAFNDIAS-CEMLEFRQSA-N,2014,Ki,8.603801
LKPJQZSWFLAVEV-UHFFFAOYSA-N,2009,Ki,6.299998
LKPNIBAOVAQLNF-UHFFFAOYSA-N,1997,Ki,5.886057
LKUILOJELWBGMK-JSOSNVBQSA-N,2023,Ki,7.058986
LKUILOJELWBGMK-JSOSNVBQSA-N,2023,IC50,6.499997
LKUILOJELWBGMK-JSOSNVBQSA-N,2023,EC50,6.500313
LKXCWTFZOCKBJZ-UHFFFAOYSA-N,2017,Ki,7.013228
LKXCWTFZOCKBJZ-UHFFFAOYSA-N,2017,EC50,7.180456
LKZYQJSJNFLIIO-UHFFFAOYSA-N,1997,Ki,8.400008
LKZZDSXSPJYUJI-WKILWMFISA-N,2020,Ki,9.086186
LKZZDSXSPJYUJI-WKILWMFISA-N,2022,Ki,9.086186
LLBLNMUONVVVPG-UHFFFAOYSA-N,2003,Ki,7.060481
LLBLNMUONVVVPG-UHFFFAOYSA-N,2003,Ki,7.221849
LLBLNMUONVVVPG-UHFFFAOYSA-N,1996,Ki,7.000000
LLBLNMUONVVVPG-UHFFFAOYSA-N,2007,Ki,6.787812
LLBLNMUONVVVPG-UHFFFAOYSA-N,2007,EC50,7.043832
LLBLNMUONVVVPG-UHFFFAOYSA-N,2008,Ki,6.787812
LLBLNMUONVVVPG-UHFFFAOYSA-N,2008,IC50,7.043832
LLBLNMUONVVVPG-UHFFFAOYSA-N,2010,Ki,6.982967
LLBLNMUONVVVPG-UHFFFAOYSA-N,2014,Ki,7.313364
LLBLNMUONVVVPG-UHFFFAOYSA-N,2024,Ki,6.688161
LLHCWQNGFVSDKL-SQHAQQRYSA-N,1999,Ki,9.700057
LLJNHDOQJFYFCL-UHFFFAOYSA-N,2012,Ki,7.080922
LLKMICSIFPTJMH-UHFFFAOYSA-N,2010,Ki,5.525347
LLMBUJCYVGLEBH-UHFFFAOYSA-N,2000,Ki,6.060481
LLNWCPKEPUSMNT-UHFFFAOYSA-N,2016,Ki,7.167491
LLVOYQKYDBYLSE-UHFFFAOYSA-N,2017,Ki,6.610834
LMFZASCXAANSLM-UHFFFAOYSA-N,1997,Ki,5.643974
LMHDKCMDVMZRMD-UHFFFAOYSA-N,2023,Ki,6.279593
LMHDKCMDVMZRMD-UHFFFAOYSA-N,2023,Ki,6.309999
LMHDKCMDVMZRMD-UHFFFAOYSA-N,2023,Ki,6.279593
LMHDKCMDVMZRMD-UHFFFAOYSA-N,2023,Ki,6.309999
LMIAIPKXPWLPGV-UHFFFAOYSA-N,2021,Ki,5.890000
LMJQZJCJGXDLSR-UHFFFAOYSA-N,2016,Ki,6.493495
LMKMYJGZBLESNG-INWMFGNUSA-N,2014,Ki,5.942714
LMKMYJGZBLESNG-NOLJZWGESA-N,2014,Ki,6.127844
LMKMYJGZBLESNG-NOLJZWGESA-N,2014,Ki,6.106793
LMKMYJGZBLESNG-XPKDYRNWSA-N,2014,Ki,6.074688
LMRUSDUZVDKYMF-UHFFFAOYSA-N,1997,Ki,5.346787
LMTZTESHSHMVNE-ZWKOTPCHSA-N,2023,Ki,9.585027
LMUWKYOZOCNQDQ-UHFFFAOYSA-N,2010,Ki,6.913640
LMUWKYOZOCNQDQ-UHFFFAOYSA-N,2014,Ki,7.057496
LMWAUEIFLCRUHZ-UHFFFAOYSA-N,2000,Ki,7.537602
LMYNSVJAWVGIBW-UHFFFAOYSA-N,2006,Ki,8.657577
LMYXDMLXVWZVJJ-QPPBQGQZSA-N,2016,Ki,8.840132
LNAQGJPALKPMLJ-UHFFFAOYSA-N,1998,Ki,7.349692
LNBKOOVQBZWETK-UHFFFAOYSA-N,2019,Ki,6.823909
LNEPOXFFQSENCJ-UHFFFAOYSA-N,1993,Ki,8.193820
LNEPOXFFQSENCJ-UHFFFAOYSA-N,1997,Ki,8.657577
LNEPOXFFQSENCJ-UHFFFAOYSA-N,1999,IC50,8.000000
LNEPOXFFQSENCJ-UHFFFAOYSA-N,2002,Ki,7.602060
LNEPOXFFQSENCJ-UHFFFAOYSA-N,1996,Ki,8.562249
LNEPOXFFQSENCJ-UHFFFAOYSA-N,2004,Ki,7.677781
LNEPOXFFQSENCJ-UHFFFAOYSA-N,2003,Ki,8.657577
LNEPOXFFQSENCJ-UHFFFAOYSA-N,1994,Ki,9.161151
LNEPOXFFQSENCJ-UHFFFAOYSA-N,1995,Ki,8.100015
LNEPOXFFQSENCJ-UHFFFAOYSA-N,1997,Ki,6.939302
LNEPOXFFQSENCJ-UHFFFAOYSA-N,1996,Ki,8.698970
LNEPOXFFQSENCJ-UHFFFAOYSA-N,1993,Ki,9.017729
LNEPOXFFQSENCJ-UHFFFAOYSA-N,1996,Ki,8.698970
LNEPOXFFQSENCJ-UHFFFAOYSA-N,1997,Ki,8.657577
LNEPOXFFQSENCJ-UHFFFAOYSA-N,1997,Ki,8.698970
LNEPOXFFQSENCJ-UHFFFAOYSA-N,2003,Ki,8.568636
LNEPOXFFQSENCJ-UHFFFAOYSA-N,2003,Ki,8.337242
LNEPOXFFQSENCJ-UHFFFAOYSA-N,2003,Ki,8.339989
LNEPOXFFQSENCJ-UHFFFAOYSA-N,2005,Ki,8.000000
LNEPOXFFQSENCJ-UHFFFAOYSA-N,2004,Ki,8.107905
LNEPOXFFQSENCJ-UHFFFAOYSA-N,2005,Ki,7.744727
LNEPOXFFQSENCJ-UHFFFAOYSA-N,2005,Ki,8.356547
LNEPOXFFQSENCJ-UHFFFAOYSA-N,2005,Ki,7.795880
LNEPOXFFQSENCJ-UHFFFAOYSA-N,2005,Kd,6.499997
LNEPOXFFQSENCJ-UHFFFAOYSA-N,2007,Ki,8.079981
LNEPOXFFQSENCJ-UHFFFAOYSA-N,2007,Ki,7.795880
LNEPOXFFQSENCJ-UHFFFAOYSA-N,2007,Ki,8.799971
LNEPOXFFQSENCJ-UHFFFAOYSA-N,2007,Ki,8.193820
LNEPOXFFQSENCJ-UHFFFAOYSA-N,2009,Ki,9.045757
LNEPOXFFQSENCJ-UHFFFAOYSA-N,2008,Ki,8.602060
LNEPOXFFQSENCJ-UHFFFAOYSA-N,2009,Ki,8.259637
LNEPOXFFQSENCJ-UHFFFAOYSA-N,2009,Ki,7.940058
LNEPOXFFQSENCJ-UHFFFAOYSA-N,2010,Ki,7.896196
LNEPOXFFQSENCJ-UHFFFAOYSA-N,2010,Ki,8.124939
LNEPOXFFQSENCJ-UHFFFAOYSA-N,2011,Ki,7.537602
LNEPOXFFQSENCJ-UHFFFAOYSA-N,2011,Ki,8.200659
LNEPOXFFQSENCJ-UHFFFAOYSA-N,,IC50,7.698970
LNEPOXFFQSENCJ-UHFFFAOYSA-N,,Ki,8.164817
LNEPOXFFQSENCJ-UHFFFAOYSA-N,2011,Ki,8.200659
LNEPOXFFQSENCJ-UHFFFAOYSA-N,2012,Ki,8.337242
LNEPOXFFQSENCJ-UHFFFAOYSA-N,2011,Ki,7.982967
LNEPOXFFQSENCJ-UHFFFAOYSA-N,2014,Ki,8.698970
LNEPOXFFQSENCJ-UHFFFAOYSA-N,2014,IC50,10.221849
LNEPOXFFQSENCJ-UHFFFAOYSA-N,2014,Ki,8.585027
LNEPOXFFQSENCJ-UHFFFAOYSA-N,2014,Ki,8.602060
LNEPOXFFQSENCJ-UHFFFAOYSA-N,2014,Ki,7.794796
LNEPOXFFQSENCJ-UHFFFAOYSA-N,2015,Ki,8.167491
LNEPOXFFQSENCJ-UHFFFAOYSA-N,2017,Ki,8.638272
LNEPOXFFQSENCJ-UHFFFAOYSA-N,2020,Ki,8.287350
LNEPOXFFQSENCJ-UHFFFAOYSA-N,2020,Ki,8.240030
LNEPOXFFQSENCJ-UHFFFAOYSA-N,2019,IC50,9.602060
LNEPOXFFQSENCJ-UHFFFAOYSA-N,2021,Ki,8.950007
LNEPOXFFQSENCJ-UHFFFAOYSA-N,2021,Ki,7.643974
LNEPOXFFQSENCJ-UHFFFAOYSA-N,2021,Ki,7.639975
LNEPOXFFQSENCJ-UHFFFAOYSA-N,2021,Ki,8.356547
LNEPOXFFQSENCJ-UHFFFAOYSA-N,2021,IC50,8.460046
LNEPOXFFQSENCJ-UHFFFAOYSA-N,2022,Ki,7.869666
LNEPOXFFQSENCJ-UHFFFAOYSA-N,2023,Ki,7.270026
LNEPOXFFQSENCJ-UHFFFAOYSA-N,2023,IC50,8.560036
LNEPOXFFQSENCJ-UHFFFAOYSA-N,2023,EC50,8.559091
LNEPOXFFQSENCJ-UHFFFAOYSA-N,2023,IC50,8.599980
LNEPOXFFQSENCJ-UHFFFAOYSA-N,2023,IC50,8.595166
LNEPOXFFQSENCJ-UHFFFAOYSA-N,2024,Ki,7.688246
LNEVPGGCVOGZMM-UHFFFAOYSA-N,2007,Ki,7.096910
LNEZIIGVFFLLQU-UHFFFAOYSA-N,2006,Ki,6.408935
LNFJZMYMJHIQPZ-UHFFFAOYSA-N,2007,Ki,8.795880
LNMWMYAAMASJED-UHFFFAOYSA-N,2016,Ki,8.373660
LNOVYYQKQHZPMN-UHFFFAOYSA-N,2014,Ki,8.142668
LNTSSZPPKDLPCK-UHFFFAOYSA-N,2021,Ki,6.107905
LNZYQGOEJQNILH-UHFFFAOYSA-N,2017,Ki,6.059982
LOCFLSUOTBZXEU-UHFFFAOYSA-N,2009,Ki,7.500038
LOCFLSUOTBZXEU-UHFFFAOYSA-N,2009,Ki,7.500038
LOCQRDBFWSXQQI-UHFFFAOYSA-N,1999,Ki,6.299998
LOCQRDBFWSXQQI-UHFFFAOYSA-N,2002,Ki,6.299998
LOCQRDBFWSXQQI-UHFFFAOYSA-N,2008,Ki,5.876148
LOCQRDBFWSXQQI-UHFFFAOYSA-N,2024,Ki,6.502255
LOGDXDWDCZTLOS-UHFFFAOYSA-N,2007,Ki,9.199971
LOHWYFHMCSFPRU-UHFFFAOYSA-N,2019,Ki,8.259637
LOHWYFHMCSFPRU-UHFFFAOYSA-N,2020,Ki,8.259637
LOJUPRHIDKSORB-UHFFFAOYSA-N,2011,Ki,7.408935
LOLIGPMPSPGNGJ-OIFYPAEGSA-N,2013,Ki,7.858550
LOLIGPMPSPGNGJ-OIFYPAEGSA-N,2013,Ki,7.858550
LOMLSZYPQUWCNO-KESTWPANSA-N,2014,Ki,7.354578
LOMLSZYPQUWCNO-KESTWPANSA-N,2014,Ki,7.354578
LOOPVARSTUYIDY-UHFFFAOYSA-N,2020,EC50,6.508638
LOOPVARSTUYIDY-UHFFFAOYSA-N,2023,EC50,6.209715
LOOROOGJSWXTHW-UHFFFAOYSA-N,2010,Ki,6.387216
LOWWSZHAZVDMAY-UHFFFAOYSA-N,2014,Ki,7.000000
LOWWSZHAZVDMAY-UHFFFAOYSA-N,2014,Ki,7.000000
LOWWSZHAZVDMAY-UHFFFAOYSA-N,2023,Ki,7.030584
LOWWSZHAZVDMAY-UHFFFAOYSA-N,2023,EC50,7.404504
LOWWSZHAZVDMAY-UHFFFAOYSA-N,2023,IC50,5.841638
LPJGAZGHYONJPC-UHFFFAOYSA-N,2009,Ki,8.070581
LPLZFZAIOWVRTJ-UHFFFAOYSA-N,1996,Ki,8.585027
LPSPMYVAOZUORR-BJKOFHAPSA-N,2023,Ki,7.892790
LPWRTRRXYPVJKD-UHFFFAOYSA-N,2019,Ki,5.343902
LPWRTRRXYPVJKD-UHFFFAOYSA-N,2019,Ki,5.029188
LPYJYJNIIRKQSC-UHFFFAOYSA-N,2006,Ki,7.714443
LPYLNBHXBHUYKT-QIUPIDFOSA-N,2022,Ki,8.657577
LPZBJVXNLCRBGB-UHFFFAOYSA-N,2010,Ki,8.677781
LQBCESDPEUPBRS-UHFFFAOYSA-N,1996,Ki,6.879426
LQCUFDIAPSFACZ-UHFFFAOYSA-N,2011,Ki,9.259637
LQEATNFJCMVKAC-UHFFFAOYSA-N,2016,Ki,6.170002
LQFUKCCOLHDWFK-UHFFFAOYSA-N,2017,Ki,8.795880
LQGNDHYNCHVOGU-UHFFFAOYSA-N,2012,Ki,6.275724
LQIJGBZSCQJUGS-UHFFFAOYSA-N,2016,Ki,6.761954
LQMXUNHATCSENV-UHFFFAOYSA-N,1999,Ki,8.599980
LQRMVBGKOMVMNF-UHFFFAOYSA-N,2016,Ki,6.974694
LQRMVBGKOMVMNF-UHFFFAOYSA-N,2016,Ki,6.970008
LQSBOQJIPVGJNY-AQYVVDRMSA-N,2014,Ki,9.167491
LQSBOQJIPVGJNY-AQYVVDRMSA-N,2014,Ki,9.167491
LQSGYEKSJJXDGV-AVVIUHCASA-N,2023,Ki,9.000000
LQSRXUCPMMXTPD-UHFFFAOYSA-N,2023,Ki,8.730487
LQTCRFLMOJHQHE-UHFFFAOYSA-N,2011,Ki,7.443697
LQTJOPPTSIYEES-SANMLTNESA-N,2000,Ki,7.207608
LQYNONCEAYAGNN-UHFFFAOYSA-N,2007,Ki,8.500038
LRAKDNHVXFFUJJ-KVSPAWLASA-N,2000,Ki,8.199971
LRAXIKDADSVQMU-UHFFFAOYSA-N,2021,Ki,5.787812
LRAYIUHUAWSEDX-UHFFFAOYSA-N,2006,Ki,8.886057
LRBUVURCWWAQQT-KRWDZBQOSA-N,2014,Ki,7.537602
LRBUVURCWWAQQT-QGZVFWFLSA-N,2014,Ki,8.161151
LRBUVURCWWAQQT-UHFFFAOYSA-N,2011,Kd,10.522879
LRBUVURCWWAQQT-UHFFFAOYSA-N,2011,Kd,10.397940
LRBUVURCWWAQQT-UHFFFAOYSA-N,2011,Ki,7.501689
LRBUVURCWWAQQT-UHFFFAOYSA-N,2011,Ki,8.267606
LRBUVURCWWAQQT-UHFFFAOYSA-N,2011,Ki,8.214670
LRBUVURCWWAQQT-UHFFFAOYSA-N,2011,IC50,6.366532
LRBUVURCWWAQQT-UHFFFAOYSA-N,2014,Ki,8.000000
LRGIFVDEYMWDOX-UHFFFAOYSA-N,2020,EC50,6.943095
LRJUHEKHPZCRGV-UHFFFAOYSA-N,2015,Ki,7.057496
LRJUHEKHPZCRGV-UHFFFAOYSA-N,2018,Ki,7.057496
LRLLQEVBYRSPTP-UHFFFAOYSA-N,2022,Ki,6.549997
LRMWMKQIJLOEPF-AVRDEDQJSA-N,2016,Ki,8.980053
LRMWMKQIJLOEPF-GCJKJVERSA-N,2016,Ki,7.049976
LRMWMKQIJLOEPF-PGRDOPGGSA-N,2016,Ki,8.169989
LRMWMKQIJLOEPF-XMSQKQJNSA-N,2016,Ki,7.119987
LRTWYJMSDIOBGF-UHFFFAOYSA-N,2006,Ki,7.950782
LSEKXOSZIOVUOY-FXAWDEMLSA-N,2020,Ki,8.240332
LSEKXOSZIOVUOY-UHFFFAOYSA-N,2016,Ki,7.899974
LSEKXOSZIOVUOY-UHFFFAOYSA-N,2019,Ki,7.939302
LSEKXOSZIOVUOY-UHFFFAOYSA-N,2020,Ki,7.939302
LSEKXOSZIOVUOY-XLIONFOSSA-N,2019,Ki,8.240332
LSHBKBMJDZRGEU-UHFFFAOYSA-N,2010,Ki,9.355561
LSHSMBQZYASNDB-JKIUYZKVSA-N,2014,Ki,7.711304
LSHSMBQZYASNDB-JKIUYZKVSA-N,2014,Ki,7.711304
LSKZCQKQGRUHKQ-BJLQDIEVSA-N,2013,Ki,7.298259
LSKZCQKQGRUHKQ-BJLQDIEVSA-N,2013,Ki,7.298259
LSKZCQKQGRUHKQ-QWFCFKBJSA-N,2013,Ki,7.556581
LSKZCQKQGRUHKQ-QWFCFKBJSA-N,2013,Ki,7.556581
LSQJPMUMQFFZON-LYXWCMDISA-N,2022,Ki,9.638272
LSQOOMIFBSOAIJ-HCGLCNNCSA-N,2020,Ki,8.853872
LSQOOMIFBSOAIJ-HCGLCNNCSA-N,2022,Ki,8.853872
LSTIDGGQGHFYCB-UHFFFAOYSA-N,2020,Ki,6.549751
LSZYSKUEBVDYTO-UHFFFAOYSA-N,1995,Ki,8.823909
LSZYSKUEBVDYTO-UHFFFAOYSA-N,2013,Ki,8.823909
LTNOCTARMCCZMF-UHFFFAOYSA-N,2021,Ki,6.337242
LTXKGMIEWLLTGF-UHFFFAOYSA-N,2016,EC50,7.716699
LTYAWIKNOPSPBV-KESTWPANSA-N,2014,Ki,8.337242
LTYAWIKNOPSPBV-KESTWPANSA-N,2014,Ki,8.337242
LTYLABGSGXHAAP-UHFFFAOYSA-N,1997,Ki,6.699992
LUFMWUOUUQBFCY-MGFGWZDJSA-N,2003,Ki,8.899974
LUILVQGAFGGMCT-LEWJYISDSA-N,2023,Ki,8.431798
LUNVFEQWDLSWQQ-UHFFFAOYSA-N,2021,Ki,6.853872
LUNVFEQWDLSWQQ-UHFFFAOYSA-N,2021,Ki,6.850012
LUONNTQEFAPZJL-ONEGZZNKSA-N,2011,Ki,8.958607
LUPMVYRKJBZCCI-UHFFFAOYSA-N,2016,Ki,6.308919
LUPMVYRKJBZCCI-UHFFFAOYSA-N,2016,Ki,6.299998
LURCKJAGHVQMQC-UHFFFAOYSA-N,2020,EC50,6.647817
LURCKJAGHVQMQC-UHFFFAOYSA-N,2023,EC50,6.647817
LUUKEDLOUSMCGZ-UHFFFAOYSA-N,2007,Ki,9.142668
LUURZPBLEVSXGP-UHFFFAOYSA-N,2022,Ki,5.443300
LUURZPBLEVSXGP-UHFFFAOYSA-N,2022,Ki,5.440000
LUYABWSKHCCUGP-AFARHQOCSA-N,2020,Ki,7.920819
LUYABWSKHCCUGP-AFARHQOCSA-N,2022,Ki,7.920819
LUYOYJRCUNHAKE-OKDASEJXSA-N,2014,Ki,7.344094
LUYOYJRCUNHAKE-OKDASEJXSA-N,2014,Ki,7.344094
LUZGPEPGAGXEQF-UHFFFAOYSA-N,1999,IC50,6.455932
LUZRJRNZXALNLM-JGRZULCMSA-N,,IC50,8.272784
LUZRJRNZXALNLM-JGRZULCMSA-N,,Ki,8.741842
LUZRJRNZXALNLM-JGRZULCMSA-N,2024,Ki,7.469032
LVAZPFMWSRDRRK-GFCCVEGCSA-N,2005,Ki,5.568636
LVAZPFMWSRDRRK-GFCCVEGCSA-N,2011,Ki,5.677781
LVAZPFMWSRDRRK-GFCCVEGCSA-N,2011,Ki,5.366532
LVAZPFMWSRDRRK-LBPRGKRZSA-N,2005,Ki,6.958607
LVAZPFMWSRDRRK-LBPRGKRZSA-N,2005,Ki,8.075721
LVAZPFMWSRDRRK-LBPRGKRZSA-N,2005,Ki,8.397940
LVAZPFMWSRDRRK-LBPRGKRZSA-N,2005,EC50,8.468521
LVAZPFMWSRDRRK-LBPRGKRZSA-N,2011,Ki,7.508638
LVAZPFMWSRDRRK-LBPRGKRZSA-N,2011,Ki,6.823909
LVAZPFMWSRDRRK-LBPRGKRZSA-N,2011,Ki,5.091515
LVAZPFMWSRDRRK-LBPRGKRZSA-N,2011,Ki,6.376751
LVAZPFMWSRDRRK-LBPRGKRZSA-N,2011,Ki,6.075721
LVAZPFMWSRDRRK-LBPRGKRZSA-N,2011,Ki,7.346787
LVAZPFMWSRDRRK-LBPRGKRZSA-N,2011,Ki,6.376751
LVAZPFMWSRDRRK-LBPRGKRZSA-N,2011,Ki,7.853872
LVAZPFMWSRDRRK-UHFFFAOYSA-N,2005,Ki,8.173925
LVAZPFMWSRDRRK-UHFFFAOYSA-N,2005,Ki,6.698970
LVLYBVZQVHNPHM-UHFFFAOYSA-N,2017,Ki,6.950782
LVLYBVZQVHNPHM-UHFFFAOYSA-N,2018,Ki,6.950782
LVNLYIFCFLRMMH-UHFFFAOYSA-N,1997,Ki,5.795880
LVPCPZRNWKXHTK-UHFFFAOYSA-N,2009,Ki,8.400008
LVSUPYDDQCSHAN-UHFFFAOYSA-N,1997,Ki,9.100015
LVXRWLDIURXUJE-LSNLESRRSA-N,2014,Ki,8.655608
LVXRWLDIURXUJE-LSNLESRRSA-N,2014,Ki,8.655608
LVXYAFNPMXCRJI-GOSISDBHSA-N,1993,Ki,6.427128
LVXYAFNPMXCRJI-SFHVURJKSA-N,1993,Ki,6.903090
LVXZELAZCGYHRC-UHFFFAOYSA-N,2009,Ki,6.409995
LWBLFKWXBXEZMX-UHFFFAOYSA-N,2019,Ki,6.552842
LWDPHLQHPIGVKY-UHFFFAOYSA-N,2011,Ki,5.345438
LWSMSVQQKULODQ-OAHLLOKOSA-N,1994,Ki,6.181774
LWSZJTQQUMNMOU-UHFFFAOYSA-N,2006,Ki,8.638272
LWUHTASBTHFHOH-MEMLXQNLSA-N,2013,Ki,7.809668
LXBALWXAUSOISX-QAQDUYKDSA-N,2020,Ki,9.431798
LXBALWXAUSOISX-QAQDUYKDSA-N,2022,Ki,9.431798
LXBQQANESCMCJU-UHFFFAOYSA-N,1997,Ki,5.958607
LXDKFBSEJYAHRD-UHFFFAOYSA-N,2019,Ki,6.450997
LXDKFBSEJYAHRD-UHFFFAOYSA-N,2019,Ki,5.752027
LXEDLNSPOBVDQV-UHFFFAOYSA-N,2007,Ki,5.684030
LXFPKJLLIWPMEU-UHFFFAOYSA-N,2002,Ki,8.853872
LXFPKJLLIWPMEU-UHFFFAOYSA-N,2008,Ki,9.119186
LXFPKJLLIWPMEU-UHFFFAOYSA-N,2008,Ki,9.455932
LXIKJZDRBXJBAY-UHFFFAOYSA-N,2019,Ki,6.920819
LXKHTQRJWHHCDP-UHFFFAOYSA-N,1997,Ki,5.555955
LXKHTQRJWHHCDP-UHFFFAOYSA-N,2021,Ki,5.555955
LXQQHMVSKDDSKV-LPHOPBHVSA-N,2017,Ki,5.899998
LXSHWRWEVGDSGN-UHFFFAOYSA-N,2022,Ki,5.627290
LXYDWPGIKXXMMG-UHFFFAOYSA-N,1996,Ki,7.799971
LXZRZJUUHTZVBE-UHFFFAOYSA-N,2020,EC50,7.869666
LXZRZJUUHTZVBE-UHFFFAOYSA-N,2023,EC50,7.869666
LXZRZJUUHTZVBE-UHFFFAOYSA-N,2023,EC50,7.869666
LYEPPOSVDWYIOA-UHFFFAOYSA-N,2017,Ki,7.355561
LYEPPOSVDWYIOA-UHFFFAOYSA-N,2018,Ki,7.355561
LYFJPSCHBLEEJR-UHFFFAOYSA-N,2017,Ki,8.022276
LYFXQSOWXVVQIV-RUDMXATFSA-N,1994,Ki,9.004365
LYHPSWFRVIYURV-UHFFFAOYSA-N,2009,Ki,5.468521
LYHUWMRZCXPRBP-BEESLVRJSA-N,2014,Ki,8.107349
LYHUWMRZCXPRBP-BEESLVRJSA-N,2014,Ki,8.107349
LYLNGHHEGYQUJV-RCZVLFRGSA-N,2019,Ki,5.671620
LYLVUDOAMFKTEL-ZWKOTPCHSA-N,2020,Ki,9.301030
LYLVUDOAMFKTEL-ZWKOTPCHSA-N,2022,Ki,9.301030
LYUYYIGCZIZIGF-LHEALVPGSA-N,2024,IC50,4.200000
LZCAZQHEQOBNGY-UHFFFAOYSA-N,2006,Ki,8.468521
LZEJCTIJSMQOTB-MXVIHJGJSA-N,1997,Ki,9.221849
LZICIBCEISDAND-IYARVYRRSA-N,2014,Ki,8.838632
LZICIBCEISDAND-IYARVYRRSA-N,2014,Ki,8.838632
LZMIVAWAFVXKJL-UHFFFAOYSA-N,1999,Ki,5.585027
MACFTPBZAOCTFN-UHFFFAOYSA-N,2016,Ki,6.185752
MACFTPBZAOCTFN-UHFFFAOYSA-N,2020,Ki,6.185752
MAFQRGJTJAMOBM-UHFFFAOYSA-N,2020,EC50,6.386158
MALMJWHGEVOLFD-UHFFFAOYSA-N,2015,Ki,7.348722
MAMYYNBMHYGSHM-UHFFFAOYSA-N,2010,Ki,8.397940
MANFPBYSLSMBGM-UHFFFAOYSA-N,2022,Ki,7.000000
MANJQFBEPDLLON-XUTJKUGGSA-N,2020,Ki,10.318759
MANJQFBEPDLLON-XUTJKUGGSA-N,2022,Ki,10.318759
MAQDCPYEDSDANP-UHFFFAOYSA-N,2016,Ki,7.552842
MAQDCPYEDSDANP-UHFFFAOYSA-N,2016,Ki,7.550059
MASFGJOTAOERQU-JKIUYZKVSA-N,2014,Ki,8.554396
MASFGJOTAOERQU-JKIUYZKVSA-N,2014,Ki,8.554396
MAVGNSNQMXBEHU-UHFFFAOYSA-N,2000,Ki,5.508638
MBCROYIVEQFERC-IYARVYRRSA-N,2023,Ki,9.494850
MBJIMEPOUWVXCI-KESTWPANSA-N,1997,Ki,8.698970
MBKIFLFRYIEMRC-UHFFFAOYSA-N,2014,Ki,8.055517
MBMINXDPXIMQPF-UHFFFAOYSA-N,2017,Ki,8.638272
MBMINXDPXIMQPF-UHFFFAOYSA-N,2017,EC50,7.207608
MBSIGRZACGJWRM-UHFFFAOYSA-N,2002,Ki,8.366532
MBSIGRZACGJWRM-UHFFFAOYSA-N,2002,EC50,8.853872
MBSIGRZACGJWRM-UHFFFAOYSA-N,2007,Ki,8.369979
MBSIGRZACGJWRM-UHFFFAOYSA-N,2009,Ki,8.119186
MBSIGRZACGJWRM-UHFFFAOYSA-N,2009,Ki,6.886057
MBSIGRZACGJWRM-UHFFFAOYSA-N,2009,Ki,7.013228
MBSIGRZACGJWRM-UHFFFAOYSA-N,2009,Ki,6.537602
MBSIGRZACGJWRM-UHFFFAOYSA-N,2009,Ki,6.301030
MBSIGRZACGJWRM-UHFFFAOYSA-N,2009,Ki,7.031517
MBSIGRZACGJWRM-UHFFFAOYSA-N,2009,Ki,8.130768
MBSIGRZACGJWRM-UHFFFAOYSA-N,2009,Ki,6.468521
MBSIGRZACGJWRM-UHFFFAOYSA-N,2009,Ki,8.366532
MBSIGRZACGJWRM-UHFFFAOYSA-N,2017,Ki,8.455932
MBUVEWMHONZEQD-UHFFFAOYSA-N,2024,Ki,6.196297
MBVUGYVCCHAKHM-WBANQOEISA-N,2000,Ki,7.799971
MBVXIDMKZKQKDD-JUUMZCOKSA-N,2014,Ki,8.559091
MBVXIDMKZKQKDD-JUUMZCOKSA-N,2014,Ki,8.559091
MBWOKCNMOOTYJQ-UHFFFAOYSA-N,2016,EC50,7.238072
MBXCICNJZAYLEN-UHFFFAOYSA-N,1997,Ki,7.899974
MBYOOAKPAWQCID-UHFFFAOYSA-N,2010,Ki,7.962574
MCFFIBILMUFGPB-GGYDESQDSA-N,2020,Ki,9.443697
MCFFIBILMUFGPB-GGYDESQDSA-N,2022,Ki,9.443697
MCHYZZVQJHNDSP-UHFFFAOYSA-N,2017,Ki,7.394695
MCHYZZVQJHNDSP-UHFFFAOYSA-N,2018,Ki,7.394695
MCJDONVFVRLBAL-ILBGXUMGSA-N,2021,Ki,7.863279
MCNXDINEERCWGB-IBGZPJMESA-N,2023,Ki,5.582030
MCSZDZVTMAGPMA-UHFFFAOYSA-N,1996,Ki,7.397940
MCSZDZVTMAGPMA-UHFFFAOYSA-N,1996,EC50,7.552842
MCSZDZVTMAGPMA-UHFFFAOYSA-N,1997,Ki,7.400008
MCWNRJVMXBUUPG-OAHLLOKOSA-N,1994,Ki,6.571865
MDBJINZABFWALU-OAFSWBPASA-N,2014,Ki,7.897566
MDBJINZABFWALU-OAFSWBPASA-N,2014,Ki,7.897566
MDBWEQVKJDMEMK-AWEZNQCLSA-N,1996,Ki,9.267606
MDBWEQVKJDMEMK-AWEZNQCLSA-N,2012,EC50,9.200659
MDBWEQVKJDMEMK-AWEZNQCLSA-N,2023,EC50,9.200659
MDBWEQVKJDMEMK-CQSZACIVSA-N,1996,Ki,7.119186
MDBWEQVKJDMEMK-UHFFFAOYSA-N,1997,Ki,8.356547
MDBWEQVKJDMEMK-UHFFFAOYSA-N,1995,Ki,9.180456
MDBWEQVKJDMEMK-UHFFFAOYSA-N,2009,EC50,9.853872
MDBWEQVKJDMEMK-UHFFFAOYSA-N,2010,EC50,8.910095
MDBWEQVKJDMEMK-UHFFFAOYSA-N,2010,Ki,8.866461
MDBWEQVKJDMEMK-UHFFFAOYSA-N,2010,Ki,8.866461
MDDQIOXYIZYHFT-UHFFFAOYSA-N,2010,Ki,6.699992
MDDQIOXYIZYHFT-UHFFFAOYSA-N,2010,Ki,9.199971
MDDQIOXYIZYHFT-UHFFFAOYSA-N,2010,Ki,9.299989
MDHNTQJUKKBCMM-UHFFFAOYSA-N,2010,Ki,6.499997
MDHNTQJUKKBCMM-UHFFFAOYSA-N,2010,Ki,8.199971
MDHNTQJUKKBCMM-UHFFFAOYSA-N,2010,Ki,8.599980
MDIVYFVFTFEFJF-RUCARUNLSA-N,2014,Ki,8.056901
MDIVYFVFTFEFJF-RUCARUNLSA-N,2014,Ki,8.056901
MDLAAYDRRZXJIF-UHFFFAOYSA-N,2018,Ki,6.866461
MDQWSMFPLDSLBV-UHFFFAOYSA-N,2003,Ki,6.251812
MDRPHHDESWTRFX-UHFFFAOYSA-O,2013,Ki,7.450997
MDSGWCGOSTVFAW-JKIUYZKVSA-N,2022,Ki,9.221849
MDSPSIGBYYNTOP-UHFFFAOYSA-N,2020,Ki,7.809668
MDTYNDPHGHTQTJ-QHCPKHFHSA-N,2010,Ki,9.730487
MDWSQWMMLXSJIP-UHFFFAOYSA-N,2008,Ki,6.799998
MECLZKNUCVTNAZ-UHFFFAOYSA-N,2020,EC50,6.978811
MECLZKNUCVTNAZ-UHFFFAOYSA-N,2023,EC50,6.978811
MEPWUVRGPZZAFY-UHFFFAOYSA-N,1999,Ki,6.066007
MFAOTUDCDBJKBZ-JKIUYZKVSA-N,2014,Ki,7.924453
MFAOTUDCDBJKBZ-JKIUYZKVSA-N,2014,Ki,7.924453
MFGYZKGJWDJWAA-UHFFFAOYSA-N,2002,Ki,4.677781
MFRGANBNUOPMSD-UHFFFAOYSA-N,2023,Ki,7.124939
MFVZCUGAIPDSAL-XBXARRHUSA-N,1999,Ki,8.700057
MGAAMGRSXKBQAO-UHFFFAOYSA-N,2019,Ki,4.579714
MGAAQQVYULJSPC-UHFFFAOYSA-N,1997,Ki,6.299998
MGBCZDZRQGYLRL-UHFFFAOYSA-N,2006,Ki,8.017729
MGDBVKSSHFDIJD-UHFFFAOYSA-N,2013,Ki,8.096910
MGDSRFOVDPARJD-UHFFFAOYSA-N,2014,Ki,8.376751
MGDSRFOVDPARJD-UHFFFAOYSA-N,2014,Ki,8.075721
MGDSRFOVDPARJD-UHFFFAOYSA-N,2014,Ki,7.397940
MGDSRFOVDPARJD-UHFFFAOYSA-N,2014,Ki,7.920819
MGDSRFOVDPARJD-UHFFFAOYSA-N,2014,Ki,7.886057
MGDSRFOVDPARJD-UHFFFAOYSA-N,2014,Ki,7.698970
MGDSRFOVDPARJD-UHFFFAOYSA-N,2014,IC50,6.804100
MGDSRFOVDPARJD-UHFFFAOYSA-N,2014,IC50,9.221849
MGDSRFOVDPARJD-UHFFFAOYSA-N,2014,IC50,8.886057
MGDSRFOVDPARJD-UHFFFAOYSA-N,2017,Ki,8.376751
MGDSRFOVDPARJD-UHFFFAOYSA-N,2018,Ki,8.376751
MGGGAIHRQKOLDH-UHFFFAOYSA-N,2020,Ki,7.838632
MGKAAGLTHAMQST-UHFFFAOYSA-N,2010,Ki,7.950782
MGLBPQCNRNAVCP-UHFFFAOYSA-N,2013,Ki,8.823909
MGLROOVVYGGYLB-WKILWMFISA-N,2023,Ki,9.721246
MGOGLRASNXTNEH-BUHFOSPRSA-N,2003,Ki,9.251812
MGOGLRASNXTNEH-BUHFOSPRSA-N,2009,Ki,9.251812
MGPBHFVVGJDFMY-OXJNMPFZSA-N,2019,Ki,8.600326
MGPBHFVVGJDFMY-OXJNMPFZSA-N,2020,Ki,8.600326
MGPBHFVVGJDFMY-UHFFFAOYSA-N,2016,Ki,7.599980
MGPBHFVVGJDFMY-UHFFFAOYSA-N,2016,Ki,8.599980
MGPBHFVVGJDFMY-UHFFFAOYSA-N,2016,Ki,8.500038
MGPBHFVVGJDFMY-UHFFFAOYSA-N,2019,Ki,8.519993
MGPBHFVVGJDFMY-UHFFFAOYSA-N,2020,Ki,8.519993
MGPBHFVVGJDFMY-UZLBHIALSA-N,2019,Ki,7.580044
MGPBHFVVGJDFMY-UZLBHIALSA-N,2020,Ki,7.580044
MGPVNTUQZHCXQW-UHFFFAOYSA-N,2010,Ki,7.299989
MGPVNTUQZHCXQW-UHFFFAOYSA-N,2010,Ki,8.799971
MGPVNTUQZHCXQW-UHFFFAOYSA-N,2010,Ki,9.000000
MGQKWJNIGIMBFF-UHFFFAOYSA-N,2010,Ki,8.100015
MGRVYPIMNDNBRD-XUTJKUGGSA-N,2014,Ki,8.835647
MGRVYPIMNDNBRD-XUTJKUGGSA-N,2014,Ki,8.835647
MHFKMHGOYNDZEI-UHFFFAOYSA-N,2009,Ki,7.482540
MHGRSFGKSQVLIY-UHFFFAOYSA-N,2009,Ki,8.431798
MHNSOBBJZCWUGS-UHFFFAOYSA-N,2001,Ki,6.838632
MHNSOBBJZCWUGS-UHFFFAOYSA-N,2024,Ki,6.936291
MHNXSUUHELFLSP-UHFFFAOYSA-N,2010,EC50,8.987163
MHPHRNFSAZNRAT-UHFFFAOYSA-N,2010,Ki,8.199971
MHPQCGZBAVXCGA-GFCCVEGCSA-N,2005,Ki,7.230032
MHWQTAMSWKHOKQ-UHFFFAOYSA-N,2020,EC50,6.886057
MHYHDPMWTXPZLG-JKIUYZKVSA-N,2013,Ki,7.552842
MIEJOQGHYSYEFX-UHFFFAOYSA-N,2010,Ki,7.013676
MIJHJWKBEULNEE-YEMPIKNUSA-N,2020,Ki,8.958607
MIJHJWKBEULNEE-YEMPIKNUSA-N,2022,Ki,8.958607
MIVWTBCJCNWAEJ-UHFFFAOYSA-N,2021,Ki,5.000000
MIVWTBCJCNWAEJ-UHFFFAOYSA-N,2021,Ki,5.000000
MJAKYGLXMJNUID-UHFFFAOYSA-N,2007,Ki,8.096910
MJGBQWPHMBBNAH-SNAWJCMRSA-N,2013,Ki,8.508638
MJJALKDDGIKVBE-UHFFFAOYSA-N,,IC50,6.915066
MJJALKDDGIKVBE-UHFFFAOYSA-N,,Ki,7.384050
MJLHCRFMFPSGBF-UHFFFAOYSA-N,2008,Ki,7.400008
MJTGBGFLMDUFKD-UHFFFAOYSA-N,2015,Ki,9.406714
MJUZYNLBBPDZMI-QPPBQGQZSA-N,2016,Ki,8.480041
MJWAVTIYFCPJPE-MJGBDJQUSA-N,2021,Ki,8.161151
MJWITHOHGGKZJZ-UHFFFAOYSA-N,1997,Ki,6.772113
MJWITHOHGGKZJZ-UHFFFAOYSA-N,2005,Ki,6.770011
MKCVGRWVINXSAR-UHFFFAOYSA-N,2007,Ki,6.623423
MKCVGRWVINXSAR-UHFFFAOYSA-N,2007,EC50,7.006123
MKGANIZVJZGXEI-UHFFFAOYSA-N,2019,Ki,6.620006
MKJHGVZTPBBKML-UHFFFAOYSA-N,1998,Ki,7.247952
MKJHGVZTPBBKML-UHFFFAOYSA-N,2013,Ki,7.247952
MKKJVJCUFYKFLO-AQYVVDRMSA-N,2014,Ki,8.340084
MKKJVJCUFYKFLO-AQYVVDRMSA-N,2014,Ki,8.340084
MKKZZPATQDBJPJ-OUKQBFOZSA-N,2003,Ki,9.136677
MKNOKGDTUIIQRL-UHFFFAOYSA-N,2014,Ki,5.835053
MKRKVCYLRHDJLG-UHFFFAOYSA-N,2010,Ki,7.799971
MLCJDDIDLGWZFT-UHFFFAOYSA-N,2007,Ki,6.195179
MLGRCKZMFCALCK-UHFFFAOYSA-N,2008,Ki,7.400008
MLHOXJCQVSTIML-UHFFFAOYSA-N,2000,Ki,6.236572
MLHRKLZCJRKSHO-UHFFFAOYSA-N,2010,Ki,7.799971
MLHRKLZCJRKSHO-UHFFFAOYSA-N,2010,Ki,9.299989
MLHRKLZCJRKSHO-UHFFFAOYSA-N,2010,Ki,9.299989
MLHRKLZCJRKSHO-UHFFFAOYSA-N,2010,Ki,9.299989
MLKJSRUZFXLXTL-KESTWPANSA-N,2013,Ki,8.244125
MLKJSRUZFXLXTL-KESTWPANSA-N,2013,Ki,8.244125
MLMPITXUNSOGFE-UHFFFAOYSA-N,2003,Ki,6.446117
MLOKWLKRFPWEHA-UHFFFAOYSA-N,2017,Ki,6.779892
MLOKWLKRFPWEHA-UHFFFAOYSA-N,2018,Ki,6.779892
MLPGCAWHLVVATJ-UHFFFAOYSA-N,2015,Ki,6.698970
MLSIVBGRMUBBOL-NVXWUHKLSA-N,1997,Ki,8.000000
MLTDYDQBGQSVJK-LSTHTHJFSA-N,2021,Ki,6.974694
MLTDYDQBGQSVJK-PWIZWCRZSA-N,2021,Ki,7.655608
MLUHKGHTLUYKBS-UHFFFAOYSA-N,2007,Ki,8.549751
MLURUQHLUHYMEL-YVWKXTFCSA-N,2023,Ki,10.070581
MLUVBFQPCVSGBZ-LMTLIKQPSA-N,2009,Ki,7.400008
MLUVBFQPCVSGBZ-LMTLIKQPSA-N,2009,Ki,7.400008
MLWMWKMYRSHCPJ-UHFFFAOYSA-N,2011,IC50,5.818156
MMAVGOXTOMTHGO-UHFFFAOYSA-N,2008,Ki,8.199971
MMCFMTIBVMIETA-DJIMGWMZSA-N,2023,Ki,9.214670
MMHPZQOEUVHNBB-UHFFFAOYSA-N,2007,Ki,8.500038
MMNIVLFMZPOKNE-MXVIHJGJSA-N,2023,Ki,9.721246
MMNXTTQJJITNJJ-OAHLLOKOSA-N,1994,Ki,6.241845
MMTKBQGOVDOJAE-UHFFFAOYSA-N,1997,Ki,5.580044
MMTKBQGOVDOJAE-UHFFFAOYSA-N,2021,Ki,5.580044
MMWBGBOMWXSDFR-UHFFFAOYSA-N,2015,Ki,9.000000
MMWFSCPVPRCGOG-UHFFFAOYSA-N,2010,Ki,8.896196
MMZIPJNBJQJCBM-UHFFFAOYSA-N,1999,Ki,7.378824
MNAFRWGRFIBAQX-AVRDEDQJSA-N,2016,Ki,8.400008
MNAFRWGRFIBAQX-AVRDEDQJSA-N,2016,Ki,8.040005
MNAFRWGRFIBAQX-GCJKJVERSA-N,2016,Ki,9.199971
MNAFRWGRFIBAQX-GCJKJVERSA-N,2016,Ki,8.779892
MNAFRWGRFIBAQX-GCJKJVERSA-N,2016,Ki,9.140022
MNAFRWGRFIBAQX-PGRDOPGGSA-N,2016,Ki,6.890017
MNAFRWGRFIBAQX-XMSQKQJNSA-N,2016,Ki,7.910095
MNCAUYFDXJSKPL-UHFFFAOYSA-N,2022,Ki,5.064200
MNCAUYFDXJSKPL-UHFFFAOYSA-N,2022,Ki,5.060000
MNHDKMDLOJSCGN-UHFFFAOYSA-N,2002,Ki,8.853872
MNHDKMDLOJSCGN-UHFFFAOYSA-N,2002,EC50,8.744727
MNHDKMDLOJSCGN-UHFFFAOYSA-N,2003,Ki,9.036212
MNHDKMDLOJSCGN-UHFFFAOYSA-N,2005,EC50,8.568636
MNHDKMDLOJSCGN-UHFFFAOYSA-N,2005,Ki,8.886057
MNHDKMDLOJSCGN-UHFFFAOYSA-N,2005,Ki,9.036212
MNHDKMDLOJSCGN-UHFFFAOYSA-N,2005,IC50,8.522879
MNHDKMDLOJSCGN-UHFFFAOYSA-N,2005,IC50,8.744727
MNHDKMDLOJSCGN-UHFFFAOYSA-N,2005,IC50,7.251812
MNHDKMDLOJSCGN-UHFFFAOYSA-N,2005,EC50,8.522879
MNHDKMDLOJSCGN-UHFFFAOYSA-N,2005,Ki,8.337242
MNHDKMDLOJSCGN-UHFFFAOYSA-N,2005,Kd,7.799971
MNHDKMDLOJSCGN-UHFFFAOYSA-N,2006,Ki,8.886057
MNHDKMDLOJSCGN-UHFFFAOYSA-N,2006,EC50,8.744727
MNHDKMDLOJSCGN-UHFFFAOYSA-N,2007,Ki,8.849858
MNHDKMDLOJSCGN-UHFFFAOYSA-N,2007,Ki,9.040959
MNHDKMDLOJSCGN-UHFFFAOYSA-N,2009,Ki,8.853872
MNHDKMDLOJSCGN-UHFFFAOYSA-N,2011,Ki,9.522879
MNHDKMDLOJSCGN-UHFFFAOYSA-N,2013,Ki,9.045757
MNHDKMDLOJSCGN-UHFFFAOYSA-N,2014,IC50,7.886057
MNHDKMDLOJSCGN-UHFFFAOYSA-N,2016,Ki,9.173925
MNHDKMDLOJSCGN-UHFFFAOYSA-N,2020,Ki,8.508638
MNHDKMDLOJSCGN-UHFFFAOYSA-N,2021,Ki,8.896196
MNHDKMDLOJSCGN-UHFFFAOYSA-N,2024,Ki,8.655019
MNHUYGGZIREYSK-UHFFFAOYSA-N,2017,Ki,7.537602
MNHUYGGZIREYSK-UHFFFAOYSA-N,2018,Ki,7.537602
MNPQCNYHSBXSTH-UHFFFAOYSA-N,2017,Ki,7.886057
MNPQCNYHSBXSTH-UHFFFAOYSA-N,2018,Ki,7.886057
MNRVQQMXCSSSJO-UHFFFAOYSA-N,2019,Ki,9.070070
MNRVQQMXCSSSJO-UHFFFAOYSA-N,2020,Ki,9.070070
MNUMQOWSJLDQOS-QGZVFWFLSA-N,2003,Ki,7.481486
MNUMQOWSJLDQOS-QGZVFWFLSA-N,2003,Ki,7.468521
MNVDCQLMHFFYCU-UHFFFAOYSA-N,2012,Ki,7.080922
MNVDCQLMHFFYCU-UHFFFAOYSA-N,2021,Ki,7.086186
MNVXJRRRFDLIDB-UHFFFAOYSA-N,1998,IC50,7.142668
MNXNYFBCTGEMEN-IYARVYRRSA-N,2016,Ki,9.795880
MNZXCYDDVWTITD-UHFFFAOYSA-N,2004,Ki,5.740406
MOBMWPPSJIZIKV-OKDASEJXSA-N,2014,Ki,8.571865
MOBMWPPSJIZIKV-OKDASEJXSA-N,2014,Ki,8.571865
MOBPOBWCTFHVAW-WVPZODRTSA-N,2003,Ki,8.599980
MODBIBJHAWXYOZ-LLVKDONJSA-N,2021,Kd,10.588380
MOEOMZHUFXSZAA-KNQAVFIVSA-N,2017,Ki,9.050610
MOHZYINNROZMOQ-YLIUREIVSA-N,2014,Ki,8.271646
MOHZYINNROZMOQ-YLIUREIVSA-N,2014,Ki,8.271646
MOIAIVHWYHJNIE-ROUUACIJSA-N,2017,Ki,8.821023
MOINQXFCUHCNNN-SAABIXHNSA-N,2014,Ki,8.389340
MOINQXFCUHCNNN-SAABIXHNSA-N,2014,Ki,8.389340
MONABEPWKHXIEW-UHFFFAOYSA-N,2006,Ki,8.602060
MONYXZRGXBZUEX-UHFFFAOYSA-N,2007,Ki,5.671620
MOUIWMOQLHUNKH-UHFFFAOYSA-N,2020,EC50,5.455932
MOZKRTYYLZZUTA-UHFFFAOYSA-N,2016,Ki,5.571865
MPDFDNDIHGRXBJ-UHFFFAOYSA-N,2002,Ki,7.744727
MPHMCUFLRDUBRA-JTQLQIEISA-N,2021,Ki,9.365523
MPKOEBIUVHSEOH-ZVWHWTBFSA-N,2023,Ki,9.522879
MPLFOTCUGHQPTL-UHFFFAOYSA-N,2001,Ki,5.835647
MPNCNHGPKFXJQG-QAQDUYKDSA-N,2022,Ki,10.236572
MPRKJVQRTVEJJH-UHFFFAOYSA-N,2019,Ki,7.651695
MPRKJVQRTVEJJH-UHFFFAOYSA-N,2019,Ki,7.832683
MPRKJVQRTVEJJH-UHFFFAOYSA-N,2023,IC50,6.168706
MPRVFPKBKLXAAW-UHFFFAOYSA-N,2002,Ki,7.744727
MPTLULQFGUQHHY-JLHYYAGUSA-N,2003,Ki,9.301030
MPTVODVQFOZFHF-RZDIXWSQSA-N,2014,Ki,8.097997
MPTVODVQFOZFHF-RZDIXWSQSA-N,2014,Ki,8.097997
MPWWGTFDWDZHRM-UHFFFAOYSA-N,2014,Ki,9.154902
MPXAUEBSMOIQSB-UHFFFAOYSA-N,2014,Ki,7.481486
MPYBYEHRQXVCIP-ONEGZZNKSA-N,2005,Ki,8.677781
MPYBYEHRQXVCIP-ONEGZZNKSA-N,2005,Ki,8.677781
MPYBYEHRQXVCIP-ONEGZZNKSA-N,2005,Ki,8.148130
MPYBYEHRQXVCIP-ONEGZZNKSA-N,2005,IC50,7.728158
MPYBYEHRQXVCIP-ONEGZZNKSA-N,2009,IC50,7.728158
MPYBYEHRQXVCIP-ONEGZZNKSA-N,2009,Ki,8.675718
MQCABDUKZLMPQP-UHFFFAOYSA-N,2006,Ki,7.669586
MQDDJWTVOBHYHX-UHFFFAOYSA-N,2016,Ki,6.372634
MQDDJWTVOBHYHX-UHFFFAOYSA-N,2020,Ki,6.372634
MQHVJCAEBAKURM-KOMQPUFPSA-N,2014,Ki,7.700057
MQHVJCAEBAKURM-KOMQPUFPSA-N,2014,Ki,7.700057
MQISIMYBHGTURV-UHFFFAOYSA-N,2010,Ki,7.100015
MQJQYLQPSMPNAA-UHFFFAOYSA-N,2020,EC50,8.301030
MQJQYLQPSMPNAA-UHFFFAOYSA-N,2023,EC50,8.301030
MQJQYLQPSMPNAA-UHFFFAOYSA-N,2023,EC50,8.301030
MQRWFRAFKLPMBJ-UHFFFAOYSA-N,2003,Ki,5.000000
MQWDTDMXDZXQGS-UHFFFAOYSA-N,2014,Ki,6.872895
MQWDTDMXDZXQGS-UHFFFAOYSA-N,2017,Ki,6.872895
MQWDTDMXDZXQGS-UHFFFAOYSA-N,2018,Ki,6.872895
MQXNRLRUBRWERN-FQEVSTJZSA-N,2021,Ki,7.812479
MRDMJUCFOGSUEW-YGHRGLEHSA-N,2023,Ki,9.036212
MRFCADRSWRCQFQ-UHFFFAOYSA-N,2016,Ki,8.599980
MRFCADRSWRCQFQ-UHFFFAOYSA-N,2019,Ki,8.590067
MRFCADRSWRCQFQ-UHFFFAOYSA-N,2020,Ki,8.590067
MRFLPGUUAPCTFB-RDGATRHJSA-N,2016,Ki,8.480041
MRMFTAYATXSTSO-UHFFFAOYSA-N,2017,Ki,8.455932
MRMFTAYATXSTSO-UHFFFAOYSA-N,2018,Ki,8.455932
MROOSUHVJZSQKG-AFARHQOCSA-N,2020,Ki,9.292430
MROOSUHVJZSQKG-AFARHQOCSA-N,2020,Ki,9.292430
MRPSJMYYRAZZKV-UHFFFAOYSA-N,2015,Ki,5.942848
MRTGFGPKFPAWBT-KESTWPANSA-N,2020,Ki,8.130768
MRTGFGPKFPAWBT-KESTWPANSA-N,2022,Ki,8.130768
MRZXGFAYAQXVTL-UHFFFAOYSA-N,2013,Ki,8.045757
MSFHSIRZEOQLNY-UHFFFAOYSA-N,2019,Ki,7.595166
MSHSWAFZASVUIU-AWKDPZSRSA-N,2003,Ki,8.799971
MSHUBKLFRWFTKI-HSZRJFAPSA-N,2014,Ki,8.000000
MSHUBKLFRWFTKI-HSZRJFAPSA-N,2014,Ki,8.059982
MSNNKJFHFNWHFR-AQYVVDRMSA-N,2020,Ki,10.920819
MSNNKJFHFNWHFR-AQYVVDRMSA-N,2022,Ki,10.920819
MSQRTETUBFIHMP-UHFFFAOYSA-N,2002,IC50,7.849858
MSXGPWPTXORIBR-UHFFFAOYSA-N,2010,Ki,7.367543
MTASNPVDMSIQLV-BRLLKYFNSA-N,2008,Ki,6.365523
MTDYDDJVCIHZKH-UHFFFAOYSA-N,2024,Ki,6.318750
MTEACUBKWDTOSU-KZNAEPCWSA-N,2023,Ki,9.075721
MTGUKBVSRDTGQB-DTQAZKPQSA-N,2003,Ki,7.991400
MTHGNUDPACETSB-HMRCJKRNSA-N,2023,Ki,9.853872
MTISMBMXUZQJJC-UHFFFAOYSA-N,2020,EC50,6.552842
MTISNBALOIDBIX-UHFFFAOYSA-N,2019,Ki,7.602060
MTJDLXLLSRKTMU-HZCBDIJESA-N,2013,Ki,6.922996
MTJYJBYKMIGLMS-NSCUHMNNSA-N,2007,Ki,8.795880
MTJYJBYKMIGLMS-NSCUHMNNSA-N,2007,IC50,7.591760
MTJYJBYKMIGLMS-NSCUHMNNSA-N,2014,Ki,8.795880
MTJYJBYKMIGLMS-NSCUHMNNSA-N,2014,IC50,7.591760
MTJYJBYKMIGLMS-NSCUHMNNSA-N,2014,Ki,8.795880
MTJYJBYKMIGLMS-NSCUHMNNSA-N,2014,IC50,7.591760
MTKHCEFATKQYMK-UHFFFAOYSA-N,1999,IC50,7.283997
MTNHSFFTMCIWEW-UHFFFAOYSA-N,2017,Ki,7.712198
MTNHSFFTMCIWEW-UHFFFAOYSA-N,2018,Ki,7.712198
MTSRJJUOIYINNP-UHFFFAOYSA-N,2008,EC50,10.221849
MTTJOZOOUCZVHO-LFPIHBKWSA-N,2021,Ki,5.944400
MTTJOZOOUCZVHO-LFPIHBKWSA-N,2021,Ki,5.959999
MTTJOZOOUCZVHO-LFPIHBKWSA-N,2023,Ki,5.944240
MTZVFISNUGZYGT-UHFFFAOYSA-N,2015,Ki,8.669586
MUAYITOFLINYIL-UHFFFAOYSA-N,2001,IC50,6.010105
MUBFHRQVIYYBCR-UHFFFAOYSA-N,1999,Ki,8.100015
MUGIIZXLOBYZRQ-UHFFFAOYSA-N,1999,Ki,8.387216
MULLDMIPFVHJIA-UHFFFAOYSA-N,1998,Ki,7.303644
MUMVCUPHGPDDKM-UHFFFAOYSA-N,2008,Ki,4.823909
MUNJPNWHOINDKG-KESTWPANSA-N,2014,Ki,8.910095
MUNJPNWHOINDKG-KESTWPANSA-N,2014,Ki,8.910095
MUPRCNAECHSDLY-UHFFFAOYSA-N,2015,Ki,8.537602
MUTWETFLNKEWCG-UHFFFAOYSA-N,2019,Ki,5.886057
MUUSXXFKLPMJKL-IYARVYRRSA-N,2023,Ki,8.026872
MUUSXXFKLPMJKL-IYARVYRRSA-N,2023,EC50,8.789949
MUUSXXFKLPMJKL-IYARVYRRSA-N,2023,EC50,8.785156
MUVDWLPPMXZXRR-XJKSGUPXSA-N,1994,Ki,7.397940
MUVLUHKHFQKISJ-UHFFFAOYSA-N,2002,Ki,7.221849
MVKKLGNVARQKRP-UHFFFAOYSA-N,2008,Ki,6.799150
MVNMMDGTQIXAJK-HZCBDIJESA-N,2013,Ki,7.970616
MVSPKSXZRIYQCT-UHFFFAOYSA-N,2006,Ki,7.008774
MVUXSAGLLJPWRN-UHFFFAOYSA-N,2019,EC50,5.552532
MVVKKFHFADVKMW-UHFFFAOYSA-N,2021,Ki,7.634512
MVWVFYHBGMAFLY-UHFFFAOYSA-N,2004,Ki,8.124939
MVWVFYHBGMAFLY-UHFFFAOYSA-N,2001,Ki,8.000000
MVWVFYHBGMAFLY-UHFFFAOYSA-N,2007,Ki,8.199971
MVWVFYHBGMAFLY-UHFFFAOYSA-N,2008,Ki,8.142668
MVWVFYHBGMAFLY-UHFFFAOYSA-N,2013,Ki,8.142668
MVXQZFLJPQIVSR-UHFFFAOYSA-N,2017,Ki,7.474955
MVXQZFLJPQIVSR-UHFFFAOYSA-N,2018,Ki,7.474955
MWAPGIGSNBMUAD-CCPXZDFDSA-N,2017,Ki,9.229148
MWHOEMHDLWMJAP-UHFFFAOYSA-N,2023,Ki,7.036212
MWLMSEXRHBMQDW-UHFFFAOYSA-N,2007,Ki,7.470057
MWMCOQFLGVOAHE-MEMLXQNLSA-N,2013,Ki,7.826814
MWNDNCSVRWMPJK-AQYVVDRMSA-N,2020,Ki,7.958607
MWNDNCSVRWMPJK-AQYVVDRMSA-N,2022,Ki,7.958607
MWNMVEFIIAOCJG-UHFFFAOYSA-N,2013,Ki,7.935542
MWNWERUECAJGJC-UHFFFAOYSA-N,2021,Ki,6.639994
MWNWERUECAJGJC-UHFFFAOYSA-N,2021,Kd,10.588380
MWNWERUECAJGJC-UHFFFAOYSA-N,2021,EC50,5.979999
MWTBCJINTAEULL-UHFFFAOYSA-N,2009,Ki,6.199998
MWULMTACIBZPGN-UHFFFAOYSA-N,2024,Ki,6.114701
MWUMXOQHNPRQCI-UHFFFAOYSA-N,2009,Ki,5.380000
MWVBXJPHOJRHOA-UHFFFAOYSA-N,2016,Ki,6.632644
MWVBXJPHOJRHOA-UHFFFAOYSA-N,2016,Ki,6.599998
MWXWYXYVNMABPU-UAPYVXQJSA-N,2022,Ki,9.886057
MWYSFMDHBGHGSI-UHFFFAOYSA-N,2020,Ki,9.958607
MWYSFMDHBGHGSI-UHFFFAOYSA-N,2022,Ki,9.958607
MXCLECXWSGNJLS-UHFFFAOYSA-N,2009,Ki,8.899974
MXDNCXSBIMPXLA-UHFFFAOYSA-N,1999,Ki,8.000000
MXGQNMMTNCYAQF-UHFFFAOYSA-N,1996,Ki,9.148742
MXJQVJALKSFQKU-UHFFFAOYSA-N,1999,Ki,6.823909
MXKOYALXZMWGCQ-UHFFFAOYSA-N,2017,Ki,6.886057
MXKOYALXZMWGCQ-UHFFFAOYSA-N,2018,Ki,6.886057
MXKZBMGRCYCKSV-UHFFFAOYSA-N,2021,Ki,7.065502
MXKZBMGRCYCKSV-UHFFFAOYSA-N,2021,Ki,7.059982
MXPOQDYZUGUMLL-UHFFFAOYSA-N,2014,Ki,9.045757
MXTNBQDJIBGONA-UHFFFAOYSA-N,2021,Ki,5.649752
MXYJVPGKILUPBU-UHFFFAOYSA-N,2008,Ki,7.700057
MYAGOYYEDQFEPL-DUXPYHPUSA-N,2007,Ki,8.958607
MYAGOYYEDQFEPL-DUXPYHPUSA-N,2007,IC50,8.920819
MYAGOYYEDQFEPL-DUXPYHPUSA-N,2014,Ki,8.958607
MYAGOYYEDQFEPL-DUXPYHPUSA-N,2014,IC50,8.920819
MYAGOYYEDQFEPL-DUXPYHPUSA-N,2014,Ki,8.958607
MYAGOYYEDQFEPL-DUXPYHPUSA-N,2014,IC50,8.920819
MYFHADFSNRZMLH-UHFFFAOYSA-N,2006,Ki,6.381952
MYGPMZFDKMFNEY-UHFFFAOYSA-N,2010,Ki,7.552842
MYIVBWHBNPYKLU-UHFFFAOYSA-N,2016,Ki,8.500038
MYIVBWHBNPYKLU-UHFFFAOYSA-N,2019,Ki,8.530178
MYIVBWHBNPYKLU-UHFFFAOYSA-N,2020,Ki,8.530178
MYMOYRKEPVSSAG-UHFFFAOYSA-N,2021,Ki,5.681937
MZBZALUTJALVLT-WKILWMFISA-N,2016,Ki,9.568636
MZCVVBNYRQNALN-UHFFFAOYSA-N,1998,IC50,6.494850
MZDWSPIRGJHBII-UHFFFAOYSA-N,2021,Ki,7.759950
MZDWSPIRGJHBII-UHFFFAOYSA-N,2021,EC50,6.989997
MZFAZCYLMYZDDU-UHFFFAOYSA-N,2017,Ki,7.318759
MZKIMVRXOFRAQO-UHFFFAOYSA-N,2022,Ki,6.107905
MZORJBGOVRTVQW-UHFFFAOYSA-N,2003,Ki,5.000000
MZWZBBXJJVDOHO-UHFFFAOYSA-N,2020,EC50,6.148742
MZWZBBXJJVDOHO-UHFFFAOYSA-N,2023,EC50,6.148742
MZYJTTCCTJDSIK-WGSAOQKQSA-N,2020,Ki,9.259637
MZYJTTCCTJDSIK-WGSAOQKQSA-N,2022,Ki,9.259637
NAAVWXMUUSRPCW-UHFFFAOYSA-N,2009,Ki,8.899974
NABHHUMHJIHHIX-KRWDZBQOSA-N,2009,IC50,8.180456
NABHHUMHJIHHIX-KRWDZBQOSA-N,2009,Ki,7.779892
NABHHUMHJIHHIX-KRWDZBQOSA-N,2014,Ki,8.408935
NABHHUMHJIHHIX-KRWDZBQOSA-N,2017,Ki,7.779892
NABHHUMHJIHHIX-QGZVFWFLSA-N,2009,IC50,7.739929
NABHHUMHJIHHIX-QGZVFWFLSA-N,2009,Ki,8.950782
NABHHUMHJIHHIX-QGZVFWFLSA-N,2011,Ki,8.537602
NABHHUMHJIHHIX-QGZVFWFLSA-N,2014,Ki,9.275724
NABHHUMHJIHHIX-QGZVFWFLSA-N,2015,Ki,9.275724
NABHHUMHJIHHIX-QGZVFWFLSA-N,2017,Ki,8.950782
NABHHUMHJIHHIX-UHFFFAOYSA-N,2009,IC50,7.524329
NABHHUMHJIHHIX-UHFFFAOYSA-N,2009,Ki,8.856985
NABHHUMHJIHHIX-UHFFFAOYSA-N,2011,IC50,6.305395
NABHHUMHJIHHIX-UHFFFAOYSA-N,2014,Ki,8.725842
NABHHUMHJIHHIX-UHFFFAOYSA-N,2014,Ki,8.721246
NABHHUMHJIHHIX-UHFFFAOYSA-N,2015,Ki,8.725842
NABHHUMHJIHHIX-UHFFFAOYSA-N,2015,Ki,8.725842
NABHHUMHJIHHIX-UHFFFAOYSA-N,2015,IC50,7.522879
NABHHUMHJIHHIX-UHFFFAOYSA-N,2014,Ki,9.045757
NABHHUMHJIHHIX-UHFFFAOYSA-N,2014,Ki,8.958607
NABHHUMHJIHHIX-UHFFFAOYSA-N,2014,Ki,7.782516
NABHHUMHJIHHIX-UHFFFAOYSA-N,2014,Ki,9.045757
NABHHUMHJIHHIX-UHFFFAOYSA-N,2014,Ki,8.958607
NABHHUMHJIHHIX-UHFFFAOYSA-N,2014,Ki,7.782516
NABRVDOPGSXUEG-UHFFFAOYSA-N,2015,Ki,7.598599
NAFIXABLSKOHPB-UHFFFAOYSA-N,2008,Ki,6.799998
NAGHKDZEWLQUKZ-UAPYVXQJSA-N,2022,Ki,9.187087
NAIGOHVHPOGNLZ-UHFFFAOYSA-N,2011,Ki,4.769551
NAUFGONVBIOHQY-WKILWMFISA-N,2023,Ki,9.200659
NAWFUJBIFOJDRO-UHFFFAOYSA-N,2022,Ki,6.470005
NBCNQEXSFAAUHI-UHFFFAOYSA-N,2002,Ki,8.022276
NBGJODUAUISAEF-UHFFFAOYSA-N,1996,Ki,9.180456
NBJHQMZILODBNP-UHFFFAOYSA-N,2017,Ki,6.928118
NBJHQMZILODBNP-UHFFFAOYSA-N,2018,Ki,6.928118
NBKJTOGTVMGTOS-MXVIHJGJSA-N,2013,Ki,7.812479
NBMBMTFMWYKPHV-UHFFFAOYSA-N,1997,Ki,7.346787
NBSPIYLVJWAETB-UHFFFAOYSA-N,2021,Ki,6.188760
NBSPIYLVJWAETB-UHFFFAOYSA-N,2021,Ki,6.230003
NBVOTNJROVCMMX-UHFFFAOYSA-N,1997,Ki,6.060481
NBWWBMWMDFWWPB-XGAFWQRZSA-N,2013,Ki,8.096910
NBWWBMWMDFWWPB-XGAFWQRZSA-N,2013,Ki,8.096910
NBXGUYASUMJQNP-UHFFFAOYSA-N,2020,EC50,6.326058
NBXGUYASUMJQNP-UHFFFAOYSA-N,2023,EC50,6.326058
NBYFBVZSSQUNTB-UHFFFAOYSA-N,2010,Ki,7.199971
NCDNWTYTZTXJIU-UHFFFAOYSA-N,2009,Ki,7.299989
NCDNWTYTZTXJIU-UHFFFAOYSA-N,2009,Ki,7.299989
NCIZVSJVBWAJQR-UHFFFAOYSA-N,2014,Ki,8.229148
NCKGSESQGZBZQN-UHFFFAOYSA-N,2000,Ki,5.214670
NCKUNUUYANLHKE-UHFFFAOYSA-N,2016,Ki,7.481486
NCKUNUUYANLHKE-UHFFFAOYSA-N,2016,Ki,7.500038
NCNQTLANEBMAPM-UHFFFAOYSA-N,2021,Ki,7.928118
NCNRFJGBWYGCDE-HMRCJKRNSA-N,2023,Ki,10.356547
NCTMTTCLCOVETH-UHFFFAOYSA-N,1997,Ki,6.900009
NCWGEGAYIHJRDE-UHFFFAOYSA-N,2019,Ki,7.047208
NCXOQBJDZLIEBD-OVPUFTJJSA-N,2022,Ki,8.721246
NCXRDDKPZUSAQF-QRTMHTFLSA-N,2009,Ki,8.299989
NCXRDDKPZUSAQF-QRTMHTFLSA-N,2009,Ki,8.299989
NCXZEVAISDJVIG-UHFFFAOYSA-N,2001,Ki,6.557520
NDOUOJYZWZVNBL-UHFFFAOYSA-N,2006,Ki,7.889410
NDSKONMZWSLWOI-UHFFFAOYSA-N,2016,Ki,9.045757
NDXLOOJPKINORE-UHFFFAOYSA-N,2023,Ki,9.091515
NECJNLXOJRDELU-UHFFFAOYSA-N,2007,Ki,9.100015
NEDWSVCVHMJKSZ-UHFFFAOYSA-N,2011,Ki,9.677781
NEDWSVCVHMJKSZ-UHFFFAOYSA-N,2011,EC50,8.638272
NEGKSWMIZLWJGG-UHFFFAOYSA-N,2015,Ki,7.515700
NEIFIHLUPPCEQL-AFARHQOCSA-N,2023,Ki,9.823909
NEMHKCNXXRQYRF-UHFFFAOYSA-N,2024,Ki,5.550850
NERCWRWKDLNUBZ-UHFFFAOYSA-N,2019,Ki,7.866461
NEUFWHZAVWYYSZ-UHFFFAOYSA-N,2001,IC50,6.341035
NEVZTCJUOYESGL-RZJSWYKGSA-N,2023,Ki,9.853872
NEVZTCJUOYESGL-RZJSWYKGSA-N,2023,Ki,9.853872
NFBNIRNKYJTDIE-UHFFFAOYSA-N,2001,IC50,6.467246
NFCAJYXEMNIWPF-UHFFFAOYSA-N,2021,Ki,6.417369
NFCAJYXEMNIWPF-UHFFFAOYSA-N,2021,Ki,6.399997
NFIANDWIUXYLJZ-AVRDEDQJSA-N,2016,Ki,7.819874
NFIANDWIUXYLJZ-GCJKJVERSA-N,2016,Ki,8.439974
NFIBVHPLILJWFU-UHFFFAOYSA-N,2000,Ki,5.853872
NFRIERLNKMVOKN-UHFFFAOYSA-N,1999,Ki,6.076238
NFSPCYDPWHESER-UHFFFAOYSA-N,2016,EC50,7.423659
NFWRARMIHODAKJ-UHFFFAOYSA-N,2011,IC50,6.744727
NGCKUAWDNUFNBB-UHFFFAOYSA-N,2015,Ki,7.795880
NGCKUAWDNUFNBB-UHFFFAOYSA-N,2017,Ki,8.721246
NGHDXYJXIZZENU-YONZVVFSSA-N,2014,Ki,8.742321
NGHDXYJXIZZENU-YONZVVFSSA-N,2014,Ki,8.742321
NGVUDBRNEJJAEO-UHFFFAOYSA-N,2010,Ki,6.799998
NGYBPNLJOPBUPK-WKILWMFISA-N,2020,Ki,9.045757
NGYBPNLJOPBUPK-WKILWMFISA-N,2022,Ki,9.045757
NHDFEXRNVMOWCZ-UHFFFAOYSA-N,2017,Ki,7.154902
NHDFEXRNVMOWCZ-UHFFFAOYSA-N,2017,EC50,7.102373
NHDILTZHICULAX-UHFFFAOYSA-N,2010,Ki,7.000000
NHLHTGDNMWUOMW-UHFFFAOYSA-N,2017,Ki,8.638272
NHOFKPNSQTXBJO-HCGLCNNCSA-N,2014,Ki,8.214670
NHOFKPNSQTXBJO-HCGLCNNCSA-N,2014,Ki,8.214670
NHPZGAKHYOUQRR-LBZQVFOQSA-N,2014,Ki,8.561299
NHPZGAKHYOUQRR-LBZQVFOQSA-N,2014,Ki,8.561299
NHQVWADCZMCLLL-MYKGNVCDSA-N,2014,Ki,8.395774
NHQVWADCZMCLLL-MYKGNVCDSA-N,2014,Ki,8.395774
NHXMQVWYTNNGDO-YOCNBXQISA-N,2022,Ki,8.397940
NHYBCEUNQSZDRF-UHFFFAOYSA-N,2006,Ki,5.537602
NIACINIBVJMBGI-UHFFFAOYSA-N,2016,Ki,6.876148
NIASBGFPTRNZRV-FCMXBYMOSA-N,2014,Ki,8.221849
NIASBGFPTRNZRV-FCMXBYMOSA-N,2014,Ki,8.221849
NIBPDBNUZFUPIR-IYARVYRRSA-N,2020,Ki,9.698970
NICPNELNWYJWOA-AFARHQOCSA-N,2013,Ki,8.210419
NICPNELNWYJWOA-AFARHQOCSA-N,2013,Ki,8.210419
NIENYVQCIJZKMD-UHFFFAOYSA-N,2016,Ki,8.496209
NIENYVQCIJZKMD-UHFFFAOYSA-N,2016,IC50,6.376751
NIFGQHGFOUMQJN-KCWPFWIISA-N,2016,Ki,10.169989
NIFGQHGFOUMQJN-KCWPFWIISA-N,2016,Ki,10.154902
NIFGQHGFOUMQJN-KCWPFWIISA-N,2016,Ki,9.720105
NIIYYNMLJBPZMZ-JKSUJKDBSA-N,2023,Ki,9.886057
NIIZBIHFOWYVTO-GNWSRGIHSA-N,2020,Ki,9.886057
NIIZBIHFOWYVTO-GNWSRGIHSA-N,2022,Ki,9.886057
NIJWMLBNDUWVQH-IYARVYRRSA-N,2023,Ki,10.080922
NIMADOZRRAVFFL-UHFFFAOYSA-N,1999,Ki,4.508638
NIMQPLYMAJLLNI-LJQANCHMSA-N,2014,Ki,7.481486
NIMQPLYMAJLLNI-LJQANCHMSA-N,2014,Ki,7.489991
NIWKHEZQCOEGDD-UHFFFAOYSA-N,1996,Ki,6.573489
NIWKHEZQCOEGDD-UHFFFAOYSA-N,1997,Ki,6.599998
NIWPZKYAFLVDMU-KYJSFNMBSA-N,2014,Ki,6.299296
NJDDOYGAHXQMEQ-AWEZNQCLSA-N,2002,Ki,7.091515
NJDDOYGAHXQMEQ-CQSZACIVSA-N,2002,Ki,9.397940
NJDDOYGAHXQMEQ-UHFFFAOYSA-N,2002,Ki,9.000000
NJEUWDQVSSOGDD-UHFFFAOYSA-N,2013,Ki,8.537602
NJOGRMMAMLWHAA-UHFFFAOYSA-N,2015,Ki,7.853872
NJTHDWRTKWUXOY-UHFFFAOYSA-N,2013,Ki,6.698970
NJUGOZRVZRFICX-UHFFFAOYSA-N,2023,Ki,7.468521
NJUHOBFYJCKTIZ-UHFFFAOYSA-N,2017,Ki,7.131944
NJUHOBFYJCKTIZ-UHFFFAOYSA-N,2018,Ki,7.131944
NJWJNUICFXYOOZ-UHFFFAOYSA-N,2019,Ki,7.560667
NJWJNUICFXYOOZ-UHFFFAOYSA-N,2020,Ki,7.560667
NKANXQFJJICGDU-QPLCGJKRSA-N,,IC50,5.969805
NKANXQFJJICGDU-QPLCGJKRSA-N,,Ki,6.438899
NKFOMNCXPUBCJT-UHFFFAOYSA-N,2021,IC50,5.430000
NKIKKVIRCFKCOG-FXCIWXGGSA-N,2014,Ki,7.767004
NKIKKVIRCFKCOG-FXCIWXGGSA-N,2014,Ki,7.767004
NKIUMOVWDJZMRB-UHFFFAOYSA-N,2010,Ki,7.500038
NKIUMOVWDJZMRB-UHFFFAOYSA-N,2010,Ki,8.199971
NKIUMOVWDJZMRB-UHFFFAOYSA-N,2010,Ki,8.899974
NKLZWGMWROXIDH-UHFFFAOYSA-N,2001,Ki,7.638272
NKNTXYMZEFEUNK-HNNXBMFYSA-N,2003,Ki,5.537602
NKNTXYMZEFEUNK-HNNXBMFYSA-N,2003,Ki,5.060481
NKONARVCMJMDHP-UHFFFAOYSA-N,1999,Ki,8.199971
NKQAJKSSUARMMF-XUTJKUGGSA-N,2014,Ki,8.913640
NKQAJKSSUARMMF-XUTJKUGGSA-N,2014,Ki,8.913640
NKTVBRDNDSHOST-IRJFHVNHSA-N,2023,Ki,9.070581
NKVMKOOELRVUPV-UHFFFAOYSA-N,2007,Ki,6.180456
NKXNHLUEJJOLJS-UHFFFAOYSA-N,2016,Ki,5.783834
NKXNHLUEJJOLJS-UHFFFAOYSA-N,2016,Ki,5.800001
NLDBOKLMUAUKIM-UHFFFAOYSA-N,2007,Ki,7.059982
NLDGWRVWWZGYFC-CTTUZFCVSA-N,2014,Ki,8.653647
NLDGWRVWWZGYFC-CTTUZFCVSA-N,2014,Ki,8.653647
NLEQSFUEJXECJY-UHFFFAOYSA-N,2012,Ki,6.680270
NLRLHXJCWYCRGC-XXBNENTESA-N,2016,Ki,7.339989
NLRLHXJCWYCRGC-XXBNENTESA-N,2016,Ki,7.669992
NLTDKVOJLVQOQL-UHFFFAOYSA-N,2016,Ki,7.267606
NMALCZJKSYZTRE-UHFFFAOYSA-N,2016,Ki,7.142668
NMEPMLDUQJFQOK-KCWPFWIISA-N,2016,Ki,9.739929
NMEPMLDUQJFQOK-KCWPFWIISA-N,2016,Ki,9.439974
NMGWKXZSQCGGGA-ZWKOTPCHSA-N,2023,IC50,7.958607
NMGWKXZSQCGGGA-ZWKOTPCHSA-N,2023,Ki,8.022276
NMOIRTBGCJKGJY-UHFFFAOYSA-N,1995,Ki,8.199971
NMWYMABDXNLKFE-UHFFFAOYSA-N,2022,Ki,5.389404
NMWYMABDXNLKFE-UHFFFAOYSA-N,2022,Ki,5.389446
NMXGNEXAVXBXLG-UHFFFAOYSA-N,2021,IC50,5.490000
NMYFWYJLWVJPAQ-UHFFFAOYSA-N,2023,Ki,4.928118
NMYFWYJLWVJPAQ-UHFFFAOYSA-N,2023,IC50,5.173925
NNCCKSDTBPBUII-AQYVVDRMSA-N,2023,Ki,9.107905
NNCTXKNNQUMOPC-RYORKLGYSA-N,2009,Ki,7.700057
NNCTXKNNQUMOPC-RYORKLGYSA-N,2009,Ki,7.700057
NNECCFXSSVWBTA-XUTJKUGGSA-N,2013,Ki,7.417937
NNGCPQMNTNEUCA-UHFFFAOYSA-N,2023,Ki,5.313364
NNGCPQMNTNEUCA-UHFFFAOYSA-N,2023,IC50,5.072630
NNGCXJPRHBHODU-UHFFFAOYSA-N,1999,Ki,5.408935
NNGXRRFVMCSLCM-CYBMUJFWSA-N,1995,Ki,6.920819
NNGXRRFVMCSLCM-ZDUSSCGKSA-N,1995,Ki,7.823909
NNHUSJMVRFFWKB-UHFFFAOYSA-N,2023,Ki,6.006123
NNIDXNUKZKKKGS-UHFFFAOYSA-N,2016,Ki,7.599980
NNIDXNUKZKKKGS-UHFFFAOYSA-N,2019,Ki,7.619789
NNIDXNUKZKKKGS-UHFFFAOYSA-N,2020,Ki,7.619789
NNKWTFPUEFVMKD-UHFFFAOYSA-N,2007,Ki,6.099999
NNMGGNROJQCPDV-ZRDIBKRKSA-N,1999,Ki,8.400008
NNSVOPTWCBGCJU-HSZRJFAPSA-N,2017,Ki,7.076238
NORQFMPKBRSFFC-UHFFFAOYSA-N,2007,Ki,9.000000
NORQFMPKBRSFFC-UHFFFAOYSA-N,2016,Ki,9.154902
NOSXOCMQQISHPL-IYARVYRRSA-N,2023,Ki,9.853872
NOSXOCMQQISHPL-IYARVYRRSA-N,2023,EC50,8.799971
NOSXOCMQQISHPL-IYARVYRRSA-N,2023,EC50,8.795880
NOSXOCMQQISHPL-IYARVYRRSA-N,2023,IC50,8.339989
NOSXOCMQQISHPL-IYARVYRRSA-N,2023,IC50,8.335358
NOUYXTFEXJHBRE-UHFFFAOYSA-N,2014,Ki,9.522879
NOUYXTFEXJHBRE-UHFFFAOYSA-N,2014,IC50,8.142668
NOUYXTFEXJHBRE-UHFFFAOYSA-N,2014,IC50,9.698970
NOUYXTFEXJHBRE-UHFFFAOYSA-N,2014,IC50,11.420216
NOWHSPBMDLMCKJ-UHFFFAOYSA-N,2014,Ki,7.494850
NOXSTXNFXDOBON-UHFFFAOYSA-N,1996,Ki,8.703335
NPATVCXCHCPFCB-OAHLLOKOSA-N,2002,Ki,8.619789
NPCJAOUAOGKSQN-UHFFFAOYSA-N,2010,Ki,6.690370
NPLOIWFMUHLKNW-GOSISDBHSA-N,2000,Ki,5.769551
NPLOIWFMUHLKNW-UHFFFAOYSA-N,2000,Ki,5.732828
NPWPDDLAKMBGPN-CYYJNZCTSA-N,2015,Ki,9.142668
NQGXAETZRJZODZ-QAQDUYKDSA-N,2023,Ki,10.366532
NQKMYRGFSYIPHF-UHFFFAOYSA-N,2009,Ki,7.489991
NQOBWBPQVJMZSQ-WUKNDPDISA-N,2007,Ki,7.299296
NQOMONLOFJNENB-IYARVYRRSA-N,2023,Ki,9.886057
NQPMEVDLXOHCCR-UHFFFAOYSA-N,2018,EC50,12.318759
NQPMEVDLXOHCCR-UHFFFAOYSA-N,2018,Ki,7.714443
NQUFJLNBHRSFTR-UHFFFAOYSA-N,2017,Ki,9.148742
NQVCRJIGEWITKT-UHFFFAOYSA-N,2019,Ki,6.416801
NQWKDRVBJLVQDS-UHFFFAOYSA-N,2019,Ki,7.801343
NQWKDRVBJLVQDS-UHFFFAOYSA-N,2020,Ki,7.801343
NRCRTBZRIJXRCY-FIKGOQFSSA-N,2021,Ki,8.086186
NRDVHLCWWMDXNA-UHFFFAOYSA-N,2022,Ki,7.464706
NROVFAZNNKPZNQ-YZSQISJMSA-N,2017,Ki,7.522879
NROVFAZNNKPZNQ-YZSQISJMSA-N,2017,Ki,7.455932
NRQJARQPULKWBG-UHFFFAOYSA-N,2008,Ki,8.500038
NRSBRNRWCATXOT-FQEVSTJZSA-N,2019,Ki,7.421361
NRSBRNRWCATXOT-FQEVSTJZSA-N,2019,IC50,5.991400
NRSBRNRWCATXOT-FQEVSTJZSA-N,2022,Ki,7.476254
NRSBRNRWCATXOT-FQEVSTJZSA-N,2022,Ki,7.421361
NRSBRNRWCATXOT-HXUWFJFHSA-N,2019,Ki,8.130768
NRSBRNRWCATXOT-HXUWFJFHSA-N,2019,IC50,6.455932
NRSBRNRWCATXOT-HXUWFJFHSA-N,2022,Ki,8.224026
NRSBRNRWCATXOT-HXUWFJFHSA-N,2022,Ki,8.130768
NRSBRNRWCATXOT-UHFFFAOYSA-N,2019,Ki,8.118615
NRSBRNRWCATXOT-UHFFFAOYSA-N,2016,Ki,8.164944
NRSBRNRWCATXOT-UHFFFAOYSA-N,2016,IC50,6.443697
NRSBRNRWCATXOT-UHFFFAOYSA-N,2022,Ki,8.164944
NRTBOHXSGLSYAH-KKLQWCBXSA-N,2023,Ki,9.455932
NRWWWLAGZMNIDV-UHFFFAOYSA-N,1999,Ki,6.366532
NRWWWLAGZMNIDV-UHFFFAOYSA-N,1996,Ki,6.823909
NRXPFRHREANWEK-NOZRDPDXSA-N,2020,Ki,8.275724
NRXPFRHREANWEK-NOZRDPDXSA-N,2020,EC50,7.528708
NRXPFRHREANWEK-NOZRDPDXSA-N,2020,EC50,4.955225
NRXPFRHREANWEK-UHFFFAOYSA-N,2020,Ki,8.920819
NRXPFRHREANWEK-UKILVPOCSA-N,2020,Ki,8.823909
NRXPFRHREANWEK-UKILVPOCSA-N,2020,EC50,7.903090
NSDNFDRCTHNFLQ-MBOZVWFJSA-N,2014,Ki,7.769551
NSDNFDRCTHNFLQ-MBOZVWFJSA-N,2014,Ki,7.769551
NSHPEOLYLWLLHG-UHFFFAOYSA-N,2016,Ki,8.910095
NSKAPVHFELLKGE-UHFFFAOYSA-N,2017,Ki,7.609065
NSKAPVHFELLKGE-UHFFFAOYSA-N,2018,Ki,7.609065
NSMCYUMPIGJKHV-UHFFFAOYSA-N,2012,Ki,7.065502
NSMCYUMPIGJKHV-UHFFFAOYSA-N,2014,Ki,7.065502
NSMCYUMPIGJKHV-UHFFFAOYSA-N,2021,Ki,7.065502
NSMCYUMPIGJKHV-UHFFFAOYSA-N,2021,Ki,7.065502
NSQFNGCVKOBFOP-UHFFFAOYSA-N,2009,IC50,5.807433
NSRMSZBPAQTJBS-UHFFFAOYSA-N,2002,Ki,5.420216
NSSRPQDUVUJSBX-UHFFFAOYSA-N,1996,Ki,6.136083
NSTMABOREYEUNT-UHFFFAOYSA-N,1994,Ki,6.231362
NSTMABOREYEUNT-UHFFFAOYSA-N,1994,Ki,7.657577
NSWRCNIUQFRZFO-UHFFFAOYSA-N,2006,Ki,5.055517
NTASTGHPPLINPW-UHFFFAOYSA-N,2006,Ki,8.319664
NTASTGHPPLINPW-UHFFFAOYSA-N,2009,Ki,8.373660
NTJOBXMMWNYJFB-UHFFFAOYSA-N,2007,Ki,8.400008
NTJOBXMMWNYJFB-UHFFFAOYSA-N,2021,Ki,8.455932
NTRYGIZSQHIHMD-UHFFFAOYSA-N,2007,Ki,7.148742
NTSOURPESZESOK-UHFFFAOYSA-N,2017,EC50,7.431798
NTSOURPESZESOK-UHFFFAOYSA-N,2017,EC50,7.031517
NTSOURPESZESOK-UHFFFAOYSA-N,2017,EC50,7.029979
NTVRUBIWHSZDEQ-XUTJKUGGSA-N,2020,Ki,9.161151
NTVRUBIWHSZDEQ-XUTJKUGGSA-N,2022,Ki,9.161151
NTYVEZVFGHVTOQ-UHFFFAOYSA-N,2023,Ki,9.301030
NUDYAYZOUXPCOQ-UHFFFAOYSA-N,1999,Ki,9.100015
NUEKBJSFUOTLCO-UHFFFAOYSA-N,2009,Ki,6.769551
NUFCJQQSZUHVFN-UHFFFAOYSA-N,2020,Ki,7.754487
NUGWCMSUXVODFI-UHFFFAOYSA-N,2023,Ki,6.677781
NUMHPTHWXLDEFR-IVHGUIJPSA-N,2023,Ki,10.537602
NUMHPTHWXLDEFR-IVHGUIJPSA-N,2023,Ki,10.537602
NUTCIQIPIDPFOT-UHFFFAOYSA-N,2012,Ki,6.236572
NUWDDLFERGKQRG-JXMROGBWSA-N,1999,Ki,8.400008
NUWFSHWNAZZTED-UHFFFAOYSA-N,2020,EC50,6.148742
NUWFSHWNAZZTED-UHFFFAOYSA-N,2023,EC50,6.148742
NUYNDLVLQFHYBG-UHFFFAOYSA-N,2006,Ki,8.494850
NUZVTKAQWGCWOR-UHFFFAOYSA-O,2013,Ki,7.020907
NVCMKCBLQDUADQ-UHFFFAOYSA-N,1997,Ki,9.400008
NVECQJGBKKFGEZ-UHFFFAOYSA-N,2015,Ki,7.423659
NVMWQGNZMUKJTG-UHFFFAOYSA-O,2013,Ki,6.060231
NVQDXWHJCOYHFG-UHFFFAOYSA-N,2004,Ki,5.543634
NVQYUJQBGUNKEL-HMRCJKRNSA-N,2023,Ki,9.244125
NVRRMHFWYSOBLH-UHFFFAOYSA-N,2011,Ki,6.105130
NVVFACNDFFNYNI-UHFFFAOYSA-N,2006,Ki,7.557520
NVYMBZSBOQRSFH-UHFFFAOYSA-N,2002,Ki,5.337242
NVYMBZSBOQRSFH-UHFFFAOYSA-N,2007,Ki,5.340000
NWCJFZMQGGIAAN-GGYDESQDSA-N,2020,Ki,9.602060
NWCJFZMQGGIAAN-GGYDESQDSA-N,2022,Ki,9.602060
NWCMUBVTFZOFKO-VBUUOAMHSA-N,2010,Ki,8.199971
NWFVAWLUQHQVSN-HNKWHGCMSA-N,2014,Ki,8.468521
NWFVAWLUQHQVSN-HNKWHGCMSA-N,2014,Ki,8.468521
NWHURZIBXAETDE-JKIUYZKVSA-N,1997,Ki,7.823909
NWNDKLAEZZBIHP-UHFFFAOYSA-N,2006,Ki,8.031517
NWOBFMIIGQBMFP-UHFFFAOYSA-N,2021,Ki,6.687188
NWOBFMIIGQBMFP-UHFFFAOYSA-N,2021,Ki,6.690008
NWRMHPCLJKTXHZ-UHFFFAOYSA-N,2017,Ki,7.462181
NWRMHPCLJKTXHZ-UHFFFAOYSA-N,2018,Ki,7.462181
NWSXNSLKBWYNLE-HSZRJFAPSA-N,1996,Ki,8.299989
NWTLRPXTJVTFDS-QRCZIWRFSA-N,2023,Ki,9.420216
NWVMEGNJSPJMDY-UHFFFAOYSA-N,2014,Ki,7.537602
NWVMEGNJSPJMDY-UHFFFAOYSA-N,2017,Ki,7.542118
NWVMEGNJSPJMDY-UHFFFAOYSA-N,2018,Ki,7.542118
NWVXCTHMKYPUKK-NRFANRHFSA-N,2017,Ki,8.795880
NWXLNEMDCWELOX-IYARVYRRSA-N,2013,Ki,7.737549
NXFFJDQHYLNEJK-CYBMUJFWSA-N,2024,Ki,5.949949
NXFWREBNGARSTI-LBEPJEHYSA-N,2023,Ki,9.259637
NXGXODYDGLKSAM-UHFFFAOYSA-N,2017,Ki,7.920819
NXGXODYDGLKSAM-UHFFFAOYSA-N,2017,EC50,8.113509
NXGXODYDGLKSAM-UHFFFAOYSA-N,2017,EC50,8.110026
NXGXYFWRVCUKFN-UHFFFAOYSA-N,2009,Ki,7.744727
NXHYXFTYHKKMBV-UHFFFAOYSA-N,2022,Ki,5.608395
NXHYXFTYHKKMBV-UHFFFAOYSA-N,2022,Ki,5.608536
NXIPJCMKQNCCQK-UHFFFAOYSA-N,2021,Ki,6.603801
NXIZGEWMXVGBLH-UHFFFAOYSA-N,2007,Ki,6.244125
NXODIUKWAVUFGF-INIZCTEOSA-N,2024,Ki,6.252899
NXQJYLDOIPIWNN-UVXAETBJSA-N,2013,Ki,7.788346
NXQJYLDOIPIWNN-UVXAETBJSA-N,2013,Ki,7.788346
NXRNOJKUXYWBIA-LJAQVGFWSA-N,2014,Ki,6.431798
NYCAEWGZMHUFLY-XUTJKUGGSA-N,2023,Ki,9.823909
NYXHSNJGOQCTBS-MQMFKJKRSA-N,2004,IC50,5.568636
NYXISGQCRCGPPX-UHFFFAOYSA-N,2020,Ki,6.250032
NYYVPFBZAVQNMH-UHFFFAOYSA-N,2020,EC50,7.215383
NYYVPFBZAVQNMH-UHFFFAOYSA-N,2023,EC50,7.215383
NZBZRVLCAAQXCD-UHFFFAOYSA-N,2022,Ki,7.283162
NZCZNMGSFLEVRM-UHFFFAOYSA-N,1997,Ki,6.752027
NZDANPPRKVYGPL-UHFFFAOYSA-N,2021,Ki,7.424812
NZGWRTVGHIZQDX-UHFFFAOYSA-N,2019,Ki,8.522879
NZIPBDPDZPUDLD-UHFFFAOYSA-N,2006,Ki,8.356547
NZIPBDPDZPUDLD-UHFFFAOYSA-N,2006,Ki,8.356547
NZKGNAIACSEITE-XUTJKUGGSA-N,2014,Ki,8.982967
NZKGNAIACSEITE-XUTJKUGGSA-N,2014,Ki,8.982967
NZOQVGKUAPXCFT-NQIIRXRSSA-N,2010,Ki,8.299989
NZPLLWYDJFVQEH-UHFFFAOYSA-N,2008,Ki,8.400008
NZPQNNBQTOVDCM-PGWJBFNOSA-N,2014,Ki,7.826814
NZPQNNBQTOVDCM-PGWJBFNOSA-N,2014,Ki,7.826814
OABMFFJUPVFTDD-UHFFFAOYSA-N,2003,Ki,6.367543
OABRYNHZQBZDMG-INIZCTEOSA-N,2007,Ki,8.795880
OABRYNHZQBZDMG-INIZCTEOSA-N,2023,Ki,9.721246
OABRYNHZQBZDMG-INIZCTEOSA-N,2023,IC50,8.769551
OACVKINMDRORAI-UHFFFAOYSA-N,2016,Ki,8.700057
OACVKINMDRORAI-UHFFFAOYSA-N,2019,Ki,8.679854
OACVKINMDRORAI-UHFFFAOYSA-N,2020,Ki,8.679854
OAIALYFMHHTONS-HCGLCNNCSA-N,2013,Ki,7.158015
OAMRDAGXTITKDJ-VAWYXSNFSA-N,2003,Ki,8.387216
OANPPORMDDJIER-SFHVURJKSA-N,2017,Ki,6.882729
OAQYNXQHFCWRFX-NUDCOPPTSA-N,2022,Ki,9.698970
OAUBLUIXSXPHTA-IYARVYRRSA-N,2020,Ki,10.000000
OAUBLUIXSXPHTA-IYARVYRRSA-N,2022,Ki,10.000000
OAWCCPORHBJQQY-AWEZNQCLSA-N,2001,Ki,6.366532
OAWCCPORHBJQQY-AWEZNQCLSA-N,2005,Ki,6.379999
OAWCCPORHBJQQY-CQSZACIVSA-N,2001,Ki,6.229148
OAWCCPORHBJQQY-CQSZACIVSA-N,2005,Ki,6.209996
OBAPVKSFCPNRPS-AFARHQOCSA-N,2023,Ki,9.096910
OBFPDOMCBFUMBH-UHFFFAOYSA-N,2012,Ki,7.000000
OBGOWZOSTXHAGD-UHFFFAOYSA-N,2004,Ki,8.244125
OBGOWZOSTXHAGD-UHFFFAOYSA-N,2009,IC50,6.283997
OBGOWZOSTXHAGD-UHFFFAOYSA-N,2009,Ki,8.798603
OBIIIJJDTMSOQS-UHFFFAOYSA-N,2007,Ki,7.325139
OBLBUNSOJDFKHL-KRWDZBQOSA-N,2017,Ki,6.139063
OBLDKFKTBGJWKJ-PHTYHVAFSA-N,2008,Ki,8.075721
OBSXBRKMRKLCPZ-PNIULUOKSA-N,2011,Kd,7.031517
OBSXBRKMRKLCPZ-PNIULUOKSA-N,2011,Kd,7.638272
OBWVPNLXYFESGY-UHFFFAOYSA-N,2013,Ki,8.408935
OBZMXWUQHYLQEP-UHFFFAOYSA-N,2020,EC50,7.346787
OBZMXWUQHYLQEP-UHFFFAOYSA-N,2023,EC50,7.346787
OCAXFDULERPAJM-UHFFFAOYSA-N,2001,Ki,5.269218
OCDNUTCRNXSKHR-GFCCVEGCSA-N,2016,Ki,6.847712
OCDNUTCRNXSKHR-GFCCVEGCSA-N,2016,Ki,7.987163
OCDNUTCRNXSKHR-GFCCVEGCSA-N,2016,EC50,7.591760
OCDNUTCRNXSKHR-GFCCVEGCSA-N,2016,EC50,7.657577
OCELOKBVPAERLI-MRXNPFEDSA-N,2014,Ki,7.856985
OCELOKBVPAERLI-MRXNPFEDSA-N,2014,Ki,8.250032
OCKYRBSJWIYEBM-OXQOHEQNSA-N,2017,Ki,6.399997
OCKYRBSJWIYEBM-UZLBHIALSA-N,2017,Ki,5.899998
OCLIEDSOSAGNEM-JCNLHEQBSA-N,2014,Ki,7.485851
OCLIEDSOSAGNEM-JCNLHEQBSA-N,2014,Ki,7.485851
OCLIVVKGXAOVNC-UHFFFAOYSA-N,2007,Ki,8.460046
OCNSHCHKTREKMB-IYARVYRRSA-N,2020,Ki,10.283997
OCNSHCHKTREKMB-IYARVYRRSA-N,2022,Ki,10.283997
OCVVZZUNABZIKS-UHFFFAOYSA-N,2017,Ki,8.136677
OCVVZZUNABZIKS-UHFFFAOYSA-N,2018,Ki,8.136677
OCWWFSWSVBBJST-UHFFFAOYSA-N,1998,IC50,7.481486
OCZGPPRWTUONED-UHFFFAOYSA-N,2016,Ki,7.744727
OCZGPPRWTUONED-UHFFFAOYSA-N,2016,Ki,7.750068
ODBZJKXOIQSFOA-UHFFFAOYSA-N,2006,Ki,7.279841
ODBZJKXOIQSFOA-UHFFFAOYSA-N,2006,Ki,7.323306
ODBZJKXOIQSFOA-UHFFFAOYSA-N,2007,Ki,7.327902
ODBZJKXOIQSFOA-UHFFFAOYSA-N,2009,Ki,7.323306
ODBZJKXOIQSFOA-UHFFFAOYSA-N,2015,Ki,7.323306
ODDQSYJSQXYQTO-UHFFFAOYSA-N,2014,Ki,7.958607
ODFIVFUWYGFTJX-UHFFFAOYSA-N,2017,Ki,8.721246
ODFIVFUWYGFTJX-UHFFFAOYSA-N,2018,Ki,8.721246
ODGRZYYSJPOCQE-ISKFKSNPSA-N,2019,Ki,5.062482
ODIJMXCJWMOZFJ-PGRDOPGGSA-N,2010,Ki,9.599980
ODQWQRRAPPTVAG-UHFFFAOYSA-N,,IC50,5.856049
ODQWQRRAPPTVAG-UHFFFAOYSA-N,,Ki,6.325139
ODRXDASPVTXFDY-UHFFFAOYSA-N,2016,Ki,7.400008
ODRXDASPVTXFDY-UHFFFAOYSA-N,2020,Ki,7.059982
ODTKFNUPVBULRJ-NTCAYCPXSA-N,2024,Ki,6.234749
ODTODLDORHJDOK-UHFFFAOYSA-N,2011,Ki,8.420216
ODVSDFIRQLJCEU-UHFFFAOYSA-N,2008,Ki,6.031517
OEFFTIMBYVFOPK-UHFFFAOYSA-N,2011,Ki,5.408935
OEJDOSDQLNSUBL-UHFFFAOYSA-N,1999,Ki,7.420216
OEJHEPOHRGSKLF-UAPYVXQJSA-N,2013,Ki,8.215383
OEJHEPOHRGSKLF-UAPYVXQJSA-N,2013,Ki,8.215383
OENQQKMDIVNPMU-QGZVFWFLSA-N,2020,Ki,6.560667
OENQQKMDIVNPMU-UHFFFAOYSA-N,2020,Ki,6.369572
OEQABNLZLBEHPD-SSGKUCQKSA-N,2013,Ki,7.540608
OERZGWUVKSWOKP-RBUKOAKNSA-N,2023,Ki,6.588380
OEUUCWVHNBAMPM-KRWDZBQOSA-N,2020,Ki,7.759451
OEUUCWVHNBAMPM-KRWDZBQOSA-N,2020,Ki,7.270026
OEUUCWVHNBAMPM-UHFFFAOYSA-N,2016,Ki,7.599980
OEUUCWVHNBAMPM-UHFFFAOYSA-N,2020,Ki,6.899629
OFDQLTVLCXEIAI-UHFFFAOYSA-N,1997,Ki,6.438899
OFNJFDWFNZIXMI-KESTWPANSA-N,2020,Ki,10.124939
OFNJFDWFNZIXMI-KESTWPANSA-N,2022,Ki,10.124939
OFRYPJSVIVBOHV-WSABRRFESA-N,2000,Ki,8.500038
OFTZRFJEBCMBOT-OWOJBTEDSA-N,2005,Ki,8.602060
OFWBNRKDYGFFGN-QRTMHTFLSA-N,2023,Ki,10.107905
OFWNLCWKTRJZBM-AQYVVDRMSA-N,2013,Ki,8.568636
OFZLWCJPSURMOO-UHFFFAOYSA-N,2025,Ki,5.280000
OGAKLTJNUQRZJU-UHFFFAOYSA-N,,IC50,5.636200
OGAKLTJNUQRZJU-UHFFFAOYSA-N,,Ki,6.105130
OGAXIHIXSFCZCE-UHFFFAOYSA-N,2023,Ki,7.657577
OGCQCNNQNCBHFD-UHFFFAOYSA-N,2020,EC50,5.677781
OGCQCNNQNCBHFD-UHFFFAOYSA-N,2023,EC50,5.677781
OGHNVEJMJSYVRP-UHFFFAOYSA-N,,IC50,6.238824
OGHNVEJMJSYVRP-UHFFFAOYSA-N,,Ki,6.707744
OGJGQVFWEPNYSB-UHFFFAOYSA-N,1998,IC50,7.096910
OGJGQVFWEPNYSB-UHFFFAOYSA-N,1999,Ki,4.537602
OGJGQVFWEPNYSB-UHFFFAOYSA-N,1996,Ki,5.638272
OGJGQVFWEPNYSB-UHFFFAOYSA-N,2002,Ki,4.657577
OGJGQVFWEPNYSB-UHFFFAOYSA-N,1999,Ki,5.638272
OGJGQVFWEPNYSB-UHFFFAOYSA-N,2007,Ki,4.510000
OGJGQVFWEPNYSB-UHFFFAOYSA-N,2009,Ki,4.657577
OGJGQVFWEPNYSB-UHFFFAOYSA-N,2014,Ki,5.638272
OGJGQVFWEPNYSB-UHFFFAOYSA-N,2017,Ki,5.636388
OGJGQVFWEPNYSB-UHFFFAOYSA-N,2018,Ki,6.419999
OGJGQVFWEPNYSB-UHFFFAOYSA-N,2019,Ki,4.187087
OGJGQVFWEPNYSB-UHFFFAOYSA-N,2022,Ki,6.419999
OGJGQVFWEPNYSB-UHFFFAOYSA-N,2021,Ki,5.636388
OGJGQVFWEPNYSB-UHFFFAOYSA-N,2025,Ki,6.419999
OGKVKDKJRLURJP-QAQDUYKDSA-N,2020,Ki,10.017729
OGKVKDKJRLURJP-QAQDUYKDSA-N,2022,Ki,10.017729
OGMXPNDTEOMUTP-UHFFFAOYSA-N,2017,Ki,7.744727
OGMXPNDTEOMUTP-UHFFFAOYSA-N,2018,Ki,7.744727
OGRCIXTZMPQEAX-JKIUYZKVSA-N,2023,Ki,9.443697
OGRYOYIDGBUEFL-XUTJKUGGSA-N,2022,Ki,9.619789
OHAOVJVRDRFORL-UHFFFAOYSA-N,2007,Ki,8.599980
OHHKPQVUUXXVGV-UHFFFAOYSA-N,2002,Ki,6.568636
OHJSWFDQAUGCDZ-TZIWHRDSSA-N,2021,Ki,7.869666
OHNCZVXJVAIMIH-UHFFFAOYSA-N,2022,Ki,8.373660
OHODDACZFUFQDV-UHFFFAOYSA-N,2010,IC50,6.476254
OHSIGBOKYLDSHG-AZGAKELHSA-N,2020,Ki,8.387216
OHSIGBOKYLDSHG-AZGAKELHSA-N,2020,EC50,8.446117
OHSIGBOKYLDSHG-AZGAKELHSA-N,2020,EC50,6.898253
OHSIGBOKYLDSHG-RSXGOPAZSA-N,2020,Ki,8.420216
OHSIGBOKYLDSHG-RSXGOPAZSA-N,2020,Ki,7.777284
OHSIGBOKYLDSHG-UHFFFAOYSA-N,2020,Ki,8.397940
OIAXKPXJNIOPBF-UHFFFAOYSA-N,2009,Ki,6.017729
OICMTYRVBGKDDA-UHFFFAOYSA-N,2006,Ki,8.173925
OIDVIVFTQMTONJ-UHFFFAOYSA-N,2018,Ki,6.790485
OIJAOTPYMBONBE-SFHLNBCPSA-N,2023,Ki,9.823909
OILMYNCOJBGIHH-UHFFFAOYSA-N,2010,Ki,6.958607
OIPJHHKEXPIMJA-WGSAOQKQSA-N,2022,Ki,9.431798
OIRZLTZLOKARTG-FQEVSTJZSA-N,2019,Ki,9.052566
OIRZLTZLOKARTG-FQEVSTJZSA-N,2019,EC50,7.337242
OIRZLTZLOKARTG-FQEVSTJZSA-N,2019,IC50,6.180456
OIRZLTZLOKARTG-FQEVSTJZSA-N,2022,Ki,9.154902
OIRZLTZLOKARTG-FQEVSTJZSA-N,2022,Ki,9.052566
OIRZLTZLOKARTG-HXUWFJFHSA-N,2019,Ki,9.537602
OIRZLTZLOKARTG-HXUWFJFHSA-N,2019,IC50,7.728158
OIRZLTZLOKARTG-HXUWFJFHSA-N,2022,Ki,9.610834
OIRZLTZLOKARTG-HXUWFJFHSA-N,2022,Ki,9.537602
OIRZLTZLOKARTG-UHFFFAOYSA-N,2019,Ki,9.363512
OIRZLTZLOKARTG-UHFFFAOYSA-N,2016,Ki,9.441291
OIRZLTZLOKARTG-UHFFFAOYSA-N,2016,EC50,8.588380
OIRZLTZLOKARTG-UHFFFAOYSA-N,2016,IC50,7.296709
OIRZLTZLOKARTG-UHFFFAOYSA-N,2022,Ki,9.454693
OISSAGDOBVXRAL-UHFFFAOYSA-N,2011,Ki,6.551294
OIVYFRNOFHRRJS-OUKQBFOZSA-N,1995,Ki,6.876148
OJCBIYVJAWOBLI-XBISEHGESA-N,2001,Ki,8.000000
OJCWQYKGGOVRLI-UHFFFAOYSA-N,2017,Ki,8.096910
OJCWQYKGGOVRLI-UHFFFAOYSA-N,2018,Ki,8.096910
OJEDMBNNWQTAKQ-UHFFFAOYSA-N,2014,Ki,7.207608
OJELFRWBMVFUDD-KXBFYZLASA-N,2003,Ki,6.292430
OJELFRWBMVFUDD-KXBFYZLASA-N,2003,Ki,7.886057
OJFGNESHNMETMU-UHFFFAOYSA-N,2021,Ki,6.424812
OJFGNESHNMETMU-UHFFFAOYSA-N,2021,Ki,6.429994
OJGCUCNESMAFSG-UHFFFAOYSA-N,2009,Ki,7.100015
OJINAULTAMERKJ-UHFFFAOYSA-N,2018,Ki,6.390000
OJORGHNUKQKUKG-UHFFFAOYSA-N,2017,Ki,7.074688
OJORGHNUKQKUKG-UHFFFAOYSA-N,2018,Ki,7.074688
OJUNMSDCPOWMOQ-WKILWMFISA-N,2020,Ki,10.301030
OJUNMSDCPOWMOQ-WKILWMFISA-N,2022,Ki,10.301030
OJVDNCHTCHUSCE-HSZRJFAPSA-N,2016,Ki,7.903090
OJVDNCHTCHUSCE-HSZRJFAPSA-N,2016,Ki,5.962574
OJVDNCHTCHUSCE-HSZRJFAPSA-N,2016,EC50,6.903090
OJVDNCHTCHUSCE-HSZRJFAPSA-N,2016,EC50,7.924453
OJVGHPDSXXGXQT-UHFFFAOYSA-N,2013,Ki,7.036212
OJVUWAZPULUZEU-UHFFFAOYSA-N,2019,Ki,8.349692
OJVUWAZPULUZEU-UHFFFAOYSA-N,2020,Ki,8.349692
OJYUKAHOHYUAHF-UHFFFAOYSA-N,2021,Ki,6.490005
OJYUKAHOHYUAHF-UHFFFAOYSA-N,2021,Kd,10.588380
OJYUKAHOHYUAHF-UHFFFAOYSA-N,2021,EC50,6.329995
OJZXUFDBDMQATJ-UHFFFAOYSA-N,2003,Ki,8.545155
OJZXUFDBDMQATJ-UHFFFAOYSA-N,2005,Ki,9.522879
OJZXUFDBDMQATJ-UHFFFAOYSA-N,2005,Kd,7.400008
OJZXUFDBDMQATJ-UHFFFAOYSA-N,2011,Ki,9.657577
OJZXUFDBDMQATJ-UHFFFAOYSA-N,2011,Ki,9.045757
OJZXUFDBDMQATJ-UHFFFAOYSA-N,2011,Ki,6.102373
OJZXUFDBDMQATJ-UHFFFAOYSA-N,2011,Ki,6.744727
OJZXUFDBDMQATJ-UHFFFAOYSA-N,2011,Ki,8.552842
OJZXUFDBDMQATJ-UHFFFAOYSA-N,2011,Ki,9.795880
OJZXUFDBDMQATJ-UHFFFAOYSA-N,2011,Ki,9.236572
OKFIQGYGZIGIDI-UHFFFAOYSA-N,2019,Ki,6.304518
OKGFDRGOUZKSCP-SKUGRUHMSA-N,2023,Ki,9.327902
OKHCGJQUKXTRNR-KRWDZBQOSA-N,2023,Ki,7.337242
OKHRWBVXVXXGLN-UHFFFAOYSA-N,1997,Ki,9.700057
OKLQUANCQYMFOA-ONEGZZNKSA-N,2009,IC50,8.154902
OKLQUANCQYMFOA-ONEGZZNKSA-N,2009,Ki,9.356547
OKNVKYBLZGATAL-JOCHJYFZSA-N,2013,Ki,6.886057
OKODMCHGOYUBGY-JTQLQIEISA-N,2017,Ki,7.123782
OKODMCHGOYUBGY-SNVBAGLBSA-N,2017,Ki,6.428291
OKVMMISWCZKJGO-INIZCTEOSA-N,1996,Ki,6.575118
OKVMMISWCZKJGO-MRXNPFEDSA-N,1996,Ki,6.188425
OLFPBASVCZUWSQ-UHFFFAOYSA-N,2011,Ki,9.568636
OLHTYSHHUSHAPW-UHFFFAOYSA-N,2010,Ki,6.712198
OLIUQFBIXLONDP-UHFFFAOYSA-N,2018,Ki,7.309804
OLJONOSWRLTMOI-UHFFFAOYSA-N,2015,Ki,9.244125
OLKRKRWLKISLQU-WIYYLYMNSA-N,2009,Ki,7.899974
OLKRKRWLKISLQU-WIYYLYMNSA-N,2009,Ki,7.899974
OLKYYLJXZLWORJ-UHFFFAOYSA-N,2002,Ki,6.823909
OLKYYLJXZLWORJ-UHFFFAOYSA-N,2009,Ki,7.795880
OLKYYLJXZLWORJ-UHFFFAOYSA-N,2009,Ki,7.468521
OLKYYLJXZLWORJ-UHFFFAOYSA-N,2009,Ki,6.193820
OLKYYLJXZLWORJ-UHFFFAOYSA-N,2009,Ki,6.200659
OLKYYLJXZLWORJ-UHFFFAOYSA-N,2009,Ki,5.987163
OLKYYLJXZLWORJ-UHFFFAOYSA-N,2009,Ki,6.408935
OLKYYLJXZLWORJ-UHFFFAOYSA-N,2009,Ki,6.494850
OLKYYLJXZLWORJ-UHFFFAOYSA-N,2009,Ki,7.161151
OLKYYLJXZLWORJ-UHFFFAOYSA-N,2009,Ki,6.823909
OLRDLGNPSAUGKS-UHFFFAOYSA-N,2009,Ki,6.431798
OLUIVMRSUSSFJF-UHFFFAOYSA-N,1999,Ki,6.031517
OLUONKODHNDKJM-HQRWHSCBSA-N,2004,IC50,5.397940
OLWRVVHPJFLNPW-LSNLESRRSA-N,2001,Ki,8.000000
OLWRVVHPJFLNPW-LSNLESRRSA-N,2000,Ki,8.000000
OLWRVVHPJFLNPW-LSNLESRRSA-N,2000,Ki,8.000000
OLWRVVHPJFLNPW-LSNLESRRSA-N,2005,Ki,7.950782
OLWRVVHPJFLNPW-LSNLESRRSA-N,2007,Ki,8.400008
OLWRVVHPJFLNPW-LSNLESRRSA-N,2008,Ki,8.400008
OLWRVVHPJFLNPW-LSNLESRRSA-N,2008,Ki,8.400008
OLWRVVHPJFLNPW-LSNLESRRSA-N,2009,Ki,8.400008
OLWRVVHPJFLNPW-LSNLESRRSA-N,2009,Ki,8.400008
OLWRVVHPJFLNPW-LSNLESRRSA-N,2010,Ki,8.400008
OLWRVVHPJFLNPW-LSNLESRRSA-N,2016,Ki,8.400008
OLWRVVHPJFLNPW-LSNLESRRSA-N,2016,Ki,8.199971
OLWRVVHPJFLNPW-LSNLESRRSA-N,2016,Ki,8.189969
OLWRVVHPJFLNPW-LSNLESRRSA-N,2017,Ki,7.958607
OMABWURKRSVEKR-UHFFFAOYSA-N,2023,Ki,6.510042
OMGQCEITFUGYJF-YEPDHIAXSA-N,2022,Ki,10.136677
OMHCFMMNQAVKBC-BYYHNAKLSA-N,2015,Ki,8.698970
OMHCFMMNQAVKBC-BYYHNAKLSA-N,2015,EC50,8.214670
OMHCFMMNQAVKBC-BYYHNAKLSA-N,2015,EC50,7.102373
OMKRQXYKQXMQEL-SFHVURJKSA-N,2014,Ki,6.841638
OMOJVKDXKKEFQT-OXJNMPFZSA-N,2019,Ki,8.560667
OMOJVKDXKKEFQT-OXJNMPFZSA-N,2020,Ki,8.560667
OMOJVKDXKKEFQT-UHFFFAOYSA-N,2016,Ki,8.500038
OMOJVKDXKKEFQT-UHFFFAOYSA-N,2019,Ki,8.480172
OMOJVKDXKKEFQT-UHFFFAOYSA-N,2020,Ki,8.480172
OMOJVKDXKKEFQT-UZLBHIALSA-N,2019,Ki,8.489455
OMQYELRKBALQJF-GXTWGEPZSA-N,2000,Ki,8.446117
OMQYELRKBALQJF-JSGCOSHPSA-N,2000,Ki,5.522445
OMQYELRKBALQJF-TZMCWYRMSA-N,2000,Ki,8.542118
OMQYELRKBALQJF-UHFFFAOYSA-N,2000,Ki,8.806875
OMRTUEHYBPGJDW-UHFFFAOYSA-N,2021,Ki,5.866461
OMSAEBUIHWCGKQ-IYARVYRRSA-N,2014,Ki,8.939302
OMSAEBUIHWCGKQ-IYARVYRRSA-N,2014,Ki,8.939302
OMUDHMBLKINCCX-XXBNENTESA-N,2016,Ki,8.339989
OMXJWXICMCUBRZ-MGPUTAFESA-N,2019,Ki,8.000000
OMXJWXICMCUBRZ-MGPUTAFESA-N,2020,Ki,8.000000
OMXJWXICMCUBRZ-QRWLVFNGSA-N,2019,Ki,8.390406
OMXJWXICMCUBRZ-QRWLVFNGSA-N,2020,Ki,8.390406
OMXJWXICMCUBRZ-UHFFFAOYSA-N,2016,Ki,8.400008
OMXJWXICMCUBRZ-UHFFFAOYSA-N,2016,Ki,8.000000
OMXJWXICMCUBRZ-UHFFFAOYSA-N,2016,Ki,8.000000
OMXJWXICMCUBRZ-UHFFFAOYSA-N,2019,Ki,8.030118
OMXJWXICMCUBRZ-UHFFFAOYSA-N,2020,Ki,8.030118
ONAUJHKYHSJWDK-AQYVVDRMSA-N,2013,Ki,7.730487
ONJDZQVJGPGRAN-UHFFFAOYSA-N,2023,EC50,7.455932
ONUMGROJBFLQKF-UHFFFAOYSA-N,2007,Ki,6.856985
ONVAFCPNRHAADQ-UHFFFAOYSA-N,1999,Ki,5.443697
ONVPKPUWGYFERX-QPJJXVBHSA-N,1994,Ki,8.174574
ONXKQTHNJXTCGP-OJBMAJLDSA-N,2014,Ki,8.241845
ONXKQTHNJXTCGP-OJBMAJLDSA-N,2014,Ki,8.241845
OOBJUMKQKXVZFD-QAQDUYKDSA-N,2014,Ki,8.737549
OOBJUMKQKXVZFD-QAQDUYKDSA-N,2014,Ki,8.737549
OOMIAFXMQARGDX-QHCPKHFHSA-N,2023,Ki,6.280669
OOQJGWPOJZCKHM-PMVMPFDFSA-N,2014,Ki,7.931814
OOQJGWPOJZCKHM-PMVMPFDFSA-N,2014,Ki,7.931814
OOQJGWPOJZCKHM-YEMPIKNUSA-N,2014,Ki,8.045757
OOQJGWPOJZCKHM-YEMPIKNUSA-N,2014,Ki,8.045757
OOQJGWPOJZCKHM-YMPZKCBVSA-N,2014,Ki,8.142668
OOQJGWPOJZCKHM-YMPZKCBVSA-N,2014,Ki,8.142668
OPCWNMLUZVXULW-UHFFFAOYSA-N,2009,Ki,5.886057
OPCZQJWXLOJWEW-UHFFFAOYSA-N,2002,Ki,9.167491
OPHBHUMUNHDPAE-AFARHQOCSA-N,2014,Ki,8.292430
OPHBHUMUNHDPAE-AFARHQOCSA-N,2014,Ki,8.292430
OPJTVMKUVYOWNC-FQLXRVMXSA-N,1998,Ki,7.799971
OPJTVMKUVYOWNC-WDYNHAJCSA-N,1998,Ki,6.599998
OPMVQDXWBONTGB-UHFFFAOYSA-N,1999,Ki,5.173925
OPOCRJLNNIBIIH-KYJSFNMBSA-N,2014,Ki,6.554396
OPTJHAAZKYNBRY-UHFFFAOYSA-N,2010,Ki,6.699992
OPTJHAAZKYNBRY-UHFFFAOYSA-N,2010,Ki,8.899974
OPTJHAAZKYNBRY-UHFFFAOYSA-N,2010,Ki,8.899974
OPXIAQIQFMLKDK-UHFFFAOYSA-N,2012,Ki,6.157391
OPXIAQIQFMLKDK-UHFFFAOYSA-N,2014,Ki,6.157391
OPZKYIOCNPKDBN-CQSZACIVSA-N,1994,Ki,6.289037
OQBXWWGQCMPQTM-UHFFFAOYSA-N,2016,Ki,6.416801
OQCUZRRTKCFWET-OAHLLOKOSA-N,2000,Ki,6.000000
OQWIVCDXOWOYAM-XUTJKUGGSA-N,2022,Ki,9.161151
OQXLAYDVTKONPU-IYARVYRRSA-N,2016,Ki,10.283997
OQZVSXDFOHVACS-UHFFFAOYSA-N,2023,EC50,6.000000
ORBZGAXKHHPTOD-UHFFFAOYSA-N,2010,Ki,6.071092
ORDQHUBWYZCTMA-UHFFFAOYSA-N,2007,Ki,7.432974
ORDRIDLDACAQJO-IPJJNNNSSA-N,2021,Ki,8.958607
ORHJUTONXWXCOS-UHFFFAOYSA-N,1997,Ki,6.634512
ORHJUTONXWXCOS-UHFFFAOYSA-N,2005,Ki,6.630005
ORIBLMYUFXRADV-UHFFFAOYSA-N,2007,Ki,5.677781
ORIBLMYUFXRADV-UHFFFAOYSA-N,2007,EC50,6.459671
ORLPGYDVWSWYGK-SUMDDJOVSA-N,2014,Ki,6.321482
ORNDJPPXEBDDDP-UHFFFAOYSA-N,2020,EC50,5.552842
ORNDJPPXEBDDDP-UHFFFAOYSA-N,2023,EC50,5.552842
ORNXSTGAFURZLS-FNNYLQCESA-N,2014,Ki,7.761954
ORNXSTGAFURZLS-FNNYLQCESA-N,2014,Ki,7.761954
ORSIHAZQLFPIQY-UHFFFAOYSA-N,2015,Ki,7.274905
ORYJIZSSGIMQPM-PHXQQHKGSA-N,2022,Ki,9.376751
OSAOKFNDHSEFAK-UHFFFAOYSA-N,2012,Ki,9.468521
OSAUGWDHZYWLTI-UHFFFAOYSA-N,2002,Ki,7.299296
OSBDFYCPKUJFJJ-SNAWJCMRSA-N,2013,Ki,8.075721
OSBMHRHGAFUBCG-UHFFFAOYSA-N,2011,Ki,5.229148
OSFGBHRMZGLGDA-WKILWMFISA-N,2023,Ki,9.619789
OSIFLXHIMKAMGZ-UHFFFAOYSA-N,2017,Ki,7.307153
OSIFLXHIMKAMGZ-UHFFFAOYSA-N,2018,Ki,7.307153
OSJJYEUEJRVVOD-UHFFFAOYSA-N,,IC50,8.330590
OSJJYEUEJRVVOD-UHFFFAOYSA-N,,Ki,8.799697
OSMDWBWUUPMWBF-BZSNNMDCSA-N,2012,EC50,8.823909
OSRBIQHRPHNLEN-UHFFFAOYSA-N,2009,Ki,6.699992
OSSGYBFCUFQSTI-UHFFFAOYSA-N,1996,Ki,7.408935
OSSGYBFCUFQSTI-UHFFFAOYSA-N,1996,EC50,7.080922
OSSGYBFCUFQSTI-UHFFFAOYSA-N,1997,Ki,7.400008
OSXORBBNIVOHKD-QAQDUYKDSA-N,2023,Ki,9.568636
OTFGIKBDQRIECS-UHFFFAOYSA-N,2012,Ki,9.638272
OTIQETSFLFLTJQ-UHFFFAOYSA-N,2010,Ki,7.599980
OTIQETSFLFLTJQ-UHFFFAOYSA-N,2010,Ki,8.500038
OTIQETSFLFLTJQ-UHFFFAOYSA-N,2010,Ki,9.000000
OTKMHDVPFOECAQ-WCWDXBQESA-N,2019,Ki,6.920819
OTKZOEOQKWTXMD-GHTZIAJQSA-N,2010,Ki,9.000000
OTODYHHNOABMMX-UHFFFAOYSA-N,2002,Ki,7.283997
OTSVAHKQZLNXPN-FQEVSTJZSA-N,2019,Ki,9.075721
OTSVAHKQZLNXPN-FQEVSTJZSA-N,2022,Ki,9.075721
OTSVAHKQZLNXPN-HXUWFJFHSA-N,2019,Ki,9.428291
OTSVAHKQZLNXPN-HXUWFJFHSA-N,2022,Ki,9.428291
OTSVAHKQZLNXPN-UHFFFAOYSA-N,2019,Ki,9.121478
OTSVAHKQZLNXPN-UHFFFAOYSA-N,2019,IC50,7.022276
OTSVAHKQZLNXPN-UHFFFAOYSA-N,2022,Ki,9.316953
OTSVAHKQZLNXPN-UHFFFAOYSA-N,2022,Ki,9.121478
OTTGJZVMJFEQJT-UHFFFAOYSA-N,2014,Ki,7.920819
OTTSZTXIWXPOIL-UHFFFAOYSA-N,2010,Ki,5.800001
OUFIPQCJZNQOMQ-UHFFFAOYSA-N,2013,Ki,7.387216
OUHCXMUUIFHTFO-SAABIXHNSA-N,2014,Ki,7.944622
OUHCXMUUIFHTFO-SAABIXHNSA-N,2014,Ki,7.944622
OUJINBWEZGZUKQ-IYARVYRRSA-N,2016,Ki,10.292430
OUJRMAKUNWMZPB-UHFFFAOYSA-N,2014,Ki,8.638272
OUJRMAKUNWMZPB-UHFFFAOYSA-N,2014,EC50,7.379968
OUJRMAKUNWMZPB-UHFFFAOYSA-N,2014,EC50,7.387216
OUMNETVFYOWILO-UAPYVXQJSA-N,2013,Ki,7.732828
OUNYCNQDFAUREF-UHFFFAOYSA-N,2009,IC50,7.407823
OUNYCNQDFAUREF-UHFFFAOYSA-N,2009,Ki,8.337242
OUNYCNQDFAUREF-UHFFFAOYSA-N,2014,Ki,8.337242
OUNYCNQDFAUREF-UHFFFAOYSA-N,2014,Ki,8.337242
OUPQTELARLPZBM-UHFFFAOYSA-N,2006,Ki,8.958607
OURPZJJZFFKVJH-UHFFFAOYSA-N,2014,Ki,9.221849
OURPZJJZFFKVJH-UHFFFAOYSA-N,2014,IC50,6.588380
OUSOPIMSKOMYQI-UHFFFAOYSA-N,2012,Ki,6.063989
OUUDLMBFRNBBSL-XGAFWQRZSA-N,2022,Ki,9.022276
OUUMIQPKQSKHBW-UHFFFAOYSA-N,2010,Ki,6.703335
OUUMPVSFLSOGJZ-BGYRXZFFSA-N,1998,Ki,7.537602
OUUMPVSFLSOGJZ-MXVIHJGJSA-N,1998,Ki,7.863279
OUVWNMTXUYBAHT-UHFFFAOYSA-N,1996,Ki,8.500038
OUVXICREAQXBOE-AUFISECZSA-N,2022,Ki,8.420216
OUXSXBHPMQCPQT-FOCLMDBBSA-N,2003,Ki,6.488117
OVCKLMKHELICSW-CQOQZXRMSA-N,2023,Ki,10.000000
OVCZXWAILUTIOQ-UHFFFAOYSA-N,2006,Ki,9.886057
OVCZXWAILUTIOQ-UHFFFAOYSA-N,2009,Ki,9.886057
OVDROBGSEQOKQB-ICSRJNTNSA-N,2001,Ki,5.431798
OVGUUSWJYHCFLN-UHFFFAOYSA-N,2007,Ki,8.599980
OVJRPKRJFYSRHL-VQTJNVASSA-N,2023,Ki,9.431798
OVKBSFKFSBQCLW-GDLZYMKVSA-N,2015,Ki,8.920819
OVKBSFKFSBQCLW-LJAQVGFWSA-N,2015,Ki,9.677781
OVLGSRKGTAEWQF-BJKOFHAPSA-N,1997,Ki,7.000000
OVLGSRKGTAEWQF-ZEQRLZLVSA-N,1997,Ki,8.000000
OVNWEDVAMBIZAQ-UHFFFAOYSA-N,2021,Ki,6.337242
OVRUYISKGGXOPK-UHFFFAOYSA-N,2017,Ki,6.958607
OVRUYISKGGXOPK-UHFFFAOYSA-N,2018,Ki,6.958607
OVRYUDOMQFGLII-NRFANRHFSA-N,2013,Ki,9.619789
OVRYUDOMQFGLII-OAQYLSRUSA-N,2013,Ki,9.366532
OVSOSNSBPWXIPD-SAIGFBBZSA-N,2014,Ki,7.853872
OVSOSNSBPWXIPD-SAIGFBBZSA-N,2014,Ki,7.853872
OVTLMIGCVPXGIF-UHFFFAOYSA-N,1997,Ki,6.462181
OVTLMIGCVPXGIF-UHFFFAOYSA-N,2005,Ki,6.459996
OWCFHTULJYSSNJ-IRJFHVNHSA-N,2014,Ki,8.323398
OWCFHTULJYSSNJ-IRJFHVNHSA-N,2014,Ki,8.323398
OWKWAFZWCZQWNM-UHFFFAOYSA-N,2014,Ki,7.698970
OWKWAFZWCZQWNM-UHFFFAOYSA-N,2014,IC50,6.920819
OWKWAFZWCZQWNM-UHFFFAOYSA-N,2014,IC50,7.283997
OWKWAFZWCZQWNM-UHFFFAOYSA-N,2017,Ki,7.688246
OWKWAFZWCZQWNM-UHFFFAOYSA-N,2018,Ki,7.688246
OWLVWXYRTGDNMM-IYARVYRRSA-N,2023,Ki,9.698970
OWMILJDHSTVDQS-UHFFFAOYSA-N,2006,Ki,9.337242
OWMILJDHSTVDQS-UHFFFAOYSA-N,2006,EC50,7.744727
OWMYGKYXZFSRMD-UHFFFAOYSA-N,2008,Ki,6.221849
OWNNKPRXFVCNAN-XGAFWQRZSA-N,2014,Ki,8.709965
OWNNKPRXFVCNAN-XGAFWQRZSA-N,2014,Ki,8.709965
OWNUCKLLDLFPLN-PGRDOPGGSA-N,2010,Ki,9.299989
OWORPAWPFUKOOV-UHFFFAOYSA-N,2016,EC50,8.124939
OWRSWDTWKGARSX-UHFFFAOYSA-N,1995,Ki,6.886057
OWRSWDTWKGARSX-UHFFFAOYSA-N,2013,Ki,6.886057
OWSJXULEJAVZGP-DLBZAZTESA-N,2023,Ki,9.522879
OWXFTDUHWKXJTL-GOSISDBHSA-N,1996,Ki,6.946922
OWXFTDUHWKXJTL-SFHVURJKSA-N,1996,Ki,6.812479
OXCQNGTWPIHFHI-FQEVSTJZSA-N,2012,EC50,9.251812
OXEBBPWCOUTLBS-XUTJKUGGSA-N,2023,Ki,9.677781
OXFFXWBIWDAKRT-JKSUJKDBSA-N,2020,Ki,9.167491
OXFFXWBIWDAKRT-JKSUJKDBSA-N,2022,Ki,9.167491
OXHDXVWUJBSFBE-HZCBDIJESA-N,2014,Ki,7.903785
OXHDXVWUJBSFBE-HZCBDIJESA-N,2014,Ki,7.903785
OXHFCAMGABAVGJ-MGBGTMOVSA-N,2011,Ki,8.037157
OXHFCAMGABAVGJ-UHFFFAOYSA-N,2011,Ki,8.573489
OXHFCAMGABAVGJ-XIFFEERXSA-N,2011,Ki,8.096910
OXJGPZFAZUEPIX-UHFFFAOYSA-N,2009,Ki,7.823909
OXKMARLXXNQVMY-CTNGQTDRSA-N,2020,Ki,7.892790
OXKMARLXXNQVMY-CTNGQTDRSA-N,2020,EC50,6.845272
OXKMARLXXNQVMY-CTNGQTDRSA-N,2020,EC50,5.999913
OXKMARLXXNQVMY-PZJWPPBQSA-N,2020,Ki,8.657577
OXKMARLXXNQVMY-PZJWPPBQSA-N,2020,EC50,7.060481
OXKMARLXXNQVMY-UHFFFAOYSA-N,2020,Ki,8.585027
OXKVUNLFMUWLAP-UHFFFAOYSA-N,2007,Ki,6.301030
OXMLHENURKVGGZ-XUTJKUGGSA-N,2013,Ki,8.172631
OXRRNHYMIXLDFY-UHFFFAOYSA-N,1999,Ki,8.700057
OXTPXLOHKYZFSF-SNAWJCMRSA-N,2013,Ki,8.431798
OXVZLPIGSCONSD-UHFFFAOYSA-N,2011,Ki,9.537602
OXYSILQZQLVAHW-AQYVVDRMSA-N,2014,Ki,8.712198
OXYSILQZQLVAHW-AQYVVDRMSA-N,2014,Ki,8.712198
OXZWTDWFMODERJ-SFHVURJKSA-N,2014,Ki,7.136677
OYBHJVJCKIGGIL-UHFFFAOYSA-N,2022,Ki,8.943095
OYCMBKKJJALTGH-UHFFFAOYSA-N,2010,Ki,5.799971
OYCWFOLWJZRICL-UHFFFAOYSA-N,1999,Ki,8.700057
OYIQKTRWSDEITE-QAQDUYKDSA-N,2013,Ki,8.853872
OYKQSDLPRQMVDA-UHFFFAOYSA-N,2017,Ki,7.568636
OYONXBYXNCMUFL-UHFFFAOYSA-N,1997,Ki,6.200659
OYQMOAPXBDHMCQ-URLMMPGGSA-N,2023,IC50,8.091515
OYQMOAPXBDHMCQ-URLMMPGGSA-N,2023,Ki,8.376751
OYUFXMRRZYKKDL-UHFFFAOYSA-N,2008,Ki,6.799998
OYYAWRVAKORPPE-SSDMNJCBSA-N,2024,Ki,6.217527
OYZKUGKMWYXUJF-UHFFFAOYSA-N,2001,Ki,7.138466
OZAJLQLEAWUZSC-UHFFFAOYSA-N,2009,Ki,5.450000
OZCCDFXOCARGSE-UHFFFAOYSA-N,2019,Ki,7.555955
OZGYKPPQUQUAJA-UHFFFAOYSA-N,2006,Ki,6.096910
OZTXHPJAKOCEFC-RUCARUNLSA-N,2014,Ki,8.232696
OZTXHPJAKOCEFC-RUCARUNLSA-N,2014,Ki,8.232696
OZUAEHNGHNUWOV-MXVIHJGJSA-N,2013,Ki,7.329754
OZVBMTJYIDMWIL-AYFBDAFISA-N,1997,Ki,7.060481
OZVBMTJYIDMWIL-AYFBDAFISA-N,,IC50,9.224754
OZVBMTJYIDMWIL-AYFBDAFISA-N,,Ki,9.694649
OZVBMTJYIDMWIL-AYFBDAFISA-N,2024,Ki,7.060481
OZYPUQNRUYTZDI-UHFFFAOYSA-N,1999,Ki,6.099999
OZZLMZAQJKSGCB-UHFFFAOYSA-N,2008,Ki,7.700057
PAAUBDWPMHOPRI-UHFFFAOYSA-N,2014,Ki,7.275724
PAAYROHKUKZSEG-UHFFFAOYSA-N,2017,Ki,7.514279
PAAYROHKUKZSEG-UHFFFAOYSA-N,2018,Ki,7.514279
PABQRTMOJKZQEP-UHFFFAOYSA-N,2017,Ki,6.659556
PABQRTMOJKZQEP-UHFFFAOYSA-N,2018,Ki,6.659556
PACGJHIALGCWJV-UHFFFAOYSA-N,2008,Ki,7.950782
PAFOMDPWWHFCGE-LLVKDONJSA-N,1996,Ki,7.446117
PAMJGKFHXJWILY-UHFFFAOYSA-N,2002,Ki,7.795880
PAPJLFSOPBIPIF-OWOJBTEDSA-N,2005,Ki,9.045757
PASOWIIUVYLHIV-BYYHNAKLSA-N,2015,Ki,8.853872
PATXYRVWJPYPMG-SAABIXHNSA-N,2013,Ki,8.041436
PATXYRVWJPYPMG-SAABIXHNSA-N,2013,Ki,8.041436
PAWLYZOLWHOCDX-UHFFFAOYSA-N,2020,EC50,5.886057
PAWLYZOLWHOCDX-UHFFFAOYSA-N,2023,EC50,5.886057
PAZGGYGNWVGTBZ-RZDIXWSQSA-N,2014,Ki,8.284916
PAZGGYGNWVGTBZ-RZDIXWSQSA-N,2014,Ki,8.284916
PBAAFRAEWKNMJX-UHFFFAOYSA-N,2005,Ki,7.924453
PBAAFRAEWKNMJX-UHFFFAOYSA-N,2005,EC50,6.679999
PBACHGGJZAASIQ-UHFFFAOYSA-N,1996,Ki,6.442493
PBBGIYKMAVNTAL-UHFFFAOYSA-N,2001,Ki,7.180456
PBBXHMUHWXEQJW-UHFFFAOYSA-N,1996,Ki,6.300162
PBFDUYRSNDQIDN-UHFFFAOYSA-N,2022,Ki,6.358526
PBLLZSMBTAPYBH-HHHXNRCGSA-N,2007,Ki,8.677781
PBLLZSMBTAPYBH-MHZLTWQESA-N,2007,Ki,7.698970
PBNAEPBSIPQZEL-UHFFFAOYSA-N,2005,Ki,4.769551
PBUOIALTCUSCTG-UHFFFAOYSA-N,2017,Ki,7.847712
PBUOIALTCUSCTG-UHFFFAOYSA-N,2018,Ki,7.847712
PCDNISCTQCOCTC-UHFFFAOYSA-N,2021,Ki,4.432974
PCFSBZNPJGRVML-VQTJNVASSA-N,2020,Ki,9.004365
PCFSBZNPJGRVML-VQTJNVASSA-N,2022,Ki,9.004365
PCHGCRMRRUZREQ-UHFFFAOYSA-N,2016,Ki,6.787812
PCHGCRMRRUZREQ-UHFFFAOYSA-N,2016,Ki,6.790003
PCLRRDSRKSMPGP-UHFFFAOYSA-N,2021,Ki,6.795880
PCPMHRDGGJEPAZ-UHFFFAOYSA-N,2006,Ki,8.259637
PCPQHGBAGOWPLH-GOSISDBHSA-N,1999,Ki,4.958607
PCPQHGBAGOWPLH-SFHVURJKSA-N,1999,Ki,5.142668
PCTWSHWAURGZTF-UHFFFAOYSA-N,2019,Ki,8.494850
PCUAVOCFDVWQAA-UHFFFAOYSA-N,2013,Ki,8.124939
PCVICCVMMOFTLF-UXBLZVDNSA-N,1999,Ki,8.500038
PCWGGOVOEWHPMG-UHFFFAOYSA-N,2024,Ki,6.546559
PCWHJLSDHHNXCV-UHFFFAOYSA-N,2019,Ki,5.421361
PCWHJLSDHHNXCV-UHFFFAOYSA-N,2019,Ki,6.107349
PCWHJLSDHHNXCV-UHFFFAOYSA-N,2019,EC50,5.795609
PDEOWFLSMSAWTN-UHFFFAOYSA-N,2019,Ki,8.329754
PDEOWFLSMSAWTN-UHFFFAOYSA-N,2020,Ki,8.329754
PDLVJSBMRGEXNE-UHFFFAOYSA-N,1997,Ki,6.499997
PDNOIHGCVLVCCX-UHFFFAOYSA-N,2022,Ki,8.365523
PDQWDSWLQAHIBM-UHFFFAOYSA-N,2006,Ki,6.468521
PDQWDSWLQAHIBM-UHFFFAOYSA-N,2013,Ki,6.468521
PDRHZVHAACZKMF-VAWYXSNFSA-N,1995,Ki,6.560667
PDUUSJJPAUMGTJ-IAGOWNOFSA-N,2009,Ki,5.660000
PEALWHNJZNZNMZ-LLVKDONJSA-N,1996,Ki,5.838632
PEBYJPFREGHAND-UHFFFAOYSA-N,2017,EC50,8.397940
PEBYJPFREGHAND-UHFFFAOYSA-N,2017,EC50,7.283997
PEBYJPFREGHAND-UHFFFAOYSA-N,2017,EC50,7.280006
PECGTMPBAIIWKZ-UHFFFAOYSA-N,2013,Ki,7.823909
PECNNRFECBMDBM-UHFFFAOYSA-N,2014,Ki,9.522879
PECVDLVWKCIEGG-SNAWJCMRSA-N,2016,Ki,8.892790
PEJKTDOJOAMLDH-UHFFFAOYSA-N,2014,Ki,7.619789
PEJRVVYNELAPOR-HZPDHXFCSA-N,2009,Ki,8.119987
PEJRVVYNELAPOR-HZPDHXFCSA-N,2009,EC50,8.639975
PELJKMLXUPTOKG-UHFFFAOYSA-N,2017,Ki,8.251812
PELJKMLXUPTOKG-UHFFFAOYSA-N,2017,EC50,7.346787
PERZUBKQSWNXBB-KOAQGZTJSA-N,2022,Ki,9.251812
PFALMGBZVKYODL-UHFFFAOYSA-N,2013,Ki,6.987163
PFGBBCQUFOGHGT-QKCSRTOESA-N,2014,Ki,6.290730
PFLVUDAFKXUKEV-UHFFFAOYSA-N,2011,Ki,9.920819
PFQMUGNELAMXCH-NUYADNILSA-N,2003,Ki,8.700057
PFWVQEFSAUYDCS-GCJKJVERSA-N,2010,Ki,8.199971
PFWYFJWJIWWNBL-UHFFFAOYSA-N,2019,Ki,7.730487
PFWYFJWJIWWNBL-UHFFFAOYSA-N,2020,Ki,7.730487
PFWZDYSBLPIXBI-GLRZTSSQSA-N,2009,Ki,7.299989
PFYOIMYEJHJBDU-UHFFFAOYSA-N,2007,Ki,9.339989
PGAXGWGBGVJKJG-MRXNPFEDSA-N,1994,Ki,6.469800
PGBIKSUFINVTHD-QLCIJSRNSA-N,2014,Ki,6.055517
PGCKDCUFJMOFOO-UHFFFAOYSA-N,2011,Ki,8.698970
PGKMOUOGPCFQTK-QGZVFWFLSA-N,2011,Ki,6.886057
PGKOALRXUFBZNU-UHFFFAOYSA-N,2019,Ki,4.910000
PGNPMTAEFDKCKN-BWKNWUBXSA-N,2016,Ki,7.819874
PGOKBMWPBDRDGN-IBXSQZDTSA-N,,IC50,7.552842
PGOKBMWPBDRDGN-IBXSQZDTSA-N,,Ki,8.016148
PGQVBLPLAKZWKQ-LBZQVFOQSA-N,2014,Ki,8.413300
PGQVBLPLAKZWKQ-LBZQVFOQSA-N,2014,Ki,8.413300
PGSGTPNUOJTSEM-DEOSSOPVSA-N,2016,Ki,7.207608
PGSGTPNUOJTSEM-XMMPIXPASA-N,2016,Ki,6.180456
PGTMRNBGCGSJFJ-UHFFFAOYSA-N,2021,Ki,6.407823
PGTMRNBGCGSJFJ-UHFFFAOYSA-N,2021,Ki,6.409995
PGUHEGODMQZTBX-UHFFFAOYSA-N,2019,Ki,5.557050
PGWQCIREQLHHHR-UHFFFAOYSA-N,2000,Ki,6.688246
PHGOEMMHIGVMIN-UHFFFAOYSA-N,2016,Ki,6.318759
PHGOEMMHIGVMIN-UHFFFAOYSA-N,2020,Ki,6.318759
PHHRLMSWZZUWNE-UHFFFAOYSA-N,2020,EC50,6.366532
PHHRLMSWZZUWNE-UHFFFAOYSA-N,2023,EC50,6.366532
PHLBKPHSAVXXEF-UHFFFAOYSA-N,,IC50,5.426780
PHLBKPHSAVXXEF-UHFFFAOYSA-N,,Ki,5.895854
PHMGZAICAOYEAF-UHFFFAOYSA-N,2018,Ki,6.209996
PHMGZAICAOYEAF-UHFFFAOYSA-N,2022,Ki,6.209996
PHSMQRWSBVFISF-UHFFFAOYSA-N,2015,Ki,6.031517
PHVGLTMQBUFIQQ-UHFFFAOYSA-N,,IC50,6.747147
PHVGLTMQBUFIQQ-UHFFFAOYSA-N,,Ki,7.214670
PHVNNOMMTJPRIX-XUTJKUGGSA-N,2014,Ki,8.767004
PHVNNOMMTJPRIX-XUTJKUGGSA-N,2014,Ki,8.767004
PHZPOMMTJKRHHB-UHFFFAOYSA-N,2009,Ki,7.899974
PIGKDOALHKDJJK-UHFFFAOYSA-N,2009,Ki,5.959999
PIHOPECZMJBZBU-UHFFFAOYSA-N,2002,Ki,8.444906
PIPVZEXRFVHTJJ-UHFFFAOYSA-N,1998,Ki,6.228192
PIPVZEXRFVHTJJ-UHFFFAOYSA-N,2013,Ki,6.228192
PISAGUMTFMXBJX-YOCNBXQISA-N,2022,Ki,8.568636
PITWYMITJRIVTR-UHFFFAOYSA-N,2013,Ki,7.879426
PIXRONAZKMZTPE-REAKQFRHSA-N,2000,Ki,8.400008
PIXTXCJJBIOUSC-MEMLXQNLSA-N,1998,Ki,7.619789
PIZUPLOSIUAOMH-UHFFFAOYSA-N,2014,Ki,8.886057
PIZUPLOSIUAOMH-UHFFFAOYSA-N,2014,EC50,8.230032
PIZUPLOSIUAOMH-UHFFFAOYSA-N,2014,EC50,8.229148
PJBTVIXTPXKPPS-UHFFFAOYSA-N,1997,Ki,6.599998
PJDIIZOQXMDDPU-HKJJFUAXSA-N,2005,Ki,7.510042
PJDIIZOQXMDDPU-MLDYKZIASA-N,2005,Ki,5.679999
PJDIIZOQXMDDPU-OPCAMPFDSA-N,2005,Ki,5.320000
PJDIIZOQXMDDPU-WIOAZZGGSA-N,2005,Ki,7.309981
PJFFOWVGCUFENF-UHFFFAOYSA-N,2025,Ki,4.438899
PJHSLUZTOYNMIW-QAQDUYKDSA-N,2023,Ki,9.142668
PJMKWDTWNMTUMU-WGSAOQKQSA-N,2023,Ki,9.366532
PJMOAMQVWVRXEQ-UHFFFAOYSA-N,1999,Ki,6.346787
PJMPHNIQZUBGLI-UHFFFAOYSA-N,2021,Ki,4.581699
PJSUYRBCBFPCQW-UHFFFAOYSA-N,2007,Ki,6.199998
PJTUVEVWHJIBQJ-RPWUZVMVSA-N,2023,Ki,8.537602
PJVALUSGGUHVON-KRWDZBQOSA-N,2017,Ki,6.756962
PJWMINWCBXFJAI-UHFFFAOYSA-N,2008,Ki,7.962574
PJYLRRSJBZGONV-UHFFFAOYSA-N,1997,Ki,8.199971
PKALTNFRHBJDRH-UHFFFAOYSA-N,2021,Ki,5.690000
PKALTNFRHBJDRH-UHFFFAOYSA-N,2021,Kd,10.588380
PKAXIMFUJIQFKS-UHFFFAOYSA-N,2007,Ki,8.500038
PKBFRDZADXJQRC-UHFFFAOYSA-N,2004,Ki,8.346787
PKBLQXOBPRBPQT-UHFFFAOYSA-N,2021,Ki,6.920819
PKERFNJZSQACGZ-RNVDEAKXSA-N,2022,Ki,9.327902
PKGJBHXJYDGBET-UHFFFAOYSA-N,2007,Ki,7.752027
PKJVDKUHFZYEMN-UHFFFAOYSA-N,2012,Ki,9.180456
PKODMLACMGNJDC-UHFFFAOYSA-N,2021,Ki,6.150581
PKODMLACMGNJDC-UHFFFAOYSA-N,2021,Ki,6.149997
PKOUVYCYGDKEDL-YBFXNURJSA-N,2006,Ki,7.229885
PKOXYVFXXHZYKA-QWFCFKBJSA-N,2023,Ki,10.136677
PKQSDHHTBMYENT-UHFFFAOYSA-N,2006,Ki,5.677781
PKTRMJIQNXQJKK-UHFFFAOYSA-N,1997,Ki,7.400008
PKZXLMVXBZICTF-UHFFFAOYSA-N,2010,Ki,5.000000
PLAPJTQAKKRSBQ-AQYVVDRMSA-N,2014,Ki,8.614394
PLAPJTQAKKRSBQ-AQYVVDRMSA-N,2014,Ki,8.614394
PLDUPXSUYLZYBN-UHFFFAOYSA-N,2009,Ki,8.493495
PLDUPXSUYLZYBN-UHFFFAOYSA-N,,IC50,9.226214
PLDUPXSUYLZYBN-UHFFFAOYSA-N,,Ki,9.694649
PLDUPXSUYLZYBN-UHFFFAOYSA-N,2024,Ki,8.494850
PLFUSXITMGZVCU-UHFFFAOYSA-N,2011,Ki,7.092589
PLMJRPLZFUQQCS-UHFFFAOYSA-N,1997,Ki,6.261219
PLMJRPLZFUQQCS-UHFFFAOYSA-N,2021,Ki,6.261219
PLOJXPTWIFIEMZ-LYXWCMDISA-N,2022,Ki,8.920819
PLVMBXJAZDNOCA-IYARVYRRSA-N,2014,Ki,8.473661
PLVMBXJAZDNOCA-IYARVYRRSA-N,2014,Ki,8.473661
PLVZHOWVQHWPON-UHFFFAOYSA-N,2010,IC50,5.845880
PLYQWXWXIUOYQJ-UHFFFAOYSA-N,2012,Ki,6.337242
PLZGEHCHVFNRGK-UHFFFAOYSA-N,2020,Ki,7.046724
PMBDKZARCOUAFU-UHFFFAOYSA-N,2021,Ki,7.360016
PMBDKZARCOUAFU-UHFFFAOYSA-N,2021,EC50,6.579995
PMBZPLQKUNCRDH-UHFFFAOYSA-N,2017,Ki,8.769551
PMBZPLQKUNCRDH-UHFFFAOYSA-N,2017,EC50,7.431798
PMHBIRXUKAOYEK-UILWBTOOSA-N,2013,Ki,8.196543
PMHBIRXUKAOYEK-UILWBTOOSA-N,2013,Ki,8.196543
PMHUNJLVEGNLQB-UHFFFAOYSA-N,2011,Ki,6.889410
PMKAIUNAWGFBKO-UHFFFAOYSA-N,2016,Ki,6.296709
PMLIXGHEIFJDMD-UHFFFAOYSA-N,2017,Ki,9.301030
PMMMMZICRVMUKQ-UHFFFAOYSA-N,2006,Ki,6.853872
PMMMMZICRVMUKQ-UHFFFAOYSA-N,2007,Ki,6.850012
PMMMMZICRVMUKQ-UHFFFAOYSA-N,2013,Ki,6.853872
PMNZCFDKKKLFHH-UHFFFAOYSA-N,2011,Ki,6.369572
PMOFOATUAABMTD-UHFFFAOYSA-N,2008,Ki,8.500038
PMXMIIMHBWHSKN-UHFFFAOYSA-N,2024,Ki,8.124939
PMXOLMUJYKILQT-AQYVVDRMSA-N,2014,Ki,8.655608
PMXOLMUJYKILQT-AQYVVDRMSA-N,2014,Ki,8.655608
PMYFBYDQSGEVHT-DBTMUERSSA-N,2013,Ki,7.421361
PMZOPKCHYGDQPO-JOCHJYFZSA-N,2020,Ki,6.359519
PMZOPKCHYGDQPO-QFIPXVFZSA-N,2020,Ki,8.229885
PMZOPKCHYGDQPO-UHFFFAOYSA-N,2016,Ki,8.000000
PMZOPKCHYGDQPO-UHFFFAOYSA-N,2016,Ki,8.500038
PMZOPKCHYGDQPO-UHFFFAOYSA-N,2020,Ki,8.309804
PNCPYILNMDWPEY-QGZVFWFLSA-N,2024,Ki,7.145390
PNDDOSJAKNIYIV-QAQDUYKDSA-N,2016,Ki,10.022276
PNHVOOVVCPJXPA-QAQDUYKDSA-N,2013,Ki,7.366532
PNKHRDPVHPGEHT-LBEPJEHYSA-N,2020,Ki,9.366532
PNKHRDPVHPGEHT-LBEPJEHYSA-N,2022,Ki,9.366532
PNQSNINBJBZCHR-PAVFIEEWSA-N,2023,Ki,9.244125
PNROEQYQIZJINW-RUZDIDTESA-N,2016,Ki,6.102373
PNROEQYQIZJINW-VWLOTQADSA-N,2016,Ki,5.769551
PNTBTATXSREBKG-UHFFFAOYSA-N,1996,Ki,8.199971
PNUAYJRARXKVQH-UHFFFAOYSA-N,1997,Ki,6.571865
PNWFKFMFPUOMLB-UHFFFAOYSA-N,2025,Ki,4.573489
PNYXLKQFWMPYSH-OAHLLOKOSA-N,2014,Ki,8.747147
PNYXLKQFWMPYSH-OAHLLOKOSA-N,2014,Ki,8.779892
PNZJHNPWNQIJPQ-LJQANCHMSA-N,2013,Ki,7.259637
POAVMWZFLHERGE-KJDSRRNHSA-N,2023,Ki,9.602060
POCNIPUWZPJPSF-UHFFFAOYSA-N,2022,Ki,5.904482
POFDQHAFICYDAQ-UHFFFAOYSA-N,2007,Ki,9.609949
PONADOYAURXJAH-UHFFFAOYSA-N,2009,Ki,7.214670
PONADOYAURXJAH-UHFFFAOYSA-N,2009,Ki,6.468521
PONADOYAURXJAH-UHFFFAOYSA-N,2009,Ki,7.292430
PONADOYAURXJAH-UHFFFAOYSA-N,2009,Ki,7.356547
PONADOYAURXJAH-UHFFFAOYSA-N,2009,Ki,6.142668
PONADOYAURXJAH-UHFFFAOYSA-N,2009,Ki,5.638272
PONADOYAURXJAH-UHFFFAOYSA-N,2009,Ki,6.167491
PONADOYAURXJAH-UHFFFAOYSA-N,2009,Ki,6.113509
PONADOYAURXJAH-UHFFFAOYSA-N,2009,Ki,5.920819
PORLBUSMWVWYQB-UHFFFAOYSA-N,1997,Ki,6.714443
POVCSYONXDMZKL-DEOSSOPVSA-N,2022,EC50,8.536107
POVCSYONXDMZKL-UHFFFAOYSA-N,2002,Ki,8.756962
POVCSYONXDMZKL-UHFFFAOYSA-N,2008,Ki,8.806875
POVCSYONXDMZKL-UHFFFAOYSA-N,2008,EC50,9.161151
POVCSYONXDMZKL-XMMPIXPASA-N,2010,Ki,8.752027
POZFPYZCVYTCQZ-UHFFFAOYSA-N,1997,Ki,5.583359
POZFPYZCVYTCQZ-UHFFFAOYSA-N,1997,Ki,5.804100
POZRVZJJTULAOH-LHZXLZLDSA-N,,IC50,4.539704
POZRVZJJTULAOH-LHZXLZLDSA-N,,Ki,5.008774
POZXHKGYVSZVAB-UHFFFAOYSA-N,2009,Ki,7.080922
PPBAFHRXACXAFW-KESTWPANSA-N,2014,Ki,7.643974
PPBAFHRXACXAFW-KESTWPANSA-N,2014,Ki,7.643974
PPDFQOCRZHOASS-UHFFFAOYSA-N,2020,EC50,5.537602
PPDFQOCRZHOASS-UHFFFAOYSA-N,2023,EC50,5.537602
PPLSEYBUMZWQHS-OFNKIYASSA-N,2016,Ki,8.779892
PPLSEYBUMZWQHS-OFNKIYASSA-N,2016,Ki,8.830032
PPNFHFXNWYTHCJ-UHFFFAOYSA-N,2019,Ki,7.777284
PPNVEHNMOQYPLB-QAQDUYKDSA-N,2023,Ki,9.769551
PPRPQASEYHUGIG-UHFFFAOYSA-N,2015,Ki,7.009217
PPTCFBYLQJKXAO-UHFFFAOYSA-N,2007,Ki,7.397940
PPVWOMBOQZECHS-UHFFFAOYSA-N,2014,Ki,8.008774
PQBWSEUMJSRWDF-UHFFFAOYSA-N,2019,Ki,6.378824
PQCUTSKJJPRTSW-UHFFFAOYSA-N,2019,Ki,6.211832
PQDYOEMOWGGFPI-UHFFFAOYSA-N,2020,EC50,6.091515
PQDYOEMOWGGFPI-UHFFFAOYSA-N,2023,EC50,6.091515
PQHIRTDXFUZNBI-DVECYGJZSA-N,2016,Ki,9.470057
PQHIRTDXFUZNBI-DVECYGJZSA-N,2016,Ki,9.280006
PQLHKVPYCUVYGV-UHFFFAOYSA-N,2017,EC50,8.431798
PQOIDBZLMJMYCD-UHFFFAOYSA-N,2004,Ki,6.251812
PQSCNANWIFBYCN-WKILWMFISA-N,2023,Ki,10.318759
PQVQCEDGSJVHMK-UHFFFAOYSA-N,2023,Ki,5.782516
PQVQCEDGSJVHMK-UHFFFAOYSA-N,2023,EC50,5.630784
PQVQCEDGSJVHMK-UHFFFAOYSA-N,2023,IC50,4.821023
PRBBGEBXWKOEEQ-UHFFFAOYSA-N,2016,Ki,7.318759
PRDRZXROMYANHC-PXJZQJOASA-N,1998,Ki,6.599998
PRDRZXROMYANHC-UHFFFAOYSA-N,1998,Ki,8.000000
PRDRZXROMYANHC-XRKRLSELSA-N,1998,Ki,5.899998
PRDRZXROMYANHC-YTMVLYRLSA-N,1998,Ki,8.199971
PRECWTBVGZKXGO-UHFFFAOYSA-N,2019,Ki,7.059982
PRECWTBVGZKXGO-UHFFFAOYSA-N,2020,Ki,7.059982
PRJNFNOLHGROQO-UHFFFAOYSA-N,1999,Ki,6.091515
PRUAALOHVVCQPZ-UHFFFAOYSA-N,2009,Ki,5.512296
PRWXOHHRHWZNOG-NGRWLJPCSA-N,2008,Ki,8.441291
PRWXOHHRHWZNOG-NGRWLJPCSA-N,2008,IC50,8.376751
PRYVZXFJJBFQRT-UHFFFAOYSA-N,2018,Ki,5.430000
PSDFKKSPYSFZKR-LJQANCHMSA-N,2014,Ki,5.557520
PSDFKKSPYSFZKR-LJQANCHMSA-N,2014,IC50,5.087778
PSGJGQIYXBOEED-UHFFFAOYSA-N,2000,Ki,4.698970
PSIMZXQMJNBYKI-UHFFFAOYSA-N,2020,EC50,7.301030
PSIMZXQMJNBYKI-UHFFFAOYSA-N,2023,EC50,7.301030
PSIMZXQMJNBYKI-UHFFFAOYSA-N,2023,EC50,7.301030
PSMOCFUMBCKOPV-UHFFFAOYSA-N,2008,Ki,6.699992
PSQWBHXNCLXCGM-XUTJKUGGSA-N,2014,Ki,7.966576
PSQWBHXNCLXCGM-XUTJKUGGSA-N,2014,Ki,7.966576
PSSMSADYPZZWDS-UHFFFAOYSA-N,1995,Ki,5.698970
PSSMSADYPZZWDS-UHFFFAOYSA-N,2013,Ki,5.698970
PSWUORNVMIRUSW-UHFFFAOYSA-N,1998,Ki,7.832683
PTBUPSWCTVUVPR-AFARHQOCSA-N,2023,Ki,9.657577
PTGSXEXRDSETGR-UHFFFAOYSA-N,2011,Ki,7.000000
PTNPPRPOWCBKGO-SAIGFBBZSA-N,2014,Ki,8.872895
PTNPPRPOWCBKGO-SAIGFBBZSA-N,2014,Ki,8.872895
PTPSBYOWELRFJR-UHFFFAOYSA-N,2003,Ki,7.809668
PTUNPPZTSHFJHC-UHFFFAOYSA-N,2009,Ki,9.920819
PTUSEMHIKWRSIP-UHFFFAOYSA-N,2021,Ki,8.698970
PTWUCXQTDONCCL-RRPNLBNLSA-N,2023,Ki,5.486782
PTYKCMYOCGOEMO-IZZNHLLZSA-N,2023,IC50,7.101275
PTYKCMYOCGOEMO-IZZNHLLZSA-N,2023,Ki,7.801343
PUFRXIARUMGNAR-LSNLESRRSA-N,2014,Ki,8.309804
PUFRXIARUMGNAR-LSNLESRRSA-N,2014,Ki,8.309804
PUHBDUPTTFDHNP-MTNLDAPISA-N,2020,Ki,8.886057
PUHBDUPTTFDHNP-MTNLDAPISA-N,2022,Ki,8.886057
PUMDJZOMWDDEEH-UHFFFAOYSA-N,2020,Ki,6.705534
PUMDJZOMWDDEEH-UHFFFAOYSA-N,2020,Ki,6.710010
PUNOXAJECPGYQM-UHFFFAOYSA-N,2022,Ki,6.710010
PUTDAMBATXHKHN-RBQJHTGYSA-N,2021,Ki,4.863279
PUTIADDALKYHRM-LJQANCHMSA-N,2000,Ki,6.920819
PUTIADDALKYHRM-UHFFFAOYSA-N,2000,Ki,7.124939
PUVBZHHLUFJVIL-SAABIXHNSA-N,2023,Ki,10.045757
PUVINHDPRXBNSI-OJBMAJLDSA-N,2020,Ki,8.327902
PUVINHDPRXBNSI-OJBMAJLDSA-N,2022,Ki,8.327902
PUXZKIZAAABQFP-AQYVVDRMSA-N,2023,Ki,9.920819
PVACCLSEBPABQC-UHFFFAOYSA-N,2016,Ki,6.328827
PVACCLSEBPABQC-UHFFFAOYSA-N,2016,Ki,6.329995
PVAHGORZNPASFQ-UHFFFAOYSA-N,2010,IC50,6.025488
PVAIEWDYRNQJFR-MXVIHJGJSA-N,2013,Ki,8.318759
PVDOYAVBGNHRBV-UHFFFAOYSA-N,2015,Ki,9.928118
PVDOYAVBGNHRBV-UHFFFAOYSA-N,2015,EC50,6.853872
PVDOYAVBGNHRBV-UHFFFAOYSA-N,2015,IC50,8.096910
PVEJYMIAJKGDRP-UHFFFAOYSA-N,2016,Ki,8.795880
PVENBHMDIHLYQL-UHFFFAOYSA-N,2019,Ki,8.829738
PVENBHMDIHLYQL-UHFFFAOYSA-N,2020,Ki,8.829738
PVENUDXTVWGTGJ-UHFFFAOYSA-N,2011,Ki,5.813609
PVFMPPYWTMNZHL-UHFFFAOYSA-N,2020,EC50,8.022276
PVFMPPYWTMNZHL-UHFFFAOYSA-N,2023,EC50,8.022276
PVFMPPYWTMNZHL-UHFFFAOYSA-N,2023,EC50,8.022276
PVMKVNICRVBAGQ-UHFFFAOYSA-N,2023,Ki,6.823909
PVPFHWKNLSESPB-UHFFFAOYSA-N,2009,Ki,5.541513
PVPUOHNCMSOAEE-UHFFFAOYSA-N,2008,Ki,7.400008
PVZYVDCGRBZEMH-IYARVYRRSA-N,2020,Ki,9.698970
PVZYVDCGRBZEMH-IYARVYRRSA-N,2022,Ki,10.657577
PVZYVDCGRBZEMH-IYARVYRRSA-N,2022,Ki,10.229148
PWBXUBVXWIRMLW-UHFFFAOYSA-N,2019,Ki,7.550059
PWCSMJIRMONKML-UHFFFAOYSA-N,2017,Ki,7.125518
PWCSMJIRMONKML-UHFFFAOYSA-N,2018,Ki,7.125518
PWCVSHXTKFEXBF-AWEZNQCLSA-N,2005,Ki,7.339989
PWCVSHXTKFEXBF-CQSZACIVSA-N,2005,Ki,5.550000
PWFWFOUAVPITTG-UHFFFAOYSA-N,1999,Ki,7.100015
PWGOIITXHIWDRA-MEMLXQNLSA-N,2014,Ki,8.540608
PWGOIITXHIWDRA-MEMLXQNLSA-N,2014,Ki,8.540608
PWKPGNFUHDJMAK-NDQYQSCMSA-N,2023,Ki,9.251812
PWMDANRQWZFAPB-UHFFFAOYSA-N,1996,Ki,8.299989
PWOUQMPSBBVTMJ-UHFFFAOYSA-N,2008,Ki,6.229148
PWWITWFCENNJEP-AWEZNQCLSA-N,2002,Ki,9.267606
PWWITWFCENNJEP-AWEZNQCLSA-N,2002,EC50,8.552842
PWWVAXIEGOYWEE-UHFFFAOYSA-N,,IC50,6.252588
PWWVAXIEGOYWEE-UHFFFAOYSA-N,,Ki,6.721246
PWXSXDYNNANOIK-UHFFFAOYSA-N,2013,Ki,8.823909
PWYAMFWGADVMGC-SDNWHVSQSA-N,2003,Ki,9.420216
PWYCTCPWHXJEDU-UHFFFAOYSA-N,2006,Ki,6.528708
PWZPBZQTTHOCIS-HHHXNRCGSA-N,2013,Ki,9.769551
PWZPBZQTTHOCIS-HHHXNRCGSA-N,2015,Ki,9.000000
PWZPBZQTTHOCIS-MHZLTWQESA-N,2013,Ki,9.920819
PWZPBZQTTHOCIS-MHZLTWQESA-N,2015,Ki,8.366532
PWZPBZQTTHOCIS-UHFFFAOYSA-N,2008,Ki,9.677781
PWZPBZQTTHOCIS-UHFFFAOYSA-N,2008,EC50,8.795880
PWZPBZQTTHOCIS-UHFFFAOYSA-N,2008,EC50,8.677781
PWZPBZQTTHOCIS-UHFFFAOYSA-N,2008,Ki,9.107905
PWZPBZQTTHOCIS-UHFFFAOYSA-N,2008,Ki,6.060481
PWZPBZQTTHOCIS-UHFFFAOYSA-N,2008,Ki,7.698970
PWZPBZQTTHOCIS-UHFFFAOYSA-N,2013,Ki,9.698970
PXCHOWMQGZACON-WGSAOQKQSA-N,2013,Ki,8.721246
PXEURUZEVKVPGJ-UHFFFAOYSA-N,2011,IC50,6.205512
PXJXLYRJAGOTQU-RMDSEJHCSA-N,2022,Ki,6.000000
PXLGTQTYMBVHFH-UHFFFAOYSA-N,2007,Ki,8.700057
PXLZPYQDTASRQC-JCVDRHSJSA-N,2023,Ki,6.442493
PXLZPYQDTASRQC-JCVDRHSJSA-N,2023,IC50,6.570006
PXLZPYQDTASRQC-JCVDRHSJSA-N,2023,EC50,6.567031
PXMXBPLOQSHMBE-UHFFFAOYSA-N,2008,Ki,8.400008
PXPHOMJZPNVWMG-KRWDZBQOSA-N,2016,EC50,9.107905
PXQSRAWVKJTJBP-UHFFFAOYSA-N,2012,Ki,5.991400
PXWQDDTVMQMYJG-UHFFFAOYSA-N,2006,Ki,6.822464
PYCKGDROYNHKPS-UHFFFAOYSA-N,2010,Ki,7.000000
PYDCBKVOIWIWLP-UHFFFAOYSA-N,2007,Ki,7.599980
PYPHZFKZPWVUSJ-UHFFFAOYSA-N,2010,Ki,8.254145
PYUXUZVGGSSQTN-UHFFFAOYSA-N,2019,Ki,7.000435
PYUXUZVGGSSQTN-UHFFFAOYSA-N,2019,IC50,6.309804
PYUXUZVGGSSQTN-UHFFFAOYSA-N,2022,Ki,7.046240
PYUXUZVGGSSQTN-UHFFFAOYSA-N,2022,Ki,7.000435
PYVFEIJTIUOBFF-NDEPHWFRSA-N,2014,Ki,6.455932
PYXPRMLVOWMRMK-JKIUYZKVSA-N,2014,Ki,7.696804
PYXPRMLVOWMRMK-JKIUYZKVSA-N,2014,Ki,7.696804
PZBBMWTZUNRBLR-UHFFFAOYSA-N,2010,Ki,6.537602
PZBTVBSLNQDOCG-UHFFFAOYSA-N,2007,Ki,8.599980
PZIGTEKDSRHYIT-UHFFFAOYSA-N,1999,IC50,8.096910
PZOVIFGFKIPBAC-UHFFFAOYSA-N,2007,Ki,8.422508
PZTFOAIQGVVNAX-UHFFFAOYSA-N,2003,Ki,8.408935
PZWHEQIOEMDZEH-UHFFFAOYSA-N,2003,Ki,9.301030
PZYRQKWSXFGUED-IYARVYRRSA-N,2013,Ki,7.342944
QAAKBUYWNXINKR-UHFFFAOYSA-N,2008,Ki,4.958607
QAAOBQZCHWUKTE-UAPYVXQJSA-N,2014,Ki,8.545155
QAAOBQZCHWUKTE-UAPYVXQJSA-N,2014,Ki,8.545155
QAECXZXKVURFMR-LBPRGKRZSA-N,2008,Ki,9.657577
QAESTHCUZJPQGF-UHFFFAOYSA-N,2019,Ki,6.769551
QAPWGFAFNBTWSU-UHFFFAOYSA-N,1997,Ki,5.677781
QATNQFJQXRFOHL-UHFFFAOYSA-N,2001,IC50,5.673664
QAWQNXXSPFROGF-UHFFFAOYSA-N,2006,Ki,7.943095
QBBNRIPQRWMMNR-CYBMUJFWSA-N,1994,Ki,5.944622
QBCMAEWHGOHJTN-UHFFFAOYSA-N,2020,EC50,8.036212
QBCMAEWHGOHJTN-UHFFFAOYSA-N,2023,EC50,8.036212
QBCMSAVCLXLVLP-INIZCTEOSA-N,1999,Ki,7.327902
QBCMSAVCLXLVLP-MRXNPFEDSA-N,1999,Ki,6.443697
QBLXQBNQMNADCM-QAQDUYKDSA-N,2020,Ki,9.494850
QBLXQBNQMNADCM-QAQDUYKDSA-N,2022,Ki,9.494850
QBQZCKZJIWENBM-XUTJKUGGSA-N,2013,Ki,8.193142
QBQZCKZJIWENBM-XUTJKUGGSA-N,2013,Ki,8.193142
QBRAQPXCJIBXIU-UHFFFAOYSA-N,2014,Ki,6.251812
QBRLVMQBZIFWTB-WEVVVXLNSA-N,2001,Ki,8.100015
QBRPGZFNANDQNL-HNAYVOBHSA-N,2017,Ki,5.899998
QBTYVNHGXHWAKS-OAHLLOKOSA-N,1996,Ki,5.978811
QBWLTDPVSJCLIE-UHFFFAOYSA-N,2018,Ki,6.679854
QBXAIVGOAROPJH-UHFFFAOYSA-N,2016,Ki,7.899974
QBXAIVGOAROPJH-UHFFFAOYSA-N,2019,Ki,7.910095
QBXAIVGOAROPJH-UHFFFAOYSA-N,2020,Ki,7.910095
QBXXUIOGPPBTJN-UHFFFAOYSA-N,2013,IC50,7.605548
QBXXUIOGPPBTJN-UHFFFAOYSA-N,2021,Ki,8.366532
QCALWRVXYCHRSG-AZUAARDMSA-N,2019,Ki,9.189767
QCALWRVXYCHRSG-AZUAARDMSA-N,2020,Ki,9.189767
QCALWRVXYCHRSG-QUCCMNQESA-N,2019,Ki,8.229885
QCALWRVXYCHRSG-QUCCMNQESA-N,2020,Ki,8.229885
QCALWRVXYCHRSG-UHFFFAOYSA-N,2016,Ki,8.199971
QCALWRVXYCHRSG-UHFFFAOYSA-N,2016,Ki,9.199971
QCALWRVXYCHRSG-UHFFFAOYSA-N,2016,Ki,8.849858
QCALWRVXYCHRSG-UHFFFAOYSA-N,2019,Ki,8.850781
QCALWRVXYCHRSG-UHFFFAOYSA-N,2020,Ki,8.850781
QCDCMDPVHPUROA-UHFFFAOYSA-N,2009,Ki,8.400008
QCIVSGZRNOFBPZ-UHFFFAOYSA-N,1997,Ki,7.000000
QCKWKKZGPZWWFN-UHFFFAOYSA-N,2001,Ki,7.721246
QCUYPKBVNBHYOZ-RXAXNXDRSA-N,2001,Ki,7.599980
QCXHSUNSZGYUFF-UHFFFAOYSA-N,2007,Ki,6.309804
QCYUUTMUPYPDBW-UHFFFAOYSA-N,1996,Ki,5.800001
QCZAQDDIFCRXPX-XMMPIXPASA-N,2017,Ki,6.253366
QCZONXSWEXKHJH-KYJUHHDHSA-N,1998,Ki,6.699992
QDADEDFRUNQJKV-UHFFFAOYSA-N,2020,Ki,7.630784
QDBGJAGCCLNYMQ-UHFFFAOYSA-N,2022,Ki,5.899998
QDBPUGDJXGIOJW-HFYIJGDASA-N,2016,Ki,8.560036
QDMAKDIDFJTXEL-UHFFFAOYSA-N,1999,Ki,6.113509
QDMAKDIDFJTXEL-UHFFFAOYSA-N,1996,Ki,6.113509
QDMAKDIDFJTXEL-UHFFFAOYSA-N,1997,Ki,6.113509
QDMAKDIDFJTXEL-UHFFFAOYSA-N,2017,Ki,6.318759
QDMAKDIDFJTXEL-UHFFFAOYSA-N,2021,Ki,6.113509
QDNDGTZHSMYBCZ-UHFFFAOYSA-N,2017,EC50,8.443697
QDNDGTZHSMYBCZ-UHFFFAOYSA-N,2020,EC50,8.443697
QDOTVZOVPXPXFB-SAABIXHNSA-N,2020,Ki,9.356547
QDOTVZOVPXPXFB-SAABIXHNSA-N,2022,Ki,9.356547
QDQDDWWAKHSCSK-IYARVYRRSA-N,2013,Ki,7.698970
QDRMTYQLXZSORG-UHFFFAOYSA-N,2011,IC50,5.659754
QDTSODNKOSJEPX-UHFFFAOYSA-N,2007,Ki,6.514279
QDUNOUQOKOYLCH-UHFFFAOYSA-N,2006,Ki,6.408935
QDWOSBADSCWLQX-UHFFFAOYSA-N,2002,Ki,7.721246
QDXLLGQCGFUDMI-UHFFFAOYSA-N,1995,Ki,9.060481
QEAYWRGPVOISMK-UHFFFAOYSA-N,2013,IC50,6.566230
QENYNNSJVREWOL-UHFFFAOYSA-N,1999,Ki,8.799971
QEQTYRYMOSHBTB-FCHUYYIVSA-N,2021,Ki,9.301899
QETCNYZNLBVXLI-UHFFFAOYSA-N,2001,IC50,5.718967
QEVFANOTWOZMFN-UHFFFAOYSA-N,2012,Ki,6.374688
QEVFANOTWOZMFN-UHFFFAOYSA-N,2014,Ki,6.374688
QEYMQXWYAIZBBS-UHFFFAOYSA-N,2021,Ki,7.552842
QEYPINFPGIXPDO-UHFFFAOYSA-N,2021,IC50,4.800000
QFFHKTGTQLEPSD-SMQSCJQKSA-N,2023,Ki,9.657577
QFFTWWDHGZIBEJ-UHFFFAOYSA-N,2017,Ki,6.161151
QFHMBWDXZWRJJD-BJQOMGFOSA-N,2019,Ki,6.761954
QFHMBWDXZWRJJD-HRAATJIYSA-N,2019,Ki,7.505845
QFHMBWDXZWRJJD-KKSFZXQISA-N,2019,Ki,4.616185
QFLHFFBCSDMNNW-UHFFFAOYSA-N,2009,Ki,7.400008
QGGUMCZIAASPSU-KESTWPANSA-N,2014,Ki,8.075721
QGGUMCZIAASPSU-KESTWPANSA-N,2014,Ki,8.075721
QGKCXGBLQBZVNB-IQZDNPOKSA-N,2012,Ki,4.677781
QGKCXGBLQBZVNB-UJCHZGTJSA-N,2012,Ki,5.752027
QGKIQQCQAJMJNK-WGSAOQKQSA-N,2013,Ki,8.333482
QGLGNPCWSBQHAU-UHFFFAOYSA-N,2006,Ki,5.408935
QGNVJFHGWZQUHS-AREMUKBSSA-N,2017,Ki,7.109579
QGRZOKIURVWFKN-IAGOWNOFSA-N,2009,Ki,7.019997
QGSXNUMUNVVREL-XUTJKUGGSA-N,1997,Ki,8.346787
QGUAUKGVRXXHQV-AFARHQOCSA-N,2013,Ki,7.728158
QHGCDJHEAXDUFX-UHFFFAOYSA-N,2021,Ki,6.552842
QHIULQWGQMIOMJ-IYARVYRRSA-N,2022,Ki,9.142668
QHJLPOSPWKZACG-UHFFFAOYSA-N,2014,Ki,9.576754
QHJSQVKSJUNYAK-UHFFFAOYSA-N,2017,Ki,5.274252
QHJSQVKSJUNYAK-UHFFFAOYSA-N,2018,Ki,5.274252
QHKQWOMFBZYAFY-UHFFFAOYSA-N,2015,Ki,7.882729
QHLAPIQLWATZKM-UHFFFAOYSA-N,2014,Ki,8.886057
QHLKQPDXOAFUSN-UHFFFAOYSA-N,2023,Ki,8.455932
QHLKQPDXOAFUSN-UHFFFAOYSA-N,2023,EC50,7.700057
QHLKQPDXOAFUSN-UHFFFAOYSA-N,2023,EC50,7.700929
QHLKQPDXOAFUSN-UHFFFAOYSA-N,2023,IC50,7.920096
QHLKQPDXOAFUSN-UHFFFAOYSA-N,2023,IC50,7.916497
QHLRKDSRGUZHSH-UHFFFAOYSA-N,1999,Ki,8.795880
QHSSVAFDQVBZGK-LIGKVRMXSA-N,2023,Ki,6.151811
QHTFQZNDPJWDIE-UHFFFAOYSA-N,2001,IC50,7.537602
QHTTYYWWULUJBN-UHFFFAOYSA-N,2000,Ki,4.481486
QHUAVXDRCSLDHT-UHFFFAOYSA-N,1996,Ki,8.700057
QHYONRIMRKDWFG-UHFFFAOYSA-N,2003,Ki,8.602060
QHZGODNBRISJPN-UHFFFAOYSA-N,2016,Ki,6.286509
QIFJIQHOWNQNPJ-AQYVVDRMSA-N,2023,Ki,9.229148
QIGRVQBAYKSEIV-UHFFFAOYSA-N,2016,Ki,6.651695
QIGRVQBAYKSEIV-UHFFFAOYSA-N,2016,Ki,6.650004
QIJPXEALWJLAOE-UHFFFAOYSA-N,2010,Ki,7.100015
QIKNEDWYBRZNKC-UHFFFAOYSA-N,1996,Ki,7.700057
QIMGMHULMOXSPU-UHFFFAOYSA-N,2013,Ki,8.259637
QIMZPHYIPMOZHG-UHFFFAOYSA-N,2004,Ki,5.795609
QIPWTYSOANVUKJ-WZONZLPQSA-N,2009,IC50,6.180456
QIUIRCOXERNMCI-KZNAEPCWSA-N,2014,Ki,8.663540
QIUIRCOXERNMCI-KZNAEPCWSA-N,2014,Ki,8.663540
QIUNPJREZURMGC-AJGMTHFWSA-N,2021,Ki,8.242604
QIUNPJREZURMGC-AJGMTHFWSA-N,2021,Ki,7.057496
QIUNPJREZURMGC-RFNIIBAYSA-N,2021,Ki,8.089909
QIUNPJREZURMGC-RFNIIBAYSA-N,2021,Ki,6.943095
QIUNPJREZURMGC-UVPKRVSESA-N,2021,Ki,7.645892
QIUNPJREZURMGC-UVPKRVSESA-N,2021,Ki,6.441291
QIUOKLGCJSMRSR-SAABIXHNSA-N,2023,Ki,9.769551
QIVWZHLPLMDRRN-UHFFFAOYSA-N,2017,EC50,9.045757
QIVWZHLPLMDRRN-UHFFFAOYSA-N,2017,EC50,8.214670
QIVWZHLPLMDRRN-UHFFFAOYSA-N,2017,EC50,8.209996
QIWDESFBOGLASL-UHFFFAOYSA-N,2021,Ki,7.096910
QIWDESFBOGLASL-UHFFFAOYSA-N,2021,Ki,7.100015
QIYZGXQRUURDLK-HOJAQTOUSA-N,2019,Ki,7.449772
QIYZGXQRUURDLK-HOJAQTOUSA-N,2020,Ki,7.449772
QIYZGXQRUURDLK-RLLQIKCJSA-N,2019,Ki,8.429457
QIYZGXQRUURDLK-RLLQIKCJSA-N,2020,Ki,8.429457
QJERAWQQAOXOKR-SAUNMDRZSA-N,2023,Ki,9.744727
QJIHBQHUALITFU-UHFFFAOYSA-N,2011,Ki,6.790485
QJNRRDWLNVGLID-UHFFFAOYSA-N,2008,Ki,9.100015
QJRUCZBGBMXWPF-AQYVVDRMSA-N,2016,Ki,9.721246
QJWKIKCCSCPIKZ-AQYVVDRMSA-N,2023,Ki,9.187087
QKCWJUZPSFBAKW-UHFFFAOYSA-N,2007,Ki,8.299989
QKDZZWJEUUEDPE-UHFFFAOYSA-N,2017,EC50,6.920819
QKDZZWJEUUEDPE-UHFFFAOYSA-N,2017,EC50,6.431798
QKDZZWJEUUEDPE-UHFFFAOYSA-N,2017,EC50,6.429994
QKGGUYOGIVKJFF-FWNKOSSWSA-N,2014,Ki,7.751291
QKGGUYOGIVKJFF-FWNKOSSWSA-N,2014,Ki,7.751291
QKMCUEOKZNEZFG-FIHHNCHPSA-N,2019,Ki,4.179142
QKMCUEOKZNEZFG-FIHHNCHPSA-N,2019,Ki,4.581699
QKMCUEOKZNEZFG-FIHHNCHPSA-N,2019,Ki,4.482804
QKMCUEOKZNEZFG-VNGDJDOVSA-N,2019,Ki,5.924453
QKMCUEOKZNEZFG-VNGDJDOVSA-N,2019,Ki,6.393619
QKMCUEOKZNEZFG-VNGDJDOVSA-N,2019,Ki,5.667562
QKMCUEOKZNEZFG-VNGDJDOVSA-N,2019,Ki,6.559091
QKNACGZYHIMKOB-AQYVVDRMSA-N,2014,Ki,8.000435
QKNACGZYHIMKOB-AQYVVDRMSA-N,2014,Ki,8.000435
QKNMUTJKRIBDKW-XUTJKUGGSA-N,2014,Ki,8.373660
QKNMUTJKRIBDKW-XUTJKUGGSA-N,2014,Ki,8.373660
QKOGYUWOPZFTRE-MXVIHJGJSA-N,2023,Ki,8.754487
QKOGYUWOPZFTRE-MXVIHJGJSA-N,2023,IC50,7.869988
QKOGYUWOPZFTRE-MXVIHJGJSA-N,2023,IC50,7.872571
QKRCVHKKBOUVNT-UHFFFAOYSA-N,2004,Ki,5.107683
QKRYZEPUNXTJKK-UHFFFAOYSA-N,2014,Ki,9.187087
QKRYZEPUNXTJKK-UHFFFAOYSA-N,2014,Ki,9.187087
QKTOQRPNKITPLN-UHFFFAOYSA-N,2018,Ki,6.170002
QKVOQKSMJIDFBY-UHFFFAOYSA-N,2023,Ki,7.294992
QLHZFCCQMNROCJ-UHFFFAOYSA-N,2009,Ki,5.979999
QLJOSZATCBCBDR-DFKUFRTHSA-N,2024,Ki,6.263596
QLMIVFXMQPUHKG-UHFFFAOYSA-N,2012,Ki,6.264401
QLOCSQXNJJSRQH-UHFFFAOYSA-N,2010,Ki,6.299998
QLOCSQXNJJSRQH-UHFFFAOYSA-N,2010,Ki,8.100015
QLOCSQXNJJSRQH-UHFFFAOYSA-N,2010,Ki,8.199971
QLOFPPKCJSHBIO-UHFFFAOYSA-N,2006,Ki,5.920819
QLRIUZVNMLEJEJ-UHFFFAOYSA-N,2017,Ki,8.431798
QLTASWSCCMMISJ-UHFFFAOYSA-N,2012,Ki,5.978397
QLWQFJPPXAYVOM-NGRWLJPCSA-N,2008,Ki,9.036212
QMHQSKUJOYRTHB-UHFFFAOYSA-N,2021,Ki,6.853872
QMIUZKMFRCDUKI-UHFFFAOYSA-N,2007,Ki,6.728158
QMIUZKMFRCDUKI-UHFFFAOYSA-N,2021,Ki,6.728158
QMKMSUCBVBINOY-OWOJBTEDSA-N,2005,Ki,8.468521
QMKMSUCBVBINOY-OWOJBTEDSA-N,2005,EC50,7.617983
QMKMSUCBVBINOY-OWOJBTEDSA-N,2005,Ki,8.468521
QMKMSUCBVBINOY-OWOJBTEDSA-N,2005,Ki,8.180456
QMKMSUCBVBINOY-OWOJBTEDSA-N,2005,IC50,7.617983
QMNBPBDAQNVLRM-UHFFFAOYSA-N,1999,Ki,6.638272
QMOLKOODFFHIEC-WKILWMFISA-N,2014,Ki,8.308919
QMOLKOODFFHIEC-WKILWMFISA-N,2014,Ki,8.308919
QMUUXLBLOLIMJC-UHFFFAOYSA-N,2023,Ki,7.694649
QMUUXLBLOLIMJC-UHFFFAOYSA-N,2023,EC50,7.379968
QMUUXLBLOLIMJC-UHFFFAOYSA-N,2023,EC50,7.379864
QNDFBMWALLMDKL-KNQAVFIVSA-N,2019,Ki,8.110138
QNDFBMWALLMDKL-KNQAVFIVSA-N,2020,Ki,8.110138
QNDFBMWALLMDKL-SIKLNZKXSA-N,2019,Ki,7.229885
QNDFBMWALLMDKL-SIKLNZKXSA-N,2020,Ki,7.229885
QNDFBMWALLMDKL-UHFFFAOYSA-N,2016,Ki,8.100015
QNDFBMWALLMDKL-UHFFFAOYSA-N,2016,Ki,7.199971
QNDFBMWALLMDKL-UHFFFAOYSA-N,2016,Ki,8.000000
QNDFBMWALLMDKL-UHFFFAOYSA-N,2019,Ki,7.958607
QNDFBMWALLMDKL-UHFFFAOYSA-N,2020,Ki,7.958607
QNJDOVDHWZTXIL-XYWHTSSQSA-N,2014,Ki,8.075721
QNJDOVDHWZTXIL-XYWHTSSQSA-N,2014,Ki,8.075721
QNKGTIWNFNPEJL-UHFFFAOYSA-N,2021,Ki,6.677781
QNMSZPXZAGXMKV-GOSISDBHSA-N,2005,Ki,5.620001
QNMSZPXZAGXMKV-SFHVURJKSA-N,2005,Ki,5.100000
QNPXMHDZEWNMNS-OAHLLOKOSA-N,2014,Ki,6.262013
QNPXMHDZEWNMNS-OAHLLOKOSA-N,2014,Ki,7.720105
QNRLJYNBTWBLJQ-UHFFFAOYSA-N,2020,EC50,7.387216
QNRLJYNBTWBLJQ-UHFFFAOYSA-N,2023,EC50,7.107905
QNTNWSQRMBFBSH-UHFFFAOYSA-N,1996,Ki,7.698970
QNUZTODQUSLYJC-UHFFFAOYSA-N,2016,Ki,6.481486
QNWQLJBICCQPMP-UHFFFAOYSA-N,2014,Ki,8.154902
QNWQLJBICCQPMP-UHFFFAOYSA-N,2014,EC50,7.179996
QNWQLJBICCQPMP-UHFFFAOYSA-N,2014,EC50,7.180456
QODHNMBBWHFBBL-ZWKOTPCHSA-N,2023,IC50,8.481486
QODHNMBBWHFBBL-ZWKOTPCHSA-N,2023,Ki,8.853872
QOECKZUXJGSVMP-UHFFFAOYSA-N,2014,Ki,7.958607
QOEWXLMSFYFGOV-UHFFFAOYSA-N,2018,Ki,8.356547
QOEWXLMSFYFGOV-UHFFFAOYSA-N,2018,EC50,6.309804
QOFRSPQAWIAXCA-ZSQTZEJBSA-N,2023,Ki,9.481486
QOGRQXGQKOEKKF-QAQDUYKDSA-N,1998,Ki,6.096910
QOJAXHPIIVARQJ-SAIGFBBZSA-N,2013,Ki,8.290730
QOJAXHPIIVARQJ-SAIGFBBZSA-N,2013,Ki,8.290730
QOQUTGPQLQCUSD-UHFFFAOYSA-N,2009,Ki,7.700057
QOYFIOFBKVQOQW-UHFFFAOYSA-N,2014,Ki,7.214670
QPGOCVOZYYHHFI-DSFVOBFGSA-N,2022,Ki,9.408935
QPKPFUJFLVQTCR-UHFFFAOYSA-N,1997,Ki,5.838632
QPOPFNWPFQDIQV-UHFFFAOYSA-N,2010,Ki,6.376751
QPPNZGHQAPFXOG-UHFFFAOYSA-N,2009,Ki,7.920096
QPTXJMAVTQKNGM-UHFFFAOYSA-N,2015,Ki,9.042393
QQFDMLZEFWKHHH-UHFFFAOYSA-N,2000,Ki,5.455932
QQGJOZLAJLPARG-UHFFFAOYSA-N,2010,IC50,5.969805
QQJHRQZZCNYDMX-AHKZPQOWSA-N,1999,Ki,9.199971
QQJHRQZZCNYDMX-UHFFFAOYSA-N,1999,Ki,9.100015
QQJHRQZZCNYDMX-VPUSJEBWSA-N,1999,Ki,9.500038
QQKGKWYETGKBCS-UHFFFAOYSA-N,2017,Ki,7.640165
QQKGKWYETGKBCS-UHFFFAOYSA-N,2018,Ki,7.640165
QQOOJNNFPCENEO-UHFFFAOYSA-N,2013,Ki,7.387216
QQSOUFSETSWOJX-UHFFFAOYSA-N,2007,Ki,4.621548
QQVCXXKIFUBWJB-IYARVYRRSA-N,2023,Ki,9.468521
QQWLSTBNUSPPGV-UHFFFAOYSA-N,2002,IC50,5.779999
QQXFYZWQVQXWMO-JLHYYAGUSA-N,2003,Ki,9.356547
QQXFYZWQVQXWMO-JLHYYAGUSA-N,2010,Ki,9.356547
QRBZSMMRXSQZLL-UHFFFAOYSA-N,2002,Ki,7.420216
QRCFVXJHTKTGJU-UHFFFAOYSA-N,2015,Ki,8.200659
QRDDKCATKOBJNH-VTVZGJJZSA-N,2013,Ki,7.322758
QRDDKCATKOBJNH-VTVZGJJZSA-N,2013,Ki,7.322758
QRJJEGAJXVEBNE-HKOYGPOVSA-N,,IC50,5.700340
QRJJEGAJXVEBNE-HKOYGPOVSA-N,,Ki,6.169347
QRRARQIWJKGPKE-UHFFFAOYSA-N,2016,EC50,8.161151
QRRCESJWXMIGPS-KNQAVFIVSA-N,2019,Ki,9.390406
QRRCESJWXMIGPS-KNQAVFIVSA-N,2020,Ki,9.390406
QRRCESJWXMIGPS-SIKLNZKXSA-N,2019,Ki,9.400117
QRRCESJWXMIGPS-SIKLNZKXSA-N,2020,Ki,9.400117
QRRCESJWXMIGPS-UHFFFAOYSA-N,2016,Ki,7.500038
QRRCESJWXMIGPS-UHFFFAOYSA-N,2016,Ki,7.899974
QRRCESJWXMIGPS-UHFFFAOYSA-N,2016,Ki,7.400008
QRRCESJWXMIGPS-UHFFFAOYSA-N,2019,Ki,9.480172
QRRCESJWXMIGPS-UHFFFAOYSA-N,2020,Ki,9.480172
QRRPJFYRWJVNBL-UHFFFAOYSA-N,2021,Ki,6.744727
QRTAKQZSFPJWGE-UHFFFAOYSA-N,2019,Ki,6.681937
QRUCJPHVVJRIMC-UHFFFAOYSA-N,2001,Ki,6.366532
QRWDBCPLADXSGV-UHFFFAOYSA-N,2008,Ki,8.100015
QRYAMGGRUIKACE-GOSISDBHSA-N,2001,Ki,5.045757
QRYAMGGRUIKACE-GOSISDBHSA-N,2001,Ki,5.148742
QSDLVBSOCJOFJV-FNLKRUPLSA-N,2010,Ki,7.299989
QSGHQJFWJBYZCL-UHFFFAOYSA-N,1997,Ki,7.100015
QSGQMVZHKGEIIG-UHFFFAOYSA-N,2020,Ki,6.978811
QSHZDFROGASVTB-UHFFFAOYSA-N,2009,Ki,7.701147
QSLMDECMDJKHMQ-UHFFFAOYSA-N,2009,Ki,6.297569
QSLMDECMDJKHMQ-UHFFFAOYSA-N,,IC50,6.190440
QSLMDECMDJKHMQ-UHFFFAOYSA-N,,Ki,6.659556
QSMRRBPLPRZVCE-IRJFHVNHSA-N,2014,Ki,8.086769
QSMRRBPLPRZVCE-IRJFHVNHSA-N,2014,Ki,8.086769
QSQIAXNZWRLSSO-UHFFFAOYSA-N,2014,Ki,8.075721
QSQIAXNZWRLSSO-UHFFFAOYSA-N,2017,Ki,8.075721
QSQIAXNZWRLSSO-UHFFFAOYSA-N,2018,Ki,8.075721
QSQXTUUDWHMEIT-XRLXOQSNSA-N,2014,Ki,8.154902
QSQXTUUDWHMEIT-XRLXOQSNSA-N,2014,Ki,8.154902
QSUZKISJHDJAOP-WKILWMFISA-N,2023,Ki,10.148742
QSWCDNVHONXTSW-UHFFFAOYSA-N,2022,Ki,6.160001
QSXPHCNTIXEPIX-UHFFFAOYSA-N,2023,Ki,6.642065
QSXPHCNTIXEPIX-UHFFFAOYSA-N,2023,IC50,5.557520
QSYSGNJXSQQELK-UILWBTOOSA-N,2014,Ki,8.396314
QSYSGNJXSQQELK-UILWBTOOSA-N,2014,Ki,8.396314
QSZLXCAZDSBUTB-MDZDMXLPSA-N,1995,Ki,6.841638
QTEIKHHDCPQIMO-LYHRCORUSA-N,2014,Ki,8.640165
QTEIKHHDCPQIMO-LYHRCORUSA-N,2014,Ki,8.640165
QTIAXUAWMLBIGP-LLVKDONJSA-N,2021,Ki,8.209996
QTIAXUAWMLBIGP-LLVKDONJSA-N,2021,EC50,7.809949
QTIAXUAWMLBIGP-NSHDSACASA-N,2021,Ki,7.609949
QTIAXUAWMLBIGP-NSHDSACASA-N,2021,EC50,6.639994
QTJSAQYKJMJAHN-FCMXBYMOSA-N,2014,Ki,7.139662
QTJSAQYKJMJAHN-FCMXBYMOSA-N,2014,Ki,7.139662
QTPMSFPRKFKEHH-ZHACJKMWSA-N,2003,Ki,9.301030
QTWVYUJFBIVOHT-SZMVWBNQSA-N,2014,Ki,6.048177
QTXHMWUMSJMZON-KESTWPANSA-N,2014,Ki,8.896196
QTXHMWUMSJMZON-KESTWPANSA-N,2014,Ki,8.896196
QTZRLOJLVOVPNV-NUNSKJLSSA-N,2003,Ki,9.100015
QUCXOFSWCJSLHA-UHFFFAOYSA-N,1999,Ki,7.301030
QUEFELIEFHANOG-UHFFFAOYSA-N,2020,EC50,6.214670
QUFMZNYDEPSZLF-UHFFFAOYSA-N,2017,Ki,8.494850
QULJKIQETSQZKV-UHFFFAOYSA-N,2011,Ki,7.995679
QULJKIQETSQZKV-UHFFFAOYSA-N,2011,IC50,6.669586
QUMJJLZEFJECGH-UHFFFAOYSA-N,2002,Ki,8.946922
QUNLMOZINVAHIJ-UHFFFAOYSA-N,2014,Ki,9.000000
QUNLMOZINVAHIJ-UHFFFAOYSA-N,2014,Ki,9.000000
QURAQIGQNZYJHP-UHFFFAOYSA-N,2012,EC50,7.492144
QURAQIGQNZYJHP-UHFFFAOYSA-N,2012,Ki,6.774691
QURJJYMBLXNGPW-CHDDOINTSA-N,2014,Ki,8.612610
QURJJYMBLXNGPW-CHDDOINTSA-N,2014,Ki,8.612610
QUUFDJZHDLIECK-UHFFFAOYSA-N,2017,Ki,8.920819
QUVIJOPWQUCXGM-UHFFFAOYSA-N,2007,Ki,6.356547
QUWDNVLTBILVHN-UHFFFAOYSA-N,2021,Ki,6.540608
QUZUPTMNMJTYGL-UHFFFAOYSA-N,2012,EC50,8.274088
QUZUPTMNMJTYGL-UHFFFAOYSA-N,2012,Ki,7.661544
QVAKGXNPTKFJST-UHFFFAOYSA-N,2021,Ki,6.180002
QVAKGXNPTKFJST-UHFFFAOYSA-N,2021,Kd,10.588380
QVAKGXNPTKFJST-UHFFFAOYSA-N,2021,EC50,5.720000
QVCUVAFTSVIFFV-TZIWHRDSSA-N,2021,Ki,7.627088
QVHPJLAUHGFQOY-UHFFFAOYSA-N,2023,Ki,6.290730
QVISYVCUOQJANU-MXVIHJGJSA-N,2013,Ki,7.716699
QVJKSJKBVZSPPJ-LMONUYQQSA-N,2020,Ki,6.373660
QVJKSJKBVZSPPJ-LMONUYQQSA-N,2021,Ki,6.373660
QVNYQMPOJPXEFQ-UHFFFAOYSA-N,2010,Ki,7.100015
QVNYQMPOJPXEFQ-UHFFFAOYSA-N,2010,Ki,8.000000
QVWNZRUILCXOBY-GUDVDZBRSA-N,2023,Ki,9.795880
QVWNZRUILCXOBY-YIQCUVMYSA-N,2020,Ki,9.886057
QVWNZRUILCXOBY-YIQCUVMYSA-N,2022,Ki,9.886057
QWAXKHKRTORLEM-UGJKXSETSA-N,,IC50,4.813439
QWAXKHKRTORLEM-UGJKXSETSA-N,,Ki,5.282413
QWCRAEMEVRGPNT-UHFFFAOYSA-N,1997,Ki,6.180456
QWCRAEMEVRGPNT-UHFFFAOYSA-N,,IC50,7.356547
QWCRAEMEVRGPNT-UHFFFAOYSA-N,,Ki,7.823909
QWDTZUJYWQMYDQ-UHFFFAOYSA-N,2020,Ki,6.159894
QWGDMFLQWFTERH-UHFFFAOYSA-N,,IC50,6.872895
QWGDMFLQWFTERH-UHFFFAOYSA-N,,Ki,7.337242
QWMBVXDLQBRGEQ-UHFFFAOYSA-N,2008,Ki,6.599998
QWPNEQOAVUPQBX-RZDIXWSQSA-N,2014,Ki,9.124939
QWRGAWDCPBDPDE-UHFFFAOYSA-N,2020,EC50,6.283997
QWRGAWDCPBDPDE-UHFFFAOYSA-N,2023,EC50,6.283997
QWRZAQFQULNINP-UHFFFAOYSA-N,2008,Ki,8.299989
QWSLRVUGOHVJKP-IFMALSPDSA-N,2021,Ki,7.889410
QWZZJNNQJSVEEN-OCOZRVBESA-N,2015,Ki,8.853872
QXBMPTZQYXHXCG-XGAFWQRZSA-N,2014,Ki,8.212540
QXBMPTZQYXHXCG-XGAFWQRZSA-N,2014,Ki,8.212540
QXTADKACYIMHII-UHFFFAOYSA-N,2023,Ki,9.154902
QXUOSGAFYZBCAK-UHFFFAOYSA-N,2009,Ki,6.513570
QXUQBHLLDLPFLR-UHFFFAOYSA-N,2016,Ki,7.096910
QXUQBHLLDLPFLR-UHFFFAOYSA-N,2016,Ki,7.100015
QXXSJVZBKIQIJR-UHFFFAOYSA-N,1997,Ki,7.180456
QXYJJYQLUJICPY-NRFANRHFSA-N,2003,Ki,6.581699
QXYZJXCNTMMWEO-BERHBOFZSA-N,2011,EC50,8.769551
QXYZJXCNTMMWEO-BERHBOFZSA-N,2011,Ki,8.442493
QXYZJXCNTMMWEO-BERHBOFZSA-N,2020,EC50,8.031517
QXYZJXCNTMMWEO-BERHBOFZSA-N,2020,Ki,8.251812
QXYZJXCNTMMWEO-BERHBOFZSA-N,2020,Ki,7.522879
QYAPJFAWWAJNJA-UHFFFAOYSA-N,2016,Ki,8.199971
QYAPJFAWWAJNJA-UHFFFAOYSA-N,2019,Ki,8.149967
QYAPJFAWWAJNJA-UHFFFAOYSA-N,2020,Ki,8.149967
QYAUUWJPEUPHAT-UHFFFAOYSA-N,2021,Ki,6.769551
QYLUGTRKTMWTBF-IFMALSPDSA-N,2021,Ki,7.575118
QYPRFHORBTUPLV-UHFFFAOYSA-N,2015,Ki,5.886057
QYTGOVFVZCPBIO-JKIUYZKVSA-N,2014,Ki,8.455932
QYTGOVFVZCPBIO-JKIUYZKVSA-N,2014,Ki,8.455932
QYYOWXGHJFPMIM-UHFFFAOYSA-N,2003,Ki,5.582528
QZAYGJVTTNCVMB-UHFFFAOYSA-N,2003,EC50,6.281498
QZCUWLCSQMYXFR-UHFFFAOYSA-N,2014,Ki,6.906578
QZFDRUTWOSVQBO-UHFFFAOYSA-N,1996,Ki,8.700057
QZNVCRYUPLFRHD-DEOSSOPVSA-N,2021,Ki,6.370590
QZPFGFWFHKJBJX-DHZHZOJOSA-N,1999,Ki,8.299989
QZPFGFWFHKJBJX-FLIBITNWSA-N,1999,Ki,7.400008
QZUDBNBUXVUHMW-UHFFFAOYSA-N,2001,Ki,6.017729
QZUDBNBUXVUHMW-UHFFFAOYSA-N,1997,Ki,6.653647
QZUDBNBUXVUHMW-UHFFFAOYSA-N,2000,Ki,6.017729
QZUDBNBUXVUHMW-UHFFFAOYSA-N,1999,IC50,6.346787
QZUDBNBUXVUHMW-UHFFFAOYSA-N,1999,Ki,6.017729
QZUDBNBUXVUHMW-UHFFFAOYSA-N,2000,Ki,6.017729
QZUDBNBUXVUHMW-UHFFFAOYSA-N,2004,Ki,6.443697
QZUDBNBUXVUHMW-UHFFFAOYSA-N,1999,Ki,6.698970
QZUDBNBUXVUHMW-UHFFFAOYSA-N,1998,Ki,6.289883
QZUDBNBUXVUHMW-UHFFFAOYSA-N,1999,Ki,6.698970
QZUDBNBUXVUHMW-UHFFFAOYSA-N,2002,Ki,6.017729
QZUDBNBUXVUHMW-UHFFFAOYSA-N,2001,Ki,6.552842
QZUDBNBUXVUHMW-UHFFFAOYSA-N,2003,Ki,7.055517
QZUDBNBUXVUHMW-UHFFFAOYSA-N,1999,Ki,6.017729
QZUDBNBUXVUHMW-UHFFFAOYSA-N,1996,Ki,6.698970
QZUDBNBUXVUHMW-UHFFFAOYSA-N,1996,Ki,6.698970
QZUDBNBUXVUHMW-UHFFFAOYSA-N,1997,Ki,6.698970
QZUDBNBUXVUHMW-UHFFFAOYSA-N,2002,Ki,6.017729
QZUDBNBUXVUHMW-UHFFFAOYSA-N,1997,Ki,6.653647
QZUDBNBUXVUHMW-UHFFFAOYSA-N,1997,Ki,6.342944
QZUDBNBUXVUHMW-UHFFFAOYSA-N,1999,Ki,6.017729
QZUDBNBUXVUHMW-UHFFFAOYSA-N,2003,Ki,6.619789
QZUDBNBUXVUHMW-UHFFFAOYSA-N,2003,Ki,6.620006
QZUDBNBUXVUHMW-UHFFFAOYSA-N,2005,Ki,6.496209
QZUDBNBUXVUHMW-UHFFFAOYSA-N,2005,Ki,6.616185
QZUDBNBUXVUHMW-UHFFFAOYSA-N,2006,Ki,6.017729
QZUDBNBUXVUHMW-UHFFFAOYSA-N,2007,Ki,7.000000
QZUDBNBUXVUHMW-UHFFFAOYSA-N,2009,Ki,6.496209
QZUDBNBUXVUHMW-UHFFFAOYSA-N,2008,Ki,6.619789
QZUDBNBUXVUHMW-UHFFFAOYSA-N,2009,Ki,6.530178
QZUDBNBUXVUHMW-UHFFFAOYSA-N,2009,Ki,6.017729
QZUDBNBUXVUHMW-UHFFFAOYSA-N,2009,Ki,6.040000
QZUDBNBUXVUHMW-UHFFFAOYSA-N,2010,Ki,6.429107
QZUDBNBUXVUHMW-UHFFFAOYSA-N,,IC50,6.588380
QZUDBNBUXVUHMW-UHFFFAOYSA-N,,Ki,7.055517
QZUDBNBUXVUHMW-UHFFFAOYSA-N,2012,Ki,6.000000
QZUDBNBUXVUHMW-UHFFFAOYSA-N,2014,Ki,6.496209
QZUDBNBUXVUHMW-UHFFFAOYSA-N,2015,Ki,6.189767
QZUDBNBUXVUHMW-UHFFFAOYSA-N,2021,Ki,6.017729
QZZUEBNBZAPZLX-QFIPXVFZSA-N,2014,Ki,5.979639
QZZUEBNBZAPZLX-QFIPXVFZSA-N,2024,Ki,5.873099
RAHMRVGFEYIRFT-UHFFFAOYSA-N,2016,Ki,6.673664
RALJYNLSBJABSL-UHFFFAOYSA-N,2000,Ki,5.769551
RANRSXNHVJZBGA-NDEPHWFRSA-N,2014,Ki,4.677781
RANUNRLHJXMVHG-UHFFFAOYSA-N,2013,IC50,6.092965
RAPBVKVRRNGNRM-UHFFFAOYSA-N,2020,Ki,7.435334
RAPZEAPATHNIPO-UHFFFAOYSA-N,2004,Ki,7.886057
RAPZEAPATHNIPO-UHFFFAOYSA-N,1998,Ki,7.508638
RAPZEAPATHNIPO-UHFFFAOYSA-N,2001,Ki,7.853872
RAPZEAPATHNIPO-UHFFFAOYSA-N,2005,Ki,7.795880
RAPZEAPATHNIPO-UHFFFAOYSA-N,2007,Ki,8.000000
RAPZEAPATHNIPO-UHFFFAOYSA-N,2009,Ki,8.173925
RAPZEAPATHNIPO-UHFFFAOYSA-N,2008,Ki,8.017729
RAPZEAPATHNIPO-UHFFFAOYSA-N,2009,Ki,7.789949
RAPZEAPATHNIPO-UHFFFAOYSA-N,,IC50,7.619789
RAPZEAPATHNIPO-UHFFFAOYSA-N,,Ki,8.094960
RAPZEAPATHNIPO-UHFFFAOYSA-N,2012,Ki,7.000000
RAPZEAPATHNIPO-UHFFFAOYSA-N,2014,Ki,8.173925
RAPZEAPATHNIPO-UHFFFAOYSA-N,2021,Ki,7.844664
RAPZEAPATHNIPO-UHFFFAOYSA-N,2023,IC50,7.619789
RARDZQWGAVAIAO-UHFFFAOYSA-N,2010,Ki,6.499997
RARLPFKZTJRIOM-UHFFFAOYSA-N,2016,Ki,8.100015
RARLPFKZTJRIOM-UHFFFAOYSA-N,2019,Ki,8.100179
RARLPFKZTJRIOM-UHFFFAOYSA-N,2020,Ki,8.100179
RASUXNNRRRIRBL-UHFFFAOYSA-N,2017,Ki,7.860121
RASUXNNRRRIRBL-UHFFFAOYSA-N,2018,Ki,7.860121
RAZKAAYRLZXGBT-UHFFFAOYSA-N,1996,Ki,8.096910
RAZKAAYRLZXGBT-UHFFFAOYSA-N,1996,EC50,7.886057
RAZKAAYRLZXGBT-UHFFFAOYSA-N,2013,Ki,8.096910
RBFMCJMIEVSALT-FMIVXFBMSA-N,2015,Ki,7.853872
RBFYBWMYGDMWMH-UHFFFAOYSA-N,2016,Ki,6.200659
RBFYBWMYGDMWMH-UHFFFAOYSA-N,2016,Ki,6.199998
RBGONAOLWTWGIH-HBCBNPTOSA-N,2013,Ki,7.540608
RBHDUKXJDDGJKI-UHFFFAOYSA-N,2020,EC50,6.795880
RBQRPADDWAFDFX-UHFFFAOYSA-N,1997,Ki,8.299989
RBSYHARPLIHIDB-UHFFFAOYSA-N,2009,Ki,6.799998
RBUDKKJLRVBPDA-UHFFFAOYSA-N,1998,Ki,7.251812
RBVCBWQAGOAYTL-UHFFFAOYSA-N,2017,Ki,7.010105
RBVCBWQAGOAYTL-UHFFFAOYSA-N,2019,Ki,7.010105
RBXWTIUJXQLTFC-XZWHSSHBSA-N,2021,Ki,8.655608
RBZFRDTUHHOAAN-MXVIHJGJSA-N,2016,Ki,10.337242
RBZIHZIBFQXVQY-UHFFFAOYSA-N,2008,Ki,7.000000
RCACIEKJQOIDQV-UHFFFAOYSA-N,1999,Ki,5.119186
RCDFXVQYMDZBNQ-UHFFFAOYSA-N,2012,Ki,7.413413
RCFWZPSHZMCPLU-UHFFFAOYSA-N,2020,Ki,5.259637
RCOOYZUDBHDXOZ-UHFFFAOYSA-N,2021,IC50,4.420000
RCSLPJAWSBFTLD-MXVIHJGJSA-N,2013,Ki,7.928118
RCTPWYPPQMZWPM-WGSAOQKQSA-N,2016,Ki,9.107905
RCWYEZYTOVCNOJ-UHFFFAOYSA-N,1999,Ki,6.063486
RCYQVAGOWPWGMT-NSSDIGLXSA-N,2022,Ki,9.346787
RDAMHUJTGOWZOX-UHFFFAOYSA-N,2021,IC50,5.630000
RDGPIFCCGRDXMY-UHFFFAOYSA-N,2020,Ki,6.645892
RDOIQAHITMMDAJ-UHFFFAOYSA-N,,IC50,5.873869
RDOIQAHITMMDAJ-UHFFFAOYSA-N,,Ki,6.342944
RDOIQAHITMMDAJ-UHFFFAOYSA-N,2021,Ki,5.712198
RDRGDNFLGKTNOF-GFCCVEGCSA-N,1994,Ki,6.199971
RDRRNTYOUDJHNF-UHFFFAOYSA-N,2015,Ki,9.612610
RDUVGAYRQBFLOT-XUTJKUGGSA-N,2014,Ki,8.096910
RDUVGAYRQBFLOT-XUTJKUGGSA-N,2014,Ki,8.096910
RDWUPEKDNFAEMT-GRXNBEMRSA-N,2022,Ki,9.698970
RDWXEESICWYGFN-ZNEWLNCYSA-N,2014,Ki,7.936291
RDWXEESICWYGFN-ZNEWLNCYSA-N,2014,Ki,7.936291
RDYIEETWSJIEMH-KESTWPANSA-N,2022,Ki,9.958607
REAPOTFJKWYQFW-UHFFFAOYSA-N,2000,Ki,8.853872
REAPOTFJKWYQFW-UHFFFAOYSA-N,2022,Ki,8.853872
REBWRBLHMGDWNT-UHFFFAOYSA-N,2006,Ki,5.736838
REDQYSRGGWSYHE-OKDASEJXSA-N,2000,Ki,7.899974
REKOUMNGFHDWDG-UHFFFAOYSA-N,2007,Ki,7.003926
REQVSEMEKZOXFG-UHFFFAOYSA-N,2009,Ki,6.599998
REVIOUORWMQFEZ-FMQUCBEESA-N,2007,Ki,7.388277
RFBKHFYKBNFXJB-UHFFFAOYSA-N,2009,Ki,7.020907
RFIKMECJVGIKGU-UHFFFAOYSA-N,2007,Ki,8.700057
RFIMVYUKZRXUJB-UHFFFAOYSA-N,1999,Ki,7.552842
RFIMVYUKZRXUJB-UHFFFAOYSA-N,2003,Ki,7.552842
RFLFOJAXSFSCDA-UHFFFAOYSA-N,2007,Ki,9.410050
RFRIYEZLKPZDGU-UHFFFAOYSA-N,2007,Ki,8.124939
RFWMMUCBGJUDDD-MIRVZWSXSA-N,2020,Ki,9.823909
RFWMMUCBGJUDDD-MIRVZWSXSA-N,2022,Ki,9.823909
RFZCXQYQFWVWHZ-UHFFFAOYSA-N,2020,EC50,6.716699
RFZCXQYQFWVWHZ-UHFFFAOYSA-N,2023,EC50,6.716699
RGAXRFLOVCZZNS-UHFFFAOYSA-N,2021,Ki,8.468521
RGBHOSATWXCXSR-UHFFFAOYSA-N,2008,Ki,6.494850
RGBNGNXRVODGQZ-UHFFFAOYSA-N,2015,Ki,7.473661
RGLYKWWBQGJZGM-ISLYRVAYSA-N,,IC50,5.055715
RGLYKWWBQGJZGM-ISLYRVAYSA-N,,Ki,5.524765
RGMLMPPJETZGOG-UHFFFAOYSA-N,2006,Ki,6.000000
RGOWASQQDQKEKM-WGSAOQKQSA-N,2014,Ki,8.166216
RGOWASQQDQKEKM-WGSAOQKQSA-N,2014,Ki,8.166216
RGPCRBZQIQJDTL-UHFFFAOYSA-N,2007,EC50,6.262013
RGPTYLNPCNVHNC-UHFFFAOYSA-N,2023,Ki,6.568636
RGUPPVFDUJOBQL-UHFFFAOYSA-N,1997,Ki,5.815309
RGVDRLWOIWFRFU-SFTDATJTSA-N,2017,Ki,5.982967
RGVJFPMOLSXLGJ-UHFFFAOYSA-N,1998,Ki,7.555955
RGVVYJTVAURUOT-UHFFFAOYSA-N,2003,Ki,7.494850
RGWGDYMUCXDODX-XUTJKUGGSA-N,2016,Ki,10.045757
RGWPRPGUMAJABR-YCFKULOQSA-N,2023,Ki,10.091515
RGZPLWVASVRKAR-CZUORRHYSA-N,2002,Ki,9.267606
RHBIYVUWPQXJFC-WGSAOQKQSA-N,2014,Ki,7.561616
RHBIYVUWPQXJFC-WGSAOQKQSA-N,2014,Ki,7.561616
RHFVSZFUSRSUBZ-UHFFFAOYSA-N,2021,Ki,7.000000
RHHJVFYYCJWYII-UHFFFAOYSA-N,2007,Ki,7.899974
RHKLNFPODGBPGC-UHFFFAOYSA-N,2022,Ki,6.928118
RHNRGRRBWOZBRT-AREMUKBSSA-N,1996,Ki,8.500038
RHNRGRRBWOZBRT-UHFFFAOYSA-N,1996,Ki,8.400008
RHPCETHLGGFAQB-MQSINFNDSA-N,2005,Ki,6.600326
RHPCETHLGGFAQB-SHZHJNINSA-N,2005,Ki,7.346787
RHRKSVACMIQFDY-UHFFFAOYSA-N,1996,Ki,8.739929
RHSCKLKHJPKZNP-UHFFFAOYSA-N,2010,Ki,6.900009
RICCGUYAQMEDQJ-RZDIXWSQSA-N,2014,Ki,7.774432
RICCGUYAQMEDQJ-RZDIXWSQSA-N,2014,Ki,7.774432
RIHMIJGXAWWJCF-UHFFFAOYSA-N,2014,Ki,7.619789
RILXDJGPJCVJME-UHFFFAOYSA-N,2016,Ki,6.962574
RILXDJGPJCVJME-UHFFFAOYSA-N,2016,Ki,6.959991
RIOOLQVLOZQLQJ-CYBMUJFWSA-N,2001,Ki,5.744727
RIOOLQVLOZQLQJ-CYBMUJFWSA-N,2005,Ki,5.740000
RIOOLQVLOZQLQJ-ZDUSSCGKSA-N,2001,Ki,8.221849
RIOOLQVLOZQLQJ-ZDUSSCGKSA-N,2001,Ki,6.823909
RIOOLQVLOZQLQJ-ZDUSSCGKSA-N,2005,Ki,8.280006
RIOOLQVLOZQLQJ-ZDUSSCGKSA-N,2005,EC50,8.958607
RIOOLQVLOZQLQJ-ZDUSSCGKSA-N,2005,Ki,8.275724
RIOOLQVLOZQLQJ-ZDUSSCGKSA-N,2005,Ki,6.823909
RIOOLQVLOZQLQJ-ZDUSSCGKSA-N,2005,Ki,6.823909
RIOOLQVLOZQLQJ-ZDUSSCGKSA-N,2005,Ki,8.275724
RIOOLQVLOZQLQJ-ZDUSSCGKSA-N,2005,EC50,8.958607
RIQSGWHIWLLRTP-UHFFFAOYSA-N,2016,Ki,6.910095
RIRRORJZVJGNAL-LJQANCHMSA-N,1995,Ki,7.246417
RISVNNDOXVACCB-UHFFFAOYSA-N,2006,Ki,4.221849
RISZOHTXHUANFZ-UHFFFAOYSA-N,1997,Ki,9.700057
RISZOHTXHUANFZ-UHFFFAOYSA-N,2008,Ki,9.698970
RITZJRAUYHPYLW-UHFFFAOYSA-N,2010,Ki,7.599980
RIVWPOSKFAXCII-XUTJKUGGSA-N,2014,Ki,8.320572
RIVWPOSKFAXCII-XUTJKUGGSA-N,2014,Ki,8.320572
RJAHNHBPWHWZAB-UHFFFAOYSA-N,2007,Ki,8.744727
RJAHNHBPWHWZAB-UHFFFAOYSA-N,2007,EC50,7.376751
RJAHNHBPWHWZAB-UHFFFAOYSA-N,2014,Ki,8.744727
RJAHNHBPWHWZAB-UHFFFAOYSA-N,2014,IC50,7.376751
RJAHNHBPWHWZAB-UHFFFAOYSA-N,2014,Ki,8.744727
RJAHNHBPWHWZAB-UHFFFAOYSA-N,2014,IC50,7.376751
RJETZHUBOZSCPH-UHFFFAOYSA-N,2002,Ki,7.823909
RJFINFRRQCTSTE-JKIUYZKVSA-N,2014,Ki,7.596365
RJFINFRRQCTSTE-JKIUYZKVSA-N,2014,Ki,7.596365
RJGQFVDJRWMRJD-UHFFFAOYSA-N,2015,Ki,8.026872
RJNNVSGDFJTERT-CTNGQTDRSA-N,2019,Ki,7.679854
RJNNVSGDFJTERT-CTNGQTDRSA-N,2020,Ki,7.679854
RJNNVSGDFJTERT-PZJWPPBQSA-N,2019,Ki,7.931814
RJNNVSGDFJTERT-PZJWPPBQSA-N,2020,Ki,7.931814
RJNNVSGDFJTERT-UHFFFAOYSA-N,2019,Ki,7.939302
RJNNVSGDFJTERT-UHFFFAOYSA-N,2020,Ki,7.939302
RJRFHPUWQFNLFN-UHFFFAOYSA-N,2014,Ki,7.920819
RJRFHPUWQFNLFN-UHFFFAOYSA-N,2014,IC50,7.292430
RJRFHPUWQFNLFN-UHFFFAOYSA-N,2014,IC50,9.397940
RJRFHPUWQFNLFN-UHFFFAOYSA-N,2017,Ki,7.928118
RJRFHPUWQFNLFN-UHFFFAOYSA-N,2018,Ki,7.928118
RJSAZDFVYLKJQV-KRWDZBQOSA-N,2014,Ki,7.399463
RJZDQOPJWQCJET-UHFFFAOYSA-N,2020,Ki,7.500313
RJZYRNTXYJEPMD-LJQANCHMSA-N,2003,Ki,6.000000
RJZYRNTXYJEPMD-LJQANCHMSA-N,2003,Ki,6.236572
RKDBVDKLNHXCIZ-UHFFFAOYSA-N,2008,Ki,7.199971
RKDURTQUESFRCI-NUDCOPPTSA-N,2022,Ki,9.602060
RKEMMJXERRAATP-UHFFFAOYSA-N,2019,Ki,7.677781
RKJGOTQLYDWXJL-UHFFFAOYSA-N,2017,Ki,6.376751
RKLDGOMILCFJDT-UHFFFAOYSA-N,2014,Ki,7.795880
RKMYLISJWSNMBG-UHFFFAOYSA-N,2016,Ki,6.761954
RKNWXFDIXVCLNO-FCHUYYIVSA-N,2023,Ki,8.769551
RKWDQZZKDQAENU-UHFFFAOYSA-N,1997,Ki,6.619789
RKWNQODBLXZUES-UHFFFAOYSA-N,2017,Ki,5.229885
RKWPOXKBYLPBIG-UHFFFAOYSA-N,2023,Ki,3.696804
RKWPOXKBYLPBIG-UHFFFAOYSA-N,2023,EC50,4.882729
RKWPOXKBYLPBIG-UHFFFAOYSA-N,2023,IC50,4.815309
RKXSQHTWNMDLJM-UHFFFAOYSA-N,2021,Ki,7.716699
RKZSNTNMEFVBDT-MRVPVSSYSA-N,1997,Ki,5.632085
RKZSNTNMEFVBDT-MRVPVSSYSA-N,2016,Ki,6.262807
RKZSNTNMEFVBDT-MRVPVSSYSA-N,2016,Ki,5.198596
RKZSNTNMEFVBDT-MRVPVSSYSA-N,2016,EC50,6.730487
RKZSNTNMEFVBDT-MRVPVSSYSA-N,2016,EC50,6.174574
RKZSNTNMEFVBDT-MRVPVSSYSA-N,2017,Ki,6.241845
RKZSNTNMEFVBDT-MRVPVSSYSA-N,2021,Ki,6.105684
RKZSNTNMEFVBDT-MRVPVSSYSA-N,2021,Ki,5.198596
RKZVRIHTYWJVDD-UHFFFAOYSA-N,1999,Ki,5.603801
RLCITMZJUDPBHU-KOAQGZTJSA-N,2022,Ki,10.214670
RLDHKTIILVTVIL-UHFFFAOYSA-N,2010,Ki,8.000000
RLEVEXRYULMVDM-UHFFFAOYSA-N,2007,Ki,4.774691
RLHNDTLEKOCIPV-TZIWHRDSSA-N,2021,Ki,7.749580
RLIMJSGHBMXEDY-GHTZIAJQSA-N,2019,Ki,8.749580
RLIMJSGHBMXEDY-GHTZIAJQSA-N,2020,Ki,8.749580
RLIMJSGHBMXEDY-NQIIRXRSSA-N,2019,Ki,7.619789
RLIMJSGHBMXEDY-NQIIRXRSSA-N,2020,Ki,7.619789
RLIMJSGHBMXEDY-UHFFFAOYSA-N,2016,Ki,8.299989
RLIMJSGHBMXEDY-UHFFFAOYSA-N,2019,Ki,8.250264
RLIMJSGHBMXEDY-UHFFFAOYSA-N,2020,Ki,8.250264
RLJNOVFKZCYMTH-UHFFFAOYSA-N,2009,Ki,6.675718
RLMADYPUXGWZSL-UHFFFAOYSA-N,2006,Ki,9.096910
RLRPUCNVCZCTRG-VQTJNVASSA-N,2023,Ki,8.387216
RLRZFXWQPQJVDA-UHFFFAOYSA-N,2016,EC50,7.841638
RLUITWHSEBGXDK-KESTWPANSA-N,2022,Ki,8.721246
RLVPJHQAQHSEHQ-XYWHTSSQSA-N,2014,Ki,7.558776
RLVPJHQAQHSEHQ-XYWHTSSQSA-N,2014,Ki,7.558776
RLXWQKHLDFBDJH-UHFFFAOYSA-N,2008,Ki,7.113509
RLYPJRVMOKDHBV-UHFFFAOYSA-N,2008,Ki,7.599980
RLZDEABBOHACIP-UHFFFAOYSA-N,2008,Ki,8.799971
RMCSKUADBRROSI-UHFFFAOYSA-N,2005,Ki,6.000000
RMDQSWIVOHIFNT-UHFFFAOYSA-N,2012,Ki,6.455932
RMEDXOLNCUSCGS-UHFFFAOYSA-N,,IC50,8.558305
RMEDXOLNCUSCGS-UHFFFAOYSA-N,,Ki,9.027334
RMFLBNXQMNGIHR-CQSZACIVSA-N,1994,Ki,5.849551
RMGLEYGDPBYQMA-PMVMPFDFSA-N,2014,Ki,7.970616
RMGLEYGDPBYQMA-PMVMPFDFSA-N,2014,Ki,7.970616
RMGLEYGDPBYQMA-YEMPIKNUSA-N,2014,Ki,7.931814
RMGLEYGDPBYQMA-YEMPIKNUSA-N,2014,Ki,7.931814
RMGLEYGDPBYQMA-YMPZKCBVSA-N,2014,Ki,8.045757
RMGLEYGDPBYQMA-YMPZKCBVSA-N,2014,Ki,8.045757
RMHPZAHOFLURDU-UHFFFAOYSA-N,2013,Ki,8.142668
RMHUUXBXQCLMOK-UHFFFAOYSA-N,2017,EC50,9.000000
RMHUUXBXQCLMOK-UHFFFAOYSA-N,2017,EC50,7.853872
RMHUUXBXQCLMOK-UHFFFAOYSA-N,2017,EC50,7.849858
RMHUUXBXQCLMOK-UHFFFAOYSA-N,2020,EC50,9.000000
RMKVCRINIVDQQR-FQEVSTJZSA-N,2023,Ki,6.381952
RMMKIMOPSINPOU-UHFFFAOYSA-N,2020,Ki,7.590067
RMRODALMKPMZFW-CYBMUJFWSA-N,1996,Ki,5.862646
RMRODALMKPMZFW-ZDUSSCGKSA-N,1996,Ki,5.514989
RMXWGHDSQFWKHG-UHFFFAOYSA-N,2008,Ki,6.387216
RMYZIRFUCOMQRH-CAJLXGCNSA-N,2024,Ki,5.447800
RNAKUHHBSZEVQT-ASMCULGUSA-N,2014,Ki,7.066665
RNAKUHHBSZEVQT-ASMCULGUSA-N,2014,Ki,7.066665
RNAXJKKVCJEZIO-UHFFFAOYSA-N,2016,Ki,7.602060
RNKUEZGSYUCLKY-UHFFFAOYSA-N,2017,Ki,7.716699
RNKUEZGSYUCLKY-UHFFFAOYSA-N,2018,Ki,7.716699
RNMADLUWJVACLJ-UHFFFAOYSA-N,2016,Ki,6.710010
RNMADLUWJVACLJ-UHFFFAOYSA-N,2016,Ki,6.696804
RNNAVTSFWMMVQG-UHFFFAOYSA-N,2019,Ki,6.860121
RNNKCHJUBXFBQB-UHFFFAOYSA-N,1999,Ki,6.372634
RNTBYVJGJXERSN-UHFFFAOYSA-N,2023,Ki,8.853872
RNUUBPZBFUJPOR-UHFFFAOYSA-N,1997,Ki,8.000000
RNWJQFRWBPTMAA-UHFFFAOYSA-N,2020,EC50,6.795880
RNWJQFRWBPTMAA-UHFFFAOYSA-N,2023,EC50,6.795880
ROGRQIGZHYODFP-JUUMZCOKSA-N,2013,Ki,7.391474
ROHKDSZWDXPTKF-UHFFFAOYSA-N,2019,Ki,6.402305
ROKAKGMAWJNFEN-UHFFFAOYSA-N,2010,Ki,6.744727
ROKAKGMAWJNFEN-UHFFFAOYSA-N,2012,Ki,6.393619
ROKAKGMAWJNFEN-UHFFFAOYSA-N,2014,Ki,6.393726
RONFPASSWXANLI-GOSISDBHSA-N,2011,Ki,6.366532
RONFPASSWXANLI-GOSISDBHSA-N,2011,Ki,8.958607
RONZAEMNMFQXRA-UHFFFAOYSA-N,2005,Ki,5.242376
ROTBWFGDDNEYCJ-UHFFFAOYSA-N,2016,Ki,7.744727
ROTMIOWLSWXTDQ-UHFFFAOYSA-N,1997,Ki,6.599998
ROYIVTSMYARVGE-UHFFFAOYSA-N,2011,Ki,8.698970
ROZJLRVGVXVODO-AWEZNQCLSA-N,2005,Ki,5.360000
ROZJLRVGVXVODO-CQSZACIVSA-N,2005,Ki,6.490005
ROZYQPYBANRXCZ-JXFKEZNVSA-N,2017,Ki,6.199998
ROZYQPYBANRXCZ-OXJNMPFZSA-N,2017,Ki,6.900009
RPAHCZZXEGWBDL-UHFFFAOYSA-N,2022,Ki,6.033999
RPAHCZZXEGWBDL-UHFFFAOYSA-N,2022,Ki,6.030002
RPAZQDWESIXCRX-UHFFFAOYSA-N,2016,Ki,7.299989
RPAZQDWESIXCRX-UHFFFAOYSA-N,2019,Ki,7.289883
RPAZQDWESIXCRX-UHFFFAOYSA-N,2020,Ki,7.289883
RPFKNPSBXZWKHC-UHFFFAOYSA-N,2012,Ki,8.318759
RPHDOVLXDYWDGF-UHFFFAOYSA-N,2021,Ki,5.495756
RPHDOVLXDYWDGF-UHFFFAOYSA-N,2021,Ki,5.500000
RPIVMBGTIWBNFZ-RZFKFIIISA-N,2003,Ki,8.400008
RPKWQRUGASWUBS-UHFFFAOYSA-N,2019,Ki,8.610834
RPKWQRUGASWUBS-UHFFFAOYSA-N,2019,IC50,6.346787
RPKWQRUGASWUBS-UHFFFAOYSA-N,2022,Ki,8.679854
RPKWQRUGASWUBS-UHFFFAOYSA-N,2022,Ki,8.610834
RPTDCWYNUAKXPN-OJBMAJLDSA-N,2022,Ki,9.920819
RPZFDAKOXHZICV-XUTJKUGGSA-N,2014,Ki,8.178486
RPZFDAKOXHZICV-XUTJKUGGSA-N,2014,Ki,8.178486
RQBRUGMHSQYCNU-UHFFFAOYSA-N,2014,Ki,5.825068
RQBRUGMHSQYCNU-UHFFFAOYSA-N,2014,Ki,5.800001
RQCOWNFHMUSHMO-JKIUYZKVSA-N,2013,Ki,8.431798
RQCOWNFHMUSHMO-JKIUYZKVSA-N,2013,Ki,8.431798
RQRBGNHBNQYSEI-UHFFFAOYSA-N,1997,Ki,5.958607
RQSYJHOVRPMPEE-VURPSTOHSA-N,2014,Ki,7.704213
RQSYJHOVRPMPEE-VURPSTOHSA-N,2014,Ki,7.704213
RQTUFYCDUWSKKX-KGNCLDLBSA-N,2018,Ki,5.327902
RQXJVDYSRNWVNF-UHFFFAOYSA-N,1997,Ki,8.700057
RRBRCSSGXLKDPR-UHFFFAOYSA-N,2015,Ki,7.253366
RRGIAVYUCTYDDX-UHFFFAOYSA-N,2002,Ki,7.698970
RRJQXEPYGACJSE-JKIUYZKVSA-N,2022,Ki,9.698970
RRLCBKCJYXFQHA-UHFFFAOYSA-N,1998,IC50,6.698970
RRNLVYSLHABLSU-UHFFFAOYSA-N,2006,Ki,8.397940
RRNSUOWXTVZIKJ-UHFFFAOYSA-N,1999,Ki,8.000000
RRSNTPLBDRZYRF-UHFFFAOYSA-N,2011,Ki,6.638272
RRSUWPYFZSEELD-AVRDEDQJSA-N,2016,Ki,7.049976
RRSUWPYFZSEELD-AVRDEDQJSA-N,2016,Ki,8.819874
RRSUWPYFZSEELD-GCJKJVERSA-N,2016,Ki,7.580044
RRSUWPYFZSEELD-XMSQKQJNSA-N,2016,Ki,9.260032
RRTCFJGKAMKAIY-UHFFFAOYSA-N,2017,Ki,8.187087
RRTCFJGKAMKAIY-UHFFFAOYSA-N,2019,Ki,8.187087
RRTCFJGKAMKAIY-UHFFFAOYSA-N,2019,EC50,6.778064
RRTCFJGKAMKAIY-UHFFFAOYSA-N,2019,IC50,8.060481
RRTCFJGKAMKAIY-UHFFFAOYSA-N,2019,Ki,8.221849
RRYFTJVIXONIOF-UHFFFAOYSA-N,2015,Ki,9.454693
RRYFTJVIXONIOF-UHFFFAOYSA-N,2015,EC50,7.698970
RRYFTJVIXONIOF-UHFFFAOYSA-N,2015,IC50,8.130768
RRYHHCNEVZLSCS-IYARVYRRSA-N,2013,Ki,8.366532
RSAQDZVYAIXCFK-MEMLXQNLSA-N,1997,Ki,8.619789
RSCLYSXBPPXRCJ-UHFFFAOYSA-N,2021,Ki,7.406714
RSCLYSXBPPXRCJ-UHFFFAOYSA-N,2021,Ki,7.469800
RSCLYSXBPPXRCJ-UHFFFAOYSA-N,2021,EC50,7.580044
RSLKAABRYSOXNC-UHFFFAOYSA-N,2007,Ki,5.749580
RSLYNHHGHMPLKL-JTKSJCOOSA-N,2012,Ki,6.552842
RSLYNHHGHMPLKL-OYTPZHDJSA-N,2012,Ki,4.958607
RSOWGGVCBJACCG-WGSAOQKQSA-N,2013,Ki,7.759451
RSQYYIMQKSBFSO-UHFFFAOYSA-N,2019,Ki,8.823909
RSTJJQONPRJAIE-UHFFFAOYSA-N,2012,Ki,6.431798
RTBICRVBMOJALC-KNQAVFIVSA-N,2010,Ki,8.100015
RTBMOTWSSZKVDC-RBUKOAKNSA-N,2023,Ki,8.585027
RTJYNDZSOVYLSA-UHFFFAOYSA-N,1997,Ki,8.000000
RTLWHVNMZFCSDU-UHFFFAOYSA-N,2014,Ki,6.924453
RTMHXVRCXRAHLV-UHFFFAOYSA-N,2008,Ki,7.599980
RTMIJLQPWFKAFE-FPYGCLRLSA-N,1994,Ki,8.732828
RTNHENHQSIAEAI-UHFFFAOYSA-N,2021,Ki,5.481486
RTQVMPUWTJFEJK-UHFFFAOYSA-N,2017,Ki,7.179996
RTRBUDIKCGJLKP-VAWYXSNFSA-N,1995,Ki,8.000000
RTYGYVMXTLAVMS-UHFFFAOYSA-N,2009,Ki,4.657577
RUAVRLWGTWDKFW-XUTJKUGGSA-N,2020,Ki,9.000000
RUAVRLWGTWDKFW-XUTJKUGGSA-N,2022,Ki,9.000000
RUCVLTFMJJZXOA-UHFFFAOYSA-N,1999,Ki,6.494850
RUFBZCWKTFORNM-CXGRPWHSSA-N,2009,Ki,8.000000
RUFBZCWKTFORNM-CXGRPWHSSA-N,2009,Ki,8.000000
RUGZUJWEVYDLKD-UHFFFAOYSA-N,2019,Ki,7.214670
RUOVJGSFCGUFDC-UHFFFAOYSA-N,2021,Ki,6.459671
RURKEKYFHBYLDY-UHFFFAOYSA-N,2002,Ki,8.421361
RURKEKYFHBYLDY-UHFFFAOYSA-N,2008,Ki,9.130768
RURKEKYFHBYLDY-UHFFFAOYSA-N,2008,Ki,8.913640
RURTXDUFVIOALE-MRXNPFEDSA-N,1994,Ki,6.293282
RUVQMQUPSVELIK-UHFFFAOYSA-N,1997,Ki,6.716699
RUVQMQUPSVELIK-UHFFFAOYSA-N,2005,Ki,6.719991
RUYAQBZRWRWQHR-UHFFFAOYSA-N,1997,Ki,7.100015
RUZJOGYMPJWMOY-UHFFFAOYSA-N,2007,Ki,8.602060
RUZJOGYMPJWMOY-UHFFFAOYSA-N,2014,Ki,8.602060
RUZJOGYMPJWMOY-UHFFFAOYSA-N,2014,Ki,8.602060
RVBDWZKWSXQLMF-DOTOQJQBSA-N,1999,Ki,6.244125
RVBDWZKWSXQLMF-NVXWUHKLSA-N,1999,Ki,6.677781
RVBDWZKWSXQLMF-RDJZCZTQSA-N,1999,Ki,6.494850
RVBDWZKWSXQLMF-WBVHZDCISA-N,1999,Ki,6.958607
RVBVZFLMCDGFOZ-GOSISDBHSA-N,2003,Ki,5.130768
RVBVZFLMCDGFOZ-SFHVURJKSA-N,2003,Ki,5.721246
RVFWCLJRIRUOIQ-UHFFFAOYSA-N,2002,Ki,7.254145
RVHFWBPKTMLXIB-UHFFFAOYSA-N,2015,Ki,7.390406
RVMUAKCKCUJBKV-UHFFFAOYSA-N,2021,Ki,6.111259
RVMUAKCKCUJBKV-UHFFFAOYSA-N,2021,Ki,6.099999
RVQUGXAQXRVIGJ-UHFFFAOYSA-N,2019,Ki,6.995679
RVSLLQIPFFIMSB-KPKJPENVSA-N,2005,IC50,5.638272
RVTWDXPARRMUCU-UHFFFAOYSA-N,2002,Ki,8.045757
RVWPDWZOIDVHIU-LSDHHAIUSA-N,2020,Ki,9.698970
RVWPDWZOIDVHIU-LSDHHAIUSA-N,2022,Ki,9.698970
RVYPAMKCWJPLSH-UHFFFAOYSA-N,2016,Ki,6.790485
RWCQKGYXYLNOEC-UHFFFAOYSA-N,2012,Ki,6.109579
RWDBDUKKVDGKLL-UHFFFAOYSA-N,1997,Ki,6.389340
RWEPTLSUVVSWHX-UHFFFAOYSA-N,1997,Ki,5.443697
RWFSSGIYTQCWMB-MRXNPFEDSA-N,1994,Ki,6.282329
RWJCXWVQRSSDLR-UHFFFAOYSA-N,1996,Ki,8.700057
RWMHVMBWEZTTSB-UHFFFAOYSA-N,2017,Ki,8.721246
RWOJEGLVFGCYFU-UHFFFAOYSA-N,2020,Ki,6.970616
RWQUXQWRQIGSHJ-QAQDUYKDSA-N,2023,Ki,9.958607
RWTNPBWLLIMQHL-UHFFFAOYSA-N,2024,Ki,5.628901
RWVUEZAROXKXRT-VQLSFVLHSA-N,,IC50,7.568636
RWVUEZAROXKXRT-VQLSFVLHSA-N,,Ki,8.029839
RWXAMLMBPWFLTN-UAPYVXQJSA-N,2013,Ki,7.935917
RWXAMLMBPWFLTN-UAPYVXQJSA-N,2013,Ki,7.935917
RWYJJIZNTJVITE-WGSAOQKQSA-N,2014,Ki,8.806875
RWYJJIZNTJVITE-WGSAOQKQSA-N,2014,Ki,8.806875
RWYXCRGPSKEBSD-UHFFFAOYSA-N,2007,Ki,7.799971
RXEIDFSWABFHSZ-LJQANCHMSA-N,2014,Ki,5.557520
RXEIDFSWABFHSZ-LJQANCHMSA-N,2014,IC50,5.087778
RXEIDFSWABFHSZ-UHFFFAOYSA-N,2014,Ki,5.557520
RXEIDFSWABFHSZ-UHFFFAOYSA-N,2014,IC50,5.087778
RXFOCVABFXYDPB-UAPYVXQJSA-N,2016,Ki,8.958607
RXGOETNYBNUSSO-UHFFFAOYSA-N,2000,Ki,5.119186
RXHVJGSMDNGBHT-UHFFFAOYSA-N,2019,Ki,8.119758
RXHVJGSMDNGBHT-UHFFFAOYSA-N,2020,Ki,8.119758
RXIFDJMCJKEING-MGBGTMOVSA-N,2011,Ki,8.113509
RXIFDJMCJKEING-UHFFFAOYSA-N,2011,Ki,8.943095
RXIFDJMCJKEING-XIFFEERXSA-N,2011,Ki,8.739929
RXIUGRLQOGTTNP-UHFFFAOYSA-N,2011,Ki,5.870001
RXLUSIRPKRSPGO-UHFFFAOYSA-N,2014,Ki,7.387216
RXMJGLCPVVEEJS-KESTWPANSA-N,2014,Ki,8.453457
RXMJGLCPVVEEJS-KESTWPANSA-N,2014,Ki,8.453457
RXOQYNOKQGUANO-UHFFFAOYSA-N,2019,Ki,6.350003
RXPBJKRWQYAHSE-UHFFFAOYSA-N,2009,Ki,7.199971
RXSODUHUZZRAAV-UHFFFAOYSA-N,1999,Ki,6.585027
RYGODERPXMWCPP-LSNLESRRSA-N,2014,Ki,8.492144
RYGODERPXMWCPP-LSNLESRRSA-N,2014,Ki,8.492144
RYRTVXCXZPFWGO-UHFFFAOYSA-N,2018,Ki,5.580000
RYUCLQAAFLZLPD-RXAXNXDRSA-N,2014,Ki,8.456180
RYUCLQAAFLZLPD-RXAXNXDRSA-N,2014,Ki,8.456180
RYXXRKZWJMNUEJ-UHFFFAOYSA-N,2013,Ki,8.677781
RYXXRKZWJMNUEJ-UHFFFAOYSA-N,2013,Ki,8.677781
RZAVUFOOSFLHIY-UHFFFAOYSA-N,2002,Ki,4.769551
RZBBQNAIKHGIFW-UHFFFAOYSA-N,2019,Ki,7.721246
RZBBQNAIKHGIFW-UHFFFAOYSA-N,2019,Ki,7.709965
RZEKPECTALABSH-UHFFFAOYSA-N,2010,Ki,7.599980
RZEKPECTALABSH-UHFFFAOYSA-N,2010,Ki,9.100015
RZEKPECTALABSH-UHFFFAOYSA-N,2010,Ki,9.199971
RZJRKBKBJHIRPW-UHFFFAOYSA-N,2006,Ki,7.593460
RZKVFRDPHKJKDU-UHFFFAOYSA-N,2006,Ki,6.896196
RZLZELGICQMPFL-UHFFFAOYSA-N,2016,Ki,7.187087
RZOFUKBGZQUWCB-UHFFFAOYSA-N,2009,Ki,8.199971
SAFSSBPNJDIAIH-UHFFFAOYSA-N,2007,Ki,6.607303
SAHQEMRIXRTMKH-LOSJGSFVSA-N,2023,IC50,7.202732
SAHQEMRIXRTMKH-LOSJGSFVSA-N,2023,Ki,8.366532
SAMQAQQHJAUYDF-BFZJZIARSA-N,2000,Ki,8.000000
SAPCLYRXCUDCRV-UHFFFAOYSA-N,2002,Ki,5.585027
SAPCLYRXCUDCRV-UHFFFAOYSA-N,2007,Ki,5.589999
SATOYXZJVAZVKU-UHFFFAOYSA-N,1997,Ki,7.299989
SAUWBVJOXSKPQX-UHFFFAOYSA-N,2011,Ki,6.264401
SAVFVEFYMIPDEM-UHFFFAOYSA-N,2016,EC50,7.978811
SAWRNBNIFPXPCC-ACRUOGEOSA-N,2013,Ki,7.742321
SAWRNBNIFPXPCC-NJDAHSKKSA-N,2013,Ki,7.567031
SAWRNBNIFPXPCC-YGQOYYDZSA-N,2013,Ki,7.616185
SBCYNHCFJBYRJY-MJGOQNOKSA-N,2019,Ki,8.910095
SBCYNHCFJBYRJY-MJGOQNOKSA-N,2020,Ki,8.910095
SBCYNHCFJBYRJY-PKOBYXMFSA-N,2019,Ki,7.939302
SBCYNHCFJBYRJY-PKOBYXMFSA-N,2020,Ki,7.939302
SBCYNHCFJBYRJY-UHFFFAOYSA-N,2016,Ki,8.700057
SBCYNHCFJBYRJY-UHFFFAOYSA-N,2016,Ki,8.899974
SBCYNHCFJBYRJY-UHFFFAOYSA-N,2016,Ki,7.899974
SBCYNHCFJBYRJY-UHFFFAOYSA-N,2016,Ki,8.400008
SBCYNHCFJBYRJY-UHFFFAOYSA-N,2019,Ki,8.379864
SBCYNHCFJBYRJY-UHFFFAOYSA-N,2020,Ki,8.379864
SBHJIEDINHIMAF-JIBACQESSA-N,2013,Ki,7.793174
SBJAROVNDHTDKY-WGSAOQKQSA-N,1998,Ki,5.638272
SBJOJKQLHNFZTE-UHFFFAOYSA-N,2010,Ki,7.769551
SBKJMNCSBLEGCS-UHFFFAOYSA-N,2006,Ki,6.465974
SBLISCQZPBKWHN-UHFFFAOYSA-N,2017,Ki,7.642065
SBLISCQZPBKWHN-UHFFFAOYSA-N,2018,Ki,7.642065
SBRNDJDCLNCYMZ-UHFFFAOYSA-N,2010,Ki,7.309804
SBWDEIFOMNBGRY-MEMLXQNLSA-N,2023,Ki,9.180456
SBWQGFPWQUSXLS-LYFUNVNOSA-N,2023,Ki,9.958607
SBXMILAGIXPXOK-UHFFFAOYSA-N,1998,IC50,5.958607
SBZZZUGGGYMLIG-SFHVURJKSA-N,2017,Ki,5.397940
SCUPEGWTGGLXHI-UHFFFAOYSA-N,2014,Ki,7.508638
SCVQVEVLACTYJB-UHFFFAOYSA-N,2001,IC50,5.497573
SCWHHXLTCHIVBS-UHFFFAOYSA-N,2013,Ki,8.602060
SCYQZWBAGZNIMS-UHFFFAOYSA-N,2019,Ki,7.312471
SCZQIQLIELOGMA-YHBQERECSA-N,2005,Ki,7.642065
SCZQIQLIELOGMA-YHBQERECSA-N,2005,Kd,7.599980
SCZQIQLIELOGMA-ZRZAMGCNSA-N,2005,Ki,7.974694
SCZQIQLIELOGMA-ZRZAMGCNSA-N,2005,EC50,6.199998
SDAMYSWGWHXMRT-MRXNPFEDSA-N,2007,Ki,9.299989
SDERQNAMIWOFFX-UHFFFAOYSA-N,2012,Ki,5.940058
SDPSCMJWIDFOEZ-SAABIXHNSA-N,2020,Ki,9.958607
SDPSCMJWIDFOEZ-SAABIXHNSA-N,2022,Ki,9.958607
SDVCLZNNONYWDK-UHFFFAOYSA-N,2009,Ki,6.900009
SDWMTMWHNYEEAG-AQYVVDRMSA-N,2014,Ki,8.196543
SDWMTMWHNYEEAG-AQYVVDRMSA-N,2014,Ki,8.196543
SDZGFAGZLJLJSV-UHFFFAOYSA-N,2010,Ki,6.735182
SEAFJMXOYIXBAV-UHFFFAOYSA-N,2022,Ki,7.647817
SEAGRPUHJMFFQR-UHFFFAOYSA-N,2007,Ki,7.446117
SECXHJRGBAZUCO-UHFFFAOYSA-N,2004,Ki,5.534171
SEDSBEYYCSPKRY-UHFFFAOYSA-N,2020,Ki,6.946537
SEEYDRHSWVYCLV-OFUUFJSKSA-N,2023,Ki,9.585027
SEINGJRWPXTFAX-UHFFFAOYSA-N,2019,Ki,5.853872
SEMJDPGTUJSAEG-SJLPKXTDSA-N,1997,Ki,7.199971
SEQAMPXQRKYYQF-UHFFFAOYSA-N,2005,Ki,6.199998
SETUDWDSXHEINR-UHFFFAOYSA-N,2023,Ki,9.387216
SEVLDDAIFKZMCD-JTKSJCOOSA-N,2012,Ki,5.886057
SEVLDDAIFKZMCD-OYTPZHDJSA-N,2012,Ki,4.879426
SFBYKQFVXHFMBA-UHFFFAOYSA-N,2002,Ki,7.292430
SFBYKQFVXHFMBA-UHFFFAOYSA-N,2007,Ki,7.289967
SFDFLIFDKGORAT-KESTWPANSA-N,2020,Ki,9.853872
SFDFLIFDKGORAT-KESTWPANSA-N,2022,Ki,9.853872
SFIXZGTVVWNOSY-QRFRQXIXSA-N,2023,Ki,10.045757
SFJPQQAKXJGNOP-UHFFFAOYSA-N,2003,Ki,8.173925
SFLSHLFXELFNJZ-QMMMGPOBSA-N,2024,Ki,6.351299
SFNVUZGWWDUWJI-ATJRSEPMSA-N,2021,Ki,5.638272
SFNVUZGWWDUWJI-ATJRSEPMSA-N,2021,EC50,7.341035
SFNVUZGWWDUWJI-HDZLCOIDSA-N,2021,Ki,5.889410
SFNVUZGWWDUWJI-HDZLCOIDSA-N,2021,EC50,5.830000
SFNVUZGWWDUWJI-VRDCJJRQSA-N,2021,Ki,5.361511
SFPBOMSMCNVMGQ-TZIWHRDSSA-N,2021,Ki,8.038105
SFPSQBFPUCFLEZ-AIZNXBIQSA-N,2012,Ki,8.013228
SFPSQBFPUCFLEZ-UHFFFAOYSA-N,2014,Ki,8.013228
SFQRCRYSIPJHQY-UHFFFAOYSA-N,2014,Ki,6.420216
SFTJDRYGJIVCSK-UHFFFAOYSA-N,2017,Ki,7.598599
SFTJDRYGJIVCSK-UHFFFAOYSA-N,2018,Ki,7.598599
SGABQHZVZUGQTC-JKIUYZKVSA-N,2013,Ki,8.055024
SGABQHZVZUGQTC-JKIUYZKVSA-N,2013,Ki,8.055024
SGAVDPALLQJHPW-FKBYEOEOSA-N,2014,Ki,8.455932
SGAVDPALLQJHPW-FKBYEOEOSA-N,2014,Ki,8.455932
SGAVDPALLQJHPW-YPAWHYETSA-N,2014,Ki,8.464706
SGAVDPALLQJHPW-YPAWHYETSA-N,2014,Ki,8.464706
SGDDGYVCUYRPDC-SDAITKSUSA-N,2020,Ki,9.086186
SGDDGYVCUYRPDC-SDAITKSUSA-N,2022,Ki,9.086186
SGEGOXDYSFKCPT-UHFFFAOYSA-N,2024,Ki,6.875235
SGGMEYGWAJEGIP-UHFFFAOYSA-N,2016,Ki,7.795880
SGGMEYGWAJEGIP-UHFFFAOYSA-N,2016,Ki,7.789949
SGGMEYGWAJEGIP-WPUZRXDDSA-N,2012,Ki,7.795880
SGHOLEWCWYFPCZ-UHFFFAOYSA-N,2002,Ki,5.522879
SGHVFQQOVSYPTO-UHFFFAOYSA-N,2014,Ki,6.301030
SGLJPXQOJMBPBR-UHFFFAOYSA-N,2007,Ki,8.100015
SGPQBAMKWVQVFJ-UHFFFAOYSA-N,2009,Ki,5.050000
SGRZMLIEPZAREQ-AFARHQOCSA-N,2013,Ki,7.704433
SGRZMLIEPZAREQ-AFARHQOCSA-N,2013,Ki,7.704433
SGTNSNPWRIOYBX-UHFFFAOYSA-N,,IC50,6.730487
SGTNSNPWRIOYBX-UHFFFAOYSA-N,,Ki,7.200659
SGUZNMAAJVIZHU-UHFFFAOYSA-N,2018,Ki,7.207608
SGVBRIHFEULKBC-UHFFFAOYSA-N,2001,Ki,8.387216
SGVJKODGLNRNLW-UHFFFAOYSA-N,2015,Ki,6.302771
SGWUMXOWOUGLMJ-NSOVKSMOSA-N,2023,EC50,7.876148
SGWVLOCBQLQWQV-UHFFFAOYSA-N,1999,Ki,4.214670
SHBKBFYVWDZZMP-UHFFFAOYSA-N,2005,Ki,6.638272
SHBKBFYVWDZZMP-UHFFFAOYSA-N,2005,Ki,8.214670
SHBKBFYVWDZZMP-UHFFFAOYSA-N,2005,EC50,8.346787
SHGYUZFUKMSIQE-UHFFFAOYSA-N,2011,Ki,9.148742
SHHFQLUNMKEEAE-UHFFFAOYSA-N,2017,Ki,7.607303
SHHFQLUNMKEEAE-UHFFFAOYSA-N,2018,Ki,7.607303
SHKMYWRRXARHJG-UHFFFAOYSA-N,2022,Ki,7.777284
SHPCAECDGCBRNC-JTKSJCOOSA-N,2012,Ki,5.669586
SHPCAECDGCBRNC-OYTPZHDJSA-N,2012,Ki,5.100727
SHTFROBRQSSMIJ-FYYLOGMGSA-N,2021,Ki,8.966576
SHTKKIRPSYJFRO-SNVBAGLBSA-N,1997,Ki,5.530473
SHUPLKKPJACSQI-VJBMBRPKSA-N,2012,EC50,8.366532
SIDPGTZGVQNXLM-WGSAOQKQSA-N,1998,Ki,8.327902
SIHPGAYIYYGOIP-UHFFFAOYSA-N,1996,Ki,6.165579
SIIDHHZTVIEQJK-UHFFFAOYSA-N,2002,Ki,8.958607
SIIDHHZTVIEQJK-UHFFFAOYSA-N,2002,EC50,8.823909
SIIDHHZTVIEQJK-UHFFFAOYSA-N,2005,Ki,8.958607
SIIDHHZTVIEQJK-UHFFFAOYSA-N,2007,Ki,8.950007
SIIDHHZTVIEQJK-UHFFFAOYSA-N,2009,IC50,8.621602
SIIDHHZTVIEQJK-UHFFFAOYSA-N,2009,Ki,9.036212
SIJIBHRUTSSJLY-KESTWPANSA-N,2014,Ki,8.542118
SIJIBHRUTSSJLY-KESTWPANSA-N,2014,Ki,8.542118
SIMNKURLSFAWDZ-UHFFFAOYSA-N,2010,Ki,7.299989
SIMWCYPGUODYMF-UHFFFAOYSA-N,2009,Ki,6.200659
SIOPVRAJJRRPHX-XDPCMZJYSA-N,2023,Ki,9.568636
SIOXKMDYIGNNPU-PGWJBFNOSA-N,2014,Ki,8.583859
SIOXKMDYIGNNPU-PGWJBFNOSA-N,2014,Ki,8.583859
SIPNIUHKEGJHLT-UHFFFAOYSA-N,2002,Ki,7.552842
SIQBEWSXHPNKMH-UHFFFAOYSA-N,1999,Ki,5.795880
SISRHQZVDUZECY-UHFFFAOYSA-N,2016,Ki,6.162412
SITQSHZFILPALT-UHFFFAOYSA-N,2015,Ki,7.744727
SITQSHZFILPALT-UHFFFAOYSA-N,2024,Ki,7.744727
SITUEGLHNDXECQ-UHFFFAOYSA-N,2019,Ki,5.420000
SIWFRLSPUANOPO-UAPYVXQJSA-N,2014,Ki,8.571865
SIWFRLSPUANOPO-UAPYVXQJSA-N,2014,Ki,8.571865
SJAPPPAALBAIBC-RUDMXATFSA-N,1999,Ki,8.599980
SJCUJBCYBXGZOY-UHFFFAOYSA-N,2024,Ki,7.031517
SJDLUAQSQRBWLX-UHFFFAOYSA-N,2007,Ki,5.261219
SJDOMIRMMUGQQK-UHFFFAOYSA-N,2003,Ki,7.420216
SJEXSMOVRPPLBZ-UHFFFAOYSA-N,2016,Ki,7.886057
SJEXSMOVRPPLBZ-UHFFFAOYSA-N,2016,Ki,7.890084
SJEXSMOVRPPLBZ-VXMMSVGHSA-N,2012,Ki,7.886057
SJIPQSFBLAVVRK-SFHVURJKSA-N,2012,EC50,9.060481
SJJCRPJMKKRQSW-UHFFFAOYSA-N,2010,Ki,8.400008
SJJCRPJMKKRQSW-UHFFFAOYSA-N,2010,Ki,6.699992
SJJCRPJMKKRQSW-XLIONFOSSA-N,2010,Ki,8.599980
SJNLUIGGLBDGFM-UHFFFAOYSA-N,2014,Ki,6.280669
SJNLUIGGLBDGFM-UHFFFAOYSA-N,2017,Ki,6.280669
SJNLUIGGLBDGFM-UHFFFAOYSA-N,2018,Ki,6.280669
SJPCWOAPBGZFOQ-MEMLXQNLSA-N,2014,Ki,7.804377
SJPCWOAPBGZFOQ-MEMLXQNLSA-N,2014,Ki,7.804377
SJSQVUBCTSCTIM-UHFFFAOYSA-N,2006,Ki,6.556737
SJSVMGMRQLCIER-UHFFFAOYSA-N,2016,Ki,8.244125
SJUYCGYJRSRZHG-JLHYYAGUSA-N,2003,Ki,8.669586
SJWQSMJRDZSNPL-HXUWFJFHSA-N,2014,Ki,7.917215
SJWQSMJRDZSNPL-HXUWFJFHSA-N,2014,Ki,8.040005
SJWWTRQNNRNTPU-ABBNZJFMSA-N,2021,EC50,4.086875
SJYYFOFHDQCHFJ-UHFFFAOYSA-N,2007,Ki,7.599980
SKBHXKCNFXTHOX-OWOJBTEDSA-N,2005,Ki,8.585027
SKIYXMOTQIREJJ-XUTJKUGGSA-N,2014,Ki,8.287350
SKIYXMOTQIREJJ-XUTJKUGGSA-N,2014,Ki,8.287350
SKJYMWUUJASLOP-IRJFHVNHSA-N,2014,Ki,8.111259
SKJYMWUUJASLOP-IRJFHVNHSA-N,2014,Ki,8.111259
SKMONACLVOEHQQ-UHFFFAOYSA-N,1996,Ki,8.899974
SKNVJEZUCGHGRG-UHFFFAOYSA-N,2019,Ki,6.397940
SKOOZXVTNXFHFP-UHFFFAOYSA-N,2012,Ki,8.455932
SKPBGVJZUPBKNY-HCGLCNNCSA-N,2023,Ki,9.207608
SKVXOYIMICHFPV-UHFFFAOYSA-N,2001,IC50,6.826814
SLCUTXIBPDBQJC-DEOSSOPVSA-N,2023,Ki,6.560667
SLERETJRSLMXIG-UHFFFAOYSA-N,2009,IC50,8.801343
SLERETJRSLMXIG-UHFFFAOYSA-N,2009,Ki,8.634512
SLHJBGQZNOFTDB-IFMALSPDSA-N,2021,Ki,8.065502
SLOWOAMUBQTOII-OAQYLSRUSA-N,2014,Ki,7.638272
SLOWOAMUBQTOII-OAQYLSRUSA-N,2014,Ki,7.659953
SLVMESMUVMCQIY-AJWVYOOVSA-N,2004,Ki,7.022276
SLVMESMUVMCQIY-AJWVYOOVSA-N,2004,Ki,6.705534
SLVMESMUVMCQIY-DIERRCTGSA-N,2004,Ki,7.585027
SLVMESMUVMCQIY-DIERRCTGSA-N,2004,Ki,7.638272
SLXIGTACOFFTMI-LLVKDONJSA-N,2016,Ki,6.982967
SLXIGTACOFFTMI-LLVKDONJSA-N,2016,Ki,6.537602
SLXIGTACOFFTMI-LLVKDONJSA-N,2016,EC50,7.512862
SLXIGTACOFFTMI-LLVKDONJSA-N,2016,EC50,6.829738
SMANXXCATUTDDT-QPJJXVBHSA-N,,IC50,7.013228
SMANXXCATUTDDT-QPJJXVBHSA-N,,Ki,7.481486
SMAYDEMZELAUEB-UHFFFAOYSA-N,1995,Ki,6.436519
SMNHGHQEQJKZTP-UHFFFAOYSA-N,2019,Ki,9.327902
SMQKBIDCSTXPMN-FQEVSTJZSA-N,2021,Ki,7.213959
SMYZAAOKKUETMB-SAIGFBBZSA-N,2014,Ki,8.244125
SMYZAAOKKUETMB-SAIGFBBZSA-N,2014,Ki,8.244125
SNFLVHDMWFYRRB-UHFFFAOYSA-N,2000,Ki,6.259637
SNGXJMCNRWUDKR-UHFFFAOYSA-N,2011,Ki,8.602060
SNKGBCKUVWDTSB-PHSANKKPSA-N,1996,Ki,7.700057
SNMHDHJEXUFVCO-FQEVSTJZSA-N,2010,Ki,8.651695
SNMHDHJEXUFVCO-FQEVSTJZSA-N,2010,EC50,9.283997
SNMHDHJEXUFVCO-FQEVSTJZSA-N,2012,EC50,9.086186
SNMHDHJEXUFVCO-FQEVSTJZSA-N,2013,EC50,9.086186
SNOPKYLYYIIGMF-UHFFFAOYSA-N,2017,Ki,6.667562
SNOPKYLYYIIGMF-UHFFFAOYSA-N,2018,Ki,6.667562
SNOYXNAOKVYMSM-UHFFFAOYSA-N,2016,Ki,7.700057
SNOYXNAOKVYMSM-UHFFFAOYSA-N,2020,Ki,7.359519
SNRBZEIEOPCDGZ-UHFFFAOYSA-N,2022,Ki,5.770001
SNXPYOZDXRKEER-PMERELPUSA-N,2011,Ki,6.723538
SNXPYOZDXRKEER-SSEXGKCCSA-N,2011,Ki,7.630784
SNXPYOZDXRKEER-UHFFFAOYSA-N,2011,Ki,7.701147
SNYSIUBLSUQYMK-UHFFFAOYSA-N,2016,Ki,8.698970
SNZALFBBQUAUPG-UHFFFAOYSA-N,2023,Ki,7.004365
SNZILXJFTMMHEQ-UHFFFAOYSA-N,2001,Ki,6.468521
SNZRMVSWDNWUOY-WGSAOQKQSA-N,2014,Ki,8.221849
SNZRMVSWDNWUOY-WGSAOQKQSA-N,2014,Ki,8.221849
SOCNUUMMBQZFRK-UHFFFAOYSA-N,2019,Ki,8.420216
SOKNKUMZPAEZEA-DENIHFKCSA-N,2021,Ki,7.889410
SOMWRASUKKDBSH-HZCBDIJESA-N,2016,Ki,10.207608
SOOGRYSPVROLLT-UHFFFAOYSA-N,2003,Ki,6.527244
SORKSMKEQFEIIG-UHFFFAOYSA-N,2019,Ki,4.633465
SOTGCULHLGVSKQ-UHFFFAOYSA-N,2016,Ki,7.899974
SOTGCULHLGVSKQ-UHFFFAOYSA-N,2019,Ki,7.860121
SOTGCULHLGVSKQ-UHFFFAOYSA-N,2020,Ki,7.860121
SOUMZFCXQXUPKF-LLVKDONJSA-N,2016,Ki,7.002177
SOUMZFCXQXUPKF-LLVKDONJSA-N,2016,Ki,6.728158
SOUMZFCXQXUPKF-LLVKDONJSA-N,2016,EC50,7.270026
SOUMZFCXQXUPKF-LLVKDONJSA-N,2016,EC50,6.749580
SOXRFGOVSJBYRC-UHFFFAOYSA-N,2023,Ki,9.455932
SOZSRQNNAHBPJO-UHFFFAOYSA-N,2010,Ki,8.522879
SPBJYMYEKPAPLH-NSISKUIASA-N,2012,EC50,7.337242
SPBJYMYEKPAPLH-NSISKUIASA-N,2012,Ki,8.958607
SPCIYGNTAMCTRO-UHFFFAOYSA-N,2023,Ki,7.000000
SPHRCFFKJXRWLW-UHFFFAOYSA-N,2003,Ki,5.853872
SPNOQIXRXOSYME-UHFFFAOYSA-N,2020,EC50,7.471083
SPNOQIXRXOSYME-UHFFFAOYSA-N,2023,EC50,7.471083
SPNOQIXRXOSYME-UHFFFAOYSA-N,2023,EC50,7.471083
SPXBIHAHCCAKBB-KNQAVFIVSA-N,2016,Ki,9.240030
SPZKFYULWLAAQF-AWEZNQCLSA-N,2001,Ki,6.113509
SPZKFYULWLAAQF-AWEZNQCLSA-N,2005,Ki,6.099999
SPZKFYULWLAAQF-CQSZACIVSA-N,2001,Ki,5.886057
SPZKFYULWLAAQF-CQSZACIVSA-N,2005,Ki,6.040000
SPZVYNXXPJLBRR-KRWDZBQOSA-N,2014,Ki,6.818156
SQGWMVXOYSHVTI-UHFFFAOYSA-N,2016,Ki,7.420216
SQGWMVXOYSHVTI-UHFFFAOYSA-N,2016,Ki,7.419988
SQHPLCBBYWXCOO-UHFFFAOYSA-N,2003,Ki,6.229148
SQLGEXQBAJPFNZ-XUTJKUGGSA-N,2013,Ki,7.254145
SQLYEWBPPTXDRF-MEMLXQNLSA-N,1997,Ki,8.366532
SQMUNKWOFRBGIX-UHFFFAOYSA-N,1996,Ki,7.119186
SQMUNKWOFRBGIX-UHFFFAOYSA-N,1997,Ki,7.100015
SQQYHALTXOFUNG-UHFFFAOYSA-N,2007,Ki,8.899974
SQRMELSMCDEARL-IYARVYRRSA-N,2013,Ki,7.896196
SQXPURWSUNRRIZ-PGWJBFNOSA-N,2014,Ki,8.330311
SQXPURWSUNRRIZ-PGWJBFNOSA-N,2014,Ki,8.330311
SQYZBSPQNGOKJY-ACHIHNKUSA-N,2012,EC50,9.026872
SQYZBSPQNGOKJY-MEKGRNQZSA-N,2023,EC50,9.026872
SREQHVVABVWCKT-APWZRJJASA-N,2021,Ki,7.469800
SREQHVVABVWCKT-APWZRJJASA-N,2021,Ki,7.470057
SREQHVVABVWCKT-APWZRJJASA-N,2021,EC50,6.888401
SREQHVVABVWCKT-APWZRJJASA-N,2021,EC50,6.890017
SREQHVVABVWCKT-APWZRJJASA-N,2021,EC50,7.889747
SREQHVVABVWCKT-APWZRJJASA-N,2021,EC50,7.890084
SRHQZJRKCSXSCP-UHFFFAOYSA-N,2005,Ki,9.301030
SRKMMWQNEAUSLE-UHFFFAOYSA-N,1998,IC50,5.251812
SRQHWWYGAZAWQB-HZPDHXFCSA-N,2009,Ki,7.400008
SRVOWVHRVJSZKO-UHFFFAOYSA-N,2010,Ki,7.299989
SRVOWVHRVJSZKO-UHFFFAOYSA-N,2010,Ki,8.700057
SRVOWVHRVJSZKO-UHFFFAOYSA-N,2010,Ki,9.000000
SRZBALGZTDLNCE-XUTJKUGGSA-N,2014,Ki,8.410050
SRZBALGZTDLNCE-XUTJKUGGSA-N,2014,Ki,8.410050
SSEVMIWXQHHFRF-UHFFFAOYSA-N,2007,Ki,7.480041
SSFLFRPKMGNFFZ-UHFFFAOYSA-N,2016,Ki,7.920819
SSFMZMLRDNPXOT-AOJFSQSVSA-N,2003,Ki,8.899974
SSJDNJLMSOGXTN-UHFFFAOYSA-N,2020,Ki,4.958607
SSKRZOVNWRTPKN-ONEGZZNKSA-N,2013,Ki,8.397940
SSMBSCUSIUNOPU-UHFFFAOYSA-N,2010,Ki,8.299989
SSVIIFPCYYWMIA-LASHMREHSA-N,2013,Ki,4.769551
STAVWPPMEYFUSB-LYXWCMDISA-N,2022,Ki,9.148742
STFIELBPKGAKNX-UHFFFAOYSA-N,1996,Ki,7.619789
STFWZQBPNBNMOE-UHFFFAOYSA-N,2020,EC50,7.424812
STFWZQBPNBNMOE-UHFFFAOYSA-N,2023,EC50,7.424812
STFWZQBPNBNMOE-UHFFFAOYSA-N,2023,EC50,7.424812
STIRDGXSGQTCAJ-UHFFFAOYSA-N,2002,Ki,4.585027
STIRDGXSGQTCAJ-UHFFFAOYSA-N,2021,Ki,4.585027
STIWHEMFVTWALB-LAUBAEHRSA-N,2019,Ki,8.189767
STIWHEMFVTWALB-LAUBAEHRSA-N,2019,Ki,8.279841
STIWHEMFVTWALB-LAUBAEHRSA-N,2020,Ki,8.279841
STIWHEMFVTWALB-UHFFFAOYSA-N,2016,Ki,8.299989
STIWHEMFVTWALB-UHFFFAOYSA-N,2016,Ki,8.199971
STIWHEMFVTWALB-UHFFFAOYSA-N,2016,Ki,8.199971
STIWHEMFVTWALB-UHFFFAOYSA-N,2019,Ki,8.199971
STIWHEMFVTWALB-UHFFFAOYSA-N,2020,Ki,8.199971
STIWHEMFVTWALB-UTKZUKDTSA-N,2020,Ki,8.189767
SUATVGXCTNKNQW-UAPYVXQJSA-N,2014,Ki,8.012334
SUATVGXCTNKNQW-UAPYVXQJSA-N,2014,Ki,8.012334
SUBIJFYEXXITCD-UHFFFAOYSA-N,2000,Ki,5.279841
SUBVUQDWHHIJCY-AQYVVDRMSA-N,2014,Ki,8.221849
SUBVUQDWHHIJCY-AQYVVDRMSA-N,2014,Ki,8.221849
SUEOEIAHHKQAOM-UHFFFAOYSA-N,2022,Ki,6.250001
SUGHICCAJLONJR-WKILWMFISA-N,2013,Ki,7.325139
SUJGOAOWFMOBBD-UHFFFAOYSA-N,2017,Ki,8.004365
SUJGOAOWFMOBBD-UHFFFAOYSA-N,2018,Ki,8.004365
SUOCMIKXLFKQTH-RUZDIDTESA-N,1997,Ki,9.100015
SUOCMIKXLFKQTH-UHFFFAOYSA-N,1997,Ki,8.899974
SUOCMIKXLFKQTH-UHFFFAOYSA-N,1996,Ki,8.899974
SUOCMIKXLFKQTH-UHFFFAOYSA-N,1997,Ki,8.899974
SUOCMIKXLFKQTH-VWLOTQADSA-N,1997,Ki,8.400008
SURYSMJVQLKAOF-UHFFFAOYSA-N,2021,Ki,5.678195
SURYSMJVQLKAOF-UHFFFAOYSA-N,2021,Ki,5.679999
SUTBGEJWOOOUFT-UHFFFAOYSA-N,2008,Ki,8.400008
SUTBGEJWOOOUFT-UHFFFAOYSA-N,2010,Ki,8.400008
SUTCZLHSJOQUEU-KESTWPANSA-N,2023,Ki,9.795880
SUYNNRLZQGBZKP-AQYVVDRMSA-N,2014,Ki,8.698970
SUYNNRLZQGBZKP-AQYVVDRMSA-N,2014,Ki,8.698970
SVBOCVYSHIJYID-UHFFFAOYSA-N,2008,Ki,7.500038
SVCSCOQWJKNMQT-UHFFFAOYSA-N,2011,Ki,6.229148
SVJMLYUFVDMUHP-XIFFEERXSA-N,2024,Ki,6.371897
SVLAHMNAIPTSSR-UHFFFAOYSA-N,2022,Ki,6.468521
SVLJLEACLLUCRC-UHFFFAOYSA-N,2010,Ki,7.100015
SVLOMAHKFFJJIC-UHFFFAOYSA-N,2010,Ki,7.823909
SVMKGKAFODEYNT-ZHACJKMWSA-N,2003,Ki,9.221849
SVNHSWOLAOCSKO-UHFFFAOYSA-N,2009,Ki,8.199971
SVODCKBJAYKLJL-VQIMIIECSA-N,2021,Ki,7.732828
SVONVXKDHRPGFI-UAPYVXQJSA-N,2013,Ki,7.661544
SVPFZRJDQVOOKQ-WGSAOQKQSA-N,2023,Ki,8.882729
SVPFZRJDQVOOKQ-WGSAOQKQSA-N,2023,EC50,8.540005
SVPFZRJDQVOOKQ-WGSAOQKQSA-N,2023,EC50,8.542118
SVQJCNSOIUXANV-IYARVYRRSA-N,2016,Ki,9.619789
SVQMUKSPRVEFME-YIQCUVMYSA-N,2023,Ki,9.920819
SVQMUKSPRVEFME-YIQCUVMYSA-N,2023,Ki,9.958607
SVSNQBMLUDOWHS-UHFFFAOYSA-N,2013,Ki,6.910095
SWBDXLYGHQRFIV-WGSAOQKQSA-N,2020,Ki,9.431798
SWBDXLYGHQRFIV-WGSAOQKQSA-N,2022,Ki,9.431798
SWEZRIWMOXWKPT-UHFFFAOYSA-N,2010,Ki,8.111821
SWEZRIWMOXWKPT-UHFFFAOYSA-N,2010,Ki,8.892790
SWEZRIWMOXWKPT-UHFFFAOYSA-N,2010,Ki,8.869666
SWEZRIWMOXWKPT-UHFFFAOYSA-N,2010,EC50,8.801343
SWKBPFACSXLZFM-LJQANCHMSA-N,2001,IC50,6.310691
SWMWIPKNFRXYGJ-UHFFFAOYSA-N,2016,Ki,9.698970
SWYRWYLIJXJVNV-HCGLCNNCSA-N,2013,Ki,7.349692
SXCBTZZPBYWDRW-QGZVFWFLSA-N,1994,Ki,7.065502
SXCVVYUSUGUSMW-UHFFFAOYSA-N,2013,Ki,7.657577
SXICCGPFVRVNMD-UHFFFAOYSA-N,2011,Ki,5.376751
SXLLFTLZFDWMJK-UHFFFAOYSA-N,2014,Ki,7.958607
SXPYSSKUDFLFIQ-UHFFFAOYSA-N,2022,Ki,8.496209
SXSCQNHPXUWSQP-UHFFFAOYSA-N,1997,Ki,7.500038
SXZZTULBSXSKDD-AFARHQOCSA-N,2023,Ki,9.000000
SYEUZBHYJOPLBK-QGOAFFKASA-N,2007,Ki,8.619789
SYKWSIUDXOQIDR-UHFFFAOYSA-N,2020,Ki,6.076756
SYKWSIUDXOQIDR-UHFFFAOYSA-N,2020,Ki,6.080002
SYNVRTSQXKBCOU-UHFFFAOYSA-N,2020,Ki,7.823909
SYOADIUGRJTHHU-UHFFFAOYSA-N,2010,Ki,7.500038
SYUUHJHHENNOEK-UHFFFAOYSA-N,2017,Ki,7.669586
SYUUHJHHENNOEK-UHFFFAOYSA-N,2018,Ki,7.669586
SYYRUOMUJYFAJE-UHFFFAOYSA-N,2017,Ki,7.459671
SYZSSLLFRVDRHL-QPJJXVBHSA-N,2024,Ki,5.708101
SZOCKYDZSPRJPT-UHFFFAOYSA-N,2021,Ki,4.793174
SZTHJRLWJXYLME-UHFFFAOYSA-N,2019,Ki,8.070019
SZUYGMQMOXSGAH-IYARVYRRSA-N,2020,Ki,9.292430
SZUYGMQMOXSGAH-IYARVYRRSA-N,2022,Ki,9.292430
TTWGDSSADVBNQY-UHFFFAOYSA-N,2021,Ki,6.148742
TTWGDSSADVBNQY-UHFFFAOYSA-N,2021,Ki,6.149997
TTWGDSSADVBNQY-UHFFFAOYSA-N,2023,Ki,6.148742
TTWJBBZEZQICBI-UHFFFAOYSA-N,2003,Ki,7.568636
TTWJBBZEZQICBI-UHFFFAOYSA-N,,IC50,6.698970
TTWJBBZEZQICBI-UHFFFAOYSA-N,,Ki,7.167491
TTWJBBZEZQICBI-UHFFFAOYSA-N,2015,Ki,7.795880
TTWJBBZEZQICBI-UHFFFAOYSA-N,2015,Ki,7.795880
TTYSBVYYRWWKNF-UHFFFAOYSA-N,2009,Ki,6.699992
TUCVLDGVHWFVIS-WGSAOQKQSA-N,2014,Ki,8.742321
TUCVLDGVHWFVIS-WGSAOQKQSA-N,2014,Ki,8.742321
TUFADSGTJUOBEH-GWCFXTLKSA-N,1999,Ki,9.000000
TUFADSGTJUOBEH-ZWNOBZJWSA-N,2005,Ki,9.029979
TUFADSGTJUOBEH-ZWNOBZJWSA-N,2007,EC50,9.000000
TUHWCWZHGQPAEF-HNKWHGCMSA-N,2014,Ki,8.339135
TUHWCWZHGQPAEF-HNKWHGCMSA-N,2014,Ki,8.339135
TULCHGQYHOEOOE-CCEZHUSRSA-N,2002,Ki,7.823909
TUSPVTWVRDALHT-UHFFFAOYSA-N,2012,Ki,6.229148
TUSPVTWVRDALHT-UHFFFAOYSA-N,2021,Ki,6.229148
TUSPVTWVRDALHT-UHFFFAOYSA-N,2021,Ki,6.230003
TUSYNOYQWBWIFT-IAGOWNOFSA-N,2009,Ki,7.419988
TUSYNOYQWBWIFT-IAGOWNOFSA-N,2009,EC50,8.330033
TUTLRKKYUXPDGN-HNNXBMFYSA-N,2017,Ki,7.084073
TUVRDSTTWFDDHW-UHFFFAOYSA-N,1998,Ki,8.267606
TUVRDSTTWFDDHW-UHFFFAOYSA-N,2013,Ki,8.267606
TUZMIWVHPWQEBK-UHFFFAOYSA-N,2007,Ki,8.744727
TUZMIWVHPWQEBK-UHFFFAOYSA-N,2014,Ki,8.744727
TUZMIWVHPWQEBK-UHFFFAOYSA-N,2014,IC50,8.408935
TUZMIWVHPWQEBK-UHFFFAOYSA-N,2014,Ki,8.744727
TUZMIWVHPWQEBK-UHFFFAOYSA-N,2014,IC50,8.408935
TUZSKSVCURDDOD-UHFFFAOYSA-N,2008,Ki,8.799971
TVENMNGVXOQXLP-UHFFFAOYSA-N,2009,IC50,7.590067
TVENMNGVXOQXLP-UHFFFAOYSA-N,2009,Ki,9.585027
TVENMNGVXOQXLP-UHFFFAOYSA-N,2014,Ki,9.585027
TVENMNGVXOQXLP-UHFFFAOYSA-N,2014,Ki,9.585027
TVIKHTHPGBUJNY-LZCJLJQNSA-N,1994,Ki,7.519993
TVIUJNLDORXPPC-OAHLLOKOSA-N,2011,Ki,8.420216
TVKYQCPWDDYVLL-KESTWPANSA-N,2013,Ki,8.227678
TVKYQCPWDDYVLL-KESTWPANSA-N,2013,Ki,8.227678
TVMNFBNOOMKBOO-UHFFFAOYSA-N,2007,Ki,8.899974
TVMUAXPFJKYAST-UHFFFAOYSA-N,2019,Ki,5.517126
TVMUAXPFJKYAST-UHFFFAOYSA-N,2019,Ki,6.292430
TVMUAXPFJKYAST-UHFFFAOYSA-N,2019,EC50,6.013228
TVWNOPFEOFGKFJ-UHFFFAOYSA-N,2011,Ki,9.769551
TVWNOPFEOFGKFJ-UHFFFAOYSA-N,2019,Ki,7.557520
TVWNOPFEOFGKFJ-UHFFFAOYSA-N,2023,IC50,6.213462
TVZBVRPQPBYWDJ-UONOGXRCSA-N,2021,Ki,9.088842
TWAGQMOSGNQWTA-WDRWKGISSA-N,2022,Ki,9.443697
TWCRFNBRBHKABU-UHFFFAOYSA-N,2019,Ki,7.055517
TWMFCAREOZITRX-UAPYVXQJSA-N,2023,Ki,9.283997
TWPGFOWTCCVBGS-VMPREFPWSA-N,1998,Ki,7.299989
TWQROZICHMTHNN-UHFFFAOYSA-N,2007,Ki,7.180456
TWQROZICHMTHNN-UHFFFAOYSA-N,2021,Ki,7.180456
TWVIJESEEXGVPP-UHFFFAOYSA-N,2000,Ki,5.769551
TWVIJESEEXGVPP-UHFFFAOYSA-N,2006,Ki,5.769551
TWVIJESEEXGVPP-UHFFFAOYSA-N,2021,Ki,5.769551
TXDNMFSXILPGFK-UHFFFAOYSA-N,2011,Ki,8.096910
TXDNMFSXILPGFK-UHFFFAOYSA-N,2011,IC50,5.844664
TXEGIIUTZDNUKA-GCJKJVERSA-N,2016,Ki,8.569925
TXJLVFDHHWCPFJ-SHTZXODSSA-N,2022,Ki,8.638272
TXJZKUBFJGPDAH-FQEVSTJZSA-N,2016,EC50,9.481486
TXMVXDBYJCUQJD-UHFFFAOYSA-N,2014,Ki,8.721246
TXMVXDBYJCUQJD-UHFFFAOYSA-N,2014,EC50,7.389979
TXMVXDBYJCUQJD-UHFFFAOYSA-N,2014,EC50,7.387216
TXOCLBKURYXNCG-SUMDDJOVSA-N,2014,Ki,6.920819
TXPWWEBUZHUGQI-UHFFFAOYSA-N,2010,Ki,6.399997
TXPWWEBUZHUGQI-UHFFFAOYSA-N,2010,Ki,8.700057
TXPWWEBUZHUGQI-UHFFFAOYSA-N,2010,Ki,9.400008
TXTILBTZVJQWSG-UHFFFAOYSA-N,2010,Ki,5.060481
TXYPYDVBBSFEGP-UHFFFAOYSA-N,1997,Ki,6.752027
TXYPYDVBBSFEGP-UHFFFAOYSA-N,2005,Ki,6.749995
TYDUDPVGSUDIDV-UHFFFAOYSA-N,2017,Ki,8.468521
TYHIPEJQVKIDKD-ONEGZZNKSA-N,2005,Ki,8.468521
TYIIYIRHCHVCLI-UHFFFAOYSA-N,2000,Ki,6.180456
TYJIKVPYZAVEMZ-UHFFFAOYSA-N,2012,Ki,6.053057
TYJIKVPYZAVEMZ-UHFFFAOYSA-N,2014,Ki,6.053057
TYJMYUYKJNIAGF-UHFFFAOYSA-N,2013,Ki,6.870955
TYMYSUSJLROMAC-RUCARUNLSA-N,2014,Ki,8.227972
TYMYSUSJLROMAC-RUCARUNLSA-N,2014,Ki,8.227972
TYNGMNWXSRTYJA-UHFFFAOYSA-N,2021,Ki,5.974694
TYQWGVAKEMWBPU-UHFFFAOYSA-N,2023,Ki,7.127261
TYUKINNXLNULMD-UHFFFAOYSA-N,2021,Ki,7.250032
TYUKINNXLNULMD-UHFFFAOYSA-N,2021,EC50,6.379999
TYYIXERJKMDZBL-FQNRMIAFSA-N,1994,Ki,6.978811
TYZKGCIDJUPIPC-IYARVYRRSA-N,2013,Ki,8.795880
TZDYPFYPZGPSPS-MOPGFXCFSA-N,2023,IC50,7.931814
TZDYPFYPZGPSPS-MOPGFXCFSA-N,2023,Ki,8.602060
TZDYPFYPZGPSPS-OALUTQOASA-N,2023,Ki,5.881735
TZDYPFYPZGPSPS-RBUKOAKNSA-N,2023,IC50,8.886057
TZDYPFYPZGPSPS-RBUKOAKNSA-N,2023,Ki,8.075721
TZDYPFYPZGPSPS-RTBURBONSA-N,2023,Ki,5.709298
TZFCALVMYKNULT-UHFFFAOYSA-N,2003,Ki,8.481486
TZFNGJBTMKSJFD-UHFFFAOYSA-N,2015,Ki,8.296709
TZHDOGYRHPETAK-JCNLHEQBSA-N,2023,Ki,9.769551
TZJUVVIWVWFLCD-UHFFFAOYSA-N,2004,IC50,5.920819
TZMHJAWORUSIEG-UHFFFAOYSA-N,2011,IC50,5.534320
TZQRQWWAQZCVET-UHFFFAOYSA-N,2009,Ki,8.599980
TZQRQWWAQZCVET-UHFFFAOYSA-N,2009,Ki,8.599980
TZQRQWWAQZCVET-UHFFFAOYSA-N,2009,Ki,8.599980
TZTWEGASAJHAME-UHFFFAOYSA-N,2020,Ki,7.630784
TZTXKAZOHVWLJQ-QAQDUYKDSA-N,2020,Ki,9.080922
TZTXKAZOHVWLJQ-QAQDUYKDSA-N,2022,Ki,9.080922
TZTXMZAJTSHRRT-UHFFFAOYSA-N,2023,Ki,7.408935
TZVCFPAWFHTJGC-UHFFFAOYSA-N,2022,Ki,6.890017
TZVLEJPHIWREPX-UHFFFAOYSA-N,2015,Ki,7.440093
TZVRVTZSSPWUGF-UHFFFAOYSA-N,2008,Ki,6.599998
TZZKWSLLNPOOCC-UHFFFAOYSA-N,2009,Ki,7.173925
UAADKSLJJWMEKI-VFWABUEKSA-N,2003,Ki,8.599980
UAHANCCWNZGFSQ-UHFFFAOYSA-N,2009,IC50,6.761954
UAHANCCWNZGFSQ-UHFFFAOYSA-N,2009,Ki,8.443697
UAJYHPWCBGWDNL-UHFFFAOYSA-N,2007,Ki,8.199971
UAKDULMGTDUKRO-UHFFFAOYSA-N,2001,Ki,6.669586
UALAMQRWRIVLLQ-UHFFFAOYSA-N,2008,Ki,7.500038
UAORLSRHSCKPEH-UHFFFAOYSA-N,2011,Ki,8.886057
UAVOWOKUOJZVHZ-YLIUREIVSA-N,2014,Ki,8.341989
UAVOWOKUOJZVHZ-YLIUREIVSA-N,2014,Ki,8.341989
UAWALOZYZRTVNF-UHFFFAOYSA-N,2007,Ki,5.677781
UAYCNAAXTDRTLZ-ZVWHWTBFSA-N,2023,Ki,9.267606
UAYHHCOSZYIZOH-UHFFFAOYSA-N,2019,Ki,7.345823
UBDCKKJDVOIVBV-UHFFFAOYSA-N,2020,Ki,7.954677
UBFCDXVLKFOOGL-UHFFFAOYSA-N,2007,Ki,7.431798
UBIFUIUXVKAWJM-YIQCUVMYSA-N,2020,Ki,8.091515
UBIFUIUXVKAWJM-YIQCUVMYSA-N,2022,Ki,8.091515
UBLOWVVYFMMWMS-YOCNBXQISA-N,2013,Ki,7.353596
UBPODDPFCZVNDC-UHFFFAOYSA-N,2006,Ki,7.832683
UBVTUPXDRIQNKR-UHFFFAOYSA-N,2006,Ki,8.725842
UBVYCNOXGQYSRQ-QGZVFWFLSA-N,2003,Ki,6.602060
UBVYCNOXGQYSRQ-QGZVFWFLSA-N,2003,Ki,7.075721
UCDYCEHGSPYQAV-IVHGUIJPSA-N,2023,Ki,9.387216
UCEGXYYVNUOUTE-UHFFFAOYSA-N,2009,Ki,7.899974
UCFHTPVUEFOLHG-UHFFFAOYSA-N,2015,Ki,7.595166
UCGXXGOWEGSYJJ-UHFFFAOYSA-N,2023,Ki,7.860121
UCGXXGOWEGSYJJ-UHFFFAOYSA-N,2023,Ki,7.869666
UCGXXGOWEGSYJJ-UHFFFAOYSA-N,2023,EC50,5.689732
UCGXXGOWEGSYJJ-UHFFFAOYSA-N,2023,EC50,5.679999
UCGXXGOWEGSYJJ-UHFFFAOYSA-N,2023,EC50,6.688670
UCGXXGOWEGSYJJ-UHFFFAOYSA-N,2023,EC50,6.679999
UCHDWCPVSPXUMX-TZIWLTJVSA-N,,IC50,5.110866
UCHDWCPVSPXUMX-TZIWLTJVSA-N,,Ki,5.579879
UCIZFJJDTYKVFG-UHFFFAOYSA-N,2013,Ki,6.655608
UCNOTTVNPRSTFW-XSFNXXSESA-N,2007,Ki,6.425969
UCNUZCBZAAKMDU-VOTSOKGWSA-N,2007,Ki,8.537602
UCNUZCBZAAKMDU-VOTSOKGWSA-N,2007,IC50,7.370590
UCNUZCBZAAKMDU-VOTSOKGWSA-N,2014,Ki,8.537602
UCNUZCBZAAKMDU-VOTSOKGWSA-N,2014,IC50,7.370590
UCNUZCBZAAKMDU-VOTSOKGWSA-N,2014,Ki,8.537602
UCNUZCBZAAKMDU-VOTSOKGWSA-N,2014,IC50,7.370590
UCQNMJXTWOYVNH-UHFFFAOYSA-N,2009,Ki,7.301030
UCRMCTXHTPNGTQ-WGSAOQKQSA-N,2016,Ki,10.366532
UCVFOYIRJYVIDW-UHFFFAOYSA-N,2003,Ki,8.744727
UCVFOYIRJYVIDW-UHFFFAOYSA-N,2006,Ki,7.221126
UCZBYQLMYSGJSK-UHFFFAOYSA-N,2016,Ki,9.136677
UCZYAFAFGFTZEW-CYBMUJFWSA-N,2016,Ki,7.567031
UCZYAFAFGFTZEW-CYBMUJFWSA-N,2016,EC50,7.661544
UDDOLORLTBTWLQ-KESTWPANSA-N,2014,Ki,8.910095
UDDOLORLTBTWLQ-KESTWPANSA-N,2014,Ki,8.910095
UDKZGAJICQNPNZ-OWOJBTEDSA-N,2005,Ki,8.638272
UDOMQVLKUAMGED-UHFFFAOYSA-N,2009,Ki,7.199971
UDOZPIGWNKAYKX-UHFFFAOYSA-N,2014,Ki,8.537602
UDOZPIGWNKAYKX-UHFFFAOYSA-N,2014,IC50,8.744727
UDQMXYJSNNCRAS-UHFFFAOYSA-N,2012,Ki,6.704653
UDUOGLZZYDDSKR-UHFFFAOYSA-N,2010,Ki,6.844664
UDUUCGMSUBUXNS-UHFFFAOYSA-N,2016,Ki,8.299989
UDUUCGMSUBUXNS-UHFFFAOYSA-N,2019,Ki,8.340084
UDUUCGMSUBUXNS-UHFFFAOYSA-N,2020,Ki,8.340084
UDVAQYIDEGUIPQ-XZOQPEGZSA-N,2023,Ki,8.022276
UDVBAIMSAZRJGM-FQEVSTJZSA-N,2020,Ki,7.939302
UDVBAIMSAZRJGM-UHFFFAOYSA-N,2016,Ki,7.700057
UDVBAIMSAZRJGM-UHFFFAOYSA-N,2016,Ki,8.199971
UDVBAIMSAZRJGM-UHFFFAOYSA-N,2020,Ki,7.459671
UDYXSPVICNNUPJ-UHFFFAOYSA-N,2019,Ki,6.508638
UDZHORRPPMFMKH-UHFFFAOYSA-N,2019,Ki,5.941195
UEDNWQXXCKIYMD-UHFFFAOYSA-N,1999,Ki,7.799971
UEDNWQXXCKIYMD-UHFFFAOYSA-N,1999,Ki,7.000000
UEGXWOAAXGJOTK-LSDHHAIUSA-N,2020,Ki,9.142668
UEGXWOAAXGJOTK-LSDHHAIUSA-N,2022,Ki,9.142668
UEHARNLMUOFGOF-BBMPLOMVSA-O,2015,Ki,7.804100
UEMSZTJJYVOVMY-UHFFFAOYSA-N,2016,Ki,6.106238
UEMSZTJJYVOVMY-UHFFFAOYSA-N,2016,Ki,6.109998
UENAJMHEKJGFHA-FQEVSTJZSA-N,2017,Ki,6.709965
UEOLBOREQLRPTL-DVUVRWKGSA-N,2013,Ki,8.073143
UEOLBOREQLRPTL-DVUVRWKGSA-N,2013,Ki,8.073143
UEOLBOREQLRPTL-QLVMHMETSA-N,2013,Ki,7.701147
UEOLBOREQLRPTL-QLVMHMETSA-N,2013,Ki,7.701147
UEOLBOREQLRPTL-WJPUGNRLSA-N,2013,Ki,8.117475
UEOLBOREQLRPTL-WJPUGNRLSA-N,2013,Ki,8.117475
UEQUQVLFIPOEMF-UHFFFAOYSA-N,2002,IC50,5.410000
UEQUQVLFIPOEMF-UHFFFAOYSA-N,2002,IC50,5.410000
UEQUQVLFIPOEMF-UHFFFAOYSA-N,2005,Ki,5.546529
UEXJPFHGKCBUSS-UHFFFAOYSA-N,2022,Ki,6.253833
UEXRUIOOOVZHFZ-WOJBJXKFSA-N,2017,EC50,9.136677
UFCMGCDUCCOYEK-UHFFFAOYSA-N,2017,Ki,7.600326
UFCMGCDUCCOYEK-UHFFFAOYSA-N,2018,Ki,7.600326
UFDRKLGFQRVMRE-UHFFFAOYSA-N,2017,Ki,6.524329
UFDRKLGFQRVMRE-UHFFFAOYSA-N,2018,Ki,6.524329
UFFHNEZNXKJHFB-UHFFFAOYSA-N,1999,Ki,6.168130
UFFHNEZNXKJHFB-UHFFFAOYSA-N,2017,Ki,6.168130
UFFHNEZNXKJHFB-UHFFFAOYSA-N,2021,Ki,6.168130
UFIMBHYPDHTMKA-UHFFFAOYSA-N,2018,Ki,5.795880
UFIWJALMIXDJPT-UHFFFAOYSA-N,1996,Ki,7.700057
UFMVMASXCZSNCW-XUTJKUGGSA-N,2023,Ki,9.552842
UFOYCFLCNQFALX-UHFFFAOYSA-N,2014,Ki,5.721246
UFTCGRNKZUBROZ-UHFFFAOYSA-N,2016,Ki,6.091515
UFTCGRNKZUBROZ-UHFFFAOYSA-N,2016,Ki,6.537602
UFTIBGSCHURYQF-UHFFFAOYSA-N,1996,Ki,6.882729
UFTZKVBEKDPBGS-SAIGFBBZSA-N,2003,Ki,8.700057
UFUQIVBOXLXINJ-GHTZIAJQSA-N,2019,Ki,8.400117
UFUQIVBOXLXINJ-GHTZIAJQSA-N,2020,Ki,8.400117
UFUQIVBOXLXINJ-NQIIRXRSSA-N,2019,Ki,7.329754
UFUQIVBOXLXINJ-NQIIRXRSSA-N,2020,Ki,7.329754
UFUQIVBOXLXINJ-UHFFFAOYSA-N,2016,Ki,7.299989
UFUQIVBOXLXINJ-UHFFFAOYSA-N,2016,Ki,8.400008
UFUQIVBOXLXINJ-UHFFFAOYSA-N,2016,Ki,8.000000
UFUQIVBOXLXINJ-UHFFFAOYSA-N,2019,Ki,8.010105
UFUQIVBOXLXINJ-UHFFFAOYSA-N,2020,Ki,8.010105
UGARTUSUDTUCHH-MXVIHJGJSA-N,2016,Ki,8.795880
UGAZJRFHXXPSOK-UHFFFAOYSA-N,1999,Ki,6.920819
UGBHWDCXHHTYMY-UAPYVXQJSA-N,1997,Ki,8.327902
UGIQUWZDOMEVPS-UHFFFAOYSA-N,2016,Ki,8.886057
UGMMZTANOLIPDJ-UAPYVXQJSA-N,2023,Ki,9.823909
UGPMJKXBWQUZNC-RVZUZXSLSA-N,2014,Ki,8.316053
UGPMJKXBWQUZNC-RVZUZXSLSA-N,2014,Ki,8.316053
UGPOUXCBUMYZLN-VAWYXSNFSA-N,2003,Ki,9.259637
UGQHLSRGZUTZMG-UHFFFAOYSA-N,2020,EC50,5.585027
UGQHLSRGZUTZMG-UHFFFAOYSA-N,2023,EC50,5.585027
UGRUVQBETHORJS-UHFFFAOYSA-N,2017,Ki,7.716699
UGRUVQBETHORJS-UHFFFAOYSA-N,2018,Ki,7.716699
UGRVOYIHHOLSHQ-UHFFFAOYSA-N,2021,Ki,7.189969
UGRVOYIHHOLSHQ-UHFFFAOYSA-N,2021,EC50,7.389979
UGRYVQVSCSWCQH-UHFFFAOYSA-N,2016,Ki,7.896196
UGYOAOPLCYFDLB-AQYVVDRMSA-N,2014,Ki,8.338187
UGYOAOPLCYFDLB-AQYVVDRMSA-N,2014,Ki,8.338187
UGZASRPZTFYHQC-UHFFFAOYSA-N,2022,Ki,6.072630
UHBDOJLDXNFRPT-UHFFFAOYSA-N,2006,Ki,8.318759
UHMCLVHQIYTYOA-UHFFFAOYSA-N,2007,Ki,6.417937
UHSKFQJFRQCDBE-UHFFFAOYSA-N,1997,Ki,7.721246
UHSKFQJFRQCDBE-UHFFFAOYSA-N,2007,EC50,8.397940
UHSKFQJFRQCDBE-UHFFFAOYSA-N,2009,Ki,7.439974
UHSKFQJFRQCDBE-UHFFFAOYSA-N,2010,EC50,7.716699
UHSKFQJFRQCDBE-UHFFFAOYSA-N,2010,EC50,7.987163
UHSKFQJFRQCDBE-UHFFFAOYSA-N,2010,EC50,7.987163
UHSKFQJFRQCDBE-UHFFFAOYSA-N,2013,Ki,7.214670
UHSKFQJFRQCDBE-UHFFFAOYSA-N,2014,Ki,8.537602
UHYDZQALANMGBP-UHFFFAOYSA-N,2015,Ki,8.070581
UHZJBSJVGFOSSA-UHFFFAOYSA-N,2008,Ki,7.599980
UIAJBDDQYBMSRB-JLHYYAGUSA-N,2003,Ki,9.130768
UICAAFBEFWZYOJ-WFCPMTAMSA-N,2000,Ki,8.000000
UIERZYNYMSMAJC-IYARVYRRSA-N,2014,Ki,7.948847
UIERZYNYMSMAJC-IYARVYRRSA-N,2014,Ki,7.948847
UIFDNPUSYCXLPI-UHFFFAOYSA-N,2009,Ki,7.840132
UIFXBTKQVKHNLS-SAABIXHNSA-N,2020,Ki,9.920819
UIFXLMHCLOJOQC-UHFFFAOYSA-N,2009,Ki,8.580044
UIFXLMHCLOJOQC-UHFFFAOYSA-N,2011,Ki,8.769551
UIFXLMHCLOJOQC-UHFFFAOYSA-N,2011,EC50,8.481486
UIFXLMHCLOJOQC-UHFFFAOYSA-N,2013,Ki,8.585027
UIGNLOIMCOMSJP-UHFFFAOYSA-N,2017,Ki,7.376751
UIIXJYGCNLZGHI-UHFFFAOYSA-N,2014,Ki,7.397940
UILMTLNPQHNZIS-UHFFFAOYSA-N,2009,Ki,8.530178
UIRIJSKPTMDRCG-IBGZPJMESA-N,2000,Ki,6.180456
UIRIJSKPTMDRCG-IBGZPJMESA-N,2000,Ki,6.055517
UIRLICKRUXJJNR-CVBYOTHMSA-N,2023,Ki,9.070581
UIWARYOQTYMMEM-UHFFFAOYSA-N,2017,Ki,7.935542
UIWARYOQTYMMEM-UHFFFAOYSA-N,2018,Ki,7.935542
UIWGASRGCHQVHR-FKBYEOEOSA-N,2014,Ki,8.524329
UIWGASRGCHQVHR-FKBYEOEOSA-N,2014,Ki,8.524329
UIWGASRGCHQVHR-YPAWHYETSA-N,2014,Ki,8.406714
UIWGASRGCHQVHR-YPAWHYETSA-N,2014,Ki,8.406714
UIYATCKYXWPCQG-UHFFFAOYSA-N,2002,Ki,5.420216
UIYATCKYXWPCQG-UHFFFAOYSA-N,2007,Ki,5.430000
UJBLYPURSDWDKF-IYARVYRRSA-N,2013,Ki,7.481486
UJBREZBVTYQLHJ-UHFFFAOYSA-N,2001,Ki,5.000000
UJBREZBVTYQLHJ-UHFFFAOYSA-N,2005,Ki,5.000000
UJDMZTNXKXUXEA-IYARVYRRSA-N,2022,Ki,9.075721
UJDUEYVURZHWBC-UHFFFAOYSA-N,2007,Ki,5.369572
UJKGBCQEPVZELY-UHFFFAOYSA-N,2010,IC50,5.931443
UJNGTNSLEZLHFI-UHFFFAOYSA-N,1997,Ki,8.799971
UJRXZWAABVTTPQ-HHHXNRCGSA-N,2019,Ki,5.540000
UJSHEWCIOJAMMI-UHFFFAOYSA-N,2007,Ki,7.518557
UJSKIIMXTSGSEQ-BSOFFQDDSA-N,2019,Ki,5.939302
UJSKIIMXTSGSEQ-TZFUKMIJSA-N,2019,Ki,4.136677
UJYGDMFEEDNVBF-OGGGUQDZSA-N,,IC50,8.543634
UJYGDMFEEDNVBF-OGGGUQDZSA-N,,Ki,9.012781
UJZCZEHTVLJAMR-UHFFFAOYSA-N,2016,EC50,7.850781
UKHPZHQUPSAUMR-UHFFFAOYSA-N,2008,Ki,8.400008
UKKJJXAEHLPZSM-UHFFFAOYSA-N,1996,Ki,9.130768
UKMLUIQURILEME-UHFFFAOYSA-N,2000,Ki,5.552842
UKOCGOXTVCIACM-UHFFFAOYSA-N,2017,Ki,6.619789
UKOYDIULRIOVQF-UHFFFAOYSA-N,2003,EC50,7.498941
UKOYDIULRIOVQF-UHFFFAOYSA-N,2005,Ki,8.795880
UKOYDIULRIOVQF-UHFFFAOYSA-N,2005,IC50,7.498941
UKOYDIULRIOVQF-UHFFFAOYSA-N,2005,Ki,8.795880
UKOYDIULRIOVQF-UHFFFAOYSA-N,2005,Ki,8.522879
UKPYAHVTVCYHSG-FNLKRUPLSA-N,2010,Ki,8.000000
UKQKMANJPPZVEW-UHFFFAOYSA-N,2019,Ki,6.657577
UKVNVIVEPLGCBQ-JCNLHEQBSA-N,2023,Ki,9.721246
UKWKGPXTOBMYJV-UHFFFAOYSA-N,2007,Ki,6.806875
UKXOUHSVLDNJMD-UHFFFAOYSA-N,2018,Ki,6.610834
UKYZTZPUJPHXDZ-UHFFFAOYSA-N,2006,Ki,5.677781
ULAAUNIOEAKYBR-UHFFFAOYSA-N,1999,Ki,6.200659
ULCOXAYPHBANNH-UHFFFAOYSA-N,2022,Ki,7.950782
ULJLEPAGNIGYJX-UHFFFAOYSA-N,1997,Ki,6.777284
ULKPWZSJDGLNAA-ZWOKBUDYSA-N,2021,Ki,6.719649
ULLCNVODUCDGBS-PGCGBBBBSA-N,2023,Ki,10.200659
ULMBXLAVXIEGRS-UHFFFAOYSA-N,2010,Ki,7.299989
ULNDHPWJENLXLL-UHFFFAOYSA-N,2003,Ki,5.000000
ULQCYDXROAATLP-AQYVVDRMSA-N,2023,Ki,9.443697
ULWSKYKKYCILKM-FYYLOGMGSA-N,2021,Ki,7.978811
ULYBTXJNQXAQFS-UHFFFAOYSA-N,2023,Ki,7.619970
ULYBTXJNQXAQFS-UHFFFAOYSA-N,2023,Ki,7.623423
ULYBTXJNQXAQFS-UHFFFAOYSA-N,2023,EC50,5.837436
ULYBTXJNQXAQFS-UHFFFAOYSA-N,2023,EC50,5.830000
ULYBTXJNQXAQFS-UHFFFAOYSA-N,2023,EC50,6.916139
ULYBTXJNQXAQFS-UHFFFAOYSA-N,2023,EC50,6.909989
ULYGZZPDPDMBCC-UHFFFAOYSA-N,2008,Ki,7.886057
ULYVPXBJTVSSBH-UHFFFAOYSA-N,2009,Ki,8.221849
UMEFKDHFJIKPGP-UHFFFAOYSA-N,2002,Ki,6.187087
UMEFKDHFJIKPGP-UHFFFAOYSA-N,2007,Ki,6.190003
UMQFQWLGNZXTCR-PBVHZTIHSA-N,2023,Ki,9.091515
UMTWXZNVNBBFLC-SHTZXODSSA-N,2023,Ki,9.585027
UMYKTTKPSRPJRN-SMQSCJQKSA-N,2020,Ki,9.356547
UMYKTTKPSRPJRN-SMQSCJQKSA-N,2022,Ki,9.356547
UNBRKDKAWYKMIV-QWQRMKEZSA-N,,IC50,6.777284
UNBRKDKAWYKMIV-QWQRMKEZSA-N,,Ki,7.244125
UNDYONYPTZDMOJ-UHFFFAOYSA-N,2019,Ki,7.488117
UNEYERITNKRLJR-IPJJNNNSSA-N,2021,Ki,8.744727
UNGWGGUPRUDQFM-PHTYHVAFSA-N,2008,Ki,8.698970
UNLHPXJQQWTXIL-UHFFFAOYSA-N,2017,Ki,8.552842
UNPARBQWWULNRE-AQYVVDRMSA-N,2013,Ki,7.283162
UNRCJLILBVLZDQ-OQKWZONESA-N,2005,Ki,5.800001
UNRHXEPDKXPRTM-UHFFFAOYSA-N,1996,Ki,8.199971
UNTNFKPMHAXOEK-UHFFFAOYSA-N,2012,Ki,6.818156
UNYNHWPKQAKANT-UHFFFAOYSA-N,2013,Ki,6.202732
UNYNHWPKQAKANT-UHFFFAOYSA-N,2021,Ki,6.202732
UOAJXLKVGXLXPT-QAQDUYKDSA-N,2023,Ki,9.267606
UOCMXNLGBQWJPG-UHFFFAOYSA-N,2007,Ki,8.000000
UOIRCOOXVJGCIE-UHFFFAOYSA-N,1997,Ki,5.886057
UOKGFRGTMUWXQL-UHFFFAOYSA-N,2006,Ki,7.481486
UOKGFRGTMUWXQL-UHFFFAOYSA-N,2006,EC50,8.481486
UONZNMYIDNPHBF-UHFFFAOYSA-N,2022,Ki,7.627088
UOPBRNUATAQDND-UHFFFAOYSA-N,2017,EC50,6.823909
UOPBRNUATAQDND-UHFFFAOYSA-N,2017,EC50,6.420216
UOPBRNUATAQDND-UHFFFAOYSA-N,2017,EC50,6.419999
UOQPMMUMTSDTOB-IYARVYRRSA-N,2013,Ki,7.701147
UOSSMYDHMWQSDB-UHFFFAOYSA-N,2022,Ki,9.481486
UOTFFOLRZJNLDZ-UHFFFAOYSA-N,2020,Ki,6.869666
UOVZXNPDZHFAHL-UHFFFAOYSA-N,2007,Ki,5.730487
UOXRATPLTLGJQF-UHFFFAOYSA-N,2007,Ki,7.700057
UPAOFJQATTTYHW-UHFFFAOYSA-N,2020,EC50,5.420216
UPAOFJQATTTYHW-UHFFFAOYSA-N,2023,EC50,5.420216
UPBSKELQKAHWLX-UHFFFAOYSA-N,2021,Ki,5.996109
UPBSKELQKAHWLX-UHFFFAOYSA-N,2021,Ki,6.000000
UPDGYYYUTBGSJZ-IALBEUSZSA-N,2014,Ki,8.023192
UPDGYYYUTBGSJZ-IALBEUSZSA-N,2014,Ki,8.023192
UPEDKGWAXYKNLY-UHFFFAOYSA-N,2007,Ki,7.367543
UPKMERWQQHPRMB-AQYVVDRMSA-N,2014,Ki,8.675718
UPKMERWQQHPRMB-AQYVVDRMSA-N,2014,Ki,8.675718
UPKRQORUWZHUIP-UHFFFAOYSA-N,2013,IC50,7.508638
UPKZNVQHJZHSGN-UHFFFAOYSA-N,2009,Ki,9.568636
UPNHRBCDSZJKGL-ISKFKSNPSA-N,2019,Ki,5.924453
UPRFZLANTXURKF-UHFFFAOYSA-N,1999,Ki,4.823909
UPTHGVUSCNDAPF-UHFFFAOYSA-N,2007,Ki,6.025028
UPVXFLPSBHVUGK-UHFFFAOYSA-N,2023,Ki,9.795880
UPWPDOXZYFFWOS-UHFFFAOYSA-N,2023,Ki,9.920819
UPYKABFZBCHNJS-KESTWPANSA-N,2014,Ki,8.531653
UPYKABFZBCHNJS-KESTWPANSA-N,2014,Ki,8.531653
UPZQTOBGZYRXMC-UHFFFAOYSA-N,2009,Ki,6.474307
UQCBELLMLIDZHN-UHFFFAOYSA-N,2017,Ki,7.524329
UQEVQFAMCLYPTJ-UHFFFAOYSA-N,2009,Ki,6.799998
UQKLFSKKULYASF-UHFFFAOYSA-N,2020,Ki,7.073143
UQNPMHBOQOCPSK-UHFFFAOYSA-N,2013,Ki,6.096910
UQNXMCNVFPEPNB-UHFFFAOYSA-N,2016,Ki,6.114074
UQOWIEJFNPPPBP-OAHLLOKOSA-N,1994,Ki,7.080922
UQQGRIQPVHNBTP-UHFFFAOYSA-N,2017,EC50,7.958607
UQQZLMXUYGQJIW-UHFFFAOYSA-N,2009,Ki,7.337242
UQSVESYMRYILGP-UHFFFAOYSA-N,2018,Ki,6.021819
UQVUXUJHZYIOHV-UHFFFAOYSA-N,2020,EC50,6.325139
UQVUXUJHZYIOHV-UHFFFAOYSA-N,2023,EC50,6.325139
UQYZSEJGPCJXFW-XYWHTSSQSA-N,2014,Ki,7.468521
UQYZSEJGPCJXFW-XYWHTSSQSA-N,2014,Ki,7.468521
UREJDUPKGMFJRU-UHFFFAOYSA-N,2024,Ki,6.193047
URICTYNITRPTLS-UHFFFAOYSA-N,2010,Ki,6.799998
URICTYNITRPTLS-UHFFFAOYSA-N,2010,Ki,7.400008
URICTYNITRPTLS-UHFFFAOYSA-N,2010,Ki,7.899974
URKAJHJBVOPDPZ-UHFFFAOYSA-N,2009,Ki,6.193820
URKOMYMAXPYINW-UHFFFAOYSA-N,2004,Ki,6.187087
URKOMYMAXPYINW-UHFFFAOYSA-N,2001,Ki,6.468521
URKOMYMAXPYINW-UHFFFAOYSA-N,2007,Ki,6.599998
URKOMYMAXPYINW-UHFFFAOYSA-N,2008,Ki,6.494850
URKOMYMAXPYINW-UHFFFAOYSA-N,,IC50,5.934346
URKOMYMAXPYINW-UHFFFAOYSA-N,,Ki,6.403293
URKOMYMAXPYINW-UHFFFAOYSA-N,2012,Ki,6.000000
URKYBTISJBKTKP-UAPYVXQJSA-N,2013,Ki,8.301899
URKYBTISJBKTKP-UAPYVXQJSA-N,2013,Ki,8.301899
URRGVMZADQFXDL-UHFFFAOYSA-N,2021,Ki,7.267606
URRGVMZADQFXDL-UHFFFAOYSA-N,2021,Ki,7.270026
URWBDIMBZFWGSF-UHFFFAOYSA-N,2002,Ki,7.795880
URXAVGZMTQSESH-IYARVYRRSA-N,1997,Ki,8.853872
USBLCVIHRKORFG-UHFFFAOYSA-N,2009,Ki,6.679999
USCDVFNXTCISHV-UHFFFAOYSA-N,2003,Ki,5.920819
USGFBEWNXKQBDG-UHFFFAOYSA-N,2009,Ki,8.799971
USGFBEWNXKQBDG-UHFFFAOYSA-N,2011,Ki,9.568636
USGFBEWNXKQBDG-UHFFFAOYSA-N,2011,EC50,9.481486
USHJZTUJVFHKQH-UHFFFAOYSA-N,2021,Ki,5.468521
USIXSLYEMNSLPV-UHFFFAOYSA-N,2020,EC50,6.545155
USIXSLYEMNSLPV-UHFFFAOYSA-N,2023,EC50,6.545155
USKZVJAZXRLUHK-UHFFFAOYSA-N,2008,Ki,6.499997
USLVOMPDACWTJR-UHFFFAOYSA-N,2023,Ki,9.638272
USSIQXCVUWKGNF-UHFFFAOYSA-N,2021,Ki,5.675718
USSJQLOQXQBGTM-AVRDEDQJSA-N,2016,Ki,7.010017
USSJQLOQXQBGTM-GCJKJVERSA-N,2016,Ki,7.779892
USZWRGWERFWVSE-WVPZODRTSA-N,2011,Ki,8.397940
UTCVZDGBUSLXBQ-UHFFFAOYSA-N,2007,Ki,9.080922
UTCVZDGBUSLXBQ-UHFFFAOYSA-N,2007,EC50,8.455932
UTEITPSYNTYGQL-UHFFFAOYSA-N,2011,Ki,9.602060
UTEITPSYNTYGQL-UHFFFAOYSA-N,2011,EC50,8.481486
UTEKSPGIYDUAMB-UHFFFAOYSA-N,1997,Ki,9.199971
UTFOVXIJDJSMKK-RUZDIDTESA-N,2011,EC50,7.292430
UTFOVXIJDJSMKK-RUZDIDTESA-N,2011,Ki,7.721246
UTFOVXIJDJSMKK-RUZDIDTESA-N,2011,Ki,5.853872
UTFOVXIJDJSMKK-RUZDIDTESA-N,2011,Ki,5.431798
UTFOVXIJDJSMKK-RUZDIDTESA-N,2011,Ki,6.619789
UTFOVXIJDJSMKK-RUZDIDTESA-N,2011,Ki,7.823909
UTFOVXIJDJSMKK-RUZDIDTESA-N,2011,Ki,7.366532
UTFOVXIJDJSMKK-RUZDIDTESA-N,2011,Ki,8.200659
UTFOVXIJDJSMKK-RUZDIDTESA-N,2011,Ki,7.823909
UTFOVXIJDJSMKK-UHFFFAOYSA-N,2011,Ki,9.148742
UTFOVXIJDJSMKK-VWLOTQADSA-N,2011,EC50,10.251812
UTFOVXIJDJSMKK-VWLOTQADSA-N,2011,EC50,11.552842
UTFOVXIJDJSMKK-VWLOTQADSA-N,2011,Ki,10.119186
UTFOVXIJDJSMKK-VWLOTQADSA-N,2011,Ki,6.070581
UTFOVXIJDJSMKK-VWLOTQADSA-N,2011,Ki,6.769551
UTFOVXIJDJSMKK-VWLOTQADSA-N,2011,Ki,8.638272
UTFOVXIJDJSMKK-VWLOTQADSA-N,2011,Ki,10.236572
UTFOVXIJDJSMKK-VWLOTQADSA-N,2011,Ki,9.008774
UTFOVXIJDJSMKK-VWLOTQADSA-N,2011,Ki,10.568636
UTFOVXIJDJSMKK-VWLOTQADSA-N,2011,Ki,9.721246
UTIUIZHJMLEUQC-UHFFFAOYSA-N,2008,Ki,7.899974
UTJCXDMLSWYEJA-UHFFFAOYSA-N,2007,Ki,7.960189
UTLSOLPDKDYHNU-IYARVYRRSA-N,2023,Ki,9.267606
UTQIQWGFEQDQAG-UHFFFAOYSA-N,2018,Ki,8.045757
UTQIQWGFEQDQAG-UHFFFAOYSA-N,2018,Ki,8.049976
UTQIQWGFEQDQAG-UHFFFAOYSA-N,2018,Ki,8.619789
UTQIQWGFEQDQAG-UHFFFAOYSA-N,2018,Ki,8.630042
UTQIQWGFEQDQAG-UHFFFAOYSA-N,2018,Ki,7.920819
UTQIQWGFEQDQAG-UHFFFAOYSA-N,2018,Ki,7.940058
UTQLQNQCKAXIAE-YFVAEKQCSA-N,2023,Ki,9.309804
UTRNBIMBKRRKDH-UHFFFAOYSA-N,1997,Ki,6.399997
UTSVFENYHGEOSM-UHFFFAOYSA-N,2009,Ki,6.764472
UTSZTPIAGJECRH-BRLLKYFNSA-N,2008,Ki,6.318759
UTUCAVNEOKJWJU-UHFFFAOYSA-N,2006,Ki,7.173925
UTUCAVNEOKJWJU-UHFFFAOYSA-N,2007,Ki,7.169989
UTUFKUUIPTWXPH-UHFFFAOYSA-N,2018,Ki,5.410000
UTWPJLLDBXANCC-UHFFFAOYSA-N,2018,Ki,8.022276
UTXSOICYDAGUJA-UHFFFAOYSA-N,2023,Ki,7.232844
UTXSOICYDAGUJA-UHFFFAOYSA-N,2023,EC50,7.749580
UUBHNHBPLALWJT-UHFFFAOYSA-N,2023,Ki,9.251812
UUBRCCCOMNXSPK-IYARVYRRSA-N,2023,Ki,8.974694
UUBRCCCOMNXSPK-IYARVYRRSA-N,2023,IC50,8.489991
UUBRCCCOMNXSPK-IYARVYRRSA-N,2023,IC50,8.493495
UUDQCIUOURNBBY-UHFFFAOYSA-N,2015,Ki,7.576754
UUKCJRIPKQWEID-UHFFFAOYSA-N,1997,Ki,8.599980
UUROQRRZHCJWGK-UHFFFAOYSA-N,2020,Ki,5.281498
UUTGTTDZMUFZGA-UHFFFAOYSA-N,1999,Ki,6.602060
UUTWNAKPHRTMAJ-UHFFFAOYSA-N,2017,Ki,7.470057
UUXJEWIMBQSYJG-UHFFFAOYSA-N,2010,Ki,9.164309
UUYDEYACQFNFMI-VOTSOKGWSA-N,2007,Ki,8.920819
UUYDEYACQFNFMI-VOTSOKGWSA-N,2007,IC50,7.723538
UUYDEYACQFNFMI-VOTSOKGWSA-N,2014,Ki,7.920819
UUYDEYACQFNFMI-VOTSOKGWSA-N,2014,IC50,7.723538
UUYDEYACQFNFMI-VOTSOKGWSA-N,2014,Ki,7.920819
UUYDEYACQFNFMI-VOTSOKGWSA-N,2014,IC50,7.723538
UVAUEIWFNXYKDF-DNLFPKPLSA-N,2020,Ki,9.309804
UVAUEIWFNXYKDF-DNLFPKPLSA-N,2022,Ki,9.309804
UVDIFPYXVNSROD-MAUKXSAKSA-N,1999,Ki,7.799971
UVDIFPYXVNSROD-QAPCUYQASA-N,1999,Ki,8.199971
UVDIFPYXVNSROD-UHFFFAOYSA-N,1999,Ki,8.100015
UVEHFXJWIQCNDD-IYARVYRRSA-N,2013,Ki,7.032452
UVGXRAIWMKOXPV-PAVFIEEWSA-N,2023,Ki,8.508638
UVHCYAYELJOQKF-UHFFFAOYSA-N,2019,Ki,6.886057
UVKZSORBKUEBAZ-UHFFFAOYSA-N,,IC50,5.524038
UVKZSORBKUEBAZ-UHFFFAOYSA-N,,Ki,5.993106
UVSFXLJLPPIILC-UHFFFAOYSA-N,2007,Ki,7.537602
UVSLSTOAZHUYRU-UHFFFAOYSA-N,2014,Ki,8.301030
UVSNDTNJIHHUPU-UHFFFAOYSA-N,2018,Ki,7.853872
UVSNDTNJIHHUPU-UHFFFAOYSA-N,2018,Ki,7.869988
UVSNDTNJIHHUPU-UHFFFAOYSA-N,2018,Ki,7.853872
UVSNDTNJIHHUPU-UHFFFAOYSA-N,2018,Ki,7.860121
UVSNDTNJIHHUPU-UHFFFAOYSA-N,2018,Ki,7.568636
UVSNDTNJIHHUPU-UHFFFAOYSA-N,2018,Ki,7.569925
UVUYWJWYRLJHEN-UHFFFAOYSA-N,2014,Ki,5.935917
UWDDPDDBHFLUEH-UHFFFAOYSA-N,2018,Ki,6.387216
UWKSEIMVPIPCAP-XUTJKUGGSA-N,2020,Ki,9.318759
UWKSEIMVPIPCAP-XUTJKUGGSA-N,2022,Ki,9.318759
UWMNNXYMOFTXGP-UHFFFAOYSA-N,2009,Ki,7.199971
UWNBKMQSNLLWQV-UHFFFAOYSA-N,2015,Ki,8.508638
UWSBTSAJZMIHBL-HDJSIYSDSA-N,2024,Ki,6.302544
UWUBDOPGNONVDN-UHFFFAOYSA-N,2022,Ki,5.589999
UWUCDMAWZWXZPY-UHFFFAOYSA-N,1997,Ki,5.607303
UWXLBLFCZDJRKI-CNNODRBYSA-N,2021,Ki,7.709965
UWXLBLFCZDJRKI-CNNODRBYSA-N,2021,Ki,6.707744
UWXLBLFCZDJRKI-NNMXDRDESA-N,2021,Ki,7.112946
UWXLBLFCZDJRKI-NNMXDRDESA-N,2021,Ki,6.381952
UXATXHBJCKNDIU-XZOQPEGZSA-N,2023,Ki,8.327902
UXAXXXXPTUTANS-UHFFFAOYSA-N,2016,Ki,6.735182
UXAXXXXPTUTANS-UHFFFAOYSA-N,2016,Ki,6.729997
UXCCYRSVXPBQMU-UHFFFAOYSA-N,2007,Ki,7.799971
UXEHMYRJTUKZNV-WGSAOQKQSA-N,2016,Ki,9.000000
UXMSMPLWAVJIOJ-OWOJBTEDSA-N,2005,Ki,9.000000
UXQSBUSPGKCLJW-UHFFFAOYSA-N,2018,Ki,6.882729
UXRJVZYJCCSIAH-UHFFFAOYSA-N,2017,Ki,8.920819
UXRVFSIWSWPXSI-CBAPKCEASA-N,2019,Ki,5.818156
UXRVFSIWSWPXSI-IONNQARKSA-N,2019,Ki,6.372634
UXVSPCRUHCDGHS-UHFFFAOYSA-N,2015,Ki,9.632644
UXXVKIMDJCJFRO-UHFFFAOYSA-N,2020,EC50,6.261219
UXXVKIMDJCJFRO-UHFFFAOYSA-N,2023,EC50,6.261219
UYAJEEPVQYLWDN-UHFFFAOYSA-N,1999,Ki,6.900009
UYCJWHABGCDKEQ-UHFFFAOYSA-N,2017,Ki,6.420216
UYNTZKCUFSBUOJ-UHFFFAOYSA-N,2023,Ki,10.102373
UYOTUCPKIKVHNI-UHFFFAOYSA-N,2007,Ki,7.029979
UYPLISCDIQJPNG-UHFFFAOYSA-N,2023,Ki,7.638272
UYSUVIPTEFGQSA-UHFFFAOYSA-N,2016,Ki,9.698970
UYUTUOIZGIGQQA-VIVFLBMVSA-N,2013,Ki,5.244125
UYVCLAKGXPJPHJ-UHFFFAOYSA-N,2010,Ki,7.000000
UZHIOMXZZAVYQK-UHFFFAOYSA-N,2021,Ki,6.628932
UZSLOUWOZNFAFR-UHFFFAOYSA-N,2022,Ki,6.099999
UZSMYCXKQUZNLV-UHFFFAOYSA-N,1997,Ki,6.853872
UZWFPAGPMDHLOW-IHRKKFBRSA-N,2023,Ki,9.638272
UZYOEBMFBYDQJT-UHFFFAOYSA-N,2007,Ki,7.400008
UZZUNWBAZUITJX-VOTSOKGWSA-N,2006,Ki,8.036212
VAEXXTRBLCNPTN-UHFFFAOYSA-N,2010,IC50,5.677367
VAEZCFWPDODBFF-UHFFFAOYSA-N,2006,Ki,7.645892
VAFZNMGNFLJSPI-UHFFFAOYSA-N,2014,Ki,6.251812
VAGLBALSMGUHAJ-UHFFFAOYSA-N,2017,Ki,7.420216
VAGMAHDJGBPZIB-HSZRJFAPSA-N,2016,Ki,6.397940
VAGMAHDJGBPZIB-QHCPKHFHSA-N,2016,Ki,6.161151
VANBZHNBQWYEMT-UHFFFAOYSA-N,2009,Ki,6.799998
VASIIKBBVSZUHT-UHFFFAOYSA-N,2010,Ki,6.876148
VASQQZAFIQDBHR-UHFFFAOYSA-N,2009,Ki,6.900009
VAVQKONBNVLSBI-UHFFFAOYSA-N,2021,Ki,5.680062
VAVQKONBNVLSBI-UHFFFAOYSA-N,2021,Ki,5.700001
VAYOSLLFUXYJDT-RDTXWAMCSA-N,2002,Ki,7.568636
VBJJOYHRWXQNFV-UHFFFAOYSA-N,1996,Ki,6.388277
VBNZKUKNBGOHDO-SAABIXHNSA-N,2013,Ki,8.400117
VBNZKUKNBGOHDO-SAABIXHNSA-N,2013,Ki,8.400117
VBPWMWMHKVCXQD-UHFFFAOYSA-N,2008,Ki,9.346787
VBQPFBIQLMTMNM-UHFFFAOYSA-N,2007,Ki,8.799971
VBTFJGYCISLKEQ-UHFFFAOYSA-N,1999,Ki,7.958607
VBTFJGYCISLKEQ-UHFFFAOYSA-N,1998,Ki,7.958607
VCFMMDVFGUQTHR-HXUWFJFHSA-N,2000,Ki,5.899998
VCGDITFNZVUQSJ-UHFFFAOYSA-N,2015,Ki,6.221849
VCJRZGBNXMAJCB-UHFFFAOYSA-N,2008,Ki,9.100015
VCKOBAOVBZHUOW-UHFFFAOYSA-N,1997,Ki,6.795880
VCSRUJJOQUHUJC-MRVPVSSYSA-N,1996,Ki,6.823909
VCSXUTPJFQYQHZ-UHFFFAOYSA-N,2014,Ki,7.721246
VCVHOTMCZLRSOP-OWOJBTEDSA-N,2005,Ki,8.769551
VCXXQIVAVCLUOT-UHFFFAOYSA-N,2008,Ki,8.199971
VCYGJFJKSCACCN-UHFFFAOYSA-N,2017,EC50,7.920819
VCYGJFJKSCACCN-UHFFFAOYSA-N,2017,EC50,5.638272
VCYGJFJKSCACCN-UHFFFAOYSA-N,2017,EC50,5.630000
VCYJYQQXTOICSB-UHFFFAOYSA-N,2001,Ki,8.853872
VCYPZWCFSAHTQT-UHFFFAOYSA-N,1996,Ki,9.124939
VCZAICHKRVTUHW-UHFFFAOYSA-N,2014,Ki,8.000000
VCZAICHKRVTUHW-UHFFFAOYSA-N,2014,IC50,6.195861
VCZAICHKRVTUHW-UHFFFAOYSA-N,2014,IC50,9.522879
VCZAICHKRVTUHW-UHFFFAOYSA-N,2017,Ki,7.991400
VCZAICHKRVTUHW-UHFFFAOYSA-N,2018,Ki,7.991400
VDCBDIRJDJYCIZ-UHFFFAOYSA-N,2012,Ki,7.070581
VDDJMIICHGUNIS-UHFFFAOYSA-N,2017,EC50,5.920819
VDGZERMDPAAZEJ-UHFFFAOYSA-N,2003,Ki,5.000000
VDHAWDNDOKGFTD-MRXNPFEDSA-N,2024,Ki,6.407957
VDIKOHJQRNCQAT-UHFFFAOYSA-N,2017,Ki,7.552842
VDIKOHJQRNCQAT-UHFFFAOYSA-N,2017,EC50,7.376751
VDNJPDREVJLHKX-UHFFFAOYSA-N,2017,Ki,6.358526
VDOKRNXOPISLCW-UHFFFAOYSA-N,2020,EC50,7.590067
VDOKRNXOPISLCW-UHFFFAOYSA-N,2023,EC50,7.590067
VDOKRNXOPISLCW-UHFFFAOYSA-N,2023,EC50,7.590067
VDWKDBPHAPPUBO-UHFFFAOYSA-N,2013,Ki,5.489455
VDWKDBPHAPPUBO-UHFFFAOYSA-N,2013,IC50,5.020452
VDXPHDCGJBDTON-UHFFFAOYSA-N,2016,Ki,9.026410
VEDCYFFCKNISSG-UHFFFAOYSA-N,2006,Ki,7.026872
VEEYYIQQKILMMS-UHFFFAOYSA-N,2007,Ki,6.264401
VEJVQTWUKUQWPK-KBRIMQKVSA-N,2012,Ki,7.301030
VELJFQQYEQHBOB-AWEZNQCLSA-N,2001,Ki,5.443697
VELJFQQYEQHBOB-AWEZNQCLSA-N,2005,Ki,5.440000
VELJFQQYEQHBOB-CQSZACIVSA-N,2001,Ki,6.292430
VELJFQQYEQHBOB-CQSZACIVSA-N,2005,Ki,6.299998
VEMOQUROGJYIHS-UHFFFAOYSA-N,2016,Ki,7.769551
VETXVTBLRUMWQE-RBUKOAKNSA-N,2020,Ki,9.154902
VETXVTBLRUMWQE-RBUKOAKNSA-N,2022,Ki,9.154902
VEVXEIFEZQIXSC-UHFFFAOYSA-N,2020,EC50,6.000000
VEYSGMPQWOSGTB-UHFFFAOYSA-N,2000,Ki,4.823909
VEYSGMPQWOSGTB-UHFFFAOYSA-N,2006,Ki,4.823909
VEYSGMPQWOSGTB-UHFFFAOYSA-N,2021,Ki,4.823909
VFDZFYCKUWKAKM-UHFFFAOYSA-N,2006,Ki,7.455932
VFDZFYCKUWKAKM-UHFFFAOYSA-N,2006,EC50,9.677781
VFGWQQNKIVMZLG-UHFFFAOYSA-N,2021,Ki,7.339989
VFGWQQNKIVMZLG-UHFFFAOYSA-N,2021,EC50,7.470057
VFLJXRCSXJBPAE-UHFFFAOYSA-N,1999,Ki,5.958607
VFOIGDCCMUEJDD-UHFFFAOYSA-N,2011,Ki,7.869666
VFOLOUVNAQBRDB-UHFFFAOYSA-N,2014,Ki,6.728158
VFOLOUVNAQBRDB-UHFFFAOYSA-N,2014,Ki,6.699992
VFOQAVYBDYGMOW-UHFFFAOYSA-N,2007,Ki,7.799971
VFPMJQLPEIDGKV-YPGOJHLTSA-N,2008,Ki,7.747147
VFSAAGKCBXDENJ-KESTWPANSA-N,2014,Ki,8.258848
VFSAAGKCBXDENJ-KESTWPANSA-N,2014,Ki,8.258848
VFYMYMGVYBHBAW-IYARVYRRSA-N,1998,Ki,6.229148
VFZKZZYPGOBKJY-UHFFFAOYSA-N,2006,Ki,6.494850
VFZKZZYPGOBKJY-UHFFFAOYSA-N,2007,Ki,6.490005
VFZOPLQXSQRUHM-UHFFFAOYSA-N,1997,Ki,7.790485
VGARNUPXALCIJC-UHFFFAOYSA-N,2017,Ki,7.449772
VGARNUPXALCIJC-UHFFFAOYSA-N,2018,Ki,7.449772
VGBOISIRCIDEGP-UHFFFAOYSA-N,2001,IC50,6.120331
VGEYSHNQKQOFLR-UHFFFAOYSA-N,2010,Ki,6.725842
VGGYTNPNHQBLKG-UHFFFAOYSA-N,2019,Ki,4.836034
VGIGHGMPMUCLIQ-UHFFFAOYSA-N,2024,Ki,5.990150
VGIIDBWOPSJFIE-QFIPXVFZSA-N,2023,Ki,5.671417
VGIPYYQGXWSQEJ-UHFFFAOYSA-N,2009,Ki,5.823909
VGJNZAVHANBHEO-UHFFFAOYSA-N,2003,Ki,8.016825
VGKVZFQYJAJYLD-UHFFFAOYSA-N,2016,Ki,7.442493
VGKVZFQYJAJYLD-UHFFFAOYSA-N,2016,IC50,6.022276
VGOAURMKLDUSEO-UHFFFAOYSA-N,1993,Ki,9.677781
VGOPWFPTLSPLJJ-UHFFFAOYSA-N,2011,Ki,7.543634
VGOPWFPTLSPLJJ-UHFFFAOYSA-N,2011,IC50,6.356547
VGPQHQDBSBJSAG-UHFFFAOYSA-N,2009,Ki,9.420216
VGUQUIYJFQJLRU-UHFFFAOYSA-N,2023,Ki,7.356547
VGXWBRRDKLYQLR-UHFFFAOYSA-N,2022,Ki,5.277366
VGYQUDBPYFLBLJ-PTCVETCVSA-N,2013,Ki,5.571056
VHKZGNPOHPFPER-ONNFQVAWSA-N,,IC50,5.460924
VHKZGNPOHPFPER-ONNFQVAWSA-N,,Ki,5.929962
VHLUWRVNDLKEND-UHFFFAOYSA-N,2011,Ki,7.168130
VHPASGHENHNLAW-UHFFFAOYSA-N,2000,Ki,5.356547
VHQRCCSUCSHGEI-UHFFFAOYSA-N,1996,Ki,7.619789
VIBQJDQSQVVZMZ-JAQLMMITSA-N,2023,Ki,9.167491
VICLMFFSPFEHLO-IYARVYRRSA-N,2020,Ki,10.657577
VIESVSSRMWPJQT-UHFFFAOYSA-N,2017,Ki,8.301030
VIESVSSRMWPJQT-UHFFFAOYSA-N,2017,EC50,7.537602
VIESVSSRMWPJQT-UHFFFAOYSA-N,2017,EC50,7.540005
VIGLYHYRWJDUPG-UHFFFAOYSA-N,1999,Ki,6.086186
VIHBCLOGDPFGGP-UHFFFAOYSA-N,2011,IC50,5.913640
VIHBCLOGDPFGGP-UHFFFAOYSA-N,2011,Ki,8.397940
VIHBCLOGDPFGGP-UHFFFAOYSA-N,2011,IC50,6.283997
VILSZFKXSYCHGB-UHFFFAOYSA-N,2023,Ki,6.543634
VIPSEWNPWLYICF-UHFFFAOYSA-N,2010,Ki,6.900009
VITUDJAVASFPKN-DEOSSOPVSA-N,2014,EC50,10.000000
VIWLZWWKOPKBFC-UHFFFAOYSA-N,2017,EC50,6.886057
VIYAPIMIOKKYNF-UHFFFAOYSA-N,1996,Ki,8.290730
VJCSBNQWOYYPHX-SHTZXODSSA-N,2022,Ki,8.568636
VJEFULHYJJGZPU-SAABIXHNSA-N,2023,Ki,9.769551
VJEWRCWFWRMYOH-UHFFFAOYSA-N,2000,Ki,7.327902
VJEWRCWFWRMYOH-UHFFFAOYSA-N,2000,Ki,5.795880
VJEWRCWFWRMYOH-UHFFFAOYSA-N,2000,Ki,7.638272
VJEWRCWFWRMYOH-UHFFFAOYSA-N,2000,Ki,5.721246
VJEWRCWFWRMYOH-UHFFFAOYSA-N,2000,Ki,6.086186
VJKSHVBEJFBNJR-UHFFFAOYSA-N,2021,Ki,7.161151
VJKSHVBEJFBNJR-UHFFFAOYSA-N,2021,Ki,6.705534
VJMHUOSOEAGNQW-UHFFFAOYSA-N,2007,Ki,6.709965
VJMYWLHHQXMODZ-UHFFFAOYSA-N,2014,Ki,8.026872
VJPBVQZEPQLKCA-UHFFFAOYSA-N,2006,Ki,8.142668
VJSKWISJKOVRKJ-UHFFFAOYSA-N,2010,IC50,5.922632
VJUBLIXVVNAHIX-QAQDUYKDSA-N,2014,Ki,8.889410
VJUBLIXVVNAHIX-QAQDUYKDSA-N,2014,Ki,8.889410
VJUQIMXHRMEYAS-UHFFFAOYSA-N,2017,Ki,7.920819
VKJZURAABIJNTM-UHFFFAOYSA-N,2023,Ki,9.420216
VKNHMOVYMQVLKC-UHFFFAOYSA-N,2018,Ki,7.657577
VKQSAQSCKUZTCV-KNQAVFIVSA-N,2016,Ki,8.779892
VKZILFVYTKXRFT-UHFFFAOYSA-N,2017,Ki,6.292430
VLCYCTQMMKCUDI-UHFFFAOYSA-N,2002,Ki,5.698970
VLGWIPCXNBQWLT-UHFFFAOYSA-N,2010,Ki,6.900009
VLGWIPCXNBQWLT-UHFFFAOYSA-N,2010,Ki,8.400008
VLGWIPCXNBQWLT-UHFFFAOYSA-N,2010,Ki,8.799971
VLHYFLPLTQFSPU-UHFFFAOYSA-N,2014,Ki,9.397940
VLMVFBMJXRVZOG-WGSAOQKQSA-N,2013,Ki,8.120331
VLOIKNXQTLFVIH-OKDJAKQTSA-N,2009,Ki,7.599980
VLOIKNXQTLFVIH-OKDJAKQTSA-N,2009,Ki,7.599980
VLTGPTYNYZEWJR-UHFFFAOYSA-N,2011,Ki,6.872895
VLULRUCCHYVXOH-UHFFFAOYSA-N,2025,Ki,5.388277
VLVNADWTXMPIOQ-CYYJNZCTSA-N,2015,Ki,9.070581
VLVNADWTXMPIOQ-CYYJNZCTSA-N,2015,EC50,8.585027
VLVNADWTXMPIOQ-CYYJNZCTSA-N,2015,EC50,7.167491
VLWXQHYDFCFOHW-UHFFFAOYSA-N,2019,Ki,9.387216
VLZQBDLYBZSBFI-UHFFFAOYSA-N,2020,EC50,5.721246
VMATXNORBZBLAE-UHFFFAOYSA-N,1996,Ki,7.400008
VMDGNXGFFZHOON-MEMLXQNLSA-N,2013,Ki,7.643974
VMDJSIGZJOXSGC-PCLIKHOPSA-N,2014,Ki,9.065502
VMDJSIGZJOXSGC-PCLIKHOPSA-N,2014,EC50,7.819874
VMDJSIGZJOXSGC-PCLIKHOPSA-N,2014,EC50,7.823909
VMHDSBUIYYCTCD-UHFFFAOYSA-N,2019,Ki,6.193820
VMOFYGZGNSIHPR-UHFFFAOYSA-N,2007,Ki,8.823909
VMQHOVDFWBZTMR-UHFFFAOYSA-N,2023,Ki,7.537602
VMSBWTDRZMICFC-UHFFFAOYSA-N,2019,Ki,7.744727
VMTIAIJOJOQAEM-GOSISDBHSA-N,1995,Ki,8.468521
VMUIVGHGONOVFW-UHFFFAOYSA-N,2013,Ki,7.698970
VMUIVGHGONOVFW-UHFFFAOYSA-N,2013,Ki,7.638272
VMVIBHPQZUBRKV-UHFFFAOYSA-N,2010,Ki,5.800001
VMWNQDUVQKEIOC-CYBMUJFWSA-N,1994,Ki,8.107905
VMWNQDUVQKEIOC-CYBMUJFWSA-N,2007,EC50,8.154902
VMWNQDUVQKEIOC-CYBMUJFWSA-N,2011,Ki,8.585027
VMWNQDUVQKEIOC-CYBMUJFWSA-N,2012,Ki,8.000000
VMWNQDUVQKEIOC-CYBMUJFWSA-N,2013,Ki,7.769551
VMWNQDUVQKEIOC-CYBMUJFWSA-N,2024,Ki,7.585027
VNAZBTWTBGIYND-UHFFFAOYSA-N,1998,Ki,6.550522
VNCBCPIVWAMDIB-UHFFFAOYSA-N,2007,Ki,5.899998
VNDRDTRYTOSTBB-XUTJKUGGSA-N,2013,Ki,8.924453
VNDRDTRYTOSTBB-XUTJKUGGSA-N,2013,Ki,8.924453
VNFPBHJOKIVQEB-UHFFFAOYSA-N,,IC50,5.577246
VNFPBHJOKIVQEB-UHFFFAOYSA-N,,Ki,6.046240
VNNNOJMMKZKFEA-UHFFFAOYSA-N,2023,Ki,9.698970
VNQMWRQYPRIJGM-UHFFFAOYSA-N,2007,Ki,7.890084
VNSQNNPGGZXQAN-UHFFFAOYSA-N,2010,Ki,8.899974
VNUWHBRXYDCOFA-UHFFFAOYSA-N,2008,Ki,6.900009
VNWSJGQXBGKBED-UHFFFAOYSA-N,2001,Ki,6.026872
VNZLQLYBRIOLFZ-UHFFFAOYSA-N,2012,Ki,5.645507
VOALUBYHXLQXRI-KLJDGLGGSA-N,2021,Ki,5.249492
VOALUBYHXLQXRI-WEWMWRJBSA-N,2021,Ki,5.419075
VOCJQDHVNNMIHT-UHFFFAOYSA-N,2016,Ki,8.744727
VOGUYUKRQYJYDP-GQCTYLIASA-N,2022,Ki,8.892790
VOHRIFJWKDCAAD-DLBZAZTESA-N,2020,Ki,9.142668
VOKCKVQKMXVJNW-UHFFFAOYSA-N,2020,EC50,7.769551
VOKCKVQKMXVJNW-UHFFFAOYSA-N,2023,EC50,7.769551
VOLSMORQSJTKPA-UHFFFAOYSA-N,1997,Ki,5.769551
VOLSMORQSJTKPA-UHFFFAOYSA-N,2005,Ki,5.770001
VONCVEKPHABPGO-UHFFFAOYSA-N,2014,Ki,6.568636
VOPNYIHLMCVSPL-UHFFFAOYSA-N,2002,Ki,6.070581
VOWFPVSNWUSCMB-UHFFFAOYSA-N,1997,Ki,6.221849
VPBJNBUDASILSQ-INIZCTEOSA-N,2007,Ki,7.481486
VPCKUMFPILIIDI-JIBACQESSA-N,2014,Ki,8.318759
VPCKUMFPILIIDI-JIBACQESSA-N,2014,Ki,8.318759
VPCYWMAVRBKXBM-UHFFFAOYSA-N,2008,Ki,6.799998
VPIBUDXDYGVIBY-RUCARUNLSA-N,2014,Ki,8.612966
VPIBUDXDYGVIBY-RUCARUNLSA-N,2014,Ki,8.612966
VPRRPJPYZLZPNF-PMERELPUSA-N,2014,Ki,6.638272
VPUYNZMAEQVXFX-UHFFFAOYSA-N,1996,Ki,8.187087
VPXUAYLFOKMYIW-UHFFFAOYSA-N,2015,Ki,7.276544
VPYCAVXBANQPPA-UHFFFAOYSA-N,2014,Ki,8.161151
VPYCAVXBANQPPA-UHFFFAOYSA-N,2014,EC50,8.720105
VPYCAVXBANQPPA-UHFFFAOYSA-N,2014,EC50,8.721246
VQAXSIOYACBCCS-UHFFFAOYSA-N,2017,Ki,7.331614
VQAXSIOYACBCCS-UHFFFAOYSA-N,2018,Ki,7.331614
VQBXPTGVNAAIHI-UHFFFAOYSA-N,2005,Ki,7.065502
VQEFMIATWHWTNX-CYBMUJFWSA-N,2005,Ki,5.550000
VQEFMIATWHWTNX-ZDUSSCGKSA-N,2005,Ki,8.140022
VQEFMIATWHWTNX-ZDUSSCGKSA-N,2005,EC50,8.619789
VQEFMIATWHWTNX-ZDUSSCGKSA-N,2005,Ki,8.142668
VQEFMIATWHWTNX-ZDUSSCGKSA-N,2005,Ki,6.853872
VQJWINDRTCMVEE-UHFFFAOYSA-N,2017,Ki,7.777284
VQJWINDRTCMVEE-UHFFFAOYSA-N,2018,Ki,7.777284
VQKRNRNICNEGLE-GXFFZTMASA-N,1994,Ki,6.767004
VQMDEMJGEQRPDH-UHFFFAOYSA-N,2014,Ki,8.040959
VQODXNCHOGDXSX-YKSBVNFPSA-N,2016,Ki,8.130006
VQODXNCHOGDXSX-YKSBVNFPSA-N,2016,Ki,8.580044
VQRXJDFSVAHLSS-WVPZODRTSA-N,2000,Ki,8.100015
VQTOIKFNTAKXCR-UHFFFAOYSA-N,1997,Ki,8.599980
VQWRIGMLIDJHJV-UHFFFAOYSA-N,2001,Ki,5.309804
VRBKIVRKKCLPHA-UHFFFAOYSA-N,2024,Ki,6.419999
VRHJRFPPAACNSV-UHFFFAOYSA-N,2014,Ki,8.096910
VRHJRFPPAACNSV-UHFFFAOYSA-N,2014,IC50,6.610834
VRHJRFPPAACNSV-UHFFFAOYSA-N,2014,IC50,9.522879
VRHJRFPPAACNSV-UHFFFAOYSA-N,2014,IC50,9.481486
VRHJRFPPAACNSV-UHFFFAOYSA-N,2017,Ki,8.096910
VRHJRFPPAACNSV-UHFFFAOYSA-N,2018,Ki,8.096910
VRIOGKJTEWWNSZ-UHFFFAOYSA-N,2017,Ki,7.071604
VRJXNVWZJIUSSO-UHFFFAOYSA-N,2011,Ki,7.920819
VRLVWZJMGUUUAL-UHFFFAOYSA-N,2019,Ki,6.886057
VROFQJNNYWWTGM-UHFFFAOYSA-N,2003,Ki,5.552842
VRQBYXDBZXNLRA-UHFFFAOYSA-N,2010,Ki,6.499997
VRWKFSXVIDXVMV-UHFFFAOYSA-N,2006,Ki,5.721246
VRWKFSXVIDXVMV-UHFFFAOYSA-N,2007,Ki,5.720000
VRWYJLYADFQDOO-UHFFFAOYSA-N,2003,Ki,5.000000
VSBFNECEOCOOHP-UHFFFAOYSA-N,2019,Ki,7.485452
VSESOHHTOBROFA-UHFFFAOYSA-N,2006,Ki,6.055517
VSHFJDFDEHUHMG-UHFFFAOYSA-N,2010,Ki,6.599998
VSHFJDFDEHUHMG-UHFFFAOYSA-N,2010,Ki,8.100015
VSHFJDFDEHUHMG-UHFFFAOYSA-N,2010,Ki,9.000000
VSLHVYXAJARFNB-UHFFFAOYSA-N,2017,Ki,6.853872
VSUKSHADZRDBII-UHFFFAOYSA-N,2007,Ki,8.199971
VSVDMIMYERSROL-UHFFFAOYSA-N,2010,Ki,4.721246
VSWBBUWHPLHOIX-OBGWFSINSA-N,2003,Ki,7.995679
VSWBSWWIRNCQIJ-UHFFFAOYSA-N,2015,Ki,8.026872
VSYGMBWVAURWIK-QAQDUYKDSA-N,2014,Ki,8.508638
VSYGMBWVAURWIK-QAQDUYKDSA-N,2014,Ki,8.508638
VTBKJNQAKCEEEL-UHFFFAOYSA-N,2002,Ki,7.619789
VTFHJUTXAYAVPD-PMVMPFDFSA-N,2013,Ki,8.045757
VTFHJUTXAYAVPD-PMVMPFDFSA-N,2013,Ki,8.045757
VTFHJUTXAYAVPD-YEMPIKNUSA-N,2013,Ki,8.029188
VTFHJUTXAYAVPD-YEMPIKNUSA-N,2013,Ki,8.029188
VTFHJUTXAYAVPD-YMPZKCBVSA-N,2013,Ki,8.116339
VTFHJUTXAYAVPD-YMPZKCBVSA-N,2013,Ki,8.116339
VTGDLGOSPAKXEA-RXJZEZJSSA-N,2010,Ki,6.599998
VTGDLGOSPAKXEA-WMISUKIASA-N,2010,Ki,6.900009
VTGDLGOSPAKXEA-WMISUKIASA-N,2010,Ki,8.400008
VTKQFQBLYNWSNR-UHFFFAOYSA-N,2017,Ki,7.892790
VTKQFQBLYNWSNR-UHFFFAOYSA-N,2018,Ki,7.892790
VTSGZNIOFXBPQI-UHFFFAOYSA-N,2002,Ki,6.931814
VTSMNPQRBXHIOD-UHFFFAOYSA-N,2008,Ki,7.700057
VUBGTPVVYQBGQN-GLOFJIOZSA-N,2007,Ki,9.431798
VUDZLQDQARJUEH-UHFFFAOYSA-N,2003,Ki,8.528708
VUEGBGWRCATKQZ-CYBMUJFWSA-N,1994,Ki,7.167491
VUEGBGWRCATKQZ-CYBMUJFWSA-N,1993,Ki,7.167491
VUFRFPUOFHXBBM-CCLHPLFOSA-N,2010,Ki,8.899974
VUFRFPUOFHXBBM-UHFFFAOYSA-N,2010,Ki,8.400008
VURVNYUMSCKMDC-UHFFFAOYSA-N,2008,Ki,7.899974
VUSBFQZSDADXBE-UHFFFAOYSA-N,2019,Ki,9.698970
VUTNNUCTOQWFCV-HKBQPEDESA-N,2014,Ki,6.886057
VUXXDICFUUFOIZ-UHFFFAOYSA-N,1999,Ki,5.602060
VUZROXDIJDWGAH-OUKQBFOZSA-N,2003,Ki,9.283997
VVGHIMUWASPVQJ-UHFFFAOYSA-N,2007,Ki,9.000000
VVNKMNCWRHQTDH-UHFFFAOYSA-N,2015,Ki,7.744727
VVODYFOWICQKRF-XYWHTSSQSA-N,2022,Ki,9.657577
VVPCRKVUSARVSE-UHFFFAOYSA-N,2013,Ki,7.744727
VVRAANFGOIKBRD-UHFFFAOYSA-N,2008,Ki,5.309804
VVTLMNQMVBGPMD-VQIMIIECSA-N,2021,Ki,7.931814
VWGCBHSNAGFTHA-UHFFFAOYSA-O,2017,Ki,6.698970
VWGPRFQVSJZKGC-OKDASEJXSA-N,2014,Ki,8.240559
VWGPRFQVSJZKGC-OKDASEJXSA-N,2014,Ki,8.240559
VWNMUULEHNRJQH-UHFFFAOYSA-N,2014,Ki,7.337242
VWOPHJNKQUYGLG-UHFFFAOYSA-N,2016,EC50,7.595166
VWTBKWKKPKFNJR-FQEVSTJZSA-N,2021,Ki,8.156767
VWTCRTQGMATJRY-HCGLCNNCSA-N,2023,Ki,9.468521
VWTCRTQGMATJRY-HCGLCNNCSA-N,2023,IC50,7.439974
VWTCRTQGMATJRY-HCGLCNNCSA-N,2023,IC50,7.443697
VWXWDHIJTXVFHJ-UHFFFAOYSA-N,2022,Ki,8.259637
VXHLHYPOHKQMNB-UHFFFAOYSA-N,2006,Ki,5.455932
VXILQLXJSINXHA-UHFFFAOYSA-N,2022,Ki,6.309999
VXJVZBXRTNKKRU-UHFFFAOYSA-N,2021,IC50,8.470057
VXNGRJYOYXAYSC-XNMGPUDCSA-N,2021,Ki,7.358526
VXPJDPSEYZZZEM-GFCCVEGCSA-N,1996,Ki,6.801343
VXTBATODBHMPJK-UHFFFAOYSA-N,2007,Ki,7.599980
VXTINWNGKOZZIK-XGAFWQRZSA-N,2023,Ki,9.744727
VXTKAVNUVLUPMB-XUTJKUGGSA-N,2013,Ki,8.213959
VXTKAVNUVLUPMB-XUTJKUGGSA-N,2013,Ki,8.213959
VXTVAYBBRGJBTM-IYBDPMFKSA-N,2009,Ki,8.899974
VXTVAYBBRGJBTM-IYBDPMFKSA-N,2009,Ki,8.899974
VXWWHYWZTKORBH-UHFFFAOYSA-N,2009,Ki,6.318759
VXXGFFBHXLMHAK-UHFFFAOYSA-N,1996,Ki,6.185752
VYAKZBSIEMCYFQ-ZHALLVOQSA-N,2013,Ki,7.955460
VYAKZBSIEMCYFQ-ZHALLVOQSA-N,2013,Ki,7.955460
VYCBASLVLXPETI-CRAIPNDOSA-N,2019,Ki,7.739929
VYCBASLVLXPETI-CRAIPNDOSA-N,2020,Ki,7.739929
VYCBASLVLXPETI-UHFFFAOYSA-N,2016,Ki,7.400008
VYCBASLVLXPETI-UHFFFAOYSA-N,2019,Ki,7.429457
VYCBASLVLXPETI-UHFFFAOYSA-N,2020,Ki,7.429457
VYCKVQISRHCOOL-OAHLLOKOSA-N,1996,Ki,8.354578
VYFSCTYDZYUMSC-UHFFFAOYSA-N,2007,EC50,6.063486
VYFYYTLLBUKUHU-UHFFFAOYSA-N,1996,Ki,7.879426
VYFYYTLLBUKUHU-UHFFFAOYSA-N,2000,Ki,7.301030
VYFYYTLLBUKUHU-UHFFFAOYSA-N,2000,Ki,5.795880
VYFYYTLLBUKUHU-UHFFFAOYSA-N,2000,Ki,7.283997
VYFYYTLLBUKUHU-UHFFFAOYSA-N,2000,Ki,6.537602
VYFYYTLLBUKUHU-UHFFFAOYSA-N,2008,EC50,8.069051
VYFYYTLLBUKUHU-UHFFFAOYSA-N,2008,EC50,8.069051
VYFYYTLLBUKUHU-UHFFFAOYSA-N,2008,Ki,6.619789
VYFYYTLLBUKUHU-UHFFFAOYSA-N,2008,Ki,7.142668
VYFYYTLLBUKUHU-UHFFFAOYSA-N,2008,Ki,5.958607
VYFYYTLLBUKUHU-UHFFFAOYSA-N,2009,EC50,8.069051
VYFYYTLLBUKUHU-UHFFFAOYSA-N,2010,EC50,8.069051
VYFYYTLLBUKUHU-UHFFFAOYSA-N,2010,EC50,8.322393
VYFYYTLLBUKUHU-UHFFFAOYSA-N,2010,EC50,8.322393
VYFYYTLLBUKUHU-UHFFFAOYSA-N,2012,Ki,7.823909
VYFYYTLLBUKUHU-UHFFFAOYSA-N,2012,EC50,8.067019
VYFYYTLLBUKUHU-UHFFFAOYSA-N,2012,EC50,8.214670
VYFYYTLLBUKUHU-UHFFFAOYSA-N,2012,Ki,7.698970
VYFYYTLLBUKUHU-UHFFFAOYSA-N,2012,EC50,8.236572
VYFYYTLLBUKUHU-UHFFFAOYSA-N,2013,Ki,7.677781
VYFYYTLLBUKUHU-UHFFFAOYSA-N,2013,EC50,8.744727
VYFYYTLLBUKUHU-UHFFFAOYSA-N,2013,EC50,8.116907
VYFYYTLLBUKUHU-UHFFFAOYSA-N,2013,Ki,7.823909
VYFYYTLLBUKUHU-UHFFFAOYSA-N,2014,Ki,7.605548
VYFYYTLLBUKUHU-UHFFFAOYSA-N,2014,Ki,7.899974
VYFYYTLLBUKUHU-UHFFFAOYSA-N,2014,EC50,7.974694
VYFYYTLLBUKUHU-UHFFFAOYSA-N,2014,EC50,8.029979
VYFYYTLLBUKUHU-UHFFFAOYSA-N,2014,EC50,8.031517
VYFYYTLLBUKUHU-UHFFFAOYSA-N,2015,EC50,8.272459
VYFYYTLLBUKUHU-UHFFFAOYSA-N,2016,Ki,8.120331
VYFYYTLLBUKUHU-UHFFFAOYSA-N,2016,Ki,6.533132
VYFYYTLLBUKUHU-UHFFFAOYSA-N,2016,EC50,8.744727
VYFYYTLLBUKUHU-UHFFFAOYSA-N,2016,EC50,8.568636
VYFYYTLLBUKUHU-UHFFFAOYSA-N,2017,Ki,8.527244
VYFYYTLLBUKUHU-UHFFFAOYSA-N,2018,EC50,8.677781
VYFYYTLLBUKUHU-UHFFFAOYSA-N,2020,EC50,9.958607
VYFYYTLLBUKUHU-UHFFFAOYSA-N,2020,EC50,7.481486
VYFYYTLLBUKUHU-UHFFFAOYSA-N,2020,EC50,8.193820
VYFYYTLLBUKUHU-UHFFFAOYSA-N,2020,EC50,8.638272
VYFYYTLLBUKUHU-UHFFFAOYSA-N,2020,EC50,8.958607
VYFYYTLLBUKUHU-UHFFFAOYSA-N,2020,EC50,8.455932
VYFYYTLLBUKUHU-UHFFFAOYSA-N,2020,EC50,8.537602
VYFYYTLLBUKUHU-UHFFFAOYSA-N,2020,EC50,7.259637
VYFYYTLLBUKUHU-UHFFFAOYSA-N,2020,EC50,6.086186
VYFYYTLLBUKUHU-UHFFFAOYSA-N,2016,EC50,8.139063
VYFYYTLLBUKUHU-UHFFFAOYSA-N,2021,EC50,9.049976
VYFYYTLLBUKUHU-UHFFFAOYSA-N,2023,EC50,8.212540
VYFYYTLLBUKUHU-UHFFFAOYSA-N,2023,EC50,8.369572
VYFYYTLLBUKUHU-UHFFFAOYSA-N,2023,EC50,8.795880
VYFYYTLLBUKUHU-UHFFFAOYSA-N,2023,EC50,8.397940
VYFYYTLLBUKUHU-UHFFFAOYSA-N,2023,EC50,9.169989
VYFYYTLLBUKUHU-UHFFFAOYSA-N,2023,EC50,9.167491
VYFYYTLLBUKUHU-UHFFFAOYSA-N,2024,Ki,8.522879
VYGLNPIKDOAMBL-UHFFFAOYSA-N,2008,Ki,6.900009
VYGXIFKVFAKJNM-FQEVSTJZSA-N,2017,Ki,5.498804
VYIBPAZWROJPIT-UHFFFAOYSA-N,1999,Ki,6.657577
VYJSEMNZGPEKAE-UHFFFAOYSA-N,1999,Ki,7.105130
VYMPWSGDTBOYFF-CTNGQTDRSA-N,2010,Ki,7.599980
VYQGDEGEWDOYTJ-UHFFFAOYSA-N,2019,Ki,7.244125
VZAPTAUVWQWZDW-UHFFFAOYSA-N,2020,EC50,7.096910
VZCQCONTEBWWMW-BUHFOSPRSA-N,1995,Ki,7.455932
VZCQCONTEBWWMW-YPKPFQOOSA-N,1995,Ki,7.060481
VZDMPXBUIWEQHN-UHFFFAOYSA-N,2011,Ki,8.088310
VZDVSSOINOOOOJ-UHFFFAOYSA-N,2007,EC50,7.431798
VZDVSSOINOOOOJ-ZDUSSCGKSA-N,2007,EC50,7.494850
VZFYQAAXSLVYIL-UHFFFAOYSA-N,2008,Ki,6.823909
VZGCIZBAKNLDRR-UHFFFAOYSA-N,2009,Ki,7.655608
VZIIAQQJQFQYID-XYWHTSSQSA-N,2014,Ki,8.081970
VZIIAQQJQFQYID-XYWHTSSQSA-N,2014,Ki,8.081970
VZKXQURASTWIAW-AQYVVDRMSA-N,2016,Ki,10.327902
VZNBDFOHHGDJKC-UHFFFAOYSA-N,2002,Ki,6.173925
VZNSZPOJWAAUQR-UHFFFAOYSA-N,1995,Ki,7.744727
VZNSZPOJWAAUQR-UHFFFAOYSA-N,2013,Ki,7.744727
VZTUIEROBZXUFA-INIZCTEOSA-N,2017,Ki,6.363512
VZWLMLULZYPQLO-UHFFFAOYSA-N,2017,Ki,7.318759
VZWLMLULZYPQLO-UHFFFAOYSA-N,2018,Ki,7.318759
VZZGBKXBBHQYML-MOJGAOKDSA-N,2008,Ki,6.266803
WAFXOAGOOZIJGE-FXAWDEMLSA-N,2019,Ki,8.209715
WAFXOAGOOZIJGE-FXAWDEMLSA-N,2020,Ki,8.209715
WAFXOAGOOZIJGE-UHFFFAOYSA-N,2019,Ki,8.100179
WAFXOAGOOZIJGE-UHFFFAOYSA-N,2020,Ki,8.100179
WAFXOAGOOZIJGE-XLIONFOSSA-N,2019,Ki,7.119758
WAFXOAGOOZIJGE-XLIONFOSSA-N,2020,Ki,7.119758
WAIZFEIVFOBJJX-UHFFFAOYSA-N,2021,Ki,7.818156
WALQYBLEMBEYFX-JOCHJYFZSA-N,2017,Ki,6.423659
WAOBJIAOTFLXLR-UHFFFAOYSA-N,2019,Ki,8.096910
WAOQONBSWFLFPE-VIFPVBQESA-N,2003,Ki,8.431798
WAOQONBSWFLFPE-VIFPVBQESA-N,2007,Ki,7.823909
WAOQONBSWFLFPE-VIFPVBQESA-N,2014,Ki,7.872895
WAOQONBSWFLFPE-VIFPVBQESA-N,2016,Ki,7.872895
WAPXCWVANCEDGJ-UHFFFAOYSA-N,2007,Ki,6.301030
WAWZDKTUQQRILI-UHFFFAOYSA-N,2008,Ki,6.900009
WAZOEZSHZLLENC-KLYXCBONSA-N,2023,Ki,10.065502
WBFWNZOPXYBZFJ-UXHICEINSA-N,2023,Ki,8.207608
WBGCNLMSYUBTIS-UHFFFAOYSA-N,2017,Ki,6.892790
WBGCNLMSYUBTIS-UHFFFAOYSA-N,2018,Ki,6.892790
WBGWXELVCBHOMZ-UHFFFAOYSA-N,2011,Ki,8.823909
WBGWXELVCBHOMZ-UHFFFAOYSA-N,2011,IC50,6.494850
WBKIGDGNXRRXNA-UHFFFAOYSA-N,2009,IC50,7.838632
WBKIGDGNXRRXNA-UHFFFAOYSA-N,2009,Ki,8.124939
WBKIGDGNXRRXNA-UHFFFAOYSA-N,2014,Ki,8.657577
WBKIGDGNXRRXNA-UHFFFAOYSA-N,2014,Ki,8.657577
WBOPWSGPXLCXQU-ZHACJKMWSA-N,1995,Ki,5.920457
WBUCFEOIQMRVHB-UHFFFAOYSA-N,2010,Ki,7.000000
WBVCIPQEKGGLDT-UHFFFAOYSA-N,2016,Ki,6.987163
WBVLCBQDISBZLH-AQYVVDRMSA-N,2013,Ki,7.603801
WBZRGAFDKQUGFB-UHFFFAOYSA-N,2010,Ki,8.576754
WBZXILODXAKGQO-UHFFFAOYSA-N,2007,Ki,7.552842
WCAGCKMTLAATQU-UHFFFAOYSA-N,2022,Ki,5.610000
WCAGCKMTLAATQU-UHFFFAOYSA-N,2025,Ki,5.610000
WCEIUAYVTGWLJR-UHFFFAOYSA-N,2017,Ki,6.490797
WCEIUAYVTGWLJR-UHFFFAOYSA-N,2018,Ki,6.490797
WCFAGISVWLBGAX-UHFFFAOYSA-N,2001,Ki,6.950782
WCHWFNCOZFCZSO-UHFFFAOYSA-N,1998,IC50,6.522879
WCIPIDQYCIFSCP-UHFFFAOYSA-N,2012,Ki,8.920819
WCJFBSYALHQBSK-UHFFFAOYSA-N,2021,Ki,5.369572
WCPFRPNMWXGWQY-ONEGZZNKSA-N,2005,Ki,8.657577
WCSZBBHBUPLUCU-UHFFFAOYSA-N,2017,Ki,8.522879
WCSZBBHBUPLUCU-UHFFFAOYSA-N,2017,Ki,6.958607
WCSZBBHBUPLUCU-UHFFFAOYSA-N,2018,Ki,6.958607
WCTUBAYTZGGHLK-UHFFFAOYSA-N,2021,Ki,7.236572
WCTUBAYTZGGHLK-UHFFFAOYSA-N,2021,Ki,7.199971
WCWNYVYNQAPOOX-OAHLLOKOSA-N,2003,Ki,7.229148
WCXOZRBCTFWPKS-UHFFFAOYSA-N,1997,Ki,8.000000
WDHYFDZSQKSUCX-WGSAOQKQSA-N,1997,Ki,8.602060
WDIQJDYEIWJBCZ-LUBYNABHSA-N,2022,Ki,9.522879
WDJJKEWRFILELR-WKILWMFISA-N,2020,Ki,9.508638
WDJJKEWRFILELR-WKILWMFISA-N,2022,Ki,9.508638
WDOKGNOTOAMJEX-UHFFFAOYSA-N,2001,Ki,6.886057
WDSFGGKHZHMPNE-SXTNBDNLSA-N,2022,Ki,9.148742
WDYXVLOKALEPOS-UHFFFAOYSA-N,2016,Ki,7.866461
WDYXVLOKALEPOS-UHFFFAOYSA-N,2016,EC50,6.148742
WDZRVYQTJKWKOX-UHFFFAOYSA-N,2006,Ki,6.795880
WDZRVYQTJKWKOX-UHFFFAOYSA-N,2007,Ki,6.799998
WEABCZGCKKUPTB-UHFFFAOYSA-N,2010,Ki,9.045757
WEEBXSDEOQNZPK-NLFFAJNJSA-N,2016,Ki,9.169989
WEEBXSDEOQNZPK-NLFFAJNJSA-N,2016,Ki,8.899974
WEFBOGOBWJVPBI-UHFFFAOYSA-N,2017,Ki,6.599998
WEFCQLWBBLEXDK-SFHVURJKSA-N,2021,Ki,7.298432
WEGLOYDTDILXDA-HNNXBMFYSA-N,2021,Ki,6.061175
WEGLOYDTDILXDA-HNNXBMFYSA-N,2021,Ki,6.060002
WEGLOYDTDILXDA-HNNXBMFYSA-N,2023,Ki,6.061175
WEGLOYDTDILXDA-OAHLLOKOSA-N,2021,Ki,6.028576
WEGLOYDTDILXDA-OAHLLOKOSA-N,2021,Ki,6.030002
WELSMEFKUXDCLH-XUTJKUGGSA-N,2023,Ki,9.958607
WEMWEQGYQWENGE-UHFFFAOYSA-N,2016,Ki,9.847712
WEMWEQGYQWENGE-UHFFFAOYSA-N,2016,EC50,8.327902
WEMWEQGYQWENGE-UHFFFAOYSA-N,2016,IC50,7.718967
WEVJMQOBCRCIPF-UHFFFAOYSA-N,2008,Ki,6.612432
WEVJMQOBCRCIPF-UHFFFAOYSA-N,2012,Ki,6.612432
WEVXDKFRXWZSDU-UHFFFAOYSA-N,1998,Ki,6.214670
WEVXDKFRXWZSDU-UHFFFAOYSA-N,1998,Ki,6.259637
WEYXUHPIPVELRK-UHFFFAOYSA-N,2017,Ki,6.958607
WFENTJXFRAVXHY-CQSZACIVSA-N,1996,Ki,8.064493
WFLHEXUTTRRXFJ-UHFFFAOYSA-N,1998,IC50,5.259637
WFNJZMXOSUJROE-UHFFFAOYSA-N,2011,Ki,6.602060
WFTWXCASVFKOAM-UHFFFAOYSA-N,2009,Ki,6.199998
WFUOLXWLKCINBD-UHFFFAOYSA-N,2019,Ki,6.671620
WFXYNLKNMYICFR-QGZVFWFLSA-N,2011,Ki,6.638272
WGDFOVYWTNOIKG-UHFFFAOYSA-N,2011,Ki,9.187087
WGLPSCZHULDZSS-JTQLQIEISA-N,2007,Ki,9.376751
WGMYZADUDVJWCW-ZHACJKMWSA-N,2003,Ki,9.229148
WGOMFZGAXWQMDN-KJDSRRNHSA-N,2023,Ki,9.283997
WGOUWABLRGOCPZ-UHFFFAOYSA-N,2019,Ki,6.978811
WGOUWABLRGOCPZ-UHFFFAOYSA-N,2019,Ki,6.980012
WGPYFRNJRFRJBN-UHFFFAOYSA-N,2025,Ki,5.710001
WGQZGJCCZRWHOF-UHFFFAOYSA-N,2009,Ki,6.309999
WGUSAYGXLQUQRB-JCNLHEQBSA-N,2020,Ki,8.920819
WGUSAYGXLQUQRB-JCNLHEQBSA-N,2022,Ki,8.920819
WGZMUKVNOBTQJA-UHFFFAOYSA-N,2007,Ki,8.510042
WHCKEFZLQQCXGO-UHFFFAOYSA-N,2007,Ki,6.110138
WHDATORJGMRETC-OUUBHVDSSA-N,2013,Ki,4.602060
WHEWCDCGFVTYAK-UHFFFAOYSA-N,2020,Ki,6.769551
WHGLFZPJAYDODK-WMZHIEFXSA-N,2010,Ki,9.000000
WHJLICHULFVCIM-UHFFFAOYSA-N,2019,Ki,7.468521
WHJLICHULFVCIM-UHFFFAOYSA-N,2019,Ki,7.470057
WHKXNUMKCCTWNI-UHFFFAOYSA-N,2008,Ki,7.299989
WHNDUGSFHPQVOW-YGXOWLSWSA-N,2022,Ki,9.823909
WHOZDXFLKLSAJU-UHFFFAOYSA-N,2010,Ki,8.899974
WHOZDXFLKLSAJU-UHFFFAOYSA-N,2010,Ki,7.799971
WHOZDXFLKLSAJU-UHFFFAOYSA-N,2010,Ki,9.199971
WHTUEKIFAXDIRP-UHFFFAOYSA-N,1999,Ki,5.292430
WHUMPPXYAFTKHM-UILWBTOOSA-N,2022,Ki,9.200659
WHZDUNLDAICJFI-ORQYLMBXSA-N,2022,Ki,8.886057
WICIEVRBFPSOFF-UHFFFAOYSA-N,2023,EC50,5.455932
WIHMMKGUBDZGEG-UHFFFAOYSA-N,2007,Ki,8.799971
WIHMMKGUBDZGEG-UHFFFAOYSA-N,2007,Ki,7.990124
WIHMMKGUBDZGEG-UHFFFAOYSA-N,2007,Ki,9.000000
WIHMMKGUBDZGEG-UHFFFAOYSA-N,2008,Ki,8.799971
WIHMMKGUBDZGEG-UHFFFAOYSA-N,2009,Ki,8.799971
WIHMMKGUBDZGEG-UHFFFAOYSA-N,2009,Ki,8.799971
WIHMMKGUBDZGEG-UHFFFAOYSA-N,2010,Ki,8.799971
WIJUWJDUUDINBR-GOSISDBHSA-N,2017,Ki,6.417937
WIKYUJGCLQQFNW-UHFFFAOYSA-N,,IC50,7.886057
WIKYUJGCLQQFNW-UHFFFAOYSA-N,,Ki,8.351250
WISDAZOFOXOZSE-UHFFFAOYSA-N,2017,Ki,7.548214
WISDAZOFOXOZSE-UHFFFAOYSA-N,2018,Ki,7.548214
WIWLEFDYNDBBIF-JXMROGBWSA-N,1999,Ki,8.400008
WIXHPSPVTDJXJR-UHFFFAOYSA-N,2019,Ki,5.959398
WIXPGFSAQJCJED-UHFFFAOYSA-N,2005,Ki,6.130182
WIYPXJWKJSYBKF-UHFFFAOYSA-N,2007,Ki,9.179996
WIYPXJWKJSYBKF-UHFFFAOYSA-N,2012,Ki,8.853872
WIYPXJWKJSYBKF-UHFFFAOYSA-N,2012,Ki,8.853872
WIYPXJWKJSYBKF-UHFFFAOYSA-N,2017,Ki,8.853872
WIYPXJWKJSYBKF-UHFFFAOYSA-N,2018,EC50,10.585027
WIYPXJWKJSYBKF-UHFFFAOYSA-N,2018,Ki,7.806875
WJBZDMXLXHXOQF-UHFFFAOYSA-N,2021,IC50,6.299998
WJBZDUBBVKDOMN-UHFFFAOYSA-N,2021,Ki,7.027797
WJCGMHIIDQGXLP-UHFFFAOYSA-N,2005,Ki,6.202732
WJCGSXAVQDDUOT-UHFFFAOYSA-N,2023,Ki,9.537602
WJOFBCYZALIRKI-UHFFFAOYSA-N,2020,EC50,8.154902
WJOFBCYZALIRKI-UHFFFAOYSA-N,2023,EC50,7.939302
WJOFBCYZALIRKI-UHFFFAOYSA-N,2023,EC50,8.091515
WJWXIOHJLIZWJX-UHFFFAOYSA-N,2007,Ki,9.000000
WKAAYYBBGYEZQQ-UHFFFAOYSA-N,2003,IC50,7.570248
WKAAYYBBGYEZQQ-UHFFFAOYSA-N,2005,Ki,8.853872
WKAAYYBBGYEZQQ-UHFFFAOYSA-N,2005,IC50,7.571865
WKAAYYBBGYEZQQ-UHFFFAOYSA-N,2005,Ki,8.853872
WKAAYYBBGYEZQQ-UHFFFAOYSA-N,2005,Ki,7.974694
WKCSANGLEHNNKN-KBQPQWKXSA-N,2013,Ki,8.221849
WKFNOWSGTCBYBL-UHFFFAOYSA-N,2000,Ki,4.886057
WKIHYCMRGGUMCH-UHFFFAOYSA-N,2008,Ki,6.399997
WKJMTLYAUGYPDE-IFMALSPDSA-N,2021,Ki,7.473661
WKRNNVUISXJKDT-MEMLXQNLSA-N,1997,Ki,7.537602
WKTBGKZXPNQGKA-MOJGAOKDSA-N,2008,Ki,8.677781
WKZQYOGJYMCSPM-QGZVFWFLSA-N,1994,Ki,7.107905
WLAAUSCDSXYHAZ-FCHUYYIVSA-N,2023,Ki,8.397940
WLEGJZRUEMBXDO-VOTSOKGWSA-N,2009,IC50,7.826814
WLEGJZRUEMBXDO-VOTSOKGWSA-N,2009,Ki,7.946922
WLGXAVSOEWKYQS-UHFFFAOYSA-N,2018,Ki,8.568636
WLHOVCQZTZDBFS-UHFFFAOYSA-N,2012,Ki,7.262807
WLLDCVHJRCZONV-PMERELPUSA-N,1997,Ki,7.799971
WLLDCVHJRCZONV-SSEXGKCCSA-N,1997,Ki,8.400008
WLLDCVHJRCZONV-UHFFFAOYSA-N,1997,Ki,8.199971
WLNCDWOGRLAGPA-UHFFFAOYSA-N,2022,Ki,6.424812
WLPHKXGJSXEPJH-AFARHQOCSA-N,2014,Ki,8.001305
WLPHKXGJSXEPJH-AFARHQOCSA-N,2014,Ki,8.001305
WLQPRUMGPAOCRW-VXKWHMMOSA-N,2023,EC50,8.270835
WLQQYOGZZSJJST-GOSISDBHSA-N,1997,Ki,9.100015
WLQQYOGZZSJJST-SFHVURJKSA-N,1997,Ki,8.599980
WLQXVFLJINOZPU-UHFFFAOYSA-N,2011,Ki,7.356547
WLQXVFLJINOZPU-UHFFFAOYSA-N,2011,Ki,6.119186
WLSSDELGXZDINE-UHFFFAOYSA-N,2017,Ki,7.698970
WLSSDELGXZDINE-UHFFFAOYSA-N,2017,EC50,7.251812
WLSSDELGXZDINE-UHFFFAOYSA-N,2017,EC50,7.250032
WLVJOKBDUFEGAQ-UHFFFAOYSA-N,2015,Ki,8.408935
WLVJOKBDUFEGAQ-UHFFFAOYSA-N,2018,Ki,8.408935
WLZJPWTZSKWVGS-UHFFFAOYSA-N,2020,EC50,7.008774
WLZJPWTZSKWVGS-UHFFFAOYSA-N,2023,EC50,7.008774
WLZJPWTZSKWVGS-UHFFFAOYSA-N,2023,EC50,7.008774
WMFCPIPAGHYFMC-SFHVURJKSA-N,2020,Ki,7.110138
WMFCPIPAGHYFMC-UHFFFAOYSA-N,2016,Ki,7.599980
WMFCPIPAGHYFMC-UHFFFAOYSA-N,2016,Ki,7.799971
WMFCPIPAGHYFMC-UHFFFAOYSA-N,2020,Ki,7.050122
WMIVISJOMKDPGX-UHFFFAOYSA-N,2020,Ki,6.419075
WMJCLJNBELMTPC-UHFFFAOYSA-N,2011,Ki,8.920819
WMJUHVXPQPZNMA-UHFFFAOYSA-N,2015,Ki,5.337242
WMLONRUBOXAPOV-UAPYVXQJSA-N,2013,Ki,7.482540
WMLONRUBOXAPOV-UAPYVXQJSA-N,2013,Ki,7.482540
WMPBOLSQXBJOKQ-UHFFFAOYSA-N,2002,Ki,7.847712
WMQLLTKSISGWHQ-WKILWMFISA-N,2023,Ki,9.677781
WMVHTQXTTPNPRU-UHFFFAOYSA-N,2020,EC50,7.200659
WMVHTQXTTPNPRU-UHFFFAOYSA-N,2023,EC50,7.200659
WMVHTQXTTPNPRU-UHFFFAOYSA-N,2023,EC50,7.200659
WMVSIGOLIQMRHF-UHFFFAOYSA-N,2003,Ki,7.364516
WMXFRQFMQHQCBJ-UHFFFAOYSA-N,2014,Ki,7.537602
WMXFRQFMQHQCBJ-UHFFFAOYSA-N,2014,Ki,8.040959
WMXFRQFMQHQCBJ-UHFFFAOYSA-N,2014,Ki,7.568636
WMXFRQFMQHQCBJ-UHFFFAOYSA-N,2014,Ki,7.795880
WMXFRQFMQHQCBJ-UHFFFAOYSA-N,2014,Ki,7.795880
WMXFRQFMQHQCBJ-UHFFFAOYSA-N,2014,Ki,7.721246
WMXFRQFMQHQCBJ-UHFFFAOYSA-N,2014,IC50,8.142668
WMXFRQFMQHQCBJ-UHFFFAOYSA-N,2017,Ki,7.540608
WMXFRQFMQHQCBJ-UHFFFAOYSA-N,2018,Ki,7.540608
WMZWVTIIHJJKKR-UHFFFAOYSA-N,2007,Ki,7.301030
WNAKEYFAGBCYGF-UHFFFAOYSA-N,2009,Ki,6.900009
WNAKEYFAGBCYGF-UHFFFAOYSA-N,2009,Ki,6.900009
WNDBXZVUUVHVNV-SFHVURJKSA-N,2014,Ki,6.939302
WNIPBGJWMANRGA-UHFFFAOYSA-N,2024,Ki,5.588550
WNJFVRDWMYZFCD-JKSUJKDBSA-N,2023,Ki,9.494850
WNNMRMNAGNMVEW-MRXNPFEDSA-N,2011,Ki,8.991400
WNNTXSLBSCNVQL-LBZQVFOQSA-N,2014,Ki,8.427361
WNNTXSLBSCNVQL-LBZQVFOQSA-N,2014,Ki,8.427361
WNQGJBBMATVHDO-UHFFFAOYSA-N,1999,Ki,7.799971
WNQLAMRYPGPZKN-UHFFFAOYSA-N,2019,Ki,7.388277
WNRHLKXILALELE-MGFGWZDJSA-N,2000,Ki,7.700057
WNRXKNXWFCFUSX-WGSAOQKQSA-N,2014,Ki,8.725842
WNRXKNXWFCFUSX-WGSAOQKQSA-N,2014,Ki,8.725842
WNSAXKBODJJHCF-UHFFFAOYSA-N,2021,IC50,5.540000
WNZBBTJFOIOEMP-FQEVSTJZSA-N,1993,Ki,6.481486
WNZBBTJFOIOEMP-HXUWFJFHSA-N,1993,Ki,5.887395
WOCTZIGUHYMWQK-XYWHTSSQSA-N,2014,Ki,8.649752
WOCTZIGUHYMWQK-XYWHTSSQSA-N,2014,Ki,8.649752
WOELKTNFFNSJSS-UHFFFAOYSA-N,2000,Ki,4.886057
WOEVFFPIBHQXIQ-UHFFFAOYSA-N,2018,Ki,8.677781
WONAHXSYCVEMFZ-JCNLHEQBSA-N,2023,Ki,9.677781
WOOHCDFWINCKHH-OCEACIFDSA-N,2015,Ki,8.552842
WOOSSNMEFYDJFX-IFSQOONMSA-N,2020,Ki,9.468521
WOOSSNMEFYDJFX-IFSQOONMSA-N,2022,Ki,9.468521
WORAGLYTERKFFO-UHFFFAOYSA-N,2020,EC50,7.091515
WORJIMKQVUMSKB-AJJNSDSGSA-N,2020,Ki,10.244125
WORJIMKQVUMSKB-AJJNSDSGSA-N,2022,Ki,10.244125
WOVYFSFWXVSASO-IZZNHLLZSA-N,2023,Ki,5.962574
WOWRXMYCLGLRFQ-UHFFFAOYSA-N,2018,Ki,6.020001
WOWYFQWPMWYJNL-UHFFFAOYSA-N,2001,Ki,8.853872
WOWYFQWPMWYJNL-UHFFFAOYSA-N,2005,Ki,8.309804
WOWYFQWPMWYJNL-UHFFFAOYSA-N,2005,Ki,8.397940
WOZSFGJKUOKIMV-UHFFFAOYSA-N,2007,Ki,9.508638
WOZSFGJKUOKIMV-UHFFFAOYSA-N,2007,EC50,8.698970
WPCDISAMCIQSPK-XMMPIXPASA-N,2017,Ki,6.856985
WPDISOIHGGRFRZ-WGSAOQKQSA-N,2013,Ki,6.882066
WPEFJCKNIISAPH-MXVIHJGJSA-N,2020,Ki,9.136677
WPEFJCKNIISAPH-MXVIHJGJSA-N,2022,Ki,9.136677
WPJAQVXUSLEHLH-UHFFFAOYSA-N,2022,Ki,6.090000
WPKZTODVTLZQPZ-GCJKJVERSA-N,2016,Ki,8.860121
WPLABUPGUVWYRA-UHFFFAOYSA-N,2006,Ki,8.568636
WPLCSVMMEFEPPZ-UHFFFAOYSA-N,2001,Ki,6.958607
WPYVGSUSOOZONM-UHFFFAOYSA-N,2018,Ki,7.283997
WQEPZBNLBWDIRZ-UHFFFAOYSA-N,1998,Ki,5.571541
WQEPZBNLBWDIRZ-UHFFFAOYSA-N,2021,Ki,5.571541
WQFGYARLKCXPCQ-WGSAOQKQSA-N,1998,Ki,7.050610
WQOCUOYKDKZARU-UHFFFAOYSA-N,2016,Ki,7.799971
WQOCUOYKDKZARU-UHFFFAOYSA-N,2020,Ki,7.070070
WQPRXYGVHKQNOH-HNNXBMFYSA-N,2011,Ki,6.517126
WQTLRHZZRMRHMI-FQEVSTJZSA-N,2022,EC50,6.995679
WQUZZFHQRGWHPE-UHFFFAOYSA-N,2007,Ki,7.546682
WQWCHMWUOFCWFU-UHFFFAOYSA-N,2007,Ki,5.161403
WQWLYKDRIFAQER-UHFFFAOYSA-N,2006,Ki,7.108463
WQZFEWCVIZACIS-UHFFFAOYSA-N,2010,Ki,6.847712
WRBKFBAHOMAFKJ-WGSAOQKQSA-N,2013,Ki,6.823909
WRBLMUFLYRGRPQ-UHFFFAOYSA-N,2006,Ki,6.339998
WRIZBYRNLDZPMG-UHFFFAOYSA-N,2017,EC50,9.045757
WRIZBYRNLDZPMG-UHFFFAOYSA-N,2017,EC50,6.494850
WRIZBYRNLDZPMG-UHFFFAOYSA-N,2017,EC50,7.169989
WRMSYILMRYXLAS-IZZDOVSWSA-N,1999,Ki,8.400008
WRNFFYWAFMNDNY-XIAQDFCPSA-N,2021,Ki,5.795880
WRPJRNBABVMDIF-PXNSSMCTSA-N,2019,Ki,7.219683
WRPJRNBABVMDIF-PXNSSMCTSA-N,2020,Ki,7.219683
WRPJRNBABVMDIF-UHFFFAOYSA-N,2019,Ki,7.010105
WRPJRNBABVMDIF-UHFFFAOYSA-N,2020,Ki,7.010105
WRPZMLXFPDERQS-SFHVURJKSA-N,2023,Ki,7.292430
WRSUPAJSUHYUKP-UHFFFAOYSA-N,2012,Ki,7.167491
WRSUPAJSUHYUKP-UHFFFAOYSA-N,2014,Ki,7.167491
WRUNDYWPHKJEIH-UHFFFAOYSA-N,2021,Ki,6.431798
WRUSBTCFXKDYJC-UHFFFAOYSA-N,2010,Ki,7.387216
WSJMJBOZYZWDIK-UHFFFAOYSA-N,2000,Ki,5.283997
WSPOMRSOLSGNFJ-AUWJEWJLSA-N,2009,Ki,8.341035
WSSKPYCMFWWDPQ-UHFFFAOYSA-N,2008,Ki,7.000000
WSVWKHTVFGTTKJ-UHFFFAOYSA-N,2010,Ki,6.510042
WTAVHOMZPZTGNJ-UHFFFAOYSA-N,2013,Ki,5.119186
WTEJQFJEEYZWBK-UHFFFAOYSA-N,2017,Ki,7.243364
WTHYXVSYKDCUKR-UHFFFAOYSA-N,2017,Ki,6.716699
WTLKEIKBWCDFDL-UHFFFAOYSA-N,2016,Ki,6.844664
WTLKEIKBWCDFDL-UHFFFAOYSA-N,2016,Ki,6.840012
WTONWMINNVVDTM-XGAFWQRZSA-N,2013,Ki,8.595166
WTONWMINNVVDTM-XGAFWQRZSA-N,2013,Ki,8.595166
WTRUJFPMRUJYBV-YONZVVFSSA-N,2014,Ki,8.237321
WTRUJFPMRUJYBV-YONZVVFSSA-N,2014,Ki,8.237321
WTTCSLJBJDWDOC-CYBMUJFWSA-N,1994,Ki,5.754734
WTUNYPKNGBFPKZ-JCNLHEQBSA-N,2014,Ki,7.944240
WTUNYPKNGBFPKZ-JCNLHEQBSA-N,2014,Ki,7.944240
WTYNOFOXDOHJBE-UHFFFAOYSA-N,1999,Ki,6.886057
WUACSCWYLJHDBV-HNNHSTSXSA-N,2001,Ki,8.299989
WUDCCQFZITUELQ-UHFFFAOYSA-N,2019,Ki,6.431798
WUGBPBCNJHXWRP-UHFFFAOYSA-N,2023,Ki,7.016374
WUGBPBCNJHXWRP-UHFFFAOYSA-N,2023,IC50,6.250001
WUGBPBCNJHXWRP-UHFFFAOYSA-N,2023,EC50,6.247184
WUHZLDHICFZBCN-UHFFFAOYSA-N,2017,Ki,7.354578
WUHZLDHICFZBCN-UHFFFAOYSA-N,2018,Ki,7.354578
WUJBQGWQEZSHSL-UHFFFAOYSA-N,2010,Ki,8.430626
WUJVPELCYCESAP-UHFFFAOYSA-N,2024,Ki,6.228751
WUKHFCSRRUQMMT-HKOYGPOVSA-N,2017,Ki,8.494850
WUKHFCSRRUQMMT-HKOYGPOVSA-N,2017,EC50,7.154902
WUKHFCSRRUQMMT-HKOYGPOVSA-N,2017,EC50,7.160019
WURHPBCTBQAVRU-OFNKIYASSA-N,2016,Ki,7.530031
WUSXPLYESFHLLY-UHFFFAOYSA-N,2021,IC50,6.399997
WUVBFCGMNNHUHJ-UHFFFAOYSA-N,2014,Ki,8.000000
WUVVNDIQBGLCOQ-UHFFFAOYSA-N,2014,Ki,8.744727
WVAKMWHEKNXRHK-UHFFFAOYSA-N,1997,Ki,5.525784
WVCHGRAYLHEGAY-IYARVYRRSA-N,2013,Ki,7.112383
WVDFKSHXOWCAKH-MGFGWZDJSA-N,2003,Ki,8.400008
WVEQYQHSBOYABA-UHFFFAOYSA-N,1998,IC50,6.318759
WVGMMWFIRBRTKW-PGWJBFNOSA-N,2014,Ki,8.542118
WVGMMWFIRBRTKW-PGWJBFNOSA-N,2014,Ki,8.542118
WVPMAZJVALETCI-ALOJWSFFSA-N,2013,Ki,7.772113
WVPPXJDJXUTXFI-UHFFFAOYSA-N,2023,Ki,9.036212
WVUAUUZYSXNDLD-UHFFFAOYSA-N,2020,EC50,8.161151
WVUAUUZYSXNDLD-UHFFFAOYSA-N,2023,EC50,8.161151
WVUAUUZYSXNDLD-UHFFFAOYSA-N,2023,EC50,8.161151
WVVSZNPYNCNODU-XTQGRXLLSA-N,,IC50,6.246417
WVVSZNPYNCNODU-XTQGRXLLSA-N,,Ki,6.714443
WVVWVIWPPSCORG-UHFFFAOYSA-N,2016,Ki,5.965372
WVVWVIWPPSCORG-UHFFFAOYSA-N,2016,Ki,5.970000
WWABSSMRPUCUEJ-UHFFFAOYSA-N,1995,Ki,8.769551
WWABSSMRPUCUEJ-UHFFFAOYSA-N,2013,Ki,8.769551
WWABSSMRPUCUEJ-UHFFFAOYSA-N,2015,Ki,8.769551
WWGZVJLTFFUDLI-UAPYVXQJSA-N,2023,Ki,9.585027
WWKHLSANYDLDKY-UHFFFAOYSA-N,1997,Ki,5.356547
WWLFCQLHCAEMAP-UHFFFAOYSA-N,2016,Ki,7.275724
WWWIHTTXFJTDIB-IBGZPJMESA-N,2017,Ki,5.493089
WWZCKJOSLFFMMU-CYYJNZCTSA-N,2015,Ki,7.060481
WXIJHIYOSNRVJO-UHFFFAOYSA-N,2017,Ki,8.017729
WXIJHIYOSNRVJO-UHFFFAOYSA-N,2018,Ki,8.017729
WXPNHKQJDJARLG-UHFFFAOYSA-N,2016,Ki,8.100015
WXPNHKQJDJARLG-UHFFFAOYSA-N,2019,Ki,8.119758
WXPNHKQJDJARLG-UHFFFAOYSA-N,2020,Ki,8.119758
WXWUAAQDRLQFOP-OKDASEJXSA-N,2000,Ki,7.599980
WYEGTIGJSHGEID-UHFFFAOYSA-N,2007,EC50,7.568636
WYEGTIGJSHGEID-ZDUSSCGKSA-N,2007,EC50,8.096910
WYGBVOBBNUHWLX-UHFFFAOYSA-N,1999,Ki,8.055517
WYHZBLQNTZAKGM-ZJSXRUAMSA-N,2019,Ki,5.876148
WYIBJRJIELMSTK-IXCJQBJRSA-N,2021,Ki,7.735182
WYXKJCLEMKQLEU-OAQYLSRUSA-N,2014,Ki,7.404504
WYXKJCLEMKQLEU-OAQYLSRUSA-N,2014,Ki,7.430041
WZANXVXLOKIMAM-SSDOTTSWSA-N,2016,Ki,5.469800
WZANXVXLOKIMAM-SSDOTTSWSA-N,2016,Ki,4.928118
WZANXVXLOKIMAM-SSDOTTSWSA-N,2016,EC50,5.723538
WZANXVXLOKIMAM-SSDOTTSWSA-N,2016,EC50,5.468521
WZBDKFBWHQBNSS-WUKNDPDISA-N,2003,Ki,7.709965
WZEVFJPWWRPRRO-WFXMLNOXSA-N,2021,Ki,8.091515
WZHJKEUHNJHDLS-QTGUNEKASA-N,,IC50,8.114130
WZHJKEUHNJHDLS-QTGUNEKASA-N,,Ki,8.583193
WZJSIHGOLMMBAL-MRXNPFEDSA-N,2011,Ki,5.769551
WZJSIHGOLMMBAL-MRXNPFEDSA-N,2011,Ki,8.920819
WZJWRRMYYXEGFD-UHFFFAOYSA-N,2000,Ki,6.036212
WZOMJNATDSYQHS-ZPWQMVEJSA-N,2005,Ki,6.568636
WZPFDUCGTCDHML-UHFFFAOYSA-N,2017,Ki,7.453457
WZPFDUCGTCDHML-UHFFFAOYSA-N,2018,Ki,7.453457
WZQJLWDEOYLHHR-UHFFFAOYSA-N,2019,Ki,5.744727
WZQLVEPIBAOOGF-RMMWZPCPSA-N,2021,Ki,6.589273
WZQLVEPIBAOOGF-RMMWZPCPSA-N,2021,Ki,6.589999
WZQXXUHEORDTMN-LEWJYISDSA-N,2020,Ki,10.065502
WZQXXUHEORDTMN-LEWJYISDSA-N,2022,Ki,10.065502
WZTRJNUHJASJJE-UHFFFAOYSA-N,2007,Ki,8.568636
WZTXLKNXNIFASN-FYWRMAATSA-N,2003,Ki,9.167491
WZVSGKQRSIHTAZ-UHFFFAOYSA-N,2021,IC50,5.830000
WZWHLVAXFSORKE-UHFFFAOYSA-N,2006,Ki,6.993534
WZWOJHTTXVCIBY-RZDIXWSQSA-N,2014,Ki,9.173925
WZWRNSLQPLMVBF-QAQDUYKDSA-N,2022,Ki,9.920819
WZWWBVCSJDIKCC-UHFFFAOYSA-N,2006,Ki,8.468521
WZYFZOQYIYKUJN-UHFFFAOYSA-N,2020,Ki,7.189767
XACDTORTLZTQDA-UHFFFAOYSA-N,2006,Ki,6.657577
XAEGPGYCBVFNJE-KESTWPANSA-N,2023,Ki,9.744727
XAESEDLRZCTOOM-AATRIKPKSA-N,2013,Ki,8.356547
XAJQNKDFXICIIO-UHFFFAOYSA-N,1996,Ki,7.599980
XASDIOYQYXRDEM-RUCARUNLSA-N,2014,Ki,7.830326
XASDIOYQYXRDEM-RUCARUNLSA-N,2014,Ki,7.830326
XASUAOWUPBWGMW-UHFFFAOYSA-N,2014,Ki,5.557207
XASXMEKXZPGFQK-UHFFFAOYSA-N,2003,Ki,5.900319
XBBWJMUBMHLUNQ-XUTJKUGGSA-N,2014,Ki,8.136677
XBBWJMUBMHLUNQ-XUTJKUGGSA-N,2014,Ki,8.136677
XBEFTADDFPJGTJ-OBEGXNAASA-N,2003,Ki,8.899974
XBGWTWPYCTZIIE-HXUWFJFHSA-N,1995,Ki,7.779892
XBGWTWPYCTZIIE-HXUWFJFHSA-N,1994,Ki,7.779892
XBGWTWPYCTZIIE-HXUWFJFHSA-N,2003,Ki,7.779892
XBGYRVVRFHZLSR-UHFFFAOYSA-N,2006,Ki,7.928118
XBHUNPOHYIWVNE-AWEZNQCLSA-N,2001,Ki,5.013228
XBHUNPOHYIWVNE-AWEZNQCLSA-N,2005,Ki,5.010000
XBHUNPOHYIWVNE-CQSZACIVSA-N,2001,Ki,6.481486
XBHUNPOHYIWVNE-CQSZACIVSA-N,2005,Ki,6.490005
XBMPNPGMBILBPP-UHFFFAOYSA-N,2019,Ki,6.779997
XBNMOXOSTOMNAW-DLBZAZTESA-N,2020,Ki,9.251812
XBNMOXOSTOMNAW-DLBZAZTESA-N,2022,Ki,9.251812
XBPMJUGEGKXVII-UHFFFAOYSA-N,2006,Ki,8.769551
XBPMVETTWGWOJL-SNAWJCMRSA-N,2011,Ki,7.603801
XBWBWCMBNYVAKR-UHFFFAOYSA-N,2008,Ki,8.100015
XBXGSRGFTFVODB-UHFFFAOYSA-N,2008,Ki,5.408935
XCARDCCUPWWHMP-UHFFFAOYSA-N,2007,Ki,9.522879
XCGSFFUVFURLIX-VFGNJEKYSA-N,,IC50,8.365422
XCGSFFUVFURLIX-VFGNJEKYSA-N,,Ki,8.834459
XCLOPBYSKIWJNJ-CLJLJLNGSA-N,2023,Ki,5.168450
XCLOPBYSKIWJNJ-FTJBHMTQSA-N,2023,Ki,7.551294
XCLOPBYSKIWJNJ-IZZNHLLZSA-N,2023,IC50,6.772113
XCLOPBYSKIWJNJ-IZZNHLLZSA-N,2023,Ki,8.113509
XCLOPBYSKIWJNJ-UIOOFZCWSA-N,2023,Ki,6.231362
XCMZICLYBMZMMQ-XGAFWQRZSA-N,2023,Ki,9.443697
XCPZHYSDOVJPIV-UHFFFAOYSA-N,2017,Ki,8.568636
XCPZHYSDOVJPIV-UHFFFAOYSA-N,2018,Ki,8.568636
XCVFQMNYKCFHPH-UHFFFAOYSA-N,2017,EC50,8.356547
XCWPAVYMGKFSJB-BEESLVRJSA-N,2014,Ki,8.472370
XCWPAVYMGKFSJB-BEESLVRJSA-N,2014,Ki,8.472370
XDFFHOCWALNYAJ-UHFFFAOYSA-N,2015,Ki,8.086186
XDGZSVPHADAZSU-UHFFFAOYSA-N,1997,Ki,7.299989
XDIPGTFTRLCMJN-RZJSWYKGSA-N,2020,Ki,9.958607
XDIPGTFTRLCMJN-RZJSWYKGSA-N,2022,Ki,9.958607
XDJJCVLGIOECKZ-UHFFFAOYSA-N,2020,EC50,8.356547
XDJJCVLGIOECKZ-UHFFFAOYSA-N,2023,EC50,8.356547
XDJJCVLGIOECKZ-UHFFFAOYSA-N,2023,EC50,8.356547
XDJRQBUUPPHLQR-UHFFFAOYSA-N,1999,Ki,5.275724
XDOOZCXRMFPQEM-UHFFFAOYSA-N,2016,EC50,7.116339
XDPJGUWWXSDVTP-UHFFFAOYSA-N,2016,Ki,8.599980
XDPJGUWWXSDVTP-UHFFFAOYSA-N,2019,Ki,8.640165
XDPJGUWWXSDVTP-UHFFFAOYSA-N,2020,Ki,8.640165
XDPTVFIWUAWOLA-WGSAOQKQSA-N,2013,Ki,7.764472
XDRYMKDFEDOLFX-UHFFFAOYSA-N,,IC50,5.398157
XDRYMKDFEDOLFX-UHFFFAOYSA-N,,Ki,5.867100
XDUZMCZHXHFPEP-UHFFFAOYSA-N,2020,EC50,6.546682
XDUZMCZHXHFPEP-UHFFFAOYSA-N,2023,EC50,6.546682
XDUZMCZHXHFPEP-UHFFFAOYSA-N,2023,EC50,6.546682
XDYCBVKXSXIDCW-UHFFFAOYSA-N,2002,Ki,6.075721
XEGOZLJTQYIDPV-IZUATPNUSA-N,2022,Ki,9.522879
XEIZTEHDPAJSDZ-BEFAXECRSA-N,2020,Ki,8.489455
XEJNCXFNKSUHHY-UHFFFAOYSA-N,2015,Ki,9.508638
XEJNEGOOYXFKMN-UHFFFAOYSA-N,1997,Ki,5.655608
XEJNEGOOYXFKMN-UHFFFAOYSA-N,2021,Ki,5.655608
XEMCNPZNSNBIMI-UHFFFAOYSA-N,2016,Ki,7.142668
XENOVTACOQTPTE-UHFFFAOYSA-N,2007,Ki,7.508638
XERZUXOKZOACKV-UHFFFAOYSA-N,2016,Ki,6.347754
XESYYKHMJOWEPL-XYWHTSSQSA-N,2014,Ki,8.359519
XESYYKHMJOWEPL-XYWHTSSQSA-N,2014,Ki,8.359519
XFHLYLFABDLYDJ-UHFFFAOYSA-N,2016,Ki,7.982967
XFLGSSQRQNMLNA-UHFFFAOYSA-N,2021,Ki,7.585027
XFNMWPWYPXOJNL-SHTZXODSSA-N,2020,Ki,9.602060
XFNMWPWYPXOJNL-SHTZXODSSA-N,2022,Ki,9.602060
XFQRGEPJIICUBL-UHFFFAOYSA-N,2016,Ki,8.455932
XFXJOECCOKNBMS-UHFFFAOYSA-N,2007,Ki,7.962574
XFYCKARBUDZUAB-VMPREFPWSA-N,1998,Ki,8.100015
XFZUOWZQZTZZCP-UHFFFAOYSA-N,2006,Ki,6.283162
XGBXESVSCSHHQI-UHFFFAOYSA-N,2002,Ki,6.000000
XGFFXWPMGJJBFH-KESTWPANSA-N,2020,Ki,10.070581
XGFFXWPMGJJBFH-KESTWPANSA-N,2020,Ki,8.958607
XGFFXWPMGJJBFH-KESTWPANSA-N,2022,Ki,10.070581
XGJROHKEWMIJFA-HCGLCNNCSA-N,2020,Ki,8.886057
XGJROHKEWMIJFA-HCGLCNNCSA-N,2022,Ki,8.886057
XGQOITWDCFSJIH-UHFFFAOYSA-N,2015,Ki,8.869666
XGVOVCYYDQWLJC-UHFFFAOYSA-N,2007,Ki,6.806875
XGWTYMRRVDFIEO-UHFFFAOYSA-N,2023,Ki,8.508638
XGWUEDFPOSFGBM-QAQDUYKDSA-N,2013,Ki,7.467246
XGYRKKQYBLBZCF-UHFFFAOYSA-N,1996,Ki,6.219683
XGZRYSMNJLSRLE-UHFFFAOYSA-N,2020,EC50,7.481486
XGZRYSMNJLSRLE-UHFFFAOYSA-N,2023,EC50,7.481486
XHASDMXLWYCVQW-UHFFFAOYSA-N,2018,Ki,8.000000
XHDPHPBWQCZQAX-UHFFFAOYSA-N,2008,Ki,6.699992
XHIUHIDIRNZTAW-UHFFFAOYSA-N,2012,Ki,7.100727
XHLHZPFSBCZVEA-HOFKKMOUSA-N,2005,Ki,6.970616
XHMOKKQHMCXTBS-UHFFFAOYSA-N,2015,Ki,7.031050
XHSRFVQGNJCGAD-FHWLQOOXSA-N,2013,Ki,6.597739
XHSRFVQGNJCGAD-GUDVDZBRSA-N,2013,Ki,6.961380
XHTCEJWQQIHAOR-UZLBHIALSA-N,2001,Ki,5.602060
XHTCEJWQQIHAOR-UZLBHIALSA-N,2001,Ki,5.000000
XHTUKQHIWDPDMZ-XUTJKUGGSA-N,2023,Ki,9.481486
XHYYPLOOWDKARF-UHFFFAOYSA-N,2007,Ki,8.700057
XIDCICLXZSWQGO-WUFINQPMSA-N,2023,Ki,6.086186
XIDCICLXZSWQGO-WUFINQPMSA-N,2023,IC50,5.760000
XIDCICLXZSWQGO-WUFINQPMSA-N,2023,EC50,5.760200
XIDSCJTYNIXZGW-NQIIRXRSSA-N,2010,Ki,8.199971
XIGLRHPWOZXGTP-AFARHQOCSA-N,2014,Ki,8.696804
XIGLRHPWOZXGTP-AFARHQOCSA-N,2014,Ki,8.696804
XIHOJUYAGODVFH-HTAPYJJXSA-N,2016,Ki,9.090016
XIHOJUYAGODVFH-HTAPYJJXSA-N,2016,Ki,9.480041
XIHOJUYAGODVFH-JTSKRJEESA-N,2016,Ki,7.460046
XIHOJUYAGODVFH-JTSKRJEESA-N,2016,Ki,7.599980
XIHOJUYAGODVFH-VGOFRKELSA-N,2016,Ki,7.700057
XIHOJUYAGODVFH-VGSWGCGISA-N,2016,Ki,6.620006
XIHOJUYAGODVFH-VGSWGCGISA-N,2016,Ki,8.700057
XIJZOWGASFOIBM-UHFFFAOYSA-N,2009,IC50,7.420216
XIJZOWGASFOIBM-UHFFFAOYSA-N,2009,Ki,8.283162
XIMFQVXENHJKEO-OQKWZONESA-N,2005,Ki,6.000000
XIMQMECIXPDQER-UHFFFAOYSA-N,2009,Ki,8.299989
XIPOFQVPXAIRQK-INIZCTEOSA-N,2023,Ki,7.397940
XIQJOGXXLJYFNE-UHFFFAOYSA-N,2003,Ki,7.000000
XIQVNETUBQGFHX-UHFFFAOYSA-N,,IC50,6.367745
XIQVNETUBQGFHX-UHFFFAOYSA-N,,Ki,6.836839
XIQZPYGWBQASSN-UTKZUKDTSA-N,2010,Ki,8.899974
XISJOANVKUVBAU-UHFFFAOYSA-N,1997,Ki,6.221849
XIVALFSMOKTRNY-AVJWEPTDSA-N,2013,Ki,7.847712
XJAPKZGXYLZNIK-UHFFFAOYSA-N,2003,Ki,6.000000
XJCNAPNYTSUCIR-DEOSSOPVSA-N,1996,Ki,8.000000
XJCNAPNYTSUCIR-XMMPIXPASA-N,1996,Ki,8.400008
XJFQAYHTOHLUIP-UHFFFAOYSA-N,2017,EC50,8.431798
XJFQAYHTOHLUIP-UHFFFAOYSA-N,2017,EC50,6.468521
XJFQAYHTOHLUIP-UHFFFAOYSA-N,2017,EC50,6.470005
XJGIQRQUJHWFSC-UHFFFAOYSA-N,2002,Ki,6.443697
XJGIQRQUJHWFSC-UHFFFAOYSA-N,2005,Ki,6.443697
XJGIQRQUJHWFSC-UHFFFAOYSA-N,2007,Ki,6.439998
XJGVXQDUIWGIRW-UHFFFAOYSA-N,1999,IC50,7.657577
XJHVIMRPUTXKEU-UHFFFAOYSA-N,2010,IC50,5.600672
XJIBUBWKKHZDSR-IRJFHVNHSA-N,2014,Ki,7.740645
XJIBUBWKKHZDSR-IRJFHVNHSA-N,2014,Ki,7.740645
XJKRLEJMJPXVGM-UHFFFAOYSA-N,2019,Ki,4.138149
XJLKTBWZJKVXJX-UHFFFAOYSA-N,2008,Ki,7.599980
XJSNUYSRIVRHKR-GRGJZFFOSA-N,2023,Ki,9.769551
XJTVRXYTOLNCDQ-XXBNENTESA-N,2016,Ki,8.659953
XJTVRXYTOLNCDQ-XXBNENTESA-N,2016,Ki,8.280006
XJWCUVSKMVQPGX-KESTWPANSA-N,2014,Ki,8.966576
XJWCUVSKMVQPGX-KESTWPANSA-N,2014,Ki,8.966576
XJWLBKKTJHDHSX-CEMLEFRQSA-N,2014,Ki,8.000000
XJWLBKKTJHDHSX-CEMLEFRQSA-N,2014,Ki,8.000000
XKAIELUQYYUCFN-UHFFFAOYSA-N,2011,Ki,9.301030
XKDKQVRKVICXBR-IVHGUIJPSA-N,2023,Ki,9.795880
XKDKQVRKVICXBR-IVHGUIJPSA-N,2023,Ki,9.795880
XKHJTHWUWGJDOX-UHFFFAOYSA-N,2010,Ki,6.699992
XKIOBCRGUACSET-CQJMVLFOSA-N,2020,Ki,8.443697
XKIOBCRGUACSET-CQJMVLFOSA-N,2022,Ki,8.443697
XKJCYPAWMASKGX-UHFFFAOYSA-N,2013,Ki,6.369572
XKJWPBFAOCBQQJ-FMQUCBEESA-N,2002,Ki,7.397940
XKRYBGZHAIRWAY-UHFFFAOYSA-N,1996,Ki,9.000000
XKTRZPQOQOCNJU-GJZGRUSLSA-N,2009,Ki,5.610000
XKTRZPQOQOCNJU-HUUCEWRRSA-N,2009,Ki,7.830032
XKTRZPQOQOCNJU-HUUCEWRRSA-N,2009,EC50,8.639975
XKTRZPQOQOCNJU-UHFFFAOYSA-N,2009,Ki,7.709965
XKUSJISCOLOOOS-OJBMAJLDSA-N,2014,Ki,7.653647
XKUSJISCOLOOOS-OJBMAJLDSA-N,2014,Ki,7.653647
XKXPMSXRABANAG-UHFFFAOYSA-N,1999,IC50,7.275724
XLEPAPXUDZKLLX-NGZATLCBSA-N,2014,Ki,8.045757
XLEPAPXUDZKLLX-NGZATLCBSA-N,2014,Ki,8.045757
XLEPAPXUDZKLLX-STZQEDGTSA-N,2014,Ki,7.840132
XLEPAPXUDZKLLX-STZQEDGTSA-N,2014,Ki,7.840132
XLEWIENHGJAYQF-WKILWMFISA-N,2020,Ki,8.568636
XLFVNUMKTSPYMC-SAABIXHNSA-N,2013,Ki,8.486782
XLFVNUMKTSPYMC-SAABIXHNSA-N,2013,Ki,8.486782
XLHGDHLCZBHDRQ-MRXNPFEDSA-N,2014,Ki,8.104025
XLHGDHLCZBHDRQ-MRXNPFEDSA-N,2014,Ki,8.540005
XLIMTGZUFAEKLX-MXVIHJGJSA-N,2014,Ki,8.889410
XLIMTGZUFAEKLX-MXVIHJGJSA-N,2014,Ki,8.889410
XLIXPJRYIUCZIQ-HUULMPCJSA-N,2013,Ki,7.343902
XLIXPJRYIUCZIQ-IYQCHBLZSA-N,2013,Ki,7.289037
XLJQOKQZCYRQNN-UHFFFAOYSA-N,2016,Ki,8.400008
XLJQOKQZCYRQNN-UHFFFAOYSA-N,2019,Ki,8.390406
XLJQOKQZCYRQNN-UHFFFAOYSA-N,2020,Ki,8.390406
XLPDEXDTJMFWSC-NVXWUHKLSA-N,1997,Ki,7.599980
XLVZTPFZKIHPPD-WFCPMTAMSA-N,2000,Ki,8.500038
XLWMSPHJQIPEOR-UHFFFAOYSA-N,2015,Ki,7.675718
XLYRRJFZVKDMFE-UAPYVXQJSA-N,2014,Ki,8.356547
XLYRRJFZVKDMFE-UAPYVXQJSA-N,2014,Ki,8.356547
XLZXIDKEIKKBGP-UHFFFAOYSA-N,2009,Ki,8.494850
XMDJBMQNVMNFTN-ZDUSSCGKSA-N,2007,Ki,7.958607
XMOYTZMFUFFAOA-UHFFFAOYSA-N,1997,Ki,9.100015
XNAZWCRZSGGAMO-UHFFFAOYSA-N,2010,Ki,9.087247
XNAZWCRZSGGAMO-UHFFFAOYSA-N,2010,Ki,8.896196
XNAZWCRZSGGAMO-UHFFFAOYSA-N,2010,EC50,9.130768
XNCGQUVERWAFRR-UHFFFAOYSA-N,2010,Ki,6.599998
XNEFEJLBHUTYJL-UHFFFAOYSA-N,2013,Ki,8.431798
XNFZPEDEZVYDIU-UHFFFAOYSA-N,1997,Ki,5.920819
XNKJYDSSCQLJQZ-UQTQIZBZSA-N,2014,Ki,8.448550
XNKJYDSSCQLJQZ-UQTQIZBZSA-N,2014,Ki,8.448550
XNSOJCJPLUSJAA-KRWDZBQOSA-N,2015,EC50,9.075721
XNUNIHJOMFCFRQ-LIRRHRJNSA-N,2003,Ki,7.698970
XNUNIHJOMFCFRQ-LIRRHRJNSA-N,2003,Ki,5.657577
XNXKEYCDXWQUQU-UHFFFAOYSA-N,2012,Ki,5.940437
XNXQFTTXHFQTRX-UHFFFAOYSA-N,1996,Ki,7.022276
XNXXPSMSYLDFBF-UHFFFAOYSA-N,2022,Ki,6.199998
XOBVCWPXOBDWGK-UHFFFAOYSA-N,2020,Ki,7.725842
XOESWPIDRFQRGI-UHFFFAOYSA-N,2025,Ki,5.230000
XOEZEACRWZTMQK-UHFFFAOYSA-N,2001,Ki,5.599999
XOGVSNDTSKOGBY-UHFFFAOYSA-N,2007,Ki,7.642065
XOIVOGIAUHZCBK-UHFFFAOYSA-N,2021,IC50,5.720000
XOLGUSIUXDCCCM-HZCBDIJESA-N,2016,Ki,8.853872
XOLIIHROSJWMQH-UHFFFAOYSA-N,2002,Ki,7.080922
XOMRUHWGUJNGLC-AFARHQOCSA-N,1998,Ki,9.853872
XOMRUHWGUJNGLC-AFARHQOCSA-N,1997,Ki,9.853872
XOMRUHWGUJNGLC-UHFFFAOYSA-N,1997,Ki,8.698970
XOOONTVCSUXSOA-XUTJKUGGSA-N,2014,Ki,8.198596
XOOONTVCSUXSOA-XUTJKUGGSA-N,2014,Ki,8.198596
XOPDSATVNGEEAY-JKIUYZKVSA-N,2014,Ki,7.642065
XOPDSATVNGEEAY-JKIUYZKVSA-N,2014,Ki,7.642065
XOPMGCDIMXYMGV-AFARHQOCSA-N,2014,Ki,8.493495
XOPMGCDIMXYMGV-AFARHQOCSA-N,2014,Ki,8.493495
XOPUTZJGNOKLDY-UHFFFAOYSA-N,2007,Ki,8.000000
XOUPKGAJLSOMOY-WGSAOQKQSA-N,2020,Ki,9.619789
XOUPKGAJLSOMOY-WGSAOQKQSA-N,2022,Ki,9.619789
XOWASPOXQFROJP-JGKWMGOWSA-N,1996,Ki,7.299989
XOZFOKIHXFIGLO-UHFFFAOYSA-N,2005,Ki,6.677781
XPBGNLUNAORHQZ-UHFFFAOYSA-N,1997,Ki,7.221849
XPBGNLUNAORHQZ-UHFFFAOYSA-N,2021,Ki,7.221849
XPEWLIYLRNDQAK-UHFFFAOYSA-N,2019,Ki,7.130182
XPEWLIYLRNDQAK-UHFFFAOYSA-N,2020,Ki,7.130182
XPFGMUGGXJNCTR-UHFFFAOYSA-N,2002,Ki,7.721246
XPFXYWKICZQNES-MRXNPFEDSA-N,2011,Ki,6.602060
XPILIRKQJUBSIN-ROUUACIJSA-N,2017,Ki,9.346787
XPKWZBRQMHEAAX-KESTWPANSA-N,2013,Ki,8.294992
XPLYYMRQGCFSNB-UHFFFAOYSA-N,2019,Ki,6.270001
XPMUUENUQYZASR-HHHXNRCGSA-N,2015,Ki,9.200659
XPMUUENUQYZASR-MHZLTWQESA-N,2015,Ki,8.657577
XPOABVKSLRGZDM-UHFFFAOYSA-N,2012,Ki,9.301030
XPOOQWFDTCQYTN-UHFFFAOYSA-N,2011,Ki,7.142668
XPRRZXPFKHAHFH-MXVIHJGJSA-N,2013,Ki,7.522879
XQESGARESDXCGW-UHFFFAOYSA-N,2015,Ki,7.653647
XQOLXGFKFIWXQP-UHFFFAOYSA-N,2021,Ki,7.130006
XQOLXGFKFIWXQP-UHFFFAOYSA-N,2021,Kd,10.588380
XQOLXGFKFIWXQP-UHFFFAOYSA-N,2021,EC50,7.169989
XQQUULUGMJTWQN-BJSHUGAESA-N,2019,Ki,7.059982
XQQUULUGMJTWQN-BJSHUGAESA-N,2020,Ki,7.059982
XQQUULUGMJTWQN-JHYNZKOVSA-N,2019,Ki,7.229885
XQQUULUGMJTWQN-JHYNZKOVSA-N,2020,Ki,7.229885
XQVMSBNONFRXFN-UHFFFAOYSA-N,2010,Ki,8.400008
XQWCSGWUJUEAQM-UHFFFAOYSA-N,1999,Ki,7.172631
XQYFTHHWGHOOSS-UHFFFAOYSA-N,2008,Ki,7.199971
XQYFTHHWGHOOSS-UHFFFAOYSA-N,2009,Ki,7.199971
XQYFTHHWGHOOSS-UHFFFAOYSA-N,2010,Ki,7.199971
XRCDIXVHGJBKLI-AATRIKPKSA-N,2011,Ki,8.443697
XRCOCSDAHSAQTP-UHFFFAOYSA-N,2010,Ki,8.299989
XRDPJIJIWYVCKW-AVRDEDQJSA-N,2016,Ki,7.379968
XRDPJIJIWYVCKW-AVRDEDQJSA-N,2016,Ki,7.599980
XRDPJIJIWYVCKW-GCJKJVERSA-N,2016,Ki,6.540005
XRDPJIJIWYVCKW-GCJKJVERSA-N,2016,Ki,8.489991
XRDPJIJIWYVCKW-PGRDOPGGSA-N,2016,Ki,9.040005
XRDPJIJIWYVCKW-PGRDOPGGSA-N,2016,Ki,9.280006
XRDPJIJIWYVCKW-XMSQKQJNSA-N,2016,Ki,7.540005
XRDZUZLOELIAOU-UHFFFAOYSA-N,2010,Ki,6.416801
XRIVHXPJBXAZDT-UHFFFAOYSA-N,2017,Ki,8.420216
XRJAGLUSGLFLQK-UHFFFAOYSA-N,2016,Ki,8.100015
XRJAGLUSGLFLQK-UHFFFAOYSA-N,2019,Ki,8.089909
XRJAGLUSGLFLQK-UHFFFAOYSA-N,2020,Ki,8.089909
XRJGWSMTLAFHBN-UHFFFAOYSA-N,2016,Ki,6.850012
XRQBUGNQFZLQGU-UHFFFAOYSA-O,2013,Ki,7.251812
XRULCQHWXQPNKY-UHFFFAOYSA-N,2011,Ki,9.000000
XRULCQHWXQPNKY-UHFFFAOYSA-N,2011,Ki,6.638272
XRUUSJMEKAKGQU-GOSISDBHSA-N,2016,Ki,7.114074
XRUUSJMEKAKGQU-GOSISDBHSA-N,2016,Ki,6.472370
XRUUSJMEKAKGQU-GOSISDBHSA-N,2016,EC50,7.025488
XRUUSJMEKAKGQU-GOSISDBHSA-N,2016,EC50,7.275724
XRXBZJLXUCSIKS-UHFFFAOYSA-N,2011,Ki,8.130768
XRXVZFVFIDKFOR-UHFFFAOYSA-N,2007,Ki,6.278189
XRZGFBAAWMVHMU-UHFFFAOYSA-N,2006,Ki,7.232844
XRZGFBAAWMVHMU-UHFFFAOYSA-N,2009,Ki,8.327902
XSBNGDJHMKLOOQ-UHFFFAOYSA-N,2007,Ki,8.799971
XSHRDEIBCLNUGC-MIRVZWSXSA-N,2020,Ki,9.657577
XSHRDEIBCLNUGC-MIRVZWSXSA-N,2022,Ki,9.657577
XSIRCQCMKMOVGP-UHFFFAOYSA-N,2003,Ki,6.671620
XSKRLZXLIVVXHO-UHFFFAOYSA-N,2022,Ki,9.815309
XSMSWEUOSDXUHZ-UHFFFAOYSA-N,2003,Ki,7.397940
XSNMDMSHDAOPPM-UHFFFAOYSA-N,2010,Ki,7.899974
XSRFHBAHNKMQSR-UHFFFAOYSA-N,2023,Ki,7.154902
XTFGAHNJVINQAV-UHFFFAOYSA-N,2017,Ki,8.065502
XTFGAHNJVINQAV-UHFFFAOYSA-N,2018,Ki,8.065502
XTFNKHQCBITNPG-UHFFFAOYSA-N,2017,Ki,8.619789
XTFRBHHJAHSVNA-UHFFFAOYSA-N,2017,Ki,8.130768
XTFRBHHJAHSVNA-UHFFFAOYSA-N,2017,EC50,8.013228
XTFRBHHJAHSVNA-UHFFFAOYSA-N,2017,EC50,8.019997
XTKDAFGWCDAMPY-UHFFFAOYSA-N,1993,Ki,7.275724
XTKDAFGWCDAMPY-UHFFFAOYSA-N,2021,Ki,7.047208
XTKDAFGWCDAMPY-UHFFFAOYSA-N,2021,Ki,7.119987
XTKDAFGWCDAMPY-UHFFFAOYSA-N,2021,Ki,7.047208
XTKDAFGWCDAMPY-UHFFFAOYSA-N,2021,Ki,7.119987
XTKNAIQXSUEZPU-AWEZNQCLSA-N,2005,Ki,7.410050
XTKNAIQXSUEZPU-CQSZACIVSA-N,2005,Ki,7.360016
XTQDBQZDKVOPAN-IYARVYRRSA-N,2020,Ki,8.920819
XTQDBQZDKVOPAN-IYARVYRRSA-N,2022,Ki,8.920819
XTRDYFXHAKBBSQ-UHFFFAOYSA-N,2022,Ki,7.219971
XTUBFYJCRZIUBT-KESTWPANSA-N,2014,Ki,8.032452
XTUBFYJCRZIUBT-KESTWPANSA-N,2014,Ki,8.032452
XTWUNLMHXDDOMD-SNVBAGLBSA-N,1997,Ki,7.443697
XTWUNLMHXDDOMD-SNVBAGLBSA-N,2016,Ki,7.593460
XTWUNLMHXDDOMD-SNVBAGLBSA-N,2016,Ki,6.387216
XTWUNLMHXDDOMD-SNVBAGLBSA-N,2016,EC50,7.737549
XTWUNLMHXDDOMD-SNVBAGLBSA-N,2016,EC50,9.091515
XTXKTQKZXFWQIP-LAUBAEHRSA-N,2019,Ki,9.030118
XTXKTQKZXFWQIP-LAUBAEHRSA-N,2020,Ki,9.030118
XTXKTQKZXFWQIP-UHFFFAOYSA-N,2019,Ki,9.110138
XTXKTQKZXFWQIP-UHFFFAOYSA-N,2020,Ki,9.110138
XTXKTQKZXFWQIP-UTKZUKDTSA-N,2019,Ki,9.229885
XTXKTQKZXFWQIP-UTKZUKDTSA-N,2020,Ki,9.229885
XTYMHPYTYMGIID-ZHACJKMWSA-N,2003,Ki,7.826814
XUAGVHSWKPRGFP-GMAHTHKFSA-N,2020,Ki,5.256490
XUAGVHSWKPRGFP-JTHBVZDNSA-N,2020,Ki,4.860121
XUAUIXCHBXOTAB-PAVFIEEWSA-N,2023,Ki,9.309804
XUAZJBFALQHOFB-UHFFFAOYSA-N,2009,IC50,8.754487
XUAZJBFALQHOFB-UHFFFAOYSA-N,2009,Ki,8.617983
XUBBXZOTHIPKRG-UHFFFAOYSA-N,2021,Ki,6.242604
XUBBXZOTHIPKRG-UHFFFAOYSA-N,2021,Ki,6.679854
XUBVWPDKERMCAP-UHFFFAOYSA-N,2011,IC50,5.524329
XUBVWPDKERMCAP-UHFFFAOYSA-N,2011,Ki,8.337242
XUBVWPDKERMCAP-UHFFFAOYSA-N,2011,IC50,5.943095
XUCRUGYJRDTBOP-FLDQDSGZSA-O,2015,Ki,8.004365
XUIZPQCWJRMJBY-UHFFFAOYSA-N,2015,Ki,7.528708
XUKSGYGUDPUQCB-KNQAVFIVSA-N,2019,Ki,9.079877
XUKSGYGUDPUQCB-KNQAVFIVSA-N,2020,Ki,9.079877
XUKSGYGUDPUQCB-SIKLNZKXSA-N,2019,Ki,9.739929
XUKSGYGUDPUQCB-SIKLNZKXSA-N,2020,Ki,9.739929
XUKSGYGUDPUQCB-UHFFFAOYSA-N,2016,Ki,9.100015
XUKSGYGUDPUQCB-UHFFFAOYSA-N,2016,Ki,9.700057
XUKSGYGUDPUQCB-UHFFFAOYSA-N,2016,Ki,7.899974
XUKSGYGUDPUQCB-UHFFFAOYSA-N,2019,Ki,9.390406
XUKSGYGUDPUQCB-UHFFFAOYSA-N,2020,Ki,9.390406
XULRRHPSHZGOJX-WGSAOQKQSA-N,1997,Ki,7.494850
XUMFZHDTWDHUIE-UHFFFAOYSA-N,2019,Ki,7.703335
XUOARYPFOGJNNV-UHFFFAOYSA-N,2013,Ki,5.552842
XURXMJIMPKTNSF-UHFFFAOYSA-N,2008,Ki,7.000000
XUTJSHVGYIHURB-BWKNWUBXSA-N,2016,Ki,9.330033
XUTJSHVGYIHURB-BWKNWUBXSA-N,2016,Ki,9.250032
XUYHFDXRBDOBCI-FVUUGDKNSA-N,2023,Ki,9.309804
XVDINFILZLZVNV-UHFFFAOYSA-N,2004,Ki,5.858864
XVJBBDPXCJMUFL-UHFFFAOYSA-N,2020,EC50,6.239578
XVJBBDPXCJMUFL-UHFFFAOYSA-N,2023,EC50,6.239578
XVKBKIBQGMWRDG-UHFFFAOYSA-N,2002,Ki,7.537602
XVKBKIBQGMWRDG-UHFFFAOYSA-N,2007,Ki,7.540005
XVKCBMHQXDTJBS-LSNLESRRSA-N,2014,Ki,7.814175
XVKCBMHQXDTJBS-LSNLESRRSA-N,2014,Ki,7.814175
XVPRVMIFXXOEFR-UHFFFAOYSA-N,2001,Ki,5.301030
XVPRVMIFXXOEFR-UHFFFAOYSA-N,2002,Ki,5.301030
XVPRVMIFXXOEFR-UHFFFAOYSA-N,1999,Ki,5.301030
XVPRVMIFXXOEFR-UHFFFAOYSA-N,2002,Ki,5.301030
XVPRVMIFXXOEFR-UHFFFAOYSA-N,2005,Ki,5.301030
XVPRVMIFXXOEFR-UHFFFAOYSA-N,2006,Ki,5.301030
XVPRVMIFXXOEFR-UHFFFAOYSA-N,2007,Ki,5.410000
XVPRVMIFXXOEFR-UHFFFAOYSA-N,2008,Ki,5.346787
XVPRVMIFXXOEFR-UHFFFAOYSA-N,2014,Ki,5.301030
XVPRVMIFXXOEFR-UHFFFAOYSA-N,2017,Ki,5.301030
XVPRVMIFXXOEFR-UHFFFAOYSA-N,2021,Ki,5.301030
XVXBOIQGBDSZFQ-UHFFFAOYSA-N,2013,Ki,8.568636
XVXXUEGVEYMXOM-UHFFFAOYSA-N,2017,EC50,8.677781
XVYIADYYFNGCJZ-CMDGGOBGSA-N,1999,Ki,6.744727
XWMKZWFBKLJGKQ-NUNSKJLSSA-N,2003,Ki,9.000000
XWOWUPZMWGTZIJ-UHFFFAOYSA-N,2019,Ki,5.420000
XWPFAYFZWMVJSL-SFHVURJKSA-N,2000,Ki,5.886057
XWQQVXPJZWZEFN-UHFFFAOYSA-N,2007,Ki,6.164944
XWRCSVSWZWMHPY-GLOFJIOZSA-N,2007,Ki,9.346787
XWSSRMXCAFXSRM-CFFRYYMNSA-N,2021,Ki,8.022276
XWTDQRZJIQBPTH-VQTJNVASSA-N,2023,Ki,9.795880
XWXGIXOQLMBDID-UHFFFAOYSA-N,2010,Ki,7.299989
XWXQDIUFNJEKBY-UHFFFAOYSA-N,1999,Ki,5.657577
XWZPXHQBCSYDNM-BEESLVRJSA-N,2014,Ki,7.383735
XWZPXHQBCSYDNM-BEESLVRJSA-N,2014,Ki,7.383735
XXESQSFCTJSSQN-UHFFFAOYSA-N,2023,Ki,7.728158
XXFBAYGHJVLPQT-UNBKKOSXSA-N,2014,Ki,7.957424
XXFBAYGHJVLPQT-UNBKKOSXSA-N,2014,Ki,7.957424
XXFDUBQKUBCCOE-DIBLIPFTSA-N,2014,Ki,7.421361
XXKFENINNOPLPU-MGFGWZDJSA-N,2003,Ki,8.199971
XXKGCSWBGJTTJM-UHFFFAOYSA-N,2023,Ki,5.958607
XXNSAFMKWRWIBC-XRKRLSELSA-N,1998,Ki,6.099999
XXNSAFMKWRWIBC-YTMVLYRLSA-N,1998,Ki,8.100015
XXOBSFFHMXTRII-AQYVVDRMSA-N,2022,Ki,9.292430
XXOBSFFHMXTRII-AQYVVDRMSA-N,2022,Ki,9.292430
XXUQXMYKXRYVTE-UHFFFAOYSA-N,2017,Ki,7.795880
XXUQXMYKXRYVTE-UHFFFAOYSA-N,2018,Ki,7.795880
XXUXRIDSKSDOGY-XYWHTSSQSA-N,2014,Ki,8.732828
XXUXRIDSKSDOGY-XYWHTSSQSA-N,2014,Ki,8.732828
XYAFTCLJGUGMBU-UHFFFAOYSA-N,2017,Ki,6.793174
XYAFTCLJGUGMBU-UHFFFAOYSA-N,2018,Ki,6.793174
XYKKDJZJLXDRKB-ALOJWSFFSA-N,2022,Ki,8.481486
XYLLCILLEMTVLF-UHFFFAOYSA-N,2020,Ki,6.980053
XYOCQKZCBWVHNF-AQYVVDRMSA-N,2014,Ki,8.679854
XYOCQKZCBWVHNF-AQYVVDRMSA-N,2014,Ki,8.679854
XYPNSIBKATVQIJ-WGSAOQKQSA-N,1997,Ki,7.705534
XYRLMCYNIVWAAM-UHFFFAOYSA-N,2007,Ki,7.400008
XYWCAOFTBSFDJW-UHFFFAOYSA-N,1995,Ki,8.500038
XYXNDRMGQIINHD-UHFFFAOYSA-N,2016,Ki,6.396856
XZGWAEHXRURBSM-UHFFFAOYSA-N,2020,EC50,7.376751
XZGWAEHXRURBSM-UHFFFAOYSA-N,2023,EC50,7.376751
XZGWAEHXRURBSM-UHFFFAOYSA-N,2023,EC50,7.376751
XZIQPBDZWFZJRV-UHFFFAOYSA-N,2011,Ki,8.568636
XZIQPBDZWFZJRV-UHFFFAOYSA-N,2011,Ki,6.602060
XZKJWFNUAUOHAC-AQYVVDRMSA-N,2013,Ki,7.138466
XZMLRFQMXJLGRF-UHFFFAOYSA-N,2017,Ki,6.777284
XZMLRFQMXJLGRF-UHFFFAOYSA-N,2018,Ki,6.777284
XZONNCQQDNOYMJ-UHFFFAOYSA-N,2015,Ki,8.677781
XZPQRIJZBKZROM-HNNXBMFYSA-N,1999,Ki,6.244125
XZPQRIJZBKZROM-OAHLLOKOSA-N,1999,Ki,5.657577
XZUUIMQQOCYISH-UHFFFAOYSA-N,2015,Ki,7.050610
XZXRXUCWJOQZBL-UHFFFAOYSA-N,2009,Ki,9.000000
YALCLPZHBNPXEN-JOCHJYFZSA-N,2017,Ki,6.193820
YANOQHGMWHDKKI-UHFFFAOYSA-N,2010,Ki,7.500038
YANXWMHYXTZCSA-UHFFFAOYSA-N,2020,EC50,6.213959
YANXWMHYXTZCSA-UHFFFAOYSA-N,2023,EC50,6.213959
YAOWMUKUYWGVDH-UHFFFAOYSA-N,2006,Ki,6.667562
YATPAHDOUJPRNV-UHFFFAOYSA-N,1996,Ki,6.086186
YATPAHDOUJPRNV-UHFFFAOYSA-N,1997,Ki,6.086186
YAWDPUHJRVVYKE-UHFFFAOYSA-N,2003,Ki,7.632644
YAYOCPNPBHLJQS-UHFFFAOYSA-N,2014,Ki,6.070581
YAYWMEPAZGIOAH-UHFFFAOYSA-N,2006,Ki,8.431798
YBIAFKASHSKZAI-UAPYVXQJSA-N,2014,Ki,9.004365
YBIAFKASHSKZAI-UAPYVXQJSA-N,2014,Ki,9.004365
YBRBKCXISVCUJG-INIZCTEOSA-N,1999,Ki,5.958607
YBRBKCXISVCUJG-MRXNPFEDSA-N,1999,Ki,5.677781
YBSSDSCEOFCFIV-UHFFFAOYSA-N,2020,Ki,5.609065
YBSUKYVKWAEWJF-UHFFFAOYSA-N,2018,Ki,8.200659
YBSUKYVKWAEWJF-UHFFFAOYSA-N,2018,EC50,5.853872
YBSUKYVKWAEWJF-UHFFFAOYSA-N,2021,Ki,8.200659
YBTBFDQBPQHZEV-UHFFFAOYSA-N,2008,Ki,8.599980
YBUAHTMMKRAXBO-JKIUYZKVSA-N,2014,Ki,8.688246
YBUAHTMMKRAXBO-JKIUYZKVSA-N,2014,Ki,8.688246
YBUOJMCAVXYQBO-UHFFFAOYSA-N,1997,Ki,6.759451
YBWZCNHZSGYCJP-UHFFFAOYSA-N,2023,Ki,6.688246
YBWZCNHZSGYCJP-UHFFFAOYSA-N,2023,IC50,6.028260
YCAAJJCVIFKZBL-UHFFFAOYSA-N,2010,Ki,6.721246
YCFPUDBYSCLGNZ-XUTJKUGGSA-N,2014,Ki,8.679854
YCFPUDBYSCLGNZ-XUTJKUGGSA-N,2014,Ki,8.679854
YCGXHEJETHPGPD-UHFFFAOYSA-N,2018,Ki,5.740000
YCLMRMCMFMEFIH-QAQDUYKDSA-N,2020,Ki,8.585027
YCLMRMCMFMEFIH-QAQDUYKDSA-N,2022,Ki,8.585027
YCNCIZWAGQTWBI-UHFFFAOYSA-N,2003,Ki,7.958607
YCQKBDMLGQENAQ-UHFFFAOYSA-N,2017,Ki,7.084073
YCRXAHFQGPHELU-JKSUJKDBSA-N,2020,Ki,9.107905
YCRXAHFQGPHELU-JKSUJKDBSA-N,2022,Ki,9.107905
YCVCSJNOURLGPF-XUTJKUGGSA-N,2014,Ki,8.749580
YCVCSJNOURLGPF-XUTJKUGGSA-N,2014,Ki,8.749580
YDCWHOYYMICCQD-UHFFFAOYSA-N,2008,Ki,6.522879
YDESBRPNQFQEGA-HXUWFJFHSA-N,2017,Ki,6.939302
YDGKDHWBZFSXFF-OKDASEJXSA-N,2014,Ki,7.912929
YDGKDHWBZFSXFF-OKDASEJXSA-N,2014,Ki,7.912929
YDIIMEYIGWYMMA-UHFFFAOYSA-N,1999,Ki,9.299989
YDLWLYDTYNHXBM-UHFFFAOYSA-N,2008,EC50,10.070581
YDLWLYDTYNHXBM-VWLOTQADSA-N,2010,Ki,9.036212
YDLWLYDTYNHXBM-VWLOTQADSA-N,2010,EC50,10.070581
YDLWLYDTYNHXBM-VWLOTQADSA-N,2012,EC50,8.821023
YDOILAGGRVCPSJ-VJMAFPLCSA-N,2023,Ki,9.508638
YDOTUXAWKBPQJW-NSLWYYNWSA-N,,IC50,9.229885
YDOTUXAWKBPQJW-NSLWYYNWSA-N,,Ki,9.698970
YDQYJYPAQZRPCT-UHFFFAOYSA-N,2010,Ki,6.510042
YDSLGYGXMJYMOS-XUTJKUGGSA-N,2013,Ki,8.135489
YDSLGYGXMJYMOS-XUTJKUGGSA-N,2013,Ki,8.135489
YDSZXMRCXLHXST-UHFFFAOYSA-N,2001,Ki,7.198596
YDUOGPTWZPFZHX-UHFFFAOYSA-N,2014,Ki,6.730487
YEBWFZBYQOGEEH-UHFFFAOYSA-N,1995,Ki,8.886057
YEBWFZBYQOGEEH-UHFFFAOYSA-N,2013,Ki,8.886057
YECOTWMMKZQQAE-UHFFFAOYSA-N,1995,Ki,9.700057
YEDLOLJNNJYOJS-UHFFFAOYSA-N,2023,Ki,8.991400
YEDLOLJNNJYOJS-UHFFFAOYSA-N,2023,EC50,8.219971
YEDLOLJNNJYOJS-UHFFFAOYSA-N,2023,EC50,8.216811
YEEMKPJFAQAHOW-UHFFFAOYSA-N,1995,Ki,6.563837
YEFAFNGWRUUUQI-UHFFFAOYSA-N,1999,Ki,7.100015
YEHCICAEULNIGD-MZMPZRCHSA-N,1997,Ki,8.397940
YEHCICAEULNIGD-MZMPZRCHSA-N,2005,Ki,9.070019
YEHCICAEULNIGD-MZMPZRCHSA-N,,IC50,8.268170
YEHCICAEULNIGD-MZMPZRCHSA-N,,Ki,8.737075
YEHCICAEULNIGD-MZMPZRCHSA-N,2024,Ki,8.397940
YEPKUBSVJPPSQU-UHFFFAOYSA-N,2015,Ki,8.113509
YEQXLZYCVNXKRF-UHFFFAOYSA-N,2013,Ki,7.747147
YEUKYYRBGVTVHI-UHFFFAOYSA-N,1997,Ki,7.180456
YEUKYYRBGVTVHI-UHFFFAOYSA-N,2005,Ki,7.179996
YEUOAQOPSABWMD-KESTWPANSA-N,2023,Ki,9.522879
YEWGIGCYIAMFMA-UHFFFAOYSA-N,2006,Ki,7.586700
YEWGIGCYIAMFMA-UHFFFAOYSA-N,2007,Ki,7.394695
YEWGIGCYIAMFMA-UHFFFAOYSA-N,2015,Ki,7.586700
YEYNJASJMPEAEX-UHFFFAOYSA-N,1995,Ki,8.303644
YFCLKFMYEUGDOO-KESTWPANSA-N,2023,Ki,9.602060
YFCLKFMYEUGDOO-KESTWPANSA-N,2023,IC50,8.730020
YFCLKFMYEUGDOO-KESTWPANSA-N,2023,IC50,8.728158
YFGHCGITMMYXAQ-LJQANCHMSA-N,2016,Ki,4.408935
YFGHCGITMMYXAQ-UHFFFAOYSA-N,2020,Ki,4.408935
YFHWGBZGWDWNRV-JHNFVTJISA-N,2013,Ki,7.623423
YFIRTELZAMWIHL-UHFFFAOYSA-N,2019,Ki,5.721246
YFJPHIULVVJFIS-KESTWPANSA-N,2014,Ki,8.187087
YFJPHIULVVJFIS-KESTWPANSA-N,2014,Ki,8.187087
YFKULYYWSYOHDZ-UHFFFAOYSA-N,2018,Ki,5.400000
YFKVSCFFRQFRQH-PAVFIEEWSA-N,2023,Ki,9.229148
YFMHFOQRZFIVPU-HSZRJFAPSA-N,1996,Ki,7.700057
YFPRVZQGLGSZKO-UHFFFAOYSA-N,2022,Ki,6.023008
YFPRVZQGLGSZKO-UHFFFAOYSA-N,2022,Ki,6.023192
YFQOPLHEALSEEL-UHFFFAOYSA-N,2014,Ki,7.494850
YFQOPLHEALSEEL-UHFFFAOYSA-N,2017,Ki,7.498941
YFQOPLHEALSEEL-UHFFFAOYSA-N,2018,Ki,7.498941
YFRPYRGBQBMLTB-XYOKQWHBSA-N,1999,Ki,8.299989
YFSPFZNLWSGJJK-UHFFFAOYSA-N,2016,Ki,6.062482
YFSQZKVPESKTJY-UHFFFAOYSA-N,2007,Ki,7.489991
YFWICZORWGKFIF-UHFFFAOYSA-N,2007,Ki,8.299989
YFXKXPJODMVGSV-UHFFFAOYSA-N,2020,EC50,5.795880
YFXKXPJODMVGSV-UHFFFAOYSA-N,2023,EC50,5.795880
YFXWJWJZNPPTDW-UHFFFAOYSA-N,2014,Ki,7.327902
YFYVWKOXKJTAMY-UHFFFAOYSA-N,2016,Ki,6.823909
YFYVWKOXKJTAMY-UHFFFAOYSA-N,2016,Ki,6.799998
YGCYKAKZEZYUMC-ACRUOGEOSA-N,2013,Ki,7.614394
YGCYKAKZEZYUMC-NJDAHSKKSA-N,2013,Ki,7.728158
YGCYKAKZEZYUMC-YGQOYYDZSA-N,2013,Ki,7.707744
YGDMWGYWZVBWDP-UHFFFAOYSA-N,2007,Ki,8.799971
YGFINQFSLIMLPP-OKDASEJXSA-N,2014,Ki,8.466355
YGFINQFSLIMLPP-OKDASEJXSA-N,2014,Ki,8.466355
YGHHMTVTTJJSQZ-UHFFFAOYSA-N,1996,Ki,6.067019
YGHLYBIUVOLKCV-SMDDNHRTSA-N,1993,Ki,7.585027
YGHLYBIUVOLKCV-SMDDNHRTSA-N,2003,Ki,7.154902
YGHLYBIUVOLKCV-SMDDNHRTSA-N,1994,Ki,7.585027
YGLPFEUWKJCWBD-UHFFFAOYSA-N,2017,Ki,7.714443
YGLPFEUWKJCWBD-UHFFFAOYSA-N,2018,Ki,7.714443
YGNIYGXERUDUPC-FERRBWLRSA-N,2013,Ki,8.171985
YGNIYGXERUDUPC-FERRBWLRSA-N,2013,Ki,8.171985
YGOJZWAMJUGUJD-UHFFFAOYSA-N,2008,Ki,6.699992
YGTOBHZRTULFTF-KRWDZBQOSA-N,2011,Ki,5.330125
YGTOBHZRTULFTF-QGZVFWFLSA-N,2011,Ki,6.166853
YHBNNSZPKVUPMG-UHFFFAOYSA-N,2008,Ki,7.299989
YHFJWUFDUIOAOW-XUTJKUGGSA-N,2022,Ki,9.602060
YHKSIIGCRXQDQA-CCMYNQISSA-N,2019,Ki,8.958607
YHKSIIGCRXQDQA-CCMYNQISSA-N,2020,Ki,8.669586
YHKSIIGCRXQDQA-CCMYNQISSA-N,2020,Ki,8.958607
YHKSIIGCRXQDQA-IVFBNWJGSA-N,2019,Ki,8.669586
YHKSIIGCRXQDQA-UHFFFAOYSA-N,2019,Ki,8.899629
YHKSIIGCRXQDQA-UHFFFAOYSA-N,2020,Ki,8.899629
YHMDCFXONGIJED-NGRWLJPCSA-N,2008,Ki,9.431798
YHNXVNWEANWEHW-UHFFFAOYSA-N,2010,Ki,6.552842
YHPPFQXIQZIMOW-CYBMUJFWSA-N,1994,Ki,6.767004
YHQGUYGNJMOBOA-UHFFFAOYSA-N,2002,Ki,8.408935
YHQSGSIBDPGBNE-GBWYYYKWSA-N,2022,Ki,8.853872
YHRNVXAUNZJNND-UHFFFAOYSA-N,1996,Ki,8.000000
YIECWSJRMPAWGX-UHFFFAOYSA-N,2020,Ki,7.059982
YIHQDWZWZRGAIH-UHFFFAOYSA-N,2010,IC50,6.038579
YIIWKHZEONNJTQ-UHFFFAOYSA-N,2013,IC50,7.619789
YIJDPVLWVKAIMO-GFCCVEGCSA-N,1995,Ki,6.444906
YILNPRPYCRADTF-UHFFFAOYSA-N,2005,Ki,8.958607
YIQZFTKFOLISHR-UHFFFAOYSA-N,2016,EC50,8.130768
YISHJHUTBSLTCO-UHFFFAOYSA-N,2010,Ki,7.166216
YIUMSISCOUIOHZ-UHFFFAOYSA-N,2004,Ki,9.065502
YIYVRBYUJQVAJR-UHFFFAOYSA-N,2013,Ki,7.090444
YIYVRBYUJQVAJR-UHFFFAOYSA-N,2015,Ki,7.640165
YJBGSZUYOGPUMC-UHFFFAOYSA-N,2006,Ki,5.823909
YJBVDNFZPGPMBN-MIRVZWSXSA-N,2023,Ki,9.537602
YJGPWNCHDJDGJR-UHFFFAOYSA-N,2003,EC50,8.199971
YJGPWNCHDJDGJR-UHFFFAOYSA-N,2005,Ki,9.301030
YJGPWNCHDJDGJR-UHFFFAOYSA-N,2005,IC50,8.199971
YJGPWNCHDJDGJR-UHFFFAOYSA-N,2005,Ki,9.301030
YJGPWNCHDJDGJR-UHFFFAOYSA-N,2005,Ki,8.632644
YJGPWNCHDJDGJR-UHFFFAOYSA-N,2007,Ki,9.397940
YJGPWNCHDJDGJR-UHFFFAOYSA-N,2007,EC50,8.200659
YJHBORBWSSPLGN-UHFFFAOYSA-N,2010,Ki,7.119186
YJHMYPHXIJOCOQ-UHFFFAOYSA-N,2023,Ki,10.075721
YJKBKDOYRHHENB-QXSURTEESA-N,2008,Ki,6.649752
YJLMHUBBYHISAU-UHFFFAOYSA-N,2000,Ki,5.403403
YJPWVCIGSHWNON-UHFFFAOYSA-N,1998,Ki,8.853872
YJPWVCIGSHWNON-UHFFFAOYSA-N,2005,Ki,8.698970
YJPWVCIGSHWNON-UHFFFAOYSA-N,2005,Ki,8.568636
YJPWVCIGSHWNON-UHFFFAOYSA-N,2005,IC50,8.301030
YJPWVCIGSHWNON-UHFFFAOYSA-N,2005,IC50,7.841638
YJPWVCIGSHWNON-UHFFFAOYSA-N,2005,Ki,8.698970
YJPWVCIGSHWNON-UHFFFAOYSA-N,2005,Ki,8.769551
YJPWVCIGSHWNON-UHFFFAOYSA-N,2005,Kd,8.700057
YJPWVCIGSHWNON-UHFFFAOYSA-N,2007,Ki,8.698970
YJPWVCIGSHWNON-UHFFFAOYSA-N,2007,IC50,7.841638
YJPWVCIGSHWNON-UHFFFAOYSA-N,2011,Ki,8.698970
YJPWVCIGSHWNON-UHFFFAOYSA-N,2013,Ki,8.853872
YJPWVCIGSHWNON-UHFFFAOYSA-N,2015,Ki,9.632644
YJTUMJAALUNJJT-UHFFFAOYSA-N,2008,Ki,9.000000
YJYMXCFUNVLJOC-UHFFFAOYSA-N,2002,Ki,8.823909
YJYMXCFUNVLJOC-UHFFFAOYSA-N,2005,Ki,9.096910
YJYMXCFUNVLJOC-UHFFFAOYSA-N,2005,Ki,9.096910
YJYMXCFUNVLJOC-UHFFFAOYSA-N,2005,Ki,8.366532
YJYMXCFUNVLJOC-UHFFFAOYSA-N,2005,IC50,8.045275
YJYMXCFUNVLJOC-UHFFFAOYSA-N,2005,Ki,8.823909
YJYMXCFUNVLJOC-UHFFFAOYSA-N,2007,Ki,8.950007
YJYMXCFUNVLJOC-UHFFFAOYSA-N,2009,IC50,8.045275
YJYMXCFUNVLJOC-UHFFFAOYSA-N,2009,Ki,9.091515
YJYMXCFUNVLJOC-UHFFFAOYSA-N,2011,Ki,9.096910
YKCHNWKXANLFGS-WGSAOQKQSA-N,1998,Ki,7.585027
YKCROHAUAFLVCV-UHFFFAOYSA-N,2020,Ki,7.366532
YKCXNSAIVWHWKR-IQZDNPOKSA-N,2012,Ki,4.443697
YKCXNSAIVWHWKR-UJCHZGTJSA-N,2012,Ki,4.958607
YKNBSYYYBWQJQW-UHFFFAOYSA-N,2025,Ki,6.130768
YKNNRQLCQGQFRB-UHFFFAOYSA-N,1999,Ki,8.130768
YLBNUQZHSMXDAJ-UHFFFAOYSA-N,1999,Ki,5.886057
YLEJYQFWEATDSD-UHFFFAOYSA-N,2013,Ki,5.168130
YLJUQDZJFUBUSL-UHFFFAOYSA-N,2020,Ki,6.759451
YLLFOYMWGWZZIG-WGSAOQKQSA-N,2023,Ki,9.443697
YLLMKDPCGLJFQN-CYBMUJFWSA-N,1995,Ki,6.280669
YLLMKDPCGLJFQN-ZDUSSCGKSA-N,1995,Ki,5.804100
YLPJQEDKFKCTSE-UHFFFAOYSA-N,2002,Ki,6.267606
YLPJQEDKFKCTSE-UHFFFAOYSA-N,2006,Ki,6.289037
YLSBAGZHIBFNRL-UHFFFAOYSA-N,2011,IC50,5.886057
YLULTEDGTZQJDL-UHFFFAOYSA-N,2018,Ki,7.071604
YLZYYZWHNZPVBP-AFARHQOCSA-N,2014,Ki,6.838003
YLZYYZWHNZPVBP-AFARHQOCSA-N,2014,Ki,6.838003
YMJIJWNRDYCZCK-UHFFFAOYSA-N,2023,Ki,7.530178
YMLDFYDEWIBRLP-UHFFFAOYSA-N,2016,Ki,7.494850
YMMKVLDFUKHZTJ-UTKZUKDTSA-N,2016,Ki,8.860121
YMMKVLDFUKHZTJ-UWJYYQICSA-N,2016,Ki,8.000000
YMPBYYINMWNUQV-IYARVYRRSA-N,2013,Ki,7.939302
YMPQHVKYSIVZTH-UHFFFAOYSA-N,2022,Ki,5.970000
YMRDVYNNWZFRFP-UHFFFAOYSA-N,2020,Ki,6.709965
YMTINGFKWWXKFG-UHFFFAOYSA-N,,IC50,3.861593
YMTINGFKWWXKFG-UHFFFAOYSA-N,,Ki,4.330599
YMUDLHBKUTXRGL-UHFFFAOYSA-N,2015,Ki,8.356547
YMYZKGIHGMHZDL-WDAWEKNVSA-N,2005,Ki,6.213959
YNFSCXRNIRPEPV-RBUKOAKNSA-N,2023,Ki,8.136677
YNJUKWRUPNSFLS-UHFFFAOYSA-N,1996,Ki,6.099999
YNKTYKVRVVWGRV-UHFFFAOYSA-N,2019,Ki,7.089909
YNKTYKVRVVWGRV-UHFFFAOYSA-N,2020,Ki,7.089909
YNNUSGIPVFPVBX-NHCUHLMSSA-N,,IC50,8.134600
YNNUSGIPVFPVBX-NHCUHLMSSA-N,,Ki,8.603626
YNOWHDNGRNBDQJ-UHFFFAOYSA-N,2023,Ki,9.468521
YNPHJHPQIGUKLL-UHFFFAOYSA-N,2001,IC50,5.714443
YNSPDEYTWHJYJV-KESTWPANSA-N,2014,Ki,7.978811
YNSPDEYTWHJYJV-KESTWPANSA-N,2014,Ki,7.978811
YNVKFHIWFDRVNY-UHFFFAOYSA-N,2012,IC50,6.020907
YNVKFHIWFDRVNY-UHFFFAOYSA-N,2012,Ki,6.549751
YNWOBTVVUPPFAD-UHFFFAOYSA-N,2015,Ki,8.508638
YNWOVSGFFVVSBU-UQTQIZBZSA-N,2013,Ki,7.739929
YNWOXNVJEXAREA-UHFFFAOYSA-N,2016,Ki,5.864231
YNYDYHAGYPXNNN-SAABIXHNSA-N,2020,Ki,9.698970
YNYDYHAGYPXNNN-SAABIXHNSA-N,2022,Ki,9.698970
YOAZLAJFKSOXOC-PAVFIEEWSA-N,2023,Ki,9.537602
YOHLTWMPXNQOAA-UHFFFAOYSA-N,2021,IC50,6.109998
YOILXOMTHPUMRG-JSGCOSHPSA-N,2020,Ki,5.250264
YOILXOMTHPUMRG-PUODRLBUSA-N,2003,Ki,8.958607
YOILXOMTHPUMRG-TZMCWYRMSA-N,2000,Ki,8.853872
YOILXOMTHPUMRG-TZMCWYRMSA-N,2000,Ki,7.107905
YOILXOMTHPUMRG-TZMCWYRMSA-N,2005,Ki,8.849858
YOILXOMTHPUMRG-TZMCWYRMSA-N,2019,Ki,8.772113
YOILXOMTHPUMRG-TZMCWYRMSA-N,2020,Ki,8.777284
YOILXOMTHPUMRG-TZMCWYRMSA-N,2021,Ki,8.739929
YOJUDLZOPHLXIK-WDDOOKFPSA-N,2023,Ki,8.987163
YOODWDNGWLMMGG-UHFFFAOYSA-N,2009,Ki,7.958607
YOPFVVBZYPEBHX-UHFFFAOYSA-N,2012,Ki,8.000000
YOQUNJDFYTYTTC-UHFFFAOYSA-N,2011,Ki,6.356547
YPEMPEGPBFGRNH-OAQYLSRUSA-N,2013,Ki,7.275724
YPKCWJPCWSVSDC-UHFFFAOYSA-N,2019,Ki,7.119186
YPKNRVSBLNMPFJ-UHFFFAOYSA-N,2014,Ki,7.853872
YPNBJNLSFKYUJW-HZCBDIJESA-N,2014,Ki,8.334419
YPNBJNLSFKYUJW-HZCBDIJESA-N,2014,Ki,8.334419
YPOPWNSAWBPGOR-UHFFFAOYSA-N,2013,Ki,7.229148
YPTOQNVZDNOBJQ-UHFFFAOYSA-N,2014,Ki,5.695941
YPXXSRYKHFAWBF-UHFFFAOYSA-N,2007,Ki,8.552842
YPXXSRYKHFAWBF-UHFFFAOYSA-N,2007,IC50,7.892790
YPXXSRYKHFAWBF-UHFFFAOYSA-N,2014,Ki,8.173925
YPXXSRYKHFAWBF-UHFFFAOYSA-N,2014,Ki,8.552842
YPXXSRYKHFAWBF-UHFFFAOYSA-N,2014,IC50,7.892790
YPXXSRYKHFAWBF-UHFFFAOYSA-N,2014,Ki,8.552842
YPXXSRYKHFAWBF-UHFFFAOYSA-N,2014,IC50,7.892790
YPZLXCVTFSPQSS-UHFFFAOYSA-N,2011,Ki,8.154902
YQJSOEKFOQHZGK-FAQVEIGNSA-N,2008,Ki,9.468521
YQJXEYCSOAXZLM-FQEVSTJZSA-N,2012,EC50,8.899629
YQKDABBJXATHLA-OCOZRVBESA-N,2019,Ki,6.853872
YQSDVKUMLQLWSX-UHFFFAOYSA-N,2021,Ki,5.932743
YQSDVKUMLQLWSX-UHFFFAOYSA-N,2021,Ki,6.009999
YQXATUVEKBYLGN-UHFFFAOYSA-N,2016,Ki,6.228413
YQZMYCFYXGYDEA-UHFFFAOYSA-N,1998,IC50,8.096910
YRCMSWAPYVIAQO-UHFFFAOYSA-N,2017,Ki,7.301030
YREYEVIYCVEVJK-UHFFFAOYSA-N,,IC50,5.633390
YREYEVIYCVEVJK-UHFFFAOYSA-N,,Ki,6.102373
YRIGEEYYMGNBLH-IBGZPJMESA-N,2023,Ki,6.046724
YRIPLGKCIYJQGV-SAIGFBBZSA-N,2014,Ki,7.982967
YRIPLGKCIYJQGV-SAIGFBBZSA-N,2014,Ki,7.982967
YRKOVTCEVBZCGK-ILBGXUMGSA-N,2021,Ki,7.801343
YRLIAFPIEWQNDG-UHFFFAOYSA-N,2007,Ki,8.799971
YRMKMEPMFOFXGH-UHFFFAOYSA-N,2009,IC50,8.821023
YRMKMEPMFOFXGH-UHFFFAOYSA-N,2009,Ki,8.920819
YRMKMEPMFOFXGH-UHFFFAOYSA-N,2015,Ki,9.036212
YROMCCIDISNCOF-UHFFFAOYSA-N,2008,Ki,8.400008
YRTKLZDQSKUCQM-UHFFFAOYSA-N,1999,Ki,6.634512
YRWLWGKTJCIUII-UHFFFAOYSA-N,2025,Ki,4.900000
YSDJOZOLDISODG-KYJUHHDHSA-N,2023,EC50,8.815309
YSHFOVKURWTKBI-UHFFFAOYSA-N,2019,Ki,7.659556
YSIFTTPUSXNYII-UHFFFAOYSA-N,2006,Ki,5.256569
YSOFLAUQLXWHBW-UHFFFAOYSA-N,2016,Ki,7.700057
YSOFLAUQLXWHBW-UHFFFAOYSA-N,2020,Ki,7.179799
YSQJEBUGELTUQM-ZDUSSCGKSA-N,2007,Ki,9.337242
YSXQGNHRJOWSCW-UHFFFAOYSA-N,2016,Ki,6.793174
YSXQGNHRJOWSCW-UHFFFAOYSA-N,2016,Ki,6.790003
YTBUMNNIZGPKLZ-IZZDOVSWSA-N,1999,Ki,8.400008
YTFBRHUULHGVDP-UHFFFAOYSA-N,2007,Ki,7.657577
YTGXGXKZORFSRT-UHFFFAOYSA-N,2016,Ki,9.440093
YTGXGXKZORFSRT-UHFFFAOYSA-N,2016,EC50,6.229148
YTGXGXKZORFSRT-UHFFFAOYSA-N,2016,IC50,7.200659
YTJBCMWEQPWTAA-UHFFFAOYSA-N,2018,Ki,6.549997
YTLHBRBFQQCIBL-UHFFFAOYSA-N,2019,Ki,7.031984
YTVQOUZRPPUHRV-UHFFFAOYSA-N,2016,Ki,8.400008
YTVQOUZRPPUHRV-UHFFFAOYSA-N,2019,Ki,8.349692
YTVQOUZRPPUHRV-UHFFFAOYSA-N,2020,Ki,8.349692
YTVZWXSONDLPSZ-UHFFFAOYSA-N,2005,Ki,4.920819
YTXILLIRPDSLHZ-BEFAXECRSA-N,2019,Ki,8.920819
YTXILLIRPDSLHZ-BEFAXECRSA-N,2020,Ki,8.920819
YTXILLIRPDSLHZ-HNAYVOBHSA-N,2019,Ki,8.340084
YTXILLIRPDSLHZ-HNAYVOBHSA-N,2020,Ki,8.340084
YTXILLIRPDSLHZ-UHFFFAOYSA-N,2016,Ki,8.799971
YTXILLIRPDSLHZ-UHFFFAOYSA-N,2016,Ki,8.899974
YTXILLIRPDSLHZ-UHFFFAOYSA-N,2016,Ki,8.299989
YTXILLIRPDSLHZ-UHFFFAOYSA-N,2016,Ki,8.700057
YTXILLIRPDSLHZ-UHFFFAOYSA-N,2019,Ki,8.690370
YTXILLIRPDSLHZ-UHFFFAOYSA-N,2020,Ki,8.690370
YUMDWQNKTSWTQP-UHFFFAOYSA-N,2017,Ki,5.319664
YUMQWMQAMSUQRF-DWPDDBJKSA-N,2014,Ki,8.397940
YUMQWMQAMSUQRF-DWPDDBJKSA-N,2014,Ki,8.397940
YUMQWMQAMSUQRF-OMWCLVHISA-N,2014,Ki,8.096910
YUMQWMQAMSUQRF-OMWCLVHISA-N,2014,Ki,8.096910
YUMQWMQAMSUQRF-QLVKKYPMSA-N,2014,Ki,8.221849
YUMQWMQAMSUQRF-QLVKKYPMSA-N,2014,Ki,8.221849
YUOYSSGZLHUBKV-UHFFFAOYSA-N,1999,Ki,7.599980
YUQSRDBNOFGTEH-KCZVDYSFSA-N,2023,Ki,9.769551
YUSWMAULDXZHPY-UHFFFAOYSA-N,2003,Ki,5.906228
YUXGGLCIOFCGBA-UHFFFAOYSA-N,2012,Ki,6.614394
YUYHUMKSDMTUIW-KRWDZBQOSA-N,2021,Ki,7.542118
YVBCMZPFSJOCJN-UHFFFAOYSA-N,2019,Ki,5.623788
YVEBIHRSAGYHFR-UHFFFAOYSA-N,2020,EC50,7.086186
YVEBIHRSAGYHFR-UHFFFAOYSA-N,2023,EC50,7.086186
YVEMSJWDFDTJQU-UHFFFAOYSA-N,2006,Ki,8.853872
YVEMSJWDFDTJQU-UHFFFAOYSA-N,2006,Ki,8.853872
YVENIGOVHPMTDH-UHFFFAOYSA-N,2012,Ki,7.500038
YVJKQMXANLEZJO-PKNBQFBNSA-N,2003,Ki,9.000000
YVKJVUJRJJSJAZ-UHFFFAOYSA-N,2008,Ki,8.356547
YVOIVVWXMHBXQF-UHFFFAOYSA-N,2007,Ki,7.400008
YVOSGVTYMLFWSK-UHFFFAOYSA-N,1999,Ki,6.251812
YVPBESDCGKPQTK-UHFFFAOYSA-N,2003,Ki,6.354578
YVQFTRVYMAREIA-UHFFFAOYSA-N,1996,Ki,8.850781
YVUQSNJEYSNKRX-UHFFFAOYSA-N,2022,Ki,8.602060
YVWGFJJVIYRZMN-SFHVURJKSA-N,2022,EC50,8.801343
YVWGGGGMRDLOGA-GOSISDBHSA-N,2000,Ki,5.899998
YVWRSMPIFCRHNU-VWUVLELUSA-N,2023,Ki,9.187087
YVXCFLFONVBIJR-UHFFFAOYSA-N,2006,Ki,8.585027
YVYNLGNFOSLQJL-UHFFFAOYSA-N,2010,Ki,8.031517
YWAYIZIRYOLBEC-UHFFFAOYSA-N,2003,Ki,5.000000
YWGRHHHDROUELZ-UHFFFAOYSA-N,2007,Ki,7.507240
YWOYXYWGFUHWBM-UHFFFAOYSA-N,2008,Ki,6.261140
YWTBTOHAYFANIT-UHFFFAOYSA-N,2009,Ki,9.292430
YWTBTOHAYFANIT-UHFFFAOYSA-N,2014,Ki,9.301030
YWTBTOHAYFANIT-UHFFFAOYSA-N,2014,Ki,9.301030
YWYZRJMGANXTJK-UHFFFAOYSA-N,2014,Ki,8.361511
YWYZRJMGANXTJK-UHFFFAOYSA-N,2014,Ki,8.361511
YXAYUWVURAQPQH-UHFFFAOYSA-N,2000,Ki,5.688246
YXGIYSCRDTWJRJ-MYKGNVCDSA-N,2014,Ki,8.036212
YXGIYSCRDTWJRJ-MYKGNVCDSA-N,2014,Ki,8.036212
YXHDKJBFDWZXHB-RBUKOAKNSA-N,2020,Ki,9.113509
YXHDKJBFDWZXHB-RBUKOAKNSA-N,2022,Ki,9.113509
YXHFQYAAKKMELH-UHFFFAOYSA-N,2021,Ki,7.749580
YXHFQYAAKKMELH-UHFFFAOYSA-N,2021,Ki,7.416801
YXLCOBLTAWMMRS-HUMDQVGNSA-N,2012,Ki,5.055517
YXLCOBLTAWMMRS-ZDRNMDQLSA-N,2012,Ki,4.443697
YXLLQNMKIDBOGH-NDEPHWFRSA-N,2014,Ki,5.387216
YXLLQNMKIDBOGH-UHFFFAOYSA-N,2014,Ki,5.036212
YXLMDXDARNJQRB-JCNLHEQBSA-N,2023,Ki,9.769551
YXMNLDHKEGETAO-UHFFFAOYSA-N,2020,EC50,7.229148
YXMNLDHKEGETAO-UHFFFAOYSA-N,2023,EC50,7.229148
YXMNLDHKEGETAO-UHFFFAOYSA-N,2023,EC50,7.229148
YXORYFHPDVVIAR-FXCIWXGGSA-N,2014,Ki,8.230623
YXORYFHPDVVIAR-FXCIWXGGSA-N,2014,Ki,8.230623
YYAHKCMGTOAAMI-UHFFFAOYSA-N,1997,Ki,5.463820
YYHXUDXIKZMUCQ-UHFFFAOYSA-N,1997,Ki,8.100015
YYLVZNFHPHPLKB-UHFFFAOYSA-N,2010,Ki,7.899974
YYUNYJZUIDSHML-AATRIKPKSA-N,2013,Ki,8.522879
YYWNRQZCPIMCAK-UHFFFAOYSA-N,2007,Ki,8.096910
YYWRRBMZAGSBNZ-UHFFFAOYSA-N,1997,Ki,6.080922
YZBUHABEHVWWRM-UILWBTOOSA-N,2014,Ki,8.344381
YZBUHABEHVWWRM-UILWBTOOSA-N,2014,Ki,8.344381
YZFWTZACSRHJQD-UHFFFAOYSA-N,,IC50,4.573424
YZFWTZACSRHJQD-UHFFFAOYSA-N,,Ki,5.042441
YZFYEFKQLBLPFJ-ALOJWSFFSA-N,1997,Ki,8.283997
YZGXFLYQBFUCHR-BHOHKKBBSA-N,2021,Ki,4.804100
YZGXFLYQBFUCHR-BHOHKKBBSA-N,2021,Ki,4.698970
YZIXUQBOLGXTJS-UHFFFAOYSA-N,2007,Ki,6.954677
YZIXUQBOLGXTJS-UHFFFAOYSA-N,2007,EC50,7.381952
YZIXUQBOLGXTJS-UHFFFAOYSA-N,2008,Ki,6.954677
YZMAJSYJKLQFNB-UHFFFAOYSA-N,2016,Ki,8.599980
YZMAJSYJKLQFNB-UHFFFAOYSA-N,2019,Ki,8.580044
YZMAJSYJKLQFNB-UHFFFAOYSA-N,2020,Ki,8.580044
YZNCNHWANPBHMC-UHFFFAOYSA-N,2015,Ki,8.261219
YZQXLVIDXVUDPY-UHFFFAOYSA-N,2002,Ki,8.366532
YZSGGHPNKSRPFF-DQMBHMMVSA-N,2020,Ki,9.275724
YZSGGHPNKSRPFF-DQMBHMMVSA-N,2022,Ki,9.275724
YZUDCCCPYDXRSM-ZDUSSCGKSA-N,2007,Ki,7.657577
YZVLQPHHXCJUBM-UHFFFAOYSA-N,2008,Ki,9.000000
YZWJNFUQGOYUQT-UHFFFAOYSA-N,2021,Ki,5.462559
YZWJNFUQGOYUQT-UHFFFAOYSA-N,2021,Ki,5.460000
ZAFAQAJYDSJNDH-UHFFFAOYSA-N,2019,Ki,8.349692
ZAFAQAJYDSJNDH-UHFFFAOYSA-N,2020,Ki,8.349692
ZAHWLODEKOTGDR-UHFFFAOYSA-N,2002,Ki,8.585027
ZAKQYSXDZKMEJJ-UHFFFAOYSA-N,1998,Ki,5.657577
ZAQRAMOSIJBUNZ-FRVXLURUSA-N,2010,Ki,7.500038
ZATCCWHVTMAUCE-IYARVYRRSA-N,2013,Ki,6.710857
ZAVNMUPCFJDCTL-UHFFFAOYSA-N,2020,EC50,8.366532
ZAVNMUPCFJDCTL-UHFFFAOYSA-N,2023,EC50,8.366532
ZAVVYZJMZVTMNK-UHFFFAOYSA-N,2017,Ki,8.008774
ZAVVYZJMZVTMNK-UHFFFAOYSA-N,2018,Ki,8.008774
ZAZPPOBRQFIKRC-UHFFFAOYSA-N,2011,Ki,8.795880
ZBFUMDILDZBFFX-DHYNVXFASA-N,2022,Ki,9.886057
ZBGYXTWHZHZMHW-UHFFFAOYSA-N,2020,Ki,6.530178
ZBMQPMVISGXIDJ-UHFFFAOYSA-N,2009,Ki,6.657577
ZBOKLEQSVNFDRU-ZWKOTPCHSA-N,2023,Ki,9.327902
ZBTNZGPMSDHVKB-UAPYVXQJSA-N,2023,Ki,9.522879
ZBZKFPABDUHJCS-ZJFPTPTDSA-N,2017,Ki,5.684030
ZCBADRQTPNSBSB-UHFFFAOYSA-N,2002,Ki,7.823909
ZCBXYIZYCUOYFO-FPOVZHCZSA-N,2017,Ki,7.494850
ZCDDPEAAEDRNJF-UHFFFAOYSA-N,1999,Ki,6.420216
ZCDUILRTHXKGRD-UAPYVXQJSA-N,2013,Ki,7.602234
ZCDUILRTHXKGRD-UAPYVXQJSA-N,2013,Ki,7.602234
ZCFZWLXSHRXGLG-UHFFFAOYSA-N,2010,Ki,8.100015
ZCJYRUIJZMZVJE-UHFFFAOYSA-N,2010,Ki,6.799998
ZCKIEICGPWNFBV-KSFYIVLOSA-N,2021,Ki,5.163676
ZCKIEICGPWNFBV-KSFYIVLOSA-N,2021,Ki,5.555955
ZCOCXUHOOHHYHC-UHFFFAOYSA-N,2007,Ki,6.647817
ZCOIFCGQTTYDFL-CMDGGOBGSA-N,1999,Ki,7.602060
ZCRJZGXULSARDJ-JCNLHEQBSA-N,2014,Ki,7.931072
ZCRJZGXULSARDJ-JCNLHEQBSA-N,2014,Ki,7.931072
ZCTATJJRGSGWBT-OJBMAJLDSA-N,2022,Ki,8.920819
ZCTLRJWCRUVTOB-CFFRYYMNSA-N,2021,Ki,7.101824
ZCTVOGWWMHRQLN-ONEGZZNKSA-N,2003,EC50,6.761954
ZCTVOGWWMHRQLN-ONEGZZNKSA-N,2005,Ki,8.823909
ZCTVOGWWMHRQLN-ONEGZZNKSA-N,2005,IC50,6.761954
ZCTVOGWWMHRQLN-ONEGZZNKSA-N,2005,Ki,8.823909
ZCTVOGWWMHRQLN-ONEGZZNKSA-N,2005,Ki,8.301030
ZCTVOGWWMHRQLN-ONEGZZNKSA-N,2007,Ki,8.823909
ZCTVOGWWMHRQLN-ONEGZZNKSA-N,2007,EC50,6.761954
ZCTVOGWWMHRQLN-ONEGZZNKSA-N,2013,Ki,8.229148
ZCVMWBYGMWKGHF-UHFFFAOYSA-N,,IC50,5.707080
ZCVMWBYGMWKGHF-UHFFFAOYSA-N,,Ki,6.175874
ZCVMWBYGMWKGHF-UHFFFAOYSA-N,2024,Ki,6.144402
ZCWMQWXQIIXTEH-UAPYVXQJSA-N,2013,Ki,8.111259
ZCWMQWXQIIXTEH-UAPYVXQJSA-N,2013,Ki,8.111259
ZCYVHRJTZKPWLB-UHFFFAOYSA-N,2025,Ki,7.550059
ZDDZCFWJYDZNBA-UHFFFAOYSA-N,2007,Ki,8.221126
ZDFGDUYZGMNXLU-IYARVYRRSA-N,2013,Ki,8.008774
ZDGYKEJTDUCVRG-UHFFFAOYSA-N,2015,Ki,7.732828
ZDHMFNGMBGJLNF-OFNKIYASSA-N,2016,Ki,8.739929
ZDHMFNGMBGJLNF-REWPJTCUSA-N,2016,Ki,7.700057
ZDHMHTKEGJLXMO-UHFFFAOYSA-N,2009,Ki,7.400008
ZDICBICTFYTIFR-UHFFFAOYSA-N,1997,Ki,5.744727
ZDOKZVOMQRCQDR-ALOJWSFFSA-N,2014,Ki,7.454693
ZDOKZVOMQRCQDR-ALOJWSFFSA-N,2014,Ki,7.454693
ZDQCZUNCBWFZGJ-UHFFFAOYSA-N,2015,Ki,7.954677
ZDQIWLYZMZKCKZ-UHFFFAOYSA-N,2007,Ki,9.240030
ZDSNNBAEOSSBQF-UHFFFAOYSA-N,2020,Ki,7.630784
ZDZVACBBQOTFIS-UHFFFAOYSA-N,1993,Ki,9.346787
ZDZWIQDJFWTDAM-GHTZIAJQSA-N,1999,Ki,8.500038
ZDZWIQDJFWTDAM-NQIIRXRSSA-N,1999,Ki,9.000000
ZDZWIQDJFWTDAM-NQIIRXRSSA-N,2011,Ki,8.698970
ZDZWIQDJFWTDAM-UHFFFAOYSA-N,1999,Ki,9.000000
ZEDJJTNDYYFYOC-UHFFFAOYSA-N,2017,Ki,7.175224
ZEDJJTNDYYFYOC-UHFFFAOYSA-N,2018,Ki,7.175224
ZEDZOJZPJMLGQC-UHFFFAOYSA-N,2021,Ki,5.832742
ZEHDEZWEFBOGNZ-UHFFFAOYSA-N,1999,Ki,7.709965
ZEJGFUORSVMUEP-XIRDDKMYSA-N,2023,Ki,9.795880
ZENBFJWQHFZSBC-UHFFFAOYSA-N,2008,Ki,7.400008
ZERNPQRYLXBKKZ-XUTJKUGGSA-N,2013,Ki,8.443697
ZEUBNARLFXEIJD-UHFFFAOYSA-N,2023,Ki,9.698970
ZEZPYBMUPDTITR-UHFFFAOYSA-N,2009,Ki,6.399997
ZFACTJHKUXTZMC-UHFFFAOYSA-N,2016,Ki,9.000000
ZFACTJHKUXTZMC-UHFFFAOYSA-N,2019,Ki,8.970616
ZFACTJHKUXTZMC-UHFFFAOYSA-N,2020,Ki,8.970616
ZFDWAPWETDMDSZ-UHFFFAOYSA-N,1998,Ki,7.136677
ZFEFDWZMIMRBOX-UHFFFAOYSA-N,1996,Ki,8.899974
ZFGRMWBYHAUOCE-UHFFFAOYSA-N,1997,Ki,8.199971
ZFIFMHZQHDPZDW-JSOSNVBQSA-N,2023,Ki,6.657577
ZFIFMHZQHDPZDW-JSOSNVBQSA-N,2023,IC50,6.409995
ZFIFMHZQHDPZDW-JSOSNVBQSA-N,2023,EC50,6.413413
ZFJFYIOSTLFWJR-UHFFFAOYSA-N,2013,Ki,5.783043
ZFMUBWAYZJMZAS-UHFFFAOYSA-N,2017,Ki,7.591760
ZFMUBWAYZJMZAS-UHFFFAOYSA-N,2019,Ki,7.591760
ZFNISNPBEQEQHE-OKDASEJXSA-N,2014,Ki,8.099742
ZFNISNPBEQEQHE-OKDASEJXSA-N,2014,Ki,8.099742
ZFSOBPVEIKTNQS-CHWSQXEVSA-N,1996,Ki,8.958607
ZFSOBPVEIKTNQS-CHWSQXEVSA-N,1999,Ki,7.599980
ZFYHDORWLOTBMB-LYXWCMDISA-N,2022,Ki,9.236572
ZGEMRFRKWCDFJH-UHFFFAOYSA-N,1995,Ki,9.299989
ZGEMRFRKWCDFJH-UHFFFAOYSA-N,2005,Ki,9.299989
ZGFFHDZTIIMMPT-BZSNNMDCSA-N,2023,Ki,9.638272
ZGKBKGOWPHSOQL-UHFFFAOYSA-N,2017,Ki,8.568636
ZGKBKGOWPHSOQL-UHFFFAOYSA-N,2018,Ki,8.568636
ZGKITGMYHCRUFD-UHFFFAOYSA-N,2010,Ki,6.699992
ZGQPGQJTWRUHLR-UHFFFAOYSA-N,2014,Ki,8.193820
ZGSHIAJEAFZHNC-UHFFFAOYSA-N,2008,Ki,9.337242
ZGSHIAJEAFZHNC-UHFFFAOYSA-N,2008,Ki,8.552842
ZGSHIAJEAFZHNC-UHFFFAOYSA-N,2008,Ki,7.725842
ZGSHIAJEAFZHNC-UHFFFAOYSA-N,2008,EC50,10.096910
ZGUGWUXLJSTTMA-UHFFFAOYSA-N,,IC50,6.688246
ZGUGWUXLJSTTMA-UHFFFAOYSA-N,,Ki,7.161151
ZGUKBYAGUXPWLB-RMDSEJHCSA-N,2022,Ki,6.481486
ZHDNXHKBRYCOSE-UHFFFAOYSA-N,1997,Ki,7.508638
ZHDNXHKBRYCOSE-UHFFFAOYSA-N,2005,Ki,7.510042
ZHKSBEBKWSIVCL-UHFFFAOYSA-N,2010,IC50,6.605548
ZHLBCCKGUNFWNS-UHFFFAOYSA-N,2014,Ki,8.193820
ZHMQRCVCUPPSNG-UHFFFAOYSA-N,2006,Ki,7.917215
ZHQUFEJLPBTKSM-WVPZODRTSA-N,2003,Ki,8.400008
ZHQUFEJLPBTKSM-WVPZODRTSA-N,2005,Ki,8.400117
ZHQUFEJLPBTKSM-WVPZODRTSA-N,2007,Ki,9.199971
ZHXHPEMSGWDXAG-SAIGFBBZSA-N,2014,Ki,8.596879
ZHXHPEMSGWDXAG-SAIGFBBZSA-N,2014,Ki,8.596879
ZIAICQQANCNQNU-JLHYYAGUSA-N,2003,Ki,9.161151
ZIAICQQANCNQNU-JLHYYAGUSA-N,2010,Ki,9.468521
ZIAICQQANCNQNU-JLHYYAGUSA-N,2010,EC50,8.408935
ZINAGLZHGNCAAM-XMMPIXPASA-N,1996,Ki,6.299998
ZINLARKOVIPOJW-UHFFFAOYSA-N,1999,Ki,6.699992
ZINLARKOVIPOJW-UHFFFAOYSA-N,2002,Ki,6.699992
ZIQDGXNDXRMRPM-HTAPYJJXSA-N,2016,Ki,9.379968
ZIQDGXNDXRMRPM-HTAPYJJXSA-N,2016,Ki,9.240030
ZIQDGXNDXRMRPM-JTSKRJEESA-N,2016,Ki,8.489991
ZIQDGXNDXRMRPM-JTSKRJEESA-N,2016,Ki,8.029979
ZIQDGXNDXRMRPM-VGOFRKELSA-N,2016,Ki,8.209996
ZIQDGXNDXRMRPM-VGOFRKELSA-N,2016,Ki,8.179996
ZIQDGXNDXRMRPM-VGSWGCGISA-N,2016,Ki,8.980053
ZIQDGXNDXRMRPM-VGSWGCGISA-N,2016,Ki,7.140022
ZIVBQUNYSGOUKO-UHFFFAOYSA-N,1996,Ki,7.180456
ZIVBQUNYSGOUKO-UHFFFAOYSA-N,1997,Ki,7.199971
ZIXSDYOKURBREP-IYARVYRRSA-N,2023,Ki,9.886057
ZIYZADXWTXYQKL-HCGLCNNCSA-N,1997,Ki,7.070581
ZJADORDBVJWZKV-MLCQCVOFSA-N,2013,Ki,8.522879
ZJADORDBVJWZKV-SSGKUCQKSA-N,2013,Ki,8.443697
ZJADORDBVJWZKV-SSGKUCQKSA-N,2013,Ki,8.568636
ZJAXDNQQFMPNAV-UHFFFAOYSA-N,2017,Ki,6.838632
ZJAXDNQQFMPNAV-UHFFFAOYSA-N,2021,Ki,6.838632
ZJBDUXLBLPXVOM-UHFFFAOYSA-N,2008,Ki,8.100015
ZJCJUHTYZBBRTE-SNAWJCMRSA-N,2013,Ki,8.420216
ZJCPSCHGZIVAIV-GOSISDBHSA-N,2017,Ki,5.869666
ZJQAMIJDWJOQRB-UHFFFAOYSA-N,2017,Ki,7.920819
ZJQAMIJDWJOQRB-UHFFFAOYSA-N,2017,EC50,7.508638
ZJQAMIJDWJOQRB-UHFFFAOYSA-N,2017,EC50,7.510042
ZJQBHEYWXVCZGD-UHFFFAOYSA-N,2014,Ki,8.229148
ZJRXUBXQPXFSRJ-UHFFFAOYSA-N,2002,Ki,6.534617
ZJUHEDMNUHRHQM-XUTJKUGGSA-N,2014,Ki,8.508638
ZJUHEDMNUHRHQM-XUTJKUGGSA-N,2014,Ki,8.508638
ZJULUTHVMWQMLJ-HNNXBMFYSA-N,2005,Ki,5.440000
ZJULUTHVMWQMLJ-OAHLLOKOSA-N,2005,Ki,4.920000
ZJUQDFIINDCGDS-UAPYVXQJSA-N,2013,Ki,8.505845
ZJUQDFIINDCGDS-UAPYVXQJSA-N,2013,Ki,8.505845
ZKIAIYBUSXZPLP-UHFFFAOYSA-N,2024,Ki,7.982132
ZKIPGLALAMDBLY-UHFFFAOYSA-N,1997,Ki,8.299989
ZKIQTIIYWKTIGZ-GUJKFWMDSA-N,2023,Ki,9.443697
ZKLWDLIUAFTPCZ-UHFFFAOYSA-N,2021,Ki,6.543634
ZKLWDLIUAFTPCZ-UHFFFAOYSA-N,2021,Ki,6.540005
ZKRWPAYTJMRKLJ-BTYIYWSLSA-N,2015,Ki,8.501689
ZKRWPAYTJMRKLJ-UHFFFAOYSA-N,2010,Ki,6.900009
ZKRWPAYTJMRKLJ-UHFFFAOYSA-N,2010,Ki,8.799971
ZKRWPAYTJMRKLJ-UHFFFAOYSA-N,2010,Ki,8.899974
ZKRZZKIVIDSCSL-VTIYRKAUSA-N,2023,Ki,7.275724
ZKRZZKIVIDSCSL-VTIYRKAUSA-N,2023,IC50,7.040005
ZKRZZKIVIDSCSL-VTIYRKAUSA-N,2023,EC50,7.041436
ZKVBATRJUREUMS-UHFFFAOYSA-N,2016,Ki,6.900009
ZKVLCVQFJYHODC-UHFFFAOYSA-N,2018,Ki,8.468521
ZKXPPFSIRYLWQE-UHFFFAOYSA-N,2006,Ki,9.721246
ZKXPPFSIRYLWQE-UHFFFAOYSA-N,2006,Ki,8.522879
ZKXPPFSIRYLWQE-UHFFFAOYSA-N,2010,Ki,9.309804
ZKZFPRUSWCYSGT-UHFFFAOYSA-N,1997,Ki,8.744727
ZLAONGKKHFSBFL-UHFFFAOYSA-N,2008,Ki,8.700057
ZLCMXGBHHVUFEP-UHFFFAOYSA-N,2009,Ki,5.820000
ZLEOJNLZAQGTPM-AWEZNQCLSA-N,2001,Ki,5.065502
ZLEOJNLZAQGTPM-AWEZNQCLSA-N,2005,Ki,5.070000
ZLEOJNLZAQGTPM-CQSZACIVSA-N,2001,Ki,5.853872
ZLEOJNLZAQGTPM-CQSZACIVSA-N,2005,Ki,5.849999
ZLLPRPCSBDCTBZ-UHFFFAOYSA-N,1997,Ki,5.920819
ZLQMLDGHTKCIRQ-AOMKIAJQSA-N,2003,Ki,6.130768
ZLQMLDGHTKCIRQ-AOMKIAJQSA-N,2003,Ki,6.853872
ZLQMLDGHTKCIRQ-ZHRRBRCNSA-N,2003,Ki,6.886057
ZLQMLDGHTKCIRQ-ZHRRBRCNSA-N,2003,Ki,6.408935
ZLRJVNFLDHERMS-UHFFFAOYSA-N,1999,Ki,7.299989
ZLSIXWCLVGKULN-CZUORRHYSA-N,1997,Ki,6.299998
ZLSSQJVDFDOQOK-AQYVVDRMSA-N,2020,Ki,10.193820
ZLSSQJVDFDOQOK-AQYVVDRMSA-N,2022,Ki,10.193820
ZLTIKXYTELEOBL-UHFFFAOYSA-N,2016,Ki,6.465974
ZLTIKXYTELEOBL-UHFFFAOYSA-N,2016,Ki,6.470005
ZLUCWPDQINEIOK-UHFFFAOYSA-N,2014,Ki,6.744727
ZLUNFIBGQZUIIC-UHFFFAOYSA-N,2009,Ki,6.900009
ZLUNFIBGQZUIIC-UHFFFAOYSA-N,2009,Ki,6.900009
ZLVAAOLZQMSQAG-UHFFFAOYSA-N,1996,Ki,6.675718
ZLYZZQJTZBMSMX-DEOSSOPVSA-N,2010,Ki,9.721246
ZLYZZQJTZBMSMX-UHFFFAOYSA-N,2010,Ki,9.397940
ZMDOIQGPLNKPIO-UHFFFAOYSA-N,2021,Ki,6.075566
ZMEYWYCGMCZGRN-UHFFFAOYSA-N,2019,Ki,6.363512
ZMEYWYCGMCZGRN-UHFFFAOYSA-N,2019,Ki,6.109579
ZMJYDZCRICPTFL-MGFGWZDJSA-N,2003,Ki,8.700057
ZMTGTGUFQFSUCN-UHFFFAOYSA-N,2014,Ki,8.886057
ZMTGTGUFQFSUCN-UHFFFAOYSA-N,2014,Ki,8.886057
ZMVCPWQWTYDCHV-UHFFFAOYSA-N,2011,Ki,7.508638
ZMVDAQVAKLTNRL-UHFFFAOYSA-N,2009,Ki,8.468521
ZMVDAQVAKLTNRL-UHFFFAOYSA-N,2009,Ki,8.096910
ZMVDAQVAKLTNRL-UHFFFAOYSA-N,2009,Ki,6.494850
ZMVDAQVAKLTNRL-UHFFFAOYSA-N,2009,Ki,6.366532
ZMVDAQVAKLTNRL-UHFFFAOYSA-N,2009,Ki,6.130768
ZMVDAQVAKLTNRL-UHFFFAOYSA-N,2009,Ki,6.187087
ZMVDAQVAKLTNRL-UHFFFAOYSA-N,2009,Ki,7.585027
ZMVDAQVAKLTNRL-UHFFFAOYSA-N,2009,Ki,7.769551
ZMVDAQVAKLTNRL-UHFFFAOYSA-N,2009,Ki,7.744727
ZMVMIDCCNZYMFG-UHFFFAOYSA-N,1998,Ki,7.371611
ZMYOIZHRXABMFZ-ONEGZZNKSA-N,2005,Ki,9.154902
ZMYOIZHRXABMFZ-ONEGZZNKSA-N,2005,Ki,9.154902
ZMYOIZHRXABMFZ-ONEGZZNKSA-N,2005,Ki,8.675718
ZMYOIZHRXABMFZ-ONEGZZNKSA-N,2005,IC50,8.521434
ZMYOIZHRXABMFZ-ONEGZZNKSA-N,2007,Ki,9.154902
ZMYOIZHRXABMFZ-ONEGZZNKSA-N,2007,IC50,8.522879
ZMYOIZHRXABMFZ-ONEGZZNKSA-N,2011,Ki,9.154902
ZMYOIZHRXABMFZ-ONEGZZNKSA-N,2015,Ki,9.500313
ZNBOBGDGUIWKPE-UHFFFAOYSA-N,1998,Ki,6.060231
ZNDQQIIBZBVUEP-QAQDUYKDSA-N,2023,Ki,9.508638
ZNJRNDKOAPREMV-UHFFFAOYSA-N,1999,Ki,5.958607
ZNVJBKVJJHNRRV-UHFFFAOYSA-N,1999,Ki,6.368556
ZNWNWWLWFCCREO-UHFFFAOYSA-N,1996,Ki,5.653647
ZNZYEIAZHCDSRA-UHFFFAOYSA-N,2014,Ki,7.508638
ZOGCPCPBHXLAHX-UHFFFAOYSA-N,2009,Ki,6.549997
ZOJYMCBGKBJTGD-RVZUZXSLSA-N,2014,Ki,7.774691
ZOJYMCBGKBJTGD-RVZUZXSLSA-N,2014,Ki,7.774691
ZOLLYWYZUBUMOY-UHFFFAOYSA-N,2002,Ki,8.221849
ZORLJXWXFABTPZ-CTNGQTDRSA-N,2021,Ki,6.313435
ZORLJXWXFABTPZ-CTNGQTDRSA-N,2021,Ki,6.390000
ZPDRTNMTNCGFSU-UHFFFAOYSA-N,2020,Ki,6.973467
ZPEAQOHSKIPYKV-MXVIHJGJSA-N,2013,Ki,8.396856
ZPEIMTDSQAKGNT-UHFFFAOYSA-N,2003,Ki,8.522879
ZPEIMTDSQAKGNT-UHFFFAOYSA-N,2007,Ki,8.799971
ZPEIMTDSQAKGNT-UHFFFAOYSA-N,2009,Ki,8.161151
ZPEIMTDSQAKGNT-UHFFFAOYSA-N,,IC50,7.920819
ZPEIMTDSQAKGNT-UHFFFAOYSA-N,,Ki,8.376234
ZPEIMTDSQAKGNT-UHFFFAOYSA-N,2012,Ki,8.420216
ZPEIMTDSQAKGNT-UHFFFAOYSA-N,2014,Ki,8.480041
ZPEIMTDSQAKGNT-UHFFFAOYSA-N,2014,Ki,8.481486
ZPEIMTDSQAKGNT-UHFFFAOYSA-N,2016,Ki,7.958607
ZPEIMTDSQAKGNT-UHFFFAOYSA-N,2018,Ki,8.119186
ZPEIMTDSQAKGNT-UHFFFAOYSA-N,2018,Ki,7.830032
ZPEIMTDSQAKGNT-UHFFFAOYSA-N,2023,Ki,7.958607
ZPKSRLSDLZMHEP-WUFINQPMSA-N,2023,Ki,6.607303
ZPMKYPOYZYLBSN-UHFFFAOYSA-N,2007,Ki,8.369979
ZPNCBCHKBMWQEH-JCNLHEQBSA-N,2013,Ki,7.670399
ZPNCBCHKBMWQEH-JCNLHEQBSA-N,2013,Ki,7.670399
ZPVPYUKSPMCCQN-UHFFFAOYSA-N,2006,Ki,5.891097
ZPVXYYUZSYUVBO-KESTWPANSA-N,2014,Ki,8.519993
ZPVXYYUZSYUVBO-KESTWPANSA-N,2014,Ki,8.519993
ZPZJOEGHLORCHV-UHFFFAOYSA-N,2009,Ki,8.599980
ZPZJOEGHLORCHV-UHFFFAOYSA-N,2009,Ki,8.599980
ZQAMNGCYKZHATK-UHFFFAOYSA-N,1997,Ki,9.299989
ZQBFPGSJRSEUAX-UHFFFAOYSA-N,2007,Ki,9.301030
ZQBFPGSJRSEUAX-UHFFFAOYSA-N,2007,IC50,8.267606
ZQBFPGSJRSEUAX-UHFFFAOYSA-N,2007,EC50,8.468521
ZQBFPGSJRSEUAX-UHFFFAOYSA-N,2014,Ki,9.301030
ZQBFPGSJRSEUAX-UHFFFAOYSA-N,2014,Ki,9.301030
ZQEBKQUIKOLFRO-UHFFFAOYSA-N,2006,Ki,6.267606
ZQEBKQUIKOLFRO-UHFFFAOYSA-N,2007,Ki,6.270001
ZQIADMORWXCKPH-UHFFFAOYSA-N,2009,Ki,7.000000
ZQKCHIRJVKTOHH-UHFFFAOYSA-N,2020,EC50,5.356547
ZQUYISBPDUWNLC-UHFFFAOYSA-N,2021,IC50,4.910000
ZQZUTJSBLPRYPL-XBTDCMMSSA-N,2013,Ki,7.730487
ZRAVHLYAOHIXOD-UHFFFAOYSA-N,2009,Ki,6.199998
ZRBHAKYJDKFUAO-UHFFFAOYSA-N,2010,Ki,7.568636
ZRDGENRQQWKSHG-OJBMAJLDSA-N,2014,Ki,7.916139
ZRDGENRQQWKSHG-OJBMAJLDSA-N,2014,Ki,7.916139
ZRMVCTOEWAWOLM-UHFFFAOYSA-N,2006,Ki,9.045757
ZRPHNBZAKYUMQJ-UHFFFAOYSA-N,2006,Ki,7.402305
ZRQADOCXGLFZJC-OXJNMPFZSA-N,2019,Ki,8.379864
ZRQADOCXGLFZJC-OXJNMPFZSA-N,2020,Ki,8.379864
ZRQADOCXGLFZJC-UHFFFAOYSA-N,2016,Ki,6.699992
ZRQADOCXGLFZJC-UHFFFAOYSA-N,2016,Ki,8.400008
ZRQADOCXGLFZJC-UHFFFAOYSA-N,2016,Ki,8.100015
ZRQADOCXGLFZJC-UHFFFAOYSA-N,2019,Ki,8.119758
ZRQADOCXGLFZJC-UHFFFAOYSA-N,2020,Ki,8.119758
ZRQMUCDHVVOENY-UHFFFAOYSA-N,2021,Ki,7.799971
ZRQMUCDHVVOENY-UHFFFAOYSA-N,2021,EC50,7.799971
ZRSYGNXIJUXTIX-UHFFFAOYSA-N,2023,Ki,10.408935
ZRWGXXAMGVLDQT-UHFFFAOYSA-N,1995,Ki,6.160522
ZSHABDJGHVJYOC-HKNRPGJNSA-N,1996,Ki,7.599980
ZSNLCMKFRUHLTG-YLIUREIVSA-N,2023,Ki,9.236572
ZSOAASMDFMEZPH-WGSAOQKQSA-N,1997,Ki,8.366532
ZTBBOIYRZHAFIN-UHFFFAOYSA-N,2012,Ki,6.176526
ZTBBOIYRZHAFIN-UHFFFAOYSA-N,2014,Ki,6.175224
ZTEUONPYEGTUMM-FCHUYYIVSA-N,2023,Ki,8.075721
ZTGGPHRIDWWDQW-UHFFFAOYSA-N,2003,Ki,8.036212
ZTGUCZSPLRNTRO-UHFFFAOYSA-N,1998,IC50,6.148742
ZTIHCPRBAJJIRW-SAIGFBBZSA-N,2014,Ki,8.437707
ZTIHCPRBAJJIRW-SAIGFBBZSA-N,2014,Ki,8.437707
ZTKKAIYXNICILE-MXVIHJGJSA-N,2016,Ki,10.236572
ZTNICFPCCSHZEL-XYWHTSSQSA-N,2014,Ki,8.421361
ZTNICFPCCSHZEL-XYWHTSSQSA-N,2014,Ki,8.421361
ZTPVZJYMOVCRTF-RUCARUNLSA-N,2014,Ki,8.304168
ZTPVZJYMOVCRTF-RUCARUNLSA-N,2014,Ki,8.304168
ZTSFFHIKWHSHGP-UHFFFAOYSA-N,2008,Ki,7.500038
ZTUVVTSLJSCZMY-UAPYVXQJSA-N,2020,Ki,10.022276
ZTUVVTSLJSCZMY-UAPYVXQJSA-N,2022,Ki,10.022276
ZUARVBUFFCRJPZ-UHFFFAOYSA-N,2017,EC50,8.130768
ZUARVBUFFCRJPZ-UHFFFAOYSA-N,2017,EC50,8.585027
ZUARVBUFFCRJPZ-UHFFFAOYSA-N,2017,EC50,8.580044
ZUBZEOWJXKKPSY-GHTZIAJQSA-N,2010,Ki,8.799971
ZUGNJYHFOIGGOO-UHFFFAOYSA-N,2011,Ki,7.214670
ZULQKQGLUORZDC-HSGWXFLFSA-N,2010,Ki,9.292430
ZULQKQGLUORZDC-UHFFFAOYSA-N,2009,Ki,9.000000
ZULQKQGLUORZDC-UHFFFAOYSA-N,2009,Ki,9.100015
ZULQKQGLUORZDC-UHFFFAOYSA-N,2009,Ki,9.100015
ZUOIZLRETXHGDT-UHFFFAOYSA-N,2014,Ki,7.086186
ZUWVCRLPWWEGRD-LBVTXTQZSA-N,2021,Ki,5.764472
ZUWVCRLPWWEGRD-LBVTXTQZSA-N,2021,Ki,5.638272
ZUWVCRLPWWEGRD-LBVTXTQZSA-N,2021,IC50,5.700001
ZUXITOJFACOGFP-UHFFFAOYSA-N,1995,Ki,8.096910
ZUXITOJFACOGFP-UHFFFAOYSA-N,2013,Ki,8.096910
ZVAZCHZCMGUSFW-WUFINQPMSA-N,2023,Ki,5.568636
ZVHOLIZEVQEFBP-UHFFFAOYSA-N,1997,Ki,6.333482
ZVIRWXRCUVYDPI-UHFFFAOYSA-N,2007,Ki,9.100015
ZVKININMNUXUKG-UHFFFAOYSA-N,2017,EC50,7.730487
ZVKININMNUXUKG-UHFFFAOYSA-N,2017,EC50,7.823909
ZVKININMNUXUKG-UHFFFAOYSA-N,2017,EC50,7.819874
ZVPRVTLQVCJGOP-UHFFFAOYSA-O,2013,Ki,7.832683
ZVQUCWXZCKWZBP-CQSZACIVSA-N,2024,Ki,6.058200
ZVQVWCQOAHBIGN-UHFFFAOYSA-N,2009,Ki,6.900009
ZWBIIYBHVNHQOG-UHFFFAOYSA-N,2009,Ki,8.799971
ZWCUBCGFLWXFOM-HUUCEWRRSA-N,2009,Ki,5.480000
ZWHFNBRLUSRMFB-UHFFFAOYSA-N,2008,Ki,7.199971
ZWINHZKEJACBFT-GCJKJVERSA-N,2016,Ki,9.219971
ZWINHZKEJACBFT-GCJKJVERSA-N,2016,Ki,9.270026
ZWLRISKBHMJXJU-UAPYVXQJSA-N,2023,Ki,9.769551
ZWNMRUMCFKVOHJ-UHFFFAOYSA-N,2023,Ki,6.721246
ZWPVOADZQCQUKW-UHFFFAOYSA-N,2023,Ki,9.017729
ZWPVOADZQCQUKW-UHFFFAOYSA-N,2023,EC50,7.799971
ZWPVOADZQCQUKW-UHFFFAOYSA-N,2023,EC50,7.795337
ZWPVOADZQCQUKW-UHFFFAOYSA-N,2023,IC50,7.890084
ZWPVOADZQCQUKW-UHFFFAOYSA-N,2023,IC50,7.888401
ZWQWAFWCHCIHEO-BQYQJAHWSA-N,2020,EC50,7.638272
ZWVAIFKVPKWGLE-UHFFFAOYSA-N,2003,Ki,5.848018
ZWWQCBHVDHZKGR-UHFFFAOYSA-N,2003,Ki,5.000000
ZXEXODRNGHENCD-LSNLESRRSA-N,2014,Ki,7.938548
ZXEXODRNGHENCD-LSNLESRRSA-N,2014,Ki,7.938548
ZXIPYIPSODOSDY-UHFFFAOYSA-N,2006,Ki,7.995679
ZXKDQKMGPBQZPF-UHFFFAOYSA-N,2000,Ki,5.075721
ZXLUAMSMIJONAJ-UHFFFAOYSA-N,2021,Ki,6.910095
ZXLUAMSMIJONAJ-UHFFFAOYSA-N,2021,Ki,6.910095
ZXMMZWMGSDPKNA-UHFFFAOYSA-N,2007,Ki,7.301030
ZXMQIPPBQZMPBZ-NQIIRXRSSA-N,2017,Ki,8.607303
ZXYDGAXWWXINKE-UHFFFAOYSA-N,2016,Ki,9.100015
ZXYDGAXWWXINKE-UHFFFAOYSA-N,2019,Ki,9.070070
ZXYDGAXWWXINKE-UHFFFAOYSA-N,2020,Ki,9.070070
ZXZSMMMPXXEGFH-UHFFFAOYSA-N,2010,Ki,7.275724
ZYBLSQVXWVJACW-UHFFFAOYSA-N,1998,Ki,7.131944
ZYBLSQVXWVJACW-UHFFFAOYSA-N,2013,Ki,7.723538
ZYDBRNKSTBPXRH-QAQDUYKDSA-N,2020,Ki,9.698970
ZYDBRNKSTBPXRH-QAQDUYKDSA-N,2022,Ki,9.698970
ZYDNGTNCSKSGGI-SNAWJCMRSA-N,2013,Ki,8.431798
ZYJQELHTQSMKFH-UHFFFAOYSA-N,2017,Ki,7.769551
ZYJQELHTQSMKFH-UHFFFAOYSA-N,2017,EC50,7.721246
ZYJQELHTQSMKFH-UHFFFAOYSA-N,2017,EC50,7.730020
ZYNARRKYWSBPBI-UHFFFAOYSA-N,2014,Ki,7.408935
ZYOHPRMTOCMZRK-IBGZPJMESA-N,2010,Ki,8.583359
ZYOHPRMTOCMZRK-IBGZPJMESA-N,2010,EC50,9.307153
ZYPHLHODRPNBKX-UHFFFAOYSA-N,2017,Ki,6.102373
ZYVXMBZAPDQCJH-UHFFFAOYSA-N,2009,Ki,6.199998
ZYXIICVCCTVXCC-QVXKZJQXSA-N,2012,Ki,5.823909
ZYXIICVCCTVXCC-ZLOLNMDISA-N,2012,Ki,5.275724
ZYXMVSPWOATGIW-UHFFFAOYSA-N,2012,Ki,6.229222
ZZAIPBCEUCKJJK-QOFSWEROSA-N,2000,Ki,8.500038
ZZDBZNUPBFQLAW-UHFFFAOYSA-N,2022,Ki,7.442493
ZZFIFEVVRSMBSF-UHFFFAOYSA-N,2005,Ki,9.283997
ZZFIFEVVRSMBSF-UHFFFAOYSA-N,2005,EC50,7.309981
ZZFIFEVVRSMBSF-UHFFFAOYSA-N,2007,Ki,9.522879
ZZFIFEVVRSMBSF-UHFFFAOYSA-N,2007,IC50,8.657577
ZZINMSOGWJONAI-UHFFFAOYSA-N,2025,Ki,5.599999
ZZJDFRAENYUPMH-RZFKFIIISA-N,2013,Ki,6.833570
ZZJYIKPMDIWRSN-HWBMXIPRSA-N,2014,Ki,10.397940
ZZJYIKPMDIWRSN-HWBMXIPRSA-N,2015,Ki,10.397940
ZZJYIKPMDIWRSN-HWBMXIPRSA-N,2016,IC50,8.795880
ZZJYIKPMDIWRSN-HWBMXIPRSA-N,2023,IC50,7.886057
ZZJYIKPMDIWRSN-SLSDLSHTSA-N,2017,IC50,8.795880
ZZJYIKPMDIWRSN-TZBSWOFLSA-N,2008,Ki,8.853872
ZZJYIKPMDIWRSN-TZBSWOFLSA-N,2008,IC50,8.180456
ZZJYIKPMDIWRSN-TZBSWOFLSA-N,2010,IC50,8.000000
ZZJYIKPMDIWRSN-TZBSWOFLSA-N,2013,IC50,8.920819
ZZJYIKPMDIWRSN-TZBSWOFLSA-N,2013,Ki,9.366532
ZZJYIKPMDIWRSN-TZBSWOFLSA-N,2013,IC50,8.721246
ZZJYIKPMDIWRSN-TZBSWOFLSA-N,2014,Ki,8.194499
ZZOGNBGGXVYUEA-IFMALSPDSA-N,2021,Ki,7.860121
ZZPOVHXVOVUVQC-FCJZXJKRSA-N,2000,Ki,8.299989
ZZWMQJQCXDWUTD-UHFFFAOYSA-N,2010,Ki,5.614215
ZZXVDSCUNRLYPT-UHFFFAOYSA-N,2006,Ki,8.080922
