inchikey,year,standard_type,pAct
AALWUTFIDZBLOW-UHFFFAOYSA-N,2002,Kd,7.700057
AAMSRIRJJDBNAA-ISIYWYIMSA-N,2010,IC50,9.568636
AAMSRIRJJDBNAA-ISIYWYIMSA-N,2010,IC50,10.221849
AAMSRIRJJDBNAA-ISIYWYIMSA-N,2010,IC50,8.677781
AAMSRIRJJDBNAA-ISIYWYIMSA-N,2010,IC50,9.420216
AAMSRIRJJDBNAA-ISIYWYIMSA-N,2010,IC50,9.420216
AAMSRIRJJDBNAA-ISIYWYIMSA-N,2010,IC50,10.221849
ABOQXCXLCHOJSM-UHFFFAOYSA-N,2001,IC50,9.107905
ABRLODMDKOBAGA-UHFFFAOYSA-N,1998,IC50,9.619789
ABUAYXONELMOKH-HMILPKGGSA-N,1995,IC50,7.480041
ABXDOBDGLYDVQT-NBGFENBTSA-N,1998,IC50,7.187087
ACFPRWCERXMNGY-SVJKDRGJSA-N,2009,IC50,9.929962
ACFPRWCERXMNGY-SVJKDRGJSA-N,2009,Ki,10.283997
ACHIPRVQHDLTIJ-NUCBDOEESA-N,2002,IC50,9.356547
ACHPJPBOPKYSRD-UHFFFAOYSA-N,1994,IC50,7.031517
ACJFETYSCBTCMR-UHFFFAOYSA-N,2001,IC50,8.119186
ACSJGOJPLODBLW-MDMXATFFSA-N,2002,IC50,8.187087
ACTGOTBFGXZMMT-GHRAFVERSA-N,2001,IC50,9.070581
ADILVWNDEWPECX-UHFFFAOYSA-N,1994,IC50,7.677781
ADNPLDHMAVUMIW-CUZNLEPHSA-N,2000,IC50,8.853872
ADNPLDHMAVUMIW-CUZNLEPHSA-N,2000,IC50,8.769551
ADNPLDHMAVUMIW-CUZNLEPHSA-N,2000,IC50,9.045757
ADNPLDHMAVUMIW-CUZNLEPHSA-N,2000,IC50,8.958607
ADNPLDHMAVUMIW-CUZNLEPHSA-N,1997,IC50,9.619789
ADNPLDHMAVUMIW-CUZNLEPHSA-N,1998,Ki,8.795880
ADNPLDHMAVUMIW-CUZNLEPHSA-N,2000,EC50,9.000000
ADNPLDHMAVUMIW-CUZNLEPHSA-N,2000,EC50,9.221849
ADNPLDHMAVUMIW-CUZNLEPHSA-N,1996,IC50,9.585027
ADNPLDHMAVUMIW-CUZNLEPHSA-N,1998,IC50,9.214670
ADNPLDHMAVUMIW-CUZNLEPHSA-N,2004,IC50,9.920819
ADNPLDHMAVUMIW-CUZNLEPHSA-N,2008,IC50,8.823909
ADNPLDHMAVUMIW-CUZNLEPHSA-N,2009,EC50,10.240030
ADNPLDHMAVUMIW-CUZNLEPHSA-N,2011,IC50,8.823909
ADNPLDHMAVUMIW-CUZNLEPHSA-N,2012,EC50,9.221849
ADPQCWUGLGBPRO-ISCRSJHHSA-N,2015,Ki,11.397940
ADVMQYYUVBVGSB-OGINWGRTSA-N,2007,IC50,10.045757
ADVMQYYUVBVGSB-OGINWGRTSA-N,2007,IC50,9.795880
ADVXLVRKUFJJTA-CYLPJFJESA-N,2009,IC50,11.569925
ADVXLVRKUFJJTA-CYLPJFJESA-N,2009,Ki,11.552842
ADXFJIYJEFFOSY-UHFFFAOYSA-N,1998,IC50,6.129011
AEGBWONMUPOGGH-UHFFFAOYSA-N,1995,IC50,8.045757
AEGNWBZPYYNCRL-UHFFFAOYSA-N,2003,Ki,8.500038
AEGNZBVDAJJKQJ-UHFFFAOYSA-N,2010,Ki,8.860121
AEJFLHAKYANRRV-GGFUHWEBSA-N,2002,Ki,8.481486
AEZMPDNQDQJWHG-XDBZFTIUSA-N,1995,IC50,7.369979
AFZUBBFQMWDRAV-UHFFFAOYSA-N,2011,IC50,8.318759
AGAVJQRYUXAJGE-UHFFFAOYSA-N,2015,IC50,9.698970
AGFUYWBBNWLCOK-XMMPIXPASA-N,2002,IC50,8.221849
AHAWVKZRZJNCMC-RBUKOAKNSA-N,1996,IC50,7.207608
AHBIGSLRJOQGEQ-UHFFFAOYSA-N,2000,IC50,7.214670
AHLGRBHVXQDOCE-WDIKFCQJSA-N,2006,IC50,9.180456
AHNDXCBZSBFXRZ-QGZVFWFLSA-N,1998,IC50,8.823909
AHOUBRCZNHFOSL-YOEHRIQHSA-N,2013,IC50,6.045757
AHUMDZDJKIBEFH-UHFFFAOYSA-N,2018,IC50,8.450997
AHZURDXLPGFUJZ-UHFFFAOYSA-N,2003,Ki,8.599980
AHZXIVAPVSBKAL-UHFFFAOYSA-N,2002,IC50,7.599980
AIAQAZVHKNKTDU-MRNBDVKYSA-N,2000,Ki,7.886057
AIAQAZVHKNKTDU-PDQPOBEUSA-N,2000,Ki,7.853872
AIFZYHUGOXNZLJ-QCWLJUHMSA-N,1994,IC50,8.142668
AIGRKPPMDORFBF-IRYDGCRRSA-N,1998,IC50,7.169989
AIGRKPPMDORFBF-OZPDYWEWSA-N,1994,IC50,7.167491
AILRYHWCZLVQIS-KQXZHLRISA-N,2006,IC50,8.958607
AIQHFECKTSSXEZ-MHZLTWQESA-N,1998,IC50,7.886057
AIYKBTXDRPARHM-MHZLTWQESA-N,1998,IC50,8.769551
AJVHBIHBNFGOHB-BZDRKYDISA-N,2000,IC50,6.602060
AJVHBIHBNFGOHB-BZDRKYDISA-N,2000,IC50,6.585027
AJVHBIHBNFGOHB-BZDRKYDISA-N,2000,IC50,6.045757
AJVHBIHBNFGOHB-BZDRKYDISA-N,2000,IC50,5.017729
AKDFSCPPNYDWHG-LGBGJOJZSA-N,2006,IC50,8.823909
AKEYXGPKHUFLHK-UHFFFAOYSA-N,2018,IC50,8.336299
AKHKAZRGQQPVBT-UHFFFAOYSA-N,2000,IC50,6.568636
AKWFEANKAWGNIH-CDZUIXILSA-N,2002,Ki,7.376751
AKWFEANKAWGNIH-XDFJSJKPSA-N,2002,Ki,6.844664
AKWHRBSVVQXNOP-UHFFFAOYSA-N,2001,Ki,6.823909
AKYTXQMNKDSGBV-MTLCXYRFSA-N,1994,Ki,6.920819
ALFJIXABJRNKLR-VQTJNVASSA-N,2012,IC50,10.455932
ALIXCTQWFWWYNZ-VDGAXYAQSA-N,2006,IC50,8.721246
ALNKYQMLZWZRGR-LRAUYJCASA-N,1993,Kd,7.000000
AMKINZCRNCDIPJ-UHFFFAOYSA-N,2001,IC50,7.387216
AMMYHLCZPFCXBC-LJCGVHFMSA-N,2006,IC50,8.376751
AMMYHLCZPFCXBC-MNUNUEIXSA-N,2006,IC50,6.698970
AMSYJCKYQVDRSP-UHFFFAOYSA-N,2002,Ki,6.290001
AMWBDZUOJRHESG-UHFFFAOYSA-N,2001,IC50,8.259637
AMYNKJAEPXTVQR-QFIPXVFZSA-N,1998,IC50,5.630000
AMYNKJAEPXTVQR-UHFFFAOYSA-N,1994,IC50,5.632085
ANCCACIMFBJXGH-ALHJQXIUSA-N,2002,IC50,6.602060
ANCCACIMFBJXGH-OZIXAUCHSA-N,2002,IC50,8.200659
ANCRAJKTKYCZOD-UHFFFAOYSA-N,2002,Ki,8.148742
ANNTYLPRTLHHJC-OEVJMKQVSA-N,2006,IC50,9.096910
ANPYOUVKUYVENR-UHFFFAOYSA-N,2006,Ki,8.698970
ANSDKCGTAPTVGF-OUPRXKBMSA-N,2010,Ki,9.481486
ANWNICGWIMZWIK-UPKFDLETSA-N,2007,Ki,9.148742
ANWNICGWIMZWIK-UPKFDLETSA-N,2007,IC50,8.540005
ANZFXGLNFJTREE-DHLKQENFSA-N,1995,Ki,9.100015
AOCBCZSDWBMPHN-UHFFFAOYSA-N,2017,IC50,8.304518
AOCBCZSDWBMPHN-UHFFFAOYSA-N,2018,IC50,8.304518
AOFHRGLJDIIBPP-SAYLLPIZSA-N,2010,IC50,10.045757
AOFHRGLJDIIBPP-SAYLLPIZSA-N,2010,IC50,8.494850
AOHIJPJMMHXDHP-GGPBTZDJSA-N,2002,Ki,8.552842
AOUOEYLYUIJTPB-UHFFFAOYSA-N,1994,IC50,8.013228
APJYAVYSAZEVQB-UHFFFAOYSA-N,2013,IC50,7.537602
APJZDXPRSIKPNZ-KGHBKMJJSA-N,2002,Ki,9.096910
APNBVGOWKCRABK-UHFFFAOYSA-N,2000,IC50,7.795880
ARDKXDPBRYTTRZ-AREMUKBSSA-N,2006,Ki,8.599980
ARDKXDPBRYTTRZ-AREMUKBSSA-N,2006,Kd,8.899974
ARGUIKFIPCGABR-HOGWAELTSA-N,2000,Ki,7.619789
ARKKFYUXHFNQLU-LQJZCPKCSA-N,1998,Ki,8.142668
ARPMRCPKTHXPNZ-VXKWHMMOSA-N,2011,IC50,10.075721
ASGWHETWQGYRFP-MGPCXNFUSA-N,2002,IC50,8.275724
ASSBEMCEDOONKS-UHFFFAOYSA-N,2002,Kd,8.500038
ASUKIWYLLAJHAW-ICSRJNTNSA-N,1995,Ki,9.899974
ASXZZPJDUJGTRI-JSKGAOECSA-N,2001,Ki,7.886057
ATALOFNDEOCMKK-OITMNORJSA-N,1998,IC50,10.045757
ATALOFNDEOCMKK-OITMNORJSA-N,2001,IC50,10.045757
ATALOFNDEOCMKK-OITMNORJSA-N,2002,IC50,10.000000
ATALOFNDEOCMKK-OITMNORJSA-N,2000,IC50,10.045757
ATALOFNDEOCMKK-OITMNORJSA-N,2006,IC50,10.045757
ATALOFNDEOCMKK-OITMNORJSA-N,2006,IC50,10.045757
ATALOFNDEOCMKK-OITMNORJSA-N,2007,IC50,10.045757
ATALOFNDEOCMKK-OITMNORJSA-N,2008,IC50,10.045757
ATALOFNDEOCMKK-OITMNORJSA-N,2012,Ki,9.096910
ATALOFNDEOCMKK-OITMNORJSA-N,2012,Ki,8.522879
ATALOFNDEOCMKK-OITMNORJSA-N,2012,Kd,8.079981
ATALOFNDEOCMKK-OITMNORJSA-N,2013,IC50,10.045757
ATALOFNDEOCMKK-OITMNORJSA-N,2014,Ki,10.100015
ATALOFNDEOCMKK-OITMNORJSA-N,2021,IC50,8.850781
ATALOFNDEOCMKK-OITMNORJSA-N,2018,IC50,10.045757
ATALOFNDEOCMKK-OITMNORJSA-N,2021,IC50,10.045757
ATALOFNDEOCMKK-OITMNORJSA-N,2025,Kd,10.065502
ATJZNASWBNGJGA-UPKFDLETSA-N,2011,IC50,10.739929
ATJZNASWBNGJGA-UPKFDLETSA-N,2011,Ki,11.102373
ATLZVWRXMUZKNV-KMWMRXANSA-N,2009,IC50,9.000000
ATLZVWRXMUZKNV-KMWMRXANSA-N,2009,Ki,9.283997
ATLZVWRXMUZKNV-RBYRPSCESA-N,2009,IC50,8.140022
ATLZVWRXMUZKNV-RBYRPSCESA-N,2009,Ki,8.431798
ATMHFQDWDFHUDF-BBDDESMNSA-N,2000,IC50,7.065502
ATMHFQDWDFHUDF-CXNSYNGHSA-N,2000,IC50,7.795880
ATMHFQDWDFHUDF-MDZDMXLPSA-N,2000,IC50,9.119186
ATMHFQDWDFHUDF-TXLWKQMCSA-N,2001,IC50,9.301030
ATMHFQDWDFHUDF-TXLWKQMCSA-N,2000,IC50,9.301030
ATMHFQDWDFHUDF-UPYVZJKUSA-N,2000,IC50,8.443697
ATNGEEUVTIJBQN-QGYSTOEISA-N,2010,IC50,8.744727
ATNGEEUVTIJBQN-QGYSTOEISA-N,2010,IC50,7.275724
ATSBEQRAHBGVJJ-UHFFFAOYSA-N,1997,Ki,6.000000
ATUPAULHDXBCOY-GBESFXJTSA-N,2006,IC50,8.142668
ATUPAULHDXBCOY-QYZOEREBSA-N,2006,IC50,9.080922
ATXQWPMHZYZGBC-UHFFFAOYSA-N,2013,IC50,6.769551
AUQCRJDJIAOZCU-WUGRJRDASA-N,2001,Ki,7.886057
AVOBUSCWJGQAJM-SVBPBHIXSA-N,1992,IC50,5.723538
AVOBUSCWJGQAJM-SVBPBHIXSA-N,1998,IC50,5.720000
AVTGCBVHVNCGHL-UHFFFAOYSA-N,2000,IC50,8.337242
AWLKNBWKVMBAKT-FDXPNMITSA-N,2008,Ki,7.000000
AWTRYVNHQRRXBP-RPWUZVMVSA-N,2007,IC50,9.102373
AWWGZGHNVPCKFM-UHFFFAOYSA-N,2001,IC50,8.259637
AXBSORLKLUGMEI-OUADDPIDSA-N,2002,Ki,8.721246
AXBSORLKLUGMEI-OUADDPIDSA-N,2019,Ki,8.721246
AXHGMEAMIKHBDC-UHFFFAOYSA-N,1996,IC50,8.346787
AXOFNMUYIHBQIG-HSMZZXILSA-N,2002,Ki,8.886057
AXYVSTYNMWOVHD-WIOPSUGQSA-N,2013,IC50,6.537602
AYAQLUKQULPJEX-UHFFFAOYSA-N,2006,Ki,9.397940
AYDCRUURSWKYHM-SVBPBHIXSA-N,1998,Ki,7.586700
AYTYJTNCCRHYOF-IXCJQBJRSA-N,1998,IC50,6.387216
AYUYKFLBPMUYIU-UHFFFAOYSA-N,2011,Ki,10.100015
AYUYKFLBPMUYIU-UHFFFAOYSA-N,2011,Ki,9.299989
AYUYKFLBPMUYIU-UHFFFAOYSA-N,2011,Ki,9.599980
AYUYKFLBPMUYIU-UHFFFAOYSA-N,2011,Ki,9.500038
AYWZDQSVYRGCLX-DEOSSOPVSA-N,1994,IC50,5.259637
AZCUMNBSXUJQAB-FLASPHMUSA-N,2001,IC50,8.421361
AZDSYYOXSFTNRY-HSZRJFAPSA-N,2002,IC50,9.000000
AZNNPKRJKPDWFO-GOUQPXDXSA-N,1995,IC50,4.055517
AZNNPKRJKPDWFO-WLGONLEPSA-N,1995,IC50,4.267606
BAFNRJAFKSSKNK-UHFFFAOYSA-N,2006,IC50,9.000000
BAWOEXVCFSAHRQ-UHFFFAOYSA-N,1996,IC50,8.494850
BBASVKVVEFLJCU-JVKBCILWSA-N,1997,Ki,8.823909
BBASVKVVEFLJCU-JVKBCILWSA-N,1997,Ki,8.017729
BBCKQZTZCGMHOM-NUYCEAJWSA-N,2006,IC50,9.420216
BBOVGJPWQAJNJG-ROOYGRKUSA-N,1995,IC50,6.356547
BCBZQRGPPQVWGF-KRWDZBQOSA-N,1994,IC50,5.602060
BCBZQRGPPQVWGF-QGZVFWFLSA-N,1994,IC50,7.259637
BCBZQRGPPQVWGF-QGZVFWFLSA-N,1995,IC50,7.259637
BCZOCLLNEUBFJV-CMXZEOLJSA-N,2001,Ki,7.886057
BDFUSNFQDJPSLX-UHFFFAOYSA-N,1995,IC50,8.602060
BDUFSRWYMLBPMN-UHFFFAOYSA-N,2001,IC50,9.455932
BECWCZRLWGOCHQ-UHFFFAOYSA-N,2000,IC50,8.698970
BEMWOCKAHZVMIH-YCTXJJCUSA-N,2002,Ki,8.958607
BENBCXADYMWEMA-WUFINQPMSA-N,1996,IC50,6.958607
BEPSRRZBDUBAKD-IRXDYDNUSA-N,1994,IC50,8.154902
BEQWHMKGQHGLOD-VOBQZIQPSA-N,1998,IC50,9.568636
BETCCFITWJNKCT-UHFFFAOYSA-N,2002,IC50,9.481486
BEXOTYMLUDAROH-HMCKCBAOSA-N,1993,IC50,6.251812
BEZICALLUMKYOA-UHFFFAOYSA-N,2013,IC50,7.537602
BFTNGPWIAXYGDV-BJKOFHAPSA-N,1996,IC50,5.982967
BFUFVSBGSHVEOT-URLMMPGGSA-N,1996,IC50,7.677781
BGDPOOZYXVGESF-UHFFFAOYSA-N,2002,Kd,8.299989
BGGTUZUVWQJOOJ-CKWXOEDFSA-N,2007,Ki,9.000000
BGGTUZUVWQJOOJ-CKWXOEDFSA-N,2007,IC50,8.470057
BGHSMICSHLUMLM-AFLPVOFRSA-N,2006,IC50,9.602060
BGJIDILIDBTJSM-UHFFFAOYSA-N,2000,IC50,6.070581
BGMAFASBOCNMKL-JWHWKPFMSA-N,2000,Ki,7.214670
BGXQNEJEOAGRKU-FPOVZHCZSA-N,1998,IC50,9.251812
BHCJHYIMNHXLOM-HUHHHVMHSA-N,2003,Ki,7.739929
BHCJHYIMNHXLOM-JZJAWGSMSA-N,2003,Ki,9.079981
BHCJHYIMNHXLOM-UDNXBLAOSA-N,2003,Ki,8.059982
BHCJHYIMNHXLOM-WVDRJWPYSA-N,2003,Ki,8.379968
BHCJHYIMNHXLOM-WVDRJWPYSA-N,2001,IC50,8.318759
BHHPPHSTDDDXDM-UHFFFAOYSA-N,2000,IC50,8.537602
BHOBTAHATOPTPK-QDAZHVTCSA-N,2006,Ki,9.301030
BIAFEJMLZNVRCH-JFXHSDHMSA-N,2000,Ki,7.853872
BIAVGWDGIJKWRM-FQEVSTJZSA-N,2015,Ki,4.900000
BINXDUAGTLDZSD-IOWSJCHKSA-N,1996,IC50,7.537602
BJBXILVBLCBQQY-FTJBHMTQSA-N,2007,IC50,8.552842
BJBXILVBLCBQQY-FTJBHMTQSA-N,2007,IC50,10.154902
BJBXILVBLCBQQY-IZZNHLLZSA-N,2007,IC50,7.698970
BJBXILVBLCBQQY-IZZNHLLZSA-N,2007,IC50,9.769551
BJJSAUJBYIASCJ-QTQRRKOQSA-N,2014,Ki,7.199971
BJLLFVBHTSMSOU-AOYPEHQESA-N,1998,IC50,6.086186
BKFSYSKVGGJRTB-RUZDIDTESA-N,1994,IC50,5.259637
BKFSYSKVGGJRTB-VWLOTQADSA-N,1995,IC50,7.657577
BKFSYSKVGGJRTB-VWLOTQADSA-N,1994,IC50,7.657577
BKFSYSKVGGJRTB-VWLOTQADSA-N,1998,IC50,7.659953
BKZACLJXDQEZGG-JOCHJYFZSA-N,2013,IC50,7.958607
BKZACLJXDQEZGG-QFIPXVFZSA-N,2013,IC50,7.494850
BLCJVLIDZWMARY-UHFFFAOYSA-N,1998,IC50,8.744727
BLDKHFYYGWJOMF-UHFFFAOYSA-N,2004,IC50,7.795880
BLDKHFYYGWJOMF-UHFFFAOYSA-N,2011,IC50,7.376751
BLKHBPBPTMODSH-RAWAAWEYSA-N,2009,IC50,8.379968
BLKHBPBPTMODSH-RAWAAWEYSA-N,2009,Ki,8.744727
BLMXPQBNRUSVOP-UHFFFAOYSA-N,2002,Ki,7.410050
BLRGEKISNDSGSY-XIDPYBFFSA-N,2006,Ki,8.700057
BLRGEKISNDSGSY-XIDPYBFFSA-N,2006,Kd,9.500038
BLYHUYRAYMAUST-BVYCBKJFSA-N,1994,Ki,8.698970
BLYHUYRAYMAUST-BVYCBKJFSA-N,1998,IC50,8.700057
BMQGHJWOPAPENX-SAYLLPIZSA-N,2010,IC50,9.795880
BMQGHJWOPAPENX-SAYLLPIZSA-N,2010,IC50,7.958607
BMSXMNNYSLYMQG-UHFFFAOYSA-N,2002,IC50,7.468521
BMUADKHVDAKFSN-UHFFFAOYSA-N,1995,IC50,9.677781
BMUADKHVDAKFSN-UHFFFAOYSA-N,2004,IC50,9.677781
BMVJOAJQNZSLIN-KYJUHHDHSA-N,1998,Ki,6.764472
BNDYWUDBYSQRPQ-UHFFFAOYSA-N,2013,IC50,7.795880
BNPYZZVTLFIGQT-HQGJUUJZSA-N,1994,Ki,5.096910
BNZXSKJMIPTBKX-FRIZENJKSA-N,2006,IC50,9.397940
BPOJDIXXCVFYFB-UHFFFAOYSA-N,1996,IC50,8.812479
BPOQFKGJPSWXDH-UHFFFAOYSA-N,1996,IC50,6.943095
BQCKRPSACBCWTC-KYJUHHDHSA-N,1998,Ki,7.318759
BQDJZPXUORQZMS-UHFFFAOYSA-N,2004,IC50,8.045757
BQLJONXRHVAQGB-KCWXNJEJSA-N,1995,IC50,7.720105
BQMHXKMRKCHCGN-UHFFFAOYSA-N,1995,IC50,6.657577
BQQPFEHFEMWIFM-RUZDIDTESA-N,2001,IC50,8.193820
BQQPMKLRRRAGKG-UHFFFAOYSA-N,2008,IC50,8.366532
BQVBUTSGRMTRRM-JSKGAOECSA-N,2002,Ki,8.397940
BQYNOCZVNLUEFZ-UPVQGACJSA-N,1995,Ki,10.199971
BRFMQRSCKIRUOE-UHFFFAOYSA-N,2013,IC50,8.698970
BRKDCKOZZMMGML-UHFFFAOYSA-N,2011,IC50,8.214670
BRLRPZHZRJLASK-UHFFFAOYSA-N,1996,IC50,8.259637
BSFVUCOLFARLEH-UHFFFAOYSA-N,2002,IC50,9.221849
BSSJFXMTCJBDKV-UMSFTDKQSA-N,1993,IC50,6.663540
BTEBCPFVXKEUFE-NNIBMBRCSA-N,2002,Ki,7.154902
BTNXYNMBBUYZIK-UOKFIYJESA-N,2011,Ki,9.387216
BTWXSVJGGMEXOC-VXKWHMMOSA-N,1994,IC50,6.795880
BTWXSVJGGMEXOC-YADHBBJMSA-N,1994,IC50,5.853872
BTWXSVJGGMEXOC-YADHBBJMSA-N,1998,IC50,5.849999
BUBGVFLMAHPWIA-UHFFFAOYSA-N,1996,IC50,6.197911
BUBWRIVYXMCTAG-UHFFFAOYSA-N,2003,Ki,8.799971
BUBWRIVYXMCTAG-UHFFFAOYSA-N,2002,IC50,8.299989
BUZFNMDWWXZBPX-JBDIKNGWSA-N,2001,IC50,9.721246
BVALXLKHALQQPF-UHFFFAOYSA-N,2013,IC50,6.366532
BVFFMEGUHCQFCU-CLOBBXFDSA-N,1998,Ki,7.102373
BVFQAQPYYOPYCQ-UHFFFAOYSA-N,1997,IC50,6.124939
BVHJWOSUNVNWPB-OECQAKIHSA-N,2007,IC50,9.886057
BVLMVGJWTZPXLY-BCAQGFRRSA-N,2006,Ki,8.000000
BVLMVGJWTZPXLY-BCAQGFRRSA-N,2006,Kd,8.899974
BVMNQSAYSSXTLM-UHFFFAOYSA-N,1994,IC50,8.167491
BVQGYVXUNMZWGR-RTWAWAEBSA-N,2007,IC50,6.346787
BWAMRYBZFXESAA-QEAPWSMKSA-N,2006,IC50,8.920819
BWAQGKDPIWERFY-RNAHPLFWSA-N,2014,Ki,6.199998
BWTVMVHFJRFVFO-CYBMUJFWSA-N,2015,Ki,4.900000
BWTVMVHFJRFVFO-CYBMUJFWSA-N,2016,Ki,4.896196
BWTVMVHFJRFVFO-CYBMUJFWSA-N,2018,Ki,4.896196
BWTVMVHFJRFVFO-CYBMUJFWSA-N,2020,Ki,4.896196
BWTVMVHFJRFVFO-CYBMUJFWSA-N,2021,Ki,4.896196
BWYOFBHDLKEMKX-RDPGKOORSA-N,2006,IC50,9.638272
BXGTWCLBVXIHEG-UHFFFAOYSA-N,2002,Ki,5.430000
BXMJMALBICDTSR-UHFFFAOYSA-N,1996,IC50,6.207608
BXUMHQJTHQBGLJ-VBTAUBHQSA-N,1995,IC50,8.259637
BYBLEWFAAKGYCD-UHFFFAOYSA-N,,IC50,5.166662
BYBLEWFAAKGYCD-UHFFFAOYSA-N,,Ki,5.429924
BYGULAHTYKAKLG-SQNIBIBYSA-N,2006,IC50,7.173925
BYIHDKGDBKWQLV-PNFNHJRFSA-N,2002,Ki,8.920819
BYKVRDYRZVKOEH-UHFFFAOYSA-N,2002,IC50,6.900009
BYQRFLXQLXLHND-QHCPKHFHSA-N,1994,IC50,7.207608
BYTBSOKVLMSRRF-UHFFFAOYSA-N,2014,IC50,7.130768
BYUMATUURCXQEB-NDEPHWFRSA-N,1998,IC50,6.318759
BYVRLIUFCGUMSP-XYFQYJLHSA-N,1994,IC50,5.000000
BYXVSYHZQWOKSI-QGZVFWFLSA-N,1998,IC50,8.000000
BYYQYXVAWXAYQC-IBGZPJMESA-N,1995,IC50,8.795880
BYYQYXVAWXAYQC-IBGZPJMESA-N,1995,IC50,8.481486
BYYQYXVAWXAYQC-IBGZPJMESA-N,1995,IC50,8.091515
BYYQYXVAWXAYQC-IBGZPJMESA-N,1995,IC50,8.602060
BYYQYXVAWXAYQC-IBGZPJMESA-N,1993,IC50,8.795880
BYYQYXVAWXAYQC-IBGZPJMESA-N,1997,Kd,1.900000
BYYQYXVAWXAYQC-IBGZPJMESA-N,1997,Kd,8.400008
BYYQYXVAWXAYQC-IBGZPJMESA-N,1998,IC50,8.795880
BYYQYXVAWXAYQC-IBGZPJMESA-N,1994,IC50,8.795880
BYYQYXVAWXAYQC-IBGZPJMESA-N,1998,IC50,8.489991
BYYQYXVAWXAYQC-IBGZPJMESA-N,2007,Ki,6.872895
BYYQYXVAWXAYQC-IBGZPJMESA-N,2007,IC50,6.399997
BYYQYXVAWXAYQC-IBGZPJMESA-N,2008,Ki,9.136677
BYYQYXVAWXAYQC-IBGZPJMESA-N,2008,Ki,9.136677
BYYQYXVAWXAYQC-IBGZPJMESA-N,2008,IC50,8.799971
BYYQYXVAWXAYQC-IBGZPJMESA-N,2009,IC50,8.830032
BYYQYXVAWXAYQC-IBGZPJMESA-N,2009,Ki,9.136677
BYYQYXVAWXAYQC-IBGZPJMESA-N,2009,Ki,9.136677
BYYQYXVAWXAYQC-IBGZPJMESA-N,2009,IC50,8.830032
BYYQYXVAWXAYQC-IBGZPJMESA-N,2010,IC50,8.830032
BYYQYXVAWXAYQC-IBGZPJMESA-N,2010,Ki,9.136677
BYYQYXVAWXAYQC-IBGZPJMESA-N,2011,IC50,8.830032
BYYQYXVAWXAYQC-IBGZPJMESA-N,2011,Ki,9.136677
BYYQYXVAWXAYQC-IBGZPJMESA-N,2016,IC50,8.795880
BYYQYXVAWXAYQC-LJQANCHMSA-N,2004,IC50,8.795880
BZDXMLXOSGUXDE-DEOSSOPVSA-N,1997,IC50,6.366532
BZFUZGJXYGIQSB-ODRDEDCPSA-N,2004,Ki,6.699992
BZGHFPLJOCCYIG-UHFFFAOYSA-N,2000,IC50,8.221849
BZPPUKJKOJHWKN-PIPMEXSNSA-N,2006,IC50,8.327902
BZPPUKJKOJHWKN-XJABCFGWSA-N,2006,IC50,8.698970
BZWOCMMJHXYQGW-JVFAEYSFSA-N,2000,Ki,6.742321
CAHGELRDKXVTKA-RPBOFIJWSA-N,2013,IC50,10.568636
CBCYNWHALJOBSG-MHZLTWQESA-N,1996,IC50,6.798603
CBCYNWHALJOBSG-UHFFFAOYSA-N,1996,IC50,9.744727
CBNOGVWRWFAMFM-UHFFFAOYSA-N,1996,IC50,8.563837
CBPSLOOFWLIHIO-UHFFFAOYSA-N,2000,IC50,7.920819
CBQPDDPXLVPCIM-UHFFFAOYSA-N,2000,IC50,8.619789
CBVMBZMUENWLBJ-JFXHSDHMSA-N,2000,Ki,7.795880
CBWGJMUZXSIZFG-CIRMSXBNSA-N,2000,EC50,9.221849
CBWGJMUZXSIZFG-CIRMSXBNSA-N,2000,EC50,9.221849
CCIMZLOHGVNGLX-UHFFFAOYSA-N,2014,IC50,7.853872
CCIWVEMVBWEMCY-RCFOMQFPSA-N,1995,IC50,7.886057
CCIWVEMVBWEMCY-RCFOMQFPSA-N,1994,IC50,4.886057
CCRJBODRXVWELY-TYHVNVTKSA-N,2013,IC50,8.823909
CDAPYCBUIZMYOS-UHFFFAOYSA-N,1996,IC50,6.279014
CDDNZYHWARLMKA-NDEPHWFRSA-N,1998,IC50,6.417937
CDLIUHVXEYVLGX-UHFFFAOYSA-N,1996,IC50,6.774691
CDOUOAYDUOAYET-FPOVZHCZSA-N,1996,Ki,10.299989
CEDFHOSQBBFKHX-UHFFFAOYSA-N,1996,IC50,7.659556
CEKXKDBQOLAVMC-UHFFFAOYSA-N,2004,IC50,8.508638
CEKXKDBQOLAVMC-UHFFFAOYSA-N,2011,IC50,7.721246
CELTZHHYEWEYBB-YTTGMZPUSA-N,1993,IC50,7.958607
CEMCPAAFDOVLDW-FQEVSTJZSA-N,1993,IC50,6.384050
CEMCPAAFDOVLDW-FQEVSTJZSA-N,1994,IC50,6.384050
CFDNUNSOUUFTQO-HPMAGDRPSA-N,1997,IC50,6.096910
CFFZZZKWGRQTNZ-UHFFFAOYSA-N,2013,IC50,8.568636
CFYBVDVOACRIMX-BKHKPIFNSA-N,2006,IC50,9.318759
CGWJCDGSTFDBEP-KFZUGWGMSA-N,2002,Ki,9.000000
CHUSBYPJIXEVJR-QHCPKHFHSA-N,1998,Ki,5.769551
CIDXHDROLDYFIS-UHFFFAOYSA-N,2017,IC50,8.554396
CIDXHDROLDYFIS-UHFFFAOYSA-N,2018,IC50,8.554396
CIWIXAWBOUWNQK-UHFFFAOYSA-N,2017,IC50,8.749580
CIWIXAWBOUWNQK-UHFFFAOYSA-N,2018,IC50,8.749580
CIXKPLGEAAADPG-WUFINQPMSA-N,1996,IC50,7.958607
CIZAZGNGSGBRIV-WMZOPIPTSA-N,1997,IC50,5.031517
CJBOWGIXYJGLGQ-BFGHFXMOSA-N,2014,Ki,6.499997
CJCJGNDYISQCMT-JLTOFOAXSA-N,2006,Ki,8.769551
CJEMHYNHZXIHFV-UHFFFAOYSA-N,2001,IC50,9.568636
CJKYRASQASCQQD-UHFFFAOYSA-N,1998,IC50,6.818156
CJQIMLAPDUEUTH-UHFFFAOYSA-N,2000,IC50,6.677781
CJTUMEIDUUCTSL-PMACEKPBSA-N,2010,Ki,9.292430
CJTUMEIDUUCTSL-VQTJNVASSA-N,2010,Ki,9.214670
CJUCQSBUIKQBDX-PMACEKPBSA-N,2002,IC50,9.698970
CJYLEVUNMXXSAG-ZTNHBREUSA-N,2013,Ki,11.045757
CKTOCNIMPWRZSV-UHFFFAOYSA-N,2015,IC50,9.229148
CLBCWRSUIAHSED-ROUUACIJSA-N,2011,IC50,8.853872
CLGSBTDEYZSYHA-NSOVKSMOSA-N,1992,IC50,7.169411
CLGSBTDEYZSYHA-NSOVKSMOSA-N,1998,IC50,7.169989
CMHQSZGZHCBTQY-CNUJNCEHSA-N,2010,IC50,7.886057
CMHQSZGZHCBTQY-CNUJNCEHSA-N,2010,IC50,9.180456
CMHQSZGZHCBTQY-HNDHONNRSA-N,2010,IC50,7.327902
CMHQSZGZHCBTQY-HNDHONNRSA-N,2010,IC50,8.823909
CMHQSZGZHCBTQY-RSKZVPLKSA-N,2010,IC50,9.000000
CMHQSZGZHCBTQY-RSKZVPLKSA-N,2010,IC50,9.958607
CMHQSZGZHCBTQY-VYUYYQKWSA-N,2010,IC50,9.000000
CMHQSZGZHCBTQY-VYUYYQKWSA-N,2010,IC50,10.045757
CMQPBJQRYACTFV-UHFFFAOYSA-N,2015,Ki,6.134304
CMVKWSMUPSXKPB-QHCPKHFHSA-N,1994,IC50,5.978811
CMVXFHWNHDMDCR-UHFFFAOYSA-N,2001,IC50,7.086186
CNDCKVKAMQTYNU-UHFFFAOYSA-N,2011,IC50,7.387216
CNMBAOHWPPLFCR-RXEARMEOSA-N,1995,IC50,5.853872
CNWUKDYFDDUVSI-DPMMWBKBSA-N,2006,IC50,9.193820
CNYOMHXOSOLHBL-UHFFFAOYSA-N,2013,IC50,8.522879
COKDWHNHZYOASY-LPAMGJINSA-N,2015,Ki,8.585027
COSBLZOPZNHZQW-UHFFFAOYSA-N,2018,IC50,8.478862
CPKCVXZPCSJVIT-WUFINQPMSA-N,1996,IC50,6.508638
CPKCVXZPCSJVIT-WUFINQPMSA-N,1998,IC50,6.509999
CPXJDCBDUXOLGC-SJMRASGKSA-N,1994,IC50,7.638272
CPXJDCBDUXOLGC-SJMRASGKSA-N,1994,IC50,7.309804
CPXJDCBDUXOLGC-SJMRASGKSA-N,1998,IC50,7.639975
CPYUQXLLIOFGQM-LMIIYESCSA-N,2006,IC50,8.853872
CQJXBNDZWCFOLX-UHFFFAOYSA-N,2013,IC50,6.420216
CRRMOVLQVMJXLE-UHFFFAOYSA-N,2006,Ki,7.346787
CRYGFTHBEMRCNH-LRQRDZAKSA-N,2006,IC50,8.721246
CSMJUMNULRHYRY-PJJLUWSFSA-N,2002,Ki,6.939302
CSQCMKYFLRHQKN-UHFFFAOYSA-N,2003,Ki,8.299989
CSQCMKYFLRHQKN-UHFFFAOYSA-N,2002,IC50,8.299989
CSUAYJZRABTSRO-BJKOFHAPSA-N,2013,IC50,10.136677
CSVWVGRJWUUHQN-LRAUYJCASA-N,1993,Kd,6.499997
CSVWVGRJWUUHQN-LRAUYJCASA-N,1993,IC50,7.267606
CTCZUHQOMRXMTM-ZDNIURGKSA-N,1994,IC50,6.478862
CTHINHZPCBLTOS-MRVPVSSYSA-N,2017,Ki,4.920819
CTKCHHDEEFCGOT-OJZPPULMSA-N,2000,Ki,7.086186
CTPXPFZFOWJXMU-GGFUHWEBSA-N,2002,Ki,9.154902
CUEDHAYAJQUTCZ-CKJWBJAHSA-N,1996,IC50,6.703335
CUFIFISAHIJUMT-JRVVOHRXSA-N,2007,IC50,9.958607
CUFZTGAKJQIXIH-WZFBRQLOSA-N,2002,IC50,9.050610
CUNYOKSBVRXIJJ-UHFFFAOYSA-N,1995,IC50,8.292430
CUSDZJCNCOPIDF-NUGSKGIGSA-N,2006,Ki,6.759451
CUTMHNXVJPFDHF-UHFFFAOYSA-N,2003,Ki,8.700057
CUTQSIQNQAYIQS-UHFFFAOYSA-N,2001,IC50,9.958607
CUUQZADGWXMGRW-UHFFFAOYSA-N,2001,IC50,8.221849
CUYQGQBFUJWGCV-UHFFFAOYSA-N,2017,IC50,3.698970
CUZLMXOITHIQRF-UHFFFAOYSA-N,1996,IC50,9.096910
CVJXAAMXYMIAEU-UHFFFAOYSA-N,1995,IC50,6.246417
CVKIVNDRRBPTDE-UHFFFAOYSA-N,2011,IC50,6.552842
CVXJAPZTZWLRBP-MUUNZHRXSA-N,2001,IC50,9.638272
CVXJAPZTZWLRBP-MUUNZHRXSA-N,1996,IC50,9.823909
CVXJAPZTZWLRBP-MUUNZHRXSA-N,1996,Kd,9.400008
CVXJAPZTZWLRBP-NDEPHWFRSA-N,1996,IC50,6.376751
CVXJAPZTZWLRBP-NDEPHWFRSA-N,1996,Kd,5.300000
CVXJAPZTZWLRBP-UHFFFAOYSA-N,1996,IC50,9.638272
CWHYCZQXHMPNPS-UHFFFAOYSA-N,2003,Ki,7.000000
CWKCHSOULBLCED-UHFFFAOYSA-N,1995,IC50,6.165579
CWMJXUYOMKBSDT-NSVMSHEGSA-N,2002,Ki,9.397940
CWSRCSCGTHQTFM-UHFFFAOYSA-N,1995,IC50,7.031517
CWXSJSDJJDAMBU-UHFFFAOYSA-N,2003,Ki,7.899974
CWXSJSDJJDAMBU-UHFFFAOYSA-N,2002,IC50,7.899974
CXFWIZDXIZCABO-AWQADKOQSA-N,2002,Ki,8.327902
CYDMWSSMUBQXRD-IBGZPJMESA-N,2010,Ki,9.065502
CYDMWSSMUBQXRD-LJQANCHMSA-N,2010,Ki,8.581699
CYGLIGYBWWRIPJ-FFNFELIASA-N,1996,IC50,5.563519
CYKBLLUYVJYTFI-ICQJPXRGSA-N,1994,IC50,5.356547
CYKFSGXEZOAASR-KMWMRXANSA-N,2009,Ki,9.602060
CYKFSGXEZOAASR-KMWMRXANSA-N,2009,IC50,9.309981
CYKFSGXEZOAASR-RBYRPSCESA-N,2009,Ki,10.000000
CYKFSGXEZOAASR-RBYRPSCESA-N,2009,IC50,9.730020
CYTXURWJLFQPDZ-QYZOEREBSA-N,2006,IC50,8.568636
CZANCSDTAQEYEH-YRQCDHHQSA-N,1994,IC50,7.485452
CZEMMCCUTSUYFU-ZWKOTPCHSA-N,1996,IC50,6.744727
CZJRZIRZQQMHKI-UHFFFAOYSA-N,1995,IC50,7.795880
CZKGDOSGTYYTHQ-HOGWAELTSA-N,2001,Ki,6.950782
CZPWZLLKNSCBBA-UHFFFAOYSA-N,1995,IC50,7.552842
CZRKPNIVWXQJEF-UHFFFAOYSA-N,2000,IC50,8.744727
DAARLFWXUXISRO-GBLZOACLSA-N,2006,IC50,9.275724
DAEBXVQKLYMREV-HKBQPEDESA-N,1998,IC50,6.616185
DAKPGLXAKATDOU-OEJBOCFZSA-N,1993,IC50,6.508638
DAPDEQPNIOMAKI-IBGZPJMESA-N,1994,IC50,7.522879
DBKZTQXVXUMAQV-UHFFFAOYSA-N,2002,Kd,8.299989
DBLIVDPSCFDYOT-BJSJXSMNSA-N,2001,Ki,7.619789
DCAGUAUHSOJEOX-UHFFFAOYSA-N,1995,IC50,8.080922
DCAGUAUHSOJEOX-UHFFFAOYSA-N,1995,IC50,8.031517
DCBQKYSGEJCDPL-YADHBBJMSA-N,2007,IC50,9.236572
DDPVLRKXRZEBCR-AFJIDDCJSA-N,1995,IC50,7.799971
DDUYZUHEHGIESX-KOKNPPTNSA-N,2011,IC50,8.659953
DDUYZUHEHGIESX-KOKNPPTNSA-N,2011,Ki,9.000000
DEBQWXDHKUFHDT-UHFFFAOYSA-N,2001,IC50,7.017729
DEKCAXGKHUYNLQ-LSHDLFTRSA-N,2006,Ki,6.030118
DEMCWLJFPLEFSC-LLVKDONJSA-N,2017,Ki,4.886057
DEPBKCRKZGIDPN-KHKVHWIZSA-N,1998,IC50,7.568636
DEPBKCRKZGIDPN-KHKVHWIZSA-N,2003,Ki,7.568636
DESOAOJLQXTFGI-UHFFFAOYSA-N,2002,Kd,10.100015
DEVSGOOMIYSMNC-CUHUQNRHSA-N,2011,Ki,9.189969
DEVSGOOMIYSMNC-OUPRXKBMSA-N,2011,Ki,9.750068
DEYOMMQLWMIBRN-UHFFFAOYSA-N,2011,Ki,5.744727
DFAGIKXDVIZOGX-UHFFFAOYSA-N,2006,IC50,8.045757
DFHHBLPOXVRUDS-UHFFFAOYSA-N,1995,IC50,6.563837
DFLDMBIKJAVZHG-UHFFFAOYSA-N,2002,Kd,9.299989
DGBAJNCOLJSECV-YKAGIRRDSA-N,2007,IC50,9.920819
DGDAEJXIYKFTSC-UHFFFAOYSA-N,2012,Ki,8.769551
DGDAEJXIYKFTSC-UHFFFAOYSA-N,2012,Ki,8.853872
DGLDUQZIRFLLRH-QVWWMRLHSA-N,2011,Ki,6.886057
DGQVOEAFFYHRME-UHFFFAOYSA-N,2002,Ki,6.240000
DGQXYBVOJPZERV-WNOXWKSXSA-N,1995,IC50,8.744727
DHCGJBWTTJFZGE-MRXNPFEDSA-N,1995,IC50,7.698970
DHIJPAQVKMWGRO-VMPREFPWSA-N,1998,Ki,7.777284
DHNLMUQAIWWIEX-UHFFFAOYSA-N,2011,Ki,10.199971
DHQPHHROSYZCMG-JFXHSDHMSA-N,2000,Ki,7.721246
DHRKQJQSMYHSPN-GFCCVEGCSA-N,2015,Ki,4.900000
DHWCQNWUMKKLBS-OYRKZILTSA-N,2002,Ki,9.154902
DIISULLEIDDLEJ-XVDWRUNBSA-N,2001,Ki,6.931814
DIMLTFVHIUSASS-UHFFFAOYSA-N,2006,Ki,5.860121
DIPBPGRFGZKMEF-UHFFFAOYSA-N,1997,IC50,5.283997
DIPBPGRFGZKMEF-UHFFFAOYSA-N,2005,IC50,5.283997
DJOMTTZOLFQUNF-QGZVFWFLSA-N,1998,IC50,8.301030
DJQNAWVRMSVHNZ-UHFFFAOYSA-N,1996,IC50,6.896196
DJRYUPGFAHJFKZ-LDLFBNOTSA-N,2007,IC50,9.920819
DKFVQZBJYIGRJV-XXFYTOHFSA-N,1996,IC50,7.823909
DKPSOKZCQJXNEF-UHFFFAOYSA-N,2001,IC50,7.886057
DKZNWZVQLFXZER-JHOFKJSISA-N,2010,Ki,8.721246
DKZNWZVQLFXZER-JHOFKJSISA-N,2010,IC50,8.369979
DKZNWZVQLFXZER-YRMIJQASSA-N,2010,Ki,7.229148
DKZNWZVQLFXZER-YRMIJQASSA-N,2010,IC50,6.869988
DLHLGXBLKOJKKI-UHFFFAOYSA-N,2002,Ki,7.552842
DLNVCYVSPSXJST-CMXZEOLJSA-N,2001,Ki,7.795880
DLZRUOUPLDQRRG-PXLJZGITSA-N,1997,Kd,5.823909
DMCGPNZWXATPEH-MRVPVSSYSA-N,2016,Ki,4.655608
DMCGPNZWXATPEH-MRVPVSSYSA-N,2018,Ki,4.655608
DMCGPNZWXATPEH-MRVPVSSYSA-N,2018,Ki,4.655608
DMCGPNZWXATPEH-MRVPVSSYSA-N,2020,Ki,4.655608
DMMXXLOPZHBMHM-CLJLJLNGSA-N,1998,IC50,5.494850
DMNJGAVZKDLBNT-ARGWCVDVSA-N,2008,Ki,8.698970
DMNJGAVZKDLBNT-LRDNONRASA-N,2008,Ki,9.154902
DMPBNZKYHOVYRU-HSMZZXILSA-N,2002,Ki,8.619789
DMSQWKBRRNBBJO-UHFFFAOYSA-N,1996,IC50,6.527244
DNJBADOCDWIFNI-UHFFFAOYSA-N,1996,IC50,6.645892
DNKOFMRKTNVFCE-UHFFFAOYSA-N,2002,Ki,8.289967
DNWDXVUEVAPELT-SFTDATJTSA-N,2011,IC50,10.251812
DNYAHFKJMPYBQK-UHFFFAOYSA-N,2013,IC50,6.318759
DNYCCIRBKFMQGV-FUANUBAPSA-N,2000,IC50,6.782516
DOCORIWGLZNMHN-VMPREFPWSA-N,1992,IC50,7.777284
DOCORIWGLZNMHN-VMPREFPWSA-N,1998,IC50,7.779892
DOEVSBYTUDFXBA-CYBMUJFWSA-N,2016,Ki,4.397940
DOEVSBYTUDFXBA-CYBMUJFWSA-N,2018,Ki,4.397940
DOEVSBYTUDFXBA-CYBMUJFWSA-N,2018,Ki,4.397940
DOEVSBYTUDFXBA-CYBMUJFWSA-N,2020,Ki,4.397940
DOGOFOVKBRAJST-NRFANRHFSA-N,2014,Ki,6.099999
DOJFCZWBCZBTPF-BJSJXSMNSA-N,2001,Ki,7.356547
DORXFPYAVMERKG-UHFFFAOYSA-N,2002,IC50,6.699992
DORXFPYAVMERKG-UHFFFAOYSA-N,2005,Ki,6.699992
DOXKBIISJMVOAL-BJKOFHAPSA-N,1996,IC50,6.283997
DPCYTDUQJLVHDB-SMSORMJASA-N,1995,IC50,7.739929
DPGPXZCLSCXCQW-UHFFFAOYSA-N,2013,Ki,6.657577
DPSGZOXYCGUZMU-UHFFFAOYSA-N,2018,IC50,8.482804
DQBXATGXVPKBRP-BGVKPSKSSA-N,2006,IC50,9.022276
DQVKBCGJAWOSEV-UHFFFAOYSA-N,2001,IC50,7.060481
DRCPPVNRRKEJMS-UHFFFAOYSA-N,2001,IC50,9.657577
DSJWALPDJGTOER-PQVVEJPOSA-N,1994,Ki,6.920819
DSJXYWZMYCYKLU-UHFFFAOYSA-N,1998,IC50,8.744727
DSNJUUKGQCMCOQ-ACHIHNKUSA-N,1998,Ki,8.214670
DSTYJOGFMWNGFG-RUZDIDTESA-N,2001,IC50,9.366532
DSTYJOGFMWNGFG-UHFFFAOYSA-N,2001,IC50,9.086186
DSXDZHLLPRAKKT-XCRGKUJJSA-N,2013,Ki,11.244125
DTKNMUUJHUPQKN-SFTDATJTSA-N,2011,IC50,10.091515
DTQNEFOKTXXQKV-HKUYNNGSSA-N,1995,IC50,9.301030
DTQNEFOKTXXQKV-HKUYNNGSSA-N,1995,IC50,9.301030
DTQNEFOKTXXQKV-HKUYNNGSSA-N,1995,Ki,9.100015
DTQNEFOKTXXQKV-HKUYNNGSSA-N,1995,Ki,9.769551
DTQNEFOKTXXQKV-HKUYNNGSSA-N,1997,Kd,0.300000
DTQNEFOKTXXQKV-HKUYNNGSSA-N,1997,Kd,8.899974
DTQNEFOKTXXQKV-HKUYNNGSSA-N,1995,Ki,9.599980
DTQNEFOKTXXQKV-HKUYNNGSSA-N,1996,Ki,9.400008
DTQNEFOKTXXQKV-HKUYNNGSSA-N,1995,Ki,9.599980
DTQNEFOKTXXQKV-HKUYNNGSSA-N,1995,IC50,9.221849
DTQNEFOKTXXQKV-HKUYNNGSSA-N,1998,IC50,9.309804
DTQNEFOKTXXQKV-HKUYNNGSSA-N,1994,Ki,8.823909
DTQNEFOKTXXQKV-HKUYNNGSSA-N,1994,IC50,9.000000
DTQNEFOKTXXQKV-HKUYNNGSSA-N,1995,IC50,9.698970
DTQNEFOKTXXQKV-HKUYNNGSSA-N,1992,Ki,9.318759
DTQNEFOKTXXQKV-HKUYNNGSSA-N,1992,Ki,9.769551
DTQNEFOKTXXQKV-HKUYNNGSSA-N,1996,IC50,9.301030
DTQNEFOKTXXQKV-HKUYNNGSSA-N,1996,Ki,9.400008
DTQNEFOKTXXQKV-HKUYNNGSSA-N,1996,IC50,9.301030
DTQNEFOKTXXQKV-HKUYNNGSSA-N,1998,IC50,9.770062
DTQNEFOKTXXQKV-HKUYNNGSSA-N,2004,IC50,9.221849
DTQNEFOKTXXQKV-HKUYNNGSSA-N,2007,IC50,9.200659
DTQNEFOKTXXQKV-HKUYNNGSSA-N,2011,IC50,9.769551
DTQNEFOKTXXQKV-IEBWSBKVSA-N,1993,IC50,9.698970
DTQNEFOKTXXQKV-NNBQYGFHSA-N,1998,IC50,9.301030
DTQNEFOKTXXQKV-NNBQYGFHSA-N,1994,Ki,9.769551
DTQNTNJTPOGBBI-UHFFFAOYSA-N,2013,IC50,6.537602
DUIQFDGXLYKCSP-UHFFFAOYSA-N,2003,Ki,8.199971
DUIQFDGXLYKCSP-UHFFFAOYSA-N,2002,IC50,8.199971
DUJCBRGUNYAAHY-OJZPPULMSA-N,2002,Ki,7.036212
DUTQVRPRTFGQLG-SANMLTNESA-N,1998,IC50,6.253366
DVFKYWHYHAXGFK-KYJUHHDHSA-N,1998,IC50,6.000000
DVGKWMUXDYVBPX-PMACEKPBSA-N,2011,IC50,8.318759
DWEOLXKGGPUQCN-RTOHIFTRSA-N,2006,Ki,8.000000
DWEOLXKGGPUQCN-RTOHIFTRSA-N,2006,Kd,9.799971
DWOYLZPGCVPOFQ-XGXIMLBESA-N,2006,IC50,9.795880
DXBWGWOQIAHGKG-UHFFFAOYSA-N,2003,Ki,6.699992
DXBWGWOQIAHGKG-UHFFFAOYSA-N,2002,IC50,6.699992
DXCJHMJLWTYOCC-WEZIJMHWSA-N,1998,Ki,7.531653
DXDAOPRJHIBOSF-QAXCHELISA-N,2015,Ki,5.815309
DXEFXSRUSKJPOC-UHFFFAOYSA-N,2017,IC50,8.258848
DXEFXSRUSKJPOC-UHFFFAOYSA-N,2018,IC50,8.258848
DYBBAWOUQNTPAE-CFTLBWQVSA-N,2008,IC50,9.481486
DYBBAWOUQNTPAE-RBYNONRVSA-N,2008,IC50,9.000000
DYCYWYIKRZKFIW-GOSISDBHSA-N,1998,IC50,7.795880
DYUQPTMSRRBQRV-NDEPHWFRSA-N,1998,IC50,6.481486
DZDZTLWCMKUMLO-REWPJTCUSA-N,1995,Ki,9.299989
DZHYOLLAEHGGIO-UHFFFAOYSA-N,2002,Kd,9.899974
DZOJBGLFWINFBF-UMSFTDKQSA-N,1996,Ki,5.886057
DZOJBGLFWINFBF-UMSFTDKQSA-N,1999,Ki,5.886057
DZOJBGLFWINFBF-UMSFTDKQSA-N,2009,Ki,6.678609
DZOJBGLFWINFBF-UMSFTDKQSA-N,2011,Ki,6.481486
DZOJBGLFWINFBF-UMSFTDKQSA-N,2012,Ki,6.678609
DZOJBGLFWINFBF-UMSFTDKQSA-N,2015,Ki,6.399997
DZORGIJHDLMMAP-DMFHDPHMSA-N,2002,Ki,7.017729
DZQBGZPXSVUSTJ-UHFFFAOYSA-N,1994,IC50,6.316053
DZUQXMNESQQMDK-UHFFFAOYSA-N,1995,IC50,7.244125
DZUQXMNESQQMDK-UHFFFAOYSA-N,1998,IC50,7.244125
DZUQXMNESQQMDK-UHFFFAOYSA-N,1998,IC50,7.240030
DZYPLFAASKBQBS-ICSRJNTNSA-N,1995,Ki,10.299989
DZYPLFAASKBQBS-ICSRJNTNSA-N,1996,Ki,10.400008
DZYPLFAASKBQBS-ICSRJNTNSA-N,2004,IC50,10.221849
DZYPLFAASKBQBS-ICSRJNTNSA-N,2013,IC50,10.397940
FAEAIUMVNYXDOL-UHFFFAOYSA-N,1996,IC50,7.181115
FAIPAHUUUZBARZ-UHFFFAOYSA-N,1996,IC50,9.008774
FAMLZMYNJFMLTL-UHFFFAOYSA-N,2004,IC50,6.744727
FAMNQGOTAYPHOM-UHFFFAOYSA-N,2006,Ki,6.140261
FAQUNGSUXKEHRR-UHFFFAOYSA-N,2001,IC50,9.468521
FBKBCVKDJFUIHU-UHFFFAOYSA-N,2011,IC50,6.568636
FBKJGIFXXNABPC-UHFFFAOYSA-N,2001,IC50,9.036212
FBKJXYVRFOSKLQ-UHFFFAOYSA-N,2002,IC50,8.397940
FBMOXTLEBXXOOH-GNVOIQCSSA-N,2009,IC50,10.045757
FBMOXTLEBXXOOH-GNVOIQCSSA-N,2009,IC50,8.008774
FCBFFODEEMUOND-PMERELPUSA-N,1998,IC50,7.251812
FCCNSXPJGYKSAJ-UHFFFAOYSA-N,2006,Ki,8.200659
FCDRFVCGMLUYPG-QZTJIDSGSA-N,1994,IC50,8.853872
FCDRFVCGMLUYPG-QZTJIDSGSA-N,1994,IC50,6.455932
FCDRFVCGMLUYPG-ROUUACIJSA-N,1995,IC50,9.000000
FCDRFVCGMLUYPG-ROUUACIJSA-N,1998,IC50,9.000000
FCDRFVCGMLUYPG-ROUUACIJSA-N,1994,IC50,9.000000
FCDRFVCGMLUYPG-ROUUACIJSA-N,1995,IC50,9.060481
FCDRFVCGMLUYPG-ROUUACIJSA-N,1998,IC50,9.000000
FCDRFVCGMLUYPG-ROUUACIJSA-N,1994,IC50,9.000000
FCDRFVCGMLUYPG-ROUUACIJSA-N,1996,IC50,9.060481
FCDRFVCGMLUYPG-ROUUACIJSA-N,1998,IC50,9.000000
FCDRFVCGMLUYPG-ROUUACIJSA-N,2013,IC50,9.000000
FCDRFVCGMLUYPG-ROUUACIJSA-N,2021,IC50,9.060481
FCDRFVCGMLUYPG-ZWKOTPCHSA-N,1994,IC50,6.522879
FCHBLJWTDQDKLL-PBHFAPSUSA-N,2006,Ki,9.100015
FCHBLJWTDQDKLL-PBHFAPSUSA-N,2006,Kd,8.100015
FCQUYOHKAODPNN-UHFFFAOYSA-N,2002,Ki,6.490005
FCTGGFGGCAFKLE-YQOMSNACSA-N,1994,IC50,5.958607
FCYKYUUVWQMIMP-AIBWNMTMSA-N,2002,IC50,10.096910
FCZQNQFTVGLASI-OJZPPULMSA-N,2002,Ki,7.124939
FDLMXQUTNNMCCC-CAYVGHNUSA-N,2007,IC50,10.045757
FDRLKINZOIUIDP-XAIPSOGISA-N,1995,IC50,5.679999
FDTWCNPUYSAMHO-OUADDPIDSA-N,2006,Ki,7.700057
FDTWCNPUYSAMHO-OUADDPIDSA-N,2006,Kd,8.500038
FELFRZJBPKZKAO-NXEFEZKASA-N,2002,Ki,8.769551
FEYZOHQAXQSELX-UHFFFAOYSA-N,2002,Ki,6.970008
FFFWLCPVZQDKGV-CQSZACIVSA-N,2016,Ki,5.217527
FFFWLCPVZQDKGV-CQSZACIVSA-N,2018,Ki,5.217527
FFFWLCPVZQDKGV-CQSZACIVSA-N,2020,Ki,5.217527
FFFWLCPVZQDKGV-CQSZACIVSA-N,2021,Ki,5.217527
FFHLOFOSIPUNDM-UHFFFAOYSA-N,2013,IC50,5.769551
FGBCKWDHROIUKV-UHFFFAOYSA-N,2002,IC50,7.299989
FGMDMAIELUZENW-UHFFFAOYSA-N,1996,IC50,6.598599
FGXTUVAHIAUNGQ-BJSJXSMNSA-N,2002,Ki,7.602060
FHFZPUAWDJVXHA-UHFFFAOYSA-N,2013,IC50,8.698970
FIBILZWMDFTWPK-ICSRJNTNSA-N,1998,IC50,9.209996
FIBILZWMDFTWPK-UHFFFAOYSA-N,2013,IC50,9.214670
FIDTULBNYFDGOP-UHFFFAOYSA-N,2000,IC50,8.537602
FIVSJYGQAIEMOC-ZGNKEGEESA-N,2011,Ki,9.180456
FIYPEZLIXJZQOT-CMKODMSKSA-N,2006,IC50,8.080922
FIYPEZLIXJZQOT-HBFSDRIKSA-N,2006,IC50,9.022276
FIYPEZLIXJZQOT-HBFSDRIKSA-N,2006,IC50,8.886057
FIYPEZLIXJZQOT-NLWGTHIKSA-N,2006,IC50,7.346787
FJKPUNUCNIPOHX-WUFINQPMSA-N,1996,IC50,7.853872
FJLCUOVCNWYREI-GBRSUSRYSA-N,2008,IC50,8.886057
FJLCUOVCNWYREI-HAFFEQERSA-N,2008,IC50,8.823909
FKPVZIGBRDXSJP-HQKXVBDLSA-N,1996,IC50,6.260428
FKXMTDOSYPOSDS-QJMCPCMJSA-N,2004,Ki,6.900009
FLJIWCZSOWTRAR-UHFFFAOYSA-N,2017,IC50,8.628932
FLJIWCZSOWTRAR-UHFFFAOYSA-N,2018,IC50,8.628932
FLJZRDCJNZDTST-XIJQPKCWSA-N,2010,IC50,10.096910
FLJZRDCJNZDTST-XIJQPKCWSA-N,2010,IC50,10.154902
FLJZRDCJNZDTST-XIJQPKCWSA-N,2010,IC50,8.677781
FLJZRDCJNZDTST-XIJQPKCWSA-N,2010,IC50,8.568636
FLLDRPOJCLGUHA-KHUIQGCPSA-N,2006,IC50,9.091515
FLNYCRJBCNNHRH-OIYLJQICSA-N,2009,IC50,10.221849
FLNYCRJBCNNHRH-OIYLJQICSA-N,2009,IC50,8.022276
FLNYCRJBCNNHRH-OIYLJQICSA-N,2013,IC50,8.022276
FLNYCRJBCNNHRH-OIYLJQICSA-N,2013,IC50,10.221849
FLNYLINBEZROPL-IZLXSDGUSA-N,2017,IC50,8.468521
FLNYLINBEZROPL-NSOVKSMOSA-N,1995,IC50,9.346787
FLNYLINBEZROPL-NSOVKSMOSA-N,1995,IC50,9.301030
FLNYLINBEZROPL-NSOVKSMOSA-N,1995,IC50,7.657577
FLNYLINBEZROPL-NSOVKSMOSA-N,1995,IC50,9.301030
FLNYLINBEZROPL-NSOVKSMOSA-N,1993,IC50,9.698970
FLNYLINBEZROPL-NSOVKSMOSA-N,1991,IC50,8.468521
FLNYLINBEZROPL-NSOVKSMOSA-N,1991,IC50,8.420216
FLNYLINBEZROPL-NSOVKSMOSA-N,1991,IC50,4.091515
FLNYLINBEZROPL-NSOVKSMOSA-N,1995,IC50,9.096910
FLNYLINBEZROPL-NSOVKSMOSA-N,1994,IC50,9.283997
FLNYLINBEZROPL-NSOVKSMOSA-N,1995,IC50,8.045757
FLNYLINBEZROPL-NSOVKSMOSA-N,1994,IC50,9.318759
FLNYLINBEZROPL-NSOVKSMOSA-N,1993,IC50,9.301030
FLNYLINBEZROPL-NSOVKSMOSA-N,1994,IC50,9.154902
FLNYLINBEZROPL-NSOVKSMOSA-N,2001,Ki,8.508638
FLNYLINBEZROPL-NSOVKSMOSA-N,1993,IC50,9.301030
FLNYLINBEZROPL-NSOVKSMOSA-N,1994,IC50,9.397940
FLNYLINBEZROPL-NSOVKSMOSA-N,1996,IC50,9.455932
FLNYLINBEZROPL-NSOVKSMOSA-N,1996,Kd,9.500038
FLNYLINBEZROPL-NSOVKSMOSA-N,1992,IC50,9.113509
FLNYLINBEZROPL-NSOVKSMOSA-N,1992,Kd,8.700057
FLNYLINBEZROPL-NSOVKSMOSA-N,1996,IC50,9.481486
FLNYLINBEZROPL-NSOVKSMOSA-N,1994,IC50,9.301030
FLNYLINBEZROPL-NSOVKSMOSA-N,1992,Ki,9.180456
FLNYLINBEZROPL-NSOVKSMOSA-N,1996,IC50,8.000000
FLNYLINBEZROPL-NSOVKSMOSA-N,1996,IC50,7.795880
FLNYLINBEZROPL-NSOVKSMOSA-N,1992,Ki,8.958607
FLNYLINBEZROPL-NSOVKSMOSA-N,1993,IC50,8.376751
FLNYLINBEZROPL-NSOVKSMOSA-N,1994,IC50,8.698970
FLNYLINBEZROPL-NSOVKSMOSA-N,1996,IC50,9.397940
FLNYLINBEZROPL-NSOVKSMOSA-N,1998,IC50,9.169989
FLNYLINBEZROPL-NSOVKSMOSA-N,2012,Ki,9.522879
FLNYLINBEZROPL-NSOVKSMOSA-N,2012,Ki,9.397940
FLNYLINBEZROPL-NSOVKSMOSA-N,2012,Kd,7.779892
FLNYLINBEZROPL-NSOVKSMOSA-N,2012,Kd,8.270026
FLNYLINBEZROPL-NSOVKSMOSA-N,2013,IC50,9.180456
FLNYLINBEZROPL-VSGBNLITSA-N,1992,IC50,8.657577
FLNYLINBEZROPL-WUFINQPMSA-N,1992,IC50,7.387216
FLNYLINBEZROPL-WUFINQPMSA-N,2005,IC50,9.481486
FLNYLINBEZROPL-WUFINQPMSA-N,2017,IC50,4.091515
FLZLQTUCOOBCJP-QGZVFWFLSA-N,1995,IC50,6.869666
FMABFMLLPROUJK-CAYVGHNUSA-N,2007,IC50,10.045757
FMOSQGKXVTZCKM-UHFFFAOYSA-N,2006,Ki,8.769551
FMUYAOWYCYBIIW-WNOXWKSXSA-N,1995,IC50,8.744727
FMZZTZIGIJHYFN-UHFFFAOYSA-N,2003,Ki,6.799998
FNDMCYOVTUKDBA-PMERELPUSA-N,1998,IC50,7.167491
FNRNSHYJPSMLNY-RRTCDKLQSA-N,2014,Ki,7.400008
FNWYNXVBSUEUGT-VXKWHMMOSA-N,1996,IC50,9.000000
FNWYNXVBSUEUGT-VXKWHMMOSA-N,1998,IC50,9.000000
FOLOWNIJLMHEPJ-CUBQBAPOSA-N,1995,IC50,6.602060
FPJVKUSRWZBOFF-UHFFFAOYSA-N,2002,Kd,8.599980
FPUVUFYSZBNZLU-GZOQVGHDSA-N,2002,IC50,8.886057
FPWCNBSUXRQTLF-JTHBVZDNSA-N,2011,Ki,10.090016
FQHVTKMBKJGDDK-UHFFFAOYSA-N,2008,IC50,7.443697
FQKOMYRVAJEDBJ-UHFFFAOYSA-N,1996,IC50,8.522879
FRDDXKUSVLZWRL-BERJDBMDSA-N,2002,Ki,8.886057
FRVGAQVTZNXIME-VEBIXGAZSA-N,2002,Ki,9.000000
FRZCICPXHBIJRI-JDHRKGKBSA-N,1994,IC50,7.651695
FSEPNMHZPYCNIX-UHFFFAOYSA-N,2003,Ki,7.299989
FSEPNMHZPYCNIX-UHFFFAOYSA-N,2002,IC50,7.299989
FSNNPGVZVZVXSZ-UHFFFAOYSA-N,1996,IC50,5.522156
FSXQTMXCXNMEIZ-KDXMTYKHSA-N,2011,Ki,8.167491
FSZGNLAQHDTJEJ-UHFFFAOYSA-N,2014,IC50,7.031517
FTFGWRNMMHQZBL-UHFFFAOYSA-N,2002,Ki,7.519993
FUCPKVYRKXXLFP-UHFFFAOYSA-N,2011,IC50,6.185087
FUGAUMFXDDXKOJ-GOSISDBHSA-N,2001,IC50,7.744727
FULCONZCBWSUCG-UHFFFAOYSA-N,2006,Ki,8.795880
FUQXMZQIUQTJPV-DLBZAZTESA-N,1996,IC50,8.619789
FUQXMZQIUQTJPV-IAGOWNOFSA-N,1996,IC50,6.542118
FUQXMZQIUQTJPV-IAGOWNOFSA-N,1996,IC50,7.677781
FUQXMZQIUQTJPV-IRXDYDNUSA-N,1996,IC50,7.721246
FUQXMZQIUQTJPV-IRXDYDNUSA-N,1996,IC50,6.424812
FUQXMZQIUQTJPV-SJORKVTESA-N,1996,IC50,6.935542
FUQXMZQIUQTJPV-SJORKVTESA-N,1996,IC50,7.229148
FUTUUAUFFGJELS-BYUVYSIJSA-N,2001,IC50,7.920819
FVLSQIULWKLDJE-UHFFFAOYSA-N,2002,Kd,9.199971
FVMGZIMTEZPJGA-NRFANRHFSA-N,2013,IC50,6.958607
FVMGZIMTEZPJGA-OAQYLSRUSA-N,2013,IC50,6.180456
FVYJZIDKUKSJMY-UHFFFAOYSA-N,1995,IC50,8.376751
FWQQPWRIPPMKHB-LRAJWGHMSA-N,2010,Ki,9.657577
FWQQPWRIPPMKHB-VTJXTGGHSA-N,2010,Ki,9.721246
FWQSUKMMZDBROS-WUOJXAKJSA-N,1996,IC50,7.229148
FWWHAAGOCFCRFY-SVBPBHIXSA-N,1995,IC50,7.275724
FWWHAAGOCFCRFY-SVBPBHIXSA-N,1995,IC50,7.275724
FWWHAAGOCFCRFY-SVBPBHIXSA-N,1995,IC50,5.677781
FWWHAAGOCFCRFY-UHFFFAOYSA-N,1995,IC50,6.522879
FXBKCVLPAPTQEU-JSKGAOECSA-N,2000,Ki,7.698970
FXCOGDWCXOXCRA-UHFFFAOYSA-N,2000,IC50,7.920819
FXHOQFIPUVYFTM-RYCFQHDISA-N,2014,Ki,6.599998
FXNGKZKTNZFAQF-LETMKSKHSA-N,2002,Ki,8.698970
FXOAHCXJKCBQBU-ADLMAVQZSA-N,2006,Ki,8.823909
FYADPUQVZFJTEM-RBUKOAKNSA-N,1998,IC50,10.154902
FYADPUQVZFJTEM-RBUKOAKNSA-N,2008,IC50,10.154902
FYADPUQVZFJTEM-RBUKOAKNSA-N,2018,IC50,10.154902
FYFPUCQHJNRILA-HCPABCRVSA-N,1998,IC50,6.639994
FYFPUCQHJNRILA-QDRCGZQASA-N,1994,IC50,6.638272
FYOURDLECHXYOY-CSEYDVTNSA-N,2006,IC50,9.552842
FYSFILDCEYJVBF-ANWICMFUSA-N,2013,IC50,6.585027
FZNRYDBDVZSZBQ-AWQADKOQSA-N,2002,Ki,8.154902
FZNTVQGDYPVXAL-GMAHTHKFSA-N,1996,Ki,8.700057
FZULZSYKENFFSE-RTWAWAEBSA-N,2007,IC50,9.075721
FZWPLYNQCHPQID-XEJADHSNSA-N,2010,IC50,9.886057
FZWPLYNQCHPQID-XEJADHSNSA-N,2010,IC50,8.737549
GADWPSQEDQHSLH-AWQADKOQSA-N,2002,Ki,7.481486
GANKFCOOGASGPI-CONSDPRKSA-N,1998,Ki,8.376751
GBGJHGBFMCNNKU-UHFFFAOYSA-N,1995,IC50,6.431798
GBKKWZGWXVLYRP-UHFFFAOYSA-N,2001,IC50,9.000000
GBKKWZGWXVLYRP-UHFFFAOYSA-N,2001,IC50,9.000000
GBKKWZGWXVLYRP-UHFFFAOYSA-N,2001,IC50,9.000000
GBLKXDMYYHFUTP-SAYLLPIZSA-N,2010,IC50,9.744727
GBLKXDMYYHFUTP-SAYLLPIZSA-N,2010,IC50,8.017729
GBXFPXFTTZEIGT-MHZLTWQESA-N,1998,IC50,7.200659
GBYYDRYAGWDMGR-UHFFFAOYSA-N,2002,Ki,6.519993
GCBHRSJNRKIGLN-DBCLQSBCSA-N,2006,Ki,8.000000
GCBHRSJNRKIGLN-DBCLQSBCSA-N,2006,Kd,8.899974
GCQVWMNNZJCRKP-HCOMASKESA-N,2007,IC50,9.886057
GCUALAPXLAAJSL-UAWOKRSRSA-N,2010,IC50,10.154902
GCUALAPXLAAJSL-UAWOKRSRSA-N,2010,IC50,10.301030
GCUALAPXLAAJSL-UAWOKRSRSA-N,2010,IC50,8.721246
GCUALAPXLAAJSL-UAWOKRSRSA-N,2010,IC50,8.744727
GDEVLXJNDKIZKC-FRLLZOMISA-N,2021,IC50,6.452225
GDEVLXJNDKIZKC-FRLLZOMISA-N,2021,IC50,7.297569
GDEVLXJNDKIZKC-FRLLZOMISA-N,2021,Ki,7.649752
GDTPPOVBSGSQJY-HEYNYXLNSA-N,2010,IC50,10.045757
GDTPPOVBSGSQJY-HEYNYXLNSA-N,2010,IC50,10.397940
GDTPPOVBSGSQJY-HEYNYXLNSA-N,2010,IC50,8.602060
GDTPPOVBSGSQJY-HEYNYXLNSA-N,2010,IC50,9.096910
GDUGRYUTQQIHKS-FQEVSTJZSA-N,2013,IC50,7.795880
GDUGRYUTQQIHKS-HXUWFJFHSA-N,2013,IC50,6.387216
GEEALAPMSFLPLQ-UHFFFAOYSA-N,1998,IC50,7.619789
GENLRMUFBFSRLA-ALHJQXIUSA-N,2002,IC50,9.468521
GENLRMUFBFSRLA-OZIXAUCHSA-N,2002,IC50,9.468521
GENLRMUFBFSRLA-OZIXAUCHSA-N,2002,IC50,6.823909
GETCFTYJLDUJTR-UHFFFAOYSA-N,1995,IC50,7.443697
GETCFTYJLDUJTR-VMPREFPWSA-N,1993,IC50,7.318759
GEUTULBNCCZHKU-DDWAFBAVSA-N,1994,Ki,4.031517
GEUTULBNCCZHKU-OLBUMSFYSA-N,1994,Ki,4.318759
GEZMPNGCDQGWGD-UHFFFAOYSA-N,2000,IC50,8.481486
GFELCGJBQGNHBL-UHFFFAOYSA-N,1996,IC50,7.642065
GFOCXNQTHDSCRO-RBUKOAKNSA-N,1996,IC50,8.958607
GGDPOHRNDFHTNA-SVBPBHIXSA-N,1998,Ki,8.301030
GGQKWWASEAXXOF-UHFFFAOYSA-N,2001,IC50,9.013228
GHDDEVKIZGAFSU-PQHLKRTFSA-N,1998,IC50,4.217527
GHIDKVHNTGDVEL-XDBZFTIUSA-N,1995,IC50,7.540005
GHXADUNCOKFSDJ-BGYRXZFFSA-N,2017,IC50,8.627088
GHXADUNCOKFSDJ-BGYRXZFFSA-N,2018,IC50,8.627088
GHXADUNCOKFSDJ-MXVIHJGJSA-N,2017,IC50,8.485452
GHXADUNCOKFSDJ-MXVIHJGJSA-N,2018,IC50,8.485452
GHXADUNCOKFSDJ-UHFFFAOYSA-N,2017,IC50,8.396856
GHXADUNCOKFSDJ-UHFFFAOYSA-N,2018,IC50,8.396856
GIAQQXUCTFYCHO-UHFFFAOYSA-N,1999,IC50,8.376751
GIAQQXUCTFYCHO-UHFFFAOYSA-N,1999,IC50,9.468521
GIAQQXUCTFYCHO-UHFFFAOYSA-N,1999,IC50,9.619789
GIAQQXUCTFYCHO-UHFFFAOYSA-N,1999,IC50,8.853872
GIAQQXUCTFYCHO-UHFFFAOYSA-N,1995,IC50,9.468521
GIAQQXUCTFYCHO-UHFFFAOYSA-N,1995,IC50,8.154902
GIAQQXUCTFYCHO-UHFFFAOYSA-N,1998,IC50,9.619789
GIAQQXUCTFYCHO-UHFFFAOYSA-N,1998,IC50,8.376751
GIAQQXUCTFYCHO-UHFFFAOYSA-N,1998,IC50,8.853872
GIAQQXUCTFYCHO-UHFFFAOYSA-N,1998,IC50,9.468521
GIAQQXUCTFYCHO-UHFFFAOYSA-N,2008,IC50,9.468521
GIAQQXUCTFYCHO-UHFFFAOYSA-N,2008,IC50,8.853872
GIAQQXUCTFYCHO-UHFFFAOYSA-N,2008,IC50,9.619789
GIHKGZFPSSNFJQ-JISGFXAGSA-N,2010,IC50,9.823909
GIHKGZFPSSNFJQ-JISGFXAGSA-N,2010,IC50,8.292430
GIPHSBZIDRUGPC-UJUVCNOISA-N,2011,Ki,9.698970
GITLLSKKQAZZKU-RRPNLBNLSA-N,1996,IC50,6.221849
GKEUZANIGWBYHK-FPOVZHCZSA-N,1995,IC50,9.200659
GKSQDEZTFBLUHC-MOPGFXCFSA-N,2012,IC50,8.585027
GKSQDEZTFBLUHC-OALUTQOASA-N,2012,IC50,8.251812
GKZHSLWHRYPKDP-UHFFFAOYSA-N,2001,IC50,8.013228
GLCIVEUJSREFOQ-DPVFXHEMSA-N,2002,IC50,9.522879
GLFJJJVLKJNYOY-UHFFFAOYSA-N,1998,IC50,5.988853
GLGZVOVECKGFLP-UHFFFAOYSA-N,2014,IC50,6.455932
GLMYRENDOZHTSS-GBLZOACLSA-N,2006,Ki,9.000000
GLMYRENDOZHTSS-SMHULIPUSA-N,2006,Ki,9.366532
GLOQARJVIRHMJL-UHFFFAOYSA-N,1995,IC50,6.096910
GMJLNKOCKKKDLK-UHFFFAOYSA-N,1995,IC50,6.397940
GMYFUYINKONEKD-UHFFFAOYSA-N,1996,IC50,7.508638
GMYQERSHEPCLFH-UHFFFAOYSA-N,1995,IC50,7.795880
GNEJSXZGFJSOEX-OALUTQOASA-N,1995,IC50,7.853872
GNEJSXZGFJSOEX-OALUTQOASA-N,1995,IC50,7.853872
GNFGMQJCVYXXRO-LOSJGSFVSA-N,2013,IC50,10.154902
GNHUJOIJYZOGIY-UHFFFAOYSA-N,1998,IC50,6.815309
GNOYESNOUWJQOE-UHFFFAOYSA-N,2001,IC50,7.823909
GNUKWKXSQWUHHO-UHFFFAOYSA-N,1994,IC50,7.259637
GOEKTEPHELFSRR-MHZLTWQESA-N,1998,IC50,7.443697
GOGKJDVLLWOPKW-YXHYVMOGSA-N,2006,Ki,7.899974
GOGKJDVLLWOPKW-YXHYVMOGSA-N,2006,Kd,9.799971
GOQORMIBYOZRHK-QHCPKHFHSA-N,1994,IC50,6.737549
GPOHXSRIYHKDDY-UHFFFAOYSA-N,1998,IC50,8.481486
GPTRXOXLGBUYRR-UHFFFAOYSA-N,2002,Ki,6.610002
GPUOQABHPXXQED-VMPREFPWSA-N,1992,IC50,7.795880
GQLYJEDNLFTQBD-KYJUHHDHSA-N,1998,Ki,8.657577
GQZCKCNQGNTWQE-UHFFFAOYSA-N,1995,IC50,7.180456
GRIDHXFOQBIQKT-UHFFFAOYSA-N,2013,IC50,8.431798
GRYTVECEMJBDQH-OJZPPULMSA-N,2002,Ki,7.091515
GRZUTNXIIUWUSF-UNMCSNQZSA-N,1995,IC50,8.568636
GSEXKIPDORFXEH-IUFPCKGZSA-N,2001,IC50,9.537602
GSQYJDJNLLCNNJ-SVBPBHIXSA-N,1998,Ki,7.570248
GTBUTLFXQOBLCG-UHFFFAOYSA-N,2006,Ki,8.070581
GTFKLIDYRPSITH-ZSJGZSGZSA-N,2002,Ki,9.301030
GTFUIVFMMYKZKW-UHFFFAOYSA-N,2013,Ki,8.552842
GTJAXMPCMWVBOY-VFRFXQOFSA-N,2007,IC50,10.154902
GTSFMMMOSMNNCZ-UHFFFAOYSA-N,2001,IC50,9.698970
GTYZTMYLHNWKSE-LSTHTHJFSA-N,1995,IC50,8.173925
GUFLJCKYBAWVTR-PQHLKRTFSA-N,1998,IC50,6.096910
GUIGWNGIQKNZBN-HHHXNRCGSA-N,2002,Kd,9.000000
GUIGWNGIQKNZBN-MHZLTWQESA-N,2002,Kd,6.199998
GUIGWNGIQKNZBN-UHFFFAOYSA-N,2002,Kd,8.899974
GUUBAKCFURYWAZ-UHFFFAOYSA-N,1996,IC50,6.970616
GUZKLWUGCGHFHH-DYXWJJEUSA-N,2006,IC50,8.568636
GUZKLWUGCGHFHH-IRFCIJBXSA-N,2006,IC50,8.677781
GVBGRESFEXAWSN-UHFFFAOYSA-N,2011,IC50,7.275724
GVFWBCYSHWYPGP-AETRBLLXSA-N,2001,Ki,7.443697
GVRKQRSTDMXZGX-VAQUTSCRSA-N,2015,Ki,10.301030
GVSFXLQJDMIWHM-PPMPQVTDSA-N,2006,Ki,8.899974
GVSFXLQJDMIWHM-PPMPQVTDSA-N,2006,Kd,8.799971
GVVBQMBHLKJFRI-UHFFFAOYSA-N,1996,IC50,7.292430
GVVCESGMKYLPQX-SAYCYBPYSA-N,2019,Ki,8.886057
GWCNPLNSWCRPJU-UHFFFAOYSA-N,2002,Ki,7.119987
GWOIWHSKGRWNPH-MLYMZAKTSA-N,2001,Ki,8.000000
GWVQSXPCYOIETL-KIEWGBFISA-N,2010,IC50,8.494850
GWVQSXPCYOIETL-KIEWGBFISA-N,2010,IC50,7.823909
GWVQSXPCYOIETL-KIEWGBFISA-N,2010,IC50,8.823909
GWVQSXPCYOIETL-KIEWGBFISA-N,2010,IC50,9.508638
GXDALQBWZGODGZ-UHFFFAOYSA-N,,IC50,4.801535
GXDALQBWZGODGZ-UHFFFAOYSA-N,,Ki,5.064745
GXDHHASFXFRRTG-JSRBVGTNSA-N,2021,IC50,8.853872
GXDHHASFXFRRTG-UHFFFAOYSA-N,2002,IC50,8.853872
GXIFPPFQXPIEKY-UHFFFAOYSA-N,2006,IC50,9.886057
GXIYYBXZKMHKPE-ICSRJNTNSA-N,2008,IC50,9.045757
GXKBHFYZTAQYCX-ANHUGMMASA-N,2014,Ki,7.500038
GXTSWQHJNXPRMX-QCWLJUHMSA-N,1994,IC50,5.318759
GXXBMYFWBOPUCZ-LEWJYISDSA-N,2012,IC50,10.136677
GYCNKTJLOQCTEA-UHFFFAOYSA-N,2013,IC50,7.698970
GYEWGSQAACBKPX-UHFFFAOYSA-N,2011,IC50,9.376751
GYGRAOHPQAELJF-OAHLLOKOSA-N,2015,Ki,5.100000
GYOWORZEZSLHIN-NATPVWCTSA-N,2008,Ki,8.795880
GYVLRBXEOLZDJP-ZHPLTJAJSA-N,2000,Ki,6.866461
GZAMCYJCPQMIHJ-UHFFFAOYSA-N,2002,IC50,9.022276
GZAMCYJCPQMIHJ-UHFFFAOYSA-N,1995,IC50,9.022276
GZAMCYJCPQMIHJ-UHFFFAOYSA-N,1998,IC50,9.022276
GZAMCYJCPQMIHJ-UHFFFAOYSA-N,1998,IC50,9.019997
GZAMCYJCPQMIHJ-UHFFFAOYSA-N,2004,IC50,9.000000
GZAMCYJCPQMIHJ-UHFFFAOYSA-N,2013,IC50,9.000000
GZFMTTIEYCQXLS-UHFFFAOYSA-N,2001,IC50,8.481486
GZGUANKWGWEJTK-XJABCFGWSA-N,2006,IC50,8.721246
GZLOIBNBDUHEFY-FPOVZHCZSA-N,1998,IC50,9.958607
GZMWGGMRTQFVDM-UHFFFAOYSA-N,2002,IC50,7.599980
GZXLERCNTYZOGB-ALHJQXIUSA-N,2002,IC50,9.154902
GZXLERCNTYZOGB-OZIXAUCHSA-N,2002,IC50,7.070581
HAICMSYYIMFNOF-XAHIPPIJSA-N,2006,Ki,8.199971
HAICMSYYIMFNOF-XAHIPPIJSA-N,2006,Kd,8.899974
HATNRBQJMSRMEP-RPWUZVMVSA-N,2010,Ki,8.801343
HBAPMWYWEYPKLS-UNMCSNQZSA-N,1996,IC50,9.275724
HBAPMWYWEYPKLS-UNMCSNQZSA-N,1998,IC50,9.299989
HBDJTAXFKXXUNZ-UHFFFAOYSA-N,2013,IC50,7.244125
HBEGTMOMACFCHB-UHFFFAOYSA-N,1995,IC50,7.481486
HCFNCEYBYZIOAZ-UHFFFAOYSA-N,2013,IC50,6.744727
HCGIROBRNBTDFG-NRFANRHFSA-N,2012,Ki,8.677781
HCGIROBRNBTDFG-NRFANRHFSA-N,2012,Ki,8.886057
HCGLONGKSUMFIX-WOQJSSNBSA-N,2000,Ki,7.207608
HCKQHXNWJMHBJT-MUUNZHRXSA-N,1996,IC50,9.744727
HCKQHXNWJMHBJT-NDEPHWFRSA-N,1996,IC50,7.092051
HCKQHXNWJMHBJT-UHFFFAOYSA-N,1996,IC50,9.468521
HCKXMTSBKOYSJY-IGBKUBFESA-N,1998,IC50,5.700001
HCNNJLLLMSVTFH-UHFFFAOYSA-N,2006,Ki,9.236572
HDCFCWFTSFQKMC-WHIIXXIBSA-N,2008,Ki,9.045757
HDCFCWFTSFQKMC-YIILKADPSA-N,2008,Ki,9.522879
HDRZMSGUAKJYEE-UHFFFAOYSA-N,1994,IC50,7.113509
HDUXCTJRNTXGBA-AMKSYCFISA-N,2006,IC50,9.154902
HEAUFJZALFKPBA-JPQUDPSNSA-N,1998,Ki,6.200659
HEGGNUSNVKNEOF-UHFFFAOYSA-N,1996,IC50,8.721246
HENCBHAKHZDBGT-UHFFFAOYSA-N,2017,IC50,8.677781
HENCBHAKHZDBGT-UHFFFAOYSA-N,2018,IC50,8.677781
HEXDZNMIGUYTNE-UHFFFAOYSA-N,2002,Kd,8.000000
HFHAKFYUEVBREO-UHFFFAOYSA-N,1996,IC50,6.645892
HFHVHLAVHVRGJU-UHFFFAOYSA-N,2000,IC50,8.522879
HFWXBUXIGDHRIC-UHFFFAOYSA-N,2018,IC50,8.675718
HFXUYZQVCSUBMO-UHFFFAOYSA-N,2002,IC50,8.677781
HGLYAHAZJGCWKJ-UHFFFAOYSA-N,2004,IC50,7.283997
HGNXVSBHANEPQF-QFIPXVFZSA-N,2014,Ki,7.100015
HGPMXNZOBKZRFR-KPZWWZAWSA-N,2006,Ki,7.031517
HGPMXNZOBKZRFR-KZULUSFZSA-N,2006,Ki,9.221849
HGPMXNZOBKZRFR-KZULUSFZSA-N,2008,Ki,9.221849
HGPMXNZOBKZRFR-XIKOKIGWSA-N,2006,Ki,7.387216
HGZMZNGGJOZVFE-UHFFFAOYSA-N,2010,Ki,9.107905
HHBOFAIEPRHUSR-HNNXBMFYSA-N,2014,IC50,8.207608
HHBOFAIEPRHUSR-HNNXBMFYSA-N,2014,Ki,8.283997
HHBOFAIEPRHUSR-HNNXBMFYSA-N,2014,Ki,8.283997
HHBYAZNEZQQRNN-UHFFFAOYSA-N,2002,IC50,6.769551
HHESVMJOGBBVKM-BJSJXSMNSA-N,2001,Ki,7.744727
HHQNKWBPRLOSPW-BUALBWRZSA-N,1995,IC50,8.154902
HHQOEPKLIPHRNY-UHFFFAOYSA-N,2000,IC50,8.886057
HHRSDRPDFNUAPK-KRWDZBQOSA-N,2014,Ki,6.499997
HHVMTHPROAGMTO-OJZPPULMSA-N,2002,Ki,7.408935
HHWCTCWUXQCOHR-RIOIIYTLSA-N,2001,IC50,7.698970
HHYXMPLEGVKQIW-FPOVZHCZSA-N,1996,IC50,9.657577
HHYXMPLEGVKQIW-FPOVZHCZSA-N,1998,IC50,9.700057
HHZOEEMDINZDEC-UHFFFAOYSA-N,1995,IC50,7.638272
HIAJKTDCGCVKRZ-PNFNHJRFSA-N,2002,Ki,9.045757
HIAXBDRRMRHHSX-FQEVSTJZSA-N,1994,IC50,7.060481
HIHKWWMEJLAOLH-PMACEKPBSA-N,2011,IC50,9.769551
HIHKWWMEJLAOLH-VQTJNVASSA-N,2011,IC50,8.431798
HIICGKDBMNCMRY-KGHROGAJSA-N,2010,IC50,9.886057
HIICGKDBMNCMRY-KGHROGAJSA-N,2010,IC50,8.853872
HIJZDNMAHNZBTQ-UHFFFAOYSA-N,2002,Kd,8.899974
HIKPFUFQBJEXME-UHFFFAOYSA-N,1998,IC50,6.787812
HIXKQYYKPASOGY-SVBPBHIXSA-N,1998,IC50,6.229148
HJAQMJATMQOAIW-SYBRLPANSA-N,1994,IC50,5.000000
HJVOZXMMJRZKQU-UHFFFAOYSA-N,1995,IC50,6.498941
HKEDNGJQBGWNSF-QGZVFWFLSA-N,1998,IC50,7.154902
HKQKWZAMVUVBGL-VQTJNVASSA-N,1996,IC50,8.795880
HLBLLGYOMVQROQ-BZDUDJNJSA-N,2002,Ki,8.744727
HLBVBGPVIQZGOD-UHFFFAOYSA-N,2011,IC50,8.958607
HLBVBGPVIQZGOD-UHFFFAOYSA-N,2011,IC50,8.823909
HLBVBGPVIQZGOD-UHFFFAOYSA-N,2011,IC50,9.207608
HLIHPODCOYBKPV-XZDKCQRISA-N,1993,Kd,6.900009
HLIHPODCOYBKPV-XZDKCQRISA-N,1993,IC50,7.070581
HLLXSXCPLYJSSX-MULCNKJOSA-N,2001,Ki,8.397940
HLSABUHKBONAJY-FDEZRRJOSA-N,2002,Ki,9.096910
HLXSDXICZGENQQ-UHFFFAOYSA-N,2003,Ki,8.500038
HMCACXWESDLLOQ-APKLWFBNSA-N,1996,Ki,9.199971
HMFVPOKPHBIIOI-XCZPVHLTSA-N,1998,IC50,9.400008
HNADAHHCTSBAMF-UHFFFAOYSA-N,2011,IC50,8.229148
HNIFCPBQMKPRCX-UHFFFAOYSA-N,2010,Ki,5.187087
HNLXDBKQNYDVCI-WFKCRPRESA-N,2015,Ki,9.468521
HNQIZPRWNRLKAA-IFZYUDKTSA-N,2006,IC50,9.552842
HNYCTUJIKKNHPR-YCTXJJCUSA-N,2002,Ki,8.619789
HOFQNBZCEZYVOE-CONSDPRKSA-N,1998,Ki,8.420216
HOJXDVPSQSRWNU-SFHVURJKSA-N,1994,IC50,7.698970
HOLYVOXJFVZCRT-XIFFEERXSA-N,2002,Ki,7.823909
HONGMXSIPVBQJH-HWLOXFRGSA-N,2001,Ki,8.096910
HOXMJKBXEYOSML-UHFFFAOYSA-N,2004,IC50,10.522879
HOXMJKBXEYOSML-UHFFFAOYSA-N,2011,IC50,7.036212
HPCQUEPOWDHXQR-ZUSMLRIVSA-N,2007,IC50,9.619789
HPNPIPKYYHLBEB-XKMRCYARSA-N,2002,Ki,8.301030
HPPQGIFLKZFURI-UHFFFAOYSA-N,1998,IC50,6.966576
HPSOFZODPZQTAH-UHFFFAOYSA-N,1995,IC50,6.075721
HPUOJOVHXLUXCC-VEYWIMSWSA-N,2006,Ki,8.886057
HPYVATHTKDMNGH-UHFFFAOYSA-N,2006,Ki,8.468521
HQHFIEUYQAJYLY-GOUQPXDXSA-N,1995,IC50,4.420216
HQHFIEUYQAJYLY-WLGONLEPSA-N,1995,IC50,4.585027
HQVRNLIDCXUVHE-XFQWPLCWSA-N,2015,Ki,5.991400
HRLYOOMQPVBDAN-UHFFFAOYSA-N,2001,IC50,9.221849
HRLYOOMQPVBDAN-UHFFFAOYSA-N,2001,IC50,9.221849
HRNKBAZAWCPGGM-UHFFFAOYSA-N,2011,IC50,7.508638
HRPYLLLWDCANGS-UVNMLMKLSA-N,1996,IC50,7.552842
HRUXUGMUUKKNBF-UHFFFAOYSA-N,1996,IC50,7.337242
HSKGUZGJDJTCIJ-HSZRJFAPSA-N,2002,IC50,8.568636
HSPRYBQFUPQTHV-UHFFFAOYSA-N,2014,IC50,7.853872
HSRXPFPQSJNQHE-FFYHKUAESA-N,2002,Ki,6.804100
HTLSINNHNFLIHS-AMCKHAKVSA-N,1998,IC50,5.090000
HTLSINNHNFLIHS-DWFNGTSHSA-N,1998,IC50,6.890017
HTLSINNHNFLIHS-JCMHNJIXSA-N,1995,IC50,5.532688
HTLSINNHNFLIHS-JCMHNJIXSA-N,1995,IC50,5.086186
HTLSINNHNFLIHS-JCMHNJIXSA-N,1995,IC50,5.124939
HTLSINNHNFLIHS-PXLXIMEGSA-N,1995,IC50,6.920819
HTLSINNHNFLIHS-PXLXIMEGSA-N,1995,IC50,6.889410
HTLSINNHNFLIHS-PXLXIMEGSA-N,1995,IC50,6.211125
HTNOITRQNGWBCW-CYLPJFJESA-N,2007,Ki,9.096910
HTNOITRQNGWBCW-CYLPJFJESA-N,2007,IC50,8.569925
HTQPNCOATOPAJK-ICQJPXRGSA-N,1994,IC50,7.236572
HTSQNJFEFBCXIY-JJQQXIGVSA-N,2010,IC50,9.568636
HTSQNJFEFBCXIY-JJQQXIGVSA-N,2010,IC50,8.408935
HTTWDWQIOXEYEH-MLYMZAKTSA-N,2002,Ki,7.638272
HTZLLODPNQCCEG-JFXHSDHMSA-N,2001,Ki,8.221849
HUALDBGBGSZLON-UHFFFAOYSA-N,2001,IC50,8.200659
HUBLDDBZWROLJY-JYQZRRITSA-N,2013,IC50,10.309804
HUERSZSCUMQRFY-UHFFFAOYSA-N,2002,Kd,9.000000
HUPLJWMCMSKOPD-IYFRSFRXSA-N,1996,IC50,6.224754
HUSFNZORCKCZQT-UHFFFAOYSA-N,2001,IC50,7.966576
HUWACXBSZGMJNL-OALUTQOASA-N,2011,IC50,8.920819
HUWOCTYCYVHXPK-UHFFFAOYSA-N,2011,IC50,9.468521
HVRBWBAGGZQXPZ-FQQGMQMYSA-N,2011,Ki,9.029979
HVRBWBAGGZQXPZ-XORNHQRDSA-N,2011,Ki,9.619970
HVUWPNYSILBPFH-PKTZIBPZSA-N,2010,Ki,8.958607
HVVQYXZAJOSRJZ-FNFCYJGBSA-N,2015,Ki,9.070581
HVWRVAHBKREIOR-HKUYNNGSSA-N,1998,IC50,9.853872
HVXMBFDDSNHMEA-ASRPOVPCSA-N,2002,IC50,8.619789
HWAOAHKCJZNXSB-UHFFFAOYSA-N,2000,IC50,6.886057
HWXJZYJEUPUUCM-UHFFFAOYSA-N,2003,Ki,9.000000
HXDFCVUEFGABQU-UHFFFAOYSA-N,2000,IC50,7.091515
HXEVSMSRSONRKR-SFHVURJKSA-N,1994,IC50,8.096910
HXEVSMSRSONRKR-SFHVURJKSA-N,1998,IC50,7.819874
HXFSUWJMLSTMEH-UHFFFAOYSA-N,2011,IC50,6.568636
HXKCARPNNJLDND-UHFFFAOYSA-N,2004,IC50,7.769551
HXKICKCHXGVWDV-RXVVDRJESA-N,1995,IC50,6.643974
HXMZUPPJLGAPIV-SMTCOIIISA-N,2002,Ki,8.327902
HXYBGSBEAXRDNM-XXOQXHNZSA-N,2006,IC50,9.602060
HYHOBIXFGWNRJI-NDPVAKIZSA-N,2002,IC50,7.619789
HYVDVRAQILFVQT-GMAHTHKFSA-N,1995,Ki,10.199971
HYZLLOJCJGJTLA-AMKSYCFISA-N,2006,IC50,9.221849
HZEOYQIWCRCGNG-UHFFFAOYSA-N,2000,IC50,7.823909
HZJXPJDIXMSFTF-ZCYQVOJMSA-N,1995,Ki,9.400008
HZJZQJCMAGYKKL-UHFFFAOYSA-N,2002,Ki,8.079981
HZLKQILBSBUCFK-BWQCZWHASA-N,2002,IC50,8.920819
HZMLMXFDGHXQOO-CYLPJFJESA-N,2007,Ki,9.221849
HZMLMXFDGHXQOO-CYLPJFJESA-N,2007,IC50,8.689944
IAPWULQKEDSAGP-UHFFFAOYSA-N,2002,Ki,6.869666
IATCLJLCYDIURR-UHFFFAOYSA-N,2013,IC50,8.721246
IBMYPZNNBNFMQV-URLMMPGGSA-N,1996,IC50,6.721246
IBWUZTJASHTQDR-UHFFFAOYSA-N,1996,IC50,8.080922
ICAIEGHMXOMWIC-RUZDIDTESA-N,1998,IC50,6.769551
ICBSQYXTXCHQCY-UHFFFAOYSA-N,1995,IC50,6.815309
IDKSGROGHXKFIS-BJKOFHAPSA-N,1996,IC50,8.000000
IDKSGROGHXKFIS-BJKOFHAPSA-N,1996,IC50,7.318759
IDVQINSMOIOUOV-QNGWXLTQSA-N,1993,IC50,7.769551
IDVYVVGIQIVDOX-UHFFFAOYSA-N,1994,IC50,5.619789
IEBPGZDVZLOWFP-FEMONOMJSA-N,2001,Ki,7.301030
IEFMFWHANVDXJW-KYJUHHDHSA-N,1998,Ki,8.455932
IEMQDTNVDLFVMI-QGZVFWFLSA-N,1998,IC50,9.366532
IEOZIHFWECPTLH-FPOVZHCZSA-N,1995,Ki,9.100015
IEUUCAURFSXHRZ-UHFFFAOYSA-N,1995,IC50,7.080922
IEYQHTJOUJKMRE-CYCSKUDLSA-N,2006,IC50,9.698970
IEYQHTJOUJKMRE-XIEYUCHBSA-N,2006,IC50,9.602060
IEYWODZRHHRXAA-GOTSBHOMSA-N,1996,IC50,7.443697
IEYWODZRHHRXAA-GOTSBHOMSA-N,1998,IC50,7.400008
IFHAMYMAFCZVIW-UHFFFAOYSA-N,2000,IC50,6.886057
IFJMTNVCZPSLCI-UHFFFAOYSA-N,1997,Ki,7.500038
IFPPRPWFEFODEU-UHFFFAOYSA-N,2002,Ki,7.602060
IFRYCZCTTATFOV-UHFFFAOYSA-N,2002,Ki,7.431798
IFYSHYSCLCXIBE-GTCGAKFVSA-N,2005,IC50,8.000000
IGAXDMFXJYIUIV-XIFFEERXSA-N,1998,IC50,8.899974
IGCPWDNMPNIUIJ-UHFFFAOYSA-N,1995,IC50,8.886057
IGJOBCGNZPJBJN-UHFFFAOYSA-N,1995,IC50,6.452225
IGJOBCGNZPJBJN-UHFFFAOYSA-N,1995,IC50,8.494850
IGJOBCGNZPJBJN-UHFFFAOYSA-N,1995,IC50,7.638272
IGNGDXXVFAEFPS-UHFFFAOYSA-N,2013,IC50,7.657577
IGSOVECSOZYGEW-QGZVFWFLSA-N,1998,IC50,7.823909
IGTBNUVMBDYPQG-UHFFFAOYSA-N,2006,Ki,5.903090
IHIXHRXOBUMHTB-ZONNCAFXSA-N,2002,Ki,9.221849
IHOJMXXFLZHXRR-UHFFFAOYSA-N,2003,Ki,7.799971
IIKGQLGUZILRIB-HKBQPEDESA-N,1997,Kd,5.420216
IILGQXXXFXWYDL-ZSJGZSGZSA-N,2002,Ki,8.795880
IIVSOKLGSZAKGE-UHFFFAOYSA-N,2011,IC50,7.040959
IJFWWOVMXWFJDI-VWLOTQADSA-N,1995,IC50,9.522879
IJPXQDBNHGVJAQ-SVBPBHIXSA-N,1998,IC50,8.700057
IKANDILRQJBOOG-UHFFFAOYSA-N,2002,Ki,7.130006
IKHGNAJUVAULNG-MNIDXLESSA-N,2002,Ki,8.657577
IKLSMBSHBLSZOC-UHFFFAOYSA-N,2000,IC50,9.055517
IKQYEUCFUOVMGM-ZUOKHONESA-N,2006,Ki,9.096910
IKROAVAVBXVDKX-HOZJOUCCSA-N,2010,Ki,9.397940
IKROAVAVBXVDKX-XVTZWQNCSA-N,2010,Ki,9.468521
ILEJUPVCFWLSHB-ROUUACIJSA-N,1995,IC50,7.602060
ILSQIFBVDDXMLY-UHFFFAOYSA-N,2017,IC50,9.000000
ILSQIFBVDDXMLY-UHFFFAOYSA-N,2018,IC50,9.000000
ILUXOOXAZQEODK-KXEZBXAJSA-N,2002,Ki,7.244125
IMMRQJKFAMQIFK-UHFFFAOYSA-N,2003,Ki,7.199971
IMOMGKUGBUZWGV-UHFFFAOYSA-N,2018,IC50,8.596879
IMZAFOWPUFTKBQ-NSOVKSMOSA-N,1993,IC50,7.677781
IMZAFOWPUFTKBQ-NSOVKSMOSA-N,1998,IC50,7.680062
IMZAFOWPUFTKBQ-UHFFFAOYSA-N,1995,IC50,7.698970
INYRSRVWJHHQCB-UHFFFAOYSA-N,2001,IC50,8.050610
IOACPIKKSGPKPW-UHFFFAOYSA-N,1995,IC50,6.221849
IOIJNSLWZAOUPA-CYEXUTLASA-N,2014,Ki,8.599980
IORNNFZUEYOWBO-UHFFFAOYSA-N,2002,Ki,6.866461
IPBIPGMDYKXPNL-SVBPBHIXSA-N,1998,Ki,7.524329
IPHLJEAOWLQDBF-UHFFFAOYSA-N,2000,IC50,5.657577
IPMMBNAOLDMKAM-PYIJLGDTSA-N,2009,IC50,9.750068
IPMMBNAOLDMKAM-PYIJLGDTSA-N,2009,Ki,10.113509
IPQSEKMUUNQIQD-UHFFFAOYSA-N,2005,IC50,7.508638
IPWMVUCHZLFYDN-UHFFFAOYSA-N,1998,IC50,7.899629
IQGQQMKTQGVWKG-IBGZPJMESA-N,2011,Ki,7.494850
IQGQQMKTQGVWKG-IBGZPJMESA-N,2011,Kd,7.500038
IQGTUPXJLRMAOA-OHQNULFHSA-N,2015,Ki,9.920819
IQIGYVQQRKFGLN-HSYVCWSSSA-N,1994,IC50,4.920819
IQJMZJZSQJQNCF-UHFFFAOYSA-N,2001,IC50,8.657577
IQKIYBUXSZWUTP-MHCDBONUSA-N,2015,Ki,8.251812
IQNVLMRVUGAEBD-HIXSDJFHSA-N,2002,Ki,7.481486
IRIFESWSRQBRPW-CKWXOEDFSA-N,2008,Ki,8.853872
ISKBUGHVJHBDHX-LHEWISCISA-N,2011,Ki,7.508638
IUIUBUZQXJCBDQ-UHFFFAOYSA-N,1996,IC50,7.481486
IUTJVYXENVBOEH-UHFFFAOYSA-N,2002,Kd,9.299989
IUUBIFKGJJLFPL-UHFFFAOYSA-N,2003,Ki,7.700057
IVIQHHCTWSXXCT-WENCNXQZSA-N,1995,IC50,9.260032
IVIQHHCTWSXXCT-WENCNXQZSA-N,2001,IC50,8.978811
IVIQHHCTWSXXCT-WENCNXQZSA-N,2001,IC50,8.229148
IVIQHHCTWSXXCT-WENCNXQZSA-N,2015,IC50,9.000000
IVKBBTLEZLRUHI-ZSJGZSGZSA-N,2002,Ki,8.769551
IVOCPWQPMWNGPI-MHZLTWQESA-N,1998,IC50,8.113509
IVTXMVOXEXNZPJ-PUCZYUMASA-N,2007,IC50,9.853872
IWAUTRZUTAWFDX-BERJDBMDSA-N,2002,Ki,9.096910
IWCIFSUKOATETE-AZOXIEDXSA-N,2008,Ki,9.301030
IWEYVTFOHKCWJN-ABYGYWHVSA-N,1996,IC50,5.522879
IWEYVTFOHKCWJN-ABYGYWHVSA-N,1995,IC50,5.522879
IWYYILZQWTZMBD-HKUYNNGSSA-N,1995,Ki,10.299989
IWZISMFLCRETGY-SFTDATJTSA-N,2011,IC50,10.065502
IWZSETOJTMHNIP-UHFFFAOYSA-N,2013,IC50,7.346787
IXAYPVHFYLGKGT-RSKZVPLKSA-N,2010,IC50,8.769551
IXAYPVHFYLGKGT-RSKZVPLKSA-N,2010,IC50,10.096910
IXAYPVHFYLGKGT-VYUYYQKWSA-N,2010,IC50,9.113509
IXAYPVHFYLGKGT-VYUYYQKWSA-N,2010,IC50,10.221849
IXCRAIPNQOAOGF-VWLOTQADSA-N,1995,IC50,9.769551
IXCRAIPNQOAOGF-VWLOTQADSA-N,1995,IC50,9.619789
IXCRAIPNQOAOGF-VWLOTQADSA-N,1995,IC50,8.853872
IXCRAIPNQOAOGF-VWLOTQADSA-N,1998,IC50,9.770062
IXFOAHRLJSIABO-UHFFFAOYSA-N,2000,IC50,8.677781
IYBKCWABKHOZDN-XORNHQRDSA-N,2010,Ki,9.229148
IYFACCQJUYZHHO-UHFFFAOYSA-N,1995,IC50,7.267606
IYOXNASDXZTFMJ-UHFFFAOYSA-N,2011,IC50,8.309804
IYYPPYLIGSSILC-RQCIJDPDSA-N,2015,Ki,8.853872
IYYPPYLIGSSILC-RQCIJDPDSA-N,2015,Ki,8.090979
IZLWIMJQGROQDC-OJZPPULMSA-N,2002,Ki,7.698970
IZRHKURJIQCXMT-WMZOPIPTSA-N,1998,IC50,7.963770
JADGYJSQQQKTON-UHFFFAOYSA-N,2002,Ki,7.339989
JAMXUJZOSFCSDE-UHFFFAOYSA-N,2013,IC50,7.180456
JATRHWFLYQWVOP-PMACEKPBSA-N,2011,IC50,10.309804
JBANDCXQHHODFB-LFHWKTFOSA-N,2010,IC50,8.769551
JBANDCXQHHODFB-LFHWKTFOSA-N,2010,IC50,7.142668
JBHLDFWFKHUKBN-IBGZPJMESA-N,2014,Ki,6.499997
JBHLDFWFKHUKBN-LJQANCHMSA-N,2014,Ki,5.599999
JBKANADLNPFWIK-XVDWRUNBSA-N,2000,Ki,6.946922
JBVZKIPJQKKQCY-UHFFFAOYSA-N,1995,IC50,6.573489
JCJPMSLGXSUYHY-XUZZJYLKSA-N,2013,IC50,7.102373
JCKNROOTXBQYOS-YXHYVMOGSA-N,2006,Ki,9.400008
JCKNROOTXBQYOS-YXHYVMOGSA-N,2006,Kd,8.899974
JCNGFFPINBNJRH-DCWQJPKNSA-N,2006,Ki,8.599980
JCNGFFPINBNJRH-DCWQJPKNSA-N,2006,Kd,9.199971
JCQSGNUMUCYWTO-UHFFFAOYSA-N,1998,IC50,7.700057
JCQSGNUMUCYWTO-UHFFFAOYSA-N,2013,IC50,7.721246
JCWDFVQRQXWEJE-ANHUGMMASA-N,2014,Ki,7.700057
JCWDFVQRQXWEJE-DODOAAEWSA-N,2014,Ki,6.399997
JCWDFVQRQXWEJE-SJHOIFEDSA-N,2014,Ki,6.199998
JCWDFVQRQXWEJE-ZBWWXOROSA-N,2014,Ki,6.900009
JCYBYWFFRFKLHB-FYTJDIJESA-N,2022,IC50,5.244125
JDZPZWKVNPKOCW-JSKGAOECSA-N,2002,Ki,7.301030
JEVJEXOPWIYIHY-UGKGYDQZSA-N,1996,Ki,10.299989
JEXOUFPHBGFBFW-UHFFFAOYSA-N,2013,IC50,8.698970
JEZKKPXWSVQUPH-NBGIEHNGSA-N,2011,Ki,6.468521
JFBCXOANABQRMF-UHFFFAOYSA-N,1995,IC50,7.958607
JFCGXHNAIMSZNV-OZMGXUMRSA-N,2002,Ki,7.585027
JFGLWAYTUSEUIY-QFIPXVFZSA-N,2014,Ki,6.599998
JFKWNUOGNLIQPF-DQEYMECFSA-N,1995,IC50,6.958607
JGSRAKURBIPPHL-ROUUACIJSA-N,2011,IC50,8.075721
JHDXXNTYBOADFV-FQQGMQMYSA-N,2006,Ki,9.522879
JHDXXNTYBOADFV-VZPUWSDOSA-N,2006,Ki,9.397940
JHELCNUBUCOOEC-MXJFGAHCSA-N,2002,Ki,8.721246
JHFYQTLWYXLJOH-IESGLXGPSA-N,2011,Ki,4.000000
JHFYQTLWYXLJOH-IESGLXGPSA-N,2011,Kd,6.699992
JHGJAAPNOIHGDJ-XGUPMAOUSA-N,2015,Ki,8.958607
JHHSDIZOFCKLTQ-NRFANRHFSA-N,2014,IC50,8.187087
JHUWNMRWMBJVFR-UHFFFAOYSA-N,2001,IC50,8.283997
JICJDNGTRWWBQM-SVBPBHIXSA-N,1998,IC50,6.537602
JINCVNAITAJQCM-INIZCTEOSA-N,2014,IC50,7.217527
JIRPCGSGAFSCJQ-UHFFFAOYSA-N,2002,IC50,5.899998
JIWGLAUBRTXBNX-XKKPCFNCSA-N,2006,Ki,8.899974
JIWGLAUBRTXBNX-XKKPCFNCSA-N,2006,Kd,9.199971
JIYMZYDKZMRNFP-RUZDIDTESA-N,2001,IC50,9.008774
JJFMDBVGVPOKRI-UHFFFAOYSA-N,2011,IC50,8.022276
JJKIBFLSCJUQHC-UHFFFAOYSA-N,1994,IC50,7.086186
JKJDVBSGBXQCLI-AZOXIEDXSA-N,2008,Ki,9.397940
JMEKLKBPAWJBOV-UHFFFAOYSA-N,2009,Ki,6.818728
JMIKNHGMALLEMU-SSEXGKCCSA-N,2005,IC50,6.793174
JMIKNHGMALLEMU-UHFFFAOYSA-N,1996,IC50,6.567031
JMPFLCLLMDQYKW-FPOVZHCZSA-N,1998,IC50,9.744727
JMTNSBHIHIHOHW-UHFFFAOYSA-N,2002,Ki,5.370000
JNEKMFLSGNIIOD-UHFFFAOYSA-N,2000,IC50,8.823909
JNFUTZSQRSWFOX-UHFFFAOYSA-N,2006,Ki,9.397940
JNSYLTHKBVSSSE-VQTJNVASSA-N,2012,IC50,10.698970
JNSYLTHKBVSSSE-VQTJNVASSA-N,2012,IC50,10.283997
JOASHCFTUBZIDB-FBJLLXQBSA-N,2008,Ki,9.698970
JOASHCFTUBZIDB-QVJSAIJNSA-N,2008,Ki,9.698970
JOPRCPKSWSXBTD-FRJQFDSNSA-N,2002,IC50,9.585027
JOSUEJRRQNCMDZ-UHFFFAOYSA-N,2011,IC50,7.013228
JOTAAZWGDRXATN-UHFFFAOYSA-N,2013,IC50,8.920819
JOTMNMNWQYWMOE-SFTDATJTSA-N,1995,IC50,6.705534
JOTMNMNWQYWMOE-SFTDATJTSA-N,1995,IC50,6.301030
JOTMNMNWQYWMOE-UHFFFAOYSA-N,1995,IC50,6.987163
JPPUNFKZEZFACO-UHFFFAOYSA-N,1994,IC50,7.769551
JPQLYXMJKNOOIS-UNMCSNQZSA-N,2007,IC50,9.221849
JPQLYXMJKNOOIS-UNMCSNQZSA-N,2011,IC50,9.221849
JPUMLQVRNXWYSA-KRWDZBQOSA-N,1998,IC50,7.590067
JPUMLQVRNXWYSA-KRWDZBQOSA-N,2011,IC50,7.602060
JPUMLQVRNXWYSA-UHFFFAOYSA-N,1995,IC50,7.657577
JPUMLQVRNXWYSA-UHFFFAOYSA-N,1995,IC50,7.585027
JPZJGETVYAMUNI-UHFFFAOYSA-N,1997,Ki,6.000000
JREBGRHWCUPUKA-DSPMFFIESA-N,2015,Ki,7.886057
JREBGRHWCUPUKA-DSPMFFIESA-N,2015,Kd,6.439998
JREBGRHWCUPUKA-DSPMFFIESA-N,2015,Ki,7.886057
JREBGRHWCUPUKA-DSPMFFIESA-N,2015,Ki,8.191114
JRNWVEJTBSFZTD-UHFFFAOYSA-N,1995,IC50,6.705534
JRQLUGQQZPCLHN-JFXHSDHMSA-N,2000,Ki,7.619789
JRQLUGQQZPCLHN-VDMDNSBISA-N,2000,Ki,7.468521
JRQRQMINYXEZFS-QHCPKHFHSA-N,1998,Ki,5.896196
JSNZMVJAAYILPX-UHFFFAOYSA-N,2002,Ki,5.640000
JSSIHFUHGXNMHG-UHFFFAOYSA-N,2002,IC50,8.045757
JSSIHFUHGXNMHG-UHFFFAOYSA-N,2005,IC50,8.045757
JSVODGCJIFWOER-UHFFFAOYSA-N,1997,IC50,7.356547
JSVODGCJIFWOER-UHFFFAOYSA-N,1997,IC50,6.193820
JSYXAMQNGRVZDR-QHCPKHFHSA-N,1994,IC50,8.568636
JSYXGDWNKVWMQZ-JSLDZMDGSA-N,2002,Ki,7.494850
JTAYLPLPEXUFKU-FIRIVFDPSA-N,1998,IC50,6.853872
JTHFKRBAGMFRLP-BGYRXZFFSA-N,2017,IC50,8.655608
JTHFKRBAGMFRLP-BGYRXZFFSA-N,2018,IC50,8.655608
JTHFKRBAGMFRLP-MXVIHJGJSA-N,2017,IC50,8.790485
JTHFKRBAGMFRLP-MXVIHJGJSA-N,2018,IC50,8.790485
JTNZAZWXIUSVNY-UNMCSNQZSA-N,1992,IC50,6.312471
JTNZAZWXIUSVNY-UNMCSNQZSA-N,1998,IC50,6.630005
JTRGNZGZWJSRSX-NCEZUQNJSA-N,2006,IC50,9.387216
JUCCJJMYIFPLSB-UHFFFAOYSA-N,1998,IC50,7.267606
JUCZGNXHCDAERA-RDPGKOORSA-N,2006,IC50,9.387216
JUDCITKDCFGXAF-UHFFFAOYSA-N,2002,Kd,8.500038
JUEVJDUKWZZUKF-UHFFFAOYSA-N,2008,IC50,7.259637
JUIIIRFUCKWYSB-OGINWGRTSA-N,2007,IC50,9.958607
JUILYWDUKXVHHE-OMKJIRLASA-N,2010,IC50,10.387216
JUILYWDUKXVHHE-OMKJIRLASA-N,2010,IC50,9.677781
JUQHUETWINQXRD-RTWAWAEBSA-N,1994,IC50,6.154902
JUQHUETWINQXRD-SFTDATJTSA-N,1994,IC50,6.853872
JUTJFEMBTKVBCO-UHFFFAOYSA-N,2008,IC50,6.507240
JVCKKWZCSIKZIY-PMERELPUSA-N,1998,IC50,6.478862
JVFWMCDLDRFBQK-UIOOFZCWSA-N,1998,Ki,7.096910
JVGLPNAFXMQTND-QHCPKHFHSA-N,1994,IC50,6.815309
JVHAYPAHYRTCJS-WVQMWBIHSA-N,1993,IC50,7.063989
JVOPERVUZMQBMU-UHFFFAOYSA-N,1999,IC50,8.744727
JWFRVJYQGQVKBH-ICSRJNTNSA-N,1998,IC50,10.045757
JWRJCBGNBMANEE-UHFFFAOYSA-N,1999,IC50,9.070581
JXTKCJKWJDHOHE-SMCANUKXSA-N,2016,Ki,7.200659
JXUBKJLKDMQAKS-XGXIMLBESA-N,2006,IC50,9.259637
JXYBGOIIBBZYGG-VMPREFPWSA-N,1998,Ki,8.585027
JYCLPXSCZKCIMO-YEFUCVGBSA-N,2002,Ki,5.790485
JYKUBOMZRYPVJA-BIYSMUELSA-N,2010,IC50,9.886057
JYKUBOMZRYPVJA-BIYSMUELSA-N,2010,IC50,8.267606
JYTLTYKPVLVMNT-QHCPKHFHSA-N,1994,IC50,6.614394
JZDPXZLJGCVRBD-UHFFFAOYSA-N,1995,IC50,6.318759
JZEQFVDLSUHIOP-WUTOFTNFSA-N,2006,IC50,9.481486
KAVQUKCTJVLFSB-VWLOTQADSA-N,1995,IC50,9.327902
KBBXXVKUKBWTIG-BDYUSTAISA-N,1998,Ki,7.110138
KBIKENJDJYPBNS-UHFFFAOYSA-N,2002,Kd,9.500038
KBLCNIZPWNZNKH-UHFFFAOYSA-N,1995,IC50,6.598599
KBPNMQPYRYNDHB-UHFFFAOYSA-N,2000,IC50,8.769551
KBULHCWLNOPYFW-UHFFFAOYSA-N,1998,IC50,6.266001
KBVPOFHEUMGKGC-XZOQPEGZSA-N,1996,IC50,7.958607
KCAVUUMWZQIOGX-UHFFFAOYSA-N,1995,IC50,7.022276
KCAVUUMWZQIOGX-UHFFFAOYSA-N,1995,IC50,8.154902
KCHZSHRRZWMRFQ-RRPNLBNLSA-N,1996,IC50,6.055517
KCSRJADYKPWYMI-ACHIHNKUSA-N,1998,IC50,5.017729
KDLUBXVKFJCDHI-HSZGREIDSA-N,1997,IC50,5.638272
KDLUBXVKFJCDHI-JWZRJXMASA-N,1998,IC50,7.519993
KDLUBXVKFJCDHI-NRXDVHJQSA-N,1997,IC50,7.522879
KDMRETSUDYJFOO-QUCQDJGISA-N,2008,IC50,9.045757
KDPPKHYNYFGRQU-UHFFFAOYSA-N,2011,IC50,7.853872
KEABBCJDBHTNKY-UHFFFAOYSA-N,2011,IC50,7.013228
KEBGEOSFYGRLDX-LEWJYISDSA-N,2011,IC50,9.698970
KEBGEOSFYGRLDX-SFTDATJTSA-N,2011,IC50,10.136677
KEBGEOSFYGRLDX-SFTDATJTSA-N,2011,IC50,10.769551
KEIDAWJRPFNTCH-HOGWAELTSA-N,2001,Ki,7.721246
KFBANIMWFPGVGW-KPITYXSVSA-N,2002,Ki,8.130768
KFKDZZIVWULHSW-RPWUZVMVSA-N,2010,Ki,8.677781
KFUPBBFSUUJFFY-SFTDATJTSA-N,2011,IC50,10.031517
KFUYJHQXQLVYOZ-UHFFFAOYSA-N,1997,Ki,7.400008
KHANBRBFKNNRSS-UHFFFAOYSA-N,2003,Ki,7.799971
KHVZJHSTPBSVMD-RRYCAANRSA-N,2000,Ki,6.866461
KHZGJOOZZRYILL-UHFFFAOYSA-N,2002,IC50,6.499997
KHZRTZHBWKCJRA-UHFFFAOYSA-N,1997,Ki,8.000000
KHZRTZHBWKCJRA-UHFFFAOYSA-N,2011,Ki,8.000000
KIMCCCOLDQMMTA-UHFFFAOYSA-N,2013,IC50,7.408935
KIPCSRVFBMVQSZ-VQTJNVASSA-N,1996,IC50,9.886057
KIWPQCODGUAEAZ-IBGZPJMESA-N,2012,Ki,9.301030
KIWPQCODGUAEAZ-IBGZPJMESA-N,2012,Ki,9.522879
KIZBDFRCUJNMND-LJAQVGFWSA-N,2002,Ki,7.455932
KJQHHFWZKACGAF-UHFFFAOYSA-N,1995,IC50,6.371611
KJQHHFWZKACGAF-UHFFFAOYSA-N,1995,IC50,8.408935
KJQHHFWZKACGAF-UHFFFAOYSA-N,1995,IC50,8.000000
KKAOSLVZYZWJBY-ONEGZZNKSA-N,2013,IC50,7.537602
KKCRDTKEJOJYRG-YQOMSNACSA-N,1994,IC50,8.148742
KKKGFVLMGTXNNX-UHFFFAOYSA-N,2006,IC50,9.619789
KKLMRJSMWOEEFA-OAQYLSRUSA-N,2001,IC50,8.853872
KKMJMRIMFVWKOG-ZVQSSFJBSA-N,2009,IC50,9.886057
KKMJMRIMFVWKOG-ZVQSSFJBSA-N,2009,IC50,7.657577
KKNABYYXFGGHEP-VJKLZRICSA-N,2002,Ki,8.638272
KKYGPFJNUCFSFY-UHFFFAOYSA-N,2002,Kd,9.400008
KLFRSZNXCXNAGN-YTRKXGHFSA-N,2000,Ki,6.903090
KLQLQDLJJUAEGT-ZBFHGGJFSA-N,2019,IC50,4.148742
KMGAJUYDQHGRHG-UHFFFAOYSA-N,2002,Ki,7.823909
KMSKXJPLTGSPJJ-UHFFFAOYSA-N,1998,IC50,6.804100
KMWRUIFFHQONSY-UHFFFAOYSA-N,2003,Ki,7.599980
KMWRUIFFHQONSY-UHFFFAOYSA-N,2002,IC50,7.599980
KMXLXHFSSQDIGC-VPTMLEGASA-N,2013,IC50,6.387216
KMZGWQBSAMFWQD-UHFFFAOYSA-N,1998,IC50,6.048177
KNMZNGOPLMOVFC-UHFFFAOYSA-N,2000,IC50,8.142668
KNNCZVVJJSCZNH-KOLUZXRDSA-N,2007,Ki,9.055517
KNNCZVVJJSCZNH-KOLUZXRDSA-N,2007,IC50,8.530031
KNNCZVVJJSCZNH-WPIMGRBNSA-N,2007,Ki,8.522879
KNNCZVVJJSCZNH-WPIMGRBNSA-N,2007,IC50,8.000000
KNSNLGZARQKZRO-UHFFFAOYSA-N,2014,IC50,7.346787
KNVYPKQUKBUAAW-PMACEKPBSA-N,1995,IC50,7.455932
KOEGRIPAKURRCQ-PUCZYUMASA-N,2007,IC50,10.221849
KOHCJNXQELPZKP-WMZOPIPTSA-N,1998,IC50,9.387216
KPEUXZLNLIVUIN-UHFFFAOYSA-N,2000,IC50,8.193820
KPOSFDMDKKTTBT-SMTCOIIISA-N,2002,Ki,7.886057
KPSHRAGASWDIHK-UHFFFAOYSA-N,2010,Ki,8.515700
KPWGWOUZQUTRKD-UHFFFAOYSA-N,1996,IC50,7.562249
KQKNMRPRNMBGPX-HCPABCRVSA-N,1998,IC50,6.770011
KQKNMRPRNMBGPX-QDRCGZQASA-N,1994,IC50,6.769551
KQMACMYDELVGSR-UHFFFAOYSA-N,2001,Ki,6.207608
KQMGYOWNUFZGRP-UHFFFAOYSA-N,1996,IC50,8.698970
KQUGKAAVNOADJT-UIOOFZCWSA-N,1998,IC50,4.000000
KRMRRUSVEHWWQG-UHFFFAOYSA-N,1996,IC50,6.422508
KRTWVGJSCCFWEQ-UHFFFAOYSA-N,2008,IC50,6.107905
KSHDGXNWPURXHX-HSZRJFAPSA-N,2002,IC50,9.096910
KSIYBSXQXIYYRN-WUFINQPMSA-N,1996,IC50,7.000000
KSKCQNQJZYGBIZ-UHFFFAOYSA-N,2011,IC50,6.465974
KSPUFTHRXQCPKQ-UHFFFAOYSA-N,2011,IC50,7.823909
KSQAOYHTDJHQEM-UHFFFAOYSA-N,1995,Ki,5.100000
KSZGGGOZKNJLSY-RBUJZUCOSA-N,2002,Ki,9.096910
KTIXRTOVKASTTK-VQFZVEARSA-N,2011,IC50,9.779892
KTIXRTOVKASTTK-VQFZVEARSA-N,2011,Ki,10.124939
KTODEUPKAOVPQF-UHFFFAOYSA-N,2013,IC50,8.795880
KTVJZUAZYBDWSQ-CDFUTJIBSA-N,2013,Ki,10.180456
KTXKMQHPDFFNCC-UHFFFAOYSA-N,2002,Kd,9.199971
KTYSLTJQOIHOCO-HKBOAZHASA-N,2006,IC50,8.283997
KTZUFWFRVQNNLJ-MRVPVSSYSA-N,2017,Ki,4.677781
KUABBMFFSKTSBO-IOTOJMDBSA-N,2006,IC50,9.283997
KUPDICLCUUMCDF-UHFFFAOYSA-N,2004,IC50,10.958607
KUZSVFNKNBWCDR-QCWLJUHMSA-N,1994,IC50,7.408935
KUZZNTGRAPLLRA-PKHCJMHPSA-N,1995,IC50,7.890084
KVDRGPNXKCVXGD-UHFFFAOYSA-N,2000,IC50,8.552842
KVHRINXGSHANGC-RRPNLBNLSA-N,2012,IC50,10.494850
KVHVYHNXKNBRLU-ROUUACIJSA-N,1995,IC50,6.055024
KVMAFOLRKOWSLN-UHFFFAOYSA-N,2000,IC50,8.638272
KWYBCHYLXFETGY-SANMLTNESA-N,1995,IC50,5.985900
KXDFNFPRYVPCBY-UHFFFAOYSA-N,1995,IC50,5.443697
KXGBJHXQHUOLON-UHFFFAOYSA-N,1998,IC50,8.136677
KYAGVGRXHALGSE-RUZDIDTESA-N,1994,IC50,8.259637
KYAGVGRXHALGSE-RUZDIDTESA-N,1998,IC50,8.260032
KYAGVGRXHALGSE-UHFFFAOYSA-N,1994,IC50,8.356547
KYAGVGRXHALGSE-VWLOTQADSA-N,1994,IC50,7.853872
KYASZYNCIMXXBM-UHFFFAOYSA-N,1996,IC50,6.517126
KYBKBJIPIVZNKG-SAYLLPIZSA-N,2010,IC50,9.823909
KYBKBJIPIVZNKG-SAYLLPIZSA-N,2010,IC50,8.638272
KYBTWYULZRXBGL-UHFFFAOYSA-N,2003,Ki,7.400008
KYEAUAKSYSOFSP-FDEZRRJOSA-N,2002,Ki,9.154902
KYGJZARUWQDKNA-UHFFFAOYSA-N,1998,IC50,5.698970
KYKOACYJRWRBAC-LKUPVBHCSA-N,1995,IC50,8.823909
KYKOACYJRWRBAC-LKUPVBHCSA-N,1995,IC50,8.522879
KYVTYFDDJINHPF-UHFFFAOYSA-N,1998,IC50,8.619789
KYYSNBZUYLSHJY-QJJJLASOSA-N,2008,IC50,9.853872
KYZSAIKOCXDHKT-ICSRJNTNSA-N,1995,Ki,9.299989
KZVGKRDRRIBLKM-SFHVURJKSA-N,1994,IC50,6.705534
LABWVNPAFKLFSL-OZMGXUMRSA-N,2002,Ki,8.000000
LAHQYYRYGAYWRW-KYJUHHDHSA-N,1998,Ki,8.301030
LALMBRZEIUEEIY-UHFFFAOYSA-N,1995,IC50,7.173925
LAMLXQZWIGWWGU-UHFFFAOYSA-N,1995,IC50,8.823909
LAMLXQZWIGWWGU-UHFFFAOYSA-N,1995,IC50,8.721246
LAPDOBVFPRPNFV-PMACEKPBSA-N,2011,IC50,10.408935
LAUJLFDPPWBXRV-RTWAWAEBSA-N,1994,IC50,6.619789
LAUJLFDPPWBXRV-SFTDATJTSA-N,1994,IC50,7.698970
LBAAIVZXZRLIKD-DOQQYFFYSA-N,1995,IC50,4.318759
LBAAIVZXZRLIKD-XQVMISGQSA-N,1995,IC50,4.008774
LBBONNCWIYRZAZ-UHFFFAOYSA-N,1994,IC50,7.031517
LCMYTAQFJIXBCQ-UHFFFAOYSA-N,1996,IC50,6.504456
LCQBPNWAJFSCIT-UHFFFAOYSA-N,2014,IC50,6.327902
LCSNDNCRMYQLCV-QFIPXVFZSA-N,1993,IC50,6.876148
LCSNDNCRMYQLCV-QFIPXVFZSA-N,1994,IC50,6.876148
LCUWMEPHTNUQOY-UHFFFAOYSA-N,1995,IC50,7.886057
LDJVNPSEBQAQHU-XSLRDRNGSA-N,2010,IC50,10.096910
LDJVNPSEBQAQHU-XSLRDRNGSA-N,2010,IC50,9.376751
LDTPAEBAUHEXMI-UHFFFAOYSA-N,2002,IC50,8.899974
LDVRAJSZIPKJHL-UHFFFAOYSA-N,2002,IC50,9.468521
LDVRAJSZIPKJHL-VTMPSYGGSA-N,2006,IC50,9.468521
LDXKTSXBTWBIRA-UHFFFAOYSA-N,2002,Kd,8.199971
LDXQLWNPGRANTO-GOSISDBHSA-N,1999,IC50,7.698970
LDXQLWNPGRANTO-GOSISDBHSA-N,1999,IC50,9.346787
LDXQLWNPGRANTO-GOSISDBHSA-N,2011,IC50,9.346787
LDXQLWNPGRANTO-SFHVURJKSA-N,1999,IC50,6.468521
LDXQLWNPGRANTO-SFHVURJKSA-N,1999,IC50,8.065502
LEKNVQXTSOHTEK-AJQTZOPKSA-N,1996,IC50,7.853872
LEMUQYVGNWVOOC-RBUKOAKNSA-N,1996,IC50,7.180456
LENPPWYNSXXLIB-UHFFFAOYSA-N,2006,Ki,8.853872
LEPMWVSFBIGRRP-UHFFFAOYSA-N,2003,Ki,7.100015
LEPMWVSFBIGRRP-UHFFFAOYSA-N,2002,IC50,7.000000
LEZWWPYKPKIXLL-UHFFFAOYSA-N,,IC50,4.925549
LEZWWPYKPKIXLL-UHFFFAOYSA-N,,Ki,5.188693
LFFPDSZQTVWQEP-ICSRJNTNSA-N,1996,IC50,7.366532
LFFPDSZQTVWQEP-ICSRJNTNSA-N,1998,IC50,7.400008
LFGRTEFPFZAVNT-TXILKVRRSA-N,2001,Ki,7.886057
LFHWHZNDQKZPOH-CZQLGGELSA-N,2001,IC50,9.000000
LFPXAUUEPXMIAW-CONSDPRKSA-N,1998,Ki,7.443697
LGRZXLNZPQHKJH-UHFFFAOYSA-N,2000,IC50,8.853872
LHCAJNSBYDLUII-ICSRJNTNSA-N,1996,Ki,10.199971
LHLNCLYRSZVJQH-HBUDHLSFSA-N,2007,IC50,9.795880
LHPGUSGDWUVDIS-XSLRDRNGSA-N,2010,IC50,10.154902
LHPGUSGDWUVDIS-XSLRDRNGSA-N,2010,IC50,10.221849
LHPGUSGDWUVDIS-XSLRDRNGSA-N,2010,IC50,8.958607
LHPGUSGDWUVDIS-XSLRDRNGSA-N,2010,IC50,8.585027
LHVRBAGCDPIRRT-RRPNLBNLSA-N,2012,IC50,9.744727
LIDGXLMPYMRQQO-QHCPKHFHSA-N,2012,Ki,8.886057
LIDGXLMPYMRQQO-QHCPKHFHSA-N,2012,Ki,9.154902
LIDGXLMPYMRQQO-QHCPKHFHSA-N,2012,Kd,7.770062
LIDNJZKMWRAZAQ-RBUKOAKNSA-N,1996,IC50,8.000000
LILPVLVPPHPZEE-QHCPKHFHSA-N,1998,Ki,6.769551
LISBQSVNZGTROM-UHFFFAOYSA-N,2002,Kd,7.899974
LISRBXCIODAVII-XORNHQRDSA-N,2008,Ki,9.397940
LIXRIEAGLPGVJF-NRWPOFLRSA-N,2013,IC50,10.124939
LJBCIXPCSZGZAS-UHFFFAOYSA-N,1995,IC50,6.958607
LJKDZSJYYRZNMT-ICQJPXRGSA-N,1994,IC50,9.036212
LJKDZSJYYRZNMT-VABNTSDVSA-N,1998,IC50,9.040005
LJKYQYVSIFOVJJ-QCWLJUHMSA-N,1994,IC50,8.619789
LJZXJLKOOIOLLK-VWLOTQADSA-N,1995,IC50,9.221849
LKIRBVMNNGVMKU-CONSDPRKSA-N,1998,Ki,9.301030
LKTJRLOXOYSXCH-SESVDKBCSA-N,1998,IC50,5.000000
LKUBJXGOOGUQGP-MDYYLFQXSA-N,2002,IC50,9.200659
LKUBJXGOOGUQGP-MDYYLFQXSA-N,2002,IC50,9.200659
LLCSACQWSCTAJV-UHFFFAOYSA-N,2000,IC50,8.823909
LLCWXRKWCSFREW-LUKFIAJXSA-N,1998,IC50,6.679854
LLDXCQQWICNMIB-UHFFFAOYSA-N,2002,Ki,5.770001
LLLBSBOCJOVWQT-RTWAWAEBSA-N,2012,IC50,8.585027
LLLBSBOCJOVWQT-SFTDATJTSA-N,2012,IC50,8.494850
LLSCCRZEAHDGPJ-BFUOFWGJSA-N,2006,Ki,9.301030
LLUKLOGVWWPZKG-UHFFFAOYSA-N,1995,IC50,9.494850
LMBAHIQQWBYSQP-UHFFFAOYSA-N,1998,IC50,7.055517
LMJTUYSCJIQXFP-KTPANICASA-N,2002,Ki,9.045757
LMKMRFFYQLXLLE-UHFFFAOYSA-N,2002,Kd,8.799971
LMKXUGXJFNHYIM-VLKHTXRVSA-N,1993,Kd,4.900000
LNHCUADMJKYAEC-SVBPBHIXSA-N,1998,Ki,7.565431
LNPDKRVLLDZCOU-UHFFFAOYSA-N,1998,IC50,8.744727
LNSYPULCLCVDRK-HMILPKGGSA-N,1995,IC50,7.700057
LNWVULAAXPQART-UHFFFAOYSA-N,1995,IC50,6.853872
LNXGWXIKJNGNOY-POLDFPFKSA-N,1998,IC50,6.900009
LODDXUXHYQZBEM-LMIIYESCSA-N,2006,IC50,9.795880
LOFLTQOJPAOUCM-UHFFFAOYSA-N,2011,IC50,7.283997
LOQZSBGQNIRLDR-RDKKHIPBSA-N,1998,IC50,7.899974
LOVQLZWXVWBLPD-XTEPFMGCSA-N,1996,IC50,8.522879
LPEAGSAYLJMKRG-RBBKRZOGSA-N,2011,Ki,10.100015
LPHUHRBYJJRLLM-UHFFFAOYSA-N,1996,IC50,8.892790
LPQUXJUIJVQRQR-UHFFFAOYSA-N,1995,IC50,8.920819
LQPLOBIHGCTPJW-HBUDHLSFSA-N,2007,IC50,9.236572
LQRDBJSVJUNPHC-RTOPAQNCSA-N,2006,Ki,8.481486
LQRMREXDSWNGEJ-WIOPSUGQSA-N,2013,IC50,7.096910
LRCLUELMHULASC-CLJLJLNGSA-N,2013,Ki,8.585027
LRCLUELMHULASC-CLJLJLNGSA-N,2013,IC50,8.443697
LRECQAAWBMLZRF-CONSDPRKSA-N,1998,Ki,9.522879
LRJYGHMKTIYPPQ-OMKJIRLASA-N,2010,IC50,9.744727
LRJYGHMKTIYPPQ-OMKJIRLASA-N,2010,IC50,8.721246
LRRZHSQFXGWYEI-WUFINQPMSA-N,1998,IC50,7.819874
LRSIEKVEWAVZDJ-CDSZWMAJSA-N,1998,IC50,6.499997
LSAWEFOQDMPCLG-SFHVURJKSA-N,1998,IC50,5.630000
LSAWEFOQDMPCLG-UHFFFAOYSA-N,1994,IC50,5.632085
LSFLBAZVXFXWKZ-UHFFFAOYSA-N,2001,IC50,9.677781
LSFLBAZVXFXWKZ-UHFFFAOYSA-N,2001,IC50,9.795880
LSOARWGXYKVEEQ-ZFUCPZCZSA-N,2008,Ki,9.301030
LSOARWGXYKVEEQ-ZNRXUEPQSA-N,2008,Ki,9.698970
LSRPAIIWDVLKSE-RVCSHAMNSA-N,2002,IC50,10.000000
LTADAMQMJJDFJM-UHFFFAOYSA-N,2017,IC50,8.787812
LTADAMQMJJDFJM-UHFFFAOYSA-N,2018,IC50,8.787812
LTSSKWVSNPFEDQ-QHCPKHFHSA-N,1994,IC50,6.221849
LUDXHXZJUQBRBS-GOTSBHOMSA-N,2011,IC50,10.244125
LULMWWPQEGUMMS-UHFFFAOYSA-N,1996,IC50,7.327902
LURXNRSWKKLLDE-SVBPBHIXSA-N,1991,IC50,7.251812
LURXNRSWKKLLDE-SVBPBHIXSA-N,1992,IC50,7.477556
LVEVJTCPEKIPCM-NDEPHWFRSA-N,1998,IC50,5.958607
LVFJZDFXJABCGT-ZEQGLLOKSA-N,2000,EC50,7.869666
LVFJZDFXJABCGT-ZEQGLLOKSA-N,2000,EC50,7.853872
LVKWUNFNJODDPV-XZOQPEGZSA-N,2013,IC50,10.522879
LVURVEVFRJTVBU-OALUTQOASA-N,2011,IC50,9.508638
LWDCLJRUPQLVOT-UHFFFAOYSA-N,2002,Ki,6.829738
LWENKLDZCHEYBQ-UHFFFAOYSA-N,2012,Ki,8.853872
LWENKLDZCHEYBQ-UHFFFAOYSA-N,2012,Ki,9.397940
LWIVKHBGLMJTDY-UHFFFAOYSA-N,1993,IC50,6.301030
LWOMHJBSXPGKKS-REAJPLCASA-N,2008,Ki,9.214670
LWOMHJBSXPGKKS-REAJPLCASA-N,2015,Ki,9.221849
LWYMXWUYNBSRSM-UHFFFAOYSA-N,1995,IC50,8.602060
LXJUOJZFZQVWGH-UHFFFAOYSA-N,2000,IC50,6.602060
LXMAOJWNEOEBSU-IBGZPJMESA-N,2018,IC50,8.128427
LXMAOJWNEOEBSU-LJQANCHMSA-N,2018,IC50,8.879426
LXMAOJWNEOEBSU-UHFFFAOYSA-N,2018,IC50,8.647817
LXOXPXPXXNMFSY-UHFFFAOYSA-N,2001,IC50,9.886057
LXSYDFHVDJQICK-LJAQVGFWSA-N,1998,IC50,6.643974
LYFVQKKPLRCWGQ-UHFFFAOYSA-N,2002,Ki,5.690000
LYGDCLHLVLCYKZ-CLJLJLNGSA-N,1998,IC50,6.000000
LYMSQSXUWSVHEJ-AQSQZJRWSA-N,2015,Ki,8.920819
LYOBOZHSPINFAT-XKMRCYARSA-N,2002,Ki,9.000000
LZETVSMMDKRIBU-UVIULGBXSA-N,2002,Ki,8.619789
LZHOBSTWTIKCGR-NDEPHWFRSA-N,1993,IC50,7.244125
LZKSSKWSKNLYAF-XZOQPEGZSA-N,2012,IC50,10.366532
LZWZHVNWDDYRHY-KODCPBCOSA-N,2009,IC50,9.279841
LZWZHVNWDDYRHY-KODCPBCOSA-N,2009,IC50,7.136677
LZXBYKPOUJYPFP-MGBGTMOVSA-N,1998,IC50,7.700057
MATVJRKEQYJUEB-UHFFFAOYSA-N,1995,IC50,9.045757
MAVDAPGOKWWCQV-UHFFFAOYSA-N,2001,IC50,8.455932
MAWOCXJZISUBGV-UHFFFAOYSA-N,1995,IC50,7.721246
MBLYTRTVVBPGLQ-WENCNXQZSA-N,1995,IC50,5.800001
MBVUREUDPHNAAP-PJFNBIFCSA-N,2010,IC50,8.638272
MBVUREUDPHNAAP-PJFNBIFCSA-N,2010,IC50,9.677781
MBVUREUDPHNAAP-WVUHNOGNSA-N,2010,IC50,8.769551
MBVUREUDPHNAAP-WVUHNOGNSA-N,2010,IC50,9.795880
MCBFENXHBLXDFW-UHFFFAOYSA-N,1995,IC50,7.096910
MCHFVMZJGMVKRA-NSOVKSMOSA-N,1993,IC50,6.537602
MCHFVMZJGMVKRA-NSOVKSMOSA-N,1998,IC50,6.540005
MCHFVMZJGMVKRA-UHFFFAOYSA-N,1995,IC50,6.609065
MCUGZTRVJVPHRW-CRDWDMSXSA-N,2015,Ki,8.721246
MCUGZTRVJVPHRW-CRDWDMSXSA-N,2015,Ki,8.172631
MCZABOOQUVJJJL-VJBMBRPKSA-N,2006,IC50,8.086186
MCZOVZXJFVJYKL-OJZPPULMSA-N,2002,Ki,7.309804
MDFSJQWVOCQTLX-UHFFFAOYSA-N,1994,IC50,7.946922
MDHXNDICWFLLQE-BZSNNMDCSA-N,2014,Ki,8.657577
MDHXNDICWFLLQE-BZSNNMDCSA-N,2014,Ki,8.657577
MDLHJQVPQINMDT-PDHQKIGBSA-N,2015,Ki,6.129011
MDUAYQWGTRXARJ-QHCPKHFHSA-N,1994,IC50,5.667562
MEAHGWNSKVULCO-XPPBJISJSA-O,1994,IC50,8.886057
MENACXWZSRFIHK-GOSISDBHSA-N,1998,IC50,8.657577
MERHBTZUAONODB-MHZLTWQESA-N,1998,IC50,9.000000
MERHBTZUAONODB-MHZLTWQESA-N,1998,IC50,9.000000
METKAKBIYIJIEG-UHFFFAOYSA-N,1996,IC50,8.275724
MEXMPBWDLRCQRU-LEWJYISDSA-N,2012,IC50,9.958607
MFELBXLWBSDUFY-UHFFFAOYSA-N,2001,IC50,6.022276
MFUVQFBLROCQDR-QRRGNZNSSA-N,2002,IC50,7.229148
MFUVQFBLROCQDR-YALZGCRRSA-N,2002,IC50,8.376751
MGGHRIXQZRIDQH-RTOHIFTRSA-N,2006,Ki,8.199971
MGGHRIXQZRIDQH-RTOHIFTRSA-N,2006,Kd,8.899974
MGGLLSWGBUFIRZ-UHFFFAOYSA-N,2000,IC50,7.823909
MGGPIJOHTZSPND-UGNHXKFCSA-N,2002,IC50,7.522879
MHCBCPKFIVQLDP-UHFFFAOYSA-N,2006,Ki,8.958607
MHEWDXHLJDJQCZ-LJAQVGFWSA-N,1998,IC50,9.000000
MHGTZHZAQAFNNE-DUQWPARQSA-N,1994,EC50,8.301030
MHQFKUKAMZLTID-UHFFFAOYSA-N,2001,IC50,9.356547
MIDMGQDYUATQRC-MIJUQJRQSA-N,2002,IC50,9.958607
MIEXKAHSIFKIOA-UHFFFAOYSA-N,2003,Ki,8.700057
MINXROHIKJGKPW-IBGZPJMESA-N,2009,Ki,7.739929
MINXROHIKJGKPW-LJQANCHMSA-N,2009,Ki,9.369979
MINXROHIKJGKPW-UHFFFAOYSA-N,2009,Ki,8.890084
MIPMPJNHZAYWQS-PUYQSQJYSA-N,2006,IC50,9.356547
MITDQFYCYRHNBC-DEOSSOPVSA-N,1995,IC50,9.045757
MITDQFYCYRHNBC-DEOSSOPVSA-N,1995,IC50,9.000000
MITDQFYCYRHNBC-DEOSSOPVSA-N,1995,IC50,8.096910
MIUIONPWXDNWET-RMXHKDRNSA-N,2010,IC50,10.886057
MIUIONPWXDNWET-RMXHKDRNSA-N,2010,IC50,9.275724
MIXWJGSHUABFQY-INIZCTEOSA-N,2014,IC50,7.782516
MJOXRJQZLVVZCL-DZGOFYRVSA-N,2013,Ki,10.045757
MJYZBJNRPZZIEB-SHBGNZKVSA-N,1995,IC50,5.244125
MLFSLAIOJHSNOR-CCDWMCETSA-N,2006,IC50,6.522879
MLFSLAIOJHSNOR-DSITVLBTSA-N,2006,IC50,7.397940
MMEILICZTYWRDK-UHFFFAOYSA-N,2001,IC50,8.080922
MNBKIVMHPMYHKA-YDGJAZGUSA-N,1994,Ki,4.142668
MNHHQPNNELRPSH-UHFFFAOYSA-N,1998,IC50,8.275724
MNSQPPPTEDKYHO-UHFFFAOYSA-N,2008,IC50,6.408935
MNUMOFSSNQUTGL-DEOSSOPVSA-N,2002,Ki,6.667562
MNVPIZWBKNFFDH-UHFFFAOYSA-N,1998,IC50,8.244125
MODAQCKIIMLKED-NRFANRHFSA-N,2014,IC50,8.045757
MOFIHHRIGQKWJP-DQEYMECFSA-N,1994,IC50,5.031517
MOFIHHRIGQKWJP-DQEYMECFSA-N,1996,IC50,5.376751
MOSUQXLFKFQKGI-UHFFFAOYSA-N,2006,Ki,6.530178
MPAHEXNEQNYRLC-DJOCHQMASA-N,2002,IC50,9.958607
MPBXDRLQKKQOEK-UHFFFAOYSA-N,1998,IC50,7.096910
MPJPTFGPWWVQDW-NIEAOCCZSA-N,1998,Ki,6.958607
MPQNAZQWGVSYGU-FQEVSTJZSA-N,1998,IC50,6.987163
MPQNAZQWGVSYGU-FQEVSTJZSA-N,1994,IC50,6.987163
MPSBRZBCWQGWFI-UHFFFAOYSA-N,2013,IC50,7.958607
MQBYITUBYNOORJ-NKWVPACGSA-N,2002,IC50,7.795880
MQCWKTYZKLSDJX-KGHBKMJJSA-N,2002,Ki,8.920819
MQERJZPDBKDRIH-UHFFFAOYSA-N,2013,IC50,6.119186
MQKHVKMWIBXXJD-UHFFFAOYSA-N,2000,IC50,7.853872
MQXUGPXFUUIGLD-WUFINQPMSA-N,1996,IC50,7.283997
MRBKXGQRRJWHRZ-UHFFFAOYSA-N,2008,IC50,5.560825
MREQKXYHVPWIQW-NLPFKWBYSA-N,2002,IC50,7.657577
MSECWNMVFATCEZ-MHZLTWQESA-N,1993,IC50,6.224026
MSGGUBXMXWEJRT-UHFFFAOYSA-N,2010,Ki,8.764472
MSHMIWQGNLOUQO-UHFFFAOYSA-N,1996,IC50,6.950782
MSMBJZMONMUMMG-MLYMZAKTSA-N,2000,Ki,7.886057
MSVRFNSSYWFYIU-XFQWPLCWSA-N,2015,Ki,7.455932
MTDWQQRSPHFFLR-UHFFFAOYSA-N,1998,IC50,6.585027
MTESWQRTXYKYRE-UHFFFAOYSA-N,2001,IC50,7.508638
MTGCTWAUNJMIJB-JFXHSDHMSA-N,2001,Ki,7.744727
MTGQTFWECVYJBZ-UHFFFAOYSA-N,1996,IC50,6.826814
MTTXEONPPSHVNT-CDYHHZRJSA-N,2015,Ki,9.327902
MUDKXWPCSGTKHJ-QHCPKHFHSA-N,1995,IC50,9.154902
MUQJKGMXKAWCJF-HKBQPEDESA-N,2002,Ki,7.602060
MUQJKGMXKAWCJF-UHFFFAOYSA-N,2002,Ki,8.744727
MUQJKGMXKAWCJF-WJOKGBTCSA-N,2002,Ki,9.045757
MUTNKBJTTJGMMF-QBQHLJAFSA-N,1995,IC50,6.819989
MUTUVLXBJKMVKT-RPBOFIJWSA-N,2010,Ki,8.853872
MUZDMKDXKSNMIN-UHFFFAOYSA-N,2006,Ki,7.292430
MUZRICFSRACWJI-UHFFFAOYSA-N,1998,IC50,6.565431
MVFZYTRKQQVGAV-UHFFFAOYSA-N,1998,IC50,8.161151
MVKSYUFMIAFXLU-UHFFFAOYSA-N,2013,IC50,7.468521
MVLDBDSDAOAUMM-UHFFFAOYSA-N,1994,IC50,7.096910
MVWDYFOJQAABRA-LOSJGSFVSA-N,2013,IC50,10.537602
MVXMOYOFQUJRHY-HYNLRSATSA-N,2006,IC50,9.301030
MWDXBYJLZWXDHC-HVNZXBJASA-N,2014,Ki,6.699992
MWDXBYJLZWXDHC-NEEKEDPPSA-N,2014,Ki,6.900009
MWKJCJFYJWIFLL-JOCHJYFZSA-N,2000,Ki,9.045757
MWKJCJFYJWIFLL-JOCHJYFZSA-N,1994,IC50,9.275724
MWKJCJFYJWIFLL-JOCHJYFZSA-N,1998,IC50,9.280006
MWKJCJFYJWIFLL-UHFFFAOYSA-N,1995,IC50,9.070581
MWKJCJFYJWIFLL-UHFFFAOYSA-N,1994,IC50,9.070581
MWKJCJFYJWIFLL-UHFFFAOYSA-N,2004,IC50,9.275724
MWKJCJFYJWIFLL-UHFFFAOYSA-N,2004,IC50,9.275724
MWWOEKASVSVWFT-IZZNHLLZSA-N,1996,IC50,7.267606
MWWXEEPLVDZLJW-UHFFFAOYSA-N,2000,IC50,8.522879
MXKYFPVNDOVSAQ-CONSDPRKSA-N,1998,Ki,8.958607
MXKZKTBJVYCBDH-UHFFFAOYSA-N,2006,IC50,8.552842
MXMABCVCSRDSMR-BPGUCPLFSA-N,2010,Ki,7.199971
MXMABCVCSRDSMR-BPGUCPLFSA-N,2010,Ki,8.199971
MXOFDARLDVKZQB-QHCPKHFHSA-N,1995,IC50,8.455932
MXOFDARLDVKZQB-QHCPKHFHSA-N,1995,IC50,8.698970
MXOFDARLDVKZQB-QHCPKHFHSA-N,1995,IC50,8.397940
MYMSTILLVFBSHU-UHFFFAOYSA-N,2013,IC50,7.920819
MYNXKDZGXSJMTD-ICSRJNTNSA-N,1995,IC50,7.070581
MYRGTFCDJGLONZ-UHFFFAOYSA-N,1998,IC50,7.000000
MZGOTFSCFZHBNK-PMERELPUSA-N,1993,IC50,7.259637
MZLDFRZRXWQSEX-CWOGUSIISA-N,1996,IC50,7.070581
MZXMDLGAXKNSBN-UHFFFAOYSA-N,2013,IC50,8.721246
NAEMOVQWYAJZGQ-XUZZJYLKSA-N,2013,IC50,7.075721
NAPRVHFRCLJTHE-JWZGVHCRSA-N,1993,Kd,7.299989
NARUIMYMUWQLQE-CAYVGHNUSA-N,1998,IC50,10.000000
NAUMGBBZLWYADU-LETMKSKHSA-N,2002,Ki,8.698970
NBJOVNZRQQUMDG-GANGTWLCSA-N,2002,Ki,9.045757
NBMRLKJWYTZCGO-QQTNTEGQSA-N,2007,IC50,9.522879
NBVJDXUVAJKVDC-FCHUYYIVSA-N,2010,Ki,9.040959
NCDMNHIASQLMMD-RPBOFIJWSA-N,2012,IC50,8.568636
NCFCVGUQIMTNNB-WGZBAJHCSA-N,1994,EC50,7.958607
NCIJYXAVSLQJTO-MDYYLFQXSA-N,2002,IC50,9.113509
NCIJYXAVSLQJTO-MDYYLFQXSA-N,2002,IC50,9.455932
NCIJYXAVSLQJTO-MDYYLFQXSA-N,2002,IC50,8.823909
NCJWLSWXMPGOIS-UHFFFAOYSA-N,1998,IC50,6.337242
NDBYQHLDFKACBF-SISPBFPDSA-N,2002,Ki,6.774691
NDMOYPJHBNNRIM-ZFMNYDKASA-N,1994,Ki,8.619789
NDMOYPJHBNNRIM-ZFMNYDKASA-N,1998,IC50,8.619970
NDMOYPJHBNNRIM-ZFMNYDKASA-N,2007,IC50,8.468521
NEMILYAYVCLLDG-UHFFFAOYSA-N,1995,IC50,6.379864
NEPOEDGBXWMAGJ-UHFFFAOYSA-N,2002,Kd,8.700057
NETAHTLVEZSOCN-LEWJYISDSA-N,1996,IC50,7.698970
NFBNIRNKYJTDIE-UHFFFAOYSA-N,2001,IC50,6.076238
NFMRLIYGGXGINK-CONSDPRKSA-N,1998,Ki,8.769551
NFQHQAUXILELGX-DQEYMECFSA-N,2011,IC50,10.000000
NFUWMFTULXHEKZ-UHFFFAOYSA-N,2010,Ki,8.950782
NFVAMSHCYQJREM-PRESXLHZSA-N,2002,Ki,8.698970
NGTSXDWOKUNRLY-OLBHHIGCSA-N,2015,Ki,8.602060
NGUROMNMBRTEKF-UHFFFAOYSA-N,1995,IC50,9.602060
NGVPDDZWSVJTDD-YKVDFPICSA-N,2002,IC50,10.000000
NGZLCBABNHHZFF-UHFFFAOYSA-N,1997,IC50,6.000000
NHCPLSKEMYTBPE-CWTRNNRKSA-N,2006,Ki,8.443697
NHUPTTPACBOYNX-WQUIFZNHSA-N,2010,IC50,8.698970
NHUPTTPACBOYNX-WQUIFZNHSA-N,2010,IC50,7.000000
NHXYSAFTNPANFK-HDMCBQFHSA-N,1996,IC50,7.008774
NHXYSAFTNPANFK-HDMCBQFHSA-N,1996,IC50,7.010995
NHXYSAFTNPANFK-HDMCBQFHSA-N,2015,Ki,6.299998
NIBRNFOXTAXDJA-NUCBDOEESA-N,2002,IC50,9.537602
NISRECNTXSSHMS-UIOOFZCWSA-N,1998,IC50,5.000000
NJCMYNXFMAOJRW-HXOQZHHGSA-N,2002,IC50,6.737549
NJFJLIABUZMOAH-UHFFFAOYSA-N,2000,IC50,8.154902
NJKXHTQTTWERON-UHFFFAOYSA-N,2001,IC50,9.795880
NJOQPAMAVXHDLC-UHFFFAOYSA-N,1996,IC50,6.917215
NJRDJJXQKVSGAM-QTQRRKOQSA-N,2014,Ki,7.799971
NJWUPRCNXYNBNF-QGYSTOEISA-N,2010,IC50,9.408935
NJWUPRCNXYNBNF-QGYSTOEISA-N,2010,IC50,7.638272
NJZXZKUKBCWTCN-UHFFFAOYSA-N,2013,IC50,8.214670
NKANXQFJJICGDU-QPLCGJKRSA-N,,IC50,4.805319
NKANXQFJJICGDU-QPLCGJKRSA-N,,Ki,5.068542
NKOIXVRNECOYPP-RRPNLBNLSA-N,1996,IC50,5.481486
NKOVHEUFZWUOGZ-UHFFFAOYSA-N,1998,IC50,9.221849
NKULLHQHASCPKR-CDYHHZRJSA-N,2015,Ki,11.397940
NLFWNEAIQORVAC-DHFLCVKNSA-N,2002,IC50,8.552842
NLHMBBKPLFEDFA-UHFFFAOYSA-N,1998,IC50,9.045757
NLHMBBKPLFEDFA-UHFFFAOYSA-N,2013,IC50,9.154902
NMGGACXWAFDXAC-UHFFFAOYSA-N,2002,Kd,8.799971
NMNAPOVNXDLYJZ-RTWAWAEBSA-N,2007,IC50,7.958607
NMRIUXKIJDWEAY-ZCYQVOJMSA-N,1996,Ki,9.400008
NMSPALGCNSEFGV-VUVCYMEASA-N,2008,IC50,9.200659
NMVYIQDSADIRCD-RWFBHVPDSA-N,2000,IC50,7.552842
NNBAOMPIMXODPQ-SQNIBIBYSA-N,2006,IC50,8.142668
NNCLFEXCOZZGBL-URXFXBBRSA-N,1995,Ki,10.299989
NNGQEROFSCIFQE-UHFFFAOYSA-N,2001,IC50,8.251812
NNQQINUYFDRYPI-KAYWLYCHSA-N,1995,IC50,6.522879
NNQQINUYFDRYPI-KAYWLYCHSA-N,1993,IC50,6.244125
NNQQINUYFDRYPI-KAYWLYCHSA-N,1998,IC50,6.240000
NNQQINUYFDRYPI-RRPNLBNLSA-N,1995,IC50,6.903090
NNQQINUYFDRYPI-RRPNLBNLSA-N,1993,IC50,6.568636
NNQQINUYFDRYPI-SVBPBHIXSA-N,1995,IC50,9.698970
NNQQINUYFDRYPI-SVBPBHIXSA-N,1993,IC50,8.886057
NNQQINUYFDRYPI-SVBPBHIXSA-N,1995,IC50,8.698970
NNQQINUYFDRYPI-SVBPBHIXSA-N,1995,IC50,6.481486
NNQQINUYFDRYPI-SVBPBHIXSA-N,1998,IC50,6.710010
NNQQINUYFDRYPI-SVBPBHIXSA-N,1998,IC50,8.890084
NNQQINUYFDRYPI-SVBPBHIXSA-N,2004,IC50,8.886057
NNQQINUYFDRYPI-SVBPBHIXSA-N,2013,IC50,9.698970
NNQQINUYFDRYPI-SXOMAYOGSA-N,1995,IC50,9.698970
NNQQINUYFDRYPI-SXOMAYOGSA-N,1993,IC50,9.154902
NNQQINUYFDRYPI-SXOMAYOGSA-N,1998,IC50,9.150028
NNQQINUYFDRYPI-UHFFFAOYSA-N,1995,IC50,8.795880
NNQQINUYFDRYPI-UHFFFAOYSA-N,1995,IC50,8.568636
NOEXOHLZBNPZCS-DEOSSOPVSA-N,1994,IC50,6.119186
NOGCECXKCJDXDN-ACHIHNKUSA-N,2002,Ki,7.677781
NOGCECXKCJDXDN-ZWXJPIIXSA-N,2002,Ki,7.958607
NOIBJKOGTIRXOG-CDKLIATISA-N,2011,IC50,8.700057
NOIBJKOGTIRXOG-CDKLIATISA-N,2011,Ki,9.022276
NOQQPVOPNXNAQZ-UHFFFAOYSA-N,1995,IC50,5.958607
NOQQPVOPNXNAQZ-UHFFFAOYSA-N,1998,IC50,5.953505
NOQQPVOPNXNAQZ-UHFFFAOYSA-N,1998,IC50,5.959999
NPDDZRLANBKRMU-UXHICEINSA-N,2007,IC50,6.847712
NPFFIZUPJRNPPA-AABGKKOBSA-N,2006,IC50,8.301030
NPICWBOHBXJCOB-BVRKHOPBSA-N,1998,IC50,5.568636
NPNMRLNCRCLSLB-CAYVGHNUSA-N,2007,IC50,10.000000
NQMMZCMDBZCRBB-LJAQVGFWSA-N,1993,IC50,6.573489
NQQVDBGEUDENFZ-XYJCDUHRSA-N,2006,Ki,10.698970
NRAXLCFQSOWEAL-UHFFFAOYSA-N,1996,IC50,6.899629
NRENMILFPDPNFE-UHFFFAOYSA-N,2001,IC50,9.050610
NRENMILFPDPNFE-UHFFFAOYSA-N,2001,IC50,9.050610
NRUOJZQFHLBZAO-UHFFFAOYSA-N,2000,IC50,8.795880
NRUUBRQFPMIHOI-PYSHFNSBSA-N,2007,IC50,9.468521
NSRJRZGIVAVYNI-UDKJZQBVSA-N,2004,Ki,8.531653
NSRJRZGIVAVYNI-UDKJZQBVSA-N,2004,Ki,8.158641
NSRJRZGIVAVYNI-UDKJZQBVSA-N,2004,Ki,9.397940
NSRJRZGIVAVYNI-UDKJZQBVSA-N,2004,Ki,8.906578
NSRJRZGIVAVYNI-UDKJZQBVSA-N,2004,Ki,8.767004
NTGJAYAGZOYPEO-VXKWHMMOSA-N,2011,IC50,10.356547
NTIPCTPRHXCHTR-UHFFFAOYSA-N,2000,IC50,7.920819
NTPXRAIABDEODW-BNQVVEKUSA-N,2008,IC50,9.552842
NTYJRAGMLUHRNV-DZGOFYRVSA-N,2013,Ki,10.013228
NUBBYHCWXIRZMV-UHFFFAOYSA-N,2016,Ki,6.116339
NUMJKLJZURQQJJ-UHFFFAOYSA-N,1995,IC50,7.508638
NUPNDTJATGHILB-VQCQRNETSA-N,2010,Ki,7.000000
NUPNDTJATGHILB-VQCQRNETSA-N,2010,Ki,9.100015
NUQVMEYMKHQGHQ-UHFFFAOYSA-N,1994,IC50,7.958607
NUTYWRAIFXRNNI-UHFFFAOYSA-N,2006,IC50,10.045757
NVAXHPXABHECLZ-RHJPCWOWSA-N,2006,Ki,8.899974
NVAXHPXABHECLZ-RHJPCWOWSA-N,2006,Kd,9.199971
NVECYGFDAQIJIV-WUFINQPMSA-N,1996,IC50,7.568636
NVEJXLQKXBAKSF-NUGSKGIGSA-N,2006,Ki,7.309804
NVTYJPSTYQULRG-BIXQXLNPSA-N,2002,Ki,8.721246
NWDUBICUVMSIHT-VMPREFPWSA-N,1992,IC50,6.416801
NWDUBICUVMSIHT-VMPREFPWSA-N,1998,IC50,8.100015
NWFGQNMZQBTILZ-GQWLDOHISA-N,2010,Ki,8.987163
NWGYXBHPLFBXGE-LMIIYESCSA-N,2006,IC50,9.408935
NWHURSAJZCWEGO-UHFFFAOYSA-N,1995,IC50,6.508638
NWNXAOPJFFMSJS-PMERELPUSA-N,1998,IC50,7.113509
NWOPKTPNIIHJFE-NDEPHWFRSA-N,1998,IC50,6.220404
NWXOYTTXJSLUBW-XNGNZPCXSA-N,2020,EC50,5.142668
NWZTURJOOOFKAS-KHIBUBOWSA-N,2011,Ki,9.113509
NXAMGJRLSKEHIL-IBNRHXGOSA-N,2002,Ki,8.494850
NXCCTXNXPRCZOH-UHFFFAOYSA-N,2002,IC50,7.309804
NXJPCNJOCJTWTO-MEMLXQNLSA-N,2017,IC50,8.170696
NXJPCNJOCJTWTO-MEMLXQNLSA-N,2018,IC50,8.170696
NXJPCNJOCJTWTO-OYRHEFFESA-N,2017,IC50,8.350665
NXJPCNJOCJTWTO-OYRHEFFESA-N,2018,IC50,8.350665
NXLUTEDAEFXMQR-BJKOFHAPSA-N,2011,IC50,10.100015
NXSLKADJJIQRKU-LJQANCHMSA-N,1995,IC50,7.863279
NYBRMXDKXYPGRK-DSPMFFIESA-N,2015,Ki,7.459671
NYBRMXDKXYPGRK-DSPMFFIESA-N,2015,Kd,6.270001
NYBZCKAQIIPSDS-UHFFFAOYSA-N,2017,Ki,6.187087
NYBZCKAQIIPSDS-UHFFFAOYSA-N,2017,IC50,5.468521
NYRRFZUUPVZXQG-BGOLNKOXSA-N,2001,IC50,9.154902
NYSHXYQZVIXQLS-UHFFFAOYSA-N,2002,Ki,7.522879
NYYCJMICKJQGAQ-UHFFFAOYSA-N,1995,IC50,6.065502
NZKGDOQKRXGMMD-MRVPVSSYSA-N,2017,Ki,5.026872
NZOFVPRTCOQCBG-UHFFFAOYSA-N,2002,IC50,7.000000
NZUGQDNKOUVIOO-UHFFFAOYSA-N,2003,Ki,7.500038
NZYZDPKNNQJZQG-UHFFFAOYSA-N,2001,IC50,6.244125
OAHGORGEEUCBAK-ZONNCAFXSA-N,2002,Ki,7.275724
OAHIKBKHNJMARY-UHFFFAOYSA-N,2001,IC50,7.619789
OAHRZWRIQLQPSK-UNMCSNQZSA-N,1995,IC50,9.522879
OAVNGCZBHRXUGH-ANWICMFUSA-N,2013,IC50,6.481486
OAVNGCZBHRXUGH-JYFHCDHNSA-N,2013,IC50,6.602060
OBCMJQIOJSEAIS-NDEPHWFRSA-N,1998,IC50,7.769551
OBEGDBPDOHMKKI-UHFFFAOYSA-N,2017,IC50,9.008774
OBEGDBPDOHMKKI-UHFFFAOYSA-N,2018,IC50,9.008774
OBQDMMSVYONKRG-SVBPBHIXSA-N,1998,Ki,7.104577
OCODABQGCXUTLB-UHFFFAOYSA-N,2002,Ki,6.190003
OCQZYGJWLHVJRD-UHFFFAOYSA-N,2004,IC50,11.769551
OCZZSQRGBFEJLE-AREMUKBSSA-N,1993,IC50,5.522879
OCZZSQRGBFEJLE-SANMLTNESA-N,1995,IC50,6.886057
OCZZSQRGBFEJLE-SANMLTNESA-N,1993,IC50,6.886057
ODEBBNRINYMIRX-ACIOBRDBSA-N,2008,Ki,9.698970
ODEBBNRINYMIRX-PMVMPFDFSA-N,2008,IC50,9.468521
ODIRSXXUXPPURF-HSZRJFAPSA-N,1998,IC50,8.700057
ODPRNYGWGVRXIG-UHFFFAOYSA-N,1998,IC50,6.421361
OEIBCTIWBPBZIV-QRRGNZNSSA-N,2002,IC50,7.086186
OEIBCTIWBPBZIV-YALZGCRRSA-N,2002,IC50,8.769551
OEIZZOMBDHTIGH-QUCQDJGISA-N,2008,IC50,9.795880
OEVUUUYSUGCHHG-KRWDZBQOSA-N,2006,Ki,7.050610
OEVUUUYSUGCHHG-QGZVFWFLSA-N,2006,Ki,8.568636
OEVUUUYSUGCHHG-UHFFFAOYSA-N,2006,Ki,8.346787
OFLFUJXENIVSMT-OJZPPULMSA-N,2002,Ki,7.420216
OFUFYXNPWNFQBY-MOYQKVPZSA-N,2002,Ki,8.795880
OFVLRXHTQBIQPR-UHFFFAOYSA-N,2002,IC50,7.721246
OFXGPUCSXYQAEH-NRFANRHFSA-N,2010,Ki,7.954677
OFXGPUCSXYQAEH-OAQYLSRUSA-N,2010,Ki,8.643974
OGCFGCUAWCRMRJ-FPOVZHCZSA-N,1995,IC50,8.744727
OGWFIIQUFKCEMC-MOPGFXCFSA-N,2014,IC50,7.508638
OGWFIIQUFKCEMC-OALUTQOASA-N,2014,IC50,7.721246
OGWFIIQUFKCEMC-RBUKOAKNSA-N,2014,IC50,8.124939
OGWFIIQUFKCEMC-RTBURBONSA-N,2014,IC50,7.958607
OHDQKQGDHONPAR-IFZYUDKTSA-N,2006,Ki,9.000000
OHDQKQGDHONPAR-XMDBHEJHSA-N,2006,Ki,9.301030
OHVOJDRKZAWKAU-UHFFFAOYSA-N,2015,Ki,4.794525
OIEBSAIDAFOABW-QVKFZJNVSA-N,2006,Ki,8.508638
OIFPROSOIDRACJ-SYIFMXBLSA-N,2013,IC50,10.494850
OIPUCUYEXWXJEQ-UHFFFAOYSA-N,2000,IC50,7.920819
OITQQVPZHBLPSD-UHFFFAOYSA-N,2011,IC50,6.681937
OIUDTQFPVHQGHZ-FIBWVYCGSA-N,1995,IC50,7.886057
OJBWZYNMKJKQQS-UHFFFAOYSA-N,2002,Kd,8.700057
OJHVYMWHUUMXOF-UHFFFAOYSA-N,2001,IC50,9.481486
OJNYEFLQZAKWEW-AREMUKBSSA-N,2002,Ki,9.568636
OJSVVPWTTKYYQY-UHFFFAOYSA-N,2003,Ki,7.799971
OKDHOBUTPGFORX-UHFFFAOYSA-N,2006,Ki,8.420216
OKIXEUMIQOKHID-UHFFFAOYSA-N,1995,IC50,7.207608
OLBVNQGFVBFGMT-DQAAWZIYSA-N,2010,IC50,9.397940
OLBVNQGFVBFGMT-DQAAWZIYSA-N,2010,IC50,7.568636
OMLNPCUJLGBVNZ-UHFFFAOYSA-N,2000,IC50,8.795880
OMMDNOFGZYPJCA-GCDXOJGYSA-N,2002,Ki,9.769551
OMTBQCJYPXKIRM-UHFFFAOYSA-N,2004,IC50,10.124939
OMTBQCJYPXKIRM-UHFFFAOYSA-N,2004,IC50,5.408935
OMTBQCJYPXKIRM-UHFFFAOYSA-N,2011,IC50,6.590067
OMVAUXCXIPKTJF-UHFFFAOYSA-N,2002,Kd,8.100015
OMXDMSNIWWLZLW-SNVBAGLBSA-N,2017,Ki,4.568636
ONGMKBCDJFQFJA-YADHBBJMSA-N,2007,IC50,7.619789
ONJMXWFIKVVLCT-UHFFFAOYSA-N,2003,Ki,6.599998
ONJQALZQTBFYIT-NVAZTIMOSA-N,2000,EC50,7.853872
ONJQALZQTBFYIT-NVAZTIMOSA-N,2000,EC50,7.853872
ONQZWYLATDSONC-UHFFFAOYSA-N,1995,IC50,8.045757
ONQZWYLATDSONC-UHFFFAOYSA-N,1998,IC50,8.040959
ONQZWYLATDSONC-UHFFFAOYSA-N,1998,IC50,8.049976
ONUKBEDPKJLRPQ-HKBQPEDESA-N,1997,Kd,5.886057
OPGIRYHKVMNCBN-RUEZRPTRSA-N,2002,Ki,9.221849
OPHYHBRVLAQKEG-MHZLTWQESA-N,2006,IC50,7.301030
OPIVNHLWYYGXFZ-UHFFFAOYSA-N,2002,Kd,7.799971
OQEVMUXLFSRYRW-UHFFFAOYSA-N,2013,Ki,6.920819
OQKBUEOIKFHGHT-UHFFFAOYSA-N,1995,IC50,7.065502
OQWSJMKIRIAGDH-XVDWRUNBSA-N,2002,Ki,8.154902
OQXJUJDDCWHRLA-UHFFFAOYSA-N,2002,Kd,8.899974
ORCDUGKGMAIHNW-UHFFFAOYSA-N,2001,IC50,8.096910
ORGFGKWLZWRNKO-UHFFFAOYSA-N,1998,IC50,8.769551
ORLNTJCFUGXKLH-UHFFFAOYSA-N,2001,IC50,8.886057
ORMFBQJKAWHTKC-FFEXHNSESA-N,2000,Ki,7.698970
ORMFBQJKAWHTKC-MLYMZAKTSA-N,2000,Ki,7.602060
ORMFBQJKAWHTKC-MLYMZAKTSA-N,2002,Ki,7.602060
ORMFBQJKAWHTKC-MLYMZAKTSA-N,2001,Ki,7.602060
ORMFBQJKAWHTKC-MLYMZAKTSA-N,2000,Ki,7.602060
ORMFBQJKAWHTKC-TUAVJWHBSA-N,2000,Ki,7.481486
ORMFBQJKAWHTKC-VPSBLXEASA-N,2000,Ki,7.602060
ORMFBQJKAWHTKC-VPSBLXEASA-N,2002,Ki,7.602060
ORMFBQJKAWHTKC-VPSBLXEASA-N,2002,Ki,7.602060
OSCUVIRCTXFEQR-SVBPBHIXSA-N,1992,IC50,4.552842
OSYVUOXSTALYLM-UHFFFAOYSA-N,2006,Ki,8.207608
OTBVEXMPXATWMB-UHFFFAOYSA-N,1998,IC50,8.537602
OTCUBUAATXSYHI-NSOVKSMOSA-N,1998,IC50,5.602060
OTHQZIZHGKBPIC-UVNMLMKLSA-N,1996,IC50,5.980884
OTHQZIZHGKBPIC-UVNMLMKLSA-N,2000,IC50,5.980884
OTXSDJOFSVUWCT-FZCXESBVSA-N,1996,IC50,6.744727
OUKLJABZQLTYKG-WTYVLRPYSA-N,1995,IC50,7.720105
OUNRZOHNBUMFRL-UHFFFAOYSA-N,1995,IC50,7.292430
OUPXSLGGCPUZJJ-SARDKLJWSA-N,2010,IC50,8.677781
OUPXSLGGCPUZJJ-SARDKLJWSA-N,2013,IC50,9.619789
OUPXSLGGCPUZJJ-SARDKLJWSA-N,2013,Ki,9.853872
OUPXSLGGCPUZJJ-SARDKLJWSA-N,2013,IC50,9.494850
OUPXSLGGCPUZJJ-SARDKLJWSA-N,2016,IC50,9.958607
OUPXSLGGCPUZJJ-SARDKLJWSA-N,2017,IC50,9.958607
OUVZPSHLKWIEQH-UHFFFAOYSA-N,2017,IC50,8.628932
OUVZPSHLKWIEQH-UHFFFAOYSA-N,2018,IC50,8.628932
OUYSLNGQLIIZQC-XZOQPEGZSA-N,2013,IC50,10.408935
OUZIRKFLOMRWDA-UHFFFAOYSA-N,2011,IC50,9.585027
OVKFQKXVHAJHEJ-XORNHQRDSA-N,2010,Ki,9.537602
OVNDNIJQJAWJBW-UHFFFAOYSA-N,2000,IC50,5.431798
OVTQARHNDMVPMZ-UHFFFAOYSA-N,1996,IC50,7.568636
OWZMXGWNSWZOSE-UHFFFAOYSA-N,2006,IC50,8.920819
OXBZNPLKDFFHHC-UHFFFAOYSA-N,1996,IC50,7.193142
OXJKASFUYPVYQD-HQKXVBDLSA-N,1996,IC50,5.387958
OXJRACFLZXVYCA-UHFFFAOYSA-N,2001,IC50,8.494850
OXJUZTACUSEKPM-RRPNLBNLSA-N,2012,IC50,9.853872
OXQZXDGLSIMETJ-LITSAYRRSA-N,2000,Ki,8.301030
OXQZXDGLSIMETJ-UHFFFAOYSA-N,2000,Ki,8.397940
OXQZXDGLSIMETJ-UHSQPCAPSA-N,2000,Ki,8.045757
OXQZXDGLSIMETJ-WNJJXGMVSA-N,2000,Ki,9.154902
OXXARYIRJZWVPQ-IZYRQKRSSA-N,2013,Ki,9.920819
OXXXPXAXVJVONM-UHFFFAOYSA-N,2002,Kd,8.199971
OYKIXMQKLMUJEK-RBUKOAKNSA-N,1998,IC50,10.045757
OYKIXMQKLMUJEK-RBUKOAKNSA-N,1996,IC50,10.045757
OYKIXMQKLMUJEK-RBUKOAKNSA-N,2006,IC50,10.045757
OYKIXMQKLMUJEK-RBUKOAKNSA-N,2008,IC50,10.045757
OYKIXMQKLMUJEK-RBUKOAKNSA-N,2021,IC50,10.045757
OYLDAIRMYZMDRZ-XIJQPKCWSA-N,2010,IC50,10.045757
OYLDAIRMYZMDRZ-XIJQPKCWSA-N,2010,IC50,10.096910
OYLDAIRMYZMDRZ-XIJQPKCWSA-N,2010,IC50,9.221849
OYLDAIRMYZMDRZ-XIJQPKCWSA-N,2010,IC50,9.113509
OYLDAIRMYZMDRZ-XIJQPKCWSA-N,2010,IC50,9.958607
OYLDAIRMYZMDRZ-XIJQPKCWSA-N,2010,IC50,8.744727
OYLDAIRMYZMDRZ-XIJQPKCWSA-N,2010,IC50,9.221849
OYLDAIRMYZMDRZ-XIJQPKCWSA-N,2010,IC50,10.045757
OYLSPKHKOGUFDA-LMIIYESCSA-N,2006,IC50,9.769551
OYVUMDLWECZFFM-WENCNXQZSA-N,1995,IC50,5.959999
OZEMABLVUYGXRL-UHFFFAOYSA-N,2003,Ki,6.399997
OZEMABLVUYGXRL-UHFFFAOYSA-N,2002,IC50,6.399997
OZJDKUMSRQSURZ-UHFFFAOYSA-N,2009,Ki,7.149354
OZPICOPIYPCOIS-ZZGCUDHESA-N,1994,IC50,5.596879
OZQNRPOHMYPZKM-LRAUYJCASA-N,1993,Kd,6.699992
OZQNRPOHMYPZKM-LRAUYJCASA-N,1993,IC50,6.896196
OZUBKKRURPSIKW-UHFFFAOYSA-N,1995,IC50,8.337242
OZUBKKRURPSIKW-UHFFFAOYSA-N,1998,IC50,8.337242
PAHVPEPWQTXJBD-CWTKIQHKSA-N,2002,Ki,7.154902
PAYFXMBBNMGHKZ-UHFFFAOYSA-N,2002,IC50,8.455932
PBEASVYBIYWASR-OUPRXKBMSA-N,2011,Ki,9.680062
PBPFNJZSYGEZNI-UHFFFAOYSA-N,1998,IC50,7.259637
PCFFNCMKFYVCBU-RREIPUBJSA-N,2006,Ki,7.823909
PCROSQUDZNGXBN-UHFFFAOYSA-N,2006,Ki,9.045757
PCUHKXFCORPXBB-LJQANCHMSA-N,1998,IC50,8.698970
PCVSIMQAFWRUEC-DGPALRBDSA-N,1998,IC50,3.562249
PCVSIMQAFWRUEC-JDXGNMNLSA-N,1998,IC50,4.084073
PCVSIMQAFWRUEC-MFMCTBQISA-N,1998,IC50,5.148742
PCVSIMQAFWRUEC-PQHLKRTFSA-N,1998,IC50,6.795880
PDGGHHMVDHHHGY-JSKGAOECSA-N,2000,Ki,7.408935
PDJRNVXFLCXTET-UHFFFAOYSA-N,1996,IC50,6.471083
PDKAKBKHMCQDHQ-UHFFFAOYSA-N,2003,Ki,8.799971
PDQQOEIEIIKGPR-PKTZIBPZSA-N,2007,IC50,8.096910
PDQQOEIEIIKGPR-PKTZIBPZSA-N,2007,IC50,10.045757
PEIMIJSROKINQZ-HHHXNRCGSA-N,1998,IC50,7.376751
PEIMIJSROKINQZ-MHZLTWQESA-N,1998,IC50,7.744727
PEIMIJSROKINQZ-UHFFFAOYSA-N,1998,IC50,7.920819
PEJWJTCTMCSLLE-UHFFFAOYSA-N,2002,Kd,8.899974
PEMJICDBBJDNIA-UHFFFAOYSA-N,2001,IC50,9.920819
PEMJJXJCZVQVTB-UHFFFAOYSA-N,1994,IC50,8.657577
PESZUJHLDOLVBB-UHFFFAOYSA-N,1998,IC50,7.568636
PEUVJNALVBXTKV-MJEAINFQSA-N,2015,Ki,8.468521
PFGRJJDPSAEIIG-WENCNXQZSA-N,1995,IC50,5.130000
PFOMIAQBONXLRP-UHFFFAOYSA-N,2006,IC50,6.000000
PFPSZGPAQFBVHZ-UHFFFAOYSA-N,2004,IC50,6.602060
PFTLOBQREFSYPO-IZZNHLLZSA-N,1996,IC50,7.036212
PFUQNLIPHWCBSH-HYWAIOAGSA-N,2006,IC50,9.318759
PGKXDIMONUAMFR-AREMUKBSSA-N,1998,IC50,6.096910
PGKXDIMONUAMFR-AREMUKBSSA-N,1996,IC50,6.226945
PGMFRRGJAYYKKA-MFMCTBQISA-N,1996,IC50,7.721246
PGTSDQJJQFGOEU-HMILPKGGSA-N,1995,IC50,8.500038
PHEANDAKVLVTIQ-UHFFFAOYSA-N,2001,IC50,9.408935
PHJAHENRIQLDKM-UHFFFAOYSA-N,2008,IC50,7.420216
PIBKMDNTXVBQNJ-NSOVKSMOSA-N,1993,IC50,6.737549
PIBKMDNTXVBQNJ-UHFFFAOYSA-N,1995,IC50,6.823909
PIHZJNQJQFTRFE-RTWAWAEBSA-N,2010,Ki,9.221849
PJBUKQBYUYWWMO-KRWDZBQOSA-N,1999,IC50,9.552842
PJBUKQBYUYWWMO-QGZVFWFLSA-N,1999,IC50,8.022276
PJUMYSWVYWQCOZ-UHFFFAOYSA-N,2008,IC50,7.585027
PJXOVMYBBBUBNC-UHFFFAOYSA-N,1998,IC50,6.136677
PKAFUPCGJKCHLU-UHFFFAOYSA-N,2002,IC50,7.400008
PKFHCOCRXHWTGR-UHFFFAOYSA-N,1995,IC50,6.974694
PKJCAAZHTMYOEX-DHUJRADRSA-N,1997,Kd,5.744727
PKOMOAICWKDSFD-UHFFFAOYSA-N,1994,IC50,7.876148
PKPKUYSFERUYMH-RRPNLBNLSA-N,1996,IC50,6.657577
PKPZVRMFRWAKJD-UHFFFAOYSA-N,1995,IC50,7.468521
PKXHFVKACNEDII-QGZVFWFLSA-N,2006,Ki,8.221849
PLFQYVHLSBEAJT-HOFKKMOUSA-N,1995,IC50,7.698970
PLGYHEQJCJPPSA-SINHWUCRSA-N,2006,IC50,9.638272
PLMUPHYPECRQJW-WIOPSUGQSA-N,2013,IC50,10.036212
PLOFBQMQAHOQHM-UHFFFAOYSA-N,2006,IC50,9.958607
PMBHLZSZNBTXHZ-GDLZYMKVSA-N,1998,IC50,7.090016
PMULXNMITWTMFV-AREMUKBSSA-N,2001,IC50,9.318759
PMZARHVVWDLWAC-MULCNKJOSA-N,2001,Ki,7.443697
PNEOTEPFOGNDKN-UHFFFAOYSA-N,2002,IC50,6.886057
PNFHNRJQQVSHOG-AETRBLLXSA-N,2001,Ki,7.420216
PNGVIQNFVXLGMA-IZPDVVDKSA-N,2010,IC50,9.823909
PNGVIQNFVXLGMA-IZPDVVDKSA-N,2010,IC50,8.113509
PNPDRFDLRYVDNH-SZVSUXHCSA-N,2016,Ki,6.698970
PNZBIKULWBRCFZ-UHFFFAOYSA-N,2002,IC50,7.599980
PNZBIKULWBRCFZ-UHFFFAOYSA-N,2005,Ki,7.599980
PNZHOGAGCLLDMM-UHFFFAOYSA-N,2000,IC50,8.853872
POAWUKKCNDHCML-OJZPPULMSA-N,2002,Ki,7.376751
PONFEEVYOJAPRZ-UHFFFAOYSA-N,2001,IC50,8.698970
POOFXMHSHQTGID-NSOVKSMOSA-N,1998,Ki,7.420216
POVNTWJCRHSIPG-UHFFFAOYSA-N,2002,Kd,9.199971
POVSMQHNJBZQSH-REWPJTCUSA-N,1996,Ki,10.400008
PPOUETANRCKMLN-UHFFFAOYSA-N,2002,IC50,7.500038
PRBFCWQZDUFTDN-GXBCDIMNSA-N,2008,IC50,9.468521
PRBFCWQZDUFTDN-GXBCDIMNSA-N,2008,IC50,9.677781
PRDDKGHYSSEILD-UHFFFAOYSA-N,2011,IC50,8.585027
PRGSOEXCXSTEHC-RPWUZVMVSA-N,2007,IC50,9.167491
PRKDQTJNJVWZST-WUFINQPMSA-N,2012,IC50,10.193820
PROVIONNLHVHPU-UHFFFAOYSA-N,2011,IC50,8.180456
PRSWAFRRJSUDEX-UHFFFAOYSA-N,2014,IC50,7.698970
PRUNAWUFIXUODD-UHFFFAOYSA-N,1995,IC50,7.494850
PRVMNKWTNJEKFJ-XHRKEWCOSA-N,2008,IC50,9.397940
PRWFNQWPCVCDDH-DPMMWBKBSA-N,2006,IC50,9.721246
PRYCKXQCDGEFFJ-CZSMCTLESA-N,1993,Kd,6.699992
PRYCKXQCDGEFFJ-CZSMCTLESA-N,1993,IC50,7.677781
PSFFYUGEAZLKJI-HKBOAZHASA-N,2006,IC50,7.795880
PSLREODRWYTHEC-VUVCYMEASA-N,2008,IC50,8.107905
PSLREODRWYTHEC-ZHHJKBAOSA-N,2008,IC50,8.443697
PSQJTKUPFCWUEO-UHFFFAOYSA-N,2000,IC50,6.552842
PSVBEJHDFMPFJD-UHFFFAOYSA-N,1996,IC50,8.552842
PTFLMXJIYPRIQM-NDEPHWFRSA-N,1998,IC50,7.638272
PTHKZKTYSDDBIQ-UNMCSNQZSA-N,1995,Ki,8.700057
PTIYKSDBVLRZAO-LJAQVGFWSA-N,2002,Ki,7.283997
PTVMHGRZRNZSJJ-SRURARDESA-N,2001,Ki,7.161151
PTYBAWAKWJULSH-CSEYDVTNSA-N,2006,IC50,9.522879
PURFDWJJUPRHOS-HHHXNRCGSA-N,2013,IC50,7.130768
PURFDWJJUPRHOS-MHZLTWQESA-N,2013,IC50,7.585027
PURLCZJVZYRQTQ-UHFFFAOYSA-N,2006,Ki,6.649752
PUZLVFWWIPCNFL-IGKIAQTJSA-N,1995,IC50,7.481486
PUZPEGOFQQRVMW-FPOVZHCZSA-N,1996,IC50,9.013228
PUZPEGOFQQRVMW-FPOVZHCZSA-N,1998,IC50,9.000000
PVNAJCHBKOKIIB-BHXQQXLMSA-N,2010,Ki,9.744727
PVNAJCHBKOKIIB-BHXQQXLMSA-N,2010,IC50,9.379968
PVNAJCHBKOKIIB-KKYBWPPWSA-N,2010,Ki,11.275724
PVNAJCHBKOKIIB-KKYBWPPWSA-N,2010,IC50,10.910095
PWOIYCNBZZDBKW-YTTGMZPUSA-N,1998,IC50,5.800001
PWPFRWYBVBHLLB-HBTMXKHJSA-N,2007,Ki,9.698970
PWPFRWYBVBHLLB-HBTMXKHJSA-N,2007,IC50,9.110026
PWYQZXIMGCRVMM-LSLXJTAPSA-N,2002,IC50,9.522879
PXOYMRRBWTYUBA-BMZRIGGGSA-N,2000,Ki,7.619789
PXZTVHCMFSPYCK-UHFFFAOYSA-N,1995,IC50,9.045757
PXZTVHCMFSPYCK-UHFFFAOYSA-N,1995,IC50,9.585027
PXZTVHCMFSPYCK-VMPREFPWSA-N,1995,IC50,8.698970
PXZTVHCMFSPYCK-VMPREFPWSA-N,1995,IC50,6.707744
PXZTVHCMFSPYCK-VMPREFPWSA-N,1993,IC50,9.000000
PXZTVHCMFSPYCK-VMPREFPWSA-N,1994,IC50,9.000000
PXZTVHCMFSPYCK-VMPREFPWSA-N,1998,IC50,9.000000
PXZTVHCMFSPYCK-VMPREFPWSA-N,1998,IC50,6.530001
PYALTOQQRPEMLM-IBGZPJMESA-N,2002,IC50,7.899974
PYALTOQQRPEMLM-LJQANCHMSA-N,2002,IC50,8.500038
PYALTOQQRPEMLM-UHFFFAOYSA-N,2003,Ki,8.299989
PYMMFZHBPNJQOD-IBGZPJMESA-N,2002,IC50,7.599980
PYMMFZHBPNJQOD-LJQANCHMSA-N,2002,IC50,8.500038
PYMMFZHBPNJQOD-UHFFFAOYSA-N,2003,Ki,8.500038
PYMQWQVPOYGEIM-GOJCVTOHSA-N,1995,IC50,7.136677
PYMQWQVPOYGEIM-WNOXWKSXSA-N,1995,IC50,8.744727
PYXASHMZLWIZKY-VBHBFSRDSA-N,2006,IC50,7.552842
PYYQGLOWYDYWDJ-UHFFFAOYSA-N,2001,IC50,8.481486
PZHALDXTORCWTC-VMPREFPWSA-N,1998,Ki,8.173925
PZNXMYGCDJHLCM-UHFFFAOYSA-N,2013,IC50,8.193820
QAIJDUKQZAHNMO-LYQDPQKGSA-N,2002,Ki,8.301030
QBBGNPIZYIFEFU-XOKHWMEBSA-N,2001,Ki,8.045757
QBEMOEIRUZZYTR-HKBQPEDESA-N,1993,IC50,6.031517
QBFWYYRMUQGGNR-UHFFFAOYSA-N,2011,Ki,9.599980
QBFWYYRMUQGGNR-UHFFFAOYSA-N,2011,Ki,10.299989
QBFWYYRMUQGGNR-UHFFFAOYSA-N,2011,Ki,9.799971
QBQWUWIDZFTTLW-KTPANICASA-N,2002,Ki,8.823909
QBVKHKPSAMYONA-JNSHEXFGSA-N,1994,IC50,7.913640
QBYYSIUBCJMHSP-XWRIVVANSA-N,2021,IC50,10.000000
QCVSZRBCNKHMIP-UHFFFAOYSA-N,2011,IC50,7.275724
QCXRHXGAIJKWLX-UHFFFAOYSA-N,2012,IC50,9.769551
QDGXTXLVIWMVDH-UHFFFAOYSA-N,2003,Ki,8.100015
QDZKMVDHAKNAHI-UHFFFAOYSA-N,2002,IC50,7.397940
QECBUZHWFDACDA-FCHUYYIVSA-N,1994,IC50,6.455932
QECBUZHWFDACDA-FGZHOGPDSA-N,1994,IC50,7.408935
QECBUZHWFDACDA-VXKWHMMOSA-N,1994,IC50,8.036212
QECBUZHWFDACDA-VXKWHMMOSA-N,1998,IC50,8.040005
QEKNOTIEZRQEFJ-SVBPBHIXSA-N,1998,Ki,7.527244
QELSZNTVWCMLRF-UHFFFAOYSA-N,2017,IC50,8.190440
QELSZNTVWCMLRF-UHFFFAOYSA-N,2018,IC50,8.190440
QEQMAEXQVGXASS-QFIPXVFZSA-N,1993,IC50,6.903090
QEQMAEXQVGXASS-QFIPXVFZSA-N,1994,IC50,6.903090
QGMYHJMVUGGQNO-BMIMXMDRSA-N,2010,IC50,8.721246
QGMYHJMVUGGQNO-BMIMXMDRSA-N,2010,IC50,9.000000
QGMYHJMVUGGQNO-BMIMXMDRSA-N,2010,IC50,9.769551
QGMYHJMVUGGQNO-BMIMXMDRSA-N,2010,IC50,10.045757
QHCKTDLGDHQAID-ILPVEIHGSA-N,2006,Ki,9.522879
QHCSPVHPMRFOBY-UHFFFAOYSA-N,2003,Ki,7.799971
QHFKTCIVKDSYGB-UHFFFAOYSA-N,2001,IC50,6.987163
QHPRLDAGUGKEPY-UHFFFAOYSA-N,2014,IC50,8.096910
QHYUCFPCBINQBH-UHFFFAOYSA-N,2013,Ki,9.000000
QIPWNEBFOZSRLS-OAQYLSRUSA-N,1998,IC50,6.439998
QIPWNEBFOZSRLS-UHFFFAOYSA-N,1994,IC50,6.435334
QIPWNEBFOZSRLS-UHFFFAOYSA-N,2004,IC50,6.397940
QJHLLGCMNXHDQT-FQEVSTJZSA-N,2011,Ki,7.568636
QJHLLGCMNXHDQT-FQEVSTJZSA-N,2011,Kd,8.400008
QJHLLGCMNXHDQT-FQEVSTJZSA-N,2015,Ki,7.568636
QJHLLGCMNXHDQT-FQEVSTJZSA-N,2015,Kd,8.400008
QJLPTGTXRGEKCS-UHFFFAOYSA-N,2006,IC50,8.677781
QJMOSYCFKFRZPQ-UHFFFAOYSA-N,2001,IC50,7.259637
QJNHNXFWOFSZPP-MRXNPFEDSA-N,2016,Ki,4.764472
QJNHNXFWOFSZPP-MRXNPFEDSA-N,2018,Ki,4.764472
QJNHNXFWOFSZPP-MRXNPFEDSA-N,2020,Ki,4.764472
QJNHNXFWOFSZPP-MRXNPFEDSA-N,2021,Ki,4.764472
QJPQOMYSGGNMMU-PTYIZKHBSA-N,2010,IC50,9.031517
QJPQOMYSGGNMMU-PTYIZKHBSA-N,2010,IC50,7.048177
QJWDDKFLDNAVJD-ICSRJNTNSA-N,1995,Ki,8.599980
QKCSLNKBSSSWLN-CXTIUDGFSA-N,1995,IC50,7.823909
QKDREOIGKWPZQZ-RRYCAANRSA-N,2001,Ki,7.769551
QKMNCMIKEOYLQG-UHFFFAOYSA-N,2006,IC50,9.214670
QKYWAGUMOSICDJ-BJSJXSMNSA-N,2000,Ki,6.903090
QLXHEEVESGWCHN-FQEVSTJZSA-N,2013,IC50,8.602060
QLXHEEVESGWCHN-HXUWFJFHSA-N,2013,IC50,8.585027
QMCSRVRYDUVHNB-FOIQADDNSA-N,2010,Ki,9.522879
QMKDGEPXNSIOML-UHFFFAOYSA-N,2006,Ki,8.455932
QMQONIJKFSQSNN-ZWXJPIIXSA-N,2002,Ki,7.494850
QNABWLPZWWNWJT-RIOIIYTLSA-N,2001,IC50,8.443697
QNNXSANSVSPCPH-MHZLTWQESA-N,1998,IC50,7.468521
QOJWQWHTTQNBIU-JONXPCGESA-N,2009,IC50,9.958607
QOJWQWHTTQNBIU-JONXPCGESA-N,2009,IC50,8.107905
QOOGOLVYWAKPMZ-UHFFFAOYSA-N,2006,IC50,8.522879
QOOXCQFWUYVSGU-RPBOFIJWSA-N,2012,Ki,8.958607
QOOXCQFWUYVSGU-RPBOFIJWSA-N,2012,Ki,9.154902
QOOXCQFWUYVSGU-RPBOFIJWSA-N,2012,Ki,9.154902
QOOXCQFWUYVSGU-RPBOFIJWSA-N,2012,Kd,7.540005
QOPIOMWNHRCPAA-DQEYMECFSA-N,2007,IC50,8.431798
QOPIOMWNHRCPAA-LOSJGSFVSA-N,2007,IC50,9.013228
QOPIOMWNHRCPAA-RPBOFIJWSA-N,2007,IC50,9.376751
QOPIOMWNHRCPAA-RPBOFIJWSA-N,2007,IC50,8.346787
QOPIOMWNHRCPAA-RPBOFIJWSA-N,2007,IC50,9.920819
QOYSJYDAYLKBNM-UHFFFAOYSA-N,2021,IC50,5.698970
QPVQOFFGRFOSLP-HLKRZZCRSA-N,2009,IC50,10.000000
QPVQOFFGRFOSLP-HLKRZZCRSA-N,2009,IC50,7.958607
QPXHKYIKGXEZLU-GDOIFUFOSA-N,2010,IC50,9.853872
QPXHKYIKGXEZLU-GDOIFUFOSA-N,2010,IC50,10.096910
QPXHKYIKGXEZLU-GDOIFUFOSA-N,2010,IC50,8.251812
QPXHKYIKGXEZLU-GDOIFUFOSA-N,2010,IC50,9.040959
QPXROMJDFPQBAT-IZZNHLLZSA-N,1996,IC50,7.769551
QPYHFENMSUXYHC-UHFFFAOYSA-N,1995,IC50,5.132768
QPYYKHVKRDAGGT-VMPREFPWSA-N,1998,IC50,5.431798
QQBRRNTWHAAEFM-BUALBWRZSA-N,1995,IC50,8.431798
QQEUFCBFNCEBTH-UVIULGBXSA-N,2002,Ki,8.920819
QQOIKWGCKJQKAY-UHFFFAOYSA-N,1998,IC50,8.552842
QQQXQOGGUJPCGH-CONSDPRKSA-N,1998,Ki,7.767004
QRJPLDUCXKIQHR-MVGXFMOLSA-N,2002,IC50,7.004365
QRKKPEATNBJFKO-JFXHSDHMSA-N,2001,Ki,8.096910
QROSISYERPCHRH-UHFFFAOYSA-N,2002,IC50,7.000000
QRSRJIUBJHILGQ-UHFFFAOYSA-N,2002,IC50,6.900009
QRWUPVKNUBTJJH-ICSRJNTNSA-N,1996,IC50,9.096910
QRWUPVKNUBTJJH-ICSRJNTNSA-N,1998,IC50,9.100015
QRXVHHGJYZCNHF-NSOVKSMOSA-N,1992,IC50,7.698970
QRXVHHGJYZCNHF-NSOVKSMOSA-N,1998,IC50,7.700057
QRZABLVSQLMLCO-UHFFFAOYSA-N,2002,Ki,8.494850
QSCPQKRZZYXKEC-UHFFFAOYSA-N,1995,IC50,7.468521
QSSWXHSQMGICOW-KDXMTYKHSA-N,1993,IC50,6.698970
QSUSVQBWSZZTNK-UHFFFAOYSA-N,1998,IC50,6.769551
QTBQHIWMGGQACY-ZCFIWIBFSA-N,2017,Ki,4.721246
QTBWRBOKUGQAPL-UHFFFAOYSA-N,2011,IC50,7.008774
QTKOZNOELLHMIX-ARJQTIKYSA-N,2010,IC50,8.744727
QTKOZNOELLHMIX-ARJQTIKYSA-N,2010,IC50,9.769551
QTKOZNOELLHMIX-JJEANDOOSA-N,2010,IC50,8.886057
QTKOZNOELLHMIX-JJEANDOOSA-N,2010,IC50,9.853872
QTKOZNOELLHMIX-PQRANODCSA-N,2010,IC50,7.886057
QTKOZNOELLHMIX-PQRANODCSA-N,2010,IC50,8.920819
QTKOZNOELLHMIX-QCCCCPFFSA-N,2010,IC50,8.638272
QTKOZNOELLHMIX-QCCCCPFFSA-N,2010,IC50,9.853872
QTRCZKVGWHJYRF-UHFFFAOYSA-N,1996,IC50,6.226945
QTTMGUACDYUDCN-PUCZYUMASA-N,2007,IC50,9.327902
QUARZWNHDPZJSZ-UHFFFAOYSA-N,2003,Ki,7.199971
QUSBTAHOOJMYRQ-VBMGMRCRSA-N,2002,Ki,6.853872
QUXGPHXFLBRUBT-GFCCVEGCSA-N,2017,Ki,4.602060
QUXYPYOPGAKDPS-QGEZMCGCSA-N,2002,IC50,9.408935
QVIGMIXQFMLDIS-CFJRQAHESA-N,2010,Ki,9.638272
QVYOBGVPVVZIAA-FTJBHMTQSA-N,2007,IC50,9.677781
QVYOBGVPVVZIAA-FTJBHMTQSA-N,2007,IC50,10.301030
QVYPWFFWLVUYKN-FOIFJWKZSA-N,2010,Ki,7.700057
QVYPWFFWLVUYKN-FOIFJWKZSA-N,2010,Ki,9.299989
QWONJGQDISCJGP-UHFFFAOYSA-N,2018,IC50,8.332547
QWTXWQVVUIMNOD-UHFFFAOYSA-N,2002,IC50,9.154902
QWWRETCIYVIZSF-DPVFXHEMSA-N,2002,IC50,7.886057
QWYVYTAMNCYSJR-UHFFFAOYSA-N,2002,Ki,6.958607
QXCVZBAXCMOJRS-KRWDZBQOSA-N,1998,IC50,5.570001
QXCVZBAXCMOJRS-UHFFFAOYSA-N,1995,IC50,5.574140
QXGHMYNYDKDRLF-PMACEKPBSA-N,2011,IC50,8.721246
QXLDKHMFTCJJTH-PZJWPPBQSA-N,2011,Ki,9.700057
QXNYEDXGJIDWMZ-CNTXRXOVSA-N,2009,IC50,9.823909
QXNYEDXGJIDWMZ-CNTXRXOVSA-N,2009,IC50,8.136677
QXSXGOZFQYUICU-UHFFFAOYSA-N,2008,IC50,6.266001
QXVKDIRFPUDMDU-UHFFFAOYSA-N,2013,IC50,8.200659
QXYXAFHTANBIQX-SXOMAYOGSA-N,2007,IC50,9.292430
QXYXAFHTANBIQX-SXOMAYOGSA-N,2007,IC50,10.301030
QYEWXCVGWCGREN-KIQDXCFYSA-N,2017,EC50,3.455932
QZCMEGCLHDHJRZ-CXAHNHKCSA-N,2001,IC50,9.677781
QZHOKWHGBRFWKM-UHFFFAOYSA-N,2006,IC50,9.187087
QZJRHSQLPCOJGA-OJZPPULMSA-N,2000,Ki,7.327902
QZMOFNPUSZXVHM-UHFFFAOYSA-N,2000,IC50,7.494850
QZVNIWYIYIHHQO-UHFFFAOYSA-N,1996,IC50,6.490797
RAERUCXTDYOQNG-UHFFFAOYSA-N,2002,IC50,7.100015
RAFDWIXSTUFXQE-UHFFFAOYSA-N,1998,IC50,7.420216
RALVNYPLJQSMAN-CFSSXQINSA-N,2008,Ki,8.585027
RALVNYPLJQSMAN-ORPRQENYSA-N,2008,Ki,9.221849
RAMQTGXNUULPTD-JDXGNMNLSA-N,1998,Ki,8.327902
RAVSIXKQUPRXPP-UHFFFAOYSA-N,1995,IC50,7.721246
RBRDVMQNTQBANG-IZZNHLLZSA-N,2013,IC50,9.958607
RCPUBYXKXCXVPB-QPTNECHASA-N,2002,IC50,9.070581
RCZBGEWMFPGPIF-XORNHQRDSA-N,2010,Ki,9.552842
RDKQAVZIXBHKDK-QNGWXLTQSA-N,1993,IC50,5.966576
RDLJFYDPHNQKHM-QFIPXVFZSA-N,2001,IC50,6.080922
RDQXAZMERWVFCE-IZZNHLLZSA-N,1996,IC50,7.619789
RFSNGIFDMPUEFP-YXHYVMOGSA-N,2006,Ki,8.799971
RFSNGIFDMPUEFP-YXHYVMOGSA-N,2006,Kd,8.799971
RGUDXLHTEUZZSX-GOSISDBHSA-N,2004,IC50,5.814458
RGUDXLHTEUZZSX-SFHVURJKSA-N,1993,IC50,5.814458
RGUDXLHTEUZZSX-SFHVURJKSA-N,1994,IC50,5.814458
RGYAEWZDVHSMCE-ACHIHNKUSA-N,1998,Ki,8.769551
RHLFRQYCXXEYMH-JSRBVGTNSA-N,2021,IC50,8.958607
RHLFRQYCXXEYMH-UHFFFAOYSA-N,2002,IC50,8.958607
RHLQHVJDZOMGMW-UHFFFAOYSA-N,2001,IC50,8.638272
RHVQKCNMAFZXCK-OUPRXKBMSA-N,2010,Ki,9.585027
RIJFQNLRLPVBNV-RDBRXFRASA-N,1996,IC50,5.857298
RIMRBFFCTVLKNY-AUEPDCJTSA-N,2006,Ki,6.500313
RITOINUTGUCQPS-BMFSAJMZSA-N,2021,IC50,5.958607
RIYFBUBBDKMFDL-UHFFFAOYSA-N,2001,IC50,9.823909
RIZNUGBEWDWVDN-UHFFFAOYSA-N,1996,IC50,8.602060
RJJQCAFISBUDKV-XOKHWMEBSA-N,2000,Ki,7.657577
RJNBLSFDQIUPTN-RTOHIFTRSA-N,2006,Ki,8.599980
RJNBLSFDQIUPTN-RTOHIFTRSA-N,2006,Kd,10.000000
RKASKHITIDVOID-UHFFFAOYSA-N,2001,IC50,7.376751
RKCYJNRDUDBTDT-QFIPXVFZSA-N,1995,IC50,8.744727
RKMNJDJHIUANMC-UHFFFAOYSA-N,2000,IC50,7.431798
RKQVTHFZZOFIFL-FCOREWAKSA-N,2002,IC50,10.000000
RLEVBHOVASXXPT-NRFANRHFSA-N,1995,IC50,8.301030
RLHGGWYQVKICLX-UHFFFAOYSA-N,2000,IC50,8.366532
RLOWWIPAZLWNRL-MLYMZAKTSA-N,2000,Ki,7.086186
RLXURWNYROPUKN-UHFFFAOYSA-N,1996,IC50,7.251812
RLYXXIQMNMOLJZ-DEOSSOPVSA-N,1995,IC50,9.301030
RLYXXIQMNMOLJZ-DEOSSOPVSA-N,1995,IC50,9.397940
RLYXXIQMNMOLJZ-DEOSSOPVSA-N,1995,IC50,8.000000
RLZAHUJYUFOJFC-UHFFFAOYSA-N,1996,IC50,8.928118
RMDXBSYLFLAMKO-UHFFFAOYSA-N,2000,IC50,6.958607
RMHALYQZHFLFFL-UHFFFAOYSA-N,2002,Ki,6.950782
RMPKGCQPPWICCB-ZONNCAFXSA-N,2002,Ki,8.698970
RMPOHZLJIMPVGV-UHFFFAOYSA-N,1996,IC50,6.521434
RMRCMPQTTCGZTG-UHFFFAOYSA-N,1996,IC50,8.508638
RMWDIPRGXUWYAE-RPBOFIJWSA-N,2007,IC50,7.207608
RNLBAKIMAUIWHO-FMIFUCRQSA-N,2002,Ki,8.045757
RNRVUYGVIOJTMN-CMXZEOLJSA-N,2002,Ki,6.987163
ROETYKQAPNITRN-GAOIYXDDSA-N,2002,Ki,9.221849
ROOCUTOICRZTPC-UHFFFAOYSA-N,1996,IC50,5.455932
RPEJUMUSKMYYSP-ZAYWWLBMSA-N,2010,IC50,8.958607
RPEJUMUSKMYYSP-ZAYWWLBMSA-N,2010,IC50,7.356547
RPMPXKASBWJZPP-UHFFFAOYSA-N,1996,IC50,7.179142
RPNSLZSITFBVPE-UHFFFAOYSA-N,1995,IC50,6.327902
RPTJPWCOBZLMMD-NRWPOFLRSA-N,2013,IC50,6.619789
RPTJPWCOBZLMMD-WIOPSUGQSA-N,2013,IC50,7.107905
RQVBYRWUISROIZ-FEWZWGNISA-N,2002,Ki,8.568636
RRGKJCLXDVRZFZ-UHFFFAOYSA-N,2011,IC50,6.628932
RRMHOUYEUUCREL-UHFFFAOYSA-N,1995,IC50,5.369064
RRQHBXFZUXIDJS-UHFFFAOYSA-N,2001,IC50,8.214670
RRRWOVLMDWKHLB-UHFFFAOYSA-N,1998,IC50,7.481486
RRWILHKRMKBVID-UHFFFAOYSA-N,2002,Ki,7.494850
RSABPPVRUPFDEN-CYBMUJFWSA-N,2006,Ki,8.619789
RSCUIJPMECVKOO-UHFFFAOYSA-N,2001,IC50,8.537602
RSLCAMXZLJMHNX-UHFFFAOYSA-N,2006,Ki,7.167491
RSLSZQMVGYAVMK-UHFFFAOYSA-N,1997,Ki,6.499997
RSRKUMMFMMRVHW-UHFFFAOYSA-N,2002,Ki,7.638272
RSTWJTPPTSOYKZ-JSLDZMDGSA-N,2002,Ki,7.481486
RUDMNOHAIPDMCF-OALUTQOASA-N,2011,IC50,10.124939
RUMVZUFKTZXZHP-VXKWHMMOSA-N,2011,IC50,10.267606
RUTKNWZWCDYBRI-NUYCEAJWSA-N,2006,IC50,9.167491
RUTVZVYLDRQCPL-MLYMZAKTSA-N,2001,Ki,7.698970
RVFVJIRFYXKKNY-QHCPKHFHSA-N,1998,Ki,6.481486
RVKBMGOBDMERLT-UHFFFAOYSA-N,2002,Ki,5.630000
RVPQJRAPQSRRCJ-RUZDIDTESA-N,2001,IC50,9.187087
RVQWQAUTXDWGGP-UHFFFAOYSA-N,2001,IC50,7.522879
RWCQGMYLKBMGOP-OALUTQOASA-N,1995,IC50,7.167491
RXHOOMSRVGJWKW-MRWAXMPCSA-N,2006,Ki,9.100015
RXHOOMSRVGJWKW-MRWAXMPCSA-N,2006,Kd,9.799971
RXOBEDAYMSZORF-UHFFFAOYSA-N,2017,IC50,8.555955
RXOBEDAYMSZORF-UHFFFAOYSA-N,2018,IC50,8.555955
RYHNNCDMPVRREY-NSOVKSMOSA-N,1995,IC50,6.154902
RYHNNCDMPVRREY-NSOVKSMOSA-N,1993,IC50,6.154902
RYKAAYFLCOHWCE-UHFFFAOYSA-N,2002,Ki,6.859995
RZHUUXCHZATEMA-BGUDKVOASA-N,2001,IC50,9.602060
RZJHKAMGEAYCNK-SECBINFHSA-N,2017,Ki,4.823909
SAOIHBIAGRVDAR-KBJGYGKASA-N,2010,Ki,9.823909
SAOIHBIAGRVDAR-KBJGYGKASA-N,2011,Ki,11.000000
SAOIHBIAGRVDAR-UJUVCNOISA-N,2010,Ki,9.455932
SAPCBHPQLCZCDV-CHPWDEGWSA-N,1993,Kd,6.799998
SARPBFWIJDNMRR-HXPUERGNSA-N,2002,Ki,9.154902
SARPBFWIJDNMRR-KFZUGWGMSA-N,2002,Ki,9.397940
SBBYBXSFWOLDDG-JLTOFOAXSA-N,2009,Ki,9.649946
SBBYBXSFWOLDDG-JLTOFOAXSA-N,2009,Kd,10.519993
SBBYBXSFWOLDDG-JLTOFOAXSA-N,2010,Ki,9.599980
SBBYBXSFWOLDDG-JLTOFOAXSA-N,2011,Ki,9.649946
SBBYBXSFWOLDDG-JLTOFOAXSA-N,2013,IC50,9.602060
SBBYBXSFWOLDDG-VBKZILBWSA-N,2009,Ki,9.270026
SBBYBXSFWOLDDG-VLIAUNLRSA-N,2009,Ki,8.090016
SBBYBXSFWOLDDG-XOBRGWDASA-N,2009,Ki,8.430041
SBIUVIYDWWXAGW-UHFFFAOYSA-N,1998,IC50,7.200659
SBIVMYBYKVLWQU-UHFFFAOYSA-N,1995,IC50,7.494850
SBIZXCKDTDLJHC-FUANUBAPSA-N,1996,IC50,8.698970
SBIZXCKDTDLJHC-NBGFENBTSA-N,1998,IC50,8.698970
SBRDTMDWMOJLCU-UHFFFAOYSA-N,2000,IC50,8.119186
SCGIBCYMCCJYLO-WENCNXQZSA-N,1995,IC50,7.010017
SCIFAMUXVONJNS-UHFFFAOYSA-N,1994,IC50,5.522879
SCPYGOGAZGCOKB-XVDWRUNBSA-N,2002,Ki,7.000000
SCPYZUAEPUWQKQ-UHFFFAOYSA-N,2006,Ki,8.337242
SCQDFAONTBDEIU-OXHCMLJQSA-N,2006,IC50,9.207608
SCTMGBDXYTYTJH-KAJMWERUSA-N,2006,IC50,9.602060
SCUCGLNZVOAIMC-NRFANRHFSA-N,1993,IC50,6.257275
SCUCGLNZVOAIMC-NRFANRHFSA-N,1994,IC50,6.257275
SCUCGLNZVOAIMC-NRFANRHFSA-N,1998,IC50,6.260001
SDAQMMFVBYMJDD-IBGZPJMESA-N,1994,IC50,9.000000
SDAQMMFVBYMJDD-UHFFFAOYSA-N,1998,IC50,9.000000
SDAQMMFVBYMJDD-UHFFFAOYSA-N,1998,IC50,9.000000
SDAQMMFVBYMJDD-UHFFFAOYSA-N,2010,Ki,9.000000
SDDBLBQPFQWQTQ-FTJBHMTQSA-N,2012,IC50,10.008774
SDIARYHLHLQDHS-AETRBLLXSA-N,2001,Ki,7.853872
SDTLZBKGRGUYBM-UHFFFAOYSA-N,2002,IC50,9.000000
SEXIEPVVCPDKMR-UHFFFAOYSA-N,2009,Ki,8.059982
SFBJQTXZKXTYKE-UHFFFAOYSA-N,2011,Ki,5.795880
SFOWLACMCFEDLL-BFUOFWGJSA-N,2008,Ki,9.221849
SGBDUEZXJHDZIY-BIXQXLNPSA-N,2002,Ki,9.154902
SGGSCEPQSJZAAL-UHFFFAOYSA-N,2004,IC50,7.958607
SGMZMUYLZYFEAL-UHFFFAOYSA-N,2004,IC50,7.585027
SGQVPBVOTGCWIJ-GHRAFVERSA-N,1995,IC50,8.000000
SGSRPJMSWTTYSL-JFXHSDHMSA-N,2002,Ki,7.091515
SHLVDRLISHVGSO-ZSQFBXSQSA-N,1995,IC50,7.468521
SHMJWPYNUXOKLF-KTZMUZOWSA-N,2006,Ki,7.031517
SIBIOTUKPPIJSS-UHFFFAOYSA-N,2001,IC50,7.991400
SIGVSCHWYKBBFX-KCWXNJEJSA-N,1995,IC50,7.649946
SIGYSNVKOFSFML-PMERELPUSA-N,1993,IC50,6.853872
SIHCCJJWSBAMTD-RRPNLBNLSA-N,2012,IC50,10.327902
SIIMITFGYHVBGG-FGSBKAERSA-N,1994,Ki,4.022276
SIPOLHQPOKEDPH-UHFFFAOYSA-N,2013,IC50,6.154902
SIRLPVNKNQJFET-UHFFFAOYSA-N,2014,IC50,7.795880
SIRMQLLMKUZYMJ-UHFFFAOYSA-N,2000,IC50,5.823909
SIYPEYKSXSWWFT-UHFFFAOYSA-N,2011,Ki,5.657577
SIZJFJCXMDQSRE-SINHWUCRSA-N,2006,IC50,9.721246
SJBVKVDGVANGJA-DOACRVLCSA-N,2010,IC50,9.154902
SJBVKVDGVANGJA-DOACRVLCSA-N,2010,IC50,10.214670
SJBVKVDGVANGJA-DOACRVLCSA-N,2010,IC50,8.823909
SJBVKVDGVANGJA-DOACRVLCSA-N,2010,IC50,9.397940
SJBVKVDGVANGJA-DOACRVLCSA-N,2010,IC50,9.397940
SJBVKVDGVANGJA-DOACRVLCSA-N,2010,IC50,8.721246
SJBVKVDGVANGJA-MFKNPSAJSA-N,2010,IC50,8.920819
SJBVKVDGVANGJA-MFKNPSAJSA-N,2010,IC50,10.180456
SJHZTGDJTIZMSK-KPRDSAADSA-N,2001,Ki,10.000000
SJHZTGDJTIZMSK-KPRDSAADSA-N,2002,Ki,9.920819
SJKYOVFCBLAVEU-NDPVAKIZSA-N,2002,Ki,7.552842
SJKYOVFCBLAVEU-UIAACRFSSA-N,2021,IC50,7.552842
SJKYOVFCBLAVEU-YMNQCSKTSA-N,2002,Ki,6.397940
SJKYOVFCBLAVEU-YSSFQJQWSA-N,2021,IC50,6.397940
SJUGCLVDTCIDMC-JKMYNKRXSA-N,1998,IC50,5.899998
SKAYGFFLRFARDX-OZIXAUCHSA-N,2002,IC50,6.920819
SKFQAUXRVOPVSQ-UHFFFAOYSA-N,2003,Ki,7.000000
SKFQAUXRVOPVSQ-UHFFFAOYSA-N,2002,IC50,7.000000
SKLLXNKQWQRXIR-UHFFFAOYSA-N,2011,IC50,6.362510
SKQAXGRTJKBKTG-GOSISDBHSA-N,1998,IC50,7.886057
SKSVLYVQUOGPSM-OLBHHIGCSA-N,2015,Ki,9.000000
SKXVECUCBANNIA-UHFFFAOYSA-N,2011,IC50,6.657577
SLAOVGOAOZJZKV-UHFFFAOYSA-N,1995,IC50,7.167491
SNDJRJPQSWPPJP-OZMGXUMRSA-N,2002,Ki,7.236572
SNOAWNVDDANLMI-JSKGAOECSA-N,2002,Ki,8.221849
SNRPTOFWJUUQPQ-UHFFFAOYSA-N,1994,IC50,7.896196
SNZRUAABGYAKBS-CTCAENTCSA-N,2008,IC50,9.154902
SOAJINBUWMBFRL-UHFFFAOYSA-N,2001,IC50,9.552842
SOAJINBUWMBFRL-UHFFFAOYSA-N,2001,IC50,9.552842
SONFWIYUKIBJQD-UHFFFAOYSA-N,2006,Ki,8.769551
SONMMNBUJANHDU-GAZXMLTASA-N,2007,IC50,9.744727
SOVVORMDBAETNG-UHFFFAOYSA-N,1995,IC50,7.200659
SOVZPUNJPSNXQR-UHFFFAOYSA-N,2011,IC50,6.156145
SPAGCMPPUGYUHY-UHFFFAOYSA-N,1996,IC50,8.397940
SPKXPZZAVXNHLY-WHAKPXNHSA-N,2002,IC50,9.251812
SPLKTVKAAPXPPZ-UHFFFAOYSA-N,2013,IC50,7.886057
SPOQEIILUHGCDB-ALHJQXIUSA-N,2002,IC50,8.602060
SPOQEIILUHGCDB-OZIXAUCHSA-N,2002,IC50,6.853872
SPOVULTVWLBFKZ-FCHOFNBWSA-N,2010,IC50,10.221849
SPOVULTVWLBFKZ-FCHOFNBWSA-N,2010,IC50,9.045757
SPYQPOOICBVIJX-AYVIFYHYSA-N,1996,IC50,7.455932
SQGSMVRFSUZJTG-UBPNEBOYSA-N,1998,Ki,7.638272
SQHKCBLNRNKPNQ-HMPIOLDBSA-N,1994,IC50,8.387216
SQNPCQVHVHOWEK-BJSJXSMNSA-N,2000,Ki,8.045757
SQNYJTSIWKBHBD-FQEVSTJZSA-N,2003,Ki,8.000000
SQNYJTSIWKBHBD-HXUWFJFHSA-N,2003,Ki,8.100015
SQRIUKXVALYAKA-UHFFFAOYSA-N,2002,Ki,7.769551
SQUYFZZDIQUCSM-UHFFFAOYSA-N,2013,IC50,8.275724
SREWSRXPXZVLMR-ICSRJNTNSA-N,1995,Ki,9.700057
SRIOHIXTSHGWLJ-QZTJIDSGSA-N,1994,IC50,5.946922
SRIOHIXTSHGWLJ-ZWKOTPCHSA-N,1994,IC50,5.815309
SRLYUYRWDOPUDB-PUCZYUMASA-N,2012,IC50,9.698970
SRLYUYRWDOPUDB-SZFUDVHCSA-N,2012,IC50,10.769551
SRMLNALOYZEEDP-VDCGLRQOSA-N,2002,IC50,9.124939
SRPGJTDSNNPYQF-OALUTQOASA-N,2011,IC50,10.267606
SRUVIRMFXGIZDE-QFIPXVFZSA-N,1995,IC50,8.420216
SSEBEPRONSIAMK-PMACEKPBSA-N,2011,IC50,9.795880
SSGVUCUCQKFTFZ-RRPNLBNLSA-N,1996,IC50,7.920819
SSPQQLUIJSOEHH-UHFFFAOYSA-N,2000,IC50,6.853872
SSQGNSUWMMJHRK-UHFFFAOYSA-N,1998,IC50,8.537602
SSSMQSQCNAOVLJ-UHFFFAOYSA-N,2003,Ki,8.100015
SSSMQSQCNAOVLJ-UHFFFAOYSA-N,2002,IC50,8.100015
SSWOBDWLRTXEMS-UHFFFAOYSA-N,1999,IC50,8.638272
STAJLHIUAJDIGV-HMILPKGGSA-N,1995,IC50,7.460046
STFZMBZNJAIPHK-UHFFFAOYSA-N,1998,IC50,9.494850
STJZDPGWBPFLGF-SNRMKQJTSA-N,2006,IC50,8.568636
STQPZMKBIAWKGK-MRXNPFEDSA-N,1998,IC50,8.619789
SUIAZXTYRYLIFJ-PNFNHJRFSA-N,2002,Ki,8.301030
SUITYIWBXSZXIQ-MJRZITLZSA-N,2008,IC50,10.221849
SUITYIWBXSZXIQ-MJRZITLZSA-N,2010,IC50,10.221849
SUITYIWBXSZXIQ-MJRZITLZSA-N,2010,IC50,8.657577
SUITYIWBXSZXIQ-MJRZITLZSA-N,2010,IC50,8.657577
SUITYIWBXSZXIQ-MJRZITLZSA-N,2010,IC50,10.221849
SUZSWSSXVHSRLT-ICSRJNTNSA-N,1995,IC50,9.000000
SUZSWSSXVHSRLT-ICSRJNTNSA-N,1995,IC50,8.886057
SUZSWSSXVHSRLT-ICSRJNTNSA-N,1996,IC50,8.886057
SUZSWSSXVHSRLT-ICSRJNTNSA-N,1998,IC50,8.890084
SVHRYTCAXFKCFS-IZZNHLLZSA-N,1996,IC50,7.585027
SVHVLAGNGAWUQU-SVBPBHIXSA-N,1991,IC50,6.958607
SVHVLAGNGAWUQU-SVBPBHIXSA-N,1995,IC50,10.070581
SVHVLAGNGAWUQU-SVBPBHIXSA-N,1993,IC50,6.823909
SVHVLAGNGAWUQU-SVBPBHIXSA-N,1992,IC50,7.795880
SVHVLAGNGAWUQU-SVBPBHIXSA-N,1998,IC50,7.540005
SVJLECBANPOFKI-QCFMCPCVSA-N,2000,Ki,7.522879
SVNARMJNQZDVGN-UHFFFAOYSA-N,2014,IC50,8.327902
SVVJEDRBKOBRPP-UHFFFAOYSA-N,2003,Ki,8.000000
SVWMIGCETSKTFP-UHFFFAOYSA-N,1996,IC50,5.183030
SWGQDPWKPYZEEH-SFHVURJKSA-N,2006,IC50,6.187087
SWQWEWYADDAXRZ-NDKIRZHOSA-O,1997,Kd,1.300000
SWQWEWYADDAXRZ-NDKIRZHOSA-O,1997,Kd,9.100015
SWRYEUIYPAAURZ-UHFFFAOYSA-N,2013,IC50,8.173925
SWXZYYXRVNVSHO-UHFFFAOYSA-N,2014,IC50,6.920819
SXKVOXCVLIJCBZ-IZZNHLLZSA-N,1996,IC50,8.045757
SXNSKNFVWYYWIC-PUYQSQJYSA-N,2006,IC50,9.309804
SXOAVORWRVYTGL-PMACEKPBSA-N,2011,IC50,9.886057
SXRVBMVPBAKYEN-UHFFFAOYSA-N,1995,IC50,8.366532
SYJCRSZNLUABHV-XOKHWMEBSA-N,2001,Ki,7.795880
SYKPKIXOVNHMMP-UHFFFAOYSA-N,2003,Ki,8.100015
SYRAXCBZMYANMU-UHFFFAOYSA-N,2001,IC50,9.721246
SZEYAOKHLPDWFZ-CYBMUJFWSA-N,2016,Ki,4.657577
SZEYAOKHLPDWFZ-CYBMUJFWSA-N,2018,Ki,4.657577
SZEYAOKHLPDWFZ-CYBMUJFWSA-N,2018,Ki,4.657577
SZEYAOKHLPDWFZ-CYBMUJFWSA-N,2020,Ki,4.657577
SZSNPMYOMSLAPU-UHFFFAOYSA-N,1996,IC50,5.650722
TTYKBSXKWCQPFQ-OCGBXCADSA-N,2006,IC50,9.468521
TTZWDLZPHOQUAU-INIZCTEOSA-N,1998,IC50,9.096910
TTZWDLZPHOQUAU-INIZCTEOSA-N,1998,IC50,7.356547
TTZWDLZPHOQUAU-MRXNPFEDSA-N,1998,IC50,6.207608
TTZWDLZPHOQUAU-MRXNPFEDSA-N,1998,IC50,7.721246
TUNMFJCBMPOPCN-CFYPMAHTSA-N,2006,Ki,8.500038
TUNMFJCBMPOPCN-CFYPMAHTSA-N,2006,Kd,8.700057
TURPYQHVJSEIHN-BAZFYLPPSA-N,2011,IC50,9.330033
TURPYQHVJSEIHN-BAZFYLPPSA-N,2011,Ki,9.677781
TUUDVKRGCJZJKQ-VSMKPTLZSA-N,2002,Ki,8.698970
TVOGWRZXEVJDQP-UHFFFAOYSA-N,1998,IC50,7.075721
TVPMJLYGHVNXLV-IZZNHLLZSA-N,1996,IC50,6.221849
TWBCIHKYFTWYCV-KVJHGWDUSA-N,2013,Ki,9.055517
TWBCIHKYFTWYCV-WXYSSXJFSA-N,2007,Ki,9.537602
TWBCIHKYFTWYCV-WXYSSXJFSA-N,2007,IC50,9.019997
TWBCIHKYFTWYCV-WXYSSXJFSA-N,2008,Ki,10.075721
TWBCIHKYFTWYCV-WXYSSXJFSA-N,2008,IC50,9.899974
TWBCIHKYFTWYCV-WXYSSXJFSA-N,2013,Ki,10.086186
TWDSSLGDUOHXCF-MHZLTWQESA-N,2006,IC50,7.619789
TXCOOUMGWHPYDI-UHFFFAOYSA-N,2006,Ki,8.397940
TXDIYPDUXRZWER-UHFFFAOYSA-N,1995,IC50,7.251812
TXKRGEZLDVMKKQ-FPOVZHCZSA-N,1995,IC50,8.552842
TXNJQKDZOVFCAQ-GRYUFTJMSA-N,1994,Ki,3.769551
TXYUZUBLLXLHPL-UHFFFAOYSA-N,2002,Ki,6.099999
TYPXYFPMCYFYRE-UHFFFAOYSA-N,1998,IC50,6.920819
TYSLMXDXDTVHKA-UHFFFAOYSA-N,1997,IC50,5.431798
TYZXLZNJKGHJKW-UHFFFAOYSA-N,2002,IC50,9.376751
TZYWVNRQPJYYMS-OKZBNKHCSA-N,2006,IC50,8.102373
TZYWVNRQPJYYMS-RCCFBDPRSA-N,2006,IC50,7.000000
TZYWVNRQPJYYMS-SQNIBIBYSA-N,2006,IC50,8.638272
TZYWVNRQPJYYMS-SQNIBIBYSA-N,2006,IC50,8.244125
TZYZTHMDYAPLNE-UHFFFAOYSA-N,1998,IC50,9.026872
UACCBGLNPJVHMU-SANMLTNESA-N,1998,IC50,5.886057
UBQDOJPOYGFWGG-BNQVVEKUSA-N,2008,IC50,8.356547
UBQDOJPOYGFWGG-XKRTTZHXSA-N,2008,IC50,8.920819
UBTBHLFGNMLMCX-GPJZNVRBSA-N,2001,IC50,9.301030
UCCJAMQRFDRLBW-YPKYBTACSA-N,2015,Ki,5.208309
UCCMAXPLSJKRBQ-UHFFFAOYSA-N,1995,IC50,6.692504
UCDYNHPOUAKORZ-QLKFWGTOSA-O,1997,Kd,6.267606
UCDYNHPOUAKORZ-VZUYHUTRSA-O,1997,Kd,6.537602
UCENIIHYFVGIKL-UHFFFAOYSA-N,2002,Ki,7.318759
UCNOTTVNPRSTFW-XSFNXXSESA-N,2007,Ki,6.508638
UCNRXWCDRMHTEI-UHFFFAOYSA-N,2001,IC50,8.823909
UCQGCHZSIZSCCN-UHFFFAOYSA-N,2008,IC50,5.909037
UCQRXBZYKFZLPN-UHFFFAOYSA-N,2002,Ki,8.113509
UCWYYDBINVOBHN-URVUXULASA-N,2006,IC50,8.958607
UCXXGXCXFDKLAY-UHFFFAOYSA-N,1996,IC50,9.091515
UDONPFJJAMEMDG-UHFFFAOYSA-N,2000,IC50,6.886057
UDTKEHZAOFHKNB-UHFFFAOYSA-N,1996,IC50,8.657577
UEECDIVOVCFUNU-FPOVZHCZSA-N,1996,Ki,9.599980
UEFMCYITDQUEOQ-OALUTQOASA-N,2011,IC50,10.244125
UEGZTLOHEMEPKH-OHWKKVTOSA-N,1995,IC50,5.430000
UEMMIMGZPQLHRL-UHFFFAOYSA-N,1996,IC50,8.337242
UENKSTZFYXQHBC-UHFFFAOYSA-N,1997,IC50,5.173925
UENVXBNURKGZEE-KHWNGSORSA-N,2001,IC50,9.455932
UEVAJSKRFJXQKF-FPOVZHCZSA-N,1995,Ki,9.799971
UEXAKWLHQITACD-UHFFFAOYSA-N,2000,IC50,7.853872
UFBNSKYNZDUWSN-RZGVDQIZSA-N,1998,Ki,8.958607
UFEQANMHBHQAGY-MNIDXLESSA-N,2002,Ki,8.657577
UFOHFERURWEZAP-GGFUHWEBSA-N,2002,Ki,8.698970
UFSLDNNKWKEDNS-OCZFFWILSA-N,1995,IC50,8.420216
UFUOAMPDHLOAIL-BJSJXSMNSA-N,2001,Ki,7.602060
UFWJRQHJIXUFAQ-UHFFFAOYSA-N,2001,IC50,9.853872
UGDZQVXRBCKAQS-XRNKBYASSA-N,2008,IC50,8.568636
UGULBQBVNWXBKM-UHFFFAOYSA-N,2002,Ki,6.579995
UHXQQBRUNHWYBZ-XGXIMLBESA-N,2006,IC50,9.721246
UIAXBDBJUGFIIR-PMACEKPBSA-N,1994,IC50,6.638272
UIAXBDBJUGFIIR-PMACEKPBSA-N,1998,IC50,6.639994
UIBQKGCCXYTNSB-UHFFFAOYSA-N,2004,IC50,11.000000
UILHYIWDZUYMGB-SVBPBHIXSA-N,1998,Ki,5.995679
UISHJVFGYAWGBZ-SSDOTTSWSA-N,2017,Ki,4.552842
UISKGTZVONGFBF-URLMMPGGSA-N,1996,IC50,7.522879
UISKGTZVONGFBF-URLMMPGGSA-N,1996,IC50,7.154902
UITMLIVWRRGLLR-SUFYPKAWSA-N,2002,Ki,8.886057
UJCNGMGNKQCRJT-VWLOTQADSA-N,1995,IC50,5.833570
UJCNGMGNKQCRJT-VWLOTQADSA-N,1998,IC50,5.830000
UJJFHEWMBRIBGS-OAQYLSRUSA-N,1998,IC50,7.119987
UJJFHEWMBRIBGS-UHFFFAOYSA-N,1994,IC50,7.124939
UJOSAVYAWJYRDR-UHFFFAOYSA-N,2002,IC50,8.823909
UJOXEFFCEGXDCC-JJQQXIGVSA-N,2010,IC50,9.958607
UJOXEFFCEGXDCC-JJQQXIGVSA-N,2010,IC50,7.931814
UKDPTTJBOMIOCJ-NSOVKSMOSA-N,1998,IC50,6.686133
UKGDHYIOCFNBIP-HNNXBMFYSA-N,2014,IC50,8.376751
UKMJWGFHXMGRNG-QLKFWGTOSA-O,1997,Kd,6.173925
UKMJWGFHXMGRNG-VZUYHUTRSA-O,1997,Kd,6.431798
UKNNCAVVVDVTHP-AFJIDDCJSA-N,1995,IC50,8.700057
UKUYENQXMPMPMC-LUKFIAJXSA-N,1996,IC50,7.221849
ULGRQLVPRVAYJC-QPTNECHASA-N,2002,IC50,8.795880
ULJSRHPSSIXNKD-WUFINQPMSA-N,1996,IC50,8.154902
ULQXWFRAVJRTJG-RZZCCWGQSA-N,1994,IC50,7.060481
UMFLKMBGQGRGDT-UHFFFAOYSA-N,2002,IC50,8.522879
UMNLNRHEUYRDHL-IBGZPJMESA-N,1993,IC50,5.420216
UMNLNRHEUYRDHL-IBGZPJMESA-N,1994,IC50,5.420216
UNGJRWQXFMCGEL-AFJIDDCJSA-N,1995,IC50,5.140000
UNHFQZJOHPNDJG-UHFFFAOYSA-N,2001,IC50,9.107905
UNKSVANIANTVBC-UHFFFAOYSA-N,1995,IC50,7.431798
UNRMYLWXMMPRCP-OLBHHIGCSA-N,2015,Ki,8.481486
UNTOMAYRJHGHHU-WBAJSIRJSA-N,2002,Ki,8.602060
UOBQZHSGRBSFHI-NFXZAXJRSA-N,2006,IC50,9.853872
UOBYZCNFWMDVTC-ACHIHNKUSA-N,1998,Ki,9.000000
UOHXABZVHYTRLO-UHFFFAOYSA-N,2000,IC50,8.161151
UOKDYNBXNQDFQD-UHFFFAOYSA-N,1995,IC50,7.522879
UOMUYZXEONWAOD-SNVBAGLBSA-N,2016,Ki,4.623423
UOMUYZXEONWAOD-SNVBAGLBSA-N,2018,Ki,4.623423
UOMUYZXEONWAOD-SNVBAGLBSA-N,2018,Ki,4.623423
UOMUYZXEONWAOD-SNVBAGLBSA-N,2020,Ki,4.623423
UOYMONBFUXQTMB-ZXNYFWILSA-N,2008,IC50,9.301030
UPEIBXKUEROVRV-XGXIMLBESA-N,2006,IC50,9.619789
UQBIFHCYJANWAY-PDHQKIGBSA-N,2015,Ki,6.511449
UQHGZONWCQCFEK-WYLKAJGDSA-N,2015,Ki,8.853872
UQLFYLGMIUQTMF-UHFFFAOYSA-N,2001,IC50,9.259637
UREZEIFIEYLVGN-WMZOPIPTSA-N,1998,IC50,9.096910
UROCNOMWWGVJRX-HKUYNNGSSA-N,1995,Ki,9.799971
USCBMUJHCSEWHX-JLBRLKOWSA-N,2011,Ki,3.801343
USCBMUJHCSEWHX-JLBRLKOWSA-N,2011,Kd,6.900009
USCFRWZCWBRYBB-UHFFFAOYSA-N,1996,IC50,7.958607
USRYEHHMJIRICK-KRUOJXPASA-N,2001,IC50,9.721246
USYVFVQJENXQQZ-UHFFFAOYSA-N,2014,IC50,7.420216
UTAKSYGAZXEURO-UHFFFAOYSA-N,1995,IC50,6.896196
UTAUDUDUMAWBSY-CONSDPRKSA-N,1998,Ki,8.638272
UTEKOQDHDIGPGY-UHFFFAOYSA-N,2013,IC50,8.275724
UTXLSPLKQGPIPL-WXYSSXJFSA-N,2008,Ki,11.187087
UTXLSPLKQGPIPL-WXYSSXJFSA-N,2008,IC50,10.899974
UTXLSPLKQGPIPL-WXYSSXJFSA-N,2009,IC50,10.899974
UTXLSPLKQGPIPL-WXYSSXJFSA-N,2009,Ki,11.154902
UTXLSPLKQGPIPL-WXYSSXJFSA-N,2010,Ki,11.187087
UTXLSPLKQGPIPL-WXYSSXJFSA-N,2010,IC50,10.899974
UTYSCDQCCAYENJ-GBLZOACLSA-N,2006,IC50,9.920819
UUOUKHVFSLUAIM-UHFFFAOYSA-N,2011,Ki,5.721246
UUPAVGLFLYUYFK-PPMPQVTDSA-N,2006,Ki,9.700057
UUPAVGLFLYUYFK-PPMPQVTDSA-N,2006,Kd,9.000000
UUPZBGPDEPZRNL-LBNVMWSVSA-N,2013,IC50,7.207608
UVKFZSYMLITLDR-UHFFFAOYSA-N,2001,IC50,8.769551
UVOAJCZYUXEUOW-XOKHWMEBSA-N,2000,Ki,7.638272
UVOURRFWHVVQKI-QNGWXLTQSA-N,1993,IC50,6.537602
UVQRCXCXWPXVHU-LLWOIICTSA-N,1993,Kd,7.000000
UVQRCXCXWPXVHU-LLWOIICTSA-N,1993,IC50,6.782516
UWEJDSOFIHYIOE-MHZLTWQESA-N,1998,IC50,7.958607
UWXIKPYBYHAWLS-UHFFFAOYSA-N,1995,IC50,7.522879
UXCPRGUEANQDIA-DHUJRADRSA-N,1993,IC50,8.045757
UXFBKFVCMJNQEJ-AFMDSPMNSA-N,2001,IC50,9.136677
UXKKAOOCOPLVSF-UHFFFAOYSA-N,1995,IC50,6.337242
UXNDGPPTVKDIOD-QAXCHELISA-N,2011,Ki,9.301030
UXNDGPPTVKDIOD-QAXCHELISA-N,2011,Kd,7.799971
UXNDGPPTVKDIOD-QAXCHELISA-N,2015,Ki,9.301030
UXNDGPPTVKDIOD-QAXCHELISA-N,2015,Kd,7.799971
UXNDGPPTVKDIOD-QAXCHELISA-N,2015,Ki,9.301030
UXNDGPPTVKDIOD-QAXCHELISA-N,2015,Ki,8.107905
UXOFSGJDRPUGPP-UHFFFAOYSA-N,2002,Kd,8.700057
UYNUMQYFKIFKCA-UHFFFAOYSA-N,2002,Ki,5.970000
UYPFOARCMSMOBT-UHFFFAOYSA-N,2008,IC50,6.628932
UYZIPLMTFSGKAJ-OAHLLOKOSA-N,1995,IC50,7.886057
UYZIPLMTFSGKAJ-OAHLLOKOSA-N,1998,IC50,7.886057
UYZIPLMTFSGKAJ-UHFFFAOYSA-N,1998,IC50,7.869666
UZAUACUHKJBFBZ-VWLOTQADSA-N,1995,IC50,9.431798
UZFQUSTZMHSQPN-VNNGDKDKSA-N,2008,IC50,10.221849
UZFWWSXEIJUCEB-UHFFFAOYSA-N,2006,IC50,8.823909
UZIMPODCTDOSBR-ZYKAFZOCSA-N,2002,Ki,9.522879
UZKMDJRPPAXGMU-QHCPKHFHSA-N,1998,Ki,5.806875
UZMHAYYMGKNSCN-UHFFFAOYSA-N,2001,IC50,8.200659
VAGKBJKZOUYTSH-UHFFFAOYSA-N,1996,IC50,8.522879
VAQZSLXHGCOMAT-OLBHHIGCSA-N,2015,Ki,8.537602
VAUOHNLMRQQSAZ-UHFFFAOYSA-N,1996,IC50,6.628932
VBAXZQRCTGIDGP-FQEVSTJZSA-N,1995,IC50,6.115205
VBAYZZLNRAMWHO-UHFFFAOYSA-N,2001,IC50,9.920819
VBHDCLIXKVHTRP-UHFFFAOYSA-N,2013,IC50,9.000000
VBIHHPIKJFMKCV-UHFFFAOYSA-N,2006,Ki,7.657577
VBOXQXAJDAUESQ-UHFFFAOYSA-N,2006,IC50,10.000000
VBQVVZXNISQKJF-FIPWLEDMSA-N,2006,Ki,8.199971
VBQVVZXNISQKJF-FIPWLEDMSA-N,2006,Kd,8.299989
VBUIWYPUKKMBDJ-HKBQPEDESA-N,1997,Kd,5.958607
VBUIWYPUKKMBDJ-WJOKGBTCSA-N,1997,Kd,6.065502
VBUOSAKACWCALS-IOOJMYGHSA-N,2013,IC50,9.124939
VBUOSAKACWCALS-IOOJMYGHSA-N,2013,IC50,10.221849
VCENFKCGBAWAEQ-FTJBHMTQSA-N,2007,IC50,8.221849
VCENFKCGBAWAEQ-FTJBHMTQSA-N,2007,IC50,10.154902
VCENFKCGBAWAEQ-IZZNHLLZSA-N,2007,IC50,9.769551
VCENFKCGBAWAEQ-IZZNHLLZSA-N,2007,IC50,10.522879
VCMDLMHMVMHIKF-FQEVSTJZSA-N,1993,IC50,6.552842
VCMDLMHMVMHIKF-FQEVSTJZSA-N,1994,IC50,6.552842
VCOZZVXBJBIFFG-UHFFFAOYSA-N,1995,IC50,5.823909
VCWSHBPPIYZVOZ-IHELAITMSA-N,2000,Ki,7.154902
VCYXADWZHUWUAD-OAQYLSRUSA-N,1998,IC50,9.376751
VEAVAWWBYHVPDB-UHFFFAOYSA-N,1996,IC50,7.853872
VEDXOPSEGUKALQ-GOSISDBHSA-N,1998,IC50,6.886057
VEDXOPSEGUKALQ-SFHVURJKSA-N,1998,IC50,5.769551
VFMALDMKHOEVIT-UHFFFAOYSA-N,2002,Kd,9.299989
VFQCOOQOMVQYEV-DVKBMCPXSA-N,2011,Ki,9.700057
VFQCOOQOMVQYEV-FMNCTDSISA-N,2011,Ki,9.849858
VFTBMHHOSKDGPC-UHFFFAOYSA-N,2000,IC50,8.267606
VFXYWFFOVYLHOY-DEOSSOPVSA-N,1998,IC50,5.602060
VFYXFXCGTLUNJI-OZMGXUMRSA-N,2002,Ki,6.946922
VGUKDVJSFQFTIS-OKZBNKHCSA-N,2006,IC50,8.008774
VGUKDVJSFQFTIS-SQNIBIBYSA-N,2006,IC50,8.455932
VHEFUYSBNMMOGV-UHFFFAOYSA-N,1995,IC50,8.958607
VHGKPNMPOKTFMD-UYZGYWSASA-N,1994,IC50,8.481486
VHQVJYKYAGBACO-UDKJZQBVSA-N,2002,Ki,9.853872
VHRZZRMHNFWXJO-FEMONOMJSA-N,2001,Ki,7.698970
VIENDCBBXXVUAM-UHFFFAOYSA-N,1995,IC50,6.764472
VIENDCBBXXVUAM-VMPREFPWSA-N,1993,IC50,6.705534
VIGYJJFBPARTJM-UHFFFAOYSA-N,1998,IC50,6.049635
VJDZXBJDHROWMS-HFFMGJCWSA-N,2002,IC50,9.309804
VJUXBLWRJQYXEJ-WNJJXGMVSA-N,1996,IC50,5.573489
VJUXBLWRJQYXEJ-WNJJXGMVSA-N,1998,IC50,5.570001
VJYRMMZALMMXPM-UHFFFAOYSA-N,2006,Ki,8.886057
VKBUMNWFBCDRMF-CONSDPRKSA-N,1998,Ki,9.154902
VLDIKRWPOVDEKL-UHFFFAOYSA-N,2000,IC50,7.721246
VLDSZNQLCKJCMQ-UHFFFAOYSA-N,2002,Kd,8.599980
VLGRIJJNPWVMDV-WENCNXQZSA-N,1995,IC50,8.619970
VLLFEUWZRHANMO-NSOVKSMOSA-N,1998,IC50,4.531653
VLLJECVRBGSGCF-UHFFFAOYSA-N,1995,IC50,8.045757
VLLJECVRBGSGCF-UHFFFAOYSA-N,1995,IC50,8.455932
VLRLIJPIWNCLSY-MHZLTWQESA-N,1993,IC50,6.552842
VLROGTSVMJUONC-UHFFFAOYSA-N,2003,Ki,8.199971
VMAVXXLBJKICJP-QFIPXVFZSA-N,2014,Ki,7.799971
VMLKGGWQGPHFTK-VQTJNVASSA-N,1996,IC50,7.721246
VMUJISIYYNPJBE-RDBHFRHXSA-N,2002,Ki,9.000000
VMXIXFZELDQUJS-UHFFFAOYSA-N,1996,IC50,7.133122
VNEJEACQXCJUFD-QOLIVUAPSA-N,2006,IC50,9.397940
VNFPBHJOKIVQEB-UHFFFAOYSA-N,,IC50,4.794877
VNFPBHJOKIVQEB-UHFFFAOYSA-N,,Ki,5.058141
VNPVPFKEORALML-KPITYXSVSA-N,2002,Ki,9.045757
VOHODNOZJSLCHG-UHFFFAOYSA-N,2008,IC50,7.677781
VONJODYKTRPIQC-FDDCHVKYSA-N,2003,Ki,8.899974
VONJODYKTRPIQC-MBSDFSHPSA-N,2003,Ki,8.599980
VOZXLKNXICFBTP-UHFFFAOYSA-N,2011,IC50,7.494850
VOZZRRBZOWESIH-CONSDPRKSA-N,1998,Ki,8.958607
VPBMZONAJGBYSG-MRNPYCGKSA-N,2011,Ki,4.102373
VPBMZONAJGBYSG-MRNPYCGKSA-N,2011,Kd,7.000000
VPHQIMPPLLEIBS-KYJUHHDHSA-N,1998,Ki,9.154902
VPPFVSVLCATXPY-UHFFFAOYSA-N,2010,Ki,8.649752
VPSGABLRZGFPPI-CFJRQAHESA-N,2011,Ki,9.489991
VPVCVDNSGSGCQY-UHFFFAOYSA-N,2001,IC50,9.102373
VPYHQZYAFJVTGS-UMGGQSCQSA-N,2007,IC50,9.657577
VPZHHFGGFNADGH-UHFFFAOYSA-N,1995,IC50,8.468521
VQUPRWGMQYINPZ-CTZPLLSNSA-N,2015,Ki,8.657577
VQUPRWGMQYINPZ-UHFFFAOYSA-N,2022,Ki,8.657577
VRAGPHDTXRPMRS-MBIHMLSFSA-N,2008,IC50,9.040959
VRAGPHDTXRPMRS-MBIHMLSFSA-N,2008,Ki,9.387216
VRMFBPOHKMSMRD-OCZFFWILSA-N,1995,IC50,8.853872
VRTWFRRSCWHIJE-RUZDIDTESA-N,2006,Ki,7.899974
VRTWFRRSCWHIJE-RUZDIDTESA-N,2006,Kd,9.100015
VSCHJGSJZVISLD-HMPIOLDBSA-N,1994,IC50,8.721246
VSCHJGSJZVISLD-KWBVTSNXSA-N,1998,IC50,8.720105
VSYVBQKQDBKTBD-OAQYLSRUSA-N,1998,IC50,7.969805
VSYVBQKQDBKTBD-UHFFFAOYSA-N,1995,IC50,7.970616
VSYVBQKQDBKTBD-UHFFFAOYSA-N,1994,IC50,7.970616
VSYVBQKQDBKTBD-UHFFFAOYSA-N,2004,IC50,7.970616
VTGZPWMFTWGIQB-UHFFFAOYSA-N,2003,Ki,8.700057
VTJHFHDXRREQSB-HKUYNNGSSA-N,1995,Ki,9.100015
VTWPYQOXXLXWJD-OXSQTJFYSA-N,2015,Ki,8.657577
VTWPYQOXXLXWJD-OXSQTJFYSA-N,2015,Ki,8.079355
VTXWSPAVKRKGBQ-DPMMWBKBSA-N,2006,IC50,9.853872
VUBAEISRKSELTE-OGPKSRJFSA-N,2015,Ki,10.522879
VUIKXPLLVYTQIQ-MUGXBBEHSA-N,2002,Ki,8.000000
VUMATGNDCCCSSB-UHFFFAOYSA-N,1995,IC50,7.638272
VUSRUVIDWSRKBU-POSUKJBFSA-N,2008,Ki,8.494850
VUSRUVIDWSRKBU-POSUKJBFSA-N,2008,IC50,8.400008
VUVUVNZRUGEAHB-CYBMUJFWSA-N,2024,IC50,4.899629
VUVUVNZRUGEAHB-CYBMUJFWSA-N,2011,IC50,4.899629
VVDKIQHOQWYCMD-INEOQGJTSA-N,2006,IC50,9.481486
VVOGLOJOGOEZPO-UHFFFAOYSA-N,2013,IC50,6.221849
VVRKQCXRSANSIV-UHFFFAOYSA-N,2010,Ki,8.472370
VVRNZKKUOWFMOX-NRWPOFLRSA-N,2013,IC50,7.173925
VWBOQFANCXZMAU-LOSJGSFVSA-N,1995,IC50,7.309804
VWBOQFANCXZMAU-LOSJGSFVSA-N,1996,IC50,7.522879
VWIZWUYPLTWPCC-VSMKPTLZSA-N,2002,Ki,7.494850
VWROPOCOVOHGMQ-KPITYXSVSA-N,2002,Ki,9.096910
VWWCVKHTTUEFDI-UHFFFAOYSA-N,1998,IC50,7.045757
VWZHCBREEQMVBW-UHFFFAOYSA-N,2014,IC50,6.920819
VXDCZKMJBPXDFA-LLVKDONJSA-N,2017,Ki,4.744727
VXGPTRVARWWDQI-UHFFFAOYSA-N,1995,IC50,6.022276
VXHMITAKWYIILS-FDXPNMITSA-N,2008,Ki,7.853872
VXQHNGNZVKSUJZ-JJQQXIGVSA-N,2010,IC50,9.958607
VXQHNGNZVKSUJZ-JJQQXIGVSA-N,2010,IC50,8.251812
VXSIGVYNQDLODQ-SFTDATJTSA-N,2013,IC50,9.769551
VYFUZMHFBWISLK-GOSISDBHSA-N,1998,IC50,9.096910
VYTFGBLFUQBGTK-JYFHCDHNSA-N,1992,Ki,7.309804
VYUZFKRVLLXBRD-JZIKEGBGSA-N,2013,Ki,10.468521
VZMWAYUMGJCBRT-SSDOTTSWSA-N,2017,Ki,4.619789
VZUJTLGFVOYDPA-UHFFFAOYSA-N,2001,IC50,9.657577
WAACBTLXCIQAPC-UHFFFAOYSA-N,1998,IC50,6.303644
WAKWRTKDSYUGIM-JJNGWGCYSA-N,2002,Ki,7.000000
WAPJPHDEEIUMOL-WBBCYVCWSA-N,2007,IC50,9.920819
WAXQNWCZJDTGBU-UHFFFAOYSA-N,2006,Ki,9.022276
WAXQNWCZJDTGBU-UHFFFAOYSA-N,2013,IC50,9.022276
WBCFUQRECRQFHU-XYHYBEPMSA-N,2006,Ki,8.886057
WBJKVEOYVSBOSF-NHQLDELESA-N,2010,IC50,10.180456
WBJKVEOYVSBOSF-NHQLDELESA-N,2010,IC50,8.853872
WBJKVEOYVSBOSF-NHQLDELESA-N,2010,IC50,9.958607
WBJKVEOYVSBOSF-NHQLDELESA-N,2010,IC50,8.619789
WBJOWPKXMMRTNL-MOPGFXCFSA-N,2010,Ki,9.045757
WBKRXYVTNUALQH-UHFFFAOYSA-N,1996,IC50,6.860121
WBTKINCCINTBEY-KFZUGWGMSA-N,2002,Ki,9.221849
WBWPKPCFEIYLFZ-UHFFFAOYSA-N,2003,Ki,8.199971
WBWPKPCFEIYLFZ-UHFFFAOYSA-N,2002,IC50,8.299989
WCIIIOXFGGLKMU-GMAHTHKFSA-N,1995,Ki,10.500038
WCJDWNUHDMSTQS-QEHHYHKYSA-N,2015,Ki,9.004365
WCLCDHLNMRQGSM-MHZLTWQESA-N,1998,IC50,8.180456
WCNNBKIYWOWYQW-OKBFXJRSSA-N,2006,IC50,9.318759
WCOQELYASVJLJH-NSOVKSMOSA-N,1992,IC50,7.169411
WCQIHTJOGPSGGV-SVBPBHIXSA-N,1998,Ki,6.585027
WCQIHTJOGPSGGV-SXOMAYOGSA-N,1998,Ki,5.892790
WCRJVNAJGCBJAA-UHFFFAOYSA-N,2002,IC50,7.500038
WCUJHRSBAKWJAP-UHFFFAOYSA-N,2002,IC50,9.657577
WCYNXQRFYZBERD-JVFAEYSFSA-N,2001,Ki,7.853872
WCYPZYJDSHNYJO-IBGZPJMESA-N,1994,IC50,6.363512
WDABUKHQRJDQAX-OXOYWMMMSA-N,2006,IC50,8.207608
WDALRJNIULBPSY-QGYSTOEISA-N,2010,IC50,9.000000
WDALRJNIULBPSY-QGYSTOEISA-N,2010,IC50,7.267606
WDSJGLRGQYNOEF-MGSBGFIHSA-N,1996,IC50,7.022276
WDSJGLRGQYNOEF-PKUDWBDQSA-N,1996,IC50,6.304518
WEDUTVAKPIVEEC-OMNSAQKUSA-N,2002,Ki,9.000000
WEQFWNUSYJUVBN-OYDLWJJNSA-N,2006,IC50,8.301030
WERILZBFRFDDLU-MHZLTWQESA-N,1998,IC50,7.638272
WFHGBOZGDUEWEJ-ASVWIKLXSA-N,1995,IC50,9.154902
WFRTYDJMZVPQJC-JBOYQHEBSA-N,2009,EC50,10.309981
WFWJOZNEVLNHAC-MHZLTWQESA-N,2002,Ki,7.036212
WFZIEDGDQLUGRH-YTRKXGHFSA-N,2001,Ki,7.853872
WGTWUAXSBCFCDA-XZWHSSHBSA-N,1996,IC50,6.154902
WHUCKFJJQPWATM-NRFANRHFSA-N,2014,Ki,7.880085
WHUCKFJJQPWATM-NRFANRHFSA-N,2014,Ki,7.899974
WJAFEJSYOHBPCK-SFHVURJKSA-N,2014,Ki,6.599998
WJOYZEVGCNVFIP-MDASCCDHSA-N,2021,IC50,7.619789
WJRYRJACQITXQC-LFPSWIHMSA-N,2002,IC50,6.876148
WKRDVSIKEVMSAS-FBUPISGDSA-N,2008,IC50,9.055517
WKVJTXKYRCNGPX-HARLFGEKSA-N,2006,IC50,8.309804
WLAPOEJOAMUPEB-SFTDATJTSA-N,1995,Ki,7.400008
WLCOKZLFXYCUEZ-DEOSSOPVSA-N,2001,IC50,6.229148
WLFOHBUNPJCIHP-UHFFFAOYSA-N,1998,IC50,7.244125
WLOMELCAKGDPJO-BXBRYHBFSA-N,2008,IC50,9.045757
WLOMELCAKGDPJO-BXBRYHBFSA-N,2008,IC50,9.397940
WLUJISQNPCWVHU-UHFFFAOYSA-N,2004,IC50,9.657577
WLUJISQNPCWVHU-UHFFFAOYSA-N,2004,IC50,7.958607
WMFBGXXJQTWHFB-CZAZUPBQSA-N,1993,Kd,7.100015
WMFBGXXJQTWHFB-CZAZUPBQSA-N,1993,IC50,8.221849
WMFBTXOYXGAIPY-BNHMMOKISA-N,2014,Ki,8.400008
WMKLTHZJWJRAHR-UHFFFAOYSA-N,2011,IC50,8.638272
WMOOXZKQHPAXTA-QNGWXLTQSA-O,1997,Kd,5.886057
WMRNTSMKBVMUTC-UHFFFAOYSA-N,2002,Kd,8.500038
WMSPIQBQSSMIDU-URLMMPGGSA-N,2012,IC50,9.677781
WMTKHCQGJKXVST-PYIJLGDTSA-N,2009,IC50,12.209996
WMTKHCQGJKXVST-PYIJLGDTSA-N,2009,Ki,11.958607
WNRUNEPPOHUHGY-UHFFFAOYSA-N,2000,IC50,8.283997
WNTHOKBCZNRPBB-YZNIXAGQSA-N,1995,IC50,8.455932
WOGLMDYDUDVFKM-UHFFFAOYSA-N,1995,IC50,8.075721
WOJBHNJZTIILBM-NRFANRHFSA-N,2013,IC50,8.585027
WOJBHNJZTIILBM-OAQYLSRUSA-N,2013,IC50,8.142668
WOLHPOWZBHRGTD-HRAATJIYSA-N,2003,Ki,8.899974
WOLHPOWZBHRGTD-KKSFZXQISA-N,2003,Ki,8.500038
WOOZAKIVTNHHQU-SAYLLPIZSA-N,2010,IC50,9.853872
WOOZAKIVTNHHQU-SAYLLPIZSA-N,2010,IC50,8.091515
WOVHRORTUHOAOD-UHFFFAOYSA-N,1996,IC50,8.494850
WPBLEVHDCVXLCU-LOSJGSFVSA-N,1996,IC50,7.221849
WPCFOAVCANXHTJ-UHFFFAOYSA-N,2008,IC50,8.045757
WPIIEURLXPCWTN-UHFFFAOYSA-N,1994,IC50,5.935542
WPJABGMBTXXPIJ-CKJWBJAHSA-N,2000,IC50,6.665546
WPKQETANFXEHPK-UHFFFAOYSA-N,2014,IC50,7.795880
WPLMVHBOHQZONH-UHFFFAOYSA-N,2002,Ki,6.470005
WQUXLRVVRRBKCO-GBXCKJPGSA-N,2013,IC50,6.283997
WQYYTVLHSUMYKN-UHFFFAOYSA-N,2002,Ki,7.886057
WQZUOBIIPDZRJP-IZLXSDGUSA-N,1996,IC50,6.886057
WQZUOBIIPDZRJP-IZLXSDGUSA-N,1996,IC50,6.161151
WQZUOBIIPDZRJP-IZLXSDGUSA-N,1997,IC50,6.886057
WQZUOBIIPDZRJP-NSOVKSMOSA-N,1996,IC50,6.657577
WQZUOBIIPDZRJP-VSGBNLITSA-N,1996,IC50,6.267606
WQZUOBIIPDZRJP-WUFINQPMSA-N,1997,IC50,7.920819
WQZUOBIIPDZRJP-WUFINQPMSA-N,1996,IC50,7.886057
WQZUOBIIPDZRJP-WUFINQPMSA-N,1996,IC50,7.259637
WQZUOBIIPDZRJP-WUFINQPMSA-N,1996,IC50,7.920819
WQZUOBIIPDZRJP-WUFINQPMSA-N,1997,IC50,7.920819
WRKCFWQULJFVBO-UHFFFAOYSA-N,2006,Ki,8.481486
WRUBXFSSCDVVKX-HAMNQKLPSA-N,2020,EC50,5.275724
WRYRNQFZXCNLIL-WUYDLZCKSA-N,1995,IC50,7.420216
WSCXFZWPQPJUAS-CMINWHHESA-N,1997,IC50,6.420216
WSCXFZWPQPJUAS-MBBNEBRQSA-N,1997,IC50,6.568636
WSCXFZWPQPJUAS-QVTSOHHYSA-N,1997,IC50,6.207608
WSCXFZWPQPJUAS-TVKQRKNISA-N,1997,IC50,6.148742
WSHWSZCIPVWMBU-UHFFFAOYSA-N,1996,IC50,7.346787
WSLTYZVXORBNLB-KAYWLYCHSA-N,2004,IC50,8.795880
WSLTYZVXORBNLB-KAYWLYCHSA-N,2006,EC50,7.612610
WSOAGJHOEMAOEO-UHFFFAOYSA-N,1995,IC50,8.468521
WSPLCAUPQZBNRC-UHFFFAOYSA-N,2000,IC50,8.769551
WSYQSMJFBSIBRN-GDLZYMKVSA-N,2002,Ki,8.744727
WSYQSMJFBSIBRN-LJAQVGFWSA-N,2002,Ki,7.318759
WSYQSMJFBSIBRN-UHFFFAOYSA-N,2002,Ki,8.275724
WTDKJBUIASFIOD-UHFFFAOYSA-N,2011,IC50,6.554396
WTELPNFACFRVBF-NLRIABGZSA-N,1993,Kd,6.900009
WTFDZBOBFSIEHU-UHFFFAOYSA-N,2000,IC50,8.050610
WTFRDKBVNOFYKZ-XDBZFTIUSA-N,1995,IC50,8.720105
WTIFLSBUCKSHBX-KYJUHHDHSA-N,1998,Ki,9.096910
WTLKXSOKBFOIRJ-UHFFFAOYSA-N,2002,Kd,7.799971
WURNQCAQSFGZBA-UHFFFAOYSA-N,1995,IC50,8.356547
WUSQQOCSYQHDPX-LJAQVGFWSA-N,1998,IC50,6.262013
WUTRELIDULYHSO-FPOVZHCZSA-N,2007,IC50,9.522879
WUTRELIDULYHSO-FPOVZHCZSA-N,2008,IC50,9.698970
WUTRELIDULYHSO-FPOVZHCZSA-N,2011,IC50,9.522879
WUYRGUCXBKZRJD-IZZNHLLZSA-N,1996,IC50,5.863279
WUYRGUCXBKZRJD-IZZNHLLZSA-N,1998,IC50,5.860001
WVMPHKVLGBDWHJ-MRVPVSSYSA-N,2016,Ki,4.701147
WVMPHKVLGBDWHJ-MRVPVSSYSA-N,2018,Ki,4.701147
WVMPHKVLGBDWHJ-MRVPVSSYSA-N,2018,Ki,4.701147
WVMPHKVLGBDWHJ-MRVPVSSYSA-N,2020,Ki,4.701147
WWBFKWXDEJRSHS-UHFFFAOYSA-N,1994,IC50,8.031517
WWBFKWXDEJRSHS-UHFFFAOYSA-N,1994,IC50,8.031517
WWBFKWXDEJRSHS-UHFFFAOYSA-N,2004,IC50,8.031517
WWDAJXARVJHRBI-UHFFFAOYSA-N,2013,IC50,8.443697
WWHRMAVHLKUIEG-BIYSMUELSA-N,2010,IC50,9.795880
WWHRMAVHLKUIEG-BIYSMUELSA-N,2010,IC50,8.397940
WWUPAOQRBLVDHW-DSPMFFIESA-N,2015,Ki,5.522879
WXHFTAZCGZBMLD-XDBZFTIUSA-N,1995,IC50,8.669992
WYCFYGAPQXYEFE-RRPNLBNLSA-N,1996,IC50,6.408935
WYMUYTPWSDFTKB-XUZZJYLKSA-N,2013,IC50,6.853872
WYQSQYKQFQLDJV-UNMCSNQZSA-N,1996,Ki,10.100015
WYRPCOFFVKVQGR-HKUYNNGSSA-N,1996,Ki,9.000000
WYRVPBJYGNHDQS-LEWJYISDSA-N,2012,IC50,10.318759
WYYLASXIFHLJPX-CMXZEOLJSA-N,2001,Ki,8.154902
WZBZBOIJEFYIAT-SVBPBHIXSA-N,1998,Ki,7.732828
WZMVQZJKOVPVGZ-MGBGTMOVSA-N,2005,IC50,8.508638
WZMVQZJKOVPVGZ-UHFFFAOYSA-N,1996,IC50,8.208309
WZMVQZJKOVPVGZ-XIFFEERXSA-N,1997,IC50,8.522879
WZMVQZJKOVPVGZ-XIFFEERXSA-N,2001,Ki,9.522879
WZMVQZJKOVPVGZ-XIFFEERXSA-N,1996,IC50,8.507240
WZOWWAMXPMFHTB-ICACTRECSA-N,2001,IC50,9.337242
WZOWWAMXPMFHTB-ICACTRECSA-N,2001,IC50,8.259637
WZOWWAMXPMFHTB-ICACTRECSA-N,2015,IC50,9.301030
XACOBIOIYOTECX-LADGPHEKSA-N,2011,Ki,9.560036
XAMIKPXOHVPWBZ-UHFFFAOYSA-N,2018,IC50,8.585027
XAZRLGKDSDARME-WMZHIEFXSA-N,2013,IC50,5.958607
XBFMATCYYBERSR-UHFFFAOYSA-N,2006,Ki,9.356547
XBRNPBHKYYHMKE-UHFFFAOYSA-N,2013,IC50,7.920819
XCGYLXRRLOUNQC-UHFFFAOYSA-N,2011,IC50,7.113509
XCIBJHSJYXLJBA-XCGNWRKASA-N,2010,Ki,9.251812
XCIBJHSJYXLJBA-ZMPRRUGASA-N,2010,Ki,9.585027
XCZYDSYUGXBLRG-BHVANESWSA-N,1993,IC50,8.045757
XDAGGXHDRUKNTB-ABQZONIHSA-N,1994,Ki,5.602060
XDFFVHQCALIXPH-FQEVSTJZSA-N,2010,Ki,9.000000
XDFFVHQCALIXPH-HXUWFJFHSA-N,2010,Ki,8.801343
XDXNXAQKAHUCSV-UHFFFAOYSA-N,2011,Ki,5.173925
XEGOLLHFEQVDHJ-SAHWJRBASA-N,2010,Ki,9.431798
XEGOLLHFEQVDHJ-SEPYTNNBSA-N,2010,Ki,8.946922
XEQQNCSLMZZLIP-UHFFFAOYSA-N,1998,IC50,7.366532
XESWSTANEUBVSE-QBLDGPCBSA-N,1996,IC50,3.920819
XESWSTANEUBVSE-QBLDGPCBSA-N,2000,IC50,6.920819
XESWSTANEUBVSE-QBLDGPCBSA-N,2003,Ki,6.823909
XEVMZGQYZBEQHG-UHFFFAOYSA-N,2011,IC50,8.508638
XEYATICKRZOTNK-UHFFFAOYSA-N,1996,IC50,5.407046
XEYYVWMDLVCPNB-UHFFFAOYSA-N,2001,IC50,9.853872
XFSJGZVARSALDD-KGSLCBSSSA-N,2006,IC50,8.823909
XFSJGZVARSALDD-NNXSRULWSA-N,2006,IC50,6.585027
XFZQPQNPSOTOAL-GGFUHWEBSA-N,2002,Ki,8.619789
XGGTZCKQRWXCHW-DSSGHVNRSA-N,2011,Ki,9.360016
XGGTZCKQRWXCHW-WMTVXVAQSA-N,2011,Ki,9.480041
XGGTZCKQRWXCHW-WMTVXVAQSA-N,2011,Ki,9.899974
XGVZWSIALHIERJ-NGOXTRIGSA-N,2010,IC50,10.154902
XGVZWSIALHIERJ-NGOXTRIGSA-N,2010,IC50,9.080922
XGWVIOHVJIXJHZ-UHFFFAOYSA-N,2002,Ki,7.318759
XHBXPLNFUMURDR-UHFFFAOYSA-N,1995,IC50,6.614394
XHGMEVWRFZNUOK-KYJUHHDHSA-N,1998,Ki,9.055517
XHJXRHNUFXHMEV-REAJPLCASA-N,2008,Ki,10.337242
XHMYFSCRFMFUSG-HMILPKGGSA-N,1995,IC50,7.569925
XHNPKKNIQBKPHA-UHFFFAOYSA-N,1995,IC50,8.124939
XHZRREUKUVJSDC-AZGAKELHSA-N,2011,Ki,9.929962
XICQUSHDCDGLOA-OALUTQOASA-N,1995,IC50,5.579714
XIGHZNHNNBLSRB-UHFFFAOYSA-N,2002,Ki,6.879986
XIKNVPWEBHTZJN-MRXNPFEDSA-N,1998,IC50,7.638272
XILNRORTJVDYRH-HKUYNNGSSA-N,1998,IC50,10.096910
XILNRORTJVDYRH-HKUYNNGSSA-N,1996,Ki,10.599980
XILNRORTJVDYRH-HKUYNNGSSA-N,2009,Ki,10.299989
XILNRORTJVDYRH-HKUYNNGSSA-N,2011,Ki,10.599980
XIRJXRDKXDGDJL-SBEIQJPNSA-N,2006,IC50,9.568636
XISNOFDWXKRFRH-UHFFFAOYSA-N,2000,IC50,8.769551
XITFJVUYVFILBW-MHZLTWQESA-N,1998,IC50,6.580044
XIUWYQPZUOTMGU-MLYMZAKTSA-N,2002,Ki,6.361511
XJAFKPQDGZWHCY-UHFFFAOYSA-N,1998,IC50,8.508638
XJKLZGZNEXZJFI-UHFFFAOYSA-N,1998,IC50,8.920819
XJLDDZIBCMCXGL-UHFFFAOYSA-N,2001,IC50,8.537602
XJMWWALONVOUBI-LHEWISCISA-N,2011,Ki,7.886057
XJRHWGMMLUJUMV-DDEZQWHHSA-N,2010,IC50,9.522879
XJRHWGMMLUJUMV-DDEZQWHHSA-N,2010,IC50,7.365523
XKOSPMBTYLWIKX-UHFFFAOYSA-N,2002,Kd,8.700057
XKXKWEGCLRZXPJ-UHFFFAOYSA-N,1995,IC50,7.207608
XLFAJZBAHIGGGF-GNVOIQCSSA-N,2009,IC50,9.593460
XLFAJZBAHIGGGF-GNVOIQCSSA-N,2009,IC50,7.769551
XLJBLGBRVMYMNE-GOTSBHOMSA-N,2011,IC50,10.602060
XLQRBGCAMPLWHK-AABGKKOBSA-N,2006,IC50,8.207608
XMAPNFVXGZVZLY-UHFFFAOYSA-N,2003,Ki,9.000000
XMAPNFVXGZVZLY-UHFFFAOYSA-N,2002,IC50,9.000000
XMPTXHOOQJHYLU-WECIHKQLSA-N,2014,Ki,7.700057
XNEWLEJBYAVWCK-UHFFFAOYSA-N,2009,Ki,6.740884
XNSRMMMMRYDUFW-GMAHTHKFSA-N,1995,Ki,9.799971
XNVWNVRFENUWFF-QZQBIAJISA-N,2002,Ki,7.920819
XOGIZHLZCSGUAE-MRXNPFEDSA-N,1995,IC50,8.096910
XOGIZHLZCSGUAE-MRXNPFEDSA-N,1998,IC50,8.096910
XPLBDFVPBOIMJN-UHFFFAOYSA-N,2002,IC50,6.289883
XPMCEHNEOJVUFF-KEIOHQPYSA-N,2002,Ki,7.619789
XPQVVEFXDFZVJS-UHFFFAOYSA-N,2003,Ki,8.799971
XPQVVEFXDFZVJS-UHFFFAOYSA-N,2002,IC50,8.799971
XPVWAIADFDEAFW-NUYCEAJWSA-N,2006,IC50,9.366532
XPWWPOWERDNVHK-YADHBBJMSA-N,2012,IC50,7.920819
XQCHBKZHGOEFPQ-IBGZPJMESA-N,2011,Ki,6.412289
XQCHBKZHGOEFPQ-IBGZPJMESA-N,2011,Kd,6.199998
XQCZPAUCNTZZCI-UHFFFAOYSA-N,2004,IC50,7.920819
XQDUWGMNQFZUNQ-UHFFFAOYSA-N,2001,IC50,8.309804
XQEMTCXFWJTEJP-KYJUHHDHSA-N,1998,IC50,4.705534
XQGMOTVYEJXTQB-UHFFFAOYSA-N,1998,IC50,7.259637
XRDBPVZKKASWBW-SMTCOIIISA-N,2002,Ki,8.823909
XRGRBIWYLQEBSZ-QJJJLASOSA-N,2006,IC50,8.886057
XRKJXJABWKMSDY-CONSDPRKSA-N,1998,Ki,7.863279
XRSLJIPNGLZJND-XIFFEERXSA-N,1995,IC50,8.096910
XSUBYFZEWIMHTL-UHFFFAOYSA-N,2011,IC50,7.013228
XSUZGCYNKOVZIW-GOTSBHOMSA-N,1995,IC50,6.534617
XSUZGCYNKOVZIW-GOTSBHOMSA-N,1995,IC50,6.073143
XSUZGCYNKOVZIW-UHFFFAOYSA-N,1995,IC50,6.970616
XSXYCPWLRYRFKU-UHFFFAOYSA-N,1998,IC50,7.236572
XTBGOODXUVJDEK-IUFSZXBYSA-N,1993,Kd,7.400008
XTBGOODXUVJDEK-IUFSZXBYSA-N,1993,IC50,7.468521
XTFAKGWSYAGHSC-HFFMGJCWSA-N,2002,IC50,9.207608
XTGGBXGXBHZDDH-UHFFFAOYSA-N,2000,IC50,8.744727
XTOLJIORQZGPMC-JSVDNDDVSA-N,2008,Ki,9.522879
XTOLJIORQZGPMC-YFYZNPQRSA-N,2008,Ki,9.522879
XTSMGYUOSWQEGE-UHFFFAOYSA-N,1995,IC50,5.363211
XTUKHLMHDAVVDE-HAWKBGDOSA-N,2002,Ki,8.522879
XTXAUEXLFXZQDQ-SAYLLPIZSA-N,2010,IC50,9.744727
XTXAUEXLFXZQDQ-SAYLLPIZSA-N,2010,IC50,8.070581
XTYCUJXOJHSJKH-UHFFFAOYSA-N,1995,IC50,6.602060
XUGHCVWAIHDURA-KADXFBGESA-N,2002,Ki,9.154902
XUVYYIIVCVDGFW-XZOQPEGZSA-N,1996,IC50,8.045757
XUYBQECRTQVEHH-UHFFFAOYSA-N,1997,Ki,6.199998
XVLDBIMEHYLVSD-UHFFFAOYSA-N,2011,IC50,8.397940
XVOFQVYYIGNDLB-UHFFFAOYSA-N,2006,IC50,9.568636
XVVRWYWOSKYJQI-BUCIFIAKSA-N,1994,Ki,4.744727
XVXLZWKAPZUIGE-UHFFFAOYSA-N,2002,Ki,7.510042
XWKRGOSWJRGUHN-UHFFFAOYSA-N,2017,IC50,8.838632
XWKRGOSWJRGUHN-UHFFFAOYSA-N,2018,IC50,8.838632
XWMARNCIPYMLRK-OPGMZWKHSA-N,1993,Kd,6.799998
XWNBGDJPEXZSQM-QSEFLHEVSA-N,2013,Ki,10.189969
XWNBGDJPEXZSQM-RWCYZESJSA-N,2013,Ki,9.700057
XWNBGDJPEXZSQM-VZOBGQTKSA-N,2013,Ki,10.199971
XWNBGDJPEXZSQM-WANLVOGUSA-N,2013,Ki,9.860121
XWPPLQPKHYHHLH-UHFFFAOYSA-N,1998,IC50,9.301030
XWSOHSQAJGNFGQ-XFJIVUHKSA-N,1997,Ki,8.619789
XWSOHSQAJGNFGQ-XFJIVUHKSA-N,1997,Ki,8.045757
XXJGPEJPJHNGJF-UHFFFAOYSA-N,2011,IC50,7.244125
XXLWKVFZMJRQTD-GOSISDBHSA-N,1998,IC50,8.853872
XXPXQEQOAZMUDD-HOTGVXAUSA-N,2014,Ki,8.823909
XXPXQEQOAZMUDD-HOTGVXAUSA-N,2014,Ki,8.823909
XXUOOQREUFQRJA-AUIUKIKHSA-N,2000,IC50,6.657577
XXUOOQREUFQRJA-AUIUKIKHSA-N,2000,IC50,6.619789
XXUOOQREUFQRJA-AUIUKIKHSA-N,2000,IC50,6.022276
XXUOOQREUFQRJA-AUIUKIKHSA-N,2000,IC50,5.214670
XXUOOQREUFQRJA-GHKDZDAUSA-N,2000,IC50,7.356547
XXUOOQREUFQRJA-GHKDZDAUSA-N,2000,IC50,5.853872
XXUOOQREUFQRJA-GHKDZDAUSA-N,2000,IC50,5.443697
XXUOOQREUFQRJA-GHKDZDAUSA-N,2000,IC50,5.568636
XXUOOQREUFQRJA-GHKDZDAUSA-N,2000,IC50,5.086186
XYBXCIWXRFPEBP-UHFFFAOYSA-N,2000,IC50,8.318759
XYODCNMGJSSDON-UHFFFAOYSA-N,2013,IC50,8.040959
XYYBIGZRYVVKHM-IZZNHLLZSA-N,2012,IC50,10.283997
XYYOTEUPDWFXRK-KYJUHHDHSA-N,1998,Ki,8.638272
XYYQBJLKFVMOJL-UHFFFAOYSA-N,2000,IC50,8.301030
XZQROZSCHKOGLE-UHFFFAOYSA-N,2003,Ki,6.900009
XZTMOOCLEHYJRB-UHFFFAOYSA-N,1998,IC50,7.148742
YAKMMNSOJKYUEW-UHFFFAOYSA-N,2001,IC50,9.522879
YAMLMWXMDOFSKI-UHFFFAOYSA-N,2002,Ki,5.830000
YARGTUMTNIPBSX-UHFFFAOYSA-N,2002,IC50,6.900009
YAZQHTDRBQHAQK-HKBQPEDESA-N,1998,IC50,8.000000
YBYSBOXLPMEIAC-UHFFFAOYSA-N,2002,Kd,8.000000
YCFJTEZSPZUZOJ-UHFFFAOYSA-N,1994,IC50,6.823909
YCJYRVPOLSZPTC-UHFFFAOYSA-N,2002,IC50,6.699992
YCKGYBKNGJMRLV-UHFFFAOYSA-N,2001,IC50,7.050610
YCMAOHLEJMWCLX-UHFFFAOYSA-N,1996,IC50,7.316953
YCXVWJZSWBPGRO-UFRKFLGHSA-N,2015,Ki,8.853872
YCXVWJZSWBPGRO-UFRKFLGHSA-N,2015,Ki,8.122629
YDFGWCGWYBPBRC-IFZYUDKTSA-N,2006,IC50,9.366532
YEJPDQREQRKUNO-UHFFFAOYSA-N,2004,IC50,13.000000
YEJPDQREQRKUNO-UHFFFAOYSA-N,2011,IC50,6.643974
YEOXHNNQFZRYKV-UHFFFAOYSA-N,1998,IC50,6.341989
YERXIJJJNBAPNJ-JCOAXYOVSA-N,2001,IC50,9.017729
YEVSUPHBPJRSDX-AOYPEHQESA-N,1998,IC50,4.000000
YFDUGDUXNFIIKK-UHFFFAOYSA-N,2011,IC50,9.091515
YFGXBMYNVZFVNN-UHFFFAOYSA-N,2002,IC50,9.455932
YFKDOMJVBVEBIG-YMPJLZLPSA-N,2006,IC50,10.045757
YFKDOMJVBVEBIG-YMPJLZLPSA-N,2013,IC50,10.045757
YFLRTMKXRQUBGR-IZZNHLLZSA-N,1996,IC50,5.860121
YFLRTMKXRQUBGR-IZZNHLLZSA-N,1998,IC50,5.860001
YFVPYJYKDRXIGS-MPBGBICISA-N,2006,Ki,9.397940
YFWVRWCNZPZNDI-GQWLDOHISA-N,2007,IC50,9.744727
YGFQSJLSUZZAFQ-KRWDZBQOSA-N,1998,IC50,5.220000
YGFQSJLSUZZAFQ-UHFFFAOYSA-N,1995,IC50,5.221849
YGJJHXAXGBNADU-IZZNHLLZSA-N,1998,IC50,7.590067
YGWRUECJIONJNP-JYFHCDHNSA-N,2013,IC50,6.657577
YGZREHQKRAUHGY-VQTJNVASSA-N,2012,IC50,10.337242
YHCARYOWLPOIJH-FQEVSTJZSA-N,2016,Ki,6.408935
YHCHWIBLFNSJRN-ANFQMTPCSA-N,2001,IC50,8.958607
YHNFCOYWNUQUGQ-UHFFFAOYSA-N,2000,IC50,8.958607
YHYTXVOKAVQKLR-UHFFFAOYSA-N,2013,IC50,7.958607
YIDMPNWQSCDBNR-MHIAAIFOSA-N,2002,Ki,7.769551
YIHWPQQGVKFHTC-NRFANRHFSA-N,1995,IC50,7.173925
YIHWPQQGVKFHTC-NRFANRHFSA-N,1993,IC50,7.173925
YIHWPQQGVKFHTC-NRFANRHFSA-N,1994,IC50,7.173925
YIHWPQQGVKFHTC-NRFANRHFSA-N,1998,IC50,7.280006
YIHWPQQGVKFHTC-UHFFFAOYSA-N,2004,IC50,7.173925
YIMFULYKLFRIFR-UHFFFAOYSA-N,2000,IC50,8.000000
YJFJARHPWLIXRW-UHFFFAOYSA-N,2002,Kd,7.000000
YJJKIQVHZFHYRR-QHCPKHFHSA-N,1994,IC50,6.860121
YJQXBEODOOOJJQ-PTYIZKHBSA-N,2010,IC50,9.292430
YJQXBEODOOOJJQ-PTYIZKHBSA-N,2010,IC50,7.468521
YJTMHZTWZXTPJA-PKTZIBPZSA-N,2007,IC50,8.387216
YLAVOXZWKHCONB-UHFFFAOYSA-N,2000,IC50,9.124939
YMHCJHSBHKJKCC-NDEPHWFRSA-N,1998,IC50,9.236572
YMJWVPKRILZJBH-FQEVSTJZSA-N,1995,IC50,8.508638
YMJWVPKRILZJBH-FQEVSTJZSA-N,1995,IC50,8.657577
YMJWVPKRILZJBH-FQEVSTJZSA-N,1995,IC50,8.000000
YMJWVPKRILZJBH-FQEVSTJZSA-N,1998,IC50,8.510042
YMPYNBMELXUYDF-UHFFFAOYSA-N,2003,Ki,8.799971
YNAOGLNBSDJIAP-SAYLLPIZSA-N,2010,IC50,10.000000
YNAOGLNBSDJIAP-SAYLLPIZSA-N,2010,IC50,8.677781
YNHDEHNAJAUKAK-BJKOFHAPSA-N,1996,IC50,7.142668
YOAWUGWNCOBDAL-PUCZYUMASA-N,2007,IC50,9.823909
YOBMIXIISZAQGF-CAYVGHNUSA-N,1998,IC50,9.055517
YOBMIXIISZAQGF-CAYVGHNUSA-N,2008,IC50,10.045757
YOBMIXIISZAQGF-QTJFZDIUSA-N,1998,IC50,10.045757
YOFWXHCWDOJSFS-UHFFFAOYSA-N,2002,Ki,6.299998
YOMKURGHXWLZFQ-UHFFFAOYSA-N,2000,IC50,8.853872
YOMVEBVDIFROPG-UHFFFAOYSA-N,2013,IC50,8.060481
YOMYRRDBIFKPJV-VWLOTQADSA-N,1998,IC50,7.886057
YPDPPCHRJSBOBT-UHFFFAOYSA-N,2006,Ki,6.250264
YPLNERORKXLZNH-UHFFFAOYSA-N,2018,IC50,8.548214
YPROEHWVHUDTQP-XIFFEERXSA-N,1995,IC50,7.387216
YPROEHWVHUDTQP-XIFFEERXSA-N,1993,IC50,7.387216
YPYHWGJECASGOL-NSOVKSMOSA-N,1998,IC50,6.387216
YQBJODHLZSHBFJ-PKHCJMHPSA-N,1995,IC50,6.850012
YQBRPIRTGATJSG-LLVKDONJSA-N,2017,Ki,5.161151
YQFOLIIAPDJRBR-NRFANRHFSA-N,2014,Ki,7.000000
YQFOLIIAPDJRBR-OAQYLSRUSA-N,2014,Ki,5.599999
YQHKVGJQICUJMY-UHFFFAOYSA-N,2006,IC50,6.193820
YQQCWFCVOVWFCG-UHFFFAOYSA-N,2006,Ki,7.769551
YQRDYMFXKSXYNJ-UTARDKEYSA-N,1993,IC50,7.464706
YQWFRRKEAFMCAV-XWRIVVANSA-N,2010,Ki,9.161151
YRZRPGJWDWZLMN-JVFAEYSFSA-N,2000,Ki,7.275724
YSACADGFTDXORF-KYJUHHDHSA-N,2011,Ki,4.397940
YSAFJLLWAYOWIJ-UHFFFAOYSA-N,2002,Kd,8.000000
YSLVLJLBAALQJN-NSOVKSMOSA-N,1992,IC50,6.464706
YSLVLJLBAALQJN-NSOVKSMOSA-N,1998,IC50,6.459996
YSNJFMSCCAMDGK-UHFFFAOYSA-N,1996,IC50,7.070581
YSVJULQFSACURE-UHFFFAOYSA-N,2014,IC50,7.318759
YTHPCALZPXHNGA-SAUDROSCSA-N,1998,IC50,8.299989
YTPUEPLAPSDSRR-UHFFFAOYSA-N,2001,IC50,7.853872
YUERFHADRHAZBK-QFIPXVFZSA-N,2012,Ki,8.552842
YUERFHADRHAZBK-QFIPXVFZSA-N,2012,Ki,8.853872
YUERFHADRHAZBK-QFIPXVFZSA-N,2012,Kd,7.400008
YVFFAQCPRASOKD-SNRMKQJTSA-N,2006,IC50,9.113509
YVLZVIUUVUBKNC-QGZVFWFLSA-N,1995,IC50,8.236572
YVLZVIUUVUBKNC-QGZVFWFLSA-N,1998,IC50,8.236572
YVQFPSIMOIWTLC-UHFFFAOYSA-N,2002,IC50,7.000000
YVSHNDBXGBWORD-UHFFFAOYSA-N,2006,Ki,6.429457
YVYUYBYHPPCPGT-UHFFFAOYSA-N,1996,IC50,8.036212
YWNWTGILUQBCJO-WEWMWRJBSA-N,1995,IC50,6.431798
YWTNGZUIJQQAKN-UHFFFAOYSA-N,1999,IC50,8.148742
YWTNGZUIJQQAKN-UHFFFAOYSA-N,1999,IC50,9.420216
YWTNGZUIJQQAKN-UHFFFAOYSA-N,1999,IC50,9.167491
YWZQUYZSHQQYRQ-UHFFFAOYSA-N,2010,Ki,8.939302
YXQIBRFLGXEZFK-UHFFFAOYSA-N,2008,IC50,6.835647
YXYOQVJTKQKSTM-UHFFFAOYSA-N,2013,IC50,6.102373
YYCLLQXDASNBOC-QTQRRKOQSA-N,2014,Ki,7.799971
YYHNIYGFZBZAMA-FPOVZHCZSA-N,1998,IC50,9.337242
YYLWLQSLLOQPBL-UHFFFAOYSA-N,2002,Ki,7.031517
YYRRLEKGQAPWHL-UHFFFAOYSA-N,2013,IC50,7.283997
YYXOHTNVIPISIW-UHFFFAOYSA-N,2000,IC50,5.619789
YYYWTXUDIDHHTH-UHFFFAOYSA-N,2006,IC50,9.000000
YZFKPIMYDPTIKM-JSKGAOECSA-N,2002,Ki,8.096910
YZIXWJUXWVWKFY-ZUSMLRIVSA-N,2007,IC50,9.958607
YZMQJVWDZXNEBA-UHFFFAOYSA-N,2002,Kd,8.500038
ZACBWFRYQAOOQO-HXUWFJFHSA-N,2010,Ki,9.299989
ZACCWUQTMHZTIE-UHFFFAOYSA-N,2008,IC50,6.396856
ZACQZIWOFJIWSX-UHFFFAOYSA-N,2002,IC50,9.455932
ZADBRRWPUCQOJX-CAYVGHNUSA-N,2007,IC50,9.420216
ZAEIIBVTSYJROI-UPKQVVFYSA-N,2011,Ki,10.000000
ZAFKYFNYLKNJME-LARMGAJPSA-N,2010,IC50,9.744727
ZAFKYFNYLKNJME-LARMGAJPSA-N,2010,IC50,7.886057
ZAHSPZMKTYGOPD-LYQDPQKGSA-N,2002,Ki,7.769551
ZAORQCXCRAXLLN-UHFFFAOYSA-N,2010,Ki,7.299989
ZARWJSGCHUURQL-UHFFFAOYSA-N,1996,IC50,6.324222
ZASPFNTXFLESNS-PLZPTFKGSA-N,2015,Ki,9.698970
ZAYADERDILOEBG-ABYGYWHVSA-N,1996,IC50,5.657577
ZAYADERDILOEBG-ABYGYWHVSA-N,1995,IC50,5.657577
ZAYFPTBDAVMYMR-UHFFFAOYSA-N,2001,IC50,9.275724
ZBCUXUXOFUUEKE-UHFFFAOYSA-N,1998,IC50,7.102373
ZBRLFBGHMZDCPP-HSZRJFAPSA-N,2002,IC50,7.886057
ZBUHIKOFVVSCIC-UHFFFAOYSA-N,1996,IC50,8.000000
ZBUVNTFBRCCVST-UHFFFAOYSA-N,2011,IC50,7.259637
ZCVDEBWDINFSGJ-MUUNZHRXSA-N,1996,IC50,9.070581
ZCVDEBWDINFSGJ-MUUNZHRXSA-N,1996,Kd,9.000000
ZCVDEBWDINFSGJ-NDEPHWFRSA-N,1996,IC50,6.446117
ZCVDEBWDINFSGJ-NDEPHWFRSA-N,1996,Kd,6.299998
ZCVDEBWDINFSGJ-UHFFFAOYSA-N,1996,IC50,8.958607
ZCXLYGVZLHNYBD-OJZPPULMSA-N,2000,Ki,7.853872
ZDEIAFJLFFATFK-AREMUKBSSA-N,2001,IC50,7.468521
ZDFSASRKTAOVIG-UHFFFAOYSA-N,2011,IC50,7.337242
ZDJFLHCNTGAWQS-JYFHCDHNSA-N,2013,IC50,10.508638
ZDVCPNJSRCVCHL-UHFFFAOYSA-N,2011,Ki,9.599980
ZDVCPNJSRCVCHL-UHFFFAOYSA-N,2011,Ki,9.599980
ZEANERNKMXBETI-BJHDJDSNSA-N,1994,IC50,6.638272
ZEANERNKMXBETI-SWZCOEHCSA-N,1995,IC50,6.619789
ZEDVVHHQUVTDHF-UHFFFAOYSA-N,1998,IC50,7.221849
ZFMPRZDNGINSND-FVXJUOQQSA-N,1994,EC50,6.744727
ZGKMSCDQIDVSIK-FNFCYJGBSA-N,2015,Ki,10.795880
ZGNPLCMMVKCTHM-UHFFFAOYSA-N,2006,Ki,9.000000
ZGOIUIRYGONMSH-NDEPHWFRSA-N,1998,IC50,7.214670
ZGWMZTZKJBLVMI-BOQZUZHWSA-N,1998,Ki,7.251812
ZGXRWINYWXGYPW-UHFFFAOYSA-N,1995,IC50,7.769551
ZIPCEDGJLAIAFO-OAHLLOKOSA-N,1995,IC50,7.309804
ZIWFCOIGUNPHPM-HKUYNNGSSA-N,1998,IC50,9.853872
ZIWFCOIGUNPHPM-HKUYNNGSSA-N,1998,IC50,9.721246
ZIWFCOIGUNPHPM-HKUYNNGSSA-N,2006,IC50,9.853872
ZIWFCOIGUNPHPM-HKUYNNGSSA-N,2008,IC50,9.397940
ZIWFCOIGUNPHPM-HKUYNNGSSA-N,2011,IC50,10.920819
ZJEJBRMLBWRVFN-DEOSSOPVSA-N,1995,IC50,9.221849
ZJEJBRMLBWRVFN-DEOSSOPVSA-N,1998,IC50,9.219971
ZJTHSBJZWIWYJM-UHFFFAOYSA-N,2011,IC50,7.744727
ZJVDJQRDIOJIMX-UHFFFAOYSA-N,2001,IC50,8.585027
ZJWBQCXHIYFPJZ-LNESHUDWSA-N,2007,IC50,9.522879
ZJWBQCXHIYFPJZ-LNESHUDWSA-N,2007,IC50,9.657577
ZJXKREYYUVQFRN-UZFJHSOTSA-N,2011,Ki,9.420216
ZKGRNGWUBQYAGP-UHFFFAOYSA-N,1996,IC50,7.155523
ZKIZURCLUZYGRH-RTWAWAEBSA-N,2007,IC50,9.130768
ZKJLPFCGPKLADH-GZOQVGHDSA-N,2002,IC50,8.000000
ZKOGSLKSILTRTB-QEAPWSMKSA-N,2006,IC50,9.301030
ZKOLAUXNNRRPHW-WSFKTYETSA-N,2008,IC50,9.568636
ZLBVSSWQRYZKCR-UHFFFAOYSA-N,1995,IC50,9.397940
ZLHJSSWGGGILPU-UHFFFAOYSA-N,1995,IC50,6.958607
ZLJIJVTVACSNTN-UCGGBYDDSA-N,2014,Ki,6.399997
ZLJIJVTVACSNTN-ZUKKLESISA-N,2014,Ki,7.299989
ZLPGKEGAFJLKOK-UHFFFAOYSA-N,1998,IC50,6.117475
ZLRYQPMGPKDVDS-PKTZIBPZSA-N,2007,IC50,7.886057
ZLUBYOYFKPXERH-GBESFXJTSA-N,2006,IC50,8.275724
ZLUBYOYFKPXERH-QYZOEREBSA-N,2006,IC50,9.050610
ZMIOQWILBZBCHW-UHFFFAOYSA-N,2016,Ki,4.494850
ZMIOQWILBZBCHW-UHFFFAOYSA-N,2018,Ki,4.494850
ZMIOQWILBZBCHW-UHFFFAOYSA-N,2018,Ki,4.494850
ZMIOQWILBZBCHW-UHFFFAOYSA-N,2020,Ki,4.494850
ZMPABVVPVGDMMD-WUFINQPMSA-N,1996,IC50,7.886057
ZMPIAJWCWPGMEU-UHFFFAOYSA-N,1995,IC50,5.953505
ZMVUVIKWZWFBIB-MRVPVSSYSA-N,2016,Ki,4.987163
ZMVUVIKWZWFBIB-MRVPVSSYSA-N,2018,Ki,4.987163
ZMVUVIKWZWFBIB-MRVPVSSYSA-N,2018,Ki,4.987163
ZMVUVIKWZWFBIB-MRVPVSSYSA-N,2020,Ki,4.987163
ZMVUVIKWZWFBIB-UHFFFAOYSA-N,2016,Ki,4.677781
ZMVUVIKWZWFBIB-UHFFFAOYSA-N,2018,Ki,4.677781
ZMVUVIKWZWFBIB-UHFFFAOYSA-N,2018,Ki,4.677781
ZMVUVIKWZWFBIB-UHFFFAOYSA-N,2020,Ki,4.677781
ZNDUAKAGHPMVGL-ICSRJNTNSA-N,1995,Ki,10.100015
ZNOFAJPWNNWZQC-URZJWIJPSA-N,2007,IC50,9.795880
ZNUJWZLCROWJAJ-SVBPBHIXSA-N,1993,IC50,3.958607
ZNUJWZLCROWJAJ-SVBPBHIXSA-N,1998,IC50,7.119987
ZNUJWZLCROWJAJ-UHFFFAOYSA-N,1995,IC50,6.958607
ZOPRZQRKBZNHLP-IFZYUDKTSA-N,2006,Ki,10.000000
ZOPRZQRKBZNHLP-XMDBHEJHSA-N,2006,Ki,9.397940
ZORXDXJSPINJEQ-UHFFFAOYSA-N,2003,Ki,8.500038
ZORXDXJSPINJEQ-UHFFFAOYSA-N,2002,IC50,8.500038
ZOWPPIOEPFAGCI-RUEZRPTRSA-N,2002,Ki,9.301030
ZOXBUIMAXBOWFJ-UHFFFAOYSA-N,2003,Ki,7.799971
ZOXDXWYYGMUJSO-ICSRJNTNSA-N,1996,Ki,10.400008
ZOZMJQQTJQLNGG-AIYSXCBHSA-N,2007,IC50,10.154902
ZPMLBLGAJAKNQE-OITMNORJSA-N,2007,IC50,10.154902
ZPOATHRARWHMKP-SENHGUMGSA-N,2002,Ki,8.221849
ZPQUTMAPZMKLCT-ICSRJNTNSA-N,1998,IC50,9.853872
ZQRROFVJVGJKSH-FPOVZHCZSA-N,1998,IC50,9.439974
ZQYIOYYNSJMENO-MGQAZMLPSA-N,2010,IC50,8.721246
ZQYIOYYNSJMENO-MGQAZMLPSA-N,2010,IC50,7.180456
ZRNRBAIQIBQHNF-WSNNEZGNSA-N,2011,Ki,9.770062
ZSIQAOCNFRWDNJ-OAHLLOKOSA-N,2015,Ki,5.899998
ZSJXCCAWETXSOR-HFQBRLDPSA-N,2006,IC50,9.221849
ZSLGEMKPRWABHK-FSSWDIPSSA-N,2006,IC50,8.619789
ZSOOJAUDBXFRSU-UHFFFAOYSA-N,2013,IC50,7.130768
ZSTXQOIXRLPQDS-QTKGOVLGSA-N,2010,IC50,9.958607
ZSTXQOIXRLPQDS-QTKGOVLGSA-N,2010,IC50,8.193820
ZTFCBHUUTZJZIB-UHFFFAOYSA-N,1997,Ki,6.099999
ZTGSEUWFJJLFQO-RTWAWAEBSA-N,2007,IC50,8.468521
ZTMDGDHDXPIEIO-VXKWHMMOSA-N,1996,IC50,9.045757
ZTMDGDHDXPIEIO-VXKWHMMOSA-N,1998,IC50,9.000000
ZTQWBNHZWSYFKN-UHFFFAOYSA-N,1995,IC50,7.431798
ZTUNFLBIIFQDKG-YDMVOOKBSA-N,2021,IC50,6.079355
ZUDBSAASSLDPJS-SANMLTNESA-N,1998,IC50,8.318759
ZUFZYEYFSDXYRJ-KYJUHHDHSA-N,1998,Ki,7.739929
ZUVRLHQMDUAXKL-IZZNHLLZSA-N,1996,IC50,6.677781
ZUWHBRRBKKTMQO-ICSRJNTNSA-N,1996,IC50,10.301030
ZUWHBRRBKKTMQO-ICSRJNTNSA-N,1998,IC50,10.000000
ZUWHBRRBKKTMQO-ICSRJNTNSA-N,2004,IC50,10.301030
ZUWHBRRBKKTMQO-ICSRJNTNSA-N,2021,IC50,10.301030
ZUWWPTFJXXNGIJ-UHFFFAOYSA-N,2006,IC50,8.522879
ZUXQUMYFXGYDFL-UHFFFAOYSA-N,2002,Ki,6.339998
ZVBLMUFWEBYUFD-GDLZYMKVSA-N,1998,IC50,6.785156
ZVBLMUFWEBYUFD-LJAQVGFWSA-N,1998,IC50,7.853872
ZVICQCCUPPVYMV-UHFFFAOYSA-N,2003,Ki,8.799971
ZVICQCCUPPVYMV-UHFFFAOYSA-N,2002,IC50,8.799971
ZVMIYSOFMRKXOK-IZZNHLLZSA-N,1997,IC50,7.823909
ZVNSPAYDPDXAER-JSKGAOECSA-N,2002,Ki,7.823909
ZVPJBYZIHCWVQP-DSPMFFIESA-N,2015,Ki,7.224026
ZVPJBYZIHCWVQP-DSPMFFIESA-N,2015,Kd,6.040000
ZWDMWDRBUJRBNX-DPMMWBKBSA-N,2006,IC50,9.657577
ZWGBYSYEAMYQIP-NSOVKSMOSA-N,1998,Ki,5.096910
ZWWUXEYLYPLWLP-UHFFFAOYSA-N,2000,IC50,7.657577
ZXJAVJMFMHDNOW-UHFFFAOYSA-N,2013,IC50,8.744727
ZXJRUKOAFOUFIR-UHFFFAOYSA-N,2011,Ki,10.000000
ZXPNRBAFLYIUGD-UHFFFAOYSA-N,1996,IC50,8.142668
ZXVNENVDUDZJOX-FOIFJWKZSA-N,2010,Ki,7.500038
ZXVNENVDUDZJOX-FOIFJWKZSA-N,2010,Ki,8.899974
ZYOSMLUSASXSFL-ZUKKLESISA-N,1994,IC50,5.000000
ZYXOHIFOHNDXGD-VOKJVERTSA-N,2006,Ki,8.400008
ZYXOHIFOHNDXGD-VOKJVERTSA-N,2006,Kd,8.100015
ZZFJEAWXKJAJIS-AASALYGKSA-N,2002,Ki,8.920819
