inchikey,validated,pAct_pre,n_pre
ASXGAOFCKGHGMF-UHFFFAOYSA-N,1,16.397940008672037,1
QZAYGJVTTNCVMB-UHFFFAOYSA-N,1,12.522878745280337,1
QAECXZXKVURFMR-LBPRGKRZSA-N,1,11.522878745280337,1
IWBMAAUPHUCYCI-UHFFFAOYSA-N,1,,0
KCCBFGKNVMTXIQ-UHFFFAOYSA-N,1,,0
GWAMGWDJCYIREE-UHFFFAOYSA-N,1,,0
PKALTNFRHBJDRH-UHFFFAOYSA-N,1,,0
OJYUKAHOHYUAHF-UHFFFAOYSA-N,1,,0
IOSVPGDHSQVBED-UHFFFAOYSA-N,1,,0
CDGJSIMJNZNZFE-SNVBAGLBSA-N,1,,0
MODBIBJHAWXYOZ-LLVKDONJSA-N,1,,0
QVAKGXNPTKFJST-UHFFFAOYSA-N,1,,0
FEBOTPHFXYHVPL-UHFFFAOYSA-N,1,,0
CXQUOFVDYCOSEZ-TYABSZSSSA-N,1,,0
PJBISDNIYJBREA-UHFFFAOYSA-N,1,10.24033215531037,1
ISUNUPFSUDXDKD-UHFFFAOYSA-N,1,10.154901959985743,1
BQDBKDMTIJBJLA-UHFFFAOYSA-N,1,,0
XPLJHFADXYVMHJ-QFIPXVFZSA-N,1,,0
QHJLPOSPWKZACG-UHFFFAOYSA-N,1,9.944688312383335,2
AADCDMQTJNYOSS-LBPRGKRZSA-N,1,10.065501548756432,1
BBDIXZOHZUWSDY-UHFFFAOYSA-N,1,,0
UAJAPWHTZWZLBT-UHFFFAOYSA-N,1,,0
XVGOZDAJGBALKS-UHFFFAOYSA-N,1,9.853871964321762,1
CRVXXEZDJABOJD-UHFFFAOYSA-N,1,9.853871964321762,1
MEGAXNIFTOHERJ-UKRRQHHQSA-N,1,9.853871964321762,1
VKVJQSCYLIOFEN-NRFANRHFSA-N,1,,0
NURQFGFJWUREMG-UHFFFAOYSA-N,1,,0
NIYUXHADMUQBAS-UHFFFAOYSA-N,1,,0
GNIVTAIHBFVOJN-UKRRQHHQSA-N,1,9.769551078621726,1
MRGKIYOXZKSZPO-UHFFFAOYSA-N,1,9.721246399047171,1
AHJHJVULSVKBEA-WGSAOQKQSA-N,1,,0
QGVGRVIBOJVENZ-HXUWFJFHSA-N,1,,0
DVFLWMCCYDDTMA-UHFFFAOYSA-N,1,9.698970004336019,1
QXFQZPFQYXMZKV-UHFFFAOYSA-N,1,,0
LCZMXKRXXCYHBB-WGSAOQKQSA-N,1,,0
KLZWBFTXUIUAEI-DEOSSOPVSA-N,1,,0
YRFHSWLWNMFJNN-AFARHQOCSA-N,1,,0
BUPWFKLTAPZHIE-UHFFFAOYSA-N,1,9.599980364934842,1
VFOIGDCCMUEJDD-UHFFFAOYSA-N,1,9.585026652029182,1
DKGZKTPJOSAWFA-UHFFFAOYSA-N,1,9.698970004336019,11
TXJZKUBFJGPDAH-FQEVSTJZSA-N,1,,0
DGUPLZWUXDQFTF-MXVIHJGJSA-N,1,,0
VVMAWHYBPARZHV-JTQLQIEISA-N,1,9.540004743952608,1
GNOHLPXINNYCLR-TZMCWYRMSA-N,1,9.522878745280337,3
GAJLCVIQCPUCOK-NRFANRHFSA-N,1,9.522878745280337,1
RGCVKNLCSQQDEP-UHFFFAOYSA-N,1,9.522878745280337,1
RBZFRDTUHHOAAN-MXVIHJGJSA-N,1,,0
MWYBVUIRVLYACR-UHFFFAOYSA-N,1,,0
TVTKXMSEQXXPJA-OAQYLSRUSA-N,1,,0
ZQIBMJPPTOOPCH-UHFFFAOYSA-N,1,,0
LJMGIPGFTXPVTB-UHFFFAOYSA-N,1,9.51999305704285,1
ACIMQSDLIYUKRE-AQYVVDRMSA-N,1,,0
SFLSHLFXELFNJZ-QMMMGPOBSA-N,1,13.096910013008056,1
VZKXQURASTWIAW-AQYVVDRMSA-N,1,,0
HMSQOZVGOAWQNS-UHFFFAOYSA-N,1,9.455931955649724,1
ZTKKAIYXNICILE-MXVIHJGJSA-N,1,,0
UBVTUPXDRIQNKR-UHFFFAOYSA-N,1,9.445210726547806,2
KORNTPPJEAJQIU-KJXAQDMKSA-N,1,,0
HGEYJZMMUGWEOT-UHFFFAOYSA-N,1,9.431798275933005,1
FUGGMNXTBZFFDM-UHFFFAOYSA-N,1,,0
YMYDUVXFUAIERG-UHFFFAOYSA-N,1,9.413530777083874,2
OKHRWBVXVXXGLN-UHFFFAOYSA-N,1,9.400007822415901,1
HGJYUXFMUSKRHL-UHFFFAOYSA-N,1,9.397940008672037,1
HVSUPPZVIPTMEM-UHFFFAOYSA-N,1,9.372363747448347,4
WGYLSXPWKYVIGW-UHFFFAOYSA-N,1,9.397940008672037,1
KQNGZWUJPKEOIL-UHFFFAOYSA-N,1,,0
LWUCNZZPRVNCLB-UHFFFAOYSA-N,1,,0
AIPVMDNBQLPSHM-UHFFFAOYSA-N,1,9.387216143280265,1
PMBZPLQKUNCRDH-UHFFFAOYSA-N,1,,0
PGNHBJGIQAEIHD-UHFFFAOYSA-N,1,9.3767507096021,1
PNXAJQBRLDGPQZ-UHFFFAOYSA-N,1,9.3767507096021,1
SOMWRASUKKDBSH-HZCBDIJESA-N,1,,0
KXAOPEMSBPZNPQ-AQYVVDRMSA-N,1,,0
UCRMCTXHTPNGTQ-WGSAOQKQSA-N,1,,0
SQYZBSPQNGOKJY-ACHIHNKUSA-N,1,9.356547323513812,1
SQYZBSPQNGOKJY-MEKGRNQZSA-N,1,,0
HEEFMGUIOXQXAL-QGZVFWFLSA-N,1,,0
GZKLJWGUPQBVJQ-UHFFFAOYSA-N,1,9.346787486224656,3
GAJLCVIQCPUCOK-UHFFFAOYSA-N,1,9.346787486224656,1
NENVXZKTDUNSBM-UHFFFAOYSA-N,1,,0
ZSXXBLKRPFMPGJ-UHFFFAOYSA-N,1,9.327902142064282,1
IPAFOBZCTHBJBT-UHFFFAOYSA-N,1,,0
IONAUXJNMRGVRI-UAPYVXQJSA-N,1,,0
QEYPINFPGIXPDO-UHFFFAOYSA-N,1,,0
IROBXMJJTSKRFQ-UHFFFAOYSA-N,1,,0
KAAZGXDPUNNEFN-UHFFFAOYSA-N,1,9.309803919971486,1
STFIELBPKGAKNX-UHFFFAOYSA-N,1,9.301029995663981,1
KAPNJGZVRYPTJW-UHFFFAOYSA-N,1,9.301029995663981,1
DYVLYWKEJHHXOH-TZMCWYRMSA-N,1,9.301029995663981,3
BZWLDSMYMFIKPT-YXJHDRRASA-N,1,9.301029995663981,1
TVTKXMSEQXXPJA-NRFANRHFSA-N,1,,0
NDOACRCCZRNDRC-AWEZNQCLSA-N,1,9.299988937677888,1
VNSQNNPGGZXQAN-UHFFFAOYSA-N,1,9.299988937677888,1
RCTPWYPPQMZWPM-WGSAOQKQSA-N,1,,0
KWNJJPLLFRQMRI-IYARVYRRSA-N,1,,0
SDZGFAGZLJLJSV-UHFFFAOYSA-N,1,9.259637310505756,1
IMFLKRNUSHCDBK-UHFFFAOYSA-N,1,9.259637310505756,1
HQCCZCGQNSJNDG-YSMPRRRNSA-N,1,,0
ZYZZJOLJNNFBHS-UHFFFAOYSA-N,1,9.24033215531037,1
FFGYZWWOVBUEIV-UHFFFAOYSA-N,1,9.239577516576787,1
KVQQVUQXVQANFT-AQYVVDRMSA-N,1,,0
BCQDQVRXJROXMU-UHFFFAOYSA-N,1,,0
WRUSBTCFXKDYJC-UHFFFAOYSA-N,1,9.229147988357855,1
WEUPAXGYFOUDLZ-CYBMUJFWSA-N,1,9.221848749616356,1
KJOFXQKVGTXQTK-IYARVYRRSA-N,1,9.221848749616356,1
KFOXMHFDNRTETJ-UHFFFAOYSA-N,1,9.221848749616356,1
SEHZPOBOTHQMOI-FRFSOERESA-N,1,9.221848749616356,1
WKXGCJMHUWZCIC-UHFFFAOYSA-N,1,,0
KHPGADABEDKFQQ-UHFFFAOYSA-N,1,9.207608310501746,1
PMKMNTBZJOXTJW-UHFFFAOYSA-N,1,,0
PFVOHXHHGRINAB-KRWDZBQOSA-N,1,9.200659450546418,1
BVVYFGNETCYNNY-UHFFFAOYSA-N,1,9.199970640755865,1
ITUXAHIEYLTLOX-QGZVFWFLSA-N,1,,0
VQKRYESCJYNAOI-UHFFFAOYSA-N,1,,0
BKRGVLQUQGGVSM-KBXCAEBGSA-N,1,9.18045606445813,5
AYDICYGRWUFLHA-UHFFFAOYSA-N,1,9.18045606445813,1
XRYLGRGAWQSVQW-UHFFFAOYSA-N,1,9.173925197299173,1
PQSQAZFTLXRLJP-UHFFFAOYSA-N,1,9.173925197299173,1
AMAZFBCTWBJQKF-UHFFFAOYSA-N,1,,0
JJYGMNQCYKVCSO-NSHDSACASA-N,1,9.169989064063882,1
IJKCMXOYXRJELY-ZDUSSCGKSA-N,1,,0
JQHSYAQISCFWOK-UHFFFAOYSA-N,1,9.154901959985743,1
NYXDYIWPZMXTPA-UHFFFAOYSA-N,1,9.154901959985743,1
IVUIBIRRERFFHX-UHFFFAOYSA-N,1,,0
JCJHEQWKLFDJPY-HXUWFJFHSA-N,1,,0
CXQUOFVDYCOSEZ-UHFFFAOYSA-N,1,9.152259161754902,6
YSQJEBUGELTUQM-ZDUSSCGKSA-N,1,9.149129683781393,2
NRFJXDLMBKNOHP-UHFFFAOYSA-N,1,9.148741651280925,1
BYJLEOXPONSXOY-IYARVYRRSA-N,1,,0
XOLGUSIUXDCCCM-HZCBDIJESA-N,1,,0
FVJVBIJJZNFQKE-UHFFFAOYSA-N,1,9.136677139879545,1
BNSLCCULUHMZBQ-KESTWPANSA-N,1,,0
OLHTYSHHUSHAPW-UHFFFAOYSA-N,1,9.119186407719209,1
KPWSJANDNDDRMB-UHFFFAOYSA-N,1,,0
BGEAJJAWRXRQLO-UHFFFAOYSA-N,1,9.100015437450608,2
LALPTZBNNOBOPF-UHFFFAOYSA-N,1,9.100015437450608,1
CTVAPGCBERCRDO-BHIYHBOVSA-N,1,9.096910013008056,1
BYOLGTZWXRPJPY-UHFFFAOYSA-N,1,9.096910013008056,1
BWVZMXRKTJNRCJ-UHFFFAOYSA-N,1,9.096910013008056,3
USIMZAIRLDAIQJ-UHFFFAOYSA-N,1,9.096910013008056,3
PMWUJURPEGHBKV-TZMCWYRMSA-N,1,9.096910013008056,1
APCSKDZXHMFZBO-WGSAOQKQSA-N,1,,0
GOLUWUPEFVOPGA-UHFFFAOYSA-N,1,,0
QGNOXTFZOLDODX-UHFFFAOYSA-N,1,9.09151498112135,1
ZZJYIKPMDIWRSN-HWBMXIPRSA-N,1,10.397940008672037,1
MGUCYNMYMMBXDP-UHFFFAOYSA-N,1,9.090443970758825,1
IYWXUSILGIBAQW-NRFANRHFSA-N,1,,0
AAELEHAFAYIZRH-KDURUIRLSA-N,1,,0
NWVXCTHMKYPUKK-NRFANRHFSA-N,1,,0
AGAHNABIDCTLHW-UHFFFAOYSA-N,1,,0
GLEZZSAETATKRY-UHFFFAOYSA-N,1,,0
GHLIXCKZQCRDAX-LJQANCHMSA-N,1,9.077450979992872,2
AIXGSHLFBFGRFX-SKQKWFJKSA-N,1,,0
GKXOICRHYDMLAH-UHFFFAOYSA-N,1,,0
FUGWOZRGTJZGAQ-UHFFFAOYSA-N,1,,0
DLYAUPSKDVMPSS-UHFFFAOYSA-N,1,,0
RGWGDYMUCXDODX-XUTJKUGGSA-N,1,,0
LBNGJZBDUWZGLH-UAPYVXQJSA-N,1,,0
AJESKKMIWNWSBT-UHFFFAOYSA-N,1,9.065501548756432,1
FKUQSZKJDBSUAF-ZDUSSCGKSA-N,1,9.06304920106777,2
DEKJLYJRFGCPNK-UHFFFAOYSA-N,1,,0
DRDNXPOWBJOJRJ-RZFKFIIISA-N,1,,0
SROBMKRRHVLVHU-UHFFFAOYSA-N,1,9.057000406633959,1
DBRVEHQLZZEVFX-MXVIHJGJSA-N,1,,0
HBUKKEFQANLSNF-XLKFHUSGSA-N,1,,0
KGJDHBDNYIVRSF-UHFFFAOYSA-N,1,9.050122295963126,1
PYCKGDROYNHKPS-UHFFFAOYSA-N,1,9.045757490560675,1
LMUWKYOZOCNQDQ-UHFFFAOYSA-N,1,9.045757490560675,2
RCWSDRYOQJIECB-UHFFFAOYSA-N,1,9.045757490560675,1
VKVJQSCYLIOFEN-OAQYLSRUSA-N,1,,0
GUTXTARXLVFHDK-UHFFFAOYSA-N,1,9.04098483160756,2
MBMINXDPXIMQPF-UHFFFAOYSA-N,1,,0
PUHPHTLOURQFMV-LBPRGKRZSA-N,1,9.040005161671584,1
MWAPGIGSNBMUAD-CCPXZDFDSA-N,1,,0
HZPDHOOVQQYBJP-TZMCWYRMSA-N,1,9.187086643357144,1
XMADFSDPKTZGLY-MXVIHJGJSA-N,1,,0
FNEYDYBEZUNJRD-UHFFFAOYSA-N,1,9.031517051446064,1
OKJIXAFKUUQQCX-UHFFFAOYSA-N,1,,0
MIDQPNSXCMMZSS-GOSISDBHSA-N,1,,0
QJRUCZBGBMXWPF-AQYVVDRMSA-N,1,,0
QEQTYRYMOSHBTB-FCHUYYIVSA-N,1,,0
IBCJUIIXFRJMOE-UQQQWYQISA-N,1,,0
AQCPIJGBSDFUKW-CVKSISIWSA-N,1,,0
DYERWDPVNLQROR-DKXQDJALSA-N,1,,0
VPUYNZMAEQVXFX-UHFFFAOYSA-N,1,9.0,1
GBBXKCGHLOWKFM-WGSAOQKQSA-N,1,9.0,1
NVCMKCBLQDUADQ-UHFFFAOYSA-N,1,9.0,1
SFRWZRKAHVGRFO-UHFFFAOYSA-N,1,9.0,1
FMEYZGBIOSKJJC-UHFFFAOYSA-N,1,9.0,1
DXVUFDJAEHWWRG-KRWDZBQOSA-N,1,9.0,1
LWSDEDAXDVTMTG-INIZCTEOSA-N,1,9.0,1
GVOWTPVTYQMHDU-UHFFFAOYSA-N,1,9.0,1
KFWSEMIBLPIBOC-UHFFFAOYSA-N,1,9.0,1
XBWNTYFNUFPCHL-UHFFFAOYSA-N,1,9.0,1
ONWXXZNGMBXUOA-UHFFFAOYSA-N,1,9.0,1
INPZJTQIZICEOJ-UHFFFAOYSA-N,1,9.0,1
NLAPYFUIFIHYFO-UHFFFAOYSA-N,1,9.0,1
JMXCICODDRWOSZ-UHFFFAOYSA-N,1,9.0,1
XJZDTABDIWRHTR-UHFFFAOYSA-N,1,9.0,1
ANCFDBAFLRCWEK-UHFFFAOYSA-N,1,9.0,1
PLKOFQSGOPKBMP-UHFFFAOYSA-N,1,9.0,1
VGUCRFZEXJNJAG-KVSKMBFKSA-N,1,9.0,1
MCYLXTMEEBXVDF-UHFFFAOYSA-N,1,9.0,1
LMPJCXOOACXKHV-UHFFFAOYSA-N,1,9.0,1
UIIXJYGCNLZGHI-UHFFFAOYSA-N,1,9.0,1
VJUQIMXHRMEYAS-UHFFFAOYSA-N,1,,0
KRHFNHTVKDCQGV-UHFFFAOYSA-N,1,,0
NHLHTGDNMWUOMW-UHFFFAOYSA-N,1,,0
JCJHEQWKLFDJPY-FQEVSTJZSA-N,1,,0
DSUPVFQPRMPPAD-UHFFFAOYSA-N,1,,0
UJZNKWHHQIIKBC-ZIIYYELXSA-N,1,,0
LXNQXNYRRQSMER-UHFFFAOYSA-N,1,,0
VYGJNGJRTPHPPA-UHFFFAOYSA-N,1,8.99740974374811,2
QQTSFNQVIGVGCT-GRGXKFILSA-N,1,,0
WGLPSCZHULDZSS-JTQLQIEISA-N,1,8.99148333035061,2
HTHHKXUTDJTRGL-DKXQDJALSA-N,1,,0
KPWSJANDNDDRMB-QAQDUYKDSA-N,1,8.614798618482665,10
OSAOKFNDHSEFAK-UHFFFAOYSA-N,1,8.986937741627274,2
OEJCRLZCGDBNPH-UHFFFAOYSA-N,1,,0
UEUHNMQUIFFWEA-AQYVVDRMSA-N,1,,0
LBCLWNAKMLUAKD-AQYVVDRMSA-N,1,,0
MKFJWCIOEBXNLP-LBPRGKRZSA-N,1,8.96018944585165,1
QNBCPLWFVGLFHO-CYBMUJFWSA-N,1,8.958607314841775,1
UDUOGLZZYDDSKR-UHFFFAOYSA-N,1,8.958607314841775,1
UJKKBRMKWCZNQF-UHFFFAOYSA-N,1,8.958607314841775,1
XRYLGRGAWQSVQW-KRWDZBQOSA-N,1,8.958607314841775,1
YOBZEYPRYAJSBZ-UHFFFAOYSA-N,1,8.958607314841775,1
WZISTPRGDPHEAE-UKRRQHHQSA-N,1,8.958607314841775,1
LSCFXOJSPYZWQQ-UHFFFAOYSA-N,1,8.958607314841775,1
ZZJYIKPMDIWRSN-SLSDLSHTSA-N,1,,0
GSYXWIMVZURMCS-UHFFFAOYSA-N,1,8.958607314841775,1
VDIKOHJQRNCQAT-UHFFFAOYSA-N,1,,0
QUUFDJZHDLIECK-UHFFFAOYSA-N,1,,0
OQARJAMVLWZKHI-WDYRZJDSSA-N,1,,0
WOHMWCGVHSYPFG-JENIJYKNSA-N,1,,0
OMQYELRKBALQJF-TZMCWYRMSA-N,1,8.943095148663527,1
OSFYUOBMIMRRQJ-SHTZXODSSA-N,1,,0
BTGAJCKRXPNBFI-OAHLLOKOSA-N,1,8.789949150124862,13
GJKBMWIJPUSQGX-QAQDUYKDSA-N,1,,0
APQWXABKECJSIH-UHFFFAOYSA-N,1,,0
HIBUHKNMTZCDMF-UHFFFAOYSA-N,1,8.920818753952375,1
YHMDCFXONGIJED-NGRWLJPCSA-N,1,8.920818753952375,1
CGVZEZGEEUBAEK-UHFFFAOYSA-N,1,8.920818753952375,1
ZMIWRRKLVCCVBJ-UHFFFAOYSA-N,1,8.920818753952375,1
AHJHJVULSVKBEA-KDURUIRLSA-N,1,,0
WMQLLTKSISGWHQ-WKILWMFISA-N,1,,0
PPOMMOPYGUOVFS-KDURUIRLSA-N,1,,0
FHTQWEHAVYFMHP-QGZVFWFLSA-N,1,,0
KXLZVZNZPJCJEY-UHFFFAOYSA-N,1,,0
FUOUCUSWOTUMGM-UHFFFAOYSA-N,1,8.899974269892137,1
JQXMVFBXXAKVDC-NRFANRHFSA-N,1,,0
PGSFAKCMNLKKDT-ZDUSSCGKSA-N,1,8.890084136976206,1
GGEDSWLSSJZGKV-AWEZNQCLSA-N,1,8.890084136976206,1
FRQVGTOODSSJIY-UHFFFAOYSA-N,1,,0
LPLZFZAIOWVRTJ-UHFFFAOYSA-N,1,8.886056647693163,1
KTDGVFIKKDUXFL-UHFFFAOYSA-N,1,8.886056647693163,1
UPXJKNQVKALXKP-UHFFFAOYSA-N,1,8.886056647693163,1
QDZRLBZZELBOIJ-UHFFFAOYSA-N,1,8.886056647693163,1
PCZMYCPDZLHZCQ-LITSAYRRSA-N,1,8.886056647693163,1
FGXWKSZFVQUSTL-UHFFFAOYSA-N,1,,0
XTHUIXNTYMTWQC-UHFFFAOYSA-N,1,8.886056647693163,1
DKDBPNNUSSEBFR-UHFFFAOYSA-N,1,,0
MVUPPHQTJNNNFZ-UHFFFAOYSA-N,1,,0
OTYGUGGEVVLOCC-UHFFFAOYSA-N,1,,0
GNOHLPXINNYCLR-TYZXPVIJSA-N,1,8.853871964321762,1
LZEJCTIJSMQOTB-MXVIHJGJSA-N,1,8.853871964321762,1
CYOBJTAQBGDFGU-YPGOJHLTSA-N,1,8.853871964321762,1
PSBWDCHOGUBLQH-UHFFFAOYSA-N,1,8.853871964321762,1
VMYDRWOVWUPFPO-UHFFFAOYSA-N,1,8.853871964321762,1
OQPYDZQJBICVMH-SYYKKAFVSA-N,1,8.853871964321762,1
HTHHKXUTDJTRGL-AFARHQOCSA-N,1,,0
MMZCHCQVBLYIRF-UHFFFAOYSA-N,1,,0
UDFOPUAGEBDRJQ-UHFFFAOYSA-N,1,,0
NSRFWSBDKAVEHH-UHFFFAOYSA-N,1,,0
TVCLMCWUAJMAEI-UHFFFAOYSA-N,1,8.85078088734462,1
HLJDGDVDXPMCOC-UHFFFAOYSA-N,1,8.849997901192726,2
NLIPZVMIMUCCIK-JTQLQIEISA-N,1,8.849857838151442,1
XZFPTXVCUYVBAT-QGZVFWFLSA-N,1,,0
CNNRPXDUHKLPGW-NGRWLJPCSA-N,1,8.84569645301584,2
PLDUPXSUYLZYBN-UHFFFAOYSA-N,1,8.84163750790475,1
WUVVNDIQBGLCOQ-UHFFFAOYSA-N,1,8.840968332518619,2
DKLFJXNMKAKPTA-HZCBDIJESA-N,1,,0
IXHFUNSVBJAYHP-UHFFFAOYSA-N,1,8.835647144215564,1
LPWQYVIMWOVNJE-BAXQJZDKSA-N,1,8.832682665251824,1
UMTWXZNVNBBFLC-SHTZXODSSA-N,1,,0
VFDZFYCKUWKAKM-UHFFFAOYSA-N,1,8.824875990832918,4
FMCRANLYZLAXGN-UHFFFAOYSA-N,1,8.823908740944319,1
WKTBGKZXPNQGKA-MOJGAOKDSA-N,1,8.823908740944319,1
QLWQFJPPXAYVOM-NGRWLJPCSA-N,1,8.823908740944319,1
YDQYJYPAQZRPCT-UHFFFAOYSA-N,1,8.823908740944319,1
VGUCRFZEXJNJAG-SZVBFZGTSA-N,1,8.823908740944319,1
QVJKMHVHKSTLSO-UHFFFAOYSA-N,1,8.823908740944319,1
SITQSHZFILPALT-UHFFFAOYSA-N,1,,0
NHDFEXRNVMOWCZ-UHFFFAOYSA-N,1,,0
IAILMXLUNTXPAW-UHFFFAOYSA-N,1,,0
BEGUVTFMDVOUIM-UHFFFAOYSA-N,1,,0
WQWHPPMEWVYOCN-UHFFFAOYSA-N,1,,0
GIAKVIIADZNGFQ-UHFFFAOYSA-N,1,8.821023052706831,1
ZKFYKFLDTDNMAW-LBPRGKRZSA-N,1,8.819874124835946,1
XTZOWCVPOQNSNK-LAUBAEHRSA-N,1,,0
XIUGOOSNVROHDP-LJQANCHMSA-N,1,,0
ONXAINPGJUQBMC-UHFFFAOYSA-N,1,8.812479279163536,1
QQIQMQNRECKGDS-UHFFFAOYSA-N,1,,0
GPOXSHFDBBJUJR-UHFFFAOYSA-N,1,8.79997073344623,1
LNEPOXFFQSENCJ-UHFFFAOYSA-N,1,8.853871964321762,81
AMDRAFDQLSKJMW-UHFFFAOYSA-N,1,8.795880017344075,1
WASDQAJQWQDOQW-UHFFFAOYSA-N,1,8.795880017344075,1
FUZKHNSFTYISEL-UHFFFAOYSA-N,1,8.795880017344075,1
XTIPDLJJVIOGHI-UHFFFAOYSA-N,1,8.795880017344075,1
DYERWDPVNLQROR-AFARHQOCSA-N,1,,0
KRVOJOCLBAAKSJ-UHFFFAOYSA-N,1,,0
IWAHIMCMPBOXKG-FQEVSTJZSA-N,1,,0
BXOPFJXHIDYFEL-UHFFFAOYSA-N,1,8.780333653084869,2
XCKMSIBEVNAANY-UHFFFAOYSA-N,1,8.779891911959945,1
OTPPYWCIUOIPCN-UHFFFAOYSA-N,1,8.779891911959945,1
GTVPXEVAFBWKHY-UHFFFAOYSA-N,1,8.309981219211306,1
BAWYBBXTSLJQTI-AQYVVDRMSA-N,1,,0
MJPCQTFHQPZUOE-JTQLQIEISA-N,1,8.770062314092065,1
QNTNWSQRMBFBSH-UHFFFAOYSA-N,1,8.769551078621726,1
HRQSRFLNKXUFRB-KESTWPANSA-N,1,8.769551078621726,1
XVRGSHVTZMJIAN-UHFFFAOYSA-N,1,8.769551078621726,1
PZOVIFGFKIPBAC-UHFFFAOYSA-N,1,8.769551078621726,1
YQJSOEKFOQHZGK-FAQVEIGNSA-N,1,8.769551078621726,1
CZMNVXMBURYBAI-UHFFFAOYSA-N,1,8.769551078621726,1
PNRXQZLTVQCRMF-UHFFFAOYSA-N,1,8.769551078621726,1
FAUOEZQOXBUMAX-CONSDPRKSA-N,1,8.769551078621726,1
BZWLDSMYMFIKPT-QGPMSJSTSA-N,1,8.769551078621726,1
MZBZALUTJALVLT-WKILWMFISA-N,1,,0
COYPHMJWMCMIIQ-UHFFFAOYSA-N,1,,0
AAYBHLNWKYXETD-NRFANRHFSA-N,1,,0
PQXKDMSYBGKCJA-CVTJIBDQSA-N,1,,0
MVVKKFHFADVKMW-UHFFFAOYSA-N,1,,0
PQXKDMSYBGKCJA-UHFFFAOYSA-N,1,,0
FAUOEZQOXBUMAX-QRRGNZNSSA-N,1,,0
OLFPBASVCZUWSQ-UHFFFAOYSA-N,1,8.76318353656308,2
ACIMQSDLIYUKRE-GRGXKFILSA-N,1,,0
PPVWOMBOQZECHS-UHFFFAOYSA-N,1,8.761439372640169,2
JWFVGFMQWYTGRI-GOSISDBHSA-N,1,,0
BKHJHBMOHZNYEP-UHFFFAOYSA-N,1,8.756961951313706,1
UCRMCTXHTPNGTQ-KDURUIRLSA-N,1,,0
HJHGQNPJVJPIQZ-UHFFFAOYSA-N,1,,0
FLDYDMUQJQRGFN-PZJWPPBQSA-N,1,,0
YDAJJJBQJSTNFN-AWEZNQCLSA-N,1,8.750068243365805,1
XMYBCDHWKUBJDW-UHFFFAOYSA-N,1,,0
POWWHPJOZGHCEW-HZCBDIJESA-N,1,,0
BAWYBBXTSLJQTI-GRGXKFILSA-N,1,,0
ZPYBYTJAEKTXBQ-UHFFFAOYSA-N,1,8.744727494896694,1
VPDXGIUSVBWBOE-UHFFFAOYSA-N,1,8.744727494896694,1
MHGTXXJLRSTLOC-UHFFFAOYSA-N,1,8.744727494896694,1
QPXZVVCTRSBLHN-UHFFFAOYSA-N,1,,0
KYIGOCCCBXRHNJ-MXVIHJGJSA-N,1,,0
ZSNLCMKFRUHLTG-YLIUREIVSA-N,1,,0
PDADFIJOFSWDJB-AQYVVDRMSA-N,1,,0
ISTLEDHRAMPSGK-UHFFFAOYSA-N,1,,0
RHRKSVACMIQFDY-UHFFFAOYSA-N,1,8.736830361305078,2
VDABMKZNXMFUQE-UHFFFAOYSA-N,1,8.73521206757971,4
KNNFNZWUUKLWQS-UHFFFAOYSA-N,1,8.732986946971932,2
NUHXXOFRYNFFKK-UHFFFAOYSA-N,1,8.730487055782083,1
WNQLAMRYPGPZKN-UHFFFAOYSA-N,1,,0
KYCAHEZFDKQEQL-FCHUYYIVSA-N,1,,0
ULQCYDXROAATLP-AQYVVDRMSA-N,1,,0
LBCLWNAKMLUAKD-GRGXKFILSA-N,1,,0
UDJZPTLAQVDZMH-UHFFFAOYSA-N,1,,0
GXZWKZAOGQRNTL-UHFFFAOYSA-N,1,8.721848749616356,2
VXZHIQQSDIJVSS-HZCBDIJESA-N,1,8.721246399047171,1
QIEFWSCBWYBVOT-UHFFFAOYSA-N,1,8.721246399047171,1
AKYWUMKVNYAANP-UHFFFAOYSA-N,1,8.721246399047171,1
GCGNPPCFOWHEEJ-UHFFFAOYSA-N,1,8.721246399047171,1
IOKDDLUMOKQUEG-WGSAOQKQSA-N,1,,0
LUXCAJUFWQQFRI-UHFFFAOYSA-N,1,,0
VWHFISHLSCXQIT-UHFFFAOYSA-N,1,,0
NZDANPPRKVYGPL-UHFFFAOYSA-N,1,,0
TVZBVRPQPBYWDJ-UONOGXRCSA-N,1,,0
KXAOPEMSBPZNPQ-GRGXKFILSA-N,1,,0
RJQFZMPQCFFXTK-UHFFFAOYSA-N,1,,0
PKQCPDFILCUSCX-MEMLXQNLSA-N,1,,0
BYJLEOXPONSXOY-HDICACEKSA-N,1,,0
BSOLCASXROXPRZ-MQSINFNDSA-N,1,8.703911621302066,2
PPOMMOPYGUOVFS-WGSAOQKQSA-N,1,,0
DFUHQLOJRVHHKU-UHFFFAOYSA-N,1,8.700057099977233,1
ZPBGUIIINBYMKM-IAGOWNOFSA-N,1,8.698970004336019,1
BTXXUCVFDKNBPB-AMIZOPFISA-N,1,8.698970004336019,1
FPWBHZULGMGZGF-UHFFFAOYSA-N,1,8.698970004336019,1
LDAVXMLOCRPMGX-UHFFFAOYSA-N,1,8.698970004336019,1
UWNQTNJQOXIWHF-UHFFFAOYSA-N,1,8.698970004336019,1
WEABCZGCKKUPTB-UHFFFAOYSA-N,1,8.698970004336019,1
ALJFHHUCGXIRIJ-UHFFFAOYSA-N,1,8.698970004336019,1
IXCOCXDWNZNCFL-UHFFFAOYSA-N,1,8.698970004336019,1
SNRFPPXPEBWCDV-UHFFFAOYSA-N,1,8.698970004336019,1
FRKKVNDZDTXASV-UHFFFAOYSA-N,1,8.698970004336019,1
NQUFJLNBHRSFTR-UHFFFAOYSA-N,1,,0
AAYBHLNWKYXETD-OAQYLSRUSA-N,1,,0
HWQRTZYDLYMZFE-OBMJPTGESA-N,1,,0
HKOFHLGKVUBWFI-UHFFFAOYSA-N,1,,0
UZEMSGMNRGZZRJ-UHFFFAOYSA-N,1,,0
RIDMUSSNFOKJBO-UHFFFAOYSA-N,1,,0
KBVUBEVDDDEKLM-UHFFFAOYSA-N,1,,0
SZOQFKJMAIDYBY-UHFFFAOYSA-N,1,,0
JQHSYAQISCFWOK-ZDUSSCGKSA-N,1,,0
WZWHLVAXFSORKE-UHFFFAOYSA-N,1,8.697347476929444,2
IMICGKCVFIYIAJ-UHFFFAOYSA-N,1,,0
NFPWRHWDAIDXGI-UHFFFAOYSA-N,1,,0
JQSRFMXTGAVHIR-UHFFFAOYSA-N,1,8.858349385648225,2
GKXKKYAXVMCURJ-HZCBDIJESA-N,1,,0
APCSKDZXHMFZBO-KDURUIRLSA-N,1,,0
FZXSXMYFIZKXPT-UHFFFAOYSA-N,1,8.683771353907638,2
XPWBSOPMONLBNW-UHFFFAOYSA-N,1,8.681936665037238,1
PXPHOMJZPNVWMG-KRWDZBQOSA-N,1,,0
LFOIYGHYJZAMLX-BGYRXZFFSA-N,1,,0
FXNATMMZTJGLHL-UHFFFAOYSA-N,1,8.67778070526608,1
OABRYNHZQBZDMG-INIZCTEOSA-N,1,8.667679012221937,4
DUNOZWJTXYEGAT-SZVBFZGTSA-N,1,8.67778070526608,1
OVKBSFKFSBQCLW-LJAQVGFWSA-N,1,,0
YFGHCGITMMYXAQ-LJQANCHMSA-N,1,,0
OUJINBWEZGZUKQ-IYARVYRRSA-N,1,,0
TVTNBOZUNDIPJR-UHFFFAOYSA-N,1,,0
NTNZQIYNYUYERV-UHFFFAOYSA-N,1,,0
DVWFBFACSVVQQZ-UHFFFAOYSA-N,1,,0
TVWNOPFEOFGKFJ-UHFFFAOYSA-N,1,7.557520230935552,1
FLQHAMHLQRATPW-UHFFFAOYSA-N,1,8.280006173632396,1
ZZJYIKPMDIWRSN-TZBSWOFLSA-N,1,8.657577319177793,13
OGTUTKKBESFZFI-UHFFFAOYSA-N,1,8.657577319177793,1
CYGODHVAJQTCBG-UHFFFAOYSA-N,1,8.657577319177793,8
ZKZFPRUSWCYSGT-UHFFFAOYSA-N,1,8.657577319177793,1
ZMVDAQVAKLTNRL-UHFFFAOYSA-N,1,8.657577319177793,3
XILFFKQSRRILNP-UHFFFAOYSA-N,1,8.657577319177793,1
UGARTUSUDTUCHH-MXVIHJGJSA-N,1,,0
MWDRDYKQKODQGI-UHFFFAOYSA-N,1,,0
BNFWJAQYVFRKRJ-VQTJNVASSA-N,1,,0
NBYFBVZSSQUNTB-UHFFFAOYSA-N,1,8.649993039103236,2
NOSXOCMQQISHPL-IYARVYRRSA-N,1,,0
OYKQSDLPRQMVDA-UHFFFAOYSA-N,1,,0
MPHMCUFLRDUBRA-JTQLQIEISA-N,1,,0
GJKBMWIJPUSQGX-CALCHBBNSA-N,1,,0
CTWUXLPDTJVXKK-UHFFFAOYSA-N,1,,0
FIFCKHUAPMXUCB-VQTJNVASSA-N,1,,0
LTYLKFKJUXNUBZ-LBPRGKRZSA-N,1,8.639974910810603,1
LEDYBEGWCAWDCY-ICSRJNTNSA-N,1,8.638272163982407,1
NYDZDBFAMUDWJX-FPOVZHCZSA-N,1,8.638272163982407,1
CPDKHEPGGZULPR-UHFFFAOYSA-N,1,8.638272163982407,2
YCAAJJCVIFKZBL-UHFFFAOYSA-N,1,8.638272163982407,1
MKRIRFBTLSNVCR-UHFFFAOYSA-N,1,8.638272163982407,1
KOMBSQZUWFYWJG-UHFFFAOYSA-N,1,,0
XBZBVCQJAKKJRK-UHFFFAOYSA-N,1,,0
LBBDMGBKCDPMSN-UHFFFAOYSA-N,1,8.630784142589857,1
SDAMYSWGWHXMRT-MRXNPFEDSA-N,1,8.630583173356676,2
JPTSMZMSIACDAD-UHFFFAOYSA-N,1,8.165620729124521,2
DYVLYWKEJHHXOH-TYZXPVIJSA-N,1,8.619788758288394,1
PAUUPYPPPJQSIG-YHBQERECSA-N,1,8.619788758288394,1
MGKAAGLTHAMQST-UHFFFAOYSA-N,1,8.619788758288394,1
FIADGNVRKBPQEU-UHFFFAOYSA-N,1,8.619788758288394,1
GCJWCPYQXHZURA-UHFFFAOYSA-N,1,,0
LSFPMDOETYIHLK-UHFFFAOYSA-N,1,,0
UKWWEYXNSCXUAW-RZXSSXJESA-N,1,,0
WZVSGKQRSIHTAZ-UHFFFAOYSA-N,1,,0
VPAUPKOMHDFAMG-UHFFFAOYSA-N,1,8.60906489289662,1
VCSXUTPJFQYQHZ-UHFFFAOYSA-N,1,8.608048210363632,2
LJPFHXAKXNKRIV-UHFFFAOYSA-N,1,8.604453063209865,4
RXLUSIRPKRSPGO-UHFFFAOYSA-N,1,8.602407705158788,2
OTKUTGIVEREJLL-UHFFFAOYSA-N,1,8.602059991327963,2
IWUPLAFLTUWLMF-GOSISDBHSA-N,1,8.602059991327963,1
AYQVGSWWMXHYHH-GOSISDBHSA-N,1,8.602059991327963,1
MIEJOQGHYSYEFX-UHFFFAOYSA-N,1,8.602059991327963,1
AUOXZICNYGBVPT-UHFFFAOYSA-N,1,8.602059991327963,1
NAMQSYKUAOZTKL-UHFFFAOYSA-N,1,8.602059991327963,1
NVMHXLWQTVRZFA-UHFFFAOYSA-N,1,8.602059991327963,1
YKMMIZDDGKTHST-UHFFFAOYSA-N,1,8.602059991327963,1
WASBJZGHAFSXQF-UHFFFAOYSA-N,1,,0
OFJQZOJUBWFTCD-UHFFFAOYSA-N,1,,0
DRKYMKSMHOHHEL-UHFFFAOYSA-N,1,,0
OCGPKQAAPALCBH-HLYHAVAHSA-N,1,,0
LJDQVOLRQLNUCX-UHFFFAOYSA-N,1,,0
RKNWXFDIXVCLNO-FCHUYYIVSA-N,1,,0
RDGPIFCCGRDXMY-UHFFFAOYSA-N,1,,0
UADTYZMGZVMEQD-KOMQPUFPSA-N,1,,0
IHNSUSUUGKHFOR-UHFFFAOYSA-N,1,,0
VAGLBALSMGUHAJ-UHFFFAOYSA-N,1,,0
UCZYAFAFGFTZEW-CYBMUJFWSA-N,1,8.769551078621726,1
JHSBXLBFVPKGAF-VQTJNVASSA-N,1,,0
LWEJANPMNUMGMB-MXVIHJGJSA-N,1,,0
QUGHLFHSMAECME-HXUWFJFHSA-N,1,,0
BQPDOZCUUSRJDC-LADGPHEKSA-N,1,,0
CVDQBFXJSLNCIC-MXVIHJGJSA-N,1,,0
OVCQEDRUDXVNFY-UHFFFAOYSA-N,1,,0
YKNNRQLCQGQFRB-UHFFFAOYSA-N,1,8.585026652029182,1
PPTRNJJUIFECMW-UHFFFAOYSA-N,1,8.585026652029182,1
AYOYRQBAZIBAOY-UHFFFAOYSA-N,1,8.585026652029182,1
OHLNGDFTLNKGPO-UHFFFAOYSA-N,1,,0
LPJJPPHJSYTROB-UHFFFAOYSA-N,1,,0
BFLDMZUQHIXFAK-UHFFFAOYSA-N,1,,0
ZQUYISBPDUWNLC-UHFFFAOYSA-N,1,,0
XMFRRROSDAWYLB-UHFFFAOYSA-N,1,,0
DCJWAUUNGWWIFD-KUHUBIRLSA-N,1,8.580575454631372,4
ODDQSYJSQXYQTO-UHFFFAOYSA-N,1,8.580575454631372,2
WISQKUCSRCKUNV-UHFFFAOYSA-N,1,8.580044251510243,1
URKFGKZMXFFFIT-UHFFFAOYSA-N,1,,0
QNKFKUPQFLVBHA-UHFFFAOYSA-N,1,,0
YFXWJWJZNPPTDW-UHFFFAOYSA-N,1,8.576213670428944,2
PFXPCDOQQVRYNP-INIZCTEOSA-N,1,8.569924944448061,1
DPDUJCCKQWFBBQ-UHFFFAOYSA-N,1,8.569830996714504,2
LVRHAAKFXRNPFH-RQNOJGIXSA-N,1,8.568636235841012,1
FGHKCRNDQSRICR-UHFFFAOYSA-N,1,8.568636235841012,1
ZUCSOBCLXFCURA-UHFFFAOYSA-N,1,,0
CRMAPALWSALKCW-UHFFFAOYSA-N,1,,0
MWNWERUECAJGJC-UHFFFAOYSA-N,1,,0
WZGDKWUZLJPAQO-UHFFFAOYSA-N,1,,0
ZWCZAPMNJINBCG-UHFFFAOYSA-N,1,8.560667306169737,1
VMDJSIGZJOXSGC-PCLIKHOPSA-N,1,8.55987911205226,2
WKRNNVUISXJKDT-MEMLXQNLSA-N,1,8.55284196865778,1
HWTAZRRAKMJTGD-UHFFFAOYSA-N,1,8.535290537142853,2
LAUHOTTZDXINOP-UHFFFAOYSA-N,1,8.55284196865778,3
KHUQUWFRCNWUQH-WGSAOQKQSA-N,1,,0
OBVJYSIRBVCCNU-UHFFFAOYSA-N,1,,0
DCIOHCJFMCIMPE-SKPFHBQLSA-N,1,,0
CTTVMGVVWWHIMC-UHFFFAOYSA-N,1,,0
UFJJQNQMSPBYPJ-UHFFFAOYSA-N,1,,0
NDYWSAOJDYTMLE-ZDUSSCGKSA-N,1,8.540004743952608,1
OPIFKCUXRNZZDK-UHFFFAOYSA-N,1,8.537602002101044,1
JLCDZKSQUUANJO-UHFFFAOYSA-N,1,8.537602002101044,1
VTESYDIGEMNUCI-UHFFFAOYSA-N,1,8.537602002101044,3
MPWWGTFDWDZHRM-UHFFFAOYSA-N,1,8.537602002101044,1
AAELEHAFAYIZRH-WGSAOQKQSA-N,1,,0
CAAIZYOGVIMUEU-KOEQRZSOSA-N,1,,0
UNEYERITNKRLJR-IPJJNNNSSA-N,1,,0
LFATXWJLBURBCJ-UHFFFAOYSA-N,1,,0
QODHNMBBWHFBBL-ZWKOTPCHSA-N,1,,0
SXLLFTLZFDWMJK-UHFFFAOYSA-N,1,8.533256356075647,2
YTGXGXKZORFSRT-UHFFFAOYSA-N,1,,0
UKACGFLTHZPIST-KDURUIRLSA-N,1,,0
WJBZDMXLXHXOQF-UHFFFAOYSA-N,1,,0
WSPOMRSOLSGNFJ-AUWJEWJLSA-N,1,8.528708288941061,1
YQJXEYCSOAXZLM-FQEVSTJZSA-N,1,8.528708288941061,1
LCZMXKRXXCYHBB-KDURUIRLSA-N,1,,0
JPVMIUGEXNCGFO-UHFFFAOYSA-N,1,,0
IMYFITBNCNWHTL-UHFFFAOYSA-N,1,8.522878745280337,1
URXAVGZMTQSESH-IYARVYRRSA-N,1,8.522878745280337,1
XEPWZALNKJXYKD-UHFFFAOYSA-N,1,8.522878745280337,1
NJDDOYGAHXQMEQ-CQSZACIVSA-N,1,8.522878745280337,1
LHFRREYTABIJEO-UHFFFAOYSA-N,1,8.522878745280337,1
SDLSVMUKJMMARH-WUJWULDRSA-N,1,8.522878745280337,2
GIALFYFYXHAZSV-UHFFFAOYSA-N,1,8.522878745280337,1
YFIBOKLKHXZNEU-UHFFFAOYSA-N,1,8.522878745280337,1
NEUIVMZLDPIEPD-UHFFFAOYSA-N,1,8.522878745280337,1
NLQDMIUSBFMXRV-UHFFFAOYSA-N,1,8.522878745280337,1
OEOARPDKGPPHKL-UHFFFAOYSA-N,1,,0
AOWBRNQOUCDADD-QFIPXVFZSA-N,1,,0
MKNLGRDWBBCEHS-JOCHJYFZSA-N,1,,0
NEADMXBONWLZEY-NRFANRHFSA-N,1,,0
GIRPCUVFPZFQTK-NRFANRHFSA-N,1,,0
SHZVXUBQYBBGNZ-UHFFFAOYSA-N,1,,0
YRESHCJSCNXCIP-MEMLXQNLSA-N,1,,0
BXLOXSAIDXDVKJ-NSHDSACASA-N,1,8.51999305704285,1
OPCRANFRFIPFAF-UHFFFAOYSA-N,1,8.518557371497694,1
HYUZMDKRIBTARX-AQYVVDRMSA-N,1,,0
HNFWRWQITYFMNA-UHFFFAOYSA-N,1,8.512928450048893,4
SXMSOKPOUASFOI-WGSAOQKQSA-N,1,,0
QVZCCZRTVHTBPK-HXUWFJFHSA-N,1,,0
NVVFACNDFFNYNI-UHFFFAOYSA-N,1,8.508864383480216,2
IJTZHWGKWZMBCO-UHFFFAOYSA-N,1,,0
ZNMWUMGOSWLWOH-HDUJFRAXSA-N,1,8.508638306165727,1
MVWVFYHBGMAFLY-UHFFFAOYSA-N,1,8.301029995663981,9
HSOIWCPMXCWYHB-UHFFFAOYSA-N,1,8.508638306165727,1
DPAGUJADGMJVKD-UHFFFAOYSA-N,1,8.508638306165727,1
KEEXCUUQRQNRNF-UHFFFAOYSA-N,1,8.508638306165727,1
IYQPUWHLQQNKOW-UHFFFAOYSA-N,1,8.508638306165727,3
MVTKOPGIBNCWRJ-UHFFFAOYSA-N,1,,0
BBDWOUJEDFUXFI-UHFFFAOYSA-N,1,,0
OHRWBHSKZIDRDQ-IYARVYRRSA-N,1,,0
UTEKSPGIYDUAMB-UHFFFAOYSA-N,1,8.500038134403809,1
FRMZDOIYBVOLRB-CTTKVJGISA-N,1,8.500038134403809,1
KAEBDVFJWYJWBA-UHFFFAOYSA-N,1,8.500038134403809,2
XDFPJEPCZSJPQC-UHFFFAOYSA-N,1,,0
XRCOCSDAHSAQTP-UHFFFAOYSA-N,1,8.5,2
NNTYWLSMUTYNRH-UHFFFAOYSA-N,1,8.497572880015568,1
ORARZDXQXHHARR-MEMLXQNLSA-N,1,,0
GAJLCVIQCPUCOK-OAQYLSRUSA-N,1,8.494850021680094,1
IVCDUDHUOFADMA-HZCBDIJESA-N,1,8.494850021680094,1
KFQYTPMOWPVWEJ-INIZCTEOSA-N,1,9.68837535480105,4
VULDVDPDFZYFND-UHFFFAOYSA-N,1,8.494850021680094,3
VNEIHMUMEPSZBA-UHFFFAOYSA-N,1,8.494850021680094,1
LSCKFBHTQUPRNT-UHFFFAOYSA-N,1,,0
ZUGNJYHFOIGGOO-UHFFFAOYSA-N,1,8.492320122295393,2
IQOHRYVJGPXDMK-SFHVURJKSA-N,1,,0
YCVHXXNYLSKBKJ-ZDUSSCGKSA-N,1,8.489991487059765,1
SZTHJRLWJXYLME-UHFFFAOYSA-N,1,,0
OMZMJFOIQLHTBI-IYARVYRRSA-N,1,,0
OXVZLPIGSCONSD-UHFFFAOYSA-N,1,8.485105264584071,2
UOXWVJAPLQMAAN-UHFFFAOYSA-N,1,,0
YBCFDDCJLZVHPZ-FQEVSTJZSA-N,1,8.481486060122112,1
VKNIGNGTZIYLFI-UHFFFAOYSA-N,1,,0
DPASSLWFBPICMV-FPOVZHCZSA-N,1,8.477926189560637,2
FGTGRXMIFIZGBG-UHFFFAOYSA-N,1,8.165620729124521,2
LQTCRFLMOJHQHE-UHFFFAOYSA-N,1,8.47500357153993,2
KONGZRYXSLUXFB-UHFFFAOYSA-N,1,8.47175453424471,4
BZCYPHOOPXOADD-XIEYBQDHSA-N,1,,0
FHQYCPGXTQGPMU-GMAHTHKFSA-N,1,8.468521082957745,1
CEJURZXMIYUTSE-MXVIHJGJSA-N,1,8.468521082957745,2
YUCDETMUXOUYBI-UHFFFAOYSA-N,1,8.468521082957745,1
JXSJIGMUFKVXOT-UHFFFAOYSA-N,1,8.468521082957745,1
GXSJLZZVCQCUTH-UHFFFAOYSA-N,1,8.468521082957745,1
WXHPNHJKGIFCOC-UHFFFAOYSA-N,1,,0
LEFBFLOSCAEZAG-UHFFFAOYSA-N,1,8.462591779677412,2
AFAMVWBXPZJINL-JCNLHEQBSA-N,1,,0
ACWQOQSFTNXQMA-UHFFFAOYSA-N,1,,0
ZPEIMTDSQAKGNT-UHFFFAOYSA-N,1,8.214670164989233,7
HKELRUMBUSUQHV-GMAHTHKFSA-N,1,8.455931955649724,1
TZJYXVGLMBIOAB-MRXNPFEDSA-N,1,8.455931955649724,1
YIIWKHZEONNJTQ-UHFFFAOYSA-N,1,8.455931955649724,1
DUNOZWJTXYEGAT-KVSKMBFKSA-N,1,8.455931955649724,1
BSCIANYCCSTXPP-UHFFFAOYSA-N,1,,0
CFGLHQSIGAVKRU-UHFFFAOYSA-N,1,,0
QXOFQMUQMXGKGQ-VKCPWKDNSA-N,1,8.443697499232712,1
FLPVFOMJIXWGPC-LJQANCHMSA-N,1,8.443697499232712,1
DJMRKPUZZUDMFC-UHFFFAOYSA-N,1,8.443697499232712,1
NGCKUAWDNUFNBB-UHFFFAOYSA-N,1,8.571333751784366,2
CJBURTCEIHHDKD-UHFFFAOYSA-N,1,,0
QXEYNUWHIAFPHP-MEMLXQNLSA-N,1,,0
HOIIHACBCFLJET-SFTDATJTSA-N,1,,0
USGFBEWNXKQBDG-UHFFFAOYSA-N,1,8.439973751087107,3
PMXMIIMHBWHSKN-UHFFFAOYSA-N,1,,0
ULGYNCVBFLQVPX-MXVIHJGJSA-N,1,,0
MWLMSEXRHBMQDW-UHFFFAOYSA-N,1,8.040005161671584,1
BHCGEYUCUMFGQX-SNAWJCMRSA-N,1,8.431798275933005,1
YZWZYPOWFMWSAH-UHFFFAOYSA-N,1,8.431798275933005,3
FQRIRCXYLMTNDU-UHFFFAOYSA-N,1,8.431798275933005,1
GDOGDBXKIOVXLE-UHFFFAOYSA-N,1,,0
ZLYZZQJTZBMSMX-DEOSSOPVSA-N,1,8.42712839779952,1
MDTYNDPHGHTQTJ-QHCPKHFHSA-N,1,8.42712839779952,1
JGPPAABCUOMAQN-PGWJBFNOSA-N,1,,0
LDXAOQSIBXRCIN-UHFFFAOYSA-N,1,,0
IEYKUJATGFZIHM-LJQANCHMSA-N,1,8.42021640338319,1
DKMWFGJOMJUBOA-UHFFFAOYSA-N,1,8.42021640338319,1
VTRDTHNGUFWMPX-UHFFFAOYSA-N,1,,0
DWMNREQVNSYYID-WGOQTCKBSA-N,1,8.420102145426883,10
QHUHMRAZOMFJRX-UHFFFAOYSA-N,1,8.41907502432438,1
WNSAXKBODJJHCF-UHFFFAOYSA-N,1,,0
RWRBNIAIUBPSNY-UHFFFAOYSA-N,1,8.409492895823895,2
MUGIIZXLOBYZRQ-UHFFFAOYSA-N,1,8.4089353929735,1
HKOJNCZKZSYFEQ-GDLZYMKVSA-N,1,8.4089353929735,3
HSRIVLACNJBPQF-UHFFFAOYSA-N,1,8.4089353929735,1
FBDPRQPQWAADRA-UEJVZZJDSA-N,1,,0
OZVBMTJYIDMWIL-AYFBDAFISA-N,1,7.915015913001554,4
ZVIRWXRCUVYDPI-UHFFFAOYSA-N,1,8.400007822415901,1
IUVSEUFHPNITEQ-UHFFFAOYSA-N,1,8.400007822415901,1
KUXKOTSZBCHRDY-DZGCQCFKSA-N,1,8.400007822415901,2
RFRAMVDLVRFQPK-ICSRJNTNSA-N,1,8.397940008672037,1
FJDXZJPLGPQEMF-UHFFFAOYSA-N,1,8.397940008672037,1
LHFSUAZTBWHHAU-UHFFFAOYSA-N,1,8.397940008672037,1
KRGBBAYNHOEQOO-UHFFFAOYSA-N,1,8.397940008672037,3
CEUORZQYGODEFX-UHFFFAOYSA-N,1,8.55284196865778,21
MSXGPWPTXORIBR-UHFFFAOYSA-N,1,8.397940008672037,1
GVORMLBKZQBODK-DGCLKSJQSA-N,1,8.397940008672037,1
MUGRBHXUBJDHNE-UHFFFAOYSA-N,1,8.397940008672037,1
VPBKGYIOHOLSGS-UHFFFAOYSA-N,1,,0
LNQZDENLMNRNTR-QFIPXVFZSA-N,1,,0
XJVWJSRTBAVLPD-OAQYLSRUSA-N,1,,0
JBGDBFLUTXPZJF-FQEVSTJZSA-N,1,,0
LGUYPNXAMCYIHX-UHFFFAOYSA-N,1,,0
VIESVSSRMWPJQT-UHFFFAOYSA-N,1,,0
MUUSXXFKLPMJKL-IYARVYRRSA-N,1,,0
PSWUORNVMIRUSW-UHFFFAOYSA-N,1,8.387216143280265,1
MHHLELSXRBTNRD-TZMCWYRMSA-N,1,8.387216143280265,1
BYXQAMXSVJFSPP-UHFFFAOYSA-N,1,,0
BYPMJBXPNZMNQD-WHCYFCLHSA-N,1,,0
ZXZSMMMPXXEGFH-UHFFFAOYSA-N,1,8.381228130928562,2
VKNBNIUPOKNKDJ-UHFFFAOYSA-N,1,8.380113842620357,4
YBXCOWRSGYAPSD-ZDUSSCGKSA-N,1,8.379968104873702,1
LVVVBEVBRWMYII-UHFFFAOYSA-N,1,,0
LSPRXYHHXZGNPI-UHFFFAOYSA-N,1,,0
CANPFCFJURGKAX-JTQLQIEISA-N,1,8.3767507096021,2
NPCJAOUAOGKSQN-UHFFFAOYSA-N,1,8.3767507096021,1
HYRBVOGJRAFDLT-UHFFFAOYSA-N,1,8.3767507096021,1
NXHZOGJHNYRAGN-UHFFFAOYSA-N,1,8.3767507096021,3
BOOBARCNIUCOKI-BTYSMDAFSA-N,1,,0
MNEKFHUJJOMPGH-UHFFFAOYSA-N,1,,0
CVWQKEFTSSJDLS-UHFFFAOYSA-N,1,8.371611069949688,1
YOPFVVBZYPEBHX-UHFFFAOYSA-N,1,8.368418767518891,2
IWUPLAFLTUWLMF-UHFFFAOYSA-N,1,8.366531544420413,1
MKNKEMCPBIDCMA-UHFFFAOYSA-N,1,8.366531544420413,1
UPMMAODZPJOUJM-UHFFFAOYSA-N,1,,0
ZHVCTZIFHMKHHU-XUTJKUGGSA-N,1,,0
GZSCSKUGXORHGO-APWZRJJASA-N,1,,0
GPDSIVWKHXYNJS-UHFFFAOYSA-N,1,,0
SZFUWLHTOXSEDK-UHFFFAOYSA-N,1,,0
QKQGOJLWKYGOGZ-UHFFFAOYSA-N,1,8.349692476868064,1
QWZZJNNQJSVEEN-OCOZRVBESA-N,1,,0
IBNGPFLSWWZTBJ-XUTJKUGGSA-N,1,8.346787486224656,1
DXVUFDJAEHWWRG-UHFFFAOYSA-N,1,8.346787486224656,1
SHVCHMGRIYXVAY-NRFANRHFSA-N,1,8.346787486224656,1
DBCKRBGYGMVSTI-UHFFFAOYSA-N,1,8.346787486224656,3
DQMKFVKNNDMGTA-UHFFFAOYSA-N,1,8.346787486224656,2
OLGZPJJHZDCBMO-UHFFFAOYSA-N,1,,0
KADPHBZQZJDCJN-AFARHQOCSA-N,1,,0
YVWGFJJVIYRZMN-SFHVURJKSA-N,1,,0
WAMSRMUXQPANBA-UTEDSILMSA-N,1,8.344165443799694,8
IPMJWMWRTMMXJS-UHFFFAOYSA-N,1,,0
XNAZWCRZSGGAMO-UHFFFAOYSA-N,1,8.341988603342887,3
FFIQSCOADWZDLK-UHFFFAOYSA-N,1,,0
KGGHECZDYBMALC-UHFFFAOYSA-N,1,,0
XURLIKHUHWMOTE-UHFFFAOYSA-N,1,8.337242168318426,1
KQRHCJXCCFJNQW-UHFFFAOYSA-N,1,8.337242168318426,1
FGXXPAFUXKMGKU-UHFFFAOYSA-N,1,8.337242168318426,1
HMETZCGOVJHJBJ-WKILWMFISA-N,1,,0
FAKVJGDVZFHZPG-UHFFFAOYSA-N,1,,0
VDXPHDCGJBDTON-UHFFFAOYSA-N,1,,0
KBFMOHUYUYNYGP-WGSAOQKQSA-N,1,,0
JAKFCAJOXZJYMN-UHFFFAOYSA-N,1,,0
ZRFNUMBGYLIEMG-UHFFFAOYSA-N,1,,0
DPASSLWFBPICMV-TZIWHRDSSA-N,1,8.327902142064282,1
SLARGICHHUPLQU-FPOVZHCZSA-N,1,8.327902142064282,1
BDHDIEVXYUODTG-XYWHTSSQSA-N,1,8.327902142064282,1
SDAMYSWGWHXMRT-INIZCTEOSA-N,1,8.327902142064282,1
AYGLZYIWAZBQDC-UHFFFAOYSA-N,1,8.327902142064282,1
ZRBHAKYJDKFUAO-UHFFFAOYSA-N,1,8.327803863157445,2
VMTIAIJOJOQAEM-GOSISDBHSA-N,1,8.32237004723631,2
SKOOZXVTNXFHFP-UHFFFAOYSA-N,1,8.322178474889565,2
GUYDMNDOMIQYML-LJAQVGFWSA-N,1,8.318758762624412,1
PIXTXCJJBIOUSC-MEMLXQNLSA-N,1,8.318758762624412,1
OILMYNCOJBGIHH-UHFFFAOYSA-N,1,8.318758762624412,1
XRXBZJLXUCSIKS-UHFFFAOYSA-N,1,8.318758762624412,1
QHLAPIQLWATZKM-UHFFFAOYSA-N,1,8.318758762624412,1
BDRBUIOJOVVPMF-UHFFFAOYSA-N,1,,0
UAILOOIRJOOOAV-UHFFFAOYSA-N,1,,0
ZXRTUAYDQBCOPH-UWSKWSKGSA-N,1,,0
OASSGMBDTDTXKO-UHFFFAOYSA-N,1,,0
DJZHLQVGGSLCLE-MXVIHJGJSA-N,1,,0
CYIRPXRIGGCJMZ-UHFFFAOYSA-N,1,8.029978734171634,1
ZLYZZQJTZBMSMX-UHFFFAOYSA-N,1,8.31069114087638,1
KWRGINFICPLLIP-UHFFFAOYSA-N,1,,0
WCWNXHJYVSNEHQ-YLJYHZDGSA-N,1,8.309894379144197,2
MNTHFSDLZXHALL-AQYVVDRMSA-N,1,8.309803919971486,1
FSRGBFIJCFDRBB-NGRWLJPCSA-N,1,8.309803919971486,1
XNFVTFMFMPGVGG-UHFFFAOYSA-N,1,8.309803919971486,1
NIQWPNGICRVKCM-UHFFFAOYSA-N,1,8.305461278103826,2
HTQLYZCPYPEYGO-UHFFFAOYSA-N,1,8.301029995663981,1
QCIVPNSLPPESDA-RTBURBONSA-N,1,8.301029995663981,1
JVYYIOXKIUYPJI-QZTJIDSGSA-N,1,8.301029995663981,1
ZUKCWYCSNRGFKC-IEBWSBKVSA-N,1,8.301029995663981,1
UGBHWDCXHHTYMY-UAPYVXQJSA-N,1,8.301029995663981,1
HPSXIRMSZPEQTB-MEMLXQNLSA-N,1,8.301029995663981,1
VURPIGYSDZFRHH-UHFFFAOYSA-N,1,8.301029995663981,1
GTATVXRFYOQYFS-UHFFFAOYSA-N,1,8.301029995663981,1
NJDDOYGAHXQMEQ-UHFFFAOYSA-N,1,8.301029995663981,1
GFQPGTMHAHWZHS-UHFFFAOYSA-N,1,8.301029995663981,1
XBIPCIFARHCNNE-UHFFFAOYSA-N,1,8.301029995663981,1
PHDDUIXSXSRRQU-UHFFFAOYSA-N,1,8.301029995663981,1
CRHLQSKLPOQEER-UHFFFAOYSA-N,1,8.301029995663981,1
ZUHUCALFDNPGMN-UHFFFAOYSA-N,1,,0
LRFRSQHIWUYEAT-OAQYLSRUSA-N,1,,0
KZDFEDZILCEXQB-JOCHJYFZSA-N,1,,0
KZDFEDZILCEXQB-QFIPXVFZSA-N,1,,0
HACFIQPIDCCMMT-FQEVSTJZSA-N,1,,0
JCSJNNBJTFWLCL-UHFFFAOYSA-N,1,,0
FZRJIKQGMGQNFB-UHFFFAOYSA-N,1,,0
QETRGFJTEVVJTC-UHFFFAOYSA-N,1,6.721246399047171,1
VXTVAYBBRGJBTM-IYBDPMFKSA-N,1,8.299988937677888,2
BXMAUYLPKMKSFP-HNNXBMFYSA-N,1,8.299988937677888,1
VQHDFSMAHHFXEB-MXVIHJGJSA-N,1,,0
NTJOBXMMWNYJFB-UHFFFAOYSA-N,1,7.899974269892137,1
DDLKKLRIFBJGAF-UHFFFAOYSA-N,1,8.292429823902063,1
KWTGONUBRLGXTE-UHFFFAOYSA-N,1,8.292429823902063,1
NTVYYBXYUYDMTO-UHFFFAOYSA-N,1,,0
ACOZPXLCYUQMHS-UHFFFAOYSA-N,1,,0
ZJQBHEYWXVCZGD-UHFFFAOYSA-N,1,8.288705080074259,2
VBQQFCSDLTVNFZ-UHFFFAOYSA-N,1,,0
HHUBBKQNDFELCT-UNMCSNQZSA-N,1,8.2839966563652,1
BCTPODDQZONFKA-UHFFFAOYSA-N,1,8.2839966563652,1
IPVPEZGOUYWZAJ-UHFFFAOYSA-N,1,8.2839966563652,1
UBEFEBGEUSHFSH-UHFFFAOYSA-N,1,8.2839966563652,1
XURAMCXXLDOPJF-UHFFFAOYSA-N,1,,0
MMWFSCPVPRCGOG-UHFFFAOYSA-N,1,8.282329496997738,1
RHHXXLIDDWPLIK-ZDUSSCGKSA-N,1,8.280006173632396,1
WIJVLCXKSPDTFW-UHFFFAOYSA-N,1,,0
FWACCHRUKMDWQL-ZWXJPIIXSA-N,1,,0
LWSDEDAXDVTMTG-MRXNPFEDSA-N,1,8.275724130399212,1
YNLUQPIXLUASOD-UHFFFAOYSA-N,1,8.275724130399212,1
QOUKQMLUTNKYNS-UHFFFAOYSA-N,1,8.275724130399212,1
MBWYSJMSOMZNFK-KNGAYFSHSA-N,1,,0
HFXHNRQNXGVDMC-IYARVYRRSA-N,1,,0
LDAHGSIPSNYPMF-UHFFFAOYSA-N,1,,0
KYUNAQGKQDNERM-UHFFFAOYSA-N,1,,0
SREQHVVABVWCKT-APWZRJJASA-N,1,,0
MTISNBALOIDBIX-UHFFFAOYSA-N,1,,0
QOTYCLIFPPZNAZ-UHFFFAOYSA-N,1,8.270025714300445,2
FJUKDAZEABGEIH-UHFFFAOYSA-N,1,8.522878745280337,1
ITYXRJDDBZMFAY-UHFFFAOYSA-N,1,8.267606240177031,1
BRSSDADOMRUGSY-RUCARUNLSA-N,1,8.267606240177031,1
PMQRGOWDOYXFIQ-UHFFFAOYSA-N,1,,0
FFGFZIDXGSOSHZ-UHFFFAOYSA-N,1,,0
HWSOAPGUROKPOX-MXVIHJGJSA-N,1,8.263621775341393,2
XPOOQWFDTCQYTN-UHFFFAOYSA-N,1,8.26318353656308,2
LYIVOAYWRLVRGJ-UHFFFAOYSA-N,1,,0
VNARQPRRKFLRCA-UHFFFAOYSA-N,1,8.260427655549908,1
ZMXMHHBSWXBDPL-UHFFFAOYSA-N,1,,0
WPPXGSPIOUEOGW-NSHDSACASA-N,1,8.260032303240491,1
LIFHVPXIKLLTMH-UHFFFAOYSA-N,1,8.259637310505756,1
NVDBBGBUTKLRSN-UHFFFAOYSA-N,1,8.259637310505756,1
NRCXEKMXTNZWIS-UHFFFAOYSA-N,1,,0
WEMWEQGYQWENGE-UHFFFAOYSA-N,1,,0
VWXWDHIJTXVFHJ-UHFFFAOYSA-N,1,,0
XFLDRFXADAYJDR-CVDCTZTESA-N,1,,0
YZFYEFKQLBLPFJ-ALOJWSFFSA-N,1,8.2518119729938,1
UNGWGGUPRUDQFM-PHTYHVAFSA-N,1,8.2518119729938,1
SVLOMAHKFFJJIC-UHFFFAOYSA-N,1,8.2518119729938,1
HQRNKAQTZUDDEM-UHFFFAOYSA-N,1,,0
OCNUPGFDBUFRFR-UHFFFAOYSA-N,1,,0
NZMXNCUJPVJYBC-JTQLQIEISA-N,1,8.250031916490597,1
FHTQWEHAVYFMHP-KRWDZBQOSA-N,1,,0
ADGRZRHCVXPKAN-UHFFFAOYSA-N,1,,0
UOSSMYDHMWQSDB-UHFFFAOYSA-N,1,,0
DATNAXXQOLNOOK-UHFFFAOYSA-N,1,8.244526525663513,4
WQFGYARLKCXPCQ-WGSAOQKQSA-N,1,8.244125144327509,1
GLHCMRRMBLASQA-UHFFFAOYSA-N,1,8.244125144327509,1
OCWPTCQPXOGOJA-UHFFFAOYSA-N,1,8.244125144327509,1
IHIMEHQDIJSRNN-UHFFFAOYSA-N,1,8.222392297436963,2
CMIREZHKYCLJMD-UHFFFAOYSA-N,1,8.2420498378624,2
SWZJPLIVZNKLDQ-AFARHQOCSA-N,1,,0
PFCBMQJUWYAJDO-UHFFFAOYSA-N,1,8.24033215531037,1
WOOHCDFWINCKHH-OCEACIFDSA-N,1,,0
FOJAWPAIUACMCV-ZJBHJZIXSA-N,1,,0
DQQCWQGYIUCCKR-UHFFFAOYSA-N,1,8.236572006437063,1
AEEFPFZMNZVYPW-UHFFFAOYSA-N,1,8.236572006437063,1
ADVQAEICXAHZOY-IPJJNNNSSA-N,1,,0
IXCPWQZWEFUJGL-WGSAOQKQSA-N,1,,0
LRGUWRTXRZZYBQ-UHFFFAOYSA-N,1,,0
HYCZAQRZEQWOCT-UHFFFAOYSA-N,1,8.23582386760967,1
GXSDXKGIICWKIF-TZIWHRDSSA-N,1,8.229147988357855,1
RAPZEAPATHNIPO-UHFFFAOYSA-N,1,8.324682195870523,14
RHPCETHLGGFAQB-MQSINFNDSA-N,1,8.229147988357855,1
VKHDCWQCGOAHKV-UHFFFAOYSA-N,1,8.229147988357855,1
UYNUCJCNGKHTNG-UHFFFAOYSA-N,1,8.229147988357855,3
OXTPXLOHKYZFSF-SNAWJCMRSA-N,1,8.229147988357855,1
IDTLNOOYTVGUDL-ZWOKBUDYSA-N,1,,0
NZDOOXVGZXZEHJ-UHFFFAOYSA-N,1,8.228412519118745,1
LNAQGJPALKPMLJ-UHFFFAOYSA-N,1,8.22767829327708,1
UILMTLNPQHNZIS-UHFFFAOYSA-N,1,8.22767829327708,1
HDSVSOQGJMTVCW-UHFFFAOYSA-N,1,8.226213555018806,1
AMCGNHPMLVBAQK-UHFFFAOYSA-N,1,,0
YMYUWKBPKXTFOI-WDNSJAFCSA-N,1,8.223298816011589,1
YFCLKFMYEUGDOO-KESTWPANSA-N,1,,0
KFWGIYRNIFINTL-MXVIHJGJSA-N,1,8.221848749616356,1
CHELUMIQBPPRGN-KESTWPANSA-N,1,8.221848749616356,1
QVMGHXPGUROPFY-UHFFFAOYSA-N,1,8.221848749616356,1
CXZDAMKDHUXFMW-UHFFFAOYSA-N,1,8.221848749616356,1
ZBUMCITULAAXBQ-UHFFFAOYSA-N,1,8.221848749616356,1
PZKFEDNPDKFAPL-UHFFFAOYSA-N,1,8.221848749616356,1
HKXKURPRSDNOEE-UHFFFAOYSA-N,1,8.221848749616356,1
UMUJLLXUJDETSQ-DEOSSOPVSA-N,1,,0
WFZGNCZPMNZWQB-JOCHJYFZSA-N,1,,0
FCLHHKLNBKMBPS-UHFFFAOYSA-N,1,8.220765718738102,2
CVXZPSGNMNHGGT-UHFFFAOYSA-N,1,,0
VQMDEMJGEQRPDH-UHFFFAOYSA-N,1,8.219449308175472,2
CWVVNHIKQCMQOH-UHFFFAOYSA-N,1,,0
KMWWIPJCECUZFY-XSUJLISDSA-N,1,8.216793039689922,8
RFIMVYUKZRXUJB-UHFFFAOYSA-N,1,8.214670164989233,2
UXMSMPLWAVJIOJ-OWOJBTEDSA-N,1,8.214670164989233,1
CKLAPTDGXNWXQT-UHFFFAOYSA-N,1,8.214670164989233,1
RUARTZMULZTFHQ-UHFFFAOYSA-N,1,,0
GWOIEWDIINTVPJ-UHFFFAOYSA-N,1,,0
QTDHTTNBIMOVCI-BRNYJPRKSA-N,1,,0
FPVHORFNDSKMPV-UHFFFAOYSA-N,1,,0
ZKIAIYBUSXZPLP-UHFFFAOYSA-N,1,,0
XPOABVKSLRGZDM-UHFFFAOYSA-N,1,8.209082037971175,2
LCNOMCCKMYRJLA-UHFFFAOYSA-N,1,8.208802395055628,2
ARPHSPFYEOAIMK-UHFFFAOYSA-N,1,,0
RXCVDBZASONCNP-LJQANCHMSA-N,1,8.207608310501746,1
HDTSSQFZHKNWGP-UHFFFAOYSA-N,1,,0
KBBXDMBHEZSWNU-UHFFFAOYSA-N,1,,0
IHWMDXVSMHTLOY-UHFFFAOYSA-N,1,,0
JCSREICEMHWFAY-UHFFFAOYSA-N,1,8.204815410317575,1
RSAQDZVYAIXCFK-MEMLXQNLSA-N,1,8.200659450546418,1
OTEFKTISRAMNKM-WTLQVUHWSA-N,1,8.200659450546418,1
ACJNHQLAGNWKBM-UHFFFAOYSA-N,1,8.200659450546418,1
KWZBJWOQFABHPF-UHFFFAOYSA-N,1,,0
JVPFEJREBIUBMB-UHFFFAOYSA-N,1,,0
ORDRIDLDACAQJO-IPJJNNNSSA-N,1,,0
BVRQFYBVYHOVEQ-RHDGDCLCSA-N,1,,0
RULOOZJTFYDVKV-UHFFFAOYSA-N,1,8.200315045651141,2
QSJWHLQITDTDHF-UHFFFAOYSA-N,1,,0
XQVMSBNONFRXFN-UHFFFAOYSA-N,1,8.199975549190537,2
DJYCHIVFEYCSOS-UHFFFAOYSA-N,1,8.199970640755865,1
UNRHXEPDKXPRTM-UHFFFAOYSA-N,1,8.199970640755865,1
JCSREICEMHWFAY-HUUCEWRRSA-N,1,8.199970640755865,9
HUBNPWLMVNJPBW-UHFFFAOYSA-N,1,8.199970640755865,1
NAAVWXMUUSRPCW-UHFFFAOYSA-N,1,8.199970640755865,1
DRRONPWFEYCYOF-UHFFFAOYSA-N,1,,0
XSKRLZXLIVVXHO-UHFFFAOYSA-N,1,,0
YBEUIAYJOLGULC-CYBMUJFWSA-N,1,8.196009925841542,2
KVJXXDNXTCGJKY-BRNYJPRKSA-N,1,,0
KVQQVUQXVQANFT-GRGXKFILSA-N,1,,0
DEYFWGXTPWNADC-IBGZPJMESA-N,1,8.18837535480105,2
SPBIQVBLOPVLFL-XUTJKUGGSA-N,1,,0
HMFWWORRYDWEDS-UHFFFAOYSA-N,1,8.187086643357144,1
MBJIMEPOUWVXCI-KESTWPANSA-N,1,8.187086643357144,1
NLKZCVSXHKODTA-UHFFFAOYSA-N,1,8.187086643357144,1
YDOILAGGRVCPSJ-VJMAFPLCSA-N,1,,0
QJQGXSIIXMKXJC-UHFFFAOYSA-N,1,,0
GXAWEOGMNHTNSL-ONEGZZNKSA-N,1,8.18045606445813,1
MBYOOAKPAWQCID-UHFFFAOYSA-N,1,8.18045606445813,1
HAZSBPWUMWZBDC-UHFFFAOYSA-N,1,,0
FKPNKWMJMHRBGE-UHFFFAOYSA-N,1,8.174167198038532,2
NBJNMUDPZNPIDT-LJQANCHMSA-N,1,8.173925197299173,1
VRRJFCMGNMFNOE-ARLHGKGLSA-N,1,8.173925197299173,1
OGGBZQYMCSUKHZ-FQEVSTJZSA-N,1,8.173925197299173,1
BBLSPFIVZYOCKM-UHFFFAOYSA-N,1,8.173925197299173,1
JVGBTTIJPBFLTE-UHFFFAOYSA-N,1,,0
GZSCSKUGXORHGO-UHFFFAOYSA-N,1,,0
QVVUXZWJNUQUIQ-AQYVVDRMSA-N,1,,0
NLDBOKLMUAUKIM-UHFFFAOYSA-N,1,7.770062314092066,1
ADFNMOVNQSHFOR-RUCARUNLSA-N,1,,0
SPMVURQMVHUPOT-UHFFFAOYSA-N,1,8.167491087293763,1
SVXBXQKSARCENJ-UHFFFAOYSA-N,1,,0
NYXWLYUNZBLYDF-UHFFFAOYSA-N,1,8.166852888087215,1
HGGGQDUQWZFLPR-UHFFFAOYSA-N,1,,0
SWMWIPKNFRXYGJ-UHFFFAOYSA-N,1,,0
DHOCETPWLQILEE-SNAWJCMRSA-N,1,8.165388063034598,4
YZIXUQBOLGXTJS-UHFFFAOYSA-N,1,8.161150909262744,3
PHYZGDXXTSQZSF-GUIFLLHJSA-N,1,,0
OFGVTQBDSWPSFF-UHFFFAOYSA-N,1,,0
YIUMSISCOUIOHZ-UHFFFAOYSA-N,1,8.159379381312206,2
NMCWBWWFIBBNDM-VQIMIIECSA-N,1,8.154901959985743,1
VRRJFCMGNMFNOE-ZIAGYGMSSA-N,1,8.154901959985743,3
GUYDMNDOMIQYML-UHFFFAOYSA-N,1,8.154901959985743,1
BCTPODDQZONFKA-CQSZACIVSA-N,1,8.154901959985743,1
HEKVAXCQMOFXKK-UHFFFAOYSA-N,1,8.154901959985743,1
NBHPRWLFLUBAIE-UHFFFAOYSA-N,1,8.154901959985743,1
GGVSMYIRKIXVCG-OAQYLSRUSA-N,1,,0
ATEBFGWCGSVURN-UHFFFAOYSA-N,1,,0
FGEAKGKYBVSAPW-UHFFFAOYSA-N,1,,0
ZHPOMVVVPOMELJ-UHFFFAOYSA-N,1,,0
WLAAUSCDSXYHAZ-FCHUYYIVSA-N,1,,0
UJVQLQPURJLGHG-UHFFFAOYSA-N,1,8.151195298948196,1
ZDHMIAFTJQSDLK-VIFPVBQESA-N,1,8.15002808767115,1
HVSRNYNPOUFDNJ-UHFFFAOYSA-N,1,8.149993039103236,2
WBZRGAFDKQUGFB-UHFFFAOYSA-N,1,8.14996674231023,1
JVZCJQBRRXZMQR-OXQOHEQNSA-N,1,8.148741651280925,2
LPZBJVXNLCRBGB-UHFFFAOYSA-N,1,8.148741651280925,1
YBCFDDCJLZVHPZ-UHFFFAOYSA-N,1,8.148741651280925,1
IDKIRFAIRCIGSS-FQEVSTJZSA-N,1,8.148741651280925,3
JQHNICFXWDNWAO-UHFFFAOYSA-N,1,,0
XQOLXGFKFIWXQP-UHFFFAOYSA-N,1,,0
NECJNLXOJRDELU-UHFFFAOYSA-N,1,8.147959075873942,2
QKOGYUWOPZFTRE-MXVIHJGJSA-N,1,,0
ICGNIALTNZWGJF-FLFKKZLDSA-N,1,8.142667503568731,1
DYWYWIOQKKRAST-AWEZNQCLSA-N,1,8.142667503568731,2
JCZNKERBZDGLBM-UHFFFAOYSA-N,1,,0
ATPCXZFSRSVMMW-UHFFFAOYSA-N,1,,0
LQSRXUCPMMXTPD-UHFFFAOYSA-N,1,,0
KRHWCJYTVWDZJO-LEWJYISDSA-N,1,,0
GRLCSEWTOACLTP-UHFFFAOYSA-N,1,8.138683038733094,2
JNBBJUHCODFLEG-UHFFFAOYSA-N,1,8.136677139879545,1
XRYLGRGAWQSVQW-QGZVFWFLSA-N,1,8.136677139879545,1
YPZLXCVTFSPQSS-UHFFFAOYSA-N,1,8.136677139879545,1
CDONPRYEWWPREK-UHFFFAOYSA-N,1,8.136677139879545,3
PJTUVEVWHJIBQJ-RPWUZVMVSA-N,1,,0
YWGNZIZBLUVIEC-GYXLRUHFSA-N,1,8.136082623042139,1
HVRAFUMMICTAKQ-UHFFFAOYSA-N,1,,0
PKJVDKUHFZYEMN-UHFFFAOYSA-N,1,8.133803120088515,2
PIHOPECZMJBZBU-UHFFFAOYSA-N,1,8.132532512140948,1
LFOIYGHYJZAMLX-MXVIHJGJSA-N,1,,0
QGSXNUMUNVVREL-XUTJKUGGSA-N,1,8.130768280269024,1
GXOXNWXNCBKFTM-MEMLXQNLSA-N,1,8.130768280269024,1
TYHIPEJQVKIDKD-ONEGZZNKSA-N,1,8.130768280269024,1
NXIWXBJHNOSEDP-UHFFFAOYSA-N,1,8.130768280269024,1
ODTODLDORHJDOK-UHFFFAOYSA-N,1,8.130768280269024,1
FCAUWCISADYVAP-UHFFFAOYSA-N,1,,0
RTBMOTWSSZKVDC-RBUKOAKNSA-N,1,,0
SCTHKCGXMXTKHG-UHFFFAOYSA-N,1,8.131355561605174,1
DSVHLIGWQYXIBW-RBUKOAKNSA-N,1,,0
FXGOLDWNFWPLKN-UHFFFAOYSA-N,1,,0
JSGNRGPOORCANZ-SDNWHVSQSA-N,1,,0
DHOCETPWLQILEE-PLNGDYQASA-N,1,8.125518182300533,3
JFNOMZIRJGWDKM-SNAWJCMRSA-N,1,8.1249387366083,1
LYJPWWDACSDFEZ-UHFFFAOYSA-N,1,8.123205023799299,1
AODRELZHCYHJFT-XLIONFOSSA-N,1,,0
HNLPCBJRLMCWJQ-UHFFFAOYSA-N,1,,0
HAAICBIKCYZOKA-UHFFFAOYSA-N,1,,0
YSDJOZOLDISODG-KYJUHHDHSA-N,1,,0
JPHKDUYQNMPCRA-UNMCSNQZSA-N,1,8.113509274827518,1
ZYJQELHTQSMKFH-UHFFFAOYSA-N,1,,0
IPSCKONIPWPNAA-VQTJNVASSA-N,1,,0
PAFFIIDFWMXKOD-UHFFFAOYSA-N,1,8.113106777509403,4
WRNAXPBXLHSIHF-ZDUSSCGKSA-N,1,8.110026361596004,1
ZLBHXUMEHKLNDW-UHFFFAOYSA-N,1,,0
OEJDOSDQLNSUBL-UHFFFAOYSA-N,1,8.10790539730952,1
JVGOJMPFDKELFD-UHFFFAOYSA-N,1,8.10790539730952,1
IDKIRFAIRCIGSS-HXUWFJFHSA-N,1,8.10790539730952,3
NJTCYGAQRADUAS-UHFFFAOYSA-N,1,8.10790539730952,1
KQBMPESAVRFKMZ-UHFFFAOYSA-N,1,,0
JGZRPGFDKODUGU-UHFFFAOYSA-N,1,,0
GOPOBAVSYNADGN-UHFFFAOYSA-N,1,,0
SWEZRIWMOXWKPT-UHFFFAOYSA-N,1,8.102972185860402,4
PASOWIIUVYLHIV-BYYHNAKLSA-N,1,,0
WLQQYOGZZSJJST-GOSISDBHSA-N,1,8.100015437450608,1
DYDVACJMXCMPDV-UHFFFAOYSA-N,1,8.100015437450608,1
QHUAVXDRCSLDHT-UHFFFAOYSA-N,1,8.100015437450608,1
RWJCXWVQRSSDLR-UHFFFAOYSA-N,1,8.100015437450608,1
CNYTYKJCKVUZFG-UHFFFAOYSA-N,1,8.100015437450608,1
MNKNLCYNBZXMAQ-JTQLQIEISA-N,1,8.100015437450608,1
JERZBICCWPTZQV-UHFFFAOYSA-N,1,8.098281685211761,4
TUVRDSTTWFDDHW-UHFFFAOYSA-N,1,8.096910013008056,1
YEBWFZBYQOGEEH-UHFFFAOYSA-N,1,8.096910013008056,2
UGPOUXCBUMYZLN-VAWYXSNFSA-N,1,8.096910013008056,1
DEHCRGUCEKMKFX-OWOJBTEDSA-N,1,8.096910013008056,1
KWRGIOCXQHUGEL-UHFFFAOYSA-N,1,8.096910013008056,1
NATFNVDYLPURMJ-UHFFFAOYSA-N,1,8.096910013008056,1
VJQGVOVLQSAUIL-LJQANCHMSA-N,1,8.096910013008056,1
YVYNLGNFOSLQJL-UHFFFAOYSA-N,1,8.096910013008056,1
ZGPMTEINYPKUKN-SFHVURJKSA-N,1,8.096910013008056,1
HNYKNGYYMXLUFG-UHFFFAOYSA-N,1,8.096910013008056,1
HKOJNCZKZSYFEQ-LJAQVGFWSA-N,1,8.096910013008056,3
RAYWFVBTQQRRAT-UHFFFAOYSA-N,1,8.096910013008056,1
VWSIRRGCSLAFGS-UHFFFAOYSA-N,1,,0
XTHNKXHWYMMNTD-OAQYLSRUSA-N,1,,0
CPJKSKGAJPQEPQ-UHFFFAOYSA-N,1,,0
CYVSYTNDELGUJS-UHFFFAOYSA-N,1,,0
PHKMWKWTHXWZLN-GENNJICVSA-N,1,8.096367483915762,1
FEFFZKPQSVTBAY-UHFFFAOYSA-N,1,,0
LXQVLPLVRFYQOL-UHFFFAOYSA-N,1,,0
KVZSNZYKLPCLCR-UHFFFAOYSA-N,1,8.09151498112135,1
PVVDKVCBIPGTQT-UHFFFAOYSA-N,1,8.09151498112135,1
BWSYDGBUARPSLW-UHFFFAOYSA-N,1,8.09151498112135,1
ROIODKFPKIFWND-UHFFFAOYSA-N,1,8.09151498112135,3
PELJKMLXUPTOKG-UHFFFAOYSA-N,1,,0
OCLIVVKGXAOVNC-UHFFFAOYSA-N,1,7.659952682338607,1
RWNKNDBSFFMYLR-FFAHUNIMSA-N,1,8.089375595110798,1
UNVVHHGPERKXNQ-UHFFFAOYSA-N,1,,0
JGEMKKMKVJVVKF-UHFFFAOYSA-N,1,8.086186147616283,1
KXRNXSYVAAEIGF-XLIONFOSSA-N,1,,0
BPPQBAPLPIUPNT-UHFFFAOYSA-N,1,8.08460016478773,1
POZXHKGYVSZVAB-UHFFFAOYSA-N,1,8.08374554364688,2
QBXXUIOGPPBTJN-UHFFFAOYSA-N,1,7.580044251510242,1
PEIASVYGZCGDSL-UHFFFAOYSA-N,1,,0
INDXRHKLECFZHX-UHFFFAOYSA-N,1,8.08136364874885,2
AYFPLBIYHZLNPS-UHFFFAOYSA-N,1,8.080921907623926,1
UVIRMXOGFYHFJB-UHFFFAOYSA-N,1,8.080921907623926,1
XRIVHXPJBXAZDT-UHFFFAOYSA-N,1,,0
GWGWCDFVSGWHNI-VQTJNVASSA-N,1,,0
LUILVQGAFGGMCT-LEWJYISDSA-N,1,,0
UVEHPRQRFSJENI-NSHDSACASA-N,1,8.079981083971084,1
NHDHOZYKTMAVEE-QGZVFWFLSA-N,1,,0
DTZMACLKKFGKBX-UHFFFAOYSA-N,1,,0
JFBMKPAJRCILMR-UHFFFAOYSA-N,1,,0
ODOYBDHNDVPBSP-UHFFFAOYSA-N,1,,0
JMPUAGQQRFXFOX-ZWKOTPCHSA-N,1,,0
XPILIRKQJUBSIN-ROUUACIJSA-N,1,,0
BNXCPAVJSMMVPU-UHFFFAOYSA-N,1,,0
CFQKEDUZBWAPMC-UHFFFAOYSA-N,1,,0
CAQUTUYOOHXKBM-UHFFFAOYSA-N,1,8.072725532093525,2
VRRJFCMGNMFNOE-UONOGXRCSA-N,1,8.070581074285707,1
VRRJFCMGNMFNOE-UHFFFAOYSA-N,1,8.070581074285707,1
JCSREICEMHWFAY-HGCGQDOSSA-N,1,8.070581074285707,1
SHFBSNNAMYYULF-UHFFFAOYSA-N,1,,0
SJBGEHWYHKHGEN-MXFAZZQHSA-N,1,,0
ZKEUFSFPGJUPGF-UHFFFAOYSA-N,1,,0
NCRYSYHONVWYKZ-UHFFFAOYSA-N,1,,0
FJGIJPVLRUOQFB-WGSAOQKQSA-N,1,,0
NXKXZXNNWRYXRE-UHFFFAOYSA-N,1,,0
IHIVDYNEPGPRDS-UHFFFAOYSA-N,1,,0
QCIZDOBRHYWEBN-UHFFFAOYSA-N,1,8.066006836168757,1
UZSMYCXKQUZNLV-UHFFFAOYSA-N,1,8.065501548756432,1
RZHBTLSHMLRZGG-UHFFFAOYSA-N,1,8.065501548756432,1
DSJIJDFJKQAXLN-UHFFFAOYSA-N,1,8.065501548756432,1
QCALWRVXYCHRSG-AZUAARDMSA-N,1,,0
VWHNWZZZFGWTTI-MXVIHJGJSA-N,1,,0
QXTCIQSORSSPSR-UHFFFAOYSA-N,1,8.060480747381382,1
DXVUFDJAEHWWRG-QGZVFWFLSA-N,1,8.060480747381382,1
GCISKOCCNUBHDG-UHFFFAOYSA-N,1,8.060480747381382,1
FKKQLJVJIIRDRI-UHFFFAOYSA-N,1,8.060480747381382,1
XLBCSWQHJMLCPP-UHFFFAOYSA-N,1,,0
JTLCTTWVUAIQHD-UHFFFAOYSA-N,1,8.059981844992336,2
ZQMWIMXUDSTEFT-NSHDSACASA-N,1,8.059981844992336,1
PRHPXINWHDFVQT-UHFFFAOYSA-N,1,,0
AMJCGARHMZJBKQ-UHFFFAOYSA-N,1,8.05987911205226,2
NEDWSVCVHMJKSZ-UHFFFAOYSA-N,1,8.057319389984244,2
DMWOAPDORNWCNR-UHFFFAOYSA-N,1,,0
HUTRNXILWVFUDE-UHFFFAOYSA-N,1,8.056505484093897,1
GHABYTRYIMZJAW-SFTDATJTSA-N,1,8.05551732784983,1
WWABSSMRPUCUEJ-UHFFFAOYSA-N,1,8.05551732784983,2
JICSUTQEGNUBOG-UHFFFAOYSA-N,1,8.05551732784983,1
VCVHOTMCZLRSOP-OWOJBTEDSA-N,1,8.05551732784983,1
OJONWBFOVMXDLK-AQYVVDRMSA-N,1,,0
YCNGRVYOTGGUSQ-UHFFFAOYSA-N,1,,0
UUXJEWIMBQSYJG-UHFFFAOYSA-N,1,8.053056729302174,1
LUZRJRNZXALNLM-JGRZULCMSA-N,1,,0
VSWBSWWIRNCQIJ-UHFFFAOYSA-N,1,,0
UXEHMYRJTUKZNV-WGSAOQKQSA-N,1,,0
PNDDOSJAKNIYIV-QAQDUYKDSA-N,1,,0
WVWFPNBJDFSYGW-QGZVFWFLSA-N,1,,0
MIXXVGJQYQTQIC-UHFFFAOYSA-N,1,8.049635145623878,1
FHPIXVHJEIZKJW-UHFFFAOYSA-N,1,8.045757490560675,1
RGVJFPMOLSXLGJ-UHFFFAOYSA-N,1,8.045757490560675,1
PKONVMZWQJFPLP-UHFFFAOYSA-N,1,8.045757490560675,1
ZBISUMKKQFCYDI-UHFFFAOYSA-N,1,8.045757490560675,1
UZRQUYOHSFAJFG-UHFFFAOYSA-N,1,8.045757490560675,1
VBTKDYSXDUNEIG-UHFFFAOYSA-N,1,,0
XDVPBSXXZFHLIM-IBGZPJMESA-N,1,,0
RQRAPENOPIVCKK-UHFFFAOYSA-N,1,,0
XVXFSBQMSJKQKG-UHFFFAOYSA-N,1,,0
NKPZUJWHJYTWEE-UHFFFAOYSA-N,1,,0
NAYDGZDOLSSMTQ-UHFFFAOYSA-N,1,,0
UWMMCCDYCWFBFZ-UHFFFAOYSA-N,1,8.045275209020938,1
URVMQMKGIVIILI-UHFFFAOYSA-N,1,,0
UIIYRSHAVQCSGP-UHFFFAOYSA-N,1,8.040958607678906,1
ZHUCAIBXMOFDCR-UHFFFAOYSA-N,1,8.040958607678906,1
AUSFXKQDZJPCTA-UHFFFAOYSA-N,1,,0
KUBIIYUHICAQBT-UHFFFAOYSA-N,1,8.040481884675245,2
RDXPMJJNBGHREI-QGZVFWFLSA-N,1,,0
BYVRVQNZFICZEB-OAQYLSRUSA-N,1,8.03919317323134,2
QPVGNXJYLPJOIQ-RQNOJGIXSA-N,1,,0
LFCSRKWDQRKALF-UHFFFAOYSA-N,1,8.036212172654444,1
QQDFACWEWNJZLW-UHFFFAOYSA-N,1,,0
QDXLLGQCGFUDMI-UHFFFAOYSA-N,1,8.034016942635914,2
GSLQHAXMHUNKAF-UHFFFAOYSA-N,1,8.031517051446064,1
NPATVCXCHCPFCB-OAHLLOKOSA-N,1,8.031517051446064,1
XDVASEGAPAKNCG-UHFFFAOYSA-N,1,,0
KSDFLICEBJWAMA-INIZCTEOSA-N,1,,0
OHGZIKVFWPQXNG-UHFFFAOYSA-N,1,8.031050319018657,1
MUPRCNAECHSDLY-UHFFFAOYSA-N,1,,0
ISZRKPYLQLBFHP-UHFFFAOYSA-N,1,,0
LGNQDGZEDYGQHO-UHFFFAOYSA-N,1,,0
RBXWTIUJXQLTFC-XZWHSSHBSA-N,1,,0
WNBAUVLDXSOKMM-MXVIHJGJSA-N,1,,0
SQYPQMRQPRGYNU-UHFFFAOYSA-N,1,8.02502800570193,1
GXSDXKGIICWKIF-FPOVZHCZSA-N,1,8.022878745280337,2
NPWPDDLAKMBGPN-CYYJNZCTSA-N,1,,0
WGMYZADUDVJWCW-ZHACJKMWSA-N,1,8.022276394711152,1
AXDIUCNCCQGFAR-UHFFFAOYSA-N,1,8.022276394711152,1
XJPIMYAKYUJUQV-UHFFFAOYSA-N,1,,0
UXATXHBJCKNDIU-XZOQPEGZSA-N,1,,0
HEKOGNYDDZRAAJ-UHFFFAOYSA-N,1,7.849857838151442,1
RBTSCAZNUBZVQW-YURCPOFCSA-N,1,,0
XMDALBYMLNOLMP-UHFFFAOYSA-N,1,8.020451625295905,1
PWAMOODUNUXEIM-RHDGDCLCSA-N,1,,0
MLTDYDQBGQSVJK-LSTHTHJFSA-N,1,,0
NXJNUASOAQRPKJ-UHFFFAOYSA-N,1,8.01919454595436,2
HXSZWCAHOHIEOA-UHFFFAOYSA-N,1,8.017728766960431,1
DSNSWHGDQTZOTM-IYARVYRRSA-N,1,,0
JPIZEYQLWAJSNQ-BTYSMDAFSA-N,1,,0
SLPNWORIUMAUFP-UHFFFAOYSA-N,1,,0
PFLVUDAFKXUKEV-UHFFFAOYSA-N,1,8.017399149487044,2
NAYOORQZOBSVOI-UHFFFAOYSA-N,1,,0
UYYFSAYTJHQCKJ-SNJMGREUSA-N,1,8.013676222949234,1
ANOQJCMMWZANCH-UHFFFAOYSA-N,1,8.01343607320015,2
DWUAAOIZQFTYQP-UHFFFAOYSA-N,1,8.013228265733755,1
WAIZFEIVFOBJJX-UHFFFAOYSA-N,1,,0
AXFCFTMMGTUXSG-XYWHTSSQSA-N,1,,0
KHTVRVDYYAMNRK-UHFFFAOYSA-N,1,8.008773924307505,1
VMRWCUCWOOVEQE-UHFFFAOYSA-N,1,,0
OBKOPYWWTQOWFZ-MTIDIVMFSA-N,1,,0
NRCRTBZRIJXRCY-FIKGOQFSSA-N,1,,0
JPZJTCUPRQKHCW-UHFFFAOYSA-N,1,8.006123085058789,1
UXWALGMIUORAAM-UHFFFAOYSA-N,1,,0
CDDJQUNDXVDPCR-UHFFFAOYSA-N,1,,0
POVCSYONXDMZKL-DEOSSOPVSA-N,1,,0
QCKWKKZGPZWWFN-UHFFFAOYSA-N,1,8.0,1
BPVPGWYXQNAFMV-IEBWSBKVSA-N,1,8.0,1
GFAWBYQCJNZYGH-WGSAOQKQSA-N,1,8.0,1
WDHYFDZSQKSUCX-WGSAOQKQSA-N,1,8.0,1
NKONARVCMJMDHP-UHFFFAOYSA-N,1,8.0,1
JAYLRXXYDXFRKF-OUKQBFOZSA-N,1,8.0,1
VQTOIKFNTAKXCR-UHFFFAOYSA-N,1,8.0,1
LLBLNMUONVVVPG-UHFFFAOYSA-N,1,8.06246936830415,8
XPSGDPNMACULHA-UHFFFAOYSA-N,1,8.0,1
CUMDYMGWFWPPEV-UHFFFAOYSA-N,1,8.0,1
NLSPQUQPIZRWLB-UHFFFAOYSA-N,1,8.0,1
SDVHBQOFRVWVQH-UHFFFAOYSA-N,1,8.0,1
DLLULNTXJPATBC-UHFFFAOYSA-N,1,8.0,1
FYHDUYJHKIWKCX-UHFFFAOYSA-N,1,8.0,1
PHCUGENQVJPTLC-UHFFFAOYSA-N,1,8.0,1
ZUJPXZIUFHGAJI-UHFFFAOYSA-N,1,8.0,1
PWEZBNRZEHPIIQ-JTQLQIEISA-N,1,8.0,1
NWTFCLNCCNYNPB-UHFFFAOYSA-N,1,8.0,1
GTWOHZJMQWACQH-NRFANRHFSA-N,1,8.0,1
BYNOKCOVEBNKRF-MRXNPFEDSA-N,1,8.0,1
DGEARUMAQJGDTJ-UHFFFAOYSA-N,1,,0
FQEKHPKAOCFEHM-UHFFFAOYSA-N,1,,0
KZEYXTUKYCDDAJ-UHFFFAOYSA-N,1,,0
JJDMYYLIPNQZQN-UHFFFAOYSA-N,1,,0
ACSUMENHCIMTQG-QHCPKHFHSA-N,1,,0
UBJZOEGGDIOBGH-FQEVSTJZSA-N,1,,0
OBMAVWKQHQVNAR-UHFFFAOYSA-N,1,,0
ZNOLNAPJKOYTHY-UHFFFAOYSA-N,1,,0
ZWXUIJOENHRFLU-UHFFFAOYSA-N,1,,0
QEUWXRKGMNJLQY-UHFFFAOYSA-N,1,,0
RTVQLAGHMGMPSS-UHFFFAOYSA-N,1,,0
BRSILCSYDNFMAA-UHFFFAOYSA-N,1,,0
CWWBESFKDFTCAO-ONEGZZNKSA-N,1,7.995678626217357,1
DZQJENLKOBURPM-XZOQPEGZSA-N,1,,0
RLRPUCNVCZCTRG-VQTJNVASSA-N,1,,0
FPLHVKDUVQOWKV-UHFFFAOYSA-N,1,,0
HFOIDKHQFBQZMF-UHFFFAOYSA-N,1,7.994850021680094,2
CENKWGKLFBMCTM-ONEGZZNKSA-N,1,7.991399828238082,1
AXOOPBWOJVOGHK-UHFFFAOYSA-N,1,7.991399828238082,1
YVJKQMXANLEZJO-PKNBQFBNSA-N,1,7.987162775294828,1
ZFCBHUHHDNYZEU-UHFFFAOYSA-N,1,7.987162775294828,1
FFUYAMBLAURQHK-UHFFFAOYSA-N,1,,0
NAZPPIPSJUCMAI-GGQJSIIWSA-N,1,7.986320302708807,1
OVQXIVRARLGKOO-QPXUXIHVSA-N,1,7.982966660701219,1
DWUAAOIZQFTYQP-MRXNPFEDSA-N,1,7.982966660701219,10
LDYKPEZBHFCCGD-UHFFFAOYSA-N,1,,0
GNDSQXWHXQCRHF-UHFFFAOYSA-N,1,,0
WKMZFHJPWGOTTD-UHFFFAOYSA-N,1,,0
UFBWHLSYZFQPFL-UHFFFAOYSA-N,1,,0
AUOJOHFXEIGMEC-WGSAOQKQSA-N,1,7.980053318321158,1
JYMJYHGKDBZGLV-UHFFFAOYSA-N,1,,0
CJAGBXFYKKOMOU-ONEGZZNKSA-N,1,7.97469413473523,1
QXNLKLXHIUEHPN-UHFFFAOYSA-N,1,7.97469413473523,1
ZWIOIIOCCRESNK-UHFFFAOYSA-N,1,7.97469413473523,1
LZFYLPRQFJAOOB-UHFFFAOYSA-N,1,7.97061622231479,1
GKYBNMJPQSRWPC-UHFFFAOYSA-N,1,7.966576244513051,1
NBVCFXRQSXJRBL-NEAURRHBSA-N,1,,0
QUQIRGIEPRATEC-UHFFFAOYSA-N,1,,0
UHHNLJHQYLBBSB-UHFFFAOYSA-N,1,,0
PDADFIJOFSWDJB-GRGXKFILSA-N,1,,0
YOQMDXGCJSLBBS-IYARVYRRSA-N,1,,0
AODRELZHCYHJFT-UHFFFAOYSA-N,1,,0
ZWPVOADZQCQUKW-UHFFFAOYSA-N,1,,0
BTEMXIHCAGOPHX-UHFFFAOYSA-N,1,,0
AVIOZEGAUFSOTR-UHFFFAOYSA-N,1,7.962591779677412,2
MCWADYMQWQHSRA-UHFFFAOYSA-N,1,,0
JSLMTFYETLYWOJ-UHFFFAOYSA-N,1,,0
CFXSGSXPPHRPBE-UHFFFAOYSA-N,1,,0
TYXBCJTVAOMGMN-UHFFFAOYSA-N,1,,0
KXRNXSYVAAEIGF-UHFFFAOYSA-N,1,,0
KUESZLYKNLHINT-KESTWPANSA-N,1,,0
KMQSPGDYXVNUDZ-ZDUSSCGKSA-N,1,7.96018944585165,1
YJEZHCBVIPUWFW-NSHDSACASA-N,1,7.96018944585165,1
JBTWIOSSOYSZSK-NSHDSACASA-N,1,7.96018944585165,1
SVPFZRJDQVOOKQ-WGSAOQKQSA-N,1,,0
BTEINZDTJWUOFJ-UHFFFAOYSA-N,1,7.958607314841775,1
HZMBQYFOWZCHKD-UHFFFAOYSA-N,1,7.958607314841775,1
IOXYLQYEPCUPNE-GMAHTHKFSA-N,1,7.958607314841775,1
DYVLYWKEJHHXOH-UHFFFAOYSA-N,1,7.958607314841775,1
RWDHALOKAOEZPC-JQWIXIFHSA-N,1,7.958607314841775,1
FOQMHNUCQRZHMO-IYARVYRRSA-N,1,7.958607314841775,1
OLKYYLJXZLWORJ-UHFFFAOYSA-N,1,7.958607314841775,5
MXJQVJALKSFQKU-UHFFFAOYSA-N,1,7.958607314841775,1
JFLGKAWVPPPTKB-UHFFFAOYSA-N,1,7.958607314841775,1
HWPIJKYZIWLKPB-UHFFFAOYSA-N,1,7.958607314841775,1
YOOMBGFSQWGFNO-UHFFFAOYSA-N,1,7.958607314841775,1
VASIIKBBVSZUHT-UHFFFAOYSA-N,1,7.958607314841775,1
LHMHWJFZTBPLDP-UHFFFAOYSA-N,1,7.958607314841775,1
GHSXGIFSVHMKHZ-UHFFFAOYSA-N,1,7.958607314841775,3
PYWVMKQJDLHKMQ-UHFFFAOYSA-N,1,7.958607314841775,1
SNDXGGDDBIUIIR-UHFFFAOYSA-N,1,7.958607314841775,1
TUDBHIHVRZUNSF-UHFFFAOYSA-N,1,,0
CXKQSMUCGLKJEI-UHFFFAOYSA-N,1,7.958607314841775,1
DTVAIMZRGJKGPN-UHFFFAOYSA-N,1,,0
IGATXMWTNQVGPI-UHFFFAOYSA-N,1,,0
WFZGNCZPMNZWQB-QFIPXVFZSA-N,1,,0
ZEFQTKZNPBPUSX-IBGZPJMESA-N,1,,0
STSNDGBQWCJPOF-QFIPXVFZSA-N,1,,0
PXKZVZDZXRGYJH-UHFFFAOYSA-N,1,,0
FJGNCKIPBKWGFB-UHFFFAOYSA-N,1,,0
FBCSWIXKXHSYBN-LSQWYULJSA-N,1,,0
SVMKGKAFODEYNT-ZHACJKMWSA-N,1,7.954677021213342,1
NUMVELFDJZDMIW-UHFFFAOYSA-N,1,,0
QNYPKNGYEMSOEU-UHFFFAOYSA-N,1,7.950781977329818,1
YEDOJNFKHXVFHD-UHFFFAOYSA-N,1,7.950394560204838,4
KUSJEHNHUDFZIE-UHFFFAOYSA-N,1,,0
IAGDALNWLBGHNU-LJQANCHMSA-N,1,7.948269188952647,2
UKKJJXAEHLPZSM-UHFFFAOYSA-N,1,7.947585798173172,2
LDQCWGIXZGDJNL-IYARVYRRSA-N,1,7.400007822415902,1
IJQNDNMGXIXMSM-UHFFFAOYSA-N,1,7.94692155651658,1
DJBHHEQBMOYWRH-HNQUOIGGSA-N,1,,0
XYPNSIBKATVQIJ-WGSAOQKQSA-N,1,7.943095148663527,1
GYEZZFVNEZKQSN-UHFFFAOYSA-N,1,7.943095148663527,1
ILCIQMQWVOJQBG-UHFFFAOYSA-N,1,,0
BOUQXDHEZQGZAA-UHFFFAOYSA-N,1,,0
GBECAOYRFRVNTA-UHFFFAOYSA-N,1,7.940058111938045,1
YIIGKFOFBJECPD-UHFFFAOYSA-N,1,7.939302159646388,1
MKKZZPATQDBJPJ-OUKQBFOZSA-N,1,7.939302159646388,1
BXKNYHFWOFQBGA-KRWDZBQOSA-N,1,7.938924676370208,1
GSRZQXGOVFSDAD-UHFFFAOYSA-N,1,,0
OBLDKFKTBGJWKJ-PHTYHVAFSA-N,1,7.931814138253838,1
YYUNYJZUIDSHML-AATRIKPKSA-N,1,7.931814138253838,1
UTFOVXIJDJSMKK-VWLOTQADSA-N,1,7.930375391214197,6
WYYRWPAVRAAIOL-UHFFFAOYSA-N,1,7.9299621333922445,1
KPWSJANDNDDRMB-CALCHBBNSA-N,1,6.98999702587294,1
YEDLOLJNNJYOJS-UHFFFAOYSA-N,1,,0
NFONCWBZHQCTIA-UHFFFAOYSA-N,1,,0
OFPWVHCOBDDZMU-UHFFFAOYSA-N,1,,0
VZHORDSFYCKLRO-MEMLXQNLSA-N,1,,0
KGEGCSUUIDNIBO-UHFFFAOYSA-N,1,7.927868613119005,2
NCIZVSJVBWAJQR-UHFFFAOYSA-N,1,7.926935982160881,2
YVUQSNJEYSNKRX-UHFFFAOYSA-N,1,7.920818753952375,3
FLPVFOMJIXWGPC-IBGZPJMESA-N,1,7.924453038607469,1
AGZPZBJIQLGGOQ-UHFFFAOYSA-N,1,7.924453038607469,1
SKUUWDIJGSUACY-UHFFFAOYSA-N,1,,0
VCYPZWCFSAHTQT-UHFFFAOYSA-N,1,7.9230925678277355,2
HDOZVRUNCMBHFH-UHFFFAOYSA-N,1,7.922331981267469,2
GYEMKOUGMLMNRE-SECBINFHSA-N,1,7.920818753952375,1
AHCLBNDBOQTPGQ-HNNXBMFYSA-N,1,7.920818753952375,1
IUVVVNCAVCDQQI-CRAIPNDOSA-N,1,7.920818753952375,1
CNMSAIQUKYYMGN-MXVIHJGJSA-N,1,7.920818753952375,1
ARXSWHRTJLWTMT-AQYVVDRMSA-N,1,7.920818753952375,1
PWYAMFWGADVMGC-SDNWHVSQSA-N,1,7.920818753952375,1
ISWUHEUWAVWBQS-UHFFFAOYSA-N,1,7.920818753952375,1
YTLARIHDMMQLCL-UHFFFAOYSA-N,1,7.920818753952375,1
BSOLCASXROXPRZ-MUKKUYKPSA-N,1,7.920818753952375,1
BSOLCASXROXPRZ-SHZHJNINSA-N,1,7.920818753952375,1
VCDWPVFNXMVFOB-UHFFFAOYSA-N,1,7.920818753952375,1
WGKKVLJBBALZSS-UHFFFAOYSA-N,1,7.920818753952375,1
KMTWVLYZPPJEHR-AHKZPQOWSA-N,1,7.920818753952375,1
KAPVOFHRIOYFQH-UHFFFAOYSA-N,1,7.920818753952375,1
SHVCHMGRIYXVAY-UHFFFAOYSA-N,1,7.920818753952375,1
SHGYUZFUKMSIQE-UHFFFAOYSA-N,1,7.920818753952375,3
ZNZYEIAZHCDSRA-UHFFFAOYSA-N,1,7.920818753952375,2
CCMLDGCVAGTXJF-UHFFFAOYSA-N,1,,0
UWKPCCXPIUTYOC-UHFFFAOYSA-N,1,,0
XXHNDRSEJAXPLM-UHFFFAOYSA-N,1,,0
CCNQTDBNOSLXEO-HSZRJFAPSA-N,1,,0
GXHLJIAHGPNYES-OAQYLSRUSA-N,1,,0
HACFIQPIDCCMMT-HXUWFJFHSA-N,1,,0
GRGYFXDAOZBGPF-UHFFFAOYSA-N,1,,0
VMIRJSPUFWFFPK-UHFFFAOYSA-N,1,7.92009553233328,1
HPCYDJYPCSVTMW-NSHDSACASA-N,1,7.92009553233328,1
MRYWDVLOYWQXCU-KRWDZBQOSA-N,1,7.92009553233328,1
GLGJRQOPYRQGRY-CYBMUJFWSA-N,1,7.917526313689079,2
LQUKOEAHGRXJMZ-UHFFFAOYSA-N,1,7.91721462968355,1
DTQQYFXMBRLANH-HFMPRLQTSA-N,1,,0
ZYBLSQVXWVJACW-UHFFFAOYSA-N,1,7.914927838678322,2
JSFQLFQOTKBFHL-UHFFFAOYSA-N,1,,0
XOGYORIOPYTSDW-UHFFFAOYSA-N,1,,0
BZAHLFFPVNVFKZ-UHFFFAOYSA-N,1,,0
RFSDKFBYYCHXSF-QXXDMJPLSA-N,1,7.9111554372729955,1
OUUMPVSFLSOGJZ-MXVIHJGJSA-N,1,7.9107993292331225,2
RELHZEKCQXCNLK-UHFFFAOYSA-N,1,7.910396511922256,2
UIFXLMHCLOJOQC-UHFFFAOYSA-N,1,7.910094888560602,3
HIASEHRDTBGCHW-UHFFFAOYSA-N,1,,0
MIDQPNSXCMMZSS-SFHVURJKSA-N,1,,0
CGDGQEFCZTTZBO-UHFFFAOYSA-N,1,,0
GIBQHBGCKQERBV-UHFFFAOYSA-N,1,,0
NQIFYNGRQPWASE-MXVIHJGJSA-N,1,,0
PEQHATYGQMKPDM-UHFFFAOYSA-N,1,,0
ZZHAINUKVRVYIQ-UHFFFAOYSA-N,1,,0
YISHJHUTBSLTCO-UHFFFAOYSA-N,1,7.903089986991944,1
JPKJFRLOQQTEPW-UHFFFAOYSA-N,1,,0
AZMODJDXZVARNU-UHFFFAOYSA-N,1,,0
OYBHJVJCKIGGIL-UHFFFAOYSA-N,1,,0
KHNMKPXPIOAOHB-WPWMEQJKSA-N,1,,0
JHOAHJSSLXAKML-UHFFFAOYSA-N,1,,0
RITZJRAUYHPYLW-UHFFFAOYSA-N,1,7.899985366723115,2
BIMVUZQTSDREEH-XLIONFOSSA-N,1,7.899974269892137,1
RBQRPADDWAFDFX-UHFFFAOYSA-N,1,7.899974269892137,1
SKMONACLVOEHQQ-UHFFFAOYSA-N,1,7.899974269892137,1
XZXRXUCWJOQZBL-UHFFFAOYSA-N,1,7.899974269892137,1
RZQSGCXHBZSBTE-UHFFFAOYSA-N,1,7.899629454882437,1
HLLYNFMNKJGCNN-UHFFFAOYSA-N,1,,0
ZTEUONPYEGTUMM-FCHUYYIVSA-N,1,,0
WAOQONBSWFLFPE-VIFPVBQESA-N,1,7.832873678832884,4
UDVAQYIDEGUIPQ-XZOQPEGZSA-N,1,,0
ZTBBOIYRZHAFIN-UHFFFAOYSA-N,1,7.619788758288394,2
GEGLEQALPLAWHZ-UHFFFAOYSA-N,1,,0
AJEFZZSQDFYANV-UHFFFAOYSA-N,1,,0
KXRNXSYVAAEIGF-FXAWDEMLSA-N,1,,0
ASDWXTMCEWAFKT-UHFFFAOYSA-N,1,,0
JMDXHUNKNDOMJU-UHFFFAOYSA-N,1,,0
LWJRZMFKJXXHGW-YOTKAZDMSA-N,1,7.8873949984654255,1
JDKQOFWWKCLDDD-VNCLPFQGSA-N,1,7.887345359137068,2
SPMHWCSUNSWHDK-UHFFFAOYSA-N,1,,0
QMFFGHVNSGLLRV-SJLPKXTDSA-N,1,7.886056647693163,1
APNJSCJYYJPREB-CMDGGOBGSA-N,1,7.886056647693163,1
JFLBTRDHDHTNGX-UHFFFAOYSA-N,1,7.886056647693163,1
XGXUWJSIDSMGFX-UHFFFAOYSA-N,1,7.886056647693163,1
ATCJEKKXEJVYOB-UHFFFAOYSA-N,1,7.886056647693163,5
ZZWMQJQCXDWUTD-UHFFFAOYSA-N,1,7.886056647693163,1
PYQMFEXIFSASPF-QFZRFWILSA-N,1,7.886056647693163,1
PPDKTZHRAFOGEZ-UHFFFAOYSA-N,1,7.886056647693163,1
BQDGJNNXKPPHKX-UHFFFAOYSA-N,1,,0
CDXLFYUUESQKHV-UHFFFAOYSA-N,1,,0
RMHUUXBXQCLMOK-UHFFFAOYSA-N,1,,0
CCNQTDBNOSLXEO-QHCPKHFHSA-N,1,,0
GXHLJIAHGPNYES-NRFANRHFSA-N,1,,0
JARVFDGWRKYKRC-UHFFFAOYSA-N,1,,0
ZSDLULFCEDZUGK-UHFFFAOYSA-N,1,,0
QYJKOXINDLTROG-UHFFFAOYSA-N,1,,0
OUSGTICEPNMNCZ-UHFFFAOYSA-N,1,,0
NKLHZQQLECBIFS-UHFFFAOYSA-N,1,,0
GWGIUBSVFHLVKW-UHFFFAOYSA-N,1,7.882728704344236,1
NGSZJZCWVNVBQV-UHFFFAOYSA-N,1,,0
UCGXXGOWEGSYJJ-UHFFFAOYSA-N,1,,0
QHLRKDSRGUZHSH-UHFFFAOYSA-N,1,7.87942606879415,1
IIRXNWGIJONFMR-SNAWJCMRSA-N,1,7.87942606879415,1
WUEHCYPOVQCXIO-UHFFFAOYSA-N,1,7.87942606879415,1
DEYFWGXTPWNADC-UHFFFAOYSA-N,1,7.876148359032914,3
MTSRJJUOIYINNP-UHFFFAOYSA-N,1,7.872895201635192,1
GTBOVEUYOKQEIH-SNAWJCMRSA-N,1,7.872895201635192,1
QQICDAPFTVTGQB-UHFFFAOYSA-N,1,,0
SGWUMXOWOUGLMJ-NSOVKSMOSA-N,1,,0
OYQMOAPXBDHMCQ-URLMMPGGSA-N,1,,0
XWRCSVSWZWMHPY-GLOFJIOZSA-N,1,7.872363747448347,2
SJSQVUBCTSCTIM-UHFFFAOYSA-N,1,7.869988050328096,3
JCZBIVTZYYLWOL-UHFFFAOYSA-N,1,7.8696662315049934,1
HRXRYNFLHBSTFS-BUHFOSPRSA-N,1,7.8683813356508745,2
JZITTWLVHKXCFK-UHFFFAOYSA-N,1,,0
QHMBSVQNZZTUGM-ZWKOTPCHSA-N,1,,0
SOZSRQNNAHBPJO-UHFFFAOYSA-N,1,7.866461091629782,1
RVISYUPDXKKJLS-UHFFFAOYSA-N,1,7.866461091629782,1
QSGFUFFBPNBPBA-UHFFFAOYSA-N,1,7.866461091629782,1
BEYYMPWIMDYWDO-UHFFFAOYSA-N,1,7.865711014058578,2
HQPJIWFXJJJLTM-OWOJBTEDSA-N,1,7.863279432843593,4
ZVKININMNUXUKG-UHFFFAOYSA-N,1,,0
AXKQMRWGFVRLJB-UHFFFAOYSA-N,1,,0
VGEYSHNQKQOFLR-UHFFFAOYSA-N,1,7.860120913598763,1
QCTMCGZINYAROF-UHFFFAOYSA-N,1,7.860120913598763,1
CGCDEESEQCYCIB-UHFFFAOYSA-N,1,,0
KDMVVQOQEKIXTC-UHFFFAOYSA-N,1,,0
ZKXPPFSIRYLWQE-UHFFFAOYSA-N,1,7.854982694318741,6
AXPPZNGPLKJAFR-ICSRJNTNSA-N,1,7.853871964321762,1
RFRAMVDLVRFQPK-UYAOXDASSA-N,1,7.853871964321762,1
MGOGLRASNXTNEH-BUHFOSPRSA-N,1,7.853871964321762,1
UIAJBDDQYBMSRB-JLHYYAGUSA-N,1,7.853871964321762,1
RGZPLWVASVRKAR-CZUORRHYSA-N,1,7.853871964321762,1
MDBWEQVKJDMEMK-AWEZNQCLSA-N,1,7.853871964321762,3
AYYCFGDXLUPJAQ-UHFFFAOYSA-N,1,7.853871964321762,1
UHPXZGGJCMUMGZ-HZCBDIJESA-N,1,7.853871964321762,1
WMJCLJNBELMTPC-UHFFFAOYSA-N,1,7.853871964321762,3
BNPRQOXQGKPVTK-UHFFFAOYSA-N,1,7.853871964321762,1
MGSKAXDKJKXHKT-UHFFFAOYSA-N,1,7.853871964321762,1
WASWXYVTAUBCDE-UHFFFAOYSA-N,1,7.853871964321762,1
YYUSYSDMZDYQHY-UHFFFAOYSA-N,1,,0
RXFOCVABFXYDPB-UAPYVXQJSA-N,1,,0
ZHLQHBOULAECFB-KUSMHFJASA-N,1,,0
PWQSSAWBTAKELO-UHFFFAOYSA-N,1,,0
MJKPZFAVGMHXNU-UHFFFAOYSA-N,1,,0
MBEOKTTWXVWRIU-UHFFFAOYSA-N,1,,0
AZSVWQHBZVBKES-BJKOFHAPSA-N,1,,0
PZEAVQCQOCBSRA-UHFFFAOYSA-N,1,7.851864901236602,2
XVUATXAVUFXNQC-XCXMUSTGSA-N,1,,0
DGWVDYZYSAQNNO-IZVJSRMBSA-N,1,,0
HBSZYLFXYCHZJR-UHFFFAOYSA-N,1,,0
QGVGRVIBOJVENZ-FQEVSTJZSA-N,1,,0
SNGXJMCNRWUDKR-UHFFFAOYSA-N,1,7.847711655616943,1
BVHKYUKBOGXMRL-UHFFFAOYSA-N,1,7.847711655616943,1
YNFSCXRNIRPEPV-RBUKOAKNSA-N,1,,0
ROYIVTSMYARVGE-UHFFFAOYSA-N,1,7.84518491628705,2
XFQRGEPJIICUBL-UHFFFAOYSA-N,1,,0
SBRNDJDCLNCYMZ-UHFFFAOYSA-N,1,7.844663962534938,1
SHNSKFRGOBKYIC-UHFFFAOYSA-N,1,,0
ZXMQIPPBQZMPBZ-NQIIRXRSSA-N,1,,0
YJHBORBWSSPLGN-UHFFFAOYSA-N,1,7.840968332518619,2
XMDJBMQNVMNFTN-ZDUSSCGKSA-N,1,7.83889035263304,2
QTPMSFPRKFKEHH-ZHACJKMWSA-N,1,7.838631997765026,1
XKAIELUQYYUCFN-UHFFFAOYSA-N,1,7.837653043069112,2
CSPGDCAGTHQSNB-UHFFFAOYSA-N,1,7.835647144215563,1
VBPWMWMHKVCXQD-UHFFFAOYSA-N,1,7.835647144215563,1
BVPWJMCABCPUQY-UHFFFAOYSA-N,1,7.832773124424534,2
ANCQWHLMXBDLTA-UHFFFAOYSA-N,1,,0
QIOWIQVPCVZKOF-SAABIXHNSA-N,1,,0
RHYAPXDEVZEEMS-YLJYHZDGSA-N,1,7.8297382846050425,1
RDRRNTYOUDJHNF-UHFFFAOYSA-N,1,,0
MYMAOKWDKYVIOY-SOAUALDESA-N,1,,0
JEZQFKLGYQTDDK-UHFFFAOYSA-N,1,7.828788659588897,2
WQEQCBRZPJAUNY-UHFFFAOYSA-N,1,,0
QDTSODNKOSJEPX-UHFFFAOYSA-N,1,7.828000465471419,2
BTOJYCTUJJHANF-WMLDXEAASA-N,1,7.823908740944319,3
GMUXLQLWEFMPIT-FPOVZHCZSA-N,1,7.823908740944319,1
ACOHJTDLJUVDNX-AQYVVDRMSA-N,1,7.823908740944319,1
UGAZJRFHXXPSOK-UHFFFAOYSA-N,1,7.823908740944319,1
RXSODUHUZZRAAV-UHFFFAOYSA-N,1,7.823908740944319,1
VUZROXDIJDWGAH-OUKQBFOZSA-N,1,7.823908740944319,1
BXEHOLVBINGZIE-UHFFFAOYSA-N,1,7.823908740944319,1
DVZPUKBLSGGLOX-OWOJBTEDSA-N,1,7.823908740944319,1
KZQWOGYXIVRWJV-UHFFFAOYSA-N,1,7.823908740944319,1
PEAYDJLRNGKNSM-UHFFFAOYSA-N,1,7.823908740944319,1
AMUFJSCMOPQLMQ-UHFFFAOYSA-N,1,7.823908740944319,1
TWLLJXZOTXAUCG-UHFFFAOYSA-N,1,7.823908740944319,1
CPWLTNLRAGBWKJ-UHFFFAOYSA-N,1,7.823908740944319,1
XOZBPBSXMJMBOL-OYRHEFFESA-N,1,7.823908740944319,1
IKINOGQZTQWAIL-UHFFFAOYSA-N,1,7.823908740944319,1
ZAAQJDPTTZJUDL-UHFFFAOYSA-N,1,7.823908740944319,1
DSVMXCDLDIBCHM-UHFFFAOYSA-N,1,7.823908740944319,1
JKXXYZQCPDWCDR-UHFFFAOYSA-N,1,7.823908740944319,1
LRXGBYNAHIRXGB-UHFFFAOYSA-N,1,7.823908740944319,1
FNXIHIMNVBDVAC-UHFFFAOYSA-N,1,7.823908740944319,1
WRURBHLNYRDTFF-UHFFFAOYSA-N,1,7.823908740944319,1
XKMZCZXGCDUIMM-UHFFFAOYSA-N,1,7.823908740944319,1
YKTBDLSRILDSHB-UHFFFAOYSA-N,1,7.823908740944319,1
DCFQCUAMUNSALM-UHFFFAOYSA-N,1,7.823908740944319,1
BOERTKKBWLOLLH-UHFFFAOYSA-N,1,7.823908740944319,1
OOTYIPXZQVEHNY-UHFFFAOYSA-N,1,7.823908740944319,1
BLDRZOKSSGFKEP-UHFFFAOYSA-N,1,,0
DGSJCQBCZUXHPR-UHFFFAOYSA-N,1,,0
FUIWABOFKJDPGP-KUONXOGPSA-N,1,,0
STSNDGBQWCJPOF-JOCHJYFZSA-N,1,,0
DCLSCGPJFHMCEP-UHFFFAOYSA-N,1,,0
GROWLGBJYGHHBJ-UHFFFAOYSA-N,1,,0
IYWYHDLOCSDKEQ-UWJYYQICSA-N,1,,0
SREQHVVABVWCKT-UHFFFAOYSA-N,1,,0
KALVMJJXXTWNQX-GMAHTHKFSA-N,1,7.82102305270683,1
GRUWUINXLANFJE-UHFFFAOYSA-N,1,7.82102305270683,1
WGDFOVYWTNOIKG-UHFFFAOYSA-N,1,7.82102305270683,1
BCMNXZCLONGCPJ-UHFFFAOYSA-N,1,,0
RDOLSJCBVSDISX-UHFFFAOYSA-N,1,,0
ITUXAHIEYLTLOX-KRWDZBQOSA-N,1,,0
MOBMWPPSJIZIKV-OKDASEJXSA-N,1,7.818442226137214,1
GGIUXVIFNJVWLE-UHFFFAOYSA-N,1,7.818156412055227,1
BRNFEWAEDMSDHL-UHFFFAOYSA-N,1,7.818156412055227,1
FNNKRCZBNZOMQJ-MEMLXQNLSA-N,1,,0
ZAZPPOBRQFIKRC-UHFFFAOYSA-N,1,7.810619412341813,2
UUTWNAKPHRTMAJ-UHFFFAOYSA-N,1,,0
LROJLXGQKUBROL-UHFFFAOYSA-N,1,7.809894379144197,2
PGWINTIXBMKEKI-UHFFFAOYSA-N,1,7.809668301829708,1
YPDIYQUBODHVII-UHFFFAOYSA-N,1,7.809668301829708,3
RPFKNPSBXZWKHC-UHFFFAOYSA-N,1,7.806875401645538,1
SKSOBHHSERUEOI-UHFFFAOYSA-N,1,,0
HZINVGWYTDHAFA-UHFFFAOYSA-N,1,7.804100347590766,1
JTJUCUMXKUPFBQ-UHFFFAOYSA-N,1,7.801342913045577,3
KQAZKHAFHWSVKK-UHFFFAOYSA-N,1,7.801342913045577,1
MQISIMYBHGTURV-UHFFFAOYSA-N,1,7.799990182467421,2
RNUUBPZBFUJPOR-UHFFFAOYSA-N,1,7.79997073344623,1
QBRLVMQBZIFWTB-WEVVVXLNSA-N,1,7.79997073344623,1
XKRYBGZHAIRWAY-UHFFFAOYSA-N,1,7.79997073344623,1
YRLIAFPIEWQNDG-UHFFFAOYSA-N,1,7.79997073344623,1
QJNRRDWLNVGLID-UHFFFAOYSA-N,1,7.79997073344623,1
RJXYBXCQVVCCAR-ZDUSSCGKSA-N,1,7.79997073344623,1
ICZBTJKIVJMPIF-UHFFFAOYSA-N,1,7.79997073344623,1
NNCTXKNNQUMOPC-RYORKLGYSA-N,1,7.79997073344623,2
RARDZQWGAVAIAO-UHFFFAOYSA-N,1,7.79997073344623,1
BDMMOLFSGXCWJJ-UHFFFAOYSA-N,1,,0
NBCYJDUUVPJJKY-UHFFFAOYSA-N,1,7.798602875679548,1
DLWMCYZLTYRCLS-UHFFFAOYSA-N,1,7.798602875679548,1
VITUDJAVASFPKN-DEOSSOPVSA-N,1,7.798602875679548,1
VMOFYGZGNSIHPR-UHFFFAOYSA-N,1,7.798439739412091,2
NXGXODYDGLKSAM-UHFFFAOYSA-N,1,,0
XTWUNLMHXDDOMD-SNVBAGLBSA-N,1,8.602059991327963,1
LEDYBEGWCAWDCY-UYAOXDASSA-N,1,7.795880017344075,1
MULLDMIPFVHJIA-UHFFFAOYSA-N,1,7.795880017344075,1
QQARGOMNAXCOKN-UHFFFAOYSA-N,1,7.795880017344075,1
DZVJBZTUTCHLSB-ZOZMAKRUSA-N,1,7.795880017344075,1
KBPAXMUQBHLMMA-UHFFFAOYSA-N,1,7.795880017344075,3
VPQWKDKXRKHUGC-UHFFFAOYSA-N,1,7.795880017344075,1
WPIIXBCOJALRHJ-UHFFFAOYSA-N,1,7.795880017344075,1
GXJGVXJVSZWVLE-UHFFFAOYSA-N,1,7.795880017344075,1
GTWOHZJMQWACQH-OAQYLSRUSA-N,1,7.795880017344075,1
QLYYCUQQWPWCAB-UHFFFAOYSA-N,1,7.795880017344075,1
OVRYUDOMQFGLII-OAQYLSRUSA-N,1,7.795880017344075,3
YQHLZLIFZLFKSH-UHFFFAOYSA-N,1,7.795880017344075,1
YFKQSGLMKFTUJN-UHFFFAOYSA-N,1,7.795880017344075,1
GGDBGNYGXSSSQM-UHFFFAOYSA-N,1,,0
NROVFAZNNKPZNQ-YZSQISJMSA-N,1,,0
XJVWJSRTBAVLPD-NRFANRHFSA-N,1,,0
ZUDVHWCNTPJCDE-UHFFFAOYSA-N,1,,0
VQDRNQBRRSNVOR-UHFFFAOYSA-N,1,,0
IYBWVCYBMXHESB-UHFFFAOYSA-N,1,,0
WAAARZOJVXERQD-UHFFFAOYSA-N,1,,0
CCMCQXPLCVUZML-RZDIXWSQSA-N,1,,0
VIYAPIMIOKKYNF-UHFFFAOYSA-N,1,7.794695728715816,2
ZWNBANLWZZXEKO-UHFFFAOYSA-N,1,7.793769726285019,2
PECVDLVWKCIEGG-SNAWJCMRSA-N,1,,0
VOGUYUKRQYJYDP-GQCTYLIASA-N,1,,0
BRPJYOLLZGXNFY-UHFFFAOYSA-N,1,,0
SAHQEMRIXRTMKH-LOSJGSFVSA-N,1,,0
RJXYBXCQVVCCAR-UHFFFAOYSA-N,1,7.789949150124863,1
HEEFMGUIOXQXAL-KRWDZBQOSA-N,1,,0
HCCHXMMABQRBMV-UHFFFAOYSA-N,1,7.787812395596042,1
ZSVBVTNJBYSDME-UHFFFAOYSA-N,1,,0
XIZKQKJWNKJOOA-NBFOKTCDSA-N,1,7.782779344355482,1
SQLYEWBPPTXDRF-MEMLXQNLSA-N,1,7.782516055786093,1
JCGBUUHLRXHEQS-WGSAOQKQSA-N,1,7.782516055786093,1
SBJOJKQLHNFZTE-UHFFFAOYSA-N,1,7.781918676479622,2
BYUVKVSQQDHYKB-UHFFFAOYSA-N,1,7.780333653084869,2
HRCGTLOWYKJDFC-CYBMUJFWSA-N,1,7.780018032039547,2
HNWDHNRLIUTHEU-UHFFFAOYSA-N,1,7.779891911959945,1
OIXWMGVKJCJKNE-UHFFFAOYSA-N,1,,0
UAVOWOKUOJZVHZ-YLIUREIVSA-N,1,7.776763726897002,1
RVBDWZKWSXQLMF-NVXWUHKLSA-N,1,7.77642098432889,2
OTFGIKBDQRIECS-UHFFFAOYSA-N,1,7.77642098432889,2
BEDKCFOHYKZSPB-UHFFFAOYSA-N,1,,0
DCJWAUUNGWWIFD-LIRRHRJNSA-N,1,7.772577569995745,4
IBYDPPHZGREUMK-ONEGZZNKSA-N,1,7.772113295386326,1
XSSXHQSTUIVFIS-WWCVRFSUSA-N,1,,0
TZDYPFYPZGPSPS-MOPGFXCFSA-N,1,,0
WFNJZMXOSUJROE-UHFFFAOYSA-N,1,7.770303756120384,2
HIUHIPDXUUSPDY-VIFPVBQESA-N,1,7.770062314092066,1
OFVIWVBNYVKRLE-NSHDSACASA-N,1,7.770062314092066,1
JYIJOCUVGMIDDY-IEBWSBKVSA-N,1,7.769551078621726,1
JJEUGQSNWGGUIG-SFTDATJTSA-N,1,7.769551078621726,1
QBUNYKZCKJJRII-UHFFFAOYSA-N,1,7.769551078621726,1
GILFIXAIAPMQCS-UHFFFAOYSA-N,1,7.769551078621726,1
VMXHWDJFMZJHSQ-MRXNPFEDSA-N,1,7.769551078621726,1
GHUSLXGCIAVXOA-UHFFFAOYSA-N,1,7.769551078621726,1
ZEBDIAQRPDZLLQ-UHFFFAOYSA-N,1,7.769551078621726,1
OUUMIQPKQSKHBW-UHFFFAOYSA-N,1,7.769551078621726,1
AROYESYOAIFFDX-UHFFFAOYSA-N,1,7.769551078621726,1
BPVLKJSAFIGBKX-UHFFFAOYSA-N,1,7.769551078621726,1
DCQKCNGVYBRKSC-UHFFFAOYSA-N,1,,0
QLIGLWCIUGCMOC-UHFFFAOYSA-N,1,,0
RWQZSXGTDPICOA-UHFFFAOYSA-N,1,,0
HQGWTXXZVBZBPH-OAHLLOKOSA-N,1,7.767234221513225,2
UTOAHEDSLBPTJU-INIZCTEOSA-N,1,7.767003889607846,1
GUBYHCIYOBESBX-MEMLXQNLSA-N,1,,0
MDOWWNIPKFDTJY-UHFFFAOYSA-N,1,7.765006911147079,4
NWSWBVKRQJZUCZ-UHFFFAOYSA-N,1,,0
YVQFTRVYMAREIA-UHFFFAOYSA-N,1,7.763621775341393,2
ZRMVCTOEWAWOLM-UHFFFAOYSA-N,1,7.761953896871205,1
GRGMUZDLZOQJFY-UHFFFAOYSA-N,1,7.761953896871205,1
WCIPIDQYCIFSCP-UHFFFAOYSA-N,1,7.761439372640169,2
NVAPLAXQQUNGEK-UHFFFAOYSA-N,1,7.7599502278873524,1
VNQMWRQYPRIJGM-UHFFFAOYSA-N,1,7.36997914888659,1
AGUZAIMBKPZTGP-UHFFFAOYSA-N,1,7.75713928675921,2
DVVWNKJEEQHCFZ-UHFFFAOYSA-N,1,7.756961951313706,1
SKBHXKCNFXTHOX-OWOJBTEDSA-N,1,7.756961951313706,1
ODBZJKXOIQSFOA-UHFFFAOYSA-N,1,7.756961951313706,7
MHHLELSXRBTNRD-UHFFFAOYSA-N,1,7.756077439944282,2
BRJGIZVBTXYEBD-UHFFFAOYSA-N,1,7.755724641749778,4
OJELFRWBMVFUDD-KXBFYZLASA-N,1,7.752922702990778,4
DBYROHXTWXIWAR-UHFFFAOYSA-N,1,7.752089123307047,4
LUONNTQEFAPZJL-ONEGZZNKSA-N,1,7.752026733638194,1
FDCHXWBYCLDODW-UHFFFAOYSA-N,1,,0
FQGGNELGQIQAHB-UHFFFAOYSA-N,1,,0
XZFPTXVCUYVBAT-KRWDZBQOSA-N,1,,0
VZGCIZBAKNLDRR-UHFFFAOYSA-N,1,7.7495799976911055,1
FGFHFJJEESMBGK-AATRIKPKSA-N,1,7.7495799976911055,1
KZIJKVKQZRXZLN-UHEQQTILSA-N,1,,0
DQMYTOLIZBNFND-UHFFFAOYSA-N,1,7.747146969020107,1
PTGSXEXRDSETGR-UHFFFAOYSA-N,1,7.7453987388344485,2
LQGNDHYNCHVOGU-UHFFFAOYSA-N,1,7.744928650298713,2
ZRAGXRIXRXDXCR-DZGCQCFKSA-N,1,7.7447274948966935,3
DJAYOTFCMKFULR-UNMCSNQZSA-N,1,7.7447274948966935,1
KJOFXQKVGTXQTK-UHFFFAOYSA-N,1,7.7447274948966935,1
OUXSXBHPMQCPQT-FOCLMDBBSA-N,1,7.7447274948966935,1
VUDZLQDQARJUEH-UHFFFAOYSA-N,1,7.7447274948966935,1
UCRCPOHUGHGPRU-UHFFFAOYSA-N,1,7.7447274948966935,1
KLBQZWRITKRQQV-UHFFFAOYSA-N,1,7.568636235841012,1
BETWUWMSXSUSED-UHFFFAOYSA-N,1,7.7447274948966935,1
FFXLCCZAXLBJFW-MEMLXQNLSA-N,1,7.7447274948966935,1
RJGPBFPTKNFYQH-UHFFFAOYSA-N,1,7.7447274948966935,1
BJFLRBLSVACLLD-UHFFFAOYSA-N,1,7.7447274948966935,1
VBFRZHYHMOZIEU-UHFFFAOYSA-N,1,8.071333751784366,2
CJBYLTVVRIPQAN-GDBMZVCRSA-N,1,7.7447274948966935,1
MRQHTSWENGWSMD-UHFFFAOYSA-N,1,7.7447274948966935,1
JOXBOGQPSLSFIM-UHFFFAOYSA-N,1,,0
OQXLAYDVTKONPU-IYARVYRRSA-N,1,,0
ANQRPBNHSKJQGO-KRWDZBQOSA-N,1,,0
DXUOUUKATHEZTO-UHFFFAOYSA-N,1,,0
GHLSRSRUPDWWMF-UHFFFAOYSA-N,1,,0
AYQGEWALVNGKIC-AQYVVDRMSA-N,1,7.744486287180466,1
OMHCFMMNQAVKBC-BYYHNAKLSA-N,1,,0
JEYKHDMZDCZJFI-UHFFFAOYSA-N,1,,0
MPRKJVQRTVEJJH-UHFFFAOYSA-N,1,,0
JJNHTXUTHLHINR-UHFFFAOYSA-N,1,,0
SRHQZJRKCSXSCP-UHFFFAOYSA-N,1,7.739928612014925,1
WCPFRPNMWXGWQY-ONEGZZNKSA-N,1,7.739928612014925,1
PWBXUBVXWIRMLW-UHFFFAOYSA-N,1,,0
YKCHNWKXANLFGS-WGSAOQKQSA-N,1,7.736830361305078,2
PWZPBZQTTHOCIS-HHHXNRCGSA-N,1,7.853871964321762,3
PEPCSPDWNABCAC-INIZCTEOSA-N,1,7.735654492949908,1
PRWXOHHRHWZNOG-NGRWLJPCSA-N,1,7.735554499190503,2
CUZBNCPQNUFDMK-UHFFFAOYSA-N,1,,0
SOPRISPDLYSDTL-UHFFFAOYSA-N,1,,0
ZGSHIAJEAFZHNC-UHFFFAOYSA-N,1,7.732829540540013,4
YDESBRPNQFQEGA-HXUWFJFHSA-N,1,,0
SMPWWFQZWFWYBE-UHFFFAOYSA-N,1,,0
TZDYPFYPZGPSPS-RBUKOAKNSA-N,1,,0
IJMODPWKQJNRMT-FCHUYYIVSA-N,1,,0
WVNDCOIKWKQPDK-MEMLXQNLSA-N,1,,0
WNLICHOLYZKSFL-UHFFFAOYSA-N,1,,0
LGUNRSBYISSUIH-UHFFFAOYSA-N,1,7.721848749616356,2
UTCVZDGBUSLXBQ-UHFFFAOYSA-N,1,7.721848749616356,2
RGBZBUUBQUSTAD-UYAOXDASSA-N,1,7.721246399047171,1
HKELRUMBUSUQHV-FYYLOGMGSA-N,1,7.721246399047171,1
XULRRHPSHZGOJX-WGSAOQKQSA-N,1,7.721246399047171,1
IOIJPOKENALSRI-VMUIEEQSSA-N,1,7.721246399047171,1
QRZZRWQKVCHMJC-UHFFFAOYSA-N,1,7.721246399047171,1
QDSGHUPQZUYWDF-UHFFFAOYSA-N,1,7.721246399047171,1
KDYAMWXNWWOJBI-UHFFFAOYSA-N,1,7.721246399047171,3
ZMKYGECKCHAFQG-QFIPXVFZSA-N,1,,0
XKIVNUFBPASSIA-UHFFFAOYSA-N,1,,0
AIZGIAFIDZOQAS-LBPRGKRZSA-N,1,7.720105019988361,1
FMPGJOKHIUMWLA-UHFFFAOYSA-N,1,7.720105019988361,1
XFLDRFXADAYJDR-AUSIDOKSSA-N,1,,0
UTJCXDMLSWYEJA-UHFFFAOYSA-N,1,7.2400301424456925,1
NWFVAWLUQHQVSN-HNKWHGCMSA-N,1,7.7162466166674735,1
AAYMNPGQEZYHNE-UHFFFAOYSA-N,1,7.71356419889976,2
RURKEKYFHBYLDY-UHFFFAOYSA-N,1,7.7121982700697735,3
HGMQRIBEHJQILA-BDJLRTHQSA-N,1,7.7121982700697735,1
NVASSRJOXRMBMU-ATJXCDBQSA-N,1,7.7121982700697735,1
UWNBKMQSNLLWQV-UHFFFAOYSA-N,1,,0
LASBLEBPDOHKAM-GUIFLLHJSA-N,1,,0
PZWHEQIOEMDZEH-UHFFFAOYSA-N,1,7.709965388637482,1
WRFRTCQJMMIOLF-UHFFFAOYSA-N,1,7.709965388637482,2
IWAHIMCMPBOXKG-HXUWFJFHSA-N,1,,0
MLIIQBGETYKWJT-UHFFFAOYSA-N,1,,0
OFTZRFJEBCMBOT-OWOJBTEDSA-N,1,7.707743928643524,1
OLPQNRLJYOGSGV-WMLDXEAASA-N,1,7.7055337738384075,1
DWDPBNBMFRTKEL-OWOJBTEDSA-N,1,7.7055337738384075,5
SKGKYEPRBPJYRW-OWOJBTEDSA-N,1,,0
CLZFBRKWSABTPJ-UHFFFAOYSA-N,1,7.703911621302066,2
YDLWLYDTYNHXBM-UHFFFAOYSA-N,1,7.701146923590294,1
MOIAIVHWYHJNIE-ROUUACIJSA-N,1,,0
LLHCWQNGFVSDKL-SQHAQQRYSA-N,1,7.700057099977233,1
JLHYDFVXCXCPKN-AEFFLSMTSA-N,1,7.700057099977233,1
NUDYAYZOUXPCOQ-UHFFFAOYSA-N,1,7.700057099977233,1
PJYLRRSJBZGONV-UHFFFAOYSA-N,1,7.700057099977233,1
YECOTWMMKZQQAE-UHFFFAOYSA-N,1,7.700057099977233,1
YNJCAZOZKRWGKA-UHFFFAOYSA-N,1,7.700057099977233,1
RZOFUKBGZQUWCB-UHFFFAOYSA-N,1,7.700057099977233,1
GPVQRHUFRWEYGC-LMTLIKQPSA-N,1,7.700057099977233,2
AREYZFZATPKFNP-UHFFFAOYSA-N,1,7.700057099977233,1
UBUBRLUXOGROJH-JTQLQIEISA-N,1,7.700057099977233,1
ZFACTJHKUXTZMC-UHFFFAOYSA-N,1,,0
VJVSHSVLEVBQER-MRXNPFEDSA-N,1,,0
YYSLWKJTVSGHOV-UHFFFAOYSA-N,1,,0
NQGAZHMNNANZRL-UHFFFAOYSA-N,1,,0
RZEKPECTALABSH-UHFFFAOYSA-N,1,7.700006202147973,2
KVWDHTXUZHCGIO-UHFFFAOYSA-N,1,7.698970004336019,19
ZOQYTWXGFAVKMT-UHFFFAOYSA-N,1,7.699513552156626,2
QPNVVIACYJVUOX-UHFFFAOYSA-N,1,7.698970004336019,2
GOTMKOSCLKVOGG-HNNXBMFYSA-N,1,7.698970004336019,1
IOXYLQYEPCUPNE-FYYLOGMGSA-N,1,7.698970004336019,1
FMZGBSVSSSJNBU-VAWYXSNFSA-N,1,7.698970004336019,1
GTEKPTHVDJVUHM-UHFFFAOYSA-N,1,7.698970004336019,1
MKIPKEANVGLYQX-UHFFFAOYSA-N,1,7.698970004336019,1
QDSYGDXQPACKLI-UHFFFAOYSA-N,1,7.698970004336019,1
RIJJQSBEJRHVSU-UHFFFAOYSA-N,1,7.698970004336019,1
INGWKGCHJJYQIB-UHFFFAOYSA-N,1,7.698970004336019,1
SEGYWWXDIPIQNQ-XRPSMJEVSA-N,1,7.698970004336019,1
IJMJZSNLRMYGOM-UHFFFAOYSA-N,1,7.698970004336019,1
ZMVCPWQWTYDCHV-UHFFFAOYSA-N,1,7.698970004336019,2
WIMXOLDVKJDYQI-OAHLLOKOSA-N,1,7.698970004336019,1
QXPBZNWEPREKHB-UHFFFAOYSA-N,1,7.721848749616356,2
VMOGNRMSGFMLFQ-UHFFFAOYSA-N,1,7.698970004336019,1
KJWQBYGNNGUYBM-UHFFFAOYSA-N,1,7.698970004336019,1
PRFXSTWAKKZDRM-UHFFFAOYSA-N,1,,0
LKXXVFHPJYDIBI-UHFFFAOYSA-N,1,,0
PPJOGRKQEBFCCR-UHFFFAOYSA-N,1,,0
ABTOFZCPUPVFTQ-UHFFFAOYSA-N,1,,0
RLCMAMKDJBORHF-UHFFFAOYSA-N,1,,0
AAQUEQYOKSKIDA-UHFFFAOYSA-N,1,,0
BOADXZOXJDNMTH-UHFFFAOYSA-N,1,,0
LXKSIEBMEPDEFX-UHFFFAOYSA-N,1,,0
WOZSFGJKUOKIMV-UHFFFAOYSA-N,1,7.696272488392665,2
VESYQRNECIQPBD-UHFFFAOYSA-N,1,7.692503962086787,1
WYMJRTXYUOPUMF-UHFFFAOYSA-N,1,7.673393743112328,2
NQKMYRGFSYIPHF-UHFFFAOYSA-N,1,7.689944262249108,1
PUHAZBKUVIJPMC-LJQANCHMSA-N,1,,0
FMZYTGKVWBHUEI-UHFFFAOYSA-N,1,7.689411859112482,2
FOWVILAPRCJMGP-MRXNPFEDSA-N,1,,0
DCFYVNHQUVKFKK-UHFFFAOYSA-N,1,7.686132779630847,1
ZCTLRJWCRUVTOB-CFFRYYMNSA-N,1,,0
YZEMWSBQZKHSLT-UHFFFAOYSA-N,1,,0
PGCKDCUFJMOFOO-UHFFFAOYSA-N,1,7.685805534974844,2
VSNDSXGFTAWJPT-UHFFFAOYSA-N,1,,0
BGRJTUBHPOOWDU-UHFFFAOYSA-N,1,7.988006885340743,3
VUBGTPVVYQBGQN-GLOFJIOZSA-N,1,7.682258126592544,2
MXGQNMMTNCYAQF-UHFFFAOYSA-N,1,7.682006944099584,2
ZIAICQQANCNQNU-JLHYYAGUSA-N,1,7.680905179904581,4
VGJNZAVHANBHEO-UHFFFAOYSA-N,1,7.679853713888946,1
JTEPYGAPOJEYIA-UHFFFAOYSA-N,1,7.679853713888946,1
CXGGCNYHKKNQGW-UHFFFAOYSA-N,1,7.678817209577513,2
JKRQNNXDKNTEDN-JCNLHEQBSA-N,1,,0
BZWQAKCTTBOIKJ-UHFFFAOYSA-N,1,7.6777807052660805,2
XJGVXQDUIWGIRW-UHFFFAOYSA-N,1,7.6777807052660805,3
BDDILKIYGPCTCK-PKNBQFBNSA-N,1,7.6777807052660805,1
ZCCUIFWJESTQQQ-UHFFFAOYSA-N,1,7.6777807052660805,2
PYPVMGCWFRRKNC-QGZVFWFLSA-N,1,7.6777807052660805,1
RRNSUOWXTVZIKJ-UHFFFAOYSA-N,1,7.6777807052660805,1
ZPTHFIRVKGBKMN-UHFFFAOYSA-N,1,7.6777807052660805,1
KSEHPHIHVMQGKQ-UHFFFAOYSA-N,1,7.6777807052660805,1
DECRCHYWYMULIA-UHFFFAOYSA-N,1,7.6777807052660805,1
WBZXILODXAKGQO-UHFFFAOYSA-N,1,7.6777807052660805,1
GYVLPHYAFKCJIG-UHFFFAOYSA-N,1,7.6777807052660805,1
QLWUWVNGTYIEIX-UHFFFAOYSA-N,1,7.6777807052660805,1
MNZXUJMLYMHIPK-UHFFFAOYSA-N,1,7.6777807052660805,1
PANOZSYKUFDHOX-UHFFFAOYSA-N,1,7.6777807052660805,3
UPCMRVZQJLKQQG-UHFFFAOYSA-N,1,,0
UOCIVUKERDURFO-JOCHJYFZSA-N,1,,0
KHORMSFWFAFWPW-UHFFFAOYSA-N,1,,0
NOINDEFTVTZLJT-UHFFFAOYSA-N,1,,0
RXCVDBZASONCNP-IBGZPJMESA-N,1,7.673664139071248,1
GLRWZEISUAIVMI-XUTJKUGGSA-N,1,,0
OEXMEESXYABYFA-UHFFFAOYSA-N,1,,0
KHFMDVNAASXQQK-UHFFFAOYSA-N,1,7.669586226650809,1
WBFWNZOPXYBZFJ-UXHICEINSA-N,1,,0
JQXMVFBXXAKVDC-OAQYLSRUSA-N,1,,0
JTBUMIDWZWHPHA-NQWOSTQESA-N,1,7.668167955563751,1
ZUARVBUFFCRJPZ-UHFFFAOYSA-N,1,,0
ZYNARRKYWSBPBI-UHFFFAOYSA-N,1,7.666273523555023,2
BTNRAFHTPKZOBC-UHFFFAOYSA-N,1,7.66354026615147,1
LSHBKBMJDZRGEU-UHFFFAOYSA-N,1,7.66354026615147,1
JTDLIQGTHPBQQA-UHFFFAOYSA-N,1,,0
RXMKGIMPRMJJBI-UHFFFAOYSA-N,1,7.661543506395395,1
JJARSALEJXMFKK-UHFFFAOYSA-N,1,7.661543506395395,1
KRNPJKNJUZRFIL-OAQYLSRUSA-N,1,,0
ZHBTYBBXWTXWRS-UHFFFAOYSA-N,1,,0
QHLKQPDXOAFUSN-UHFFFAOYSA-N,1,,0
MQMHUVUFIHZNDA-UHFFFAOYSA-N,1,,0
UDKZGAJICQNPNZ-OWOJBTEDSA-N,1,7.6595558851598815,1
JZRSBDBOBRIPIA-ZQHSETAFSA-N,1,,0
BJMUZOAJZPCYCW-UHFFFAOYSA-N,1,7.6587650007581995,2
BARYHSADJVEXIX-HXUWFJFHSA-N,1,7.657577319177793,1
FPDIERBPQFAFSI-UHFFFAOYSA-N,1,7.657577319177793,1
APHPLOYRLDEZMD-UHFFFAOYSA-N,1,7.657577319177793,1
AXDZGPVPBMNCMT-UHFFFAOYSA-N,1,7.657577319177793,1
ACZCVZUKGWGYJX-UHFFFAOYSA-N,1,7.657577319177793,1
FHJHQELIOHZJNR-UHFFFAOYSA-N,1,7.657577319177793,1
AWIYLVWAILOVMX-RLAPIPATSA-N,1,7.657577319177793,1
CUNIDKSASOTBGS-UHFFFAOYSA-N,1,7.657577319177793,1
AWIYLVWAILOVMX-UHFFFAOYSA-N,1,7.657577319177793,1
OGYHYPVUHUXITF-UHFFFAOYSA-N,1,,0
ZMKYGECKCHAFQG-JOCHJYFZSA-N,1,,0
GKTQBPYMIGXPKG-JVVVGQRLSA-N,1,7.657379957446652,1
XCWPAVYMGKFSJB-BEESLVRJSA-N,1,7.655411257421286,1
AJZLEDKSUTZOOU-UHFFFAOYSA-N,1,7.653761612799381,2
IARMAQZFHNEVDV-UHFFFAOYSA-N,1,,0
JTHIHYSTZWMMQN-UHFFFAOYSA-N,1,7.651695136951839,1
MYHILGOTSGIDBG-UHFFFAOYSA-N,1,7.651695136951839,1
BYKIDBIDJRZMKJ-UHFFFAOYSA-N,1,,0
PTYKCMYOCGOEMO-IZZNHLLZSA-N,1,,0
UOWNSJBVRQWLQT-WRLTUSDASA-N,1,,0
AADWBQLQKGQDIM-UHFFFAOYSA-N,1,7.646214911951032,2
QQXFYZWQVQXWMO-JLHYYAGUSA-N,1,7.645891560852599,3
DXBDRGKOIPOWRV-XGAFWQRZSA-N,1,7.644356949779131,1
VLIWRKCRUPBCQS-UILWBTOOSA-N,1,,0
DKYKQBWPYFTZHN-UHFFFAOYSA-N,1,7.642065152999546,1
CVHFBMSYCSPBIQ-INIZCTEOSA-N,1,,0
SLXIGTACOFFTMI-LLVKDONJSA-N,1,,0
MYFHADFSNRZMLH-UHFFFAOYSA-N,1,7.6399203482970215,2
ZCUTVNPWXWDEPM-UHFFFAOYSA-N,1,,0
OCWWFSWSVBBJST-UHFFFAOYSA-N,1,7.638272163982407,1
PZIGTEKDSRHYIT-UHFFFAOYSA-N,1,7.638272163982407,1
LCGBVEYGRZPQEM-ICSRJNTNSA-N,1,7.638272163982407,1
IEARDXOAQBZYGW-PKNBQFBNSA-N,1,7.638272163982407,1
KIWCIUSCRQIWET-UHFFFAOYSA-N,1,7.638272163982407,1
PPAIEDLGYFCKEB-MEMLXQNLSA-N,1,7.638272163982407,1
VUTNNUCTOQWFCV-HKBQPEDESA-N,1,7.638272163982407,1
MAKSMZIXXYIHFQ-UHFFFAOYSA-N,1,7.638272163982407,1
HIURADGFEHNSHY-UHFFFAOYSA-N,1,,0
SMRDWSOUDWTDBN-UHFFFAOYSA-N,1,,0
XEJNCXFNKSUHHY-UHFFFAOYSA-N,1,,0
KHQGQEHXELFETD-UHFFFAOYSA-N,1,,0
WWWIHTTXFJTDIB-IBGZPJMESA-N,1,,0
QSXMGLLVLGBRNL-UHFFFAOYSA-N,1,,0
LWDHUYPVZPEUAM-HSZRJFAPSA-N,1,,0
RIRRORJZVJGNAL-LJQANCHMSA-N,1,7.635498645363905,2
AIJCIPNKOAOKBN-UHFFFAOYSA-N,1,7.632644078973981,1
ZDQCZUNCBWFZGJ-UHFFFAOYSA-N,1,,0
AARWRAFDYZSYPD-UHFFFAOYSA-N,1,7.410050398674292,1
MDNAENMGHFQWFO-UKIBZPOASA-N,1,7.630042392653947,1
LDNCVCFYLQMLCR-UHFFFAOYSA-N,1,,0
RBFMCJMIEVSALT-FMIVXFBMSA-N,1,,0
FXZOIJYOTNRPAT-JLHYYAGUSA-N,1,7.625251653989896,1
GTEVNWICMPGDLY-UHFFFAOYSA-N,1,,0
LKASSMVPOODRNL-PBFRATGOSA-N,1,7.623788149717328,1
HIYLSOSERAQOHL-RDTXWAMCSA-N,1,7.623423042943488,1
UTEITPSYNTYGQL-UHFFFAOYSA-N,1,7.622062572163754,2
MLCJDDIDLGWZFT-UHFFFAOYSA-N,1,7.621602099051862,1
GGADGPKOLXJMPS-UHFFFAOYSA-N,1,7.621602099051862,1
HXHYBBJDNMJVBF-WFXMLNOXSA-N,1,,0
XALOLRQAFYQIOX-UHFFFAOYSA-N,1,,0
LQTJOPPTSIYEES-SANMLTNESA-N,1,7.620166077655185,2
YQSXXLHEQOZMOT-UHFFFAOYSA-N,1,7.619969752032169,2
JWFVGFMQWYTGRI-SFHVURJKSA-N,1,,0
FCALCRRTZHDENL-UHFFFAOYSA-N,1,7.619879255160281,2
AVKICTLBRHZUTM-UHFFFAOYSA-N,1,,0
MHRUHQSEUXHBOR-UHFFFAOYSA-N,1,7.619788758288394,1
OCDNDDLEORDHLQ-PSWAGMNNSA-N,1,7.619788758288394,1
CBHNJIKFZUSAPH-WMCAAGNKSA-N,1,7.619788758288394,2
LYYTTXCSEIAHQX-UHFFFAOYSA-N,1,7.619788758288394,1
AJRQMVCEFKRUBB-UHFFFAOYSA-N,1,7.619788758288394,1
QWTRQKKHBPRIJR-UHFFFAOYSA-N,1,,0
AOSUTZCGNCJEJR-UHFFFAOYSA-N,1,,0
XQSQCPKTXXORGA-FQEVSTJZSA-N,1,,0
NHUVYJAUZNBZPV-UHFFFAOYSA-N,1,,0
HVGNYVOUQOKFLU-UHFFFAOYSA-N,1,7.619036080789735,2
ULYBTXJNQXAQFS-UHFFFAOYSA-N,1,,0
MYAGOYYEDQFEPL-DUXPYHPUSA-N,1,7.614272405848441,4
MKCVGRWVINXSAR-UHFFFAOYSA-N,1,7.61383914663854,2
PAZJLCGVFVMKKH-UHFFFAOYSA-N,1,,0
IPMUUCRZGTZCPY-GCJKJVERSA-N,1,7.610833915635467,1
ASFLUVKXUIJMQA-UHFFFAOYSA-N,1,7.610833915635467,1
KNYXBOOAPFHWMJ-UHFFFAOYSA-N,1,7.609064892896621,1
AMKQYZPSQCPQGB-UHFFFAOYSA-N,1,7.608048210363632,2
SJIZZMHCOVMIHM-UHFFFAOYSA-N,1,7.608048210363632,2
YILNPRPYCRADTF-UHFFFAOYSA-N,1,7.607691353683562,2
JVMBIOQCKALKPB-UHFFFAOYSA-N,1,7.607303046740334,1
CNKNJMJEVKMFAR-UHFFFAOYSA-N,1,7.6060042474344876,2
IGGKHEHGJTUIOP-UHFFFAOYSA-N,1,,0
SOJFIJKCXJMOJO-UHFFFAOYSA-N,1,,0
YZUDCCCPYDXRSM-ZDUSSCGKSA-N,1,7.60345419991171,2
YQZMYCFYXGYDEA-UHFFFAOYSA-N,1,7.6020599913279625,1
NLAWPJROLJRPAW-QWHCGFSZSA-N,1,7.6020599913279625,1
SIDPGTZGVQNXLM-WGSAOQKQSA-N,1,7.6020599913279625,1
GFONORPPAQCULT-UHFFFAOYSA-N,1,7.6020599913279625,1
PJYMXWDDSLXHGG-UHFFFAOYSA-N,1,7.6020599913279625,1
MBMKBYGCQNWXCQ-UHFFFAOYSA-N,1,7.6020599913279625,1
YPVDZKHCFQJIDP-UHFFFAOYSA-N,1,7.6020599913279625,1
FVZDREXTEDTXIU-UHFFFAOYSA-N,1,7.6020599913279625,1
NUULIEKFIPBBLV-UHFFFAOYSA-N,1,7.6020599913279625,1
OCZGPPRWTUONED-UHFFFAOYSA-N,1,7.6020599913279625,1
VLUZXILOPLVBGT-UHFFFAOYSA-N,1,7.6020599913279625,1
WIMXOLDVKJDYQI-HNNXBMFYSA-N,1,7.6020599913279625,1
DJVDGVSUMTWLER-DGCLKSJQSA-N,1,7.6020599913279625,1
ZLGZCZCALIKICJ-UHFFFAOYSA-N,1,7.6020599913279625,1
FVPJTSVRXNIKNB-UHFFFAOYSA-N,1,,0
MNXNYFBCTGEMEN-IYARVYRRSA-N,1,,0
NKDQNOFCLUVBIY-UHFFFAOYSA-N,1,,0
AIXVGZUOFPCOMV-XCZPVHLTSA-N,1,7.601020178131402,2
XRUUSJMEKAKGQU-GOSISDBHSA-N,1,,0
TUVXDPMBDGZXNH-UHFFFAOYSA-N,1,,0
XNCGQUVERWAFRR-UHFFFAOYSA-N,1,7.599985320377932,2
BIMVUZQTSDREEH-UHFFFAOYSA-N,1,7.599980364934842,1
GSWFHQKRRUUVKI-UHFFFAOYSA-N,1,7.599980364934842,1
QENYNNSJVREWOL-UHFFFAOYSA-N,1,7.599980364934842,1
UVDIFPYXVNSROD-QAPCUYQASA-N,1,7.599980364934842,1
XMOYTZMFUFFAOA-UHFFFAOYSA-N,1,7.599980364934842,1
GNEOQNVIIJIRPW-UHFFFAOYSA-N,1,7.599980364934842,1
WLQQYOGZZSJJST-SFHVURJKSA-N,1,7.599980364934842,1
CWADTSDGYTVLDK-UHFFFAOYSA-N,1,7.599980364934842,1
PWMDANRQWZFAPB-UHFFFAOYSA-N,1,7.599980364934842,1
RISZOHTXHUANFZ-UHFFFAOYSA-N,1,7.599980364934842,1
SUOCMIKXLFKQTH-RUZDIDTESA-N,1,7.599980364934842,1
ILLQMENNVJLGMH-UHFFFAOYSA-N,1,7.599980364934842,1
ZPZJOEGHLORCHV-UHFFFAOYSA-N,1,7.599980364934842,2
JGRQIRDAIIUUCX-IYBDPMFKSA-N,1,7.599980364934842,2
IMFBORACXDJQCD-GCJKJVERSA-N,1,7.599980364934842,2
CUOZZEMLTFRECQ-UHFFFAOYSA-N,1,7.599980364934842,2
JSJOIAGWCLDVRP-UHFFFAOYSA-N,1,7.599980364934842,1
RQXZLQIADGREAL-YSEBVQFVSA-N,1,7.597394758080085,1
NVASSRJOXRMBMU-BSYVCWPDSA-N,1,7.596879478824182,1
NVRRMHFWYSOBLH-UHFFFAOYSA-N,1,7.596879478824182,1
XCRPIQQWBBGNRM-RJSYSLSQSA-N,1,,0
XWSSRMXCAFXSRM-CFFRYYMNSA-N,1,,0
VWTBKWKKPKFNJR-FQEVSTJZSA-N,1,,0
LSSXKYXGUAMNCD-UHFFFAOYSA-N,1,,0
DRDXZCGSMVSSLQ-UHFFFAOYSA-N,1,7.595220142682366,2
KZYVIWIXEQBYLC-LXUZPPDPSA-N,1,,0
XBGWTWPYCTZIIE-HXUWFJFHSA-N,1,7.5934598195660445,3
OUPQTELARLPZBM-UHFFFAOYSA-N,1,7.5934598195660445,1
WTTUGTZNJAQTRA-UHFFFAOYSA-N,1,,0
YCFPUDBYSCLGNZ-XUTJKUGGSA-N,1,7.591420874591332,1
NOUYXTFEXJHBRE-UHFFFAOYSA-N,1,7.590228032229065,4
YEHCICAEULNIGD-MZMPZRCHSA-N,1,7.590066876668706,5
DCVJRBZAOIFCKY-VIFPVBQESA-N,1,7.590066876668706,1
BQVJWRUFBDMFGQ-NSHDSACASA-N,1,7.590066876668706,1
PYODBBFAXCRGHN-UHFFFAOYSA-N,1,,0
WPXGRVDCIOTDGI-UHFFFAOYSA-N,1,,0
YAOWMUKUYWGVDH-UHFFFAOYSA-N,1,7.589046811323838,2
RYGODERPXMWCPP-LSNLESRRSA-N,1,7.58838029403677,1
TYKXLUMYKFFSJE-UHFFFAOYSA-N,1,,0
IEMSLTPIYQZIGD-UHFFFAOYSA-N,1,7.587124709325986,2
FANDJZBJYJYKGY-KESTWPANSA-N,1,7.586476991497633,2
WTPUPRUOBRKKPC-UHFFFAOYSA-N,1,,0
ZUOIZLRETXHGDT-UHFFFAOYSA-N,1,7.585348113584487,2
DKBPJHJAUABOCD-UHFFFAOYSA-N,1,7.585026652029182,1
JSSVAHJXBGMKKR-GMAHTHKFSA-N,1,7.585026652029182,1
UIYKUTOPDMMXAX-BEFAXECRSA-N,1,7.585026652029182,1
WTYNOFOXDOHJBE-UHFFFAOYSA-N,1,7.585026652029182,1
AKTHZRZKYPJJRC-UHFFFAOYSA-N,1,7.585026652029182,1
DWEHMLBGRQZUJA-UHFFFAOYSA-N,1,7.585026652029182,3
ACDYFMOSSUKHJD-HSZRJFAPSA-N,1,7.585026652029182,1
PSRASBIMNWAVNL-UKILVPOCSA-N,1,7.585026652029182,1
ACDYFMOSSUKHJD-QHCPKHFHSA-N,1,7.585026652029182,1
YXPPQEAUYCKYSO-UHFFFAOYSA-N,1,7.585026652029182,1
DCVQHBNYAZYIKB-UHFFFAOYSA-N,1,7.585026652029182,1
OGHNVEJMJSYVRP-QGZVFWFLSA-N,1,,0
SVQJCNSOIUXANV-IYARVYRRSA-N,1,,0
JZZWTXIQHYXBKT-UHFFFAOYSA-N,1,,0
IHQWOBBDTIBCNB-UHFFFAOYSA-N,1,,0
KPEURFNDOXZGIZ-UHFFFAOYSA-N,1,7.583359492661719,1
XLHUMARZTHVCFQ-GTMXNFSCSA-N,1,7.5828605902726745,1
LRAPRUKUYXVHBH-UHFFFAOYSA-N,1,,0
IENYPQKJOPZPRI-UHFFFAOYSA-N,1,,0
FASDKYOPVNHBLU-ZETCQYMHSA-N,1,7.568636235841012,14
FESDOYDRYVULEO-UHFFFAOYSA-N,1,7.578695380194719,2
OKYMHEQIJOCXSJ-UGUVSMLOSA-N,1,,0
HNLISXDOJMLKAY-UHFFFAOYSA-N,1,7.578396073130169,1
YLGXHKHIKDCOIA-UHFFFAOYSA-N,1,,0
UOKGFRGTMUWXQL-UHFFFAOYSA-N,1,7.5774509799928715,6
PWYCTCPWHXJEDU-UHFFFAOYSA-N,1,7.577110016444055,2
FWPPLEXUCNFYBN-UHFFFAOYSA-N,1,7.576754126063192,1
PHOMZHZOMNGFJF-UHFFFAOYSA-N,1,,0
IXQUACGJMOXDCP-UHFFFAOYSA-N,1,,0
XZIBXVSMGZCFPR-UHFFFAOYSA-N,1,,0
AQLFNWINMCVDSP-QAQDUYKDSA-N,1,,0
JKFGWCQWZHWMED-UHFFFAOYSA-N,1,,0
FYWWZJPZGSOQHH-UHFFFAOYSA-N,1,7.26003230324049,1
WKKKRYKOGQANCZ-UHFFFAOYSA-N,1,,0
BXPJDTCYZQOTIA-UHFFFAOYSA-N,1,,0
ALKXNIXXISSQFE-UHFFFAOYSA-N,1,,0
FKHXVLVBZSVIRU-UHFFFAOYSA-N,1,,0
VMWNQDUVQKEIOC-CYBMUJFWSA-N,1,7.523845995168937,28
SIPNIUHKEGJHLT-UHFFFAOYSA-N,1,7.568636235841012,1
REAPOTFJKWYQFW-UHFFFAOYSA-N,1,7.568636235841012,1
LAFUMJMKVVCEGP-UHFFFAOYSA-N,1,7.568636235841012,1
VZKPTHAFKKTYRC-HZCBDIJESA-N,1,7.568636235841012,1
NDJMUWDIDQMYFY-UHFFFAOYSA-N,1,7.568636235841012,1
YBCFDDCJLZVHPZ-HXUWFJFHSA-N,1,7.568636235841012,1
OPAXWXXUTHBWEX-UHFFFAOYSA-N,1,7.568636235841012,1
FBKYNXBETLTSPE-UHFFFAOYSA-N,1,7.568636235841012,1
CBJLKVBQMMAZQJ-UHFFFAOYSA-N,1,7.568636235841012,1
SCCJGBCCPYUPOB-UHFFFAOYSA-N,1,7.568636235841012,1
XTENPQMXIHRLGV-UHFFFAOYSA-N,1,7.568636235841012,1
QOECKZUXJGSVMP-UHFFFAOYSA-N,1,7.568636235841012,1
BGCTWVTVIOEIPP-UHFFFAOYSA-N,1,,0
UZUKFTSIGCBYIU-UHFFFAOYSA-N,1,,0
NCMZUNHPJFBZHL-UHFFFAOYSA-N,1,,0
VYUXTFBVDSGWAR-UHFFFAOYSA-N,1,,0
URZRGOOTISGVOW-UHFFFAOYSA-N,1,,0
JIOUQSMHLCSGTJ-UHFFFAOYSA-N,1,,0
NNKUZJKXZYNHAK-UHFFFAOYSA-N,1,,0
KIAANALRJGLJFT-UHFFFAOYSA-N,1,7.567030709125595,1
UUBRCCCOMNXSPK-IYARVYRRSA-N,1,,0
VRLVWZJMGUUUAL-UHFFFAOYSA-N,1,,0
IXSUYJGJHMRPNB-LZPMYQHXSA-N,1,7.563519304990505,1
KQJHXQUMRFPEBH-UHFFFAOYSA-N,1,7.522878745280337,3
WUVBFCGMNNHUHJ-UHFFFAOYSA-N,1,7.56246936830415,2
ZDFULMHHALUTIK-XDBKOMMSSA-N,1,7.562407967746038,1
QUMJJLZEFJECGH-UHFFFAOYSA-N,1,7.562249437179612,1
FSLWZIRTOUAUNP-UHFFFAOYSA-N,1,,0
HIILLLQCAOPSPC-UHFFFAOYSA-N,1,,0
MQXNRLRUBRWERN-FQEVSTJZSA-N,1,,0
ZHLBCCKGUNFWNS-UHFFFAOYSA-N,1,7.558169282423191,2
ORBZGAXKHHPTOD-UHFFFAOYSA-N,1,7.557520230935552,1
UHNTXNSIJZQVSR-UHFFFAOYSA-N,1,7.555955204081924,1
KGNGZUOBKTUHGP-UHFFFAOYSA-N,1,,0
JULCETCXZSSJNN-IBGZPJMESA-N,1,7.554245209174631,2
JYXHIYUOPFXQIM-UHFFFAOYSA-N,1,7.552841968657781,1
OUUMPVSFLSOGJZ-BGYRXZFFSA-N,1,7.552841968657781,1
VMCOPKACEUYYIT-UHFFFAOYSA-N,1,7.552841968657781,1
JRFXDRYERZNJFJ-UHFFFAOYSA-N,1,7.552841968657781,1
DRZUXCQSFDLIBG-QGZVFWFLSA-N,1,7.552841968657781,1
WAFDZIYPGQIZQE-UHFFFAOYSA-N,1,7.552841968657781,1
SCKAFECHWFQWIZ-WLJAXQAKSA-N,1,,0
PDKDFHUUMWFASM-UHFFFAOYSA-N,1,,0
BYPMJBXPNZMNQD-PZJWPPBQSA-N,1,,0
VSQDOVCYPJDCLP-AWEZNQCLSA-N,1,,0
SUQMUSUDBYIFKM-UHFFFAOYSA-N,1,7.551450489942221,2
IHFXDTQRUYQNOI-OWOJBTEDSA-N,1,7.55129368009492,1
HFRXSDADPBJKHZ-UHFFFAOYSA-N,1,,0
LJWIFZKAUORKLB-NRCGHCQOSA-N,1,7.551139154392559,1
ZHXHPEMSGWDXAG-SAIGFBBZSA-N,1,7.550830267834799,1
RRVTXZNXVUUSMV-UHFFFAOYSA-N,1,7.550059011226662,1
OPQCVWLIKQKWEU-UHFFFAOYSA-N,1,7.550059011226662,1
SVLJLEACLLUCRC-UHFFFAOYSA-N,1,7.550007718725304,2
FTEACBHSVWHXQR-QGZVFWFLSA-N,1,,0
LLJNHDOQJFYFCL-UHFFFAOYSA-N,1,7.548998554324635,2
YPKCWJPCWSVSDC-UHFFFAOYSA-N,1,,0
CHFSYCSOMAVVOM-UHFFFAOYSA-N,1,7.546681659952962,1
PWTRAIAVXRQYHQ-QDNSEPHBSA-N,1,7.546223140309558,1
WZJSIHGOLMMBAL-MRXNPFEDSA-N,1,7.419645713853785,2
NKLVDXHPTVXWQC-ZGMREDCLSA-N,1,,0
ASYRWYXXPRLTPR-UHFFFAOYSA-N,1,,0
MASFGJOTAOERQU-JKIUYZKVSA-N,1,7.543178651978401,1
YRCMSWAPYVIAQO-UHFFFAOYSA-N,1,,0
VLVNADWTXMPIOQ-CYYJNZCTSA-N,1,,0
KLCDWOVKIZMAPZ-UHFFFAOYSA-N,1,,0
XCLOPBYSKIWJNJ-IZZNHLLZSA-N,1,,0
XLHGDHLCZBHDRQ-MRXNPFEDSA-N,1,7.540004743952609,7
WDOHIMSNJWQAGJ-UHFFFAOYSA-N,1,,0
ZCYVHRJTZKPWLB-UHFFFAOYSA-N,1,,0
UAORLSRHSCKPEH-UHFFFAOYSA-N,1,7.538896861280492,2
UBFCDXVLKFOOGL-UHFFFAOYSA-N,1,7.5386372710033696,2
RUGZUJWEVYDLKD-UHFFFAOYSA-N,1,,0
HHUBBKQNDFELCT-IFMALSPDSA-N,1,7.537602002101044,1
FWYMLODBNSUZMM-OWOJBTEDSA-N,1,7.537602002101044,1
DXQITHRANRYTGO-UHFFFAOYSA-N,1,7.537602002101044,1
YNYGWSSJOCRJGL-UHFFFAOYSA-N,1,7.537602002101044,1
XAPOTBPYCJLOQK-UHFFFAOYSA-N,1,7.537602002101044,1
SJIGBFSVBCOEAP-UHFFFAOYSA-N,1,,0
RRYFTJVIXONIOF-UHFFFAOYSA-N,1,,0
APLABOCEGYBQFY-NRFANRHFSA-N,1,,0
SBWDEIFOMNBGRY-MEMLXQNLSA-N,1,,0
BMFJFECGESTBHX-UWBLVGDVSA-N,1,7.536107011014092,1
GKEJFCRKDSLTFV-FCHUYYIVSA-N,1,,0
LXIKJZDRBXJBAY-UHFFFAOYSA-N,1,,0
RZBBQNAIKHGIFW-UHFFFAOYSA-N,1,,0
WLSOCRVYAHGGDS-UHFFFAOYSA-N,1,,0
TXMVXDBYJCUQJD-UHFFFAOYSA-N,1,7.530313267526844,4
SPJPXOJVCGSOOK-UHFFFAOYSA-N,1,7.5300307905000405,1
VJKSHVBEJFBNJR-UHFFFAOYSA-N,1,,0
RNLGICBUTDKAAL-UHFFFAOYSA-N,1,7.527243550682788,1
FHJKGVBVLIXGIQ-CYBMUJFWSA-N,1,,0
VFPMJQLPEIDGKV-YPGOJHLTSA-N,1,7.525783735923745,1
FWIXCSGJXQPKPA-UHFFFAOYSA-N,1,,0
ASKCQUQTSBOXCM-UHFFFAOYSA-N,1,7.524032686309474,2
MTKHCEFATKQYMK-UHFFFAOYSA-N,1,7.522878745280337,1
ZNLWDIZBTNNEHH-UKRRQHHQSA-N,1,7.522878745280337,1
VPBJNBUDASILSQ-INIZCTEOSA-N,1,7.522878745280337,2
DINBMKNNYLFNIR-UHFFFAOYSA-N,1,7.522878745280337,1
VBHBKXBUHHJVBZ-UHFFFAOYSA-N,1,7.211254100081387,2
UYSWWUHGOKVFCN-UHFFFAOYSA-N,1,7.522878745280337,1
QWPNEQOAVUPQBX-RZDIXWSQSA-N,1,7.522878745280337,1
OVKBSFKFSBQCLW-GDLZYMKVSA-N,1,,0
ARBGOYBLJNKIDA-UHFFFAOYSA-N,1,,0
PSULQXVZBREQEA-UHFFFAOYSA-N,1,,0
AQSVMVNGAJNPNB-UHFFFAOYSA-N,1,,0
VRFVDWALYCNYTM-LBPRGKRZSA-N,1,,0
LPSPMYVAOZUORR-BJKOFHAPSA-N,1,,0
IZQJTFHFKAKSCB-UHFFFAOYSA-N,1,,0
ZLBHXUMEHKLNDW-FXAWDEMLSA-N,1,,0
XTZOWCVPOQNSNK-UWJYYQICSA-N,1,,0
GZSCSKUGXORHGO-QFBILLFUSA-N,1,,0
FJLHVGCNLNMUSS-UHFFFAOYSA-N,1,,0
GBSOVNOVWIQDRP-YJBOKZPZSA-N,1,,0
WSXVVKWNMGLXPQ-UHFFFAOYSA-N,1,,0
BEKOHGQOLPINNR-CQSZACIVSA-N,1,,0
MQHGUIVIAMHZIK-UHFFFAOYSA-N,1,,0
QAUUPSSLCSOCOQ-NEAURRHBSA-N,1,,0
HZFJQBUUXZYDBD-LGIDIJRNSA-N,1,7.518127589689336,1
UIERZYNYMSMAJC-IYARVYRRSA-N,1,7.5168407902830205,1
RUTFYETZGMCUGV-UHFFFAOYSA-N,1,7.511449283499555,1
DJBHHEQBMOYWRH-IWQZZHSRSA-N,1,,0
IKVYRMAXMYKCCI-UHFFFAOYSA-N,1,7.508638306165727,1
OZTVZSHZOQCELD-UNMCSNQZSA-N,1,7.508638306165727,1
MMNXGMKPQQFESW-MEMLXQNLSA-N,1,7.508638306165727,1
XRZGFBAAWMVHMU-UHFFFAOYSA-N,1,7.508638306165727,1
SHVCHMGRIYXVAY-OAQYLSRUSA-N,1,7.508638306165727,1
FPGKBFKWSRCNIW-UHFFFAOYSA-N,1,,0
NWCMJMNRRAXNGI-UHFFFAOYSA-N,1,,0
SDZBCEFNKKQHFZ-UHFFFAOYSA-N,1,,0
BJISURBWZYFXNY-UHFFFAOYSA-N,1,,0
BZXKTPMEZNZORO-OWOJBTEDSA-N,1,7.505845405981557,1
MUNUWDYLOYQPCC-UHFFFAOYSA-N,1,7.505825330426516,2
PWZPBZQTTHOCIS-MHZLTWQESA-N,1,7.958607314841775,3
KEBTXYVUUJRQQZ-UHFFFAOYSA-N,1,,0
JNNUNYQLZKWFQJ-UHFFFAOYSA-N,1,,0
FIIKFPYCOKYZNU-UHFFFAOYSA-N,1,,0
PCCIOJLFBPKJRF-UHFFFAOYSA-N,1,7.500312917381596,1
AIYDXOYEOAYSGJ-MJGBDJQUSA-N,1,,0
KNNFMTJBIQTYSC-HRPITWIVSA-N,1,7.50003813440381,1
BIMVUZQTSDREEH-FXAWDEMLSA-N,1,7.50003813440381,1
BVNLTQWFLUIWRX-UHFFFAOYSA-N,1,7.50003813440381,1
ZDZWIQDJFWTDAM-NQIIRXRSSA-N,1,7.50003813440381,1
JLHYDFVXCXCPKN-FUHWJXTLSA-N,1,7.50003813440381,1
QQJHRQZZCNYDMX-VPUSJEBWSA-N,1,7.50003813440381,1
MBXCICNJZAYLEN-UHFFFAOYSA-N,1,7.50003813440381,1
LCOXKZYCBKEFQL-UHFFFAOYSA-N,1,7.50003813440381,2
UAJYHPWCBGWDNL-UHFFFAOYSA-N,1,7.50003813440381,1
GGAQZJOAVWSKSS-UHFFFAOYSA-N,1,7.50003813440381,1
DEPZVFJRGVKNJM-UHFFFAOYSA-N,1,7.50003813440381,1
HWLQRSMZQWZHLO-HRAATJIYSA-N,1,7.50003813440381,2
OTIQETSFLFLTJQ-UHFFFAOYSA-N,1,7.50003813440381,3
MLHRKLZCJRKSHO-UHFFFAOYSA-N,1,7.50003813440381,3
ZXYDGAXWWXINKE-UHFFFAOYSA-N,1,,0
QCALWRVXYCHRSG-UHFFFAOYSA-N,1,,0
SYYIAXPMUWTBLV-QGZVFWFLSA-N,1,,0
IOCMJUXJUBZFSJ-UHFFFAOYSA-N,1,,0
KXMILNJJEHWZPF-UHFFFAOYSA-N,1,7.5,2
NNGXRRFVMCSLCM-ZDUSSCGKSA-N,1,7.499891453513885,2
LJKVVPJFMUCTIV-UHFFFAOYSA-N,1,7.498940737782249,1
IJMKDWHDIHKQAG-QBLCELHTSA-N,1,,0
DRHKJLXJIQTDTD-OAHLLOKOSA-N,1,7.496981022501341,2
RSCLYSXBPPXRCJ-UHFFFAOYSA-N,1,,0
ZEIYGHCLSNJBKD-UHFFFAOYSA-N,1,7.495699914119041,2
JPDDFPJRGRBBJU-UHFFFAOYSA-N,1,7.495699914119041,2
RDWDMKXDVMARBF-OXQOHEQNSA-N,1,7.494850021680094,1
HUKNOHADSBATLH-OBGWFSINSA-N,1,7.494850021680094,1
WZTXLKNXNIFASN-FYWRMAATSA-N,1,7.494850021680094,1
LGHLMADLDHUIJY-MQSINFNDSA-N,1,7.494850021680094,1
AYPZPRUFAPTKJJ-UHFFFAOYSA-N,1,7.494850021680094,1
XRDZUZLOELIAOU-UHFFFAOYSA-N,1,7.494850021680094,1
KMOMTWGPDMMDNW-UHFFFAOYSA-N,1,7.494850021680094,1
OVRYUDOMQFGLII-NRFANRHFSA-N,1,7.494850021680094,3
LNOVYYQKQHZPMN-UHFFFAOYSA-N,1,7.494850021680094,2
HMGRFTFFMNAXLQ-UHFFFAOYSA-N,1,,0
XNSZWIKNBVYPCN-UHFFFAOYSA-N,1,,0
RPTDCWYNUAKXPN-OJBMAJLDSA-N,1,,0
KYFVESQDGBCSRP-XZOQPEGZSA-N,1,,0
CIEGYDLRUMZWQS-HNNXBMFYSA-N,1,7.494850021680094,1
PTNPPRPOWCBKGO-SAIGFBBZSA-N,1,7.4905286478974515,1
IRDMBFZIMHZPDM-SAABIXHNSA-N,1,,0
FNRRHBXSSQNLPH-UHFFFAOYSA-N,1,7.489991487059765,1
FTGYSZBLJCFDON-VIFPVBQESA-N,1,7.489991487059765,1
LLIGDFVOQDLKCR-UHFFFAOYSA-N,1,7.489991487059765,1
URCUYFLFCCQWGB-UHFFFAOYSA-N,1,7.489991487059765,1
PUHAZBKUVIJPMC-IBGZPJMESA-N,1,,0
YFSQZKVPESKTJY-UHFFFAOYSA-N,1,7.209996479609511,1
ORJVECFOFDNLOZ-UHFFFAOYSA-N,1,,0
MMZIPJNBJQJCBM-UHFFFAOYSA-N,1,7.489454989793388,1
FLHKIKAYFDTIDG-UWSKWSKGSA-N,1,,0
KBPQEKWHQJZFGJ-HRADTXOISA-N,1,,0
GUJRSXAPGDDABA-NSHDSACASA-N,1,7.487806430091555,2
SJBGEHWYHKHGEN-NFTSZHPFSA-N,1,,0
CZLNGXCUCYKLOR-UHFFFAOYSA-N,1,,0
CGMLBXCXNAARPC-KRWDZBQOSA-N,1,,0
RVBDWZKWSXQLMF-DOTOQJQBSA-N,1,7.485105264584072,2
JBKITGSPOFFGJB-UHFFFAOYSA-N,1,7.485105264584072,2
MDBWEQVKJDMEMK-UHFFFAOYSA-N,1,7.485064717998023,6
NTGJPMYEJARDOV-UHFFFAOYSA-N,1,,0
LXFPKJLLIWPMEU-UHFFFAOYSA-N,1,7.482804102050026,3
WLZVXPFXXASTLW-UHFFFAOYSA-N,1,7.481486060122112,1
HHJZLMLSFAAFSL-UHFFFAOYSA-N,1,7.481486060122112,1
SFPSQBFPUCFLEZ-AIZNXBIQSA-N,1,7.481486060122112,1
MNVDCQLMHFFYCU-UHFFFAOYSA-N,1,7.550637409205253,2
CHOFOIZYGVGSTB-UHFFFAOYSA-N,1,7.481486060122112,1
PYQMFEXIFSASPF-QUURXOELSA-N,1,7.481486060122112,1
XRUQWQMSCMPGRN-UHFFFAOYSA-N,1,7.481486060122112,1
SFPSQBFPUCFLEZ-UHFFFAOYSA-N,1,7.481486060122112,1
JGJOJEUMPBPYKM-UHFFFAOYSA-N,1,,0
GKTINDHAZROOEF-XUTJKUGGSA-N,1,,0
VVPCRKVUSARVSE-UHFFFAOYSA-N,1,7.4808886808156405,2
YDLWLYDTYNHXBM-VWLOTQADSA-N,1,7.480172006224281,3
LDQCWGIXZGDJNL-HDICACEKSA-N,1,7.4800408192479315,1
SBKJMNCSBLEGCS-UHFFFAOYSA-N,1,7.476304148899779,2
SSKRZOVNWRTPKN-ONEGZZNKSA-N,1,7.4736607226101555,1
WOCTZIGUHYMWQK-XYWHTSSQSA-N,1,7.472241247479028,1
LKMYYERAFNDIAS-BVSLBCMMSA-N,1,7.471726222832956,1
FIVZLAMKROFZLS-UHFFFAOYSA-N,1,7.471083299722345,1
LSEUGCSNKVUOIA-UHFFFAOYSA-N,1,7.470056598341331,1
HVMJOCQDRCRUSG-GDBMZVCRSA-N,1,7.4698003017969175,1
RRSNTPLBDRZYRF-UHFFFAOYSA-N,1,7.469273760456403,2
BMOMPPTVRLYMKB-KESTWPANSA-N,1,7.468521082957745,1
BXGCCZDRUAOMRC-HZCBDIJESA-N,1,7.468521082957745,1
GMJXFEMNNKZIHB-UHFFFAOYSA-N,1,7.468521082957745,1
FSOQNRYVHQRTNP-UHFFFAOYSA-N,1,7.468521082957745,1
ATMVGYLFYGIYDI-UHFFFAOYSA-N,1,,0
QSJAUBPARAVPRJ-UHFFFAOYSA-N,1,,0
LUENAZOOIPSKQU-UHFFFAOYSA-N,1,7.4675838901307126,2
MTZVFISNUGZYGT-UHFFFAOYSA-N,1,,0
JPWJEOXRYREVNQ-SNAWJCMRSA-N,1,,0
LYFXQSOWXVVQIV-RUDMXATFSA-N,1,7.46657624451305,2
HOMQYYYMDXLYHT-XYWHTSSQSA-N,1,7.466100899203406,1
RSDQZKVVYWSUBP-UHFFFAOYSA-N,1,,0
ALDCLQHVTZPMQV-SFHVURJKSA-N,1,7.465593100862123,1
BHVASJSYMURYLK-UHFFFAOYSA-N,1,7.465350993942235,2
TUHWCWZHGQPAEF-HNKWHGCMSA-N,1,7.465212641370508,1
OWMILJDHSTVDQS-UHFFFAOYSA-N,1,7.46479633912994,2
OTFGAIWJVVIARF-BHLWCXQCSA-N,1,,0
JMWRDCITGMOBIH-HNNXBMFYSA-N,1,7.4639468448407955,1
WLQPRUMGPAOCRW-VXKWHMMOSA-N,1,,0
LBZHOUJGVUYWGV-UHFFFAOYSA-N,1,7.46344155742847,1
QFHMBWDXZWRJJD-HRAATJIYSA-N,1,,0
IVTDCEWSHSHIRQ-UHFFFAOYSA-N,1,,0
XQDRWCFJBHLWPR-RAXLEYEMSA-N,1,7.460046158343603,1
NHDHOZYKTMAVEE-KRWDZBQOSA-N,1,,0
BXFQWUWUYQYATQ-UHFFFAOYSA-N,1,,0
AENHFZZMNBETCL-UHFFFAOYSA-N,1,,0
IRECDGNNIQNOJK-KRWDZBQOSA-N,1,7.459254335737151,2
CYKDLPATFKQUCK-UHFFFAOYSA-N,1,,0
WDDZPZKGLZNGEH-MRXNPFEDSA-N,1,7.455931955649724,1
RGVVYJTVAURUOT-UHFFFAOYSA-N,1,7.455931955649724,1
GJUDGMHZQOXKJL-UHFFFAOYSA-N,1,7.455931955649724,1
IHQUTAVKEAOLLM-UHFFFAOYSA-N,1,7.455931955649724,1
ZCAJFFDMFGAKNN-UHFFFAOYSA-N,1,7.455931955649724,1
JTFHPPAFIYXSHF-UHFFFAOYSA-N,1,7.455931955649724,1
JJIBAQPGIKFZRA-UHFFFAOYSA-N,1,7.455931955649724,5
VDUFANHTAMLEII-UHFFFAOYSA-N,1,,0
LRGSUAGMMWSFMF-ZIIYYELXSA-N,1,,0
XRCDIXVHGJBKLI-AATRIKPKSA-N,1,7.453457336521869,1
ZCVYWZZKFYUXJC-UHFFFAOYSA-N,1,,0
AZXRALDDIQIHKZ-UHFFFAOYSA-N,1,7.453457336521869,1
ICXGSSKPPOBXQR-UHFFFAOYSA-N,1,7.450016388840311,1
OCELOKBVPAERLI-MRXNPFEDSA-N,1,7.450016388840311,7
FPHFICIJDHPAHE-RBUKOAKNSA-N,1,7.449814727441218,2
VEFKQCVWZLAVCM-UHFFFAOYSA-N,1,,0
WOWYFQWPMWYJNL-UHFFFAOYSA-N,1,7.448550002027124,5
OQSPWUFSIHNMPK-UHFFFAOYSA-N,1,,0
HTLXYBUCLBSMJZ-XGAFWQRZSA-N,1,,0
YEOWMZRSKXXMFL-UHFFFAOYSA-N,1,7.447331783887806,1
CGJFUPKHNBCZFP-UHFFFAOYSA-N,1,,0
YWHIUWBZLAIORJ-KJSDXJSGSA-N,1,7.44648105985103,1
HVXBMABYUWVXDA-UHFFFAOYSA-N,1,,0
PJAGGJPKGNYFJH-QGZVFWFLSA-N,1,,0
HLWTUGVLYCATKY-OCEACIFDSA-N,1,,0
FPHFICIJDHPAHE-RTBURBONSA-N,1,7.443697499232712,2
MZZWDJMFTYZXCL-UHFFFAOYSA-N,1,7.443697499232712,1
MDOKTLACQIDXQG-HZCBDIJESA-N,1,7.443697499232712,1
NPLIFQHCPLOMFR-WMCAAGNKSA-N,1,7.443697499232712,1
KGZLHIUAOKRDKJ-UHFFFAOYSA-N,1,7.443697499232712,1
NJJMNKOVGYIOBG-UHFFFAOYSA-N,1,7.443697499232712,1
HUFSUMIWNMPJOE-UHFFFAOYSA-N,1,,0
MQNHHBZFJXKPQN-UHFFFAOYSA-N,1,,0
KMIIKERMEYOZTK-PGWJBFNOSA-N,1,,0
PXWQDDTVMQMYJG-UHFFFAOYSA-N,1,7.441662927602026,2
MSQRTETUBFIHMP-UHFFFAOYSA-N,1,7.439973751087107,1
UIFDNPUSYCXLPI-UHFFFAOYSA-N,1,7.439973751087107,1
QKNMUTJKRIBDKW-XUTJKUGGSA-N,1,7.438779321066056,1
KLNLTJFTGMITBV-UHFFFAOYSA-N,1,,0
SJUYCGYJRSRZHG-JLHYYAGUSA-N,1,7.434270212168873,1
DUVNCSZVWYCEFO-VWLOTQADSA-N,1,7.434152181326482,1
DDRAKDPEZWFDFW-UYAOXDASSA-N,1,7.431798275933005,1
JOCSRIUJRNEKRZ-OBGWFSINSA-N,1,7.431798275933005,1
UDLOEFIJNKLNAS-UHFFFAOYSA-N,1,7.431798275933005,1
HNTIGZIKHBPAFD-MXVIHJGJSA-N,1,7.431798275933005,1
MDOKTLACQIDXQG-SZPZYZBQSA-N,1,7.431798275933005,1
PBYSLXLVOFLVAY-UHFFFAOYSA-N,1,7.431798275933005,1
GUOQPFNLBAXWIZ-UHFFFAOYSA-N,1,7.431798275933005,1
FOBZBVWBEVBZHU-UHFFFAOYSA-N,1,7.431798275933005,1
WZWOJHTTXVCIBY-RZDIXWSQSA-N,1,7.431798275933005,1
XIPPMBYEJXCYMK-UHFFFAOYSA-N,1,,0
JLOAJISUHPIQOX-UHFFFAOYSA-N,1,7.431798275933005,1
VECUWLITDSFQFD-UHFFFAOYSA-N,1,,0
UEDMFDWWGVDRAR-UHFFFAOYSA-N,1,,0
SNZBWZJDHITSSV-UHFFFAOYSA-N,1,,0
HLPZIBGYIXVOLZ-UHFFFAOYSA-N,1,,0
MKNLGRDWBBCEHS-QFIPXVFZSA-N,1,,0
VLVHBCCFLHBDRZ-UHFFFAOYSA-N,1,,0
CRPFIYXBQORQJX-UHFFFAOYSA-N,1,,0
LNEZIIGVFFLLQU-UHFFFAOYSA-N,1,7.431322944314633,2
YXORYFHPDVVIAR-FXCIWXGGSA-N,1,7.43074316667139,1
SXCVVYUSUGUSMW-UHFFFAOYSA-N,1,7.430626090384954,1
XCJLVDRQFATWPP-UHFFFAOYSA-N,1,7.430041181903406,1
HMBLGIYYEVWFCT-XMMPIXPASA-N,1,,0
MNRVQQMXCSSSJO-UHFFFAOYSA-N,1,,0
AYSGDGVMVFJUQY-JKIUYZKVSA-N,1,7.428058364925538,1
IRVKXZUMTITJIC-UHFFFAOYSA-N,1,7.42712839779952,2
MOINQXFCUHCNNN-SAABIXHNSA-N,1,7.426316306906202,1
NTASTGHPPLINPW-UHFFFAOYSA-N,1,7.42597027643593,2
JMLMUVQDRNZKFK-JKIUYZKVSA-N,1,7.425968732272281,1
JAUQVGAQEBWHPG-LJQANCHMSA-N,1,7.425359644829488,2
BICAEYYDSQRCOQ-UHFFFAOYSA-N,1,,0
ZMVMIDCCNZYMFG-UHFFFAOYSA-N,1,7.424812155072339,1
HAABFBIZZCRWSI-UHFFFAOYSA-N,1,,0
GZMFCBBYSYSGOZ-UHFFFAOYSA-N,1,,0
DLLDYOMDZPUMBB-UHFFFAOYSA-N,1,,0
NOOJLZTTWSNHOX-UWVGGRQHSA-N,1,8.55395269865476,8
XZONNCQQDNOYMJ-UHFFFAOYSA-N,1,,0
URHQGZYMDHLTGD-UHFFFAOYSA-N,1,,0
DCTJWNXQZKKVMP-UABRLCRWSA-N,1,,0
LIHBEDGPTZLMMR-UHFFFAOYSA-N,1,7.422508200162775,1
BSIYFWFTDCENGZ-ONEGZZNKSA-N,1,7.421360790031928,1
UGARFWZIGMXQJJ-DUXKGJEZSA-N,1,,0
IKAPCPDHWACXJE-XUTJKUGGSA-N,1,7.420673796244745,1
FBQVSOZYMOLIKP-LJQANCHMSA-N,1,7.42021640338319,1
XOMRUHWGUJNGLC-AFARHQOCSA-N,1,7.42021640338319,2
BQYLCESBRUFPJL-UHFFFAOYSA-N,1,7.42021640338319,1
TWQROZICHMTHNN-UHFFFAOYSA-N,1,7.903716273331727,2
SGUZNMAAJVIZHU-UHFFFAOYSA-N,1,,0
QWZAQKYTKIEATF-UHFFFAOYSA-N,1,,0
SSEVMIWXQHHFRF-UHFFFAOYSA-N,1,7.419987887470576,1
RDXPMJJNBGHREI-KRWDZBQOSA-N,1,,0
XXUXRIDSKSDOGY-XYWHTSSQSA-N,1,7.4196453388934085,1
YPNBJNLSFKYUJW-HZCBDIJESA-N,1,7.419531216048998,1
PWILDKRUNPVJAN-UHFFFAOYSA-N,1,,0
XESYYKHMJOWEPL-XYWHTSSQSA-N,1,7.4182778400509015,1
RKXSQHTWNMDLJM-UHFFFAOYSA-N,1,,0
FLHNFXPLCFJIDJ-MRXNPFEDSA-N,1,7.415751258238483,2
QKVOQKSMJIDFBY-UHFFFAOYSA-N,1,,0
XTYMHPYTYMGIID-ZHACJKMWSA-N,1,7.414539270491499,1
SJBGEHWYHKHGEN-CKXRIRIKSA-N,1,,0
VUSBFQZSDADXBE-UHFFFAOYSA-N,1,,0
BZUCYSTYXVHZSB-INIZCTEOSA-N,1,7.413075291855179,1
QGNVJFHGWZQUHS-AREMUKBSSA-N,1,,0
SIWFRLSPUANOPO-UAPYVXQJSA-N,1,7.411616231621272,1
OBFPDOMCBFUMBH-UHFFFAOYSA-N,1,7.411376081872188,2
PNYXLKQFWMPYSH-OAHLLOKOSA-N,1,7.410380414762105,6
NODNWTANTRFPNW-NSHDSACASA-N,1,7.410050398674292,1
WVWFPNBJDFSYGW-KRWDZBQOSA-N,1,,0
GYSXAUVBDDQZPQ-UHFFFAOYSA-N,1,,0
PVENBHMDIHLYQL-UHFFFAOYSA-N,1,,0
YJGPWNCHDJDGJR-UHFFFAOYSA-N,1,7.409398448514111,6
OMLKVBCFEFXJLV-MXVIHJGJSA-N,1,7.4089353929735005,1
NPNPXVGDECLLAT-UHFFFAOYSA-N,1,7.4089353929735005,1
JUCOWYBTHHKLNZ-UHFFFAOYSA-N,1,7.4089353929735005,1
ZDNRYSVLOMAJEZ-HZCBDIJESA-N,1,7.4089353929735005,1
ZGPMTEINYPKUKN-GOSISDBHSA-N,1,7.4089353929735005,1
OQWYJSDRCMFVSW-UHFFFAOYSA-N,1,7.4089353929735005,1
UOQUWTVSXPYAOD-UHFFFAOYSA-N,1,,0
JNMNZCISRVSLEC-UHFFFAOYSA-N,1,,0
XFLGSSQRQNMLNA-UHFFFAOYSA-N,1,,0
XFPTZPCTBFZTJN-UHFFFAOYSA-N,1,,0
ACDYFMOSSUKHJD-UHFFFAOYSA-N,1,7.408564518005546,4
KOJQTECQJQQSSZ-NSCUHMNNSA-N,1,7.407823242604133,1
MPLKOFSZQUCZEC-UHFFFAOYSA-N,1,7.407823242604133,1
MAMYYNBMHYGSHM-UHFFFAOYSA-N,1,7.406804392152253,2
HGMQRIBEHJQILA-MEDUHNTESA-N,1,7.406713932979542,1
OLJONOSWRLTMOI-UHFFFAOYSA-N,1,,0
MCDAEUYVUVDWKX-JXHJALMBSA-N,1,,0
DUHKHQKTAJUAJL-UHFFFAOYSA-N,1,,0
HFZAKKDYDONOQJ-MOJGAOKDSA-N,1,7.404503778174426,1
XNSOJCJPLUSJAA-KRWDZBQOSA-N,1,,0
YXHCEPKHXWSIBM-UHFFFAOYSA-N,1,,0
YCVCSJNOURLGPF-XUTJKUGGSA-N,1,7.4029633350223465,1
UVDIFPYXVNSROD-MAUKXSAKSA-N,1,7.400007822415902,1
ZDZWIQDJFWTDAM-GHTZIAJQSA-N,1,7.400007822415902,1
ZDZWIQDJFWTDAM-UHFFFAOYSA-N,1,7.400007822415902,1
OVLGSRKGTAEWQF-ZEQRLZLVSA-N,1,7.400007822415902,1
WCXOZRBCTFWPKS-UHFFFAOYSA-N,1,7.400007822415902,1
SUOCMIKXLFKQTH-UHFFFAOYSA-N,1,7.400007822415902,3
ZGEMRFRKWCDFJH-UHFFFAOYSA-N,1,7.400007822415902,1
JARNORYOPMINDY-UHFFFAOYSA-N,1,7.400007822415902,2
MHBUXFIHOVRGPW-UHFFFAOYSA-N,1,7.400007822415902,1
BVXSVALQOFIYSP-UHFFFAOYSA-N,1,7.400007822415902,3
CUDIFALFXGTJEV-UHFFFAOYSA-N,1,7.400007822415902,1
ZWBIIYBHVNHQOG-UHFFFAOYSA-N,1,7.400007822415902,1
MXCLECXWSGNJLS-UHFFFAOYSA-N,1,7.400007822415902,1
AMADNKXMEDYTCS-UHFFFAOYSA-N,1,7.400007822415902,1
VMVIBHPQZUBRKV-UHFFFAOYSA-N,1,7.400007822415902,1
ULMBXLAVXIEGRS-UHFFFAOYSA-N,1,7.400007822415902,1
HCMQQWOQIHLJGQ-UHFFFAOYSA-N,1,7.400007822415902,1
SKRQYXAPIDILOG-AWEZNQCLSA-N,1,7.400007822415902,1
PGNPMTAEFDKCKN-BWKNWUBXSA-N,1,,0
KVOGMCMTXSJSSF-OHMXSUBVSA-N,1,,0
QIVWZHLPLMDRRN-UHFFFAOYSA-N,1,,0
BAGJQDYWVPCFCU-UHFFFAOYSA-N,1,7.398892112099434,2
APOMSSAGEAOUGO-UHFFFAOYSA-N,1,7.398211612511013,2
CEJURZXMIYUTSE-UHFFFAOYSA-N,1,7.3979400086720375,1
BLYMJBIZMIGWFK-OAHLLOKOSA-N,1,7.360166527975772,6
GNCURQFERCHEMV-UHFFFAOYSA-N,1,7.3979400086720375,1
DLNHKFQPIHQHPC-UHFFFAOYSA-N,1,7.3979400086720375,1
FVDZPUYRYDLOSF-UHFFFAOYSA-N,1,7.3979400086720375,1
MOJPVHLAGWNFCV-UHFFFAOYSA-N,1,7.3979400086720375,1
RUNHZSVFEKDKRE-UHFFFAOYSA-N,1,7.3979400086720375,1
XNWAWODVOOTTKE-RDTXWAMCSA-N,1,7.3979400086720375,1
XAAGODSBJUUWCQ-UHFFFAOYSA-N,1,7.3979400086720375,1
POTCTIWPEKKBBZ-UHFFFAOYSA-N,1,,0
HNESGTKRCNCDKX-UHFFFAOYSA-N,1,,0
GMEKBIQFYDAEOK-BRLLKYFNSA-N,1,7.396855627379818,1
YKLLQSPNTXNQJT-JCNLHEQBSA-N,1,,0
FRFIZCRRPBDSOP-AATRIKPKSA-N,1,7.393618634889395,1
TYDLJGLEGXSDIM-PICJASKTSA-N,1,,0
NHSJCZWSFCNYLB-UHFFFAOYSA-N,1,,0
POVCSYONXDMZKL-XMMPIXPASA-N,1,7.391473966422806,1
ADUUVPPWHWVJFK-UHFFFAOYSA-N,1,,0
JKWVQRPLWQNRNL-UHFFFAOYSA-N,1,7.39040559077478,1
PIZUPLOSIUAOMH-UHFFFAOYSA-N,1,7.389319879441152,4
WCXYNCOEJKTKIB-HNNXBMFYSA-N,1,7.389020620077003,1
KVGNSDMVYWRLTG-UHFFFAOYSA-N,1,,0
UPTHGVUSCNDAPF-UHFFFAOYSA-N,1,7.387842263795441,2
RGBZBUUBQUSTAD-ICSRJNTNSA-N,1,7.3872161432802645,1
YJWWBNSDIIFYRN-UHFFFAOYSA-N,1,7.3872161432802645,1
XAJNHJMBQCJVMY-UHFFFAOYSA-N,1,7.3872161432802645,1
GTRAXVNCZVAHOO-OWOJBTEDSA-N,1,7.3872161432802645,3
UCQNMJXTWOYVNH-UHFFFAOYSA-N,1,7.3872161432802645,1
OPXIAQIQFMLKDK-UHFFFAOYSA-N,1,7.3872161432802645,2
TVMPFYXRKKJWDF-UHFFFAOYSA-N,1,7.3872161432802645,1
YCFSCWCCZHATDT-UHFFFAOYSA-N,1,7.3872161432802645,1
PJVALUSGGUHVON-KRWDZBQOSA-N,1,,0
XACKNAOULJGCTD-XZOTUCIWSA-N,1,,0
RGWPRPGUMAJABR-YCFKULOQSA-N,1,,0
HMYBAZWTOQSPCY-DEOSSOPVSA-N,1,7.3851027839668655,1
IPXYCJHALCJMEQ-XUTJKUGGSA-N,1,7.383734594718292,1
LEBXHMQTGORPIS-NGRWLJPCSA-N,1,7.382999658879101,1
WUJBQGWQEZSHSL-UHFFFAOYSA-N,1,7.382999658879101,1
RRGONONIXNMNQE-UHFFFAOYSA-N,1,,0
PWZPBZQTTHOCIS-UHFFFAOYSA-N,1,7.382235776546225,2
IBNGPFLSWWZTBJ-UHFFFAOYSA-N,1,7.3819519032879075,1
BKYLOINGTUMEIT-KESTWPANSA-N,1,7.381847266621481,1
WKAAYYBBGYEZQQ-UHFFFAOYSA-N,1,7.381519867091024,4
UWXLBLFCZDJRKI-CNNODRBYSA-N,1,,0
RJXYBXCQVVCCAR-CYBMUJFWSA-N,1,7.3799681048737025,1
UPGNMHWUCFSKGJ-UHFFFAOYSA-N,1,7.3799681048737025,1
XNMSLJNWIPSTJD-KNQAVFIVSA-N,1,,0
JSFVESKREDQPEC-OAQYLSRUSA-N,1,7.3797253758587,2
KDFKJOFJHSVROC-INIZCTEOSA-N,1,7.040958607678906,1
RTMIJLQPWFKAFE-FPYGCLRLSA-N,1,7.378605095260662,2
SMAIYEDJNYNJCS-UHFFFAOYSA-N,1,7.378359407237901,2
WLSSDELGXZDINE-UHFFFAOYSA-N,1,,0
YOILXOMTHPUMRG-TZMCWYRMSA-N,1,6.652434351147987,2
DGLBBHYIYLVQGF-MEMLXQNLSA-N,1,7.376750709602099,1
KAHFZGUOPFFVHW-OYRHEFFESA-N,1,7.376750709602099,1
QJMDUKSLBFAKOC-UHFFFAOYSA-N,1,7.376750709602099,1
DXXXGJIMFKZHRL-UHFFFAOYSA-N,1,7.239561809155829,2
XTHNKXHWYMMNTD-NRFANRHFSA-N,1,,0
VEMOQUROGJYIHS-UHFFFAOYSA-N,1,,0
BUJBIVXDBXZHAP-UHFFFAOYSA-N,1,,0
KYEDFGNSKLCWNR-UHFFFAOYSA-N,1,,0
PWXSXDYNNANOIK-UHFFFAOYSA-N,1,7.372634143407267,1
BMCZTYDZHNTKPR-INIZCTEOSA-N,1,,0
DFHPWPGRLKWZOX-UHFFFAOYSA-N,1,,0
QQEZOHBLTCDYDC-UHFFFAOYSA-N,1,,0
CKZUCRHCJYOODQ-UHFFFAOYSA-N,1,,0
OXZDZQHGQWZSTR-UHFFFAOYSA-N,1,,0
VWTCRTQGMATJRY-HCGLCNNCSA-N,1,,0
RGAGEHAXWCECRD-UHFFFAOYSA-N,1,7.370284774891935,2
ATFLUEAKGONIBT-QAQDUYKDSA-N,1,7.36997914888659,1
YBIAFKASHSKZAI-UAPYVXQJSA-N,1,7.36997914888659,1
JIMZYWHOJZKVBJ-UHFFFAOYSA-N,1,7.369964306007462,2
NYPHNXBBMJRKSX-UHFFFAOYSA-N,1,,0
NCNQTLANEBMAPM-UHFFFAOYSA-N,1,,0
PXQSZLIMMPVGFB-QTRRZBIWSA-N,1,7.368556230986828,1
VOEUXHROHLFPEE-UHFFFAOYSA-N,1,7.366531544420413,1
WVYXCJHHNDTVPH-MRXNPFEDSA-N,1,7.366531544420413,1
KCWSSYYCEGZXTI-MEMLXQNLSA-N,1,7.366531544420413,1
IHUSAUOGQDOBGQ-UHFFFAOYSA-N,1,7.366531544420413,1
YAQQLLHWVKVXCR-UHFFFAOYSA-N,1,,0
UVHCYAYELJOQKF-UHFFFAOYSA-N,1,,0
VGUQUIYJFQJLRU-UHFFFAOYSA-N,1,,0
MVKKLGNVARQKRP-UHFFFAOYSA-N,1,7.363512103646634,1
JIFUZIJTCAAWNY-UHFFFAOYSA-N,1,7.36280560222481,2
IOFOPIMDJBEBFZ-UHFFFAOYSA-N,1,7.362114049917534,2
OXYSILQZQLVAHW-AQYVVDRMSA-N,1,7.361610592334664,1
VJVSHSVLEVBQER-INIZCTEOSA-N,1,,0
JXBCWOBRVYSONW-OWOJBTEDSA-N,1,7.359518563029578,1
GWGVZWMERZAHNI-UHFFFAOYSA-N,1,7.359518563029578,1
YZNCNHWANPBHMC-UHFFFAOYSA-N,1,,0
MJWAVTIYFCPJPE-MJGBDJQUSA-N,1,,0
XUKSGYGUDPUQCB-SIKLNZKXSA-N,1,,0
FGJYYZXNIMNFLL-UHFFFAOYSA-N,1,7.359369656472493,2
KVMRAZYLDHPBOZ-OAQYLSRUSA-N,1,7.356547323513812,1
DPOUSVNUKWQWOC-UHFFFAOYSA-N,1,7.356547323513812,1
KATJMALRFZLGNX-QUCCMNQESA-N,1,7.356547323513812,1
QLEDKIKIXCMTCN-UHFFFAOYSA-N,1,7.356547323513812,1
GEJKYGSJUJTWOZ-UHFFFAOYSA-N,1,7.356547323513812,1
UKWKGPXTOBMYJV-UHFFFAOYSA-N,1,7.356547323513812,1
SJEXSMOVRPPLBZ-VXMMSVGHSA-N,1,7.356547323513812,1
OIEGDDBPBCGRNO-UHFFFAOYSA-N,1,7.356547323513812,1
UGKBAMPEXOAPEC-UHFFFAOYSA-N,1,7.356547323513812,1
CCPODSOEHBIKBW-UHFFFAOYSA-N,1,,0
BXCDGOZRLHWEFT-UHFFFAOYSA-N,1,,0
PGKMOUOGPCFQTK-QGZVFWFLSA-N,1,,0
WORJIMKQVUMSKB-AJJNSDSGSA-N,1,,0
BKMZKOFYOHRYLE-UHFFFAOYSA-N,1,,0
SJEXSMOVRPPLBZ-UHFFFAOYSA-N,1,,0
YEWGIGCYIAMFMA-UHFFFAOYSA-N,1,7.365804046946385,6
WMTJVDAYQLPIMI-UHFFFAOYSA-N,1,7.351639989019068,1
FKVUODCCSPECOT-OUMHMPNFSA-N,1,,0
TUFADSGTJUOBEH-ZWNOBZJWSA-N,1,7.349984047528162,3
HVEBDZMABXCCBQ-YORAJNPUSA-N,1,7.349984047528162,1
DIYOCPLUZDCNKK-UHFFFAOYSA-N,1,7.3487219860018556,1
OJZXUFDBDMQATJ-UHFFFAOYSA-N,1,7.347754736113256,4
UKOYDIULRIOVQF-UHFFFAOYSA-N,1,7.347322165314649,4
XIQJOGXXLJYFNE-UHFFFAOYSA-N,1,7.346787486224656,1
JKXNHYROCOIFSB-UHFFFAOYSA-N,1,7.346787486224656,1
FFXLCCZAXLBJFW-OYRHEFFESA-N,1,7.346787486224656,1
JJLIADRRWNTBBL-UHFFFAOYSA-N,1,7.346787486224656,1
VVKLFXHTLGCGNU-UHFFFAOYSA-N,1,,0
PHWAYSNJBMZAQY-UHFFFAOYSA-N,1,,0
KOZDJSANCQUJOB-UHFFFAOYSA-N,1,,0
LHQYJFMEVSYGBX-UHFFFAOYSA-N,1,,0
NWVWDVQASIRPNE-UHFFFAOYSA-N,1,,0
VVODYFOWICQKRF-XYWHTSSQSA-N,1,,0
YGHLYBIUVOLKCV-SMDDNHRTSA-N,1,7.346251981043394,2
PRFMGTLPQCIDNC-YORJZILVSA-N,1,,0
PHVNNOMMTJPRIX-XUTJKUGGSA-N,1,7.3441895055047475,1
IPQCNTXEUDGNJY-UHFFFAOYSA-N,1,7.342973647694836,2
LJZKZXJPHHZDQF-UHFFFAOYSA-N,1,,0
VOYZXRJNYUYGFI-UHFFFAOYSA-N,1,7.341988603342887,1
DTCVWCSOYIFSFR-UHFFFAOYSA-N,1,,0
HMFMXNMQUZMGQI-OWOJBTEDSA-N,1,7.34008379993015,1
FZEUFNLUEJZENL-APWZRJJASA-N,1,,0
QKOGDLJCRXBSED-UHFFFAOYSA-N,1,7.339988778710669,1
QQORREJGDAZEMQ-LBPRGKRZSA-N,1,7.339988778710669,1
WLHOVCQZTZDBFS-UHFFFAOYSA-N,1,7.338187314462739,1
MTQWOJOFKUQLJW-QAQDUYKDSA-N,1,7.337242168318426,1
BUSRXNBLQQVZCO-OAQYLSRUSA-N,1,7.337242168318426,1
XRXVZFVFIDKFOR-UHFFFAOYSA-N,1,7.337242168318426,1
BQDBCWZXPYWQGM-UHFFFAOYSA-N,1,7.337242168318426,1
IWCRACLNBWLIAL-UHFFFAOYSA-N,1,7.337242168318426,1
RJBZCOQIWDMFST-UHFFFAOYSA-N,1,7.337242168318426,1
DENZLVKUHPRTLB-UHFFFAOYSA-N,1,,0
LKXCWTFZOCKBJZ-UHFFFAOYSA-N,1,,0
JYKMFGDLZDHDBQ-UHFFFAOYSA-N,1,,0
IBPKFKZAYBVENB-UHFFFAOYSA-N,1,,0
DKFJCEPDDQVHLK-UKRRQHHQSA-N,1,,0
JPPBOAXRPOZEIY-AWEZNQCLSA-N,1,,0
UGPMJKXBWQUZNC-RVZUZXSLSA-N,1,7.337053385667375,1
AVHWSQKJWQBOIR-XUTJKUGGSA-N,1,7.335546071418842,1
BBOKZSYVAQYXBY-UHFFFAOYSA-N,1,7.334387609489633,2
NHQVWADCZMCLLL-MYKGNVCDSA-N,1,7.33357562748124,1
AUMIZIKCBYPWJM-UHFFFAOYSA-N,1,7.332547047110046,1
CSKYOEFARAEABU-UAPYVXQJSA-N,1,7.332360293943589,1
GKDKMENNKYXYAC-PYCFMQQDSA-N,1,7.33161408331,1
MMWBGBOMWXSDFR-UHFFFAOYSA-N,1,,0
AJNIRLYKPAIXJT-UHFFFAOYSA-N,1,,0
PLCWEVBEXIVMCL-SFHVURJKSA-N,1,7.330683119433887,1
IIHJPCWUEQCUOZ-UHFFFAOYSA-N,1,7.330032630091496,1
HLGKXVMBSLHNKH-UWJYYQICSA-N,1,,0
WQZFEWCVIZACIS-UHFFFAOYSA-N,1,7.329754146925876,1
JTNWBETZFAYPGW-WWVIOMAKSA-N,1,,0
CUAINFDJRFUIDT-UHFFFAOYSA-N,1,,0
ONXKQTHNJXTCGP-OJBMAJLDSA-N,1,7.328827157284917,1
RBUDKKJLRVBPDA-UHFFFAOYSA-N,1,7.327902142064282,1
TZFCALVMYKNULT-UHFFFAOYSA-N,1,7.327902142064282,1
LQRUHPTVKTXHPR-UHFFFAOYSA-N,1,7.327902142064282,2
BSWBATABCUZHGT-UHFFFAOYSA-N,1,7.327902142064282,1
OXJGPZFAZUEPIX-UHFFFAOYSA-N,1,7.327902142064282,1
OGRCTWORYPUCJU-UHFFFAOYSA-N,1,,0
DPJXHAWXEVIDTM-AWEZNQCLSA-N,1,,0
GLVQEUAFPSVVKQ-UHFFFAOYSA-N,1,,0
ZPVXYYUZSYUVBO-KESTWPANSA-N,1,7.32771737521108,1
QAAOBQZCHWUKTE-UAPYVXQJSA-N,1,7.324680016660707,1
OTCAUALNGZOKLN-LWKPJOBUSA-N,1,7.323908740944319,2
HUVWCUMZGKOSQX-KESTWPANSA-N,1,7.323397830417981,1
PYRDKFKAOMQLLU-UHFFFAOYSA-N,1,7.323306390375134,1
DQMMOHPPKACCQN-QHCPKHFHSA-N,1,7.323306390375134,1
HJWWNWMERDPVMY-UHFFFAOYSA-N,1,,0
SIJIBHRUTSSJLY-KESTWPANSA-N,1,7.318849250067578,1
VUEGBGWRCATKQZ-CYBMUJFWSA-N,1,7.318758762624412,1
PXFNUVRXAKDHRD-UHFFFAOYSA-N,1,7.318758762624412,1
MDQMLURYMYEWDH-UHFFFAOYSA-N,1,7.318758762624412,1
RNAXJKKVCJEZIO-UHFFFAOYSA-N,1,,0
QVJYNGNHBJDXQY-UHFFFAOYSA-N,1,,0
QZEQIKIXOMIHER-UHFFFAOYSA-N,1,,0
BSICDIBRXJYNPB-UHFFFAOYSA-N,1,,0
MAPGIJMBSHARKF-UHFFFAOYSA-N,1,7.318040087485534,2
MUNJPNWHOINDKG-KESTWPANSA-N,1,7.317854923626168,1
LFQLOBUDZGJGBE-UHFFFAOYSA-N,1,7.316135726956512,2
AXPWNFAVTPIWHV-HATOLVCRSA-N,1,7.316052869248487,3
GCEDZTWELCPACO-UHFFFAOYSA-N,1,,0
YNPWPCIYPGTMBV-UHFFFAOYSA-N,1,7.313363730737707,1
KEFPLNQTZDBPPV-UHFFFAOYSA-N,1,7.31326170664817,2
KSWVNKXYQFPTSL-UHFFFAOYSA-N,1,7.3124710387853655,1
NXQBRORDMXGPPG-UHFFFAOYSA-N,1,7.3124710387853655,1
MUJGHQUEXWAKFG-UHFFFAOYSA-N,1,,0
MGRVYPIMNDNBRD-XUTJKUGGSA-N,1,7.311135431945209,1
GFDZRHZKBRJIGS-UHFFFAOYSA-N,1,7.309981219211305,1
GVYUEZFLXAHJAB-UHFFFAOYSA-N,1,7.309803919971486,1
LNFJZMYMJHIQPZ-UHFFFAOYSA-N,1,7.309803919971486,1
WMZWVTIIHJJKKR-UHFFFAOYSA-N,1,7.309803919971486,1
YASIAEWQHNEVDZ-UHFFFAOYSA-N,1,7.309803919971486,1
OGHNVEJMJSYVRP-KRWDZBQOSA-N,1,,0
NMALCZJKSYZTRE-UHFFFAOYSA-N,1,,0
MLTDYDQBGQSVJK-PWIZWCRZSA-N,1,,0
IKIBUPWYLOJVHV-UHFFFAOYSA-N,1,,0
PEBYJPFREGHAND-UHFFFAOYSA-N,1,,0
UIOLKUHVCXIDFL-UHFFFAOYSA-N,1,,0
OPCZQJWXLOJWEW-UHFFFAOYSA-N,1,7.304797421759959,2
MNVXJRRRFDLIDB-UHFFFAOYSA-N,1,7.301029995663981,1
ZRAGXRIXRXDXCR-UKRRQHHQSA-N,1,7.301029995663981,2
NKBKVACKOFITSD-FPOVZHCZSA-N,1,7.301029995663981,1
ZRAGXRIXRXDXCR-WUJWULDRSA-N,1,7.301029995663981,1
SJDOMIRMMUGQQK-UHFFFAOYSA-N,1,7.301029995663981,1
YIJDPVLWVKAIMO-GFCCVEGCSA-N,1,7.301029995663981,1
CHYHMJYTWVQCFW-YHBQERECSA-N,1,7.301029995663981,1
MEEJIZJKZLHYFR-UHFFFAOYSA-N,1,7.301029995663981,1
IXEYQNFHDYVRSV-UHFFFAOYSA-N,1,7.301029995663981,1
GOLNRSNUPWOWEJ-UHFFFAOYSA-N,1,7.301029995663981,1
IUARTZMVOSJCJA-UHFFFAOYSA-N,1,,0
CLAAZMXUBMWYHD-UHFFFAOYSA-N,1,,0
IAMSHZCIGNPBQZ-IRXDYDNUSA-N,1,7.30033623392066,2
HZYGVALVFFNNGE-UHFFFAOYSA-N,1,7.30033623392066,2
FWRKTWHTQZRAPD-FCMXBYMOSA-N,1,7.300248968310486,1
FZFIBSDQQKUERM-UHFFFAOYSA-N,1,,0
QUZUPTMNMJTYGL-UHFFFAOYSA-N,1,7.300024762806844,2
QQJHRQZZCNYDMX-AHKZPQOWSA-N,1,7.299988937677888,1
LQYNONCEAYAGNN-UHFFFAOYSA-N,1,7.299988937677888,1
JYXPVNIIIHSWLZ-UHFFFAOYSA-N,1,7.299988937677888,1
JJRCKNMPBGKXPO-UHFFFAOYSA-N,1,7.299988937677888,1
WNAKEYFAGBCYGF-UHFFFAOYSA-N,1,7.299988937677888,2
LOCFLSUOTBZXEU-UHFFFAOYSA-N,1,7.299988937677888,2
INKAJKATDMQGKQ-UHFFFAOYSA-N,1,7.299988937677888,1
XIQZPYGWBQASSN-UTKZUKDTSA-N,1,7.299988937677888,1
PFWVQEFSAUYDCS-GCJKJVERSA-N,1,7.299988937677888,1
SCLDUEJHYBBAHT-UHFFFAOYSA-N,1,7.299988937677888,1
FDVGEVSBRKQEIG-UHFFFAOYSA-N,1,7.299988937677888,1
XIGNJJGSVYZRNL-UHFFFAOYSA-N,1,,0
OAMRDAGXTITKDJ-VAWYXSNFSA-N,1,7.29929628285498,1
GVWRDZDVMQQZBK-GOSISDBHSA-N,1,7.2990069506382635,2
YHNXVNWEANWEHW-UHFFFAOYSA-N,1,7.298439739412091,2
OCDNUTCRNXSKHR-GFCCVEGCSA-N,1,,0
XJWCUVSKMVQPGX-KESTWPANSA-N,1,7.297569463554475,1
QTEIKHHDCPQIMO-LYHRCORUSA-N,1,7.297397158659573,1
MLPGCAWHLVVATJ-UHFFFAOYSA-N,1,,0
XBIIFHQGMIKLAD-XNTDXEJSSA-N,1,7.2970708003411815,2
MKFLLIOTPQMWSL-UHFFFAOYSA-N,1,,0
BYIJZPIPKRUSAC-KESTWPANSA-N,1,7.29413628771608,1
KSDJMCCCOMZTOG-UHFFFAOYSA-N,1,,0
BGRJTUBHPOOWDU-NSHDSACASA-N,1,7.292429823902063,5
OVYNZBZCWFALNG-UHFFFAOYSA-N,1,7.292429823902063,1
HEEKUWDLPPDKMK-OYRHEFFESA-N,1,7.292429823902063,1
VABAVSCPQUXQLP-AHKZPQOWSA-N,1,7.292429823902063,1
LNLHSSBZJJKVNL-UHFFFAOYSA-N,1,7.292429823902063,1
OYNMVCMJTOXTRN-UHFFFAOYSA-N,1,7.292429823902063,1
HTXCEVIRYDTYBS-UHFFFAOYSA-N,1,,0
OUHWYWVRNFHIJL-UHFFFAOYSA-N,1,,0
NPWPMBBGPVNIJD-QGZVFWFLSA-N,1,,0
BETHXCLHMRGYBW-UHFFFAOYSA-N,1,7.291579099865287,5
BVFCWTDSAAWHCG-UHFFFAOYSA-N,1,,0
HBYKTDPONPUZPO-UHFFFAOYSA-N,1,7.290435346129012,2
IOUSMYRYFCYRJU-UHFFFAOYSA-N,1,7.289967300934246,2
CXUPIKFOYBQLBD-UHFFFAOYSA-N,1,7.289882634888183,1
MPKCUAWIBWMDIB-UHFFFAOYSA-N,1,,0
VONCVEKPHABPGO-UHFFFAOYSA-N,1,7.289857057529041,2
CNFSPPDVZAYHDT-UHFFFAOYSA-N,1,7.287350298372789,1
WRNFFYWAFMNDNY-XIAQDFCPSA-N,1,,0
WQTLRHZZRMRHMI-FQEVSTJZSA-N,1,,0
JMXJEMQHNOBAJN-UHFFFAOYSA-N,1,,0
YNWOBTVVUPPFAD-UHFFFAOYSA-N,1,,0
IMAGMLAZQQRSFA-OJBMAJLDSA-N,1,7.285670240254767,1
WRRJZZBXRRDBBD-UHFFFAOYSA-N,1,,0
IYEDWQXCSOKJSX-UHFFFAOYSA-N,1,,0
DQNCRNVCBHYBQP-UHFFFAOYSA-N,1,7.2839966563652006,1
VYIBPAZWROJPIT-UHFFFAOYSA-N,1,7.2839966563652006,1
HELOJRWGEVUNRF-UHFFFAOYSA-N,1,7.2839966563652006,1
PPTCFBYLQJKXAO-UHFFFAOYSA-N,1,7.2839966563652006,1
PNMMHGYXIWNCEE-HZCBDIJESA-N,1,7.2839966563652006,1
DSRXHDAICZGTCK-ORBVJSQLSA-N,1,7.2839966563652006,1
HAXCDBIFKSGOTN-UHFFFAOYSA-N,1,7.2839966563652006,1
XPMUUENUQYZASR-HHHXNRCGSA-N,1,,0
BGYJOXOWJPLJPB-UHFFFAOYSA-N,1,,0
HSNDKUASWXMOHD-UHFFFAOYSA-N,1,,0
SSZMVCXZZWIPDF-UHFFFAOYSA-N,1,,0
QMHQSKUJOYRTHB-UHFFFAOYSA-N,1,,0
ZIFFFWPXBIDEFZ-UHFFFAOYSA-N,1,,0
ZDNHZIBZTPDZKV-UHFFFAOYSA-N,1,,0
IWYJMDHFHLLTOE-WGSAOQKQSA-N,1,,0
BIAZWCDUSGLQRR-UYAOXDASSA-N,1,7.283836103869198,2
QLIYIWFCLGFWMD-SQAMFPIWSA-N,1,7.283746174103964,1
VJEWRCWFWRMYOH-UHFFFAOYSA-N,1,7.2827155479829,4
CALYWAMIHCNUMA-UHFFFAOYSA-N,1,7.280760154026104,4
YXHFQYAAKKMELH-UHFFFAOYSA-N,1,,0
XHDCLFMAXFUNGX-LBPRGKRZSA-N,1,7.280006173632396,1
BHPFUCZWSRDHAY-UHFFFAOYSA-N,1,7.279840696594043,1
KLFRUTOTKKRLHR-UHFFFAOYSA-N,1,7.279014255846261,1
WMLONRUBOXAPOV-UAPYVXQJSA-N,1,7.277859874542584,1
AMCLEKXUPLBXGM-YEMPIKNUSA-N,1,7.276872841204309,1
NLDGWRVWWZGYFC-CTTUZFCVSA-N,1,7.275970027064402,1
JLZIBIQTDGMAFZ-UHFFFAOYSA-N,1,7.275724130399211,1
NXGXYFWRVCUKFN-UHFFFAOYSA-N,1,7.275724130399211,1
CSXDCXKRVCLDQH-UHFFFAOYSA-N,1,7.275724130399211,5
QMMMRXVBSGZXCO-UHFFFAOYSA-N,1,7.275724130399211,3
DMVANBWXLUGNDG-UHFFFAOYSA-N,1,7.275724130399211,1
MJTGBGFLMDUFKD-UHFFFAOYSA-N,1,,0
GFSSZVCGIUBLNI-VWLOTQADSA-N,1,,0
WRIZBYRNLDZPMG-UHFFFAOYSA-N,1,,0
ZJZRPZBCQDGSLP-UHFFFAOYSA-N,1,,0
WALMTRXCDOAKGA-FPOVZHCZSA-N,1,,0
ISELLYVTONRQOI-AQYVVDRMSA-N,1,7.275478372881437,1
CPTTYKNXUVQTGN-UHFFFAOYSA-N,1,7.27273000751759,2
MGMRTFVVFOMBEF-UHFFFAOYSA-N,1,,0
HDJYJCCQWSDIIV-RDJZCZTQSA-N,1,,0
UHSHPGFICACACL-KSSFIOAISA-N,1,,0
LAJYORAVGPKORL-KSSFIOAISA-N,1,,0
SQGAQLIHLZSUNB-UHFFFAOYSA-N,1,,0
GOLAHDQVVNCLCU-APWZRJJASA-N,1,,0
VFSAAGKCBXDENJ-KESTWPANSA-N,1,7.2699448476245,1
FKYWQYRHUAFYJR-UHFFFAOYSA-N,1,7.268815977238738,2
XGQOITWDCFSJIH-UHFFFAOYSA-N,1,,0
FSYXFKAGLZZMPT-BURBDGKISA-N,1,7.268250116472736,1
ONUMGROJBFLQKF-UHFFFAOYSA-N,1,7.267606240177031,1
HVNIAEADLPQYLQ-UHFFFAOYSA-N,1,7.267606240177031,1
PGTJGPUZZYVGHY-UHFFFAOYSA-N,1,,0
NLTDKVOJLVQOQL-UHFFFAOYSA-N,1,,0
WXUKVMDDBRUFBU-UHFFFAOYSA-N,1,,0
SNZALFBBQUAUPG-UHFFFAOYSA-N,1,,0
XNUNIHJOMFCFRQ-LIRRHRJNSA-N,1,7.267011315857088,4
HQDIIIDLDYDDHJ-UHFFFAOYSA-N,1,,0
XZUUIMQQOCYISH-UHFFFAOYSA-N,1,,0
PAPJLFSOPBIPIF-OWOJBTEDSA-N,1,7.2636034977233574,1
JKYLHNIPTDCTPH-UHFFFAOYSA-N,1,7.2636034977233574,1
PWWITWFCENNJEP-AWEZNQCLSA-N,1,7.263256514967716,2
DTLGJDYEVFKDLJ-CQSZACIVSA-N,1,7.262807357295262,1
UXVSPCRUHCDGHS-UHFFFAOYSA-N,1,,0
JYECEDKUXBIHSW-AREMUKBSSA-N,1,,0
JSYJUUGAOMCCSL-UHFFFAOYSA-N,1,,0
IEMJYQZKJFERDW-UHFFFAOYSA-N,1,7.26003230324049,1
ZRYSIPZYVQINMW-RUCARUNLSA-N,1,5.219999701663429,1
IPDRYXQVFVABAP-UHFFFAOYSA-N,1,7.26003230324049,1
PQPMBLYTIZGFII-YJBOKZPZSA-N,1,,0
CZJDTJSRJBOOFX-UHFFFAOYSA-N,1,,0
WERKEUPGJIAGPV-UHFFFAOYSA-N,1,7.259834806873123,2
SWKDCCLYHAYMLD-UHFFFAOYSA-N,1,7.259637310505756,1
ACYCBNFGNBHQEP-YHBQERECSA-N,1,7.259637310505756,2
XOZBPBSXMJMBOL-MEMLXQNLSA-N,1,7.259637310505756,1
PAUUPYPPPJQSIG-ZRZAMGCNSA-N,1,7.259637310505756,1
ZXXQVMFRALHHSH-UHFFFAOYSA-N,1,7.259637310505756,1
VIYCCCHLLWDXDN-UHFFFAOYSA-N,1,7.259637310505756,1
PVEJYMIAJKGDRP-UHFFFAOYSA-N,1,,0
SOZCVVWRGJYGHC-UHFFFAOYSA-N,1,,0
MIVAZVMVBOSSKJ-MTIDIVMFSA-N,1,,0
GRKTUJHEOMEDNE-UHFFFAOYSA-N,1,,0
SCKHCLFYZXFDJH-UHFFFAOYSA-N,1,,0
VEBQEHGUGKKUOT-VWLOTQADSA-N,1,,0
VEBQEHGUGKKUOT-RUZDIDTESA-N,1,,0
RZSHFCXTABKGFJ-UHFFFAOYSA-N,1,,0
JKPCONACWVPLNW-UHFFFAOYSA-N,1,,0
JKPCONACWVPLNW-HHHXNRCGSA-N,1,,0
HSGAHVKGLOLDHR-UHFFFAOYSA-N,1,,0
HSGAHVKGLOLDHR-AREMUKBSSA-N,1,,0
VEYAYVOBXSQKIA-UHFFFAOYSA-N,1,,0
HGYYBTRTDOMMDM-UHFFFAOYSA-N,1,,0
RAQKLUQZTRKYLU-UHFFFAOYSA-N,1,,0
DEILXCRBROIOGW-UHFFFAOYSA-N,1,,0
MCEJQEMDOAWBEA-UHFFFAOYSA-N,1,,0
NQXRCMHCRMNYIV-UHFFFAOYSA-N,1,,0
PGYRASIORQQZOM-UHFFFAOYSA-N,1,,0
ZADCJXAZJMBEPI-UHFFFAOYSA-N,1,,0
CJCHZXCLUYLXJM-UHFFFAOYSA-N,1,,0
JBVFOIKUFJIXQZ-UHFFFAOYSA-N,1,7.258849116388278,2
CYMMDQPIVHDAPZ-UHFFFAOYSA-N,1,7.2588484011482155,1
NBGVZXIBORQZMS-LJQANCHMSA-N,1,7.257646555698946,2
DVOOPMVLADILTK-SNAWJCMRSA-N,1,7.257274868695301,1
BYGFRAXTFHIMHT-WGSAOQKQSA-N,1,7.257117828562727,1
LKMYYERAFNDIAS-CEMLEFRQSA-N,1,7.256255121407539,1
PSFOXKHONDMYHK-LJQANCHMSA-N,1,7.255707016877324,1
HWJXQZBZKJYOMP-UHFFFAOYSA-N,1,7.255368192571363,2
QQKKMLCPOLDCOH-OXQOHEQNSA-N,1,7.251811972993799,1
FDRALTFJSNMYQH-UHFFFAOYSA-N,1,7.251811972993799,1
LCBLLUUMVDTFHY-UHFFFAOYSA-N,1,7.251811972993799,1
BATHQYAQIQGDNM-UHFFFAOYSA-N,1,7.251811972993799,1
APMOACCZLSVUQN-MDZDMXLPSA-N,1,7.251811972993799,1
KKOAHOJCVVPWLC-UHFFFAOYSA-N,1,7.251811972993799,1
FFITVORVMLXMEI-UHFFFAOYSA-N,1,,0
HGMFNQHREUMSGP-UHFFFAOYSA-N,1,,0
PTUSEMHIKWRSIP-UHFFFAOYSA-N,1,,0
LQMGVAPMSDGCMH-UHFFFAOYSA-N,1,7.2511206408563655,2
FVHLWQUAXIQGNY-UHFFFAOYSA-N,1,,0
JRYNLQPPXGHRTN-UHFFFAOYSA-N,1,,0
AWFDCTXCTHGORH-HGHGUNKESA-N,1,7.250031916490597,2
OFDBZTWNYSKFOY-JTQLQIEISA-N,1,7.250031916490597,1
QVZCCZRTVHTBPK-FQEVSTJZSA-N,1,,0
AVPWRHUUQUMMJK-MRXNPFEDSA-N,1,,0
KGCZEOUXHSFHJT-CQSZACIVSA-N,1,,0
MGPVNTUQZHCXQW-UHFFFAOYSA-N,1,7.2500276172853155,2
NBGJODUAUISAEF-UHFFFAOYSA-N,1,7.249005062972087,2
VBPXZFRIJRBHGV-NEAURRHBSA-N,1,,0
JCYQNPLHYOAPCP-UHFFFAOYSA-N,1,,0
BXOLXXSMCLYDNG-UHFFFAOYSA-N,1,7.247951552180561,4
PCUAVOCFDVWQAA-UHFFFAOYSA-N,1,7.247951552180561,1
RZKVFRDPHKJKDU-UHFFFAOYSA-N,1,7.247183568811728,1
HXHZPLKJASKRCI-UHFFFAOYSA-N,1,7.245382066868982,4
ACOZVIRGPCYPPB-UHFFFAOYSA-N,1,,0
ZIGNSANQGXWXBU-LJQANCHMSA-N,1,7.2441251443275085,1
NBFZVLQBKCNVGZ-UHFFFAOYSA-N,1,7.2441251443275085,1
PPAIEDLGYFCKEB-OYRHEFFESA-N,1,7.2441251443275085,1
FTRMVNZQPKCUAS-UHFFFAOYSA-N,1,7.2441251443275085,1
ZWISNUUPDBRYSY-UHFFFAOYSA-N,1,7.2441251443275085,1
HCHRWGMYPOWUFG-UHFFFAOYSA-N,1,,0
VRJXNVWZJIUSSO-UHFFFAOYSA-N,1,7.242328053455809,2
HTAKTCONXBKFJI-UHFFFAOYSA-N,1,,0
AFECYHQHVIVPNI-UHFFFAOYSA-N,1,7.241534095565994,2
WPJVKYVAARSXKN-UHFFFAOYSA-N,1,7.240743030061056,2
XZJGINKCKLOPKC-VIFPVBQESA-N,1,7.2400301424456925,1
XENOVTACOQTPTE-UHFFFAOYSA-N,1,7.239954835943578,2
YTXILLIRPDSLHZ-BEFAXECRSA-N,1,,0
CXIWPRAOWYSIRG-UHFFFAOYSA-N,1,,0
AIDTVWDAJAVXLC-AATRIKPKSA-N,1,7.239577516576788,1
KCGVCOYGVSPQOS-UHFFFAOYSA-N,1,,0
GGSIQDWKWRXJBY-UHFFFAOYSA-N,1,,0
PVMKVNICRVBAGQ-UHFFFAOYSA-N,1,,0
VCYGJFJKSCACCN-UHFFFAOYSA-N,1,,0
UCVFOYIRJYVIDW-UHFFFAOYSA-N,1,7.236959654098985,2
TWCRFNBRBHKABU-UHFFFAOYSA-N,1,,0
NGHDXYJXIZZENU-YONZVVFSSA-N,1,7.236946559700385,1
GZQMSNKBMQEZJK-OAHLLOKOSA-N,1,7.236572006437063,1
UXGIBVBRPWLFHU-UHFFFAOYSA-N,1,7.236572006437063,1
STAISUAHBRKLLH-MEMLXQNLSA-N,1,7.236572006437063,1
MKHIWRPHVPOJRQ-UHFFFAOYSA-N,1,7.236572006437063,1
MXPOQDYZUGUMLL-UHFFFAOYSA-N,1,7.236572006437063,1
PQCUTSKJJPRTSW-UHFFFAOYSA-N,1,,0
UWHNOQYXXPSWSH-UHFFFAOYSA-N,1,,0
ATMCUVOQKLCNNV-UHFFFAOYSA-N,1,,0
WDYXVLOKALEPOS-UHFFFAOYSA-N,1,,0
YBUAHTMMKRAXBO-JKIUYZKVSA-N,1,7.234927798897208,1
PLYQWXWXIUOYQJ-UHFFFAOYSA-N,1,7.232986946971932,2
PCGXWSCASZVBJT-CQSZACIVSA-N,1,7.232844133917819,4
LNBMXMKUJUHZSR-UHFFFAOYSA-N,1,,0
FEXBUZQQTXAUHH-HCGLCNNCSA-N,1,7.2319541858975835,1
ZXWIDAPGUOZUDB-RHSMWYFYSA-N,1,7.230622673923861,1
AZDUCQAJTYHBKO-UHFFFAOYSA-N,1,7.230622673923861,1
RYXXRKZWJMNUEJ-UHFFFAOYSA-N,1,7.230622673923861,2
IHGIMVBWBWKDOW-UHFFFAOYSA-N,1,,0
XNKJYDSSCQLJQZ-UQTQIZBZSA-N,1,7.2295161905688925,1
OYZKUGKMWYXUJF-UHFFFAOYSA-N,1,7.229147988357855,1
MHHLELSXRBTNRD-PYMCNQPYSA-N,1,7.229147988357855,1
MHHLELSXRBTNRD-OCCSQVGLSA-N,1,7.229147988357855,1
CNSLJGGREUXDPB-GOSISDBHSA-N,1,7.229147988357855,1
DHMRDBMKJIHQOM-UHFFFAOYSA-N,1,7.229147988357855,1
RSVKEOVPNVXAOI-UHFFFAOYSA-N,1,7.229147988357855,1
QAJBLBPQVIYECG-UHFFFAOYSA-N,1,,0
AGVJHFPAJUYTNV-UHFFFAOYSA-N,1,,0
JIKHUPCDDIJQPL-UHFFFAOYSA-N,1,,0
SVCSCOQWJKNMQT-UHFFFAOYSA-N,1,7.228960926832187,2
NUYNDLVLQFHYBG-UHFFFAOYSA-N,1,7.228412519118745,1
AZTUVZSKZZUSFU-SNAWJCMRSA-N,1,7.22767829327708,1
HYERVAPNBCDTON-UHFFFAOYSA-N,1,,0
SUJGOAOWFMOBBD-UHFFFAOYSA-N,1,,0
CDDVHWKFFCJTOZ-UHFFFAOYSA-N,1,7.274088367704952,1
UWPUFUJRTFJLEP-UHFFFAOYSA-N,1,,0
WCHWFNCOZFCZSO-UHFFFAOYSA-N,1,7.221848749616356,1
PQFHVDFLICEIKC-UHFFFAOYSA-N,1,7.221848749616356,1
LCGBVEYGRZPQEM-UYAOXDASSA-N,1,7.221848749616356,1
DEYFWGXTPWNADC-LJQANCHMSA-N,1,7.221848749616356,1
DUKNIHFTDAXJON-MUIJYRPGSA-N,1,7.221848749616356,1
FNWIXECQKCBEDQ-UHFFFAOYSA-N,1,7.221848749616356,1
XNRNDZGXNRPGOC-FQEVSTJZSA-N,1,7.221848749616356,2
UPEHPUZOPHDONV-NRFANRHFSA-N,1,7.221848749616356,1
GLAJHBSVLZCXST-UHFFFAOYSA-N,1,7.221848749616356,1
PNMMHGYXIWNCEE-SZPZYZBQSA-N,1,7.221848749616356,1
DBXZHGCWVRWCGN-UHFFFAOYSA-N,1,7.221848749616356,1
QHVDRXNWAMTCNP-UHFFFAOYSA-N,1,7.221848749616356,1
ZYDNGTNCSKSGGI-SNAWJCMRSA-N,1,7.221848749616356,1
NHIJPUMRKSHLBI-UHFFFAOYSA-N,1,,0
DZLVUHJQAQTQCL-UHFFFAOYSA-N,1,,0
MCEZEYQBZANHFL-UHFFFAOYSA-N,1,,0
QACDLOLANGWKSE-UHFFFAOYSA-N,1,,0
GACKYORUNWZVHC-UHFFFAOYSA-N,1,7.219807538513992,2
WPCDISAMCIQSPK-XMMPIXPASA-N,1,,0
SRFNDHKXJPAPGT-SNAWJCMRSA-N,1,,0
SRZBALGZTDLNCE-XUTJKUGGSA-N,1,7.215810794619039,1
JBGZQAPZRJHZNZ-NMWGTECJSA-N,1,7.215382707367125,1
FGSCFTOUFZMXKB-UHFFFAOYSA-N,1,7.214670164989233,1
XNFZPEDEZVYDIU-UHFFFAOYSA-N,1,7.214670164989233,1
BSOSBERUZDSHLQ-UHFFFAOYSA-N,1,7.214670164989233,1
ACTVOFFLDWZANE-NSISKUIASA-N,1,7.214670164989233,1
LASDMXNHWPCZMK-KDURUIRLSA-N,1,7.214670164989233,1
OYCMBKKJJALTGH-UHFFFAOYSA-N,1,7.214670164989233,1
PMAVEIHLZIPRQY-UHFFFAOYSA-N,1,,0
UPYKABFZBCHNJS-KESTWPANSA-N,1,7.213532523259717,1
ACVXRXJQYWHUND-UHFFFAOYSA-N,1,7.212333322299372,2
PNZJHNPWNQIJPQ-LJQANCHMSA-N,1,7.211656597399502,2
ITNZRVAWAMTRJC-IYARVYRRSA-N,1,7.211478112777527,1
OILMBPPIBYTUES-NSCUHMNNSA-N,1,,0
SJWQSMJRDZSNPL-HXUWFJFHSA-N,1,7.209996479609511,7
FCYQRIODPYABJL-GCJKJVERSA-N,1,,0
VJPIIZOPNVNZCV-UHFFFAOYSA-N,1,,0
CXVWRWOFYFBNKU-OZBJMMHXSA-N,1,,0
MAVKXNFNVZFXTG-UHFFFAOYSA-N,1,,0
YSJHXKOMHWRLNV-UHFFFAOYSA-N,1,,0
KQBYIQCEQDXZFW-NSCUHMNNSA-N,1,7.209011524911184,5
VLBMGXWHOLLSJU-UHFFFAOYSA-N,1,,0
AYHUGSDYEPBTFK-UHFFFAOYSA-N,1,7.207608310501746,1
JXJXUPSKYPWNKB-UHFFFAOYSA-N,1,7.207608310501746,1
PUCXFSMSFDBYFD-UHFFFAOYSA-N,1,7.207608310501746,1
NKLZWGMWROXIDH-UHFFFAOYSA-N,1,7.207608310501746,1
YEEMKPJFAQAHOW-UHFFFAOYSA-N,1,7.207608310501746,1
URRXCOKWLLNWKL-UHFFFAOYSA-N,1,7.207608310501746,1
UVQHGCKWFYZHSI-UHFFFAOYSA-N,1,7.207608310501746,1
AOESATFDEMWHLJ-HZCBDIJESA-N,1,7.207608310501746,1
YJXYZPLPRPNAPZ-HZCBDIJESA-N,1,7.207608310501746,2
SMYALUSCZJXWHG-UHFFFAOYSA-N,1,7.207608310501746,1
YOODWDNGWLMMGG-UHFFFAOYSA-N,1,7.207608310501746,1
FTOJNYBTEQZZPY-UHFFFAOYSA-N,1,,0
GRVLMLNWRPYTRK-UHFFFAOYSA-N,1,,0
UTQIQWGFEQDQAG-UHFFFAOYSA-N,1,,0
IARZWCZJCCXZPI-UHFFFAOYSA-N,1,,0
HPCHKTZCFMXPGM-UHFFFAOYSA-N,1,,0
JLXHYZQJBYGJHI-UHFFFAOYSA-N,1,,0
YSONYEIWWIFWEV-MRXNPFEDSA-N,1,,0
RLMADYPUXGWZSL-UHFFFAOYSA-N,1,7.20342566678957,1
JEFLKZKNAVDDCN-UHFFFAOYSA-N,1,,0
XLWMSPHJQIPEOR-UHFFFAOYSA-N,1,,0
ALXBTSBMBMBYHQ-UHFFFAOYSA-N,1,,0
FGTPVRPBOOBOKF-UHFFFAOYSA-N,1,,0
TZTXMZAJTSHRRT-UHFFFAOYSA-N,1,,0
LFQZHAKGDXWDRR-ONEGZZNKSA-N,1,7.201349354554731,1
DAUWLWXYAUUDKU-AQYVVDRMSA-N,1,7.201073261422799,1
QTXHMWUMSJMZON-KESTWPANSA-N,1,7.201073261422799,1
XLIMTGZUFAEKLX-MXVIHJGJSA-N,1,7.200728391650127,1
FTSUPYGMFAPCFZ-ZWNOBZJWSA-N,1,6.638272163982407,35
ISSSVYKMIIAPTH-YGQOYYDZSA-N,1,7.200659450546418,1
MADYDKSIUUGPRY-IFMALSPDSA-N,1,7.200659450546418,1
QHYONRIMRKDWFG-UHFFFAOYSA-N,1,7.200659450546418,1
HDDXRHHMVMEBSC-OUKQBFOZSA-N,1,7.200659450546418,1
SUMKBFVXRDCDIJ-UHFFFAOYSA-N,1,7.200659450546418,1
UTUCAVNEOKJWJU-UHFFFAOYSA-N,1,7.200659450546418,3
NJGQJPYDIXHGGF-UHFFFAOYSA-N,1,7.200659450546418,1
WHCKEFZLQQCXGO-UHFFFAOYSA-N,1,7.200659450546418,1
OJWOIBDHQBDTRR-UHFFFAOYSA-N,1,7.200659450546418,1
QVTRXUDCQFWWGV-UHFFFAOYSA-N,1,7.449814727441218,2
KVEHVMQJUPMJNA-FQEVSTJZSA-N,1,7.200659450546418,3
MOXRKUZTWOCHHC-UHFFFAOYSA-N,1,7.200659450546418,1
AENWLGXTORARIE-UHFFFAOYSA-N,1,,0
GZPZODMRVSFNMX-AWEZNQCLSA-N,1,,0
JUDKAYYFYVHANR-GUROOMJWSA-N,1,,0
WHOZDXFLKLSAJU-UHFFFAOYSA-N,1,7.200023450429563,2
QTZRLOJLVOVPNV-NUNSKJLSSA-N,1,7.199970640755866,1
PFQMUGNELAMXCH-NUYADNILSA-N,1,7.199970640755866,1
CYBHGHQYVGGXRB-BDYUSTAISA-N,1,7.199970640755866,1
XXXUSCSPGNMVOM-UHFFFAOYSA-N,1,7.199970640755866,1
QKCWJUZPSFBAKW-UHFFFAOYSA-N,1,7.199970640755866,1
UZLFJOXUSYBNKZ-UHFFFAOYSA-N,1,7.199970640755866,1
KRDDFKSJWNNSAT-OFNKIYASSA-N,1,7.199970640755866,1
XIDSCJTYNIXZGW-NQIIRXRSSA-N,1,7.199970640755866,1
GLBUSOXIXYZDKN-UHFFFAOYSA-N,1,7.199970640755866,1
RRSUWPYFZSEELD-XMSQKQJNSA-N,1,,0
JKWVNBLZWDOXPU-UHFFFAOYSA-N,1,,0
DUMBRKXSQQUMRX-UHFFFAOYSA-N,1,7.198596289982645,1
IMVQXSCPSNTRQQ-AQYVVDRMSA-N,1,7.197568373569276,1
HMSZCGYHVDSIIK-UHFFFAOYSA-N,1,7.195860567664649,1
POFLPPAPIQKZSF-RELWKKBWSA-N,1,7.195179321278838,1
AWJUFRDAWDELNC-UHFFFAOYSA-N,1,,0
AOSAPZYJOHCROI-WMZOPIPTSA-N,1,7.1938200260161125,1
IMBDRGLQGCAYLF-HZCBDIJESA-N,1,7.1938200260161125,1
RNTITYGCQNKQBU-UHFFFAOYSA-N,1,7.1938200260161125,1
TTWJBBZEZQICBI-UHFFFAOYSA-N,1,,0
KQKAKONSXJYMCD-UHFFFAOYSA-N,1,7.1938200260161125,1
XQESGARESDXCGW-UHFFFAOYSA-N,1,,0
HCQHYAXNIILCGJ-UHFFFAOYSA-N,1,,0
CZDGXTCLWDUEJD-BUMRKTEESA-O,1,7.192735644723893,1
YEUKYYRBGVTVHI-UHFFFAOYSA-N,1,7.191894619805137,2
SQHFBAQRSSHFTD-PTGBLXJZSA-N,1,7.1904402853647325,1
BWEAUXJVFDVRAU-UHFFFAOYSA-N,1,7.189969213594161,3
YRWFDYLZHYEKFL-JTQLQIEISA-N,1,7.189969213594161,1
XBMPNPGMBILBPP-UHFFFAOYSA-N,1,,0
GJEUOGHJJUBVHW-UHFFFAOYSA-N,1,7.189411859112482,2
DCFGDYDTTWPOBM-UHFFFAOYSA-N,1,7.189095719331299,1
GQYBHQJQIKLJET-ONEGZZNKSA-N,1,7.188424994129407,1
MNUMQOWSJLDQOS-QGZVFWFLSA-N,1,7.18837535480105,4
DHFUVVTYPXJZAP-UHFFFAOYSA-N,1,7.18837535480105,2
ZFDWAPWETDMDSZ-UHFFFAOYSA-N,1,7.187138045237122,2
RQRBGNHBNQYSEI-UHFFFAOYSA-N,1,7.187086643357144,1
FKDUMTZHFXGASD-UHFFFAOYSA-N,1,7.187086643357144,1
YZSCUEBLGDGOJJ-UHFFFAOYSA-N,1,7.187086643357144,1
PMNCKMIDVRPAGM-UHFFFAOYSA-N,1,7.187086643357144,1
VSWBBUWHPLHOIX-OBGWFSINSA-N,1,7.185752404268079,1
SLDWPVIBJBOKJE-UHFFFAOYSA-N,1,,0
FTSARFSCILVQEK-ONEGZZNKSA-N,1,7.183758700008217,1
QEKAVSBEJVJNTK-UHFFFAOYSA-N,1,,0
DJUWRNXEJLCKJK-UHFFFAOYSA-N,1,7.1832657722102065,2
MYMPRPZMYVKHBM-UHFFFAOYSA-N,1,7.182434630440219,1
QNDLYMHPSQQTKJ-MRXNPFEDSA-N,1,,0
PMXOLMUJYKILQT-AQYVVDRMSA-N,1,7.182368532809485,1
HZGOWCHMTFRONC-UHFFFAOYSA-N,1,,0
RRNLVYSLHABLSU-UHFFFAOYSA-N,1,7.181774106386045,1
UGLFHIKMJJMBMO-UHFFFAOYSA-N,1,,0
VMQHOVDFWBZTMR-UHFFFAOYSA-N,1,,0
DBHSOMRLOFZXDC-AFARHQOCSA-N,1,7.180587688790675,1
KMVWYPYWHLOVLW-UHFFFAOYSA-N,1,7.180505920328159,2
CEFKCGBMUZVVLI-UHFFFAOYSA-N,1,7.180456064458131,2
FXHLGRYCQSRFHY-MQSINFNDSA-N,1,7.180456064458131,1
ZIIYCNPQTIYWFF-OYRHEFFESA-N,1,7.180456064458131,1
QJBQEWSNFBPJMQ-UHFFFAOYSA-N,1,7.180456064458131,1
IKOXHMZXTCWMQE-UHFFFAOYSA-N,1,7.090228032229065,2
KVEHVMQJUPMJNA-HXUWFJFHSA-N,1,7.180456064458131,3
WHJLICHULFVCIM-UHFFFAOYSA-N,1,,0
FCYQRIODPYABJL-AVRDEDQJSA-N,1,,0
FCQJWZQRHJCJSA-UHFFFAOYSA-N,1,7.179858685151659,2
KKJIMDAMMQSFSZ-OWOJBTEDSA-N,1,,0
MJGBQWPHMBBNAH-SNAWJCMRSA-N,1,7.178486471595226,1
JNMQWDIMZMNVJB-UHFFFAOYSA-N,1,,0
DXCOQJVYSXJFAX-UHFFFAOYSA-N,1,7.1777807052660805,2
PQFHVDFLICEIKC-SFTDATJTSA-N,1,7.175673652434389,2
NJDDOYGAHXQMEQ-AWEZNQCLSA-N,1,7.173925197299173,1
NDCFZCPGTKKFMD-UHFFFAOYSA-N,1,7.173925197299173,1
AFYGMVTVTLNALM-UHFFFAOYSA-N,1,7.173925197299173,1
CCHZUMWJDOCSOK-UHFFFAOYSA-N,1,,0
RWMHVMBWEZTTSB-UHFFFAOYSA-N,1,,0
VHQMQGFUKJJJQZ-UHFFFAOYSA-N,1,,0
BMYDNZBCPOEYRY-WMZOPIPTSA-N,1,,0
MWXWYXYVNMABPU-UAPYVXQJSA-N,1,,0
DYVHHOWPDWNESM-UAPYVXQJSA-N,1,,0
OMSAEBUIHWCGKQ-IYARVYRRSA-N,1,7.171662399940995,1
AKOUANOAMJNPBZ-GJIFKWMDSA-N,1,7.171275672861208,1
XMDWXYNACAUCTC-UHFFFAOYSA-N,1,,0
RSTJJQONPRJAIE-UHFFFAOYSA-N,1,7.170517578667782,2
GDKJMEMVKXZFAZ-MHFPXFMWSA-N,1,,0
ZXXWEZYYAYQNEN-UHFFFAOYSA-N,1,7.169989064063882,1
PFYOIMYEJHJBDU-UHFFFAOYSA-N,1,7.169989064063882,1
BJLQEYLWUSSEKH-HNNXBMFYSA-N,1,7.169989064063882,1
CVXIMYJJWYDMCF-JTQLQIEISA-N,1,7.169989064063882,1
MDHWQDYGWGZBFM-UHFFFAOYSA-N,1,,0
ZEXVYCCERKFSCL-UHFFFAOYSA-N,1,7.168999060305041,2
VEEYYIQQKILMMS-UHFFFAOYSA-N,1,7.168526692833687,2
AJKCXWJAJVDPNV-UYAOXDASSA-N,1,7.167491087293763,1
MADYDKSIUUGPRY-UNMCSNQZSA-N,1,7.167491087293763,1
ZTGGPHRIDWWDQW-UHFFFAOYSA-N,1,7.167491087293763,1
VCCRNQWQVWFKOO-UHFFFAOYSA-N,1,7.167491087293763,1
QXWNESOGWFJDFR-YOEHRIQHSA-N,1,7.167491087293763,1
RHPCETHLGGFAQB-SHZHJNINSA-N,1,7.167491087293763,1
JGJKGZVAKNHAAR-QOCHGBHMSA-N,1,7.167491087293763,1
LCQHZYPIAQQJES-UHFFFAOYSA-N,1,7.167491087293763,1
NTIASQFANBLTMM-UHFFFAOYSA-N,1,7.167491087293763,1
HISOESWRZZNGEY-UHFFFAOYSA-N,1,,0
WPYVGSUSOOZONM-UHFFFAOYSA-N,1,,0
WHNDUGSFHPQVOW-YGXOWLSWSA-N,1,,0
HZEVDVGPBUFIAW-UHFFFAOYSA-N,1,,0
JTLPQCZWUVHUDG-MEMLXQNLSA-N,1,,0
BVXTUFOXINIFQV-UHFFFAOYSA-N,1,,0
JILCPBRDAHYZLZ-QGZVFWFLSA-N,1,,0
JGJKGZVAKNHAAR-ZBJSNUHESA-N,1,7.164943898279883,1
DFRZQKVBIWCZAV-UHFFFAOYSA-N,1,7.164943898279883,1
VJUBLIXVVNAHIX-QAQDUYKDSA-N,1,7.163992540874468,1
JIURLJSKBKCSMU-UHFFFAOYSA-N,1,,0
IPANXDCFQPUSKK-LSNLESRRSA-N,1,7.1618438152478525,1
RURTXDUFVIOALE-MRXNPFEDSA-N,1,7.161150909262744,1
YZPSCIVWSOSUOO-UHFFFAOYSA-N,1,7.161150909262744,1
WDZOSSNSOBKEMP-OYRHEFFESA-N,1,7.161150909262744,1
VZKPTHAFKKTYRC-SZPZYZBQSA-N,1,7.161150909262744,1
YUNGHULYKDVTOC-JJQUOXMWSA-N,1,7.161150909262744,1
LSOSTOVOMJGNDT-UHFFFAOYSA-N,1,7.161150909262744,1
UNJDLBOQEKJGAH-RUCARUNLSA-N,1,6.0,1
ATOMZLGTVBAGNB-UHFFFAOYSA-N,1,,0
ZWNNGKIBLRYSNC-ZDUSSCGKSA-N,1,,0
RKZSNTNMEFVBDT-MRVPVSSYSA-N,1,7.414136773173384,2
NBCJLBREZDSSBC-UHFFFAOYSA-N,1,7.157390760389438,1
SLVMESMUVMCQIY-DIERRCTGSA-N,1,7.157084362686968,6
SWVPHOUVSKYIGL-UHFFFAOYSA-N,1,,0
RYDSNIMRMQKABP-UHFFFAOYSA-N,1,,0
VHLUWRVNDLKEND-UHFFFAOYSA-N,1,7.1555228242543185,1
LOMLSZYPQUWCNO-KESTWPANSA-N,1,7.1555228242543185,1
INZGZBABHYINRR-UHFFFAOYSA-N,1,7.154901959985743,1
ZUXITOJFACOGFP-UHFFFAOYSA-N,1,7.154901959985743,2
NHRNIDBKKUALMK-UHFFFAOYSA-N,1,7.154901959985743,1
KKPAMHAGPCJOBO-NRFANRHFSA-N,1,7.154901959985743,1
BUSRXNBLQQVZCO-NRFANRHFSA-N,1,7.154901959985743,1
FDGNQWITRXOPIF-UHFFFAOYSA-N,1,,0
KYDXPFLMAXNDGX-UHFFFAOYSA-N,1,,0
APIFLWWBMVHSHA-KRWDZBQOSA-N,1,,0
ZRDGENRQQWKSHG-OJBMAJLDSA-N,1,7.154715873652009,1
SETZXJXEHHDPBP-CYBMUJFWSA-N,1,7.1542824239279685,2
JZLLENPQJVOGOX-LJQANCHMSA-N,1,7.15401744861632,2
GNMGTHXPOHHXCC-UHFFFAOYSA-N,1,7.153044674980176,1
MDBWEQVKJDMEMK-CQSZACIVSA-N,1,7.152302945854445,2
HFGAWEJFDVAEEA-ONEGZZNKSA-N,1,7.151810883008602,1
ICADOZGMHMZBEZ-UHFFFAOYSA-N,1,7.150580586203101,1
OXCQNGTWPIHFHI-FQEVSTJZSA-N,1,7.150580586203101,1
KMPUUVTZQFSTEA-UHFFFAOYSA-N,1,7.15002808767115,3
URYSFLTUDQDOLY-JTQLQIEISA-N,1,7.15002808767115,1
GIMFULQWEVUBEF-UHFFFAOYSA-N,1,7.149994468838944,2
IPMUUCRZGTZCPY-XMSQKQJNSA-N,1,7.149966742310231,1
SFBYKQFVXHFMBA-UHFFFAOYSA-N,1,7.1487416512809245,3
ZULQKQGLUORZDC-HSGWXFLFSA-N,1,7.148784731777237,2
JVZCJQBRRXZMQR-UZLBHIALSA-N,1,7.1487416512809245,2
UFTIBGSCHURYQF-UHFFFAOYSA-N,1,7.1487416512809245,1
ZSOAASMDFMEZPH-WGSAOQKQSA-N,1,7.1487416512809245,1
NRWWWLAGZMNIDV-UHFFFAOYSA-N,1,7.1487416512809245,1
YZIQGQQLUDYLKK-UHFFFAOYSA-N,1,7.1487416512809245,1
ZIIYCNPQTIYWFF-MEMLXQNLSA-N,1,7.1487416512809245,1
OCDNDDLEORDHLQ-RQNOJGIXSA-N,1,7.1487416512809245,1
JAAHNPXYHPFVSN-UHFFFAOYSA-N,1,,0
NKQAJKSSUARMMF-XUTJKUGGSA-N,1,7.147642016332172,1
BKMRLPDOTVKGIM-UHFFFAOYSA-N,1,7.146301788223825,1
FGHOMVBEDZJTLR-GOSISDBHSA-N,1,,0
SFJPQQAKXJGNOP-UHFFFAOYSA-N,1,7.1432711096171175,1
HZIPKQNESFBOQW-LSNLESRRSA-N,1,7.1432711096171175,1
SLQCIADZTNONHH-UHFFFAOYSA-N,1,,0
MXELMKSJXSFSDI-UHFFFAOYSA-N,1,7.142667503568731,1
VLPKCTQVTGCLDX-UHFFFAOYSA-N,1,7.142667503568731,1
WFENTJXFRAVXHY-CQSZACIVSA-N,1,7.140915297304346,4
QPTXJMAVTQKNGM-UHFFFAOYSA-N,1,,0
DDXVSTOHMBOXGN-GOSISDBHSA-N,1,,0
PWGOIITXHIWDRA-MEMLXQNLSA-N,1,7.140081514799284,1
FCFNEHFCHRJYQM-UHFFFAOYSA-N,1,,0
LAVWIAQCYKFCMG-UHFFFAOYSA-N,1,7.139672321724138,2
BKIDSLXJSKMVCJ-UHFFFAOYSA-N,1,,0
AQKFTLWWZGTUKW-FPYGCLRLSA-N,1,7.1376204697001615,2
JBPDAINIVIROMA-UHFFFAOYSA-N,1,,0
GPUXMPIFNAGRSF-XPEDOLEQSA-N,1,7.136855653747332,1
GHZCAYNGRYIDPW-GOSISDBHSA-N,1,7.136677139879544,1
UUTGTTDZMUFZGA-UHFFFAOYSA-N,1,7.136677139879544,1
WNZBBTJFOIOEMP-FQEVSTJZSA-N,1,7.136677139879544,1
LADOJIGNBBJTQR-UHFFFAOYSA-N,1,7.136677139879544,1
AJQHTFDOWXUHQW-UHFFFAOYSA-N,1,7.136677139879544,1
PJDFUWIIHYWFLS-UHFFFAOYSA-N,1,,0
HTSNFXAICLXZMA-CYBMUJFWSA-N,1,7.664043493779206,6
AAPCMUAAQFZHRZ-IPJJNNNSSA-N,1,7.134244775928549,1
UUDQCIUOURNBBY-UHFFFAOYSA-N,1,,0
IGIZYVFIPJBSBU-UHFFFAOYSA-N,1,,0
OUJRMAKUNWMZPB-UHFFFAOYSA-N,1,7.133375279234493,4
PUFRXIARUMGNAR-LSNLESRRSA-N,1,7.132532512140949,1
FIQUQIIUSBAECI-QAQDUYKDSA-N,1,7.131708311982145,1
CEGIBPCCIZOPHK-UHFFFAOYSA-N,1,7.131403678647631,2
IWUPLAFLTUWLMF-SFHVURJKSA-N,1,7.131355561605174,1
SDWMTMWHNYEEAG-AQYVVDRMSA-N,1,7.131355561605174,1
OMQYELRKBALQJF-GXTWGEPZSA-N,1,7.130768280269024,1
IMBDRGLQGCAYLF-SZPZYZBQSA-N,1,7.130768280269024,1
WIJUWJDUUDINBR-GOSISDBHSA-N,1,,0
QRRPJFYRWJVNBL-UHFFFAOYSA-N,1,,0
ASBHLQBMEPLWID-CQSZACIVSA-N,1,,0
MNAFRWGRFIBAQX-PGRDOPGGSA-N,1,,0
WEFCQLWBBLEXDK-SFHVURJKSA-N,1,,0
GZGMMCKOZRMGDA-IYARVYRRSA-N,1,7.1279603320267135,1
LXEDLNSPOBVDQV-UHFFFAOYSA-N,1,7.126679398184601,1
YQKDABBJXATHLA-OCOZRVBESA-N,1,,0
QAESTHCUZJPQGF-UHFFFAOYSA-N,1,,0
HDCVYYTWHHFQGS-UKRRQHHQSA-N,1,7.1249387366083,3
URYZTMIOHYGTNJ-UHFFFAOYSA-N,1,7.212984366136141,2
UUWNDYITXWRHHK-UHFFFAOYSA-N,1,,0
VRYRLEFYPRNMNK-UHFFFAOYSA-N,1,,0
TVUOUHQBOXWHNG-UHFFFAOYSA-N,1,,0
YYHRMWYQOMFFHW-UHFFFAOYSA-N,1,,0
VBTFJGYCISLKEQ-UHFFFAOYSA-N,1,7.120330794367947,2
GJAYJBGLRYDTKW-UHFFFAOYSA-N,1,7.120330794367947,1
OIRZLTZLOKARTG-HXUWFJFHSA-N,1,,0
ZIQDGXNDXRMRPM-HTAPYJJXSA-N,1,,0
FQLLNWUUMBPODU-UHFFFAOYSA-N,1,,0
MCWYCVLTQSVHRD-UHFFFAOYSA-N,1,,0
NUGWCMSUXVODFI-UHFFFAOYSA-N,1,,0
FSKDJHMJFCWDOT-IYARVYRRSA-N,1,7.119300710781299,1
KAHFZGUOPFFVHW-MEMLXQNLSA-N,1,7.119186407719209,1
AMFHRDQSGJPBOQ-UHFFFAOYSA-N,1,7.119186407719209,1
PBWACSBTKWIXDQ-UHFFFAOYSA-N,1,7.119186407719209,1
PECNNRFECBMDBM-UHFFFAOYSA-N,1,7.119186407719209,1
TXNIRSWZVDUVJR-UHFFFAOYSA-N,1,,0
PVDOYAVBGNHRBV-UHFFFAOYSA-N,1,,0
LVRYFOYDXSSYJJ-UHFFFAOYSA-N,1,,0
WDZUKYLSGVBAHN-UHFFFAOYSA-N,1,,0
PCLRRDSRKSMPGP-UHFFFAOYSA-N,1,,0
VWBQZTFOSGQJQU-UHFFFAOYSA-N,1,,0
HCMVGFUNBPYWGU-UHFFFAOYSA-N,1,,0
MPTLULQFGUQHHY-JLHYYAGUSA-N,1,7.11690664142431,1
JUBHIUPHTRPIHX-UHFFFAOYSA-N,1,,0
MLMRVUPVIXISEB-FCDQGJHFSA-N,1,7.116338564846382,1
UIVAPXWJQYWBBS-IVIYCUDDSA-N,1,,0
GVELBPROBDYNNT-UHFFFAOYSA-N,1,,0
RWYJJIZNTJVITE-WGSAOQKQSA-N,1,7.114751892218614,1
MWHOEMHDLWMJAP-UHFFFAOYSA-N,1,,0
VRRJFCMGNMFNOE-KZUDCZAMSA-N,1,7.113509274827518,1
BCTPODDQZONFKA-AWEZNQCLSA-N,1,7.113509274827518,1
HDEPBPKSVYTTAM-UHFFFAOYSA-N,1,7.113509274827518,1
ANTKBACNWQHQJE-UHFFFAOYSA-N,1,7.113509274827518,1
RHNJWNWKMNDAAR-UHFFFAOYSA-N,1,7.113509274827518,1
DFQSHXTUDLODFA-QAQDUYKDSA-N,1,,0
CQZPSNRJVCQSPU-UHFFFAOYSA-N,1,,0
HVMWQJLTYBIVCR-SAIGFBBZSA-N,1,7.110362199593332,1
JRBGFUMWOKMSLK-UHFFFAOYSA-N,1,7.110026361596004,1
SGBPCRMSBHXSHV-UHFFFAOYSA-N,1,,0
UWXLBLFCZDJRKI-NNMXDRDESA-N,1,,0
ZRAGXRIXRXDXCR-AWKYBWMHSA-N,1,7.107905397309519,2
DMLLNVLIAHWCRT-UHFFFAOYSA-N,1,7.107905397309519,1
VLPMRGUATFBEPH-UHFFFAOYSA-N,1,7.107905397309519,1
HNTIGZIKHBPAFD-BGYRXZFFSA-N,1,7.107905397309519,1
NTRYGIZSQHIHMD-UHFFFAOYSA-N,1,7.107905397309519,1
KAURFNYKOIEFHA-UHFFFAOYSA-N,1,7.107905397309519,1
XRCQNHQVZIQOBE-HZCBDIJESA-N,1,7.107905397309519,1
ISKSUBAAYHUDJC-UHFFFAOYSA-N,1,7.107905397309519,1
UQFXXDIPHBBVJR-UHFFFAOYSA-N,1,,0
GMKWDFMANHJRNB-UHFFFAOYSA-N,1,,0
PKBLQXOBPRBPQT-UHFFFAOYSA-N,1,,0
UCUKBRIYXZZGPO-UHFFFAOYSA-N,1,,0
VRSNKCQWIMHWFX-UHFFFAOYSA-N,1,7.1073489661227,1
MACFTPBZAOCTFN-UHFFFAOYSA-N,1,,0
NHRXMVNDSUMAIN-MEMLXQNLSA-N,1,7.102372908709558,1
NHRXMVNDSUMAIN-OYRHEFFESA-N,1,7.102372908709558,1
QZNCIWJMJBFQLD-UKILVPOCSA-N,1,7.102372908709558,1
IJEBNHPCKYYWBR-UHFFFAOYSA-N,1,7.102372908709558,1
FZNVIOULNRQSFK-UHFFFAOYSA-N,1,7.102372908709558,3
FOVUVYKDWJUHPC-UHFFFAOYSA-N,1,,0
QDOTVZOVPXPXFB-SAABIXHNSA-N,1,,0
OFDPWRMPOMJNHU-WGSAOQKQSA-N,1,,0
VUIPRPLRHSZXDX-UHFFFAOYSA-N,1,,0
ZSYZODAGADSAAG-UHFFFAOYSA-N,1,,0
KFMBPIZMZUDONQ-UHFFFAOYSA-N,1,7.060480747381382,5
KCQGEEQDLXFPPZ-QGZVFWFLSA-N,1,7.101274818410507,1
TZVLEJPHIWREPX-UHFFFAOYSA-N,1,,0
CAYLJKJAWQXLOY-LBULQRRMSA-N,1,7.100015437450609,1
SSFMZMLRDNPXOT-AOJFSQSVSA-N,1,7.100015437450609,1
XWMKZWFBKLJGKQ-NUNSKJLSSA-N,1,7.100015437450609,1
UVDIFPYXVNSROD-UHFFFAOYSA-N,1,7.100015437450609,1
QQJHRQZZCNYDMX-UHFFFAOYSA-N,1,7.100015437450609,1
YYHXUDXIKZMUCQ-UHFFFAOYSA-N,1,7.100015437450609,1
UFIWJALMIXDJPT-UHFFFAOYSA-N,1,7.100015437450609,1
PKAXIMFUJIQFKS-UHFFFAOYSA-N,1,7.100015437450609,1
CABPVRYEFMWZCX-UHFFFAOYSA-N,1,7.100015437450609,1
AQPYEVVJFZDJNJ-AWEZNQCLSA-N,1,7.100015437450609,2
GESNZTWIXMSIMZ-UHFFFAOYSA-N,1,7.100015437450609,2
HYGJPVUOYCSNGB-UHFFFAOYSA-N,1,7.100015437450609,1
KBYDKOYJEQUBOE-UHFFFAOYSA-N,1,7.100015437450609,1
KBYDKOYJEQUBOE-NBGIEHNGSA-N,1,7.100015437450609,1
SYOADIUGRJTHHU-UHFFFAOYSA-N,1,7.100015437450609,1
ZKYKDCNIQRGNPZ-DEOSSOPVSA-N,1,7.100015437450609,1
BKGCONUTJMJLTI-SAIGFBBZSA-N,1,7.099578246542262,1
HSNYXCLIIFCSNB-SFHVURJKSA-N,1,7.099414413350038,1
GCEJUCPMFGNYTI-UHFFFAOYSA-N,1,,0
JIIISTFEPCPGJL-FBERVGGISA-N,1,,0
AJCBTMQLMBVUBO-UHFFFAOYSA-N,1,,0
WYGBVOBBNUHWLX-UHFFFAOYSA-N,1,7.09799710864927,1
QBCMSAVCLXLVLP-INIZCTEOSA-N,1,7.097589660639419,2
NFKQELYFWQDRFN-UHFFFAOYSA-N,1,7.096910013008056,1
PBLLZSMBTAPYBH-HHHXNRCGSA-N,1,7.096910013008056,1
LASDMXNHWPCZMK-WGSAOQKQSA-N,1,7.096910013008056,1
XKHPZYLJQATCTJ-UHFFFAOYSA-N,1,7.096910013008056,1
BQYKGUJOFYMQBC-UHFFFAOYSA-N,1,,0
HBHQINPAMGZPQL-UHFFFAOYSA-N,1,,0
BCPXPZBIZDMKQR-UHFFFAOYSA-N,1,,0
KAAGJIUPRMXDTG-UHFFFAOYSA-N,1,,0
RXMJGLCPVVEEJS-KESTWPANSA-N,1,7.096367483915762,1
XVKUSGKUKLVLGP-ZIIYYELXSA-N,1,,0
OTSVAHKQZLNXPN-HXUWFJFHSA-N,1,,0
SLOWOAMUBQTOII-OAQYLSRUSA-N,1,7.094204119632131,5
DWQCLXJTFOLDNW-UHFFFAOYSA-N,1,,0
RWDCOKXPTKLVHK-UHFFFAOYSA-N,1,7.09312646527793,1
JEZRLUMTXPFWPB-UHFFFAOYSA-N,1,,0
REBWRBLHMGDWNT-UHFFFAOYSA-N,1,7.092091628132777,2
HSIMYBORWJJPOY-UHFFFAOYSA-N,1,7.0915149811213505,1
NWHURZIBXAETDE-JKIUYZKVSA-N,1,7.0915149811213505,1
PTPSBYOWELRFJR-UHFFFAOYSA-N,1,7.0915149811213505,1
XMEJLZITUOYZLM-UHFFFAOYSA-N,1,7.0915149811213505,1
AOESATFDEMWHLJ-SZPZYZBQSA-N,1,7.0915149811213505,1
VZLAEFHZBRUVDC-UHFFFAOYSA-N,1,,0
GUGMHFQRQQBWKY-YUNKUFCWSA-N,1,7.091193400594326,1
RGOWASQQDQKEKM-WGSAOQKQSA-N,1,7.091086259979029,1
HWSGUVGRRBAPDE-UHFFFAOYSA-N,1,,0
HIEBSROLKYHUCT-UHFFFAOYSA-N,1,,0
RUIFDUVNEYPMGO-UHFFFAOYSA-N,1,7.090359676513759,2
MANFPBYSLSMBGM-UHFFFAOYSA-N,1,,0
FJCIWANMQSLZNY-WLNZHLEZSA-N,1,7.089909454405932,1
IRFLVVGRMBDQSJ-UHFFFAOYSA-N,1,7.089909454405932,1
DBVKBHZXWSOLJO-UGNFMNBCSA-N,1,,0
IDWFBPRPZDTKJU-RKTRBERCSA-N,1,7.088948979671874,1
ZEHDEZWEFBOGNZ-UHFFFAOYSA-N,1,7.087246696328677,1
ULAAUNIOEAKYBR-UHFFFAOYSA-N,1,7.086186147616283,1
QROVFOKADCFWLB-UHFFFAOYSA-N,1,7.086186147616283,1
WDZOSSNSOBKEMP-MEMLXQNLSA-N,1,7.086186147616283,1
UANZODATMICVSM-UHFFFAOYSA-N,1,,0
DDUMZFBUNOKXMQ-UHFFFAOYSA-N,1,,0
KXNPPUPYHKPSNB-UHFFFAOYSA-N,1,7.085656842880559,1
KHZXHSDJSMNYBO-UHFFFAOYSA-N,1,7.084072788302884,1
YOQUNJDFYTYTTC-UHFFFAOYSA-N,1,7.083745543646882,2
ZTNICFPCCSHZEL-XYWHTSSQSA-N,1,7.083493412884844,1
LNBKOOVQBZWETK-UHFFFAOYSA-N,1,,0
DBFMZFWPENBAGS-UHFFFAOYSA-N,1,,0
PIKIDBPDYRQPFX-UHFFFAOYSA-N,1,7.081901259610537,2
VFLJXRCSXJBPAE-UHFFFAOYSA-N,1,7.080921907623926,1
VFSVIIBTNXPBPQ-UHFFFAOYSA-N,1,7.080921907623926,1
MGBCZDZRQGYLRL-UHFFFAOYSA-N,1,7.080921907623926,1
USIWFTPEBGPOSA-MEMLXQNLSA-N,1,7.080921907623926,2
MJAKYGLXMJNUID-UHFFFAOYSA-N,1,7.080921907623926,1
QEYMQXWYAIZBBS-UHFFFAOYSA-N,1,,0
AKQWVRLMOLBNQU-UHFFFAOYSA-N,1,,0
PYONGVUMQJAWOL-OAHLLOKOSA-N,1,7.0798766737092755,2
QNWQLJBICCQPMP-UHFFFAOYSA-N,1,7.079465182243302,4
QHKQWOMFBZYAFY-UHFFFAOYSA-N,1,,0
QLYORHWJCBLQOX-UHFFFAOYSA-N,1,,0
LQSBOQJIPVGJNY-AQYVVDRMSA-N,1,7.077845674768941,1
RUZJOGYMPJWMOY-UHFFFAOYSA-N,1,7.075720713938118,1
KHFRVSBPNUGGOX-UHFFFAOYSA-N,1,7.075720713938118,1
RCDFXVQYMDZBNQ-UHFFFAOYSA-N,1,7.075720713938118,1
XEMCNPZNSNBIMI-UHFFFAOYSA-N,1,,0
WZEVFJPWWRPRRO-WFXMLNOXSA-N,1,,0
RQSWCCACWBNPPO-UHFFFAOYSA-N,1,,0
JJHIIWQWDBQHAU-PXNSSMCTSA-N,1,,0
JQYQPEJUUNSONE-AMRODCSASA-N,1,,0
FKJFAUSZKZYNCF-UHFFFAOYSA-N,1,,0
MPDFDNDIHGRXBJ-UHFFFAOYSA-N,1,7.0728469790994595,2
MDCLDPYRUQCBTL-UHFFFAOYSA-N,1,7.071575160637414,2
SNZRMVSWDNWUOY-WGSAOQKQSA-N,1,7.07088774334534,1
HNCOLMVXXZHGHT-UHFFFAOYSA-N,1,7.0707314012151805,2
GRZHXPBQXHUQHO-UHFFFAOYSA-N,1,7.070581074285707,1
RVPGPLCUKORXKA-BGYRXZFFSA-N,1,7.070581074285707,1
VLHYFLPLTQFSPU-UHFFFAOYSA-N,1,7.070581074285707,1
MSIBEULIAVFSHF-UHFFFAOYSA-N,1,,0
BFOVLXRLGAVDCG-UHFFFAOYSA-N,1,,0
SBPCXDBPVMPZQE-UHFFFAOYSA-N,1,,0
VKDWFHAQOZYATG-UHFFFAOYSA-N,1,7.070300241885096,2
FMLDUWPAAHKNPY-HNKWHGCMSA-N,1,7.070070439915412,1
KXADBRPCRIFTTK-UHFFFAOYSA-N,1,,0
HMILUIFVMYFSEQ-UHFFFAOYSA-N,1,7.070019409484486,1
IBUHDDLETPJVGP-UHFFFAOYSA-N,1,7.070019409484486,1
ALPOWWDAVMFBEC-UHFFFAOYSA-N,1,,0
WQPRXYGVHKQNOH-HNNXBMFYSA-N,1,7.069050968832477,1
NXIZGEWMXVGBLH-UHFFFAOYSA-N,1,7.067608043680515,2
XQWCSGWUJUEAQM-UHFFFAOYSA-N,1,7.0675262353228465,1
RANUNRLHJXMVHG-UHFFFAOYSA-N,1,7.066512712151295,1
CQUFCEROSHHDTD-YEMPIKNUSA-N,1,7.066006836168757,1
ASXGJMSKWNBENU-UHFFFAOYSA-N,1,7.0655015487564325,4
FBRUCPZAISLOOV-UHFFFAOYSA-N,1,7.0655015487564325,1
HEEKUWDLPPDKMK-MEMLXQNLSA-N,1,7.0655015487564325,1
PYPHZFKZPWVUSJ-UHFFFAOYSA-N,1,7.0655015487564325,1
POFPGNGXPMKIRD-UHFFFAOYSA-N,1,,0
ZBFUMDILDZBFFX-DHYNVXFASA-N,1,,0
GZFSOKPLNMYPCE-YPGOJHLTSA-N,1,7.065002999939129,2
YYTIIIVJXIHBBL-UHFFFAOYSA-N,1,,0
UBPODDPFCZVNDC-UHFFFAOYSA-N,1,7.064492734175287,1
KHEBQTBTKXEQAN-UHFFFAOYSA-N,1,7.06421353222706,2
SJIPQSFBLAVVRK-SFHVURJKSA-N,1,7.063486257521107,1
ASSMUHYHXZFLKM-UHFFFAOYSA-N,1,,0
BWMBSQXAENBLPV-WGSAOQKQSA-N,1,7.062783109137294,1
IBGVTRNZLWEIPT-UHFFFAOYSA-N,1,7.0612308249525855,2
BSFUDLSQCLQWQE-WMLDXEAASA-N,1,7.060480747381382,1
NSIHYPVKKYZWKZ-UHFFFAOYSA-N,1,,0
GSYFEKZSWFXBAB-UHFFFAOYSA-N,1,7.060050837834995,2
LNIMWHNBBWKUND-UHFFFAOYSA-N,1,7.059981844992337,1
BYVMACMLLCFAJG-UGNFMNBCSA-N,1,,0
MKJHGVZTPBBKML-UHFFFAOYSA-N,1,7.0589857562944305,1
HDARUHQXURTTIH-UHFFFAOYSA-N,1,,0
LPQJVVVCQKYAIY-UHFFFAOYSA-N,1,,0
XTFRBHHJAHSVNA-UHFFFAOYSA-N,1,,0
KUOYFTRGKVRORO-UHFFFAOYSA-N,1,,0
QLLKZBYEHJGRHK-MEMLXQNLSA-N,1,7.055517327849831,2
NJWHLJABYCIZPL-LJQANCHMSA-N,1,7.055517327849831,1
SNXPYOZDXRKEER-UHFFFAOYSA-N,1,7.055517327849831,1
HXYOWUYUMZFBLT-IYARVYRRSA-N,1,,0
FJUALPUCFNOCDA-ZDUSSCGKSA-N,1,7.055418635773074,1
FGHYITFFCUFQHL-XUTJKUGGSA-N,1,7.0545806573969365,1
ZQBFPGSJRSEUAX-UHFFFAOYSA-N,1,7.054039296422431,3
PDQWDSWLQAHIBM-UHFFFAOYSA-N,1,7.05395269865476,4
QMQPXBZSSCAECU-UHFFFAOYSA-N,1,7.050609993355087,1
XNCBAANIRMIPBG-AZGAKELHSA-N,1,7.050609993355087,1
YNDXOTSFHNIDSI-UHFFFAOYSA-N,1,7.050609993355087,1
KYXXZGFCBQFNOQ-UHFFFAOYSA-N,1,7.050609993355087,1
ASBHLQBMEPLWID-UHFFFAOYSA-N,1,,0
IPVLSOVWVUCPMD-UHFFFAOYSA-N,1,,0
CLYZVNJXJPXTED-FXAWDEMLSA-N,1,,0
JLHYDFVXCXCPKN-UHFFFAOYSA-N,1,7.049988648441574,2
WZWWBVCSJDIKCC-UHFFFAOYSA-N,1,7.048662481204082,1
XKKQDWMQMVRHDS-UHFFFAOYSA-N,1,7.048662481204082,1
IWGVABNVNOQFPY-TXTKFYIRSA-N,1,7.048176964684088,1
IITURQZUYHBHDS-UHFFFAOYSA-N,1,6.639993867770901,1
WWZCKJOSLFFMMU-CYYJNZCTSA-N,1,,0
JIIISTFEPCPGJL-MYUCLKGASA-N,1,,0
SKAQBDJYUIBMTJ-UHFFFAOYSA-N,1,,0
YMJIJWNRDYCZCK-UHFFFAOYSA-N,1,,0
QIUIRCOXERNMCI-KZNAEPCWSA-N,1,7.046675303610815,1
MHHLELSXRBTNRD-GXTWGEPZSA-N,1,7.045757490560675,2
PJMOAMQVWVRXEQ-UHFFFAOYSA-N,1,7.045757490560675,1
YYWRRBMZAGSBNZ-UHFFFAOYSA-N,1,7.045757490560675,1
MVCKFMYJPCUEDZ-UHFFFAOYSA-N,1,7.045757490560675,1
ABUDXXYFKLCSKO-UHFFFAOYSA-N,1,7.045757490560675,1
VPRRPJPYZLZPNF-PMERELPUSA-N,1,7.045757490560675,1
TYDUDPVGSUDIDV-UHFFFAOYSA-N,1,,0
QCAVICZZIMJCCB-UHFFFAOYSA-N,1,,0
AAPCMUAAQFZHRZ-WOIUINJBSA-N,1,7.0450342689415795,1
PJWMINWCBXFJAI-UHFFFAOYSA-N,1,7.042871802323187,1
NQNRCHXTCUMIPZ-UHFFFAOYSA-N,1,7.040958607678906,1
RYXYJLZLSOOSMR-UHFFFAOYSA-N,1,,0
OMGQCEITFUGYJF-YEPDHIAXSA-N,1,,0
CRTXNNNIYVQHEB-IPJJNNNSSA-N,1,,0
CVLYSHSUQHJMJF-KESTWPANSA-N,1,7.04029097575357,1
YTXILLIRPDSLHZ-UHFFFAOYSA-N,1,,0
WNZBBTJFOIOEMP-UHFFFAOYSA-N,1,,0
DNKKASLPXCCBTN-QAQDUYKDSA-N,1,7.03990993209508,1
PCPMHRDGGJEPAZ-UHFFFAOYSA-N,1,7.039529222465701,1
ZYOHPRMTOCMZRK-IBGZPJMESA-N,1,7.03747810086182,2
BFHHRFYYBLXMIN-KESTWPANSA-N,1,7.036684488613888,1
YHEZQOSUVDWMEX-SFHVURJKSA-N,1,7.036212172654444,1
JKBANFCMSOHIAB-UHFFFAOYSA-N,1,7.036212172654444,1
JRHZMBFEPWEZFP-UHFFFAOYSA-N,1,7.036212172654444,1
PSULVKVPLZZSRC-UHFFFAOYSA-N,1,7.036212172654444,1
KCWSSYYCEGZXTI-OYRHEFFESA-N,1,7.036212172654444,1
NJMHKVAICPWFEV-UHFFFAOYSA-N,1,,0
ONVPKPUWGYFERX-QPJJXVBHSA-N,1,7.036130090914305,2
MPYBYEHRQXVCIP-ONEGZZNKSA-N,1,7.035507793029862,4
MYGPMZFDKMFNEY-UHFFFAOYSA-N,1,7.034933177079441,2
PLAPJTQAKKRSBQ-AQYVVDRMSA-N,1,7.0347982989740885,1
KESPBTDDQDBERC-UHFFFAOYSA-N,1,7.034372796791793,2
FETIOVWFCXVZTM-SAIGFBBZSA-N,1,7.033999142371216,1
JUDRYUBHCDSXGX-UHFFFAOYSA-N,1,,0
HCQPBJDAJVESML-UHFFFAOYSA-N,1,,0
XOZFOKIHXFIGLO-UHFFFAOYSA-N,1,7.031743128760553,2
ASXGJMSKWNBENU-CQSZACIVSA-N,1,7.031517051446065,3
SHOJVFLWKSRVPH-TZMCWYRMSA-N,1,7.031517051446065,1
AOSAPZYJOHCROI-SJLPKXTDSA-N,1,7.031517051446065,4
MONABEPWKHXIEW-UHFFFAOYSA-N,1,7.031517051446065,1
OGAUNANMKAMDND-UHFFFAOYSA-N,1,7.031517051446065,1
PRPIHWHFWBQGCY-NZQKXSOJSA-N,1,7.031517051446065,1
NBMCMVKIOBKUGI-UHFFFAOYSA-N,1,,0
VEVAPZIIWSXUGC-UHFFFAOYSA-N,1,,0
DIQJJEOAZURXOK-NSHDSACASA-N,1,,0
ZMYOIZHRXABMFZ-ONEGZZNKSA-N,1,7.0301183562535,7
SYVDJXDQBYVOLF-UHFFFAOYSA-N,1,,0
QFYZGXPIOVYJOV-UHFFFAOYSA-N,1,,0
KHPOIBBWMVNTMI-WFXMLNOXSA-N,1,,0
ULJLEPAGNIGYJX-UHFFFAOYSA-N,1,7.026872146400302,1
NLYUVFZOJUSMNV-UHFFFAOYSA-N,1,7.026872146400302,2
KKPAMHAGPCJOBO-OAQYLSRUSA-N,1,7.026872146400302,1
AEJCTJSNUNXYQL-YHBQERECSA-N,1,7.026872146400302,1
KPFBQVMYZMGXQK-UHFFFAOYSA-N,1,7.026872146400302,1
FARUXTURXOFRQS-UHFFFAOYSA-N,1,,0
HNKUJCOSNCIIKR-UHFFFAOYSA-N,1,,0
FFZUWXZVFRDGLT-UHFFFAOYSA-N,1,,0
XDFFHOCWALNYAJ-UHFFFAOYSA-N,1,,0
ALLUIYWATYVDFM-MXVIHJGJSA-N,1,7.024246610963713,1
QXYJJYQLUJICPY-NRFANRHFSA-N,1,7.024108863598207,1
ADDKZOUNFAZVBP-DZNWXHPMSA-N,1,,0
INWVSVHMMAMJRR-UHFFFAOYSA-N,1,,0
QDWOSBADSCWLQX-UHFFFAOYSA-N,1,7.022276394711152,1
RUCVLTFMJJZXOA-UHFFFAOYSA-N,1,7.022276394711152,1
HGHMYQHNOCBXIF-MRXNPFEDSA-N,1,7.022276394711152,1
XYOSGJOTBXWFCN-UHFFFAOYSA-N,1,7.022276394711152,1
RODUYAHDHBLXFS-UHFFFAOYSA-N,1,,0
UGIQUWZDOMEVPS-UHFFFAOYSA-N,1,,0
SJSVMGMRQLCIER-UHFFFAOYSA-N,1,,0
KFYDJOCWGSDKIF-UHFFFAOYSA-N,1,7.021363051615525,1
MHMZJEYRSGRQHH-UHFFFAOYSA-N,1,7.021148479225584,2
RILXDJGPJCVJME-UHFFFAOYSA-N,1,,0
LZICIBCEISDAND-IYARVYRRSA-N,1,7.0205426819021515,1
ABNWTYHEAATIEC-UHFFFAOYSA-N,1,7.019996628416253,1
IZZNYYLQSUDWDO-UHFFFAOYSA-N,1,,0
XIRROHSGQGQXTD-MRXNPFEDSA-N,1,,0
FVLJNPGRJXOJPX-UHFFFAOYSA-N,1,,0
YQKJNAOFYRHUIC-UHFFFAOYSA-N,1,,0
ACWOUFNDQFUXQN-UHFFFAOYSA-N,1,7.018862697688342,2
BDYFUDKVHWMALQ-UHFFFAOYSA-N,1,7.017728766960431,1
LSAYTXKZGVXENK-JOCHJYFZSA-N,1,7.017728766960431,1
PGMRWJOSCVZPRO-UHFFFAOYSA-N,1,7.017728766960431,1
GAXMVVSYOXLLNF-HCGLCNNCSA-N,1,7.014663358264388,1
XSRFHBAHNKMQSR-UHFFFAOYSA-N,1,,0
ICJPCRXVYMMSJY-GFCCVEGCSA-N,1,7.013847656725629,2
QGFMLINRMXISAI-UHFFFAOYSA-N,1,7.013228265733755,1
NLBCAUCTUSFOKY-UHFFFAOYSA-N,1,7.013228265733755,1
QBCMSAVCLXLVLP-MRXNPFEDSA-N,1,7.012054431799104,2
BGDWIZDSYFKVEK-UHFFFAOYSA-N,1,,0
OSXVNRDDXPNSDP-UHFFFAOYSA-N,1,,0
VZTUIEROBZXUFA-INIZCTEOSA-N,1,6.924453038607469,1
LSEKXOSZIOVUOY-XLIONFOSSA-N,1,,0
LSEKXOSZIOVUOY-FXAWDEMLSA-N,1,,0
VYCKVQISRHCOOL-OAHLLOKOSA-N,1,7.009407931300823,2
RJWCQAKUQRSOTC-UHFFFAOYSA-N,1,7.009395233003053,2
WEVJMQOBCRCIPF-UHFFFAOYSA-N,1,7.008773924307505,2
BVWADVPUSLVRJC-AWEZNQCLSA-N,1,,0
HZBAKQLOTJCSJX-UHFFFAOYSA-N,1,,0
YJYMXCFUNVLJOC-UHFFFAOYSA-N,1,6.928117992693874,9
KEAJISWSTUQSFY-UHFFFAOYSA-N,1,7.007004901568658,1
KOCGSQKBNAQPDU-UHFFFAOYSA-N,1,,0
UDOZPIGWNKAYKX-UHFFFAOYSA-N,1,7.006166867536862,2
RZGMDABPMIFSBV-RELWKKBWSA-N,1,7.005682847330363,1
WJAJWDPSJIBVEJ-UHFFFAOYSA-N,1,,0
WEXLHWFGOZCTNY-UHFFFAOYSA-N,1,7.00436480540245,1
WWLFCQLHCAEMAP-UHFFFAOYSA-N,1,,0
TVPLPJXYUREZIM-UHFFFAOYSA-N,1,,0
UKAZUPHMMINRDF-UHFFFAOYSA-N,1,,0
AMBHQWIFPINWOO-SKPFHBQLSA-N,1,,0
UHYDZQALANMGBP-UHFFFAOYSA-N,1,,0
FKPUMTSFODZMAY-UHFFFAOYSA-N,1,7.002182402701225,2
VLWXQHYDFCFOHW-UHFFFAOYSA-N,1,,0
ZXMMZWMGSDPKNA-UHFFFAOYSA-N,1,7.000870330788151,2
MOHZYINNROZMOQ-YLIUREIVSA-N,1,7.000869458712629,1
BPNZNQGAIFMNES-UHFFFAOYSA-N,1,7.000543547820607,2
VBACXRLOMHPKDF-UHFFFAOYSA-N,1,,0
XBEFTADDFPJGTJ-OBEGXNAASA-N,1,7.0,1
XEUBQMWKWUHVDM-UHFFFAOYSA-N,1,7.0,1
KZHRZLVMRCWAML-PKWGFICBSA-N,1,7.0,1
AJHTXXXNOZVOOI-HSZRJFAPSA-N,1,7.0,1
HDCVYYTWHHFQGS-AWKYBWMHSA-N,1,7.0,1
XOMRUHWGUJNGLC-UHFFFAOYSA-N,1,7.0,1
SXSCQNHPXUWSQP-UHFFFAOYSA-N,1,7.0,1
XYWCAOFTBSFDJW-UHFFFAOYSA-N,1,7.0,1
OXRRNHYMIXLDFY-UHFFFAOYSA-N,1,7.0,1
AUFOWYXFFKBIDT-UHFFFAOYSA-N,1,7.0,1
XRYOHUILNZTLBQ-UHFFFAOYSA-N,1,7.0,1
ZQAMNGCYKZHATK-UHFFFAOYSA-N,1,7.0,1
KYKGECIXEATTSM-UHFFFAOYSA-N,1,7.0,1
SUOCMIKXLFKQTH-VWLOTQADSA-N,1,7.0,1
RQXJVDYSRNWVNF-UHFFFAOYSA-N,1,7.0,1
JCGVHNRXCIXGCT-UHFFFAOYSA-N,1,7.0,1
UXCCYRSVXPBQMU-UHFFFAOYSA-N,1,7.0,1
SXVZDDYARZWATR-KRWDZBQOSA-N,1,7.0,1
TZQRQWWAQZCVET-UHFFFAOYSA-N,1,7.0,3
JZHYUFZRYZRTGH-UHFFFAOYSA-N,1,7.0,1
AZORJLGCYRQCSX-UHFFFAOYSA-N,1,7.0,1
OLKRKRWLKISLQU-WIYYLYMNSA-N,1,7.0,2
IAUZWUKARUVEJL-UHFFFAOYSA-N,1,7.0,2
STBOGIYRSOVWPV-WUJWULDRSA-N,1,7.0,1
BYFBIHGWAJPFIB-UHFFFAOYSA-N,1,7.0,3
LCSARSYDEHXRBQ-UHFFFAOYSA-N,1,7.0,3
HIRZFMOIKMLUHF-LAUBAEHRSA-N,1,7.0,1
QCDCMDPVHPUROA-UHFFFAOYSA-N,1,7.0,1
RTBICRVBMOJALC-KNQAVFIVSA-N,1,7.0,1
FOUYNUWEFKTMDR-UHFFFAOYSA-N,1,7.0,1
JLHIRWIMDKSLJU-UHFFFAOYSA-N,1,7.0,1
MWNMVEFIIAOCJG-UHFFFAOYSA-N,1,7.0,1
YXLLQNMKIDBOGH-NDEPHWFRSA-N,1,7.0,1
KGQVGHYBVLHORN-UHFFFAOYSA-N,1,7.0,1
GOLAHDQVVNCLCU-UHFFFAOYSA-N,1,,0
PRHPYOCEQODHTD-UHFFFAOYSA-N,1,,0
AVPWRHUUQUMMJK-INIZCTEOSA-N,1,,0
DJIHVEIRASRGEQ-UHFFFAOYSA-N,1,,0
KNYZEGFDNOILKJ-UHFFFAOYSA-N,1,,0
NBWWBMWMDFWWPB-XGAFWQRZSA-N,1,6.998699066979582,1
CROXIASATJXZSZ-UHFFFAOYSA-N,1,6.998657843505136,2
LUQGVAHGIPCKGZ-UHFFFAOYSA-N,1,,0
HEPZPDOHSGVKLD-UHFFFAOYSA-N,1,,0
TTWNKLQDNLHBQI-NEAURRHBSA-N,1,,0
NUTCIQIPIDPFOT-UHFFFAOYSA-N,1,6.995699914119041,2
KQKNFEONJSYEER-CQSZACIVSA-N,1,,0
LVXYAFNPMXCRJI-SFHVURJKSA-N,1,6.995678626217357,1
GKDKMENNKYXYAC-RELWKKBWSA-N,1,6.995678626217357,1
TZZKWSLLNPOOCC-UHFFFAOYSA-N,1,6.995678626217357,1
NJEUWDQVSSOGDD-UHFFFAOYSA-N,1,6.995678626217357,1
UDRYBMBEXSTHNJ-UHFFFAOYSA-N,1,,0
JHONYJKBTVQFJZ-JKIUYZKVSA-N,1,6.9955926358236695,1
ROTBWFGDDNEYCJ-UHFFFAOYSA-N,1,,0
GWAQIWMRFSAOHA-UHFFFAOYSA-N,1,6.991399828238082,1
NLHCISCLHSDPBA-UHFFFAOYSA-N,1,,0
KDFKJOFJHSVROC-UHFFFAOYSA-N,1,,0
LZDIMLIVNXMYDQ-UHFFFAOYSA-N,1,,0
ODFIVFUWYGFTJX-UHFFFAOYSA-N,1,,0
QUGHLFHSMAECME-FQEVSTJZSA-N,1,,0
HMVJSLZLZZJKHU-UHFFFAOYSA-N,1,,0
JWZQTYLGRLCMJW-UHFFFAOYSA-N,1,6.987795703969257,1
MLMPITXUNSOGFE-UHFFFAOYSA-N,1,6.987162775294828,1
YEPKUBSVJPPSQU-UHFFFAOYSA-N,1,,0
GTZGOAZVYIYKPQ-UHFFFAOYSA-N,1,,0
JLKQRZNKNIUOLD-UHFFFAOYSA-N,1,,0
UTVCJNNRVXMBSF-UHFFFAOYSA-N,1,,0
QFFUMQAULWYMFB-UHFFFAOYSA-N,1,,0
KGPBZECHWRAGLN-UHFFFAOYSA-N,1,6.984122119531506,2
SGRZMLIEPZAREQ-AFARHQOCSA-N,1,6.984095622104446,1
FEQSGCAJKJDTEE-YHBQERECSA-N,1,6.982966660701219,1
GAFGMUJBSNDSHX-MXVIHJGJSA-N,1,6.982966660701219,1
WOXYKTMEOIXZAQ-UHFFFAOYSA-N,1,6.840968332518619,2
NPOLKMCQMGALNF-UHFFFAOYSA-N,1,,0
BTEHEQVRGFEGCF-UWBLVGDVSA-N,1,,0
WTXHTPKXUSMOPA-UHFFFAOYSA-N,1,,0
DVYJEJMZLCRJNO-UHFFFAOYSA-N,1,6.982365199950282,2
IQNJCFSRWWUBAK-XYWHTSSQSA-N,1,6.982048931169258,1
CQBTYAKAEVDTHI-UHFFFAOYSA-N,1,6.9808886808156405,2
RTQVMPUWTJFEJK-UHFFFAOYSA-N,1,,0
SYYIAXPMUWTBLV-KRWDZBQOSA-N,1,,0
LARFMQZWGLKYLH-JKIUYZKVSA-N,1,6.979638717352293,1
JBQOYPLKTTXLSQ-SANMLTNESA-N,1,6.978810700930062,1
ONAGXNNVAPQSIR-UHFFFAOYSA-N,1,6.978810700930062,1
KDFKJOFJHSVROC-MRXNPFEDSA-N,1,6.978810700930062,1
OACVKINMDRORAI-UHFFFAOYSA-N,1,,0
LKCRBUFMFBJKHT-UHFFFAOYSA-N,1,,0
SUPQFIADWRBCSZ-UHFFFAOYSA-N,1,,0
HUTSIWXIIUGDBK-UHFFFAOYSA-N,1,,0
IZDPQORVZYGVRT-UHFFFAOYSA-N,1,,0
JKPISQIIWUONPB-HNNXBMFYSA-N,1,6.977118186667969,6
OJVDNCHTCHUSCE-HSZRJFAPSA-N,1,,0
FEYWSFCMYGDDGW-HCGLCNNCSA-N,1,6.976377210120994,1
LJYQDVKZJSSWJS-KESTWPANSA-N,1,6.974981027717241,1
MCWNRJVMXBUUPG-OAHLLOKOSA-N,1,6.97469413473523,1
FEQSGCAJKJDTEE-ZRZAMGCNSA-N,1,6.97469413473523,1
WIULHOMYYIYQKY-UHFFFAOYSA-N,1,,0
QEGVRHLMTQXKBP-UHFFFAOYSA-N,1,,0
ZIBRSIATVKXQHK-LBPRGKRZSA-N,1,,0
VPELKUVRUUVLLN-UHFFFAOYSA-N,1,,0
SEAGRPUHJMFFQR-UHFFFAOYSA-N,1,6.972693472721556,2
UXCGLFHPAUUQAA-UHFFFAOYSA-N,1,6.97061622231479,1
AERWLNZHDGJKMO-MRXNPFEDSA-N,1,6.97061622231479,1
MOARTSKNGANIHC-UHFFFAOYSA-N,1,6.97061622231479,1
BQTAJAHHYFXDDH-UHFFFAOYSA-N,1,6.97061622231479,3
FHXDBZHSFZNQBN-UHFFFAOYSA-N,1,6.97061622231479,1
WDEYIXBZAKPKCG-SFHVURJKSA-N,1,,0
NMGWKXZSQCGGGA-ZWKOTPCHSA-N,1,,0
BGJXBVUWLFEJNM-BVHINDKJSA-N,1,,0
LKIZJVWLCHAZTJ-XMSQKQJNSA-N,1,,0
OJVUWAZPULUZEU-UHFFFAOYSA-N,1,,0
UTFOVXIJDJSMKK-UHFFFAOYSA-N,1,6.968709007885918,2
MHHLELSXRBTNRD-TYZXPVIJSA-N,1,6.96657624451305,1
ZRWGXXAMGVLDQT-UHFFFAOYSA-N,1,6.96657624451305,1
MHNXSUUHELFLSP-UHFFFAOYSA-N,1,6.96657624451305,1
MCIWPVPYVLZFFO-UHFFFAOYSA-N,1,6.633369259322902,2
MRZXGFAYAQXVTL-UHFFFAOYSA-N,1,6.96657624451305,1
YLOWHETUDKIVOI-UHFFFAOYSA-N,1,,0
LNXJKTLOXRPPBG-UHFFFAOYSA-N,1,,0
ROGOJMMVYYXWMQ-UHFFFAOYSA-N,1,,0
HQUSWISCKAODEN-UHFFFAOYSA-N,1,,0
MAOSODQBBXGYHQ-UHFFFAOYSA-N,1,,0
JYOIFSSKXBNYGV-UHFFFAOYSA-N,1,6.965907069126919,2
YZQXLVIDXVUDPY-UHFFFAOYSA-N,1,6.96479633912994,2
RVBDWZKWSXQLMF-WBVHZDCISA-N,1,6.963140824826938,2
QRCFVXJHTKTGJU-UHFFFAOYSA-N,1,,0
GYIHMZFXYKMQJJ-UHFFFAOYSA-N,1,,0
RMDQSWIVOHIFNT-UHFFFAOYSA-N,1,6.961134410173804,2
POFDQHAFICYDAQ-UHFFFAOYSA-N,1,6.959991363986458,1
RZFMBOWSMDNJRN-LBPRGKRZSA-N,1,6.959991363986458,1
NMXGNEXAVXBXLG-UHFFFAOYSA-N,1,,0
HVAOTAPASCTPHK-UHFFFAOYSA-N,1,6.959299339414116,2
GUYDMNDOMIQYML-GDLZYMKVSA-N,1,6.958607314841775,1
BEKYXSCBRPYPCE-IRJFHVNHSA-N,1,6.958607314841775,1
SIIDHHZTVIEQJK-UHFFFAOYSA-N,1,6.959299339414116,4
DUKNIHFTDAXJON-ORPLUIKVSA-N,1,6.958607314841775,1
XMXHEBAFVSFQEX-UHFFFAOYSA-N,1,6.958607314841775,1
JSOOBIHCFROWDG-UHFFFAOYSA-N,1,6.958607314841775,1
XNXQFTTXHFQTRX-UHFFFAOYSA-N,1,6.958607314841775,1
WPEMGBZDSSTCNO-UHFFFAOYSA-N,1,6.958607314841775,1
INIGBMVFQMXBFW-UHFFFAOYSA-N,1,6.958607314841775,1
CHYHMJYTWVQCFW-ZRZAMGCNSA-N,1,6.958607314841775,1
HOZYTVYXSUBCBF-UHFFFAOYSA-N,1,6.958607314841775,2
KSMMWWDYFYFBQD-UHFFFAOYSA-N,1,,0
PGSGTPNUOJTSEM-DEOSSOPVSA-N,1,,0
CQQHORALNAXNNO-LBPRGKRZSA-N,1,,0
AMUCTWAVRKDCJA-UHFFFAOYSA-N,1,,0
ADDKZOUNFAZVBP-NVNZTLJMSA-N,1,,0
KXRPTGDSBJOKRD-UHFFFAOYSA-N,1,,0
LQNRJKXALVHLGB-UHFFFAOYSA-N,1,6.954677021213342,1
JCVCZONIULCFAT-UHFFFAOYSA-N,1,6.954677021213342,1
XNEFEJLBHUTYJL-UHFFFAOYSA-N,1,6.954677021213342,1
ZZFIFEVVRSMBSF-UHFFFAOYSA-N,1,6.953121108468704,2
USIWFTPEBGPOSA-OYRHEFFESA-N,1,6.95272949927158,2
IWGVABNVNOQFPY-JTAQYXEDSA-N,1,6.952647239246065,1
HIGILHVUMICSAW-UHFFFAOYSA-N,1,6.9524153242841225,2
JJCFRYNCJDLXIK-UHFFFAOYSA-N,1,6.950781977329818,1
YJPWVCIGSHWNON-UHFFFAOYSA-N,1,6.950781977329818,9
RCSRPVRMQQOAEC-ZBJSNUHESA-N,1,6.950781977329818,1
IVXOADYRPYSQPC-UHFFFAOYSA-N,1,,0
WJNOYXHHRTXPLU-UHFFFAOYSA-N,1,,0
BQGDHYPSATYJRL-UHFFFAOYSA-N,1,,0
BQBVMBGNTSPRNK-UHFFFAOYSA-N,1,6.950394560204838,2
QKQVYZVGWKRGIE-UHFFFAOYSA-N,1,6.950007143079858,1
GQVQHZLEHMPPJD-UHFFFAOYSA-N,1,6.950007143079858,1
FBWZMWVPZRCOTO-UHFFFAOYSA-N,1,,0
XJRRFUVZISYAJG-KSSFIOAISA-N,1,,0
DJFZOPTYMZKMLN-UHFFFAOYSA-N,1,6.949814727441218,2
JJACJGJMQKKPIZ-UHFFFAOYSA-N,1,,0
HIYFAGTUBRCMCS-VSGBWIQQSA-N,1,,0
OQFVFESDHDATCZ-LJQANCHMSA-N,1,6.947619916680737,2
VAGMAHDJGBPZIB-QHCPKHFHSA-N,1,,0
BKDQVRCFIJMWOR-LJQANCHMSA-N,1,6.94692155651658,2
BFNRVMJMTPNWFK-UHFFFAOYSA-N,1,6.94692155651658,1
LVRHAAKFXRNPFH-PSWAGMNNSA-N,1,6.94692155651658,1
PULGLQOWTRCVQB-UHFFFAOYSA-N,1,6.723617236949088,2
OPLHOPJAFJJLPX-HNNXBMFYSA-N,1,6.94692155651658,1
FTQFFUFTPXRJIA-UHFFFAOYSA-N,1,,0
PBVURPVGJYNWJV-UHFFFAOYSA-N,1,,0
QFHMBWDXZWRJJD-BJQOMGFOSA-N,1,,0
WCZVRYOCPPENFW-UHFFFAOYSA-N,1,,0
QMOLKOODFFHIEC-WKILWMFISA-N,1,6.945272067917802,1
CEIJFEGBUDEYSX-FZDBZEDMSA-N,1,6.945042068488103,2
ANNKWISOEPVJLP-JKIUYZKVSA-N,1,,0
OKNVKYBLZGATAL-JOCHJYFZSA-N,1,6.944368743170467,2
WZBDKFBWHQBNSS-WUKNDPDISA-N,1,6.943095148663527,1
KBDQCTAMVLZQJL-MXVIHJGJSA-N,1,6.943095148663527,1
CPWJJWMVFFZCGJ-IBGZPJMESA-N,1,6.943095148663527,1
CPWJJWMVFFZCGJ-UHFFFAOYSA-N,1,6.943095148663527,1
CEBLKRFUASWWLQ-UHFFFAOYSA-N,1,,0
YOJUDLZOPHLXIK-WDDOOKFPSA-N,1,,0
GJTQRHFCZWUPOH-UHFFFAOYSA-N,1,,0
TTXOPRUKWVBAAD-UHFFFAOYSA-N,1,,0
DMEAUWNQEDPHFL-UHFFFAOYSA-N,1,,0
MGAPVOBBWDUNPY-UHFFFAOYSA-N,1,6.94219474416285,2
FOXUYLUURDWAGN-KESTWPANSA-N,1,6.941991767284597,1
KQTGGOXVKGQJFV-BHLWCXQCSA-N,1,,0
YGRWOMWURHIOOO-UHFFFAOYSA-N,1,6.940479269398803,4
XFZUOWZQZTZZCP-UHFFFAOYSA-N,1,6.9399824574684,3
CYRGUPLYZBDIMV-UHFFFAOYSA-N,1,,0
VMUIVGHGONOVFW-UHFFFAOYSA-N,1,6.939713034397075,4
FNDYKBLJPFQMEN-UHFFFAOYSA-N,1,,0
IYJHSZYHBWQPAO-UHFFFAOYSA-N,1,,0
PSLDCUMPPHBRTH-UHFFFAOYSA-N,1,6.939302159646388,1
FMIMXALAIBPPTQ-UHFFFAOYSA-N,1,,0
JKPISQIIWUONPB-UHFFFAOYSA-N,1,,0
SNMHDHJEXUFVCO-FQEVSTJZSA-N,1,6.935542010773082,4
JVLDTZWMLFDIDQ-UHFFFAOYSA-N,1,,0
GFSSZVCGIUBLNI-RUZDIDTESA-N,1,,0
JRQAGUNVYLGWCD-UHFFFAOYSA-N,1,,0
QNDLYMHPSQQTKJ-INIZCTEOSA-N,1,,0
ULFZVKKURLBXLU-UHFFFAOYSA-N,1,,0
VANOULQUECNACR-UHFFFAOYSA-N,1,,0
NJUGOZRVZRFICX-UHFFFAOYSA-N,1,,0
JUAVLXRBQKTSPW-ALOJWSFFSA-N,1,6.933301449577005,1
RHBIYVUWPQXJFC-WGSAOQKQSA-N,1,6.933226962914974,1
GHIPMMXQJHAVMI-DDDLIOIYSA-N,1,6.933152489026101,1
QURJJYMBLXNGPW-CHDDOINTSA-N,1,6.9330408021328775,1
GLMUYARIPQRMIW-UHFFFAOYSA-N,1,6.931814138253838,1
MRQPAQHCUBEBQD-UHFFFAOYSA-N,1,6.931814138253838,1
MACIPEVSTDERLO-UHFFFAOYSA-N,1,,0
QMUUXLBLOLIMJC-UHFFFAOYSA-N,1,,0
IVXOADYRPYSQPC-OXJNMPFZSA-N,1,,0
OCXRBZJRLZFHPE-UHFFFAOYSA-N,1,,0
HGRPPZKIXIZLRX-UHFFFAOYSA-N,1,6.931322944314633,2
YPEMPEGPBFGRNH-OAQYLSRUSA-N,1,6.930911830213479,2
FFDHLEGSHFJYQA-UHFFFAOYSA-N,1,6.930533029871539,2
SREQHVVABVWCKT-QFBILLFUSA-N,1,,0
XRDPJIJIWYVCKW-PGRDOPGGSA-N,1,,0
KDMBMLINAPXLCW-JXFKEZNVSA-N,1,,0
FRDOLUJNVQSLJJ-UHFFFAOYSA-N,1,,0
AZGSWFQAJQTIDP-UHFFFAOYSA-N,1,6.928117992693874,1
GTZSQZPMHIHCCP-UHFFFAOYSA-N,1,6.928117992693874,1
ZDNRYSVLOMAJEZ-SZPZYZBQSA-N,1,6.928117992693874,1
ZZKFQWISNWOXAO-UHFFFAOYSA-N,1,,0
SUBRNIMHHUWIJU-UHFFFAOYSA-N,1,6.926935982160881,2
XBBWJMUBMHLUNQ-XUTJKUGGSA-N,1,6.926648297613099,1
LWBLFKWXBXEZMX-UHFFFAOYSA-N,1,,0
LJVNYCDXBXGQIK-UHFFFAOYSA-N,1,6.924453038607469,1
ZAHWLODEKOTGDR-UHFFFAOYSA-N,1,6.924453038607469,1
GAZDGUQLDXYUCF-UHFFFAOYSA-N,1,6.924453038607469,1
PLFUSXITMGZVCU-UHFFFAOYSA-N,1,6.924453038607469,1
XHIUHIDIRNZTAW-UHFFFAOYSA-N,1,6.924453038607469,1
PECGTMPBAIIWKZ-UHFFFAOYSA-N,1,6.924453038607469,1
OBWVPNLXYFESGY-UHFFFAOYSA-N,1,6.924453038607469,1
XAESEDLRZCTOOM-AATRIKPKSA-N,1,6.924453038607469,1
DKJHWZSZJVWAQC-IYARVYRRSA-N,1,6.924453038607469,1
CYJSCTCAPUEIHE-IFCLKOLQSA-N,1,,0
VQLYGEWSCCJRMT-UHFFFAOYSA-N,1,,0
DWFFYHNZVZKJAK-UHFFFAOYSA-N,1,,0
CCFLRMSKSIAMJZ-UHFFFAOYSA-N,1,,0
QZUDBNBUXVUHMW-UHFFFAOYSA-N,1,7.015477816775923,74
FNHANZYICZUWQM-UHFFFAOYSA-N,1,6.922635896279922,2
CQTUBBGJACSDPZ-UHFFFAOYSA-N,1,6.920818753952375,1
SGVBRIHFEULKBC-UHFFFAOYSA-N,1,6.920818753952375,1
UTHCVWLWDKDKNF-IBGZPJMESA-N,1,6.920818753952375,1
FDOZNCJWYJMHAG-UHFFFAOYSA-N,1,6.920818753952375,1
PQOIDBZLMJMYCD-UHFFFAOYSA-N,1,6.920818753952375,1
YGHHMTVTTJJSQZ-UHFFFAOYSA-N,1,6.920818753952375,1
IALFUNSVFHBTHD-ZHZULCJRSA-N,1,6.920818753952375,1
GTMVYXIUBGBXAW-UHFFFAOYSA-N,1,6.920818753952375,1
HISVPUHXONHOSX-UHFFFAOYSA-N,1,6.920818753952375,1
PASKDVYJTCOFHQ-ZWKOTPCHSA-N,1,6.920818753952375,1
MSJWCCHOETUGFO-UHFFFAOYSA-N,1,6.920818753952375,1
NWSVOKGXCYCZTI-UHFFFAOYSA-N,1,6.920818753952375,1
BNQLJQAWDJNCDL-UHFFFAOYSA-N,1,6.920818753952375,1
HIFGIGWFWSVOEK-UHFFFAOYSA-N,1,6.920818753952375,1
RLXWQKHLDFBDJH-UHFFFAOYSA-N,1,6.920818753952375,1
JFISKFBDHYUNMB-UHFFFAOYSA-N,1,6.920818753952375,1
ZJCJUHTYZBBRTE-SNAWJCMRSA-N,1,6.920818753952375,1
IJFJQGSENNDENR-UHFFFAOYSA-N,1,,0
ATBHOQNWZSXLBZ-UHFFFAOYSA-N,1,,0
KYSNHZPEWJTUAP-UHFFFAOYSA-N,1,,0
SJMJEVKDYIICJQ-UHFFFAOYSA-N,1,,0
YCZWURFQDCDNKN-UHFFFAOYSA-N,1,,0
WZQXXUHEORDTMN-LEWJYISDSA-N,1,,0
PPICFYYJZAROHJ-UHFFFAOYSA-N,1,,0
SUDIGTAQRKSJKD-UHFFFAOYSA-N,1,6.919987152892072,1
YVVDXXSBUJWADQ-UHFFFAOYSA-N,1,6.919987152892072,1
KTBHNUYISHHNFW-JKIUYZKVSA-N,1,6.919445661011229,1
ABHDCLDAAZIPMQ-XGAFWQRZSA-N,1,,0
RFBKHFYKBNFXJB-UHFFFAOYSA-N,1,6.91721462968355,1
GNQMAWAOPDTCCX-UHFFFAOYSA-N,1,6.91721462968355,1
RZLZELGICQMPFL-UHFFFAOYSA-N,1,,0
WALQYBLEMBEYFX-JOCHJYFZSA-N,1,,0
UUNZFDPGHIFDOR-UHFFFAOYSA-N,1,,0
AFDHKRHSWWMNFN-UHFFFAOYSA-N,1,,0
CNKXCQYEDYCLBH-UHFFFAOYSA-N,1,,0
XKQKJVBHECIXLF-UHFFFAOYSA-N,1,,0
FHAZIYQYBLJZIK-UHFFFAOYSA-N,1,,0
ATYMQRVAORCECA-GORDUTHDSA-N,1,,0
XVKBKIBQGMWRDG-UHFFFAOYSA-N,1,6.823908740944319,3
UTFOVXIJDJSMKK-RUZDIDTESA-N,1,6.916341332625912,2
WAKZRNAHRQKOQJ-MRXNPFEDSA-N,1,6.915603989842909,2
VDHWYWSLUYRNGE-UHFFFAOYSA-N,1,6.913640169325252,1
UHPXZGGJCMUMGZ-SZPZYZBQSA-N,1,6.913640169325252,1
DDIKSIDUOMAEBE-UHFFFAOYSA-N,1,,0
FYSQMYZWYIPETJ-RSBROLRWSA-N,1,6.913177642900938,1
DHOLLIZICIPGNS-UHFFFAOYSA-N,1,,0
VAYOSLLFUXYJDT-RDTXWAMCSA-N,1,6.910413760203845,2
QHTFQZNDPJWDIE-UHFFFAOYSA-N,1,6.910094888560602,1
IIEKSILFYZPUHU-UHFFFAOYSA-N,1,6.910094888560602,1
HBVMKSZWZCERSH-ZRZAMGCNSA-N,1,6.910094888560602,1
JCHVMGVSTOIQAD-UHFFFAOYSA-N,1,,0
XHVPXAXIOGEDCH-UHFFFAOYSA-N,1,,0
LIKMSWCFNPHNGP-UHFFFAOYSA-N,1,,0
VUTOMIJXJZXCIM-ZDUSSCGKSA-N,1,6.909988975992853,1
CTRVTEOXKBMCKO-QPPBQGQZSA-N,1,,0
YHOBSYHOPLONDJ-UHFFFAOYSA-N,1,,0
OOBJUMKQKXVZFD-QAQDUYKDSA-N,1,6.90970666868989,1
VDCBDIRJDJYCIZ-UHFFFAOYSA-N,1,6.909078206027614,2
DKNAYNJDTLBNCH-MXVIHJGJSA-N,1,6.906683398795669,1
KCQJHHZOOWJYBY-UKRRQHHQSA-N,1,6.906578314837764,1
GTVFZXONQFRIKN-WBBPVWTJSA-N,1,6.906578314837764,1
NSMCYUMPIGJKHV-UHFFFAOYSA-N,1,6.906578314837764,2
KPQQZVGMKIYWDG-SSEXGKCCSA-N,1,,0
NBZOFTWCMCHMEK-ZDUSSCGKSA-N,1,,0
JEAHBVRHQWEDQL-UHFFFAOYSA-N,1,,0
SMYXZGAHTSUBQF-UHFFFAOYSA-N,1,,0
UDYXSPVICNNUPJ-UHFFFAOYSA-N,1,,0
PSQWBHXNCLXCGM-XUTJKUGGSA-N,1,6.90622821850127,1
LECUUDCCVOYUHG-UHFFFAOYSA-N,1,6.9051796196451996,2
SODIABUAKYTHPQ-UHFFFAOYSA-N,1,,0
JNRGVRLFICIPND-UHFFFAOYSA-N,1,,0
FBCHBSLRWJFVBX-UHFFFAOYSA-N,1,6.903089986991944,1
VCKOBAOVBZHUOW-UHFFFAOYSA-N,1,6.903089986991944,1
LUUFOYDIFHDVPM-NMWGTECJSA-N,1,6.903089986991944,1
ZCOCXUHOOHHYHC-UHFFFAOYSA-N,1,6.903089986991944,1
MGLBPQCNRNAVCP-UHFFFAOYSA-N,1,6.903089986991944,1
QIMGMHULMOXSPU-UHFFFAOYSA-N,1,6.903089986991944,1
FAZGZSIAUUOWKB-UHFFFAOYSA-N,1,,0
WXIJHIYOSNRVJO-UHFFFAOYSA-N,1,,0
OGMXPNDTEOMUTP-UHFFFAOYSA-N,1,,0
QQXHQQJZRPYPBM-UHFFFAOYSA-N,1,,0
DMKAPLAWGQGMFL-UHFFFAOYSA-N,1,,0
CDGORPLWQZYBKZ-UHFFFAOYSA-N,1,,0
HKDWHBNHNQEUKW-UHFFFAOYSA-N,1,,0
GABAKKAKKXWMMF-LBULQRRMSA-N,1,6.900008766455316,1
KZPBNOPHHYISJR-CGKJMXRXSA-N,1,6.900008766455316,1
FBXKPSPDFUNMEE-AOJFSQSVSA-N,1,6.900008766455316,1
NWSXNSLKBWYNLE-HSZRJFAPSA-N,1,6.900008766455316,1
XJCNAPNYTSUCIR-DEOSSOPVSA-N,1,6.900008766455316,1
XLVZTPFZKIHPPD-WFCPMTAMSA-N,1,6.900008766455316,1
GDYQVHUWFCXMBW-UHFFFAOYSA-N,1,6.900008766455316,1
LQMXUNHATCSENV-UHFFFAOYSA-N,1,6.900008766455316,1
OYCWFOLWJZRICL-UHFFFAOYSA-N,1,6.900008766455316,1
HFPUZJYAPWLJOL-UHFFFAOYSA-N,1,6.900008766455316,1
LVSUPYDDQCSHAN-UHFFFAOYSA-N,1,6.900008766455316,1
GUKVULLJWDLSGZ-UHFFFAOYSA-N,1,6.900008766455316,1
LFRFMZVSPPXQJD-UHFFFAOYSA-N,1,6.900008766455316,1
SQQYHALTXOFUNG-UHFFFAOYSA-N,1,6.900008766455316,1
GZFMZJDVLOZLLL-OMXJDXKCSA-N,1,6.900008766455316,1
GFQWAFBXHVCNHP-LMTLIKQPSA-N,1,6.900008766455316,2
NCXRDDKPZUSAQF-QRTMHTFLSA-N,1,6.900008766455316,2
VFHXPWOCQCSEPK-UHFFFAOYSA-N,1,6.900008766455316,1
IHDSWPOLCNCESB-UHFFFAOYSA-N,1,6.900008766455316,3
HIRZFMOIKMLUHF-UHFFFAOYSA-N,1,6.900008766455316,4
TXPWWEBUZHUGQI-UHFFFAOYSA-N,1,6.900008766455316,2
NZOQVGKUAPXCFT-NQIIRXRSSA-N,1,6.900008766455316,1
SSMBSCUSIUNOPU-UHFFFAOYSA-N,1,6.900008766455316,1
WONPWDMMWFWEFC-ODOSRFNGSA-N,1,6.900008766455316,1
YVENIGOVHPMTDH-UHFFFAOYSA-N,1,6.900008766455316,1
FZEUFNLUEJZENL-UHFFFAOYSA-N,1,,0
CJBOUVOUANDQQO-UHFFFAOYSA-N,1,6.899994948813411,4
SWLJBNUUUMFEOK-UHFFFAOYSA-N,1,6.899819110668876,2
HKUPNFQZELWUIO-UHFFFAOYSA-N,1,,0
VZNSZPOJWAAUQR-UHFFFAOYSA-N,1,6.899629454882437,2
XSIRCQCMKMOVGP-UHFFFAOYSA-N,1,6.899629454882437,1
LZCAZQHEQOBNGY-UHFFFAOYSA-N,1,6.899629454882437,1
ROKAKGMAWJNFEN-UHFFFAOYSA-N,1,6.596193423270048,6
RJSAZDFVYLKJQV-KRWDZBQOSA-N,1,6.897599625855815,2
QCXHSUNSZGYUFF-UHFFFAOYSA-N,1,6.896196279044043,1
LOWWSZHAZVDMAY-UHFFFAOYSA-N,1,7.576754126063192,2
BHTLDHJPBYJAPF-UHFFFAOYSA-N,1,,0
JJZQCWGLYTVPFB-LBPRGKRZSA-N,1,,0
PLVMBXJAZDNOCA-IYARVYRRSA-N,1,6.8937750951032015,1
PXSSMALRVSYAFM-UHFFFAOYSA-N,1,6.892790030352131,1
IIRIYSMJEARNKO-UYAOXDASSA-N,1,6.892790030352131,1
MTGUKBVSRDTGQB-DTQAZKPQSA-N,1,6.892790030352131,1
HAQWHYZIBLSPID-UHFFFAOYSA-N,1,6.892790030352131,1
RBMOPDXMDCXDDP-ZBJSNUHESA-N,1,6.892790030352131,1
GKIMLDRVPMXRGW-UHFFFAOYSA-N,1,6.892790030352131,1
FXMDNGYJSZHADA-UHFFFAOYSA-N,1,6.892790030352131,1
IAXCCAHOKNMOII-UHFFFAOYSA-N,1,6.892790030352131,1
PSIMZXQMJNBYKI-UHFFFAOYSA-N,1,,0
IDMCBMOPQUHSKE-UHFFFAOYSA-N,1,,0
FSMFABUIPFMXCD-HNKWHGCMSA-N,1,6.892450870255313,1
DAMZXOKWXKGWAF-UHFFFAOYSA-N,1,,0
ZPMKYPOYZYLBSN-UHFFFAOYSA-N,1,6.890016705180107,1
GKYCMCAEMPRKBH-UHFFFAOYSA-N,1,6.890016705180107,1
WPHJGSMNRMHHKG-ZFWWWQNUSA-N,1,,0
UGCFNMABVTZWEE-JCNLHEQBSA-N,1,,0
CDXSZIGVTVIYPC-UHFFFAOYSA-N,1,6.889410289700751,1
WEWHUBNHAHEDPL-UHFFFAOYSA-N,1,6.889410289700751,1
RVPGPLCUKORXKA-MXVIHJGJSA-N,1,6.889410289700751,1
CQABPCACTMBCQC-SZPZYZBQSA-N,1,6.889410289700751,1
NXACGFFPVFDPGP-UHFFFAOYSA-N,1,6.889410289700751,1
CTRVTEOXKBMCKO-URXFXBBRSA-N,1,,0
GDZBFHVIKHSMAN-UHFFFAOYSA-N,1,,0
INZTWDPMSQSIHC-WXKZGDQPSA-N,1,6.888771101765844,1
YPDPMVCWRIXMHS-UHFFFAOYSA-N,1,6.888036676436635,2
JGVMWDMAURDGRG-UHFFFAOYSA-N,1,6.887345359137068,2
LBALZQQRFZMPJO-UHFFFAOYSA-N,1,6.8869295586069175,2
VQVFEOWWKRLYCL-UHFFFAOYSA-N,1,6.886056647693163,1
BKCOTBJYDGSUFC-UHFFFAOYSA-N,1,6.886056647693163,2
LPYJYJNIIRKQSC-UHFFFAOYSA-N,1,6.886056647693163,1
DGLBBHYIYLVQGF-OYRHEFFESA-N,1,6.886056647693163,1
ILRFVZOWNPFKOR-UHFFFAOYSA-N,1,,0
NXQJYLDOIPIWNN-UVXAETBJSA-N,1,6.886056647693163,1
RYAUDQTUUTVOSS-JTQLQIEISA-N,1,,0
HKODNYJFALMYIC-UHFFFAOYSA-N,1,,0
KPALBYLTRZDOII-UHFFFAOYSA-N,1,,0
PZOYUDSFJIUPSS-UHFFFAOYSA-N,1,,0
XIHOJUYAGODVFH-HTAPYJJXSA-N,1,,0
FYSSSSIVDTYBFD-UHFFFAOYSA-N,1,6.884520222125715,2
ZZHBWXMHPRGVFQ-UHFFFAOYSA-N,1,6.882728704344236,1
VBJJOYHRWXQNFV-UHFFFAOYSA-N,1,6.882728704344236,1
XBPMVETTWGWOJL-SNAWJCMRSA-N,1,6.882728704344236,1
DCZHKWLSZWKCQB-UHFFFAOYSA-N,1,,0
CHOZUANHGJPGBJ-UHFFFAOYSA-N,1,,0
PPEOSFLQUWMAND-UHFFFAOYSA-N,1,,0
KECLJXDGQOFDIE-JCNLHEQBSA-N,1,,0
TZVCFPAWFHTJGC-UHFFFAOYSA-N,1,,0
UVSHQUOFNSVIJR-RUCARUNLSA-N,1,,0
YDSZXMRCXLHXST-UHFFFAOYSA-N,1,6.8794260687941495,1
JFFIIIVILGKQSZ-UHFFFAOYSA-N,1,6.8794260687941495,1
DWXTXKLKQKWXGL-PTGBLXJZSA-N,1,6.8794260687941495,1
YRVKJIDCHIEELY-UHFFFAOYSA-N,1,6.8794260687941495,1
LKBUQFJMIZRYTF-GOSISDBHSA-N,1,6.8794260687941495,1
NJDLKOOXINDASG-UHFFFAOYSA-N,1,,0
QNKSLKGYJQJCTC-UHFFFAOYSA-N,1,,0
OIRZLTZLOKARTG-UHFFFAOYSA-N,1,,0
MMJQZWCPJZFPIH-UHFFFAOYSA-N,1,,0
VSLHVYXAJARFNB-UHFFFAOYSA-N,1,,0
SKNVJEZUCGHGRG-UHFFFAOYSA-N,1,,0
BWGWYQWYXXYEFW-MXVIHJGJSA-N,1,6.876900044744426,1
UFFVYLYYQFBQCZ-UHFFFAOYSA-N,1,6.876148359032914,1
JFRXSPVSGNWHOD-HZCBDIJESA-N,1,6.876148359032914,2
DKWMITGGRKWYMS-UHFFFAOYSA-N,1,6.876148359032914,1
VNOVJBCSHDLPEW-KRWDZBQOSA-N,1,,0
XLFVNUMKTSPYMC-SAABIXHNSA-N,1,6.8757893165637824,1
GOXUZWWTKIXHQU-JKIUYZKVSA-N,1,6.874648879485248,1
LDQRJOZTSIXFDZ-UHFFFAOYSA-N,1,6.874180889775894,2
WKZQYOGJYMCSPM-QGZVFWFLSA-N,1,6.872895201635192,1
QSFIOZUTOJIBTH-GOSISDBHSA-N,1,6.872895201635192,1
KSTDXOPMADKXRO-UHFFFAOYSA-N,1,6.872895201635192,1
YLTGLYZGVGBBTF-UHFFFAOYSA-N,1,,0
OLRVQVYEXPCJPP-UHFFFAOYSA-N,1,,0
ADUYXHYSTCIMEO-UHFFFAOYSA-N,1,,0
QWQLAYGIWUDXCY-UHFFFAOYSA-N,1,,0
OZGYKPPQUQUAJA-UHFFFAOYSA-N,1,6.869964306007462,2
WIYPXJWKJSYBKF-UHFFFAOYSA-N,1,6.92841450339991,4
GSEFGWJFHUAOCL-CTTUZFCVSA-N,1,6.8696662315049934,1
KGZXVJFWNYBRFY-UHFFFAOYSA-N,1,,0
HLDHQIOVGJCOFD-UHFFFAOYSA-N,1,,0
LLPALJXSNNSHCW-ZDUSSCGKSA-N,1,,0
DWDIQEPGVYBABO-AKRCKQFNSA-N,1,,0
XAKTUHLOUGHGRN-QJMHAJMMSA-N,1,,0
TYYIXERJKMDZBL-FQNRMIAFSA-N,1,6.868466158885503,2
JQCALUODVNXQRL-UHFFFAOYSA-N,1,6.866461091629782,1
YJXYZPLPRPNAPZ-SZPZYZBQSA-N,1,6.866461091629782,3
LDYSMWZYEMTWHM-UHFFFAOYSA-N,1,6.866461091629782,1
MLWMWKMYRSHCPJ-UHFFFAOYSA-N,1,6.866461091629782,1
NKJBABKLZJYEME-UHFFFAOYSA-N,1,,0
BADALEVDXACSLP-UHFFFAOYSA-N,1,,0
NPUHZBJVAWACGT-UHFFFAOYSA-N,1,,0
KQVSGWISYYQVDG-UHFFFAOYSA-N,1,,0
TUCVLDGVHWFVIS-WGSAOQKQSA-N,1,6.864644690591225,1
TYJMYUYKJNIAGF-UHFFFAOYSA-N,1,6.864549300654486,1
UYPLISCDIQJPNG-UHFFFAOYSA-N,1,,0
UIWGASRGCHQVHR-FKBYEOEOSA-N,1,6.863342838126121,1
MJBAWGDDLVDCAJ-UHFFFAOYSA-N,1,6.863279432843593,1
WPLABUPGUVWYRA-UHFFFAOYSA-N,1,6.863279432843593,1
MRMGHZXOIGVEQW-BSYVCWPDSA-N,1,6.863279432843593,1
NIENYVQCIJZKMD-UHFFFAOYSA-N,1,,0
VUHBOMDUPLECSX-UHFFFAOYSA-N,1,,0
SXPYSSKUDFLFIQ-UHFFFAOYSA-N,1,,0
RCUUBRFHZZUGFH-UHFFFAOYSA-N,1,6.862645888629267,1
OPHBHUMUNHDPAE-AFARHQOCSA-N,1,6.861066059743076,1
SCWHHXLTCHIVBS-UHFFFAOYSA-N,1,6.860120913598763,1
ZAVNMUPCFJDCTL-UHFFFAOYSA-N,1,,0
GOLAHDQVVNCLCU-QFBILLFUSA-N,1,,0
GFXGGKFVAYIGGO-UXPWSPDFSA-N,1,,0
OBQQHIJXDBDJLM-UHFFFAOYSA-N,1,,0
BTSMIVQFEUCDAW-UHFFFAOYSA-N,1,,0
IPVZGUMYDUWBRS-UHFFFAOYSA-N,1,,0
OQXMVHSMHFPGKE-UHFFFAOYSA-N,1,,0
XTRDYFXHAKBBSQ-UHFFFAOYSA-N,1,,0
XYOCQKZCBWVHNF-AQYVVDRMSA-N,1,6.857422839079465,1
DGUCYPDNCXXCGB-UHFFFAOYSA-N,1,6.856985199745905,1
RVACPGPYDAFYTB-UHFFFAOYSA-N,1,6.856985199745905,1
SHLHJQDYUNFBDK-HZCBDIJESA-N,1,6.856985199745905,1
FVMDOYQNOWAVCQ-UHFFFAOYSA-N,1,6.856985199745905,1
UCFHTPVUEFOLHG-UHFFFAOYSA-N,1,,0
QCZAQDDIFCRXPX-XMMPIXPASA-N,1,,0
CKRMQSOTIYEXQI-UHFFFAOYSA-N,1,,0
HIVKGGQTWNURAT-UHFFFAOYSA-N,1,,0
UXAHKDYRRLVTBS-SJLPKXTDSA-N,1,6.681936665037238,1
MFRGANBNUOPMSD-UHFFFAOYSA-N,1,,0
FJKZYFQWHOCWIZ-KESTWPANSA-N,1,6.855114581712858,1
XIHOJUYAGODVFH-VGSWGCGISA-N,1,,0
QWNXSXJQQRBDOH-UHFFFAOYSA-N,1,6.853871964321762,1
XKXPMSXRABANAG-UHFFFAOYSA-N,1,6.853871964321762,1
IBMJCDACSWDYQN-UHFFFAOYSA-N,1,6.853871964321762,1
CYDFRMLIERPUGG-UHFFFAOYSA-N,1,6.853871964321762,1
PMMMMZICRVMUKQ-UHFFFAOYSA-N,1,6.853871964321762,5
LWLGSWADZDNDOB-FCDQGJHFSA-N,1,6.853871964321762,1
RSLKAABRYSOXNC-UHFFFAOYSA-N,1,6.853871964321762,1
DBJFBHNMHQIBDU-UHFFFAOYSA-N,1,6.853871964321762,1
LFIZODYQZSDNLI-UHFFFAOYSA-N,1,6.853871964321762,1
USCDVFNXTCISHV-UHFFFAOYSA-N,1,6.853871964321762,2
JYBLRFDZVBZKOY-UHFFFAOYSA-N,1,,0
DHICCJDVBYVTJF-UHFFFAOYSA-N,1,,0
SMNHGHQEQJKZTP-UHFFFAOYSA-N,1,,0
QHGCDJHEAXDUFX-UHFFFAOYSA-N,1,,0
MSNNKJFHFNWHFR-AQYVVDRMSA-N,1,,0
NIIZBIHFOWYVTO-GNWSRGIHSA-N,1,,0
FNMHRIVKENCKLK-IGGCZAQCSA-N,1,,0
GORHDCZLLBWZAU-UHFFFAOYSA-N,1,6.851941753915143,2
BIAZWCDUSGLQRR-QUCCMNQESA-N,1,6.851667404869234,2
BQJVXLMFXRFJSZ-UHFFFAOYSA-N,1,6.85078088734462,1
SNXPYOZDXRKEER-SSEXGKCCSA-N,1,6.85078088734462,1
AELYPESLFOQFTR-UHFFFAOYSA-N,1,,0
DSEBSOFOVQJJPG-UHFFFAOYSA-N,1,,0
WPBPWIAMOQOWJZ-UHFFFAOYSA-N,1,,0
KZUQRBDBFQHGDF-NDKRRWIDSA-N,1,,0
ZDQIWLYZMZKCKZ-UHFFFAOYSA-N,1,6.850011543508524,1
HVOHERSVEMLWFM-AWEZNQCLSA-N,1,6.850011543508524,1
UDDOLORLTBTWLQ-KESTWPANSA-N,1,6.848109431264911,1
GQDSHJHRYRHFRN-NCRNUEESSA-N,1,6.8480781125556724,2
BLYMJBIZMIGWFK-UHFFFAOYSA-N,1,6.847711655616944,5
POVCSYONXDMZKL-UHFFFAOYSA-N,1,6.847711655616944,3
ZRPHNBZAKYUMQJ-UHFFFAOYSA-N,1,6.847711655616944,1
BQEDZLDNNBDKDS-UHFFFAOYSA-N,1,6.847711655616944,1
FFSGPPYSYVXBKP-UHFFFAOYSA-N,1,,0
JYPYFLTYYNRKCH-UHFFFAOYSA-N,1,,0
KVAMJUZUNOOZQW-UHFFFAOYSA-N,1,,0
SHOJVFLWKSRVPH-UHFFFAOYSA-N,1,6.84653027892073,2
JINXBCRENWAIPY-UHFFFAOYSA-N,1,6.844663962534938,1
XKFTZAKZMPILFS-UHFFFAOYSA-N,1,,0
QYNVBLKTSBFRTP-UHFFFAOYSA-N,1,,0
PGWQCIREQLHHHR-UHFFFAOYSA-N,1,6.844388044783772,2
KQLWXCILLOUXJV-WGSAOQKQSA-N,1,6.842694369672033,1
KXDIYSZQVVAYOA-OAHLLOKOSA-N,1,6.842466375242892,2
KXVOVPCKFATOKG-UHFFFAOYSA-N,1,6.842337956076475,2
FNCHOLREEKOGDL-JHJOSGQCSA-N,1,6.841697830771977,1
JFRXSPVSGNWHOD-SZPZYZBQSA-N,1,6.84163750790475,2
OFWNLCWKTRJZBM-AQYVVDRMSA-N,1,6.84163750790475,1
IMCPEGAWOYJDMH-UHFFFAOYSA-N,1,,0
JHDHNKDQVCVUJN-INIZCTEOSA-N,1,6.840011949618013,1
HNSLMUBRFVOOOR-UHFFFAOYSA-N,1,6.839949715751899,2
QNJDOVDHWZTXIL-XYWHTSSQSA-N,1,6.839231438138872,1
UKYZTZPUJPHXDZ-UHFFFAOYSA-N,1,6.83889035263304,2
IBNWNWKMISLVQT-UHFFFAOYSA-N,1,,0
UQOWIEJFNPPPBP-OAHLLOKOSA-N,1,6.838631997765026,1
YAWDPUHJRVVYKE-UHFFFAOYSA-N,1,6.838631997765026,1
LETHKPPNRMMQLD-UHFFFAOYSA-N,1,6.838631997765026,1
TUTLRKKYUXPDGN-HNNXBMFYSA-N,1,6.419315998882513,2
YEQXLZYCVNXKRF-UHFFFAOYSA-N,1,6.838631997765026,1
MRFCADRSWRCQFQ-UHFFFAOYSA-N,1,,0
DAIVKPCIFVVSGY-UHFFFAOYSA-N,1,,0
SBCYNHCFJBYRJY-MJGOQNOKSA-N,1,,0
RKFRMULEVKBANT-UHFFFAOYSA-N,1,,0
VSYGMBWVAURWIK-QAQDUYKDSA-N,1,6.837943662639448,1
SOUMZFCXQXUPKF-LLVKDONJSA-N,1,,0
YCRGPOOVKKKGRZ-YLJYHZDGSA-N,1,6.835647144215563,1
PZTFOAIQGVVNAX-UHFFFAOYSA-N,1,6.835647144215563,1
RKKWMBWRDQJXBM-BSYVCWPDSA-N,1,6.835647144215563,1
YUFDTETVOKSVLR-UHFFFAOYSA-N,1,6.835647144215563,1
AQQFXOLTZFTABW-UHFFFAOYSA-N,1,6.835647144215563,1
XRZZROKCQWOAAH-UHFFFAOYSA-N,1,,0
OMABWURKRSVEKR-UHFFFAOYSA-N,1,,0
BDJQYVCQQJQNCR-QGZVFWFLSA-N,1,,0
QURAQIGQNZYJHP-UHFFFAOYSA-N,1,6.835219708912344,2
YLLMKDPCGLJFQN-CYBMUJFWSA-N,1,6.834195260117953,2
QEAYWRGPVOISMK-UHFFFAOYSA-N,1,6.833569886156718,1
PMHBIRXUKAOYEK-UILWBTOOSA-N,1,6.832978204209743,1
HYIGJQLIWSXNQW-KRWDZBQOSA-N,1,,0
MGVDVMXKPXRHQC-KRWDZBQOSA-N,1,6.8326826652518236,3
JTYRRLWDWNUVPG-UHFFFAOYSA-N,1,,0
AIBTZGIRNIYBBE-OWOJBTEDSA-N,1,,0
NIASBGFPTRNZRV-FCMXBYMOSA-N,1,6.832387327272469,1
DMAAYDZJXUUROB-UHFFFAOYSA-N,1,6.831960345281166,2
PEZCNTUYUBESMV-IYARVYRRSA-N,1,6.83000246293343,1
GMHBQXBXDPKIOX-UHFFFAOYSA-N,1,,0
XBPMJUGEGKXVII-UHFFFAOYSA-N,1,6.8297382846050425,1
MPLFGWFRVWQFNU-UHFFFAOYSA-N,1,,0
FOLXSEMOHDUPCN-UHFFFAOYSA-N,1,,0
CXNXVMOAPQHKNR-UHFFFAOYSA-N,1,,0
VSLSUZJMQBJPOJ-UHFFFAOYSA-N,1,,0
HSRRXVXAAFPNDA-UHFFFAOYSA-N,1,,0
QJFXDZVKRFQGQF-UHFFFAOYSA-N,1,6.829183832110973,2
TZTPNIBCXONRKH-UHFFFAOYSA-N,1,,0
OIAXKPXJNIOPBF-UHFFFAOYSA-N,1,6.8278038631574445,2
LIBNJNRMHRQQCZ-UHFFFAOYSA-N,1,6.826813731587726,1
YYWNRQZCPIMCAK-UHFFFAOYSA-N,1,6.826813731587726,1
MMNXGMKPQQFESW-OYRHEFFESA-N,1,6.826813731587726,1
GWDIEKMJVLZAJF-UHFFFAOYSA-N,1,,0
HAWXIKWHZCZBIT-TZDZZSAGSA-N,1,,0
FIZAPBXYZQYEQQ-JKIUYZKVSA-N,1,6.825329758512953,1
FDQXLORJWMWFGU-UHFFFAOYSA-N,1,6.823908740944319,1
AWHNHDGHHNGACT-UHFFFAOYSA-N,1,6.823908740944319,1
UBVYCNOXGQYSRQ-QGZVFWFLSA-N,1,6.823908740944319,4
QRWSJJRUANBJHT-UHFFFAOYSA-N,1,6.823908740944319,1
CCYRVZGWDNSBAQ-UHFFFAOYSA-N,1,6.823908740944319,1
NIPRNSKRPAQDSP-UHFFFAOYSA-N,1,6.823908740944319,1
KRMPDMJUDCQCAJ-FGZHOGPDSA-N,1,6.823908740944319,3
BVLYMIHOEUYZBL-UHFFFAOYSA-N,1,6.823908740944319,1
KGPBMAROMMRKCL-UHFFFAOYSA-N,1,,0
QYAUUWJPEUPHAT-UHFFFAOYSA-N,1,,0
RGAXRFLOVCZZNS-UHFFFAOYSA-N,1,,0
DPVXQZQCRKUMLB-WGSAOQKQSA-N,1,,0
ULCOXAYPHBANNH-UHFFFAOYSA-N,1,,0
KXYAKNGCDOJWIC-UHFFFAOYSA-N,1,,0
GRGGMNIWCOHOKK-FHWLQOOXSA-N,1,6.822694415658139,1
CNARPAZVQVCVGJ-UHFFFAOYSA-N,1,6.721246399047171,3
RGPTYLNPCNVHNC-UHFFFAOYSA-N,1,,0
VHQRCCSUCSHGEI-UHFFFAOYSA-N,1,6.821023052706831,1
LRTWYJMSDIOBGF-UHFFFAOYSA-N,1,6.821023052706831,1
PITWYMITJRIVTR-UHFFFAOYSA-N,1,6.821023052706831,1
HHAWPWAQIRBXKW-SAIGFBBZSA-N,1,6.821023052706831,1
RRNWJHLPCRSTSO-UHFFFAOYSA-N,1,,0
QIYZGXQRUURDLK-RLLQIKCJSA-N,1,,0
AUCTYGBZIOGIIA-UHFFFAOYSA-N,1,6.820797651260652,2
QESXIMMZZQIWKG-UHFFFAOYSA-N,1,6.819988880942283,3
XFBPGUPMMWBWAS-UHFFFAOYSA-N,1,6.819988880942283,1
MWTBCJINTAEULL-UHFFFAOYSA-N,1,6.819988880942283,1
QNPXMHDZEWNMNS-OAHLLOKOSA-N,1,6.819988880942283,7
MKGANIZVJZGXEI-UHFFFAOYSA-N,1,,0
AYPVCAPOVVHYNK-XGAFWQRZSA-N,1,6.8198741248359465,1
LVXRWLDIURXUJE-LSNLESRRSA-N,1,6.818699619733179,1
YAVGJSSSBKISPN-UHFFFAOYSA-N,1,6.818156412055227,1
IVQSQRPBZRNZBV-UHFFFAOYSA-N,1,6.818156412055227,1
BONSXLZOCJXKIV-UHFFFAOYSA-N,1,,0
DVBIYRUFMRQOAP-LSNLESRRSA-N,1,6.81599035029872,1
NLAWPJROLJRPAW-CHWSQXEVSA-N,1,6.815308569182401,1
QAGROPXFHVZUHU-UHFFFAOYSA-N,1,6.815308569182401,1
XEBUJQRPSLQFLB-UHFFFAOYSA-N,1,,0
SGPHWUNCTMLCQF-UHFFFAOYSA-N,1,,0
BQGJUXXCNWSZIZ-KESTWPANSA-N,1,6.812761380168521,1
GAFGMUJBSNDSHX-BGYRXZFFSA-N,1,6.8124792791635365,1
CQABPCACTMBCQC-HZCBDIJESA-N,1,6.8124792791635365,1
ACYCBNFGNBHQEP-ZRZAMGCNSA-N,1,6.8120767818454215,2
IYZBRQAAJGEDNI-UZLBHIALSA-N,1,,0
OXHUEWKMPMINSU-YOEHRIQHSA-N,1,,0
JMQUTFMPAXQIBI-KKSFZXQISA-N,1,,0
SFQRCRYSIPJHQY-UHFFFAOYSA-N,1,6.809894379144197,2
YAYWMEPAZGIOAH-UHFFFAOYSA-N,1,6.809668301829708,1
OWMYGKYXZFSRMD-UHFFFAOYSA-N,1,6.809668301829708,1
OSBDFYCPKUJFJJ-SNAWJCMRSA-N,1,6.809668301829708,1
AQINCVNJJDJAMA-UHFFFAOYSA-N,1,,0
IYZBRQAAJGEDNI-OXJNMPFZSA-N,1,,0
APSSHASNQVGROU-UHFFFAOYSA-N,1,,0
CTWFQXKVAMVTEI-UHFFFAOYSA-N,1,6.809261954862485,2
VEDCYFFCKNISSG-UHFFFAOYSA-N,1,6.808092317009784,2
PQFHVDFLICEIKC-NHCUHLMSSA-N,1,6.8071968632008435,2
OZGHVKYGFAYUBW-UHFFFAOYSA-N,1,,0
GNKPMACIWWMQOV-UHFFFAOYSA-N,1,,0
QNJWSDSFSUZCCQ-UHFFFAOYSA-N,1,,0
LNEVPGGCVOGZMM-UHFFFAOYSA-N,1,6.802896777319885,2
NZKGNAIACSEITE-XUTJKUGGSA-N,1,6.801507866322956,1
UDLSEQDYARNKTL-HSZRJFAPSA-N,1,6.801342913045577,1
YNUOGMCLPCOTIC-UHFFFAOYSA-N,1,6.801342913045577,1
QIMZPHYIPMOZHG-UHFFFAOYSA-N,1,6.801342913045577,1
UVUYWJWYRLJHEN-UHFFFAOYSA-N,1,6.801342913045577,1
FQRXUQIAZYDCID-UHFFFAOYSA-N,1,,0
FTEACBHSVWHXQR-KRWDZBQOSA-N,1,,0
VRQBYXDBZXNLRA-UHFFFAOYSA-N,1,6.8000002819507515,2
ZMJYDZCRICPTFL-MGFGWZDJSA-N,1,6.799998134593398,1
MSHSWAFZASVUIU-AWKDPZSRSA-N,1,6.799998134593398,1
FDELRQRUDIZNMQ-PSDCWKFISA-N,1,6.799998134593398,1
ATLSVLPVZPFHBU-ONRAHDBNSA-N,1,6.799998134593398,1
OVLGSRKGTAEWQF-BJKOFHAPSA-N,1,6.799998134593398,1
SJAPPPAALBAIBC-RUDMXATFSA-N,1,6.799998134593398,1
XAJQNKDFXICIIO-UHFFFAOYSA-N,1,6.799998134593398,1
LXYDWPGIKXXMMG-UHFFFAOYSA-N,1,6.799998134593398,1
KGMVEMHKBMNSJG-UHFFFAOYSA-N,1,6.799998134593398,1
BXDBIOHPDJQSGV-UHFFFAOYSA-N,1,6.799998134593398,1
AZHWBKISPLORGA-UHFFFAOYSA-N,1,6.799998134593398,1
FLVVAVLMHCUYGY-UHFFFAOYSA-N,1,6.799998134593398,1
DFONPZSBELPUSI-UHFFFAOYSA-N,1,6.799998134593398,1
YFWICZORWGKFIF-UHFFFAOYSA-N,1,6.799998134593398,1
UOCMXNLGBQWJPG-UHFFFAOYSA-N,1,6.799998134593398,1
BFIAPIAYPVHYPQ-UHFFFAOYSA-N,1,6.799998134593398,1
CTWAEGZNMNTFST-UHFFFAOYSA-N,1,6.799998134593398,1
QOQUTGPQLQCUSD-UHFFFAOYSA-N,1,6.799998134593398,1
SVNHSWOLAOCSKO-UHFFFAOYSA-N,1,6.799998134593398,1
ZULQKQGLUORZDC-UHFFFAOYSA-N,1,6.799998134593398,3
XIMQMECIXPDQER-UHFFFAOYSA-N,1,6.799998134593398,1
JTHVEMXEJRSLPM-UHFFFAOYSA-N,1,6.799998134593398,1
ZLUNFIBGQZUIIC-UHFFFAOYSA-N,1,6.799998134593398,2
ZOGCPCPBHXLAHX-UHFFFAOYSA-N,1,6.799998134593398,1
KPSCTAUZOJQHBV-NZQKXSOJSA-N,1,6.799998134593398,1
HPGPGSLIDVUPKR-UHFFFAOYSA-N,1,6.799998134593398,3
GYWXJONOYHIRDG-UHFFFAOYSA-N,1,6.799998134593398,1
MYIVBWHBNPYKLU-UHFFFAOYSA-N,1,,0
RDAMHUJTGOWZOX-UHFFFAOYSA-N,1,,0
UEDNWQXXCKIYMD-UHFFFAOYSA-N,1,6.799993270267818,2
MWVBXJPHOJRHOA-UHFFFAOYSA-N,1,,0
VMHDSBUIYYCTCD-UHFFFAOYSA-N,1,,0
OICMTYRVBGKDDA-UHFFFAOYSA-N,1,6.798602875679549,1
LVDRNYWTLKUNNT-MEMLXQNLSA-N,1,6.798602875679549,1
DZWGDUHDXDFOQC-UHFFFAOYSA-N,1,6.798602875679549,1
DUJWQCUJEVGZHQ-JOCHJYFZSA-N,1,6.798602875679549,1
KFIJYBXSQREASD-UHFFFAOYSA-N,1,,0
MDLAAYDRRZXJIF-UHFFFAOYSA-N,1,,0
GKOMEAJANIRHJV-HZCBDIJESA-N,1,6.796586319903547,1
IGAYGUGEWYBNRY-UHFFFAOYSA-N,1,6.795880017344075,2
CUKXVIBQJUBHRB-UHFFFAOYSA-N,1,6.795880017344075,1
SPBJYMYEKPAPLH-NSISKUIASA-N,1,6.795880017344075,1
RWIIDELOEVNLPK-UHFFFAOYSA-N,1,6.795880017344075,1
AJIGPZIDDACLTM-UHFFFAOYSA-N,1,6.795880017344075,1
GUZVTLAJXNRRJR-UHFFFAOYSA-N,1,,0
KIDWAXFQMIFGTA-UHFFFAOYSA-N,1,,0
MXIJXDUPULMKIE-ICSRJNTNSA-N,1,,0
MXIJXDUPULMKIE-AZUAARDMSA-N,1,,0
MDSGWCGOSTVFAW-JKIUYZKVSA-N,1,,0
OGNNKKYFJYJQEU-SFHVURJKSA-N,1,6.79317412396815,3
GJXPGIMBBKOOPF-VAWYXSNFSA-N,1,6.79317412396815,1
REVIOUORWMQFEZ-FMQUCBEESA-N,1,6.79317412396815,1
WWVWWIXBKONYMX-UHFFFAOYSA-N,1,6.79317412396815,1
RBRUKHRLEFHOEH-UHFFFAOYSA-N,1,,0
VYFYYTLLBUKUHU-UHFFFAOYSA-N,1,6.679853713888946,58
OVSOSNSBPWXIPD-SAIGFBBZSA-N,1,6.791827473332878,1
XRCQNHQVZIQOBE-SZPZYZBQSA-N,1,6.7911894310680525,2
QMKMSUCBVBINOY-OWOJBTEDSA-N,1,6.790484985457369,5
JHMYLCCZLFZGNF-UHFFFAOYSA-N,1,6.790484985457369,1
HDONYUOCHXODQS-UHFFFAOYSA-N,1,6.790484985457369,1
XUIZPQCWJRMJBY-UHFFFAOYSA-N,1,,0
BVLKCMNJCFXMPO-IBGZPJMESA-N,1,,0
FWGBSERBTNODSZ-MEMLXQNLSA-N,1,,0
RIJRYILYCLCVHW-UHFFFAOYSA-N,1,,0
UERGTNHPAUDQLE-UHFFFAOYSA-N,1,,0
XOIVOGIAUHZCBK-UHFFFAOYSA-N,1,,0
ABRFKTAFRQVZBR-UHFFFAOYSA-N,1,6.789741584385691,2
BZDGCBXVIKXHFH-UHFFFAOYSA-N,1,6.788345599446817,1
JKUARXXFZBUSAL-UHFFFAOYSA-N,1,6.787812395596042,1
TYZKGCIDJUPIPC-IYARVYRRSA-N,1,6.787812395596042,1
BHNOYFXSDZMEGG-UHFFFAOYSA-N,1,,0
HIUMOAWWYUAXFP-ALOJWSFFSA-N,1,6.787013815263332,1
AXJMLTACSVSDBA-DAFNUICNSA-N,1,6.785156151952302,1
ANDAVALYLUYQOC-UHFFFAOYSA-N,1,,0
XWSSWUGRNPRNER-UHFFFAOYSA-N,1,,0
BDVZIVZVOKPJKK-UHFFFAOYSA-N,1,,0
ZIQDGXNDXRMRPM-UGNFMNBCSA-N,1,,0
DIXPHRIXQYGPLM-UHFFFAOYSA-N,1,6.784774606607562,2
PVACCLSEBPABQC-UHFFFAOYSA-N,1,,0
RGBHOSATWXCXSR-UHFFFAOYSA-N,1,6.784318117920506,2
IXDFQNJGGTXFCB-UHFFFAOYSA-N,1,6.783570169123749,1
FVRSJSBIEQJTRJ-UAPYVXQJSA-N,1,6.782779344355481,1
OLGSDKVBQGETRV-UHFFFAOYSA-N,1,6.782516055786093,1
KOGYKWMOOUGINB-UHFFFAOYSA-N,1,6.782516055786093,1
AAPNNVKAQPYKAA-UHFFFAOYSA-N,1,,0
MDLOPRPXCUEGCT-UHFFFAOYSA-N,1,,0
ACAWRKNKSILJBW-UVXAETBJSA-N,1,6.781464494783473,1
UKQKMANJPPZVEW-UHFFFAOYSA-N,1,,0
LRMWMKQIJLOEPF-AVRDEDQJSA-N,1,,0
UQNXMCNVFPEPNB-UHFFFAOYSA-N,1,,0
RYPURVOUHFFJCE-UHFFFAOYSA-N,1,6.779891911959945,1
PQOIAGPIJULJKW-UHFFFAOYSA-N,1,,0
IVXOADYRPYSQPC-UZLBHIALSA-N,1,,0
JNTZATOMFKWPTP-UHFFFAOYSA-N,1,6.777283528852417,1
NKLJRTBAAHTPMW-UHFFFAOYSA-N,1,,0
YVYFBBDHUFSWDX-UHFFFAOYSA-N,1,,0
ZAVVYZJMZVTMNK-UHFFFAOYSA-N,1,,0
GZNLRQUVYFCLCG-UAPYVXQJSA-N,1,6.776763726897002,1
BRIOCOIJZTUXKM-UHFFFAOYSA-N,1,,0
IJSPBXBGZJAXBL-UHFFFAOYSA-N,1,6.77642098432889,2
YVZHKKQVYYSSEE-HNNXBMFYSA-N,1,,0
ZCTVOGWWMHRQLN-ONEGZZNKSA-N,1,6.774690718274137,4
YVEMSJWDFDTJQU-UHFFFAOYSA-N,1,6.774690718274137,2
LMYNSVJAWVGIBW-UHFFFAOYSA-N,1,6.774690718274137,1
BJBRHHUYMNBENN-RELWKKBWSA-N,1,6.774690718274137,1
NDSKONMZWSLWOI-UHFFFAOYSA-N,1,,0
ZTEPHOYXWWHRDM-ZIIYYELXSA-N,1,,0
BISVFNHMXVNVMG-UHFFFAOYSA-N,1,6.774183526271504,4
JNOKWZBEYVLXQJ-OJBMAJLDSA-N,1,6.774019115420408,1
RMHPZAHOFLURDU-UHFFFAOYSA-N,1,6.772113295386326,1
KQHFMARZJJGTTG-UHFFFAOYSA-N,1,,0
WBPQUVBSCHPRGJ-UHFFFAOYSA-N,1,,0
KGCZEOUXHSFHJT-AWEZNQCLSA-N,1,,0
YHPPFQXIQZIMOW-CYBMUJFWSA-N,1,6.769551078621726,1
OGGBZQYMCSUKHZ-HXUWFJFHSA-N,1,6.769551078621726,1
ZCDDPEAAEDRNJF-UHFFFAOYSA-N,1,6.769551078621726,1
ILSADQLMJBGMFK-UHFFFAOYSA-N,1,6.769551078621726,1
ZBMQPMVISGXIDJ-UHFFFAOYSA-N,1,6.769551078621726,1
KJUKPXSKIBFZAX-UHFFFAOYSA-N,1,6.769551078621726,1
WJBZDUBBVKDOMN-UHFFFAOYSA-N,1,,0
CLYZVNJXJPXTED-XLIONFOSSA-N,1,,0
ASIVKNFHWJVQGI-UHFFFAOYSA-N,1,,0
FVQPLTGWKDOVQS-IYARVYRRSA-N,1,,0
XKIOBCRGUACSET-CQJMVLFOSA-N,1,,0
RDYIEETWSJIEMH-KESTWPANSA-N,1,,0
LHOVFJRBCVNIQC-UHFFFAOYSA-N,1,6.7689957721080045,2
ZXHHISUVULOPCY-WIYYLYMNSA-N,1,6.767003889607846,1
LWSZJTQQUMNMOU-UHFFFAOYSA-N,1,6.767003889607846,1
LTECTMXOGCEIFY-PTGBLXJZSA-N,1,6.767003889607846,1
JGDAHRAXXNLDGS-UHFFFAOYSA-N,1,,0
PYKLFDGEAPAGPA-UHFFFAOYSA-N,1,,0
HRHSURDPAJFNRA-UHFFFAOYSA-N,1,6.765826334793921,2
IEFITNQZMCGBTG-UHFFFAOYSA-N,1,,0
XGPLYCXGOOHULQ-DYTRJAOYSA-N,1,6.764471553092451,1
FTEVXGASDTUTGT-UHFFFAOYSA-N,1,6.764471553092451,1
NLEQSFUEJXECJY-UHFFFAOYSA-N,1,6.764471553092451,1
FFHHYAWKMDTAAH-NJDAHSKKSA-N,1,6.76404252053338,1
VAGMAHDJGBPZIB-HSZRJFAPSA-N,1,,0
URWBDIMBZFWGSF-UHFFFAOYSA-N,1,6.762164405837785,2
VCNZQKOEJRCPML-UHFFFAOYSA-N,1,6.761953896871205,1
SHLHJQDYUNFBDK-SZPZYZBQSA-N,1,6.761953896871205,1
SMQKBIDCSTXPMN-FQEVSTJZSA-N,1,,0
WNRXKNXWFCFUSX-WGSAOQKQSA-N,1,6.7611012077721595,1
UKBFTRTZQMOGIC-UHFFFAOYSA-N,1,6.760000207113128,1
ORJVQPIHKOARKV-UHFFFAOYSA-N,1,,0
XKEQGYALVIXDMO-UHFFFAOYSA-N,1,6.7594507517174005,1
FGUAFUHOYLNTRN-UHFFFAOYSA-N,1,6.7594507517174005,1
SNXPYOZDXRKEER-PMERELPUSA-N,1,6.7594507517174005,1
IYZBRQAAJGEDNI-UHFFFAOYSA-N,1,,0
BZZOYRXQTHGWNC-UHFFFAOYSA-N,1,6.75713928675921,2
OZNAEJJPKZACTF-UHFFFAOYSA-N,1,6.756961951313706,1
XARLOJXBQSKXEP-UHFFFAOYSA-N,1,6.756961951313706,1
UCNUZCBZAAKMDU-VOTSOKGWSA-N,1,6.756961951313706,3
WLVJOKBDUFEGAQ-UHFFFAOYSA-N,1,,0
XXESQSFCTJSSQN-UHFFFAOYSA-N,1,,0
JILCPBRDAHYZLZ-KRWDZBQOSA-N,1,,0
SKDQYIVPCLVBQH-NSJBLXSXSA-N,1,,0
SJPCWOAPBGZFOQ-MEMLXQNLSA-N,1,6.7559704109699785,1
ACKGCCXJFAZCFF-UHFFFAOYSA-N,1,6.755724641749778,2
XOOONTVCSUXSOA-XUTJKUGGSA-N,1,6.755698133778823,1
UJQOABPSKFUADC-UHFFFAOYSA-N,1,6.75448733218585,1
WAWSGWZTHJAPIA-UHFFFAOYSA-N,1,6.752922702990778,2
KHNRAYBLMYKIRA-UHFFFAOYSA-N,1,6.752867031348132,2
YIYVRBYUJQVAJR-UHFFFAOYSA-N,1,6.641494088509765,1
KGBITRQPRBXBFJ-MXVIHJGJSA-N,1,6.752026733638194,1
YMOFDQWTDIMQMZ-QGZVFWFLSA-N,1,6.752026733638194,1
IOUMPQDJIZFQOW-UHFFFAOYSA-N,1,6.752026733638194,1
AEKRAVIJSVJVBT-UHFFFAOYSA-N,1,6.752026733638194,1
MONYXZRGXBZUEX-UHFFFAOYSA-N,1,6.752026733638194,1
IKTDIESRRCFWHX-VWLOTQADSA-N,1,,0
RMXWGHDSQFWKHG-UHFFFAOYSA-N,1,6.7508447231052,2
GQRIAOUUYRIMLH-OAHLLOKOSA-N,1,6.75060358233533,2
AVTONHYDPSFOLQ-UHFFFAOYSA-N,1,6.75000321026368,2
IGSCNTHMJYUKQD-UHFFFAOYSA-N,1,6.749994971513104,1
JTOJOXGQNGJXCT-UHFFFAOYSA-N,1,,0
HMMLWDCQIVJIHP-UHFFFAOYSA-N,1,6.749994966019793,2
JEBLLBOUXXZBPR-UHFFFAOYSA-N,1,6.749994966019793,2
IQWDNJHMRMQNHR-UHFFFAOYSA-N,1,6.7495799976911055,1
AEJCTJSNUNXYQL-ZRZAMGCNSA-N,1,6.7495799976911055,1
GVJCGWLQVQHHKA-UHFFFAOYSA-N,1,6.7495799976911055,1
GPICSZOLXGYSHL-RUZDIDTESA-N,1,,0
CZLSEABFCZWLAR-UHFFFAOYSA-N,1,,0
YWOYXYWGFUHWBM-UHFFFAOYSA-N,1,6.748605149959896,1
WQWLYKDRIFAQER-UHFFFAOYSA-N,1,6.747146969020107,1
UUYDEYACQFNFMI-VOTSOKGWSA-N,1,6.747146969020107,3
LUUKEDLOUSMCGZ-UHFFFAOYSA-N,1,6.747146969020107,1
FJXRWQLSUYHSFX-RUZDIDTESA-N,1,6.747146969020107,1
ROMOLIDCTGHEMX-BGUUXQBZSA-N,1,,0
FNDLZQGZKLRGIU-YOCNBXQISA-N,1,6.7459355470856615,1
FEMKPVDHFCRPKA-UHFFFAOYSA-N,1,6.7447274948966935,1
VGIGHGMPMUCLIQ-UHFFFAOYSA-N,1,6.7447274948966935,1
JEEXKVNFXCLLCQ-IYARVYRRSA-N,1,6.7447274948966935,1
PBBXHMUHWXEQJW-UHFFFAOYSA-N,1,6.7447274948966935,1
RHBLTDJVNDWGHH-UHFFFAOYSA-N,1,6.7447274948966935,1
SGGMEYGWAJEGIP-WPUZRXDDSA-N,1,6.7447274948966935,1
STHXBYBOTUFDBJ-UHFFFAOYSA-N,1,,0
KKWWZCBHIFWDNY-UHFFFAOYSA-N,1,,0
XPJNHBUTMFYRJT-UHFFFAOYSA-N,1,,0
WVUAUUZYSXNDLD-UHFFFAOYSA-N,1,,0
FRRINSVGAXZLRR-UHFFFAOYSA-N,1,,0
LGQIOUYNFUYGTH-YQQAZPJKSA-N,1,,0
QXXSJVZBKIQIJR-UHFFFAOYSA-N,1,6.742695247129056,2
SGGMEYGWAJEGIP-UHFFFAOYSA-N,1,,0
PBACHGGJZAASIQ-UHFFFAOYSA-N,1,6.7423214251308154,1
DDNAXKKEJCCHMD-UHFFFAOYSA-N,1,6.7423214251308154,3
CVACHCAWLODKMA-UHFFFAOYSA-N,1,6.7423214251308154,1
JVGMVZVCYZVQMN-IYARVYRRSA-N,1,6.742297431623342,1
MBVXIDMKZKQKDD-JUUMZCOKSA-N,1,6.7416501074806785,1
JKJHTKJCOHWEQH-UHFFFAOYSA-N,1,,0
HUFKKUQWYKMUNC-UHFFFAOYSA-N,1,6.741123370627869,1
ZIYZADXWTXYQKL-HCGLCNNCSA-N,1,6.739928612014925,1
UIYKUTOPDMMXAX-DNVCBOLYSA-N,1,6.739928612014925,1
MOEOMZHUFXSZAA-KNQAVFIVSA-N,1,,0
SHKMYWRRXARHJG-UHFFFAOYSA-N,1,,0
PTIFFBYOEZNBTJ-BGUUXQBZSA-N,1,,0
GQPOGVMYXNWAPK-SSGKUCQKSA-N,1,6.738618162714253,1
ZHPMNMWRUKIBHQ-UHFFFAOYSA-N,1,6.73754891026957,1
USKVYSVSXWHTPS-UHFFFAOYSA-N,1,6.73754891026957,1
IOWHLLZHQXIVJB-MRXNPFEDSA-N,1,6.73754891026957,1
PASKDVYJTCOFHQ-QZTJIDSGSA-N,1,6.73754891026957,1
IESJRUUOIHDONG-UHFFFAOYSA-N,1,6.73754891026957,2
BQOOCNJGXJVXRO-UHFFFAOYSA-N,1,,0
LKIZJVWLCHAZTJ-YSYXNDDBSA-N,1,,0
DTTQGOYOJDSYEL-QAQDUYKDSA-N,1,6.736198292083689,1
UIWGASRGCHQVHR-YPAWHYETSA-N,1,6.7358199249641695,1
BWSCHPAOVNLCBH-XYWHTSSQSA-N,1,6.735796287960767,1
UHMCLVHQIYTYOA-UHFFFAOYSA-N,1,6.735182176990463,1
RASUXNNRRRIRBL-UHFFFAOYSA-N,1,,0
JUQLTPCYUFPYKE-UHFFFAOYSA-N,1,,0
ZLQMLDGHTKCIRQ-ZHRRBRCNSA-N,1,6.734260541478872,4
IAMSHZCIGNPBQZ-UHFFFAOYSA-N,1,6.732828271596986,1
RIZPYDSXCAUQAK-UHFFFAOYSA-N,1,6.732828271596986,1
CXHLKGHIDPMPHM-UHFFFAOYSA-N,1,6.732828271596986,1
FISUUARMPJZKMS-UHFFFAOYSA-N,1,6.732074562264309,2
BPDDCCYSOYRMEC-UHFFFAOYSA-N,1,6.730487055782083,2
XLJQOKQZCYRQNN-UHFFFAOYSA-N,1,,0
WGOUWABLRGOCPZ-UHFFFAOYSA-N,1,,0
LNTBHLCQBDWRLD-VIFPVBQESA-N,1,6.72999699989494,1
JQMOQEGMADHTMB-KESTWPANSA-N,1,6.729088360589519,1
HWAXOXRRJFJRSF-UHFFFAOYSA-N,1,,0
BKJQLMPFZFHIMJ-UHFFFAOYSA-N,1,6.7281583934635005,1
CFDPQJPZOGBUMP-MSOLQXFVSA-N,1,6.7281583934635005,1
UXSXSSBOLOHWNU-UHFFFAOYSA-N,1,6.7281583934635005,1
LVDRNYWTLKUNNT-OYRHEFFESA-N,1,6.7281583934635005,1
GZVVQJFPHWQITG-UHFFFAOYSA-N,1,,0
JSGXAYKHXNUQAX-UHFFFAOYSA-N,1,6.726728668260934,2
FXWLTAOMDAMINN-UHFFFAOYSA-N,1,6.7258421507363195,1
BKDQVRCFIJMWOR-UHFFFAOYSA-N,1,6.7258421507363195,3
VJGYBRVHAUSTAR-UHFFFAOYSA-N,1,,0
YGRCJJLROZSJRG-UHFFFAOYSA-N,1,,0
KAXUQVAHOIHHMX-HFMPRLQTSA-N,1,,0
FIMDFCHHYZMXDV-YGQOYYDZSA-N,1,6.724205085368997,1
LGRVHISBHOARSB-INIZCTEOSA-N,1,6.723665891943903,4
BYOXBMSRXGFRQY-UHFFFAOYSA-N,1,6.723538195826755,1
RVHFWBPKTMLXIB-UHFFFAOYSA-N,1,,0
XCLOPBYSKIWJNJ-FTJBHMTQSA-N,1,,0
WTJJXQCQGLLXNZ-UHFFFAOYSA-N,1,6.722359646171441,2
OHHKPQVUUXXVGV-UHFFFAOYSA-N,1,6.721848749616356,2
BSDZATNMASVMIK-UHFFFAOYSA-N,1,6.721848749616356,2
KXLVLBLWZFPQLE-RVZUZXSLSA-N,1,,0
NZHOOCMJJHYQQC-UHFFFAOYSA-N,1,6.721703791908726,1
UBEYCBQVUSZUDM-KRWDZBQOSA-N,1,6.721269257253018,1
HHAUXZNBXXZIOV-UHFFFAOYSA-N,1,6.721246399047171,1
FPHFICIJDHPAHE-MOPGFXCFSA-N,1,6.721246399047171,2
FHSMMEAYPKEOAQ-UHFFFAOYSA-N,1,6.869773491196456,2
YXLLQNMKIDBOGH-UHFFFAOYSA-N,1,6.721246399047171,1
GCPJLEFIDKNRJR-QUCCMNQESA-N,1,,0
GNSLKVMRVNNRSW-UHFFFAOYSA-N,1,,0
AJIGSTIZSNHTOD-UHFFFAOYSA-N,1,,0
FKHVTQQFARSOBP-UHFFFAOYSA-N,1,,0
AIYKVNCJQXICKY-UHFFFAOYSA-N,1,,0
IGMYCJFCNUVBNZ-UHFFFAOYSA-N,1,,0
UZHIOMXZZAVYQK-UHFFFAOYSA-N,1,,0
AVBOEALXXMIBAR-WGSAOQKQSA-N,1,,0
RKDURTQUESFRCI-NUDCOPPTSA-N,1,,0
BGQYARRWAJPAOC-KJDSRRNHSA-N,1,,0
OIJAOTPYMBONBE-SFHLNBCPSA-N,1,,0
YZWJNFUQGOYUQT-UHFFFAOYSA-N,1,,0
HSTZLQFEUGWBDW-UHFFFAOYSA-N,1,,0
BWUNECSACYSNSK-UHFFFAOYSA-N,1,,0
GHYIIELOMOENPF-UHFFFAOYSA-N,1,,0
LGRJUDYDLTXAOB-UHFFFAOYSA-N,1,,0
JIFUZIJTCAAWNY-QGZVFWFLSA-N,1,6.718966632752272,1
LGHLMADLDHUIJY-SHZHJNINSA-N,1,6.718966632752272,1
BXGCCZDRUAOMRC-SZPZYZBQSA-N,1,6.718966632752272,1
QSQIAXNZWRLSSO-UHFFFAOYSA-N,1,6.718966632752272,1
ZGQPGQJTWRUHLR-UHFFFAOYSA-N,1,6.718966632752272,1
JCZQORKBTOWEKS-UHFFFAOYSA-N,1,,0
KNAFTDDIPPEGMH-UHFFFAOYSA-N,1,,0
BHNXJQYCDCKDKH-UHFFFAOYSA-N,1,,0
BHNXJQYCDCKDKH-UTKZUKDTSA-N,1,,0
KKTITOSWJRVWOF-ONEGZZNKSA-N,1,6.718823823611597,4
CLAPZYAXBKPPSX-OKDASEJXSA-N,1,6.717151397165355,1
PSUZWXPLCPNBMO-UHFFFAOYSA-N,1,6.717076090663241,2
AHSLTJCTFBJCMT-CQSZACIVSA-N,1,6.71669877129645,1
KBDQCTAMVLZQJL-BGYRXZFFSA-N,1,6.71669877129645,1
HYDRTWYBNCKGDA-UHFFFAOYSA-N,1,,0
MNHDKMDLOJSCGN-UHFFFAOYSA-N,1,6.698970004336019,12
LNMWMYAAMASJED-UHFFFAOYSA-N,1,,0
OHNCZVXJVAIMIH-UHFFFAOYSA-N,1,,0
ZQNZTVPOPCUPTB-UHFFFAOYSA-N,1,,0
HHVQGHMBHYXHGF-UHFFFAOYSA-N,1,,0
YHQGUYGNJMOBOA-UHFFFAOYSA-N,1,6.7121982700697735,1
XPUQEVDLHMPVLH-UHFFFAOYSA-N,1,6.7121982700697735,1
VXZHIQQSDIJVSS-SZPZYZBQSA-N,1,6.7121982700697735,1
QBWLTDPVSJCLIE-UHFFFAOYSA-N,1,,0
WLVOXHJWQGMPEI-UHFFFAOYSA-N,1,,0
GACXEIRXCURUID-QNRJLKAHSA-N,1,6.711661330604836,1
FUCGAUZSWYLMRK-UHFFFAOYSA-N,1,6.71147250604872,2
VZFYQAAXSLVYIL-UHFFFAOYSA-N,1,6.711254100081387,2
BBDKMDPFSHNKJZ-UHFFFAOYSA-N,1,6.711254100081387,2
OTKMHDVPFOECAQ-WCWDXBQESA-N,1,,0
RPZFDAKOXHZICV-XUTJKUGGSA-N,1,6.710411047457404,1
PZBBMWTZUNRBLR-UHFFFAOYSA-N,1,6.710108201691595,2
ZPIPOBYWEXESSF-IRJFHVNHSA-N,1,6.130000141365475,1
NCKUNUUYANLHKE-UHFFFAOYSA-N,1,,0
AZFCGGUCEYWFCK-CQSZACIVSA-N,1,6.709965388637482,1
QXWNESOGWFJDFR-WMLDXEAASA-N,1,6.709965388637482,1
ZHMQRCVCUPPSNG-UHFFFAOYSA-N,1,6.709965388637482,1
CNIUTIHLBNEOKA-UHFFFAOYSA-N,1,6.709965388637482,1
GKZODULLMBHNRP-UHFFFAOYSA-N,1,,0
RHYAPXDEVZEEMS-XLIONFOSSA-N,1,6.707947514800273,2
DOVTZHSQYCZIIX-UHFFFAOYSA-N,1,6.707834387816234,2
HNVPKMQKKJUCMS-UHFFFAOYSA-N,1,6.707743928643524,2
XUTRVIHVFHKDOS-UHFFFAOYSA-N,1,6.707743928643524,1
YJKBKDOYRHHENB-QXSURTEESA-N,1,6.707743928643524,1
FVTIZFQEARZLMQ-UHFFFAOYSA-N,1,6.707743928643524,1
HUKSBDBJOJSVHS-UHFFFAOYSA-N,1,6.707743928643524,1
GJKGOLAEKKKXBM-XYWHTSSQSA-N,1,6.706637445288555,1
CNROBRSRSPCLEA-AFARHQOCSA-N,1,6.706637445288555,1
SKIYXMOTQIREJJ-XUTJKUGGSA-N,1,6.705974905904677,1
LMWAUEIFLCRUHZ-UHFFFAOYSA-N,1,6.7055337738384075,1
XNTIHSLDWFOSCV-UHFFFAOYSA-N,1,6.7055337738384075,1
RJGQFVDJRWMRJD-UHFFFAOYSA-N,1,,0
UPONGHYXDIIQIG-UHFFFAOYSA-N,1,,0
PCTWSHWAURGZTF-UHFFFAOYSA-N,1,,0
FFHHYAWKMDTAAH-YGQOYYDZSA-N,1,6.704257018904449,1
YLPJQEDKFKCTSE-UHFFFAOYSA-N,1,6.703911621302066,4
APANCCIVVADHPY-UHFFFAOYSA-N,1,6.703356966489771,2
JOQJONDKZULBPP-BGYRXZFFSA-N,1,6.703334809738469,1
LDOWCUPEXDHKEP-UHFFFAOYSA-N,1,6.703334809738469,1
DEINYMBGVCCVJR-UHFFFAOYSA-N,1,,0
NBKJTOGTVMGTOS-MXVIHJGJSA-N,1,6.70245833218184,1
XVXBOIQGBDSZFQ-UHFFFAOYSA-N,1,6.701583619938706,1
RVBDWZKWSXQLMF-RDJZCZTQSA-N,1,6.7011524070372435,2
FFNAGYPIICWACI-OAHLLOKOSA-N,1,6.701146923590294,1
BTZVGHPJECWTNY-UHFFFAOYSA-N,1,,0
RRYFYYTWSZBODV-UWPXIXLNSA-N,1,,0
OPTJHAAZKYNBRY-UHFFFAOYSA-N,1,6.699997894332721,2
CXACCTLHKWWMBU-MGFGWZDJSA-N,1,6.699991797446187,1
MOBPOBWCTFHVAW-WVPZODRTSA-N,1,6.699991797446187,1
LUFMWUOUUQBFCY-MGFGWZDJSA-N,1,6.699991797446187,1
DQJPLAXUDBHKAH-RZFKFIIISA-N,1,6.699991797446187,1
UFTZKVBEKDPBGS-SAIGFBBZSA-N,1,6.699991797446187,1
AQZKOCOTDHBMJV-HNNHSTSXSA-N,1,6.699991797446187,1
ZFEFDWZMIMRBOX-UHFFFAOYSA-N,1,6.699991797446187,1
IZZMBWJXQOJUHH-JOCHJYFZSA-N,1,6.699991797446187,1
BWRCLYWJGBWWTH-ONRAHDBNSA-N,1,6.699991797446187,1
ZZAIPBCEUCKJJK-QOFSWEROSA-N,1,6.699991797446187,1
YEFAFNGWRUUUQI-UHFFFAOYSA-N,1,6.699991797446187,1
JBETURIRTKWRDW-UHFFFAOYSA-N,1,6.699991797446187,1
MFVZCUGAIPDSAL-XBXARRHUSA-N,1,6.699991797446187,1
PIXRONAZKMZTPE-REAKQFRHSA-N,1,6.699991797446187,1
YDIIMEYIGWYMMA-UHFFFAOYSA-N,1,6.699991797446187,1
ZKIPGLALAMDBLY-UHFFFAOYSA-N,1,6.699991797446187,1
FXOJKPLALHHTKM-UHFFFAOYSA-N,1,6.699991797446187,1
DTLXZNWCYSVXJZ-UHFFFAOYSA-N,1,6.699991797446187,1
UOXRATPLTLGJQF-UHFFFAOYSA-N,1,6.699991797446187,1
HMXWHDMFAKYACA-UHFFFAOYSA-N,1,6.699991797446187,1
DEIXGWIQADAVTO-UHFFFAOYSA-N,1,6.699991797446187,1
BGKKQDRMVVBUET-UHFFFAOYSA-N,1,6.699991797446187,1
RUFBZCWKTFORNM-CXGRPWHSSA-N,1,6.699991797446187,2
OTKZOEOQKWTXMD-GHTZIAJQSA-N,1,6.699991797446187,1
YYLVZNFHPHPLKB-UHFFFAOYSA-N,1,6.699991797446187,1
RLDHKTIILVTVIL-UHFFFAOYSA-N,1,6.699991797446187,1
HIVHEOCGLZASLB-UHFFFAOYSA-N,1,6.699991797446187,1
FGCNMKFRKZZXLZ-AGVRXMCOSA-N,1,6.699991797446187,1
WBUCFEOIQMRVHB-UHFFFAOYSA-N,1,6.699991797446187,1
QIJPXEALWJLAOE-UHFFFAOYSA-N,1,6.699991797446187,1
FAXCNWHLDSZHPC-QHCPKHFHSA-N,1,6.699991797446187,1
RXIUGRLQOGTTNP-UHFFFAOYSA-N,1,6.699991797446187,1
LFHRZNSXQMBPEO-UHFFFAOYSA-N,1,6.699991797446187,1
IONCAKHVNMAPQA-UHFFFAOYSA-N,1,,0
CLYZVNJXJPXTED-UHFFFAOYSA-N,1,,0
BBOLFHOXGYMYNL-UOSHHOJOSA-N,1,,0
CMEKWJGRDHWQSI-UHFFFAOYSA-N,1,6.698970004336019,1
XSMSWEUOSDXUHZ-UHFFFAOYSA-N,1,6.698970004336019,1
CIRSPTXGPFAXRE-UHFFFAOYSA-N,1,6.698970004336019,1
GWSJSKIZAIMZOZ-UHFFFAOYSA-N,1,6.698970004336019,1
DZHAENXWCJQFRP-UHFFFAOYSA-N,1,6.698970004336019,1
CQLNLMLQKSNCPW-UHFFFAOYSA-N,1,6.698970004336019,2
DQLPWXJRZDXPLZ-UHFFFAOYSA-N,1,6.698970004336019,1
IONCAKHVNMAPQA-NQIIRXRSSA-N,1,,0
IKGGAFYATOQLDS-BZSJWONHSA-N,1,,0
CUHXIEXGYANARS-LUBYNABHSA-N,1,,0
INLLPBCEAMPLDT-UHFFFAOYSA-N,1,6.6968039425795105,1
IVHTVHNCRZDRRG-MRXNPFEDSA-N,1,6.6968039425795105,2
CZOXEMUHIJZXSF-UHFFFAOYSA-N,1,6.6968039425795105,1
ILONWIHGXYVYRK-UHFFFAOYSA-N,1,6.696272488392665,2
ZKFSEJHRACMHEP-UHFFFAOYSA-N,1,6.6955094722265125,1
LTGMYNFRQZVMJT-OXQOHEQNSA-N,1,6.694648630553376,1
TYTUURCCMHKELI-UHFFFAOYSA-N,1,6.694648630553376,1
METGQDKTGGXZGK-UHFFFAOYSA-N,1,6.694648630553376,1
VTVFWBDKPBCURA-UHFFFAOYSA-N,1,,0
DCPPWKFRGIUQDU-LJQANCHMSA-N,1,,0
ZJUQDFIINDCGDS-UAPYVXQJSA-N,1,6.692889221619925,1
SKHVWVRTEBAQRY-UHFFFAOYSA-N,1,,0
HOJGYADNYPGADT-UAPYVXQJSA-N,1,6.691200896088871,1
LPJGAZGHYONJPC-UHFFFAOYSA-N,1,6.690453334686628,2
GYNZQBCSTGHPIZ-UHFFFAOYSA-N,1,,0
BQDVGVNUGZSYNV-UHFFFAOYSA-N,1,,0
ZVQWUWXUIVQVAR-UHFFFAOYSA-N,1,,0
UMEYBQLIJXNFOT-UHFFFAOYSA-N,1,6.69000807121882,1
GCJKEKZCWSLFAI-NSHDSACASA-N,1,6.69000807121882,1
DPJONOPQJUKYRM-OJBMAJLDSA-N,1,6.689476616048479,1
RNOHWLCDKWAPGB-UHFFFAOYSA-N,1,,0
QYXHDXVSRFUNRT-UHFFFAOYSA-N,1,6.68837535480105,2
STZIWXJYZJCDMR-UHFFFAOYSA-N,1,,0
YUYHUMKSDMTUIW-KRWDZBQOSA-N,1,,0
CSJWCVLNTAZHKD-UHFFFAOYSA-N,1,,0
ZPWUNRZLLFCXQR-UHFFFAOYSA-N,1,,0
YBGMRLZOHGQJTB-UZLBHIALSA-N,1,6.686132779630847,1
LKMTURFCSVFFPV-UHFFFAOYSA-N,1,6.686132779630847,1
LESXVBRTQORAMH-UHFFFAOYSA-N,1,,0
UAUFQSWRILFVLL-UHFFFAOYSA-N,1,,0
SKSNWJPZQYVOQU-UHFFFAOYSA-N,1,6.682383826880252,2
UEOLBOREQLRPTL-WJPUGNRLSA-N,1,6.679874494026365,1
VKKGUQYWMBPDPR-UHFFFAOYSA-N,1,6.679853713888946,1
TXEGIIUTZDNUKA-GCJKJVERSA-N,1,,0
KIDLIVLNXRZSJP-BPARTEKVSA-N,1,,0
VBNZKUKNBGOHDO-SAABIXHNSA-N,1,6.679002583205779,1
SXEFYDAWADNVLU-UHFFFAOYSA-N,1,6.6777807052660805,1
AIJIQCBYMBZLJD-UHFFFAOYSA-N,1,6.6777807052660805,1
SHBKBFYVWDZZMP-UHFFFAOYSA-N,1,6.6777807052660805,3
UMKIZESDRWUELC-UHFFFAOYSA-N,1,6.6777807052660805,1
PYVFEIJTIUOBFF-NDEPHWFRSA-N,1,6.6777807052660805,1
LXZRZJUUHTZVBE-UHFFFAOYSA-N,1,,0
QYSQVRCEVBDIDO-UHFFFAOYSA-N,1,,0
MXIJXDUPULMKIE-UYAOXDASSA-N,1,,0
XUCLJUFEMZOBBY-UHFFFAOYSA-N,1,,0
PPHOIPFSIHNTOX-UHFFFAOYSA-N,1,,0
CHOIZZRTZYWAEG-QAQDUYKDSA-N,1,,0
VLXOYOJCCCNIRP-UHFFFAOYSA-N,1,,0
IWALVTABIRHYMJ-QFTWOCFFSA-N,1,,0
SBWQGFPWQUSXLS-LYFUNVNOSA-N,1,,0
OGAXIHIXSFCZCE-UHFFFAOYSA-N,1,,0
QEVFANOTWOZMFN-UHFFFAOYSA-N,1,6.675717544702307,2
BTJSYOUOQORWBA-UHFFFAOYSA-N,1,,0
RKMYLISJWSNMBG-UHFFFAOYSA-N,1,,0
XWQQVXPJZWZEFN-UHFFFAOYSA-N,1,6.6744822027394655,2
HJOOPOPFMHOXPP-UHFFFAOYSA-N,1,6.674279141980588,1
ZZXVDSCUNRLYPT-UHFFFAOYSA-N,1,6.673664139071248,1
LLKMICSIFPTJMH-UHFFFAOYSA-N,1,6.673664139071248,1
XYGZFTTWYYTXOD-UHFFFAOYSA-N,1,,0
MKDLXJCYMYXNFZ-UHFFFAOYSA-N,1,6.673393743112328,2
CNRWQWXTVCUGCK-AQYVVDRMSA-N,1,6.6724367398127225,1
GYJUQRIRWMPONQ-UHFFFAOYSA-N,1,6.671620396561263,1
JOTHIBMHFXOOFF-UHFFFAOYSA-N,1,,0
NSGGYUGNVVGXHF-UHFFFAOYSA-N,1,6.669992299127241,1
MNAFRWGRFIBAQX-GCJKJVERSA-N,1,,0
COGCORROFSOJTQ-UHFFFAOYSA-N,1,,0
XKSRPDXBGYGWEX-UHFFFAOYSA-N,1,6.669586226650809,1
KNWVMRVOBAFFMH-HNNXBMFYSA-N,1,6.669586226650809,1
PCHGCRMRRUZREQ-UHFFFAOYSA-N,1,,0
AJMVNIXLWRBDLU-CQSZACIVSA-N,1,6.667561540084394,1
HIYLSOSERAQOHL-KDOFPFPSSA-N,1,6.667561540084394,1
HQLVUJZOSDAHEZ-UHFFFAOYSA-N,1,6.667561540084394,1
NEAHQLBIHZAIKP-UHFFFAOYSA-N,1,,0
GFMAXQNKPHDTKL-UHFFFAOYSA-N,1,,0
MVXQZFLJPQIVSR-UHFFFAOYSA-N,1,,0
OCHIEZWGIHOVEQ-UHFFFAOYSA-N,1,,0
QKTXOFXCKWUIEE-UHFFFAOYSA-N,1,,0
YVXCFLFONVBIJR-UHFFFAOYSA-N,1,6.665546248849069,1
ARLJJBVYIOLHMS-UHFFFAOYSA-N,1,,0
SXEPPXITHUOXQU-UHFFFAOYSA-N,1,,0
MZWXQBFYLBCQDO-UHFFFAOYSA-N,1,,0
ILXUQZUEWABTGF-UHFFFAOYSA-N,1,,0
GNJKLXDSLBIRIN-UHFFFAOYSA-N,1,,0
SBCYNHCFJBYRJY-UHFFFAOYSA-N,1,,0
ASFIQZWALJTDCY-UHFFFAOYSA-N,1,,0
VCYJYQQXTOICSB-UHFFFAOYSA-N,1,6.66354026615147,1
BZSOPMPZSAMQIF-UHFFFAOYSA-N,1,6.66354026615147,1
HSUMSZZOHVUKPB-ROZQTZPBSA-N,1,6.66354026615147,1
CWYDVWDIVIJIOS-UHFFFAOYSA-N,1,6.66354026615147,1
KTLQFDSKYMSRAD-UHFFFAOYSA-N,1,6.66354026615147,1
YRMKMEPMFOFXGH-UHFFFAOYSA-N,1,,0
RRYHHCNEVZLSCS-IYARVYRRSA-N,1,6.66354026615147,1
GMZFSWRYUFGKAO-UHFFFAOYSA-N,1,,0
XDJJCVLGIOECKZ-UHFFFAOYSA-N,1,,0
RHFVSZFUSRSUBZ-UHFFFAOYSA-N,1,,0
GLJZGPDTNBDSGN-HXUWFJFHSA-N,1,6.661653195187567,4
KKSPKLQCAGWNKZ-UHFFFAOYSA-N,1,6.661543506395395,1
SHOJVFLWKSRVPH-GXTWGEPZSA-N,1,6.661543506395395,1
RLNVMGFHVCHHTP-LJQANCHMSA-N,1,6.661543506395395,1
OYIQKTRWSDEITE-QAQDUYKDSA-N,1,6.661543506395395,1
HNPAUMYBQXZAJH-UHFFFAOYSA-N,1,,0
UYOTUCPKIKVHNI-UHFFFAOYSA-N,1,6.6599923820033275,1
LVXZELAZCGYHRC-UHFFFAOYSA-N,1,6.6599923820033275,1
MSHUBKLFRWFTKI-HSZRJFAPSA-N,1,6.6599923820033275,7
HZISGJVOPZSKRZ-QPPBQGQZSA-N,1,,0
SMYZAAOKKUETMB-SAIGFBBZSA-N,1,6.659952682338607,1
IHPMTTUHDSGUHU-AQYVVDRMSA-N,1,6.659853449050868,1
TZNPVAAHDJDERS-UHFFFAOYSA-N,1,6.659774133581605,2
FUJBVUPRADYUIB-XUTJKUGGSA-N,1,6.65977407874281,1
GGLGRTJZXPCWNM-OAQYLSRUSA-N,1,6.6595558851598815,1
NEEHDVAXWHGCFS-UHFFFAOYSA-N,1,6.6595558851598815,1
SCUPEGWTGGLXHI-UHFFFAOYSA-N,1,6.6595558851598815,2
IQRVICMQFUJBJE-UHFFFAOYSA-N,1,6.6595558851598815,1
KXFNVJFOSNKNAT-UHFFFAOYSA-N,1,6.6595558851598815,1
IDLCGPWMKHMBHA-YEMPIKNUSA-N,1,6.6595558851598815,1
ODCHWQCXVLKXFU-UHFFFAOYSA-N,1,,0
OIRZLTZLOKARTG-FQEVSTJZSA-N,1,,0
KVNQLLJIDLNDJM-UHFFFAOYSA-N,1,,0
SGAVDPALLQJHPW-FKBYEOEOSA-N,1,6.65828856496266,1
BTFSLEXEAAFSHO-UHFFFAOYSA-N,1,6.657577319177793,1
GIYXEZZPINFSPU-UHFFFAOYSA-N,1,6.657577319177793,1
BZVWETBNKDFSQG-UHFFFAOYSA-N,1,6.657577319177793,1
OSLJYKCMMISVMB-UHFFFAOYSA-N,1,6.657577319177793,1
OBEJISAWFMGQOW-UHFFFAOYSA-N,1,6.657577319177793,1
QHNXJRSEHMJHRM-UHFFFAOYSA-N,1,6.657577319177793,1
VFHUXBVWZQEOJG-UHFFFAOYSA-N,1,,0
VCGDITFNZVUQSJ-UHFFFAOYSA-N,1,,0
CCIIACYBEVIIIN-IYARVYRRSA-N,1,6.657577319177793,1
QUFMZNYDEPSZLF-UHFFFAOYSA-N,1,,0
NLWFTNQISOBUDF-UHFFFAOYSA-N,1,,0
IXBBRDVXQZWBAN-UHFFFAOYSA-N,1,,0
NEQWPVBUZDJIHK-GFCCVEGCSA-N,1,,0
JKWDTKHKBBCJDS-UHFFFAOYSA-N,1,,0
KYGUWADEZNRGLX-IYARVYRRSA-N,1,,0
APQHSBNBSWHBSZ-KESTWPANSA-N,1,,0
HIPYXDMEWZLKPQ-KOAQGZTJSA-N,1,,0
JGLGOAQPUQITLD-OGAOHHHESA-N,1,7.0,1
BJBRHHUYMNBENN-PYCFMQQDSA-N,1,6.655607726314889,1
FGWDTOKLDRSCNA-UHFFFAOYSA-N,1,6.653647025549361,1
JUYYLWHRWKUUAY-UHFFFAOYSA-N,1,,0
IKMGSOGDZPNUTQ-UHFFFAOYSA-N,1,,0
UMDLGBGKSYLCIH-UHFFFAOYSA-N,1,,0
SBHJIEDINHIMAF-JIBACQESSA-N,1,6.651889931519762,1
ONKJNCWHGRFIII-UKILVPOCSA-N,1,6.651695136951839,1
RTTBMUKLKYPQQK-UHFFFAOYSA-N,1,,0
RGRJFAKOZFOIBI-UHFFFAOYSA-N,1,,0
YGQYHFNCAZNGCT-UHFFFAOYSA-N,1,,0
AWROKCIGUWAVRF-UHFFFAOYSA-N,1,6.651607822271657,2
NNSVOPTWCBGCJU-HSZRJFAPSA-N,1,,0
MDDQIOXYIZYHFT-UHFFFAOYSA-N,1,6.65000680481632,2
MQXFERLTNJGIPG-UHFFFAOYSA-N,1,6.650004100737144,1
JFVJCLYJXOVMSI-UHFFFAOYSA-N,1,6.650004100737144,3
RHJBKBICPFYODT-UHFFFAOYSA-N,1,6.650002839913787,2
VSHFJDFDEHUHMG-UHFFFAOYSA-N,1,6.649998801428874,2
JASDXILVHIDXCQ-UHFFFAOYSA-N,1,6.649997533270852,2
NMZIDFFHGCRAJV-UHFFFAOYSA-N,1,6.649751981665837,1
WJTSBXZBORZVQY-NDOUMJCMSA-N,1,6.649751981665837,1
MGPBHFVVGJDFMY-OXJNMPFZSA-N,1,,0
RFRIYEZLKPZDGU-UHFFFAOYSA-N,1,6.648784731777237,2
YBUOJMCAVXYQBO-UHFFFAOYSA-N,1,6.64805360906361,2
YLLMKDPCGLJFQN-ZDUSSCGKSA-N,1,6.647817481888637,1
RMVOSVURGLWXST-UHFFFAOYSA-N,1,6.647817481888637,1
DWXTXKLKQKWXGL-NKFKGCMQSA-N,1,6.647817481888637,1
IHAPBZBYXJKWJA-LFUKPOHLSA-N,1,6.647817481888637,1
IBEYKGQZOVQASZ-ZIIYYELXSA-N,1,,0
BXGMQIUZTIUQRE-KESTWPANSA-N,1,6.64777887965032,1
UPEDKGWAXYKNLY-UHFFFAOYSA-N,1,6.645891560852599,1
NBHVDHJFXJDAKS-UHFFFAOYSA-N,1,6.645891560852599,1
FDLRDRBESBJAAV-CYBMUJFWSA-N,1,,0
WEVXDKFRXWZSDU-UHFFFAOYSA-N,1,6.645365019512084,2
JVNXUQVOPMMEKB-UHFFFAOYSA-N,1,6.644740094472621,1
WVGMMWFIRBRTKW-PGWJBFNOSA-N,1,6.644146364189457,1
QEYDMNFIIPJGKU-MRXNPFEDSA-N,1,6.643978356926072,2
HGOOBSLSWOJAPR-UHFFFAOYSA-N,1,6.6439741428068775,1
DCSUBABJRXZOMT-UHFFFAOYSA-N,1,6.6439741428068775,1
LAGLIYNPBAJZEJ-CEMLEFRQSA-N,1,6.642370028043238,1
WQTMBUJBEZPIIW-SJLPKXTDSA-N,1,6.642065152999546,1
DWUAAOIZQFTYQP-INIZCTEOSA-N,1,6.642065152999546,1
ZXLUAMSMIJONAJ-UHFFFAOYSA-N,1,,0
ZHDNXHKBRYCOSE-UHFFFAOYSA-N,1,6.6410295103852235,2
UAWALOZYZRTVNF-UHFFFAOYSA-N,1,6.640915297304346,2
XTKDAFGWCDAMPY-UHFFFAOYSA-N,1,7.2839966563652006,1
XILSSYCQBDFLEK-UHFFFAOYSA-N,1,,0
SDQKPNOVKCPNRQ-UHFFFAOYSA-N,1,,0
CHESAJJJIGYAHM-UHFFFAOYSA-N,1,,0
QTIAXUAWMLBIGP-LLVKDONJSA-N,1,,0
ZEZPYBMUPDTITR-UHFFFAOYSA-N,1,6.639993867770901,1
QOJAXHPIIVARQJ-SAIGFBBZSA-N,1,6.639804335393841,1
RWXAMLMBPWFLTN-UAPYVXQJSA-N,1,6.639766438842168,1
VXTKAVNUVLUPMB-XUTJKUGGSA-N,1,6.639349794880251,1
AICFPAVUBCPJDG-SAABIXHNSA-N,1,6.638839004804974,1
RLKXCFDJQXIBBO-UHFFFAOYSA-N,1,6.638272163982407,1
JWYUBODPEUBFLH-FSTMKDAKSA-N,1,6.638272163982407,1
RYARMHWUXSXRLV-FQEVSTJZSA-N,1,6.638272163982407,1
WBGWXELVCBHOMZ-UHFFFAOYSA-N,1,6.638272163982407,1
HGUWLKIMYDVIHQ-UHFFFAOYSA-N,1,,0
BKTVULJKAVNQNZ-UHFFFAOYSA-N,1,,0
BYQMYVGRWGMPRV-UHFFFAOYSA-N,1,,0
JZFCVLOUYCGOPW-WKILWMFISA-N,1,,0
MANJQFBEPDLLON-XUTJKUGGSA-N,1,,0
NAGHKDZEWLQUKZ-UAPYVXQJSA-N,1,,0
OUUDLMBFRNBBSL-XGAFWQRZSA-N,1,,0
PKERFNJZSQACGZ-RNVDEAKXSA-N,1,,0
QAWQNXXSPFROGF-UHFFFAOYSA-N,1,6.636388020107855,1
LSBNVDGHJXSXAB-UHFFFAOYSA-N,1,6.636388020107855,1
LVGQSPSRQGIUSM-UHFFFAOYSA-N,1,,0
TVYKKVMHDGSECW-OAQYLSRUSA-N,1,6.632644078973981,2
RAPBVKVRRNGNRM-UHFFFAOYSA-N,1,,0
HNMDMLNEALPPKX-UHFFFAOYSA-N,1,,0
LINCHEGVUCJEMY-ZZXKWVIFSA-N,1,,0
VZIIAQQJQFQYID-XYWHTSSQSA-N,1,6.6317131150978685,1
GYZQENOTEUQFGR-UILWBTOOSA-N,1,6.6308769504718015,1
VJPBVQZEPQLKCA-UHFFFAOYSA-N,1,6.630784142589857,1
RLIMJSGHBMXEDY-GHTZIAJQSA-N,1,,0
LODDBBDHOKVEHS-UHFFFAOYSA-N,1,,0
KOTITFQGTVUMBT-UHFFFAOYSA-N,1,6.630005338391571,1
QALOBVQQEGVYCI-UHFFFAOYSA-N,1,6.630005338391571,1
OPZKYIOCNPKDBN-CQSZACIVSA-N,1,6.628932137728263,1
GNOHLPXINNYCLR-GXTWGEPZSA-N,1,6.628932137728263,1
BXDRNJJKCXNAGV-UHFFFAOYSA-N,1,6.628932137728263,1
GNOHLPXINNYCLR-JSGCOSHPSA-N,1,6.628932137728263,1
ALZFDRFMVFNHJV-UHFFFAOYSA-N,1,6.628932137728263,1
UGNGRDRWDHJJJI-OAHLLOKOSA-N,1,6.628932137728263,1
FQNXFBTXLFBRQD-UHFFFAOYSA-N,1,,0
YTMDEVVXDYXXMD-UHFFFAOYSA-N,1,,0
NIMQPLYMAJLLNI-LJQANCHMSA-N,1,6.628439775057443,4
UEOLBOREQLRPTL-DVUVRWKGSA-N,1,6.6280090885350855,1
FDBMIKAQORBNLT-NRCGHCQOSA-N,1,6.62745619924093,1
JCKSBFDVTFRZJP-JFGZAKSSSA-N,1,6.627150386698747,2
ZSJSBFWREOBBMJ-UHFFFAOYSA-N,1,,0
GPDZHKOGLHALQL-GCJKJVERSA-N,1,,0
QLNUKALDTXMUBS-UHFFFAOYSA-N,1,,0
BGJXBVUWLFEJNM-XXBNENTESA-N,1,,0
ZWINHZKEJACBFT-GCJKJVERSA-N,1,,0
SCCGREHYRSZMPG-GOSISDBHSA-N,1,6.623423042943488,1
SSTFAQARXUDMNY-IRJFHVNHSA-N,1,5.829999526735649,1
RJZDQOPJWQCJET-UHFFFAOYSA-N,1,,0
GIAJRMOZOJKYBH-IYARVYRRSA-N,1,6.6230217796919835,1
BRANQVYSEMSFOV-XUTJKUGGSA-N,1,6.6219656775426685,1
QUXXNRQONFGFSI-UHFFFAOYSA-N,1,,0
UFUHLGWYZKBMBY-UHFFFAOYSA-N,1,,0
XAKYPHLOTZWMEF-UHFFFAOYSA-N,1,,0
FDLRDRBESBJAAV-UHFFFAOYSA-N,1,,0
IGLZWQUSQYHTJF-LYHRCORUSA-N,1,6.620875853929608,1
BOTMSPLRFWVABA-OAHLLOKOSA-N,1,6.619788758288394,1
QWCRAEMEVRGPNT-UHFFFAOYSA-N,1,7.465907069126919,4
FPCCSQOGAWCVBH-UHFFFAOYSA-N,1,6.619788758288394,1
OVQXIVRARLGKOO-SBFWRKJZSA-N,1,6.619788758288394,1
LMRUSDUZVDKYMF-UHFFFAOYSA-N,1,6.619788758288394,1
VFYMYMGVYBHBAW-IYARVYRRSA-N,1,6.619788758288394,1
YATPAHDOUJPRNV-UHFFFAOYSA-N,1,6.619788758288394,2
UOIRCOOXVJGCIE-UHFFFAOYSA-N,1,6.619788758288394,1
AZAYZAMZAPQNBH-UHFFFAOYSA-N,1,6.619788758288394,1
NXRNOJKUXYWBIA-LJAQVGFWSA-N,1,6.619788758288394,1
OXMLHENURKVGGZ-XUTJKUGGSA-N,1,6.619788758288394,1
QYAPJFAWWAJNJA-UHFFFAOYSA-N,1,,0
YMLDFYDEWIBRLP-UHFFFAOYSA-N,1,,0
GPDZHKOGLHALQL-YSYXNDDBSA-N,1,,0
WDJJKEWRFILELR-WKILWMFISA-N,1,,0
IUKPIALDWLVDKD-KOAQGZTJSA-N,1,,0
ULLCNVODUCDGBS-PGCGBBBBSA-N,1,,0
BGBRLHVYFFIIIM-JCTBFJPBSA-N,1,,0
QFFHKTGTQLEPSD-SMQSCJQKSA-N,1,,0
DPJFJYDSIWERHB-NSCUHMNNSA-N,1,,0
YXGIYSCRDTWJRJ-MYKGNVCDSA-N,1,6.618884919290149,1
TXKBPYNMEJESGE-KPKJPENVSA-N,1,6.617982957425132,1
UDLSEQDYARNKTL-QHCPKHFHSA-N,1,6.617982957425132,1
BFHVQDBLFZYJPG-HNNXBMFYSA-N,1,6.617982957425132,1
ZZRPBEZGINGVMX-UHFFFAOYSA-N,1,,0
ZQPVRDFINPZVAW-UHFFFAOYSA-N,1,,0
XIGLRHPWOZXGTP-AFARHQOCSA-N,1,6.61747867581032,1
OUFIPQCJZNQOMQ-UHFFFAOYSA-N,1,6.616184634019569,1
LWUHTASBTHFHOH-MEMLXQNLSA-N,1,6.615109203469446,1
ZXIPYIPSODOSDY-UHFFFAOYSA-N,1,6.614393726401688,1
QSHZDFROGASVTB-UHFFFAOYSA-N,1,6.614393726401688,1
LPOLFZKIDWJURQ-RUZDIDTESA-N,1,,0
GPICSZOLXGYSHL-VWLOTQADSA-N,1,,0
FIBONCALDRDINS-UHFFFAOYSA-N,1,,0
XOPMGCDIMXYMGV-AFARHQOCSA-N,1,6.613322716039162,1
AXPMHZJZVFNEBY-QGZVFWFLSA-N,1,6.61261017366127,1
GTLZGWIJAYPBBN-UHFFFAOYSA-N,1,6.61261017366127,1
VVNKMNCWRHQTDH-UHFFFAOYSA-N,1,,0
FOQOXYFYHFUCMT-UHFFFAOYSA-N,1,,0
YLZYYZWHNZPVBP-AFARHQOCSA-N,1,6.611135367424406,1
WMPBOLSQXBJOKQ-UHFFFAOYSA-N,1,6.610833915635467,1
FROJMJFJUZFRPE-UHFFFAOYSA-N,1,,0
WAFXOAGOOZIJGE-FXAWDEMLSA-N,1,,0
CUIKAPOUIHQKER-UHFFFAOYSA-N,1,6.6104177465140666,2
OEJHEPOHRGSKLF-UAPYVXQJSA-N,1,6.610267043984544,1
ZEQMTWIDCFWVDG-IRJFHVNHSA-N,1,6.610001577392667,1
GWEQOXQOCNABLR-UAPYVXQJSA-N,1,6.609877748493299,1
JYXHLPARKLQLMN-YLJYHZDGSA-N,1,6.609064892896621,1
BWXABDUNWUIBLQ-UHFFFAOYSA-N,1,6.609064892896621,1
FKHBHNWGBJHKGW-UHFFFAOYSA-N,1,6.609064892896621,1
ZJADORDBVJWZKV-MLCQCVOFSA-N,1,6.609064892896621,1
MLBSOKIQLFIALN-UHFFFAOYSA-N,1,,0
OTSVAHKQZLNXPN-UHFFFAOYSA-N,1,,0
VJYQMOSNEVQNJR-UHFFFAOYSA-N,1,,0
KSKYFMKUEDYOIZ-UHFFFAOYSA-N,1,,0
AERBGYMOICIFRM-MRXNPFEDSA-N,1,6.605548319173783,1
LTEMWTOQHRSTDA-UHFFFAOYSA-N,1,,0
QGKIQQCQAJMJNK-WGSAOQKQSA-N,1,6.604149623981218,1
OJGAXSYOOYSPGN-QGZVFWFLSA-N,1,6.603800652904264,1
TUZMIWVHPWQEBK-UHFFFAOYSA-N,1,6.603800652904264,1
MZCVVBNYRQNALN-UHFFFAOYSA-N,1,6.6020599913279625,1
KSKCVJKDKBWMJB-UHFFFAOYSA-N,1,6.6020599913279625,1
SDFKSBYLKADGSF-UHFFFAOYSA-N,1,6.6020599913279625,1
CLHNMTROPPBBIR-UHFFFAOYSA-N,1,6.6020599913279625,1
RSLYNHHGHMPLKL-JTKSJCOOSA-N,1,6.6020599913279625,1
WJTVOECAMUQNOG-UHFFFAOYSA-N,1,,0
DFNOGIGMAURTCI-JKCYLYBBSA-N,1,,0
SQGWMVXOYSHVTI-UHFFFAOYSA-N,1,,0
GRGGMNIWCOHOKK-GUDVDZBRSA-N,1,6.601539150391776,1
QLLKZBYEHJGRHK-OYRHEFFESA-N,1,6.600578035467164,2
KXPJEGNVGVZNGX-KESTWPANSA-N,1,6.60049933868539,1
OXHDXVWUJBSFBE-HZCBDIJESA-N,1,6.600378189328264,1
PKBFRDZADXJQRC-UHFFFAOYSA-N,1,6.600329725273209,2
DOOIOZMDLUKTNX-UHFFFAOYSA-N,1,,0
IHBJWORPKYVGRO-UHFFFAOYSA-N,1,6.600161966295503,2
GLNKSQKEDBWUGV-JIBACQESSA-N,1,6.599997654072045,1
DVKVLLZTDOYZKA-NFRPNRGWSA-N,1,6.599997654072045,1
PRDRZXROMYANHC-YTMVLYRLSA-N,1,6.599997654072045,1
QZFDRUTWOSVQBO-UHFFFAOYSA-N,1,6.599997654072045,1
OUVWNMTXUYBAHT-UHFFFAOYSA-N,1,6.599997654072045,1
PWFWFOUAVPITTG-UHFFFAOYSA-N,1,6.599997654072045,1
PCVICCVMMOFTLF-UXBLZVDNSA-N,1,6.599997654072045,1
WRMSYILMRYXLAS-IZZDOVSWSA-N,1,6.599997654072045,1
IZVVXKITHMHHRG-UHFFFAOYSA-N,1,6.599997654072045,1
HYHZGIWTSKSXKP-UHFFFAOYSA-N,1,6.599997654072045,1
HBJXUXOERUVVGH-UHFFFAOYSA-N,1,6.599997654072045,1
VNGXWCQDWFYDOS-UHFFFAOYSA-N,1,6.599997654072045,1
IJICKINLCUKIHY-UHFFFAOYSA-N,1,6.599997654072045,1
GRQQDQSHIQXVLZ-UHFFFAOYSA-N,1,6.599997654072045,1
DSJQIICDRFEFMZ-UHFFFAOYSA-N,1,6.599997654072045,1
JYLNFWODPITKFP-UHFFFAOYSA-N,1,6.599997654072045,1
UCEGXYYVNUOUTE-UHFFFAOYSA-N,1,6.599997654072045,1
RXPBJKRWQYAHSE-UHFFFAOYSA-N,1,6.599997654072045,1
PHZPOMMTJKRHHB-UHFFFAOYSA-N,1,6.599997654072045,1
GNQOCBGVODGUEX-UHFFFAOYSA-N,1,6.599997654072045,1
NCDNWTYTZTXJIU-UHFFFAOYSA-N,1,6.599997654072045,2
CRSXTGXQBKLMCN-OKDJAKQTSA-N,1,6.599997654072045,2
SCFTWYRRDFJRSO-UHFFFAOYSA-N,1,6.599997654072045,1
ODIJMXCJWMOZFJ-PGRDOPGGSA-N,1,6.599997654072045,1
SJJCRPJMKKRQSW-XLIONFOSSA-N,1,6.599997654072045,1
HURBEFKRLRSDKC-UHFFFAOYSA-N,1,6.599997654072045,1
MGQKWJNIGIMBFF-UHFFFAOYSA-N,1,6.599997654072045,1
XWXGIXOQLMBDID-UHFFFAOYSA-N,1,6.599997654072045,1
MCZWBSFGGNTCLH-QHCPKHFHSA-N,1,6.599997654072045,1
PVJNMWAQIUNUKH-QFIPXVFZSA-N,1,6.599997654072045,1
AJEQJTPMMJPNLR-UHFFFAOYSA-N,1,,0
UDUUCGMSUBUXNS-UHFFFAOYSA-N,1,,0
FVSOIPSTCDDDHQ-UHFFFAOYSA-N,1,,0
ZJADORDBVJWZKV-SSGKUCQKSA-N,1,6.598907425857726,2
ZDDZCFWJYDZNBA-UHFFFAOYSA-N,1,6.598599459218455,1
CLBZXLQZQXTQMX-UHFFFAOYSA-N,1,6.596879478824182,1
MTOSSZWXFIRIMJ-UHFFFAOYSA-N,1,6.596879478824182,1
FBSPYGXUZZFKDG-KESTWPANSA-N,1,6.596879478824182,1
GGPXOELINLEIPA-UHFFFAOYSA-N,1,,0
PLZGEHCHVFNRGK-UHFFFAOYSA-N,1,,0
URKYBTISJBKTKP-UAPYVXQJSA-N,1,6.595713770980968,1
LWSMSVQQKULODQ-OAHLLOKOSA-N,1,6.5951662833800615,1
PORLBUSMWVWYQB-UHFFFAOYSA-N,1,6.5951662833800615,1
XAVXJXMGRFXIFC-AEFFLSMTSA-N,1,6.5951662833800615,1
UZZUNWBAZUITJX-VOTSOKGWSA-N,1,6.5951662833800615,1
CWPNHPQGJLXJNH-UHFFFAOYSA-N,1,6.5951662833800615,1
WUTIBZPSZGYSGD-UHFFFAOYSA-N,1,6.5951662833800615,1
VXCJOMSAQANJDK-UHFFFAOYSA-N,1,,0
WYTLTUFDQVHRLU-UHFFFAOYSA-N,1,,0
LQCUFDIAPSFACZ-UHFFFAOYSA-N,1,6.594212497064703,2
LWBZBWXDCWJUBA-UHFFFAOYSA-N,1,6.5934598195660445,1
CNFWITKOFBJCHE-UHFFFAOYSA-N,1,6.5934598195660445,1
WMXFRQFMQHQCBJ-UHFFFAOYSA-N,1,6.691253449451871,4
UCSADJSYXSUUQV-UHFFFAOYSA-N,1,,0
CBUWAEDOOAMJSO-UHFFFAOYSA-N,1,,0
MJZQRNCUULBFRH-CYBMUJFWSA-N,1,6.591316491856203,2
YNSPDEYTWHJYJV-KESTWPANSA-N,1,6.591251393815756,1
JHVJCSPJYFYTJV-LVZFUZTISA-N,1,6.590066876668706,1
VRICTBBEBNNBAS-LVZFUZTISA-N,1,6.590066876668706,1
YYBRTGMBVYRIBV-UHFFFAOYSA-N,1,,0
QNDFBMWALLMDKL-KNQAVFIVSA-N,1,,0
DKKQUUYFNCAKQG-LBPRGKRZSA-N,1,6.589999287456538,1
CHOJSUXPQWHSGV-UHFFFAOYSA-N,1,,0
ZNBOBGDGUIWKPE-UHFFFAOYSA-N,1,6.58922276662279,1
NZOIFXLLVJGITJ-SZPZYZBQSA-N,1,6.589145001350811,2
ICQQTHRTTLKFKA-UHFFFAOYSA-N,1,6.58838029403677,1
KRUWNGHFXJBYSG-UHFFFAOYSA-N,1,,0
ICDUPLIIKZSMRC-XGAFWQRZSA-N,1,6.588060582475956,1
UNTNFKPMHAXOEK-UHFFFAOYSA-N,1,6.586951903601102,2
UNJDLBOQEKJGAH-UWUNEBHHSA-N,1,4.869999962200743,1
IMNXUQRZOVUMFZ-UHFFFAOYSA-N,1,,0
PWWVAXIEGOYWEE-UHFFFAOYSA-N,1,7.0,1
IRZPPSVFNZCDTA-UHFFFAOYSA-N,1,6.585026652029182,1
YFWYOPIREDLCQN-UHFFFAOYSA-N,1,,0
RRTCFJGKAMKAIY-UHFFFAOYSA-N,1,,0
HQRFZVMMLKMRQZ-UHFFFAOYSA-N,1,,0
BHOOKBSINOPLQS-UHFFFAOYSA-N,1,,0
CIQQQICTDWZODG-UHFFFAOYSA-N,1,,0
CHSQMFLFLYXMGA-UHFFFAOYSA-N,1,,0
KJGVUIDYJFKRAS-UHFFFAOYSA-N,1,,0
DQPNZJRSJFNUQR-VQTJNVASSA-N,1,,0
UGMMZTANOLIPDJ-UAPYVXQJSA-N,1,,0
NWTLRPXTJVTFDS-QRCZIWRFSA-N,1,,0
QOFRSPQAWIAXCA-ZSQTZEJBSA-N,1,,0
PZPVLBXASPDCHR-UHFFFAOYSA-N,1,6.584316944956528,2
ZWNMRUMCFKVOHJ-UHFFFAOYSA-N,1,,0
DAKGDRVNCPHAPY-RDTXWAMCSA-N,1,6.583359492661719,2
BVXJKDHFRHNSRI-LJQANCHMSA-N,1,6.583359492661719,1
SVONVXKDHRPGFI-UAPYVXQJSA-N,1,6.583359492661719,1
NPUZJIOVBIDKGO-UHFFFAOYSA-N,1,,0
RSQYYIMQKSBFSO-UHFFFAOYSA-N,1,,0
JUXYQVLOCMVIJF-UHFFFAOYSA-N,1,6.581698708680255,2
MFLTUPXICJHQFA-UHFFFAOYSA-N,1,6.581698708680255,1
QBQZCKZJIWENBM-XUTJKUGGSA-N,1,6.581317625044267,1
UZRUJFBBAHISJF-QZTJIDSGSA-N,1,6.580044251510242,1
QMEAXKMTOSHGKG-AWEZNQCLSA-N,1,6.579994715040948,1
CRIIWZWMEASXGQ-UHFFFAOYSA-N,1,,0
YPOPWNSAWBPGOR-UHFFFAOYSA-N,1,6.578396073130168,1
SYACUACTNAGKMI-UHFFFAOYSA-N,1,,0
ULMWAKXWMKUGMX-UHFFFAOYSA-N,1,,0
JSLOZIRNJAUGHY-UHFFFAOYSA-N,1,,0
AFWAVLNIGSUCHI-OAHLLOKOSA-N,1,,0
KTYLNGVSKMMZGB-UHFFFAOYSA-N,1,6.576831443935097,2
UCVKKWQVIIHPLH-CYBMUJFWSA-N,1,6.576754126063192,1
GKCVNAHJIZRKPK-UHFFFAOYSA-N,1,6.576754126063192,1
ZYXMVSPWOATGIW-UHFFFAOYSA-N,1,6.576754126063192,1
FUZASPGUXFBSLU-UHFFFAOYSA-N,1,,0
BUNARIUEVNWERA-QAQDUYKDSA-N,1,6.576754126063192,1
CSJWNRPOOLNVFL-UHFFFAOYSA-N,1,,0
ZIUKNCKMMHVPCJ-UHFFFAOYSA-N,1,6.575118363368933,1
CBSIZHJYORKATA-UHFFFAOYSA-N,1,6.575118363368933,1
JFBANURFCNELLB-UHFFFAOYSA-N,1,6.573488738635424,1
OSBIKVDXAOTSOY-UHFFFAOYSA-N,1,,0
HUZCEKOWDSLRDU-UHFFFAOYSA-N,1,,0
HJWHHQIVUHOBQN-UHFFFAOYSA-N,1,6.5728469790994595,2
GUKSVDQGXPESAC-XYWHTSSQSA-N,1,6.572676213642753,1
YGTOBHZRTULFTF-QGZVFWFLSA-N,1,6.571865205971211,1
HPLCRGYHYQJALL-UHFFFAOYSA-N,1,,0
VYAKZBSIEMCYFQ-ZHALLVOQSA-N,1,6.571152769855745,1
MJWITHOHGGKZJZ-UHFFFAOYSA-N,1,6.570935410909752,2
HKDCDBFKNRMFSY-UHFFFAOYSA-N,1,6.570247719997592,2
PMHUNJLVEGNLQB-UHFFFAOYSA-N,1,6.570247719997592,1
GTBFEJIEYNPFMI-UHFFFAOYSA-N,1,6.570247719997592,2
SCXGXIFVTAJZIV-UHFFFAOYSA-N,1,,0
QKNACGZYHIMKOB-AQYVVDRMSA-N,1,6.569973345489986,1
PWOUQMPSBBVTMJ-UHFFFAOYSA-N,1,6.569531689649953,2
CXWMHNWEROVFMB-UHFFFAOYSA-N,1,6.570005615848293,3
CFGZNBTZRKMBCN-UHFFFAOYSA-N,1,6.568636235841012,1
MBSIGRZACGJWRM-UHFFFAOYSA-N,1,6.509318832137387,6
HCOQJKDXIVIYQF-UHFFFAOYSA-N,1,6.568636235841012,1
LVAZPFMWSRDRRK-LBPRGKRZSA-N,1,6.568636235841012,7
XODYFOOKKAGIOI-UHFFFAOYSA-N,1,6.568636235841012,1
HQVGADXQHMROOB-DEOSSOPVSA-N,1,6.568636235841012,1
AXEPKFMEASEADG-UHFFFAOYSA-N,1,,0
BLGIUGAWFUDHOU-UHFFFAOYSA-N,1,,0
MPDQCQJPJRABDG-UHFFFAOYSA-N,1,,0
ISJIDQUSRNCFFC-SXTNBDNLSA-N,1,,0
NQOMONLOFJNENB-IYARVYRRSA-N,1,,0
AASBFJIEFSDMGW-VHPWLNBFSA-N,1,,0
FKFXRRIOERUHEP-UHFFFAOYSA-N,1,,0
UIRKAHAECJAUIH-OAQYLSRUSA-N,1,6.567030709125595,1
XKSRPDXBGYGWEX-MRXNPFEDSA-N,1,6.567030709125595,1
JOQJONDKZULBPP-MXVIHJGJSA-N,1,6.567030709125595,1
KQYVDEWSKFDTLI-UHFFFAOYSA-N,1,,0
XHMOKKQHMCXTBS-UHFFFAOYSA-N,1,,0
JXEOKFJSXAQOOQ-NDKRRWIDSA-N,1,,0
DDZQSWIRTNPRHD-UDEKHCAPSA-N,1,,0
IZRKKTGXKLIJDE-GOSISDBHSA-N,1,6.564549436154007,4
HMRRDGDXTNUCPS-QGZVFWFLSA-N,1,6.5638373529592435,1
DSCGNFRKDRFCKO-UHFFFAOYSA-N,1,6.5638373529592435,1
NTSNTXLPUHHDIH-UHFFFAOYSA-N,1,,0
XVDINFILZLZVNV-UHFFFAOYSA-N,1,6.562249437179612,1
GBAMNIHBRPISDN-UHFFFAOYSA-N,1,6.562249437179612,1
CSQTYZHHBNDDMS-UHFFFAOYSA-N,1,6.562249437179612,1
IWMPNKVRIUOVNY-UHFFFAOYSA-N,1,,0
WBEWCMPWKAJVJV-UHFFFAOYSA-N,1,,0
GRSPAVQNQLAIED-AQYVVDRMSA-N,1,6.561299467099264,1
BGMQCQHMPBHOMK-UHFFFAOYSA-N,1,6.560739102249396,2
XTXKTQKZXFWQIP-UTKZUKDTSA-N,1,,0
CKXPAKSGYIPITQ-UHFFFAOYSA-N,1,,0
YMUDLHBKUTXRGL-UHFFFAOYSA-N,1,,0
GGDAAOYMJLRWGO-UHFFFAOYSA-N,1,,0
SNUCDENVLHQCFH-UHFFFAOYSA-N,1,,0
AXXXFCGETBIMKI-UHFFFAOYSA-N,1,6.558762378490872,2
IHQBULKQURABNA-OJFUHMMESA-N,1,,0
MLKJSRUZFXLXTL-KESTWPANSA-N,1,6.556909199438294,1
CKLPMHPQYVCYLL-UHFFFAOYSA-N,1,6.556267758598404,1
AYKNCXDOPYPPJV-UHFFFAOYSA-N,1,,0
KKHDVTQDKZDTLG-UHFFFAOYSA-N,1,,0
YMMKVLDFUKHZTJ-UTKZUKDTSA-N,1,,0
WNZBBTJFOIOEMP-HXUWFJFHSA-N,1,6.554395796726403,1
XKTGLDSNABUNGD-UHFFFAOYSA-N,1,6.55395269865476,2
SVJMLYUFVDMUHP-XIFFEERXSA-N,1,,0
AKTQSTPCOLTVQO-UHFFFAOYSA-N,1,6.552841968657781,1
HKAWCIGAEVMZGN-SFHVURJKSA-N,1,6.552841968657781,2
ONVAFCPNRHAADQ-UHFFFAOYSA-N,1,6.552841968657781,1
CLSKBBHRGMBREO-UHFFFAOYSA-N,1,6.552841968657781,1
XVYIADYYFNGCJZ-CMDGGOBGSA-N,1,6.552841968657781,1
MTASNPVDMSIQLV-BRLLKYFNSA-N,1,6.552841968657781,1
MGDBVKSSHFDIJD-UHFFFAOYSA-N,1,6.552841968657781,1
MKSFZMXFGKIKIM-UHFFFAOYSA-N,1,,0
GCWQAOYJCGIKLW-UHFFFAOYSA-N,1,,0
LTNOCTARMCCZMF-UHFFFAOYSA-N,1,,0
ZMGOYEZGTTXOIX-NSHDSACASA-N,1,,0
ODNIEBFFNONVCK-UHFFFAOYSA-N,1,,0
OAUBLUIXSXPHTA-IYARVYRRSA-N,1,,0
PVZYVDCGRBZEMH-IYARVYRRSA-N,1,,0
VICLMFFSPFEHLO-IYARVYRRSA-N,1,,0
ZHXPQJBVBDKOKM-UHFFFAOYSA-N,1,,0
DZCDJCMQDIXJFE-UHFFFAOYSA-N,1,,0
YVKJVUJRJJSJAZ-UHFFFAOYSA-N,1,6.550637409205253,2
KDMBMLINAPXLCW-UZLBHIALSA-N,1,,0
WGZMUKVNOBTQJA-UHFFFAOYSA-N,1,6.549997369826814,1
TVKYQCPWDDYVLL-KESTWPANSA-N,1,6.549997369826814,1
PUNOXAJECPGYQM-UHFFFAOYSA-N,1,,0
LDXQQYQLOMGASY-UHFFFAOYSA-N,1,6.549750891680639,1
RLIMJSGHBMXEDY-UHFFFAOYSA-N,1,,0
QRRCESJWXMIGPS-KNQAVFIVSA-N,1,,0
JKAFEYNVKSARQQ-UHFFFAOYSA-N,1,,0
UEOLBOREQLRPTL-QLVMHMETSA-N,1,6.547094741942479,1
NZOIFXLLVJGITJ-HZCBDIJESA-N,1,6.546681659952963,2
ARWONURFSGKTJW-UHFFFAOYSA-N,1,6.546681659952963,2
CILDROBPHGWMGB-UHFFFAOYSA-N,1,6.54515513999149,1
RDUVGAYRQBFLOT-XUTJKUGGSA-N,1,6.54515513999149,1
NVOLYBMYFVKTGP-UHFFFAOYSA-N,1,,0
DOQJOKJRAOIOAY-PGHFLLIESA-N,1,,0
MKNRXBPDERAOEB-QGZVFWFLSA-N,1,6.543633966870956,1
XHOOSVMDRHVDTE-UHFFFAOYSA-N,1,6.543633966870956,1
UVSLSTOAZHUYRU-UHFFFAOYSA-N,1,6.543633966870956,1
TYQWGVAKEMWBPU-UHFFFAOYSA-N,1,,0
BAIXKGAZCOGILC-UHFFFAOYSA-N,1,,0
QXYZJXCNTMMWEO-BERHBOFZSA-N,1,,0
YRTKLZDQSKUCQM-UHFFFAOYSA-N,1,6.542118103266008,1
IYRXIXGRSIJDNI-UHFFFAOYSA-N,1,6.542118103266008,3
ZJUHEDMNUHRHQM-XUTJKUGGSA-N,1,6.541211118289155,1
MXKZBMGRCYCKSV-UHFFFAOYSA-N,1,,0
AJEQJTPMMJPNLR-GHTZIAJQSA-N,1,,0
XJGIQRQUJHWFSC-UHFFFAOYSA-N,1,6.538803373026827,4
OJINAULTAMERKJ-UHFFFAOYSA-N,1,,0
UQQZLMXUYGQJIW-UHFFFAOYSA-N,1,6.539677499296606,2
KMJHJQFJPSDYJD-SAABIXHNSA-N,1,6.5395532161192795,1
KSFPSARJDILORY-UHFFFAOYSA-N,1,,0
HSONZWPNORZWDX-IBGZPJMESA-N,1,6.539102157243452,1
HMAKCCQMRGCRHO-XYWHTSSQSA-N,1,6.538801711377507,1
JUJJUAKPUFHLKF-UHFFFAOYSA-N,1,6.581063797865194,4
OLUIVMRSUSSFJF-UHFFFAOYSA-N,1,6.537602002101044,1
NJUSHLPQKJYNMD-UHFFFAOYSA-N,1,6.537602002101044,1
GNGQVEIKYIVCPC-UHFFFAOYSA-N,1,6.537602002101044,2
PYPVMGCWFRRKNC-KRWDZBQOSA-N,1,6.537602002101044,1
FOKZOGSWMCKMLR-UHFFFAOYSA-N,1,6.537602002101044,1
FEPNYAFFRMEINW-UHFFFAOYSA-N,1,6.537602002101044,1
IGIPSUCYDDNAQY-JTYJAPAGSA-N,1,6.537602002101044,1
VESLKGGUOOCKRO-UHFFFAOYSA-N,1,,0
OEMQARURTNJNIB-UHFFFAOYSA-N,1,,0
MCFFIBILMUFGPB-GGYDESQDSA-N,1,,0
ATHTVOQAJYMAOW-IGGCZAQCSA-N,1,,0
DJOCSUALXFPRDN-UODZTUOZSA-N,1,,0
MPNCNHGPKFXJQG-QAQDUYKDSA-N,1,,0
KKKVTQFKSDZRGJ-CRHQVGFKSA-N,1,,0
IDWJNGMFAPCILL-IYARVYRRSA-N,1,,0
MLURUQHLUHYMEL-YVWKXTFCSA-N,1,,0
YFKVSCFFRQFRQH-PAVFIEEWSA-N,1,,0
SFIXZGTVVWNOSY-QRFRQXIXSA-N,1,,0
IDTLNOOYTVGUDL-MBOZVWFJSA-N,1,,0
CAALEIZWPZRHJM-RBFZIWAESA-N,1,6.536107011014092,1
OMXJWXICMCUBRZ-QRWLVFNGSA-N,1,,0
HRSJSQHPKLXGDX-XBTDCMMSSA-N,1,6.535197587108682,1
GJXLROXNFUKMEK-UHFFFAOYSA-N,1,6.534617148551582,1
OWRSWDTWKGARSX-UHFFFAOYSA-N,1,6.53313237964589,2
OXHFCAMGABAVGJ-XIFFEERXSA-N,1,6.53313237964589,1
HGCNXEAQMMJLQX-UHFFFAOYSA-N,1,,0
UXRJVZYJCCSIAH-UHFFFAOYSA-N,1,,0
DCPPWKFRGIUQDU-UHFFFAOYSA-N,1,,0
RUVQMQUPSVELIK-UHFFFAOYSA-N,1,6.532309253166417,2
KUNJWDFGNSXWFX-UHFFFAOYSA-N,1,,0
GFMBUKFDHKZBGH-UHFFFAOYSA-N,1,,0
SGHVFQQOVSYPTO-UHFFFAOYSA-N,1,6.530740137411754,2
ZOLLYWYZUBUMOY-UHFFFAOYSA-N,1,6.530177984021837,1
IKTDIESRRCFWHX-RUZDIDTESA-N,1,,0
ZBOIINMMAKPIPZ-UHFFFAOYSA-N,1,,0
FZEUFNLUEJZENL-QFBILLFUSA-N,1,,0
LKIZJVWLCHAZTJ-GCJKJVERSA-N,1,,0
DGFGHVHKQCWUJA-UHFFFAOYSA-N,1,6.529354823361157,2
DDCGYKUGMMDSDD-UHFFFAOYSA-N,1,6.528708288941061,1
JCKSBFDVTFRZJP-FYYLOGMGSA-N,1,6.528708288941061,1
IKBKZGMPCYNSLU-RGVLZGJSSA-N,1,,0
HOFXBWNODSOCNI-KESTWPANSA-N,1,6.526221165353276,1
PATXYRVWJPYPMG-SAABIXHNSA-N,1,6.52598781483015,1
PHGOEMMHIGVMIN-UHFFFAOYSA-N,1,,0
RRSUWPYFZSEELD-AVRDEDQJSA-N,1,,0
QGGUMCZIAASPSU-KESTWPANSA-N,1,6.5249101966109935,1
QYPPCJNDWSSTLE-BTUFUSBVSA-N,1,,0
SZPIIWGXDQICFN-UHFFFAOYSA-N,1,,0
PLHMPZNPSSULOM-UHFFFAOYSA-N,1,,0
VJYRFSZIRUISDG-UHFFFAOYSA-N,1,6.523389641835422,2
RRLCBKCJYXFQHA-UHFFFAOYSA-N,1,6.522878745280337,1
DPEWMPCNBSTAJO-UHFFFAOYSA-N,1,6.522878745280337,1
MDQWSMFPLDSLBV-UHFFFAOYSA-N,1,6.522878745280337,1
LZHXZGVGDIQVLP-XHXGFGLKSA-N,1,6.522878745280337,1
UFOYCFLCNQFALX-UHFFFAOYSA-N,1,6.522878745280337,1
NABHHUMHJIHHIX-QGZVFWFLSA-N,1,6.522878745280337,1
MZFAZCYLMYZDDU-UHFFFAOYSA-N,1,,0
AFNNYMZEMGROFW-UHFFFAOYSA-N,1,,0
QPGOCVOZYYHHFI-DSFVOBFGSA-N,1,,0
GFYPLRKHLRVZID-SFHLNBCPSA-N,1,,0
KKOVIGNMWZIDFQ-UHFFFAOYSA-N,1,,0
FLJUYWJINNZFMZ-UHFFFAOYSA-N,1,6.52216093435921,2
CKKBBMDBHFJPLE-UHFFFAOYSA-N,1,,0
FFHHYAWKMDTAAH-ACRUOGEOSA-N,1,6.521390221398772,1
AWTSHTNAYPKBLJ-JKIUYZKVSA-N,1,6.5211450324713365,1
UHSKFQJFRQCDBE-UHFFFAOYSA-N,1,6.799024162007586,8
DISXAFLQNJTZHA-UHFFFAOYSA-N,1,6.51999305704285,1
XUBVWPDKERMCAP-UHFFFAOYSA-N,1,6.51999305704285,1
DUJBUFXUMONRHW-CRAIPNDOSA-N,1,6.51999305704285,1
GSZBDACNBVTFKJ-ZWGSZDQZSA-N,1,6.51999305704285,1
GLISUIAZBJFVAS-UHFFFAOYSA-N,1,,0
LIBJRLLLOUMXMX-UHFFFAOYSA-N,1,,0
RQZXKTXKVVCWAG-UHFFFAOYSA-N,1,,0
KRBOLMZIHCLEGC-UHFFFAOYSA-N,1,,0
ZPUAIXYROPYWKA-UHFFFAOYSA-N,1,6.519131076312832,1
WTONWMINNVVDTM-XGAFWQRZSA-N,1,6.5187867624877915,1
POMINEPWKCOIMS-UHFFFAOYSA-N,1,,0
SQMUNKWOFRBGIX-UHFFFAOYSA-N,1,6.518557371497695,1
MKSZBVGKVNJQKZ-UHFFFAOYSA-N,1,,0
PBUOIALTCUSCTG-UHFFFAOYSA-N,1,,0
QYTAWAKZERQEST-UHFFFAOYSA-N,1,,0
MFAOTUDCDBJKBZ-JKIUYZKVSA-N,1,6.515700160653214,1
PXCHOWMQGZACON-WGSAOQKQSA-N,1,6.515700160653214,1
AUFYUVRAGQWUOT-UHFFFAOYSA-N,1,,0
LKGWPHHIJYCDSR-SXFOHPBWSA-N,1,6.51552932429807,1
JCOIGYVGPKMQRM-XUTJKUGGSA-N,1,6.514988785421426,1
ABOYXIDEOWOTGI-AQYVVDRMSA-N,1,6.514818228612622,1
IJOCAJHKCOKPFB-UHFFFAOYSA-N,1,6.514278573518419,1
PNUAYJRARXKVQH-UHFFFAOYSA-N,1,6.513590094444557,2
NZIPBDPDZPUDLD-UHFFFAOYSA-N,1,6.512861624522813,2
RHUSGVRZJFWPPW-UHFFFAOYSA-N,1,,0
LPOLFZKIDWJURQ-VWLOTQADSA-N,1,,0
LYFJPSCHBLEEJR-UHFFFAOYSA-N,1,,0
UTWPJLLDBXANCC-UHFFFAOYSA-N,1,,0
XSWNCWHBCPRVSC-UHFFFAOYSA-N,1,6.511437838614322,2
FGMYYYXUWUOLGR-UHFFFAOYSA-N,1,6.510041520575165,1
RLNOIVAKZZSAAF-AJOPKFPVSA-N,1,,0
NRDVHLCWWMDXNA-UHFFFAOYSA-N,1,,0
QCALWRVXYCHRSG-QUCCMNQESA-N,1,,0
GGVUEVREVDZKOF-UHFFFAOYSA-N,1,,0
LAUGNMXDAVIKFQ-UHFFFAOYSA-N,1,,0
RTTAPDGDCXXJHV-QAQDUYKDSA-N,1,6.509999358109048,1
URKOMYMAXPYINW-UHFFFAOYSA-N,1,6.62668290053121,6
DMGPDLSWGBDRHU-UHFFFAOYSA-N,1,6.509318832137387,2
XRLKXFYGGNVIJA-UHFFFAOYSA-N,1,6.508638306165727,1
AHVVCJSEQJZGNV-UHFFFAOYSA-N,1,6.508638306165727,1
QAPWGFAFNBTWSU-UHFFFAOYSA-N,1,6.508638306165727,1
FKHJOYFNYFVDRF-UHFFFAOYSA-N,1,6.508638306165727,1
FJOGXSUKUXQYQW-UHFFFAOYSA-N,1,6.508638306165727,1
DUTDDZFCPPOWFH-UHFFFAOYSA-N,1,6.508638306165727,2
RANRSXNHVJZBGA-NDEPHWFRSA-N,1,6.508638306165727,1
NSHPEOLYLWLLHG-UHFFFAOYSA-N,1,,0
KOFBMNJKMVTHSV-UHFFFAOYSA-N,1,,0
LNTSSZPPKDLPCK-UHFFFAOYSA-N,1,,0
SKPUCIJDGHJXRK-UHFFFAOYSA-N,1,,0
BSWZSZOYSSLNOY-IHRKKFBRSA-N,1,,0
KERPVCHNBDHHAB-IYARVYRRSA-N,1,,0
OIPJHHKEXPIMJA-WGSAOQKQSA-N,1,,0
FIHJHWNDFUFQRI-IZBCBXDISA-N,1,,0
FNNXWXFDPGCSNX-XUTJKUGGSA-N,1,,0
FTMRVTRKAANZIN-UHFFFAOYSA-N,1,,0
SGAVDPALLQJHPW-YPAWHYETSA-N,1,6.5082882098292325,1
ZAAVRXQHDCCUQJ-QGZVFWFLSA-N,1,6.507239610973162,1
SNFMJRXRMXDLSC-UHFFFAOYSA-N,1,6.507239610973162,1
MZJROZVDHHHYRD-UHFFFAOYSA-N,1,,0
VDURQHWFSXZAER-UHFFFAOYSA-N,1,6.506546984309639,2
PAFOMDPWWHFCGE-LLVKDONJSA-N,1,6.506180272101264,2
UOQCESDGUHFPMW-UKILVPOCSA-N,1,6.505845405981557,1
WLENRVFNXOTUKU-UHFFFAOYSA-N,1,,0
UNPARBQWWULNRE-AQYVVDRMSA-N,1,6.505011026316832,1
ZIQDGXNDXRMRPM-JTSKRJEESA-N,1,,0
HBAHXUZJEDMSCG-UHFFFAOYSA-N,1,6.504455662453552,1
HEJWFNURPGCDGT-UHFFFAOYSA-N,1,6.504455662453552,1
IEYDEPWJEHAEPC-UHFFFAOYSA-N,1,6.504455662453552,1
RDRGDNFLGKTNOF-GFCCVEGCSA-N,1,6.503070351926786,1
CMSXGONDQZVASO-MXVIHJGJSA-N,1,6.502904411219715,1
DCPPWKFRGIUQDU-IBGZPJMESA-N,1,,0
OMJKWHFYJYNQTL-UHFFFAOYSA-N,1,,0
HWKROQUZSKPIKQ-MRXNPFEDSA-N,1,6.500154924664951,2
CWTKWMZRXUTRKL-PGWJBFNOSA-N,1,6.499996931948306,1
JWEXFFPVADEULA-MGFGWZDJSA-N,1,6.499996931948306,1
RPIVMBGTIWBNFZ-RZFKFIIISA-N,1,6.499996931948306,1
JQBQMMRMPNXBDP-MGFGWZDJSA-N,1,6.499996931948306,1
GFWJJPMDPCQZBK-NSOVKSMOSA-N,1,6.499996931948306,1
FAWJQUFCTSZCAC-XCZPVHLTSA-N,1,6.499996931948306,1
PRDRZXROMYANHC-UHFFFAOYSA-N,1,6.499996931948306,1
GFAFSCXGLIXHFV-QJAFFKISSA-N,1,6.499996931948306,1
HLDNXAAXZRBYJW-UHFFFAOYSA-N,1,6.499996931948306,1
UVOCSZKGWJOKNN-UHFFFAOYSA-N,1,6.499996931948306,1
ZZPOVHXVOVUVQC-FCJZXJKRSA-N,1,6.499996931948306,1
JZKQROSAHVWKPB-UHFFFAOYSA-N,1,6.499996931948306,1
YTBUMNNIZGPKLZ-IZZDOVSWSA-N,1,6.499996931948306,1
WIWLEFDYNDBBIF-JXMROGBWSA-N,1,6.499996931948306,1
QZPFGFWFHKJBJX-DHZHZOJOSA-N,1,6.499996931948306,1
QZPFGFWFHKJBJX-FLIBITNWSA-N,1,6.499996931948306,1
IAMMMQJIUFFPMO-JXMROGBWSA-N,1,6.499996931948306,1
BNBJYVKSFPTBHW-BJMVGYQFSA-N,1,6.499996931948306,1
LIGTZTZBNDYZHF-UHFFFAOYSA-N,1,6.499996931948306,3
QIKNEDWYBRZNKC-UHFFFAOYSA-N,1,6.499996931948306,1
YHRNVXAUNZJNND-UHFFFAOYSA-N,1,6.499996931948306,1
VMATXNORBZBLAE-UHFFFAOYSA-N,1,6.499996931948306,1
FOYUWODSNRINIS-UHFFFAOYSA-N,1,6.499996931948306,1
UJNGTNSLEZLHFI-UHFFFAOYSA-N,1,6.499996931948306,1
MBVUGYVCCHAKHM-WBANQOEISA-N,1,6.499996931948306,1
VXTBATODBHMPJK-UHFFFAOYSA-N,1,6.499996931948306,1
WIHMMKGUBDZGEG-UHFFFAOYSA-N,1,6.499996931948306,7
OVGUUSWJYHCFLN-UHFFFAOYSA-N,1,6.499996931948306,1
RLZDEABBOHACIP-UHFFFAOYSA-N,1,6.499996931948306,1
KGVROJQOCQABGA-UHFFFAOYSA-N,1,6.499996931948306,1
ZDHMHTKEGJLXMO-UHFFFAOYSA-N,1,6.499996931948306,1
LVPCPZRNWKXHTK-UHFFFAOYSA-N,1,6.499996931948306,1
JATQVZAOCJUHTI-MCPYQZEQSA-N,1,6.499996931948306,2
BLMDJHOZZKURJN-ZDUIXAHXSA-N,1,6.499996931948306,2
WHGLFZPJAYDODK-WMZHIEFXSA-N,1,6.499996931948306,1
MDHNTQJUKKBCMM-UHFFFAOYSA-N,1,6.499996931948306,1
VYMPWSGDTBOYFF-CTNGQTDRSA-N,1,6.499996931948306,1
JKOYRFXVLZJKAP-UHFFFAOYSA-N,1,6.499996931948306,1
XSNMDMSHDAOPPM-UHFFFAOYSA-N,1,6.499996931948306,1
MKRKVCYLRHDJLG-UHFFFAOYSA-N,1,6.499996931948306,1
HXLACIAZOWDZEP-UHFFFAOYSA-N,1,6.499996931948306,1
MOBNYRULIPETHC-NSHDSACASA-N,1,6.499996931948306,1
VIPSEWNPWLYICF-UHFFFAOYSA-N,1,6.499996931948306,1
GVJALQHQZPOADA-DEOSSOPVSA-N,1,6.499996931948306,1
OMXJWXICMCUBRZ-UHFFFAOYSA-N,1,,0
YBEFJOYLICFFIN-UHFFFAOYSA-N,1,,0
XYQZBAPGVRTOEI-UHFFFAOYSA-N,1,,0
ZVOANBRCVCBCDV-CQSZACIVSA-N,1,6.498940737782249,1
OKODMCHGOYUBGY-JTQLQIEISA-N,1,,0
GOFKTWKLJPDQCU-UHFFFAOYSA-N,1,,0
GTXFOEHPKNATLV-SECBINFHSA-N,1,6.498916969121746,2
LEKOXFCRANACFL-UHFFFAOYSA-N,1,,0
ALMBNZHSWURVRM-UHFFFAOYSA-N,1,6.497572880015568,1
DSOWHOSHPUSGFM-UHFFFAOYSA-N,1,6.496850430794732,2
KTKVHSSURNTWLF-SAIGFBBZSA-N,1,6.496617936526267,1
RJAHNHBPWHWZAB-UHFFFAOYSA-N,1,6.496209316942819,1
LRAYIUHUAWSEDX-UHFFFAOYSA-N,1,6.494850021680094,1
DVRLIKWPAJQERN-UHFFFAOYSA-N,1,6.494850021680094,1
HKNMRMSDNAFOMI-UHFFFAOYSA-N,1,,0
COEIYPFBVNMGKP-UHFFFAOYSA-N,1,,0
VHYWETKTNNZSJF-UHFFFAOYSA-N,1,,0
ITGZZZYNPULRNZ-CYBMUJFWSA-N,1,,0
HIIUKDCXWBFGHZ-UHFFFAOYSA-N,1,6.493494967595128,1
AKRZFAUTJFZOAO-UHFFFAOYSA-N,1,,0
SHLNXAGTOHBRSE-UHFFFAOYSA-N,1,,0
HZRDMMLAWDPBJF-FUDKSRODSA-N,1,6.492562439291753,1
SNYSIUBLSUQYMK-UHFFFAOYSA-N,1,,0
RSWWPJYGMGBREQ-UHFFFAOYSA-N,1,,0
ZKRZZKIVIDSCSL-VTIYRKAUSA-N,1,,0
GOPCNWYYZCPBLJ-UHFFFAOYSA-N,1,6.492110621805479,2
VQBXPTGVNAAIHI-UHFFFAOYSA-N,1,6.49148333035061,2
QPOPFNWPFQDIQV-UHFFFAOYSA-N,1,6.49148333035061,2
UVEHFXJWIQCNDD-IYARVYRRSA-N,1,6.491470281028713,1
LXDJWOAQVNGSEK-UHFFFAOYSA-N,1,,0
CXKSEZNDLPVFPJ-UHFFFAOYSA-N,1,,0
XPLYYMRQGCFSNB-UHFFFAOYSA-N,1,,0
XIRROHSGQGQXTD-INIZCTEOSA-N,1,,0
UQKLFSKKULYASF-UHFFFAOYSA-N,1,,0
KLQDZSYTMPJBBU-DYESRHJHSA-N,1,,0
APKDIQSHDGVEMU-UHFFFAOYSA-N,1,,0
MGPBHFVVGJDFMY-UHFFFAOYSA-N,1,,0
HXAVSZOPACOYAR-UHFFFAOYSA-N,1,,0
IGCZJTCYRQEIDP-UHFFFAOYSA-N,1,,0
HAMNVKXXPQTQTJ-JKIUYZKVSA-N,1,6.48827702351802,1
OCFFXDBBLHVFSW-QFIPXVFZSA-N,1,6.488116639021126,1
UXUXUQARLNBXGL-XRSDMRJBSA-N,1,6.486019570107276,2
INDNLBUVGBVRHI-OAHLLOKOSA-N,1,6.485452247339714,1
QQOOJNNFPCENEO-UHFFFAOYSA-N,1,6.485452247339714,1
YEZCJKQSOJUPNB-UHFFFAOYSA-N,1,,0
HKAWCIGAEVMZGN-UHFFFAOYSA-N,1,6.485105264584072,2
GEGIIDSRIPIFFT-GFCCVEGCSA-N,1,6.484126156288321,1
DISKLDRQYHVOPT-UHFFFAOYSA-N,1,,0
VSRQIONFRPRLGS-UHFFFAOYSA-N,1,,0
RPKWQRUGASWUBS-UHFFFAOYSA-N,1,,0
SEAFJMXOYIXBAV-UHFFFAOYSA-N,1,,0
FOSYKSVEHLEJMK-UAPYVXQJSA-N,1,6.483861423282926,1
JMVMBUDRQOJPSQ-IOJSDMHCSA-N,1,,0
VGOPWFPTLSPLJJ-UHFFFAOYSA-N,1,6.482804102050025,1
HTUUHRUKYOQVBN-UHFFFAOYSA-N,1,,0
KNQWZRSCBVNFCG-UHFFFAOYSA-N,1,,0
GMWBGMFGQFHAIE-HNKWHGCMSA-N,1,6.482672117705627,1
QUQFXVLPNVKYNB-QXRKNLDISA-N,1,,0
NORQFMPKBRSFFC-UHFFFAOYSA-N,1,6.339998279897117,1
KGXORSYQQWGACD-UHFFFAOYSA-N,1,6.481486060122112,1
COYPPYFVEXHGJK-UHFFFAOYSA-N,1,6.481486060122112,1
KMVQZDOEGJZFKZ-UHFFFAOYSA-N,1,6.481486060122112,1
DUKNIHFTDAXJON-RCZCSUKSSA-N,1,6.481486060122112,1
CRYGIUKJRPGSDW-UHFFFAOYSA-N,1,6.481486060122112,1
GGNMUZPXZVTCHJ-UHFFFAOYSA-N,1,6.481486060122112,1
IBBIDLLHDNJIPV-UHFFFAOYSA-N,1,6.481486060122112,1
VPVAKWMBXKRBMC-ZJCBTPCYSA-N,1,,0
ZLSSQJVDFDOQOK-AQYVVDRMSA-N,1,,0
FIJPMMPGAZUPGI-LEWJYISDSA-N,1,,0
JMFUJUHOBGECJQ-QAQDUYKDSA-N,1,,0
RLUITWHSEBGXDK-KESTWPANSA-N,1,,0
OAQYNXQHFCWRFX-NUDCOPPTSA-N,1,,0
AZFDKPLHCSQHQI-LUGTWXOSSA-N,1,6.480789116380553,1
FDYARYSVVYXICE-HSZRJFAPSA-N,1,6.480172006224281,1
ZBZKFPABDUHJCS-ZJFPTPTDSA-N,1,,0
VTKQFQBLYNWSNR-UHFFFAOYSA-N,1,,0
LSEKXOSZIOVUOY-UHFFFAOYSA-N,1,,0
ABNHJZFZKGLSKZ-UHFFFAOYSA-N,1,,0
ZIQDGXNDXRMRPM-VGSWGCGISA-N,1,,0
SPXBIHAHCCAKBB-KNQAVFIVSA-N,1,,0
SIMRHOCKDXANLH-UHFFFAOYSA-N,1,,0
WZJWRRMYYXEGFD-UHFFFAOYSA-N,1,6.479303657420887,2
CFTKIUKLSZSRGT-CEMLEFRQSA-N,1,6.47840431688984,1
DMXFLQZSXCIUTO-KESTWPANSA-N,1,6.47755576649368,1
SIHPGAYIYYGOIP-UHFFFAOYSA-N,1,6.476253533188435,1
OQGLQARWXJXSKS-UHFFFAOYSA-N,1,6.476253533188435,1
BFYYVQSKMOOSPC-CQSZACIVSA-N,1,,0
OQIGTFLRUADMGR-UHFFFAOYSA-N,1,,0
KRMDCWKBEZIMAB-UHFFFAOYSA-N,1,6.707743928643524,1
GZSHNIANTLMMJR-UHFFFAOYSA-N,1,6.4736607226101555,3
BFUWELKZXWVMDB-UHFFFAOYSA-N,1,,0
HIPKZAPXNSTELT-UHFFFAOYSA-N,1,6.4723700991286615,1
AQEGXNBQOSKLDA-UHFFFAOYSA-N,1,,0
HMARDJDFKPIBGI-UHFFFAOYSA-N,1,6.471083299722345,1
DZIJHQWKYKVRCI-UHFFFAOYSA-N,1,,0
WDZRVYQTJKWKOX-UHFFFAOYSA-N,1,6.470005326930858,3
AUBVMUJWPOHAEW-UHFFFAOYSA-N,1,6.470005326930858,1
JUIQFSLMZIMPOO-AOJGPSJRSA-N,1,6.4698003017969175,1
JWLJBTDXCBIGBW-UHFFFAOYSA-N,1,6.468521082957745,1
OYONXBYXNCMUFL-UHFFFAOYSA-N,1,6.468521082957745,1
ADLYXAHODXNVQT-UHFFFAOYSA-N,1,6.468521082957745,3
ZFTCHNBVJNLSJT-UHFFFAOYSA-N,1,6.468521082957745,1
FKLGTWAUQNLMPV-UHFFFAOYSA-N,1,,0
SYKWSIUDXOQIDR-UHFFFAOYSA-N,1,,0
RDWKGBNMMQPPNN-UHFFFAOYSA-N,1,,0
JGCVBGVDWQJTDF-HXUWFJFHSA-N,1,,0
FGTPWKOXAMOVMM-MIRVZWSXSA-N,1,,0
LMTZTESHSHMVNE-ZWKOTPCHSA-N,1,,0
PPNVEHNMOQYPLB-QAQDUYKDSA-N,1,,0
VJMHUOSOEAGNQW-UHFFFAOYSA-N,1,6.468089471828144,2
RVTWDXPARRMUCU-UHFFFAOYSA-N,1,6.467245621007502,1
NPOJZRKINKCVTE-UHFFFAOYSA-N,1,6.467245621007502,1
UJSKIIMXTSGSEQ-BSOFFQDDSA-N,1,,0
IYHHRZBKXXKDDY-UHFFFAOYSA-N,1,,0
HQAMJNKOXUQUKS-XYWHTSSQSA-N,1,6.466100899203406,1
XUBBXZOTHIPKRG-UHFFFAOYSA-N,1,,0
JCKSBFDVTFRZJP-JTHBVZDNSA-N,1,6.465973893943865,1
COMHXTZJQDZANW-UHFFFAOYSA-N,1,,0
FYSSSSIVDTYBFD-SFHVURJKSA-N,1,6.46479633912994,2
IKMVUGGIEHIWKD-BUHFOSPRSA-N,1,6.464705879957229,1
ZYUVIRYBRCERLS-UHFFFAOYSA-N,1,6.464705879957229,1
JFHVZERFQKQSFW-UHFFFAOYSA-N,1,,0
GPDIVIMXUJNGLC-UHFFFAOYSA-N,1,,0
ZUWVCRLPWWEGRD-LBVTXTQZSA-N,1,,0
PFOHALKXQIXUFE-UHFFFAOYSA-N,1,6.46344155742847,1
YFJPHIULVVJFIS-KESTWPANSA-N,1,6.463062977295326,1
UPDGYYYUTBGSJZ-IALBEUSZSA-N,1,6.462747745749293,1
XLYRRJFZVKDMFE-UAPYVXQJSA-N,1,6.46268472688799,1
QTJOTCJDWHZQTO-UHFFFAOYSA-N,1,,0
UVSNDTNJIHHUPU-UHFFFAOYSA-N,1,,0
AYAGATABYZSYEZ-FCMXBYMOSA-N,1,6.461954375590857,1
BYXGHJZXSWDEAC-KUFJZVQMSA-N,1,,0
RQCOWNFHMUSHMO-JKIUYZKVSA-N,1,6.461753115328017,1
LTYAWIKNOPSPBV-KESTWPANSA-N,1,6.461300620457593,1
VYJSEMNZGPEKAE-UHFFFAOYSA-N,1,6.460923901207224,1
QQIXFSRRLUIGLM-UHFFFAOYSA-N,1,,0
ZPNCBCHKBMWQEH-JCNLHEQBSA-N,1,6.460773304957005,1
ITIATPRLDJMYTO-RDGATRHJSA-N,1,,0
XZPOSTRUOZYGKG-KRWDZBQOSA-N,1,6.459670525209127,3
MNAFRWGRFIBAQX-YSYXNDDBSA-N,1,,0
XPEWLIYLRNDQAK-UHFFFAOYSA-N,1,,0
OCFFXDBBLHVFSW-UHFFFAOYSA-N,1,6.458420756053419,1
UXHXPQAQESSLQQ-UHFFFAOYSA-N,1,,0
KKZGFVAZUKHFAC-MRXNPFEDSA-N,1,6.455931955649724,1
MONKRYYJEIHBRU-UHFFFAOYSA-N,1,6.455931955649724,1
XJHVQDXRGJFCPP-UHFFFAOYSA-N,1,6.455931955649724,1
PONADOYAURXJAH-UHFFFAOYSA-N,1,6.455931955649724,3
OYVMHPVGPXKEGW-UHFFFAOYSA-N,1,,0
QBLXQBNQMNADCM-QAQDUYKDSA-N,1,,0
AVWMISMTBOIUJI-UAPYVXQJSA-N,1,,0
PERZUBKQSWNXBB-KOAQGZTJSA-N,1,,0
XJSNUYSRIVRHKR-GRGJZFFOSA-N,1,,0
OFWBNRKDYGFFGN-QRTMHTFLSA-N,1,,0
BEKOHGQOLPINNR-AWEZNQCLSA-N,1,,0
KXVAICSRMHXLJN-UHFFFAOYSA-N,1,6.454692883534176,1
OJVGHPDSXXGXQT-UHFFFAOYSA-N,1,6.454692883534176,1
LOLIGPMPSPGNGJ-OIFYPAEGSA-N,1,6.453938781826194,1
SGABQHZVZUGQTC-JKIUYZKVSA-N,1,6.453741201234471,1
GILILHAGYRMOAM-UHFFFAOYSA-N,1,6.453597585342188,2
SDAOADFGOQZYMJ-UHFFFAOYSA-N,1,6.453457336521868,1
LKVRAIZDZUXRII-QGZVFWFLSA-N,1,6.453457336521868,1
PJWKDVIAVIYPPN-AWEZNQCLSA-N,1,,0
RVFWCLJRIRUOIQ-UHFFFAOYSA-N,1,6.450996737974212,1
FPIUKAAHOYRXRK-UHFFFAOYSA-N,1,6.450996737974212,1
JQGRSOUGXXQUQI-UHFFFAOYSA-N,1,6.450505180299412,2
PFJXVYZMCGALGZ-RUCARUNLSA-N,1,6.450004148469349,1
NAWFUJBIFOJDRO-UHFFFAOYSA-N,1,,0
VLGWIPCXNBQWLT-UHFFFAOYSA-N,1,6.449998584719964,2
JOGGRIOZZIZJAJ-UHFFFAOYSA-N,1,,0
BGMDLAIZBKXVQQ-SECBINFHSA-N,1,6.449771646944906,1
SVLOBFJUUCMSOY-UHFFFAOYSA-N,1,6.449771646944906,1
YTVQOUZRPPUHRV-UHFFFAOYSA-N,1,,0
XERZUXOKZOACKV-UHFFFAOYSA-N,1,,0
WRPJRNBABVMDIF-PXNSSMCTSA-N,1,,0
JPCGHQPCQSFZIF-MGFGWZDJSA-N,1,6.449465913400493,1
XJWLBKKTJHDHSX-CEMLEFRQSA-N,1,6.448794056252094,1
DVJYRJGVDBAXTD-UHFFFAOYSA-N,1,6.448550002027124,1
NSNRTJGFOUKUCV-OYRHEFFESA-N,1,6.448550002027124,1
RACXIEAYJFKQIR-UHFFFAOYSA-N,1,,0
YEYNJASJMPEAEX-UHFFFAOYSA-N,1,6.4485225896379,2
QMMPFJGZOGDNHT-UHFFFAOYSA-N,1,6.448428026325747,1
RNKUEZGSYUCLKY-UHFFFAOYSA-N,1,,0
ZTGUCZSPLRNTRO-UHFFFAOYSA-N,1,6.443697499232712,1
QMIUZKMFRCDUKI-UHFFFAOYSA-N,1,7.325652904867229,2
NQJVSNLXUDSRRU-UHFFFAOYSA-N,1,,0
QLRIUZVNMLEJEJ-UHFFFAOYSA-N,1,,0
YUMKBBLSTSPGJA-UHFFFAOYSA-N,1,,0
GZUHROMBXFYHHU-UHFFFAOYSA-N,1,,0
OSFGBHRMZGLGDA-WKILWMFISA-N,1,,0
BWPAYVFDIRAIID-ZKHCSVRISA-N,1,6.442721434310153,1
BSVRQWRWWJQETN-UHFFFAOYSA-N,1,6.442492798094342,1
JLSHFCOIGLDZJK-UHFFFAOYSA-N,1,,0
DJNLKADPUUFBDG-AFARHQOCSA-N,1,6.442420622183825,1
UQYZSEJGPCJXFW-XYWHTSSQSA-N,1,6.442132038431978,1
VPYCAVXBANQPPA-UHFFFAOYSA-N,1,6.441847586229673,6
LZWDVLLURPUKQS-UHFFFAOYSA-N,1,6.441291429466834,1
PEFISWLTINOYMK-UHFFFAOYSA-N,1,,0
PJJRJAVZONAJSD-UHFFFAOYSA-N,1,,0
LJWBNVJHNKSJSU-XXBNENTESA-N,1,,0
RVSWRUQARYLTGS-NSHDSACASA-N,1,6.4399976732266335,1
BBIXFEYHANJCTO-UHFFFAOYSA-N,1,6.4398541601509525,1
IKFBJNOEPLDTAT-UHFFFAOYSA-N,1,,0
ALJVVUIFWXGXTR-UHFFFAOYSA-N,1,6.438898616350944,1
VSCOHVYQNPSUGJ-UHFFFAOYSA-N,1,6.438898616350944,1
FTZUWJCGDUCPLF-UHFFFAOYSA-N,1,,0
IHGOJNWFGIOWTK-UHFFFAOYSA-N,1,,0
WTLKEIKBWCDFDL-UHFFFAOYSA-N,1,,0
YFIRTELZAMWIHL-UHFFFAOYSA-N,1,,0
IWPBBAPLZQJENH-UHFFFAOYSA-N,1,,0
MBYKQBGSIZDRKG-NMWGTECJSA-N,1,6.436518914605589,1
HWNDEDIZZJRHGF-UHFFFAOYSA-N,1,6.436518914605589,1
KZUSDDVYMJPDIX-UHFFFAOYSA-N,1,,0
LKJCFVNDNPLBSN-UHFFFAOYSA-N,1,,0
ZGKBKGOWPHSOQL-UHFFFAOYSA-N,1,,0
RIVWPOSKFAXCII-XUTJKUGGSA-N,1,6.436400271118469,1
SAFSSBPNJDIAIH-UHFFFAOYSA-N,1,6.435852073521077,2
RYBRXOLQVVUVSC-UHFFFAOYSA-N,1,,0
DTFCUDRZEBVWKC-UHFFFAOYSA-N,1,,0
QIVGZELWYADNGV-QOCHGBHMSA-N,1,6.434152181326482,1
MTJYJBYKMIGLMS-NSCUHMNNSA-N,1,6.434152181326482,3
INHLBBQJFLVLRB-UHFFFAOYSA-N,1,,0
JTENRKUQAXBDKF-UHFFFAOYSA-N,1,,0
DQZFFYCUWOXXBD-UHFFFAOYSA-N,1,,0
MQJZTAUHHVXOSQ-UHFFFAOYSA-N,1,,0
FXHLGRYCQSRFHY-SHZHJNINSA-N,1,6.432973633840939,1
RZJRKBKBJHIRPW-UHFFFAOYSA-N,1,6.432973633840939,1
OLIUQFBIXLONDP-UHFFFAOYSA-N,1,,0
XKBSPAZCFAIBJL-OAHLLOKOSA-N,1,,0
VIGLYHYRWJDUPG-UHFFFAOYSA-N,1,6.431798275933005,1
RNAQUCCCIRBEBB-INIZCTEOSA-N,1,6.431798275933005,1
ZHWIHGQSWVBWRH-ZIIYYELXSA-N,1,,0
IUDLGCVTTLUKGF-QAQDUYKDSA-N,1,,0
LKZZDSXSPJYUJI-WKILWMFISA-N,1,,0
XWTDQRZJIQBPTH-VQTJNVASSA-N,1,,0
CAUZGOJSULUNOZ-YJLYGGOZSA-N,1,,0
NICPNELNWYJWOA-AFARHQOCSA-N,1,6.431587048911784,1
JQBHQHNVJCDNEL-PYDOFHOQSA-N,1,,0
ZFQNGSWXFQVJFJ-UHFFFAOYSA-N,1,,0
WUSXPLYESFHLLY-UHFFFAOYSA-N,1,,0
CTPVTXDLFFRQAD-UHFFFAOYSA-N,1,,0
QNDFBMWALLMDKL-UHFFFAOYSA-N,1,,0
JRIJSUZYSFOPFI-UHFFFAOYSA-N,1,,0
SBCYNHCFJBYRJY-PKOBYXMFSA-N,1,,0
WAFXOAGOOZIJGE-UHFFFAOYSA-N,1,,0
GHYRDLJRGXMERZ-RKTRBERCSA-N,1,6.428757149439776,1
OVCZXWAILUTIOQ-UHFFFAOYSA-N,1,6.428291168191312,2
UYSUVIPTEFGQSA-UHFFFAOYSA-N,1,,0
JMWQRQAFJVAVHH-UHFFFAOYSA-N,1,,0
GPBYZZHKBHRMCG-UHFFFAOYSA-N,1,6.427128397799519,1
GOXSCSXBUIMWDE-UHFFFAOYSA-N,1,6.427128397799519,1
IXUNXYUOXOHHSI-UHFFFAOYSA-N,1,6.425968732272281,1
YXYPYIRCJYRBDV-UHFFFAOYSA-N,1,,0
YREDDRFGDDZWFS-UHFFFAOYSA-N,1,,0
JQBHQHNVJCDNEL-SLHLXQHXSA-N,1,,0
YKUHLXRZNYUNSP-UHFFFAOYSA-N,1,,0
YIQYUPAUTXPUPU-UHFFFAOYSA-N,1,,0
FNYJYFAJIFQJRG-ISKFKSNPSA-N,1,6.423658649794207,1
VGBOXKMRZYMULK-UHFFFAOYSA-N,1,,0
BFIOLCNMADQXRL-XUTJKUGGSA-N,1,6.422853015172475,1
DUYVMDDLFWXUHZ-UHFFFAOYSA-N,1,6.422508200162775,1
ZQDWXGKKHFNSQK-UHFFFAOYSA-N,1,,0
WCFAGISVWLBGAX-UHFFFAOYSA-N,1,6.421360790031928,1
OOQJGWPOJZCKHM-YEMPIKNUSA-N,1,6.4211316713339714,1
PUDXOWVJXPKQPQ-UHFFFAOYSA-N,1,,0
ICJPCRXVYMMSJY-UHFFFAOYSA-N,1,6.42021640338319,1
KFMWSHDUFMIMRO-UHFFFAOYSA-N,1,,0
TZTWEGASAJHAME-UHFFFAOYSA-N,1,,0
LAPJQCOVOJOXOO-ZWKOTPCHSA-N,1,,0
SZUYGMQMOXSGAH-IYARVYRRSA-N,1,,0
WHUMPPXYAFTKHM-UILWBTOOSA-N,1,,0
XEGOZLJTQYIDPV-IZUATPNUSA-N,1,,0
RDWUPEKDNFAEMT-GRXNBEMRSA-N,1,,0
FCXJOLOVMMCCLB-UHFFFAOYSA-N,1,6.41999931041096,3
XOSFZMMMGNXEFV-RUCARUNLSA-N,1,6.41999931041096,1
AKTVMLWMKKIHMI-UHFFFAOYSA-N,1,,0
QCXMWEJEZDJYLD-OAHLLOKOSA-N,1,,0
MHYHDPMWTXPZLG-JKIUYZKVSA-N,1,6.418847108033711,1
BHUNVFVEHNURLZ-UHFFFAOYSA-N,1,6.417936637088291,1
PRQQYPXIMIPIPH-UHFFFAOYSA-N,1,,0
WISDAZOFOXOZSE-UHFFFAOYSA-N,1,,0
MJJALKDDGIKVBE-UHFFFAOYSA-N,1,7.214670164989233,1
FFNDTETUPMNYNN-UHFFFAOYSA-N,1,6.416801226031377,2
BLVKQYQCYGVTBD-UHFFFAOYSA-N,1,6.416801226031377,1
IQZBAUJGDCLIDU-UHFFFAOYSA-N,1,,0
FEBNMEHEWSKWSQ-UHFFFAOYSA-N,1,,0
CAVSFHXWRJHLEI-UHFFFAOYSA-N,1,6.414283049528496,2
OCFFXDBBLHVFSW-JOCHJYFZSA-N,1,6.413412695328245,1
SGPRWOMWIVQZEC-UHFFFAOYSA-N,1,,0
YQWYZWBIKZPITE-OAHLLOKOSA-N,1,6.410050398674292,1
JRPGEMWAJXMXHL-UHFFFAOYSA-N,1,6.410050398674292,1
XUKSGYGUDPUQCB-KNQAVFIVSA-N,1,,0
XTXKTQKZXFWQIP-UHFFFAOYSA-N,1,,0
FDLRDRBESBJAAV-ZDUSSCGKSA-N,1,,0
MAEZWZVKVYVMBK-UHFFFAOYSA-N,1,,0
DGRHJZMAQQIHDX-BWKNWUBXSA-N,1,,0
UVIMYNCSQBPMNG-UHFFFAOYSA-N,1,6.40999458034867,1
LAGLIYNPBAJZEJ-LFKXIUMZSA-N,1,6.409983417544391,1
VQHRXNVPMFOSRZ-UHFFFAOYSA-N,1,6.4089353929735005,1
DXTFDOIEUMNMMV-UHFFFAOYSA-N,1,6.4089353929735005,1
TYJIKVPYZAVEMZ-UHFFFAOYSA-N,1,6.4089353929735005,2
PQSCNANWIFBYCN-WKILWMFISA-N,1,,0
ORHJUTONXWXCOS-UHFFFAOYSA-N,1,6.408908911476401,2
WWQYGUPGPQFXAD-UHFFFAOYSA-N,1,,0
QKMCUEOKZNEZFG-VNGDJDOVSA-N,1,,0
NKHBMDXLAKMZHD-UHFFFAOYSA-N,1,,0
PPFLJANGUQOHFJ-GGYWPGCISA-N,1,6.406713932979542,1
WKCSANGLEHNNKN-KBQPQWKXSA-N,1,6.406713932979542,1
AOLMBJPDPWHRDR-UHFFFAOYSA-N,1,,0
YDSLGYGXMJYMOS-XUTJKUGGSA-N,1,6.405474860863994,1
SUBVUQDWHHIJCY-AQYVVDRMSA-N,1,6.4040630937308265,1
RIOOLQVLOZQLQJ-ZDUSSCGKSA-N,1,6.403437700822769,8
FUAJGUYRNZZDBH-WGSAOQKQSA-N,1,6.401428336517859,1
FGGHQCCTGDDYGV-KESTWPANSA-N,1,6.400739353273753,1
QLXULUNLCRKWRD-UHFFFAOYSA-N,1,,0
PUTIADDALKYHRM-UHFFFAOYSA-N,1,6.400534065033895,2
VKTALASDYHQYCC-UHFFFAOYSA-N,1,6.400116927926312,1
LHOWYYXXITUESH-IBGZPJMESA-N,1,,0
XNMSLJNWIPSTJD-BPARTEKVSA-N,1,,0
SRVOWVHRVJSZKO-UHFFFAOYSA-N,1,6.399999067296699,2
ZKRWPAYTJMRKLJ-UHFFFAOYSA-N,1,6.399997913127038,2
XGBXESVSCSHHQI-UHFFFAOYSA-N,1,6.399996913372259,1
UAADKSLJJWMEKI-VFWABUEKSA-N,1,6.399996913372259,1
ZHQUFEJLPBTKSM-WVPZODRTSA-N,1,6.399996913372259,3
PRDRZXROMYANHC-PXJZQJOASA-N,1,6.399996913372259,1
KUBCXXBTKZCFPE-PKWGFICBSA-N,1,6.399996913372259,1
XJCNAPNYTSUCIR-XMMPIXPASA-N,1,6.399996913372259,1
HCNYNWZHRZQZAX-UHFFFAOYSA-N,1,6.399996913372259,1
VQRXJDFSVAHLSS-WVPZODRTSA-N,1,6.399996913372259,1
BDPXTGHWVMUJCT-OAQYLSRUSA-N,1,6.399996913372259,1
ASINOPIKMGWLQS-UHFFFAOYSA-N,1,6.399996913372259,2
NNMGGNROJQCPDV-ZRDIBKRKSA-N,1,6.399996913372259,1
NUWDDLFERGKQRG-JXMROGBWSA-N,1,6.399996913372259,1
NMOIRTBGCJKGJY-UHFFFAOYSA-N,1,6.399996913372259,1
KSCIAWWFBYAELA-UHFFFAOYSA-N,1,6.399996913372259,2
HFXFSRVPQGPLAN-UHFFFAOYSA-N,1,6.399996913372259,1
BRDXGAAIKJJGNB-UHFFFAOYSA-N,1,6.399996913372259,1
FGNNTMOHGQLEJO-HTENBUITSA-N,1,6.399996913372259,1
LRAKDNHVXFFUJJ-KVSPAWLASA-N,1,6.399996913372259,1
JDMPDERDGMRNFC-UHFFFAOYSA-N,1,6.399996913372259,1
GAICCNSGINGGKT-UHFFFAOYSA-N,1,6.399996913372259,1
SLSMPCDNDAFDRP-UHFFFAOYSA-N,1,6.399996913372259,1
YMMLFSFCPJJNGH-UHFFFAOYSA-N,1,6.399996913372259,1
MLSIVBGRMUBBOL-NVXWUHKLSA-N,1,6.399996913372259,1
BGDWLXHOUQZPOK-UKRRQHHQSA-N,1,6.399996913372259,1
KOROIYSPUPOESH-UHFFFAOYSA-N,1,6.399996913372259,1
GGKGOXNQDZREPO-UHFFFAOYSA-N,1,6.399996913372259,1
UZYOEBMFBYDQJT-UHFFFAOYSA-N,1,6.399996913372259,1
SJYYFOFHDQCHFJ-UHFFFAOYSA-N,1,6.399996913372259,1
LOGDXDWDCZTLOS-UHFFFAOYSA-N,1,6.399996913372259,1
YGDMWGYWZVBWDP-UHFFFAOYSA-N,1,6.399996913372259,1
CHUTWLUGUSZHNG-UHFFFAOYSA-N,1,6.399996913372259,1
PVPUOHNCMSOAEE-UHFFFAOYSA-N,1,6.399996913372259,1
FXBRDXOXJHZPDA-UHFFFAOYSA-N,1,6.399996913372259,1
LKPJQZSWFLAVEV-UHFFFAOYSA-N,1,6.399996913372259,1
ZDOBRSDAKYWSHM-UHFFFAOYSA-N,1,6.399996913372259,1
QLOCSQXNJJSRQH-UHFFFAOYSA-N,1,6.399996913372259,3
OWNUCKLLDLFPLN-PGRDOPGGSA-N,1,6.399996913372259,1
CZZLANJHXIERAX-UHFFFAOYSA-N,1,6.399996913372259,1
ACFIBJLBHXWBFG-UHFFFAOYSA-N,1,6.399996913372259,1
AYDQEBMCUGUQLW-UHFFFAOYSA-N,1,6.399996913372259,1
AFYFGCAEDGKSJG-UHFFFAOYSA-N,1,6.399996913372259,1
YANOQHGMWHDKKI-UHFFFAOYSA-N,1,6.399996913372259,1
AEUDDHALUDWNEZ-UHFFFAOYSA-N,1,6.399996913372259,1
BIJSJQXDPUAQLO-UADZTWIMSA-N,1,6.399996913372259,1
UKPYAHVTVCYHSG-FNLKRUPLSA-N,1,6.399996913372259,1
SIMNKURLSFAWDZ-UHFFFAOYSA-N,1,6.399996913372259,1
NHDILTZHICULAX-UHFFFAOYSA-N,1,6.399996913372259,1
ZCJYRUIJZMZVJE-UHFFFAOYSA-N,1,6.399996913372259,1
XKHJTHWUWGJDOX-UHFFFAOYSA-N,1,6.399996913372259,1
PEVWKBRNDRRBCW-SFHVURJKSA-N,1,6.399996913372259,1
HIBBORWAHJKGBI-QHCPKHFHSA-N,1,6.399996913372259,1
RZAFGCJAAYEIMV-VWLOTQADSA-N,1,6.399996913372259,1
UTPREWJYUHXHLZ-QHCPKHFHSA-N,1,6.399996913372259,1
IOHGCEFLIGUPNB-UHFFFAOYSA-N,1,6.399996913372259,1
XUKSGYGUDPUQCB-UHFFFAOYSA-N,1,,0
JKHRBDDJXCBDKI-UHFFFAOYSA-N,1,,0
AAONJNLMLWRZJE-UHFFFAOYSA-N,1,6.399995416146359,2
BLTHFABFQPUZNT-UHFFFAOYSA-N,1,6.399027104313252,1
JRVSGBSKZMZOOC-UHFFFAOYSA-N,1,6.399027104313252,1
WUKHFCSRRUQMMT-HKOYGPOVSA-N,1,,0
AUENKTRXUKDSTC-PBHICJAKSA-N,1,6.3979400086720375,1
NHLNXRIZUSPOSP-UHFFFAOYSA-N,1,6.3979400086720375,1
ZYUVYNFTIYISBW-UHFFFAOYSA-N,1,6.3979400086720375,1
PBLLZSMBTAPYBH-MHZLTWQESA-N,1,6.3979400086720375,1
XCQOYNXZUPVYAF-UHFFFAOYSA-N,1,6.3979400086720375,1
HVYFBECSQURUQP-UHFFFAOYSA-N,1,,0
XDIPGTFTRLCMJN-RZJSWYKGSA-N,1,,0
IJKACRJOPXDGDS-UHFFFAOYSA-N,1,,0
FSYNULSLZHGKCA-AZUAARDMSA-N,1,,0
VPCKUMFPILIIDI-JIBACQESSA-N,1,6.395946834848507,1
LURXFPUMIMOPTF-UHFFFAOYSA-N,1,6.39577394691553,1
HMMXYCTYWOEEES-UHFFFAOYSA-N,1,,0
HVESNMTZXGJVII-OIFYPAEGSA-N,1,6.395374406978343,1
LVXYAFNPMXCRJI-GOSISDBHSA-N,1,6.39469495385889,1
VFZQJEHONJLING-MRXNPFEDSA-N,1,6.39469495385889,1
SUATVGXCTNKNQW-UAPYVXQJSA-N,1,6.393941250589686,1
UCZBYQLMYSGJSK-UHFFFAOYSA-N,1,,0
DKBPQSXNYNGHQK-UHFFFAOYSA-N,1,6.392714497880307,2
LSZYSKUEBVDYTO-UHFFFAOYSA-N,1,6.391473966422806,2
AQIVLQPOLXWQOZ-UHFFFAOYSA-N,1,,0
CWGVPEOXWFRWOV-HNKWHGCMSA-N,1,6.391131800179458,1
BZHJMSJFFNOURP-UHFFFAOYSA-N,1,6.390994978507818,2
ZCDUILRTHXKGRD-UAPYVXQJSA-N,1,6.390725827595412,1
XRJAGLUSGLFLQK-UHFFFAOYSA-N,1,,0
RFLFOJAXSFSCDA-UHFFFAOYSA-N,1,6.390000296157769,1
IHASGYIIIJIUCC-SUFHFGBBSA-N,1,,0
SYNVRTSQXKBCOU-UHFFFAOYSA-N,1,,0
ZDSNNBAEOSSBQF-UHFFFAOYSA-N,1,,0
VMGOMDAPKWBZMZ-UHFFFAOYSA-N,1,,0
HZRDMMLAWDPBJF-MQSCRBSSSA-N,1,6.3890844446758255,1
AVJAAHWPEDARHN-MXVIHJGJSA-N,1,6.388701637703571,1
NWNDKLAEZZBIHP-UHFFFAOYSA-N,1,6.388276691992658,1
YCWWVMILONBSIH-UHFFFAOYSA-N,1,6.388276691992658,1
JAKWNDCWFUEYHH-UHFFFAOYSA-N,1,,0
ZEQHXVDOFWGIOA-UHFFFAOYSA-N,1,6.3872161432802645,1
FSHKWBYMYDCHAB-HKWRFOASSA-N,1,6.3872161432802645,1
XPMUUENUQYZASR-MHZLTWQESA-N,1,,0
LMGVBWDCIXCGJJ-UHFFFAOYSA-N,1,,0
FFIRBCLBJNTGHL-QRTMHTFLSA-N,1,,0
JJZYJNHNBLRMSV-SYYKKAFVSA-N,1,,0
NRTBOHXSGLSYAH-KKLQWCBXSA-N,1,,0
ZCWMQWXQIIXTEH-UAPYVXQJSA-N,1,6.38679264789624,1
PDGILEDXASXMHL-QGZVFWFLSA-N,1,6.386158178123931,1
MKKJVJCUFYKFLO-AQYVVDRMSA-N,1,6.386158178123931,1
LQIJGBZSCQJUGS-UHFFFAOYSA-N,1,,0
ONPULWXCGHHFCO-UHFFFAOYSA-N,1,,0
BTJHDQFIFDTGOW-UHFFFAOYSA-N,1,6.38583062386026,2
DSQTVJBLTBTKDX-UHFFFAOYSA-N,1,,0
UFFHNEZNXKJHFB-UHFFFAOYSA-N,1,6.384049948343598,1
KWKXRMCRBPRGNX-UHFFFAOYSA-N,1,,0
OAYFFKDPUNMJMP-UHFFFAOYSA-N,1,,0
BRTSZCMNYQGHSJ-UHFFFAOYSA-N,1,6.383501944803923,2
KZZIOGFYAGNURW-SAABIXHNSA-N,1,6.3834614733458315,1
LIOYKDHOQLNTTQ-UHFFFAOYSA-N,1,6.3829996588791005,1
BSQJXUKPWMUTBT-UHFFFAOYSA-N,1,,0
LJJVIBSUZHHKRE-UHFFFAOYSA-N,1,6.380906669373257,1
HQGWTXXZVBZBPH-UHFFFAOYSA-N,1,6.380906669373257,1
KAIYJBUQISWUCP-UHFFFAOYSA-N,1,,0
HEUMICXHYHSARI-UHFFFAOYSA-N,1,,0
VPLIPKULMVANPA-UHFFFAOYSA-N,1,,0
DYLSSJRMONSQGQ-UHFFFAOYSA-N,1,,0
SVODCKBJAYKLJL-VQIMIIECSA-N,1,,0
CTRVTEOXKBMCKO-ZJSXRUAMSA-N,1,,0
DMWWEOYTOCKCTC-OXJNMPFZSA-N,1,,0
WVVWVIWPPSCORG-UHFFFAOYSA-N,1,,0
GDILZWFRCXVWFM-UHFFFAOYSA-N,1,6.3788237182249645,1
DWGSRYAJPXSOJO-UHFFFAOYSA-N,1,,0
URSQASKSKBUBLK-UHFFFAOYSA-N,1,,0
LIRAXYPAXGDSQL-KESTWPANSA-N,1,6.37809703910877,1
BTTMPMPJNCTVFY-UHFFFAOYSA-N,1,,0
FYNBSODPHHUGIL-PKOBYXMFSA-N,1,6.376750709602099,1
CMTLMUAHYIMWAR-VQIMIIECSA-N,1,6.376750709602099,1
GLRJJXPRWYHFGP-UHFFFAOYSA-N,1,,0
AGUIOVNIFLIHLU-UHFFFAOYSA-N,1,,0
RMGLEYGDPBYQMA-YMPZKCBVSA-N,1,6.376440609994563,1
XUOARYPFOGJNNV-UHFFFAOYSA-N,1,6.376258869661473,2
KRULJODHDPRKER-UHFFFAOYSA-N,1,6.375717904164332,1
JLMZACVBNICYMZ-UHFFFAOYSA-N,1,6.375717904164332,1
WBFUPJYWMYUSBO-UHFFFAOYSA-N,1,,0
IGMNWVAHYACLEO-UHFFFAOYSA-N,1,,0
VTFHJUTXAYAVPD-PMVMPFDFSA-N,1,6.374574359067162,1
VMXHWDJFMZJHSQ-INIZCTEOSA-N,1,6.373659632624958,1
CRIDIVQBOHLVBM-INIZCTEOSA-N,1,,0
WRSUPAJSUHYUKP-UHFFFAOYSA-N,1,6.372634143407268,2
TZFNGJBTMKSJFD-UHFFFAOYSA-N,1,,0
JREWRGYSZHHIJM-UHFFFAOYSA-N,1,,0
CAQIBAFXOSLMJP-UHFFFAOYSA-N,1,,0
YSXQGNHRJOWSCW-UHFFFAOYSA-N,1,,0
BQRCXSWHZYCROY-SZPZYZBQSA-N,1,6.371611069949688,1
FCGUOCJTWTVYSW-UHFFFAOYSA-N,1,,0
XDPTVFIWUAWOLA-WGSAOQKQSA-N,1,6.370998380713008,1
XRDPJIJIWYVCKW-GCJKJVERSA-N,1,,0
KRJIVVRGSAPJAB-UHFFFAOYSA-N,1,,0
CBQSITUTOXWCDZ-KESTWPANSA-N,1,6.36997914888659,1
OMOJVKDXKKEFQT-UZLBHIALSA-N,1,,0
UFUQIVBOXLXINJ-GHTZIAJQSA-N,1,,0
GWXIZHPBMCIUCC-RBUKOAKNSA-N,1,,0
XEIZTEHDPAJSDZ-BEFAXECRSA-N,1,,0
GWXIZHPBMCIUCC-MOPGFXCFSA-N,1,,0
MTNHSFFTMCIWEW-UHFFFAOYSA-N,1,,0
NQOBWBPQVJMZSQ-WUKNDPDISA-N,1,6.367542707815276,1
PVAIEWDYRNQJFR-MXVIHJGJSA-N,1,6.3668346463160965,1
QCJZXZBQQQGNOA-UHFFFAOYSA-N,1,6.366531544420413,1
STAISUAHBRKLLH-OYRHEFFESA-N,1,6.366531544420413,1
YJXDJZLDWYWBPH-UHFFFAOYSA-N,1,,0
JRCIDJCJKJDOSJ-UHFFFAOYSA-N,1,,0
AFWAVLNIGSUCHI-HNNXBMFYSA-N,1,,0
JNLTWDJBHSKQQM-UHFFFAOYSA-N,1,,0
XGFFXWPMGJJBFH-KESTWPANSA-N,1,,0
DQWJWRGJUJYEGP-QAQDUYKDSA-N,1,,0
IOOYLGJHCPSDIU-UHFFFAOYSA-N,1,6.3655227298392685,1
OSRVFCQUJFRRKE-UHFFFAOYSA-N,1,,0
BBXOOHQXEJHYOD-UHFFFAOYSA-N,1,,0
FFKSIHLRCNTALR-UHFFFAOYSA-N,1,,0
ILDMARCQRHEBPL-UHFFFAOYSA-N,1,6.364516253185088,1
IPJYOFKGSBZJSC-UHFFFAOYSA-N,1,,0
KUEQQBRCJDOEEZ-UHFFFAOYSA-N,1,6.362958039746656,2
VRHJRFPPAACNSV-UHFFFAOYSA-N,1,6.843277314786793,4
DHRNJGBBGGOCDQ-UHFFFAOYSA-N,1,6.361510743045363,1
ADKPDCJUAOTYGJ-UHFFFAOYSA-N,1,,0
XPBGNLUNAORHQZ-UHFFFAOYSA-N,1,6.360513510731414,1
RJRFHPUWQFNLFN-UHFFFAOYSA-N,1,6.688246138944246,3
ARXBAOIZXCCQAV-UHFFFAOYSA-N,1,,0
WTRUJFPMRUJYBV-YONZVVFSSA-N,1,6.358823453386886,1
XGVOVCYYDQWLJC-UHFFFAOYSA-N,1,6.358525889495901,1
NADZGFHXOOQKNN-UHFFFAOYSA-N,1,6.358525889495901,1
KGFWRFDEYGDLSQ-UHFFFAOYSA-N,1,,0
PRBBGEBXWKOEEQ-UHFFFAOYSA-N,1,,0
YFHWGBZGWDWNRV-JHNFVTJISA-N,1,6.358228529346041,1
KBDGMPYTNATHKA-UHFFFAOYSA-N,1,6.357535479757878,1
GNYOQFHOPOYCQH-UHFFFAOYSA-N,1,6.356547323513812,1
IAOUVQRCRUKJNM-UHFFFAOYSA-N,1,6.356547323513812,1
RANYBZPZDFYJIV-QFBILLFUSA-N,1,6.356547323513812,1
LQFUKCCOLHDWFK-UHFFFAOYSA-N,1,,0
NYYVPFBZAVQNMH-UHFFFAOYSA-N,1,,0
BCUKGZFJMQMVDC-UHFFFAOYSA-N,1,,0
MURAVVBTKTXEPR-UHFFFAOYSA-N,1,,0
UYCJWHABGCDKEQ-UHFFFAOYSA-N,1,,0
JTHXHSNJAJMWTQ-UHFFFAOYSA-N,1,6.354760093334663,2
XPJPTQNRBMPGAO-UHFFFAOYSA-N,1,,0
FPJWEGAZJREYOD-UHFFFAOYSA-N,1,,0
BZGKXGFGDBPNAC-WOJBJXKFSA-N,1,6.352822007427419,2
DQVWGUUNHWMPMS-MXVIHJGJSA-N,1,6.352421445787545,1
TZSSKMRYKLQTBG-LOBZBEHPSA-N,1,,0
MZAZKADMJHOUAD-UHFFFAOYSA-N,1,,0
FNZNOBSAZSOSGF-UHFFFAOYSA-N,1,6.350200594386473,2
GEDGEGJCGBTAON-UHFFFAOYSA-N,1,6.350003492533959,1
ZQEBKQUIKOLFRO-UHFFFAOYSA-N,1,6.350003492533959,3
HMTJKRFRBLRBNL-BVAGGSTKSA-N,1,,0
ISJJKHYAKDKZNA-UHFFFAOYSA-N,1,,0
DHOZKKHZCBDGEK-UHFFFAOYSA-N,1,6.349997258115003,2
NDOUOJYZWZVNBL-UHFFFAOYSA-N,1,6.349692476868063,1
DFNAAFSXZVGDBJ-UHFFFAOYSA-N,1,6.349692476868063,3
ZHWINCTXRNCCKY-UHFFFAOYSA-N,1,,0
LHVNTWQOJGSYCB-FXAWDEMLSA-N,1,,0
VXPJDPSEYZZZEM-GFCCVEGCSA-N,1,6.34876959604481,2
KDBGYTXPYZAGHW-UHFFFAOYSA-N,1,,0
DVYBIZHLZSDANU-UHFFFAOYSA-N,1,6.347753658996677,1
WVEQYQHSBOYABA-UHFFFAOYSA-N,1,6.346787486224656,1
JCQGRHIIKSHVDZ-UHFFFAOYSA-N,1,6.346787486224656,1
KYRANNSMDBEVPQ-UHFFFAOYSA-N,1,6.346787486224656,1
KBXQAHKIUBTDCL-DNVCBOLYSA-N,1,6.346787486224656,1
GMYMGBFWJJHMIQ-UHFFFAOYSA-N,1,6.346787486224656,1
AEQDJSLRWYMAQI-KRWDZBQOSA-N,1,,0
HNRDJYILRSRTOJ-JCNLHEQBSA-N,1,,0
YOAZLAJFKSOXOC-PAVFIEEWSA-N,1,,0
IKSPSLCLHNNQFS-XXBNENTESA-N,1,,0
QEXGERZWQAGIRZ-AWEZNQCLSA-N,1,,0
CAXPEQKWERDGFO-UHFFFAOYSA-N,1,,0
OZWXDWVFTIFZHS-UHFFFAOYSA-N,1,6.341072755334265,2
VNAZBTWTBGIYND-UHFFFAOYSA-N,1,6.341035157335565,1
MMZBVOVVPMVDQY-UHFFFAOYSA-N,1,,0
DQNYAPGMAYPLKE-UHFFFAOYSA-N,1,6.34008379993015,1
LJXBPSXSJHVHOV-UHFFFAOYSA-N,1,,0
CAVOXTSDVAGWFI-GHTZIAJQSA-N,1,,0
BLQLPPFWAKBJSW-NQIIRXRSSA-N,1,,0
GHXMJOBEVWDMLQ-QRWLVFNGSA-N,1,,0
WJBOFUDAMNIJRL-UHFFFAOYSA-N,1,,0
OTRBXADIASNSBW-UHFFFAOYSA-N,1,6.339998279897117,3
QDBPUGDJXGIOJW-HFYIJGDASA-N,1,,0
CDAYEBKMDIJVNY-UHFFFAOYSA-N,1,,0
VTTMDSGFQMHASZ-UHFFFAOYSA-N,1,6.339134521996131,2
LLNWCPKEPUSMNT-UHFFFAOYSA-N,1,,0
ZTONLQGEWQVONN-UHFFFAOYSA-N,1,,0
WFLPEXKCKZHVKQ-SFHVURJKSA-N,1,6.337242168318426,1
BVDQINYYEZPHTR-UHFFFAOYSA-N,1,6.337242168318426,1
XWSLVHMENQYJFV-UHFFFAOYSA-N,1,6.337242168318426,1
UBNDBTRGSCEYOS-UHFFFAOYSA-N,1,,0
UEGXWOAAXGJOTK-LSDHHAIUSA-N,1,,0
YXHDKJBFDWZXHB-RBUKOAKNSA-N,1,,0
HJCKNZCUBOVUBA-UAPYVXQJSA-N,1,,0
FFSNUOARHPWUIL-UAPYVXQJSA-N,1,,0
IQGWEXBXERIPCR-HZCBDIJESA-N,1,6.336299074610352,1
VBCLRCIMZDGIOV-UHFFFAOYSA-N,1,,0
MPRZCISVIKBQND-UHFFFAOYSA-N,1,6.335358024443874,1
XUTJSHVGYIHURB-BWKNWUBXSA-N,1,,0
XTFGAHNJVINQAV-UHFFFAOYSA-N,1,,0
QRDDKCATKOBJNH-VTVZGJJZSA-N,1,6.333762904104196,1
LSKZCQKQGRUHKQ-BJLQDIEVSA-N,1,6.333538181845599,1
XIQFFWZUFKJVOP-BJJXKVORSA-N,1,6.333482019445119,2
FBOQGLSPTCBDLZ-UHFFFAOYSA-N,1,,0
QEHDNJNWBKJWNE-UHFFFAOYSA-N,1,,0
NNHUSJMVRFFWKB-UHFFFAOYSA-N,1,,0
VXWWHYWZTKORBH-UHFFFAOYSA-N,1,6.332170773855349,2
GOZPYYFAYISDDO-UHFFFAOYSA-N,1,,0
AJZCTVAJRNIZDW-UHFFFAOYSA-N,1,,0
KTJXBGFKGUUNHP-UHFFFAOYSA-N,1,6.330683119433887,1
CLCFXDSSPUCCKP-UHFFFAOYSA-N,1,,0
CFTKIUKLSZSRGT-BVSLBCMMSA-N,1,6.33016265003872,1
FZQRWGRFKDAQAI-UHFFFAOYSA-N,1,6.329995488683631,1
YMMKVLDFUKHZTJ-UWJYYQICSA-N,1,,0
BCTUVZJFJIFLND-GJZUVCINSA-N,1,,0
YGBMXSHDMFFOBA-UHFFFAOYSA-N,1,,0
CAVOXTSDVAGWFI-NQIIRXRSSA-N,1,,0
GFXGGKFVAYIGGO-PWIZWCRZSA-N,1,,0
MJDBJIACJNGVIM-UHFFFAOYSA-N,1,6.327902142064282,1
BHLYRWXGMIUIHG-HNNXBMFYSA-N,1,,0
XCPZHYSDOVJPIV-UHFFFAOYSA-N,1,,0
JIKDWCBMJVTCCZ-ISLYRVAYSA-N,1,6.326058001365912,1
LIJLYDMKDQLIKS-UHFFFAOYSA-N,1,6.326058001365912,1
FHYXSLBVXNQUAJ-UHFFFAOYSA-N,1,,0
RGARYNHRALIUTE-UHFFFAOYSA-N,1,,0
GGKGPBLSDOYJJD-UHFFFAOYSA-N,1,6.325138859262188,1
UHBDOJLDXNFRPT-UHFFFAOYSA-N,1,6.325138859262188,1
PFALMGBZVKYODL-UHFFFAOYSA-N,1,6.325138859262188,1
RLHNDTLEKOCIPV-TZIWHRDSSA-N,1,,0
UOVZXNPDZHFAHL-UHFFFAOYSA-N,1,6.3250195105351,2
FTCVLHZRRJVLPD-HZPDHXFCSA-N,1,6.325003792442137,2
XLIXPJRYIUCZIQ-HUULMPCJSA-N,1,6.323306390375134,1
NCKUXAJTZOKPEP-UHFFFAOYSA-N,1,,0
CVLZQDTWSWXSHI-CTNGQTDRSA-N,1,,0
TYIIYIRHCHVCLI-UHFFFAOYSA-N,1,6.321318484692428,2
AMIUKHHHHJYBCP-UHFFFAOYSA-N,1,6.320572103387882,1
BNGQWOSQOPVKCC-HCGLCNNCSA-N,1,6.320572103387882,1
JXBAEBMIKAIUEB-UHFFFAOYSA-N,1,,0
WPKZTODVTLZQPZ-GCJKJVERSA-N,1,,0
CRARFJICFRVCGK-MXVIHJGJSA-N,1,6.319987455405301,2
LKIZJVWLCHAZTJ-AVRDEDQJSA-N,1,,0
PBIHUJJOAREIRG-ZDUSSCGKSA-N,1,,0
SLUWYSCSZRXUHY-UHFFFAOYSA-N,1,,0
KTQASNDGWLUTPN-UHFFFAOYSA-N,1,6.318758762624412,1
DCVYADGMMVMIBW-VQTJNVASSA-N,1,,0
IWDYHWHOELBSSW-LMTLIKQPSA-N,1,,0
YHFJWUFDUIOAOW-XUTJKUGGSA-N,1,,0
IIESJQKRXCMWAC-FVUUGDKNSA-N,1,,0
IVVUETVVMPRMEL-UHFFFAOYSA-N,1,6.317854923626168,1
HAABSCYMCZRVTB-AQYVVDRMSA-N,1,6.317674381332193,1
MCVRJCMPRFQPOR-UHFFFAOYSA-N,1,,0
RRGCMCQNBGLNIY-UHFFFAOYSA-N,1,6.31725600755455,2
VOCJQDHVNNMIHT-UHFFFAOYSA-N,1,,0
KBOFZHXMNBYFFH-UHFFFAOYSA-N,1,,0
FHZHGMCMPLAIMD-UHFFFAOYSA-N,1,6.316502682320189,1
XSNJPPIVERUUQP-OMJZWIOZSA-N,1,6.316052869248487,1
QSNWXCHFRCSNIB-UHFFFAOYSA-N,1,,0
KTEYYEBYBNMZSX-UHFFFAOYSA-N,1,,0
ZIVBQUNYSGOUKO-UHFFFAOYSA-N,1,6.315154638355588,1
DFZQEPFGPDCJJF-UHFFFAOYSA-N,1,6.315154638355588,1
OPXZUCQAQHHXSZ-UHFFFAOYSA-N,1,6.315154638355588,1
PMLMARMRSAEQFX-UHFFFAOYSA-N,1,,0
SLEQRFMTAWGXRG-UHFFFAOYSA-N,1,6.313949872461015,2
OUMNETVFYOWILO-UAPYVXQJSA-N,1,6.313721321932799,1
ZCBADRQTPNSBSB-UHFFFAOYSA-N,1,6.313363730737707,1
QXUOSGAFYZBCAK-UHFFFAOYSA-N,1,6.313363730737707,1
NWXLNEMDCWELOX-IYARVYRRSA-N,1,6.313363730737707,1
GLQGPKHLGDLFOL-UHFFFAOYSA-N,1,6.3124710387853655,1
DGAWPOSEWXFWJX-UHFFFAOYSA-N,1,6.310691140876379,1
JNNOSTQEZICQQP-UHFFFAOYSA-N,1,,0
BJMNBNCGYUOWKZ-UHFFFAOYSA-N,1,,0
FBLFUQVNJABTNK-UHFFFAOYSA-N,1,6.309998953116937,1
SBXMILAGIXPXOK-UHFFFAOYSA-N,1,6.309803919971486,1
RJHAJYOHAGENKY-UHFFFAOYSA-N,1,6.309803919971486,1
VEJVQTWUKUQWPK-KBRIMQKVSA-N,1,6.309803919971486,1
FVKWMLJXSQTSBS-LJQANCHMSA-N,1,,0
QQKGKWYETGKBCS-UHFFFAOYSA-N,1,,0
BLWCTYMJGSOQFX-UHFFFAOYSA-N,1,,0
VETXVTBLRUMWQE-RBUKOAKNSA-N,1,,0
DHAAPGIEGBCWTO-IYARVYRRSA-N,1,,0
ZJCPSCHGZIVAIV-GOSISDBHSA-N,1,,0
XKJWPBFAOCBQQJ-FMQUCBEESA-N,1,6.308918507877031,1
UXFGATIIHSOJJZ-QFIPXVFZSA-N,1,6.308918507877031,1
VTFHJUTXAYAVPD-YMPZKCBVSA-N,1,6.308838909258817,1
RKZVRIHTYWJVDD-UHFFFAOYSA-N,1,6.30715308072277,1
SYYRUOMUJYFAJE-UHFFFAOYSA-N,1,,0
KQNVCZVAVZAVEK-UHFFFAOYSA-N,1,,0
QZFWMMJJIHHXCY-UHFFFAOYSA-N,1,,0
HYGWSJJGGPMNNN-KESTWPANSA-N,1,6.305307073668516,1
MNAFRWGRFIBAQX-XMSQKQJNSA-N,1,,0
NIFGQHGFOUMQJN-KCWPFWIISA-N,1,,0
OLWRVVHPJFLNPW-LSNLESRRSA-N,1,6.399996913372259,10
GPZGUIZYGOLWTO-UHFFFAOYSA-N,1,6.304518323509802,2
ZAFMZQLZDHTXTI-UHFFFAOYSA-N,1,,0
OXKVUNLFMUWLAP-UHFFFAOYSA-N,1,6.303643611266668,1
OQBXDKWNISUMSM-UHFFFAOYSA-N,1,,0
NZBZRVLCAAQXCD-UHFFFAOYSA-N,1,,0
TZKOWTJXSWSPFS-UHFFFAOYSA-N,1,,0
LBBQHBCGDGNTHA-UHFFFAOYSA-N,1,,0
HMLJHBVGLCIEGH-UHFFFAOYSA-N,1,6.3013777094948065,2
WZQJLWDEOYLHHR-UHFFFAOYSA-N,1,,0
DAUSNPVLXKKGNQ-WOJBJXKFSA-N,1,6.301029995663981,1
HQXCPXHVSRWLFR-UHFFFAOYSA-N,1,6.301029995663981,1
BAJOTSCRNKRKED-UHFFFAOYSA-N,1,6.301029995663981,1
JGCWMKASUYCMGE-IBGZPJMESA-N,1,6.301029995663981,1
GAXIVOLCJAGLQT-SIKLNZKXSA-N,1,6.301029995663981,1
ABFFVPNTRSSMPE-HHHXNRCGSA-N,1,6.301029995663981,1
UXTXSJBQPGSGMT-UHFFFAOYSA-N,1,,0
CGBSETBXUKRGJF-UHFFFAOYSA-N,1,,0
SDPSCMJWIDFOEZ-SAABIXHNSA-N,1,,0
IWOSLDUAAMOOBE-IYARVYRRSA-N,1,,0
LSQOOMIFBSOAIJ-HCGLCNNCSA-N,1,,0
QQVCXXKIFUBWJB-IYARVYRRSA-N,1,,0
GMBOTQWDHJOKAM-KESTWPANSA-N,1,,0
QOIGKGMMAGJZNZ-UHFFFAOYSA-N,1,7.236572006437063,1
ATHCQCSSVYPJIN-SAIGFBBZSA-N,1,6.300509154727795,1
LYXSWTNSYIVEPY-UHFFFAOYSA-N,1,6.300162274132754,1
YZMAJSYJKLQFNB-UHFFFAOYSA-N,1,,0
YTXILLIRPDSLHZ-HNAYVOBHSA-N,1,,0
GRNZJJOLZMFJHZ-UHFFFAOYSA-N,1,,0
VKCKAMBPNXKGHL-QFIPXVFZSA-N,1,6.299998827036022,2
LBBQUWUAGWPJCG-MGFGWZDJSA-N,1,6.299997602857746,1
WVDFKSHXOWCAKH-MGFGWZDJSA-N,1,6.299997602857746,1
GQTWYBPXHKYSKB-IZLXSDGUSA-N,1,6.299997602857746,1
XFYCKARBUDZUAB-VMPREFPWSA-N,1,6.299997602857746,1
XXNSAFMKWRWIBC-YTMVLYRLSA-N,1,6.299997602857746,1
OPJTVMKUVYOWNC-FQLXRVMXSA-N,1,6.299997602857746,1
WUACSCWYLJHDBV-HNNHSTSXSA-N,1,6.299997602857746,1
GQTWYBPXHKYSKB-NSOVKSMOSA-N,1,6.299997602857746,1
HUXFXXWYIRBVJR-JOCHJYFZSA-N,1,6.299997602857746,1
IQHWFEDHUISJOL-UHFFFAOYSA-N,1,6.299997602857746,1
IJPGGHONVGTCOX-UHFFFAOYSA-N,1,6.299997602857746,1
DIRSMSWHIVFUOZ-UHFFFAOYSA-N,1,6.299997602857746,1
GJWDRNPPBDVMAH-KPKJPENVSA-N,1,6.299997602857746,1
MUBFHRQVIYYBCR-UHFFFAOYSA-N,1,6.299997602857746,1
HKAVEMLHBNPBSZ-PTTOYHQWSA-N,1,6.299997602857746,1
OFRYPJSVIVBOHV-WSABRRFESA-N,1,6.299997602857746,1
GHSGRKSMXSWZPH-AEEMYVKYSA-N,1,6.299997602857746,1
KHDCGMWSBNKZBB-UHFFFAOYSA-N,1,6.299997602857746,1
XLPDEXDTJMFWSC-NVXWUHKLSA-N,1,6.299997602857746,1
ZFGRMWBYHAUOCE-UHFFFAOYSA-N,1,6.299997602857746,1
WLLDCVHJRCZONV-SSEXGKCCSA-N,1,6.299997602857746,1
VFOQAVYBDYGMOW-UHFFFAOYSA-N,1,6.299997602857746,1
SGLJPXQOJMBPBR-UHFFFAOYSA-N,1,6.299997602857746,1
VVGHIMUWASPVQJ-UHFFFAOYSA-N,1,6.299997602857746,1
MMHPZQOEUVHNBB-UHFFFAOYSA-N,1,6.299997602857746,1
WQRVLZPCOXHNAI-UHFFFAOYSA-N,1,6.299997602857746,1
FTCVLHZRRJVLPD-HOTGVXAUSA-N,1,6.299997602857746,1
TTYSBVYYRWWKNF-UHFFFAOYSA-N,1,6.299997602857746,1
VASQQZAFIQDBHR-UHFFFAOYSA-N,1,6.299997602857746,1
FJWCYEPZDVUXMR-UHFFFAOYSA-N,1,6.299997602857746,1
INZVCQWDAXDGMY-UHFFFAOYSA-N,1,6.299997602857746,2
GDBWCGSXGHDTJU-UHFFFAOYSA-N,1,6.299997602857746,1
AEXFOTSQBUVBKJ-PGRDOPGGSA-N,1,6.299997602857746,1
KATDCUORFQOJBY-QAPCUYQASA-N,1,6.299997602857746,1
ZCFZWLXSHRXGLG-UHFFFAOYSA-N,1,6.299997602857746,1
VTGDLGOSPAKXEA-WMISUKIASA-N,1,6.299997602857746,1
LJOIJDZCFSDRBE-UHFFFAOYSA-N,1,6.299997602857746,1
ANGUXJDGJCHGOG-UHFFFAOYSA-N,1,6.299997602857746,1
FKVLSJZELYFVGN-IBGZPJMESA-N,1,6.299997602857746,1
VKQSAQSCKUZTCV-KNQAVFIVSA-N,1,,0
LYHUWMRZCXPRBP-BEESLVRJSA-N,1,6.299815670377802,1
SVSNQBMLUDOWHS-UHFFFAOYSA-N,1,6.29929628285498,1
LQFAQQWXFSOOQJ-UHFFFAOYSA-N,1,6.298432014944073,1
NNECCFXSSVWBTA-XUTJKUGGSA-N,1,6.298000525110363,1
LSKZCQKQGRUHKQ-QWFCFKBJSA-N,1,6.297612550461787,1
DYFDYWXRTZSUEM-UHFFFAOYSA-N,1,6.296708621881338,1
VTRMFVAGEAFJTR-UHFFFAOYSA-N,1,,0
BYXRGRXAPMVBBG-UHFFFAOYSA-N,1,,0
GYWHDZIJHYATFG-UHFFFAOYSA-N,1,6.295880017344075,2
MTJDLXLLSRKTMU-HZCBDIJESA-N,1,6.2958494831602,1
ZBIGKUPTILUSNW-UHFFFAOYSA-N,1,,0
OJCZIDQMQPAEJE-UHFFFAOYSA-N,1,,0
KPRWGLQDBYNALG-UHFFFAOYSA-N,1,,0
XLIXPJRYIUCZIQ-IYQCHBLZSA-N,1,6.295420550303701,1
HZACYYQCKLSFDB-UHFFFAOYSA-N,1,6.295121328932323,2
XJTVRXYTOLNCDQ-XXBNENTESA-N,1,,0
GVNRTSAPTNNIPL-UHFFFAOYSA-N,1,,0
WUHZLDHICFZBCN-UHFFFAOYSA-N,1,,0
GOGFNQYGVYCYHI-UAPYVXQJSA-N,1,6.2948378806407055,1
UQNPMHBOQOCPSK-UHFFFAOYSA-N,1,6.2945270706561125,2
JPJKLUPMTRTKBH-UHFFFAOYSA-N,1,,0
GGLGRTJZXPCWNM-UHFFFAOYSA-N,1,6.293282217663242,1
JOHIGOPVFHBKPR-HZCBDIJESA-N,1,6.293171311820266,1
DDOIPTNOPZXSRC-XUTJKUGGSA-N,1,6.292941059372404,1
HJWHHQIVUHOBQN-MRXNPFEDSA-N,1,6.292429823902063,1
PRJNFNOLHGROQO-UHFFFAOYSA-N,1,6.292429823902063,1
RUOVJGSFCGUFDC-UHFFFAOYSA-N,1,,0
OCNSHCHKTREKMB-IYARVYRRSA-N,1,,0
PKOXYVFXXHZYKA-QWFCFKBJSA-N,1,,0
MGDSRFOVDPARJD-UHFFFAOYSA-N,1,6.437469296263503,6
CVJYJKRPDVXLEY-UHFFFAOYSA-N,1,6.290730039024169,1
HKAMZPHBOUTAED-UHFFFAOYSA-N,1,,0
KLQDZSYTMPJBBU-UWJYYQICSA-N,1,,0
PQHIRTDXFUZNBI-DVECYGJZSA-N,1,,0
KLQDZSYTMPJBBU-UTKZUKDTSA-N,1,,0
XYLLCILLEMTVLF-UHFFFAOYSA-N,1,,0
OMOJVKDXKKEFQT-OXJNMPFZSA-N,1,,0
NWOBFMIIGQBMFP-UHFFFAOYSA-N,1,,0
FQPSOJRHFJUUMC-HNNXBMFYSA-N,1,4.251811972993799,1
OTKYJPDWHNDEEY-UHFFFAOYSA-N,1,,0
OOQJGWPOJZCKHM-YMPZKCBVSA-N,1,6.2889523961329665,1
FBWUQEIVZSYNQZ-UHFFFAOYSA-N,1,6.288192770958808,1
PQFHVDFLICEIKC-LEWJYISDSA-N,1,6.288192770958808,1
SQLGEXQBAJPFNZ-XUTJKUGGSA-N,1,6.288192770958808,1
LBRSVAAYMHPXLL-UHFFFAOYSA-N,1,,0
VNDRDTRYTOSTBB-XUTJKUGGSA-N,1,6.287602868593285,1
GJRMDYLDWDRDIG-UHFFFAOYSA-N,1,6.2875591816844665,2
ZCFQGAKEQPCWDE-UHFFFAOYSA-N,1,6.287350298372789,1
HWZBTMUYGJHELF-WGSAOQKQSA-N,1,6.287350298372789,1
NZCZNMGSFLEVRM-UHFFFAOYSA-N,1,6.286951856228711,2
OSSGYBFCUFQSTI-UHFFFAOYSA-N,1,6.286509456906058,1
RTRBUDIKCGJLKP-VAWYXSNFSA-N,1,6.286509456906058,1
HPOUQSRZENVPHH-UHFFFAOYSA-N,1,6.286509456906058,1
DTUDHTHALDQUOS-UHFFFAOYSA-N,1,6.285670240254767,1
GSJUQPJCKBBTAO-UHFFFAOYSA-N,1,6.285670240254767,1
IOPFZPQJWJQACY-UHFFFAOYSA-N,1,6.2856087442515225,2
KVMPVICKYUXJEP-KESTWPANSA-N,1,6.285418791160469,1
RWFSSGIYTQCWMB-MRXNPFEDSA-N,1,6.284832642151542,1
AHYUXDAZVIOABZ-UHFFFAOYSA-N,1,6.284832642151542,1
IKWFRNZOZWEGCD-UHFFFAOYSA-N,1,6.284832642151542,1
LHWCVSFLSQENCZ-UHFFFAOYSA-N,1,6.2839966563652006,3
VYHUCPCVCHMNCC-UHFFFAOYSA-N,1,6.2839966563652006,1
YCDXELFFFUYKMO-UHFFFAOYSA-N,1,6.2839966563652006,2
IBBZFQYJQGDOGF-SJKOYZFVSA-N,1,6.2839966563652006,1
QYPRFHORBTUPLV-UHFFFAOYSA-N,1,,0
JEBSDCMUPMBUER-UHFFFAOYSA-N,1,,0
LZJRNLRASBVRRX-ZDUSSCGKSA-N,1,,0
XBNMOXOSTOMNAW-DLBZAZTESA-N,1,,0
RVWPDWZOIDVHIU-LSDHHAIUSA-N,1,,0
PYMZBBSVTWGBTF-UHFFFAOYSA-N,1,,0
LOOROOGJSWXTHW-UHFFFAOYSA-N,1,6.282077817007779,2
GLKCCTUKWPNZKT-UHFFFAOYSA-N,1,6.281498311132726,1
KGMNPYRERCCGKH-UHFFFAOYSA-N,1,6.281498311132726,1
VTFHJUTXAYAVPD-YEMPIKNUSA-N,1,6.281431884934691,1
IHNAEAHWHZVEJK-WGSAOQKQSA-N,1,6.280751601552054,1
NOXSTXNFXDOBON-UHFFFAOYSA-N,1,6.280668713016274,1
HVJCLUCMUNKFOJ-UHFFFAOYSA-N,1,,0
YTJBCMWEQPWTAA-UHFFFAOYSA-N,1,,0
OMOJVKDXKKEFQT-UHFFFAOYSA-N,1,,0
KLQDZSYTMPJBBU-LFABVHOISA-N,1,,0
STIWHEMFVTWALB-LAUBAEHRSA-N,1,,0
VIHBCLOGDPFGGP-UHFFFAOYSA-N,1,6.279014255846261,1
BZKUYNBAFQJRDM-MRXNPFEDSA-N,1,6.278189384787453,3
FADJIPFJANIADX-UHFFFAOYSA-N,1,6.278189384787453,1
DSJQTHADLDMTRA-UHFFFAOYSA-N,1,6.277790217670681,2
HELWYWUXDYKBMW-UHFFFAOYSA-N,1,,0
CIUZQYPUMSZQLW-UHFFFAOYSA-N,1,,0
SIINLBKMJGQYNO-UHFFFAOYSA-N,1,,0
CFTKIUKLSZSRGT-LFKXIUMZSA-N,1,6.275994624390097,1
HAULFEWWRJNEKX-UHFFFAOYSA-N,1,6.275724130399211,1
IAMJESJLDAFTKX-UHFFFAOYSA-N,1,6.275724130399211,1
PGBIKSUFINVTHD-QLCIJSRNSA-N,1,6.275724130399211,1
KKOHBMTWLWZNIQ-UHFFFAOYSA-N,1,,0
VQJWINDRTCMVEE-UHFFFAOYSA-N,1,,0
YNYDYHAGYPXNNN-SAABIXHNSA-N,1,,0
YHQSGSIBDPGBNE-GBWYYYKWSA-N,1,,0
DABZIXMFPZVHTF-XUTJKUGGSA-N,1,,0
LAGLIYNPBAJZEJ-BVSLBCMMSA-N,1,6.274750109441428,1
CABLYZHRIOWMRB-UHFFFAOYSA-N,1,,0
OMQYELRKBALQJF-UHFFFAOYSA-N,1,6.273272790973428,1
YPMXEBRQAPTSOE-UHFFFAOYSA-N,1,6.273272790973428,1
DIHXHTWYVOYYDC-INIZCTEOSA-N,1,5.621581191638988,2
IXLAADZPTLGXHW-UHFFFAOYSA-N,1,6.272458742971444,1
BXENODAZXSHYNF-UHFFFAOYSA-N,1,,0
JWWLBNFBBLUIHS-UHFFFAOYSA-N,1,,0
HTCSLUIDBLHLBF-UHFFFAOYSA-N,1,,0
OXKMARLXXNQVMY-PZJWPPBQSA-N,1,,0
DGZKLXNLBCVGGK-UHFFFAOYSA-N,1,,0
RAWSNQKTFLIAHR-UHFFFAOYSA-N,1,,0
PDNOIHGCVLVCCX-UHFFFAOYSA-N,1,,0
KIDLIVLNXRZSJP-KNQAVFIVSA-N,1,,0
IQKUCRAAVAKXAF-CEJRHITASA-N,1,,0
SKVXOYIMICHFPV-UHFFFAOYSA-N,1,6.269217724333611,1
UJBLYPURSDWDKF-IYARVYRRSA-N,1,6.268411234813261,1
PIPVZEXRFVHTJJ-UHFFFAOYSA-N,1,6.267606240177031,1
XYGFUOFZJNRUOD-UHFFFAOYSA-N,1,6.267606240177031,1
SUYNNRLZQGBZKP-AQYVVDRMSA-N,1,6.267606240177031,1
XFNMWPWYPXOJNL-SHTZXODSSA-N,1,,0
XHTUKQHIWDPDMZ-XUTJKUGGSA-N,1,,0
HJZYUBCMOFCAGG-CYBMUJFWSA-N,1,6.266802734893431,1
NXQMIPKIFYWBRG-UHFFFAOYSA-N,1,,0
RWDBDUKKVDGKLL-UHFFFAOYSA-N,1,6.265200170411153,1
AYLXMRANIJQFSE-UHFFFAOYSA-N,1,,0
CCNVEDVQZFNLHB-UHFFFAOYSA-N,1,,0
JNYBPHZJIUVHES-PGRDOPGGSA-N,1,6.26428079630535,2
MLQFCCRYUWOUAD-UHFFFAOYSA-N,1,,0
UTSZTPIAGJECRH-BRLLKYFNSA-N,1,6.2636034977233574,1
DEXCWVBNPJKCOQ-HNNXBMFYSA-N,1,,0
BCGWQEUPMDMJNV-UHFFFAOYSA-N,1,6.263139761290086,2
MUVDWLPPMXZXRR-XJKSGUPXSA-N,1,6.262807357295262,1
LABSLKNETFNUAU-UHFFFAOYSA-N,1,,0
MVNMMDGTQIXAJK-HZCBDIJESA-N,1,6.261615876487844,1
QUVIJOPWQUCXGM-UHFFFAOYSA-N,1,6.261219441515631,1
JBBWXRZCIQADQF-UHFFFAOYSA-N,1,6.260000690598032,1
KOIIIBWVKNCMBP-UHFFFAOYSA-N,1,,0
CNTUZANNBZOTNO-UHFFFAOYSA-N,1,,0
RQVZWXFEIBZKOQ-UHFFFAOYSA-N,1,6.259637310505756,1
OWXFTDUHWKXJTL-GOSISDBHSA-N,1,6.259637310505756,1
JYHPMRAWMPLJHU-UHFFFAOYSA-N,1,6.259637310505756,1
PZVTYIIWLUKKIK-AZGAKELHSA-N,1,6.259637310505756,1
CVRMQFHSOSVJET-UHFFFAOYSA-N,1,,0
NRXPFRHREANWEK-UKILVPOCSA-N,1,,0
BHNXJQYCDCKDKH-LAUBAEHRSA-N,1,,0
ASHWMUDXSKLTCD-UHFFFAOYSA-N,1,,0
NFXJNKBSQYCEAG-AREMUKBSSA-N,1,,0
UHJLFBDNUAEIDO-UHFFFAOYSA-N,1,,0
IHSXPQMECDOCIP-UHFFFAOYSA-N,1,,0
SFDFLIFDKGORAT-KESTWPANSA-N,1,,0
NCXOQBJDZLIEBD-OVPUFTJJSA-N,1,,0
HNUFROAJESGZAR-UEYSASPJSA-N,1,,0
STAVWPPMEYFUSB-LYXWCMDISA-N,1,,0
KSFPZVDNWKWICO-ORQYLMBXSA-N,1,,0
JIBSQYWLVKZWRS-UHFFFAOYSA-N,1,,0
GBGDIHJYDMQZAV-UHFFFAOYSA-N,1,,0
GGKBXSKTIWSHCM-UHFFFAOYSA-N,1,,0
RVWBEYIRWFEEHP-UHFFFAOYSA-N,1,,0
ROYJLYNLNZSNDB-UHFFFAOYSA-N,1,,0
SSFUEESLMPEJHL-UHFFFAOYSA-N,1,,0
FXKSDINQBDXLAM-UHFFFAOYSA-N,1,,0
IGBQIKANRMDPDM-UHFFFAOYSA-N,1,,0
UCZGSVBGDCNATF-UHFFFAOYSA-N,1,,0
KNNGOUKDQBSIQK-UHFFFAOYSA-N,1,,0
HADXTDNAFKTNPU-UHFFFAOYSA-N,1,,0
ANOJEAQPXSEPBD-UHFFFAOYSA-N,1,,0
CXVQXJAGWNCEQH-AWEZNQCLSA-N,1,,0
XTGBKPIGYITIHE-INIZCTEOSA-N,1,,0
MGVCSHAKSCIEBU-AWEZNQCLSA-N,1,,0
LPYSQHPSDYPTHD-HNNXBMFYSA-N,1,,0
ZQQFOPIUAYRYPJ-AWEZNQCLSA-N,1,,0
BTGKFNRKGQRPEP-QAQDUYKDSA-N,1,,0
HJSGUUPPOBQDHU-OAHLLOKOSA-N,1,6.2588484011482155,1
GALCSZPFCCZIBC-UHFFFAOYSA-N,1,6.2588484011482155,1
AWUWWSPJQVWBIM-HHHXNRCGSA-N,1,6.258060922270801,1
CSHFTPUNJFOMTD-UHFFFAOYSA-N,1,6.2564902352715706,1
KNKGKWINGHKSAD-HROJSSOGSA-N,1,6.2564902352715706,1
FAVKTDKFWYKPGA-UHFFFAOYSA-N,1,6.255707016877324,1
IUHXMQOKDMHFCT-KESTWPANSA-N,1,6.255707016877324,1
UKEJTUFMACRNBO-UHFFFAOYSA-N,1,6.2549252084179425,1
YPXXSRYKHFAWBF-UHFFFAOYSA-N,1,6.25462758100617,2
HWOUIMXZGKRMNK-UHFFFAOYSA-N,1,6.2541448048262716,1
RSKPCUCUPPJNIY-UHFFFAOYSA-N,1,,0
UIWARYOQTYMMEM-UHFFFAOYSA-N,1,,0
OWXFTDUHWKXJTL-SFHVURJKSA-N,1,6.254144104914616,2
OOQJGWPOJZCKHM-PMVMPFDFSA-N,1,6.253833035622715,1
JEGAAWNOHVANEU-UHFFFAOYSA-N,1,,0
ORIBLMYUFXRADV-UHFFFAOYSA-N,1,6.253279339886303,2
FPECFHTXABEENA-UHFFFAOYSA-N,1,6.252588192113577,1
OBWAPGCVMFPQBZ-UHFFFAOYSA-N,1,,0
KNRRIHFTWQMRNB-UHFFFAOYSA-N,1,6.252463115929797,2
ZABVPBHKTKEJLW-UHFFFAOYSA-N,1,6.251811972993799,1
NBVOTNJROVCMMX-UHFFFAOYSA-N,1,6.251811972993799,1
FBEPBNQZIQSTRT-UHFFFAOYSA-N,1,6.251811972993799,1
JJOQQHOWCXQERZ-UHFFFAOYSA-N,1,6.251811972993799,1
VRIOGKJTEWWNSZ-UHFFFAOYSA-N,1,,0
YLULTEDGTZQJDL-UHFFFAOYSA-N,1,,0
XSHRDEIBCLNUGC-MIRVZWSXSA-N,1,,0
YLLFOYMWGWZZIG-WGSAOQKQSA-N,1,,0
STIWHEMFVTWALB-UHFFFAOYSA-N,1,,0
NHOFKPNSQTXBJO-HCGLCNNCSA-N,1,6.249491605148654,1
YRKOVTCEVBZCGK-ILBGXUMGSA-N,1,,0
VZZGBKXBBHQYML-MOJGAOKDSA-N,1,6.247951552180561,1
USIILAWARKIXKM-UHFFFAOYSA-N,1,,0
SVNHWLZUROYKTP-LADGPHEKSA-N,1,6.247183568811728,1
PIEDPXPDSBJFCQ-UHFFFAOYSA-N,1,,0
CTBCYIMBXFMSFW-IFMALSPDSA-N,1,,0
ZZOGNBGGXVYUEA-IFMALSPDSA-N,1,,0
ZJAXDNQQFMPNAV-UHFFFAOYSA-N,1,,0
UKOCGOXTVCIACM-UHFFFAOYSA-N,1,,0
ORRBREIXBAIZTQ-UHFFFAOYSA-N,1,6.2441251443275085,1
BFTXVLUTUUBYLQ-UHFFFAOYSA-N,1,6.2441251443275085,4
KYOJMOVGLXPOHH-UHFFFAOYSA-N,1,6.2441251443275085,1
WJOFBCYZALIRKI-UHFFFAOYSA-N,1,,0
JWBACCHTZDUJCB-IOASZLSFSA-N,1,,0
VQAXSIOYACBCCS-UHFFFAOYSA-N,1,,0
AXXFMVNEFOELFG-LBEPJEHYSA-N,1,,0
GWZXPAHTYVENKG-WKILWMFISA-N,1,,0
XAEGPGYCBVFNJE-KESTWPANSA-N,1,,0
FJTBQZNFUHLCOQ-UAPYVXQJSA-N,1,6.243439956993317,1
YQKVPKZIEDUDMI-UHFFFAOYSA-N,1,6.243363891754152,1
VGKVYVYBJMIGOD-UHFFFAOYSA-N,1,,0
LXCQKNOPMINDBU-UHFFFAOYSA-N,1,6.242792539709815,2
UROZVASCLWFZOW-UHFFFAOYSA-N,1,6.242603971206975,1
OWKWAFZWCZQWNM-UHFFFAOYSA-N,1,6.517889047587563,2
BEVNTRQRKQFZTA-UCWUDVSLSA-N,1,6.242277613743424,1
WDTMSPNCLRUYLZ-UHFFFAOYSA-N,1,6.2420625485173895,2
PDKUWYQYWIUNOG-UHFFFAOYSA-N,1,,0
KOPPWFMKOOMORI-UHFFFAOYSA-N,1,6.240958968590816,2
RPAZQDWESIXCRX-UHFFFAOYSA-N,1,,0
YHKSIIGCRXQDQA-UHFFFAOYSA-N,1,,0
SKCXLYQNMIOSKI-UHFFFAOYSA-N,1,6.238824186844269,1
YTFBRHUULHGVDP-UHFFFAOYSA-N,1,6.236830361305078,2
SIMWCYPGUODYMF-UHFFFAOYSA-N,1,6.236830361305078,2
WCWNYVYNQAPOOX-OAHLLOKOSA-N,1,6.236572006437063,1
QGHSFQANOLSQGB-UHFFFAOYSA-N,1,,0
LXBALWXAUSOISX-QAQDUYKDSA-N,1,,0
ZKIQTIIYWKTIGZ-GUJKFWMDSA-N,1,,0
QMTSFMDPFYQGDZ-GOSISDBHSA-N,1,6.235077015350111,1
RGHKLXUPKREMAG-UHFFFAOYSA-N,1,6.235077015350111,1
YGLPFEUWKJCWBD-UHFFFAOYSA-N,1,,0
GVZVJCKGJVWISH-UHFFFAOYSA-N,1,6.235028299170665,2
JPKHZHOYEQNEDE-UHFFFAOYSA-N,1,6.234260541478872,2
DIJKUIXRAWOVGJ-UHFFFAOYSA-N,1,6.2335871528876,3
ALORGORVZSRMKI-AZGAKELHSA-N,1,6.2335871528876,1
IMHPBHXANRDMAO-BUHFOSPRSA-N,1,6.232844133917819,1
ZEDJJTNDYYFYOC-UHFFFAOYSA-N,1,,0
ZLQMLDGHTKCIRQ-AOMKIAJQSA-N,1,6.232352939978615,4
XPKWZBRQMHEAAX-KESTWPANSA-N,1,6.231509894828755,1
MLUHKGHTLUYKBS-UHFFFAOYSA-N,1,6.231361898752386,1
HQURDNFFLCLLLC-ZRZAMGCNSA-N,1,6.230622673923861,1
CASUKCWJIMZQFD-UHFFFAOYSA-N,1,6.230622673923861,1
DIQJJEOAZURXOK-LLVKDONJSA-N,1,,0
UTXSOICYDAGUJA-UHFFFAOYSA-N,1,,0
KHPIIHSTQOPLRB-IFMALSPDSA-N,1,,0
OYEKUFKQGCYWCG-UHFFFAOYSA-N,1,6.229147988357855,1
FTCUBQDATNLTBT-UHFFFAOYSA-N,1,6.229147988357855,1
UJSHEWCIOJAMMI-UHFFFAOYSA-N,1,6.229147988357855,1
ISUMRTRTOVSWNW-UHFFFAOYSA-N,1,6.229147988357855,1
JMJMAIPPNDZPFH-UHFFFAOYSA-N,1,,0
PNKHRDPVHPGEHT-LBEPJEHYSA-N,1,,0
BTUIZHMEGKWEMO-UHFFFAOYSA-N,1,,0
CIXHXASWJFMKLE-FQEVSTJZSA-N,1,,0
ZUAUBRZOEHOURD-UHFFFAOYSA-N,1,,0
LXDKFBSEJYAHRD-UHFFFAOYSA-N,1,,0
CKAFITNCAHORFQ-IYARVYRRSA-N,1,6.227018549655036,1
BWJOFTXEAUJYMK-OJBMAJLDSA-N,1,6.226696372724902,1
KKKVUEKZGIPXTH-UHFFFAOYSA-N,1,,0
WYJCYXOCHXWTHG-UHFFFAOYSA-N,1,,0
XBLFSOZINOQZBU-UHFFFAOYSA-N,1,,0
SLVMESMUVMCQIY-AJWVYOOVSA-N,1,6.223932471452011,4
OBIIIJJDTMSOQS-UHFFFAOYSA-N,1,6.223298816011589,1
RMENJFVJVGUGAJ-UHFFFAOYSA-N,1,,0
MVVUJPWQKLPZEE-UHFFFAOYSA-N,1,6.222337881388325,2
LGUXLRSWEKEXMZ-UHFFFAOYSA-N,1,6.221848749616356,1
XHSVWFYHHXOZHB-UHFFFAOYSA-N,1,6.221848749616356,1
LKDKZDZBTSCLCY-KRWDZBQOSA-N,1,6.221848749616356,4
ZNJRNDKOAPREMV-UHFFFAOYSA-N,1,6.221848749616356,1
LTDTVIVWGGLMSW-UHFFFAOYSA-N,1,6.221848749616356,1
RXIFDJMCJKEING-XIFFEERXSA-N,1,6.221848749616356,1
PNQNPKIDRYQUHE-UHFFFAOYSA-N,1,6.221848749616356,1
YHCUIKZSZDBPQO-SKQWTEPWSA-N,1,,0
RVMUAKCKCUJBKV-UHFFFAOYSA-N,1,,0
VEOHVLUDWOXYPW-UHFFFAOYSA-N,1,,0
GNDZYAJDXQCFPO-UHFFFAOYSA-N,1,,0
IOENUXNLWXMOQG-CQSZACIVSA-N,1,6.220403508742176,1
IVJLEPPEOLFVAV-UHFFFAOYSA-N,1,6.220403508742176,1
ZGGKKZHFOKZWNM-UHFFFAOYSA-N,1,,0
XIHOJUYAGODVFH-JTSKRJEESA-N,1,,0
HRGLDIJXNKMLQF-XUTJKUGGSA-N,1,6.219898808532088,1
CLYNVSXWCAGMQB-UHFFFAOYSA-N,1,,0
JAOKCAPKMXUPOM-UHFFFAOYSA-N,1,,0
DMWWEOYTOCKCTC-UHFFFAOYSA-N,1,,0
XQQUULUGMJTWQN-BJSHUGAESA-N,1,,0
BZTWBPRITXQJLK-QGZVFWFLSA-N,1,,0
KLTMOUQCSMUREL-UHFFFAOYSA-N,1,6.218285089309547,2
CPKUIKQUAANRIQ-UHFFFAOYSA-N,1,6.2182446253475305,1
MRMFTAYATXSTSO-UHFFFAOYSA-N,1,,0
IQVLUGMPXUFAHZ-UHFFFAOYSA-N,1,,0
SNZILXJFTMMHEQ-UHFFFAOYSA-N,1,6.217527375833714,1
SGEGOXDYSFKCPT-UHFFFAOYSA-N,1,6.176525770829699,1
YWWSNUCDECZHPM-UHFFFAOYSA-N,1,6.2168113089247425,1
ZDGYKEJTDUCVRG-UHFFFAOYSA-N,1,,0
OLBITTLQHVXSOM-UHFFFAOYSA-N,1,6.216096420727265,1
YNWOVSGFFVVSBU-UQTQIZBZSA-N,1,6.2150262900456,1
QGLGNPCWSBQHAU-UHFFFAOYSA-N,1,6.214728530059051,4
MEPWUVRGPZZAFY-UHFFFAOYSA-N,1,6.214670164989233,1
XBGYRVVRFHZLSR-UHFFFAOYSA-N,1,6.214670164989233,1
XZHJITMMAUAOIV-UHFFFAOYSA-N,1,6.214670164989233,1
UVAUEIWFNXYKDF-DNLFPKPLSA-N,1,,0
DSQMOWVBQWIPID-GGYDESQDSA-N,1,,0
GJCNUKKVVZQSJA-QAQDUYKDSA-N,1,,0
LHGVDYIWDBIZNF-VLZXCDOPSA-N,1,,0
MPKOEBIUVHSEOH-ZVWHWTBFSA-N,1,,0
MTHGNUDPACETSB-HMRCJKRNSA-N,1,,0
SEEYDRHSWVYCLV-OFUUFJSKSA-N,1,,0
JPNVWOLGTXJVFQ-XUTJKUGGSA-N,1,,0
PMNZCFDKKKLFHH-UHFFFAOYSA-N,1,6.213958789757446,1
XTUBFYJCRZIUBT-KESTWPANSA-N,1,6.21261037864789,1
QGAQMNABIHSUAU-UKRRQHHQSA-N,1,6.211831628858832,1
LBZMBFXUYVOEEN-UHFFFAOYSA-N,1,,0
LLMBUJCYVGLEBH-UHFFFAOYSA-N,1,6.210565835666985,2
PYXPRMLVOWMRMK-JKIUYZKVSA-N,1,6.210489795909746,1
OXHFCAMGABAVGJ-MGBGTMOVSA-N,1,6.210419287835574,1
HAUUSSMWQKKSAX-FQEVSTJZSA-N,1,,0
AIFZEYXRSJHTOL-UHFFFAOYSA-N,1,,0
OKGHBHDLSXHOSY-WUKNDPDISA-N,1,6.769551078621726,1
DWDIQEPGVYBABO-OFNKIYASSA-N,1,,0
DHSSDEDRBUKTQY-UHFFFAOYSA-N,1,,0
DNLVWUGWSPNABX-AREMUKBSSA-N,1,,0
LHVNTWQOJGSYCB-UHFFFAOYSA-N,1,,0
SOTGCULHLGVSKQ-UHFFFAOYSA-N,1,,0
AIEYTUOHPYHFSW-UHFFFAOYSA-N,1,,0
ZDHMFNGMBGJLNF-AKRCKQFNSA-N,1,,0
CRAJXQNFXAOYDL-FXAWDEMLSA-N,1,,0
BNYKYKBRFUPQSI-UHFFFAOYSA-N,1,6.209176470345333,2
XFZGKJYILSESDD-PZJWPPBQSA-N,1,6.209011524911184,1
ZFVZMDQRPQIZMH-UKILVPOCSA-N,1,6.209011524911184,1
XOGVSNDTSKOGBY-UHFFFAOYSA-N,1,6.2083093509798815,1
GPALOBCMKKYZEA-UHFFFAOYSA-N,1,,0
WFLHEXUTTRRXFJ-UHFFFAOYSA-N,1,6.207608310501746,1
CBBXSFLTMNJOGU-UHFFFAOYSA-N,1,6.207608310501746,1
OTODYHHNOABMMX-UHFFFAOYSA-N,1,6.207608310501746,1
IXMZAEHXCUOHCK-UHFFFAOYSA-N,1,6.207608310501746,1
NECVYMDRWRRZKX-CDKYPKJRSA-N,1,6.207608310501746,2
VJEFULHYJJGZPU-SAABIXHNSA-N,1,,0
YOAVLBDWCVGCKZ-UHFFFAOYSA-N,1,,0
QAFWRHMUHQYYGU-UHFFFAOYSA-N,1,6.20690839982342,1
WQUZZFHQRGWHPE-UHFFFAOYSA-N,1,6.20690839982342,1
UFCMGCDUCCOYEK-UHFFFAOYSA-N,1,,0
OSAUGWDHZYWLTI-UHFFFAOYSA-N,1,6.206209615309181,1
KIRKSXHWZHQUBF-YJIPECKFSA-N,1,6.20551195334083,1
NCXZEVAISDJVIG-UHFFFAOYSA-N,1,6.204119982655925,1
DCUSPAKRQWQEKK-UHFFFAOYSA-N,1,,0
GUWMGLWQORYQFJ-UHFFFAOYSA-N,1,6.20342566678957,1
NJUHOBFYJCKTIZ-UHFFFAOYSA-N,1,,0
BUGWHHJMDZILIY-UHFFFAOYSA-N,1,6.203078924669831,1
YNIPMKHCYSYRFP-UHFFFAOYSA-N,1,6.201349354554731,1
AHCLBNDBOQTPGQ-OAHLLOKOSA-N,1,6.200659450546418,1
GNGLKSIMQABWGM-UHFFFAOYSA-N,1,6.200659450546418,1
GRHVCLHQXSTVGR-UHFFFAOYSA-N,1,6.200659450546418,1
VFZKZZYPGOBKJY-UHFFFAOYSA-N,1,6.200659450546418,3
CRZNBNPCQMURSC-UHFFFAOYSA-N,1,6.200659450546418,1
XMZPXAYYBORJQQ-UHFFFAOYSA-N,1,,0
UDFSBKOWQSCWPJ-UHFFFAOYSA-N,1,,0
OWLVWXYRTGDNMM-IYARVYRRSA-N,1,,0
YXLMDXDARNJQRB-JCNLHEQBSA-N,1,,0
SJJCRPJMKKRQSW-UHFFFAOYSA-N,1,6.199998318852138,2
AUNMRXBRTMEOSJ-MGFGWZDJSA-N,1,6.199998172182031,1
GHOIWSVCBGNCMR-RZFKFIIISA-N,1,6.199998172182031,1
BQFKTGZILBPMOY-PGWJBFNOSA-N,1,6.199998172182031,1
XXKFENINNOPLPU-MGFGWZDJSA-N,1,6.199998172182031,1
IZGMMZZMWKKGGX-XCZPVHLTSA-N,1,6.199998172182031,1
AIXVGZUOFPCOMV-IXCJQBJRSA-N,1,6.199998172182031,1
GISZCUSGSJKNJL-YRDXYIQISA-N,1,6.199998172182031,1
HUXFXXWYIRBVJR-UHFFFAOYSA-N,1,6.199998172182031,1
KRBRCRMUFRFNGT-UHFFFAOYSA-N,1,6.199998172182031,1
ZSHABDJGHVJYOC-HKNRPGJNSA-N,1,6.199998172182031,1
AFKRYMMWFODFAD-CSKARUKUSA-N,1,6.199998172182031,2
VCFMMDVFGUQTHR-HXUWFJFHSA-N,1,6.199998172182031,1
LKZYQJSJNFLIIO-UHFFFAOYSA-N,1,6.199998172182031,1
UICAAFBEFWZYOJ-WFCPMTAMSA-N,1,6.199998172182031,1
BMFWFJCGDHHUGP-QHJNGHOISA-N,1,6.199998172182031,1
SIXUZLJWMWYQSF-UHFFFAOYSA-N,1,6.199998172182031,1
WLLDCVHJRCZONV-UHFFFAOYSA-N,1,6.199998172182031,1
RUYAQBZRWRWQHR-UHFFFAOYSA-N,1,6.199998172182031,1
XOPUTZJGNOKLDY-UHFFFAOYSA-N,1,6.199998172182031,1
VBQPFBIQLMTMNM-UHFFFAOYSA-N,1,6.199998172182031,1
RKDBVDKLNHXCIZ-UHFFFAOYSA-N,1,6.199998172182031,1
DYDLMZLLICKPBG-UHFFFAOYSA-N,1,6.199998172182031,1
ZQIADMORWXCKPH-UHFFFAOYSA-N,1,6.199998172182031,1
MLUVBFQPCVSGBZ-LMTLIKQPSA-N,1,6.199998172182031,2
APGISPPDWLSWQA-UHFFFAOYSA-N,1,6.199998172182031,1
HDJCZKUMAPSZET-UHFFFAOYSA-N,1,6.199998172182031,1
RHSCKLKHJPKZNP-UHFFFAOYSA-N,1,6.199998172182031,1
FRYFTASOYSPSFB-UHFFFAOYSA-N,1,6.199998172182031,1
GBXGGFJVHZPNGD-UHFFFAOYSA-N,1,6.199998172182031,1
AWJOAMPQOUEKCN-KDYSTLNUSA-N,1,6.199998172182031,1
CCJLDYTVWAENSM-NZQKXSOJSA-N,1,6.199998172182031,1
QVNYQMPOJPXEFQ-UHFFFAOYSA-N,1,6.199998172182031,1
GHHKXCCOHHVPRP-UHFFFAOYSA-N,1,6.199998172182031,1
GSIRAOVJCFHRIN-UHFFFAOYSA-N,1,6.199998172182031,1
KRCTVIVPCMLXBB-FQEVSTJZSA-N,1,6.199998172182031,1
FSADUXJHZQYIQE-QHCPKHFHSA-N,1,6.199998172182031,1
YOCAICFOALLBEO-QHCPKHFHSA-N,1,6.199998172182031,1
QFGOTCHUFZRMMD-QFIPXVFZSA-N,1,6.199998172182031,1
YAQRLZQYOQZQDV-RUCARUNLSA-N,1,5.570000775141681,1
BGJXBVUWLFEJNM-CVDCTZTESA-N,1,,0
HWISWHUWIQAPMO-CILPGNKCSA-N,1,6.199997674573478,2
RARLPFKZTJRIOM-UHFFFAOYSA-N,1,,0
BXKULJBQDCCBKR-UHFFFAOYSA-N,1,,0
KKZGFVAZUKHFAC-UHFFFAOYSA-N,1,6.199513552156626,2
FIIJQHSUFMYWQS-UHFFFAOYSA-N,1,6.198612223445028,2
ORDQHUBWYZCTMA-UHFFFAOYSA-N,1,6.198596289982644,1
NKIKKVIRCFKCOG-FXCIWXGGSA-N,1,6.198596289982644,1
OCMWTQCINJDJDB-UHFFFAOYSA-N,1,6.197226274708024,1
GCDRSAPULUGVKU-UHFFFAOYSA-N,1,,0
CPIWUAZRERXKBW-UHFFFAOYSA-N,1,6.196701845410357,2
FGFQEEFTBWHCLW-UHFFFAOYSA-N,1,6.196542884351587,2
FJXRWQLSUYHSFX-UHFFFAOYSA-N,1,6.195179321278838,1
RNGOMAIWWMROMC-UHFFFAOYSA-N,1,,0
ICCKEQYPLWYEKK-MRXNPFEDSA-N,1,6.1938200260161125,1
MLDCBJPLHBPJET-UHFFFAOYSA-N,1,6.1938200260161125,1
BGJDVOKZOHLJPT-UHFFFAOYSA-N,1,6.1938200260161125,1
ZFRLEPMXXGKKBN-WPFOTENUSA-N,1,6.1938200260161125,1
OENRUMHRBQYCEY-UHFFFAOYSA-N,1,,0
FIEUCLRMVRKRIW-YIQCUVMYSA-N,1,,0
PCFSBZNPJGRVML-VQTJNVASSA-N,1,,0
SETUDWDSXHEINR-UHFFFAOYSA-N,1,,0
VNNNOJMMKZKFEA-UHFFFAOYSA-N,1,,0
KGHICJQDLKRYCB-AFARHQOCSA-N,1,6.193413065672197,1
JTAHZZXPELHTSL-UHFFFAOYSA-N,1,6.193141970481182,1
KWWXHTBOMLDWCE-UHFFFAOYSA-N,1,,0
HOPPBDCZOOMPDL-UHFFFAOYSA-N,1,6.192464971931146,1
CHGXPKZHRZIZSQ-UHFFFAOYSA-N,1,6.192464971931146,1
AZZXYTBUUQBLGH-AOYPEHQESA-N,1,,0
WCTUBAYTZGGHLK-UHFFFAOYSA-N,1,,0
VGARNUPXALCIJC-UHFFFAOYSA-N,1,,0
VOVXPCSLEFSNJQ-UHFFFAOYSA-N,1,6.190002844637807,1
XQIDBAGSIAXQHD-UHFFFAOYSA-N,1,,0
KAHXPONUPROIRS-UHFFFAOYSA-N,1,,0
BKNMXUNXXKWRNR-UHFFFAOYSA-N,1,6.189767482004916,1
CRAJXQNFXAOYDL-UHFFFAOYSA-N,1,,0
XDPJGUWWXSDVTP-UHFFFAOYSA-N,1,,0
FZDNUIQNUJFKIG-UHFFFAOYSA-N,1,,0
YYUNOOUJRWVVBW-BVHINDKJSA-N,1,,0
VZNBDFOHHGDJKC-UHFFFAOYSA-N,1,6.189411859112482,2
KAGSOBJQFAROBR-UHFFFAOYSA-N,1,6.189095719331299,1
KBSCSQTYTJMMEQ-UHFFFAOYSA-N,1,,0
PACGJHIALGCWJV-UHFFFAOYSA-N,1,6.187755303199631,1
YPIODQRZHCEAGF-UHFFFAOYSA-N,1,6.187086643357144,1
HTKIFNUUHOERMF-UHFFFAOYSA-N,1,6.187086643357144,1
BRZAPKIDJOPKEJ-UHFFFAOYSA-N,1,6.187086643357144,1
MSIBLNXVOGIRSA-UHFFFAOYSA-N,1,6.187086643357144,1
GQELUVZMNVVOHX-UHFFFAOYSA-N,1,6.187086643357144,1
YRIPLGKCIYJQGV-SAIGFBBZSA-N,1,6.187086643357144,1
OXFFXWBIWDAKRT-JKSUJKDBSA-N,1,,0
CBTZLJGZFWWZSF-QAQDUYKDSA-N,1,,0
VOHRIFJWKDCAAD-DLBZAZTESA-N,1,,0
QHIULQWGQMIOMJ-IYARVYRRSA-N,1,,0
WWGZVJLTFFUDLI-UAPYVXQJSA-N,1,,0
DUIAUYDNVUUFBK-VHEBQXMUSA-N,1,6.185752404268079,1
FORAQSMKEXXBJZ-MXVIHJGJSA-N,1,6.183891329260096,1
VCZAICHKRVTUHW-UHFFFAOYSA-N,1,6.183758700008217,3
AZROEFQJTPGYDS-UHFFFAOYSA-N,1,,0
ITUXESRMFODXIB-UHFFFAOYSA-N,1,6.18111458540599,1
SLMGXVGSOPZIFZ-UHFFFAOYSA-N,1,6.180229165473677,2
MNAFRWGRFIBAQX-AVRDEDQJSA-N,1,,0
JGGOHKJHMHHQML-OFNKIYASSA-N,1,,0
FKIOAWWWCGUPIH-UHFFFAOYSA-N,1,,0
AARWZLCCVAYIQN-UHFFFAOYSA-N,1,,0
OXHFCAMGABAVGJ-UHFFFAOYSA-N,1,6.17979854051436,1
MGPBHFVVGJDFMY-UZLBHIALSA-N,1,,0
FJYYLTSACBJXID-UHFFFAOYSA-N,1,6.179650735028674,2
FQXALFLSCOKUML-UHFFFAOYSA-N,1,6.178486471595226,1
QVCUVAFTSVIFFV-TZIWHRDSSA-N,1,,0
LAYZUOAFYSKTHQ-UHFFFAOYSA-N,1,,0
HFPHPWOFSUNVRW-QIBJJAHESA-N,1,,0
XZPQRIJZBKZROM-OAHLLOKOSA-N,1,6.176896193896657,2
KIRKSXHWZHQUBF-PGJPKGLCSA-N,1,6.175874166083451,1
CQEZTUMTHGCHPH-UHFFFAOYSA-N,1,,0
TXDNMFSXILPGFK-UHFFFAOYSA-N,1,6.175137907035239,2
VOPNYIHLMCVSPL-UHFFFAOYSA-N,1,6.17504064063229,2
PKOUVYCYGDKEDL-YBFXNURJSA-N,1,6.174573882232177,1
LVNLYIFCFLRMMH-UHFFFAOYSA-N,1,6.173925197299173,1
BJVNWTOKTUJQCC-UHFFFAOYSA-N,1,,0
CDHCKVBAZOTCNN-DLBZAZTESA-N,1,,0
JBQIFWSBUXXWMF-UAPYVXQJSA-N,1,,0
WAZOEZSHZLLENC-KLYXCBONSA-N,1,,0
ZIXSDYOKURBREP-IYARVYRRSA-N,1,,0
PPBAFHRXACXAFW-KESTWPANSA-N,1,6.173148052179356,1
CFBBXNURHJTUEK-UHFFFAOYSA-N,1,6.172630726946174,1
DSNCXRXGMZSRBV-GOSISDBHSA-N,1,6.171984935776023,1
PGDKRINPWAQWOE-UHFFFAOYSA-N,1,,0
PGTMRNBGCGSJFJ-UHFFFAOYSA-N,1,,0
IWZNOFWARONDLD-UHFFFAOYSA-N,1,,0
ZMHSNTLJQRUNNJ-UHFFFAOYSA-N,1,,0
KFWJKLDOLDILRK-UKILVPOCSA-N,1,,0
RLIMJSGHBMXEDY-NQIIRXRSSA-N,1,,0
YHKSIIGCRXQDQA-IVFBNWJGSA-N,1,,0
PHMGZAICAOYEAF-UHFFFAOYSA-N,1,,0
WOMMHANJCVMKAZ-UHFFFAOYSA-N,1,,0
URQQQDVXUYDCNP-UHFFFAOYSA-N,1,,0
ULYGZZPDPDMBCC-UHFFFAOYSA-N,1,6.167538053280959,2
MUTWETFLNKEWCG-UHFFFAOYSA-N,1,,0
INHVEWGDJNLCCN-UHFFFAOYSA-N,1,6.167491087293763,1
ICCKEQYPLWYEKK-UHFFFAOYSA-N,1,6.167491087293763,2
MPUAIZDJLBYYSS-UHFFFAOYSA-N,1,6.167491087293763,1
OCVVZZUNABZIKS-UHFFFAOYSA-N,1,,0
XHSRFVQGNJCGAD-GUDVDZBRSA-N,1,6.167171870460646,1
UPKMERWQQHPRMB-AQYVVDRMSA-N,1,6.166878398057083,1
ZBUOQRCOVPVZEE-UHFFFAOYSA-N,1,6.166852888087215,1
MALMJWHGEVOLFD-UHFFFAOYSA-N,1,,0
NOWHSPBMDLMCKJ-UHFFFAOYSA-N,1,6.165579296318468,1
LJEOXWDSLFLRNN-AQYVVDRMSA-N,1,6.165579296318468,1
ZRQMUCDHVVOENY-UHFFFAOYSA-N,1,,0
DZHFAWUKQABZMD-UHFFFAOYSA-N,1,,0
BLGXFZZNTVWLAY-SCYLSFHTSA-N,1,,0
RMGLEYGDPBYQMA-PMVMPFDFSA-N,1,6.162790472198793,1
KAEYIPLTXHGZRS-QAQDUYKDSA-N,1,6.1627272974977,1
WCWLPSUGBHNMHQ-UHFFFAOYSA-N,1,,0
WKJMTLYAUGYPDE-IFMALSPDSA-N,1,,0
UXDZDQRAGSHUBW-UHFFFAOYSA-N,1,,0
ZXWYTZGEVHHQHK-UHFFFAOYSA-N,1,,0
UHEJJZNLPMHGJA-UHFFFAOYSA-N,1,6.161150909262744,4
QCJIDMPIJUWNKR-UHFFFAOYSA-N,1,6.161150909262744,1
VOWFPVSNWUSCMB-UHFFFAOYSA-N,1,6.161150909262744,1
LOKNTFKIZJDADX-UHFFFAOYSA-N,1,,0
FZNQKIDQQPLCQR-UHFFFAOYSA-N,1,,0
DEJLBFQQDJSQMU-XUTJKUGGSA-N,1,,0
OGRYOYIDGBUEFL-XUTJKUGGSA-N,1,,0
LBYNXCSSGDKEPL-ZWKOTPCHSA-N,1,,0
WZANXVXLOKIMAM-SSDOTTSWSA-N,1,,0
OCFAISWIUDZBGF-UHFFFAOYSA-N,1,,0
LMYXDMLXVWZVJJ-QPPBQGQZSA-N,1,,0
JOHOQMIETZSDOL-UHFFFAOYSA-N,1,,0
PPLSEYBUMZWQHS-OFNKIYASSA-N,1,,0
JFJLJDBEIHLBLY-UHFFFAOYSA-N,1,,0
YHKSIIGCRXQDQA-CCMYNQISSA-N,1,,0
FUZTUBAKRJSXML-UHFFFAOYSA-N,1,,0
RTKQEPYQSOGOII-UHFFFAOYSA-N,1,,0
MQDDJWTVOBHYHX-UHFFFAOYSA-N,1,,0
XGYRKKQYBLBZCF-UHFFFAOYSA-N,1,6.158640529545146,1
CDDYFHPTUHQESK-UHFFFAOYSA-N,1,,0
XPSQPHWEGNHMSK-SECBINFHSA-N,1,,0
ZCBXYIZYCUOYFO-FPOVZHCZSA-N,1,,0
OJFGNESHNMETMU-UHFFFAOYSA-N,1,,0
ODVSDFIRQLJCEU-UHFFFAOYSA-N,1,6.157577319177793,2
SHTFROBRQSSMIJ-FYYLOGMGSA-N,1,,0
XMGXEOPVFDIPRH-UHFFFAOYSA-N,1,,0
OCMQSLHFQZYSMB-UHFFFAOYSA-N,1,6.156144577376839,1
SEINGJRWPXTFAX-UHFFFAOYSA-N,1,,0
LKPNIBAOVAQLNF-UHFFFAOYSA-N,1,6.154901959985743,1
AUQZROKGNYIFMG-UHFFFAOYSA-N,1,6.154901959985743,1
HXPLFONFARJCJA-UHFFFAOYSA-N,1,6.154901959985743,1
OCILYBWYAOZBTC-UHFFFAOYSA-N,1,,0
BVFIHIUYFGGHND-UHFFFAOYSA-N,1,,0
KPMLSODFRCJODQ-UAPYVXQJSA-N,1,,0
AZQFGKSDCVQAHH-IYARVYRRSA-N,1,6.153353671422883,1
MCSZDZVTMAGPMA-UHFFFAOYSA-N,1,6.153044674980176,1
XCARDCCUPWWHMP-UHFFFAOYSA-N,1,6.153044674980176,1
NKTWRBGCUILKQQ-UHFFFAOYSA-N,1,,0
HGDNRYBOAYQHNG-WGSAOQKQSA-N,1,6.151749285322957,1
VPXUAYLFOKMYIW-UHFFFAOYSA-N,1,,0
DMJMPRBSMLSUQZ-UHFFFAOYSA-N,1,,0
SUEOEIAHHKQAOM-UHFFFAOYSA-N,1,,0
ZRXJLMPTXLDCLV-UHFFFAOYSA-N,1,,0
CIZKQMKMGUKASR-AUSIDOKSSA-N,1,,0
LJWBNVJHNKSJSU-BVHINDKJSA-N,1,,0
AXPMHZJZVFNEBY-KRWDZBQOSA-N,1,6.149353764816933,1
WXQFNASFTKDHTC-UHFFFAOYSA-N,1,6.149353764816933,1
JPVBGGFMPCPVDU-JUUMZCOKSA-N,1,6.149108815864076,1
PCWXMSHXEKJUAY-UHFFFAOYSA-N,1,6.1487416512809245,1
PAOQGQGDDFSBTF-UHFFFAOYSA-N,1,6.1487416512809245,1
REHAKLRYABHSQJ-KDOFPFPSSA-N,1,6.1487416512809245,3
VLPUPQGQROBWIQ-QGZVFWFLSA-N,1,6.1487416512809245,1
VCSRUJJOQUHUJC-MRVPVSSYSA-N,1,6.1481651957194625,2
JYAPUSNOOULIIG-UHFFFAOYSA-N,1,,0
CKZRNAAKFUZSKI-GOSISDBHSA-N,1,6.146910470148134,1
WZPFDUCGTCDHML-UHFFFAOYSA-N,1,,0
SVRPCXIKUIQHAL-UHFFFAOYSA-N,1,,0
VMYGQMAGNAUNIJ-UHFFFAOYSA-N,1,,0
XOPDSATVNGEEAY-JKIUYZKVSA-N,1,6.144905048841379,1
MXOYXQGYDUXTOL-UHFFFAOYSA-N,1,,0
VYIBBUMRFFRMSQ-UHFFFAOYSA-N,1,6.142667503568731,1
NAUFGONVBIOHQY-WKILWMFISA-N,1,,0
ZTIHCPRBAJJIRW-SAIGFBBZSA-N,1,6.141884067809934,1
SAUWQAUYYQRKAV-UHFFFAOYSA-N,1,6.140861702705469,1
MCJDONVFVRLBAL-ILBGXUMGSA-N,1,,0
CYTWSFCTEHSEGC-UHFFFAOYSA-N,1,,0
UFUQIVBOXLXINJ-UHFFFAOYSA-N,1,,0
BLQLPPFWAKBJSW-UHFFFAOYSA-N,1,,0
LOHWYFHMCSFPRU-UHFFFAOYSA-N,1,,0
DVRLZAJGBLYQFK-UHFFFAOYSA-N,1,,0
GYKDCMFZJCNANX-UHFFFAOYSA-N,1,6.139997578098902,1
JZCCFPRFOOIKRY-XXBNENTESA-N,1,,0
VXILQLXJSINXHA-UHFFFAOYSA-N,1,,0
BUHDSUFFPNBSGG-UHFFFAOYSA-N,1,6.139063379299906,1
PKIFKVPKETUQOX-UHFFFAOYSA-N,1,,0
FPHFICIJDHPAHE-OALUTQOASA-N,1,6.138190082242268,2
ALPMTMYCYHOFLH-TZIWHRDSSA-N,1,,0
BUGXDURAZFUGEK-UHFFFAOYSA-N,1,6.137272471682025,1
RMGLEYGDPBYQMA-YEMPIKNUSA-N,1,6.137272471682025,1
ICCKEQYPLWYEKK-INIZCTEOSA-N,1,6.136677139879544,1
DISSGPVGANAWAA-ZUWFHJRGSA-N,1,6.136677139879544,1
OMGFHJJVBNGXBW-UHFFFAOYSA-N,1,6.136677139879544,1
HNKSCJOZAQWYMZ-QAQDUYKDSA-N,1,,0
KKKVTQFKSDZRGJ-VLMCNUBESA-N,1,,0
TWAGQMOSGNQWTA-WDRWKGISSA-N,1,,0
RCYQVAGOWPWGMT-NSSDIGLXSA-N,1,,0
YJBVDNFZPGPMBN-MIRVZWSXSA-N,1,,0
VYGXIFKVFAKJNM-FQEVSTJZSA-N,1,,0
CTMBSXSNFDPMFG-MBOZVWFJSA-N,1,6.135607594849411,1
IGUDRQBHUOBFPO-ISKFKSNPSA-N,1,,0
AAPXNHMQKBDDJN-PGRDOPGGSA-N,1,,0
YMPBYYINMWNUQV-IYARVYRRSA-N,1,6.134599881820698,1
BLSFBNPNIDSZLC-UHFFFAOYSA-N,1,,0
VRBKIVRKKCLPHA-UHFFFAOYSA-N,1,,0
CYPJMEGEBKHODC-UHFFFAOYSA-N,1,,0
SYUUHJHHENNOEK-UHFFFAOYSA-N,1,,0
RWOVNYCSIRVBRB-UHFFFAOYSA-N,1,,0
FGOIXPDJFSFBTI-UHFFFAOYSA-N,1,,0
OJCWQYKGGOVRLI-UHFFFAOYSA-N,1,,0
OGKVKDKJRLURJP-QAQDUYKDSA-N,1,,0
QSUZKISJHDJAOP-WKILWMFISA-N,1,,0
PWKPGNFUHDJMAK-NDQYQSCMSA-N,1,,0
RDSAUPRYZCQORM-BJTUFNSYSA-N,1,6.130000141365475,1
BIZMGZSJEDDVNF-UHFFFAOYSA-N,1,,0
JHVGQSBTPJECOW-UHFFFAOYSA-N,1,,0
AWLLDUFWUOASGN-UHFFFAOYSA-N,1,,0
SNUVZOMVUQKRMD-UHFFFAOYSA-N,1,,0
SFPBOMSMCNVMGQ-TZIWHRDSSA-N,1,,0
NABHHUMHJIHHIX-UHFFFAOYSA-N,1,6.126099954567816,2
CNAWUGXPLJMOSN-SFHVURJKSA-N,1,6.127150386698747,4
YWFAGVAANFJWKQ-QGZVFWFLSA-N,1,6.126679398184601,1
XISJOANVKUVBAU-UHFFFAOYSA-N,1,6.1259919938348935,2
HMDHSUIMQILHRP-UHFFFAOYSA-N,1,6.1249387366083,1
PBBGIYKMAVNTAL-UHFFFAOYSA-N,1,6.1249387366083,1
ZAJYDMAAHSFWGH-QGZVFWFLSA-N,1,,0
YTLMKJFOOUBBGS-UHFFFAOYSA-N,1,,0
PXQSRAWVKJTJBP-UHFFFAOYSA-N,1,6.1243022380197925,1
NABHHUMHJIHHIX-KRWDZBQOSA-N,1,6.102372908709558,1
IEWNTAYRFVUXFS-UHFFFAOYSA-N,1,,0
DEDWJTYEDQCEEJ-WIYYLYMNSA-N,1,6.123782159408358,1
KOVMYLKRTMAELX-ZWGSZDQZSA-N,1,6.123487724417226,1
YIILQFFSXRRLJQ-UHFFFAOYSA-N,1,6.123205023799299,1
PZIGYQHVJAFLAI-UHFFFAOYSA-N,1,,0
QIGRVQBAYKSEIV-UHFFFAOYSA-N,1,,0
KPWFNAZMRFBRMI-KESTWPANSA-N,1,6.122283199135023,1
GZVBVBMMNFIXGE-CQSZACIVSA-N,1,6.1220530483708115,3
OPAOHONEUXVLNP-LADGPHEKSA-N,1,6.121478204498794,1
JNJMDCMRJOXGIQ-UHFFFAOYSA-N,1,,0
SOCNUUMMBQZFRK-UHFFFAOYSA-N,1,,0
YIILQFFSXRRLJQ-LJQANCHMSA-N,1,6.120330794367947,1
XKTRZPQOQOCNJU-UHFFFAOYSA-N,1,6.119998611678231,1
LRLLQEVBYRSPTP-UHFFFAOYSA-N,1,,0
IYDUTHNIPZPIDW-UHFFFAOYSA-N,1,6.11975822410452,1
WVHMHWPHKVTXSC-UHFFFAOYSA-N,1,,0
NSKAPVHFELLKGE-UHFFFAOYSA-N,1,,0
NKVMKOOELRVUPV-UHFFFAOYSA-N,1,6.119186407719209,1
XBXGSRGFTFVODB-UHFFFAOYSA-N,1,6.119186407719209,1
BZDRSIBAGZRBSC-UHFFFAOYSA-N,1,,0
MAQDCPYEDSDANP-UHFFFAOYSA-N,1,,0
KLUQJNMZPFJSGW-UHFFFAOYSA-N,1,6.118615343229427,1
MNPQCNYHSBXSTH-UHFFFAOYSA-N,1,,0
OSFSWZUCOBPVDJ-UHFFFAOYSA-N,1,6.117475462045119,1
YDXFZRXCBRFBQS-IAGOWNOFSA-N,1,6.115771230367396,1
QXMPSRPHLSCHMP-UHFFFAOYSA-N,1,,0
RBGONAOLWTWGIH-HBCBNPTOSA-N,1,6.115317895793975,1
KFUGNQAXLKYRFD-UHFFFAOYSA-N,1,6.1153113369619305,2
MHNSOBBJZCWUGS-UHFFFAOYSA-N,1,,0
UGRVOYIHHOLSHQ-UHFFFAOYSA-N,1,,0
NMEPMLDUQJFQOK-KCWPFWIISA-N,1,,0
MLHOXJCQVSTIML-UHFFFAOYSA-N,1,6.113765798473359,2
MGZOXAOAEVISHM-UHFFFAOYSA-N,1,6.113509274827518,1
RXIFDJMCJKEING-MGBGTMOVSA-N,1,6.113509274827518,1
OJNANMGIAFOWHF-UHFFFAOYSA-N,1,,0
DHLUJJLUDHJNIY-QAQDUYKDSA-N,1,,0
QJERAWQQAOXOKR-SAUNMDRZSA-N,1,,0
OVJRPKRJFYSRHL-VQTJNVASSA-N,1,,0
AJKWTVBJXNYTPH-FVUUGDKNSA-N,1,,0
SQRMELSMCDEARL-IYARVYRRSA-N,1,6.1134528766088945,1
OTYXZNNRQGQFTH-UHFFFAOYSA-N,1,,0
JRGFVHLIOFAJGN-UHFFFAOYSA-N,1,,0
SUGHICCAJLONJR-WKILWMFISA-N,1,6.111651989821951,1
JYTBEUORVGHEBI-UHFFFAOYSA-N,1,6.111259039317107,1
CHORKXOAHORPHG-UHFFFAOYSA-N,1,,0
PNANRXSVZAPWNF-UHFFFAOYSA-N,1,6.110138278741811,1
CDTGPXQJMIHKOA-TZIWHRDSSA-N,1,,0
XQQUULUGMJTWQN-JHYNZKOVSA-N,1,,0
IAEAYBSXYIOILF-UHFFFAOYSA-N,1,6.110068332778587,2
NBHZBFZQSHJQHE-UHFFFAOYSA-N,1,6.109998386815363,1
TUSYNOYQWBWIFT-IAGOWNOFSA-N,1,6.109998386815363,1
QRUCJPHVVJRIMC-UHFFFAOYSA-N,1,6.1095789811990855,1
KUAYECUROPSOMH-UHFFFAOYSA-N,1,,0
UIHOENHXMONZDL-UHFFFAOYSA-N,1,6.107905397309519,1
CXLYWFQWNGCVEG-IYARVYRRSA-N,1,6.107905397309519,1
KNWOHCMLVYZTJW-IYARVYRRSA-N,1,6.107905397309519,1
WORAGLYTERKFFO-UHFFFAOYSA-N,1,,0
HSLNVWLELBRHSX-UHFFFAOYSA-N,1,,0
PLOJXPTWIFIEMZ-LYXWCMDISA-N,1,,0
NEIFIHLUPPCEQL-AFARHQOCSA-N,1,,0
TZHDOGYRHPETAK-JCNLHEQBSA-N,1,,0
ZEJGFUORSVMUEP-XIRDDKMYSA-N,1,,0
QXKURYVTBSPJPI-UHFFFAOYSA-N,1,,0
CKOUWIPOSAPIGS-IYARVYRRSA-N,1,6.107071017644794,1
HYAIONDADCANQM-UHFFFAOYSA-N,1,6.106793246940152,1
MFUJTRBRNGOLSJ-UHFFFAOYSA-N,1,,0
ULWSKYKKYCILKM-FYYLOGMGSA-N,1,,0
QYLUGTRKTMWTBF-IFMALSPDSA-N,1,,0
VDOKRNXOPISLCW-UHFFFAOYSA-N,1,,0
XHSRFVQGNJCGAD-FHWLQOOXSA-N,1,6.103198302335079,1
ZVHOLIZEVQEFBP-UHFFFAOYSA-N,1,6.1030719238582725,2
RGBNGNXRVODGQZ-UHFFFAOYSA-N,1,,0
FPUAKJDDMRFFBU-UHFFFAOYSA-N,1,,0
WTEJQFJEEYZWBK-UHFFFAOYSA-N,1,,0
LIXJRDNPUKACMR-UHFFFAOYSA-N,1,,0
MQJQYLQPSMPNAA-UHFFFAOYSA-N,1,,0
WHZDUNLDAICJFI-ORQYLMBXSA-N,1,,0
NJDSCCWXSSWOKI-UHFFFAOYSA-N,1,6.101823516502323,1
GZIHLYBPKBXRSW-UHFFFAOYSA-N,1,,0
DYZYHGICPUCIEO-UHFFFAOYSA-N,1,6.101274818410507,1
ZWXVFHQSORXZDQ-UHFFFAOYSA-N,1,,0
LGCNQKJCXSSMEC-UHFFFAOYSA-N,1,,0
ZIQDGXNDXRMRPM-VGOFRKELSA-N,1,,0
ZINLARKOVIPOJW-UHFFFAOYSA-N,1,6.0999990348465305,2
JBLAHJDPCUNHND-SAIGFBBZSA-N,1,6.0999990348465305,1
OPJTVMKUVYOWNC-WDYNHAJCSA-N,1,6.0999990348465305,1
XXNSAFMKWRWIBC-XRKRLSELSA-N,1,6.0999990348465305,1
RHNRGRRBWOZBRT-AREMUKBSSA-N,1,6.0999990348465305,1
GFAFSCXGLIXHFV-OOAXWGSJSA-N,1,6.0999990348465305,1
PNTBTATXSREBKG-UHFFFAOYSA-N,1,6.0999990348465305,1
JRKCKOYEMVTKCR-OGAOHHHESA-N,1,6.0999990348465305,1
JMYALEGZMZHDTN-MDZDMXLPSA-N,1,6.0999990348465305,1
XDGZSVPHADAZSU-UHFFFAOYSA-N,1,6.0999990348465305,1
JBIWUVRCMUOUNK-QGZVFWFLSA-N,1,6.0999990348465305,1
UUKCJRIPKQWEID-UHFFFAOYSA-N,1,6.0999990348465305,1
GPTQQMCUGXMPIE-OGAOHHHESA-N,1,6.0999990348465305,1
DEBXCTLSFPSLKI-UHFFFAOYSA-N,1,6.0999990348465305,1
BSOHQWLHOBZOOU-UHFFFAOYSA-N,1,6.0999990348465305,1
XIMFQVXENHJKEO-OQKWZONESA-N,1,6.0999990348465305,1
XYRLMCYNIVWAAM-UHFFFAOYSA-N,1,6.0999990348465305,1
BKLNFYXUBNZNOT-UHFFFAOYSA-N,1,6.0999990348465305,1
SRQHWWYGAZAWQB-HZPDHXFCSA-N,1,6.0999990348465305,1
DGTBKKBZRIVWMP-UHFFFAOYSA-N,1,6.0999990348465305,1
VANBZHNBQWYEMT-UHFFFAOYSA-N,1,6.0999990348465305,1
OTTSZTXIWXPOIL-UHFFFAOYSA-N,1,6.0999990348465305,1
DRKUAUJUSZGTGW-UHFFFAOYSA-N,1,6.0999990348465305,3
ZGKITGMYHCRUFD-UHFFFAOYSA-N,1,6.0999990348465305,1
FMJYIEYLOQSTQE-IBGZPJMESA-N,1,6.0999990348465305,1
HMSZGAMZVAVPLW-IBGZPJMESA-N,1,6.0999990348465305,1
XXPNWYXHQVWMTB-QHCPKHFHSA-N,1,6.0999990348465305,1
PLKYHUCBRLEYME-QHCPKHFHSA-N,1,6.0999990348465305,1
BSOHYTBASIBPHA-QHCPKHFHSA-N,1,6.0999990348465305,1
BGLYKONMLBFSGK-SFHVURJKSA-N,1,6.0999990348465305,1
BGRFOPBDZYUOMJ-UHFFFAOYSA-N,1,,0
DOTBLGLYTBUSJK-NVXWUHKLSA-N,1,,0
MXDSJQHFFDGFDK-CYBMUJFWSA-N,1,,0
KJEOOSAJFDVYPE-UHFFFAOYSA-N,1,,0
TZDYPFYPZGPSPS-OALUTQOASA-N,1,,0
ZIGNSANQGXWXBU-IBGZPJMESA-N,1,6.096910013008056,1
TXJCSVPVPOVNIL-UHFFFAOYSA-N,1,6.096910013008056,1
QUCXOFSWCJSLHA-UHFFFAOYSA-N,1,6.096910013008056,1
LRBUVURCWWAQQT-QGZVFWFLSA-N,1,6.096910013008056,1
WLGXAVSOEWKYQS-UHFFFAOYSA-N,1,,0
VZAPTAUVWQWZDW-UHFFFAOYSA-N,1,,0
IQCMYUXFEHXTKF-JCNLHEQBSA-N,1,,0
ZYDBRNKSTBPXRH-QAQDUYKDSA-N,1,,0
AMFZVTYRKIIUHJ-OWWJJEGGSA-N,1,,0
ROGRQIGZHYODFP-JUUMZCOKSA-N,1,6.096204857258964,1
HEHAZZLOEUQBDS-MUUNZHRXSA-N,1,,0
OEQABNLZLBEHPD-SSGKUCQKSA-N,1,6.095825631715837,1
SBLISCQZPBKWHN-UHFFFAOYSA-N,1,,0
FHMWRCSIRLHLAI-OUKQBFOZSA-N,1,6.09528445472132,1
AKAZDIQCZSDVHY-YLJYHZDGSA-N,1,,0
SJAVWFDEBXEFCQ-UHFFFAOYSA-N,1,,0
QPKPFUJFLVQTCR-UHFFFAOYSA-N,1,6.092911694620369,2
WAPXCWVANCEDGJ-UHFFFAOYSA-N,1,6.092588639225414,1
QYTGOVFVZCPBIO-JKIUYZKVSA-N,1,6.092158857417056,1
YFQOPLHEALSEEL-UHFFFAOYSA-N,1,6.092051478387727,1
AEVXOGLKVVRZCX-UHFFFAOYSA-N,1,6.091837913644675,2
IZRFSGDNQRHHKW-UHFFFAOYSA-N,1,6.091813055623819,2
TVURRHSHRRELCG-UHFFFAOYSA-N,1,6.0915149811213505,1
LELUFGKRDMZHEF-UHFFFAOYSA-N,1,6.0915149811213505,1
IOCBQXGKSWXFPW-QAQDUYKDSA-N,1,,0
MCNXDINEERCWGB-IBGZPJMESA-N,1,,0
OWRAOAOTYDAVKX-UHFFFAOYSA-N,1,,0
HHRGFYRLYOYIFM-IYARVYRRSA-N,1,6.09006974024717,1
CUFJQHNVDRIQJL-UHFFFAOYSA-N,1,,0
DVRLZAJGBLYQFK-OXJNMPFZSA-N,1,,0
GHXMJOBEVWDMLQ-UHFFFAOYSA-N,1,,0
WYUFNZWNEWDSLQ-UHFFFAOYSA-N,1,,0
NEGKSWMIZLWJGG-UHFFFAOYSA-N,1,,0
AFKGLNWCCRQRMJ-HNNXBMFYSA-N,1,,0
RTLTWRWPAQCBNJ-UHFFFAOYSA-N,1,,0
RMFLBNXQMNGIHR-CQSZACIVSA-N,1,6.086186147616283,1
YDDRYYASSGIIFK-UHFFFAOYSA-N,1,,0
OJORGHNUKQKUKG-UHFFFAOYSA-N,1,,0
UMYKTTKPSRPJRN-SMQSCJQKSA-N,1,,0
FCNYUNCSSSCOSB-OWWJJEGGSA-N,1,,0
CPYQIOWHIBJHPE-KESTWPANSA-N,1,,0
BABHTWLYCQUAQX-UHFFFAOYSA-N,1,,0
MPLFOTCUGHQPTL-UHFFFAOYSA-N,1,6.0835460514500745,1
VWMRBJMBBQZAKF-UHFFFAOYSA-N,1,,0
PZJGVCFSNKRINT-QGZVFWFLSA-N,1,6.083019952679618,1
PBXZWKMKQJSPNR-UHFFFAOYSA-N,1,,0
GSIBLYYMECNRRS-UHFFFAOYSA-N,1,,0
ARBMCJMFENZVMO-UHFFFAOYSA-N,1,6.081969663215119,1
ABKVEMFUXMVUSG-WGSAOQKQSA-N,1,6.0818123386410745,1
JIFZJJHUCHFIGP-UHFFFAOYSA-N,1,6.080921907623926,1
OMRFHGXPJWNBFO-UHFFFAOYSA-N,1,6.080921907623926,1
LARBLICNTVPFKD-JCNLHEQBSA-N,1,,0
DMAPCLHFHNJPKS-GBWYYYKWSA-N,1,,0
LGLAXVZDUIMUSC-UHFFFAOYSA-N,1,,0
UMEFKDHFJIKPGP-UHFFFAOYSA-N,1,6.0800019690359814,3
HOKRGWVLSKYIGL-UHFFFAOYSA-N,1,6.0800019690359814,1
HWPBJQCGTNVQQO-UHFFFAOYSA-N,1,,0
IQKUCRAAVAKXAF-RSLRFPALSA-N,1,,0
DVRLZAJGBLYQFK-UZLBHIALSA-N,1,,0
FLGSUSWMWSZVMP-UHFFFAOYSA-N,1,,0
DVSMVUMYJDOPJQ-UHFFFAOYSA-N,1,6.07915774677619,2
XORPIXFTSZPDAY-UHFFFAOYSA-N,1,6.078833949362261,1
KOUYZQIXUIGLHZ-UHFFFAOYSA-N,1,,0
KMKVUNHZQJHDJG-UHFFFAOYSA-N,1,6.07727454200674,1
ABHVAQKOVOLZPM-QAQDUYKDSA-N,1,6.077170780333351,1
NTXUZPFGBADASP-UHFFFAOYSA-N,1,6.076238039171299,1
SPPVESMPRIELSS-UHFFFAOYSA-N,1,,0
GIUIKVQZCWGRMY-UHFFFAOYSA-N,1,6.075720713938118,1
JJEJCAOIJWQBMJ-UHFFFAOYSA-N,1,6.075720713938118,1
MTEACUBKWDTOSU-KZNAEPCWSA-N,1,,0
QNHIVGLAGUCTDY-UHFFFAOYSA-N,1,,0
PMYFBYDQSGEVHT-DBTMUERSSA-N,1,6.074378545209171,1
JBVSQYZVCXMFCI-VAMGGRTRSA-N,1,6.074327006078759,1
XXUQXMYKXRYVTE-UHFFFAOYSA-N,1,,0
SEDSBEYYCSPKRY-UHFFFAOYSA-N,1,,0
NZTNTJJXYHMEGN-UHFFFAOYSA-N,1,,0
WZTRJNUHJASJJE-UHFFFAOYSA-N,1,6.071092309756047,1
UEAPAHNNFSZHMW-CQSZACIVSA-N,1,,0
BELDCHWNXBXUAP-FWNKOSSWSA-N,1,,0
LSQJPMUMQFFZON-LYXWCMDISA-N,1,,0
ZRSYGNXIJUXTIX-UHFFFAOYSA-N,1,,0
UIRLICKRUXJJNR-CVBYOTHMSA-N,1,,0
GPCOZCFGTRWRLE-UHFFFAOYSA-N,1,,0
LSKSSWIRNDMQHX-UHFFFAOYSA-N,1,6.070070439915412,1
QBXAIVGOAROPJH-UHFFFAOYSA-N,1,,0
BEYHWKKZIDOJLS-LOSJGSFVSA-N,1,,0
BADZIIJBCNPURN-GCJKJVERSA-N,1,,0
IQNFJPLUBGDYIL-UHFFFAOYSA-N,1,,0
AJKOTVCMUKNUGM-UHFFFAOYSA-N,1,,0
VVTLMNQMVBGPMD-VQIMIIECSA-N,1,,0
JDINHWPNVOJYSS-UHFFFAOYSA-N,1,,0
OMQYELRKBALQJF-JSGCOSHPSA-N,1,6.068542129310995,1
WZJSIHGOLMMBAL-UHFFFAOYSA-N,1,6.068542129310995,1
SBQXZROAPGSYPJ-UHFFFAOYSA-N,1,,0
XVRLZUUEOHNLID-LLVKDONJSA-N,1,6.0670191780768015,1
WQWCHMWUOFCWFU-UHFFFAOYSA-N,1,6.0670191780768015,1
SAWRNBNIFPXPCC-ACRUOGEOSA-N,1,6.06656333217372,1
WSVWKHTVFGTTKJ-UHFFFAOYSA-N,1,6.066512712151295,1
YJBGSZUYOGPUMC-UHFFFAOYSA-N,1,6.066266256070474,2
RWEPTLSUVVSWHX-UHFFFAOYSA-N,1,6.065501548756432,1
HFBUDRQPMNDKTM-UHFFFAOYSA-N,1,,0
WRBIMACSDAOMGX-UHFFFAOYSA-N,1,,0
LHGJGOWVRBPLNY-LZCISLPRSA-N,1,,0
LHGJGOWVRBPLNY-OBMJPTGESA-N,1,,0
ZCTATJJRGSGWBT-OJBMAJLDSA-N,1,,0
WDSFGGKHZHMPNE-SXTNBDNLSA-N,1,,0
VGIPYYQGXWSQEJ-UHFFFAOYSA-N,1,6.065090896010336,2
YNVKFHIWFDRVNY-UHFFFAOYSA-N,1,6.0650469435274506,2
GISMRNMZGNYAEU-AOYPEHQESA-N,1,,0
SFTJDRYGJIVCSK-UHFFFAOYSA-N,1,,0
KJBBTZPIHNWETK-UHFFFAOYSA-N,1,,0
RPBDTRSLAXVOEM-UHFFFAOYSA-N,1,6.06398920428479,1
SOKNKUMZPAEZEA-DENIHFKCSA-N,1,,0
NBJHQMZILODBNP-UHFFFAOYSA-N,1,,0
BMPOKXVXNLPKTD-UHFFFAOYSA-N,1,6.062983892535186,2
XGWUEDFPOSFGBM-QAQDUYKDSA-N,1,6.062482107982653,1
CIQZMHMOCHBPHK-UHFFFAOYSA-N,1,,0
TULOEXKDPBREQC-UHFFFAOYSA-N,1,,0
WVPMAZJVALETCI-ALOJWSFFSA-N,1,6.061930813776614,1
QJIHBQHUALITFU-UHFFFAOYSA-N,1,6.060980223551334,1
WBVLCBQDISBZLH-AQYVVDRMSA-N,1,6.060980223551334,1
SNFLVHDMWFYRRB-UHFFFAOYSA-N,1,6.060739102249396,2
ONJJIEKDZQAGJP-UHFFFAOYSA-N,1,6.060480747381382,1
SMQPEHDUZWMGGB-UHFFFAOYSA-N,1,6.060480747381382,1
SAUWBVJOXSKPQX-UHFFFAOYSA-N,1,6.060480747381382,1
ACUOSRXKTFDQLE-IOWSJCHKSA-N,1,,0
BXKFXOACSNDHEK-QYBDOPJKSA-N,1,,0
ZBOKLEQSVNFDRU-ZWKOTPCHSA-N,1,,0
QIUOKLGCJSMRSR-SAABIXHNSA-N,1,,0
BTSCZNWXJQSJIE-UHFFFAOYSA-N,1,6.060001790087838,3
DWDIQEPGVYBABO-REWPJTCUSA-N,1,,0
DRMNJQDZXRGJRN-YKSBVNFPSA-N,1,,0
QBLFVLVMLBAUAE-LJQANCHMSA-N,1,6.059981844992336,1
GXOYNBTVJDTLKB-YKSBVNFPSA-N,1,,0
GFXGGKFVAYIGGO-LSTHTHJFSA-N,1,,0
JVTXPXRMOCVEDH-XYWHTSSQSA-N,1,6.059882133252282,1
JFMAZBIWGGSVJX-SFHVURJKSA-N,1,6.0598791120522595,4
HNHYEMWEPKSHFD-UHFFFAOYSA-N,1,,0
PUBJYQBGANRJGV-UHFFFAOYSA-N,1,,0
ZOTHIOXZBKRTPZ-UHFFFAOYSA-N,1,,0
LJSHEDSLOSMRDN-UHFFFAOYSA-N,1,,0
MBFSQZAMVIHRPT-UHFFFAOYSA-N,1,6.055517327849831,1
QVUZSJNQXRQOLM-DTKOAWRHSA-N,1,6.05453141486818,1
WIDARYDIQORZIK-UHFFFAOYSA-N,1,6.054039296422431,1
ACHQQXOLWIKHRK-UHFFFAOYSA-N,1,6.05367448306135,2
NJGXPLCCNMCTEL-UHFFFAOYSA-N,1,6.053056729302174,1
NJOGRMMAMLWHAA-UHFFFAOYSA-N,1,,0
BYXLAWSTXWDXIK-UHFFFAOYSA-N,1,,0
GATDTMAYFGZGAV-UHFFFAOYSA-N,1,,0
WZQLVEPIBAOOGF-RMMWZPCPSA-N,1,,0
MKNRXBPDERAOEB-UHFFFAOYSA-N,1,6.052076380168273,1
JBVSQYZVCXMFCI-UFYCRDLUSA-N,1,6.051880575619464,1
DPWOYQPDXBTFJT-CJNGLKHVSA-N,1,6.050609993355087,1
CERLEBZSZWVJEJ-UHFFFAOYSA-N,1,6.050609993355087,1
VUQFQRNHGGYQGK-UHFFFAOYSA-N,1,6.050609993355087,1
DXFJRUPMNBYXGA-FVUUGDKNSA-N,1,,0
BKNAUTOAXGRBHL-QRTMHTFLSA-N,1,,0
YROMNPOPNCSEGR-LQFQNGICSA-N,1,6.050451049646339,2
OTSVAHKQZLNXPN-FQEVSTJZSA-N,1,,0
WAFXOAGOOZIJGE-XLIONFOSSA-N,1,,0
GOTMKOSCLKVOGG-OAHLLOKOSA-N,1,6.025000228570039,2
ZDHMFNGMBGJLNF-OFNKIYASSA-N,1,,0
CDLTZBNPLAYVJT-UHFFFAOYSA-N,1,6.049999517423265,2
OGHDWFXSMLKLNB-UHFFFAOYSA-N,1,6.049635145623877,1
IBWTYJNEHLEZKF-UHFFFAOYSA-N,1,,0
NMJMSKLEZGNFJH-UHFFFAOYSA-N,1,6.048455006504028,2
TXVUROLPUDSHNS-XHUJMWDFSA-N,1,,0
WDDZPZKGLZNGEH-INIZCTEOSA-N,1,6.047691990337874,1
GXSSUFRMGVMARC-UHFFFAOYSA-N,1,,0
VZWLMLULZYPQLO-UHFFFAOYSA-N,1,,0
BPXOVNRRDFBZBM-UHFFFAOYSA-N,1,6.04764222736066,2
TUZNGRNEPJAFOL-UHFFFAOYSA-N,1,6.047396959799068,2
IIFAQXPNYXJBMU-UHFFFAOYSA-N,1,6.047343888744465,2
OHJSWFDQAUGCDZ-TZIWHRDSSA-N,1,,0
LAMJBNSSIXREIQ-UHFFFAOYSA-N,1,,0
FKIIRAHSARSGPF-UHFFFAOYSA-N,1,6.0467247404492745,2
HXEXYULSUCMWPN-HZPDHXFCSA-N,1,6.045757490560675,1
SVAAEZGFWVDPDN-UHFFFAOYSA-N,1,6.045757490560675,1
XTZZQQZBOKCCIX-UHFFFAOYSA-N,1,6.045757490560675,1
DUTVAWSMMMBCQT-UHFFFAOYSA-N,1,6.045757490560675,1
BLTZCNFSGZPIFQ-OAQYLSRUSA-N,1,6.045757490560675,1
ZKMMUOFYONDNCU-OALUTQOASA-N,1,6.045757490560675,1
QGYISVLNCIERMJ-PZJWPPBQSA-N,1,6.045757490560675,1
WRUNDYWPHKJEIH-UHFFFAOYSA-N,1,,0
WELSMEFKUXDCLH-XUTJKUGGSA-N,1,,0
GOPXEUGGDXDMDT-UHFFFAOYSA-N,1,,0
OVNWEDVAMBIZAQ-UHFFFAOYSA-N,1,,0
SMLCPNKOWBEDFF-UHFFFAOYSA-N,1,,0
FBGLPECKCFZJFU-UHFFFAOYSA-N,1,6.043831569524636,1
LJYNWWWADGCGMQ-UHFFFAOYSA-N,1,,0
QDRMTYQLXZSORG-UHFFFAOYSA-N,1,6.041914151478915,1
YJNUYVIFARPTCL-UHFFFAOYSA-N,1,6.041773025725037,2
UCTWMZQNUQWSLP-VIFPVBQESA-N,1,,0
QRBKIEDIHQEIKP-XLIONFOSSA-N,1,,0
UTLSOLPDKDYHNU-IYARVYRRSA-N,1,,0
YEUOAQOPSABWMD-KESTWPANSA-N,1,,0
ISLIDTBUGBXVJF-AQYVVDRMSA-N,1,,0
DABGEKAEKHHGFN-UHFFFAOYSA-N,1,6.040771722800394,2
AXPMHZJZVFNEBY-UHFFFAOYSA-N,1,6.040481623027002,1
GTNQPSDMJWWWGY-UHFFFAOYSA-N,1,,0
KGFRNHHUAVUXQB-UHFFFAOYSA-N,1,6.04047950368785,2
NQWKDRVBJLVQDS-UHFFFAOYSA-N,1,,0
WRPJRNBABVMDIF-UHFFFAOYSA-N,1,,0
GUALSDMCGOLFSS-XYWHTSSQSA-N,1,6.040000399696793,1
KRBNQAMCSOMKIU-UHFFFAOYSA-N,1,,0
YCGXHEJETHPGPD-UHFFFAOYSA-N,1,,0
GGRNBVPHYHLXDV-UHFFFAOYSA-N,1,,0
OMXJWXICMCUBRZ-MGPUTAFESA-N,1,,0
FBQVSOZYMOLIKP-IBGZPJMESA-N,1,6.039053804266168,1
XIVNNVSJZJLDHD-UHFFFAOYSA-N,1,,0
SAWRNBNIFPXPCC-NJDAHSKKSA-N,1,6.038721320914957,1
FKBRVKLQNBDXPE-UHFFFAOYSA-N,1,,0
VLMVFBMJXRVZOG-WGSAOQKQSA-N,1,6.0385789059335515,1
IERLWRGUKNBJKE-UHFFFAOYSA-N,1,,0
DYVLYWKEJHHXOH-GXTWGEPZSA-N,1,6.0376306643299795,1
DYVLYWKEJHHXOH-JSGCOSHPSA-N,1,6.0376306643299795,1
DJHHAPHHUCKKIN-SJORKVTESA-N,1,6.037157318798758,1
FHOVKJHMUHGSDG-OJBMAJLDSA-N,1,6.036448266425904,1
PHSMQRWSBVFISF-UHFFFAOYSA-N,1,,0
CCHNZOHVOULQIT-UHFFFAOYSA-N,1,,0
SWBDXLYGHQRFIV-WGSAOQKQSA-N,1,,0
ZFYHDORWLOTBMB-LYXWCMDISA-N,1,,0
HEYGEKGBOXBVRP-PAVFIEEWSA-N,1,,0
IVGKEFCVDHKRFY-AQYVVDRMSA-N,1,,0
VKFAOBDNOUTZCC-UHFFFAOYSA-N,1,6.03574036980315,1
PUMDJZOMWDDEEH-UHFFFAOYSA-N,1,,0
PMBDKZARCOUAFU-UHFFFAOYSA-N,1,,0
TZMNVWQJGVVEND-AZUAARDMSA-N,1,6.0347982989740885,1
HUIZNJVXOSCZJU-UXLOVFDUSA-N,1,6.0347982989740885,1
BVAQJIHTMVINPX-YLJYHZDGSA-N,1,,0
XIVALFSMOKTRNY-AVJWEPTDSA-N,1,6.033154576345083,1
UAKDULMGTDUKRO-UHFFFAOYSA-N,1,6.032920265855503,1
HAUVXRLEPNGKLS-UHFFFAOYSA-N,1,,0
SHHFQLUNMKEEAE-UHFFFAOYSA-N,1,,0
PPRPQASEYHUGIG-UHFFFAOYSA-N,1,,0
CQGCCVPXYLTEHT-UHFFFAOYSA-N,1,6.031517051446064,1
NIIYYNMLJBPZMZ-JKSUJKDBSA-N,1,,0
UHAUBAVEWTXMNB-UHFFFAOYSA-N,1,6.031050319018657,1
BZDLIFJGLFMOCS-UHFFFAOYSA-N,1,,0
LEFQLABYYVJLDZ-UHFFFAOYSA-N,1,,0
MQKYKBUIIVGNTD-UHFFFAOYSA-N,1,,0
HCQFHRLKBNOPPR-UHFFFAOYSA-N,1,6.030240373690691,2
GPDZHKOGLHALQL-AVRDEDQJSA-N,1,,0
IZROAUDTDDADJI-UHFFFAOYSA-N,1,,0
AAPXNHMQKBDDJN-GCJKJVERSA-N,1,,0
WOWRXMYCLGLRFQ-UHFFFAOYSA-N,1,,0
JFDSONZAQMFHCW-UHFFFAOYSA-N,1,6.029653123769906,1
PQFHVDFLICEIKC-RTWAWAEBSA-N,1,6.029188389127482,1
KRGUVGVAIPSTCB-UHFFFAOYSA-N,1,6.028724151261895,1
JQBHQHNVJCDNEL-ZCLRBYCSSA-N,1,,0
OFDQLTVLCXEIAI-UHFFFAOYSA-N,1,6.028091153623102,2
UFMVMASXCZSNCW-XUTJKUGGSA-N,1,,0
DPZGNBYQYWDDEZ-WKILWMFISA-N,1,,0
MEHMCAALFDXXGP-UHFFFAOYSA-N,1,6.0254883072626715,1
HHDJZPNFXJLNJK-HSZRJFAPSA-N,1,,0
TZDQKZXAVLFVAU-UHFFFAOYSA-N,1,,0
PPFOWMXZBSOTKT-UHFFFAOYSA-N,1,,0
KZWUXBIYAIXWII-MRGVAMFXSA-N,1,6.024384402033105,1
XZPQRIJZBKZROM-HNNXBMFYSA-N,1,6.023845995168937,2
HPUYFCNUROWQBG-UHFFFAOYSA-N,1,6.023620724854763,2
XSRZDWFALCQUFX-RIYZIHGNSA-N,1,6.023191662661934,1
CWRQNZXCKKVFTG-MJGOQNOKSA-N,1,6.023191662661934,1
VJMHFTWPTBTXRW-UHFFFAOYSA-N,1,6.022878745280337,2
QFHWIGIQQPTXBG-UHFFFAOYSA-N,1,6.022276394711152,1
HMNQGWRAUUDLTE-UHFFFAOYSA-N,1,,0
WNJFVRDWMYZFCD-JKSUJKDBSA-N,1,,0
OWSJXULEJAVZGP-DLBZAZTESA-N,1,,0
SUTCZLHSJOQUEU-KESTWPANSA-N,1,,0
UEMSZTJJYVOVMY-UHFFFAOYSA-N,1,,0
MJDLYRJRCRLNGE-UHFFFAOYSA-N,1,6.021819483062586,1
PPLIBGVHLPPEBD-UHFFFAOYSA-N,1,6.021363051615525,1
KTQNLFJFAOQCKC-UHFFFAOYSA-N,1,,0
HBMNQVFQLLXUMR-UHFFFAOYSA-N,1,,0
RKJGOTQLYDWXJL-UHFFFAOYSA-N,1,,0
DVUOLXOWKHDIAV-XXBNENTESA-N,1,,0
XNXXPSMSYLDFBF-UHFFFAOYSA-N,1,,0
XIHOJUYAGODVFH-UGNFMNBCSA-N,1,,0
SLHJBGQZNOFTDB-IFMALSPDSA-N,1,,0
WPDISOIHGGRFRZ-WGSAOQKQSA-N,1,6.018362575344231,1
WZOMJNATDSYQHS-ZPWQMVEJSA-N,1,6.018181392829336,1
UOQPMMUMTSDTOB-IYARVYRRSA-N,1,6.018181392829336,1
RKWDQZZKDQAENU-UHFFFAOYSA-N,1,6.017728766960431,1
JAOXKCOCADFHNG-UHFFFAOYSA-N,1,6.017728766960431,1
LSWAIDPZAGTFNI-UHFFFAOYSA-N,1,,0
XUAUIXCHBXOTAB-PAVFIEEWSA-N,1,,0
UPWPDOXZYFFWOS-UHFFFAOYSA-N,1,,0
BNVHQFIRDRSKFK-UHFFFAOYSA-N,1,6.016824927962187,1
CQNWLYUGTVHPNE-TZIWHRDSSA-N,1,,0
DKYKYMRCBZJRME-HYBUGGRVSA-N,1,,0
UGRUVQBETHORJS-UHFFFAOYSA-N,1,,0
SYEUZBHYJOPLBK-QGOAFFKASA-N,1,6.016373712875465,1
HRFJJRGWVMXDND-UHFFFAOYSA-N,1,,0
FYHOSCUNTXUTGZ-UHFFFAOYSA-N,1,,0
USOMZJJKRPELBV-UHFFFAOYSA-N,1,,0
GMCJUANYGWCBDC-UHFFFAOYSA-N,1,,0
TULCHGQYHOEOOE-CCEZHUSRSA-N,1,6.015922966097169,1
QWSLRVUGOHVJKP-IFMALSPDSA-N,1,,0
DSUVZVBZNSPSQB-UHFFFAOYSA-N,1,,0
OLRDLGNPSAUGKS-UHFFFAOYSA-N,1,6.013228265733755,1
PAAYROHKUKZSEG-UHFFFAOYSA-N,1,,0
HSCUDLWMSFZPQC-SMQSCJQKSA-N,1,,0
RTOJMLUBCKNAEH-UHFFFAOYSA-N,1,,0
GJFBEHIWIGLENN-VHEBQXMUSA-N,1,6.012333735073725,1
JCVRULBFKAIIAS-UHFFFAOYSA-N,1,,0
OYYAWRVAKORPPE-SSDMNJCBSA-N,1,,0
GWZPCOVXCOPKJA-UHFFFAOYSA-N,1,6.010497074633401,2
GPDZHKOGLHALQL-XMSQKQJNSA-N,1,,0
ZRQADOCXGLFZJC-OXJNMPFZSA-N,1,,0
GWXIZHPBMCIUCC-UHFFFAOYSA-N,1,,0
ZKWZUVGPRUXMER-UHFFFAOYSA-N,1,,0
XIDCICLXZSWQGO-WUFINQPMSA-N,1,,0
AYLLMRKBBYQUGB-UHFFFAOYSA-N,1,6.009217308196862,1
WZKDDXSAKSUASX-UHFFFAOYSA-N,1,6.008773924307505,1
QXWNESOGWFJDFR-RHSMWYFYSA-N,1,6.008773924307505,1
JJEJCAOIJWQBMJ-FQEVSTJZSA-N,1,6.008773924307505,2
DMJWENQHWZZWDF-PKOBYXMFSA-N,1,6.008773924307505,2
BOUDGQUEAMMTAE-UHFFFAOYSA-N,1,,0
GFIWVFPRSFCUJU-PAVFIEEWSA-N,1,,0
LJPDJGGEVPZFMY-UHFFFAOYSA-N,1,,0
QBCMAEWHGOHJTN-UHFFFAOYSA-N,1,,0
ZOXQOLDAOFYVMZ-UHFFFAOYSA-N,1,6.007004901568658,1
VQEFMIATWHWTNX-ZDUSSCGKSA-N,1,6.006838111474617,4
JYEKEEYIUIJIPG-UHFFFAOYSA-N,1,6.005682847330363,1
NXIPJCMKQNCCQK-UHFFFAOYSA-N,1,,0
JNODQFNWMXFMEV-UHFFFAOYSA-N,1,6.199998172182031,1
CKIPXVNSJRXNTQ-UHFFFAOYSA-N,1,,0
PNCPYILNMDWPEY-QGZVFWFLSA-N,1,,0
ZJQAMIJDWJOQRB-UHFFFAOYSA-N,1,,0
KTLWNSMULUTOGN-UHFFFAOYSA-N,1,6.00436480540245,1
MXKOYALXZMWGCQ-UHFFFAOYSA-N,1,,0
ZERNPQRYLXBKKZ-XUTJKUGGSA-N,1,6.0034883278458215,1
OXKMARLXXNQVMY-CTNGQTDRSA-N,1,,0
WZTYACMHNKRTAE-UHFFFAOYSA-N,1,,0
GWAVQBXUVNSXRO-UHFFFAOYSA-N,1,,0
QIVGZELWYADNGV-ZBJSNUHESA-N,1,6.002176919254275,1
IBGMJKNDQYWIAZ-UHFFFAOYSA-N,1,6.001740661576301,1
WRBKFBAHOMAFKJ-WGSAOQKQSA-N,1,6.001740661576301,1
JJZFWROHYSMCMU-UHFFFAOYSA-N,1,,0
PRDAXZPQPYWOJJ-UHFFFAOYSA-N,1,6.000869458712629,1
YUXGGLCIOFCGBA-UHFFFAOYSA-N,1,6.000869458712629,1
MNHUYGGZIREYSK-UHFFFAOYSA-N,1,,0
SWYRWYLIJXJVNV-HCGLCNNCSA-N,1,6.000695427661651,1
KLTVYCHNHMTZNG-WGSAOQKQSA-N,1,6.000130307891732,1
OJCBIYVJAWOBLI-XBISEHGESA-N,1,6.0,1
TWPGFOWTCCVBGS-VMPREFPWSA-N,1,6.0,1
RHNRGRRBWOZBRT-UHFFFAOYSA-N,1,6.0,1
ISTZGGNVALEGHJ-CILPGNKCSA-N,1,6.0,1
MXXYXEAKIQRROV-UHFFFAOYSA-N,1,6.0,1
BYFGXTUYWNOQIF-UHFFFAOYSA-N,1,6.0,1
QOUVFTQPYVSKEQ-QILAJZQNSA-N,1,6.0,1
IFIIHJSXBMXLER-QGZVFWFLSA-N,1,6.0,1
OQCUZRRTKCFWET-OAHLLOKOSA-N,1,6.0,1
YFRPYRGBQBMLTB-XYOKQWHBSA-N,1,6.0,1
OWKPSSGANQPLEI-UHFFFAOYSA-N,1,6.0,1
JTAWXZPSQGLYQG-UHFFFAOYSA-N,1,6.0,1
SWVCTRVZUDUHBL-QGZVFWFLSA-N,1,6.0,1
UFWPYANZTHOAEN-UHFFFAOYSA-N,1,6.0,1
NIDNSGGKXKJNLV-UHFFFAOYSA-N,1,6.0,1
AZJRPMAIBIEISW-TZMCWYRMSA-N,1,6.0,1
RTJYNDZSOVYLSA-UHFFFAOYSA-N,1,6.0,1
IQVKKBCPICOQPV-UHFFFAOYSA-N,1,6.0,1
HBQUUZVSFQDTPW-UHFFFAOYSA-N,1,6.0,1
BLTZCNFSGZPIFQ-NRFANRHFSA-N,1,6.0,1
JGHHCQJAWMYFGE-UHFFFAOYSA-N,1,6.0,1
OPNMLXKOFJADTH-UHFFFAOYSA-N,1,6.0,1
PYDCBKVOIWIWLP-UHFFFAOYSA-N,1,6.0,1
FEQJNVMOFHFOGP-UHFFFAOYSA-N,1,6.0,1
RFIKMECJVGIKGU-UHFFFAOYSA-N,1,6.0,1
ANYPUOSSIOCSJC-UHFFFAOYSA-N,1,6.0,1
PKGJBHXJYDGBET-UHFFFAOYSA-N,1,6.0,1
ASRDPULQBHFPGU-WFIHMLKPSA-N,1,6.0,1
VTSMNPQRBXHIOD-UHFFFAOYSA-N,1,6.0,1
KOJCGDRJEPIJRS-UHFFFAOYSA-N,1,6.0,1
HHTPKGOFGTYZBP-UHFFFAOYSA-N,1,6.0,1
HGYQVRAMBVYKQO-UHFFFAOYSA-N,1,6.0,1
VLOIKNXQTLFVIH-OKDJAKQTSA-N,1,6.0,2
ZAGHVNSWDNQPSI-AZUAARDMSA-N,1,6.0,1
AJNRYBGLAQDAEO-DYVFJYSZSA-N,1,6.0,1
UYVCLAKGXPJPHJ-UHFFFAOYSA-N,1,6.0,1
GVHLBPYEIBTYRR-IBGZPJMESA-N,1,6.0,1
VSVCCWQJHSJDMV-SFHVURJKSA-N,1,6.0,1
GVRKTUGZYSOYMQ-QHCPKHFHSA-N,1,6.0,1
PNTAECGMYJNBSW-QHCPKHFHSA-N,1,6.0,1
PLQWTOQXQJAHBY-QHCPKHFHSA-N,1,6.0,1
FNZOOYYZKQCPEG-UHFFFAOYSA-N,1,6.349706605390646,2
ORSIHAZQLFPIQY-UHFFFAOYSA-N,1,,0
AAPXNHMQKBDDJN-AVRDEDQJSA-N,1,,0
WEFBOGOBWJVPBI-UHFFFAOYSA-N,1,,0
FASDKYOPVNHBLU-SSDOTTSWSA-N,1,,0
XGCQKFFIRIFVIZ-UHFFFAOYSA-N,1,,0
ZAFAQAJYDSJNDH-UHFFFAOYSA-N,1,,0
PDEOWFLSMSAWTN-UHFFFAOYSA-N,1,,0
AFUKYYCEJQNSBL-IYARVYRRSA-N,1,,0
LAUHZVOYMPVSHN-CDSYHYPYSA-N,1,,0
GZSFYWPBBDGROV-SMQSCJQKSA-N,1,,0
UZWFPAGPMDHLOW-IHRKKFBRSA-N,1,,0
NVQYUJQBGUNKEL-HMRCJKRNSA-N,1,,0
UOAJXLKVGXLXPT-QAQDUYKDSA-N,1,,0
ABXQTPKTPDAAGS-XGAFWQRZSA-N,1,,0
NQGXAETZRJZODZ-QAQDUYKDSA-N,1,,0
ZNDQQIIBZBVUEP-QAQDUYKDSA-N,1,,0
ZGFFHDZTIIMMPT-BZSNNMDCSA-N,1,,0
VFGWQQNKIVMZLG-UHFFFAOYSA-N,1,,0
CSWAXADHPUYFGC-UHFFFAOYSA-N,1,,0
IHJUENPGSBRDEB-UHFFFAOYSA-N,1,,0
SECXHJRGBAZUCO-UHFFFAOYSA-N,1,5.997402019280091,1
KGGNZLZXTLOUCL-UHFFFAOYSA-N,1,,0
LZLYPTUTAFDZGY-UHFFFAOYSA-N,1,,0
URACJDWODSYSKR-UHFFFAOYSA-N,1,,0
UAKHJBZICLWRCE-MRXNPFEDSA-N,1,5.995678626217357,1
QVJKSJKBVZSPPJ-LMONUYQQSA-N,1,,0
PSSRRSJCOUNDGG-UHFFFAOYSA-N,1,,0
XRDPJIJIWYVCKW-XMSQKQJNSA-N,1,,0
QKRCVHKKBOUVNT-UHFFFAOYSA-N,1,5.993533957750769,1
SINCAXCRAGCJEY-UHFFFAOYSA-N,1,5.993533957750769,2
NWRMHPCLJKTXHZ-UHFFFAOYSA-N,1,,0
UWFAHEVNGNMETJ-UHFFFAOYSA-N,1,,0
MBCXFUUKTICCLI-URZIEALYSA-N,1,5.993202238231355,2
ZDFGDUYZGMNXLU-IYARVYRRSA-N,1,5.992124256232415,1
LEVQMJILJZDTPU-UHFFFAOYSA-N,1,,0
KYTWKFPFQDRWHN-UHFFFAOYSA-N,1,,0
XNXKEYCDXWQUQU-UHFFFAOYSA-N,1,5.991397323670739,2
TUSPVTWVRDALHT-UHFFFAOYSA-N,1,5.99097425791309,1
BYUHWILBODEWJY-UHFFFAOYSA-N,1,,0
MPALQAVMNOPPNR-UHFFFAOYSA-N,1,,0
NRXPFRHREANWEK-NOZRDPDXSA-N,1,,0
XTXKTQKZXFWQIP-LAUBAEHRSA-N,1,,0
IYCVIMNLFPKSNJ-GOSISDBHSA-N,1,,0
MKKXAOFXDHLBSO-UHFFFAOYSA-N,1,5.989276134608227,1
LDFDHYVHCWAUGE-UHFFFAOYSA-N,1,,0
VXNGRJYOYXAYSC-XNMGPUDCSA-N,1,,0
INHFSVLNFMQBGJ-OUKQBFOZSA-N,1,5.988429556402721,1
FUBQWNPFXKULIT-UHFFFAOYSA-N,1,5.988006885340743,1
NVECQJGBKKFGEZ-UHFFFAOYSA-N,1,,0
IRCBUPUOHFGCJQ-UHFFFAOYSA-N,1,,0
RCLCSJBZUYDSDH-UHFFFAOYSA-N,1,,0
XRDPJIJIWYVCKW-AVRDEDQJSA-N,1,,0
CEYHRGCVTQARPC-UHFFFAOYSA-N,1,,0
WTTCSLJBJDWDOC-CYBMUJFWSA-N,1,5.982966660701219,1
LJVSVAFPJCZZNX-CQSZACIVSA-N,1,5.982966660701219,1
FJGOTAJCEJCFEV-UHFFFAOYSA-N,1,,0
CIFWZVFZJHWVIS-UHFFFAOYSA-N,1,,0
WWKNTMORPLZKRM-ZDTPOGPSSA-N,1,,0
HZQQJAKATKCPDP-DDDLIOIYSA-N,1,5.981299501333757,1
ZLVAAOLZQMSQAG-UHFFFAOYSA-N,1,5.980468315468745,1
MCHYZZVQJHNDSP-UHFFFAOYSA-N,1,,0
VFOLOUVNAQBRDB-UHFFFAOYSA-N,1,5.980233856638081,2
APXWTOJVYSVWJO-UHFFFAOYSA-N,1,,0
SIBAMPHTYYJSCQ-UHFFFAOYSA-N,1,,0
YGNIYGXERUDUPC-FERRBWLRSA-N,1,5.979812801553174,1
BYQZQCQTOJRIAC-UHFFFAOYSA-N,1,,0
HVMJOCQDRCRUSG-HOCLYGCPSA-N,1,5.978810700930062,1
UTSVFENYHGEOSM-UHFFFAOYSA-N,1,5.978810700930062,2
KRMPDMJUDCQCAJ-YADHBBJMSA-N,1,5.978810700930062,1
WBENNDOANVTGAH-UHFFFAOYSA-N,1,,0
YQSDVKUMLQLWSX-UHFFFAOYSA-N,1,,0
FLNJSRMYQSEHEU-UHFFFAOYSA-N,1,5.97812243651566,2
BMFHZRZIYNLNCC-UHFFFAOYSA-N,1,5.975104039892515,1
URDHIIFLGMSALF-UHFFFAOYSA-N,1,5.97387548325455,1
GXRRIZYXGPLXKK-AQYVVDRMSA-N,1,5.973344186122957,1
YALCLPZHBNPXEN-JOCHJYFZSA-N,1,,0
WYIBJRJIELMSTK-IXCJQBJRSA-N,1,,0
WLPHKXGJSXEPJH-AFARHQOCSA-N,1,5.97159143488453,1
YGOZTDLAUVOPMF-OAHLLOKOSA-N,1,5.97061622231479,2
OHODDACZFUFQDV-UHFFFAOYSA-N,1,5.970210529168144,1
ZWGBDYGTEXXVMU-UHFFFAOYSA-N,1,,0
ZPIPOBYWEXESSF-MSEWRSJXSA-N,1,5.969999718407896,1
QBXHUZJZYDSLRH-RUDMXATFSA-N,1,5.969805214643249,1
IHNPMHXPTLSBQS-UHFFFAOYSA-N,1,,0
AUQCZPJCGAJBRC-UHFFFAOYSA-N,1,5.966978555317089,1
RIBIRLVPYUBCRV-UHFFFAOYSA-N,1,,0
VTSGZNIOFXBPQI-UHFFFAOYSA-N,1,5.96657624451305,1
CPMYCSGJHYEDKR-UHFFFAOYSA-N,1,5.96657624451305,1
APWVCSUULJAZPB-UHFFFAOYSA-N,1,,0
MZIJEKYIBUYWJI-UHFFFAOYSA-N,1,,0
ZULCBSYWXPLVPW-UHFFFAOYSA-N,1,,0
MGGGAIHRQKOLDH-UHFFFAOYSA-N,1,,0
VQODXNCHOGDXSX-YKSBVNFPSA-N,1,,0
PUTIADDALKYHRM-LJQANCHMSA-N,1,5.9646117685782825,2
LFIRWQIMSRISSM-UHFFFAOYSA-N,1,5.963140824826938,2
QWKYFMXJKILTAJ-UHFFFAOYSA-N,1,5.962573502059376,1
IFPGADOWNOXLNQ-UHFFFAOYSA-N,1,,0
VBMVDBKXTONKNR-UHFFFAOYSA-N,1,,0
DBFSWXFALPMOGP-LADGPHEKSA-N,1,5.961379838050297,1
HFJVMFBCUWJLFO-IYARVYRRSA-N,1,5.961181212626344,1
APDUBUJHUYQKMX-UHFFFAOYSA-N,1,5.960888323578981,2
FRCZRQAUJGJNII-UHFFFAOYSA-N,1,,0
YNWOXNVJEXAREA-UHFFFAOYSA-N,1,,0
FLNGBOIVGQBOBU-UHFFFAOYSA-N,1,5.9604093769761874,2
JPLZGZBACZPXMR-UHFFFAOYSA-N,1,,0
PGKVYLZMGOBDOJ-FQEVSTJZSA-N,1,5.96018944585165,1
GNVATANRVUMZDM-UHFFFAOYSA-N,1,,0
AKXPLUFJRRUGNE-UHFFFAOYSA-N,1,,0
XVCOCVUIJOUBOY-UHFFFAOYSA-N,1,5.95999928552668,1
ABOBMBIQQPJTMJ-UHFFFAOYSA-N,1,,0
YYFLIYHRHHWXBK-UHFFFAOYSA-N,1,5.95900230757651,1
ITDUQSGKPPPZOX-UHFFFAOYSA-N,1,5.958607314841775,1
NBZXLCUOSZMWEC-UHFFFAOYSA-N,1,5.958607314841775,1
FZXAAPFSOWBFFA-UHFFFAOYSA-N,1,5.958607314841775,1
PNYKTOLTLVTHTA-UHFFFAOYSA-N,1,5.958607314841775,1
IWOPGTFNUXEULQ-UHFFFAOYSA-N,1,5.958607314841775,1
JPTJNKGXZCFAFQ-UHFFFAOYSA-N,1,5.958607314841775,1
BXUOVUWILQWARZ-UHFFFAOYSA-N,1,5.958607314841775,1
DWESQFNWEXIRSK-UHFFFAOYSA-N,1,5.958607314841775,1
XQIPQCHREHNRDI-UHFFFAOYSA-N,1,5.958607314841775,1
GZMWGZHXHSTIMC-SFHVURJKSA-N,1,5.958607314841775,4
YLBNUQZHSMXDAJ-UHFFFAOYSA-N,1,5.958607314841775,1
INXHZFDLASUEAY-UHFFFAOYSA-N,1,5.958607314841775,1
GVLDTEKPXVTOGI-UHFFFAOYSA-N,1,5.958607314841775,1
ZXSQHQBOVYMVGJ-UHFFFAOYSA-N,1,5.958607314841775,1
VECJPOGHJKAQGZ-UHFFFAOYSA-N,1,5.958607314841775,1
WOEVFFPIBHQXIQ-UHFFFAOYSA-N,1,,0
MHWQTAMSWKHOKQ-UHFFFAOYSA-N,1,,0
UAFMEIHFRQARQG-VFUBLZDWSA-N,1,,0
LYLVUDOAMFKTEL-ZWKOTPCHSA-N,1,,0
YCRXAHFQGPHELU-JKSUJKDBSA-N,1,,0
HPTXIDFVXWZMRU-IRJFHVNHSA-N,1,,0
XTQDBQZDKVOPAN-IYARVYRRSA-N,1,,0
NGYBPNLJOPBUPK-WKILWMFISA-N,1,,0
IPKDITCKWUGLST-WKILWMFISA-N,1,,0
RUAVRLWGTWDKFW-XUTJKUGGSA-N,1,,0
MWYSFMDHBGHGSI-UHFFFAOYSA-N,1,,0
NHXMQVWYTNNGDO-YOCNBXQISA-N,1,,0
LPYLNBHXBHUYKT-QIUPIDFOSA-N,1,,0
ADCYPKNNPPDYMB-ORQYLMBXSA-N,1,,0
AFUSDDXNVRXJFU-KJDSRRNHSA-N,1,,0
PJMKWDTWNMTUMU-WGSAOQKQSA-N,1,,0
SXZZTULBSXSKDD-AFARHQOCSA-N,1,,0
MMCFMTIBVMIETA-DJIMGWMZSA-N,1,,0
DCCITNRSVJBGMS-KESTWPANSA-N,1,,0
PUXZKIZAAABQFP-AQYVVDRMSA-N,1,,0
IOMZYSDKSLXMQC-XUTJKUGGSA-N,1,,0
XCMZICLYBMZMMQ-XGAFWQRZSA-N,1,,0
FOIMIKRPLAIUMW-RWXRFDSASA-N,1,,0
YNYUMHQXDBPDJN-UHFFFAOYSA-N,1,5.955584599499165,2
OSIFLXHIMKAMGZ-UHFFFAOYSA-N,1,,0
APEZAWGOFKUHCA-JOCHJYFZSA-N,1,5.955036851990308,2
NFIANDWIUXYLJZ-GCJKJVERSA-N,1,,0
AGZZUNBFSOFXTB-JIBACQESSA-N,1,5.954199950665444,1
HXKJNNJRMGHSRM-UHFFFAOYSA-N,1,,0
KFPZVRTVZVHBSM-UHFFFAOYSA-N,1,5.950781977329818,1
JEBMPQYTJSNCNB-LJQANCHMSA-N,1,,0
AUVKPZIQUZLIFO-UHFFFAOYSA-N,1,,0
YGCYKAKZEZYUMC-NJDAHSKKSA-N,1,5.949233688766958,1
RYOFZZILNKTXCE-UHFFFAOYSA-N,1,5.9484616094846725,1
HRMBIDRBEARFLN-UHFFFAOYSA-N,1,5.9484616094846725,1
XZKJWFNUAUOHAC-AQYVVDRMSA-N,1,5.9484616094846725,1
LMKOKEWRSZSLAW-UHFFFAOYSA-N,1,,0
FAAVUZJXYXGQAR-UHFFFAOYSA-N,1,5.94692155651658,1
ZNVJBKVJJHNRRV-UHFFFAOYSA-N,1,5.94692155651658,1
RCRAYIPXTHUIJR-UHFFFAOYSA-N,1,5.94692155651658,1
ZQZUTJSBLPRYPL-XBTDCMMSSA-N,1,5.946153573147747,1
HISGEOZMKTZBBP-UHFFFAOYSA-N,1,6.275659204655193,2
QLOFPPKCJSHBIO-UHFFFAOYSA-N,1,5.944705144850375,2
SWVJRJRXEHXEBT-UHFFFAOYSA-N,1,,0
QTZZOBUGZDWBMU-UHFFFAOYSA-N,1,5.944239535312265,1
APECYVWEUYUQKJ-UHFFFAOYSA-N,1,,0
IAMSHZCIGNPBQZ-SJORKVTESA-N,1,5.943095148663527,1
AKXOIHNFHOEPHN-UHFFFAOYSA-N,1,,0
AKXOIHNFHOEPHN-CQSZACIVSA-N,1,,0
QIUNPJREZURMGC-RFNIIBAYSA-N,1,,0
TZFKQPVOFBQHAZ-UHFFFAOYSA-N,1,,0
QVISYVCUOQJANU-MXVIHJGJSA-N,1,5.941725853314049,1
BLYMJBIZMIGWFK-HNNXBMFYSA-N,1,5.940756032443192,2
WXPNHKQJDJARLG-UHFFFAOYSA-N,1,,0
KFWJKLDOLDILRK-NOZRDPDXSA-N,1,,0
XRDPJIJIWYVCKW-YSYXNDDBSA-N,1,,0
YNKTYKVRVVWGRV-UHFFFAOYSA-N,1,,0
UDQMXYJSNNCRAS-UHFFFAOYSA-N,1,5.940001369850309,3
FJLFQHMTMGDZCN-IYARVYRRSA-N,1,5.940001369850309,1
DOTLHOVQYVFUDB-YKSBVNFPSA-N,1,,0
NLRLHXJCWYCRGC-XXBNENTESA-N,1,,0
USIXSLYEMNSLPV-UHFFFAOYSA-N,1,,0
IEICVHLYUUMYCM-QGZVFWFLSA-N,1,5.939679971311715,1
REKOUMNGFHDWDG-UHFFFAOYSA-N,1,5.939679971311715,1
GEKVZVXSBBDWMH-UHFFFAOYSA-N,1,5.939302159646388,2
RVYPAMKCWJPLSH-UHFFFAOYSA-N,1,,0
OZFLGQHJVWSALN-MRXNPFEDSA-N,1,5.939203665280797,2
PTJNFOHRMGJLPA-UHFFFAOYSA-N,1,,0
QSLMDECMDJKHMQ-UHFFFAOYSA-N,1,6.1771783546968955,1
ZSFVXIXYHJMAHE-UHFFFAOYSA-N,1,5.937332575188027,2
BEZZGCHAIFWOPE-IBGZPJMESA-N,1,6.293907002523695,2
WVCHGRAYLHEGAY-IYARVYRRSA-N,1,5.936291440608583,1
HGHZRWWRCHMWQC-ONEGZZNKSA-N,1,5.935542010773082,1
YIECWSJRMPAWGX-UHFFFAOYSA-N,1,,0
XIHOJUYAGODVFH-VGOFRKELSA-N,1,,0
UNDYONYPTZDMOJ-UHFFFAOYSA-N,1,,0
NLDNYOMLDXOIFK-UHFFFAOYSA-N,1,,0
JAXFKDJDNTWWJY-UHFFFAOYSA-N,1,5.93255715722362,1
MSWZLRLBKLDMKM-UHFFFAOYSA-N,1,,0
GCSJTLWMFLOWBK-UHFFFAOYSA-N,1,5.931814138253838,1
MCJPCWOSNLXXLG-UHFFFAOYSA-N,1,5.931814138253838,1
AWKDBQYMZZKKJX-UHFFFAOYSA-N,1,5.931814138253838,1
BFRFRAXXCWCEGC-UHFFFAOYSA-N,1,,0
FWRYWDVIHVFRGE-UHFFFAOYSA-N,1,,0
LUNVFEQWDLSWQQ-UHFFFAOYSA-N,1,,0
LQRMVBGKOMVMNF-UHFFFAOYSA-N,1,,0
KQOHKQXMRPXPAM-UHFFFAOYSA-N,1,5.93070198788447,1
OBGOWZOSTXHAGD-UHFFFAOYSA-N,1,5.930690783050253,2
QKTOQRPNKITPLN-UHFFFAOYSA-N,1,,0
OEXOYPPMGZXWRP-UHFFFAOYSA-N,1,,0
WKDOWEAWARBZNI-UHFFFAOYSA-N,1,,0
PPLSEYBUMZWQHS-NFBKMPQASA-N,1,,0
MBUVEWMHONZEQD-UHFFFAOYSA-N,1,,0
WIXVSIWFYYDDMJ-OAHLLOKOSA-N,1,5.928854709548917,1
FZEKBTQTBQVMTK-NRFANRHFSA-N,1,5.928854709548917,1
UQCBELLMLIDZHN-UHFFFAOYSA-N,1,,0
GCWICAXLFBBMBG-UHFFFAOYSA-N,1,,0
CZRAUIZNVBALPQ-UHFFFAOYSA-N,1,5.928117992693874,1
JYRJVXUHYYMJNJ-UHFFFAOYSA-N,1,,0
ZPKSRLSDLZMHEP-WUFINQPMSA-N,1,,0
WCSZBBHBUPLUCU-UHFFFAOYSA-N,1,,0
ZFSOBPVEIKTNQS-CHWSQXEVSA-N,1,5.927015255372069,3
PXBCEONXVYMBDR-UHFFFAOYSA-N,1,5.925915310971757,1
DUKWEHLCKVPDDQ-UHFFFAOYSA-N,1,,0
UHFPHCOQBXQSQQ-WBVHZDCISA-N,1,5.9222688203476075,1
UXACRXVBPVXVBZ-UHFFFAOYSA-N,1,5.920818753952375,1
XWXQDIUFNJEKBY-UHFFFAOYSA-N,1,5.920818753952375,1
BLTZCNFSGZPIFQ-UHFFFAOYSA-N,1,5.920818753952375,1
YVFUDDSWACLOLC-UHFFFAOYSA-N,1,,0
DQWJULNHVFIKBD-UHFFFAOYSA-N,1,,0
CHFNGKXNJCPICF-KESTWPANSA-N,1,,0
LBZFACYIJUKGCY-ZXSXIFIVSA-N,1,,0
FOHGUOABUOPCLW-FVUUGDKNSA-N,1,,0
ZWLRISKBHMJXJU-UAPYVXQJSA-N,1,,0
LHFDGWOFPWKTDU-OFUUFJSKSA-N,1,,0
SVQMUKSPRVEFME-YIQCUVMYSA-N,1,,0
UTQLQNQCKAXIAE-YFVAEKQCSA-N,1,,0
GHTMTRPUXJGASR-XYWHTSSQSA-N,1,,0
CJSWEVQUNWOTCF-KESTWPANSA-N,1,,0
DVVDLSCUPMTBKI-IRJFHVNHSA-N,1,,0
SOXRFGOVSJBYRC-UHFFFAOYSA-N,1,,0
XKDKQVRKVICXBR-IVHGUIJPSA-N,1,,0
ZOJYMCBGKBJTGD-RVZUZXSLSA-N,1,5.9203485229261545,1
CQPLSAHLVMGWEI-UHFFFAOYSA-N,1,5.92009553233328,1
ZRQADOCXGLFZJC-UHFFFAOYSA-N,1,,0
UXNLYMSGCXORLN-UHFFFAOYSA-N,1,,0
LHVNTWQOJGSYCB-XLIONFOSSA-N,1,,0
VYCBASLVLXPETI-CRAIPNDOSA-N,1,,0
BHWFWVGETJBMKF-IAGOWNOFSA-N,1,5.920001601921648,1
XKTRZPQOQOCNJU-HUUCEWRRSA-N,1,5.920001601921648,1
HGSQOYNWHXVVJS-UHFFFAOYSA-N,1,5.919734372660155,1
UZBAJYSQVMDJAM-UHFFFAOYSA-N,1,,0
ILVSPFZMTPGFNW-UHFFFAOYSA-N,1,5.918292729902651,1
ITCMJTMRLFGAKW-UHFFFAOYSA-N,1,5.918292729902651,1
JQMTWXCZSMHLMS-UHFFFAOYSA-N,1,,0
OBHCEADEAPCRBN-UHFFFAOYSA-N,1,5.917573699139228,1
UZMHRPBLJWVAII-IBGZPJMESA-N,1,5.917214629683549,1
KOKVPXWLCVIJPN-UHFFFAOYSA-N,1,,0
NIDOPQZKSIYGGT-UHFFFAOYSA-N,1,,0
YBAWYTYNMZWMMJ-UHFFFAOYSA-N,1,,0
RNDTWASJYWHUOI-UHFFFAOYSA-N,1,,0
OEFDEEXEDSBTQR-AWEZNQCLSA-N,1,,0
TTWGDSSADVBNQY-UHFFFAOYSA-N,1,,0
XXFDUBQKUBCCOE-DIBLIPFTSA-N,1,5.913640169325252,1
QOZGLDMWSJBTKW-UHFFFAOYSA-N,1,,0
XBTXMNZRNGSFCU-PYVLAARDSA-N,1,,0
TZJUVVIWVWFLCD-UHFFFAOYSA-N,1,6.958607314841775,1
CCISGKKJVBOKKE-UHFFFAOYSA-N,1,,0
GWUIEAHZLVKSHB-UHFFFAOYSA-N,1,5.911863911299449,1
FEPLZHWENCAUEC-JOCHJYFZSA-N,1,,0
NTQMYHKKRHULRZ-XPSQVAKYSA-N,1,5.910741738133209,2
MXSFJUHNJHNBLH-UHFFFAOYSA-N,1,,0
OHSIGBOKYLDSHG-RSXGOPAZSA-N,1,,0
GFXGGKFVAYIGGO-DBVUQKKJSA-N,1,,0
NFIANDWIUXYLJZ-AVRDEDQJSA-N,1,,0
MRFLPGUUAPCTFB-RDGATRHJSA-N,1,,0
QYKWQRAFIZLFAO-UHFFFAOYSA-N,1,5.909741947068683,2
ITGAXTFBUHEDGL-UHFFFAOYSA-N,1,,0
HVROSOVHMGPEMN-UHFFFAOYSA-N,1,,0
VGAFJYDHFQEKRB-CNRPLSBTSA-N,1,,0
SDERQNAMIWOFFX-UHFFFAOYSA-N,1,5.909036923404269,1
QPNBWEBABUOGBX-UHFFFAOYSA-N,1,,0
FOCNVWPMXDBALZ-UHFFFAOYSA-N,1,,0
TYNGMNWXSRTYJA-UHFFFAOYSA-N,1,,0
WUGBPBCNJHXWRP-UHFFFAOYSA-N,1,,0
KEOJOHYWCQCCER-UHFFFAOYSA-N,1,5.906239639581768,2
NCWVNDFDZCITBX-UHFFFAOYSA-N,1,5.906239639581768,2
XPRWZTNAGMLCGT-HXUWFJFHSA-N,1,,0
DTQBVMPAFWTCFE-UHFFFAOYSA-N,1,5.904481957676849,1
BDUVGZUKNGPFEZ-UHFFFAOYSA-N,1,,0
OGJGQVFWEPNYSB-UHFFFAOYSA-N,1,6.017728766960431,15
JNZNIWXTQKSJBP-PXNSSMCTSA-N,1,5.903716273331727,4
SBDMNEFWICEEMT-UHFFFAOYSA-N,1,5.903089986991944,1
MPGMPOGACCSYRN-UHFFFAOYSA-N,1,5.902395671125589,1
QDQDDWWAKHSCSK-IYARVYRRSA-N,1,5.9018063741367115,1
UPBSKELQKAHWLX-UHFFFAOYSA-N,1,,0
PRDRZXROMYANHC-XRKRLSELSA-N,1,5.899998417198648,1
DLNZFPDQXJEXTN-UHFFFAOYSA-N,1,5.899998417198648,1
DKMPNHJOVOVCMF-VSHVGKGISA-N,1,5.899998417198648,1
WXWUAAQDRLQFOP-OKDASEJXSA-N,1,5.899998417198648,1
WNRHLKXILALELE-MGFGWZDJSA-N,1,5.899998417198648,1
WNQGJBBMATVHDO-UHFFFAOYSA-N,1,5.899998417198648,1
UYAJEEPVQYLWDN-UHFFFAOYSA-N,1,5.899998417198648,1
JHEWFMBHEZGSRS-UHFFFAOYSA-N,1,5.899998417198648,1
UNRCJLILBVLZDQ-OQKWZONESA-N,1,5.899998417198648,1
SEQAMPXQRKYYQF-UHFFFAOYSA-N,1,5.899998417198648,1
OHAOVJVRDRFORL-UHFFFAOYSA-N,1,5.899998417198648,1
TVMNFBNOOMKBOO-UHFFFAOYSA-N,1,5.899998417198648,1
XSBNGDJHMKLOOQ-UHFFFAOYSA-N,1,5.899998417198648,1
FEBUQPUIWDHVMW-UHFFFAOYSA-N,1,5.899998417198648,1
NNKWTFPUEFVMKD-UHFFFAOYSA-N,1,5.899998417198648,1
CDIJUVQEFYLOLF-UHFFFAOYSA-N,1,5.899998417198648,1
PJSUYRBCBFPCQW-UHFFFAOYSA-N,1,5.899998417198648,1
ZVQVWCQOAHBIGN-UHFFFAOYSA-N,1,5.899998417198648,1
URICTYNITRPTLS-UHFFFAOYSA-N,1,5.899998417198648,3
NKIUMOVWDJZMRB-UHFFFAOYSA-N,1,5.899998417198648,2
VKISKXWEKUKQJG-QHCPKHFHSA-N,1,5.899998417198648,1
FZTHGRYFMPGYHV-UHFFFAOYSA-N,1,,0
LJWBNVJHNKSJSU-AUSIDOKSSA-N,1,,0
XYAFTCLJGUGMBU-UHFFFAOYSA-N,1,,0
PWZNZURJFBVUCP-UHFFFAOYSA-N,1,5.899284913426918,1
AGDJOXPUTNYCLH-UHFFFAOYSA-N,1,,0
SHHOUUFZCQEFDZ-UHFFFAOYSA-N,1,,0
SAWRNBNIFPXPCC-YGQOYYDZSA-N,1,5.89866542677982,1
ZATCCWHVTMAUCE-IYARVYRRSA-N,1,5.897909474488163,1
ILSVAZDAOVUDJJ-QAQDUYKDSA-N,1,5.8963672947902595,1
GQPJBOOQHWEOKT-OUKQBFOZSA-N,1,5.895512888687605,1
AFRMZBRXLCZGJQ-UHFFFAOYSA-N,1,,0
USVLILPJVBXRLR-UHFFFAOYSA-N,1,,0
VMDGNXGFFZHOON-MEMLXQNLSA-N,1,5.8937750951032015,1
HMWSGGIOEHIOOI-UHFFFAOYSA-N,1,5.892790030352131,1
SHTKKIRPSYJFRO-SNVBAGLBSA-N,1,5.892450870255313,1
KPTJFDAGYOHPFI-UHFFFAOYSA-N,1,,0
CWHYKZYCZYQHQP-UHFFFAOYSA-N,1,5.890084136976206,1
VXXGFFBHXLMHAK-UHFFFAOYSA-N,1,5.890084136976206,1
PPLSEYBUMZWQHS-AKRCKQFNSA-N,1,,0
BGRFOPBDZYUOMJ-CTNGQTDRSA-N,1,,0
LRMWMKQIJLOEPF-PGRDOPGGSA-N,1,,0
URGHALGSDCSSOS-UHFFFAOYSA-N,1,,0
LYEPPOSVDWYIOA-UHFFFAOYSA-N,1,,0
FCWJMJCKAMLWRO-UHFFFAOYSA-N,1,,0
DQTBCNRIVXHDQE-MLCQCVOFSA-N,1,5.888838340422412,1
IDICUFRCUIOPKM-UHFFFAOYSA-N,1,5.887345359137068,2
OURUSCSRIFGGEV-QGYMOPKUSA-N,1,,0
HXTGXYRHXAGCFP-OAQYLSRUSA-N,1,5.886056647693163,4
PDJMURIRAHUSPJ-UHFFFAOYSA-N,1,5.886056647693163,1
QPILPLUOWCUQIQ-UHFFFAOYSA-N,1,5.886056647693163,1
HXHXEJHGUJSCBJ-UHFFFAOYSA-N,1,5.886056647693163,1
WYHAAMMHWQPLAP-CJNGLKHVSA-N,1,5.886056647693163,1
ZCOIFCGQTTYDFL-CMDGGOBGSA-N,1,5.886056647693163,1
AWAXPOLEGZALIG-FQEVSTJZSA-N,1,5.886056647693163,1
XVSVZEAYULOQSI-UHFFFAOYSA-N,1,5.886056647693163,1
IEANVAFYLZJSPC-NSCUHMNNSA-N,1,5.886056647693163,3
JYPDEXJCUSDKRF-UHFFFAOYSA-N,1,5.886056647693163,1
JNSNEWFLCREWMB-UHFFFAOYSA-N,1,,0
JVCDVUFRMRFRFP-UHFFFAOYSA-N,1,,0
ABWWEJFCIGXGSO-IKNRRJBZSA-N,1,,0
FRIUOYMOHHKICX-UHFFFAOYSA-N,1,,0
FWMIDKRMSILWNA-IYARVYRRSA-N,1,,0
RLCITMZJUDPBHU-KOAQGZTJSA-N,1,,0
OBAPVKSFCPNRPS-AFARHQOCSA-N,1,,0
PNQSNINBJBZCHR-PAVFIEEWSA-N,1,,0
ZEUBNARLFXEIJD-UHFFFAOYSA-N,1,,0
NZAYAJKIYZAQIQ-UHFFFAOYSA-N,1,,0
QZCUWLCSQMYXFR-UHFFFAOYSA-N,1,5.885055584287415,1
ZPEAQOHSKIPYKV-MXVIHJGJSA-N,1,5.884522625813531,1
SEMWFTYLEKHOQR-UHFFFAOYSA-N,1,,0
AIBSVCNXTNBLRF-NRFANRHFSA-N,1,5.884056823060945,1
MWMCOQFLGVOAHE-MEMLXQNLSA-N,1,5.883093532293517,1
CQUBXYMWRLKXKL-UHFFFAOYSA-N,1,,0
VOALUBYHXLQXRI-WEWMWRJBSA-N,1,,0
VILSZFKXSYCHGB-UHFFFAOYSA-N,1,,0
STGBYQRLSYKRRZ-KKLWWLSJSA-N,1,5.881409162402951,2
MZTMADWJIHWTJI-UHFFFAOYSA-N,1,5.8814046347762385,1
MXYHSSVHJRGDOU-UHFFFAOYSA-N,1,,0
AJEQJTPMMJPNLR-NQIIRXRSSA-N,1,,0
TYUKINNXLNULMD-UHFFFAOYSA-N,1,,0
QYSHFCPJVHYHPL-XMMPIXPASA-N,1,5.879770307522333,2
TXYPYDVBBSFEGP-UHFFFAOYSA-N,1,5.879712497162877,2
DFTCYTDJDXZFSK-CMPLNLGQSA-N,1,,0
RWDSDWDANDUVKH-UHFFFAOYSA-N,1,5.878112014896319,1
CXUYOOFBSRHYSG-AZUAARDMSA-N,1,5.876801924968001,1
LEQQCMUWPDWHHF-OAQYLSRUSA-N,1,5.876148359032914,1
XKOOJEWWQSZWFX-OAHLLOKOSA-N,1,5.876148359032914,1
QWMKBPOOVMOXIR-UHFFFAOYSA-N,1,,0
NXZVPWFCOOICMZ-QGZVFWFLSA-N,1,,0
GUTIIYCXIXRNPB-LLVKDONJSA-N,1,,0
KIZBUXGNTYZANG-UHFFFAOYSA-N,1,5.872571222148402,1
WBGCNLMSYUBTIS-UHFFFAOYSA-N,1,,0
FASYQPOSAUOTDU-UHFFFAOYSA-N,1,5.871911827949225,2
MUFITXOADYQFSV-UHFFFAOYSA-N,1,,0
KHUCLHFXODHNCM-UHFFFAOYSA-N,1,,0
JSEGPLRTWBZZOJ-WGSAOQKQSA-N,1,5.870632404277014,1
FRSPYOUEGGGSKQ-UHFFFAOYSA-N,1,,0
ZDHMFNGMBGJLNF-REWPJTCUSA-N,1,,0
ARSLLTCMIOZESX-PNYWAOBFSA-N,1,,0
MZDWSPIRGJHBII-UHFFFAOYSA-N,1,,0
NNIDXNUKZKKKGS-UHFFFAOYSA-N,1,,0
OHSIGBOKYLDSHG-AZGAKELHSA-N,1,,0
NLRLHXJCWYCRGC-BVHINDKJSA-N,1,,0
ZHCQTOYNHYNIPE-UHFFFAOYSA-N,1,5.869833579773784,2
BRWKJOUZUNEUTN-UHFFFAOYSA-N,1,5.8696662315049934,1
MIOMZHKUIQMOIR-GOTSBHOMSA-N,1,5.8696662315049934,1
PIZNIEUZHRJIAB-UHFFFAOYSA-N,1,5.8696662315049934,1
QIUNPJREZURMGC-AJGMTHFWSA-N,1,,0
RDJVGBNSUWLUKE-UHFFFAOYSA-N,1,,0
MLOKWLKRFPWEHA-UHFFFAOYSA-N,1,,0
UMGDAMMXRYHVHZ-UHFFFAOYSA-N,1,5.867740310468955,1
VZQTUQHHRRWIAE-UHFFFAOYSA-N,1,5.866461091629782,1
XFTVOHWWEQGXLS-UHFFFAOYSA-N,1,5.866461091629782,1
PNHVOOVVCPJXPA-QAQDUYKDSA-N,1,5.866461091629782,1
SAOAAHJLTCTWAK-UHFFFAOYSA-N,1,5.865822892423234,1
VOQWGUWQIPPYSL-UHFFFAOYSA-N,1,,0
LVAZPFMWSRDRRK-UHFFFAOYSA-N,1,5.86407919673175,4
JXNOGBVEQNMHDF-UHFFFAOYSA-N,1,5.86359655186601,1
XVAIBFITQWHLML-NZQKXSOJSA-N,1,5.863279432843593,1
DCYQDLXNSVPRHU-AZUAARDMSA-N,1,5.862962545210488,1
NFIBVHPLILJWFU-UHFFFAOYSA-N,1,5.862764046920702,2
NKJVFWPJNBYTCK-UHFFFAOYSA-N,1,5.862329462763245,1
ZVKJSJAERRMBMR-UHFFFAOYSA-N,1,5.862013267276469,1
UZOKZKSSRCUZTF-UHFFFAOYSA-N,1,,0
CHIWZHUPHKIHAQ-UHFFFAOYSA-N,1,5.860435733824151,1
IZCLJDQWYJTBAN-UHFFFAOYSA-N,1,,0
USSJQLOQXQBGTM-GCJKJVERSA-N,1,,0
NKFOMNCXPUBCJT-UHFFFAOYSA-N,1,,0
CRSNRKDXRDGEMB-UHFFFAOYSA-N,1,,0
CITBEZAJPJRZNL-UHFFFAOYSA-N,1,,0
AVYIORKUKBQLOA-WGSAOQKQSA-N,1,5.858581584733912,1
AYKZPDMOUBNSMP-UHFFFAOYSA-N,1,,0
GROZZUKSJCZXGR-UHFFFAOYSA-N,1,,0
VGYBISULYWZAPR-UHFFFAOYSA-N,1,,0
FEBUIPJWEZWCKO-UHFFFAOYSA-N,1,,0
QQSOUFSETSWOJX-UHFFFAOYSA-N,1,5.855114581712858,1
DGGPZCDYOYMIGP-UHFFFAOYSA-N,1,5.855114581712858,1
BZUPCLAOTHNFTJ-UHFFFAOYSA-N,1,,0
RCFZNHOLJFFNFW-UHFFFAOYSA-N,1,,0
DZNPKDVRRVUXBU-UHFFFAOYSA-N,1,5.853871964321762,1
WWKHLSANYDLDKY-UHFFFAOYSA-N,1,5.853871964321762,1
XWGNKABGVNJFEL-WOJBJXKFSA-N,1,5.853871964321762,1
AENACYRRZFSOSG-UHFFFAOYSA-N,1,5.853871964321762,1
DHKYCFXOSLNAFZ-UHFFFAOYSA-N,1,5.853871964321762,2
QHOJNFIJAUDAJD-CXAGYDPISA-N,1,5.853871964321762,1
CVIMVOKGOJOOSP-UHFFFAOYSA-N,1,5.853871964321762,1
RBVKMXSYCQGAEL-UHFFFAOYSA-N,1,5.853871964321762,1
FGQLNLNSOMKVOD-UHFFFAOYSA-N,1,5.853871964321762,1
CJBYLTVVRIPQAN-HOCLYGCPSA-N,1,5.853871964321762,1
OKODMCHGOYUBGY-SNVBAGLBSA-N,1,,0
WLZJPWTZSKWVGS-UHFFFAOYSA-N,1,,0
QHSSVAFDQVBZGK-LIGKVRMXSA-N,1,,0
AWFNYCNUUWNEDD-UHFFFAOYSA-O,1,,0
KKQCHXVFAAYWMK-GPJQFGOVSA-N,1,,0
IICULBIXLVHQLU-QAQDUYKDSA-N,1,,0
GFJRPGWLBNGCOI-JCNLHEQBSA-N,1,,0
HGWMAJKXWQKIMH-PAVFIEEWSA-N,1,,0
VXTINWNGKOZZIK-XGAFWQRZSA-N,1,,0
BSHSURCBEXYRBE-UAPYVXQJSA-N,1,,0
WJCGSXAVQDDUOT-UHFFFAOYSA-N,1,,0
UPVXFLPSBHVUGK-UHFFFAOYSA-N,1,,0
QRBZSMMRXSQZLL-UHFFFAOYSA-N,1,5.853561864714226,1
KHGQUBQJPRFGKU-UHFFFAOYSA-N,1,5.85294232897164,2
WDUSWYFMVWMQGP-UHFFFAOYSA-N,1,,0
OVTLMIGCVPXGIF-UHFFFAOYSA-N,1,5.851935604699812,2
LNAUHJFPPUQFSP-UHFFFAOYSA-N,1,5.85078088734462,1
FMHRYVOSEYAEHQ-UHFFFAOYSA-N,1,,0
UFUQIVBOXLXINJ-NQIIRXRSSA-N,1,,0
NJWJNUICFXYOOZ-UHFFFAOYSA-N,1,,0
DNKCJBSJSPBJID-ZHACJKMWSA-N,1,5.84955059053912,1
PXRYUTZDJMDKAL-UHFFFAOYSA-N,1,5.84955059053912,1
UFVQFLZDNKHMBP-UHFFFAOYSA-N,1,5.848630149752539,1
XASUAOWUPBWGMW-UHFFFAOYSA-N,1,5.848630149752539,1
UVZKDPGRNWICJT-UHFFFAOYSA-N,1,5.847711655616943,1
CRDPGPNGVQWYOK-UHFFFAOYSA-N,1,5.847711655616943,1
JMYIPFBYRVHYMD-UHFFFAOYSA-N,1,,0
QRCAJERBDVJCKJ-UHFFFAOYSA-N,1,5.84492888463507,2
IAUNACXRZSWWJT-UHFFFAOYSA-N,1,5.844360366240224,1
JIXQPDNGVCMIOH-UHFFFAOYSA-N,1,5.844156666338088,2
FBROEXNVPDFFCE-IBGZPJMESA-N,1,,0
LMFZASCXAANSLM-UHFFFAOYSA-N,1,5.84360355598813,2
WNIDJZPMTZKYGD-QGZVFWFLSA-N,1,5.843450848668219,1
CWNOZQXNGIIXDT-UHFFFAOYSA-N,1,5.842241113953136,1
WVAKMWHEKNXRHK-UHFFFAOYSA-N,1,5.84163750790475,1
JBUWBWVXKLACCD-FPOVZHCZSA-N,1,,0
DNRUAPLXAOKCKK-UHFFFAOYSA-N,1,,0
GTBRXTYCBGMMII-UHFFFAOYSA-N,1,,0
UONZNMYIDNPHBF-UHFFFAOYSA-N,1,,0
SVZPIQVLXWJEGM-UHFFFAOYSA-N,1,,0
AAPXNHMQKBDDJN-YSYXNDDBSA-N,1,,0
MYWIEDWDJCLOLH-BVHINDKJSA-N,1,,0
WJTVEGPKKNCRPB-UHFFFAOYSA-N,1,5.84012389262449,4
OMUDHMBLKINCCX-XXBNENTESA-N,1,,0
UZSLOUWOZNFAFR-UHFFFAOYSA-N,1,,0
DYCKCLZHSRKOSL-UHFFFAOYSA-N,1,5.83889035263304,2
CVHMNBOWZFIXEJ-UHFFFAOYSA-N,1,5.83889035263304,2
JPXQQLVVAAHNSC-UHFFFAOYSA-N,1,,0
FQJVIZLZSFQUTO-UHFFFAOYSA-N,1,5.838033383635925,1
PCWHJLSDHHNXCV-UHFFFAOYSA-N,1,,0
UOOUMAXCOWCDOB-UHFFFAOYSA-N,1,5.835647144215563,1
FBCAOCCMIHULCW-UHFFFAOYSA-N,1,5.835349784065704,1
ALJNGMYHXPZTTG-WGSAOQKQSA-N,1,5.835349784065704,1
YGCYKAKZEZYUMC-ACRUOGEOSA-N,1,5.835349784065704,1
JGUXYQFTEZNNTK-LSNLESRRSA-N,1,5.835290336460121,1
QTIAXUAWMLBIGP-NSHDSACASA-N,1,,0
IXDPGYMHLOZKPR-ZWGSZDQZSA-N,1,5.834755673874689,1
AFTMDSQMJPSVNL-UHFFFAOYSA-N,1,5.8326826652518236,1
YGCYKAKZEZYUMC-YGQOYYDZSA-N,1,5.832269248293519,1
FLKZGKHMMRPRAS-UHFFFAOYSA-N,1,5.831502516476967,1
RKVOQFDZLRUOCJ-UHFFFAOYSA-N,1,5.830913642512977,1
RPDHXGXUGMGVAU-UHFFFAOYSA-N,1,5.830597408151714,2
RALJYNLSBJABSL-UHFFFAOYSA-N,1,5.83027427934678,2
RJNNVSGDFJTERT-PZJWPPBQSA-N,1,,0
DWMRSXBZEPRVJO-IAGOWNOFSA-N,1,5.829999526735649,1
MJUZYNLBBPDZMI-QPPBQGQZSA-N,1,,0
CMZYPGWYRMTMMW-UHFFFAOYSA-N,1,,0
ANNLFDUPFAFPFH-UHFFFAOYSA-N,1,,0
QBTYVNHGXHWAKS-OAHLLOKOSA-N,1,5.8283380534015725,2
RCSLPJAWSBFTLD-MXVIHJGJSA-N,1,5.827981190575444,1
RSOWGGVCBJACCG-WGSAOQKQSA-N,1,5.82739706879014,1
UIWSYEZPNUYTKA-ZEQRLZLVSA-N,1,5.827105302247824,1
YUUOXBXREAOWNB-UHFFFAOYSA-N,1,,0
LEQVQRFGBPYNQZ-UHFFFAOYSA-N,1,,0
KJARUWIFRQEXIR-FQEVSTJZSA-N,1,,0
AUBNLLGXUCCYFZ-UHFFFAOYSA-N,1,5.826231176863351,1
GXSHYUZVUITRKF-UHFFFAOYSA-N,1,5.825358807339551,1
ZUMCLJGAAUDXJE-UHFFFAOYSA-N,1,5.825068406471558,1
MWKPULBVVRSUJC-UHFFFAOYSA-N,1,5.823908740944319,1
SOLVPMUSYQWCJS-UHFFFAOYSA-N,1,5.823908740944319,1
JJEJCAOIJWQBMJ-HXUWFJFHSA-N,1,5.823908740944319,1
MPSHNCDBMKEJJX-FQEVSTJZSA-N,1,5.823908740944319,1
VZHJJBFDOPZNIN-UHFFFAOYSA-N,1,5.823908740944319,1
RVMXCARDLOKQQD-UHFFFAOYSA-N,1,5.823908740944319,1
JLBUARJMJJDHRK-UHFFFAOYSA-N,1,5.823908740944319,1
OBUBLVFQIMPZAM-UHFFFAOYSA-N,1,5.823908740944319,1
WFKZKRWZCHJQIT-RUZDIDTESA-N,1,5.823908740944319,1
FJZRVTBENKLHMM-UHFFFAOYSA-N,1,,0
VFLXXFOMEUTAEL-UHFFFAOYSA-N,1,,0
KMQDRNRLOPUIKH-RUCARUNLSA-N,1,,0
DDGNKEAPKHYRST-XUTJKUGGSA-N,1,,0
PJHSLUZTOYNMIW-QAQDUYKDSA-N,1,,0
WONAHXSYCVEMFZ-JCNLHEQBSA-N,1,,0
BRCGEGLQMCNETQ-UHFFFAOYSA-N,1,,0
KIRVGEZJDUEMOH-RZJSWYKGSA-N,1,,0
ABVUWVBSAIPHQT-UHFFFAOYSA-N,1,,0
OXKMARLXXNQVMY-UHFFFAOYSA-N,1,,0
RGBWKRQKGURHQM-UHFFFAOYSA-N,1,,0
NVFYXNDKOPANPI-UHFFFAOYSA-N,1,,0
IHTMZOURUQYLLI-RQNOJGIXSA-N,1,5.821023052706831,1
IHTMZOURUQYLLI-UHFFFAOYSA-N,1,,0
ZDOKZVOMQRCQDR-ALOJWSFFSA-N,1,5.820954031254313,1
RXHVJGSMDNGBHT-UHFFFAOYSA-N,1,,0
VYCBASLVLXPETI-UHFFFAOYSA-N,1,,0
VZCQCONTEBWWMW-YPKPFQOOSA-N,1,5.818728228440539,1
BZSXKGCWTZRLML-UHFFFAOYSA-N,1,,0
BGOQGUHWXBGXJW-RHSMWYFYSA-N,1,5.818156412055227,7
JOZIVALEQUQTGU-UHFFFAOYSA-N,1,5.817870785947002,1
XPFGMUGGXJNCTR-UHFFFAOYSA-N,1,5.817585347565446,1
ITMQGDDPFZOVDW-UHFFFAOYSA-N,1,5.817585347565446,1
RRWJEHZPKOZIPI-LJQANCHMSA-N,1,,0
ODWYRJRPSGVBPV-UHFFFAOYSA-N,1,5.815308569182401,1
FMBYZLSHWCEAOV-UHFFFAOYSA-N,1,5.815308569182401,1
NGOGJFCDUNGDRX-UHFFFAOYSA-N,1,,0
JNSGCKSGQOFGBY-KBQPQWKXSA-N,1,5.813043664534588,1
HCXDSTXYBRCIQC-HNNXBMFYSA-N,1,,0
GLXQTIXWCYOZOQ-UHFFFAOYSA-N,1,5.811954807873761,2
BPQYPRDZEFGRKD-UHFFFAOYSA-N,1,5.811071516239147,1
PZYRQKWSXFGUED-IYARVYRRSA-N,1,5.8109590920909895,1
JLUQWCZYPJKNMK-UHFFFAOYSA-N,1,5.810816562933594,2
WEEBXSDEOQNZPK-NLFFAJNJSA-N,1,,0
ACKJXZGTUCARLB-KNQAVFIVSA-N,1,,0
ITSYGVLMBDGWEV-UHFFFAOYSA-N,1,,0
SSFLFRPKMGNFFZ-UHFFFAOYSA-N,1,,0
BGRFOPBDZYUOMJ-PZJWPPBQSA-N,1,,0
FRPJGTNLZNXQEX-UHFFFAOYSA-N,1,4.823908740944319,3
QLJOSZATCBCBDR-DFKUFRTHSA-N,1,5.809668301829708,1
CRDDYQHSKSCCPP-LOSJGSFVSA-N,1,,0
LVLYBVZQVHNPHM-UHFFFAOYSA-N,1,,0
HEJDIFZOESZDQS-UHFFFAOYSA-N,1,,0
NSWVOURVYWIOMJ-UHFFFAOYSA-N,1,,0
HFWNGFIHHPNYEM-UHFFFAOYSA-N,1,,0
SPVJCKMDCFPHSX-UHFFFAOYSA-N,1,5.806875401645538,1
YBWZCNHZSGYCJP-UHFFFAOYSA-N,1,,0
YXAYUWVURAQPQH-UHFFFAOYSA-N,1,5.806483149358819,2
BWWHZGYOJOBIMA-UHFFFAOYSA-N,1,5.806041021980813,1
BRNZPYPUEXFLII-UHFFFAOYSA-N,1,,0
PHAVNSHDZRSZRT-UHFFFAOYSA-N,1,,0
HUEMJHLBWFDXTF-QAQDUYKDSA-N,1,5.80465394165158,1
YWGRHHHDROUELZ-UHFFFAOYSA-N,1,5.804100347590767,1
QQTQZOHDWMKOJZ-UHFFFAOYSA-N,1,5.803823814960026,1
MSFHSIRZEOQLNY-UHFFFAOYSA-N,1,,0
GHWJEDJMOVUXEC-UHFFFAOYSA-N,1,5.802774159586892,2
JCQMFTNOJJEKDR-UHFFFAOYSA-N,1,,0
AKCNULBSNJJBDL-UHFFFAOYSA-N,1,,0
DVALOPXWVWHIHY-SFHVURJKSA-N,1,5.800000874803203,1
SAMQAQQHJAUYDF-BFZJZIARSA-N,1,5.800000874803203,1
YVWGGGGMRDLOGA-GOSISDBHSA-N,1,5.800000874803203,1
ZLRJVNFLDHERMS-UHFFFAOYSA-N,1,5.800000874803203,1
DVOIVAFOLPZGOP-UHFFFAOYSA-N,1,5.800000874803203,1
DAQRADKKYACIIM-UHFFFAOYSA-N,1,5.800000874803203,1
KWXDZKMCZUIKDA-UHFFFAOYSA-N,1,5.800000874803203,1
BNBAGMLJQSUXHD-UHFFFAOYSA-N,1,5.800000874803203,1
YUOYSSGZLHUBKV-UHFFFAOYSA-N,1,5.800000874803203,1
KWNJMHODRWLBPT-UHFFFAOYSA-N,1,5.800000874803203,1
OMZDIKJNJMPWHV-UHFFFAOYSA-N,1,5.800000874803203,1
GSIGQTMTQNFDFP-UHFFFAOYSA-N,1,5.800000874803203,1
MXDNCXSBIMPXLA-UHFFFAOYSA-N,1,5.800000874803203,1
WLLDCVHJRCZONV-PMERELPUSA-N,1,5.800000874803203,1
PGECDPZDSONJJV-UHFFFAOYSA-N,1,5.800000874803203,1
ABSKTFYOWZQKEU-LBEPJEHYSA-N,1,5.800000874803203,1
PFWZDYSBLPIXBI-GLRZTSSQSA-N,1,5.800000874803203,1
OSNANICDBBZIMG-IBGZPJMESA-N,1,5.800000874803203,1
JNRWMDWBIFENSQ-IBGZPJMESA-N,1,5.800000874803203,1
WWEHZPFFGZLBOV-QFIPXVFZSA-N,1,5.800000874803203,1
RRSUWPYFZSEELD-GCJKJVERSA-N,1,,0
MBZHXLWMUXOLDU-UHFFFAOYSA-N,1,,0
FDGXVDUYFWJNRM-UHFFFAOYSA-N,1,,0
TXVUROLPUDSHNS-IRUKTGRDSA-N,1,,0
CKBZGVUMIUDAHE-UHFFFAOYSA-N,1,,0
QIPWTYSOANVUKJ-WZONZLPQSA-N,1,5.798602875679549,1
FEUOYGFGQUAIGL-UHFFFAOYSA-N,1,,0
JKFIWLJVMRKLFE-UHFFFAOYSA-N,1,5.797784224198868,1
JJKVHQGSRGJOOG-UHFFFAOYSA-N,1,5.795880017344075,1
VUXXDICFUUFOIZ-UHFFFAOYSA-N,1,5.795880017344075,1
VCPWSWCLJDFHBL-UHFFFAOYSA-N,1,5.795880017344075,1
GVERGJNQZKUDON-ZIAGYGMSSA-N,1,5.795880017344075,1
RXGPCIHYSMKIRI-UHFFFAOYSA-N,1,5.795880017344075,1
GIHFRARKMBMXPG-UHFFFAOYSA-N,1,5.795880017344075,1
SRVIPQXGTQCEKQ-SDNWHVSQSA-N,1,5.795880017344075,1
LGWSPIADNFUMJB-KGENOOAVSA-N,1,5.795880017344075,1
GVVVUTQKKBTPEY-UHFFFAOYSA-N,1,5.795880017344075,1
UIFXBTKQVKHNLS-SAABIXHNSA-N,1,,0
WZWRNSLQPLMVBF-QAQDUYKDSA-N,1,,0
LDFMLJWZQNMXMR-WGSAOQKQSA-N,1,,0
YUQSRDBNOFGTEH-KCZVDYSFSA-N,1,,0
UKVNVIVEPLGCBQ-JCNLHEQBSA-N,1,,0
NKTVBRDNDSHOST-IRJFHVNHSA-N,1,,0
DVVDLSCUPMTBKI-UHFFFAOYSA-N,1,,0
JDGWCJQTEUISIR-GGYDESQDSA-N,1,,0
CAIGDBOMRARVPM-MIRVZWSXSA-N,1,,0
MBCROYIVEQFERC-IYARVYRRSA-N,1,,0
YJHMYPHXIJOCOQ-UHFFFAOYSA-N,1,,0
ARTYMOMXSPBDNS-ULQDDVLXSA-N,1,,0
MKLCNRHAJGACTJ-UHFFFAOYSA-N,1,,0
VRUUWJUSPIOSIG-ILBGXUMGSA-N,1,5.792634962530928,1
QTKPSGBAONTGHB-UHFFFAOYSA-N,1,5.791558643561433,1
ZZDBZNUPBFQLAW-UHFFFAOYSA-N,1,,0
YWAYCGMRQTZKTF-UHFFFAOYSA-N,1,5.790645003082373,2
VGKVZFQYJAJYLD-UHFFFAOYSA-N,1,,0
GVBUCTDNZRCASG-JXFKEZNVSA-N,1,,0
IWKLJRLAWXMABE-UHFFFAOYSA-N,1,,0
BKKDXLNOKQPSKN-RDGATRHJSA-N,1,,0
AFTOBIAKNPTOEU-UHFFFAOYSA-N,1,,0
ANPBPMHGXDWYNM-AZUAARDMSA-N,1,,0
KWRMWQDKOGFMKP-UHFFFAOYSA-N,1,5.787812395596042,1
YGKRVQCZWFVTEQ-UHFFFAOYSA-N,1,,0
SILRNATUEGXXED-UHFFFAOYSA-N,1,5.784626847216578,1
FZRWUKVGDQMBQT-AZUAARDMSA-N,1,5.783306400830245,1
QLZUEQSDNKXKCQ-UHFFFAOYSA-N,1,5.783042792638903,1
SRUJXUCEPJSKMZ-UHFFFAOYSA-N,1,,0
RMXGCHHYNPXIEU-UHFFFAOYSA-N,1,,0
OTBGSMLTKVRBTA-UHFFFAOYSA-N,1,5.780939667551139,1
STIWHEMFVTWALB-UTKZUKDTSA-N,1,,0
ZZJDFRAENYUPMH-RZFKFIIISA-N,1,5.779107750780481,1
QHTTYYWWULUJBN-UHFFFAOYSA-N,1,5.77642098432889,2
CTDCQQXDSZWWIE-HRAATJIYSA-N,1,,0
CVHDGXBLAOQADH-UHFFFAOYSA-N,1,5.774690718274137,1
YLTKUDZHMIBRSC-UHFFFAOYSA-N,1,,0
ZDLRSCUUMCVWLK-UHFFFAOYSA-N,1,,0
CVYUFZOROOSHLD-UHFFFAOYSA-N,1,,0
CQDDNQVYYAJBQL-UHFFFAOYSA-N,1,,0
IMIITABQEXKZPN-UHFFFAOYSA-N,1,5.771599641296995,1
BXQUKLOIAUHWPJ-PKOBYXMFSA-N,1,5.771343041891065,1
AMIGTUQPTNLQHG-UHFFFAOYSA-N,1,,0
LCKBEOTXTNWYRG-UHFFFAOYSA-N,1,5.770000934050708,1
AWSNADYOKQXJRZ-BTNBVRMJSA-N,1,,0
WPJAQVXUSLEHLH-UHFFFAOYSA-N,1,,0
AWYHXTJQEWRWOA-UHFFFAOYSA-N,1,5.769776006336217,2
XKIGTQXAOLOQJD-UHFFFAOYSA-N,1,5.769551078621726,1
LPLBLTITXDCEAW-BUVRLJJBSA-N,1,5.769551078621726,1
NIBSKZAKNHPDAI-HYARGMPZSA-N,1,5.769551078621726,1
SEVLDDAIFKZMCD-JTKSJCOOSA-N,1,5.769551078621726,1
JLRYOWKVNYLGFB-OJBMAJLDSA-N,1,5.769551078621726,1
CRZWHAXESOORIJ-UHFFFAOYSA-N,1,,0
XDUZMCZHXHFPEP-UHFFFAOYSA-N,1,,0
XZGWAEHXRURBSM-UHFFFAOYSA-N,1,,0
CRSMUMSMFUSJCR-ZXSXIFIVSA-N,1,,0
OQWIVCDXOWOYAM-XUTJKUGGSA-N,1,,0
UMQFQWLGNZXTCR-PBVHZTIHSA-N,1,,0
NIJWMLBNDUWVQH-IYARVYRRSA-N,1,,0
SKPBGVJZUPBKNY-HCGLCNNCSA-N,1,,0
DOULCDSMIFJJIX-XUTJKUGGSA-N,1,,0
AXZLMPRGGDXHFB-UHFFFAOYSA-N,1,,0
HNFGNFPOEVJRAY-UHFFFAOYSA-N,1,,0
CPTUHCVCDVDCJV-UHFFFAOYSA-N,1,,0
QIUNPJREZURMGC-UVPKRVSESA-N,1,,0
AAPXNHMQKBDDJN-XMSQKQJNSA-N,1,,0
GSVGUZSCTGJZJV-QUCCMNQESA-N,1,5.764471553092451,1
OAUFPDQMACFAMN-UHFFFAOYSA-N,1,5.764471553092451,1
HJKLOGARPBXZTP-UHFFFAOYSA-N,1,5.763462738511306,1
ZCVMWBYGMWKGHF-UHFFFAOYSA-N,1,,0
NBCNQEXSFAAUHI-UHFFFAOYSA-N,1,5.7627076624325415,1
MLYZNZVURPVMPQ-KRWDZBQOSA-N,1,,0
SGVJKODGLNRNLW-UHFFFAOYSA-N,1,,0
WZHSLWWHUWNSDV-UHFFFAOYSA-N,1,,0
ASFIQZWALJTDCY-PMERELPUSA-N,1,,0
YBRBKCXISVCUJG-MRXNPFEDSA-N,1,5.761439372640169,2
GNVATANRVUMZDM-RXJZEZJSSA-N,1,,0
YOHLTWMPXNQOAA-UHFFFAOYSA-N,1,,0
VXJVZBXRTNKKRU-UHFFFAOYSA-N,1,,0
OCAXFDULERPAJM-UHFFFAOYSA-N,1,5.7594507517174005,1
DFTCYTDJDXZFSK-NUHJPDEHSA-N,1,,0
WMIVISJOMKDPGX-UHFFFAOYSA-N,1,,0
MGHCXXOUHAVDNX-UHFFFAOYSA-N,1,,0
CHBCJGRXRVEKLM-UHFFFAOYSA-N,1,5.756961951313706,1
ZLNGLZZIHYJLNS-QGZVFWFLSA-N,1,5.756961951313706,1
HCJSXNXLTDYAKZ-UHFFFAOYSA-N,1,,0
KLNKJWNIWSXCQK-UHFFFAOYSA-N,1,5.750557038557417,1
PXTNZNWAFOHMBS-UHFFFAOYSA-N,1,5.749999855918706,1
USSJQLOQXQBGTM-AVRDEDQJSA-N,1,,0
QSWCDNVHONXTSW-UHFFFAOYSA-N,1,,0
RCQMBKDEEJPXIY-UHFFFAOYSA-N,1,5.748605149959896,1
NFWRARMIHODAKJ-UHFFFAOYSA-N,1,5.748605149959896,1
ZKZMECIDSBGYIC-UHFFFAOYSA-N,1,,0
AWWFUJHGYZGUBS-UHFFFAOYSA-N,1,,0
XZMLRFQMXJLGRF-UHFFFAOYSA-N,1,,0
PGSGTPNUOJTSEM-XMMPIXPASA-N,1,,0
QFHXIJAGZCPYPV-UHFFFAOYSA-N,1,5.7447274948966935,1
HLYMHQWTEQNZLL-IBGZPJMESA-N,1,5.7447274948966935,1
WMVHTQXTTPNPRU-UHFFFAOYSA-N,1,,0
OGRCIXTZMPQEAX-JKIUYZKVSA-N,1,,0
ALMQVQFFGPSBDJ-KJDSRRNHSA-N,1,,0
FMIGXIISTXPFJX-UHFFFAOYSA-N,1,,0
XRDVQWJPAZZLKN-UHFFFAOYSA-N,1,5.741841806659206,1
HKFCZKONZLVXFH-UHFFFAOYSA-N,1,,0
QFFTWWDHGZIBEJ-UHFFFAOYSA-N,1,,0
MGAQDUSMABIJCH-ZDUSSCGKSA-N,1,5.740000204918113,1
XSMJOXYQXGOXQV-FXBPSFAMSA-N,1,5.739928612014925,1
CHBRLPNCHAUHGS-UHFFFAOYSA-N,1,,0
MZCGNTZTYZJMJK-UHFFFAOYSA-N,1,,0
GMYFBVQGIPPIPJ-WSUVESLISA-N,1,,0
XMKVSBVTGBNIHZ-UHFFFAOYSA-N,1,,0
VMSBWTDRZMICFC-UHFFFAOYSA-N,1,,0
JMGCLJGEYSAHMV-UHFFFAOYSA-N,1,5.735890843694191,1
WQEPZBNLBWDIRZ-UHFFFAOYSA-N,1,5.73471037413917,1
FHTCFDIRPCKGKO-UHFFFAOYSA-N,1,,0
OVRUYISKGGXOPK-UHFFFAOYSA-N,1,,0
KPULVFIDUFPCCH-UHFFFAOYSA-N,1,5.732828271596986,1
LPWRTRRXYPVJKD-UHFFFAOYSA-N,1,,0
FZKSKVNYSCHGOF-UHFFFAOYSA-N,1,,0
NGEGVUWXHYDOQM-UHFFFAOYSA-N,1,,0
AVXGCGYACIYZAR-INIZCTEOSA-N,1,5.7299993321845495,1
UDEAASQJJIGOTN-IAGOWNOFSA-N,1,5.7299993321845495,1
XRJGWSMTLAFHBN-UHFFFAOYSA-N,1,,0
QNARIGRIJHAUAQ-UHFFFAOYSA-N,1,,0
DDLMXDXJVCLTCF-QAPCUYQASA-N,1,5.72584215073632,1
NWVMEGNJSPJMDY-UHFFFAOYSA-N,1,5.7251496799833355,1
FUVSPPJJICMEMP-UHFFFAOYSA-N,1,,0
COCBRLNWXSGWJZ-UHFFFAOYSA-N,1,5.723078867934226,1
DQVARXSGNFBPMB-UHFFFAOYSA-N,1,5.721246399047171,2
VHRSWCTVFBWHKE-UHFFFAOYSA-N,1,5.721246399047171,1
LIHCKGZEDBNUJG-UHFFFAOYSA-N,1,5.721246399047171,1
LEWWBJBGGUZKQX-UZLBHIALSA-N,1,5.721246399047171,1
UISZGTKWUGURNK-UHFFFAOYSA-N,1,5.721246399047171,1
GSJJDYOIKNLJCL-UHFFFAOYSA-N,1,5.721246399047171,1
ZCFZBUNCKXEBAK-UHFFFAOYSA-N,1,5.721246399047171,1
CILIRIYREOCHIN-UHFFFAOYSA-N,1,,0
JGXVHHJVAUYNIF-UAPYVXQJSA-N,1,,0
MGLROOVVYGGYLB-WKILWMFISA-N,1,,0
XUYHFDXRBDOBCI-FVUUGDKNSA-N,1,,0
NAQHRNOUDLIZSS-UHFFFAOYSA-N,1,,0
JJOOPJBXZHKRLQ-UHFFFAOYSA-N,1,5.72056121171298,1
UCVFZVSEYSSSHP-SFHVURJKSA-N,1,5.720000163638921,1
QQWLSTBNUSPPGV-UHFFFAOYSA-N,1,5.720000163638921,1
JHLGZIBTXUVCIJ-UHFFFAOYSA-N,1,5.717151397165355,1
SOJUVNZTSQSTPY-UHFFFAOYSA-N,1,,0
JIQPCUQFYHDNJZ-UHFFFAOYSA-N,1,5.715343717211484,1
KERODJLVCVZLOA-UHFFFAOYSA-N,1,5.715127065376125,2
QGUAUKGVRXXHQV-AFARHQOCSA-N,1,5.71331903064507,1
KQZXADGECOXBKU-UHFFFAOYSA-N,1,,0
OMRTUEHYBPGJDW-UHFFFAOYSA-N,1,,0
LQACCULQLKHGMI-UHFFFAOYSA-N,1,,0
JOCIPRSPZCLXKS-UHFFFAOYSA-N,1,5.7099832065779985,2
HINWGODKQABLIJ-UHFFFAOYSA-N,1,5.709965388637482,1
ITNGDGJSTGEEEQ-AQYVVDRMSA-N,1,5.709965388637482,1
UJCHUXZLJMJSPN-UHFFFAOYSA-N,1,,0
HCXDSTXYBRCIQC-OAHLLOKOSA-N,1,,0
TVXRQXMYFWHHQS-UHFFFAOYSA-N,1,,0
CXMRZVOWSQPBGP-UHFFFAOYSA-N,1,5.705754283861882,1
AUKPHAAWNDZREH-UHFFFAOYSA-N,1,5.705754283861882,1
HPRWHXGAJGUOCP-UHFFFAOYSA-N,1,5.705313375720557,1
DGWDNZHZPVHEAC-UHFFFAOYSA-N,1,,0
QXVLZWCSEWFKBC-UHFFFAOYSA-N,1,,0
BPHVHUHFXREQBY-UHFFFAOYSA-N,1,5.703554205793604,1
QLTASWSCCMMISJ-UHFFFAOYSA-N,1,5.702677285794698,2
VFDLYPNEKROUJA-UHFFFAOYSA-N,1,,0
FBWAJWVVFJJYLR-UHFFFAOYSA-N,1,5.701667656810743,2
DMWWEOYTOCKCTC-UZLBHIALSA-N,1,,0
DVALOPXWVWHIHY-GOSISDBHSA-N,1,5.700000503883016,1
QCZONXSWEXKHJH-KYJUHHDHSA-N,1,5.700000503883016,1
REDQYSRGGWSYHE-OKDASEJXSA-N,1,5.700000503883016,1
ITORASWVZJDYAP-UHFFFAOYSA-N,1,5.700000503883016,1
YIABLPRBQVUUAI-UHFFFAOYSA-N,1,5.700000503883016,1
PXPJPNJJCSZAJM-UHFFFAOYSA-N,1,5.700000503883016,1
WJWXIOHJLIZWJX-UHFFFAOYSA-N,1,5.700000503883016,1
GFDLWVZOTUWVML-UHFFFAOYSA-N,1,5.700000503883016,1
OOXNTGSMQFBSGF-SFHVURJKSA-N,1,5.700000503883016,1
KVPZYDQQJGCISF-QHCPKHFHSA-N,1,5.700000503883016,1
IYDIXGIHBUITOM-QHCPKHFHSA-N,1,5.700000503883016,1
NYWJZLOBZHVZMI-JOCHJYFZSA-N,1,5.700000503883016,1
CVKDESKCBDICFQ-UHFFFAOYSA-N,1,,0
HFOWGUWAWCYGBG-HXUWFJFHSA-N,1,,0
CAOZWYSSXXOCSD-UHFFFAOYSA-N,1,5.698970004336019,1
WCUXCSHIFAMMQM-UHFFFAOYSA-N,1,5.698970004336019,1
OSBIAWPZBNFCQQ-ODNYIURZSA-N,1,5.698970004336019,1
CMFMZBLAQQULNF-UHFFFAOYSA-N,1,5.698970004336019,1
SNTYDMTYFDXPJP-HXUWFJFHSA-N,1,5.698970004336019,1
HEHKUMIGMLBRDW-OAQYLSRUSA-N,1,5.698970004336019,1
BHXRASLIUBTTGT-JOCHJYFZSA-N,1,5.698970004336019,1
SHPCAECDGCBRNC-JTKSJCOOSA-N,1,5.698970004336019,1
ZYXIICVCCTVXCC-QVXKZJQXSA-N,1,5.698970004336019,1
NYRDAOIKGSCMQF-UHFFFAOYSA-N,1,5.698970004336019,1
KEGYOUUWACRVPZ-LWFXZEMVSA-N,1,,0
AXWHEAPHZLQQJC-JCNLHEQBSA-N,1,,0
INHNATSHBKJSGN-UAPYVXQJSA-N,1,,0
GSEIFCYYFLMJKI-UHFFFAOYSA-N,1,5.697885623043799,1
LKUILOJELWBGMK-JSOSNVBQSA-N,1,,0
YYAHKCMGTOAAMI-UHFFFAOYSA-N,1,5.6965879294032575,1
BPXIOWINQPQVOY-UHFFFAOYSA-N,1,5.693789491832239,1
NTJLMCXCRRDOFG-UHFFFAOYSA-N,1,5.692503962086787,1
CCSCYJFJDDPPKK-HXUWFJFHSA-N,1,5.692503962086787,1
YKEFFXDXDCCGLC-UHFFFAOYSA-N,1,5.691222226335279,1
AFLPJFUVXSSHKS-UHFFFAOYSA-N,1,5.691008970999835,1
QSXPHCNTIXEPIX-UHFFFAOYSA-N,1,,0
JVGDBVAGMMZAGB-YKSBVNFPSA-N,1,,0
PEJRVVYNELAPOR-HZPDHXFCSA-N,1,5.689999562814496,1
BLQLPPFWAKBJSW-GHTZIAJQSA-N,1,,0
RZIVHWYBTWTWME-UHFFFAOYSA-N,1,5.689122850879371,2
LNLWQXMVVFJRDW-UHFFFAOYSA-N,1,,0
DQOGQIXFWPGESA-UHFFFAOYSA-N,1,,0
IUPVUCISWBWELZ-MRXNPFEDSA-N,1,5.688246138944246,1
NVIIJSWTJSGWDP-UHFFFAOYSA-N,1,5.686177009796669,2
AQMPTYUVSBXZPZ-UHFFFAOYSA-N,1,5.686132779630847,1
KROSHEKWTTXFGB-UHFFFAOYSA-N,1,5.686132779630847,1
YZKGQHRABFMYLD-UHFFFAOYSA-N,1,5.684869682816398,1
BGJKTPLCXOXWJT-UHFFFAOYSA-N,1,5.684029654543082,1
JPSSDJSKUUWHMS-CYGODWOOSA-N,1,5.684029654543082,1
WSJMJBOZYZWDIK-UHFFFAOYSA-N,1,5.682258126592544,2
APQZNYUJNUPOMI-UHFFFAOYSA-N,1,,0
HMEQJDULYLZBGI-UHFFFAOYSA-N,1,,0
OFDFSLKEZUMNQF-UHFFFAOYSA-N,1,5.681102285372513,1
XIPOFQVPXAIRQK-INIZCTEOSA-N,1,,0
GHXMJOBEVWDMLQ-MGPUTAFESA-N,1,,0
VLTGPTYNYZEWJR-UHFFFAOYSA-N,1,5.679853713888946,1
DSNCXRXGMZSRBV-UHFFFAOYSA-N,1,5.6790233226571765,1
FSAALEHYCCSDSA-UHFFFAOYSA-N,1,5.678889950500676,2
JPFBKWSBTOFTQU-UHFFFAOYSA-N,1,5.678004861726401,2
WQIQKJZEKYFKAS-UHFFFAOYSA-N,1,5.6778583702187895,2
VLPGZLXTGTZSSM-PKOBYXMFSA-N,1,5.6777807052660805,1
CRARFJICFRVCGK-UHFFFAOYSA-N,1,,0
DYKARFTYXCIJDS-UHFFFAOYSA-N,1,,0
QWYUUBBTIYYNJQ-UHFFFAOYSA-N,1,,0
RTNHENHQSIAEAI-UHFFFAOYSA-N,1,,0
NDXLOOJPKINORE-UHFFFAOYSA-N,1,,0
UUBHNHBPLALWJT-UHFFFAOYSA-N,1,,0
BKXQCWSMFGHWQZ-UHFFFAOYSA-N,1,,0
KFWJKLDOLDILRK-UHFFFAOYSA-N,1,,0
BNLMWAKHHJZPTH-UHFFFAOYSA-N,1,5.676129393459491,1
UXSMRLSKRXJAGK-UHFFFAOYSA-N,1,5.675717544702307,1
ZKRWPAYTJMRKLJ-BTYIYWSLSA-N,1,,0
CVFSBPUUIKGUIL-UHFFFAOYSA-N,1,,0
YNPHJHPQIGUKLL-UHFFFAOYSA-N,1,5.673664139071249,1
ZHVKQDWDRSUINP-UHFFFAOYSA-N,1,,0
MDVZGZXQJCCESG-UHFFFAOYSA-N,1,,0
RFORDMJRDZVYAP-UHFFFAOYSA-N,1,,0
NNGXTAXKYWLURT-UHFFFAOYSA-N,1,,0
VQPCZLCMOKJHPB-RBBKRZOGSA-N,1,5.6701954778359305,1
JJMRPVGTDRDQOU-UHFFFAOYSA-N,1,,0
SHXNMYNFGRHTQN-UHFFFAOYSA-N,1,,0
CUILJUVWLOGVCM-UHFFFAOYSA-N,1,5.668572703479256,1
DZYJECJNISMMEC-SAIGFBBZSA-N,1,5.668167955563751,1
UWUCDMAWZWXZPY-UHFFFAOYSA-N,1,5.6679209794480485,2
IPEQZSDWFQRQIF-UHFFFAOYSA-N,1,,0
QFHZTAFMZCTOBW-UHFFFAOYSA-N,1,,0
NQPMEVDLXOHCCR-UHFFFAOYSA-N,1,,0
XJNRZWHOAMPWIC-UHFFFAOYSA-N,1,,0
UCIZFJJDTYKVFG-UHFFFAOYSA-N,1,5.664141088680182,1
XBHTWHZBPNLIOV-UHFFFAOYSA-N,1,,0
LEQPLCJILZPZJF-UHFFFAOYSA-N,1,5.662395902390025,2
XKJCYPAWMASKGX-UHFFFAOYSA-N,1,5.661742769753745,1
GDNADCXFLBULNM-QPJJXVBHSA-N,1,5.66094626429086,1
RUCWOVBWUVMXEY-UHFFFAOYSA-N,1,,0
LRMWMKQIJLOEPF-XMSQKQJNSA-N,1,,0
UJRXZWAABVTTPQ-HHHXNRCGSA-N,1,,0
LFZXCNYEMUTWJM-JUWDIMJDSA-N,1,,0
RGHKOAFUHZEYJM-UHFFFAOYSA-N,1,5.659754238432068,1
RGUPPVFDUJOBQL-UHFFFAOYSA-N,1,5.6595558851598815,1
ZYPHLHODRPNBKX-UHFFFAOYSA-N,1,,0
UGXPMUFKPRFZOM-UHFFFAOYSA-N,1,5.659159450187668,1
PAMJGKFHXJWILY-UHFFFAOYSA-N,1,5.658367664221945,1
UVPIZMCLGBXZAJ-BDJLRTHQSA-N,1,5.657577319177793,1
NFRIERLNKMVOKN-UHFFFAOYSA-N,1,5.657577319177793,1
YSLMGFFVMWWPSA-UHFFFAOYSA-N,1,5.657577319177793,1
RZWIBVNDYKVOQZ-UHFFFAOYSA-N,1,5.657577319177793,1
KLYJLIQACDTALL-HSZRJFAPSA-N,1,5.657577319177793,1
LAMDTGOBCQBCBW-UHFFFAOYSA-N,1,5.657577319177793,1
UNYNHWPKQAKANT-UHFFFAOYSA-N,1,5.657577319177793,1
ZBTNZGPMSDHVKB-UAPYVXQJSA-N,1,,0
NPLOIWFMUHLKNW-GOSISDBHSA-N,1,5.654901959985743,2
KIXDFGLGWRVXHJ-UHFFFAOYSA-N,1,5.653647025549361,1
ZFIFMHZQHDPZDW-JSOSNVBQSA-N,1,,0
OTVFQSZCLHMKKL-UHFFFAOYSA-N,1,5.652697400533215,2
YBRBKCXISVCUJG-INIZCTEOSA-N,1,5.652259161754901,2
RNRLYKOJLSLHGX-UHFFFAOYSA-N,1,,0
QTPHXTPUQBAPOK-UHFFFAOYSA-N,1,5.650722472532045,1
RJZYRNTXYJEPMD-LJQANCHMSA-N,1,5.650514997831991,4
RDLNNBSDNFNODH-CYWCHRQTSA-N,1,5.650000220873455,1
LXCQXRDWKLZRPW-UHFFFAOYSA-N,1,,0
CRAJXQNFXAOYDL-XLIONFOSSA-N,1,,0
OTVQCHUIPJYASM-UHFFFAOYSA-N,1,5.647817481888637,1
JJKPSOUEWPDPFS-UHFFFAOYSA-N,1,5.649751981665837,1
IKUNVINCAHHDMJ-UHFFFAOYSA-N,1,5.649170726417032,1
MWEMZAUJQVTCGX-UHFFFAOYSA-N,1,5.648908851381046,2
DAKGDRVNCPHAPY-KDOFPFPSSA-N,1,5.647817481888637,3
MYZIKGMINRFRQR-UHFFFAOYSA-N,1,,0
PNFSZBQKXYOEES-GOSISDBHSA-N,1,5.645891560852599,1
GHTVGKYMFLKBOX-UHFFFAOYSA-N,1,,0
GHMRSCYBFHYOPJ-UHFFFAOYSA-N,1,,0
LRAXIKDADSVQMU-UHFFFAOYSA-N,1,,0
QTJSAQYKJMJAHN-FCMXBYMOSA-N,1,5.643534331524599,1
YCXKREHMDGDOCM-UHFFFAOYSA-N,1,5.641874714723351,1
LKZRXKGEHQPMRS-UHFFFAOYSA-N,1,5.640543979879014,1
KBVAEHJQNKKTNL-SFTDATJTSA-N,1,,0
IZFJEANBTQYYTG-UHFFFAOYSA-N,1,5.639999555020352,1
DCPIQPSAVXUPED-UHFFFAOYSA-N,1,,0
YJLMHUBBYHISAU-UHFFFAOYSA-N,1,5.6399203482970215,2
XIEHRTNAVGHOGK-WSUVESLISA-N,1,,0
GARRNCFUWHSEJV-UHFFFAOYSA-N,1,5.638272163982407,1
FNIWYWIHLOTVQU-UHFFFAOYSA-N,1,5.638272163982407,1
XVBMPLSZRRHPOJ-UHFFFAOYSA-N,1,,0
CJXHLCBUPVLQCG-UHFFFAOYSA-N,1,,0
SPNOQIXRXOSYME-UHFFFAOYSA-N,1,,0
VUBOHWYGXKSKPM-UHFFFAOYSA-N,1,,0
ACEAZRLEPRIAMD-WGSAOQKQSA-N,1,5.636764195516307,1
MUURTTATAXOYBV-UHFFFAOYSA-N,1,,0
KLXKCCCIYMYATJ-UHFFFAOYSA-N,1,5.6343248595440825,2
IKYFNUXRYHSJTJ-XHDPSFHLSA-N,1,5.633017024022149,1
NPRUCAXBNDXNKK-UHFFFAOYSA-N,1,5.632644078973981,1
JIPGSTBSUISSPJ-UHFFFAOYSA-N,1,,0
WEGLOYDTDILXDA-HNNXBMFYSA-N,1,,0
DZPUKTCTIGNFBU-UHFFFAOYSA-N,1,5.631527161559639,1
RCWYEZYTOVCNOJ-UHFFFAOYSA-N,1,5.630784142589857,1
UXRVFSIWSWPXSI-IONNQARKSA-N,1,,0
KNJPQUOOYYJYMY-UHFFFAOYSA-N,1,,0
KFSLSGOKEPGUIN-UTKZUKDTSA-N,1,,0
VZCQCONTEBWWMW-BUHFOSPRSA-N,1,5.629857152948897,1
DSIMOSUKRNEDEJ-UHFFFAOYSA-N,1,,0
AUKXTTDRFKLJIH-UHFFFAOYSA-N,1,5.628932137728263,2
TZDYPFYPZGPSPS-RTBURBONSA-N,1,,0
GPGHBMYFNAXDPU-UHFFFAOYSA-N,1,,0
NRXPFRHREANWEK-UHFFFAOYSA-N,1,,0
BKDQVRCFIJMWOR-IBGZPJMESA-N,1,5.626352527790782,1
LIWZXUWAEHOPHY-MXVIHJGJSA-N,1,5.62609540752503,1
TXVUROLPUDSHNS-GMIKAHHASA-N,1,,0
FXFJIYMLQPCQCK-UHFFFAOYSA-N,1,5.625251653989896,1
XRHMVCVKZQLVNP-UHFFFAOYSA-N,1,5.625251653989896,1
JZSMSBPFOFGZLG-UHFFFAOYSA-N,1,5.625251653989896,1
QUWDNVLTBILVHN-UHFFFAOYSA-N,1,,0
RLTWHAFQDQJWDG-UHFFFAOYSA-N,1,5.622329560665677,1
QOGRQXGQKOEKKF-QAQDUYKDSA-N,1,5.619788758288394,1
ASMHEURTLBOCKH-HZHRSRAPSA-N,1,5.619788758288394,1
XGZRYSMNJLSRLE-UHFFFAOYSA-N,1,,0
VESRLYZTQXCZSY-UHFFFAOYSA-N,1,,0
CECDNRUCUZFOLS-UHFFFAOYSA-N,1,5.619036080789735,2
LRLXFJXJJIVVFZ-UHFFFAOYSA-N,1,5.618811612501693,2
BWRISDCHRCNQPM-LJQANCHMSA-N,1,,0
HGVGJVLAVHLRBW-UHFFFAOYSA-N,1,5.616184634019569,1
OZVITHJUTPFSHF-UHFFFAOYSA-N,1,,0
NYXISGQCRCGPPX-UHFFFAOYSA-N,1,,0
LLVOYQKYDBYLSE-UHFFFAOYSA-N,1,,0
UKXOUHSVLDNJMD-UHFFFAOYSA-N,1,,0
DTWIWINSMXUYHB-UHFFFAOYSA-N,1,5.2839966563652006,1
YJNBVDQHEBIRRE-UHFFFAOYSA-N,1,5.611304990910524,2
MGBCSHBNZNTBPJ-UHFFFAOYSA-N,1,,0
JCPOEWYYYWHNCO-ZWGSZDQZSA-N,1,5.610497246361537,1
ALTKABGEMCJWJH-UHFFFAOYSA-N,1,,0
UHXPQWKSRHWVDD-UHFFFAOYSA-N,1,,0
XPRRZXPFKHAHFH-MXVIHJGJSA-N,1,5.607127254597921,1
MTISMBMXUZQJJC-UHFFFAOYSA-N,1,,0
UYUTUOIZGIGQQA-VIVFLBMVSA-N,1,5.605562442112292,2
TVMUAXPFJKYAST-UHFFFAOYSA-N,1,,0
VQHITFFJBFOMBG-UHFFFAOYSA-N,1,5.6020599913279625,1
ZFSVGJPKLUWVIK-MLGOLLRUSA-N,1,5.6020599913279625,1
IIAXOZZRUNNJFU-UHFFFAOYSA-N,1,5.6020599913279625,1
QDUNOUQOKOYLCH-MLGOLLRUSA-N,1,5.6020599913279625,1
LRBUVURCWWAQQT-KRWDZBQOSA-N,1,5.6020599913279625,1
TYPSVDGIQAOBAD-DZGCQCFKSA-N,1,,0
MKNOKGDTUIIQRL-UHFFFAOYSA-N,1,5.600845666041783,1
OIKSHMCSVZMXCU-INIZCTEOSA-N,1,,0
UPNHRBCDSZJKGL-ISKFKSNPSA-N,1,,0
LOCQRDBFWSXQQI-UHFFFAOYSA-N,1,5.59999938302362,3
QCUYPKBVNBHYOZ-RXAXNXDRSA-N,1,5.59999938302362,1
JLKITJMRRRZCIH-UILWBTOOSA-N,1,5.59999938302362,1
JZKXKHVOIUMWCS-UHFFFAOYSA-N,1,5.59999938302362,1
JQQWLXXUXOPSDP-UHFFFAOYSA-N,1,5.59999938302362,1
HKBFAJQLEHSBTM-UHFFFAOYSA-N,1,5.59999938302362,1
VDMUKYJQQOEPTR-UHFFFAOYSA-N,1,5.59999938302362,1
NDLFGMFEIAWZRU-UHFFFAOYSA-N,1,5.59999938302362,1
YSQURFDNBAKACA-UHFFFAOYSA-N,1,5.59999938302362,1
SEMJDPGTUJSAEG-SJLPKXTDSA-N,1,5.59999938302362,1
VNCBCPIVWAMDIB-UHFFFAOYSA-N,1,5.59999938302362,1
RBSYHARPLIHIDB-UHFFFAOYSA-N,1,5.59999938302362,1
MHPHRNFSAZNRAT-UHFFFAOYSA-N,1,5.59999938302362,1
PMJJWQOFHOTBIY-NRFANRHFSA-N,1,5.59999938302362,1
AJVZNDDUZGAVJT-FQEVSTJZSA-N,1,5.59999938302362,1
LKTUCRCSDXSENT-QFIPXVFZSA-N,1,5.59999938302362,1
ZLXIUIBLWYKVOG-LUTIACGYSA-N,1,5.59999938302362,1
NYWJZLOBZHVZMI-QFIPXVFZSA-N,1,5.59999938302362,1
IRLHMHFRNZPYGU-UHFFFAOYSA-N,1,,0
KTMPMYIMDGPOKZ-UHFFFAOYSA-N,1,,0
LMIAIPKXPWLPGV-UHFFFAOYSA-N,1,,0
QDBGJAGCCLNYMQ-UHFFFAOYSA-N,1,,0
ZMEYWYCGMCZGRN-UHFFFAOYSA-N,1,,0
XIGWRMXCBASJKN-UHFFFAOYSA-N,1,5.599385607762754,2
DFNHNBPKUMLYOZ-UHFFFAOYSA-N,1,,0
GLZPLACVFCDCPW-UHFFFAOYSA-N,1,5.597910649427903,1
ARZYDJJAHRASCM-UHFFFAOYSA-N,1,5.597051170655595,1
GLYQQBFMZKSXNY-UHFFFAOYSA-N,1,5.596910013008056,2
JIFIBXLKXAOALA-UHFFFAOYSA-N,1,5.596879478824182,1
FHPKNBFLJRFJBV-HEHNFIMWSA-N,1,5.596879478824182,1
JTFGONAIGJAYQD-UHFFFAOYSA-N,1,5.5951662833800615,1
YIHQDWZWZRGAIH-UHFFFAOYSA-N,1,5.59482445378201,1
IBCSETAMVUUPMW-PVURQLNPSA-N,1,,0
SQNAJQXEBGOWSC-UHFFFAOYSA-N,1,5.5934598195660445,1
YVRKSLRZRXECRK-UHFFFAOYSA-N,1,5.593119329950875,1
VQKRNRNICNEGLE-GXFFZTMASA-N,1,5.592269271973665,1
GXVCWWLYAQAZCU-MXVIHJGJSA-N,1,5.591302231104212,1
WPLCSVMMEFEPPZ-UHFFFAOYSA-N,1,5.590066876668706,1
BMXRASUARGEUDH-UHFFFAOYSA-N,1,5.589999287456538,1
ACKJXZGTUCARLB-UGKGYDQZSA-N,1,,0
PGGCRGAETLNAJC-UHFFFAOYSA-N,1,5.58922276662279,1
QMVZRKZXRGJDNP-UHFFFAOYSA-N,1,,0
LYHPSWFRVIYURV-UHFFFAOYSA-N,1,5.587937083041726,2
PNROEQYQIZJINW-RUZDIDTESA-N,1,,0
KNONQRYHXGQZPG-OAHLLOKOSA-N,1,5.587875593826682,1
YFSPFZNLWSGJJK-UHFFFAOYSA-N,1,,0
NZJUYULZIBPYPQ-UHFFFAOYSA-N,1,,0
LIJZDQUYGUZHCR-UHFFFAOYSA-N,1,,0
ZMCOANUSZBGLSK-UHFFFAOYSA-N,1,,0
QZNVCRYUPLFRHD-DEOSSOPVSA-N,1,,0
NKNTXYMZEFEUNK-HNNXBMFYSA-N,1,5.586315363473087,4
NKNZUUWFOPEUNZ-UHFFFAOYSA-N,1,5.585695311871668,1
PYFLVLOENQIVRZ-UHFFFAOYSA-N,1,5.585026652029182,1
CPTSTFKVXWZGEV-UHFFFAOYSA-N,1,5.585026652029182,14
PKZJUJBTXBROLF-UHFFFAOYSA-N,1,5.585026652029182,1
SELHCEQNHNORQG-UHFFFAOYSA-N,1,5.585026652029182,1
GFRVMVDESKRPSW-UHFFFAOYSA-N,1,,0
YXMNLDHKEGETAO-UHFFFAOYSA-N,1,,0
BGSFWUHHMGJEBX-UHFFFAOYSA-N,1,,0
UIXJVQYWDHWJCD-UHFFFAOYSA-N,1,,0
PVENUDXTVWGTGJ-UHFFFAOYSA-N,1,5.584359020103846,1
GWFPJCOZSBFTOH-UHFFFAOYSA-N,1,,0
GFOKGPPIAVDUEO-UHFFFAOYSA-N,1,5.583359492661719,1
RRGIAVYUCTYDDX-UHFFFAOYSA-N,1,5.582030357785262,1
NEUFWHZAVWYYSZ-UHFFFAOYSA-N,1,5.581698708680255,1
PFPMRAONSOVYMJ-UHFFFAOYSA-N,1,5.580209413893638,1
VGGYTNPNHQBLKG-UHFFFAOYSA-N,1,,0
MXTNBQDJIBGONA-UHFFFAOYSA-N,1,,0
JIMCDCVSQCCLFD-UHFFFAOYSA-N,1,5.5797744046637785,2
QDUNOUQOKOYLCH-UHFFFAOYSA-N,1,5.5753824543426385,2
QFHMBWDXZWRJJD-KKSFZXQISA-N,1,,0
NBSPIYLVJWAETB-UHFFFAOYSA-N,1,,0
OKHCGJQUKXTRNR-KRWDZBQOSA-N,1,,0
PKQSDHHTBMYENT-UHFFFAOYSA-N,1,5.5713337517843655,2
QCFZUTYIUYQTPW-JOCHJYFZSA-N,1,5.570893991667303,1
LHEQMLMJFATZEM-CQSZACIVSA-N,1,5.570683285274157,2
PDTAWEWDWUPDFI-UHFFFAOYSA-N,1,5.570247719997592,1
BVXXXRLWEYNAGE-UHFFFAOYSA-N,1,5.570247719997592,1
QRMJZHWKWUHPFF-UHFFFAOYSA-N,1,,0
ZYKHMDFAAIQNQH-UHFFFAOYSA-N,1,5.568636235841012,1
YCWVGXHIBUBRER-UHFFFAOYSA-N,1,5.568636235841012,1
GLBVEJHGCUMFCU-XYWHTSSQSA-N,1,5.567508535563977,1
JTMYPGNBDACXLP-AFARHQOCSA-N,1,5.565750547603525,1
HKYVEEPQWZMBJJ-UHFFFAOYSA-N,1,5.564792896759252,1
WRPZMLXFPDERQS-SFHVURJKSA-N,1,,0
FKEVPZVICOXDLR-UHFFFAOYSA-N,1,5.562249437179612,1
IZRPKIZLIFYYKR-UHFFFAOYSA-N,1,5.562249437179612,1
SDBPIIJMVSRHDO-UHFFFAOYSA-N,1,5.561457651213889,1
CIQQYYDWFNUHDM-UHFFFAOYSA-N,1,5.561314327065113,2
ADAZZWTYEBRRHE-UHFFFAOYSA-N,1,5.561314327065113,2
WQEPZBNLBWDIRZ-OAQYLSRUSA-N,1,5.560983271612487,1
BNTGVINQADRYBE-UHFFFAOYSA-N,1,,0
BHOHPRFNAQMPCI-UHFFFAOYSA-N,1,5.560333550854261,2
SITUEGLHNDXECQ-UHFFFAOYSA-N,1,,0
UWUBDOPGNONVDN-UHFFFAOYSA-N,1,,0
QAUPWEHLWVIYLG-MRXNPFEDSA-N,1,5.559090917934782,1
ADWCVCJMIQYGTM-UHFFFAOYSA-N,1,,0
YTLHBRBFQQCIBL-UHFFFAOYSA-N,1,,0
DTSBUYTYJIUAIH-UHFFFAOYSA-N,1,5.555955204081924,1
PSYAJOBNPBYKRW-UHFFFAOYSA-N,1,,0
JBMAICLOHONCPL-UHFFFAOYSA-N,1,,0
QYOAQWNJUWUBRT-UHFFFAOYSA-N,1,,0
AQKLZOVNXYAGDW-UHFFFAOYSA-N,1,,0
NJTHDWRTKWUXOY-UHFFFAOYSA-N,1,5.553119118971028,2
FWMHZWMPUWAUPL-NDEPHWFRSA-N,1,5.552841968657781,1
QBLFVLVMLBAUAE-UHFFFAOYSA-N,1,5.552841968657781,1
KGWRWVLYGMASQA-UHFFFAOYSA-N,1,,0
SURYSMJVQLKAOF-UHFFFAOYSA-N,1,,0
PMZOPKCHYGDQPO-UHFFFAOYSA-N,1,,0
XHEBHLZOXYYZHW-UHFFFAOYSA-N,1,5.548455006504028,2
RRBNCHNWWUXYEM-UHFFFAOYSA-N,1,5.548213564475709,2
UFTCGRNKZUBROZ-UHFFFAOYSA-N,1,,0
BIRXIMHINOMMAU-UHFFFAOYSA-N,1,5.545757490560675,2
IOUKEEFTYOZOKJ-UHFFFAOYSA-N,1,5.5452219853794125,10
CKJPETQDQGIHJS-UHFFFAOYSA-N,1,5.54515513999149,1
APOXKSCRLNZDPC-UHFFFAOYSA-N,1,5.544154920623069,2
SFNVUZGWWDUWJI-HDZLCOIDSA-N,1,,0
YZWHZSHIKMFIQI-UHFFFAOYSA-N,1,,0
JYIJFUATJBLBJG-UHFFFAOYSA-N,1,,0
VRWKFSXVIDXVMV-UHFFFAOYSA-N,1,5.540000226349733,3
NFBNIRNKYJTDIE-UHFFFAOYSA-N,1,5.539102157243452,1
SJDLUAQSQRBWLX-UHFFFAOYSA-N,1,5.539102157243452,1
QULJKIQETSQZKV-UHFFFAOYSA-N,1,5.539102157243452,1
IXHDDZQOYOQOCL-UHFFFAOYSA-N,1,5.537602002101044,1
XFXRVZLQXHZEKV-UHFFFAOYSA-N,1,5.537602002101044,1
TVUCFWYHYFWZFI-UHFFFAOYSA-N,1,5.537602002101044,1
VOKCKVQKMXVJNW-UHFFFAOYSA-N,1,,0
GRDOSKIKNBNPPI-UHFFFAOYSA-N,1,,0
KABDUBCLDIGZHS-UHFFFAOYSA-N,1,,0
QQYBSVWWEQVBIX-HXUWFJFHSA-N,1,5.536571645525154,2
OPTAOWZLDMSBKX-OAHLLOKOSA-N,1,5.536107011014092,1
KNFUPQYGUNLNSF-UHFFFAOYSA-N,1,,0
YVFOUXAUJUJYKV-UHFFFAOYSA-N,1,5.534617148551582,1
JZQOJABCZMOQTR-UHFFFAOYSA-N,1,,0
YGTOBHZRTULFTF-KRWDZBQOSA-N,1,5.534171184642563,1
QQMNSBRRJCWJNN-UHFFFAOYSA-N,1,5.532984181561565,1
CDKQNHRWVCQEIG-UHFFFAOYSA-N,1,5.5324984242731725,2
CVPLGARGNFQLNC-UHFFFAOYSA-N,1,5.531743128760553,2
OQJMIPYHRMQITD-UHFFFAOYSA-N,1,,0
HWHPJDOZGZLVJB-UHFFFAOYSA-N,1,,0
VLCYCTQMMKCUDI-UHFFFAOYSA-N,1,5.530740137411754,2
PUTDAMBATXHKHN-RBQJHTGYSA-N,1,,0
ADDORVGWJJXKFK-AFARHQOCSA-N,1,5.5300307905000405,1
LRBUVURCWWAQQT-UHFFFAOYSA-N,1,5.52784554019771,4
CZPHWPDUDLEVFW-UHFFFAOYSA-N,1,5.526221165353276,1
RXDUVKIICDGRRM-QGZVFWFLSA-N,1,5.525783735923745,1
LILUJJCOIBEHSU-UHFFFAOYSA-N,1,5.525783735923745,1
KTPQCLNOFMRFDQ-UHFFFAOYSA-N,1,5.52432881167557,1
GADJREFUWACGBC-UHFFFAOYSA-N,1,5.523313257054355,1
YHEZQOSUVDWMEX-GOSISDBHSA-N,1,5.522878745280337,1
SRQDVOBYDYOTOQ-UHFFFAOYSA-N,1,5.522878745280337,1
PXHYKZAQKZISEK-UHFFFAOYSA-N,1,5.522878745280337,1
NUYPKYQEAJIFFC-AZUAARDMSA-N,1,5.522878745280337,1
JZWZIKZZZZQMOK-UHFFFAOYSA-N,1,,0
PXSNASRAIMXQPZ-UHFFFAOYSA-N,1,5.521289244487241,1
YFBWUDLPVMDGDF-JTQLQIEISA-N,1,5.520000247408364,1
HAULDNLFSXGWJR-UHFFFAOYSA-N,1,,0
RUZIUYOSRDWYQF-HNNXBMFYSA-N,1,,0
XPXUMEWYIRREDK-FQEVSTJZSA-N,1,5.5189875790434275,1
ONAUJHKYHSJWDK-AQYVVDRMSA-N,1,5.5168407902830205,1
DCDSVYQQSBWIRG-UHFFFAOYSA-N,1,5.515758525723032,2
AVUWEGVPHVPZJZ-MRXNPFEDSA-N,1,,0
ZOAXAKJUBSMZJB-UHFFFAOYSA-N,1,,0
PKODMLACMGNJDC-UHFFFAOYSA-N,1,,0
QGRZOKIURVWFKN-IAGOWNOFSA-N,1,5.509999358109048,1
BUGPNBWJWYNHNL-UHFFFAOYSA-N,1,,0
AUOJYDWOWNCBRK-UHFFFAOYSA-N,1,,0
TWVIJESEEXGVPP-UHFFFAOYSA-N,1,6.023120154133386,4
XMAARODROLJQOY-UHFFFAOYSA-N,1,5.508638306165727,1
FRMIPKWMBQUOCY-YZSQISJMSA-N,1,5.508638306165727,1
MUVLUHKHFQKISJ-UHFFFAOYSA-N,1,5.507658746745026,1
RTLWHVNMZFCSDU-UHFFFAOYSA-N,1,5.507518989871123,1
DKBYSDUFSXFXMP-UHFFFAOYSA-N,1,,0
MPCXQPXCYDDJSR-UHFFFAOYSA-N,1,5.507017460847564,2
ONRIUGIEGUMONQ-HNNXBMFYSA-N,1,,0
GQXZFGYVVINCKL-UHFFFAOYSA-N,1,5.504455662453552,1
OHSIGBOKYLDSHG-UHFFFAOYSA-N,1,,0
WAOZNBXSEVIAGX-MBOZVWFJSA-N,1,5.500312917381596,1
OAIALYFMHHTONS-HCGLCNNCSA-N,1,5.500175504160421,1
SJTRTMWJCBAHFJ-UHFFFAOYSA-O,1,,0
RMMKIMOPSINPOU-UHFFFAOYSA-N,1,,0
YNJUKWRUPNSFLS-UHFFFAOYSA-N,1,5.499999678657065,1
AOMCGXSEEARDEI-FXBOJIBUSA-N,1,5.499999678657065,1
AZPBLAHLAZJEKV-UHFFFAOYSA-N,1,5.499999678657065,1
RMCSKUADBRROSI-UHFFFAOYSA-N,1,5.499999678657065,1
GRNSMKAYAMENDT-UHFFFAOYSA-N,1,5.499999678657065,1
NGVUDBRNEJJAEO-UHFFFAOYSA-N,1,5.499999678657065,1
SWIWUIRVOIOIIY-IBGZPJMESA-N,1,5.499999678657065,1
QWWLVVDOGURJDF-IBGZPJMESA-N,1,5.499999678657065,1
ANTOILZBKKIMIM-UHFFFAOYSA-N,1,,0
ZORLJXWXFABTPZ-CTNGQTDRSA-N,1,,0
WGPYFRNJRFRJBN-UHFFFAOYSA-N,1,,0
RSEPGIMWDIKONM-UHFFFAOYSA-N,1,5.498940737782249,1
CIXHJOHVILFKGB-UHFFFAOYSA-N,1,5.497572880015568,1
MQFCUOQOVNYIGJ-CALCHBBNSA-N,1,,0
XVPRVMIFXXOEFR-UHFFFAOYSA-N,1,5.494850021680094,13
PYMJARYEQYKRFZ-INDMIFKZSA-N,1,5.494850021680094,1
RMRODALMKPMZFW-ZDUSSCGKSA-N,1,5.494036481981874,1
KMXCBWFCHIVUJL-UHFFFAOYSA-N,1,,0
HABUIFJVLTUADB-UHFFFAOYSA-N,1,5.492019259103447,2
GBUIXGKLAPQZFJ-UHFFFAOYSA-N,1,5.490797477668897,1
UHAMUBGOQVPGGQ-UHFFFAOYSA-N,1,,0
ZZINMSOGWJONAI-UHFFFAOYSA-N,1,,0
RRLSYCFYLABDNF-UHFFFAOYSA-N,1,,0
YWYZRJMGANXTJK-UHFFFAOYSA-N,1,5.488383979430862,1
DOQRWMBJOSFWPI-UHFFFAOYSA-N,1,5.488116639021126,1
RVQUGXAQXRVIGJ-UHFFFAOYSA-N,1,,0
XTFNKHQCBITNPG-UHFFFAOYSA-N,1,,0
ASGPPKHUWWRTLM-UHFFFAOYSA-N,1,5.481685552318919,2
FQUQVJCZFGUICL-PZJWPPBQSA-N,1,5.481486060122112,1
MLYZNZVURPVMPQ-UHFFFAOYSA-N,1,,0
YVEBIHRSAGYHFR-UHFFFAOYSA-N,1,,0
WURHPBCTBQAVRU-OFNKIYASSA-N,1,,0
JUBQDBNTYKHXPJ-UHFFFAOYSA-N,1,,0
GSHJIIAYCVNFDZ-UHFFFAOYSA-N,1,,0
FHBMSKSIPMUQOG-UHFFFAOYSA-N,1,,0
BXKFWSCAQBNCQC-UHFFFAOYSA-N,1,5.478208350360877,1
VEDJDJXYSXQHNT-UHFFFAOYSA-N,1,,0
HYLGECOKUPPDRN-UHFFFAOYSA-N,1,5.475779098224797,2
ZXUYYZPJUGQHLQ-UHFFFAOYSA-N,1,5.475474063373625,1
OKVMMISWCZKJGO-INIZCTEOSA-N,1,5.474825572164729,1
CMKAPQVRIZCIMH-UHFFFAOYSA-N,1,,0
MPRVFPKBKLXAAW-UHFFFAOYSA-N,1,5.472885888360195,1
VXHLHYPOHKQMNB-UHFFFAOYSA-N,1,5.472693472721556,2
CEMWPWPBXGCHCV-XUTJKUGGSA-N,1,5.472112434047295,1
VTBKJNQAKCEEEL-UHFFFAOYSA-N,1,5.470056598341331,1
NTVSBHFQAIUFRR-DHIUTWEWSA-N,1,5.470000200122707,1
FOHGNVLGHIBZAX-UHFFFAOYSA-N,1,,0
TWAJXJHCRRIGAN-UHFFFAOYSA-N,1,5.468521082957745,1
DTRXURJDKOYCCD-UHFFFAOYSA-N,1,5.468521082957745,12
ABXZOXDTHTTZJW-UHFFFAOYSA-N,1,5.468521082957745,1
HZAQPOKTYPPOTH-UHFFFAOYSA-N,1,5.468521082957745,1
UTMXFLLOSBJGIE-UHFFFAOYSA-N,1,5.468521082957745,1
GTISUCALIQQFFX-XMMPIXPASA-N,1,5.466990977504515,1
RWFLVFYYRNZUGQ-UHFFFAOYSA-N,1,,0
CROZWIWOTLHYEL-UHFFFAOYSA-N,1,,0
FMTZLPYHNXPXCD-UHFFFAOYSA-N,1,5.464579281943827,1
PPGFYYASBMMZHO-UHFFFAOYSA-N,1,,0
KILHLNJNPKNQHO-UHFFFAOYSA-N,1,5.463694127648966,1
PPNFHFXNWYTHCJ-UHFFFAOYSA-N,1,,0
FFRWNZLOGPBXRL-UHFFFAOYSA-N,1,,0
MWJBXTLFRLDENI-MYLNZVDJSA-N,1,,0
WZYGGOCYDFOBGL-UHFFFAOYSA-N,1,,0
VVFMFUGAHRAYJX-UHFFFAOYSA-N,1,,0
XOBVCWPXOBDWGK-UHFFFAOYSA-N,1,,0
UBDCKKJDVOIVBV-UHFFFAOYSA-N,1,,0
DPIMGXPIHCVDKS-UHFFFAOYSA-N,1,5.455931955649724,1
MJWBNONYVUDZCQ-UHFFFAOYSA-N,1,5.455931955649724,2
UJZCZEHTVLJAMR-UHFFFAOYSA-N,1,,0
LURCKJAGHVQMQC-UHFFFAOYSA-N,1,,0
PZWPPSAANHYITK-UHFFFAOYSA-N,1,5.455188088242224,1
LJXKPIFQYYNLTO-IBGZPJMESA-N,1,5.454166521202158,2
DHUATBAZHILHIC-MRXNPFEDSA-N,1,5.449771646944906,1
YVWOLSSJSAUBFF-UHFFFAOYSA-N,1,5.449411982816664,2
OIDVIVFTQMTONJ-UHFFFAOYSA-N,1,,0
WCEIUAYVTGWLJR-UHFFFAOYSA-N,1,,0
ZLTIKXYTELEOBL-UHFFFAOYSA-N,1,,0
OZUAEHNGHNUWOV-MXVIHJGJSA-N,1,5.448062304635163,1
ZLXLUDPOWFEMCX-UHFFFAOYSA-N,1,5.4467239538629,1
YCBKBUUDECGKKX-UHFFFAOYSA-N,1,,0
RGMLMPPJETZGOG-UHFFFAOYSA-N,1,5.443865115791365,2
BDRPLVMDSVQGDO-UZLBHIALSA-N,1,5.443697499232712,1
YYFWUVQKYICWEJ-UHFFFAOYSA-N,1,5.443697499232712,1
HTRSJSLNAMKILK-UHFFFAOYSA-N,1,,0
IELIPILAHREMSR-UHFFFAOYSA-N,1,,0
BHMLBWLDIQFCIS-UHFFFAOYSA-N,1,5.4381833356810425,1
KFJWHJLUTALKOZ-UHFFFAOYSA-N,1,5.437945170343621,1
KCDYLYMPNGUYNO-OXQOHEQNSA-N,1,5.437707135543525,1
MYMOYRKEPVSSAG-UHFFFAOYSA-N,1,,0
XOLIIHROSJWMQH-UHFFFAOYSA-N,1,5.434624497285927,1
CWPKTBMRVATCBL-UHFFFAOYSA-N,1,5.434591974982627,2
SODILGGAOBCWFX-UHFFFAOYSA-N,1,5.434152181326482,1
UYIBJXVYMYAZGV-UHFFFAOYSA-N,1,,0
JLQPTMGFAHZJJQ-UHFFFAOYSA-N,1,,0
APSWOEYPVXOOHK-UHFFFAOYSA-N,1,5.431798275933005,1
BHDBAXKIQHUACJ-UHFFFAOYSA-N,1,5.431798275933005,1
IOFYRLZQZMPYGN-UHFFFAOYSA-N,1,,0
VXQGSKLYCJFAKI-HNNXBMFYSA-N,1,5.430000267796055,1
NVYMBZSBOQRSFH-UHFFFAOYSA-N,1,5.430000267796055,3
NZPQNNBQTOVDCM-PGWJBFNOSA-N,1,5.428524096318056,1
QQGJOZLAJLPARG-UHFFFAOYSA-N,1,5.427593132441944,1
DNULYRGWTFLJQL-UHFFFAOYSA-N,1,5.427128397799519,3
MAVGNSNQMXBEHU-UHFFFAOYSA-N,1,5.426935982160881,2
JTCAGRAKUAAYDY-OAHLLOKOSA-N,1,,0
FNKBVTBXFLSTPB-LBPRGKRZSA-N,1,5.424812155072339,1
GOESYBVAFIXBFO-UHFFFAOYSA-N,1,,0
RQUQHVGVVJGONQ-UHFFFAOYSA-N,1,,0
VHZXTKPBCSXANE-UHFFFAOYSA-N,1,5.423428315934709,1
IKNJXDNJONONKL-UHFFFAOYSA-N,1,5.422508200162775,1
HBHUBMJSJZYOOE-UHFFFAOYSA-N,1,5.422508200162775,1
BUSZPEZABSAFAL-YWNCIPKLSA-N,1,,0
LGTFCCLATINIEE-UHFFFAOYSA-N,1,5.42021640338319,1
LRGIFVDEYMWDOX-UHFFFAOYSA-N,1,,0
LRMWMKQIJLOEPF-GCJKJVERSA-N,1,,0
RYRTVXCXZPFWGO-UHFFFAOYSA-N,1,,0
DSPHBCNXIROUNN-UHFFFAOYSA-N,1,,0
CGQWWCSDVNCWKW-UHFFFAOYSA-N,1,,0
PIHMCFVAIHYIOK-UHFFFAOYSA-N,1,,0
PEALWHNJZNZNMZ-LLVKDONJSA-N,1,5.4185237353271365,2
UBVIOCBVSSEHAS-UHFFFAOYSA-N,1,5.418164075942352,1
WSHBIOWJEQBSLU-UHFFFAOYSA-N,1,5.4175957019809715,1
DSIODFVVJVFOFI-UHFFFAOYSA-N,1,5.417028070895194,1
HVJOIRMQZXEGPW-UHFFFAOYSA-N,1,5.417028070895194,1
PGAVKCOVUIYSFO-XVFCMESISA-N,1,,0
IHOAJHDGKCNHMA-MMQQLJCSSA-N,1,,0
AROFXNYQCSFIME-AOYPEHQESA-N,1,,0
DXAXPAZZEGLINI-UHFFFAOYSA-N,1,,0
HJLBJHJXDDKNRO-UHFFFAOYSA-N,1,,0
FJYJGNZBZKNLBF-UHFFFAOYSA-N,1,,0
XDYCBVKXSXIDCW-UHFFFAOYSA-N,1,5.410224104417406,2
YICMRDZOCUCKAX-UHFFFAOYSA-N,1,5.410108294719885,2
SFNVUZGWWDUWJI-VRDCJJRQSA-N,1,,0
XVHMGSVEPAPMBT-UHFFFAOYSA-N,1,5.409381051793423,1
WZRCQWQRFZITDX-UHFFFAOYSA-N,1,5.4089353929735005,1
GAYSOZKZPOVDSB-QMTHXVAHSA-N,1,5.4089353929735005,1
ONNVZWUGBZVDOD-PZJWPPBQSA-N,1,5.4089353929735005,1
QGKCXGBLQBZVNB-UJCHZGTJSA-N,1,5.4089353929735005,1
CSDBSZTUUSMSCP-UHFFFAOYSA-N,1,,0
SMAYDEMZELAUEB-UHFFFAOYSA-N,1,5.404503778174426,1
PDRHZVHAACZKMF-VAWYXSNFSA-N,1,5.4039529924545615,1
AECUHGGFVKDBMH-UHFFFAOYSA-N,1,5.402853859224013,2
FLUICVJCLNQVDT-UHFFFAOYSA-N,1,5.402304814074488,1
ZLUCWPDQINEIOK-UHFFFAOYSA-N,1,5.402085528797471,1
NSVORFHVEAPMBK-UHFFFAOYSA-N,1,,0
WCHJUNPRKBSVFY-UHFFFAOYSA-N,1,,0
AGVNHDNTFYHZNL-QGZVFWFLSA-N,1,5.400004004236241,2
OZYPUQNRUYTZDI-UHFFFAOYSA-N,1,5.40000018605658,1
RPFWNZCMXJFXJR-UHFFFAOYSA-N,1,5.40000018605658,1
VUFRFPUOFHXBBM-UHFFFAOYSA-N,1,5.40000018605658,1
LWKNIOKRJFVQBE-NRFANRHFSA-N,1,5.40000018605658,1
FMRMQJKRHKYSLD-IBGZPJMESA-N,1,5.40000018605658,1
KBQKZEHFDZLCGM-UHFFFAOYSA-N,1,,0
WZCURRJAZZRRKH-UHFFFAOYSA-N,1,5.3979400086720375,1
RMVIWRMAYPLYSC-UHFFFAOYSA-N,1,5.3979400086720375,1
XITNJWUZFRCEAM-UHFFFAOYSA-N,1,5.3979400086720375,1
HZFVOEDJAMLOAK-UHFFFAOYSA-N,1,,0
MDSPSIGBYYNTOP-UHFFFAOYSA-N,1,,0
REHAKLRYABHSQJ-KBXCAEBGSA-N,1,5.39577394691553,1
LEPYGHSZGURSOB-UHFFFAOYSA-N,1,,0
AULLQWYKPQXXNM-UHFFFAOYSA-N,1,,0
RTYGYVMXTLAVMS-UHFFFAOYSA-N,1,5.391917048857003,2
OERZGWUVKSWOKP-RBUKOAKNSA-N,1,,0
VNZLQLYBRIOLFZ-UHFFFAOYSA-N,1,5.390000296157769,3
BLOYMTYODPJJPK-UHFFFAOYSA-N,1,,0
PQUAPUMMXIRMPT-UHFFFAOYSA-N,1,5.3872161432802645,1
RDMMVOQLGZDIRZ-UHFFFAOYSA-N,1,5.3872161432802645,1
WMJUHVXPQPZNMA-UHFFFAOYSA-N,1,,0
SAVFVEFYMIPDEM-UHFFFAOYSA-N,1,,0
OBZMXWUQHYLQEP-UHFFFAOYSA-N,1,,0
WVLHHLRVNDMIAR-IBGZPJMESA-N,1,,0
LIMXTEILSDCZAA-UHFFFAOYSA-N,1,,0
JFCDMGGMCUKHST-UHFFFAOYSA-N,1,5.537602002101044,1
UFBREGGYAJBGQB-UHFFFAOYSA-N,1,5.384470776362868,1
RJETZHUBOZSCPH-UHFFFAOYSA-N,1,5.383419469914114,1
XWPFAYFZWMVJSL-SFHVURJKSA-N,1,5.382393644412831,2
RPHDOVLXDYWDGF-UHFFFAOYSA-N,1,,0
YCFLEYLRCILPQC-UHFFFAOYSA-N,1,5.380280734388273,1
QCXMWEJEZDJYLD-HNNXBMFYSA-N,1,,0
NVQDXWHJCOYHFG-UHFFFAOYSA-N,1,5.377993326993195,1
SPKYRBCACGSJOI-UHFFFAOYSA-N,1,5.377889639638781,1
COZOLDKSYVOKCH-UHFFFAOYSA-N,1,5.376750709602099,1
BGFVFXZNFOMPQT-UHFFFAOYSA-N,1,5.376750709602099,1
HXJGPTHZZPIRKV-UHFFFAOYSA-N,1,,0
WBEGSSSQQIUZRQ-UHFFFAOYSA-N,1,,0
HDQVTWXXANYCIU-MWLCHTKSSA-N,1,,0
VNBNTYXBGMTGOU-UHFFFAOYSA-N,1,,0
GTBCNDPVHSBZNR-UHFFFAOYSA-N,1,5.370590400897282,1
OPCWNMLUZVXULW-UHFFFAOYSA-N,1,5.370561685313934,2
UJDUEYVURZHWBC-UHFFFAOYSA-N,1,5.3700809644964576,1
PNROEQYQIZJINW-VWLOTQADSA-N,1,,0
QAEUAJQTMDSELV-UHFFFAOYSA-N,1,,0
KLYJLIQACDTALL-UHFFFAOYSA-N,1,5.366531544420413,1
DDIJOHSTGKDAKN-QPJJXVBHSA-N,1,5.364114314718727,1
SWJLWIJZJNINRM-UHFFFAOYSA-N,1,,0
QOWZCKYSXVTLKA-UHFFFAOYSA-N,1,,0
YPUNCYRZMZDDIB-UHFFFAOYSA-N,1,,0
SCKJNCWNAQMULA-UHFFFAOYSA-N,1,,0
PFWYFJWJIWWNBL-UHFFFAOYSA-N,1,,0
OEUUCWVHNBAMPM-KRWDZBQOSA-N,1,,0
JWPAYBAIIARWMG-UHFFFAOYSA-N,1,,0
HJUULADZDAQJAD-UHFFFAOYSA-N,1,,0
HKDOASHONDCKDU-UHFFFAOYSA-N,1,,0
RAUNEUBNNMZNDM-UHFFFAOYSA-N,1,5.359021942641668,1
NMYFWYJLWVJPAQ-UHFFFAOYSA-N,1,,0
QNKGTIWNFNPEJL-UHFFFAOYSA-N,1,,0
USNRFQBPPPITNX-CZUORRHYSA-N,1,5.356547323513812,1
VLZQBDLYBZSBFI-UHFFFAOYSA-N,1,,0
PVFMPPYWTMNZHL-UHFFFAOYSA-N,1,,0
XNPKKTJJUINFAT-UHFFFAOYSA-N,1,,0
XEZKYOPQXMSHAV-UHFFFAOYSA-N,1,,0
SNXWZKKKYZCZRK-UHFFFAOYSA-N,1,5.355758414156272,1
BOVIKQWJNPOZRM-UHFFFAOYSA-N,1,5.350859935855781,1
ZUXABONWMNSFBN-UHFFFAOYSA-N,1,,0
CIYMLKKXWWZEQT-FQEVSTJZSA-N,1,5.350665141287858,1
PRYVZXFJJBFQRT-UHFFFAOYSA-N,1,,0
PHLBKPHSAVXXEF-UHFFFAOYSA-N,1,,0
BODKZKXTTLFUIE-UHFFFAOYSA-N,1,,0
ZBSSIYGXZQZYDM-UHFFFAOYSA-N,1,5.346787486224656,1
KMPUTTSRRTYIRY-AQYVVDRMSA-N,1,5.345823458122039,1
DKXYPAWNMBQJBN-GOSISDBHSA-N,1,5.344759554268663,2
VOALUBYHXLQXRI-KLJDGLGGSA-N,1,,0
YZGXFLYQBFUCHR-BHOHKKBBSA-N,1,,0
PFNUVBPVMKJIAZ-UHFFFAOYSA-N,1,5.342752870116284,1
PAZHMMYMPVTXLZ-RTBURBONSA-N,1,5.3400001801593495,1
ALLYNSCMTRSFNH-UHFFFAOYSA-N,1,5.337344814144469,2
MALJSBPAAUAUNQ-UHFFFAOYSA-N,1,5.337242168318426,1
KARLVIFVRFFIOE-UHFFFAOYSA-N,1,,0
MQWDTDMXDZXQGS-UHFFFAOYSA-N,1,5.336864685042245,1
BAIQIYFEFBFWGO-UHFFFAOYSA-N,1,,0
YJRKUTHRZOUCHT-UHFFFAOYSA-N,1,5.335358024443874,1
COJAZIUIZFFLJD-UHFFFAOYSA-N,1,5.335076106561918,1
ZEBNCUFGVBXREH-DUXPYHPUSA-N,1,,0
ZVAZCHZCMGUSFW-WUFINQPMSA-N,1,,0
UIGNLOIMCOMSJP-UHFFFAOYSA-N,1,,0
PGMQAYWTXDEEHH-UHFFFAOYSA-N,1,5.330016380638703,2
BSLBJQNVSCZYMV-VAWYXSNFSA-N,1,5.327902142064282,1
KMGVERQIRHTKMX-MAKWBINYSA-N,1,,0
USHJZTUJVFHKQH-UHFFFAOYSA-N,1,,0
PTLXBYXMMYOTFF-OAHLLOKOSA-N,1,5.326979092871104,1
IZWDJSXJHNPRDP-CLYVBNDRSA-N,1,5.324038450357831,1
QLMIVFXMQPUHKG-UHFFFAOYSA-N,1,5.323032185705241,1
NERCWRWKDLNUBZ-UHFFFAOYSA-N,1,,0
ZMICAMVUPUKENQ-UHFFFAOYSA-N,1,,0
USGLWFZAXHASGB-UHFFFAOYSA-N,1,5.319392571008212,1
SBJAROVNDHTDKY-WGSAOQKQSA-N,1,5.318758762624412,1
UGYOAOPLCYFDLB-AQYVVDRMSA-N,1,5.317074617294738,1
KCEQDWPBQZMSEE-UHFFFAOYSA-N,1,,0
GFJQMJYOLGYPBB-UHFFFAOYSA-N,1,5.313543998514946,2
SFNVUZGWWDUWJI-ATJRSEPMSA-N,1,,0
SARQYPUTTRFHLZ-UHFFFAOYSA-N,1,5.312649430441972,1
SNWJEUZQOMWJLV-UHFFFAOYSA-N,1,5.3124710387853655,1
JLCILCCDUVFIRF-UHFFFAOYSA-N,1,,0
LJUHEEFEADORHV-UHFFFAOYSA-N,1,,0
ADETWEPXXIGKFW-UHFFFAOYSA-N,1,5.309999839831226,1
RNMADLUWJVACLJ-UHFFFAOYSA-N,1,,0
UIYATCKYXWPCQG-UHFFFAOYSA-N,1,5.309803919971486,3
ZHMASNNAKDABGT-UHFFFAOYSA-N,1,5.309803919971486,1
GEVFMRRCRSTMJH-UHFFFAOYSA-N,1,,0
NHESEAWKSLDBRA-CYBMUJFWSA-N,1,,0
IBGOYLLAGSRGCH-UHFFFAOYSA-N,1,5.30759376516637,1
NCXICMCRAZHQIK-UHFFFAOYSA-N,1,5.307417437725091,1
JTIDLYYTBZEHGF-UHFFFAOYSA-N,1,,0
KEEGXVFJVTVUHS-UHFFFAOYSA-N,1,,0
MGOVFKYGYIQOQX-UHFFFAOYSA-N,1,,0
HZTKYJRCVZENNH-UHFFFAOYSA-N,1,5.302509112828943,1
QSZLXCAZDSBUTB-MDZDMXLPSA-N,1,5.302334837352325,1
HANNICWFQHRKPX-UHFFFAOYSA-N,1,5.301029995663981,1
LKSUTFUZSGZMOS-UHFFFAOYSA-N,1,5.301029995663981,1
FVIZXTHHNZRGNE-UHFFFAOYSA-N,1,5.301029995663981,1
BMTUNIXXDMVUOW-UHFFFAOYSA-N,1,5.301029995663981,1
REDYWFZNRVYCRB-UHFFFAOYSA-N,1,5.301029995663981,1
WUVSQVHZKKJEHX-UHFFFAOYSA-N,1,5.301029995663981,1
SVQZVYLEABSIDJ-UHFFFAOYSA-N,1,5.301029995663981,1
XVQTWFFAIBVICX-UHFFFAOYSA-N,1,5.301029995663981,1
LYYXIMJVXJKHNW-UHFFFAOYSA-N,1,5.301029995663981,1
SDDBNQDQBZPCGB-UHFFFAOYSA-N,1,5.301029995663981,1
MOILCHAIWOKCMX-PTIQDJESSA-N,1,5.301029995663981,1
SHPCAECDGCBRNC-OYTPZHDJSA-N,1,5.301029995663981,1
IBRKLUSXDYATLG-LURJTMIESA-N,1,5.301029995663981,1
HNQHMECPKRTTRV-IEJKQUADSA-N,1,,0
VZXAKUVFURTEQJ-UHFFFAOYSA-N,1,,0
AAIDTVFHOXBFSJ-SJLPKXTDSA-N,1,5.300000202445418,1
BQOUGDGGUWVLTD-UHFFFAOYSA-N,1,5.300000202445418,1
IGZSZKKVFOSODP-NRFANRHFSA-N,1,5.300000202445418,1
UGRYVQVSCSWCQH-UHFFFAOYSA-N,1,,0
YIQRLQSFKQBQNL-HNNXBMFYSA-N,1,,0
GKEKKHSDPFDXQN-INIZCTEOSA-N,1,,0
YDCWHOYYMICCQD-UHFFFAOYSA-N,1,5.293769726285019,2
MJOVYQVAQIHDSE-DKSPCFMDSA-N,1,5.2927705806727054,1
IXKQJYVTAYRJTF-UHFFFAOYSA-N,1,,0
BGXXETBYBGTKEP-UHFFFAOYSA-N,1,5.291015178892631,2
FXPWIJUEEVCPAI-SECBINFHSA-N,1,,0
GWBXCMYQCTUKHM-UHFFFAOYSA-N,1,5.290560425867589,1
OZAJLQLEAWUZSC-UHFFFAOYSA-N,1,5.290000325166602,1
HTDIOUCPOHFDQH-UHFFFAOYSA-N,1,,0
UTUFKUUIPTWXPH-UHFFFAOYSA-N,1,,0
SNRBZEIEOPCDGZ-UHFFFAOYSA-N,1,,0
KLVPAOMLKHDXNT-UHFFFAOYSA-N,1,,0
QNDFBMWALLMDKL-SIKLNZKXSA-N,1,,0
WNUQCGWXPNGORO-NRFANRHFSA-N,1,,0
WNUQCGWXPNGORO-UHFFFAOYSA-N,1,,0
BMHXCPOIQRDOEJ-UHFFFAOYSA-N,1,5.288361461767651,1
AYZRIKBBHZCKTA-UHFFFAOYSA-N,1,,0
DSDJYAZONQZKBJ-UHFFFAOYSA-N,1,,0
UAYHHCOSZYIZOH-UHFFFAOYSA-N,1,,0
MOEWVEFEDPVMRY-UHFFFAOYSA-N,1,,0
BJFGQBMRYAWEMM-UHFFFAOYSA-N,1,,0
JNZRXFXWSIACHM-UHFFFAOYSA-N,1,,0
AOEZTGSRIVCHEA-UHFFFAOYSA-N,1,,0
MAFQRGJTJAMOBM-UHFFFAOYSA-N,1,,0
KUECBJOPWMRHEX-CQSZACIVSA-N,1,,0
BOPVQJAIGZUFJL-UHFFFAOYSA-N,1,,0
CTDCQQXDSZWWIE-KKSFZXQISA-N,1,,0
IJXPOPOFXJXXMC-UHFFFAOYSA-N,1,,0
DOWWARCXHKBRSK-UHFFFAOYSA-N,1,,0
MKIYNFAWYNPOJY-UHFFFAOYSA-N,1,5.280088935801661,1
IJGAQYGFGDVRAH-UHFFFAOYSA-N,1,,0
PMZOPKCHYGDQPO-QFIPXVFZSA-N,1,,0
IIGRUZXPSNFKHF-UHFFFAOYSA-N,1,5.280000380871156,1
ZIZAIKAHKYFFQP-XGAFWQRZSA-N,1,5.280000380871156,1
OEUGQYOMKCJJLJ-LCSWDSHXSA-N,1,5.279639891341548,2
FVIINRQKSXAKLE-UHFFFAOYSA-N,1,5.278189384787453,1
MHVPLSWUUSVXMG-UHFFFAOYSA-N,1,5.276790689594888,1
QDTWANUYGDJQMC-NHYWBVRUSA-N,1,5.275724130399211,1
GMMMLQZLHXIAPP-UHFFFAOYSA-N,1,5.275724130399211,1
JDUYXDCAFPRHMY-UHFFFAOYSA-N,1,,0
CYPFZEOONAAFRZ-UHFFFAOYSA-N,1,5.274333339685821,1
VIRASHBCYHPIAR-UHFFFAOYSA-N,1,5.274088367704952,1
VWGCBHSNAGFTHA-UHFFFAOYSA-O,1,,0
UBLOWVVYFMMWMS-YOCNBXQISA-N,1,5.272458742971444,1
RLEVEXRYULMVDM-UHFFFAOYSA-N,1,5.270835210307229,1
LHYAIPJNIYZFAE-UHFFFAOYSA-N,1,5.270303756120384,2
GJUWVTJJMMQPAO-UHFFFAOYSA-N,1,,0
IBRKLUSXDYATLG-UHFFFAOYSA-N,1,5.267606240177031,1
WUHZOOKLPVGRAI-PKOBYXMFSA-N,1,5.267606240177031,1
LAABBTWOLXSICT-UHFFFAOYSA-N,1,,0
RXGOETNYBNUSSO-UHFFFAOYSA-N,1,5.266862839105354,2
BHXTZGOVTCBSLC-UHFFFAOYSA-N,1,,0
IKBANCXZZJPIEB-UHFFFAOYSA-N,1,5.264354144470531,2
DPLNSFBAHKTNGS-UHFFFAOYSA-N,1,5.26428079630535,2
LHRPHLZKEFNWMU-UHFFFAOYSA-N,1,5.2640609003463545,2
PABQRTMOJKZQEP-UHFFFAOYSA-N,1,,0
RXOQYNOKQGUANO-UHFFFAOYSA-N,1,,0
WCAGCKMTLAATQU-UHFFFAOYSA-N,1,,0
DGCGMYNLCDVYMB-UHFFFAOYSA-N,1,5.259637310505756,1
MMTKBQGOVDOJAE-UHFFFAOYSA-N,1,5.259637310505756,1
RXEIDFSWABFHSZ-UHFFFAOYSA-N,1,5.259637310505756,1
RXEIDFSWABFHSZ-LJQANCHMSA-N,1,5.259637310505756,1
XVJBBDPXCJMUFL-UHFFFAOYSA-N,1,,0
HOCOYMYTCFJGMV-UHFFFAOYSA-N,1,,0
JMWJXCASTNOOJD-UHFFFAOYSA-N,1,,0
PUWJXXOHMNFSLV-UHFFFAOYSA-N,1,,0
NNAPJYBYAFKWMX-UHFFFAOYSA-N,1,,0
DXDNTRGHKIQGPG-UHFFFAOYSA-N,1,,0
IWWRZSSSRDGGLC-UHFFFAOYSA-N,1,,0
WYHZBLQNTZAKGM-ZJSXRUAMSA-N,1,,0
KUZDNSHRAHWGBG-UHFFFAOYSA-N,1,5.258706115236616,2
PXLZPYQDTASRQC-JCVDRHSJSA-N,1,,0
OHSHVZPWRGUHCW-UHFFFAOYSA-N,1,,0
SNOPKYLYYIIGMF-UHFFFAOYSA-N,1,,0
PUAJJDPOGQASSI-UHFFFAOYSA-N,1,5.254847104923099,1
ISYRNSLKFLBBNZ-UHFFFAOYSA-N,1,,0
LRJUHEKHPZCRGV-UHFFFAOYSA-N,1,,0
MOWGNBXIJRPPMR-UHFFFAOYSA-N,1,5.252588192113577,1
BMLRTLPESFVXBM-UHFFFAOYSA-N,1,5.25212229418021,1
ZQOMSSAVWGLZSB-UHFFFAOYSA-N,1,,0
BQPNZSMRHBTJNY-UHFFFAOYSA-N,1,,0
UXAXXXXPTUTANS-UHFFFAOYSA-N,1,,0
SHGFDVMIHXXUBC-UHFFFAOYSA-N,1,,0
SCYQZWBAGZNIMS-UHFFFAOYSA-N,1,,0
CHZUEGVOEFMIJH-ZKRSMWHSSA-N,1,5.24603413413484,1
NSSRPQDUVUJSBX-UHFFFAOYSA-N,1,5.244735108587753,1
BCFBGMFQLQASNB-UHFFFAOYSA-N,1,5.244735108587753,1
NVGPCGUJNQAMPN-HNNXBMFYSA-N,1,,0
AIANRSPJEBRESY-UHFFFAOYSA-N,1,,0
MYCKNKHATQGHEV-YADHBBJMSA-N,1,,0
SABMFDYGMZQFQD-UHFFFAOYSA-N,1,5.241996990700201,1
NBDNEUOVIJYCGZ-UHFFFAOYSA-N,1,,0
NBDNEUOVIJYCGZ-CYBMUJFWSA-N,1,,0
VOLSMORQSJTKPA-UHFFFAOYSA-N,1,5.24092266536994,2
YFKULYYWSYOHDZ-UHFFFAOYSA-N,1,,0
OBNPRZFPDFENDM-UHFFFAOYSA-N,1,5.239577516576788,1
RDOIQAHITMMDAJ-UHFFFAOYSA-N,1,,0
AZKKMMRAFWUBCN-UHFFFAOYSA-N,1,5.237246435066626,1
ZNWNWWLWFCCREO-UHFFFAOYSA-N,1,5.234704070301944,1
JAMGASWUKANWIE-QGZVFWFLSA-N,1,5.233661524748713,1
COZFSYRFFSZJDT-UHFFFAOYSA-N,1,5.2330669061627155,1
WIBZNJPNKFYUFU-UHFFFAOYSA-N,1,5.2330669061627155,1
SDGOGUYALAJPLF-UHFFFAOYSA-N,1,,0
ZDMSIBPMTYWVFO-UHFFFAOYSA-N,1,5.231657941355467,1
XUAGVHSWKPRGFP-GMAHTHKFSA-N,1,,0
WQEPZBNLBWDIRZ-NRFANRHFSA-N,1,5.23047497982895,1
OKVMMISWCZKJGO-MRXNPFEDSA-N,1,5.23047497982895,1
NQVCRJIGEWITKT-UHFFFAOYSA-N,1,,0
DAUORZLLBDGUDH-AREMUKBSSA-N,1,5.226728668260934,4
HKDMXVFAYYQTRF-UHFFFAOYSA-N,1,,0
MMCMKWDIEUZMQB-UHFFFAOYSA-N,1,5.2262135550188065,1
MHVPLSWUUSVXMG-QGZVFWFLSA-N,1,5.2262135550188065,1
IPDISBGZXJSTOA-UHFFFAOYSA-N,1,,0
VVPYOHCUMZPDTM-GOSISDBHSA-N,1,5.221848749616356,1
VOTBDUBBSJTEPA-PZJWPPBQSA-N,1,5.221848749616356,1
DHUSVAZDGLXZIV-UHFFFAOYSA-N,1,,0
JPOKVZABMSIDPD-UHFFFAOYSA-N,1,,0
PHIMDBFVULXZSR-UHFFFAOYSA-N,1,5.221486988261075,1
JJISSBKYYCWHFH-UHFFFAOYSA-N,1,,0
ZGGXNCTZASWEAU-UHFFFAOYSA-N,1,5.214670164989233,1
UDRACXACDCFKNK-UHFFFAOYSA-N,1,,0
IOPOIQNKSCJDRU-UHFFFAOYSA-N,1,,0
GTFWUPYRBYXCRC-CQSZACIVSA-N,1,5.213958789757446,1
DVRQBYGOXHPKHC-UHFFFAOYSA-N,1,5.210336898122373,2
CKAVWCNOUGLDRF-UHFFFAOYSA-N,1,,0
XOESWPIDRFQRGI-UHFFFAOYSA-N,1,,0
AKUFOSYLIYVIGY-UHFFFAOYSA-N,1,,0
KJIJBYGPXHPNJY-UHFFFAOYSA-N,1,5.207608310501746,1
STFWZQBPNBNMOE-UHFFFAOYSA-N,1,,0
RQPDIRHNVASJQG-UHFFFAOYSA-N,1,5.20446769648675,2
WTAVHOMZPZTGNJ-UHFFFAOYSA-N,1,5.204412024844104,2
DTLUAUCSESZJOW-ZJSXRUAMSA-N,1,,0
MSRMAGLOYWBNOO-UHFFFAOYSA-N,1,5.202040356262804,1
WJPJNUGOFZCYAX-UHFFFAOYSA-N,1,5.202040356262804,1
LOJUPRHIDKSORB-UHFFFAOYSA-N,1,5.2018114280012,2
YALDYYSVNQBATO-UHFFFAOYSA-N,1,5.200659450546418,1
PJNRWLKSWTWXBR-FETRQNOVSA-N,1,,0
SACMWQXEALUQNE-UHFFFAOYSA-N,1,,0
AGQAAIRBRCRFGB-UHFFFAOYSA-N,1,5.200000237109354,1
VSUKSHADZRDBII-UHFFFAOYSA-N,1,5.200000237109354,1
CLLQEXUCEWAACY-UHFFFAOYSA-N,1,5.200000237109354,1
QRRCESJWXMIGPS-UHFFFAOYSA-N,1,,0
ZKVBATRJUREUMS-UHFFFAOYSA-N,1,,0
HPBCFIIQRFMWKG-HNAYVOBHSA-N,1,,0
XWOWUPZMWGTZIJ-UHFFFAOYSA-N,1,,0
AXPYIOMRILIFDB-UHFFFAOYSA-N,1,5.198970004336019,2
BXDRXWBCUJCURL-UHFFFAOYSA-N,1,5.196910131562733,2
VKTGHZRAPAQUIZ-UHFFFAOYSA-N,1,5.196747788569543,1
NWYYBDGDVQCHHQ-UHFFFAOYSA-N,1,,0
ICBYLQHTUDFHNY-UHFFFAOYSA-N,1,,0
GZPSXBZOGITRGD-UHFFFAOYSA-N,1,,0
GEZIALUEPSRNIP-UHFFFAOYSA-N,1,5.194227368064331,1
XMBPANCBBSXJPB-UHFFFAOYSA-N,1,5.1938200260161125,1
FAUOIWKXVZMERY-UHFFFAOYSA-N,1,,0
AXXQKOQTXHLIQM-UHFFFAOYSA-N,1,,0
WEYXUHPIPVELRK-UHFFFAOYSA-N,1,,0
CNGQSMFIQRDDKI-UHFFFAOYSA-N,1,5.190557757502274,2
BLGOAHHKRXNKKY-UHFFFAOYSA-N,1,,0
JCXPHDPIKCCHEL-HXUWFJFHSA-N,1,5.18837535480105,2
QVHPJLAUHGFQOY-UHFFFAOYSA-N,1,,0
XAZXEPSCIIVZBS-UHFFFAOYSA-N,1,,0
ZJRXUBXQPXFSRJ-UHFFFAOYSA-N,1,5.186285608118855,1
OIVYFRNOFHRRJS-OUKQBFOZSA-N,1,5.185086818724926,1
PKCKYGUNWTVCMU-UHFFFAOYSA-N,1,5.1832657722102065,2
OEFFTIMBYVFOPK-UHFFFAOYSA-N,1,5.181655776023359,2
YBKCQCAJYCNQFK-UHFFFAOYSA-N,1,5.180456064458131,1
RCFWZPSHZMCPLU-UHFFFAOYSA-N,1,,0
BVMHGNCIMARWAI-UHFFFAOYSA-N,1,,0
KZVXSSLUUGFVFR-UHFFFAOYSA-N,1,,0
TUTKZANFXFVKEG-UHFFFAOYSA-N,1,,0
GCXJQZIJYZOYJU-UHFFFAOYSA-N,1,5.173925197299173,1
DUFWUMRSOPYYMW-UHFFFAOYSA-N,1,,0
DESXWTHSPLQRFM-BVRKHOPBSA-N,1,,0
LZMIVAWAFVXKJL-UHFFFAOYSA-N,1,5.1731526023424586,2
QIYZNMOVNYQQHC-MSOLQXFVSA-N,1,5.17134010346468,1
AJMKQHBCAXBYKM-IBGZPJMESA-N,1,,0
MNHDFUXFTNHWBU-UHFFFAOYSA-N,1,,0
QDUNOUQOKOYLCH-LRDDRELGSA-N,1,5.167491087293763,1
BOZKQWIJJRYLLZ-UHFFFAOYSA-N,1,,0
UVSFXLJLPPIILC-UHFFFAOYSA-N,1,5.166133473733366,2
JWBVNNFHWXWIGX-UHFFFAOYSA-N,1,5.161653195187567,2
LSBYSFJBFKEHKG-UHFFFAOYSA-N,1,5.161150909262744,1
BUEUBNYHEYHBIX-GFCCVEGCSA-N,1,,0
TYKZFVYOFIERGU-UHFFFAOYSA-N,1,,0
CXLVVCJMIHLIFY-UHFFFAOYSA-N,1,,0
BONDCIXLHQKYHM-UHFFFAOYSA-N,1,5.154901959985743,1
ZYXIICVCCTVXCC-ZLOLNMDISA-N,1,5.154901959985743,1
GDNIDPXEYGAWQX-UHFFFAOYSA-N,1,,0
FYQHJBWTSJMLHO-UHFFFAOYSA-N,1,5.150514997831991,2
KSFMOSSPPNHXCZ-UHFFFAOYSA-N,1,,0
UEQUQVLFIPOEMF-UHFFFAOYSA-N,1,5.149999867728904,3
KBQLQDPQEMFGCB-UHFFFAOYSA-N,1,,0
JNGNYWRRSBJGEY-OUKQBFOZSA-N,1,5.1487416512809245,1
UXRVFSIWSWPXSI-CBAPKCEASA-N,1,,0
RNWJQFRWBPTMAA-UHFFFAOYSA-N,1,,0
UIRIJSKPTMDRCG-IBGZPJMESA-N,1,5.148096467362835,4
JXPFVJLJUKGXQP-UHFFFAOYSA-N,1,5.146214911951032,2
UVRWFRQITDYELC-UHFFFAOYSA-N,1,5.1438755557577,1
VYFSCTYDZYUMSC-UHFFFAOYSA-N,1,5.142667503568731,1
CJGUBEHBJWODAS-UHFFFAOYSA-N,1,5.142667503568731,1
UFDRKLGFQRVMRE-UHFFFAOYSA-N,1,,0
IDCYURHOJLBPOC-UHFFFAOYSA-N,1,,0
AJADIMFRRRXJAI-UHFFFAOYSA-N,1,,0
PTWUCXQTDONCCL-RRPNLBNLSA-N,1,,0
QJZDCDLDKXELAM-UHFFFAOYSA-N,1,5.132709330145116,1
JVAVTGGGYFPSIB-UHFFFAOYSA-N,1,5.132473588800257,1
NPLOIWFMUHLKNW-UHFFFAOYSA-N,1,5.132001057954103,2
RXIFDJMCJKEING-UHFFFAOYSA-N,1,5.131708311982145,1
VMLZFUVIKCGATC-UHFFFAOYSA-N,1,5.130768280269024,1
RSLYNHHGHMPLKL-OYTPZHDJSA-N,1,5.130768280269024,1
QBRAQPXCJIBXIU-UHFFFAOYSA-N,1,5.130768280269024,1
JSVQMWDVJKCFFX-UHFFFAOYSA-N,1,,0
SXICCGPFVRVNMD-UHFFFAOYSA-N,1,5.130213827774954,2
AWFGXHAQIOOJCD-UHFFFAOYSA-N,1,,0
LTPWRNUOYXUBGY-UHFFFAOYSA-N,1,5.127261172527332,1
FPSXFLZNLAYRGB-UHFFFAOYSA-N,1,,0
AYASVQUVBANNHG-UHFFFAOYSA-N,1,,0
GRZVXITWIIKNCX-QXMHVHEDSA-N,1,,0
YCQKBDMLGQENAQ-UHFFFAOYSA-N,1,,0
YOILXOMTHPUMRG-JSGCOSHPSA-N,1,,0
LSTIDGGQGHFYCB-UHFFFAOYSA-N,1,,0
DQWYVTVADJXAAR-UHFFFAOYSA-N,1,5.119999756699334,1
FXIOLEMXUYMYEG-NLFFAJNJSA-N,1,,0
XNWBEXZKIONLQA-UHFFFAOYSA-N,1,5.119186407719209,1
ZKXUDWLJTFYOAN-UHFFFAOYSA-N,1,,0
KWAVGWKIXOJRRZ-UHFFFAOYSA-N,1,5.117475462045119,1
JQBHQHNVJCDNEL-XLJIZYSNSA-N,1,,0
KEDXCWCMWDUDDF-UHFFFAOYSA-N,1,,0
PHHRLMSWZZUWNE-UHFFFAOYSA-N,1,,0
WIALFKJOQWJYSC-CVEARBPZSA-N,1,,0
WOELKTNFFNSJSS-UHFFFAOYSA-N,1,5.110779658214383,2
QWRGAWDCPBDPDE-UHFFFAOYSA-N,1,,0
PQDYOEMOWGGFPI-UHFFFAOYSA-N,1,,0
GASLSFBIPBUJNB-UHFFFAOYSA-N,1,,0
JUDKOGFHZYMDMF-CQSZACIVSA-N,1,5.104681519034148,4
POOPZHQADYAZTF-LDADJPATSA-N,1,,0
VSESOHHTOBROFA-UHFFFAOYSA-N,1,5.102407705158788,2
UQIKQRCCSPBTRS-UHFFFAOYSA-N,1,5.100000128334196,1
GVOGXTVYHLDSDH-HZPDHXFCSA-N,1,5.100000128334196,1
YGVKBBMLEFBXOS-WEVVVXLNSA-N,1,,0
KCDYLYMPNGUYNO-UZLBHIALSA-N,1,5.09799710864927,1
GHWJEDJMOVUXEC-CYBMUJFWSA-N,1,5.096910013008056,1
CMKZLXVPTDYVOB-UHFFFAOYSA-N,1,5.096910013008056,1
HXJZOQIIPSJTIK-LOSJGSFVSA-N,1,,0
IQYIVLCWFWBASZ-UHFFFAOYSA-N,1,5.094042300907573,1
PQVQCEDGSJVHMK-UHFFFAOYSA-N,1,,0
XHTCEJWQQIHAOR-UZLBHIALSA-N,1,5.088262885414849,4
KOZRBQCYGNKIJD-YZSQISJMSA-N,1,5.086186147616283,1
UFIMBHYPDHTMKA-UHFFFAOYSA-N,1,,0
GMNZPHIBCDMEFH-ATNAJCNCSA-N,1,,0
GRSMDZFQRIQAGW-UHFFFAOYSA-N,1,,0
HWAIAGZSWHOLLK-UHFFFAOYSA-N,1,,0
AGPVWRLINFFKSF-UHFFFAOYSA-N,1,,0
ZVDYCLIYIAFRGQ-UHFFFAOYSA-N,1,,0
ZDOSDNJHLYKAPO-UHFFFAOYSA-N,1,5.07805354577059,1
GLZLCGJYIGNPRT-UHFFFAOYSA-N,1,,0
OZNIIAAKDSMLHL-UHFFFAOYSA-N,1,5.075720713938118,1
SNOYXNAOKVYMSM-UHFFFAOYSA-N,1,,0
WAOBJIAOTFLXLR-UHFFFAOYSA-N,1,,0
ODRITQGYYWHQGM-INIZCTEOSA-N,1,,0
TTZNELRVLAJFTQ-HDICACEKSA-N,1,5.064492734175287,1
WOVYFSFWXVSASO-IZZNHLLZSA-N,1,,0
BWXKKFQODXKNLQ-UHFFFAOYSA-N,1,,0
LGXAESURRIWEJV-UHFFFAOYSA-N,1,5.060437718105316,2
OXYHUBVDQBPAQE-UHFFFAOYSA-N,1,,0
GBMAWOZHLUHECK-UHFFFAOYSA-N,1,,0
LVFXHABKQPKGQK-UHFFFAOYSA-N,1,5.056505484093897,1
JUDKOGFHZYMDMF-UHFFFAOYSA-N,1,5.055517327849831,3
CVCVTMULKVMAMX-KGENOOAVSA-N,1,,0
RWTNPBWLLIMQHL-UHFFFAOYSA-N,1,,0
NBSPNGNYACXYLH-UHFFFAOYSA-N,1,,0
UUROQRRZHCJWGK-UHFFFAOYSA-N,1,,0
BIWLNMBIJPTJCZ-UHFFFAOYSA-N,1,5.049355516287871,2
KWMQUPPLVOZVSW-UHFFFAOYSA-N,1,,0
CRQSMHIXGLLMKT-UHFFFAOYSA-N,1,,0
ICFPYUXAAOVPIJ-SEYXRHQNSA-N,1,,0
PRYLSTQHAMAAPF-UHFFFAOYSA-N,1,,0
NCWGEGAYIHJRDE-UHFFFAOYSA-N,1,,0
QSFCVDVZBPPRDF-KDOFPFPSSA-N,1,5.040958607678906,1
LZAYOZUFUAMFLD-UHFFFAOYSA-N,1,5.040718020140109,2
LGKGAIBCFWVOCC-UHFFFAOYSA-N,1,5.040460953811963,2
KRFOALSDVMLWEQ-UHFFFAOYSA-N,1,,0
UPRFZLANTXURKF-UHFFFAOYSA-N,1,5.039677499296606,2
LYLNGHHEGYQUJV-RCZVLFRGSA-N,1,,0
NHYBCEUNQSZDRF-UHFFFAOYSA-N,1,5.037860356969059,2
HXCWGVSINJYYSW-UHFFFAOYSA-N,1,5.034372796791793,2
IMPOGCXTOZKPHA-UHFFFAOYSA-N,1,,0
HGMMGLOURNIPOW-UHFFFAOYSA-N,1,5.033811319043863,1
WHTUEKIFAXDIRP-UHFFFAOYSA-N,1,5.033256356075647,2
FMHUNPPYMDSNSJ-UHFFFAOYSA-N,1,,0
YRDCNEMHYLERHI-UHFFFAOYSA-N,1,,0
JQJZAUBSLUYDAA-UHFFFAOYSA-N,1,5.029244283682798,2
JIFUZIJTCAAWNY-KRWDZBQOSA-N,1,5.027103215563455,1
AJBIIZLEMNVANQ-CTNGQTDRSA-N,1,,0
XUAGVHSWKPRGFP-JTHBVZDNSA-N,1,,0
ISOJUHYODLHLNP-ATIYNZHBSA-N,1,,0
RGVDRLWOIWFRFU-SFTDATJTSA-N,1,,0
IHKSAHBRVXUIPJ-UHFFFAOYSA-N,1,,0
SWGWJQBPCJEQJC-UHFFFAOYSA-N,1,5.019999811738259,1
GEPUWJGKAOGNRH-UHFFFAOYSA-N,1,,0
XCLOPBYSKIWJNJ-UIOOFZCWSA-N,1,,0
KIPATHUGBIVLFZ-UHFFFAOYSA-N,1,,0
DAPKZSBUPLWYBG-CCEZHUSRSA-N,1,5.012155049828702,1
DNBHELXBRXDBSY-UHFFFAOYSA-N,1,5.012054431799103,2
MVUXSAGLLJPWRN-UHFFFAOYSA-N,1,,0
JTARFZSNUAGHRB-UHFFFAOYSA-N,1,,0
ZFMUBWAYZJMZAS-UHFFFAOYSA-N,1,,0
SRKMMWQNEAUSLE-UHFFFAOYSA-N,1,5.008773924307505,1
WOELGNYRXZQOPS-NOZRDPDXSA-N,1,,0
OWORPAWPFUKOOV-UHFFFAOYSA-N,1,,0
DUZKXKAAUHDBQA-CAUKCHDASA-N,1,5.004101676353563,1
VBKWQJLSFFFYLC-UHFFFAOYSA-N,1,5.003751085430868,1
AGMWTWZTMQSDHF-UHFFFAOYSA-N,1,5.003502450784329,2
LHIGVMVGEPDNBQ-UHFFFAOYSA-N,1,,0
MVUVSHXUPTVDBC-UHFFFAOYSA-N,1,5.002482560585275,1
SOOXFCTWRLLDMG-UHFFFAOYSA-N,1,5.0,1
WZIBKGXIIAHOGG-UHFFFAOYSA-N,1,5.0,1
WJTDJRLALVXBSY-UHFFFAOYSA-N,1,5.0,1
JUGAZHWPSRXJPG-UHFFFAOYSA-N,1,5.0,1
DJEXNOPSNKFQPD-UHFFFAOYSA-N,1,5.0,1
DQVBBLPRBXLLEL-UHFFFAOYSA-N,1,5.0,1
FNCWUZADAIADLQ-UHFFFAOYSA-N,1,5.0,1
YGKUEOZJFIXDGI-UHFFFAOYSA-N,1,4.939723645260139,2
MOONEVNPHKFNGV-UHFFFAOYSA-N,1,,0
SASWWPISKHTFAO-CTNGQTDRSA-N,1,,0
IQEKWTUDUCNREQ-UHFFFAOYSA-N,1,,0
CCLFPDYNKMPZJO-SHQCIBLASA-N,1,,0
UQVUXUJHZYIOHV-UHFFFAOYSA-N,1,,0
YLJUQDZJFUBUSL-UHFFFAOYSA-N,1,,0
KKWPMHXVKZSRAO-UHFFFAOYSA-N,1,,0
YMRDVYNNWZFRFP-UHFFFAOYSA-N,1,,0
QRYAMGGRUIKACE-GOSISDBHSA-N,1,4.979303657420887,4
NRYVDXJPHSEMPT-UHFFFAOYSA-N,1,,0
FTLOZRFDKPZXJE-UHFFFAOYSA-N,1,,0
RWOJEGLVFGCYFU-UHFFFAOYSA-N,1,,0
DKXYPAWNMBQJBN-SFHVURJKSA-N,1,4.969273760456403,2
OVLNHLGPWXBYPN-UHFFFAOYSA-N,1,,0
PYUXUZVGGSSQTN-UHFFFAOYSA-N,1,,0
NRSBRNRWCATXOT-HXUWFJFHSA-N,1,,0
XXKGCSWBGJTTJM-UHFFFAOYSA-N,1,,0
RDQYVBCOPLECDP-UHFFFAOYSA-N,1,4.9657727392294495,1
CYUPYMRELPZOGV-UHFFFAOYSA-N,1,4.964303719278394,2
FDBKWBKBMRKPJG-UHFFFAOYSA-N,1,4.963507627686035,2
KVHHUZUNLIGTBY-UHFFFAOYSA-N,1,,0
KLWCGZRXATXKMS-UHFFFAOYSA-N,1,4.962591779677412,2
VHPASGHENHNLAW-UHFFFAOYSA-N,1,4.9622265193037345,2
UDVBAIMSAZRJGM-UHFFFAOYSA-N,1,,0
LHDVHKCXIMBGFK-MFKUBSTISA-N,1,4.958607314841775,1
NCKGSESQGZBZQN-UHFFFAOYSA-N,1,4.958427928428474,2
SGASECCAALLGOF-UHFFFAOYSA-N,1,,0
VKZILFVYTKXRFT-UHFFFAOYSA-N,1,,0
QKMCUEOKZNEZFG-FIHHNCHPSA-N,1,,0
LJFNUFCUPDECPC-UHFFFAOYSA-N,1,,0
NRSBRNRWCATXOT-UHFFFAOYSA-N,1,,0
RCACIEKJQOIDQV-UHFFFAOYSA-N,1,4.936042852814204,2
YFINOLWYBYMFPQ-QXMHVHEDSA-N,1,,0
GVCYHQGCEQPNRF-DFNIBXOVSA-N,1,,0
UKMLUIQURILEME-UHFFFAOYSA-N,1,4.922331981267469,2
CFCGTXOJJUJIIE-UHFFFAOYSA-N,1,4.920818753952375,1
OTRPXYDXEWMYIL-DYVFJYSZSA-N,1,4.920818753952375,1
FJNBHLSWNGPZQQ-ZVHZXABRSA-N,1,4.920818753952375,1
SEVLDDAIFKZMCD-OYTPZHDJSA-N,1,4.920818753952375,1
YXLCOBLTAWMMRS-HUMDQVGNSA-N,1,4.920818753952375,1
GHNCNPGXYPVAGR-UHFFFAOYSA-N,1,,0
BTQXZESHJSOQFU-UHFFFAOYSA-N,1,,0
RNNAVTSFWMMVQG-UHFFFAOYSA-N,1,,0
XFHLYLFABDLYDJ-UHFFFAOYSA-N,1,,0
QSGQMVZHKGEIIG-UHFFFAOYSA-N,1,,0
DQCAQRKXBHDRGF-UHFFFAOYSA-N,1,4.911954370472159,2
GRPNKXLCPYIYSQ-UHFFFAOYSA-N,1,4.911954370472159,2
LOOPVARSTUYIDY-UHFFFAOYSA-N,1,,0
FECGZFUZXKQCAY-UHFFFAOYSA-N,1,,0
GTJVZGFQTWRYQO-VWLOTQADSA-N,1,,0
IMTICVASEJSMDW-UHFFFAOYSA-N,1,,0
FVQOIDZBAPLYGQ-UHFFFAOYSA-N,1,4.903437700822769,2
ZMHLLOSHNNKANA-UHFFFAOYSA-N,1,4.903419884344178,2
VYQGDEGEWDOYTJ-UHFFFAOYSA-N,1,,0
ZLSIXWCLVGKULN-CZUORRHYSA-N,1,4.900000142057633,1
OEUUCWVHNBAMPM-UHFFFAOYSA-N,1,,0
ZIMDNWHAJYFSOW-UHFFFAOYSA-N,1,4.8958544494459915,1
YMPQHVKYSIVZTH-UHFFFAOYSA-N,1,,0
HOFUBOSPQUNORR-UHFFFAOYSA-N,1,,0
BPZSYCZIITTYBL-UHFFFAOYSA-N,1,,0
HLGVBUMXLSDTEW-UHFFFAOYSA-N,1,,0
QUEFELIEFHANOG-UHFFFAOYSA-N,1,,0
PGNLXEBQMQHFNK-SJORKVTESA-N,1,,0
URKAJHJBVOPDPZ-UHFFFAOYSA-N,1,4.884775539310863,2
FKYWSGYMKJUZEP-ZOBUZTSGSA-N,1,4.881605450295353,2
QKSQQPDOYVQCNJ-UHFFFAOYSA-N,1,,0
BWJWQRCGVCCLIP-UHFFFAOYSA-N,1,4.874518734299406,1
DJPVPEMWQNODRR-UHFFFAOYSA-N,1,,0
JFCMJHZNAYJRLV-UHFFFAOYSA-N,1,,0
UYTFDTBLSZRMME-UHFFFAOYSA-N,1,,0
RCOOYZUDBHDXOZ-UHFFFAOYSA-N,1,,0
NRSBRNRWCATXOT-FQEVSTJZSA-N,1,,0
SJNLUIGGLBDGFM-UHFFFAOYSA-N,1,4.867516174999438,1
LEXAFGYQTMMLCP-UHFFFAOYSA-N,1,4.867420152340263,1
CYHIQHDBFGBIFJ-UHFFFAOYSA-N,1,4.867237332390463,2
UDVBAIMSAZRJGM-FQEVSTJZSA-N,1,,0
GDFOAQPKYDGSPR-UHFFFAOYSA-N,1,,0
VQWRIGMLIDJHJV-UHFFFAOYSA-N,1,4.854982694318741,2
SHARLZVPHXBHLQ-OEAKJJBVSA-N,1,4.853871964321762,1
NPYZSFJJFCSMMV-WGOQTCKBSA-N,1,4.853871964321762,1
FQPSOJRHFJUUMC-OAHLLOKOSA-N,1,4.853871964321762,1
LTXKGMIEWLLTGF-UHFFFAOYSA-N,1,,0
AZNYLBLMCWHLSK-UHFFFAOYSA-N,1,,0
NNGCPQMNTNEUCA-UHFFFAOYSA-N,1,,0
VLULRUCCHYVXOH-UHFFFAOYSA-N,1,,0
NUWFSHWNAZZTED-UHFFFAOYSA-N,1,,0
ORJVQPIHKOARKV-OAHLLOKOSA-N,1,,0
NSRMSZBPAQTJBS-UHFFFAOYSA-N,1,4.824875990832918,2
RVBVZFLMCDGFOZ-SFHVURJKSA-N,1,4.824875990832918,2
FGVSZVRUGNMGKP-UHFFFAOYSA-N,1,4.823908740944319,1
QQFDMLZEFWKHHH-UHFFFAOYSA-N,1,4.823908740944319,2
LAZCWDPLJFPPDI-UHFFFAOYSA-N,1,4.823908740944319,2
RRBRCSSGXLKDPR-UHFFFAOYSA-N,1,,0
ODRXDASPVTXFDY-UHFFFAOYSA-N,1,,0
BUGYAANIQPCORQ-UHFFFAOYSA-N,1,4.815392071294928,2
WHEWCDCGFVTYAK-UHFFFAOYSA-N,1,,0
PMZOPKCHYGDQPO-JOCHJYFZSA-N,1,,0
GIJMBCTXZDHLHI-UHFFFAOYSA-N,1,,0
ZBGYXTWHZHZMHW-UHFFFAOYSA-N,1,,0
NSWRCNIUQFRZFO-UHFFFAOYSA-N,1,4.809894379144197,2
ABDDQTDRAHXHOC-QMMMGPOBSA-N,1,,0
BEZZGCHAIFWOPE-UHFFFAOYSA-N,1,,0
GNSTWTHQXOJWPR-UHFFFAOYSA-N,1,,0
ODUXFQKZMHFWKP-UHFFFAOYSA-N,1,,0
QBRPGZFNANDQNL-HNAYVOBHSA-N,1,,0
GNYULWALHKFYNF-BEFAXECRSA-N,1,,0
VJRBXIHTQMRKQY-JXSIFGCMSA-N,1,4.795880017344075,1
YKCXNSAIVWHWKR-UJCHZGTJSA-N,1,4.795880017344075,1
BBKTWQKIEOQFST-UHFFFAOYSA-N,1,,0
OKFIQGYGZIGIDI-UHFFFAOYSA-N,1,,0
ORDPXOCNLOPGLX-UHFFFAOYSA-N,1,4.788345599446818,1
JCXPHDPIKCCHEL-FQEVSTJZSA-N,1,4.7875591816844665,2
YSHFOVKURWTKBI-UHFFFAOYSA-N,1,,0
OSBMHRHGAFUBCG-UHFFFAOYSA-N,1,4.7827155479829,2
DFDOLOVKMMATDA-UHFFFAOYSA-N,1,4.782516055786093,1
PSDFKKSPYSFZKR-LJQANCHMSA-N,1,4.782516055786093,1
ROHKDSZWDXPTKF-UHFFFAOYSA-N,1,,0
FWUYSYBMZPOIDO-UHFFFAOYSA-N,1,,0
LDOTVWGSWWUMAW-UHFFFAOYSA-N,1,4.7539691977437,2
BLVMGNGXAWHZQW-UHFFFAOYSA-N,1,,0
SZOCKYDZSPRJPT-UHFFFAOYSA-N,1,,0
VOFRSVXXPJCSAK-SFHVURJKSA-N,1,4.7447274948966935,1
RBHDUKXJDDGJKI-UHFFFAOYSA-N,1,,0
LGVIZVOTHRIWGT-UHFFFAOYSA-N,1,,0
OWYVWBDRDSMXBT-CYBMUJFWSA-N,1,,0
LAQPIGHSUVYYGI-UHFFFAOYSA-N,1,4.736830361305078,2
NABRVDOPGSXUEG-UHFFFAOYSA-N,1,,0
JCTYWRARKVGOBK-CQSZACIVSA-N,1,,0
CSFWIRRKNFTOOA-FQEVSTJZSA-N,1,,0
RKWPOXKBYLPBIG-UHFFFAOYSA-N,1,,0
AVXGCGYACIYZAR-MRXNPFEDSA-N,1,4.719999935717911,1
FWCSMQRGFXNYQC-KHPPLWFESA-N,1,,0
RZKQJXWTACJPMX-UHFFFAOYSA-N,1,4.71858025984601,1
QDMAKDIDFJTXEL-UHFFFAOYSA-N,1,,0
RKEMMJXERRAATP-UHFFFAOYSA-N,1,,0
KXTRJGKHZNBLEN-UHFFFAOYSA-N,1,,0
FUZBDAGWGHASHR-KRWDZBQOSA-N,1,4.699513552156626,2
BIARYCFROFVWEW-UHFFFAOYSA-N,1,4.699513552156626,2
GHFGJTVYMNRGBY-UHFFFAOYSA-N,1,4.698970004336019,1
BFEBCARFUOTNPA-UHFFFAOYSA-N,1,4.698970004336019,1
CYDGNUMWYIAVLK-UHFFFAOYSA-N,1,4.698970004336019,1
LRULVYSBRWUVGR-FCHUYYIVSA-N,1,,0
PSQLVTSXEKEDNL-UHFFFAOYSA-N,1,,0
MDOABQRXGLAWHC-UHFFFAOYSA-N,1,,0
ISVMFRHEMJILDO-UHFFFAOYSA-N,1,,0
XTOWQVXDCKJOHK-UHFFFAOYSA-N,1,,0
OYUXYXUFHYNZNR-UHFFFAOYSA-N,1,,0
AARLSAHQVGPBSH-UHFFFAOYSA-N,1,,0
CSFWIRRKNFTOOA-UHFFFAOYSA-N,1,,0
ZCKIEICGPWNFBV-KSFYIVLOSA-N,1,,0
IPZLHIDFKOMHRW-UHFFFAOYSA-N,1,,0
VVRAANFGOIKBRD-UHFFFAOYSA-N,1,4.6777807052660805,1
QAAKBUYWNXINKR-UHFFFAOYSA-N,1,4.6777807052660805,1
PJMPHNIQZUBGLI-UHFFFAOYSA-N,1,,0
OZCCDFXOCARGSE-UHFFFAOYSA-N,1,,0
UJSKIIMXTSGSEQ-TZFUKMIJSA-N,1,,0
YSOFLAUQLXWHBW-UHFFFAOYSA-N,1,,0
WUDCCQFZITUELQ-UHFFFAOYSA-N,1,,0
HHNGFUDNXPRRFY-UHFFFAOYSA-N,1,,0
BSHUTAUVQRSTAN-UHFFFAOYSA-N,1,,0
CSFWIRRKNFTOOA-HXUWFJFHSA-N,1,,0
FARUCCZQJHBFSU-UHFFFAOYSA-N,1,,0
RZAVUFOOSFLHIY-UHFFFAOYSA-N,1,4.6399203482970215,2
GDEQPGACTRNZFK-UHFFFAOYSA-N,1,4.637575456185307,2
SUBIJFYEXXITCD-UHFFFAOYSA-N,1,4.631403678647631,2
PCPQHGBAGOWPLH-SFHVURJKSA-N,1,4.622062572163754,2
IKRPGXPWXNOWKH-UHFFFAOYSA-N,1,,0
BQJPDPWVPKDRSN-UHFFFAOYSA-N,1,4.619788758288394,1
JWZZKOKVBUJMES-UHFFFAOYSA-N,1,,0
LGUFSCDYROWRTJ-UHFFFAOYSA-N,1,,0
OWRNMSLOWSHOPV-UHFFFAOYSA-N,1,4.619136119294293,2
KPPBABWZQDMBQM-UHFFFAOYSA-N,1,,0
ZXKDQKMGPBQZPF-UHFFFAOYSA-N,1,4.6141144231270665,2
GDIAQHPBSQUEQC-UHFFFAOYSA-N,1,,0
YPTOQNVZDNOBJQ-UHFFFAOYSA-N,1,4.603138379397685,1
FWEPTGIQTOSNDF-UHFFFAOYSA-N,1,,0
LGJFIMWHIPCVAQ-UHFFFAOYSA-N,1,4.6020599913279625,1
HXGBXQDTNZMWGS-RUZDIDTESA-N,1,4.600000074606178,1
YRWLWGKTJCIUII-UHFFFAOYSA-N,1,,0
YBHILYKTIRIUTE-UHFFFAOYSA-N,1,,0
FXUMDUOHWITHIX-UHFFFAOYSA-N,1,,0
JQBYEGVGELAAOI-UHFFFAOYSA-N,1,4.586315363473087,2
FUZBDAGWGHASHR-QGZVFWFLSA-N,1,4.585348113584487,2
SORKSMKEQFEIIG-UHFFFAOYSA-N,1,,0
QRTAKQZSFPJWGE-UHFFFAOYSA-N,1,,0
PKZXLMVXBZICTF-UHFFFAOYSA-N,1,4.580575454631372,2
PGUHEGODMQZTBX-UHFFFAOYSA-N,1,,0
ODGRZYYSJPOCQE-ISKFKSNPSA-N,1,,0
VSBFNECEOCOOHP-UHFFFAOYSA-N,1,,0
GUOJBWOHCJIFQW-UHFFFAOYSA-N,1,4.560739102249396,2
SAPCLYRXCUDCRV-UHFFFAOYSA-N,1,4.559999953221535,3
VEYSGMPQWOSGTB-UHFFFAOYSA-N,1,4.637044183852476,4
DRRIHRQXXFYPBU-FQEVSTJZSA-N,1,4.5494752773282965,2
BJWYIHWMKMZYRS-LJQANCHMSA-N,1,4.548455006504028,2
COUJBINMEWMUHW-UHFFFAOYSA-N,1,4.546299526640228,1
OLTXDAOJPSBTJD-SFHVURJKSA-N,1,4.537602002101044,1
DEFGNQZVXMMHQJ-UHFFFAOYSA-N,1,,0
BJWYIHWMKMZYRS-IBGZPJMESA-N,1,4.530240373690691,2
OFZLWCJPSURMOO-UHFFFAOYSA-N,1,,0
ZYESZLRISGYBQK-AWEZNQCLSA-N,1,4.521433504406157,1
QPGGEKPRGVJKQB-UHFFFAOYSA-N,1,,0
UJBREZBVTYQLHJ-UHFFFAOYSA-N,1,4.508638306165727,3
OOQVRZODYJGIGC-UHFFFAOYSA-N,1,4.508638306165727,1
SSVIIFPCYYWMIA-LASHMREHSA-N,1,4.507511436792253,2
WQOCUOYKDKZARU-UHFFFAOYSA-N,1,,0
AEQMAVWTHJZYEX-UHFFFAOYSA-N,1,4.494850021680094,1
GIIZNNXWQWCKIB-UHFFFAOYSA-N,1,,0
PCPQHGBAGOWPLH-GOSISDBHSA-N,1,4.486529186020485,2
TXTILBTZVJQWSG-UHFFFAOYSA-N,1,4.483288122256525,2
OLFDLQGPVNBREO-UHFFFAOYSA-N,1,,0
WCJFBSYALHQBSK-UHFFFAOYSA-N,1,,0
WHDATORJGMRETC-OUUBHVDSSA-N,1,4.4561092910952285,2
PQBWSEUMJSRWDF-UHFFFAOYSA-N,1,,0
NAIGOHVHPOGNLZ-UHFFFAOYSA-N,1,4.44219474416285,2
AZLZBFGPTAMGJG-UHFFFAOYSA-N,1,,0
YJJVJEUUTBGCGP-IBGZPJMESA-N,1,4.42021640338319,1
QGKCXGBLQBZVNB-IQZDNPOKSA-N,1,4.42021640338319,1
AQHZNVAMLJSYRQ-UHFFFAOYSA-N,1,4.414575898178345,2
MUMVCUPHGPDDKM-UHFFFAOYSA-N,1,4.411954370472159,2
PSGJGQIYXBOEED-UHFFFAOYSA-N,1,4.4051145218265635,2
UGOXZHALYQBPNO-UHFFFAOYSA-N,1,,0
HZVQDNHDCAXRJP-UHFFFAOYSA-N,1,4.3892928810788305,2
PGKOALRXUFBZNU-UHFFFAOYSA-N,1,,0
NEMWODFZWVJHSL-YZSQISJMSA-N,1,4.376750709602099,1
YXLCOBLTAWMMRS-ZDRNMDQLSA-N,1,4.376750709602099,1
RVBVZFLMCDGFOZ-GOSISDBHSA-N,1,4.361539433967113,2
STIRDGXSGQTCAJ-UHFFFAOYSA-N,1,4.351667404869234,2
AXJOWWAHGHUVEF-UHFFFAOYSA-N,1,,0
BLLNREQHFDCHGW-UHFFFAOYSA-N,1,4.342329761686356,2
KOFYUIUZURNMRL-UHFFFAOYSA-N,1,4.336832069535625,2
ILUSLMFKTMQVSK-UHFFFAOYSA-N,1,,0
MJNKHSYDQLOGOJ-UHFFFAOYSA-N,1,,0
WFUOLXWLKCINBD-UHFFFAOYSA-N,1,,0
AHZQKSCHGGUEEP-UHFFFAOYSA-N,1,,0
WWPMYLXEYGNGDR-UHFFFAOYSA-N,1,,0
RISVNNDOXVACCB-UHFFFAOYSA-N,1,4.284720615238621,2
HEBQIUNCEBCMFD-UHFFFAOYSA-N,1,4.271703124877796,2
RKWNQODBLXZUES-UHFFFAOYSA-N,1,,0
VZZJAZOBBQGWCX-WGOQTCKBSA-N,1,4.267606240177032,1
LVAZPFMWSRDRRK-GFCCVEGCSA-N,1,4.259637310505756,3
NIMADOZRRAVFFL-UHFFFAOYSA-N,1,4.248445281664315,2
VDNJPDREVJLHKX-UHFFFAOYSA-N,1,,0
MFGYZKGJWDJWAA-UHFFFAOYSA-N,1,4.23285999739746,2
RMRODALMKPMZFW-CYBMUJFWSA-N,1,4.230017447070485,1
PCAYXHCOLDZGEL-CPNJWEJPSA-N,1,4.229147988357856,1
KNJYSVPTKHXEGZ-UHFFFAOYSA-N,1,,0
WTHYXVSYKDCUKR-UHFFFAOYSA-N,1,,0
JYIFYWJACLGHFJ-UHFFFAOYSA-N,1,,0
JRBXXARYECIAQB-UHFFFAOYSA-N,1,,0
GHAOYUDOVIKTMJ-UHFFFAOYSA-N,1,4.180655556654938,2
YKCXNSAIVWHWKR-IQZDNPOKSA-N,1,4.180456064458132,1
LNXPXCVWRDGGAX-UHFFFAOYSA-N,1,,0
AYTNWERJAAXIPL-UHFFFAOYSA-N,1,4.177092440851679,2
HPZUBMVVAGACEL-UHFFFAOYSA-N,1,4.173925197299174,1
MGIQZTZYUIHPIO-UHFFFAOYSA-N,1,,0
MGAAMGRSXKBQAO-UHFFFAOYSA-N,1,,0
DCOWEWUTRNVNCR-UHFFFAOYSA-N,1,4.1414144865838445,2
ZZGIOJNVAOUXRN-UHFFFAOYSA-N,1,,0
XJKRLEJMJPXVGM-UHFFFAOYSA-N,1,,0
AEGDITSWVZEWFA-UHFFFAOYSA-N,1,,0
DMNOVGJWPASQDL-OAQYLSRUSA-N,1,,0
LNZYQGOEJQNILH-UHFFFAOYSA-N,1,,0
VSVDMIMYERSROL-UHFFFAOYSA-N,1,4.0683385699397725,2
FKNXQNWAXFXVNW-UHFFFAOYSA-N,1,,0
ITYRVEDPENLOKE-UHFFFAOYSA-N,1,,0
PBHDVNKOSVXBHD-UHFFFAOYSA-N,1,4.055517327849832,1
FAJYRICKUKIVSP-UHFFFAOYSA-N,1,,0
WIXHPSPVTDJXJR-UHFFFAOYSA-N,1,,0
IYTHNIHFDXEHOY-UHFFFAOYSA-N,1,,0
QHJSQVKSJUNYAK-UHFFFAOYSA-N,1,,0
RBVCBWQAGOAYTL-UHFFFAOYSA-N,1,,0
APPBBNWLWVQQTF-UHFFFAOYSA-N,1,3.9430951486635273,1
YUMDWQNKTSWTQP-UHFFFAOYSA-N,1,,0
DDHRRRBBKQJRMS-UHFFFAOYSA-N,1,,0
ASMWBPNCBDZFBV-UHFFFAOYSA-N,1,,0
DZGWFCGJZKJUFP-UHFFFAOYSA-N,1,3.795880017344075,1
QNUFXAULMIMQGB-UHFFFAOYSA-N,1,3.7495799976911064,1
CBFQPELWTJSDFA-UHFFFAOYSA-N,1,,0
LGTFLTXJSPOWDA-UHFFFAOYSA-N,1,3.6989700043360187,1
XPIWSPZHJZLUGI-UHFFFAOYSA-N,1,,0
PDJGHIHQAXZDDF-UHFFFAOYSA-N,1,3.5257837359237447,1
XSDFRRJDAYISQR-UHFFFAOYSA-N,1,3.369572124974976,1
QKYNUPXNXUUVHU-UHFFFAOYSA-N,1,3.2479515521805613,1
NSDKGKOFRPAZQR-UHFFFAOYSA-N,1,3.201349354554731,1
PGVXQVRAFUTSIL-UHFFFAOYSA-N,1,3.183758700008217,1
JVDGQVHTDDMTCM-UHFFFAOYSA-N,1,3.0915149811213505,1
BYCPKSCWJFHLHN-UHFFFAOYSA-N,1,3.0721165896692932,1
KBVKGDXJIDQBBH-UHFFFAOYSA-N,1,3.0685421293109947,1
DTCOBDNXWXNEKW-UHFFFAOYSA-N,1,2.8781120148963186,1
ZYTBQQBJAVGRKU-UHFFFAOYSA-N,1,2.850165303284215,1
ZDBWLRLGUBSLPG-FDHYQTMZSA-N,1,,0
