inchikey,SMILES,pAct,n_records,sd,year_min,year_max,year_median,types,assay_types,n_documents
MSNNKJFHFNWHFR-AQYVVDRMSA-N,CN1Cc2c(C(=O)N[C@H]3CC[C@H](CCN4CCc5ccc(OCC(C)(F)F)nc5CC4)CC3)cccc2C1=O,10.920818753952375,2,0.0,2020,2022,2021,Ki,B,2
FHRMNCCBNRHQPN-XUTJKUGGSA-N,Cn1cc2c(C(=O)N[C@H]3CC[C@H](CCN4CCc5ccc(OCC(F)F)nc5CC4)CC3)cccc2n1,10.853871964321762,1,0.0,2020,2020,2020,Ki,B,1
FGVZAUNCIJVVFY-WGSAOQKQSA-N,Cc1cn2c(C(=O)N[C@H]3CC[C@H](CCN4CCc5nc(OCC(F)F)sc5CC4)CC3)cccc2n1,10.853871964321762,1,0.0,2022,2022,2022,Ki,B,1
GMBOTQWDHJOKAM-KESTWPANSA-N,Cn1ncc(CC(=O)N[C@H]2CC[C@H](CCN3CCc4ccc(OCC(C)(F)F)nc4CC3)CC2)n1,10.795880017344075,1,0.0,2023,2023,2023,Ki,B,1
KJOFXQKVGTXQTK-IYARVYRRSA-N,O=C(N[C@H]1CC[C@H](CCN2CCN(c3cccc(Cl)c3Cl)CC2)CC1)c1cccs1,10.698970004336019,1,0.0,1997,1997,1997,Ki,B,1
IVCDUDHUOFADMA-HZCBDIJESA-N,c1ccc(N2CCN(CC[C@H]3CC[C@H](Nc4ncnc5ccccc45)CC3)CC2)cc1,10.698970004336019,1,0.0,1998,1998,1998,Ki,B,1
VICLMFFSPFEHLO-IYARVYRRSA-N,CN1Cc2c(C(=O)N[C@H]3CC[C@H](CCN4CCc5nc(OCC(F)(F)F)sc5CC4)CC3)cccc2C1=O,10.657577319177793,1,0.0,2020,2020,2020,Ki,B,1
JUDKAYYFYVHANR-GUROOMJWSA-N,Cn1cc(/C=C/C(=O)N[C@H]2CC[C@](F)(CCN3CCc4nc(OCC(C)(F)F)sc4CC3)CC2)cn1,10.602059991327963,1,0.0,2023,2023,2023,Ki,B,1
MODBIBJHAWXYOZ-LLVKDONJSA-N,C[C@@H](NC(=O)/N=C(\N)NCCCc1ncn[nH]1)c1ccccc1,10.58838029403677,1,0.0,2021,2021,2021,Kd,B,1
FIEUCLRMVRKRIW-YIQCUVMYSA-N,CC(Oc1nc2c(s1)CCN(CC[C@H]1CC[C@H](NC(=O)c3cccc4c3CN(C)C4=O)CC1)CC2)C(F)(F)F,10.585026652029182,2,0.0,2020,2022,2021,Ki,B,2
KXAOPEMSBPZNPQ-AQYVVDRMSA-N,O=C(N[C@H]1CC[C@H](CCN2CCN(c3nsc4ccccc34)CC2)CC1)c1cc2ccccc2[nH]1,10.537602002101044,1,0.0,2016,2016,2016,Ki,B,1
NUMHPTHWXLDEFR-IVHGUIJPSA-N,Cc1cc(CC(=O)N[C@H]2CC[C@](F)(CCN3CCc4ccc(CCC(F)(F)F)nc4CC3)CC2)on1,10.537602002101044,2,0.0,2023,2023,2023,Ki,B,1
IOCBQXGKSWXFPW-QAQDUYKDSA-N,Cc1cc(OCC(=O)N[C@H]2CC[C@H](CCN3CCc4sc(N5CC(F)(F)C5)nc4C3)CC2)no1,10.455931955649724,2,0.0,2020,2022,2021,Ki,B,2
BGQYARRWAJPAOC-KJDSRRNHSA-N,Cc1nnc(CC(=O)N[C@H]2CC[C@](F)(CCN3CCc4ccc(OCC(C)(F)F)nc4CC3)CC2)s1,10.455931955649724,1,0.0,2023,2023,2023,Ki,B,1
ZRSYGNXIJUXTIX-UHFFFAOYSA-N,Cn1cc2c(C(=O)NN3CCC(CCN4CCc5ccc(OCC(F)(F)F)nc5CC4)CC3)cccc2n1,10.4089353929735,1,0.0,2023,2023,2023,Ki,B,1
UCRMCTXHTPNGTQ-WGSAOQKQSA-N,O=S(=O)(N[C@H]1CC[C@H](CCN2CCN(c3nsc4ccccc34)CC2)CC1)c1cccs1,10.366531544420413,1,0.0,2016,2016,2016,Ki,B,1
LBCLWNAKMLUAKD-AQYVVDRMSA-N,O=C(Nc1ccccc1)N[C@H]1CC[C@H](CCN2CCN(c3nsc4ccccc34)CC2)CC1,10.366531544420413,1,0.0,2016,2016,2016,Ki,B,1
NQGXAETZRJZODZ-QAQDUYKDSA-N,Cn1ncc(CC(=O)N[C@H]2CC[C@H](CCN3CCc4nc(OCC(C)(F)F)sc4CC3)CC2)n1,10.366531544420413,1,0.0,2023,2023,2023,Ki,B,1
NCNRFJGBWYGCDE-HMRCJKRNSA-N,COc1cc(CC(=O)N[C@H]2CC[C@](F)(CCN3CCc4ccc(OCC(F)F)nc4CC3)CC2)on1,10.356547323513812,1,0.0,2023,2023,2023,Ki,B,1
RBZFRDTUHHOAAN-MXVIHJGJSA-N,CN([C@H]1CC[C@H](CCN2CCN(c3nsc4ccccc34)CC2)CC1)S(=O)(=O)c1cccs1,10.337242168318426,1,0.0,2016,2016,2016,Ki,B,1
VZKXQURASTWIAW-AQYVVDRMSA-N,O=C(N[C@H]1CC[C@H](CCN2CCN(c3nsc4ccccc34)CC2)CC1)c1ccccc1,10.327902142064282,1,0.0,2016,2016,2016,Ki,B,1
MANJQFBEPDLLON-XUTJKUGGSA-N,CCn1c(C(=O)N[C@H]2CC[C@H](CCN3CCc4ccc(OCC(F)(F)F)nc4CC3)CC2)cccc1=O,10.318758762624412,2,0.0,2020,2022,2021,Ki,B,2
PQSCNANWIFBYCN-WKILWMFISA-N,O=C(N[C@H]1CC[C@H](CCN2CCc3nc(OCC(F)(F)F)sc3CC2)CC1)c1cccnc1C(F)F,10.318758762624412,1,0.0,2023,2023,2023,Ki,B,1
KXLVLBLWZFPQLE-RVZUZXSLSA-N,CC(Oc1ccc2c(n1)CCN(CC[C@H]1CC[C@H](NC(=O)c3cccc4nn(C)cc34)CC1)CC2)C(F)F,10.305594293263237,2,0.23041327565988054,2023,2023,2023,Ki,B,1
OJUNMSDCPOWMOQ-WKILWMFISA-N,COc1cc(CC(=O)N[C@H]2CC[C@H](CCN3CCc4sc(N5CC(F)(F)C5)nc4C3)CC2)on1,10.301029995663981,2,0.0,2020,2022,2021,Ki,B,2
OUJINBWEZGZUKQ-IYARVYRRSA-N,O=C(NC[C@H]1CC[C@H](CN2CCN(c3nsc4cc(Cl)ccc34)CC2)CC1)c1ccco1,10.292429823902063,1,0.0,2016,2016,2016,Ki,B,1
ATHTVOQAJYMAOW-IGGCZAQCSA-N,Cc1nc(/C=C/C(=O)N[C@H]2CC[C@H](CCN3CCc4sc(N5CC(F)(F)C5)nc4C3)CC2)cs1,10.292429823902063,2,0.0,2020,2022,2021,Ki,B,2
OQXLAYDVTKONPU-IYARVYRRSA-N,CCC(=O)N[C@H]1CC[C@H](CCN2CCN(c3nsc4ccccc34)CC2)CC1,10.2839966563652,1,0.0,2016,2016,2016,Ki,B,1
OCNSHCHKTREKMB-IYARVYRRSA-N,Cc1ncc(CC(=O)N[C@H]2CC[C@H](CCN3CCc4nc(N(C)CC(F)(F)F)sc4CC3)CC2)s1,10.2839966563652,2,0.0,2020,2022,2021,Ki,B,2
DBRVEHQLZZEVFX-MXVIHJGJSA-N,O=C(Nc1cccnc1)N[C@H]1CC[C@H](CCN2CCN(c3nsc4ccccc34)CC2)CC1,10.259637310505756,1,0.0,2016,2016,2016,Ki,B,1
AHJHJVULSVKBEA-WGSAOQKQSA-N,O=C(N[C@H]1CC[C@H](CCN2CCN(c3nsc4ccccc34)CC2)CC1)c1cccs1,10.2518119729938,1,0.0,2016,2016,2016,Ki,B,1
WORJIMKQVUMSKB-AJJNSDSGSA-N,Cn1cc(/C=C/C(=O)N[C@H]2CC[C@H](CCN3CCc4nc(OCC(F)(F)F)sc4CC3)CC2)cn1,10.244125144327509,2,0.0,2020,2022,2021,Ki,B,2
ZTKKAIYXNICILE-MXVIHJGJSA-N,O=S(=O)(N[C@H]1CC[C@H](CCN2CCN(c3nsc4ccccc34)CC2)CC1)c1cccnc1,10.236572006437063,1,0.0,2016,2016,2016,Ki,B,1
BYJLEOXPONSXOY-IYARVYRRSA-N,CCOC(=O)N[C@H]1CC[C@H](CCN2CCN(c3nsc4ccccc34)CC2)CC1,10.236572006437063,1,0.0,2016,2016,2016,Ki,B,1
DJOCSUALXFPRDN-UODZTUOZSA-N,COc1cc(/C=C/C(=O)N[C@H]2CC[C@H](CCN3CCc4ccc(OCC(F)F)nc4CC3)CC2)on1,10.236572006437063,1,0.0,2020,2020,2020,Ki,B,1
MPNCNHGPKFXJQG-QAQDUYKDSA-N,COc1cc(CCC(=O)N[C@H]2CC[C@H](CCN3CCc4nc(OCC(F)F)sc4CC3)CC2)on1,10.236572006437063,1,0.0,2022,2022,2022,Ki,B,1
KXRPTGDSBJOKRD-UHFFFAOYSA-N,COC(CN1CCc2sc(OCC(C)(F)F)nc2C1)C1CC2(CC(NC(=O)c3cccc4nn(C)cc34)C2)C1,10.236572006437063,1,0.0,2023,2023,2023,Ki,B,1
PVZYVDCGRBZEMH-IYARVYRRSA-N,Cn1cc2c(C(=O)N[C@H]3CC[C@H](CCN4CCc5nc(OCC(F)(F)F)sc5CC4)CC3)cccc2n1,10.229147988357855,3,0.480202799227652,2020,2022,2022,Ki,B,2
DQPNZJRSJFNUQR-VQTJNVASSA-N,Cn1cc2c(C(=O)N[C@H]3CC[C@H](CCN4CCc5ccc(OCC(F)(F)F)nc5CC4)OC3)cccc2n1,10.229147988357855,1,0.0,2020,2020,2020,Ki,B,1
MTSRJJUOIYINNP-UHFFFAOYSA-N,CCCN(CCN1CCN(c2cccc(Cl)c2Cl)CC1)C1CCc2nc(N)sc2C1,10.221848749616356,1,0.0,2008,2008,2008,EC50,F,1
RLCITMZJUDPBHU-KOAQGZTJSA-N,Cc1cc(CC(=O)N[C@H]2CC[C@H](CCN3C[C@@H]4C[C@]4(c4cc(C(C)(F)F)on4)C3)CC2)on1,10.214670164989233,1,0.0,2022,2022,2022,Ki,B,1
SOMWRASUKKDBSH-HZCBDIJESA-N,Cc1ccc(S(=O)(=O)N[C@H]2CC[C@H](CCN3CCN(c4nsc5ccccc45)CC3)CC2)cc1,10.207608310501746,1,0.0,2016,2016,2016,Ki,B,1
ULLCNVODUCDGBS-PGCGBBBBSA-N,Cn1cc(CC(=O)N[C@H]2CC[C@](F)(CCN3CCc4ccc(OCC(C)(F)F)nc4CC3)CC2)cn1,10.200659450546418,1,0.0,2023,2023,2023,Ki,B,1
ZLSSQJVDFDOQOK-AQYVVDRMSA-N,Cn1cc2c(C(=O)N[C@H]3CC[C@H](CCN4CCc5ccc(OCC(C)(F)F)nc5CC4)CC3)cccc2n1,10.193820026016112,2,0.0,2020,2022,2021,Ki,B,2
HNKSCJOZAQWYMZ-QAQDUYKDSA-N,Cc1ncc(CC(=O)N[C@H]2CC[C@H](CCN3CCc4nc(OCC(F)(F)F)sc4CC3)CC2)s1,10.173925197299173,2,0.0,2020,2022,2021,Ki,B,2
NIFGQHGFOUMQJN-KCWPFWIISA-N,Cn1c(SCCCN2CC[C@]3(C[C@@H]3c3ccc(C(F)(F)F)cc3)C2)nnc1-c1ccc(-c2ncco2)cc1,10.154901959985743,3,0.2554967882558398,2016,2016,2016,Ki,B;F,1
GYLMYXSRSKKAER-ZVWHWTBFSA-N,Cc1cc(OCC(=O)N[C@H]2CC[C@](F)(CCN3CCc4ccc(OCC(C)(F)F)nc4CC3)CC2)no1,10.154901959985743,1,0.0,2023,2023,2023,Ki,B,1
CHXSNTQDFOAJJK-XUTJKUGGSA-N,Cc1cc(OCC(=O)N[C@H]2CC[C@H](CCN3CCc4ccc(CCC(F)(F)F)nc4CC3)CC2)no1,10.148741651280925,1,0.0,2023,2023,2023,Ki,B,1
QSUZKISJHDJAOP-WKILWMFISA-N,Cn1ncc(CC(=O)N[C@H]2CC[C@H](CCN3CCc4nc(OCC(F)(F)F)sc4CC3)CC2)n1,10.148741651280925,1,0.0,2023,2023,2023,Ki,B,1
OMGQCEITFUGYJF-YEPDHIAXSA-N,CCn1c(C(=O)N[C@H]2CC[C@H](CCN3C[C@@H]4C[C@]4(c4cc(C(C)(F)F)on4)C3)CC2)cccc1=O,10.136677139879545,1,0.0,2022,2022,2022,Ki,B,1
PKOXYVFXXHZYKA-QWFCFKBJSA-N,C[C@@H](Oc1ccc2c(n1)CCN(CC[C@H]1CC[C@H](NC(=O)Cc3cnn(C)n3)CC1)CC2)C(F)(F)F,10.136677139879545,1,0.0,2023,2023,2023,Ki,B,1
OFNJFDWFNZIXMI-KESTWPANSA-N,Cc1cc(OCC(=O)N[C@H]2CC[C@H](CCN3CCc4ccc(OCC(F)(F)F)nc4CC3)CC2)no1,10.1249387366083,2,0.0,2020,2022,2021,Ki,B,2
JMFUJUHOBGECJQ-QAQDUYKDSA-N,CN1Cc2c(C(=O)N[C@H]3CC[C@H](CCN4CCc5sc(OCC(F)(F)F)nc5C4)CC3)cccc2C1=O,10.113509274827518,2,0.0,2020,2022,2021,Ki,B,2
OFWBNRKDYGFFGN-QRTMHTFLSA-N,Cn1ncc(CC(=O)N[C@H]2CC[C@](F)(CCN3CCc4ccc(OCC(F)(F)F)nc4CC3)CC2)n1,10.10790539730952,1,0.0,2023,2023,2023,Ki,B,1
UYNTZKCUFSBUOJ-UHFFFAOYSA-N,CN1Cc2c(C(=O)NC34CCC(CCN5CCc6nc(OCC(F)(F)F)sc6CC5)(CC3)CC4)cccc2C1=O,10.102372908709558,1,0.0,2023,2023,2023,Ki,B,1
BLTQTSIKHDZFTP-QPPLWRQOSA-N,O=C(N[C@H]1CC[C@H](CCN2CCc3sc(N4CC5CC5C4)nc3C2)CC1)c1cccc2ncccc12,10.096910013008056,2,0.0,2020,2022,2021,Ki,B,2
RGWPRPGUMAJABR-YCFKULOQSA-N,Cc1ncc(/C=C/C(=O)N[C@H]2CC[C@](F)(CCN3CCc4ccc(OCC(C)(F)F)nc4CC3)CC2)cn1,10.09151498112135,1,0.0,2023,2023,2023,Ki,B,1
AJKWTVBJXNYTPH-FVUUGDKNSA-N,Cn1ncc(CC(=O)N[C@H]2CC[C@](F)(CCN3CCc4nc(OCC(F)(F)C(F)F)sc4CC3)CC2)n1,10.09151498112135,1,0.0,2023,2023,2023,Ki,B,1
APQHSBNBSWHBSZ-KESTWPANSA-N,Cn1cc2c(C(=O)N[C@H]3CC[C@H](CCN4CC=C(c5nocc5C(C)(F)F)CC4)CC3)cccc2n1,10.086186147616283,1,0.0,2022,2022,2022,Ki,B,1
NIJWMLBNDUWVQH-IYARVYRRSA-N,Cc1cc(CC(=O)N[C@H]2CC[C@H](CCN3CCc4nc(OCC(C)(F)F)sc4CC3)CC2)on1,10.080921907623926,1,0.0,2023,2023,2023,Ki,B,1
YJHMYPHXIJOCOQ-UHFFFAOYSA-N,Cn1cc2c(C(=O)NC34CCC(CCN5CCc6nc(OCC(F)(F)F)sc6CC5)(CC3)CC4)cccc2n1,10.075720713938118,1,0.0,2023,2023,2023,Ki,B,1
YDLWLYDTYNHXBM-UHFFFAOYSA-N,CCCN(CCN1CCN(c2ccc(-c3ccccc3)cc2)CC1)C1CCc2nc(N)sc2C1,10.070581074285707,1,0.0,2008,2008,2008,EC50,F,1
XGFFXWPMGJJBFH-KESTWPANSA-N,Cc1ncc(CC(=O)N[C@H]2CC[C@H](CCN3CCc4ccc(OCC(F)F)nc4CC3)CC2)s1,10.070581074285707,3,0.6419983493467546,2020,2022,2020,Ki,B,2
GKTINDHAZROOEF-XUTJKUGGSA-N,CCC(F)(F)c1conc1C1CCN(CC[C@H]2CC[C@H](NC(=O)c3cccc4nn(C)cc34)CC2)CC1,10.070581074285707,1,0.0,2022,2022,2022,Ki,B,1
MLURUQHLUHYMEL-YVWKXTFCSA-N,Cc1nnc(CC(=O)N[C@H]2CC[C@H](CCN3CCc4ccc(O[C@H](C)C(F)(F)F)nc4CC3)CC2)s1,10.070581074285707,1,0.0,2023,2023,2023,Ki,B,1
WZQXXUHEORDTMN-LEWJYISDSA-N,CCN1Cc2c(C(=O)N[C@H]3CC[C@H](CCN4CCc5ccc(OCC(F)(F)F)nc5CC4)OC3)cccc2C1=O,10.065501548756432,2,0.0,2020,2022,2021,Ki,B,2
WAZOEZSHZLLENC-KLYXCBONSA-N,Cc1ncc(/C=C/C(=O)N[C@H]2CC[C@H](CCN3CCc4nc(OC5CC(F)(F)C5)sc4CC3)CC2)cn1,10.065501548756432,1,0.0,2023,2023,2023,Ki,B,1
RGWGDYMUCXDODX-XUTJKUGGSA-N,O=C(N[C@H]1CC[C@H](CCN2CCN(c3nsc4ccccc34)CC2)CC1)c1cccnc1,10.045757490560675,1,0.0,2016,2016,2016,Ki,B,1
PUVBZHHLUFJVIL-SAABIXHNSA-N,Cn1cc(CC(=O)N[C@H]2CC[C@H](CCN3CCc4nc(OCC(C)(F)F)sc4CC3)CC2)c(F)n1,10.045757490560675,1,0.0,2023,2023,2023,Ki,B,1
SFIXZGTVVWNOSY-QRFRQXIXSA-N,Cc1nnc(CC(=O)N[C@H]2CC[C@H](CCN3CCc4ccc(O[C@@H](C)C(F)(F)F)nc4CC3)CC2)o1,10.045757490560675,1,0.0,2023,2023,2023,Ki,B,1
IJKACRJOPXDGDS-UHFFFAOYSA-N,Cn1cc2c(C(=O)NC3CC4(CC(CCN5CCc6sc(OCC(C)(F)F)nc6C5)C4)C3)cccc2n1,10.036212172654444,2,0.0,2020,2022,2021,Ki,B,2
KMIIKERMEYOZTK-PGWJBFNOSA-N,O=C(N[C@H]1CC[C@H](CCN2CCC(c3nocc3-c3cccc(F)c3)CC2)CC1)c1cccc2ncccc12,10.031517051446064,1,0.0,2022,2022,2022,Ki,B,1
PNDDOSJAKNIYIV-QAQDUYKDSA-N,CS(=O)(=O)N[C@H]1CC[C@H](CCN2CCN(c3nsc4ccccc34)CC2)CC1,10.022276394711152,1,0.0,2016,2016,2016,Ki,B,1
ZTUVVTSLJSCZMY-UAPYVXQJSA-N,COc1cc(CC(=O)N[C@H]2CC[C@H](CCN3CCc4ccc(OCC(F)(F)F)nc4CC3)CC2)on1,10.022276394711152,2,0.0,2020,2022,2021,Ki,B,2
AFUSDDXNVRXJFU-KJDSRRNHSA-N,Cc1ncc(CC(=O)N[C@H]2CC[C@](F)(CCN3CCc4ccc(OCC(F)F)nc4CC3)CC2)o1,10.022276394711152,1,0.0,2023,2023,2023,Ki,B,1
OGKVKDKJRLURJP-QAQDUYKDSA-N,Cc1ncc(CC(=O)N[C@H]2CC[C@H](CCN3CCc4nc(OCC(F)(F)F)sc4CC3)CC2)o1,10.017728766960431,2,0.0,2020,2022,2021,Ki,B,2
NQPMEVDLXOHCCR-UHFFFAOYSA-N,O=C1c2ccccc2C(=O)N1CCCCN1CCN(c2cccc(F)c2F)CC1,10.016600726808319,2,3.2557431169773245,2018,2018,2018,EC50;Ki,B;F,1
BGBRLHVYFFIIIM-JCTBFJPBSA-N,Cc1ncc(/C=C/C(=O)N[C@H]2CC[C@H](CCN3CCc4nc(OCC(C)(F)F)sc4CC3)CC2)cn1,10.013228265733755,1,0.0,2023,2023,2023,Ki,B,1
JMYVVZJJTRVCDC-UHFFFAOYSA-N,O=C(NCCCCN1CCN(c2cccc(Cl)c2Cl)CC1)c1cc2ccccc2cn1,10.00436480540245,1,0.0,2009,2009,2009,Ki,B,1
VITUDJAVASFPKN-DEOSSOPVSA-N,CCCN(CCN1CCN(c2ccc(-c3cccc(O)c3)cc2)CC1)[C@H]1CCc2nc(N)sc2C1,10.0,1,0.0,2014,2014,2014,EC50,F,1
KWZBJWOQFABHPF-UHFFFAOYSA-N,NC(=O)c1ccccc1OCCCN1CCN(c2cccc3c2ccn3S(=O)(=O)c2ccccc2)CC1,10.0,1,0.0,2015,2015,2015,Ki,B,1
OAUBLUIXSXPHTA-IYARVYRRSA-N,Cn1cc2c(C(=O)N[C@H]3CC[C@H](CCN4CCc5sc(CCC(F)F)nc5C4)CC3)cccc2n1,10.0,2,0.0,2020,2022,2021,Ki,B,2
LFSNQCYUKYZKTM-IYARVYRRSA-N,Cc1cc(OCC(=O)N[C@H]2CC[C@H](CCN3CCc4nc(OC5CC(F)(F)C5)sc4CC3)CC2)no1,10.0,1,0.0,2023,2023,2023,Ki,B,1
OVCKLMKHELICSW-CQOQZXRMSA-N,CC[C@@H](C)Oc1ccc2c(n1)CCN(CC[C@H]1CC[C@H](NC(=O)c3cccc4nn(C)cc34)CC1)CC2,10.0,1,0.0,2023,2023,2023,Ki,B,1
AXWHEAPHZLQQJC-JCNLHEQBSA-N,Cn1ncc(CC(=O)N[C@H]2CC[C@H](CCN3CCc4nc(OCC(F)(F)F)sc4CC3)CC2)c1F,10.0,1,0.0,2023,2023,2023,Ki,B,1
DGKURWUVIVQHCD-UHFFFAOYSA-N,O=C1c2cc3ccccc3n2CCN1CCCCN1CCN(c2cccc(Cl)c2Cl)CC1,9.978810700930062,1,0.0,2009,2009,2009,Ki,B,1
XDIPGTFTRLCMJN-RZJSWYKGSA-N,Cn1cc(CC(=O)N[C@H]2CC[C@](F)(CCN3CCc4ccc(OCC(F)(F)F)nc4CC3)CC2)cn1,9.958607314841775,2,0.0,2020,2022,2021,Ki,B,2
SDPSCMJWIDFOEZ-SAABIXHNSA-N,O=C1Cc2cccc(C(=O)N[C@H]3CC[C@H](CCN4CCc5nc(OCC(F)F)sc5CC4)CC3)c2N1,9.958607314841775,2,0.0,2020,2022,2021,Ki,B,2
MWYSFMDHBGHGSI-UHFFFAOYSA-N,O=C(NCCCCN1CCc2ccc(OCC(F)(F)F)nc2CC1)c1cc2ccccc2[nH]1,9.958607314841775,2,0.0,2020,2022,2021,Ki,B,2
RDYIEETWSJIEMH-KESTWPANSA-N,Cn1cc2c(C(=O)N[C@H]3CC[C@H](CCN4CCC(c5nocc5C(C)(F)F)CC4)CC3)cccc2n1,9.958607314841775,1,0.0,2022,2022,2022,Ki,B,1
RWQUXQWRQIGSHJ-QAQDUYKDSA-N,Cn1ncc(CC(=O)N[C@H]2CC[C@H](CCN3CCc4nc(OC5CC(F)(F)C5)sc4CC3)CC2)n1,9.958607314841775,1,0.0,2023,2023,2023,Ki,B,1
WELSMEFKUXDCLH-XUTJKUGGSA-N,Cc1ncc(OCC(=O)N[C@H]2CC[C@H](CCN3CCc4ccc(OCC(F)F)nc4CC3)CC2)cn1,9.958607314841775,1,0.0,2023,2023,2023,Ki,B,1
DABZIXMFPZVHTF-XUTJKUGGSA-N,Cn1cc2c(C(=O)N[C@H]3CC[C@H](CCN4CCc5ccc(CCC(F)(F)F)nc5CC4)CC3)ccc(F)c2n1,9.958607314841775,1,0.0,2023,2023,2023,Ki,B,1
INHNATSHBKJSGN-UAPYVXQJSA-N,Cn1ncc(CC(=O)N[C@H]2CC[C@H](CCN3CCc4ccc(OCC(F)F)nc4CC3)CC2)n1,9.958607314841775,1,0.0,2023,2023,2023,Ki,B,1
SBWQGFPWQUSXLS-LYFUNVNOSA-N,Cc1ncc(/C=C/C(=O)N[C@H]2CC[C@H](CCN3CCc4sc(C5CC(F)(F)C5)nc4C3)CC2)cn1,9.958607314841775,1,0.0,2023,2023,2023,Ki,B,1
SVQMUKSPRVEFME-YIQCUVMYSA-N,CC(Oc1nc2c(s1)CCN(CC[C@H]1CC[C@H](NC(=O)c3cccc4nn(C)cc34)CC1)CC2)C(F)F,9.939713034397075,2,0.026720547656175313,2023,2023,2023,Ki,B,1
PTUNPPZTSHFJHC-UHFFFAOYSA-N,COc1ccccc1N1CCN(CCCCOc2ccc(C3CN4C=CSC4=N3)cc2)CC1,9.920818753952375,1,0.0,2009,2009,2009,Ki,B,1
PFLVUDAFKXUKEV-UHFFFAOYSA-N,COc1ccccc1N1CCN(CCCCN2CCc3cc(-c4ccncc4)ccc3C2=O)CC1,9.920818753952375,1,0.0,2011,2011,2011,Ki,B,1
IUDLGCVTTLUKGF-QAQDUYKDSA-N,Cn1c(C(=O)N[C@H]2CC[C@H](CCN3CCc4nc(OCC(F)(F)F)sc4CC3)CC2)cccc1=O,9.920818753952375,2,0.0,2020,2022,2021,Ki,B,2
FNMHRIVKENCKLK-IGGCZAQCSA-N,Cc1ncc(/C=C/C(=O)N[C@H]2CC[C@H](CCN3CCc4nc(OCC(F)F)sc4CC3)CC2)s1,9.920818753952375,2,0.0,2020,2022,2021,Ki,B,2
FWMIDKRMSILWNA-IYARVYRRSA-N,Cc1ncc(CC(=O)N[C@H]2CC[C@H](CCN3CCc4nc(OCC(C)(F)F)sc4CC3)CC2)o1,9.920818753952375,2,0.0,2020,2022,2021,Ki,B,2
UIFXBTKQVKHNLS-SAABIXHNSA-N,Cc1cc(CC(=O)N[C@H]2CC[C@H](CCN3CCc4sc(C5CC(F)(F)C5)nc4C3)CC2)on1,9.920818753952375,1,0.0,2020,2020,2020,Ki,B,1
WZWRNSLQPLMVBF-QAQDUYKDSA-N,Cc1cc(CC(=O)N[C@H]2CC[C@H](CCN3CCc4sc(N5CC(F)(F)C5)nc4C3)CC2)on1,9.920818753952375,1,0.0,2022,2022,2022,Ki,B,1
RPTDCWYNUAKXPN-OJBMAJLDSA-N,O=C(N[C@H]1CC[C@H](CCN2CCC(c3nocc3-c3ccccc3)CC2)CC1)c1cccc2ncccc12,9.920818753952375,1,0.0,2022,2022,2022,Ki,B,1
LBYNXCSSGDKEPL-ZWKOTPCHSA-N,Cn1cc2c(C(=O)N[C@H]3CC[C@H](CCN4CCc5nc(OCC(C)(F)F)sc5CC4)OC3)cccc2n1,9.920818753952375,1,0.0,2023,2023,2023,Ki,B,1
HSCUDLWMSFZPQC-SMQSCJQKSA-N,Cc1ncc(CC(=O)N[C@H]2CC[C@](F)(CCN3CCc4nc(OCC(C)(F)F)sc4CC3)CC2)o1,9.920818753952375,1,0.0,2023,2023,2023,Ki,B,1
JJZYJNHNBLRMSV-SYYKKAFVSA-N,Cc1ncc(OCC(=O)N[C@H]2CC[C@H](CCN3CCc4ccc(O[C@H](C)C(F)(F)F)nc4CC3)CC2)cn1,9.920818753952375,1,0.0,2023,2023,2023,Ki,B,1
GFYPLRKHLRVZID-SFHLNBCPSA-N,C[C@@H](Oc1ccc2c(n1)CCN(CC[C@H]1CC[C@H](NC(=O)c3cccc(=O)n3C)CC1)CC2)C(F)(F)F,9.920818753952375,1,0.0,2023,2023,2023,Ki,B,1
PUXZKIZAAABQFP-AQYVVDRMSA-N,Cc1ncc(OCC(=O)N[C@H]2CC[C@H](CCN3CCc4ccc(CCC(F)(F)F)nc4CC3)CC2)cn1,9.920818753952375,1,0.0,2023,2023,2023,Ki,B,1
UPWPDOXZYFFWOS-UHFFFAOYSA-N,Cc1ncc(OCC(=O)NC23CCC(CCN4CCc5nc(OCC(F)(F)F)sc5CC4)(CC2)CC3)cn1,9.920818753952375,1,0.0,2023,2023,2023,Ki,B,1
UTFOVXIJDJSMKK-VWLOTQADSA-N,CCCN(CCCCNC(=O)c1ccc(-c2ccccc2)cc1)[C@H]1CCn2nccc2C1,9.92021640338319,10,1.721465352122676,2011,2011,2011,EC50;Ki,B;F,1
AADCDMQTJNYOSS-LBPRGKRZSA-N,CCc1cc(Cl)c(OC)c(C(=O)NC[C@@H]2CCCN2CC)c1O,9.915751258238483,4,0.08164171287887674,2003,2021,2015,Ki,B,4
JFBMKPAJRCILMR-UHFFFAOYSA-N,O=C(NCCCCN1CCN(c2cccc3ccccc23)CC1)c1cc2ccccc2s1,9.892790030352131,1,0.0,2015,2015,2015,Ki,B,1
OVCZXWAILUTIOQ-UHFFFAOYSA-N,COc1cccc2cc(C(=O)NCCCCN3CCN(c4cccc(Cl)c4Cl)CC3)oc12,9.886056647693163,2,0.0,2006,2009,2007,Ki,B,2
QVWNZRUILCXOBY-YIQCUVMYSA-N,CC(Oc1nc2c(s1)CCN(CC[C@H]1CC[C@H](NC(=O)c3cccc4nn(C)cc34)CC1)CC2)C(F)(F)F,9.886056647693163,2,0.0,2020,2022,2021,Ki,B,2
NIIZBIHFOWYVTO-GNWSRGIHSA-N,Cn1cc(/C=C/C(=O)N[C@H]2CC[C@H](CCN3CCc4nc(OCC(F)(F)F)sc4CC3)OC2)cn1,9.886056647693163,2,0.0,2020,2022,2021,Ki,B,2
DPVXQZQCRKUMLB-WGSAOQKQSA-N,CC(F)(F)COc1nc2c(s1)CCN(CC[C@H]1CC[C@H](NC(=O)c3cccc4ncccc34)CC1)C2,9.886056647693163,2,0.0,2020,2022,2021,Ki,B,2
MWXWYXYVNMABPU-UAPYVXQJSA-N,CCC(F)(F)c1conc1C1CCN(CC[C@H]2CC[C@H](NC(=O)Cc3nnc(C)s3)CC2)CC1,9.886056647693163,1,0.0,2022,2022,2022,Ki,B,1
ZBFUMDILDZBFFX-DHYNVXFASA-N,CN1Cc2c(C(=O)N[C@H]3CC[C@H](CCN4C[C@@H]5C[C@]5(c5cc(C(C)(F)F)on5)C4)CC3)cccc2C1=O,9.886056647693163,1,0.0,2022,2022,2022,Ki,B,1
NIIYYNMLJBPZMZ-JKSUJKDBSA-N,COc1cc(CC(=O)N[C@H]2CC[C@H](CCN3CCc4nc(OCC(C)(F)F)sc4CC3)OC2)on1,9.886056647693163,1,0.0,2023,2023,2023,Ki,B,1
NQOMONLOFJNENB-IYARVYRRSA-N,Cn1nnc2cccc(C(=O)N[C@H]3CC[C@H](CCN4CCc5nc(OCC(C)(F)F)sc5CC4)CC3)c21,9.886056647693163,1,0.0,2023,2023,2023,Ki,B,1
AXGNSCJOHWKGNC-NZFXNERUSA-N,CN1Cc2c(C(=O)N[C@H]3CC[C@](F)(CCN4CCc5nc(OCC(F)F)sc5CC4)CC3)cccc2C1=O,9.886056647693163,1,0.0,2023,2023,2023,Ki,B,1
KRNLFYUCQHYKNH-KJDSRRNHSA-N,Cc1nc(CC(=O)N[C@H]2CC[C@](F)(CCN3CCc4ccc(OCC(C)(F)F)nc4CC3)CC2)no1,9.886056647693163,1,0.0,2023,2023,2023,Ki,B,1
ZIXSDYOKURBREP-IYARVYRRSA-N,Cc1ncc(CC(=O)N[C@H]2CC[C@H](CCN3CCc4nc(OCCC(F)(F)F)sc4CC3)CC2)o1,9.886056647693163,1,0.0,2023,2023,2023,Ki,B,1
XOMRUHWGUJNGLC-AFARHQOCSA-N,O=C(N[C@H]1CC[C@H](CCN2CCN(c3ccccc3)CC2)CC1)C1CCCCC1,9.853871964321762,2,0.0,1997,1998,1997,Ki,B,2
KPLQQMQZQUMPCN-UHFFFAOYSA-N,Clc1cccc(N2CCN(CCCCCOc3cc4ccccc4cn3)CC2)c1Cl,9.853871964321762,1,0.0,2009,2009,2009,Ki,B,1
KHUQUWFRCNWUQH-WGSAOQKQSA-N,CCCC(=O)N[C@H]1CC[C@H](CCN2CCN(c3nsc4ccccc34)CC2)CC1,9.853871964321762,1,0.0,2016,2016,2016,Ki,B,1
SFDFLIFDKGORAT-KESTWPANSA-N,Cc1nc(CC(=O)N[C@H]2CC[C@H](CCN3CCc4ccc(OCC(C)(F)F)nc4CC3)CC2)no1,9.853871964321762,2,0.0,2020,2022,2021,Ki,B,2
MTHGNUDPACETSB-HMRCJKRNSA-N,Cc1ncc(OCC(=O)N[C@H]2CC[C@](F)(CCN3CCc4nc(OCC(C)(F)F)sc4CC3)CC2)cn1,9.853871964321762,1,0.0,2023,2023,2023,Ki,B,1
NEVZTCJUOYESGL-RZJSWYKGSA-N,Cc1nnc(CC(=O)N[C@H]2CC[C@](F)(CCN3CCc4ccc(CCC(F)(F)F)nc4CC3)CC2)s1,9.853871964321762,2,0.0,2023,2023,2023,Ki,B,1
RFWMMUCBGJUDDD-MIRVZWSXSA-N,Cc1cnc(CC(=O)N[C@H]2CC[C@](F)(CCN3CCc4nc(OCC(F)(F)F)sc4CC3)CC2)o1,9.823908740944319,2,0.0,2020,2022,2021,Ki,B,2
AVBOEALXXMIBAR-WGSAOQKQSA-N,CCN1Cc2c(C(=O)N[C@H]3CC[C@H](CCN4CCc5sc(CCC(F)(F)F)nc5C4)CC3)cccc2C1=O,9.823908740944319,2,0.0,2020,2022,2021,Ki,B,2
WHNDUGSFHPQVOW-YGXOWLSWSA-N,Cc1ncc(CC(=O)N[C@H]2CC[C@H](CCN3CCN(c4nocc4C(C)(F)F)C(C)C3)CC2)s1,9.823908740944319,1,0.0,2022,2022,2022,Ki,B,1
NEIFIHLUPPCEQL-AFARHQOCSA-N,Cn1cc2c(C(=O)N[C@H]3CC[C@H](CCN4CCc5ccc(OCC(C)(C)F)nc5CC4)CC3)cccc2n1,9.823908740944319,1,0.0,2023,2023,2023,Ki,B,1
KPMLSODFRCJODQ-UAPYVXQJSA-N,Cn1cc(CC(=O)N[C@H]2CC[C@H](CCN3CCc4nc(OCC(C)(F)F)sc4CC3)CC2)cn1,9.823908740944319,1,0.0,2023,2023,2023,Ki,B,1
UGMMZTANOLIPDJ-UAPYVXQJSA-N,CN1Cc2c(C(=O)N[C@H]3CC[C@H](CCN4CCc5sc(C6CC(F)(F)C6)nc5C4)CC3)cccc2C1=O,9.823908740944319,1,0.0,2023,2023,2023,Ki,B,1
JGXVHHJVAUYNIF-UAPYVXQJSA-N,Cn1cc(CC(=O)N[C@H]2CC[C@H](CCN3CCc4nc(OC5CC(F)(F)C5)sc4CC3)CC2)cn1,9.823908740944319,1,0.0,2023,2023,2023,Ki,B,1
OIJAOTPYMBONBE-SFHLNBCPSA-N,C[C@@H](Oc1ccc2c(n1)CCN(CC[C@H]1CC[C@H](NC(=O)COc3cnn(C)c3)CC1)CC2)C(F)(F)F,9.823908740944319,1,0.0,2023,2023,2023,Ki,B,1
NYCAEWGZMHUFLY-XUTJKUGGSA-N,Cc1cc(CC(=O)N[C@H]2CC[C@H](CCN3CCc4ccc(CCC(F)(F)F)nc4CC3)CC2)on1,9.823908740944319,1,0.0,2023,2023,2023,Ki,B,1
DVVDLSCUPMTBKI-UHFFFAOYSA-N,Cn1cc(CC(=O)NC2CCC(CCN3CCc4ccc(OCC(F)F)nc4CC3)CC2)c(F)n1,9.823908740944319,1,0.0,2023,2023,2023,Ki,B,1
ARTYMOMXSPBDNS-ULQDDVLXSA-N,C[C@H](Oc1nc2c(s1)CCN(CC[C@H]1CC[C@H](NC(=O)Cc3cnn(C)n3)CC1)CC2)C(F)(F)F,9.823908740944319,1,0.0,2023,2023,2023,Ki,B,1
XSKRLZXLIVVXHO-UHFFFAOYSA-N,CCc1cccc(N2CCN(CCCCCNC(=O)c3cc4ccccc4o3)CC2)c1Cl,9.8153085691824,1,0.0,2022,2022,2022,Ki,B,1
IZZMBWJXQOJUHH-JOCHJYFZSA-N,CCCN(CCC)[C@@H]1CCc2cc(CS(=O)(=O)c3ccc(I)cc3)ccc2C1,9.79997073344623,1,0.0,1996,1996,1996,Ki,B,1
BKJGKGPGPACEQW-JTQLQIEISA-N,CCN1CCC[C@H]1CNC(=O)c1c(O)c(I)cc(OC)c1OC,9.795880017344075,1,0.0,1993,1993,1993,Ki,B,1
JCSREICEMHWFAY-HGCGQDOSSA-N,CC[11CH2]N1CCO[C@@H]2c3cc(O)ccc3CC[C@H]21,9.795880017344075,1,0.0,2010,2010,2010,Ki,B,1
MNXNYFBCTGEMEN-IYARVYRRSA-N,CC(=O)N[C@H]1CC[C@H](CCN2CCN(c3nsc4ccccc34)CC2)CC1,9.795880017344075,1,0.0,2016,2016,2016,Ki,B,1
FIJPMMPGAZUPGI-LEWJYISDSA-N,Cc1cc2c(C(=O)N[C@H]3CC[C@H](CCN4CCc5ccc(OCC(F)(F)F)nc5CC4)OC3)cccn2n1,9.795880017344075,2,0.0,2020,2022,2021,Ki,B,2
BVCCYDFGXLDTIH-WGSAOQKQSA-N,Cn1ccc2c(C(=O)N[C@H]3CC[C@H](CCN4CCc5sc(OCC(C)(F)F)nc5C4)CC3)cccc2c1=O,9.795880017344075,2,0.0,2020,2022,2021,Ki,B,2
IYUXTQUHGHENIF-XGAFWQRZSA-N,Cn1cc2ccc(C(=O)N[C@H]3CC[C@H](CCN4CCc5nc(OCC(C)(F)F)sc5CC4)CC3)cc2n1,9.795880017344075,1,0.0,2023,2023,2023,Ki,B,1
XWTDQRZJIQBPTH-VQTJNVASSA-N,Cn1ncc2ccc(C(=O)N[C@H]3CC[C@H](CCN4CCc5nc(OCC(C)(F)F)sc5CC4)OC3)cc21,9.795880017344075,1,0.0,2023,2023,2023,Ki,B,1
HNRDJYILRSRTOJ-JCNLHEQBSA-N,Cc1nnc(CC(=O)N[C@H]2CC[C@H](CCN3CCc4sc(C5CC(F)(F)C5)nc4C3)CC2)s1,9.795880017344075,1,0.0,2023,2023,2023,Ki,B,1
QVWNZRUILCXOBY-GUDVDZBRSA-N,C[C@@H](Oc1nc2c(s1)CCN(CC[C@H]1CC[C@H](NC(=O)c3cccc4nn(C)cc34)CC1)CC2)C(F)(F)F,9.795880017344075,1,0.0,2023,2023,2023,Ki,B,1
FNNXWXFDPGCSNX-XUTJKUGGSA-N,CCn1c(C(=O)N[C@H]2CC[C@H](CCN3CCc4ccc(OCC(F)F)nc4CC3)CC2)cccc1=O,9.795880017344075,1,0.0,2023,2023,2023,Ki,B,1
DVVDLSCUPMTBKI-IRJFHVNHSA-N,Cn1cc(CC(=O)N[C@H]2CC[C@H](CCN3CCc4ccc(OCC(F)F)nc4CC3)CC2)c(F)n1,9.795880017344075,1,0.0,2023,2023,2023,Ki,B,1
SUTCZLHSJOQUEU-KESTWPANSA-N,Cc1ncc(CC(=O)N[C@H]2CC[C@H](CCN3CCc4nc(OCC(C)(F)F)sc4CC3)CC2)cn1,9.795880017344075,1,0.0,2023,2023,2023,Ki,B,1
UPVXFLPSBHVUGK-UHFFFAOYSA-N,Cn1ncc(CC(=O)NC23CCC(CCN4CCc5nc(OCC(F)(F)F)sc5CC4)(CC2)CC3)n1,9.795880017344075,1,0.0,2023,2023,2023,Ki,B,1
DPJFJYDSIWERHB-NSCUHMNNSA-N,Cc1ncc(/C=C/C(=O)NC23CCC(CCN4CCc5nc(OCC(F)(F)F)sc5CC4)(CC2)CC3)cn1,9.795880017344075,1,0.0,2023,2023,2023,Ki,B,1
XKDKQVRKVICXBR-IVHGUIJPSA-N,Cc1nc(CC(=O)N[C@H]2CC[C@](F)(CCN3CCc4ccc(CCC(F)(F)F)nc4CC3)CC2)nn1C,9.795880017344075,2,0.0,2023,2023,2023,Ki,B,1
ZEJGFUORSVMUEP-XIRDDKMYSA-N,Cc1nnc(CC(=O)N[C@H]2CC[C@H](CCN3CCc4nc(O[C@@H](C)C(F)(F)F)sc4CC3)CC2)o1,9.795880017344075,1,0.0,2023,2023,2023,Ki,B,1
IIESJQKRXCMWAC-FVUUGDKNSA-N,Cc1nnc(CC(=O)N[C@H]2CC[C@](F)(CCN3CCc4nc(OCC(F)(F)C(F)F)sc4CC3)CC2)o1,9.795880017344075,1,0.0,2023,2023,2023,Ki,B,1
VJEFULHYJJGZPU-SAABIXHNSA-N,Cc1cnc(CC(=O)N[C@H]2CC[C@H](CCN3CCc4sc(C5CC(F)(F)C5)nc4C3)CC2)o1,9.769551078621726,1,0.0,2023,2023,2023,Ki,B,1
TZHDOGYRHPETAK-JCNLHEQBSA-N,Cc1nc(CC(=O)N[C@H]2CC[C@H](CCN3CCc4sc(C5CC(F)(F)C5)nc4C3)CC2)no1,9.769551078621726,1,0.0,2023,2023,2023,Ki,B,1
ZWLRISKBHMJXJU-UAPYVXQJSA-N,Cc1nnc(CC(=O)N[C@H]2CC[C@H](CCN3CCc4ccc(OCC(F)F)nc4CC3)CC2)o1,9.769551078621726,1,0.0,2023,2023,2023,Ki,B,1
XJSNUYSRIVRHKR-GRGJZFFOSA-N,Cc1ncc(/C=C/C(=O)N[C@H]2CC[C@H](CCN3CCc4ccc(OCC(F)F)nc4CC3)CC2)cn1,9.769551078621726,1,0.0,2023,2023,2023,Ki,B,1
PPNVEHNMOQYPLB-QAQDUYKDSA-N,Cn1cc2c(C(=O)N[C@H]3CC[C@H](CCN4CCc5sc(OCC(C)(F)F)nc5C4)CC3)c(F)ccc2n1,9.769551078621726,1,0.0,2023,2023,2023,Ki,B,1
FFSNUOARHPWUIL-UAPYVXQJSA-N,Cc1ncc(CC(=O)N[C@H]2CC[C@H](CCN3CCc4nc(OCC(F)(F)F)sc4CC3)CC2)cn1,9.769551078621726,1,0.0,2023,2023,2023,Ki,B,1
YUQSRDBNOFGTEH-KCZVDYSFSA-N,CC[C@@H](C)Oc1ccc2c(n1)CCN(CC[C@H]1CC[C@H](NC(=O)Cc3cnn(C)n3)CC1)CC2,9.769551078621726,1,0.0,2023,2023,2023,Ki,B,1
KKOVIGNMWZIDFQ-UHFFFAOYSA-N,Cc1ncc(CC(=O)NC2CC3CCC(C2)N3CCN2CCc3sc(OCC(F)(F)F)nc3C2)s1,9.769551078621726,1,0.0,2023,2023,2023,Ki,B,1
YXLMDXDARNJQRB-JCNLHEQBSA-N,Cn1cc(CC(=O)N[C@H]2CC[C@H](CCN3CCc4nc(OCC(F)(F)F)sc4CC3)CC2)c(F)n1,9.769551078621726,1,0.0,2023,2023,2023,Ki,B,1
QIUOKLGCJSMRSR-SAABIXHNSA-N,Cn1ncc(CC(=O)N[C@H]2CC[C@H](CCN3CCc4nc(OCC(C)(F)F)sc4CC3)CC2)c1F,9.769551078621726,1,0.0,2023,2023,2023,Ki,B,1
IEZLUUHSTFBOBK-LBEPJEHYSA-N,Cc1cnc(OCC(=O)N[C@H]2CC[C@](F)(CCN3CCc4nc(OCC(F)(F)F)sc4CC3)CC2)cn1,9.769551078621726,1,0.0,2023,2023,2023,Ki,B,1
LGLAXVZDUIMUSC-UHFFFAOYSA-N,Cn1c(C(=O)NC23CCC(CCN4CCc5nc(OCC(F)(F)F)sc5CC4)(CC2)CC3)cccc1=O,9.769551078621726,1,0.0,2023,2023,2023,Ki,B,1
JJDMYYLIPNQZQN-UHFFFAOYSA-N,O=C(NCCCCN1CCN(c2cccc(Cl)c2Cl)CC1)c1cnc2ccccc2c1,9.76447155309245,1,0.0,2017,2017,2017,Ki,B,1
BKRGVLQUQGGVSM-KBXCAEBGSA-N,CCN(CC)C(=O)N[C@H]1C=C2c3cccc4[nH]cc(c34)C[C@H]2N(C)C1,9.761953896871205,5,0.6683770198992843,1997,2024,2005,IC50;Ki,B,4
CGCDEESEQCYCIB-UHFFFAOYSA-N,COc1ccc2[nH]c(C(=O)NCCCCN3CCN(c4cccc5ccccc45)CC3)cc2c1,9.761953896871205,1,0.0,2015,2015,2015,Ki,B,1
HZINVGWYTDHAFA-UHFFFAOYSA-N,COc1ccccc1N1CCN(CCCCNC(=O)c2cc3cc(O)ccc3[nH]2)CC1,9.744727494896694,1,0.0,2013,2013,2013,Ki,B,1
HTHHKXUTDJTRGL-AFARHQOCSA-N,O=C(NCc1ccccc1)N[C@H]1CC[C@H](CCN2CCN(c3nsc4ccccc34)CC2)CC1,9.744727494896694,1,0.0,2016,2016,2016,Ki,B,1
IONAUXJNMRGVRI-UAPYVXQJSA-N,CCc1cccc(N2CCN(CC[C@H]3CC[C@H](NC(=O)NC)CC3)CC2)c1Cl,9.744727494896694,1,0.0,2023,2023,2023,Ki,B,1
IWALVTABIRHYMJ-QFTWOCFFSA-N,Cn1cc2c(C(=O)N[C@H]3CC[C@H](CCN4CCc5sc([C@H]6C[C@@H](F)C6)nc5C4)CC3)cccc2n1,9.744727494896694,1,0.0,2023,2023,2023,Ki,B,1
QJERAWQQAOXOKR-SAUNMDRZSA-N,Cn1cc2c(C(=O)N[C@H]3CC[C@H](CCN4CCc5ccc(OC6CCC(F)(F)C6)nc5CC4)CC3)cccc2n1,9.744727494896694,1,0.0,2023,2023,2023,Ki,B,1
VXTINWNGKOZZIK-XGAFWQRZSA-N,Cn1cc(CC(=O)N[C@H]2CC[C@H](CCN3CCc4ccc(OCC(F)F)nc4CC3)CC2)cn1,9.744727494896694,1,0.0,2023,2023,2023,Ki,B,1
XAEGPGYCBVFNJE-KESTWPANSA-N,Cn1cc(OCC(=O)N[C@H]2CC[C@H](CCN3CCc4ccc(OCC(F)F)nc4CC3)CC2)cn1,9.744727494896694,1,0.0,2023,2023,2023,Ki,B,1
DCCITNRSVJBGMS-KESTWPANSA-N,Cc1nnc(CC(=O)N[C@H]2CC[C@H](CCN3CCc4ccc(CCC(F)(F)F)nc4CC3)CC2)o1,9.744727494896694,1,0.0,2023,2023,2023,Ki,B,1
CJSWEVQUNWOTCF-KESTWPANSA-N,Cc1nc(CC(=O)N[C@H]2CC[C@H](CCN3CCc4ccc(CCC(F)(F)F)nc4CC3)CC2)no1,9.744727494896694,1,0.0,2023,2023,2023,Ki,B,1
JDGWCJQTEUISIR-GGYDESQDSA-N,Cn1ncc(CC(=O)N[C@H]2CC[C@](F)(CCN3CCc4nc(OCC(F)(F)F)sc4CC3)CC2)n1,9.744727494896694,1,0.0,2023,2023,2023,Ki,B,1
XUKSGYGUDPUQCB-SIKLNZKXSA-N,Cn1c(SCCCN2C[C@@H]3CCN(c4ccc(F)cc4)[C@@H]3C2)nnc1C1CCCCC1,9.739928612014925,2,0.0,2019,2020,2019,Ki,B,2
MDTYNDPHGHTQTJ-QHCPKHFHSA-N,CCCN(CCN1CCN(c2ccnc3ccccc23)CC1)[C@H]1CCc2c(O)cccc2C1,9.730487055782083,1,0.0,2010,2010,2010,Ki,B,1
ZLYZZQJTZBMSMX-DEOSSOPVSA-N,CCCN(CCN1CCN(c2ccnc3ccccc23)CC1)[C@H]1CCc2c(cccc2OC)C1,9.721246399047171,1,0.0,2010,2010,2010,Ki,B,1
QJRUCZBGBMXWPF-AQYVVDRMSA-N,O=C(N[C@H]1CC[C@H](CCN2CCN(c3nsc4ccccc34)CC2)CC1)C1CCCCC1,9.721246399047171,1,0.0,2016,2016,2016,Ki,B,1
AMFZVTYRKIIUHJ-OWWJJEGGSA-N,Cn1ncc(CC(=O)N[C@H]2CC[C@](F)(CCN3CCc4ccc(OCC(F)F)nc4CC3)CC2)n1,9.721246399047171,1,0.0,2023,2023,2023,Ki,B,1
MMNIVLFMZPOKNE-MXVIHJGJSA-N,Cn1ccc2c(C(=O)N[C@H]3CC[C@H](CCN4CCc5nc(OCC(C)(F)F)sc5CC4)CC3)cccc2c1=O,9.721246399047171,1,0.0,2023,2023,2023,Ki,B,1
UKVNVIVEPLGCBQ-JCNLHEQBSA-N,Cn1cc(CC(=O)N[C@H]2CC[C@H](CCN3CCc4nc(OCC(F)F)sc4CC3)CC2)c(F)n1,9.721246399047171,1,0.0,2023,2023,2023,Ki,B,1
MGLROOVVYGGYLB-WKILWMFISA-N,Cn1ncc(CC(=O)N[C@H]2CC[C@H](CCN3CCc4nc(OCC(F)F)sc4CC3)CC2)n1,9.721246399047171,1,0.0,2023,2023,2023,Ki,B,1
LLHCWQNGFVSDKL-SQHAQQRYSA-N,N#Cc1ccc2c(c1)[C@H]1CN(CCCCNC(=O)c3ccc(-c4ccc(N)cc4)cc3)C[C@@H]1CO2,9.700057099977233,1,0.0,1999,1999,1999,Ki,B,1
OKHRWBVXVXXGLN-UHFFFAOYSA-N,CCN(Cc1ccc(C)cc1)Cc1ccc(-c2cc(S(=O)(=O)CC)ccc2OC)[nH]1,9.700057099977233,1,0.0,1997,1997,1997,Ki,B,1
YECOTWMMKZQQAE-UHFFFAOYSA-N,COc1ccccc1N1CCN(CCCCNC(=O)c2ccc(-c3ccc(N)cc3)cc2)CC1,9.700057099977233,1,0.0,1995,1995,1995,Ki,B,1
RISZOHTXHUANFZ-UHFFFAOYSA-N,CCCN(CCCCNC(=O)c1ccc(-c2ccccc2)cc1)C1CCc2c(O)cccc2C1,9.699513552156626,2,0.0007686926997008422,1997,2008,2002,Ki,B,2
IWUPLAFLTUWLMF-GOSISDBHSA-N,Oc1ccc2c(c1)O[C@@H](CN1CCc3ccccc3C1)CC2,9.698970004336019,1,0.0,1997,1997,1997,Ki,B,1
DMVANBWXLUGNDG-UHFFFAOYSA-N,O=C(NCCCCN1CCN(c2cccc(C(F)(F)F)c2)CC1)c1cc2ccccc2[nH]1,9.698970004336019,1,0.0,2014,2014,2014,Ki,B,1
UYSUVIPTEFGQSA-UHFFFAOYSA-N,O=C(NCCCCN1CCN(c2cccc(O)c2)CC1)c1ccc2ccccc2c1,9.698970004336019,1,0.0,2016,2016,2016,Ki,B,1
VUSBFQZSDADXBE-UHFFFAOYSA-N,COc1ccccc1N1CCN(CCCCNC(=O)c2ccc(-c3ccsc3)cc2)CC1,9.698970004336019,1,0.0,2019,2019,2019,Ki,B,1
SWMWIPKNFRXYGJ-UHFFFAOYSA-N,CCc1cccc(N2CCN(CCC(O)CNC(=O)c3cc4ccccc4[nH]3)CC2)c1Cl,9.698970004336019,1,0.0,2016,2016,2016,Ki,B,1
YNYDYHAGYPXNNN-SAABIXHNSA-N,Cn1cc(CC(=O)N[C@H]2CC[C@H](CCN3CCc4nc(OCC(F)(F)F)sc4CC3)CC2)cn1,9.698970004336019,2,0.0,2020,2022,2021,Ki,B,2
RVWPDWZOIDVHIU-LSDHHAIUSA-N,COc1cc(CC(=O)N[C@H]2CC[C@H](CCN3CCc4nc(OCC(F)(F)F)sc4CC3)OC2)on1,9.698970004336019,2,0.0,2020,2022,2021,Ki,B,2
CHOIZZRTZYWAEG-QAQDUYKDSA-N,Cn1cc2c(C(=O)N[C@H]3CC[C@H](CCN4CCc5sc(OCC(C)(F)F)nc5C4)CC3)ccc(F)c2n1,9.698970004336019,2,0.0,2020,2022,2021,Ki,B,2
ZYDBRNKSTBPXRH-QAQDUYKDSA-N,Cc1ncc(CC(=O)N[C@H]2CC[C@H](CCN3CCc4sc(CCC(F)(F)F)nc4C3)CC2)o1,9.698970004336019,2,0.0,2020,2022,2021,Ki,B,2
NIBPDBNUZFUPIR-IYARVYRRSA-N,Cn1cc2c(C(=O)N[C@H]3CC[C@H](CCN4CCc5nc(OCC(F)F)sc5CC4)CC3)cccc2n1,9.698970004336019,1,0.0,2020,2020,2020,Ki,B,1
RRJQXEPYGACJSE-JKIUYZKVSA-N,Cn1cc2c(CC(=O)N[C@H]3CC[C@H](CCN4CCc5ccc(OCC(F)F)nc5CC4)CC3)cccc2n1,9.698970004336019,1,0.0,2022,2022,2022,Ki,B,1
CHFNGKXNJCPICF-KESTWPANSA-N,Cn1cc2c(CC(=O)N[C@H]3CC[C@H](CCN4CCc5nc(OCC(F)(F)F)sc5CC4)CC3)cccc2n1,9.698970004336019,1,0.0,2022,2022,2022,Ki,B,1
HXYOWUYUMZFBLT-IYARVYRRSA-N,Cc1ncc(CC(=O)N[C@H]2CC[C@H](CCN3CCN(c4nocc4C(C)(F)F)CC3)CC2)s1,9.698970004336019,1,0.0,2022,2022,2022,Ki,B,1
OAQYNXQHFCWRFX-NUDCOPPTSA-N,Cc1ncc(OCC(=O)N[C@H]2CC[C@H](CCN3C[C@@H]4C[C@]4(c4cc(C(C)(F)F)on4)C3)CC2)cn1,9.698970004336019,1,0.0,2022,2022,2022,Ki,B,1
RDWUPEKDNFAEMT-GRXNBEMRSA-N,Cn1cc2c(C(=O)N[C@H]3CC[C@H](CCN4CC5CC5(c5cc(C6CC6)on5)C4)CC3)cccc2n1,9.698970004336019,1,0.0,2022,2022,2022,Ki,B,1
IDWJNGMFAPCILL-IYARVYRRSA-N,CN1Cc2c(C(=O)N[C@H]3CC[C@H](CCN4CCc5sc(OC6CC(F)(F)C6)nc5C4)CC3)cccc2C1=O,9.698970004336019,1,0.0,2023,2023,2023,Ki,B,1
CYHOPBNLDJUVAX-OWWJJEGGSA-N,Cc1nc(CC(=O)N[C@H]2CC[C@](F)(CCN3CCc4ccc(OCC(F)F)nc4CC3)CC2)no1,9.698970004336019,1,0.0,2023,2023,2023,Ki,B,1
OWLVWXYRTGDNMM-IYARVYRRSA-N,Cc1cc(OCC(=O)N[C@H]2CC[C@H](CCN3CCc4nc(OCC(C)(F)F)sc4CC3)CC2)no1,9.698970004336019,1,0.0,2023,2023,2023,Ki,B,1
VNNNOJMMKZKFEA-UHFFFAOYSA-N,Cn1cc2c(C(=O)NN3CCC(CCN4CCc5sc(OCC(F)(F)F)nc5C4)CC3)ccc(F)c2n1,9.698970004336019,1,0.0,2023,2023,2023,Ki,B,1
ZEUBNARLFXEIJD-UHFFFAOYSA-N,Cc1nnc(CC(=O)NC23CCC(CCN4CCc5nc(OCC(F)(F)F)sc5CC4)(CC2)CC3)o1,9.698970004336019,1,0.0,2023,2023,2023,Ki,B,1
HMTJKRFRBLRBNL-BVAGGSTKSA-N,CC(=O)c1ccc(-c2nnc(SCCCN3CC[C@]4(C[C@@H]4c4ccc(C(F)(F)F)cc4)C3)n2C)cc1,9.680061560019691,1,0.0,2016,2016,2016,Ki,B,1
VGOAURMKLDUSEO-UHFFFAOYSA-N,COc1cccc(C(=O)NC2CC3CCCC(C2)N3Cc2ccc(F)cc2)c1OC,9.67778070526608,1,0.0,1993,1993,1993,Ki,B,1
JCSREICEMHWFAY-UHFFFAOYSA-N,CCCN1CCOC2c3cc(O)ccc3CCC21,9.67778070526608,1,0.0,2002,2002,2002,Ki,B,1
OVKBSFKFSBQCLW-LJAQVGFWSA-N,CCCCn1cc(CCCOc2ccc(C(=O)NCCCCN(CCC)[C@H]3CCc4c(O)cccc4C3)cc2OC)nn1,9.67778070526608,1,0.0,2015,2015,2015,Ki,B,1
LBNGJZBDUWZGLH-UAPYVXQJSA-N,O=C(N[C@H]1CC[C@H](CCN2CCN(c3nsc4ccccc34)CC2)CC1)C1CC1,9.67778070526608,1,0.0,2016,2016,2016,Ki,B,1
WMQLLTKSISGWHQ-WKILWMFISA-N,CNC(=O)N[C@H]1CC[C@H](CCN2CCN(c3cccc(Cl)c3Cl)CC2)CC1,9.67778070526608,1,0.0,2023,2023,2023,Ki,B,1
IWYJMDHFHLLTOE-WGSAOQKQSA-N,Cn1cc2c(C(=O)N[C@H]3CC[C@H](CCN4CCN(c5nocc5C(C)(F)F)CC4)CC3)cccc2n1,9.67778070526608,1,0.0,2022,2022,2022,Ki,B,1
CLRYURPPBOMVCN-KESTWPANSA-N,COc1cc(CC(=O)N[C@H]2CC[C@H](CCN3CCc4ccc(CCC(F)(F)F)nc4CC3)CC2)on1,9.67778070526608,1,0.0,2023,2023,2023,Ki,B,1
OXEBBPWCOUTLBS-XUTJKUGGSA-N,Cc1nc(CC(=O)N[C@H]2CC[C@H](CCN3CCc4ccc(CCC(F)(F)F)nc4CC3)CC2)nn1C,9.67778070526608,1,0.0,2023,2023,2023,Ki,B,1
WONAHXSYCVEMFZ-JCNLHEQBSA-N,Cn1ncc(CC(=O)N[C@H]2CC[C@H](CCN3CCc4nc(OCC(F)F)sc4CC3)CC2)c1F,9.67778070526608,1,0.0,2023,2023,2023,Ki,B,1
QAECXZXKVURFMR-LBPRGKRZSA-N,CCN1CCC[C@H]1CNC(=O)c1cc(Br)cc(OC)c1OC,9.657577319177793,1,0.0,2008,2008,2008,Ki,B,1
IOKDDLUMOKQUEG-WGSAOQKQSA-N,CCCS(=O)(=O)N[C@H]1CC[C@H](CCN2CCN(c3nsc4ccccc34)CC2)CC1,9.657577319177793,1,0.0,2016,2016,2016,Ki,B,1
XSHRDEIBCLNUGC-MIRVZWSXSA-N,Cc1ncc(CC(=O)N[C@H]2CC[C@](F)(CCN3CCc4nc(OCC(F)(F)F)sc4CC3)CC2)o1,9.657577319177793,2,0.0,2020,2022,2021,Ki,B,2
VVODYFOWICQKRF-XYWHTSSQSA-N,Cn1cc2c(C(=O)N[C@H]3CC[C@H](CCN4CCC(c5nocc5C(F)(F)C5CC5)CC4)CC3)cccc2n1,9.657577319177793,1,0.0,2022,2022,2022,Ki,B,1
QFFHKTGTQLEPSD-SMQSCJQKSA-N,Cn1cc(OCC(=O)N[C@H]2CC[C@](F)(CCN3CCc4nc(OCC(C)(F)F)sc4CC3)CC2)cn1,9.657577319177793,1,0.0,2023,2023,2023,Ki,B,1
PTBUPSWCTVUVPR-AFARHQOCSA-N,Cn1cc2c(C(=O)N[C@H]3CC[C@H](CCN4CCc5ccc(OC6CCC6)nc5CC4)CC3)cccc2n1,9.657577319177793,1,0.0,2023,2023,2023,Ki,B,1
AASBFJIEFSDMGW-VHPWLNBFSA-N,COC(CN1CCc2sc(OCC(F)(F)F)nc2C1)[C@H]1CC[C@H](NC(=O)c2cccc3nn(C)cc23)CC1,9.657577319177793,1,0.0,2023,2023,2023,Ki,B,1
GHTMTRPUXJGASR-XYWHTSSQSA-N,Cn1cc(CC(=O)N[C@H]2CC[C@H](CCN3CCc4ccc(CCC(F)(F)F)nc4CC3)CC2)cn1,9.657577319177793,1,0.0,2023,2023,2023,Ki,B,1
JPNVWOLGTXJVFQ-XUTJKUGGSA-N,Cn1c(C(=O)N[C@H]2CC[C@H](CCN3CCc4ccc(CCC(F)(F)F)nc4CC3)CC2)cccc1=O,9.657577319177793,1,0.0,2023,2023,2023,Ki,B,1
AENHFZZMNBETCL-UHFFFAOYSA-N,Cn1c(SCCCN2CC3CCN(c4cccc(C(F)(F)F)c4)C3C2)nnc1-c1cnccn1,9.649751981665837,3,0.029043673598700484,2016,2020,2019,Ki,B,3
KFMBPIZMZUDONQ-UHFFFAOYSA-N,COc1ccccc1N1CCN(CCCCNC(=O)c2cc3ccccc3s2)CC1,9.638272163982407,7,0.0874616207476595,2002,2010,2009,EC50;IC50;Ki,B;F,5
OTFGIKBDQRIECS-UHFFFAOYSA-N,COc1ccccc1N1CCN(CCCCNC(=O)c2ccc(COCCOCCOCCOCCOCCOCc3ccc(C(=O)NCCCCN4CCN(c5ccccc5OC)CC4)cc3)cc2)CC1,9.638272163982407,1,0.0,2012,2012,2012,Ki,B,1
KYGUWADEZNRGLX-IYARVYRRSA-N,CN1Cc2c(C(=O)N[C@H]3CC[C@H](CCN4CCc5sc(CCC(F)(F)F)nc5C4)CC3)cccc2C1=O,9.638272163982407,2,0.0,2020,2022,2021,Ki,B,2
LSQJPMUMQFFZON-LYXWCMDISA-N,CCc1cc([C@]23C[C@H]2CN(CC[C@H]2CC[C@H](NC(=O)Cc4cc(C)no4)CC2)C3)no1,9.638272163982407,1,0.0,2022,2022,2022,Ki,B,1
UZWFPAGPMDHLOW-IHRKKFBRSA-N,Cn1cc(CC(=O)N[C@H]2CC[C@](F)(CCN3CCc4ccc(OCC(F)F)nc4CC3)CC2)cn1,9.638272163982407,1,0.0,2023,2023,2023,Ki,B,1
IOMZYSDKSLXMQC-XUTJKUGGSA-N,Cc1ncc(CC(=O)N[C@H]2CC[C@H](CCN3CCc4ccc(CCC(F)(F)F)nc4CC3)CC2)o1,9.638272163982407,1,0.0,2023,2023,2023,Ki,B,1
CAIGDBOMRARVPM-MIRVZWSXSA-N,Cc1nc(CC(=O)N[C@H]2CC[C@](F)(CCN3CCc4nc(OCC(F)(F)F)sc4CC3)CC2)nn1C,9.638272163982407,1,0.0,2023,2023,2023,Ki,B,1
USLVOMPDACWTJR-UHFFFAOYSA-N,Cn1cc2c(C(=O)NC34CCC(CCN5CCc6nc(OCC(F)(F)F)sc6CC5)(CC3)OC4)cccc2n1,9.638272163982407,1,0.0,2023,2023,2023,Ki,B,1
BZDRSIBAGZRBSC-UHFFFAOYSA-N,Cc1cnc(CC(=O)NC23CCC(CCN4CCc5ccc(OCC(C)(F)F)nc5CC4)(CC2)CC3)o1,9.638272163982407,1,0.0,2023,2023,2023,Ki,B,1
ZGFFHDZTIIMMPT-BZSNNMDCSA-N,C[C@H](Oc1nc2c(s1)CCN(CC[C@H]1CC[C@H](NC(=O)c3cccc(=O)n3C)CC1)CC2)C(F)(F)F,9.638272163982407,1,0.0,2023,2023,2023,Ki,B,1
UXVSPCRUHCDGHS-UHFFFAOYSA-N,O=C(NCCC(O)CN1CCN(c2cccc(Cl)c2Cl)CC1)c1ccc2c(c1)-c1ccccc1C2,9.63264407897398,1,0.0,2015,2015,2015,Ki,B,1
OVRYUDOMQFGLII-NRFANRHFSA-N,C#CC1=CC[C@H](N(CCC)CCCCNC(=O)c2cc3ccccc3s2)CC1,9.619788758288394,1,0.0,2013,2013,2013,Ki,B,1
SVQJCNSOIUXANV-IYARVYRRSA-N,O=C(N[C@H]1CC[C@H](CCN2CCN(c3nsc4cc([N+](=O)[O-])ccc34)CC2)CC1)c1ccco1,9.619788758288394,1,0.0,2016,2016,2016,Ki,B,1
XOUPKGAJLSOMOY-WGSAOQKQSA-N,Cn1cc2c(C(=O)N[C@H]3CC[C@H](CCN4CCc5nc(OC6CC(F)(F)C6)sc5CC4)CC3)cccc2n1,9.619788758288394,2,0.0,2020,2022,2021,Ki,B,2
FVQPLTGWKDOVQS-IYARVYRRSA-N,Cn1cc2c(C(=O)N[C@H]3CC[C@H](CCN4CCc5sc(OCC(C)(F)F)nc5C4)CC3)cccc2n1,9.619788758288394,2,0.0,2020,2022,2021,Ki,B,2
DEJLBFQQDJSQMU-XUTJKUGGSA-N,Cc1ncc(CC(=O)N[C@H]2CC[C@H](CCN3CCc4ccc(CCC(F)(F)F)nc4CC3)CC2)s1,9.619788758288394,1,0.0,2020,2020,2020,Ki,B,1
OGRYOYIDGBUEFL-XUTJKUGGSA-N,Cc1nc(CC(=O)N[C@H]2CC[C@H](CCN3CCc4ccc(CCC(F)(F)F)nc4CC3)CC2)cs1,9.619788758288394,1,0.0,2022,2022,2022,Ki,B,1
BXKFXOACSNDHEK-QYBDOPJKSA-N,Cn1cc2c(C(=O)NN3CCC(CCN4C[C@@H]5C[C@]5(c5cc(C(C)(F)F)on5)C4)CC3)cccc2n1,9.619788758288394,1,0.0,2022,2022,2022,Ki,B,1
DHAAPGIEGBCWTO-IYARVYRRSA-N,Cn1c(C(=O)N[C@H]2CC[C@H](CCN3CCc4nc(OCC(C)(F)F)sc4CC3)CC2)cccc1=O,9.619788758288394,1,0.0,2023,2023,2023,Ki,B,1
OSFGBHRMZGLGDA-WKILWMFISA-N,Cn1c(C(=O)N[C@H]2CC[C@H](CCN3CCc4nc(OCC(F)(F)F)sc4CC3)CC2)ccc(F)c1=O,9.619788758288394,1,0.0,2023,2023,2023,Ki,B,1
RDRRNTYOUDJHNF-UHFFFAOYSA-N,O=C(NCCCCN1CCN(c2cccc3ccccc23)CC1)c1cc2ccccc2o1,9.61261017366127,1,0.0,2015,2015,2015,Ki,B,1
NOUYXTFEXJHBRE-UHFFFAOYSA-N,O=C(NCCCCN1CCN(c2cccc(Cl)c2Cl)CC1)c1cn2ccccc2n1,9.610924374808178,4,1.3435951406245998,2014,2014,2014,IC50;Ki,B;F,1
POFDQHAFICYDAQ-UHFFFAOYSA-N,COc1ccccc1N1CCN(CCCCNC(=O)c2cc3cc(Br)ccc3[nH]2)CC1,9.609948503541013,1,0.0,2007,2007,2007,Ki,B,1
DGRHJZMAQQIHDX-BWKNWUBXSA-N,Cn1c(SCCCN2CC[C@]3(C[C@@H]3c3ccc(C(F)(F)F)cc3)C2)nnc1-c1ccc(C(N)=O)cc1,9.605010566060262,2,0.2757153128397663,2016,2016,2016,Ki,B;F,1
KLFRUTOTKKRLHR-UHFFFAOYSA-N,CCCN(CCN1CCN(c2ccc(-c3ccccc3)cc2)CC1)C1CCc2c(O)cccc2C1,9.602059991327963,1,0.0,2010,2010,2010,EC50,F,1
IPRYGZPENCDGPQ-UHFFFAOYSA-N,Cc1nc(C)c(-c2nnc(SCCCN3CCC4(c5ccc(C(F)(F)F)cc5)CC34)n2C)s1,9.602059991327963,1,0.0,2011,2011,2011,Ki,B,1
HCQPBJDAJVESML-UHFFFAOYSA-N,N#Cc1ccccc1N1CCN(CCCCNC(=O)c2ccc(-c3ccsc3)cc2)CC1,9.602059991327963,1,0.0,2019,2019,2019,Ki,B,1
DCVYADGMMVMIBW-VQTJNVASSA-N,Cc1ncc(CC(=O)N[C@H]2CC[C@H](CCN3CCc4cc(C)c(OCC(F)F)nc4CC3)OC2)s1,9.602059991327963,1,0.0,2020,2020,2020,Ki,B,1
ANUOVSVJABNEPR-AQYVVDRMSA-N,Cn1cc2c(C(=O)N[C@H]3CC[C@H](CCN4CCc5ccc(OC6CC(F)(F)C6)nc5CC4)CC3)cccc2n1,9.602059991327963,2,0.0,2020,2022,2021,Ki,B,2
NWCJFZMQGGIAAN-GGYDESQDSA-N,Cc1nc(CC(=O)N[C@H]2CC[C@](F)(CCN3CCc4nc(OCC(F)(F)F)sc4CC3)CC2)no1,9.602059991327963,2,0.0,2020,2022,2021,Ki,B,2
XFNMWPWYPXOJNL-SHTZXODSSA-N,O=C(CCC(F)(F)F)N[C@H]1CC[C@H](CCN2CCc3sc(N4CC(F)(F)C4)nc3C2)CC1,9.602059991327963,2,0.0,2020,2022,2021,Ki,B,2
YHFJWUFDUIOAOW-XUTJKUGGSA-N,Cc1ncc(CC(=O)N[C@H]2CC[C@H](CCN3CCc4cc(C)c(OCC(F)F)nc4CC3)CC2)s1,9.602059991327963,1,0.0,2022,2022,2022,Ki,B,1
RKDURTQUESFRCI-NUDCOPPTSA-N,Cc1ncccc1C(=O)N[C@H]1CC[C@H](CCN2C[C@@H]3C[C@]3(c3cc(C(C)(F)F)on3)C2)CC1,9.602059991327963,1,0.0,2022,2022,2022,Ki,B,1
POAVMWZFLHERGE-KJDSRRNHSA-N,Cc1cc(OCC(=O)N[C@H]2CC[C@](F)(CCN3CCc4ccc(OCC(F)F)nc4CC3)CC2)no1,9.602059991327963,1,0.0,2023,2023,2023,Ki,B,1
BYVRVQNZFICZEB-OAQYLSRUSA-N,CCCN(CCCCN1C(=O)CC2(CCCC2)CC1=O)[C@@H]1CCc2c(F)cccc2C1,9.600326278518962,1,0.0,1996,1996,1996,Ki,B,1
DFUHQLOJRVHHKU-UHFFFAOYSA-N,CCN(Cc1ccc(OC)cc1)Cc1ccc(-c2cc(S(=O)(=O)CC)ccc2OC)[nH]1,9.599980364934842,1,0.0,1997,1997,1997,Ki,B,1
AZHWBKISPLORGA-UHFFFAOYSA-N,COc1ccccc1N1CCN(CCCCNC(=O)c2cc3ccc(C#N)cc3[nH]2)CC1,9.599980364934842,1,0.0,2007,2007,2007,Ki,B,1
AREYZFZATPKFNP-UHFFFAOYSA-N,O=C1N(CC2CCCCN2)CCN1c1cccc(C(F)(F)F)c1,9.599980364934842,1,0.0,2010,2010,2010,Ki,F,1
AWJOAMPQOUEKCN-KDYSTLNUSA-N,Cc1ccc2c(-c3nnc(SCCCN4C[C@@H]5C[C@]5(c5ccc(C(F)(F)F)cc5)C4)n3C)cccc2n1,9.599980364934842,1,0.0,2010,2010,2010,Ki,F,1
ODIJMXCJWMOZFJ-PGRDOPGGSA-N,Cc1nc(C)c(-c2nnc(SCCCN3C[C@@H]4C[C@]4(c4ccc(C(F)(F)F)cc4)C3)n2C)s1,9.599980364934842,1,0.0,2010,2010,2010,Ki,F,1
ZZJYIKPMDIWRSN-HWBMXIPRSA-N,CC(C)(C)[C@]1(O)CCN2C[C@H]3c4ccccc4CCc4cccc(c43)[C@@H]2C1,9.596910013008056,4,1.2443233446976814,2014,2023,2015,IC50;Ki,B;F,4
NMEPMLDUQJFQOK-KCWPFWIISA-N,Cn1c(SCCCN2CC[C@]3(C[C@@H]3c3ccc(C(F)(F)F)cc3)C2)nnc1-c1cccc(-c2ncco2)c1,9.589951181551015,2,0.21210011621192756,2016,2016,2016,Ki,B;F,1
TVENMNGVXOQXLP-UHFFFAOYSA-N,O=C(NCC(O)CCN1CCN(c2cccc(Cl)c2Cl)CC1)c1cc2ccccc2[nH]1,9.585026652029182,4,0.9974798876802381,2009,2014,2011,IC50;Ki,B;F,2
CPWJJWMVFFZCGJ-IBGZPJMESA-N,CCCN(CCN1CCN(C(=O)c2cc3ccccc3[nH]2)CC1)[C@H]1CCc2nc(N)sc2C1,9.585026652029182,1,0.0,2012,2012,2012,EC50,F,1
CPWJJWMVFFZCGJ-UHFFFAOYSA-N,CCCN(CCN1CCN(C(=O)c2cc3ccccc3[nH]2)CC1)C1CCc2nc(N)sc2C1,9.585026652029182,1,0.0,2013,2013,2013,EC50,F,1
UMTWXZNVNBBFLC-SHTZXODSSA-N,NC(=O)N[C@H]1CC[C@H](CCN2CCN(c3cccc(Cl)c3Cl)CC2)CC1,9.585026652029182,1,0.0,2023,2023,2023,Ki,B,1
GZSFYWPBBDGROV-SMQSCJQKSA-N,Cc1cnc(CC(=O)N[C@H]2CC[C@](F)(CCN3CCc4nc(OCC(C)(F)F)sc4CC3)CC2)o1,9.585026652029182,1,0.0,2023,2023,2023,Ki,B,1
LMTZTESHSHMVNE-ZWKOTPCHSA-N,Cc1c(F)cccc1C(=O)N[C@H]1CC[C@H](CCN2CCc3nc(OCC(C)(F)F)sc3CC2)OC1,9.585026652029182,1,0.0,2023,2023,2023,Ki,B,1
SEEYDRHSWVYCLV-OFUUFJSKSA-N,CC[C@@H](C)Oc1ccc2c(n1)CCN(CC[C@]1(F)CC[C@@H](NC(=O)Cc3nnc(C)s3)CC1)CC2,9.585026652029182,1,0.0,2023,2023,2023,Ki,B,1
WWGZVJLTFFUDLI-UAPYVXQJSA-N,O=C(N[C@H]1CC[C@H](CCN2CCc3ccc(OCC(F)F)nc3CC2)CC1)c1cccnc1C(F)F,9.585026652029182,1,0.0,2023,2023,2023,Ki,B,1
ITIATPRLDJMYTO-RDGATRHJSA-N,Cn1c(SCCCN2CC[C@]3(C[C@@H]3c3ccc(C(F)(F)F)cc3)C2)nnc1-c1ccc(C#N)cc1,9.580044251510243,1,0.0,2016,2016,2016,Ki,B,1
QHJLPOSPWKZACG-UHFFFAOYSA-N,CN1CN(c2ccccc2)C2(CCN(CCCC(=O)c3ccc(F)cc3)CC2)C1=O,9.576754126063193,1,0.0,2014,2014,2014,Ki,B,1
UPKZNVQHJZHSGN-UHFFFAOYSA-N,O=C(NCCCCN1CCN(c2cccc(Cl)c2)CC1)c1cc2ccccc2cn1,9.568636235841012,1,0.0,2009,2009,2009,Ki,B,1
OLFPBASVCZUWSQ-UHFFFAOYSA-N,COc1ccc2c(c1)CCCN(CCCCN1CCN(c3ccccc3OC)CC1)C2=O,9.568636235841012,1,0.0,2011,2011,2011,Ki,B,1
KPWSJANDNDDRMB-QAQDUYKDSA-N,CN(C)C(=O)N[C@H]1CC[C@H](CCN2CCN(c3cccc(Cl)c3Cl)CC2)CC1,9.568636235841012,17,0.6610437268831096,2012,2024,2021,EC50;IC50;Ki,B;F,10
MZBZALUTJALVLT-WKILWMFISA-N,O=C(N[C@H]1CC[C@H](CCN2CCN(c3nsc4ccccc34)CC2)CC1)C(F)(F)F,9.568636235841012,1,0.0,2016,2016,2016,Ki,B,1
OSXORBBNIVOHKD-QAQDUYKDSA-N,Cc1nnc(CC(=O)N[C@H]2CC[C@H](CCN3CCc4nc(OC5CC(F)(F)C5)sc4CC3)CC2)o1,9.568636235841012,1,0.0,2023,2023,2023,Ki,B,1
SIOPVRAJJRRPHX-XDPCMZJYSA-N,Cc1ncc(/C=C/C(=O)N[C@H]2CC[C@](F)(CCN3CCc4nc(OCC(F)(F)F)sc4CC3)CC2)cn1,9.568636235841012,1,0.0,2023,2023,2023,Ki,B,1
DRHKJLXJIQTDTD-OAHLLOKOSA-N,CCOc1ccccc1OCCN[C@H](C)Cc1ccc(OC)c(S(N)(=O)=O)c1,9.55284196865778,1,0.0,2000,2000,2000,Ki,B,1
IUKPIALDWLVDKD-KOAQGZTJSA-N,Cc1ncc(CC(=O)N[C@H]2CC[C@H](CCN3C[C@@H]4C[C@]4(c4cc(C(C)(F)F)on4)C3)CC2)o1,9.55284196865778,1,0.0,2022,2022,2022,Ki,B,1
UFMVMASXCZSNCW-XUTJKUGGSA-N,Cc1ncccc1C(=O)N[C@H]1CC[C@H](CCN2CCc3ccc(OCC(F)F)nc3CC2)CC1,9.55284196865778,1,0.0,2023,2023,2023,Ki,B,1
CHGQHUPEIRRCOX-MIRVZWSXSA-N,Cn1ncc(CC(=O)N[C@H]2CC[C@](F)(CCN3CCc4nc(OCC(F)(F)F)sc4CC3)CC2)c1F,9.55284196865778,1,0.0,2023,2023,2023,Ki,B,1
GKYCMCAEMPRKBH-UHFFFAOYSA-N,O=C(NCCCCN1CCN(c2ccccc2Cl)CC1)c1ccc(-c2ccccc2)cc1,9.551450489942221,2,0.001967848071297821,2007,2007,2007,Ki,B,1
IJKCMXOYXRJELY-ZDUSSCGKSA-N,CCCN1CCC[C@H]1CNC(=O)c1c(O)c(CC)cc(Cl)c1OC,9.55129368009492,1,0.0,2021,2021,2021,Ki,B,1
OXVZLPIGSCONSD-UHFFFAOYSA-N,COc1ccccc1N1CCN(CCCCN2CCCc3cc(-c4cccs4)ccc3C2=O)CC1,9.537602002101044,1,0.0,2011,2011,2011,Ki,B,1
FEBOTPHFXYHVPL-UHFFFAOYSA-N,O=C(CCCN1CCC(n2c(=O)[nH]c3ccccc32)CC1)c1ccc(F)cc1,9.537602002101044,1,0.0,2016,2016,2016,Ki,B,1
OIRZLTZLOKARTG-HXUWFJFHSA-N,CCc1cccc(N2CCN(C[C@H](O)CCNC(=O)c3cc4ccccc4[nH]3)CC2)c1Cl,9.537602002101044,4,0.9175767585413871,2019,2022,2020,IC50;Ki,B,2
BNSLCCULUHMZBQ-KESTWPANSA-N,CCc1cccc(N2CCN(CC[C@H]3CC[C@H](NC(=O)N(C)C)CC3)CC2)c1Cl,9.537602002101044,1,0.0,2023,2023,2023,Ki,B,1
DRDNXPOWBJOJRJ-RZFKFIIISA-N,CCc1cccc(N2CCN(CC[C@H]3CC[C@H](NC(=O)N4CCc5ncccc5C4)CC3)CC2)c1Cl,9.537602002101044,1,0.0,2023,2023,2023,Ki,B,1
IWOSLDUAAMOOBE-IYARVYRRSA-N,Cn1cc2c(C(=O)N[C@H]3CC[C@H](CCN4CCc5sc(N6CC(F)(F)C6)nc5C4)CC3)cccc2n1,9.537602002101044,2,0.0,2020,2022,2021,Ki,B,2
AFUKYYCEJQNSBL-IYARVYRRSA-N,Cn1cc2c(C(=O)N[C@H]3CC[C@H](CCN4CCc5sc(CCC(F)(F)F)nc5C4)CC3)cccc2n1,9.537602002101044,2,0.0,2020,2022,2021,Ki,B,2
YOAZLAJFKSOXOC-PAVFIEEWSA-N,Cc1nnc(CC(=O)N[C@H]2CC[C@](F)(CCN3CCc4nc(OCC(C)(F)F)sc4CC3)CC2)s1,9.537602002101044,1,0.0,2023,2023,2023,Ki,B,1
CPYQIOWHIBJHPE-KESTWPANSA-N,Cc1nnc(CC(=O)N[C@H]2CC[C@H](CCN3CCc4ccc(CCC(F)(F)F)nc4CC3)CC2)s1,9.537602002101044,1,0.0,2023,2023,2023,Ki,B,1
YJBVDNFZPGPMBN-MIRVZWSXSA-N,Cn1cc(CC(=O)N[C@H]2CC[C@](F)(CCN3CCc4nc(OCC(F)(F)F)sc4CC3)CC2)c(F)n1,9.537602002101044,1,0.0,2023,2023,2023,Ki,B,1
WJCGSXAVQDDUOT-UHFFFAOYSA-N,O=C(NC12CCC(CCN3CCc4nc(OCC(F)(F)F)sc4CC3)(CC1)CC2)c1cccnc1C(F)F,9.537602002101044,1,0.0,2023,2023,2023,Ki,B,1
IDZASIQMRGPBCQ-UHFFFAOYSA-N,CCCCN1CCCC1CNC(=O)c1cc(C#N)c2ccccc2c1OC,9.525061147981562,2,0.6131268690885814,2003,2004,2003,Ki,B,2
DEHCRGUCEKMKFX-OWOJBTEDSA-N,O=C(NC/C=C/CN1CCN(c2cccc(Cl)c2Cl)CC1)c1ccc(-c2ncc[nH]2)cc1,9.522878745280337,1,0.0,2005,2005,2005,Ki,B,1
XCARDCCUPWWHMP-UHFFFAOYSA-N,O=C(NCCCCN1CCC(N(Cc2ccccc2)c2ccccc2)CC1)c1ccc2ccccc2c1,9.522878745280337,1,0.0,2007,2007,2007,Ki,B,1
AMKQYZPSQCPQGB-UHFFFAOYSA-N,COc1ccccc1N1CCN(CCCCNC(=O)c2ccc(COCCOCCOCCOCCOCCOCCOCCOCCOCc3ccc(C(=O)NCCCCN4CCN(c5ccccc5OC)CC4)cc3)cc2)CC1,9.522878745280337,1,0.0,2012,2012,2012,Ki,B,1
PECNNRFECBMDBM-UHFFFAOYSA-N,O=C(NCCCCN1CCN(c2ccccc2F)CC1)c1cc2ccccc2o1,9.522878745280337,1,0.0,2014,2014,2014,Ki,B,1
WDIQJDYEIWJBCZ-LUBYNABHSA-N,Cn1cc2c(C(=O)N[C@H]3CC[C@H](CCN4C[C@@H]5C[C@]5(c5cc(C(C)(F)F)on5)C4)CC3)cccc2n1,9.522878745280337,1,0.0,2022,2022,2022,Ki,B,1
XEGOZLJTQYIDPV-IZUATPNUSA-N,CCc1cc([C@]23C[C@H]2CN(CC[C@H]2CC[C@H](NC(=O)/C=C/c4cnc(C)nc4)CC2)C3)no1,9.522878745280337,1,0.0,2022,2022,2022,Ki,B,1
MPKOEBIUVHSEOH-ZVWHWTBFSA-N,Cc1ncc(OCC(=O)N[C@H]2CC[C@](F)(CCN3CCc4ccc(OCC(F)F)nc4CC3)CC2)cn1,9.522878745280337,1,0.0,2023,2023,2023,Ki,B,1
OWSJXULEJAVZGP-DLBZAZTESA-N,Cc1ncc(CC(=O)N[C@H]2CC[C@H](CCN3CCc4nc(OCC(C)(F)F)sc4CC3)OC2)s1,9.522878745280337,1,0.0,2023,2023,2023,Ki,B,1
YEUOAQOPSABWMD-KESTWPANSA-N,Cc1cc(CC(=O)N[C@H]2CC[C@H](CCN3CCc4ccc(OCC(F)F)nc4CC3)CC2)no1,9.522878745280337,1,0.0,2023,2023,2023,Ki,B,1
ZBTNZGPMSDHVKB-UAPYVXQJSA-N,Cn1cc(CC(=O)N[C@H]2CC[C@H](CCN3CCc4nc(OCCC(F)(F)F)sc4CC3)CC2)cn1,9.522878745280337,1,0.0,2023,2023,2023,Ki,B,1
BSHSURCBEXYRBE-UAPYVXQJSA-N,Cc1ncc(CC(=O)N[C@H]2CC[C@H](CCN3CCc4nc(OCC(F)F)sc4CC3)CC2)cn1,9.522878745280337,1,0.0,2023,2023,2023,Ki,B,1
JSGNRGPOORCANZ-SDNWHVSQSA-N,CCCN(CCCCNC(=O)/C=C/c1ccc(F)cc1)C1Cc2ccccc2C1,9.508638306165727,1,0.0,2015,2015,2015,Ki,B,1
XEJNCXFNKSUHHY-UHFFFAOYSA-N,Clc1cccc(N2CCN(CCCCc3cn(-c4ccn5nccc5c4)nn3)CC2)c1Cl,9.508638306165727,1,0.0,2015,2015,2015,Ki,B,1
LCZMXKRXXCYHBB-WGSAOQKQSA-N,O=C(N[C@H]1CC[C@H](CCN2CCN(c3nsc4ccccc34)CC2)CC1)c1ccc[nH]1,9.508638306165727,1,0.0,2016,2016,2016,Ki,B,1
DSNSWHGDQTZOTM-IYARVYRRSA-N,COCC(=O)N[C@H]1CC[C@H](CCN2CCN(c3nsc4ccccc34)CC2)CC1,9.508638306165727,1,0.0,2016,2016,2016,Ki,B,1
ASYRWYXXPRLTPR-UHFFFAOYSA-N,O=C(NCCCCN1CCN(c2ccccc2OCCF)CC1)c1cc2ccccn2n1,9.508638306165727,1,0.0,2017,2017,2017,Ki,B,1
ASYRWYXXPRLTPR-FNNGWQQSSA-N,O=C(NCCCCN1CCN(c2ccccc2OCC[18F])CC1)c1cc2ccccn2n1,9.508638306165727,1,0.0,2017,2017,2017,Ki,B,1
YDOILAGGRVCPSJ-VJMAFPLCSA-N,O=C(N[C@H]1CC[C@H](CCN2CCN(c3cccc(Cl)c3Cl)CC2)CC1)C1=CC2C=CC=CC2N1,9.508638306165727,1,0.0,2023,2023,2023,Ki,B,1
WDJJKEWRFILELR-WKILWMFISA-N,CC(C)C(=O)N[C@H]1CC[C@H](CCN2CCc3nc(OCC(F)(F)F)sc3CC2)CC1,9.508638306165727,2,0.0,2020,2022,2021,Ki,B,2
BSWZSZOYSSLNOY-IHRKKFBRSA-N,Cc1ncc(OCC(=O)N[C@H]2CC[C@](F)(CCN3CCc4ccc(OCC(F)(F)F)nc4CC3)CC2)cn1,9.508638306165727,2,0.0,2020,2022,2021,Ki,B,2
DQWJWRGJUJYEGP-QAQDUYKDSA-N,CC(F)(F)COc1nc2c(s1)CCN(CC[C@H]1CC[C@H](NC(=O)c3cccnc3C(F)F)CC1)CC2,9.508638306165727,1,0.0,2023,2023,2023,Ki,B,1
ZNDQQIIBZBVUEP-QAQDUYKDSA-N,O=C(N[C@H]1CC[C@H](CCN2CCc3nc(OC4CC(F)(F)C4)sc3CC2)CC1)c1cccnc1C(F)F,9.508638306165727,1,0.0,2023,2023,2023,Ki,B,1
CTRVTEOXKBMCKO-QPPBQGQZSA-N,Cn1c(SCCCN2CC[C@]3(C[C@@H]3c3ccc(C(F)(F)F)cc3)C2)nnc1C1CCCCC1,9.505026226459703,2,0.07779565842528671,2016,2016,2016,Ki,B;F,1
QQJHRQZZCNYDMX-VPUSJEBWSA-N,N#Cc1ccc2c(c1)[C@H]1CN(CCCCNC(=O)c3ccc(-c4ccccc4)cc3)C[C@@H]1CO2,9.500038134403809,1,0.0,1999,1999,1999,Ki,B,1
BGEAJJAWRXRQLO-UHFFFAOYSA-N,CCN(Cc1ccccc1)Cc1ccc(-c2cc(S(=O)(=O)CC)ccc2OC)[nH]1,9.500038134403809,2,0.0,1996,1997,1996,Ki,B,2
JARNORYOPMINDY-UHFFFAOYSA-N,COc1ccccc1N1CCN(CCCCNC(=O)c2ccc(-c3ccc(C(C)=O)cc3)cc2)CC1,9.500038134403809,3,0.0029953582776231055,1995,2011,1997,Ki,B,3
CWADTSDGYTVLDK-UHFFFAOYSA-N,COc1ccccc1N1CCN(CCCCNC(=O)c2ccc(-c3ccc(S(C)(=O)=O)cc3)cc2)CC1,9.500038134403809,1,0.0,1995,1995,1995,Ki,B,1
KBYDKOYJEQUBOE-NBGIEHNGSA-N,Cc1ncoc1-c1nnc(SCCCN2C[C@@H]3C[C@]3(c3ccc(C(C)(C)C)cc3)C2)n1C,9.500038134403809,1,0.0,2010,2010,2010,Ki,F,1
HZISGJVOPZSKRZ-QPPBQGQZSA-N,Cn1c(SCCCN2CC[C@]3(C[C@@H]3c3ccc(C(F)(F)F)cc3)C2)nnc1-c1ccc(S(N)(=O)=O)cc1,9.500038134403809,1,0.0,2016,2016,2016,Ki,B,1
IRVKXZUMTITJIC-UHFFFAOYSA-N,COc1ccccc1N1CCN(CCCCNC(=O)c2cc3ccccc3[nH]2)CC1,9.494850021680094,3,0.0,2009,2012,2012,Ki,B,3
QBLXQBNQMNADCM-QAQDUYKDSA-N,Cn1cc(OCC(=O)N[C@H]2CC[C@H](CCN3CCc4sc(OCC(C)(F)F)nc4C3)CC2)cn1,9.494850021680094,2,0.0,2020,2022,2021,Ki,B,2
WNJFVRDWMYZFCD-JKSUJKDBSA-N,Cc1nnc(CC(=O)N[C@H]2CC[C@H](CCN3CCc4sc(C5CC(F)(F)C5)nc4C3)OC2)o1,9.494850021680094,1,0.0,2023,2023,2023,Ki,B,1
KSPKVSHQLXLKIQ-ZVWHWTBFSA-N,Cc1cnc(OCC(=O)N[C@H]2CC[C@](F)(CCN3CCc4ccc(OCC(F)F)nc4CC3)CC2)cn1,9.494850021680094,1,0.0,2023,2023,2023,Ki,B,1
MBCROYIVEQFERC-IYARVYRRSA-N,Cc1ncc(OCC(=O)N[C@H]2CC[C@H](CCN3CCc4nc(OCC(F)F)sc4CC3)CC2)cn1,9.494850021680094,1,0.0,2023,2023,2023,Ki,B,1
KIRVGEZJDUEMOH-RZJSWYKGSA-N,Cn1ncc(CC(=O)N[C@H]2CC[C@](F)(CCN3CCc4ccc(CCC(F)(F)F)nc4CC3)CC2)n1,9.494850021680094,1,0.0,2023,2023,2023,Ki,B,1
DPZGNBYQYWDDEZ-WKILWMFISA-N,O=C(N[C@H]1CC[C@H](CCN2CCc3nc(OCC(F)F)sc3CC2)CC1)c1cccnc1C(F)F,9.494850021680094,1,0.0,2023,2023,2023,Ki,B,1
CAAIZYOGVIMUEU-KOEQRZSOSA-N,COc1ccccc1N1CCN(CCCCOc2ccc3c(/C=N/O)cnn3c2)CC1,9.489991487059765,3,0.49314890194882116,2017,2017,2017,EC50;Ki,B;F,1
DKGZKTPJOSAWFA-UHFFFAOYSA-N,O=C(CCCN1CCC2(CC1)C(=O)NCN2c1ccccc1)c1ccc(F)cc1,9.481486060122112,11,1.0204297188471287,1993,2019,2013,IC50;Ki,B;F,10
HRXRYNFLHBSTFS-BUHFOSPRSA-N,COc1ccccc1N1CCN(CCCCNC(=O)/C=C/c2ccccc2)CC1,9.481486060122112,2,0.0,2003,2010,2006,Ki,B,2
USGFBEWNXKQBDG-UHFFFAOYSA-N,COc1ccccc1N1CCN(CCCCN2CCCc3ccccc3C2=O)CC1,9.481486060122112,3,0.4208928898175465,2009,2011,2011,EC50;Ki,B;F,2
TXJZKUBFJGPDAH-FQEVSTJZSA-N,CCCN(CCCCCc1ccc(O)c(O)c1)[C@H]1CCc2c(O)cccc2C1,9.481486060122112,1,0.0,2016,2016,2016,EC50,F,1
UOSSMYDHMWQSDB-UHFFFAOYSA-N,CCc1cccc(N2CCN(CCCCCNC(=O)c3cn4ccccc4n3)CC2)c1Cl,9.481486060122112,1,0.0,2022,2022,2022,Ki,B,1
FIHJHWNDFUFQRI-IZBCBXDISA-N,Cn1cc2c(C(=O)N[C@H]3CC4(C3)C[C@](F)(CCN3CCc5nc(OCC(F)(F)F)sc5CC3)C4)cccc2n1,9.481486060122112,1,0.0,2023,2023,2023,Ki,B,1
XHTUKQHIWDPDMZ-XUTJKUGGSA-N,Cn1cc(OCC(=O)N[C@H]2CC[C@H](CCN3CCc4ccc(CCC(F)(F)F)nc4CC3)CC2)cn1,9.481486060122112,1,0.0,2023,2023,2023,Ki,B,1
QOFRSPQAWIAXCA-ZSQTZEJBSA-N,Cc1ncc(OCC(=O)N[C@H]2CC[C@](F)(CCN3CCc4ccc(OCC(C)(F)F)nc4CC3)CC2)cn1,9.481486060122112,1,0.0,2023,2023,2023,Ki,B,1
CAUZGOJSULUNOZ-YJLYGGOZSA-N,C[C@@H](Oc1ccc2c(n1)CCN(CC[C@]1(F)CC[C@@H](NC(=O)Cc3cnn(C)n3)CC1)CC2)C(F)(F)F,9.481486060122112,1,0.0,2023,2023,2023,Ki,B,1
ADGRZRHCVXPKAN-UHFFFAOYSA-N,CCc1cccc(N2CCN(CCCCNC(=O)c3cn4ccccc4n3)CC2)c1Cl,9.480172006224281,1,0.0,2016,2016,2016,Ki,B,1
YQJSOEKFOQHZGK-FAQVEIGNSA-N,O[C@]1(c2ccc(Cl)c(Cl)c2)C[C@H]2CC[C@@H](C1)N2Cc1coc2ccccc12,9.468521082957745,1,0.0,2008,2008,2008,Ki,B,1
OSAOKFNDHSEFAK-UHFFFAOYSA-N,COc1ccccc1N1CCN(CCCCNC(=O)c2cnn3ccc(OCCOCCOCCOCCOc4ccn5ncc(C(=O)NCCCCN6CCN(c7ccccc7OC)CC6)c5c4)cc23)CC1,9.468521082957745,1,0.0,2012,2012,2012,Ki,B,1
YNOWHDNGRNBDQJ-UHFFFAOYSA-N,c1ccc(N2CCN(CCCOc3ccc4ccccc4c3)CC2)cc1,9.468521082957745,1,0.0,2023,2023,2023,Ki,B,1
WOOSSNMEFYDJFX-IFSQOONMSA-N,Cn1cc2c(C(=O)N[C@H]3CC[C@H](CCN4CCc5nc(O[C@H]6C[C@H](F)C6)sc5CC4)CC3)cccc2n1,9.468521082957745,2,0.0,2020,2022,2021,Ki,B,2
QQVCXXKIFUBWJB-IYARVYRRSA-N,Cc1cnc(OCC(=O)N[C@H]2CC[C@H](CCN3CCc4sc(OCC(C)(F)F)nc4C3)CC2)cn1,9.468521082957745,1,0.0,2023,2023,2023,Ki,B,1
YDOTUXAWKBPQJW-NSLWYYNWSA-N,CC(C)C[C@H]1C(=O)N2CCC[C@H]2[C@]2(O)O[C@](NC(=O)[C@@H]3C=C4c5cccc6[nH]cc(c56)C[C@H]4N(C)C3)(C(C)C)C(=O)N12,9.464427354774458,2,0.3316933959648787,,,,IC50;Ki,B,1
NRTBOHXSGLSYAH-KKLQWCBXSA-N,Cc1ncc(CC(=O)N[C@H]2CC[C@H](CCN3CCc4ccc(O[C@H](C)C(F)(F)F)nc4CC3)CC2)cn1,9.455931955649724,1,0.0,2023,2023,2023,Ki,B,1
SOXRFGOVSJBYRC-UHFFFAOYSA-N,Cc1ncc(CC(=O)NC23CCC(CCN4CCc5nc(OCC(F)(F)F)sc5CC4)(CC2)CC3)cn1,9.455931955649724,1,0.0,2023,2023,2023,Ki,B,1
AUBVMUJWPOHAEW-UHFFFAOYSA-N,N#Cc1ccc2cc(C(=O)NCCCCN3CCN(c4cccc(Cl)c4Cl)CC3)[nH]c2c1,9.45001638884031,1,0.0,2007,2007,2007,Ki,B,1
IZZNYYLQSUDWDO-UHFFFAOYSA-N,Cn1c(SCCCN2CC3CCN(c4cccc(OC(F)(F)F)c4)C3C2)nnc1-c1cnccn1,9.449771646944907,3,0.029021370065614175,2016,2020,2019,Ki,B,3
KHTVRVDYYAMNRK-UHFFFAOYSA-N,Nc1cccc(C#CCCN2CC=C(c3ccccc3)CC2)c1,9.443697499232712,1,0.0,1996,1996,1996,Ki,B,1
ULQCYDXROAATLP-AQYVVDRMSA-N,O=C(N[C@H]1CC[C@H](CCN2CCN(c3cccc(Cl)c3Cl)CC2)CC1)N1CCc2ncccc2C1,9.443697499232712,1,0.0,2023,2023,2023,Ki,B,1
MCFFIBILMUFGPB-GGYDESQDSA-N,Cc1nnc(CC(=O)N[C@H]2CC[C@](F)(CCN3CCc4nc(OCC(F)(F)F)sc4CC3)CC2)s1,9.443697499232712,2,0.0,2020,2022,2021,Ki,B,2
TWAGQMOSGNQWTA-WDRWKGISSA-N,Cn1cc(CC(=O)N[C@H]2CC[C@H](CCN3C[C@@H]4C[C@]4(c4cc(C5CC5)on4)C3)CC2)cn1,9.443697499232712,1,0.0,2022,2022,2022,Ki,B,1
LHGVDYIWDBIZNF-VLZXCDOPSA-N,Cn1c(C(=O)N[C@H]2CC[C@](F)(CCN3CCc4ccc(OCC(F)F)nc4CC3)CC2)cccc1=O,9.443697499232712,1,0.0,2023,2023,2023,Ki,B,1
YLLFOYMWGWZZIG-WGSAOQKQSA-N,Cc1ncccc1C(=O)N[C@H]1CC[C@H](CCN2CCc3nc(OCC(C)(F)F)sc3CC2)CC1,9.443697499232712,1,0.0,2023,2023,2023,Ki,B,1
OGRCIXTZMPQEAX-JKIUYZKVSA-N,Cc1ncc(CC(=O)N[C@H]2CC[C@H](CCN3CCc4ccc(CCC(F)(F)F)nc4CC3)CC2)cn1,9.443697499232712,1,0.0,2023,2023,2023,Ki,B,1
XCMZICLYBMZMMQ-XGAFWQRZSA-N,Cn1ncc(CC(=O)N[C@H]2CC[C@H](CCN3CCc4ccc(CCC(F)(F)F)nc4CC3)CC2)c1F,9.443697499232712,1,0.0,2023,2023,2023,Ki,B,1
ZKIQTIIYWKTIGZ-GUJKFWMDSA-N,O=C(N[C@H]1CC[C@](F)(CCN2CCc3nc(OCC(F)(F)F)sc3CC2)CC1)c1cccnc1C(F)F,9.443697499232712,1,0.0,2023,2023,2023,Ki,B,1
AQCPIJGBSDFUKW-CVKSISIWSA-N,O=C1COc2c(N3CCN(CCCCOc4ccn5ncc(/C=N/O)c5c4)CC3)ccc(O)c2N1,9.432433674311612,2,0.0332315881608165,2017,2017,2017,Ki,B,1
VUBGTPVVYQBGQN-GLOFJIOZSA-N,COc1ccccc1N1CCN(CCCCNC(=O)c2ccc(-c3cccc([18F])n3)cc2)CC1,9.431798275933005,1,0.0,2007,2007,2007,Ki,B,1
YHMDCFXONGIJED-NGRWLJPCSA-N,O[C@@]1(c2ccc(Cl)cc2)C[C@H]2CC[C@@H](C1)N2Cc1coc2ccc(F)cc12,9.431798275933005,1,0.0,2008,2008,2008,Ki,B,1
LXBALWXAUSOISX-QAQDUYKDSA-N,Cn1cc2c(C(=O)N[C@H]3CC[C@H](CCN4CCc5sc(OCC(F)(F)F)nc5C4)CC3)cccc2n1,9.431798275933005,2,0.0,2020,2022,2021,Ki,B,2
SWBDXLYGHQRFIV-WGSAOQKQSA-N,Cn1cc2c(C(=O)N[C@H]3CC[C@H](CCN4CCc5sc(CCC(C)(F)F)nc5C4)CC3)cccc2n1,9.431798275933005,2,0.0,2020,2022,2021,Ki,B,2
OIPJHHKEXPIMJA-WGSAOQKQSA-N,CCC(F)(F)c1conc1C1(F)CCN(CC[C@H]2CC[C@H](NC(=O)Cc3cnc(C)s3)CC2)CC1,9.431798275933005,1,0.0,2022,2022,2022,Ki,B,1
BHFHISLIGZMIKQ-WGSAOQKQSA-N,Cc1ncccc1C(=O)N[C@H]1CC[C@H](CCN2CCc3nc(OC4CC(F)(F)C4)sc3CC2)CC1,9.431798275933005,1,0.0,2023,2023,2023,Ki,B,1
OVJRPKRJFYSRHL-VQTJNVASSA-N,Cn1cc2ccc(C(=O)N[C@H]3CC[C@H](CCN4CCc5nc(OCC(C)(F)F)sc5CC4)OC3)cc2n1,9.431798275933005,1,0.0,2023,2023,2023,Ki,B,1
OTSVAHKQZLNXPN-HXUWFJFHSA-N,CCc1cccc(N2CCN(C[C@H](F)CCNC(=O)c3cc4ccccc4[nH]3)CC2)c1Cl,9.428291168191313,2,0.0,2019,2022,2020,Ki,B,2
PWYAMFWGADVMGC-SDNWHVSQSA-N,COc1ccc(/C=C/C(=O)NCCCCN2CCN(c3ccccc3OC)CC2)cc1,9.42021640338319,1,0.0,2003,2003,2003,Ki,B,1
VGPQHQDBSBJSAG-UHFFFAOYSA-N,O=C(NCCCCN1CCN(c2ccc(Cl)cc2Cl)CC1)c1cc2cc(Cl)ccc2[nH]1,9.42021640338319,1,0.0,2009,2009,2009,Ki,B,1
VKJZURAABIJNTM-UHFFFAOYSA-N,Cn1cc2c(C(=O)NN3CCC(CCN4CCc5sc(OCC(C)(F)F)nc5C4)CC3)cccc2n1,9.42021640338319,1,0.0,2023,2023,2023,Ki,B,1
ABXQTPKTPDAAGS-XGAFWQRZSA-N,Cn1cc(CC(=O)N[C@H]2CC[C@H](CCN3CCc4ccc(CCC(F)(F)F)nc4CC3)CC2)c(F)n1,9.42021640338319,1,0.0,2023,2023,2023,Ki,B,1
NWTLRPXTJVTFDS-QRCZIWRFSA-N,Cc1ncc(/C=C/C(=O)N[C@H]2CC[C@H](CCN3CCc4ccc(CCC(F)(F)F)nc4CC3)CC2)cn1,9.42021640338319,1,0.0,2023,2023,2023,Ki,B,1
DTLXZNWCYSVXJZ-UHFFFAOYSA-N,C#Cc1ccc2cc(C(=O)NCCCCN3CCN(c4ccccc4OC)CC3)sc2c1,9.419987887470576,1,0.0,2007,2007,2007,Ki,B,1
RFLFOJAXSFSCDA-UHFFFAOYSA-N,C#Cc1ccc2sc(C(=O)NCCCCN3CCN(c4ccccc4OC)CC3)cc2c1,9.410050398674292,1,0.0,2007,2007,2007,Ki,B,1
FRKKVNDZDTXASV-UHFFFAOYSA-N,COc1ccc2[nH]cc(C(=O)NCCCCN3CCN(c4ccccc4OCCF)CC3)c2c1,9.4089353929735,1,0.0,2013,2013,2013,Ki,B,1
KHORMSFWFAFWPW-UHFFFAOYSA-N,O=C(NCCCCN1CCN(c2cccc(Cl)c2Cl)CC1)N1CCN(c2ccccc2)CC1,9.4089353929735,2,0.0,2017,2018,2017,Ki,B,2
FGTPWKOXAMOVMM-MIRVZWSXSA-N,Cn1cc(OCC(=O)N[C@H]2CC[C@](F)(CCN3CCc4nc(OCC(F)(F)F)sc4CC3)CC2)cn1,9.4089353929735,2,0.0,2020,2022,2021,Ki,B,2
QPGOCVOZYYHHFI-DSFVOBFGSA-N,Cn1ncc(CC(=O)N[C@H]2CC[C@H](CCN3C[C@@H]4C[C@]4(c4cc(C(C)(F)F)on4)C3)CC2)n1,9.4089353929735,1,0.0,2022,2022,2022,Ki,B,1
AXZLMPRGGDXHFB-UHFFFAOYSA-N,Cc1ncccc1C(=O)NC12CCC(CCN3CCc4nc(OCC(F)(F)F)sc4CC3)(CC1)CC2,9.4089353929735,1,0.0,2023,2023,2023,Ki,B,1
MJTGBGFLMDUFKD-UHFFFAOYSA-N,COc1c(Cl)cccc1N1CCN(CCCCNC(=O)c2cc3ccccc3[nH]2)CC1,9.406713932979542,1,0.0,2015,2015,2015,Ki,B,1
QRRCESJWXMIGPS-SIKLNZKXSA-N,Cn1c(SCCCN2C[C@@H]3CCN(c4ccc(C(F)(F)F)cc4)[C@@H]3C2)nnc1C1CCCCC1,9.400116927926312,2,0.0,2019,2020,2019,Ki,B,2
NVCMKCBLQDUADQ-UHFFFAOYSA-N,CCN(Cc1ccc(Cl)cc1)Cc1ccc(-c2cc(S(=O)(=O)CC)ccc2OC)[nH]1,9.400007822415901,1,0.0,1997,1997,1997,Ki,B,1
HMXWHDMFAKYACA-UHFFFAOYSA-N,COc1ccc(-c2nnc(SCCCN3CCc4ccc(-c5cc(C)on5)cc4CC3)n2C)cc1,9.400007822415901,1,0.0,2007,2007,2007,Ki,F,1
AJEQJTPMMJPNLR-UHFFFAOYSA-N,Cn1c(SCCCN2CC3CCN(c4ccc(F)cc4)C3C2)nnc1C1CCOCC1,9.400007822415901,5,0.47972998871014083,2016,2020,2016,Ki,B,3
HGEYJZMMUGWEOT-UHFFFAOYSA-N,Oc1ccc2[nH]cc(CCCCN3CC=C(c4ccccc4)CC3)c2c1,9.397940008672037,1,0.0,1996,1996,1996,Ki,B,1
NJDDOYGAHXQMEQ-CQSZACIVSA-N,Oc1nc2c3c(ccc2[nH]1)CC[C@H](CNCc1ccccc1)O3,9.397940008672037,1,0.0,2002,2002,2002,Ki,B,1
ZLYZZQJTZBMSMX-UHFFFAOYSA-N,CCCN(CCN1CCN(c2ccnc3ccccc23)CC1)C1CCc2c(cccc2OC)C1,9.397940008672037,1,0.0,2010,2010,2010,Ki,B,1
VLHYFLPLTQFSPU-UHFFFAOYSA-N,Cc1cccc(N2CCN(CCCCNC(=O)c3cc4ccccc4o3)CC2)c1C,9.397940008672037,1,0.0,2014,2014,2014,Ki,B,1
KWNJJPLLFRQMRI-IYARVYRRSA-N,CN(C)C(=O)N[C@H]1CC[C@H](CCN2CCN(c3nsc4ccccc34)CC2)CC1,9.397940008672037,1,0.0,2016,2016,2016,Ki,B,1
LAPJQCOVOJOXOO-ZWKOTPCHSA-N,Cc1cc2c(C(=O)N[C@H]3CC[C@H](CCN4CCc5nc(OCC(F)(F)F)sc5CC4)OC3)cccn2n1,9.397940008672037,2,0.0,2020,2022,2021,Ki,B,2
KERPVCHNBDHHAB-IYARVYRRSA-N,Cc1ncccc1C(=O)N[C@H]1CC[C@H](CCN2CCc3sc(OCC(C)(F)F)nc3C2)CC1,9.397940008672037,2,0.0,2020,2022,2021,Ki,B,2
IKGGAFYATOQLDS-BZSJWONHSA-N,Cn1cc2c(C(=O)N[C@H]3CC[C@H](CCN4CC5CC5(c5cc(C(F)F)on5)C4)CC3)cccc2n1,9.397940008672037,1,0.0,2022,2022,2022,Ki,B,1
XUKSGYGUDPUQCB-UHFFFAOYSA-N,Cn1c(SCCCN2CC3CCN(c4ccc(F)cc4)C3C2)nnc1C1CCCCC1,9.39040559077478,5,0.7015568058576555,2016,2020,2016,Ki,B,3
QRRCESJWXMIGPS-KNQAVFIVSA-N,Cn1c(SCCCN2C[C@H]3CCN(c4ccc(C(F)(F)F)cc4)[C@H]3C2)nnc1C1CCCCC1,9.39040559077478,2,0.0,2019,2020,2019,Ki,B,2
HBUKKEFQANLSNF-XLKFHUSGSA-N,CCCN(CCCCOc1ccc2c(/C=N/O)cnn2c1)[C@H]1CCc2c(O)cccc2C1,9.387216143280265,1,0.0,2017,2017,2017,Ki,B,1
VLWXQHYDFCFOHW-UHFFFAOYSA-N,O=C(NCCCCN1CCN(c2cccc(C(F)(F)F)c2)CC1)c1ccc(-c2ccsc2)cc1,9.387216143280265,1,0.0,2019,2019,2019,Ki,B,1
SETUDWDSXHEINR-UHFFFAOYSA-N,Cn1cc2c(C(=O)NN3CCC(F)(CCN4CCc5sc(OCC(F)(F)F)nc5C4)CC3)cccc2n1,9.387216143280265,1,0.0,2023,2023,2023,Ki,B,1
ALMQVQFFGPSBDJ-KJDSRRNHSA-N,Cn1ncc(CC(=O)N[C@H]2CC[C@](F)(CCN3CCc4ccc(OCC(F)F)nc4CC3)CC2)c1F,9.387216143280265,1,0.0,2023,2023,2023,Ki,B,1
UCDYCEHGSPYQAV-IVHGUIJPSA-N,Cc1cnc(CC(=O)N[C@H]2CC[C@](F)(CCN3CCc4ccc(CCC(F)(F)F)nc4CC3)CC2)o1,9.387216143280265,1,0.0,2023,2023,2023,Ki,B,1
PWZPBZQTTHOCIS-HHHXNRCGSA-N,C#CC1=CC[C@@H](N(CCC)CCCCNC(=O)c2ccc(-c3ccccc3)cc2)CC1,9.384775539310862,2,0.5441547861628443,2013,2015,2014,Ki,B,2
FCYQRIODPYABJL-AVRDEDQJSA-N,Cc1ncoc1-c1nnc(SCCCN2CC[C@]3(C[C@H]3c3cc(Cl)cc(Cl)c3)C2)n1C,9.379968104873702,1,0.0,2016,2016,2016,Ki,B,1
JYMJYHGKDBZGLV-UHFFFAOYSA-N,Cc1ncoc1-c1nnc(SCCCN2CC3CCN(c4cc(Cl)cc(Cl)c4)C3C2)n1C,9.379863945026242,3,0.011630073033442281,2016,2020,2019,Ki,B,3
WGLPSCZHULDZSS-JTQLQIEISA-N,CCN1CCC[C@H]1CNC(=O)c1c(O)c(Br)cc(OC)c1OC,9.3767507096021,1,0.0,2007,2007,2007,Ki,B,1
CUHXIEXGYANARS-LUBYNABHSA-N,CCc1cc([C@]23C[C@H]2CN(CC[C@H]2CC[C@H](NC(=O)c4ccc(F)c5nn(C)cc45)CC2)C3)no1,9.3767507096021,1,0.0,2022,2022,2022,Ki,B,1
ORYJIZSSGIMQPM-PHXQQHKGSA-N,Cn1cc2c(C(=O)N[C@H]3CC[C@](F)(CCN4C[C@@H]5C[C@]5(c5cc(C(C)(F)F)on5)C4)CC3)cccc2n1,9.3767507096021,1,0.0,2022,2022,2022,Ki,B,1
PQHIRTDXFUZNBI-DVECYGJZSA-N,Cn1c(SCCCN2CC[C@]3(C[C@@H]3c3ccc(C(F)(F)F)cc3)C2)nnc1-c1ccc(C(N)=O)nc1,9.375031385986862,2,0.13438594407907067,2016,2016,2016,Ki,B;F,1
AAELEHAFAYIZRH-WGSAOQKQSA-N,O=C(N[C@H]1CC[C@H](CCN2CCN(c3nsc4ccccc34)CC2)CC1)c1ccco1,9.371520923719533,2,0.7276633991689654,2016,2016,2016,IC50;Ki,B;F,1
FXZOIJYOTNRPAT-JLHYYAGUSA-N,COc1ccccc1N1CCN(CCCCNC(=O)/C=C/c2ccc(Br)cc2)CC1,9.366531544420413,1,0.0,2003,2003,2003,Ki,B,1
OVRYUDOMQFGLII-OAQYLSRUSA-N,C#CC1=CC[C@@H](N(CCC)CCCCNC(=O)c2cc3ccccc3s2)CC1,9.366531544420413,1,0.0,2013,2013,2013,Ki,B,1
GGADGPKOLXJMPS-UHFFFAOYSA-N,COc1ccccc1N1CCN(CCCCNC(=O)c2cc3cc(OCCF)ccc3[nH]2)CC1,9.366531544420413,1,0.0,2013,2013,2013,Ki,B,1
IWAHIMCMPBOXKG-FQEVSTJZSA-N,CCCN(CCCCOc1ccn2nccc2c1)[C@H]1CCc2c(O)cccc2C1,9.366531544420413,3,0.15667078495322034,2017,2017,2017,EC50;Ki,B;F,1
PNKHRDPVHPGEHT-LBEPJEHYSA-N,Cc1ncccc1C(=O)N[C@H]1CC[C@](F)(CCN2CCc3nc(OCC(F)(F)F)sc3CC2)CC1,9.366531544420413,2,0.0,2020,2022,2021,Ki,B,2
AXXFMVNEFOELFG-LBEPJEHYSA-N,Cc1ncc(OCC(=O)N[C@H]2CC[C@](F)(CCN3CCc4nc(OCC(F)(F)F)sc4CC3)CC2)cn1,9.366531544420413,2,0.0,2020,2022,2021,Ki,B,2
PJMKWDTWNMTUMU-WGSAOQKQSA-N,CC(F)(F)COc1nc2c(s1)CCN(CC[C@H]1CC[C@H](NC(=O)c3cnn4ccccc34)CC1)CC2,9.366531544420413,1,0.0,2023,2023,2023,Ki,B,1
IVGKEFCVDHKRFY-AQYVVDRMSA-N,Cc1ncccc1C(=O)N[C@H]1CC[C@H](CCN2CCc3ccc(CCC(F)(F)F)nc3CC2)CC1,9.366531544420413,1,0.0,2023,2023,2023,Ki,B,1
ISLIDTBUGBXVJF-AQYVVDRMSA-N,Cc1cnc(OCC(=O)N[C@H]2CC[C@H](CCN3CCc4ccc(CCC(F)(F)F)nc4CC3)CC2)cn1,9.366531544420413,1,0.0,2023,2023,2023,Ki,B,1
MPHMCUFLRDUBRA-JTQLQIEISA-N,CCc1cc(Cl)c(OC)c(C(=O)NC[C@@H]2CCCN2)c1O,9.365522729839268,1,0.0,2021,2021,2021,Ki,B,1
OIRZLTZLOKARTG-UHFFFAOYSA-N,CCc1cccc(N2CCN(CC(O)CCNC(=O)c3cc4ccccc4[nH]3)CC2)c1Cl,9.363512103646634,5,0.9297728545205819,2016,2022,2016,EC50;IC50;Ki,B,3
JCZBIVTZYYLWOL-UHFFFAOYSA-N,CCCN(CCN1CCN(c2cccc3ccccc23)CC1)C1CCc2ccc(O)cc2C1,9.361510743045363,1,0.0,2010,2010,2010,Ki,B,1
FLDYDMUQJQRGFN-PZJWPPBQSA-N,CCc1cc(Cl)c(OC)c(C(=O)NC[C@@H]2C[C@@H](OCCCCOc3ccc4c(c3)NC(=O)CC4)CN2)c1O,9.360513510731414,1,0.0,2021,2021,2021,Ki,B,1
QQXFYZWQVQXWMO-JLHYYAGUSA-N,COc1ccccc1N1CCN(CCCCNC(=O)/C=C/c2ccc(Cl)cc2)CC1,9.356547323513812,2,0.0,2003,2010,2006,Ki,B,2
KXMILNJJEHWZPF-UHFFFAOYSA-N,COc1ccccc1N1CCN(CCCCNC(=O)c2ccc(COCCOCCOCCOCCOCCOCCOCc3ccc(C(=O)NCCCCN4CCN(c5ccccc5OC)CC4)cc3)cc2)CC1,9.356547323513812,1,0.0,2012,2012,2012,Ki,B,1
DQOGQIXFWPGESA-UHFFFAOYSA-N,O=C(NCCCCN1CCN(c2cc(Cl)cc(Cl)c2)CC1)c1ccc(-c2ccsc2)cc1,9.356547323513812,1,0.0,2019,2019,2019,Ki,B,1
BELDCHWNXBXUAP-FWNKOSSWSA-N,Cn1cc(CC(=O)N[C@H]2CC[C@H](CCN3CCc4sc(OC5CCC(F)(F)C5)nc4C3)CC2)cn1,9.356547323513812,2,0.0,2020,2022,2021,Ki,B,2
QDOTVZOVPXPXFB-SAABIXHNSA-N,CC(F)(F)COc1nc2c(s1)CCN(CC[C@H]1CC[C@H](NS(=O)(=O)c3cccc(F)c3)CC1)C2,9.356547323513812,2,0.0,2020,2022,2021,Ki,B,2
GJCNUKKVVZQSJA-QAQDUYKDSA-N,Cc1ncccc1C(=O)N[C@H]1CC[C@H](CCN2CCc3sc(OCC(F)(F)F)nc3C2)CC1,9.356547323513812,2,0.0,2020,2022,2021,Ki,B,2
UMYKTTKPSRPJRN-SMQSCJQKSA-N,Cc1ncc(CC(=O)N[C@H]2CC[C@](F)(CCN3CCc4nc(OCC(C)(F)F)sc4CC3)CC2)s1,9.356547323513812,2,0.0,2020,2022,2021,Ki,B,2
DMAPCLHFHNJPKS-GBWYYYKWSA-N,CCc1cc([C@]23C[C@H]2CN(CC[C@H]2CC[C@H](NC(=O)COc4cnc(C)nc4)CC2)C3)no1,9.356547323513812,1,0.0,2022,2022,2022,Ki,B,1
LSHBKBMJDZRGEU-UHFFFAOYSA-N,CCCN(CCN1CCN(c2nccc3ccccc23)CC1)C1CCc2ccc(O)cc2C1,9.355561410532161,1,0.0,2010,2010,2010,Ki,B,1
BQPDOZCUUSRJDC-LADGPHEKSA-N,CCCN1C[C@H](OCCCCOc2ccc3c(c2)NC(=O)CC3)C[C@H]1CNC(=O)c1c(O)c(CC)cc(Cl)c1OC,9.35261702988538,1,0.0,2021,2021,2021,Ki,B,1
ZDZVACBBQOTFIS-UHFFFAOYSA-N,COc1cc(Br)cc(C(=O)NC2CCN(Cc3ccc(F)cc3)CC2)c1OC,9.346787486224656,1,0.0,1993,1993,1993,Ki,B,1
XWRCSVSWZWMHPY-GLOFJIOZSA-N,COc1ccccc1N1CCN(CCCCNC(=O)c2ccc(-c3ccc([18F])nc3)cc2)CC1,9.346787486224656,1,0.0,2007,2007,2007,Ki,B,1
VBPWMWMHKVCXQD-UHFFFAOYSA-N,CCCN(CCN1CCN(c2cccc(Cl)c2Cl)CC1)C1CCc2c(O)cccc2C1,9.346787486224656,1,0.0,2008,2008,2008,Ki,B,1
XPILIRKQJUBSIN-ROUUACIJSA-N,O=C(NC[C@@H]1C[C@H]1CN1CCN(c2cccc(Cl)c2Cl)CC1)c1cc2ccccc2[nH]1,9.346787486224656,1,0.0,2017,2017,2017,Ki,B,1
FFIRBCLBJNTGHL-QRTMHTFLSA-N,Cc1nnc(CC(=O)N[C@H]2CC[C@](F)(CCN3CCc4ccc(OCC(F)(F)F)nc4CC3)CC2)o1,9.346787486224656,2,0.0,2020,2022,2021,Ki,B,2
JZFCVLOUYCGOPW-WKILWMFISA-N,CC(=O)N[C@H]1CC[C@H](CCN2CCc3nc(OCC(C)(F)F)sc3CC2)CC1,9.346787486224656,2,0.0,2020,2022,2021,Ki,B,2
ISJIDQUSRNCFFC-SXTNBDNLSA-N,Cn1cc(CC(=O)N[C@H]2CC[C@H](CCN3C[C@@H]4C[C@]4(c4cc(C(C)(F)F)on4)C3)CC2)cn1,9.346787486224656,1,0.0,2022,2022,2022,Ki,B,1
RCYQVAGOWPWGMT-NSSDIGLXSA-N,Cc1ncc(OCC(=O)N[C@H]2CC[C@H](CCN3C[C@@H]4C[C@]4(c4cc(C5CC5)on4)C3)CC2)cn1,9.346787486224656,1,0.0,2022,2022,2022,Ki,B,1
PFYOIMYEJHJBDU-UHFFFAOYSA-N,COc1ccccc1N1CCN(CCCCNC(=O)c2cc3cc(C#N)ccc3s2)CC1,9.33998877871067,1,0.0,2007,2007,2007,Ki,B,1
JCSREICEMHWFAY-HUUCEWRRSA-N,CCCN1CCO[C@@H]2c3cc(O)ccc3CC[C@H]21,9.33889035263304,4,0.4077260071808003,2000,2014,2011,Ki,B;F,3
FMZGBSVSSSJNBU-VAWYXSNFSA-N,COc1ccccc1N1CCN(CCCCNC(=O)/C=C/c2cccc(Cl)c2)CC1,9.337242168318426,1,0.0,2003,2003,2003,Ki,B,1
JAYLRXXYDXFRKF-OUKQBFOZSA-N,COc1ccccc1N1CCN(CCCCNC(=O)/C=C/c2ccc(C#N)cc2)CC1,9.337242168318426,1,0.0,2003,2003,2003,Ki,B,1
YSQJEBUGELTUQM-ZDUSSCGKSA-N,C=CCN1CCC[C@H]1CNC(=O)c1cc(I)cc(OC)c1OC,9.337242168318426,1,0.0,2007,2007,2007,Ki,B,1
LARBLICNTVPFKD-JCNLHEQBSA-N,Cn1ncc(CC(=O)N[C@H]2CC[C@H](CCN3CCc4sc(OCC(C)(F)F)nc4C3)CC2)c1F,9.337242168318426,2,0.0,2020,2022,2021,Ki,B,2
FCNYUNCSSSCOSB-OWWJJEGGSA-N,Cc1nnc(CC(=O)N[C@H]2CC[C@](F)(CCN3CCc4ccc(OCC(F)F)nc4CC3)CC2)o1,9.337242168318426,1,0.0,2023,2023,2023,Ki,B,1
DXFJRUPMNBYXGA-FVUUGDKNSA-N,Cc1nnc(CC(=O)N[C@H]2CC[C@](F)(CCN3CCc4nc(OCC(F)F)sc4CC3)CC2)s1,9.337242168318426,1,0.0,2023,2023,2023,Ki,B,1
SMNHGHQEQJKZTP-UHFFFAOYSA-N,O=C(NCCCCN1CCN(c2cccc(O)c2)CC1)c1ccc(-c2ccsc2)cc1,9.327902142064282,1,0.0,2019,2019,2019,Ki,B,1
LJTCNKUXICKSFP-JKSUJKDBSA-N,Cc1cc(CC(=O)N[C@H]2CC[C@H](CCN3CCc4nc(OCC(F)(F)F)sc4CC3)OC2)on1,9.327902142064282,2,0.0,2020,2022,2021,Ki,B,2
PKERFNJZSQACGZ-RNVDEAKXSA-N,CCc1cc([C@]23C[C@H]2CN(CC[C@H]2CC[C@H](NC(=O)c4cccn5nccc45)CC2)C3)no1,9.327902142064282,1,0.0,2022,2022,2022,Ki,B,1
BTGKFNRKGQRPEP-QAQDUYKDSA-N,Cc1ncc(CC(=O)N[C@H]2CC[C@H](CCN3CCc4sc(OC5CC(F)(F)C5)nc4C3)CC2)o1,9.327902142064282,1,0.0,2023,2023,2023,Ki,B,1
OKGFDRGOUZKSCP-SKUGRUHMSA-N,Cc1cc2c(C(=O)N[C@H]3CC[C@](F)(CCN4CCc5nc(OCC(F)F)sc5CC4)CC3)cccn2n1,9.327902142064282,1,0.0,2023,2023,2023,Ki,B,1
ZBOKLEQSVNFDRU-ZWKOTPCHSA-N,Cc1ncc(OCC(=O)N[C@H]2CC[C@H](CCN3CCc4nc(OCC(C)(F)F)sc4CC3)OC2)cn1,9.327902142064282,1,0.0,2023,2023,2023,Ki,B,1
JQXMVFBXXAKVDC-NRFANRHFSA-N,CCCN(CCCCOc1ccc2ccnn2c1)[C@H]1CCc2c(O)cccc2C1,9.318758762624412,3,0.09852766343239329,2017,2017,2017,EC50;Ki,B;F,1
CBTZLJGZFWWZSF-QAQDUYKDSA-N,Cc1ncc(CC(=O)N[C@H]2CC[C@H](CCN3CCc4sc(OCC(C)(F)F)nc4C3)CC2)o1,9.318758762624412,2,0.0,2020,2022,2021,Ki,B,2
UWKSEIMVPIPCAP-XUTJKUGGSA-N,Cn1cc2c(C(=O)N[C@H]3CC[C@H](CCN4CCc5cnc(CCC(F)(F)F)nc5CC4)CC3)cccc2n1,9.318758762624412,2,0.0,2020,2022,2021,Ki,B,2
ADCYPKNNPPDYMB-ORQYLMBXSA-N,CCc1cc([C@]23C[C@H]2CN(CC[C@H]2CC[C@H](NC(=O)Cc4cnn(C)n4)CC2)C3)no1,9.318758762624412,1,0.0,2022,2022,2022,Ki,B,1
GFIWVFPRSFCUJU-PAVFIEEWSA-N,Cc1nnc(CC(=O)N[C@H]2CC[C@](F)(CCN3CCc4nc(OCC(C)(F)F)sc4CC3)CC2)o1,9.318758762624412,1,0.0,2023,2023,2023,Ki,B,1
DLFOMSHOGRJNLH-JKIUYZKVSA-N,Cn1cc(CC(=O)N[C@H]2CC[C@H](CCN3CCc4ccc(OC5CCC5)nc4CC3)CC2)cn1,9.318758762624412,1,0.0,2023,2023,2023,Ki,B,1
BKNAUTOAXGRBHL-QRTMHTFLSA-N,Cc1ncc(CC(=O)N[C@H]2CC[C@](F)(CCN3CCc4nc(OCC(F)(F)F)sc4CC3)CC2)cn1,9.318758762624412,1,0.0,2023,2023,2023,Ki,B,1
ZIQDGXNDXRMRPM-HTAPYJJXSA-N,Cc1ncoc1-c1nnc(SCCCN2CC[C@@]3(C[C@H]3c3ccc(C(F)(F)F)cc3F)C2)n1C,9.309999123659697,2,0.0989510821782735,2016,2016,2016,Ki,B;F,1
ZKXPPFSIRYLWQE-UHFFFAOYSA-N,COc1ccccc1N1CCN(CCCCNC(=O)c2cc3ccc2CCc2ccc(cc2)CC3)CC1,9.309803919971486,3,0.6089090213577704,2006,2010,2006,Ki,B,2
UVAUEIWFNXYKDF-DNLFPKPLSA-N,Cc1ncc(CC(=O)N[C@H]2CC[C@H](CCN3CCc4sc(OCC(F)(F)F)nc4C(C)C3)CC2)s1,9.309803919971486,2,0.0,2020,2022,2021,Ki,B,2
JBQIFWSBUXXWMF-UAPYVXQJSA-N,Cc1ncc(OCC(=O)N[C@H]2CC[C@H](CCN3CCc4sc(C5CC(F)(F)C5)nc4C3)CC2)cn1,9.309803919971486,1,0.0,2023,2023,2023,Ki,B,1
UTQLQNQCKAXIAE-YFVAEKQCSA-N,Cc1nc(CC(=O)N[C@H]2CC[C@H](CCN3CCc4ccc(O[C@H](C)C(F)(F)F)nc4CC3)CC2)nn1C,9.309803919971486,1,0.0,2023,2023,2023,Ki,B,1
XUAUIXCHBXOTAB-PAVFIEEWSA-N,Cn1ncc(CC(=O)N[C@H]2CC[C@](F)(CCN3CCc4nc(OCC(C)(F)F)sc4CC3)CC2)n1,9.309803919971486,1,0.0,2023,2023,2023,Ki,B,1
XUYHFDXRBDOBCI-FVUUGDKNSA-N,Cn1ncc(CC(=O)N[C@H]2CC[C@](F)(CCN3CCc4nc(OCC(F)F)sc4CC3)CC2)n1,9.309803919971486,1,0.0,2023,2023,2023,Ki,B,1
BRCGEGLQMCNETQ-UHFFFAOYSA-N,Cc1ncc(OCC(=O)NC23CCC(CCN4CCc5nc(OCC(F)(F)F)sc5CC4)(CC2)OC3)cn1,9.309803919971486,1,0.0,2023,2023,2023,Ki,B,1
FIFCKHUAPMXUCB-VQTJNVASSA-N,CCc1cc(Cl)c(OC)c(C(=O)NC[C@@H]2C[C@@H](OCCCCNC(=O)c3cc4ccccc4o3)CN2)c1O,9.30715308072277,1,0.0,2021,2021,2021,Ki,B,1
QEQTYRYMOSHBTB-FCHUYYIVSA-N,CCc1cc(Cl)c(OC)c(C(=O)NC[C@@H]2C[C@@H](OCCCCNC(=O)c3cc4ccccc4o3)CN2CC)c1O,9.30189945437661,1,0.0,2021,2021,2021,Ki,B,1
GBBXKCGHLOWKFM-WGSAOQKQSA-N,O=C(N[C@H]1CC[C@H](CCN2CCN(c3ccccc3Cl)CC2)CC1)c1cccs1,9.301029995663981,1,0.0,1997,1997,1997,Ki,B,1
MPTLULQFGUQHHY-JLHYYAGUSA-N,COc1ccccc1N1CCN(CCCCNC(=O)/C=C/c2ccc(I)cc2)CC1,9.301029995663981,1,0.0,2003,2003,2003,Ki,B,1
PZWHEQIOEMDZEH-UHFFFAOYSA-N,COc1ccccc1N1CCN(CCCCNC(=O)c2ccc(Cl)cc2)CC1,9.301029995663981,1,0.0,2003,2003,2003,Ki,B,1
QTPMSFPRKFKEHH-ZHACJKMWSA-N,COc1ccccc1N1CCN(CCCCNC(=O)/C=C/c2cccnc2)CC1,9.301029995663981,1,0.0,2003,2003,2003,Ki,B,1
IWUPLAFLTUWLMF-UHFFFAOYSA-N,Oc1ccc2c(c1)OC(CN1CCc3ccccc3C1)CC2,9.301029995663981,1,0.0,1997,1997,1997,Ki,B,1
SRHQZJRKCSXSCP-UHFFFAOYSA-N,O=C(NCCCCN1CCN(c2cccc(Cl)c2Cl)CC1)c1ccc(-c2cccnc2)cc1,9.301029995663981,1,0.0,2005,2005,2005,Ki,B,1
ZQBFPGSJRSEUAX-UHFFFAOYSA-N,O=C(NCC(O)CCN1CCN(c2cccc(Cl)c2Cl)CC1)c1ccc(-c2ccccn2)cc1,9.301029995663981,5,0.5159202466694739,2007,2014,2007,EC50;IC50;Ki,B;F,2
YWTBTOHAYFANIT-UHFFFAOYSA-N,COc1ccccc1N1CCN(CCC(O)CNC(=O)c2cc3ccccc3[nH]2)CC1,9.301029995663981,3,0.004965311481820354,2009,2014,2014,Ki,B,2
XKAIELUQYYUCFN-UHFFFAOYSA-N,C#Cc1ccc2c(c1)CCN(CCCCN1CCN(c3ccccc3OC)CC1)C2=O,9.301029995663981,1,0.0,2011,2011,2011,Ki,B,1
XPOABVKSLRGZDM-UHFFFAOYSA-N,COc1ccccc1N1CCN(CCCCNC(=O)c2cnn3ccc(COCCOCCOCCOCCOCc4ccn5ncc(C(=O)NCCCCN6CCN(c7ccccc7OC)CC6)c5c4)cc23)CC1,9.301029995663981,1,0.0,2012,2012,2012,Ki,B,1
HSNDKUASWXMOHD-UHFFFAOYSA-N,O=C1Cc2c(cccc2N2CCN(CCCCNC(=O)c3ccc4ccccc4c3)CC2)N1,9.301029995663981,1,0.0,2016,2016,2016,Ki,B,1
PMLIXGHEIFJDMD-UHFFFAOYSA-N,COc1cc2c(cc1OC)C(C)=C(C(=O)NCCCCN1CCN(c3ccccc3F)CC1)C2,9.301029995663981,1,0.0,2017,2017,2017,Ki,B,1
FBDPRQPQWAADRA-UEJVZZJDSA-N,CCCN[C@H]1CCC2N=C(N)SC2C1,9.301029995663981,1,0.0,2018,2018,2018,Ki,B,1
AWLLDUFWUOASGN-UHFFFAOYSA-N,N#Cc1cccc(N2CCN(CCCCNC(=O)c3ccc(-c4ccsc4)cc3)CC2)c1,9.301029995663981,1,0.0,2019,2019,2019,Ki,B,1
IDTLNOOYTVGUDL-ZWOKBUDYSA-N,C[C@H]1CN(CC[C@H]2CC[C@H](NC(=O)N(C)C)CC2)CCc2ccc(Cl)cc21,9.301029995663981,1,0.0,2021,2021,2021,Ki,B,1
LYLVUDOAMFKTEL-ZWKOTPCHSA-N,Cc1nc(CC(=O)N[C@H]2CC[C@H](CCN3CCc4ccc(OCC(F)(F)F)nc4CC3)OC2)no1,9.301029995663981,2,0.0,2020,2022,2021,Ki,B,2
FRIUOYMOHHKICX-UHFFFAOYSA-N,Cn1cc2c(C(=O)NN3CCC(CCN4CCc5sc(OCC(F)(F)F)nc5C4)CC3)cccc2n1,9.301029995663981,2,0.0,2020,2022,2021,Ki,B,2
NTYVEZVFGHVTOQ-UHFFFAOYSA-N,CN1Cc2c(C(=O)NC34CCC(CCN5CCc6nc(OCC(F)F)sc6CC5)(CC3)CC4)cccc2C1=O,9.301029995663981,1,0.0,2023,2023,2023,Ki,B,1
CPTSTFKVXWZGEV-UHFFFAOYSA-N,O=C(NCCCCN1CCN(c2cccc(Cl)c2Cl)CC1)c1cc2ccccc2s1,9.300509466670935,14,0.37515225301220306,2002,2013,2005,IC50;Ki,B;F,10
ZGEMRFRKWCDFJH-UHFFFAOYSA-N,COc1ccccc1N1CCN(CCCCNC(=O)c2ccc(Br)cc2)CC1,9.299988937677888,2,0.0,1995,2005,2000,Ki,B,2
ZQAMNGCYKZHATK-UHFFFAOYSA-N,CCCN(CCCCNC(=O)c1ccc(-c2ccccc2)cc1)C1CCc2c(C#N)cccc2C1,9.299988937677888,1,0.0,1997,1997,1997,Ki,B,1
YDIIMEYIGWYMMA-UHFFFAOYSA-N,CCCN(CCCCNC(=O)c1ccc(-c2ccccc2)cc1)C1CCc2nc(N)sc2C1,9.299988937677888,1,0.0,1999,1999,1999,Ki,B,1
SDAMYSWGWHXMRT-MRXNPFEDSA-N,C[C@H]1Oc2c(cccc2N2CCN(CCCc3c[nH]c4ccc(F)cc34)CC2)NC1=O,9.299988937677888,1,0.0,2007,2007,2007,Ki,B,1
MLHRKLZCJRKSHO-UHFFFAOYSA-N,Cc1ncoc1-c1nnc(SCCCN2CC3CC3(c3cccc(C(F)(F)F)c3)C2)n1C,9.299988937677888,4,0.750009102115829,2010,2010,2010,Ki,F,2
OWNUCKLLDLFPLN-PGRDOPGGSA-N,Cc1ccoc1-c1nnc(SCCCN2C[C@@H]3C[C@]3(c3ccc(C(F)(F)F)cc3)C2)n1C,9.299988937677888,1,0.0,2010,2010,2010,Ki,F,1
HIRZFMOIKMLUHF-UHFFFAOYSA-N,Cc1ncoc1-c1nnc(SCCCN2CC3CC3(c3ccc(C(F)(F)F)cc3)C2)n1C,9.299988937677888,4,0.0,2010,2010,2010,Ki,F,4
ZULQKQGLUORZDC-HSGWXFLFSA-N,N#[11C]c1cccc(N2CCN(CCN3CCC(C(F)(F)F)CC3)C2=O)c1,9.292429823902063,1,0.0,2010,2010,2010,Ki,B,1
SZUYGMQMOXSGAH-IYARVYRRSA-N,CCn1c(C(=O)N[C@H]2CC[C@H](CCN3CCc4sc(CCC(F)(F)F)nc4C3)CC2)cccc1=O,9.292429823902063,2,0.0,2020,2022,2021,Ki,B,2
MROOSUHVJZSQKG-AFARHQOCSA-N,CC(C)Oc1ccc2c(n1)CCN(CC[C@H]1CC[C@H](NC(=O)c3cccc4nn(C)cc34)CC1)CC2,9.292429823902063,2,0.0,2020,2020,2020,Ki,B,1
XXOBSFFHMXTRII-AQYVVDRMSA-N,CC(C)Oc1nc2c(s1)CCN(CC[C@H]1CC[C@H](NC(=O)Cc3cccc4nn(C)cc34)CC1)CC2,9.292429823902063,2,0.0,2022,2022,2022,Ki,B,1
XUTJSHVGYIHURB-BWKNWUBXSA-N,Cn1c(SCCCN2CC[C@]3(C[C@@H]3c3ccc(C(F)(F)F)cc3)C2)nnc1-c1cccc(C(N)=O)c1,9.290032273291047,2,0.05656904708695878,2016,2016,2016,Ki,B;F,1
BHNXJQYCDCKDKH-UTKZUKDTSA-N,Cn1c(SCCCN2C[C@H]3CCN(c4ccc(F)cc4)[C@H]3C2)nnc1-c1ccc(C(N)=O)nc1,9.289882634888183,2,0.0,2019,2020,2019,Ki,B,2
XIHOJUYAGODVFH-HTAPYJJXSA-N,Cc1ncoc1-c1nnc(SCCCN2CC[C@@]3(C[C@H]3c3ccc(F)cc3F)C2)n1C,9.285028562154043,2,0.27578897881116604,2016,2016,2016,Ki,B;F,1
GHLIXCKZQCRDAX-LJQANCHMSA-N,Oc1ccc(C2=CCC[C@@H](CN3CC=C(c4ccccc4)CC3)C2)cc1,9.2839966563652,1,0.0,1995,1995,1995,Ki,B,1
VUZROXDIJDWGAH-OUKQBFOZSA-N,COc1ccccc1N1CCN(CCCCNC(=O)/C=C/c2ccccc2Cl)CC1,9.2839966563652,1,0.0,2003,2003,2003,Ki,B,1
GRUWUINXLANFJE-UHFFFAOYSA-N,O=C(NCCCCN1CCN(c2ccccc2OCCF)CC1)c1ccc(OCCF)cc1,9.2839966563652,1,0.0,2011,2011,2011,Ki,B,1
DHLUJJLUDHJNIY-QAQDUYKDSA-N,Cc1cnc(CC(=O)N[C@H]2CC[C@H](CCN3CCc4sc(CCC(F)(F)F)nc4C3)CC2)o1,9.2839966563652,2,0.0,2020,2022,2021,Ki,B,2
KMECPQXFZFDCGK-WGSAOQKQSA-N,Cc1ncc(CC(=O)N[C@H]2CC[C@H](CCN3CCc4nc(OCC(C)(C)F)sc4CC3)CC2)s1,9.2839966563652,2,0.0,2020,2022,2021,Ki,B,2
WGOMFZGAXWQMDN-KJDSRRNHSA-N,Cc1cnc(CC(=O)N[C@H]2CC[C@](F)(CCN3CCc4ccc(OCC(F)F)nc4CC3)CC2)o1,9.2839966563652,1,0.0,2023,2023,2023,Ki,B,1
TWMFCAREOZITRX-UAPYVXQJSA-N,Cc1ncc(CC(=O)N[C@H]2CC[C@H](CCN3CCc4cc(F)c(OCC(F)F)nc4CC3)CC2)o1,9.2839966563652,1,0.0,2023,2023,2023,Ki,B,1
BHNXJQYCDCKDKH-UHFFFAOYSA-N,Cn1c(SCCCN2CC3CCN(c4ccc(F)cc4)C3C2)nnc1-c1ccc(C(N)=O)nc1,9.279840696594043,2,0.0,2019,2020,2019,Ki,B,2
AGUZAIMBKPZTGP-UHFFFAOYSA-N,O=C(NCCCCN1CCN(c2cccc(Cl)c2Cl)CC1)c1ccc(F)cc1,9.275724130399212,1,0.0,2005,2005,2005,Ki,B,1
CYOBJTAQBGDFGU-YPGOJHLTSA-N,O[C@@]1(c2ccc(Cl)c(Cl)c2)C[C@H]2CC[C@@H](C1)N2Cc1coc2ccc(F)cc12,9.275724130399212,1,0.0,2008,2008,2008,Ki,B,1
FAUOEZQOXBUMAX-CONSDPRKSA-N,CCCN(CCCCCCCCCN(CCC)[C@H]1CCc2c(O)cccc2C1)[C@H]1CCc2c(O)cccc2C1,9.275724130399212,1,0.0,2012,2012,2012,EC50,F,1
FAUOEZQOXBUMAX-QRRGNZNSSA-N,CCCN(CCCCCCCCCN(CCC)[C@H]1CCc2c(O)cccc2C1)[C@@H]1CCc2c(O)cccc2C1,9.275724130399212,1,0.0,2023,2023,2023,EC50,B,1
YZSGGHPNKSRPFF-DQMBHMMVSA-N,Cc1cc(OCC(=O)N[C@H]2CC[C@](F)(CCN3CCc4ccc(OCC(F)(F)F)nc4CC3)CC2)no1,9.275724130399212,2,0.0,2020,2022,2021,Ki,B,2
HEYGEKGBOXBVRP-PAVFIEEWSA-N,Cc1nc(CC(=O)N[C@H]2CC[C@](F)(CCN3CCc4nc(OCC(C)(F)F)sc4CC3)CC2)no1,9.275724130399212,1,0.0,2023,2023,2023,Ki,B,1
RGZPLWVASVRKAR-CZUORRHYSA-N,CCCN(CCC)[C@@H]1Cc2cccc(O)c2C[C@H]1C,9.267606240177031,1,0.0,2002,2002,2002,Ki,B,1
AFUIBDRITZEBAF-UHFFFAOYSA-N,N#Cc1cccc(N2CCN(CCCCNC(=O)c3cc4ccccc4o3)CC2)c1,9.267606240177031,1,0.0,2009,2009,2009,Ki,B,1
UTLSOLPDKDYHNU-IYARVYRRSA-N,Cc1cnc(CC(=O)N[C@H]2CC[C@H](CCN3CCc4nc(OCC(C)(F)F)sc4CC3)CC2)o1,9.267606240177031,1,0.0,2023,2023,2023,Ki,B,1
UAYCNAAXTDRTLZ-ZVWHWTBFSA-N,Cn1ncc(CC(=O)N[C@H]2CC[C@](F)(CCN3CCc4ccc(OC5CCC5)nc4CC3)CC2)n1,9.267606240177031,1,0.0,2023,2023,2023,Ki,B,1
UOAJXLKVGXLXPT-QAQDUYKDSA-N,Cc1nc(CC(=O)N[C@H]2CC[C@H](CCN3CCc4nc(OCC(F)(F)F)sc4CC3)CC2)n(C)n1,9.267606240177031,1,0.0,2023,2023,2023,Ki,B,1
JTLCTTWVUAIQHD-UHFFFAOYSA-N,CN(C)CC1CC2c3ccccc3Cc3ccc(Cl)cc3N2O1,9.260032303240491,2,0.0,2002,2002,2002,IC50,B,2
RRSUWPYFZSEELD-XMSQKQJNSA-N,Cc1ncoc1-c1nnc(SCCCN2CC[C@@]3(C[C@@H]3c3ccccc3C(F)(F)F)C2)n1C,9.260032303240491,1,0.0,2016,2016,2016,Ki,B,1
FCQJWZQRHJCJSA-UHFFFAOYSA-N,O=C(NCCCCN1CCN(c2cccc(Cl)c2Cl)CC1)c1cc2ccccc2[te]1,9.259637310505756,1,0.0,2002,2002,2002,Ki,B,1
UGPOUXCBUMYZLN-VAWYXSNFSA-N,COc1ccccc1N1CCN(CCCCNC(=O)/C=C/c2cccc3c2OCO3)CC1,9.259637310505756,1,0.0,2003,2003,2003,Ki,B,1
LQCUFDIAPSFACZ-UHFFFAOYSA-N,CCCN(CCCCNC(=O)c1ccc(-c2ccccc2)cc1)C1Cc2cccn3ncc(c23)C1,9.259637310505756,1,0.0,2011,2011,2011,Ki,B,1
KQHFMARZJJGTTG-UHFFFAOYSA-N,O=C(NCCCCN1CCN(c2ccccc2Cl)CC1)c1ccc(-c2ccsc2)cc1,9.259637310505756,1,0.0,2019,2019,2019,Ki,B,1
MZYJTTCCTJDSIK-WGSAOQKQSA-N,CCCOc1nc2c(s1)CCN(CC[C@H]1CC[C@H](NC(=O)c3cccc4nn(C)cc34)CC1)C2,9.259637310505756,2,0.0,2020,2022,2021,Ki,B,2
DFNOGIGMAURTCI-JKCYLYBBSA-N,Cn1cc2c(C(=O)N[C@H]3CC[C@](F)(CCN4CCC(c5nocc5C(C)(F)F)CC4)CC3)cccc2n1,9.259637310505756,1,0.0,2022,2022,2022,Ki,B,1
NXFWREBNGARSTI-LBEPJEHYSA-N,Cc1cnc(CC(=O)N[C@H]2CC[C@](F)(CCN3CCc4nc(OCCC(F)(F)F)sc4CC3)CC2)o1,9.259637310505756,1,0.0,2023,2023,2023,Ki,B,1
MGOGLRASNXTNEH-BUHFOSPRSA-N,COc1ccccc1/C=C/C(=O)NCCCCN1CCN(c2ccccc2OC)CC1,9.2518119729938,2,0.0,2003,2009,2006,Ki,B,2
OXCQNGTWPIHFHI-FQEVSTJZSA-N,CCCN(CCN1CCN(C(=O)c2ccc3[nH]ccc3c2)CC1)[C@H]1CCc2nc(N)sc2C1,9.2518119729938,1,0.0,2012,2012,2012,EC50,F,1
XBNMOXOSTOMNAW-DLBZAZTESA-N,Cc1ncccc1C(=O)N[C@H]1CC[C@H](CCN2CCc3nc(OCC(F)(F)F)sc3CC2)OC1,9.2518119729938,2,0.0,2020,2022,2021,Ki,B,2
PERZUBKQSWNXBB-KOAQGZTJSA-N,Cc1cnc(CC(=O)N[C@H]2CC[C@H](CCN3C[C@@H]4C[C@]4(c4cc(C(C)(F)F)on4)C3)CC2)o1,9.2518119729938,1,0.0,2022,2022,2022,Ki,B,1
UUBHNHBPLALWJT-UHFFFAOYSA-N,Cc1ncccc1C(=O)NC12CCC(CCN3CCc4ccc(OCC(F)F)nc4CC3)(CC1)CC2,9.2518119729938,1,0.0,2023,2023,2023,Ki,B,1
PWKPGNFUHDJMAK-NDQYQSCMSA-N,CC(F)(F)COc1nc2c(s1)CCN(CC[C@]1(F)CC[C@@H](NC(=O)c3cccnc3C(F)F)CC1)CC2,9.2518119729938,1,0.0,2023,2023,2023,Ki,B,1
ZWINHZKEJACBFT-GCJKJVERSA-N,Cn1c(SCCCN2CC[C@]3(C[C@@H]3c3ccc(C(F)(F)F)cc3)C2)nnc1-c1cccs1,9.244998293481554,2,0.035394117953295,2016,2016,2016,Ki,B;F,1
DQMMOHPPKACCQN-QHCPKHFHSA-N,CCCN(CCN1CCN(C(=O)c2cc3ccccc3[nH]2)CC1)[C@H]1CCc2c(O)cccc2C1,9.244125144327509,1,0.0,2010,2010,2010,Ki,B,1
OLJONOSWRLTMOI-UHFFFAOYSA-N,O=C(NCCCCN1CCN(c2cccc(Cl)c2Cl)CC1)c1cnc2ccc(F)cc2c1,9.244125144327509,1,0.0,2015,2015,2015,Ki,B,1
IWDYHWHOELBSSW-LMTLIKQPSA-N,Cn1cc(CC(=O)N[C@H]2CC[C@](F)(CCN3CCc4nc(OCC(F)(F)F)sc4CC3)CC2)cn1,9.244125144327509,2,0.0,2020,2022,2021,Ki,B,2
NVQYUJQBGUNKEL-HMRCJKRNSA-N,Cc1ncccc1C(=O)N[C@H]1CC[C@](F)(CCN2CCc3nc(OCC(C)(F)F)sc3CC2)CC1,9.244125144327509,1,0.0,2023,2023,2023,Ki,B,1
PNQSNINBJBZCHR-PAVFIEEWSA-N,Cn1cc(CC(=O)N[C@H]2CC[C@](F)(CCN3CCc4nc(OCC(F)F)sc4CC3)CC2)c(F)n1,9.244125144327509,1,0.0,2023,2023,2023,Ki,B,1
ZDQIWLYZMZKCKZ-UHFFFAOYSA-N,COc1ccccc1N1CCN(CCCCNC(=O)c2cc3cc(C#N)ccc3[nH]2)CC1,9.240030142445693,1,0.0,2007,2007,2007,Ki,B,1
SPXBIHAHCCAKBB-KNQAVFIVSA-N,Cn1c(SCCCN2CC[C@]3(C[C@@H]3c3ccc(C(F)(F)F)cc3)C2)nnc1-c1ccsc1,9.240030142445693,1,0.0,2016,2016,2016,Ki,B,1
AMJCGARHMZJBKQ-UHFFFAOYSA-N,COc1ccccc1N1CCN(CCCCN2CCc3cc(-c4cccs4)ccc3C2=O)CC1,9.236830361305078,2,0.9673056613875815,2011,2011,2011,EC50;Ki,B;F,1
ZSNLCMKFRUHLTG-YLIUREIVSA-N,CCc1cccc(N2CCN(CC[C@H]3CC[C@H](NC(=O)c4ccc(-c5cccnc5)cc4)CC3)CC2)c1Cl,9.236572006437063,1,0.0,2023,2023,2023,Ki,B,1
DSQMOWVBQWIPID-GGYDESQDSA-N,Cc1nnc(CC(=O)N[C@H]2CC[C@](F)(CCN3CCc4nc(OCC(F)(F)F)sc4CC3)CC2)o1,9.236572006437063,2,0.0,2020,2022,2021,Ki,B,2
ZFYHDORWLOTBMB-LYXWCMDISA-N,CCc1cc([C@]23C[C@H]2CN(CC[C@H]2CC[C@H](NC(=O)Cc4cnc(C)o4)CC2)C3)no1,9.236572006437063,1,0.0,2022,2022,2022,Ki,B,1
XTXKTQKZXFWQIP-UTKZUKDTSA-N,Cn1c(SCCCN2C[C@H]3CCN(c4ccc(C(F)(F)F)cc4)[C@H]3C2)nnc1-c1ccc(C(N)=O)nc1,9.229884705212898,2,0.0,2019,2020,2019,Ki,B,2
WGMYZADUDVJWCW-ZHACJKMWSA-N,COc1ccccc1N1CCN(CCCCNC(=O)/C=C/c2cccs2)CC1,9.229147988357855,1,0.0,2003,2003,2003,Ki,B,1
DJUWRNXEJLCKJK-UHFFFAOYSA-N,CCCN(CCCCNC(=O)c1ccc(-c2ccccc2)cc1)C1CCn2ncc(Cl)c2C1,9.229147988357855,1,0.0,2011,2011,2011,Ki,B,1
MWAPGIGSNBMUAD-CCPXZDFDSA-N,CCCN(CCCCOc1ccn2ncc(/C=N\O)c2c1)[C@H]1CCc2c(O)cccc2C1,9.229147988357855,1,0.0,2017,2017,2017,Ki,B,1
JGPPAABCUOMAQN-PGWJBFNOSA-N,O=C(N[C@H]1CC[C@H](CCN2CCN(c3cccc(Cl)c3Cl)CC2)CC1)c1ccc(-c2cccnc2)cc1,9.229147988357855,1,0.0,2023,2023,2023,Ki,B,1
QIFJIQHOWNQNPJ-AQYVVDRMSA-N,Cc1ncc(CC(=O)N[C@H]2CC[C@H](CCN3CCc4ccc(OC(C)C)nc4CC3)CC2)o1,9.229147988357855,1,0.0,2023,2023,2023,Ki,B,1
HGWMAJKXWQKIMH-PAVFIEEWSA-N,Cc1ncc(CC(=O)N[C@H]2CC[C@](F)(CCN3CCc4nc(OCC(F)F)sc4CC3)CC2)o1,9.229147988357855,1,0.0,2023,2023,2023,Ki,B,1
DEZXTTORBGGEJG-MIRVZWSXSA-N,Cc1nc(CC(=O)N[C@H]2CC[C@](F)(CCN3CCc4nc(OCCC(F)(F)F)sc4CC3)CC2)no1,9.229147988357855,1,0.0,2023,2023,2023,Ki,B,1
YFKVSCFFRQFRQH-PAVFIEEWSA-N,Cn1c(C(=O)N[C@H]2CC[C@](F)(CCN3CCc4nc(OCC(F)(F)F)sc4CC3)CC2)cccc1=O,9.229147988357855,1,0.0,2023,2023,2023,Ki,B,1
LZEJCTIJSMQOTB-MXVIHJGJSA-N,COc1ccccc1N1CCN(CC[C@H]2CC[C@H](NC(=O)c3cccs3)CC2)CC1,9.221848749616356,1,0.0,1997,1997,1997,Ki,B,1
SVMKGKAFODEYNT-ZHACJKMWSA-N,COc1ccccc1N1CCN(CCCCNC(=O)/C=C/c2ccco2)CC1,9.221848749616356,1,0.0,2003,2003,2003,Ki,B,1
BHCGEYUCUMFGQX-SNAWJCMRSA-N,COc1ccccc1C(=O)NC/C=C/CN1CCN(c2cccc(Cl)c2Cl)CC1,9.221848749616356,1,0.0,2005,2005,2005,Ki,B,1
FKUQSZKJDBSUAF-ZDUSSCGKSA-N,C=CCN1CCC[C@H]1CNC(=O)c1cc(Br)cc(OC)c1OC,9.221848749616356,1,0.0,2007,2007,2007,Ki,B,1
JIFZJJHUCHFIGP-UHFFFAOYSA-N,COc1c(C(=O)NCCCCN2CCN(c3cccc(Cl)c3Cl)CC2)ccc2ccccc12,9.221848749616356,1,0.0,2009,2009,2009,Ki,B,1
HPTXIDFVXWZMRU-IRJFHVNHSA-N,Cn1cc2ccc(C(=O)N[C@H]3CC[C@H](CCN4CCc5nc(OCC(F)F)sc5CC4)CC3)cc2n1,9.221848749616356,2,0.0,2020,2022,2021,Ki,B,2
MDSGWCGOSTVFAW-JKIUYZKVSA-N,O=C(N[C@H]1CC[C@H](CCN2CCC(c3nocc3C3CC3)CC2)CC1)c1cccc2ncccc12,9.221848749616356,1,0.0,2022,2022,2022,Ki,B,1
LEFBFLOSCAEZAG-UHFFFAOYSA-N,COc1ccccc1N1CCN(CCCCNC(=O)c2cccc(OCCOCCOCCOCCOc3cccc(C(=O)NCCCCN4CCN(c5ccccc5OC)CC4)c3)c2)CC1,9.214670164989233,1,0.0,2012,2012,2012,Ki,B,1
BQDBKDMTIJBJLA-UHFFFAOYSA-N,CS(=O)(=O)c1ccc2c(c1)N(CCCN1CCC(C(N)=O)CC1)c1ccccc1S2,9.214670164989233,2,0.0,2015,2015,2015,Ki,B,1
MMCFMTIBVMIETA-DJIMGWMZSA-N,Cc1nnc(CC(=O)N[C@H]2CC[C@H](CCN3CCc4nc(O[C@H](C)C(F)(F)F)sc4CC3)CC2)s1,9.214670164989233,1,0.0,2023,2023,2023,Ki,B,1
BRSSDADOMRUGSY-RUCARUNLSA-N,N#Cc1cc(N2CCN(CC[C@H]3CC[C@H](NC(=O)CN)CC3)CC2)cc(C(F)(F)F)c1,9.207608310501746,1,0.0,2014,2014,2014,Ki,B,1
BZAHLFFPVNVFKZ-UHFFFAOYSA-N,CCc1cccc(N2CCN(CCCCCNC(=O)c3nc(C)c[nH]3)CC2)c1Cl,9.207608310501746,1,0.0,2022,2022,2022,Ki,B,1
LAUHZVOYMPVSHN-CDSYHYPYSA-N,CCc1cc([C@]23C[C@H]2CN(CC[C@H]2CC[C@H](NC(=O)Cc4cnn(C)c4)CC2)C3)no1,9.207608310501746,1,0.0,2022,2022,2022,Ki,B,1
SKPBGVJZUPBKNY-HCGLCNNCSA-N,CC(C)Oc1ccc2c(n1)CCN(CC[C@H]1CC[C@H](NC(=O)c3cccc4c(=O)n(C)ccc34)CC1)CC2,9.207608310501746,1,0.0,2023,2023,2023,Ki,B,1
JSFQLFQOTKBFHL-UHFFFAOYSA-N,CCc1cccc(N2CCN(CCCCNC(=O)c3nc(C)c[nH]3)CC2)c1Cl,9.20690839982342,1,0.0,2016,2016,2016,Ki,B,1
MDBWEQVKJDMEMK-AWEZNQCLSA-N,CCCN(CCC)[C@H]1CCc2c(O)cccc2C1,9.200659450546418,3,0.0386517470146157,1996,2023,2012,EC50;Ki,B;F,3
XPMUUENUQYZASR-HHHXNRCGSA-N,C#CC1=CC[C@@H](N(CCC)CCCCNC(=O)c2ccc(OCCCc3cn(CCCC)nn3)c(OC)c2)CO1,9.200659450546418,1,0.0,2015,2015,2015,Ki,B,1
WHUMPPXYAFTKHM-UILWBTOOSA-N,Cc1ncc(CC(=O)N[C@H]2CC[C@H](CCN3CCC(c4nocc4CC4CC4)CC3)CC2)s1,9.200659450546418,1,0.0,2022,2022,2022,Ki,B,1
NAUFGONVBIOHQY-WKILWMFISA-N,Cn1ncc(CC(=O)N[C@H]2CC[C@H](CCN3CCc4sc(OCC(C)(F)F)nc4C3)CC2)n1,9.200659450546418,1,0.0,2023,2023,2023,Ki,B,1
FUFXFMAPOLKTBS-MIRVZWSXSA-N,Cc1nnc(CC(=O)N[C@H]2CC[C@](F)(CCN3CCc4nc(OCCC(F)(F)F)sc4CC3)CC2)s1,9.200659450546418,1,0.0,2023,2023,2023,Ki,B,1
QQJHRQZZCNYDMX-AHKZPQOWSA-N,N#Cc1ccc2c(c1)[C@@H]1CN(CCCCNC(=O)c3ccc(-c4ccccc4)cc3)C[C@H]1CO2,9.199970640755865,1,0.0,1999,1999,1999,Ki,B,1
UTEKSPGIYDUAMB-UHFFFAOYSA-N,CCN(Cc1ccc2c(c1)OCO2)Cc1ccc(-c2cc(S(=O)(=O)CC)ccc2OC)[nH]1,9.199970640755865,1,0.0,1997,1997,1997,Ki,B,1
LOGDXDWDCZTLOS-UHFFFAOYSA-N,Cc1cc(-c2ccc3c(c2)CCN(CCCSc2nnc(-c4ccc(Cl)cc4)n2C)CC3)no1,9.199970640755865,1,0.0,2007,2007,2007,Ki,F,1
KAEBDVFJWYJWBA-UHFFFAOYSA-N,O=C1N(CCN2CCCc3sccc3C2)CCN1c1cccc(Cl)c1,9.199970640755865,2,0.0,2009,2009,2009,Ki,B;F,2
MDDQIOXYIZYHFT-UHFFFAOYSA-N,Cc1ncoc1-c1nnc(SCCCN2CC3CC3(c3ccc(C(F)(F)F)c(F)c3)C2)n1C,9.199970640755865,3,1.4730853678548415,2010,2010,2010,Ki,F,1
KPSCTAUZOJQHBV-NZQKXSOJSA-N,Cn1c(SCCCN2C[C@@H]3C[C@]3(c3ccc(C(F)(F)F)cc3)C2)nnc1-c1ccccc1,9.199970640755865,1,0.0,2010,2010,2010,Ki,F,1
AEXFOTSQBUVBKJ-PGRDOPGGSA-N,Cc1cnc(-c2nnc(SCCCN3C[C@@H]4C[C@]4(c4ccc(C(F)(F)F)cc4)C3)n2C)cn1,9.199970640755865,1,0.0,2010,2010,2010,Ki,F,1
BIJSJQXDPUAQLO-UADZTWIMSA-N,Cc1ncoc1-c1nnc(SCCCN2[C@@H]3CC[C@H]2C[C@@H](c2ccc(C(C)(C)C)cc2)C3)n1C,9.199970640755865,1,0.0,2010,2010,2010,Ki,F,1
HQPJIWFXJJJLTM-OWOJBTEDSA-N,O=C(NC/C=C/CN1CCN(c2cccc(Cl)c2Cl)CC1)c1ccc(O)cc1,9.198970004336019,4,0.31288319422419975,2005,2005,2005,IC50;Ki,B;F,2
APNJSCJYYJPREB-CMDGGOBGSA-N,COc1ccccc1N1CCN(CCCCNC(=O)/C=C/c2ccsc2)CC1,9.193820026016112,1,0.0,2003,2003,2003,Ki,B,1
IQCMYUXFEHXTKF-JCNLHEQBSA-N,Cn1cc(CC(=O)N[C@H]2CC[C@H](CCN3CCc4sc(OCC(C)(F)F)nc4C3)CC2)c(F)n1,9.193820026016112,2,0.0,2020,2022,2021,Ki,B,2
DODUHZQKDPVRII-KESTWPANSA-N,Cc1ncc(CC(=O)N[C@H]2CC[C@H](CCN3CCc4nc(OCC5CC5)sc4CC3)CC2)s1,9.193820026016112,2,0.0,2020,2022,2021,Ki,B,2
QCALWRVXYCHRSG-AZUAARDMSA-N,Cc1ncoc1-c1nnc(SCCCN2C[C@@H]3CCN(c4cccc(C#N)c4)[C@@H]3C2)n1C,9.189767482004916,2,0.0,2019,2020,2019,Ki,B,2
GHXMJOBEVWDMLQ-QRWLVFNGSA-N,Cn1c(SCCCN2C[C@H]3CCN(c4c(F)cc(F)cc4F)[C@H]3C2)nnc1-c1ccc(C(N)=O)nc1,9.189767482004916,2,0.0,2019,2020,2019,Ki,B,2
WGDFOVYWTNOIKG-UHFFFAOYSA-N,CN(C)c1ccc(C(=O)NCCCCN2CCN(c3ccccc3OCCF)CC2)cc1,9.187086643357144,1,0.0,2011,2011,2011,Ki,B,1
QKRYZEPUNXTJKK-UHFFFAOYSA-N,COc1ccccc1N1CCN(CC(O)CCNC(=O)c2cc3cc(F)ccc3o2)CC1,9.187086643357144,2,0.0,2014,2014,2014,Ki,B,1
NAGHKDZEWLQUKZ-UAPYVXQJSA-N,Cc1ncc(CC(=O)N[C@H]2CC[C@H](CCN3CCC(c4nocc4C(C)(F)F)CC3)CC2)s1,9.187086643357144,1,0.0,2022,2022,2022,Ki,B,1
YVWRSMPIFCRHNU-VWUVLELUSA-N,Cc1ncc(/C=C/C(=O)N[C@H]2CC[C@](F)(CCN3CCc4nc(OCC(F)F)sc4CC3)CC2)cn1,9.187086643357144,1,0.0,2023,2023,2023,Ki,B,1
QJWKIKCCSCPIKZ-AQYVVDRMSA-N,Cc1cnc(CC(=O)N[C@H]2CC[C@H](CCN3CCc4ccc(OC5CCC5)nc4CC3)CC2)o1,9.187086643357144,1,0.0,2023,2023,2023,Ki,B,1
NBGJODUAUISAEF-UHFFFAOYSA-N,CCCNC1CCc2ccc(O)cc2C1,9.18045606445813,1,0.0,1996,1996,1996,Ki,B,1
PKJVDKUHFZYEMN-UHFFFAOYSA-N,CCOCCOc1ccn2ncc(C(=O)NCCCCN3CCN(c4ccccc4OC)CC3)c2c1,9.18045606445813,1,0.0,2012,2012,2012,Ki,B,1
SBWDEIFOMNBGRY-MEMLXQNLSA-N,O=C(N[C@H]1CC[C@H](CCN2CCN(c3cccc(Cl)c3Cl)CC2)CC1)c1ccnc2ccccc12,9.18045606445813,1,0.0,2023,2023,2023,Ki,B,1
BIYGZOAYJAQYDW-JKIUYZKVSA-N,Cn1cc2c(C(=O)N[C@H]3CC[C@H](CCN4CCc5ccc(C6CC6)nc5CC4)CC3)cccc2n1,9.18045606445813,2,0.0,2020,2022,2021,Ki,B,2
FASDKYOPVNHBLU-SSDOTTSWSA-N,CCCN[C@@H]1CCc2nc(N)sc2C1,9.179995693191682,1,0.0,2021,2021,2021,Ki,B,1
WZWOJHTTXVCIBY-RZDIXWSQSA-N,N#Cc1cc(N2CCN(CC[C@H]3CC[C@H](NS(N)(=O)=O)CC3)CC2)cc(C(F)(F)F)c1,9.173925197299173,1,0.0,2014,2014,2014,Ki,B,1
FBPDTELIQBUGLW-MIRVZWSXSA-N,Cc1cc(CC(=O)N[C@H]2CC[C@](F)(CCN3CCc4nc(OCC(F)(F)F)sc4CC3)CC2)no1,9.173925197299173,2,0.0,2020,2022,2021,Ki,B,2
OPCZQJWXLOJWEW-UHFFFAOYSA-N,COc1ccccc1N1CCN(CCCCNC(=O)c2cc3ccccc3[te]2)CC1,9.167491087293763,1,0.0,2002,2002,2002,Ki,B,1
WZTXLKNXNIFASN-FYWRMAATSA-N,COc1ccccc1N1CCN(CCCCNC(=O)/C=C/c2ccc3ccccc3c2)CC1,9.167491087293763,1,0.0,2003,2003,2003,Ki,B,1
LQSBOQJIPVGJNY-AQYVVDRMSA-N,Cc1cc(CC(=O)N[C@H]2CC[C@H](CCN3CCC(c4coc5ccccc45)CC3)CC2)on1,9.167491087293763,2,0.0,2014,2014,2014,Ki,B,1
FKHVTQQFARSOBP-UHFFFAOYSA-N,Cc1ccccc1N1CCN(CCCCNC(=O)c2ccc(-c3ccsc3)cc2)CC1,9.167491087293763,1,0.0,2019,2019,2019,Ki,B,1
OXFFXWBIWDAKRT-JKSUJKDBSA-N,Cn1cc(OCC(=O)N[C@H]2CC[C@H](CCN3CCc4nc(OCC(F)(F)F)sc4CC3)OC2)cn1,9.167491087293763,2,0.0,2020,2022,2021,Ki,B,2
DDGNKEAPKHYRST-XUTJKUGGSA-N,Cc1nnc(CC(=O)N[C@H]2CC[C@H](CCN3CCc4ccc(OC(C)C)nc4CC3)CC2)s1,9.167491087293763,1,0.0,2023,2023,2023,Ki,B,1
VIBQJDQSQVVZMZ-JAQLMMITSA-N,Cn1cc(CC(=O)N[C@H]2CC[C@](F)(CCN3CCc4ccc(OC5CCC5)nc4CC3)CC2)cn1,9.167491087293763,1,0.0,2023,2023,2023,Ki,B,1
UUXJEWIMBQSYJG-UHFFFAOYSA-N,CCCN(CCN1CCN(c2ccc3ccccc3c2)CC1)C1CCc2ccc(O)cc2C1,9.164309428507574,1,0.0,2010,2010,2010,Ki,B,1
ZIAICQQANCNQNU-JLHYYAGUSA-N,COc1ccccc1N1CCN(CCCCNC(=O)/C=C/c2ccc(F)cc2)CC1,9.161150909262744,3,0.545133995919501,2003,2010,2010,EC50;Ki,B;F,2
HHDJZPNFXJLNJK-HSZRJFAPSA-N,CCCN(CCCCNC(=O)c1cc2ccccc2[nH]1)[C@@H]1Cc2cccc3c2n(c(=O)n3CCC)C1,9.161150909262744,1,0.0,2017,2017,2017,Ki,B,1
NTVRUBIWHSZDEQ-XUTJKUGGSA-N,O=C(N[C@H]1CC[C@H](CCN2CCc3ccc(OCC(F)F)nc3C2)CC1)c1cccc2ncccc12,9.161150909262744,2,0.0,2020,2022,2021,Ki,B,2
AVWMISMTBOIUJI-UAPYVXQJSA-N,Cc1cc(CC(=O)N[C@H]2CC[C@H](CCN3CCC(c4nocc4C(C)(F)F)CC3)CC2)on1,9.161150909262744,1,0.0,2022,2022,2022,Ki,B,1
OQWIVCDXOWOYAM-XUTJKUGGSA-N,CC(=O)c1conc1C1=CCN(CC[C@H]2CC[C@H](NC(=O)c3cccc4nn(C)cc34)CC2)CC1,9.161150909262744,1,0.0,2022,2022,2022,Ki,B,1
GTBOPEMTJNTFPO-LBEPJEHYSA-N,Cn1cc(CC(=O)N[C@H]2CC[C@](F)(CCN3CCc4nc(OCC(F)F)sc4CC3)CC2)cn1,9.161150909262744,1,0.0,2023,2023,2023,Ki,B,1
ABNWTYHEAATIEC-UHFFFAOYSA-N,COc1ccccc1N1CCN(CCCCNC(=O)c2cc3cc(Br)ccc3o2)CC1,9.160019442321657,1,0.0,2007,2007,2007,Ki,B,1
XRDPJIJIWYVCKW-PGRDOPGGSA-N,Cc1ncoc1-c1nnc(SCCCN2CC[C@@]3(C[C@H]3c3ccc(F)cc3)C2)n1C,9.16000566765199,2,0.16970634304912405,2016,2016,2016,Ki,B;F,1
NEDWSVCVHMJKSZ-UHFFFAOYSA-N,COc1ccccc1N1CCN(CCCCN2CCc3cc(-c4ccco4)ccc3C2=O)CC1,9.158026434624244,2,0.7350435386430217,2011,2011,2011,EC50;Ki,B;F,1
ZMYOIZHRXABMFZ-ONEGZZNKSA-N,O=C(NC/C=C/CN1CCN(c2cccc(Cl)c2Cl)CC1)c1ccc(-c2ccccn2)cc1,9.154901959985743,8,0.359547175350093,2005,2015,2006,IC50;Ki,B;F,5
IAXCCAHOKNMOII-UHFFFAOYSA-N,COc1ccccc1N1CCCN(CCCCNC(=O)c2ccc(-c3ccsc3)cc2)CC1,9.154901959985743,1,0.0,2013,2013,2013,Ki,B,1
MPWWGTFDWDZHRM-UHFFFAOYSA-N,OC1(c2ccc(Cl)cc2)CC2CCC(C1)N2CCCSc1ccc(F)cc1,9.154901959985743,1,0.0,2014,2014,2014,Ki,B,1
QXTADKACYIMHII-UHFFFAOYSA-N,CN1CCN(CCCOc2ccc3ccccc3c2)CC1,9.154901959985743,1,0.0,2023,2023,2023,Ki,B,1
VETXVTBLRUMWQE-RBUKOAKNSA-N,Cc1ncc(CC(=O)N[C@H]2CC[C@H](CCN3CCc4ccc(OCC(F)(F)F)nc4CC3)OC2)o1,9.154901959985743,2,0.0,2020,2022,2021,Ki,B,2
KKKVTQFKSDZRGJ-CRHQVGFKSA-N,CCc1cc([C@]23C[C@H]2CN(CC[C@H]2CC[C@H](NC(=O)c4cccc5nn(C)cc45)CC2)C3)no1,9.154901959985743,1,0.0,2022,2022,2022,Ki,B,1
MXGQNMMTNCYAQF-UHFFFAOYSA-N,CCN(C)C1CCc2ccc(O)cc2C1,9.148741651280925,1,0.0,1996,1996,1996,Ki,B,1
UTFOVXIJDJSMKK-UHFFFAOYSA-N,CCCN(CCCCNC(=O)c1ccc(-c2ccccc2)cc1)C1CCn2nccc2C1,9.148741651280925,1,0.0,2011,2011,2011,Ki,B,1
SHGYUZFUKMSIQE-UHFFFAOYSA-N,CCCCn1cc(CCCOc2ccc(C(=O)NCCCCN(CCC)C3Cc4ccccc4C3)cc2OC)nn1,9.148741651280925,1,0.0,2011,2011,2011,Ki,B,1
NQUFJLNBHRSFTR-UHFFFAOYSA-N,O=C1COc2c(N3CCN(CCCCOc4ccn5nccc5c4)CC3)ccc(O)c2N1,9.148741651280925,1,0.0,2017,2017,2017,Ki,B,1
KKKVTQFKSDZRGJ-VLMCNUBESA-N,CCc1cc(C23CC2CN(CC[C@H]2CC[C@H](NC(=O)c4cccc5nn(C)cc45)CC2)C3)no1,9.148741651280925,1,0.0,2022,2022,2022,Ki,B,1
STAVWPPMEYFUSB-LYXWCMDISA-N,CCc1cc([C@]23C[C@H]2CN(CC[C@H]2CC[C@H](NC(=O)COc4cnn(C)c4)CC2)C3)no1,9.148741651280925,1,0.0,2022,2022,2022,Ki,B,1
WDSFGGKHZHMPNE-SXTNBDNLSA-N,Cn1ncc(CC(=O)N[C@H]2CC[C@H](CCN3C[C@@H]4C[C@]4(c4cc(C5CC5)on4)C3)CC2)n1,9.148741651280925,1,0.0,2022,2022,2022,Ki,B,1
PWZPBZQTTHOCIS-MHZLTWQESA-N,C#CC1=CC[C@H](N(CCC)CCCCNC(=O)c2ccc(-c3ccccc3)cc2)CC1,9.143675149186393,2,1.0990470257715665,2013,2015,2014,Ki,B,2
LUUKEDLOUSMCGZ-UHFFFAOYSA-N,COc1ccccc1N1CCN(CCCCOc2ccc(-c3cn4ccccc4n3)cc2)CC1,9.142667503568731,1,0.0,2007,2007,2007,Ki,B,1
NPWPDDLAKMBGPN-CYYJNZCTSA-N,COc1ccccc1N1CCN(CCCCNC(=O)/N=N/c2ccc(F)c(F)c2)CC1,9.142667503568731,1,0.0,2015,2015,2015,Ki,B,1
UEGXWOAAXGJOTK-LSDHHAIUSA-N,Cc1nc(CC(=O)N[C@H]2CC[C@H](CCN3CCc4nc(OCC(F)(F)F)sc4CC3)OC2)no1,9.142667503568731,2,0.0,2020,2022,2021,Ki,B,2
VOHRIFJWKDCAAD-DLBZAZTESA-N,O=C(N[C@H]1CC[C@H](CCN2CCc3sc(OCC(F)(F)F)nc3C2)OC1)c1cccc2ncccc12,9.142667503568731,1,0.0,2020,2020,2020,Ki,B,1
QHIULQWGQMIOMJ-IYARVYRRSA-N,O=C(N[C@H]1CC[C@H](CCN2CCc3sc(OCC(F)(F)F)nc3C2)CC1)c1cccc2ncccc12,9.142667503568731,1,0.0,2022,2022,2022,Ki,B,1
PJHSLUZTOYNMIW-QAQDUYKDSA-N,Cc1nnc(CC(=O)N[C@H]2CC[C@H](CCN3CCc4nc(OCCC(F)(F)F)sc4CC3)CC2)o1,9.142667503568731,1,0.0,2023,2023,2023,Ki,B,1
MNAFRWGRFIBAQX-GCJKJVERSA-N,Cc1ncoc1-c1nnc(SCCCN2CC[C@]3(C[C@@H]3c3ccc(C(F)(F)F)cc3)C2)n1C,9.14002155835798,3,0.2272125998127149,2016,2016,2016,Ki,B;F,1
MKKZZPATQDBJPJ-OUKQBFOZSA-N,COc1ccccc1N1CCN(CCCCNC(=O)/C=C/c2ccc(C=O)cc2)CC1,9.136677139879545,1,0.0,2003,2003,2003,Ki,B,1
UCZBYQLMYSGJSK-UHFFFAOYSA-N,Cc1ccccc1N1CCN(CCCCNC(=O)c2ccc3ccccc3c2)CC1,9.136677139879545,1,0.0,2016,2016,2016,Ki,B,1
UEXRUIOOOVZHFZ-WOJBJXKFSA-N,CCCCCCC(C)(C)c1cc(O)c2c(c1)OC(C)(C)[C@@H]1CCC(CO)=C[C@@H]21,9.136677139879545,1,0.0,2017,2017,2017,EC50,F,1
WPEFJCKNIISAPH-MXVIHJGJSA-N,Cn1cc2c(C(=O)N[C@H]3CC[C@H](CCN4CCc5nc(OCC(C)(C)F)sc5CC4)CC3)cccc2n1,9.136677139879545,2,0.0,2020,2022,2021,Ki,B,2
UIAJBDDQYBMSRB-JLHYYAGUSA-N,COc1ccccc1N1CCN(CCCCNC(=O)/C=C/c2ccc([N+](=O)[O-])cc2)CC1,9.130768280269024,1,0.0,2003,2003,2003,Ki,B,1
UKKJJXAEHLPZSM-UHFFFAOYSA-N,CCCN(C)C1CCc2ccc(O)cc2C1,9.130768280269024,1,0.0,1996,1996,1996,Ki,B,1
IYZKGDKMKUFPAR-OWWJJEGGSA-N,Cc1cnc(OCC(=O)N[C@H]2CC[C@](F)(CCN3CCc4nc(OCCC(F)(F)F)sc4CC3)CC2)cn1,9.130768280269024,1,0.0,2023,2023,2023,Ki,B,1
IZFJEANBTQYYTG-UHFFFAOYSA-N,O=C(NCCCCN1CCN(c2cccc(Cl)c2Cl)CC1)c1cc2cc(Br)ccc2[nH]1,9.130005999878259,1,0.0,2007,2007,2007,Ki,B,1
HDDXRHHMVMEBSC-OUKQBFOZSA-N,COc1ccccc1N1CCN(CCCCNC(=O)/C=C/c2ccccc2I)CC1,9.1249387366083,1,0.0,2003,2003,2003,Ki,B,1
FKPNKWMJMHRBGE-UHFFFAOYSA-N,CCCN(CCc1cccs1)C1CCc2ccc(O)cc2C1,9.1249387366083,1,0.0,1996,1996,1996,Ki,B,1
VCYPZWCFSAHTQT-UHFFFAOYSA-N,CCCNC1CCc2c(O)cccc2C1,9.1249387366083,1,0.0,1996,1996,1996,Ki,B,1
QWPNEQOAVUPQBX-RZDIXWSQSA-N,N#Cc1cc(N2CCN(CC[C@H]3CC[C@H](NC(N)=O)CC3)CC2)cc(C(F)(F)F)c1,9.1249387366083,1,0.0,2014,2014,2014,Ki,B,1
OTSVAHKQZLNXPN-UHFFFAOYSA-N,CCc1cccc(N2CCN(CC(F)CCNC(=O)c3cc4ccccc4[nH]3)CC2)c1Cl,9.121478204498793,4,1.0860961354492418,2019,2022,2020,IC50;Ki,B,2
LXFPKJLLIWPMEU-UHFFFAOYSA-N,C#CCN(CCCCN1CCN(c2ccccc2)CC1)C1CCc2ccc(O)cc2C1,9.119186407719209,3,0.30173541143529115,2002,2008,2008,Ki,B,2
IHHXPMMIRSLYRE-UHFFFAOYSA-N,O=C1CC(=O)N(c2ccnc(-c3noc(=S)[nH]3)c2)c2ccc3ccccc3c2N1,9.113509274827518,1,0.0,2022,2022,2022,Ki,B,1
YXHDKJBFDWZXHB-RBUKOAKNSA-N,Cc1cnc(CC(=O)N[C@H]2CC[C@H](CCN3CCc4ccc(OCC(F)(F)F)nc4CC3)OC2)o1,9.113509274827518,2,0.0,2020,2022,2021,Ki,B,2
HNUFROAJESGZAR-UEYSASPJSA-N,CC(F)c1cc(C23CC2CN(CC[C@H]2CC[C@H](NC(=O)c4cccc5nn(C)cc45)CC2)C3)no1,9.113509274827518,1,0.0,2022,2022,2022,Ki,B,1
KSFPZVDNWKWICO-ORQYLMBXSA-N,CCc1cc([C@]23C[C@H]2CN(CC[C@H]2CC[C@H](NC(=O)Cc4nnc(C)s4)CC2)C3)no1,9.113509274827518,1,0.0,2022,2022,2022,Ki,B,1
GTRAXVNCZVAHOO-OWOJBTEDSA-N,O=C(NC/C=C/CN1CCN(c2cccc(Cl)c2Cl)CC1)c1ccc(-c2cccc(=O)[nH]2)cc1,9.110924374808178,6,0.12151156451919383,2007,2014,2014,IC50;Ki,B;F,2
XTXKTQKZXFWQIP-UHFFFAOYSA-N,Cn1c(SCCCN2CC3CCN(c4ccc(C(F)(F)F)cc4)C3C2)nnc1-c1ccc(C(N)=O)nc1,9.110138278741811,2,0.0,2019,2020,2019,Ki,B,2
CNNRPXDUHKLPGW-NGRWLJPCSA-N,O[C@@]1(c2ccc(Cl)cc2)C[C@H]2CC[C@@H](C1)N2Cc1coc2ccccc12,9.109661362783317,2,0.055267874014772116,2008,2008,2008,IC50;Ki,B;F,1
RCTPWYPPQMZWPM-WGSAOQKQSA-N,CCN(C)C(=O)N[C@H]1CC[C@H](CCN2CCN(c3nsc4ccccc34)CC2)CC1,9.10790539730952,1,0.0,2016,2016,2016,Ki,B,1
PXPHOMJZPNVWMG-KRWDZBQOSA-N,CCCN(CCCCCc1ccc(O)c(OC)c1)[C@H]1CCc2nc(N)sc2C1,9.10790539730952,1,0.0,2016,2016,2016,EC50,F,1
HFXHNRQNXGVDMC-IYARVYRRSA-N,CCc1cc(Cl)c(OC)c(N2CCN(CC[C@H]3CC[C@H](NC(N)=O)CC3)CC2)c1,9.10790539730952,1,0.0,2023,2023,2023,Ki,B,1
YCRXAHFQGPHELU-JKSUJKDBSA-N,Cc1cnc(CC(=O)N[C@H]2CC[C@H](CCN3CCc4nc(OCC(F)(F)F)sc4CC3)OC2)o1,9.10790539730952,2,0.0,2020,2022,2021,Ki,B,2
GWZXPAHTYVENKG-WKILWMFISA-N,Cc1nnc(CC(=O)N[C@H]2CC[C@H](CCN3CCc4nc(OCC(F)F)sc4CC3)CC2)o1,9.10790539730952,2,0.0,2020,2022,2021,Ki,B,2
NNCCKSDTBPBUII-AQYVVDRMSA-N,Cc1ncc(CC(=O)N[C@H]2CC[C@H](CCN3CCc4ccc(OC5CCC5)nc4CC3)CC2)o1,9.10790539730952,1,0.0,2023,2023,2023,Ki,B,1
WOZSFGJKUOKIMV-UHFFFAOYSA-N,C#Cc1ccc(C(=O)NCCCCN2CCN(c3cccc(Cl)c3Cl)CC2)cc1,9.103804155250874,2,0.572521946735583,2007,2007,2007,EC50;Ki,B;F,1
KKQCHXVFAAYWMK-GPJQFGOVSA-N,Cc1ncc(CC(=O)N[C@H]2CC[C@H](CCN3CCc4ccc(OCC(C)F)nc4CC3)CC2)s1,9.102372908709558,2,0.0,2020,2022,2021,Ki,B,2
QTZRLOJLVOVPNV-NUNSKJLSSA-N,CS(=O)(=O)Oc1ccc2c(c1)CCN(CC[C@H]1CC[C@H](NC(=O)/C=C/c3ccc(F)cc3)CC1)CC2,9.100015437450608,1,0.0,2003,2003,2003,Ki,B,1
QQJHRQZZCNYDMX-UHFFFAOYSA-N,N#Cc1ccc2c(c1)C1CN(CCCCNC(=O)c3ccc(-c4ccccc4)cc3)CC1CO2,9.100015437450608,1,0.0,1999,1999,1999,Ki,B,1
NUDYAYZOUXPCOQ-UHFFFAOYSA-N,CC(=O)c1ccc(C(=O)Nc2ccc(CCN3CC4COc5ccc(C#N)cc5C4C3)cc2)cc1,9.100015437450608,1,0.0,1999,1999,1999,Ki,B,1
XMOYTZMFUFFAOA-UHFFFAOYSA-N,CCS(=O)(=O)c1ccc(OC)c(-c2ccc(CN3CCCCCC3c3ccc(C)cc3)[nH]2)c1,9.100015437450608,1,0.0,1997,1997,1997,Ki,B,1
WLQQYOGZZSJJST-GOSISDBHSA-N,CCN(Cc1ccc(-c2cc(S(=O)(=O)CC)ccc2OC)[nH]1)[C@H](C)c1ccccc1,9.100015437450608,1,0.0,1997,1997,1997,Ki,B,1
LALPTZBNNOBOPF-UHFFFAOYSA-N,CCN(Cc1ccc(-c2cc(S(=O)(=O)CC)ccc2OC)[nH]1)C1CCc2ccccc21,9.100015437450608,1,0.0,1997,1997,1997,Ki,B,1
LVSUPYDDQCSHAN-UHFFFAOYSA-N,CCCN(CCCCNC(=O)c1ccc(-c2ccccc2)cc1)C1CCc2c(cccc2OC)C1,9.100015437450608,1,0.0,1997,1997,1997,Ki,B,1
KGMVEMHKBMNSJG-UHFFFAOYSA-N,CCCN(CCCCNC(=O)c1ccc(-c2ccccc2)cc1)C1CCc2nc(N)ncc2C1,9.100015437450608,1,0.0,1999,1999,1999,Ki,B,1
SUOCMIKXLFKQTH-RUZDIDTESA-N,CCS(=O)(=O)c1ccc(OC)c(-c2ccc(CN3CCCCC[C@@H]3c3ccccc3)[nH]2)c1,9.100015437450608,1,0.0,1997,1997,1997,Ki,B,1
HUBNPWLMVNJPBW-UHFFFAOYSA-N,CC(C)Oc1cc2c(cc1NS(=O)(=O)c1ccc(-c3ccc(Cl)cc3)cc1)CCN(C)CC2,9.100015437450608,1,0.0,2007,2007,2007,Ki,B,1
ZVIRWXRCUVYDPI-UHFFFAOYSA-N,COc1cc2c(cc1NS(=O)(=O)c1ccc(-c3ccc(Cl)cc3)cc1)CCN(C)CC2,9.100015437450608,1,0.0,2007,2007,2007,Ki,B,1
NECJNLXOJRDELU-UHFFFAOYSA-N,O=C1c2ccccc2C(=O)N1CCCCN1CC=C(c2c[nH]c3ccc(F)cc23)CC1,9.100015437450608,1,0.0,2007,2007,2007,Ki,B,1
CNYTYKJCKVUZFG-UHFFFAOYSA-N,COc1cccc(-c2nnc(SCCCN3CCc4ccc(-c5cc(C)on5)cc4CC3)n2C)c1,9.100015437450608,1,0.0,2007,2007,2007,Ki,F,1
AZIHSCHAYYVWIY-UHFFFAOYSA-N,Cc1cc(-c2ccc3c(c2)CCN(CCCSc2nnc(-c4cccn4C)n2C)CC3)no1,9.100015437450608,1,0.0,2007,2007,2007,Ki,F,1
VCJRZGBNXMAJCB-UHFFFAOYSA-N,Cc1ncoc1-c1nnc(SCCCN2CCc3ccc4oc(C(F)(F)C(F)(F)F)nc4c3CC2)n1C,9.100015437450608,1,0.0,2008,2008,2008,Ki,F,1
QJNRRDWLNVGLID-UHFFFAOYSA-N,Cc1ncoc1-c1nnc(SCCCN2CCc3ccc4oc(C(C)(F)F)nc4c3CC2)n1C,9.100015437450608,1,0.0,2008,2008,2008,Ki,F,1
IOJIPFCHEXMFMJ-UHFFFAOYSA-N,Cc1ccc2c(-c3nnc(SCCCN4CCc5cc6nc(C(C)(C)C)oc6cc5CC4)n3C)cccc2n1,9.100015437450608,1,0.0,2008,2008,2008,Ki,F,1
ZULQKQGLUORZDC-UHFFFAOYSA-N,N#Cc1cccc(N2CCN(CCN3CCC(C(F)(F)F)CC3)C2=O)c1,9.100015437450608,3,0.0577439397352268,2009,2009,2009,Ki,B;F,2
RZEKPECTALABSH-UHFFFAOYSA-N,Cc1ncoc1-c1nnc(SCCCN2CC3CC3(c3cc(F)cc(C(F)(F)F)c3)C2)n1C,9.100015437450608,3,0.8962947008068838,2010,2010,2010,Ki,F,1
AWJOAMPQOUEKCN-UHFFFAOYSA-N,Cc1ccc2c(-c3nnc(SCCCN4CC5CC5(c5ccc(C(F)(F)F)cc5)C4)n3C)cccc2n1,9.100015437450608,1,0.0,2010,2010,2010,Ki,F,1
CCJLDYTVWAENSM-NZQKXSOJSA-N,Cc1ccc(-c2nnc(SCCCN3C[C@@H]4C[C@]4(c4ccc(C(F)(F)F)cc4)C3)n2C)cn1,9.100015437450608,1,0.0,2010,2010,2010,Ki,F,1
KBYDKOYJEQUBOE-UHFFFAOYSA-N,Cc1ncoc1-c1nnc(SCCCN2CC3CC3(c3ccc(C(C)(C)C)cc3)C2)n1C,9.100015437450608,1,0.0,2010,2010,2010,Ki,F,1
IONCAKHVNMAPQA-UHFFFAOYSA-N,Cn1c(SCCCN2CC3CCN(c4ccc(C(F)(F)F)cc4)C3C2)nnc1C1CCCC1,9.100015437450608,5,0.37759097233397243,2016,2020,2016,Ki,B,3
BGJXBVUWLFEJNM-XXBNENTESA-N,Cn1c(SCCCN2CC[C@]3(C[C@@H]3c3ccc(C(F)(F)F)cc3)C2)nnc1-c1ccccn1,9.100015437450608,2,0.0,2016,2016,2016,Ki,B;F,1
JHSBXLBFVPKGAF-VQTJNVASSA-N,CCc1cc(Cl)c(OC)c(C(=O)NC[C@@H]2C[C@@H](OCCCCNC(=O)c3cc4ccccc4[nH]3)CN2)c1O,9.098541678603887,1,0.0,2021,2021,2021,Ki,B,1
JULCETCXZSSJNN-IBGZPJMESA-N,CCCN(CCN1CCN(c2cccc3ncccc23)CC1)[C@H]1CCc2nc(N)sc2C1,9.097290353574868,2,0.25466553098125594,2010,2010,2010,EC50;Ki,B;F,1
CEJURZXMIYUTSE-MXVIHJGJSA-N,O=C(N[C@H]1CC[C@H](CCN2CCN(c3ccccc3)CC2)CC1)c1cccs1,9.096910013008056,2,0.0,1997,1998,1997,Ki,B,2
GXAWEOGMNHTNSL-ONEGZZNKSA-N,O=C(NC/C=C/CN1CCN(c2cccc(Cl)c2Cl)CC1)c1ccccc1O,9.096910013008056,1,0.0,2005,2005,2005,Ki,B,1
FKHBHNWGBJHKGW-UHFFFAOYSA-N,CC(C)(C)c1nc(N2CCN(CCCCN3C(=O)CCC(=O)c4ccccc43)CC2)cc(C(F)(F)F)n1,9.096910013008056,1,0.0,2006,2006,2006,Ki,B,1
RLMADYPUXGWZSL-UHFFFAOYSA-N,Cc1ccn(CCCCN2CCN(c3cc(C(F)(F)F)nc(C(C)(C)C)n3)CC2)c(=O)c1,9.096910013008056,1,0.0,2006,2006,2006,Ki,B,1
LBZHOUJGVUYWGV-UHFFFAOYSA-N,COc1ccccc1N1CCN(CCCCNC(=O)c2ccc(N(C)C)cc2)CC1,9.096910013008056,2,0.0,2011,2015,2013,Ki,B,2
DCFGDYDTTWPOBM-UHFFFAOYSA-N,O=C(NCCCCN1CCN(c2cccc(Cl)c2Cl)CC1)c1csc2ccccc12,9.096910013008056,1,0.0,2011,2011,2011,Ki,B,1
OBAPVKSFCPNRPS-AFARHQOCSA-N,CCc1ncccc1C(=O)N[C@H]1CC[C@H](CCN2CCc3ccc(OC4CCC4)nc3CC2)CC1,9.096910013008056,1,0.0,2023,2023,2023,Ki,B,1
ACDYFMOSSUKHJD-UHFFFAOYSA-N,CCCN(CCN1CCN(c2ccccc2)CC1)C1CCc2c(O)cccc2C1,9.091548080312169,4,0.90517373455958,2008,2008,2008,EC50;Ki,B;F,1
CDHCKVBAZOTCNN-DLBZAZTESA-N,Cc1ncc(OCC(=O)N[C@H]2CC[C@H](CCN3CCc4nc(OCC(F)(F)F)sc4CC3)OC2)cn1,9.09151498112135,2,0.0,2020,2022,2021,Ki,B,2
BPUNMKZAKLYZGJ-PAVFIEEWSA-N,Cc1cnc(CC(=O)N[C@H]2CC[C@](F)(CCN3CCc4nc(OCC(F)F)sc4CC3)CC2)o1,9.09151498112135,1,0.0,2023,2023,2023,Ki,B,1
UMQFQWLGNZXTCR-PBVHZTIHSA-N,COC(CN1CCc2ccc(OCC(F)(F)F)nc2CC1)[C@H]1CC[C@H](NC(=O)Cc2cnc(C)o2)CC1,9.09151498112135,1,0.0,2023,2023,2023,Ki,B,1
NDXLOOJPKINORE-UHFFFAOYSA-N,Cn1c(C(=O)NN2CCC(CCN3CCc4sc(OCC(F)(F)F)nc4C3)CC2)cccc1=O,9.09151498112135,1,0.0,2023,2023,2023,Ki,B,1
TVZBVRPQPBYWDJ-UONOGXRCSA-N,CCc1cc(Cl)c(OC)c(C(=O)NC[C@@H]2C[C@@H](OCCCCO)CN2)c1O,9.088842391260023,1,0.0,2021,2021,2021,Ki,B,1
XNAZWCRZSGGAMO-UHFFFAOYSA-N,CCCN(CCN1CCN(c2ccnc3c(O)cccc23)CC1)C1CCc2ccc(O)cc2C1,9.087246696328677,3,0.12477874683615127,2010,2010,2010,EC50;Ki,B;F,1
SNMHDHJEXUFVCO-FQEVSTJZSA-N,CCCN(CCN1CCN(c2nccc3ccccc23)CC1)[C@H]1CCc2nc(N)sc2C1,9.086186147616283,4,0.26702498055610724,2010,2013,2011,EC50;Ki,B;F,3
IICULBIXLVHQLU-QAQDUYKDSA-N,Cc1cc(CC(=O)N[C@H]2CC[C@H](CCN3CCc4nc(OCC(F)F)sc4CC3)CC2)no1,9.086186147616283,2,0.0,2020,2022,2021,Ki,B,2
LKZZDSXSPJYUJI-WKILWMFISA-N,Cc1ncc(CC(=O)N[C@H]2CC[C@H](CCN3CCc4sc(OCC(F)F)nc4C3)CC2)s1,9.086186147616283,2,0.0,2020,2022,2021,Ki,B,2
SGDDGYVCUYRPDC-SDAITKSUSA-N,Cc1ncc(/C=C/C(=O)N[C@H]2CC[C@H](CCN3CCc4nc(OCC(F)(F)F)sc4CC3)CC2)cn1,9.086186147616283,2,0.0,2020,2022,2021,Ki,B,2
ACDYFMOSSUKHJD-HSZRJFAPSA-N,CCCN(CCN1CCN(c2ccccc2)CC1)[C@@H]1CCc2c(O)cccc2C1,9.083546051450075,1,0.0,2010,2010,2010,Ki,B,1
ACDYFMOSSUKHJD-QHCPKHFHSA-N,CCCN(CCN1CCN(c2ccccc2)CC1)[C@H]1CCc2c(O)cccc2C1,9.083546051450075,1,0.0,2010,2010,2010,Ki,B,1
TZTXKAZOHVWLJQ-QAQDUYKDSA-N,Cn1cc2c(C(=O)N[C@H]3CC[C@H](CCN4CCc5sc(COC(F)(F)F)nc5C4)CC3)cccc2n1,9.080921907623926,2,0.0,2020,2022,2021,Ki,B,2
HIPYXDMEWZLKPQ-KOAQGZTJSA-N,Cn1cc(OCC(=O)N[C@H]2CC[C@H](CCN3C[C@@H]4C[C@]4(c4cc(C(C)(F)F)on4)C3)CC2)cn1,9.080921907623926,1,0.0,2022,2022,2022,Ki,B,1
FOIMIKRPLAIUMW-RWXRFDSASA-N,O=C(N[C@H]1CC[C@](F)(CCN2CCc3nc(OCC(F)F)sc3CC2)CC1)c1cccnc1C(F)F,9.080921907623926,1,0.0,2023,2023,2023,Ki,B,1
XUKSGYGUDPUQCB-KNQAVFIVSA-N,Cn1c(SCCCN2C[C@H]3CCN(c4ccc(F)cc4)[C@H]3C2)nnc1C1CCCCC1,9.079876673709276,2,0.0,2019,2020,2019,Ki,B,2
NORQFMPKBRSFFC-UHFFFAOYSA-N,O=C(NCCCCN1CCN(c2ccccc2Cl)CC1)c1ccc2ccccc2c1,9.077450979992872,2,0.10953222632500617,2007,2016,2011,Ki,B,2
BKYLOINGTUMEIT-KESTWPANSA-N,N#CCC(=O)N[C@H]1CC[C@H](CCN2CCC(c3coc4ccccc34)CC2)CC1,9.075720713938118,2,0.0,2014,2014,2014,Ki,B,1
XNSOJCJPLUSJAA-KRWDZBQOSA-N,N#CCN(CCN1CCN(c2ccc3cc[nH]c3c2Cl)CC1)[C@H]1CCc2nc(N)sc2C1,9.075720713938118,1,0.0,2015,2015,2015,EC50,F,1
OTSVAHKQZLNXPN-FQEVSTJZSA-N,CCc1cccc(N2CCN(C[C@@H](F)CCNC(=O)c3cc4ccccc4[nH]3)CC2)c1Cl,9.075720713938118,2,0.0,2019,2022,2020,Ki,B,2
KVAJGAADTJZUNF-XUTJKUGGSA-N,Cc1ncc(CC(=O)N[C@H]2CC[C@H](CCN3CCc4ccc(N5CC(F)(F)C5)nc4CC3)CC2)s1,9.075720713938118,1,0.0,2020,2020,2020,Ki,B,1
UJDMZTNXKXUXEA-IYARVYRRSA-N,Cc1ncc(CC(=O)N[C@H]2CC[C@H](CCN3CCc4nc(N5CC(F)(F)C5)sc4CC3)CC2)s1,9.075720713938118,1,0.0,2022,2022,2022,Ki,B,1
MTEACUBKWDTOSU-KZNAEPCWSA-N,C[C@@H](Oc1nc2c(s1)CCN(CC[C@H]1CC[C@H](NC(=O)COc3cnn(C)c3)CC1)CC2)C(F)(F)F,9.075720713938118,1,0.0,2023,2023,2023,Ki,B,1
NKTVBRDNDSHOST-IRJFHVNHSA-N,Cn1ncc(CC(=O)N[C@H]2CC[C@H](CCN3CCc4ccc(OCC(F)F)nc4CC3)CC2)c1F,9.070581074285707,1,0.0,2023,2023,2023,Ki,B,1
UIRLICKRUXJJNR-CVBYOTHMSA-N,Cc1nc(CC(=O)N[C@H]2CC[C@](F)(CCN3CCc4ccc(O[C@H](C)C(F)(F)F)nc4CC3)CC2)nn1C,9.070581074285707,1,0.0,2023,2023,2023,Ki,B,1
ZXYDGAXWWXINKE-UHFFFAOYSA-N,Cn1c(SCCCN2CC3CCN(c4ccccc4OC(F)(F)F)C3C2)nnc1-c1cnccn1,9.070070439915412,3,0.0172887523878282,2016,2020,2019,Ki,B,3
MNRVQQMXCSSSJO-UHFFFAOYSA-N,Cn1c(SCCCN2CC3CCN(c4cccc(C(F)(F)F)c4)C3C2)nnc1-c1ccc(=O)[nH]c1,9.070070439915412,2,0.0,2019,2020,2019,Ki,B,2
BCTUVZJFJIFLND-GJZUVCINSA-N,Cn1c(SCCCN2CC[C@]3(C[C@@H]3c3ccc(C(F)(F)F)cc3)C2)nnc1-c1ccc(CC(N)=O)cc1,9.070019409484486,1,0.0,2016,2016,2016,Ki,B,1
YIUMSISCOUIOHZ-UHFFFAOYSA-N,COc1ccccc1N1CCN(CCCCNC(=O)c2cc3cc(I)ccc3s2)CC1,9.065501548756432,1,0.0,2004,2004,2004,Ki,B,1
KZHMQBMDARGNNJ-UHFFFAOYSA-N,O=C(OCCCN1CCN(c2ccccc2)CC1)c1cccc2ccccc12,9.065501548756432,1,0.0,2023,2023,2023,Ki,B,1
FWACCHRUKMDWQL-ZWXJPIIXSA-N,CCCN(CCc1ccc(CCN(CCC)[C@H]2CCc3c(O)cccc3C2)cc1)[C@@H]1CCc2cc(O)c(O)cc2C1,9.065501548756432,1,0.0,2023,2023,2023,EC50,B,1
QDXLLGQCGFUDMI-UHFFFAOYSA-N,CCCN(CCC)C1CCc2nc(N)ccc2C1,9.060480747381382,1,0.0,1995,1995,1995,Ki,B,1
SJIPQSFBLAVVRK-SFHVURJKSA-N,CCCN(CCN1CCN(C(=O)c2c[nH]c3ccccc23)CC1)[C@H]1CCc2nc(N)sc2C1,9.060480747381382,1,0.0,2012,2012,2012,EC50,F,1
BEVNTRQRKQFZTA-UCWUDVSLSA-N,O=C(N[C@H]1CC[C@H](CCN2CCN(c3cccc4c3OCO4)CC2)CC1)C1COc2ccccc2C1,9.060480747381382,2,0.0,2014,2014,2014,Ki,B,1
KLZWBFTXUIUAEI-DEOSSOPVSA-N,CCCN(CCN1CCN(c2ccc3c(c2)[nH]c2ccccc23)CC1)[C@H]1CCc2c(O)cccc2C1,9.060480747381382,1,0.0,2022,2022,2022,EC50,F,1
CJEXMSYACHFNMR-SMQSCJQKSA-N,Cn1c(C(=O)N[C@H]2CC[C@](F)(CCN3CCc4nc(OCCC(F)(F)F)sc4CC3)CC2)cccc1=O,9.060480747381382,1,0.0,2023,2023,2023,Ki,B,1
FZEUFNLUEJZENL-APWZRJJASA-N,Cc1ncoc1-c1nnc(SCCCN2C[C@H]3CCN(c4ccc(F)cc4)[C@H]3C2)n1C,9.059981844992336,2,0.0,2019,2020,2019,Ki,B,2
BYUVKVSQQDHYKB-UHFFFAOYSA-N,COc1ccccc1N1CCN(CCCCNC(=O)c2ccc(COCCOCCOCCOCCOCc3ccc(C(=O)NCCCCN4CCN(c5ccccc5OC)CC4)cc3)cc2)CC1,9.05551732784983,1,0.0,2012,2012,2012,Ki,B,1
OIRZLTZLOKARTG-FQEVSTJZSA-N,CCc1cccc(N2CCN(C[C@@H](O)CCNC(=O)c3cc4ccccc4[nH]3)CC2)c1Cl,9.05256627811295,5,1.3396458961114235,2019,2022,2019,EC50;IC50;Ki,B,2
MOEOMZHUFXSZAA-KNQAVFIVSA-N,N#Cc1ccc2c(c1)CN(C[C@@H]1C[C@H]1CCNC(=O)c1cc3ccccc3[nH]1)CC2,9.050609993355087,1,0.0,2017,2017,2017,Ki,B,1
JKWVNBLZWDOXPU-UHFFFAOYSA-N,O=C(NCCCCN1CCN(c2cccc(Cl)c2Cl)CC1)c1ccc(-c2ccsc2)cc1,9.050609993355087,1,0.0,2019,2019,2019,Ki,B,1
LHFDGWOFPWKTDU-OFUUFJSKSA-N,CC[C@@H](C)Oc1ccc2c(n1)CCN(CC[C@]1(F)CC[C@@H](NC(=O)Cc3nnc(C)o3)CC1)CC2,9.050609993355087,1,0.0,2023,2023,2023,Ki,B,1
JUXYQVLOCMVIJF-UHFFFAOYSA-N,O=C(NCCCCN1CCN(c2cccc(Cl)c2Cl)CC1)c1ccc2c(c1)-c1ccccc1-2,9.045757490560675,2,0.0,1998,2001,1999,Ki,B,2
PAPJLFSOPBIPIF-OWOJBTEDSA-N,O=C(NC/C=C/CN1CCN(c2cccc(Cl)c2Cl)CC1)c1ccc(-c2cccnc2)cc1,9.045757490560675,1,0.0,2005,2005,2005,Ki,B,1
JXBCWOBRVYSONW-OWOJBTEDSA-N,O=C(NC/C=C/CN1CCN(c2cccc(Cl)c2Cl)CC1)c1ccc(-c2ccncc2)cc1,9.045757490560675,1,0.0,2005,2005,2005,Ki,B,1
ZRMVCTOEWAWOLM-UHFFFAOYSA-N,CCN(CC)C(=O)NCCCCN1CCN(c2cc(C(F)(F)F)nc(C(C)(C)C)n2)CC1,9.045757490560675,1,0.0,2006,2006,2006,Ki,B,1
WEABCZGCKKUPTB-UHFFFAOYSA-N,O=C1N(Cc2cn(CCF)nn2)CN(c2ccccc2)C12CCN(Cc1coc3ccccc13)CC2,9.045757490560675,1,0.0,2010,2010,2010,Ki,B,1
KWTGONUBRLGXTE-UHFFFAOYSA-N,O=C(NCCCCN1CCN(c2ccccc2OCCF)CC1)c1c[nH]c2ccccc12,9.045757490560675,1,0.0,2013,2013,2013,Ki,B,1
MXPOQDYZUGUMLL-UHFFFAOYSA-N,O=C(NCCCCN1CCN(c2cccc3ccccc23)CC1)c1ccccc1,9.045757490560675,1,0.0,2014,2014,2014,Ki,B,1
NDSKONMZWSLWOI-UHFFFAOYSA-N,COc1ccccc1N1CCN(CCCCNC(=O)C2CCCCC2)CC1,9.045757490560675,1,0.0,2016,2016,2016,Ki,B,1
LHQYJFMEVSYGBX-UHFFFAOYSA-N,NC(=O)c1cccc(-c2cccc(OC(=O)NCCCCN3CCN(c4cccc(Cl)c4Cl)CC3)c2)c1,9.045757490560675,3,0.6756298917798101,2017,2017,2017,EC50,F,1
NGYBPNLJOPBUPK-WKILWMFISA-N,Cc1nc(CC(=O)N[C@H]2CC[C@H](CCN3CCc4sc(N5CC(F)(F)C5)nc4C3)CC2)no1,9.045757490560675,2,0.0,2020,2022,2021,Ki,B,2
QPTXJMAVTQKNGM-UHFFFAOYSA-N,COc1c(Cl)cccc1N1CCN(CCCCNC(=O)c2cc3ccccc3o2)CC1,9.042392712939904,1,0.0,2015,2015,2015,Ki,B,1
UTEITPSYNTYGQL-UHFFFAOYSA-N,COc1ccccc1N1CCN(CCCCN2CCc3cc(-c4ccccc4)ccc3C2=O)CC1,9.041773025725037,2,0.7923654255765247,2011,2011,2011,EC50;Ki,B;F,1
FSKDJHMJFCWDOT-IYARVYRRSA-N,N#CCC(=O)N[C@H]1CC[C@H](CCN2CCN(c3cccc4c3OCO4)CC2)CC1,9.040958607678906,2,0.0,2014,2014,2014,Ki,B,1
IJOUOSAAJUJMCV-JUUMZCOKSA-N,CC(CF)Oc1nc2c(s1)CCN(CC[C@H]1CC[C@H](NC(=O)c3cccc4nn(C)cc34)CC1)CC2,9.040958607678906,2,0.0,2020,2022,2021,Ki,B,2
LHGJGOWVRBPLNY-LZCISLPRSA-N,O=C(N[C@H]1CC2[C@@H](CCN3CCc4sc(OCC(F)F)nc4C3)[C@@H]2C1)c1cccc2ncccc12,9.040958607678906,1,0.0,2020,2020,2020,Ki,B,1
LHGJGOWVRBPLNY-OBMJPTGESA-N,O=C(N[C@H]1C[C@@H]2[C@@H](CCN3CCc4sc(OCC(F)F)nc4C3)[C@@H]2C1)c1cccc2ncccc12,9.040958607678906,1,0.0,2022,2022,2022,Ki,B,1
AJEQJTPMMJPNLR-GHTZIAJQSA-N,Cn1c(SCCCN2C[C@@H]3CCN(c4ccc(F)cc4)[C@@H]3C2)nnc1C1CCOCC1,9.040005161671584,2,0.0,2019,2020,2019,Ki,B,2
QLWQFJPPXAYVOM-NGRWLJPCSA-N,O[C@@]1(c2ccc(Br)cc2)C[C@H]2CC[C@@H](C1)N2Cc1coc2ccccc12,9.036212172654444,1,0.0,2008,2008,2008,Ki,B,1
YDLWLYDTYNHXBM-VWLOTQADSA-N,CCCN(CCN1CCN(c2ccc(-c3ccccc3)cc2)CC1)[C@H]1CCc2nc(N)sc2C1,9.036212172654444,3,0.6680345090010704,2010,2012,2010,EC50;Ki,B;F,2
DYRKPBYOZVLBCF-UHFFFAOYSA-N,O=C(NCCCCN1CCN(c2ccccc2)CC1)c1ccc2ccccc2c1,9.036212172654444,1,0.0,2023,2023,2023,Ki,B,1
WVPPXJDJXUTXFI-UHFFFAOYSA-N,c1ccc(N2CCN(CCCOc3cccc4ccccc34)CC2)cc1,9.036212172654444,1,0.0,2023,2023,2023,Ki,B,1
MRDMJUCFOGSUEW-YGHRGLEHSA-N,Cc1nnc(CC(=O)N[C@H]2CC[C@](F)(CCN3CCc4nc(O[C@H](C)C(F)(F)F)sc4CC3)CC2)s1,9.036212172654444,1,0.0,2023,2023,2023,Ki,B,1
WEEBXSDEOQNZPK-NLFFAJNJSA-N,Cc1nc(C(N)=O)ccc1-c1nnc(SCCCN2CC[C@]3(C[C@@H]3c3ccc(C(F)(F)F)cc3)C2)n1C,9.034981666978009,2,0.19092929197953076,2016,2016,2016,Ki,B;F,1
XTXKTQKZXFWQIP-LAUBAEHRSA-N,Cn1c(SCCCN2C[C@@H]3CCN(c4ccc(C(F)(F)F)cc4)[C@@H]3C2)nnc1-c1ccc(C(N)=O)nc1,9.0301183562535,2,0.0,2019,2020,2019,Ki,B,2
SQYZBSPQNGOKJY-ACHIHNKUSA-N,CCCN(CCCCCCCCCCN(CCC)[C@H]1CCc2c(O)cccc2C1)[C@H]1CCc2c(O)cccc2C1,9.0268721464003,1,0.0,2012,2012,2012,EC50,F,1
SQYZBSPQNGOKJY-MEKGRNQZSA-N,CCCN(CCCCCCCCCCN(CCC)[C@H]1CCc2c(O)cccc2C1)[C@@H]1CCc2c(O)cccc2C1,9.0268721464003,1,0.0,2023,2023,2023,EC50,B,1
JAKFCAJOXZJYMN-UHFFFAOYSA-N,CCc1cccc(N2CCN(CCCCCNC(=O)c3nc4sccn4c3C)CC2)c1Cl,9.0268721464003,1,0.0,2022,2022,2022,Ki,B,1
VDXPHDCGJBDTON-UHFFFAOYSA-N,CCc1cccc(N2CCN(CCCCNC(=O)c3nc4sccn4c3C)CC2)c1Cl,9.026410376572743,1,0.0,2016,2016,2016,Ki,B,1
OUUDLMBFRNBBSL-XGAFWQRZSA-N,Cc1ncc(CC(=O)N[C@H]2CC[C@H](CCN3CCC(c4nocc4C4CC4)CC3)CC2)s1,9.022276394711152,1,0.0,2022,2022,2022,Ki,B,1
HTMCOYRHMLKDED-JKSUJKDBSA-N,Cc1nc(CC(=O)N[C@H]2CC[C@H](CCN3CCc4nc(OCC(C)(F)F)sc4CC3)OC2)no1,9.017728766960431,1,0.0,2023,2023,2023,Ki,B,1
IAUVQKJTMHZPQY-ZSQTZEJBSA-N,Cc1cnc(CC(=O)N[C@H]2CC[C@](F)(CCN3CCc4ccc(OC5CCC5)nc4CC3)CC2)o1,9.017728766960431,1,0.0,2023,2023,2023,Ki,B,1
TUFADSGTJUOBEH-ZWNOBZJWSA-N,CCCN1CCC[C@@H]2Cc3nc(N)ncc3C[C@H]21,9.014989367085818,2,0.021198166224150956,2005,2007,2006,EC50;Ki,B;F,2
IGUDRQBHUOBFPO-ISKFKSNPSA-N,COc1ccc2c(c1)[C@H]1OCCN(CCCCNC(=O)c3cc4ccccc4[nH]3)[C@@H]1CO2,9.013228265733755,1,0.0,2021,2021,2021,Ki,B,1
LDFMLJWZQNMXMR-WGSAOQKQSA-N,Cc1ncccc1C(=O)N[C@H]1CC[C@H](CCN2CCc3nc(OCCC(F)(F)F)sc3CC2)CC1,9.013228265733755,1,0.0,2023,2023,2023,Ki,B,1
FCYQRIODPYABJL-GCJKJVERSA-N,Cc1ncoc1-c1nnc(SCCCN2CC[C@]3(C[C@@H]3c3cc(Cl)cc(Cl)c3)C2)n1C,9.010016541698601,1,0.0,2016,2016,2016,Ki,B,1
BDVZIVZVOKPJKK-UHFFFAOYSA-N,CCc1cccc(N2CCN(CCC(O)CCNC(=O)c3cc4ccccc4o3)CC2)c1Cl,9.006563769502389,1,0.0,2022,2022,2022,Ki,B,1
LYFXQSOWXVVQIV-RUDMXATFSA-N,CCCN(C/C=C/I)C1CCc2c(O)cccc2C1,9.00436480540245,1,0.0,1994,1994,1994,Ki,B,1
YBIAFKASHSKZAI-UAPYVXQJSA-N,O=C(CC(F)(F)F)N[C@H]1CC[C@H](CCN2CCC(c3coc4ccccc34)CC2)CC1,9.00436480540245,2,0.0,2014,2014,2014,Ki,B,1
PCFSBZNPJGRVML-VQTJNVASSA-N,Cn1cc(CC(=O)N[C@H]2CC[C@H](CCN3CCc4ccc(OCC(F)(F)F)nc4CC3)OC2)cn1,9.00436480540245,2,0.0,2020,2022,2021,Ki,B,2
KNNFMTJBIQTYSC-HRPITWIVSA-N,COc1ccc(/C=C/C(=O)N[C@H]2CC[C@H](CCN3CCc4ccc(OS(C)(=O)=O)cc4CC3)CC2)cc1,9.0,1,0.0,2003,2003,2003,Ki,B,1
XWMKZWFBKLJGKQ-NUNSKJLSSA-N,CS(=O)(=O)c1ccc2c(c1)CCN(CC[C@H]1CC[C@H](NC(=O)/C=C/c3ccc(F)cc3)CC1)CC2,9.0,1,0.0,2003,2003,2003,Ki,B,1
AIXVGZUOFPCOMV-XCZPVHLTSA-N,O=C(NCCCCN1CCC[C@H]2c3cccc(O)c3CC[C@@H]21)c1ccc(-c2ccccc2)cc1,9.0,2,0.0,1998,2003,2000,Ki,B,2
GFAFSCXGLIXHFV-QJAFFKISSA-N,CCCN(CCC)[C@@H]1CCc2cc(CCc3ccc(/C(C)=N\O)cc3)ccc2C1,9.0,1,0.0,1996,1996,1996,Ki,B,1
DVVWNKJEEQHCFZ-UHFFFAOYSA-N,COc1ccccc1N1CCN(CCCCNC(=O)c2ccc(C(C)=O)cc2)CC1,9.0,1,0.0,2003,2003,2003,Ki,B,1
YVJKQMXANLEZJO-PKNBQFBNSA-N,COc1ccccc1N1CCN(CCCCNC(=O)/C=C/c2ccc3c(c2)OCO3)CC1,9.0,1,0.0,2003,2003,2003,Ki,B,1
ZDZWIQDJFWTDAM-UHFFFAOYSA-N,CC(=O)Nc1ccc(CCN2CC3COc4ccc(C#N)cc4C3C2)cc1,9.0,1,0.0,1999,1999,1999,Ki,B,1
XKRYBGZHAIRWAY-UHFFFAOYSA-N,CCS(=O)(=O)c1ccc(OC)c(-c2ccc(CN3CCCC3c3ccccc3)[nH]2)c1,9.0,1,0.0,1996,1996,1996,Ki,B,1
IWUPLAFLTUWLMF-SFHVURJKSA-N,Oc1ccc2c(c1)O[C@H](CN1CCc3ccccc3C1)CC2,9.0,1,0.0,1997,1997,1997,Ki,B,1
NJDDOYGAHXQMEQ-UHFFFAOYSA-N,Oc1nc2c3c(ccc2[nH]1)CCC(CNCc1ccccc1)O3,9.0,1,0.0,2002,2002,2002,Ki,B,1
TUFADSGTJUOBEH-GWCFXTLKSA-N,CCCN1CCC[C@H]2Cc3nc(N)ncc3C[C@@H]21,9.0,1,0.0,1999,1999,1999,Ki,B,1
UXMSMPLWAVJIOJ-OWOJBTEDSA-N,O=C(NC/C=C/CN1CCN(c2cccc(Cl)c2Cl)CC1)c1ccc(F)cc1,9.0,1,0.0,2005,2005,2005,Ki,B,1
VVGHIMUWASPVQJ-UHFFFAOYSA-N,Cc1cc(-c2ccc3c(c2)CCN(CCCSc2nnc(-c4ccc(Cl)c(Cl)c4)n2C)CC3)no1,9.0,1,0.0,2007,2007,2007,Ki,F,1
WJWXIOHJLIZWJX-UHFFFAOYSA-N,Cc1ccc2cc(-c3nnc(SCCCN4CCc5ccc(-c6cc(C)on6)cc5CC4)n3C)ccc2n1,9.0,1,0.0,2007,2007,2007,Ki,F,1
YJTUMJAALUNJJT-UHFFFAOYSA-N,Cc1ccc2c(-c3nnc(SCCCN4CCc5ccc6oc(C(F)(F)C(F)(F)F)nc6c5CC4)n3C)cccc2n1,9.0,1,0.0,2008,2008,2008,Ki,F,1
YZVLQPHHXCJUBM-UHFFFAOYSA-N,Cc1ccc2c(-c3nnc(SCCCN4CCc5cc6nc(N(C)C)oc6cc5CC4)n3C)cccc2n1,9.0,1,0.0,2008,2008,2008,Ki,F,1
XZXRXUCWJOQZBL-UHFFFAOYSA-N,O=C1N(CCN2CCC(C(F)(F)F)CC2)CCN1c1cccc(I)c1,9.0,1,0.0,2009,2009,2009,Ki,F,1
GPOXSHFDBBJUJR-UHFFFAOYSA-N,O=C1N(CCN2CCCCCC2)CCN1c1cccc(C(F)(F)F)c1,9.0,1,0.0,2010,2010,2010,Ki,F,1
WHGLFZPJAYDODK-WMZHIEFXSA-N,Cc1ncccc1-c1nnc(SCCCN2C[C@@H]3C[C@]3(c3ccc(C(F)(F)F)cc3)C2)n1C,9.0,1,0.0,2010,2010,2010,Ki,F,1
OTKZOEOQKWTXMD-GHTZIAJQSA-N,Cn1c(SCCCN2C[C@@H]3C[C@]3(c3ccc(C(F)(F)F)cc3)C2)nnc1-c1ccnnc1,9.0,1,0.0,2010,2010,2010,Ki,F,1
HIRZFMOIKMLUHF-LAUBAEHRSA-N,Cc1ncoc1-c1nnc(SCCCN2C[C@@H]3C[C@]3(c3ccc(C(F)(F)F)cc3)C2)n1C,9.0,1,0.0,2010,2010,2010,Ki,F,1
HPGPGSLIDVUPKR-UHFFFAOYSA-N,Cc1ncoc1-c1nnc(SCCCN2CC3CC3(c3ccc(S(F)(F)(F)(F)F)cc3)C2)n1C,9.0,3,0.6658526486722207,2010,2010,2010,Ki,F,1
HKOJNCZKZSYFEQ-GDLZYMKVSA-N,C#CC1=CC[C@@H](N(CCC)CCCCNC(=O)c2ccc(OCCCc3cnn(CCCC)n3)c(OC)c2)CC1,9.0,1,0.0,2013,2013,2013,Ki,B,1
MMWBGBOMWXSDFR-UHFFFAOYSA-N,Clc1cccc(N2CCN(CCCCc3cn(-c4ccc5[nH]ccc5c4)nn3)CC2)c1Cl,9.0,1,0.0,2015,2015,2015,Ki,B,1
UXEHMYRJTUKZNV-WGSAOQKQSA-N,O=C(NC[C@H]1CC[C@H](CN2CCN(c3nsc4ccccc34)CC2)CC1)c1ccco1,9.0,1,0.0,2016,2016,2016,Ki,B,1
QUNLMOZINVAHIJ-UHFFFAOYSA-N,COc1ccc2oc(C(=O)NCCC(O)CN3CCN(c4ccccc4OC)CC3)cc2c1,9.0,2,0.0,2014,2014,2014,Ki,B,1
CDXLFYUUESQKHV-UHFFFAOYSA-N,NC(=O)c1cccc(-c2cccc(OC(=O)NCCCN3CCN(c4cccc(Cl)c4Cl)CC3)c2)c1,9.0,3,0.6735628959722739,2017,2017,2017,EC50,F,1
DEKJLYJRFGCPNK-UHFFFAOYSA-N,O=C1CCc2ccc(OCCCCN3CCN(c4ccc(O)c5c4OCC(=O)N5)CC3)cc2N1,9.0,1,0.0,2017,2017,2017,Ki,B,1
RUAVRLWGTWDKFW-XUTJKUGGSA-N,Cn1c(C#N)cc2c1CCN(CC[C@H]1CC[C@H](NC(=O)c3cccc4ncccc34)CC1)C2,9.0,2,0.0,2020,2022,2021,Ki,B,2
FOHGUOABUOPCLW-FVUUGDKNSA-N,Cc1nc(CC(=O)N[C@H]2CC[C@](F)(CCN3CCc4nc(OCC(F)F)sc4CC3)CC2)no1,9.0,1,0.0,2023,2023,2023,Ki,B,1
SXZZTULBSXSKDD-AFARHQOCSA-N,CC(C)Oc1ccc2c(n1)CCN(CC[C@H]1CC[C@H](NC(=O)c3cnn4ccccc34)CC1)CC2,9.0,1,0.0,2023,2023,2023,Ki,B,1
LQSGYEKSJJXDGV-AVVIUHCASA-N,Cc1ncc(/C=C/C(=O)N[C@H]2CC[C@](F)(CCN3CCc4nc(OCCC(F)(F)F)sc4CC3)CC2)cn1,9.0,1,0.0,2023,2023,2023,Ki,B,1
GAXCJWUSIYYVJI-XUTJKUGGSA-N,Cc1cc(CC(=O)N[C@H]2CC[C@H](CCN3CCc4ccc(CCC(F)(F)F)nc4CC3)CC2)no1,9.0,1,0.0,2023,2023,2023,Ki,B,1
KRHWCJYTVWDZJO-LEWJYISDSA-N,CCc1cc(Cl)c(OC)c(C(=O)NC[C@@H]2C[C@@H](OCCCCOCc3ccccc3)CN2)c1O,8.995678626217357,1,0.0,2021,2021,2021,Ki,B,1
WNNMRMNAGNMVEW-MRXNPFEDSA-N,CCCN1CCc2cc(OC)cc3c2[C@H]1Cc1ccc(O)c(O)c1-3,8.991399828238082,1,0.0,2011,2011,2011,Ki,B,1
LKIZJVWLCHAZTJ-GCJKJVERSA-N,Cn1c(SCCCN2CC[C@]3(C[C@@H]3c3ccc(C(F)(F)F)cc3)C2)nnc1-c1ccncn1,8.99012436628784,1,0.0,2016,2016,2016,Ki,B,1
MHNXSUUHELFLSP-UHFFFAOYSA-N,CCCN(CCN1CCN(c2ccc(-c3ccccc3)cc2)CC1)C1CCc2ccc(O)cc2C1,8.987162775294827,1,0.0,2010,2010,2010,EC50,F,1
YOJUDLZOPHLXIK-WDDOOKFPSA-N,CCc1cc(Cl)c(OC)c(N2CCN(CC[C@H]3CC[C@H](NC(=O)C4=CC5C=CC=CC5N4)CC3)CC2)c1,8.987162775294827,1,0.0,2023,2023,2023,Ki,B,1
NZKGNAIACSEITE-XUTJKUGGSA-N,O=C(Nc1ccc(Cl)cc1)N[C@H]1CC[C@H](CCN2CCN(c3cccc4c3OCO4)CC2)CC1,8.98296666070122,2,0.0,2014,2014,2014,Ki,B,1
LRMWMKQIJLOEPF-AVRDEDQJSA-N,Cc1ncoc1-c1nnc(SCCCN2CC[C@]3(C[C@H]3c3ccc(F)cc3C(F)(F)F)C2)n1C,8.980053318321158,1,0.0,2016,2016,2016,Ki,B,1
GHXMJOBEVWDMLQ-UHFFFAOYSA-N,Cn1c(SCCCN2CC3CCN(c4c(F)cc(F)cc4F)C3C2)nnc1-c1ccc(C(N)=O)nc1,8.978810700930062,2,0.0,2019,2020,2019,Ki,B,2
ZZFIFEVVRSMBSF-UHFFFAOYSA-N,COc1ccccc1N1CCN(CCCCNC(=O)c2ccc3c(c2)Cc2ccccc2-3)CC1,8.970786987771497,4,0.9919627030988903,2005,2007,2006,EC50;IC50;Ki,B;F,2
CLYNVSXWCAGMQB-UHFFFAOYSA-N,Cn1c(SCCCN2CC3CCN(c4c(F)cc(F)cc4F)C3C2)nnc1-c1cnccn1,8.97061622231479,3,0.01696473195636395,2016,2020,2019,Ki,B,3
ZFACTJHKUXTZMC-UHFFFAOYSA-N,Cc1ncoc1-c1nnc(SCCCN2CC3CCN(c4ccccc4OC(F)(F)F)C3C2)n1C,8.97061622231479,3,0.01696473195636395,2016,2020,2019,Ki,B,3
BQTAJAHHYFXDDH-UHFFFAOYSA-N,COc1ccccc1N1CCN(CCCCNC(=O)c2ccc(-c3ccccn3)cc2)CC1,8.967771005386542,2,0.6083508385588657,2007,2007,2007,IC50;Ki,B;F,1
XJWCUVSKMVQPGX-KESTWPANSA-N,CC(=O)N[C@H]1CC[C@H](CCN2CCC(c3coc4ccccc34)CC2)CC1,8.96657624451305,2,0.0,2014,2014,2014,Ki,B,1
SHTFROBRQSSMIJ-FYYLOGMGSA-N,COc1ccc(C(=O)NCCCCN2CCO[C@@H]3c4cc(OC)ccc4OC[C@H]32)cc1,8.96657624451305,1,0.0,2021,2021,2021,Ki,B,1
DWDIQEPGVYBABO-OFNKIYASSA-N,Cn1c(SCCCN2CC[C@]3(C[C@@H]3c3ccc(C(F)(F)F)cc3)C2)nnc1-c1ccncc1,8.96018944585165,1,0.0,2016,2016,2016,Ki,B,1
YOILXOMTHPUMRG-PUODRLBUSA-N,CCCN1CCOC2c3cc(O)ccc3OC[C@H]21,8.958607314841775,1,0.0,2003,2003,2003,Ki,B,1
DYWYWIOQKKRAST-AWEZNQCLSA-N,Oc1ccc2c(c1)O[C@@H](CNCc1ccccc1)CO2,8.958607314841775,2,0.0,1997,1998,1997,Ki,B,2
YILNPRPYCRADTF-UHFFFAOYSA-N,O=C(NCCCCN1CCN(c2cccc(Cl)c2Cl)CC1)c1ccc(F)nc1,8.958607314841775,1,0.0,2005,2005,2005,Ki,B,1
OUPQTELARLPZBM-UHFFFAOYSA-N,CC(C)(C)c1nc(N2CCN(CCCCn3ccc(O)cc3=O)CC2)cc(C(F)(F)F)n1,8.958607314841775,1,0.0,2006,2006,2006,Ki,B,1
HFGAWEJFDVAEEA-ONEGZZNKSA-N,O=C(NC/C=C/CN1CCN(c2ccccc2OCCF)CC1)c1ccc(-c2ccsc2)cc1,8.958607314841775,1,0.0,2011,2011,2011,Ki,B,1
LUONNTQEFAPZJL-ONEGZZNKSA-N,O=C(NC/C=C/CN1CCN(c2ccccc2OCCF)CC1)c1ccc(CCF)cc1,8.958607314841775,1,0.0,2011,2011,2011,Ki,B,1
KIAANALRJGLJFT-UHFFFAOYSA-N,COc1ccccc1N1CCN(CCCCNC(=O)c2ccc(OCCF)cc2)CC1,8.958607314841775,1,0.0,2011,2011,2011,Ki,B,1
JJARSALEJXMFKK-UHFFFAOYSA-N,COc1ccccc1N1CCN(CCCCNC(=O)c2cc3cc(OCCOCCF)ccc3[nH]2)CC1,8.958607314841775,1,0.0,2013,2013,2013,Ki,B,1
GXZWKZAOGQRNTL-UHFFFAOYSA-N,O=S(=O)(NCCCCN1CCC(c2noc3cc(F)ccc23)CC1)c1cc2ccccc2s1,8.958607314841775,1,0.0,2014,2014,2014,Ki,B,1
HEJDIFZOESZDQS-UHFFFAOYSA-N,O=C(NCCCCN1CCN(c2cccc(C(F)(F)F)c2)CC1)c1ccc2ccccc2c1,8.958607314841775,1,0.0,2016,2016,2016,Ki,B,1
RXFOCVABFXYDPB-UAPYVXQJSA-N,Nc1ccc2c(N3CCN(CC[C@H]4CC[C@H](NC(=O)c5ccco5)CC4)CC3)nsc2c1,8.958607314841775,1,0.0,2016,2016,2016,Ki,B,1
IYWXUSILGIBAQW-NRFANRHFSA-N,CCCN(CCCCOc1ccn2ncc(C=O)c2c1)[C@H]1CCc2c(O)cccc2C1,8.958607314841775,1,0.0,2017,2017,2017,Ki,B,1
ORDRIDLDACAQJO-IPJJNNNSSA-N,C[C@H]1CN(CC[C@H]2CC[C@H](NC(=O)N3CCCC3)CC2)CCc2ccc(Cl)cc21,8.958607314841775,1,0.0,2021,2021,2021,Ki,B,1
KYCAHEZFDKQEQL-FCHUYYIVSA-N,CCc1cc(Cl)c(OC)c(C(=O)NC[C@@H]2C[C@@H](OCCCCNC(=O)c3cc4ccccc4[nH]3)CN2CC)c1O,8.958607314841775,1,0.0,2021,2021,2021,Ki,B,1
YHKSIIGCRXQDQA-CCMYNQISSA-N,Cn1c(SCCCN2C[C@H]3CCN(c4ccc(C(F)(F)F)cc4)[C@H]3C2)nnc1C1CCC(O)CC1,8.958607314841775,3,0.16686640306853256,2019,2020,2020,Ki,B,2
MIJHJWKBEULNEE-YEMPIKNUSA-N,Cc1ncc(CC(=O)N[C@H]2CC[C@H](CCN3CCc4ccc(OC5CCOC5)nc4CC3)CC2)s1,8.958607314841775,2,0.0,2020,2022,2021,Ki,B,2
IPKDITCKWUGLST-WKILWMFISA-N,Cc1nnc(CC(=O)N[C@H]2CC[C@H](CCN3CCc4sc(CCC(F)(F)F)nc4C3)CC2)o1,8.958607314841775,2,0.0,2020,2022,2021,Ki,B,2
BYNXRFJYLCHQOC-UAPYVXQJSA-N,Cc1ncc(CC(=O)N[C@H]2CC[C@H](CCN3CCc4cnc(OCC(F)F)nc4CC3)CC2)s1,8.958607314841775,1,0.0,2022,2022,2022,Ki,B,1
SIIDHHZTVIEQJK-UHFFFAOYSA-N,COc1ccccc1N1CCN(CCCCNC(=O)c2cc3ccccc3o2)CC1,8.954307228960815,6,0.1488522333356923,2002,2009,2006,EC50;IC50;Ki,B;F,4
NABHHUMHJIHHIX-QGZVFWFLSA-N,O=C(NCC[C@@H](O)CN1CCN(c2cccc(Cl)c2Cl)CC1)c1cc2ccccc2[nH]1,8.950781977329818,6,0.5813600111867353,2009,2017,2012,IC50;Ki,B;F,5
QUMJJLZEFJECGH-UHFFFAOYSA-N,CCCN(CCN1CCN(c2cccc(Cl)c2Cl)CC1)C1CCc2ccc(O)cc2C1,8.94692155651658,1,0.0,2002,2002,2002,Ki,B,1
ZYOHPRMTOCMZRK-IBGZPJMESA-N,CCCN(CCN1CCN(c2ccnc3ccccc23)CC1)[C@H]1CCc2nc(N)sc2C1,8.945256286692246,2,0.5117993542973117,2010,2010,2010,EC50;Ki,B;F,1
ZGSHIAJEAFZHNC-UHFFFAOYSA-N,CCCN(CCN1CCN(c2ccccc2OC)CC1)C1CCc2c(O)cccc2C1,8.945042068488103,4,1.0197641294301971,2008,2008,2008,EC50;Ki,B;F,1
RXIFDJMCJKEING-UHFFFAOYSA-N,CCCN1CCc2cccc3c2C1Cc1cccc(OCCCn2cc(CCN4CCN(c5ccccc5OC)CC4)nn2)c1-3,8.943095148663527,1,0.0,2011,2011,2011,Ki,B,1
JPKJFRLOQQTEPW-UHFFFAOYSA-N,CCc1c[nH]c(C(=O)NCCCCN2CCN(c3cccc(CC)c3Cl)CC2)n1,8.943095148663527,1,0.0,2016,2016,2016,Ki,B,1
OYBHJVJCKIGGIL-UHFFFAOYSA-N,CCc1c[nH]c(C(=O)NCCCCCN2CCN(c3cccc(CC)c3Cl)CC2)n1,8.943095148663527,1,0.0,2022,2022,2022,Ki,B,1
MYAGOYYEDQFEPL-DUXPYHPUSA-N,O=C(NC/C=C/CN1CCN(c2cccc(Cl)c2Cl)CC1)c1ccc(-c2cccc[n+]2[O-])cc1,8.939713034397075,6,0.020697647214781723,2007,2014,2014,IC50;Ki,B;F,2
BKHJHBMOHZNYEP-UHFFFAOYSA-N,FC(F)(F)c1nc2c(OCCNCc3ccccc3)cccc2[nH]1,8.939302159646388,1,0.0,1999,1999,1999,Ki,B,1
OMSAEBUIHWCGKQ-IYARVYRRSA-N,CC(=O)N[C@H]1CC[C@H](CCN2CCN(c3cccc4c3OCO4)CC2)CC1,8.939302159646388,2,0.0,2014,2014,2014,Ki,B,1
HIBUHKNMTZCDMF-UHFFFAOYSA-N,CN1CCc2c(sc3ncn(CCN4CCN(c5cncc6ccccc56)CC4)c(=O)c23)C1,8.928117992693874,1,0.0,2005,2005,2005,Ki,B,1
KRVOJOCLBAAKSJ-UHFFFAOYSA-N,CNc1cc(OC)c(C(=O)NC2CCN(Cc3ccccc3)C2C)cc1Cl,8.928117992693874,3,0.16093596541704702,2020,2025,2021,Ki,B,3
JZCCFPRFOOIKRY-XXBNENTESA-N,Cn1c(SCCCN2CC[C@]3(C[C@@H]3c3ccc(C(F)(F)F)cc3F)C2)nnc1-c1cccnc1,8.92539044367231,2,0.006465345604893484,2016,2016,2016,Ki,B;F,1
VNDRDTRYTOSTBB-XUTJKUGGSA-N,Cc1cc(CC(=O)N[C@H]2CC[C@H](CCN3CCC(c4cccc5c4OCO5)CC3)CC2)on1,8.924453038607469,2,0.0,2013,2013,2013,Ki,B,1
GJXPGIMBBKOOPF-VAWYXSNFSA-N,COc1ccccc1N1CCN(CCCCNC(=O)/C=C/c2cccc(I)c2)CC1,8.920818753952375,1,0.0,2003,2003,2003,Ki,B,1
CWWBESFKDFTCAO-ONEGZZNKSA-N,O=C(NC/C=C/CN1CCN(c2cccc(Cl)c2Cl)CC1)c1ccccc1F,8.920818753952375,1,0.0,2005,2005,2005,Ki,B,1
FSRGBFIJCFDRBB-NGRWLJPCSA-N,O[C@@]1(c2ccc(F)cc2)C[C@H]2CC[C@@H](C1)N2Cc1coc2ccccc12,8.920818753952375,1,0.0,2008,2008,2008,Ki,B,1
YRMKMEPMFOFXGH-UHFFFAOYSA-N,COc1ccc2[nH]c(C(=O)NCCC(O)CN3CCN(c4cccc(Cl)c4Cl)CC3)cc2c1,8.920818753952375,3,0.10768873386653872,2009,2015,2009,IC50;Ki,B;F,2
WMJCLJNBELMTPC-UHFFFAOYSA-N,CCCN(CCCCNC(=O)c1ccc(OCCCc2cn(CCCCCCCCn3cc(CCCOc4ccc(CN5CCN(c6ccccc6OC)CC5)cc4OC)nn3)nn2)c(OC)c1)C1Cc2ccccc2C1,8.920818753952375,1,0.0,2011,2011,2011,Ki,B,1
WCIPIDQYCIFSCP-UHFFFAOYSA-N,CCOCCOCc1ccn2ncc(C(=O)NCCCCN3CCN(c4ccccc4OC)CC3)c2c1,8.920818753952375,1,0.0,2012,2012,2012,Ki,B,1
OVKBSFKFSBQCLW-GDLZYMKVSA-N,CCCCn1cc(CCCOc2ccc(C(=O)NCCCCN(CCC)[C@@H]3CCc4c(O)cccc4C3)cc2OC)nn1,8.920818753952375,1,0.0,2015,2015,2015,Ki,B,1
DKLFJXNMKAKPTA-HZCBDIJESA-N,CN(C(=O)N[C@H]1CC[C@H](CCN2CCN(c3nsc4ccccc34)CC2)CC1)c1ccccc1,8.920818753952375,1,0.0,2016,2016,2016,Ki,B,1
FYHIVHSWDVHSCA-FCHUYYIVSA-N,CCCCCCC(C)(C)c1ccc2c(c1)OC(C)(C)[C@@H]1CCC(CO)=C[C@@H]21,8.920818753952375,1,0.0,2017,2017,2017,EC50,F,1
QUUFDJZHDLIECK-UHFFFAOYSA-N,O=Cc1cnn2ccc(OCCCCN3CCN(c4ccc(O)c5c4OCC(=O)N5)CC3)cc12,8.920818753952375,1,0.0,2017,2017,2017,Ki,B,1
UXRJVZYJCCSIAH-UHFFFAOYSA-N,CC(C)(C)c1nc(N2CCN(CCCCNC(=O)c3cc4ccccn4n3)CC2)cc(C(F)(F)F)n1,8.920818753952375,1,0.0,2017,2017,2017,Ki,B,1
NRXPFRHREANWEK-UHFFFAOYSA-N,CCCN(CCCCNC(=O)c1ccc(-c2ccccn2)cc1)CC1CC1c1cccc(Cl)c1Cl,8.920818753952375,1,0.0,2020,2020,2020,Ki,B,1
DTQQYFXMBRLANH-HFMPRLQTSA-N,C[C@H]1CN(CC[C@H]2CC[C@H](N3C(=O)CC4(CCCC4)CC3=O)CC2)CCc2ccc(Cl)cc21,8.920818753952375,1,0.0,2021,2021,2021,Ki,B,1
JYKMFGDLZDHDBQ-UHFFFAOYSA-N,COc1cc2c(cc1OC)CN(Cc1ccccc1CNC(=O)c1cccc(C#N)c1)CC2,8.920818753952375,1,0.0,2021,2021,2021,Ki,B,1
YTXILLIRPDSLHZ-BEFAXECRSA-N,Cc1ncoc1-c1nnc(SCCCN2C[C@H]3CCN(c4ccc(C(F)(F)F)cc4F)[C@H]3C2)n1C,8.920818753952375,2,0.0,2019,2020,2019,Ki,B,2
XTQDBQZDKVOPAN-IYARVYRRSA-N,Cc1ncccc1C(=O)N[C@H]1CC[C@H](CCN2CCc3nc(OCC(F)F)sc3CC2)CC1,8.920818753952375,2,0.0,2020,2022,2021,Ki,B,2
WGUSAYGXLQUQRB-JCNLHEQBSA-N,Cn1cc(CC(=O)N[C@H]2CC[C@H](CCN3CCc4sc(COC(F)(F)F)nc4C3)CC2)cn1,8.920818753952375,2,0.0,2020,2022,2021,Ki,B,2
ZCTATJJRGSGWBT-OJBMAJLDSA-N,O=C(N[C@H]1CC[C@H](CCN2CCC(c3conc3-c3ccccc3)CC2)CC1)c1cccc2ncccc12,8.920818753952375,1,0.0,2022,2022,2022,Ki,B,1
PLOJXPTWIFIEMZ-LYXWCMDISA-N,CCc1cc([C@]23C[C@H]2CN(CC[C@H]2CC[C@H](NC(=O)Cc4ncc(C)o4)CC2)C3)no1,8.920818753952375,1,0.0,2022,2022,2022,Ki,B,1
RURKEKYFHBYLDY-UHFFFAOYSA-N,CCCN(CCCCN1CCN(c2ccccc2)CC1)C1CCc2ccc(O)cc2C1,8.913640169325252,3,0.363488328800235,2002,2008,2008,Ki,B,2
NKQAJKSSUARMMF-XUTJKUGGSA-N,COCCC(=O)N[C@H]1CC[C@H](CCN2CCC(c3coc4ccccc34)CC2)CC1,8.913640169325252,2,0.0,2014,2014,2014,Ki,B,1
KSDFLICEBJWAMA-INIZCTEOSA-N,CCCN(CCCCCc1cc(O)ccc1O)[C@H]1CCc2nc(N)sc2C1,8.913640169325252,1,0.0,2016,2016,2016,EC50,F,1
PWWITWFCENNJEP-AWEZNQCLSA-N,CCCN(CCC)[C@H]1CCc2nn3ccccc3c2C1,8.910224104417406,2,0.5054146633411246,2002,2002,2002,EC50;Ki,B;F,1
HMYBAZWTOQSPCY-DEOSSOPVSA-N,CCCN(CCN1CCN(C(=O)c2ccc3[nH]ccc3c2)CC1)[C@H]1CCc2c(O)cccc2C1,8.910094888560602,1,0.0,2009,2009,2009,EC50,F,1
UDDOLORLTBTWLQ-KESTWPANSA-N,O=C(CC1CC1)N[C@H]1CC[C@H](CCN2CCN(c3cccc4c3OCO4)CC2)CC1,8.910094888560602,2,0.0,2014,2014,2014,Ki,B,1
MUNJPNWHOINDKG-KESTWPANSA-N,CCC(=O)N[C@H]1CC[C@H](CCN2CCC(c3coc4ccccc34)CC2)CC1,8.910094888560602,2,0.0,2014,2014,2014,Ki,B,1
NSHPEOLYLWLLHG-UHFFFAOYSA-N,O=C(NCCCCN1CCN(c2ccccc2F)CC1)c1ccc2ccccc2c1,8.910094888560602,1,0.0,2016,2016,2016,Ki,B,1
DKYKYMRCBZJRME-HYBUGGRVSA-N,COc1ccc2c(c1)[C@H]1OCCN(CCCCNC(=O)c3cc(OC)c(OC)c(OC)c3)[C@@H]1CO2,8.910094888560602,1,0.0,2021,2021,2021,Ki,B,1
SBCYNHCFJBYRJY-MJGOQNOKSA-N,Cc1ncoc1-c1nnc(SCCCN2C[C@H]3CCN(c4ccccc4)[C@H]3C2)n1C,8.910094888560602,2,0.0,2019,2020,2019,Ki,B,2
CAYLJKJAWQXLOY-LBULQRRMSA-N,CS(=O)(=O)Oc1ccc2c(c1)CCN(CC[C@H]1CC[C@H](NC(=O)/C=C/c3ccccc3F)CC1)CC2,8.899974269892137,1,0.0,2003,2003,2003,Ki,B,1
GABAKKAKKXWMMF-LBULQRRMSA-N,CS(=O)(=O)c1ccc2c(c1)CCN(CC[C@H]1CC[C@H](NC(=O)/C=C/c3ccccc3F)CC1)CC2,8.899974269892137,1,0.0,2003,2003,2003,Ki,B,1
SSFMZMLRDNPXOT-AOJFSQSVSA-N,CS(=O)(=O)Oc1ccc2c(c1)CCN(CC[C@H]1CC[C@H](NC(=O)/C=C/c3cccc(F)c3)CC1)CC2,8.899974269892137,1,0.0,2003,2003,2003,Ki,B,1
XBEFTADDFPJGTJ-OBEGXNAASA-N,COc1ccccc1/C=C/C(=O)N[C@H]1CC[C@H](CCN2CCc3ccc(OS(C)(=O)=O)cc3CC2)CC1,8.899974269892137,1,0.0,2003,2003,2003,Ki,B,1
LUFMWUOUUQBFCY-MGFGWZDJSA-N,Cc1ncc(-c2cccc(C(=O)N[C@H]3CC[C@H](CCN4CCc5ccc(OS(C)(=O)=O)cc5CC4)CC3)c2)o1,8.899974269892137,1,0.0,2003,2003,2003,Ki,B,1
DQJPLAXUDBHKAH-RZFKFIIISA-N,Cc1ccc2c(C(=O)N[C@H]3CC[C@H](CCN4CCc5ccc(OS(C)(=O)=O)cc5CC4)CC3)cccc2n1,8.899974269892137,1,0.0,2003,2003,2003,Ki,B,1
ZFEFDWZMIMRBOX-UHFFFAOYSA-N,CCCN(CCC)C1CCc2cc(CSc3ccc(OC)cc3)ccc2C1,8.899974269892137,1,0.0,1996,1996,1996,Ki,B,1
HUXFXXWYIRBVJR-JOCHJYFZSA-N,CCCN(CCC)[C@@H]1CCc2cc(CS(=O)(=O)c3ccc(OC)cc3)ccc2C1,8.899974269892137,1,0.0,1996,1996,1996,Ki,B,1
ATLSVLPVZPFHBU-ONRAHDBNSA-N,N#Cc1ccc2c(c1)CN(CC[C@H]1CC[C@H](NC(=O)/C=C/c3ccccc3)CC1)CC2,8.899974269892137,1,0.0,2000,2000,2000,Ki,B,1
SUOCMIKXLFKQTH-UHFFFAOYSA-N,CCS(=O)(=O)c1ccc(OC)c(-c2ccc(CN3CCCCCC3c3ccccc3)[nH]2)c1,8.899974269892137,3,0.0,1996,1997,1997,Ki,B,3
SKMONACLVOEHQQ-UHFFFAOYSA-N,CCS(=O)(=O)c1ccc(OC)c(-c2ccc(CN3CCCCC3c3ccccc3)[nH]2)c1,8.899974269892137,1,0.0,1996,1996,1996,Ki,B,1
HYHZGIWTSKSXKP-UHFFFAOYSA-N,CCCN(CCCCNC(=O)c1ccc(-c2ccccc2)cc1)C1CCc2c(cccc2OS(C)(=O)=O)C1,8.899974269892137,1,0.0,1997,1997,1997,Ki,B,1
HBJXUXOERUVVGH-UHFFFAOYSA-N,CCCN(CCCCNC(=O)c1ccc(-c2ccccc2)cc1)C1CCc2c(Br)cccc2C1,8.899974269892137,1,0.0,1997,1997,1997,Ki,B,1
TVMNFBNOOMKBOO-UHFFFAOYSA-N,Cc1cc(-c2ccc3c(c2)CCN(CCCSc2nnc(C4CCOCC4)n2C)CC3)no1,8.899974269892137,1,0.0,2007,2007,2007,Ki,F,1
SQQYHALTXOFUNG-UHFFFAOYSA-N,Cc1cc(-c2ccc3c(c2)CCN(CCCSc2nnc(C4CCC(C)CC4)n2C)CC3)no1,8.899974269892137,1,0.0,2007,2007,2007,Ki,F,1
DSJQIICDRFEFMZ-UHFFFAOYSA-N,Cc1cc(-c2ccc3c(c2)CCN(CCCSc2nnc(-c4cccs4)n2C)CC3)no1,8.899974269892137,1,0.0,2007,2007,2007,Ki,F,1
ANYPUOSSIOCSJC-UHFFFAOYSA-N,Cc1cnc(-c2ccc3c(c2)CCN(CCCSc2nnc(-c4cc5ccccc5[nH]4)n2C)CC3)o1,8.899974269892137,1,0.0,2007,2007,2007,Ki,F,1
NAAVWXMUUSRPCW-UHFFFAOYSA-N,O=C1N(CCN2Cc3ccccc3C2)CCN1c1cc(Cl)cc(Cl)c1,8.899974269892137,1,0.0,2009,2009,2009,Ki,F,1
MXCLECXWSGNJLS-UHFFFAOYSA-N,O=C1N(CCN2CCC(C(F)(F)F)CC2)CCN1c1cccc(O)c1,8.899974269892137,1,0.0,2009,2009,2009,Ki,F,1
VXTVAYBBRGJBTM-IYBDPMFKSA-N,O=C1N(CCN2[C@@H]3CCC[C@H]2CC3)CCN1c1cccc(Cl)c1,8.899974269892137,2,0.0,2009,2009,2009,Ki,B;F,2
JASDXILVHIDXCQ-UHFFFAOYSA-N,Cc1ncoc1-c1nnc(SCCCN2CC3CC3(c3ccc(Cl)cc3)C2)n1C,8.899974269892137,3,1.6643304752030568,2010,2010,2010,Ki,F,1
OPTJHAAZKYNBRY-UHFFFAOYSA-N,COc1ccc(C23CC2CN(CCCSc2nnc(-c4ocnc4C)n2C)C3)cc1C(F)(F)F,8.899974269892137,3,1.2701604726791278,2010,2010,2010,Ki,F,1
BYFBIHGWAJPFIB-UHFFFAOYSA-N,Cc1ncoc1-c1nnc(SCCCN2CC3CC3(c3ccc(F)c(C(F)(F)F)c3)C2)n1C,8.899974269892137,3,1.28968245253321,2010,2010,2010,Ki,F,1
IHDSWPOLCNCESB-UHFFFAOYSA-N,Cc1ncoc1-c1nnc(SCCCN2CC3CC3(c3cccc(C(F)(F)F)c3F)C2)n1C,8.899974269892137,3,1.0440465376953123,2010,2010,2010,Ki,F,1
VUFRFPUOFHXBBM-CCLHPLFOSA-N,Cc1ccc2c(-c3nnc(SCCCN4C[C@@H]5C[C@]5(c5ccc(Br)cc5)C4)n3C)cccc2n1,8.899974269892137,1,0.0,2010,2010,2010,Ki,F,1
WHOZDXFLKLSAJU-UHFFFAOYSA-N,Cc1ncoc1-c1nnc(SCCCN2CC3CC3(c3cccc(S(F)(F)(F)(F)F)c3)C2)n1C,8.899974269892137,3,0.7371120836516764,2010,2010,2010,Ki,F,1
XIQZPYGWBQASSN-UTKZUKDTSA-N,COc1cc([C@]23CNC[C@H]2C3)ccc1NS(=O)(=O)c1ccc(C(C)C)cc1,8.899974269892137,1,0.0,2010,2010,2010,Ki,F,1
VNSQNNPGGZXQAN-UHFFFAOYSA-N,O=c1[nH]c2ccccc2n1C1CCN(CCCOc2ccc(F)cc2)CC1,8.899974269892137,1,0.0,2010,2010,2010,Ki,B,1
GPDZHKOGLHALQL-GCJKJVERSA-N,Cn1c(SCCCN2CC[C@]3(C[C@@H]3c3ccc(C(F)(F)F)cc3)C2)nnc1-c1cnccn1,8.899974269892137,1,0.0,2016,2016,2016,Ki,B,1
YQJXEYCSOAXZLM-FQEVSTJZSA-N,CCCN(CCN1CCN(c2ccc3[nH]ccc3c2)CC1)[C@H]1CCc2nc(N)sc2C1,8.899629454882437,1,0.0,2012,2012,2012,EC50,F,1
YHKSIIGCRXQDQA-UHFFFAOYSA-N,Cn1c(SCCCN2CC3CCN(c4ccc(C(F)(F)F)cc4)C3C2)nnc1C1CCC(O)CC1,8.899629454882437,2,0.0,2019,2020,2019,Ki,B,2
MMWFSCPVPRCGOG-UHFFFAOYSA-N,CCCN(CCN1CCN(c2cccc3ncccc23)CC1)C1CCc2ccc(O)cc2C1,8.896196279044043,1,0.0,2010,2010,2010,Ki,B,1
QTXHMWUMSJMZON-KESTWPANSA-N,O=C(CCO)N[C@H]1CC[C@H](CCN2CCC(c3coc4ccccc34)CC2)CC1,8.896196279044043,2,0.0,2014,2014,2014,Ki,B,1
BDDILKIYGPCTCK-PKNBQFBNSA-N,COc1ccccc1N1CCN(CCCCNC(=O)/C=C/c2ccc(Cl)cc2Cl)CC1,8.892790030352131,1,0.0,2003,2003,2003,Ki,B,1
GZGMMCKOZRMGDA-IYARVYRRSA-N,CCC(=O)N[C@H]1CC[C@H](CCN2CCN(c3cccc4c3OCO4)CC2)CC1,8.892790030352131,2,0.0,2014,2014,2014,Ki,B,1
PECVDLVWKCIEGG-SNAWJCMRSA-N,CCc1cccc(N2CCN(C/C=C/CNC(=O)c3nc(C)c[nH]3)CC2)c1Cl,8.892790030352131,1,0.0,2016,2016,2016,Ki,B,1
VOGUYUKRQYJYDP-GQCTYLIASA-N,CCc1cccc(N2CCN(C/C=C/CCNC(=O)C3N=CC(C)=N3)CC2)c1Cl,8.892790030352131,1,0.0,2022,2022,2022,Ki,B,1
XLIMTGZUFAEKLX-MXVIHJGJSA-N,O=S(=O)(N[C@H]1CC[C@H](CCN2CCN(c3cccc4c3OCO4)CC2)CC1)N1CCOCC1,8.88941028970075,2,0.0,2014,2014,2014,Ki,B,1
VJUBLIXVVNAHIX-QAQDUYKDSA-N,COC(=O)N[C@H]1CC[C@H](CCN2CCN(c3cccc4c3OCO4)CC2)CC1,8.88941028970075,2,0.0,2014,2014,2014,Ki,B,1
MDBWEQVKJDMEMK-UHFFFAOYSA-N,CCCN(CCC)C1CCc2c(O)cccc2C1,8.888277990095192,6,0.4938116704351887,1995,2010,2009,EC50;Ki,B;F,5
YJYMXCFUNVLJOC-UHFFFAOYSA-N,O=C(NCCCCN1CCN(c2cccc(Cl)c2Cl)CC1)c1cc2ccccc2o1,8.886957942012089,10,0.4305716021739159,2002,2011,2005,IC50;Ki,B;F,6
YEBWFZBYQOGEEH-UHFFFAOYSA-N,CCCSc1ccccc1N1CCN(CCCOc2ccc(-c3nc4ccccc4[nH]3)cc2)CC1,8.886056647693163,2,0.0,1995,2013,2004,Ki,B,2
HMFMXNMQUZMGQI-OWOJBTEDSA-N,O=C(NC/C=C/CN1CCN(c2cccc(Cl)c2Cl)CC1)c1ccc(-c2ncccn2)cc1,8.886056647693163,1,0.0,2005,2005,2005,Ki,B,1
CENKWGKLFBMCTM-ONEGZZNKSA-N,O=C(NC/C=C/CN1CCN(c2cccc(Cl)c2Cl)CC1)c1ccccc1Cl,8.886056647693163,1,0.0,2005,2005,2005,Ki,B,1
GKDBTHSYQZTDAJ-UHFFFAOYSA-N,Cc1cc(OCCN(C)C)nc2ccc(NC(=O)COc3ccc(Cl)cc3Cl)cc12,8.886056647693163,1,0.0,2005,2005,2005,IC50,B,1
IXHFUNSVBJAYHP-UHFFFAOYSA-N,CN1CCc2c(sc3ncn(CCN4CCN(c5ccnc6ccccc56)CC4)c(=O)c23)C1,8.886056647693163,1,0.0,2005,2005,2005,Ki,B,1
LRAYIUHUAWSEDX-UHFFFAOYSA-N,Cc1cn(CCCCN2CCN(c3cc(C(F)(F)F)nc(C(C)(C)C)n3)CC2)c(=O)[nH]c1=O,8.886056647693163,1,0.0,2006,2006,2006,Ki,B,1
DFRZQKVBIWCZAV-UHFFFAOYSA-N,COc1ccccc1N1CCN(CCC(O)CNC(=O)c2ccc3c(c2)Cc2ccccc2-3)CC1,8.886056647693163,3,0.0,2007,2014,2014,Ki,B,2
UAORLSRHSCKPEH-UHFFFAOYSA-N,COc1ccccc1N1CCN(CCCCN2CCc3cc(C#N)ccc3C2=O)CC1,8.886056647693163,1,0.0,2011,2011,2011,Ki,B,1
QHLAPIQLWATZKM-UHFFFAOYSA-N,OC1(c2ccc(Cl)cc2)CC2CCC(C1)N2CCCSc1ccccc1F,8.886056647693163,1,0.0,2014,2014,2014,Ki,B,1
UGIQUWZDOMEVPS-UHFFFAOYSA-N,O=C(NCCCCN1CCN(c2cccc3[nH]ccc23)CC1)c1ccc2ccccc2c1,8.886056647693163,1,0.0,2016,2016,2016,Ki,B,1
BQDGJNNXKPPHKX-UHFFFAOYSA-N,COc1ccccc1N1CCN(CCCCNC(=O)Nc2cccc(Cl)c2)CC1,8.886056647693163,1,0.0,2016,2016,2016,Ki,B,1
ZMTGTGUFQFSUCN-UHFFFAOYSA-N,COc1ccc2oc(C(=O)NCCC(O)CN3CCN(c4cccc(Cl)c4Cl)CC3)cc2c1,8.886056647693163,2,0.0,2014,2014,2014,Ki,B,1
PUHBDUPTTFDHNP-MTNLDAPISA-N,Cc1ncc(CC(=O)N[C@H]2CC[C@H](C(F)CN3CCc4ccc(OCC(F)(F)F)nc4CC3)CC2)s1,8.886056647693163,2,0.0,2020,2022,2021,Ki,B,2
XGJROHKEWMIJFA-HCGLCNNCSA-N,O=C(N[C@H]1CC[C@H](CCN2CCc3sc(Cc4ccccc4)nc3C2)CC1)c1cccc2ncccc12,8.886056647693163,2,0.0,2020,2022,2021,Ki,B,2
WHZDUNLDAICJFI-ORQYLMBXSA-N,CCc1cc([C@]23C[C@H]2CN(CC[C@H]2CC[C@H](NC(=O)Cc4noc(C)n4)CC2)C3)no1,8.886056647693163,1,0.0,2022,2022,2022,Ki,B,1
IEARDXOAQBZYGW-PKNBQFBNSA-N,COc1ccccc1N1CCN(CCCCNC(=O)/C=C/c2ccc(Cl)c(Cl)c2)CC1,8.882728704344236,1,0.0,2003,2003,2003,Ki,B,1
FOJAWPAIUACMCV-ZJBHJZIXSA-N,CCc1cccc(N2CCN(CC[C@H]3CC[C@H](NC(=O)C4=CC5C=CC=CC5N4)CC3)CC2)c1Cl,8.882728704344236,1,0.0,2023,2023,2023,Ki,B,1
IVXOADYRPYSQPC-UHFFFAOYSA-N,Cn1c(SCCCN2CC3CCN(c4ccc(C(F)(F)F)cc4)C3C2)nnc1-c1ccncn1,8.87942606879415,3,0.011863509435285836,2016,2020,2019,Ki,B,3
DVRLZAJGBLYQFK-OXJNMPFZSA-N,Cn1c(SCCCN2C[C@@H]3CCN(c4c(F)cccc4F)[C@@H]3C2)nnc1-c1ccc(C(N)=O)nc1,8.87942606879415,2,0.0,2019,2020,2019,Ki,B,2
DPJONOPQJUKYRM-OJBMAJLDSA-N,CCc1ccc(C(=O)N[C@H]2CC[C@H](CCN3CCC(c4coc5ccccc45)CC3)CC2)cc1,8.876148359032914,2,0.0,2014,2014,2014,Ki,B,1
GLISUIAZBJFVAS-UHFFFAOYSA-N,Cc1cccc(N2CCN(CCCCNC(=O)c3ccc4ccccc4c3)CC2)c1C,8.876148359032914,1,0.0,2016,2016,2016,Ki,B,1
DEQITUUQPICUMR-HJPBWRTMSA-N,CC(C)[C@@]1(NC(=O)[C@@H]2C[C@@H]3c4cccc5[nH]cc(c45)C[C@H]3N(C)C2)O[C@@]2(O)[C@@H]3CCCN3C(=O)[C@H](Cc3ccccc3)N2C1=O,8.875061480539049,2,0.33165783004726473,,,,IC50;Ki,B,1
CMSXGONDQZVASO-MXVIHJGJSA-N,Cc1cc(CC(=O)N[C@H]2CC[C@H](CCN3CCN(c4cccc5c4OCO5)CC3)CC2)on1,8.872895201635192,2,0.0,2014,2014,2014,Ki,B,1
PTNPPRPOWCBKGO-SAIGFBBZSA-N,O=C(N[C@H]1CC[C@H](CCN2CCC(c3coc4ccccc34)CC2)CC1)c1ccccc1,8.872895201635192,2,0.0,2014,2014,2014,Ki,B,1
XGQOITWDCFSJIH-UHFFFAOYSA-N,Clc1cccc(N2CCN(CCCCn3cc(-c4ccc5ncccc5c4)nn3)CC2)c1Cl,8.869666231504993,1,0.0,2015,2015,2015,Ki,B,1
PLDUPXSUYLZYBN-UHFFFAOYSA-N,OCCN1CCN(CCCN2c3ccccc3Sc3ccc(C(F)(F)F)cc32)CC1,8.86053178834945,4,0.5897378814855493,2009,2024,2016,IC50;Ki,B,3
FZEUFNLUEJZENL-UHFFFAOYSA-N,Cc1ncoc1-c1nnc(SCCCN2CC3CCN(c4ccc(F)cc4)C3C2)n1C,8.860120913598763,5,0.34131908064246835,2016,2020,2016,Ki,B,3
YMMKVLDFUKHZTJ-UTKZUKDTSA-N,Cn1c(SCCCN2CC[C@]3(C[C@@H]3c3ccc(C(F)(F)F)cc3)C2)nnc1-c1nccs1,8.860120913598763,1,0.0,2016,2016,2016,Ki,B,1
WPKZTODVTLZQPZ-GCJKJVERSA-N,Cn1c(SCCCN2CC[C@]3(C[C@@H]3c3ccc(C(F)(F)F)cc3)C2)nnc1-c1ccco1,8.860120913598763,1,0.0,2016,2016,2016,Ki,B,1
IKSPSLCLHNNQFS-XXBNENTESA-N,Cn1c(SCCCN2CC[C@]3(C[C@@H]3c3ccc(F)cc3F)C2)nnc1-c1cccnc1,8.860057981489657,2,0.04246339631500134,2016,2016,2016,Ki,B;F,1
HUNDNZUNCNQCRK-UHFFFAOYSA-N,COc1ccccc1N1CCN(CC(O)CCNC(=O)c2cc3ccccc3[nH]2)CC1,8.858575698582676,4,0.47148534680447524,2009,2014,2011,IC50;Ki,B;F,2
GNMGTHXPOHHXCC-UHFFFAOYSA-N,CCCN(CCN1CCN(c2ccccc2)CC1)C1CCc2cc(O)c(O)cc2C1,8.856985199745905,1,0.0,2008,2008,2008,Ki,B,1
VCYJYQQXTOICSB-UHFFFAOYSA-N,O=C(NCCCCN1CCN(c2cccc(Cl)c2Cl)CC1)c1ccc2c(c1)-c1ccccc1C2,8.853871964321762,1,0.0,2001,2001,2001,Ki,B,1
URXAVGZMTQSESH-IYARVYRRSA-N,O=C(N[C@H]1CC[C@H](CCN2CCN(c3cccc(Cl)c3Cl)CC2)CC1)c1ccco1,8.853871964321762,1,0.0,1997,1997,1997,Ki,B,1
CNMSAIQUKYYMGN-MXVIHJGJSA-N,COc1cccc(N2CCN(CC[C@H]3CC[C@H](NC(=O)c4cccs4)CC3)CC2)c1,8.853871964321762,1,0.0,1997,1997,1997,Ki,B,1
REAPOTFJKWYQFW-UHFFFAOYSA-N,CCCN(CCC)C1Cc2cc3nc(N)sc3cc2C1,8.853871964321762,2,0.0,2000,2022,2011,Ki,B;F,2
BAGJQDYWVPCFCU-UHFFFAOYSA-N,COc1ccccc1N1CCN(CCCCNC(=O)c2cc3cc(I)ccc3o2)CC1,8.853871964321762,3,0.7972874693019244,2004,2009,2009,IC50;Ki,B;F,2
CPTTYKNXUVQTGN-UHFFFAOYSA-N,O=C(NCCCCN1CCN(c2cccc(Cl)c2Cl)CC1)c1ccc(I)s1,8.853871964321762,1,0.0,2004,2004,2004,Ki,B,1
YVEMSJWDFDTJQU-UHFFFAOYSA-N,CC(C)(C)c1nc(N2CCN(CCCCn3ccc(-c4ccccc4)nc3=O)CC2)cc(C(F)(F)F)n1,8.853871964321762,2,0.0,2006,2006,2006,Ki,B,2
WIYPXJWKJSYBKF-UHFFFAOYSA-N,O=C(NCCCCN1CCN(c2cccc(Cl)c2Cl)CC1)c1cc2ccccc2[nH]1,8.853871964321762,6,0.8977018960477816,2007,2018,2014,EC50;Ki,B;F,5
KYXXZGFCBQFNOQ-UHFFFAOYSA-N,O=C(NCCCCN1CCN(c2cccc(Cl)c2Cl)CC1)c1ccc2c(c1)C(=O)c1ccccc1-2,8.853871964321762,1,0.0,2013,2013,2013,Ki,B,1
PASOWIIUVYLHIV-BYYHNAKLSA-N,COc1ccccc1N1CCN(CCCCNC(=O)/N=N/c2cc(F)c(F)c(F)c2)CC1,8.853871964321762,1,0.0,2015,2015,2015,Ki,B,1
QWZZJNNQJSVEEN-OCOZRVBESA-N,CCCN(CCNC(=O)/N=N/c1ccc(F)cc1)C1Cc2ccccc2C1,8.853871964321762,1,0.0,2015,2015,2015,Ki,B,1
ALLUIYWATYVDFM-MXVIHJGJSA-N,O=C(CC1(O)CCC1)N[C@H]1CC[C@H](CCN2CCN(c3cccc4c3OCO4)CC2)CC1,8.853871964321762,2,0.0,2014,2014,2014,Ki,B,1
OYIQKTRWSDEITE-QAQDUYKDSA-N,O=C(CO)N[C@H]1CC[C@H](CCN2CCN(c3nccc4sccc34)CC2)CC1,8.853871964321762,1,0.0,2013,2013,2013,Ki,B,1
XOLGUSIUXDCCCM-HZCBDIJESA-N,CC(C)N(C(=O)N[C@H]1CC[C@H](CCN2CCN(c3nsc4ccccc34)CC2)CC1)C(C)C,8.853871964321762,1,0.0,2016,2016,2016,Ki,B,1
KJHPDBTYGMOOOR-UHFFFAOYSA-N,Oc1cccc(OCCNCC2COCC(c3ccccc3)(c3ccccc3)O2)c1,8.853871964321762,1,0.0,2021,2021,2021,Ki,B,1
RNTBYVJGJXERSN-UHFFFAOYSA-N,O=C(OCCCN1CCN(c2ccccc2)CC1)c1cc2ccccc2o1,8.853871964321762,1,0.0,2023,2023,2023,Ki,B,1
LSQOOMIFBSOAIJ-HCGLCNNCSA-N,Cn1c(-c2ccccc2)nc2c1CCN(CC[C@H]1CC[C@H](NC(=O)c3cccc4ncccc34)CC1)C2,8.853871964321762,2,0.0,2020,2022,2021,Ki,B,2
YHQSGSIBDPGBNE-GBWYYYKWSA-N,CCc1cc([C@]23C[C@H]2CN(CC[C@H]2CC[C@H](NC(=O)c4cccnc4C)CC2)C3)no1,8.853871964321762,1,0.0,2022,2022,2022,Ki,B,1
DOULCDSMIFJJIX-XUTJKUGGSA-N,Cc1nc(CC(=O)N[C@H]2CC[C@H](CCN3CCc4ccc(CCC(F)(F)F)nc4CC3)CC2)n(C)n1,8.853871964321762,1,0.0,2023,2023,2023,Ki,B,1
FASDKYOPVNHBLU-ZETCQYMHSA-N,CCCN[C@H]1CCc2nc(N)sc2C1,8.851667404869234,26,0.6760930246148086,2000,2023,2019,EC50;Kd;Ki,B;F,11
YVQFTRVYMAREIA-UHFFFAOYSA-N,CN(C)C1CCc2ccc(O)cc2C1,8.85078088734462,1,0.0,1996,1996,1996,Ki,B,1
IQOHRYVJGPXDMK-SFHVURJKSA-N,CCCN(CCN1CCN(c2ccc3cc[nH]c3c2Cl)CC1)[C@H]1CCc2nc(N)sc2C1,8.85078088734462,1,0.0,2015,2015,2015,EC50,F,1
QCALWRVXYCHRSG-UHFFFAOYSA-N,Cc1ncoc1-c1nnc(SCCCN2CC3CCN(c4cccc(C#N)c4)C3C2)n1C,8.85078088734462,5,0.36303642860121293,2016,2020,2016,Ki,B,3
DVRLZAJGBLYQFK-UHFFFAOYSA-N,Cn1c(SCCCN2CC3CCN(c4c(F)cccc4F)C3C2)nnc1-c1ccc(C(N)=O)nc1,8.85078088734462,2,0.0,2019,2020,2019,Ki,B,2
HQDIIIDLDYDDHJ-UHFFFAOYSA-N,COc1ccccc1N1CCN(CCCNC(=O)Oc2cccc(-c3cccc(C(N)=O)c3)c2)CC1,8.849857838151442,3,0.652765982160977,2017,2017,2017,EC50,F,1
ZDZWIQDJFWTDAM-NQIIRXRSSA-N,CC(=O)Nc1ccc(CCN2C[C@@H]3COc4ccc(C#N)cc4[C@H]3C2)cc1,8.84948500216801,2,0.21286035127455813,1999,2011,2005,Ki,B,2
HUXFXXWYIRBVJR-UHFFFAOYSA-N,CCCN(CCC)C1CCc2cc(CS(=O)(=O)c3ccc(OC)cc3)ccc2C1,8.843013690569697,2,0.060871933728649956,1996,2009,2002,Ki,B,2
LMYXDMLXVWZVJJ-QPPBQGQZSA-N,Cn1c(SCCCN2CC[C@]3(C[C@@H]3c3ccc(C(F)(F)F)cc3)C2)nnc1-c1ccc(C#N)nc1,8.840132152907433,1,0.0,2016,2016,2016,Ki,B,1
CQLNLMLQKSNCPW-UHFFFAOYSA-N,C#Cc1ccc(C(=O)NCCCCN2CCN(c3ccccc3OC)CC2)cc1,8.83889035263304,2,0.2278434483355013,2007,2007,2007,EC50;Ki,B;F,1
BYIJZPIPKRUSAC-KESTWPANSA-N,CS(=O)(=O)CC(=O)N[C@H]1CC[C@H](CCN2CCC(c3coc4ccccc34)CC2)CC1,8.838631997765026,2,0.0,2014,2014,2014,Ki,B,1
LZICIBCEISDAND-IYARVYRRSA-N,CS(=O)(=O)CC(=O)N[C@H]1CC[C@H](CCN2CCN(c3cccc4c3OCO4)CC2)CC1,8.838631997765026,2,0.0,2014,2014,2014,Ki,B,1
MGRVYPIMNDNBRD-XUTJKUGGSA-N,COC(CC(=O)N[C@H]1CC[C@H](CCN2CCC(c3coc4ccccc34)CC2)CC1)OC,8.835647144215564,2,0.0,2014,2014,2014,Ki,B,1
SWEZRIWMOXWKPT-UHFFFAOYSA-N,CCCN(CCN1CCN(c2ccnc3c(O)cccc23)CC1)C1CCc2c(O)cccc2C1,8.835504572275285,4,0.373413315718323,2010,2010,2010,EC50;Ki,B;F,1
FVHLWQUAXIQGNY-UHFFFAOYSA-N,Clc1cccc(N2CCN(CCCCn3cc(-c4ccc5[nH]ccc5c4)nn3)CC2)c1Cl,8.832682665251824,1,0.0,2015,2015,2015,Ki,B,1
CSKYOEFARAEABU-UAPYVXQJSA-N,O=C(CO)N[C@H]1CC[C@H](CCN2CCC(c3coc4ccccc34)CC2)CC1,8.832682665251824,2,0.0,2014,2014,2014,Ki,B,1
INDXRHKLECFZHX-UHFFFAOYSA-N,COc1ccccc1N1CCN(CCCCNC(=O)c2cc3ccccc3cn2)CC1,8.829738284605043,1,0.0,2003,2003,2003,Ki,B,1
HUVWCUMZGKOSQX-KESTWPANSA-N,O=C(N[C@H]1CC[C@H](CCN2CCC(c3coc4ccccc34)CC2)CC1)C1(O)CC1,8.829738284605043,2,0.0,2014,2014,2014,Ki,B,1
IVXOADYRPYSQPC-UZLBHIALSA-N,Cn1c(SCCCN2C[C@H]3CCN(c4ccc(C(F)(F)F)cc4)[C@H]3C2)nnc1-c1ccncn1,8.829738284605043,2,0.0,2019,2020,2019,Ki,B,2
PVENBHMDIHLYQL-UHFFFAOYSA-N,Cn1c(SCCCN2CC3CCN(c4ccc(F)cc4)C3C2)nnc1-c1ccncn1,8.829738284605043,2,0.0,2019,2020,2019,Ki,B,2
JNGNQZWCWJWYDP-UHFFFAOYSA-N,O=C(NCCCCN1CCN(c2cccc(Cl)c2Cl)CC1)c1ccc(-c2ccccc2)cc1,8.826670976409162,2,0.1744236796368043,2005,2005,2005,Kd;Ki,B;F,1
LSZYSKUEBVDYTO-UHFFFAOYSA-N,c1ccc(N2CCN(CCCOc3ccc(-c4nc5ccccc5[nH]4)cc3)CC2)cc1,8.823908740944319,2,0.0,1995,2013,2004,Ki,B,2
IOIJPOKENALSRI-VMUIEEQSSA-N,COc1ccccc1N1CCN(CCCCNC(=O)/C=C/C=C/c2ccccc2)CC1,8.823908740944319,1,0.0,2003,2003,2003,Ki,B,1
VMOFYGZGNSIHPR-UHFFFAOYSA-N,C#Cc1ccc(C(=O)NCCCCCN2CCN(c3cccc(Cl)c3Cl)CC2)cc1,8.823908740944319,1,0.0,2007,2007,2007,Ki,B,1
OSMDWBWUUPMWBF-BZSNNMDCSA-N,CCCN(CC[C@H]1CC[C@H](NS(=O)(=O)c2cccnc2Cl)CC1)[C@H]1CCc2nc(N)sc2C1,8.823908740944319,1,0.0,2012,2012,2012,EC50,F,1
MGLBPQCNRNAVCP-UHFFFAOYSA-N,COc1ccccc1N1CCCN(CCCCNC(=O)c2cc3ccccc3s2)CC1,8.823908740944319,1,0.0,2013,2013,2013,Ki,B,1
PWXSXDYNNANOIK-UHFFFAOYSA-N,COc1ccccc1N1CCN(CCCCNC(=O)c2cc3cc(OCCOCCOCCF)ccc3[nH]2)CC1,8.823908740944319,1,0.0,2013,2013,2013,Ki,B,1
RSQYYIMQKSBFSO-UHFFFAOYSA-N,O=C(NCCCCN1CCN(c2ccccc2C(F)(F)F)CC1)c1ccc(-c2ccsc2)cc1,8.823908740944319,1,0.0,2019,2019,2019,Ki,B,1
DCIOHCJFMCIMPE-SKPFHBQLSA-N,C[C@H]1CN(CC[C@H]2CC[C@H](NC(=O)Nc3ccccc3)CC2)CCc2ccc(Cl)cc21,8.823908740944319,1,0.0,2021,2021,2021,Ki,B,1
BNFWJAQYVFRKRJ-VQTJNVASSA-N,C=CCN1C[C@H](OCCCCN)C[C@H]1CNC(=O)c1cc(CCCF)cc(OC)c1OC,8.823908740944319,1,0.0,2023,2023,2023,Ki,B,1
GFJRPGWLBNGCOI-JCNLHEQBSA-N,Cn1cc(CC(=O)N[C@H]2CC[C@H](CCN3CCc4sc(OCC(F)F)nc4C3)CC2)cn1,8.823908740944319,2,0.0,2020,2022,2021,Ki,B,2
MOIAIVHWYHJNIE-ROUUACIJSA-N,O=C(NC[C@@H]1C[C@H]1CN1CCN(c2cccc(Cl)c2Cl)CC1)c1ccnc2ccccc12,8.821023052706831,1,0.0,2017,2017,2017,Ki,B,1
YSDJOZOLDISODG-KYJUHHDHSA-N,CCCN(CCc1cc(O)c(CCN(CCC)[C@H]2CCc3c(O)cccc3C2)cc1O)[C@H]1CCc2c(O)cccc2C1,8.8153085691824,1,0.0,2023,2023,2023,EC50,B,1
POVCSYONXDMZKL-UHFFFAOYSA-N,CCCN(CCN1CCN(c2ccccc2)CC1)C1CCc2ccc(O)cc2C1,8.806875401645538,3,0.22036757230794618,2002,2008,2008,EC50;Ki,B;F,2
OMQYELRKBALQJF-UHFFFAOYSA-N,CCCN1CCOC2c3cc(O)ccc3SCC21,8.806875401645538,1,0.0,2000,2000,2000,Ki,B,1
RWYJJIZNTJVITE-WGSAOQKQSA-N,CC(C)(O)CC(=O)N[C@H]1CC[C@H](CCN2CCN(c3cccc4c3OCO4)CC2)CC1,8.806875401645538,2,0.0,2014,2014,2014,Ki,B,1
PPLSEYBUMZWQHS-OFNKIYASSA-N,Cn1c(SCCCN2CC[C@]3(C[C@@H]3c3ccc(C(F)(F)F)cc3)C2)nnc1C1CCOCC1,8.804961868981525,2,0.035454273228030915,2016,2016,2016,Ki,B;F,1
DNKKASLPXCCBTN-QAQDUYKDSA-N,O=C(CC(F)(F)F)N[C@H]1CC[C@H](CCN2CCN(c3cccc4c3OCO4)CC2)CC1,8.804100347590767,2,0.0,2014,2014,2014,Ki,B,1
KQLWXCILLOUXJV-WGSAOQKQSA-N,CCCC(=O)N[C@H]1CC[C@H](CCN2CCN(c3cccc4c3OCO4)CC2)CC1,8.801342913045577,2,0.0,2014,2014,2014,Ki,B,1
YVWGFJJVIYRZMN-SFHVURJKSA-N,CCCN(CCN1CCN(c2ccnc3c(O)cccc23)CC1)[C@H]1CCc2nc(N)sc2C1,8.801342913045577,1,0.0,2022,2022,2022,EC50,F,1
MSHSWAFZASVUIU-AWKDPZSRSA-N,CS(=O)(=O)c1ccc2c(c1)CCN(CC[C@H]1CC[C@H](NC(=O)/C=C/c3ccccc3C#N)CC1)CC2,8.79997073344623,1,0.0,2003,2003,2003,Ki,B,1
FBXKPSPDFUNMEE-AOJFSQSVSA-N,CS(=O)(=O)c1ccc2c(c1)CCN(CC[C@H]1CC[C@H](NC(=O)/C=C/c3cccc(F)c3)CC1)CC2,8.79997073344623,1,0.0,2003,2003,2003,Ki,B,1
QENYNNSJVREWOL-UHFFFAOYSA-N,CS(=O)(=O)Nc1ccc(CCN2CC3COc4ccc(C#N)cc4C3C2)cc1,8.79997073344623,1,0.0,1999,1999,1999,Ki,B,1
GNEOQNVIIJIRPW-UHFFFAOYSA-N,CCS(=O)(=O)c1ccc(OC)c(-c2ccc(CN3CCCCCC3c3ccc(OC)cc3)[nH]2)c1,8.79997073344623,1,0.0,1997,1997,1997,Ki,B,1
DYDVACJMXCMPDV-UHFFFAOYSA-N,CCN(Cc1cccc(C)c1)Cc1ccc(-c2cc(S(=O)(=O)CC)ccc2OC)[nH]1,8.79997073344623,1,0.0,1997,1997,1997,Ki,B,1
ASINOPIKMGWLQS-UHFFFAOYSA-N,CCCN(CCCCNC(=O)c1ccc(-c2ccccc2)cc1)C1CCc2c(cccc2OS(=O)(=O)C(F)(F)F)C1,8.79997073344623,2,0.0,1997,1999,1998,Ki,B,2
KSCIAWWFBYAELA-UHFFFAOYSA-N,CCCN(CCCCNC(=O)c1ccc(-c2ccccc2)cc1)C1CCc2c(Cl)cccc2C1,8.79997073344623,2,0.0,1997,1999,1998,Ki,B,2
UJNGTNSLEZLHFI-UHFFFAOYSA-N,CCCN(CCCCNC(=O)c1ccc(-c2ccccc2)cc1)C1CCc2ccccc2C1,8.79997073344623,1,0.0,1997,1997,1997,Ki,B,1
KYKGECIXEATTSM-UHFFFAOYSA-N,COc1ccc(S(=O)(=O)N2CCOCC2)cc1-c1ccc(CN2CCCCCC2c2ccccc2)[nH]1,8.79997073344623,1,0.0,1997,1997,1997,Ki,B,1
YRLIAFPIEWQNDG-UHFFFAOYSA-N,Cc1cc2c(cc1NS(=O)(=O)c1ccc(-c3ccc(Cl)cc3)cc1)CCN(C)CC2,8.79997073344623,1,0.0,2007,2007,2007,Ki,B,1
WIHMMKGUBDZGEG-UHFFFAOYSA-N,Cc1ccc2c(-c3nnc(SCCCN4CCc5ccc(-c6cc(C)nn6C)cc5CC4)n3C)cccc2n1,8.79997073344623,7,0.32729639345029465,2007,2010,2008,Ki,B;F,5
KEOZDNQHXGUGES-UHFFFAOYSA-N,Cc1cc(-c2ccc3c(c2)CCN(CCCSc2nnc(-c4ccc(F)c(F)c4)n2C)CC3)n(C)n1,8.79997073344623,1,0.0,2007,2007,2007,Ki,F,1
BZIIORPIORBBJU-UHFFFAOYSA-N,Cc1ccc2c(-c3nnc(SCCC(C)N4CCc5ccc(-c6cc(C)nn6C)cc5CC4)n3C)cccc2n1,8.79997073344623,1,0.0,2007,2007,2007,Ki,F,1
XSBNGDJHMKLOOQ-UHFFFAOYSA-N,Cc1cc(-c2ccc3c(c2)CCN(CCCSc2nnc(-c4cccc(F)c4)n2C)CC3)no1,8.79997073344623,1,0.0,2007,2007,2007,Ki,F,1
DEIXGWIQADAVTO-UHFFFAOYSA-N,Cc1cc(-c2ccc3c(c2)CCN(CCCSc2nnc(-c4cccc(Cl)c4)n2C)CC3)no1,8.79997073344623,1,0.0,2007,2007,2007,Ki,F,1
YGDMWGYWZVBWDP-UHFFFAOYSA-N,Cc1ccc(-c2nnc(SCCCN3CCc4ccc(-c5cc(C)on5)cc4CC3)n2C)cc1,8.79997073344623,1,0.0,2007,2007,2007,Ki,F,1
CHUTWLUGUSZHNG-UHFFFAOYSA-N,Cc1cc(-c2ccc3c(c2)CCN(CCCSc2nnc(-c4ccccc4)n2C)CC3)no1,8.79997073344623,1,0.0,2007,2007,2007,Ki,F,1
FEBUQPUIWDHVMW-UHFFFAOYSA-N,Cc1cnc(-c2ccc3c(c2)CCN(CCCSc2nnc(-c4cccn4C)n2C)CC3)o1,8.79997073344623,1,0.0,2007,2007,2007,Ki,F,1
VBQPFBIQLMTMNM-UHFFFAOYSA-N,Cc1cnc(-c2ccc3c(c2)CCN(CCCSc2nnc(-c4ccc5[nH]ccc5c4)n2C)CC3)o1,8.79997073344623,1,0.0,2007,2007,2007,Ki,F,1
TUZSKSVCURDDOD-UHFFFAOYSA-N,Cc1ncoc1-c1nnc(SCCCN2CCc3ccc4oc(C(F)(F)F)nc4c3CC2)n1C,8.79997073344623,1,0.0,2008,2008,2008,Ki,F,1
RLZDEABBOHACIP-UHFFFAOYSA-N,Cc1cc2c(-c3nnc(SCCCN4CCc5ccc(-c6cc(C)nn6C)cc5CC4)n3C)cccc2cn1,8.79997073344623,1,0.0,2008,2008,2008,Ki,F,1
ZWBIIYBHVNHQOG-UHFFFAOYSA-N,O=C1N(CCN2Cc3ccccc3C2)CCN1c1cccc(OC(F)(F)F)c1,8.79997073344623,1,0.0,2009,2009,2009,Ki,F,1
DEPZVFJRGVKNJM-UHFFFAOYSA-N,O=C1N(CCN2Cc3ccccc3C2)CCN1c1cc(F)cc(Cl)c1,8.79997073344623,1,0.0,2009,2009,2009,Ki,F,1
AZORJLGCYRQCSX-UHFFFAOYSA-N,O=C1N(CCN2CCC(C(F)(F)F)CC2)CCN1c1cccc(Cl)c1,8.79997073344623,1,0.0,2009,2009,2009,Ki,F,1
GPVQRHUFRWEYGC-LMTLIKQPSA-N,CN(CCN1CCN(c2cccc(C(F)(F)F)c2)C1=O)C[C@]12CC[C@H](CC1)C2(C)C,8.79997073344623,2,0.0,2009,2009,2009,Ki,B;F,2
BVVYFGNETCYNNY-UHFFFAOYSA-N,O=C1N(CCN2CCCCCC2)CCN1c1cc(Cl)cc(Cl)c1,8.79997073344623,1,0.0,2010,2010,2010,Ki,F,1
ZKRWPAYTJMRKLJ-UHFFFAOYSA-N,Cc1ncoc1-c1nnc(SCCCN2CC3CC3(c3ccc(C(F)(F)F)cc3F)C2)n1C,8.79997073344623,3,1.1269219285477714,2010,2010,2010,Ki,F,1
MGPVNTUQZHCXQW-UHFFFAOYSA-N,Cc1ncoc1-c1nnc(SCCCN2CC3CC3(c3cccc(OC(F)(F)F)c3)C2)n1C,8.79997073344623,3,0.9291568496161825,2010,2010,2010,Ki,F,1
ZUBZEOWJXKKPSY-GHTZIAJQSA-N,Cn1c(SCCCN2C[C@@H]3C[C@]3(c3ccc(C(F)(F)F)cc3)C2)nnc1-c1cncnc1,8.79997073344623,1,0.0,2010,2010,2010,Ki,F,1
IYZBRQAAJGEDNI-UHFFFAOYSA-N,Cn1c(SCCCN2CC3CCN(c4ccc(C(F)(F)F)cc4)C3C2)nnc1-c1cnccn1,8.79997073344623,5,0.18522423694411025,2016,2020,2016,Ki,B,3
OJZXUFDBDMQATJ-UHFFFAOYSA-N,COc1ccccc1N1CCN(CCCCNC(=O)c2ccc(-c3ccccc3)cc2)CC1,8.799299729609228,10,1.288180124317009,2003,2011,2011,Kd;Ki,B;F,3
HCHRWGMYPOWUFG-UHFFFAOYSA-N,COc1ccccc1N1CCN(CCCCc2cn(-c3ccc4c(c3)Cc3ccccc3-4)nn2)CC1,8.79860287567955,1,0.0,2015,2015,2015,Ki,B,1
MNHDKMDLOJSCGN-UHFFFAOYSA-N,COc1ccccc1N1CCN(CCCCNC(=O)c2ccc3ccccc3c2)CC1,8.797292666524068,24,0.482721424051091,2002,2024,2005,EC50;IC50;Kd;Ki,B;F,16
QHLRKDSRGUZHSH-UHFFFAOYSA-N,COc1ccccc1N1CCC(CNCC2COc3ccc(Cl)cc3O2)CC1,8.795880017344075,1,0.0,1999,1999,1999,Ki,B,1
GTLZGWIJAYPBBN-UHFFFAOYSA-N,CC(C)(C)c1nc(N2CCN(CCCCNC(=O)CCc3ccccc3)CC2)cc(C(F)(F)F)n1,8.795880017344075,1,0.0,2006,2006,2006,Ki,B,1
LNFJZMYMJHIQPZ-UHFFFAOYSA-N,COc1ccccc1N1CCN(CCCOc2ccc(-c3cn4ccccc4n3)cc2)CC1,8.795880017344075,1,0.0,2007,2007,2007,Ki,B,1
OABRYNHZQBZDMG-INIZCTEOSA-N,C=CCN1CCC[C@H]1CNC(=O)c1cc(CCCF)cc(OC)c1OC,8.795880017344075,3,0.5420209307643965,2007,2023,2023,IC50;Ki,B,2
PWZPBZQTTHOCIS-UHFFFAOYSA-N,C#CC1=CCC(N(CCC)CCCCNC(=O)c2ccc(-c3ccccc3)cc2)CC1,8.795880017344075,7,1.2844924393540211,2008,2013,2008,EC50;Ki,B;F,2
HIGILHVUMICSAW-UHFFFAOYSA-N,O=C(NCCCCN1CCN(c2cc3ccc2CCc2ccc(cc2)CC3)CC1)c1cc2ccccc2s1,8.795880017344075,1,0.0,2010,2010,2010,Ki,B,1
ZAZPPOBRQFIKRC-UHFFFAOYSA-N,COc1ccccc1N1CCN(CCCCN2CCc3cc(F)ccc3C2=O)CC1,8.795880017344075,1,0.0,2011,2011,2011,Ki,B,1
BOUDGQUEAMMTAE-UHFFFAOYSA-N,CCCCn1cc(CCCOc2ccc(C(=O)NCCCCN(CCC)CCc3ccc(O)c4[nH]c(=O)ccc34)cc2OC)nn1,8.795880017344075,1,0.0,2015,2015,2015,Ki,B,1
TYZKGCIDJUPIPC-IYARVYRRSA-N,CCC(=O)N[C@H]1CC[C@H](CCN2CCN(c3nccc4sccc34)CC2)CC1,8.795880017344075,1,0.0,2013,2013,2013,Ki,B,1
PVEJYMIAJKGDRP-UHFFFAOYSA-N,CS(=O)(=O)Nc1cccc(N2CCN(CCCCNC(=O)c3ccc4ccccc4c3)CC2)c1,8.795880017344075,1,0.0,2016,2016,2016,Ki,B,1
UGARTUSUDTUCHH-MXVIHJGJSA-N,O=C(N[C@H]1CC[C@H](CCN2CCN(c3nsc4ccccc34)CC2)CC1)N1CCOCC1,8.795880017344075,1,0.0,2016,2016,2016,Ki,B,1
ZZJYIKPMDIWRSN-SLSDLSHTSA-N,CC(C)(C)[C@]1(O)CCN2C[C@@H]3c4ccccc4CCc4cccc(c43)[C@@H]2C1,8.795880017344075,1,0.0,2017,2017,2017,IC50,B,1
IQOWTUUUJRSSIY-UHFFFAOYSA-N,O=C(NCCC(O)CN1CCN(c2cccc(Cl)c2Cl)CC1)c1cc2cc(F)ccc2o1,8.795880017344075,2,0.0,2014,2014,2014,Ki,B,1
NWVXCTHMKYPUKK-NRFANRHFSA-N,CCCN(CCCCOc1ccc2c(C=O)cnn2c1)[C@H]1CCc2c(O)cccc2C1,8.795880017344075,1,0.0,2017,2017,2017,Ki,B,1
LQFUKCCOLHDWFK-UHFFFAOYSA-N,CCCCn1cc(CCCOc2ccc(C(=O)NCCCN3CCCN(c4ccc(O)c5[nH]c(=O)ccc45)CC3)cc2OC)nn1,8.795880017344075,1,0.0,2017,2017,2017,Ki,B,1
NOSXOCMQQISHPL-IYARVYRRSA-N,COCCC(=O)N[C@H]1CC[C@H](CCN2CCN(c3cccc(Cl)c3Cl)CC2)CC1,8.795880017344075,5,0.6194830717174478,2023,2023,2023,EC50;IC50;Ki,B;F,1
IDACJXRLCWWYDT-YYSPQECZSA-N,Cn1cc2c(C(=O)N[C@H]3CC[C@H](C(O)CN4CCc5ccc(OCC(F)(F)F)nc5CC4)CC3)cccc2n1,8.795880017344075,2,0.0,2020,2022,2021,Ki,B,2
RMEDXOLNCUSCGS-UHFFFAOYSA-N,O=C(CCCN1CC=C(n2c(=O)[nH]c3ccccc32)CC1)c1ccc(F)cc1,8.792819636046586,2,0.33165397069701424,,,,IC50;Ki,B,1
DMWWEOYTOCKCTC-OXJNMPFZSA-N,Cn1nccc1-c1nnc(SCCCN2C[C@@H]3CCN(c4ccccc4C(F)(F)F)[C@@H]3C2)n1C,8.790484985457368,2,0.0,2019,2020,2019,Ki,B,2
HOMQYYYMDXLYHT-XYWHTSSQSA-N,O=C(CC1COC1)N[C@H]1CC[C@H](CCN2CCC(c3coc4ccccc34)CC2)CC1,8.785156151952302,2,0.0,2014,2014,2014,Ki,B,1
MUUSXXFKLPMJKL-IYARVYRRSA-N,COc1cccc(N2CCN(CC[C@H]3CC[C@H](NC(=O)N(C)C)CC3)CC2)c1F,8.785156151952302,3,0.4391856326431006,2023,2023,2023,EC50;Ki,B;F,1
FETIOVWFCXVZTM-SAIGFBBZSA-N,O=C(Cc1ccc2c(c1)OCO2)N[C@H]1CC[C@H](CCN2CCC(c3coc4ccccc34)CC2)CC1,8.779891911959945,2,0.0,2014,2014,2014,Ki,B,1
VKQSAQSCKUZTCV-KNQAVFIVSA-N,Cn1c(SCCCN2CC[C@]3(C[C@@H]3c3ccc(C(F)(F)F)cc3)C2)nnc1-c1ccoc1,8.779891911959945,1,0.0,2016,2016,2016,Ki,B,1
UJYGDMFEEDNVBF-OGGGUQDZSA-N,CC(C)[C@H]1C(=O)N2CCC[C@H]2[C@]2(O)O[C@](NC(=O)[C@@H]3C=C4c5cccc6[nH]cc(c56)C[C@H]4N(C)C3)(C(C)C)C(=O)N12,8.778207368481475,2,0.33173688592958706,,,,IC50;Ki,B,1
YOILXOMTHPUMRG-TZMCWYRMSA-N,CCCN1CCO[C@@H]2c3cc(O)ccc3OC[C@H]21,8.77469841211937,6,0.6917155419650037,2000,2021,2012,Ki,B,5
CECKJAHVLJLQBE-VOTSOKGWSA-N,COc1ccccc1N1CCN(C/C=C/CNC(=O)c2cc3ccccc3s2)CC1,8.772966497360548,2,0.26814479756602244,2009,2009,2009,IC50;Ki,B;F,1
DTTQGOYOJDSYEL-QAQDUYKDSA-N,O=C(CO)N[C@H]1CC[C@H](CCN2CCN(c3cccc4c3OCO4)CC2)CC1,8.772113295386326,2,0.0,2014,2014,2014,Ki,B,1
FZQRWGRFKDAQAI-UHFFFAOYSA-N,O=C(NCCCCN1CCN(c2ccccc2Cl)CC1)c1ccc(Cl)cc1,8.770062314092065,1,0.0,2007,2007,2007,Ki,B,1
WWABSSMRPUCUEJ-UHFFFAOYSA-N,COc1ccccc1N1CCN(CCCOc2ccc(-c3nc4ccccc4[nH]3)cc2)CC1,8.769551078621726,3,0.0,1995,2015,2013,Ki,B,3
VCVHOTMCZLRSOP-OWOJBTEDSA-N,O=C(NC/C=C/CN1CCN(c2cccc(Cl)c2Cl)CC1)c1cccc(F)c1,8.769551078621726,1,0.0,2005,2005,2005,Ki,B,1
XBPMJUGEGKXVII-UHFFFAOYSA-N,CCc1cn(CCCCN2CCN(c3cc(C(F)(F)F)nc(C(C)(C)C)n3)CC2)c(=O)[nH]c1=O,8.769551078621726,1,0.0,2006,2006,2006,Ki,B,1
KXFNVJFOSNKNAT-UHFFFAOYSA-N,COc1cccc(N2CCN(CCCCNC(=O)c3cc4ccccc4n3C)CC2)c1,8.769551078621726,1,0.0,2014,2014,2014,Ki,B,1
LFATXWJLBURBCJ-UHFFFAOYSA-N,O=C(CCCN1CCC(c2noc3cc(F)ccc23)CC1)c1cc2c3c(c1)CCN3C(=O)CC2,8.769551078621726,1,0.0,2021,2021,2021,Ki,B,1
RKNWXFDIXVCLNO-FCHUYYIVSA-N,C=CCN1C[C@H](OCc2cccnc2)C[C@H]1CNC(=O)c1cc(CCCF)cc(OC)c1OC,8.769551078621726,1,0.0,2023,2023,2023,Ki,B,1
UTCVZDGBUSLXBQ-UHFFFAOYSA-N,C#Cc1cccc(C(=O)NCCCCN2CCN(c3cccc(Cl)c3Cl)CC2)c1,8.768426931636824,2,0.44193463321441284,2007,2007,2007,EC50;Ki,B;F,1
PHVNNOMMTJPRIX-XUTJKUGGSA-N,CCCC(=O)N[C@H]1CC[C@H](CCN2CCC(c3coc4ccccc34)CC2)CC1,8.767003889607846,2,0.0,2014,2014,2014,Ki,B,1
PNYXLKQFWMPYSH-OAHLLOKOSA-N,Oc1ccc2c(c1)O[C@@H](CNCc1ccccc1I)CC2,8.763519440490025,2,0.02315417120232561,2014,2014,2014,Ki,B,1
JTJUCUMXKUPFBQ-UHFFFAOYSA-N,O=C(NCCC(O)CN1CCN(c2cccc(Cl)c2Cl)CC1)c1ccc(-c2ccccn2)cc1,8.761439372640169,6,0.2613300738751274,2007,2014,2014,EC50;IC50;Ki,B;F,2
BADZIIJBCNPURN-GCJKJVERSA-N,Cn1nccc1-c1nnc(SCCCN2CC[C@]3(C[C@@H]3c3ccc(C(F)(F)F)cc3)C2)n1C,8.759950227887352,1,0.0,2016,2016,2016,Ki,B,1
DRMNJQDZXRGJRN-YKSBVNFPSA-N,Cn1c(SCCCN2CC[C@]3(C[C@@H]3c3ccc(C(F)(F)F)cc3)C2)nnc1-c1ccc(=O)n(C)c1,8.759950227887352,1,0.0,2016,2016,2016,Ki,B,1
GOLAHDQVVNCLCU-UHFFFAOYSA-N,Cc1ncoc1-c1nnc(SCCCN2CC3CCN(c4ccc(C(F)(F)F)cc4)C3C2)n1C,8.7594507517174,5,0.11934794642683032,2016,2020,2016,Ki,B,3
OKLQUANCQYMFOA-ONEGZZNKSA-N,O=C(NC/C=C/CN1CCN(c2cccc(Cl)c2Cl)CC1)c1cc2ccccc2[nH]1,8.755724641749778,2,0.8496915851320717,2009,2009,2009,IC50;Ki,B;F,1
POVCSYONXDMZKL-XMMPIXPASA-N,CCCN(CCN1CCN(c2ccccc2)CC1)[C@@H]1CCc2ccc(O)cc2C1,8.752026733638193,1,0.0,2010,2010,2010,Ki,B,1
YCVCSJNOURLGPF-XUTJKUGGSA-N,CC(C)C(=O)N[C@H]1CC[C@H](CCN2CCC(c3coc4ccccc34)CC2)CC1,8.749579997691106,2,0.0,2014,2014,2014,Ki,B,1
ARXBAOIZXCCQAV-UHFFFAOYSA-N,Cn1c(SCCCN2CC3CCN(c4ccc(C(F)(F)F)cc4)C3C2)nnc1-c1ccccn1,8.749579997691106,3,0.029093104852884452,2016,2020,2019,Ki,B,3
RLIMJSGHBMXEDY-GHTZIAJQSA-N,Cn1c(SCCCN2C[C@@H]3CCN(c4ccccc4C(F)(F)F)[C@@H]3C2)nnc1-c1ccncc1,8.749579997691106,2,0.0,2019,2020,2019,Ki,B,2
BHNXJQYCDCKDKH-LAUBAEHRSA-N,Cn1c(SCCCN2C[C@@H]3CCN(c4ccc(F)cc4)[C@@H]3C2)nnc1-c1ccc(C(N)=O)nc1,8.749579997691106,2,0.0,2019,2020,2019,Ki,B,2
FGHYITFFCUFQHL-XUTJKUGGSA-N,O=C(N[C@H]1CC[C@H](CCN2CCN(c3cccc4c3OCO4)CC2)CC1)c1cccnc1,8.747146969020108,2,0.0,2014,2014,2014,Ki,B,1
KJOFXQKVGTXQTK-UHFFFAOYSA-N,O=C(NC1CCC(CCN2CCN(c3cccc(Cl)c3Cl)CC2)CC1)c1cccs1,8.744727494896694,1,0.0,1997,1997,1997,Ki,B,1
ZKZFPRUSWCYSGT-UHFFFAOYSA-N,CC(C)Oc1ccccc1N1CCN(Cc2cccc(C(=O)N3CCCCC3)c2)CC1,8.744727494896694,1,0.0,1997,1997,1997,Ki,B,1
TUZMIWVHPWQEBK-UHFFFAOYSA-N,COc1ccccc1N1CCN(CC(O)CCNC(=O)c2ccc3c(c2)Cc2ccccc2-3)CC1,8.744727494896694,5,0.18392090885540674,2007,2014,2014,IC50;Ki,B,2
DISKLDRQYHVOPT-UHFFFAOYSA-N,O=C(NCCC(O)CN1CCN(c2cccc(Cl)c2Cl)CC1)c1cc2cc(F)ccc2[nH]1,8.744727494896694,3,0.6628648354210241,2009,2015,2009,IC50;Ki,B;F,2
KBPAXMUQBHLMMA-UHFFFAOYSA-N,CCCN(CCCCNC(=O)c1ccc(OCCCc2cn(CCCCCCCCn3cc(CCCOc4ccc(C(=O)NCCCCN(CCC)C5Cc6ccccc6C5)cc4OC)nn3)nn2)c(OC)c1)C1Cc2ccccc2C1,8.744727494896694,1,0.0,2011,2011,2011,Ki,B,1
FXMDNGYJSZHADA-UHFFFAOYSA-N,C=Cc1ccc(C(=O)NCCCCN2CCCN(c3ccccc3OC)CC2)cc1,8.744727494896694,1,0.0,2013,2013,2013,Ki,B,1
FDCHXWBYCLDODW-UHFFFAOYSA-N,COc1ccccc1N1CCN(CCCCCc2cn(-c3cccc4cnccc34)nn2)CC1,8.744727494896694,1,0.0,2015,2015,2015,Ki,B,1
WUVVNDIQBGLCOQ-UHFFFAOYSA-N,O=C(CCc1cn(CCCCCCCCn2cc(CCC(=O)OC3(c4ccc(Cl)cc4)CCN(CCCC(=O)c4ccc(F)cc4)CC3)nn2)nn1)OC1(c2ccc(Cl)cc2)CCN(CCCC(=O)c2ccc(F)cc2)CC1,8.744727494896694,1,0.0,2014,2014,2014,Ki,B,1
VOCJQDHVNNMIHT-UHFFFAOYSA-N,COc1ccccc1N1CCN(CCCCNC(=O)N2CCOCC2)CC1,8.744727494896694,1,0.0,2016,2016,2016,Ki,B,1
UNEYERITNKRLJR-IPJJNNNSSA-N,C[C@H]1CN(CC[C@H]2CC[C@H](NC(=O)N3CCOCC3)CC2)CCc2ccc(Cl)cc21,8.744727494896694,1,0.0,2021,2021,2021,Ki,B,1
NGHDXYJXIZZENU-YONZVVFSSA-N,C/C=C/CC(=O)N[C@H]1CC[C@H](CCN2CCC(c3coc4ccccc34)CC2)CC1,8.742321425130816,2,0.0,2014,2014,2014,Ki,B,1
TUCVLDGVHWFVIS-WGSAOQKQSA-N,CC(C)C(=O)N[C@H]1CC[C@H](CCN2CCN(c3cccc4c3OCO4)CC2)CC1,8.742321425130816,2,0.0,2014,2014,2014,Ki,B,1
RHRKSVACMIQFDY-UHFFFAOYSA-N,CCCN(CCc1ccsc1)C1CCc2c(O)cccc2C1,8.739928612014925,1,0.0,1996,1996,1996,Ki,B,1
BTGAJCKRXPNBFI-OAHLLOKOSA-N,CCCN1CCc2cccc3c2[C@H]1Cc1ccc(O)c(O)c1-3,8.739928612014925,3,0.36220785404173633,2011,2014,2014,Ki,B,2
RXIFDJMCJKEING-XIFFEERXSA-N,CCCN1CCc2cccc3c2[C@@H]1Cc1cccc(OCCCn2cc(CCN4CCN(c5ccccc5OC)CC4)nn2)c1-3,8.739928612014925,1,0.0,2011,2011,2011,Ki,B,1
ZDHMFNGMBGJLNF-OFNKIYASSA-N,Cn1c(SCCCN2CC[C@]3(C[C@@H]3c3ccc(C(F)(F)F)cc3)C2)nnc1-c1cccnc1,8.739928612014925,1,0.0,2016,2016,2016,Ki,B,1
OOBJUMKQKXVZFD-QAQDUYKDSA-N,O=C(CF)N[C@H]1CC[C@H](CCN2CCN(c3cccc4c3OCO4)CC2)CC1,8.73754891026957,2,0.0,2014,2014,2014,Ki,B,1
RTMIJLQPWFKAFE-FPYGCLRLSA-N,CCCN(C/C=C/I)C1CCc2ccc(O)cc2C1,8.732828271596986,1,0.0,1994,1994,1994,Ki,B,1
XXUXRIDSKSDOGY-XYWHTSSQSA-N,O=C(N[C@H]1CC[C@H](CCN2CCC(c3coc4ccccc34)CC2)CC1)C1CCC1,8.732828271596986,2,0.0,2014,2014,2014,Ki,B,1
KFMWSHDUFMIMRO-UHFFFAOYSA-N,Cn1c(SCCCN2CC3CCN(c4ccc(C(F)(F)F)cc4)C3C2)nnc1-c1ccncc1,8.730487055782083,3,0.017568743175358677,2016,2020,2019,Ki,B,3
LQSRXUCPMMXTPD-UHFFFAOYSA-N,CN(C)C(=O)N1CCC(CCCN2CCN(c3cccc(Cl)c3Cl)CC2)CC1,8.730487055782083,1,0.0,2023,2023,2023,Ki,B,1
YFCLKFMYEUGDOO-KESTWPANSA-N,CCc1cccc(N2CCN(CC[C@H]3CC[C@H](NC(=O)COC)CC3)CC2)c1Cl,8.730020323354676,3,0.5040106897100396,2023,2023,2023,IC50;Ki,B;F,1
UBVTUPXDRIQNKR-UHFFFAOYSA-N,CN1CCc2ccccc2Cc2c(ccc(O)c2Cl)CC1,8.72584215073632,1,0.0,2006,2006,2006,Ki,B,1
NABHHUMHJIHHIX-UHFFFAOYSA-N,O=C(NCCC(O)CN1CCN(c2cccc(Cl)c2Cl)CC1)c1cc2ccccc2[nH]1,8.72584215073632,14,0.8187490802216707,2009,2015,2014,IC50;Ki,B;F,7
WNRXKNXWFCFUSX-WGSAOQKQSA-N,COCCC(=O)N[C@H]1CC[C@H](CCN2CCN(c3cccc4c3OCO4)CC2)CC1,8.72584215073632,2,0.0,2014,2014,2014,Ki,B,1
ITNZRVAWAMTRJC-IYARVYRRSA-N,O=C(N[C@H]1CC[C@H](CCN2CCN(c3cccc4c3OCO4)CC2)CC1)C1(O)CC1,8.72584215073632,2,0.0,2014,2014,2014,Ki,B,1
FIQUQIIUSBAECI-QAQDUYKDSA-N,O=S(=O)(CC(F)(F)F)N[C@H]1CC[C@H](CCN2CCN(c3cccc4c3OCO4)CC2)CC1,8.72584215073632,2,0.0,2014,2014,2014,Ki,B,1
ABRFKTAFRQVZBR-UHFFFAOYSA-N,CCCN(CCC)C1CCc2nc(N)sc2C1,8.721246399047171,1,0.0,1995,1995,1995,Ki,B,1
HNVPKMQKKJUCMS-UHFFFAOYSA-N,CC(C)(C)c1nc(N2CCN(CCCCn3ccc(=O)[nH]c3=O)CC2)cc(C(F)(F)F)n1,8.721246399047171,2,0.0,2006,2006,2006,Ki,B,2
DHFUVVTYPXJZAP-UHFFFAOYSA-N,O=C(NCCCCN1CCN(c2cccc(F)c2F)CC1)c1cc2ccc1CCc1ccc(cc1)CC2,8.721246399047171,1,0.0,2006,2006,2006,Ki,B,1
ZZJYIKPMDIWRSN-TZBSWOFLSA-N,CC(C)(C)[C@@]1(O)CCN2C[C@@H]3c4ccccc4CCc4cccc(c43)[C@H]2C1,8.721246399047171,7,0.4949570565313646,2008,2014,2013,IC50;Ki,B,5
GXSJLZZVCQCUTH-UHFFFAOYSA-N,CCCCN1CCN(c2cccc(Cl)c2Cl)CC1,8.721246399047171,2,0.0,2012,2017,2014,Ki,B,2
PXCHOWMQGZACON-WGSAOQKQSA-N,COCCC(=O)N[C@H]1CC[C@H](CCN2CCN(c3nccc4sccc34)CC2)CC1,8.721246399047171,1,0.0,2013,2013,2013,Ki,B,1
DKJHWZSZJVWAQC-IYARVYRRSA-N,CC(=O)N[C@H]1CC[C@H](CCN2CCN(c3nccc4sccc34)CC2)CC1,8.721246399047171,1,0.0,2013,2013,2013,Ki,B,1
RWMHVMBWEZTTSB-UHFFFAOYSA-N,O=C1CCc2ccc(OCCCCN3CCCN(c4ccc(O)c5[nH]c(=O)ccc45)CC3)cc2N1,8.721246399047171,1,0.0,2017,2017,2017,Ki,B,1
ODFIVFUWYGFTJX-UHFFFAOYSA-N,O=C(NCCCCN1CCN(c2cccc(Cl)c2Cl)CC1)N1CCC(c2ccccc2)CC1,8.721246399047171,2,0.0,2017,2018,2017,Ki,B,2
DQWJULNHVFIKBD-UHFFFAOYSA-N,O=C(NCCCCN1CCc2sc(OCC(F)(F)F)nc2C1)c1ccc2ccccc2c1,8.721246399047171,2,0.0,2020,2022,2021,Ki,B,2
RLUITWHSEBGXDK-KESTWPANSA-N,Cc1ncc(CC(=O)N[C@H]2CC[C@H](CCN3CCC(c4noc(C)c4C(C)(F)F)CC3)CC2)s1,8.721246399047171,1,0.0,2022,2022,2022,Ki,B,1
HJCKNZCUBOVUBA-UAPYVXQJSA-N,Cc1ncc(CC(=O)N[C@H]2CC[C@H](CCN3CCC(c4nscc4C(C)(F)F)CC3)CC2)s1,8.721246399047171,1,0.0,2022,2022,2022,Ki,B,1
NCXOQBJDZLIEBD-OVPUFTJJSA-N,Cn1cc2c(C(=O)N[C@H]3CC[C@H](CCN4CC5CC5(c5cc(CF)on5)C4)CC3)cccc2n1,8.721246399047171,1,0.0,2022,2022,2022,Ki,B,1
CXQUOFVDYCOSEZ-UHFFFAOYSA-N,O=C(CCCN1C2CCC1CC(O)(c1ccc(Cl)cc1)C2)c1ccc(F)cc1,8.720585737591495,6,0.4692564093027031,2003,2016,2007,Ki,B,5
VPYCAVXBANQPPA-UHFFFAOYSA-N,O=Cc1cnn2ccc(OCCCCN3CCN(c4cccc(Cl)c4Cl)CC3)cc12,8.720105019988361,3,0.3230422981386179,2014,2014,2014,EC50;Ki,B;F,1
SLERETJRSLMXIG-UHFFFAOYSA-N,COc1ccc2[nH]c(C(=O)NCCC(O)CN3CCN(c4ccccc4OC)CC3)cc2c1,8.717927464077338,2,0.11796725924232321,2009,2009,2009,IC50;Ki,B;F,1
OXYSILQZQLVAHW-AQYVVDRMSA-N,CC(C)CC(=O)N[C@H]1CC[C@H](CCN2CCC(c3coc4ccccc34)CC2)CC1,8.712198270069774,2,0.0,2014,2014,2014,Ki,B,1
OWNNKPRXFVCNAN-XGAFWQRZSA-N,O=S(=O)(N[C@H]1CC[C@H](CCN2CCC(c3noc4cc(F)ccc34)CC2)CC1)c1cccnc1,8.709965388637482,2,0.0,2014,2014,2014,Ki,B,1
CVLYSHSUQHJMJF-KESTWPANSA-N,O=C(N[C@H]1CC[C@H](CCN2CCN(c3cccc4c3OCO4)CC2)CC1)C1CCC1,8.705533773838408,2,0.0,2014,2014,2014,Ki,B,1
NOXSTXNFXDOBON-UHFFFAOYSA-N,CCCN(CCc1ccccc1)C1CCc2ccc(O)cc2C1,8.703334809738468,1,0.0,1996,1996,1996,Ki,B,1
KZPBNOPHHYISJR-CGKJMXRXSA-N,CS(=O)(=O)c1ccc2c(c1)CCN(CC[C@H]1CC[C@H](NC(=O)/C=C/c3ccc(C#N)cc3)CC1)CC2,8.700057099977233,1,0.0,2003,2003,2003,Ki,B,1
ZMJYDZCRICPTFL-MGFGWZDJSA-N,Cc1cc(-c2cccc(C(=O)N[C@H]3CC[C@H](CCN4CCc5ccc(OS(C)(=O)=O)cc5CC4)CC3)c2)on1,8.700057099977233,1,0.0,2003,2003,2003,Ki,B,1
UFTZKVBEKDPBGS-SAIGFBBZSA-N,CS(=O)(=O)Oc1ccc2c(c1)CCN(CC[C@H]1CC[C@H](NC(=O)c3cccc4ncccc34)CC1)CC2,8.700057099977233,1,0.0,2003,2003,2003,Ki,B,1
PFQMUGNELAMXCH-NUYADNILSA-N,COc1cccc(/C=C/C(=O)N[C@H]2CC[C@H](CCN3CCc4ccc(OS(C)(=O)=O)cc4CC3)CC2)c1,8.700057099977233,1,0.0,2003,2003,2003,Ki,B,1
FDELRQRUDIZNMQ-PSDCWKFISA-N,CS(=O)(=O)c1ccc2c(c1)CCN(CC[C@H]1CC[C@H](NC(=O)/C=C/c3cccc(C#N)c3)CC1)CC2,8.700057099977233,1,0.0,2003,2003,2003,Ki,B,1
JQBQMMRMPNXBDP-MGFGWZDJSA-N,CS(=O)(=O)Oc1ccc2c(c1)CCN(CC[C@H]1CC[C@H](NC(=O)c3cccc(-c4ncccn4)c3)CC1)CC2,8.700057099977233,1,0.0,2003,2003,2003,Ki,B,1
DVKVLLZTDOYZKA-NFRPNRGWSA-N,CS(=O)(=O)c1ccc2c(c1)CCN(CC[C@H]1CC[C@H](NC(=O)/C=C/c3cc(F)cc(F)c3)CC1)CC2,8.700057099977233,1,0.0,2003,2003,2003,Ki,B,1
CYBHGHQYVGGXRB-BDYUSTAISA-N,O=C(NCCCCN1CC[C@H]2c3cccc(O)c3CC[C@@H]21)c1ccc(-c2ccccc2)cc1,8.700057099977233,1,0.0,1998,1998,1998,Ki,B,1
QZFDRUTWOSVQBO-UHFFFAOYSA-N,CCCN(CCC)C1CCc2cc(CCc3ccc(C(=O)OCC)cc3)ccc2C1,8.700057099977233,1,0.0,1996,1996,1996,Ki,B,1
GFAFSCXGLIXHFV-OOAXWGSJSA-N,CCCN(CCC)C1CCc2cc(CCc3ccc(/C(C)=N\O)cc3)ccc2C1,8.700057099977233,1,0.0,1996,1996,1996,Ki,B,1
MFVZCUGAIPDSAL-XBXARRHUSA-N,O=C(/C=C/c1ccc2[nH]ccc2c1)NCCCCN1CCc2ccc(OS(=O)(=O)C(F)(F)F)cc2C1,8.700057099977233,1,0.0,1999,1999,1999,Ki,B,1
OXRRNHYMIXLDFY-UHFFFAOYSA-N,Cc1nnc(-c2ccc(-c3ccc(C(=O)NCCCCN4CCc5ccc(OS(=O)(=O)C(F)(F)F)cc5C4)cc3)cc2)o1,8.700057099977233,1,0.0,1999,1999,1999,Ki,B,1
OYCWFOLWJZRICL-UHFFFAOYSA-N,CNC(=O)c1cccc(-c2ccc(C(=O)NCCCCN3CCc4ccc(OS(=O)(=O)C(F)(F)F)cc4C3)cc2)c1,8.700057099977233,1,0.0,1999,1999,1999,Ki,B,1
QHUAVXDRCSLDHT-UHFFFAOYSA-N,CCN1CCCCCC1c1ccc(-c2cc(S(=O)(=O)CC)ccc2OC)[nH]1,8.700057099977233,1,0.0,1996,1996,1996,Ki,B,1
RWJCXWVQRSSDLR-UHFFFAOYSA-N,CCN1CCCCC1c1ccc(-c2cc(S(=O)(=O)CC)ccc2OC)[nH]1,8.700057099977233,1,0.0,1996,1996,1996,Ki,B,1
RQXJVDYSRNWVNF-UHFFFAOYSA-N,COc1ccc(S(=O)(=O)N(C)C)cc1-c1ccc(CN2CCCCCC2c2ccccc2)[nH]1,8.700057099977233,1,0.0,1997,1997,1997,Ki,B,1
FXOJKPLALHHTKM-UHFFFAOYSA-N,COc1ccc(S(=O)(=O)N2CCc3ccccc3C2)cc1-c1ccc(CN2CCCCCC2c2ccccc2)[nH]1,8.700057099977233,1,0.0,1997,1997,1997,Ki,B,1
GGAQZJOAVWSKSS-UHFFFAOYSA-N,CCCCc1ccc(S(=O)(=O)Nc2ccc3c(c2)CCN(C)CC3)cc1,8.700057099977233,1,0.0,2007,2007,2007,Ki,B,1
XHYYPLOOWDKARF-UHFFFAOYSA-N,Cc1cc(-c2ccc3c(c2)CCN(CCSc2nnc(-c4ccc(F)c(F)c4)n2C)CC3)n(C)n1,8.700057099977233,1,0.0,2007,2007,2007,Ki,F,1
GRQQDQSHIQXVLZ-UHFFFAOYSA-N,Cc1cc(-c2ccc3c(c2)CCN(CCCSc2nnc(C4CCCC4)n2C)CC3)no1,8.700057099977233,1,0.0,2007,2007,2007,Ki,F,1
RFIKMECJVGIKGU-UHFFFAOYSA-N,Cc1ccc2c(-c3nnc(SCCCN4CCc5ccc(-c6cc(C)on6)cc5CC4)n3C)cccc2n1,8.700057099977233,1,0.0,2007,2007,2007,Ki,F,1
PXLGTQTYMBVHFH-UHFFFAOYSA-N,Cc1ccc2c(-c3nnc(SCCCN4CCc5ccc(-c6ncc(C)o6)cc5CC4)n3C)cccc2n1,8.700057099977233,1,0.0,2007,2007,2007,Ki,F,1
ZLAONGKKHFSBFL-UHFFFAOYSA-N,CCc1nc2ccc3c(c2s1)CCN(CCCSc1nnc(-c2cccc4nc(C)ccc24)n1C)CC3,8.700057099977233,1,0.0,2008,2008,2008,Ki,F,1
IWYNZVSUMFYFCF-UHFFFAOYSA-N,Cc1ccc2c(-c3nnc(SCCCN4CCc5ccc6nc(C(C)(F)F)oc6c5CC4)n3C)cccc2n1,8.700057099977233,1,0.0,2008,2008,2008,Ki,F,1
TXPWWEBUZHUGQI-UHFFFAOYSA-N,Cc1ncoc1-c1nnc(SCCCN2CC3CC3(c3ccc(Br)cc3)C2)n1C,8.700057099977233,3,1.5695154947853907,2010,2010,2010,Ki,F,1
SRVOWVHRVJSZKO-UHFFFAOYSA-N,Cc1ncoc1-c1nnc(SCCCN2CC3CC3(c3ccc(OC(F)(F)F)cc3)C2)n1C,8.700057099977233,3,0.9073950090208681,2010,2010,2010,Ki,F,1
DRKUAUJUSZGTGW-UHFFFAOYSA-N,Cc1ccc2c(-c3nnc(SCCCN4CC5CC5(c5ccc(C(C)(C)C)cc5)C4)n3C)cccc2n1,8.700057099977233,3,0.6082478572703659,2010,2010,2010,Ki,F,1
JGGOHKJHMHHQML-OFNKIYASSA-N,Cn1c(SCCCN2CC[C@]3(C[C@@H]3c3ccc(F)cc3)C2)nnc1-c1cccnc1,8.700057099977233,1,0.0,2016,2016,2016,Ki,B,1
IMYFITBNCNWHTL-UHFFFAOYSA-N,Sc1nc2c(OCCNCc3ccccc3)cccc2[nH]1,8.698970004336019,1,0.0,1999,1999,1999,Ki,B,1
XOMRUHWGUJNGLC-UHFFFAOYSA-N,O=C(NC1CCC(CCN2CCN(c3ccccc3)CC2)CC1)C1CCCCC1,8.698970004336019,1,0.0,1997,1997,1997,Ki,B,1
MBJIMEPOUWVXCI-KESTWPANSA-N,O=C(N[C@H]1CC[C@H](CCN2CCN(c3cccc(Cl)c3)CC2)CC1)c1cccs1,8.698970004336019,1,0.0,1997,1997,1997,Ki,B,1
YJPWVCIGSHWNON-UHFFFAOYSA-N,O=C(NCCCCN1CCN(c2cccc(Cl)c2Cl)CC1)c1ccc2c(c1)Cc1ccccc1-2,8.698970004336019,13,0.45678999785139596,1998,2015,2005,IC50;Kd;Ki,B;F,8
BZXKTPMEZNZORO-OWOJBTEDSA-N,O=C(NC/C=C/CN1CCN(c2cccc(Cl)c2Cl)CC1)c1ccncc1,8.698970004336019,1,0.0,2005,2005,2005,Ki,B,1
FWYMLODBNSUZMM-OWOJBTEDSA-N,Nc1cccc(C(=O)NC/C=C/CN2CCN(c3cccc(Cl)c3Cl)CC2)c1,8.698970004336019,1,0.0,2005,2005,2005,Ki,B,1
UNGWGGUPRUDQFM-PHTYHVAFSA-N,O[C@@]1(c2ccc(Cl)cc2)C[C@H]2CC[C@@H](C1)N2Cc1coc2c1ccc1ccccc12,8.698970004336019,1,0.0,2008,2008,2008,Ki,B,1
PGCKDCUFJMOFOO-UHFFFAOYSA-N,CCCN(CCCCNC(=O)c1ccc(OCCCc2cn(CCCCCCCCn3cc(CCCOc4ccc(C(=O)NCCCCN5CCN(c6ccccc6OC)CC5)cc4OC)nn3)nn2)c(OC)c1)C1Cc2ccccc2C1,8.698970004336019,1,0.0,2011,2011,2011,Ki,B,1
ROYIVTSMYARVGE-UHFFFAOYSA-N,CCCCn1cc(CCCOc2ccc(C(=O)NCCCCN3CCN(c4ccccc4OC)CC3)cc2OC)nn1,8.698970004336019,1,0.0,2011,2011,2011,Ki,B,1
FRFIZCRRPBDSOP-AATRIKPKSA-N,O=C(NC/C=C/CN1CCN(c2ccccc2OCCF)CC1)c1cc2ccccc2[nH]1,8.698970004336019,1,0.0,2013,2013,2013,Ki,B,1
SUYNNRLZQGBZKP-AQYVVDRMSA-N,Cc1cc(CC(=O)N[C@H]2CC[C@H](CCN3CCC(c4cccc5c4CCO5)CC3)CC2)on1,8.698970004336019,2,0.0,2014,2014,2014,Ki,B,1
SNYSIUBLSUQYMK-UHFFFAOYSA-N,COc1ccccc1N1CCN(CCCCNC(=O)CC2CCCCC2)CC1,8.698970004336019,1,0.0,2016,2016,2016,Ki,B,1
BYJLEOXPONSXOY-HDICACEKSA-N,CCOC(=O)N[C@H]1CC[C@@H](CCN2CCN(c3nsc4ccccc34)CC2)CC1,8.698970004336019,1,0.0,2016,2016,2016,Ki,B,1
GMKWDFMANHJRNB-UHFFFAOYSA-N,O=C1CCc2ccc(OCCCCN3CCCN(c4ccc(O)c5c4OCC(=O)N5)CC3)cc2N1,8.698970004336019,1,0.0,2017,2017,2017,Ki,B,1
KFWJKLDOLDILRK-UHFFFAOYSA-N,CCCN(CCCCNC(=O)c1ccc2ccccc2c1)CC1CC1c1cccc(Cl)c1Cl,8.698970004336019,1,0.0,2020,2020,2020,Ki,B,1
PTUSEMHIKWRSIP-UHFFFAOYSA-N,O=C(NCc1ccccc1CN1CCc2cc(O)c(O)cc2C1)c1cccc(Br)c1,8.698970004336019,1,0.0,2021,2021,2021,Ki,B,1
JEAHBVRHQWEDQL-UHFFFAOYSA-N,O=C(NCCCCN1CCN(c2ccccc2)CC1)N1CCN(c2ccccc2)CC1,8.698970004336019,2,0.0,2017,2018,2017,Ki,B,2
CLYZVNJXJPXTED-XLIONFOSSA-N,Cn1c(SCCCN2C[C@H]3CCN(c4ccc(C(F)(F)F)cc4)[C@H]3C2)nnc1N1CCOCC1,8.698970004336019,2,0.0,2019,2020,2019,Ki,B,2
IYZBRQAAJGEDNI-UZLBHIALSA-N,Cn1c(SCCCN2C[C@H]3CCN(c4ccc(C(F)(F)F)cc4)[C@H]3C2)nnc1-c1cnccn1,8.698970004336019,2,0.0,2019,2020,2019,Ki,B,2
XIGLRHPWOZXGTP-AFARHQOCSA-N,O=C(N[C@H]1CC[C@H](CCN2CCN(c3cccc4c3OCO4)CC2)CC1)N1CCc2ccccc21,8.69680394257951,2,0.0,2014,2014,2014,Ki,B,1
YTXILLIRPDSLHZ-UHFFFAOYSA-N,Cc1ncoc1-c1nnc(SCCCN2CC3CCN(c4ccc(C(F)(F)F)cc4F)C3C2)n1C,8.695213466275668,6,0.20386629388475877,2016,2020,2016,Ki,B,3
CQUFCEROSHHDTD-YEMPIKNUSA-N,O=C(CC1COCCO1)N[C@H]1CC[C@H](CCN2CCC(c3coc4ccccc34)CC2)CC1,8.694648630553376,2,0.0,2014,2014,2014,Ki,B,1
YBUAHTMMKRAXBO-JKIUYZKVSA-N,O=C(CC1CCC1)N[C@H]1CC[C@H](CCN2CCC(c3coc4ccccc34)CC2)CC1,8.688246138944246,2,0.0,2014,2014,2014,Ki,B,1
XUAZJBFALQHOFB-UHFFFAOYSA-N,COc1ccccc1N1CCN(CC(O)CCNC(=O)c2cc3cc(F)ccc3[nH]2)CC1,8.68623514480549,2,0.0965231690549341,2009,2009,2009,IC50;Ki,B;F,1
LJYQDVKZJSSWJS-KESTWPANSA-N,O=C(CC1COC1)N[C@H]1CC[C@H](CCN2CCN(c3cccc4c3OCO4)CC2)CC1,8.686132779630846,2,0.0,2014,2014,2014,Ki,B,1
YCFPUDBYSCLGNZ-XUTJKUGGSA-N,CC#CC(=O)N[C@H]1CC[C@H](CCN2CCC(c3coc4ccccc34)CC2)CC1,8.679853713888946,2,0.0,2014,2014,2014,Ki,B,1
XYOCQKZCBWVHNF-AQYVVDRMSA-N,O=C(CC1CCOCC1)N[C@H]1CC[C@H](CCN2CCN(c3cccc4c3OCO4)CC2)CC1,8.679853713888946,2,0.0,2014,2014,2014,Ki,B,1
HJWWNWMERDPVMY-UHFFFAOYSA-N,Cn1c(SCCCN2CC3CCN(c4cccc(C#N)c4)C3C2)nnc1-c1cnccn1,8.679853713888946,3,0.011664430396614491,2016,2020,2019,Ki,B,3
OACVKINMDRORAI-UHFFFAOYSA-N,Cn1c(SCCCN2CC3CCN(c4ccc(F)cc4)C3C2)nnc1-c1cnccn1,8.679853713888946,3,0.011664430396614491,2016,2020,2019,Ki,B,3
PBLLZSMBTAPYBH-HHHXNRCGSA-N,COc1ccc(C2=NO[C@H](CCCN3CCN(C(c4ccc(F)cc4)c4ccc(F)cc4)CC3)C2)cc1OC,8.67778070526608,1,0.0,2007,2007,2007,Ki,B,1
BUSRXNBLQQVZCO-OAQYLSRUSA-N,CCOc1ccccc1N1CCN(CCC[C@@H]2CC(c3ccc(OC)c(OC)c3)=NO2)CC1,8.67778070526608,1,0.0,2007,2007,2007,Ki,B,1
WKTBGKZXPNQGKA-MOJGAOKDSA-N,COc1ccc2occ(CN3[C@@H]4CC[C@H]3C[C@](O)(c3ccc(Cl)cc3)C4)c2c1,8.67778070526608,1,0.0,2008,2008,2008,Ki,B,1
LPZBJVXNLCRBGB-UHFFFAOYSA-N,CN1CN(c2ccccc2)C2(CCN(Cc3coc4ccccc34)CC2)C1=O,8.67778070526608,1,0.0,2010,2010,2010,Ki,B,1
RYXXRKZWJMNUEJ-UHFFFAOYSA-N,COc1cc(Br)cc(C(=O)NCCCCN2CCN(c3cccc(Cl)c3Cl)CC2)c1OC,8.67778070526608,2,0.0,2013,2013,2013,Ki,B,2
XZONNCQQDNOYMJ-UHFFFAOYSA-N,COc1ccccc1N1CCN(CCCCc2cn(-c3ccc(SC)cc3)nn2)CC1,8.67778070526608,1,0.0,2015,2015,2015,Ki,B,1
XVXXUEGVEYMXOM-UHFFFAOYSA-N,NC(=O)c1cccc(-c2cccc(OC(=O)NCCCN3CCN(c4ccccc4)CC3)c2)c1,8.67778070526608,1,0.0,2017,2017,2017,EC50,F,1
WOEVFFPIBHQXIQ-UHFFFAOYSA-N,COc1cc2c(cc1O)CN(CCCCNC(=O)c1ccc(Cl)cc1)CC2,8.67778070526608,1,0.0,2018,2018,2018,Ki,B,1
UPKMERWQQHPRMB-AQYVVDRMSA-N,O=C(Cc1ccc2c(c1)OCO2)N[C@H]1CC[C@H](CCN2CCN(c3cccc4c3OCO4)CC2)CC1,8.675717544702307,2,0.0,2014,2014,2014,Ki,B,1
LDQCWGIXZGDJNL-IYARVYRRSA-N,CC(C)(C)OC(=O)N[C@H]1CC[C@H](CCN2CCN(c3cccc(Cl)c3Cl)CC2)CC1,8.671620396561263,1,0.0,2023,2023,2023,Ki,B,1
KDMBMLINAPXLCW-UZLBHIALSA-N,Cn1c(SCCCN2CC[C@]3(C[C@@H]3c3ccc(C(F)(F)F)cc3)C2)nnc1-c1csnn1,8.670085143655621,2,0.24048278672489576,2016,2016,2016,Ki,B;F,1
SJUYCGYJRSRZHG-JLHYYAGUSA-N,COc1ccccc1N1CCN(CCCCNC(=O)/C=C/c2ccc(C(F)(F)F)cc2)CC1,8.669586226650809,1,0.0,2003,2003,2003,Ki,B,1
MTZVFISNUGZYGT-UHFFFAOYSA-N,COc1ccccc1N1CCN(CCCCNC(=O)c2cnc3ccc(F)cc3c2)CC1,8.669586226650809,1,0.0,2015,2015,2015,Ki,B,1
JNOKWZBEYVLXQJ-OJBMAJLDSA-N,CC(C)(C)Oc1ccc(C(=O)N[C@H]2CC[C@H](CCN3CCC(c4coc5ccccc45)CC3)CC2)cc1,8.669586226650809,2,0.0,2014,2014,2014,Ki,B,1
BLQLPPFWAKBJSW-NQIIRXRSSA-N,Cn1c(SCCCN2C[C@H]3CCN(c4ccc(C(F)(F)F)cc4)[C@H]3C2)nnc1-c1cccnc1,8.669586226650809,2,0.0,2019,2020,2019,Ki,B,2
YHKSIIGCRXQDQA-IVFBNWJGSA-N,Cn1c(SCCCN2C[C@@H]3CCN(c4ccc(C(F)(F)F)cc4)[C@@H]3C2)nnc1C1CCC(O)CC1,8.669586226650809,1,0.0,2019,2019,2019,Ki,B,1
QODHNMBBWHFBBL-ZWKOTPCHSA-N,CCN1C[C@H](OCCCN)C[C@H]1CNC(=O)c1cc(CCCF)cc(OC)c1OC,8.667679012221937,2,0.2633165980778564,2023,2023,2023,IC50;Ki,B,1
QIUIRCOXERNMCI-KZNAEPCWSA-N,C[C@@H](O)C(=O)N[C@H]1CC[C@H](CCN2CCN(c3cccc4c3OCO4)CC2)CC1,8.66354026615147,2,0.0,2014,2014,2014,Ki,B,1
BLYMJBIZMIGWFK-OAHLLOKOSA-N,CCCN(CCC)[C@@H]1CCc2ccc(O)cc2C1,8.657577319177793,9,0.47332061489840566,1996,2010,2002,Ki,B,8
AQKFTLWWZGTUKW-FPYGCLRLSA-N,CCCN(C/C=C/I)C1CCc2cc(O)ccc2C1,8.657577319177793,1,0.0,1994,1994,1994,Ki,B,1
DWDPBNBMFRTKEL-OWOJBTEDSA-N,O=C(NC/C=C/CN1CCN(c2cccc(Cl)c2Cl)CC1)c1ccc([N+](=O)[O-])cc1,8.657577319177793,5,0.3199817989047773,2005,2005,2005,EC50;IC50;Ki,B;F,2
WCPFRPNMWXGWQY-ONEGZZNKSA-N,Nc1ccccc1C(=O)NC/C=C/CN1CCN(c2cccc(Cl)c2Cl)CC1,8.657577319177793,1,0.0,2005,2005,2005,Ki,B,1
LMYNSVJAWVGIBW-UHFFFAOYSA-N,COc1cccn(CCCCN2CCN(c3cc(C(F)(F)F)nc(C(C)(C)C)n3)CC2)c1=O,8.657577319177793,1,0.0,2006,2006,2006,Ki,B,1
XPMUUENUQYZASR-MHZLTWQESA-N,C#CC1=CC[C@H](N(CCC)CCCCNC(=O)c2ccc(OCCCc3cn(CCCC)nn3)c(OC)c2)CO1,8.657577319177793,1,0.0,2015,2015,2015,Ki,B,1
HMVJSLZLZZJKHU-UHFFFAOYSA-N,Clc1cccc(N2CCN(CCc3cn(-c4ccn5nccc5c4)nn3)CC2)c1Cl,8.657577319177793,1,0.0,2015,2015,2015,Ki,B,1
BFHHRFYYBLXMIN-KESTWPANSA-N,CCC(=O)N[C@H]1CC[C@H](CCN2CCC(c3cccc4occc34)CC2)CC1,8.657577319177793,2,0.0,2014,2014,2014,Ki,B,1
AVHWSQKJWQBOIR-XUTJKUGGSA-N,O=S(=O)(N[C@H]1CC[C@H](CCN2CCN(c3cccc4c3OCO4)CC2)CC1)c1ccc(F)cc1,8.657577319177793,2,0.0,2014,2014,2014,Ki,B,1
LPYLNBHXBHUYKT-QIUPIDFOSA-N,Cc1ncc(CC(=O)N[C@H]2CC[C@H](CCN3CC4CC4(c4cc(CF)on4)C3)CC2)s1,8.657577319177793,1,0.0,2022,2022,2022,Ki,B,1
LVXRWLDIURXUJE-LSNLESRRSA-N,O=C(N[C@H]1CC[C@H](CCN2CCC(c3coc4ccccc34)CC2)CC1)c1ccc(C(F)(F)F)cc1,8.655607726314889,2,0.0,2014,2014,2014,Ki,B,1
PMXOLMUJYKILQT-AQYVVDRMSA-N,CCCCC(=O)N[C@H]1CC[C@H](CCN2CCC(c3coc4ccccc34)CC2)CC1,8.655607726314889,2,0.0,2014,2014,2014,Ki,B,1
RBXWTIUJXQLTFC-XZWHSSHBSA-N,CCc1cc(Cl)c(OC)c(C(=O)NC[C@@H]2C[C@@H](OCCCCNCCC(C(=O)N(C)C)(c3ccccc3)c3ccccc3)CN2)c1O,8.655607726314889,1,0.0,2021,2021,2021,Ki,B,1
NLDGWRVWWZGYFC-CTTUZFCVSA-N,O=C(N[C@H]1CC[C@H](CCN2CCC(c3coc4ccccc34)CC2)CC1)C1CCOC1,8.653647025549361,2,0.0,2014,2014,2014,Ki,B,1
WOCTZIGUHYMWQK-XYWHTSSQSA-N,O=C(CC1CC1)N[C@H]1CC[C@H](CCN2CCC(c3coc4ccccc34)CC2)CC1,8.649751981665837,2,0.0,2014,2014,2014,Ki,B,1
AQINCVNJJDJAMA-UHFFFAOYSA-N,Cn1c(SCCCN2CC3CCN(c4ccc(C(F)(F)F)cc4)C3C2)nnc1-c1nccs1,8.649751981665837,3,0.029043673598700484,2016,2020,2019,Ki,B,3
GOLAHDQVVNCLCU-QFBILLFUSA-N,Cc1ncoc1-c1nnc(SCCCN2C[C@@H]3CCN(c4ccc(C(F)(F)F)cc4)[C@@H]3C2)n1C,8.649751981665837,2,0.0,2019,2020,2019,Ki,B,2
IPXYCJHALCJMEQ-XUTJKUGGSA-N,CC(C)(O)CC(=O)N[C@H]1CC[C@H](CCN2CCC(c3coc4ccccc34)CC2)CC1,8.647817481888637,2,0.0,2014,2014,2014,Ki,B,1
LKMYYERAFNDIAS-BVSLBCMMSA-N,CC[C@H](O)CC(=O)N[C@H]1CC[C@H](CCN2CCC(c3coc4ccccc34)CC2)CC1,8.647817481888637,2,0.0,2014,2014,2014,Ki,B,1
BYGFRAXTFHIMHT-WGSAOQKQSA-N,Cn1cnc(S(=O)(=O)N[C@H]2CC[C@H](CCN3CCN(c4cccc5c4OCO5)CC3)CC2)c1,8.647817481888637,2,0.0,2014,2014,2014,Ki,B,1
HUTRNXILWVFUDE-UHFFFAOYSA-N,CCCN(CCCCN1CCN(c2cccc(Cl)c2Cl)CC1)C1CCc2ccc(O)cc2C1,8.645891560852599,1,0.0,2002,2002,2002,Ki,B,1
BWGWYQWYXXYEFW-MXVIHJGJSA-N,CC(C)CC(=O)N[C@H]1CC[C@H](CCN2CCN(c3cccc4c3OCO4)CC2)CC1,8.642065152999546,2,0.0,2014,2014,2014,Ki,B,1
UDOZPIGWNKAYKX-UHFFFAOYSA-N,O=C(NCCCCN1CCN(c2cccc(C(F)(F)F)c2)CC1)c1cn2ccccc2n1,8.64116474849887,2,0.14645984051240893,2014,2014,2014,IC50;Ki,B,1
QTEIKHHDCPQIMO-LYHRCORUSA-N,O=C(C[C@@H](O)C(F)(F)F)N[C@H]1CC[C@H](CCN2CCC(c3coc4ccccc34)CC2)CC1,8.640164517660113,2,0.0,2014,2014,2014,Ki,B,1
XDPJGUWWXSDVTP-UHFFFAOYSA-N,Cn1c(SCCCN2CC3CCN(c4c(F)cccc4F)C3C2)nnc1-c1cnccn1,8.640164517660113,3,0.023200331393092043,2016,2020,2019,Ki,B,3
UDKZGAJICQNPNZ-OWOJBTEDSA-N,O=C(NC/C=C/CN1CCN(c2cccc(Cl)c2Cl)CC1)c1cccc([N+](=O)[O-])c1,8.638272163982407,1,0.0,2005,2005,2005,Ki,B,1
BZVWETBNKDFSQG-UHFFFAOYSA-N,CC(C)(C)c1nc(N2CCN(CCCCn3cc(Cl)c(=O)[nH]c3=O)CC2)cc(C(F)(F)F)n1,8.638272163982407,1,0.0,2006,2006,2006,Ki,B,1
LWSZJTQQUMNMOU-UHFFFAOYSA-N,Cc1cccn(CCCCN2CCN(c3cc(C(F)(F)F)nc(C(C)(C)C)n3)CC2)c1=O,8.638272163982407,1,0.0,2006,2006,2006,Ki,B,1
IXQUACGJMOXDCP-UHFFFAOYSA-N,COc1ccccc1N1CCN(CCCCCc2cn(-c3ccc(SC)cc3)nn2)CC1,8.638272163982407,1,0.0,2015,2015,2015,Ki,B,1
BQGJUXXCNWSZIZ-KESTWPANSA-N,CS(=O)(=O)CC(=O)N[C@H]1CC[C@H](CCN2CCC(c3cccc4occc34)CC2)CC1,8.638272163982407,2,0.0,2014,2014,2014,Ki,B,1
AAELEHAFAYIZRH-KDURUIRLSA-N,O=C(N[C@H]1CC[C@@H](CCN2CCN(c3nsc4ccccc34)CC2)CC1)c1ccco1,8.638272163982407,1,0.0,2016,2016,2016,Ki,B,1
JCYQNPLHYOAPCP-UHFFFAOYSA-N,COc1ccccc1N1CCN(CCCCNC(=O)Oc2cccc(-c3cccc(C(N)=O)c3)c2)CC1,8.638272163982407,3,0.4533660064916017,2017,2017,2017,EC50,F,1
NHLHTGDNMWUOMW-UHFFFAOYSA-N,O=Cc1cnn2ccc(OCCCCN3CCN(c4ccc(O)c5[nH]c(=O)ccc45)CC3)cc12,8.638272163982407,1,0.0,2017,2017,2017,Ki,B,1
GWAVQBXUVNSXRO-UHFFFAOYSA-N,COc1ccc2c(c1)CN(C(=O)NCCCCN1CCN(c3cc(C(F)(F)F)nc(C(C)(C)C)n3)CC1)C2,8.638272163982407,2,0.0,2017,2018,2017,Ki,B,2
FZDNUIQNUJFKIG-UHFFFAOYSA-N,CC(C)(C)c1nc(N2CCN(CCCCNC(=O)N3CCc4ccccc4CC3)CC2)cc(C(F)(F)F)n1,8.638272163982407,2,0.0,2017,2018,2017,Ki,B,2
HVGOTNRLMTVSFL-QAQDUYKDSA-N,Cc1nc(CC(=O)N[C@H]2CC[C@H](CCN3CCc4nc(CCC(F)(F)F)sc4CC3)CC2)no1,8.638272163982407,1,0.0,2020,2020,2020,Ki,B,1
TXJLVFDHHWCPFJ-SHTZXODSSA-N,Cc1nc(C(=O)N[C@H]2CC[C@H](CCN3CCc4nc(OCC(F)(F)F)sc4CC3)CC2)no1,8.638272163982407,1,0.0,2022,2022,2022,Ki,B,1
YJGPWNCHDJDGJR-UHFFFAOYSA-N,O=C(NCCCCN1CCN(c2cccc(Cl)c2Cl)CC1)c1ccc(-c2ccccn2)cc1,8.63264407897398,7,0.569746479500863,2003,2007,2005,EC50;IC50;Ki,B;F,4
BLYMJBIZMIGWFK-UHFFFAOYSA-N,CCCN(CCC)C1CCc2ccc(O)cc2C1,8.628932137728263,11,1.0695071401852798,1994,2016,2008,EC50;Ki,B;F,7
AQLFNWINMCVDSP-QAQDUYKDSA-N,CN(C)C(=O)N[C@H]1CC[C@H](CCN2CCN(c3cccc(C(F)(F)F)n3)CC2)CC1,8.623423042943488,1,0.0,2023,2023,2023,Ki,B,1
HEKOGNYDDZRAAJ-UHFFFAOYSA-N,CCCc1c(C(=O)NCCCCN2CCN(c3cccc(Cl)c3Cl)CC2)nnn1Cc1ccccc1,8.61996975203217,1,0.0,2007,2007,2007,Ki,B,1
KIDLIVLNXRZSJP-KNQAVFIVSA-N,Cn1cc(-c2nnc(SCCCN3CC[C@]4(C[C@@H]4c4ccc(C(F)(F)F)cc4)C3)n2C)cn1,8.61996975203217,1,0.0,2016,2016,2016,Ki,B,1
RSAQDZVYAIXCFK-MEMLXQNLSA-N,Cc1cccc(N2CCN(CC[C@H]3CC[C@H](NC(=O)c4cccs4)CC3)CC2)c1,8.619788758288394,1,0.0,1997,1997,1997,Ki,B,1
DWUAAOIZQFTYQP-MRXNPFEDSA-N,Oc1ccc2c(c1)O[C@@H](CNCc1ccccc1)CC2,8.619788758288394,6,0.06248034591511703,1997,2014,2002,Ki,B,5
NPATVCXCHCPFCB-OAHLLOKOSA-N,O=C1Cc2c(ccc3c2O[C@@H](CNCc2ccccc2)CC3)N1,8.619788758288394,1,0.0,2002,2002,2002,Ki,B,1
HBYKTDPONPUZPO-UHFFFAOYSA-N,COc1ccccc1N1CCN(CCCCNC(=O)c2ccc(I)s2)CC1,8.619788758288394,1,0.0,2004,2004,2004,Ki,B,1
SYEUZBHYJOPLBK-QGOAFFKASA-N,O=C(/C=C/c1ccccc1)NCCCCN1CCN(C(c2ccccc2)c2ccc(Cl)cc2)CC1,8.619788758288394,1,0.0,2007,2007,2007,Ki,B,1
JKYLHNIPTDCTPH-UHFFFAOYSA-N,COc1ccccc1N1CCN(CCCCNC(=O)c2ccc(CCF)cc2)CC1,8.619788758288394,2,0.0,2011,2015,2013,Ki,B,2
JOHIGOPVFHBKPR-HZCBDIJESA-N,O=C(N[C@H]1CC[C@H](CCN2CCN(c3cccc4c3OCO4)CC2)CC1)c1ccnc2ccccc12,8.619788758288394,2,0.0,2014,2014,2014,Ki,B,1
XTFNKHQCBITNPG-UHFFFAOYSA-N,CC(C)(C)c1nc(N2CCN(CCCCNC(=O)c3cc4ccccc4s3)CC2)cc(C(F)(F)F)n1,8.619788758288394,1,0.0,2017,2017,2017,Ki,B,1
JMPUAGQQRFXFOX-ZWKOTPCHSA-N,C=CCN1C[C@H](OCCO)C[C@H]1CNC(=O)c1cc(CCCF)cc(OC)c1OC,8.619788758288394,1,0.0,2023,2023,2023,Ki,B,1
LBZFACYIJUKGCY-ZXSXIFIVSA-N,Cn1cc2c(C(=O)N[C@H]3CC[C@H](CCN4CCC5CC5(c5cc(C(C)(F)F)on5)C4)CC3)cccc2n1,8.619788758288394,1,0.0,2022,2022,2022,Ki,B,1
JWZQTYLGRLCMJW-UHFFFAOYSA-N,O=C(NC1CCC(CCN2CCC(c3coc4ccccc34)CC2)CC1)c1ccc2ncccc2c1,8.616184634019568,2,0.0,2014,2014,2014,Ki,B,1
FUGWOZRGTJZGAQ-UHFFFAOYSA-N,CCc1cccc(N2CCN(CCCCOc3ccc4c(c3)NC(=O)CC4)CC2)c1Cl,8.616184634019568,1,0.0,2019,2019,2019,Ki,B,1
FTCVLHZRRJVLPD-HZPDHXFCSA-N,CCCN1CCO[C@@H]2c3cc4c(cc3CC[C@H]21)CNC4=O,8.614912971512572,2,0.3322622168106275,2009,2009,2009,EC50;Ki,B;F,1
PLAPJTQAKKRSBQ-AQYVVDRMSA-N,CN(C)C(=O)CCC(=O)N[C@H]1CC[C@H](CCN2CCC(c3coc4ccccc34)CC2)CC1,8.614393726401687,2,0.0,2014,2014,2014,Ki,B,1
VPIBUDXDYGVIBY-RUCARUNLSA-N,CC(=O)N[C@H]1CC[C@H](CCN2CCC(c3noc4ccc(F)cc34)CC2)CC1,8.612966298717637,2,0.0,2014,2014,2014,Ki,B,1
QURJJYMBLXNGPW-CHDDOINTSA-N,O=C(C[C@H]1C[C@H](CO)C1)N[C@H]1CC[C@H](CCN2CCN(c3cccc4c3OCO4)CC2)CC1,8.61261017366127,2,0.0,2014,2014,2014,Ki,B,1
KRNPJKNJUZRFIL-OAQYLSRUSA-N,CCCn1c(=O)n2c3c(cccc31)C[C@@H](N(C)CCCCNC(=O)c1cc3ccccc3[nH]1)C2,8.610833915635467,1,0.0,2017,2017,2017,Ki,B,1
RPKWQRUGASWUBS-UHFFFAOYSA-N,CCc1cccc(N2CCN(CC(F)CCNC(=O)c3cc4ccccc4o3)CC2)c1Cl,8.610833915635467,4,1.1439892903354059,2019,2022,2020,IC50;Ki,B,2
ZXMQIPPBQZMPBZ-NQIIRXRSSA-N,N#Cc1ccc2c(c1)CN(C[C@@H]1C[C@H]1CCNC(=O)c1cc3cccnc3[nH]1)CC2,8.607303046740334,1,0.0,2017,2017,2017,Ki,B,1
LKMYYERAFNDIAS-CEMLEFRQSA-N,CC[C@@H](O)CC(=O)N[C@H]1CC[C@H](CCN2CCC(c3coc4ccccc34)CC2)CC1,8.603800652904264,2,0.0,2014,2014,2014,Ki,B,1
WDHYFDZSQKSUCX-WGSAOQKQSA-N,CC(=O)N[C@H]1CC[C@H](CCN2CCN(c3ccccc3)CC2)CC1,8.602059991327963,1,0.0,1997,1997,1997,Ki,B,1
QHYONRIMRKDWFG-UHFFFAOYSA-N,COc1ccccc1N1CCN(CCCCNC(=O)c2ccc(C(=O)c3ccccc3)cc2)CC1,8.602059991327963,1,0.0,2003,2003,2003,Ki,B,1
OFTZRFJEBCMBOT-OWOJBTEDSA-N,O=C(NC/C=C/CN1CCN(c2cccc(Cl)c2Cl)CC1)c1cccnc1,8.602059991327963,1,0.0,2005,2005,2005,Ki,B,1
MONABEPWKHXIEW-UHFFFAOYSA-N,CC(C)(C)c1nc(N2CCN(CCCCN3C(=O)CCCc4c(O)cccc43)CC2)cc(C(F)(F)F)n1,8.602059991327963,1,0.0,2006,2006,2006,Ki,B,1
RUZJOGYMPJWMOY-UHFFFAOYSA-N,O=C(NCC(O)CCN1CCN(c2cccc(Cl)c2Cl)CC1)c1ccc2c(c1)Cc1ccccc1-2,8.602059991327963,3,0.0,2007,2014,2014,Ki,B,2
CEGIBPCCIZOPHK-UHFFFAOYSA-N,Cc1ccc(C)c(N2CCN(CCCCNC(=O)c3cc4ccccc4s3)CC2)c1,8.602059991327963,1,0.0,2010,2010,2010,Ki,B,1
SNGXJMCNRWUDKR-UHFFFAOYSA-N,O=C(NCCCCN1CCN(c2ccccc2OCCF)CC1)c1ccc(OCCOCCF)cc1,8.602059991327963,1,0.0,2011,2011,2011,Ki,B,1
SCWHHXLTCHIVBS-UHFFFAOYSA-N,COc1ccccc1N1CCCN(CCCCNC(=O)c2cc3ccccc3[nH]2)CC1,8.602059991327963,1,0.0,2013,2013,2013,Ki,B,1
GQPOGVMYXNWAPK-SSGKUCQKSA-N,CO[C@@H]1CC[C@@H](CC(=O)N[C@H]2CC[C@H](CCN3CCN(c4cccc5c4OCO5)CC3)CC2)C1,8.602059991327963,2,0.0,2014,2014,2014,Ki,B,1
YVUQSNJEYSNKRX-UHFFFAOYSA-N,O=c1[nH]c2ccccc2n1C1CCN(CCCC(c2ccc(F)cc2)c2ccc(F)cc2)CC1,8.602059991327963,1,0.0,2022,2022,2022,Ki,B,1
BVXTUFOXINIFQV-UHFFFAOYSA-N,COc1ccccc1N1CCN(CCCCNC(=O)c2ccc3cc(F)ccc3n2)CC1,8.600326278518962,1,0.0,2015,2015,2015,Ki,B,1
FFHHYAWKMDTAAH-NJDAHSKKSA-N,O=C(C[C@@H]1COCCO1)N[C@H]1CC[C@H](CCN2CCN(c3cccc4c3OCO4)CC2)CC1,8.600326278518962,2,0.0,2014,2014,2014,Ki,B,1
IONCAKHVNMAPQA-GHTZIAJQSA-N,Cn1c(SCCCN2C[C@@H]3CCN(c4ccc(C(F)(F)F)cc4)[C@@H]3C2)nnc1C1CCCC1,8.600326278518962,2,0.0,2019,2020,2019,Ki,B,2
MGPBHFVVGJDFMY-OXJNMPFZSA-N,Cn1c(SCCCN2C[C@@H]3CCN(c4ccccc4C(F)(F)F)[C@@H]3C2)nnc1-c1cnccn1,8.600326278518962,2,0.0,2019,2020,2019,Ki,B,2
MOBPOBWCTFHVAW-WVPZODRTSA-N,Cc1nc(-c2cccc(C(=O)N[C@H]3CC[C@H](CCN4CCc5ccc(OS(C)(=O)=O)cc5CC4)CC3)c2)no1,8.599980364934842,1,0.0,2003,2003,2003,Ki,B,1
CWTKWMZRXUTRKL-PGWJBFNOSA-N,CS(=O)(=O)Oc1ccc2c(c1)CCN(CC[C@H]1CC[C@H](NC(=O)c3cccc4ccccc34)CC1)CC2,8.599980364934842,1,0.0,2003,2003,2003,Ki,B,1
UAADKSLJJWMEKI-VFWABUEKSA-N,CS(=O)(=O)c1ccc2c(c1)CCN(CC[C@H]1CC[C@H](NC(=O)/C=C/c3c(F)cccc3F)CC1)CC2,8.599980364934842,1,0.0,2003,2003,2003,Ki,B,1
JLHYDFVXCXCPKN-AEFFLSMTSA-N,N#Cc1ccc2c(c1)[C@H]1CN(Cc3ccccc3)C[C@@H]1CO2,8.599980364934842,1,0.0,1999,1999,1999,Ki,B,1
VQTOIKFNTAKXCR-UHFFFAOYSA-N,CCN(Cc1cccc(Cl)c1)Cc1ccc(-c2cc(S(=O)(=O)CC)ccc2OC)[nH]1,8.599980364934842,1,0.0,1997,1997,1997,Ki,B,1
WLQQYOGZZSJJST-SFHVURJKSA-N,CCN(Cc1ccc(-c2cc(S(=O)(=O)CC)ccc2OC)[nH]1)[C@@H](C)c1ccccc1,8.599980364934842,1,0.0,1997,1997,1997,Ki,B,1
JBETURIRTKWRDW-UHFFFAOYSA-N,CC(=O)c1ccc(-c2ccc(C(=O)NCCCCN3CCc4ccc(OS(=O)(=O)C(F)(F)F)cc4C3)cc2)cc1,8.599980364934842,1,0.0,1999,1999,1999,Ki,B,1
AUFOWYXFFKBIDT-UHFFFAOYSA-N,CNC(=O)c1ccc(-c2ccc(C(=O)NCCCCN3CCc4ccc(OS(=O)(=O)C(F)(F)F)cc4C3)cc2)cc1,8.599980364934842,1,0.0,1999,1999,1999,Ki,B,1
LQMXUNHATCSENV-UHFFFAOYSA-N,O=C(NCCCCN1CCc2ccc(OS(=O)(=O)C(F)(F)F)cc2C1)c1ccc(-c2ccc(N3CCCC3=O)cc2)cc1,8.599980364934842,1,0.0,1999,1999,1999,Ki,B,1
SJAPPPAALBAIBC-RUDMXATFSA-N,O=C(/C=C/c1ccc2nc(O)ccc2c1)NCCCCN1CCc2ccc(OS(=O)(=O)C(F)(F)F)cc2C1,8.599980364934842,1,0.0,1999,1999,1999,Ki,B,1
HFPUZJYAPWLJOL-UHFFFAOYSA-N,CN(CCCCNC(=O)c1ccc(-c2ccccc2)cc1)C1CCc2c(O)cccc2C1,8.599980364934842,1,0.0,1997,1997,1997,Ki,B,1
UUKCJRIPKQWEID-UHFFFAOYSA-N,CCCN(CCCCNC(=O)c1ccc(-c2ccccc2)cc1)C1CCc2c(cccc2OCC2CC2)C1,8.599980364934842,1,0.0,1997,1997,1997,Ki,B,1
CUDIFALFXGTJEV-UHFFFAOYSA-N,CN1CCc2cc(Cl)c(NS(=O)(=O)c3ccc(-c4ccc(Cl)cc4)cc3)cc2CC1,8.599980364934842,1,0.0,2007,2007,2007,Ki,B,1
OHAOVJVRDRFORL-UHFFFAOYSA-N,COc1ccc(-c2nnc(SCCCN3CCc4ccc(-c5cc(C)on5)cc4CC3)n2C)cn1,8.599980364934842,1,0.0,2007,2007,2007,Ki,F,1
OVGUUSWJYHCFLN-UHFFFAOYSA-N,Cc1cc(-c2ccc3c(c2)CCN(CCCSc2nnc(-c4ccccc4Cl)n2C)CC3)no1,8.599980364934842,1,0.0,2007,2007,2007,Ki,F,1
PZBTVBSLNQDOCG-UHFFFAOYSA-N,Cc1cc(-c2ccc3c(c2)CCN(CCCSc2nnc(-c4ccccn4)n2C)CC3)no1,8.599980364934842,1,0.0,2007,2007,2007,Ki,F,1
YBTBFDQBPQHZEV-UHFFFAOYSA-N,Cc1ncoc1-c1nnc(SCCCN2CCc3ccc4nc(C(C)(F)F)oc4c3CC2)n1C,8.599980364934842,1,0.0,2008,2008,2008,Ki,F,1
LJDQESSYTJNKOI-UHFFFAOYSA-N,CCc1nc2cc3c(cc2s1)CCN(CCCSc1nnc(-c2cccc4nc(C)ccc24)n1C)CC3,8.599980364934842,1,0.0,2008,2008,2008,Ki,F,1
FXBRDXOXJHZPDA-UHFFFAOYSA-N,CCc1nn(C)c2cc3c(cc12)CCN(CCCSc1nnc(-c2cccc4nc(C)ccc24)n1C)CC3,8.599980364934842,1,0.0,2008,2008,2008,Ki,F,1
TZQRQWWAQZCVET-UHFFFAOYSA-N,O=C1N(CCN2Cc3ccccc3C2)CCN1c1cccc(Cl)c1,8.599980364934842,3,0.0,2009,2009,2009,Ki,B;F,3
JJRCKNMPBGKXPO-UHFFFAOYSA-N,O=C1N(CCN2Cc3ccccc3C2)CCN1c1cccc(C(F)(F)F)c1,8.599980364934842,1,0.0,2009,2009,2009,Ki,F,1
JZHYUFZRYZRTGH-UHFFFAOYSA-N,N#Cc1cccc(N2CCN(CCN3Cc4ccccc4C3)C2=O)c1,8.599980364934842,1,0.0,2009,2009,2009,Ki,F,1
ICZBTJKIVJMPIF-UHFFFAOYSA-N,CC1CCN(CCN2CCN(c3cccc(Cl)c3)C2=O)CC1,8.599980364934842,1,0.0,2009,2009,2009,Ki,F,1
ZPZJOEGHLORCHV-UHFFFAOYSA-N,CCN(CC)CCN1CCN(c2cccc(Cl)c2)C1=O,8.599980364934842,2,0.0,2009,2009,2009,Ki,B;F,2
KUXKOTSZBCHRDY-DZGCQCFKSA-N,O=C1N(CCN2C[C@H]3CC[C@@H]2C3)CCN1c1cccc(Cl)c1,8.599980364934842,2,0.0,2009,2009,2009,Ki,B;F,2
IMFBORACXDJQCD-GCJKJVERSA-N,O=C1N(CCN2C[C@@H]3CC[C@H]2Cc2ccccc2C3)CCN1c1cccc(Cl)c1,8.599980364934842,2,0.0,2009,2009,2009,Ki,B;F,2
KRDDFKSJWNNSAT-OFNKIYASSA-N,C=CCN1C[C@H]2C[C@@]2(c2ccc(NS(=O)(=O)c3ccc(C(C)C)cc3)cc2)C1,8.599980364934842,1,0.0,2010,2010,2010,Ki,F,1
SJJCRPJMKKRQSW-XLIONFOSSA-N,CC(C)c1ccc(S(=O)(=O)Nc2ccc([C@]34CNC[C@H]3C4)cc2)cc1,8.599980364934842,1,0.0,2010,2010,2010,Ki,F,1
HCMQQWOQIHLJGQ-UHFFFAOYSA-N,Cc1ncoc1-c1nnc(SCCCN2CCC3(CCc4ccc(Br)cc43)C2)n1C,8.599980364934842,1,0.0,2010,2010,2010,Ki,F,1
XCGSFFUVFURLIX-VFGNJEKYSA-N,CN1C[C@H](C(=O)N[C@]2(C)O[C@@]3(O)[C@@H]4CCCN4C(=O)[C@H](Cc4ccccc4)N3C2=O)C=C2c3cccc4[nH]cc(c34)C[C@H]21,8.599940450211868,2,0.3316592052366239,,,,IC50;Ki,B,1
ZHXHPEMSGWDXAG-SAIGFBBZSA-N,Cc1ccc(C(=O)N[C@H]2CC[C@H](CCN3CCC(c4coc5ccccc45)CC3)CC2)cn1,8.596879478824182,2,0.0,2014,2014,2014,Ki,B,1
DMKAPLAWGQGMFL-UHFFFAOYSA-N,Cc1ccc(Cl)c(N2CCN(CCCCNC(=O)c3ccc4oc(=O)[nH]c4c3)CC2)c1,8.596421980546776,2,0.11214086226477696,2015,2015,2015,Ki,B,1
WTONWMINNVVDTM-XGAFWQRZSA-N,O=C(CC1CC1)N[C@H]1CC[C@H](CCN2CCC(c3cccc4c3OCO4)CC2)CC1,8.595166283380062,2,0.0,2013,2013,2013,Ki,B,1
FNCHOLREEKOGDL-JHJOSGQCSA-N,O=C(N[C@H]1CC[C@H](CCN2CCN(c3cccc4c3OCO4)CC2)CC1)C1CC1(F)F,8.593459819566045,2,0.0,2014,2014,2014,Ki,B,1
FFHHYAWKMDTAAH-YGQOYYDZSA-N,O=C(CC1COCCO1)N[C@H]1CC[C@H](CCN2CCN(c3cccc4c3OCO4)CC2)CC1,8.59176003468815,2,0.0,2014,2014,2014,Ki,B,1
MRFCADRSWRCQFQ-UHFFFAOYSA-N,Cc1cc(-c2nnc(SCCCN3CC4CCN(c5ccc(C(F)(F)F)cc5)C4C3)n2C)on1,8.590066876668706,3,0.005723555119061832,2016,2020,2019,Ki,B,3
DOTLHOVQYVFUDB-YKSBVNFPSA-N,COc1ncccc1-c1nnc(SCCCN2CC[C@]3(C[C@@H]3c3ccc(C(F)(F)F)cc3)C2)n1C,8.590066876668706,1,0.0,2016,2016,2016,Ki,B,1
IVXOADYRPYSQPC-OXJNMPFZSA-N,Cn1c(SCCCN2C[C@@H]3CCN(c4ccc(C(F)(F)F)cc4)[C@@H]3C2)nnc1-c1ccncn1,8.590066876668706,2,0.0,2019,2020,2019,Ki,B,2
LPLZFZAIOWVRTJ-UHFFFAOYSA-N,Nc1ccc(C#CCCN2CC=C(c3ccccc3)CC2)nc1,8.585026652029182,1,0.0,1996,1996,1996,Ki,B,1
ZAHWLODEKOTGDR-UHFFFAOYSA-N,CCOc1ccccc1N1CCN(CCCCc2cc(-c3ccc(OC)c(OC)c3)no2)CC1,8.585026652029182,1,0.0,2002,2002,2002,Ki,B,1
SKBHXKCNFXTHOX-OWOJBTEDSA-N,O=C(NC/C=C/CN1CCN(c2cccc(Cl)c2Cl)CC1)c1ccc(Cl)cc1,8.585026652029182,1,0.0,2005,2005,2005,Ki,B,1
IBYDPPHZGREUMK-ONEGZZNKSA-N,O=C(NC/C=C/CN1CCN(c2cccc(Cl)c2Cl)CC1)c1ccccn1,8.585026652029182,1,0.0,2005,2005,2005,Ki,B,1
YVXCFLFONVBIJR-UHFFFAOYSA-N,CC(C)(C)c1ccn(CCCCN2CCN(c3cc(C(F)(F)F)nc(C(C)(C)C)n3)CC2)c(=O)n1,8.585026652029182,1,0.0,2006,2006,2006,Ki,B,1
VLVNADWTXMPIOQ-CYYJNZCTSA-N,CCCN(CCCCNC(=O)/N=N/c1ccc(F)cc1)C1Cc2ccccc2C1,8.585026652029182,3,0.9888479553544136,2015,2015,2015,EC50;Ki,B;F,1
OXKMARLXXNQVMY-UHFFFAOYSA-N,CCCN(CCCCNC(=O)c1cc2ccccc2[nH]1)CC1CC1c1cccc(Cl)c1Cl,8.585026652029182,1,0.0,2020,2020,2020,Ki,B,1
RTBMOTWSSZKVDC-RBUKOAKNSA-N,C=CCO[C@@H]1C[C@@H](CNC(=O)c2cc(CCCF)cc(OC)c2OC)N(CC=C)C1,8.585026652029182,1,0.0,2023,2023,2023,Ki,B,1
BGDWIZDSYFKVEK-UHFFFAOYSA-N,CC(C)(C)c1nc(N2CCN(CCCCNC(=O)N3CCN(c4ccncc4)CC3)CC2)cc(C(F)(F)F)n1,8.585026652029182,2,0.0,2017,2018,2017,Ki,B,2
YCLMRMCMFMEFIH-QAQDUYKDSA-N,O=C(N[C@H]1CC[C@H](CCN2CCc3sc(Br)nc3C2)CC1)c1cccc2ncccc12,8.585026652029182,2,0.0,2020,2022,2021,Ki,B,2
IQKUCRAAVAKXAF-CEJRHITASA-N,Cn1c(SCCCN2CC[C@]3(C[C@@H]3c3ccc(C(F)(F)F)cc3)C2)nnc1C1CC2CCC(C1)O2,8.585026523539728,2,0.13439983749058587,2016,2016,2016,Ki,B;F,1
SIOXKMDYIGNNPU-PGWJBFNOSA-N,O=C(N[C@H]1CC[C@H](CCN2CCC(c3noc4cc(F)ccc34)CC2)CC1)c1ccc(-n2cccc2)cc1,8.58385896883167,2,0.0,2014,2014,2014,Ki,B,1
KIRKSXHWZHQUBF-PGJPKGLCSA-N,CCCN(CC[C@]1(O)C[C@@H](NC(=O)c2ccc3ccccc3c2)C1)C1CC1c1ccc(Cl)cc1,8.58335949266172,1,0.0,2014,2014,2014,Ki,B,1
UIFXLMHCLOJOQC-UHFFFAOYSA-N,COc1ccccc1N1CCN(CCCCN2CCc3ccccc3C2=O)CC1,8.582535451769711,4,0.12020910669587687,2009,2013,2011,EC50;Ki,B;F,3
CVHFBMSYCSPBIQ-INIZCTEOSA-N,CCCN(CCCCCc1ccc(O)c(O)c1)[C@H]1CCc2nc(N)sc2C1,8.581698708680255,1,0.0,2016,2016,2016,EC50,F,1
IQNJCFSRWWUBAK-XYWHTSSQSA-N,O=S(=O)(N[C@H]1CC[C@H](CCN2CCC(c3cccc4c3OCO4)CC2)CC1)c1ccc(F)cc1,8.580044251510243,2,0.0,2013,2013,2013,Ki,B,1
YZMAJSYJKLQFNB-UHFFFAOYSA-N,Cc1ncoc1-c1nnc(SCCCN2CC3CCN(c4c(F)cccc4F)C3C2)n1C,8.580044251510243,3,0.011510120452287144,2016,2020,2019,Ki,B,3
ZUARVBUFFCRJPZ-UHFFFAOYSA-N,COc1ccccc1N1CCN(CCCNC(=O)Oc2ccc(-c3cccc(C(N)=O)c3)cc2)CC1,8.580044251510243,3,0.2608397946901066,2017,2017,2017,EC50,F,1
DSVHLIGWQYXIBW-RBUKOAKNSA-N,CCc1cc(Cl)c(OC)c(C(=O)NC[C@@H]2C[C@@H](OCCCc3ccccc3)CN2)c1O,8.580044251510243,1,0.0,2021,2021,2021,Ki,B,1
WBZRGAFDKQUGFB-UHFFFAOYSA-N,CCCN(CCN1CCN(c2ccnc3ccccc23)CC1)C1CCc2ccc(O)cc2C1,8.576754126063193,1,0.0,2010,2010,2010,Ki,B,1
OXHFCAMGABAVGJ-UHFFFAOYSA-N,CCCN1CCc2cccc3c2C1Cc1cccc(OCc2cn(CCCCN4CCN(c5ccccc5OC)CC4)nn2)c1-3,8.573488738635424,1,0.0,2011,2011,2011,Ki,B,1
SIWFRLSPUANOPO-UAPYVXQJSA-N,O=CN[C@H]1CC[C@H](CCN2CCC(c3coc4ccccc34)CC2)CC1,8.57186520597121,2,0.0,2014,2014,2014,Ki,B,1
MOBMWPPSJIZIKV-OKDASEJXSA-N,N#Cc1ccc(C(=O)N[C@H]2CC[C@H](CCN3CCC(c4coc5ccccc45)CC3)CC2)cc1,8.57186520597121,2,0.0,2014,2014,2014,Ki,B,1
DXBDRGKOIPOWRV-XGAFWQRZSA-N,O=C(N[C@H]1CC[C@H](CCN2CCC(c3coc4ccccc34)CC2)CC1)C1CC1,8.570247719997592,2,0.0,2014,2014,2014,Ki,B,1
TXEGIIUTZDNUKA-GCJKJVERSA-N,Cc1cc(-c2nnc(SCCCN3CC[C@]4(C[C@@H]4c4ccc(C(F)(F)F)cc4)C3)n2C)on1,8.569924944448061,1,0.0,2016,2016,2016,Ki,B,1
DVZPUKBLSGGLOX-OWOJBTEDSA-N,O=C(NC/C=C/CN1CCN(c2cccc(Cl)c2Cl)CC1)c1cccc(Cl)c1,8.568636235841012,1,0.0,2005,2005,2005,Ki,B,1
WPLABUPGUVWYRA-UHFFFAOYSA-N,CC(C)(C)c1nc(N2CCN(CCCCNC(=O)NCc3ccccc3)CC2)cc(C(F)(F)F)n1,8.568636235841012,1,0.0,2006,2006,2006,Ki,B,1
WZTRJNUHJASJJE-UHFFFAOYSA-N,O=C(NCCCCN1CCC(=C2c3ccc(Cl)cc3CCc3cccnc32)CC1)c1cc2ccccc2s1,8.568636235841012,1,0.0,2007,2007,2007,Ki,B,1
ISUNUPFSUDXDKD-UHFFFAOYSA-N,O=c1ccc2ccc(OCCCCN3CCN(c4ccccc4OCCF)CC3)cc2[nH]1,8.568636235841012,1,0.0,2011,2011,2011,Ki,B,1
XVXBOIQGBDSZFQ-UHFFFAOYSA-N,COc1ccccc1N1CCN(CCCCn2cc(-c3ccc(N)cc3)nn2)CC1,8.568636235841012,1,0.0,2013,2013,2013,Ki,B,1
OFWNLCWKTRJZBM-AQYVVDRMSA-N,O=C(CC1CCOCC1)N[C@H]1CC[C@H](CCN2CCN(c3nccc4sccc34)CC2)CC1,8.568636235841012,1,0.0,2013,2013,2013,Ki,B,1
BVFIHIUYFGGHND-UHFFFAOYSA-N,COc1cc2c(cc1O)CN(CCCCNC(=O)c1ccc3ccccc3c1)CC2,8.568636235841012,1,0.0,2018,2018,2018,Ki,B,1
WLGXAVSOEWKYQS-UHFFFAOYSA-N,COc1cc2c(cc1O)CN(CCCCNC(=O)c1ccc(-c3ccccc3)cc1)CC2,8.568636235841012,1,0.0,2018,2018,2018,Ki,B,1
ZGKBKGOWPHSOQL-UHFFFAOYSA-N,Cc1cc(N2CCN(CCCCNC(=O)N3CCN(c4ccccc4)CC3)CC2)nc(C(C)(C)C)n1,8.568636235841012,2,0.0,2017,2018,2017,Ki,B,2
XCPZHYSDOVJPIV-UHFFFAOYSA-N,CC(C)(C)c1nc(N2CCN(CCCCNC(=O)N3CCN(c4ccccc4)CC3)CC2)cc(C(F)(F)F)n1,8.568636235841012,2,0.0,2017,2018,2017,Ki,B,2
XLEWIENHGJAYQF-WKILWMFISA-N,O=C(CCC(F)(F)F)N[C@H]1CC[C@H](CCN2CCc3nc(CCC(F)(F)F)sc3CC2)CC1,8.568636235841012,1,0.0,2020,2020,2020,Ki,B,1
VJCSBNQWOYYPHX-SHTZXODSSA-N,O=C(CCC(F)(F)F)N[C@H]1CC[C@H](CCN2CCc3nc(OCC(F)(F)F)sc3CC2)CC1,8.568636235841012,1,0.0,2022,2022,2022,Ki,B,1
PISAGUMTFMXBJX-YOCNBXQISA-N,O=C(N[C@H]1CC[C@H](CCN2CCC(n3nccc3-c3ccccc3)CC2)CC1)c1cccc2ncccc12,8.568636235841012,1,0.0,2022,2022,2022,Ki,B,1
VFDZFYCKUWKAKM-UHFFFAOYSA-N,COc1ccccc1N1CCN(Cc2cnn(-c3ccccc3)c2)CC1,8.566856330457902,2,1.571084317624577,2006,2006,2006,EC50;Ki,B;F,1
OSJJYEUEJRVVOD-UHFFFAOYSA-N,NC(=O)C1CCN(CCCN2c3ccccc3Sc3ccc(Cl)cc32)CC1,8.565143474865316,2,0.3317085175728492,,,,IC50;Ki,B,1
NHPZGAKHYOUQRR-LBZQVFOQSA-N,O=C(N[C@H]1CC[C@H](CCN2CCC(c3noc4cc(F)ccc34)CC2)CC1)c1ccc2c(c1)OCO2,8.561299467099264,2,0.0,2014,2014,2014,Ki,B,1
AMCLEKXUPLBXGM-YEMPIKNUSA-N,O=C(CC1CCCO1)N[C@H]1CC[C@H](CCN2CCC(c3coc4ccccc34)CC2)CC1,8.560667306169737,2,0.0,2014,2014,2014,Ki,B,1
OMOJVKDXKKEFQT-OXJNMPFZSA-N,COc1cc(N2CC[C@H]3CN(CCCSc4nnc(-c5cnccn5)n4C)C[C@H]32)ccc1F,8.560667306169737,2,0.0,2019,2020,2019,Ki,B,2
KDMBMLINAPXLCW-JXFKEZNVSA-N,Cn1c(SCCCN2CC[C@]3(C[C@H]3c3ccc(C(F)(F)F)cc3)C2)nnc1-c1csnn1,8.560036064079096,1,0.0,2016,2016,2016,Ki,B,1
QDBPUGDJXGIOJW-HFYIJGDASA-N,CC(=O)NC1CCC(c2nnc(SCCCN3CC[C@]4(C[C@@H]4c4ccc(C(F)(F)F)cc4)C3)n2C)CC1,8.560036064079096,1,0.0,2016,2016,2016,Ki,B,1
MBVXIDMKZKQKDD-JUUMZCOKSA-N,COC(C)CC(=O)N[C@H]1CC[C@H](CCN2CCN(c3cccc4c3OCO4)CC2)CC1,8.559090917934782,2,0.0,2014,2014,2014,Ki,B,1
JGLGOAQPUQITLD-OGAOHHHESA-N,N#Cc1ccc2c(c1)CN(CC[C@H]1CC[C@H](NC(=O)c3cc4ccccc4[nH]3)CC1)CC2,8.554496246475367,2,0.2058541331729424,2000,2017,2008,Ki,B,2
MASFGJOTAOERQU-JKIUYZKVSA-N,O=C(N[C@H]1CC[C@H](CCN2CCC(c3coc4ccccc34)CC2)CC1)c1ccc2c(c1)OCO2,8.554395796726402,2,0.0,2014,2014,2014,Ki,B,1
KHNMKPXPIOAOHB-WPWMEQJKSA-N,O=c1ccc2c(N3CCN(CCCCOc4ccn5ncc(/C=N/O)c5c4)CC3)ccc(O)c2[nH]1,8.55311911897103,2,0.021944517126459603,2017,2017,2017,Ki,B,1
CVWQKEFTSSJDLS-UHFFFAOYSA-N,O=C1Cc2c(cccc2OCCNCc2ccccc2)N1,8.55284196865778,1,0.0,1999,1999,1999,Ki,B,1
WOOHCDFWINCKHH-OCEACIFDSA-N,CCCN(CCNC(=O)/N=N/c1ccc(F)c(F)c1)C1Cc2ccccc2C1,8.55284196865778,1,0.0,2015,2015,2015,Ki,B,1
UNLHPXJQQWTXIL-UHFFFAOYSA-N,O=C(NCCCCN1CCN(c2cccc(Cl)c2Cl)CC1)c1cncc(Br)c1,8.55284196865778,1,0.0,2017,2017,2017,Ki,B,1
CNARPAZVQVCVGJ-UHFFFAOYSA-N,COc1ccccc1N1CCN(CCCCNC(=O)c2ccn3nccc3c2)CC1,8.551450489942221,2,0.001967848071297821,2002,2007,2004,Ki,B,2
MLUHKGHTLUYKBS-UHFFFAOYSA-N,O=C(NCCCCN1CCN(C(c2ccccc2)c2ccc(Cl)cc2)CC1)c1ccc2ccccc2c1,8.549750891680638,1,0.0,2007,2007,2007,Ki,B,1
AYQGEWALVNGKIC-AQYVVDRMSA-N,CC(C)=CC(=O)N[C@H]1CC[C@H](CCN2CCC(c3coc4ccccc34)CC2)CC1,8.54821356447571,2,0.0,2014,2014,2014,Ki,B,1
GOPCNWYYZCPBLJ-UHFFFAOYSA-N,C#CC1=CCC(N(CCC)CCCCn2cc(-c3ccc(-c4ccccc4)cc3)nn2)CC1,8.546832479097453,6,1.1619509518246884,2008,2008,2008,EC50;Ki,B;F,1
FFHHYAWKMDTAAH-ACRUOGEOSA-N,O=C(C[C@H]1COCCO1)N[C@H]1CC[C@H](CCN2CCN(c3cccc4c3OCO4)CC2)CC1,8.54515513999149,2,0.0,2014,2014,2014,Ki,B,1
QAAOBQZCHWUKTE-UAPYVXQJSA-N,CS(=O)(=O)N[C@H]1CC[C@H](CCN2CCC(c3coc4ccccc34)CC2)CC1,8.54515513999149,2,0.0,2014,2014,2014,Ki,B,1
OMQYELRKBALQJF-TZMCWYRMSA-N,CCCN1CCO[C@@H]2c3cc(O)ccc3SC[C@H]21,8.542118103266008,1,0.0,2000,2000,2000,Ki,B,1
SIJIBHRUTSSJLY-KESTWPANSA-N,CCS(=O)(=O)N[C@H]1CC[C@H](CCN2CCC(c3coc4ccccc34)CC2)CC1,8.542118103266008,2,0.0,2014,2014,2014,Ki,B,1
WVGMMWFIRBRTKW-PGWJBFNOSA-N,Cc1nc(-c2ccc(C(=O)N[C@H]3CC[C@H](CCN4CCC(c5coc6ccccc56)CC4)CC3)cc2)no1,8.542118103266008,2,0.0,2014,2014,2014,Ki,B,1
SVPFZRJDQVOOKQ-WGSAOQKQSA-N,COCCC(=O)N[C@H]1CC[C@H](CCN2CCN(c3cccc(OC)c3F)CC2)CC1,8.542118103266008,3,0.19726452666448616,2023,2023,2023,EC50;Ki,B;F,1
OWMILJDHSTVDQS-UHFFFAOYSA-N,COc1c(Cl)cccc1N1CCN(CCCCNC(=O)c2cc3ccc2CCc2ccc(cc2)CC3)CC1,8.54098483160756,2,1.126077924715587,2006,2006,2006,EC50;Ki,B;F,1
PWGOIITXHIWDRA-MEMLXQNLSA-N,O=S(=O)(N[C@H]1CC[C@H](CCN2CCN(c3cccc4c3OCO4)CC2)CC1)c1ccccc1,8.540607512240769,2,0.0,2014,2014,2014,Ki,B,1
GOLAHDQVVNCLCU-APWZRJJASA-N,Cc1ncoc1-c1nnc(SCCCN2C[C@H]3CCN(c4ccc(C(F)(F)F)cc4)[C@H]3C2)n1C,8.540607512240769,2,0.0,2019,2020,2019,Ki,B,2
BTNRAFHTPKZOBC-UHFFFAOYSA-N,CCCN(CCCCN1CCN(c2ccccc2)CC1)C1CCc2cc(O)c(O)cc2C1,8.539102157243452,1,0.0,2008,2008,2008,Ki,B,1
HQCCZCGQNSJNDG-YSMPRRRNSA-N,O=C(CCCN1CCN(c2cccc(Cl)c2Cl)CC1)Nc1ccn2ncc(/C=N\O)c2c1,8.538896861280492,2,0.16783951314701323,2017,2017,2017,EC50;Ki,B;F,1
KXVAICSRMHXLJN-UHFFFAOYSA-N,CC(C)(C)c1nc(N2CCN(CCCSc3nccc(O)n3)CC2)cc(C(F)(F)F)n1,8.537602002101044,2,0.0,2006,2011,2008,Ki,B,2
NJEUWDQVSSOGDD-UHFFFAOYSA-N,COc1ccccc1N1CCCN(CCCCNC(=O)c2ccc(SC)cc2)CC1,8.537602002101044,1,0.0,2013,2013,2013,Ki,B,1
MUPRCNAECHSDLY-UHFFFAOYSA-N,COc1ccccc1N1CCN(CCCCc2cn(-c3ccccc3O)nn2)CC1,8.537602002101044,1,0.0,2015,2015,2015,Ki,B,1
JQMOQEGMADHTMB-KESTWPANSA-N,CC(=O)N[C@H]1CC[C@H](CCN2CCC(c3cccc4occc34)CC2)CC1,8.537602002101044,2,0.0,2014,2014,2014,Ki,B,1
DBHSOMRLOFZXDC-AFARHQOCSA-N,CC(C)CCC(=O)N[C@H]1CC[C@H](CCN2CCC(c3coc4ccccc34)CC2)CC1,8.537602002101044,2,0.0,2014,2014,2014,Ki,B,1
GUKSVDQGXPESAC-XYWHTSSQSA-N,O=C(CC1CC1)N[C@H]1CC[C@H](CCN2CCC(c3cccc4c3CCO4)CC2)CC1,8.537602002101044,2,0.0,2014,2014,2014,Ki,B,1
PJTUVEVWHJIBQJ-RPWUZVMVSA-N,C=CCN1CC[C@H](OCc2ccccc2)[C@H]1CNC(=O)c1cc(CCCF)cc(OC)c1OC,8.537602002101044,1,0.0,2023,2023,2023,Ki,B,1
AEXGGULFDFKXQV-SFFZADGDSA-N,Cc1cc(C23CC2CN(CC[C@H]2CC[C@H](NC(=O)c4cccc5nn(C)cc45)CC2)C3)no1,8.537602002101044,1,0.0,2022,2022,2022,Ki,B,1
POVCSYONXDMZKL-DEOSSOPVSA-N,CCCN(CCN1CCN(c2ccccc2)CC1)[C@H]1CCc2ccc(O)cc2C1,8.536107011014092,1,0.0,2022,2022,2022,EC50,F,1
JNNUNYQLZKWFQJ-UHFFFAOYSA-N,COc1ccccc1N1CCN(CCCCc2cn(-c3ccc4ccccc4c3)nn2)CC1,8.53313237964589,1,0.0,2015,2015,2015,Ki,B,1
UPYKABFZBCHNJS-KESTWPANSA-N,O=C(CCC(F)(F)F)N[C@H]1CC[C@H](CCN2CCC(c3coc4ccccc34)CC2)CC1,8.531652669587842,2,0.0,2014,2014,2014,Ki,B,1
UILMTLNPQHNZIS-UHFFFAOYSA-N,O=C(NCCCCN1CCN(c2ccccc2OCCF)CC1)c1ccc(-n2ccnc2)cc1,8.530177984021837,1,0.0,2009,2009,2009,Ki,B,1
MYIVBWHBNPYKLU-UHFFFAOYSA-N,Cc1ncoc1-c1nnc(SCCCN2CC3CCN(c4cccc(F)c4)C3C2)n1C,8.530177984021837,3,0.01740125029030309,2016,2020,2019,Ki,B,3
VUDZLQDQARJUEH-UHFFFAOYSA-N,COc1ccccc1N1CCN(CCCCNC(=O)c2cccc3c2-c2ccccc2C3=O)CC1,8.528708288941061,1,0.0,2003,2003,2003,Ki,B,1
GUGMHFQRQQBWKY-YUNKUFCWSA-N,O=C(N[C@H]1CC[C@H](CCN2CCN(c3cccc4c3OCO4)CC2)CC1)C1CC(Cl)C1,8.525783735923746,2,0.0,2014,2014,2014,Ki,B,1
UIWGASRGCHQVHR-FKBYEOEOSA-N,O=C(C[C@@H]1CCCOC1)N[C@H]1CC[C@H](CCN2CCN(c3cccc4c3OCO4)CC2)CC1,8.52432881167557,2,0.0,2014,2014,2014,Ki,B,1
UKOYDIULRIOVQF-UHFFFAOYSA-N,O=C(NCCCCN1CCN(c2cccc(Cl)c2Cl)CC1)c1ccc(I)cc1,8.522878745280337,5,0.669856830038201,2003,2005,2005,EC50;IC50;Ki,B;F,3
KOJQTECQJQQSSZ-NSCUHMNNSA-N,COc1cccc(C(=O)NC/C=C/CN2CCN(c3cccc(Cl)c3Cl)CC2)c1,8.522878745280337,1,0.0,2005,2005,2005,Ki,B,1
IVJLEPPEOLFVAV-UHFFFAOYSA-N,CC(C)(C)c1nc(N2CCN(CCCCn3cc(F)c(=O)[nH]c3=O)CC2)cc(C(F)(F)F)n1,8.522878745280337,1,0.0,2006,2006,2006,Ki,B,1
SOZSRQNNAHBPJO-UHFFFAOYSA-N,O=c1[nH]c2ccccc2n1C1CCN(Cc2coc3ccccc23)CC1,8.522878745280337,1,0.0,2010,2010,2010,Ki,B,1
YYUNYJZUIDSHML-AATRIKPKSA-N,COc1ccc2[nH]cc(C(=O)NC/C=C/CN3CCN(c4ccccc4OC)CC3)c2c1,8.522878745280337,1,0.0,2013,2013,2013,Ki,B,1
KDYAMWXNWWOJBI-UHFFFAOYSA-N,COc1ccccc1N1CCN(CCCCNC(=O)c2cn3ccccc3n2)CC1,8.522878745280337,3,0.3856799803658241,2014,2014,2014,IC50;Ki,B,1
AJIGPZIDDACLTM-UHFFFAOYSA-N,O=C(NCCCCN1CCN(c2cccc(F)c2)CC1)c1cc2ccccc2cn1,8.522878745280337,1,0.0,2014,2014,2014,Ki,B,1
GSZBDACNBVTFKJ-ZWGSZDQZSA-N,CO[C@H]1CC[C@H](CC(=O)N[C@H]2CC[C@H](CCN3CCN(c4nccc5sccc45)CC3)CC2)CC1,8.522878745280337,1,0.0,2013,2013,2013,Ki,B,1
ZJADORDBVJWZKV-MLCQCVOFSA-N,CO[C@H]1CC[C@H](CC(=O)N[C@H]2CC[C@H](CCN3CCN(c4nccc5sccc45)CC3)CC2)C1,8.522878745280337,1,0.0,2013,2013,2013,Ki,B,1
NZGWRTVGHIZQDX-UHFFFAOYSA-N,COc1cc2c(cc1OC)C(=O)N(CCCCN1CCN(c3ccccn3)CC1)CCC2,8.522878745280337,1,0.0,2019,2019,2019,Ki,B,1
BQOOCNJGXJVXRO-UHFFFAOYSA-N,O=C(c1cc2ccc(Cl)cc2[nH]1)N1CCN(CCOc2cccnc2)CC1,8.522878745280337,3,0.0,2020,2023,2023,EC50,B,2
JWWLBNFBBLUIHS-UHFFFAOYSA-N,CC(C)(C)c1nc(N2CCN(CCCCNC(=O)N3CCc4c([nH]c5ccccc45)C3)CC2)cc(C(F)(F)F)n1,8.522878745280337,1,0.0,2018,2018,2018,Ki,B,1
DTWIWINSMXUYHB-UHFFFAOYSA-N,O=C(NCCCCN1CCN(c2cccc(Cl)c2Cl)CC1)c1ccc2ccccc2c1,8.51999305704285,3,0.4321825496320674,2005,2016,2005,Kd;Ki,B;F,2
ZPVXYYUZSYUVBO-KESTWPANSA-N,CN(C)S(=O)(=O)N[C@H]1CC[C@H](CCN2CCC(c3coc4ccccc34)CC2)CC1,8.51999305704285,2,0.0,2014,2014,2014,Ki,B,1
JCZQORKBTOWEKS-UHFFFAOYSA-N,Cn1cc(-c2nnc(SCCCN3CC4CCN(c5ccc(C(F)(F)F)cc5)C4C3)n2C)cn1,8.51999305704285,3,0.011520979957308462,2016,2020,2019,Ki,B,3
MGPBHFVVGJDFMY-UHFFFAOYSA-N,Cn1c(SCCCN2CC3CCN(c4ccccc4C(F)(F)F)C3C2)nnc1-c1cnccn1,8.51999305704285,5,0.4199125791058953,2016,2020,2016,Ki,B,3
CTTVMGVVWWHIMC-UHFFFAOYSA-N,COc1ccccc1N1CCN(CCCCOc2ccc3sc(N)nc3c2)CC1,8.51999305704285,1,0.0,2019,2019,2019,Ki,B,1
CAQIBAFXOSLMJP-UHFFFAOYSA-N,CCc1cccc(N2CCN(CC(O)CCNC(=O)c3ccc4c(c3)OCO4)CC2)c1Cl,8.51999305704285,2,0.0,2019,2022,2020,Ki,B,2
HLWTUGVLYCATKY-OCEACIFDSA-N,COc1ccccc1N1CCN(CCCCNC(=O)/N=N/c2ccc(F)cc2)CC1,8.515758525723033,2,0.010069511065015226,2015,2019,2017,Ki,B,2
IPANXDCFQPUSKK-LSNLESRRSA-N,O=C(N[C@H]1CC[C@H](CCN2CCC(c3coc4ccccc34)CC2)CC1)c1ccc(F)cc1,8.515700160653214,2,0.0,2014,2014,2014,Ki,B,1
IEANVAFYLZJSPC-NSCUHMNNSA-N,Cc1cccc(-c2ccc(C(=O)NC/C=C/CN3CCN(c4cccc(Cl)c4Cl)CC3)cc2)n1,8.513898580810467,6,0.37242218220098167,2007,2014,2014,IC50;Ki,B;F,2
WGZMUKVNOBTQJA-UHFFFAOYSA-N,COc1ccc(C(=O)NCCCCN2CCN(c3ccccc3Cl)CC2)cc1OC,8.510041520575164,1,0.0,2007,2007,2007,Ki,B,1
AKOUANOAMJNPBZ-GJIFKWMDSA-N,CO[C@H]1CC[C@H](CC(=O)N[C@H]2CC[C@H](CCN3CCC(c4coc5ccccc45)CC3)CC2)CC1,8.510041520575164,2,0.0,2014,2014,2014,Ki,B,1
CAVOXTSDVAGWFI-GHTZIAJQSA-N,Cn1c(SCCCN2C[C@@H]3CCN(c4ccc(C(F)(F)F)cc4)[C@@H]3C2)nnc1C1CCOCC1,8.510041520575164,2,0.0,2019,2020,2019,Ki,B,2
CLYZVNJXJPXTED-FXAWDEMLSA-N,Cn1c(SCCCN2C[C@@H]3CCN(c4ccc(C(F)(F)F)cc4)[C@@H]3C2)nnc1N1CCOCC1,8.510041520575164,2,0.0,2019,2020,2019,Ki,B,2
HZDFSRLOPVRUAU-IRJFHVNHSA-N,COCCC(=O)N[C@H]1CC[C@H](CCN2CCC(c3noc4ccc(F)cc34)CC2)CC1,8.508778423760717,2,0.0,2014,2014,2014,Ki,B,1
MJGBQWPHMBBNAH-SNAWJCMRSA-N,COc1ccc2[nH]c(C(=O)NC/C=C/CN3CCN(c4ccccc4OCCF)CC3)cc2c1,8.508638306165727,1,0.0,2013,2013,2013,Ki,B,1
UWNBKMQSNLLWQV-UHFFFAOYSA-N,COc1ccccc1N1CCN(CCCCCc2cn(-c3ccccc3)nn2)CC1,8.508638306165727,1,0.0,2015,2015,2015,Ki,B,1
YNWOBTVVUPPFAD-UHFFFAOYSA-N,COc1ccccc1N1CCN(CCCCc2cn(-c3ccc4[nH]ccc4c3)nn2)CC1,8.508638306165727,1,0.0,2015,2015,2015,Ki,B,1
VSYGMBWVAURWIK-QAQDUYKDSA-N,CS(=O)(=O)N[C@H]1CC[C@H](CCN2CCN(c3cccc4c3OCO4)CC2)CC1,8.508638306165727,2,0.0,2014,2014,2014,Ki,B,1
FIMDFCHHYZMXDV-YGQOYYDZSA-N,O=C(CC1CCCO1)N[C@H]1CC[C@H](CCN2CCN(c3cccc4c3OCO4)CC2)CC1,8.508638306165727,2,0.0,2014,2014,2014,Ki,B,1
ZJUHEDMNUHRHQM-XUTJKUGGSA-N,COCCC(=O)N[C@H]1CC[C@H](CCN2CCC(c3cccc4occc34)CC2)CC1,8.508638306165727,2,0.0,2014,2014,2014,Ki,B,1
XGWTYMRRVDFIEO-UHFFFAOYSA-N,CN1CCN(CCCOC(=O)c2ccc3ccccc3c2)CC1,8.508638306165727,1,0.0,2023,2023,2023,Ki,B,1
UVGXRAIWMKOXPV-PAVFIEEWSA-N,Cn1ncc(CC(=O)N[C@H]2CC[C@](F)(CCN3CCc4nc(OCC(F)F)sc4CC3)CC2)c1F,8.508638306165727,1,0.0,2023,2023,2023,Ki,B,1
ZJADORDBVJWZKV-SSGKUCQKSA-N,CO[C@@H]1CC[C@@H](CC(=O)N[C@H]2CC[C@H](CCN3CCN(c4nccc5sccc45)CC3)CC2)C1,8.506166867536862,2,0.08834502788860882,2013,2013,2013,Ki,B,1
ZJUQDFIINDCGDS-UAPYVXQJSA-N,N#CCC(=O)N[C@H]1CC[C@H](CCN2CCC(c3cccc4c3OCO4)CC2)CC1,8.505845405981557,2,0.0,2013,2013,2013,Ki,B,1
HVMWQJLTYBIVCR-SAIGFBBZSA-N,O=C(CC1CCOCC1)N[C@H]1CC[C@H](CCN2CCC(c3coc4ccccc34)CC2)CC1,8.503070351926786,2,0.0,2014,2014,2014,Ki,B,1
JQBHQHNVJCDNEL-SLHLXQHXSA-N,C[C@H]1CO[C@@H](c2ccc(N)nc2)CN1C[C@H]1C[C@@H]1CCNC(=O)c1cc2ccccc2[nH]1,8.501831740952108,4,0.2667318182993805,2019,2021,2020,Ki,B,2
ZKRWPAYTJMRKLJ-BTYIYWSLSA-N,Cc1ncoc1-c1nnc(SCCCN2C[C@@H]3C[C@]3(c3ccc(C(F)(F)F)cc3F)C2)n1C,8.5016894462104,1,0.0,2015,2015,2015,Ki,B,1
LBBQUWUAGWPJCG-MGFGWZDJSA-N,Cn1nccc1-c1cccc(C(=O)N[C@H]2CC[C@H](CCN3CCc4ccc(S(C)(=O)=O)cc4CC3)CC2)c1,8.500038134403809,1,0.0,2003,2003,2003,Ki,B,1
CXACCTLHKWWMBU-MGFGWZDJSA-N,Cc1coc(-c2cccc(C(=O)N[C@H]3CC[C@H](CCN4CCc5ccc(OS(C)(=O)=O)cc5CC4)CC3)c2)n1,8.500038134403809,1,0.0,2003,2003,2003,Ki,B,1
JWEXFFPVADEULA-MGFGWZDJSA-N,Cc1cnc(-c2cccc(C(=O)N[C@H]3CC[C@H](CCN4CCc5ccc(OS(C)(=O)=O)cc5CC4)CC3)c2)o1,8.500038134403809,1,0.0,2003,2003,2003,Ki,B,1
GLNKSQKEDBWUGV-JIBACQESSA-N,CS(=O)(=O)Oc1ccc2c(c1)CCN(CC[C@H]1CC[C@H](NC(=O)c3cccc(-n4cccc4)c3)CC1)CC2,8.500038134403809,1,0.0,2003,2003,2003,Ki,B,1
JBLAHJDPCUNHND-SAIGFBBZSA-N,Cc1ccc2c(C(=O)N[C@H]3CC[C@H](CCN4CCc5ccc(S(C)(=O)=O)cc5CC4)CC3)ccc(F)c2n1,8.500038134403809,1,0.0,2003,2003,2003,Ki,B,1
KZHRZLVMRCWAML-PKWGFICBSA-N,O=C(/C=C/c1ccc(F)cc1)N[C@H]1CC[C@H](CCN2Cc3ccc(Br)cc3C2)CC1,8.500038134403809,1,0.0,2001,2001,2001,Ki,B,1
OUVWNMTXUYBAHT-UHFFFAOYSA-N,CCCN(CCC)C1CCc2cc(CCc3ccc(OC)cc3)ccc2C1,8.500038134403809,1,0.0,1996,1996,1996,Ki,B,1
RHNRGRRBWOZBRT-AREMUKBSSA-N,CCCN(CCC)[C@@H]1CCc2cc(CCc3ccc(C(C)=O)cc3)ccc2C1,8.500038134403809,1,0.0,1996,1996,1996,Ki,B,1
BWRCLYWJGBWWTH-ONRAHDBNSA-N,N#Cc1ccc2c(c1)CCN(CC[C@H]1CC[C@H](NC(=O)/C=C/c3ccccc3)CC1)C2,8.500038134403809,1,0.0,2000,2000,2000,Ki,B,1
ZZAIPBCEUCKJJK-QOFSWEROSA-N,N#Cc1ccc2c(c1)CCN(CC[C@H]1CC[C@H](NC(=O)/C=C/c3ccc(F)cc3)CC1)C2,8.500038134403809,1,0.0,2000,2000,2000,Ki,B,1
XLVZTPFZKIHPPD-WFCPMTAMSA-N,N#Cc1ccc2c(c1)CN(CC[C@H]1CC[C@H](NC(=O)/C=C/c3c[nH]c4ccccc34)CC1)CC2,8.500038134403809,1,0.0,2000,2000,2000,Ki,B,1
ZDZWIQDJFWTDAM-GHTZIAJQSA-N,CC(=O)Nc1ccc(CCN2C[C@H]3COc4ccc(C#N)cc4[C@@H]3C2)cc1,8.500038134403809,1,0.0,1999,1999,1999,Ki,B,1
DJYCHIVFEYCSOS-UHFFFAOYSA-N,CCN(Cc1ccc(-c2cc(S(=O)(=O)CC)ccc2OC)[nH]1)Cc1ccccc1C,8.500038134403809,1,0.0,1997,1997,1997,Ki,B,1
XYWCAOFTBSFDJW-UHFFFAOYSA-N,COc1ccc(OC)c(N2CCN(CCCCNC(=O)c3ccc(Br)cc3)CC2)c1,8.500038134403809,1,0.0,1995,1995,1995,Ki,B,1
PCVICCVMMOFTLF-UXBLZVDNSA-N,O=C(/C=C/c1ccc2ncccc2c1)NCCCCN1CCc2ccc(OS(=O)(=O)C(F)(F)F)cc2C1,8.500038134403809,1,0.0,1999,1999,1999,Ki,B,1
IAMMMQJIUFFPMO-JXMROGBWSA-N,COc1cccc(/C=C/C(=O)NCCCCN2CCc3ccc(OS(=O)(=O)C(F)(F)F)cc3C2)c1,8.500038134403809,1,0.0,1999,1999,1999,Ki,B,1
BMFWFJCGDHHUGP-QHJNGHOISA-N,COc1cccc(/C=C/C(=O)N[C@H]2CC[C@H](CCN3CCc4ccc(C#N)cc4CC3)CC2)c1,8.500038134403809,1,0.0,2000,2000,2000,Ki,B,1
OFRYPJSVIVBOHV-WSABRRFESA-N,CC(=O)Nc1cccc(/C=C/C(=O)N[C@H]2CC[C@H](CCN3CCc4ccc(C#N)cc4CC3)CC2)c1,8.500038134403809,1,0.0,2000,2000,2000,Ki,B,1
DAQRADKKYACIIM-UHFFFAOYSA-N,CCCN(CCCCNC(=O)c1ccc(-c2ccccc2)cc1)C1CCc2ncnc(OC)c2C1,8.500038134403809,1,0.0,1999,1999,1999,Ki,B,1
KHDCGMWSBNKZBB-UHFFFAOYSA-N,CCCN(CCCCNC(=O)c1ccc(-c2ccccc2)cc1)C1CCc2n[nH]cc2C1,8.500038134403809,1,0.0,1999,1999,1999,Ki,B,1
LQYNONCEAYAGNN-UHFFFAOYSA-N,CC(C)Nc1cc2c(cc1NS(=O)(=O)c1ccc(-c3ccc(Cl)cc3)cc1)CCN(C)CC2,8.500038134403809,1,0.0,2007,2007,2007,Ki,B,1
PKAXIMFUJIQFKS-UHFFFAOYSA-N,COc1ccccc1-c1nnc(SCCCN2CCc3ccc(-c4cc(C)on4)cc3CC2)n1C,8.500038134403809,1,0.0,2007,2007,2007,Ki,F,1
MMHPZQOEUVHNBB-UHFFFAOYSA-N,Cc1cc(-c2ccc3c(c2)CCN(CCCSc2nnc(-c4ccc(C(F)(F)F)cc4)n2C)CC3)no1,8.500038134403809,1,0.0,2007,2007,2007,Ki,F,1
JYLNFWODPITKFP-UHFFFAOYSA-N,Cc1cnc(-c2ccc3c(c2)CCN(CCCSc2nnc(-c4cccs4)n2C)CC3)o1,8.500038134403809,1,0.0,2007,2007,2007,Ki,F,1
PMOFOATUAABMTD-UHFFFAOYSA-N,Cn1c(SCCCN2CCc3ccc4oc(C(F)(F)F)nc4c3CC2)nnc1-c1ccccc1,8.500038134403809,1,0.0,2008,2008,2008,Ki,F,1
DOTHXJXYLNKQOQ-UHFFFAOYSA-N,Cc1ncoc1-c1nnc(SCCCN2CCc3cc4nc(C(F)(F)C(F)(F)F)oc4cc3CC2)n1C,8.500038134403809,1,0.0,2008,2008,2008,Ki,F,1
NRQJARQPULKWBG-UHFFFAOYSA-N,Cc1ccc2c(-c3nnc(SCCCN4CCc5cc6nc(C(C)C)oc6cc5CC4)n3C)cccc2n1,8.500038134403809,1,0.0,2008,2008,2008,Ki,F,1
GNQOCBGVODGUEX-UHFFFAOYSA-N,CC(C)N1CCN(CCN2CCN(c3cccc(OC(F)(F)F)c3)C2=O)CC1,8.500038134403809,1,0.0,2009,2009,2009,Ki,F,1
JGRQIRDAIIUUCX-IYBDPMFKSA-N,O=C1N(CCN2C[C@H]3CC[C@H](CC3)C2)CCN1c1cccc(Cl)c1,8.500038134403809,2,0.0,2009,2009,2009,Ki,B;F,2
OTIQETSFLFLTJQ-UHFFFAOYSA-N,Cc1ncoc1-c1nnc(SCCCN2CC3CC3(c3ccc(Cl)c(Cl)c3)C2)n1C,8.500038134403809,3,0.7094740815091902,2010,2010,2010,Ki,F,1
KBYDKOYJEQUBOE-NLFFAJNJSA-N,Cc1ncoc1-c1nnc(SCCCN2C[C@H]3C[C@@]3(c3ccc(C(C)(C)C)cc3)C2)n1C,8.500038134403809,1,0.0,2010,2010,2010,Ki,F,1
FGCNMKFRKZZXLZ-AGVRXMCOSA-N,Cc1ncoc1-c1nnc(SCCCN[C@@H]2CC[C@]3(c4ccc(C(F)(F)F)cc4F)CC23)n1C,8.500038134403809,1,0.0,2010,2010,2010,Ki,F,1
SXPYSSKUDFLFIQ-UHFFFAOYSA-N,CCc1cc(Cl)c(OC)c(N2CCN(CCCCCNC(=O)c3cc4ccccc4o3)CC2)c1,8.496209316942819,1,0.0,2022,2022,2022,Ki,B,1
HPSXIRMSZPEQTB-MEMLXQNLSA-N,Cc1ccccc1N1CCN(CC[C@H]2CC[C@H](NC(=O)c3cccs3)CC2)CC1,8.494850021680094,1,0.0,1997,1997,1997,Ki,B,1
IHFXDTQRUYQNOI-OWOJBTEDSA-N,O=C(NC/C=C/CN1CCN(c2cccc(Cl)c2Cl)CC1)c1cccc(I)c1,8.494850021680094,1,0.0,2005,2005,2005,Ki,B,1
NUYNDLVLQFHYBG-UHFFFAOYSA-N,CC(C)(C)c1nc(N2CCN(CCCCNC(=O)Nc3ccccc3)CC2)cc(C(F)(F)F)n1,8.494850021680094,1,0.0,2006,2006,2006,Ki,B,1
IZRFSGDNQRHHKW-UHFFFAOYSA-N,O=C(NCCCCN1CCN(c2cccc(Cl)c2Cl)CC1)c1ccc(C#Cc2ccccc2)cc1,8.494850021680094,1,0.0,2007,2007,2007,Ki,B,1
XLZXIDKEIKKBGP-UHFFFAOYSA-N,O=C1c2cc3ccccc3n2CCN1CCCCN1CCN(c2ccc(Cl)cc2Cl)CC1,8.494850021680094,1,0.0,2009,2009,2009,Ki,B,1
KVEHVMQJUPMJNA-FQEVSTJZSA-N,C#CC1=CC[C@H](N(CCC)CCCCNC(=O)c2cc3ccccn3n2)CC1,8.494850021680094,1,0.0,2013,2013,2013,Ki,B,1
JFNOMZIRJGWDKM-SNAWJCMRSA-N,COc1ccc2[nH]cc(C(=O)NC/C=C/CN3CCN(c4ccccc4OCCF)CC3)c2c1,8.494850021680094,1,0.0,2013,2013,2013,Ki,B,1
GTEVNWICMPGDLY-UHFFFAOYSA-N,COc1ccccc1N1CCN(CCCCCc2cn(-c3ccc(F)cc3)nn2)CC1,8.494850021680094,1,0.0,2015,2015,2015,Ki,B,1
CCIIACYBEVIIIN-IYARVYRRSA-N,COCC(=O)N[C@H]1CC[C@H](CCN2CCN(c3nccc4sccc34)CC2)CC1,8.494850021680094,1,0.0,2013,2013,2013,Ki,B,1
QUFMZNYDEPSZLF-UHFFFAOYSA-N,CCCCn1cc(CCCOc2ccc(C(=O)NCCCCN3CCCN(c4ccc(O)c5[nH]c(=O)ccc45)CC3)cc2OC)nn1,8.494850021680094,1,0.0,2017,2017,2017,Ki,B,1
PCTWSHWAURGZTF-UHFFFAOYSA-N,COc1ccccc1N1C=CC2(CCN(CCCSc3nnc(-c4ccccc4)n3C)CC2)CC1,8.494850021680094,1,0.0,2019,2019,2019,Ki,B,1
APRSYGAYLCLFDY-CYWCHRQTSA-N,O=C(CC1CC1)N[C@H]1CC[C@H](CCN2CCC(c3noc4cc(Cl)ccc34)CC2)CC1,8.494036481981874,2,0.0,2014,2014,2014,Ki,B,1
XOPMGCDIMXYMGV-AFARHQOCSA-N,O=C(Cc1noc2ccccc12)N[C@H]1CC[C@H](CCN2CCC(c3cccc4c3CCO4)CC2)CC1,8.493494967595128,2,0.0,2014,2014,2014,Ki,B,1
UUBRCCCOMNXSPK-IYARVYRRSA-N,COCCC(=O)N[C@H]1CC[C@H](CCN2CCN(c3cccc(C(F)(F)F)n3)CC2)CC1,8.493494967595128,3,0.2788373389319171,2023,2023,2023,IC50;Ki,B;F,1
RYGODERPXMWCPP-LSNLESRRSA-N,O=C(N[C@H]1CC[C@H](CCN2CCC(c3coc4ccccc34)CC2)CC1)c1ccc(Cl)cc1,8.492144128304169,2,0.0,2014,2014,2014,Ki,B,1
OMOJVKDXKKEFQT-UZLBHIALSA-N,COc1cc(N2CC[C@@H]3CN(CCCSc4nnc(-c5cnccn5)n4C)C[C@@H]32)ccc1F,8.489454989793387,1,0.0,2019,2019,2019,Ki,B,1
XEIZTEHDPAJSDZ-BEFAXECRSA-N,COc1cc(N2CC[C@@H]3CN(CCCSc4nnc(-c5cnncn5)n4C)C[C@@H]32)ccc1F,8.489454989793387,1,0.0,2020,2020,2020,Ki,B,1
XLFVNUMKTSPYMC-SAABIXHNSA-N,COC(=O)N[C@H]1CC[C@H](CCN2CCC(c3cccc4c3OCO4)CC2)CC1,8.48678239993206,2,0.0,2013,2013,2013,Ki,B,1
TZFCALVMYKNULT-UHFFFAOYSA-N,COc1ccccc1N1CCN(CCCCNC(=O)c2coc3ccccc3c2=O)CC1,8.481486060122112,1,0.0,2003,2003,2003,Ki,B,1
KKTITOSWJRVWOF-ONEGZZNKSA-N,O=C(NC/C=C/CN1CCN(c2cccc(Cl)c2Cl)CC1)c1cc2ccccc2s1,8.481486060122112,7,1.14380168217876,2005,2009,2005,IC50;Ki,B;F,3
ADQYVAWNTXPENQ-XIJSCUBXSA-O,CN1CCC[C@H]1c1ccc[n+](CCCCCCCCCCNCC2CCc3ccc(O)cc3O2)c1,8.481486060122112,1,0.0,2015,2015,2015,Ki,B,1
AIYDXOYEOAYSGJ-MJGBDJQUSA-N,C[C@H]1CN(CC[C@H]2CC[C@H](N3C(=O)[C@@H]4[C@@H]5CC[C@@H](C5)[C@@H]4C3=O)CC2)CCc2ccc(Cl)cc21,8.481486060122112,1,0.0,2021,2021,2021,Ki,B,1
XYKKDJZJLXDRKB-ALOJWSFFSA-N,O=C(N[C@H]1CC[C@H](CCN2CCC(c3nccn3-c3ccccn3)CC2)CC1)c1cccc2ncccc12,8.481486060122112,1,0.0,2022,2022,2022,Ki,B,1
TZDYPFYPZGPSPS-RBUKOAKNSA-N,C=CCN1C[C@H](OCCCN)C[C@H]1CNC(=O)c1cc(CCCF)cc(OC)c1OC,8.48088868081564,2,0.5729940337973253,2023,2023,2023,IC50;Ki,B,1
OMOJVKDXKKEFQT-UHFFFAOYSA-N,COc1cc(N2CCC3CN(CCCSc4nnc(-c5cnccn5)n4C)CC32)ccc1F,8.480172006224281,3,0.011469714452205997,2016,2020,2019,Ki,B,3
MJUZYNLBBPDZMI-QPPBQGQZSA-N,Cc1ncccc1-c1nnc(SCCCN2CC[C@]3(C[C@@H]3c3ccc(C(F)(F)F)cc3)C2)n1C,8.480040819247932,1,0.0,2016,2016,2016,Ki,B,1
MRFLPGUUAPCTFB-RDGATRHJSA-N,Cc1ccc(-c2nnc(SCCCN3CC[C@]4(C[C@@H]4c4ccc(C(F)(F)F)cc4)C3)n2C)c(C)n1,8.480040819247932,1,0.0,2016,2016,2016,Ki,B,1
PLVMBXJAZDNOCA-IYARVYRRSA-N,CN(C)S(=O)(=O)N[C@H]1CC[C@H](CCN2CCN(c3cccc4c3OCO4)CC2)CC1,8.473660722610155,2,0.0,2014,2014,2014,Ki,B,1
GAXMVVSYOXLLNF-HCGLCNNCSA-N,O=C(N[C@H]1CC[C@H](CCN2CCC(c3coc4ccccc34)CC2)CC1)c1ccnc2ccccc12,8.473660722610155,2,0.0,2014,2014,2014,Ki,B,1
DEYFWGXTPWNADC-UHFFFAOYSA-N,CCCN(CCc1ccccc1)C1CCc2c(O)cccc2C1,8.47237009912866,1,0.0,1996,1996,1996,Ki,B,1
XCWPAVYMGKFSJB-BEESLVRJSA-N,O=C(N[C@H]1CC[C@H](CCN2CCC(c3coc4ccccc34)CC2)CC1)c1ccc(-c2ccccc2)cc1,8.47237009912866,2,0.0,2014,2014,2014,Ki,B,1
KOVMYLKRTMAELX-ZWGSZDQZSA-N,CO[C@H]1CC[C@H](CC(=O)N[C@H]2CC[C@H](CCN3CCN(c4cccc5c4OCO5)CC3)CC2)CC1,8.47237009912866,2,0.0,2014,2014,2014,Ki,B,1
VXJVZBXRTNKKRU-UHFFFAOYSA-N,CC(C)(C)N1C=CN(C(=O)CCCN2CCN(c3cccc(Cl)c3Cl)CC2)CC1=O,8.47005659834133,1,0.0,2021,2021,2021,IC50,B,1
XJTVRXYTOLNCDQ-XXBNENTESA-N,Cn1c(SCCCN2CC[C@]3(C[C@@H]3c3ccc(C(F)(F)F)cc3)C2)nnc1C1=CCC(=O)N=C1,8.469979427985502,2,0.2686627527943159,2016,2016,2016,Ki,B,1
VMTIAIJOJOQAEM-GOSISDBHSA-N,Oc1ccc(C2=CCN(C[C@@H]3CCC=C(c4ccc(O)cc4)C3)CC2)cc1,8.468521082957745,1,0.0,1995,1995,1995,Ki,B,1
BCTPODDQZONFKA-CQSZACIVSA-N,Oc1cc2c(cc1Cl)CC[C@H](CNCc1ccccc1)O2,8.468521082957745,1,0.0,1997,1997,1997,Ki,B,1
TYHIPEJQVKIDKD-ONEGZZNKSA-N,O=C(NC/C=C/CN1CCN(c2cccc(Cl)c2Cl)CC1)c1ccccc1[N+](=O)[O-],8.468521082957745,1,0.0,2005,2005,2005,Ki,B,1
WZWWBVCSJDIKCC-UHFFFAOYSA-N,CC(C)(C)c1nc(N2CCN(CCCCn3ccc(N4CCCCC4)nc3=O)CC2)cc(C(F)(F)F)n1,8.468521082957745,1,0.0,2006,2006,2006,Ki,B,1
LZCAZQHEQOBNGY-UHFFFAOYSA-N,CC(C)(C)c1nc(N2CCN(CCCCN3C(=O)CCc4ccccc43)CC2)cc(C(F)(F)F)n1,8.468521082957745,1,0.0,2006,2006,2006,Ki,B,1
NWFVAWLUQHQVSN-HNKWHGCMSA-N,O=C(N[C@H]1CC[C@H](CCN2CCC(c3coc4ccccc34)CC2)CC1)c1ccc(N2CCS(=O)(=O)CC2)cc1,8.468521082957745,2,0.0,2014,2014,2014,Ki,B,1
TYDUDPVGSUDIDV-UHFFFAOYSA-N,O=c1ccc2c(N3CCCN(CCCCOc4ccn5nccc5c4)CC3)ccc(O)c2[nH]1,8.468521082957745,1,0.0,2017,2017,2017,Ki,B,1
ZKVLCVQFJYHODC-UHFFFAOYSA-N,COc1cc2c(cc1O)CN(CCCCNC(=O)c1ccc(Br)cc1)CC2,8.468521082957745,1,0.0,2018,2018,2018,Ki,B,1
CLAAZMXUBMWYHD-UHFFFAOYSA-N,COc1cc2c(cc1OC)CN(Cc1ccccc1CNC(=O)c1ccc(C#N)cc1)CC2,8.468521082957745,1,0.0,2021,2021,2021,Ki,B,1
RGAXRFLOVCZZNS-UHFFFAOYSA-N,O=c1ccc2c(N3CCCN(CCCCOc4ccc5ccnn5c4)CC3)ccc(O)c2[nH]1,8.468521082957745,1,0.0,2021,2021,2021,Ki,B,1
YGFINQFSLIMLPP-OKDASEJXSA-N,CC(C)(C)Oc1ccc(C(=O)N[C@H]2CC[C@H](CCN3CCC(c4noc5cc(F)ccc45)CC3)CC2)cc1,8.466355021201236,2,0.0,2014,2014,2014,Ki,B,1
DUVNCSZVWYCEFO-VWLOTQADSA-N,CCCN(CCN1CCN(c2ccc(-c3cccc(OC)c3)cc2)CC1)[C@H]1CCc2nc(N)sc2C1,8.465973893943865,1,0.0,2014,2014,2014,EC50,F,1
SGAVDPALLQJHPW-YPAWHYETSA-N,O=C(C[C@H]1CCCCO1)N[C@H]1CC[C@H](CCN2CCN(c3cccc4c3OCO4)CC2)CC1,8.46470587995723,2,0.0,2014,2014,2014,Ki,B,1
BKRGVLQUQGGVSM-KSSFIOAISA-N,CCN(CC)C(=O)N[C@H]1C=C2c3cccc4[nH]cc(c34)C[C@@H]2N(C)C1,8.460046158343603,1,0.0,2005,2005,2005,Ki,B,1
FNCWUZADAIADLQ-UHFFFAOYSA-N,O=C(NCCCCN1CCN(c2cccc(Cl)c2Cl)CC1)c1cc2cc(Br)ccc2o1,8.460046158343603,1,0.0,2007,2007,2007,Ki,B,1
OCLIVVKGXAOVNC-UHFFFAOYSA-N,CCCc1c(C(=O)NCCCCN2CCN(c3ccccc3OC)CC2)nnn1Cc1ccccc1Br,8.460046158343603,1,0.0,2007,2007,2007,Ki,B,1
GKOMEAJANIRHJV-HZCBDIJESA-N,O=C(CC1(O)CCCCC1)N[C@H]1CC[C@H](CCN2CCN(c3cccc4c3OCO4)CC2)CC1,8.45842075605342,2,0.0,2014,2014,2014,Ki,B,1
IMAGMLAZQQRSFA-OJBMAJLDSA-N,O=C(N[C@H]1CC[C@H](CCN2CCC(c3coc4ccccc34)CC2)CC1)c1ccc(N2CCOCC2)nc1,8.45717457304082,2,0.0,2014,2014,2014,Ki,B,1
RYUCLQAAFLZLPD-RXAXNXDRSA-N,O=C(N[C@H]1CC[C@H](CCN2CCC(c3noc4cc(F)ccc34)CC2)CC1)c1ccc(Cl)cc1,8.456180194857343,2,0.0,2014,2014,2014,Ki,B,1
SKOOZXVTNXFHFP-UHFFFAOYSA-N,COc1ccccc1N1CCN(CCCNC(=O)c2cnn3ccc(OCCOCCOCCOCCOc4ccn5ncc(C(=O)NCCCN6CCN(c7ccccc7OC)CC6)c5c4)cc23)CC1,8.455931955649724,1,0.0,2012,2012,2012,Ki,B,1
ANOQJCMMWZANCH-UHFFFAOYSA-N,Clc1cccc(N2CCN(CCCCOc3cc4ccccn4n3)CC2)c1Cl,8.455931955649724,1,0.0,2014,2014,2014,Ki,B,1
GUTXTARXLVFHDK-UHFFFAOYSA-N,CCCCCCCCCC(=O)OC1(c2ccc(Cl)cc2)CCN(CCCC(=O)c2ccc(F)cc2)CC1,8.455931955649724,1,0.0,2014,2014,2014,Ki,B,1
QYTGOVFVZCPBIO-JKIUYZKVSA-N,O=C(N[C@H]1CC[C@H](CCN2CCC(c3cccc4c3CCO4)CC2)CC1)c1ccc2c(c1)OCO2,8.455931955649724,2,0.0,2014,2014,2014,Ki,B,1
SGAVDPALLQJHPW-FKBYEOEOSA-N,O=C(C[C@@H]1CCCCO1)N[C@H]1CC[C@H](CCN2CCN(c3cccc4c3OCO4)CC2)CC1,8.455931955649724,2,0.0,2014,2014,2014,Ki,B,1
DCZHKWLSZWKCQB-UHFFFAOYSA-N,O=C(NCCCCN1CCN(c2cccc3[nH]c(=O)[nH]c23)CC1)c1ccc2ccccc2c1,8.455931955649724,1,0.0,2016,2016,2016,Ki,B,1
XFQRGEPJIICUBL-UHFFFAOYSA-N,COc1cc(CCNCCc2ccc(O)c3c2OCC(=O)N3)ccc1OCCCc1ccccc1,8.455931955649724,1,0.0,2016,2016,2016,Ki,B,1
MRMFTAYATXSTSO-UHFFFAOYSA-N,CC(C)(C)c1nc(N2CCN(CCCCNC(=O)N3CC(c4ccncc4)C3)CC2)cc(C(F)(F)F)n1,8.455931955649724,2,0.0,2017,2018,2017,Ki,B,2
RXMJGLCPVVEEJS-KESTWPANSA-N,COCC(=O)N[C@H]1CC[C@H](CCN2CCC(c3coc4ccccc34)CC2)CC1,8.453457336521868,2,0.0,2014,2014,2014,Ki,B,1
DCPPWKFRGIUQDU-UHFFFAOYSA-N,O=C(NCCC(O)CN1CCN(c2cccc(Cl)c2Cl)CC1)c1cnc2ccccc2c1,8.453348705955687,2,0.11703791741260672,2015,2017,2016,Ki,B,2
LJWIFZKAUORKLB-NRCGHCQOSA-N,O=C(N[C@H]1CC[C@H](CCN2CCC(c3coc4ccccc34)CC2)CC1)C1CC1(F)F,8.452225294612177,2,0.0,2014,2014,2014,Ki,B,1
JHONYJKBTVQFJZ-JKIUYZKVSA-N,N#Cc1ccc(C(=O)N[C@H]2CC[C@H](CCN3CCN(c4cccc5c4OCO5)CC3)CC2)cc1,8.449771646944907,2,0.0,2014,2014,2014,Ki,B,1
BLQLPPFWAKBJSW-UHFFFAOYSA-N,Cn1c(SCCCN2CC3CCN(c4ccc(C(F)(F)F)cc4)C3C2)nnc1-c1cccnc1,8.449771646944907,3,0.029021370065614175,2016,2020,2019,Ki,B,3
DMWWEOYTOCKCTC-UHFFFAOYSA-N,Cn1nccc1-c1nnc(SCCCN2CC3CCN(c4ccccc4C(F)(F)F)C3C2)n1C,8.449771646944907,2,0.0,2019,2020,2019,Ki,B,2
XNKJYDSSCQLJQZ-UQTQIZBZSA-N,O=C(N[C@H]1CC[C@H](CCN2CCN(c3cccc4c3OCO4)CC2)CC1)C1CCS(=O)(=O)C1,8.448550002027124,2,0.0,2014,2014,2014,Ki,B,1
OMQYELRKBALQJF-GXTWGEPZSA-N,CCCN1CCO[C@@H]2c3cc(O)ccc3SC[C@@H]21,8.446116973356126,1,0.0,2000,2000,2000,Ki,B,1
PIHOPECZMJBZBU-UHFFFAOYSA-N,C#CCN(CCCCN1CCN(c2cccc(Cl)c2Cl)CC1)C1CCc2ccc(O)cc2C1,8.44490555142168,1,0.0,2002,2002,2002,Ki,B,1
ICGNIALTNZWGJF-FLFKKZLDSA-N,COc1ccccc1N1CCN(CCCCNC(=O)/C=C/c2ccc(/C=C/C(=O)NCCCCN3CCN(c4ccccc4OC)CC3)cc2)CC1,8.443697499232712,1,0.0,2003,2003,2003,Ki,B,1
GUWMGLWQORYQFJ-UHFFFAOYSA-N,COc1ccccc1C(c1ccccc1)N1CCN(CCCCNC(=O)c2cc3ccccc3s2)CC1,8.443697499232712,1,0.0,2007,2007,2007,Ki,B,1
XRCDIXVHGJBKLI-AATRIKPKSA-N,CN(C)c1ccc(C(=O)NC/C=C/CN2CCN(c3ccccc3OCCF)CC2)cc1,8.443697499232712,1,0.0,2011,2011,2011,Ki,B,1
FJKZYFQWHOCWIZ-KESTWPANSA-N,N#CCC(=O)N[C@H]1CC[C@H](CCN2CCC(c3cccc4c3CCO4)CC2)CC1,8.443697499232712,2,0.0,2014,2014,2014,Ki,B,1
ZERNPQRYLXBKKZ-XUTJKUGGSA-N,O=C(N[C@H]1CC[C@H](CCN2CCN(c3nccc4sccc34)CC2)CC1)C1CCOCC1,8.443697499232712,1,0.0,2013,2013,2013,Ki,B,1
QDNDGTZHSMYBCZ-UHFFFAOYSA-N,NC(=O)c1cccc(-c2ccc(OC(=O)NCCCCN3CCN(c4ccccc4)CC3)cc2)c1,8.443697499232712,2,0.0,2017,2020,2018,EC50,F,2
XKIOBCRGUACSET-CQJMVLFOSA-N,O=C(N[C@H]1CC[C@H](CCN2CC[C@H]3CN(c4ccccc4)C[C@@H]3C2)CC1)c1cccc2ncccc12,8.443697499232712,2,0.0,2020,2022,2021,Ki,B,2
KTBHNUYISHHNFW-JKIUYZKVSA-N,O=C(N[C@H]1CC[C@H](CCN2CCC(c3cccc4c3OCO4)CC2)CC1)c1ccccc1,8.440093374963887,2,0.0,2013,2013,2013,Ki,B,1
NFIANDWIUXYLJZ-GCJKJVERSA-N,Cc1ncsc1-c1nnc(SCCCN2CC[C@]3(C[C@@H]3c3ccc(C(F)(F)F)cc3)C2)n1C,8.439973751087107,1,0.0,2016,2016,2016,Ki,B,1
ZTIHCPRBAJJIRW-SAIGFBBZSA-N,O=C(Cc1ccc2c(c1)OCO2)N[C@H]1CC[C@H](CCN2CCC(c3cccc4c3CCO4)CC2)CC1,8.437707135543526,2,0.0,2014,2014,2014,Ki,B,1
IMVQXSCPSNTRQQ-AQYVVDRMSA-N,O=S(=O)(N[C@H]1CC[C@H](CCN2CCC(c3cccc4c3OCO4)CC2)CC1)c1ccccc1,8.437707135543526,2,0.0,2013,2013,2013,Ki,B,1
BDHDIEVXYUODTG-XYWHTSSQSA-N,C1=C(c2ccccc2)CCN(CC[C@H]2CC[C@H](Nc3ncccn3)CC2)C1,8.431798275933005,1,0.0,1998,1998,1998,Ki,B,1
YAYWMEPAZGIOAH-UHFFFAOYSA-N,CC(C)(C)c1nc(N2CCN(CCCCn3ccc(C4CC4)nc3=O)CC2)cc(C(F)(F)F)n1,8.431798275933005,1,0.0,2006,2006,2006,Ki,B,1
MHGRSFGKSQVLIY-UHFFFAOYSA-N,N#Cc1cccc(N2CCN(CCCCN3CCn4c(cc5ccccc54)C3=O)CC2)c1,8.431798275933005,1,0.0,2009,2009,2009,Ki,B,1
XNEFEJLBHUTYJL-UHFFFAOYSA-N,COc1ccccc1N1CCCN(CCCCNC(=O)c2ccc(Cl)cc2)CC1,8.431798275933005,1,0.0,2013,2013,2013,Ki,B,1
OXTPXLOHKYZFSF-SNAWJCMRSA-N,COc1ccc2c(C(=O)NC/C=C/CN3CCN(c4ccccc4OCCF)CC3)c[nH]c2c1,8.431798275933005,1,0.0,2013,2013,2013,Ki,B,1
ZYDNGTNCSKSGGI-SNAWJCMRSA-N,COc1ccccc1N1CCN(C/C=C/CNC(=O)c2cc3cc(OCCF)ccc3[nH]2)CC1,8.431798275933005,1,0.0,2013,2013,2013,Ki,B,1
KYEDFGNSKLCWNR-UHFFFAOYSA-N,COc1ccccc1N1CCN(CCCCc2cn(-c3cccc4cnccc34)nn2)CC1,8.431798275933005,1,0.0,2015,2015,2015,Ki,B,1
RQCOWNFHMUSHMO-JKIUYZKVSA-N,O=C(N[C@H]1CC[C@H](CCN2CCC(c3cccc4c3OCO4)CC2)CC1)c1ccc2c(c1)OCCO2,8.431798275933005,2,0.0,2013,2013,2013,Ki,B,1
PQLHKVPYCUVYGV-UHFFFAOYSA-N,NC(=O)c1cccc(-c2cccc(OC(=O)NCCCCN3CCN(c4ccccc4)CC3)c2)c1,8.431798275933005,1,0.0,2017,2017,2017,EC50,F,1
QLRIUZVNMLEJEJ-UHFFFAOYSA-N,CCCN1CCCN(c2ccc(O)c3c2OCC(=O)N3)CC1,8.431798275933005,1,0.0,2017,2017,2017,Ki,B,1
LUILVQGAFGGMCT-LEWJYISDSA-N,C=CCN1C[C@H](OC(=O)Nc2cccnc2)C[C@H]1CNC(=O)c1cc(CCCF)cc(OC)c1OC,8.431798275933005,1,0.0,2023,2023,2023,Ki,B,1
GAKGHYKFFZHEBW-UEVCKROQSA-N,O=C(C[C@H]1CCCCO1)N[C@H]1CC[C@H](CCN2CCC(c3noc4cc(Cl)ccc34)CC2)CC1,8.430860274527541,2,0.0,2014,2014,2014,Ki,B,1
WUJBQGWQEZSHSL-UHFFFAOYSA-N,CCCN(CCN1CCN(c2ccc(O)c3ncccc23)CC1)C1CCc2c(O)cccc2C1,8.430626090384955,1,0.0,2010,2010,2010,Ki,B,1
KFOXMHFDNRTETJ-UHFFFAOYSA-N,Clc1cccc(N2CCN(CCCCNc3ccc4ccccc4n3)CC2)c1Cl,8.430060456799382,2,1.119757742230005,2010,2017,2013,Ki,B,2
LICMDQXLIJBJOR-XYWHTSSQSA-N,COc1ccc(S(=O)(=O)N[C@H]2CC[C@H](CCN3CCC(c4noc5cc(F)ccc45)CC3)CC2)cc1,8.429573821641027,2,0.0,2014,2014,2014,Ki,B,1
QIYZGXQRUURDLK-RLLQIKCJSA-N,Cc1ncoc1-c1nnc(SCCCN2C[C@H]3CC[C@H](c4ccc(C(F)(F)F)cc4)[C@H]3C2)n1C,8.429457060118102,2,0.0,2019,2020,2019,Ki,B,2
NTJOBXMMWNYJFB-UHFFFAOYSA-N,CCN1CCCC1CNC(=O)c1cc(S(=O)(=O)CC)c(N)cc1OC,8.427969889032813,2,0.03954433384161633,2007,2021,2014,Ki,B,2
WNNTXSLBSCNVQL-LBZQVFOQSA-N,COc1cc(C(=O)N[C@H]2CC[C@H](CCN3CCC(c4noc5cc(F)ccc45)CC3)CC2)ccn1,8.427360702957186,2,0.0,2014,2014,2014,Ki,B,1
RMHUUXBXQCLMOK-UHFFFAOYSA-N,NC(=O)c1cccc(-c2ccc(OC(=O)NCCCCN3CCN(c4cccc(Cl)c4Cl)CC3)cc2)c1,8.426935982160881,4,0.6628781340027476,2017,2020,2017,EC50,F,2
PZOVIFGFKIPBAC-UHFFFAOYSA-N,COc1ccc2c(c1)c1c(n2C)Cc2ccccc2CCN(C)CC1,8.422508200162774,1,0.0,2007,2007,2007,Ki,B,1
KRMPDMJUDCQCAJ-FGZHOGPDSA-N,O=C(NC[C@H]1C[C@@H]1CN1CCN(c2cccc(Cl)c2Cl)CC1)c1ccc(-c2ccccn2)cc1,8.422331981267469,2,0.8169459466407407,2007,2007,2007,IC50;Ki,B;F,1
ZTNICFPCCSHZEL-XYWHTSSQSA-N,O=C(N[C@H]1CC[C@H](CCN2CCN(c3cccc4c3OCO4)CC2)CC1)c1ccc(F)cc1,8.421360790031928,2,0.0,2014,2014,2014,Ki,B,1
FTSARFSCILVQEK-ONEGZZNKSA-N,O=C(NC/C=C/CN1CCN(c2cccc(Cl)c2Cl)CC1)c1cnc2ccccc2n1,8.42021640338319,1,0.0,2005,2005,2005,Ki,B,1
CJAGBXFYKKOMOU-ONEGZZNKSA-N,O=C(NC/C=C/CN1CCN(c2cccc(Cl)c2Cl)CC1)c1ccccc1I,8.42021640338319,1,0.0,2005,2005,2005,Ki,B,1
TVIUJNLDORXPPC-OAHLLOKOSA-N,CCCN1CCc2cc(F)cc3c2[C@H]1Cc1ccc(O)c(O)c1-3,8.42021640338319,1,0.0,2011,2011,2011,Ki,B,1
ODTODLDORHJDOK-UHFFFAOYSA-N,COc1ccccc1N1CCN(CCCCCOc2ccc3ccc(=O)[nH]c3c2)CC1,8.42021640338319,1,0.0,2011,2011,2011,Ki,B,1
ZJCJUHTYZBBRTE-SNAWJCMRSA-N,COc1ccccc1N1CCN(C/C=C/CNC(=O)c2cc3cc(OCCOCCF)ccc3[nH]2)CC1,8.42021640338319,1,0.0,2013,2013,2013,Ki,B,1
JEZRLUMTXPFWPB-UHFFFAOYSA-N,Clc1cccc(N2CCN(CCCCc3cn(-c4ccc5ccccc5c4)nn3)CC2)c1Cl,8.42021640338319,1,0.0,2015,2015,2015,Ki,B,1
XRIVHXPJBXAZDT-UHFFFAOYSA-N,O=c1ccc2c(N3CCN(CCCCOc4ccn5nccc5c4)CC3)ccc(O)c2[nH]1,8.42021640338319,1,0.0,2017,2017,2017,Ki,B,1
SOCNUUMMBQZFRK-UHFFFAOYSA-N,O=C(NCCCCN1CCN(c2ccc(Cl)cc2Cl)CC1)c1ccc(-c2ccsc2)cc1,8.42021640338319,1,0.0,2019,2019,2019,Ki,B,1
DVRLZAJGBLYQFK-UZLBHIALSA-N,Cn1c(SCCCN2C[C@H]3CCN(c4c(F)cccc4F)[C@H]3C2)nnc1-c1ccc(C(N)=O)nc1,8.42021640338319,2,0.0,2019,2020,2019,Ki,B,2
OUVXICREAQXBOE-AUFISECZSA-N,Cc1cc(C23CC2CN(CC[C@H]2CC[C@H](NC(=O)Cc4cnc(C)s4)CC2)C3)no1,8.42021640338319,1,0.0,2022,2022,2022,Ki,B,1
PGQVBLPLAKZWKQ-LBZQVFOQSA-N,O=C(N[C@H]1CC[C@H](CCN2CCC(c3noc4ccc(F)cc34)CC2)CC1)c1ccc2c(c1)OCO2,8.41330019837595,2,0.0,2014,2014,2014,Ki,B,1
MPYBYEHRQXVCIP-ONEGZZNKSA-N,O=C(NC/C=C/CN1CCN(c2cccc(Cl)c2Cl)CC1)c1cc2ccccc2o1,8.411923971986269,6,0.46886513357182497,2005,2009,2005,IC50;Ki,B;F,3
SRZBALGZTDLNCE-XUTJKUGGSA-N,CS(=O)(=O)c1ccc(C(=O)N[C@H]2CC[C@H](CCN3CCC(c4coc5ccccc45)CC3)CC2)s1,8.410050398674292,2,0.0,2014,2014,2014,Ki,B,1
FLJUYWJINNZFMZ-UHFFFAOYSA-N,Cc1ccc(OCCNCCCOc2ccccc2)cc1Cl,8.409492895823895,2,0.0007884280920912375,1997,2005,2001,Ki,B,2
PRWXOHHRHWZNOG-NGRWLJPCSA-N,O[C@@]1(c2ccc(Cl)cc2)C[C@H]2CC[C@@H](C1)N2Cc1csc2ccccc12,8.409021069534468,2,0.045637180679016044,2008,2008,2008,IC50;Ki,B;F,1
YHQGUYGNJMOBOA-UHFFFAOYSA-N,CCOc1ccccc1N1CCN(CCCCc2cc(-c3cccs3)no2)CC1,8.4089353929735,1,0.0,2002,2002,2002,Ki,B,1
PZTFOAIQGVVNAX-UHFFFAOYSA-N,COc1ccccc1N1CCN(CCCCNC(=O)c2ccc(I)cc2)CC1,8.4089353929735,1,0.0,2003,2003,2003,Ki,B,1
FKDUMTZHFXGASD-UHFFFAOYSA-N,CC(C)(C)c1nc(N2CCN(CCCCN3CCC(=O)CCC3=O)CC2)cc(C(F)(F)F)n1,8.4089353929735,1,0.0,2006,2006,2006,Ki,B,1
OBWVPNLXYFESGY-UHFFFAOYSA-N,COc1ccccc1N1CCCN(CCCCNC(=O)c2ccc(N(C)C)cc2)CC1,8.4089353929735,1,0.0,2013,2013,2013,Ki,B,1
WLVJOKBDUFEGAQ-UHFFFAOYSA-N,O=C(CCCCN1CCN(c2ccccc2F)CC1)Nc1nc2ccccc2s1,8.4089353929735,2,0.0,2015,2018,2016,Ki,B,2
GTNQPSDMJWWWGY-UHFFFAOYSA-N,CCOC(=O)Nc1cccc(N2CCN(CCCCNC(=O)c3ccc4ccccc4c3)CC2)c1,8.4089353929735,1,0.0,2016,2016,2016,Ki,B,1
UIWGASRGCHQVHR-YPAWHYETSA-N,O=C(C[C@H]1CCCOC1)N[C@H]1CC[C@H](CCN2CCN(c3cccc4c3OCO4)CC2)CC1,8.406713932979542,2,0.0,2014,2014,2014,Ki,B,1
CGMLBXCXNAARPC-KRWDZBQOSA-N,CCCN(CCN1CCN(c2c(Cl)ccc3[nH]ccc23)CC1)[C@H]1CCc2nc(N)sc2C1,8.405607449624574,1,0.0,2015,2015,2015,EC50,F,1
DHOCETPWLQILEE-PLNGDYQASA-N,O=C(NC/C=C\CN1CCN(c2cccc(Cl)c2Cl)CC1)c1ccccc1,8.400122411373262,4,0.5546985329398556,2003,2005,2005,IC50;Ki,B;F,2
ZHQUFEJLPBTKSM-WVPZODRTSA-N,Cc1nc(-c2cccc(C(=O)N[C@H]3CC[C@H](CCN4CCc5ccc(S(C)(=O)=O)cc5CC4)CC3)c2)no1,8.400116927926312,3,0.461827255684354,2003,2007,2005,Ki,B;F,3
VBNZKUKNBGOHDO-SAABIXHNSA-N,O=C(CC(F)(F)F)N[C@H]1CC[C@H](CCN2CCC(c3cccc4c3OCO4)CC2)CC1,8.400116927926312,2,0.0,2013,2013,2013,Ki,B,1
CLYZVNJXJPXTED-UHFFFAOYSA-N,Cn1c(SCCCN2CC3CCN(c4ccc(C(F)(F)F)cc4)C3C2)nnc1N1CCOCC1,8.400116927926312,5,0.13037253378420455,2016,2020,2016,Ki,B,3
UFUQIVBOXLXINJ-GHTZIAJQSA-N,Cn1c(SCCCN2C[C@@H]3CCN(c4ccccc4C(F)(F)F)[C@@H]3C2)nnc1-c1cccnc1,8.400116927926312,2,0.0,2019,2020,2019,Ki,B,2
RPIVMBGTIWBNFZ-RZFKFIIISA-N,Cc1ccc2c(C(=O)N[C@H]3CC[C@H](CCN4CCc5ccc(S(C)(=O)=O)cc5CC4)CC3)cccc2n1,8.400007822415901,1,0.0,2003,2003,2003,Ki,B,1
WVDFKSHXOWCAKH-MGFGWZDJSA-N,Cc1cc(-c2cccc(C(=O)N[C@H]3CC[C@H](CCN4CCc5ccc(S(C)(=O)=O)cc5CC4)CC3)c2)on1,8.400007822415901,1,0.0,2003,2003,2003,Ki,B,1
RHNRGRRBWOZBRT-UHFFFAOYSA-N,CCCN(CCC)C1CCc2cc(CCc3ccc(C(C)=O)cc3)ccc2C1,8.400007822415901,1,0.0,1996,1996,1996,Ki,B,1
XJCNAPNYTSUCIR-XMMPIXPASA-N,CCCN(CCC)[C@@H]1CCc2cc(CCc3ccc(Cl)cc3)ccc2C1,8.400007822415901,1,0.0,1996,1996,1996,Ki,B,1
HCNYNWZHRZQZAX-UHFFFAOYSA-N,CCCN(CCC)C1CCc2cc(CCc3ccccc3)ccc2C1,8.400007822415901,1,0.0,1996,1996,1996,Ki,B,1
AFKRYMMWFODFAD-CSKARUKUSA-N,O=C(/C=C/c1c[nH]c2ccccc12)NCCCCN1CCc2ccc(OS(=O)(=O)C(F)(F)F)cc2C1,8.400007822415901,2,0.0,1999,2000,1999,Ki,B,2
YTBUMNNIZGPKLZ-IZZDOVSWSA-N,COc1ccc(/C=C/C(=O)NCCCCN2CCc3ccc(OS(=O)(=O)C(F)(F)F)cc3C2)cc1,8.400007822415901,1,0.0,1999,1999,1999,Ki,B,1
WIWLEFDYNDBBIF-JXMROGBWSA-N,O=C(/C=C/c1cnc2ccccc2c1)NCCCCN1CCc2ccc(OS(=O)(=O)C(F)(F)F)cc2C1,8.400007822415901,1,0.0,1999,1999,1999,Ki,B,1
GJWDRNPPBDVMAH-KPKJPENVSA-N,CN(C)c1ccc(/C=C/C(=O)NCCCCN2CCc3ccc(OS(=O)(=O)C(F)(F)F)cc3C2)cc1,8.400007822415901,1,0.0,1999,1999,1999,Ki,B,1
NNMGGNROJQCPDV-ZRDIBKRKSA-N,O=C(/C=C/c1ccc2ccccc2n1)NCCCCN1CCc2ccc(OS(=O)(=O)C(F)(F)F)cc2C1,8.400007822415901,1,0.0,1999,1999,1999,Ki,B,1
WRMSYILMRYXLAS-IZZDOVSWSA-N,CC(=O)c1ccc(/C=C/C(=O)NCCCCN2CCc3ccc(OS(=O)(=O)C(F)(F)F)cc3C2)cc1,8.400007822415901,1,0.0,1999,1999,1999,Ki,B,1
NUWDDLFERGKQRG-JXMROGBWSA-N,CC(=O)c1cccc(/C=C/C(=O)NCCCCN2CCc3ccc(OS(=O)(=O)C(F)(F)F)cc3C2)c1,8.400007822415901,1,0.0,1999,1999,1999,Ki,B,1
LKZYQJSJNFLIIO-UHFFFAOYSA-N,CCCN(CCCCNC(=O)c1ccc(-c2ccccc2)cc1)C1CCc2c(cccc2C(N)=O)C1,8.400007822415901,1,0.0,1997,1997,1997,Ki,B,1
HKAVEMLHBNPBSZ-PTTOYHQWSA-N,CC(=O)Nc1cccc(/C=C/C(=O)N[C@H]2CC[C@H](CCN3CCc4ccc(C#N)cc4CC3)CC2)c1F,8.400007822415901,1,0.0,2000,2000,2000,Ki,B,1
PIXRONAZKMZTPE-REAKQFRHSA-N,CC(=O)c1cccc(/C=C/C(=O)N[C@H]2CC[C@H](CCN3CCc4ccc(C#N)cc4CC3)CC2)c1,8.400007822415901,1,0.0,2000,2000,2000,Ki,B,1
LFRFMZVSPPXQJD-UHFFFAOYSA-N,COc1ccc(S(=O)(=O)Cc2ccccc2)cc1-c1ccc(CN2CCCCCC2c2ccccc2)[nH]1,8.400007822415901,1,0.0,1997,1997,1997,Ki,B,1
SUOCMIKXLFKQTH-VWLOTQADSA-N,CCS(=O)(=O)c1ccc(OC)c(-c2ccc(CN3CCCCC[C@H]3c3ccccc3)[nH]2)c1,8.400007822415901,1,0.0,1997,1997,1997,Ki,B,1
WLLDCVHJRCZONV-SSEXGKCCSA-N,COc1ccc(S(=O)(=O)N(C)c2ccccc2)cc1-c1ccc(CN2CCCCC[C@@H]2c2ccccc2)[nH]1,8.400007822415901,1,0.0,1997,1997,1997,Ki,B,1
JCGVHNRXCIXGCT-UHFFFAOYSA-N,CC(C)c1cc2c(cc1NS(=O)(=O)c1ccc(-c3ccc(Cl)cc3)cc1)CCN(C)CC2,8.400007822415901,1,0.0,2007,2007,2007,Ki,B,1
JYXPVNIIIHSWLZ-UHFFFAOYSA-N,CN1CCc2ccc(NS(=O)(=O)c3ccc(-c4ccc(F)c(Cl)c4)cc3)cc2CC1,8.400007822415901,1,0.0,2007,2007,2007,Ki,B,1
IUVSEUFHPNITEQ-UHFFFAOYSA-N,Fc1ccc(-c2cncc(CN3CCN(c4cccc5c4OCCO5)CC3)c2)cc1,8.400007822415901,1,0.0,2007,2007,2007,Ki,B,1
FEQJNVMOFHFOGP-UHFFFAOYSA-N,Cc1cc(-c2ccc3c(c2)CCN(CCCSc2nnc(-c4ccc(C#N)cc4)n2C)CC3)no1,8.400007822415901,1,0.0,2007,2007,2007,Ki,F,1
NZPLLWYDJFVQEH-UHFFFAOYSA-N,Cc1ccc2c(-c3nnc(SCCCN4CCc5ccc6oc(-c7cc(C)nn7C)nc6c5CC4)n3C)cccc2n1,8.400007822415901,1,0.0,2008,2008,2008,Ki,F,1
YROMCCIDISNCOF-UHFFFAOYSA-N,Cc1ccc(-c2nnc(SCCCN3CCc4ccc5oc(C(F)(F)F)nc5c4CC3)n2C)cn1,8.400007822415901,1,0.0,2008,2008,2008,Ki,F,1
SUTBGEJWOOOUFT-UHFFFAOYSA-N,Cc1ccc2c(-c3nnc(SCCCN4CCc5ccc6oc(C(F)(F)F)nc6c5CC4)n3C)cccc2n1,8.400007822415901,2,0.0,2008,2010,2009,Ki,F,2
PXMXBPLOQSHMBE-UHFFFAOYSA-N,Cc1cc(-c2nc3cc4c(cc3o2)CCN(CCCSc2nnc(-c3ocnc3C)n2C)CC4)n(C)n1,8.400007822415901,1,0.0,2008,2008,2008,Ki,F,1
UKHPZHQUPSAUMR-UHFFFAOYSA-N,CCCc1nc2cc3c(cc2o1)CCN(CCCSc1nnc(-c2cccc4nc(C)ccc24)n1C)CC3,8.400007822415901,1,0.0,2008,2008,2008,Ki,F,1
JNTWHFOMVSHHKK-UHFFFAOYSA-N,CCc1nc2cc3c(cc2s1)CCN(CCCSc1nnc(-c2ocnc2C)n1C)CC3,8.400007822415901,1,0.0,2008,2008,2008,Ki,F,1
LVPCPZRNWKXHTK-UHFFFAOYSA-N,CC(C)N1CCN(CCN2CCN(c3cccc(C#N)c3)C2=O)CC1,8.400007822415901,1,0.0,2009,2009,2009,Ki,F,1
XQVMSBNONFRXFN-UHFFFAOYSA-N,CN1CCCCC1CN1CCN(c2cccc(Cl)c2)C1=O,8.400007822415901,1,0.0,2010,2010,2010,Ki,F,1
HVSRNYNPOUFDNJ-UHFFFAOYSA-N,O=C1N(CC2CCCCN2)CCN1c1cccc(Cl)c1,8.400007822415901,1,0.0,2010,2010,2010,Ki,F,1
VLGWIPCXNBQWLT-UHFFFAOYSA-N,Cc1ncoc1-c1nnc(SCCCN2CC3CC3(c3cc(C(F)(F)F)ccc3F)C2)n1C,8.400007822415901,3,1.00165055234635,2010,2010,2010,Ki,F,1
VUFRFPUOFHXBBM-UHFFFAOYSA-N,Cc1ccc2c(-c3nnc(SCCCN4CC5CC5(c5ccc(Br)cc5)C4)n3C)cccc2n1,8.400007822415901,1,0.0,2010,2010,2010,Ki,F,1
QCDCMDPVHPUROA-UHFFFAOYSA-N,CCCCc1ccc(S(=O)(=O)Nc2ccc3c(c2)CCN(Cc2cc[nH]n2)CC3)cc1,8.400007822415901,1,0.0,2009,2009,2009,Ki,F,1
FOUYNUWEFKTMDR-UHFFFAOYSA-N,Cc1ncoc1-c1nnc(SCCCN2CCC3CC3(c3ccc(C(F)(F)F)cc3)CC2)n1C,8.400007822415901,1,0.0,2010,2010,2010,Ki,F,1
HIVHEOCGLZASLB-UHFFFAOYSA-N,Cc1nc(C)c(-c2nnc(SCCCN3CCC4CC4(c4ccc(C(F)(F)F)cc4)CC3)n2C)s1,8.400007822415901,1,0.0,2010,2010,2010,Ki,F,1
AYDQEBMCUGUQLW-UHFFFAOYSA-N,Cn1c(SCCCN2CCC3CC3(c3ccc(C(F)(F)F)cc3)CC2)nnc1-c1ccnnc1,8.400007822415901,1,0.0,2010,2010,2010,Ki,F,1
ACKJXZGTUCARLB-KNQAVFIVSA-N,Cn1c(SCCCN2CC[C@]3(C[C@@H]3c3ccc(C(F)(F)F)cc3)C2)nnc1-c1ccnnc1,8.400007822415901,1,0.0,2016,2016,2016,Ki,B,1
KFQYTPMOWPVWEJ-INIZCTEOSA-N,CCCN(CCc1cccs1)[C@H]1CCc2c(O)cccc2C1,8.398483556492645,2,0.0007686926997008422,1996,2002,1999,Ki,B,2
WOWYFQWPMWYJNL-UHFFFAOYSA-N,O=C(NCCCCN1CCN(c2cccc(Cl)c2Cl)CC1)c1cccc2c1-c1ccccc1C2=O,8.397940008672037,3,0.29201939296250723,2001,2005,2005,Ki,B,2
YEHCICAEULNIGD-MZMPZRCHSA-N,CCCN1C[C@H](CSC)C[C@@H]2c3cccc4[nH]cc(c34)C[C@H]21,8.397940008672037,5,0.32716768738253715,1997,2024,2005,IC50;Ki,B,4
HRQSRFLNKXUFRB-KESTWPANSA-N,O=C(N[C@H]1CC[C@H](CCN2CCN(c3cccc(Cl)c3Cl)CC2)CC1)C1CCCC1,8.397940008672037,1,0.0,1997,1997,1997,Ki,B,1
RRNLVYSLHABLSU-UHFFFAOYSA-N,CC(C)(C)NC(=O)NCCCCN1CCN(c2cc(C(F)(F)F)nc(C(C)(C)C)n2)CC1,8.397940008672037,1,0.0,2006,2006,2006,Ki,B,1
MAMYYNBMHYGSHM-UHFFFAOYSA-N,O=C(NCCCCN1CCN(c2cc3ccc2CCc2ccc(cc2)CC3)CC1)c1cc2ccc1CCc1ccc(cc1)CC2,8.397940008672037,1,0.0,2010,2010,2010,Ki,B,1
USZWRGWERFWVSE-WVPZODRTSA-N,Cc1nc(-c2ccc(C(=O)N[C@H]3CC[C@H](CCN4CCc5ccc(S(C)(=O)=O)cc5CC4)CC3)cc2)no1,8.397940008672037,1,0.0,2011,2011,2011,Ki,B,1
SSKRZOVNWRTPKN-ONEGZZNKSA-N,O=C(NC/C=C/CN1CCN(c2ccccc2OCCF)CC1)c1cc2cc(O)ccc2[nH]1,8.397940008672037,1,0.0,2013,2013,2013,Ki,B,1
CAWFRCMJYFIMLP-UHFFFAOYSA-N,O=C(NCCCCN1CCN(c2ccccc2)CC1)c1cc2ccccc2o1,8.397940008672037,1,0.0,2014,2014,2014,Ki,B,1
YUMQWMQAMSUQRF-DWPDDBJKSA-N,CO[C@]1(C)CC[C@H](CC(=O)N[C@H]2CC[C@H](CCN3CCC(c4noc5cc(Cl)ccc45)CC3)CC2)CC1,8.397940008672037,2,0.0,2014,2014,2014,Ki,B,1
OHSIGBOKYLDSHG-UHFFFAOYSA-N,CCCN(CCCCNC(=O)c1ccc(-c2ccccn2)cc1)CC1CC1c1cc(F)ccc1OC,8.397940008672037,1,0.0,2020,2020,2020,Ki,B,1
WLAAUSCDSXYHAZ-FCHUYYIVSA-N,C=CCN1C[C@H](OCc2ccncc2)C[C@H]1CNC(=O)c1cc(CCCF)cc(OC)c1OC,8.397940008672037,1,0.0,2023,2023,2023,Ki,B,1
NHXMQVWYTNNGDO-YOCNBXQISA-N,O=C(N[C@H]1CC[C@H](CCN2CCC(c3ccnn3-c3ccccc3)CC2)CC1)c1cccc2ncccc12,8.397940008672037,1,0.0,2022,2022,2022,Ki,B,1
ZPEAQOHSKIPYKV-MXVIHJGJSA-N,Cc1cc(CC(=O)N[C@H]2CC[C@H](CCN3CCN(c4nccc5c4CCO5)CC3)CC2)on1,8.396855627379818,1,0.0,2013,2013,2013,Ki,B,1
QSYSGNJXSQQELK-UILWBTOOSA-N,O=C(Cc1ccc2c(c1)OCO2)N[C@H]1CC[C@H](CCN2CCC(c3noc4cc(F)ccc34)CC2)CC1,8.3963144503853,2,0.0,2014,2014,2014,Ki,B,1
HAMNVKXXPQTQTJ-JKIUYZKVSA-N,O=C(Cc1ccc2c(c1)OCO2)N[C@H]1CC[C@H](CCN2CCC(c3cccc4c3OCO4)CC2)CC1,8.39577394691553,2,0.0,2013,2013,2013,Ki,B,1
NHQVWADCZMCLLL-MYKGNVCDSA-N,O=C(N[C@H]1CC[C@H](CCN2CCC(c3coc4ccccc34)CC2)CC1)C(O)C(F)(F)F,8.39577394691553,2,0.0,2014,2014,2014,Ki,B,1
WBKIGDGNXRRXNA-UHFFFAOYSA-N,COc1ccccc1N1CCN(CC(O)CCNC(=O)c2cc3cc(I)ccc3o2)CC1,8.391258027893047,4,0.40730027282481984,2009,2014,2011,IC50;Ki,B;F,2
XLJQOKQZCYRQNN-UHFFFAOYSA-N,Cc1cccc(N2CCC3CN(CCCSc4nnc(-c5cnccn5)n4C)CC32)c1,8.39040559077478,3,0.005543851022822644,2016,2020,2019,Ki,B,3
IYZBRQAAJGEDNI-OXJNMPFZSA-N,Cn1c(SCCCN2C[C@@H]3CCN(c4ccc(C(F)(F)F)cc4)[C@@H]3C2)nnc1-c1cnccn1,8.39040559077478,2,0.0,2019,2020,2019,Ki,B,2
OMXJWXICMCUBRZ-QRWLVFNGSA-N,Cn1c(SCCCN2C[C@H]3CCN(c4ccc(F)cc4F)[C@H]3C2)nnc1-c1cnccn1,8.39040559077478,2,0.0,2019,2020,2019,Ki,B,2
SBCYNHCFJBYRJY-UHFFFAOYSA-N,Cc1ncoc1-c1nnc(SCCCN2CC3CCN(c4ccccc4)C3C2)n1C,8.389935883721073,6,0.3404705345181746,2016,2020,2016,Ki,B,3
MOINQXFCUHCNNN-SAABIXHNSA-N,O=C(N[C@H]1CC[C@H](CCN2CCC(c3coc4ccccc34)CC2)CC1)C(F)(F)F,8.38933983691012,2,0.0,2014,2014,2014,Ki,B,1
SGVBRIHFEULKBC-UHFFFAOYSA-N,O=C1c2ccccc2C(=O)N1CCCCN1CCN(c2cccc(Cl)c2Cl)CC1,8.387216143280265,1,0.0,2001,2001,2001,Ki,B,1
MUGIIZXLOBYZRQ-UHFFFAOYSA-N,Oc1nc2c(OCCNCc3ccccc3)cccc2[nH]1,8.387216143280265,1,0.0,1999,1999,1999,Ki,B,1
OAMRDAGXTITKDJ-VAWYXSNFSA-N,COc1ccccc1N1CCN(CCCCNC(=O)/C=C/c2cccc(C(F)(F)F)c2)CC1,8.387216143280265,1,0.0,2003,2003,2003,Ki,B,1
AWIYLVWAILOVMX-RLAPIPATSA-N,OC1(c2ccc(Cl)cc2)C[C@H]2CC[C@@H](C1)N2CCCOc1ccc(F)cc1,8.387216143280265,1,0.0,2012,2012,2012,Ki,B,1
AWIYLVWAILOVMX-UHFFFAOYSA-N,OC1(c2ccc(Cl)cc2)CC2CCC(C1)N2CCCOc1ccc(F)cc1,8.387216143280265,1,0.0,2014,2014,2014,Ki,B,1
LARFMQZWGLKYLH-JKIUYZKVSA-N,O=S(=O)(N[C@H]1CC[C@H](CCN2CCC(c3cccc4c3CCO4)CC2)CC1)c1ccc(F)cc1,8.387216143280265,2,0.0,2014,2014,2014,Ki,B,1
OHSIGBOKYLDSHG-AZGAKELHSA-N,CCCN(CCCCNC(=O)c1ccc(-c2ccccn2)cc1)C[C@@H]1C[C@H]1c1cc(F)ccc1OC,8.387216143280265,3,0.877151058728309,2020,2020,2020,EC50;Ki,B;F,1
RLRPUCNVCZCTRG-VQTJNVASSA-N,C=CCN1C[C@H](OC(=O)Nc2ccccn2)C[C@H]1CNC(=O)c1cc(CCCF)cc(OC)c1OC,8.387216143280265,1,0.0,2023,2023,2023,Ki,B,1
KUNJWDFGNSXWFX-UHFFFAOYSA-N,N#Cc1cc(N2CCN(CCCCNC(=O)N3CCN(c4ccccc4)CC3)CC2)cc(C(F)(F)F)c1,8.387216143280265,2,0.0,2017,2018,2017,Ki,B,2
DCPPWKFRGIUQDU-LJQANCHMSA-N,O=C(NCC[C@@H](O)CN1CCN(c2cccc(Cl)c2Cl)CC1)c1cnc2ccccc2c1,8.385102783966865,1,0.0,2017,2017,2017,Ki,B,1
HRSJSQHPKLXGDX-XBTDCMMSSA-N,CC(C)Cc1ccc(C(=O)N[C@H]2CC[C@H](CCN3CCC(c4coc5ccccc45)CC3)CC2)cc1,8.380906669373257,2,0.0,2014,2014,2014,Ki,B,1
PEJRVVYNELAPOR-HZPDHXFCSA-N,CCCN1CCO[C@@H]2c3cc4c(cc3CC[C@H]21)COC4=O,8.379981036221915,2,0.36768686357725133,2009,2009,2009,EC50;Ki,B;F,1
ZRQADOCXGLFZJC-OXJNMPFZSA-N,Cn1c(SCCCN2C[C@@H]3CCN(c4c(F)cc(F)cc4F)[C@@H]3C2)nnc1-c1ccn(C)c(=O)c1,8.379863945026242,2,0.0,2019,2020,2019,Ki,B,2
HOJGYADNYPGADT-UAPYVXQJSA-N,CCC(=O)N[C@H]1CC[C@H](CCN2CCC(c3cccc4c3OCO4)CC2)CC1,8.377785977033705,2,0.0,2013,2013,2013,Ki,B,1
BTOJYCTUJJHANF-WMLDXEAASA-N,CCCN(CCC)[C@@H]1CCc2c(OC)cccc2[C@@H]1C,8.3767507096021,4,0.24212589643850163,1993,1997,1995,Ki,B,4
JCGBUUHLRXHEQS-WGSAOQKQSA-N,CN(C(=O)c1cccs1)[C@H]1CC[C@H](CCN2CCN(c3cccc(Cl)c3Cl)CC2)CC1,8.3767507096021,1,0.0,1997,1997,1997,Ki,B,1
CANPFCFJURGKAX-JTQLQIEISA-N,CCN1CCC[C@H]1CNC(=O)c1c(OC)ccc(I)c1O,8.3767507096021,1,0.0,2007,2007,2007,Ki,B,1
AADWBQLQKGQDIM-UHFFFAOYSA-N,O=C(CCCN1CCC(c2cc3ccc2CCc2ccc(cc2)CC3)CC1)c1cc2ccc1CCc1ccc(cc1)CC2,8.3767507096021,1,0.0,2010,2010,2010,Ki,B,1
HAXCDBIFKSGOTN-UHFFFAOYSA-N,COc1ccccc1N1CCN(CCCCNC(=O)c2ccc(OCCOCCOCCF)cc2)CC1,8.3767507096021,1,0.0,2011,2011,2011,Ki,B,1
KTKVHSSURNTWLF-SAIGFBBZSA-N,O=C(N[C@H]1CC[C@H](CCN2CCC(c3cccc4c3CCO4)CC2)CC1)c1ccccc1,8.3767507096021,2,0.0,2014,2014,2014,Ki,B,1
QKNMUTJKRIBDKW-XUTJKUGGSA-N,Cc1cc(C(=O)N[C@H]2CC[C@H](CCN3CCC(c4coc5ccccc45)CC3)CC2)on1,8.373659632624957,2,0.0,2014,2014,2014,Ki,B,1
LNMWMYAAMASJED-UHFFFAOYSA-N,CCc1cccc(N2CCN(CC(O)CCNC(=O)c3cn4ccccc4n3)CC2)c1Cl,8.373659632624957,1,0.0,2016,2016,2016,Ki,B,1
OHNCZVXJVAIMIH-UHFFFAOYSA-N,CCc1cccc(N2CCN(CCC(O)CCNC(=O)c3cn4ccccc4n3)CC2)c1Cl,8.373659632624957,1,0.0,2022,2022,2022,Ki,B,1
ZPMKYPOYZYLBSN-UHFFFAOYSA-N,COc1ccccc1N1CCN(CCCCNC(=O)c2cc3cc(C#N)ccc3o2)CC1,8.369979148886591,1,0.0,2007,2007,2007,Ki,B,1
AARWRAFDYZSYPD-UHFFFAOYSA-N,Cc1c(C(=O)NCCCCN2CCN(c3cccc(Cl)c3Cl)CC2)nnn1Cc1ccccc1,8.369979148886591,1,0.0,2007,2007,2007,Ki,B,1
GJKGOLAEKKKXBM-XYWHTSSQSA-N,O=C(CC1COC1)N[C@H]1CC[C@H](CCN2CCC(c3cccc4c3CCO4)CC2)CC1,8.369572124974976,2,0.0,2014,2014,2014,Ki,B,1
YNNUSGIPVFPVBX-NHCUHLMSSA-N,CN1CCC[C@@H]1CCO[C@](C)(c1ccccc1)c1ccc(Cl)cc1,8.369113077142096,2,0.3316517413789716,,,,IC50;Ki,B,1
SQLYEWBPPTXDRF-MEMLXQNLSA-N,Cc1ccc(N2CCN(CC[C@H]3CC[C@H](NC(=O)c4cccs4)CC3)CC2)cc1,8.366531544420413,1,0.0,1997,1997,1997,Ki,B,1
ZSOAASMDFMEZPH-WGSAOQKQSA-N,O=C(N[C@H]1CC[C@H](CCN2CCN(c3ccccn3)CC2)CC1)c1cccs1,8.366531544420413,1,0.0,1997,1997,1997,Ki,B,1
YZQXLVIDXVUDPY-UHFFFAOYSA-N,COc1ccccc1N1CCN(CCCCNC(=O)c2ccc3ccnn3c2)CC1,8.366531544420413,1,0.0,2002,2002,2002,Ki,B,1
HGRPPZKIXIZLRX-UHFFFAOYSA-N,COc1ccccc1N1CCN(CCCCNC(=O)c2ccc(F)cc2)CC1,8.366531544420413,1,0.0,2005,2005,2005,Ki,B,1
SHUPLKKPJACSQI-VJBMBRPKSA-N,CCCN(CC[C@H]1CC[C@H](NC(=O)c2cccc(-c3noc(C)n3)c2)CC1)[C@H]1CCc2nc(N)sc2C1,8.366531544420413,1,0.0,2012,2012,2012,EC50,F,1
HKOJNCZKZSYFEQ-LJAQVGFWSA-N,C#CC1=CC[C@H](N(CCC)CCCCNC(=O)c2ccc(OCCCc3cnn(CCCC)n3)c(OC)c2)CC1,8.366531544420413,1,0.0,2013,2013,2013,Ki,B,1
BUNARIUEVNWERA-QAQDUYKDSA-N,CS(=O)(=O)N[C@H]1CC[C@H](CCN2CCN(c3nccc4sccc34)CC2)CC1,8.366531544420413,1,0.0,2013,2013,2013,Ki,B,1
RRYHHCNEVZLSCS-IYARVYRRSA-N,CCS(=O)(=O)N[C@H]1CC[C@H](CCN2CCN(c3nccc4sccc34)CC2)CC1,8.366531544420413,1,0.0,2013,2013,2013,Ki,B,1
ZAVNMUPCFJDCTL-UHFFFAOYSA-N,Cc1ccc2cc(C(=O)N3CCN(CCOc4cccnc4)CC3)[nH]c2c1,8.366531544420413,2,0.0,2020,2023,2021,EC50,B,2
DGZKLXNLBCVGGK-UHFFFAOYSA-N,CCc1cc2c(cc1N1CCN(CC(O)CCNC(=O)c3cc4ccccc4[nH]3)CC1)OCO2,8.365522729839268,1,0.0,2019,2019,2019,Ki,B,1
PDNOIHGCVLVCCX-UHFFFAOYSA-N,CCc1cc2c(cc1N1CCN(CC(O)CCCC(=O)c3cc4ccccc4[nH]3)CC1)OCO2,8.365522729839268,1,0.0,2022,2022,2022,Ki,B,1
NRXPFRHREANWEK-UKILVPOCSA-N,CCCN(CCCCNC(=O)c1ccc(-c2ccccn2)cc1)C[C@@H]1C[C@H]1c1cccc(Cl)c1Cl,8.363499363968131,2,0.6511171851634713,2020,2020,2020,EC50;Ki,B;F,1
YWYZRJMGANXTJK-UHFFFAOYSA-N,O=C(NC1CCC(CCN2CCC(c3cccc4c3CCO4)CC2)CC1)c1ccc2ncccc2c1,8.361510743045363,2,0.0,2014,2014,2014,Ki,B,1
ISELLYVTONRQOI-AQYVVDRMSA-N,CC(C)(C)CC(=O)N[C@H]1CC[C@H](CCN2CCC(c3coc4ccccc34)CC2)CC1,8.361510743045363,2,0.0,2014,2014,2014,Ki,B,1
XESYYKHMJOWEPL-XYWHTSSQSA-N,O=C(N[C@H]1CC[C@H](CCN2CCC(c3coc4ccccc34)CC2)CC1)c1ccc(Cl)cc1Cl,8.359518563029578,2,0.0,2014,2014,2014,Ki,B,1
GIAJRMOZOJKYBH-IYARVYRRSA-N,COCC(=O)N[C@H]1CC[C@H](CCN2CCN(c3cccc4c3OCO4)CC2)CC1,8.359518563029578,2,0.0,2014,2014,2014,Ki,B,1
CTPVTXDLFFRQAD-UHFFFAOYSA-N,Cn1c(SCCCN2CC3CCN(c4c(F)cccc4C(F)(F)F)C3C2)nnc1-c1cnccn1,8.359518563029578,3,0.023376484805982214,2016,2020,2019,Ki,B,3
AYAGATABYZSYEZ-FCMXBYMOSA-N,O=C(N[C@H]1CC[C@H](CCN2CCC(c3coc4ccccc34)CC2)CC1)c1ccc(N2CCCCC2)cc1,8.357535479757878,2,0.0,2014,2014,2014,Ki,B,1
KXNPPUPYHKPSNB-UHFFFAOYSA-N,CC(C)(C)c1nc(N2CCN(CCCCn3ccc(N4CCC4)nc3=O)CC2)cc(C(F)(F)F)n1,8.356547323513812,1,0.0,2006,2006,2006,Ki,B,1
NZIPBDPDZPUDLD-UHFFFAOYSA-N,Cc1ccn(CCCCN2CCN(c3cc(C(F)(F)F)nc(C(C)(C)C)n3)CC2)c(=O)n1,8.356547323513812,2,0.0,2006,2006,2006,Ki,B,2
YVKJVUJRJJSJAZ-UHFFFAOYSA-N,CCCN(CCCCNC(=O)c1ccc(-c2ccccc2)cc1)C1CC=C(C#C[Si](C)(C)C)CC1,8.356547323513812,1,0.0,2008,2008,2008,Ki,B,1
XAESEDLRZCTOOM-AATRIKPKSA-N,COc1ccc2[nH]c(C(=O)NC/C=C/CN3CCN(c4ccccc4OC)CC3)cc2c1,8.356547323513812,1,0.0,2013,2013,2013,Ki,B,1
YMUDLHBKUTXRGL-UHFFFAOYSA-N,O=Cc1cnn2ccc(-n3cc(CCCCN4CCN(c5cccc(Cl)c5Cl)CC4)nn3)cc12,8.356547323513812,1,0.0,2015,2015,2015,Ki,B,1
XLYRRJFZVKDMFE-UAPYVXQJSA-N,O=C(CC(F)(F)F)N[C@H]1CC[C@H](CCN2CCC(c3cccc4c3CCO4)CC2)CC1,8.356547323513812,2,0.0,2014,2014,2014,Ki,B,1
XCVFQMNYKCFHPH-UHFFFAOYSA-N,COc1cc(OC(=O)NCCCCN2CCN(c3cccc(Cl)c3Cl)CC2)ccc1-c1cccc(C(N)=O)c1,8.356547323513812,1,0.0,2017,2017,2017,EC50,F,1
XDJJCVLGIOECKZ-UHFFFAOYSA-N,O=C(c1cc2c(Cl)cccc2[nH]1)N1CCN(CCOc2cccnc2)CC1,8.356547323513812,3,0.0,2020,2023,2023,EC50,B,2
VQODXNCHOGDXSX-YKSBVNFPSA-N,Cn1c(SCCCN2CC[C@]3(C[C@@H]3c3ccc(C(F)(F)F)cc3)C2)nnc1C1CCN(C(N)=O)CC1,8.355025125694251,2,0.31822509952231487,2016,2016,2016,Ki,B;F,1
VYCKVQISRHCOOL-OAHLLOKOSA-N,CCCCN(CCC)[C@@H]1CCc2c(F)cccc2C1,8.354577730650908,1,0.0,1996,1996,1996,Ki,B,1
YTVQOUZRPPUHRV-UHFFFAOYSA-N,Cn1c(SCCCN2CC3CCN(c4ccc(C(F)(F)F)cc4)C3C2)nnc1-c1ccc(=O)[nH]c1,8.349692476868064,3,0.02904957829641267,2016,2020,2019,Ki,B,3
IONCAKHVNMAPQA-NQIIRXRSSA-N,Cn1c(SCCCN2C[C@H]3CCN(c4ccc(C(F)(F)F)cc4)[C@H]3C2)nnc1C1CCCC1,8.349692476868064,2,0.0,2019,2020,2019,Ki,B,2
OJVUWAZPULUZEU-UHFFFAOYSA-N,Cn1c(SCCCN2CC3CCN(c4ccc(C(F)(F)F)cc4)C3C2)nc2ccccc21,8.349692476868064,2,0.0,2019,2020,2019,Ki,B,2
ZAFAQAJYDSJNDH-UHFFFAOYSA-N,Cn1c(SCCCN2CC3CCN(c4c(F)cccc4F)C3C2)nnc1-c1ccncc1,8.349692476868064,2,0.0,2019,2020,2019,Ki,B,2
FUJBVUPRADYUIB-XUTJKUGGSA-N,O=C(N[C@H]1CC[C@H](CCN2CCN(c3cccc4c3OCO4)CC2)CC1)C1CCOCC1,8.348721986001856,2,0.0,2014,2014,2014,Ki,B,1
WZHJKEUHNJHDLS-QTGUNEKASA-N,CN1C[C@H](CNC(=O)OCc2ccccc2)C[C@@H]2c3cccc4c3c(cn4C)C[C@H]21,8.348661633636574,2,0.3316776203827798,,,,IC50;Ki,B,1
QGSXNUMUNVVREL-XUTJKUGGSA-N,O=C(N[C@H]1CC[C@H](CCN2CCN(c3cccc(Cl)c3Cl)CC2)CC1)C1CCCCC1,8.346787486224656,1,0.0,1997,1997,1997,Ki,B,1
PKBFRDZADXJQRC-UHFFFAOYSA-N,O=C(NCCCCN1CCN(c2cccc(Cl)c2Cl)CC1)c1cc2cc(I)ccc2s1,8.346787486224656,1,0.0,2004,2004,2004,Ki,B,1
KTJXBGFKGUUNHP-UHFFFAOYSA-N,COc1cc2c(cc1OC)N(CCCCN1CCN(c3cc(C(F)(F)F)nc(C(C)(C)C)n3)CC1)C(=O)CCC2=O,8.346787486224656,1,0.0,2006,2006,2006,Ki,B,1
DIJKUIXRAWOVGJ-UHFFFAOYSA-N,Cc1cccc(N2CCN(CCCCNC(=O)c3cc4ccccc4o3)CC2)c1,8.346787486224656,3,0.8672514207583281,2009,2014,2009,IC50;Ki,B;F,2
NTASTGHPPLINPW-UHFFFAOYSA-N,COc1ccccc1N1CCN(CCCCNC(=O)c2ccc(-n3ccnc3)cc2)CC1,8.346662059605197,2,0.03818033391570289,2006,2009,2007,Ki,B,2
YZBUHABEHVWWRM-UILWBTOOSA-N,COc1ccc(C(=O)N[C@H]2CC[C@H](CCN3CCC(c4noc5cc(F)ccc45)CC3)CC2)cc1,8.344381416458777,2,0.0,2014,2014,2014,Ki,B,1
AYSGDGVMVFJUQY-JKIUYZKVSA-N,O=C(N[C@H]1CC[C@H](CCN2CCC(c3coc4ccccc34)CC2)CC1)C1CCOCC1,8.343901797987169,2,0.0,2014,2014,2014,Ki,B,1
UAVOWOKUOJZVHZ-YLIUREIVSA-N,O=C(N[C@H]1CC[C@H](CCN2CCC(c3coc4ccccc34)CC2)CC1)c1ccc(-c2cccnc2)cc1,8.341988603342887,2,0.0,2014,2014,2014,Ki,B,1
WSPOMRSOLSGNFJ-AUWJEWJLSA-N,CN(C)CC/C=C1/c2ccccc2Sc2ccc(Cl)cc21,8.341035157335565,1,0.0,2009,2009,2009,Ki,B,1
MKKJVJCUFYKFLO-AQYVVDRMSA-N,CCCCC(=O)N[C@H]1CC[C@H](CCN2CCC(c3cccc4c3CCO4)CC2)CC1,8.34008379993015,2,0.0,2014,2014,2014,Ki,B,1
UDUUCGMSUBUXNS-UHFFFAOYSA-N,Cn1c(SCCCN2CC3CCN(c4cccc(F)c4)C3C2)nnc1-c1cnccn1,8.34008379993015,3,0.02314877951446462,2016,2020,2019,Ki,B,3
YTXILLIRPDSLHZ-HNAYVOBHSA-N,Cc1ncoc1-c1nnc(SCCCN2C[C@@H]3CCN(c4ccc(C(F)(F)F)cc4F)[C@@H]3C2)n1C,8.34008379993015,2,0.0,2019,2020,2019,Ki,B,2
OMUDHMBLKINCCX-XXBNENTESA-N,Cn1c(SCCCN2CC[C@]3(C[C@@H]3c3ccc(C(F)(F)F)cc3)C2)nnc1C1=CC=NC(=O)C1,8.33998877871067,1,0.0,2016,2016,2016,Ki,B,1
BSOLCASXROXPRZ-MQSINFNDSA-N,CN(C)C[C@H]1CC2c3ccccc3Sc3ccc(F)cc3[C@H]2O1,8.339926856944473,2,0.8749462943335607,2005,2005,2005,Ki,B,1
TUHWCWZHGQPAEF-HNKWHGCMSA-N,O=C(N[C@H]1CC[C@H](CCN2CCC(c3coc4ccccc34)CC2)CC1)c1ccc(-n2cccc2)cc1,8.339134521996131,2,0.0,2014,2014,2014,Ki,B,1
UGYOAOPLCYFDLB-AQYVVDRMSA-N,O=C(N[C@H]1CC[C@H](CCN2CCN(c3cccc4c3OCO4)CC2)CC1)c1ccc2c(c1)OCCO2,8.338187314462738,2,0.0,2014,2014,2014,Ki,B,1
OUNYCNQDFAUREF-UHFFFAOYSA-N,COc1ccccc1N1CCN(CC(O)CCNC(=O)c2cc3ccccc3s2)CC1,8.337242168318426,4,0.4647094628571465,2009,2014,2011,IC50;Ki,B;F,2
LTYAWIKNOPSPBV-KESTWPANSA-N,CCC(=O)N[C@H]1CC[C@H](CCN2CCC(c3cccc4c3CCO4)CC2)CC1,8.337242168318426,2,0.0,2014,2014,2014,Ki,B,1
GZKLJWGUPQBVJQ-UHFFFAOYSA-N,O=C1NCCN1CCN1CCC(c2cn(-c3ccc(F)cc3)c3ccc(Cl)cc23)CC1,8.335606399822733,2,0.35273350340087845,2003,2004,2003,Ki,B,2
FVRSJSBIEQJTRJ-UAPYVXQJSA-N,CS(=O)(=O)CC(=O)N[C@H]1CC[C@H](CCN2CCC(c3cccc4c3OCO4)CC2)CC1,8.334419008982048,2,0.0,2013,2013,2013,Ki,B,1
YPNBJNLSFKYUJW-HZCBDIJESA-N,CN1CCN(CC(=O)N[C@H]2CC[C@H](CCN3CCN(c4cccc5c4OCO5)CC3)CC2)CC1,8.334419008982048,2,0.0,2014,2014,2014,Ki,B,1
QGKIQQCQAJMJNK-WGSAOQKQSA-N,CC(=O)N[C@H]1CC[C@H](CCN2CCN(c3nc(C)cc4occc34)CC2)CC1,8.33348201944512,1,0.0,2013,2013,2013,Ki,B,1
SQXPURWSUNRRIZ-PGWJBFNOSA-N,O=C(N[C@H]1CC[C@H](CCN2CCC(c3noc4cc(F)ccc34)CC2)CC1)c1ccc(N2CCS(=O)(=O)CC2)cc1,8.330311291943792,2,0.0,2014,2014,2014,Ki,B,1
BQDVGVNUGZSYNV-UHFFFAOYSA-N,Cn1c(SCCCN2CC3CCN(c4ccc(F)cc4)C3C2)nnc1-c1ccc(=O)[nH]c1,8.329754146925875,2,0.0,2019,2020,2019,Ki,B,2
PDEOWFLSMSAWTN-UHFFFAOYSA-N,Cn1nccc1-c1nnc(SCCCN2CC3CCN(c4c(F)cccc4F)C3C2)n1C,8.329754146925875,2,0.0,2019,2020,2019,Ki,B,2
BUHDSUFFPNBSGG-UHFFFAOYSA-N,COc1ccccc1N1CCN(CCCCc2cc(-c3cccs3)no2)CC1,8.327902142064282,1,0.0,2002,2002,2002,Ki,B,1
IBNGPFLSWWZTBJ-XUTJKUGGSA-N,O=C(N[C@H]1CC[C@H](CCN2CCN(c3cccc(Cl)c3Cl)CC2)CC1)c1ccccc1,8.327902142064282,1,0.0,1997,1997,1997,Ki,B,1
SIDPGTZGVQNXLM-WGSAOQKQSA-N,c1cnc(N[C@H]2CC[C@H](CCN3CCN(c4cccnc4)CC3)CC2)nc1,8.327902142064282,1,0.0,1998,1998,1998,Ki,B,1
UGBHWDCXHHTYMY-UAPYVXQJSA-N,O=C(N[C@H]1CC[C@H](CCN2CCN(c3cccc(Cl)c3Cl)CC2)CC1)c1ccsc1,8.327902142064282,1,0.0,1997,1997,1997,Ki,B,1
AAYMNPGQEZYHNE-UHFFFAOYSA-N,COc1ccccc1N1CCN(CCCCNC(=O)c2cc(C)ccc2C)CC1,8.327902142064282,1,0.0,2010,2010,2010,Ki,B,1
FHBMSKSIPMUQOG-UHFFFAOYSA-N,O=C(NCCCCN1CCN(c2cccc(Cl)c2)CC1)c1ccc2ccccc2c1,8.327902142064282,1,0.0,2016,2016,2016,Ki,B,1
WEMWEQGYQWENGE-UHFFFAOYSA-N,CCc1cccc(N2CCN(CCCCNC(=O)c3cc4ccccc4[nH]3)CC2)c1Cl,8.327902142064282,3,1.0963711950762365,2016,2016,2016,EC50;IC50;Ki,B,1
UXATXHBJCKNDIU-XZOQPEGZSA-N,C=CCN1C[C@H](OCc2ccc(F)cc2)C[C@H]1CNC(=O)c1cc(CCCF)cc(OC)c1OC,8.327902142064282,1,0.0,2023,2023,2023,Ki,B,1
PUVINHDPRXBNSI-OJBMAJLDSA-N,O=C(N[C@H]1CC[C@H](CCN2CCc3cn(Cc4ccccc4)nc3C2)CC1)c1cccc2ncccc12,8.327902142064282,2,0.0,2020,2022,2021,Ki,B,2
IMFLKRNUSHCDBK-UHFFFAOYSA-N,O=C(CCCN1CC[Si](O)(c2ccc(Cl)cc2)CC1)c1ccc(F)cc1,8.32513885926219,1,0.0,2011,2011,2011,Ki,B,1
FOWVILAPRCJMGP-MRXNPFEDSA-N,CCCN(CCC)[C@@H]1Cc2cccc3c2n(c(=O)n3CCC)C1,8.325021450640268,4,0.5553726994743463,2016,2016,2016,EC50;Ki,B,1
OWCFHTULJYSSNJ-IRJFHVNHSA-N,COCCC(=O)N[C@H]1CC[C@H](CCN2CCC(c3noc4cc(F)ccc34)CC2)CC1,8.323397830417981,2,0.0,2014,2014,2014,Ki,B,1
XLHGDHLCZBHDRQ-MRXNPFEDSA-N,Oc1ccc2c(c1)O[C@@H](CNCc1cccc(I)c1)CC2,8.322015005796771,2,0.30828404415814337,2014,2014,2014,Ki,B,1
CDDVHWKFFCJTOZ-UHFFFAOYSA-N,COc1ccccc1N1CCN(CCCCNC(=O)c2ccc3ccccc3n2)CC1,8.320689982832677,2,0.19832070927000517,2003,2015,2009,Ki,B,2
HQVGADXQHMROOB-DEOSSOPVSA-N,CCCN(CCN1CCN(c2ccc(-c3ccncc3)cc2)CC1)[C@H]1CCc2nc(N)sc2C1,8.320572103387882,1,0.0,2010,2010,2010,Ki,B,1
RIVWPOSKFAXCII-XUTJKUGGSA-N,COC(CC(=O)N[C@H]1CC[C@H](CCN2CCC(c3cccc4c3CCO4)CC2)CC1)OC,8.320572103387882,2,0.0,2014,2014,2014,Ki,B,1
KQBYIQCEQDXZFW-NSCUHMNNSA-N,COc1ccc(C(=O)NC/C=C/CN2CCN(c3cccc(Cl)c3Cl)CC2)cc1,8.319664486585436,5,0.43380304572312134,2005,2005,2005,EC50;IC50;Ki,B;F,2
GHXMJOBEVWDMLQ-MGPUTAFESA-N,Cn1c(SCCCN2C[C@@H]3CCN(c4c(F)cc(F)cc4F)[C@@H]3C2)nnc1-c1ccc(C(N)=O)nc1,8.319664486585436,2,0.0,2019,2020,2019,Ki,B,2
ARXSWHRTJLWTMT-AQYVVDRMSA-N,O=C(N[C@H]1CC[C@H](CCN2CCN(c3cccc(Cl)c3Cl)CC2)CC1)C1CCCCCC1,8.318758762624412,1,0.0,1997,1997,1997,Ki,B,1
KSWVNKXYQFPTSL-UHFFFAOYSA-N,COc1ccccc1N1CCN(CCCCNC(=O)CCc2ccccc2)CC1,8.318758762624412,1,0.0,2003,2003,2003,Ki,B,1
UHBDOJLDXNFRPT-UHFFFAOYSA-N,CC(C)(C)c1nc(N2CCN(CCCCn3cc(C#N)c(=O)[nH]c3=O)CC2)cc(C(F)(F)F)n1,8.318758762624412,1,0.0,2006,2006,2006,Ki,B,1
DISXAFLQNJTZHA-UHFFFAOYSA-N,CC(C)(C)c1nc(N2CCN(CCCCn3ccc(C4CCCCC4)nc3=O)CC2)cc(C(F)(F)F)n1,8.318758762624412,1,0.0,2006,2006,2006,Ki,B,1
RPFKNPSBXZWKHC-UHFFFAOYSA-N,CCC(=O)NCCCCN1CCN(c2cccc(Cl)c2Cl)CC1,8.318758762624412,1,0.0,2012,2012,2012,Ki,B,1
GWGVZWMERZAHNI-UHFFFAOYSA-N,COc1ccccc1N1CCCN(CCCCNC(=O)c2ccc(Br)s2)CC1,8.318758762624412,1,0.0,2013,2013,2013,Ki,B,1
PVAIEWDYRNQJFR-MXVIHJGJSA-N,COCCC(=O)N[C@H]1CC[C@H](CCN2CCN(c3nc(C)cc4occc34)CC2)CC1,8.318758762624412,1,0.0,2013,2013,2013,Ki,B,1
VPCKUMFPILIIDI-JIBACQESSA-N,CC(C)c1ccc(C(=O)N[C@H]2CC[C@H](CCN3CCC(c4coc5ccccc45)CC3)CC2)cc1,8.318758762624412,2,0.0,2014,2014,2014,Ki,B,1
CRSMUMSMFUSJCR-ZXSXIFIVSA-N,Cn1cc2c(C(=O)N[C@H]3CC[C@H](CCN4CCC5(c6nocc6C(C)(F)F)CC5C4)CC3)cccc2n1,8.318758762624412,1,0.0,2022,2022,2022,Ki,B,1
UGPMJKXBWQUZNC-RVZUZXSLSA-N,CCC(C)C(=O)N[C@H]1CC[C@H](CCN2CCC(c3coc4ccccc34)CC2)CC1,8.316052869248487,2,0.0,2014,2014,2014,Ki,B,1
GYZQENOTEUQFGR-UILWBTOOSA-N,O=C(N[C@H]1CC[C@H](CCN2CCC(c3cccc4c3OCO4)CC2)CC1)c1ccc(F)cc1,8.31069114087638,2,0.0,2013,2013,2013,Ki,B,1
JVGDBVAGMMZAGB-YKSBVNFPSA-N,Cn1c(SCCCN2CC[C@]3(C[C@@H]3c3ccc(C(F)(F)F)cc3)C2)nnc1-c1ccn(C)c(=O)c1,8.310005587003205,2,0.11309945040896183,2016,2016,2016,Ki,B;F,1
JIMZYWHOJZKVBJ-UHFFFAOYSA-N,COc1ccccc1N1CCN(CCNC(=O)c2cn(-c3ccc([N+](=O)[O-])cc3)nn2)CC1,8.309803919971486,1,0.0,2009,2009,2009,Ki,B,1
GJEUOGHJJUBVHW-UHFFFAOYSA-N,CCOCCOc1cccc(C(=O)NCCCCN2CCN(c3ccccc3OC)CC2)c1,8.309803919971486,1,0.0,2012,2012,2012,Ki,B,1
HZIPKQNESFBOQW-LSNLESRRSA-N,O=C(N[C@H]1CC[C@H](CCN2CCC(c3cccc4c3CCO4)CC2)CC1)c1ccc(Cl)cc1,8.309803919971486,2,0.0,2014,2014,2014,Ki,B,1
PUFRXIARUMGNAR-LSNLESRRSA-N,O=C(N[C@H]1CC[C@H](CCN2CCC(c3cccc4c3CCO4)CC2)CC1)c1ccc(F)cc1,8.309803919971486,2,0.0,2014,2014,2014,Ki,B,1
LIRAXYPAXGDSQL-KESTWPANSA-N,CS(=O)(=O)CC(=O)N[C@H]1CC[C@H](CCN2CCC(c3cccc4c3CCO4)CC2)CC1,8.309803919971486,2,0.0,2014,2014,2014,Ki,B,1
GRGGMNIWCOHOKK-FHWLQOOXSA-N,CO[C@@H](C)C(=O)N[C@H]1CC[C@H](CCN2CCN(c3cccc4c3OCO4)CC2)CC1,8.309803919971486,2,0.0,2014,2014,2014,Ki,B,1
PMZOPKCHYGDQPO-UHFFFAOYSA-N,Cn1c(SCCCN2CCOC(c3ccc(C(F)(F)F)cc3)C2)nnc1-c1ccc(-c2ncco2)cc1,8.309803919971486,3,0.25239045842649693,2016,2020,2016,Ki,B,2
QMOLKOODFFHIEC-WKILWMFISA-N,O=C(N[C@H]1CC[C@H](CCN2CCN(c3cccc4c3OCO4)CC2)CC1)C(F)(F)F,8.308918507877031,2,0.0,2014,2014,2014,Ki,B,1
GVWRDZDVMQQZBK-GOSISDBHSA-N,O=C1CC2(CCCC2)CC(=O)N1CCCCN[C@@H]1CCc2c(F)cccc2C1,8.306273051076353,1,0.0,1996,1996,1996,Ki,B,1
ZTPVZJYMOVCRTF-RUCARUNLSA-N,CC(=O)N[C@H]1CC[C@H](CCN2CCC(c3noc4cc(F)ccc34)CC2)CC1,8.304168227173308,2,0.0,2014,2014,2014,Ki,B,1
YEYNJASJMPEAEX-UHFFFAOYSA-N,CCCN(CCC)C1CCc2ncccc2C1,8.303643611266669,1,0.0,1995,1995,1995,Ki,B,1
URKYBTISJBKTKP-UAPYVXQJSA-N,CC(=O)N[C@H]1CC[C@H](CCN2CCC(c3cccc4c3OCO4)CC2)CC1,8.30189945437661,2,0.0,2013,2013,2013,Ki,B,1
FOQMHNUCQRZHMO-IYARVYRRSA-N,Clc1cccc(N2CCN(CC[C@H]3CC[C@H](Nc4ncccn4)CC3)CC2)c1Cl,8.301029995663981,1,0.0,1998,1998,1998,Ki,B,1
ACOHJTDLJUVDNX-AQYVVDRMSA-N,O=C(N[C@H]1CC[C@H](CCN2CCN(c3ccccc3Cl)CC2)CC1)C1CCCCC1,8.301029995663981,1,0.0,1997,1997,1997,Ki,B,1
IKMVUGGIEHIWKD-BUHFOSPRSA-N,CCCN(CCC)CCCOc1ccc(-c2nc3ccccc3n2C/C=C/Cn2c(-c3ccc(OCCCN(CCC)CCC)cc3)nc3ccccc32)cc1,8.301029995663981,1,0.0,1995,1995,1995,Ki,B,1
BCTPODDQZONFKA-UHFFFAOYSA-N,Oc1cc2c(cc1Cl)CCC(CNCc1ccccc1)O2,8.301029995663981,1,0.0,1997,1997,1997,Ki,B,1
UVSLSTOAZHUYRU-UHFFFAOYSA-N,Cc1cccc(N2CCN(CCCCNC(=O)c3cc4ccccc4cn3)CC2)c1,8.301029995663981,1,0.0,2014,2014,2014,Ki,B,1
BRANQVYSEMSFOV-XUTJKUGGSA-N,CC(C)CC(=O)N[C@H]1CC[C@H](CCN2CCC(c3cccc4c3OCO4)CC2)CC1,8.301029995663981,2,0.0,2013,2013,2013,Ki,B,1
MQJQYLQPSMPNAA-UHFFFAOYSA-N,O=C(c1cc2ccccc2[nH]1)N1CCN(CCOc2cncc(Cl)c2)CC1,8.301029995663981,3,0.0,2020,2023,2023,EC50,B,2
OLWRVVHPJFLNPW-LSNLESRRSA-N,N#Cc1ccc2c(c1)CCN(CC[C@H]1CC[C@H](NC(=O)c3ccnc4ccccc34)CC1)C2,8.299989231585883,14,0.1988622208773996,2000,2017,2008,Ki,B;F,14
FAWJQUFCTSZCAC-XCZPVHLTSA-N,CS(=O)(=O)Oc1cccc2c1CC[C@H]1[C@H]2CCN1CCCCNC(=O)c1ccc(-c2ccccc2)cc1,8.299988937677888,1,0.0,1998,1998,1998,Ki,B,1
WUACSCWYLJHDBV-HNNHSTSXSA-N,CS(=O)(=O)Oc1ccc2c(c1)CN(CC[C@H]1CC[C@H](NC(=O)/C=C/c3ccc(F)cc3)CC1)C2,8.299988937677888,1,0.0,2001,2001,2001,Ki,B,1
NWSXNSLKBWYNLE-HSZRJFAPSA-N,CCCN(CCC)[C@@H]1CCc2c(ccc(CCc3ccc(Cl)cc3)c2OC)C1,8.299988937677888,1,0.0,1996,1996,1996,Ki,B,1
ZZPOVHXVOVUVQC-FCJZXJKRSA-N,CS(=O)(=O)c1cccc(/C=C/C(=O)N[C@H]2CC[C@H](CCN3CCc4cc(C#N)ccc4C3)CC2)c1,8.299988937677888,1,0.0,2000,2000,2000,Ki,B,1
RBQRPADDWAFDFX-UHFFFAOYSA-N,CCN(Cc1ccc(-c2cc(S(=O)(=O)CC)ccc2OC)[nH]1)C1CCCc2ccccc21,8.299988937677888,1,0.0,1997,1997,1997,Ki,B,1
YFRPYRGBQBMLTB-XYOKQWHBSA-N,O=C(/C=C/c1ccc2ccccc2c1)NCCCCN1CCc2ccc(OS(=O)(=O)C(F)(F)F)cc2C1,8.299988937677888,1,0.0,1999,1999,1999,Ki,B,1
QZPFGFWFHKJBJX-DHZHZOJOSA-N,O=C(/C=C/c1ccccc1)NCCCCN1CCc2ccc(OS(=O)(=O)C(F)(F)F)cc2C1,8.299988937677888,1,0.0,1999,1999,1999,Ki,B,1
PWMDANRQWZFAPB-UHFFFAOYSA-N,CCN1CCCC1c1ccc(-c2cc(S(=O)(=O)CC)ccc2OC)[nH]1,8.299988937677888,1,0.0,1996,1996,1996,Ki,B,1
ZKIPGLALAMDBLY-UHFFFAOYSA-N,COc1ccc(S(=O)(=O)C(C)C)cc1-c1ccc(CN2CCCCCC2c2ccccc2)[nH]1,8.299988937677888,1,0.0,1997,1997,1997,Ki,B,1
QKCWJUZPSFBAKW-UHFFFAOYSA-N,CN1CCc2cc(Br)c(NS(=O)(=O)c3ccc(-c4ccc(Cl)cc4)cc3)cc2CC1,8.299988937677888,1,0.0,2007,2007,2007,Ki,B,1
FJVFFJPYYUVVJU-UHFFFAOYSA-N,Cc1cnc(-c2nnc(SCCN3CCc4ccc(-c5cc(C)nn5C)cc4CC3)n2C)cn1,8.299988937677888,1,0.0,2007,2007,2007,Ki,F,1
YFWICZORWGKFIF-UHFFFAOYSA-N,Cc1cc(-c2ccc3c(c2)CCN(CCCSc2nnc(C(C)(C)C)n2C)CC3)no1,8.299988937677888,1,0.0,2007,2007,2007,Ki,F,1
AGHXSXMZVMLSGU-UHFFFAOYSA-N,Cc1nc(C)c(-c2nnc(SCCCN3CCc4ccc5oc(C(F)(F)F)nc5c4CC3)n2C)s1,8.299988937677888,1,0.0,2008,2008,2008,Ki,F,1
GGTFAVLCBBVKHN-UHFFFAOYSA-N,Cc1ccc2c(-c3nnc(SCCCN4CCc5ccc6nc(C(F)(F)F)oc6c5CC4)n3C)cccc2n1,8.299988937677888,1,0.0,2008,2008,2008,Ki,F,1
HRUTWQCXFHLYSD-UHFFFAOYSA-N,Cc1ccc2c(-c3nnc(SCCCN4CCc5cc6nc(C(F)(F)C(F)(F)F)oc6cc5CC4)n3C)cccc2n1,8.299988937677888,1,0.0,2008,2008,2008,Ki,F,1
QWRZAQFQULNINP-UHFFFAOYSA-N,Cc1ccc2c(-c3nnc(SCCCN4CCc5cc6nc(N7CCCCC7)oc6cc5CC4)n3C)cccc2n1,8.299988937677888,1,0.0,2008,2008,2008,Ki,F,1
XIMQMECIXPDQER-UHFFFAOYSA-N,O=C1N(CCN2CCC(C(F)(F)F)CC2)CCN1c1cccc(OC(F)(F)F)c1,8.299988937677888,1,0.0,2009,2009,2009,Ki,F,1
NCXRDDKPZUSAQF-QRTMHTFLSA-N,COc1cccc(N2CCN(CCN(C)C[C@]34CC[C@H](CC3)C4(C)C)C2=O)c1,8.299988937677888,2,0.0,2009,2009,2009,Ki,B;F,2
XRCOCSDAHSAQTP-UHFFFAOYSA-N,O=C1N(CCN2CCCCCC2)CCN1c1cccc(Cl)c1,8.299988937677888,1,0.0,2010,2010,2010,Ki,F,1
JEBLLBOUXXZBPR-UHFFFAOYSA-N,Cc1ncoc1-c1nnc(SCCCN2CC3CC3(c3cccc(F)c3)C2)n1C,8.299988937677888,3,1.0969609066909967,2010,2010,2010,Ki,F,1
DHOZKKHZCBDGEK-UHFFFAOYSA-N,COc1ccc(C23CC2CN(CCCSc2nnc(-c4ocnc4C)n2C)C3)cc1Cl,8.299988937677888,3,0.9865915521848323,2010,2010,2010,Ki,F,1
AVTONHYDPSFOLQ-UHFFFAOYSA-N,COc1ccc(C23CC2CN(CCCSc2nnc(-c4ocnc4C)n2C)C3)cc1,8.299988937677888,3,0.888840060205196,2010,2010,2010,Ki,F,1
LCSARSYDEHXRBQ-UHFFFAOYSA-N,Cc1ncoc1-c1nnc(SCCCN2CC3CC3(c3cccc(Cl)c3)C2)n1C,8.299988937677888,3,0.6110309510187724,2010,2010,2010,Ki,F,1
NZOQVGKUAPXCFT-NQIIRXRSSA-N,CCCCc1ccc(S(=O)(=O)Nc2ccc([C@]34CNC[C@H]3C4)cc2)cc1,8.299988937677888,1,0.0,2010,2010,2010,Ki,F,1
SSMBSCUSIUNOPU-UHFFFAOYSA-N,Cc1ncoc1-c1nnc(SCCCN2CCC3(CCc4cc(Br)ccc43)C2)n1C,8.299988937677888,1,0.0,2010,2010,2010,Ki,F,1
BRJGIZVBTXYEBD-UHFFFAOYSA-N,O=Cc1cc2cc(OCCCCN3CCN(c4cccc(Cl)c4Cl)CC3)ccn2n1,8.299988937677888,3,0.04541776913220299,2014,2014,2014,EC50;Ki,B;F,1
ADUUVPPWHWVJFK-UHFFFAOYSA-N,COc1ccccc1N1CCN(CCCCc2cn(-c3ccccc3)nn2)CC1,8.296951427762949,2,0.043770919930081933,2015,2015,2015,Ki,B,2
TZFNGJBTMKSJFD-UHFFFAOYSA-N,Clc1cccc(N2CCN(CCCCc3cn(-c4ccc5c(c4)Cc4ccccc4-5)nn3)CC2)c1Cl,8.296708621881338,1,0.0,2015,2015,2015,Ki,B,1
XPKWZBRQMHEAAX-KESTWPANSA-N,O=C(CC1CC1)N[C@H]1CC[C@H](CCN2CCN(c3nccc4c3CCO4)CC2)CC1,8.294992040666664,1,0.0,2013,2013,2013,Ki,B,1
CXKSEZNDLPVFPJ-UHFFFAOYSA-N,Cn1c(SCCCN2CC3CCN(c4ccccc4C(F)(F)F)C3C2)nnc1-c1ccccn1,8.294935786283036,2,0.007146235235324796,2016,2019,2017,Ki,B,2
BUSRXNBLQQVZCO-NRFANRHFSA-N,CCOc1ccccc1N1CCN(CCC[C@H]2CC(c3ccc(OC)c(OC)c3)=NO2)CC1,8.292429823902063,1,0.0,2007,2007,2007,Ki,B,1
OPHBHUMUNHDPAE-AFARHQOCSA-N,O=S(=O)(N[C@H]1CC[C@H](CCN2CCC(c3cccc4c3CCO4)CC2)CC1)c1ccccc1,8.292429823902063,2,0.0,2014,2014,2014,Ki,B,1
VIYAPIMIOKKYNF-UHFFFAOYSA-N,NC1CCc2ccc(O)cc2C1,8.290730039024169,1,0.0,1996,1996,1996,Ki,B,1
QOJAXHPIIVARQJ-SAIGFBBZSA-N,O=C(N[C@H]1CC[C@H](CCN2CCC(c3cccc4c3OCO4)CC2)CC1)N1CCc2ccccc21,8.290730039024169,2,0.0,2013,2013,2013,Ki,B,1
LKIZJVWLCHAZTJ-AVRDEDQJSA-N,Cn1c(SCCCN2CC[C@]3(C[C@H]3c3ccc(C(F)(F)F)cc3)C2)nnc1-c1ccncn1,8.289967300934247,1,0.0,2016,2016,2016,Ki,B,1
ABNHJZFZKGLSKZ-UHFFFAOYSA-N,CC1C(SCCCN2CC3CCN(c4ccccc4C(F)(F)F)C3C2)=NN=C1c1ccccc1,8.289882634888183,1,0.0,2020,2020,2020,Ki,B,1
SKIYXMOTQIREJJ-XUTJKUGGSA-N,CCCC(=O)N[C@H]1CC[C@H](CCN2CCC(c3cccc4c3CCO4)CC2)CC1,8.28735029837279,2,0.0,2014,2014,2014,Ki,B,1
PAZGGYGNWVGTBZ-RZDIXWSQSA-N,O=C(CC(F)(F)F)N[C@H]1CC[C@H](CCN2CCC(c3noc4cc(F)ccc34)CC2)CC1,8.284916329305073,2,0.0,2014,2014,2014,Ki,B,1
ICDUPLIIKZSMRC-XGAFWQRZSA-N,O=C(CC1COC1)N[C@H]1CC[C@H](CCN2CCC(c3cccc4c3OCO4)CC2)CC1,8.284832642151542,2,0.0,2013,2013,2013,Ki,B,1
HBUZHZJOHCSLDL-SOAUALDESA-N,COc1ccccc1N1CCN(CCCCNC(=O)[C@H]2CC[C@H](c3ccccc3)CC2)CC1,8.284268260204176,2,0.2605728408436222,2005,2005,2005,Kd;Ki,B;F,1
GDILZWFRCXVWFM-UHFFFAOYSA-N,COc1ccc(-c2cc(CCCCN3CCN(c4ccccc4OC)CC3)on2)cc1OC,8.2839966563652,1,0.0,2002,2002,2002,Ki,B,1
YZFYEFKQLBLPFJ-ALOJWSFFSA-N,Cc1ccc(N2CCN(CC[C@H]3CC[C@H](NC(=O)C4CCCCC4)CC3)CC2)cc1C,8.2839966563652,1,0.0,1997,1997,1997,Ki,B,1
FTSUPYGMFAPCFZ-ZWNOBZJWSA-N,CCCN1CCC[C@@H]2Cc3n[nH]cc3C[C@H]21,8.2839966563652,55,0.7433717279254941,1999,2023,2014,EC50;IC50;Ki,B;F,35
IMCPEGAWOYJDMH-UHFFFAOYSA-N,O=C(NCCCCN1CCN(c2cccc(Cl)c2Cl)CC1)c1cc2cc(F)ccc2[nH]1,8.2839966563652,4,1.2381451880573822,2003,2015,2012,IC50;Ki,B;F,3
LJKVVPJFMUCTIV-UHFFFAOYSA-N,O=C(NCCCCN1CCN(c2ccccc2OCCF)CC1)c1ccc(OCCOCCOCCF)cc1,8.2839966563652,1,0.0,2011,2011,2011,Ki,B,1
CNRWQWXTVCUGCK-AQYVVDRMSA-N,CC(C)CC(=O)N[C@H]1CC[C@H](CCN2CCC(c3cccc4c3CCO4)CC2)CC1,8.2839966563652,2,0.0,2014,2014,2014,Ki,B,1
BVAQJIHTMVINPX-YLJYHZDGSA-N,COc1ccc2c(c1)[C@H]1OCCN(CCCCNC(=O)c3ccco3)[C@@H]1CO2,8.2839966563652,1,0.0,2021,2021,2021,Ki,B,1
LJXBPSXSJHVHOV-UHFFFAOYSA-N,Cc1ncoc1-c1nnc(SCCCN2CC3CCN(c4ccc(Cl)cc4Cl)C3C2)n1C,8.279840696594043,3,0.011632592413455484,2016,2020,2019,Ki,B,3
CAVOXTSDVAGWFI-NQIIRXRSSA-N,Cn1c(SCCCN2C[C@H]3CCN(c4ccc(C(F)(F)F)cc4)[C@H]3C2)nnc1C1CCOCC1,8.279840696594043,2,0.0,2019,2020,2019,Ki,B,2
STIWHEMFVTWALB-LAUBAEHRSA-N,Cn1c(SCCCN2C[C@@H]3CCN(c4ccc(C(F)(F)F)cc4)[C@@H]3C2)nnc1-c1ccc(=O)n(C)c1,8.279840696594043,3,0.052003794689807516,2019,2020,2019,Ki,B,2
ZFSOBPVEIKTNQS-CHWSQXEVSA-N,CCCN1COC[C@@H]2c3cc(O)ccc3OC[C@H]21,8.279293839888307,2,0.960694329381988,1996,1999,1997,Ki,B,2
AZFDKPLHCSQHQI-LUGTWXOSSA-N,CO[C@@H]1CC[C@@H](CC(=O)N[C@H]2CC[C@H](CCN3CCC(c4cccc5c4OCO5)CC3)CC2)C1,8.276544327964814,2,0.0,2013,2013,2013,Ki,B,1
RIOOLQVLOZQLQJ-ZDUSSCGKSA-N,CCCN(CCC)[C@H]1CCn2c(C=O)ccc2C1,8.275724130399212,9,0.8826473027264379,2001,2005,2005,EC50;Ki,B,3
LUZRJRNZXALNLM-JGRZULCMSA-N,CN1C[C@H](C(=O)N[C@]2(C)O[C@@]3(O)[C@@H]4CCCN4C(=O)[C@H](Cc4ccccc4)N3C2=O)C[C@@H]2c3cccc4[nH]cc(c34)C[C@H]21,8.272784179091508,3,0.6436971473229885,2024,2024,2024,IC50;Ki,B,2
MOHZYINNROZMOQ-YLIUREIVSA-N,O=C(N[C@H]1CC[C@H](CCN2CCC(c3cccc4c3CCO4)CC2)CC1)c1ccc(-c2cccnc2)cc1,8.271646217978772,2,0.0,2014,2014,2014,Ki,B,1
WLQPRUMGPAOCRW-VXKWHMMOSA-N,CCCN(CCc1cc(O)c(CCN(CCC)[C@H]2CCc3nc(N)sc3C2)cc1O)[C@H]1CCc2nc(N)sc2C1,8.27083521030723,1,0.0,2023,2023,2023,EC50,B,1
AJEQJTPMMJPNLR-NQIIRXRSSA-N,Cn1c(SCCCN2C[C@H]3CCN(c4ccc(F)cc4)[C@H]3C2)nnc1C1CCOCC1,8.270025714300445,2,0.0,2019,2020,2019,Ki,B,2
ZPEIMTDSQAKGNT-UHFFFAOYSA-N,CN(C)CCCN1c2ccccc2Sc2ccc(Cl)cc21,8.268692454564405,12,0.30268975315043983,2003,2023,2014,IC50;Ki,B,9
TUVRDSTTWFDDHW-UHFFFAOYSA-N,O=C1Cc2c(cccc2N2CCN(Cc3ccccc3)CC2)N1,8.267606240177031,2,0.0,1998,2013,2005,Ki,B,2
ICAXEUYZCLRXKY-UHFFFAOYSA-N,O=c1c(CO)coc2cc(OCCCN3CCC(c4noc5cc(F)ccc45)CC3)ccc12,8.267606240177031,1,0.0,1998,1998,1998,Ki,B,1
BKNMXUNXXKWRNR-UHFFFAOYSA-N,CC(C)(C)c1nc(N2CCN(CCCCn3cc(C(F)(F)F)c(=O)[nH]c3=O)CC2)cc(C(F)(F)F)n1,8.267606240177031,1,0.0,2006,2006,2006,Ki,B,1
CRVXXEZDJABOJD-UHFFFAOYSA-N,COc1ccccc1N1CCN(CCCCOc2ccc3ccc(=O)[nH]c3c2)CC1,8.267606240177031,1,0.0,2011,2011,2011,Ki,B,1
IDLCGPWMKHMBHA-YEMPIKNUSA-N,O=C(CC1COCCO1)N[C@H]1CC[C@H](CCN2CCC(c3cccc4occc34)CC2)CC1,8.267606240177031,2,0.0,2014,2014,2014,Ki,B,1
TZDYPFYPZGPSPS-MOPGFXCFSA-N,C=CCN1C[C@@H](OCCCN)C[C@@H]1CNC(=O)c1cc(CCCF)cc(OC)c1OC,8.2669370647909,2,0.47393538777087596,2023,2023,2023,IC50;Ki,B,1
ZCTVOGWWMHRQLN-ONEGZZNKSA-N,O=C(NC/C=C/CN1CCN(c2cccc(Cl)c2Cl)CC1)c1ccc2c(c1)Cc1ccccc1-2,8.265088992010918,8,0.9793926312033048,2003,2013,2005,EC50;IC50;Ki,B;F,5
YZNCNHWANPBHMC-UHFFFAOYSA-N,COc1ccccc1N1CCN(CCCCn2cc(-c3ccc4[nH]ccc4c3)nn2)CC1,8.261219441515632,1,0.0,2015,2015,2015,Ki,B,1
ZIQDGXNDXRMRPM-JTSKRJEESA-N,Cc1ncoc1-c1nnc(SCCCN2CC[C@]3(C[C@H]3c3ccc(C(F)(F)F)cc3F)C2)n1C,8.259985110615698,2,0.32527813699948915,2016,2016,2016,Ki,B,1
LNEPOXFFQSENCJ-UHFFFAOYSA-N,O=C(CCCN1CCC(O)(c2ccc(Cl)cc2)CC1)c1ccc(F)cc1,8.259637310505756,63,0.5817308052009763,1993,2024,2009,EC50;IC50;Kd;Ki,A;B;F,55
PCPMHRDGGJEPAZ-UHFFFAOYSA-N,CC(C)(C)CNC(=O)NCCCCN1CCN(c2cc(C(F)(F)F)nc(C(C)(C)C)n2)CC1,8.259637310505756,1,0.0,2006,2006,2006,Ki,B,1
QIMGMHULMOXSPU-UHFFFAOYSA-N,COc1ccccc1N1CCCN(CCCCNC(=O)c2cc3ccccc3o2)CC1,8.259637310505756,1,0.0,2013,2013,2013,Ki,B,1
GSEFGWJFHUAOCL-CTTUZFCVSA-N,O=C(N[C@H]1CC[C@H](CCN2CCC(c3cccc4c3CCO4)CC2)CC1)C1CCOC1,8.259637310505756,2,0.0,2014,2014,2014,Ki,B,1
VWXWDHIJTXVFHJ-UHFFFAOYSA-N,O=Cc1ccc(-c2ccccc2OCF)cc1,8.259637310505756,1,0.0,2022,2022,2022,Ki,B,1
LOHWYFHMCSFPRU-UHFFFAOYSA-N,Cc1ncsc1-c1nnc(SCCCN2CC3CCN(c4ccc(C(F)(F)F)cc4)C3C2)n1C,8.259637310505756,2,0.0,2019,2020,2019,Ki,B,2
VFSAAGKCBXDENJ-KESTWPANSA-N,CC(C)(O)C(=O)N[C@H]1CC[C@H](CCN2CCC(c3coc4ccccc34)CC2)CC1,8.258848401148216,2,0.0,2014,2014,2014,Ki,B,1
CEUORZQYGODEFX-UHFFFAOYSA-N,O=C1CCc2ccc(OCCCCN3CCN(c4cccc(Cl)c4Cl)CC3)cc2N1,8.258737567410963,28,0.4400142856651729,2007,2022,2017,EC50;IC50;Ki,B;F,22
NGCKUAWDNUFNBB-UHFFFAOYSA-N,O=C1CCc2ccc(OCCCCN3CCCN(c4cccc(Cl)c4Cl)CC3)cc2N1,8.258563208195623,2,0.6543328435843184,2015,2017,2016,Ki,B,2
FZFIBSDQQKUERM-UHFFFAOYSA-N,COc1ccccc1N1CCN(CCCCn2cc(-c3ccc4c(c3)Cc3ccccc3-4)nn2)CC1,8.255707016877324,1,0.0,2015,2015,2015,Ki,B,1
PYPHZFKZPWVUSJ-UHFFFAOYSA-N,CCCN(CCN1CCN(c2ccc(O)c3ncccc23)CC1)C1CCc2ccc(O)cc2C1,8.254144804826272,1,0.0,2010,2010,2010,Ki,B,1
BHVASJSYMURYLK-UHFFFAOYSA-N,C#Cc1cccc(C(=O)NCCCCCN2CCN(c3cccc(Cl)c3Cl)CC2)c1,8.2518119729938,1,0.0,2007,2007,2007,Ki,B,1
QXYZJXCNTMMWEO-BERHBOFZSA-N,CCCN(CC[C@]1(O)C[C@H](NC(=O)c2ccc3ccccc3c2)C1)[C@H]1CCc2nc(N)sc2C1,8.2518119729938,5,0.46708905517559934,2011,2020,2020,EC50;Ki,B;F,2
GMWBGMFGQFHAIE-HNKWHGCMSA-N,O=C(N[C@H]1CC[C@H](CCN2CCC(c3cccc4c3CCO4)CC2)CC1)c1ccc(N2CCS(=O)(=O)CC2)cc1,8.250263684430939,2,0.0,2014,2014,2014,Ki,B,1
RLIMJSGHBMXEDY-UHFFFAOYSA-N,Cn1c(SCCCN2CC3CCN(c4ccccc4C(F)(F)F)C3C2)nnc1-c1ccncc1,8.250263684430939,3,0.028708888347648436,2016,2020,2019,Ki,B,3
OBGOWZOSTXHAGD-UHFFFAOYSA-N,O=C(NCCCCN1CCN(c2cccc(Cl)c2Cl)CC1)c1cc2cc(I)ccc2o1,8.244125144327509,3,1.3211607069859135,2004,2009,2009,IC50;Ki,B;F,2
AYOYRQBAZIBAOY-UHFFFAOYSA-N,COc1ccccc1N1CCN(CCCOc2ccc3ccc(=O)[nH]c3c2)CC1,8.244125144327509,1,0.0,2011,2011,2011,Ki,B,1
SMYZAAOKKUETMB-SAIGFBBZSA-N,O=C(CC1CCOCC1)N[C@H]1CC[C@H](CCN2CCC(c3cccc4occc34)CC2)CC1,8.244125144327509,2,0.0,2014,2014,2014,Ki,B,1
MLKJSRUZFXLXTL-KESTWPANSA-N,CCCC(=O)N[C@H]1CC[C@H](CCN2CCC(c3cccc4c3OCO4)CC2)CC1,8.244125144327509,2,0.0,2013,2013,2013,Ki,B,1
SJSVMGMRQLCIER-UHFFFAOYSA-N,CCCN1CCN(c2ccc3c(c2)N(S(=O)(=O)c2ccccc2)CC3)CC1,8.244125144327509,1,0.0,2016,2016,2016,Ki,B,1
ONXKQTHNJXTCGP-OJBMAJLDSA-N,O=C(N[C@H]1CC[C@H](CCN2CCC(c3coc4ccccc34)CC2)CC1)c1ccc(-n2cccn2)cc1,8.24184537803261,2,0.0,2014,2014,2014,Ki,B,1
VWGPRFQVSJZKGC-OKDASEJXSA-N,O=C(N[C@H]1CC[C@H](CCN2CCC(c3noc4cc(F)ccc34)CC2)CC1)c1ccnc(N2CCOCC2)c1,8.240558802866303,2,0.0,2014,2014,2014,Ki,B,1
LSEKXOSZIOVUOY-XLIONFOSSA-N,Cc1ncoc1-c1nnc(SCCCN2C[C@H]3CCCN(c4ccc(C(F)(F)F)cc4)[C@H]3C2)n1C,8.24033215531037,1,0.0,2019,2019,2019,Ki,B,1
LSEKXOSZIOVUOY-FXAWDEMLSA-N,Cc1ncoc1-c1nnc(SCCCN2C[C@@H]3CCCN(c4ccc(C(F)(F)F)cc4)[C@@H]3C2)n1C,8.24033215531037,1,0.0,2020,2020,2020,Ki,B,1
KLBQZWRITKRQQV-UHFFFAOYSA-N,CSc1ccc2c(c1)N(CCC1CCCCN1C)c1ccccc1S2,8.239188307460449,2,0.3315940695070914,,,,IC50;Ki,B,1
AAPCMUAAQFZHRZ-WOIUINJBSA-N,CC(C)[C@@H](O)C(=O)N[C@H]1CC[C@H](CCN2CCN(c3cccc4c3OCO4)CC2)CC1,8.238824186844269,2,0.0,2014,2014,2014,Ki,B,1
WTRUJFPMRUJYBV-YONZVVFSSA-N,C/C=C/CC(=O)N[C@H]1CC[C@H](CCN2CCC(c3cccc4c3CCO4)CC2)CC1,8.237321436272564,2,0.0,2014,2014,2014,Ki,B,1
CBQSITUTOXWCDZ-KESTWPANSA-N,COCCC(=O)N[C@H]1CC[C@H](CCN2CCC(c3cccc4c3OCO4)CC2)CC1,8.235077015350111,2,0.0,2013,2013,2013,Ki,B,1
XKTRZPQOQOCNJU-HUUCEWRRSA-N,CCCN1CCO[C@@H]2c3cc(C(N)=O)ccc3CC[C@H]21,8.235003368406854,2,0.5727162476425306,2009,2009,2009,EC50;Ki,B;F,1
OYQMOAPXBDHMCQ-URLMMPGGSA-N,C=CCN1C[C@H](OCCCNC(=O)c2ccc(-c3ccsc3)cc2)C[C@H]1CNC(=O)c1cc(CCCF)cc(OC)c1OC,8.234132845361724,2,0.2016921178454229,2023,2023,2023,IC50;Ki,B,1
HRFJJRGWVMXDND-UHFFFAOYSA-N,OC(CCn1cc(-c2ccc3[nH]ccc3c2)nn1)CN1CCN(c2cccc(Cl)c2Cl)CC1,8.232844133917819,1,0.0,2015,2015,2015,Ki,B,1
OZTXHPJAKOCEFC-RUCARUNLSA-N,CCS(=O)(=O)N[C@H]1CC[C@H](CCN2CCC(c3noc4cc(F)ccc34)CC2)CC1,8.232695682546726,2,0.0,2014,2014,2014,Ki,B,1
AAUYCVIXPYMWAL-LBZQVFOQSA-N,O=S(=O)(N[C@H]1CC[C@H](CCN2CCC(c3noc4cc(F)ccc34)CC2)CC1)c1ccc(Cl)cc1,8.231583911783668,2,0.0,2014,2014,2014,Ki,B,1
ATOMZLGTVBAGNB-UHFFFAOYSA-N,COc1ccccc1N1CCN(CCCCn2cc(-c3ccc(-c4ccccc4)cc3)nn2)CC1,8.230622673923861,1,0.0,2015,2015,2015,Ki,B,1
YXORYFHPDVVIAR-FXCIWXGGSA-N,O=C(N[C@H]1CC[C@H](CCN2CCC(c3coc4ccccc34)CC2)CC1)C1CCCOC1,8.230622673923861,2,0.0,2014,2014,2014,Ki,B,1
PIZUPLOSIUAOMH-UHFFFAOYSA-N,OCc1cc2cc(OCCCCN3CCN(c4cccc(Cl)c4Cl)CC3)ccn2n1,8.230032198670557,3,0.37901139962033736,2014,2014,2014,EC50;Ki,B;F,1
QCALWRVXYCHRSG-QUCCMNQESA-N,Cc1ncoc1-c1nnc(SCCCN2C[C@H]3CCN(c4cccc(C#N)c4)[C@H]3C2)n1C,8.229884705212898,2,0.0,2019,2020,2019,Ki,B,2
PMZOPKCHYGDQPO-QFIPXVFZSA-N,Cn1c(SCCCN2CCO[C@H](c3ccc(C(F)(F)F)cc3)C2)nnc1-c1ccc(-c2ncco2)cc1,8.229884705212898,1,0.0,2020,2020,2020,Ki,B,1
NCIZVSJVBWAJQR-UHFFFAOYSA-N,O=Cc1c(OCCCCN2CCN(c3cccc(Cl)c3Cl)CC2)nn2ccccc12,8.229147988357855,1,0.0,2014,2014,2014,Ki,B,1
ZJQBHEYWXVCZGD-UHFFFAOYSA-N,O=C(CCc1cn(CCCCCCCCCCn2cc(CCC(=O)OC3(c4ccc(Cl)cc4)CCN(CCCC(=O)c4ccc(F)cc4)CC3)nn2)nn1)OC1(c2ccc(Cl)cc2)CCN(CCCC(=O)c2ccc(F)cc2)CC1,8.229147988357855,1,0.0,2014,2014,2014,Ki,B,1
JNRGVRLFICIPND-UHFFFAOYSA-N,CCCN1CCN(c2ccc(O)c3c2OCC(=O)N3)CC1,8.229147988357855,1,0.0,2017,2017,2017,Ki,B,1
CAXPEQKWERDGFO-UHFFFAOYSA-N,CC(C)(C)c1nc(N2CCN(CCCCNC(=O)N3CCN(c4cccnc4)CC3)CC2)cc(C(F)(F)F)n1,8.229147988357855,2,0.0,2017,2018,2017,Ki,B,2
KSZBKOKLZQIWFH-UHFFFAOYSA-N,COc1cccc(C(=O)NC2CCN(Cc3ccc(F)cc3)CC2)c1OC,8.228412519118745,1,0.0,1993,1993,1993,Ki,B,1
TYMYSUSJLROMAC-RUCARUNLSA-N,O=C(N[C@H]1CC[C@H](CCN2CCC(c3noc4cc(F)ccc34)CC2)CC1)C1(O)CC1,8.227971834675145,2,0.0,2014,2014,2014,Ki,B,1
TVKYQCPWDDYVLL-KESTWPANSA-N,CC(C)(O)CC(=O)N[C@H]1CC[C@H](CCN2CCC(c3cccc4c3OCO4)CC2)CC1,8.22767829327708,2,0.0,2013,2013,2013,Ki,B,1
KHTOBAZDVUSQIH-PGWJBFNOSA-N,O=C(N[C@H]1CC[C@H](CCN2CCC(c3noc4ccc(F)cc34)CC2)CC1)c1ccc(N2CCS(=O)(=O)CC2)cc1,8.22650610772903,2,0.0,2014,2014,2014,Ki,B,1
ZOLLYWYZUBUMOY-UHFFFAOYSA-N,COc1ccccc1N1CCN(CCCCc2cc(-c3cccc([N+](=O)[O-])c3)no2)CC1,8.221848749616356,1,0.0,2002,2002,2002,Ki,B,1
JMLMUVQDRNZKFK-JKIUYZKVSA-N,O=C(N[C@H]1CC[C@H](CCN2CCN(c3cccc(Cl)c3)CC2)CC1)C1CCCCC1,8.221848749616356,1,0.0,1997,1997,1997,Ki,B,1
DUKNIHFTDAXJON-ORPLUIKVSA-N,C[C@H]1C[C@H](C)N1C(=O)[C@@H]1C=C2c3cccc4[nH]cc(c34)CC2N(C)C1,8.221848749616356,1,0.0,2002,2002,2002,Ki,B,1
ULYVPXBJTVSSBH-UHFFFAOYSA-N,COc1cccc2c1C1CCN(CCCCNC(=O)C3=Cc4ccccc4CN3)CC1=N2,8.221848749616356,1,0.0,2009,2009,2009,Ki,B,1
WKCSANGLEHNNKN-KBQPQWKXSA-N,O=C(C[C@H]1CC[C@H](O)CC1)N[C@H]1CC[C@H](CCN2CCN(c3nccc4sccc34)CC2)CC1,8.221848749616356,1,0.0,2013,2013,2013,Ki,B,1
SUBVUQDWHHIJCY-AQYVVDRMSA-N,CC(C)(C)CC(=O)N[C@H]1CC[C@H](CCN2CCC(c3cccc4c3CCO4)CC2)CC1,8.221848749616356,2,0.0,2014,2014,2014,Ki,B,1
NIASBGFPTRNZRV-FCMXBYMOSA-N,CN1CCN(c2ccc(C(=O)N[C@H]3CC[C@H](CCN4CCC(c5cccc6c5CCO6)CC4)CC3)cc2)CC1,8.221848749616356,2,0.0,2014,2014,2014,Ki,B,1
SNZRMVSWDNWUOY-WGSAOQKQSA-N,O=C(N[C@H]1CC[C@H](CCN2CCN(c3cccc4c3OCO4)CC2)CC1)C1(O)CCC1,8.221848749616356,2,0.0,2014,2014,2014,Ki,B,1
HOFXBWNODSOCNI-KESTWPANSA-N,CC(=O)N[C@H]1CC[C@H](CCN2CCC(c3cccc4c3CCO4)CC2)CC1,8.221848749616356,2,0.0,2014,2014,2014,Ki,B,1
KQMNZZIIXVDTBN-NYVOZVTQSA-N,CC1(C)OC[C@H](CC(=O)N[C@H]2CC[C@H](CCN3CCC(c4noc5cc(Cl)ccc45)CC3)CC2)O1,8.221848749616356,2,0.0,2014,2014,2014,Ki,B,1
YUMQWMQAMSUQRF-QLVKKYPMSA-N,CO[C@]1(C)CC[C@@H](CC(=O)N[C@H]2CC[C@H](CCN3CCC(c4noc5cc(Cl)ccc45)CC3)CC2)CC1,8.221848749616356,2,0.0,2014,2014,2014,Ki,B,1
JIZQRMQHJXHWIA-WFXMLNOXSA-N,CO[C@@H](C)CC(=O)N[C@H]1CC[C@H](CCN2CCC(c3noc4cc(Cl)ccc34)CC2)CC1,8.221848749616356,2,0.0,2014,2014,2014,Ki,B,1
ZDDZCFWJYDZNBA-UHFFFAOYSA-N,O=C(NCCCCN1CCC(=C2c3ccc(Cl)cc3CCc3cccnc32)CC1)c1ccc2ccccc2c1,8.22112552799726,1,0.0,2007,2007,2007,Ki,B,1
DHOCETPWLQILEE-SNAWJCMRSA-N,O=C(NC/C=C/CN1CCN(c2cccc(Cl)c2Cl)CC1)c1ccccc1,8.220403508742175,5,0.5212822278159088,2003,2005,2005,IC50;Ki,B;F,3
AAPXNHMQKBDDJN-PGRDOPGGSA-N,Cc1ncoc1-c1nnc(SCCCN2CC[C@@]3(C[C@H]3c3ccccc3)C2)n1C,8.220013998216086,2,0.05659442970869655,2016,2016,2016,Ki,B;F,1
MNAFRWGRFIBAQX-AVRDEDQJSA-N,Cc1ncoc1-c1nnc(SCCCN2CC[C@]3(C[C@H]3c3ccc(C(F)(F)F)cc3)C2)n1C,8.220006492043742,2,0.2545603226575071,2016,2016,2016,Ki,B,1
YEDLOLJNNJYOJS-UHFFFAOYSA-N,CN(C)C(=O)N1CCC(CCN2CCN(c3cccc(Cl)c3Cl)CC2)CC1,8.219970872662662,3,0.4462995986620106,2023,2023,2023,EC50;Ki,B;F,1
FWRKTWHTQZRAPD-FCMXBYMOSA-N,CN1CCN(c2ccc(C(=O)N[C@H]3CC[C@H](CCN4CCC(c5coc6ccccc56)CC4)CC3)cc2)CC1,8.219682687859848,2,0.0,2014,2014,2014,Ki,B,1
OEJHEPOHRGSKLF-UAPYVXQJSA-N,O=C(N[C@H]1CC[C@H](CCN2CCC(c3cccc4c3OCO4)CC2)CC1)C1(O)CC1,8.215382707367125,2,0.0,2013,2013,2013,Ki,B,1
SHBKBFYVWDZZMP-UHFFFAOYSA-N,CCCN(CCC)C1CCn2ncc(Cl)c2C1,8.214670164989233,3,0.9505709030617054,2005,2005,2005,EC50;Ki,B,1
LRBUVURCWWAQQT-UHFFFAOYSA-N,O=C(NCCC(F)CN1CCN(c2cccc(Cl)c2Cl)CC1)c1cc2ccccc2o1,8.214670164989233,7,1.5066782105710215,2011,2014,2011,IC50;Kd;Ki,B;F,2
OMHCFMMNQAVKBC-BYYHNAKLSA-N,CCCN(CCCCNC(=O)/N=N/c1ccc(F)c(F)c1)C1Cc2ccccc2C1,8.214670164989233,3,0.8186242327304863,2015,2015,2015,EC50;Ki,B;F,1
NHOFKPNSQTXBJO-HCGLCNNCSA-N,O=C(N[C@H]1CC[C@H](CCN2CCC(c3cccc4c3CCO4)CC2)CC1)c1ccnc2ccccc12,8.214670164989233,2,0.0,2014,2014,2014,Ki,B,1
AWTSHTNAYPKBLJ-JKIUYZKVSA-N,O=C(CC1CCC1)N[C@H]1CC[C@H](CCN2CCC(c3cccc4c3CCO4)CC2)CC1,8.214670164989233,2,0.0,2014,2014,2014,Ki,B,1
QIVWZHLPLMDRRN-UHFFFAOYSA-N,NC(=O)c1cccc(-c2ccc(OC(=O)NCCCN3CCN(c4cccc(Cl)c4Cl)CC3)cc2)c1,8.214670164989233,3,0.481183342307731,2017,2017,2017,EC50,F,1
IPSCKONIPWPNAA-VQTJNVASSA-N,C=CCN1C[C@H](OC(=O)Nc2ccsc2)C[C@H]1CNC(=O)c1cc(CCCF)cc(OC)c1OC,8.214670164989233,1,0.0,2023,2023,2023,Ki,B,1
DMQIMKFFQYYLKW-UHFFFAOYSA-N,O=C(NCCC(O)CN1CCN(c2cccc(Cl)c2Cl)CC1)c1cc2ccccc2o1,8.213958789757445,5,0.6372808363682695,2009,2014,2009,EC50;IC50;Ki,B;F,2
VXTKAVNUVLUPMB-XUTJKUGGSA-N,O=S(=O)(N[C@H]1CC[C@H](CCN2CCC(c3cccc4c3OCO4)CC2)CC1)N1CCOCC1,8.213958789757445,2,0.0,2013,2013,2013,Ki,B,1
QXBMPTZQYXHXCG-XGAFWQRZSA-N,O=C(CC1OCCCO1)N[C@H]1CC[C@H](CCN2CCC(c3noc4cc(Cl)ccc34)CC2)CC1,8.212539525481585,2,0.0,2014,2014,2014,Ki,B,1
NICPNELNWYJWOA-AFARHQOCSA-N,O=C(N[C@H]1CC[C@H](CCN2CCC(c3cccc4c3OCO4)CC2)CC1)c1ccnc2ccccc12,8.210419287835574,2,0.0,2013,2013,2013,Ki,B,1
WAFXOAGOOZIJGE-FXAWDEMLSA-N,Cn1c(SCCCN2C[C@@H]3CCN(c4ccccc4C(F)(F)F)[C@@H]3C2)nnc1-c1ccc(=O)[nH]c1,8.209714835966759,2,0.0,2019,2020,2019,Ki,B,2
FGUAFUHOYLNTRN-UHFFFAOYSA-N,CC(C)(C)c1nc(N2CCN(CCCCCC(=O)NCc3ccccc3)CC2)cc(C(F)(F)F)n1,8.207608310501746,1,0.0,2006,2006,2006,Ki,B,1
DUIAUYDNVUUFBK-VHEBQXMUSA-N,O=C(/C=C/c1ccccc1)NCCCCN1CCN(C(c2ccccc2)c2ccccc2)CC1,8.207608310501746,1,0.0,2007,2007,2007,Ki,B,1
CQBTYAKAEVDTHI-UHFFFAOYSA-N,C#Cc1cccc(C(=O)NCCCCN2CCN(c3ccccc3OC)CC2)c1,8.207608310501746,1,0.0,2007,2007,2007,Ki,B,1
DVOOPMVLADILTK-SNAWJCMRSA-N,COc1ccccc1N1CCN(C/C=C/CNC(=O)c2ccc(OCCF)cc2)CC1,8.207608310501746,1,0.0,2011,2011,2011,Ki,B,1
JTEPYGAPOJEYIA-UHFFFAOYSA-N,COc1ccccc1N1CCN(CCCCNC(=O)c2ccc(OCCOCCF)cc2)CC1,8.207608310501746,1,0.0,2011,2011,2011,Ki,B,1
WBFWNZOPXYBZFJ-UXHICEINSA-N,C=CCN1CC[C@H](OCCCN)[C@H]1CNC(=O)c1cc(CCCF)cc(OC)c1OC,8.207608310501746,1,0.0,2023,2023,2023,Ki,B,1
DZQJENLKOBURPM-XZOQPEGZSA-N,C=CCN1C[C@H](OC(=O)NCc2ccccc2)C[C@H]1CNC(=O)c1cc(CCCF)cc(OC)c1OC,8.207608310501746,1,0.0,2023,2023,2023,Ki,B,1
FEXBUZQQTXAUHH-HCGLCNNCSA-N,Cc1ccc(S(=O)(=O)N[C@H]2CC[C@H](CCN3CCC(c4coc5ccccc45)CC3)CC2)cc1,8.204815410317575,2,0.0,2014,2014,2014,Ki,B,1
CMEKWJGRDHWQSI-UHFFFAOYSA-N,COc1ccccc1N1CCN(CCCCNC(=O)c2ccc(-c3ccc(Cl)cc3)o2)CC1,8.200659450546418,1,0.0,2003,2003,2003,Ki,B,1
IPVPEZGOUYWZAJ-UHFFFAOYSA-N,CCCN1CCN(c2cccc(Cl)c2Cl)CC1,8.200659450546418,1,0.0,2012,2012,2012,Ki,B,1
QRCFVXJHTKTGJU-UHFFFAOYSA-N,COc1ccccc1N1CCN(CCCCCc2cn(-c3ccc(-c4ccsc4)cc3)nn2)CC1,8.200659450546418,1,0.0,2015,2015,2015,Ki,B,1
HAABFBIZZCRWSI-UHFFFAOYSA-N,O=C(NCCCCN1CCN(c2cccc(Cl)c2Cl)CC1)Oc1ccccc1,8.200659450546418,1,0.0,2016,2016,2016,EC50,F,1
YBSUKYVKWAEWJF-UHFFFAOYSA-N,COc1cc2c(cc1O)CN(CCCCNC(=O)c1ccc(C#N)cc1)CC2,8.200659450546418,3,1.3549183869026504,2018,2021,2018,EC50;Ki,B;F,2
BQFKTGZILBPMOY-PGWJBFNOSA-N,CS(=O)(=O)c1ccc2c(c1)CCN(CC[C@H]1CC[C@H](NC(=O)c3cccc4ccccc34)CC1)CC2,8.199970640755865,1,0.0,2003,2003,2003,Ki,B,1
XXKFENINNOPLPU-MGFGWZDJSA-N,Cc1ncc(-c2cccc(C(=O)N[C@H]3CC[C@H](CCN4CCc5ccc(S(C)(=O)=O)cc5CC4)CC3)c2)o1,8.199970640755865,1,0.0,2003,2003,2003,Ki,B,1
PRDRZXROMYANHC-YTMVLYRLSA-N,CS(=O)(=O)Oc1cccc2c1CC[C@H]1[C@H]2CCCN1CCCCNC(=O)c1ccc(-c2ccccc2)cc1,8.199970640755865,1,0.0,1998,1998,1998,Ki,B,1
AJHTXXXNOZVOOI-HSZRJFAPSA-N,CCCN(CCC)[C@@H]1CCc2c(ccc(CCc3ccc(C(F)(F)F)cc3)c2OC)C1,8.199970640755865,1,0.0,1996,1996,1996,Ki,B,1
PNTBTATXSREBKG-UHFFFAOYSA-N,CCCN(CCC)C1CCc2cc(CN(C(=O)OC)c3ccc(OC)cc3)ccc2C1,8.199970640755865,1,0.0,1996,1996,1996,Ki,B,1
NKONARVCMJMDHP-UHFFFAOYSA-N,N#Cc1ccc2c(c1)C1CN(Cc3ccccc3)CC1CC2,8.199970640755865,1,0.0,1999,1999,1999,Ki,B,1
UVDIFPYXVNSROD-QAPCUYQASA-N,N#Cc1ccc2c(c1)[C@H]1CN(Cc3ccc(F)cc3)C[C@@H]1CO2,8.199970640755865,1,0.0,1999,1999,1999,Ki,B,1
JLHYDFVXCXCPKN-FUHWJXTLSA-N,N#Cc1ccc2c(c1)[C@@H]1CN(Cc3ccccc3)C[C@H]1CO2,8.199970640755865,1,0.0,1999,1999,1999,Ki,B,1
PJYLRRSJBZGONV-UHFFFAOYSA-N,CCN(Cc1ccc(-c2cc(S(=O)(=O)CC)ccc2OC)[nH]1)Cc1ccccc1Cl,8.199970640755865,1,0.0,1997,1997,1997,Ki,B,1
NMOIRTBGCJKGJY-UHFFFAOYSA-N,O=C(NCCCCN1CCN(c2ccccc2)CC1)c1ccc(Br)cc1,8.199970640755865,1,0.0,1995,1995,1995,Ki,B,1
UNRHXEPDKXPRTM-UHFFFAOYSA-N,CCN1CCCC1CNC(=O)c1cc(S(=O)(=O)CC)ccc1OC,8.199970640755865,1,0.0,1996,1996,1996,Ki,B,1
FGNNTMOHGQLEJO-HTENBUITSA-N,N#Cc1ccc2c(c1)CCN(CC[C@H]1CC[C@H](NC(=O)/C=C/c3ccc(F)cc3)CC1)CC2,8.199970640755865,1,0.0,2000,2000,2000,Ki,B,1
GPTQQMCUGXMPIE-OGAOHHHESA-N,N#Cc1ccc2c(c1)CCN(CC[C@H]1CC[C@H](NC(=O)c3ccc4c(c3)NC(=O)CO4)CC1)CC2,8.199970640755865,1,0.0,2000,2000,2000,Ki,B,1
LRAKDNHVXFFUJJ-KVSPAWLASA-N,N#Cc1ccc2c(c1)CCN(CC[C@H]1CC[C@H](NC(=O)/C=C/c3cccc(F)c3)CC1)CC2,8.199970640755865,1,0.0,2000,2000,2000,Ki,B,1
WLLDCVHJRCZONV-UHFFFAOYSA-N,COc1ccc(S(=O)(=O)N(C)c2ccccc2)cc1-c1ccc(CN2CCCCCC2c2ccccc2)[nH]1,8.199970640755865,1,0.0,1997,1997,1997,Ki,B,1
ZFGRMWBYHAUOCE-UHFFFAOYSA-N,CCN(Cc1ccccc1)S(=O)(=O)c1ccc(OC)c(-c2ccc(CN3CCCCCC3c3ccccc3)[nH]2)c1,8.199970640755865,1,0.0,1997,1997,1997,Ki,B,1
HBQUUZVSFQDTPW-UHFFFAOYSA-N,COc1ccc(S(=O)(=O)N2CCCc3ccccc32)cc1-c1ccc(CN2CCCCCC2c2ccccc2)[nH]1,8.199970640755865,1,0.0,1997,1997,1997,Ki,B,1
UAJYHPWCBGWDNL-UHFFFAOYSA-N,Cc1cc(S(=O)(=O)Nc2ccc3c(c2)CCN(C)CC3)ccc1-c1ccc(Cl)cc1,8.199970640755865,1,0.0,2007,2007,2007,Ki,B,1
VSUKSHADZRDBII-UHFFFAOYSA-N,Cc1cc(-c2ccc3c(c2)CCN(CCCSc2nnc(-c4ccc5nc(C)c(C)nc5c4)n2C)CC3)no1,8.199970640755865,1,0.0,2007,2007,2007,Ki,F,1
CLKWUUNGQCSMKW-UHFFFAOYSA-N,Cc1cnc(-c2nnc(SCCCN3CCc4ccc5oc(C(F)(F)F)nc5c4CC3)n2C)cn1,8.199970640755865,1,0.0,2008,2008,2008,Ki,F,1
VCXXQIVAVCLUOT-UHFFFAOYSA-N,CCc1nc2ccc3c(c2s1)CCN(CCCSc1nnc(-c2ocnc2C)n1C)CC3,8.199970640755865,1,0.0,2008,2008,2008,Ki,F,1
MMAVGOXTOMTHGO-UHFFFAOYSA-N,Cc1ccc2c(-c3nnc(SCCCN4CCc5cc6nc(C(C)(F)F)oc6cc5CC4)n3C)cccc2n1,8.199970640755865,1,0.0,2008,2008,2008,Ki,F,1
BFIAPIAYPVHYPQ-UHFFFAOYSA-N,Cc1ccc2c(-c3nnc(SCCCCN4CCc5cc6nc(C)oc6c(C)c5CC4)n3C)cccc2n1,8.199970640755865,1,0.0,2008,2008,2008,Ki,F,1
CABPVRYEFMWZCX-UHFFFAOYSA-N,CC(C)c1cccc(N2CCN(CCN3Cc4ccccc4C3)C2=O)c1,8.199970640755865,1,0.0,2009,2009,2009,Ki,F,1
SVNHSWOLAOCSKO-UHFFFAOYSA-N,O=C1N(CCN2Cc3ccccc3C2)CCN1c1cc(Cl)ccc1F,8.199970640755865,1,0.0,2009,2009,2009,Ki,F,1
RZOFUKBGZQUWCB-UHFFFAOYSA-N,CC1CCCN(CCN2CCN(c3cccc(Cl)c3)C2=O)C1,8.199970640755865,1,0.0,2009,2009,2009,Ki,F,1
GFQWAFBXHVCNHP-LMTLIKQPSA-N,CN(CCN1CCN(c2cccc(Cl)c2)C1=O)C[C@]12CC[C@H](CC1)C2(C)C,8.199970640755865,2,0.0,2009,2009,2009,Ki,B;F,2
MDHNTQJUKKBCMM-UHFFFAOYSA-N,Cc1ncoc1-c1nnc(SCCCN2CC3CC3(c3ccc(Cl)cc3F)C2)n1C,8.199970640755865,3,1.1150372795630783,2010,2010,2010,Ki,F,1
AAONJNLMLWRZJE-UHFFFAOYSA-N,Cc1ccc2c(-c3nnc(SCCCN4CC5CC5(c5ccc(Cl)cc5)C4)n3C)cccc2n1,8.199970640755865,3,0.7999960890226591,2010,2010,2010,Ki,F,1
NKIUMOVWDJZMRB-UHFFFAOYSA-N,COc1ccc(C23CC2CN(CCCSc2nnc(-c4cccc5nc(C)ccc45)n2C)C3)cc1,8.199970640755865,3,0.6999680680452758,2010,2010,2010,Ki,F,1
PFWVQEFSAUYDCS-GCJKJVERSA-N,CCC(C)(C)c1ccc(S(=O)(=O)Nc2ccc([C@]34CNC[C@H]3C4)cc2)cc1,8.199970640755865,1,0.0,2010,2010,2010,Ki,F,1
XIDSCJTYNIXZGW-NQIIRXRSSA-N,CC(C)c1ccc(S(=O)(=O)Nc2ccc([C@@]34C[C@@H]3CN(C)C4)cc2)cc1,8.199970640755865,1,0.0,2010,2010,2010,Ki,F,1
MHPHRNFSAZNRAT-UHFFFAOYSA-N,Cc1ncoc1-c1nnc(SCCCN2CCC3(c4cccc(C(F)(F)F)c4)CC3C2)n1C,8.199970640755865,1,0.0,2010,2010,2010,Ki,F,1
NWCMUBVTFZOFKO-VBUUOAMHSA-N,Cc1ncoc1-c1nnc(SCCCN2[C@@H]3CC[C@H]2C[C@@H](c2ccc(C(F)(F)F)cc2F)C3)n1C,8.199970640755865,1,0.0,2010,2010,2010,Ki,F,1
STIWHEMFVTWALB-UHFFFAOYSA-N,Cn1c(SCCCN2CC3CCN(c4ccc(C(F)(F)F)cc4)C3C2)nnc1-c1ccc(=O)n(C)c1,8.199970640755865,5,0.04472954218228044,2016,2020,2016,Ki,B,3
XOOONTVCSUXSOA-XUTJKUGGSA-N,CC(C)(O)CC(=O)N[C@H]1CC[C@H](CCN2CCC(c3cccc4c3CCO4)CC2)CC1,8.198596289982644,2,0.0,2014,2014,2014,Ki,B,1
PMHBIRXUKAOYEK-UILWBTOOSA-N,O=C(N[C@H]1CC[C@H](CCN2CCC(c3cccc4c3OCO4)CC2)CC1)c1ccc(Cl)cc1,8.196542884351587,2,0.0,2013,2013,2013,Ki,B,1
LKGWPHHIJYCDSR-SXFOHPBWSA-N,O=C(N[C@H]1CC[C@H](CCN2CCC(c3cccc4c3OCO4)CC2)CC1)C1CC(Cl)C1,8.196542884351587,2,0.0,2013,2013,2013,Ki,B,1
SDWMTMWHNYEEAG-AQYVVDRMSA-N,CC(C)=CC(=O)N[C@H]1CC[C@H](CCN2CCC(c3cccc4c3CCO4)CC2)CC1,8.196542884351587,2,0.0,2014,2014,2014,Ki,B,1
JCJRRQWOAHHCRM-UHFFFAOYSA-N,COc1ccccc1N1CCN(CC(O)CCNC(=O)c2cc3ccccc3o2)CC1,8.195983151586432,4,0.15053336104080403,2009,2014,2011,IC50;Ki,B;F,2
ZIQDGXNDXRMRPM-VGOFRKELSA-N,Cc1ncoc1-c1nnc(SCCCN2CC[C@@]3(C[C@@H]3c3ccc(C(F)(F)F)cc3F)C2)n1C,8.194996086400597,2,0.021213759516975447,2016,2016,2016,Ki,B;F,1
MTJYJBYKMIGLMS-NSCUHMNNSA-N,Cc1cccnc1-c1ccc(C(=O)NC/C=C/CN2CCN(c3cccc(Cl)c3Cl)CC2)cc1,8.193820026016112,6,0.6595236764433795,2007,2014,2014,IC50;Ki,B;F,2
ZHLBCCKGUNFWNS-UHFFFAOYSA-N,O=Cc1cnn2c(OCCCCN3CCN(c4cccc(Cl)c4Cl)CC3)cccc12,8.193820026016112,1,0.0,2014,2014,2014,Ki,B,1
ZGQPGQJTWRUHLR-UHFFFAOYSA-N,N#Cc1cc(N2CCN(CCCCNC(=O)c3cn4ccccc4n3)CC2)cc(C(F)(F)F)c1,8.193820026016112,1,0.0,2014,2014,2014,Ki,B,1
DPDUJCCKQWFBBQ-UHFFFAOYSA-N,O=C(CCCCCCC(=O)OC1(c2ccc(Cl)cc2)CCN(CCCC(=O)c2ccc(F)cc2)CC1)OC1(c2ccc(Cl)cc2)CCN(CCCC(=O)c2ccc(F)cc2)CC1,8.193820026016112,1,0.0,2014,2014,2014,Ki,B,1
FTZUWJCGDUCPLF-UHFFFAOYSA-N,COc1ccc2cc(C(=O)N3CCN(CCOc4cccnc4)CC3)[nH]c2c1,8.193820026016112,4,0.08635575920215022,2020,2023,2023,EC50,B,2
QBQZCKZJIWENBM-XUTJKUGGSA-N,O=C(CC1(O)CCC1)N[C@H]1CC[C@H](CCN2CCC(c3cccc4c3OCO4)CC2)CC1,8.193141970481182,2,0.0,2013,2013,2013,Ki,B,1
LAGLIYNPBAJZEJ-BVSLBCMMSA-N,O=C(C[C@@H]1CCCO1)N[C@H]1CC[C@H](CCN2CCC(c3cccc4c3OCO4)CC2)CC1,8.193141970481182,2,0.0,2013,2013,2013,Ki,B,1
STIWHEMFVTWALB-UTKZUKDTSA-N,Cn1c(SCCCN2C[C@H]3CCN(c4ccc(C(F)(F)F)cc4)[C@H]3C2)nnc1-c1ccc(=O)n(C)c1,8.189767482004916,1,0.0,2020,2020,2020,Ki,B,1
VPUYNZMAEQVXFX-UHFFFAOYSA-N,C(#Cc1ccncc1)CCN1CC=C(c2ccccc2)CC1,8.187086643357144,1,0.0,1996,1996,1996,Ki,B,1
GNYOQFHOPOYCQH-UHFFFAOYSA-N,COc1ccc(-c2cc(CCCCN3CCN(c4ccccc4OC)CC3)on2)c(OC)c1,8.187086643357144,1,0.0,2002,2002,2002,Ki,B,1
AJNIRLYKPAIXJT-UHFFFAOYSA-N,COc1ccccc1N1CCN(CCCCc2cn(-c3ccc(F)cc3)nn2)CC1,8.187086643357144,1,0.0,2015,2015,2015,Ki,B,1
IGLZWQUSQYHTJF-LYHRCORUSA-N,O=C(C[C@@H](O)C(F)(F)F)N[C@H]1CC[C@H](CCN2CCC(c3cccc4c3CCO4)CC2)CC1,8.187086643357144,2,0.0,2014,2014,2014,Ki,B,1
YFJPHIULVVJFIS-KESTWPANSA-N,O=C(CCO)N[C@H]1CC[C@H](CCN2CCC(c3cccc4c3CCO4)CC2)CC1,8.187086643357144,2,0.0,2014,2014,2014,Ki,B,1
RRTCFJGKAMKAIY-UHFFFAOYSA-N,COc1ccccc1N1CCN(CCCSc2nnc(-c3ccccc3)n2C)CC1,8.187086643357144,5,0.622908775217988,2017,2019,2019,EC50;IC50;Ki,A;B,2
ACOZPXLCYUQMHS-UHFFFAOYSA-N,O=C(CCCCN1CCC(c2noc3cc(F)ccc23)CC1)c1cc2c3c(c1)CCN3C(=O)CC2,8.185825973324047,2,0.8401361073627891,2018,2020,2019,IC50;Ki,B;F,2
KAEYIPLTXHGZRS-QAQDUYKDSA-N,O=C(CC(F)(F)F)N[C@H]1CC[C@H](CCN2CCN(c3nccc4c3CCO4)CC2)CC1,8.183758700008218,1,0.0,2013,2013,2013,Ki,B,1
AKAZDIQCZSDVHY-YLJYHZDGSA-N,COc1ccc2c(c1)[C@H]1OCCN(CCCCNC(=O)c3cccs3)[C@@H]1CO2,8.181774106386044,1,0.0,2021,2021,2021,Ki,B,1
QMKMSUCBVBINOY-OWOJBTEDSA-N,O=C(NC/C=C/CN1CCN(c2cccc(Cl)c2Cl)CC1)c1ccc(I)cc1,8.18045606445813,5,0.42967285892730067,2005,2005,2005,EC50;IC50;Ki,B;F,2
DDOIPTNOPZXSRC-XUTJKUGGSA-N,COCCC(=O)N[C@H]1CC[C@H](CCN2CCC(c3cccc4c3CCO4)CC2)CC1,8.18045606445813,2,0.0,2014,2014,2014,Ki,B,1
JGLBRFJRIZMPQY-UHFFFAOYSA-N,O=C(NCCCCN1CCN(c2cccc(Cl)c2Cl)CC1)Oc1ccc(C(=O)O)c2ccccc12,8.18045606445813,1,0.0,2016,2016,2016,EC50,F,1
RPZFDAKOXHZICV-XUTJKUGGSA-N,CS(=O)(=O)c1ccc(C(=O)N[C@H]2CC[C@H](CCN3CCC(c4cccc5c4CCO5)CC3)CC2)s1,8.178486471595226,2,0.0,2014,2014,2014,Ki,B,1
ONVPKPUWGYFERX-QPJJXVBHSA-N,CCCN(C/C=C/I)C1COc2c(O)cccc2C1,8.174573882232178,1,0.0,1994,1994,1994,Ki,B,1
SFJPQQAKXJGNOP-UHFFFAOYSA-N,COc1ccccc1N1CCN(CCCCNC(=O)c2sc3ccccc3c2Cl)CC1,8.173925197299173,1,0.0,2003,2003,2003,Ki,B,1
OICMTYRVBGKDDA-UHFFFAOYSA-N,CC(C)(C)c1nc(N2CCN(CCCCNC(=O)NCC3CCCCC3)CC2)cc(C(F)(F)F)n1,8.173925197299173,1,0.0,2006,2006,2006,Ki,B,1
YPXXSRYKHFAWBF-UHFFFAOYSA-N,COc1ccccc1N1CCN(CC(O)CCNC(=O)c2ccc(-c3ccccn3)cc2)CC1,8.173925197299173,7,0.3305429068208745,2007,2014,2014,IC50;Ki,B;F,3
JEFLKZKNAVDDCN-UHFFFAOYSA-N,COc1ccccc1N1CCN(CCCCCc2cn(-c3ccc(N(C)C)cc3)nn2)CC1,8.173925197299173,1,0.0,2015,2015,2015,Ki,B,1
OXMLHENURKVGGZ-XUTJKUGGSA-N,O=S(=O)(N[C@H]1CC[C@H](CCN2CCN(c3nccc4c3CCO4)CC2)CC1)c1ccc(F)cc1,8.172630726946174,1,0.0,2013,2013,2013,Ki,B,1
DFHPWPGRLKWZOX-UHFFFAOYSA-N,COc1ccccc1N1CCN(CCCCn2cc(-c3ccc4ncccc4c3)nn2)CC1,8.171984935776024,1,0.0,2015,2015,2015,Ki,B,1
YGNIYGXERUDUPC-FERRBWLRSA-N,O=C(N[C@H]1CC[C@H](CCN2CCC(c3cccc4c3OCO4)CC2)CC1)C1COc2ccccc2C1,8.171984935776024,2,0.0,2013,2013,2013,Ki,B,1
ICXGSSKPPOBXQR-UHFFFAOYSA-N,O=C1c2ccccc2CCN1CCCCN1CCN(c2ccccc2Cl)CC1,8.169989064063882,1,0.0,2009,2009,2009,Ki,B,1
LRMWMKQIJLOEPF-PGRDOPGGSA-N,Cc1ncoc1-c1nnc(SCCCN2CC[C@@]3(C[C@H]3c3ccc(F)cc3C(F)(F)F)C2)n1C,8.169989064063882,1,0.0,2016,2016,2016,Ki,B,1
GEGLEQALPLAWHZ-UHFFFAOYSA-N,COc1ccccc1N1CCN(CCCc2cn(-c3ccccc3O)nn2)CC1,8.167491087293763,1,0.0,2015,2015,2015,Ki,B,1
GPUXMPIFNAGRSF-XPEDOLEQSA-N,O=C(N[C@H]1CC[C@H](CCN2CCC(c3coc4ccccc34)CC2)CC1)C1CCC(C(F)(F)F)CC1,8.167491087293763,2,0.0,2014,2014,2014,Ki,B,1
GFRVMVDESKRPSW-UHFFFAOYSA-N,NC(=O)c1ccc(OC(=O)NCCCCN2CCN(c3cccc(Cl)c3Cl)CC2)c2ccccc12,8.167491087293763,1,0.0,2016,2016,2016,EC50,F,1
CIZKQMKMGUKASR-AUSIDOKSSA-N,COc1cc(C(=O)NCCCCN2CCO[C@@H]3c4ccccc4OC[C@H]32)cc(OC)c1OC,8.167491087293763,1,0.0,2021,2021,2021,Ki,B,1
RGOWASQQDQKEKM-WGSAOQKQSA-N,CC1(C(=O)N[C@H]2CC[C@H](CCN3CCN(c4cccc5c4OCO5)CC3)CC2)COC1,8.16621562534352,2,0.0,2014,2014,2014,Ki,B,1
KHFMDVNAASXQQK-UHFFFAOYSA-N,O=C(NCCCCN1CCN(c2ccccc2OCCF)CC1)c1ccc(CCF)cc1,8.161150909262744,1,0.0,2011,2011,2011,Ki,B,1
LRBUVURCWWAQQT-QGZVFWFLSA-N,O=C(NCC[C@@H](F)CN1CCN(c2cccc(Cl)c2Cl)CC1)c1cc2ccccc2o1,8.161150909262744,1,0.0,2014,2014,2014,Ki,B,1
QRRARQIWJKGPKE-UHFFFAOYSA-N,O=C(NCCCCN1CCN(c2cccc(Cl)c2Cl)CC1)Oc1cccc2[nH]ccc12,8.161150909262744,1,0.0,2016,2016,2016,EC50,F,1
WVUAUUZYSXNDLD-UHFFFAOYSA-N,Cc1cccc2[nH]c(C(=O)N3CCN(CCOc4cccnc4)CC3)cc12,8.161150909262744,3,0.0,2020,2023,2023,EC50,B,2
MJWAVTIYFCPJPE-MJGBDJQUSA-N,C[C@H]1CN(CC[C@H]2CC[C@H](N3C(=O)[C@@H]4[C@H](C3=O)[C@@H]3C=C[C@H]4C3)CC2)CCc2ccc(Cl)cc21,8.161150909262744,1,0.0,2021,2021,2021,Ki,B,1
FZEUFNLUEJZENL-QFBILLFUSA-N,Cc1ncoc1-c1nnc(SCCCN2C[C@@H]3CCN(c4ccc(F)cc4)[C@@H]3C2)n1C,8.159893905543242,2,0.0,2019,2020,2019,Ki,B,2
BGRFOPBDZYUOMJ-PZJWPPBQSA-N,Cn1c(SCCCN2C[C@@H]3CCN(c4ccccc4)[C@@H]3C2)nnc1C1CCOCC1,8.159893905543242,2,0.0,2019,2020,2019,Ki,B,2
LHVNTWQOJGSYCB-FXAWDEMLSA-N,Cn1c(SCCCN2C[C@@H]3CCN(c4ccc(F)cc4)[C@@H]3C2)nnc1-c1cc[nH]c(=O)c1,8.159893905543242,2,0.0,2019,2020,2019,Ki,B,2
VWTBKWKKPKFNJR-FQEVSTJZSA-N,CCc1cc(Cl)c(OC)c(C(=O)NC[C@@H]2CCCN2CCCCOc2ccc3c(c2)NC(=O)CC3)c1O,8.15676722190199,1,0.0,2021,2021,2021,Ki,B,1
KAPNJGZVRYPTJW-UHFFFAOYSA-N,Nc1ccc(C#CCCN2CC=C(c3ccccc3)CC2)cn1,8.154901959985743,1,0.0,1996,1996,1996,Ki,B,1
YPZLXCVTFSPQSS-UHFFFAOYSA-N,COc1ccccc1N1CCN(CCCCCOc2ccc3c(c2)NC(=O)CC3)CC1,8.154901959985743,1,0.0,2011,2011,2011,Ki,B,1
QSQXTUUDWHMEIT-XRLXOQSNSA-N,CC1(O)CCC(CC(=O)N[C@H]2CC[C@H](CCN3CCC(c4noc5cc(Cl)ccc45)CC3)CC2)CC1,8.154901959985743,2,0.0,2014,2014,2014,Ki,B,1
DVUOLXOWKHDIAV-XXBNENTESA-N,Cn1c(SCCCN2CC[C@]3(C[C@@H]3c3ccc(C(F)(F)F)cc3)C2)nnc1-c1cccnc1C(F)(F)F,8.15002808767115,1,0.0,2016,2016,2016,Ki,B,1
QYAPJFAWWAJNJA-UHFFFAOYSA-N,Cn1c(SCCCN2CC3CCN(c4ccccc4C#N)C3C2)nnc1-c1cnccn1,8.14996674231023,3,0.028869764228117833,2016,2020,2019,Ki,B,3
BLQLPPFWAKBJSW-GHTZIAJQSA-N,Cn1c(SCCCN2C[C@@H]3CCN(c4ccc(C(F)(F)F)cc4)[C@@H]3C2)nnc1-c1cccnc1,8.14996674231023,2,0.0,2019,2020,2019,Ki,B,2
SPBJYMYEKPAPLH-NSISKUIASA-N,CCCN1C[C@H](c2ccc(O)cc2)C[C@@H]2c3cc(O)c(O)cc3CC[C@H]21,8.1479247415801,2,1.1464782898861803,2012,2012,2012,EC50;Ki,B;F,1
ABOYXIDEOWOTGI-AQYVVDRMSA-N,O=C(CC1(O)CCOCC1)N[C@H]1CC[C@H](CCN2CCC(c3cccc4c3OCO4)CC2)CC1,8.145693958198919,2,0.0,2013,2013,2013,Ki,B,1
MVWVFYHBGMAFLY-UHFFFAOYSA-N,O=C1Cc2cc(CCN3CCN(c4nsc5ccccc45)CC3)c(Cl)cc2N1,8.142667503568731,5,0.07386869508713279,2001,2013,2007,Ki,B,5
VJPBVQZEPQLKCA-UHFFFAOYSA-N,CC(C)(C)c1nc(N2CCN(CCCCNC(=O)NCCc3ccccc3)CC2)cc(C(F)(F)F)n1,8.142667503568731,1,0.0,2006,2006,2006,Ki,B,1
RMHPZAHOFLURDU-UHFFFAOYSA-N,CNc1ccc(C(=O)NCCCCN2CCCN(c3ccccc3OC)CC2)cc1,8.142667503568731,1,0.0,2013,2013,2013,Ki,B,1
LNOVYYQKQHZPMN-UHFFFAOYSA-N,Clc1cccc(N2CCN(CCCCOc3cccc4ccnn34)CC2)c1Cl,8.142667503568731,1,0.0,2014,2014,2014,Ki,B,1
OOQJGWPOJZCKHM-YMPZKCBVSA-N,O=C(C[C@H]1CCCO1)N[C@H]1CC[C@H](CCN2CCC(c3cccc4c3CCO4)CC2)CC1,8.142667503568731,2,0.0,2014,2014,2014,Ki,B,1
HXHYBBJDNMJVBF-WFXMLNOXSA-N,CCN(C)C(=O)N[C@H]1CC[C@H](CCN2CCc3ccc(Cl)cc3[C@@H](C)C2)CC1,8.142667503568731,1,0.0,2021,2021,2021,Ki,B,1
OZVBMTJYIDMWIL-AYFBDAFISA-N,CC(C)C[C@H]1C(=O)N2CCC[C@H]2[C@]2(O)O[C@](NC(=O)[C@@H]3C=C4c5cccc6[nH]c(Br)c(c56)C[C@H]4N(C)C3)(C(C)C)C(=O)N12,8.142617243820574,4,1.3984109212721654,1997,2024,2010,IC50;Ki,B,3
NRSBRNRWCATXOT-UHFFFAOYSA-N,CCc1cc(Cl)c(OC)c(N2CCN(CC(O)CCNC(=O)c3cc4ccccc4[nH]3)CC2)c1,8.141779620754654,4,0.8531813399775395,2016,2022,2017,IC50;Ki,B,3
VQEFMIATWHWTNX-ZDUSSCGKSA-N,CCCN(CCC)[C@H]1CCn2c(C#N)ccc2C1,8.141344530963355,4,0.7578184205498589,2005,2005,2005,EC50;Ki,B,1
PKALTNFRHBJDRH-UHFFFAOYSA-N,Cc1ccc(CC(C)CNC(=O)/N=C(\N)NCCCc2nnc(N)s2)cc1,8.139189928425633,2,3.46367823188079,2021,2021,2021,Kd;Ki,B,1
XBBWJMUBMHLUNQ-XUTJKUGGSA-N,CC#CC(=O)N[C@H]1CC[C@H](CCN2CCC(c3cccc4c3CCO4)CC2)CC1,8.136677139879545,2,0.0,2014,2014,2014,Ki,B,1
DGSJCQBCZUXHPR-UHFFFAOYSA-N,O=C(c1ccco1)N1CCC(CCN2CCN(c3nsc4ccccc34)CC2)CC1,8.136677139879545,1,0.0,2016,2016,2016,Ki,B,1
YNFSCXRNIRPEPV-RBUKOAKNSA-N,C=CCN1C[C@H](OCCCO)C[C@H]1CNC(=O)c1cc(CCCF)cc(OC)c1OC,8.136677139879545,1,0.0,2023,2023,2023,Ki,B,1
OCVVZZUNABZIKS-UHFFFAOYSA-N,Cc1cc(N2CCN(CCCCNC(=O)N3CCC(n4c(=O)[nH]c5ccccc54)CC3)CC2)nc(C(C)(C)C)n1,8.136677139879545,2,0.0,2017,2018,2017,Ki,B,2
YDSLGYGXMJYMOS-XUTJKUGGSA-N,CCOCCC(=O)N[C@H]1CC[C@H](CCN2CCC(c3cccc4c3OCO4)CC2)CC1,8.135488918941608,2,0.0,2013,2013,2013,Ki,B,1
YKNNRQLCQGQFRB-UHFFFAOYSA-N,Oc1nc2c(OCCNCc3ccccc3)cc(Cl)cc2[nH]1,8.130768280269024,1,0.0,1999,1999,1999,Ki,B,1
DSCGNFRKDRFCKO-UHFFFAOYSA-N,CC(C)(C)c1nc(N2CCN(CCCCn3ccc(C4CCC4)nc3=O)CC2)cc(C(F)(F)F)n1,8.130768280269024,1,0.0,2006,2006,2006,Ki,B,1
FOKZOGSWMCKMLR-UHFFFAOYSA-N,CCOc1ccn(CCCCN2CCN(c3cc(C(F)(F)F)nc(C(C)(C)C)n3)CC2)c(=O)n1,8.130768280269024,1,0.0,2006,2006,2006,Ki,B,1
XRXBZJLXUCSIKS-UHFFFAOYSA-N,COc1ccccc1N1CCN(CCCOc2ccc3c(c2)NC(=O)CC3)CC1,8.130768280269024,1,0.0,2011,2011,2011,Ki,B,1
RRYFTJVIXONIOF-UHFFFAOYSA-N,O=C(NCCCCN1CCN(c2cccc3ccccc23)CC1)c1cnc2ccccc2c1,8.130768280269024,3,0.9148578154344867,2015,2015,2015,EC50;IC50;Ki,B,1
CWGVPEOXWFRWOV-HNKWHGCMSA-N,O=C(N[C@H]1CC[C@H](CCN2CCC(c3coc4ccccc34)CC2)CC1)c1ccc(N2CCOCC2)cc1,8.130768280269024,2,0.0,2014,2014,2014,Ki,B,1
YIQZFTKFOLISHR-UHFFFAOYSA-N,O=C(NCCCN1CCN(c2cccc(Cl)c2Cl)CC1)Oc1cccc2ccccc12,8.130768280269024,1,0.0,2016,2016,2016,EC50,F,1
NRSBRNRWCATXOT-HXUWFJFHSA-N,CCc1cc(Cl)c(OC)c(N2CCN(C[C@H](O)CCNC(=O)c3cc4ccccc4[nH]3)CC2)c1,8.130768280269024,4,0.8540932174104029,2019,2022,2020,IC50;Ki,B,2
MRTGFGPKFPAWBT-KESTWPANSA-N,Cc1ncc(CC(=O)N[C@H]2CC[C@H](CCN3CCc4cn(CCC(F)(F)F)nc4CC3)CC2)s1,8.130768280269024,2,0.0,2020,2022,2021,Ki,B,2
FLQHAMHLQRATPW-UHFFFAOYSA-N,CCCc1c(C(=O)NCCCCCN2CCN(c3ccccc3OC)CC2)nnn1Cc1ccccc1Br,8.130005999878257,1,0.0,2007,2007,2007,Ki,B,1
FGXWKSZFVQUSTL-UHFFFAOYSA-N,O=c1[nH]c2ccccc2n1CCCN1CCC(n2c(=O)[nH]c3cc(Cl)ccc32)CC1,8.1249387366083,5,0.25508755303225417,2003,2015,2015,IC50;Ki,B,3
RFRIYEZLKPZDGU-UHFFFAOYSA-N,O=C(NCCCCN1CCN(c2cccc(Cl)c2Cl)CC1)c1cccc(C#Cc2ccccc2)c1,8.1249387366083,1,0.0,2007,2007,2007,Ki,B,1
PCUAVOCFDVWQAA-UHFFFAOYSA-N,COc1ccccc1N1CCCN(CCCCNC(=O)c2ccc(C)s2)CC1,8.1249387366083,1,0.0,2013,2013,2013,Ki,B,1
OWORPAWPFUKOOV-UHFFFAOYSA-N,O=C(NCCCCN1CCN(c2cccc(Cl)c2Cl)CC1)Oc1cccc2[nH]cnc12,8.1249387366083,1,0.0,2016,2016,2016,EC50,F,1
CTBCYIMBXFMSFW-IFMALSPDSA-N,COc1ccc(C(=O)NCCCCN2CCO[C@@H]3c4ccccc4OC[C@H]32)cc1,8.1249387366083,1,0.0,2021,2021,2021,Ki,B,1
PMXMIIMHBWHSKN-UHFFFAOYSA-N,Cc1nc2n(c(=O)c1CCN1CCC(c3noc4cc(F)ccc34)CC1)CCCC2O,8.1249387366083,1,0.0,2024,2024,2024,Ki,B,1
HVESNMTZXGJVII-OIFYPAEGSA-N,COC(C)CC(=O)N[C@H]1CC[C@H](CCN2CCC(c3cccc4c3OCO4)CC2)CC1,8.123782159408357,2,0.0,2013,2013,2013,Ki,B,1
VLMVFBMJXRVZOG-WGSAOQKQSA-N,CC(=O)N[C@H]1CC[C@H](CCN2CCN(c3nc(C)cc4c3CCO4)CC2)CC1,8.120330794367947,1,0.0,2013,2013,2013,Ki,B,1
ZRQADOCXGLFZJC-UHFFFAOYSA-N,Cn1c(SCCCN2CC3CCN(c4c(F)cc(F)cc4F)C3C2)nnc1-c1ccn(C)c(=O)c1,8.119758224104519,5,0.6756274399123997,2016,2020,2016,Ki,B,3
WXPNHKQJDJARLG-UHFFFAOYSA-N,Cc1ccc(N2CCC3CN(CCCSc4nnc(-c5cnccn5)n4C)CC32)cc1,8.119758224104519,3,0.011398503189188766,2016,2020,2019,Ki,B,3
RXHVJGSMDNGBHT-UHFFFAOYSA-N,Cn1c(SCCCN2CC3CCN(c4c(F)cccc4F)C3C2)nnc1-c1cccnc1,8.119758224104519,2,0.0,2019,2020,2019,Ki,B,2
MBSIGRZACGJWRM-UHFFFAOYSA-N,COc1ccccc1N1CCN(CCCCNC(=O)c2cc3ccccn3n2)CC1,8.119186407719209,13,0.9081463846323315,2002,2017,2009,EC50;Ki,B;F,4
WIKYUJGCLQQFNW-UHFFFAOYSA-N,CN1CCN(CCCN2c3ccccc3Sc3ccc(Cl)cc32)CC1,8.118653217497572,2,0.3289412235788555,,,,IC50;Ki,B,1
ACAWRKNKSILJBW-UVXAETBJSA-N,O=C(N[C@H]1CC[C@H](CCN2CCC(c3cccc4c3OCO4)CC2)CC1)C1CCOC1,8.118615343229427,2,0.0,2013,2013,2013,Ki,B,1
KFWSEMIBLPIBOC-UHFFFAOYSA-N,FC(F)(F)c1cccc(N2CCN(CCCCNc3nccc4ccccc34)CC2)c1,8.118286003218532,2,1.24693189238254,2010,2017,2013,Ki,B,2
UEOLBOREQLRPTL-WJPUGNRLSA-N,O=C(N[C@H]1CC[C@H](CCN2CCC(c3cccc4c3OCO4)CC2)CC1)[C@H](O)C(F)(F)F,8.11747546204512,2,0.0,2013,2013,2013,Ki,B,1
VYFYYTLLBUKUHU-UHFFFAOYSA-N,NCCc1ccc(O)c(O)c1,8.11690664142431,53,0.823666567066953,1996,2024,2014,EC50;Ki,B;F,33
FBSPYGXUZZFKDG-KESTWPANSA-N,O=C(CCC(F)(F)F)N[C@H]1CC[C@H](CCN2CCC(c3cccc4c3CCO4)CC2)CC1,8.11690664142431,2,0.0,2014,2014,2014,Ki,B,1
VTFHJUTXAYAVPD-YMPZKCBVSA-N,O=C(C[C@H]1CCCCO1)N[C@H]1CC[C@H](CCN2CCC(c3cccc4c3OCO4)CC2)CC1,8.116338564846382,2,0.0,2013,2013,2013,Ki,B,1
HAABSCYMCZRVTB-AQYVVDRMSA-N,O=C(N[C@H]1CC[C@H](CCN2CCN(c3nccc4c3CCO4)CC2)CC1)c1ccccc1,8.115771230367397,1,0.0,2013,2013,2013,Ki,B,1
DPAGUJADGMJVKD-UHFFFAOYSA-N,Clc1cccc(N2CCN(CCCCNc3nccc4ccccc34)CC2)c1Cl,8.114942352606448,2,0.5567701569749389,2010,2017,2013,Ki,B,2
RXIFDJMCJKEING-MGBGTMOVSA-N,CCCN1CCc2cccc3c2[C@H]1Cc1cccc(OCCCn2cc(CCN4CCN(c5ccccc5OC)CC4)nn2)c1-3,8.113509274827518,1,0.0,2011,2011,2011,Ki,B,1
YEPKUBSVJPPSQU-UHFFFAOYSA-N,Clc1cccc(N2CCN(CCCCn3cc(-c4ccc5ccccc5c4)nn3)CC2)c1Cl,8.113509274827518,1,0.0,2015,2015,2015,Ki,B,1
IWQHFZLOBAGAOK-JIBACQESSA-N,O=C(N[C@H]1CC[C@H](CCN2CCC(c3noc4ccc(F)cc34)CC2)CC1)c1ccc(N2CCCCC2)cc1,8.113509274827518,2,0.0,2014,2014,2014,Ki,B,1
IJTZHWGKWZMBCO-UHFFFAOYSA-N,O=C1CCc2ccc(OCCCCN3CCN(c4ccc(O)c5oc(=O)ccc45)CC3)cc2N1,8.113509274827518,1,0.0,2017,2017,2017,Ki,B,1
BWQVHTJTXLIHEO-UHFFFAOYSA-N,O=C(NCCC(O)CN1CCN(c2cccc(Cl)c2Cl)CC1)c1cc2cc(I)ccc2o1,8.112945621949043,5,0.8311764387788082,2009,2014,2009,EC50;IC50;Ki,B;F,2
GACXEIRXCURUID-QNRJLKAHSA-N,O=C(N[C@H]1CC[C@H](CCN2CCC(c3cccc4c3OCO4)CC2)CC1)C1CC1(F)F,8.112382699664265,2,0.0,2013,2013,2013,Ki,B,1
FEYWSFCMYGDDGW-HCGLCNNCSA-N,O=C(N[C@H]1CC[C@H](CCN2CCC(c3coc4ccccc34)CC2)CC1)c1cnc(N2CCOCC2)cn1,8.112382699664265,2,0.0,2014,2014,2014,Ki,B,1
JVGBTTIJPBFLTE-UHFFFAOYSA-N,O=C1NCN(c2ccccc2)C12CCN(CC1COc3ccccc3O1)CC2,8.111315153340302,1,0.0,2024,2024,2024,Ki,B,1
AZQFGKSDCVQAHH-IYARVYRRSA-N,N#CCC(=O)N[C@H]1CC[C@H](CCN2CCN(c3nccc4c3CCO4)CC2)CC1,8.111259039317108,1,0.0,2013,2013,2013,Ki,B,1
ZCWMQWXQIIXTEH-UAPYVXQJSA-N,O=C(CCC(F)(F)F)N[C@H]1CC[C@H](CCN2CCC(c3cccc4c3OCO4)CC2)CC1,8.111259039317108,2,0.0,2013,2013,2013,Ki,B,1
SKJYMWUUJASLOP-IRJFHVNHSA-N,O=C(N[C@H]1CC[C@H](CCN2CCC(c3noc4cc(F)ccc34)CC2)CC1)C1(C(F)(F)F)CCC1,8.111259039317108,2,0.0,2014,2014,2014,Ki,B,1
QNDFBMWALLMDKL-KNQAVFIVSA-N,CC(C)Oc1ccccc1N1CC[C@@H]2CN(CCCSc3nnc(-c4cnccn4)n3C)C[C@@H]21,8.110138278741811,2,0.0,2019,2020,2019,Ki,B,2
BGJXBVUWLFEJNM-CVDCTZTESA-N,Cn1c(SCCCN2CC[C@]3(C[C@H]3c3ccc(C(F)(F)F)cc3)C2)nnc1-c1ccccn1,8.110026361596004,1,0.0,2016,2016,2016,Ki,B,1
NXGXODYDGLKSAM-UHFFFAOYSA-N,COc1ccccc1N1CCN(CCCCOc2ccn3ncc(C=O)c3c2)CC1,8.110026361596004,3,0.11025824709134587,2017,2017,2017,EC50;Ki,B;F,1
DVBIYRUFMRQOAP-LSNLESRRSA-N,N#Cc1ccc(C(=O)N[C@H]2CC[C@H](CCN3CCC(c4cccc5c4OCO5)CC3)CC2)cc1,8.108462542327436,2,0.0,2013,2013,2013,Ki,B,1
HZMBQYFOWZCHKD-UHFFFAOYSA-N,O=C1c2ccccc2C(=O)N1CCCCCN1CCN(c2cccc(Cl)c2Cl)CC1,8.10790539730952,1,0.0,2001,2001,2001,Ki,B,1
BRNFEWAEDMSDHL-UHFFFAOYSA-N,COc1ccccc1N1CCN(CCCCNC(=O)c2ccccc2I)CC1,8.10790539730952,1,0.0,2003,2003,2003,Ki,B,1
HZRDMMLAWDPBJF-MQSCRBSSSA-N,O=C(C[C@H]1CCCOC1)N[C@H]1CC[C@H](CCN2CCC(c3cccc4c3OCO4)CC2)CC1,8.10790539730952,2,0.0,2013,2013,2013,Ki,B,1
LYHUWMRZCXPRBP-BEESLVRJSA-N,O=C(N[C@H]1CC[C@H](CCN2CCC(c3cccc4c3CCO4)CC2)CC1)c1ccc(-c2ccccc2)cc1,8.1073489661227,2,0.0,2014,2014,2014,Ki,B,1
BNYKYKBRFUPQSI-UHFFFAOYSA-N,CC(C)(C)c1nc(N2CCN(CCCCNC(=O)c3cc4ccccc4[nH]3)CC2)cc(C(F)(F)F)n1,8.105209643917787,2,0.2073270020547802,2014,2014,2014,IC50;Ki,B,1
FADJIPFJANIADX-UHFFFAOYSA-N,CC(C)(C)c1nc(N2CCN(CCCCn3ccc(-c4ccccc4)cc3=O)CC2)cc(C(F)(F)F)n1,8.102372908709558,1,0.0,2006,2006,2006,Ki,B,1
CLAPZYAXBKPPSX-OKDASEJXSA-N,N#Cc1ccc(C(=O)N[C@H]2CC[C@H](CCN3CCC(c4cccc5c4CCO5)CC3)CC2)cc1,8.102372908709558,2,0.0,2014,2014,2014,Ki,B,1
JDXNRQBNLDPZOL-JKIUYZKVSA-N,O=C(N[C@H]1CC[C@H](CCN2CCc3cnc(CC4CC4)nc3C2)CC1)c1cccc2ncccc12,8.102372908709558,2,0.0,2020,2022,2021,Ki,B,2
PMBZPLQKUNCRDH-UHFFFAOYSA-N,O=Cc1cnn2ccc(NC(=O)CCCN3CCN(c4cccc(Cl)c4Cl)CC3)cc12,8.100674677277365,2,0.945934078332504,2017,2017,2017,EC50;Ki,B;F,1
RARLPFKZTJRIOM-UHFFFAOYSA-N,COc1cccc(N2CCC3CN(CCCSc4nnc(-c5cnccn5)n4C)CC32)c1,8.100179497572904,3,9.472015577105498e-05,2016,2020,2019,Ki,B,3
WAFXOAGOOZIJGE-UHFFFAOYSA-N,Cn1c(SCCCN2CC3CCN(c4ccccc4C(F)(F)F)C3C2)nnc1-c1ccc(=O)[nH]c1,8.100179497572904,2,0.0,2019,2020,2019,Ki,B,2
AUNMRXBRTMEOSJ-MGFGWZDJSA-N,Cc1cnc(-c2cccc(C(=O)N[C@H]3CC[C@H](CCN4CCc5ccc(S(C)(=O)=O)cc5CC4)CC3)c2)o1,8.100015437450608,1,0.0,2003,2003,2003,Ki,B,1
AQZKOCOTDHBMJV-HNNHSTSXSA-N,COc1ccc2c(c1)CN(CC[C@H]1CC[C@H](NC(=O)/C=C/c3ccc(F)cc3)CC1)C2,8.100015437450608,1,0.0,2001,2001,2001,Ki,B,1
XFYCKARBUDZUAB-VMPREFPWSA-N,O=C(NCCCCN1CCC[C@H]2c3ccc(O)cc3CC[C@@H]21)c1ccc(-c2ccccc2)cc1,8.100015437450608,1,0.0,1998,1998,1998,Ki,B,1
XXNSAFMKWRWIBC-YTMVLYRLSA-N,COc1cccc2c1CC[C@H]1[C@H]2CCCN1CCCCNC(=O)c1ccc(-c2ccccc2)cc1,8.100015437450608,1,0.0,1998,1998,1998,Ki,B,1
KRBRCRMUFRFNGT-UHFFFAOYSA-N,CCCN(CCC)C1CCc2cc(CN(C(C)=O)c3ccc(OC)cc3)ccc2C1,8.100015437450608,1,0.0,1996,1996,1996,Ki,B,1
VQRXJDFSVAHLSS-WVPZODRTSA-N,N#Cc1ccc2c(c1)CCN(CC[C@H]1CC[C@H](NC(=O)c3cccc4ccccc34)CC1)C2,8.100015437450608,1,0.0,2000,2000,2000,Ki,B,1
UVDIFPYXVNSROD-UHFFFAOYSA-N,N#Cc1ccc2c(c1)C1CN(Cc3ccc(F)cc3)CC1CO2,8.100015437450608,1,0.0,1999,1999,1999,Ki,B,1
GSWFHQKRRUUVKI-UHFFFAOYSA-N,Fc1ccc2c(c1)C1CN(Cc3ccccc3)CC1CO2,8.100015437450608,1,0.0,1999,1999,1999,Ki,B,1
YYHXUDXIKZMUCQ-UHFFFAOYSA-N,CCN(Cc1cccc(OC)c1)Cc1ccc(-c2cc(S(=O)(=O)CC)ccc2OC)[nH]1,8.100015437450608,1,0.0,1997,1997,1997,Ki,B,1
QBRLVMQBZIFWTB-WEVVVXLNSA-N,O=C(/C=C/c1ccc(Cl)c(Cl)c1)NCCCCCN1CCC(c2c[nH]c3ccc(O)cc23)CC1,8.100015437450608,1,0.0,2001,2001,2001,Ki,B,1
MUBFHRQVIYYBCR-UHFFFAOYSA-N,O=C(NCCCCN1CCc2ccc(OS(=O)(=O)C(F)(F)F)cc2C1)c1ccc(-c2ccccc2)cc1,8.100015437450608,1,0.0,1999,1999,1999,Ki,B,1
HKBFAJQLEHSBTM-UHFFFAOYSA-N,CCCN(CCCCNC(=O)c1ccc(-c2ccccc2)cc1)C1CCc2nc(C)ncc2C1,8.100015437450608,1,0.0,1999,1999,1999,Ki,B,1
SGLJPXQOJMBPBR-UHFFFAOYSA-N,Cc1cc(-c2ccc3c(c2)CCN(CCCSc2nnc(-c4ccc(C(F)(F)F)cc4)n2C)CC3)n(C)n1,8.100015437450608,1,0.0,2007,2007,2007,Ki,F,1
ZJBDUXLBLPXVOM-UHFFFAOYSA-N,CCc1nc2c3c(ccc2o1)CCN(CCCSc1nnc(-c2cccc4nc(C)ccc24)n1C)CC3,8.100015437450608,1,0.0,2008,2008,2008,Ki,F,1
AJBBNBBBDUCRTB-UHFFFAOYSA-N,Cc1ccc2c(-c3nnc(SCCCN4CCc5cc6c(cc5CC4)OCCN6)n3C)cccc2n1,8.100015437450608,1,0.0,2008,2008,2008,Ki,F,1
XBWBWCMBNYVAKR-UHFFFAOYSA-N,Cc1ccc2c(-c3nnc(SCCCN4CCc5cc6nc(-c7cc(C)nn7C)oc6cc5CC4)n3C)cccc2n1,8.100015437450608,1,0.0,2008,2008,2008,Ki,F,1
QRWDBCPLADXSGV-UHFFFAOYSA-N,CCc1nc2cc3c(cc2o1)CCN(CCCSc1nnc(-c2ccc(C(F)(F)F)cc2)n1C)CC3,8.100015437450608,1,0.0,2008,2008,2008,Ki,F,1
ILLQMENNVJLGMH-UHFFFAOYSA-N,CC1CCCCN1CCN1CCN(c2cccc(Cl)c2)C1=O,8.100015437450608,1,0.0,2009,2009,2009,Ki,F,1
HGYQVRAMBVYKQO-UHFFFAOYSA-N,N#Cc1cc(N2CCN(CCN3CCC(C(F)(F)F)CC3)C2=O)ccc1F,8.100015437450608,1,0.0,2009,2009,2009,Ki,F,1
BGKKQDRMVVBUET-UHFFFAOYSA-N,CC(C)N1CCN(CCN2CCN(c3cccc(Cl)c3)C2=O)CC1,8.100015437450608,1,0.0,2009,2009,2009,Ki,F,1
QLOCSQXNJJSRQH-UHFFFAOYSA-N,Cc1ncoc1-c1nnc(SCCCN2CC3CC3(c3ccc(F)cc3)C2)n1C,8.100015437450608,3,1.0692639830166648,2010,2010,2010,Ki,F,1
VSHFJDFDEHUHMG-UHFFFAOYSA-N,COc1cccc(C23CC2CN(CCCSc2nnc(-c4ocnc4C)n2C)C3)c1,8.100015437450608,3,1.2124380962712316,2010,2010,2010,Ki,F,1
RTBICRVBMOJALC-KNQAVFIVSA-N,CCN1C[C@H]2C[C@@]2(c2ccc(NS(=O)(=O)c3ccc(C(C)C)cc3)cc2)C1,8.100015437450608,1,0.0,2010,2010,2010,Ki,F,1
ZCFZWLXSHRXGLG-UHFFFAOYSA-N,Cc1ncoc1-c1nnc(SCCCN2CCC3CC3(c3ccc(C(F)(F)F)cc3)C2)n1C,8.100015437450608,1,0.0,2010,2010,2010,Ki,F,1
LJOIJDZCFSDRBE-UHFFFAOYSA-N,Cc1ncoc1-c1nnc(SCCCN2CCC3(CCCc4cc(Br)ccc43)C2)n1C,8.100015437450608,1,0.0,2010,2010,2010,Ki,F,1
MGQKWJNIGIMBFF-UHFFFAOYSA-N,Cc1ncoc1-c1nnc(SCCCN2CCC3(CCc4c(Br)cccc43)C2)n1C,8.100015437450608,1,0.0,2010,2010,2010,Ki,F,1
CRAJXQNFXAOYDL-UHFFFAOYSA-N,Cn1c(SCCCN2CC3CCN(c4ccc(C(F)(F)F)cc4)C3C2)nnc1-c1cc[nH]c(=O)c1,8.100015437450608,5,0.14173432382525472,2016,2020,2016,Ki,B,3
DWDIQEPGVYBABO-REWPJTCUSA-N,Cn1c(SCCCN2CC[C@]3(C[C@H]3c3ccc(C(F)(F)F)cc3)C2)nnc1-c1ccncc1,8.100015437450608,1,0.0,2016,2016,2016,Ki,B,1
ZFNISNPBEQEQHE-OKDASEJXSA-N,O=C(N[C@H]1CC[C@H](CCN2CCC(c3noc4cc(F)ccc34)CC2)CC1)c1ccc(N2CCOCC2)nc1,8.099742141562222,2,0.0,2014,2014,2014,Ki,B,1
KSTDXOPMADKXRO-UHFFFAOYSA-N,CC(=O)OC(CCNC(=O)c1ccc(-c2ccccn2)cc1)CN1CCN(c2cccc(Cl)c2Cl)CC1,8.099710189215434,6,0.21597993334722154,2007,2014,2014,EC50;IC50;Ki,B;F,2
OHSIGBOKYLDSHG-RSXGOPAZSA-N,CCCN(CCCCNC(=O)c1ccc(-c2ccccn2)cc1)C[C@H]1C[C@@H]1c1cc(F)ccc1OC,8.098749966117804,2,0.45462219542846943,2020,2020,2020,Ki,B;F,1
MPTVODVQFOZFHF-RZDIXWSQSA-N,CS(=O)(=O)N[C@H]1CC[C@H](CCN2CCC(c3noc4ccc(F)cc34)CC2)CC1,8.09799710864927,2,0.0,2014,2014,2014,Ki,B,1
FWPPLEXUCNFYBN-UHFFFAOYSA-N,COc1ccccc1N1CCN(CCCCNC(=O)c2ccc(C(C)(C)C)cc2)CC1,8.097453220686008,1,0.0,2003,2003,2003,Ki,B,1
YQZMYCFYXGYDEA-UHFFFAOYSA-N,Fc1ccc(-c2cncc(CN3CCN(c4ccccc4F)CC3)c2)cc1,8.096910013008056,1,0.0,1998,1998,1998,IC50,B,1
RAZKAAYRLZXGBT-UHFFFAOYSA-N,COc1c(C(=O)NCCN2CCN(c3cccc(Cl)c3Cl)CC2)cc(Br)c2ccccc12,8.096910013008056,3,0.12173624722409208,1996,2013,1996,EC50;Ki,B;F,2
PZIGTEKDSRHYIT-UHFFFAOYSA-N,CN1CCN(C2=Nc3ccccc3Sc3ccc(OS(=O)(=O)C(F)(F)F)cc32)CC1,8.096910013008056,1,0.0,1999,1999,1999,IC50,B,1
ZUXITOJFACOGFP-UHFFFAOYSA-N,c1ccc(N2CCN(CCCOc3ccc(-c4nc5ccccc5[nH]4)cc3)CC2)nc1,8.096910013008056,2,0.0,1995,2013,2004,Ki,B,2
BMOMPPTVRLYMKB-KESTWPANSA-N,O=C(N[C@H]1CC[C@H](CCN2CCN(c3ccc(Cl)cc3)CC2)CC1)c1cccs1,8.096910013008056,1,0.0,1997,1997,1997,Ki,B,1
DUKNIHFTDAXJON-MUIJYRPGSA-N,C[C@@H]1C[C@H](C)N1C(=O)[C@@H]1C=C2c3cccc4[nH]cc(c34)CC2N(C)C1,8.096910013008056,1,0.0,2002,2002,2002,Ki,B,1
JIKDWCBMJVTCCZ-ISLYRVAYSA-N,CCCCN(CCCC)CCCOc1ccc(-c2nc3ccccc3n2C/C=C/Cn2c(-c3ccc(OCCCN(CCCC)CCCC)cc3)nc3ccccc32)cc1,8.096910013008056,1,0.0,1995,1995,1995,Ki,B,1
YYWNRQZCPIMCAK-UHFFFAOYSA-N,Cc1ccc2nc(-c3ccc(OCCCCN4CCN(c5cccc(Cl)c5Cl)CC4)cc3)cn2c1,8.096910013008056,1,0.0,2007,2007,2007,Ki,B,1
MJAKYGLXMJNUID-UHFFFAOYSA-N,Cc1ccn2cc(-c3ccc(OCCCN4CCN(c5cccc(Cl)c5Cl)CC4)cc3)nc2c1,8.096910013008056,1,0.0,2007,2007,2007,Ki,B,1
WYEGTIGJSHGEID-ZDUSSCGKSA-N,CCCN1CCO[C@H](c2cccc(O)c2)C1,8.096910013008056,1,0.0,2007,2007,2007,EC50,F,1
OXHFCAMGABAVGJ-XIFFEERXSA-N,CCCN1CCc2cccc3c2[C@@H]1Cc1cccc(OCc2cn(CCCCN4CCN(c5ccccc5OC)CC4)nn2)c1-3,8.096910013008056,1,0.0,2011,2011,2011,Ki,B,1
MGDBVKSSHFDIJD-UHFFFAOYSA-N,COc1ccccc1N1CCCN(CCCCNC(=O)c2ccc(-c3ccc(F)cc3)s2)CC1,8.096910013008056,1,0.0,2013,2013,2013,Ki,B,1
VRHJRFPPAACNSV-UHFFFAOYSA-N,CC(C)(C)c1nc(N2CCN(CCCCNC(=O)c3cn4ccncc4n3)CC2)cc(C(F)(F)F)n1,8.096910013008056,6,1.0831888362210724,2014,2018,2014,IC50;Ki,B;F,3
PVDOYAVBGNHRBV-UHFFFAOYSA-N,O=C(NCCCCN1CCN(c2cccc3ccccc23)CC1)c1cc2ccccc2[nH]1,8.096910013008056,3,1.546472054834732,2015,2015,2015,EC50;IC50;Ki,B,1
NBWWBMWMDFWWPB-XGAFWQRZSA-N,O=C(N[C@H]1CC[C@H](CCN2CCC(c3cccc4c3OCO4)CC2)CC1)C1CCC1,8.096910013008056,2,0.0,2013,2013,2013,Ki,B,1
RDUVGAYRQBFLOT-XUTJKUGGSA-N,CC(C)C(=O)N[C@H]1CC[C@H](CCN2CCC(c3cccc4c3CCO4)CC2)CC1,8.096910013008056,2,0.0,2014,2014,2014,Ki,B,1
YUMQWMQAMSUQRF-OMWCLVHISA-N,COC1(C)CCC(CC(=O)N[C@H]2CC[C@H](CCN3CCC(c4noc5cc(Cl)ccc45)CC3)CC2)CC1,8.096910013008056,2,0.0,2014,2014,2014,Ki,B,1
WAOBJIAOTFLXLR-UHFFFAOYSA-N,O=C(NCCCCN1CCN(c2ccccc2)CC1)c1ccc(-c2ccsc2)cc1,8.096910013008056,1,0.0,2019,2019,2019,Ki,B,1
OJCWQYKGGOVRLI-UHFFFAOYSA-N,CC(C)(C)c1nc(N2CCN(CCCCNC(=O)N3CCN(c4ccccn4)CC3)CC2)cc(C(F)(F)F)n1,8.096910013008056,2,0.0,2017,2018,2017,Ki,B,2
GZFSOKPLNMYPCE-YPGOJHLTSA-N,O[C@@]1(c2ccc(Cl)c(Cl)c2)C[C@H]2CC[C@@H](C1)N2Cc1c[nH]c2ccccc12,8.094313051473053,2,0.1455412760464259,2008,2008,2008,IC50;Ki,B;F,1
GSIBLYYMECNRRS-UHFFFAOYSA-N,O=C(NCCC(O)CN1CCN(c2cccc(Cl)c2Cl)CC1)c1cnc2ccc(F)cc2c1,8.094204119632131,1,0.0,2015,2015,2015,Ki,B,1
WJOFBCYZALIRKI-UHFFFAOYSA-N,O=C(c1cc2ccccc2[nH]1)N1CCN(CCOc2cccnc2)CC1,8.09151498112135,3,0.1108075854934228,2020,2023,2023,EC50,B,2
WZEVFJPWWRPRRO-WFXMLNOXSA-N,CCCC(=O)N[C@H]1CC[C@H](CCN2CCc3ccc(Cl)cc3[C@@H](C)C2)CC1,8.09151498112135,1,0.0,2021,2021,2021,Ki,B,1
UBIFUIUXVKAWJM-YIQCUVMYSA-N,CC1c2nc(OCC(F)F)sc2CCN1CC[C@H]1CC[C@H](NC(=O)c2cccc3ncccc23)CC1,8.09151498112135,2,0.0,2020,2022,2021,Ki,B,2
BWPAYVFDIRAIID-ZKHCSVRISA-N,CO[C@H]1CC[C@H](CC(=O)N[C@H]2CC[C@H](CCN3CCC(c4cccc5c4OCO5)CC3)CC2)CC1,8.089909454405932,2,0.0,2013,2013,2013,Ki,B,1
XRJAGLUSGLFLQK-UHFFFAOYSA-N,Cn1c(SCCCN2CC3CCN(c4ccc(F)cc4)C3C2)nnc1-c1ccn(C)c(=O)c1,8.089909454405932,3,0.005834692031269561,2016,2020,2019,Ki,B,3
LKMTURFCSVFFPV-UHFFFAOYSA-N,CCCN1CCc2cccc3c2C1Cc1cccc(OCCCn2cc(CCCCN4CCN(c5ccccc5OC)CC4)nn2)c1-3,8.089375595110798,1,0.0,2011,2011,2011,Ki,B,1
VZDMPXBUIWEQHN-UHFFFAOYSA-N,CCCN1CCc2cccc3c2C1Cc1cccc(OCCCn2cc(CCCN4CCN(c5ccccc5OC)CC4)nn2)c1-3,8.088309841246138,1,0.0,2011,2011,2011,Ki,B,1
BKICZVHEIHZFNF-RUCARUNLSA-N,CC(=O)N[C@H]1CC[C@H](CCN2CCC(c3noc4cc(Cl)ccc34)CC2)CC1,8.08676912888644,2,0.0,2014,2014,2014,Ki,B,1
QSMRRBPLPRZVCE-IRJFHVNHSA-N,N#CCCC(=O)N[C@H]1CC[C@H](CCN2CCC(c3noc4cc(Cl)ccc34)CC2)CC1,8.08676912888644,2,0.0,2014,2014,2014,Ki,B,1
FUOMYSOASQSWCG-UHFFFAOYSA-N,Clc1cccc(N2CCN(CCCCOc3ccc4cccnc4c3)CC2)c1Cl,8.086186147616283,1,0.0,2009,2009,2009,Ki,B,1
XDFFHOCWALNYAJ-UHFFFAOYSA-N,COc1ccccc1N1CCN(CCCCc2cn(-c3ccc(-c4ccsc4)cc3)nn2)CC1,8.086186147616283,1,0.0,2015,2015,2015,Ki,B,1
NRCRTBZRIJXRCY-FIKGOQFSSA-N,C[C@H]1CN(CC[C@H]2CC[C@H](NC(=O)C3CC3)CC2)CCc2ccc(Cl)cc21,8.086186147616283,1,0.0,2021,2021,2021,Ki,B,1
FGGHQCCTGDDYGV-KESTWPANSA-N,CC(C)C(=O)N[C@H]1CC[C@H](CCN2CCC(c3cccc4c3OCO4)CC2)CC1,8.083019952679617,2,0.0,2013,2013,2013,Ki,B,1
VZIIAQQJQFQYID-XYWHTSSQSA-N,O=C(N[C@H]1CC[C@H](CCN2CCC(c3cccc4c3CCO4)CC2)CC1)c1ccc(Cl)cc1Cl,8.08196966321512,2,0.0,2014,2014,2014,Ki,B,1
JFLBTRDHDHTNGX-UHFFFAOYSA-N,CN1CCN(C2=Cn3cccc3Sc3ccccc32)CC1,8.080921907623926,1,0.0,2005,2005,2005,Ki,B,1
ZZXVDSCUNRLYPT-UHFFFAOYSA-N,CCN(Cc1ccccc1)C(=O)NCCCCN1CCN(c2cc(C(F)(F)F)nc(C(C)(C)C)n2)CC1,8.080921907623926,1,0.0,2006,2006,2006,Ki,B,1
BTQXZESHJSOQFU-UHFFFAOYSA-N,O=C(NCCCCN1CCN(c2cccc(Cl)c2)CC1)c1ccc(-c2ccsc2)cc1,8.080921907623926,1,0.0,2019,2019,2019,Ki,B,1
LIJZDQUYGUZHCR-UHFFFAOYSA-N,Clc1cccc(N2CCN(CCCCn3cc(-c4ccc(-c5ccccc5)cc4)nn3)CC2)c1Cl,8.079876673709276,1,0.0,2015,2015,2015,Ki,B,1
GVOWTPVTYQMHDU-UHFFFAOYSA-N,COc1ccccc1N1CCN(CCCCNc2nccc3ccccc23)CC1,8.077450979992872,2,1.304681336048089,2010,2017,2013,Ki,B,2
CMOUHGOJSYWQFR-LRHALGNLSA-N,CO[C@H]1CC[C@H](CC(=O)N[C@H]2CC[C@H](CCN3CCC(c4noc5ccc(Cl)cc45)CC3)CC2)CC1,8.076704159344496,2,0.0,2014,2014,2014,Ki,B,1
DWUAAOIZQFTYQP-UHFFFAOYSA-N,Oc1ccc2c(c1)OC(CNCc1ccccc1)CC2,8.075720713938118,1,0.0,1997,1997,1997,Ki,B,1
OBLDKFKTBGJWKJ-PHTYHVAFSA-N,O[C@@]1(c2ccc(Cl)cc2)C[C@H]2CC[C@@H](C1)N2Cc1coc2ccc3ccccc3c12,8.075720713938118,1,0.0,2008,2008,2008,Ki,B,1
BSIYFWFTDCENGZ-ONEGZZNKSA-N,O=C(NC/C=C/CN1CCN(c2ccccc2OCCF)CC1)c1ccc(OCCF)cc1,8.075720713938118,1,0.0,2011,2011,2011,Ki,B,1
OSBDFYCPKUJFJJ-SNAWJCMRSA-N,COc1ccccc1N1CCN(C/C=C/CNC(=O)c2cc3cc(OCCOCCOCCF)ccc3[nH]2)CC1,8.075720713938118,1,0.0,2013,2013,2013,Ki,B,1
MGDSRFOVDPARJD-UHFFFAOYSA-N,CC(C)(C)c1nc(N2CCN(CCCCNC(=O)c3cn4ccccc4n3)CC2)cc(C(F)(F)F)n1,8.075720713938118,11,0.6720998773968505,2014,2018,2014,IC50;Ki,B;F,3
QSQIAXNZWRLSSO-UHFFFAOYSA-N,CC(C)(C)c1nc(C2CC2)cc(N2CCN(CCCCNC(=O)c3cn4ccccc4n3)CC2)n1,8.075720713938118,3,0.0,2014,2018,2017,Ki,B,3
QGGUMCZIAASPSU-KESTWPANSA-N,O=C(N[C@H]1CC[C@H](CCN2CCC(c3cccc4c3CCO4)CC2)CC1)C1(O)CC1,8.075720713938118,2,0.0,2014,2014,2014,Ki,B,1
QNJDOVDHWZTXIL-XYWHTSSQSA-N,O=C(N[C@H]1CC[C@H](CCN2CCC(c3cccc4c3CCO4)CC2)CC1)C1CCC1,8.075720713938118,2,0.0,2014,2014,2014,Ki,B,1
ZTEUONPYEGTUMM-FCHUYYIVSA-N,C=CCN1C[C@H](OC(=O)Nc2ccccc2C)C[C@H]1CNC(=O)c1cc(CCCF)cc(OC)c1OC,8.075720713938118,1,0.0,2023,2023,2023,Ki,B,1
UEOLBOREQLRPTL-DVUVRWKGSA-N,O=C(N[C@H]1CC[C@H](CCN2CCC(c3cccc4c3OCO4)CC2)CC1)C(O)C(F)(F)F,8.073143291050307,2,0.0,2013,2013,2013,Ki,B,1
IZWSUUXSTWDMST-IRJFHVNHSA-N,COCCC(=O)N[C@H]1CC[C@H](CCN2CCC(c3noc4cc(Cl)ccc34)CC2)CC1,8.070734381746934,2,0.0,2014,2014,2014,Ki,B,1
LPJGAZGHYONJPC-UHFFFAOYSA-N,COc1ccc(N2CCN(Cc3c(C)nc4cc(C)nc(C)n34)CC2)cc1,8.070581074285707,1,0.0,2009,2009,2009,Ki,B,1
GZSHNIANTLMMJR-UHFFFAOYSA-N,CC(C)(C)c1nc(N2CCN(CCCCNC(=O)c3nc4ccccc4[nH]3)CC2)cc(C(F)(F)F)n1,8.070581074285707,3,0.8994238789130514,2014,2014,2014,IC50;Ki,B,1
UHYDZQALANMGBP-UHFFFAOYSA-N,COc1ccccc1N1CCN(CCc2cn(-c3ccn4ncc(C=O)c4c3)nn2)CC1,8.070581074285707,1,0.0,2015,2015,2015,Ki,B,1
ILRFVZOWNPFKOR-UHFFFAOYSA-N,Clc1cccc(N2CCN(CCCc3cn(-c4ccn5nccc5c4)nn3)CC2)c1Cl,8.070581074285707,1,0.0,2015,2015,2015,Ki,B,1
FSLWZIRTOUAUNP-UHFFFAOYSA-N,O=c1ccc2c(N3CCN(CCCCOc4ccn5nccc5c4)CC3)ccc(O)c2o1,8.070581074285707,1,0.0,2017,2017,2017,Ki,B,1
CRAJXQNFXAOYDL-FXAWDEMLSA-N,Cn1c(SCCCN2C[C@@H]3CCN(c4ccc(C(F)(F)F)cc4)[C@@H]3C2)nnc1-c1cc[nH]c(=O)c1,8.070070439915412,2,0.0,2019,2020,2019,Ki,B,2
FYHDUYJHKIWKCX-UHFFFAOYSA-N,Cc1c(C(=O)NCCCCCN2CCN(c3cccc(Cl)c3Cl)CC2)nnn1Cc1ccccc1,8.070019409484486,1,0.0,2007,2007,2007,Ki,B,1
SZTHJRLWJXYLME-UHFFFAOYSA-N,COc1ccccc1N1CCN(CCCCOc2ccc3scnc3c2)CC1,8.070019409484486,1,0.0,2019,2019,2019,Ki,B,1
BSOLCASXROXPRZ-SHZHJNINSA-N,CN(C)C[C@@H]1CC2c3ccccc3Sc3ccc(F)cc3[C@H]2O1,8.065501548756432,1,0.0,2005,2005,2005,Ki,B,1
GPANICKLGIVBML-UHFFFAOYSA-N,COc1cccc2cc3n(c12)CCN(CCCCN1CCn2c(cc4ccccc42)C1=O)C3,8.065501548756432,1,0.0,2009,2009,2009,Ki,B,1
IDKIRFAIRCIGSS-FQEVSTJZSA-N,C#CC1=CC[C@H](N(CCC)CCCCNC(=O)c2cnn3ccccc23)CC1,8.065501548756432,1,0.0,2013,2013,2013,Ki,B,1
SLHJBGQZNOFTDB-IFMALSPDSA-N,COc1ccc2c(c1)[C@H]1OCCN(CCCCNC(=O)c3ccc(Br)cc3)[C@@H]1CO2,8.065501548756432,1,0.0,2021,2021,2021,Ki,B,1
XTFGAHNJVINQAV-UHFFFAOYSA-N,CC(C)(C)c1nc(N2CCN(CCCCNC(=O)N3CCN(c4cnccn4)CC3)CC2)cc(C(F)(F)F)n1,8.065501548756432,2,0.0,2017,2018,2017,Ki,B,2
IDMCBMOPQUHSKE-UHFFFAOYSA-N,CCN1CCN(C(=O)NCCCCN2CCN(c3cc(C(F)(F)F)nc(C(C)(C)C)n3)CC2)CC1,8.065501548756432,2,0.0,2017,2018,2017,Ki,B,2
WFENTJXFRAVXHY-CQSZACIVSA-N,CCCN(CCC)[C@@H]1CCc2c(F)cccc2C1,8.064492734175287,1,0.0,1996,1996,1996,Ki,B,1
JLRYOWKVNYLGFB-OJBMAJLDSA-N,O=C(N[C@H]1CC[C@H](CCN2CCC(c3cccc4c3CCO4)CC2)CC1)c1ccc(-n2cccn2)cc1,8.062983892535186,2,0.0,2014,2014,2014,Ki,B,1
BACBDGDLWOOPAD-JIBACQESSA-N,O=C(N[C@H]1CC[C@H](CCN2CCC(c3noc4cc(F)ccc34)CC2)CC1)c1ccc(N2CCCCC2)cc1,8.061230177216883,2,0.0,2014,2014,2014,Ki,B,1
RJAHNHBPWHWZAB-UHFFFAOYSA-N,O=C(NCCC(O)CN1CCN(c2cccc(Cl)c2Cl)CC1)c1ccc2c(c1)Cc1ccccc1-2,8.060739102249396,6,0.7492717434492507,2007,2014,2014,EC50;IC50;Ki,B;F,2
FQEKHPKAOCFEHM-UHFFFAOYSA-N,CCOC(=O)N1CCC(CCN2CCN(c3nsc4ccccc34)CC2)CC1,8.060480747381382,1,0.0,2016,2016,2016,Ki,B,1
DMJMPRBSMLSUQZ-UHFFFAOYSA-N,CC(C)(C)c1nc(N2CCN(CCCCNC(=O)N3CCN(c4cccc(C#N)c4)CC3)CC2)cc(C(F)(F)F)n1,8.060480747381382,2,0.0,2017,2018,2017,Ki,B,2
ZIQDGXNDXRMRPM-VGSWGCGISA-N,Cc1ncoc1-c1nnc(SCCCN2CC[C@]3(C[C@@H]3c3ccc(C(F)(F)F)cc3F)C2)n1C,8.060037438339569,2,1.301098935068581,2016,2016,2016,Ki,B,1
GQPJBOOQHWEOKT-OUKQBFOZSA-N,O=C(/C=C/c1ccccc1)NCCCCN1CCc2ccccc2C1,8.059483515067432,1,0.0,2007,2007,2007,Ki,B,1
FDGBPEVIZWNWEX-LSNLESRRSA-N,COc1cc(CC(=O)N[C@H]2CC[C@H](CCN3CCC(c4noc5cc(F)ccc45)CC3)CC2)cc(OC)c1,8.056901376994515,2,0.0,2014,2014,2014,Ki,B,1
MDIVYFVFTFEFJF-RUCARUNLSA-N,N#CCC(=O)N[C@H]1CC[C@H](CCN2CCC(c3noc4cc(Cl)ccc34)CC2)CC1,8.056901376994515,2,0.0,2014,2014,2014,Ki,B,1
WYGBVOBBNUHWLX-UHFFFAOYSA-N,c1ccc(CNCCOc2cccc3[nH]ncc23)cc1,8.05551732784983,1,0.0,1999,1999,1999,Ki,B,1
KFYDJOCWGSDKIF-UHFFFAOYSA-N,COc1ccccc1N1CCCN(CCCCNC(=O)c2ccc(F)cc2)CC1,8.05551732784983,1,0.0,2013,2013,2013,Ki,B,1
MBKIFLFRYIEMRC-UHFFFAOYSA-N,COc1cccc(N2CCN(CCCCNC(=O)c3cc4ccccc4o3)CC2)c1,8.05551732784983,1,0.0,2014,2014,2014,Ki,B,1
JVGMVZVCYZVQMN-IYARVYRRSA-N,CC(C)(O)C(=O)N[C@H]1CC[C@H](CCN2CCN(c3cccc4c3OCO4)CC2)CC1,8.05551732784983,2,0.0,2014,2014,2014,Ki,B,1
SGABQHZVZUGQTC-JKIUYZKVSA-N,O=C(CC1CCOCC1)N[C@H]1CC[C@H](CCN2CCC(c3cccc4c3OCO4)CC2)CC1,8.055024091587953,2,0.0,2013,2013,2013,Ki,B,1
VMWNQDUVQKEIOC-CYBMUJFWSA-N,CN1CCc2cccc3c2[C@H]1Cc1ccc(O)c(O)c1-3,8.05395269865476,6,0.3453622856376479,1994,2024,2011,EC50;Ki,B;F,6
OCELOKBVPAERLI-MRXNPFEDSA-N,Oc1ccc2c(c1)O[C@@H](CNCc1ccc(I)cc1)CC2,8.053508558118251,2,0.2779259987332799,2014,2014,2014,Ki,B,1
CFTKIUKLSZSRGT-LFKXIUMZSA-N,O=C(CC1COCCO1)N[C@H]1CC[C@H](CCN2CCC(c3cccc4c3OCO4)CC2)CC1,8.051587034221399,2,0.0,2013,2013,2013,Ki,B,1
FQRXUQIAZYDCID-UHFFFAOYSA-N,COc1ccccc1N1CCN(CCCc2cn(-c3ccc(-c4ccsc4)cc3)nn2)CC1,8.050609993355087,1,0.0,2015,2015,2015,Ki,B,1
AYPVCAPOVVHYNK-XGAFWQRZSA-N,O=C(N[C@H]1CC[C@H](CCN2CCC(c3cccc4c3CCO4)CC2)CC1)C1CC1,8.050609993355087,2,0.0,2014,2014,2014,Ki,B,1
HRGLDIJXNKMLQF-XUTJKUGGSA-N,O=C(CC1CCC1)N[C@H]1CC[C@H](CCN2CCN(c3nccc4c3CCO4)CC2)CC1,8.049635145623878,1,0.0,2013,2013,2013,Ki,B,1
UTQIQWGFEQDQAG-UHFFFAOYSA-N,CCCCCCCCCN1CCC(c2cccc(O)c2)C1,8.047866792018674,6,0.33255436335185645,2018,2018,2018,Ki,B,1
RVTWDXPARRMUCU-UHFFFAOYSA-N,CCOc1ccccc1N1CCN(CCCCc2cc(-c3ccccc3)no2)CC1,8.045757490560675,1,0.0,2002,2002,2002,Ki,B,1
APMOACCZLSVUQN-MDZDMXLPSA-N,C(=C\Cn1c(-c2ccc(OCCCN3CCCC3)cc2)nc2ccccc21)/Cn1c(-c2ccc(OCCCN3CCCC3)cc2)nc2ccccc21,8.045757490560675,1,0.0,1995,1995,1995,Ki,B,1
HZYGVALVFFNNGE-UHFFFAOYSA-N,O=C(NCCCCN1CCN(c2cccc(Cl)c2Cl)CC1)c1cccc(F)n1,8.045757490560675,1,0.0,2005,2005,2005,Ki,B,1
FHXDBZHSFZNQBN-UHFFFAOYSA-N,COc1ccccc1N1CCCN(CCCCNC(=O)c2ccc(-c3ccccc3)s2)CC1,8.045757490560675,1,0.0,2013,2013,2013,Ki,B,1
MRZXGFAYAQXVTL-UHFFFAOYSA-N,COc1ccccc1N1CCCN(CCCCNC(=O)c2ccc(CCF)cc2)CC1,8.045757490560675,1,0.0,2013,2013,2013,Ki,B,1
VTFHJUTXAYAVPD-PMVMPFDFSA-N,O=C(C[C@@H]1CCCCO1)N[C@H]1CC[C@H](CCN2CCC(c3cccc4c3OCO4)CC2)CC1,8.045757490560675,2,0.0,2013,2013,2013,Ki,B,1
OOQJGWPOJZCKHM-YEMPIKNUSA-N,O=C(CC1CCCO1)N[C@H]1CC[C@H](CCN2CCC(c3cccc4c3CCO4)CC2)CC1,8.045757490560675,2,0.0,2014,2014,2014,Ki,B,1
RMGLEYGDPBYQMA-YMPZKCBVSA-N,O=C(C[C@@H]1COCCO1)N[C@H]1CC[C@H](CCN2CCC(c3cccc4c3CCO4)CC2)CC1,8.045757490560675,2,0.0,2014,2014,2014,Ki,B,1
XLEPAPXUDZKLLX-NGZATLCBSA-N,O=C(CC1CCCO1)N[C@H]1CC[C@H](CCN2CCC(c3noc4cc(Cl)ccc34)CC2)CC1,8.045757490560675,2,0.0,2014,2014,2014,Ki,B,1
JACOQOMTWSSQPK-ZFUCAUIQSA-N,COC[C@H]1CC[C@H](CC(=O)N[C@H]2CC[C@H](CCN3CCC(c4noc5cc(Cl)ccc45)CC3)CC2)CC1,8.045757490560675,2,0.0,2014,2014,2014,Ki,B,1
AOWKBRDSGSHTGO-IRJFHVNHSA-N,COC(CC(=O)N[C@H]1CC[C@H](CCN2CCC(c3noc4cc(Cl)ccc34)CC2)CC1)OC,8.044312249686495,2,0.0,2014,2014,2014,Ki,B,1
CIQACWAFDSMBMG-PGWJBFNOSA-N,O=C(N[C@H]1CC[C@H](CCN2CCC(c3noc4ccc(F)cc34)CC2)CC1)c1ccc(N2CCOCC2)cc1,8.044023777751674,2,0.0,2014,2014,2014,Ki,B,1
LAGLIYNPBAJZEJ-LFKXIUMZSA-N,O=C(CC1CCCO1)N[C@H]1CC[C@H](CCN2CCC(c3cccc4c3OCO4)CC2)CC1,8.042871802323187,2,0.0,2013,2013,2013,Ki,B,1
PATXYRVWJPYPMG-SAABIXHNSA-N,O=C(CO)N[C@H]1CC[C@H](CCN2CCC(c3cccc4c3OCO4)CC2)CC1,8.041436116778033,2,0.0,2013,2013,2013,Ki,B,1
VQMDEMJGEQRPDH-UHFFFAOYSA-N,O=C(CCCCCCCC(=O)OC1(c2ccc(Cl)cc2)CCN(CCCC(=O)c2ccc(F)cc2)CC1)OC1(c2ccc(Cl)cc2)CCN(CCCC(=O)c2ccc(F)cc2)CC1,8.040958607678906,1,0.0,2014,2014,2014,Ki,B,1
LHVNTWQOJGSYCB-UHFFFAOYSA-N,Cn1c(SCCCN2CC3CCN(c4ccc(F)cc4)C3C2)nnc1-c1cc[nH]c(=O)c1,8.040005161671584,3,0.023096990860063248,2016,2020,2019,Ki,B,3
KKJIMDAMMQSFSZ-OWOJBTEDSA-N,NC(=O)c1cccc(-c2ccc(OC(=O)NC/C=C/CN3CCN(c4cccc(Cl)c4Cl)CC3)cc2F)c1,8.040005161671584,3,0.07106378218471948,2017,2017,2017,EC50,F,1
SFPBOMSMCNVMGQ-TZIWHRDSSA-N,COc1ccc2c(c1)[C@H]1OCCN(CCCCNC(=O)c3cccnc3)[C@@H]1CO2,8.03810452633215,1,0.0,2021,2021,2021,Ki,B,1
OXHFCAMGABAVGJ-MGBGTMOVSA-N,CCCN1CCc2cccc3c2[C@H]1Cc1cccc(OCc2cn(CCCCN4CCN(c5ccccc5OC)CC4)nn2)c1-3,8.037157318798757,1,0.0,2011,2011,2011,Ki,B,1
ZTGGPHRIDWWDQW-UHFFFAOYSA-N,COc1ccccc1N1CCN(CCCCNC(=O)c2cccc(I)c2)CC1,8.036212172654444,1,0.0,2003,2003,2003,Ki,B,1
UZZUNWBAZUITJX-VOTSOKGWSA-N,CC(C)(C)c1nc(N2CCN(C/C=C/CN3C(=O)CCc4ccccc43)CC2)cc(C(F)(F)F)n1,8.036212172654444,1,0.0,2006,2006,2006,Ki,B,1
IDWFBPRPZDTKJU-RKTRBERCSA-N,O=C(N[C@H]1CC[C@H](CCN2CCC(c3coc4ccccc34)CC2)CC1)C1CCCO1,8.036212172654444,2,0.0,2014,2014,2014,Ki,B,1
YXGIYSCRDTWJRJ-MYKGNVCDSA-N,O=C(N[C@H]1CC[C@H](CCN2CCC(c3cccc4c3CCO4)CC2)CC1)C(O)C(F)(F)F,8.036212172654444,2,0.0,2014,2014,2014,Ki,B,1
QBCMAEWHGOHJTN-UHFFFAOYSA-N,O=C(c1cc2ccccc2[nH]1)N1CCN(CCOc2ccccc2)CC1,8.036212172654444,2,0.0,2020,2023,2021,EC50,B,2
FJCLYLWFKWDKEV-KESTWPANSA-N,CC(=O)N[C@H]1CC[C@H](CCN2CCC(c3noc4cc(C)ccc34)CC2)CC1,8.032686081712917,2,0.0,2014,2014,2014,Ki,B,1
XTUBFYJCRZIUBT-KESTWPANSA-N,COCCC(=O)N[C@H]1CC[C@H](CCN2CCC(c3ccc(F)c4occc34)CC2)CC1,8.032452023781138,2,0.0,2014,2014,2014,Ki,B,1
NWNDKLAEZZBIHP-UHFFFAOYSA-N,CC(C)(C)c1nc(N2CCN(CCCCn3cccc(C(F)(F)F)c3=O)CC2)cc(C(F)(F)F)n1,8.031517051446064,1,0.0,2006,2006,2006,Ki,B,1
YVYNLGNFOSLQJL-UHFFFAOYSA-N,O=C1N(CCF)CN(c2ccccc2)C12CCN(Cc1coc3ccccc13)CC2,8.031517051446064,1,0.0,2010,2010,2010,Ki,B,1
HWNDEDIZZJRHGF-UHFFFAOYSA-N,Cc1cc(N2CCN(CCCCNC(=O)c3cn4ccccc4n3)CC2)nc(C(C)(C)C)n1,8.031517051446064,3,0.0,2014,2018,2017,Ki,B,3
DGWVDYZYSAQNNO-IZVJSRMBSA-N,C[C@H]1CN(CC[C@H]2CC[C@H](N3C(=O)[C@H]4CCCC[C@H]4C3=O)CC2)CCc2ccc(Cl)cc21,8.031517051446064,1,0.0,2021,2021,2021,Ki,B,1
OMXJWXICMCUBRZ-UHFFFAOYSA-N,Cn1c(SCCCN2CC3CCN(c4ccc(F)cc4F)C3C2)nnc1-c1cnccn1,8.0301183562535,5,0.17281166220444819,2016,2020,2016,Ki,B,3
MSHUBKLFRWFTKI-HSZRJFAPSA-N,Oc1ccc2c(c1)O[C@@H](CNCCN1CCN(c3ccc(OCCF)cc3)CC1)CC2,8.029990922496168,2,0.042413569342161256,2014,2014,2014,Ki,B,1
ARSLLTCMIOZESX-PNYWAOBFSA-N,Cn1c(SCCCN2CC[C@]3(C[C@@H]3c3ccc(C(F)(F)F)cc3)C2)nnc1C1CCNC(=O)C1,8.029990922496168,2,0.042413569342161256,2016,2016,2016,Ki,B;F,1
VTFHJUTXAYAVPD-YEMPIKNUSA-N,O=C(CC1CCCCO1)N[C@H]1CC[C@H](CCN2CCC(c3cccc4c3OCO4)CC2)CC1,8.029188389127482,2,0.0,2013,2013,2013,Ki,B,1
IHTMZOURUQYLLI-RQNOJGIXSA-N,CC(C)(C)c1nc(N2CCN(CCCCNC(=O)[C@H]3CC[C@H](c4ccccc4)CC3)CC2)cc(C(F)(F)F)n1,8.0268721464003,3,0.22815020847804648,2014,2014,2014,IC50;Ki,B;F,1
VJMYWLHHQXMODZ-UHFFFAOYSA-N,COc1cccc(N2CCN(CCCCNC(=O)c3cc4ccccc4cn3)CC2)c1,8.0268721464003,1,0.0,2014,2014,2014,Ki,B,1
RJGQFVDJRWMRJD-UHFFFAOYSA-N,COc1ccc2nc(NC(=O)CCCCN3CCN(c4ccc(Cl)cc4)CC3)sc2c1,8.0268721464003,1,0.0,2015,2015,2015,Ki,B,1
VSWBSWWIRNCQIJ-UHFFFAOYSA-N,CN1CC2c3ccccc3Oc3ccc(Cl)cc3C2C1,8.0268721464003,1,0.0,2015,2015,2015,Ki,B,1
IHTMZOURUQYLLI-UHFFFAOYSA-N,CC(C)(C)c1nc(N2CCN(CCCCNC(=O)C3CCC(c4ccccc4)CC3)CC2)cc(C(F)(F)F)n1,8.0268721464003,2,0.0,2017,2018,2017,Ki,B,2
KGHICJQDLKRYCB-AFARHQOCSA-N,Cc1cc2occc2c(N2CCN(CC[C@H]3CC[C@H](NC(=O)CC4CCOCC4)CC3)CC2)n1,8.024568191490737,1,0.0,2013,2013,2013,Ki,B,1
UPDGYYYUTBGSJZ-IALBEUSZSA-N,CC(C)(C)C1CCC(C(=O)N[C@H]2CC[C@H](CCN3CCC(c4coc5ccccc45)CC3)CC2)CC1,8.023191662661933,2,0.0,2014,2014,2014,Ki,B,1
NBCNQEXSFAAUHI-UHFFFAOYSA-N,COc1ccccc1N1CCN(CCCCc2cc(-c3ccccc3)no2)CC1,8.022276394711152,1,0.0,2002,2002,2002,Ki,B,1
BXOPFJXHIDYFEL-UHFFFAOYSA-N,O=C(CCN1CCN(CCC(=O)OC2(c3ccc(Cl)cc3)CCN(CCCC(=O)c3ccc(F)cc3)CC2)CC1)OC1(c2ccc(Cl)cc2)CCN(CCCC(=O)c2ccc(F)cc2)CC1,8.022276394711152,1,0.0,2014,2014,2014,Ki,B,1
CFTKIUKLSZSRGT-CEMLEFRQSA-N,O=C(C[C@@H]1COCCO1)N[C@H]1CC[C@H](CCN2CCC(c3cccc4c3OCO4)CC2)CC1,8.022276394711152,2,0.0,2013,2013,2013,Ki,B,1
PVFMPPYWTMNZHL-UHFFFAOYSA-N,Cn1cc(C(=O)N2CCN(CCOc3cccnc3)CC2)c2ccccc21,8.022276394711152,3,0.0,2020,2023,2023,EC50,B,2
XWSSRMXCAFXSRM-CFFRYYMNSA-N,C[C@H]1CN(CC[C@H]2CC[C@H](NC(=O)[C@@H]3CCCN3)CC2)CCc2ccc(Cl)cc21,8.022276394711152,1,0.0,2021,2021,2021,Ki,B,1
UDVAQYIDEGUIPQ-XZOQPEGZSA-N,C=CCN1C[C@H](OCc2ccccc2)C[C@H]1CNC(=O)c1cc(CCCF)cc(OC)c1OC,8.022276394711152,1,0.0,2023,2023,2023,Ki,B,1
LYFJPSCHBLEEJR-UHFFFAOYSA-N,CC(C)(C)c1cc(N2CCN(CCCCNC(=O)N3CCc4[nH]c5ccccc5c4C3)CC2)nc(C(C)(C)C)n1,8.022276394711152,1,0.0,2017,2017,2017,Ki,B,1
UTWPJLLDBXANCC-UHFFFAOYSA-N,CC(C)(C)c1cc(N2CCN(CCCCNC(=O)N3CCc4c([nH]c5ccccc45)C3)CC2)nc(C(C)(C)C)n1,8.022276394711152,1,0.0,2018,2018,2018,Ki,B,1
XTFRBHHJAHSVNA-UHFFFAOYSA-N,COc1ccccc1N1CCN(CCCCOc2ccn3nc(C=O)cc3c2)CC1,8.019996628416253,3,0.0659947278254666,2017,2017,2017,EC50;Ki,B;F,1
MGBCZDZRQGYLRL-UHFFFAOYSA-N,CC(C)(C)c1nc(N2CCN(CCCCN3C(=O)CCSc4ccccc43)CC2)cc(C(F)(F)F)n1,8.017728766960431,1,0.0,2006,2006,2006,Ki,B,1
BKMZKOFYOHRYLE-UHFFFAOYSA-N,COc1ccccc1N1CCN(CCCc2cn(-c3ccc(SC)cc3)nn2)CC1,8.017728766960431,1,0.0,2015,2015,2015,Ki,B,1
FDBMIKAQORBNLT-NRCGHCQOSA-N,O=C(N[C@H]1CC[C@H](CCN2CCC(c3cccc4c3CCO4)CC2)CC1)C1CC1(F)F,8.017728766960431,2,0.0,2014,2014,2014,Ki,B,1
HMETZCGOVJHJBJ-WKILWMFISA-N,N[C@H]1CC[C@H](CCN2CCN(c3nsc4ccccc34)CC2)CC1,8.017728766960431,1,0.0,2016,2016,2016,Ki,B,1
WXIJHIYOSNRVJO-UHFFFAOYSA-N,CC(C)c1nc(N2CCN(CCCCNC(=O)N3CCN(C(C)C)CC3)CC2)cc(C(F)(F)F)n1,8.017728766960431,2,0.0,2017,2018,2017,Ki,B,2
KMQDRNRLOPUIKH-RUCARUNLSA-N,O=C(N[C@H]1CO[C@H](CCN2CCc3sc(OCC(F)(F)F)nc3C2)OC1)OCc1ccccc1,8.017728766960431,2,0.0,2020,2022,2021,Ki,B,2
VGJNZAVHANBHEO-UHFFFAOYSA-N,COc1ccccc1N1CCN(CCCCNC(=O)c2nccc3ccccc23)CC1,8.016824927962187,1,0.0,2003,2003,2003,Ki,B,1
SFPSQBFPUCFLEZ-AIZNXBIQSA-N,OC1(c2ccc(Cl)cc2)C[C@H]2CC[C@@H](C1)N2CCCCc1ccc(F)cc1,8.013228265733755,1,0.0,2012,2012,2012,Ki,B,1
SFPSQBFPUCFLEZ-UHFFFAOYSA-N,OC1(c2ccc(Cl)cc2)CC2CCC(C1)N2CCCCc1ccc(F)cc1,8.013228265733755,1,0.0,2014,2014,2014,Ki,B,1
HHRGFYRLYOYIFM-IYARVYRRSA-N,CCC(=O)N[C@H]1CC[C@H](CCN2CCN(c3nccc4c3CCO4)CC2)CC1,8.013228265733755,1,0.0,2013,2013,2013,Ki,B,1
SUATVGXCTNKNQW-UAPYVXQJSA-N,CC(=O)N[C@H]1CC[C@H](CCN2CCC(c3ccc(F)c4occc34)CC2)CC1,8.012333735073724,2,0.0,2014,2014,2014,Ki,B,1
FEQXRZMYCWCJKY-LBZQVFOQSA-N,O=C(N[C@H]1CC[C@H](CCN2CCC(c3noc4cc(F)ccc34)CC2)CC1)C1CCOCC1,8.0112627247112,2,0.0,2014,2014,2014,Ki,B,1
UFUQIVBOXLXINJ-UHFFFAOYSA-N,Cn1c(SCCCN2CC3CCN(c4ccccc4C(F)(F)F)C3C2)nnc1-c1cccnc1,8.010105436281227,5,0.3982992691706031,2016,2020,2016,Ki,B,3
QTIAXUAWMLBIGP-LLVKDONJSA-N,Cc1nc(N)sc1CCCN/C(N)=N/C(=O)N[C@H](C)c1ccccc1,8.009972530925152,2,0.2828765810288385,2021,2021,2021,EC50;Ki,B;F,1
CFTKIUKLSZSRGT-BVSLBCMMSA-N,O=C(C[C@H]1COCCO1)N[C@H]1CC[C@H](CCN2CCC(c3cccc4c3OCO4)CC2)CC1,8.009217308196861,2,0.0,2013,2013,2013,Ki,B,1
PPVWOMBOQZECHS-UHFFFAOYSA-N,O=C(CCc1cn(CCOCCOCCOCCn2cc(CCC(=O)OC3(c4ccc(Cl)cc4)CCN(CCCC(=O)c4ccc(F)cc4)CC3)nn2)nn1)OC1(c2ccc(Cl)cc2)CCN(CCCC(=O)c2ccc(F)cc2)CC1,8.008773924307505,1,0.0,2014,2014,2014,Ki,B,1
ZDFGDUYZGMNXLU-IYARVYRRSA-N,CS(=O)(=O)CC(=O)N[C@H]1CC[C@H](CCN2CCN(c3nccc4c3CCO4)CC2)CC1,8.008773924307505,1,0.0,2013,2013,2013,Ki,B,1
FWRYWDVIHVFRGE-UHFFFAOYSA-N,O=C(NCCCCN1CCN(c2ccnc3ccccc23)CC1)N1CCN(c2ccccc2)CC1,8.008773924307505,2,0.0,2017,2018,2017,Ki,B,2
ZAVVYZJMZVTMNK-UHFFFAOYSA-N,CN1CCN(C(=O)NCCCCN2CCN(c3cc(C(F)(F)F)nc(C(C)(C)C)n3)CC2)CC1,8.008773924307505,2,0.0,2017,2018,2017,Ki,B,2
CVLZQDTWSWXSHI-CTNGQTDRSA-N,N#Cc1ccc2c(c1)CN(CC[C@@H]1C[C@H]1CNC(=O)c1cc3ccccc3[nH]1)CC2,8.008330992620051,1,0.0,2017,2017,2017,Ki,B,1
KZUQRBDBFQHGDF-NDKRRWIDSA-N,CN(C)C(=O)C(CCN1C[C@H](O)C[C@H]1C(=O)NCCCCN1CCN(c2cccc(Cl)c2Cl)CC1)(c1ccccc1)c1ccccc1,8.007004901568658,5,0.5233656588349909,2023,2023,2023,EC50;IC50;Ki,B;F,1
FMZYTGKVWBHUEI-UHFFFAOYSA-N,O=C(CCCN1CCN(c2cc3ccc2CCc2ccc(cc2)CC3)CC1)c1ccc(F)cc1,8.00436480540245,1,0.0,2010,2010,2010,Ki,B,1
XUCRUGYJRDTBOP-FLDQDSGZSA-O,CN1CCC[C@H]1c1ccc[n+](CCCCCCCCCCCCNCC2CCc3ccc(O)cc3O2)c1,8.00436480540245,1,0.0,2015,2015,2015,Ki,B,1
KXPJEGNVGVZNGX-KESTWPANSA-N,CN(C)S(=O)(=O)N[C@H]1CC[C@H](CCN2CCC(c3cccc4c3CCO4)CC2)CC1,8.00436480540245,2,0.0,2014,2014,2014,Ki,B,1
SUJGOAOWFMOBBD-UHFFFAOYSA-N,CC(C)(C)c1nc(N2CCN(CCCCNC(=O)N3CCC(N4CCCCC4)CC3)CC2)cc(C(F)(F)F)n1,8.00436480540245,2,0.0,2017,2018,2017,Ki,B,2
WLPHKXGJSXEPJH-AFARHQOCSA-N,CC(C)CCC(=O)N[C@H]1CC[C@H](CCN2CCC(c3cccc4c3CCO4)CC2)CC1,8.001304841688345,2,0.0,2014,2014,2014,Ki,B,1
QKNACGZYHIMKOB-AQYVVDRMSA-N,O=C(N[C@H]1CC[C@H](CCN2CCN(c3cccc4c3OCO4)CC2)CC1)c1ccccc1,8.000434511774017,2,0.0,2014,2014,2014,Ki,B,1
OJCBIYVJAWOBLI-XBISEHGESA-N,COc1cccc(/C=C/C(=O)N[C@H]2CC[C@H](CCN3Cc4ccc(C#N)cc4C3)CC2)c1,8.0,1,0.0,2001,2001,2001,Ki,B,1
KUBCXXBTKZCFPE-PKWGFICBSA-N,O=C(/C=C/c1ccc(F)cc1)N[C@H]1CC[C@H](CCN2Cc3ccc(C(F)(F)F)cc3C2)CC1,8.0,1,0.0,2001,2001,2001,Ki,B,1
PRDRZXROMYANHC-UHFFFAOYSA-N,CS(=O)(=O)Oc1cccc2c1CCC1C2CCCN1CCCCNC(=O)c1ccc(-c2ccccc2)cc1,8.0,1,0.0,1998,1998,1998,Ki,B,1
XJCNAPNYTSUCIR-DEOSSOPVSA-N,CCCN(CCC)[C@H]1CCc2cc(CCc3ccc(Cl)cc3)ccc2C1,8.0,1,0.0,1996,1996,1996,Ki,B,1
IMHPBHXANRDMAO-BUHFOSPRSA-N,Fc1ccccc1N1CCN(CCCCc2cc(/C=C/c3ccccc3)no2)CC1,8.0,1,0.0,2002,2002,2002,Ki,B,1
SAMQAQQHJAUYDF-BFZJZIARSA-N,N#Cc1ccc2c(c1)CCN(CC[C@H]1CC[C@H](NC(=O)c3ccc4ccccc4c3)CC1)C2,8.0,1,0.0,2000,2000,2000,Ki,B,1
BIMVUZQTSDREEH-XLIONFOSSA-N,CC(=O)Nc1ccc(CN2C[C@@H]3COc4ccc(C#N)cc4[C@H]3C2)cc1,8.0,1,0.0,1999,1999,1999,Ki,B,1
OVLGSRKGTAEWQF-ZEQRLZLVSA-N,CCN1[C@H](c2ccccc2)CC[C@H]1c1ccc(-c2cc(S(=O)(=O)CC)ccc2OC)[nH]1,8.0,1,0.0,1997,1997,1997,Ki,B,1
WCXOZRBCTFWPKS-UHFFFAOYSA-N,CCS(=O)(=O)c1ccc(OC)c(-c2ccc(C3CCCN3Cc3ccccc3)[nH]2)c1,8.0,1,0.0,1997,1997,1997,Ki,B,1
RNUUBPZBFUJPOR-UHFFFAOYSA-N,CCN(Cc1ccc(-c2cc(S(=O)(=O)CC)ccc2OC)[nH]1)Cc1ccccc1OC,8.0,1,0.0,1997,1997,1997,Ki,B,1
BNBJYVKSFPTBHW-BJMVGYQFSA-N,Cn1c(=O)ccc2cc(/C=C/C(=O)NCCCCN3CCc4ccc(OS(=O)(=O)C(F)(F)F)cc4C3)ccc21,8.0,1,0.0,1999,1999,1999,Ki,B,1
YHRNVXAUNZJNND-UHFFFAOYSA-N,CCS(=O)(=O)c1ccc(OC)c(-c2ccc(C(C)N3CCCCC3)[nH]2)c1,8.0,1,0.0,1996,1996,1996,Ki,B,1
RTRBUDIKCGJLKP-VAWYXSNFSA-N,C(=C\Cn1c(-c2ccc(OCCCN3CCCCC3)cc2)nc2ccccc21)/Cn1c(-c2ccc(OCCCN3CCCCC3)cc2)nc2ccccc21,8.0,1,0.0,1995,1995,1995,Ki,B,1
UICAAFBEFWZYOJ-WFCPMTAMSA-N,N#Cc1ccc2c(c1)CCN(CC[C@H]1CC[C@H](NC(=O)/C=C/c3ccccc3F)CC1)CC2,8.0,1,0.0,2000,2000,2000,Ki,B,1
GHSGRKSMXSWZPH-AEEMYVKYSA-N,N#Cc1ccc2c(c1)CCN(CC[C@H]1CC[C@H](NC(=O)c3ccc4ccc(O)nc4c3)CC1)CC2,8.0,1,0.0,2000,2000,2000,Ki,B,1
FASDKYOPVNHBLU-UHFFFAOYSA-N,CCCNC1CCc2nc(N)sc2C1,8.0,1,0.0,1999,1999,1999,Ki,B,1
MXDNCXSBIMPXLA-UHFFFAOYSA-N,CN(CCCCNC(=O)c1ccc(-c2ccccc2)cc1)C1CCc2nc(N)ncc2C1,8.0,1,0.0,1999,1999,1999,Ki,B,1
MLSIVBGRMUBBOL-NVXWUHKLSA-N,CCCN1CCO[C@@H]2c3cc4c(cc3CC[C@H]21)CCO4,8.0,1,0.0,1997,1997,1997,Ki,B,1
RRNSUOWXTVZIKJ-UHFFFAOYSA-N,C1=C(c2ccccc2)CCN(CCc2c[nH]c3ncccc23)C1,8.0,1,0.0,1999,1999,1999,Ki,B,1
RTJYNDZSOVYLSA-UHFFFAOYSA-N,COc1ccc(S(=O)(=O)Oc2ccccc2)cc1-c1ccc(CN2CCCCCC2c2ccccc2)[nH]1,8.0,1,0.0,1997,1997,1997,Ki,B,1
XOPUTZJGNOKLDY-UHFFFAOYSA-N,Cc1cc(-c2ccc3c(c2)CCN(CCCSc2nnc(C(C)C)n2C)CC3)no1,8.0,1,0.0,2007,2007,2007,Ki,F,1
UOCMXNLGBQWJPG-UHFFFAOYSA-N,Cc1cc(-c2ccc3c(c2)CCN(CCCSc2nnc(C(F)(F)F)n2C)CC3)no1,8.0,1,0.0,2007,2007,2007,Ki,F,1
GJRMDYLDWDRDIG-UHFFFAOYSA-N,COc1ccccc1N1CCN(CCCCNC(=O)c2ccc(C#Cc3ccccc3)cc2)CC1,8.0,1,0.0,2007,2007,2007,Ki,B,1
GKDLNLYIGUXYSK-UHFFFAOYSA-N,Cc1ncoc1-c1nnc(SCCCN2CCc3cc4nc(C(C)C)oc4cc3CC2)n1C,8.0,1,0.0,2008,2008,2008,Ki,F,1
JTHVEMXEJRSLPM-UHFFFAOYSA-N,COc1cccc(N2CCN(CCN3CCC(C(F)(F)F)CC3)C2=O)c1,8.0,1,0.0,2009,2009,2009,Ki,F,1
RUFBZCWKTFORNM-CXGRPWHSSA-N,CN(CCN1CCN(c2ccccc2)C1=O)C[C@]12CC[C@H](CC1)C2(C)C,8.0,2,0.0,2009,2009,2009,Ki,B;F,2
RLDHKTIILVTVIL-UHFFFAOYSA-N,Cc1nc(C)c(-c2nnc(SCCCN3CCC4CC4(c4ccc(C(F)(F)F)cc4)CC3)n2C)o1,8.0,1,0.0,2010,2010,2010,Ki,F,1
UKPYAHVTVCYHSG-FNLKRUPLSA-N,Cc1ncoc1-c1nnc(SCCCN2[C@@H]3CC[C@H]2C[C@@H](c2ccc(C(F)(F)F)cc2)C3)n1C,8.0,1,0.0,2010,2010,2010,Ki,F,1
YOPFVVBZYPEBHX-UHFFFAOYSA-N,COc1ccccc1N1CCN(CCCNC(=O)c2cnn3ccc(COCCOCCOCCOCCOCc4ccn5ncc(C(=O)NCCCN6CCN(c7ccccc7OC)CC6)c5c4)cc23)CC1,8.0,1,0.0,2012,2012,2012,Ki,B,1
IDKIRFAIRCIGSS-HXUWFJFHSA-N,C#CC1=CC[C@@H](N(CCC)CCCCNC(=O)c2cnn3ccccc23)CC1,8.0,1,0.0,2013,2013,2013,Ki,B,1
KVEHVMQJUPMJNA-HXUWFJFHSA-N,C#CC1=CC[C@@H](N(CCC)CCCCNC(=O)c2cc3ccccn3n2)CC1,8.0,1,0.0,2013,2013,2013,Ki,B,1
WUVBFCGMNNHUHJ-UHFFFAOYSA-N,Clc1cccc(N2CCN(CCCCOc3cccn4nccc34)CC2)c1Cl,8.0,1,0.0,2014,2014,2014,Ki,B,1
GVJCGWLQVQHHKA-UHFFFAOYSA-N,O=C(NCCCCN1CCN(c2ccccc2)CC1)c1cn2ccccc2n1,8.0,1,0.0,2014,2014,2014,Ki,B,1
FJTBQZNFUHLCOQ-UAPYVXQJSA-N,O=C(CO)N[C@H]1CC[C@H](CCN2CCC(c3cccc4c3CCO4)CC2)CC1,8.0,2,0.0,2014,2014,2014,Ki,B,1
XJWLBKKTJHDHSX-CEMLEFRQSA-N,CC[C@@H](O)CC(=O)N[C@H]1CC[C@H](CCN2CCC(c3cccc4c3CCO4)CC2)CC1,8.0,2,0.0,2014,2014,2014,Ki,B,1
YMMKVLDFUKHZTJ-UWJYYQICSA-N,Cn1c(SCCCN2CC[C@]3(C[C@H]3c3ccc(C(F)(F)F)cc3)C2)nnc1-c1nccs1,8.0,1,0.0,2016,2016,2016,Ki,B,1
FMGBBVCKDCTAKW-TZYAJKAJSA-N,CO[C@H]1CC[C@H](CC(=O)N[C@H]2CC[C@H](CCN3CCC(c4noc5cc(Cl)ccc45)CC3)CC2)C1,8.0,2,0.0,2014,2014,2014,Ki,B,1
JIZQRMQHJXHWIA-KKUOWXDVSA-N,COC(C)CC(=O)N[C@H]1CC[C@H](CCN2CCC(c3noc4cc(Cl)ccc34)CC2)CC1,8.0,2,0.0,2014,2014,2014,Ki,B,1
XHASDMXLWYCVQW-UHFFFAOYSA-N,COc1cc2c(cc1O)CN(CCCCNC(=O)c1ccc(I)cc1)CC2,8.0,1,0.0,2018,2018,2018,Ki,B,1
OMXJWXICMCUBRZ-MGPUTAFESA-N,Cn1c(SCCCN2C[C@@H]3CCN(c4ccc(F)cc4F)[C@@H]3C2)nnc1-c1cnccn1,8.0,2,0.0,2019,2020,2019,Ki,B,2
AGZZUNBFSOFXTB-JIBACQESSA-N,CC(C)(C)c1ccc(C(=O)N[C@H]2CC[C@H](CCN3CCC(c4coc5ccccc45)CC3)CC2)cc1,7.996970529446382,2,0.0,2014,2014,2014,Ki,B,1
VSWBBUWHPLHOIX-OBGWFSINSA-N,COc1ccccc1N1CCN(CCCCNC(=O)/C=C/c2ccc(Oc3ccccc3)cc2)CC1,7.995678626217357,1,0.0,2003,2003,2003,Ki,B,1
ZXIPYIPSODOSDY-UHFFFAOYSA-N,COc1cccc2c1CCCC(=O)N2CCCCN1CCN(c2cc(C(F)(F)F)nc(C(C)(C)C)n2)CC1,7.995678626217357,1,0.0,2006,2006,2006,Ki,B,1
FOSYKSVEHLEJMK-UAPYVXQJSA-N,CS(=O)(=O)N[C@H]1CC[C@H](CCN2CCC(c3cccc4c3CCO4)CC2)CC1,7.995678626217357,2,0.0,2014,2014,2014,Ki,B,1
BWJOFTXEAUJYMK-OJBMAJLDSA-N,O=C(N[C@H]1CC[C@H](CCN2CCC(c3cccc4c3OCO4)CC2)CC1)c1ccc(N2CCOCC2)cc1,7.995248844408999,2,0.0,2013,2013,2013,Ki,B,1
HDOZVRUNCMBHFH-UHFFFAOYSA-N,CN(C)CCOC1=Cc2ccccc2Sc2ccc(Cl)cc21,7.994850021680094,2,0.28138607863743126,2001,2004,2002,Ki,B,2
MTGUKBVSRDTGQB-DTQAZKPQSA-N,COc1ccccc1N1CCN(CCCCNC(=O)/C=C/c2ccc(C(C)(C)C)cc2)CC1,7.991399828238082,1,0.0,2003,2003,2003,Ki,B,1
VCZAICHKRVTUHW-UHFFFAOYSA-N,CC(C)(C)c1nc(N2CCN(CCCCNC(=O)c3cn4nc(Cl)ccc4n3)CC2)cc(C(F)(F)F)n1,7.991399828238082,5,1.178602020688893,2014,2018,2014,IC50;Ki,B,3
HHAWPWAQIRBXKW-SAIGFBBZSA-N,Cc1ccc(C(=O)N[C@H]2CC[C@H](CCN3CCC(c4cccc5c4CCO5)CC3)CC2)cn1,7.991399828238082,2,0.0,2014,2014,2014,Ki,B,1
CYQFCXCEBYINGO-IAGOWNOFSA-N,CCCCCc1cc(O)c2c(c1)OC(C)(C)[C@@H]1CCC(C)=C[C@@H]21,7.991399828238082,1,0.0,2017,2017,2017,EC50,F,1
NMGWKXZSQCGGGA-ZWKOTPCHSA-N,C=CCN1C[C@H](OCCN)C[C@H]1CNC(=O)c1cc(CCCF)cc(OC)c1OC,7.9904418547764635,2,0.04502083812754491,2023,2023,2023,IC50;Ki,B,1
JNTZATOMFKWPTP-UHFFFAOYSA-N,CCCN(CCCN1CCN(c2ccccc2)CC1)C1CCc2ccc(O)cc2C1,7.987162775294828,1,0.0,2008,2008,2008,Ki,B,1
QBXXUIOGPPBTJN-UHFFFAOYSA-N,Cc1cc(=O)oc2c(Cl)c(OCCCCN3CCC(c4noc5cc(F)ccc45)CC3)ccc12,7.986039931797098,2,0.5380963989411018,2013,2021,2017,IC50;Ki,B,2
DJNLKADPUUFBDG-AFARHQOCSA-N,O=C(CC1(O)CCCCC1)N[C@H]1CC[C@H](CCN2CCC(c3cccc4c3OCO4)CC2)CC1,7.984640244590786,2,0.0,2013,2013,2013,Ki,B,1
CDXSZIGVTVIYPC-UHFFFAOYSA-N,O=C1COc2cc(CN3CCN(c4ccccc4)CC3)ccc2N1,7.982966660701219,1,0.0,1999,1999,1999,Ki,B,1
DVJYRJGVDBAXTD-UHFFFAOYSA-N,Cc1cn(CCCCN2CCN(c3cc(C(F)(F)F)nc(C(C)(C)C)n3)CC2)c(=O)n(C)c1=O,7.982966660701219,1,0.0,2006,2006,2006,Ki,B,1
YRIPLGKCIYJQGV-SAIGFBBZSA-N,O=C(CC1CCOCC1)N[C@H]1CC[C@H](CCN2CCC(c3cccc4c3CCO4)CC2)CC1,7.982966660701219,2,0.0,2014,2014,2014,Ki,B,1
XFHLYLFABDLYDJ-UHFFFAOYSA-N,O=C(NCCCCN1CCN(c2ccc(Cl)cc2)CC1)c1ccc2ccccc2c1,7.982966660701219,1,0.0,2016,2016,2016,Ki,B,1
UCVFOYIRJYVIDW-UHFFFAOYSA-N,COc1ccccc1N1CCN(CCCCNC(=O)c2cc3ccccc3oc2=O)CC1,7.982926511446977,2,1.0773492826237505,2003,2006,2004,Ki,B,2
ZKIAIYBUSXZPLP-UHFFFAOYSA-N,O=c1ccc2ccc(OCCCCN3CCN(c4cccc5sccc45)CC3)cc2[nH]1,7.9821322810364945,1,0.0,2024,2024,2024,Ki,B,1
UOKGFRGTMUWXQL-UHFFFAOYSA-N,C1=C(c2ccccc2)CCN(Cc2cnn(-c3ccccc3)c2)C1,7.981486060122112,2,0.7071067811865476,2006,2006,2006,EC50;Ki,B;F,1
NABHHUMHJIHHIX-KRWDZBQOSA-N,O=C(NCC[C@H](O)CN1CCN(c2cccc(Cl)c2Cl)CC1)c1cc2ccccc2[nH]1,7.980173988209038,4,0.31151477842194963,2009,2017,2011,IC50;Ki,B;F,3
KZZIOGFYAGNURW-SAABIXHNSA-N,CS(=O)(=O)N[C@H]1CC[C@H](CCN2CCC(c3cccc4c3OCO4)CC2)CC1,7.979638717352293,2,0.0,2013,2013,2013,Ki,B,1
FSMFABUIPFMXCD-HNKWHGCMSA-N,O=C(N[C@H]1CC[C@H](CCN2CCC(c3cccc4c3CCO4)CC2)CC1)c1ccc(N2CCOCC2)cc1,7.978810700930062,2,0.0,2014,2014,2014,Ki,B,1
YNSPDEYTWHJYJV-KESTWPANSA-N,COCC(=O)N[C@H]1CC[C@H](CCN2CCC(c3cccc4occc34)CC2)CC1,7.978810700930062,2,0.0,2014,2014,2014,Ki,B,1
FMLDUWPAAHKNPY-HNKWHGCMSA-N,O=C(N[C@H]1CC[C@H](CCN2CCC(c3cccc4c3CCO4)CC2)CC1)c1ccc(-n2cccc2)cc1,7.978810700930062,2,0.0,2014,2014,2014,Ki,B,1
SAVFVEFYMIPDEM-UHFFFAOYSA-N,COc1ccccc1N1CCN(CCCNC(=O)Oc2cccc3ccccc23)CC1,7.978810700930062,1,0.0,2016,2016,2016,EC50,F,1
ULWSKYKKYCILKM-FYYLOGMGSA-N,O=C(NCCCCN1CCO[C@@H]2c3ccccc3OC[C@H]21)c1cc2ccccc2[nH]1,7.978810700930062,1,0.0,2021,2021,2021,Ki,B,1
SJWQSMJRDZSNPL-HXUWFJFHSA-N,Oc1ccc2c(c1)O[C@@H](CNCc1ccc(OCCCCF)cc1)CC2,7.978609895677566,2,0.08682601783424207,2014,2014,2014,Ki,B,1
WKAAYYBBGYEZQQ-UHFFFAOYSA-N,O=C(NCCCCN1CCN(c2cccc(Cl)c2Cl)CC1)c1cnc2ccccc2n1,7.97469413473523,5,0.6501624041239124,2003,2005,2005,IC50;Ki,B;F,3
AZSVWQHBZVBKES-BJKOFHAPSA-N,C=CCN1C[C@H](OC(=O)Nc2cccc(N(C)C)c2)C[C@H]1CNC(=O)c1cc(CCCF)cc(OC)c1OC,7.97469413473523,1,0.0,2023,2023,2023,Ki,B,1
KGNGZUOBKTUHGP-UHFFFAOYSA-N,CCc1cc(Cl)c(OC)c(N2CCN(CCCCNC(=O)c3cc4ccccc4[nH]3)CC2)c1,7.974365840564807,2,2.1112508324946275,2016,2016,2016,IC50;Ki,B,1
RMGLEYGDPBYQMA-PMVMPFDFSA-N,O=C(C[C@H]1COCCO1)N[C@H]1CC[C@H](CCN2CCC(c3cccc4c3CCO4)CC2)CC1,7.97061622231479,2,0.0,2014,2014,2014,Ki,B,1
MVNMMDGTQIXAJK-HZCBDIJESA-N,O=C(N[C@H]1CC[C@H](CCN2CCN(c3nccc4c3CCO4)CC2)CC1)c1ccnc2ccccc12,7.97061622231479,1,0.0,2013,2013,2013,Ki,B,1
HQAMJNKOXUQUKS-XYWHTSSQSA-N,O=C(N[C@H]1CC[C@H](CCN2CCN(c3nccc4c3CCO4)CC2)CC1)c1ccc(F)cc1,7.97061622231479,1,0.0,2013,2013,2013,Ki,B,1
AWSNADYOKQXJRZ-BTNBVRMJSA-N,CN1CCC(c2nnc(SCCCN3CC[C@]4(C[C@@H]4c4ccc(C(F)(F)F)cc4)C3)n2C)CC1=O,7.970029055969023,2,0.042385315525733255,2016,2016,2016,Ki,B;F,1
GPDZHKOGLHALQL-AVRDEDQJSA-N,Cn1c(SCCCN2CC[C@]3(C[C@H]3c3ccc(C(F)(F)F)cc3)C2)nnc1-c1cnccn1,7.969805214643249,1,0.0,2016,2016,2016,Ki,B,1
GAKGHYKFFZHEBW-SCTJWGJOSA-N,O=C(CC1CCCCO1)N[C@H]1CC[C@H](CCN2CCC(c3noc4cc(Cl)ccc34)CC2)CC1,7.969400278034049,2,0.0,2014,2014,2014,Ki,B,1
GAKGHYKFFZHEBW-VJBMBRPKSA-N,O=C(C[C@@H]1CCCCO1)N[C@H]1CC[C@H](CCN2CCC(c3noc4cc(Cl)ccc34)CC2)CC1,7.969400278034049,2,0.0,2014,2014,2014,Ki,B,1
QUZUPTMNMJTYGL-UHFFFAOYSA-N,CCCN(CCc1ccccc1)CCc1cccc(O)c1,7.967815937050173,2,0.43313462521296087,2012,2012,2012,EC50;Ki,B;F,1
JAWKNWQXUPQJQD-BUHFOSPRSA-N,COc1ccccc1NC1CCN(CCCCNC(=O)/C=C/c2ccccc2)CC1,7.966576244513051,1,0.0,2007,2007,2007,Ki,B,1
LAGLIYNPBAJZEJ-CEMLEFRQSA-N,O=C(C[C@H]1CCCO1)N[C@H]1CC[C@H](CCN2CCC(c3cccc4c3OCO4)CC2)CC1,7.966576244513051,2,0.0,2013,2013,2013,Ki,B,1
PSQWBHXNCLXCGM-XUTJKUGGSA-N,Cc1cc(C(=O)N[C@H]2CC[C@H](CCN3CCC(c4cccc5c4CCO5)CC3)CC2)on1,7.966576244513051,2,0.0,2014,2014,2014,Ki,B,1
XFXJOECCOKNBMS-UHFFFAOYSA-N,O=C(NCCCCN1CCC(=C2c3ccccc3CC(=O)c3sccc32)CC1)c1ccc2ccccc2c1,7.962573502059376,1,0.0,2007,2007,2007,Ki,B,1
PJWMINWCBXFJAI-UHFFFAOYSA-N,CCCN(CCN1CCN(c2ccccc2)CC1)C1CCc2ccc3c(c2C1)CC(=O)N3,7.962573502059376,1,0.0,2008,2008,2008,Ki,B,1
MBYOOAKPAWQCID-UHFFFAOYSA-N,OC1(c2ccc(Br)cc2)CCN(Cc2coc3ccccc23)CC1,7.962573502059376,1,0.0,2010,2010,2010,Ki,B,1
IIRXNWGIJONFMR-SNAWJCMRSA-N,COc1ccccc1N1CCN(C/C=C/CNC(=O)c2cc(I)ccc2OCCF)CC1,7.962573502059376,1,0.0,2011,2011,2011,Ki,B,1
FORAQSMKEXXBJZ-MXVIHJGJSA-N,CC(C)CC(=O)N[C@H]1CC[C@H](CCN2CCN(c3nccc4c3CCO4)CC2)CC1,7.962573502059376,1,0.0,2013,2013,2013,Ki,B,1
CRIDIVQBOHLVBM-INIZCTEOSA-N,N#CCN(CCN1CCN(c2ccc3[nH]ccc3c2Cl)CC1)[C@H]1CCc2nc(N)sc2C1,7.962573502059376,1,0.0,2015,2015,2015,EC50,F,1
UTJCXDMLSWYEJA-UHFFFAOYSA-N,CCCc1c(C(=O)NCCCCN2CCN(c3ccccc3OC)CC2)nnn1Cc1ccccc1,7.96018944585165,1,0.0,2007,2007,2007,Ki,B,1
VBTFJGYCISLKEQ-UHFFFAOYSA-N,Oc1cccc(OCCNCc2ccccc2)c1,7.958607314841775,2,0.0,1998,1999,1998,Ki,B,2
HWSOAPGUROKPOX-MXVIHJGJSA-N,COc1ccccc1N1CCN(CC[C@H]2CC[C@H](Nc3ncccn3)CC2)CC1,7.958607314841775,1,0.0,1998,1998,1998,Ki,B,1
YCNCIZWAGQTWBI-UHFFFAOYSA-N,O=C(CCCN1CCN2Cc3[nH]c4ccccc4c3CC2C1)c1ccc(F)cc1,7.958607314841775,1,0.0,2003,2003,2003,Ki,B,1
GJAYJBGLRYDTKW-UHFFFAOYSA-N,CS(=O)(=O)Nc1cc(OCCNCc2ccccc2)ccc1Cl,7.958607314841775,1,0.0,1998,1998,1998,Ki,B,1
BAJOTSCRNKRKED-UHFFFAOYSA-N,CCCN(CCC)C1Cc2ccc3nc(N)sc3c2C1,7.958607314841775,1,0.0,2000,2000,2000,Ki,B,1
XMDJBMQNVMNFTN-ZDUSSCGKSA-N,C=CCN1CCC[C@H]1CNC(=O)c1cc(I)ccc1OC,7.958607314841775,1,0.0,2007,2007,2007,Ki,B,1
YOODWDNGWLMMGG-UHFFFAOYSA-N,Clc1ccc(N2CC3CC2CN3Cc2c[nH]c3ncccc23)cc1,7.958607314841775,1,0.0,2009,2009,2009,Ki,B,1
HFOIDKHQFBQZMF-UHFFFAOYSA-N,COc1ccccc1N1CCN(CCCNC(=O)c2cccc(OCCOCCOCCOCCOc3cccc(C(=O)NCCCN4CCN(c5ccccc5OC)CC4)c3)c2)CC1,7.958607314841775,1,0.0,2012,2012,2012,Ki,B,1
JPDDFPJRGRBBJU-UHFFFAOYSA-N,COc1ccccc1N1CCN(CCCNC(=O)c2ccc(COCCOCCOCCOCCOCCOCCOCc3ccc(C(=O)NCCCN4CCN(c5ccccc5OC)CC4)cc3)cc2)CC1,7.958607314841775,1,0.0,2012,2012,2012,Ki,B,1
ODDQSYJSQXYQTO-UHFFFAOYSA-N,O=C(CCCCC(=O)OC1(c2ccc(Cl)cc2)CCN(CCCC(=O)c2ccc(F)cc2)CC1)OC1(c2ccc(Cl)cc2)CCN(CCCC(=O)c2ccc(F)cc2)CC1,7.958607314841775,1,0.0,2014,2014,2014,Ki,B,1
SXLLFTLZFDWMJK-UHFFFAOYSA-N,O=C(CCCCCC(=O)OC1(c2ccc(Cl)cc2)CCN(CCCC(=O)c2ccc(F)cc2)CC1)OC1(c2ccc(Cl)cc2)CCN(CCCC(=O)c2ccc(F)cc2)CC1,7.958607314841775,1,0.0,2014,2014,2014,Ki,B,1
QOECKZUXJGSVMP-UHFFFAOYSA-N,OC1(c2ccc(Cl)cc2)CC2CCC(C1)N2CCCSc1cccc(F)c1,7.958607314841775,1,0.0,2014,2014,2014,Ki,B,1
JZRSBDBOBRIPIA-ZQHSETAFSA-N,CCCN(CCCCNC(=O)/N=N/c1cc(F)c(F)c(F)c1)C1Cc2ccccc2C1,7.958607314841775,3,0.7097531120843809,2015,2015,2015,EC50;Ki,B;F,1
QNDFBMWALLMDKL-UHFFFAOYSA-N,CC(C)Oc1ccccc1N1CCC2CN(CCCSc3nnc(-c4cnccn4)n3C)CC21,7.958607314841775,5,0.36432191321846685,2016,2020,2016,Ki,B,3
JQSRFMXTGAVHIR-UHFFFAOYSA-N,O=C1CCc2ccc(OCCCCN3CCCN(c4cccc(Cl)c4Cl)CC3)nc2N1,7.958607314841775,1,0.0,2015,2015,2015,Ki,B,1
UQQGRIQPVHNBTP-UHFFFAOYSA-N,NC(=O)c1cccc(-c2ccc(OC(=O)NCCCCN3CCN(c4ccccc4C(F)(F)F)CC3)cc2)c1,7.958607314841775,1,0.0,2017,2017,2017,EC50,F,1
JQXMVFBXXAKVDC-OAQYLSRUSA-N,CCCN(CCCCOc1ccc2ccnn2c1)[C@@H]1CCc2c(O)cccc2C1,7.958607314841775,1,0.0,2017,2017,2017,Ki,B,1
IWKLJRLAWXMABE-UHFFFAOYSA-N,CC(C)(C)c1nc(N2CCN(CCCCNC(=O)N3CCC(c4ccccc4)CC3)CC2)cc(C(F)(F)F)n1,7.958607314841775,2,0.0,2017,2018,2017,Ki,B,2
MWNDNCSVRWMPJK-AQYVVDRMSA-N,O=C(N[C@H]1CC[C@H](CCN2CCc3sc(C4=CCOCC4)nc3C2)CC1)c1cccc2ncccc12,7.958607314841775,2,0.0,2020,2022,2021,Ki,B,2
DKNAYNJDTLBNCH-MXVIHJGJSA-N,O=C(N[C@H]1CC[C@H](CCN2CCN(c3cccc4c3OCO4)CC2)CC1)C1(O)CCCC1,7.957424487559809,2,0.0,2014,2014,2014,Ki,B,1
XXFBAYGHJVLPQT-UNBKKOSXSA-N,O=C(N[C@H]1CC[C@H](CCN2CCC(c3noc4cc(Cl)ccc34)CC2)CC1)C(O)C(F)(F)F,7.957424487559809,2,0.0,2014,2014,2014,Ki,B,1
VYAKZBSIEMCYFQ-ZHALLVOQSA-N,C[C@@H](O)C(=O)N[C@H]1CC[C@H](CCN2CCC(c3cccc4c3OCO4)CC2)CC1,7.955460239607589,2,0.0,2013,2013,2013,Ki,B,1
DQNYAPGMAYPLKE-UHFFFAOYSA-N,O=C(NCCCCN1CCN(C(c2ccccc2)c2ccccc2)CC1)c1ccc2ccccc2c1,7.954677021213342,1,0.0,2007,2007,2007,Ki,B,1
ZDQCZUNCBWFZGJ-UHFFFAOYSA-N,COc1ccccc1N1CCN(CCCCn2cc(-c3ccc4ccccc4c3)nn2)CC1,7.954677021213342,1,0.0,2015,2015,2015,Ki,B,1
UBDCKKJDVOIVBV-UHFFFAOYSA-N,CCCN(CCCCNC(=O)c1cc2ccccc2[nH]1)CC1CC1c1cccc(Cl)c1,7.954677021213342,1,0.0,2020,2020,2020,Ki,B,1
UCNUZCBZAAKMDU-VOTSOKGWSA-N,COc1ccccc1N1CCN(C/C=C/CNC(=O)c2ccc(-c3ccccn3)cc2)CC1,7.954096201499163,6,0.6391985788495239,2007,2014,2014,IC50;Ki,B;F,2
LRTWYJMSDIOBGF-UHFFFAOYSA-N,CC(C)(C)c1nc(N2CCN(CCCCn3c(=O)ccc4ccccc43)CC2)cc(C(F)(F)F)n1,7.950781977329818,1,0.0,2006,2006,2006,Ki,B,1
PACGJHIALGCWJV-UHFFFAOYSA-N,CCCN(CCN1CCN(c2ccccc2)CC1)C1CCc2cc(O)ccc2C1,7.950781977329818,1,0.0,2008,2008,2008,Ki,B,1
MGKAAGLTHAMQST-UHFFFAOYSA-N,OC1(c2ccc(I)cc2)CCN(Cc2coc3ccccc23)CC1,7.950781977329818,1,0.0,2010,2010,2010,Ki,B,1
DMXFLQZSXCIUTO-KESTWPANSA-N,CCS(=O)(=O)N[C@H]1CC[C@H](CCN2CCC(c3cccc4c3CCO4)CC2)CC1,7.950781977329818,2,0.0,2014,2014,2014,Ki,B,1
KNAFTDDIPPEGMH-UHFFFAOYSA-N,Cn1c(SCCCN2CC3CCN(c4ccc(OC(F)(F)F)cc4)C3C2)nnc1-c1cnccn1,7.950781977329818,3,0.029333843566052707,2016,2020,2019,Ki,B,3
IFRJRHQHHFLJCC-UHFFFAOYSA-N,O=C(NCCCCN1CCN(c2cccc(Cl)c2Cl)CC1)Oc1ccc(O)c2ccccc12,7.950781977329818,1,0.0,2016,2016,2016,EC50,F,1
GVNRTSAPTNNIPL-UHFFFAOYSA-N,CCCN(CCCCNC(=O)c1cc2ccccc2[nH]1)CC1CC1c1cc(F)ccc1OC,7.950781977329818,1,0.0,2020,2020,2020,Ki,B,1
KGPBMAROMMRKCL-UHFFFAOYSA-N,CCc1cccc(N2CCN(CC(O)CCNC(=O)c3nc(C)c[nH]3)CC2)c1Cl,7.950781977329818,1,0.0,2016,2016,2016,Ki,B,1
FUZTUBAKRJSXML-UHFFFAOYSA-N,Cc1ncoc1-c1nnc(SCCCN2CC3CCCN(c4cccc(C#N)c4)C3C2)n1C,7.950781977329818,2,0.0,2019,2020,2019,Ki,B,2
ULCOXAYPHBANNH-UHFFFAOYSA-N,CCc1cccc(N2CCN(CCC(O)CCNC(=O)c3nc(C)c[nH]3)CC2)c1Cl,7.950781977329818,1,0.0,2022,2022,2022,Ki,B,1
CDLTZBNPLAYVJT-UHFFFAOYSA-N,CCCCc1ccc(S(=O)(=O)Nc2ccc3c(c2)CNCC3)cc1,7.949987134946069,2,0.07072887205240509,2007,2007,2007,Ki,B,1
HMMLWDCQIVJIHP-UHFFFAOYSA-N,Cc1ccc2c(-c3nnc(SCCCN4CC5CC5(c5ccccc5)C4)n3C)cccc2n1,7.949984651306365,2,0.4949808086753247,2010,2010,2010,Ki,F,1
UIERZYNYMSMAJC-IYARVYRRSA-N,CN(C)C(=O)N[C@H]1CC[C@H](CCN2CCN(c3cccc4c3OCO4)CC2)CC1,7.948847477552619,2,0.0,2014,2014,2014,Ki,B,1
OUHCXMUUIFHTFO-SAABIXHNSA-N,COCCC(=O)N[C@H]1CC[C@H](CCN2CCC(c3noc4cc(F)c(F)cc34)CC2)CC1,7.944621668625,2,0.0,2014,2014,2014,Ki,B,1
WTUNYPKNGBFPKZ-JCNLHEQBSA-N,CC(=O)N[C@H]1CC[C@H](CCN2CCC(c3noc4cc(F)c(F)cc34)CC2)CC1,7.944239535312265,2,0.0,2014,2014,2014,Ki,B,1
QAWQNXXSPFROGF-UHFFFAOYSA-N,CC(C)(C)c1nc(N2CCN(CCCCn3ccc(C(F)(F)F)cc3=O)CC2)cc(C(F)(F)F)n1,7.943095148663527,1,0.0,2006,2006,2006,Ki,B,1
CLTPFFDUHORHID-UHFFFAOYSA-N,O=C(NCCCCN1CCN(c2cccc(Cl)c2Cl)CC1)Oc1cccc2sccc12,7.943095148663527,1,0.0,2016,2016,2016,EC50,F,1
KRFOALSDVMLWEQ-UHFFFAOYSA-N,O=C(Cn1c(CCCN2CCN(c3cccc(Cl)c3Cl)CC2)nc2ccccc21)NC1CCCCC1,7.940058111938045,1,0.0,2021,2021,2021,IC50,B,1
YMPBYYINMWNUQV-IYARVYRRSA-N,O=C(CCO)N[C@H]1CC[C@H](CCN2CCN(c3nccc4c3CCO4)CC2)CC1,7.939302159646388,1,0.0,2013,2013,2013,Ki,B,1
GZNLRQUVYFCLCG-UAPYVXQJSA-N,O=CN[C@H]1CC[C@H](CCN2CCC(c3cccc4c3CCO4)CC2)CC1,7.939302159646388,2,0.0,2014,2014,2014,Ki,B,1
LSEKXOSZIOVUOY-UHFFFAOYSA-N,Cc1ncoc1-c1nnc(SCCCN2CC3CCCN(c4ccc(C(F)(F)F)cc4)C3C2)n1C,7.939302159646388,3,0.022705967736276644,2016,2020,2019,Ki,B,3
BGRFOPBDZYUOMJ-UHFFFAOYSA-N,Cn1c(SCCCN2CC3CCN(c4ccccc4)C3C2)nnc1C1CCOCC1,7.939302159646388,5,0.2132194335969565,2016,2020,2016,Ki,B,3
JMYIPFBYRVHYMD-UHFFFAOYSA-N,CCCN(CCCCNC(=O)c1cc2ccccc2[nH]1)CC1CC1c1cc(Cl)ccc1OC,7.939302159646388,1,0.0,2020,2020,2020,Ki,B,1
SBCYNHCFJBYRJY-PKOBYXMFSA-N,Cc1ncoc1-c1nnc(SCCCN2C[C@@H]3CCN(c4ccccc4)[C@@H]3C2)n1C,7.939302159646388,2,0.0,2019,2020,2019,Ki,B,2
RJNNVSGDFJTERT-UHFFFAOYSA-N,Cn1c(SCCCN2CC3CCN(c4cccnc4)C3C2)nnc1C1CCCCC1,7.939302159646388,2,0.0,2019,2020,2019,Ki,B,2
UDVBAIMSAZRJGM-FQEVSTJZSA-N,Cn1c(SCCCN2CCO[C@H](c3ccc(C(F)(F)F)cc3)C2)nnc1-c1ccc(C(N)=O)cc1,7.939302159646388,1,0.0,2020,2020,2020,Ki,B,1
ZXEXODRNGHENCD-LSNLESRRSA-N,CN(C)c1ccc(C(=O)N[C@H]2CC[C@H](CCN3CCC(c4noc5cc(F)ccc45)CC3)CC2)cc1,7.938547520912807,2,0.0,2014,2014,2014,Ki,B,1
RDWXEESICWYGFN-ZNEWLNCYSA-N,CO[C@@H]1CC[C@@H](CC(=O)N[C@H]2CC[C@H](CCN3CCC(c4noc5cc(Cl)ccc45)CC3)CC2)OC1,7.936291440608582,2,0.0,2014,2014,2014,Ki,B,1
RWXAMLMBPWFLTN-UAPYVXQJSA-N,CN(C)S(=O)(=O)N[C@H]1CC[C@H](CCN2CCC(c3cccc4c3OCO4)CC2)CC1,7.935916564036404,2,0.0,2013,2013,2013,Ki,B,1
MWNMVEFIIAOCJG-UHFFFAOYSA-N,COc1ccccc1N1CCCN(CCCCNC(=O)c2cccc3c2-c2ccccc2C3=O)CC1,7.935542010773082,1,0.0,2013,2013,2013,Ki,B,1
UIWARYOQTYMMEM-UHFFFAOYSA-N,COc1ccc(N2CCN(C(=O)NCCCCN3CCN(c4cc(C(F)(F)F)nc(C(C)(C)C)n4)CC3)CC2)cc1,7.935542010773082,2,0.0,2017,2018,2017,Ki,B,2
RRSUWPYFZSEELD-AVRDEDQJSA-N,Cc1ncoc1-c1nnc(SCCCN2CC[C@]3(C[C@H]3c3ccccc3C(F)(F)F)C2)n1C,7.93492510915631,2,1.2515068999828627,2016,2016,2016,Ki,B,1
GOXUZWWTKIXHQU-JKIUYZKVSA-N,Cc1ccc(C(=O)N[C@H]2CC[C@H](CCN3CCC(c4cccc5c4OCO5)CC3)CC2)cn1,7.9344202852715515,2,0.0,2013,2013,2013,Ki,B,1
OOQJGWPOJZCKHM-PMVMPFDFSA-N,O=C(C[C@@H]1CCCO1)N[C@H]1CC[C@H](CCN2CCC(c3cccc4c3CCO4)CC2)CC1,7.931814138253838,2,0.0,2014,2014,2014,Ki,B,1
RMGLEYGDPBYQMA-YEMPIKNUSA-N,O=C(CC1COCCO1)N[C@H]1CC[C@H](CCN2CCC(c3cccc4c3CCO4)CC2)CC1,7.931814138253838,2,0.0,2014,2014,2014,Ki,B,1
VVTLMNQMVBGPMD-VQIMIIECSA-N,O=C(NCCCCN1CCO[C@@H]2c3ccccc3OC[C@H]21)c1ccco1,7.931814138253838,1,0.0,2021,2021,2021,Ki,B,1
RJNNVSGDFJTERT-PZJWPPBQSA-N,Cn1c(SCCCN2C[C@@H]3CCN(c4cccnc4)[C@@H]3C2)nnc1C1CCCCC1,7.931814138253838,2,0.0,2019,2020,2019,Ki,B,2
HZRDMMLAWDPBJF-FUDKSRODSA-N,O=C(C[C@@H]1CCCOC1)N[C@H]1CC[C@H](CCN2CCC(c3cccc4c3OCO4)CC2)CC1,7.931072388317928,2,0.0,2013,2013,2013,Ki,B,1
ZCRJZGXULSARDJ-JCNLHEQBSA-N,O=C(CCO)N[C@H]1CC[C@H](CCN2CCC(c3noc4cc(F)c(F)cc34)CC2)CC1,7.931072388317928,2,0.0,2014,2014,2014,Ki,B,1
XBGYRVVRFHZLSR-UHFFFAOYSA-N,Cn1c(=O)ccn(CCCCN2CCN(c3cc(C(F)(F)F)nc(C(C)(C)C)n3)CC2)c1=O,7.928117992693874,1,0.0,2006,2006,2006,Ki,B,1
RJRFHPUWQFNLFN-UHFFFAOYSA-N,CC(C)(C)c1nc(N2CCN(CCCCNC(=O)c3cn4cccnc4n3)CC2)cc(C(F)(F)F)n1,7.928117992693874,5,0.7790697002736297,2014,2018,2014,IC50;Ki,B,3
CXLYWFQWNGCVEG-IYARVYRRSA-N,CCC(=O)N[C@H]1CC[C@H](CCN2CCN(c3nccc4occc34)CC2)CC1,7.928117992693874,1,0.0,2013,2013,2013,Ki,B,1
RCSLPJAWSBFTLD-MXVIHJGJSA-N,COCCC(=O)N[C@H]1CC[C@H](CCN2CCN(c3nc(C)cc4c3CCO4)CC2)CC1,7.928117992693874,1,0.0,2013,2013,2013,Ki,B,1
NCNQTLANEBMAPM-UHFFFAOYSA-N,CN(C)CCC(C(=O)NCCCCN1CCN(c2cccc(Cl)c2Cl)CC1)(c1ccccc1)c1ccccc1,7.928117992693874,1,0.0,2021,2021,2021,Ki,B,1
MFAOTUDCDBJKBZ-JKIUYZKVSA-N,O=C(N[C@H]1CC[C@H](CCN2CCC(c3cccc4occc34)CC2)CC1)C1CCOCC1,7.924453038607469,2,0.0,2014,2014,2014,Ki,B,1
MBMINXDPXIMQPF-UHFFFAOYSA-N,N#Cc1cnn2ccc(NC(=O)CCCN3CCN(c4cccc(Cl)c4Cl)CC3)cc12,7.922940237242076,2,1.0116321123946528,2017,2017,2017,EC50;Ki,B;F,1
JIFIBXLKXAOALA-UHFFFAOYSA-N,Fc1ccc(-c2cc(CCCCN3CCN(c4ccccc4)CC3)on2)cc1,7.920818753952375,1,0.0,2002,2002,2002,Ki,B,1
IXUNXYUOXOHHSI-UHFFFAOYSA-N,CCCN1CC(c2ccccc2)OC2c3cc(O)ccc3CCC21,7.920818753952375,1,0.0,2002,2002,2002,Ki,B,1
VRJXNVWZJIUSSO-UHFFFAOYSA-N,COc1ccccc1N1CCN(CCCCN2CCc3c(cccc3-c3ccccc3)C2=O)CC1,7.920818753952375,1,0.0,2011,2011,2011,Ki,B,1
HOZYTVYXSUBCBF-UHFFFAOYSA-N,COc1cc(C(=O)NCCCCN2CCN(c3ccccc3OC)CC2)ccc1OCCCc1cn(CCCCCCCCn2cc(CCCOc3ccc(C(=O)NCCCCN4CCN(c5ccccc5OC)CC4)cc3OC)nn2)nn1,7.920818753952375,1,0.0,2011,2011,2011,Ki,B,1
JERZBICCWPTZQV-UHFFFAOYSA-N,N#Cc1cnn2ccc(OCCCCN3CCN(c4cccc(Cl)c4Cl)CC3)cc12,7.920818753952375,3,0.5245223672864071,2014,2014,2014,EC50;Ki,B;F,1
OTTGJZVMJFEQJT-UHFFFAOYSA-N,O=C(NCCCCN1CCN(c2ccccc2)CC1)c1cc2ccccc2cn1,7.920818753952375,1,0.0,2014,2014,2014,Ki,B,1
CGJFUPKHNBCZFP-UHFFFAOYSA-N,O=Cc1cnn2ccc(-n3cc(CCCN4CCN(c5cccc(Cl)c5Cl)CC4)nn3)cc12,7.920818753952375,1,0.0,2015,2015,2015,Ki,B,1
SSFLFRPKMGNFFZ-UHFFFAOYSA-N,COc1ccccc1N1CCN(CCCCNC(=O)N(C)c2ccccc2)CC1,7.920818753952375,1,0.0,2016,2016,2016,Ki,B,1
FNDYKBLJPFQMEN-UHFFFAOYSA-N,COc1cc(CCNCCc2ccc(O)c(O)c2)ccc1OCCCc1ccccc1,7.920818753952375,1,0.0,2016,2016,2016,Ki,B,1
VJUQIMXHRMEYAS-UHFFFAOYSA-N,O=C1CCc2ccc(OCCCCN3CCN(c4ccc(O)c5[nH]c(=O)ccc45)CC3)cc2N1,7.920818753952375,1,0.0,2017,2017,2017,Ki,B,1
BFQHXMFESCIHFB-UHFFFAOYSA-N,COc1cccc(C(=O)NCCCCN2CCc3cc(OC)c(O)cc3C2)c1,7.920818753952375,1,0.0,2018,2018,2018,Ki,B,1
LUYABWSKHCCUGP-AFARHQOCSA-N,O=C(N[C@H]1CC[C@H](CCN2CCc3nc(-c4ccccc4)sc3C2)CC1)c1cccc2ncccc12,7.920818753952375,2,0.0,2020,2022,2021,Ki,B,2
QPPNZGHQAPFXOG-UHFFFAOYSA-N,O=C1c2ccccc2CCN1CCCCN1CCN(c2ccccn2)CC1,7.92009553233328,1,0.0,2009,2009,2009,Ki,B,1
FPIUKAAHOYRXRK-UHFFFAOYSA-N,CC(C)(C)c1nc(N2CCN(CCCCN3C(=O)COc4ccccc43)CC2)cc(C(F)(F)F)n1,7.91721462968355,1,0.0,2006,2006,2006,Ki,B,1
ZHMQRCVCUPPSNG-UHFFFAOYSA-N,Cc1cccc(=O)n1CCCCN1CCN(c2cc(C(F)(F)F)nc(C(C)(C)C)n2)CC1,7.91721462968355,1,0.0,2006,2006,2006,Ki,B,1
KPWFNAZMRFBRMI-KESTWPANSA-N,O=C(CC1COC1)N[C@H]1CC[C@H](CCN2CCN(c3nccc4c3CCO4)CC2)CC1,7.91721462968355,1,0.0,2013,2013,2013,Ki,B,1
QHLKQPDXOAFUSN-UHFFFAOYSA-N,COCCC(=O)N1CCC(CCN2CCN(c3cccc(Cl)c3Cl)CC2)CC1,7.916497380169733,5,0.3089715133685844,2023,2023,2023,EC50;IC50;Ki,B;F,1
ZRDGENRQQWKSHG-OJBMAJLDSA-N,CC(C)(C)c1ccc(S(=O)(=O)N[C@H]2CC[C@H](CCN3CCC(c4coc5ccccc45)CC3)CC2)cc1,7.916139199133427,2,0.0,2014,2014,2014,Ki,B,1
HMFWWORRYDWEDS-UHFFFAOYSA-N,Sc1nc2c(OCCNCc3ccccc3)cc(Cl)cc2[nH]1,7.913640169325252,1,0.0,1999,1999,1999,Ki,B,1
KUAYECUROPSOMH-UHFFFAOYSA-N,CC(C)(C)c1nc(N2CCN(CCCCNC(=O)N3Cc4ccccc4C3)CC2)cc(C(F)(F)F)n1,7.913640169325252,2,0.0,2017,2018,2017,Ki,B,2
YDGKDHWBZFSXFF-OKDASEJXSA-N,O=C(CC1CCC2(CC1)OCCO2)N[C@H]1CC[C@H](CCN2CCC(c3noc4cc(Cl)ccc34)CC2)CC1,7.912928794093465,2,0.0,2014,2014,2014,Ki,B,1
BYOXBMSRXGFRQY-UHFFFAOYSA-N,O=C(NCCCCN1CCN(C(c2ccccc2)c2ccc(Cl)cc2)CC1)C1CCCCC1,7.910094888560602,1,0.0,2007,2007,2007,Ki,B,1
QBXAIVGOAROPJH-UHFFFAOYSA-N,Cn1c(SCCCN2CC3CCN(c4ccc(C(F)(F)F)cc4)C3C2)nnc1-c1ccnnc1,7.910094888560602,3,0.005843141912603581,2016,2020,2019,Ki,B,3
JRIJSUZYSFOPFI-UHFFFAOYSA-N,Cn1c(SCCCN2CC3CCN(c4ccccc4F)C3C2)nnc1-c1cnccn1,7.910094888560602,3,0.005843141912603581,2016,2020,2019,Ki,B,3
MNAFRWGRFIBAQX-XMSQKQJNSA-N,Cc1ncoc1-c1nnc(SCCCN2CC[C@@]3(C[C@@H]3c3ccc(C(F)(F)F)cc3)C2)n1C,7.910094888560602,1,0.0,2016,2016,2016,Ki,B,1
KGBITRQPRBXBFJ-MXVIHJGJSA-N,COc1ccc(N2CCN(CC[C@H]3CC[C@H](NC(=O)c4cccs4)CC3)CC2)cc1,7.906578314837764,1,0.0,1997,1997,1997,Ki,B,1
AICFPAVUBCPJDG-SAABIXHNSA-N,O=C(CF)N[C@H]1CC[C@H](CCN2CCC(c3cccc4c3OCO4)CC2)CC1,7.906578314837764,2,0.0,2013,2013,2013,Ki,B,1
FOXUYLUURDWAGN-KESTWPANSA-N,Cn1cnc(S(=O)(=O)N[C@H]2CC[C@H](CCN3CCC(c4cccc5c4OCO5)CC3)CC2)c1,7.905878404159439,2,0.0,2013,2013,2013,Ki,B,1
OURPZJJZFFKVJH-UHFFFAOYSA-N,O=C(NCCCCN1CCN(c2ccccc2)CC1)c1ccc2ncccc2c1,7.9051145218265635,2,1.8621434029811896,2014,2014,2014,IC50;Ki,B;F,1
FYSQMYZWYIPETJ-RSBROLRWSA-N,CCC(O)C(=O)N[C@H]1CC[C@H](CCN2CCN(c3cccc4c3OCO4)CC2)CC1,7.9044819576768495,2,0.0,2014,2014,2014,Ki,B,1
OXHDXVWUJBSFBE-HZCBDIJESA-N,COC1(C(=O)N[C@H]2CC[C@H](CCN3CCN(c4cccc5c4OCO5)CC3)CC2)CCCCC1,7.903785414653595,2,0.0,2014,2014,2014,Ki,B,1
JXEOKFJSXAQOOQ-NDKRRWIDSA-N,CN(C)C(=O)C(CCN1C[C@H](F)C[C@H]1C(=O)NCCCCN1CCN(c2cccc(Cl)c2Cl)CC1)(c1ccccc1)c1ccccc1,7.903089986991944,1,0.0,2023,2023,2023,Ki,B,1
IJMODPWKQJNRMT-FCHUYYIVSA-N,C=CCN1C[C@H](OC(=O)Nc2cc(C)ccc2OC)C[C@H]1CNC(=O)c1cc(CCCF)cc(OC)c1OC,7.903089986991944,1,0.0,2023,2023,2023,Ki,B,1
GHIPMMXQJHAVMI-DDDLIOIYSA-N,O=C(N[C@H]1CC[C@H](CCN2CCN(c3cccc4c3OCO4)CC2)CC1)C1CCCO1,7.90274269030658,2,0.0,2014,2014,2014,Ki,B,1
GFWJJPMDPCQZBK-NSOVKSMOSA-N,O=C(NCCCCN1CC[C@H]2c3ccc(O)cc3CC[C@@H]21)c1ccc(-c2ccccc2)cc1,7.899974269892137,1,0.0,1998,1998,1998,Ki,B,1
GISZCUSGSJKNJL-YRDXYIQISA-N,N#Cc1ccc2c(c1)CN(CC[C@H]1CC[C@H](NC(=O)/C=C/c3ccc(F)cc3)CC1)C2,7.899974269892137,1,0.0,2001,2001,2001,Ki,B,1
HLDNXAAXZRBYJW-UHFFFAOYSA-N,CCCN(CCC)C1CCc2cc(CCc3ccc(O)cc3)ccc2C1,7.899974269892137,1,0.0,1996,1996,1996,Ki,B,1
JMYALEGZMZHDTN-MDZDMXLPSA-N,N#Cc1ccc2c(c1)CN(CCCCNC(=O)/C=C/c1c[nH]c3ccccc13)CC2,7.899974269892137,1,0.0,2000,2000,2000,Ki,B,1
BIMVUZQTSDREEH-UHFFFAOYSA-N,CC(=O)Nc1ccc(CN2CC3COc4ccc(C#N)cc4C3C2)cc1,7.899974269892137,1,0.0,1999,1999,1999,Ki,B,1
MBXCICNJZAYLEN-UHFFFAOYSA-N,CCN(Cc1ccc(OC)c(OC)c1)Cc1ccc(-c2cc(S(=O)(=O)CC)ccc2OC)[nH]1,7.899974269892137,1,0.0,1997,1997,1997,Ki,B,1
FOYUWODSNRINIS-UHFFFAOYSA-N,COc1cccc2c1CCC(N(C)CCCCNC(=O)c1ccc(-c3ccccc3)cc1)C2,7.899974269892137,1,0.0,1997,1997,1997,Ki,B,1
REDQYSRGGWSYHE-OKDASEJXSA-N,N#Cc1ccc2c(c1)CCN(CC[C@H]1CC[C@H](NC(=O)c3cccc4ncccc34)CC1)CC2,7.899974269892137,1,0.0,2000,2000,2000,Ki,B,1
KWNJMHODRWLBPT-UHFFFAOYSA-N,CCCN(CCCCNC(=O)c1ccc(-c2ccccc2)cc1)C1CCc2nc(C(C)(C)C)ncc2C1,7.899974269892137,1,0.0,1999,1999,1999,Ki,B,1
RHHJVFYYCJWYII-UHFFFAOYSA-N,Cc1cc(-c2ccc3c(c2)CCN(CCCSc2nnc(-c4ocnc4C)n2C)CC3)n(C)n1,7.899974269892137,1,0.0,2007,2007,2007,Ki,F,1
FRHJULSNWZOUMW-UHFFFAOYSA-N,CCc1nc2c3c(ccc2o1)CCN(CCCSc1nnc(-c2ocnc2C)n1C)CC3,7.899974269892137,1,0.0,2008,2008,2008,Ki,F,1
UTIUIZHJMLEUQC-UHFFFAOYSA-N,Cc1ccc2c(-c3nnc(SCCCN4CCc5cc6c(cc5CC4)N(S(C)(=O)=O)CCO6)n3C)cccc2n1,7.899974269892137,1,0.0,2008,2008,2008,Ki,F,1
FLIIXHVRMXEDPQ-UHFFFAOYSA-N,Cc1noc2cc3c(cc12)CCN(CCCSc1nnc(-c2ccc(C(F)(F)F)cc2)n1C)CC3,7.899974269892137,1,0.0,2008,2008,2008,Ki,F,1
KFMDKMLEGDZMCX-UHFFFAOYSA-N,Cc1ccc2c(-c3nnc(SCCCN4CCc5cc6nc(CC7CC7)oc6cc5CC4)n3C)cccc2n1,7.899974269892137,1,0.0,2008,2008,2008,Ki,F,1
VURVNYUMSCKMDC-UHFFFAOYSA-N,CCc1nc2cc3c(cc2o1)CCN(CCCSc1nnc(-c2cccc4nc(C)ccc24)n1C)CC3,7.899974269892137,1,0.0,2008,2008,2008,Ki,F,1
IKHRYIGPRIAKFA-UHFFFAOYSA-N,Cc1ccc2c(-c3nnc(SCCCN4CCc5cc6nc(C(C)(C)C)oc6c(Br)c5CC4)n3C)cccc2n1,7.899974269892137,1,0.0,2008,2008,2008,Ki,F,1
UCEGXYYVNUOUTE-UHFFFAOYSA-N,O=C1N(CCN2Cc3ccccc3C2)CCN1c1ccc(Cl)c(Cl)c1,7.899974269892137,1,0.0,2009,2009,2009,Ki,F,1
PHZPOMMTJKRHHB-UHFFFAOYSA-N,O=C1N(CCN2Cc3ccccc3C2)CCN1Cc1cccc(C(F)(F)F)c1,7.899974269892137,1,0.0,2009,2009,2009,Ki,F,1
OLKRKRWLKISLQU-WIYYLYMNSA-N,CC1(C)C[C@@H]2C[C@@](C)(CN2CCN2CCN(c3cccc(Cl)c3)C2=O)C1,7.899974269892137,2,0.0,2009,2009,2009,Ki,B;F,2
YYLVZNFHPHPLKB-UHFFFAOYSA-N,Cc1ncoc1-c1nnc(SCCCN2CC3CC3(c3ccccc3)C2)n1C,7.899974269892137,1,0.0,2010,2010,2010,Ki,F,1
XSNMDMSHDAOPPM-UHFFFAOYSA-N,Cc1ncoc1-c1nnc(SCCCN2CCC3CC3(c3cccc(C(F)(F)F)c3)C2)n1C,7.899974269892137,1,0.0,2010,2010,2010,Ki,F,1
QRRCESJWXMIGPS-UHFFFAOYSA-N,Cn1c(SCCCN2CC3CCN(c4ccc(C(F)(F)F)cc4)C3C2)nnc1C1CCCCC1,7.899974269892137,5,1.0466613005186067,2016,2020,2016,Ki,B,3
MDBJINZABFWALU-OAFSWBPASA-N,O=C(N[C@H]1CC[C@H](CCN2CCC(c3noc4cc(F)ccc34)CC2)CC1)C1COc2ccccc2O1,7.897566294318664,2,0.0,2014,2014,2014,Ki,B,1
SQRMELSMCDEARL-IYARVYRRSA-N,CC(=O)N[C@H]1CC[C@H](CCN2CCN(c3nccc4c3CCO4)CC2)CC1,7.896196279044043,1,0.0,2013,2013,2013,Ki,B,1
UGRYVQVSCSWCQH-UHFFFAOYSA-N,O=C(NCCCCN1CCN(c2ccccc2O)CC1)c1ccc2ccccc2c1,7.896196279044043,1,0.0,2016,2016,2016,Ki,B,1
HVJCLUCMUNKFOJ-UHFFFAOYSA-N,CC(C)(C)c1nc(N2CCN(CCCCNC(=O)N3CCN(c4ccnc5ccccc45)CC3)CC2)cc(C(F)(F)F)n1,7.896196279044043,2,0.0,2017,2018,2017,Ki,B,2
INZTWDPMSQSIHC-WXKZGDQPSA-N,O=C(N[C@H]1CC[C@H](CCN2CCC(c3coc4ccccc34)CC2)CC1)C12CC3CC(CC(C3)C1)C2,7.895512888687605,2,0.0,2014,2014,2014,Ki,B,1
IKAPCPDHWACXJE-XUTJKUGGSA-N,CC(C)(C)C(=O)N[C@H]1CC[C@H](CCN2CCC(c3coc4ccccc34)CC2)CC1,7.894830572000668,2,0.0,2014,2014,2014,Ki,B,1
IJICKINLCUKIHY-UHFFFAOYSA-N,CCCN(CCC)C1CCc2cc3c(cc2C1)OCC3,7.89301545879265,2,0.009841245034887156,1997,2003,2000,Ki,B,2
LPSPMYVAOZUORR-BJKOFHAPSA-N,C=CCN1C[C@H](OC(=O)NCCc2ccccc2)C[C@H]1CNC(=O)c1cc(CCCF)cc(OC)c1OC,7.892790030352131,1,0.0,2023,2023,2023,Ki,B,1
VTKQFQBLYNWSNR-UHFFFAOYSA-N,CC(C)(C)c1nc(N2CCN(CCCCNC(=O)N3CCN(C4CC4)CC3)CC2)cc(C(F)(F)F)n1,7.892790030352131,2,0.0,2017,2018,2017,Ki,B,2
VNQMWRQYPRIJGM-UHFFFAOYSA-N,CCCc1c(C(=O)NCCCCN2CCN(c3ccccc3OC)CC2)nnn1Cc1ccc(OC)cc1,7.890084136976206,1,0.0,2007,2007,2007,Ki,B,1
NDOUOJYZWZVNBL-UHFFFAOYSA-N,CC(C)(C)c1nc(N2CCN(CCCCn3cccnc3=O)CC2)cc(C(F)(F)F)n1,7.889410289700751,1,0.0,2006,2006,2006,Ki,B,1
KZWUXBIYAIXWII-MRGVAMFXSA-N,C/C=C/CC(=O)N[C@H]1CC[C@H](CCN2CCN(c3nccc4c3CCO4)CC2)CC1,7.889410289700751,1,0.0,2013,2013,2013,Ki,B,1
SOKNKUMZPAEZEA-DENIHFKCSA-N,COc1ccccc1C(=O)NCCCCN1CCO[C@@H]2c3ccccc3OC[C@H]21,7.889410289700751,1,0.0,2021,2021,2021,Ki,B,1
QWSLRVUGOHVJKP-IFMALSPDSA-N,COc1ccc2c(c1)[C@H]1OCCN(CCCCNC(=O)c3ccc(Cl)cc3)[C@@H]1CO2,7.889410289700751,1,0.0,2021,2021,2021,Ki,B,1
ZWPVOADZQCQUKW-UHFFFAOYSA-N,COCCC(=O)N1CCC(CCCN2CCN(c3cccc(Cl)c3Cl)CC2)CC1,7.888401475119606,5,0.5271498915421018,2023,2023,2023,EC50;IC50;Ki,B;F,1
SJEXSMOVRPPLBZ-UHFFFAOYSA-N,OC1(c2ccc(Cl)cc2)CC2CCC(C1)N2CCCCc1nc2ccccc2s1,7.888070392334685,2,0.0028478649831959898,2016,2016,2016,Ki,B,1
WLEGJZRUEMBXDO-VOTSOKGWSA-N,COc1ccccc1N1CCN(C/C=C/CNC(=O)c2cc3ccccc3o2)CC1,7.886867644052153,2,0.08492905748075938,2009,2009,2009,IC50;Ki,B;F,1
ULYGZZPDPDMBCC-UHFFFAOYSA-N,CCCN(CCCCn1cc(-c2ccc(-c3ccccc3)cc2)nn1)C1CC=C(C#C[Si](C)(C)C)CC1,7.886056647693163,1,0.0,2008,2008,2008,Ki,B,1
SJEXSMOVRPPLBZ-VXMMSVGHSA-N,OC1(c2ccc(Cl)cc2)C[C@H]2CC[C@@H](C1)N2CCCCc1nc2ccccc2s1,7.886056647693163,1,0.0,2012,2012,2012,Ki,B,1
KRUWNGHFXJBYSG-UHFFFAOYSA-N,O=C(NCCC(O)CN1CCN(c2cccc3ccccc23)CC1)c1cnc2ccccc2c1,7.886056647693163,3,0.6510117774833761,2015,2015,2015,EC50;IC50;Ki,B,1
IWAHIMCMPBOXKG-HXUWFJFHSA-N,CCCN(CCCCOc1ccn2nccc2c1)[C@@H]1CCc2c(O)cccc2C1,7.886056647693163,1,0.0,2017,2017,2017,Ki,B,1
JVCDVUFRMRFRFP-UHFFFAOYSA-N,Cc1ccc2[nH]c(C(=O)N3CCN(CCOc4cccnc4)CC3)cc2c1,7.886056647693163,3,0.0,2020,2023,2023,EC50,B,2
CSFWIRRKNFTOOA-HXUWFJFHSA-N,CCc1cc(Cl)c(OC)c(N2CCN(C[C@H](F)CCNC(=O)c3cc4ccccc4[nH]3)CC2)c1,7.886056647693163,2,0.0,2019,2022,2020,Ki,B,2
MNPQCNYHSBXSTH-UHFFFAOYSA-N,COc1cccc(N2CCN(C(=O)NCCCCN3CCN(c4cc(C(F)(F)F)nc(C(C)(C)C)n4)CC3)CC2)c1,7.886056647693163,2,0.0,2017,2018,2017,Ki,B,2
HIASEHRDTBGCHW-UHFFFAOYSA-N,COc1ccccc1OCCNCC1COCC(c2ccccc2)(c2ccccc2)O1,7.883070618717586,2,0.004222882674900007,2017,2021,2019,Ki,A;B,2
HVSUPPZVIPTMEM-UHFFFAOYSA-N,COc1ccccc1N1CCN(CCCCOc2ccc3c(c2)NC(=O)CC3)CC1,7.882728704344236,1,0.0,2011,2011,2011,Ki,B,1
QHKQWOMFBZYAFY-UHFFFAOYSA-N,COc1ccccc1N1CCN(CCCCc2cn(-c3ccc4cnccc4c3)nn2)CC1,7.882728704344236,1,0.0,2015,2015,2015,Ki,B,1
PITWYMITJRIVTR-UHFFFAOYSA-N,COc1ccccc1N1CCCN(CCCCNC(=O)c2ccc(CCO)cc2)CC1,7.87942606879415,1,0.0,2013,2013,2013,Ki,B,1
HMAKCCQMRGCRHO-XYWHTSSQSA-N,O=C(N[C@H]1CC[C@H](CCN2CCN(c3nccc4c3CCO4)CC2)CC1)c1ccc(Cl)cc1,7.877784121727173,1,0.0,2013,2013,2013,Ki,B,1
APECYVWEUYUQKJ-UHFFFAOYSA-N,O=C(c1cc2ccccc2s1)N1CCN(CCOc2cccnc2)CC1,7.876148359032914,2,0.0,2020,2023,2021,EC50,B,2
SGWUMXOWOUGLMJ-NSOVKSMOSA-N,CCCN(CCc1ccc(CCN(CCC)[C@H]2CCc3nc(N)sc3C2)cc1)[C@H]1CCc2c(O)cccc2C1,7.876148359032914,1,0.0,2023,2023,2023,EC50,B,1
TUSYNOYQWBWIFT-IAGOWNOFSA-N,CCCN1CCO[C@@H]2c3cc4c(cc3CC[C@H]21)CCNC4=O,7.875010258781036,2,0.6434988086904191,2009,2009,2009,EC50;Ki,B;F,1
WAOQONBSWFLFPE-VIFPVBQESA-N,CCN1CCC[C@H]1CNC(=O)c1c(O)c(Cl)cc(Cl)c1OC,7.872895201635192,4,0.28854149417514346,2003,2016,2010,Ki,B,4
QKOGYUWOPZFTRE-MXVIHJGJSA-N,CCc1cc(Cl)c(OC)c(N2CCN(CC[C@H]3CC[C@H](NC(=O)N(C)C)CC3)CC2)c1,7.872571222148402,3,0.5099218367434888,2023,2023,2023,IC50;Ki,B;F,1
DCJWAUUNGWWIFD-KUHUBIRLSA-N,CNc1cc(OC)c(C(=O)N[C@H]2CN(Cc3ccccc3)C[C@H]2C)cc1Cl,7.872363747448347,2,1.2337086429640696,2003,2003,2003,Ki,B,1
VFOIGDCCMUEJDD-UHFFFAOYSA-N,O=C1CCc2ccc(OCCCCN3CCN(c4ccccc4OCCF)CC3)cc2N1,7.8696662315049934,1,0.0,2011,2011,2011,Ki,B,1
LXZRZJUUHTZVBE-UHFFFAOYSA-N,O=C(c1cc2cccnc2[nH]1)N1CCN(CCOc2cccnc2)CC1,7.8696662315049934,3,0.0,2020,2023,2023,EC50,B,2
OHJSWFDQAUGCDZ-TZIWHRDSSA-N,O=C(NCCCCN1CCO[C@@H]2c3ccccc3OC[C@H]21)c1ccc(Br)cc1,7.8696662315049934,1,0.0,2021,2021,2021,Ki,B,1
BLWCTYMJGSOQFX-UHFFFAOYSA-N,Cn1c(SCCCN2CC3CCN(c4ccccc4C(F)(F)F)C3C2)nnc1-c1cc[nH]c(=O)c1,7.8696662315049934,2,0.0,2019,2020,2019,Ki,B,2
CWGVRZIECOGVLA-UAPYVXQJSA-N,O=C(CC1OCCCO1)N[C@H]1CC[C@H](CCN2CCC(c3noc4cc(F)c(F)cc34)CC2)CC1,7.869344650977969,2,0.0,2014,2014,2014,Ki,B,1
HGFFXOQKGSYWIH-SAABIXHNSA-N,COCCC(=O)N[C@H]1CC[C@H](CCN2CCC(c3noc4cc(Cl)c(F)cc34)CC2)CC1,7.8683813356508745,2,0.0,2014,2014,2014,Ki,B,1
GTBOVEUYOKQEIH-SNAWJCMRSA-N,COc1ccccc1N1CCN(C/C=C/CNC(=O)c2cc(Br)ccc2OCCF)CC1,7.866461091629782,1,0.0,2011,2011,2011,Ki,B,1
DSJBBFGGCRIVIL-JIBACQESSA-N,CC(C)(C)c1ccc(C(=O)N[C@H]2CC[C@H](CCN3CCC(c4cccc5c4CCO5)CC3)CC2)cc1,7.866461091629782,2,0.0,2014,2014,2014,Ki,B,1
NERCWRWKDLNUBZ-UHFFFAOYSA-N,O=C(NCCCCN1CCN(c2ccc(O)cc2)CC1)c1ccc(-c2ccsc2)cc1,7.866461091629782,1,0.0,2019,2019,2019,Ki,B,1
OUUMPVSFLSOGJZ-MXVIHJGJSA-N,c1ccc(N2CCN(CC[C@H]3CC[C@H](Nc4ncccn4)CC3)CC2)cc1,7.863279432843593,1,0.0,1998,1998,1998,Ki,B,1
MCJDONVFVRLBAL-ILBGXUMGSA-N,O=C(NCCCCN1CCO[C@@H]2c3ccccc3OC[C@H]21)c1ccc2ccccc2c1,7.863279432843593,1,0.0,2021,2021,2021,Ki,B,1
DUKWEHLCKVPDDQ-UHFFFAOYSA-N,CC(C)(C)c1nc(N2CCN(CCCCNC(=O)N3CCN(c4ncccn4)CC3)CC2)cc(C(F)(F)F)n1,7.863279432843593,2,0.0,2017,2018,2017,Ki,B,2
FJCIWANMQSLZNY-WLNZHLEZSA-N,Fc1ccc(C(O[C@H]2C[C@H]3CC[C@@H](C2)N3CCCCc2ccccc2)c2ccc(F)cc2)cc1,7.860120913598763,1,0.0,2001,2001,2001,Ki,B,1
AIDTVWDAJAVXLC-AATRIKPKSA-N,COc1ccccc1N1CCN(C/C=C/CNC(=O)c2cc(Br)cc(OC)c2OCCF)CC1,7.860120913598763,1,0.0,2011,2011,2011,Ki,B,1
SOTGCULHLGVSKQ-UHFFFAOYSA-N,Cc1ncoc1-c1nnc(SCCCN2CC3CCN(c4ccc(OC(F)(F)F)cc4)C3C2)n1C,7.860120913598763,3,0.023009345984089706,2016,2020,2019,Ki,B,3
ZZOGNBGGXVYUEA-IFMALSPDSA-N,COc1ccc2c(c1)[C@H]1OCCN(CCCCNC(=O)c3ccccc3)[C@@H]1CO2,7.860120913598763,1,0.0,2021,2021,2021,Ki,B,1
RASUXNNRRRIRBL-UHFFFAOYSA-N,CC(C)(C)c1nc(N2CCN(CCCCNC(=O)N3CCN(CC4CC4)CC3)CC2)cc(C(F)(F)F)n1,7.860120913598763,2,0.0,2017,2018,2017,Ki,B,2
BWSCHPAOVNLCBH-XYWHTSSQSA-N,O=C(N[C@H]1CC[C@H](CCN2CCC(c3cccc4c3OCO4)CC2)CC1)C1CCOCC1,7.85949195696182,2,0.0,2013,2013,2013,Ki,B,1
OXKMARLXXNQVMY-PZJWPPBQSA-N,CCCN(CCCCNC(=O)c1cc2ccccc2[nH]1)C[C@@H]1C[C@H]1c1cccc(Cl)c1Cl,7.859029033279588,2,1.1293178161270305,2020,2020,2020,EC50;Ki,B;F,1
LOLIGPMPSPGNGJ-OIFYPAEGSA-N,CCC(C)C(=O)N[C@H]1CC[C@H](CCN2CCC(c3cccc4c3OCO4)CC2)CC1,7.858550226599533,2,0.0,2013,2013,2013,Ki,B,1
JGDAHRAXXNLDGS-UHFFFAOYSA-N,COc1ccccc1N1CCN(CCCCc2cn(-c3ccc(N(C)C)cc3)nn2)CC1,7.856985199745905,1,0.0,2015,2015,2015,Ki,B,1
KHPIIHSTQOPLRB-IFMALSPDSA-N,COc1ccc2c(c1)[C@H]1OCCN(CCCCNC(=O)c3ccc([N+](=O)[O-])cc3)[C@@H]1CO2,7.856985199745905,1,0.0,2021,2021,2021,Ki,B,1
UHSKFQJFRQCDBE-UHFFFAOYSA-N,CCCN(CCC)CCc1cccc2c1CC(=O)N2,7.854204587170999,8,0.44907057429057895,1997,2014,2010,EC50;Ki,B;F,8
DOVTZHSQYCZIIX-UHFFFAOYSA-N,COc1ccccc1N1CCN(CCCCNC(=O)c2ccc(F)nc2)CC1,7.853871964321762,1,0.0,2005,2005,2005,Ki,B,1
CROXIASATJXZSZ-UHFFFAOYSA-N,O=C1c2ccccc2CN1CCCCN1CCN(c2cccc(C(F)(F)F)c2)CC1,7.853871964321762,1,0.0,2007,2007,2007,Ki,B,1
FCLHHKLNBKMBPS-UHFFFAOYSA-N,O=C(CCC(=O)OC1(c2ccc(Cl)cc2)CCN(CCCC(=O)c2ccc(F)cc2)CC1)OC1(c2ccc(Cl)cc2)CCN(CCCC(=O)c2ccc(F)cc2)CC1,7.853871964321762,1,0.0,2014,2014,2014,Ki,B,1
YPKNRVSBLNMPFJ-UHFFFAOYSA-N,O=C(NCCCCN1CCN(c2cnc3ccccc3c2)CC1)c1cc2ccccc2cn1,7.853871964321762,1,0.0,2014,2014,2014,Ki,B,1
RBFMCJMIEVSALT-FMIVXFBMSA-N,CCCN(CCNC(=O)/C=C/c1ccc(F)cc1)C1Cc2ccccc2C1,7.853871964321762,1,0.0,2015,2015,2015,Ki,B,1
NJOGRMMAMLWHAA-UHFFFAOYSA-N,Clc1cccc(N2CCN(CCCCn3cc(-c4ccc5c(c4)Cc4ccccc4-5)nn3)CC2)c1Cl,7.853871964321762,1,0.0,2015,2015,2015,Ki,B,1
OVSOSNSBPWXIPD-SAIGFBBZSA-N,CS(=O)(=O)c1ccc(C(=O)N[C@H]2CC[C@H](CCN3CCC(c4cccc5c4CCO5)CC3)CC2)cc1,7.853871964321762,2,0.0,2014,2014,2014,Ki,B,1
JLAYLFLQSFRXPP-UHFFFAOYSA-N,COc1ccccc1N1CCN(CCCNC(=O)Oc2ccc(-c3ccccc3)cc2)CC1,7.853871964321762,1,0.0,2017,2017,2017,EC50,F,1
UVSNDTNJIHHUPU-UHFFFAOYSA-N,CN(C)c1ccc(C(=O)NCCCCN2CCC(c3cccc(O)c3)C2)cc1,7.853871964321762,6,0.1499661116859023,2018,2018,2018,Ki,B,1
XIJZOWGASFOIBM-UHFFFAOYSA-N,O=C(NCCC(O)CN1CCN(c2cccc(Cl)c2Cl)CC1)c1cc2cc(I)ccc2[nH]1,7.851689340041832,2,0.6101948788195996,2009,2009,2009,IC50;Ki,B;F,1
JPCGHQPCQSFZIF-MGFGWZDJSA-N,O=C(N[C@H]1CC[C@H](CCN2CCC(c3coc4ccccc34)CC2)CC1)c1ccc(C2CC2)cc1,7.851397345193907,2,0.0,2014,2014,2014,Ki,B,1
UJZCZEHTVLJAMR-UHFFFAOYSA-N,O=C(NCCCCN1CCN(c2cccc(Cl)c2Cl)CC1)Oc1cccc2c1OCCO2,7.85078088734462,1,0.0,2016,2016,2016,EC50,F,1
MSQRTETUBFIHMP-UHFFFAOYSA-N,CN(C)CC1CC2c3ccccc3Cc3ccc(F)cc3N2O1,7.849857838151442,1,0.0,2002,2002,2002,IC50,B,1
RAPZEAPATHNIPO-UHFFFAOYSA-N,Cc1nc2n(c(=O)c1CCN1CCC(c3noc4cc(F)ccc34)CC1)CCCC2,7.84926796342835,14,0.3105849095747839,1998,2023,2008,IC50;Ki,B;F,13
WMPBOLSQXBJOKQ-UHFFFAOYSA-N,C#CCN(CCN1CCN(c2ccccc2)CC1)C1CCc2ccc(O)cc2C1,7.847711655616943,1,0.0,2002,2002,2002,Ki,B,1
XIVALFSMOKTRNY-AVJWEPTDSA-N,O=C(CC1C[C@H](O)CO1)N[C@H]1CC[C@H](CCN2CCN(c3nccc4c3CCO4)CC2)CC1,7.847711655616943,1,0.0,2013,2013,2013,Ki,B,1
GRSPAVQNQLAIED-AQYVVDRMSA-N,Cc1cc2occc2c(N2CCN(CC[C@H]3CC[C@H](NC(=O)C4CCOCC4)CC3)CC2)n1,7.847711655616943,1,0.0,2013,2013,2013,Ki,B,1
PBUOIALTCUSCTG-UHFFFAOYSA-N,O=C(NCCCCN1CCN(c2cccc(C(F)(F)F)c2)CC1)N1CCN(c2ccccc2)CC1,7.847711655616943,2,0.0,2017,2018,2017,Ki,B,2
BWMBSQXAENBLPV-WGSAOQKQSA-N,COC1(C(=O)N[C@H]2CC[C@H](CCN3CCN(c4cccc5c4OCO5)CC3)CC2)CC1,7.845576026885353,2,0.0,2014,2014,2014,Ki,B,1
IMTICVASEJSMDW-UHFFFAOYSA-N,Cn1c(SCCCN2CCOC(c3ccc(C(F)(F)F)cc3)C2)nnc1-c1ccc(-c2nnco2)cc1,7.845229627674753,2,0.07742061549108725,2016,2020,2018,Ki,B,2
JNMQWDIMZMNVJB-UHFFFAOYSA-N,CCCN1CCC(CNC(=O)c2c(O)c(CC)cc(Cl)c2OC)C1,7.844663962534938,1,0.0,2021,2021,2021,Ki,B,1
JUAVLXRBQKTSPW-ALOJWSFFSA-N,O=C(N[C@H]1CC[C@H](CCN2CCN(c3nccc4c3CCO4)CC2)CC1)c1ccc(N2CCS(=O)(=O)CC2)cc1,7.84163750790475,1,0.0,2013,2013,2013,Ki,B,1
RLRZFXWQPQJVDA-UHFFFAOYSA-N,COc1ccccc1N1CCN(CCCCNC(=O)Oc2cccc3ccccc23)CC1,7.84163750790475,1,0.0,2016,2016,2016,EC50,F,1
UIFDNPUSYCXLPI-UHFFFAOYSA-N,O=C1c2ccccc2CCCN1CCCCN1CCN(c2cccc(Cl)c2Cl)CC1,7.840132152907433,1,0.0,2009,2009,2009,Ki,B,1
XLEPAPXUDZKLLX-STZQEDGTSA-N,O=C(C[C@H]1CCCO1)N[C@H]1CC[C@H](CCN2CCC(c3noc4cc(Cl)ccc34)CC2)CC1,7.840132152907433,2,0.0,2014,2014,2014,Ki,B,1
KRGUVGVAIPSTCB-UHFFFAOYSA-N,CC(C)(C)c1nc(N2CCN(CCCCn3ccc(C(F)(F)F)nc3=O)CC2)cc(C(F)(F)F)n1,7.838631997765026,1,0.0,2006,2006,2006,Ki,B,1
MGGGAIHRQKOLDH-UHFFFAOYSA-N,CCCN(CCCCNC(=O)c1ccc2ccccc2c1)CC1CC1c1cc(F)ccc1OC,7.838631997765026,1,0.0,2020,2020,2020,Ki,B,1
LGCNQKJCXSSMEC-UHFFFAOYSA-N,Cn1c(SCCCN2CC3CCN(c4c(F)cccc4F)C3C2)nnc1-c1ccc(=O)[nH]c1,7.838631997765026,2,0.0,2019,2020,2019,Ki,B,2
GKEJFCRKDSLTFV-FCHUYYIVSA-N,C=CCN1C[C@H](OC(=O)Nc2ccccc2)C[C@H]1CNC(=O)c1cc(CCCF)cc(OC)c1OC,7.835647144215563,1,0.0,2023,2023,2023,Ki,B,1
PSWUORNVMIRUSW-UHFFFAOYSA-N,FC(F)(F)c1nc2c(N3CCN(Cc4ccccc4)CC3)cccc2[nH]1,7.8326826652518236,1,0.0,1998,1998,1998,Ki,B,1
UBPODDPFCZVNDC-UHFFFAOYSA-N,COc1ccccc1N1CCN(CCCCNC(=O)c2ccc3c(c2)OCO3)CC1,7.8326826652518236,1,0.0,2006,2006,2006,Ki,B,1
ZVPRVTLQVCJGOP-UHFFFAOYSA-O,FC(F)(F)c1nc2c(-[n+]3cc[n+](Cc4ccccc4)cc3)cccc2[nH]1,7.8326826652518236,1,0.0,2013,2013,2013,Ki,B,1
FNDLZQGZKLRGIU-YOCNBXQISA-N,CN1CCN(c2ccc(C(=O)N[C@H]3CC[C@H](CCN4CCN(c5nccc6c5CCO6)CC4)CC3)cc2)CC1,7.8326826652518236,1,0.0,2013,2013,2013,Ki,B,1
IWGVABNVNOQFPY-TXTKFYIRSA-N,CO[C@@H](C(=O)N[C@H]1CC[C@H](CCN2CCN(c3cccc4c3OCO4)CC2)CC1)C(C)C,7.831502516476967,2,0.0,2014,2014,2014,Ki,B,1
XASDIOYQYXRDEM-RUCARUNLSA-N,CS(=O)(=O)CC(=O)N[C@H]1CC[C@H](CCN2CCC(c3noc4cc(Cl)ccc34)CC2)CC1,7.830325565941193,2,0.0,2014,2014,2014,Ki,B,1
AAPCMUAAQFZHRZ-IPJJNNNSSA-N,CC(C)[C@H](O)C(=O)N[C@H]1CC[C@H](CCN2CCN(c3cccc4c3OCO4)CC2)CC1,7.8297382846050425,2,0.0,2014,2014,2014,Ki,B,1
XTYMHPYTYMGIID-ZHACJKMWSA-N,COc1ccccc1N1CCN(CCCCNC(=O)/C=C/c2cc(I)c(OC)c(OC)c2)CC1,7.826813731587726,1,0.0,2003,2003,2003,Ki,B,1
MWMCOQFLGVOAHE-MEMLXQNLSA-N,O=C(Cc1noc2ccccc12)N[C@H]1CC[C@H](CCN2CCN(c3nccc4c3CCO4)CC2)CC1,7.826813731587726,1,0.0,2013,2013,2013,Ki,B,1
NZPQNNBQTOVDCM-PGWJBFNOSA-N,Cc1nc(-c2ccc(C(=O)N[C@H]3CC[C@H](CCN4CCC(c5cccc6c5CCO6)CC4)CC3)cc2)no1,7.826813731587726,2,0.0,2014,2014,2014,Ki,B,1
ZCBADRQTPNSBSB-UHFFFAOYSA-N,c1ccc(-c2cc(CCCCN3CCN(C(c4ccccc4)c4ccccc4)CC3)on2)cc1,7.823908740944319,1,0.0,2002,2002,2002,Ki,B,1
TULCHGQYHOEOOE-CCEZHUSRSA-N,COc1ccccc1N1CCN(CCCCc2cc(/C=C/c3ccccc3)no2)CC1,7.823908740944319,1,0.0,2002,2002,2002,Ki,B,1
RJETZHUBOZSCPH-UHFFFAOYSA-N,c1ccc(N2CCN(CCCCc3cc(-c4cccs4)no3)CC2)cc1,7.823908740944319,1,0.0,2002,2002,2002,Ki,B,1
HKDCDBFKNRMFSY-UHFFFAOYSA-N,c1cnc(N2CCN(CCCOc3ccc(-c4nc5ccccc5[nH]4)cc3)CC2)nc1,7.823908740944319,2,0.0,1995,2013,2004,Ki,B,2
NWHURZIBXAETDE-JKIUYZKVSA-N,O=C(N[C@H]1CC[C@H](CCN2CCN(c3ccc(Cl)cc3)CC2)CC1)C1CCCCC1,7.823908740944319,1,0.0,1997,1997,1997,Ki,B,1
JICSUTQEGNUBOG-UHFFFAOYSA-N,Cc1c(-c2ccccc2)n(-c2ccccc2)c(=O)n1C1CCN(Cc2ccccc2)CC1,7.823908740944319,1,0.0,1999,1999,1999,Ki,B,1
NNGXRRFVMCSLCM-ZDUSSCGKSA-N,CCCN[C@H]1CCc2c(cccc2CS(=O)(=O)C(F)(F)F)C1,7.823908740944319,1,0.0,1995,1995,1995,Ki,B,1
BSOLCASXROXPRZ-MUKKUYKPSA-N,CN(C)C[C@H]1C[C@@H]2c3ccccc3Sc3ccc(F)cc3[C@H]2O1,7.823908740944319,1,0.0,2005,2005,2005,Ki,B,1
OXJGPZFAZUEPIX-UHFFFAOYSA-N,O=C(OCCN1CCN(CCCN2c3ccccc3Sc3ccc(C(F)(F)F)cc32)CC1)c1ccc(OCCCN2CCCCC2)cc1,7.823908740944319,1,0.0,2009,2009,2009,Ki,B,1
SVLOMAHKFFJJIC-UHFFFAOYSA-N,COc1ccccc1N1CCN(CCCCNc2ccc3ccccc3n2)CC1,7.823908740944319,1,0.0,2010,2010,2010,Ki,B,1
PECGTMPBAIIWKZ-UHFFFAOYSA-N,COc1ccccc1N1CCCN(CCCCNC(=O)c2ccc(Cl)nc2)CC1,7.823908740944319,1,0.0,2013,2013,2013,Ki,B,1
VMDJSIGZJOXSGC-PCLIKHOPSA-N,O/N=C/c1cc2cc(OCCCCN3CCN(c4cccc(Cl)c4Cl)CC3)ccn2n1,7.823908740944319,3,0.7180014690979275,2014,2014,2014,EC50;Ki,B;F,1
JIZQRMQHJXHWIA-DBXWQHBBSA-N,CO[C@H](C)CC(=O)N[C@H]1CC[C@H](CCN2CCC(c3noc4cc(Cl)ccc34)CC2)CC1,7.823908740944319,2,0.0,2014,2014,2014,Ki,B,1
SYNVRTSQXKBCOU-UHFFFAOYSA-N,CCN(CCCCNC(=O)c1ccc2ccccc2c1)CC1CC1c1cc(F)ccc1OC,7.823908740944319,1,0.0,2020,2020,2020,Ki,B,1
CRTXNNNIYVQHEB-IPJJNNNSSA-N,CCN(CC)C(=O)N[C@H]1CC[C@H](CCN2CCc3ccc(Cl)cc3[C@@H](C)C2)CC1,7.823908740944319,1,0.0,2021,2021,2021,Ki,B,1
GWGWCDFVSGWHNI-VQTJNVASSA-N,C=CCN1C[C@H](OC(=O)Nc2ccoc2)C[C@H]1CNC(=O)c1cc(CCCF)cc(OC)c1OC,7.823908740944319,1,0.0,2023,2023,2023,Ki,B,1
BYUHWILBODEWJY-UHFFFAOYSA-N,CC(C)(C)c1nc(N2CCN(CCCCNC(=O)N3CCN(c4ccccc4-c4ccccc4)CC3)CC2)cc(C(F)(F)F)n1,7.823908740944319,2,0.0,2017,2018,2017,Ki,B,2
UUYDEYACQFNFMI-VOTSOKGWSA-N,COc1ccccc1N1CCN(C/C=C/CNC(=O)c2ccc3c(c2)Cc2ccccc2-3)CC1,7.822178474889565,6,0.4666890440926346,2007,2014,2014,IC50;Ki,B;F,2
LBRSVAAYMHPXLL-UHFFFAOYSA-N,CC(C)(C)c1nc(C2CC2)cc(N2CCN(CCCCNC(=O)N3CCN(c4ccccc4)CC3)CC2)n1,7.82102305270683,2,0.0,2017,2018,2017,Ki,B,2
AQEGXNBQOSKLDA-UHFFFAOYSA-N,CC(C)(C)c1cc(N2CCN(CCCCNC(=O)N3CCN(c4ccccc4)CC3)CC2)nc(C(C)(C)C)n1,7.82102305270683,2,0.0,2017,2018,2017,Ki,B,2
GTVPXEVAFBWKHY-UHFFFAOYSA-N,COc1ccccc1N1CCN(CCCCCNC(=O)c2nnn(Cc3ccccc3Br)c2C)CC1,7.8198741248359465,1,0.0,2007,2007,2007,Ki,B,1
NFIANDWIUXYLJZ-AVRDEDQJSA-N,Cc1ncsc1-c1nnc(SCCCN2CC[C@]3(C[C@H]3c3ccc(C(F)(F)F)cc3)C2)n1C,7.8198741248359465,1,0.0,2016,2016,2016,Ki,B,1
PGNPMTAEFDKCKN-BWKNWUBXSA-N,Cn1c(SCCCN2CC[C@]3(C[C@@H]3c3ccc(C(F)(F)F)cc3)C2)nnc1-c1ccccc1C(N)=O,7.8198741248359465,1,0.0,2016,2016,2016,Ki,B,1
ZVKININMNUXUKG-UHFFFAOYSA-N,NC(=O)c1cccc(-c2ccc(OC(=O)NCCCCN3CCN(c4cccc(Cl)c4Cl)CC3)cc2F)c1,7.8198741248359465,3,0.05281088508337024,2017,2017,2017,EC50,F,1
XRULCQHWXQPNKY-UHFFFAOYSA-N,CCCN(CCCCNC(=O)c1ccccc1-c1ccccc1)C1Cc2ccccc2C1,7.8191360819912035,2,1.6699937681650705,2011,2011,2011,Ki,B,1
GJFBEHIWIGLENN-VHEBQXMUSA-N,COc1ccccc1C(c1ccccc1OC)N1CCN(CCCCNC(=O)/C=C/c2ccccc2)CC1,7.818156412055227,1,0.0,2007,2007,2007,Ki,B,1
HEJWFNURPGCDGT-UHFFFAOYSA-N,COc1ccccc1C(c1ccccc1OC)N1CCN(CCCCNC(=O)c2ccc3ccccc3c2)CC1,7.818156412055227,1,0.0,2007,2007,2007,Ki,B,1
WAIZFEIVFOBJJX-UHFFFAOYSA-N,Fc1ccc2c(C3CCN(CCCOc4ccc(CCN5CCCCC5)cc4)CC3)noc2c1,7.818156412055227,1,0.0,2021,2021,2021,Ki,B,1
HNPAUMYBQXZAJH-UHFFFAOYSA-N,NC(=O)c1ccc(C(=O)CCCN2CCc3ccccc3C2)cc1,7.818062445529484,2,0.09615832286261322,2016,2016,2016,Ki,B,1
CRCNNTYVVVULMG-UHFFFAOYSA-N,Cc1nc(-c2ccc(-c3nnc(SCCCN4CCOC(c5ccc(C(F)(F)F)cc5)C4)n3C)cc2)no1,7.815392071294928,2,0.26107503649631714,2016,2020,2018,Ki,B,2
XVKCBMHQXDTJBS-LSNLESRRSA-N,O=C(N[C@H]1CC[C@H](CCN2CCC(c3noc4cc(F)ccc34)CC2)CC1)c1cnc(N2CCOCC2)nc1,7.814174640387038,2,0.0,2014,2014,2014,Ki,B,1
NBKJTOGTVMGTOS-MXVIHJGJSA-N,CC(C)=CC(=O)N[C@H]1CC[C@H](CCN2CCN(c3nccc4c3CCO4)CC2)CC1,7.8124792791635365,1,0.0,2013,2013,2013,Ki,B,1
ABKVEMFUXMVUSG-WGSAOQKQSA-N,CCCC(=O)N[C@H]1CC[C@H](CCN2CCN(c3nccc4c3CCO4)CC2)CC1,7.8124792791635365,1,0.0,2013,2013,2013,Ki,B,1
MQXNRLRUBRWERN-FQEVSTJZSA-N,CCc1cc(Cl)c(OC)c(C(=O)NC[C@@H]2CCCN2CCCCNC(=O)c2cc3ccccc3o2)c1O,7.8124792791635365,1,0.0,2021,2021,2021,Ki,B,1
PTPSBYOWELRFJR-UHFFFAOYSA-N,COc1ccccc1N1CCN(CCCCNC(=O)C2CC2c2ccccc2)CC1,7.809668301829708,1,0.0,2003,2003,2003,Ki,B,1
AXPWNFAVTPIWHV-HATOLVCRSA-N,O[C@]1(c2ccc(Cl)cc2)C[C@H]2CC[C@@H](C1)N2Cc1c[nH]c2ccccc12,7.809668301829708,3,0.15709456166320637,2008,2009,2008,IC50;Ki,B;F,2
LWUHTASBTHFHOH-MEMLXQNLSA-N,O=S(=O)(N[C@H]1CC[C@H](CCN2CCN(c3nccc4c3CCO4)CC2)CC1)c1ccccc1,7.809668301829708,1,0.0,2013,2013,2013,Ki,B,1
GXRRIZYXGPLXKK-AQYVVDRMSA-N,CN(C)C(=O)CCC(=O)N[C@H]1CC[C@H](CCN2CCC(c3cccc4c3CCO4)CC2)CC1,7.809668301829708,2,0.0,2014,2014,2014,Ki,B,1
MDSPSIGBYYNTOP-UHFFFAOYSA-N,CCCN(CCCCNC(=O)c1ccc2ccccc2c1)CC1CC1c1cccc(Cl)c1,7.809668301829708,1,0.0,2020,2020,2020,Ki,B,1
JFJLJDBEIHLBLY-UHFFFAOYSA-N,CC(=O)N1CCC(c2nnc(SCCCN3CC4CCN(c5ccc(C(F)(F)F)cc5)C4C3)n2C)CC1,7.809668301829708,2,0.0,2019,2020,2019,Ki,B,2
CRAJXQNFXAOYDL-XLIONFOSSA-N,Cn1c(SCCCN2C[C@H]3CCN(c4ccc(C(F)(F)F)cc4)[C@H]3C2)nnc1-c1cc[nH]c(=O)c1,7.809668301829708,2,0.0,2019,2020,2019,Ki,B,2
SJPCWOAPBGZFOQ-MEMLXQNLSA-N,O=C(N[C@H]1CC[C@H](CCN2CCN(c3cccc4c3OCO4)CC2)CC1)C1(O)CCCCC1,7.804377056413063,2,0.0,2014,2014,2014,Ki,B,1
UEHARNLMUOFGOF-BBMPLOMVSA-O,CN1CCC[C@H]1c1ccc[n+](CCCCCCNCC2CCc3ccc(O)cc3O2)c1,7.804100347590766,1,0.0,2015,2015,2015,Ki,B,1
IUHXMQOKDMHFCT-KESTWPANSA-N,O=C(N[C@H]1CC[C@H](CCN2CCN(c3nccc4c3CCO4)CC2)CC1)C1CCC1,7.804100347590766,1,0.0,2013,2013,2013,Ki,B,1
YRKOVTCEVBZCGK-ILBGXUMGSA-N,O=C(NCCCCN1CCO[C@@H]2c3ccccc3OC[C@H]21)c1cccc2ccccc12,7.801342913045577,1,0.0,2021,2021,2021,Ki,B,1
NQWKDRVBJLVQDS-UHFFFAOYSA-N,Cn1c(OCCCN2CC3CCN(c4ccc(C(F)(F)F)cc4)C3C2)nnc1C1CCOCC1,7.801342913045577,2,0.0,2019,2020,2019,Ki,B,2
IZGMMZZMWKKGGX-XCZPVHLTSA-N,COc1cccc2c1CC[C@H]1[C@H]2CCN1CCCCNC(=O)c1ccc(-c2ccccc2)cc1,7.79997073344623,1,0.0,1998,1998,1998,Ki,B,1
OPJTVMKUVYOWNC-FQLXRVMXSA-N,O=C(NCCCCN1CCC[C@@H]2c3ccccc3CC[C@H]21)c1ccc(-c2ccccc2)cc1,7.79997073344623,1,0.0,1998,1998,1998,Ki,B,1
GQTWYBPXHKYSKB-NSOVKSMOSA-N,O=C(NCCCCN1CC[C@H]2c3ccccc3CC[C@@H]21)c1ccc(-c2ccccc2)cc1,7.79997073344623,1,0.0,1998,1998,1998,Ki,B,1
JRKCKOYEMVTKCR-OGAOHHHESA-N,N#Cc1ccc2c(c1)CCN(CC[C@H]1CC[C@H](NC(=O)c3cc4ccccc4[nH]3)CC1)C2,7.79997073344623,1,0.0,2000,2000,2000,Ki,B,1
UVDIFPYXVNSROD-MAUKXSAKSA-N,N#Cc1ccc2c(c1)[C@@H]1CN(Cc3ccc(F)cc3)C[C@H]1CO2,7.79997073344623,1,0.0,1999,1999,1999,Ki,B,1
GDYQVHUWFCXMBW-UHFFFAOYSA-N,CCCN1CC2COc3ccc(C#N)cc3C2C1,7.79997073344623,1,0.0,1999,1999,1999,Ki,B,1
BVNLTQWFLUIWRX-UHFFFAOYSA-N,Clc1ccc2c(c1)C1CN(Cc3ccccc3)CC1CO2,7.79997073344623,1,0.0,1999,1999,1999,Ki,B,1
LXYDWPGIKXXMMG-UHFFFAOYSA-N,CCS(=O)(=O)c1ccc(OC)c(-c2ccc(CN3CCCCCC3)[nH]2)c1,7.79997073344623,1,0.0,1996,1996,1996,Ki,B,1
MBVUGYVCCHAKHM-WBANQOEISA-N,N#Cc1ccc2c(c1)CCN(CC[C@H]1CC[C@H](NC(=O)c3cc4ccccc4[nH]3)CC1)CC2,7.79997073344623,1,0.0,2000,2000,2000,Ki,B,1
JQQWLXXUXOPSDP-UHFFFAOYSA-N,CCCN(CCCCNC(=O)c1ccc(-c2ccccc2)cc1)C1CCc2nc(NC)ncc2C1,7.79997073344623,1,0.0,1999,1999,1999,Ki,B,1
WNQGJBBMATVHDO-UHFFFAOYSA-N,CCCN(CCCCNC(=O)c1ccc(-c2ccccc2)cc1)C1CCc2nc(SC)ncc2C1,7.79997073344623,1,0.0,1999,1999,1999,Ki,B,1
WLLDCVHJRCZONV-PMERELPUSA-N,COc1ccc(S(=O)(=O)N(C)c2ccccc2)cc1-c1ccc(CN2CCCCC[C@H]2c2ccccc2)[nH]1,7.79997073344623,1,0.0,1997,1997,1997,Ki,B,1
CYIRPXRIGGCJMZ-UHFFFAOYSA-N,COc1ccccc1N1CCN(CCCCCNC(=O)c2nnn(Cc3ccccc3)c2C)CC1,7.79997073344623,1,0.0,2007,2007,2007,Ki,B,1
UXCCYRSVXPBQMU-UHFFFAOYSA-N,Cc1noc(C)c1-c1ccc(S(=O)(=O)Nc2ccc3c(c2)CCN(C)CC3)cc1,7.79997073344623,1,0.0,2007,2007,2007,Ki,B,1
VFOQAVYBDYGMOW-UHFFFAOYSA-N,CN1CCc2ccc(NS(=O)(=O)c3ccc(-c4ccc(C#N)cc4)cc3)cc2CC1,7.79997073344623,1,0.0,2007,2007,2007,Ki,B,1
FLVVAVLMHCUYGY-UHFFFAOYSA-N,CN1CCc2ccc(NS(=O)(=O)c3ccc(-c4ccc(Cl)cc4)cc3)cc2CC1,7.79997073344623,1,0.0,2007,2007,2007,Ki,B,1
DFONPZSBELPUSI-UHFFFAOYSA-N,CCCCc1ccc(S(=O)(=O)Nc2ccc3c(c2)CCNCC3)cc1,7.79997073344623,1,0.0,2007,2007,2007,Ki,B,1
RWYXCRGPSKEBSD-UHFFFAOYSA-N,Cc1ccc2c(-c3nnc(SCCN4CCc5ccc(-c6cc(C)nn6C)cc5CC4)n3C)cccc2n1,7.79997073344623,1,0.0,2007,2007,2007,Ki,F,1
IQFXDOJWHPEPAA-UHFFFAOYSA-N,Cc1ncccc1-c1nnc(SCCCN2CCc3ccc4oc(C(F)(F)F)nc4c3CC2)n1C,7.79997073344623,1,0.0,2008,2008,2008,Ki,F,1
DGTBKKBZRIVWMP-UHFFFAOYSA-N,N#Cc1cc(N2CCN(CCN3Cc4ccccc4C3)C2=O)ccc1F,7.79997073344623,1,0.0,2009,2009,2009,Ki,F,1
HWLQRSMZQWZHLO-HRAATJIYSA-N,CC1(C)[C@H]2CC[C@]1(C)CN(CCN1CCN(c3cccc(Cl)c3)C1=O)C2,7.79997073344623,2,0.0,2009,2009,2009,Ki,B;F,2
HLJDGDVDXPMCOC-UHFFFAOYSA-N,O=C1N(CCN2CCCCCC2)CCN1c1cccc(F)c1,7.79997073344623,1,0.0,2010,2010,2010,Ki,F,1
MKRKVCYLRHDJLG-UHFFFAOYSA-N,Cc1ncoc1-c1nnc(SCCCN2CCC3(CCCc4ccc(Br)cc43)C2)n1C,7.79997073344623,1,0.0,2010,2010,2010,Ki,F,1
ZRQMUCDHVVOENY-UHFFFAOYSA-N,CCCCCNC(=O)/N=C(\N)NCCCc1sc(N)nc1C,7.79997073344623,2,0.0,2021,2021,2021,EC50;Ki,B;F,1
PELJKMLXUPTOKG-UHFFFAOYSA-N,O=C(CCCN1CCN(c2cccc(Cl)c2Cl)CC1)Nc1ccn2nccc2c1,7.799299729609228,2,0.6399489517343361,2017,2017,2017,EC50;Ki,B;F,1
RWVUEZAROXKXRT-VQLSFVLHSA-N,CO[C@@H]1[C@@H](OC)[C@H](C)[C@@](O)(CC(=O)O)O[C@H]1[C@H](C)[C@H]1O[C@@]2(CC[C@@](C)([C@H]3CC[C@@](C)([C@@H]4O[C@@H]([C@H]5O[C@](C)(O)[C@H](C)C[C@@H]5C)C[C@@H]4O[C@@H]4C[C@H](OC)[C@@H](OC)[C@H](C)O4)O3)O2)C[C@H](O)[C@H]1C,7.799237696401849,2,0.32611971302817955,,,,IC50;Ki,B,1
HUEMJHLBWFDXTF-QAQDUYKDSA-N,O=C(CO)N[C@H]1CC[C@H](CCN2CCN(c3nccc4c3CCO4)CC2)CC1,7.798602875679548,1,0.0,2013,2013,2013,Ki,B,1
DSIODFVVJVFOFI-UHFFFAOYSA-N,COc1ccc(-c2cc(CCCCN3CCN(C(c4ccccc4)c4ccccc4)CC3)on2)c(OC)c1,7.795880017344075,1,0.0,2002,2002,2002,Ki,B,1
PAMJGKFHXJWILY-UHFFFAOYSA-N,COc1ccc(-c2cc(CCCCN3CCN(c4ccccc4)CC3)on2)c(OC)c1,7.795880017344075,1,0.0,2002,2002,2002,Ki,B,1
JOCSRIUJRNEKRZ-OBGWFSINSA-N,COc1ccccc1N1CCN(CCCCNC(=O)/C=C/c2ccc(-c3ccccc3)cc2)CC1,7.795880017344075,1,0.0,2003,2003,2003,Ki,B,1
URWBDIMBZFWGSF-UHFFFAOYSA-N,CCCN1CCc2nn3ccccc3c2C1,7.795880017344075,1,0.0,2002,2002,2002,Ki,B,1
FGJYYZXNIMNFLL-UHFFFAOYSA-N,O=S(=O)(NCCCCN1CCN(c2cccc(Cl)c2Cl)CC1)c1ccc(F)cc1,7.795880017344075,1,0.0,2005,2005,2005,Ki,B,1
FNHANZYICZUWQM-UHFFFAOYSA-N,COc1ccccc1N1CCN(CCCCNC(=O)c2cc3c4ccc(c3o2)CCc2ccc(cc2)CC4)CC1,7.795880017344075,1,0.0,2006,2006,2006,Ki,B,1
CTWFQXKVAMVTEI-UHFFFAOYSA-N,CCOCCOCc1ccc(C(=O)NCCCCN2CCN(c3ccccc3OC)CC2)cc1,7.795880017344075,1,0.0,2012,2012,2012,Ki,B,1
SGGMEYGWAJEGIP-WPUZRXDDSA-N,O=C(CCCCN1[C@@H]2CC[C@H]1CC(O)(c1ccc(Cl)cc1)C2)c1nc2ccccc2s1,7.795880017344075,1,0.0,2012,2012,2012,Ki,B,1
RKLDGOMILCFJDT-UHFFFAOYSA-N,O=C(NCCCCN1CCN(c2ccc(F)cc2)CC1)c1cc2ccccc2cn1,7.795880017344075,1,0.0,2014,2014,2014,Ki,B,1
AENWLGXTORARIE-UHFFFAOYSA-N,COc1c(Cl)cccc1N1CCN(CCCCNC(=O)c2cnc3ccccc3c2)CC1,7.795880017344075,3,0.7424592277861536,2015,2015,2015,EC50;IC50;Ki,B,1
BADALEVDXACSLP-UHFFFAOYSA-N,CCN1CCN(c2ccc3c(c2)N(S(=O)(=O)c2ccccc2)CC3)CC1,7.795880017344075,1,0.0,2016,2016,2016,Ki,B,1
BYPMJBXPNZMNQD-WHCYFCLHSA-N,[2H]c1c([2H])c([2H])c([C@@H]2C[C@@H](N3CCN(C([2H])([2H])[2H])C(C)(C)C3)c3cc(Cl)ccc32)c([2H])c1[2H],7.795880017344075,1,0.0,2022,2022,2022,Ki,B,1
XXUQXMYKXRYVTE-UHFFFAOYSA-N,CC(C)(C)c1nc(N2CCN(CCCCNC(=O)N3CCC(C#N)(c4ccccc4)CC3)CC2)cc(C(F)(F)F)n1,7.795880017344075,2,0.0,2017,2018,2017,Ki,B,2
SBHJIEDINHIMAF-JIBACQESSA-N,O=C(N[C@H]1CC[C@H](CCN2CCN(c3nccc4c3CCO4)CC2)CC1)c1ccc(-c2cccnc2)cc1,7.79317412396815,1,0.0,2013,2013,2013,Ki,B,1
SGGMEYGWAJEGIP-UHFFFAOYSA-N,O=C(CCCCN1C2CCC1CC(O)(c1ccc(Cl)cc1)C2)c1nc2ccccc2s1,7.792914583734468,2,0.004193756429021956,2016,2016,2016,Ki,B,1
VFZOPLQXSQRUHM-UHFFFAOYSA-N,CCCN(CCC)C1CCc2ccc3ccoc3c2C1,7.790484985457369,1,0.0,1997,1997,1997,Ki,B,1
NXQJYLDOIPIWNN-UVXAETBJSA-N,O=C(N[C@H]1CC[C@H](CCN2CCC(c3cccc4c3OCO4)CC2)CC1)C1CCS(=O)(=O)C1,7.788345599446817,2,0.0,2013,2013,2013,Ki,B,1
FHOVKJHMUHGSDG-OJBMAJLDSA-N,O=C(N[C@H]1CC[C@H](CCN2CCC(c3cccc4c3CCO4)CC2)CC1)c1ccc(N2CCOCC2)nc1,7.787812395596042,2,0.0,2014,2014,2014,Ki,B,1
SAHQEMRIXRTMKH-LOSJGSFVSA-N,CCN1C[C@H](OC(=O)Nc2ccc(-c3ccsc3)cc2)C[C@H]1CNC(=O)c1cc(CCCF)cc(OC)c1OC,7.784632001794848,2,0.8229302251197748,2023,2023,2023,IC50;Ki,B,1
PGOKBMWPBDRDGN-IBXSQZDTSA-N,CC[C@H](C)[C@@H](CO[C@@H](Cc1ccccc1)C(=O)N[C@@H](CCS(C)(=O)=O)C(=O)OC(C)C)NC[C@@H](N)CS,7.784495124833154,2,0.3276070352297461,,,,IC50;Ki,B,1
XRZGFBAAWMVHMU-UHFFFAOYSA-N,COc1ccccc1N1CCN(CCCCNC(=O)c2ccc3nonc3c2)CC1,7.780373137991051,2,0.7743229433529976,2006,2009,2007,Ki,B,2
XBGWTWPYCTZIIE-HXUWFJFHSA-N,C1=C(c2ccccc2)CCN(C[C@@H]2CCC=C(c3ccccc3)C2)C1,7.779891911959945,3,1.0877919644084146e-15,1994,2003,1995,Ki,B,3
HGDNRYBOAYQHNG-WGSAOQKQSA-N,CC(C)C(=O)N[C@H]1CC[C@H](CCN2CCN(c3nccc4c3CCO4)CC2)CC1,7.779891911959945,1,0.0,2013,2013,2013,Ki,B,1
JOHOQMIETZSDOL-UHFFFAOYSA-N,COc1ccccc1N1CCC2CN(CCCSc3nnc(-c4cnccn4)n3C)CC21,7.779891911959945,3,0.011592512990117107,2016,2020,2019,Ki,B,3
USSJQLOQXQBGTM-GCJKJVERSA-N,Cn1c(SCCCN2CC[C@]3(C[C@@H]3c3ccc(C(F)(F)F)cc3)C2)nnc1-c1cccnn1,7.779891911959945,1,0.0,2016,2016,2016,Ki,B,1
FEBNMEHEWSKWSQ-UHFFFAOYSA-N,CC(C)(C)c1nc(N2CCN(CCCCNC(=O)N3CCN(c4ccccc4C#N)CC3)CC2)cc(C(F)(F)F)n1,7.779891911959945,2,0.0,2017,2018,2017,Ki,B,2
PPNFHFXNWYTHCJ-UHFFFAOYSA-N,O=C(NCCCCN1CCN(c2ccccc2O)CC1)c1ccc(-c2ccsc2)cc1,7.777283528852417,1,0.0,2019,2019,2019,Ki,B,1
SHKMYWRRXARHJG-UHFFFAOYSA-N,COc1ccccc1N1CCN(CCCCNC2=CC=CC3=[N+]4[N+](=Cc5cc6ccccc6n5[B-]4(F)F)[B-](F)(F)N23)CC1,7.777283528852417,1,0.0,2022,2022,2022,Ki,B,1
VQJWINDRTCMVEE-UHFFFAOYSA-N,CC(C)(C)c1nc(N2CCN(CCCCNC(=O)N3CCN(Cc4ccccc4)CC3)CC2)cc(C(F)(F)F)n1,7.777283528852417,2,0.0,2017,2018,2017,Ki,B,2
GTZSQZPMHIHCCP-UHFFFAOYSA-N,CC(C)(C)c1nc(N2CCN(CCCCN3C(=O)CCCc4ccccc43)CC2)cc(C(F)(F)F)n1,7.774690718274137,1,0.0,2006,2006,2006,Ki,B,1
ZOJYMCBGKBJTGD-RVZUZXSLSA-N,CCC(C)C(=O)N[C@H]1CC[C@H](CCN2CCC(c3cccc4c3CCO4)CC2)CC1,7.774690718274137,2,0.0,2014,2014,2014,Ki,B,1
RICCGUYAQMEDQJ-RZDIXWSQSA-N,O=C(CO)N[C@H]1CC[C@H](CCN2CCC(c3noc4cc(Cl)ccc34)CC2)CC1,7.774432286560529,2,0.0,2014,2014,2014,Ki,B,1
WVPMAZJVALETCI-ALOJWSFFSA-N,O=C(N[C@H]1CC[C@H](CCN2CCN(c3nccc4c3CCO4)CC2)CC1)c1ccc(N2CCOCC2)cc1,7.772113295386326,1,0.0,2013,2013,2013,Ki,B,1
BQBVMBGNTSPRNK-UHFFFAOYSA-N,Clc1ccccc1OCCNCCCOc1ccccc1,7.769806696356897,2,0.00036149806786085287,1997,2005,2001,Ki,B,2
HKUPNFQZELWUIO-UHFFFAOYSA-N,O=C(CCCN1CCc2ccccc2C1)c1ccc(Cl)cc1,7.769806696356897,2,0.00036149806786085287,2016,2016,2016,Ki,B,1
AHYUXDAZVIOABZ-UHFFFAOYSA-N,c1ccc(CCCNCCCOc2ccccc2)cc1,7.769551078621726,1,0.0,1997,1997,1997,Ki,B,1
SBJOJKQLHNFZTE-UHFFFAOYSA-N,O=C(CCCN1CCC(O)(c2ccc(Cl)cc2)CC1)c1cc2ccc1CCc1ccc(cc1)CC2,7.769551078621726,1,0.0,2010,2010,2010,Ki,B,1
LIJLYDMKDQLIKS-UHFFFAOYSA-N,O=C(NCCC(F)CN1CCN(c2cccc(Cl)c2Cl)CC1)c1cc2ccccc2s1,7.769551078621726,3,1.6222287503135744,2011,2011,2011,IC50;Ki,B;F,1
GLGJRQOPYRQGRY-CYBMUJFWSA-N,CN1CCc2ccc(CO)c3c2[C@H]1Cc1ccc(O)c(O)c1-3,7.769551078621726,1,0.0,2013,2013,2013,Ki,B,1
DQVWGUUNHWMPMS-MXVIHJGJSA-N,CC(C)(C)CC(=O)N[C@H]1CC[C@H](CCN2CCN(c3nccc4c3CCO4)CC2)CC1,7.769551078621726,1,0.0,2013,2013,2013,Ki,B,1
NSDNFDRCTHNFLQ-MBOZVWFJSA-N,C[C@@H](O)CC(=O)N[C@H]1CC[C@H](CCN2CCC(c3noc4cc(Cl)ccc34)CC2)CC1,7.769551078621726,2,0.0,2014,2014,2014,Ki,B,1
VOKCKVQKMXVJNW-UHFFFAOYSA-N,COc1ccc(C(=O)N2CCN(CCOc3cccnc3)CC2)cc1,7.769551078621726,2,0.0,2020,2023,2021,EC50,B,2
VEMOQUROGJYIHS-UHFFFAOYSA-N,CCCN1CCN(c2cccc3c2CCN3S(=O)(=O)c2ccccc2)CC1,7.769551078621726,1,0.0,2016,2016,2016,Ki,B,1
GWXIZHPBMCIUCC-RBUKOAKNSA-N,Cc1ncoc1-c1nnc(SCCCN2C[C@H]3OCCN(c4ccc(C(F)(F)F)cc4)[C@H]3C2)n1C,7.769551078621726,1,0.0,2019,2019,2019,Ki,B,1
GWXIZHPBMCIUCC-MOPGFXCFSA-N,Cc1ncoc1-c1nnc(SCCCN2C[C@@H]3OCCN(c4ccc(C(F)(F)F)cc4)[C@@H]3C2)n1C,7.769551078621726,1,0.0,2020,2020,2020,Ki,B,1
NKIKKVIRCFKCOG-FXCIWXGGSA-N,O=C(N[C@H]1CC[C@H](CCN2CCC(c3cccc4c3CCO4)CC2)CC1)C1CCCOC1,7.767003889607846,2,0.0,2014,2014,2014,Ki,B,1
XDPTVFIWUAWOLA-WGSAOQKQSA-N,CC#CC(=O)N[C@H]1CC[C@H](CCN2CCN(c3nccc4c3CCO4)CC2)CC1,7.764471553092451,1,0.0,2013,2013,2013,Ki,B,1
KAXUQVAHOIHHMX-HFMPRLQTSA-N,C[C@H]1CN(CC[C@H]2CC[C@H](NC(=O)N(C)c3ccccc3)CC2)CCc2ccc(Cl)cc21,7.764471553092451,1,0.0,2021,2021,2021,Ki,B,1
ORNXSTGAFURZLS-FNNYLQCESA-N,CO[C@H]1CC[C@H](CC(=O)N[C@H]2CC[C@H](CCN3CCC(c4noc5cc(F)c(F)cc45)CC3)CC2)CC1,7.761953896871205,2,0.0,2014,2014,2014,Ki,B,1
FNNKRCZBNZOMQJ-MEMLXQNLSA-N,CCc1cc(Cl)c(OC)c(N2CCN(CC[C@H]3CC[C@H](NC(=O)CCOC)CC3)CC2)c1,7.7599502278873524,3,0.7953580605625209,2023,2023,2023,IC50;Ki,B;F,1
RSOWGGVCBJACCG-WGSAOQKQSA-N,COCCC(=O)N[C@H]1CC[C@H](CCN2CCN(c3nccc4c3CCO4)CC2)CC1,7.7594507517174005,1,0.0,2013,2013,2013,Ki,B,1
GFXGGKFVAYIGGO-LSTHTHJFSA-N,Cn1c(SCCCN2C[C@H]3CCN(c4ccc(C(F)(F)F)cc4)[C@H]3C2)nnc1[C@H]1COCCO1,7.7594507517174005,2,0.0,2019,2020,2019,Ki,B,2
IHPMTTUHDSGUHU-AQYVVDRMSA-N,O=C(N[C@H]1CC[C@H](CCN2CCC(c3cccc4c3OCO4)CC2)CC1)C1(O)CCCCC1,7.757210190521324,2,0.0,2013,2013,2013,Ki,B,1
AMBHQWIFPINWOO-SKPFHBQLSA-N,C[C@H]1CN(CC[C@H]2CC[C@H](NC(=O)C3CCCCC3)CC2)CCc2ccc(Cl)cc21,7.756961951313706,1,0.0,2021,2021,2021,Ki,B,1
NUFCJQQSZUHVFN-UHFFFAOYSA-N,CCCN(CCCCNC(=O)c1ccc(-c2ccccn2)cc1)CC1CC1c1ccc(Cl)cc1,7.75448733218585,1,0.0,2020,2020,2020,Ki,B,1
PKGJBHXJYDGBET-UHFFFAOYSA-N,O=C(NCCCCN1CCN(C(c2ccccc2)c2ccc(Cl)cc2)CC1)c1cc2ccccc2s1,7.752026733638194,1,0.0,2007,2007,2007,Ki,B,1
QKGGUYOGIVKJFF-FWNKOSSWSA-N,O=C(CC1CCCO1)N[C@H]1CC[C@H](CCN2CCC(c3noc4cc(Cl)c(F)cc34)CC2)CC1,7.751291264399082,2,0.0,2014,2014,2014,Ki,B,1
HWISWHUWIQAPMO-CILPGNKCSA-N,CCCN(CCC)[C@@H]1CCc2c(ccc(C(O)Cc3ccc(Cl)cc3)c2OC)C1,7.7499797892168765,2,0.6363831651902552,1996,1996,1996,Ki,B,1
RLHNDTLEKOCIPV-TZIWHRDSSA-N,O=C(NCCCCN1CCO[C@@H]2c3ccccc3OC[C@H]21)c1ccc(Cl)cc1,7.7495799976911055,1,0.0,2021,2021,2021,Ki,B,1
OCZGPPRWTUONED-UHFFFAOYSA-N,O=C(CCCCN1CCC2(CC1)C(=O)NCN2c1ccccc1)c1nc2ccccc2s1,7.747397869131249,2,0.0037764794591200845,2016,2016,2016,Ki,B,1
VFPMJQLPEIDGKV-YPGOJHLTSA-N,O[C@@]1(c2ccc(Cl)c(Cl)c2)C[C@H]2CC[C@@H](C1)N2Cc1csc2ccccc12,7.747146969020107,1,0.0,2008,2008,2008,Ki,B,1
YEQXLZYCVNXKRF-UHFFFAOYSA-N,COc1ccccc1N1CCCN(CCCCNC(=O)c2ccc(Br)nc2)CC1,7.747146969020107,1,0.0,2013,2013,2013,Ki,B,1
GOGFNQYGVYCYHI-UAPYVXQJSA-N,COCC(=O)N[C@H]1CC[C@H](CCN2CCC(c3cccc4c3OCO4)CC2)CC1,7.745451922891026,2,0.0,2013,2013,2013,Ki,B,1
MPRVFPKBKLXAAW-UHFFFAOYSA-N,c1ccc(-c2cc(CCCCN3CCN(c4ccccc4)CC3)on2)cc1,7.7447274948966935,1,0.0,2002,2002,2002,Ki,B,1
VZNSZPOJWAAUQR-UHFFFAOYSA-N,Clc1ccccc1N1CCN(CCCOc2ccc(-c3nc4ccccc4[nH]3)cc2)CC1,7.7447274948966935,2,0.0,1995,2013,2004,Ki,B,2
MPDFDNDIHGRXBJ-UHFFFAOYSA-N,COc1ccccc1N1CCN(CCCCNC(=O)c2cnn3ccccc23)CC1,7.7447274948966935,1,0.0,2002,2002,2002,Ki,B,1
NXGXYFWRVCUKFN-UHFFFAOYSA-N,OC1(c2ccc(Cl)cc2)CC2CCC(C1)N2CCc1c[nH]c2ccccc12,7.7447274948966935,1,0.0,2009,2009,2009,Ki,B,1
VVPCRKVUSARVSE-UHFFFAOYSA-N,c1ccc(-n2cc(CN3CCN(c4cc5ccc4CCc4ccc(cc4)CC5)CC3)cn2)cc1,7.7447274948966935,1,0.0,2013,2013,2013,Ki,B,1
VVNKMNCWRHQTDH-UHFFFAOYSA-N,OC(CCn1cc(-c2ccc3ncccc3c2)nn1)CN1CCN(c2cccc(Cl)c2Cl)CC1,7.7447274948966935,1,0.0,2015,2015,2015,Ki,B,1
SITQSHZFILPALT-UHFFFAOYSA-N,CN1CCc2ccccc2Cc2sc3ccccc3c2CC1,7.7447274948966935,2,0.0,2015,2024,2019,Ki,B,2
ROTBWFGDDNEYCJ-UHFFFAOYSA-N,COc1cc(CCNCCc2ccc(O)c3[nH]c(=O)ccc23)ccc1OCCCc1ccccc1,7.7447274948966935,1,0.0,2016,2016,2016,Ki,B,1
VMSBWTDRZMICFC-UHFFFAOYSA-N,COc1cccc(N2CCN(CCCCNC(=O)c3ccc(-c4ccsc4)cc3)CC2)c1,7.7447274948966935,1,0.0,2019,2019,2019,Ki,B,1
OGMXPNDTEOMUTP-UHFFFAOYSA-N,CN1CCC(N2CCN(C(=O)NCCCCN3CCN(c4cc(C(F)(F)F)nc(C(C)(C)C)n4)CC3)CC2)CC1,7.7447274948966935,2,0.0,2017,2018,2017,Ki,B,2
BZCYPHOOPXOADD-XIEYBQDHSA-N,COc1ccccc1N1CCN(CCCCOc2ccn3ncc(/C=N/O)c3c2)CC1,7.742328053455809,6,0.4678765754341633,2017,2017,2017,EC50;Ki,B;F,1
SAWRNBNIFPXPCC-ACRUOGEOSA-N,O=C(C[C@@H]1CCCO1)N[C@H]1CC[C@H](CCN2CCN(c3nccc4c3CCO4)CC2)CC1,7.7423214251308154,1,0.0,2013,2013,2013,Ki,B,1
XJIBUBWKKHZDSR-IRJFHVNHSA-N,O=C(N[C@H]1CC[C@H](CCN2CCC(c3noc4cc(F)c(F)cc34)CC2)CC1)C1CCOCC1,7.740645072691965,2,0.0,2014,2014,2014,Ki,B,1
CKIPXVNSJRXNTQ-UHFFFAOYSA-N,CCCCCCNC(=O)/N=C(\N)NCCCc1sc(N)nc1C,7.739950115402694,2,0.15543299212082035,2021,2021,2021,EC50;Ki,B;F,1
AZTUVZSKZZUSFU-SNAWJCMRSA-N,COc1ccccc1N1CCN(C/C=C/CNC(=O)c2ccc(OCCOCCF)cc2)CC1,7.739928612014925,1,0.0,2011,2011,2011,Ki,B,1
YNWOVSGFFVVSBU-UQTQIZBZSA-N,O=C(N[C@H]1CC[C@H](CCN2CCN(c3nccc4c3CCO4)CC2)CC1)C1CCOC1,7.739928612014925,1,0.0,2013,2013,2013,Ki,B,1
VYCBASLVLXPETI-CRAIPNDOSA-N,Cc1ncoc1-c1nnc(SCCCN2C[C@@H]3CN(c4ccc(C(F)(F)F)cc4)[C@@H]3C2)n1C,7.739928612014925,2,0.0,2019,2020,2019,Ki,B,2
NWXLNEMDCWELOX-IYARVYRRSA-N,CC(=O)N[C@H]1CC[C@H](CCN2CCN(c3nccc4occc34)CC2)CC1,7.73754891026957,1,0.0,2013,2013,2013,Ki,B,1
JKUARXXFZBUSAL-UHFFFAOYSA-N,COc1ccccc1NC1CCN(CCCCNC(=O)c2ccc3ccccc3c2)CC1,7.735182176990463,1,0.0,2007,2007,2007,Ki,B,1
WYIBJRJIELMSTK-IXCJQBJRSA-N,COc1ccc2c(c1)[C@H]1OCCN(CCCCNC(=O)c3ccc(-c4ccccc4)cc3)[C@@H]1CO2,7.735182176990463,1,0.0,2021,2021,2021,Ki,B,1
JAOKCAPKMXUPOM-UHFFFAOYSA-N,CC(C)(C)c1nc(N2CCN(CCCCNC(=O)N3CCC(Cc4ccccc4)CC3)CC2)cc(C(F)(F)F)n1,7.735182176990463,2,0.0,2017,2018,2017,Ki,B,2
FGFHFJJEESMBGK-AATRIKPKSA-N,COc1ccccc1N1CCN(C/C=C/CNC(=O)c2cc(C)ccc2OCCF)CC1,7.732828271596986,1,0.0,2011,2011,2011,Ki,B,1
ZDGYKEJTDUCVRG-UHFFFAOYSA-N,COc1ccccc1N1CCN(CC(O)CCn2cc(-c3ccc4c(c3)Cc3ccccc3-4)nn2)CC1,7.732828271596986,1,0.0,2015,2015,2015,Ki,B,1
OUMNETVFYOWILO-UAPYVXQJSA-N,O=C(N[C@H]1CC[C@H](CCN2CCN(c3nccc4c3CCO4)CC2)CC1)C1CC1,7.732828271596986,1,0.0,2013,2013,2013,Ki,B,1
DRRONPWFEYCYOF-UHFFFAOYSA-N,CCc1cccc(N2CCN(CCCCNC(=O)c3cc4ccccc4o3)CC2)c1Cl,7.732828271596986,3,1.7271949257988652,2016,2016,2016,EC50;IC50;Ki,B,1
SVODCKBJAYKLJL-VQIMIIECSA-N,O=C(NCCCCN1CCO[C@@H]2c3ccccc3OC[C@H]21)c1cccs1,7.732828271596986,1,0.0,2021,2021,2021,Ki,B,1
ZQZUTJSBLPRYPL-XBTDCMMSSA-N,O=C(N[C@H]1CC[C@H](CCN2CCN(c3nccc4c3CCO4)CC2)CC1)c1ccc(-c2ccccc2)cc1,7.730487055782084,1,0.0,2013,2013,2013,Ki,B,1
ONAUJHKYHSJWDK-AQYVVDRMSA-N,O=C(Cc1ccc2c(c1)OCO2)N[C@H]1CC[C@H](CCN2CCN(c3nccc4c3CCO4)CC2)CC1,7.730487055782084,1,0.0,2013,2013,2013,Ki,B,1
PFWYFJWJIWWNBL-UHFFFAOYSA-N,Cc1ncccc1-c1nnc(SCCCN2CC3CCN(c4c(F)cccc4F)C3C2)n1C,7.730487055782084,2,0.0,2019,2020,2019,Ki,B,2
ZYJQELHTQSMKFH-UHFFFAOYSA-N,COc1ccccc1N1CCN(CCCCOc2ccc3c(C=O)cnn3c2)CC1,7.730020323354676,3,0.025732613640209002,2017,2017,2017,EC50;Ki,B;F,1
QGUAUKGVRXXHQV-AFARHQOCSA-N,Cc1cc2c(c(N3CCN(CC[C@H]4CC[C@H](NC(=O)CC5CCOCC5)CC4)CC3)n1)CCO2,7.7281583934635005,1,0.0,2013,2013,2013,Ki,B,1
YGCYKAKZEZYUMC-NJDAHSKKSA-N,O=C(C[C@@H]1COCCO1)N[C@H]1CC[C@H](CCN2CCN(c3nccc4c3CCO4)CC2)CC1,7.7281583934635005,1,0.0,2013,2013,2013,Ki,B,1
XXESQSFCTJSSQN-UHFFFAOYSA-N,COCCC(=O)N1CCC(O)(CCCN2CCN(c3cccc(Cl)c3Cl)CC2)C1,7.7281583934635005,1,0.0,2023,2023,2023,Ki,B,1
DKBPQSXNYNGHQK-UHFFFAOYSA-N,CN(C)Cc1c(C(=O)NCCCCN2CCN(c3cc(C(F)(F)F)nc(C(C)(C)C)n3)CC2)[nH]c2ccccc12,7.727965977824862,2,0.17805795368787927,2014,2014,2014,IC50;Ki,B,1
BSVRQWRWWJQETN-UHFFFAOYSA-N,CC(C)(C)c1cc(N2CCN(CCCCNC(=O)c3cn4ccccc4n3)CC2)nc(C(C)(C)C)n1,7.72584215073632,3,0.002653358474859011,2014,2018,2017,Ki,B,3
XOBVCWPXOBDWGK-UHFFFAOYSA-N,CCCN(CCCCNC(=O)c1cc2ccccc2[nH]1)CC1CC1c1cccc(F)c1,7.72584215073632,1,0.0,2020,2020,2020,Ki,B,1
GKYBNMJPQSRWPC-UHFFFAOYSA-N,Cc1cc2ccc(OCCCN3CCN(c4ccccc4)CC3)cc2oc1=O,7.723538195826756,1,0.0,1998,1998,1998,Ki,B,1
QCKWKKZGPZWWFN-UHFFFAOYSA-N,O=C(NCCCCN1CCN(c2cccc(Cl)c2Cl)CC1)C1c2ccccc2-c2ccccc21,7.721246399047171,1,0.0,2001,2001,2001,Ki,B,1
GHZCAYNGRYIDPW-GOSISDBHSA-N,O=S(=O)(Oc1cccc([C@@H]2CCCN(CCc3ccccc3)C2)c1)C(F)(F)F,7.721246399047171,1,0.0,1994,1994,1994,Ki,B,1
XPFGMUGGXJNCTR-UHFFFAOYSA-N,O=[N+]([O-])c1cccc(-c2cc(CCCCN3CCN(C(c4ccccc4)c4ccccc4)CC3)on2)c1,7.721246399047171,1,0.0,2002,2002,2002,Ki,B,1
QDWOSBADSCWLQX-UHFFFAOYSA-N,CCOc1ccccc1N1CCN(CCCCc2cc(-c3cccc([N+](=O)[O-])c3)no2)CC1,7.721246399047171,1,0.0,2002,2002,2002,Ki,B,1
IBNGPFLSWWZTBJ-UHFFFAOYSA-N,O=C(NC1CCC(CCN2CCN(c3cccc(Cl)c3Cl)CC2)CC1)c1ccccc1,7.721246399047171,1,0.0,1997,1997,1997,Ki,B,1
FHMWRCSIRLHLAI-OUKQBFOZSA-N,CCN(CC)CCCOc1ccc(-c2nc3ccccc3n2C/C=C/Cn2c(-c3ccc(OCCCN4CCN(c5ccccc5)CC4)cc3)nc3ccccc32)cc1,7.721246399047171,1,0.0,1995,1995,1995,Ki,B,1
WMXFRQFMQHQCBJ-UHFFFAOYSA-N,CN(C)Cc1c(C(=O)NCCCCN2CCN(c3cc(C(F)(F)F)nc(C(C)(C)C)n3)CC2)nc2ccccn12,7.721246399047171,9,0.22613458694547806,2014,2018,2014,IC50;Ki,B,3
VCSXUTPJFQYQHZ-UHFFFAOYSA-N,O=C(CCc1cn(CCOCCOCCOCCOCCn2cc(CCC(=O)OC3(c4ccc(Cl)cc4)CCN(CCCC(=O)c4ccc(F)cc4)CC3)nn2)nn1)OC1(c2ccc(Cl)cc2)CCN(CCCC(=O)c2ccc(F)cc2)CC1,7.721246399047171,1,0.0,2014,2014,2014,Ki,B,1
JMDXHUNKNDOMJU-UHFFFAOYSA-N,COc1ccccc1N1CCN(CCCCOc2ccn3ncc(C#N)c3c2)CC1,7.721246399047171,3,0.47165296019194614,2017,2017,2017,EC50;Ki,B;F,1
INHLBBQJFLVLRB-UHFFFAOYSA-N,CCCCCCCCN1CCC(c2cccc(O)c2)C1,7.721246399047171,1,0.0,2018,2018,2018,Ki,B,1
BHWFWVGETJBMKF-IAGOWNOFSA-N,CCCN1CCO[C@@H]2c3cc4c(=O)[nH]ccc4cc3CC[C@H]21,7.720105019988361,1,0.0,2009,2009,2009,Ki,B,1
QVISYVCUOQJANU-MXVIHJGJSA-N,CCCCC(=O)N[C@H]1CC[C@H](CCN2CCN(c3nccc4c3CCO4)CC2)CC1,7.71669877129645,1,0.0,2013,2013,2013,Ki,B,1
LTXKGMIEWLLTGF-UHFFFAOYSA-N,Cc1ccccc1N1CCN(CCCNC(=O)Oc2cccc3ccccc23)CC1,7.71669877129645,1,0.0,2016,2016,2016,EC50,F,1
RKXSQHTWNMDLJM-UHFFFAOYSA-N,CCc1cc(Cl)c(OC)c(C(=O)NCC2CCN(CC)C2)c1O,7.71669877129645,1,0.0,2021,2021,2021,Ki,B,1
RNKUEZGSYUCLKY-UHFFFAOYSA-N,CC(C)(C)c1nc(N2CCN(CCCCNC(=O)N3CCN(c4ccnc5cc(Cl)ccc45)CC3)CC2)cc(C(F)(F)F)n1,7.71669877129645,2,0.0,2017,2018,2017,Ki,B,2
UGRUVQBETHORJS-UHFFFAOYSA-N,CC(C)(C)c1nc(N2CCN(CCCCNC(=O)N3CCN(c4ccccc4)C(=O)C3)CC2)cc(C(F)(F)F)n1,7.71669877129645,2,0.0,2017,2018,2017,Ki,B,2
RZBBQNAIKHGIFW-UHFFFAOYSA-N,Cc1cc(C(N)=O)c(-c2cccc(OC(=O)NCCCN3CCN(c4ccccc4)CC3)c2)o1,7.715605893842326,2,0.007976878959327428,2019,2019,2019,Ki,B,1
LPYJYJNIIRKQSC-UHFFFAOYSA-N,COc1ccccc1N1CCN(CCCCNC(=O)c2cc(-c3ccco3)[nH]n2)CC1,7.714442690992226,1,0.0,2006,2006,2006,Ki,B,1
AVYIORKUKBQLOA-WGSAOQKQSA-N,COC(CC(=O)N[C@H]1CC[C@H](CCN2CCN(c3nccc4c3CCO4)CC2)CC1)OC,7.714442690992226,1,0.0,2013,2013,2013,Ki,B,1
YGLPFEUWKJCWBD-UHFFFAOYSA-N,CC(C)(C)c1nc(N2CCN(CCCCNC(=O)N3CCN(c4cccc(Cl)c4)CC3)CC2)cc(C(F)(F)F)n1,7.714442690992226,2,0.0,2017,2018,2017,Ki,B,2
DQTBCNRIVXHDQE-MLCQCVOFSA-N,CO[C@H]1CC[C@H](CC(=O)N[C@H]2CC[C@H](CCN3CCN(c4nccc5c4CCO5)CC3)CC2)C1,7.7121982700697735,1,0.0,2013,2013,2013,Ki,B,1
MTNHSFFTMCIWEW-UHFFFAOYSA-N,CC(C)(C)c1nc(N2CCN(CCCCNC(=O)N3CCN(c4ccc(C(F)(F)F)cc4)CC3)CC2)cc(C(F)(F)F)n1,7.7121982700697735,2,0.0,2017,2018,2017,Ki,B,2
COMHXTZJQDZANW-UHFFFAOYSA-N,CC(C)(C)c1nc(N2CCN(CCCCNC(=O)N3CCN(c4ccc(C#N)cc4)CC3)CC2)cc(C(F)(F)F)n1,7.7121982700697735,2,0.0,2017,2018,2017,Ki,B,2
LSHSMBQZYASNDB-JKIUYZKVSA-N,O=C(N[C@H]1CC[C@H](CCN2CCC(c3noc4cc(F)ccc34)CC2)CC1)c1cnc(N2CCOCC2)cn1,7.711303739409744,2,0.0,2014,2014,2014,Ki,B,1
ZEHDEZWEFBOGNZ-UHFFFAOYSA-N,c1ccc(CNCCOc2cccc3[nH]ccc23)cc1,7.709965388637482,1,0.0,1999,1999,1999,Ki,B,1
WZBDKFBWHQBNSS-WUKNDPDISA-N,COc1ccccc1N1CCN(CCCCNC(=O)/C=C/c2cccc(Oc3ccccc3)c2)CC1,7.709965388637482,1,0.0,2003,2003,2003,Ki,B,1
HUKNOHADSBATLH-OBGWFSINSA-N,COc1ccccc1N1CCN(CCCCNC(=O)/C=C/c2ccc(OCc3ccccc3)cc2)CC1,7.709965388637482,1,0.0,2003,2003,2003,Ki,B,1
XKTRZPQOQOCNJU-UHFFFAOYSA-N,CCCN1CCOC2c3cc(C(N)=O)ccc3CCC21,7.709965388637482,1,0.0,2009,2009,2009,Ki,B,1
DZYJECJNISMMEC-SAIGFBBZSA-N,Cc1nc(-c2cccc(C(=O)N[C@H]3CC[C@H](CCN4CCN(c5nccc6c5CCO6)CC4)CC3)c2)no1,7.709965388637482,1,0.0,2013,2013,2013,Ki,B,1
GQYBHQJQIKLJET-ONEGZZNKSA-N,O=C(NC/C=C/CN1CCN(c2ccccc2OCCF)CC1)c1ccc(OCCOCCF)cc1,7.707743928643524,1,0.0,2011,2011,2011,Ki,B,1
YGCYKAKZEZYUMC-YGQOYYDZSA-N,O=C(CC1COCCO1)N[C@H]1CC[C@H](CCN2CCN(c3nccc4c3CCO4)CC2)CC1,7.707743928643524,1,0.0,2013,2013,2013,Ki,B,1
AKUFOSYLIYVIGY-UHFFFAOYSA-N,COc1ccccc1N1CCC2(CCN(CCCSc3nnc(-c4ccccc4)n3C)CC2)C1,7.707743928643524,2,0.0,2017,2019,2018,Ki,B,2
XYPNSIBKATVQIJ-WGSAOQKQSA-N,Cc1ccsc1C(=O)N[C@H]1CC[C@H](CCN2CCN(c3cccc(Cl)c3Cl)CC2)CC1,7.7055337738384075,1,0.0,1997,1997,1997,Ki,B,1
BCTPODDQZONFKA-AWEZNQCLSA-N,Oc1cc2c(cc1Cl)CC[C@@H](CNCc1ccccc1)O2,7.7055337738384075,1,0.0,1997,1997,1997,Ki,B,1
CTMBSXSNFDPMFG-MBOZVWFJSA-N,O=C(C[C@@H](O)C(F)(F)F)N[C@H]1CC[C@H](CCN2CCN(c3nccc4c3CCO4)CC2)CC1,7.7055337738384075,1,0.0,2013,2013,2013,Ki,B,1
SGRZMLIEPZAREQ-AFARHQOCSA-N,CN1CCN(CC(=O)N[C@H]2CC[C@H](CCN3CCC(c4cccc5c4OCO5)CC3)CC2)CC1,7.704432900037521,2,0.0,2013,2013,2013,Ki,B,1
RQSYJHOVRPMPEE-VURPSTOHSA-N,O=C(C[C@@H]1CC[C@@H](O)C1)N[C@H]1CC[C@H](CCN2CCC(c3noc4cc(F)c(F)cc34)CC2)CC1,7.70421305974839,2,0.0,2014,2014,2014,Ki,B,1
XUMFZHDTWDHUIE-UHFFFAOYSA-N,COc1ccc(N2CCN(CCCCNC(=O)c3ccc(-c4ccsc4)cc3)CC2)cc1,7.703334809738469,1,0.0,2019,2019,2019,Ki,B,1
GISMRNMZGNYAEU-AOYPEHQESA-N,COc1ccc2c(c1)[C@H]1OCCN(CCCCNC(=O)c3cccc4ccccc34)[C@@H]1CO2,7.703334809738469,1,0.0,2021,2021,2021,Ki,B,1
IXCPWQZWEFUJGL-WGSAOQKQSA-N,CCc1cc(Cl)c(OC)c(N2CCN(CC[C@H]3CC[C@H](NC(=O)NC)CC3)CC2)c1,7.702239488900866,3,0.8617951168665957,2023,2023,2023,IC50;Ki,B;F,1
ACKGCCXJFAZCFF-UHFFFAOYSA-N,O=C(NCCCCN1CCN(c2cccc(Cl)c2Cl)CC1)c1cc2ccc1CCc1ccc(cc1)CC2,7.7011524070372435,2,1.0501173400564123,2006,2006,2006,EC50;Ki,B;F,1
QSHZDFROGASVTB-UHFFFAOYSA-N,COc1cccc(N2CCN(CCCCNC(=O)c3ccc(-n4ccnc4)cc3)CC2)c1,7.701146923590294,1,0.0,2009,2009,2009,Ki,B,1
SNXPYOZDXRKEER-UHFFFAOYSA-N,CCCN1CCc2cccc3c2C1Cc1cccc(OCCCCN2CCN(c4ccccc4OC)CC2)c1-3,7.701146923590294,1,0.0,2011,2011,2011,Ki,B,1
UEOLBOREQLRPTL-QLVMHMETSA-N,O=C(N[C@H]1CC[C@H](CCN2CCC(c3cccc4c3OCO4)CC2)CC1)[C@@H](O)C(F)(F)F,7.701146923590294,2,0.0,2013,2013,2013,Ki,B,1
UOQPMMUMTSDTOB-IYARVYRRSA-N,O=C(CCO)N[C@H]1CC[C@H](CCN2CCN(c3nccc4occc34)CC2)CC1,7.701146923590294,1,0.0,2013,2013,2013,Ki,B,1
IWGVABNVNOQFPY-JTAQYXEDSA-N,CO[C@H](C(=O)N[C@H]1CC[C@H](CCN2CCN(c3cccc4c3OCO4)CC2)CC1)C(C)C,7.701146923590294,2,0.0,2014,2014,2014,Ki,B,1
AZZXYTBUUQBLGH-AOYPEHQESA-N,COc1ccc2c(c1)[C@H]1OCCN(CCCCNC(=O)c3ccc4ccccc4c3)[C@@H]1CO2,7.701146923590294,1,0.0,2021,2021,2021,Ki,B,1
IRECDGNNIQNOJK-KRWDZBQOSA-N,COc1cc2c(cc1O)[C@@H]1Cc3sc(CC(C)C)cc3CN1CC2,7.700492701299512,1,0.0,2014,2014,2014,Ki,B,1
GHOIWSVCBGNCMR-RZFKFIIISA-N,Cc1cc(C(=O)N[C@H]2CC[C@H](CCN3CCc4ccc(OS(C)(=O)=O)cc4CC3)CC2)c2ccccc2n1,7.700057099977233,1,0.0,2003,2003,2003,Ki,B,1
SNKGBCKUVWDTSB-PHSANKKPSA-N,CCCN(CCC)[C@@H]1CCc2c(ccc(C(O)Cc3ccc(Cl)c(Cl)c3)c2OC)C1,7.700057099977233,1,0.0,1996,1996,1996,Ki,B,1
YFMHFOQRZFIVPU-HSZRJFAPSA-N,CCCN(CCC)[C@@H]1CCc2c(ccc(CCc3ccccc3)c2OC)C1,7.700057099977233,1,0.0,1996,1996,1996,Ki,B,1
BIMVUZQTSDREEH-FXAWDEMLSA-N,CC(=O)Nc1ccc(CN2C[C@H]3COc4ccc(C#N)cc4[C@@H]3C2)cc1,7.700057099977233,1,0.0,1999,1999,1999,Ki,B,1
QIKNEDWYBRZNKC-UHFFFAOYSA-N,CCS(=O)(=O)c1ccc(OC)c(-c2ccc(CN3CCCCCCC3c3ccccc3)[nH]2)c1,7.700057099977233,1,0.0,1996,1996,1996,Ki,B,1
UFIWJALMIXDJPT-UHFFFAOYSA-N,CCS(=O)(=O)c1ccc(OC)c(-c2ccc(C(C)N3CCCCCC3)[nH]2)c1,7.700057099977233,1,0.0,1996,1996,1996,Ki,B,1
BRDXGAAIKJJGNB-UHFFFAOYSA-N,CCS(=O)(=O)c1ccc(OC)c(-c2ccc(C(C)N3CCCC3)[nH]2)c1,7.700057099977233,1,0.0,1996,1996,1996,Ki,B,1
CHTNXCMFJLBVKP-UHFFFAOYSA-N,COc1c(C(=O)NCCN2CC=C(c3ccccc3)CC2)cc(Br)c2ccccc12,7.700057099977233,1,0.0,1997,1997,1997,Ki,B,1
AOMCGXSEEARDEI-FXBOJIBUSA-N,N#Cc1ccc2c(c1)CCN(CC[C@H]1CC[C@H](NC(=O)c3ccc4ccccc4c3)CC1)CC2,7.700057099977233,1,0.0,2000,2000,2000,Ki,B,1
WNRHLKXILALELE-MGFGWZDJSA-N,N#Cc1ccc2c(c1)CCN(CC[C@H]1CC[C@H](NC(=O)c3cccc4ccccc34)CC1)CC2,7.700057099977233,1,0.0,2000,2000,2000,Ki,B,1
UOXRATPLTLGJQF-UHFFFAOYSA-N,CCCCc1ccc(S(=O)(=O)Nc2ccc3c(c2)CN(C)C3)cc1,7.700057099977233,1,0.0,2007,2007,2007,Ki,B,1
ABWRXTVIPWIMTE-UHFFFAOYSA-N,Cc1ncoc1-c1nnc(SCCCN2CCc3ccc4nc(C(F)(F)F)oc4c3CC2)n1C,7.700057099977233,1,0.0,2008,2008,2008,Ki,F,1
OZZLMZAQJKSGCB-UHFFFAOYSA-N,Cc1ccc2c(-c3nnc(SCCCN4CCc5cc6onc(C)c6cc5CC4)n3C)cccc2n1,7.700057099977233,1,0.0,2008,2008,2008,Ki,F,1
KGDPFNITOFAOLP-UHFFFAOYSA-N,Cc1ncoc1-c1nnc(SCCCN2CCc3cc4nc(C(C)(F)F)oc4cc3CC2)n1C,7.700057099977233,1,0.0,2008,2008,2008,Ki,F,1
VTSMNPQRBXHIOD-UHFFFAOYSA-N,Cc1ccc2c(-c3nnc(SCCCCN4CCc5cc6nc(C(F)(F)F)oc6c(Br)c5CC4)n3C)cccc2n1,7.700057099977233,1,0.0,2008,2008,2008,Ki,F,1
MXYJVPGKILUPBU-UHFFFAOYSA-N,Cc1ccc2c(-c3nnc(SCCCN4CCc5cc6nc(C)sc6cc5CC4)n3C)cccc2n1,7.700057099977233,1,0.0,2008,2008,2008,Ki,F,1
QOQUTGPQLQCUSD-UHFFFAOYSA-N,O=C1N(CCN2Cc3ccccc3C2)CCN1c1ccc(F)c(Cl)c1,7.700057099977233,1,0.0,2009,2009,2009,Ki,F,1
NNCTXKNNQUMOPC-RYORKLGYSA-N,C[C@@]12CC(c3ccccc3)C[C@@H](C1)N(CCN1CCN(c3cccc(Cl)c3)C1=O)C2,7.700057099977233,2,0.0,2009,2009,2009,Ki,B;F,2
CRSXTGXQBKLMCN-OKDJAKQTSA-N,Cc1cccc(N2CCN(CCN(C)C[C@]34CC[C@H](CC3)C4(C)C)C2=O)c1,7.700057099977233,2,0.0,2009,2009,2009,Ki,B;F,2
GHHKXCCOHHVPRP-UHFFFAOYSA-N,CC(C)Oc1ccc(S(=O)(=O)Nc2ccc3c(c2)CCN(Cc2cc[nH]n2)CC3)cc1,7.700057099977233,1,0.0,2009,2009,2009,Ki,F,1
UDVBAIMSAZRJGM-UHFFFAOYSA-N,Cn1c(SCCCN2CCOC(c3ccc(C(F)(F)F)cc3)C2)nnc1-c1ccc(C(N)=O)cc1,7.700057099977233,3,0.3776558209668971,2016,2020,2016,Ki,B,2
XIHOJUYAGODVFH-VGOFRKELSA-N,Cc1ncoc1-c1nnc(SCCCN2CC[C@@]3(C[C@@H]3c3ccc(F)cc3F)C2)n1C,7.700057099977233,1,0.0,2016,2016,2016,Ki,B,1
GNVATANRVUMZDM-RXJZEZJSSA-N,Cc1ncoc1-c1nnc(SCC(O)CN2CC[C@@]3(C[C@H]3c3ccc(C(F)(F)F)cc3)C2)n1C,7.700057099977233,1,0.0,2016,2016,2016,Ki,B,1
ZDHMFNGMBGJLNF-REWPJTCUSA-N,Cn1c(SCCCN2CC[C@]3(C[C@H]3c3ccc(C(F)(F)F)cc3)C2)nnc1-c1cccnc1,7.700057099977233,1,0.0,2016,2016,2016,Ki,B,1
MQHVJCAEBAKURM-KOMQPUFPSA-N,O=C(CO)N[C@H]1CC[C@H](CCN2CCC(c3noc4cc(F)c(F)cc34)CC2)CC1,7.700057099977233,2,0.0,2014,2014,2014,Ki,B,1
JLHYDFVXCXCPKN-UHFFFAOYSA-N,N#Cc1ccc2c(c1)C1CN(Cc3ccccc3)CC1CO2,7.700003911207951,2,0.9899550249444955,1999,1999,1999,Ki,B,1
CXWMHNWEROVFMB-UHFFFAOYSA-N,COc1ccccc1N1CCN(CCCCNC(=O)c2cccn3nccc23)CC1,7.699513552156626,2,0.0007686926997008422,2002,2007,2004,Ki,B,2
HJUAHZKICLIRDT-UGESXGAOSA-N,CO[C@@H]1CC[C@@H](CC(=O)N[C@H]2CC[C@H](CCN3CCC(c4noc5cc(F)c(F)cc45)CC3)CC2)C1,7.699187205881883,2,0.0,2014,2014,2014,Ki,B,1
QNTNWSQRMBFBSH-UHFFFAOYSA-N,C(#Cc1cccnc1)CCN1CC=C(c2ccccc2)CC1,7.698970004336019,1,0.0,1996,1996,1996,Ki,B,1
BMHXCPOIQRDOEJ-UHFFFAOYSA-N,COc1ccc(-c2cc(CCCCN3CCN(c4ccccc4F)CC3)on2)cc1OC,7.698970004336019,1,0.0,2002,2002,2002,Ki,B,1
RRGIAVYUCTYDDX-UHFFFAOYSA-N,COc1ccc(-c2cc(CCCCN3CCN(C(c4ccccc4)c4ccccc4)CC3)on2)cc1OC,7.698970004336019,1,0.0,2002,2002,2002,Ki,B,1
PBLLZSMBTAPYBH-MHZLTWQESA-N,COc1ccc(C2=NO[C@@H](CCCN3CCN(C(c4ccc(F)cc4)c4ccc(F)cc4)CC3)C2)cc1OC,7.698970004336019,1,0.0,2007,2007,2007,Ki,B,1
FESDOYDRYVULEO-UHFFFAOYSA-N,O=Cc1cnn2cccc(OCCCCN3CCN(c4cccc(Cl)c4Cl)CC3)c12,7.698970004336019,1,0.0,2014,2014,2014,Ki,B,1
QDQDDWWAKHSCSK-IYARVYRRSA-N,O=C(CCC(F)(F)F)N[C@H]1CC[C@H](CCN2CCN(c3nccc4c3CCO4)CC2)CC1,7.698970004336019,1,0.0,2013,2013,2013,Ki,B,1
JBVSQYZVCXMFCI-UFYCRDLUSA-N,CC[C@H](O)CC(=O)N[C@H]1CC[C@H](CCN2CCN(c3nccc4c3CCO4)CC2)CC1,7.698970004336019,1,0.0,2013,2013,2013,Ki,B,1
GFXGGKFVAYIGGO-UXPWSPDFSA-N,Cn1c(SCCCN2C[C@H]3CCN(c4ccc(C(F)(F)F)cc4)[C@H]3C2)nnc1[C@@H]1COCCO1,7.698970004336019,2,0.0,2019,2020,2019,Ki,B,2
PYXPRMLVOWMRMK-JKIUYZKVSA-N,O=C(CC1CCOCC1)N[C@H]1CC[C@H](CCN2CCC(c3ccc(F)c4occc34)CC2)CC1,7.696803942579511,2,0.0,2014,2014,2014,Ki,B,1
FWWZEVQZVDGPGJ-UHFFFAOYSA-N,O=C(NCCCCN1CCN(c2cccc(Cl)c2Cl)CC1)c1cccc2ccccc12,7.690560890962703,2,0.6655147861973211,2005,2005,2005,EC50;Ki,B;F,1
DCTJWNXQZKKVMP-UABRLCRWSA-N,CCCN(CCC/C=C/c1ccc(O)c(OC)c1)[C@H]1CCc2nc(N)sc2C1,7.690369832574101,1,0.0,2016,2016,2016,EC50,F,1
BVLKCMNJCFXMPO-IBGZPJMESA-N,CCc1cc(Cl)c(OC)c(C(=O)NC[C@@H]2CCCN2CCCc2ccccc2)c1O,7.690369832574101,1,0.0,2021,2021,2021,Ki,B,1
IRDGCSMAHBCDAT-SIKLNZKXSA-N,Cn1c(CCCCN2C[C@@H]3CCN(c4ccc(C(F)(F)F)cc4)[C@@H]3C2)nnc1C1CCOCC1,7.690369832574101,2,0.0,2019,2020,2019,Ki,B,2
OWKWAFZWCZQWNM-UHFFFAOYSA-N,O=C(NCCCCN1CCN(c2ccnc3ccccc23)CC1)c1cn2ccccc2n1,7.688246138944246,5,0.3474604517193557,2014,2018,2014,IC50;Ki,B,3
ATHCQCSSVYPJIN-SAIGFBBZSA-N,O=C(N[C@H]1CC[C@H](CCN2CCN(c3nccc4c3CCO4)CC2)CC1)c1ccc2ncccc2c1,7.688246138944246,1,0.0,2013,2013,2013,Ki,B,1
CTENGUOYEBIGPA-UHFFFAOYSA-N,O=C(NCCCCN1CCN(c2cccc(Cl)c2Cl)CC1)OC1CCCc2ccccc21,7.686132779630847,1,0.0,2016,2016,2016,EC50,F,1
RJNNVSGDFJTERT-CTNGQTDRSA-N,Cn1c(SCCCN2C[C@H]3CCN(c4cccnc4)[C@H]3C2)nnc1C1CCCCC1,7.679853713888946,2,0.0,2019,2020,2019,Ki,B,2
BIIZSYSIBVAOCG-JOLHVKOESA-N,O=C(C[C@H]1CC[C@H](O)CC1)N[C@H]1CC[C@H](CCN2CCC(c3noc4cc(F)c(F)cc34)CC2)CC1,7.679645967182328,2,0.0,2014,2014,2014,Ki,B,1
FPLHVKDUVQOWKV-UHFFFAOYSA-N,O=C1NCN(c2ccccc2)C12CCN(CCCCc1nc3ccccc3o1)CC2,7.678921132642886,2,0.0016128078631797965,2016,2016,2016,Ki,B,1
CPVZPPFHQBIJNB-UHFFFAOYSA-N,COc1cc(NC(=O)C2CC2)c(Cl)cc1C(=O)NC1CCN(Cc2ccccc2)C1,7.6777807052660805,1,0.0,2004,2004,2004,Ki,B,1
HGSQOYNWHXVVJS-UHFFFAOYSA-N,CCCN1CCc2cccc3c2C1Cc1cccc(OCc2cn(CCCN4CCN(c5ccccc5OC)CC4)nn2)c1-3,7.6777807052660805,1,0.0,2011,2011,2011,Ki,B,1
RKEMMJXERRAATP-UHFFFAOYSA-N,COc1cc(F)ccc1N1CCC2(CCN(CCCSc3nnc(-c4ccccc4)n3C)CC2)CC1,7.6777807052660805,1,0.0,2019,2019,2019,Ki,B,1
XLWMSPHJQIPEOR-UHFFFAOYSA-N,COc1ccccc1N1CCN(CCCCCc2cn(-c3ccccc3OC)nn2)CC1,7.675717544702307,1,0.0,2015,2015,2015,Ki,B,1
CYNHGJORJGHXEX-UHFFFAOYSA-N,O=C(NCCCCN1CCN(c2ccc(Cl)cc2Cl)CC1)c1cc2ccccc2[nH]1,7.674399772756536,4,1.7405121782473871,2009,2018,2017,EC50;Ki,B;F,3
HFZAKKDYDONOQJ-MOJGAOKDSA-N,COc1ccc2[nH]cc(CN3[C@@H]4CC[C@H]3C[C@](O)(c3ccc(Cl)cc3)C4)c2c1,7.673664139071248,1,0.0,2008,2008,2008,Ki,B,1
IBWTYJNEHLEZKF-UHFFFAOYSA-N,CC(C)(C)c1nc(N2CCN(CCCCNC(=O)N3CCC(c4ccc(Cl)cc4)CC3)CC2)cc(C(F)(F)F)n1,7.673664139071248,2,0.0,2017,2018,2017,Ki,B,2
ADDKZOUNFAZVBP-DZNWXHPMSA-N,C[C@H]1CO[C@@H](c2ccc(N)nc2)CN1CC[C@H]1CC[C@H](NC(=O)c2cc3ccccc3[nH]2)CC1,7.6716634770575745,2,0.008651067096599857,2020,2021,2020,Ki,B,2
ZPNCBCHKBMWQEH-JCNLHEQBSA-N,O=C(N[C@H]1CC[C@H](CCN2CCC(c3cccc4c3OCO4)CC2)CC1)C(F)(F)F,7.670398751643481,2,0.0,2013,2013,2013,Ki,B,1
CZJDTJSRJBOOFX-UHFFFAOYSA-N,O=C1CCc2ccccc2N1CCCN1CCN(c2cccc(Cl)c2Cl)CC1,7.669992299127241,1,0.0,2022,2022,2022,Ki,B,1
GRGGMNIWCOHOKK-GUDVDZBRSA-N,CO[C@H](C)C(=O)N[C@H]1CC[C@H](CCN2CCN(c3cccc4c3OCO4)CC2)CC1,7.669789215428472,2,0.0,2014,2014,2014,Ki,B,1
MQCABDUKZLMPQP-UHFFFAOYSA-N,COc1ccc2onc(N3CCN(CCCCNC(=O)c4cc(-c5ccco5)[nH]n4)CC3)c2c1,7.669586226650809,1,0.0,2006,2006,2006,Ki,B,1
SYUUHJHHENNOEK-UHFFFAOYSA-N,CC(C)(C)c1nc(N2CCN(CCCCNC(=O)N3CCN(c4ccccc4Cl)CC3)CC2)cc(C(F)(F)F)n1,7.669586226650809,2,0.0,2017,2018,2017,Ki,B,2
VMUIVGHGONOVFW-UHFFFAOYSA-N,c1ccc(N2CCN(Cc3cnn(-c4cc5ccc4CCc4ccc(cc4)CC5)c3)CC2)cc1,7.668621084159213,2,0.04291985451741738,2013,2013,2013,Ki,B,1
ALJNGMYHXPZTTG-WGSAOQKQSA-N,CC(=O)N[C@H]1CC[C@H](CCN2CCN(c3ncc(C)c4occc34)CC2)CC1,7.667561540084394,1,0.0,2013,2013,2013,Ki,B,1
KLTVYCHNHMTZNG-WGSAOQKQSA-N,CC(C)(O)CC(=O)N[C@H]1CC[C@H](CCN2CCN(c3nccc4c3CCO4)CC2)CC1,7.665546248849069,1,0.0,2013,2013,2013,Ki,B,1
JDUYXDCAFPRHMY-UHFFFAOYSA-N,Cc1ccccc1N1CCN(CCCCNC(=O)Oc2cccc3ccccc23)CC1,7.66354026615147,1,0.0,2016,2016,2016,EC50,F,1
DDIKSIDUOMAEBE-UHFFFAOYSA-N,CCC1(CC)CC(OCCCN2CCN(c3cccc(Cl)c3Cl)CC2)(c2ccccn2)CCO1,7.66354026615147,1,0.0,2023,2023,2023,Ki,B,1
RONFPASSWXANLI-GOSISDBHSA-N,CCCN1CCc2cc(OCCCF)cc3c2[C@H]1Cc1ccc(O)c(O)c1-3,7.662569429631094,2,1.8328743546142894,2011,2011,2011,Ki,B,1
SVONVXKDHRPGFI-UAPYVXQJSA-N,O=C(N[C@H]1CC[C@H](CCN2CCN(c3nccc4occc34)CC2)CC1)C1CC1,7.661543506395395,1,0.0,2013,2013,2013,Ki,B,1
CEMWPWPBXGCHCV-XUTJKUGGSA-N,O=C(N[C@H]1CC[C@H](CCN2CCN(c3nccc4c3CCO4)CC2)CC1)c1ccc2c(c1)OCO2,7.661543506395395,1,0.0,2013,2013,2013,Ki,B,1
XIHOJUYAGODVFH-VGSWGCGISA-N,Cc1ncoc1-c1nnc(SCCCN2CC[C@]3(C[C@@H]3c3ccc(F)cc3F)C2)n1C,7.660031529905746,2,1.470818266409907,2016,2016,2016,Ki,B,1
KMJHJQFJPSDYJD-SAABIXHNSA-N,O=C(N[C@H]1CC[C@H](CCN2CCC(c3cccc4c3CCO4)CC2)CC1)C(F)(F)F,7.6595558851598815,2,0.0,2014,2014,2014,Ki,B,1
YSHFOVKURWTKBI-UHFFFAOYSA-N,Cc1cccc(N2CCN(CCCCNC(=O)c3ccc(-c4ccsc4)cc3)CC2)c1,7.6595558851598815,1,0.0,2019,2019,2019,Ki,B,1
DCPIQPSAVXUPED-UHFFFAOYSA-N,Cn1c(SCCCN2CC3CCN(c4c(F)cccc4F)C3C2)nnc1-c1cc[nH]c(=O)c1,7.6595558851598815,2,0.0,2019,2020,2019,Ki,B,2
WBGWXELVCBHOMZ-UHFFFAOYSA-N,COc1ccc2[nH]c(C(=O)NCCC(F)CN3CCN(c4cccc(Cl)c4Cl)CC3)cc2c1,7.659379381312206,2,1.646893214173389,2011,2011,2011,IC50;Ki,B;F,1
XJGVXQDUIWGIRW-UHFFFAOYSA-N,CN1CCN(C2=Nc3ccccc3Oc3ccc(Cl)cc32)CC1,7.657577319177793,1,0.0,1999,1999,1999,IC50,B,1
JUIQFSLMZIMPOO-AOJGPSJRSA-N,O=C(N[C@H]1CC[C@H](CCN2CCN(c3cccc(Cl)c3Cl)CC2)CC1)C12CC3CC(CC(C3)C1)C2,7.657577319177793,1,0.0,1997,1997,1997,Ki,B,1
YTFBRHUULHGVDP-UHFFFAOYSA-N,COc1ccccc1N1CCN(CCCCNC(=O)c2cccc(C#Cc3ccccc3)c2)CC1,7.657577319177793,1,0.0,2007,2007,2007,Ki,B,1
YZUDCCCPYDXRSM-ZDUSSCGKSA-N,C=CCN1CCC[C@H]1CNC(=O)c1cc(Br)ccc1OC,7.657577319177793,1,0.0,2007,2007,2007,Ki,B,1
SXCVVYUSUGUSMW-UHFFFAOYSA-N,Cn1c(=O)cnn(CCCCN2CCN(c3ccccc3OCCF)CC2)c1=O,7.657577319177793,1,0.0,2013,2013,2013,Ki,B,1
HFJVMFBCUWJLFO-IYARVYRRSA-N,CCS(=O)(=O)N[C@H]1CC[C@H](CCN2CCN(c3nccc4c3CCO4)CC2)CC1,7.657577319177793,1,0.0,2013,2013,2013,Ki,B,1
VKNHMOVYMQVLKC-UHFFFAOYSA-N,COc1cc2c(cc1O)CN(CCCCNC(=O)c1ccnc3ccccc13)CC2,7.657577319177793,1,0.0,2018,2018,2018,Ki,B,1
OGAXIHIXSFCZCE-UHFFFAOYSA-N,COc1ccccc1N1CCN(CCCNC(=O)Nc2ccc(-c3ccccc3)cc2)CC1,7.657577319177793,1,0.0,2023,2023,2023,Ki,B,1
VZGCIZBAKNLDRR-UHFFFAOYSA-N,O=C(NCCCCN1CCN(c2ccccc2OCCF)CC1)c1ccc2nonc2c1,7.655607726314889,1,0.0,2009,2009,2009,Ki,B,1
HUIZNJVXOSCZJU-UXLOVFDUSA-N,CCCN(CC[C@]1(O)C[C@@H](NC(=O)c2ccc3ccccc3c2)C1)[C@H]1C[C@@H]1c1ccccc1Cl,7.655607726314889,1,0.0,2014,2014,2014,Ki,B,1
MLTDYDQBGQSVJK-PWIZWCRZSA-N,CN(C[C@H]1C[C@@H]1CCNC(=O)c1cc2ccccc2[nH]1)[C@@H]1Cc2cccc3[nH]c(=O)n(c23)C1,7.655607726314889,1,0.0,2021,2021,2021,Ki,B,1
FJXRWQLSUYHSFX-UHFFFAOYSA-N,CCCN(CCN1CCN(c2ccccc2)CC1)C1CCc2ccc(N)cc2C1,7.653647025549361,1,0.0,2008,2008,2008,Ki,B,1
XQESGARESDXCGW-UHFFFAOYSA-N,COc1ccccc1N1CCN(CCCc2cn(-c3ccccc3)nn2)CC1,7.653647025549361,1,0.0,2015,2015,2015,Ki,B,1
XKUSJISCOLOOOS-OJBMAJLDSA-N,CC(C)(C)Oc1ccc(C(=O)N[C@H]2CC[C@H](CCN3CCC(c4cccc5c4CCO5)CC3)CC2)cc1,7.653647025549361,2,0.0,2014,2014,2014,Ki,B,1
IBCJUIIXFRJMOE-UQQQWYQISA-N,COc1ccccc1N1CCN(CCCC(=O)Nc2ccn3ncc(/C=N\O)c3c2)CC1,7.6531365255381765,2,0.32939879570118,2017,2017,2017,EC50;Ki,B;F,1
KVHHUZUNLIGTBY-UHFFFAOYSA-N,COc1ccccc1N1CCC2(CCN(CCCSc3nnc(-c4ccccc4)n3C)CC2)CC1,7.651909206415738,4,0.4381406392836787,2017,2019,2019,IC50;Ki,A;B,2
MPRKJVQRTVEJJH-UHFFFAOYSA-N,CCCCN1CCN(c2ccccc2OCCF)CC1,7.651695136951839,3,0.9129466942586142,2019,2023,2019,IC50;Ki,B,3
QIUNPJREZURMGC-AJGMTHFWSA-N,C[C@H]1CO[C@@H](c2ccc(N)nc2)CN1CC[C@@H]1CC[C@H](CNC(=O)c2cc3ccccc3[nH]2)C1,7.6500499325194475,2,0.8379979579508539,2021,2021,2021,Ki,B,1
VTGDLGOSPAKXEA-WMISUKIASA-N,Cc1ncoc1-c1nnc(SCCCN[C@@H]2CC[C@]3(c4ccc(C(F)(F)F)cc4)CC23)n1C,7.650008294435608,2,1.0606595042431495,2010,2010,2010,Ki,F,1
KLQDZSYTMPJBBU-DYESRHJHSA-N,Cc1ncoc1-c1nnc(SCCN2CC[C@@]3(C[C@@H]3c3ccc(C(F)(F)F)cc3)C2)n1C,7.649945906420969,1,0.0,2016,2016,2016,Ki,B,1
HSONZWPNORZWDX-IBGZPJMESA-N,C[C@@H](CCCN1C(=O)CCc2ccccc21)N1CCN(c2cc(C(F)(F)F)nc(C(C)(C)C)n2)CC1,7.649751981665837,1,0.0,2006,2006,2006,Ki,B,1
SLOWOAMUBQTOII-OAQYLSRUSA-N,Oc1ccc2c(c1)O[C@@H](CNCCN1CCN(c3ccc(I)cc3)CC1)CC2,7.649112423160506,2,0.015330441549308202,2014,2014,2014,Ki,B,1
GZSCSKUGXORHGO-APWZRJJASA-N,COc1ccc(F)cc1[C@H]1C[C@@H]1CNCCCOc1ccc2ccc(=O)[nH]c2c1,7.647918733636784,6,0.4911716540352777,2021,2021,2021,EC50;Ki,B;F,1
SEAFJMXOYIXBAV-UHFFFAOYSA-N,Cc1cc(C)n2c1C=[N+]1[N+](=C3C=CC=C(NCCCCN4CCN(c5cccc(Cl)c5Cl)CC4)N3[B-]1(F)F)[B-]2(F)F,7.647817481888637,1,0.0,2022,2022,2022,Ki,B,1
VAEZCFWPDODBFF-UHFFFAOYSA-N,COc1ccc2onc(N3CCN(CCCCNC(=O)c4ccc(-n5ccnc5)cc4)CC3)c2c1,7.645891560852599,1,0.0,2006,2006,2006,Ki,B,1
VMDGNXGFFZHOON-MEMLXQNLSA-N,CC(C)CCC(=O)N[C@H]1CC[C@H](CCN2CCN(c3nccc4c3CCO4)CC2)CC1,7.6439741428068775,1,0.0,2013,2013,2013,Ki,B,1
PPBAFHRXACXAFW-KESTWPANSA-N,COCC(=O)N[C@H]1CC[C@H](CCN2CCC(c3cccc4c3CCO4)CC2)CC1,7.6439741428068775,2,0.0,2014,2014,2014,Ki,B,1
XOGVSNDTSKOGBY-UHFFFAOYSA-N,COc1ccccc1C(c1ccccc1OC)N1CCN(CCCCNC(=O)c2cc3ccccc3s2)CC1,7.642065152999546,1,0.0,2007,2007,2007,Ki,B,1
XOPDSATVNGEEAY-JKIUYZKVSA-N,O=C(N[C@H]1CC[C@H](CCN2CCC(c3cccc4c3CCO4)CC2)CC1)C1CCOCC1,7.642065152999546,2,0.0,2014,2014,2014,Ki,B,1
SBLISCQZPBKWHN-UHFFFAOYSA-N,Cc1ccc(N2CCN(C(=O)NCCCCN3CCN(c4cc(C(F)(F)F)nc(C(C)(C)C)n4)CC3)CC2)cc1,7.642065152999546,2,0.0,2017,2018,2017,Ki,B,2
QQKGKWYETGKBCS-UHFFFAOYSA-N,CC(C)(C)c1nc(N2CCN(CCCCNC(=O)N3CCc4ccccc4C3)CC2)cc(C(F)(F)F)n1,7.6401645176601125,2,0.0,2017,2018,2017,Ki,B,2
IRDGCSMAHBCDAT-UHFFFAOYSA-N,Cn1c(CCCCN2CC3CCN(c4ccc(C(F)(F)F)cc4)C3C2)nnc1C1CCOCC1,7.6401645176601125,2,0.0,2019,2020,2019,Ki,B,2
FWLGDHKTYMRCAQ-LBPRGKRZSA-N,CCCN(CCC)[C@H]1CCn2c(ccc2C(=O)C(F)(F)F)C1,7.6399749108106025,1,0.0,2005,2005,2005,Ki,B,1
HIIUKDCXWBFGHZ-UHFFFAOYSA-N,COc1ccccc1N1CCN(CCCCc2cc(-c3ccc(F)cc3)no2)CC1,7.638272163982407,1,0.0,2002,2002,2002,Ki,B,1
NKLZWGMWROXIDH-UHFFFAOYSA-N,CN(C)CCc1cn(S(=O)(=O)c2ccccc2)c2ccccc12,7.638272163982407,1,0.0,2001,2001,2001,Ki,B,1
HRCGTLOWYKJDFC-CYBMUJFWSA-N,Cc1ccc2c3c1-c1c(ccc(O)c1O)C[C@H]3N(C)CC2,7.638272163982407,1,0.0,2013,2013,2013,Ki,B,1
ZWQWAFWCHCIHEO-BQYQJAHWSA-N,O=C(NC/C=C/CN1CCN(c2ccccc2)CC1)Oc1ccc(-c2ccccc2)cc1,7.638272163982407,1,0.0,2020,2020,2020,EC50,F,1
UYPLISCDIQJPNG-UHFFFAOYSA-N,COc1ccccc1N1CCN(CCCNC(=O)Nc2ccccc2-c2cccc(F)c2)CC1,7.638272163982407,1,0.0,2023,2023,2023,Ki,B,1
IQGWEXBXERIPCR-HZCBDIJESA-N,O=C(N[C@H]1CC[C@H](CCN2CCN(c3nccc4occc34)CC2)CC1)c1ccnc2ccccc12,7.634512015109101,1,0.0,2013,2013,2013,Ki,B,1
MVVKKFHFADVKMW-UHFFFAOYSA-N,CN1CCN(Cc2ccc(OCCCN3CCC(c4noc5cc(F)ccc45)CC3)cc2)CC1,7.634512015109101,1,0.0,2021,2021,2021,Ki,B,1
YAWDPUHJRVVYKE-UHFFFAOYSA-N,COc1ccccc1N1CCN(CCCCN2C(=O)c3cc4ccccc4cc3C2=O)CC1,7.632644078973981,1,0.0,2003,2003,2003,Ki,B,1
SNXPYOZDXRKEER-SSEXGKCCSA-N,CCCN1CCc2cccc3c2[C@H]1Cc1cccc(OCCCCN2CCN(c4ccccc4OC)CC2)c1-3,7.6307841425898575,1,0.0,2011,2011,2011,Ki,B,1
DCPPWKFRGIUQDU-IBGZPJMESA-N,O=C(NCC[C@H](O)CN1CCN(c2cccc(Cl)c2Cl)CC1)c1cnc2ccccc2c1,7.6307841425898575,1,0.0,2017,2017,2017,Ki,B,1
GCPJLEFIDKNRJR-QUCCMNQESA-N,N#Cc1ccc2c(c1)CN(CC[C@@H]1C[C@H]1CNC(=O)c1cc3cccnc3[nH]1)CC2,7.6307841425898575,1,0.0,2017,2017,2017,Ki,B,1
TZTWEGASAJHAME-UHFFFAOYSA-N,CCN(CCCCNC(=O)c1cc2ccccc2[nH]1)CC1CC1c1cc(F)ccc1OC,7.6307841425898575,1,0.0,2020,2020,2020,Ki,B,1
ZDSNNBAEOSSBQF-UHFFFAOYSA-N,CCN(CCCCNC(=O)c1ccc2ccccc2c1)CC1CC1c1cc(Cl)ccc1OC,7.6307841425898575,1,0.0,2020,2020,2020,Ki,B,1
QDADEDFRUNQJKV-UHFFFAOYSA-N,CCCN(CCCCNC(=O)c1ccc(-c2ccccn2)cc1)CC1CC1c1ccc(C(F)(F)F)cc1,7.6307841425898575,1,0.0,2020,2020,2020,Ki,B,1
LHVNTWQOJGSYCB-XLIONFOSSA-N,Cn1c(SCCCN2C[C@H]3CCN(c4ccc(F)cc4)[C@H]3C2)nnc1-c1cc[nH]c(=O)c1,7.6307841425898575,2,0.0,2019,2020,2019,Ki,B,2
CKRMQSOTIYEXQI-UHFFFAOYSA-N,CCc1cccc(N2CCNCC2)c1Cl,7.627193289996635,2,0.16964011973154358,2016,2016,2016,EC50;Ki,B,1
DNRUAPLXAOKCKK-UHFFFAOYSA-N,CCc1cc2c(cc1N1CCN(CC(O)CCNC(=O)c3cc4ccccc4o3)CC1)OCO2,7.627087997029893,1,0.0,2019,2019,2019,Ki,B,1
QVCUVAFTSVIFFV-TZIWHRDSSA-N,O=C(NCCCCN1CCO[C@@H]2c3ccccc3OC[C@H]21)c1cccc(Cl)c1,7.627087997029893,1,0.0,2021,2021,2021,Ki,B,1
UONZNMYIDNPHBF-UHFFFAOYSA-N,CCc1cc2c(cc1N1CCN(CC(O)CCCC(=O)c3cc4ccccc4o3)CC1)OCO2,7.627087997029893,1,0.0,2022,2022,2022,Ki,B,1
GLBVEJHGCUMFCU-XYWHTSSQSA-N,O=C(Nc1ccc(Cl)cc1)N[C@H]1CC[C@H](CCN2CCC(c3cccc4c3OCO4)CC2)CC1,7.626536278367631,2,0.0,2013,2013,2013,Ki,B,1
ARLJJBVYIOLHMS-UHFFFAOYSA-N,COc1ccc(Cl)cc1C1CC1CN(CCCSc1nnc(-c2ccccc2)n1C)CC1CC1,7.625251653989896,1,0.0,2020,2020,2020,Ki,B,1
KYFVESQDGBCSRP-XZOQPEGZSA-N,C=CCN1C[C@H](OCc2ccc(C(F)(F)F)cc2)C[C@H]1CNC(=O)c1cc(CCCF)cc(OC)c1OC,7.625251653989896,1,0.0,2023,2023,2023,Ki,B,1
GDIAQHPBSQUEQC-UHFFFAOYSA-N,Cn1c(SCCCN2CCOC(c3ccc(C(F)(F)F)cc3)C2)nnc1-c1ccc(C(N)=O)nc1,7.624871190195568,2,0.24762814883042072,2016,2020,2018,Ki,B,2
OCDNUTCRNXSKHR-GFCCVEGCSA-N,CCCCn1c(=O)n2c3c(cccc31)C[C@@H](NC)C2,7.624668676932972,4,0.48107007915074623,2016,2016,2016,EC50;Ki,B,1
IZRKKTGXKLIJDE-GOSISDBHSA-N,CCCN(Cc1ccccc1)[C@@H]1CCc2c(F)cccc2C1,7.623423042943488,1,0.0,1996,1996,1996,Ki,B,1
YFHWGBZGWDWNRV-JHNFVTJISA-N,O=C(N[C@H]1CC[C@H](CCN2CCN(c3nccc4c3CCO4)CC2)CC1)C1CC1(F)F,7.623423042943488,1,0.0,2013,2013,2013,Ki,B,1
BQJVXLMFXRFJSZ-UHFFFAOYSA-N,COc1ccccc1N1CCN(CCCCNC(=O)c2ccc(N3CCOCC3)cc2)CC1,7.621602099051862,1,0.0,2006,2006,2006,Ki,B,1
KNYXBOOAPFHWMJ-UHFFFAOYSA-N,Oc1ccc2c(c1)CC(N(CCc1cccs1)CCN1CCN(c3ccccc3)CC1)CC2,7.621602099051862,1,0.0,2008,2008,2008,Ki,B,1
DCFYVNHQUVKFKK-UHFFFAOYSA-N,CCCCN1CCN(c2ccccc2OC)CC1,7.621602099051862,2,0.0,2012,2019,2015,Ki,B,2
SCZQIQLIELOGMA-YHBQERECSA-N,O=C(NCCCCN1CCN(c2cccc(Cl)c2Cl)CC1)[C@H]1CC[C@H](c2ccccc2)CC1,7.621022758967194,2,0.029758439025351,2005,2005,2005,Kd;Ki,B;F,1
LIOYKDHOQLNTTQ-UHFFFAOYSA-N,O=C(NCCCN1CCN(c2cccc(Cl)c2Cl)CC1)C1c2ccccc2-c2ccccc21,7.619788758288394,1,0.0,2001,2001,2001,Ki,B,1
VHQRCCSUCSHGEI-UHFFFAOYSA-N,COc1c(C(=O)NCCN2CCN(c3ccccc3[N+](=O)[O-])CC2)cc(Br)c2ccccc12,7.619788758288394,1,0.0,1996,1996,1996,Ki,B,1
STFIELBPKGAKNX-UHFFFAOYSA-N,Nc1ccc(C#CCCN2CC=C(c3ccccc3)CC2)cc1,7.619788758288394,1,0.0,1996,1996,1996,Ki,B,1
VTBKJNQAKCEEEL-UHFFFAOYSA-N,COc1ccc(-c2cc(CCCCN3CCN(c4ccccc4)CC3)on2)cc1OC,7.619788758288394,1,0.0,2002,2002,2002,Ki,B,1
GFAWBYQCJNZYGH-WGSAOQKQSA-N,Cc1ccc(C(=O)N[C@H]2CC[C@H](CCN3CCN(c4cccc(Cl)c4Cl)CC3)CC2)s1,7.619788758288394,1,0.0,1997,1997,1997,Ki,B,1
PIXTXCJJBIOUSC-MEMLXQNLSA-N,CN(c1ncccn1)[C@H]1CC[C@H](CCN2CCN(c3ccccc3)CC2)CC1,7.619788758288394,1,0.0,1998,1998,1998,Ki,B,1
YIIWKHZEONNJTQ-UHFFFAOYSA-N,COc1ccccc1N1CCN(CCCCCN2Cc3ccc4ccccc4c3C2=O)CC1,7.619788758288394,1,0.0,2013,2013,2013,IC50,B,1
RIHMIJGXAWWJCF-UHFFFAOYSA-N,Cc1cccc(N2CCN(CCCCNC(=O)c3cc4ccccc4o3)CC2)n1,7.619788758288394,1,0.0,2014,2014,2014,Ki,B,1
PEJKTDOJOAMLDH-UHFFFAOYSA-N,O=C(NCCCCN1CCN(c2ccc(O)cc2)CC1)c1cc2ccccc2cn1,7.619788758288394,1,0.0,2014,2014,2014,Ki,B,1
JSEGPLRTWBZZOJ-WGSAOQKQSA-N,COCCC(=O)N[C@H]1CC[C@H](CCN2CCN(c3nccc4occc34)CC2)CC1,7.619788758288394,1,0.0,2013,2013,2013,Ki,B,1
KOZDJSANCQUJOB-UHFFFAOYSA-N,CN1CCc2ccccc2Cc2sccc2CC1,7.619788758288394,2,0.0,2015,2024,2019,Ki,B,2
NNIDXNUKZKKKGS-UHFFFAOYSA-N,Cn1c(SCCCN2CC3CCN(c4ccc(F)cc4C(F)(F)F)C3C2)nnc1-c1cnccn1,7.619788758288394,3,0.011436381234887114,2016,2020,2019,Ki,B,3
LGUYPNXAMCYIHX-UHFFFAOYSA-N,O=Cc1cnn2ccc(OCCCCN3CCN(c4ccc(O)c5c4OCCO5)CC3)cc12,7.619788758288394,1,0.0,2017,2017,2017,Ki,B,1
HWKLICWHSIHCJT-UHFFFAOYSA-N,COc1cc2c(cc1O)CN(CCCCNC(=O)c1ccncc1)CC2,7.619788758288394,1,0.0,2018,2018,2018,Ki,B,1
FROJMJFJUZFRPE-UHFFFAOYSA-N,CCCN1CCN(c2ccc3c(c2)CCN3S(=O)(=O)c2ccccc2)CC1,7.619788758288394,1,0.0,2016,2016,2016,Ki,B,1
JIOUQSMHLCSGTJ-UHFFFAOYSA-N,COc1cc2c(cc1O)CN(Cc1ccccc1CNC(=O)c1ccc(I)c(OC)c1)CC2,7.619788758288394,1,0.0,2021,2021,2021,Ki,B,1
IYJHSZYHBWQPAO-UHFFFAOYSA-N,COc1cccc(-c2ccccc2NC(=O)NCCCN2CCN(c3ccccc3OC)CC2)c1,7.619788758288394,1,0.0,2023,2023,2023,Ki,B,1
RLIMJSGHBMXEDY-NQIIRXRSSA-N,Cn1c(SCCCN2C[C@H]3CCN(c4ccccc4C(F)(F)F)[C@H]3C2)nnc1-c1ccncc1,7.619788758288394,2,0.0,2019,2020,2019,Ki,B,2
KZRRDNCOFUHBIS-LJQANCHMSA-N,Oc1ccc2c(c1)O[C@@H](CN1CCN(c3ccc(I)cc3)CC1)CC2,7.618077193025869,2,0.0026764826143010102,2014,2014,2014,Ki,B,1
JCPOEWYYYWHNCO-ZWGSZDQZSA-N,CO[C@H]1CC[C@H](CC(=O)N[C@H]2CC[C@H](CCN3CCN(c4nccc5c4CCO5)CC3)CC2)CC1,7.617982957425132,1,0.0,2013,2013,2013,Ki,B,1
DZDAGFDMUXEPPJ-UHFFFAOYSA-N,CN1CCN(C2=Cc3cc(Cl)ccc3Cn3cccc32)CC1,7.616184634019569,1,0.0,2005,2005,2005,Ki,B,1
SAWRNBNIFPXPCC-YGQOYYDZSA-N,O=C(CC1CCCO1)N[C@H]1CC[C@H](CCN2CCN(c3nccc4c3CCO4)CC2)CC1,7.616184634019569,1,0.0,2013,2013,2013,Ki,B,1
ICBYLQHTUDFHNY-UHFFFAOYSA-N,COc1ccccc1N1CCC2(CCN(CCCSc3nnc(-c4ccccc4)n3C)C2)C1,7.616184634019569,1,0.0,2017,2017,2017,Ki,B,1
YGCYKAKZEZYUMC-ACRUOGEOSA-N,O=C(C[C@H]1COCCO1)N[C@H]1CC[C@H](CCN2CCN(c3nccc4c3CCO4)CC2)CC1,7.614393726401688,1,0.0,2013,2013,2013,Ki,B,1
UCZYAFAFGFTZEW-CYBMUJFWSA-N,CCCN(CCC)[C@@H]1Cc2cccc3nc(O)n(c23)C1,7.614287107760495,2,0.06683063985838524,2016,2016,2016,EC50;Ki,B,1
HIUMOAWWYUAXFP-ALOJWSFFSA-N,O=C(N[C@H]1CC[C@H](CCN2CCN(c3nccc4c3CCO4)CC2)CC1)c1ccc(-n2cccc2)cc1,7.61261017366127,1,0.0,2013,2013,2013,Ki,B,1
SLVMESMUVMCQIY-DIERRCTGSA-N,CN1CCCC[C@@H]1CCN1c2ccccc2Sc2ccc([S+](C)[O-])cc21,7.611649408005794,2,0.037650262569874866,2004,2004,2004,Ki,B,1
IHGOJNWFGIOWTK-UHFFFAOYSA-N,CCc1cc(Cl)c(OC)c(N2CCN(CC(O)CCNC(=O)c3ccc4c(c3)OCO4)CC2)c1,7.610833915635467,2,0.0,2019,2022,2020,Ki,B,2
KRGBBAYNHOEQOO-UHFFFAOYSA-N,CN1CCc2ccccc2Cc2ccc(O)c(Cl)c2CC1,7.609064892896621,1,0.0,2006,2006,2006,Ki,B,1
NSKAPVHFELLKGE-UHFFFAOYSA-N,CC(C)(C)c1nc(N2CCN(CCCCNC(=O)N3CCN(c4cccc(Cl)c4Cl)CC3)CC2)cc(C(F)(F)F)n1,7.609064892896621,2,0.0,2017,2018,2017,Ki,B,2
SHHFQLUNMKEEAE-UHFFFAOYSA-N,Cc1cccc(N2CCN(C(=O)NCCCCN3CCN(c4cc(C(F)(F)F)nc(C(C)(C)C)n4)CC3)CC2)c1,7.607303046740334,2,0.0,2017,2018,2017,Ki,B,2
BTEMXIHCAGOPHX-UHFFFAOYSA-N,Fc1ccc2c(C3CCN(CCCOc4ccc(CCN5CCOCC5)cc4)CC3)noc2c1,7.60679466731254,2,0.5811485769636243,2021,2021,2021,IC50;Ki,B;F,1
XBPMVETTWGWOJL-SNAWJCMRSA-N,COc1ccccc1N1CCN(C/C=C/CNC(=O)c2ccc(CCF)cc2)CC1,7.603800652904264,1,0.0,2011,2011,2011,Ki,B,1
WBVLCBQDISBZLH-AQYVVDRMSA-N,O=C(CC1CCOCC1)N[C@H]1CC[C@H](CCN2CCN(c3nccc4c3CCO4)CC2)CC1,7.603800652904264,1,0.0,2013,2013,2013,Ki,B,1
CKOUWIPOSAPIGS-IYARVYRRSA-N,CN(C)S(=O)(=O)N[C@H]1CC[C@H](CCN2CCN(c3nccc4c3CCO4)CC2)CC1,7.603800652904264,1,0.0,2013,2013,2013,Ki,B,1
DAUWLWXYAUUDKU-AQYVVDRMSA-N,CN1CCC(C(=O)N[C@H]2CC[C@H](CCN3CCN(c4cccc5c4OCO5)CC3)CC2)CC1,7.602929450040591,2,0.0,2014,2014,2014,Ki,B,1
UAHANCCWNZGFSQ-UHFFFAOYSA-N,COc1ccccc1N1CCN(CC(O)CCNC(=O)c2cc3cc(I)ccc3[nH]2)CC1,7.602825698051959,2,1.1891723054469145,2009,2009,2009,IC50;Ki,B;F,1
ZCDUILRTHXKGRD-UAPYVXQJSA-N,CC(C)(O)C(=O)N[C@H]1CC[C@H](CCN2CCC(c3cccc4c3OCO4)CC2)CC1,7.602233743873549,2,0.0,2013,2013,2013,Ki,B,1
CEJURZXMIYUTSE-UHFFFAOYSA-N,O=C(NC1CCC(CCN2CCN(c3ccccc3)CC2)CC1)c1cccs1,7.6020599913279625,1,0.0,1997,1997,1997,Ki,B,1
ZCOIFCGQTTYDFL-CMDGGOBGSA-N,C1=C(/C=C/c2ccccc2)CCN(CCc2cc3ccc[nH]c-3n2)C1,7.6020599913279625,1,0.0,1999,1999,1999,Ki,B,1
ACRDOIMNOGBPSA-UHFFFAOYSA-N,CN1CCN(C2=Cn3cccc3Sc3sccc32)CC1,7.6020599913279625,1,0.0,2005,2005,2005,Ki,B,1
HGJYUXFMUSKRHL-UHFFFAOYSA-N,Clc1cccc(N2CCN(CCCCNc3ccccn3)CC2)c1Cl,7.6020599913279625,1,0.0,2010,2010,2010,Ki,B,1
RNAXJKKVCJEZIO-UHFFFAOYSA-N,COc1ccccc1OCCNCCc1ccc(O)c(O)c1,7.6020599913279625,1,0.0,2016,2016,2016,Ki,B,1
MTISNBALOIDBIX-UHFFFAOYSA-N,COc1ccccc1N1CCN(CCCNC(=O)NN(Cc2ccccc2)c2ccc(F)cc2)CC1,7.6020599913279625,1,0.0,2019,2019,2019,Ki,B,1
GTCKXYHDIZJJHT-KESTWPANSA-N,O=C(N[C@H]1CC[C@H](CCN2CCc3nc(OCC(F)F)ncc3C2)CC1)c1cccc2ncccc12,7.6020599913279625,2,0.0,2020,2022,2021,Ki,B,2
BKGCONUTJMJLTI-SAIGFBBZSA-N,CS(=O)(=O)c1ccc(C(=O)N[C@H]2CC[C@H](CCN3CCC(c4coc5ccccc45)CC3)CC2)cc1,7.601365675461608,2,0.0,2014,2014,2014,Ki,B,1
UFCMGCDUCCOYEK-UHFFFAOYSA-N,CC(C)(C)c1nc(N2CCN(CCCCNC(=O)N3CCN(c4ccc(-c5ccccc5)cc4)CC3)CC2)cc(C(F)(F)F)n1,7.600326278518962,2,0.0,2017,2018,2017,Ki,B,2
FFKSIHLRCNTALR-UHFFFAOYSA-N,Cc1nc(N)sc1CCCN/C(N)=N/C(=O)NC(C)c1cccc(F)c1,7.600001701675158,2,0.6505101571014736,2021,2021,2021,EC50;Ki,B;F,1
COCBRLNWXSGWJZ-UHFFFAOYSA-N,COc1c(C(=O)NCCN2CCN(c3ccccc3)CC2)cc(Br)c2ccccc12,7.599980364934842,3,0.25560794553016725,1996,1997,1996,EC50;Ki,B;F,2
QCUYPKBVNBHYOZ-RXAXNXDRSA-N,N#Cc1ccc2c(c1)CN(CC[C@H]1CC[C@H](NC(=O)c3cc4ccccc4[nH]3)CC1)C2,7.599980364934842,1,0.0,2001,2001,2001,Ki,B,1
AGQAAIRBRCRFGB-UHFFFAOYSA-N,CCCN(CCC)C1CCc2cc(CN(C(N)=O)c3ccc(OC)cc3)ccc2C1,7.599980364934842,1,0.0,1996,1996,1996,Ki,B,1
ZSHABDJGHVJYOC-HKNRPGJNSA-N,CCCN(CCC)[C@@H]1CCc2c(ccc(C(O)Cc3ccc(Cl)cc3)c2OC)[C@@H]1C,7.599980364934842,1,0.0,1996,1996,1996,Ki,B,1
IQHWFEDHUISJOL-UHFFFAOYSA-N,N#Cc1ccc2c(c1)OCC1CN(Cc3ccccc3)CC21,7.599980364934842,1,0.0,1999,1999,1999,Ki,B,1
IJPGGHONVGTCOX-UHFFFAOYSA-N,O=C(NCCCCN1CCc2ccccc2C1)c1ccc(-c2ccccc2)cc1,7.599980364934842,1,0.0,1999,1999,1999,Ki,B,1
XAJQNKDFXICIIO-UHFFFAOYSA-N,CCS(=O)(=O)c1ccc(OC)c(-c2ccc(CN3CCCCC3)[nH]2)c1,7.599980364934842,1,0.0,1996,1996,1996,Ki,B,1
WXWUAAQDRLQFOP-OKDASEJXSA-N,N#Cc1ccc2c(c1)CCN(CC[C@H]1CC[C@H](NC(=O)c3ccnc4ccccc34)CC1)CC2,7.599980364934842,1,0.0,2000,2000,2000,Ki,B,1
YUOYSSGZLHUBKV-UHFFFAOYSA-N,CCCN(CCCCNC(=O)c1ccc(-c2ccccc2)cc1)C1CCc2nc(N(C)C)ncc2C1,7.599980364934842,1,0.0,1999,1999,1999,Ki,B,1
XLPDEXDTJMFWSC-NVXWUHKLSA-N,CCCN1CCC[C@@H]2c3cc4c(cc3CC[C@H]21)CCO4,7.599980364934842,1,0.0,1997,1997,1997,Ki,B,1
VXTBATODBHMPJK-UHFFFAOYSA-N,Cc1ccc(-c2ccc(S(=O)(=O)Nc3ccc4c(c3)CCN(C)CC4)cc2)s1,7.599980364934842,1,0.0,2007,2007,2007,Ki,B,1
SJYYFOFHDQCHFJ-UHFFFAOYSA-N,CCCCc1ccc(S(=O)(=O)Nc2ccc3c(c2)CN(C)CC3)cc1,7.599980364934842,1,0.0,2007,2007,2007,Ki,B,1
PYDCBKVOIWIWLP-UHFFFAOYSA-N,Cc1cc(-c2ccc3c(c2)CCN(CCCSc2nnc(-c4ccncc4)n2C)CC3)no1,7.599980364934842,1,0.0,2007,2007,2007,Ki,F,1
KHTUQDQSUXMHQA-UHFFFAOYSA-N,Cc1cc(-c2nc3c4c(ccc3o2)CCN(CCCSc2nnc(-c3ocnc3C)n2C)CC4)n(C)n1,7.599980364934842,1,0.0,2008,2008,2008,Ki,F,1
RTMHXVRCXRAHLV-UHFFFAOYSA-N,CCc1noc2cc3c(cc12)CCN(CCCSc1nnc(-c2cccc4nc(C)ccc24)n1C)CC3,7.599980364934842,1,0.0,2008,2008,2008,Ki,F,1
JCUBTYXXBDFOHF-UHFFFAOYSA-N,CCc1nc2cc3c(cc2o1)CCN(CCCSc1nnc(-c2ccc(F)c(F)c2)n1C)CC3,7.599980364934842,1,0.0,2008,2008,2008,Ki,F,1
XJLKTBWZJKVXJX-UHFFFAOYSA-N,Cc1nc2cc3c(cc2o1)CCN(CCCSc1nnc(-c2ccc(C(F)(F)F)cc2)n1C)CC3,7.599980364934842,1,0.0,2008,2008,2008,Ki,F,1
UHZJBSJVGFOSSA-UHFFFAOYSA-N,Cc1ccc2c(-c3nnc(SCCCN4CCc5cc6nc(C)oc6c(Br)c5CC4)n3C)cccc2n1,7.599980364934842,1,0.0,2008,2008,2008,Ki,F,1
DYDLMZLLICKPBG-UHFFFAOYSA-N,CCc1nc2cc3c(c(C)c2o1)CCN(CCCCSc1nnc(-c2cccc4nc(C)ccc24)n1C)CC3,7.599980364934842,1,0.0,2008,2008,2008,Ki,F,1
RLYPJRVMOKDHBV-UHFFFAOYSA-N,Cc1ccc2c(-c3nnc(SCCCN4CCc5cc6c(cc5CC4)C(=O)N(C(C)C)C6)n3C)cccc2n1,7.599980364934842,1,0.0,2008,2008,2008,Ki,F,1
BLMDJHOZZKURJN-ZDUIXAHXSA-N,CC1(C)[C@@H]2CC[C@]13CCN(CCN1CCN(c4cccc(Cl)c4)C1=O)C3C2,7.599980364934842,2,0.0,2009,2009,2009,Ki,B;F,2
VLOIKNXQTLFVIH-OKDJAKQTSA-N,Cc1ccc(N2CCN(CCN(C)C[C@]34CC[C@H](CC3)C4(C)C)C2=O)cc1,7.599980364934842,2,0.0,2009,2009,2009,Ki,B;F,2
RITZJRAUYHPYLW-UHFFFAOYSA-N,O=C1N(CCN2CCCCCC2)CCN1c1ccc(F)c(Cl)c1,7.599980364934842,1,0.0,2010,2010,2010,Ki,F,1
VYMPWSGDTBOYFF-CTNGQTDRSA-N,CC(C)c1ccc(S(=O)(=O)Cc2ccc([C@]34CNC[C@H]3C4)cc2)cc1,7.599980364934842,1,0.0,2010,2010,2010,Ki,F,1
BZKAUGWCSKECDP-CTNGQTDRSA-N,CC(C)c1ccc(CS(=O)(=O)c2ccc([C@]34CNC[C@H]3C4)cc2)cc1,7.599980364934842,1,0.0,2010,2010,2010,Ki,F,1
WMFCPIPAGHYFMC-UHFFFAOYSA-N,Cc1ncoc1-c1nnc(SCCCCN2CCOC(c3ccc(C(F)(F)F)cc3)C2)n1C,7.599980364934842,3,0.38828956606860643,2016,2020,2016,Ki,B,2
NABRVDOPGSXUEG-UHFFFAOYSA-N,OC(CCn1cc(-c2ccc3ccccc3c2)nn1)CN1CCN(c2cccc(Cl)c2Cl)CC1,7.598599459218455,1,0.0,2015,2015,2015,Ki,B,1
SFTJDRYGJIVCSK-UHFFFAOYSA-N,COc1ccccc1N1CCN(C(=O)NCCCCN2CCN(c3cc(C(F)(F)F)nc(C(C)(C)C)n3)CC2)CC1,7.598599459218455,2,0.0,2017,2018,2017,Ki,B,2
RJFINFRRQCTSTE-JKIUYZKVSA-N,O=C(N[C@H]1CC[C@H](CCN2CCC(c3noc4cc(F)ccc34)CC2)CC1)c1ccc(N2CCOCC2)nn1,7.596364810209452,2,0.0,2014,2014,2014,Ki,B,1
UCFHTPVUEFOLHG-UHFFFAOYSA-N,COc1ccccc1N1CCN(CCCCc2cn(-c3ccccc3OC)nn2)CC1,7.5951662833800615,1,0.0,2015,2015,2015,Ki,B,1
JPVBGGFMPCPVDU-JUUMZCOKSA-N,CCC(C)C(=O)N[C@H]1CC[C@H](CCN2CCN(c3nccc4c3CCO4)CC2)CC1,7.5951662833800615,1,0.0,2013,2013,2013,Ki,B,1
VWOPHJNKQUYGLG-UHFFFAOYSA-N,COc1ccc(OC(=O)NCCCCN2CCN(c3cccc(Cl)c3Cl)CC2)c2ccccc12,7.5951662833800615,1,0.0,2016,2016,2016,EC50,F,1
MSFHSIRZEOQLNY-UHFFFAOYSA-N,COc1ccccc1N1CCC2(CCN(CCCSc3nnc(-c4ccc(-c5ncco5)cc4)n3C)CC2)CC1,7.5951662833800615,1,0.0,2019,2019,2019,Ki,B,1
XTWUNLMHXDDOMD-SNVBAGLBSA-N,CCCN[C@@H]1Cc2cccc3nc(O)n(c23)C1,7.5934598195660445,5,0.9651435737786904,1997,2016,2016,EC50;Ki,B,2
RZJRKBKBJHIRPW-UHFFFAOYSA-N,COc1ccccc1N1CCN(CCCCNC(=O)c2cc3cccc(OC)c3o2)CC1,7.5934598195660445,1,0.0,2006,2006,2006,Ki,B,1
ZFMUBWAYZJMZAS-UHFFFAOYSA-N,Cn1c(SCCCN2CCC3(CC2)CCN(c2ccc(F)cc2)CC3)nnc1-c1ccccc1,7.59176003468815,2,0.0,2017,2019,2018,Ki,B,2
BYKIDBIDJRZMKJ-UHFFFAOYSA-N,Nc1nc2c(s1)CCN(CCCCN1CCN(c3cccc(Cl)c3Cl)CC1)CC2,7.590066876668706,1,0.0,2019,2019,2019,Ki,B,1
RMMKIMOPSINPOU-UHFFFAOYSA-N,CCCN(CCCCNC(=O)c1cc2ccccc2[nH]1)CC1CC1c1ccc(Cl)cc1,7.590066876668706,1,0.0,2020,2020,2020,Ki,B,1
VDOKRNXOPISLCW-UHFFFAOYSA-N,Cc1cccc2cc(C(=O)N3CCN(CCOc4cccnc4)CC3)[nH]c12,7.590066876668706,3,1.0877919644084146e-15,2020,2023,2023,EC50,B,2
AVJAAHWPEDARHN-MXVIHJGJSA-N,O=C(CC1(O)CCC1)N[C@H]1CC[C@H](CCN2CCN(c3nccc4c3CCO4)CC2)CC1,7.58838029403677,1,0.0,2013,2013,2013,Ki,B,1
YEWGIGCYIAMFMA-UHFFFAOYSA-N,CN1CCc2ccccc2Cc2[nH]c3ccccc3c2CC1,7.586700235918748,3,0.1108543012830886,2006,2015,2007,Ki,B,3
KXTRJGKHZNBLEN-UHFFFAOYSA-N,COc1ccccc1N1CCC2(CCN(CCCSc3nnc(-c4ccccc4F)n3C)CC2)CC1,7.586700235918748,1,0.0,2019,2019,2019,Ki,B,1
XZIQPBDZWFZJRV-UHFFFAOYSA-N,CCCN(CCCCNC(=O)Cc1ccccc1)C1Cc2ccccc2C1,7.585348113584487,2,1.3905793982155514,2011,2011,2011,Ki,B,1
YGHLYBIUVOLKCV-SMDDNHRTSA-N,CCCN[C@@H]1CCc2c(OC)cccc2[C@@H]1C,7.585026652029182,3,0.24833260673638424,1993,2003,1994,Ki,B,3
YKCHNWKXANLFGS-WGSAOQKQSA-N,c1ccc(N2CCN(CC[C@H]3CC[C@H](Nc4ncccn4)CC3)CC2)nc1,7.585026652029182,1,0.0,1998,1998,1998,Ki,B,1
DNKCJBSJSPBJID-ZHACJKMWSA-N,CCN(CC)CCCOc1ccc(-c2nc3ccccc3n2C/C=C/Cn2c(-c3ccc(OC)cc3)nc3ccccc32)cc1,7.585026652029182,1,0.0,1995,1995,1995,Ki,B,1
ZMVDAQVAKLTNRL-UHFFFAOYSA-N,CSc1ccccc1N1CCN(CCCNC(=O)c2cnn3ccccc23)CC1,7.585026652029182,9,0.9044263761176438,2009,2009,2009,Ki,B,1
HXAVSZOPACOYAR-UHFFFAOYSA-N,CCCN1CCC(c2ccc3c(c2)N(S(=O)(=O)c2ccccc2)CC3)CC1,7.585026652029182,1,0.0,2016,2016,2016,Ki,B,1
XFLGSSQRQNMLNA-UHFFFAOYSA-N,COc1cc2c(cc1O)CN(Cc1ccccc1CNC(=O)c1cccc(C#N)c1)CC2,7.585026652029182,1,0.0,2021,2021,2021,Ki,B,1
KJARUWIFRQEXIR-FQEVSTJZSA-N,CCCCCCOc1cc2c(cc1O)[C@@H]1Cc3ccc(O)c(OC)c3CN1CC2,7.585026652029182,1,0.0,2023,2023,2023,Ki,B,1
KLCDWOVKIZMAPZ-UHFFFAOYSA-N,COc1ccccc1N1CCN(CCCNC(=O)Nc2cccc(-c3ccccc3)c2)CC1,7.585026652029182,1,0.0,2023,2023,2023,Ki,B,1
YXHFQYAAKKMELH-UHFFFAOYSA-N,CCc1cccc(N2CCN(CCCCNCCC(C(=O)N(C)C)(c3ccccc3)c3ccccc3)CC2)c1Cl,7.583190611861241,2,0.2353101260755236,2021,2021,2021,Ki,B,1
KVGNSDMVYWRLTG-UHFFFAOYSA-N,O=C(CCCN1CCCN(c2ccc(Cl)cn2)CC1)c1ccc(F)cc1,7.582535451769711,2,0.0035230891935297296,2021,2021,2021,Ki,B,1
RRSUWPYFZSEELD-GCJKJVERSA-N,Cc1ncoc1-c1nnc(SCCCN2CC[C@]3(C[C@@H]3c3ccccc3C(F)(F)F)C2)n1C,7.580044251510242,1,0.0,2016,2016,2016,Ki,B,1
GFXGGKFVAYIGGO-PWIZWCRZSA-N,Cn1c(SCCCN2C[C@@H]3CCN(c4ccc(C(F)(F)F)cc4)[C@@H]3C2)nnc1[C@H]1COCCO1,7.580044251510242,2,0.0,2019,2020,2019,Ki,B,2
MGPBHFVVGJDFMY-UZLBHIALSA-N,Cn1c(SCCCN2C[C@H]3CCN(c4ccccc4C(F)(F)F)[C@H]3C2)nnc1-c1cnccn1,7.580044251510242,2,0.0,2019,2020,2019,Ki,B,2
UUDQCIUOURNBBY-UHFFFAOYSA-N,COc1ccccc1N1CCN(CCCc2cn(-c3ccc(F)cc3)nn2)CC1,7.576754126063192,1,0.0,2015,2015,2015,Ki,B,1
BSEWDIKTFVQRJH-UHFFFAOYSA-N,CCCN(CCCCNC(=O)c1ccc(-c2ccccn2)cc1)CC1CC1c1cccc(Cl)c1,7.576754126063192,1,0.0,2020,2020,2020,Ki,B,1
QYLUGTRKTMWTBF-IFMALSPDSA-N,COc1ccc2c(c1)[C@H]1OCCN(CCCCNC(=O)c3cccc(Cl)c3)[C@@H]1CO2,7.575118363368933,1,0.0,2021,2021,2021,Ki,B,1
AAPXNHMQKBDDJN-AVRDEDQJSA-N,Cc1ncoc1-c1nnc(SCCCN2CC[C@]3(C[C@H]3c3ccccc3)C2)n1C,7.5750196880807525,2,0.03529972773306594,2016,2016,2016,Ki,B,1
KVMPVICKYUXJEP-KESTWPANSA-N,O=C(N[C@H]1CC[C@H](CCN2CCN(c3nccc4c3CCO4)CC2)CC1)c1ccc(Cl)cc1Cl,7.573488738635425,1,0.0,2013,2013,2013,Ki,B,1
KCEQDWPBQZMSEE-UHFFFAOYSA-N,CCCN(CCCCNC(=O)c1ccc2ccccc2c1)CC1CC1c1cccc(F)c1,7.573488738635425,1,0.0,2020,2020,2020,Ki,B,1
HXKJNNJRMGHSRM-UHFFFAOYSA-N,CCCN(CCCCNC(=O)c1ccc2ccccc2c1)CC1CC1c1cc(Cl)ccc1OC,7.570247719997592,1,0.0,2020,2020,2020,Ki,B,1
IZROAUDTDDADJI-UHFFFAOYSA-N,O=C(NCCCCN1CCN(c2ccnc3cc(Cl)ccc23)CC1)N1CCN(c2ccccc2)CC1,7.570247719997592,2,0.0,2017,2018,2017,Ki,B,2
BGRFOPBDZYUOMJ-CTNGQTDRSA-N,Cn1c(SCCCN2C[C@H]3CCN(c4ccccc4)[C@H]3C2)nnc1C1CCOCC1,7.570247719997592,2,0.0,2019,2020,2019,Ki,B,2
GFXGGKFVAYIGGO-DBVUQKKJSA-N,Cn1c(SCCCN2C[C@@H]3CCN(c4ccc(C(F)(F)F)cc4)[C@@H]3C2)nnc1[C@@H]1COCCO1,7.570247719997592,2,0.0,2019,2020,2019,Ki,B,2
BKIDSLXJSKMVCJ-UHFFFAOYSA-N,COc1ccccc1N1CCN(CCCCOc2ccn3nc(CO)cc3c2)CC1,7.5699249444480605,3,0.14701104352748706,2017,2017,2017,EC50;Ki,B;F,1
DAPKZSBUPLWYBG-CCEZHUSRSA-N,C(=C\c1cc(CCCCN2CCN(c3ccccc3)CC2)on1)/c1ccccc1,7.568636235841012,1,0.0,2002,2002,2002,Ki,B,1
BMPOKXVXNLPKTD-UHFFFAOYSA-N,Clc1ccc(N2CCN(CCCOc3ccc(-c4nc5ccccc5[nH]4)cc3)CC2)cc1,7.568636235841012,2,0.0,1995,2013,2004,Ki,B,2
BIWLJQPOPQOPKB-KBXCAEBGSA-N,CCCN(CCC)[C@@H]1CCc2c(ccc3ccoc23)[C@@H]1C,7.568636235841012,2,0.0,1997,2003,2000,Ki,B,2
VAYOSLLFUXYJDT-RDTXWAMCSA-N,CCN(CC)C(=O)[C@@H]1C=C2c3cccc4[nH]cc(c34)C[C@H]2N(C)C1,7.568636235841012,1,0.0,2002,2002,2002,Ki,B,1
TTWJBBZEZQICBI-UHFFFAOYSA-N,CCN(CC)CCNC(=O)c1cc(Cl)c(N)cc1OC,7.568636235841012,5,0.4709669155130131,2003,2015,2015,IC50;Ki,B,3
WYEGTIGJSHGEID-UHFFFAOYSA-N,CCCN1CCOC(c2cccc(O)c2)C1,7.568636235841012,1,0.0,2007,2007,2007,EC50,F,1
ZRBHAKYJDKFUAO-UHFFFAOYSA-N,Cc1ccc(C)c(C2(O)CCN(CCCC(=O)c3ccc(F)cc3)CC2)c1,7.568636235841012,1,0.0,2010,2010,2010,Ki,B,1
JUJJUAKPUFHLKF-UHFFFAOYSA-N,CN(C)Cc1cccc2nc(C(=O)NCCCCN3CCN(c4cc(C(F)(F)F)nc(C(C)(C)C)n4)CC3)cn12,7.568636235841012,9,0.19009687931176622,2014,2018,2014,IC50;Ki,B,3
KUPPIFHNMMBQBH-UHFFFAOYSA-N,COc1cccc(N2CCN(CCCCNC(=O)c3cccc(C)n3)CC2)c1,7.568636235841012,1,0.0,2014,2014,2014,Ki,B,1
OYKQSDLPRQMVDA-UHFFFAOYSA-N,O=C1CCc2ccc(OCCCCN3CCN(c4ccc(O)c5ncccc45)CC3)cc2N1,7.568636235841012,1,0.0,2017,2017,2017,Ki,B,1
FRRINSVGAXZLRR-UHFFFAOYSA-N,CCCN1CCN(c2cccc3c2CN(S(=O)(=O)c2ccccc2)C3)CC1,7.568636235841012,1,0.0,2016,2016,2016,Ki,B,1
AFRMZBRXLCZGJQ-UHFFFAOYSA-N,CC(C)(C)c1nc(N2CCN(CCCCNC(=O)N3CCC(O)(c4ccccc4)CC3)CC2)cc(C(F)(F)F)n1,7.568636235841012,2,0.0,2017,2018,2017,Ki,B,2
SAWRNBNIFPXPCC-NJDAHSKKSA-N,O=C(C[C@H]1CCCO1)N[C@H]1CC[C@H](CCN2CCN(c3nccc4c3CCO4)CC2)CC1,7.567030709125595,1,0.0,2013,2013,2013,Ki,B,1
CKAFITNCAHORFQ-IYARVYRRSA-N,O=C(N[C@H]1CC[C@H](CCN2CCN(c3nccc4c3CCO4)CC2)CC1)C1(O)CC1,7.567030709125595,1,0.0,2013,2013,2013,Ki,B,1
HWSGUVGRRBAPDE-UHFFFAOYSA-N,COc1ccccc1N1CCN(CCCCNC2=CC=CC3=[N+]4[N+](=Cc5c(C)cc(C)n5[B-]4(F)F)[B-](F)(F)N23)CC1,7.565431095965801,1,0.0,2022,2022,2022,Ki,B,1
JCOIGYVGPKMQRM-XUTJKUGGSA-N,O=C(N[C@H]1CC[C@H](CCN2CCC(c3cccc4c3CCO4)CC2)CC1)C1(O)CCC1,7.5638373529592435,2,0.0,2014,2014,2014,Ki,B,1
DZCDJCMQDIXJFE-UHFFFAOYSA-N,CC(C)(C)c1nc(N2CCN(CCCCNC(=O)N3CCc4ccccc43)CC2)cc(C(F)(F)F)n1,7.562249437179612,2,0.0,2017,2018,2017,Ki,B,2
RHBIYVUWPQXJFC-WGSAOQKQSA-N,COC(C)(C)C(=O)N[C@H]1CC[C@H](CCN2CCN(c3cccc4c3OCO4)CC2)CC1,7.5616158929652855,2,0.0,2014,2014,2014,Ki,B,1
AIBTZGIRNIYBBE-OWOJBTEDSA-N,NC(=O)c1cccc(-c2ccc(OC(=O)NC/C=C/CN3CCN(c4cccc(Cl)c4Cl)CC3)cc2)c1,7.560739102249396,4,0.159929730321063,2017,2020,2017,EC50,F,2
FAZGZSIAUUOWKB-UHFFFAOYSA-N,COCCC(=O)N1CCC(O)(CCCN2CCN(c3cccc(Cl)c3Cl)CC2)CC1,7.560667306169737,1,0.0,2023,2023,2023,Ki,B,1
NJWJNUICFXYOOZ-UHFFFAOYSA-N,Cn1c(SCCCN2CC3CCN(c4ccc(C(F)(F)F)cc4)C3C2)nnc1C(=O)N1CCCC1,7.560667306169737,2,0.0,2019,2020,2019,Ki,B,2
DWUAAOIZQFTYQP-INIZCTEOSA-N,Oc1ccc2c(c1)O[C@H](CNCc1ccccc1)CC2,7.559090917934782,1,0.0,1997,1997,1997,Ki,B,1
RLVPJHQAQHSEHQ-XYWHTSSQSA-N,Cc1ccn(CC(=O)N[C@H]2CC[C@H](CCN3CCC(c4noc5cc(F)ccc45)CC3)CC2)n1,7.558776325757387,2,0.0,2014,2014,2014,Ki,B,1
NVVFACNDFFNYNI-UHFFFAOYSA-N,CN1CCc2ccccc2Cc2cc(O)c(Cl)cc2CC1,7.557520230935552,1,0.0,2006,2006,2006,Ki,B,1
TVWNOPFEOFGKFJ-UHFFFAOYSA-N,O=C(NCCCCN1CCN(c2ccccc2OCCF)CC1)c1ccc(-c2ccsc2)cc1,7.557520230935552,3,1.7956125808654655,2011,2023,2019,IC50;Ki,B,3
JJCFRYNCJDLXIK-UHFFFAOYSA-N,CN1CCC(=C2c3ccccc3C=Cc3ccccc32)CC1,7.557319389984244,2,0.33737567466050744,,,,IC50;Ki,B,1
LSKZCQKQGRUHKQ-QWFCFKBJSA-N,CO[C@H](C)C(=O)N[C@H]1CC[C@H](CCN2CCC(c3cccc4c3OCO4)CC2)CC1,7.556580538217183,2,0.0,2013,2013,2013,Ki,B,1
HFPHPWOFSUNVRW-QIBJJAHESA-N,C[C@H]1CO[C@@H](c2ccc(N)nc2)CN1C/C=C1\CCC(CNC(=O)c2cc3ccccc3[nH]2)C1,7.5565742263609454,2,0.8112035988358003,2021,2021,2021,Ki,B,1
RGVJFPMOLSXLGJ-UHFFFAOYSA-N,CS(=O)(=O)Nc1cc(OCCNCc2cccs2)ccc1Cl,7.555955204081924,1,0.0,1998,1998,1998,Ki,B,1
OZCCDFXOCARGSE-UHFFFAOYSA-N,COc1ccccc1N1CCC2(CCN(CCCSc3nnc(-c4ccccc4)n3C)C2)CC1,7.555955204081924,1,0.0,2019,2019,2019,Ki,B,1
KFWJKLDOLDILRK-UKILVPOCSA-N,CCCN(CCCCNC(=O)c1ccc2ccccc2c1)C[C@@H]1C[C@H]1c1cccc(Cl)c1Cl,7.55367448306135,2,1.1354336598288826,2020,2020,2020,EC50;Ki,B;F,1
CSFWIRRKNFTOOA-UHFFFAOYSA-N,CCc1cc(Cl)c(OC)c(N2CCN(CC(F)CCNC(=O)c3cc4ccccc4[nH]3)CC2)c1,7.553618882692092,4,0.6307244403953285,2019,2022,2020,IC50;Ki,B,2
HTQLYZCPYPEYGO-UHFFFAOYSA-N,O=C(NCCCCCN1CCN(c2cccc(Cl)c2Cl)CC1)c1cccc2c1-c1ccccc1C2=O,7.552841968657781,1,0.0,2001,2001,2001,Ki,B,1
RFIMVYUKZRXUJB-UHFFFAOYSA-N,Cc1nn(C2CCN(Cc3ccccc3)CC2)cc1-c1ccccc1,7.552841968657781,2,0.0,1999,2003,2001,Ki,B,2
SIPNIUHKEGJHLT-UHFFFAOYSA-N,CCCN(CCC)C1CCc2ccsc2C1,7.552841968657781,1,0.0,2002,2002,2002,Ki,B,1
GXSHYUZVUITRKF-UHFFFAOYSA-N,CCN(CC)CCCOc1ccc(-c2nc3ccccc3n2CCCCn2c(-c3ccc(OCCCN(CC)CC)cc3)nc3ccccc32)cc1,7.552841968657781,1,0.0,1995,1995,1995,Ki,B,1
FPECFHTXABEENA-UHFFFAOYSA-N,O=C1c2ccccc2C(=O)N1CCCCN1CCN(C(c2ccccc2)c2ccc(Cl)cc2)CC1,7.552841968657781,1,0.0,2007,2007,2007,Ki,B,1
WBZXILODXAKGQO-UHFFFAOYSA-N,OC1(c2ccc(Cl)c(Cl)c2)CCN(Cc2coc3ccccc23)CC1,7.552841968657781,1,0.0,2007,2007,2007,Ki,B,1
MYGPMZFDKMFNEY-UHFFFAOYSA-N,Cc1ccc(C)c(C(=O)NCCCCN2CCN(c3cc(C)ccc3C)CC2)c1,7.552841968657781,1,0.0,2010,2010,2010,Ki,B,1
IAGDALNWLBGHNU-LJQANCHMSA-N,CN1CCc2ccc(Cc3ccc(O)cc3)c3c2[C@H]1Cc1ccc(O)c(O)c1-3,7.552841968657781,1,0.0,2013,2013,2013,Ki,B,1
ABHVAQKOVOLZPM-QAQDUYKDSA-N,O=CN[C@H]1CC[C@H](CCN2CCN(c3nccc4c3CCO4)CC2)CC1,7.552841968657781,1,0.0,2013,2013,2013,Ki,B,1
MHYHDPMWTXPZLG-JKIUYZKVSA-N,N#Cc1ccc(C(=O)N[C@H]2CC[C@H](CCN3CCN(c4nccc5c4CCO5)CC3)CC2)cc1,7.552841968657781,1,0.0,2013,2013,2013,Ki,B,1
HFBUDRQPMNDKTM-UHFFFAOYSA-N,COc1cc2c(cc1O)CN(CCCCNC(=O)c1ccc(C(N)=O)cc1)CC2,7.552841968657781,1,0.0,2018,2018,2018,Ki,B,1
QEYMQXWYAIZBBS-UHFFFAOYSA-N,N#Cc1ccc(C(=O)NCc2ccccc2CN2CCc3cc(O)c(O)cc3C2)cc1,7.552841968657781,1,0.0,2021,2021,2021,Ki,B,1
MAQDCPYEDSDANP-UHFFFAOYSA-N,OC1(c2ccc(Cl)cc2)CCN(CCCc2nc3ccccc3s2)CC1,7.551450489942221,2,0.0019678480712971924,2016,2016,2016,Ki,B,1
XCLOPBYSKIWJNJ-FTJBHMTQSA-N,C=CCN1C[C@@H](OC(=O)Nc2ccc(-c3ccsc3)cc2)C[C@@H]1CNC(=O)c1cc(CCCF)cc(OC)c1OC,7.55129368009492,1,0.0,2023,2023,2023,Ki,B,1
DMESLZJUXZVTNG-PGWJBFNOSA-N,O=C(N[C@H]1CC[C@H](CCN2CCC(c3noc4cc(F)ccc34)CC2)CC1)c1ccc(N2CCOCC2)cc1,7.5503673495299255,2,0.0,2014,2014,2014,Ki,B,1
PWBXUBVXWIRMLW-UHFFFAOYSA-N,Clc1cccc(N2CCN(CCCCN3CCc4ncsc4CC3)CC2)c1Cl,7.550059011226662,1,0.0,2019,2019,2019,Ki,B,1
ZCYVHRJTZKPWLB-UHFFFAOYSA-N,O=C1CCc2ccccc2N1CCCN1CCN(c2cccc3ccccc23)CC1,7.550059011226662,1,0.0,2025,2025,2025,Ki,B,1
QVNYQMPOJPXEFQ-UHFFFAOYSA-N,Cc1ccc(C23CC2CN(CCCSc2nnc(-c4ocnc4C)n2C)C3)c(F)c1,7.550007718725304,2,0.6363851871418829,2010,2010,2010,Ki,F,1
SJJCRPJMKKRQSW-UHFFFAOYSA-N,CC(C)c1ccc(S(=O)(=O)Nc2ccc(C34CNCC3C4)cc2)cc1,7.549999809931045,2,1.2020928593818838,2010,2010,2010,Ki,F,1
WISDAZOFOXOZSE-UHFFFAOYSA-N,Cc1nnc2n1CCN(C(=O)NCCCCN1CCN(c3cc(C(F)(F)F)nc(C(C)(C)C)n3)CC1)C2,7.548213564475709,2,0.0,2017,2018,2017,Ki,B,2
WQUZZFHQRGWHPE-UHFFFAOYSA-N,O=C(NCCCCN1CCN(C(c2ccccc2)c2ccccc2)CC1)c1cccs1,7.546681659952962,1,0.0,2007,2007,2007,Ki,B,1
NWVMEGNJSPJMDY-UHFFFAOYSA-N,O=C(NCCCCN1CCN(c2ccnc3cc(Cl)ccc23)CC1)c1cn2ccccc2n1,7.542118103266008,3,0.0026073722232791206,2014,2018,2017,Ki,B,3
YUYHUMKSDMTUIW-KRWDZBQOSA-N,CCc1cc(Cl)c(OC)c(C(=O)NC[C@@H]2CCCN2Cc2ccccc2)c1O,7.542118103266008,1,0.0,2021,2021,2021,Ki,B,1
RBGONAOLWTWGIH-HBCBNPTOSA-N,O=C(N[C@H]1CC[C@H](CCN2CCN(c3nccc4c3CCO4)CC2)CC1)C1CCCOC1,7.540607512240769,1,0.0,2013,2013,2013,Ki,B,1
OEQABNLZLBEHPD-SSGKUCQKSA-N,CO[C@@H]1CC[C@@H](CC(=O)N[C@H]2CC[C@H](CCN3CCN(c4nccc5occc45)CC3)CC2)C1,7.540607512240769,1,0.0,2013,2013,2013,Ki,B,1
FYWWZJPZGSOQHH-UHFFFAOYSA-N,COc1ccc(Cn2nnc(C(=O)NCCCCN3CCN(c4ccccc4OC)CC3)c2C)cc1,7.540004743952609,1,0.0,2007,2007,2007,Ki,B,1
XRDPJIJIWYVCKW-XMSQKQJNSA-N,Cc1ncoc1-c1nnc(SCCCN2CC[C@@]3(C[C@@H]3c3ccc(F)cc3)C2)n1C,7.540004743952609,1,0.0,2016,2016,2016,Ki,B,1
VIESVSSRMWPJQT-UHFFFAOYSA-N,COc1ccccc1N1CCN(CCCCOc2ccc3ccnn3c2)CC1,7.540004743952609,3,0.44007338559727643,2017,2017,2017,EC50;Ki,B;F,1
BISVFNHMXVNVMG-UHFFFAOYSA-N,Oc1cccc(N2CCN(Cc3ccccc3)CC2)c1,7.539102157243452,3,0.0,1998,2013,1998,Ki,B,3
LBPUETWJEXSMTI-UHFFFAOYSA-N,Cc1ccc2nc(-c3ccc(OCCCN4CCN(c5cccc(Cl)c5Cl)CC4)cc3)cn2c1,7.539102157243452,1,0.0,2007,2007,2007,Ki,B,1
XVKBKIBQGMWRDG-UHFFFAOYSA-N,COc1ccccc1N1CCN(CCCCNC(=O)c2cccc3ccnn23)CC1,7.538803373026827,2,0.0016989950566817626,2002,2007,2004,Ki,B,2
DQNCRNVCBHYBQP-UHFFFAOYSA-N,CN1CCN(C2=Nc3ccccc3Oc3ccc(OS(=O)(=O)C(F)(F)F)cc32)CC1,7.537602002101044,1,0.0,1999,1999,1999,IC50,B,1
WKRNNVUISXJKDT-MEMLXQNLSA-N,c1ccc(N2CCN(CC[C@H]3CC[C@H](c4c[nH]c5ccccc54)CC3)CC2)nc1,7.537602002101044,1,0.0,1997,1997,1997,Ki,B,1
OUUMPVSFLSOGJZ-BGYRXZFFSA-N,c1ccc(N2CCN(CC[C@H]3CC[C@@H](Nc4ncccn4)CC3)CC2)cc1,7.537602002101044,1,0.0,1998,1998,1998,Ki,B,1
GNCURQFERCHEMV-UHFFFAOYSA-N,COc1ccccc1N1CCN(CCCCN2C(=O)c3cccc4cccc(c34)C2=O)CC1,7.537602002101044,1,0.0,2003,2003,2003,Ki,B,1
LMWAUEIFLCRUHZ-UHFFFAOYSA-N,CCCN1CCOC2c3cc(O)ccc3[S+]([O-])CC21,7.537602002101044,1,0.0,2000,2000,2000,Ki,B,1
QHTFQZNDPJWDIE-UHFFFAOYSA-N,O=C1NCN(c2ccccc2)C12CCN(Cc1ccc3nsnc3c1)CC2,7.537602002101044,1,0.0,2001,2001,2001,IC50,B,1
UVSFXLJLPPIILC-UHFFFAOYSA-N,O=C(NCCN1CCN(c2cccc(Cl)c2Cl)CC1)c1ccc(C#Cc2ccccc2)cc1,7.537602002101044,1,0.0,2007,2007,2007,Ki,B,1
LRBUVURCWWAQQT-KRWDZBQOSA-N,O=C(NCC[C@H](F)CN1CCN(c2cccc(Cl)c2Cl)CC1)c1cc2ccccc2o1,7.537602002101044,1,0.0,2014,2014,2014,Ki,B,1
VMQHOVDFWBZTMR-UHFFFAOYSA-N,COc1ccccc1N1CCN(CCCNC(=O)Nc2ccc(F)cc2-c2ccccc2)CC1,7.537602002101044,1,0.0,2023,2023,2023,Ki,B,1
MNHUYGGZIREYSK-UHFFFAOYSA-N,CC(C)(C)c1nc(N2CCN(CCCCNC(=O)N3CCN(C(=O)c4ccccc4)CC3)CC2)cc(C(F)(F)F)n1,7.537602002101044,2,0.0,2017,2018,2017,Ki,B,2
KDBGYTXPYZAGHW-UHFFFAOYSA-N,CC(C)(C)c1cc(N2CCN(CCCCNC(=O)N3CCN(S(=O)(=O)c4ccccc4)CC3)CC2)nc(C(C)(C)C)n1,7.537602002101044,2,0.0,2017,2018,2017,Ki,B,2
DKWMITGGRKWYMS-UHFFFAOYSA-N,COc1cc(F)cc(N2CCN(CCCCNC(=O)c3ccc(-n4ccnc4)cc3)CC2)c1,7.534617148551582,1,0.0,2009,2009,2009,Ki,B,1
HOFUBOSPQUNORR-UHFFFAOYSA-N,Cc1nc(N2CCN(CCCCNC(=O)N3CCN(c4ccccc4)CC3)CC2)cc(C(C)(C)C)n1,7.534617148551582,2,0.0,2017,2018,2017,Ki,B,2
YMJIJWNRDYCZCK-UHFFFAOYSA-N,CN(C)C(=O)N1CCC(O)(CCCN2CCN(c3cccc(Cl)c3Cl)CC2)C1,7.530177984021837,1,0.0,2023,2023,2023,Ki,B,1
WURHPBCTBQAVRU-OFNKIYASSA-N,Cn1c(SCCCN2CC[C@]3(C[C@@H]3c3ccccc3)C2)nnc1-c1cccnc1,7.5300307905000405,1,0.0,2016,2016,2016,Ki,B,1
XIHOJUYAGODVFH-JTSKRJEESA-N,Cc1ncoc1-c1nnc(SCCCN2CC[C@]3(C[C@H]3c3ccc(F)cc3F)C2)n1C,7.530013261639223,2,0.09894842640062407,2016,2016,2016,Ki,B,1
SNOYXNAOKVYMSM-UHFFFAOYSA-N,Cn1c(SCCCN2CCOC(c3ccc(C(F)(F)F)cc3)C2)nnc1C1CCCCC1,7.5297878315034055,2,0.24079710873103236,2016,2020,2018,Ki,B,2
XUIZPQCWJRMJBY-UHFFFAOYSA-N,COc1ccccc1N1CCN(CCCc2cn(-c3ccc(N(C)C)cc3)nn2)CC1,7.528708288941061,1,0.0,2015,2015,2015,Ki,B,1
NRXPFRHREANWEK-NOZRDPDXSA-N,CCCN(CCCCNC(=O)c1ccc(-c2ccccn2)cc1)C[C@H]1C[C@@H]1c1cccc(Cl)c1Cl,7.528708288941061,3,1.7419606720861818,2020,2020,2020,EC50;Ki,B;F,1
BYQZQCQTOJRIAC-UHFFFAOYSA-N,CC(C)(C)c1nc(N2CCN(CCCCNC(=O)N3CCN(c4cccc(C(F)(F)F)c4)CC3)CC2)cc(C(F)(F)F)n1,7.528708288941061,2,0.0,2017,2018,2017,Ki,B,2
GFMAXQNKPHDTKL-UHFFFAOYSA-N,CC(C)(C)c1nc(N2CCN(CCCCNC(=O)N3CCN(C4CCCCC4)CC3)CC2)cc(C(F)(F)F)n1,7.525783735923745,2,0.0,2017,2018,2017,Ki,B,2
CMIREZHKYCLJMD-UHFFFAOYSA-N,Cc1[nH]c2ccccc2c1CN1CCC(O)(c2ccc(Cl)cc2)CC1,7.525105020542769,2,0.2397708726906964,2007,2007,2007,EC50;Ki,B;F,1
UQCBELLMLIDZHN-UHFFFAOYSA-N,Cc1cccc(N2CCN(C(=O)NCCCCN3CCN(c4cc(C(F)(F)F)nc(C(C)(C)C)n4)CC3)CC2)c1C,7.52432881167557,1,0.0,2017,2017,2017,Ki,B,1
GCWICAXLFBBMBG-UHFFFAOYSA-N,Cc1cccc(N2CCN(C(=O)NCCCCN3CCN(c4cc(C(F)(F)F)nc(C(C)C)n4)CC3)CC2)c1C,7.52432881167557,1,0.0,2018,2018,2018,Ki,B,1
FBCAOCCMIHULCW-UHFFFAOYSA-N,Fc1ccc(-c2cc(CCCCN3CCN(C(c4ccccc4)c4ccccc4)CC3)on2)cc1,7.522878745280337,1,0.0,2002,2002,2002,Ki,B,1
DVYJEJMZLCRJNO-UHFFFAOYSA-N,COc1ccccc1N1CCN(CCCCN2Cc3ccccc3C2=O)CC1,7.522878745280337,1,0.0,2007,2007,2007,Ki,B,1
KNNFNZWUUKLWQS-UHFFFAOYSA-N,CN(C)CCC(=O)OC1(c2ccc(Cl)cc2)CCN(CCCC(=O)c2ccc(F)cc2)CC1,7.522878745280337,1,0.0,2014,2014,2014,Ki,B,1
JKPISQIIWUONPB-HNNXBMFYSA-N,COc1cc2c(cc1O)[C@@H]1Cc3ccc(O)c(OC)c3CN1CC2,7.522878745280337,5,0.23027268403239134,2014,2024,2017,Ki,B,5
XPRRZXPFKHAHFH-MXVIHJGJSA-N,COCCC(=O)N[C@H]1CC[C@H](CCN2CCN(c3ncc(C)c4occc34)CC2)CC1,7.522878745280337,1,0.0,2013,2013,2013,Ki,B,1
TVIKHTHPGBUJNY-LZCJLJQNSA-N,Oc1ccc2c(c1)CC(NC/C=C/I)CC2,7.51999305704285,1,0.0,1994,1994,1994,Ki,B,1
DHRNJGBBGGOCDQ-UHFFFAOYSA-N,O=C(NCCCCN1CCN(C(c2ccccc2)c2ccccc2)CC1)C1CCCCC1,7.51999305704285,1,0.0,2007,2007,2007,Ki,B,1
KIRKSXHWZHQUBF-YJIPECKFSA-N,CCCN(CC[C@]1(O)C[C@@H](NC(=O)c2ccc3ccccc3c2)C1)[C@@H]1C[C@H]1c1ccc(Cl)cc1,7.519147107998747,2,1.4618652912993717,2014,2014,2014,IC50;Ki,B,1
UJSHEWCIOJAMMI-UHFFFAOYSA-N,O=C(NCCCCN1CCN(C(c2ccccc2)c2ccccc2)CC1)c1cc2ccccc2s1,7.518557371497695,1,0.0,2007,2007,2007,Ki,B,1
FJXRWQLSUYHSFX-RUZDIDTESA-N,CCCN(CCN1CCN(c2ccccc2)CC1)[C@@H]1CCc2ccc(N)cc2C1,7.518557371497695,1,0.0,2013,2013,2013,EC50,F,1
LJEOXWDSLFLRNN-AQYVVDRMSA-N,O=C(CC1CCOCC1)N[C@H]1CC[C@H](CCN2CCN(c3nccc4occc34)CC2)CC1,7.518557371497695,1,0.0,2013,2013,2013,Ki,B,1
QIUNPJREZURMGC-RFNIIBAYSA-N,C[C@H]1CO[C@@H](c2ccc(N)nc2)CN1CCC1CCC(CNC(=O)c2cc3ccccc3[nH]2)C1,7.51650230153473,2,0.8109201723521969,2021,2021,2021,Ki,B,1
NEGKSWMIZLWJGG-UHFFFAOYSA-N,COc1ccccc1N1CCN(CC(O)CCn2cc(-c3ccc(-c4ccccc4)cc3)nn2)CC1,7.515700160653214,1,0.0,2015,2015,2015,Ki,B,1
XRDPJIJIWYVCKW-GCJKJVERSA-N,Cc1ncoc1-c1nnc(SCCCN2CC[C@]3(C[C@@H]3c3ccc(F)cc3)C2)n1C,7.514998115506186,2,1.3788488492749404,2016,2016,2016,Ki,B,1
OEUUCWVHNBAMPM-KRWDZBQOSA-N,Cc1ncoc1-c1nnc(SCCCN2CCO[C@H](c3ccc(C(F)(F)F)cc3)C2)n1C,7.514738233008922,2,0.3460757628400096,2020,2020,2020,Ki,B,1
FKFXRRIOERUHEP-UHFFFAOYSA-N,Clc1cccc2c1CN(CCCCc1nc3ccccc3s1)CC2,7.514315681604288,2,0.008029021343897578,2016,2016,2016,Ki,B,1
KNWOHCMLVYZTJW-IYARVYRRSA-N,CCS(=O)(=O)N[C@H]1CC[C@H](CCN2CCN(c3nccc4occc34)CC2)CC1,7.514278573518419,1,0.0,2013,2013,2013,Ki,B,1
PAAYROHKUKZSEG-UHFFFAOYSA-N,Cc1cc(N2CCN(CCCCNC(=O)C3CCN(c4ccc(C(F)(F)F)cn4)CC3)CC2)nc(C(C)(C)C)n1,7.514278573518419,2,0.0,2017,2018,2017,Ki,B,2
PJDIIZOQXMDDPU-HKJJFUAXSA-N,CCCN(CCC)[C@H]1CCn2c(/C=N/O)ccc2C1,7.510041520575165,1,0.0,2005,2005,2005,Ki,B,1
ZJQAMIJDWJOQRB-UHFFFAOYSA-N,COc1ccccc1N1CCN(CCCCOc2ccn3nc(C#N)cc3c2)CC1,7.510041520575165,3,0.23756845540086438,2017,2017,2017,EC50;Ki,B;F,1
ZHDNXHKBRYCOSE-UHFFFAOYSA-N,Clc1ccc(OCCNCCCOc2ccccc2)cc1,7.509339913370447,2,0.000992222424372618,1997,2005,2001,Ki,B,2
FPHFICIJDHPAHE-MOPGFXCFSA-N,CCC[C@@H]1CN(Cc2ccccc2)C[C@@H]1CNC(=O)c1cc(Cl)c(NC)cc1OC,7.508638306165727,1,0.0,1999,1999,1999,Ki,B,1
LGHLMADLDHUIJY-MQSINFNDSA-N,CN(C)C[C@H]1CC2c3ccccc3Oc3ccc(F)cc3[C@H]2O1,7.508638306165727,1,0.0,2005,2005,2005,Ki,B,1
XENOVTACOQTPTE-UHFFFAOYSA-N,C#Cc1ccc(C(=O)NCCN2CCN(c3cccc(Cl)c3Cl)CC2)cc1,7.508638306165727,1,0.0,2007,2007,2007,Ki,B,1
LEBXHMQTGORPIS-NGRWLJPCSA-N,O[C@@]1(c2ccc(F)cc2)C[C@H]2CC[C@@H](C1)N2Cc1c[nH]c2ccccc12,7.508638306165727,1,0.0,2008,2008,2008,Ki,B,1
ZMVCPWQWTYDCHV-UHFFFAOYSA-N,COc1cc(CN2CCN(c3ccccc3OC)CC2)ccc1OCc1cn(CCCCCCCCn2cc(COc3ccc(CN4CCN(c5ccccc5OC)CC4)cc3OC)nn2)nn1,7.508638306165727,1,0.0,2011,2011,2011,Ki,B,1
UPKRQORUWZHUIP-UHFFFAOYSA-N,COc1ccccc1N1CCN(CCCCCN2Cc3c(Cl)nc4ccccc4c3C2=O)CC1,7.508638306165727,1,0.0,2013,2013,2013,IC50,B,1
SCUPEGWTGGLXHI-UHFFFAOYSA-N,Clc1ccc(N2CCN(CCCCc3nc4ccccc4s3)CC2)cc1,7.508638306165727,1,0.0,2014,2014,2014,Ki,B,1
ZNZYEIAZHCDSRA-UHFFFAOYSA-N,O=C(CCCC(=O)OC1(c2ccc(Cl)cc2)CCN(CCCC(=O)c2ccc(F)cc2)CC1)OC1(c2ccc(Cl)cc2)CCN(CCCC(=O)c2ccc(F)cc2)CC1,7.508638306165727,1,0.0,2014,2014,2014,Ki,B,1
KAXPLEDCXIAJCF-UHFFFAOYSA-N,COc1cccc(N2CCN(CCCCNC(=O)c3ccc4ccccc4n3)CC2)c1,7.508638306165727,1,0.0,2014,2014,2014,Ki,B,1
ANQRPBNHSKJQGO-KRWDZBQOSA-N,COCCOc1c(O)ccc2c1CN1CCc3cc(OC)c(O)cc3[C@@H]1C2,7.508638306165727,1,0.0,2017,2017,2017,Ki,B,1
ADDKZOUNFAZVBP-NVNZTLJMSA-N,C[C@H]1CO[C@@H](c2ccc(N)nc2)CN1CC[C@H]1CC[C@@H](NC(=O)c2cc3ccccc3[nH]2)CC1,7.508638306165727,1,0.0,2021,2021,2021,Ki,B,1
YWGRHHHDROUELZ-UHFFFAOYSA-N,O=C(NCCCCN1CCC(N(Cc2ccccc2)c2ccccc2)CC1)c1cc2ccccc2s1,7.507239610973162,1,0.0,2007,2007,2007,Ki,B,1
FUAJGUYRNZZDBH-WGSAOQKQSA-N,Cc1cc(C(=O)N[C@H]2CC[C@H](CCN3CCN(c4nccc5c4CCO5)CC3)CC2)on1,7.507239610973162,1,0.0,2013,2013,2013,Ki,B,1
QFHMBWDXZWRJJD-HRAATJIYSA-N,C[C@H]1CO[C@@H](c2ccc(N)nc2)CN1CCCCOc1ccc2c(c1)NC(=O)CC2,7.505845405981557,1,0.0,2019,2019,2019,Ki,B,1
NLRLHXJCWYCRGC-XXBNENTESA-N,Cc1ncoc1-c1nnc(SCCCCN2CC[C@]3(C[C@@H]3c3ccc(C(F)(F)F)cc3)C2)n1C,7.504990538918955,2,0.23334772710199111,2016,2016,2016,Ki,B;F,1
IARMAQZFHNEVDV-UHFFFAOYSA-N,O=C1NCN(c2ccccc2)C12CCN(CCCCc1c[nH]c3ccccc13)CC2,7.504338220284769,2,0.006081239772220622,2016,2016,2016,Ki,B,1
HDSARMPSJMIESZ-ZZXKWVIFSA-N,CCCN(C/C=C/I)C1COc2ccc(O)cc2C1,7.503070351926786,1,0.0,1994,1994,1994,Ki,B,1
BYXLAWSTXWDXIK-UHFFFAOYSA-N,COc1c(Cl)cccc1N1CCN(CC(O)CCNC(=O)c2cnc3ccccc3c2)CC1,7.500312917381596,1,0.0,2015,2015,2015,Ki,B,1
ILSVAZDAOVUDJJ-QAQDUYKDSA-N,CS(=O)(=O)N[C@H]1CC[C@H](CCN2CCN(c3nccc4c3CCO4)CC2)CC1,7.500312917381596,1,0.0,2013,2013,2013,Ki,B,1
AMIGTUQPTNLQHG-UHFFFAOYSA-N,COc1ccc(N2CCC3CN(CCCSc4nnc(-c5cnccn5)n4C)CC32)cc1,7.500312917381596,3,0.00015864602619337342,2016,2020,2019,Ki,B,3
RJZDQOPJWQCJET-UHFFFAOYSA-N,CCN(CCCSc1nnc(-c2ccccc2)n1C)CC1CC1c1cc(Cl)ccc1OC,7.500312917381596,1,0.0,2020,2020,2020,Ki,B,1
SXSCQNHPXUWSQP-UHFFFAOYSA-N,CCS(=O)(=O)c1ccc(OC)c(-c2ccc(CN3CCc4ccccc4C3)[nH]2)c1,7.50003813440381,1,0.0,1997,1997,1997,Ki,B,1
JOZMHQIYXRYITJ-UHFFFAOYSA-N,Cc1ccc2c(-c3nnc(SCCCN4CCc5ccc6nc(C)sc6c5CC4)n3C)cccc2n1,7.50003813440381,1,0.0,2008,2008,2008,Ki,F,1
ZTSFFHIKWHSHGP-UHFFFAOYSA-N,Cc1nc2cc3c(cc2o1)CCN(CCCSc1nnc(-c2ccc(F)c(F)c2)n1C)CC3,7.50003813440381,1,0.0,2008,2008,2008,Ki,F,1
UALAMQRWRIVLLQ-UHFFFAOYSA-N,CCc1nc2cc3c(cc2o1)CCN(CCCSc1nnc(-c2ocnc2C)n1C)CC3,7.50003813440381,1,0.0,2008,2008,2008,Ki,F,1
BYMRLNXYRMIIKD-UHFFFAOYSA-N,Cc1ccc2c(-c3nnc(SCCN4CCc5cc6nc(C)oc6cc5CC4)n3C)cccc2n1,7.50003813440381,1,0.0,2008,2008,2008,Ki,F,1
SVBOCVYSHIJYID-UHFFFAOYSA-N,CCc1nc2cc3c(c(C)c2o1)CCN(CCCSc1nnc(-c2cccc4nc(C)ccc24)n1C)CC3,7.50003813440381,1,0.0,2008,2008,2008,Ki,F,1
LOCFLSUOTBZXEU-UHFFFAOYSA-N,CN(CCN1CCN(c2cccc(Cl)c2)C1=O)Cc1cc2ccccc2s1,7.50003813440381,2,0.0,2009,2009,2009,Ki,B;F,2
CLLQEXUCEWAACY-UHFFFAOYSA-N,Cc1ccc2c(-c3nnc(SCCCN4CC5CC5(c5ccc(C#N)cc5)C4)n3C)cccc2n1,7.50003813440381,1,0.0,2010,2010,2010,Ki,F,1
KYPWROFHQUYOCS-UHFFFAOYSA-N,Cc1ncoc1-c1nnc(SCCCN2CC3CC3(c3ccccc3C(F)(F)F)C2)n1C,7.50003813440381,1,0.0,2010,2010,2010,Ki,F,1
GSIRAOVJCFHRIN-UHFFFAOYSA-N,O=S(=O)(Nc1ccc2c(c1)CCN(Cc1cc[nH]n1)CC2)c1ccc(-c2ccccc2)cc1,7.50003813440381,1,0.0,2009,2009,2009,Ki,F,1
ZAQRAMOSIJBUNZ-FRVXLURUSA-N,Cc1ncoc1-c1nnc(SCCCN[C@@H]2CC3C[C@]3(c3ccc(C(F)(F)F)cc3F)C2)n1C,7.50003813440381,1,0.0,2010,2010,2010,Ki,F,1
HURBEFKRLRSDKC-UHFFFAOYSA-N,COc1ccc2c(c1)C1(CCC2)CCN(CCCSc2nnc(-c3ocnc3C)n2C)C1,7.50003813440381,1,0.0,2010,2010,2010,Ki,F,1
HXLACIAZOWDZEP-UHFFFAOYSA-N,Cc1nc(C)c(-c2nnc(SCCCN3CCC4(CCc5ccc(Cl)cc54)C3)n2C)s1,7.50003813440381,1,0.0,2010,2010,2010,Ki,F,1
YANOQHGMWHDKKI-UHFFFAOYSA-N,Cc1nc(C)c(-c2nnc(SCCCN3CCC4(CCc5cc(Cl)ccc54)C3)n2C)s1,7.50003813440381,1,0.0,2010,2010,2010,Ki,F,1
SYOADIUGRJTHHU-UHFFFAOYSA-N,Cc1ccc2c(N3CCN(CCc4cccc(NC(=O)Nc5ccccc5)c4)CC3)cccc2n1,7.50003813440381,1,0.0,2010,2010,2010,Ki,B,1
YVENIGOVHPMTDH-UHFFFAOYSA-N,CN1CCC2C(C1)c1cccc3c1N2c1ccccc1CS3,7.50003813440381,1,0.0,2012,2012,2012,Ki,B,1
KGGHECZDYBMALC-UHFFFAOYSA-N,CCCCCNC(=O)/N=C(\N)NCCCc1cnc(N)s1,7.50003813440381,3,1.8126215994185764,2021,2021,2021,EC50;Kd;Ki,B;F,1
YFQOPLHEALSEEL-UHFFFAOYSA-N,CC(C)(C)c1nc(N2CCN(CCCCNC(=O)C3CCN(c4ccccc4)CC3)CC2)cc(C(F)(F)F)n1,7.498940737782249,3,0.0023617760427575582,2014,2018,2017,Ki,B,3
GRGMUZDLZOQJFY-UHFFFAOYSA-N,OC1(c2ccc(Br)cc2)CCN(Cc2cc3ccccc3o2)CC1,7.497572880015567,1,0.0,2010,2010,2010,Ki,B,1
LJYNWWWADGCGMQ-UHFFFAOYSA-N,Cc1cc(N2CCN(CCCCNC(=O)N3CCN(S(=O)(=O)c4ccccc4)CC3)CC2)nc(C(C)(C)C)n1,7.496209316942819,2,0.0,2017,2018,2017,Ki,B,2
KFWGIYRNIFINTL-MXVIHJGJSA-N,COc1ccc(N2CCN(CC[C@H]3CC[C@H](Nc4ncccn4)CC3)CC2)cc1,7.494850021680094,1,0.0,1998,1998,1998,Ki,B,1
XULRRHPSHZGOJX-WGSAOQKQSA-N,Cc1csc(C(=O)N[C@H]2CC[C@H](CCN3CCN(c4cccc(Cl)c4Cl)CC3)CC2)c1,7.494850021680094,1,0.0,1997,1997,1997,Ki,B,1
CHELUMIQBPPRGN-KESTWPANSA-N,FC(F)(F)c1cccc(N2CCN(CC[C@H]3CC[C@H](Nc4ncccn4)CC3)CC2)c1,7.494850021680094,1,0.0,1998,1998,1998,Ki,B,1
RGVVYJTVAURUOT-UHFFFAOYSA-N,COc1ccccc1N1CCN(CCCCNC(=O)Cc2ccc3ccccc3c2)CC1,7.494850021680094,1,0.0,2003,2003,2003,Ki,B,1
VZDVSSOINOOOOJ-ZDUSSCGKSA-N,CCCN1CCO[C@H](c2cc(O)cc(O)c2)C1,7.494850021680094,1,0.0,2007,2007,2007,EC50,F,1
NOWHSPBMDLMCKJ-UHFFFAOYSA-N,CC(C)(C)c1nc(N2CCN(CCCCNC(=O)c3cc4cccnc4s3)CC2)cc(C(F)(F)F)n1,7.494850021680094,1,0.0,2014,2014,2014,Ki,B,1
CUAINFDJRFUIDT-UHFFFAOYSA-N,O=Cc1cnn2ccc(-n3cc(CCN4CCN(c5cccc(Cl)c5Cl)CC4)nn3)cc12,7.494850021680094,1,0.0,2015,2015,2015,Ki,B,1
ZCBXYIZYCUOYFO-FPOVZHCZSA-N,N#Cc1ccc2c(c1)CN(C[C@@H]1C[C@H]1CNC(=O)c1cc3ccccc3[nH]1)CC2,7.494850021680094,1,0.0,2017,2017,2017,Ki,B,1
CILIRIYREOCHIN-UHFFFAOYSA-N,CC(CN1CCN(C(=O)c2cc3ccccc3[nH]2)CC1)Oc1ccc(Cl)cc1,7.494850021680094,2,0.0,2020,2023,2021,EC50,B,2
YMLDFYDEWIBRLP-UHFFFAOYSA-N,COc1ccc2c(c1)c(C1=CCNCC1)cn2S(=O)(=O)c1ccc2cccnc2c1,7.494850021680094,1,0.0,2016,2016,2016,Ki,B,1
AVKICTLBRHZUTM-UHFFFAOYSA-N,O=C1NCN(c2ccccc2)C12CCN(CCCCc1nc3ccccc3s1)CC2,7.492420754369929,2,0.003435502776664191,2016,2016,2016,Ki,B,1
HAQWHYZIBLSPID-UHFFFAOYSA-N,CC(C)(C)c1nc(N2CCN(CCCCn3cc(Cl)ccc3=O)CC2)cc(C(F)(F)F)n1,7.492144128304169,1,0.0,2006,2006,2006,Ki,B,1
GMEKBIQFYDAEOK-BRLLKYFNSA-N,O[C@@]1(c2cccc(Cl)c2Cl)C[C@H]2CC[C@@H](C1)N2Cc1coc2ccccc12,7.492144128304169,1,0.0,2008,2008,2008,Ki,B,1
UTXSOICYDAGUJA-UHFFFAOYSA-N,c1ccc(N2CCN(CCCCc3nc4ccccc4s3)CC2)nc1,7.491212065804462,2,0.36538743335637885,2023,2023,2023,EC50;Ki,B;F,1
NCKUNUUYANLHKE-UHFFFAOYSA-N,Fc1ccc(C(c2ccc(F)cc2)N2CCN(CCCCc3nc4ccccc4s3)CC2)cc1,7.4907620972629605,2,0.013118297529665066,2016,2016,2016,Ki,B,1
YFSQZKVPESKTJY-UHFFFAOYSA-N,COc1ccccc1N1CCN(CCCCNC(=O)c2nnn(Cc3ccccc3Br)c2C)CC1,7.489991487059765,1,0.0,2007,2007,2007,Ki,B,1
NQKMYRGFSYIPHF-UHFFFAOYSA-N,COc1ccccc1N1CCN(CCCCCN2CCc3ccccc3C2=O)CC1,7.489991487059765,1,0.0,2009,2009,2009,Ki,B,1
XRDPJIJIWYVCKW-AVRDEDQJSA-N,Cc1ncoc1-c1nnc(SCCCN2CC[C@]3(C[C@H]3c3ccc(F)cc3)C2)n1C,7.489974234904272,2,0.15557216103340987,2016,2016,2016,Ki,B,1
NROVFAZNNKPZNQ-YZSQISJMSA-N,O/N=C/c1cnn2ccc(OCCCCN3CCN(c4ccc(O)c5c4OCCO5)CC3)cc12,7.489405350465031,2,0.04733852892647574,2017,2017,2017,Ki,B,1
UNDYONYPTZDMOJ-UHFFFAOYSA-N,COc1ccccc1N1CCC2(CCN(CCCSc3nnc(-c4ccccc4)[nH]3)CC2)CC1,7.488116639021126,1,0.0,2019,2019,2019,Ki,B,1
LDYSMWZYEMTWHM-UHFFFAOYSA-N,O=C(NCCCCN1CCCN(C(c2ccccc2)c2ccccc2)CC1)c1ccc2ccccc2c1,7.486782399932061,1,0.0,2007,2007,2007,Ki,B,1
BAIQIYFEFBFWGO-UHFFFAOYSA-N,CCCN(CCCCNC(=O)c1ccc2ccccc2c1)CC1CC1c1ccc(Cl)cc1,7.486782399932061,1,0.0,2020,2020,2020,Ki,B,1
OCLIEDSOSAGNEM-JCNLHEQBSA-N,COCC(=O)N[C@H]1CC[C@H](CCN2CCC(c3noc4cc(F)c(F)cc34)CC2)CC1,7.485850865524562,2,0.0,2014,2014,2014,Ki,B,1
NIMQPLYMAJLLNI-LJQANCHMSA-N,Oc1ccc2c(c1)O[C@@H](CNCc1ccccc1OCCCCF)CC2,7.485738773590938,2,0.006014245064501005,2014,2014,2014,Ki,B,1
IXDPGYMHLOZKPR-ZWGSZDQZSA-N,CO[C@H]1CC[C@H](CC(=O)N[C@H]2CC[C@H](CCN3CCN(c4nccc5occc45)CC3)CC2)CC1,7.485452247339714,1,0.0,2013,2013,2013,Ki,B,1
VSBFNECEOCOOHP-UHFFFAOYSA-N,O=C(NCCCCN1CCN(c2ccc(Cl)cc2)CC1)c1ccc(-c2ccsc2)cc1,7.485452247339714,1,0.0,2019,2019,2019,Ki,B,1
FJUKDAZEABGEIH-UHFFFAOYSA-N,O=C1NCN(c2ccccc2)C12CCN(CCCOc1ccc(F)cc1)CC2,7.484656106911619,1,0.0,2024,2024,2024,Ki,B,1
MHFKMHGOYNDZEI-UHFFFAOYSA-N,Clc1cccc(N2CCN(CCCCOc3cc4ccccc4cn3)CC2)c1Cl,7.482540173459768,1,0.0,2009,2009,2009,Ki,B,1
WMLONRUBOXAPOV-UAPYVXQJSA-N,CN(C)C(=O)N[C@H]1CC[C@H](CCN2CCC(c3cccc4c3OCO4)CC2)CC1,7.482540173459768,2,0.0,2013,2013,2013,Ki,B,1
CTDCQQXDSZWWIE-HRAATJIYSA-N,C[C@H]1CO[C@@H](c2ccc(N)nc2)CN1CCCCNC(=O)c1cc2ccccc2[nH]1,7.482341176137345,2,1.0499299170581111,2019,2019,2019,Ki,B,1
OCWWFSWSVBBJST-UHFFFAOYSA-N,Fc1ccc(-c2cncc(CN3CCN(c4ccccc4)CC3)c2)cc1,7.481486060122112,1,0.0,1998,1998,1998,IC50,B,1
VPBJNBUDASILSQ-INIZCTEOSA-N,C=CCN1CCC[C@H]1CNC(=O)c1cc(CCCF)ccc1OC,7.481486060122112,1,0.0,2007,2007,2007,Ki,B,1
DWEHMLBGRQZUJA-UHFFFAOYSA-N,CSc1ccccc1N1CCN(CCCCNC(=O)c2cc3ccccn3n2)CC1,7.481486060122112,9,1.09385595186862,2009,2009,2009,Ki,B,1
HVGNYVOUQOKFLU-UHFFFAOYSA-N,COc1ccccc1N1CCN(Cc2cc(CN3CCN(c4ccccc4OC)CC3)c3cccccc2-3)CC1,7.481486060122112,1,0.0,2012,2012,2012,Ki,B,1
MPXAUEBSMOIQSB-UHFFFAOYSA-N,Clc1ccc(N2CCN(CCCCc3nc4ccccc4o3)CC2)cc1,7.481486060122112,1,0.0,2014,2014,2014,Ki,B,1
UJBLYPURSDWDKF-IYARVYRRSA-N,CN(C)S(=O)(=O)N[C@H]1CC[C@H](CCN2CCN(c3nccc4occc34)CC2)CC1,7.481486060122112,1,0.0,2013,2013,2013,Ki,B,1
AIEYTUOHPYHFSW-UHFFFAOYSA-N,O=C(c1cc2cccc(Cl)c2[nH]1)N1CCN(CCOc2cccnc2)CC1,7.481486060122112,3,0.0,2020,2023,2023,EC50,B,2
XGZRYSMNJLSRLE-UHFFFAOYSA-N,O=C(c1nc2ccccc2[nH]1)N1CCN(CCOc2cccnc2)CC1,7.481486060122112,2,0.0,2020,2023,2021,EC50,B,2
FBROEXNVPDFFCE-IBGZPJMESA-N,CCCCCOc1cc2c(cc1O)[C@@H]1Cc3ccc(O)c(OC)c3CN1CC2,7.481486060122112,1,0.0,2023,2023,2023,Ki,B,1
LDYNPLDFSVHFFC-UHFFFAOYSA-N,CCCN(CCCCNC(=O)c1cc2ccccc2[nH]1)CC1CC1c1ccc(C(F)(F)F)cc1,7.480172006224281,1,0.0,2020,2020,2020,Ki,B,1
SSEVMIWXQHHFRF-UHFFFAOYSA-N,c1ccc(C2CCN(Cc3cnn(-c4ccccc4)c3)CC2)cc1,7.4800408192479315,1,0.0,2007,2007,2007,Ki,B,1
GZPSXBZOGITRGD-UHFFFAOYSA-N,Cn1c(SCCCN2CCC3(CC2)CCN(c2ccccc2OCCF)CC3)nnc1-c1ccccc1,7.47755576649368,1,0.0,2019,2019,2019,Ki,B,1
MNUMQOWSJLDQOS-QGZVFWFLSA-N,COc1c(C(=O)N[C@@H]2CCN(Cc3ccccc3)C2)cc(I)c2ccccc12,7.475003571539928,2,0.009167623270852923,2003,2003,2003,Ki,B,1
AKMKMWQSLNWMNJ-UHFFFAOYSA-N,COc1cccc2cc3n(c12)CCN(CCCCNC(=O)C1=Cc2ccccc2CN1)C3,7.474955192963154,1,0.0,2009,2009,2009,Ki,B,1
MVXQZFLJPQIVSR-UHFFFAOYSA-N,CC(C)(C)c1nc(N2CCN(CCCCNC(=O)N3CCCc4ccccc43)CC2)cc(C(F)(F)F)n1,7.474955192963154,2,0.0,2017,2018,2017,Ki,B,2
RGBNGNXRVODGQZ-UHFFFAOYSA-N,COc1ccccc1N1CCN(CC(O)CCn2cc(-c3ccc4[nH]ccc4c3)nn2)CC1,7.4736607226101555,1,0.0,2015,2015,2015,Ki,B,1
WKJMTLYAUGYPDE-IFMALSPDSA-N,COc1ccc2c(c1)[C@H]1OCCN(CCCCNC(=O)C3CCCCC3)[C@@H]1CO2,7.4736607226101555,1,0.0,2021,2021,2021,Ki,B,1
FWGBSERBTNODSZ-MEMLXQNLSA-N,O=C(N[C@H]1CC[C@H](CCN2CCN(c3cccc(C(F)(F)F)n3)CC2)CC1)c1ccnc2ccccc12,7.473273132685364,3,0.8823861669503938,2023,2023,2023,IC50;Ki,B;F,1
FKBRVKLQNBDXPE-UHFFFAOYSA-N,COc1ccccc1N1CCN(CC(O)CCNC(=O)c2cnc3ccccc3c2)CC1,7.471083299722345,3,0.9396457639169046,2015,2015,2015,EC50;IC50;Ki,B,1
HWZBTMUYGJHELF-WGSAOQKQSA-N,CS(=O)(=O)c1ccc(C(=O)N[C@H]2CC[C@H](CCN3CCN(c4nccc5c4CCO5)CC3)CC2)s1,7.471083299722345,1,0.0,2013,2013,2013,Ki,B,1
SPNOQIXRXOSYME-UHFFFAOYSA-N,COc1cccc(OCCN2CCN(C(=O)c3cc4ccccc4[nH]3)CC2)c1,7.471083299722345,3,0.0,2020,2023,2023,EC50,B,2
MWLMSEXRHBMQDW-UHFFFAOYSA-N,COc1ccc(Cn2nnc(C(=O)NCCCCCN3CCN(c4cccc(Cl)c4Cl)CC3)c2C)cc1,7.470056598341331,1,0.0,2007,2007,2007,Ki,B,1
UUTWNAKPHRTMAJ-UHFFFAOYSA-N,Oc1ccccc1OCCNCC1COCC(c2ccccc2)(c2ccccc2)O1,7.470056598341331,1,0.0,2017,2017,2017,Ki,A,1
SREQHVVABVWCKT-APWZRJJASA-N,COc1ccc(Cl)cc1[C@H]1C[C@@H]1CNCCCOc1ccc2ccc(=O)[nH]c2c1,7.4699284500691245,6,0.4494500074569388,2021,2021,2021,EC50;Ki,B;F,1
CQNWLYUGTVHPNE-TZIWHRDSSA-N,O=C(NCCCCN1CCO[C@@H]2c3ccccc3OC[C@H]21)c1ccc([N+](=O)[O-])cc1,7.4698003017969175,1,0.0,2021,2021,2021,Ki,B,1
RSCLYSXBPPXRCJ-UHFFFAOYSA-N,CN(C)C(=O)C(CCNCCCCN1CCN(c2cccc(Cl)c2Cl)CC1)(c1ccccc1)c1ccccc1,7.4698003017969175,3,0.08772781552517012,2021,2021,2021,EC50;Ki,B;F,1
GFXGGKFVAYIGGO-UHFFFAOYSA-N,Cn1c(SCCCN2CC3CCN(c4ccc(C(F)(F)F)cc4)C3C2)nnc1C1COCCO1,7.4698003017969175,2,0.0,2019,2020,2019,Ki,B,2
WHJLICHULFVCIM-UHFFFAOYSA-N,NC(=O)c1ccn(-c2cccc(OC(=O)NCCCN3CCN(c4ccccc4)CC3)c2)c1,7.469288840649538,2,0.0010857733403499903,2019,2019,2019,Ki,B,1
AERWLNZHDGJKMO-MRXNPFEDSA-N,c1ccc(CNC[C@H]2CCc3ccc4[nH]ccc4c3O2)cc1,7.468521082957745,1,0.0,2002,2002,2002,Ki,B,1
UQYZSEJGPCJXFW-XYWHTSSQSA-N,O=C(N[C@H]1CC[C@H](CCN2CCC(c3ccc(F)c4occc34)CC2)CC1)C1CCOCC1,7.468521082957745,2,0.0,2014,2014,2014,Ki,B,1
NJUGOZRVZRFICX-UHFFFAOYSA-N,COc1ccccc1N1CCN(CCCNC(=O)Nc2ccccc2-c2ccc(C(C)C)cc2)CC1,7.468521082957745,1,0.0,2023,2023,2023,Ki,B,1
XGWUEDFPOSFGBM-QAQDUYKDSA-N,CS(=O)(=O)N[C@H]1CC[C@H](CCN2CCN(c3nccc4occc34)CC2)CC1,7.467245621007502,1,0.0,2013,2013,2013,Ki,B,1
VDIKOHJQRNCQAT-UHFFFAOYSA-N,COc1ccccc1N1CCN(CCCC(=O)Nc2ccn3ncc(C#N)c3c2)CC1,7.46479633912994,2,0.12451532338594933,2017,2017,2017,EC50;Ki,B;F,1
DIQJJEOAZURXOK-NSHDSACASA-N,CC[C@H](O)CN1CCN(c2cccc(Cl)c2Cl)CC1,7.464705879957229,1,0.0,2017,2017,2017,Ki,B,1
NRDVHLCWWMDXNA-UHFFFAOYSA-N,CCc1c(C)c2n(c1C)[B-](F)(F)[N+]1=C3C=CC=C(NCCCCN4CCN(c5ccccc5OC)CC4)N3[B-](F)(F)[N+]1=C2,7.464705879957229,1,0.0,2022,2022,2022,Ki,B,1
HZEVDVGPBUFIAW-UHFFFAOYSA-N,CCCCN1C2CCC1CC(OC(c1ccc(F)cc1)c1ccc(F)cc1)C2,7.46344155742847,1,0.0,2016,2016,2016,Ki,B,1
BTXNYTINYBABQR-UHFFFAOYSA-N,Cc1cc(O)c2c(=O)c3c(O)cc(O)c4c5c(O)cc(O)c6c(=O)c7c(O)cc(C)c8c1c2c(c34)c(c78)c65,7.462180904926726,1,0.0,2010,2010,2010,Ki,B,1
NWRMHPCLJKTXHZ-UHFFFAOYSA-N,O=C(NCCCCN1CCN(c2ccnc3cc(Cl)ccc23)CC1)C1CCC(c2ccccc2)CC1,7.462180904926726,2,0.0,2017,2018,2017,Ki,B,2
ITNGDGJSTGEEEQ-AQYVVDRMSA-N,Cc1cc2c(c(N3CCN(CC[C@H]4CC[C@H](NC(=O)C5CCOCC5)CC4)CC3)n1)CCO2,7.460923901207224,1,0.0,2013,2013,2013,Ki,B,1
SYYRUOMUJYFAJE-UHFFFAOYSA-N,CCCCN1CCN(c2cccc(C#N)c2)CC1,7.459670525209126,1,0.0,2017,2017,2017,Ki,B,1
HYGWSJJGGPMNNN-KESTWPANSA-N,CC(C)(O)C(=O)N[C@H]1CC[C@H](CCN2CCC(c3cccc4c3CCO4)CC2)CC1,7.45717457304082,2,0.0,2014,2014,2014,Ki,B,1
VZCQCONTEBWWMW-BUHFOSPRSA-N,CCN(CC)CCCOc1ccc(-c2nc3ccccc3n2C/C=C/Cn2c(-c3ccc(OCCCN(CC)CC)cc3)nc3ccccc32)cc1,7.455931955649724,1,0.0,1995,1995,1995,Ki,B,1
GGNXXNYKGWVORA-UHFFFAOYSA-N,CCCN1CCOC(c2ccc(F)c(O)c2)C1,7.455931955649724,1,0.0,2007,2007,2007,EC50,F,1
HHPXXUVAVCXMQF-UHFFFAOYSA-N,CCCN1CCc2cccc3c2C1Cc1cccc(OCc2cn(CCCN4CCN(c5cccc(Cl)c5Cl)CC4)nn2)c1-3,7.455931955649724,1,0.0,2011,2011,2011,Ki,B,1
IVVUETVVMPRMEL-UHFFFAOYSA-N,CC(C)(C)c1nc(N2CCN(CCCCNC(=O)c3sc4ncccc4c3N)CC2)cc(C(F)(F)F)n1,7.455931955649724,1,0.0,2014,2014,2014,Ki,B,1
ONJDZQVJGPGRAN-UHFFFAOYSA-N,CCC(=O)N1CCN(CCOc2ccc(OC)cc2)CC1,7.455931955649724,1,0.0,2023,2023,2023,EC50,B,1
ZDOKZVOMQRCQDR-ALOJWSFFSA-N,O=C(N[C@H]1CC[C@H](CCN2CCN(c3cccc4c3OCO4)CC2)CC1)c1ccc(N2CCOCC2)cc1,7.454692883534176,2,0.0,2014,2014,2014,Ki,B,1
FIZAPBXYZQYEQQ-JKIUYZKVSA-N,CN1CCC(C(=O)N[C@H]2CC[C@H](CCN3CCC(c4cccc5c4OCO5)CC3)CC2)CC1,7.454321850207974,2,0.0,2013,2013,2013,Ki,B,1
WZPFDUCGTCDHML-UHFFFAOYSA-N,CC(C)(C)c1nc(N2CCN(CCCCNC(=O)N3CCC(n4c(=O)[nH]c5ccccc54)CC3)CC2)cc(C(F)(F)F)n1,7.453457336521869,2,0.0,2017,2018,2017,Ki,B,2
CSFWIRRKNFTOOA-FQEVSTJZSA-N,CCc1cc(Cl)c(OC)c(N2CCN(C[C@@H](F)CCNC(=O)c3cc4ccccc4[nH]3)CC2)c1,7.452225294612178,2,0.0,2019,2022,2020,Ki,B,2
DSDJYAZONQZKBJ-UHFFFAOYSA-N,O=C(NCCCCN1CCN(c2ccnc3ccccc23)CC1)C1CCC(c2ccccc2)CC1,7.452225294612178,2,0.0,2017,2018,2017,Ki,B,2
PTYKCMYOCGOEMO-IZZNHLLZSA-N,C=CCN1C[C@H](OC(=O)Nc2ccc(-c3ccccn3)cc2)C[C@H]1CNC(=O)c1cc(CCCF)cc(OC)c1OC,7.451308865728041,2,0.495022897008804,2023,2023,2023,IC50;Ki,B,1
JLZIBIQTDGMAFZ-UHFFFAOYSA-N,c1ccc(CN2CCN(c3cccc4[nH]ccc34)CC2)cc1,7.450996737974212,1,0.0,1998,1998,1998,Ki,B,1
MDRPHHDESWTRFX-UHFFFAOYSA-O,c1ccc(C[n+]2cc[n+](-c3cccc4[nH]ccc34)cc2)cc1,7.450996737974212,1,0.0,2013,2013,2013,Ki,B,1
ACKJXZGTUCARLB-UGKGYDQZSA-N,Cn1c(SCCCN2CC[C@]3(C[C@H]3c3ccc(C(F)(F)F)cc3)C2)nnc1-c1ccnnc1,7.450016388840311,1,0.0,2016,2016,2016,Ki,B,1
GWXIZHPBMCIUCC-UHFFFAOYSA-N,Cc1ncoc1-c1nnc(SCCCN2CC3OCCN(c4ccc(C(F)(F)F)cc4)C3C2)n1C,7.449771646944906,3,0.029021370065615202,2016,2020,2019,Ki,B,3
VGARNUPXALCIJC-UHFFFAOYSA-N,CC(C)(C)c1nc(N2CCN(CCCCNC(=O)N3CCN(c4ccc(Cl)cc4)CC3)CC2)cc(C(F)(F)F)n1,7.449771646944906,2,0.0,2017,2018,2017,Ki,B,2
QIYZGXQRUURDLK-HOJAQTOUSA-N,Cc1ncoc1-c1nnc(SCCCN2C[C@H]3CC[C@@H](c4ccc(C(F)(F)F)cc4)[C@H]3C2)n1C,7.449771646944906,2,0.0,2019,2020,2019,Ki,B,2
JUQLTPCYUFPYKE-UHFFFAOYSA-N,Cc1nc2sccn2c(=O)c1CCN1CCC(=C(c2ccc(F)cc2)c2ccc(F)cc2)CC1,7.449282576530718,1,0.0,2024,2024,2024,Ki,B,1
HIPKZAPXNSTELT-UHFFFAOYSA-N,CC(C)(C)c1nc(N2CCN(CCCCNC(=O)C3CCN(Cc4ccccc4)CC3)CC2)cc(C(F)(F)F)n1,7.448550002027124,3,0.002801593794597157,2014,2018,2017,Ki,B,3
BLTHFABFQPUZNT-UHFFFAOYSA-N,CC(C)(C)c1nc(N2CCN(CCCCn3cc(C(F)(F)F)ccc3=O)CC2)cc(C(F)(F)F)n1,7.447331783887806,1,0.0,2006,2006,2006,Ki,B,1
JCSJNNBJTFWLCL-UHFFFAOYSA-N,O=c1ccc(OCCCN2CCC(c3noc4cc(F)ccc34)CC2)nn1-c1c(F)cccc1F,7.447331783887806,1,0.0,2021,2021,2021,Ki,B,1
PAFOMDPWWHFCGE-LLVKDONJSA-N,CCCN[C@@H]1CCc2c(F)cccc2C1,7.446116973356125,1,0.0,1996,1996,1996,Ki,B,1
SEAGRPUHJMFFQR-UHFFFAOYSA-N,O=C1c2ccccc2CN1CCCCN1CCN(c2ccccc2)CC1,7.446116973356125,1,0.0,2007,2007,2007,Ki,B,1
CVJYJKRPDVXLEY-UHFFFAOYSA-N,O=C(NCCCN1CCN(c2cccc(Cl)c2Cl)CC1)c1cccc2c1-c1ccccc1C2=O,7.443697499232712,1,0.0,2001,2001,2001,Ki,B,1
JSFVESKREDQPEC-OAQYLSRUSA-N,N#Cc1cccc([C@@H]2CCCN(CCCc3ccccc3)C2)c1,7.443697499232712,1,0.0,1994,1994,1994,Ki,B,1
GLKCCTUKWPNZKT-UHFFFAOYSA-N,CCCN(CCC)C1CCc2n[nH]cc2C1,7.443697499232712,1,0.0,1995,1995,1995,Ki,B,1
GGNXXNYKGWVORA-ZDUSSCGKSA-N,CCCN1CCO[C@H](c2ccc(F)c(O)c2)C1,7.443697499232712,1,0.0,2007,2007,2007,EC50,F,1
LQTCRFLMOJHQHE-UHFFFAOYSA-N,COc1cc(CN2CCN(c3ccccc3OC)CC2)ccc1OCc1cn(CCOCCOCCn2cc(COc3ccc(CN4CCN(c5ccccc5OC)CC4)cc3OC)nn2)nn1,7.443697499232712,1,0.0,2011,2011,2011,Ki,B,1
VWTCRTQGMATJRY-HCGLCNNCSA-N,CCc1cccc(N2CCN(CC[C@H]3CC[C@H](NC(=O)c4ccnc5ccccc45)CC3)CC2)c1Cl,7.443697499232712,3,1.1701088759277072,2023,2023,2023,IC50;Ki,B;F,1
XCLOPBYSKIWJNJ-IZZNHLLZSA-N,C=CCN1C[C@H](OC(=O)Nc2ccc(-c3ccsc3)cc2)C[C@H]1CNC(=O)c1cc(CCCF)cc(OC)c1OC,7.442811285106922,2,0.9485101933192372,2023,2023,2023,IC50;Ki,B,1
FWEPTGIQTOSNDF-UHFFFAOYSA-N,Cc1ccc(N2CCN(CCCCNC(=O)c3ccc(-c4ccsc4)cc3)CC2)cc1,7.442492798094342,1,0.0,2019,2019,2019,Ki,B,1
ZZDBZNUPBFQLAW-UHFFFAOYSA-N,CCc1cc(Cl)c(OC)c(N2CCN(CCC(O)CCNC(=O)c3cc4ccccc4o3)CC2)c1,7.442492798094342,1,0.0,2022,2022,2022,Ki,B,1
HTSNFXAICLXZMA-CYBMUJFWSA-N,CCCN1CCC[C@@H](c2cccc(O)c2)C1,7.442406503543192,6,0.4479186561894035,1994,2018,2003,EC50;Ki,B;F,5
HMSZCGYHVDSIIK-UHFFFAOYSA-N,OCCN1CCN(c2cccc(Cl)c2Cl)CC1,7.440093374963888,1,0.0,2012,2012,2012,Ki,B,1
TZVLEJPHIWREPX-UHFFFAOYSA-N,COc1ccccc1N1CCN(CCCc2cn(-c3cccc4cnccc34)nn2)CC1,7.440093374963888,1,0.0,2015,2015,2015,Ki,B,1
FXIOLEMXUYMYEG-NLFFAJNJSA-N,Cc1nc(C(=O)O)ccc1-c1nnc(SCCCN2CC[C@]3(C[C@@H]3c3ccc(C(F)(F)F)cc3)C2)n1C,7.439973751087107,1,0.0,2016,2016,2016,Ki,B,1
YSOFLAUQLXWHBW-UHFFFAOYSA-N,CC(=O)c1ccc(-c2nnc(SCCCN3CCOC(c4ccc(C(F)(F)F)cc4)C3)n2C)cc1,7.439927820245797,2,0.3678783553665419,2016,2020,2018,Ki,B,2
NIENYVQCIJZKMD-UHFFFAOYSA-N,CCc1cc(Cl)c(OC)c(N2CCN(CCCCNC(=O)c3cc4ccccc4o3)CC2)c1,7.436480013272459,2,1.498683553694819,2016,2016,2016,IC50;Ki,B,1
LVAZPFMWSRDRRK-UHFFFAOYSA-N,CCCN(CCC)C1CCn2nccc2C1,7.436447600817596,2,1.0429508188905592,2005,2005,2005,Ki,B,1
RAPBVKVRRNGNRM-UHFFFAOYSA-N,CCCN(CCCSc1nnc(-c2ccccc2)n1C)CC1CC1c1cc(Cl)ccc1OC,7.435333935747911,1,0.0,2020,2020,2020,Ki,B,1
WQOCUOYKDKZARU-UHFFFAOYSA-N,Cc1ccc(C2CN(CCCSc3nnc(-c4ccc(-c5noc(C)n5)cc4)n3C)CCO2)cc1,7.435020586680821,2,0.516117447145693,2016,2020,2018,Ki,B,2
ORDQHUBWYZCTMA-UHFFFAOYSA-N,O=C(NCCCCN1CCCN(C(c2ccccc2)c2ccccc2)CC1)c1cc2ccccc2s1,7.432973633840939,1,0.0,2007,2007,2007,Ki,B,1
UBFCDXVLKFOOGL-UHFFFAOYSA-N,COc1ccccc1N1CCN(CCCCCNC(=O)c2cccc(C#Cc3ccccc3)c2)CC1,7.431798275933005,1,0.0,2007,2007,2007,Ki,B,1
VZDVSSOINOOOOJ-UHFFFAOYSA-N,CCCN1CCOC(c2cc(O)cc(O)c2)C1,7.431798275933005,1,0.0,2007,2007,2007,EC50,F,1
KDFKJOFJHSVROC-UHFFFAOYSA-N,COc1cc2c(cc1O)C1Cc3ccc(OC)c(OC)c3CN1CC2,7.431798275933005,1,0.0,2016,2016,2016,Ki,B,1
IQWDNJHMRMQNHR-UHFFFAOYSA-N,COc1ccccc1N1CCN(C2CC3CC(NC(=O)c4ccc5ccccc5c4)CC3C2)CC1,7.429457060118103,1,0.0,2003,2003,2003,Ki,B,1
VYCBASLVLXPETI-UHFFFAOYSA-N,Cc1ncoc1-c1nnc(SCCCN2CC3CN(c4ccc(C(F)(F)F)cc4)C3C2)n1C,7.429457060118103,3,0.01700252531479482,2016,2020,2019,Ki,B,3
KDFKJOFJHSVROC-INIZCTEOSA-N,COc1cc2c(cc1O)[C@@H]1Cc3ccc(OC)c(OC)c3CN1CC2,7.428291168191312,2,0.0,2017,2024,2020,Ki,B,2
ZYBLSQVXWVJACW-UHFFFAOYSA-N,Cc1cc(=O)oc2cc(OCCCN3CCN(c4ccccc4)CC3)ccc12,7.427740917001858,2,0.41832052342722814,1998,2013,2005,Ki,B,2
AODRELZHCYHJFT-XLIONFOSSA-N,COc1ccc(Cl)cc1[C@H]1C[C@@H]1CNCCCCOc1ccc2c(c1)NC(=O)CC2,7.426260774460461,6,0.215851928236024,2021,2021,2021,EC50;Ki,B;F,1
GXVCWWLYAQAZCU-MXVIHJGJSA-N,CN(C)C(=O)CCC(=O)N[C@H]1CC[C@H](CCN2CCN(c3nccc4c3CCO4)CC2)CC1,7.424812155072339,1,0.0,2013,2013,2013,Ki,B,1
STFWZQBPNBNMOE-UHFFFAOYSA-N,Cn1c(C(=O)N2CCN(CCOc3cccnc3)CC2)cc2ccccc21,7.424812155072339,3,0.0,2020,2023,2023,EC50,B,2
NZDANPPRKVYGPL-UHFFFAOYSA-N,CN1CCN(Cc2ccc(OCCCCN3CCC(c4noc5cc(F)ccc45)CC3)cc2)CC1,7.424812155072339,1,0.0,2021,2021,2021,Ki,B,1
NVECQJGBKKFGEZ-UHFFFAOYSA-N,COc1ccccc1N1CCN(CC(O)CCNC(=O)c2ccc3cccnc3c2)CC1,7.423658649794207,1,0.0,2015,2015,2015,Ki,B,1
NFSPCYDPWHESER-UHFFFAOYSA-N,O=C(NCCCCN1CCN(c2cccc(Cl)c2Cl)CC1)Oc1ccc(F)c2ccccc12,7.423658649794207,1,0.0,2016,2016,2016,EC50,F,1
XXFDUBQKUBCCOE-DIBLIPFTSA-N,CCCN(CC[C@]1(O)C[C@@H](NC(=O)c2ccc3ccccc3c2)C1)[C@H]1C[C@@H]1c1cccc(Cl)c1,7.421360790031928,1,0.0,2014,2014,2014,Ki,B,1
PMYFBYDQSGEVHT-DBTMUERSSA-N,O=C(N[C@H]1CC[C@H](CCN2CCN(c3nccc4c3CCO4)CC2)CC1)C(O)C(F)(F)F,7.421360790031928,1,0.0,2013,2013,2013,Ki,B,1
NRSBRNRWCATXOT-FQEVSTJZSA-N,CCc1cc(Cl)c(OC)c(N2CCN(C[C@@H](O)CCNC(=O)c3cc4ccccc4[nH]3)CC2)c1,7.421360790031928,4,0.7245914743331838,2019,2022,2020,IC50;Ki,B,2
QRBZSMMRXSQZLL-UHFFFAOYSA-N,COc1ccc(-c2cc(CCCCN3CCN(c4ccccc4C)CC3)on2)cc1OC,7.42021640338319,1,0.0,2002,2002,2002,Ki,B,1
SJDOMIRMMUGQQK-UHFFFAOYSA-N,COc1ccccc1N1CCN(CCCCN2C(=O)c3ccccc3C2=O)CC1,7.42021640338319,1,0.0,2003,2003,2003,Ki,B,1
OEJDOSDQLNSUBL-UHFFFAOYSA-N,Cc1c(-c2cccs2)nc(O)n1C1CCN(Cc2ccccc2)CC1,7.42021640338319,1,0.0,1999,1999,1999,Ki,B,1
DTUIKCYPLPUCPC-UHFFFAOYSA-N,COc1ccc2onc(N3CCN(CCCCNC(=O)c4ccc(N5CCOCC5)cc4)CC3)c2c1,7.42021640338319,1,0.0,2006,2006,2006,Ki,B,1
LCQHZYPIAQQJES-UHFFFAOYSA-N,Clc1cccc(N2CCN(CCCCOc3ccc(-c4cn5ccccc5n4)cc3)CC2)c1Cl,7.42021640338319,1,0.0,2007,2007,2007,Ki,B,1
IJSPBXBGZJAXBL-UHFFFAOYSA-N,O=C(CCCN1CCC(O)(c2cc3ccc2CCc2ccc(cc2)CC3)CC1)c1cc2ccc1CCc1ccc(cc1)CC2,7.42021640338319,1,0.0,2010,2010,2010,Ki,B,1
JTMYPGNBDACXLP-AFARHQOCSA-N,Cc1cnc(N2CCN(CC[C@H]3CC[C@H](NC(=O)CC4CCOCC4)CC3)CC2)c2ccoc12,7.42021640338319,1,0.0,2013,2013,2013,Ki,B,1
VAGLBALSMGUHAJ-UHFFFAOYSA-N,O=C1CCc2ccc(OCCCCN3CCN(c4ccc(O)c5c4OCCO5)CC3)cc2N1,7.42021640338319,1,0.0,2017,2017,2017,Ki,B,1
SQGWMVXOYSHVTI-UHFFFAOYSA-N,COc1ccc(C(=O)CCCN2CCc3ccccc3C2)cc1,7.420102145426883,2,0.00016158515141829154,2016,2016,2016,Ki,B,1
NNECCFXSSVWBTA-XUTJKUGGSA-N,O=C(N[C@H]1CC[C@H](CCN2CCN(c3nccc4c3CCO4)CC2)CC1)C1CCOCC1,7.4179366370882915,1,0.0,2013,2013,2013,Ki,B,1
WYXKJCLEMKQLEU-OAQYLSRUSA-N,Oc1ccc2c(c1)O[C@@H](CN1CCN(c3ccc(OCCF)cc3)CC1)CC2,7.417272480038916,2,0.018057671350660345,2014,2014,2014,Ki,B,1
CNROBRSRSPCLEA-AFARHQOCSA-N,COC1(C(=O)N[C@H]2CC[C@H](CCN3CCC(c4cccc5c4OCO5)CC3)CC2)CCCCC1,7.413637776692134,2,0.0,2013,2013,2013,Ki,B,1
RCDFXVQYMDZBNQ-UHFFFAOYSA-N,CCC(=O)NCCCCN1CCN(c2ccccc2OC)CC1,7.413412695328245,1,0.0,2012,2012,2012,Ki,B,1
JTLPQCZWUVHUDG-MEMLXQNLSA-N,CCc1cc(Cl)c(OC)c(N2CCN(CC[C@H]3CC[C@H](NC(=O)OC(C)(C)C)CC3)CC2)c1,7.411168274405792,1,0.0,2023,2023,2023,Ki,B,1
XTKNAIQXSUEZPU-AWEZNQCLSA-N,CCCN(CCC)[C@H]1CCc2c(ccn2C=O)C1,7.410050398674292,1,0.0,2005,2005,2005,Ki,B,1
CUKXVIBQJUBHRB-UHFFFAOYSA-N,O=C(NCCCCN1CCN(C(c2ccccc2)c2ccc(Cl)cc2)CC1)c1cccs1,7.410050398674292,1,0.0,2007,2007,2007,Ki,B,1
DWMNREQVNSYYID-WGOQTCKBSA-N,O/N=C/c1cnn2ccc(OCCCCN3CCN(c4cccc(Cl)c4Cl)CC3)cc12,7.409492895823896,6,0.796398372077836,2014,2014,2014,EC50;Ki,B;F,1
BXGMQIUZTIUQRE-KESTWPANSA-N,CC1(C(=O)N[C@H]2CC[C@H](CCN3CCC(c4cccc5c4OCO5)CC3)CC2)COC1,7.409381051793422,2,0.0,2013,2013,2013,Ki,B,1
INHFSVLNFMQBGJ-OUKQBFOZSA-N,CCN(CC)CCCOc1ccc(-c2nc3ccccc3n2C/C=C/Cn2c(-c3ccc(OCCCC4CCCCC4)cc3)nc3ccccc32)cc1,7.4089353929735005,1,0.0,1995,1995,1995,Ki,B,1
LOJUPRHIDKSORB-UHFFFAOYSA-N,CCCN(CCCCNC(=O)c1ccc(-c2ccccc2)cc1)C1CCn2ncc(C=O)c2C1,7.4089353929735005,1,0.0,2011,2011,2011,Ki,B,1
ZYNARRKYWSBPBI-UHFFFAOYSA-N,O=C(CCCCCCCCC(=O)OC1(c2ccc(Cl)cc2)CCN(CCCC(=O)c2ccc(F)cc2)CC1)OC1(c2ccc(Cl)cc2)CCN(CCCC(=O)c2ccc(F)cc2)CC1,7.4089353929735005,1,0.0,2014,2014,2014,Ki,B,1
TZTXMZAJTSHRRT-UHFFFAOYSA-N,C#CCOc1ccc(NC(=O)NCCCN2CCN(c3ccccc3OC)CC2)c(-c2ccccc2)c1,7.4089353929735005,1,0.0,2023,2023,2023,Ki,B,1
VFGWQQNKIVMZLG-UHFFFAOYSA-N,Cc1nc(N)sc1CCCN/C(N)=N/C(=O)NCc1ccccc1,7.4050226885259995,2,0.09197183727498949,2021,2021,2021,EC50;Ki,B;F,1
BKXQCWSMFGHWQZ-UHFFFAOYSA-N,CCCN(CCCCNC(=O)c1ccc(-c2ccccn2)cc1)CC1CC1c1cc(Cl)ccc1OC,7.404503778174426,1,0.0,2020,2020,2020,Ki,B,1
CNIUTIHLBNEOKA-UHFFFAOYSA-N,O=C(NCCC(F)CN1CCN(c2cccc(Cl)c2Cl)CC1)c1ccc2ccccc2c1,7.404064992277639,2,1.1463688289785214,2011,2011,2011,IC50;Ki,B;F,1
OJVDNCHTCHUSCE-HSZRJFAPSA-N,CN(CCCCNC(=O)c1ccc2c(c1)Cc1ccccc1-2)[C@@H]1Cc2cccc3[nH]c(=O)n(c23)C1,7.403089986991944,4,0.9373182341940056,2016,2016,2016,EC50;Ki,B,1
ZRPHNBZAKYUMQJ-UHFFFAOYSA-N,CC(C)(C)c1nc(N2CCN(CCCCN3C(=O)CC(=O)c4ccccc43)CC2)cc(C(F)(F)F)n1,7.402304814074488,1,0.0,2006,2006,2006,Ki,B,1
GNSTWTHQXOJWPR-UHFFFAOYSA-N,COc1ccccc1N1CCC2(CCN(CCCSc3nnc(-c4ccc(F)cc4)n3C)CC2)CC1,7.400116927926312,1,0.0,2019,2019,2019,Ki,B,1
MCSZDZVTMAGPMA-UHFFFAOYSA-N,COc1c(C(=O)NCCN2CCN(c3cccc(Cl)c3)CC2)cc(Br)c2ccccc12,7.400007822415902,3,0.08884177819639809,1996,1997,1996,EC50;Ki,B;F,2
OSSGYBFCUFQSTI-UHFFFAOYSA-N,COc1c(C(=O)NCCN2CCN(c3ccccc3Cl)CC2)cc(Br)c2ccccc12,7.400007822415902,3,0.18685483184630622,1996,1997,1996,EC50;Ki,B;F,2
QZPFGFWFHKJBJX-FLIBITNWSA-N,O=C(/C=C\c1ccccc1)NCCCCN1CCc2ccc(OS(=O)(=O)C(F)(F)F)cc2C1,7.400007822415902,1,0.0,1999,1999,1999,Ki,B,1
VMATXNORBZBLAE-UHFFFAOYSA-N,CCN(CC)Cc1ccc(-c2cc(S(=O)(=O)CC)ccc2OC)[nH]1,7.400007822415902,1,0.0,1996,1996,1996,Ki,B,1
PKTRMJIQNXQJKK-UHFFFAOYSA-N,COc1c(C(=O)NCCN2CCN(c3cccc(Cl)c3Cl)CC2)cc(Cl)c2ccccc12,7.400007822415902,1,0.0,1997,1997,1997,Ki,B,1
GGKGOXNQDZREPO-UHFFFAOYSA-N,COc1ccc(S(N)(=O)=O)cc1-c1ccc(CN2CCCCCC2c2ccccc2)[nH]1,7.400007822415902,1,0.0,1997,1997,1997,Ki,B,1
XYRLMCYNIVWAAM-UHFFFAOYSA-N,CCCCc1ccc(S(=O)(=O)Nc2ccc3c(c2)CNC3)cc1,7.400007822415902,1,0.0,2007,2007,2007,Ki,B,1
UZYOEBMFBYDQJT-UHFFFAOYSA-N,CN1CCc2ccc(NS(=O)(=O)c3ccc(-c4ccc(Cl)cc4)s3)cc2CC1,7.400007822415902,1,0.0,2007,2007,2007,Ki,B,1
YVOIVVWXMHBXQF-UHFFFAOYSA-N,Cc1cc(-c2ccc3c(c2)CCN(CCCSc2nnc(C)n2C)CC3)no1,7.400007822415902,1,0.0,2007,2007,2007,Ki,F,1
ZENBFJWQHFZSBC-UHFFFAOYSA-N,Cc1ccc2c(-c3nnc(SCCCN4CCc5cc6c(cc5CC4)N(C)C(=O)CO6)n3C)cccc2n1,7.400007822415902,1,0.0,2008,2008,2008,Ki,F,1
FQKBVZIGJYRJIJ-UHFFFAOYSA-N,Cc1ncoc1-c1nnc(SCCCN2CCc3cc4nc(CC5CC5)oc4cc3CC2)n1C,7.400007822415902,1,0.0,2008,2008,2008,Ki,F,1
LAGGNVKIMAMGMQ-UHFFFAOYSA-N,Cc1ccc2c(-c3nnc(SCCCN4CCc5cc6nc(CC(F)(F)F)oc6cc5CC4)n3C)cccc2n1,7.400007822415902,1,0.0,2008,2008,2008,Ki,F,1
PVPUOHNCMSOAEE-UHFFFAOYSA-N,CCc1nc2cc3c(c(Br)c2o1)CCN(CCCCSc1nnc(-c2cccc4nc(C)ccc24)n1C)CC3,7.400007822415902,1,0.0,2008,2008,2008,Ki,F,1
MLGRCKZMFCALCK-UHFFFAOYSA-N,Cc1ccc2c(-c3nnc(SCCCCN4CCc5cc6nc(C)oc6c(Br)c5CC4)n3C)cccc2n1,7.400007822415902,1,0.0,2008,2008,2008,Ki,F,1
MJLHCRFMFPSGBF-UHFFFAOYSA-N,Cc1ccc2c(-c3nnc(SCCCN4CCc5cc6nc(C(C)(C)C)oc6c(C)c5CC4)n3C)cccc2n1,7.400007822415902,1,0.0,2008,2008,2008,Ki,F,1
ACRMNEFOWLXFLY-UHFFFAOYSA-N,Cc1ccc2c(-c3nnc(SCCCN4CCc5cc6nc(C)oc6c(C)c5CC4)n3C)cccc2n1,7.400007822415902,1,0.0,2008,2008,2008,Ki,F,1
JQVYPXIHEOFUGD-UHFFFAOYSA-N,Cc1ccc2c(-c3nnc(SCCCCN4CCc5cc6c(cc5CC4)C(=O)N(C(C)C)C6)n3C)cccc2n1,7.400007822415902,1,0.0,2008,2008,2008,Ki,F,1
SRQHWWYGAZAWQB-HZPDHXFCSA-N,CCCN1CCO[C@@H]2c3cc(C#N)ccc3CC[C@H]21,7.400007822415902,1,0.0,2009,2009,2009,Ki,B,1
ZDHMHTKEGJLXMO-UHFFFAOYSA-N,CC(C)Oc1cccc(N2CCN(CCN3Cc4ccccc4C3)C2=O)c1,7.400007822415902,1,0.0,2009,2009,2009,Ki,F,1
QFLHFFBCSDMNNW-UHFFFAOYSA-N,O=C1N(CCN2CCC(C(F)(F)F)CC2)CCN1c1cccc(Cl)c1F,7.400007822415902,1,0.0,2009,2009,2009,Ki,F,1
MLUVBFQPCVSGBZ-LMTLIKQPSA-N,CN(CCN1CCN(c2ccc(F)cc2)C1=O)C[C@]12CC[C@H](CC1)C2(C)C,7.400007822415902,2,0.0,2009,2009,2009,Ki,B;F,2
URICTYNITRPTLS-UHFFFAOYSA-N,Cc1ccc2c(-c3nnc(SCCCN4CC5CC5(c5ccc(Cl)c(Cl)c5)C4)n3C)cccc2n1,7.400007822415902,3,0.5507457931916224,2010,2010,2010,Ki,F,1
JKOYRFXVLZJKAP-UHFFFAOYSA-N,Cc1ncoc1-c1nnc(SCCCN2CCC3(c4ccc(C(F)(F)F)cc4)CC3C2)n1C,7.400007822415902,1,0.0,2010,2010,2010,Ki,F,1
UEDNWQXXCKIYMD-UHFFFAOYSA-N,Brc1ccc2c(c1)C1CN(Cc3ccccc3)CC1CO2,7.399985366723115,2,0.5656647303706054,1999,1999,1999,Ki,B,1
DUYVMDDLFWXUHZ-UHFFFAOYSA-N,O=C(NCCC(F)CN1CCN(c2cccc(Cl)c2Cl)CC1)c1ccc(-c2ccccn2)cc1,7.399684172594948,2,1.1425772731963844,2011,2011,2011,IC50;Ki,B;F,1
RJSAZDFVYLKJQV-KRWDZBQOSA-N,CCCCc1cc2c(s1)C[C@H]1c3cc(O)c(OC)cc3CCN1C2,7.399462705635531,1,0.0,2014,2014,2014,Ki,B,1
XKJWPBFAOCBQQJ-FMQUCBEESA-N,C(=C\c1cc(CCCCN2CCN(C(c3ccccc3)c3ccccc3)CC2)on1)/c1ccccc1,7.3979400086720375,1,0.0,2002,2002,2002,Ki,B,1
BEKYXSCBRPYPCE-IRJFHVNHSA-N,c1cnc(N[C@H]2CC[C@H](CCN3CCc4ccccc4C3)CC2)nc1,7.3979400086720375,1,0.0,1998,1998,1998,Ki,B,1
XSMSWEUOSDXUHZ-UHFFFAOYSA-N,COc1ccccc1N1CCN(Cc2ccc(CNC(=O)c3ccc4ccccc4c3)cc2)CC1,7.3979400086720375,1,0.0,2003,2003,2003,Ki,B,1
GTEKPTHVDJVUHM-UHFFFAOYSA-N,CCCN(CCC)C1CCc2sccc2C1,7.3979400086720375,1,0.0,2002,2002,2002,Ki,B,1
MUVDWLPPMXZXRR-XJKSGUPXSA-N,CCCN(CCC)[C@@H]1CCc2c(OS(=O)(=O)C(F)(F)F)cccc2[C@@H]1C,7.3979400086720375,1,0.0,1994,1994,1994,Ki,B,1
PPTCFBYLQJKXAO-UHFFFAOYSA-N,COc1ccccc1N1CCN(CCCCOc2ccc(-c3cn4ccc(C)cc4n3)cc2)CC1,7.3979400086720375,1,0.0,2007,2007,2007,Ki,B,1
HZWYVVALALXEJB-UHFFFAOYSA-N,CCCN1CCOC(c2ccc(O)c(N)c2)C1,7.3979400086720375,1,0.0,2007,2007,2007,EC50,F,1
FJYOWAGOWYSGRX-UHFFFAOYSA-N,COc1cccc(N2CCN(CCCCNC(=O)c3c[nH]c4ccccc34)CC2)c1,7.3979400086720375,1,0.0,2014,2014,2014,Ki,B,1
UIIXJYGCNLZGHI-UHFFFAOYSA-N,O=C(NCCCCN1CCN(c2cnc3ccccc3c2)CC1)c1ccccc1,7.3979400086720375,1,0.0,2014,2014,2014,Ki,B,1
ASSMUHYHXZFLKM-UHFFFAOYSA-N,Oc1ccc(N2CCN(CCCCOc3ccn4nccc4c3)CC2)c2c1OCCO2,7.3979400086720375,1,0.0,2017,2017,2017,Ki,B,1
XIPOFQVPXAIRQK-INIZCTEOSA-N,CCOc1cc2c(cc1O)[C@@H]1Cc3ccc(O)c(OC)c3CN1CC2,7.3979400086720375,1,0.0,2023,2023,2023,Ki,B,1
HJOOPOPFMHOXPP-UHFFFAOYSA-N,COc1ccc(-c2cn(CCCCN3CCN(c4ccccc4OC)CC3)nn2)cc1,7.396855627379818,1,0.0,2013,2013,2013,Ki,B,1
MCHYZZVQJHNDSP-UHFFFAOYSA-N,CC(C)(C)c1nc(N2CCN(CCCCNC(=O)N3CCc4[nH]c5ccc(C#N)cc5c4C3)CC2)cc(C(F)(F)F)n1,7.394694953858891,2,0.0,2017,2018,2017,Ki,B,2
JECLSXTZIUKJEC-UHFFFAOYSA-N,COc1ccc(N2CCN(CCCCN3CCCc4ccccc4C3=O)CC2)cc1,7.393959492003946,2,0.005629300657266872,2009,2009,2009,Ki,B,1
ROGRQIGZHYODFP-JUUMZCOKSA-N,COC(C)CC(=O)N[C@H]1CC[C@H](CCN2CCN(c3nccc4c3CCO4)CC2)CC1,7.391473966422806,1,0.0,2013,2013,2013,Ki,B,1
RVHFWBPKTMLXIB-UHFFFAOYSA-N,COc1ccccc1N1CCN(CC(O)CCn2cc(-c3ccc4ccccc4c3)nn2)CC1,7.39040559077478,1,0.0,2015,2015,2015,Ki,B,1
HQAOVDGZDPFTHD-UHFFFAOYSA-N,Cc1ncoc1-c1nnc(SCCCN2CCC3CCN(c4ccc(C(F)(F)F)cc4)CC32)n1C,7.39040559077478,2,0.0,2019,2020,2019,Ki,B,2
CTWAEGZNMNTFST-UHFFFAOYSA-N,COc1cccc(N2CCN(CCCCN3CCc4ccccc4C3=O)CC2)c1,7.389978975335855,1,0.0,2009,2009,2009,Ki,B,1
TXMVXDBYJCUQJD-UHFFFAOYSA-N,N#Cc1cc2cc(OCCCCN3CCN(c4cccc(Cl)c4Cl)CC3)ccn2n1,7.389978975335855,3,0.7694064064781208,2014,2014,2014,EC50;Ki,B;F,1
REVIOUORWMQFEZ-FMQUCBEESA-N,O=C(/C=C/c1ccccc1)NCCCCN1CCCN(C(c2ccccc2)c2ccccc2)CC1,7.388276691992658,1,0.0,2007,2007,2007,Ki,B,1
WNQLAMRYPGPZKN-UHFFFAOYSA-N,CCc1cc(Cl)c(OC)c(N2CCN(CCCCOc3ccc4c(c3)NC(=O)CC4)CC2)c1,7.388276691992658,1,0.0,2019,2019,2019,Ki,B,1
GWEQOXQOCNABLR-UAPYVXQJSA-N,O=C(N[C@H]1CC[C@H](CCN2CCC(c3cccc4c3OCO4)CC2)CC1)C1(C(F)(F)F)CC1,7.387852161673513,2,0.0,2013,2013,2013,Ki,B,1
WRUSBTCFXKDYJC-UHFFFAOYSA-N,Clc1cccc(N2CCN(CCCCNc3ccc(-c4ccccc4)cn3)CC2)c1Cl,7.3872161432802645,1,0.0,2010,2010,2010,Ki,B,1
OUFIPQCJZNQOMQ-UHFFFAOYSA-N,Clc1cccc(N2CCN(Cc3ccccc3)CC2)c1Cl,7.3872161432802645,1,0.0,2013,2013,2013,Ki,B,1
QQOOJNNFPCENEO-UHFFFAOYSA-N,Clc1cccc(N2CCN(Cc3cccnc3)CC2)c1Cl,7.3872161432802645,1,0.0,2013,2013,2013,Ki,B,1
OUJRMAKUNWMZPB-UHFFFAOYSA-N,Clc1cccc(N2CCN(CCCCOc3ccc4ccnn4c3)CC2)c1Cl,7.3872161432802645,3,0.7243989239552638,2014,2014,2014,EC50;Ki,B;F,1
RXLUSIRPKRSPGO-UHFFFAOYSA-N,CCC(=O)OC1(c2ccc(Cl)cc2)CCN(CCCC(=O)c2ccc(F)cc2)CC1,7.3872161432802645,1,0.0,2014,2014,2014,Ki,B,1
BMLRTLPESFVXBM-UHFFFAOYSA-N,O=C(NCCCCN1CCN(c2ccccn2)CC1)c1cc2ccccc2cn1,7.3872161432802645,1,0.0,2014,2014,2014,Ki,B,1
FBOQGLSPTCBDLZ-UHFFFAOYSA-N,CCCCCCCCCCN1CCC(c2cccc(O)c2)C1,7.3872161432802645,1,0.0,2018,2018,2018,Ki,B,1
XWZPXHQBCSYDNM-BEESLVRJSA-N,O=C(N[C@H]1CC[C@H](CCN2CCC(c3coc4ccccc34)CC2)CC1)c1ccc(C2CCCCC2)cc1,7.383734594718292,2,0.0,2014,2014,2014,Ki,B,1
GHYRDLJRGXMERZ-RKTRBERCSA-N,O=C(N[C@H]1CC[C@H](CCN2CCC(c3cccc4c3CCO4)CC2)CC1)C1CCCO1,7.3819519032879075,2,0.0,2014,2014,2014,Ki,B,1
HJLBJHJXDDKNRO-UHFFFAOYSA-N,Cc1cc(N2CCN(CCCCNC(=O)N3CCN(c4ccccc4)CC3)CC2)nc(C(F)(F)F)n1,7.3819519032879075,2,0.0,2017,2018,2017,Ki,B,2
AAPXNHMQKBDDJN-XMSQKQJNSA-N,Cc1ncoc1-c1nnc(SCCCN2CC[C@@]3(C[C@@H]3c3ccccc3)C2)n1C,7.3799681048737025,1,0.0,2016,2016,2016,Ki,B,1
QMUUXLBLOLIMJC-UHFFFAOYSA-N,CN(C)C(=O)C(CCN1CCC(CCN2CCN(c3cccc(Cl)c3Cl)CC2)C1)(c1ccccc1)c1ccccc1,7.3799681048737025,3,0.18171096203115475,2023,2023,2023,EC50;Ki,B;F,1
MMZIPJNBJQJCBM-UHFFFAOYSA-N,FC(F)(F)c1nc2c(OCCNCc3ccccc3)cc(Cl)cc2[nH]1,7.3788237182249645,1,0.0,1999,1999,1999,Ki,B,1
FDRALTFJSNMYQH-UHFFFAOYSA-N,COc1ccccc1N1CCN(CCCCNC(=O)C2(c3ccc(Cl)cc3)CCCC2)CC1,7.376750709602099,1,0.0,2003,2003,2003,Ki,B,1
CNFWITKOFBJCHE-UHFFFAOYSA-N,CCOc1ccccc1N1CCN(Cc2cccnc2)CC1,7.376750709602099,1,0.0,2013,2013,2013,Ki,B,1
UIGNLOIMCOMSJP-UHFFFAOYSA-N,CN1CCCN(c2ccc(O)c3c2OCC(=O)N3)CC1,7.376750709602099,1,0.0,2017,2017,2017,Ki,B,1
XZGWAEHXRURBSM-UHFFFAOYSA-N,O=C(c1cc2ccccc2o1)N1CCN(CCOc2cccnc2)CC1,7.376750709602099,3,0.0,2020,2023,2023,EC50,B,2
BVPWJMCABCPUQY-UHFFFAOYSA-N,COc1cc(N)c(Cl)cc1C(=O)NC1CCN(Cc2ccccc2)CC1,7.376258869661473,2,0.8580143864858315,1993,2003,1998,Ki,B,2
MZDWSPIRGJHBII-UHFFFAOYSA-N,Cc1nc(N)sc1CCCN/C(N)=N/C(=O)NC(C)c1ccco1,7.374973626880147,2,0.5444391303406867,2021,2021,2021,EC50;Ki,B;F,1
ZMVMIDCCNZYMFG-UHFFFAOYSA-N,CS(=O)(=O)Nc1cccc(OCCNCc2ccccc2)c1,7.371611069949688,1,0.0,1998,1998,1998,Ki,B,1
KTLQFDSKYMSRAD-UHFFFAOYSA-N,CCOc1ccccc1N1CCN(Cc2ccccc2)CC1,7.369572124974976,1,0.0,2013,2013,2013,Ki,B,1
UPEDKGWAXYKNLY-UHFFFAOYSA-N,O=C1c2ccccc2C(=O)N1CCCCN1CCCN(C(c2ccccc2)c2ccc(Cl)cc2)CC1,7.367542707815276,1,0.0,2007,2007,2007,Ki,B,1
MSXGPWPTXORIBR-UHFFFAOYSA-N,CN1CCc2ccccc2Cc2c[nH]c3cccc(c23)CC1,7.367542707815276,1,0.0,2010,2010,2010,Ki,B,1
UTFOVXIJDJSMKK-RUZDIDTESA-N,CCCN(CCCCNC(=O)c1ccc(-c2ccccc2)cc1)[C@@H]1CCn2nccc2C1,7.366531544420413,9,0.9561509936770357,2011,2011,2011,EC50;Ki,B;F,1
DTUYFIYHCUBCJI-CGAIIQECSA-O,CN1CCC[C@H]1c1ccc[n+](CCCCCNCC2CCc3ccc(O)cc3O2)c1,7.366531544420413,1,0.0,2015,2015,2015,Ki,B,1
PNHVOOVVCPJXPA-QAQDUYKDSA-N,O=C(CO)N[C@H]1CC[C@H](CCN2CCN(c3nccc4occc34)CC2)CC1,7.366531544420413,1,0.0,2013,2013,2013,Ki,B,1
YKCROHAUAFLVCV-UHFFFAOYSA-N,CCCN(CCCCNC(=O)c1ccc2ccccc2c1)CC1CC1c1ccc(C(F)(F)F)cc1,7.366531544420413,1,0.0,2020,2020,2020,Ki,B,1
AULLQWYKPQXXNM-UHFFFAOYSA-N,CC(C)(C)c1nc(N2CCN(CCCCNC(=O)N3CCN(c4ccccc4)CC3)CC2)c2ccccc2n1,7.3655227298392685,2,0.0,2017,2018,2017,Ki,B,2
YIYVRBYUJQVAJR-UHFFFAOYSA-N,COc1ccccc1N1CCN(CCCCn2cc(-c3ccccc3)nn2)CC1,7.365304244209469,2,0.388711126471478,2013,2015,2014,Ki,B,2
WMVSIGOLIQMRHF-UHFFFAOYSA-N,CN(C)C(=O)C1(c2ccc(Cl)cc2)CCN(CCCC(=O)c2ccc(F)cc2)CC1,7.364516253185088,1,0.0,2003,2003,2003,Ki,B,1
XTKNAIQXSUEZPU-CQSZACIVSA-N,CCCN(CCC)[C@@H]1CCc2c(ccn2C=O)C1,7.360015751958412,1,0.0,2005,2005,2005,Ki,B,1
DMWWEOYTOCKCTC-UZLBHIALSA-N,Cn1nccc1-c1nnc(SCCCN2C[C@H]3CCN(c4ccccc4C(F)(F)F)[C@H]3C2)n1C,7.359518563029578,2,0.0,2019,2020,2019,Ki,B,2
VXNGRJYOYXAYSC-XNMGPUDCSA-N,O=C(NCCCCN1CCO[C@@H]2c3ccccc3OC[C@H]21)c1ccc(-c2ccccc2)cc1,7.3585258894959,1,0.0,2021,2021,2021,Ki,B,1
QWCRAEMEVRGPNT-UHFFFAOYSA-N,O=C1CC2(CCCC2)CC(=O)N1CCCCN1CCN(c2ncccn2)CC1,7.356547323513812,3,0.8468130494171903,1997,1997,1997,IC50;Ki,B,2
JVAFIFLJBRUNJB-UHFFFAOYSA-N,CCCN1CCc2cccc3c2C1Cc1cccc(OCc2cn(CCN4CCN(c5ccccc5OC)CC4)nn2)c1-3,7.356547323513812,1,0.0,2011,2011,2011,Ki,B,1
KFIJYBXSQREASD-UHFFFAOYSA-N,CCOc1ccc2c(c1OC)CN1CCc3cc(OC)c(O)cc3C1C2,7.356547323513812,1,0.0,2016,2016,2016,Ki,B,1
CKXPAKSGYIPITQ-UHFFFAOYSA-N,CCN(CCCSc1nnc(-c2ccccc2)n1C)CC1CC1c1cc(F)ccc1OC,7.356547323513812,1,0.0,2020,2020,2020,Ki,B,1
VGUQUIYJFQJLRU-UHFFFAOYSA-N,COc1ccccc1N1CCN(CCCNC(=O)Nc2ccccc2-c2ccc(-c3ccccc3)cc2)CC1,7.356547323513812,1,0.0,2023,2023,2023,Ki,B,1
LYEPPOSVDWYIOA-UHFFFAOYSA-N,CC(C)(C)c1nc(N2CCN(CCCCNC(=O)N3CCC(Oc4ccccc4)CC3)CC2)cc(C(F)(F)F)n1,7.355561410532161,2,0.0,2017,2018,2017,Ki,B,2
IVQSQRPBZRNZBV-UHFFFAOYSA-N,COc1ccccc1N1CCCN(CCCCNC(=O)c2cccc(OC)c2OC)CC1,7.354577730650908,1,0.0,2013,2013,2013,Ki,B,1
LOMLSZYPQUWCNO-KESTWPANSA-N,CN(C)C(=O)N[C@H]1CC[C@H](CCN2CCC(c3cccc4c3CCO4)CC2)CC1,7.354577730650908,2,0.0,2014,2014,2014,Ki,B,1
WUHZLDHICFZBCN-UHFFFAOYSA-N,CC(C)(C)c1nc(N2CCN(CCCCNC(=O)N3CCCN(c4ccccc4)CC3)CC2)cc(C(F)(F)F)n1,7.354577730650908,2,0.0,2017,2018,2017,Ki,B,2
BNGQWOSQOPVKCC-HCGLCNNCSA-N,O=C(N[C@H]1CC[C@H](CCN2CCN(c3nccc4c3CCO4)CC2)CC1)c1ccc(-n2cccn2)cc1,7.3535962737769305,1,0.0,2013,2013,2013,Ki,B,1
UBLOWVVYFMMWMS-YOCNBXQISA-N,O=C(N[C@H]1CC[C@H](CCN2CCN(c3nccc4c3CCO4)CC2)CC1)c1ccc(N2CCCCC2)cc1,7.3535962737769305,1,0.0,2013,2013,2013,Ki,B,1
JBVSQYZVCXMFCI-VAMGGRTRSA-N,CC[C@@H](O)CC(=O)N[C@H]1CC[C@H](CCN2CCN(c3nccc4c3CCO4)CC2)CC1,7.35261702988538,1,0.0,2013,2013,2013,Ki,B,1
BPQYPRDZEFGRKD-UHFFFAOYSA-N,Clc1cccc(N2CCN(Cc3cccs3)CC2)c1Cl,7.351639989019068,1,0.0,2013,2013,2013,Ki,B,1
FNRRHBXSSQNLPH-UHFFFAOYSA-N,CSc1ncc2c(n1)CC(CN1CCC(c3noc4cc(F)ccc34)CC1)CC2=O,7.349984047528162,1,0.0,2009,2009,2009,Ki,B,1
LNAQGJPALKPMLJ-UHFFFAOYSA-N,Cc1c(C)c2ccc(OCCCN3CCN(c4ccccc4)CC3)cc2oc1=O,7.349692476868063,1,0.0,1998,1998,1998,Ki,B,1
SWYRWYLIJXJVNV-HCGLCNNCSA-N,O=C(N[C@H]1CC[C@H](CCN2CCN(c3nccc4c3CCO4)CC2)CC1)c1ccc(N2CCOCC2)nc1,7.349692476868063,1,0.0,2013,2013,2013,Ki,B,1
MALMJWHGEVOLFD-UHFFFAOYSA-N,COc1ccccc1N1CCN(CC(O)CCNC(=O)c2cnc3ccc(F)cc3c2)CC1,7.3487219860018556,1,0.0,2015,2015,2015,Ki,B,1
KVWDHTXUZHCGIO-UHFFFAOYSA-N,Cc1cc2c(s1)Nc1ccccc1N=C2N1CCN(C)CC1,7.346787486224656,13,0.18028992470582156,2001,2015,2008,IC50;Ki,B,12
NBMBMTFMWYKPHV-UHFFFAOYSA-N,CCCN(CCC)C1CCc2ccc3occc3c2C1,7.346787486224656,1,0.0,1997,1997,1997,Ki,B,1
RHPCETHLGGFAQB-SHZHJNINSA-N,CN(C)C[C@@H]1CC2c3ccccc3Oc3ccc(Cl)cc3[C@H]2O1,7.346787486224656,1,0.0,2005,2005,2005,Ki,B,1
CLTAQMJYOUARDB-QHCPKHFHSA-N,O=C(NCCCCN1CCN(c2ccccc2)CC1)[C@@H]1CCc2ccccc2N1,7.346787486224656,1,0.0,2014,2014,2014,Ki,B,1
OBZMXWUQHYLQEP-UHFFFAOYSA-N,O=C(c1n[nH]c2ccccc12)N1CCN(CCOc2cccnc2)CC1,7.346787486224656,2,0.0,2020,2023,2021,EC50,B,2
IQRVICMQFUJBJE-UHFFFAOYSA-N,CCOc1ccccc1N1CCN(Cc2csc3ccccc23)CC1,7.345823458122039,1,0.0,2013,2013,2013,Ki,B,1
UAYHHCOSZYIZOH-UHFFFAOYSA-N,CCOc1ccccc1N1CCC2(CCN(CCCSc3nnc(-c4ccccc4)n3C)CC2)CC1,7.345823458122039,1,0.0,2019,2019,2019,Ki,B,1
WZJSIHGOLMMBAL-MRXNPFEDSA-N,CCCN1CCc2cccc3c2[C@H]1Cc1cccc(O)c1-3,7.34518491628705,2,2.2282827425602694,2011,2011,2011,Ki,B,1
LUYOYJRCUNHAKE-OKDASEJXSA-N,O=C(N[C@H]1CC[C@H](CCN2CCC(c3noc4cc(F)ccc34)CC2)CC1)c1ccc(N2CCOCC2)c(F)c1,7.344093581819785,2,0.0,2014,2014,2014,Ki,B,1
XLIXPJRYIUCZIQ-HUULMPCJSA-N,C[C@]1(O)CC[C@@H](C(=O)N[C@H]2CC[C@H](CCN3CCN(c4nccc5c4CCO5)CC3)CC2)CC1,7.343901797987169,1,0.0,2013,2013,2013,Ki,B,1
JFDSONZAQMFHCW-UHFFFAOYSA-N,CC(C)(C)c1nc(N2CCN(CCCCNC(=O)c3cn4c(CO)cccc4n3)CC2)cc(C(F)(F)F)n1,7.342944147142896,3,0.0022189528534410424,2014,2018,2017,Ki,B,3
PZYRQKWSXFGUED-IYARVYRRSA-N,COCC(=O)N[C@H]1CC[C@H](CCN2CCN(c3nccc4c3CCO4)CC2)CC1,7.342944147142896,1,0.0,2013,2013,2013,Ki,B,1
JVGACFJHMOKANC-UHFFFAOYSA-N,CCCN(CCCCNC(=O)c1ccc(-c2ccccn2)cc1)CC1CC1c1cccc(F)c1,7.342944147142896,1,0.0,2020,2020,2020,Ki,B,1
KFWJKLDOLDILRK-NOZRDPDXSA-N,CCCN(CCCCNC(=O)c1ccc2ccccc2c1)C[C@H]1C[C@@H]1c1cccc(Cl)c1Cl,7.34271249644153,2,0.47973541991278795,2020,2020,2020,EC50;Ki,B;F,1
GTBCNDPVHSBZNR-UHFFFAOYSA-N,O=C(NCCC(F)CN1CCN(c2cccc(Cl)c2Cl)CC1)c1ccc2c(c1)Cc1ccccc1-2,7.340968332518619,2,1.7593641478349191,2011,2011,2011,IC50;Ki,B;F,1
HKDMXVFAYYQTRF-UHFFFAOYSA-N,CCCN(CCCCNC(=O)c1cc2ccccc2[nH]1)CC1CC1c1ccc(F)cc1,7.34008379993015,1,0.0,2020,2020,2020,Ki,B,1
PWCVSHXTKFEXBF-AWEZNQCLSA-N,CCCN(CCC)[C@H]1CCn2c(ccc2C(C)=O)C1,7.339988778710669,1,0.0,2005,2005,2005,Ki,B,1
GJUDGMHZQOXKJL-UHFFFAOYSA-N,CCc1c(C2CCN(Cc3ccccc3)CC2)n[nH]c1-c1ccc(Cl)cc1,7.337242168318426,1,0.0,1997,1997,1997,Ki,B,1
UQQZLMXUYGQJIW-UHFFFAOYSA-N,COc1ccc(-n2cc(C(=O)NCCCCN3CCN(c4cccc(Cl)c4Cl)CC3)nn2)cc1,7.337242168318426,1,0.0,2009,2009,2009,Ki,B,1
VWNMUULEHNRJQH-UHFFFAOYSA-N,Cc1cccc(N2CCN(CCCCNC(=O)c3cc4ccccc4cn3)CC2)n1,7.337242168318426,1,0.0,2014,2014,2014,Ki,B,1
OKHCGJQUKXTRNR-KRWDZBQOSA-N,CCCOc1cc2c(cc1O)[C@@H]1Cc3ccc(O)c(OC)c3CN1CC2,7.337242168318426,1,0.0,2023,2023,2023,Ki,B,1
JFKCCUAHUNXNFQ-UHFFFAOYSA-N,COc1ccc(C(=O)NCCCCN2CCc3cc(OC)c(O)cc3C2)cc1,7.336422743795284,2,1.2625041483332269,2018,2018,2018,EC50;Ki,B;F,1
KLQDZSYTMPJBBU-UWJYYQICSA-N,Cc1ncoc1-c1nnc(SCCN2CC[C@]3(C[C@H]3c3ccc(C(F)(F)F)cc3)C2)n1C,7.335031212837549,2,0.3182049122255343,2016,2016,2016,Ki,B,1
OBSXBRKMRKLCPZ-PNIULUOKSA-N,CN1C[C@H](C(=O)N[C@@H](Cc2ccc([N+](=O)[O-])cc2)C(=O)N[C@@H](Cc2ccc(F)cc2)C(=O)N2CCCC(C(=O)NCCCCCC(=O)NCCCC[C@H](NC(=O)CCCC[C@H]3SC[C@H]4NC(=O)N[C@H]43)C(N)=O)C2)C=C2c3cccc4[nH]cc(c34)C[C@H]21,7.3348946077142365,2,0.42904065459405405,2011,2011,2011,Kd,B,1
QOEWXLMSFYFGOV-UHFFFAOYSA-N,COc1cc2c(cc1O)CN(CCCCNC(=O)c1ccc(F)cc1)CC2,7.333175621742649,2,1.447266139993613,2018,2018,2018,EC50;Ki,B;F,1
QULJKIQETSQZKV-UHFFFAOYSA-N,COc1ccccc1N1CCN(CC(F)CCNC(=O)c2ccc3c(c2)Cc2ccccc2-3)CC1,7.332632426434083,2,0.9376889282134467,2011,2011,2011,IC50;Ki,B;F,1
VQAXSIOYACBCCS-UHFFFAOYSA-N,CC(C)(C)c1nc(N2CCN(CCCCNC(=O)N3CCN(c4ccc(Cl)c(Cl)c4)CC3)CC2)cc(C(F)(F)F)n1,7.33161408331,2,0.0,2017,2018,2017,Ki,B,2
LIHBEDGPTZLMMR-UHFFFAOYSA-N,O=c1[nH]c2ccccc2n1C1CCN(Cc2csc3ccccc23)CC1,7.330683119433887,1,0.0,2010,2010,2010,Ki,B,1
OZUAEHNGHNUWOV-MXVIHJGJSA-N,COCCC(=O)N[C@H]1CC[C@H](CCN2CCN(c3ncc(C)c4c3CCO4)CC2)CC1,7.329754146925876,1,0.0,2013,2013,2013,Ki,B,1
APXWTOJVYSVWJO-UHFFFAOYSA-N,Cn1c(SCCCN2CC3CCN(c4ccc(C(F)(F)F)cc4)C3C2)nnc1-c1cncnc1,7.329754146925876,3,0.017184951571811463,2016,2020,2019,Ki,B,3
UFUQIVBOXLXINJ-NQIIRXRSSA-N,Cn1c(SCCCN2C[C@H]3CCN(c4ccccc4C(F)(F)F)[C@H]3C2)nnc1-c1cccnc1,7.329754146925876,2,0.0,2019,2020,2019,Ki,B,2
QBCMSAVCLXLVLP-INIZCTEOSA-N,CNc1cc(OC)c(C(=O)NC[C@@H]2CCN(Cc3ccccc3)C2)cc1Cl,7.327902142064282,1,0.0,1999,1999,1999,Ki,B,1
YFXWJWJZNPPTDW-UHFFFAOYSA-N,CN(CCC(=O)OC1(c2ccc(Cl)cc2)CCN(CCCC(=O)c2ccc(F)cc2)CC1)CCN(C)CCC(=O)OC1(c2ccc(Cl)cc2)CCN(CCCC(=O)c2ccc(F)cc2)CC1,7.327902142064282,1,0.0,2014,2014,2014,Ki,B,1
FVTIZFQEARZLMQ-UHFFFAOYSA-N,O=C(NCCCCN1CCN(c2cccc(OCCF)c2)CC1)c1ccc(-n2ccnc2)cc1,7.3260580013659125,1,0.0,2009,2009,2009,Ki,B,1
OBIIIJJDTMSOQS-UHFFFAOYSA-N,O=C1c2ccccc2C(=O)N1CCCCN1CCN(C(c2ccccc2)c2ccccc2)CC1,7.325138859262188,1,0.0,2007,2007,2007,Ki,B,1
SUGHICCAJLONJR-WKILWMFISA-N,O=C(N[C@H]1CC[C@H](CCN2CCN(c3nccc4c3CCO4)CC2)CC1)C(F)(F)F,7.325138859262188,1,0.0,2013,2013,2013,Ki,B,1
ODBZJKXOIQSFOA-UHFFFAOYSA-N,CN1CCc2ccccc2Cc2ccc(O)cc2CC1,7.323306390375134,5,0.020051265482592767,2006,2015,2007,Ki,B,5
QRDDKCATKOBJNH-VTVZGJJZSA-N,O=C(N[C@H]1CC[C@H](CCN2CCC(c3cccc4c3OCO4)CC2)CC1)C1CCCO1,7.322758154053346,2,0.0,2013,2013,2013,Ki,B,1
FANDJZBJYJYKGY-KESTWPANSA-N,Fc1ccc(N2CCN(CC[C@H]3CC[C@H](Nc4ncccn4)CC3)CC2)cc1,7.318758762624412,1,0.0,1998,1998,1998,Ki,B,1
MZFAZCYLMYZDDU-UHFFFAOYSA-N,CN1CCN(c2ccc(O)c3c2OCC(=O)N3)CC1,7.318758762624412,1,0.0,2017,2017,2017,Ki,B,1
PRBBGEBXWKOEEQ-UHFFFAOYSA-N,CCN1CCN(c2ccc3c(c2)CCN3S(=O)(=O)c2ccccc2)CC1,7.318758762624412,1,0.0,2016,2016,2016,Ki,B,1
VZWLMLULZYPQLO-UHFFFAOYSA-N,CC(C)(C)c1nc(N2CCN(CCCCNC(=O)N3CCN(c4cc(C#N)cc(C(F)(F)F)c4)CC3)CC2)cc(C(F)(F)F)n1,7.318758762624412,2,0.0,2017,2018,2017,Ki,B,2
ACEAZRLEPRIAMD-WGSAOQKQSA-N,CC(=O)N[C@H]1CC[C@H](CCN2CCN(c3ncc(C)c4c3CCO4)CC2)CC1,7.31695296176115,1,0.0,2013,2013,2013,Ki,B,1
CUKQTCOUHQWBHN-UHFFFAOYSA-N,COc1ccccc1N1CCN(CCCCNC(=O)c2cccc3ccccc23)CC1,7.31340197914502,2,0.24519694252698696,2005,2005,2005,Kd;Ki,B;F,1
SCYQZWBAGZNIMS-UHFFFAOYSA-N,CCn1c(SCCCN2CCC3(CC2)CCN(c2ccccc2OC)CC3)nnc1-c1ccccc1,7.3124710387853655,1,0.0,2019,2019,2019,Ki,B,1
PJDIIZOQXMDDPU-WIOAZZGGSA-N,CCCN(CCC)[C@H]1CCn2c(/C=N\O)ccc2C1,7.309981219211305,1,0.0,2005,2005,2005,Ki,B,1
AUCTYGBZIOGIIA-UHFFFAOYSA-N,Cc1ccc(C(=O)NCN2CCN(c3ccccc3Cl)CC2)cc1,7.309803919971486,1,0.0,1997,1997,1997,Ki,B,1
SBRNDJDCLNCYMZ-UHFFFAOYSA-N,OC1(c2ccc(I)cc2)CCN(Cc2cc3ccccc3o2)CC1,7.309803919971486,1,0.0,2010,2010,2010,Ki,B,1
OLIUQFBIXLONDP-UHFFFAOYSA-N,CCCCCCCN1CCC(c2cccc(O)c2)C1,7.309803919971486,1,0.0,2018,2018,2018,Ki,B,1
HGHZRWWRCHMWQC-ONEGZZNKSA-N,O=C(NC/C=C/C[N+]1([O-])CCN(c2cccc(Cl)c2Cl)CC1)c1ccc(-c2ccccn2)cc1,7.308034897232639,3,1.0877919644084146e-15,2007,2014,2014,Ki,B,2
OSIFLXHIMKAMGZ-UHFFFAOYSA-N,CC(C)(C)c1nc(N2CCN(CCCCNC(=O)N3CCN(c4cccc(-c5ccccc5)c4)CC3)CC2)cc(C(F)(F)F)n1,7.30715308072277,2,0.0,2017,2018,2017,Ki,B,2
MULLDMIPFVHJIA-UHFFFAOYSA-N,O=c1ccc2ccc(OCCCN3CCN(c4ccccc4)CC3)cc2o1,7.303643611266668,1,0.0,1998,1998,1998,Ki,B,1
PBAAFRAEWKNMJX-UHFFFAOYSA-N,O=C(NCCCCN1CCN(c2cccc(Cl)c2Cl)CC1)c1ccccc1,7.3022261171713705,2,0.8799617511685888,2005,2005,2005,EC50;Ki,B;F,1
QUCXOFSWCJSLHA-UHFFFAOYSA-N,Clc1ccc(N2CCN(CCc3cc4ccc[nH]c-4n3)CC2)cc1,7.301029995663981,1,0.0,1999,1999,1999,Ki,B,1
WMZWVTIIHJJKKR-UHFFFAOYSA-N,COc1ccccc1N1CCN(CCCOc2ccc(-c3cn4cccc(C)c4n3)cc2)CC1,7.301029995663981,1,0.0,2007,2007,2007,Ki,B,1
ZXMMZWMGSDPKNA-UHFFFAOYSA-N,C#Cc1cccc(C(=O)NCCN2CCN(c3cccc(Cl)c3Cl)CC2)c1,7.301029995663981,1,0.0,2007,2007,2007,Ki,B,1
UCQNMJXTWOYVNH-UHFFFAOYSA-N,CN(CCCN1c2ccccc2Sc2ccc(Cl)cc21)Cc1ccc(OCCCN2CCCCC2)cc1,7.301029995663981,1,0.0,2009,2009,2009,Ki,B,1
DSRXHDAICZGTCK-ORBVJSQLSA-N,CN(CC/C=C1\c2ccccc2Sc2ccc(Cl)cc21)Cc1ccc(OCCCN2CCCCC2)cc1,7.301029995663981,1,0.0,2009,2009,2009,Ki,B,1
VEJVQTWUKUQWPK-KBRIMQKVSA-N,Oc1ccc([C@H]2CN[C@@H]3CCc4cc(O)c(O)cc4[C@H]3C2)cc1,7.301029995663981,1,0.0,2012,2012,2012,Ki,B,1
HSTZLQFEUGWBDW-UHFFFAOYSA-N,CCOC(=O)c1cc2cc(OCCCCN3CCN(c4ccccc4OC)CC3)ccn2n1,7.301029995663981,3,0.47935043215049683,2017,2017,2017,EC50;Ki,B;F,1
YRCMSWAPYVIAQO-UHFFFAOYSA-N,Oc1ccc(N2CCN(CCCCOc3ccn4nccc4c3)CC2)c2cccnc12,7.301029995663981,1,0.0,2017,2017,2017,Ki,B,1
PSIMZXQMJNBYKI-UHFFFAOYSA-N,COc1cccc(OCCN2CCN(C(=O)c3cc4cccnc4[nH]3)CC2)c1,7.301029995663981,3,0.0,2020,2023,2023,EC50,B,2
KQOHKQXMRPXPAM-UHFFFAOYSA-N,COc1c(C(=O)NCCN2CCN(c3cccc(C)c3C)CC2)cc(Br)c2ccccc12,7.299988937677888,3,0.07679996116194088,1996,1997,1996,EC50;Ki,B;F,2
GQTWYBPXHKYSKB-IZLXSDGUSA-N,O=C(NCCCCN1CC[C@@H]2c3ccccc3CC[C@@H]21)c1ccc(-c2ccccc2)cc1,7.299988937677888,1,0.0,1998,1998,1998,Ki,B,1
TWPGFOWTCCVBGS-VMPREFPWSA-N,CS(=O)(=O)Oc1ccc2c(c1)CC[C@H]1[C@H]2CCN1CCCCNC(=O)c1ccc(-c2ccccc2)cc1,7.299988937677888,1,0.0,1998,1998,1998,Ki,B,1
XOWASPOXQFROJP-JGKWMGOWSA-N,CCCN(CCC)[C@@H]1CCc2c(ccc(C(O)Cc3ccc(OC)cc3)c2OC)C1,7.299988937677888,1,0.0,1996,1996,1996,Ki,B,1
XDGZSVPHADAZSU-UHFFFAOYSA-N,CCS(=O)(=O)c1ccc(OC)c(-c2ccc(CN3CCCCCC3c3cccc(OC)c3)[nH]2)c1,7.299988937677888,1,0.0,1997,1997,1997,Ki,B,1
ZLRJVNFLDHERMS-UHFFFAOYSA-N,Cc1ccccc1-c1ccc(C(=O)NCCCCN2CCc3ccc(OS(=O)(=O)C(F)(F)F)cc3C2)cc1,7.299988937677888,1,0.0,1999,1999,1999,Ki,B,1
JTAWXZPSQGLYQG-UHFFFAOYSA-N,Cc1cc(C(=O)NCCCCN2CCc3ccc(OS(=O)(=O)C(F)(F)F)cc3C2)ccc1-c1ccccc1,7.299988937677888,1,0.0,1999,1999,1999,Ki,B,1
BRPYNELBFAAPRA-UHFFFAOYSA-N,COc1c(C(=O)NCCN2CCN(c3ccccc3C#N)CC2)cc(Br)c2ccccc12,7.299988937677888,1,0.0,1997,1997,1997,Ki,B,1
SATOYXZJVAZVKU-UHFFFAOYSA-N,COc1c(C(=O)NCCN2CCN(c3cccc(Cl)c3C)CC2)cc(Br)c2ccccc12,7.299988937677888,1,0.0,1997,1997,1997,Ki,B,1
WHKXNUMKCCTWNI-UHFFFAOYSA-N,Cc1ccc2c(-c3nnc(SCCCN4CCc5cc6nc(C(F)(F)F)oc6cc5CC4)n3C)cccc2n1,7.299988937677888,1,0.0,2008,2008,2008,Ki,F,1
YHBNNSZPKVUPMG-UHFFFAOYSA-N,Cc1ccc2c(-c3nnc(SCCCN4CCc5cc6nc(C7CC7)oc6cc5CC4)n3C)cccc2n1,7.299988937677888,1,0.0,2008,2008,2008,Ki,F,1
HRBGKICNPOCYPZ-UHFFFAOYSA-N,Cc1ccc2c(-c3nnc(SCCCN4CCc5cc6ncoc6cc5CC4)n3C)cccc2n1,7.299988937677888,1,0.0,2008,2008,2008,Ki,F,1
DJHAFQLSNXBKIX-UHFFFAOYSA-N,Cc1ccc2c(-c3nnc(SCCC(C)N4CCc5cc6nc(C)oc6c(Br)c5CC4)n3C)cccc2n1,7.299988937677888,1,0.0,2008,2008,2008,Ki,F,1
NCDNWTYTZTXJIU-UHFFFAOYSA-N,O=C1N(CCN2CCC(c3ccc(Cl)cc3)CC2)CCN1c1cccc(Cl)c1,7.299988937677888,2,0.0,2009,2009,2009,Ki,B;F,2
ABSKTFYOWZQKEU-LBEPJEHYSA-N,CN(CCN1CCN(c2ccc3c(c2)OCO3)C1=O)C[C@]12CC[C@H](CC1)C2(C)C,7.299988937677888,1,0.0,2009,2009,2009,Ki,F,1
PFWZDYSBLPIXBI-GLRZTSSQSA-N,CN(CCN1CCN(C2COOC2)C1=O)C[C@]12CC[C@H](CC1)C2(C)C,7.299988937677888,1,0.0,2009,2009,2009,Ki,B,1
ULMBXLAVXIEGRS-UHFFFAOYSA-N,COc1cccc(N2CCN(CCN3CCCCCC3)C2=O)c1,7.299988937677888,1,0.0,2010,2010,2010,Ki,F,1
HIRZFMOIKMLUHF-UTKZUKDTSA-N,Cc1ncoc1-c1nnc(SCCCN2C[C@H]3C[C@@]3(c3ccc(C(F)(F)F)cc3)C2)n1C,7.299988937677888,1,0.0,2010,2010,2010,Ki,F,1
XWXGIXOQLMBDID-UHFFFAOYSA-N,Cc1ncoc1-c1nnc(SCCCNC2CC3CC3(c3ccccc3)C2)n1C,7.299988937677888,1,0.0,2010,2010,2010,Ki,F,1
AEUDDHALUDWNEZ-UHFFFAOYSA-N,Cc1nc(C)c(-c2nnc(SCCCN3CCC4(CCc5ccc(F)cc54)C3)n2C)s1,7.299988937677888,1,0.0,2010,2010,2010,Ki,F,1
QSDLVBSOCJOFJV-FNLKRUPLSA-N,Cc1ncoc1-c1nnc(SCCCN2[C@@H]3CC[C@H]2C[C@@H](c2cccc(C(F)(F)F)c2)C3)n1C,7.299988937677888,1,0.0,2010,2010,2010,Ki,F,1
SIMNKURLSFAWDZ-UHFFFAOYSA-N,Cc1ccc2c(N3CCN(CCc4cccc(-n5cccn5)c4)CC3)cccc2n1,7.299988937677888,1,0.0,2010,2010,2010,Ki,B,1
OSAUGWDHZYWLTI-UHFFFAOYSA-N,N#CCCCN(CCCN1CCN(c2ccccc2)CC1)C1CCc2ccc(O)cc2C1,7.29929628285498,1,0.0,2002,2002,2002,Ki,B,1
NQOBWBPQVJMZSQ-WUKNDPDISA-N,O=C(/C=C/c1ccccc1)NCCCCN1CCN2c3ccccc3Cc3ccccc3C2C1,7.29929628285498,1,0.0,2007,2007,2007,Ki,B,1
WEFCQLWBBLEXDK-SFHVURJKSA-N,CCc1cc(Cl)c(OC)c(C(=O)NC[C@@H]2CCCN2CCc2c(C)nc3n(c2=O)CCCC3)c1O,7.298432014944073,1,0.0,2021,2021,2021,Ki,B,1
LSKZCQKQGRUHKQ-BJLQDIEVSA-N,CO[C@@H](C)C(=O)N[C@H]1CC[C@H](CCN2CCC(c3cccc4c3OCO4)CC2)CC1,7.298259367562787,2,0.0,2013,2013,2013,Ki,B,1
QKVOQKSMJIDFBY-UHFFFAOYSA-N,CN(C)C(=O)N1CCC(O)(CCCN2CCN(c3cccc(Cl)c3Cl)CC2)CC1,7.2949920406666635,1,0.0,2023,2023,2023,Ki,B,1
WRPZMLXFPDERQS-SFHVURJKSA-N,CCCCOc1cc2c(cc1O)[C@@H]1Cc3ccc(O)c(OC)c3CN1CC2,7.292429823902063,1,0.0,2023,2023,2023,Ki,B,1
SFBYKQFVXHFMBA-UHFFFAOYSA-N,COc1ccccc1N1CCN(CCCCCNC(=O)c2cc3ccccn3n2)CC1,7.291198562418154,2,0.0017412666893710342,2002,2007,2004,Ki,B,2
UGRVOYIHHOLSHQ-UHFFFAOYSA-N,CCC(CNC(=O)/N=C(\N)NCCCc1sc(N)nc1C)c1ccccc1,7.289974094465007,2,0.14142825883105772,2021,2021,2021,EC50;Ki,B;F,1
RPAZQDWESIXCRX-UHFFFAOYSA-N,Cn1c(SCCCN2CC3CCN(c4ccc(C(F)(F)F)cc4)C3C2)nnc1-c1cccnn1,7.289882634888183,3,0.00583487663614794,2016,2020,2019,Ki,B,3
ANPBPMHGXDWYNM-AZUAARDMSA-N,Cn1c(SCCCN2C[C@@H]3CCN(c4cccnc4)[C@@H]3C2)nnc1C1CCOCC1,7.289882634888183,2,0.0,2019,2020,2019,Ki,B,2
XLIXPJRYIUCZIQ-IYQCHBLZSA-N,C[C@]1(O)CC[C@H](C(=O)N[C@H]2CC[C@H](CCN3CCN(c4nccc5c4CCO5)CC3)CC2)CC1,7.289036881004725,1,0.0,2013,2013,2013,Ki,B,1
ADUYXHYSTCIMEO-UHFFFAOYSA-N,O=c1[nH]c2cc(Cl)ccc2n1C1CCN(CCCCc2c[nH]c3ccccc23)CC1,7.28785653403855,2,0.017157809770937418,2016,2016,2016,Ki,B,1
KBVAEHJQNKKTNL-SFTDATJTSA-N,N#Cc1cccc(N2CCN(C[C@@H]3C[C@H]3CNC(=O)c3ccnc4ccccc34)CC2)c1,7.286509456906058,1,0.0,2017,2017,2017,Ki,B,1
KOUYZQIXUIGLHZ-UHFFFAOYSA-N,CC(C)(C)c1nc(N2CCN(CCCCNC(=O)N3CCC(O)(c4ccc(Cl)cc4)CC3)CC2)cc(C(F)(F)F)n1,7.285670240254767,2,0.0,2017,2018,2017,Ki,B,2
FHJKGVBVLIXGIQ-CYBMUJFWSA-N,CCCN[C@@H]1Cc2cccc3c2n(c(=O)n3CCC)C1,7.285350812664637,4,0.8028554263588897,2016,2016,2016,EC50;Ki,B,1
OTODYHHNOABMMX-UHFFFAOYSA-N,c1ccc(C(c2ccccc2)N2CCN(CCCCc3cc(-c4cccs4)no3)CC2)cc1,7.2839966563652006,1,0.0,2002,2002,2002,Ki,B,1
MTKHCEFATKQYMK-UHFFFAOYSA-N,CN1CCN(C2=Nc3cc(Cl)ccc3Nc3ccc(OS(=O)(=O)C(F)(F)F)cc32)CC1,7.2839966563652006,1,0.0,1999,1999,1999,IC50,B,1
BXOLXXSMCLYDNG-UHFFFAOYSA-N,CN1CCc2ccccc2Cc2ccccc2CC1,7.2839966563652006,3,0.023985390433284987,2006,2015,2007,Ki,B,3
PEBYJPFREGHAND-UHFFFAOYSA-N,Cc1ccccc1N1CCN(CCCCNC(=O)Oc2ccc(-c3cccc(C(N)=O)c3)cc2)CC1,7.2839966563652006,3,0.6442905368992413,2017,2017,2017,EC50,F,1
WPYVGSUSOOZONM-UHFFFAOYSA-N,CCCN1CCC(c2cccc(O)c2)C1,7.2839966563652006,1,0.0,2018,2018,2018,Ki,B,1
UNPARBQWWULNRE-AQYVVDRMSA-N,Cc1ccc(C(=O)N[C@H]2CC[C@H](CCN3CCN(c4nccc5c4CCO5)CC3)CC2)cn1,7.283162276700476,1,0.0,2013,2013,2013,Ki,B,1
NZBZRVLCAAQXCD-UHFFFAOYSA-N,CCc1c(C)c2n(c1C)[B-](F)(F)[N+]1=C3C=CC=C(NCCCCN4CCN(c5cccc(Cl)c5Cl)CC4)N3[B-](F)(F)[N+]1=C2,7.283162276700476,1,0.0,2022,2022,2022,Ki,B,1
BLVKQYQCYGVTBD-UHFFFAOYSA-N,Clc1cccc(N2CCN(Cc3csc4ccccc34)CC2)c1Cl,7.279840696594043,1,0.0,2013,2013,2013,Ki,B,1
GYPMSCDWBIWORF-UHFFFAOYSA-N,Cn1c(SCCCN2CC3CCN(c4ccc(C(F)(F)F)nc4)C3C2)nnc1C1CCOCC1,7.279840696594043,2,0.0,2019,2020,2019,Ki,B,2
ARZYDJJAHRASCM-UHFFFAOYSA-N,COc1c(C(=O)NCCN2CCN(c3ccccc3)CC2)cc(Cl)c2ccccc12,7.279813124091822,2,0.028532909205326067,1996,1997,1996,Ki,B,2
KXRNXSYVAAEIGF-XLIONFOSSA-N,COc1ccc(F)cc1[C@H]1C[C@@H]1CNCCCCOc1ccc2ccc(=O)[nH]c2c1,7.278234206050169,6,0.5639163787537654,2021,2021,2021,EC50;Ki,B;F,1
VPXUAYLFOKMYIW-UHFFFAOYSA-N,COc1ccccc1N1CCN(CC(O)CCNC(=O)c2cnc3ccc(C)cc3c2)CC1,7.276544327964814,1,0.0,2015,2015,2015,Ki,B,1
XKXPMSXRABANAG-UHFFFAOYSA-N,CN1CCN(C2=Nc3ccccc3Nc3ccc(OS(=O)(=O)C(F)(F)F)cc32)CC1,7.275724130399211,1,0.0,1999,1999,1999,IC50,B,1
DECRCHYWYMULIA-UHFFFAOYSA-N,OC1(c2ccc(Cl)cc2)CCN(Cc2coc3ccccc23)CC1,7.275724130399211,1,0.0,2007,2007,2007,Ki,B,1
AMDRAFDQLSKJMW-UHFFFAOYSA-N,FC(F)(F)c1cccc(N2CCN(CCCCNc3ccc4ccccc4n3)CC2)c1,7.275724130399211,1,0.0,2010,2010,2010,Ki,B,1
ZXZSMMMPXXEGFH-UHFFFAOYSA-N,O=C(CCCN1CCC(O)(c2cc3ccc2CCc2ccc(cc2)CC3)CC1)c1ccc(F)cc1,7.275724130399211,1,0.0,2010,2010,2010,Ki,B,1
YPEMPEGPBFGRNH-OAQYLSRUSA-N,CN(C)c1ccc(Cc2ccc3c4c2-c2c(ccc(O)c2O)C[C@H]4N(C)CC3)cc1,7.275724130399211,1,0.0,2013,2013,2013,Ki,B,1
PAAUBDWPMHOPRI-UHFFFAOYSA-N,Cc1cccc(N2CCN(CCCCNC(=O)c3ccc4ccccc4n3)CC2)c1,7.275724130399211,1,0.0,2014,2014,2014,Ki,B,1
WWLFCQLHCAEMAP-UHFFFAOYSA-N,CCCOc1ccc2c(c1OC)CN1CCc3cc(OC)c(O)cc3C1C2,7.275724130399211,1,0.0,2016,2016,2016,Ki,B,1
ORSIHAZQLFPIQY-UHFFFAOYSA-N,COc1ccccc1N1CCN(CC(O)CCNC(=O)c2ccc3cc(F)ccc3n2)CC1,7.274905478918531,1,0.0,2015,2015,2015,Ki,B,1
KKSPKLQCAGWNKZ-UHFFFAOYSA-N,Fc1ccc(C(OC2CC3CCC(C2)N3Cc2cc3ccccc3[nH]2)c2ccc(F)cc2)cc1,7.274088367704952,1,0.0,2001,2001,2001,Ki,B,1
URRGVMZADQFXDL-UHFFFAOYSA-N,Fc1ccc(CCCCN2CCN(c3cccnc3)CC2)cc1,7.268815977238738,2,0.001710826559570813,2021,2021,2021,Ki,B,1
GXOXNWXNCBKFTM-MEMLXQNLSA-N,c1ccc(N2CCN(CCC[C@H]3CC[C@H](Nc4ncccn4)CC3)CC2)cc1,7.267606240177031,1,0.0,1998,1998,1998,Ki,B,1
NLTDKVOJLVQOQL-UHFFFAOYSA-N,COc1cc2c(cc1O)C1Cc3ccc(OCC4CC4)c(OC)c3CN1CC2,7.267606240177031,1,0.0,2016,2016,2016,Ki,B,1
FBEPBNQZIQSTRT-UHFFFAOYSA-N,Cc1cccn2cc(-c3ccc(OCCCCN4CCN(c5cccc(Cl)c5Cl)CC4)cc3)nc12,7.26440110030182,1,0.0,2007,2007,2007,Ki,B,1
WLHOVCQZTZDBFS-UHFFFAOYSA-N,CN1CCN(c2cccc(Cl)c2Cl)CC1,7.262807357295262,1,0.0,2012,2012,2012,Ki,B,1
JNSGCKSGQOFGBY-KBQPQWKXSA-N,O=C(C[C@H]1CC[C@H](O)CC1)N[C@H]1CC[C@H](CCN2CCN(c3nccc4occc34)CC2)CC1,7.262807357295262,1,0.0,2013,2013,2013,Ki,B,1
PNZJHNPWNQIJPQ-LJQANCHMSA-N,CN1CCc2ccc(Cc3ccccc3)c3c2[C@H]1Cc1ccc(O)c(O)c1-3,7.259637310505756,1,0.0,2013,2013,2013,Ki,B,1
JZXUXPRHDPKHEU-UHFFFAOYSA-N,COc1cccc(N2CCN(CCCCNC(=O)c3ccccc3)CC2)n1,7.259637310505756,1,0.0,2014,2014,2014,Ki,B,1
AKTVMLWMKKIHMI-UHFFFAOYSA-N,CCOc1ccc(F)cc1C1CC1CN(CC)CCCSc1nnc(-c2ccccc2)n1C,7.259637310505756,1,0.0,2020,2020,2020,Ki,B,1
GLVQEUAFPSVVKQ-UHFFFAOYSA-N,COc1cc2c(cc1O)CN(Cc1ccccc1CNC(=O)c1ccc(Cl)cc1)CC2,7.259637310505756,1,0.0,2021,2021,2021,Ki,B,1
RVFWCLJRIRUOIQ-UHFFFAOYSA-N,O=C(NCCN(CCCN1CCN(c2ccccc2)CC1)C1CCc2ccc(O)cc2C1)c1ccccc1,7.2541448048262716,1,0.0,2002,2002,2002,Ki,B,1
SQLGEXQBAJPFNZ-XUTJKUGGSA-N,O=C(N[C@H]1CC[C@H](CCN2CCN(c3nccc4occc34)CC2)CC1)C1CCOCC1,7.2541448048262716,1,0.0,2013,2013,2013,Ki,B,1
RRBRCSSGXLKDPR-UHFFFAOYSA-N,OC(CCn1cc(-c2ccc(-c3ccccc3)cc2)nn1)CN1CCN(c2cccc(Cl)c2Cl)CC1,7.253365801062421,1,0.0,2015,2015,2015,Ki,B,1
BQPNZSMRHBTJNY-UHFFFAOYSA-N,CCCN(CCCCNC(=O)c1ccc2ccccc2c1)CC1CC1c1ccc(F)cc1,7.253365801062421,1,0.0,2020,2020,2020,Ki,B,1
RBUDKKJLRVBPDA-UHFFFAOYSA-N,Brc1ccc(N2CCN(Cc3ccccc3)CC2)c2cc[nH]c12,7.251811972993799,1,0.0,1998,1998,1998,Ki,B,1
FLHNFXPLCFJIDJ-MRXNPFEDSA-N,CCc1sccc1N1CCC[C@@H](c2cccc(C#N)c2)C1,7.251811972993799,1,0.0,1994,1994,1994,Ki,B,1
AZGSWFQAJQTIDP-UHFFFAOYSA-N,Cc1ccc(OCCNCCCSc2ccccc2)cc1,7.251811972993799,1,0.0,1997,1997,1997,Ki,B,1
GISUIIBROMOYGQ-UHFFFAOYSA-N,CCCN(CCC)C1CCc2c(ccc3ccoc23)C1,7.251811972993799,1,0.0,1997,1997,1997,Ki,B,1
XRQBUGNQFZLQGU-UHFFFAOYSA-O,Brc1ccc(-[n+]2cc[n+](Cc3ccccc3)cc2)c2cc[nH]c12,7.251811972993799,1,0.0,2013,2013,2013,Ki,B,1
DQMKFVKNNDMGTA-UHFFFAOYSA-N,CC(=O)OC1(c2ccc(Cl)cc2)CCN(CCCC(=O)c2ccc(F)cc2)CC1,7.251811972993799,1,0.0,2014,2014,2014,Ki,B,1
WLSSDELGXZDINE-UHFFFAOYSA-N,COc1ccccc1N1CCN(CCCCOc2ccn3nccc3c2)CC1,7.251811972993799,3,0.2586821989473143,2017,2017,2017,EC50;Ki,B;F,1
HXHZPLKJASKRCI-UHFFFAOYSA-N,CCOC(=O)c1cc2cc(OCCCCN3CCN(c4cccc(Cl)c4Cl)CC3)ccn2n1,7.250031916490597,3,0.8260215656201455,2014,2014,2014,EC50;Ki,B;F,1
OEUUCWVHNBAMPM-UHFFFAOYSA-N,Cc1ncoc1-c1nnc(SCCCN2CCOC(c3ccc(C(F)(F)F)cc3)C2)n1C,7.249804909908639,2,0.49522287770822554,2016,2020,2018,Ki,B,2
MKJHGVZTPBBKML-UHFFFAOYSA-N,Oc1nc2c(N3CCN(Cc4ccccc4)CC3)cccc2[nH]1,7.247951552180561,2,0.0,1998,2013,2005,Ki,B,2
QNRLJYNBTWBLJQ-UHFFFAOYSA-N,COc1ccc(OCCN2CCN(C(=O)c3cc4ccccc4[nH]3)CC2)c(Cl)c1,7.247560770294892,2,0.1975025225341872,2020,2023,2021,EC50,B,2
SMANXXCATUTDDT-QPJJXVBHSA-N,Fc1ccc(C(c2ccc(F)cc2)N2CCN(C/C=C/c3ccccc3)CC2)cc1,7.247357162927933,2,0.3311082617554635,,,,IC50;Ki,B,1
RIRRORJZVJGNAL-LJQANCHMSA-N,Oc1ccc(C2=CCN(C[C@@H]3CCC=C(c4ccccc4)C3)CC2)cc1,7.246416941107094,1,0.0,1995,1995,1995,Ki,B,1
JVTXPXRMOCVEDH-XYWHTSSQSA-N,O=C(N[C@H]1CC[C@H](CCN2CCN(c3nccc4c3CCO4)CC2)CC1)c1ccc(C(F)(F)F)cc1,7.2441251443275085,1,0.0,2013,2013,2013,Ki,B,1
VYQGDEGEWDOYTJ-UHFFFAOYSA-N,COc1ccccc1N1CCC2(CCN(CCCSc3nnc(C4CCCCC4)n3C)CC2)CC1,7.2441251443275085,1,0.0,2019,2019,2019,Ki,B,1
BGFGEEWUHSNXQC-UHFFFAOYSA-N,COc1cc2c(cc1O)CN(Cc1ccccc1CNC(=O)c1cccc(OC)c1OC)CC2,7.2441251443275085,1,0.0,2021,2021,2021,Ki,B,1
IBNWNWKMISLVQT-UHFFFAOYSA-N,COc1ccccc1N1CCN(CCCNC(=O)Nc2ccccc2-c2ccccc2)CC1,7.2441251443275085,1,0.0,2023,2023,2023,Ki,B,1
WTEJQFJEEYZWBK-UHFFFAOYSA-N,CC(C)c1nc(C2CC2)cc(N2CCN(CCCCNC(=O)N3CCc4[nH]c5ccccc5c4C3)CC2)n1,7.243363891754152,1,0.0,2017,2017,2017,Ki,B,1
LIXJRDNPUKACMR-UHFFFAOYSA-N,CC(C)(C)c1nc(C2CC2)cc(N2CCN(CCCCNC(=O)N3CCc4c([nH]c5ccccc45)C3)CC2)n1,7.243363891754152,1,0.0,2018,2018,2018,Ki,B,1
HAZPAMUWUHDPDA-UHFFFAOYSA-N,COc1ccc(OCCN2CCN(C(=O)c3cc4ccccc4[nH]3)CC2)cc1,7.242858976069812,16,1.1557302920378814,2020,2023,2020,EC50;Ki,B;F,2
MBWOKCNMOOTYJQ-UHFFFAOYSA-N,O=C(NCCCN1CCN(c2ccccc2C(F)(F)F)CC1)Oc1cccc2ccccc12,7.2380721615794705,1,0.0,2016,2016,2016,EC50,F,1
BLYMJBIZMIGWFK-HNNXBMFYSA-N,CCCN(CCC)[C@H]1CCc2ccc(O)cc2C1,7.236572006437063,1,0.0,1996,1996,1996,Ki,B,1
MHPQCGZBAVXCGA-GFCCVEGCSA-N,Oc1ccc2c(c1O)-c1cccc3c1[C@@H](C2)NCC3,7.230032198670558,1,0.0,2005,2005,2005,Ki,B,1
ODRXDASPVTXFDY-UHFFFAOYSA-N,Cn1c(SCCCN2CCOC(c3ccc(C(F)(F)F)cc3F)C2)nnc1-c1ccc(C(N)=O)cc1,7.2299948337041196,2,0.24043467441578673,2016,2020,2018,Ki,B,2
PKOUVYCYGDKEDL-YBFXNURJSA-N,C/C(=C\CN1CCN(c2cc(C(F)(F)F)nc(C(C)(C)C)n2)CC1)CN1C(=O)CCc2ccccc21,7.229884705212898,1,0.0,2006,2006,2006,Ki,B,1
QNDFBMWALLMDKL-SIKLNZKXSA-N,CC(C)Oc1ccccc1N1CC[C@H]2CN(CCCSc3nnc(-c4cnccn4)n3C)C[C@H]21,7.229884705212898,2,0.0,2019,2020,2019,Ki,B,2
XQQUULUGMJTWQN-JHYNZKOVSA-N,COCCC(=O)NC1CCC(CCN2C[C@@H]3CCN(c4ccc(C(F)(F)F)cc4)[C@@H]3C2)CC1,7.229884705212898,2,0.0,2019,2020,2019,Ki,B,2
GVYUEZFLXAHJAB-UHFFFAOYSA-N,Fc1ccc(-c2cccc(CN3CCN(c4ncccn4)CC3)c2)cc1,7.229147988357855,1,0.0,1998,1998,1998,IC50,B,1
BARYHSADJVEXIX-HXUWFJFHSA-N,N#Cc1cccc([C@@H]2CCCN(CCc3ccccc3)C2)c1,7.229147988357855,1,0.0,1994,1994,1994,Ki,B,1
WCWNYVYNQAPOOX-OAHLLOKOSA-N,C[C@H](CN1CCN(c2cc(F)c(F)cc2F)CC1)N1C(=O)CC2(CCCC2)CC1=O,7.229147988357855,1,0.0,2003,2003,2003,Ki,B,1
YPOPWNSAWBPGOR-UHFFFAOYSA-N,CCOc1ccccc1N1CCN(Cc2cccc3ccccc23)CC1,7.229147988357855,1,0.0,2013,2013,2013,Ki,B,1
YXMNLDHKEGETAO-UHFFFAOYSA-N,COc1ccc2[nH]c(C(=O)N3CCN(CCOc4cccnc4)CC3)cc2c1,7.229147988357855,3,0.0,2020,2023,2023,EC50,B,2
FBCSWIXKXHSYBN-LSQWYULJSA-N,[2H]c1c([2H])c([2H])c([C@@H]2C[C@@H](N3CCNC(C)(C)C3)c3cc(Cl)ccc32)c([2H])c1[2H],7.229147988357855,1,0.0,2022,2022,2022,Ki,B,1
IHNAEAHWHZVEJK-WGSAOQKQSA-N,CC(C)(C)C(=O)N[C@H]1CC[C@H](CCN2CCN(c3nccc4c3CCO4)CC2)CC1,7.22767829327708,1,0.0,2013,2013,2013,Ki,B,1
IMPOGCXTOZKPHA-UHFFFAOYSA-N,COc1ccccc1N1CCC2(CCN(CCCCSc3nnc(-c4ccccc4)n3C)CC2)CC1,7.22767829327708,1,0.0,2019,2019,2019,Ki,B,1
AFTMDSQMJPSVNL-UHFFFAOYSA-N,O=[N+]([O-])c1cccc(-c2cc(CCCCN3CCN(c4ccccc4)CC3)on2)c1,7.221848749616356,1,0.0,2002,2002,2002,Ki,B,1
MUVLUHKHFQKISJ-UHFFFAOYSA-N,CCCN(CCC)CC1CCc2ccsc2C1,7.221848749616356,1,0.0,2002,2002,2002,Ki,B,1
XPBGNLUNAORHQZ-UHFFFAOYSA-N,COc1ccc2c3c(c(=O)oc2c1)CN(Cc1ccccc1)CC3,7.221848749616356,2,0.0,1997,2021,2009,Ki,B,2
JCVCZONIULCFAT-UHFFFAOYSA-N,Cc1ccn2cc(-c3ccc(OCCCCN4CCN(c5cccc(Cl)c5Cl)CC4)cc3)nc2c1,7.221848749616356,1,0.0,2007,2007,2007,Ki,B,1
BKMRLPDOTVKGIM-UHFFFAOYSA-N,CN1CN(c2ccccc2)C2(CCN(Cc3csc4ccccc34)CC2)C1=O,7.221125527997261,1,0.0,2010,2010,2010,Ki,B,1
BEXZDWKMMJPZCQ-INIZCTEOSA-N,CCCN(CCC)[C@H]1CCn2c(C=C(C#N)C#N)ccc2C1,7.219970872662662,1,0.0,2005,2005,2005,Ki,B,1
XTRDYFXHAKBBSQ-UHFFFAOYSA-N,O=C1CCc2ccccc2N1CCCN1CCN(c2ccccc2Cl)CC1,7.219970872662662,1,0.0,2022,2022,2022,Ki,B,1
LDXAOQSIBXRCIN-UHFFFAOYSA-N,N/C(=N\C(=O)NCCCCCCNC(=O)/N=C(\N)NCCCc1nnc(N)s1)NCCCc1nnc(N)s1,7.219970872662662,3,2.17150790741173,2021,2021,2021,EC50;Kd;Ki,B;F,1
WRPJRNBABVMDIF-PXNSSMCTSA-N,Cc1ncoc1-c1nnc(SCCCN2CC[C@H]3CCN(c4ccc(C(F)(F)F)cc4)[C@H]3C2)n1C,7.219682687859849,2,0.0,2019,2020,2019,Ki,B,2
HTIHIBRTTCYUMB-UHFFFAOYSA-N,COc1cc2c(cc1O)CN(CCCCNC(=O)c1ccc(O)cc1)CC2,7.2186157284917405,2,1.1905769274012126,2018,2018,2018,EC50;Ki,B;F,1
WCTUBAYTZGGHLK-UHFFFAOYSA-N,Fc1ccc(CCCCN2CCN(c3cccc(-c4ccccc4)n3)CC2)cc1,7.218271323596465,2,0.02588107387386328,2021,2021,2021,Ki,B,1
NYYVPFBZAVQNMH-UHFFFAOYSA-N,O=C(c1cc2ccccc2[nH]1)N1CCN(CCOc2ccc3[nH]ccc3c2)CC1,7.215382707367125,2,0.0,2020,2023,2021,EC50,B,2
BCUKGZFJMQMVDC-UHFFFAOYSA-N,O=C(c1cc2ccccc2[nH]1)N1CCN(CCOc2ccc3cc[nH]c3c2)CC1,7.215382707367125,1,0.0,2023,2023,2023,EC50,B,1
ASMVKSNPCVNVFO-UHFFFAOYSA-N,CCCN1CCC2c3cccc(OS(=O)(=O)C(F)(F)F)c3CCC21,7.214670164989233,1,0.0,1994,1994,1994,Ki,B,1
ZUGNJYHFOIGGOO-UHFFFAOYSA-N,COc1cc(CN2CCN(c3ccccc3OC)CC2)ccc1OCCCc1cn(CCOCCOCCn2cc(CCCOc3ccc(CN4CCN(c5ccccc5OC)CC4)cc3OC)nn2)nn1,7.214670164989233,1,0.0,2011,2011,2011,Ki,B,1
QOYFIOFBKVQOQW-UHFFFAOYSA-N,O=C(NCCCCN1CCN(c2ccccc2)CC1)c1ccc2ccccc2n1,7.214670164989233,1,0.0,2014,2014,2014,Ki,B,1
RUGZUJWEVYDLKD-UHFFFAOYSA-N,COc1ccccc1N1CCN(CCCNC(=O)NN(Cc2ccccc2)c2ccc(Cl)cc2Cl)CC1,7.214670164989233,1,0.0,2019,2019,2019,Ki,B,1
SMQKBIDCSTXPMN-FQEVSTJZSA-N,CCc1cc(Cl)c(OC)c(C(=O)NC[C@@H]2CCCN2CCCCNC(=O)c2cc3ccccc3[nH]2)c1O,7.213958789757446,1,0.0,2021,2021,2021,Ki,B,1
GOESYBVAFIXBFO-UHFFFAOYSA-N,COc1ccccc1N1CCC2(CCN(CCCCNC(=O)c3ccc(N(C)C)cc3)CC2)CC1,7.211124884224583,1,0.0,2019,2019,2019,Ki,B,1
UWXLBLFCZDJRKI-CNNODRBYSA-N,CN(CC[C@@H]1CC[C@H](CNC(=O)c2cc3ccccc3[nH]2)C1)[C@@H]1Cc2cccc3[nH]c(=O)n(c23)C1,7.208854658640503,2,0.7086775906124099,2021,2021,2021,Ki,B,1
LQTJOPPTSIYEES-SANMLTNESA-N,CC(C)Oc1ccccc1N1CCN(C[C@@H](O)CNC(=O)c2ccc3c(c2)C(=O)N(c2ccc(N(C)C)cc2)C3=O)CC1,7.207608310501746,1,0.0,2000,2000,2000,Ki,B,1
JKFIWLJVMRKLFE-UHFFFAOYSA-N,Clc1ccc(N2CCN(Cc3cccs3)CC2)cc1Cl,7.207608310501746,1,0.0,2013,2013,2013,Ki,B,1
OJEDMBNNWQTAKQ-UHFFFAOYSA-N,O=C(NCCCCN1CCN(c2ccccc2)CC1)c1cccnc1,7.207608310501746,1,0.0,2014,2014,2014,Ki,B,1
PGSGTPNUOJTSEM-DEOSSOPVSA-N,COc1cc(CCNC[C@H](O)c2ccc(O)c(O)c2)ccc1OCCCc1ccccc1,7.207608310501746,1,0.0,2016,2016,2016,Ki,B,1
SGUZNMAAJVIZHU-UHFFFAOYSA-N,OC1(c2ccc(Cl)c(C(F)(F)F)c2)CCN(CCCC(c2ccccc2)c2ccccc2)CC1,7.207608310501746,1,0.0,2018,2018,2018,Ki,B,1
CUZBNCPQNUFDMK-UHFFFAOYSA-N,COc1ccccc1N1CCN(CCCNC(=O)NCc2cccc(F)c2-c2ccccc2)CC1,7.207608310501746,1,0.0,2023,2023,2023,Ki,B,1
AUOJYDWOWNCBRK-UHFFFAOYSA-N,O=C(NCCCCN1CCN(c2ccc3ccccc3n2)CC1)C1CCC(c2ccccc2)CC1,7.207608310501746,2,0.0,2017,2018,2017,Ki,B,2
GLWWYTMRHNLGIT-UHFFFAOYSA-N,CCCOc1ccccc1N1CCN(CC(O)CCNC(=O)c2cc3ccccc3[nH]2)CC1,7.20690839982342,4,0.48975530580419374,2009,2014,2011,IC50;Ki,B;F,2
BAINIUMDFURPJM-UHFFFAOYSA-N,O=c1[nH]c2ccccc2n1CCCN1CCN(C(c2ccccc2)c2ccccc2)CC1,7.202732459169283,1,0.0,2003,2003,2003,Ki,B,1
GKTQBPYMIGXPKG-JVVVGQRLSA-N,Cn1c(=O)cnn(CCCCN2CCN(c3cccc4ccc(O[11CH3])cc34)CC2)c1=O,7.202040356262804,1,0.0,2006,2006,2006,Ki,B,1
CVFSBPUUIKGUIL-UHFFFAOYSA-N,COc1ccccc1-c1nnc(SCCCN2CCC3(CC2)CCN(c2ccccc2OC)CC3)n1C,7.200659450546418,1,0.0,2019,2019,2019,Ki,B,1
WMVHTQXTTPNPRU-UHFFFAOYSA-N,O=C(c1cc2cnccc2[nH]1)N1CCN(CCOc2cccnc2)CC1,7.200659450546418,3,0.0,2020,2023,2023,EC50,B,2
YTGXGXKZORFSRT-UHFFFAOYSA-N,CCCCN1CCN(c2cccc(CC)c2Cl)CC1,7.200659450546418,3,1.6466667897484166,2016,2016,2016,EC50;IC50;Ki,B,1
JLKITJMRRRZCIH-UILWBTOOSA-N,N#Cc1ccc2c(c1)CN(CC[C@H]1CC[C@H](NC(=O)c3ccnc4ccccc34)CC1)C2,7.199970640755866,1,0.0,2001,2001,2001,Ki,B,1
ISTZGGNVALEGHJ-CILPGNKCSA-N,CCCN(CCC)[C@@H]1CCc2c(ccc(C(O)Cc3ccccc3)c2OC)C1,7.199970640755866,1,0.0,1996,1996,1996,Ki,B,1
IZVVXKITHMHHRG-UHFFFAOYSA-N,CCS(=O)(=O)c1ccc(OC)c(-c2ccc(CN3CCCC3)[nH]2)c1,7.199970640755866,1,0.0,1996,1996,1996,Ki,B,1
SEMJDPGTUJSAEG-SJLPKXTDSA-N,c1c2c(cc3c1CC[C@@H]1[C@@H]3OCCN1CC1CC1)OCC2,7.199970640755866,1,0.0,1997,1997,1997,Ki,B,1
HTADTAUIMFMPFI-UHFFFAOYSA-N,Cc1ccc2c(-c3nnc(SCCCN4CCc5ccc6oc(C)nc6c5CC4)n3C)cccc2n1,7.199970640755866,3,0.0,2008,2009,2009,Ki,B;F,3
ZWHFNBRLUSRMFB-UHFFFAOYSA-N,Cc1ncoc1-c1nnc(SCCCN2CCc3cc4c(cc3CC2)N(C)C(=O)CO4)n1C,7.199970640755866,1,0.0,2008,2008,2008,Ki,F,1
XQYFTHHWGHOOSS-UHFFFAOYSA-N,Cc1ccc2c(-c3nnc(SCCCN4CCc5cc6nc(C)oc6cc5CC4)n3C)cccc2n1,7.199970640755866,3,0.0,2008,2010,2009,Ki,F,3
RKDBVDKLNHXCIZ-UHFFFAOYSA-N,Cc1ccc2c(-c3nnc(SCCCCN4CCc5cc6nc(C(F)(F)F)oc6c(C)c5CC4)n3C)cccc2n1,7.199970640755866,1,0.0,2008,2008,2008,Ki,F,1
RXPBJKRWQYAHSE-UHFFFAOYSA-N,O=C1N(CCN2Cc3ccccc3C2)CCN1c1ccc2sccc2c1,7.199970640755866,1,0.0,2009,2009,2009,Ki,F,1
UDOMQVLKUAMGED-UHFFFAOYSA-N,Cc1ccc(N2CCN(CCN3Cc4ccccc4C3)C2=O)cn1,7.199970640755866,1,0.0,2009,2009,2009,Ki,F,1
UWMNNXYMOFTXGP-UHFFFAOYSA-N,CC1=NC2C=C3CCN(CCCSc4nnc(-c5cccc6nc(C)ccc56)n4C)CCC3=CC2O1,7.199970640755866,1,0.0,2009,2009,2009,Ki,B,1
NBYFBVZSSQUNTB-UHFFFAOYSA-N,O=C1N(CCN2CCCCCC2)CCN1c1ccccc1,7.199970640755866,1,0.0,2010,2010,2010,Ki,F,1
YDSZXMRCXLHXST-UHFFFAOYSA-N,Fc1ccc(C(OC2CC3CCC(C2)N3Cc2ccccc2)c2ccc(F)cc2)cc1,7.198596289982645,1,0.0,2001,2001,2001,Ki,B,1
CWYDVWDIVIJIOS-UHFFFAOYSA-N,O=C(CCCCN1CCC(n2c(=O)[nH]c3cc(Cl)ccc32)CC1)c1nc2ccccc2s1,7.196895333385989,2,0.004349141390945422,2016,2016,2016,Ki,B,1
ALPMTMYCYHOFLH-TZIWHRDSSA-N,O=C(NCCCCN1CCO[C@@H]2c3ccccc3OC[C@H]21)C1CCCCC1,7.195179321278838,1,0.0,2021,2021,2021,Ki,B,1
LFQZHAKGDXWDRR-ONEGZZNKSA-N,O=C(NC/C=C/CN1CCN(c2cccc(Cl)c2Cl)CC1)c1cccc2c1-c1ccccc1C2,7.1938200260161125,3,0.6008101878560884,2005,2005,2005,IC50;Ki,B;F,1
HYNOMSZTPOUFRQ-QRTARXTBSA-N,O=c1[nH]c2c(O)ccc([C@@H](O)CN[C@H]3CCC[C@H]3C3CCCCC3)c2s1,7.1938200260161125,1,0.0,2014,2014,2014,Ki,B,1
KQJHXQUMRFPEBH-UHFFFAOYSA-N,COc1ccccc1N1CCN(CCCCCNC(=O)c2cnn3ccccc23)CC1,7.191894619805137,2,0.0027229355766395414,2002,2007,2004,Ki,B,2
ZIVBQUNYSGOUKO-UHFFFAOYSA-N,COc1c(C(=O)NCCN2CCN(c3ccccc3C)CC2)cc(Br)c2ccccc12,7.190213352606998,2,0.013798889232110617,1996,1997,1996,Ki,B,2
WZYFZOQYIYKUJN-UHFFFAOYSA-N,COc1ccc(F)cc1C1CC1CN(CCCSc1nnc(-c2ccccc2)n1C)CC1CC1,7.189767482004916,1,0.0,2020,2020,2020,Ki,B,1
BVBIAGFWBHXIBM-QGZVFWFLSA-N,CCCN1CCc2cc(OCCF)cc3c2[C@H]1Cc1ccc(O)c(O)c1-3,7.189411859112482,2,2.1663411816871876,2011,2011,2011,Ki,B,1
BVXJKDHFRHNSRI-LJQANCHMSA-N,C[C@H](CCN1CCN(c2cc(C(F)(F)F)nc(C(C)(C)C)n2)CC1)CN1C(=O)CCc2ccccc21,7.187755303199631,1,0.0,2006,2006,2006,Ki,B,1
HKAWCIGAEVMZGN-SFHVURJKSA-N,COc1ccc(Br)cc1-c1nc(CNC[C@@H]2CCN(Cc3ccccc3)C2)co1,7.187086643357144,1,0.0,2000,2000,2000,Ki,B,1
RZLZELGICQMPFL-UHFFFAOYSA-N,CCCCOc1ccc2c(c1OC)CN1CCc3cc(OC)c(O)cc3C1C2,7.187086643357144,1,0.0,2016,2016,2016,Ki,B,1
BFIOLCNMADQXRL-XUTJKUGGSA-N,CC(C)(C)C(=O)N[C@H]1CC[C@H](CCN2CCC(c3cccc4c3CCO4)CC2)CC1,7.186419011431808,2,0.0,2014,2014,2014,Ki,B,1
IWZNOFWARONDLD-UHFFFAOYSA-N,Fc1ccc(C(SCCNCCCc2ccccc2)c2ccc(F)cc2)cc1,7.18111458540599,1,0.0,2016,2016,2016,Ki,B,1
QXXSJVZBKIQIJR-UHFFFAOYSA-N,O=C(NCN1CCN(c2ccccc2Cl)CC1)c1ccc(Cl)cc1,7.180456064458131,1,0.0,1997,1997,1997,Ki,B,1
PBBGIYKMAVNTAL-UHFFFAOYSA-N,CN(C)CCc1cccc2c1cc(C(=O)c1ccccc1)n2S(=O)(=O)c1ccccc1,7.180456064458131,1,0.0,2001,2001,2001,Ki,B,1
TWQROZICHMTHNN-UHFFFAOYSA-N,O=C1c2ccccc2S(=O)(=O)N1CCCCN1CCN(c2ccccc2)CC1,7.180456064458131,2,0.0,2007,2021,2014,Ki,B,2
QNWQLJBICCQPMP-UHFFFAOYSA-N,Clc1cccc(N2CCN(CCCCOc3ccn4nccc4c3)CC2)c1Cl,7.180456064458131,3,0.562729544909845,2014,2014,2014,EC50;Ki,B;F,1
FJIQRQMSPDCJJA-QHCPKHFHSA-N,CCCCCCOc1cc2c(cc1O)[C@@H]1Cc3ccc(O)c(OCCOCC)c3CN1CC2,7.180456064458131,3,0.22125239923452775,2023,2023,2023,IC50;Ki,B;F,1
JIURLJSKBKCSMU-UHFFFAOYSA-N,COc1ccc(NC(=O)NCCCN2CCN(c3ccccc3OC)CC2)cc1-c1ccc(F)cc1,7.180456064458131,1,0.0,2023,2023,2023,Ki,B,1
YEUKYYRBGVTVHI-UHFFFAOYSA-N,Cc1ccc(OCCCNCCOc2ccccc2)cc1,7.180225878824906,2,0.00032553164436955825,1997,2005,2001,Ki,B,2
GJUWVTJJMMQPAO-UHFFFAOYSA-N,O=C1Cc2cc(C(=O)CCCN3CCc4ccccc4C3)ccc2N1,7.180225878824906,2,0.00032553164436955825,2016,2016,2016,Ki,B,1
RTQVMPUWTJFEJK-UHFFFAOYSA-N,COCOc1ccccc1OCCNCC1COCC(c2ccccc2)(c2ccccc2)O1,7.179995693191682,1,0.0,2017,2017,2017,Ki,A,1
JGUXYQFTEZNNTK-LSNLESRRSA-N,O=C(N[C@H]1CC[C@H](CCN2CCC(c3cccc4c3CCO4)CC2)CC1)c1ccc(C(F)(F)F)cc1,7.17979854051436,2,0.0,2014,2014,2014,Ki,B,1
ZEDJJTNDYYFYOC-UHFFFAOYSA-N,CC(C)(C)c1nc(N2CCN(CCCCNC(=O)N3CCN(CC=Cc4ccccc4)CC3)CC2)cc(C(F)(F)F)n1,7.175223537524454,2,0.0,2017,2018,2017,Ki,B,2
JNAGEIMWCSOQKU-UHFFFAOYSA-N,C=CCN1CCC2c3cccc(OS(=O)(=O)C(F)(F)F)c3CCC21,7.173925197299173,1,0.0,1994,1994,1994,Ki,B,1
TZZKWSLLNPOOCC-UHFFFAOYSA-N,CN(CCC=C1c2ccccc2CCc2ccccc21)Cc1ccc(OCCCN2CCCCC2)cc1,7.173925197299173,1,0.0,2009,2009,2009,Ki,B,1
XQWCSGWUJUEAQM-UHFFFAOYSA-N,c1ccc(CNCCOc2cccc3[nH]cnc23)cc1,7.172630726946174,1,0.0,1999,1999,1999,Ki,B,1
UTUCAVNEOKJWJU-UHFFFAOYSA-N,Fc1ccccc1N1CCN(Cc2cnn(-c3ccccc3)c2)CC1,7.171957130681528,2,0.0027832665023278264,2006,2007,2006,Ki,B,2
IITURQZUYHBHDS-UHFFFAOYSA-N,COc1ccccc1N1CCN(CCCCNC(=O)c2nnn(Cc3ccccc3)c2C)CC1,7.169989064063882,1,0.0,2007,2007,2007,Ki,B,1
WRIZBYRNLDZPMG-UHFFFAOYSA-N,COc1ccccc1N1CCN(CCCCNC(=O)Oc2ccc(-c3cccc(C(N)=O)c3)cc2)CC1,7.169989064063882,3,1.3217065251146518,2017,2017,2017,EC50,F,1
DHSSDEDRBUKTQY-UHFFFAOYSA-N,C=CCN1CCc2nc(N)sc2CC1,7.169989064063882,1,0.0,2019,2019,2019,Ki,B,1
XQOLXGFKFIWXQP-UHFFFAOYSA-N,N/C(=N\C(=O)NCc1ccccc1)NCCCc1cnc(N)s1,7.169989064063882,3,1.9852518734018623,2021,2021,2021,EC50;Kd;Ki,B;F,1
BGRJTUBHPOOWDU-UHFFFAOYSA-N,CCN1CCCC1CNC(=O)c1cc(S(N)(=O)=O)ccc1OC,7.169766388104875,8,0.5301218667990958,2003,2023,2011,IC50;Kd;Ki,B;F,6
VHLUWRVNDLKEND-UHFFFAOYSA-N,CCCN(CCCCN1CCN(c2ccccc2OC)CC1)Cc1csc2ccccc12,7.168130225719498,1,0.0,2011,2011,2011,Ki,B,1
VUEGBGWRCATKQZ-CYBMUJFWSA-N,CCCN1CCC[C@@H](c2cccc(OS(=O)(=O)C(F)(F)F)c2)C1,7.167491087293763,2,0.0,1993,1994,1993,Ki,B,2
IDICUFRCUIOPKM-UHFFFAOYSA-N,O=C(NCCN1CCN(c2cccc(Cl)c2Cl)CC1)c1cccc(C#Cc2ccccc2)c1,7.167491087293763,1,0.0,2007,2007,2007,Ki,B,1
WRSUPAJSUHYUKP-UHFFFAOYSA-N,Fc1ccc(SCCCN2CCN(c3ncccn3)CC2)cc1,7.167491087293763,2,0.0,2012,2014,2013,Ki,B,2
LIWZXUWAEHOPHY-MXVIHJGJSA-N,COC(CCC(=O)N[C@H]1CC[C@H](CCN2CCN(c3nccc4c3CCO4)CC2)CC1)OC,7.167491087293763,1,0.0,2013,2013,2013,Ki,B,1
LLNWCPKEPUSMNT-UHFFFAOYSA-N,CN1CCN(c2ccc3c(c2)N(S(=O)(=O)c2ccccc2)CC3)CC1,7.167491087293763,1,0.0,2016,2016,2016,Ki,B,1
YISHJHUTBSLTCO-UHFFFAOYSA-N,COc1ccc2[nH]cc(CN3CCC(n4c(=O)[nH]c5ccccc54)CC3)c2c1,7.166215625343521,1,0.0,2010,2010,2010,Ki,B,1
JREWRGYSZHHIJM-UHFFFAOYSA-N,COc1ccccc1N1CCN(CC(O)CCn2cc(-c3ccc4ncccc4c3)nn2)CC1,7.166215625343521,1,0.0,2015,2015,2015,Ki,B,1
WUKHFCSRRUQMMT-HKOYGPOVSA-N,COc1ccccc1N1CCN(CCCCOc2ccn3nc(/C=N/O)cc3c2)CC1,7.160019442321657,3,0.7721463238115651,2017,2017,2017,EC50;Ki,B;F,1
ADDORVGWJJXKFK-AFARHQOCSA-N,Cc1cnc(N2CCN(CC[C@H]3CC[C@H](NC(=O)CC4CCOCC4)CC3)CC2)c2c1OCC2,7.158640529545145,1,0.0,2013,2013,2013,Ki,B,1
OAIALYFMHHTONS-HCGLCNNCSA-N,CC(C)(C)Oc1ccc(C(=O)N[C@H]2CC[C@H](CCN3CCN(c4nccc5c4CCO5)CC3)CC2)cc1,7.158015195409886,1,0.0,2013,2013,2013,Ki,B,1
CHORKXOAHORPHG-UHFFFAOYSA-N,COc1ccc2ncc(C(=O)NCCC(O)CN3CCN(c4ccccc4OC)CC3)cc2c1,7.1555228242543185,1,0.0,2015,2015,2015,Ki,B,1
KEOJOHYWCQCCER-UHFFFAOYSA-N,COc1ccccc1N1CCN(CCCCNC(=O)c2ccc(-c3cn(Cc4ccc(-c5ccc(Cn6cc(-c7ccc(C(=O)NCCCCN8CCN(c9ccccc9OC)CC8)cc7)nn6)cc5)cc4)nn3)cc2)CC1,7.154901959985743,1,0.0,2009,2009,2009,Ki,B,1
ANCQWHLMXBDLTA-UHFFFAOYSA-N,O=C(NCCCN1CCN(c2cccc(Cl)c2Cl)CC1)Oc1ccc(-c2ccccc2)cc1,7.154901959985743,3,0.35628313412876106,2017,2017,2017,EC50,F,1
XSRFHBAHNKMQSR-UHFFFAOYSA-N,COc1ccccc1N1CCN(CCCNC(=O)Nc2ccccc2-c2ccc(C(C)(C)C)cc2)CC1,7.154901959985743,1,0.0,2023,2023,2023,Ki,B,1
LVAZPFMWSRDRRK-LBPRGKRZSA-N,CCCN(CCC)[C@H]1CCn2nccc2C1,7.152697400533215,12,1.0237765953185431,2005,2011,2011,EC50;Ki,B,2
FPUAKJDDMRFFBU-UHFFFAOYSA-N,Cc1ccccc1N1CCN(C(=O)NCCCCN2CCN(c3cc(C(F)(F)F)nc(C(C)(C)C)n3)CC2)CC1,7.151195298948196,2,0.0,2017,2018,2017,Ki,B,2
MJJALKDDGIKVBE-UHFFFAOYSA-N,CC(C)(C)c1ccc(C(=O)CCCN2CCC(OC(c3ccccc3)c3ccccc3)CC2)cc1,7.149558186703441,2,0.3316214295762703,,,,IC50;Ki,B,1
NTRYGIZSQHIHMD-UHFFFAOYSA-N,COc1ccccc1N1CCN(CCCOc2ccc(-c3cn4ccc(C)cc4n3)cc2)CC1,7.1487416512809245,1,0.0,2007,2007,2007,Ki,B,1
HUKSBDBJOJSVHS-UHFFFAOYSA-N,CCCN(CCCCN1CCN(c2ccccc2OC)CC1)Cc1ccc2c(c1)Cc1ccccc1-2,7.145693958198919,1,0.0,2011,2011,2011,Ki,B,1
PNCPYILNMDWPEY-QGZVFWFLSA-N,C[C@H](Cc1cc2c(c(C(N)=O)c1)N(CCCO)CC2)NCCOc1ccccc1OCC(F)(F)F,7.145390361904205,1,0.0,2024,2024,2024,Ki,B,1
KLQDZSYTMPJBBU-UTKZUKDTSA-N,Cc1ncoc1-c1nnc(SCCN2CC[C@]3(C[C@@H]3c3ccc(C(F)(F)F)cc3)C2)n1C,7.145011171358348,2,0.1767972621225851,2016,2016,2016,Ki,B;F,1
MNVXJRRRFDLIDB-UHFFFAOYSA-N,COc1ccc(-c2cccc(CN3CCN(c4ncccn4)CC3)c2)cc1,7.142667503568731,1,0.0,1998,1998,1998,IC50,B,1
XPOOQWFDTCQYTN-UHFFFAOYSA-N,COc1cc(CN2CCN(c3ccccc3OC)CC2)ccc1OCCCc1cn(CCOCCOCCOCCn2cc(CCCOc3ccc(CN4CCN(c5ccccc5OC)CC4)cc3OC)nn2)nn1,7.142667503568731,1,0.0,2011,2011,2011,Ki,B,1
NMALCZJKSYZTRE-UHFFFAOYSA-N,O=C(CCCN1CCc2ccccc2C1)c1ccc(F)cc1,7.142667503568731,1,0.0,2016,2016,2016,Ki,B,1
XEMCNPZNSNBIMI-UHFFFAOYSA-N,CCN1CCN(c2cccc3c2CCN3S(=O)(=O)c2ccccc2)CC1,7.142667503568731,1,0.0,2016,2016,2016,Ki,B,1
CDTGPXQJMIHKOA-TZIWHRDSSA-N,O=C(NCCCCN1CCO[C@@H]2c3ccccc3OC[C@H]21)c1ccccc1,7.142667503568731,1,0.0,2021,2021,2021,Ki,B,1
BVXSVALQOFIYSP-UHFFFAOYSA-N,COc1ccccc1N1CCN(Cc2cnn(-c3ccccn3)c2)CC1,7.141344530963355,2,0.0018709658011705794,2006,2007,2006,Ki,B,2
QTJSAQYKJMJAHN-FCMXBYMOSA-N,O=C(N[C@H]1CC[C@H](CCN2CCC(c3cccc4c3CCO4)CC2)CC1)c1ccc(N2CCCCC2)cc1,7.139661993429006,2,0.0,2014,2014,2014,Ki,B,1
OYZKUGKMWYXUJF-UHFFFAOYSA-N,Clc1cccc(C(OC2CC3CCC(C2)N3CCCc2ccccc2)c2ccccc2)c1,7.138465589140962,1,0.0,2001,2001,2001,Ki,B,1
XZKJWFNUAUOHAC-AQYVVDRMSA-N,Cc1cnc(N2CCN(CC[C@H]3CC[C@H](NC(=O)C4CCOCC4)CC3)CC2)c2ccoc12,7.138465589140962,1,0.0,2013,2013,2013,Ki,B,1
KXVOVPCKFATOKG-UHFFFAOYSA-N,Cc1ccc(OCCNCCCOc2ccccc2)cc1C,7.138349349118762,2,0.0023648609852271615,1997,2005,2001,Ki,B,2
ZFDWAPWETDMDSZ-UHFFFAOYSA-N,COc1ccccc1N1CCN(CCn2c(=O)[nH]c3ccccc3c2=O)CC1,7.136677139879544,1,0.0,1998,1998,1998,Ki,B,1
DRDXZCGSMVSSLQ-UHFFFAOYSA-N,Cc1ccc(C)c(C(=O)CCCN2CCC(O)(c3ccc(Cl)cc3)CC2)c1,7.136677139879544,1,0.0,2010,2010,2010,Ki,B,1
OXZWTDWFMODERJ-SFHVURJKSA-N,CCCCc1cccc(CCNC[C@H](O)c2ccc(O)c3[nH]c(=O)sc23)c1,7.136677139879544,1,0.0,2014,2014,2014,Ki,B,1
CLTAQMJYOUARDB-HSZRJFAPSA-N,O=C(NCCCCN1CCN(c2ccccc2)CC1)[C@H]1CCc2ccccc2N1,7.136677139879544,1,0.0,2014,2014,2014,Ki,B,1
IQJMNZLVYKGIIF-UHFFFAOYSA-N,Cc1cccc(N2CCN(CCCCNC(=O)c3ccccc3)CC2)n1,7.136677139879544,1,0.0,2014,2014,2014,Ki,B,1
KOFBMNJKMVTHSV-UHFFFAOYSA-N,CCN1CCN(c2cccc3c2CN(S(=O)(=O)c2ccccc2)C3)CC1,7.136677139879544,1,0.0,2016,2016,2016,Ki,B,1
IEFITNQZMCGBTG-UHFFFAOYSA-N,COc1ccccc1N1CCN(CCCNC(=O)NCc2c(F)cccc2-c2ccccc2)CC1,7.136677139879544,1,0.0,2023,2023,2023,Ki,B,1
QURAQIGQNZYJHP-UHFFFAOYSA-N,Oc1cccc(CCN(CCc2ccccc2)CC2CC2)c1,7.133417423289153,2,0.5073161714176482,2012,2012,2012,EC50;Ki,B;F,1
NJUHOBFYJCKTIZ-UHFFFAOYSA-N,CC(C)(C)c1nc(N2CCN(CCCCNC(=O)N3CCN(C4CC4)CC3Cc3ccccc3)CC2)cc(C(F)(F)F)n1,7.131943638176958,2,0.0,2017,2018,2017,Ki,B,2
KGEGCSUUIDNIBO-UHFFFAOYSA-N,COc1cc(CN2CCN(c3ccccc3OC)CC2)ccc1OCCCCc1cn(CCCCCCCCCCn2cc(CCCCOc3ccc(CN4CCN(c5ccccc5OC)CC4)cc3OC)nn2)nn1,7.130768280269024,1,0.0,2011,2011,2011,Ki,B,1
XPEWLIYLRNDQAK-UHFFFAOYSA-N,Cc1ncoc1-c1nnc(SCCCCN2CCC3CCN(c4ccc(C(F)(F)F)cc4)C3C2)n1C,7.130181792020672,2,0.0,2019,2020,2019,Ki,B,2
NHDFEXRNVMOWCZ-UHFFFAOYSA-N,COc1ccccc1N1CCN(CCCC(=O)Nc2ccn3ncc(C=O)c3c2)CC1,7.128637434347651,2,0.03714364836668621,2017,2017,2017,EC50;Ki,B;F,1
TYQWGVAKEMWBPU-UHFFFAOYSA-N,CCc1cc(Cl)c(OC)c(N2CCN(CCCCc3cn(CCC(C(=O)N(C)C)(c4ccccc4)c4ccccc4)nn3)CC2)c1,7.127261172527331,1,0.0,2023,2023,2023,Ki,B,1
PWCSMJIRMONKML-UHFFFAOYSA-N,COc1ccc2[nH]c3c(c2c1)CN(C(=O)NCCCCN1CCN(c2cc(C(C)(C)C)nc(C)n2)CC1)CC3,7.125518182300533,2,0.0,2017,2018,2017,Ki,B,2
QTIAXUAWMLBIGP-NSHDSACASA-N,Cc1nc(N)sc1CCCN/C(N)=N/C(=O)N[C@@H](C)c1ccccc1,7.124971185655957,2,0.6858615003963737,2021,2021,2021,EC50;Ki,B;F,1
PUTIADDALKYHRM-UHFFFAOYSA-N,COc1ccc(Br)cc1-c1nc(CNCCC2CCN(Cc3ccccc3)C2)co1,7.1249387366083,1,0.0,2000,2000,2000,Ki,B,1
GDFOAQPKYDGSPR-UHFFFAOYSA-N,COc1ccccc1N1CCC2(CCN(CCCSc3nnc(-c4ccccc4)n3N)CC2)CC1,7.1249387366083,1,0.0,2019,2019,2019,Ki,B,1
MFRGANBNUOPMSD-UHFFFAOYSA-N,COc1cccc(-c2ccccc2CNC(=O)NCCCN2CCN(c3ccccc3OC)CC2)c1,7.1249387366083,1,0.0,2023,2023,2023,Ki,B,1
OKODMCHGOYUBGY-JTQLQIEISA-N,C[C@H](O)CN1CCN(c2cccc(Cl)c2Cl)CC1,7.123782159408358,1,0.0,2017,2017,2017,Ki,B,1
ATCJEKKXEJVYOB-UHFFFAOYSA-N,COc1ccc2c(c1)CCN(C)CCc1ccccc1C2,7.120904120499928,3,1.0877919644084146e-15,2006,2009,2007,Ki,B,3
XTKDAFGWCDAMPY-UHFFFAOYSA-N,O=C(CCCN1CCN(c2ccccn2)CC1)c1ccc(F)cc1,7.119987161633228,5,0.09331000455077663,1993,2021,2021,Ki,B,3
LRMWMKQIJLOEPF-XMSQKQJNSA-N,Cc1ncoc1-c1nnc(SCCCN2CC[C@@]3(C[C@@H]3c3ccc(F)cc3C(F)(F)F)C2)n1C,7.119987161633228,1,0.0,2016,2016,2016,Ki,B,1
WAFXOAGOOZIJGE-XLIONFOSSA-N,Cn1c(SCCCN2C[C@H]3CCN(c4ccccc4C(F)(F)F)[C@H]3C2)nnc1-c1ccc(=O)[nH]c1,7.11975822410452,2,0.0,2019,2020,2019,Ki,B,2
JRYNLQPPXGHRTN-UHFFFAOYSA-N,Cn1c(C(N)=O)ccc1-c1cccc(OC(=O)NCCN2CCN(c3ccccc3)CC2)c1,7.119586784676218,2,0.0005662185226645933,2019,2019,2019,Ki,B,1
MDBWEQVKJDMEMK-CQSZACIVSA-N,CCCN(CCC)[C@@H]1CCc2c(O)cccc2C1,7.119186407719209,1,0.0,1996,1996,1996,Ki,B,1
YJHBORBWSSPLGN-UHFFFAOYSA-N,Cc1ccc(C)c(N2CCN(CCCC(=O)c3ccc(F)cc3)CC2)c1,7.119186407719209,1,0.0,2010,2010,2010,Ki,B,1
DHOLLIZICIPGNS-UHFFFAOYSA-N,COc1ccccc1N1CCN(CCCCNC(=O)NN(Cc2ccccc2)c2ccc(F)cc2)CC1,7.119186407719209,1,0.0,2019,2019,2019,Ki,B,1
YPKCWJPCWSVSDC-UHFFFAOYSA-N,COc1ccc(N(Cc2ccccc2F)NC(=O)NCCCN2CCN(c3ccccc3OC)CC2)cc1,7.119186407719209,1,0.0,2019,2019,2019,Ki,B,1
XDOOZCXRMFPQEM-UHFFFAOYSA-N,O=C(NCCCCN1CCN(c2cccc(Cl)c2Cl)CC1)Oc1cccc2c1CCCC2,7.116338564846382,1,0.0,2016,2016,2016,EC50,F,1
RLXWQKHLDFBDJH-UHFFFAOYSA-N,COc1ccccc1N1CCN(Cc2ccc(OCCF)cc2)CC1,7.113509274827518,1,0.0,2008,2008,2008,Ki,B,1
BWWHZGYOJOBIMA-UHFFFAOYSA-N,O=C(NCCCCN1CCN(c2ccc3ccccc3n2)CC1)c1cn2ccccc2n1,7.113509274827518,1,0.0,2014,2014,2014,Ki,B,1
JYBLRFDZVBZKOY-UHFFFAOYSA-N,COc1ccccc1N1CCN(CCCc2cn(-c3ccn4nccc4c3)nn2)CC1,7.113509274827518,1,0.0,2015,2015,2015,Ki,B,1
DCJWAUUNGWWIFD-LIRRHRJNSA-N,CNc1cc(OC)c(C(=O)N[C@H]2CN(Cc3ccccc3)C[C@@H]2C)cc1Cl,7.113106777509403,2,0.6442159380330317,2003,2003,2003,Ki,B,1
WVCHGRAYLHEGAY-IYARVYRRSA-N,COCC(=O)N[C@H]1CC[C@H](CCN2CCN(c3nccc4occc34)CC2)CC1,7.112382699664264,1,0.0,2013,2013,2013,Ki,B,1
WMFCPIPAGHYFMC-SFHVURJKSA-N,Cc1ncoc1-c1nnc(SCCCCN2CCO[C@H](c3ccc(C(F)(F)F)cc3)C2)n1C,7.110138278741811,1,0.0,2020,2020,2020,Ki,B,1
SQMUNKWOFRBGIX-UHFFFAOYSA-N,COc1ccccc1N1CCN(CCNC(=O)c2cc(Br)c3ccccc3c2OC)CC1,7.109600922584908,2,0.013555923078852464,1996,1997,1996,Ki,B,2
QGNVJFHGWZQUHS-AREMUKBSSA-N,CN[C@@H]1Cc2cccc3c2n(c(=O)n3CCCCCCCCOCCCCc2ccccc2)C1,7.1095789811990855,1,0.0,2017,2017,2017,Ki,B,1
WQWLYKDRIFAQER-UHFFFAOYSA-N,COc1ccccc1N1CCN(CCCCNC(=O)c2ccc3nccnc3c2)CC1,7.108462542327436,1,0.0,2006,2006,2006,Ki,B,1
WKZQYOGJYMCSPM-QGZVFWFLSA-N,CCCN1CCC[C@@H](c2cccc(-c3ccsc3)c2)C1,7.107905397309519,1,0.0,1994,1994,1994,Ki,B,1
BEYYMPWIMDYWDO-UHFFFAOYSA-N,CCOCCOc1ccn2ncc(C(=O)NCCCN3CCN(c4ccccc4OC)CC3)c2c1,7.107905397309519,1,0.0,2012,2012,2012,Ki,B,1
FQJVIZLZSFQUTO-UHFFFAOYSA-N,CC(C)(C)c1nc(N2CCN(CCCCNC(=O)c3cn4ccccc4n3)CC2)c2ccccc2n1,7.106793246940152,3,0.0006421003151337405,2014,2018,2017,Ki,B,3
BUJDRHDSUWKHNQ-UHFFFAOYSA-N,O=C(NCCCCN1CCN(c2ccc(C(F)(F)F)cc2)CC1)c1ccc(-c2ccsc2)cc1,7.106238237942057,1,0.0,2019,2019,2019,Ki,B,1
VYJSEMNZGPEKAE-UHFFFAOYSA-N,Cc1ccc(N2CCN(Cc3ccc4c(c3)OCC(=O)N4)CC2)cc1C,7.105130343254747,1,0.0,1999,1999,1999,Ki,B,1
QWGDMFLQWFTERH-UHFFFAOYSA-N,Clc1ccc2c(c1)C(N1CCNCC1)=Nc1ccccc1O2,7.105068684976809,2,0.3283428889651185,,,,IC50;Ki,B,1
JVPFEJREBIUBMB-UHFFFAOYSA-N,Cn1ccc2c(N3CCN(CCCCOc4ccc5c(c4)NC(=O)CC5)CC3)cccc21,7.102372908709558,1,0.0,2021,2021,2021,Ki,B,1
ZCTLRJWCRUVTOB-CFFRYYMNSA-N,C[C@H]1CN(CC[C@H]2CC[C@H](NC(=O)[C@@H]3CCCO3)CC2)CCc2ccc(Cl)cc21,7.101823516502323,1,0.0,2021,2021,2021,Ki,B,1
XHIUHIDIRNZTAW-UHFFFAOYSA-N,c1ccc(OCCCN2CCN(c3ccccc3)CC2)cc1,7.100726812682396,1,0.0,2012,2012,2012,Ki,B,1
ANPBPMHGXDWYNM-UHFFFAOYSA-N,Cn1c(SCCCN2CC3CCN(c4cccnc4)C3C2)nnc1C1CCOCC1,7.100179497572904,2,0.0,2019,2020,2019,Ki,B,2
PWFWFOUAVPITTG-UHFFFAOYSA-N,COc1ccc2c(c1)OCC1CN(Cc3ccccc3)CC21,7.100015437450609,1,0.0,1999,1999,1999,Ki,B,1
YEFAFNGWRUUUQI-UHFFFAOYSA-N,COc1ccc2c(c1)C1CN(Cc3ccccc3)CC1CO2,7.100015437450609,1,0.0,1999,1999,1999,Ki,B,1
CPQUBMVKDMAUMG-UHFFFAOYSA-N,CCOc1c(C(=O)NCCN2CCN(c3ccccc3OC)CC2)cc(Br)c2ccccc12,7.100015437450609,1,0.0,1997,1997,1997,Ki,B,1
QSGHQJFWJBYZCL-UHFFFAOYSA-N,COc1c(C(=O)NCCN2CCC(c3ccccc3)CC2)cc(Br)c2ccccc12,7.100015437450609,1,0.0,1997,1997,1997,Ki,B,1
IRUKZAGWAZWZBI-UHFFFAOYSA-N,CCOc1c(C(=O)NCCN2CCN(c3ccccn3)CC2)cc(Br)c2ccccc12,7.100015437450609,1,0.0,1997,1997,1997,Ki,B,1
KDPMUYMEKOJROI-UHFFFAOYSA-N,COc1c(C(=O)NCCN2CCN(c3ccccn3)CC2)cc(Br)c2ccccc12,7.100015437450609,1,0.0,1997,1997,1997,Ki,B,1
BGDWLXHOUQZPOK-UKRRQHHQSA-N,CN1CCO[C@@H]2c3cc4c(cc3CC[C@H]21)CCO4,7.100015437450609,1,0.0,1997,1997,1997,Ki,B,1
RUYAQBZRWRWQHR-UHFFFAOYSA-N,COc1ccc(S(=O)(=O)Nc2ccccc2)cc1-c1ccc(CN2CCCCCC2c2ccccc2)[nH]1,7.100015437450609,1,0.0,1997,1997,1997,Ki,B,1
ILAPINSYTQOSTH-UHFFFAOYSA-N,Cc1ccc2c(-c3nnc(SCCC(C)N4CCc5cc6nc(C(F)(F)F)oc6c(C)c5CC4)n3C)cccc2n1,7.100015437450609,1,0.0,2008,2008,2008,Ki,F,1
GNAFTHDBPJUMAT-UHFFFAOYSA-N,Cc1nc2cc3c(cc2s1)CCN(CCCSc1nnc(-c2ocnc2C)n1C)CC3,7.100015437450609,1,0.0,2008,2008,2008,Ki,F,1
OJGCUCNESMAFSG-UHFFFAOYSA-N,O=C1N(CCN2Cc3ccccc3C2)CCN1Cc1ccc(Cl)c(Cl)c1,7.100015437450609,1,0.0,2009,2009,2009,Ki,F,1
AQPYEVVJFZDJNJ-AWEZNQCLSA-N,COC[C@@H]1CCCN1N1CCN(c2cccc(Cl)c2)C1=O,7.100015437450609,2,0.0,2009,2009,2009,Ki,B;F,2
GIMFULQWEVUBEF-UHFFFAOYSA-N,O=C1N(CCN2CCCCCC2)CCN1c1ccc(Cl)cc1,7.100015437450609,1,0.0,2010,2010,2010,Ki,F,1
MQISIMYBHGTURV-UHFFFAOYSA-N,Cc1cccc(N2CCN(CCN3CCCCCC3)C2=O)c1,7.100015437450609,1,0.0,2010,2010,2010,Ki,F,1
SVLJLEACLLUCRC-UHFFFAOYSA-N,O=C1N(CCN2CCCCCC2)CCN1c1cccnc1,7.100015437450609,1,0.0,2010,2010,2010,Ki,F,1
KATDCUORFQOJBY-QAPCUYQASA-N,CN(c1ccc([C@]23CNC[C@H]2C3)cc1)S(=O)(=O)c1ccccc1,7.100015437450609,1,0.0,2010,2010,2010,Ki,F,1
AFYFGCAEDGKSJG-UHFFFAOYSA-N,COc1cccc2c1CCCC21CCN(CCCSc2nnc(-c3ocnc3C)n2C)C1,7.100015437450609,1,0.0,2010,2010,2010,Ki,F,1
QIJPXEALWJLAOE-UHFFFAOYSA-N,Cc1ccc2c(N3CCN(CCc4cccc(NC(=O)c5cnccn5)c4)CC3)cccc2n1,7.100015437450609,1,0.0,2010,2010,2010,Ki,B,1
QXUQBHLLDLPFLR-UHFFFAOYSA-N,c1ccc2c(c1)CCN(CCCc1nc3ccccc3s1)C2,7.098462725229332,2,0.002195866681791536,2016,2016,2016,Ki,B,1
QIWDESFBOGLASL-UHFFFAOYSA-N,O=C1c2ccc(Cl)cc2CC1CCCN1CCN(c2ccccn2)CC1,7.098462725229332,2,0.002195866681791536,2021,2021,2021,Ki,B,1
AIJIQCBYMBZLJD-UHFFFAOYSA-N,COc1ccc2c(c1)c(CCN(C)C)cn2S(=O)(=O)c1ccccc1,7.096910013008056,1,0.0,2001,2001,2001,Ki,B,1
LNEVPGGCVOGZMM-UHFFFAOYSA-N,O=C1Cc2ccccc2N1CCCCN1CCN(c2ccccc2)CC1,7.096910013008056,1,0.0,2007,2007,2007,Ki,B,1
VZAPTAUVWQWZDW-UHFFFAOYSA-N,Cc1c(C(=O)N2CCN(CCOc3cccnc3)CC2)[nH]c2ccccc12,7.096910013008056,1,0.0,2020,2020,2020,EC50,B,1
LKXCWTFZOCKBJZ-UHFFFAOYSA-N,COc1ccccc1N1CCN(CCCC(=O)Nc2ccn3nccc3c2)CC1,7.096842165095943,2,0.11824791048090534,2017,2017,2017,EC50;Ki,B;F,1
BKCOTBJYDGSUFC-UHFFFAOYSA-N,Clc1ccc(CN2CCC(c3cc(-c4ccc(Cl)cc4)no3)CC2)cc1,7.094212497064703,2,0.0038148636318072957,1996,1997,1996,Ki,B,2
JYECEDKUXBIHSW-AREMUKBSSA-N,CCCN[C@@H]1Cc2cccc3c2n(c(=O)n3CCCCCCOCCCCc2ccccc2)C1,7.09366495819491,1,0.0,2017,2017,2017,Ki,B,1
PLFUSXITMGZVCU-UHFFFAOYSA-N,CCCN(CCCCN1CCN(c2ccccc2OC)CC1)Cc1ccc2ccccc2c1,7.092588639225414,1,0.0,2011,2011,2011,Ki,B,1
GDLIGKIOYRNHDA-UHFFFAOYSA-N,CN(C)CCCN1c2ccccc2CCc2ccc(Cl)cc21,7.0924436709050935,2,0.33298856328895865,,,,IC50;Ki,B,1
NJDDOYGAHXQMEQ-AWEZNQCLSA-N,Oc1nc2c3c(ccc2[nH]1)CC[C@@H](CNCc1ccccc1)O3,7.0915149811213505,1,0.0,2002,2002,2002,Ki,B,1
WORAGLYTERKFFO-UHFFFAOYSA-N,O=C(c1cc2ccncc2[nH]1)N1CCN(CCOc2cccnc2)CC1,7.0915149811213505,1,0.0,2020,2020,2020,EC50,B,1
AUVKPZIQUZLIFO-UHFFFAOYSA-N,O=C1CCc2ccccc2N1CCCCN1CCN(c2ccccc2)CC1,7.090016305060156,1,0.0,2022,2022,2022,Ki,B,1
YNKTYKVRVVWGRV-UHFFFAOYSA-N,Cc1ncoc1-c1nnc(CCCCN2CC3CCN(c4ccc(F)cc4)C3C2)n1C,7.089909454405932,2,0.0,2019,2020,2019,Ki,B,2
OJELFRWBMVFUDD-KXBFYZLASA-N,CNc1cc(OC)c(C(=O)N[C@H]2CCN(Cc3ccccc3)C[C@@H]2C)cc1Cl,7.089243235797613,2,1.1268643337834658,2003,2003,2003,Ki,B,1
SCZQIQLIELOGMA-ZRZAMGCNSA-N,O=C(NCCCCN1CCN(c2cccc(Cl)c2Cl)CC1)[C@H]1CC[C@@H](c2ccccc2)CC1,7.087346153458631,2,1.2548995496657538,2005,2005,2005,EC50;Ki,B;F,1
ZUOIZLRETXHGDT-UHFFFAOYSA-N,O=C(CCCCCCCCCCCCCCCCCCC(=O)OC1(c2ccc(Cl)cc2)CCN(CCCC(=O)c2ccc(F)cc2)CC1)OC1(c2ccc(Cl)cc2)CCN(CCCC(=O)c2ccc(F)cc2)CC1,7.086186147616283,1,0.0,2014,2014,2014,Ki,B,1
YVEBIHRSAGYHFR-UHFFFAOYSA-N,COc1ccc(OC(C)CN2CCN(C(=O)c3cc4ccccc4[nH]3)CC2)cc1,7.086186147616283,2,0.0,2020,2023,2021,EC50,B,2
TUTLRKKYUXPDGN-HNNXBMFYSA-N,COc1c(O)ccc2c1CN1CCc3cc4c(cc3[C@@H]1C2)OCO4,7.084072788302884,1,0.0,2017,2017,2017,Ki,B,1
YCQKBDMLGQENAQ-UHFFFAOYSA-N,Cn1c(SCCCN2CCC3(CC2)CCN(c2cccc(Cl)c2Cl)CC3)nnc1-c1ccccc1,7.084072788302884,1,0.0,2017,2017,2017,Ki,B,1
GLJZGPDTNBDSGN-HXUWFJFHSA-N,C#Cc1cc(C(=O)N[C@@H]2CCN(Cc3ccccc3)C2)c(OC)c2ccccc12,7.083937228732996,2,0.026071988654425234,2003,2003,2003,Ki,B,1
MNVDCQLMHFFYCU-UHFFFAOYSA-N,COc1ccccc1N1CCN(Cc2ccc3cccccc2-3)CC1,7.083554027620105,2,0.0037223797963890776,2012,2021,2016,Ki,B,2
UQOWIEJFNPPPBP-OAHLLOKOSA-N,CCCN1CCC[C@@H](c2cccc(C=O)c2)C1,7.080921907623926,1,0.0,1994,1994,1994,Ki,B,1
HKAWCIGAEVMZGN-UHFFFAOYSA-N,COc1ccc(Br)cc1-c1nc(CNCC2CCN(Cc3ccccc3)C2)co1,7.080921907623926,1,0.0,2000,2000,2000,Ki,B,1
XOLIIHROSJWMQH-UHFFFAOYSA-N,Oc1ccc2c(c1)C1OCCN(CCc3cccs3)C1CC2,7.080921907623926,1,0.0,2002,2002,2002,Ki,B,1
POZXHKGYVSZVAB-UHFFFAOYSA-N,COc1ccc(-n2cc(CCCC(=O)NCCCCN3CCN(c4cccc(Cl)c4Cl)CC3)nn2)cc1,7.080921907623926,1,0.0,2009,2009,2009,Ki,B,1
DSOWHOSHPUSGFM-UHFFFAOYSA-N,COc1ccccc1N1CCN(CC(F)CCNC(=O)c2cc3ccccc3s2)CC1,7.080921907623926,3,1.4651127601087905,2011,2011,2011,IC50;Ki,B;F,1
LLJNHDOQJFYFCL-UHFFFAOYSA-N,COc1ccccc1N1CCN(CCCNC(=O)c2ccc(COCCOCCOCCOCCOCc3ccc(C(=O)NCCCN4CCN(c5ccccc5OC)CC4)cc3)cc2)CC1,7.080921907623926,1,0.0,2012,2012,2012,Ki,B,1
HHVQGHMBHYXHGF-UHFFFAOYSA-N,Fc1ccc(CCCCN2CCN(c3ccc(Cl)cn3)CC2)cc1,7.080451495797506,2,0.0006652627848245574,2021,2021,2021,Ki,B,1
CDMKFCYALGWSEN-UHFFFAOYSA-N,O=C(CCCN1CCN2c3ccccc3CCC2C1)c1ccc(F)cc1,7.078313524516398,1,0.0,2003,2003,2003,Ki,B,1
NNSVOPTWCBGCJU-HSZRJFAPSA-N,CCCN(CCC)[C@@H]1Cc2cccc3c2n(c(=O)n3CCCCNC(=O)c2cc3ccccc3[nH]2)C1,7.0762380391713,1,0.0,2017,2017,2017,Ki,B,1
ACTVOFFLDWZANE-NSISKUIASA-N,CN(C)C[C@H]1C[C@@H]2c3ccccc3Cc3ccccc3[C@H]2O1,7.075720713938118,1,0.0,2005,2005,2005,Ki,B,1
JJIBAQPGIKFZRA-UHFFFAOYSA-N,COc1cc(CN2CCN(c3ccccc3OC)CC2)ccc1OCCCc1cn(CCCCCCCCn2cc(CCCOc3ccc(CN4CCN(c5ccccc5OC)CC4)cc3OC)nn2)nn1,7.075720713938118,2,0.0,2011,2011,2011,Ki,B,2
DCSUBABJRXZOMT-UHFFFAOYSA-N,COc1cc(N)c(Cl)cc1C(=O)NC1CCN(CCCOc2ccc(F)cc2)CC1OC,7.075720713938118,2,0.3310436446961648,,,,IC50;Ki,B,1
OJORGHNUKQKUKG-UHFFFAOYSA-N,CC(C)(C)c1nc(N2CCN(CCCCNC(=O)N3CCN(Cc4cccc(C#N)c4)CC3)CC2)cc(C(F)(F)F)n1,7.0746879085003505,2,0.0,2017,2018,2017,Ki,B,2
UQKLFSKKULYASF-UHFFFAOYSA-N,COc1ccc(F)cc1C1CC1CN(C)CCCSc1nnc(-c2ccccc2)n1C,7.073143291050307,1,0.0,2020,2020,2020,Ki,B,1
IHAPBZBYXJKWJA-LFUKPOHLSA-N,O[C@@]1(c2ccc(Cl)cc2)C[C@H]2CC[C@@H](C1)N2Cc1n[nH]c2ccccc12,7.072116589669293,1,0.0,2008,2008,2008,Ki,B,1
VRIOGKJTEWWNSZ-UHFFFAOYSA-N,CC(C)(C)c1nc(N2CCN(CCCCNC(=O)N3CCc4[nH]c5ccc(C(F)(F)F)cc5c4C3)CC2)cc(C(F)(F)F)n1,7.071604147743287,1,0.0,2017,2017,2017,Ki,B,1
YLULTEDGTZQJDL-UHFFFAOYSA-N,CC(C)(C)c1nc(C(F)F)cc(N2CCN(CCCCNC(=O)N3CCc4[nH]c5ccc(C(F)(F)F)cc5c4C3)CC2)n1,7.071604147743287,1,0.0,2018,2018,2018,Ki,B,1
ZIYZADXWTXYQKL-HCGLCNNCSA-N,CCCN(C(=O)C1CCCCC1)[C@H]1CC[C@H](CCN2CCN(c3cccc(Cl)c3Cl)CC2)CC1,7.070581074285707,1,0.0,1997,1997,1997,Ki,B,1
CWNXARPODKGZCQ-UHFFFAOYSA-N,COc1ccc2onc(N3CCN(CCCCNC(=O)c4ccc5nonc5c4)CC3)c2c1,7.070581074285707,1,0.0,2006,2006,2006,Ki,B,1
VDCBDIRJDJYCIZ-UHFFFAOYSA-N,COc1ccccc1N1CCN(Cc2cc(CN3CCN(c4ccc(Cl)cc4)CC3)c3cccccc2-3)CC1,7.070581074285707,1,0.0,2012,2012,2012,Ki,B,1
BSICDIBRXJYNPB-UHFFFAOYSA-N,COc1ccccc1N1CCN(CCCNC(=O)NN(Cc2ccc(F)cc2)c2ccc(F)cc2)CC1,7.070581074285707,1,0.0,2019,2019,2019,Ki,B,1
XRUUSJMEKAKGQU-GOSISDBHSA-N,CN(CCCCNC(=O)c1cc2ccccc2[nH]1)[C@@H]1Cc2cccc3[nH]c(=O)n(c23)C1,7.06978098373062,4,0.34877130979930926,2016,2016,2016,EC50;Ki,B,1
RNAKUHHBSZEVQT-ASMCULGUSA-N,CC1CN(c2ccc(C(=O)N[C@H]3CC[C@H](CCN4CCC(c5noc6ccc(F)cc56)CC4)CC3)cc2)CC(C)O1,7.066664589922349,2,0.0,2014,2014,2014,Ki,B,1
SXCBTZZPBYWDRW-QGZVFWFLSA-N,CCCc1cccc([C@@H]2CCCN(CCC)C2)c1,7.0655015487564325,1,0.0,1994,1994,1994,Ki,B,1
VQBXPTGVNAAIHI-UHFFFAOYSA-N,COc1ccccc1N1CCN(CCCCNC(=O)c2cccc(F)n2)CC1,7.0655015487564325,1,0.0,2005,2005,2005,Ki,B,1
NSMCYUMPIGJKHV-UHFFFAOYSA-N,Fc1ccc(CCCCN2CCN(c3ccccn3)CC2)cc1,7.0655015487564325,4,0.0,2012,2021,2017,Ki,B,4
LJZKZXJPHHZDQF-UHFFFAOYSA-N,COc1ccc(N(Cc2cccc(F)c2)NC(=O)NCCCN2CCN(c3ccccc3OC)CC2)cc1,7.0655015487564325,1,0.0,2019,2019,2019,Ki,B,1
GKEKKHSDPFDXQN-INIZCTEOSA-N,COc1c(O)ccc2c1CN1CCc3cc(OCCF)c(O)cc3[C@@H]1C2,7.0655015487564325,1,0.0,2023,2023,2023,Ki,B,1
HZBAKQLOTJCSJX-UHFFFAOYSA-N,COCCOCCOc1ccc(NC(=O)NCCCN2CCN(c3ccccc3OC)CC2)c(-c2ccccc2)c1,7.0655015487564325,1,0.0,2023,2023,2023,Ki,B,1
MXKZBMGRCYCKSV-UHFFFAOYSA-N,O=C(CCCN1CCN(c2ccc(Cl)cn2)CC1)c1ccc(F)cc1,7.062741696874385,2,0.003903019961732837,2021,2021,2021,Ki,B,1
VZCQCONTEBWWMW-YPKPFQOOSA-N,CCN(CC)CCCOc1ccc(-c2nc3ccccc3n2C/C=C\Cn2c(-c3ccc(OCCCN(CC)CC)cc3)nc3ccccc32)cc1,7.060480747381382,1,0.0,1995,1995,1995,Ki,B,1
WWZCKJOSLFFMMU-CYYJNZCTSA-N,CCCN(CCNC(=O)/N=N/c1cc(F)c(F)c(F)c1)C1Cc2ccccc2C1,7.060480747381382,1,0.0,2015,2015,2015,Ki,B,1
FHSMMEAYPKEOAQ-UHFFFAOYSA-N,CN1CCc2ccccc2Cc2ccsc2CC1,7.060480747381382,2,0.0,2015,2024,2019,Ki,B,2
ATMVGYLFYGIYDI-UHFFFAOYSA-N,COc1ccccc1N1CCN(CCCCCOc2ccc3ccccc3c2)CC1,7.060480747381382,1,0.0,2016,2016,2016,Ki,B,1
DXJBLNLSLUGVEL-GFCCVEGCSA-N,CCCN(CCC)[C@@H]1CCn2c(ccc2C(=O)C(Cl)(Cl)Cl)C1,7.059981844992337,1,0.0,2005,2005,2005,Ki,B,1
NLDBOKLMUAUKIM-UHFFFAOYSA-N,COc1ccc(Cn2nnc(C(=O)NCCCCCN3CCN(c4ccccc4OC)CC3)c2C)cc1,7.059981844992337,1,0.0,2007,2007,2007,Ki,B,1
YIECWSJRMPAWGX-UHFFFAOYSA-N,CCCN(CCCSc1nnc(-c2ccccc2)n1C)CC1CC1c1cc(F)ccc1OC,7.059981844992337,1,0.0,2020,2020,2020,Ki,B,1
PRECWTBVGZKXGO-UHFFFAOYSA-N,Cn1c(SCCCN2CC3CCN(c4cnc(C(F)(F)F)cn4)C3C2)nnc1C1CCOCC1,7.059981844992337,2,0.0,2019,2020,2019,Ki,B,2
XQQUULUGMJTWQN-BJSHUGAESA-N,COCCC(=O)NC1CCC(CCN2C[C@H]3CCN(c4ccc(C(F)(F)F)cc4)[C@H]3C2)CC1,7.059981844992337,2,0.0,2019,2020,2019,Ki,B,2
LRJUHEKHPZCRGV-UHFFFAOYSA-N,O=C(CCCCN1CCN(c2ccc(Cl)cc2Cl)CC1)Nc1nc2ccccc2s1,7.057495893831919,2,0.0,2015,2018,2016,Ki,B,2
AQKLZOVNXYAGDW-UHFFFAOYSA-N,O=C(NCCCCN1CCN(c2ccnc3cc(Cl)ccc23)CC1)N1CCC(c2ccccc2)CC1,7.056011124926228,2,0.0,2017,2018,2017,Ki,B,2
BGRJTUBHPOOWDU-NSHDSACASA-N,CCN1CCC[C@H]1CNC(=O)c1cc(S(N)(=O)=O)ccc1OC,7.055517327849831,4,0.1971557755755522,1999,2000,1999,IC50;Ki,B,3
TWCRFNBRBHKABU-UHFFFAOYSA-N,COc1ccccc1N1CCN(CCCNC(=O)NN(Cc2cccc(F)c2)c2ccc(F)cc2)CC1,7.055517327849831,1,0.0,2019,2019,2019,Ki,B,1
JLMZACVBNICYMZ-UHFFFAOYSA-N,COc1ccccc1N1CCN(CC(F)CCNC(=O)c2cc3ccccc3[nH]2)CC1,7.054231271163718,2,1.3690225427099203,2011,2011,2011,IC50;Ki,B;F,1
CPTMQUFMCPDSBM-UHFFFAOYSA-N,C1=C(CCN2CCc3ccccc3C2)Cc2ccccc21,7.052746710663252,2,0.003918244401403546,2016,2016,2016,Ki,B,1
KCHOGJMXHYZZSG-UHFFFAOYSA-N,Cc1ccc2n1Cc1ccccc1C=C2N1CCN(C)CC1,7.052566278112949,1,0.0,2005,2005,2005,Ki,B,1
WQFGYARLKCXPCQ-WGSAOQKQSA-N,c1ccc(N2CCN(C[C@H]3CC[C@H](Nc4ncccn4)CC3)CC2)cc1,7.050609993355087,1,0.0,1998,1998,1998,Ki,B,1
XZUUIMQQOCYISH-UHFFFAOYSA-N,CCCN(CCN1CCN(CCc2c[nH]c3ccccc23)CC1)c1ccc(Br)cc1,7.050609993355087,1,0.0,2015,2015,2015,Ki,B,1
DBFMZFWPENBAGS-UHFFFAOYSA-N,COc1ccccc1N1CCN(CCCNC(=O)NCc2ccccc2-c2ccc(C)cc2)CC1,7.050609993355087,1,0.0,2023,2023,2023,Ki,B,1
LRMWMKQIJLOEPF-GCJKJVERSA-N,Cc1ncoc1-c1nnc(SCCCN2CC[C@]3(C[C@@H]3c3ccc(F)cc3C(F)(F)F)C2)n1C,7.0499760934766735,1,0.0,2016,2016,2016,Ki,B,1
NCWGEGAYIHJRDE-UHFFFAOYSA-N,COc1ccccc1N1CCC2(CCN(CCSc3nnc(-c4ccccc4)n3C)CC2)CC1,7.047207556955907,1,0.0,2019,2019,2019,Ki,B,1
PLZGEHCHVFNRGK-UHFFFAOYSA-N,COc1ccc(F)cc1C1CC1CNCCCSc1nnc(-c2ccccc2)n1C,7.0467236633326955,1,0.0,2020,2020,2020,Ki,B,1
GUEHIYRLOQCWLO-NRFANRHFSA-N,CCCCCCOc1cc2c(cc1O)[C@@H]1Cc3ccc(O)c(OCC)c3CN1CC2,7.045757490560675,1,0.0,2023,2023,2023,Ki,B,1
QIUNPJREZURMGC-UVPKRVSESA-N,C[C@H]1CO[C@@H](c2ccc(N)nc2)CN1CC[C@@H]1CC[C@@H](CNC(=O)c2cc3ccccc3[nH]2)C1,7.043591495159717,2,0.8517809215210802,2021,2021,2021,Ki,B,1
ZKRZZKIVIDSCSL-VTIYRKAUSA-N,CN(C)C(=O)C(CCN1C[C@H](F)C[C@H]1C(=O)NCCCCN1CCN(c2nsc3ccccc23)CC1)(c1ccccc1)c1ccccc1,7.041436116778033,3,0.1356812153401557,2023,2023,2023,EC50;IC50;Ki,B;F,1
AJKOTVCMUKNUGM-UHFFFAOYSA-N,Clc1ccc2sc(CCCCN3CCc4c(Cl)cccc4C3)nc2c1,7.040481884675245,2,0.0006741881372730572,2016,2016,2016,Ki,B,1
HFJQAHIKNXSVRM-LJQANCHMSA-N,CCCN1CCC[C@@H](c2cccc(OS(=O)(=O)c3ccc(C)cc3)c2)C1,7.036212172654444,1,0.0,1994,1994,1994,Ki,B,1
OJVGHPDSXXGXQT-UHFFFAOYSA-N,Clc1cccc(N2CCN(Cc3cccc4ccccc34)CC2)c1Cl,7.036212172654444,1,0.0,2013,2013,2013,Ki,B,1
KEBTXYVUUJRQQZ-UHFFFAOYSA-N,COc1ccccc1N1CCN(CCCNC(=O)NN(Cc2ccccc2F)c2ccc(Br)cc2)CC1,7.036212172654444,1,0.0,2019,2019,2019,Ki,B,1
MWHOEMHDLWMJAP-UHFFFAOYSA-N,COc1ccc(CNC(=O)NCCCN2CCN(c3ccccc3OC)CC2)c(-c2ccccc2)c1,7.036212172654444,1,0.0,2023,2023,2023,Ki,B,1
UVEHFXJWIQCNDD-IYARVYRRSA-N,CN(C)C(=O)N[C@H]1CC[C@H](CCN2CCN(c3nccc4c3CCO4)CC2)CC1,7.032452023781138,1,0.0,2013,2013,2013,Ki,B,1
YTLHBRBFQQCIBL-UHFFFAOYSA-N,COc1ccccc1N1CCC2(CCN(CCCCNC(=O)c3ccc(-c4ccsc4)cc3)CC2)CC1,7.031984286006358,1,0.0,2019,2019,2019,Ki,B,1
NTSOURPESZESOK-UHFFFAOYSA-N,COc1cc(OC(=O)NCCCCN2CCN(c3ccccc3OC)CC2)ccc1-c1ccccc1,7.031517051446065,3,0.2315478241595454,2017,2017,2017,EC50,F,1
SJCUJBCYBXGZOY-UHFFFAOYSA-N,Oc1cc2c(cc1O)C1Cc3cccc(O)c3CN1CC2,7.031517051446065,1,0.0,2024,2024,2024,Ki,B,1
XHMOKKQHMCXTBS-UHFFFAOYSA-N,COc1ccccc1N1CCN(CCCc2cn(-c3ccccc3OC)nn2)CC1,7.031050319018657,1,0.0,2015,2015,2015,Ki,B,1
UYOTUCPKIKVHNI-UHFFFAOYSA-N,c1ccc(C2CCN(Cc3cn(-c4ccccc4)nn3)CC2)cc1,7.029978734171634,1,0.0,2007,2007,2007,Ki,B,1
FGCHYOQNROGAEB-UHFFFAOYSA-N,CC(C)(C)c1nc(N2CCN(CCCN3C(=O)CCc4ccccc43)CC2)cc(C(F)(F)F)n1,7.027797161620936,1,0.0,2006,2006,2006,Ki,B,1
WJBZDUBBVKDOMN-UHFFFAOYSA-N,CCc1cccc(N2CCN(CCC(c3cccc(OC)c3)c3cccc(OC)c3)CC2)c1Cl,7.027797161620936,1,0.0,2021,2021,2021,Ki,B,1
VEDCYFFCKNISSG-UHFFFAOYSA-N,C1=C(c2ccccc2)CCN(Cc2cn(-c3ccccc3)nn2)C1,7.026872146400302,1,0.0,2006,2006,2006,Ki,B,1
HMBLGIYYEVWFCT-XMMPIXPASA-N,CCCN[C@@H]1Cc2cccc3c2n(c(=O)n3CCCCOCCCCc2ccccc2)C1,7.025949097207123,1,0.0,2017,2017,2017,Ki,B,1
DKMWFGJOMJUBOA-UHFFFAOYSA-N,OC1(c2ccc(I)cc2)CCN(Cc2c[nH]c3ccccc23)CC1,7.025028005701931,1,0.0,2010,2010,2010,Ki,B,1
FGTGRXMIFIZGBG-UHFFFAOYSA-N,OC1(c2ccc(Cl)cc2)CCN(CCCSc2ccc(F)cc2)CC1,7.0248662659932055,2,0.4029626946868565,2012,2014,2013,Ki,B,2
JPTSMZMSIACDAD-UHFFFAOYSA-N,OC1(c2ccc(Cl)cc2)CCN(CCCOc2ccc(F)cc2)CC1,7.0248662659932055,2,0.4029626946868565,2012,2014,2013,Ki,B,2
GGIUXVIFNJVWLE-UHFFFAOYSA-N,Cc1nc2c(OCCNCc3ccccc3)cccc2[nH]1,7.024108863598207,1,0.0,1999,1999,1999,Ki,B,1
HGOOBSLSWOJAPR-UHFFFAOYSA-N,Clc1ccc(OCCNCCCSc2ccccc2)cc1,7.022276394711152,1,0.0,1997,1997,1997,Ki,B,1
XNXQFTTXHFQTRX-UHFFFAOYSA-N,c1ccc(C2CCN(Cc3c[nH]c4ccccc34)CC2)cc1,7.022276394711152,1,0.0,1996,1996,1996,Ki,B,1
FXHLGRYCQSRFHY-MQSINFNDSA-N,CN(C)C[C@H]1CC2c3ccccc3Oc3ccc(Br)cc3[C@H]2O1,7.022276394711152,1,0.0,2005,2005,2005,Ki,B,1
CZLNGXCUCYKLOR-UHFFFAOYSA-N,COc1ccccc1N1CCN(CCCNC(=O)NN(Cc2ccccc2F)c2ccc(Cl)cc2)CC1,7.022276394711152,1,0.0,2019,2019,2019,Ki,B,1
CTGOENHVWDCQPG-UHFFFAOYSA-N,CCN1CCC(c2ccc3c(c2)N(S(=O)(=O)c2ccccc2)CC3)CC1,7.022276394711152,1,0.0,2016,2016,2016,Ki,B,1
LLBLNMUONVVVPG-UHFFFAOYSA-N,OC1(c2ccc(Cl)cc2)CCN(Cc2c[nH]c3ccccc23)CC1,7.021915784762318,10,0.1949376421540283,1996,2024,2007,EC50;IC50;Ki,B;F,7
IRFLVVGRMBDQSJ-UHFFFAOYSA-N,Clc1ccc2[nH]ccc2c1N1CCN(Cc2ccccc2)CC1,7.020907099361674,1,0.0,1998,1998,1998,Ki,B,1
RFBKHFYKBNFXJB-UHFFFAOYSA-N,COc1ccccc1N1CCN(CCCNC(=O)c2ccc(-n3ccnc3)cc2)CC1,7.020907099361674,1,0.0,2009,2009,2009,Ki,B,1
NUZVTKAQWGCWOR-UHFFFAOYSA-O,Clc1ccc2[nH]ccc2c1-[n+]1cc[n+](Cc2ccccc2)cc1,7.020907099361674,1,0.0,2013,2013,2013,Ki,B,1
QGRZOKIURVWFKN-IAGOWNOFSA-N,CCCN1CCO[C@@H]2c3cc(C(C)=O)ccc3CC[C@H]21,7.019996628416253,1,0.0,2009,2009,2009,Ki,B,1
GWFPJCOZSBFTOH-UHFFFAOYSA-N,O=C(NCCCCN1CCN(c2ccc3ccccc3n2)CC1)N1CCN(c2ccccc2)CC1,7.019088062223156,2,0.0,2017,2018,2017,Ki,B,2
CLZFBRKWSABTPJ-UHFFFAOYSA-N,COc1cc(CN2CCN(c3ccccc3OC)CC2)ccc1OCCCc1cn(CCCCCCCCCCn2cc(CCCOc3ccc(CN4CCN(c5ccccc5OC)CC4)cc3OC)nn2)nn1,7.017728766960431,1,0.0,2011,2011,2011,Ki,B,1
GMCJUANYGWCBDC-UHFFFAOYSA-N,Clc1cccc(N2CCN(CCCCNCCC3(c4ccccn4)CCOCC3)CC2)c1Cl,7.015472686656207,1,0.0,2023,2023,2023,Ki,B,1
MIEJOQGHYSYEFX-UHFFFAOYSA-N,COc1ccc2[nH]cc(CN3CCC(O)(c4ccc(Br)cc4)CC3)c2c1,7.013676222949234,1,0.0,2010,2010,2010,Ki,B,1
UNBRKDKAWYKMIV-QWQRMKEZSA-N,CC[C@@H](CO)NC(=O)[C@@H]1C=C2c3cccc4[nH]cc(c34)C[C@H]2N(C)C1,7.010704336589963,2,0.33010687204252015,,,,IC50;Ki,B,1
RBVCBWQAGOAYTL-UHFFFAOYSA-N,COc1ccc(N2CCC3(CCN(CCCSc4nnc(-c5ccccc5)n4C)CC3)CC2)cc1,7.010105436281227,2,0.0,2017,2019,2018,Ki,B,2
WRPJRNBABVMDIF-UHFFFAOYSA-N,Cc1ncoc1-c1nnc(SCCCN2CCC3CCN(c4ccc(C(F)(F)F)cc4)C3C2)n1C,7.010105436281227,2,0.0,2019,2020,2019,Ki,B,2
USSJQLOQXQBGTM-AVRDEDQJSA-N,Cn1c(SCCCN2CC[C@]3(C[C@H]3c3ccc(C(F)(F)F)cc3)C2)nnc1-c1cccnn1,7.010016541698601,1,0.0,2016,2016,2016,Ki,B,1
CUIKAPOUIHQKER-UHFFFAOYSA-N,Fc1ccc(OCCCNCCOc2ccc(Cl)cc2)cc1,7.009395233003053,2,0.000878663183664311,1997,2005,2001,Ki,B,2
PPRPQASEYHUGIG-UHFFFAOYSA-N,COc1ccccc1N1CCN(CC(O)CCNC(=O)c2ccc3ccccc3n2)CC1,7.009217308196862,1,0.0,2015,2015,2015,Ki,B,1
MVSPKSXZRIYQCT-UHFFFAOYSA-N,COc1ccc2onc(N3CCN(CCCCNC(=O)c4cc5cccc(OC)c5o4)CC3)c2c1,7.008773924307505,1,0.0,2006,2006,2006,Ki,B,1
BOZKQWIJJRYLLZ-UHFFFAOYSA-N,COc1ccc(C(=O)N2CCN(CCOc3cccc(OC)c3)CC2)cc1,7.008773924307505,1,0.0,2020,2020,2020,EC50,B,1
WLZJPWTZSKWVGS-UHFFFAOYSA-N,O=C(c1cc2cc(Cl)ccc2[nH]1)N1CCN(CCOc2cccnc2)CC1,7.008773924307505,3,0.0,2020,2023,2023,EC50,B,2
CNKXCQYEDYCLBH-UHFFFAOYSA-N,Clc1cccc(N2CCN(CCC3(c4ccccn4)CCOCC3)CC2)c1Cl,7.008773924307505,5,0.3273572478937993,2023,2023,2023,EC50;IC50;Ki,B;F,1
JQBHQHNVJCDNEL-ZCLRBYCSSA-N,C[C@H]1CO[C@@H](c2ccc(N)nc2)CN1CC1CC1CCNC(=O)c1cc2ccccc2[nH]1,7.007601371455354,2,0.6518389071717754,2019,2019,2019,Ki,B,1
WDYXVLOKALEPOS-UHFFFAOYSA-N,CCc1cccc(N2CCN(C)CC2)c1Cl,7.007601371455353,2,1.2146110644466386,2016,2016,2016,EC50;Ki,B,1
HZTKYJRCVZENNH-UHFFFAOYSA-N,O=C(NCCCCN1CCN(c2ccnc3cc(C(F)(F)F)ccc23)CC1)c1cn2ccccc2n1,7.005682847330363,3,0.0007609718618838253,2014,2018,2017,Ki,B,3
KMPUTTSRRTYIRY-AQYVVDRMSA-N,Cc1cnc(N2CCN(CC[C@H]3CC[C@H](NC(=O)C4CCOCC4)CC3)CC2)c2c1OCC2,7.005682847330363,1,0.0,2013,2013,2013,Ki,B,1
SNZALFBBQUAUPG-UHFFFAOYSA-N,COc1ccccc1N1CCN(CCCNC(=O)NCc2ccc(F)cc2-c2ccccc2)CC1,7.00436480540245,1,0.0,2023,2023,2023,Ki,B,1
CDGORPLWQZYBKZ-UHFFFAOYSA-N,COc1ccccc1N1CCN(CCCNC(=O)NCc2ccccc2-c2ccc(F)cc2)CC1,7.00436480540245,1,0.0,2023,2023,2023,Ki,B,1
REKOUMNGFHDWDG-UHFFFAOYSA-N,O=C1Cc2ccccc2C(=C2CCN(CCCCN3C(=O)c4ccccc4C3=O)CC2)c2ccsc21,7.003926345514724,1,0.0,2007,2007,2007,Ki,B,1
PYUXUZVGGSSQTN-UHFFFAOYSA-N,CCc1cc(Cl)c(OC)c(N2CCN(CC(F)CCNC(=O)c3cc4ccccc4o3)CC2)c1,7.000434511774017,4,0.3536094979702308,2019,2022,2020,IC50;Ki,B,2
XIQJOGXXLJYFNE-UHFFFAOYSA-N,COc1ccccc1N1CCN(Cc2cccc(CNC(=O)c3ccc4ccccc4c3)c2)CC1,7.0,1,0.0,2003,2003,2003,Ki,B,1
DLNZFPDQXJEXTN-UHFFFAOYSA-N,CCS(=O)(=O)c1ccc(OC)c(-c2ccc(CN3CCCCCC3c3ccccc3C)[nH]2)c1,7.0,1,0.0,1997,1997,1997,Ki,B,1
OVLGSRKGTAEWQF-BJKOFHAPSA-N,CCN1[C@@H](c2ccc(-c3cc(S(=O)(=O)CC)ccc3OC)[nH]2)CC[C@H]1c1ccccc1,7.0,1,0.0,1997,1997,1997,Ki,B,1
QCIVSGZRNOFBPZ-UHFFFAOYSA-N,COc1c(C(=O)NCCN2CCN(c3ccc(Cl)cc3Cl)CC2)cc(Br)c2ccccc12,7.0,1,0.0,1997,1997,1997,Ki,B,1
GZXNMNCAWGIAAW-KRWDZBQOSA-N,COc1cccc2c1N1CCN(C)C[C@H]1c1ccccc1C2,7.0,1,0.0,2002,2002,2002,Ki,B,1
HWJXQZBZKJYOMP-UHFFFAOYSA-N,CN1CCCc2ccccc2Cc2ccc(O)cc2CC1,7.0,1,0.0,2007,2007,2007,Ki,B,1
AHTVKTAOAOXKMG-UHFFFAOYSA-N,Cc1nc2c3c(ccc2o1)CCN(CCCSc1nnc(-c2ocnc2C)n1C)CC3,7.0,1,0.0,2008,2008,2008,Ki,F,1
WSSKPYCMFWWDPQ-UHFFFAOYSA-N,CCc1nc2cc3c(cc2o1)CCN(CCCSc1nnc(-c2cccnc2)n1C)CC3,7.0,1,0.0,2008,2008,2008,Ki,F,1
RBZIHZIBFQXVQY-UHFFFAOYSA-N,Cc1nc2cc3c(cc2o1)CCN(CCCSc1nnc(C2CCOCC2)n1C)CC3,7.0,1,0.0,2008,2008,2008,Ki,F,1
XURXMJIMPKTNSF-UHFFFAOYSA-N,Cc1ccc2c(-c3nnc(SCCC(C)N4CCc5cc6nc(C(F)(F)F)oc6c(Br)c5CC4)n3C)cccc2n1,7.0,1,0.0,2008,2008,2008,Ki,F,1
JURMKPGGUGOQIP-UHFFFAOYSA-N,CCc1nc2cc3c(c(Br)c2o1)CCN(C(C)CCSc1nnc(-c2cccc4nc(C)ccc24)n1C)CC3,7.0,1,0.0,2008,2008,2008,Ki,F,1
ZQIADMORWXCKPH-UHFFFAOYSA-N,CC(C)(C)c1ccc(N2CCN(CCN3Cc4ccccc4C3)C2=O)cc1,7.0,1,0.0,2009,2009,2009,Ki,F,1
GESNZTWIXMSIMZ-UHFFFAOYSA-N,O=C1N(CCN2CCCC(OCc3ccccc3)C2)CCN1c1cccc(Cl)c1,7.0,2,0.0,2009,2009,2009,Ki,B;F,2
AMADNKXMEDYTCS-UHFFFAOYSA-N,Cn1c(CN2CCC(c3ccccc3F)CC2)nc2ccccc21,7.0,1,0.0,2010,2010,2010,Ki,F,1
KFCVKULFYARZLT-UHFFFAOYSA-N,Cc1cc(C(F)(F)F)ccc1C12CC1CN(CCCSc1nnc(-c3ocnc3C)n1C)C2,7.0,1,0.0,2010,2010,2010,Ki,F,1
CZZLANJHXIERAX-UHFFFAOYSA-N,Cc1ccc(S(=O)(=O)Nc2ccc3c(c2)CCN(Cc2cc[nH]n2)CC3)cc1Cl,7.0,1,0.0,2009,2009,2009,Ki,F,1
PYCKGDROYNHKPS-UHFFFAOYSA-N,COc1ccc2[nH]cc(CN3CCC(O)(c4ccc(I)cc4)CC3)c2c1,7.0,1,0.0,2010,2010,2010,Ki,B,1
UYVCLAKGXPJPHJ-UHFFFAOYSA-N,COc1ccc2c(c1)CCCC21CCN(CCCSc2nnc(-c3ocnc3C)n2C)C1,7.0,1,0.0,2010,2010,2010,Ki,F,1
KYBVEQYZQWILGN-UHFFFAOYSA-N,Cc1ncoc1-c1nnc(SCCCN2CCC3(CCOc4ccccc43)C2)n1C,7.0,1,0.0,2010,2010,2010,Ki,F,1
WBUCFEOIQMRVHB-UHFFFAOYSA-N,COC(=O)Nc1cccc(CCN2CCN(c3cccc4nc(C)ccc34)CC2)c1,7.0,1,0.0,2010,2010,2010,Ki,B,1
NHDILTZHICULAX-UHFFFAOYSA-N,Cc1ccc2c(N3CCN(CCc4cccc(NC(=O)c5ccccc5)c4)CC3)cccc2n1,7.0,1,0.0,2010,2010,2010,Ki,B,1
PTGSXEXRDSETGR-UHFFFAOYSA-N,COc1cc(CN2CCN(c3ccccc3OC)CC2)ccc1OCCCc1cn(CCCCCCCCn2cc(CCCOc3ccc(CN4CCN(C5CCCCC5)CC4)cc3OC)nn2)nn1,7.0,1,0.0,2011,2011,2011,Ki,B,1
OBFPDOMCBFUMBH-UHFFFAOYSA-N,COc1ccccc1N1CCN(CCCNC(=O)c2ccc(COCCOCCOCCOCCOCCOCc3ccc(C(=O)NCCCN4CCN(c5ccccc5OC)CC4)cc3)cc2)CC1,7.0,1,0.0,2012,2012,2012,Ki,B,1
LOWWSZHAZVDMAY-UHFFFAOYSA-N,c1cnc(N2CCN(CCCCc3nc4ccccc4s3)CC2)nc1,7.0,5,0.5919748979190442,2014,2023,2023,EC50;IC50;Ki,B;F,2
RHFVSZFUSRSUBZ-UHFFFAOYSA-N,CCc1cc(Cl)c(OC)c(C(=O)NCC2CCN(C)C2)c1O,7.0,1,0.0,2021,2021,2021,Ki,B,1
MANFPBYSLSMBGM-UHFFFAOYSA-N,COc1ccccc1N1CCN(CCCN2C(=O)CCc3ccccc32)CC1,7.0,1,0.0,2022,2022,2022,Ki,B,1
BBKTWQKIEOQFST-UHFFFAOYSA-N,Cn1c(SCCCN2CCOC(c3ccc(C(F)(F)F)cc3)C2)nnc1-c1ccc(C(N)=O)cn1,7.0,1,0.0,2020,2020,2020,Ki,B,1
SPCIYGNTAMCTRO-UHFFFAOYSA-N,CN(C)CCc1c[nH]c2cccc(O)c12,7.0,1,0.0,2023,2023,2023,Ki,B,1
GUTIIYCXIXRNPB-LLVKDONJSA-N,Cc1nc(N)sc1CCCN/C(N)=N/C(=S)N[C@H](C)c1ccccc1,6.999983723252863,2,0.311108810243134,2021,2021,2021,EC50;Ki,B;F,1
KPJZHOPZRAFDTN-ZRGWGRIASA-N,CC[C@@H](CO)NC(=O)[C@@H]1C=C2c3cccc4c3c(cn4C)C[C@H]2N(C)C1,6.996809770725154,2,0.32857585843375897,,,,IC50;Ki,B,1
JHMYLCCZLFZGNF-UHFFFAOYSA-N,CCCN(CCCCN1CCN(c2cccc(Cl)c2Cl)CC1)Cc1csc2ccccc12,6.995678626217357,1,0.0,2011,2011,2011,Ki,B,1
JKAFEYNVKSARQQ-UHFFFAOYSA-N,CCCCCOc1ccc2c(c1OC)CN1CCc3cc(OC)c(O)cc3C1C2,6.995678626217357,1,0.0,2016,2016,2016,Ki,B,1
JKPISQIIWUONPB-UHFFFAOYSA-N,COc1cc2c(cc1O)C1Cc3ccc(O)c(OC)c3CN1CC2,6.995678626217357,1,0.0,2016,2016,2016,Ki,B,1
RVQUGXAQXRVIGJ-UHFFFAOYSA-N,COc1ccccc1N1CCC2(CCN(CCCSc3nnc(-c4ccc(-c5ccsc5)cc4)n3C)CC2)CC1,6.995678626217357,1,0.0,2019,2019,2019,Ki,B,1
WQTLRHZZRMRHMI-FQEVSTJZSA-N,CCCN(CCN1CCN(c2ccc(-c3ccccn3)nc2)CC1)[C@H]1CCc2nc(N)sc2C1,6.995678626217357,1,0.0,2022,2022,2022,EC50,F,1
KHPOIBBWMVNTMI-WFXMLNOXSA-N,C[C@H]1CN(CC[C@H]2CC[C@H](NC(=O)c3ccco3)CC2)CCc2ccc(Cl)cc21,6.993962045002682,1,0.0,2021,2021,2021,Ki,B,1
WZWHLVAXFSORKE-UHFFFAOYSA-N,COc1ccc2c(c1)CCN(C)CCc1cc(OC)ccc1C2,6.993533957750769,1,0.0,2006,2006,2006,Ki,B,1
IKWFRNZOZWEGCD-UHFFFAOYSA-N,COc1ccc2ccnc(N3CCN(CCCCNC(=O)c4cc5cccc(OC)c5o4)CC3)c2c1,6.991399828238082,1,0.0,2006,2006,2006,Ki,B,1
AJQHTFDOWXUHQW-UHFFFAOYSA-N,O=c1c2ccccc2ncn1CCCCN1CCN(c2cccc(C(F)(F)F)c2)CC1,6.991399828238082,1,0.0,2007,2007,2007,Ki,B,1
JRVSGBSKZMZOOC-UHFFFAOYSA-N,CCCN1CCc2cccc3c2C1Cc1cccc(OCCCN(CCCN2CCN(c4ccccc4OC)CC2)S(C)(=O)=O)c1-3,6.991399828238082,1,0.0,2011,2011,2011,Ki,B,1
QNPXMHDZEWNMNS-OAHLLOKOSA-N,CCCCCCNC[C@H]1CCc2ccc(O)cc2O1,6.991058846827466,2,1.0310269856803433,2014,2014,2014,Ki,B,1
PFALMGBZVKYODL-UHFFFAOYSA-N,CCOc1ccccc1N1CCN(Cc2c[nH]c3ccccc23)CC1,6.987162775294828,1,0.0,2013,2013,2013,Ki,B,1
WBVCIPQEKGGLDT-UHFFFAOYSA-N,CCCN1CCN(c2ccc3c(c2)CN(S(=O)(=O)c2ccccc2)C3)CC1,6.987162775294828,1,0.0,2016,2016,2016,Ki,B,1
LMUWKYOZOCNQDQ-UHFFFAOYSA-N,COc1cccc2[nH]cc(CN3CCC(O)(c4ccc(I)cc4)CC3)c12,6.985568031578586,2,0.10172135831116833,2010,2014,2012,Ki,B,2
IEYDEPWJEHAEPC-UHFFFAOYSA-N,CCCN(CCCCN1CCN(c2cccc(Cl)c2Cl)CC1)Cc1ccc2ccccc2c1,6.982966660701219,1,0.0,2011,2011,2011,Ki,B,1
HKDOASHONDCKDU-UHFFFAOYSA-N,Clc1ccc(N2CCN(CCCCc3nc4ccccc4s3)CC2)nc1,6.982966660701219,1,0.0,2023,2023,2023,Ki,B,1
PHVGLTMQBUFIQQ-UHFFFAOYSA-N,CNCCC=C1c2ccccc2CCc2ccccc21,6.98090856700467,2,0.33058882223177627,,,,IC50;Ki,B,1
XYLLCILLEMTVLF-UHFFFAOYSA-N,COc1ccc(F)cc1C1CC1CN(CCCSc1nnc(-c2ccccc2)n1C)C(C)C,6.980053318321158,1,0.0,2020,2020,2020,Ki,B,1
WGOUWABLRGOCPZ-UHFFFAOYSA-N,NC(=O)c1ccn(-c2cccc(OC(=O)NCCN3CCN(c4ccccc4)CC3)c2)c1,6.979411270669388,2,0.0008493338705061528,2019,2019,2019,Ki,B,1
IPVZGUMYDUWBRS-UHFFFAOYSA-N,Cc1cc(C(N)=O)c(-c2cccc(OC(=O)NCCN3CCN(c4ccccc4)CC3)c2)o1,6.979411270669388,2,0.0008493338705061528,2019,2019,2019,Ki,B,1
TYYIXERJKMDZBL-FQNRMIAFSA-N,CCC(C)N1CCC[C@@H](c2cccc(C#N)c2)C1,6.978810700930062,1,0.0,1994,1994,1994,Ki,B,1
MECLZKNUCVTNAZ-UHFFFAOYSA-N,O=C(c1cc2ccccc2[nH]1)N1CCN(CCOc2ccc(Br)cc2)CC1,6.978810700930062,2,0.0,2020,2023,2021,EC50,B,2
QSGQMVZHKGEIIG-UHFFFAOYSA-N,Cn1c(SCCCN2CCOC(c3ccc(C(F)(F)F)cc3)C2)nnc1-c1ccncc1,6.978810700930062,1,0.0,2020,2020,2020,Ki,B,1
JZSMSBPFOFGZLG-UHFFFAOYSA-N,OCC1(c2ccc(Cl)cc2)CCN(Cc2c[nH]c3ccccc23)CC1,6.97469413473523,1,0.0,2007,2007,2007,Ki,B,1
CNLDSVGVGIHOMF-INIZCTEOSA-N,CCOc1c(O)ccc2c1CN1CCc3cc(OC)c(O)cc3[C@@H]1C2,6.97469413473523,1,0.0,2017,2017,2017,Ki,B,1
MLTDYDQBGQSVJK-LSTHTHJFSA-N,CN(C[C@@H]1C[C@H]1CCNC(=O)c1cc2ccccc2[nH]1)[C@@H]1Cc2cccc3[nH]c(=O)n(c23)C1,6.97469413473523,1,0.0,2021,2021,2021,Ki,B,1
BZSXKGCWTZRLML-UHFFFAOYSA-N,CC(C)(C)c1nc(N2CCN(CCCCNC(=O)N3CCN(c4cc(C(F)(F)F)nc(C(C)(C)C)n4)CC3)CC2)cc(C(F)(F)F)n1,6.97469413473523,2,0.0,2017,2018,2017,Ki,B,2
ZPDRTNMTNCGFSU-UHFFFAOYSA-N,CCCN(CCCCNC(=O)c1ccc(-c2ccccn2)cc1)CC1CC1c1ccc(F)cc1,6.973466735476704,1,0.0,2020,2020,2020,Ki,B,1
LQRMVBGKOMVMNF-UHFFFAOYSA-N,O=C(CCCN1CCc2ccccc2CC1)c1ccc(Cl)cc1,6.972350979678691,2,0.0033137216596998173,2016,2016,2016,Ki,B,1
TXDNMFSXILPGFK-UHFFFAOYSA-N,COc1ccc2oc(C(=O)NCCC(F)CN3CCN(c4cccc(Cl)c4Cl)CC3)cc2c1,6.970786987771497,2,1.5925784551901612,2011,2011,2011,IC50;Ki,B;F,1
XHLHZPFSBCZVEA-HOFKKMOUSA-N,COc1cc2c(cc1OC)C1=NO[C@@H](CN3CCN(Cc4ccc5ccccc5c4)CC3)[C@@H]1CO2,6.97061622231479,1,0.0,2005,2005,2005,Ki,B,1
BFNRVMJMTPNWFK-UHFFFAOYSA-N,O=C1c2ccccc2S(=O)(=O)N1CCCCN1CCN(c2cccc(C(F)(F)F)c2)CC1,6.97061622231479,2,0.0,2007,2021,2014,Ki,B,2
RWOJEGLVFGCYFU-UHFFFAOYSA-N,Cn1c(SCCCN2CCOC(c3ccc(C(F)(F)F)cc3)C2)nnc1-c1ccc(C#N)cc1,6.97061622231479,1,0.0,2020,2020,2020,Ki,B,1
PMBDKZARCOUAFU-UHFFFAOYSA-N,Cc1nc(N)sc1CCCN/C(N)=N/C(=O)NCC(C)C1CCCCC1,6.9700052334996805,2,0.5515581646725007,2021,2021,2021,EC50;Ki,B;F,1
DPOUSVNUKWQWOC-UHFFFAOYSA-N,COc1ccccc1N1CCN(CCCNC(=O)Cc2cccc3ccccc23)CC1,6.96657624451305,1,0.0,2003,2003,2003,Ki,B,1
KBDGMPYTNATHKA-UHFFFAOYSA-N,CCCN(CCc1ccsc1)CCc1ccsc1,6.96657624451305,1,0.0,2002,2002,2002,Ki,B,1
JGVZGPYSWWXYDX-UHFFFAOYSA-N,CN1CCN(c2ccc3c(c2)CCN3S(=O)(=O)c2ccccc2)CC1,6.96657624451305,1,0.0,2016,2016,2016,Ki,B,1
SGTNSNPWRIOYBX-UHFFFAOYSA-N,COc1ccc(CCN(C)CCCC(C#N)(c2ccc(OC)c(OC)c2)C(C)C)cc1OC,6.9655732531642505,2,0.33246208866457955,,,,IC50;Ki,B,1
XHSRFVQGNJCGAD-GUDVDZBRSA-N,CO[C@H](C)C(=O)N[C@H]1CC[C@H](CCN2CCN(c3nccc4c3CCO4)CC2)CC1,6.961379838050297,1,0.0,2013,2013,2013,Ki,B,1
RILXDJGPJCVJME-UHFFFAOYSA-N,O=c1[nH]c2cc(Cl)ccc2n1C1CCN(CCCCc2nc3ccccc3o2)CC1,6.961282433022918,2,0.0018258473413201757,2016,2016,2016,Ki,B,1
LDYKPEZBHFCCGD-UHFFFAOYSA-N,COc1cc(OC(=O)NCCCCN2CCN(c3ccccc3OC)CC2)ccc1-c1cccc(C(N)=O)c1,6.959991363986458,3,0.8369480518473555,2017,2017,2017,EC50,F,1
WPLCSVMMEFEPPZ-UHFFFAOYSA-N,O=C(NCCCN1CCN(c2cccc(Cl)c2Cl)CC1)c1ccc2c(c1)Cc1ccccc1-2,6.958607314841775,1,0.0,2001,2001,2001,Ki,B,1
RVBDWZKWSXQLMF-WBVHZDCISA-N,CNc1cc(OC)c(C(=O)NC[C@H]2CN(Cc3ccccc3)C[C@H]2C)cc1Cl,6.958607314841775,1,0.0,1999,1999,1999,Ki,B,1
DHMRDBMKJIHQOM-UHFFFAOYSA-N,CCOC(=O)c1[nH]c2ccccc2c1CCN(C)C,6.958607314841775,1,0.0,2001,2001,2001,Ki,B,1
OILMYNCOJBGIHH-UHFFFAOYSA-N,OC1(c2ccc(Br)cc2)CCN(Cc2c[nH]c3ccccc23)CC1,6.958607314841775,1,0.0,2010,2010,2010,Ki,B,1
BGMQCQHMPBHOMK-UHFFFAOYSA-N,COc1cc(COCCOCCOCCOCCOCc2ccc(N3CCN(CCCCNC(=O)c4ccccc4)CC3)c(OC)c2)ccc1N1CCN(CCCCNC(=O)c2ccccc2)CC1,6.958607314841775,1,0.0,2012,2012,2012,Ki,B,1
CALYWAMIHCNUMA-UHFFFAOYSA-N,O=Cc1cnn2cc(OCCCCN3CCN(c4cccc(Cl)c4Cl)CC3)ccc12,6.958607314841775,3,1.007290701501749,2014,2014,2014,EC50;Ki,B;F,1
BTJSYOUOQORWBA-UHFFFAOYSA-N,COc1cc2c(cc1O)C1Cc3ccc(OCCCO)c(OC)c3CN1CC2,6.958607314841775,1,0.0,2016,2016,2016,Ki,B,1
WEYXUHPIPVELRK-UHFFFAOYSA-N,Oc1ccc(N2CCNCC2)c2c1OCCO2,6.958607314841775,1,0.0,2017,2017,2017,Ki,B,1
GVELBPROBDYNNT-UHFFFAOYSA-N,COc1ccccc1N1CCN(CCCNC(=O)NN(Cc2ccc(-c3ccccc3)cc2)c2ccc(F)cc2)CC1,6.958607314841775,1,0.0,2019,2019,2019,Ki,B,1
WCSZBBHBUPLUCU-UHFFFAOYSA-N,CC(C)(C)c1nc(N2CCN(CCCCNC(=O)N3CCc4[nH]c5ccccc5c4C3)CC2)cc(C(F)(F)F)n1,6.958607314841775,3,0.9031325314493451,2017,2018,2017,Ki,B,2
OVRUYISKGGXOPK-UHFFFAOYSA-N,CC(C)(C)c1cc(N2CCN(CCCCNC(=O)N3CCN(c4ccccc4)CC3)CC2)cc(C(C)(C)C)c1,6.958607314841775,2,0.0,2017,2018,2017,Ki,B,2
JVNXUQVOPMMEKB-UHFFFAOYSA-N,COc1ccccc1N1CCN(CCCCn2cc(-c3ccc(Br)cc3)nn2)CC1,6.955852379121277,1,0.0,2013,2013,2013,Ki,B,1
YZIXUQBOLGXTJS-UHFFFAOYSA-N,OC1(c2ccc(Cl)c(Cl)c2)CCN(Cc2c[nH]c3ccccc23)CC1,6.954677021213342,3,0.24668726818371575,2007,2008,2007,EC50;Ki,B;F,2
ACUOSRXKTFDQLE-IOWSJCHKSA-N,CCc1cc(Cl)c(OC)c(N2CCN(C[C@@H]3C[C@@H](O)CN3CCC(C(=O)N(C)C)(c3ccccc3)c3ccccc3)CC2)c1,6.954677021213342,5,1.0488844750964899,2023,2023,2023,EC50;IC50;Ki,B;F,1
WCFAGISVWLBGAX-UHFFFAOYSA-N,Fc1ccc(C(OC2CC3CCC(C2)N3Cc2cccc3ccccc23)c2ccc(F)cc2)cc1,6.950781977329818,1,0.0,2001,2001,2001,Ki,B,1
HDONYUOCHXODQS-UHFFFAOYSA-N,CCOc1ccccc1N1CCN(Cc2cccs2)CC1,6.950781977329818,1,0.0,2013,2013,2013,Ki,B,1
JYIFYWJACLGHFJ-UHFFFAOYSA-N,COc1ccc(N2CCC3(CCN(CCCSc4nnc(-c5ccccc5)n4C)CC3)CC2)c(OC)c1,6.950781977329818,1,0.0,2019,2019,2019,Ki,B,1
LVLYBVZQVHNPHM-UHFFFAOYSA-N,O=C(NCCCCN1CCN(c2ccnc3cc(C(F)(F)F)ccc23)CC1)N1CCN(c2ccccc2)CC1,6.950781977329818,2,0.0,2017,2018,2017,Ki,B,2
AGPVWRLINFFKSF-UHFFFAOYSA-N,Cn1c(SCCCN2CCOC(c3ccc(C(F)(F)F)cc3)C2)nnc1-c1ccsc1,6.950781977329818,1,0.0,2020,2020,2020,Ki,B,1
VGOPWFPTLSPLJJ-UHFFFAOYSA-N,COc1ccccc1N1CCN(CC(F)CCNC(=O)c2cc3ccccc3o2)CC1,6.950090645192384,2,0.8393970153738135,2011,2011,2011,IC50;Ki,B;F,1
OWXFTDUHWKXJTL-GOSISDBHSA-N,CCCN(CCc1cccs1)[C@@H]1CCc2ccc(OC)cc2C1,6.94692155651658,1,0.0,1996,1996,1996,Ki,B,1
HEHAZZLOEUQBDS-MUUNZHRXSA-N,CN[C@@H]1Cc2cccc3c2n(c(=O)n3CCCCCCCCCCOCCCCc2ccccc2)C1,6.94692155651658,1,0.0,2017,2017,2017,Ki,B,1
SEDSBEYYCSPKRY-UHFFFAOYSA-N,CCN(CCCSc1nnc(-c2ccccc2)n1C)CC1CC1c1cc(F)ccc1OCCF,6.946537395074545,1,0.0,2020,2020,2020,Ki,B,1
NSTMABOREYEUNT-UHFFFAOYSA-N,CCCN1CCCC2c3cccc(OS(=O)(=O)C(F)(F)F)c3CCC21,6.94446960896509,2,1.0084865952156283,1994,1994,1994,Ki,B,1
AXBFMZJKFVTDQU-UHFFFAOYSA-N,O=C(c1cc2ccccc2[nH]1)N1CCN(CCOc2ccc(Cl)cc2)CC1,6.943095148663527,2,0.0,2020,2023,2021,EC50,B,2
LRGIFVDEYMWDOX-UHFFFAOYSA-N,Cc1cc(OCCN2CCN(C(=O)c3cc4ccccc4[nH]3)CC2)ccc1Cl,6.943095148663527,1,0.0,2020,2020,2020,EC50,B,1
FYSSSSIVDTYBFD-SFHVURJKSA-N,COc1ccc(Br)cc1-c1nc(CNC[C@@H]2CCN(Cc3ccccc3)C2)cs1,6.939302159646388,1,0.0,2000,2000,2000,Ki,B,1
WNDBXZVUUVHVNV-SFHVURJKSA-N,CC(C)Cc1ccc(CCNC[C@H](O)c2ccc(O)c3[nH]c(=O)sc23)cc1,6.939302159646388,1,0.0,2014,2014,2014,Ki,B,1
YDESBRPNQFQEGA-HXUWFJFHSA-N,CCCN[C@@H]1Cc2cccc3c2n(c(=O)n3CCCCNC(=O)c2cc3ccccc3[nH]2)C1,6.939302159646388,1,0.0,2017,2017,2017,Ki,B,1
CJXHLCBUPVLQCG-UHFFFAOYSA-N,COc1ccc(C(=O)N2CCN(CCOc3ccccc3)CC2)cc1,6.939302159646388,1,0.0,2020,2020,2020,EC50,B,1
KARLVIFVRFFIOE-UHFFFAOYSA-N,COc1ccc(C(=O)N2CCN(CCOc3cccnc3)CC2)c(C)c1,6.935542010773082,2,0.0,2020,2023,2021,EC50,B,2
VJKSHVBEJFBNJR-UHFFFAOYSA-N,CCc1cccc(N2CCN(CCC(C(=O)N(C)C)(c3ccccc3)c3ccccc3)CC2)c1Cl,6.933342341550576,2,0.3221699660833381,2021,2021,2021,Ki,B,1
VTSGZNIOFXBPQI-UHFFFAOYSA-N,CCCN(CCc1ccsc1)CCc1cccs1,6.931814138253838,1,0.0,2002,2002,2002,Ki,B,1
LIKMSWCFNPHNGP-UHFFFAOYSA-N,Fc1ccc(SCCCN2CCc3ccccc3C2)cc1,6.929058544445764,2,0.0013301410436370924,2016,2016,2016,Ki,B,1
DDFVILDYNDAEIK-UHFFFAOYSA-N,COc1ccc2onc(N3CCN(CCCCNC(=O)c4ccc5c(c4)OCO5)CC3)c2c1,6.928117992693874,1,0.0,2006,2006,2006,Ki,B,1
IOPOIQNKSCJDRU-UHFFFAOYSA-N,O=C(c1ccc[nH]1)N1CCN(CCOc2cccnc2)CC1,6.928117992693874,2,0.0,2020,2023,2021,EC50,B,2
RHKLNFPODGBPGC-UHFFFAOYSA-N,Fc1ccc(CN2CCCC23CCN(Cc2cc4ccc(Cl)cc4[nH]2)C3)cc1F,6.928117992693874,1,0.0,2022,2022,2022,Ki,B,1
NBJHQMZILODBNP-UHFFFAOYSA-N,CC(C)(C)c1nc(N2CCN(CCCCNC(=O)N3CCN(C4CC4)CC3c3ccccc3)CC2)cc(C(F)(F)F)n1,6.928117992693874,2,0.0,2017,2018,2017,Ki,B,2
AAPXNHMQKBDDJN-GCJKJVERSA-N,Cc1ncoc1-c1nnc(SCCCN2CC[C@]3(C[C@@H]3c3ccccc3)C2)n1C,6.925033639106168,2,1.166775126771098,2016,2016,2016,Ki,B,1
ZGUGWUXLJSTTMA-UHFFFAOYSA-N,CN(C)CCCN1c2ccccc2Sc2ccccc21,6.924698524103495,2,0.33439416994767707,,,,IC50;Ki,B,1
RTLWHVNMZFCSDU-UHFFFAOYSA-N,Clc1ccc(N2CCN(CCCCCc3nc4ccccc4o3)CC2)cc1,6.924453038607469,1,0.0,2014,2014,2014,Ki,B,1
DIQJJEOAZURXOK-LLVKDONJSA-N,CC[C@@H](O)CN1CCN(c2cccc(Cl)c2Cl)CC1,6.924453038607469,1,0.0,2017,2017,2017,Ki,B,1
MTJDLXLLSRKTMU-HZCBDIJESA-N,O=C(N[C@H]1CC[C@H](CCN2CCN(c3nccc4c3CCO4)CC2)CC1)c1cnc(N2CCOCC2)cn1,6.92299567320665,1,0.0,2013,2013,2013,Ki,B,1
APOMSSAGEAOUGO-UHFFFAOYSA-N,CN1CCN(C2=Nc3ccccc3Nc3ccc(Cl)cc32)CC1,6.920818753952375,1,0.0,1999,1999,1999,IC50,B,1
PUTIADDALKYHRM-LJQANCHMSA-N,COc1ccc(Br)cc1-c1nc(CNCC[C@@H]2CCN(Cc3ccccc3)C2)co1,6.920818753952375,1,0.0,2000,2000,2000,Ki,B,1
UGAZJRFHXXPSOK-UHFFFAOYSA-N,Cc1nn(C2CCN(Cc3cccc(Cl)c3)CC2)cc1-c1ccccc1,6.920818753952375,1,0.0,1999,1999,1999,Ki,B,1
NNGXRRFVMCSLCM-CYBMUJFWSA-N,CCCN[C@@H]1CCc2c(cccc2CS(=O)(=O)C(F)(F)F)C1,6.920818753952375,1,0.0,1995,1995,1995,Ki,B,1
TXOCLBKURYXNCG-SUMDDJOVSA-N,O=c1[nH]c2c(O)ccc([C@@H](O)CN[C@@H]3CCC[C@@H]3CCc3ccccc3)c2s1,6.920818753952375,1,0.0,2014,2014,2014,Ki,B,1
HZQQJAKATKCPDP-DDDLIOIYSA-N,O=C(N[C@H]1CC[C@H](CCN2CCN(c3nccc4c3CCO4)CC2)CC1)C1CCCO1,6.920818753952375,1,0.0,2013,2013,2013,Ki,B,1
OTKMHDVPFOECAQ-WCWDXBQESA-N,COc1ccccc1N1CCN(CCNC(=O)/N=N/c2ccc(F)cc2)CC1,6.920818753952375,1,0.0,2019,2019,2019,Ki,B,1
LXIKJZDRBXJBAY-UHFFFAOYSA-N,COc1ccc(N(Cc2ccccc2)NC(=O)NCCCN2CCN(c3ccccc3OC)CC2)cc1,6.920818753952375,1,0.0,2019,2019,2019,Ki,B,1
PKBLQXOBPRBPQT-UHFFFAOYSA-N,COc1cc2c(cc1O)CN(Cc1ccccc1CNC(=O)c1ccccc1OC)CC2,6.920818753952375,1,0.0,2021,2021,2021,Ki,B,1
HEPZPDOHSGVKLD-UHFFFAOYSA-N,COc1ccc(-c2ccccc2)c(CNC(=O)NCCCN2CCN(c3ccccc3OC)CC2)c1,6.920818753952375,1,0.0,2023,2023,2023,Ki,B,1
DWMRSXBZEPRVJO-IAGOWNOFSA-N,CCCN1CCO[C@@H]2c3cc4c(cc3CC[C@H]21)CCOC4=O,6.919987152892072,1,0.0,2009,2009,2009,Ki,B,1
ALTKABGEMCJWJH-UHFFFAOYSA-N,C=CCN(CC=C)CCc1c[nH]c2ccc(F)cc12,6.919987152892072,1,0.0,2016,2016,2016,Ki,B,1
BDHGPAIGJFULDV-UHFFFAOYSA-N,CN1CCC(c2ccc3c(c2)N(S(=O)(=O)c2ccccc2)CC3)CC1,6.91721462968355,1,0.0,2016,2016,2016,Ki,B,1
AUOXZICNYGBVPT-UHFFFAOYSA-N,Fc1ccccc1N1CCN(CCCCNc2ccc(-c3ccccc3)cn2)CC1,6.913640169325252,1,0.0,2010,2010,2010,Ki,B,1
GTISUCALIQQFFX-XMMPIXPASA-N,Cc1cccc(N2CCN(CCCCNC(=O)[C@H]3CCc4ccccc4N3)CC2)c1,6.913640169325252,1,0.0,2014,2014,2014,Ki,B,1
ULYBTXJNQXAQFS-UHFFFAOYSA-N,COc1cccc2c3c(oc12)CN(CCCCOc1ccc2ccc(=O)[nH]c2c1)CC3,6.91306408756314,6,0.8053236023769154,2023,2023,2023,EC50;Ki,B;F,1
SVSNQBMLUDOWHS-UHFFFAOYSA-N,Clc1cccc(N2CCN(Cc3c[nH]c4ccccc34)CC2)c1Cl,6.910094888560602,1,0.0,2013,2013,2013,Ki,B,1
RIQSGWHIWLLRTP-UHFFFAOYSA-N,COc1ccccc1N1CCN(CCCCNC(=O)CC(C)C)CC1,6.910094888560602,1,0.0,2016,2016,2016,Ki,B,1
ZXLUAMSMIJONAJ-UHFFFAOYSA-N,CCc1cccc(N2CCN(CC(O)CCNCCC(C(=O)N(C)C)(c3ccccc3)c3ccccc3)CC2)c1Cl,6.910094888560602,2,0.0,2021,2021,2021,Ki,B,1
QZCUWLCSQMYXFR-UHFFFAOYSA-N,CC(C)(C)c1cc(N2CCN(CCCCNC(=O)c3cn4ccccc4n3)CC2)cc(C(C)(C)C)c1,6.906578314837764,1,0.0,2014,2014,2014,Ki,B,1
SLXIGTACOFFTMI-LLVKDONJSA-N,CCCN(C)[C@@H]1Cc2cccc3[nH]c(=O)n(c23)C1,6.906352472653131,4,0.40883469798079014,2016,2016,2016,EC50;Ki,B,1
LVXYAFNPMXCRJI-SFHVURJKSA-N,O[C@@H](CCCN1CCN(c2ccccn2)CC1)c1ccc(F)cc1,6.903089986991944,1,0.0,1993,1993,1993,Ki,B,1
IKFBJNOEPLDTAT-UHFFFAOYSA-N,O=C1c2ccc(F)cc2CC1CCN1CCCN(c2ccc(Cl)cn2)CC1,6.901549376723629,2,0.0021787519357808834,2021,2021,2021,Ki,B,1
JZKQROSAHVWKPB-UHFFFAOYSA-N,c1ccc(CN2CC3COc4ccccc4C3C2)cc1,6.900008766455316,1,0.0,1999,1999,1999,Ki,B,1
DIRSMSWHIVFUOZ-UHFFFAOYSA-N,O=C(NCCCCN1CCc2ccc(OS(=O)(=O)C(F)(F)F)cc2C1)c1cccc(-c2ccccc2)c1,6.900008766455316,1,0.0,1999,1999,1999,Ki,B,1
NCTMTTCLCOVETH-UHFFFAOYSA-N,CCOc1c(C(=O)NCCN2CCN(c3cccc(C(F)(F)F)c3)CC2)cc(Br)c2ccccc12,6.900008766455316,1,0.0,1997,1997,1997,Ki,B,1
UYAJEEPVQYLWDN-UHFFFAOYSA-N,CCCN(CCCCNC(=O)c1ccc(-c2ccccc2)cc1)C1CCc2ncncc2C1,6.900008766455316,1,0.0,1999,1999,1999,Ki,B,1
AAIDTVFHOXBFSJ-SJLPKXTDSA-N,CC(C)CN1CCO[C@@H]2c3cc4c(cc3CC[C@H]21)CCO4,6.900008766455316,1,0.0,1997,1997,1997,Ki,B,1
CVPRWHZDWBRVGS-UHFFFAOYSA-N,Cc1nc2cc3c(cc2o1)CCN(CCCSc1nnc(-c2cccnc2)n1C)CC3,6.900008766455316,1,0.0,2008,2008,2008,Ki,F,1
VNUWHBRXYDCOFA-UHFFFAOYSA-N,CCc1nc2cc3c(c(C)c2o1)CCN(C(C)CCSc1nnc(-c2cccc4nc(C)ccc24)n1C)CC3,6.900008766455316,1,0.0,2008,2008,2008,Ki,F,1
WAWZDKTUQQRILI-UHFFFAOYSA-N,Cc1ccc2c(-c3nnc(SCCN4CCc5cc6nc(C(F)(F)F)oc6c(C)c5CC4)n3C)cccc2n1,6.900008766455316,1,0.0,2008,2008,2008,Ki,F,1
VYGLNPIKDOAMBL-UHFFFAOYSA-N,Cc1ccc2c(-c3nnc(SCCC(C)N4CCc5cc6c(cc5CC4)C(=O)N(C(C)C)C6)n3C)cccc2n1,6.900008766455316,1,0.0,2008,2008,2008,Ki,F,1
ZVQVWCQOAHBIGN-UHFFFAOYSA-N,O=C1N(CCN2Cc3ccccc3C2)CCN1c1csc2ccccc12,6.900008766455316,1,0.0,2009,2009,2009,Ki,F,1
HHTPKGOFGTYZBP-UHFFFAOYSA-N,O=C1N(CCN2Cc3ccccc3C2)CCN1c1ccc2occc2c1,6.900008766455316,1,0.0,2009,2009,2009,Ki,F,1
VASQQZAFIQDBHR-UHFFFAOYSA-N,O=C1N(CCN2Cc3ccccc3C2)CCN1Cc1cccc(Cl)c1,6.900008766455316,1,0.0,2009,2009,2009,Ki,F,1
SDVCLZNNONYWDK-UHFFFAOYSA-N,CC(C)N1CCN(CCN2CCN(c3ccc(F)c(C#N)c3)C2=O)CC1,6.900008766455316,1,0.0,2009,2009,2009,Ki,F,1
WNAKEYFAGBCYGF-UHFFFAOYSA-N,COc1cccc(CCN(C)CCN2CCN(c3cccc(Cl)c3)C2=O)c1,6.900008766455316,2,0.0,2009,2009,2009,Ki,B;F,2
IAUZWUKARUVEJL-UHFFFAOYSA-N,COc1ccc(CCN(C)CCN2CCN(c3cccc(Cl)c3)C2=O)cc1OC,6.900008766455316,2,0.0,2009,2009,2009,Ki,B;F,2
ZLUNFIBGQZUIIC-UHFFFAOYSA-N,Cc1cc(CN(C)CCN2CCN(c3cccc(Cl)c3)C2=O)on1,6.900008766455316,2,0.0,2009,2009,2009,Ki,B;F,2
JSJOIAGWCLDVRP-UHFFFAOYSA-N,Cn1c(CN2CCC(c3ccccc3)CC2)nc2ccccc21,6.900008766455316,1,0.0,2010,2010,2010,Ki,F,1
INKAJKATDMQGKQ-UHFFFAOYSA-N,Cc1ccc(N2CCN(CCN3CCCCCC3)C2=O)cc1,6.900008766455316,1,0.0,2010,2010,2010,Ki,F,1
RHSCKLKHJPKZNP-UHFFFAOYSA-N,O=c1n(CCCN2CCCCCC2)ccn1-c1cccc(Cl)c1,6.900008766455316,1,0.0,2010,2010,2010,Ki,F,1
ACFIBJLBHXWBFG-UHFFFAOYSA-N,Cc1ncoc1-c1nnc(SCCCN2CCC3CC3(c3ccccc3)C2)n1C,6.900008766455316,1,0.0,2010,2010,2010,Ki,F,1
VIPSEWNPWLYICF-UHFFFAOYSA-N,CCNC(=O)Nc1cccc(CCN2CCN(c3cccc4nc(C)ccc34)CC2)c1,6.900008766455316,1,0.0,2010,2010,2010,Ki,B,1
ZKVBATRJUREUMS-UHFFFAOYSA-N,Cn1c(SCCCN2CC3CCN(c4ccc(C#N)cc4)C3C2)nnc1-c1cnccn1,6.900008766455316,1,0.0,2016,2016,2016,Ki,B,1
ANTOILZBKKIMIM-UHFFFAOYSA-N,Cc1ccccc1N1CCC2CN(CCCSc3nnc(-c4cnccn4)n3C)CC21,6.900008766455316,1,0.0,2016,2016,2016,Ki,B,1
ROZYQPYBANRXCZ-OXJNMPFZSA-N,CN(C)[C@H]1c2cc3c(ccn3S(=O)(=O)c3ccccc3)cc2[C@@H]1CCO,6.900008766455316,1,0.0,2017,2017,2017,Ki,B,1
KIPATHUGBIVLFZ-UHFFFAOYSA-N,O=C(c1cc2ccccc2[nH]1)N1CCN(CCOc2ccc(F)cc2)CC1,6.899629454882437,3,0.0,2020,2023,2023,EC50,B,2
IHKSAHBRVXUIPJ-UHFFFAOYSA-N,Cn1c(SCCCN2CCOC(c3ccc(C(F)(F)F)cc3)C2)nnc1-c1ccc(-n2cnnc2)cc1,6.899629454882437,1,0.0,2020,2020,2020,Ki,B,1
BLGOAHHKRXNKKY-UHFFFAOYSA-N,Cn1cccc1-c1nnc(SCCCN2CCOC(c3ccc(C(F)(F)F)cc3)C2)n1C,6.899629454882437,1,0.0,2020,2020,2020,Ki,B,1
RZKVFRDPHKJKDU-UHFFFAOYSA-N,COc1cccc2cc(C(=O)NCCCCN3CCN(c4[nH]nc5ccccc45)CC3)oc12,6.896196279044043,1,0.0,2006,2006,2006,Ki,B,1
JYOIFSSKXBNYGV-UHFFFAOYSA-N,COc1ccccc1N1CCN(CCCCNC(=O)c2ccccc2)CC1,6.892790030352131,3,0.7266252010000744,2005,2012,2005,EC50;Ki,B;F,2
CASUKCWJIMZQFD-UHFFFAOYSA-N,OC1(c2ccc(Cl)cc2)CC2CCC(C1)N2Cc1c[nH]c2ncccc12,6.892790030352131,1,0.0,2009,2009,2009,Ki,B,1
WBGCNLMSYUBTIS-UHFFFAOYSA-N,Cc1ccc2[nH]c3c(c2c1)CN(C(=O)NCCCCN1CCN(c2cc(C(F)(F)F)nc(C(C)(C)C)n2)CC1)CC3,6.892790030352131,2,0.0,2017,2018,2017,Ki,B,2
MNAFRWGRFIBAQX-PGRDOPGGSA-N,Cc1ncoc1-c1nnc(SCCCN2CC[C@@]3(C[C@H]3c3ccc(C(F)(F)F)cc3)C2)n1C,6.890016705180107,1,0.0,2016,2016,2016,Ki,B,1
TZVCFPAWFHTJGC-UHFFFAOYSA-N,O=C1CCc2ccccc2N1CCCN1CCN(c2ccccc2[N+](=O)[O-])CC1,6.890016705180107,1,0.0,2022,2022,2022,Ki,B,1
PMHUNJLVEGNLQB-UHFFFAOYSA-N,CCCN(CCCCN1CCN(c2cccc(Cl)c2Cl)CC1)Cc1ccc2c(c1)Cc1ccccc1-2,6.889410289700751,1,0.0,2011,2011,2011,Ki,B,1
FUOWDZYYVJJPIW-SFHVURJKSA-N,CCCCOc1ccc(CCNC[C@H](O)c2ccc(O)c3[nH]c(=O)sc23)cc1,6.889410289700751,1,0.0,2014,2014,2014,Ki,B,1
CQEZTUMTHGCHPH-UHFFFAOYSA-N,CC(C)(C)c1nc(N2CCN(CCCCNC(=O)N3CCCC(c4ccccc4)CC3)CC2)cc(C(F)(F)F)n1,6.889410289700751,2,0.0,2017,2018,2017,Ki,B,2
MHNSOBBJZCWUGS-UHFFFAOYSA-N,CN1C2CCC1CC(OC(c1ccc(F)cc1)c1ccc(F)cc1)C2,6.887461719186804,2,0.06905565428157959,2001,2024,2012,Ki,B,2
WDOKGNOTOAMJEX-UHFFFAOYSA-N,C=CCN1C2CCC1CC(OC(c1ccc(F)cc1)c1ccc(F)cc1)C2,6.886056647693163,1,0.0,2001,2001,2001,Ki,B,1
OWRSWDTWKGARSX-UHFFFAOYSA-N,COc1ccc(N2CCN(CCCOc3ccc(-c4nc5ccccc5[nH]4)cc3)CC2)cc1,6.886056647693163,2,0.0,1995,2013,2004,Ki,B,2
WTYNOFOXDOHJBE-UHFFFAOYSA-N,CCc1c(-c2ccccc2)nc(O)n1C1CCN(Cc2ccccc2)CC1,6.886056647693163,1,0.0,1999,1999,1999,Ki,B,1
PGKMOUOGPCFQTK-QGZVFWFLSA-N,CCCN1CCc2cc(OC)cc3c2[C@H]1Cc1cccc(O)c1-3,6.886056647693163,1,0.0,2011,2011,2011,Ki,B,1
CXHLKGHIDPMPHM-UHFFFAOYSA-N,Fc1ccc(SCCCN2CCC(c3ccc(Cl)cc3)CC2)cc1,6.886056647693163,1,0.0,2012,2012,2012,Ki,B,1
OKNVKYBLZGATAL-JOCHJYFZSA-N,CN1CCc2ccc(Cc3ccc(O)c4ccccc34)c3c2[C@H]1Cc1ccc(O)c(O)c1-3,6.886056647693163,1,0.0,2013,2013,2013,Ki,B,1
VUTNNUCTOQWFCV-HKBQPEDESA-N,CCN1C(=O)c2ccccc2[S@+]([O-])c2ccc(C(=O)NCc3ccc(C#N)cc3)cc21,6.886056647693163,1,0.0,2014,2014,2014,Ki,B,1
VIWLZWWKOPKBFC-UHFFFAOYSA-N,Cc1ccccc1N1CCN(CCCCNC(=O)Oc2ccc(-c3ccccc3)cc2)CC1,6.886056647693163,1,0.0,2017,2017,2017,EC50,F,1
VRLVWZJMGUUUAL-UHFFFAOYSA-N,COc1ccccc1N1CCN(CCCNC(=O)NN(Cc2ccccc2)c2ccc(Cl)cc2)CC1,6.886056647693163,1,0.0,2019,2019,2019,Ki,B,1
UVHCYAYELJOQKF-UHFFFAOYSA-N,COc1ccccc1N1CCN(CCCNC(=O)NN(Cc2ccccc2)c2ccc(Br)cc2)CC1,6.886056647693163,1,0.0,2019,2019,2019,Ki,B,1
MHWQTAMSWKHOKQ-UHFFFAOYSA-N,COc1ccc(OCCN2CCN(C(=O)c3cc4ccc(C)cc4[nH]3)CC2)cc1,6.886056647693163,1,0.0,2020,2020,2020,EC50,B,1
MXKOYALXZMWGCQ-UHFFFAOYSA-N,CC(C)(C)c1nc(N2CCN(CCCCNC(=O)N3CCN(C(c4ccccc4)c4ccc(Cl)cc4)CC3)CC2)cc(C(F)(F)F)n1,6.886056647693163,2,0.0,2017,2018,2017,Ki,B,2
UFTIBGSCHURYQF-UHFFFAOYSA-N,COc1c(C(=O)NCCN2CCN(c3ccccc3)CC2)cc(C#N)c2ccccc12,6.882728704344236,1,0.0,1996,1996,1996,Ki,B,1
CHBCJGRXRVEKLM-UHFFFAOYSA-N,CCN(CC)CCCOc1ccc(-c2nc3ccccc3n2CCCCCCn2c(-c3ccc(OCCCN(CC)CC)cc3)nc3ccccc32)cc1,6.882728704344236,1,0.0,1995,1995,1995,Ki,B,1
OANPPORMDDJIER-SFHVURJKSA-N,CCCCOc1c(O)ccc2c1CN1CCc3cc(OC)c(O)cc3[C@@H]1C2,6.882728704344236,1,0.0,2017,2017,2017,Ki,B,1
UXQSBUSPGKCLJW-UHFFFAOYSA-N,CCCCCN1CCC(c2cccc(O)c2)C1,6.882728704344236,1,0.0,2018,2018,2018,Ki,B,1
WPDISOIHGGRFRZ-WGSAOQKQSA-N,O=C(N[C@H]1CC[C@H](CCN2CCN(c3nccc4c3CCO4)CC2)CC1)C1(O)CCC1,6.882066164960358,1,0.0,2013,2013,2013,Ki,B,1
HTSNFXAICLXZMA-UHFFFAOYSA-N,CCCN1CCCC(c2cccc(O)c2)C1,6.8794260687941495,3,0.12464172626996946,1993,2003,1993,Ki,B,2
LQBCESDPEUPBRS-UHFFFAOYSA-N,COc1c(C(=O)NCCN2CCN(c3ccc(Cl)cc3)CC2)cc(Br)c2ccccc12,6.8794260687941495,1,0.0,1996,1996,1996,Ki,B,1
AIJCIPNKOAOKBN-UHFFFAOYSA-N,COc1cccc2[nH]cc(CN3CCC(n4c(=O)[nH]c5ccccc54)CC3)c12,6.8794260687941495,1,0.0,2010,2010,2010,Ki,B,1
IGIZYVFIPJBSBU-UHFFFAOYSA-N,N#CC(CCNCCCCN1CCN(c2cccc(Cl)c2Cl)CC1)(c1ccccc1)c1ccccc1,6.8794260687941495,3,0.20161185746012913,2021,2021,2021,EC50;Ki,B;F,1
HUFKKUQWYKMUNC-UHFFFAOYSA-N,COc1ccccc1N1CCN(CCCCn2cc(-c3cccnc3)nn2)CC1,6.877784121727173,1,0.0,2013,2013,2013,Ki,B,1
OIVYFRNOFHRRJS-OUKQBFOZSA-N,CCN(CC)CCCOc1ccc(-c2nc3ccccc3n2C/C=C/Cn2c(-c3ccccc3)nc3ccccc32)cc1,6.876148359032914,1,0.0,1995,1995,1995,Ki,B,1
CZRAUIZNVBALPQ-UHFFFAOYSA-N,O=C1c2ccccc2C(=O)N1CCCCN1CCCN(C(c2ccccc2)c2ccccc2)CC1,6.876148359032914,1,0.0,2007,2007,2007,Ki,B,1
VASIIKBBVSZUHT-UHFFFAOYSA-N,Fc1ccccc1N1CCN(CCCCNc2ccccn2)CC1,6.876148359032914,1,0.0,2010,2010,2010,Ki,B,1
NIACINIBVJMBGI-UHFFFAOYSA-N,O=S(=O)(c1ccccc1)N1CCc2cc(N3CCNCC3)ccc21,6.876148359032914,1,0.0,2016,2016,2016,Ki,B,1
SOUMZFCXQXUPKF-LLVKDONJSA-N,CCCn1c(=O)n2c3c(cccc31)C[C@@H](NC)C2,6.87587845847269,4,0.2542271223275104,2016,2016,2016,EC50;Ki,B,1
SGEGOXDYSFKCPT-UHFFFAOYSA-N,N#Cc1ccc2[nH]cc(CCCCN3CCN(c4ccc5oc(C(N)=O)cc5c4)CC3)c2c1,6.875235015937287,1,0.0,2024,2024,2024,Ki,B,1
VLTGPTYNYZEWJR-UHFFFAOYSA-N,OC(CCNCc1ccc2c(c1)Cc1ccccc1-2)CN1CCN(c2cccc(Cl)c2Cl)CC1,6.872895201635192,1,0.0,2011,2011,2011,Ki,B,1
MQWDTDMXDZXQGS-UHFFFAOYSA-N,Cc1nc(N2CCN(CCCCNC(=O)c3cn4ccccc4n3)CC2)cc(C(C)(C)C)n1,6.872895201635192,3,0.0,2014,2018,2017,Ki,B,3
TYJMYUYKJNIAGF-UHFFFAOYSA-N,COc1ccccc1N1CCN(CCCCn2cc(-c3ccc(-c4cnco4)cc3)nn2)CC1,6.870954940112042,1,0.0,2013,2013,2013,Ki,B,1
UOTFFOLRZJNLDZ-UHFFFAOYSA-N,Cn1c(SCCCN2CCOC(c3ccc(C(F)(F)F)cc3)C2)nnc1-c1ccc(S(N)(=O)=O)cc1,6.8696662315049934,1,0.0,2020,2020,2020,Ki,B,1
IHBJWORPKYVGRO-UHFFFAOYSA-N,c1ccc(OCCCNCCOc2ccccc2)cc1,6.8682245709789385,2,0.002493936412542385,1997,2005,2001,Ki,B,2
ICJPCRXVYMMSJY-UHFFFAOYSA-N,CCCNC1CCc2c(cccc2OC)C1,6.866461091629782,1,0.0,1996,1996,1996,Ki,B,1
MDLAAYDRRZXJIF-UHFFFAOYSA-N,OC1(c2ccc(Cl)c(C(F)(F)F)c2)CCN(CCCC(c2ccc(F)cc2)c2ccc(F)cc2)CC1,6.866461091629782,1,0.0,2018,2018,2018,Ki,B,1
GCNYBTOKPNSCEU-ASMCULGUSA-N,CC1CN(c2ccc(C(=O)N[C@H]3CC[C@H](CCN4CCC(c5noc6cc(F)ccc56)CC4)CC3)cc2)CC(C)O1,6.864485719001213,2,0.0,2014,2014,2014,Ki,B,1
SLVMESMUVMCQIY-AJWVYOOVSA-N,CN1CCCC[C@H]1CCN1c2ccccc2Sc2ccc([S+](C)[O-])cc21,6.86390508427478,2,0.22397085510991757,2004,2004,2004,Ki,B,1
RNNAVTSFWMMVQG-UHFFFAOYSA-N,COc1ccccc1N1CCC2(CCN(CCCSc3nnc(-c4ccc(N(C)C)cc4)n3C)CC2)CC1,6.860120913598763,1,0.0,2019,2019,2019,Ki,B,1
LJPDJGGEVPZFMY-UHFFFAOYSA-N,CC(C)(C)c1nc(N2CCN(CCCCNC(=O)N3CCN(S(=O)(=O)c4ccccc4)CC3)CC2)cc(C(F)(F)F)n1,6.860120913598763,2,0.0,2017,2018,2017,Ki,B,2
DQQBAKJEWKQXPD-CQSZACIVSA-N,CCCN1CCC[C@@H](c2cccc(SC)c2)C1,6.856985199745905,1,0.0,1994,1994,1994,Ki,B,1
ONUMGROJBFLQKF-UHFFFAOYSA-N,CSc1ccc(C2(O)CCN(Cc3coc4ccccc34)CC2)cc1,6.856985199745905,1,0.0,2007,2007,2007,Ki,B,1
WPCDISAMCIQSPK-XMMPIXPASA-N,CN[C@@H]1Cc2cccc3c2n(c(=O)n3CCCCCCOCCCCc2ccccc2)C1,6.856985199745905,1,0.0,2017,2017,2017,Ki,B,1
CXVWRWOFYFBNKU-OZBJMMHXSA-N,CC1Cc2ccccc2N1C(=O)NCCCCN(C)[C@H]1Cc2cccc3[nH]c(=O)n(c23)C1,6.856985199745905,1,0.0,2021,2021,2021,Ki,B,1
LCBLLUUMVDTFHY-UHFFFAOYSA-N,COc1ccccc1N1CCN(CCCNC(=O)Cc2ccc3ccccc3c2)CC1,6.853871964321762,1,0.0,2003,2003,2003,Ki,B,1
BXEHOLVBINGZIE-UHFFFAOYSA-N,Cc1c(-c2ccccc2)n(C)c(=O)n1C1CCN(Cc2ccccc2)CC1,6.853871964321762,1,0.0,1999,1999,1999,Ki,B,1
UZSMYCXKQUZNLV-UHFFFAOYSA-N,Nc1nc(-c2ccc(Cl)cc2)cc(C2CCN(Cc3ccccc3)CC2)n1,6.853871964321762,1,0.0,1997,1997,1997,Ki,B,1
PMMMMZICRVMUKQ-UHFFFAOYSA-N,c1ccc(N2CCN(Cc3cnn(-c4ccccc4)c3)CC2)cc1,6.853871964321762,3,0.002228814995708198,2006,2013,2007,Ki,B,3
DPLNSFBAHKTNGS-UHFFFAOYSA-N,CCCN(CCCCNC(=O)c1ccc(-c2ccccc2)cc1)C1CCCCC1,6.853871964321762,1,0.0,2008,2008,2008,Ki,B,1
VSLHVYXAJARFNB-UHFFFAOYSA-N,O=C(CCCN1CCC(O)(c2ccc(Cl)cc2)CC1)c1ccc(OCCSSCCO)cc1,6.853871964321762,1,0.0,2017,2017,2017,Ki,B,1
YQKDABBJXATHLA-OCOZRVBESA-N,COc1ccccc1N1CCN(CCCNC(=O)/N=N/c2ccc(F)cc2)CC1,6.853871964321762,1,0.0,2019,2019,2019,Ki,B,1
DJIHVEIRASRGEQ-UHFFFAOYSA-N,COc1cc2c(cc1O)CN(Cc1ccccc1CNC(=O)c1cccc(Cl)c1)CC2,6.853871964321762,1,0.0,2021,2021,2021,Ki,B,1
QMHQSKUJOYRTHB-UHFFFAOYSA-N,COc1cc2c(cc1O)CN(Cc1ccccc1CNC(=O)c1ccc(F)cc1)CC2,6.853871964321762,1,0.0,2021,2021,2021,Ki,B,1
LUNVFEQWDLSWQQ-UHFFFAOYSA-N,O=C(CCCN1CCN(c2cccnc2)CC1)c1ccc(F)cc1,6.851941753915143,2,0.002729729735274282,2021,2021,2021,Ki,B,1
KPQQZVGMKIYWDG-SSEXGKCCSA-N,CN[C@@H]1Cc2cccc3c2n(c(=O)n3CCCCCCCCCCCCOCCCCc2ccccc2)C1,6.85078088734462,1,0.0,2017,2017,2017,Ki,B,1
XRJGWSMTLAFHBN-UHFFFAOYSA-N,C=CCN(CC=C)CCc1c[nH]c2ccc(Cl)cc12,6.850011543508524,1,0.0,2016,2016,2016,Ki,B,1
WQZFEWCVIZACIS-UHFFFAOYSA-N,OC1(c2ccccc2)CCN(Cc2cc3ccccc3s2)CC1,6.847711655616944,1,0.0,2010,2010,2010,Ki,B,1
OXKMARLXXNQVMY-CTNGQTDRSA-N,CCCN(CCCCNC(=O)c1cc2ccccc2[nH]1)C[C@H]1C[C@@H]1c1cccc(Cl)c1Cl,6.845271792559844,3,0.9482359567805182,2020,2020,2020,EC50;Ki,B;F,1
UDUOGLZZYDDSKR-UHFFFAOYSA-N,FC(F)(F)c1cccc(N2CCN(CCCCNc3ccc(-c4ccccc4)cn3)CC2)c1,6.844663962534938,1,0.0,2010,2010,2010,Ki,B,1
WTLKEIKBWCDFDL-UHFFFAOYSA-N,O=C(CCCN1CCc2ccccc2C1)c1ccc(O)cc1,6.842337956076475,2,0.003289469879724739,2016,2016,2016,Ki,B,1
QSZLXCAZDSBUTB-MDZDMXLPSA-N,CN(C)CCCOc1ccc(-c2nc3ccccc3n2C/C=C/Cn2c(-c3ccc(OCCCN(C)C)cc3)nc3ccccc32)cc1,6.84163750790475,1,0.0,1995,1995,1995,Ki,B,1
OMKRQXYKQXMQEL-SFHVURJKSA-N,CCCCOc1cccc(CCNC[C@H](O)c2ccc(O)c3[nH]c(=O)sc23)c1,6.84163750790475,1,0.0,2014,2014,2014,Ki,B,1
AYAGRFXLIOXRCZ-UHFFFAOYSA-N,O=C(NCCCCN1CCN(c2ccccc2)CC1)c1ccccn1,6.84163750790475,1,0.0,2014,2014,2014,Ki,B,1
FWIXCSGJXQPKPA-UHFFFAOYSA-N,CCCCN1CCN(c2cc(CC)cc(Cl)c2OC)CC1,6.839667266667351,2,1.142896994800679,2016,2016,2016,IC50;Ki,B,1
UBVYCNOXGQYSRQ-QGZVFWFLSA-N,COc1c(C(=O)N[C@@H]2CCN(Cc3ccccc3)C2)cc(Br)c2ccccc12,6.83889035263304,2,0.33492870893936116,2003,2003,2003,Ki,B,1
ZJAXDNQQFMPNAV-UHFFFAOYSA-N,CC(C)Oc1cccnc1N(C)C1CCN(Cc2ccc(I)cc2)CC1,6.838631997765026,2,0.0,2017,2021,2019,Ki,B,2
YLZYYZWHNZPVBP-AFARHQOCSA-N,O=C(Cc1noc2ccccc12)N[C@H]1CC[C@H](CCN2CCC(c3coc4ccccc34)CC2)CC1,6.838003474577555,2,0.0,2014,2014,2014,Ki,B,1
BSWBATABCUZHGT-UHFFFAOYSA-N,COc1ccccc1N1CCN(CCCCOc2ccc(-c3cn4cc(C)ccc4n3)cc2)CC1,6.835647144215563,1,0.0,2007,2007,2007,Ki,B,1
ASFIQZWALJTDCY-UHFFFAOYSA-N,CCc1cc(Cl)c(OC)c(C(=O)NCC2CCCN2CCCCNCCC(C(=O)N(C)C)(c2ccccc2)c2ccccc2)c1O,6.835647144215563,3,0.5964469992853246,2021,2021,2021,IC50;Ki,B;F,1
ZZJDFRAENYUPMH-RZFKFIIISA-N,CC(C)(C)c1ccc(C(=O)N[C@H]2CC[C@H](CCN3CCN(c4nccc5c4CCO5)CC3)CC2)cc1,6.833569886156718,1,0.0,2013,2013,2013,Ki,B,1
DERZBLKQOCDDDZ-JLHYYAGUSA-N,C(=C\c1ccccc1)/CN1CCN(C(c2ccccc2)c2ccccc2)CC1,6.832050503987444,2,0.33014963366247224,,,,IC50;Ki,B,1
COGCORROFSOJTQ-UHFFFAOYSA-N,Cc1cc(C(N)=O)c(-c2cccc(OC(=O)NCCN3CCN(c4ccccc4)CC3)c2)s1,6.829870373769236,2,0.00018680228744512287,2019,2019,2019,Ki,B,1
BHMLBWLDIQFCIS-UHFFFAOYSA-N,Cc1cc(N2CCN(CCCCNC(=O)c3cn4ccccc4n3)CC2)nc(C(F)(F)F)n1,6.8297382846050425,1,0.0,2014,2014,2014,Ki,B,1
SKVXOYIMICHFPV-UHFFFAOYSA-N,O=C1NCN(c2ccccc2)C12CCN(Cc1cccc(Oc3ccccc3)c1)CC2,6.826813731587726,1,0.0,2001,2001,2001,IC50,B,1
AQQFXOLTZFTABW-UHFFFAOYSA-N,CN(CCCC12CCC(c3ccccc31)c1ccccc12)Cc1ccc(OCCCN2CCCCC2)cc1,6.826813731587726,1,0.0,2009,2009,2009,Ki,B,1
CDDUMSDWPMBQGF-KRWDZBQOSA-N,CCCc1ccc(CCNC[C@H](O)c2ccc(O)c3[nH]c(=O)sc23)cc1,6.826813731587726,1,0.0,2014,2014,2014,Ki,B,1
HWPBJQCGTNVQQO-UHFFFAOYSA-N,CCCCN1CCc2ccc(C#N)cc2C1,6.826813731587726,1,0.0,2017,2017,2017,Ki,B,1
CQTUBBGJACSDPZ-UHFFFAOYSA-N,Fc1ccc(-c2cncc(CN3CCN(c4ncccn4)CC3)c2)cc1,6.823908740944319,1,0.0,1998,1998,1998,IC50,B,1
VCSRUJJOQUHUJC-MRVPVSSYSA-N,N[C@@H]1CCc2c(F)cccc2C1,6.823908740944319,1,0.0,1996,1996,1996,Ki,B,1
DUKNIHFTDAXJON-RCZCSUKSSA-N,C[C@@H]1C[C@@H](C)N1C(=O)[C@@H]1C=C2c3cccc4[nH]cc(c34)CC2N(C)C1,6.823908740944319,1,0.0,2002,2002,2002,Ki,B,1
MXJQVJALKSFQKU-UHFFFAOYSA-N,Cn1c(-c2ccccc2)cn(C2CCN(Cc3ccccc3)CC2)c1=O,6.823908740944319,1,0.0,1999,1999,1999,Ki,B,1
VZFYQAAXSLVYIL-UHFFFAOYSA-N,CCCN(CCCCn1cc(-c2ccc(-c3ccccc3)cc2)nn1)C1CC=C(C#Cc2ccccc2)CC1,6.823908740944319,1,0.0,2008,2008,2008,Ki,B,1
WRBKFBAHOMAFKJ-WGSAOQKQSA-N,CCOCC(=O)N[C@H]1CC[C@H](CCN2CCN(c3nccc4occc34)CC2)CC1,6.823908740944319,1,0.0,2013,2013,2013,Ki,B,1
LNBKOOVQBZWETK-UHFFFAOYSA-N,COc1cccc(CN(NC(=O)NCCCN2CCN(c3ccccc3OC)CC2)c2ccc(F)cc2)c1,6.823908740944319,1,0.0,2019,2019,2019,Ki,B,1
GSHJIIAYCVNFDZ-UHFFFAOYSA-N,COc1ccc2c(c1)c(C1=CCNCC1)cn2S(=O)(=O)c1cncc2ccccc12,6.823908740944319,1,0.0,2016,2016,2016,Ki,B,1
PVMKVNICRVBAGQ-UHFFFAOYSA-N,COc1ccccc1N1CCN(CCCNC(=O)NCc2cc(F)ccc2-c2ccccc2)CC1,6.823908740944319,1,0.0,2023,2023,2023,Ki,B,1
PXWQDDTVMQMYJG-UHFFFAOYSA-N,COc1ccc2c(c1)Cc1ccccc1CCN(C)CC2,6.822463500070137,1,0.0,2006,2006,2006,Ki,B,1
DJMIEPKZTXXUDK-UHFFFAOYSA-N,Cc1ccc(OCCN2CCN(C(=O)c3cc4ccccc4[nH]3)CC2)cc1,6.821023052706831,2,0.0,2020,2023,2021,EC50,B,2
UNTNFKPMHAXOEK-UHFFFAOYSA-N,Clc1ccc(N2CCCN(CCCCc3nc4ccccc4s3)CC2)cc1,6.818156412055227,1,0.0,2012,2012,2012,Ki,B,1
SPZVYNXXPJLBRR-KRWDZBQOSA-N,CCCc1cccc(CCNC[C@H](O)c2ccc(O)c3[nH]c(=O)sc23)c1,6.818156412055227,1,0.0,2014,2014,2014,Ki,B,1
TYUKINNXLNULMD-UHFFFAOYSA-N,Cc1nc(N)sc1CCCN/C(N)=N/C(=O)NCC(C)CCCc1ccccc1,6.815015637095264,2,0.6152059221739631,2021,2021,2021,EC50;Ki,B;F,1
MKCVGRWVINXSAR-UHFFFAOYSA-N,Cn1cc(CN2CCC(O)(c3ccc(Cl)cc3)CC2)c2ccccc21,6.814773064001138,2,0.27060979494010684,2007,2007,2007,EC50;Ki,B;F,1
OWXFTDUHWKXJTL-SFHVURJKSA-N,CCCN(CCc1cccs1)[C@H]1CCc2ccc(OC)cc2C1,6.8124792791635365,1,0.0,1996,1996,1996,Ki,B,1
KTQASNDGWLUTPN-UHFFFAOYSA-N,Cc1ccc(CN2CCC(n3c(O)nc4ccccc43)CC2)c(Cl)c1,6.8124792791635365,1,0.0,2001,2001,2001,IC50,B,1
JQBHQHNVJCDNEL-PYDOFHOQSA-N,C[C@H]1CO[C@@H](c2ccc(N)nc2)CN1C[C@H]1C[C@H]1CCNC(=O)c1cc2ccccc2[nH]1,6.8124792791635365,1,0.0,2021,2021,2021,Ki,B,1
YFYVWKOXKJTAMY-UHFFFAOYSA-N,Clc1ccc(C(=CCCN2CCc3ccccc3C2)c2ccc(Cl)cc2)cc1,6.811953437768858,2,0.016907351893017987,2016,2016,2016,Ki,B,1
BIZMGZSJEDDVNF-UHFFFAOYSA-N,Cc1ccc(CC(C)CNC(=O)/N=C(\N)NCCCc2sc(N)nc2C)cc1,6.81000838965565,2,0.36771111060839945,2021,2021,2021,EC50;Ki,B;F,1
KHGQUBQJPRFGKU-UHFFFAOYSA-N,Clc1cccc(N2CCN(CCCOc3ccc(-c4nc5ccccc5[nH]4)cc3)CC2)c1,6.809668301829708,2,0.0,1995,2013,2004,Ki,B,2
AOEZTGSRIVCHEA-UHFFFAOYSA-N,COc1ccc(OCCN2CCN(C(=O)c3cc4ccc(OC)cc4[nH]3)CC2)cc1,6.809668301829708,2,0.0,2020,2023,2021,EC50,B,2
UKWKGPXTOBMYJV-UHFFFAOYSA-N,Clc1cccc(N2CCN(CCCOc3ccc(-c4cn5ccccc5n4)cc3)CC2)c1Cl,6.806875401645538,1,0.0,2007,2007,2007,Ki,B,1
XGVOVCYYDQWLJC-UHFFFAOYSA-N,OC1(c2ccc(Cl)c(Cl)c2)CCN(Cc2n[nH]c3ccccc23)CC1,6.806875401645538,1,0.0,2007,2007,2007,Ki,B,1
KERODJLVCVZLOA-UHFFFAOYSA-N,Cc1ccc(N2CCN(CCCCc3ccc(F)cc3)CC2)nc1,6.803436768119468,4,0.0039705919838418325,2014,2021,2017,Ki,B,2
VXPJDPSEYZZZEM-GFCCVEGCSA-N,CCCCN[C@@H]1CCc2c(F)cccc2C1,6.801342913045577,1,0.0,1996,1996,1996,Ki,B,1
CQPLSAHLVMGWEI-UHFFFAOYSA-N,CCCN(CCC)C1CCc2nc(OC)ccc2C1,6.801342913045577,1,0.0,1995,1995,1995,Ki,B,1
KCLMHEWINSXASY-UHFFFAOYSA-N,Cc1ccc2c(-c3nnc(SCCCN4CCc5nc6ccc(C(F)(F)F)cn6c5CC4)n3C)cccc2n1,6.799998134593398,1,0.0,2008,2008,2008,Ki,F,1
NAFIXABLSKOHPB-UHFFFAOYSA-N,Cc1ccn2c3c(nc2c1)CCN(CCCSc1nnc(-c2cccc4nc(C)ccc24)n1C)CC3,6.799998134593398,1,0.0,2008,2008,2008,Ki,F,1
MDWSQWMMLXSJIP-UHFFFAOYSA-N,CC(=O)N1CCOc2cc3c(cc21)CCN(CCCSc1nnc(-c2cccc4nc(C)ccc24)n1C)CC3,6.799998134593398,1,0.0,2008,2008,2008,Ki,F,1
VPCYWMAVRBKXBM-UHFFFAOYSA-N,Cc1ncoc1-c1nnc(SCCCN2CCc3cc4onc(C)c4cc3CC2)n1C,6.799998134593398,1,0.0,2008,2008,2008,Ki,F,1
OYUFXMRRZYKKDL-UHFFFAOYSA-N,Cc1nc2cc3c(cc2o1)CCN(CCCSc1nnc(-c2ocnc2C)n1C)CC3,6.799998134593398,1,0.0,2008,2008,2008,Ki,F,1
VANBZHNBQWYEMT-UHFFFAOYSA-N,O=C1N(CCN2Cc3ccccc3C2)CCN1Cc1cc(Cl)ccc1Cl,6.799998134593398,1,0.0,2009,2009,2009,Ki,F,1
GJGAZYGASNPFFE-UHFFFAOYSA-N,O=C1N(CCN2Cc3ccccc3C2)CCN1Cc1ccc(Cl)cc1,6.799998134593398,1,0.0,2009,2009,2009,Ki,F,1
UQEVQFAMCLYPTJ-UHFFFAOYSA-N,CC(C)N1CCN(CCN2CCN(c3cccc(Cl)c3F)C2=O)CC1,6.799998134593398,1,0.0,2009,2009,2009,Ki,F,1
RBSYHARPLIHIDB-UHFFFAOYSA-N,COc1cccc(N2CCN(CCN3CCN(C(C)C)CC3)C2=O)c1,6.799998134593398,1,0.0,2009,2009,2009,Ki,F,1
FJWCYEPZDVUXMR-UHFFFAOYSA-N,CN1CCN(CCN2CCN(c3cccc(Cl)c3)C2=O)CC1,6.799998134593398,1,0.0,2009,2009,2009,Ki,F,1
JATQVZAOCJUHTI-MCPYQZEQSA-N,COCC1[C@@H]2CC[C@H]1CN(CCN1CCN(c3cccc(Cl)c3)C1=O)C2,6.799998134593398,2,0.0,2009,2009,2009,Ki,B;F,2
INZVCQWDAXDGMY-UHFFFAOYSA-N,O=C1N(CCN2CCC(c3nnc(-c4ccccc4)o3)CC2)CCN1c1cccc(Cl)c1,6.799998134593398,2,0.0,2009,2009,2009,Ki,B;F,2
NGVUDBRNEJJAEO-UHFFFAOYSA-N,Cc1ncoc1-c1nnc(SCCCN2CCC3(c4ccccc4)CC3C2)n1C,6.799998134593398,1,0.0,2010,2010,2010,Ki,F,1
JLHIRWIMDKSLJU-UHFFFAOYSA-N,Cc1ncoc1-c1nnc(SCCCN2CCC3(CCc4cc(F)ccc43)C2)n1C,6.799998134593398,1,0.0,2010,2010,2010,Ki,F,1
ZCJYRUIJZMZVJE-UHFFFAOYSA-N,CC(=O)Nc1cccc(CCN2CCN(c3cccc4nc(C)ccc34)CC2)c1,6.799998134593398,1,0.0,2010,2010,2010,Ki,B,1
FQLLNWUUMBPODU-UHFFFAOYSA-N,O=C1CCc2ccccc2N1CCCN1CCN(c2ccccc2-c2ccccc2)CC1,6.799998134593398,1,0.0,2025,2025,2025,Ki,B,1
MVKKLGNVARQKRP-UHFFFAOYSA-N,O=C(CCCN1CCCN(c2ccc(Cl)cc2)CC1)c1ccc(F)cc1,6.799149501908922,1,0.0,2008,2008,2008,Ki,B,1
GTISUCALIQQFFX-DEOSSOPVSA-N,Cc1cccc(N2CCN(CCCCNC(=O)[C@@H]3CCc4ccccc4N3)CC2)c1,6.798602875679549,1,0.0,2014,2014,2014,Ki,B,1
WDZRVYQTJKWKOX-UHFFFAOYSA-N,c1ccc(N2CCN(Cc3cnn(-c4ccccn4)c3)CC2)cc1,6.797939075968737,2,0.0029119486327177308,2006,2007,2006,Ki,B,2
LGUNRSBYISSUIH-UHFFFAOYSA-N,CNc1cc(OC)c(C(=O)NC2CCN(Cc3ccccc3)CC2)cc1Cl,6.795880017344075,1,0.0,2003,2003,2003,Ki,B,1
VCKOBAOVBZHUOW-UHFFFAOYSA-N,Clc1ccc(-c2cc(C3CCN(Cc4ccccc4)CC3)[nH]n2)cc1,6.795880017344075,1,0.0,1997,1997,1997,Ki,B,1
HWOUIMXZGKRMNK-UHFFFAOYSA-N,O=C1NCN(c2ccccc2)C12CCN(Cc1ccc3c(c1)OCO3)CC2,6.795880017344075,1,0.0,2001,2001,2001,IC50,B,1
KRMPDMJUDCQCAJ-YADHBBJMSA-N,O=C(NC[C@H]1C[C@H]1CN1CCN(c2cccc(Cl)c2Cl)CC1)c1ccc(-c2ccccn2)cc1,6.795880017344075,1,0.0,2007,2007,2007,Ki,B,1
BBOKZSYVAQYXBY-UHFFFAOYSA-N,CCOCCOCc1ccn2ncc(C(=O)NCCCN3CCN(c4ccccc4OC)CC3)c2c1,6.795880017344075,1,0.0,2012,2012,2012,Ki,B,1
IESJRUUOIHDONG-UHFFFAOYSA-N,Fc1ccc(SCCCN2CCN(c3ccccn3)CC2)cc1,6.795880017344075,2,0.0,2012,2014,2013,Ki,B,2
IOFOPIMDJBEBFZ-UHFFFAOYSA-N,COc1ccccc1N1CCN(Cc2cc(CN3CCCCC3)c3cccccc2-3)CC1,6.795880017344075,1,0.0,2012,2012,2012,Ki,B,1
KHEBQTBTKXEQAN-UHFFFAOYSA-N,O=C(CCCCCCCCCCCCC(=O)OC1(c2ccc(Cl)cc2)CCN(CCCC(=O)c2ccc(F)cc2)CC1)OC1(c2ccc(Cl)cc2)CCN(CCCC(=O)c2ccc(F)cc2)CC1,6.795880017344075,1,0.0,2014,2014,2014,Ki,B,1
DXAXPAZZEGLINI-UHFFFAOYSA-N,O=C1COc2c(N3CCNCC3)ccc(O)c2N1,6.795880017344075,1,0.0,2017,2017,2017,Ki,B,1
HZGOWCHMTFRONC-UHFFFAOYSA-N,COc1ccccc1N1CCN(CCCNC(=O)NN(Cc2ccccc2F)c2ccc(F)cc2)CC1,6.795880017344075,1,0.0,2019,2019,2019,Ki,B,1
RNWJQFRWBPTMAA-UHFFFAOYSA-N,COc1ccc(OCCN2CCN(C(=O)c3cc4c(Cl)cccc4[nH]3)CC2)cc1,6.795880017344075,2,0.0,2020,2023,2021,EC50,B,2
RBHDUKXJDDGJKI-UHFFFAOYSA-N,COc1ccc(OC(C)CN2CCN(C(=O)c3ccc(OC)cc3)CC2)cc1,6.795880017344075,1,0.0,2020,2020,2020,EC50,B,1
DLMFTGKXTGDZCJ-UHFFFAOYSA-N,CN1CCN(c2cccc3c2CN(S(=O)(=O)c2ccccc2)C3)CC1,6.795880017344075,1,0.0,2016,2016,2016,Ki,B,1
PCLRRDSRKSMPGP-UHFFFAOYSA-N,COc1cc2c(cc1O)CN(Cc1ccccc1CNC(=O)c1ccc(Br)cc1)CC2,6.795880017344075,1,0.0,2021,2021,2021,Ki,B,1
XYAFTCLJGUGMBU-UHFFFAOYSA-N,O=C(NCCCCN1CCN(c2ccc3ccccc3n2)CC1)c1cn2cccnc2n1,6.79317412396815,2,0.0,2017,2018,2017,Ki,B,2
YSXQGNHRJOWSCW-UHFFFAOYSA-N,[O-][S+](CCCN1CCc2ccccc2C1)c1ccc(F)cc1,6.791588413942891,2,0.00224253262371286,2016,2016,2016,Ki,B,1
KAHXPONUPROIRS-UHFFFAOYSA-N,O=C(CCCN1CCc2ccccc2C1)c1ccccc1,6.791588413942891,2,0.00224253262371286,2016,2016,2016,Ki,B,1
QJIHBQHUALITFU-UHFFFAOYSA-N,CN(CCC(O)CN1CCN(c2cccc(Cl)c2Cl)CC1)Cc1ccc2c(c1)Cc1ccccc1-2,6.790484985457369,1,0.0,2011,2011,2011,Ki,B,1
RVYPAMKCWJPLSH-UHFFFAOYSA-N,Fc1ccc2c(c1)CC(CCN1CCc3ccccc3C1)C2,6.790484985457369,1,0.0,2016,2016,2016,Ki,B,1
OIDVIVFTQMTONJ-UHFFFAOYSA-N,CCCCCCN1CCC(c2cccc(O)c2)C1,6.790484985457369,1,0.0,2018,2018,2018,Ki,B,1
GBECAOYRFRVNTA-UHFFFAOYSA-N,O=C1c2ccccc2CCN1CCCCN1CCN(c2cccc(Cl)c2Cl)CC1,6.790002703917631,1,0.0,2009,2009,2009,Ki,B,1
PCHGCRMRRUZREQ-UHFFFAOYSA-N,O=c1[nH]c2cc(Cl)ccc2n1C1CCN(CCCCc2nc3ccccc3s2)CC1,6.7889075497568365,2,0.0015487818670851087,2016,2016,2016,Ki,B,1
BNLMWAKHHJZPTH-UHFFFAOYSA-N,Cc1ccccc1N1CCN(CCCCc2cc(-c3cccs3)no2)CC1,6.787812395596042,1,0.0,2002,2002,2002,Ki,B,1
FLNJSRMYQSEHEU-UHFFFAOYSA-N,Cc1ccc(N2CCN(CCCSc3ccc(F)cc3)CC2)nc1,6.784774606607562,2,0.02152931974473585,2014,2014,2014,Ki,B,1
KGZXVJFWNYBRFY-UHFFFAOYSA-N,O=C(NCCCCN1CCN(c2cccc(Cl)c2Cl)CC1)Oc1ccc(-c2ccccc2)cc1,6.784318117920506,4,1.1101146242557827,2017,2020,2017,EC50,F,2
XBMPNPGMBILBPP-UHFFFAOYSA-N,COc1ccccc1N1CCN(CCCN2CCc3ncsc3CC2)CC1,6.779996573843064,1,0.0,2019,2019,2019,Ki,B,1
MLOKWLKRFPWEHA-UHFFFAOYSA-N,COc1ccc2[nH]c3c(c2c1)CN(C(=O)NCCCCN1CCN(c2cc(C(F)(F)F)nc(C(C)(C)C)n2)CC1)CC3,6.779891911959945,2,0.0,2017,2018,2017,Ki,B,2
ULJLEPAGNIGYJX-UHFFFAOYSA-N,c1ccc(N2CCN(CCCCCNC3=Nc4ccccc4OC3)CC2)cc1,6.777283528852417,1,0.0,1997,1997,1997,Ki,B,1
KWKXRMCRBPRGNX-UHFFFAOYSA-N,COc1ccc(OCCN2CCN(C(=O)c3cc4cccnc4[nH]3)CC2)cc1,6.777283528852417,2,0.0,2020,2023,2021,EC50,B,2
XZMLRFQMXJLGRF-UHFFFAOYSA-N,CC(C)(C)c1nc(N2CCN(CCCCNC(=O)C3CCN(c4ccc(C(F)(F)F)cn4)CC3)CC2)cc(C(F)(F)F)n1,6.777283528852417,2,0.0,2017,2018,2017,Ki,B,2
DEFGNQZVXMMHQJ-UHFFFAOYSA-N,COc1ccccc1N1CCC12CCN(CCCSc1nnc(-c3ccccc3)n1C)CC2,6.772113295386326,1,0.0,2017,2017,2017,Ki,B,1
MJWITHOHGGKZJZ-UHFFFAOYSA-N,Cc1ccc(OCCNCCCOc2ccccc2)cc1,6.771062229420758,2,0.0014864317434557116,1997,2005,2001,Ki,B,2
BTSCZNWXJQSJIE-UHFFFAOYSA-N,CN(C)CC1CC2c3ccccc3Cc3ccccc3N2O1,6.770011163455189,3,1.0877919644084146e-15,2002,2002,2002,IC50,B,3
CVHDGXBLAOQADH-UHFFFAOYSA-N,O=C(NCCCN1CCN(c2cccc(Cl)c2Cl)CC1)c1cccc2c1Cc1ccccc1-2,6.769551078621726,1,0.0,2001,2001,2001,Ki,B,1
KXDIYSZQVVAYOA-OAHLLOKOSA-N,CCCN1CCC[C@@H](c2cccc(S(=O)(=O)N(C)C)c2)C1,6.769551078621726,1,0.0,1994,1994,1994,Ki,B,1
BGJDVOKZOHLJPT-UHFFFAOYSA-N,c1ccc2c(c1)CCN(Cc1c[nH]c3ncccc13)C2,6.769551078621726,1,0.0,1999,1999,1999,Ki,B,1
NUEKBJSFUOTLCO-UHFFFAOYSA-N,COc1cccc(N2CCN(CCCCNC(=O)c3ccc4nonc4c3)CC2)c1,6.769551078621726,1,0.0,2009,2009,2009,Ki,B,1
BBDKMDPFSHNKJZ-UHFFFAOYSA-N,CCOCCOc1cccc(C(=O)NCCCN2CCN(c3ccccc3OC)CC2)c1,6.769551078621726,1,0.0,2012,2012,2012,Ki,B,1
QAESTHCUZJPQGF-UHFFFAOYSA-N,COc1ccccc1N1CCN(CCCNC(=O)NN(Cc2ccccc2)c2ccccc2)CC1,6.769551078621726,1,0.0,2019,2019,2019,Ki,B,1
QYAUUWJPEUPHAT-UHFFFAOYSA-N,COc1cc2c(cc1O)CN(Cc1ccccc1CNC(=O)c1cccc(Br)c1)CC2,6.769551078621726,1,0.0,2021,2021,2021,Ki,B,1
WHEWCDCGFVTYAK-UHFFFAOYSA-N,Cn1c(SCCCN2CCOC(c3ccc(C(F)(F)F)cc3)C2)nnc1-c1cccnc1,6.769551078621726,1,0.0,2020,2020,2020,Ki,B,1
YHPPFQXIQZIMOW-CYBMUJFWSA-N,CCCN1CCC[C@@H](c2cccc(Br)c2)C1,6.767003889607846,1,0.0,1994,1994,1994,Ki,B,1
VQKRNRNICNEGLE-GXFFZTMASA-N,CCCN[C@@H]1CCc2c(OS(=O)(=O)C(F)(F)F)cccc2[C@@H]1C,6.767003889607846,1,0.0,1994,1994,1994,Ki,B,1
FGHOMVBEDZJTLR-GOSISDBHSA-N,CN(CCCCNC(=O)c1cc2ccccc2o1)[C@@H]1Cc2cccc3[nH]c(=O)n(c23)C1,6.765531097167269,4,0.8815313254822618,2016,2016,2016,EC50;Ki,B,1
UTSVFENYHGEOSM-UHFFFAOYSA-N,OC1(c2ccc(Cl)cc2)CC2CCC(C1)N2Cc1ccc(F)cc1,6.764471553092451,1,0.0,2009,2009,2009,Ki,B,1
JNAGEIMWCSOQKU-OCCSQVGLSA-N,C=CCN1CC[C@@H]2c3cccc(OS(=O)(=O)C(F)(F)F)c3CC[C@@H]21,6.761953896871205,1,0.0,1994,1994,1994,Ki,B,1
KOKVPXWLCVIJPN-UHFFFAOYSA-N,COc1ccccc1N1CCN(CC(O)CCn2cc(-c3ccccc3)nn2)CC1,6.761953896871205,1,0.0,2015,2015,2015,Ki,B,1
QFHMBWDXZWRJJD-BJQOMGFOSA-N,C[C@H]1COC(c2ccc(N)nc2)CN1CCCCOc1ccc2c(c1)NC(=O)CC2,6.761953896871205,1,0.0,2019,2019,2019,Ki,B,1
LQIJGBZSCQJUGS-UHFFFAOYSA-N,O=S(=O)(c1ccccc1)N1CCc2ccc(N3CCN(C4CCC4)CC3)cc21,6.761953896871205,1,0.0,2016,2016,2016,Ki,B,1
RKMYLISJWSNMBG-UHFFFAOYSA-N,CN1CCN(c2cccc3c2CCN3S(=O)(=O)c2ccccc2)CC1,6.761953896871205,1,0.0,2016,2016,2016,Ki,B,1
YBUOJMCAVXYQBO-UHFFFAOYSA-N,COc1ccccc1N1CCN(CNC(=O)c2ccc(C)cc2)CC1,6.7594507517174005,1,0.0,1997,1997,1997,Ki,B,1
YLJUQDZJFUBUSL-UHFFFAOYSA-N,Cn1c(SCCCN2CCOC(c3ccc(C(F)(F)F)cc3)C2)nnc1-c1cnccn1,6.7594507517174005,1,0.0,2020,2020,2020,Ki,B,1
PJVALUSGGUHVON-KRWDZBQOSA-N,CCCOc1c(O)ccc2c1CN1CCc3cc(OC)c(O)cc3[C@@H]1C2,6.756961951313706,1,0.0,2017,2017,2017,Ki,B,1
BDECJFBHDUVJRU-UHFFFAOYSA-N,COc1cccc(-c2ccc3c(c2)CCN(Cc2ccccc2)C3)c1,6.756961951313706,1,0.0,2018,2018,2018,Ki,B,1
KAURFNYKOIEFHA-UHFFFAOYSA-N,COc1ccccc1N1CCN(CCCOc2ccc(-c3cn4cc(C)ccc4n3)cc2)CC1,6.75448733218585,1,0.0,2007,2007,2007,Ki,B,1
NZCZNMGSFLEVRM-UHFFFAOYSA-N,O=C(NCN1CCN(c2ccccc2Cl)CC1)c1ccccc1,6.752026733638194,1,0.0,1997,1997,1997,Ki,B,1
TXYPYDVBBSFEGP-UHFFFAOYSA-N,Cc1ccc(OCCCNCCOc2ccc(Cl)cc2)cc1,6.751010852575648,2,0.0014366727764090021,1997,2005,2001,Ki,B,2
UWXLBLFCZDJRKI-NNMXDRDESA-N,CN(CC[C@@H]1CC[C@@H](CNC(=O)c2cc3ccccc3[nH]2)C1)[C@@H]1Cc2cccc3[nH]c(=O)n(c23)C1,6.747448762618475,2,0.5168906154700604,2021,2021,2021,Ki,B,1
ASXGJMSKWNBENU-CQSZACIVSA-N,CCCN(CCC)[C@@H]1CCc2cccc(O)c2C1,6.747146969020107,1,0.0,1995,1995,1995,Ki,B,1
FNWIXECQKCBEDQ-UHFFFAOYSA-N,Cc1c(-c2ccccc2)nc(O)n1C1CCN(Cc2ccc(Cl)cc2)CC1,6.7447274948966935,1,0.0,1999,1999,1999,Ki,B,1
XVYIADYYFNGCJZ-CMDGGOBGSA-N,C1=C(/C=C/c2ccccc2)CCN(CCc2c[nH]c3ncccc23)C1,6.7447274948966935,1,0.0,1999,1999,1999,Ki,B,1
NFWRARMIHODAKJ-UHFFFAOYSA-N,Cc1cc(N2CCN(C)CC2)c2c(c1)N(S(=O)(=O)c1ccc3ccccc3c1)C(C)CC2=O,6.7447274948966935,1,0.0,2011,2011,2011,IC50,B,1
ZLUCWPDQINEIOK-UHFFFAOYSA-N,Clc1ccc(N2CCN(CCCc3nc4ccccc4o3)CC2)cc1,6.7447274948966935,1,0.0,2014,2014,2014,Ki,B,1
QRRPJFYRWJVNBL-UHFFFAOYSA-N,COc1ccc(C(=O)NCc2ccccc2CN2CCc3cc(OC)c(O)cc3C2)cc1,6.7447274948966935,1,0.0,2021,2021,2021,Ki,B,1
KRMDCWKBEZIMAB-UHFFFAOYSA-N,CN(C)CCC=C1c2ccccc2CCc2ccccc21,6.739928612014925,3,0.28680859507567796,2009,2009,2009,IC50;Ki,B,2
WLQXVFLJINOZPU-UHFFFAOYSA-N,CCCCC(=O)NCCCCN(CCC)C1Cc2ccccc2C1,6.73786686561651,2,0.8749462943335607,2011,2011,2011,Ki,B,1
KILHLNJNPKNQHO-UHFFFAOYSA-N,CCN(CC)CCCOc1ccc(-c2nc3ccccc3n2Cc2ccc(Cn3c(-c4ccc(OCCCN(CC)CC)cc4)nc4ccccc43)cc2)cc1,6.735182176990463,1,0.0,1995,1995,1995,Ki,B,1
SDZGFAGZLJLJSV-UHFFFAOYSA-N,Clc1cccc(N2CCN(CCCCNc3cc(-c4ccccc4)ccn3)CC2)c1Cl,6.735182176990463,1,0.0,2010,2010,2010,Ki,B,1
DFTCYTDJDXZFSK-NUHJPDEHSA-N,CCCN1CC(c2ccc(N)nc2)OC[C@@H]1C,6.732828271596986,2,0.0,2019,2021,2020,Ki,B,2
UXAXXXXPTUTANS-UHFFFAOYSA-N,C1=C(CCN2CCc3ccccc3C2)CCc2ccccc21,6.732589588442702,2,0.003666473885897572,2016,2016,2016,Ki,B,1
VGKVZFQYJAJYLD-UHFFFAOYSA-N,CCc1cc(Cl)c(OC)c(N2CCN(CC(O)CCNC(=O)c3cc4ccccc4o3)CC2)c1,6.732384596402747,2,1.004244649584623,2016,2016,2016,IC50;Ki,B,1
YDUOGPTWZPFZHX-UHFFFAOYSA-N,O=C(NCCCCN1CCN(c2ccccn2)CC1)c1ccc2ccccc2n1,6.730487055782083,1,0.0,2014,2014,2014,Ki,B,1
GQVQHZLEHMPPJD-UHFFFAOYSA-N,O=C1CC(CN2CCC(c3noc4cc(F)ccc34)CC2)Cc2[nH]ncc21,6.72999699989494,1,0.0,2011,2011,2011,Ki,B,1
QMIUZKMFRCDUKI-UHFFFAOYSA-N,COc1ccccc1N1CCN(CCCCN2C(=O)c3ccccc3S2(=O)=O)CC1,6.7281583934635005,2,0.0,2007,2021,2014,Ki,B,2
VGEYSHNQKQOFLR-UHFFFAOYSA-N,OC1(c2ccc(Br)cc2)CCN(Cc2c[nH]c3ccc(OCCF)cc23)CC1,6.7258421507363195,1,0.0,2010,2010,2010,Ki,B,1
SNXPYOZDXRKEER-PMERELPUSA-N,CCCN1CCc2cccc3c2[C@@H]1Cc1cccc(OCCCCN2CCN(c4ccccc4OC)CC2)c1-3,6.723538195826755,1,0.0,2011,2011,2011,Ki,B,1
IOUKEEFTYOZOKJ-UHFFFAOYSA-N,C#CC1=CCC(N(CCC)CCC)CC1,6.721246399047171,9,1.1134621229545092,2000,2008,2000,EC50;Ki,B;F,2
YCAAJJCVIFKZBL-UHFFFAOYSA-N,COc1cccc2[nH]cc(CN3CCC(O)(c4ccc(Br)cc4)CC3)c12,6.721246399047171,1,0.0,2010,2010,2010,Ki,B,1
ZWNMRUMCFKVOHJ-UHFFFAOYSA-N,COc1ccccc1N1CCN(CCCNC(=O)NCc2ccccc2-c2ccc(C(C)C)cc2)CC1,6.721246399047171,1,0.0,2023,2023,2023,Ki,B,1
ULKPWZSJDGLNAA-ZWOKBUDYSA-N,C[C@H]1CN(CC[C@H]2CC[C@H](N3C(=O)CCC3=O)CC2)CCc2ccc(Cl)cc21,6.719649306953994,1,0.0,2021,2021,2021,Ki,B,1
BEKQWPIRNPOIER-UHFFFAOYSA-N,CCCN1CCc2cccc3c2C1Cc1cccc(OCc2cn(CCCN4CCN(c5ccccc5)CC4)nn2)c1-3,6.718966632752272,1,0.0,2011,2011,2011,Ki,B,1
GIJMBCTXZDHLHI-UHFFFAOYSA-N,Cc1ncoc1-c1nnc(SCCCN2CCOC(c3ccc(Br)cc3)C2)n1C,6.718966632752272,1,0.0,2020,2020,2020,Ki,B,1
RUVQMQUPSVELIK-UHFFFAOYSA-N,Cc1ccc(OCCNCCCOc2cccc(C)c2)cc1,6.718344909094132,2,0.0023279903990165033,1997,2005,2001,Ki,B,2
WTHYXVSYKDCUKR-UHFFFAOYSA-N,COc1ccccc1N1CCC2(CN(CCCSc3nnc(-c4ccccc4)n3C)C2)C1,6.71669877129645,1,0.0,2017,2017,2017,Ki,B,1
RFZCXQYQFWVWHZ-UHFFFAOYSA-N,COc1ccc(OCCN2CCN(C(=O)c3nc4ccccc4[nH]3)CC2)cc1,6.71669877129645,2,0.0,2020,2023,2021,EC50,B,2
CFBBXNURHJTUEK-UHFFFAOYSA-N,CN1C2CCC1CC(OC1c3ccccc3Cc3ccccc31)C2,6.714442690992226,1,0.0,2001,2001,2001,Ki,B,1
PORLBUSMWVWYQB-UHFFFAOYSA-N,c1ccc(-c2nc(CN3CCN(c4ccccc4)CC3)c[nH]2)cc1,6.714442690992226,1,0.0,1997,1997,1997,Ki,B,1
IPQCNTXEUDGNJY-UHFFFAOYSA-N,CC(=O)NC1(c2ccc(Cl)cc2)CCN(Cc2c[nH]c3ccccc23)CC1,6.714442690992226,1,0.0,2007,2007,2007,Ki,B,1
VFOLOUVNAQBRDB-UHFFFAOYSA-N,Cc1ccc(N2CCN(CCCOc3ccc(F)cc3)CC2)nc1,6.714075095454843,2,0.01991679104678432,2014,2014,2014,Ki,B,1
HBUZHZJOHCSLDL-PLQXJYEYSA-N,COc1ccccc1N1CCN(CCCCNC(=O)[C@H]2CC[C@@H](c3ccccc3)CC2)CC1,6.71306649227448,2,1.3761235406674095,2005,2005,2005,EC50;Ki,B;F,1
OLHTYSHHUSHAPW-UHFFFAOYSA-N,FC(F)(F)c1cccc(N2CCN(CCCCNc3cc(-c4ccccc4)ccn3)CC2)c1,6.7121982700697735,1,0.0,2010,2010,2010,Ki,B,1
ZATCCWHVTMAUCE-IYARVYRRSA-N,CC(C)(O)C(=O)N[C@H]1CC[C@H](CCN2CCN(c3nccc4c3CCO4)CC2)CC1,6.710857164067667,1,0.0,2013,2013,2013,Ki,B,1
IDTLNOOYTVGUDL-MBOZVWFJSA-N,C[C@@H]1CN(CC[C@H]2CC[C@H](NC(=O)N(C)C)CC2)CCc2ccc(Cl)cc21,6.710411047457404,1,0.0,2021,2021,2021,Ki,B,1
PUNOXAJECPGYQM-UHFFFAOYSA-N,O=C1CCc2ccccc2N1CCCCCN1CCN(c2ccccc2)CC1,6.710009933945681,1,0.0,2022,2022,2022,Ki,B,1
JJKPSOUEWPDPFS-UHFFFAOYSA-N,N#Cc1ccc(CCOC(=O)N2CCN(CCCC(c3ccc(F)cc3)c3ccc(F)cc3)CC2)cc1,6.709965388637482,1,0.0,2001,2001,2001,IC50,B,1
VJMHUOSOEAGNQW-UHFFFAOYSA-N,COc1ccccc1N1CCN(CCCCN2C(=O)Cc3ccccc32)CC1,6.709965388637482,1,0.0,2007,2007,2007,Ki,B,1
APIFLWWBMVHSHA-KRWDZBQOSA-N,CCCOc1c(O)cc(Br)c2c1CN1CCc3cc(OC)c(O)cc3[C@@H]1C2,6.709965388637482,1,0.0,2017,2017,2017,Ki,B,1
UENAJMHEKJGFHA-FQEVSTJZSA-N,CCCCCCOc1c(O)ccc2c1CN1CCc3cc(OC)c(O)cc3[C@@H]1C2,6.709965388637482,1,0.0,2017,2017,2017,Ki,B,1
YMRDVYNNWZFRFP-UHFFFAOYSA-N,Cc1ncoc1-c1nnc(SCCCN2CCOC(c3ccc(C(F)(F)F)cc3F)C2)n1C,6.709965388637482,1,0.0,2020,2020,2020,Ki,B,1
PUMDJZOMWDDEEH-UHFFFAOYSA-N,CN1CCc2cc(O)c(O)cc2C1Cc1ccccc1Br,6.707771853892044,2,0.0031651231655298565,2020,2020,2020,Ki,B,1
ANDAVALYLUYQOC-UHFFFAOYSA-N,CCc1cccc(N2CCN(CC(O)CCNC(=O)c3cc4ccccc4o3)CC2)c1Cl,6.707743928643524,3,1.3477267351351263,2016,2016,2016,EC50;IC50;Ki,B,1
UDQMXYJSNNCRAS-UHFFFAOYSA-N,Clc1cccc(N2CCNCC2)c1Cl,6.704652851666382,1,0.0,2012,2012,2012,Ki,B,1
RNMADLUWJVACLJ-UHFFFAOYSA-N,C=CCOc1cc(F)c(F)cc1C1CC1CN,6.703406938262596,2,0.009338046047310245,2016,2016,2016,Ki,B,1
BYOLGTZWXRPJPY-UHFFFAOYSA-N,COc1ccccc1N1CCN(CCCCNc2ccccn2)CC1,6.703334809738469,1,0.0,2010,2010,2010,Ki,B,1
OUUMIQPKQSKHBW-UHFFFAOYSA-N,FC(F)(F)c1cccc(N2CCN(CCCCNc3ccccn3)CC2)c1,6.703334809738469,1,0.0,2010,2010,2010,Ki,B,1
LHEQMLMJFATZEM-CQSZACIVSA-N,CCCN(C(C)C)[C@@H]1CCc2c(F)cccc2C1,6.701146923590294,1,0.0,1996,1996,1996,Ki,B,1
ZINLARKOVIPOJW-UHFFFAOYSA-N,COc1ccc(NS(=O)(=O)c2sc3ccc(Cl)cc3c2C)cc1N1CCN(C)CC1,6.699991797446187,2,0.0,1999,2002,2000,Ki,B,2
QCZONXSWEXKHJH-KYJUHHDHSA-N,CS(=O)(=O)Oc1ccc2c(c1)CC[C@H]1[C@H]2CCCN1CCCCNC(=O)c1ccc(-c2ccccc2)cc1,6.699991797446187,1,0.0,1998,1998,1998,Ki,B,1
LTYLABGSGXHAAP-UHFFFAOYSA-N,COc1c(C(=O)NCCN2CCN(c3ccc(Cl)c(Cl)c3)CC2)cc(Br)c2ccccc12,6.699991797446187,1,0.0,1997,1997,1997,Ki,B,1
CYWMNGWSZLCDHE-UHFFFAOYSA-N,COc1c(C(=O)NCCN2CCN(c3ccc(F)cc3F)CC2)cc(Br)c2ccccc12,6.699991797446187,1,0.0,1997,1997,1997,Ki,B,1
AZJRPMAIBIEISW-TZMCWYRMSA-N,c1c2c(cc3c1CC[C@H]1NCCO[C@H]31)OCC2,6.699991797446187,1,0.0,1997,1997,1997,Ki,B,1
KCFSZIDRLPEDRQ-UHFFFAOYSA-N,Cc1ncoc1-c1nnc(SCCCN2CCc3nc4cc(C(F)(F)F)ccn4c3CC2)n1C,6.699991797446187,1,0.0,2008,2008,2008,Ki,F,1
XHDPHPBWQCZQAX-UHFFFAOYSA-N,Cc1ncoc1-c1nnc(SCCCN2CCc3cc4nc(C5CC5)oc4cc3CC2)n1C,6.699991797446187,1,0.0,2008,2008,2008,Ki,F,1
PSMOCFUMBCKOPV-UHFFFAOYSA-N,Cc1ncoc1-c1nnc(SCCCN2CCc3cc4ncoc4cc3CC2)n1C,6.699991797446187,1,0.0,2008,2008,2008,Ki,F,1
YGOJZWAMJUGUJD-UHFFFAOYSA-N,CCc1nc2cc3c(c(Br)c2o1)CCN(CCSc1nnc(-c2cccc4nc(C)ccc24)n1C)CC3,6.699991797446187,1,0.0,2008,2008,2008,Ki,F,1
TTYSBVYYRWWKNF-UHFFFAOYSA-N,Cc1ccc(N2CCN(CCN3Cc4ccccc4C3)C2=O)s1,6.699991797446187,1,0.0,2009,2009,2009,Ki,F,1
KWAFUBLIEZQFJO-UHFFFAOYSA-N,O=C1N(CCN2Cc3ccccc3C2)CCN1c1cscc1-c1ccccn1,6.699991797446187,1,0.0,2009,2009,2009,Ki,F,1
GFDZRHZKBRJIGS-UHFFFAOYSA-N,CNc1ncc2c(n1)CC(CN1CCC(c3noc4cc(F)ccc34)CC1)CC2=O,6.699991797446187,1,0.0,2009,2009,2009,Ki,B,1
OSRBIQHRPHNLEN-UHFFFAOYSA-N,O=S(=O)(Nc1ccc2c(c1)CCN(Cc1cc[nH]n1)CC2)c1ccc(-c2ccccn2)s1,6.699991797446187,1,0.0,2009,2009,2009,Ki,F,1
ZGKITGMYHCRUFD-UHFFFAOYSA-N,Cc1ccc2c(N3CCN(CCc4cccc(N5CCOC5=O)c4)CC3)cccc2n1,6.699991797446187,1,0.0,2010,2010,2010,Ki,B,1
ANGUXJDGJCHGOG-UHFFFAOYSA-N,Cc1ccc2c(N3CCN(CCc4cccc(N5CCNC5=O)c4)CC3)cccc2n1,6.699991797446187,1,0.0,2010,2010,2010,Ki,B,1
XKHJTHWUWGJDOX-UHFFFAOYSA-N,Cc1ccc2c(N3CCN(CCc4cccc(NS(C)(=O)=O)c4)CC3)cccc2n1,6.699991797446187,1,0.0,2010,2010,2010,Ki,B,1
GOPXEUGGDXDMDT-UHFFFAOYSA-N,Cc1nc(N)sc1CCCN/C(N)=N/C(=O)NCC(C)CC1CCCCC1,6.699989402482391,2,0.25455327289819213,2021,2021,2021,EC50;Ki,B;F,1
RRLCBKCJYXFQHA-UHFFFAOYSA-N,c1cnc(N2CCN(Cc3cccc(-c4ccsc4)c3)CC2)nc1,6.698970004336019,1,0.0,1998,1998,1998,IC50,B,1
INZGZBABHYINRR-UHFFFAOYSA-N,Fc1ccc(-c2cncc(CN3CCN(c4ccc(F)cc4)CC3)c2)cc1,6.698970004336019,1,0.0,1998,1998,1998,IC50,B,1
HSIMYBORWJJPOY-UHFFFAOYSA-N,Fc1cccc(-c2cccc(CN3CCN(c4ncccn4)CC3)c2)c1,6.698970004336019,1,0.0,1998,1998,1998,IC50,B,1
NJTHDWRTKWUXOY-UHFFFAOYSA-N,COc1ccccc1N1CCN(Cc2cn(-c3ccc(OCCOCCOCCF)cc3)nn2)CC1,6.698970004336019,1,0.0,2013,2013,2013,Ki,B,1
CXYBQVQGXXMVAP-UHFFFAOYSA-N,COc1cccc(N2CCN(CCCCNC(=O)c3ccccn3)CC2)n1,6.698970004336019,1,0.0,2014,2014,2014,Ki,B,1
MLPGCAWHLVVATJ-UHFFFAOYSA-N,Brc1ccc(NCCN2CCN(CCc3c[nH]c4ccccc34)CC2)cc1,6.698970004336019,1,0.0,2015,2015,2015,Ki,B,1
VWGCBHSNAGFTHA-UHFFFAOYSA-O,O=C(NCCCCN1CC[N+]2(CCOc3ccccc32)CC1)c1cc2ccccn2n1,6.698970004336019,1,0.0,2017,2017,2017,Ki,B,1
JZWZIKZZZZQMOK-UHFFFAOYSA-N,O=C(c1cc2ncccc2[nH]1)N1CCN(CCOc2cccnc2)CC1,6.698970004336019,1,0.0,2020,2020,2020,EC50,B,1
GZVVQJFPHWQITG-UHFFFAOYSA-N,CCc1cccc(N2CCN(CCC(c3cccc(O)c3)c3cccc(O)c3)CC2)c1Cl,6.698970004336019,1,0.0,2021,2021,2021,Ki,B,1
JQMTWXCZSMHLMS-UHFFFAOYSA-N,CC(C)(C)c1nc(N2CCN(CCCCNC(=O)N3CCc4[nH]c5ccc(Cl)cc5c4C3)CC2)cc(C(F)(F)F)n1,6.698970004336019,2,0.0,2017,2018,2017,Ki,B,2
IZCLJDQWYJTBAN-UHFFFAOYSA-N,Cc1nc(N)sc1CCCN/C(N)=N/C(=O)NCC(C)CCc1ccccc1,6.694994617925373,2,0.9121594898340181,2021,2021,2021,EC50;Ki,B;F,1
KQZXADGECOXBKU-UHFFFAOYSA-N,CC(=O)Nc1ccc(CCCCN2CCN(c3ccccn3)CC2)cc1,6.691256016652804,2,0.0017648613578414196,2021,2021,2021,Ki,B,1
NPCJAOUAOGKSQN-UHFFFAOYSA-N,COc1ccc2[nH]cc(CN3CCC(O)(c4ccc(Cl)cc4)CC3)c2c1,6.690369832574101,1,0.0,2010,2010,2010,Ki,B,1
IKIWWXGJBAISGP-UHFFFAOYSA-N,O=C(NCCCCN1CCN(c2ncccn2)CC1)c1cc2ccccc2cn1,6.690369832574101,1,0.0,2014,2014,2014,Ki,B,1
NWOBFMIIGQBMFP-UHFFFAOYSA-N,O=C1CCc2cc(CCCCN3CCN(c4ccccn4)CC3)ccc2N1,6.688598122503366,2,0.0019939685956455256,2021,2021,2021,Ki,B,1
PGWQCIREQLHHHR-UHFFFAOYSA-N,COc1ccc(Br)cc1-c1nc(CNC2CCN(Cc3ccccc3)CC2)cs1,6.688246138944246,1,0.0,2000,2000,2000,Ki,B,1
UCGXXGOWEGSYJJ-UHFFFAOYSA-N,COc1cccc2c3c(oc12)CN(CCCCOc1ccc2c(c1)NC(=O)CC2)CC3,6.684334621715739,6,0.9760721739008418,2023,2023,2023,EC50;Ki,B;F,1
KAPVOFHRIOYFQH-UHFFFAOYSA-N,Cc1cccc(N2CCN(CCCCNc3ccccn3)CC2)c1C,6.684029654543082,1,0.0,2010,2010,2010,Ki,B,1
GUOQPFNLBAXWIZ-UHFFFAOYSA-N,Fc1ccc(OCCCN2CCN(c3ccccc3)CC2)cc1,6.684029654543082,1,0.0,2012,2012,2012,Ki,B,1
LILUJJCOIBEHSU-UHFFFAOYSA-N,Cc1ccc(N2CCN(Cc3ccc4c(c3)OCC(=O)N4)CC2)cc1,6.681936665037238,1,0.0,1999,1999,1999,Ki,B,1
QRTAKQZSFPJWGE-UHFFFAOYSA-N,Cn1c(SCCCN2CCC3(CC2)CCN(c2ccccc2F)CC3)nnc1-c1ccccc1,6.681936665037238,1,0.0,2019,2019,2019,Ki,B,1
FOHGNVLGHIBZAX-UHFFFAOYSA-N,COc1ccc(OCCN2CCN(C(=O)c3ccc4[nH]ccc4c3)CC2)cc1,6.681936665037238,2,0.0,2020,2023,2021,EC50,B,2
FTLMEDJIWYEYEA-UHFFFAOYSA-N,O=S(=O)(c1ccccc1)N1CCc2cc(N3CCN(C4CCC4)CC3)ccc21,6.681936665037238,1,0.0,2016,2016,2016,Ki,B,1
NLEQSFUEJXECJY-UHFFFAOYSA-N,Fc1ccc(OCCCN2CCCN(c3ccc(Cl)cc3)CC2)cc1,6.680269505669775,1,0.0,2012,2012,2012,Ki,B,1
USBLCVIHRKORFG-UHFFFAOYSA-N,O=C1c2ccccc2CCN1CCCN1CCN(c2cccc(Cl)c2Cl)CC1,6.679999195735272,1,0.0,2009,2009,2009,Ki,B,1
BKLNFYXUBNZNOT-UHFFFAOYSA-N,COc1ccccc1N1CCN(CCCN2CCCc3ccccc3C2=O)CC1,6.679999195735272,1,0.0,2009,2009,2009,Ki,B,1
QBWLTDPVSJCLIE-UHFFFAOYSA-N,OC1(c2ccc(Cl)c(C(F)(F)F)c2)CCN(CCCCC(c2ccc(F)cc2)c2ccc(F)cc2)CC1,6.679853713888946,1,0.0,2018,2018,2018,Ki,B,1
XNUNIHJOMFCFRQ-LIRRHRJNSA-N,COc1cc(N)c(Cl)cc1C(=O)N[C@H]1CCN(Cc2ccccc2)C[C@@H]1C,6.678273661756906,2,1.443482610739996,2003,2003,2003,Ki,B,1
JEEXKVNFXCLLCQ-IYARVYRRSA-N,c1cnc(N[C@H]2CC[C@H](CCN3CCN(c4cnccn4)CC3)CC2)nc1,6.6777807052660805,1,0.0,1998,1998,1998,Ki,B,1
RVBDWZKWSXQLMF-NVXWUHKLSA-N,CNc1cc(OC)c(C(=O)NC[C@@H]2CN(Cc3ccccc3)C[C@H]2C)cc1Cl,6.6777807052660805,1,0.0,1999,1999,1999,Ki,B,1
XOZFOKIHXFIGLO-UHFFFAOYSA-N,COc1ccccc1N1CCN(CCCCNS(=O)(=O)c2ccc(F)cc2)CC1,6.6777807052660805,1,0.0,2005,2005,2005,Ki,B,1
KMVWYPYWHLOVLW-UHFFFAOYSA-N,COc1ccccc1N1CCN(Cc2cc(C#Cc3ccccc3)c3cccccc2-3)CC1,6.6777807052660805,1,0.0,2012,2012,2012,Ki,B,1
JBVFOIKUFJIXQZ-UHFFFAOYSA-N,O=C(CCCCCCCCCCC(=O)OC1(c2ccc(Cl)cc2)CCN(CCCC(=O)c2ccc(F)cc2)CC1)OC1(c2ccc(Cl)cc2)CCN(CCCC(=O)c2ccc(F)cc2)CC1,6.6777807052660805,1,0.0,2014,2014,2014,Ki,B,1
LGRJUDYDLTXAOB-UHFFFAOYSA-N,[N-]=[N+]=NCCSSCCn1cc(C(=O)CCCN2CCC(O)(c3ccc(Cl)cc3)CC2)nn1,6.6777807052660805,1,0.0,2017,2017,2017,Ki,B,1
KGWRWVLYGMASQA-UHFFFAOYSA-N,COc1ccc(OCCN2CCN(C(=O)c3c[nH]c4ccccc34)CC2)cc1,6.6777807052660805,1,0.0,2020,2020,2020,EC50,B,1
QNKGTIWNFNPEJL-UHFFFAOYSA-N,O=S(=O)(c1cccc(F)c1)n1ccc2c(N3CCNCC3)nc3ccccc3c21,6.6777807052660805,1,0.0,2021,2021,2021,Ki,B,1
NUGWCMSUXVODFI-UHFFFAOYSA-N,COc1ccccc1N1CCN(CCCNC(=O)NCc2ccccc2-c2cccc(F)c2)CC1,6.6777807052660805,1,0.0,2023,2023,2023,Ki,B,1
ZLVAAOLZQMSQAG-UHFFFAOYSA-N,CCCN(CCc1cccs1)C1CCc2c(cccc2OC2CCCC2)C1,6.675717544702307,1,0.0,1996,1996,1996,Ki,B,1
HIFGIGWFWSVOEK-UHFFFAOYSA-N,FC1(c2ccc(Cl)cc2)CCN(Cc2c[nH]c3ccccc23)CC1,6.675717544702307,1,0.0,2007,2007,2007,Ki,B,1
RLJNOVFKZCYMTH-UHFFFAOYSA-N,COc1ccc(N2CCN(CCCCNC(=O)c3ccc(-n4ccnc4)cc3)CC2)cc1,6.675717544702307,1,0.0,2009,2009,2009,Ki,B,1
RAHMRVGFEYIRFT-UHFFFAOYSA-N,CCCN1CCC(c2cccc3c2CN(S(=O)(=O)c2ccccc2)C3)CC1,6.673664139071248,1,0.0,2016,2016,2016,Ki,B,1
XSIRCQCMKMOVGP-UHFFFAOYSA-N,COc1ccccc1N1CCN(CCCNC(=O)c2ccccc2I)CC1,6.671620396561263,1,0.0,2003,2003,2003,Ki,B,1
WFUOLXWLKCINBD-UHFFFAOYSA-N,COc1ccccc1N1CCC2(CCN(CCCSc3nnc(-c4cccnc4)n3C)CC2)CC1,6.671620396561263,1,0.0,2019,2019,2019,Ki,B,1
UAKDULMGTDUKRO-UHFFFAOYSA-N,Fc1ccc(C(OCCN2C3CCC2CC(OC(c2ccc(F)cc2)c2ccc(F)cc2)C3)c2ccc(F)cc2)cc1,6.669586226650809,1,0.0,2001,2001,2001,Ki,B,1
KLXKCCCIYMYATJ-UHFFFAOYSA-N,Clc1ccc(N2CCN(CCCc3nc4ccccc4s3)CC2)cc1,6.669586226650809,1,0.0,2014,2014,2014,Ki,B,1
HIHVVYZXHODHBR-UHFFFAOYSA-N,COc1cccc(N2CCN(CCCCNC(=O)c3ccccn3)CC2)c1,6.669586226650809,1,0.0,2014,2014,2014,Ki,B,1
YAOWMUKUYWGVDH-UHFFFAOYSA-N,CN1CCc2ccccc2Cc2c(O)cccc2CC1,6.667561540084394,1,0.0,2006,2006,2006,Ki,B,1
SNOPKYLYYIIGMF-UHFFFAOYSA-N,Cc1nc(N2CCN(CCCCNC(=O)N3CCc4[nH]c5ccc(Cl)cc5c4C3)CC2)cc(C(C)(C)C)n1,6.667561540084394,2,0.0,2017,2018,2017,Ki,B,2
FRCZRQAUJGJNII-UHFFFAOYSA-N,CC(=O)Nc1ccc(C(=O)CCCN2CCN(c3ccccn3)CC2)cc1,6.660767944199361,2,0.0010968105760947148,2021,2021,2021,Ki,B,1
KSBOWCQXLJULOX-UHFFFAOYSA-N,COc1cc(OC(=O)NCCCCN2CCN(c3cccc(Cl)c3Cl)CC2)ccc1-c1ccccc1,6.6599923820033275,3,1.2246223282012845,2017,2017,2017,EC50,F,1
AARWZLCCVAYIQN-UHFFFAOYSA-N,CCOc1ccc(F)cc1C1CC1CNCCCSc1nnc(-c2ccccc2)n1C,6.659952682338607,1,0.0,2020,2020,2020,Ki,B,1
PABQRTMOJKZQEP-UHFFFAOYSA-N,Cc1ccc2[nH]c3c(c2c1)CN(C(=O)NCCCCN1CCN(c2cc(C(C)(C)C)nc(C)n2)CC1)CC3,6.6595558851598815,2,0.0,2017,2018,2017,Ki,B,2
OLKYYLJXZLWORJ-UHFFFAOYSA-N,COc1ccccc1N1CCN(CCCNC(=O)c2cnn3ccccc23)CC1,6.659379381312206,10,0.5927874098013931,2002,2009,2009,Ki,B,2
DAAKBMHWKLVSKY-PMOLBWCYSA-N,CN1[C@@H]2CC[C@H]1C[C@@H](OC(c1ccc(Cl)cc1)c1ccc(Cl)cc1)C2,6.657577319177793,1,0.0,2001,2001,2001,Ki,B,1
FYSSSSIVDTYBFD-UHFFFAOYSA-N,COc1ccc(Br)cc1-c1nc(CNCC2CCN(Cc3ccccc3)C2)cs1,6.657577319177793,1,0.0,2000,2000,2000,Ki,B,1
BQYLCESBRUFPJL-UHFFFAOYSA-N,Cc1c(-c2ccccc2Cl)nc(O)n1C1CCN(Cc2ccccc2)CC1,6.657577319177793,1,0.0,1999,1999,1999,Ki,B,1
VYIBPAZWROJPIT-UHFFFAOYSA-N,Cc1ccc(-c2nc(O)n(C3CCN(Cc4ccccc4)CC3)c2C)cc1,6.657577319177793,1,0.0,1999,1999,1999,Ki,B,1
AXPMHZJZVFNEBY-QGZVFWFLSA-N,O[C@@H](COc1ccccc1)CN1CCC(Oc2ccccc2)CC1,6.657577319177793,1,0.0,1997,1997,1997,Ki,B,1
XACDTORTLZTQDA-UHFFFAOYSA-N,COc1ccc2onc(N3CCN(CCCCNC(=O)c4ccc5nccnc5c4)CC3)c2c1,6.657577319177793,1,0.0,2006,2006,2006,Ki,B,1
ILSADQLMJBGMFK-UHFFFAOYSA-N,O=C(CCCN1CC2CC1CN2c1ccc(Cl)cc1)c1ccc(F)cc1,6.657577319177793,1,0.0,2008,2008,2008,Ki,B,1
ZBMQPMVISGXIDJ-UHFFFAOYSA-N,O=C(CCCN1CC2CC1N(c1ccc(Cl)cc1)C2)c1ccc(F)cc1,6.657577319177793,1,0.0,2009,2009,2009,Ki,B,1
CAQUTUYOOHXKBM-UHFFFAOYSA-N,COc1cc(CN2CCN(C)CC2)ccc1OCCCc1cn(CCCCCCCCn2cc(CCCOc3ccc(CN4CCN(c5ccccc5OC)CC4)cc3OC)nn2)nn1,6.657577319177793,1,0.0,2011,2011,2011,Ki,B,1
APANCCIVVADHPY-UHFFFAOYSA-N,O=C(CCCCCCCCCCCCCCC(=O)OC1(c2ccc(Cl)cc2)CCN(CCCC(=O)c2ccc(F)cc2)CC1)OC1(c2ccc(Cl)cc2)CCN(CCCC(=O)c2ccc(F)cc2)CC1,6.657577319177793,1,0.0,2014,2014,2014,Ki,B,1
ACIKAIVCJBOQAN-UHFFFAOYSA-N,CCCCCCOc1ccc2c(c1OC)CN1CCc3cc(OC)c(O)cc3C1C2,6.657577319177793,1,0.0,2016,2016,2016,Ki,B,1
UKQKMANJPPZVEW-UHFFFAOYSA-N,COc1ccc(N(Cc2ccc(C#N)cc2)NC(=O)NCCCN2CCN(c3ccccc3OC)CC2)cc1,6.657577319177793,1,0.0,2019,2019,2019,Ki,B,1
UCIZFJJDTYKVFG-UHFFFAOYSA-N,Oc1ccc(N2CCN(Cc3cccs3)CC2)cc1,6.655607726314889,1,0.0,2013,2013,2013,Ki,B,1
IHGIMVBWBWKDOW-UHFFFAOYSA-N,Clc1cccc(N2CCN(CCCOC3(c4ccccn4)CCOCC3)CC2)c1Cl,6.655607726314889,1,0.0,2023,2023,2023,Ki,B,1
KPPBABWZQDMBQM-UHFFFAOYSA-N,Clc1ccc2nc(CCCN3CCN(c4ccccn4)CC3)sc2c1,6.653647025549361,1,0.0,2023,2023,2023,Ki,B,1
CILDROBPHGWMGB-UHFFFAOYSA-N,Clc1ccc2c(c1)N=C(N1CCN(Cc3ccc(OCCCN4CCCCC4)cc3)CC1)c1ccccc1N2,6.651695136951839,1,0.0,2009,2009,2009,Ki,B,1
QIGRVQBAYKSEIV-UHFFFAOYSA-N,O=C1c2ccc(F)cc2CC1CCN1CCc2ccccc2C1,6.650849618844491,2,0.0011957431746431138,2016,2016,2016,Ki,B,1
KCYDZGZXAVPYDV-UHFFFAOYSA-N,CN1CCN(C2=Cc3ccccc3Cn3cccc32)CC1,6.649751981665837,1,0.0,2005,2005,2005,Ki,B,1
YJKBKDOYRHHENB-QXSURTEESA-N,O[C@@]1(c2ccc3ccccc3c2)C[C@H]2CC[C@@H](C1)N2Cc1c[nH]c2ccccc12,6.649751981665837,1,0.0,2008,2008,2008,Ki,B,1
ZCOCXUHOOHHYHC-UHFFFAOYSA-N,Cc1cccn2cc(-c3ccc(OCCCN4CCN(c5cccc(Cl)c5Cl)CC4)cc3)nc12,6.647817481888637,1,0.0,2007,2007,2007,Ki,B,1
LURCKJAGHVQMQC-UHFFFAOYSA-N,COc1ccc(OCCN2CCN(C(=O)c3cc4ccc(Cl)cc4[nH]3)CC2)cc1,6.647817481888637,2,0.0,2020,2023,2021,EC50,B,2
ZLQMLDGHTKCIRQ-ZHRRBRCNSA-N,COc1c(C(=O)N[C@H]2CN(Cc3ccccc3)C[C@H]2C)cc(Br)c2ccccc12,6.647496020333332,2,0.33737567466050744,2003,2003,2003,Ki,B,1
BCWFLMWROQYMGK-UHFFFAOYSA-N,O=C(NCCCCN1CCN(c2cccc(OCCF)c2)CC1)c1ccc2nonc2c1,6.645891560852599,1,0.0,2009,2009,2009,Ki,B,1
RDGPIFCCGRDXMY-UHFFFAOYSA-N,CN1CCc2ccc(OCCCN3CCC(c4noc5cc(F)ccc45)CC3)cc2C1=O,6.645891560852599,1,0.0,2020,2020,2020,Ki,B,1
FEPLZHWENCAUEC-JOCHJYFZSA-N,CN[C@@H]1Cc2cccc3c2n(c(=O)n3CCOCCOCCCCc2ccccc2)C1,6.6439741428068775,1,0.0,2017,2017,2017,Ki,B,1
FTHTYXCWRXEABJ-UHFFFAOYSA-N,CCCN1CCC(c2ccc3c(c2)CCN3S(=O)(=O)c2ccccc2)CC1,6.6439741428068775,1,0.0,2016,2016,2016,Ki,B,1
BPDDCCYSOYRMEC-UHFFFAOYSA-N,Fc1ccc(OCCCN2CCN(c3ccccn3)CC2)cc1,6.6401645176601125,2,0.0,2012,2014,2013,Ki,B,2
MWNWERUECAJGJC-UHFFFAOYSA-N,Cc1ccc(CC(C)CNC(=O)/N=C(\N)NCCCc2cnc(N)s2)cc1,6.639993867770901,3,2.4920715130266835,2021,2021,2021,EC50;Kd;Ki,B;F,1
QMNBPBDAQNVLRM-UHFFFAOYSA-N,Clc1ccccc1N1CCN(Cc2cnn3ccccc23)CC1,6.638272163982407,1,0.0,1999,1999,1999,Ki,B,1
DQCAQRKXBHDRGF-UHFFFAOYSA-N,COc1ccccc1N1CCN(CCCCNC(=O)c2cccc(-c3cn(Cc4ccc(-c5ccc(Cn6cc(-c7cccc(C(=O)NCCCCN8CCN(c9ccccc9OC)CC8)c7)nn6)cc5)cc4)nn3)c2)CC1,6.638272163982407,1,0.0,2009,2009,2009,Ki,B,1
WFXYNLKNMYICFR-QGZVFWFLSA-N,CCN1CCc2cc(OCCCF)cc3c2[C@H]1Cc1ccc(O)c(O)c1-3,6.638272163982407,1,0.0,2011,2011,2011,Ki,B,1
RRSNTPLBDRZYRF-UHFFFAOYSA-N,CCCc1cn(CCCCCCCCn2cc(CCCOc3ccc(CN4CCN(c5ccccc5OC)CC4)cc3OC)nn2)nn1,6.638272163982407,1,0.0,2011,2011,2011,Ki,B,1
VPRRPJPYZLZPNF-PMERELPUSA-N,CCN1C(=O)c2ccccc2[S@+]([O-])c2ccc(C(=O)NCc3ccc(F)cc3)cc21,6.638272163982407,1,0.0,2014,2014,2014,Ki,B,1
YRTKLZDQSKUCQM-UHFFFAOYSA-N,Cc1ccc(C2CCN(Cc3ccc4c(c3)OCC(=O)N4)CC2)cc1,6.634512015109101,1,0.0,1999,1999,1999,Ki,B,1
ORHJUTONXWXCOS-UHFFFAOYSA-N,Cc1ccc(OCCNCCCOc2ccc(F)cc2)cc1,6.632258676750336,2,0.0031867016675804606,1997,2005,2001,Ki,B,2
KCCBFGKNVMTXIQ-UHFFFAOYSA-N,CC(CNC(=O)/N=C(\N)NCCCc1nnc(N)s1)C1CCCCC1,6.630005338391571,3,2.533424653003284,2021,2021,2021,EC50;Kd;Ki,B;F,1
AXXXFCGETBIMKI-UHFFFAOYSA-N,Cc1ccc(OCCCNCCOc2ccc(C)cc2)cc1,6.629468738059917,2,0.0007588674665990381,1997,2005,2001,Ki,B,2
AZLZBFGPTAMGJG-UHFFFAOYSA-N,COc1ccccc1N1CC2(CCN(CCCSc3nnc(-c4ccccc4)n3C)CC2)C1,6.628932137728263,1,0.0,2017,2017,2017,Ki,B,1
UZHIOMXZZAVYQK-UHFFFAOYSA-N,CCc1cccc(N2CCN(CCC(c3cccc(O)c3)c3cccc(OC)c3)CC2)c1Cl,6.628932137728263,1,0.0,2021,2021,2021,Ki,B,1
KNRRIHFTWQMRNB-UHFFFAOYSA-N,Oc1ccc(OCCNCCCOc2ccccc2)cc1,6.628546667710732,2,0.0020628718598788907,1997,2005,2001,Ki,B,2
JWPAYBAIIARWMG-UHFFFAOYSA-N,C=CCN(CC=C)CCc1c[nH]c2ccc(Br)cc12,6.620005959834258,1,0.0,2016,2016,2016,Ki,B,1
MKGANIZVJZGXEI-UHFFFAOYSA-N,COc1ccccc1N1CCN(CCN2CCc3ncsc3CC2)CC1,6.620005959834258,1,0.0,2019,2019,2019,Ki,B,1
BATHQYAQIQGDNM-UHFFFAOYSA-N,Cc1c(-c2ccccc2)nc(O)n1C1CCN(Cc2ccccc2)CC1,6.619788758288394,1,0.0,1999,1999,1999,Ki,B,1
GRHVCLHQXSTVGR-UHFFFAOYSA-N,CCCN1CCOC2c3ccsc3CCC21,6.619788758288394,1,0.0,2002,2002,2002,Ki,B,1
RKWDQZZKDQAENU-UHFFFAOYSA-N,Clc1ccc(-c2cc(C3CCCN(Cc4ccccc4)C3)[nH]n2)cc1,6.619788758288394,1,0.0,1997,1997,1997,Ki,B,1
FVDJBCOSGCFCMV-UHFFFAOYSA-N,O=C(NCCCCN1CCN(c2cccc(Cl)c2Cl)CC1)Oc1cccc(-c2ccccc2)c1,6.619788758288394,1,0.0,2017,2017,2017,EC50,F,1
DMEAUWNQEDPHFL-UHFFFAOYSA-N,O=C1CCc2ccc(OCCCCN3CCCN(c4ccc(O)c5oc(=O)ccc45)CC3)cc2N1,6.619788758288394,1,0.0,2017,2017,2017,Ki,B,1
UKOCGOXTVCIACM-UHFFFAOYSA-N,Fc1ccc(N2CCN(CCC3OCCc4ccccc43)CC2)cc1,6.619788758288394,1,0.0,2017,2017,2017,Ki,B,1
MWVBXJPHOJRHOA-UHFFFAOYSA-N,O=C(CCCCN1CCN(C(c2ccc(F)cc2)c2ccc(F)cc2)CC1)c1nc2ccccc2s1,6.616320866523013,2,0.023084508429656654,2016,2016,2016,Ki,B,1
DFBYKWKCUIKCPG-UHFFFAOYSA-N,CN(CCC=C1c2ccccc2CCc2ccccc21)C(=O)c1ccc(OCCCN2CCCCC2)cc1,6.614393726401688,1,0.0,2009,2009,2009,Ki,B,1
YUXGGLCIOFCGBA-UHFFFAOYSA-N,[O-][S+](CCCN1CCC(c2ccc(Cl)cc2)CC1)c1ccc(F)cc1,6.614393726401688,1,0.0,2012,2012,2012,Ki,B,1
WEVJMQOBCRCIPF-UHFFFAOYSA-N,O=C(CCCN1CCN(c2ncccn2)CC1)c1ccc(F)cc1,6.612432220582811,2,0.0,2008,2012,2010,Ki,B,2
LLVOYQKYDBYLSE-UHFFFAOYSA-N,CC(C)(C)c1cc(N2CCN(CCCCNC(=O)N3CCc4[nH]c5ccccc5c4C3)CC2)cc(C(C)(C)C)c1,6.610833915635467,1,0.0,2017,2017,2017,Ki,B,1
UKXOUHSVLDNJMD-UHFFFAOYSA-N,CC(C)(C)c1cc(N2CCN(CCCCNC(=O)N3CCc4c([nH]c5ccccc45)C3)CC2)cc(C(C)(C)C)c1,6.610833915635467,1,0.0,2018,2018,2018,Ki,B,1
HVROSOVHMGPEMN-UHFFFAOYSA-N,Clc1ccc2c(c1)CC(CCN1CCN(c3ccccn3)CC1)C2,6.6086523120665,2,0.0019081493235039886,2021,2021,2021,Ki,B,1
AFLPJFUVXSSHKS-UHFFFAOYSA-N,CCCN(CCC)CC1CCc2sccc2C1,6.607303046740334,1,0.0,2002,2002,2002,Ki,B,1
SAFSSBPNJDIAIH-UHFFFAOYSA-N,O=C1Cc2ccccc2N1CCCCN1CCN(c2cccc(C(F)(F)F)c2)CC1,6.607303046740334,1,0.0,2007,2007,2007,Ki,B,1
ZPKSRLSDLZMHEP-WUFINQPMSA-N,CN(C)C(=O)C(CCN1C[C@H](O)C[C@H]1CN1CCN(c2cccc(Cl)c2Cl)CC1)(c1ccccc1)c1ccccc1,6.607303046740334,1,0.0,2023,2023,2023,Ki,B,1
ZHKSBEBKWSIVCL-UHFFFAOYSA-N,CC(C)N(c1cccc(N2CCN(C)CC2)c1)S(=O)(=O)c1ccc2ccccc2c1,6.605548319173783,1,0.0,2010,2010,2010,IC50,B,1
GQRIAOUUYRIMLH-OAHLLOKOSA-N,CCCN1CCC[C@@H](c2cccc(C#N)c2)C1,6.603800652904264,1,0.0,1994,1994,1994,Ki,B,1
GQRIAOUUYRIMLH-UHFFFAOYSA-N,CCCN1CCCC(c2cccc(C#N)c2)C1,6.603800652904264,2,0.0,1993,2003,1998,Ki,B,2
NXIPJCMKQNCCQK-UHFFFAOYSA-N,Oc1cccc(C(CCNCCCCN2CCN(c3ccccc3)CC2)c2cccc(O)c2)c1,6.603800652904264,1,0.0,2021,2021,2021,Ki,B,1
XIQVNETUBQGFHX-UHFFFAOYSA-N,CCN(CC)CC#CCOC(=O)C(O)(c1ccccc1)C1CCCCC1,6.602291924169133,2,0.33169912535737606,,,,IC50;Ki,B,1
UUTGTTDZMUFZGA-UHFFFAOYSA-N,Cc1c(-c2cccc(Cl)c2)nc(O)n1C1CCN(Cc2ccccc2)CC1,6.6020599913279625,1,0.0,1999,1999,1999,Ki,B,1
DZHAENXWCJQFRP-UHFFFAOYSA-N,c1ccc(CCC2CCN(Cc3cc4ccc[nH]c-4n3)CC2)cc1,6.6020599913279625,1,0.0,1999,1999,1999,Ki,B,1
HYRBVOGJRAFDLT-UHFFFAOYSA-N,COc1cccc2[nH]cc(CN3CCC(O)(c4ccc(Cl)cc4)CC3)c12,6.6020599913279625,1,0.0,2010,2010,2010,Ki,B,1
XPFXYWKICZQNES-MRXNPFEDSA-N,CCN1CCc2cc(OCCF)cc3c2[C@H]1Cc1ccc(O)c(O)c1-3,6.6020599913279625,1,0.0,2011,2011,2011,Ki,B,1
WFNJZMXOSUJROE-UHFFFAOYSA-N,CCOCCn1cc(CCCOc2ccc(CN3CCN(c4ccccc4OC)CC3)cc2OC)nn1,6.6020599913279625,1,0.0,2011,2011,2011,Ki,B,1
LHWCVSFLSQENCZ-UHFFFAOYSA-N,COc1ccccc1N1CCN(CCNC(=O)c2cc3ccccn3n2)CC1,6.601028822700004,2,0.0014582926587531806,2002,2007,2004,Ki,B,2
RHPCETHLGGFAQB-MQSINFNDSA-N,CN(C)C[C@H]1CC2c3ccccc3Oc3ccc(Cl)cc3[C@H]2O1,6.600326278518962,1,0.0,2005,2005,2005,Ki,B,1
DVRLIKWPAJQERN-UHFFFAOYSA-N,COc1ccc2c(c1)CCN1Cc3ccccc3CC21,6.600326278518962,1,0.0,2009,2009,2009,Ki,B,1
FGXXPAFUXKMGKU-UHFFFAOYSA-N,COc1cc(C)ccc1N1CCN(CCCCOc2ccc3c(c2)NC(=O)CC3)CC1,6.600326278518962,1,0.0,2011,2011,2011,Ki,B,1
OPJTVMKUVYOWNC-WDYNHAJCSA-N,O=C(NCCCCN1CCC[C@@H]2c3ccccc3CC[C@@H]21)c1ccc(-c2ccccc2)cc1,6.599997654072045,1,0.0,1998,1998,1998,Ki,B,1
PRDRZXROMYANHC-PXJZQJOASA-N,CS(=O)(=O)Oc1cccc2c1CC[C@H]1[C@@H]2CCCN1CCCCNC(=O)c1ccc(-c2ccccc2)cc1,6.599997654072045,1,0.0,1998,1998,1998,Ki,B,1
PJBTVIXTPXKPPS-UHFFFAOYSA-N,COc1c(C(=O)NCCN2CCN(c3cccc(C(F)(F)F)c3)CC2)cc(Br)c2ccccc12,6.599997654072045,1,0.0,1997,1997,1997,Ki,B,1
ROTMIOWLSWXTDQ-UHFFFAOYSA-N,COc1c(C(=O)NCCN2CCN(c3ccc4ccccc4n3)CC2)cc(Br)c2ccccc12,6.599997654072045,1,0.0,1997,1997,1997,Ki,B,1
QWMBVXDLQBRGEQ-UHFFFAOYSA-N,Cc1ccc2c(-c3nnc(SCCCN4CCc5nc6cc(C(F)(F)F)ccn6c5CC4)n3C)cccc2n1,6.599997654072045,1,0.0,2008,2008,2008,Ki,F,1
JQEQULOLEPTBRS-UHFFFAOYSA-N,Cc1ccc2c(-c3nnc(SCCCN4CCc5cc6c(cc5CC4)OCC(=O)N6)n3C)cccc2n1,6.599997654072045,1,0.0,2008,2008,2008,Ki,F,1
TZVRVTZSSPWUGF-UHFFFAOYSA-N,COCc1nc2cc3c(cc2o1)CCN(CCCSc1nnc(-c2cccc4nc(C)ccc24)n1C)CC3,6.599997654072045,1,0.0,2008,2008,2008,Ki,F,1
COKSKIXACCXTRS-UHFFFAOYSA-N,Cc1ccc2c(-c3nnc(SCCC(C)N4CCc5cc6nc(C)oc6c(C)c5CC4)n3C)cccc2n1,6.599997654072045,1,0.0,2008,2008,2008,Ki,F,1
HGTGAIQIJPCZMF-UHFFFAOYSA-N,CCc1nc2cc3c(c(C)c2o1)CCN(CCSc1nnc(-c2cccc4nc(C)ccc24)n1C)CC3,6.599997654072045,1,0.0,2008,2008,2008,Ki,F,1
ABOWDNIHZHLENL-UHFFFAOYSA-N,Cc1ccc2c(-c3nnc(SCCCCN4CCc5cc6c(cc5CC4)C(=O)N(C)C6)n3C)cccc2n1,6.599997654072045,1,0.0,2008,2008,2008,Ki,F,1
REQVSEMEKZOXFG-UHFFFAOYSA-N,Cc1nc2cc(N3CCN(CCN4Cc5ccccc5C4)C3=O)ccc2s1,6.599997654072045,1,0.0,2009,2009,2009,Ki,F,1
XNCGQUVERWAFRR-UHFFFAOYSA-N,O=C1N(CCN2CCCCCC2)CCN1c1ccc(F)cc1,6.599997654072045,1,0.0,2010,2010,2010,Ki,F,1
CGYKRSBZMBLFJC-PBHICJAKSA-N,O=S(=O)(Nc1ccc([C@]23CNC[C@H]2C3)cc1)c1ccc(C(F)(F)F)cc1,6.599997654072045,1,0.0,2010,2010,2010,Ki,F,1
VTGDLGOSPAKXEA-RXJZEZJSSA-N,Cc1ncoc1-c1nnc(SCCCN[C@H]2CC[C@]3(c4ccc(C(F)(F)F)cc4)CC23)n1C,6.599997654072045,1,0.0,2010,2010,2010,Ki,F,1
WEFBOGOBWJVPBI-UHFFFAOYSA-N,CNCC1Cc2ccc3c(ccn3S(=O)(=O)c3cccc4ccccc34)c21,6.599997654072045,1,0.0,2017,2017,2017,Ki,B,1
HPBCFIIQRFMWKG-HNAYVOBHSA-N,CN[C@H]1c2cc3c(ccn3S(=O)(=O)c3ccccc3)cc2[C@@H]1CCO,6.599997654072045,1,0.0,2017,2017,2017,Ki,B,1
ASKCQUQTSBOXCM-UHFFFAOYSA-N,OC1(c2cccc(Cl)c2Cl)CCN(Cc2c[nH]c3ccccc23)CC1,6.599174684034172,2,0.04997453286423215,2007,2007,2007,EC50;Ki,B;F,1
XHSRFVQGNJCGAD-FHWLQOOXSA-N,CO[C@@H](C)C(=O)N[C@H]1CC[C@H](CCN2CCN(c3nccc4c3CCO4)CC2)CC1,6.597738617545319,1,0.0,2013,2013,2013,Ki,B,1
IKYFNUXRYHSJTJ-XHDPSFHLSA-N,CCCN[C@@H]1CCc2c(C(=O)OC)cccc2[C@@H]1C,6.596879478824182,1,0.0,1994,1994,1994,Ki,B,1
HISGEOZMKTZBBP-UHFFFAOYSA-N,O=C(NCCCCN1CCN(c2ncnc3ccccc23)CC1)c1cn2ccccc2n1,6.596879478824182,5,0.24858436099716913,2014,2018,2014,IC50;Ki,B,3
NRWWWLAGZMNIDV-UHFFFAOYSA-N,Clc1ccc(N2CCN(Cc3c[nH]c4ccccc34)CC2)cc1,6.595220142682366,2,0.3234145172221459,1996,1999,1997,Ki,B,2
GXDALQBWZGODGZ-UHFFFAOYSA-N,COc1ccc(CCN2CCC(Nc3nc4ccccc4n3Cc3ccc(F)cc3)CC2)cc1,6.595125897668228,2,0.3317920195067673,,,,IC50;Ki,B,1
KEFPLNQTZDBPPV-UHFFFAOYSA-N,COC1(c2ccc(Cl)cc2)CCN(Cc2c[nH]c3ccccc23)CC1,6.593623513927019,2,0.016864221308631463,2007,2007,2007,EC50;Ki,B;F,1
IBGMJKNDQYWIAZ-UHFFFAOYSA-N,COc1c(C(=O)NCCN2CCN(c3ccc(C)cc3)CC2)cc(Br)c2ccccc12,6.592512153050613,2,0.010586097065665967,1996,1997,1996,Ki,B,2
JBUWBWVXKLACCD-FPOVZHCZSA-N,N#Cc1ccc2c(c1)CN(C[C@@H]1C[C@H]1CNC(=O)c1ccnc3ccccc13)CC2,6.59176003468815,1,0.0,2017,2017,2017,Ki,B,1
JTOJOXGQNGJXCT-UHFFFAOYSA-N,COc1ccccc1N1CCN(CCCN2CCCc3ncsc3C2)CC1,6.589999287456538,1,0.0,2019,2019,2019,Ki,B,1
FBWZMWVPZRCOTO-UHFFFAOYSA-N,COc1ccccc1N1CCN(CC2COCC(c3ccccc3)(c3ccccc3)O2)CC1,6.589999287456538,1,0.0,2019,2019,2019,Ki,B,1
WZQLVEPIBAOOGF-RMMWZPCPSA-N,CNC(=O)c1cc(C(=O)N[C@H]2[C@@H]3COC[C@@H]32)cc2c1O[C@H](CF)[C@H]2c1ccccc1,6.589636327221173,2,0.0005133032874546474,2021,2021,2021,Ki,B,1
OERZGWUVKSWOKP-RBUKOAKNSA-N,Clc1ccc([C@@H]2C[C@H]2NCCC2(c3ccccn3)CCOCC2)cc1,6.58838029403677,1,0.0,2023,2023,2023,Ki,B,1
NIWKHEZQCOEGDD-UHFFFAOYSA-N,CCOc1c(C(=O)NCCN2CCN(c3ccccc3)CC2)cc(Br)c2ccccc12,6.586743196353734,2,0.018744633867135093,1996,1997,1996,Ki,B,2
RXSODUHUZZRAAV-UHFFFAOYSA-N,Cc1nn(C2CCN(Cc3cccc(C#N)c3)CC2)cc1-c1ccccc1,6.585026652029182,1,0.0,1999,1999,1999,Ki,B,1
GZXNMNCAWGIAAW-UHFFFAOYSA-N,COc1cccc2c1N1CCN(C)CC1c1ccccc1C2,6.585026652029182,1,0.0,2002,2002,2002,Ki,B,1
ASFIQZWALJTDCY-PMERELPUSA-N,CCc1cc(Cl)c(OC)c(C(=O)NC[C@@H]2CCCN2CCCCNCCC(C(=O)N(C)C)(c2ccccc2)c2ccccc2)c1O,6.585026652029182,1,0.0,2021,2021,2021,Ki,B,1
ARWONURFSGKTJW-UHFFFAOYSA-N,Fc1ccc(CCCCN2CCN(c3ccc(Cl)cc3)CC2)cc1,6.583359492661719,2,0.0,2012,2014,2013,Ki,B,2
QXYJJYQLUJICPY-NRFANRHFSA-N,COc1ccc2cc([C@H](C)C(=O)NCCCN3CCN(c4ccccc4OC)CC3)ccc2c1,6.581698708680255,1,0.0,2003,2003,2003,Ki,B,1
DTQBVMPAFWTCFE-UHFFFAOYSA-N,COc1cccc2cc(C(=O)NCCCCN3CCN(c4cccc5nccnc45)CC3)oc12,6.581698708680255,1,0.0,2006,2006,2006,Ki,B,1
GTBFEJIEYNPFMI-UHFFFAOYSA-N,Fc1ccc(CCCCN2CCN(c3ncccn3)CC2)cc1,6.581698708680255,2,0.0,2012,2014,2013,Ki,B,2
BMCZTYDZHNTKPR-INIZCTEOSA-N,COc1cc2c(cc1O)CCN1Cc3c(ccc(OC)c3OC)C[C@@H]21,6.581698708680255,1,0.0,2017,2017,2017,Ki,B,1
HAUUSSMWQKKSAX-FQEVSTJZSA-N,CCCOc1cc2c(cc1O)[C@@H]1Cc3ccc(O)c(OCCOCC)c3CN1CC2,6.581698708680255,1,0.0,2023,2023,2023,Ki,B,1
JFFIIIVILGKQSZ-UHFFFAOYSA-N,FC(F)(F)c1nc2c3c(ccc2[nH]1)CCC(CNCc1ccccc1)O3,6.580044251510242,1,0.0,2002,2002,2002,Ki,B,1
DXJBLNLSLUGVEL-LBPRGKRZSA-N,CCCN(CCC)[C@H]1CCn2c(ccc2C(=O)C(Cl)(Cl)Cl)C1,6.579994715040948,1,0.0,2005,2005,2005,Ki,B,1
BOIPWYRNMCLWCD-UHFFFAOYSA-N,C=C(C)CN1CCN(c2ccc3c(c2)CN(C(=O)OCc2ccccc2)CC3)CC1,6.578396073130168,1,0.0,2018,2018,2018,Ki,B,1
OKVMMISWCZKJGO-INIZCTEOSA-N,CCCN(CCC)[C@H]1CCc2ccc(OC)cc2C1,6.575118363368933,1,0.0,1996,1996,1996,Ki,B,1
AWWFUJHGYZGUBS-UHFFFAOYSA-N,COc1ccc(OCCN2CCN(C(=O)c3cc4c(C)cccc4[nH]3)CC2)cc1,6.575118363368933,3,0.0,2020,2023,2023,EC50,B,2
PNUAYJRARXKVQH-UHFFFAOYSA-N,COc1ccccc1N1CCN(CNC(=O)c2ccc(Cl)cc2)CC1,6.571865205971211,1,0.0,1997,1997,1997,Ki,B,1
MCWNRJVMXBUUPG-OAHLLOKOSA-N,CC(C)N1CCC[C@@H](c2cccc(C#N)c2)C1,6.571865205971211,1,0.0,1994,1994,1994,Ki,B,1
BFYNQIVBIQGLJA-QFIPXVFZSA-N,CCCCCCOc1cc2c(cc1O)[C@@H]1Cc3ccc(O)c(OCCC)c3CN1CC2,6.571865205971211,1,0.0,2023,2023,2023,Ki,B,1
BFVNEYDCFJNLGN-UHFFFAOYSA-N,CCc1cc2c(c(CC)n1)CCC(=O)N2Cc1ccc(-c2ccccc2-c2nnn[nH]2)cc1,6.568877577598768,1,0.0,2024,2024,2024,Ki,B,1
BONDCIXLHQKYHM-UHFFFAOYSA-N,COc1c(C(=O)NCCN2CCN(c3ccccc3)CC2)ccc2ccccc12,6.568636235841012,1,0.0,1996,1996,1996,Ki,B,1
FPHFICIJDHPAHE-RTBURBONSA-N,CCC[C@@H]1CN(Cc2ccccc2)C[C@H]1CNC(=O)c1cc(Cl)c(NC)cc1OC,6.568636235841012,1,0.0,1999,1999,1999,Ki,B,1
OHHKPQVUUXXVGV-UHFFFAOYSA-N,Cc1nn2c(N3CCN(Cc4ccccc4)CC3)cccc2c1CN1CCN(c2ccc(Cl)cc2)CC1,6.568636235841012,1,0.0,2002,2002,2002,Ki,B,1
WZOMJNATDSYQHS-ZPWQMVEJSA-N,COc1cc2c(cc1OC)C1=NO[C@@H](CN3CCN(C/C=C/c4ccccc4)CC3)[C@@H]1CO2,6.568636235841012,1,0.0,2005,2005,2005,Ki,B,1
FTRMVNZQPKCUAS-UHFFFAOYSA-N,COc1ccccc1N1CCN(Cc2cccc(OCCF)c2)CC1,6.568636235841012,1,0.0,2008,2008,2008,Ki,B,1
VONCVEKPHABPGO-UHFFFAOYSA-N,Cc1ccc(C(=O)OC2(c3ccc(Cl)cc3)CCN(CCCC(=O)c3ccc(F)cc3)CC2)cc1,6.568636235841012,1,0.0,2014,2014,2014,Ki,B,1
AEGDITSWVZEWFA-UHFFFAOYSA-N,Clc1ccc(N2CCN(CCCCNc3noc(-c4ccccc4)n3)CC2)cc1,6.568636235841012,1,0.0,2016,2016,2016,Ki,B,1
RGPTYLNPCNVHNC-UHFFFAOYSA-N,COc1ccccc1N1CCN(CCCNC(=O)NCc2ccccc2-c2ccccc2)CC1,6.568636235841012,1,0.0,2023,2023,2023,Ki,B,1
PXLZPYQDTASRQC-JCVDRHSJSA-N,Clc1ccc([C@@H]2C[C@H]2NCCC2(c3ccccn3)CCOC3(CCCC3)C2)cc1,6.567030709125595,3,0.072775980521952,2023,2023,2023,EC50;IC50;Ki,B;F,1
QEAYWRGPVOISMK-UHFFFAOYSA-N,c1ccc(Cc2nc3c(c(Nc4ccccc4)n2)CCNCC3)cc1,6.566230166075134,1,0.0,2013,2013,2013,IC50,B,1
YEEMKPJFAQAHOW-UHFFFAOYSA-N,CCCN(CCC)C1CCc2cccc(OS(=O)(=O)C(F)(F)F)c2C1,6.5638373529592435,1,0.0,1995,1995,1995,Ki,B,1
PDRHZVHAACZKMF-VAWYXSNFSA-N,C(=C\Cn1c(-c2ccc(OCCCN3CCN(c4ccccc4)CC3)cc2)nc2ccccc21)/Cn1c(-c2ccc(OCCCN3CCN(c4ccccc4)CC3)cc2)nc2ccccc21,6.560667306169737,1,0.0,1995,1995,1995,Ki,B,1
SLCUTXIBPDBQJC-DEOSSOPVSA-N,CCCCCCOc1cc2c(cc1O)[C@@H]1Cc3ccc(O)c(OCCCCC)c3CN1CC2,6.560667306169737,1,0.0,2023,2023,2023,Ki,B,1
OENQQKMDIVNPMU-QGZVFWFLSA-N,Cc1ncoc1-c1nnc(SCCCN2CCO[C@@H](c3ccc(F)cc3)C2)n1C,6.560667306169737,1,0.0,2020,2020,2020,Ki,B,1
JKHRBDDJXCBDKI-UHFFFAOYSA-N,Cc1ccccc1N1CCN(CCCN2C(=O)CCc3ccccc32)CC1,6.560004526046192,1,0.0,2022,2022,2022,Ki,B,1
NCXZEVAISDJVIG-UHFFFAOYSA-N,Fc1ccc(C(OC2CC3CCC(C2)N3Cc2ccc(Cl)c(Cl)c2)c2ccc(F)cc2)cc1,6.557520230935552,1,0.0,2001,2001,2001,Ki,B,1
SJSQVUBCTSCTIM-UHFFFAOYSA-N,CN1CCCc2ccccc2Cc2[nH]c3ccccc3c2CC1,6.556737012541305,1,0.0,2006,2006,2006,Ki,B,1
KWMQUPPLVOZVSW-UHFFFAOYSA-N,COc1ccc(C(=O)N2CCN(CCOc3ccccc3OC)CC2)cc1,6.555955204081924,2,0.0,2020,2023,2021,EC50,B,2
OPOCRJLNNIBIIH-KYJSFNMBSA-N,Cc1cccc([C@H]2CCC[C@H]2NC[C@H](O)c2ccc(O)c3[nH]c(=O)sc23)c1,6.554395796726403,1,0.0,2014,2014,2014,Ki,B,1
FDOZNCJWYJMHAG-UHFFFAOYSA-N,c1ccc(N2CCN(Cc3c[nH]c4ccccc34)CC2)cc1,6.552841968657781,1,0.0,1996,1996,1996,Ki,B,1
CDKQNHRWVCQEIG-UHFFFAOYSA-N,CC#CC1=CCC(N(CCC)CCCCn2cc(C)nn2)CC1,6.552841968657781,1,0.0,2008,2008,2008,Ki,B,1
YHNXVNWEANWEHW-UHFFFAOYSA-N,Cc1ccc(C)c(C(=O)CCCN2CCC(O)(c3cc(C)ccc3C)CC2)c1,6.552841968657781,1,0.0,2010,2010,2010,Ki,B,1
RSLYNHHGHMPLKL-JTKSJCOOSA-N,OC[C@@H]1[C@@H]2CN(Cc3ccccc3)[C@@H](c3ccccc3)[C@@H]2[C@H]1N1CCCC1,6.552841968657781,1,0.0,2012,2012,2012,Ki,B,1
KYSNHZPEWJTUAP-UHFFFAOYSA-N,CCCN(CCN1CCN(CCc2c[nH]c3ccccc23)CC1)c1ccc(OC)cc1,6.552841968657781,1,0.0,2015,2015,2015,Ki,B,1
LWBLFKWXBXEZMX-UHFFFAOYSA-N,COc1ccccc1N1CCN(CCCNC(=O)NN(Cc2ccc(C#N)cc2)c2ccc(Cl)cc2Cl)CC1,6.552841968657781,1,0.0,2019,2019,2019,Ki,B,1
MTISMBMXUZQJJC-UHFFFAOYSA-N,COc1cccc(OCCN2CCN(C(=O)c3cc4cnccc4[nH]3)CC2)c1,6.552841968657781,1,0.0,2020,2020,2020,EC50,B,1
QHGCDJHEAXDUFX-UHFFFAOYSA-N,COc1cccc(C(=O)NCc2ccccc2CN2CCc3cc(OC)c(O)cc3C2)c1,6.552841968657781,1,0.0,2021,2021,2021,Ki,B,1
OISSAGDOBVXRAL-UHFFFAOYSA-N,CCCN1CCc2cccc3c2C1Cc1cccc(OCCCn2cc(CN4CCN(c5ccccc5OC)CC4)nn2)c1-3,6.55129368009492,1,0.0,2011,2011,2011,Ki,B,1
VNAZBTWTBGIYND-UHFFFAOYSA-N,Oc1ccccc1OCCNCc1ccccc1,6.550521600812635,1,0.0,1998,1998,1998,Ki,B,1
ZOGCPCPBHXLAHX-UHFFFAOYSA-N,O=C1CC(CN2CCC(c3noc4cc(F)ccc34)CC2)Cc2ncncc21,6.549997369826814,1,0.0,2009,2009,2009,Ki,B,1
YTJBCMWEQPWTAA-UHFFFAOYSA-N,CCCCCC1CCN(CCCN2C(=O)CCc3ccccc32)CC1,6.549997369826814,1,0.0,2018,2018,2018,Ki,A,1
LRLLQEVBYRSPTP-UHFFFAOYSA-N,O=C1CCc2ccccc2N1CCCN1CCN(c2cccc(Cl)c2)CC1,6.549997369826814,1,0.0,2022,2022,2022,Ki,B,1
LSTIDGGQGHFYCB-UHFFFAOYSA-N,Cn1c(SCCCN2CCOC(c3ccc(C(F)(F)F)cc3)C2)nnc1-c1nccs1,6.549750891680639,1,0.0,2020,2020,2020,Ki,B,1
CQUBXYMWRLKXKL-UHFFFAOYSA-N,CCc1cc(Cl)c(OC)c(C(=O)NCC2CCCN(CCCCNC(=O)c3cc4ccccc4[nH]3)C2)c1O,6.548213564475709,1,0.0,2021,2021,2021,Ki,B,1
LEACNHXRZNVYRP-UHFFFAOYSA-N,CCCN(CCC)C1Cc2ccccc2C1,6.547102059816066,2,0.1289339977950077,2011,2011,2011,Ki,B,1
XDUZMCZHXHFPEP-UHFFFAOYSA-N,COc1cccc(OCCN2CCN(C(=O)c3cc4cc(OC)ccc4[nH]3)CC2)c1,6.546681659952963,3,0.0,2020,2023,2023,EC50,B,2
PCWGGOVOEWHPMG-UHFFFAOYSA-N,Clc1cccc(COc2cncc(N3CCNCC3)n2)c1,6.546559340706441,1,0.0,2024,2024,2024,Ki,B,1
CTETYYAZBPJBHE-UHFFFAOYSA-N,Clc1cc(Cl)c(OCC#CI)cc1Cl,6.545736044978617,2,0.33114640279422436,,,,IC50;Ki,B,1
USIXSLYEMNSLPV-UHFFFAOYSA-N,COc1cccc(OCCN2CCN(C(=O)c3nc4ccccc4[nH]3)CC2)c1,6.54515513999149,2,0.0,2020,2023,2021,EC50,B,2
JIPGSTBSUISSPJ-UHFFFAOYSA-N,O=C(NCCCCN1CCN(c2ccnc3ccccc23)CC1)c1nc2ccccn2c1Br,6.54515513999149,2,0.0,2017,2018,2017,Ki,B,2
VILSZFKXSYCHGB-UHFFFAOYSA-N,FC(F)(F)c1cccc(N2CCN(CCCOC3(c4ccccn4)CCOC4(CCCC4)C3)CC2)n1,6.543633966870956,1,0.0,2023,2023,2023,Ki,B,1
AEKRAVIJSVJVBT-UHFFFAOYSA-N,O=C1c2ccccc2S(=O)(=O)N1CCCCN1CCN(c2ccc(Cl)cc2)CC1,6.542118103266008,2,0.0,2007,2021,2014,Ki,B,2
ZKLWDLIUAFTPCZ-UHFFFAOYSA-N,O=C1CCc2cc(OCCCN3CCN(c4ccccn4)CC3)ccc21,6.541819355411782,2,0.0025662481360014216,2021,2021,2021,Ki,B,1
QUWDNVLTBILVHN-UHFFFAOYSA-N,CCc1cc(Cl)c(OC)c(C(=O)NCC2CCCN2CC(=O)N2CCC(c3ccccc3)(c3ccccc3)C2)c1O,6.5406075122407685,1,0.0,2021,2021,2021,Ki,B,1
DDCGYKUGMMDSDD-UHFFFAOYSA-N,c1ccc(-c2nc(CN3CCN(c4cccnc4)CC3)c[nH]2)cc1,6.539102157243452,1,0.0,1997,1997,1997,Ki,B,1
CZOXEMUHIJZXSF-UHFFFAOYSA-N,OC1(c2ccc(Cl)cc2)CCN(CCCCc2nc3ccccc3s2)CC1,6.53805587748335,2,0.0027561133920790885,2016,2016,2016,Ki,B,1
PZBBMWTZUNRBLR-UHFFFAOYSA-N,Cc1ccc(C)c(C(=O)CCCN2CCC(c3ccc(Cl)cc3)CC2)c1,6.537602002101044,1,0.0,2010,2010,2010,Ki,B,1
GDNIDPXEYGAWQX-UHFFFAOYSA-N,O=C(c1cc2ccccc2[nH]1)N1CCN(CCOc2ccc3c(c2)OCO3)CC1,6.537602002101044,1,0.0,2020,2020,2020,EC50,B,1
BDUVGZUKNGPFEZ-UHFFFAOYSA-N,Nc1nc(-c2ccccc2)c2c(n1)-c1cc(OCCCN3CCCC3)ccc1C2,6.537602002101044,1,0.0,2021,2021,2021,Ki,B,1
ZJRXUBXQPXFSRJ-UHFFFAOYSA-N,Cc1ccccc1N1CCN(CCCCc2cc(-c3ccccc3)no2)CC1,6.534617148551582,1,0.0,2002,2002,2002,Ki,B,1
LGHLMADLDHUIJY-SHZHJNINSA-N,CN(C)C[C@@H]1CC2c3ccccc3Oc3ccc(F)cc3[C@H]2O1,6.53313237964589,1,0.0,2005,2005,2005,Ki,B,1
IVLRTSCKCRHEJC-UHFFFAOYSA-N,CC(C)(C)c1nc(N2CCN(CCCCN3Cc4ccccc4CC3=O)CC2)cc(C(F)(F)F)n1,6.53313237964589,1,0.0,2006,2006,2006,Ki,B,1
ZBGYXTWHZHZMHW-UHFFFAOYSA-N,Cn1c(SCCCN2CCOC(c3ccc(C(F)(F)F)cc3)C2)nnc1-c1cccc(C(N)=O)c1,6.530177984021837,1,0.0,2020,2020,2020,Ki,B,1
PWYCTCPWHXJEDU-UHFFFAOYSA-N,CN1CCc2ccccc2Cc2cc(O)ccc2CC1,6.528708288941061,1,0.0,2006,2006,2006,Ki,B,1
SOOGRYSPVROLLT-UHFFFAOYSA-N,O=C(CCCCN1CCN2c3ccccc3CCC2C1)c1ccccc1,6.527243550682788,1,0.0,2003,2003,2003,Ki,B,1
UFDRKLGFQRVMRE-UHFFFAOYSA-N,O=C(NCCCCN1CCN(c2cc(C(F)(F)F)nc3ccccc23)CC1)N1CCN(c2ccccc2)CC1,6.52432881167557,2,0.0,2017,2018,2017,Ki,B,2
WCHWFNCOZFCZSO-UHFFFAOYSA-N,Fc1ccc(-c2cncc(CN3CCN(c4ccccn4)CC3)c2)cc1,6.522878745280337,1,0.0,1998,1998,1998,IC50,B,1
BXDRNJJKCXNAGV-UHFFFAOYSA-N,COc1ccccc1N1CCN(CCCNC(=O)c2cccc(I)c2)CC1,6.522878745280337,1,0.0,2003,2003,2003,Ki,B,1
GIHFRARKMBMXPG-UHFFFAOYSA-N,CN(C)CCc1cccc2c1ccn2S(=O)(=O)c1ccccc1,6.522878745280337,1,0.0,2001,2001,2001,Ki,B,1
YDCWHOYYMICCQD-UHFFFAOYSA-N,CCCN(CCCCNC(=O)c1ccc(-c2ccccc2)cc1)C1CC=C(C#Cc2ccccc2)CC1,6.522878745280337,1,0.0,2008,2008,2008,Ki,B,1
WQPRXYGVHKQNOH-HNNXBMFYSA-N,C[C@H]1Cc2c([nH]c3ccccc23)Cc2ccccc2CCN1C,6.517126416391246,1,0.0,2011,2011,2011,Ki,B,1
QDTSODNKOSJEPX-UHFFFAOYSA-N,COc1ccccc1N1CCN(CCCCn2cnc3ccccc3c2=O)CC1,6.514278573518419,1,0.0,2007,2007,2007,Ki,B,1
QXUOSGAFYZBCAK-UHFFFAOYSA-N,Oc1ccc2c(c1)CCN1Cc3ccccc3CC21,6.513569521145566,1,0.0,2009,2009,2009,Ki,B,1
CQDDNQVYYAJBQL-UHFFFAOYSA-N,FC(F)(F)c1cccc(N2CCN(CCCOC3(c4ccccn4)CCOCC3)CC2)n1,6.512861624522813,1,0.0,2023,2023,2023,Ki,B,1
WSVWKHTVFGTTKJ-UHFFFAOYSA-N,COc1cc2c3c(c1OC)-c1cc4c(cc1CC3N(C)CC2)OCO4,6.510041520575165,1,0.0,2010,2010,2010,Ki,B,1
YDQYJYPAQZRPCT-UHFFFAOYSA-N,Fc1ccccc1N1CCN(CCCCNc2cc(-c3ccccc3)ccn2)CC1,6.510041520575165,1,0.0,2010,2010,2010,Ki,B,1
OMABWURKRSVEKR-UHFFFAOYSA-N,CC1CCC(CN2CCN(c3cccc(Cl)c3Cl)CC2)CN1CCC(C(=O)N(C)C)(c1ccccc1)c1ccccc1,6.510041520575165,1,0.0,2023,2023,2023,Ki,B,1
ALPOWWDAVMFBEC-UHFFFAOYSA-N,COc1ccccc1N1CCN(CCCCN2CCc3ncsc3CC2)CC1,6.509999358109048,1,0.0,2019,2019,2019,Ki,B,1
FPHFICIJDHPAHE-RBUKOAKNSA-N,CCC[C@H]1CN(Cc2ccccc2)C[C@H]1CNC(=O)c1cc(Cl)c(NC)cc1OC,6.508638306165727,1,0.0,1999,1999,1999,Ki,B,1
ILONWIHGXYVYRK-UHFFFAOYSA-N,Cn1c(N2CCCC2)nc2c(CN3CCN(c4ccccn4)CC3)c[nH]c2c1=O,6.508638306165727,1,0.0,2009,2009,2009,Ki,B,1
UDYXSPVICNNUPJ-UHFFFAOYSA-N,COc1ccccc1N1CCN(CCCNC(=O)NN(Cc2ccc(F)cc2)c2ccccc2)CC1,6.508638306165727,1,0.0,2019,2019,2019,Ki,B,1
JSVQMWDVJKCFFX-UHFFFAOYSA-N,COc1ccc(C(=O)N2CCN(CCOc3ccc4c(c3)OCO4)CC2)cc1,6.508638306165727,3,0.03257006740623914,2020,2023,2023,EC50,B,2
IGMYCJFCNUVBNZ-UHFFFAOYSA-N,COc1cc2c(cc1O)CN(Cc1ccccc1CNC(=O)c1ccc(C#N)cc1)CC2,6.508638306165727,1,0.0,2021,2021,2021,Ki,B,1
HCJSXNXLTDYAKZ-UHFFFAOYSA-N,CCc1cc(Cl)c(OC)c(C(=O)NCC2CCCN(CCCCNC(=O)c3cc4ccccc4o3)C2)c1O,6.503070351926786,1,0.0,2021,2021,2021,Ki,B,1
GCEDZTWELCPACO-UHFFFAOYSA-N,CN(C)C(=O)C(CCN1CCN(c2cccc(Cl)c2Cl)CC1)(c1ccccc1)c1ccccc1,6.500312917381596,3,0.31990347555228243,2021,2021,2021,EC50;Ki,B;F,1
LKUILOJELWBGMK-JSOSNVBQSA-N,CN(C)C(=O)C(CCN1C[C@H](F)C[C@H]1C(=O)NCCCCN1CCN(c2cccc(C(F)(F)F)n2)CC1)(c1ccccc1)c1ccccc1,6.500312917381596,3,0.3226411697561194,2023,2023,2023,EC50;IC50;Ki,B;F,1
DVALOPXWVWHIHY-SFHVURJKSA-N,COc1ccc(NS(=O)(=O)c2sc3ccc(Cl)cc3c2C)cc1N1CCN2CCC[C@H]2C1,6.499996931948306,1,0.0,2002,2002,2002,Ki,B,1
PDLVJSBMRGEXNE-UHFFFAOYSA-N,COc1c(C(=O)NCCN2CCN(c3ccccc3)CC2)cc2ccccc2c1Br,6.499996931948306,1,0.0,1997,1997,1997,Ki,B,1
FQILBZPKWUSDNG-UHFFFAOYSA-N,COc1ccc(Br)cc1C(=O)NCCN1CCN(c2ccccc2)CC1,6.499996931948306,1,0.0,1997,1997,1997,Ki,B,1
HULQLOOBDVQQSC-UHFFFAOYSA-N,Cc1ccc2c(-c3nnc(SCCCN4CCc5c(Cl)cc6oc(C)nc6c5CC4)n3C)cccc2n1,6.499996931948306,1,0.0,2008,2008,2008,Ki,F,1
BVMLPMCCWDUGDH-UHFFFAOYSA-N,Cc1ccc2c(-c3nnc(SCCN4CCc5cc6nc(C)oc6c(C)c5CC4)n3C)cccc2n1,6.499996931948306,1,0.0,2008,2008,2008,Ki,F,1
KBAMXOZNCXYSJT-UHFFFAOYSA-N,Cc1ccc2c(-c3nnc(SCCN4CCc5cc6nc(C(F)(F)F)oc6c(Br)c5CC4)n3C)cccc2n1,6.499996931948306,1,0.0,2008,2008,2008,Ki,F,1
USKZVJAZXRLUHK-UHFFFAOYSA-N,Cc1ccc2c(-c3nnc(SCCN4CCc5cc6nc(C)oc6c(Br)c5CC4)n3C)cccc2n1,6.499996931948306,1,0.0,2008,2008,2008,Ki,F,1
BDRCTGAXOWRNQU-UHFFFAOYSA-N,Cc1nc2cc3c(cc2o1)CCN(CCCCSc1nnc(-c2ocnc2C)n1C)CC3,6.499996931948306,1,0.0,2008,2008,2008,Ki,F,1
RARDZQWGAVAIAO-UHFFFAOYSA-N,Cn1c(CN2CCC(c3ccc(Cl)cc3)CC2)nc2ccccc21,6.499996931948306,1,0.0,2010,2010,2010,Ki,F,1
VRQBYXDBZXNLRA-UHFFFAOYSA-N,O=S1(=O)N(CCN2CCCCCC2)CCN1c1cccc(Cl)c1,6.499996931948306,1,0.0,2010,2010,2010,Ki,F,1
DTSBUYTYJIUAIH-UHFFFAOYSA-N,O=c1oc2cc(O)ccc2c2c1CN(Cc1ccc(Cl)cc1)CC2,6.498940737782249,2,0.0,1997,2021,2009,Ki,B,2
QZUDBNBUXVUHMW-UHFFFAOYSA-N,CN1CCN(C2=Nc3cc(Cl)ccc3Nc3ccccc32)CC1,6.496209316942819,39,0.32651306632944316,1996,2021,2002,IC50;Ki,B,37
MZCVVBNYRQNALN-UHFFFAOYSA-N,Fc1ccccc1-c1cccc(CN2CCN(c3ncccn3)CC2)c1,6.494850021680094,1,0.0,1998,1998,1998,IC50,B,1
KMVQZDOEGJZFKZ-UHFFFAOYSA-N,COc1ccccc1N1CCN(CCCCN2C(=O)C=C(c3ccccc3)C2=O)CC1,6.494850021680094,1,0.0,2003,2003,2003,Ki,B,1
RUCVLTFMJJZXOA-UHFFFAOYSA-N,Cc1cccc(CN2CCC(n3c(O)nc(-c4ccccc4)c3C)CC2)c1,6.494850021680094,1,0.0,1999,1999,1999,Ki,B,1
RVBDWZKWSXQLMF-RDJZCZTQSA-N,CNc1cc(OC)c(C(=O)NC[C@H]2CN(Cc3ccccc3)C[C@@H]2C)cc1Cl,6.494850021680094,1,0.0,1999,1999,1999,Ki,B,1
RGBHOSATWXCXSR-UHFFFAOYSA-N,FCCOc1ccccc1N1CCN(Cc2cnn3ccccc23)CC1,6.494850021680094,1,0.0,2008,2008,2008,Ki,B,1
FFDHLEGSHFJYQA-UHFFFAOYSA-N,O=C(NCCCCN1CCN(c2cccc(Cl)c2Cl)CC1)c1cn(-c2ccc([N+](=O)[O-])cc2)nn1,6.494850021680094,1,0.0,2009,2009,2009,Ki,B,1
DXCOQJVYSXJFAX-UHFFFAOYSA-N,CCCCn1cc(COc2ccc(CN3CCN(c4ccccc4OC)CC3)cc2OC)nn1,6.494850021680094,1,0.0,2011,2011,2011,Ki,B,1
DAMZXOKWXKGWAF-UHFFFAOYSA-N,COc1ccc(N(Cc2cccc(OC)c2)NC(=O)NCCCN2CCN(c3ccccc3OC)CC2)cc1,6.494850021680094,1,0.0,2019,2019,2019,Ki,B,1
LMJQZJCJGXDLSR-UHFFFAOYSA-N,CCN1CCC(c2ccc3c(c2)CCN3S(=O)(=O)c2ccccc2)CC1,6.493494967595128,1,0.0,2016,2016,2016,Ki,B,1
VFZKZZYPGOBKJY-UHFFFAOYSA-N,Cc1c(CN2CCN(c3ccccc3)CC2)cnn1-c1ccccc1,6.492427464833347,2,0.0034260127482888944,2006,2007,2006,Ki,B,2
ZLQMLDGHTKCIRQ-AOMKIAJQSA-N,COc1c(C(=O)N[C@H]2CN(Cc3ccccc3)C[C@@H]2C)cc(Br)c2ccccc12,6.492320122295393,2,0.5113115184946658,2003,2003,2003,Ki,B,1
ASNREPVWGRJPSG-HUUCEWRRSA-N,CCCN1CC[C@H]2c3c(ccc4ccoc34)CC[C@H]21,6.490797477668897,1,0.0,1997,1997,1997,Ki,B,1
WCEIUAYVTGWLJR-UHFFFAOYSA-N,O=C(NCCCCN1CCN(c2ccnc3ccccc23)CC1)c1nc2ccccn2c1Cl,6.490797477668897,2,0.0,2017,2018,2017,Ki,B,2
ROZJLRVGVXVODO-CQSZACIVSA-N,CCCN(CCC)[C@@H]1CCn2c(ccc2C(=O)OCC)C1,6.4900049079866005,1,0.0,2005,2005,2005,Ki,B,1
OJYUKAHOHYUAHF-UHFFFAOYSA-N,CC(CCCc1ccccc1)CNC(=O)/N=C(\N)NCCCc1nnc(N)s1,6.4900049079866005,3,2.413715150610156,2021,2021,2021,EC50;Kd;Ki,B;F,1
SFNVUZGWWDUWJI-ATJRSEPMSA-N,CCOC(=O)/C=C1\[C@@H]2CCC[C@@]1(c1cccc(O)c1)CCN2C[C@@H]1C[C@H]1CCNC(=O)c1cc2ccccc2[nH]1,6.489653660658986,2,1.204035259353522,2021,2021,2021,EC50;Ki,B;F,1
JYIJFUATJBLBJG-UHFFFAOYSA-N,CCCCN1CCC(c2cccc(O)c2)C1,6.489454989793388,1,0.0,2018,2018,2018,Ki,B,1
OUXSXBHPMQCPQT-FOCLMDBBSA-N,COc1ccccc1N1CCN(Cc2ccccc2CNC(=O)/C=C/c2ccccc2)CC1,6.488116639021126,1,0.0,2003,2003,2003,Ki,B,1
PWWVAXIEGOYWEE-UHFFFAOYSA-N,CC(CN1c2ccccc2Sc2ccccc21)N(C)C,6.486917295580374,2,0.33139139618147273,,,,IC50;Ki,B,1
FBGLPECKCFZJFU-UHFFFAOYSA-N,CN(CCC=C1c2ccccc2CCc2ccccc21)C(=O)Cc1ccc(OCCCN2CCCCC2)cc1,6.486782399932061,1,0.0,2009,2009,2009,Ki,B,1
XBHUNPOHYIWVNE-CQSZACIVSA-N,CCCN(CCC)[C@@H]1CCn2ccc(CO)c2C1,6.485745484054356,2,0.006023735092876302,2001,2005,2003,Ki,B,2
ILVSPFZMTPGFNW-UHFFFAOYSA-N,COc1c(C(=O)NCCN2CCN(c3cccc(C)c3)CC2)cc(Br)c2ccccc12,6.484898616872612,2,0.021352241949029297,1996,1997,1996,Ki,B,2
WNZBBTJFOIOEMP-FQEVSTJZSA-N,O[C@@H](CCCN1CCC(O)(c2ccc(Cl)cc2)CC1)c1ccc(F)cc1,6.481486060122112,1,0.0,1993,1993,1993,Ki,B,1
KPFBQVMYZMGXQK-UHFFFAOYSA-N,COc1cc(CN2CCN(c3ccccc3OC)CC2)c(OCCF)cc1OC,6.481486060122112,1,0.0,2008,2008,2008,Ki,B,1
KTYLNGVSKMMZGB-UHFFFAOYSA-N,Cn1c(N2CCCC2)nc2c(CN3CCN(c4ccccc4)CC3)c[nH]c2c1=O,6.481486060122112,1,0.0,2009,2009,2009,Ki,B,1
HMLJHBVGLCIEGH-UHFFFAOYSA-N,CCOCCOCc1ccc(C(=O)NCCCN2CCN(c3ccccc3OC)CC2)cc1,6.481486060122112,1,0.0,2012,2012,2012,Ki,B,1
BHVCUILNYRRCIE-UHFFFAOYSA-N,COc1ccccc1N1CCN(CCCCNC(=O)Oc2ccc(-c3ccccc3)cc2)CC1,6.481486060122112,1,0.0,2017,2017,2017,EC50,F,1
QNUZTODQUSLYJC-UHFFFAOYSA-N,O=S(=O)(c1ccccc1)N1CCc2ccc(N3CCNCC3)cc21,6.481486060122112,1,0.0,2016,2016,2016,Ki,B,1
ZGUKBYAGUXPWLB-RMDSEJHCSA-N,N[C@H]1C[C@@H](CO)[C@H](c2ccc(-c3cc(C(=O)O)cc4cc(-c5ccc(C(F)(F)F)cc5)ccc34)cc2)C1,6.481486060122112,1,0.0,2022,2022,2022,Ki,B,1
WVVSZNPYNCNODU-XTQGRXLLSA-N,C[C@@H](CO)NC(=O)[C@@H]1C=C2c3cccc4[nH]cc(c34)C[C@H]2N(C)C1,6.48042981604966,2,0.33094418151369626,,,,IC50;Ki,B,1
OHODDACZFUFQDV-UHFFFAOYSA-N,Cc1[nH]c(-c2ccccc2)cc1C(=O)NCCCN1CCN(c2cccc(Cl)c2Cl)CC1,6.476253533188435,1,0.0,2010,2010,2010,IC50,B,1
UPZQTOBGZYRXMC-UHFFFAOYSA-N,Clc1ccc(N2CCC3CCC(C2)N3Cc2c[nH]c3ncccc23)cc1,6.474307475494989,1,0.0,2009,2009,2009,Ki,B,1
OGHNVEJMJSYVRP-UHFFFAOYSA-N,COc1ccccc1OCCNCC(O)COc1cccc2[nH]c3ccccc3c12,6.473284057743896,2,0.33157632925849784,,,,IC50;Ki,B,1
JPXQQLVVAAHNSC-UHFFFAOYSA-N,N#Cc1ccc(C(=O)CCCN2CCc3ccccc3C2)cc1,6.471833024770507,2,0.002584755072751278,2016,2016,2016,Ki,B,1
DDEDFIYGQWYHBZ-GFCCVEGCSA-N,CCCN1CCC[C@@H](c2ccc(OS(=O)(=O)C(F)(F)F)c(OS(=O)(=O)C(F)(F)F)c2)C1,6.471083299722345,1,0.0,1994,1994,1994,Ki,B,1
JYTBEUORVGHEBI-UHFFFAOYSA-N,Cc1ccc2c3c(c(=O)oc2c1)CN(Cc1ccccc1)CC3,6.471083299722345,2,0.0,1997,2021,2009,Ki,B,2
LCKBEOTXTNWYRG-UHFFFAOYSA-N,CNCC1CC2c3ccccc3Cc3ccccc3N2O1,6.470005326930858,1,0.0,2002,2002,2002,IC50,B,1
XJFQAYHTOHLUIP-UHFFFAOYSA-N,O=C(NCCCCN1CCN(c2cccc(Cl)c2Cl)CC1)Oc1ccc(-c2ccccc2)c(F)c1,6.470005326930858,3,1.1330703945615743,2017,2017,2017,EC50,F,1
NAWFUJBIFOJDRO-UHFFFAOYSA-N,N#Cc1ccccc1N1CCN(CCCN2C(=O)CCc3ccccc32)CC1,6.470005326930858,1,0.0,2022,2022,2022,Ki,B,1
PGAXGWGBGVJKJG-MRXNPFEDSA-N,C#Cc1cccc([C@@H]2CCCN(CCC)C2)c1,6.4698003017969175,1,0.0,1994,1994,1994,Ki,B,1
SNZILXJFTMMHEQ-UHFFFAOYSA-N,O=C(NCCCN1CCN(c2ccccc2)CC1)C1c2ccccc2-c2ccccc21,6.468521082957745,1,0.0,2001,2001,2001,Ki,B,1
PDQWDSWLQAHIBM-UHFFFAOYSA-N,COc1ccccc1N1CCN(Cc2cn(-c3ccccc3)nn2)CC1,6.468521082957745,2,0.0,2006,2013,2009,Ki,B,2
FQXALFLSCOKUML-UHFFFAOYSA-N,O=C(NCCCCN1CCCN(C(c2ccccc2)c2ccccc2)CC1)c1cccs1,6.468521082957745,1,0.0,2007,2007,2007,Ki,B,1
SVLAHMNAIPTSSR-UHFFFAOYSA-N,Cc1cc(I)cc(-c2nc(NC(=O)c3cccnc3)sc2-c2ccncc2)c1,6.468521082957745,1,0.0,2022,2022,2022,Ki,B,1
ZLTIKXYTELEOBL-UHFFFAOYSA-N,O=C(CCCN1CCCc2ccccc2C1)c1ccc(Cl)cc1,6.467989610437361,2,0.0028506536030020774,2016,2016,2016,Ki,B,1
NFBNIRNKYJTDIE-UHFFFAOYSA-N,CCOc1ccc(CCNC(=O)N2CCN(CCCC(c3ccc(F)cc3)c3ccc(F)cc3)CC2)cc1,6.467245621007502,1,0.0,2001,2001,2001,IC50,B,1
SBKJMNCSBLEGCS-UHFFFAOYSA-N,CN1CCc2cc(O)ccc2Cc2ccc(O)cc2CC1,6.465973893943865,1,0.0,2006,2006,2006,Ki,B,1
DOWWARCXHKBRSK-UHFFFAOYSA-N,COc1cccc(C(=CCNCCCCN2CCN(c3cccc(Cl)c3Cl)CC2)c2cccc(OC)c2)c1,6.465973893943865,1,0.0,2021,2021,2021,Ki,B,1
AUBNLLGXUCCYFZ-UHFFFAOYSA-N,NC1CCc2c(O)cccc2C1,6.464705879957229,1,0.0,1996,1996,1996,Ki,B,1
JGUJMJSODMVSHV-UHFFFAOYSA-N,Fc1ccc(CN2CCCC3(CCN(Cc4cc5ccc(Cl)cc5[nH]4)C3)C2)cc1F,6.462180904926726,1,0.0,2022,2022,2022,Ki,B,1
XUBBXZOTHIPKRG-UHFFFAOYSA-N,CN(C)C(=O)C(CCNCCC(O)CN1CCN(c2cccc(Cl)c2Cl)CC1)(c1ccccc1)c1ccccc1,6.4612288425479605,2,0.3091822581224944,2021,2021,2021,Ki,B,1
OVTLMIGCVPXGIF-UHFFFAOYSA-N,O=[N+]([O-])c1ccc(OCCNCCCOc2ccccc2)cc1,6.46108848003835,2,0.0015449220930151251,1997,2005,2001,Ki,B,2
ALJVVUIFWXGXTR-UHFFFAOYSA-N,Cc1ccc(CCCNCCCOc2ccccc2)cc1,6.459670525209127,1,0.0,1997,1997,1997,Ki,B,1
RUOVJGSFCGUFDC-UHFFFAOYSA-N,OC1c2ccc(F)cc2CC1CCN1CCN(c2ccccn2)CC1,6.459670525209127,1,0.0,2021,2021,2021,Ki,B,1
LUZGPEPGAGXEQF-UHFFFAOYSA-N,CN1CCN(C2=Nc3ccccc3Oc3ccc(OS(C)(=O)=O)cc32)CC1,6.455931955649724,1,0.0,1999,1999,1999,IC50,B,1
FPHFICIJDHPAHE-OALUTQOASA-N,CCC[C@H]1CN(Cc2ccccc2)C[C@@H]1CNC(=O)c1cc(Cl)c(NC)cc1OC,6.455931955649724,1,0.0,1999,1999,1999,Ki,B,1
FKPUMTSFODZMAY-UHFFFAOYSA-N,COc1ccccc1N1CCN(CCCNC(=O)c2ccc(COCCOCCOCCOCCOCCOCCOCCOCCOCc3ccc(C(=O)NCCCN4CCN(c5ccccc5OC)CC4)cc3)cc2)CC1,6.455931955649724,1,0.0,2012,2012,2012,Ki,B,1
RMDQSWIVOHIFNT-UHFFFAOYSA-N,COc1ccccc1N1CCN(Cc2cc(CN3CCOCC3)c3cccccc2-3)CC1,6.455931955649724,1,0.0,2012,2012,2012,Ki,B,1
PYVFEIJTIUOBFF-NDEPHWFRSA-N,CN1C(=O)c2ccccc2[S@+]([O-])c2ccc(C(=O)NCCN3CCCC3)cc21,6.455931955649724,1,0.0,2014,2014,2014,Ki,B,1
CYRGUPLYZBDIMV-UHFFFAOYSA-N,O=C1CCc2ccccc2N1CCCN1CCN(c2cccc(-c3ccccc3)c2)CC1,6.450004148469349,1,0.0,2025,2025,2025,Ki,B,1
APDUBUJHUYQKMX-UHFFFAOYSA-N,FC(F)(F)c1ccc(OCCCN2CCN(c3ccccn3)CC2)cc1,6.449887897707127,2,0.0001644034045697661,2014,2014,2014,Ki,B,1
MLMPITXUNSOGFE-UHFFFAOYSA-N,COc1ccccc1N1CCN(C2CC3CC(NC4CC5CC(N6CCN(c7ccccc7OC)CC6)CC5C4)CC3C2)CC1,6.446116973356125,1,0.0,2003,2003,2003,Ki,B,1
YIJDPVLWVKAIMO-GFCCVEGCSA-N,CCCN[C@@H]1CCc2ccc(OS(=O)(=O)C(F)(F)F)cc2C1,6.44490555142168,1,0.0,1995,1995,1995,Ki,B,1
XJGIQRQUJHWFSC-UHFFFAOYSA-N,COc1ccccc1N1CCN(CCNC(=O)c2cnn3ccccc23)CC1,6.443697499232712,3,0.0021360955405643534,2002,2007,2005,Ki,B,3
JSOOBIHCFROWDG-UHFFFAOYSA-N,COc1ccc(-c2nc(O)n(C3CCN(Cc4ccccc4)CC3)c2C)cc1,6.443697499232712,1,0.0,1999,1999,1999,Ki,B,1
QBCMSAVCLXLVLP-MRXNPFEDSA-N,CNc1cc(OC)c(C(=O)NC[C@H]2CCN(Cc3ccccc3)C2)cc1Cl,6.443697499232712,1,0.0,1999,1999,1999,Ki,B,1
PBACHGGJZAASIQ-UHFFFAOYSA-N,COc1cccc2c1CCC(N(C)C)C2,6.442492798094342,1,0.0,1996,1996,1996,Ki,B,1
KMPUUVTZQFSTEA-UHFFFAOYSA-N,Cc1nn(-c2ccccc2)cc1CN1CCN(c2ccccc2)CC1,6.441847586229673,2,0.002616172058108636,2006,2007,2006,Ki,B,2
KWPDQKFFYHDFIG-UHFFFAOYSA-N,O=S(=O)(c1ccccc1)N1CCc2ccc(C3CCN(C4CCC4)CC3)cc21,6.441291429466834,1,0.0,2016,2016,2016,Ki,B,1
OFDQLTVLCXEIAI-UHFFFAOYSA-N,O=C(NCN1CCN(c2ccccc2Cl)CC1)c1cccc(Cl)c1,6.438898616350944,1,0.0,1997,1997,1997,Ki,B,1
FDGXVDUYFWJNRM-UHFFFAOYSA-N,Nc1nc(-c2ccccc2)c2c(n1)-c1cc(OCCCN3CCCCC3)ccc1C2=O,6.438898616350944,1,0.0,2021,2021,2021,Ki,B,1
SMAYDEMZELAUEB-UHFFFAOYSA-N,CCCN(CCC)C1CCc2cc(OC)ccc2C1,6.436518914605589,1,0.0,1995,1995,1995,Ki,B,1
AOMZLKZZYNTVAW-UHFFFAOYSA-N,CCCN(CCCCNC(C)=O)C1Cc2ccccc2C1,6.434351101701188,2,0.06665889746076228,2011,2011,2011,Ki,B,1
BSQJXUKPWMUTBT-UHFFFAOYSA-N,COc1cccnc1N1CCN(CCCc2nc3ccccc3s2)CC1,6.432414585283341,2,0.15300790465603506,2023,2023,2023,IC50;Ki,B;F,1
OLRDLGNPSAUGKS-UHFFFAOYSA-N,Clc1ccc(N2CCCN(Cc3c[nH]c4ncccc34)CC2)cc1,6.431798275933005,1,0.0,2009,2009,2009,Ki,B,1
RSTJJQONPRJAIE-UHFFFAOYSA-N,CCCC#Cc1cc(CN2CCN(c3ccccc3OC)CC2)c2cccccc1-2,6.431798275933005,1,0.0,2012,2012,2012,Ki,B,1
HNCOLMVXXZHGHT-UHFFFAOYSA-N,C#Cc1cc(CN2CCN(c3ccccc3OC)CC2)c2cccccc1-2,6.431798275933005,1,0.0,2012,2012,2012,Ki,B,1
NXRNOJKUXYWBIA-LJAQVGFWSA-N,CN1C(=O)c2ccccc2[S@+]([O-])c2ccc(C(=O)NCc3ccc(Br)cc3)cc21,6.431798275933005,1,0.0,2014,2014,2014,Ki,B,1
QKDZZWJEUUEDPE-UHFFFAOYSA-N,O=C(NCCCCN1CCN(c2cccc(Cl)c2Cl)CC1)Oc1ccc2c(c1)[nH]c1ccccc12,6.431798275933005,3,0.28285826999513497,2017,2017,2017,EC50,F,1
WUDCCQFZITUELQ-UHFFFAOYSA-N,Cn1c(SCCCN2CCC3(CC2)CCN(c2ccc(C(F)(F)F)cc2F)CC3)nnc1-c1ccccc1,6.431798275933005,1,0.0,2019,2019,2019,Ki,B,1
WRUNDYWPHKJEIH-UHFFFAOYSA-N,N#Cc1cccc(C(=O)NCc2ccccc2CN2CCc3cc(O)c(O)cc3C2)c1,6.431798275933005,1,0.0,2021,2021,2021,Ki,B,1
IWPBBAPLZQJENH-UHFFFAOYSA-N,COc1ccccc1N1CCN(CCCNC(=O)NCc2ccccc2-c2ccc(-c3ccccc3)cc2)CC1,6.431798275933005,1,0.0,2023,2023,2023,Ki,B,1
JOCIPRSPZCLXKS-UHFFFAOYSA-N,COc1ccc(OCCNCCCOc2ccccc2)cc1,6.431484028539575,2,0.0021066200197718222,1997,2005,2001,Ki,B,2
BRIATAZJUYBSAJ-INIZCTEOSA-N,CCOc1c(O)cc(Br)c2c1CN1CCc3cc(OC)c(O)cc3[C@@H]1C2,6.428291168191312,1,0.0,2017,2017,2017,Ki,B,1
OKODMCHGOYUBGY-SNVBAGLBSA-N,C[C@@H](O)CN1CCN(c2cccc(Cl)c2Cl)CC1,6.428291168191312,1,0.0,2017,2017,2017,Ki,B,1
OJFGNESHNMETMU-UHFFFAOYSA-N,O=C(CCCN1CCN(c2ccccn2)CC1)c1ccc2c(c1)CCC2,6.427403289155276,2,0.003664416962015401,2021,2021,2021,Ki,B,1
LVXYAFNPMXCRJI-GOSISDBHSA-N,O[C@H](CCCN1CCN(c2ccccn2)CC1)c1ccc(F)cc1,6.427128397799519,1,0.0,1993,1993,1993,Ki,B,1
UCNOTTVNPRSTFW-XSFNXXSESA-N,COc1cc2c(cc1OC)C1=NO[C@@H](CN3CCN(C/C(C)=C/c4ccc(F)cc4)CC3)[C@@H]1CO2,6.425968732272281,1,0.0,2007,2007,2007,Ki,B,1
WLNCDWOGRLAGPA-UHFFFAOYSA-N,Cc1cc(NC(=O)CN2CCC3(CCCN(Cc4ccc(F)c(F)c4)C3)C2)ccc1F,6.424812155072339,1,0.0,2022,2022,2022,Ki,B,1
FJYYLTSACBJXID-UHFFFAOYSA-N,Cc1ccc(C(=O)NCN2CCN(c3ccccc3C#N)CC2)cc1,6.423658649794207,1,0.0,1997,1997,1997,Ki,B,1
WALQYBLEMBEYFX-JOCHJYFZSA-N,CN[C@@H]1Cc2cccc3c2n(c(=O)n3CCCCOCCCCc2ccccc2)C1,6.423658649794207,1,0.0,2017,2017,2017,Ki,B,1
ZCDDPEAAEDRNJF-UHFFFAOYSA-N,Cc1c(-c2ccc(Cl)cc2)nc(O)n1C1CCN(Cc2ccccc2)CC1,6.42021640338319,1,0.0,1999,1999,1999,Ki,B,1
SFQRCRYSIPJHQY-UHFFFAOYSA-N,O=C(CCCCCCCCCCCCCCCCC(=O)OC1(c2ccc(Cl)cc2)CCN(CCCC(=O)c2ccc(F)cc2)CC1)OC1(c2ccc(Cl)cc2)CCN(CCCC(=O)c2ccc(F)cc2)CC1,6.42021640338319,1,0.0,2014,2014,2014,Ki,B,1
UOPBRNUATAQDND-UHFFFAOYSA-N,O=C(NCCCN1CCN(c2cccc(Cl)c2Cl)CC1)Oc1ccc2c(c1)[nH]c1ccccc12,6.42021640338319,3,0.2331345743730822,2017,2017,2017,EC50,F,1
UYCJWHABGCDKEQ-UHFFFAOYSA-N,CN1CCN(c2ccc(O)c3[nH]c(=O)ccc23)CC1,6.42021640338319,1,0.0,2017,2017,2017,Ki,B,1
AIYKVNCJQXICKY-UHFFFAOYSA-N,COc1cc2c(cc1O)CN(Cc1ccccc1CNC(=O)c1ccccc1Cl)CC2,6.42021640338319,1,0.0,2021,2021,2021,Ki,B,1
VRBKIVRKKCLPHA-UHFFFAOYSA-N,CCc1nn(CCCN2CCN(c3cccc(Cl)c3)CC2)c(=O)n1CCOc1ccccc1,6.41999931041096,1,0.0,2024,2024,2024,Ki,B,1
DGFGHVHKQCWUJA-UHFFFAOYSA-N,Cc1ccc(OCCNCCCOc2ccccc2C)cc1,6.41953716736767,2,0.0006535689595768711,1997,2005,2001,Ki,B,2
WMIVISJOMKDPGX-UHFFFAOYSA-N,CN1CCc2cccc3c2C1Cc1ccc2nc(N)sc2c1-3,6.41907502432438,1,0.0,2020,2020,2020,Ki,B,1
GIJXKZJWITVLHI-PMOLBWCYSA-N,CN1[C@@H]2CC[C@H]1C[C@@H](OC(c1ccccc1)c1ccccc1)C2,6.419034638612547,2,0.3317920195067673,,,,IC50;Ki,B,1
UHMCLVHQIYTYOA-UHFFFAOYSA-N,NC1(c2ccc(Cl)cc2)CCN(Cc2c[nH]c3ccccc23)CC1,6.417936637088291,1,0.0,2007,2007,2007,Ki,B,1
WIJUWJDUUDINBR-GOSISDBHSA-N,CN(CCCCOc1ccc2c(c1)NC(=O)CC2)[C@@H]1Cc2cccc3[nH]c(=O)n(c23)C1,6.417936637088291,1,0.0,2017,2017,2017,Ki,B,1
XRDZUZLOELIAOU-UHFFFAOYSA-N,Cc1ccccc1N1CCN(CCCCNc2ccccn2)CC1,6.416801226031377,1,0.0,2010,2010,2010,Ki,B,1
NQVCRJIGEWITKT-UHFFFAOYSA-N,COc1ccccc1N1CCC2(CCN(CCCSc3ncc(-c4ccccc4)[nH]3)CC2)CC1,6.416801226031377,1,0.0,2019,2019,2019,Ki,B,1
OQBXWWGQCMPQTM-UHFFFAOYSA-N,CCCN1CCC(c2cccc3c2CCN3S(=O)(=O)c2ccccc2)CC1,6.416801226031377,1,0.0,2016,2016,2016,Ki,B,1
DZWGDUHDXDFOQC-UHFFFAOYSA-N,COc1ccccc1N1CCN(CCCCOc2ccc(-c3cn4cccc(C)c4n3)cc2)CC1,6.414539270491499,1,0.0,2007,2007,2007,Ki,B,1
ZFIFMHZQHDPZDW-JSOSNVBQSA-N,CN(C)C(=O)C(CCN1C[C@H](O)C[C@H]1C(=O)NCCCCN1CCN(c2cccc(C(F)(F)F)n2)CC1)(c1ccccc1)c1ccccc1,6.413412695328245,3,0.1419655237582557,2023,2023,2023,EC50;IC50;Ki,B;F,1
LVXZELAZCGYHRC-UHFFFAOYSA-N,O=C1c2ccccc2CCCN1CCCN1CCN(c2cccc(Cl)c2Cl)CC1,6.40999458034867,1,0.0,2009,2009,2009,Ki,B,1
LNEZIIGVFFLLQU-UHFFFAOYSA-N,COc1ccccc1N1CCN(Cc2cn3cc(C)cc(-c4ccccc4)c3n2)CC1,6.4089353929735005,1,0.0,2006,2006,2006,Ki,B,1
QDUNOUQOKOYLCH-UHFFFAOYSA-N,Oc1cc2c(cc1O)C1c3ccccc3CNC1CO2,6.4089353929735005,1,0.0,2006,2006,2006,Ki,B,1
DXTFDOIEUMNMMV-UHFFFAOYSA-N,COc1ccccc1N1CCN(CC(F)CCNC(=O)c2ccc(-c3ccccn3)cc2)CC1,6.4089353929735005,3,0.8215934390089336,2011,2011,2011,IC50;Ki,B;F,1
HRHSURDPAJFNRA-UHFFFAOYSA-N,COc1ccccc1N1CCN(Cc2cc(CN(C)C)c3cccccc2-3)CC1,6.4089353929735005,1,0.0,2012,2012,2012,Ki,B,1
FJZRVTBENKLHMM-UHFFFAOYSA-N,COc1cc(CCN2CCC(O)(c3ccc(Cl)cc3)CC2)ccc1OCCSSCCN,6.4089353929735005,1,0.0,2017,2017,2017,Ki,B,1
PGTMRNBGCGSJFJ-UHFFFAOYSA-N,Nc1ccc(CCCCN2CCN(c3ccccn3)CC2)cc1,6.408908911476401,2,0.0015353676434083647,2021,2021,2021,Ki,B,1
NFCAJYXEMNIWPF-UHFFFAOYSA-N,O=C1CCc2cc(C(=O)CCCN3CCN(c4ccccn4)CC3)ccc2N1,6.408682736941311,2,0.012283609491733075,2021,2021,2021,Ki,B,1
VDHAWDNDOKGFTD-MRXNPFEDSA-N,C[C@@H](NCCCc1cccc(C(F)(F)F)c1)c1cccc2ccccc12,6.407956550370638,1,0.0,2024,2024,2024,Ki,B,1
URKOMYMAXPYINW-UHFFFAOYSA-N,OCCOCCN1CCN(C2=Nc3ccccc3Sc3ccccc32)CC1,6.403292970318554,7,0.25931519676643106,2001,2012,2007,IC50;Ki,B,6
GLMUYARIPQRMIW-UHFFFAOYSA-N,COc1ccccc1N1CCN(CCCNC(=O)c2ccc(I)cc2)CC1,6.402304814074488,1,0.0,2003,2003,2003,Ki,B,1
ROHKDSZWDXPTKF-UHFFFAOYSA-N,Cn1c(SCCCN2CCC3(CC2)CCN(c2ccccc2O)CC3)nnc1-c1ccccc1,6.402304814074488,1,0.0,2019,2019,2019,Ki,B,1
UTRNBIMBKRRKDH-UHFFFAOYSA-N,COc1ccc(Br)c(O)c1C(=O)NCCN1CCN(c2ccccc2)CC1,6.399996913372259,1,0.0,1997,1997,1997,Ki,B,1
WKIHYCMRGGUMCH-UHFFFAOYSA-N,Cc1ncoc1-c1nnc(SCCCN2CCc3nc4ccc(C(F)(F)F)cn4c3CC2)n1C,6.399996913372259,1,0.0,2008,2008,2008,Ki,F,1
ZEZPYBMUPDTITR-UHFFFAOYSA-N,O=C1c2ccccc2CCCN1CCCCN1CCN(c2ccccn2)CC1,6.399996913372259,1,0.0,2009,2009,2009,Ki,B,1
OCKYRBSJWIYEBM-OXQOHEQNSA-N,CN(C)[C@H]1c2cc3ccn(S(=O)(=O)c4ccccc4)c3cc2[C@H]1CCO,6.399996913372259,1,0.0,2017,2017,2017,Ki,B,1
WUSXPLYESFHLLY-UHFFFAOYSA-N,CC(C)(C)NC(=O)Cn1c(CCCN2CCN(c3cccc(Cl)c3Cl)CC2)nc2ccccc21,6.399996913372259,1,0.0,2021,2021,2021,IC50,B,1
VAGMAHDJGBPZIB-HSZRJFAPSA-N,COc1cc(CCNC[C@@H](O)c2ccc(O)c3c2OCC(=O)N3)ccc1OCCCc1ccccc1,6.3979400086720375,1,0.0,2016,2016,2016,Ki,B,1
SKNVJEZUCGHGRG-UHFFFAOYSA-N,COc1ccc(N(Cc2ccc(F)cc2)NC(=O)NCCCN2CCN(c3ccccc3OC)CC2)cc1,6.3979400086720375,1,0.0,2019,2019,2019,Ki,B,1
FSYNULSLZHGKCA-AZUAARDMSA-N,C=C(C)[C@@H]1CCC(C)=C[C@H]1c1c(O)cc(CCCCC)c2c1OCC2,6.3979400086720375,1,0.0,2025,2025,2025,Ki,B,1
XYXNDRMGQIINHD-UHFFFAOYSA-N,CN1CCC(c2ccc3c(c2)CCN3S(=O)(=O)c2ccccc2)CC1,6.396855627379818,1,0.0,2016,2016,2016,Ki,B,1
HDQVTWXXANYCIU-MWLCHTKSSA-N,Oc1ccc2c(c1)[C@H]1OCCN[C@@H]1CO2,6.39469495385889,1,0.0,2019,2019,2019,Ki,B,1
ROKAKGMAWJNFEN-UHFFFAOYSA-N,O=C(CCCN1CCN(c2ccc(Cl)cc2)CC1)c1ccc(F)cc1,6.393726146830012,3,0.2026817659448222,2010,2014,2012,Ki,B,3
BODKZKXTTLFUIE-UHFFFAOYSA-N,O=C1c2cc(Cl)ccc2CC1CCN1CCN(c2ccccn2)CC1,6.390202943466274,2,0.0002865865720665676,2021,2021,2021,Ki,B,1
OJINAULTAMERKJ-UHFFFAOYSA-N,O=C1CCc2ccccc2N1CCCN1CCC(CCc2ccccc2)CC1,6.390000296157769,1,0.0,2018,2018,2018,Ki,A,1
RWDBDUKKVDGKLL-UHFFFAOYSA-N,c1ccc(N2CCN(CCCCCNC3=Nc4ccccc4OC3)CC2)nc1,6.3893398369101195,1,0.0,1997,1997,1997,Ki,B,1
VBJJOYHRWXQNFV-UHFFFAOYSA-N,CNC1CCc2c(cccc2OC)C1,6.388276691992658,1,0.0,1996,1996,1996,Ki,B,1
GYWHDZIJHYATFG-UHFFFAOYSA-N,Clc1ccc(N2CCN(Cc3cnn4c(N5CCN(Cc6ccccc6)CC5)cccc34)CC2)cc1,6.3872161432802645,1,0.0,2002,2002,2002,Ki,B,1
RMXWGHDSQFWKHG-UHFFFAOYSA-N,Brc1cccc(N2CCN(Cc3cnn4ccccc34)CC2)n1,6.3872161432802645,1,0.0,2008,2008,2008,Ki,B,1
LOOROOGJSWXTHW-UHFFFAOYSA-N,O=C(CCCN1CCN(c2ccc(Cl)cc2)CC1)c1cc2ccc1CCc1ccc(cc1)CC2,6.3872161432802645,1,0.0,2010,2010,2010,Ki,B,1
UWDDPDDBHFLUEH-UHFFFAOYSA-N,COc1cc2c(cc1OC)CN(CCCCNC(=O)c1ccc(C#N)cc1)CC2,6.3872161432802645,1,0.0,2018,2018,2018,Ki,B,1
MAFQRGJTJAMOBM-UHFFFAOYSA-N,COc1ccc(OCCN2CCN(C(=O)c3cc4c(OC)cccc4[nH]3)CC2)cc1,6.386158178123931,1,0.0,2020,2020,2020,EC50,B,1
BOPVQJAIGZUFJL-UHFFFAOYSA-N,COc1ccc(OCCN2CCN(C(=O)C3Cc4c(cccc4OC)N3)CC2)cc1,6.386158178123931,1,0.0,2023,2023,2023,EC50,B,1
MYFHADFSNRZMLH-UHFFFAOYSA-N,COc1c(Cl)cc2c(c1Cl)Cc1ccccc1CCN(C)CC2,6.3819519032879075,1,0.0,2006,2006,2006,Ki,B,1
RMKVCRINIVDQQR-FQEVSTJZSA-N,CCCOc1cc2c(cc1O)[C@@H]1Cc3c(Br)cc(O)c(OCCOCC)c3CN1CC2,6.3819519032879075,1,0.0,2023,2023,2023,Ki,B,1
GXGVWEMSSIKHOZ-UHFFFAOYSA-N,Cc1cc(C)cc(-c2cnc3cc(Cl)c(-c4cccc(O)c4)cc3c2OCCCN)c1,6.380948430465833,1,0.0,2024,2024,2024,Ki,B,1
PQBWSEUMJSRWDF-UHFFFAOYSA-N,COc1ccccc1N1CCC2(CCN(CCCSc3ncc(-c4ccccc4)n3C)CC2)CC1,6.3788237182249645,1,0.0,2019,2019,2019,Ki,B,1
FFZALGRQJRVCKO-ZDUSSCGKSA-N,CCCN(CCC)[C@H]1CCn2c(CO)ccc2C1,6.378375033651015,2,0.0022971410996660896,2001,2005,2003,Ki,B,2
QPOPFNWPFQDIQV-UHFFFAOYSA-N,Cc1ccc(C)c(C(=O)CCCN2CCC(c3cc(C)ccc3C)CC2)c1,6.376750709602099,1,0.0,2010,2010,2010,Ki,B,1
RKJGOTQLYDWXJL-UHFFFAOYSA-N,CCCN1CCN(c2ccc(O)c3[nH]c(=O)ccc23)CC1,6.376750709602099,1,0.0,2017,2017,2017,Ki,B,1
QEVFANOTWOZMFN-UHFFFAOYSA-N,Fc1ccc(SCCCN2CCN(c3ccc(Cl)cc3)CC2)cc1,6.374687549038326,2,0.0,2012,2014,2013,Ki,B,2
QVJKSJKBVZSPPJ-LMONUYQQSA-N,C[C@H]1CO[C@@H](c2ccc(N)nc2)CN1CC(O)CCNC(=O)c1cc2ccccc2[nH]1,6.373659632624958,2,0.0,2020,2021,2020,Ki,B,2
OAWCCPORHBJQQY-AWEZNQCLSA-N,CCCN(CCC)[C@H]1CCn2c(C)ccc2C1,6.373265451060172,2,0.009523182097701935,2001,2005,2003,Ki,B,2
RNNKCHJUBXFBQB-UHFFFAOYSA-N,O=c1ccc2ccc(CNCCNc3ccccc3)cc2o1,6.372634143407268,1,0.0,1999,1999,1999,Ki,B,1
MQDDJWTVOBHYHX-UHFFFAOYSA-N,CC(O)CN1CCN(CCSC(c2ccc(F)cc2)c2ccc(F)cc2)CC1,6.372634143407268,2,0.0,2016,2020,2018,Ki,B,2
UXRVFSIWSWPXSI-IONNQARKSA-N,C[C@H]1CO[C@@H](c2ccc(N)nc2)CN1,6.372634143407268,1,0.0,2019,2019,2019,Ki,B,1
SVJMLYUFVDMUHP-XIFFEERXSA-N,COC(=O)C1=C(C)NC(C)=C(C(=O)OCCCN2CCC(c3ccccc3)(c3ccccc3)CC2)[C@H]1c1cccc([N+](=O)[O-])c1,6.371897287666899,1,0.0,2024,2024,2024,Ki,B,1
QZNVCRYUPLFRHD-DEOSSOPVSA-N,CCc1cc(Cl)c(OC)c(C(=O)NC[C@@H]2CCCN2Cc2ccccc2)c1OCc1ccccc1,6.370590400897282,1,0.0,2021,2021,2021,Ki,B,1
IKBKZGMPCYNSLU-RGVLZGJSSA-N,CCCCCNC(=N)N/N=C/c1c[nH]c2ccc(OC)cc12,6.3701013304830925,1,0.0,2024,2024,2024,Ki,B,1
KOVNCVPOPFUEPN-UHFFFAOYSA-N,CCCN1CCOC(c2ccc(O)c(C(N)=O)c2)C1,6.369572124974976,1,0.0,2007,2007,2007,EC50,F,1
PMNZCFDKKKLFHH-UHFFFAOYSA-N,CN1CN(c2ccccc2)C2(CCN(CCCCOc3ccc4c(c3)NC(=O)CC4)CC2)C1=O,6.369572124974976,1,0.0,2011,2011,2011,Ki,B,1
XKJCYPAWMASKGX-UHFFFAOYSA-N,Clc1ccccc1N1CCN(Cc2cccs2)CC1,6.369572124974976,1,0.0,2013,2013,2013,Ki,B,1
OENQQKMDIVNPMU-UHFFFAOYSA-N,Cc1ncoc1-c1nnc(SCCCN2CCOC(c3ccc(F)cc3)C2)n1C,6.369572124974976,1,0.0,2020,2020,2020,Ki,B,1
ZNVJBKVJJHNRRV-UHFFFAOYSA-N,COc1ccc(C2CCN(Cc3ccc4c(c3)OCC(=O)N4)CC2)cc1,6.368556230986828,1,0.0,1999,1999,1999,Ki,B,1
IYHHRZBKXXKDDY-UHFFFAOYSA-N,CCC(F)(F)c1cc(N2CCC(S(C)(=O)=O)CC2)nc2sc(C(N)=O)c(N)c12,6.3684852073233404,3,0.09902685064418783,2021,2024,2021,Ki,B,2
OABMFFJUPVFTDD-UHFFFAOYSA-N,CCC(=O)OC1(c2ccccc2)CCN(CCCC(=O)c2ccccc2)CC1,6.367542707815276,1,0.0,2003,2003,2003,Ki,B,1
QRUCJPHVVJRIMC-UHFFFAOYSA-N,O=C(NCCCN1CCN(c2ccccc2)CC1)c1cccc2c1-c1ccccc1C2=O,6.366531544420413,1,0.0,2001,2001,2001,Ki,B,1
GGKGPBLSDOYJJD-UHFFFAOYSA-N,O=C(NCCCN1CCN(c2ccccc2)CC1)c1cccc2c1Cc1ccccc1-2,6.366531544420413,1,0.0,2001,2001,2001,Ki,B,1
IGAYGUGEWYBNRY-UHFFFAOYSA-N,Clc1ccc(CN2CCC(c3cc(-c4ccc(Cl)cc4)on3)CC2)cc1,6.366531544420413,2,0.0,1996,1997,1996,Ki,B,2
GWSJSKIZAIMZOZ-UHFFFAOYSA-N,Cc1c(C2CCN(Cc3ccccc3)CC2)n[nH]c1-c1ccc(Cl)cc1,6.366531544420413,1,0.0,1997,1997,1997,Ki,B,1
PHHRLMSWZZUWNE-UHFFFAOYSA-N,COc1ccc(OCCN2CCN(C(=O)c3cc4ccccc4o3)CC2)cc1,6.366531544420413,2,0.0,2020,2023,2021,EC50,B,2
MTASNPVDMSIQLV-BRLLKYFNSA-N,O[C@@]1(c2cccc(Cl)c2Cl)C[C@H]2CC[C@@H](C1)N2Cc1csc2ccccc12,6.3655227298392685,1,0.0,2008,2008,2008,Ki,B,1
JWYUBODPEUBFLH-FSTMKDAKSA-N,COc1cc2c(cc1OC)C1=NO[C@@H](CN3CCN(C/C(C)=C/c4ccccc4)CC3)[C@@H]1CO2,6.363512103646634,1,0.0,2005,2005,2005,Ki,B,1
VZTUIEROBZXUFA-INIZCTEOSA-N,COc1ccc2c(c1OC)CN1CCc3cc4c(cc3[C@@H]1C2)OCO4,6.363512103646634,1,0.0,2017,2017,2017,Ki,B,1
DYLSSJRMONSQGQ-UHFFFAOYSA-N,COc1ccc(N(CCCCN2CCC(O)(c3ccc(Cl)c(C(F)(F)F)c3)CC2)c2ccc(OC)cc2)cc1,6.359518563029578,1,0.0,2018,2018,2018,Ki,B,1
PMZOPKCHYGDQPO-JOCHJYFZSA-N,Cn1c(SCCCN2CCO[C@@H](c3ccc(C(F)(F)F)cc3)C2)nnc1-c1ccc(-c2ncco2)cc1,6.359518563029578,1,0.0,2020,2020,2020,Ki,B,1
LOOPVARSTUYIDY-UHFFFAOYSA-N,COc1ccc(OCCN2CCN(C(=O)c3cc4ccccc4n3C)CC2)cc1,6.359176571066243,2,0.21137081283350515,2020,2023,2021,EC50,B,2
VDNJPDREVJLHKX-UHFFFAOYSA-N,Cn1c(SCCCN2CCC3(CC2)CCN(c2cccc(C#N)c2)CC3)nnc1-c1ccccc1,6.358525889495901,1,0.0,2017,2017,2017,Ki,B,1
PBFDUYRSNDQIDN-UHFFFAOYSA-N,CCCN1CCN(c2ccc3c(c2)C(N(C)C(=O)OCc2ccccc2)CCC3)CC1,6.358525889495901,1,0.0,2022,2022,2022,Ki,B,1
YBWZCNHZSGYCJP-UHFFFAOYSA-N,Cc1ccc(N2CCN(CCCCc3nc4ccccc4s3)CC2)nc1,6.358253274028234,2,0.46668038505057685,2023,2023,2023,IC50;Ki,B;F,1
QUVIJOPWQUCXGM-UHFFFAOYSA-N,OC1(c2ccc(Cl)cc2)CCN(Cc2n[nH]c3ccccc23)CC1,6.356547323513812,1,0.0,2007,2007,2007,Ki,B,1
YOQUNJDFYTYTTC-UHFFFAOYSA-N,CCOCCn1cc(COc2ccc(CN3CCN(c4ccccc4OC)CC3)cc2OC)nn1,6.356547323513812,1,0.0,2011,2011,2011,Ki,B,1
YVPBESDCGKPQTK-UHFFFAOYSA-N,Cc1ccc(C)c2c1Sc1c(ccc3ccccc13)N2CCCN(C)C,6.354577730650908,1,0.0,2003,2003,2003,Ki,B,1
ZORLJXWXFABTPZ-CTNGQTDRSA-N,COCc1nc2cnc3cc(-c4c(C)noc4C)c(OC[C@H]4CCNC4)cc3c2n1[C@H](C)c1ccccc1,6.351717760791789,2,0.054139680716596146,2021,2021,2021,Ki,B,1
SFLSHLFXELFNJZ-QMMMGPOBSA-N,NC[C@H](O)c1ccc(O)c(O)c1,6.351298543348275,1,0.0,2024,2024,2024,Ki,B,1
GPALOBCMKKYZEA-UHFFFAOYSA-N,CCc1cc(Cl)c(OC)c(N2CCNCC2)c1,6.350665141287858,1,0.0,2016,2016,2016,Ki,B,1
RXOQYNOKQGUANO-UHFFFAOYSA-N,O=C(NCCCCN1CCc2ncsc2CC1)C12CC3CC(CC(C3)C1)C2,6.350003492533959,1,0.0,2019,2019,2019,Ki,B,1
BTSMIVQFEUCDAW-UHFFFAOYSA-N,Clc1ccc2sc(CCCCN3CCc4ccccc4C3)nc2c1,6.349847984701011,2,0.00021992128640974408,2016,2016,2016,Ki,B,1
XERZUXOKZOACKV-UHFFFAOYSA-N,O=S(=O)(c1ccccc1)N1CCc2c(N3CCN(C4CCC4)CC3)cccc21,6.347753658996677,1,0.0,2016,2016,2016,Ki,B,1
IBMJCDACSWDYQN-UHFFFAOYSA-N,Cc1c(-c2ccccc2)cnn1C1CCN(Cc2ccccc2)CC1,6.346787486224656,1,0.0,1999,1999,1999,Ki,B,1
PJMOAMQVWVRXEQ-UHFFFAOYSA-N,Cc1c(C2CCN(Cc3ccccc3)CC2)n[nH]c1-c1ccccc1,6.346787486224656,1,0.0,1999,1999,1999,Ki,B,1
KGPBZECHWRAGLN-UHFFFAOYSA-N,OC1(c2cccc(Cl)c2)CCN(Cc2c[nH]c3ccccc23)CC1,6.346787486224656,1,0.0,2007,2007,2007,Ki,B,1
BTEHEQVRGFEGCF-UWBLVGDVSA-N,CCC(C)Oc1c(O)ccc2c1CN1CCc3cc(OC)c(O)cc3[C@@H]1C2,6.346787486224656,1,0.0,2017,2017,2017,Ki,B,1
NEUFWHZAVWYYSZ-UHFFFAOYSA-N,O=C(OCCc1ccc(F)cc1)N1CCN(CCCC(c2ccc(F)cc2)c2ccc(F)cc2)CC1,6.341035157335565,1,0.0,2001,2001,2001,IC50,B,1
AXPMHZJZVFNEBY-KRWDZBQOSA-N,O[C@H](COc1ccccc1)CN1CCC(Oc2ccccc2)CC1,6.34008379993015,1,0.0,1997,1997,1997,Ki,B,1
WRBLMUFLYRGRPQ-UHFFFAOYSA-N,COc1ccc(N2CC=C(c3ccc(Cl)c(Cl)c3)C2=O)cc1OCCN1CCCCC1,6.339998279897117,1,0.0,2006,2006,2006,Ki,B,1
PLYQWXWXIUOYQJ-UHFFFAOYSA-N,COc1ccccc1N1CCN(Cc2cc(CN3CCN(C)CC3)c3cccccc2-3)CC1,6.337242168318426,1,0.0,2012,2012,2012,Ki,B,1
LTNOCTARMCCZMF-UHFFFAOYSA-N,COc1cc2c(cc1O)CN(Cc1ccccc1CNC(=O)c1cccc(Cl)c1Cl)CC2,6.337242168318426,1,0.0,2021,2021,2021,Ki,B,1
OVNWEDVAMBIZAQ-UHFFFAOYSA-N,N#CC(CCNCCC(O)CN1CCN(c2cccc(Cl)c2Cl)CC1)(c1ccccc1)c1ccccc1,6.337242168318426,1,0.0,2021,2021,2021,Ki,B,1
JNODQFNWMXFMEV-UHFFFAOYSA-N,Cc1ccc2c(c1)c1c(n2CCc2ccc(C)nc2)CCN(C)C1,6.335903585147841,1,0.0,2024,2024,2024,Ki,B,1
ZVHOLIZEVQEFBP-UHFFFAOYSA-N,Cc1cccc(C(=O)NCN2CCN(c3ccccc3Cl)CC2)c1,6.333482019445119,1,0.0,1997,1997,1997,Ki,B,1
DOHBWZBXSGIRIR-UHFFFAOYSA-N,O=C(CCN1CCN2c3ccccc3CCC2C1)c1ccc(F)cc1,6.332547047110046,1,0.0,2003,2003,2003,Ki,B,1
KEAJISWSTUQSFY-UHFFFAOYSA-N,OC1(c2ccc(-c3ccccc3)cc2)CCN(Cc2c[nH]c3ccccc23)CC1,6.330683119433887,1,0.0,2007,2007,2007,Ki,B,1
FVIINRQKSXAKLE-UHFFFAOYSA-N,FC(CCNCc1ccc2c(c1)Cc1ccccc1-2)CN1CCN(c2cccc(Cl)c2Cl)CC1,6.330683119433887,1,0.0,2011,2011,2011,Ki,B,1
PVACCLSEBPABQC-UHFFFAOYSA-N,c1ccc2c(c1)CCN(CCCCc1c[nH]c3ccccc13)C2,6.3294113229842734,2,0.000826135054704207,2016,2016,2016,Ki,B,1
JPLZGZBACZPXMR-UHFFFAOYSA-N,Nc1ccc(C(=O)CCCN2CCN(c3ccccn3)CC2)cc1,6.3294113229842734,2,0.000826135054704207,2021,2021,2021,Ki,B,1
KESPBTDDQDBERC-UHFFFAOYSA-N,COc1ccccc1N1CCN(Cc2cn3cc(C)cc(I)c3n2)CC1,6.327902142064282,1,0.0,2006,2006,2006,Ki,B,1
NBXGUYASUMJQNP-UHFFFAOYSA-N,O=C(c1cc2ccccc2[nH]1)N1CCN(CCOc2ccncc2)CC1,6.326058001365912,2,0.0,2020,2023,2021,EC50,B,2
UQVUXUJHZYIOHV-UHFFFAOYSA-N,COc1ccc(OCCN2CCN(C(=O)c3cc4cccc(C)c4[nH]3)CC2)cc1,6.325138859262188,2,0.0,2020,2023,2021,EC50,B,2
FOLXSEMOHDUPCN-UHFFFAOYSA-N,OC1(c2ccc(Cl)c(C(F)(F)F)c2)CCN(CCCN(c2ccc(F)cc2)c2ccc(F)cc2)CC1,6.324221658325914,1,0.0,2018,2018,2018,Ki,B,1
AGZPZBJIQLGGOQ-UHFFFAOYSA-N,COc1ccc2[nH]c3c(c2c1)CCN(C)CCc1ccccc1C3,6.323306390375134,1,0.0,2007,2007,2007,Ki,B,1
ORLPGYDVWSWYGK-SUMDDJOVSA-N,CCc1cccc([C@H]2CCC[C@H]2NC[C@H](O)c2ccc(O)c3[nH]c(=O)sc23)c1,6.3214816209598865,1,0.0,2014,2014,2014,Ki,B,1
WVEQYQHSBOYABA-UHFFFAOYSA-N,Fc1ccc(-c2cncc(CN3CCN(c4cnccn4)CC3)c2)cc1,6.318758762624412,1,0.0,1998,1998,1998,IC50,B,1
CCWCGSVNRVVPNM-UHFFFAOYSA-N,Cc1c(-c2ccc(Cl)cc2)noc1C1CCN(CCc2ccccc2)CC1,6.318758762624412,2,0.0,1996,1997,1996,Ki,B,2
UTSZTPIAGJECRH-BRLLKYFNSA-N,O[C@@]1(c2cccc(Cl)c2Cl)C[C@H]2CC[C@@H](C1)N2Cc1c[nH]c2ccccc12,6.318758762624412,1,0.0,2008,2008,2008,Ki,B,1
VXWWHYWZTKORBH-UHFFFAOYSA-N,Cn1c(N2CCCC2)nc2c(CN3CCN(c4ccc(Cl)c(Cl)c4)CC3)c[nH]c2c1=O,6.318758762624412,1,0.0,2009,2009,2009,Ki,B,1
PHGOEMMHIGVMIN-UHFFFAOYSA-N,CC(O)CN1CCN(CC[S+]([O-])C(c2ccc(F)cc2)c2ccc(F)cc2)CC1,6.318758762624412,2,0.0,2016,2020,2018,Ki,B,2
MTDYDDJVCIHZKH-UHFFFAOYSA-N,Cc1cn2cc(CC(=O)N3CCC4(CC3)CN(Cc3ccc(-n5nccn5)cc3Cl)C4)nc2s1,6.318749714916953,1,0.0,2024,2024,2024,Ki,B,1
JYJNPJVGVPZHKA-UHFFFAOYSA-N,CC1CC(=O)c2c(N3CCN(C)CC3)cccc2N1S(=O)(=O)c1ccc2ccccc2c1,6.31695296176115,1,0.0,2011,2011,2011,IC50,B,1
LGLFFNDHMLKUMI-UHFFFAOYSA-N,CN(C)c1ccc(C(=C2C=CC(=[N+](C)C)C=C2)c2ccc(N(C)C)cc2)cc1,6.315074933948264,2,0.3318819221880198,,,,IC50;Ki,B,1
UFTCGRNKZUBROZ-UHFFFAOYSA-N,Clc1ccc(N2CCN(CCCCNc3noc(-c4ccccc4)n3)CC2)c(Cl)c1,6.314558491611198,2,0.3154311575340472,2016,2016,2016,Ki,B,1
SWKBPFACSXLZFM-LJQANCHMSA-N,COc1nsnc1N1CCN(C[C@@H](Cc2cccnc2)NC(=O)C2(C)CCCCC2)CC1,6.310691140876379,1,0.0,2001,2001,2001,IC50,B,1
WGQZGJCCZRWHOF-UHFFFAOYSA-N,COc1ccc(N2CCN(CCCCN3CCc4ccccc4C3=O)CC2)cc1,6.309998953116937,1,0.0,2009,2009,2009,Ki,B,1
VXILQLXJSINXHA-UHFFFAOYSA-N,c1ccc(N2CCN(CCCn3ccc4ccccc43)CC2)cc1,6.309998953116937,1,0.0,2022,2022,2022,Ki,B,1
QCXHSUNSZGYUFF-UHFFFAOYSA-N,OC1(c2ccc(F)cc2)CCN(Cc2c[nH]c3ccccc23)CC1,6.309803919971486,1,0.0,2007,2007,2007,Ki,B,1
GCSJTLWMFLOWBK-UHFFFAOYSA-N,COc1ccc2c3c(c(=O)oc2c1)CN(Cc1ccc(C)cc1)CC3,6.308918507877031,2,0.0,1997,2021,2009,Ki,B,2
HGRHWEAUHXYNNP-UHFFFAOYSA-N,C=CCN(CC=C)CCc1c[nH]c2ccc(OC)cc12,6.307696877091684,2,0.003255627136526752,2013,2013,2013,Ki,B,1
JXNOGBVEQNMHDF-UHFFFAOYSA-N,Cc1nc(C(=O)NCCCN2CCN(c3cccc(Cl)c3Cl)CC2)c(C)n1-c1ccccc1,6.30715308072277,1,0.0,2011,2011,2011,IC50,B,1
LEVQMJILJZDTPU-UHFFFAOYSA-N,COc1ccccc1-c1cn(CCC(O)CN2CCN(c3ccccc3OC)CC2)nn1,6.30715308072277,1,0.0,2015,2015,2015,Ki,B,1
AFZSMODLJJCVPP-UHFFFAOYSA-N,c1ccc2sc(SSc3nc4ccccc4s3)nc2c1,6.304586298579432,2,0.3316555079142289,,,,IC50;Ki,B,1
OKFIQGYGZIGIDI-UHFFFAOYSA-N,CCc1cccc(NC(=O)CN2CCC(c3ccccn3)CC2)c1,6.304518323509802,1,0.0,2019,2019,2019,Ki,B,1
LUPMVYRKJBZCCI-UHFFFAOYSA-N,O=C1c2ccccc2C(=O)N1CCCCN1CCc2ccccc2C1,6.304458055367389,2,0.006308032433457608,2016,2016,2016,Ki,B,1
SGVJKODGLNRNLW-UHFFFAOYSA-N,COc1ccc(CCN(CCCc2ccccc2)CCc2ccc3c(c2)OCO3)cc1OC,6.302770657240282,1,0.0,2015,2015,2015,Ki,B,1
UWSBTSAJZMIHBL-HDJSIYSDSA-N,CS(=O)(=O)NC[C@H]1CC[C@H](Nc2nc3c(s2)CCSc2ccccc2-3)CC1,6.302543976317916,1,0.0,2024,2024,2024,Ki,B,1
OXKVUNLFMUWLAP-UHFFFAOYSA-N,O=C(NCCCCN1CCN2c3ccccc3Cc3ccccc3C2C1)c1cccs1,6.301029995663981,1,0.0,2007,2007,2007,Ki,B,1
WAPXCWVANCEDGJ-UHFFFAOYSA-N,O=C1c2ccccc2C(=O)N1CCCCN1CCN2c3ccccc3Cc3ccccc3C2C1,6.301029995663981,1,0.0,2007,2007,2007,Ki,B,1
IBRKLUSXDYATLG-LURJTMIESA-N,C[C@@H]1NCCc2cc(O)c(O)cc21,6.301029995663981,1,0.0,2014,2014,2014,Ki,B,1
SGHVFQQOVSYPTO-UHFFFAOYSA-N,O=C(CCCCCCCCCCCCCCCCCCCCC(=O)OC1(c2ccc(Cl)cc2)CCN(CCCC(=O)c2ccc(F)cc2)CC1)OC1(c2ccc(Cl)cc2)CCN(CCCC(=O)c2ccc(F)cc2)CC1,6.301029995663981,1,0.0,2014,2014,2014,Ki,B,1
GTABKUMYLUXCIH-UHFFFAOYSA-N,Fc1cccc(CCCNCCc2ccnc(-n3ccnc3)n2)c1,6.301029995663981,1,0.0,2015,2015,2015,Ki,B,1
JEYKHDMZDCZJFI-UHFFFAOYSA-N,O=C1NCN(c2ccccc2)C12CCN(CCCCc1nc3cc(Cl)ccc3s1)CC2,6.3009485286171785,2,0.0013448121057983678,2016,2016,2016,Ki,B,1
PBBXHMUHWXEQJW-UHFFFAOYSA-N,CCNC1CCc2c(cccc2OC)C1,6.300162274132754,1,0.0,1996,1996,1996,Ki,B,1
LOCQRDBFWSXQQI-UHFFFAOYSA-N,COc1ccc(NS(=O)(=O)c2sc3ccc(Cl)cc3c2C)cc1N1CCNCC1,6.299997602857746,4,0.26348974944037895,1999,2024,2005,Ki,B,4
ZINAGLZHGNCAAM-XMMPIXPASA-N,CCCN(CCC)[C@@H]1CCc2c(ccc(CCc3ccc(NS(C)(=O)=O)cc3)c2OC)C1,6.299997602857746,1,0.0,1996,1996,1996,Ki,B,1
MGAAQQVYULJSPC-UHFFFAOYSA-N,COc1c(Cl)cc(Cl)c(O)c1C(=O)NCCN1CCN(c2cccc(Cl)c2Cl)CC1,6.299997602857746,1,0.0,1997,1997,1997,Ki,B,1
ZLSIXWCLVGKULN-CZUORRHYSA-N,CCCN1CCO[C@@H]2c3cc4c(cc3OC[C@H]21)CCO4,6.299997602857746,1,0.0,1997,1997,1997,Ki,B,1
GFDLWVZOTUWVML-UHFFFAOYSA-N,Cc1ccc2c(OCCN3CCC(Cc4cc5c(cc4F)OCC(=O)N5)CC3)cc(F)cc2n1,6.299997602857746,1,0.0,2007,2007,2007,Ki,B,1
JPTWRZCVSGGHPS-UHFFFAOYSA-N,CC(=O)n1ccc2cc(N3CCN(CCN4Cc5ccccc5C4)C3=O)ccc21,6.299997602857746,1,0.0,2009,2009,2009,Ki,F,1
LKPJQZSWFLAVEV-UHFFFAOYSA-N,O=C1N(CCN2Cc3ccccc3C2)CCN1Cc1ccccc1Cl,6.299997602857746,1,0.0,2009,2009,2009,Ki,F,1
GFLAXMWGVQJOMI-UHFFFAOYSA-N,CC(c1cccc(C(F)(F)F)c1)N1CCN(CCN2Cc3ccccc3C2)C1=O,6.299997602857746,1,0.0,2009,2009,2009,Ki,F,1
DGWBQMLESHGUBF-UHFFFAOYSA-N,Cn1c(CN2CCC(c3ccccc3C(F)(F)F)CC2)nc2ccccc21,6.299997602857746,1,0.0,2010,2010,2010,Ki,F,1
FVSOIPSTCDDDHQ-UHFFFAOYSA-N,CC(=O)Nc1ccc(CCN(C)CC2Cc3ccc4c(ccn4S(=O)(=O)c4ccccc4)c32)cc1,6.299997602857746,1,0.0,2017,2017,2017,Ki,B,1
CNTUZANNBZOTNO-UHFFFAOYSA-N,O=C1CCc2ccccc2N1CCCN1CCN(c2ccc(Cl)cc2Cl)CC1,6.299997602857746,1,0.0,2022,2022,2022,Ki,B,1
WJBZDMXLXHXOQF-UHFFFAOYSA-N,O=C1NCCN(C(=O)CCCN2CCN(c3cccc(Cl)c3Cl)CC2)C1C(=O)NCc1ccccc1,6.299997602857746,1,0.0,2021,2021,2021,IC50,B,1
NIWPZKYAFLVDMU-KYJSFNMBSA-N,Cc1ccc([C@H]2CCC[C@H]2NC[C@H](O)c2ccc(O)c3[nH]c(=O)sc23)cc1,6.29929628285498,1,0.0,2014,2014,2014,Ki,B,1
QSLMDECMDJKHMQ-UHFFFAOYSA-N,CNCCCC12CCC(c3ccccc31)c1ccccc12,6.297569463554474,3,0.2458252347425774,2009,2009,2009,IC50;Ki,B,2
PMKAIUNAWGFBKO-UHFFFAOYSA-N,O=S(=O)(c1ccccc1)N1Cc2cccc(N3CCNCC3)c2C1,6.296708621881338,1,0.0,2016,2016,2016,Ki,B,1
VELJFQQYEQHBOB-CQSZACIVSA-N,CCCN(CCC)[C@@H]1CCn2ccc(C=O)c2C1,6.296213713379904,2,0.005351227818084261,2001,2005,2003,Ki,B,2
IBGVTRNZLWEIPT-UHFFFAOYSA-N,COc1ccc2c(c1)CCN(C)CCCc1ccccc1C2,6.2949920406666635,1,0.0,2007,2007,2007,Ki,B,1
LMHDKCMDVMZRMD-UHFFFAOYSA-N,O=C1NCCCC1N1Cc2cc(C3CCN(C(=O)CCCCCN4CCC(c5ccc(Oc6nn7cnnc7c7c6CCCC7)cc5)CC4)CC3)ccc2C1=O,6.2947957761569135,4,0.017555116620813258,2023,2023,2023,Ki,B,1
RURTXDUFVIOALE-MRXNPFEDSA-N,CCCN1CCC[C@@H](c2cccc(CC#N)c2)C1,6.293282217663242,1,0.0,1994,1994,1994,Ki,B,1
IALFUNSVFHBTHD-ZHZULCJRSA-N,O=C(/C=C(\O)c1ccc(Cl)cc1)C1CCN(Cc2ccccc2)CC1,6.292429823902063,1,0.0,1997,1997,1997,Ki,B,1
FSHKWBYMYDCHAB-HKWRFOASSA-N,CC1(C(=O)/C=C(\O)c2ccc(Cl)cc2)CCN(Cc2ccccc2)CC1,6.292429823902063,1,0.0,1997,1997,1997,Ki,B,1
DSJQTHADLDMTRA-UHFFFAOYSA-N,CCCN(CCC)C1COc2ccc3nc(N)sc3c2C1,6.292429823902063,1,0.0,2000,2000,2000,Ki,B,1
VKZILFVYTKXRFT-UHFFFAOYSA-N,O=C1COc2c(N3CCCNCC3)ccc(O)c2N1,6.292429823902063,1,0.0,2017,2017,2017,Ki,B,1
HXJGPTHZZPIRKV-UHFFFAOYSA-N,COc1ccc(OCCN2CCN(C(=O)c3ccc(OC)cc3)C(C)C2)cc1,6.292429823902063,1,0.0,2020,2020,2020,EC50,B,1
IAEPLCQQQMHCHK-UNEWFSDZSA-N,O=c1[nH]c2c(O)ccc([C@@H](O)CN[C@@H]3CCC[C@@H]3c3ccccc3)c2s1,6.290730039024169,1,0.0,2014,2014,2014,Ki,B,1
PFGBBCQUFOGHGT-QKCSRTOESA-N,CC(C)[C@H]1CCC[C@H]1NC[C@H](O)c1ccc(O)c2[nH]c(=O)sc12,6.290730039024169,1,0.0,2014,2014,2014,Ki,B,1
GTHHJVJOWMXRBS-UHFFFAOYSA-N,Cc1cc(NC(=O)CN2CCC3(CCCN3Cc3ccc(F)c(F)c3)C2)ccc1F,6.290730039024169,1,0.0,2022,2022,2022,Ki,B,1
QVHPJLAUHGFQOY-UHFFFAOYSA-N,Clc1cccc2sc(CCCN3CCN(c4ccccn4)CC3)nc12,6.290730039024169,1,0.0,2023,2023,2023,Ki,B,1
CYMMDQPIVHDAPZ-UHFFFAOYSA-N,CN1CCc2ccccc2Cc2c([nH]c3ccccc23)CC1,6.289882634888183,1,0.0,2010,2010,2010,Ki,B,1
OPZKYIOCNPKDBN-CQSZACIVSA-N,CCN1CCC[C@@H](c2cccc(C#N)c2)C1,6.289036881004725,1,0.0,1994,1994,1994,Ki,B,1
QHZGODNBRISJPN-UHFFFAOYSA-N,O=S(=O)(c1ccccc1)N1CCc2ccc(C3CCNCC3)cc21,6.286509456906058,1,0.0,2016,2016,2016,Ki,B,1
YNVKFHIWFDRVNY-UHFFFAOYSA-N,Oc1cccc(CCN(CCc2ccccc2)CC2CCC2)c1,6.285328995521157,2,0.37394903173715055,2012,2012,2012,IC50;Ki,B;F,1
VIHBCLOGDPFGGP-UHFFFAOYSA-N,O=C(NCCC(F)CN1CCN(c2cccc(Cl)c2Cl)CC1)c1cc2ccccc2[nH]1,6.2839966563652006,3,1.3402528440579975,2011,2011,2011,IC50;Ki,B;F,1
QWRGAWDCPBDPDE-UHFFFAOYSA-N,COc1ccc(OCCN2CCN(C(=O)c3cc4cc(OC)ccc4[nH]3)CC2)cc1,6.2839966563652006,2,0.0,2020,2023,2021,EC50,B,2
JWBACCHTZDUJCB-IOASZLSFSA-N,CC1=CC[C@@H]2C[C@H]1[C@H](c1ccc(C(F)(F)F)c(F)c1)NC2(C)C,6.2839966563652006,1,0.0,2024,2024,2024,Ki,B,1
XFZUOWZQZTZZCP-UHFFFAOYSA-N,CN1CCCc2c([nH]c3ccccc23)Cc2ccccc2CC1,6.283162276700475,1,0.0,2006,2006,2006,Ki,B,1
RWFSSGIYTQCWMB-MRXNPFEDSA-N,N#Cc1cccc([C@@H]2CCCN(CC3CC3)C2)c1,6.282329496997738,1,0.0,1994,1994,1994,Ki,B,1
QZAYGJVTTNCVMB-UHFFFAOYSA-N,NCCc1c[nH]c2ccc(O)cc12,6.281498311132726,1,0.0,2003,2003,2003,EC50,B,1
YLLMKDPCGLJFQN-CYBMUJFWSA-N,CCCN[C@@H]1CCc2cccc(CS(=O)(=O)C(F)(F)F)c2C1,6.280668713016274,1,0.0,1995,1995,1995,Ki,B,1
SJNLUIGGLBDGFM-UHFFFAOYSA-N,O=C(NCCCCN1CCN(c2cc(C(F)(F)F)nc3ccccc23)CC1)c1cn2ccccc2n1,6.280668713016274,3,1.0877919644084146e-15,2014,2018,2017,Ki,B,3
OOMIAFXMQARGDX-QHCPKHFHSA-N,CCCCCCOc1cc2c(cc1O)[C@@H]1Cc3ccc(O)c(OCCCC)c3CN1CC2,6.280668713016274,1,0.0,2023,2023,2023,Ki,B,1
ABVUWVBSAIPHQT-UHFFFAOYSA-N,Cn1c(SCCCNCC2CC2c2cc(F)ccc2OCCF)nnc1-c1ccccc1,6.280006173632396,1,0.0,2020,2020,2020,Ki,B,1
FEUOYGFGQUAIGL-UHFFFAOYSA-N,O=S(=O)(c1ccccc1)N1Cc2cccc(N3CCN(C4CCC4)CC3)c2C1,6.279840696594043,1,0.0,2016,2016,2016,Ki,B,1
IFPGADOWNOXLNQ-UHFFFAOYSA-N,Clc1ccc2sc(CCCCN3CCC4CCCCC4C3)nc2c1,6.279506077064555,2,0.0006955402371743081,2016,2016,2016,Ki,B,1
YLPJQEDKFKCTSE-UHFFFAOYSA-N,c1ccc(-c2c[nH]c(CN3CCN(c4ccccc4)CC3)c2)cc1,6.278321560590878,2,0.015153751454435456,2002,2006,2004,Ki,B,2
XRXVZFVFIDKFOR-UHFFFAOYSA-N,O=c1c2ccccc2ncn1CCCCN1CCN(c2ccccc2)CC1,6.278189384787453,1,0.0,2007,2007,2007,Ki,B,1
HQGWTXXZVBZBPH-UHFFFAOYSA-N,CCCN(CCC)C1CCc2c(cccc2OC)C1,6.276544327964814,1,0.0,1996,1996,1996,Ki,B,1
JFCDMGGMCUKHST-UHFFFAOYSA-N,Cc1cccc(NC(=O)CN2CCC(c3ccccn3)CC2)c1,6.275987123563277,2,0.7089401751287815,2019,2019,2019,Ki,B,1
DUTVAWSMMMBCQT-UHFFFAOYSA-N,COc1ccc(N2CCN(CCc3c[nH]c4ncccc34)CC2)cc1,6.275724130399211,1,0.0,1999,1999,1999,Ki,B,1
JSGXAYKHXNUQAX-UHFFFAOYSA-N,Clc1ccc(N2CCN(CCCCCc3cc4ccccn4n3)CC2)cc1,6.275724130399211,5,0.3727978219513246,2009,2009,2009,Ki,B,1
LQGNDHYNCHVOGU-UHFFFAOYSA-N,COc1ccccc1N1CCN(Cc2cc(C#N)c3cccccc2-3)CC1,6.275724130399211,1,0.0,2012,2012,2012,Ki,B,1
JPOKVZABMSIDPD-UHFFFAOYSA-N,CCc1ccc(C(=O)N2CCN(CCOc3ccc(OC)cc3)CC2)cc1,6.275724130399211,1,0.0,2020,2020,2020,EC50,B,1
AXPMHZJZVFNEBY-UHFFFAOYSA-N,OC(COc1ccccc1)CN1CCC(Oc2ccccc2)CC1,6.270025714300445,1,0.0,1997,1997,1997,Ki,B,1
XPLYYMRQGCFSNB-UHFFFAOYSA-N,COc1ccccc1OCCNCC1OCCOC1(c1ccccc1)c1ccccc1,6.270001452716578,1,0.0,2019,2019,2019,Ki,B,1
GALCSZPFCCZIBC-UHFFFAOYSA-N,N#Cc1ccc(CCOC(=O)NC2CCN(CCCC(c3ccc(F)cc3)c3ccc(F)cc3)CC2)cc1,6.269217724333611,1,0.0,2001,2001,2001,IC50,B,1
ZQEBKQUIKOLFRO-UHFFFAOYSA-N,Fc1ccc(N2CCN(Cc3cnn(-c4ccccc4)c3)CC2)cc1,6.268803846446804,2,0.0016936710290965768,2006,2007,2006,Ki,B,2
KGMLFGARCJUMAB-UHFFFAOYSA-N,CCCN1CCc2cccc3c2C1Cc1cccc(OCc2cn(CCCN4CCN(c5ncccn5)CC4)nn2)c1-3,6.268411234813261,1,0.0,2011,2011,2011,Ki,B,1
AGUIOVNIFLIHLU-UHFFFAOYSA-N,COc1cc2c(cc1O)CN(Cc1ccccc1CNC(=O)c1ccccc1Br)CC2,6.267606240177031,1,0.0,2021,2021,2021,Ki,B,1
VZZGBKXBBHQYML-MOJGAOKDSA-N,CSc1ccc([C@]2(O)C[C@H]3CC[C@@H](C2)N3Cc2c[nH]c3ccccc23)cc1,6.266802734893431,1,0.0,2008,2008,2008,Ki,B,1
VEEYYIQQKILMMS-UHFFFAOYSA-N,COC(=O)C1(c2ccc(Cl)cc2)CCN(Cc2c[nH]c3ccccc23)CC1,6.26440110030182,1,0.0,2007,2007,2007,Ki,B,1
SAUWBVJOXSKPQX-UHFFFAOYSA-N,COc1cc2c(cc1OC)CN(CCCCn1cc(-c3ccc(F)cc3)c3ccccc31)CC2,6.26440110030182,1,0.0,2011,2011,2011,Ki,B,1
QLMIVFXMQPUHKG-UHFFFAOYSA-N,Fc1ccc(SCCCN2CCN(c3ccc(C(F)(F)F)cc3)CC2)cc1,6.26440110030182,1,0.0,2012,2012,2012,Ki,B,1
QLJOSZATCBCBDR-DFKUFRTHSA-N,NC[C@@H]1O[C@H](C23CC4CC(CC(C4)C2)C3)Cc2c1ccc(O)c2O,6.263595529090374,1,0.0,2024,2024,2024,Ki,B,1
RGPCRBZQIQJDTL-UHFFFAOYSA-N,CCN1CCOC(c2cccc(O)c2)C1,6.262012673666569,1,0.0,2007,2007,2007,EC50,F,1
PLMJRPLZFUQQCS-UHFFFAOYSA-N,COc1ccc2c3c(c(=O)oc2c1)CN(Cc1ccc(F)cc1)CC3,6.261219441515631,2,0.0,1997,2021,2009,Ki,B,2
UXXVKIMDJCJFRO-UHFFFAOYSA-N,COc1ccc(OCCN2CCN(C(=O)c3ccccc3)CC2)cc1,6.261219441515631,2,0.0,2020,2023,2021,EC50,B,2
FQPSOJRHFJUUMC-HNNXBMFYSA-N,COc1cc2c(cc1O)CN1CCc3cc(OC)c(O)cc3[C@@H]1C2,6.261219441515631,1,0.0,2024,2024,2024,Ki,B,1
YWOYXYWGFUHWBM-UHFFFAOYSA-N,O=C(CCCN1C2CCC1CN(c1ccc(Cl)cc1)CC2)c1ccc(F)cc1,6.2611401979278,1,0.0,2008,2008,2008,Ki,B,1
HPUIXKCTAYDNTF-UHFFFAOYSA-N,CCOc1ccc(F)cc1C1CC1CN(C)CCCSc1nnc(-c2ccccc2)n1C,6.259953275948506,1,0.0,2020,2020,2020,Ki,B,1
SNFLVHDMWFYRRB-UHFFFAOYSA-N,N#Cc1ccc2[nH]cc(CN3CCN(c4ccccc4Cl)CC3)c2c1,6.259637310505756,1,0.0,2000,2000,2000,Ki,B,1
LGUFSCDYROWRTJ-UHFFFAOYSA-N,COc1ccc(OCCN2CCN(C(=O)c3cccc(OC)c3)CC2)cc1,6.259637310505756,1,0.0,2020,2020,2020,EC50,B,1
ISHULLMLYOWDJR-VWLOTQADSA-N,CCCCCCOc1cc2c(cc1O)[C@@H]1Cc3ccc(O)c(OCCCCCC)c3CN1CC2,6.2588484011482155,1,0.0,2023,2023,2023,Ki,B,1
GOFKTWKLJPDQCU-UHFFFAOYSA-N,OC1(c2ccc(Cl)c(C(F)(F)F)c2)CCN(CCCC=C(c2ccc(F)cc2)c2ccc(F)cc2)CC1,6.258060922270801,1,0.0,2018,2018,2018,Ki,B,1
UEXJPFHGKCBUSS-UHFFFAOYSA-N,Fc1cc(COC2CCN(Cc3cc4ccc(Cl)cc4[nH]3)CC2)ccc1Cl,6.253833035622715,1,0.0,2022,2022,2022,Ki,B,1
QCZAQDDIFCRXPX-XMMPIXPASA-N,CN[C@@H]1Cc2cccc3c2n(c(=O)n3CCOCCOCCOCCCCc2ccccc2)C1,6.253365801062421,1,0.0,2017,2017,2017,Ki,B,1
NXODIUKWAVUFGF-INIZCTEOSA-N,COc1ccc(S(=O)(=O)c2cc(OC)ccc2S(=O)(=O)c2ccc([C@H](C)NS(C)(=O)=O)cc2)cc1,6.252899068635013,1,0.0,2024,2024,2024,Ki,B,1
LGUXLRSWEKEXMZ-UHFFFAOYSA-N,C1=C(c2nc3ccccc3s2)CCN(Cc2ccccc2)C1,6.251811972993799,1,0.0,1997,1997,1997,Ki,B,1
MDQWSMFPLDSLBV-UHFFFAOYSA-N,COc1ccccc1N1CCN(CCCN2C(=O)c3ccccc3C2=O)CC1,6.251811972993799,1,0.0,2003,2003,2003,Ki,B,1
YVOSGVTYMLFWSK-UHFFFAOYSA-N,Clc1cccc(N2CCN(Cc3cnn4ccccc34)CC2)c1,6.251811972993799,1,0.0,1999,1999,1999,Ki,B,1
PQOIDBZLMJMYCD-UHFFFAOYSA-N,Fc1ccc2[nH]c(CN3CCN(c4ccccn4)CC3)cc2c1,6.251811972993799,1,0.0,2004,2004,2004,Ki,B,1
QBRAQPXCJIBXIU-UHFFFAOYSA-N,O=C(NCCC(CF)N1CCN(c2cccc(Cl)c2Cl)CC1)c1cc2ccccc2o1,6.251811972993799,1,0.0,2014,2014,2014,Ki,B,1
VAFZNMGNFLJSPI-UHFFFAOYSA-N,O=C(NCCCCN1CCN(Cc2ccccc2)CC1)c1cc2ccccc2o1,6.251811972993799,1,0.0,2014,2014,2014,Ki,B,1
CQYKKURQBKYHLM-UHFFFAOYSA-N,CCN1CCC(c2cccc3c2CN(S(=O)(=O)c2ccccc2)C3)CC1,6.250263684430939,1,0.0,2016,2016,2016,Ki,B,1
NYXISGQCRCGPPX-UHFFFAOYSA-N,CN(CCCSc1nnc(-c2ccccc2)n1C)CC1CC1c1cc(F)ccc1OCCF,6.250031916490597,1,0.0,2020,2020,2020,Ki,B,1
SUEOEIAHHKQAOM-UHFFFAOYSA-N,c1ccc(N2CCN(CCCN3CCCc4ccccc43)CC2)cc1,6.250001023441651,1,0.0,2022,2022,2022,Ki,B,1
WUGBPBCNJHXWRP-UHFFFAOYSA-N,CCC1(CC)CC(OCCCN2CCN(c3cccc(C(F)(F)F)n3)CC2)(c2ccccn2)CCO1,6.250001023441651,3,0.44328104608051255,2023,2023,2023,EC50;IC50;Ki,B;F,1
HLGVBUMXLSDTEW-UHFFFAOYSA-N,COc1ccc(OCCN2CCN(C(=O)c3cc4cccc(Cl)c4[nH]3)CC2)cc1,6.249491605148654,2,0.0,2020,2023,2021,EC50,B,2
KHNRAYBLMYKIRA-UHFFFAOYSA-N,CCCCCCn1cc(CN2CCC(O)(c3ccc(Cl)cc3)CC2)c2ccccc21,6.245689359255825,2,0.09318368950004627,2007,2007,2007,EC50;Ki,B;F,1
DCDSVYQQSBWIRG-UHFFFAOYSA-N,c1ccc(N2CCN(Cc3ccc[nH]3)CC2)cc1,6.2441251443275085,1,0.0,2002,2002,2002,Ki,B,1
XZPQRIJZBKZROM-HNNXBMFYSA-N,COc1cc(N)c(Cl)cc1C(=O)NC[C@@H]1CCN(Cc2ccccc2)C1,6.2441251443275085,1,0.0,1999,1999,1999,Ki,B,1
RVBDWZKWSXQLMF-DOTOQJQBSA-N,CNc1cc(OC)c(C(=O)NC[C@@H]2CN(Cc3ccccc3)C[C@@H]2C)cc1Cl,6.2441251443275085,1,0.0,1999,1999,1999,Ki,B,1
NXIZGEWMXVGBLH-UHFFFAOYSA-N,OC1(c2cccc(C(F)(F)F)c2)CCN(Cc2c[nH]c3ccccc23)CC1,6.2441251443275085,1,0.0,2007,2007,2007,Ki,B,1
FVURRBVVEFEGAB-UHFFFAOYSA-N,OCCN1CCN(c2nc(Nc3ccc(Br)cc3)c3ccccc3n2)CC1,6.24345517163999,1,0.0,2015,2015,2015,Ki,B,1
MMNXTTQJJITNJJ-OAHLLOKOSA-N,CCCN1CCC[C@@H](c2cccc(C)c2)C1,6.24184537803261,1,0.0,1994,1994,1994,Ki,B,1
HNMDMLNEALPPKX-UHFFFAOYSA-N,CCc1cc(Cl)c(OC)c(N2CCN(C)CC2)c1,6.241164573005285,2,0.7155671667661951,2016,2016,2016,IC50;Ki,B,1
FGMYYYXUWUOLGR-UHFFFAOYSA-N,O=C1CCc2ccc(OCCCCN3CCC(n4c(=O)[nH]c5cc(Cl)ccc54)CC3)cc2N1,6.241088107602026,1,0.0,2011,2011,2011,Ki,B,1
JMWPNBKHGFORBT-KYJSFNMBSA-N,Cc1ccccc1[C@H]1CCC[C@H]1NC[C@H](O)c1ccc(O)c2[nH]c(=O)sc12,6.2403321553103694,1,0.0,2014,2014,2014,Ki,B,1
BCXCDTKLXHURCX-AWEZNQCLSA-N,CCCN(CCC)[C@H]1CCn2cccc2C1,6.2399999527072705,1,0.0,2005,2005,2005,Ki,B,1
XVJBBDPXCJMUFL-UHFFFAOYSA-N,COc1ccc(OCCN2CCN(C(=O)c3cc4cnccc4[nH]3)CC2)cc1,6.239577516576788,2,0.0,2020,2023,2021,EC50,B,2
BGGURFWLEHSLEY-SFHVURJKSA-N,CCCOc1cc2c(cc1O)[C@@H]1Cc3c(Br)cc(O)c(OCC)c3CN1CC2,6.239577516576788,1,0.0,2023,2023,2023,Ki,B,1
WEVXDKFRXWZSDU-UHFFFAOYSA-N,c1ccc(N2CCN(C3CCC(Nc4ncccn4)CC3)CC2)cc1,6.237153737747494,2,0.03179657352533569,1998,1998,1998,Ki,B,1
MLHOXJCQVSTIML-UHFFFAOYSA-N,COc1ccc(Br)cc1-c1nc(CNC2CCN(Cc3ccccc3)CC2)co1,6.236572006437063,1,0.0,2000,2000,2000,Ki,B,1
LIFHVPXIKLLTMH-UHFFFAOYSA-N,COc1ccc2[nH]cc(CN3CCC(O)(c4ccc(SC)cc4)CC3)c2c1,6.236572006437063,1,0.0,2007,2007,2007,Ki,B,1
NUTCIQIPIDPFOT-UHFFFAOYSA-N,COc1ccccc1N1CCN(Cc2cc(CO)c3cccccc2-3)CC1,6.236572006437063,1,0.0,2012,2012,2012,Ki,B,1
ZMEYWYCGMCZGRN-UHFFFAOYSA-N,Cc1cccc(NC(=O)CN2CCC(c3ccccc3)CC2)c1,6.23654554242286,2,0.17955783285053578,2019,2019,2019,Ki,B,1
BPRNMVDTWIHULJ-AWEZNQCLSA-N,Cc1csc2c(N[C@@H](C)CN3CCN(S(=O)(=O)c4ccc(Cl)c(Cl)c4)CC3)ncnc12,6.236048173966676,1,0.0,2024,2024,2024,Ki,B,1
LJUHEEFEADORHV-UHFFFAOYSA-N,N#Cc1cccc(N2CCNCC2)c1,6.235823867609669,1,0.0,2017,2017,2017,Ki,B,1
ODTKFNUPVBULRJ-NTCAYCPXSA-N,COc1ccc(Br)cc1S(=O)(=O)NC(=O)/C=C/c1ccccc1Cc1ccc2ccccc2c1,6.234748806801569,1,0.0,2024,2024,2024,Ki,B,1
XCLOPBYSKIWJNJ-UIOOFZCWSA-N,C=CCN1C[C@@H](OC(=O)Nc2ccc(-c3ccsc3)cc2)C[C@H]1CNC(=O)c1cc(CCCF)cc(OC)c1OC,6.231361898752386,1,0.0,2023,2023,2023,Ki,B,1
FKIOAWWWCGUPIH-UHFFFAOYSA-N,O=C1CCc2ccccc2N1CCCN1CCC(CCCO)CC1,6.23000269597146,1,0.0,2018,2018,2018,Ki,A,1
IOSVPGDHSQVBED-UHFFFAOYSA-N,CCCCCCNC(=O)/N=C(\N)NCCCc1nnc(N)s1,6.23000269597146,3,2.5576838074572135,2021,2021,2021,EC50;Kd;Ki,B;F,1
ZYXMVSPWOATGIW-UHFFFAOYSA-N,COc1ccccc1N1CCN(C)CC1,6.229221603830853,1,0.0,2012,2012,2012,Ki,B,1
VFYMYMGVYBHBAW-IYARVYRRSA-N,c1cnc(N[C@H]2CC[C@H](CCN3CCN(c4ncccn4)CC3)CC2)nc1,6.229147988357855,1,0.0,1998,1998,1998,Ki,B,1
SQHPLCBBYWXCOO-UHFFFAOYSA-N,Cn1cnc(-c2ccc3c(c2)c(C2CCN(CCn4c(=O)[nH]c5ccccc5c4=O)CC2)cn3-c2ccc(F)cc2)n1,6.229147988357855,1,0.0,2003,2003,2003,Ki,B,1
PWOUQMPSBBVTMJ-UHFFFAOYSA-N,Fc1cccc(N2CCN(Cc3cnn4ccccc34)CC2)n1,6.229147988357855,1,0.0,2008,2008,2008,Ki,B,1
SVCSCOQWJKNMQT-UHFFFAOYSA-N,CCCCn1cc(CCCCOc2ccc(CN3CCN(c4ccccc4OC)CC3)cc2OC)nn1,6.229147988357855,1,0.0,2011,2011,2011,Ki,B,1
TUSPVTWVRDALHT-UHFFFAOYSA-N,O=C1c2ccc(F)cc2CC1CCN1CCCN(c2ccc(Cl)cc2)CC1,6.229147988357855,3,0.0004934656707929869,2012,2021,2021,Ki,B,2
WUJVPELCYCESAP-UHFFFAOYSA-N,O=C(O)CC1CCC2(CC1)CCN(c1cc(OC(F)(F)F)ccc1Cl)CC2,6.228750680284289,1,0.0,2024,2024,2024,Ki,B,1
IAWWLCSYFAOUES-UHFFFAOYSA-N,COc1ccc2c3c(c(=O)oc2c1)CN(CCc1ccccc1)CC3,6.228412519118745,2,0.0,1997,2021,2009,Ki,B,2
YQXATUVEKBYLGN-UHFFFAOYSA-N,CCN1CCC(c2cccc3c2CCN3S(=O)(=O)c2ccccc2)CC1,6.228412519118745,1,0.0,2016,2016,2016,Ki,B,1
PIPVZEXRFVHTJJ-UHFFFAOYSA-N,O=C1Cc2c(ccc(Cl)c2N2CCN(Cc3ccccc3)CC2)N1,6.228192121000895,2,0.0,1998,2013,2005,Ki,B,2
DNLVWUGWSPNABX-AREMUKBSSA-N,CN[C@@H]1Cc2cccc3c2n(c(=O)n3CCCCCCCCCCCCOc2ccc3c(c2)NC(=O)CC3)C1,6.223298816011589,1,0.0,2017,2017,2017,Ki,B,1
XISJOANVKUVBAU-UHFFFAOYSA-N,N#Cc1ccccc1N1CCN(CNC(=O)c2ccc(Cl)cc2)CC1,6.221848749616356,1,0.0,1997,1997,1997,Ki,B,1
VOWFPVSNWUSCMB-UHFFFAOYSA-N,c1ccc(CCN2CCC3(CCc4c3n[nH]c4-c3ccccc3)CC2)cc1,6.221848749616356,1,0.0,1997,1997,1997,Ki,B,1
LAVWIAQCYKFCMG-UHFFFAOYSA-N,COc1ccccc1N1CCN(Cc2cn3cc(I)ccc3n2)CC1,6.221848749616356,1,0.0,2006,2006,2006,Ki,B,1
OWMYGKYXZFSRMD-UHFFFAOYSA-N,O=C(CCCN1CC2CCC(C1)N2c1ccccc1)c1ccc(F)cc1,6.221848749616356,1,0.0,2008,2008,2008,Ki,B,1
VCGDITFNZVUQSJ-UHFFFAOYSA-N,CCCN(CCN1CCN(Cc2cc3ccccc3[nH]2)CC1)c1ccc(Br)cc1,6.221848749616356,1,0.0,2015,2015,2015,Ki,B,1
DSUVZVBZNSPSQB-UHFFFAOYSA-N,COc1cc(CCN2CCC(O)(c3ccc(Cl)cc3)CC2)ccc1OCCCSSCCN,6.221848749616356,1,0.0,2017,2017,2017,Ki,B,1
KROSHEKWTTXFGB-UHFFFAOYSA-N,CN(CCC(F)CN1CCN(c2cccc(Cl)c2Cl)CC1)Cc1ccc2c(c1)Cc1ccccc1-2,6.221382384211665,2,0.2605335860360052,2011,2011,2011,IC50;Ki,B;F,1
XGYRKKQYBLBZCF-UHFFFAOYSA-N,CCCCNC1CCc2c(cccc2OC)C1,6.219682687859849,1,0.0,1996,1996,1996,Ki,B,1
OAWCCPORHBJQQY-CQSZACIVSA-N,CCCN(CCC)[C@@H]1CCn2c(C)ccc2C1,6.219572233983683,2,0.013542161705908029,2001,2005,2003,Ki,B,2
OYYAWRVAKORPPE-SSDMNJCBSA-N,COC1=CC2C[C@@H]3c4cc(O)c(OC)cc4CCN3CC2C=C1O,6.217527375833714,1,0.0,2024,2024,2024,Ki,B,1
CSXDCXKRVCLDQH-UHFFFAOYSA-N,CCCCn1cc(CCCOc2ccc(CN3CCN(c4ccccc4OC)CC3)cc2OC)nn1,6.214670164989233,2,0.0,2011,2011,2011,Ki,B,2
AFWAVLNIGSUCHI-OAHLLOKOSA-N,COc1ccccc1OCCNC[C@@H](O)c1ccc(O)c(O)c1,6.214670164989233,1,0.0,2016,2016,2016,Ki,B,1
QUEFELIEFHANOG-UHFFFAOYSA-N,Cc1ccc(OCCN2CCN(C(=O)c3cc4ccccc4[nH]3)CC2)cc1C,6.214670164989233,1,0.0,2020,2020,2020,EC50,B,1
YMYZKGIHGMHZDL-WDAWEKNVSA-N,COc1cc2c(cc1OC)C1=NO[C@@H](CN3CCN(C/C=C(\C)c4ccccc4)CC3)[C@@H]1CO2,6.213958789757446,1,0.0,2005,2005,2005,Ki,B,1
YANXWMHYXTZCSA-UHFFFAOYSA-N,COc1ccc(OCCN2CCN(C(=O)c3cc4cc(C)ccc4[nH]3)CC2)cc1,6.213958789757446,2,0.0,2020,2023,2021,EC50,B,2
AROFXNYQCSFIME-AOYPEHQESA-N,CCCN1CCO[C@@H]2c3cc(OCCCCNC(=O)c4cc5ccccc5[nH]4)ccc3OC[C@H]21,6.212539525481585,1,0.0,2019,2019,2019,Ki,B,1
PQCUTSKJJPRTSW-UHFFFAOYSA-N,COc1ccc2[nH]cc(C3=CCN(Cc4cc(=O)[nH]c5ccccc45)CC3)c2c1,6.211831628858832,1,0.0,2019,2019,2019,Ki,B,1
CRDDYQHSKSCCPP-LOSJGSFVSA-N,COc1ccccc1[C@@H]1C[C@H]1NCCC(C(=O)N(C)C)(c1ccccc1)c1ccccc1,6.210419287835574,3,0.1199324379945989,2023,2023,2023,EC50;IC50;Ki,B;F,1
PHMGZAICAOYEAF-UHFFFAOYSA-N,CCCCC1CCN(CCCN2C(=O)CCc3ccccc32)CC1,6.209996479609511,2,0.0,2018,2022,2020,Ki,A;B,2
NBSPIYLVJWAETB-UHFFFAOYSA-N,O=C1CCc2cc(OCCCN3CCN(c4ccccn4)CC3)ccc2N1,6.209381461609086,2,0.02916282930814429,2021,2021,2021,Ki,B,1
JRCIDJCJKJDOSJ-UHFFFAOYSA-N,COc1ccc(NCCN2CCN(CCc3c[nH]c4ccccc34)CC2)cc1,6.207608310501746,1,0.0,2015,2015,2015,Ki,B,1
PXEURUZEVKVPGJ-UHFFFAOYSA-N,CCC1CC(=O)c2c(N3CCN(C)CC3)cccc2N1S(=O)(=O)c1ccc2ccccc2c1,6.20551195334083,1,0.0,2011,2011,2011,IC50,B,1
NKANXQFJJICGDU-QPLCGJKRSA-N,CC/C(=C(\c1ccccc1)c1ccc(OCCN(C)C)cc1)c1ccccc1,6.204351915497096,2,0.33169912535737606,,,,IC50;Ki,B,1
DFTCYTDJDXZFSK-CMPLNLGQSA-N,CCCN1C[C@H](c2ccc(N)nc2)OC[C@@H]1C,6.204119982655925,1,0.0,2021,2021,2021,Ki,B,1
WJCGMHIIDQGXLP-UHFFFAOYSA-N,O=S(=O)(c1ccccc1Cl)n1cc(C2=CCNCC2)c2ccccc21,6.202732459169283,1,0.0,2005,2005,2005,Ki,B,1
UNYNHWPKQAKANT-UHFFFAOYSA-N,COc1cc2c(cc1OC)CN(CCCCNC(=O)c1cc(Br)cc(OC)c1OC)CC2,6.202732459169283,2,0.0,2013,2021,2017,Ki,B,2
OYONXBYXNCMUFL-UHFFFAOYSA-N,Clc1cccc(CN2CC=C(c3nc4ccccc4s3)CC2)c1,6.200659450546418,1,0.0,1997,1997,1997,Ki,B,1
ULAAUNIOEAKYBR-UHFFFAOYSA-N,Oc1nc(-c2ccccc2)cn1C1CCN(Cc2ccccc2)CC1,6.200659450546418,1,0.0,1999,1999,1999,Ki,B,1
SIMWCYPGUODYMF-UHFFFAOYSA-N,Cn1c(N2CCCC2)nc2c(CN3CCN(c4ccc(F)cc4)CC3)c[nH]c2c1=O,6.200659450546418,1,0.0,2009,2009,2009,Ki,B,1
GRGPJQNPMMSNNY-UHFFFAOYSA-N,CSc1ccc(OCCN2CCN(C(=O)c3cc4ccccc4[nH]3)CC2)cc1,6.200659450546418,1,0.0,2020,2020,2020,EC50,B,1
GZXPOJRRFWIXLM-UHFFFAOYSA-N,CSc1cccc(OCCN2CCN(C(=O)c3cc4ccccc4[nH]3)CC2)c1,6.200659450546418,1,0.0,2023,2023,2023,EC50,B,1
RBFYBWMYGDMWMH-UHFFFAOYSA-N,O=C1c2ccccc2C(=O)N1CCCCN1CCC2CCCCC2C1,6.2003288113642245,2,0.0004675944157097665,2016,2016,2016,Ki,B,1
DVALOPXWVWHIHY-GOSISDBHSA-N,COc1ccc(NS(=O)(=O)c2sc3ccc(Cl)cc3c2C)cc1N1CCN2CCC[C@@H]2C1,6.199998172182031,1,0.0,2002,2002,2002,Ki,B,1
AIXVGZUOFPCOMV-IXCJQBJRSA-N,O=C(NCCCCN1CCC[C@@H]2c3cccc(O)c3CC[C@H]21)c1ccc(-c2ccccc2)cc1,6.199998172182031,1,0.0,1998,1998,1998,Ki,B,1
DLERAOZJAKJMFQ-UHFFFAOYSA-N,CCCN(CCC)C1CCc2cc(CCc3ccc(C(N)=O)cc3)ccc2C1,6.199998172182031,1,0.0,1996,1996,1996,Ki,B,1
JBIWUVRCMUOUNK-QGZVFWFLSA-N,CC1CCN(CC[C@H]2CCCN2S(=O)(=O)c2cccc(Br)c2)CC1,6.199998172182031,1,0.0,2000,2000,2000,Ki,B,1
SEQAMPXQRKYYQF-UHFFFAOYSA-N,CN(C)CCN(Cc1ccc(-c2ccc(CNCCc3ccccc3)cc2)cc1)C(=O)CCC1CCCC1,6.199998172182031,1,0.0,2005,2005,2005,Ki,B,1
PJSUYRBCBFPCQW-UHFFFAOYSA-N,Cc1ccc2c(OCCN3CCC(Cc4ccc5c(c4)NC(=O)CO5)CC3)cccc2n1,6.199998172182031,1,0.0,2007,2007,2007,Ki,B,1
ITTGLZWHTWLHSG-UHFFFAOYSA-N,Cc1ccc2c(-c3nnc(SCCCN4CCc5cc6c(cc5CC4)C(=O)N(C)C6)n3C)cccc2n1,6.199998172182031,1,0.0,2008,2008,2008,Ki,F,1
MWTBCJINTAEULL-UHFFFAOYSA-N,O=C1c2ccccc2CCCN1CCCCN1CCN(c2ncccn2)CC1,6.199998172182031,1,0.0,2009,2009,2009,Ki,B,1
WFTWXCASVFKOAM-UHFFFAOYSA-N,O=C1N(CCN2Cc3ccccc3C2)CCN1Cc1ccccc1,6.199998172182031,1,0.0,2009,2009,2009,Ki,F,1
CUOZZEMLTFRECQ-UHFFFAOYSA-N,COc1cccc(C2CCCN(CCN3CCN(c4cccc(Cl)c4)C3=O)C2)c1,6.199998172182031,2,0.0,2009,2009,2009,Ki,B;F,2
ZRAVHLYAOHIXOD-UHFFFAOYSA-N,O=S(=O)(Nc1ccc2c(c1)CCN(Cc1cc[nH]n1)CC2)c1ccc(N2CCOCC2)nc1,6.199998172182031,1,0.0,2009,2009,2009,Ki,F,1
ZYVXMBZAPDQCJH-UHFFFAOYSA-N,CN1CCOc2cc(S(=O)(=O)Nc3ccc4c(c3)CCN(Cc3cc[nH]n3)CC4)ccc21,6.199998172182031,1,0.0,2009,2009,2009,Ki,F,1
AJNRYBGLAQDAEO-DYVFJYSZSA-N,O=S(=O)(Nc1ccc([C@]23CNC[C@H]2C3)cc1)c1ccc(OC(F)(F)F)cc1,6.199998172182031,1,0.0,2010,2010,2010,Ki,F,1
ROZYQPYBANRXCZ-JXFKEZNVSA-N,CN(C)[C@@H]1c2cc3c(ccn3S(=O)(=O)c3ccccc3)cc2[C@@H]1CCO,6.199998172182031,1,0.0,2017,2017,2017,Ki,B,1
XNXXPSMSYLDFBF-UHFFFAOYSA-N,O=C1CCc2ccccc2N1CCCN1CCN(c2ccc(Cl)c(Cl)c2)CC1,6.199998172182031,1,0.0,2022,2022,2022,Ki,B,1
RDRGDNFLGKTNOF-GFCCVEGCSA-N,N#Cc1cccc([C@@H]2CCCNC2)c1,6.199970640755866,1,0.0,1994,1994,1994,Ki,B,1
KNJYSVPTKHXEGZ-UHFFFAOYSA-N,Cn1c(SCCCN2CCC(C)(C)CC2)nnc1-c1ccccc1,6.199970640755866,1,0.0,2019,2019,2019,Ki,B,1
AUZONCFQVSMFAP-UHFFFAOYSA-N,CCN(CC)C(=S)SSC(=S)N(CC)CC,6.199561449562057,2,0.33176139446827857,,,,IC50;Ki,B,1
MBUVEWMHONZEQD-UHFFFAOYSA-N,CN1CCCC(n2nc(Cc3ccc(Cl)cc3)c3ccccc3c2=O)CC1,6.196297126833812,1,0.0,2024,2024,2024,Ki,B,1
MLCJDDIDLGWZFT-UHFFFAOYSA-N,CSc1ccc(C2(O)CCN(Cc3c[nH]c4ccccc34)CC2)cc1,6.195179321278838,1,0.0,2007,2007,2007,Ki,B,1
KRUQRZWHJYOOJH-UHFFFAOYSA-N,CCN(CC)CCCC(C)Nc1cnc(C(=O)Nc2ccc(Cl)c3cccnc23)cn1,6.195179321278838,1,0.0,2023,2023,2023,Ki,B,1
LDQRJOZTSIXFDZ-UHFFFAOYSA-N,COc1ccc(Br)cc1-c1nc(CN2CCN(Cc3ccccc3)CC2)cs1,6.1938200260161125,1,0.0,2000,2000,2000,Ki,B,1
URKAJHJBVOPDPZ-UHFFFAOYSA-N,Cc1cc2nc(C)c(CN3CCN(c4ccccn4)CC3)n2c(C)n1,6.1938200260161125,1,0.0,2009,2009,2009,Ki,B,1
YALCLPZHBNPXEN-JOCHJYFZSA-N,CN[C@@H]1Cc2cccc3c2n(c(=O)n3CCOCCOCCOCCOc2ccc3c(c2)NC(=O)CC3)C1,6.1938200260161125,1,0.0,2017,2017,2017,Ki,B,1
VMHDSBUIYYCTCD-UHFFFAOYSA-N,COc1ccccc1N1CCN(CCCNC(=O)NN(Cc2ccc(C#N)cc2)c2ccc(F)cc2)CC1,6.1938200260161125,1,0.0,2019,2019,2019,Ki,B,1
CNAWUGXPLJMOSN-SFHVURJKSA-N,COc1c(C(=O)NC[C@@H]2CCN(Cc3ccccc3)C2)cc(Br)c2ccccc12,6.193608071640132,2,0.27380316069837685,2003,2003,2003,Ki,B,1
UREJDUPKGMFJRU-UHFFFAOYSA-N,S=C(NCCCc1c[nH]cn1)NCCCN(Cc1ccc(Cl)c(Cl)c1)c1ccc(Br)cn1,6.193047127129118,1,0.0,2024,2024,2024,Ki,B,1
UMEFKDHFJIKPGP-UHFFFAOYSA-N,COc1ccccc1N1CCN(CCCNC(=O)c2cc3ccccn3n2)CC1,6.1885447439974755,2,0.002062065700861191,2002,2007,2004,Ki,B,2
OKVMMISWCZKJGO-MRXNPFEDSA-N,CCCN(CCC)[C@@H]1CCc2ccc(OC)cc2C1,6.188424994129407,1,0.0,1996,1996,1996,Ki,B,1
CWHYKZYCZYQHQP-UHFFFAOYSA-N,COc1c(C(=O)NCCN2CCN(c3cccc([N+](=O)[O-])c3)CC2)cc(Br)c2ccccc12,6.185752404268079,1,0.0,1996,1996,1996,Ki,B,1
VXXGFFBHXLMHAK-UHFFFAOYSA-N,COc1cccc(N2CCN(CCNC(=O)c3cc(Br)c4ccccc4c3OC)CC2)c1,6.185752404268079,1,0.0,1996,1996,1996,Ki,B,1
MACFTPBZAOCTFN-UHFFFAOYSA-N,[O-][S+](CCN1CCN(CC(O)Cc2ccccc2)CC1)C(c1ccc(F)cc1)c1ccc(F)cc1,6.185752404268079,2,0.0,2016,2020,2018,Ki,B,2
LWSMSVQQKULODQ-OAHLLOKOSA-N,C=CCN1CCC[C@@H](c2cccc(C#N)c2)C1,6.181774106386044,1,0.0,1994,1994,1994,Ki,B,1
KIZBUXGNTYZANG-UHFFFAOYSA-N,COc1cc(F)cc(N2CCN(CCCCNC(=O)c3ccc4nonc4c3)CC2)c1,6.181774106386044,1,0.0,2009,2009,2009,Ki,B,1
TYIIYIRHCHVCLI-UHFFFAOYSA-N,COc1ccc(Br)cc1-c1nc(CN2CCN(c3ccccc3)CC2)co1,6.180456064458131,1,0.0,2000,2000,2000,Ki,B,1
CAOZWYSSXXOCSD-UHFFFAOYSA-N,Clc1ccc(CN2CC=C(c3nc4cc(Cl)ccc4s3)CC2)cc1,6.180456064458131,1,0.0,1997,1997,1997,Ki,B,1
NKVMKOOELRVUPV-UHFFFAOYSA-N,O=C1c2ccccc2CN1CCCCN1CCN(c2ccc(Cl)cc2)CC1,6.180456064458131,1,0.0,2007,2007,2007,Ki,B,1
QIPWTYSOANVUKJ-WZONZLPQSA-N,CCN(CC)C(=O)[C@@H]1C=C2c3cccc4[nH]cc(c34)C[C@H]2N(C(=O)Nc2ccccc2)C1,6.180456064458131,1,0.0,2009,2009,2009,IC50,B,1
PGSGTPNUOJTSEM-XMMPIXPASA-N,COc1cc(CCNC[C@@H](O)c2ccc(O)c(O)c2)ccc1OCCCc1ccccc1,6.180456064458131,1,0.0,2016,2016,2016,Ki,B,1
KSKYFMKUEDYOIZ-UHFFFAOYSA-N,C=CCN(NC(=O)NCCCN1CCN(c2ccccc2OC)CC1)c1ccc(OC)cc1,6.180456064458131,1,0.0,2019,2019,2019,Ki,B,1
QVAKGXNPTKFJST-UHFFFAOYSA-N,CC(NC(=O)/N=C(\N)NCCCc1nnc(N)s1)c1cccc(F)c1,6.180002266489224,3,2.6878282392557282,2021,2021,2021,EC50;Kd;Ki,B;F,1
ZTBBOIYRZHAFIN-UHFFFAOYSA-N,OC1(c2ccc(Cl)cc2)CCN(CCCCc2ccc(F)cc2)CC1,6.175874654177076,2,0.0009208180008252662,2012,2014,2013,Ki,B,2
LCKMWFBVBATZPO-RBUKOAKNSA-N,CCCC(C)(C)c1ccc2c(c1)OC(C)(C)[C@@H]1CCC(C)=C[C@@H]21,6.175874166083451,1,0.0,2017,2017,2017,EC50,F,1
FTLOZRFDKPZXJE-UHFFFAOYSA-N,Cc1nc(N2CCN(CCCCNC(=O)N3CCn4c(C)nnc4C3)CC2)cc(C(C)(C)C)n1,6.175223537524454,2,0.0,2017,2018,2017,Ki,B,2
AOOSJYIINXVNHV-UHFFFAOYSA-N,CCCCN1CCC(COC(=O)c2cc(Cl)c(N)c3c2OCCO3)CC1,6.17465178957509,1,0.0,2024,2024,2024,Ki,B,1
JTVPZMFULRWINT-UHFFFAOYSA-N,CCN(CC)CCNC(=O)c1cc(S(C)(=O)=O)ccc1OC,6.174307682142608,2,0.3318136907656009,,,,IC50;Ki,B,1
VZNBDFOHHGDJKC-UHFFFAOYSA-N,C(#Cc1c[nH]c(CN2CCN(c3ccccc3)CC2)c1)c1ccccc1,6.173925197299173,1,0.0,2002,2002,2002,Ki,B,1
BSDZATNMASVMIK-UHFFFAOYSA-N,COc1ccccc1N1CCN(Cc2cn3cc(C)cc(Br)c3n2)CC1,6.173925197299173,1,0.0,2006,2006,2006,Ki,B,1
DXBXHKYLHOPBKN-WOJBJXKFSA-N,Clc1ccc(N2C[C@H]3C[C@@H]2CN3CCCc2cc3ccccc3o2)cc1,6.173471693659348,1,0.0,2014,2014,2014,Ki,B,1
DUMBRKXSQQUMRX-UHFFFAOYSA-N,Fc1cccc(Nc2nc(Cc3ccccc3)nc3c2CCNCC3)c1,6.17114684032336,1,0.0,2013,2013,2013,IC50,B,1
HOXIFZKRDKLRKX-UHFFFAOYSA-N,Cc1ccc(C2CN(CCCSc3nnc(-c4ocnc4C)n3C)CCO2)cc1,6.170053304058364,1,0.0,2020,2020,2020,Ki,B,1
LQEATNFJCMVKAC-UHFFFAOYSA-N,C=CCN(CC=C)CCc1c[nH]c2ccccc12,6.17000191130262,1,0.0,2016,2016,2016,Ki,B,1
QKTOQRPNKITPLN-UHFFFAOYSA-N,O=C1CCc2ccccc2N1CCCN1CCC(CCCCCO)CC1,6.17000191130262,1,0.0,2018,2018,2018,Ki,A,1
UFFHNEZNXKJHFB-UHFFFAOYSA-N,O=C1COc2cc(CN3CCN(c4ccc(Cl)cc4)CC3)ccc2N1,6.168130225719498,3,0.0,1999,2021,2017,Ki,B,3
ALBWWALSEOWKRA-UHFFFAOYSA-N,N#CCCN1CCC(c2cn(-c3ccc(F)cc3)c3ccc(-c4ncccn4)cc23)CC1,6.167491087293763,1,0.0,2003,2003,2003,Ki,B,1
PONADOYAURXJAH-UHFFFAOYSA-N,COc1ccccc1N1CCN(Cc2cc3ccccn3n2)CC1,6.167491087293763,9,0.6456785663037359,2009,2009,2009,Ki,B,1
YGTOBHZRTULFTF-QGZVFWFLSA-N,CN1CCc2ccccc2Cc2[nH]c3ccccc3c2C[C@@H]1CO,6.166852888087215,1,0.0,2011,2011,2011,Ki,B,1
SIHPGAYIYYGOIP-UHFFFAOYSA-N,COc1cccc2c1CCC(N)C2,6.165579296318468,1,0.0,1996,1996,1996,Ki,B,1
XWQQVXPJZWZEFN-UHFFFAOYSA-N,N#CC1(c2ccc(Cl)cc2)CCN(Cc2c[nH]c3ccccc23)CC1,6.164943898279883,1,0.0,2007,2007,2007,Ki,B,1
SISRHQZVDUZECY-UHFFFAOYSA-N,CCN1CCN(c2ccc3c(c2)CN(S(=O)(=O)c2ccccc2)C3)CC1,6.162411561764489,1,0.0,2016,2016,2016,Ki,B,1
VAGMAHDJGBPZIB-QHCPKHFHSA-N,COc1cc(CCNC[C@H](O)c2ccc(O)c3c2OCC(=O)N3)ccc1OCCCc1ccccc1,6.161150909262744,1,0.0,2016,2016,2016,Ki,B,1
QFFTWWDHGZIBEJ-UHFFFAOYSA-N,O=C(NCCN1CCC(O)(c2ccc(Cl)cc2)CC1)NCCN1C(=O)C=CC1=O,6.161150909262744,1,0.0,2017,2017,2017,Ki,B,1
ZRWGXXAMGVLDQT-UHFFFAOYSA-N,CCCNC1CCc2cccc(OS(=O)(=O)C(F)(F)F)c2C1,6.1605219526258015,1,0.0,1995,1995,1995,Ki,B,1
LEPYGHSZGURSOB-UHFFFAOYSA-N,OC(Cc1ccccc1)CN1CCC(NCCSC(c2ccc(F)cc2)c2ccc(F)cc2)CC1,6.1605219526258015,1,0.0,2020,2020,2020,Ki,B,1
HTDIOUCPOHFDQH-UHFFFAOYSA-N,C=CCN(CC=C)CCc1c[nH]c2ccc(C)cc12,6.160000609491408,1,0.0,2016,2016,2016,Ki,B,1
QSWCDNVHONXTSW-UHFFFAOYSA-N,c1ccc(N2CCN(CCCc3nc4ccccc4s3)CC2)cc1,6.160000609491408,1,0.0,2022,2022,2022,Ki,B,1
QWDTZUJYWQMYDQ-UHFFFAOYSA-N,Cn1nccc1-c1nnc(SCCCN2CCOC(c3ccc(C(F)(F)F)cc3)C2)n1C,6.1598939055432425,1,0.0,2020,2020,2020,Ki,B,1
QKMCUEOKZNEZFG-VNGDJDOVSA-N,C[C@H]1CO[C@@H](c2ccc(N)nc2)CN1CC1CC1CNC(=O)c1cc2ccccc2[nH]1,6.159035836748432,4,0.41213260907628424,2019,2019,2019,Ki,B,1
OPXIAQIQFMLKDK-UHFFFAOYSA-N,Fc1ccc(OCCCN2CCC(c3ccc(Cl)cc3)CC2)cc1,6.157390760389438,2,0.0,2012,2014,2013,Ki,B,2
GNGLKSIMQABWGM-UHFFFAOYSA-N,COc1ccccc1N1CCN(C2CC3CC(N4CCN(c5ccccc5OC)CC4)CC3C2)CC1,6.154901959985743,1,0.0,2003,2003,2003,Ki,B,1
FBRUCPZAISLOOV-UHFFFAOYSA-N,O=C(Nc1ccccc1)NC1CCN(Cc2ccccc2)CC1,6.154901959985743,1,0.0,1999,1999,1999,Ki,B,1
FKJFAUSZKZYNCF-UHFFFAOYSA-N,COc1ccccc1N1CCN(CCNC(=O)NN(Cc2ccccc2)c2ccc(F)cc2)CC1,6.154901959985743,1,0.0,2019,2019,2019,Ki,B,1
GHMRSCYBFHYOPJ-UHFFFAOYSA-N,OC(CNC1CCN(CCSC(c2ccc(F)cc2)c2ccc(F)cc2)CC1)Cc1ccccc1,6.154281982033341,1,0.0,2020,2020,2020,Ki,B,1
IYIKLHRQXLHMJQ-UHFFFAOYSA-N,CCCCc1oc2ccccc2c1C(=O)c1cc(I)c(OCCN(CC)CC)c(I)c1,6.152574604497576,2,0.33183324644257073,,,,IC50;Ki,B,1
QHSSVAFDQVBZGK-LIGKVRMXSA-N,CN(C)C(=O)C(CCN1C[C@H](O)C/C1=C\N1CCN(c2cccc(Cl)c2Cl)CC1)(c1ccccc1)c1ccccc1,6.151810883008601,1,0.0,2023,2023,2023,Ki,B,1
CURUTKGFNZGFSE-UHFFFAOYSA-N,CCN(CC)CCOC(=O)C1(C2CCCCC2)CCCCC1,6.15168640390374,2,0.33159316309587594,,,,IC50;Ki,B,1
PKODMLACMGNJDC-UHFFFAOYSA-N,O=C1c2cc(Cl)c(Cl)cc2CC1CCN1CCN(c2ccccn2)CC1,6.150289000055319,2,0.00041236508479173,2021,2021,2021,Ki,B,1
CDAYEBKMDIJVNY-UHFFFAOYSA-N,O=C1CCc2ccccc2N1CCCN1CCC(c2ccccc2)CC1,6.149997413907538,1,0.0,2018,2018,2018,Ki,A,1
ZTGUCZSPLRNTRO-UHFFFAOYSA-N,COc1ccccc1-c1cccc(CN2CCN(c3ncccn3)CC2)c1,6.1487416512809245,1,0.0,1998,1998,1998,IC50,B,1
NUWFSHWNAZZTED-UHFFFAOYSA-N,COc1ccc(OCCN2CCN(C(=O)c3ccc(OC)cc3)CC2)cc1,6.1487416512809245,2,0.0,2020,2023,2021,EC50,B,2
MZWZBBXJJVDOHO-UHFFFAOYSA-N,COc1ccc(OCCN2CCN(C(=O)c3cc4ccccc4[nH]3)CC2)cc1OC,6.1487416512809245,2,0.0,2020,2023,2021,EC50,B,2
TTWGDSSADVBNQY-UHFFFAOYSA-N,CC(C)(C)OC(=O)N1CCCC1CNC1CCC(c2cc(F)ccc2F)(S(=O)(=O)c2ccc(Cl)cc2)CC1,6.1487416512809245,3,0.0007250148905137868,2021,2023,2021,Ki,B,2
HPEHGGUDPLECHX-UHFFFAOYSA-N,CCCN1CCC(c2ccc3c(c2)CN(S(=O)(=O)c2ccccc2)C3)CC1,6.147520006363143,1,0.0,2016,2016,2016,Ki,B,1
HCZAXFOGTCSPTF-AWEZNQCLSA-N,CCCN(CCC)[C@H]1CCn2ccc(C)c2C1,6.14747032395546,2,0.03186447640814784,2001,2005,2003,Ki,B,2
ZCVMWBYGMWKGHF-UHFFFAOYSA-N,CN1CCC(=C2c3ccccc3CC(=O)c3sccc32)CC1,6.144402109095084,3,0.2620463160630809,2024,2024,2024,IC50;Ki,B,2
KOGYKWMOOUGINB-UHFFFAOYSA-N,C=CCOC1(c2ccc(Cl)cc2)CCN(Cc2c[nH]c3ccccc23)CC1,6.1438755557577,1,0.0,2007,2007,2007,Ki,B,1
APOXKSCRLNZDPC-UHFFFAOYSA-N,N#Cc1cc(CN2CCN(c3ccccc3)CC2)c[nH]1,6.142667503568731,1,0.0,2002,2002,2002,Ki,B,1
GTMVYXIUBGBXAW-UHFFFAOYSA-N,Clc1ccc(-c2cc(C3CCN(CC4CCCCC4)CC3)[nH]n2)cc1,6.142667503568731,1,0.0,1997,1997,1997,Ki,B,1
AZDUCQAJTYHBKO-UHFFFAOYSA-N,CCOC(=O)C1(c2ccc(Cl)cc2)CCN(Cc2c[nH]c3ccccc23)CC1,6.140261433802853,1,0.0,2007,2007,2007,Ki,B,1
RKZSNTNMEFVBDT-MRVPVSSYSA-N,CN[C@@H]1Cc2cccc3[nH]c(=O)n(c23)C1,6.140128909773869,8,0.5472992626020899,1997,2021,2016,EC50;Ki,B,4
DFNAAFSXZVGDBJ-UHFFFAOYSA-N,Clc1ccc(N2CCN(CCCOc3ccccc3)CC2)cc1,6.139063379299906,3,0.022553809785872788,2012,2014,2014,Ki,B,2
OBLBUNSOJDFKHL-KRWDZBQOSA-N,COCCOc1c(O)cc(Br)c2c1CN1CCc3cc(OC)c(O)cc3[C@@H]1C2,6.139063379299906,1,0.0,2017,2017,2017,Ki,B,1
DATRLTNBZWRBPI-UHFFFAOYSA-N,CCN(CC)CCCC(C)Nc1cnc(C(=O)Nc2cc(F)cc3cccnc23)cn1,6.139063379299906,1,0.0,2023,2023,2023,Ki,B,1
NSSRPQDUVUJSBX-UHFFFAOYSA-N,COc1ccc(N2CCN(CCNC(=O)c3cc(Br)c4ccccc4c3OC)CC2)cc1,6.13608262304214,1,0.0,1996,1996,1996,Ki,B,1
BCFBGMFQLQASNB-UHFFFAOYSA-N,COc1c(C(=O)NCCN2CCN(c3ccc([N+](=O)[O-])cc3)CC2)cc(Br)c2ccccc12,6.13608262304214,1,0.0,1996,1996,1996,Ki,B,1
BHXTZGOVTCBSLC-UHFFFAOYSA-N,FC(F)(F)c1cccc(N2CCN(CCC3(c4ccccn4)CCOC4(CCCC4)C3)CC2)n1,6.13430394008393,1,0.0,2023,2023,2023,Ki,B,1
JCQGRHIIKSHVDZ-UHFFFAOYSA-N,c1ccc(CN2CCC(n3cnc(-c4ccccc4)c3)CC2)cc1,6.130768280269024,1,0.0,1999,1999,1999,Ki,B,1
YKNBSYYYBWQJQW-UHFFFAOYSA-N,C#Cc1sc2ncn(CC(=O)N3CC(C)(F)C3)c(=O)c2c1-c1ccc(F)c(Br)c1,6.130768280269024,1,0.0,2025,2025,2025,Ki,B,1
WIXPGFSAQJCJED-UHFFFAOYSA-N,O=S(=O)(c1ccccc1F)n1cc(C2=CCNCC2)c2ccccc21,6.130181792020672,1,0.0,2005,2005,2005,Ki,B,1
CHFSYCSOMAVVOM-UHFFFAOYSA-N,COc1ccccc1N1CCN(Cc2ccccc2CNC(=O)c2ccc3ccccc3c2)CC1,6.1249387366083,1,0.0,2003,2003,2003,Ki,B,1
LHHCQDFZJQYUSF-QHCPKHFHSA-N,CCCCCCOc1cc2c(cc1O)[C@@H]1Cc3c(Br)cc(O)c(OCCOCC)c3CN1CC2,6.123205023799299,1,0.0,2023,2023,2023,Ki,B,1
HYAIONDADCANQM-UHFFFAOYSA-N,O=C(NCCCCN(CCCN1CCN(c2ccccc2)CC1)C1CCc2ccc(O)cc2C1)c1ccccc1,6.121478204498794,1,0.0,2002,2002,2002,Ki,B,1
VGBOISIRCIDEGP-UHFFFAOYSA-N,O=C(CCCc1ccccc1)N1CCN(CCCC(c2ccc(F)cc2)c2ccc(F)cc2)CC1,6.120330794367947,1,0.0,2001,2001,2001,IC50,B,1
RJZYRNTXYJEPMD-LJQANCHMSA-N,COc1c(C(=O)NCC[C@@H]2CCN(Cc3ccccc3)C2)cc(Br)c2ccccc12,6.1182860032185316,2,0.1672816699905549,2003,2003,2003,Ki,B,1
UIRIJSKPTMDRCG-IBGZPJMESA-N,c1ccc(CN2CC[C@@H](CNCc3csc(-c4ccccc4)n3)C2)cc1,6.117986696153981,2,0.08834502788860882,2000,2000,2000,Ki,B,1
LMKMYJGZBLESNG-NOLJZWGESA-N,O=c1[nH]c2c(O)ccc([C@@H](O)CN[C@H]3CCC[C@H]3C3CCCC3)c2s1,6.117318487095929,2,0.01488493737553491,2014,2014,2014,Ki,B,1
MWULMTACIBZPGN-UHFFFAOYSA-N,COc1cc(-n2cnc3cc(-c4ccc(Cl)cc4)sc3c2=O)ccc1OCCN1CCCC1,6.114700988060331,1,0.0,2024,2024,2024,Ki,B,1
GPKJTRJOBQGKQK-UHFFFAOYSA-N,CCN(CC)CCCC(C)Nc1c2ccc(Cl)cc2nc2ccc(OC)cc12,6.114403287871932,2,0.33137668081294464,,,,IC50;Ki,B,1
GKIRPKYJQBWNGO-OCEACIFDSA-N,CCN(CC)CCOc1ccc(/C(=C(/Cl)c2ccccc2)c2ccccc2)cc1,6.114238595227745,2,0.33160959138397716,,,,IC50;Ki,B,1
UQNXMCNVFPEPNB-UHFFFAOYSA-N,Fc1ccc(OCCCN2CCc3ccccc3C2)cc1,6.114073660198569,1,0.0,2016,2016,2016,Ki,B,1
JTHXHSNJAJMWTQ-UHFFFAOYSA-N,c1ccc(CN2CCC(n3cccc3-c3cnco3)CC2)cc1,6.113509274827518,1,0.0,1999,1999,1999,Ki,B,1
QDMAKDIDFJTXEL-UHFFFAOYSA-N,Cc1c(C2CCN(CCc3ccccc3)CC2)noc1-c1ccc(Cl)cc1,6.113509274827518,5,0.09179036141217402,1996,2021,1999,Ki,B,5
WHCKEFZLQQCXGO-UHFFFAOYSA-N,CN1CCCc2ccccc2Cc2cc(O)ccc2CC1,6.110138278741811,1,0.0,2007,2007,2007,Ki,B,1
ADETWEPXXIGKFW-UHFFFAOYSA-N,Cc1ccc(Cn2ncc(N3CCNCC3)c(Cl)c2=O)cc1NC(=O)c1ccc(-c2ccccc2)cc1,6.109998386815363,1,0.0,2009,2009,2009,Ki,B,1
YOHLTWMPXNQOAA-UHFFFAOYSA-N,Cn1c(CCCN2CCN(c3cccc(Cl)c3Cl)CC2)nc(-c2ccccc2)c1C(=O)NC1CCCCC1,6.109998386815363,1,0.0,2021,2021,2021,IC50,B,1
BJGOULYFYANDMK-CQSZACIVSA-N,CCCN1CCC[C@@H](c2ccccc2)C1,6.1095789811990855,1,0.0,1994,1994,1994,Ki,B,1
RWCQKGYXYLNOEC-UHFFFAOYSA-N,O=C(CCCN1CCCN(c2ccc(Cl)cc2)CC1)c1nc2ccccc2s1,6.1095789811990855,1,0.0,2012,2012,2012,Ki,B,1
FGFQEEFTBWHCLW-UHFFFAOYSA-N,Fc1ccc(OCCCN2CCN(c3ncccn3)CC2)cc1,6.109020403010311,2,0.0,2012,2014,2013,Ki,B,2
UEMSZTJJYVOVMY-UHFFFAOYSA-N,O=C1c2ccc(Cl)cc2CC1CCN1CCc2ccccc2C1,6.10811831237871,2,0.0026588267665858655,2016,2016,2016,Ki,B,1
CSQTYZHHBNDDMS-UHFFFAOYSA-N,COc1ccc2oc(C(=O)NCCC(F)CN3CCN(c4ccccc4OC)CC3)cc2c1,6.107905397309519,3,1.0726835325578379,2011,2011,2011,IC50;Ki,B;F,1
LNTSSZPPKDLPCK-UHFFFAOYSA-N,COc1cc2c(cc1O)CN(Cc1ccccc1CNC(=O)c1ccc3ccccc3c1)CC2,6.107905397309519,1,0.0,2021,2021,2021,Ki,B,1
MZKIMVRXOFRAQO-UHFFFAOYSA-N,O=[N+]([O-])C1=Cc2cc(Cl)ccc2OC1C(F)(F)F,6.107905397309519,1,0.0,2022,2022,2022,Ki,B,1
CVRMQFHSOSVJET-UHFFFAOYSA-N,OC1(c2ccc(Cl)c(C(F)(F)F)c2)CCN(CCCCN(c2ccc(F)cc2)c2ccc(F)cc2)CC1,6.106793246940152,1,0.0,2018,2018,2018,Ki,B,1
SPZKFYULWLAAQF-AWEZNQCLSA-N,CCCN(CCC)[C@H]1CCn2cc(C)cc2C1,6.106754154837024,2,0.009553182306013673,2001,2005,2003,Ki,B,2
RVMUAKCKCUJBKV-UHFFFAOYSA-N,Fc1ccc2c(c1)CC(CCN1CCCN(c3ccccn3)CC1)C2,6.105629037081819,2,0.007962025517335729,2021,2021,2021,Ki,B,1
NVRRMHFWYSOBLH-UHFFFAOYSA-N,COc1ccc(N2CCN(CCCCOc3ccc4c(c3)NC(=O)CC4)CC2)c(OC)c1,6.105130343254748,1,0.0,2011,2011,2011,Ki,B,1
PNROEQYQIZJINW-RUZDIDTESA-N,COc1cc(CCNC[C@@H](O)c2ccc(O)c3[nH]c(=O)ccc23)ccc1OCCCc1ccccc1,6.102372908709558,1,0.0,2016,2016,2016,Ki,B,1
ZYPHLHODRPNBKX-UHFFFAOYSA-N,CN1CCN(c2ccc(O)c3c2OCCO3)CC1,6.102372908709558,1,0.0,2017,2017,2017,Ki,B,1
LXDKFBSEJYAHRD-UHFFFAOYSA-N,O=C(NCCCCNC1COc2ccc(O)cc2C1=O)c1cc2ccccc2[nH]1,6.101511735806202,2,0.49424642991199,2019,2019,2019,Ki,B,1
OZYPUQNRUYTZDI-UHFFFAOYSA-N,COc1ccc(NS(=O)(=O)c2ccc(Br)cc2)cc1N1CCN(C)CC1,6.0999990348465305,1,0.0,1999,1999,1999,Ki,B,1
XXNSAFMKWRWIBC-XRKRLSELSA-N,COc1cccc2c1CC[C@@H]1[C@@H]2CCCN1CCCCNC(=O)c1ccc(-c2ccccc2)cc1,6.0999990348465305,1,0.0,1998,1998,1998,Ki,B,1
YNJUKWRUPNSFLS-UHFFFAOYSA-N,CCS(=O)(=O)c1ccc(OC)c(-c2ccc(CN3CCOCC3)[nH]2)c1,6.0999990348465305,1,0.0,1996,1996,1996,Ki,B,1
NNKWTFPUEFVMKD-UHFFFAOYSA-N,Cc1ccc2c(OCCN3CCC(Cc4ccc5c(c4F)NC(=O)CO5)CC3)cc(F)cc2n1,6.0999990348465305,1,0.0,2007,2007,2007,Ki,B,1
CXSFVUWINAYILW-UHFFFAOYSA-N,Cc1cnc(-c2nnc(SCCCN3CCc4ccc5c(C)noc5c4CC3)n2C)cn1,6.0999990348465305,1,0.0,2008,2008,2008,Ki,F,1
IRLHMHFRNZPYGU-UHFFFAOYSA-N,CNCC1Cc2cc3ccn(S(=O)(=O)c4cccc5ccccc45)c3cc21,6.0999990348465305,1,0.0,2017,2017,2017,Ki,B,1
UZSLOUWOZNFAFR-UHFFFAOYSA-N,Cc1cccc(N2CCN(CCCN3C(=O)CCc4ccccc43)CC2)c1,6.0999990348465305,1,0.0,2022,2022,2022,Ki,B,1
IWBMAAUPHUCYCI-UHFFFAOYSA-N,CCCCCNC(=O)/N=C(\N)NCCCc1nnc(N)s1,6.0999990348465305,3,2.7638540785499006,2021,2021,2021,EC50;Kd;Ki,B;F,1
QSXPHCNTIXEPIX-UHFFFAOYSA-N,COc1cccc2nc(CCCN3CCC(c4ccccn4)CC3)sc12,6.099792691967549,2,0.766889068892886,2023,2023,2023,IC50;Ki,B;F,1
QOGRQXGQKOEKKF-QAQDUYKDSA-N,CCCN(CCC)CC[C@H]1CC[C@H](Nc2ncccn2)CC1,6.096910013008056,1,0.0,1998,1998,1998,Ki,B,1
OZGYKPPQUQUAJA-UHFFFAOYSA-N,COc1ccccc1N1CCN(Cc2cn3cc(Br)ccc3n2)CC1,6.096910013008056,1,0.0,2006,2006,2006,Ki,B,1
UQNPMHBOQOCPSK-UHFFFAOYSA-N,COc1ccccc1N1CCN(Cc2cn(CCCCCCF)nn2)CC1,6.096910013008056,1,0.0,2013,2013,2013,Ki,B,1
DESXWTHSPLQRFM-BVRKHOPBSA-N,CCCN1CCO[C@@H]2c3cc(OCCCCNC(=O)c4ccc5c(c4)Cc4ccccc4-5)ccc3OC[C@H]21,6.093664958194909,1,0.0,2019,2019,2019,Ki,B,1
RANUNRLHJXMVHG-UHFFFAOYSA-N,Clc1cccc(Nc2nc(Cc3ccccc3)nc3c2CCNCC3)c1,6.092965047516583,1,0.0,2013,2013,2013,IC50,B,1
PRJNFNOLHGROQO-UHFFFAOYSA-N,c1ccc(CN2CCC(n3nccc3-c3ccccc3)CC2)cc1,6.0915149811213505,1,0.0,1999,1999,1999,Ki,B,1
PQDYOEMOWGGFPI-UHFFFAOYSA-N,COc1ccc(OCCN2CCN(C(=O)c3cc4ccncc4[nH]3)CC2)cc1,6.0915149811213505,2,0.0,2020,2023,2021,EC50,B,2
ODQWQRRAPPTVAG-UHFFFAOYSA-N,CN(C)CCC=C1c2ccccc2COc2ccccc21,6.090593871419113,2,0.3316967027943106,,,,IC50;Ki,B,1
IIGRUZXPSNFKHF-UHFFFAOYSA-N,O=C(Nc1cccc(Cn2ncc(N3CCNCC3)c(Cl)c2=O)c1)c1ccc(-c2ccccc2)cc1,6.090000275786018,1,0.0,2009,2009,2009,Ki,B,1
WPJAQVXUSLEHLH-UHFFFAOYSA-N,c1ccc(N2CCN(CCCc3nc4ccccc4o3)CC2)cc1,6.090000275786018,1,0.0,2022,2022,2022,Ki,B,1
VIGLYHYRWJDUPG-UHFFFAOYSA-N,Cc1c(-c2ccccc2)cnn1C1CCN(Cc2cccc(Cl)c2)CC1,6.086186147616283,1,0.0,1999,1999,1999,Ki,B,1
VJEWRCWFWRMYOH-UHFFFAOYSA-N,CCCN(CCC)C1CC=C(C#C[Si](C)(C)C)CC1,6.086186147616283,5,0.9018874398319979,2000,2000,2000,Ki,B,1
YATPAHDOUJPRNV-UHFFFAOYSA-N,Clc1ccc(CN2CCC(c3cc(-c4ccc(Cl)cc4)[nH]n3)CC2)cc1,6.086186147616283,2,0.0,1996,1997,1996,Ki,B,2
YYWRRBMZAGSBNZ-UHFFFAOYSA-N,Cc1c(-c2ccccc2)n[nH]c1C1=CCN(CCc2ccccc2)CC1,6.080921907623926,1,0.0,1997,1997,1997,Ki,B,1
CKAVWCNOUGLDRF-UHFFFAOYSA-N,c1ccc(N2CCN(CCCc3nc4ccccc4[nH]3)CC2)cc1,6.0800019690359814,1,0.0,2022,2022,2022,Ki,B,1
HHNGFUDNXPRRFY-UHFFFAOYSA-N,COc1ccccc1N1CC2(CN(CCCSc3nnc(-c4ccccc4)n3C)C2)C1,6.079354998593212,1,0.0,2017,2017,2017,Ki,B,1
SYKWSIUDXOQIDR-UHFFFAOYSA-N,CN1CCc2cc(O)c(O)c3c2C1Cc1ccccc1-3,6.0783789752028525,2,0.002295259890458809,2020,2020,2020,Ki,B,1
DHUATBAZHILHIC-MRXNPFEDSA-N,Cc1c(C(=O)c2ccc(Cl)cc2)c2ccc(OC(F)(F)F)cc2n1Cc1cccc(O[C@H](C)C(=O)O)c1,6.07727454200674,1,0.0,2008,2008,2008,IC50,B,1
NFRIERLNKMVOKN-UHFFFAOYSA-N,O=C1COc2ccc(CN3CCN(c4ccccc4)CC3)cc2N1,6.076238039171299,1,0.0,1999,1999,1999,Ki,B,1
XDYCBVKXSXIDCW-UHFFFAOYSA-N,Clc1ccc(N2CCN(Cc3cnn4c(-c5ccccc5)cccc34)CC2)cc1,6.075720713938118,1,0.0,2002,2002,2002,Ki,B,1
ZMDOIQGPLNKPIO-UHFFFAOYSA-N,Fc1ccc(CCCCN2C3CCC2CN(c2ccc(Cl)cn2)C3)cc1,6.075565636456769,1,0.0,2021,2021,2021,Ki,B,1
LMKMYJGZBLESNG-XPKDYRNWSA-N,O=c1[nH]c2c(O)ccc([C@@H](O)CN[C@@H]3CCC[C@@H]3C3CCCC3)c2s1,6.0746879085003505,1,0.0,2014,2014,2014,Ki,B,1
UGZASRPZTFYHQC-UHFFFAOYSA-N,Ic1ccc(Nc2nc3ccccc3c3[nH]c(C4CCCCC4)nc23)cc1,6.0726296369609765,1,0.0,2022,2022,2022,Ki,B,1
ORBZGAXKHHPTOD-UHFFFAOYSA-N,OC1(c2ccc(Br)cc2)CCN(Cc2c[nH]c3cccc(OCCF)c23)CC1,6.071092309756047,1,0.0,2010,2010,2010,Ki,B,1
VOPNYIHLMCVSPL-UHFFFAOYSA-N,C#Cc1c[nH]c(CN2CCN(c3ccccc3)CC2)c1,6.070581074285707,1,0.0,2002,2002,2002,Ki,B,1
ACHQQXOLWIKHRK-UHFFFAOYSA-N,Clc1ccc(N2CCN(Cc3cn4nc(N5CCCCC5)ccc4n3)CC2)cc1Cl,6.070581074285707,1,0.0,2006,2006,2006,Ki,B,1
YAYOCPNPBHLJQS-UHFFFAOYSA-N,Clc1ccc(N2CCN(CCc3nc4ccccc4o3)CC2)cc1,6.070581074285707,1,0.0,2014,2014,2014,Ki,B,1
ADKPDCJUAOTYGJ-UHFFFAOYSA-N,O=C(NCCCN1CCN(c2ccc(Cl)cc2)CC1)NN(Cc1ccc(F)cc1)c1ccccc1,6.070581074285707,1,0.0,2019,2019,2019,Ki,B,1
ORIBLMYUFXRADV-UHFFFAOYSA-N,CC1(c2ccc(Cl)cc2)CCN(Cc2c[nH]c3ccccc23)CC1,6.068725615237604,2,0.5528795938224568,2007,2007,2007,EC50;Ki,B;F,1
YGHHMTVTTJJSQZ-UHFFFAOYSA-N,CCN(CC)C1CCc2c(cccc2OC)C1,6.0670191780768015,1,0.0,1996,1996,1996,Ki,B,1
MEPWUVRGPZZAFY-UHFFFAOYSA-N,Cc1ccc(C2CCN(Cc3ccc4c(c3)OCC(=O)N4)CC2)cc1C,6.066006836168757,1,0.0,1999,1999,1999,Ki,B,1
DOOIOZMDLUKTNX-UHFFFAOYSA-N,C=C(C)CN(NC(=O)NCCCN1CCN(c2ccccc2OC)CC1)c1ccc(OC)cc1,6.065501548756432,1,0.0,2019,2019,2019,Ki,B,1
OUSOPIMSKOMYQI-UHFFFAOYSA-N,Clc1ccc(N2CCCN(CCCc3nc4ccccc4s3)CC2)cc1,6.06398920428479,1,0.0,2012,2012,2012,Ki,B,1
RCWYEZYTOVCNOJ-UHFFFAOYSA-N,Cc1ccc(N2CCN(Cc3ccc4c(c3)NC(=O)CO4)CC2)cc1C,6.063486257521107,1,0.0,1999,1999,1999,Ki,B,1
VYFSCTYDZYUMSC-UHFFFAOYSA-N,Oc1cccc(C2CNCCO2)c1,6.063486257521107,1,0.0,2007,2007,2007,EC50,F,1
YFSPFZNLWSGJJK-UHFFFAOYSA-N,O=C1c2ccccc2CC1CCN1CCc2ccccc2C1,6.062482107982653,1,0.0,2016,2016,2016,Ki,B,1
WEGLOYDTDILXDA-HNNXBMFYSA-N,CNCc1ccccc1-c1csc([C@H](C)Nc2nc(C)nc3cc(OC)c(OC)cc23)c1,6.0611751750661,3,0.0006774541330627724,2021,2023,2021,Ki,B,2
LLMBUJCYVGLEBH-UHFFFAOYSA-N,N#Cc1ccc2[nH]cc(CN3CCN(c4ccc(Cl)c(Cl)c4)CC3)c2c1,6.060480747381382,1,0.0,2000,2000,2000,Ki,B,1
NBVOTNJROVCMMX-UHFFFAOYSA-N,Clc1ccc(-c2cc(C3CCN(CCCc4ccccc4)CC3)[nH]n2)cc1,6.060480747381382,1,0.0,1997,1997,1997,Ki,B,1
ZNBOBGDGUIWKPE-UHFFFAOYSA-N,c1ccc(CN2CCN(c3cccc4[nH]cnc34)CC2)cc1,6.06023122454665,1,0.0,1998,1998,1998,Ki,B,1
NVMWQGNZMUKJTG-UHFFFAOYSA-O,c1ccc(C[n+]2cc[n+](-c3cccc4[nH]cnc34)cc2)cc1,6.06023122454665,1,0.0,2013,2013,2013,Ki,B,1
LNZYQGOEJQNILH-UHFFFAOYSA-N,Cn1c(SCCCN2CCC3(CC2)CCN(c2ccccn2)CC3)nnc1-c1ccccc1,6.059981844992336,1,0.0,2017,2017,2017,Ki,B,1
ZVQUCWXZCKWZBP-CQSZACIVSA-N,COc1cccc([C@@H](C)NCCCc2ccccc2Cl)c1,6.05820045837574,1,0.0,2024,2024,2024,Ki,B,1
GUGOEEXESWIERI-UHFFFAOYSA-N,CC(C)(C)c1ccc(C(O)CCCN2CCC(C(O)(c3ccccc3)c3ccccc3)CC2)cc1,6.057310059639189,2,0.33130645393187574,,,,IC50;Ki,B,1
LETHKPPNRMMQLD-UHFFFAOYSA-N,O=C1CCc2ccc(OCCCCN3CCC(n4c(=O)[nH]c5ccccc54)CC3)cc2N1,6.056011124926228,1,0.0,2011,2011,2011,Ki,B,1
VSESOHHTOBROFA-UHFFFAOYSA-N,CN1CCN(c2ccc3nc(CN4CCN(c5ccc(Cl)c(Cl)c5)CC4)cn3n2)CC1,6.055517327849831,1,0.0,2006,2006,2006,Ki,B,1
PGBIKSUFINVTHD-QLCIJSRNSA-N,CCN1C(=O)c2ccccc2[S@+]([O-])c2ccc(C(=O)N[C@H](C)c3ccc(Br)cc3)cc21,6.055517327849831,1,0.0,2014,2014,2014,Ki,B,1
TYJIKVPYZAVEMZ-UHFFFAOYSA-N,Fc1ccc(OCCCN2CCN(c3ccc(Cl)cc3)CC2)cc1,6.053056729302174,2,0.0,2012,2014,2013,Ki,B,2
FOMVFMMGQCMSQQ-MRXNPFEDSA-N,CN1CCc2cc(OCCF)cc3c2[C@H]1Cc1cccc(O)c1-3,6.050609993355087,1,0.0,2011,2011,2011,Ki,B,1
FTCVLHZRRJVLPD-HOTGVXAUSA-N,CCCN1CCO[C@H]2c3cc4c(cc3CC[C@@H]21)CNC4=O,6.050000457140078,1,0.0,2009,2009,2009,Ki,B,1
QTWVYUJFBIVOHT-SZMVWBNQSA-N,O=c1[nH]c2c(O)ccc([C@@H](O)CN[C@H]3CCC[C@@H]3OCc3ccccc3)c2s1,6.048176964684088,1,0.0,2014,2014,2014,Ki,B,1
BZGSLTDGENGQJF-UHFFFAOYSA-N,Cc1nc(CN2CCC(OCc3cccc(C(F)(F)F)c3)CC2)c2ccccn12,6.047595060422975,1,0.0,2022,2022,2022,Ki,B,1
YRIGEEYYMGNBLH-IBGZPJMESA-N,CCCOc1cc2c(cc1O)[C@@H]1Cc3c(Br)cc(O)c(OCCC)c3CN1CC2,6.0467236633326955,1,0.0,2023,2023,2023,Ki,B,1
FPSXFLZNLAYRGB-UHFFFAOYSA-N,FC(F)(F)c1cccc(N2CCN(CCC3(c4ccccn4)CCOCC3)CC2)n1,6.046240308266771,1,0.0,2023,2023,2023,Ki,B,1
COYPPYFVEXHGJK-UHFFFAOYSA-N,Clc1ccc(CN2CC=C(c3nc4cc(Cl)ccc4[nH]3)CC2)cc1,6.045757490560675,1,0.0,1997,1997,1997,Ki,B,1
JQBHQHNVJCDNEL-XLJIZYSNSA-N,C[C@H]1CO[C@@H](c2ccc(N)nc2)CN1C[C@@H]1C[C@H]1CCNC(=O)c1cc2ccccc2[nH]1,6.043676446890842,4,0.5843644338587598,2019,2021,2020,Ki,B,2
JZQOJABCZMOQTR-UHFFFAOYSA-N,Fc1ccc(CN2CCC(NCCSC(c3ccc(F)cc3)c3ccc(F)cc3)CC2)cc1,6.040481623027002,1,0.0,2020,2020,2020,Ki,B,1
GZUITABIAKMVPG-UHFFFAOYSA-N,O=C(c1ccc(OCCN2CCCCC2)cc1)c1c(-c2ccc(O)cc2)sc2cc(O)ccc12,6.0401955685180315,2,0.3319299385117597,,,,IC50;Ki,B,1
KSNHHKZYKYNBEI-NDEPHWFRSA-N,Cc1cc(C(=O)N2Cc3cnn(C)c3Nc3ccccc32)ccc1CNC(=O)N1CCC[C@H]1C(=S)N1CCCN(C)CC1,6.039833763465621,1,0.0,2024,2024,2024,Ki,B,1
YIHQDWZWZRGAIH-UHFFFAOYSA-N,Cc1c(C(=O)NCCCN2CCN(c3cccc(Cl)c3Cl)CC2)cc(-c2ccccc2)n1C,6.0385789059335515,1,0.0,2010,2010,2010,IC50,B,1
LGRVHISBHOARSB-INIZCTEOSA-N,CNc1cc(OC)c(C(=O)N[C@H]2CCCN(Cc3ccccc3)C2)cc1Cl,6.037860356969059,2,0.3025732770738286,2003,2003,2003,Ki,B,1
WZJWRRMYYXEGFD-UHFFFAOYSA-N,N#Cc1ccc2cc(CN3CCN(c4ccccc4Cl)CC3)[nH]c2c1,6.036212172654444,1,0.0,2000,2000,2000,Ki,B,1
HISVPUHXONHOSX-UHFFFAOYSA-N,Clc1ccc(-c2cc(C3CCN(Cc4ccccc4)C3)[nH]n2)cc1,6.036212172654444,1,0.0,1997,1997,1997,Ki,B,1
JCHUVGUKPFGRNQ-UHFFFAOYSA-N,Cn1ncc2cc(CN3CCC(OCc4cccc(C(F)(F)F)c4)CC3)ccc21,6.034892414150944,1,0.0,2022,2022,2022,Ki,B,1
RPAHCZZXEGWBDL-UHFFFAOYSA-N,Cc1cc(OC2CCS(=O)(=O)CC2)cc(C)c1-c1cccc(COc2ccc(CCC(=O)O)c(F)c2)c1,6.032000571886437,2,0.002826405484932915,2022,2022,2022,Ki,B,1
CIQIXAAZIFEHQC-NRFANRHFSA-N,CCCCCOc1c(O)ccc2c1CN1CCc3cc(OCCC)c(O)cc3[C@@H]1C2,6.031984286006358,1,0.0,2023,2023,2023,Ki,B,1
GTBRXTYCBGMMII-UHFFFAOYSA-N,CCc1cc(Cl)c(OC)c(N2CCN(Cc3cn(CCC(C(=O)N(C)C)(c4ccccc4)c4ccccc4)nn3)CC2)c1,6.031984286006358,1,0.0,2023,2023,2023,Ki,B,1
OLUIVMRSUSSFJF-UHFFFAOYSA-N,Cc1c(-c2ccc(F)cc2)nc(O)n1C1CCN(Cc2ccccc2)CC1,6.031517051446064,1,0.0,1999,1999,1999,Ki,B,1
HJRBYTHOWGFPSH-QGZVFWFLSA-N,CN1CCC[C@@H]1Cc1c[nH]c2ccc(NS(=O)(=O)c3cccc(Cl)c3)cc12,6.031517051446064,1,0.0,2005,2005,2005,Ki,B,1
ODVSDFIRQLJCEU-UHFFFAOYSA-N,Brc1cccc(N2CCN(Cc3cc4ccccn4n3)CC2)n1,6.031517051446064,1,0.0,2008,2008,2008,Ki,B,1
GWAQIWMRFSAOHA-UHFFFAOYSA-N,COc1ccc(N2CCN(CCCCOc3ccc4c(c3)NC(=O)CC4)CC2)cc1,6.031517051446064,1,0.0,2011,2011,2011,Ki,B,1
CYHIQHDBFGBIFJ-UHFFFAOYSA-N,CCOCCOCc1ccc(N2CCN(CCCCNC(=O)c3ccccc3)CC2)c(OC)c1,6.031517051446064,1,0.0,2012,2012,2012,Ki,B,1
PHSMQRWSBVFISF-UHFFFAOYSA-N,CCCN(CCN1CCN(Cc2cc3ccccc3[nH]2)CC1)Cc1ccc(Br)cc1,6.031517051446064,1,0.0,2015,2015,2015,Ki,B,1
WEGLOYDTDILXDA-OAHLLOKOSA-N,CNCc1ccccc1-c1csc([C@@H](C)Nc2nc(C)nc3cc(OC)c(OC)cc23)c1,6.02928885064623,2,0.0010085474703433578,2021,2021,2021,Ki,B,1
VNWSJGQXBGKBED-UHFFFAOYSA-N,NCCc1cccc2c1ccn2S(=O)(=O)c1ccccc1,6.026872146400301,1,0.0,2001,2001,2001,Ki,B,1
GACKYORUNWZVHC-UHFFFAOYSA-N,FCCOc1ccccc1N1CCN(Cc2cc3ccccn3n2)CC1,6.026872146400301,1,0.0,2008,2008,2008,Ki,B,1
BZDGCBXVIKXHFH-UHFFFAOYSA-N,COc1cccc(Nc2nc(Cc3ccccc3)nc3c2CCNCC3)c1,6.026548855975065,1,0.0,2013,2013,2013,IC50,B,1
KGFWRFDEYGDLSQ-UHFFFAOYSA-N,OC1(c2ccc(Cl)cc2)CCN(CCCCc2nc3ccccc3o2)CC1,6.025949097207123,1,0.0,2016,2016,2016,Ki,B,1
PVAHGORZNPASFQ-UHFFFAOYSA-N,CN1CCN(c2cccc(N(Cc3ccccc3)S(=O)(=O)c3ccc4ccccc4c3)c2)CC1,6.0254883072626715,1,0.0,2010,2010,2010,IC50,B,1
UPTHGVUSCNDAPF-UHFFFAOYSA-N,CN1CCc2ccccc2Cc2[nH]c3ccc(O)cc3c2CC1,6.025028005701931,1,0.0,2007,2007,2007,Ki,B,1
YFPRVZQGLGSZKO-UHFFFAOYSA-N,FC(F)(F)c1cccc(COC2CCN(Cc3ccc4[nH]cnc4c3)CC2)c1,6.023100058677892,2,0.0001295475965998549,2022,2022,2022,Ki,B,2
HHAUXZNBXXZIOV-UHFFFAOYSA-N,O=C(Nc1ccccn1)NC1CCN(Cc2ccccc2)CC1,6.022276394711152,1,0.0,1999,1999,1999,Ki,B,1
HXCWGVSINJYYSW-UHFFFAOYSA-N,CCCN(CCC)CCCCNC(=O)c1ccc(-c2ccccc2)cc1,6.022276394711152,1,0.0,2008,2008,2008,Ki,B,1
BFSKPRUNBBMNCF-UHFFFAOYSA-N,Cc1c(Nc2ccc(S(=O)(=O)N3CCN(C)CC3)cc2F)nc2ccc(Nc3cnn(C4CC4)c3)cn2c1=O,6.022276394711152,1,0.0,2023,2023,2023,IC50,B,1
UQSVESYMRYILGP-UHFFFAOYSA-N,O=C(OCc1ccccc1)N1CCc2ccc(N3CCN(C4CCCC4)CC3)cc2C1,6.021819483062586,1,0.0,2018,2018,2018,Ki,B,1
WOWRXMYCLGLRFQ-UHFFFAOYSA-N,O=C1CCc2ccccc2N1CCCN1CCC(CCCCCCCO)CC1,6.020001176026261,1,0.0,2018,2018,2018,Ki,A,1
OIAXKPXJNIOPBF-UHFFFAOYSA-N,COc1ccccc1N1CCN(Cc2cc3c(=O)[nH]c(N(C)C)nc3[nH]2)CC1,6.017728766960431,1,0.0,2009,2009,2009,Ki,B,1
BCXCDTKLXHURCX-CQSZACIVSA-N,CCCN(CCC)[C@@H]1CCn2cccc2C1,6.015905581853568,2,0.3336220178010072,2001,2005,2003,Ki,B,2
AFLWHRXREOAJGY-UHFFFAOYSA-N,Fc1ccc(COC2CCN(Cc3cc4ccc(Cl)cc4[nH]3)CC2)cc1F,6.015292705517327,1,0.0,2022,2022,2022,Ki,B,1
APSWOEYPVXOOHK-UHFFFAOYSA-N,COc1ccc2c3c(c(=O)oc2c1)CN(Cc1ccc(C(F)(F)F)cc1)CC3,6.015022873584506,2,0.0,1997,2021,2009,Ki,B,2
TVMUAXPFJKYAST-UHFFFAOYSA-N,Cc1cccc(NC(=O)CCN2CCC(c3ccccn3)CC2)c1,6.013228265733755,3,0.39267584780633685,2019,2019,2019,EC50;Ki,B,1
MUAYITOFLINYIL-UHFFFAOYSA-N,O=C(CCc1ccc(F)cc1)N1CCN(CCCC(c2ccc(F)cc2)c2ccc(F)cc2)CC1,6.010105436281227,1,0.0,2001,2001,2001,IC50,B,1
AHSLTJCTFBJCMT-CQSZACIVSA-N,CCCN1CCC[C@@H](c2cccc(OS(C)(=O)=O)c2)C1,6.009661145212398,1,0.0,1994,1994,1994,Ki,B,1
DHUSVAZDGLXZIV-UHFFFAOYSA-N,COc1ccc(OCCN2CCN(C(=O)c3cc4cccc(OC)c4[nH]3)CC2)cc1,6.008773924307505,2,0.0,2020,2023,2021,EC50,B,2
FUCGAUZSWYLMRK-UHFFFAOYSA-N,COc1ccccc1N1CCN(CC2CN=C3c4ccccc4NC(=O)N32)CC1,6.006563769502389,1,0.0,1998,1998,1998,Ki,B,1
NNHUSJMVRFFWKB-UHFFFAOYSA-N,CN(C)C(=O)C(CCN1CCN(c2nsc3ccccc23)CC1)(c1ccccc1)c1ccccc1,6.006123085058789,1,0.0,2023,2023,2023,Ki,B,1
JZQKKSLKJUAGIC-UHFFFAOYSA-N,CC(C)NCC(O)COc1cccc2[nH]ccc12,6.002399579524617,1,0.0,2024,2024,2024,Ki,B,1
IPJQQDLKFAIRMS-UHFFFAOYSA-N,Cc1ccc(OCCN2CCN(C(=O)c3cc4ccccc4[nH]3)CC2)cc1Cl,6.001304841688344,1,0.0,2020,2020,2020,EC50,B,1
XGBXESVSCSHHQI-UHFFFAOYSA-N,COc1ccc(NS(=O)(=O)c2sc3ccc(Cl)cc3c2C)cc1N1CCN2CCCCC2C1,6.0,1,0.0,2002,2002,2002,Ki,B,1
XJAPKZGXYLZNIK-UHFFFAOYSA-N,O=C(OC1(c2nccc3ccccc23)CCN(CCc2ccccc2)CC1)c1ccccc1,6.0,1,0.0,2003,2003,2003,Ki,B,1
BDPXTGHWVMUJCT-OAQYLSRUSA-N,CC1CCN(CC[C@H]2CCCCN2S(=O)(=O)c2cccc3ccccc23)CC1,6.0,1,0.0,2000,2000,2000,Ki,B,1
GKKJKAMKDCHOIM-IWGRKNQJSA-N,CCCCN1C/C(=C\c2ccc(Br)cc2)C(=O)/C(=C/c2ccc(Br)cc2)C1,6.0,1,0.0,2003,2003,2003,Ki,B,1
OQCUZRRTKCFWET-OAHLLOKOSA-N,CC1CCN(CC[C@H]2CCCN2S(=O)(=O)c2ccc(Cl)c(Cl)c2)CC1,6.0,1,0.0,2000,2000,2000,Ki,B,1
DAUORZLLBDGUDH-AREMUKBSSA-N,COc1c(C(=O)N[C@@H]2CCN(Cc3ccccc3)C2)cc(C#Cc2ccccc2)c2ccccc12,6.0,2,0.0,2003,2003,2003,Ki,B,1
KEPCRQPBSHAPNH-UHFFFAOYSA-N,COc1c(Cl)cc(Cl)c(O)c1C(=O)NCCN1CCN(c2ccccc2)CC1,6.0,1,0.0,1997,1997,1997,Ki,B,1
JZKXKHVOIUMWCS-UHFFFAOYSA-N,COc1ccc(S(=O)(=O)N2CCc3ccc(I)cc32)cc1N1CCNCC1,6.0,1,0.0,2001,2001,2001,Ki,B,1
XIMFQVXENHJKEO-OQKWZONESA-N,CN(C)CCN(Cc1ccc(-c2ccc(CNCCc3ccccc3)cc2)cc1)C(=O)/C=C/c1ccccc1,6.0,1,0.0,2005,2005,2005,Ki,B,1
RMCSKUADBRROSI-UHFFFAOYSA-N,Cc1ccc2c(OCCN3CCN(Cc4cccc5cccnc45)CC3)cccc2n1,6.0,1,0.0,2005,2005,2005,Ki,B,1
BZHJMSJFFNOURP-UHFFFAOYSA-N,COc1ccccc1N1CCN(Cc2cn3c(-n4cccn4)cccc3n2)CC1,6.0,1,0.0,2006,2006,2006,Ki,B,1
RGMLMPPJETZGOG-UHFFFAOYSA-N,Clc1ccc(N2CCN(Cc3cn4cc(Br)ccc4n3)CC2)cc1Cl,6.0,1,0.0,2006,2006,2006,Ki,B,1
CDIJUVQEFYLOLF-UHFFFAOYSA-N,Cc1ccc2c(OCCN3CCC(Cc4ccc5c(c4F)NC(=O)CO5)CC3)cc(Cl)cc2n1,6.0,1,0.0,2007,2007,2007,Ki,B,1
CJGNMVAAMQAWEF-UHFFFAOYSA-N,O=C(OCCN1CCCC1)N1c2ccccc2Sc2ccccc21,6.0,1,0.0,2013,2013,2013,Ki,B,1
FPUKGJMTLUQGFZ-UHFFFAOYSA-N,CCN(CC)CCCOC(=O)N1c2ccccc2Sc2ccccc21,6.0,1,0.0,2013,2013,2013,Ki,B,1
DOTBLGLYTBUSJK-NVXWUHKLSA-N,O=S(=O)(c1ccccc1)n1ccc2c3c(ccc21)[C@H]1CCNCC[C@@H]31,6.0,1,0.0,2017,2017,2017,Ki,B,1
HPBCFIIQRFMWKG-KXBFYZLASA-N,CN[C@@H]1c2cc3c(ccn3S(=O)(=O)c3ccccc3)cc2[C@@H]1CCO,6.0,1,0.0,2017,2017,2017,Ki,B,1
VEVXEIFEZQIXSC-UHFFFAOYSA-N,COc1ccc(C(=O)N2CCN(CCOc3ccc(Cl)cc3)CC2)cc1,6.0,1,0.0,2020,2020,2020,EC50,B,1
PXJXLYRJAGOTQU-RMDSEJHCSA-N,O=C(O)c1cc(-c2ccc([C@@H]3C[C@@H]4C[C@H]3CN4)cc2)c2ccc(-c3ccc(C(F)(F)F)cc3)cc2c1,6.0,1,0.0,2022,2022,2022,Ki,B,1
OQZVSXDFOHVACS-UHFFFAOYSA-N,CCc1ccc(OCCN2CCN(C(=O)c3ccc(Cl)cc3)CC2)cc1,6.0,1,0.0,2023,2023,2023,EC50,B,1
UPBSKELQKAHWLX-UHFFFAOYSA-N,O=C(CCCN1C2CCC1CN(c1ccc(Cl)cn1)C2)c1ccc(F)cc1,5.998054416881544,2,0.0027514700328437457,2021,2021,2021,Ki,B,1
JGCMEBMXRHSZKX-UHFFFAOYSA-N,CCCNS(=O)(=O)Nc1ncnc(OCCOc2ncc(Br)cn2)c1-c1ccc(Br)cc1,5.998050058915732,1,0.0,2024,2024,2024,Ki,B,1
AXXQKOQTXHLIQM-UHFFFAOYSA-N,Cc1nc(N2CCN(CCCCNC(=O)N3CCc4[nH]c5ccc(C(F)(F)F)cc5c4C3)CC2)cc(C(C)(C)C)n1,5.99225222199926,2,0.0,2017,2018,2017,Ki,B,2
DRSZMILOMUPIBJ-UHFFFAOYSA-N,CNc1nc(NCc2ccc(NS(C)(=O)=O)cc2Cl)cc(-c2ccccn2)n1,5.9918471263535915,1,0.0,2024,2024,2024,Ki,B,1
PXQSRAWVKJTJBP-UHFFFAOYSA-N,Fc1ccc(SCCCN2CCCN(c3ccc(Cl)cc3)CC2)cc1,5.991399828238082,1,0.0,2012,2012,2012,Ki,B,1
VGIGHGMPMUCLIQ-UHFFFAOYSA-N,O=S1(=O)c2cccc3cccc(c23)N1CCCN1CCN(c2ccc(F)cc2)CC1,5.990149838851964,1,0.0,2024,2024,2024,Ki,B,1
RGVDRLWOIWFRFU-SFTDATJTSA-N,N#Cc1ccc2c(c1)CCN(C[C@@H]1C[C@H]1CNC(=O)c1ccnc3ccccc13)C2,5.982966660701219,1,0.0,2017,2017,2017,Ki,B,1
CIXHXASWJFMKLE-FQEVSTJZSA-N,CCCCOc1c(O)ccc2c1CN1CCc3cc(OCCC)c(O)cc3[C@@H]1C2,5.980883709552927,1,0.0,2023,2023,2023,Ki,B,1
QLHZFCCQMNROCJ-UHFFFAOYSA-N,O=C1c2ccccc2CCCN1CCCN1CCN(c2cccc(C(F)(F)F)c2)CC1,5.979999397807417,1,0.0,2009,2009,2009,Ki,B,1
CPLYGLAQLNAQOI-SEDVZXITSA-N,COc1cc(CN[C@H]2C3C4CC5C6C4CC3C6C52)cc(OC)c1OC,5.979638717352293,1,0.0,2013,2013,2013,Ki,B,1
QBTYVNHGXHWAKS-OAHLLOKOSA-N,Fc1cccc2c1CC[C@@H](NCc1ccccc1)C2,5.978810700930062,1,0.0,1996,1996,1996,Ki,B,1
LFIRWQIMSRISSM-UHFFFAOYSA-N,COc1ccc(Br)cc1-c1nc(CN2CCN(Cc3ccccc3)CC2)co1,5.978810700930062,1,0.0,2000,2000,2000,Ki,B,1
QLTASWSCCMMISJ-UHFFFAOYSA-N,O=C(CCCCN1CCCN(c2ccc(Cl)cc2)CC1)c1nc2ccccc2s1,5.978397283971757,1,0.0,2012,2012,2012,Ki,B,1
TYNGMNWXSRTYJA-UHFFFAOYSA-N,CN(C)C(=O)C(CCNCCCCN1CCc2ccc(C#N)cc2C1)(c1ccccc1)c1ccccc1,5.97469413473523,1,0.0,2021,2021,2021,Ki,B,1
YQSDVKUMLQLWSX-UHFFFAOYSA-N,O=C1c2ccc(Cl)cc2CC1CCCCN1CCN(c2ccccn2)CC1,5.971370937863594,2,0.05462799697228993,2021,2021,2021,Ki,B,1
BETHXCLHMRGYBW-UHFFFAOYSA-N,O=C(CCCN1CCC(O)(c2ccc(Cl)cc2)C1)c1ccc(F)cc1,5.971022294791222,3,0.4328519045637061,2006,2009,2006,Ki,B,2
YMPQHVKYSIVZTH-UHFFFAOYSA-N,O=C1CCc2ccccc2N1CCN1CCN(c2ccccc2)CC1,5.969999718407896,1,0.0,2022,2022,2022,Ki,B,1
CDGJSIMJNZNZFE-SNVBAGLBSA-N,C[C@@H](NC(=O)/N=C(\N)NCCCc1nnc(N)s1)c1ccccc1,5.969999718407896,3,2.815236095208571,2021,2021,2021,EC50;Kd;Ki,B;F,1
QQGJOZLAJLPARG-UHFFFAOYSA-N,CCCn1c(-c2ccccc2)cc(C(=O)NCCCN2CCN(c3cccc(Cl)c3Cl)CC2)c1C,5.969805214643249,1,0.0,2010,2010,2010,IC50,B,1
WVVWVIWPPSCORG-UHFFFAOYSA-N,COc1cc2c(cc1OC)CN(CCCCc1nc3cc(Cl)ccc3s1)CC2,5.967685630891288,2,0.0032726139505057776,2016,2016,2016,Ki,B,1
SPZKFYULWLAAQF-CQSZACIVSA-N,CCCN(CCC)[C@@H]1CCn2cc(C)cc2C1,5.9630285236949785,2,0.10885467096306692,2001,2005,2003,Ki,B,2
GRSMDZFQRIQAGW-UHFFFAOYSA-N,CCCCN1CCc2cc(C#N)ccc2C1,5.962573502059376,1,0.0,2017,2017,2017,Ki,B,1
WOVYFSFWXVSASO-IZZNHLLZSA-N,COc1ccc([C@@H]2C[C@H]2NCCC(C(=O)N(C)C)(c2ccccc2)c2ccccc2)cc1,5.962573502059376,1,0.0,2023,2023,2023,Ki,B,1
PIGKDOALHKDJJK-UHFFFAOYSA-N,COc1ccc(N2CCN(CCCN3CCCc4ccccc4C3=O)CC2)cc1,5.95999928552668,1,0.0,2009,2009,2009,Ki,B,1
GYWXJONOYHIRDG-UHFFFAOYSA-N,O=C1CC(CN2CCC(c3c[nH]c4cc(F)ccc34)CC2)Cc2nc(N3CCCC3)sc21,5.95999928552668,1,0.0,2011,2011,2011,Ki,B,1
KIZUBVPJNPVIIN-UHFFFAOYSA-N,N#CCc1ccccc1C#Cc1ccc(CCC(=O)O)c(F)c1,5.959749826392456,1,0.0,2024,2024,2024,Ki,B,1
CRDPGPNGVQWYOK-UHFFFAOYSA-N,CCCCCN(CCc1ccccc1)CCc1cccc(O)c1,5.959397659885926,1,0.0,2012,2012,2012,Ki,B,1
WIXHPSPVTDJXJR-UHFFFAOYSA-N,Cn1c(SCCCN2CCCCC2)nnc1-c1ccccc1,5.959397659885926,1,0.0,2019,2019,2019,Ki,B,1
SBXMILAGIXPXOK-UHFFFAOYSA-N,COc1cccc(-c2cccc(CN3CCN(c4ncccn4)CC3)c2)c1,5.958607314841775,1,0.0,1998,1998,1998,IC50,B,1
VFLJXRCSXJBPAE-UHFFFAOYSA-N,Cc1c(-c2ccccc2)nc(O)n1C1CCN(CC2CCCCC2)CC1,5.958607314841775,1,0.0,1999,1999,1999,Ki,B,1
YBRBKCXISVCUJG-INIZCTEOSA-N,COc1ccc(Br)cc1C(=O)NC[C@@H]1CCN(Cc2ccccc2)C1,5.958607314841775,1,0.0,1999,1999,1999,Ki,B,1
JSUUGLPJPMVFDV-UHFFFAOYSA-N,Clc1ccc(N2CCN(Cc3cnn4c3CCCC4)CC2)cc1,5.958607314841775,1,0.0,1999,1999,1999,Ki,B,1
LXBQQANESCMCJU-UHFFFAOYSA-N,Cc1c(-c2ccc(Cl)cc2)nc(N)nc1C1CCN(CCc2ccccc2)CC1,5.958607314841775,1,0.0,1997,1997,1997,Ki,B,1
RQRBGNHBNQYSEI-UHFFFAOYSA-N,c1ccc(CCN2CCC(c3cc(-c4cccs4)[nH]n3)CC2)cc1,5.958607314841775,1,0.0,1997,1997,1997,Ki,B,1
ZNJRNDKOAPREMV-UHFFFAOYSA-N,c1c[nH]c2nc(CN3CCc4ccccc4C3)cc-2c1,5.958607314841775,1,0.0,1999,1999,1999,Ki,B,1
FKHJOYFNYFVDRF-UHFFFAOYSA-N,COc1cc(CN2CCN(c3ccccc3OC)CC2)ccc1OCCF,5.958607314841775,1,0.0,2008,2008,2008,Ki,B,1
ISUMRTRTOVSWNW-UHFFFAOYSA-N,FCCOc1cccc(CN2CCN(c3ccc(Cl)cc3)CC2)c1,5.958607314841775,1,0.0,2008,2008,2008,Ki,B,1
INXHZFDLASUEAY-UHFFFAOYSA-N,FCCOc1ccc(CN2CCN(c3ccc(Cl)cc3)CC2)cc1,5.958607314841775,1,0.0,2008,2008,2008,Ki,B,1
HYNOMSZTPOUFRQ-UNEWFSDZSA-N,O=c1[nH]c2c(O)ccc([C@@H](O)CN[C@@H]3CCC[C@@H]3C3CCCCC3)c2s1,5.958607314841775,1,0.0,2014,2014,2014,Ki,B,1
HKAMZPHBOUTAED-UHFFFAOYSA-N,O=C(NCCCN1CCN(c2ccc(Cl)cc2)CC1)NN(Cc1ccccc1)c1ccccc1,5.958607314841775,1,0.0,2019,2019,2019,Ki,B,1
XXKGCSWBGJTTJM-UHFFFAOYSA-N,Cc1cc(C(F)(F)F)nc(Nc2ccccc2-c2nnn[nH]2)n1,5.958607314841775,1,0.0,2023,2023,2023,Ki,B,1
JAUOIFJMECXRGI-UHFFFAOYSA-N,Clc1ccc2c(c1)CCc1cccnc1C2=C1CCNCC1,5.954486411514496,2,0.3317876649734876,,,,IC50;Ki,B,1
KYHUARFFBDLROH-MOPGFXCFSA-N,Cc1cc([C@@H](C)Nc2cccc(-c3cc(C)c(C(=O)N[C@@H](C)C(=O)O)c(C)c3)c2)ccc1Cl,5.954047554980952,1,0.0,2024,2024,2024,Ki,B,1
NXFFJDQHYLNEJK-CYBMUJFWSA-N,CS(=O)(=O)c1cc(F)cc2c3c(n(Cc4ccc(Cl)cc4)c12)[C@@H](CC(=O)O)CC3,5.949949086200966,1,0.0,2024,2024,2024,Ki,B,1
JKOQGQFVAUAYPM-UHFFFAOYSA-N,NCCCNCCSP(=O)(O)O,5.949213236182166,2,0.33169737593588905,,,,IC50;Ki,B,1
DKYKQBWPYFTZHN-UHFFFAOYSA-N,COc1ccc2c(c1)CCN(C)CCc1c([nH]c3ccccc13)C2,5.945004138470859,1,0.0,2007,2007,2007,Ki,B,1
QBBNRIPQRWMMNR-CYBMUJFWSA-N,CCCN1CCC[C@@H](c2ccc(OS(=O)(=O)C(F)(F)F)cc2)C1,5.944621668625,1,0.0,1994,1994,1994,Ki,B,1
MTTJOZOOUCZVHO-LFPIHBKWSA-N,CNC(=O)Nc1ccc2c(c1)[C@@]1(CC2)OC(=O)N(CC(=O)N(Cc2ccc(F)cc2)[C@@H](C)C(F)(F)F)C1=O,5.944399990351872,3,0.009052932145547124,2021,2023,2021,Ki,B,2
BPMOXLBZGFFVMW-UHFFFAOYSA-N,COc1ccc2onc(N3CCN(CCCCNC(=O)c4cccc(-c5ncccn5)c4)CC3)c2c1,5.943095148663527,1,0.0,2006,2006,2006,Ki,B,1
XUBVWPDKERMCAP-UHFFFAOYSA-N,COc1ccc2[nH]c(C(=O)NCCC(F)CN3CCN(c4ccccc4OC)CC3)cc2c1,5.943095148663527,3,1.517661949002287,2011,2011,2011,IC50;Ki,B;F,1
MRPSJMYYRAZZKV-UHFFFAOYSA-N,CC(C)c1ccc(Nc2nc(N3CCN(CCO)CC3)nc3ccccc23)cc1,5.94284759518458,1,0.0,2015,2015,2015,Ki,B,1
LMKMYJGZBLESNG-INWMFGNUSA-N,O=c1[nH]c2c(O)ccc([C@@H](O)CN[C@H]3CCC[C@@H]3C3CCCC3)c2s1,5.942714355581785,1,0.0,2014,2014,2014,Ki,B,1
UDZHORRPPMFMKH-UHFFFAOYSA-N,Cn1c(SCCCN2CCC3(CCNCC3)CC2)nnc1-c1ccccc1,5.941194513324094,1,0.0,2019,2019,2019,Ki,B,1
XNXKEYCDXWQUQU-UHFFFAOYSA-N,CCCCCCN(CCc1ccccc1)CCc1cccc(O)c1,5.940436582098732,1,0.0,2012,2012,2012,Ki,B,1
SDERQNAMIWOFFX-UHFFFAOYSA-N,CCCCN(CCc1ccccc1)CCc1cccc(O)c1,5.940058111938045,1,0.0,2012,2012,2012,Ki,B,1
GIIZNNXWQWCKIB-UHFFFAOYSA-N,OCc1cc(C(O)CNCCCCCCOCCCCc2ccccc2)ccc1O,5.939363227245352,2,0.0563723692399073,2014,2024,2019,Ki,B,2
UJSKIIMXTSGSEQ-BSOFFQDDSA-N,C[C@H]1CO[C@@H](c2ccc(N)nc2)CN1C/C=C/COc1ccc2c(c1)NC(=O)CC2,5.939302159646388,1,0.0,2019,2019,2019,Ki,B,1
UVUYWJWYRLJHEN-UHFFFAOYSA-N,Fc1ccc(CN2CCC(Nc3ccc(C(F)(F)F)nn3)CC2)cc1F,5.935916564036404,1,0.0,2014,2014,2014,Ki,B,1
QRJJEGAJXVEBNE-HKOYGPOVSA-N,Clc1ccc(CO/N=C(\Cn2ccnc2)c2ccc(Cl)cc2Cl)c(Cl)c1,5.934843688667778,2,0.33163802663763625,,,,IC50;Ki,B,1
CBHCDHNUZWWAPP-UHFFFAOYSA-N,CN1CCCC(CN2c3ccccc3Sc3ccccc32)C1,5.932260979701407,2,0.3317630584621949,,,,IC50;Ki,B,1
UJKGBCQEPVZELY-UHFFFAOYSA-N,CCN(c1cccc(N2CCN(C)CC2)c1)S(=O)(=O)c1ccc2ccccc2c1,5.931443104927637,1,0.0,2010,2010,2010,IC50,B,1
IGTBNUVMBDYPQG-UHFFFAOYSA-N,COc1nc(NCCCN2CCOCC2)nc(OC)c1NC(=O)c1ccc(Oc2cc3c(cc2C)CCC3(C)C)o1,5.928117992693874,1,0.0,2006,2006,2006,Ki,B,1
JFCMJHZNAYJRLV-UHFFFAOYSA-N,CCC1(CC)CC(OCCCNCc2cccc(Cl)c2Cl)(c2ccccn2)CCO1,5.928117992693874,1,0.0,2023,2023,2023,Ki,B,1
QZZUEBNBZAPZLX-QFIPXVFZSA-N,CCc1cc2c(cc1CC)CC(NC[C@H](O)c1ccc(O)c3[nH]c(=O)ccc13)C2,5.926369075113699,2,0.07533465051658245,2014,2024,2019,Ki,B,2
IBPXYDUJQWENPM-XZOQPEGZSA-N,CSc1ccc(C(=O)N[C@@H]2CCCC[C@@H]2NC(=O)CNC(=O)c2cc(C(F)(F)F)ccc2NC(=O)NC(C)C)cc1,5.924533335766275,1,0.0,2024,2024,2024,Ki,B,1
IOPFZPQJWJQACY-UHFFFAOYSA-N,COc1ccc(Br)cc1-c1nc(CN2CCN(c3ccccc3)CC2)cs1,5.924453038607469,1,0.0,2000,2000,2000,Ki,B,1
UPNHRBCDSZJKGL-ISKFKSNPSA-N,CCCN1CCO[C@@H]2c3cc(OCCCCN4C(=O)c5ccccc5C4=O)ccc3OC[C@H]21,5.924453038607469,1,0.0,2019,2019,2019,Ki,B,1
HWKROQUZSKPIKQ-MRXNPFEDSA-N,CC1CCN(CC[C@H]2CCCN2S(=O)(=O)c2cccc(O)c2)CC1,5.922749076818352,2,0.4564369942162727,2000,2024,2012,Ki,B,2
VJSKWISJKOVRKJ-UHFFFAOYSA-N,CC(C)N(c1cccc(N2CCN(C)CC2)c1)S(=O)(=O)c1cccc2ccccc12,5.922632094715843,1,0.0,2010,2010,2010,IC50,B,1
LJXKPIFQYYNLTO-IBGZPJMESA-N,COc1ccc(Br)cc1-c1nc(CN(C)C[C@@H]2CCN(Cc3ccccc3)C2)co1,5.920818753952375,1,0.0,2000,2000,2000,Ki,B,1
HCOQJKDXIVIYQF-UHFFFAOYSA-N,Cc1c(-c2ccccn2)nc(O)n1C1CCN(Cc2ccccc2)CC1,5.920818753952375,1,0.0,1999,1999,1999,Ki,B,1
GNGQVEIKYIVCPC-UHFFFAOYSA-N,Cc1c(C2CCN(CCc3ccccc3)CC2)n[nH]c1-c1ccc(Cl)cc1,5.920818753952375,2,0.0,1996,1997,1996,Ki,B,2
GZMWGZHXHSTIMC-SFHVURJKSA-N,c1ccc(C2=N[C@@H](CN3CCN(c4ccccc4)CC3)CS2)cc1,5.920818753952375,2,0.0,2001,2001,2001,Ki,B,1
XNFZPEDEZVYDIU-UHFFFAOYSA-N,c1ccc(CCN2CCC(c3cc(C4CCCCC4)n[nH]3)CC2)cc1,5.920818753952375,1,0.0,1997,1997,1997,Ki,B,1
ZLLPRPCSBDCTBZ-UHFFFAOYSA-N,c1ccc(CCN2CCN(c3cc(-c4ccccc4)[nH]n3)CC2)cc1,5.920818753952375,1,0.0,1997,1997,1997,Ki,B,1
FVDPLVKCBNWFME-UHFFFAOYSA-N,Cn1cnc(-c2ccc3c(c2)c(C2CCN(CCC#N)CC2)cn3-c2ccc(F)cc2)n1,5.920818753952375,1,0.0,2003,2003,2003,Ki,B,1
USCDVFNXTCISHV-UHFFFAOYSA-N,Cn1nnc(-c2ccc3c(c2)c(C2CCN(CCN4CCNC4=O)CC2)cn3-c2ccc(F)cc2)n1,5.920818753952375,1,0.0,2003,2003,2003,Ki,B,1
TZJUVVIWVWFLCD-UHFFFAOYSA-N,O=C1c2ccccc2S(=O)(=O)N1CCCCN1CCN(c2ncccn2)CC1,5.920818753952375,1,0.0,2004,2004,2004,IC50,B,1
QLOFPPKCJSHBIO-UHFFFAOYSA-N,c1ccc(N2CCN(Cc3cn(-c4ccccc4)nn3)CC2)cc1,5.920818753952375,1,0.0,2006,2006,2006,Ki,B,1
VDDJMIICHGUNIS-UHFFFAOYSA-N,O=C(NCCCCN1CCN(c2ccccc2C(F)(F)F)CC1)Oc1ccc(-c2ccccc2)cc1,5.920818753952375,1,0.0,2017,2017,2017,EC50,F,1
WBOPWSGPXLCXQU-ZHACJKMWSA-N,CCN(CC)CCCOc1ccc(-c2nc3ccccc3n2C/C=C/Cn2c(C)nc3ccccc32)cc1,5.920456992597094,1,0.0,1995,1995,1995,Ki,B,1
GWAMGWDJCYIREE-UHFFFAOYSA-N,N/C(=N\C(=O)NCc1ccccc1)NCCCc1nnc(N)s1,5.920001601921648,3,2.7986079104525956,2021,2021,2021,EC50;Kd;Ki,B;F,1
AEVXOGLKVVRZCX-UHFFFAOYSA-N,O=C1Cc2ccccc2N1CCCCN1CCN(c2ccc(Cl)cc2)CC1,5.919373513078194,1,0.0,2007,2007,2007,Ki,B,1
KNKGKWINGHKSAD-HROJSSOGSA-N,COc1ccc2[nH]cc(CN3[C@@H]4CC[C@H]3C[C@](O)(c3ccc(SC)cc3)C4)c2c1,5.917214629683549,1,0.0,2008,2008,2008,Ki,B,1
BFCDFTHTSVTWOG-UHFFFAOYSA-N,CCCCCCCCNC(C)C(O)c1ccc(SC(C)C)cc1,5.9114863366272825,2,0.33164924518502037,,,,IC50;Ki,B,1
YUSWMAULDXZHPY-UHFFFAOYSA-N,O=c1cc(-c2ccc(O)c(-c3c(O)cc(O)c4c(=O)cc(-c5ccc(O)cc5)oc34)c2)oc2cc(O)cc(O)c12,5.90622821850127,1,0.0,2003,2003,2003,Ki,B,1
POCNIPUWZPJPSF-UHFFFAOYSA-N,COc1ccc(C2NCCc3c2[nH]c2ccc(Cl)cc32)c(O)c1,5.904481957676849,1,0.0,2022,2022,2022,Ki,B,1
XASXMEKXZPGFQK-UHFFFAOYSA-N,CCCN(CCC)CCC(O)c1cc2c(c3ccccc13)CCCC2,5.90031935889075,1,0.0,2003,2003,2003,Ki,B,1
PRDRZXROMYANHC-XRKRLSELSA-N,CS(=O)(=O)Oc1cccc2c1CC[C@@H]1[C@@H]2CCCN1CCCCNC(=O)c1ccc(-c2ccccc2)cc1,5.899998417198648,1,0.0,1998,1998,1998,Ki,B,1
VCFMMDVFGUQTHR-HXUWFJFHSA-N,CC1CCN(CC[C@H]2CCCN2S(=O)(=O)c2cccc3ccccc23)CC1,5.899998417198648,1,0.0,2000,2000,2000,Ki,B,1
YVWGGGGMRDLOGA-GOSISDBHSA-N,Cc1cccc(S(=O)(=O)N2CCC[C@@H]2CCN2CCC(C)CC2)c1,5.899998417198648,1,0.0,2000,2000,2000,Ki,B,1
VNCBCPIVWAMDIB-UHFFFAOYSA-N,Cc1ccc2c(OCCN3CCC(Cc4cc(F)c5c(c4)NC(=O)CO5)CC3)cc(Cl)cc2n1,5.899998417198648,1,0.0,2007,2007,2007,Ki,B,1
CVKDESKCBDICFQ-UHFFFAOYSA-N,CNCC1Cc2ccc3c(ccn3S(=O)(=O)c3ccccc3)c21,5.899998417198648,1,0.0,2017,2017,2017,Ki,B,1
QBRPGZFNANDQNL-HNAYVOBHSA-N,CN[C@H]1c2c(ccc3c2ccn3S(=O)(=O)c2ccccc2)[C@@H]1CCO,5.899998417198648,1,0.0,2017,2017,2017,Ki,B,1
LXQQHMVSKDDSKV-LPHOPBHVSA-N,CN[C@H]1c2ccc3c(ccn3S(=O)(=O)c3ccccc3)c2[C@@H]1CCO,5.899998417198648,1,0.0,2017,2017,2017,Ki,B,1
GNYULWALHKFYNF-DNVCBOLYSA-N,CN[C@H]1c2cc3ccn(S(=O)(=O)c4ccccc4)c3cc2[C@H]1CCO,5.899998417198648,1,0.0,2017,2017,2017,Ki,B,1
OCKYRBSJWIYEBM-UZLBHIALSA-N,CN(C)[C@@H]1c2cc3ccn(S(=O)(=O)c4ccccc4)c3cc2[C@H]1CCO,5.899998417198648,1,0.0,2017,2017,2017,Ki,B,1
FZTHGRYFMPGYHV-UHFFFAOYSA-N,CCCCCCNC(=O)/N=C(\N)NC1CCc2nc(N)sc2C1,5.899998417198648,1,0.0,2021,2021,2021,Ki,B,1
QDBGJAGCCLNYMQ-UHFFFAOYSA-N,O=C1CCc2ccccc2N1CCCN1CCN(c2cccc([N+](=O)[O-])c2)CC1,5.899998417198648,1,0.0,2022,2022,2022,Ki,B,1
ZPVPYUKSPMCCQN-UHFFFAOYSA-N,COc1ccc2onc(N3CCN(CCCCNC(=O)c4cccc(-c5noc(C)n5)c4)CC3)c2c1,5.891096872332687,1,0.0,2006,2006,2006,Ki,B,1
LMIAIPKXPWLPGV-UHFFFAOYSA-N,CCCCCCNC(=O)/N=C(\N)Nc1cccc(-c2csc(N)n2)c1,5.889999848866887,1,0.0,2021,2021,2021,Ki,B,1
WNZBBTJFOIOEMP-HXUWFJFHSA-N,O[C@H](CCCN1CCC(O)(c2ccc(Cl)cc2)CC1)c1ccc(F)cc1,5.8873949984654255,1,0.0,1993,1993,1993,Ki,B,1
XWPFAYFZWMVJSL-SFHVURJKSA-N,COc1ccc(Br)cc1-c1nc(CNC[C@@H]2CCN(Cc3ccccc3)C2)c[nH]1,5.886056647693163,1,0.0,2000,2000,2000,Ki,B,1
BVDQINYYEZPHTR-UHFFFAOYSA-N,c1ccc(CN2CCC(n3cc(-c4ccccc4)nn3)CC2)cc1,5.886056647693163,1,0.0,1999,1999,1999,Ki,B,1
UOIRCOOXVJGCIE-UHFFFAOYSA-N,CC1(c2cc(-c3ccc(Cl)cc3)[nH]n2)CCN(Cc2ccccc2)CC1,5.886056647693163,1,0.0,1997,1997,1997,Ki,B,1
ITUXESRMFODXIB-UHFFFAOYSA-N,COc1ccc2c3c(c(=O)oc2c1OC)CN(Cc1ccccc1)CC3,5.886056647693163,1,0.0,1997,1997,1997,Ki,B,1
LKPNIBAOVAQLNF-UHFFFAOYSA-N,Clc1ccc(-c2cc(C3CCN(Cc4ccccc4Cl)CC3)[nH]n2)cc1,5.886056647693163,1,0.0,1997,1997,1997,Ki,B,1
YLBNUQZHSMXDAJ-UHFFFAOYSA-N,c1ccc(CCC2CCN(Cc3c[nH]c4ncccc34)CC2)cc1,5.886056647693163,1,0.0,1999,1999,1999,Ki,B,1
OPCWNMLUZVXULW-UHFFFAOYSA-N,Cc1cc2nc(C)c(CN3CCN(c4ccc(Cl)c(Cl)c4)CC3)n2c(C)n1,5.886056647693163,1,0.0,2009,2009,2009,Ki,B,1
YLSBAGZHIBFNRL-UHFFFAOYSA-N,CN1CCN(c2ccc3c(c2)N(S(=O)(=O)c2ccc4ccccc4c2)CCC3=O)CC1,5.886056647693163,1,0.0,2011,2011,2011,IC50,B,1
SEVLDDAIFKZMCD-JTKSJCOOSA-N,CCN(CC)[C@H]1[C@H](CO)[C@@H]2CN(Cc3ccccc3)[C@@H](c3ccccc3)[C@@H]21,5.886056647693163,1,0.0,2012,2012,2012,Ki,B,1
QYPRFHORBTUPLV-UHFFFAOYSA-N,CCCN(CCN1CCN(Cc2cc3ccccc3[nH]2)CC1)c1ccc(OC)cc1,5.886056647693163,1,0.0,2015,2015,2015,Ki,B,1
MUTWETFLNKEWCG-UHFFFAOYSA-N,O=C(NCCCN1CCN(c2ccc(I)cc2)CC1)NN(Cc1ccccc1)c1ccccc1,5.886056647693163,1,0.0,2019,2019,2019,Ki,B,1
PAWLYZOLWHOCDX-UHFFFAOYSA-N,O=C(c1cc2ccccc2[nH]1)N1CCN(CCOc2ccc([N+](=O)[O-])cc2)CC1,5.886056647693163,2,0.0,2020,2023,2021,EC50,B,2
GZVBVBMMNFIXGE-CQSZACIVSA-N,CCCN1CCC[C@@H](c2cccc(S(C)(=O)=O)c2)C1,5.8843894883257,1,0.0,1994,1994,1994,Ki,B,1
ABXIURKZPIWOPL-UHFFFAOYSA-N,C=CCN1CCOC(c2cccc(O)c2)C1,5.882066164960358,1,0.0,2007,2007,2007,EC50,F,1
TZDYPFYPZGPSPS-OALUTQOASA-N,C=CCN1C[C@@H](OCCCN)C[C@H]1CNC(=O)c1cc(CCCF)cc(OC)c1OC,5.881735273910521,1,0.0,2023,2023,2023,Ki,B,1
AIBSVCNXTNBLRF-NRFANRHFSA-N,Cc1ccc2c3c(ccc2n1)OC[C@H](CN1CCN(c2ccc4cc(C#N)ccc4n2)CC1)O3,5.8807441107220635,1,0.0,2009,2009,2009,Ki,B,1
ABOBMBIQQPJTMJ-UHFFFAOYSA-N,O=C1CCc2ccccc2N1CCCN1CCN(c2ccccc2)CC1,5.879998925531604,3,1.0877919644084146e-15,2018,2025,2022,Ki,A;B,3
WYHZBLQNTZAKGM-ZJSXRUAMSA-N,CCCN1CCO[C@@H]2c3cc(OCCCCNC(=O)c4nc5ccccc5s4)ccc3OC[C@H]21,5.876148359032914,1,0.0,2019,2019,2019,Ki,B,1
RDOIQAHITMMDAJ-UHFFFAOYSA-N,CN(C)C(=O)C(CCN1CCC(O)(c2ccc(Cl)cc2)CC1)(c1ccccc1)c1ccccc1,5.873868592738015,3,0.3276200875039672,2021,2021,2021,IC50;Ki,B,2
FIIJQHSUFMYWQS-UHFFFAOYSA-N,[O-][S+](CCCN1CCN(c2ccc(Cl)cc2)CC1)c1ccc(F)cc1,5.871448064838884,2,0.0020465604839489163,2014,2014,2014,Ki,B,1
OGAKLTJNUQRZJU-UHFFFAOYSA-N,OC(CCCN1CCCCC1)(c1ccccc1)c1ccccc1,5.870665198887819,2,0.3315837870674764,,,,IC50;Ki,B,1
RXIUGRLQOGTTNP-UHFFFAOYSA-N,Cc1nc2c(o1)CC(CN1CCC(c3c[nH]c4cc(F)ccc34)CC1)CC2=O,5.8700009280425745,1,0.0,2011,2011,2011,Ki,B,1
FTEVXGASDTUTGT-UHFFFAOYSA-N,COc1ccc2c(c1)CCCN(C)CCCc1ccccc1C2,5.869988050328096,1,0.0,2007,2007,2007,Ki,B,1
ZJCPSCHGZIVAIV-GOSISDBHSA-N,CN[C@@H]1Cc2cccc3c2n(c(=O)n3CCCCOc2ccc3c(c2)NC(=O)CC3)C1,5.8696662315049934,1,0.0,2017,2017,2017,Ki,B,1
YREYEVIYCVEVJK-UHFFFAOYSA-N,COCCCOc1ccnc(C[S+]([O-])c2nc3ccccc3[nH]2)c1C,5.867881599158564,2,0.33162079022564334,,,,IC50;Ki,B,1
OMRTUEHYBPGJDW-UHFFFAOYSA-N,N#CC(CCNCCCCC(=O)N1CCN(c2cccc(Cl)c2Cl)CC1)(c1ccccc1)c1ccccc1,5.866461091629782,1,0.0,2021,2021,2021,Ki,B,1
YNWOXNVJEXAREA-UHFFFAOYSA-N,COc1cc2c(cc1O)C(C)N(Cc1cccc(O)c1OC)CC2,5.864231485432178,1,0.0,2016,2016,2016,Ki,B,1
RMRODALMKPMZFW-CYBMUJFWSA-N,CCCN[C@@H]1CCc2ccc(OC)cc2C1,5.862645888629267,1,0.0,1996,1996,1996,Ki,B,1
DWHUTCHVMNOMRX-UHFFFAOYSA-N,CCN(CC)CCCN(C)Cc1c(-c2ccccc2)oc(-c2ccccc2)c1Cl,5.8598063214213685,1,0.0,2003,2003,2003,Ki,B,1
SFNVUZGWWDUWJI-HDZLCOIDSA-N,CCOC(=O)/C=C1\[C@@H]2CCC[C@@]1(c1cccc(O)c1)CCN2C[C@H]1C[C@@H]1CCNC(=O)c1cc2ccccc2[nH]1,5.8597049082182,2,0.0420097533680905,2021,2021,2021,EC50;Ki,B;F,1
XVDINFILZLZVNV-UHFFFAOYSA-N,CN1CCOc2cc(O)ccc2Cc2ccccc2CC1,5.858863909879261,1,0.0,2004,2004,2004,Ki,B,1
JNZNIWXTQKSJBP-PXNSSMCTSA-N,C[C@@H]1OC(c2ccccc2)=N[C@H]1CN1CCN(c2ccccc2)CC1,5.858688943560969,2,0.41019647306060136,2001,2001,2001,Ki,B,1
AEQDJSLRWYMAQI-KRWDZBQOSA-N,COc1cc2c(cc1OC)[C@@H]1Cc3ccc(OC)c(OC)c3CN1CC2,5.855337100413715,2,0.01078400745072273,2017,2024,2020,Ki,B,2
JWSNGTPFUMQTQE-UHFFFAOYSA-N,Clc1ccccc1CN1CC=C(c2nc3ccccc3s2)CC1,5.853871964321762,1,0.0,1997,1997,1997,Ki,B,1
CEFKCGBMUZVVLI-UHFFFAOYSA-N,c1ccc(CN2CCC(c3cc(-c4ccccc4)[nH]n3)CC2)cc1,5.853871964321762,2,0.0,1997,1999,1998,Ki,B,2
DWESQFNWEXIRSK-UHFFFAOYSA-N,c1ccc(CN2CCC(n3nnc(-c4ccccc4)n3)CC2)cc1,5.853871964321762,1,0.0,1999,1999,1999,Ki,B,1
NFIBVHPLILJWFU-UHFFFAOYSA-N,CCCN(CCC)C1COc2c(ccc3sc(N)nc23)C1,5.853871964321762,1,0.0,2000,2000,2000,Ki,B,1
SPHRCFFKJXRWLW-UHFFFAOYSA-N,Cn1nnc(-c2ccc3c(c2)c(C2CCN(CCN4CCOC4=O)CC2)cn3-c2ccc(F)cc2)n1,5.853871964321762,1,0.0,2003,2003,2003,Ki,B,1
GSYFEKZSWFXBAB-UHFFFAOYSA-N,COc1ccccc1N1CCN(Cc2cn3nc(Cl)ccc3n2)CC1,5.853871964321762,1,0.0,2006,2006,2006,Ki,B,1
SEINGJRWPXTFAX-UHFFFAOYSA-N,O=C(NCCCN1CCN(c2ccc(Br)cc2)CC1)NN(Cc1ccc(F)cc1)c1ccccc1,5.853871964321762,1,0.0,2019,2019,2019,Ki,B,1
ZLEOJNLZAQGTPM-CQSZACIVSA-N,CCCN(CCC)[C@@H]1CCn2cc(CO)cc2C1,5.851935604699812,2,0.0027384260389929226,2001,2005,2003,Ki,B,2
RMFLBNXQMNGIHR-CQSZACIVSA-N,CCCN1CCC[C@@H](c2cccc(OCC(F)(F)F)c2)C1,5.84955059053912,1,0.0,1994,1994,1994,Ki,B,1
GVXGVDIXINMAAL-UHFFFAOYSA-N,O=C(O)C1CN(Cc2ccc(-c3nc4cc(Cc5ccccc5F)ccc4s3)c(F)c2)C1,5.848467741114712,1,0.0,2024,2024,2024,Ki,B,1
ZWVAIFKVPKWGLE-UHFFFAOYSA-N,Cc1ccc2c(c1)Sc1c(ccc3ccccc13)N2CCCN(C)C,5.848017604542526,1,0.0,2003,2003,2003,Ki,B,1
PLVZHOWVQHWPON-UHFFFAOYSA-N,CN1CCN(c2cccc(N(CC3CC3)S(=O)(=O)c3ccc4ccccc4c3)c2)CC1,5.845880474484153,1,0.0,2010,2010,2010,IC50,B,1
HYNFLQHZQUETAO-UHFFFAOYSA-N,OCCN1CCN(c2nc(NCc3ccccc3)c3ccccc3n2)CC1,5.842936299617377,1,0.0,2015,2015,2015,Ki,B,1
DNZUVQAJHJARBX-UHFFFAOYSA-N,COc1ccc2onc(N3CCN(CCCCNC(=O)c4cccc(N5CCOCC5)c4)CC3)c2c1,5.84163750790475,1,0.0,2006,2006,2006,Ki,B,1
QPKPFUJFLVQTCR-UHFFFAOYSA-N,COc1ccccc1N1CCN(CNC(=O)c2cccc(Cl)c2)CC1,5.838631997765026,1,0.0,1997,1997,1997,Ki,B,1
PEALWHNJZNZNMZ-LLVKDONJSA-N,CC(C)N[C@@H]1CCc2c(F)cccc2C1,5.838631997765026,1,0.0,1996,1996,1996,Ki,B,1
MPLFOTCUGHQPTL-UHFFFAOYSA-N,O=C(NCCCN1CCN(c2ccccc2)CC1)c1ccc2c(c1)Cc1ccccc1-2,5.835647144215563,1,0.0,2001,2001,2001,Ki,B,1
BOTMSPLRFWVABA-OAHLLOKOSA-N,CCCN1CCC[C@@H](c2cccc(CO)c2)C1,5.835349784065704,1,0.0,1994,1994,1994,Ki,B,1
MKNOKGDTUIIQRL-UHFFFAOYSA-N,Clc1ccc(N2CCCN(CCCc3cc4ccccc4o3)CC2)cc1,5.835052627378158,1,0.0,2014,2014,2014,Ki,B,1
ZEDZOJZPJMLGQC-UHFFFAOYSA-N,O=C1c2ccc(F)cc2CC1CCN1CCN(c2ccccn2)CC1,5.832741756956372,1,0.0,2021,2021,2021,Ki,B,1
GVCYHQGCEQPNRF-DFNIBXOVSA-N,CC(O)CN1[C@H](C)CN(CCSC(c2ccc(F)cc2)c2ccc(F)cc2)C[C@@H]1C,5.8326826652518236,1,0.0,2020,2020,2020,Ki,B,1
WZVSGKQRSIHTAZ-UHFFFAOYSA-N,CN1CCN(C(=O)CCCN2CCN(c3cccc(Cl)c3Cl)CC2)C(C(=O)NC2CCCCC2)C1,5.829999526735649,1,0.0,2021,2021,2021,IC50,B,1
HVYFBECSQURUQP-UHFFFAOYSA-N,c1ccc(OCC2CN(Cc3c[nH]c4ccccc34)CCO2)cc1,5.8297382846050425,1,0.0,2017,2017,2017,Ki,B,1
HPRWHXGAJGUOCP-UHFFFAOYSA-N,CC1=CC(C)=[N+]2C1=C(c1ccc(OCCCN3CCCCC3)cc1)c1c(C)cc(C)n1[B-]2(F)F,5.826231176863351,1,0.0,2013,2013,2013,Ki,B,1
YJBGSZUYOGPUMC-UHFFFAOYSA-N,Clc1ccc2nc(CN3CCN(c4ccc(Cl)c(Cl)c4)CC3)cn2n1,5.823908740944319,1,0.0,2006,2006,2006,Ki,B,1
AWKDBQYMZZKKJX-UHFFFAOYSA-N,c1cnc(N2CCN(Cc3c[nH]c4ncccc34)CC2)nc1,5.823908740944319,1,0.0,2009,2009,2009,Ki,B,1
VGIPYYQGXWSQEJ-UHFFFAOYSA-N,COc1ccccc1N1CCN(Cc2cnc3cc(C)nc(C)n23)CC1,5.823908740944319,1,0.0,2009,2009,2009,Ki,B,1
ZYXIICVCCTVXCC-QVXKZJQXSA-N,OC[C@@H]1[C@@H]2CN(Cc3ccccc3)[C@@H](c3ccccc3)[C@@H]2[C@H]1N1CCCCC1,5.823908740944319,1,0.0,2012,2012,2012,Ki,B,1
AIFZEYXRSJHTOL-UHFFFAOYSA-N,O=C(NCCCN1CCN(c2ccc(Br)cc2)CC1)NN(Cc1ccccc1)c1ccccc1,5.823908740944319,1,0.0,2019,2019,2019,Ki,B,1
JFMAZBIWGGSVJX-SFHVURJKSA-N,c1ccc(C2=N[C@@H](CN3CCN(c4ccccc4)CC3)CO2)cc1,5.821318484692428,2,0.4805956237614729,2001,2001,2001,Ki,B,1
ZLCMXGBHHVUFEP-UHFFFAOYSA-N,O=C1c2ccccc2CCN1CCCCN1CCN(c2ncccn2)CC1,5.820000358220838,1,0.0,2009,2009,2009,Ki,B,1
MLWMWKMYRSHCPJ-UHFFFAOYSA-N,CC1CC(=O)c2ccc(N3CCN(C)CC3)cc2N1S(=O)(=O)c1ccc2ccccc2c1,5.818156412055227,1,0.0,2011,2011,2011,IC50,B,1
LJFNUFCUPDECPC-UHFFFAOYSA-N,N#Cc1ccc2c(c1)CNCC2,5.818156412055227,1,0.0,2017,2017,2017,Ki,B,1
UXRVFSIWSWPXSI-CBAPKCEASA-N,C[C@H]1CO[C@H](c2ccc(N)nc2)CN1,5.818156412055227,1,0.0,2019,2019,2019,Ki,B,1
RGUPPVFDUJOBQL-UHFFFAOYSA-N,c1ccc(-c2nc(CN3CCN(c4ccccn4)CC3)c[nH]2)cc1,5.815308569182401,1,0.0,1997,1997,1997,Ki,B,1
PVENUDXTVWGTGJ-UHFFFAOYSA-N,O=C1CCc2ccc(OCCCCN3CCC(O)(c4ccc(Cl)cc4)CC3)cc2N1,5.813608784304507,1,0.0,2011,2011,2011,Ki,B,1
RQBRUGMHSQYCNU-UHFFFAOYSA-N,CN1CCc2c(c3cccc4c3n2Cc2ccccc2C4)C1,5.812534640637381,2,0.017725421630302086,2014,2014,2014,Ki,B,1
VNFPBHJOKIVQEB-UHFFFAOYSA-N,Clc1ccccc1C(c1ccccc1)(c1ccccc1)n1ccnc1,5.811743183482712,2,0.33162901420711327,,,,IC50;Ki,B,1
DPSMXTVVZQPEQV-GOSISDBHSA-N,CCCN(CCC)[C@@H]1CCn2c(ccc2C(=O)c2ccccc2)C1,5.809999051930337,1,0.0,2005,2005,2005,Ki,B,1
KRBNQAMCSOMKIU-UHFFFAOYSA-N,CCCC1CCN(CCCN2C(=O)CCc3ccccc32)CC1,5.809999051930337,1,0.0,2018,2018,2018,Ki,A,1
BUGPNBWJWYNHNL-UHFFFAOYSA-N,COc1cccc(N2CCN(CCCN3C(=O)CCc4ccccc43)CC2)c1,5.809999051930337,1,0.0,2022,2022,2022,Ki,B,1
GTJVZGFQTWRYQO-VWLOTQADSA-N,CCc1cc(Cl)c(OC)c(C(=O)NC[C@@H]2CCCN2CCC(C#N)(c2ccccc2)c2ccccc2)c1O,5.809668301829708,1,0.0,2021,2021,2021,Ki,B,1
FOECKIWHCOYYFL-UHFFFAOYSA-N,O=C(O)c1cc(-c2ccc(C3CCNCC3)cc2)c2ccc(-c3ccc(C(F)(F)F)cc3)cc2c1,5.809318346490545,6,0.452795861722287,2020,2023,2021,IC50;Ki,B,3
NSQFNGCVKOBFOP-UHFFFAOYSA-N,CN(C)CCn1cc(S(=O)(=O)c2cccc3ccccc23)c2cccnc21,5.807432546663454,1,0.0,2009,2009,2009,IC50,B,1
BTBOPEIOYRBCDM-UHFFFAOYSA-N,Oc1ccc2c(c1)C1OCCN(CCc3ccccc3)C1CC2,5.805208242278075,1,0.0,2002,2002,2002,Ki,B,1
YLLMKDPCGLJFQN-ZDUSSCGKSA-N,CCCN[C@H]1CCc2cccc(CS(=O)(=O)C(F)(F)F)c2C1,5.804100347590767,1,0.0,1995,1995,1995,Ki,B,1
QCYUUTMUPYPDBW-UHFFFAOYSA-N,CCCN(CCC)C1CCc2cc(CCc3ccc(S(C)(=O)=O)cc3)ccc2C1,5.800000874803203,1,0.0,1996,1996,1996,Ki,B,1
JYESXVUAVVIFNX-UHFFFAOYSA-N,CCc1cc(Cl)c(O)c(C(=O)NCCN2CCN(c3ccccc3)CC2)c1OC,5.800000874803203,1,0.0,1997,1997,1997,Ki,B,1
UNRCJLILBVLZDQ-OQKWZONESA-N,O=C(/C=C/c1ccccc1)N(Cc1ccc(-c2ccc(CNCCc3ccccc3)cc2)cc1)Cc1cccnc1,5.800000874803203,1,0.0,2005,2005,2005,Ki,B,1
IQUDVNRUWJNIMA-UHFFFAOYSA-N,COc1ccccc1N1CCN(CCCN2CCc3ccccc3C2=O)CC1,5.800000874803203,1,0.0,2009,2009,2009,Ki,B,1
VMVIBHPQZUBRKV-UHFFFAOYSA-N,Cn1c(CN2CCC(c3cccc(Cl)c3)CC2)nc2ccccc21,5.800000874803203,1,0.0,2010,2010,2010,Ki,F,1
OTTSZTXIWXPOIL-UHFFFAOYSA-N,Cn1c(CN2CCC(c3ncc(C(F)(F)F)cc3Cl)CC2)nc2ccccc21,5.800000874803203,1,0.0,2010,2010,2010,Ki,F,1
OYCMBKKJJALTGH-UHFFFAOYSA-N,OC1(c2ccc(I)cc2)CCN(Cc2c[nH]c3ncccc23)CC1,5.79997073344623,1,0.0,2010,2010,2010,Ki,B,1
CCLFPDYNKMPZJO-SHQCIBLASA-N,CCCN1CCO[C@@H]2c3cc(OCCCCOc4ccc5c(c4)NC(=O)CC5)ccc3OC[C@H]21,5.798602875679549,1,0.0,2019,2019,2019,Ki,B,1
LVNLYIFCFLRMMH-UHFFFAOYSA-N,Clc1ccc(CN2CC=C(c3nc4ccccc4[nH]3)CC2)cc1,5.795880017344075,1,0.0,1997,1997,1997,Ki,B,1
LFYYNWGHAXPDIP-UHFFFAOYSA-N,Clc1ccc2oc(C3=CCN(Cc4ccccc4)CC3)nc2c1,5.795880017344075,1,0.0,1997,1997,1997,Ki,B,1
FGVSZVRUGNMGKP-UHFFFAOYSA-N,CCCN(CCC)C1CCC(=C(C#N)C#N)CC1,5.795880017344075,1,0.0,2000,2000,2000,Ki,B,1
SIQBEWSXHPNKMH-UHFFFAOYSA-N,c1ccc(N2CCN(Cc3cnn4ccccc34)CC2)cc1,5.795880017344075,1,0.0,1999,1999,1999,Ki,B,1
UFIMBHYPDHTMKA-UHFFFAOYSA-N,NCCCCCCn1cc(CCCCN2CCC(c3ccc(-c4cc(C(=O)O)cc5cc(-c6ccc(C(F)(F)F)cc6)ccc45)cc3)CC2)nn1,5.795880017344075,1,0.0,2018,2018,2018,Ki,B,1
KSBROIBBHDEIFA-UHFFFAOYSA-N,Cc1cccc2cc(CNCc3ccccc3)c(Cl)nc12,5.795880017344075,1,0.0,2020,2020,2020,Ki,B,1
YFXKXPJODMVGSV-UHFFFAOYSA-N,CCc1ccc(OCCN2CCN(C(=O)c3cc4ccccc4[nH]3)CC2)cc1,5.795880017344075,2,0.0,2020,2023,2021,EC50,B,2
WRNFFYWAFMNDNY-XIAQDFCPSA-N,CCOC(=O)/C=C1\[C@@H]2CCC[C@@]1(c1cccc(O)c1)CCN2CCN1CCN(c2cccc(Cl)c2Cl)CC1,5.795880017344075,1,0.0,2021,2021,2021,Ki,B,1
QIMZPHYIPMOZHG-UHFFFAOYSA-N,COc1ccc2c(c1)OCCN(C)CCc1ccccc1C2,5.7956086680807,1,0.0,2004,2004,2004,Ki,B,1
PCWHJLSDHHNXCV-UHFFFAOYSA-N,Cc1cccc(NC(=O)CCN2CCN(c3ccccn3)CC2)c1,5.7956086680807,3,0.3434684035404295,2019,2019,2019,EC50;Ki,B,1
DSEJCLDJIFTPPH-FMIVXFBMSA-N,CC(=O)N1CCc2ccc(N(C(=O)/C=C/c3cccc(C#N)c3)C3CCN(CCC4CCCC4)CC3)cc21,5.79259994019456,1,0.0,2024,2024,2024,Ki,B,1
NKXNHLUEJJOLJS-UHFFFAOYSA-N,CC1(C)CC(=O)N(CCCCN2CCc3ccccc3C2)C(=O)C1,5.791917486258605,2,0.011431637709702281,2016,2016,2016,Ki,B,1
BPZSYCZIITTYBL-UHFFFAOYSA-N,COc1ccc(CC(C)NCC(O)c2ccc(O)c(NC=O)c2)cc1,5.788879458741951,1,0.0,2014,2014,2014,Ki,B,1
LRAXIKDADSVQMU-UHFFFAOYSA-N,CN(C)C(=O)C(CCN1CCc2ccc(C#N)cc2C1)(c1ccccc1)c1ccccc1,5.787812395596042,1,0.0,2021,2021,2021,Ki,B,1
ZFJFYIOSTLFWJR-UHFFFAOYSA-N,c1ccc(N2CCN(Cc3cccs3)CC2)cc1,5.783042792638903,1,0.0,2013,2013,2013,Ki,B,1
QQWLSTBNUSPPGV-UHFFFAOYSA-N,CN(C)CC1CC2c3ccccc3Cc3ccncc3N2O1,5.779999190713337,1,0.0,2002,2002,2002,IC50,B,1
AETUYXZHZRTKMP-UHFFFAOYSA-N,O=S(=O)(c1ccccc1)N1CCc2cc(C3CCN(C4CCC4)CC3)ccc21,5.776763726897002,1,0.0,2016,2016,2016,Ki,B,1
KOTITFQGTVUMBT-UHFFFAOYSA-N,O=C1c2ccccc2CCCN1CCN1CCC(n2c(O)nc3cc(F)ccc32)CC1,5.770000934050708,1,0.0,2003,2003,2003,Ki,B,1
SNRBZEIEOPCDGZ-UHFFFAOYSA-N,Cc1ccc(N2CCN(CCCN3C(=O)CCc4ccccc43)CC2)cc1,5.770000934050708,1,0.0,2022,2022,2022,Ki,B,1
VOLSMORQSJTKPA-UHFFFAOYSA-N,Cc1ccc(OCCNCCCOc2ccc(Br)cc2)cc1,5.769776006336217,2,0.0003180958243870806,1997,2005,2001,Ki,B,2
RALJYNLSBJABSL-UHFFFAOYSA-N,N#Cc1ccc2[nH]c(CN3CCN(c4ccccc4Cl)CC3)cc2c1,5.769551078621726,1,0.0,2000,2000,2000,Ki,B,1
TWVIJESEEXGVPP-UHFFFAOYSA-N,N#Cc1ccc2[nH]c(CN3CCN(c4ccccc4)CC3)cc2c1,5.769551078621726,3,1.0877919644084146e-15,2000,2021,2006,Ki,B,3
NPLOIWFMUHLKNW-GOSISDBHSA-N,COc1ccc(Br)cc1-c1nc(CN[C@@H]2CCN(Cc3ccccc3)C2)co1,5.769551078621726,1,0.0,2000,2000,2000,Ki,B,1
CVPLGARGNFQLNC-UHFFFAOYSA-N,Clc1ccc(N2CCN(Cc3cn4ccccc4n3)CC2)cc1Cl,5.769551078621726,1,0.0,2006,2006,2006,Ki,B,1
FLNGBOIVGQBOBU-UHFFFAOYSA-N,COc1ccccc1N1CCN(Cc2cn(CCOCCF)nn2)CC1,5.769551078621726,1,0.0,2013,2013,2013,Ki,B,1
CPIWUAZRERXKBW-UHFFFAOYSA-N,O=C(CCC(=O)N1CCC(O)(c2ccc(Cl)cc2)CC1)c1ccc(F)cc1,5.769551078621726,1,0.0,2014,2014,2014,Ki,B,1
PNROEQYQIZJINW-VWLOTQADSA-N,COc1cc(CCNC[C@H](O)c2ccc(O)c3[nH]c(=O)ccc23)ccc1OCCCc1ccccc1,5.769551078621726,1,0.0,2016,2016,2016,Ki,B,1
DFNHNBPKUMLYOZ-UHFFFAOYSA-N,O=c1ccc2c(N3CCNCC3)ccc(O)c2[nH]1,5.769551078621726,1,0.0,2017,2017,2017,Ki,B,1
LIKDQKPQARRCAR-UHFFFAOYSA-N,CC(C)(C)OC(=O)NCC#Cc1ccc2c(c1)C=C([N+](=O)[O-])C(C(F)(F)F)O2,5.769551078621726,1,0.0,2021,2021,2021,Ki,B,1
DIHXHTWYVOYYDC-INIZCTEOSA-N,COc1cc2c(cc1OC)[C@@H]1Cc3ccc(O)c(OC)c3CN1CC2,5.766242637034489,1,0.0,2017,2017,2017,Ki,B,1
XIDCICLXZSWQGO-WUFINQPMSA-N,CCCN(CCC(C(=O)N(C)C)(c1ccccc1)c1ccccc1)[C@@H]1C[C@H]1c1ccc(Cl)cc1,5.760200181552902,3,0.188265839458455,2023,2023,2023,EC50;IC50;Ki,B;F,1
HCZAXFOGTCSPTF-CQSZACIVSA-N,CCCN(CCC)[C@@H]1CCn2ccc(C)c2C1,5.75889031819239,2,0.1147063146392188,2001,2005,2003,Ki,B,2
UVKZSORBKUEBAZ-UHFFFAOYSA-N,CN1CCN(C(c2ccccc2)c2ccccc2)CC1,5.758572351429837,2,0.3316810796648081,,,,IC50;Ki,B,1
WTTCSLJBJDWDOC-CYBMUJFWSA-N,CN1CCC[C@@H](c2cccc(C#N)c2)C1,5.754734160542538,1,0.0,1994,1994,1994,Ki,B,1
HVAUUPRFYPCOCA-AREMUKBSSA-N,CCCCCCCCCCCCCCCCOC[C@H](COP(=O)([O-])OCC[N+](C)(C)C)OC(C)=O,5.753533426212775,1,0.0,2024,2024,2024,Ki,B,1
QGKCXGBLQBZVNB-UJCHZGTJSA-N,CCN(CC)[C@H]1[C@H](CO)[C@@H]2CN(Cc3ccccc3)[C@@H](C)[C@@H]21,5.752026733638193,1,0.0,2012,2012,2012,Ki,B,1
RSLKAABRYSOXNC-UHFFFAOYSA-N,O=c1c2ccccc2ncn1CCCCN1CCN(c2ccc(Cl)cc2)CC1,5.7495799976911055,1,0.0,2007,2007,2007,Ki,B,1
CHPZSVIXPWGKFQ-UHFFFAOYSA-N,COc1ccc(N2CCN(Cc3ccc4c(c3)OCC(=O)N4)CC2)cc1,5.747146969020107,1,0.0,1999,1999,1999,Ki,B,1
ZDICBICTFYTIFR-UHFFFAOYSA-N,Clc1ccc2sc(C3=CCN(Cc4ccccc4)CC3)nc2c1,5.7447274948966935,1,0.0,1997,1997,1997,Ki,B,1
DVRQBYGOXHPKHC-UHFFFAOYSA-N,CCCN(CCC)C1CCC(=C(C#Cc2ccccc2)C#Cc2ccccc2)CC1,5.7447274948966935,1,0.0,2000,2000,2000,Ki,B,1
IKBANCXZZJPIEB-UHFFFAOYSA-N,N#Cc1c[nH]c(CN2CCN(c3ccccc3)CC2)c1,5.7447274948966935,1,0.0,2002,2002,2002,Ki,B,1
HZAQPOKTYPPOTH-UHFFFAOYSA-N,Clc1ccc(-c2cc(C3CCCCN3Cc3ccccc3)[nH]n2)cc1,5.7447274948966935,1,0.0,1997,1997,1997,Ki,B,1
JNZRXFXWSIACHM-UHFFFAOYSA-N,Brc1ccc(CNCCN2CCN(Cc3cc4ccccc4[nH]3)CC2)cc1,5.7447274948966935,1,0.0,2015,2015,2015,Ki,B,1
JAKWNDCWFUEYHH-UHFFFAOYSA-N,O=C(NCCN1CCN(c2ccc(Br)cc2)CC1)NN(Cc1ccccc1)c1ccccc1,5.7447274948966935,1,0.0,2019,2019,2019,Ki,B,1
WZQJLWDEOYLHHR-UHFFFAOYSA-N,O=C(NCCN1CCN(c2ccc(I)cc2)CC1)NN(Cc1ccccc1)c1ccccc1,5.7447274948966935,1,0.0,2019,2019,2019,Ki,B,1
AFNXATANNDIXLG-UHFFFAOYSA-N,Clc1ccc(CSC(Cn2ccnc2)c2ccc(Cl)cc2Cl)cc1,5.74261883826866,2,0.33169042794533105,,,,IC50;Ki,B,1
RIOOLQVLOZQLQJ-CYBMUJFWSA-N,CCCN(CCC)[C@@H]1CCn2c(C=O)ccc2C1,5.742363849907403,2,0.0033426988004895716,2001,2005,2003,Ki,B,2
JTFGONAIGJAYQD-UHFFFAOYSA-N,c1cnc(N2CCN(CCCCCNC3=Nc4ccccc4OC3)CC2)nc1,5.742081549685942,1,0.0,1997,1997,1997,Ki,B,1
GNLGMKYJFCVWMG-UHFFFAOYSA-N,CCN(CCc1ccc(O)c(OC)c1)Cc1cccc(O)c1OC,5.742081549685942,1,0.0,2016,2016,2016,Ki,B,1
MNZXCYDDVWTITD-UHFFFAOYSA-N,c1ccc(Cc2ccccc2OCCN2CCCC2)cc1,5.740406121114051,1,0.0,2004,2004,2004,Ki,B,1
YCGXHEJETHPGPD-UHFFFAOYSA-N,O=C1CCc2ccccc2N1CCCN1CCC(Cc2ccccc2)CC1,5.740000204918113,1,0.0,2018,2018,2018,Ki,A,1
IHOAJHDGKCNHMA-MMQQLJCSSA-N,C[C@H]1CO[C@@H](c2ccc(N)nc2)CN1CC(=O)N1CCC(CNC(=O)c2cc3ccccc3[nH]2)C1,5.739051935511947,2,0.17121739079302584,2021,2021,2021,Ki,B,1
REBWRBLHMGDWNT-UHFFFAOYSA-N,COc1cccc2c1Cc1ccccc1CCN(C)CC2,5.736837535037783,1,0.0,2006,2006,2006,Ki,B,1
NPLOIWFMUHLKNW-UHFFFAOYSA-N,COc1ccc(Br)cc1-c1nc(CNC2CCN(Cc3ccccc3)C2)co1,5.732828271596986,1,0.0,2000,2000,2000,Ki,B,1
JHLIBYXPSIHAKP-SFHVURJKSA-N,CCCOc1cc2c(cc1O)[C@@H]1Cc3ccc(O)c(OCC)c3CN1CC2,5.732359017654085,1,0.0,2023,2023,2023,Ki,B,1
UOVZXNPDZHFAHL-UHFFFAOYSA-N,OC1(c2ccccc2Cl)CCN(Cc2c[nH]c3ccccc23)CC1,5.730487055782084,1,0.0,2007,2007,2007,Ki,B,1
BYBLEWFAAKGYCD-UHFFFAOYSA-N,Clc1ccc(COC(Cn2ccnc2)c2ccc(Cl)cc2Cl)c(Cl)c1,5.729577967331533,2,0.3317634813542395,,,,IC50;Ki,B,1
ABPMRHGOCCQDFC-UHFFFAOYSA-N,Fc1ccccc1N1CCN(Cc2cccs2)CC1,5.721475035262983,1,0.0,2013,2013,2013,Ki,B,1
CRYGIUKJRPGSDW-UHFFFAOYSA-N,Cc1c(-c2ccccc2)nc(O)n1C1CCN(CCCc2ccccc2)CC1,5.721246399047171,1,0.0,1999,1999,1999,Ki,B,1
RVBVZFLMCDGFOZ-SFHVURJKSA-N,COc1ccc(Br)cc1C1=NCC[C@@H](CN2CCN(c3ccccc3)CC2)N1,5.721246399047171,1,0.0,2003,2003,2003,Ki,B,1
UFOYCFLCNQFALX-UHFFFAOYSA-N,CCN1C(=O)c2ccccc2[S+]([O-])c2ccc(C(=O)NCc3ccc(OC)cc3)cc21,5.721246399047171,1,0.0,2014,2014,2014,Ki,B,1
YFIRTELZAMWIHL-UHFFFAOYSA-N,O=C(NCCCN1CCN(c2ncccn2)CC1)NN(Cc1ccc(F)cc1)c1ccccc1,5.721246399047171,1,0.0,2019,2019,2019,Ki,B,1
VLZQBDLYBZSBFI-UHFFFAOYSA-N,COc1ccc(OCCN2CCN(C(=O)c3[nH]c4ccccc4c3C)CC2)cc1,5.721246399047171,1,0.0,2020,2020,2020,EC50,B,1
HNAJEKAVHQELJQ-UHFFFAOYSA-N,COc1ccc(N(C)CCN2CCN(C(=O)c3cc4ccccc4[nH]3)CC2)cc1,5.721246399047171,2,0.0,2020,2023,2021,EC50,B,2
BDMFEHDPFNGHCK-UHFFFAOYSA-N,Cn1nccc1CNCCNc1cccc(Br)c1,5.721246399047171,1,0.0,2017,2017,2017,Ki,B,1
VRWKFSXVIDXVMV-UHFFFAOYSA-N,Clc1ccc(N2CCN(Cc3cnn(-c4ccccc4)c3)CC2)cc1,5.720623281343046,2,0.0008812215081285775,2006,2007,2006,Ki,B,2
DPSMXTVVZQPEQV-SFHVURJKSA-N,CCCN(CCC)[C@H]1CCn2c(ccc2C(=O)c2ccccc2)C1,5.720000163638921,1,0.0,2005,2005,2005,Ki,B,1
XOIVOGIAUHZCBK-UHFFFAOYSA-N,Cn1c(CCCN2CCN(c3cccc(Cl)c3Cl)CC2)nc(-c2ccccc2)c1C(=O)NC(C)(C)C,5.720000163638921,1,0.0,2021,2021,2021,IC50,B,1
QETCNYZNLBVXLI-UHFFFAOYSA-N,Oc1nc2ccccc2n1C1CCN(Cc2cc3c(cc2Cl)OCO3)CC1,5.718966632752272,1,0.0,2001,2001,2001,IC50,B,1
GYEMKOUGMLMNRE-SECBINFHSA-N,CN(C)[C@@H]1Cc2cccc3nc(O)n(c23)C1,5.7146677723561154,1,0.0,1997,1997,1997,Ki,B,1
YNPHJHPQIGUKLL-UHFFFAOYSA-N,CNC(=O)CN1CN(c2ccccc2)C2(CCN(Cc3cc4c(cc3Cl)OCO4)CC2)C1=O,5.714442690992226,1,0.0,2001,2001,2001,IC50,B,1
ASXGJMSKWNBENU-UHFFFAOYSA-N,CCCN(CCC)C1CCc2cccc(O)c2C1,5.711173690067156,2,1.2381815153609919,1997,1997,1997,Ki,B,2
WGPYFRNJRFRJBN-UHFFFAOYSA-N,O=C1CCc2ccccc2N1CCCN1CCN(c2ccc(Br)cc2)CC1,5.710001024518515,1,0.0,2025,2025,2025,Ki,B,1
FISUUARMPJZKMS-UHFFFAOYSA-N,CCCCCCOc1ccc(C2(O)CCN(Cc3c[nH]c4ccccc34)CC2)cc1,5.709965388637482,1,0.0,2007,2007,2007,Ki,B,1
TZDYPFYPZGPSPS-RTBURBONSA-N,C=CCN1C[C@H](OCCCN)C[C@@H]1CNC(=O)c1cc(CCCF)cc(OC)c1OC,5.709297756712146,1,0.0,2023,2023,2023,Ki,B,1
HJKLOGARPBXZTP-UHFFFAOYSA-N,O=C(CCCN1C2C3C4CC5C6C4C2C6C1(O)C53)c1ccc(F)cc1,5.708187312532881,1,0.0,2011,2011,2011,Ki,B,1
SYZSSLLFRVDRHL-QPJJXVBHSA-N,COc1ccc(/C=C/CCCCOc2ccc(C(=O)c3cccc(C(=O)O)c3)cc2CCC(=O)O)cc1,5.708100817138652,1,0.0,2024,2024,2024,Ki,B,1
GRNSMKAYAMENDT-UHFFFAOYSA-N,Cc1ccc2c(OCCN3CCC(Cc4cc5c(cc4F)OCC(=O)N5)CC3)cc(Cl)cc2n1,5.700000503883016,1,0.0,2007,2007,2007,Ki,B,1
GNYULWALHKFYNF-BEFAXECRSA-N,CN[C@@H]1c2cc3ccn(S(=O)(=O)c4ccccc4)c3cc2[C@H]1CCO,5.700000503883016,1,0.0,2017,2017,2017,Ki,B,1
ZUWVCRLPWWEGRD-LBVTXTQZSA-N,CCOC(=O)/C=C1\[C@@H]2CCC[C@@]1(c1cccc(O)c1)CCN2CCc1ccccc1,5.700000503883016,3,0.06310466166721089,2021,2021,2021,IC50;Ki,B;F,1
PSSMSADYPZZWDS-UHFFFAOYSA-N,CN1CCN(CCCOc2ccc(-c3nc4ccccc4[nH]3)cc2)CC1,5.698970004336019,2,0.0,1995,2013,2004,Ki,B,2
FDQXLORJWMWFGU-UHFFFAOYSA-N,O=C(Nc1nccc2ccccc12)NC1CCN(Cc2ccccc2)CC1,5.698970004336019,1,0.0,1999,1999,1999,Ki,B,1
VLCYCTQMMKCUDI-UHFFFAOYSA-N,C[Si](C)(C)c1cccc2c(CN3CCN(c4ccc(Cl)cc4)CC3)cnn12,5.698970004336019,1,0.0,2002,2002,2002,Ki,B,1
BYXRGRXAPMVBBG-UHFFFAOYSA-N,O=C(NCCCN1CCN(c2ncccn2)CC1)NN(Cc1ccccc1)c1ccccc1,5.698970004336019,1,0.0,2019,2019,2019,Ki,B,1
YPTOQNVZDNOBJQ-UHFFFAOYSA-N,Cc1nc(N2CCN(CCCCNC(=O)c3cn4ccccc4n3)CC2)cc(C(F)(F)F)n1,5.695940533782401,1,0.0,2014,2014,2014,Ki,B,1
VHKZGNPOHPFPER-ONNFQVAWSA-N,CC(C)(C)c1ccc(S(=O)(=O)/C=C/C#N)cc1,5.695443017299734,2,0.3316601146137786,,,,IC50;Ki,B,1
POZFPYZCVYTCQZ-UHFFFAOYSA-N,O=C(NCCN1CCN(C2CCCc3ccccc32)CC1)c1ccc(F)cc1,5.693729920126243,2,0.15608735540524557,1997,1997,1997,Ki,B,1
IJVMOGKBEVRBPP-ZETCQYMHSA-N,N[C@H](C(=O)O)c1ccc(C(=O)O)c(C(=O)O)c1,5.690599814064994,1,0.0,2024,2024,2024,Ki,B,1
VAVQKONBNVLSBI-UHFFFAOYSA-N,Fc1ccc(CCCCN2CCN(c3ccc(-c4ccccc4)cn3)CC2)cc1,5.690031031951354,2,0.014098962415455052,2021,2021,2021,Ki,B,1
YXAYUWVURAQPQH-UHFFFAOYSA-N,c1ccc(-c2nc(CN3CCN(c4ccccc4)CC3)cs2)cc1,5.688246138944246,1,0.0,2000,2000,2000,Ki,B,1
LXEDLNSPOBVDQV-UHFFFAOYSA-N,CN1CCc2cc(O)ccc2Cc2[nH]c3ccccc3c2CC1,5.684029654543082,1,0.0,2007,2007,2007,Ki,B,1
ZBZKFPABDUHJCS-ZJFPTPTDSA-N,CCC(C)Oc1c(O)cc(Br)c2c1CN1CCc3cc(OC)c(O)cc3[C@@H]1C2,5.684029654543082,1,0.0,2017,2017,2017,Ki,B,1
MYMOYRKEPVSSAG-UHFFFAOYSA-N,CN(C)C(=O)C(CCNCCc1ccccc1)(c1ccccc1)c1ccccc1,5.681936665037238,1,0.0,2021,2021,2021,Ki,B,1
PJDIIZOQXMDDPU-MLDYKZIASA-N,CCCN(CCC)[C@@H]1CCn2c(/C=N/O)ccc2C1,5.679999195735272,1,0.0,2005,2005,2005,Ki,B,1
SURYSMJVQLKAOF-UHFFFAOYSA-N,O=C1CCc2cc(OCCCN3CCCN(c4ccccn4)CC3)ccc2N1,5.679096855938866,2,0.0012761011779458306,2021,2021,2021,Ki,B,1
YBRBKCXISVCUJG-MRXNPFEDSA-N,COc1ccc(Br)cc1C(=O)NC[C@H]1CCN(Cc2ccccc2)C1,5.6777807052660805,1,0.0,1999,1999,1999,Ki,B,1
QAPWGFAFNBTWSU-UHFFFAOYSA-N,c1ccc(Cc2cc(C3CCN(Cc4ccccc4)CC3)[nH]n2)cc1,5.6777807052660805,1,0.0,1997,1997,1997,Ki,B,1
DVICNJMXCZEIQX-UHFFFAOYSA-N,Cn1ccc(-c2ccc3c(c2)c(C2CCN(CCN4CCNC4=O)CC2)cn3-c2ccc(F)cc2)n1,5.6777807052660805,1,0.0,2003,2003,2003,Ki,B,1
PKQSDHHTBMYENT-UHFFFAOYSA-N,c1ccc(N2CCN(Cc3ccc(-n4cccn4)cc3)CC2)cc1,5.6777807052660805,1,0.0,2006,2006,2006,Ki,B,1
UKYZTZPUJPHXDZ-UHFFFAOYSA-N,COc1ccccc1N1CCN(Cc2cn3cc(C)cc(N4CCOCC4)c3n2)CC1,5.6777807052660805,1,0.0,2006,2006,2006,Ki,B,1
UAWALOZYZRTVNF-UHFFFAOYSA-N,OC1(c2ccc(Cl)cc2)CCCN(Cc2c[nH]c3ccccc23)CC1,5.6777807052660805,1,0.0,2007,2007,2007,Ki,B,1
OGCQCNNQNCBHFD-UHFFFAOYSA-N,COc1ccc(OCCN2CCN(C(=O)c3ccc(OC)cn3)CC2)cc1,5.6777807052660805,2,0.0,2020,2023,2021,EC50,B,2
VAEXXTRBLCNPTN-UHFFFAOYSA-N,CN1CCN(c2cccc(NS(=O)(=O)c3ccc4ccccc4c3)c2)CC1,5.677367288307776,1,0.0,2010,2010,2010,IC50,B,1
KNULBJKHCVLGJQ-UHFFFAOYSA-N,CCCN1CCc2cccc3c2C1Cc1cc2sc(N)nc2cc1-3,5.675717544702307,1,0.0,2020,2020,2020,Ki,B,1
USSIQXCVUWKGNF-UHFFFAOYSA-N,CCC(=O)C(CC(C)N(C)C)(c1ccccc1)c1ccccc1,5.675717544702307,1,0.0,2021,2021,2021,Ki,B,1
AQUFNTHIVYHWCM-UHFFFAOYSA-N,Cc1c(Cl)cccc1NC(=O)CN1CCC(OCc2cccc(C(F)(F)F)c2)CC1,5.673807561872227,1,0.0,2022,2022,2022,Ki,B,1
QATNQFJQXRFOHL-UHFFFAOYSA-N,O=C1NCN(c2ccccc2)C12CCN(Cc1cc3c(cc1Cl)OCO3)CC2,5.673664139071249,1,0.0,2001,2001,2001,IC50,B,1
MONYXZRGXBZUEX-UHFFFAOYSA-N,COc1ccc(C2(O)CCN(Cc3c[nH]c4ccccc34)CC2)cc1,5.671620396561263,1,0.0,2007,2007,2007,Ki,B,1
LYLNGHHEGYQUJV-RCZVLFRGSA-N,CCCN1CCO[C@@H]2c3cc(OCCCCNC(=O)c4ccc5scnc5c4)ccc3OC[C@H]21,5.671620396561263,1,0.0,2019,2019,2019,Ki,B,1
VGIIDBWOPSJFIE-QFIPXVFZSA-N,CCCCCCOc1c(O)ccc2c1CN1CCc3cc(OCCC)c(O)cc3[C@@H]1C2,5.671416550285798,1,0.0,2023,2023,2023,Ki,B,1
SHPCAECDGCBRNC-JTKSJCOOSA-N,CCN(CC)[C@H]1[C@H](CO)[C@@H]2CN(Cc3ccccc3)[C@@H](c3ccc(Br)cc3)[C@@H]21,5.669586226650809,1,0.0,2012,2012,2012,Ki,B,1
AXVLPJHYYFHCHK-UHFFFAOYSA-N,Cc1csc(NC(=O)c2cc(F)cc(Oc3cncnc3)c2)n1,5.668649648245252,1,0.0,2024,2024,2024,Ki,B,1
BBRKEERFZOYHTK-MRXNPFEDSA-N,CCCN1CCC[C@@H](c2cccc(C(C)=O)c2)C1,5.667561540084394,1,0.0,1994,1994,1994,Ki,B,1
FGNDDXTVXSKQJK-UHFFFAOYSA-N,O=C(NCCN1CCN(C2CCCc3ccccc32)CC1)c1ccc(Cl)cc1,5.66664743194005,2,0.01282707648063683,1997,1997,1997,Ki,B,1
PHLBKPHSAVXXEF-UHFFFAOYSA-N,O=c1n(CCCN2CCN(c3cccc(Cl)c3)CC2)nc2ccccn12,5.661317311165785,2,0.3316856018360419,,,,IC50;Ki,B,1
KJBBTZPIHNWETK-UHFFFAOYSA-N,c1ccc2c(c1)CCN(CCCc1nc3ccccc3[nH]1)C2,5.661170715672815,2,0.0016551860796449429,2016,2016,2016,Ki,B,1
PDUUSJJPAUMGTJ-IAGOWNOFSA-N,CCCN1CCO[C@@H]2c3cc4c(cc3CC[C@H]21)CN(C)C4=O,5.660000322371772,1,0.0,2009,2009,2009,Ki,B,1
QDRMTYQLXZSORG-UHFFFAOYSA-N,Cc1nc(C(=O)NCCN2CCN(c3cccc(Cl)c3Cl)CC2)c(C)n1-c1ccccc1,5.659754238432068,1,0.0,2011,2011,2011,IC50,B,1
XWXQDIUFNJEKBY-UHFFFAOYSA-N,Cc1nnn(C2CCN(Cc3ccccc3)CC2)c1-c1ccccc1,5.657577319177793,1,0.0,1999,1999,1999,Ki,B,1
XZPQRIJZBKZROM-OAHLLOKOSA-N,COc1cc(N)c(Cl)cc1C(=O)NC[C@H]1CCN(Cc2ccccc2)C1,5.657577319177793,1,0.0,1999,1999,1999,Ki,B,1
ZAKQYSXDZKMEJJ-UHFFFAOYSA-N,COc1ccccc1N1CCN(CC2CN3C(=O)Nc4ccccc4C3=N2)CC1,5.657577319177793,1,0.0,1998,1998,1998,Ki,B,1
ALLYNSCMTRSFNH-UHFFFAOYSA-N,Oc1ccccc1N1CCN(Cc2cnn3ccccc23)CC1,5.657577319177793,1,0.0,2008,2008,2008,Ki,B,1
LFQLOBUDZGJGBE-UHFFFAOYSA-N,O=C(CCCc1cn(-c2ccc([N+](=O)[O-])cc2)nn1)NCCCCN1CCN(c2cccc(Cl)c2Cl)CC1,5.657577319177793,1,0.0,2009,2009,2009,Ki,B,1
AFWAVLNIGSUCHI-HNNXBMFYSA-N,COc1ccccc1OCCNC[C@H](O)c1ccc(O)c(O)c1,5.657577319177793,1,0.0,2016,2016,2016,Ki,B,1
XEJNEGOOYXFKMN-UHFFFAOYSA-N,Cc1ccc2c3c(c(=O)oc2c1)CN(Cc1ccc(F)cc1)CC3,5.655607726314889,2,0.0,1997,2021,2009,Ki,B,2
ZNWNWWLWFCCREO-UHFFFAOYSA-N,COc1ccc2c(c1)CC(N)CC2,5.653647025549361,1,0.0,1996,1996,1996,Ki,B,1
MXTNBQDJIBGONA-UHFFFAOYSA-N,N#CC(CCN1CCN(c2cccc(Cl)c2Cl)CC1)(c1ccccc1)c1ccccc1,5.649751981665837,1,0.0,2021,2021,2021,Ki,B,1
BNTGVINQADRYBE-UHFFFAOYSA-N,CN1CCN(C(=O)C(C)(C)c2ccc(C(=O)Nc3cn4cc(-c5cc(C(C)(C)C)cc(C(C)(C)C)c5)ccc4n3)cc2)CC1,5.648010544564368,3,0.0415715899128842,2021,2023,2021,Ki,B,2
VNZLQLYBRIOLFZ-UHFFFAOYSA-N,COc1ccccc1N1CCNCC1,5.645507399410564,1,0.0,2012,2012,2012,Ki,B,1
LMFZASCXAANSLM-UHFFFAOYSA-N,N#Cc1ccccc1N1CCN(CNC(=O)c2cccc(Cl)c2)CC1,5.6439741428068775,1,0.0,1997,1997,1997,Ki,B,1
LKDKZDZBTSCLCY-KRWDZBQOSA-N,COc1ccc(Br)cc1C1=N[C@@H](CN2CCN(c3ccccc3)CC2)CO1,5.6419983281826,2,0.5062908196364085,2001,2001,2001,Ki,B,1
BPHVHUHFXREQBY-UHFFFAOYSA-N,Clc1ccc(N2CCN(CCCc3cc4ccccc4o3)CC2)cc1,5.6401645176601125,1,0.0,2014,2014,2014,Ki,B,1
KBQKZEHFDZLCGM-UHFFFAOYSA-N,O=C1CCc2ccccc2N1CCCN1CCN(c2ncccn2)CC1,5.639999555020352,1,0.0,2022,2022,2022,Ki,B,1
ITSYGVLMBDGWEV-UHFFFAOYSA-N,CN(CC(=O)NC(C)(C)C)C(=O)CCCN1CCN(c2cccc(Cl)c2Cl)CC1,5.639999555020352,1,0.0,2021,2021,2021,IC50,B,1
CGQWWCSDVNCWKW-UHFFFAOYSA-N,O=C(Cn1c(CCCN2CCN(c3cccc(Cl)c3Cl)CC2)nc2cc(Br)c(Br)cc21)NC1CCCCC1,5.639999555020352,1,0.0,2021,2021,2021,IC50,B,1
LDOTVWGSWWUMAW-UHFFFAOYSA-N,c1ccc(CN2CCC(NCc3csc(-c4ccccc4)n3)CC2)cc1,5.638272163982407,1,0.0,2000,2000,2000,Ki,B,1
SBJAROVNDHTDKY-WGSAOQKQSA-N,c1cnc(N[C@H]2CC[C@H](CCN3CCN(c4ccncc4)CC3)CC2)nc1,5.638272163982407,1,0.0,1998,1998,1998,Ki,B,1
RVSLLQIPFFIMSB-KPKJPENVSA-N,Cc1cc(N(C)CCN(C)C)nc2ccc(NC(=O)/C=C/c3ccc(OC(F)(F)F)cc3)cc12,5.638272163982407,1,0.0,2005,2005,2005,IC50,B,1
CCHNZOHVOULQIT-UHFFFAOYSA-N,Brc1ccc(NCCN2CCN(Cc3cc4ccccc4[nH]3)CC2)cc1,5.638272163982407,1,0.0,2015,2015,2015,Ki,B,1
VCYGJFJKSCACCN-UHFFFAOYSA-N,COc1ccccc1N1CCN(CCCCNC(=O)Oc2ccc3c(c2)[nH]c2ccccc23)CC1,5.638272163982407,3,1.3202233988184842,2017,2017,2017,EC50,F,1
ANNLFDUPFAFPFH-UHFFFAOYSA-N,CN(C)C(=O)C(CCN1CCN(c2cccc(C(F)(F)F)n2)CC1)(c1ccccc1)c1ccccc1,5.638272163982407,1,0.0,2023,2023,2023,Ki,B,1
OGJGQVFWEPNYSB-UHFFFAOYSA-N,Clc1ccc(N2CCN(Cc3c[nH]c4ncccc34)CC2)cc1,5.637330092045131,14,0.8872015722411042,1996,2025,2011,IC50;Ki,A;B,14
FFZALGRQJRVCKO-CYBMUJFWSA-N,CCCN(CCC)[C@@H]1CCn2c(CO)ccc2C1,5.635382929183963,2,0.7136328802676448,2001,2005,2003,Ki,B,2
HXSZWCAHOHIEOA-UHFFFAOYSA-N,FC(F)(F)c1cccc(N2CCN(CCCCNc3ncc(-c4ccccc4)o3)CC2)c1,5.634137784597445,1,0.0,2010,2010,2010,Ki,B,1
HXJZOQIIPSJTIK-LOSJGSFVSA-N,CN(C)C(=O)C(CCN[C@@H]1C[C@H]1c1ccc(F)cc1)(c1ccccc1)c1ccccc1,5.632644078973981,1,0.0,2023,2023,2023,Ki,B,1
XDRYMKDFEDOLFX-UHFFFAOYSA-N,N=C(N)c1ccc(OCCCCCOc2ccc(C(=N)N)cc2)cc1,5.63262872013671,2,0.3315927893172749,,,,IC50;Ki,B,1
BWJWQRCGVCCLIP-UHFFFAOYSA-N,COc1ccccc1N(C(C)=O)C1CCN(CCCCNC(=O)c2ccc3ccccc3c2)CC1,5.630784142589857,1,0.0,2007,2007,2007,Ki,B,1
PQVQCEDGSJVHMK-UHFFFAOYSA-N,c1cnc(N2CCN(CCCc3nc4ccccc4s3)CC2)nc1,5.630784142589857,3,0.5169146272421131,2023,2023,2023,EC50;IC50;Ki,B;F,1
RDAMHUJTGOWZOX-UHFFFAOYSA-N,Cn1c(CCCN2CCN(c3cccc(Cl)c3Cl)CC2)nc(-c2ccccc2)c1C(=O)NCc1ccccc1,5.629999780524884,1,0.0,2021,2021,2021,IC50,B,1
FASYQPOSAUOTDU-UHFFFAOYSA-N,N#CC(C#N)=Cc1cc(CN2CCN(c3ccccc3)CC2)c[nH]1,5.628932137728263,1,0.0,1999,1999,1999,Ki,B,1
RWTNPBWLLIMQHL-UHFFFAOYSA-N,CC(C)(C(=O)O)c1ccc(C(O)CCCN2CCC(C(O)(c3ccccc3)c3ccccc3)CC2)cc1,5.628900721816944,1,0.0,2024,2024,2024,Ki,B,1
LXSHWRWEVGDSGN-UHFFFAOYSA-N,Cc1c(Cl)cccc1NC(=O)CN1CCC(OCc2ccc(Cl)c(F)c2)CC1,5.627290469614074,1,0.0,2022,2022,2022,Ki,B,1
YVBCMZPFSJOCJN-UHFFFAOYSA-N,N#Cc1ccc(N2CCN(CCCCNC(=O)c3ccc(-c4ccsc4)cc3)CC2)cc1,5.623788149717328,1,0.0,2019,2019,2019,Ki,B,1
KBSCSQTYTJMMEQ-UHFFFAOYSA-N,O=C1c2ccc(F)cc2CC1CCN1CCCN(c2ccccn2)CC1,5.6203666092084354,2,0.028803607498486605,2021,2021,2021,Ki,B,1
QNMSZPXZAGXMKV-GOSISDBHSA-N,CCCN(CCC)[C@@H]1CCn2c(ccc2-c2ccccc2)C1,5.620000528471499,1,0.0,2005,2005,2005,Ki,B,1
LHDDOZPHQWBNGP-UHFFFAOYSA-N,O=C1c2ccccc2CCN1CCCN1CCN(c2cccc(C(F)(F)F)c2)CC1,5.620000528471499,1,0.0,2009,2009,2009,Ki,B,1
CAVSFHXWRJHLEI-UHFFFAOYSA-N,COc1ccccc1N1CCN(Cc2cn3cc(C)cc(-n4cccn4)c3n2)CC1,5.619788758288394,1,0.0,2006,2006,2006,Ki,B,1
GYGFWUNSKKZJNC-UHFFFAOYSA-N,C#CCOc1cccc2c1-c1cccc3c1C(C2)N(CCC)CC3,5.619788758288394,1,0.0,2011,2011,2011,Ki,B,1
CYPFZEOONAAFRZ-UHFFFAOYSA-N,O=C(c1ccccc1)c1ccccc1OCCN1CCCC1,5.618343517414213,1,0.0,2004,2004,2004,Ki,B,1
GGLXFWQANMJCNR-UHFFFAOYSA-N,OC(CCCN1CCN2CCc3[nH]c4ccccc4c3C2C1)c1ccc(F)cc1,5.617622696531886,1,0.0,2003,2003,2003,Ki,B,1
BMJBTCPPCWVRKS-UHFFFAOYSA-N,CN1CCN(c2cccc(N(C)S(=O)(=O)c3ccc4ccccc4c3)c2)CC1,5.616903070050906,1,0.0,2010,2010,2010,IC50,B,1
IISXJCNRUSFNIM-UHFFFAOYSA-N,c1ccc(N2CCN(CCCn3c4ccccc4c4ccccc43)CC2)cc1,5.616184634019569,1,0.0,2001,2001,2001,Ki,B,1
ZZWMQJQCXDWUTD-UHFFFAOYSA-N,FC(F)(F)c1cccc(N2CCN(CCCCNc3nc(-c4ccccc4)cs3)CC2)c1,5.6142150411566645,1,0.0,2010,2010,2010,Ki,B,1
XKTRZPQOQOCNJU-GJZGRUSLSA-N,CCCN1CCO[C@H]2c3cc(C(N)=O)ccc3CC[C@@H]21,5.6099998081597775,1,0.0,2009,2009,2009,Ki,B,1
WCAGCKMTLAATQU-UHFFFAOYSA-N,O=C1CCc2ccccc2N1CCCN1CCN(c2ccc(Cl)cc2)CC1,5.6099998081597775,2,0.0,2022,2025,2023,Ki,B,2
JFIOVJDNOJYLKP-UHFFFAOYSA-N,Oc1c(Cl)cc(Cl)cc1Sc1cc(Cl)cc(Cl)c1O,5.609323617099594,2,0.3315343576675652,,,,IC50;Ki,B,1
BGMDLAIZBKXVQQ-SECBINFHSA-N,CN[C@@H]1Cc2cccc3ncn(c23)C1,5.609241471261283,1,0.0,1997,1997,1997,Ki,B,1
YBSSDSCEOFCFIV-UHFFFAOYSA-N,CN1CCc2cccc3c2C1Cc1ccc(NC(N)=O)cc1-3,5.609064892896621,1,0.0,2020,2020,2020,Ki,B,1
NXHYXFTYHKKMBV-UHFFFAOYSA-N,Cc1c(Cl)cccc1NC(=O)CN1CCC(OCc2ccc(F)c(F)c2)CC1,5.608465068637357,2,9.972966660201479e-05,2022,2022,2022,Ki,B,2
UWUCDMAWZWXZPY-UHFFFAOYSA-N,COc1ccccc1N1CCN(CNC(=O)c2ccccc2)CC1,5.607303046740334,1,0.0,1997,1997,1997,Ki,B,1
JIXQPDNGVCMIOH-UHFFFAOYSA-N,COc1ccccc1N1CCN(CNC(=O)c2cccc(C)c2)CC1,5.605548319173783,1,0.0,1997,1997,1997,Ki,B,1
RKZVRIHTYWJVDD-UHFFFAOYSA-N,Cc1ccc(N2CCN(Cc3ccc4c(c3)NC(=O)CO4)CC2)cc1,5.603800652904264,1,0.0,1999,1999,1999,Ki,B,1
JLUQWCZYPJKNMK-UHFFFAOYSA-N,O=C1c2ccc(F)cc2CC1CCN1CCN(c2ccc(Cl)cc2)CC1,5.603036688218891,2,0.00429539820021884,2014,2014,2014,Ki,B,1
DYCKCLZHSRKOSL-UHFFFAOYSA-N,O=Cc1cccn1C1CCN(Cc2ccccc2)CC1,5.6020599913279625,1,0.0,1999,1999,1999,Ki,B,1
VUXXDICFUUFOIZ-UHFFFAOYSA-N,Cc1c(-c2ccccc2)nnn1C1CCN(Cc2ccccc2)CC1,5.6020599913279625,1,0.0,1999,1999,1999,Ki,B,1
JOOAJIXGNAIFDC-UHFFFAOYSA-N,COc1ccc(OCCN2CCN(C(=O)c3ccccc3OC)CC2)cc1,5.6020599913279625,2,0.0,2020,2023,2021,EC50,B,2
GEVFMRRCRSTMJH-UHFFFAOYSA-N,N#Cc1[nH]c2ccccc2c1CN1CCN(c2ccccc2)CC1,5.6020599913279625,1,0.0,2021,2021,2021,Ki,B,1
XJHVIMRPUTXKEU-UHFFFAOYSA-N,CCCN(c1cccc(N2CCN(C)CC2)c1)S(=O)(=O)c1ccc2ccccc2c1,5.600672467841321,1,0.0,2010,2010,2010,IC50,B,1
GRDOSKIKNBNPPI-UHFFFAOYSA-N,O=C(c1ccccc1)N1CCC(NCCSC(c2ccc(F)cc2)c2ccc(F)cc2)CC1,5.600326278518962,1,0.0,2020,2020,2020,Ki,B,1
DKMPNHJOVOVCMF-VSHVGKGISA-N,O=C(/C=C/c1ccc(Cl)c(Cl)c1)N[C@H]1CC[C@@H](CN2[C@@H]3CC[C@H]2C[C@H](c2c[nH]c4ccc(O)cc24)C3)CC1,5.59999938302362,1,0.0,2001,2001,2001,Ki,B,1
XOEZEACRWZTMQK-UHFFFAOYSA-N,O=S(=O)(Nc1ccc2nccc(N3CCNCC3)c2c1)c1ccc2c(Cl)cccc2c1,5.59999938302362,1,0.0,2001,2001,2001,Ki,B,1
FWLGDHKTYMRCAQ-GFCCVEGCSA-N,CCCN(CCC)[C@@H]1CCn2c(ccc2C(=O)C(F)(F)F)C1,5.59999938302362,1,0.0,2005,2005,2005,Ki,B,1
HAJIPROMBKTILW-UHFFFAOYSA-N,Cc1ncoc1-c1nnc(SCCCN2CCc3cc4c(cc3CC2)OCC(=O)N4)n1C,5.59999938302362,1,0.0,2008,2008,2008,Ki,F,1
ZZINMSOGWJONAI-UHFFFAOYSA-N,O=C1CCc2ccccc2N1CCCN1CCN(c2ccc(I)cc2)CC1,5.59999938302362,1,0.0,2025,2025,2025,Ki,B,1
KFPZVRTVZVHBSM-UHFFFAOYSA-N,Fc1ccc(C(OCCOC2CC3CCC(C2)N3)c2ccc(F)cc2)cc1,5.598599459218455,1,0.0,2001,2001,2001,Ki,B,1
BTJHDQFIFDTGOW-UHFFFAOYSA-N,CCCN1CCC(n2c(=O)[nH]c3cc(Cl)ccc32)CC1,5.598599459218455,1,0.0,2012,2012,2012,Ki,B,1
KZVXSSLUUGFVFR-UHFFFAOYSA-N,c1ccc(N2CCN(CCCc3nc4ccccc4s3)CC2)nc1,5.597113684032165,4,0.7068831075913927,2023,2023,2023,EC50;IC50;Ki,B;F,1
UWUBDOPGNONVDN-UHFFFAOYSA-N,O=C1CCc2ccccc2N1CCCN1CCN(c2ccccn2)CC1,5.589999287456538,1,0.0,2022,2022,2022,Ki,B,1
ISJJKHYAKDKZNA-UHFFFAOYSA-N,CC(C)(C)NC(=O)Cn1c(CCCN2CCN(c3cccc(Cl)c3Cl)CC2)nc2cc(Br)c(Br)cc21,5.589999287456538,1,0.0,2021,2021,2021,IC50,B,1
WNIPBGJWMANRGA-UHFFFAOYSA-N,CCCCCNC(=O)NS(=O)(=O)c1cc([N+](=O)[O-])ccc1NC1CCCCC1,5.588550341829972,1,0.0,2024,2024,2024,Ki,B,1
SAPCLYRXCUDCRV-UHFFFAOYSA-N,OCc1ccc2c(CN3CCN(c4ccc(Cl)cc4)CC3)cnn2c1,5.5875129697428605,2,0.0035161842310522376,2002,2007,2004,Ki,B,2
LZMIVAWAFVXKJL-UHFFFAOYSA-N,Ic1cccn1C1CCN(Cc2ccccc2)CC1,5.585026652029182,1,0.0,1999,1999,1999,Ki,B,1
UGQHLSRGZUTZMG-UHFFFAOYSA-N,CCc1ccc(OCCN2CCN(C(=O)c3ccc(OC)cc3)CC2)cc1,5.585026652029182,2,0.0,2020,2023,2021,EC50,B,2
QYYOWXGHJFPMIM-UHFFFAOYSA-N,CCCCCCCN1CCC(C(=O)CC)(c2cccc(O)c2)CC1,5.582528306796707,1,0.0,2003,2003,2003,Ki,B,1
MCNXDINEERCWGB-IBGZPJMESA-N,CCCOc1cc2c(cc1O)[C@@H]1Cc3ccc(O)c(OCCC)c3CN1CC2,5.582030357785262,1,0.0,2023,2023,2023,Ki,B,1
BZWZMTTVCPOVAV-UHFFFAOYSA-N,COc1ccc2c3c(c(=O)oc2c1)CN(Cc1ccccc1Cl)CC3,5.581698708680255,2,0.0,1997,2021,2009,Ki,B,2
MMTKBQGOVDOJAE-UHFFFAOYSA-N,COc1ccc2c3c(c(=O)oc2c1)CN(Cc1cccc(Cl)c1)CC3,5.580044251510242,2,0.0,1997,2021,2009,Ki,B,2
DTNBLXRAVILHMO-IAGOWNOFSA-N,CCCN1CCO[C@@H]2c3cc(C(=O)OCC)ccc3CC[C@H]21,5.579999668433626,1,0.0,2009,2009,2009,Ki,B,1
RYRTVXCXZPFWGO-UHFFFAOYSA-N,O=C1CCc2ccccc2N1CCCN1CCN(Cc2ccccc2)CC1,5.579999668433626,1,0.0,2018,2018,2018,Ki,A,1
BLOYMTYODPJJPK-UHFFFAOYSA-N,O=C1CCc2ccccc2N1CCCN1CCN(c2ccc(F)cc2)CC1,5.579999668433626,1,0.0,2025,2025,2025,Ki,B,1
MOZKRTYYLZZUTA-UHFFFAOYSA-N,COc1cc(CCN(C)Cc2cccc(O)c2OC)ccc1O,5.571865205971211,1,0.0,2016,2016,2016,Ki,B,1
AIKAECUQHAATGN-UHFFFAOYSA-N,O=C1NC(CCN2CCN(c3ccccc3)CC2)c2ccccc21,5.57154122648442,1,0.0,1998,1998,1998,Ki,B,1
WQEPZBNLBWDIRZ-UHFFFAOYSA-N,Cc1ccc(N2CCN(CCC3NC(=O)c4ccccc43)CC2)cc1C,5.57154122648442,2,0.0,1998,2021,2009,Ki,B,2
FHTCFDIRPCKGKO-UHFFFAOYSA-N,Cc1ccc(N2CCN(CCC3C(=O)Nc4ccccc43)CC2)cc1C,5.57154122648442,1,0.0,2017,2017,2017,Ki,B,1
VGYQUDBPYFLBLJ-PTCVETCVSA-N,c1cc2c(cc1CN[C@H]1C3C4CC5C6C4CC3C6C51)OCO2,5.571055709964426,1,0.0,2013,2013,2013,Ki,B,1
DQWYVTVADJXAAR-UHFFFAOYSA-N,Clc1ccc(N2CCN(Cc3cnn4c(I)cccc34)CC2)cc1,5.570000775141681,1,0.0,2007,2007,2007,Ki,B,1
FUZBDAGWGHASHR-KRWDZBQOSA-N,COc1cc(NC(C)=O)c(Cl)cc1C(=O)NC[C@@H]1CCN(Cc2ccccc2)C1,5.568636235841012,1,0.0,1999,1999,1999,Ki,B,1
NYXHSNJGOQCTBS-MQMFKJKRSA-N,CC[C@H](C)[C@H](C(=O)O)N1C[C@H](CN2CCC(c3cc(Cc4ccc(OC(F)(F)F)cc4)nn3CC)CC2)[C@@H](c2cccc(F)c2)C1,5.568636235841012,1,0.0,2004,2004,2004,IC50,B,1
LVAZPFMWSRDRRK-GFCCVEGCSA-N,CCCN(CCC)[C@@H]1CCn2nccc2C1,5.568636235841012,3,0.15792132093093464,2005,2011,2011,Ki,B,2
BPXOVNRRDFBZBM-UHFFFAOYSA-N,Cn1c(N2CCOCC2)nc2c(CN3CCN(c4ccccc4)CC3)c[nH]c2c1=O,5.568636235841012,1,0.0,2009,2009,2009,Ki,B,1
ZVAZCHZCMGUSFW-WUFINQPMSA-N,CN(C)C(=O)C(CCN1C[C@H](O)C[C@H]1CN1CCN(c2cccc(C(F)(F)F)n2)CC1)(c1ccccc1)c1ccccc1,5.568636235841012,1,0.0,2023,2023,2023,Ki,B,1
FGCAUQWFZKMPKW-UHFFFAOYSA-N,CCC1(CC)CC(OCCCNCc2cccc(C(F)(F)F)n2)(c2ccccn2)CCO1,5.568636235841012,1,0.0,2023,2023,2023,Ki,B,1
BLSQLHNBWJLIBQ-UHFFFAOYSA-N,CC(C)N1CCN(c2ccc(OCC3COC(Cn4cncn4)(c4ccc(Cl)cc4Cl)O3)cc2)CC1,5.561337367782515,2,0.3316933959648787,,,,IC50;Ki,B,1
HBXAUVWJLFTKDA-FGZHOGPDSA-N,CCCN1CCO[C@@H]2c3cc(C(=O)Nc4ccc(OC)cc4)ccc3CC[C@H]21,5.5599997955387845,1,0.0,2009,2009,2009,Ki,B,1
FJYJGNZBZKNLBF-UHFFFAOYSA-N,CCc1cccc(NC(=O)CN2CCN(c3ccccn3)CC2)c1,5.559878396812197,3,0.9555513247509312,2019,2019,2019,EC50;IC50;Ki,B,1
LEZWWPYKPKIXLL-UHFFFAOYSA-N,Clc1ccc(COC(Cn2ccnc2)c2ccc(Cl)cc2Cl)cc1,5.557292813693112,2,0.33168209650911473,,,,IC50;Ki,B,1
XASUAOWUPBWGMW-UHFFFAOYSA-N,Fc1ccc2c(c1)CC(CCN1CCN(c3ccc(Cl)cc3)CC1)C2,5.557206774060231,1,0.0,2014,2014,2014,Ki,B,1
PGUHEGODMQZTBX-UHFFFAOYSA-N,CCCCN1CCC2(CC1)CCN(c1ccccc1OC)CC2,5.557050130422138,1,0.0,2019,2019,2019,Ki,B,1
LXKHTQRJWHHCDP-UHFFFAOYSA-N,COc1ccc2c3c(c(=O)oc2c1)CN(Cc1ccc(Cl)cc1)CC3,5.555955204081924,2,0.0,1997,2021,2009,Ki,B,2
UKMLUIQURILEME-UHFFFAOYSA-N,CCCN(CCC)C1CCC(=C(C#C[Si](C)(C)C)C#C[Si](C)(C)C)CC1,5.552841968657781,1,0.0,2000,2000,2000,Ki,B,1
VROFQJNNYWWTGM-UHFFFAOYSA-N,O=C1OCCN1CCN1CCC(c2cn(-c3ccc(F)cc3)c3ccc(-c4ncccn4)cc23)CC1,5.552841968657781,1,0.0,2003,2003,2003,Ki,B,1
XUOARYPFOGJNNV-UHFFFAOYSA-N,COc1ccccc1N1CCN(Cc2cn(-c3ccc(OCCCF)cc3)nn2)CC1,5.552841968657781,1,0.0,2013,2013,2013,Ki,B,1
AIANRSPJEBRESY-UHFFFAOYSA-N,CCCN1CCN(c2ccc(O)c3c2OCCO3)CC1,5.552841968657781,1,0.0,2017,2017,2017,Ki,B,1
ORNDJPPXEBDDDP-UHFFFAOYSA-N,COc1ccc(OCCN2CCN(C(=O)c3cc4ncccc4[nH]3)CC2)cc1,5.552841968657781,2,0.0,2020,2023,2021,EC50,B,2
MVUXSAGLLJPWRN-UHFFFAOYSA-N,O=C(CN1CCN(c2ccccn2)CC1)Nc1cccnc1,5.552531869050244,1,0.0,2019,2019,2019,EC50,B,1
NEMHKCNXXRQYRF-UHFFFAOYSA-N,CCOC(=O)c1cc(C#N)c(N2CCC(C(=O)NS(=O)(=O)Cc3ccccc3)CC2)nc1C,5.550850338786548,1,0.0,2024,2024,2024,Ki,B,1
VQEFMIATWHWTNX-CYBMUJFWSA-N,CCCN(CCC)[C@@H]1CCn2c(C#N)ccc2C1,5.550000451689026,1,0.0,2005,2005,2005,Ki,B,1
PWCVSHXTKFEXBF-CQSZACIVSA-N,CCCN(CCC)[C@@H]1CCn2c(ccc2C(C)=O)C1,5.550000451689026,1,0.0,2005,2005,2005,Ki,B,1
CYPJMEGEBKHODC-UHFFFAOYSA-N,c1ccc2c(c1)CC(CN1CCN(c3ccc4c(c3)OCCO4)CC1)C2,5.546681659952963,1,0.0,2017,2017,2017,Ki,B,1
NVQDXWHJCOYHFG-UHFFFAOYSA-N,c1ccc(Cc2ccccc2OCCN2CCN(c3ccccc3)CC2)cc1,5.543633966870956,1,0.0,2004,2004,2004,Ki,B,1
PVPFHWKNLSESPB-UHFFFAOYSA-N,OC1(c2ccc(Cl)cc2)CCN(Cc2c[nH]c3ccccc23)C1,5.541513236201793,1,0.0,2009,2009,2009,Ki,B,1
UJRXZWAABVTTPQ-HHHXNRCGSA-N,COc1ccccc1N1CCN(C[C@H]2OCCOC2(c2ccccc2)c2ccccc2)CC1,5.540000226349733,1,0.0,2019,2019,2019,Ki,B,1
WNSAXKBODJJHCF-UHFFFAOYSA-N,CN(CC(=O)NCc1ccccc1)C(=O)CCCN1CCN(c2cccc(Cl)c2Cl)CC1,5.540000226349733,1,0.0,2021,2021,2021,IC50,B,1
FUNLPOKPIPLUBX-UHFFFAOYSA-N,CC(C)N(c1cccc(N2CCN(C)CC2)c1)S(=O)(=O)c1ccccc1,5.5386515663520175,1,0.0,2010,2010,2010,IC50,B,1
FTCUBQDATNLTBT-UHFFFAOYSA-N,Clc1ccc2[nH]c(C3=CCN(Cc4ccccc4)CC3)nc2c1,5.537602002101044,1,0.0,1997,1997,1997,Ki,B,1
CBFLLWSFCPBXDU-UHFFFAOYSA-N,Cn1cnc(-c2ccc3c(c2)c(C2CCN(CCN4CCNC4=O)CC2)cn3-c2ccc(F)cc2)n1,5.537602002101044,1,0.0,2003,2003,2003,Ki,B,1
NHYBCEUNQSZDRF-UHFFFAOYSA-N,c1ccc(-n2cc(CN3CCN(c4ncccn4)CC3)cn2)cc1,5.537602002101044,1,0.0,2006,2006,2006,Ki,B,1
GVZVJCKGJVWISH-UHFFFAOYSA-N,COc1ccccc1N1CCN(Cc2cn(-c3ccc(OCCCOCCF)cc3)nn2)CC1,5.537602002101044,1,0.0,2013,2013,2013,Ki,B,1
PPDFQOCRZHOASS-UHFFFAOYSA-N,COc1ccc(OCCN2CCN(C(=O)c3cc4cc(Cl)ccc4[nH]3)CC2)cc1,5.537602002101044,2,0.0,2020,2023,2021,EC50,B,2
JRWZLRBJNMZMFE-UHFFFAOYSA-N,CC(CCc1ccc(O)cc1)NCCc1ccc(O)c(O)c1,5.5368389396216955,2,0.3316388818614699,,,,IC50;Ki,B,1
TZMHJAWORUSIEG-UHFFFAOYSA-N,CN1CCN(c2cccc3c2C(=O)CCN3S(=O)(=O)c2ccc3ccccc3c2)CC1,5.534319788401723,1,0.0,2011,2011,2011,IC50,B,1
SECXHJRGBAZUCO-UHFFFAOYSA-N,c1ccc(Cc2ccccc2OCCCN2CCCC2)cc1,5.534171184642563,1,0.0,2004,2004,2004,Ki,B,1
DGGPZCDYOYMIGP-UHFFFAOYSA-N,COc1ccc2[nH]cc(CN3CCC(O)(c4ccccc4)CC3)c2c1,5.5335772775662075,1,0.0,2010,2010,2010,Ki,B,1
SHTKKIRPSYJFRO-SNVBAGLBSA-N,CN(C)[C@@H]1Cc2cccc3ncn(c23)C1,5.530472520812986,1,0.0,1997,1997,1997,Ki,B,1
WVAKMWHEKNXRHK-UHFFFAOYSA-N,Cc1[nH]c(-c2ccccc2)nc1CN1CCN(c2ncccn2)CC1,5.525783735923745,1,0.0,1997,1997,1997,Ki,B,1
LLKMICSIFPTJMH-UHFFFAOYSA-N,OC1(c2ccc(Br)cc2)CCN(Cc2c[nH]c3ncccc23)CC1,5.525346746637937,1,0.0,2010,2010,2010,Ki,B,1
AHVVCJSEQJZGNV-UHFFFAOYSA-N,Cc1cc(-c2ccccc2)n(C2CCN(Cc3ccccc3)CC2)n1,5.522878745280337,1,0.0,1999,1999,1999,Ki,B,1
SGHOLEWCWYFPCZ-UHFFFAOYSA-N,c1cc2c(s1)CCC1NCCOC21,5.522878745280337,1,0.0,2002,2002,2002,Ki,B,1
OMQYELRKBALQJF-JSGCOSHPSA-N,CCCN1CCO[C@H]2c3cc(O)ccc3SC[C@@H]21,5.522444667801019,1,0.0,2000,2000,2000,Ki,B,1
KPZQRBACZSLMPH-UHFFFAOYSA-N,Cc1c(C)c2c(c(C)c1O)CCC(C)(CN1CCN(c3cc(N4CCCC4)nc(N4CCCC4)n3)CC1)O2,5.518793073937584,2,0.3315796462100665,,,,IC50;Ki,B,1
FVMDOYQNOWAVCQ-UHFFFAOYSA-N,Fc1ccc(CCCCN2CCCN(c3ccc(Cl)cc3)CC2)cc1,5.5166980476418335,1,0.0,2012,2012,2012,Ki,B,1
RMRODALMKPMZFW-ZDUSSCGKSA-N,CCCN[C@H]1CCc2ccc(OC)cc2C1,5.514988785421426,1,0.0,1996,1996,1996,Ki,B,1
PRUAALOHVVCQPZ-UHFFFAOYSA-N,OC1(c2ccc(Cl)cc2)CCN(CCc2c[nH]c3ccccc23)C1,5.512296136836273,1,0.0,2009,2009,2009,Ki,B,1
KTMPMYIMDGPOKZ-UHFFFAOYSA-N,c1cnc(N2CCN(CCCCN3CCc4ncsc4CC3)CC2)nc1,5.509999358109048,1,0.0,2019,2019,2019,Ki,B,1
MAVGNSNQMXBEHU-UHFFFAOYSA-N,N#Cc1ccc2cc(CN3CCN(c4ccccc4)CC3)[nH]c2c1,5.508638306165727,1,0.0,2000,2000,2000,Ki,B,1
JQBYEGVGELAAOI-UHFFFAOYSA-N,Cc1nn2c(-c3ccccc3)cccc2c1CN1CCN(c2ccc(Cl)cc2)CC1,5.508638306165727,1,0.0,2002,2002,2002,Ki,B,1
KNLXBMUXNMBWBW-UHFFFAOYSA-N,Cn1cnc(-c2ccc3c(c2)c(C2CCN(CCN4CCOC4=O)CC2)cn3-c2ccc(F)cc2)n1,5.508638306165727,1,0.0,2003,2003,2003,Ki,B,1
BIARYCFROFVWEW-UHFFFAOYSA-N,Fc1ccc(N2CCN(Cc3cn4ccccc4n3)CC2)cc1,5.508638306165727,1,0.0,2006,2006,2006,Ki,B,1
AQHZNVAMLJSYRQ-UHFFFAOYSA-N,Cc1cc2nc(C)c(CN3CCN(c4ccc(Cl)cc4)CC3)n2c(C)n1,5.508638306165727,1,0.0,2009,2009,2009,Ki,B,1
IQMKIUFAVWKRQY-GFCCVEGCSA-N,CCCN1CCC[C@@H](c2ccccc2OS(=O)(=O)C(F)(F)F)C1,5.506820879317485,1,0.0,1994,1994,1994,Ki,B,1
CNKNJMJEVKMFAR-UHFFFAOYSA-N,COc1ccc2c(c1)CCCN(C)CCc1ccccc1C2,5.503623945987599,1,0.0,2007,2007,2007,Ki,B,1
JPBDEYGIEOZDGD-UHFFFAOYSA-N,CCCN(CCC)C1CCc2cc(CCc3ccc(C(=O)O)cc3)ccc2C1,5.499999678657065,1,0.0,1996,1996,1996,Ki,B,1
JGHVVBYUGZXQJW-SJORKVTESA-N,O=S(=O)(c1ccccc1)n1ccc2cc3c(cc21)[C@H]1CCNCC[C@@H]31,5.499999678657065,1,0.0,2017,2017,2017,Ki,B,1
VYGXIFKVFAKJNM-FQEVSTJZSA-N,CCCCCCOc1c(O)cc(Br)c2c1CN1CCc3cc(OC)c(O)cc3[C@@H]1C2,5.498803757972912,1,0.0,2017,2017,2017,Ki,B,1
RPHDOVLXDYWDGF-UHFFFAOYSA-N,Cc1ccc2nc(CNCCCOc3ccccc3)cc(O)c2c1,5.497877938816476,2,0.003000593258388369,2021,2021,2021,Ki,B,1
SCVQVEVLACTYJB-UHFFFAOYSA-N,O=C(OC1CCc2ccccc21)N1CCC2(CC1)C(=O)NCN2c1ccccc1,5.497572880015568,1,0.0,2001,2001,2001,IC50,B,1
HBYJIVNHTWIKJQ-UHFFFAOYSA-N,Clc1ccc(OCC2CN(Cc3c[nH]c4ncccc34)CCO2)cc1,5.494850021680094,1,0.0,2021,2021,2021,Ki,B,1
LHIGVMVGEPDNBQ-UHFFFAOYSA-N,Cc1cccnc1C1CCN(CCCc2nc3ccccc3s2)CC1,5.493984432557294,2,0.8737521545015194,2023,2023,2023,IC50;Ki,B;F,1
JNSNEWFLCREWMB-UHFFFAOYSA-N,c1ccc(CCC2CN(Cc3c[nH]c4ccccc34)CCO2)cc1,5.493494967595128,1,0.0,2017,2017,2017,Ki,B,1
WWWIHTTXFJTDIB-IBGZPJMESA-N,CCCCCOc1c(O)ccc2c1CN1CCc3cc(OC)c(O)cc3[C@@H]1C2,5.493089274448482,1,0.0,2017,2017,2017,Ki,B,1
NMXGNEXAVXBXLG-UHFFFAOYSA-N,O=C(CCCN1CCN(c2cccc(Cl)c2Cl)CC1)N1C=CN(C2CCCCC2)C(=O)C1,5.489999539566098,1,0.0,2021,2021,2021,IC50,B,1
AWFGXHAQIOOJCD-UHFFFAOYSA-N,O=C(c1ccc(F)cc1F)N1CCC(NCCSC(c2ccc(F)cc2)c2ccc(F)cc2)CC1,5.486782399932061,1,0.0,2020,2020,2020,Ki,B,1
PTWUCXQTDONCCL-RRPNLBNLSA-N,CN(C)C(=O)C(CCN(CCO)[C@@H]1C[C@H]1c1ccc(Cl)cc1)(c1ccccc1)c1ccccc1,5.486782399932061,1,0.0,2023,2023,2023,Ki,B,1
JCXPHDPIKCCHEL-FQEVSTJZSA-N,c1ccc(C2=NC[C@@H](N3CCN(c4ccccc4)CC3)CCN2)cc1,5.481486060122112,1,0.0,2003,2003,2003,Ki,B,1
IXKQJYVTAYRJTF-UHFFFAOYSA-N,COc1ccc(OCCN2CCN(C(=O)c3cc4ccccc4s3)CC2)cc1,5.481486060122112,2,0.0,2020,2023,2021,EC50,B,2
RTNHENHQSIAEAI-UHFFFAOYSA-N,OCc1[nH]c2ccccc2c1CN1CCN(c2ccccc2)CC1,5.481486060122112,1,0.0,2021,2021,2021,Ki,B,1
ZWCUBCGFLWXFOM-HUUCEWRRSA-N,CCCN1CCO[C@@H]2c3cc(C(=O)O)ccc3CC[C@H]21,5.480000159330324,1,0.0,2009,2009,2009,Ki,B,1
WZANXVXLOKIMAM-SSDOTTSWSA-N,N[C@@H]1Cc2cccc3[nH]c(=O)n(c23)C1,5.469160692377331,4,0.33510779442808625,2016,2016,2016,EC50;Ki,B,1
BRZAPKIDJOPKEJ-UHFFFAOYSA-N,Cc1cc(C2CCN(Cc3ccccc3)CC2)[nH]n1,5.468521082957745,1,0.0,1997,1997,1997,Ki,B,1
GDEQPGACTRNZFK-UHFFFAOYSA-N,Oc1ccc(N2CCN(Cc3cnn4ccccc34)CC2)cc1,5.468521082957745,1,0.0,2008,2008,2008,Ki,B,1
CECDNRUCUZFOLS-UHFFFAOYSA-N,Fc1cccc(N2CCN(Cc3cc4ccccn4n3)CC2)n1,5.468521082957745,1,0.0,2008,2008,2008,Ki,B,1
LYHPSWFRVIYURV-UHFFFAOYSA-N,COc1ccccc1N1CCN(Cc2c(C)nc3cc(C)nc(C)n23)CC1,5.468521082957745,1,0.0,2009,2009,2009,Ki,B,1
IGIPSUCYDDNAQY-JTYJAPAGSA-N,CCN1C(=O)c2ccccc2[S@+]([O-])c2ccc(C(=O)N[C@H](C)c3ccc4ccccc4c3)cc21,5.468521082957745,1,0.0,2014,2014,2014,Ki,B,1
USHJZTUJVFHKQH-UHFFFAOYSA-N,Clc1ccc2c(c1)N=C(N1CCN(c3ccccc3)CC1)CCN2,5.468521082957745,1,0.0,2021,2021,2021,Ki,B,1
JJISSBKYYCWHFH-UHFFFAOYSA-N,CC(C)(C)C(=O)N1CCC(NCCSC(c2ccc(F)cc2)c2ccc(F)cc2)CC1,5.465973893943865,1,0.0,2020,2020,2020,Ki,B,1
YYAHKCMGTOAAMI-UHFFFAOYSA-N,c1ccc(N2CCN(CCCNC3=Nc4ccccc4OC3)CC2)cc1,5.463820467862774,1,0.0,1997,1997,1997,Ki,B,1
YZWJNFUQGOYUQT-UHFFFAOYSA-N,O=C(CCCN1CCCN(c2ccccn2)CC1)c1ccc(F)cc1,5.461279264640527,2,0.0018094183022531235,2021,2021,2021,Ki,B,1
QQFDMLZEFWKHHH-UHFFFAOYSA-N,CCCN(CCC)C1CC=C(C#Cc2ccccc2)CC1,5.455931955649724,1,0.0,2000,2000,2000,Ki,B,1
VXHLHYPOHKQMNB-UHFFFAOYSA-N,COc1ccccc1N1CCN(Cc2cn3cc(C)cc(C#N)c3n2)CC1,5.455931955649724,1,0.0,2006,2006,2006,Ki,B,1
MOUIWMOQLHUNKH-UHFFFAOYSA-N,O=C(c1cc2ccccc2[nH]1)N1CCN(CCOc2ccccn2)CC1,5.455931955649724,1,0.0,2020,2020,2020,EC50,B,1
JYTISQGEFSHUIR-UHFFFAOYSA-N,Cc1c(Nc2ccc(S(=O)(=O)N3CCN(C)CC3)cc2F)nc2ccc(-c3cnn(C4CC4)c3)cn2c1=O,5.455931955649724,1,0.0,2023,2023,2023,IC50,B,1
WICIEVRBFPSOFF-UHFFFAOYSA-N,COc1ccc(C(=O)N2CCN(CCOc3ccc(OC)c(OC)c3)CC2)cc1,5.455931955649724,1,0.0,2023,2023,2023,EC50,B,1
OZAJLQLEAWUZSC-UHFFFAOYSA-N,Cc1c(Cn2ncc(N3CCNCC3)c(Cl)c2=O)cccc1NC(=O)c1ccc(-c2ccccc2)cc1,5.450000476425332,1,0.0,2009,2009,2009,Ki,B,1
RMYZIRFUCOMQRH-CAJLXGCNSA-N,O=C1O[C@]2(CC[C@H](C(=O)Nc3ccn(-c4ccccc4F)n3)CC2)c2cnccc21,5.447800393409062,1,0.0,2024,2024,2024,Ki,B,1
GZXNMNCAWGIAAW-QGZVFWFLSA-N,COc1cccc2c1N1CCN(C)C[C@@H]1c1ccccc1C2,5.447331783887806,1,0.0,2002,2002,2002,Ki,B,1
BYXSNRPLLXTCPK-UHFFFAOYSA-N,Cc1ccsc1CN(C)Cc1cc(=O)n2ccccc2n1,5.444905551421681,1,0.0,2017,2017,2017,Ki,B,1
GKQPCPXONLDCMU-CCEZHUSRSA-N,CCOC(=O)C1=C(C)NC(C)=C(C(=O)OCC)C1c1ccccc1/C=C/C(=O)OC(C)(C)C,5.444161778827535,2,0.3315580462506199,,,,IC50;Ki,B,1
ONVAFCPNRHAADQ-UHFFFAOYSA-N,Cc1nc(O)n(C2CCN(Cc3ccccc3)CC2)c1-c1ccccc1,5.443697499232712,1,0.0,1999,1999,1999,Ki,B,1
RWEPTLSUVVSWHX-UHFFFAOYSA-N,c1ccc(CCN2CCC(c3cc(-c4ccccn4)[nH]n3)CC2)cc1,5.443697499232712,1,0.0,1997,1997,1997,Ki,B,1
LHOWYYXXITUESH-IBGZPJMESA-N,CCCCCOc1c(O)cc(Br)c2c1CN1CCc3cc(OC)c(O)cc3[C@@H]1C2,5.443094730944552,1,0.0,2017,2017,2017,Ki,B,1
VELJFQQYEQHBOB-AWEZNQCLSA-N,CCCN(CCC)[C@H]1CCn2ccc(C=O)c2C1,5.441848782372887,2,0.002614480456153124,2001,2005,2003,Ki,B,2
LUURZPBLEVSXGP-UHFFFAOYSA-N,CC(=O)Nc1ccc(-c2cc(-c3ccccc3)nc3cc(C(=O)NCCCn4ccnc4)nn23)cc1,5.441649821911634,2,0.0023331078734732734,2022,2022,2022,Ki,B,1
ZJULUTHVMWQMLJ-HNNXBMFYSA-N,CCCN(CCC)[C@H]1CCn2c(ccc2CN(C)C)C1,5.440000065513061,1,0.0,2005,2005,2005,Ki,B,1
DNULYRGWTFLJQL-UHFFFAOYSA-N,Cc1cccc(C(=O)NCN2CCN(c3ccccc3C#N)CC2)c1,5.439597911079601,2,0.15796167140115677,1997,2019,2008,Ki,B,2
AXJOWWAHGHUVEF-UHFFFAOYSA-N,Cc1ccc(C2CCN(CC(=O)Nc3cccc(C)c3)CC2)cc1,5.434034182553333,1,0.0,2019,2019,2019,Ki,B,1
OVDROBGSEQOKQB-ICSRJNTNSA-N,Cc1ccc(S(=O)(=O)n2cc3c4c(cccc42)[C@H](O)[C@@H](N(C)C)C3)cc1,5.431798275933005,1,0.0,2001,2001,2001,Ki,B,1
CVCVTMULKVMAMX-KGENOOAVSA-N,O/N=C/c1c(CN2CCN(c3ccccc3)CC2)[nH]c2ccccc12,5.431798275933005,1,0.0,2021,2021,2021,Ki,B,1
PRYVZXFJJBFQRT-UHFFFAOYSA-N,CC1CCN(CCCN2C(=O)CCc3ccccc32)CC1,5.430000267796055,1,0.0,2018,2018,2018,Ki,A,1
NKFOMNCXPUBCJT-UHFFFAOYSA-N,O=C(CCCN1CCN(c2cccc(Cl)c2Cl)CC1)N1C=CN(Cc2ccccc2)C(=O)C1,5.430000267796055,1,0.0,2021,2021,2021,IC50,B,1
UIYATCKYXWPCQG-UHFFFAOYSA-N,Cc1cccc2c(CN3CCN(c4ccc(Cl)cc4)CC3)cnn12,5.425108335589623,2,0.006918236872546852,2002,2007,2004,Ki,B,2
CKJPETQDQGIHJS-UHFFFAOYSA-N,COc1cc2c(cc1OC)CN(CCNC(=O)c1cc(C)ccc1OC)CC2,5.424812155072339,1,0.0,2011,2011,2011,Ki,B,1
LEQVQRFGBPYNQZ-UHFFFAOYSA-N,Cc1cccc(NC(=O)CN2CCN(c3cccc4ccccc34)CC2)c1,5.422667619125326,2,0.6813883721253862,2019,2019,2019,Ki,B,1
NSRMSZBPAQTJBS-UHFFFAOYSA-N,Cc1nn2c(-c3ccc(F)cc3)cccc2c1CN1CCN(c2ccc(Cl)cc2)CC1,5.42021640338319,1,0.0,2002,2002,2002,Ki,B,1
UPAOFJQATTTYHW-UHFFFAOYSA-N,O=C(c1cc2ccccc2[nH]1)N1CCN(CCOc2ccc(OC(F)(F)F)cc2)CC1,5.42021640338319,2,0.0,2020,2023,2021,EC50,B,2
SITUEGLHNDXECQ-UHFFFAOYSA-N,Nc1nc2c(s1)CCN(CCCCN1CCN(c3ncccn3)CC1)CC2,5.420000452721522,1,0.0,2019,2019,2019,Ki,B,1
XWOWUPZMWGTZIJ-UHFFFAOYSA-N,c1nc2c(s1)CCN(CCCCN1CCc3ncsc3CC1)CC2,5.420000452721522,1,0.0,2019,2019,2019,Ki,B,1
VOALUBYHXLQXRI-WEWMWRJBSA-N,O=C(NCCCCN1CC[C@]2(c3cccc(O)c3)CCC[C@H]1[C@H]2O)c1cc2ccccc2[nH]1,5.41907502432438,1,0.0,2021,2021,2021,Ki,B,1
UEQUQVLFIPOEMF-UHFFFAOYSA-N,CN1CCN2c3ccccc3Cc3ccccc3C2C1,5.410000161858408,3,0.07882482651319535,2002,2005,2002,IC50;Ki,B,3
UTUFKUUIPTWXPH-UHFFFAOYSA-N,CCCCN1CCN(CCCN2C(=O)CCc3ccccc32)CC1,5.410000161858408,1,0.0,2018,2018,2018,Ki,A,1
NNGCXJPRHBHODU-UHFFFAOYSA-N,COc1ccc(N2CCN(Cc3c[nH]c4ncccc34)CC2)cc1,5.4089353929735005,1,0.0,1999,1999,1999,Ki,B,1
QGLGNPCWSBQHAU-UHFFFAOYSA-N,COc1ccccc1N1CCN(Cc2cn3ccccc3n2)CC1,5.4089353929735005,1,0.0,2006,2006,2006,Ki,B,1
XBXGSRGFTFVODB-UHFFFAOYSA-N,COc1cc(CN2CCN(c3ccc(Cl)cc3)CC2)c(OCCF)cc1OC,5.4089353929735005,1,0.0,2008,2008,2008,Ki,B,1
OEFFTIMBYVFOPK-UHFFFAOYSA-N,Fc1ccc(CN2CCN(c3ccc4c(c3)OCCO4)CC2)cc1,5.4089353929735005,1,0.0,2011,2011,2011,Ki,B,1
YJLMHUBBYHISAU-UHFFFAOYSA-N,c1ccc(-c2nc(CN3CCN(c4ccccc4)CC3)co2)cc1,5.403402904373539,1,0.0,2000,2000,2000,Ki,B,1
BHUNVFVEHNURLZ-UHFFFAOYSA-N,CN1CCCc2ccccc2Cc2ccc(O)cc2CCC1,5.401866354186762,1,0.0,2007,2007,2007,Ki,B,1
AGVNHDNTFYHZNL-QGZVFWFLSA-N,Cc1cccc(S(=O)(=O)N(C)[C@H](C)CCN2CCC(C)CC2)c1,5.40000018605658,1,0.0,1998,1998,1998,Ki,B,1
JDCBVBSQNVZJSS-UHFFFAOYSA-N,Cc1ccc2c(OCCN3CCC(Cc4cc(F)c5c(c4)NC(=O)CO5)CC3)cc(F)cc2n1,5.40000018605658,1,0.0,2007,2007,2007,Ki,B,1
HYGJPVUOYCSNGB-UHFFFAOYSA-N,Cn1c(CN2CCC(c3nsc4ccccc34)CC2)nc2ccccc21,5.40000018605658,1,0.0,2010,2010,2010,Ki,F,1
YFKULYYWSYOHDZ-UHFFFAOYSA-N,O=C1CCc2ccccc2N1CCCN1CCN(CCc2ccccc2)CC1,5.40000018605658,1,0.0,2018,2018,2018,Ki,A,1
GARRNCFUWHSEJV-UHFFFAOYSA-N,c1cnc(N2CCN(Cc3cccc4c3-c3ccccc3C4)CC2)nc1,5.3979400086720375,1,0.0,1998,1998,1998,IC50,B,1
OLUONKODHNDKJM-HQRWHSCBSA-N,CCn1nc(Cc2ccc(C#N)cc2)cc1C1CCN(C[C@H]2CN([C@@H](C(=O)O)C(C)(C)C)C[C@@H]2c2cccc(F)c2)CC1,5.3979400086720375,1,0.0,2004,2004,2004,IC50,B,1
SBZZZUGGGYMLIG-SFHVURJKSA-N,Cc1ccc2nc(CN[C@H](c3cccs3)C3CC3)cc(=O)n2c1,5.3979400086720375,1,0.0,2017,2017,2017,Ki,B,1
FEMKPVDHFCRPKA-UHFFFAOYSA-N,OC1CCc2c(c3ccccc3n2CCCN2CCN(c3ccccc3)CC2)C1,5.396855627379818,1,0.0,2001,2001,2001,Ki,B,1
JTXRDCDRBGVWLB-UHFFFAOYSA-N,CC(C)(C)c1nc(N2CCN(CCCCCN3C(=O)CCc4ccccc43)CC2)cc(C(F)(F)F)n1,5.3921162556430104,1,0.0,2006,2006,2006,Ki,B,1
NMWYMABDXNLKFE-UHFFFAOYSA-N,Fc1ccc(COC2CCN(Cc3ccc4[nH]cnc4c3)CC2)cc1F,5.389425001562575,2,3.0113019556008933e-05,2022,2022,2022,Ki,B,2
VLULRUCCHYVXOH-UHFFFAOYSA-N,Cc1ccccc1CN1C(=O)C2=C(CCN(Cc3ccccc3)C2)N2CCN=C12,5.388276691992658,1,0.0,2025,2025,2025,Ki,B,1
YXLLQNMKIDBOGH-NDEPHWFRSA-N,CN1C(=O)c2ccccc2[S@+]([O-])c2ccc(C(=O)NCCc3cccs3)cc21,5.3872161432802645,1,0.0,2014,2014,2014,Ki,B,1
AKCNULBSNJJBDL-UHFFFAOYSA-N,Cc1ccnc(N2CCN(CCCc3nc4ccccc4s3)CC2)c1,5.384418179247451,2,0.700046870878625,2023,2023,2023,IC50;Ki,B;F,1
MWUMXOQHNPRQCI-UHFFFAOYSA-N,O=C1c2ccccc2CCCN1CCCN1CCN(c2ccccn2)CC1,5.380000399499541,1,0.0,2009,2009,2009,Ki,B,1
DNBHELXBRXDBSY-UHFFFAOYSA-N,Cc1cc2nc(C)c(CN3CCN(c4ccccc4)CC3)n2c(C)n1,5.376750709602099,1,0.0,2009,2009,2009,Ki,B,1
SXICCGPFVRVNMD-UHFFFAOYSA-N,Oc1cc(CN2CCN(c3ccc4c(c3)OCCO4)CC2)ccc1F,5.376750709602099,1,0.0,2011,2011,2011,Ki,B,1
UJDUEYVURZHWBC-UHFFFAOYSA-N,OC1(c2ccc(Cl)cc2)CCCN(Cc2c[nH]c3ccccc23)C1,5.369572124974976,1,0.0,2007,2007,2007,Ki,B,1
WCJFBSYALHQBSK-UHFFFAOYSA-N,CCC(=O)C(CCN(C)C)(c1ccccc1)c1ccccc1,5.369572124974976,1,0.0,2021,2021,2021,Ki,B,1
KYOJMOVGLXPOHH-UHFFFAOYSA-N,Clc1ccc(-c2cc(C3CCN(Cc4cccc(Cl)c4)CC3)[nH]n2)cc1,5.366531544420413,1,0.0,1997,1997,1997,Ki,B,1
HZFVOEDJAMLOAK-UHFFFAOYSA-N,COc1ccc(CNCCN2CCN(Cc3cc4ccccc4[nH]3)CC2)cc1,5.366531544420413,1,0.0,2015,2015,2015,Ki,B,1
AFRXCTUPOJKNDG-UHFFFAOYSA-N,CC(=O)N1CCC(c2ccc(-c3cc(C(=O)O)cc4cc(-c5ccc(C(F)(F)F)cc5)ccc34)cc2)CC1,5.3655227298392685,1,0.0,2020,2020,2020,Ki,B,1
SFNVUZGWWDUWJI-VRDCJJRQSA-N,CCOC(=O)/C=C1\[C@@H]2CCC[C@@]1(c1cccc(O)c1)CCN2CC1CC1CCNC(=O)c1cc2ccccc2[nH]1,5.361510743045363,1,0.0,2021,2021,2021,Ki,B,1
ROZJLRVGVXVODO-AWEZNQCLSA-N,CCCN(CCC)[C@H]1CCn2c(ccc2C(=O)OCC)C1,5.359999833093898,1,0.0,2005,2005,2005,Ki,B,1
ZCKIEICGPWNFBV-KSFYIVLOSA-N,C[C@H]1CO[C@@H](c2ccc(N)nc2)CN1CCn1cc(CNC(=O)c2cc3ccccc3[nH]2)nn1,5.359815544187586,2,0.2773833671418189,2021,2021,2021,Ki,B,1
VHPASGHENHNLAW-UHFFFAOYSA-N,N#Cc1ccc2[nH]cc(CN3CCN(c4ccccc4)CC3)c2c1,5.356547323513812,1,0.0,2000,2000,2000,Ki,B,1
WWKHLSANYDLDKY-UHFFFAOYSA-N,C1=C(c2nc3ccccc3[nH]2)CCN(Cc2ccccc2)C1,5.356547323513812,1,0.0,1997,1997,1997,Ki,B,1
FBJIUWHTOIOHGN-UHFFFAOYSA-N,Cc1c(-c2ccccc2)cnn1C1CCN(Cc2cccc(C#N)c2)CC1,5.356547323513812,1,0.0,1999,1999,1999,Ki,B,1
CFCGTXOJJUJIIE-UHFFFAOYSA-N,C#CC(C#C)=C1CCC(N(CCC)CCC)CC1,5.356547323513812,1,0.0,2000,2000,2000,Ki,B,1
ZQKCHIRJVKTOHH-UHFFFAOYSA-N,COc1ccc(OCCN2CCN(C(=O)c3ccc(OC)cc3)CC2C)cc1,5.356547323513812,1,0.0,2020,2020,2020,EC50,B,1
LMRUSDUZVDKYMF-UHFFFAOYSA-N,C1=C(c2nc3ccccc3o2)CCN(Cc2ccccc2)C1,5.346787486224656,1,0.0,1997,1997,1997,Ki,B,1
LWDPHLQHPIGVKY-UHFFFAOYSA-N,CCCN1CCc2cccc3c2C1Cc1cccc(OCCCNCCCO)c1-3,5.345438445258257,1,0.0,2011,2011,2011,Ki,B,1
UCHDWCPVSPXUMX-TZIWLTJVSA-N,CC(C)(O)c1ccccc1CC[C@@H](SCC1(CC(=O)O)CC1)c1cccc(/C=C/c2ccc3ccc(Cl)cc3n2)c1,5.345372797973786,2,0.33164206620533565,,,,IC50;Ki,B,1
CPFAMVVFLCOFSK-UHFFFAOYSA-N,O=C1c2ccccc2CC1CCN1CCN(c2ccc(Cl)cc2)CC1,5.3417593321844254,2,0.0024878166521384716,2014,2014,2014,Ki,B,1
NVYMBZSBOQRSFH-UHFFFAOYSA-N,C#Cc1cccc2c(CN3CCN(c4ccc(Cl)cc4)CC3)cnn12,5.338621174238888,2,0.0019502088753100375,2002,2007,2004,Ki,B,2
WMJUHVXPQPZNMA-UHFFFAOYSA-N,CCCN(CCN1CCN(Cc2cc3ccccc3[nH]2)CC1)Cc1ccc(OC)cc1,5.337242168318426,1,0.0,2015,2015,2015,Ki,B,1
KMSBBZPJDRRRGH-UHFFFAOYSA-N,c1ccc(Cc2ccccc2NCCN2CCCC2)cc1,5.332173621049289,1,0.0,2004,2004,2004,Ki,B,1
BPXIOWINQPQVOY-UHFFFAOYSA-N,CCN(CC)CCOc1ccccc1Cc1ccccc1,5.330962199114844,1,0.0,2004,2004,2004,Ki,B,1
YGTOBHZRTULFTF-KRWDZBQOSA-N,CN1CCc2ccccc2Cc2[nH]c3ccccc3c2C[C@H]1CO,5.330125497510197,1,0.0,2011,2011,2011,Ki,B,1
JWZZKOKVBUJMES-UHFFFAOYSA-N,CC(C)NCC(O)c1ccc(O)c(O)c1,5.327902142064282,1,0.0,2016,2016,2016,Ki,B,1
RQTUFYCDUWSKKX-KGNCLDLBSA-N,CCCCCCCCCCC[C@@H]1CCN[C@H](C(=O)NCC(O)CO)C1,5.327902142064282,1,0.0,2018,2018,2018,Ki,B,1
RXEIDFSWABFHSZ-UHFFFAOYSA-N,FC(F)(F)Oc1ccc(CN2CCOC(CCc3ccccc3)C2)cc1,5.322649087201568,2,0.3321579568786806,2014,2014,2014,IC50;Ki,B,1
DFDOLOVKMMATDA-UHFFFAOYSA-N,COc1ccc(CN2CCOC(CCc3ccccc3)C2)cc1,5.322649087201568,2,0.3321579568786806,2014,2014,2014,IC50;Ki,B,1
RXEIDFSWABFHSZ-LJQANCHMSA-N,FC(F)(F)Oc1ccc(CN2CCO[C@H](CCc3ccccc3)C2)cc1,5.322649087201568,2,0.3321579568786806,2014,2014,2014,IC50;Ki,B,1
PSDFKKSPYSFZKR-LJQANCHMSA-N,Oc1ccc(CN2CCO[C@H](CCc3ccccc3)C2)cc1,5.322649087201568,2,0.3321579568786806,2014,2014,2014,IC50;Ki,B,1
PJDIIZOQXMDDPU-OPCAMPFDSA-N,CCCN(CCC)[C@@H]1CCn2c(/C=N\O)ccc2C1,5.320000083770781,1,0.0,2005,2005,2005,Ki,B,1
YUMDWQNKTSWTQP-UHFFFAOYSA-N,COc1ccccc1N1CCC12CN(CCCSc1nnc(-c3ccccc3)n1C)C2,5.319664486585436,1,0.0,2017,2017,2017,Ki,B,1
VQWRIGMLIDJHJV-UHFFFAOYSA-N,Clc1ccc(N2CCN(Cc3ccc4ccnn4c3)CC2)cc1,5.309803919971486,1,0.0,2001,2001,2001,Ki,B,1
VVRAANFGOIKBRD-UHFFFAOYSA-N,COc1cc(CN2CCN(c3ccc(Cl)cc3)CC2)ccc1OCCF,5.309803919971486,1,0.0,2008,2008,2008,Ki,B,1
CWPNHPQGJLXJNH-UHFFFAOYSA-N,CSc1ccc(C2(O)CCN(Cc3c[nH]c4ncccc34)CC2)cc1,5.306448914404086,1,0.0,2010,2010,2010,Ki,B,1
XVPRVMIFXXOEFR-UHFFFAOYSA-N,Clc1ccc(N2CCN(Cc3cnn4ccccc34)CC2)cc1,5.301029995663981,11,0.03433922325674698,1999,2021,2006,Ki,B,11
XHTCEJWQQIHAOR-UZLBHIALSA-N,COc1ccc(Br)cc1C1=N[C@@H](CN2CCN(c3ccccc3)CC2)[C@@H](C)O1,5.301029995663981,2,0.42572070254911626,2001,2001,2001,Ki,B,1
BQOUGDGGUWVLTD-UHFFFAOYSA-N,Cn1c(CN2CCN(c3ncc(C(F)(F)F)cc3Cl)CC2)nc2ccccc21,5.300000202445418,1,0.0,2010,2010,2010,Ki,F,1
KOIIIBWVKNCMBP-UHFFFAOYSA-N,N/C(=N\C(=O)NCc1ccccc1)NC1CCc2nc(N)sc2C1,5.300000202445418,1,0.0,2021,2021,2021,Ki,B,1
NKNTXYMZEFEUNK-HNNXBMFYSA-N,COc1cc(N)c(Cl)cc1C(=O)N[C@H]1CCCN(Cc2ccccc2)C1,5.299041374741213,2,0.33737567466050744,2003,2003,2003,Ki,B,1
WHTUEKIFAXDIRP-UHFFFAOYSA-N,N#CC(C#N)=Cc1cccn1C1CCN(Cc2ccccc2)CC1,5.292429823902063,1,0.0,1999,1999,1999,Ki,B,1
BGXXETBYBGTKEP-UHFFFAOYSA-N,COc1ccccc1N1CCN(Cc2cn(CCOCCOCCF)nn2)CC1,5.292429823902063,1,0.0,2013,2013,2013,Ki,B,1
RGLYKWWBQGJZGM-ISLYRVAYSA-N,CC/C(=C(/CC)c1ccc(O)cc1)c1ccc(O)cc1,5.290239778353559,2,0.3316684343611753,,,,IC50;Ki,B,1
WSJMJBOZYZWDIK-UHFFFAOYSA-N,N#Cc1ccc2[nH]cc(CN3CCN(c4ccc(F)cc4)CC3)c2c1,5.2839966563652006,1,0.0,2000,2000,2000,Ki,B,1
DUEAFIKCLDPEGV-UHFFFAOYSA-N,Clc1ccc(N2CCN(Cc3cnn4ccc5ccccc5c34)CC2)cc1,5.2839966563652006,1,0.0,1999,1999,1999,Ki,B,1
FZIIBLBHXXRTMG-RAOGCBAWSA-N,Fc1cccc(CCN[C@H]2C3C4CC5C6C4CC3C6C52)c1,5.28274568723745,2,0.0,2011,2013,2012,Ki,B,2
FKYWSGYMKJUZEP-ZOBUZTSGSA-N,Oc1ccc2c(c1O)C[C@@H](c1ccccc1)[C@@H]1CCNC[C@@H]21,5.281918676479622,2,1.9740470123114335,2010,2012,2011,Ki,B,2
UUROQRRZHCJWGK-UHFFFAOYSA-N,O=C(c1ccc(F)cc1)N1CCC(NCCSC(c2ccc(F)cc2)c2ccc(F)cc2)CC1,5.281498311132726,1,0.0,2020,2020,2020,Ki,B,1
OFZLWCJPSURMOO-UHFFFAOYSA-N,O=C1CCc2ccccc2N1CCCN1CCN(c2ccc(C(F)(F)F)cc2)CC1,5.280000380871156,1,0.0,2025,2025,2025,Ki,B,1
SUBIJFYEXXITCD-UHFFFAOYSA-N,c1ccc(CN2CCN(Cc3csc(-c4ccccc4)n3)CC2)cc1,5.279840696594043,1,0.0,2000,2000,2000,Ki,B,1
FMWVLGRDWGHGJV-UHFFFAOYSA-N,N#CC(C#N)=Cc1ccc(CN2CCN(c3ccccc3)CC2)[nH]1,5.279840696594043,1,0.0,1999,1999,1999,Ki,B,1
VGXWBRRDKLYQLR-UHFFFAOYSA-N,Clc1ccc(Nc2nc3ccccc3c3[nH]c(C4CCCCCCCCCC4)nc23)cc1Cl,5.277366077466188,1,0.0,2022,2022,2022,Ki,B,1
DTRXURJDKOYCCD-UHFFFAOYSA-N,Clc1ccc(N2CCN(Cc3cc4ccccn4n3)CC2)cc1,5.275724130399211,17,0.6893461566885397,2001,2021,2009,Ki,B,9
XDJRQBUUPPHLQR-UHFFFAOYSA-N,Clc1ccc(N2CCN(Cc3cnc4ccccn34)CC2)cc1,5.275724130399211,1,0.0,1999,1999,1999,Ki,B,1
ZYXIICVCCTVXCC-ZLOLNMDISA-N,OC[C@H]1[C@H]2CN(Cc3ccccc3)[C@H](c3ccccc3)[C@H]2[C@@H]1N1CCCCC1,5.275724130399211,1,0.0,2012,2012,2012,Ki,B,1
QHJSQVKSJUNYAK-UHFFFAOYSA-N,O=C(NCCCCN1CCN(c2cc(C(F)(F)F)nc3ccccc23)CC1)N1CCC(c2ccccc2)CC1,5.274251667004451,2,0.0,2017,2018,2017,Ki,B,2
CHZUEGVOEFMIJH-ZKRSMWHSSA-N,C1C2C3CC4C2C2C1C3[C@H](NCC13C5C6C7C5C1C7C63)C42,5.270430273698031,1,0.0,2013,2013,2013,Ki,B,1
OCAXFDULERPAJM-UHFFFAOYSA-N,CN1C2CCC1CC(OC(c1ccccc1)c1ccc(Cl)cc1)C2,5.269217724333611,1,0.0,2001,2001,2001,Ki,B,1
CVAGCOURADIXBK-RTBURBONSA-N,CN(C)[C@@H](CNC(=O)NC[C@H]1Cc2ccccc21)CC1CCCCC1,5.267606240177031,1,0.0,2021,2021,2021,Ki,B,1
BEYHWKKZIDOJLS-LOSJGSFVSA-N,CN(C)C(=O)C(CCN[C@@H]1C[C@H]1c1ccc(Cl)cc1)(c1ccccc1)c1ccccc1,5.263922362996054,3,1.0590968171834505,2023,2023,2023,EC50;IC50;Ki,B;F,1
FOTUXOOYRRRHFQ-UHFFFAOYSA-N,COc1cccc(CCN2C3C4C5CC6C7C5C3C7C2(O)C64)c1OC,5.262330372643358,1,0.0,2012,2012,2012,Ki,B,1
SJDLUAQSQRBWLX-UHFFFAOYSA-N,OC1(Cc2ccc(Cl)cc2)CCN(Cc2c[nH]c3ccccc23)CC1,5.261219441515631,1,0.0,2007,2007,2007,Ki,B,1
WFLHEXUTTRRXFJ-UHFFFAOYSA-N,CC(C)Oc1cccnc1N(C)C1CCN(Cc2ccccc2)CC1,5.259637310505756,1,0.0,1998,1998,1998,IC50,B,1
IIRGAHOMCLTQPR-UHFFFAOYSA-N,c1ccn2ncc(CN3CCN(C4CCCCC4)CC3)c2c1,5.259637310505756,1,0.0,1999,1999,1999,Ki,B,1
RCFWZPSHZMCPLU-UHFFFAOYSA-N,[O-][S+](CCNC1CCN(CC(O)Cc2ccccc2)CC1)C(c1ccc(F)cc1)c1ccc(F)cc1,5.259637310505756,1,0.0,2020,2020,2020,Ki,B,1
YSIFTTPUSXNYII-UHFFFAOYSA-N,COc1ccc2onc(N3CCN(CCCCNC(=O)c4cccc(-n5ccnc5)c4)CC3)c2c1,5.256568634853316,1,0.0,2006,2006,2006,Ki,B,1
XUAGVHSWKPRGFP-GMAHTHKFSA-N,O=C(NCCCCN1CCO[C@H]2c3cc(O)ccc3OC[C@@H]21)c1cc2ccccc2[nH]1,5.2564902352715706,1,0.0,2020,2020,2020,Ki,B,1
VDWKDBPHAPPUBO-UHFFFAOYSA-N,COc1ccc(CNC(=O)c2cc(-c3cc(Cl)cc(Cl)c3)cnc2-c2cccnc2)cc1OC,5.254953307544646,2,0.33163545943547607,2013,2013,2013,IC50;Ki,B,1
SRKMMWQNEAUSLE-UHFFFAOYSA-N,c1cnc(N2CCN(Cc3cccc4c3Cc3ccccc3-4)CC2)nc1,5.251811972993799,1,0.0,1998,1998,1998,IC50,B,1
KLWCGZRXATXKMS-UHFFFAOYSA-N,Fc1ccc(N2CCN(Cc3cn4nc(Cl)ccc4n3)CC2)cc1,5.251811972993799,1,0.0,2006,2006,2006,Ki,B,1
YOILXOMTHPUMRG-JSGCOSHPSA-N,CCCN1CCO[C@H]2c3cc(O)ccc3OC[C@@H]21,5.250263684430939,1,0.0,2020,2020,2020,Ki,B,1
CMZYPGWYRMTMMW-UHFFFAOYSA-N,CN1CCN(C(=O)CCCN2CCN(c3cccc(Cl)c3Cl)CC2)C(C(=O)NC(C)(C)C)C1,5.250000251143582,1,0.0,2021,2021,2021,IC50,B,1
VOALUBYHXLQXRI-KLJDGLGGSA-N,O=C(NCCCCN1CC[C@]2(c3cccc(O)c3)CCC[C@H]1[C@@H]2O)c1cc2ccccc2[nH]1,5.249491605148654,1,0.0,2021,2021,2021,Ki,B,1
LAZCWDPLJFPPDI-UHFFFAOYSA-N,Fc1ccc(-c2cccc3c(CN4CCN(c5ccc(Cl)cc5)CC4)cnn23)cc1,5.2441251443275085,1,0.0,2002,2002,2002,Ki,B,1
UYUTUOIZGIGQQA-VIVFLBMVSA-N,COc1ccccc1N1CCN(Cc2cn(-c3ccc(OCCCOC4O[C@H](CO)[C@@H](O)[C@H](O)[C@H]4F)cc3)nn2)CC1,5.2441251443275085,1,0.0,2013,2013,2013,Ki,B,1
RONZAEMNMFQXRA-UHFFFAOYSA-N,CN1CCN2c3ncccc3Cc3ccccc3C2C1,5.242376254091611,1,0.0,2005,2005,2005,Ki,B,1
FAUOIWKXVZMERY-UHFFFAOYSA-N,Cc1cccc(NC(=O)CN2CCN(c3ncccn3)CC2)c1,5.237930577547013,2,0.02171864327273885,2019,2019,2019,EC50;Ki,B,1
DRRIHRQXXFYPBU-FQEVSTJZSA-N,COc1c(-c2nc(CNC[C@@H]3CCN(Cc4ccccc4)C3)co2)cc(Br)c2ccccc12,5.232844133917819,1,0.0,2000,2000,2000,Ki,B,1
XOESWPIDRFQRGI-UHFFFAOYSA-N,O=C1CCc2ccccc2N1CCCN1CCN(c2ccc3ccccc3c2)CC1,5.229999745811778,1,0.0,2025,2025,2025,Ki,B,1
RKWNQODBLXZUES-UHFFFAOYSA-N,N#Cc1ccc2c(c1)CCNC2,5.229884705212898,1,0.0,2017,2017,2017,Ki,B,1
JQJZAUBSLUYDAA-UHFFFAOYSA-N,O=Cc1cccc2c(CN3CCN(c4ccc(Cl)cc4)CC3)cnn12,5.229147988357855,1,0.0,2002,2002,2002,Ki,B,1
OSBMHRHGAFUBCG-UHFFFAOYSA-N,COc1cc(CN2CCN(c3ccc4c(c3)OCCO4)CC2)ccc1F,5.229147988357855,1,0.0,2011,2011,2011,Ki,B,1
LEKOXFCRANACFL-UHFFFAOYSA-N,Fc1ccc(CCCCN2CCc3ccccc3C2)cc1,5.221342368052644,1,0.0,2016,2016,2016,Ki,B,1
ISOJUHYODLHLNP-ATIYNZHBSA-N,CCCN1CCO[C@@H]2c3cc(OCCCCNC(=O)c4cc5ccccc5o4)ccc3OC[C@H]21,5.221125527997261,1,0.0,2019,2019,2019,Ki,B,1
BEXZDWKMMJPZCQ-MRXNPFEDSA-N,CCCN(CCC)[C@@H]1CCn2c(C=C(C#N)C#N)ccc2C1,5.219999701663429,1,0.0,2005,2005,2005,Ki,B,1
APQWXABKECJSIH-UHFFFAOYSA-N,CC(C)(C)NC(=O)C1C(=O)NCCN1C(=O)CCCN1CCN(c2cccc(Cl)c2Cl)CC1,5.219999701663429,1,0.0,2021,2021,2021,IC50,B,1
AZNYLBLMCWHLSK-UHFFFAOYSA-N,Clc1ccc2sc(CCCN3CCN(c4ccccn4)CC3)nc2c1,5.214728530059051,2,0.8413718940332173,2023,2023,2023,IC50;Ki,B;F,1
FQCPFWPAGODRNN-UHFFFAOYSA-N,CCN(CC)CCOCCOC1(c2ccccc2)CCCC1,5.214670164989233,1,0.0,2001,2001,2001,Ki,B,1
NCKGSESQGZBZQN-UHFFFAOYSA-N,c1ccc(CN2CCC(NCc3coc(-c4ccccc4)n3)CC2)cc1,5.214670164989233,1,0.0,2000,2000,2000,Ki,B,1
ADAZZWTYEBRRHE-UHFFFAOYSA-N,COc1ccccc1N1CCN(Cc2c(C)[nH]c3nc(N(C)C)ncc23)CC1,5.214670164989233,1,0.0,2009,2009,2009,Ki,B,1
CIQQYYDWFNUHDM-UHFFFAOYSA-N,Clc1nccc2c(CN3CCN(c4ccccc4)CC3)c[nH]c12,5.214670164989233,1,0.0,2009,2009,2009,Ki,B,1
GSJUQPJCKBBTAO-UHFFFAOYSA-N,CN1CCCc2cc(O)ccc2Cc2ccccc2CC1,5.213106674738684,1,0.0,2007,2007,2007,Ki,B,1
BWXKKFQODXKNLQ-UHFFFAOYSA-N,FC(F)(F)c1cc(Oc2nccc3ccsc23)ccc1-c1cccc2nccn12,5.207608310501746,1,0.0,2019,2019,2019,Ki,B,1
DDFNIAVTIHLFOR-UHFFFAOYSA-N,COc1ccc(N2CCN(CCCCNC(=O)c3ccc4nonc4c3)CC2)cc1,5.206419132631844,1,0.0,2009,2009,2009,Ki,B,1
HYLGECOKUPPDRN-UHFFFAOYSA-N,N#Cc1ccc2[nH]cc(CN3CCN(c4ccc(Cl)cc4)CC3)c2c1,5.1938200260161125,1,0.0,2000,2000,2000,Ki,B,1
JPSSDJSKUUWHMS-CYGODWOOSA-N,COc1ccccc1[C@]1(O)C[C@H]2CC[C@@H](C1)N2Cc1c[nH]c2ccccc12,5.193141970481182,1,0.0,2008,2008,2008,Ki,B,1
NNGCPQMNTNEUCA-UHFFFAOYSA-N,COc1ccc(C2CCN(CCCc3nc4ccccc4s3)CC2)nc1,5.1929966838493415,2,0.17022471017232416,2023,2023,2023,IC50;Ki,B;F,1
AJADIMFRRRXJAI-UHFFFAOYSA-N,Cc1cccc(NC(=O)CN2CCN(c3ccccn3)CC2)c1,5.192688891819139,2,0.00603006194139063,2019,2019,2019,EC50;Ki,B,1
CTDCQQXDSZWWIE-KKSFZXQISA-N,C[C@H]1CO[C@H](c2ccc(N)nc2)CN1CCCCNC(=O)c1cc2ccccc2[nH]1,5.189095719331299,1,0.0,2019,2019,2019,Ki,B,1
LPWRTRRXYPVJKD-UHFFFAOYSA-N,Cc1cccc(NC(=O)CCN2CCN(c3ncccn3)CC2)c1,5.186545093557325,2,0.22253598553501902,2019,2019,2019,Ki,B,1
CFXIWIZPWMZACA-UHFFFAOYSA-N,Clc1ccc(N2CCN(Cc3cnc4ncccn34)CC2)cc1,5.180456064458131,1,0.0,1999,1999,1999,Ki,B,1
FXUMDUOHWITHIX-UHFFFAOYSA-N,CCCCN1CCC2(CC1)CCN(c1ccccc1OC)C2,5.177374321225859,1,0.0,2019,2019,2019,Ki,B,1
OPMVQDXWBONTGB-UHFFFAOYSA-N,Ic1ccc(N2CCN(Cc3cnn4ccccc34)CC2)cc1,5.173925197299173,1,0.0,1999,1999,1999,Ki,B,1
DGCGMYNLCDVYMB-UHFFFAOYSA-N,CC1CCN(Cc2c[nH]c3ccccc23)CC1,5.173925197299173,1,0.0,1996,1996,1996,Ki,B,1
CTMDNCSJPPQMLF-UHFFFAOYSA-N,Cc1c(C(=O)N(CCCN2CCCCC2)c2ccccc2)oc2ccccc12,5.171404543628298,1,0.0,2012,2012,2012,Ki,B,1
XCLOPBYSKIWJNJ-CLJLJLNGSA-N,C=CCN1C[C@H](OC(=O)Nc2ccc(-c3ccsc3)cc2)C[C@@H]1CNC(=O)c1cc(CCCF)cc(OC)c1OC,5.1684501480042435,1,0.0,2023,2023,2023,Ki,B,1
YLEJYQFWEATDSD-UHFFFAOYSA-N,O=C(Cc1ccc(OC2CCNCC2)cc1OCCF)N1CCC(N2C(=O)CCc3ccccc32)CC1,5.168130225719498,1,0.0,2013,2013,2013,Ki,B,1
ASGPPKHUWWRTLM-UHFFFAOYSA-N,c1ccc(CN2CCC(n3ccc(-c4cnco4)c3)CC2)cc1,5.167491087293763,1,0.0,1999,1999,1999,Ki,B,1
DMNOVGJWPASQDL-OAQYLSRUSA-N,COc1ccsc1CNCC[C@@]1(c2ccccn2)CCOC2(CCCC2)C1,5.163675884293248,1,0.0,2023,2023,2023,Ki,B,1
WQWCHMWUOFCWFU-UHFFFAOYSA-N,Oc1ccc2c(c1)CCCNCCc1ccccc1C2,5.1614027471833435,1,0.0,2007,2007,2007,Ki,B,1
LGXAESURRIWEJV-UHFFFAOYSA-N,N#CC(C#N)=Cc1cc(CN2CCN(c3ccc(Cl)cc3)CC2)c[nH]1,5.158015195409886,1,0.0,1999,1999,1999,Ki,B,1
JXPFVJLJUKGXQP-UHFFFAOYSA-N,N#CC(C#N)=Cc1[nH]ccc1CN1CCN(c2ccccc2)CC1,5.158015195409886,1,0.0,1999,1999,1999,Ki,B,1
BUGYAANIQPCORQ-UHFFFAOYSA-N,N#CC(C#N)=Cc1ccn(C2CCN(Cc3ccccc3)CC2)c1,5.154901959985743,1,0.0,1999,1999,1999,Ki,B,1
JDFBBZLNLYXHDC-CAUKCHDASA-N,Fc1cccc(CN[C@H]2C3C4CC5C6C4CC3C6C52)c1,5.145390361904205,2,0.0,2011,2013,2012,Ki,B,2
PCPQHGBAGOWPLH-SFHVURJKSA-N,COc1cc(N(C)C(C)=O)c(Cl)cc1C(=O)NC[C@@H]1CCN(Cc2ccccc2)C1,5.142667503568731,1,0.0,1999,1999,1999,Ki,B,1
BGSFWUHHMGJEBX-UHFFFAOYSA-N,COc1ccc2nc(CCCN3CCC(c4ccccn4)CC3)sc2c1,5.142667503568731,3,0.1907062469658389,2023,2023,2023,EC50;IC50;Ki,B;F,1
RVBVZFLMCDGFOZ-GOSISDBHSA-N,COc1ccc(Br)cc1C1=NCC[C@H](CN2CCN(c3ccccc3)CC2)N1,5.130768280269024,1,0.0,2003,2003,2003,Ki,B,1
RXGOETNYBNUSSO-UHFFFAOYSA-N,Oc1ccc(Br)cc1-c1nc(CN2CCN(c3ccccc3)CC2)co1,5.119186407719209,1,0.0,2000,2000,2000,Ki,B,1
RCACIEKJQOIDQV-UHFFFAOYSA-N,N#CC(C#N)=Cc1[nH]ccc1CN1CCN(c2ccc(Cl)cc2)CC1,5.119186407719209,1,0.0,1999,1999,1999,Ki,B,1
WTAVHOMZPZTGNJ-UHFFFAOYSA-N,COc1ccccc1N1CCN(Cc2cn(CCOCCOCCOCCF)nn2)CC1,5.119186407719209,1,0.0,2013,2013,2013,Ki,B,1
CHSOKIBTPZERLH-UHFFFAOYSA-N,Clc1ccc(Nc2nc3ccccc3c3[nH]c(C4CCCCCCCCCCC4)nc23)cc1Cl,5.117475462045119,1,0.0,2022,2022,2022,Ki,B,1
KUZDNSHRAHWGBG-UHFFFAOYSA-N,C[Si](C)(C)C#Cc1cccn1C1CCN(Cc2ccccc2)CC1,5.113509274827518,1,0.0,1999,1999,1999,Ki,B,1
AGMWTWZTMQSDHF-UHFFFAOYSA-N,Clc1ccc(N2CCN(Cc3cn4nc(Cl)ccc4n3)CC2)cc1,5.113509274827518,1,0.0,2006,2006,2006,Ki,B,1
QKRCVHKKBOUVNT-UHFFFAOYSA-N,c1ccc(Cc2ccccc2OCCN2CCCCC2)cc1,5.10768273927752,1,0.0,2004,2004,2004,Ki,B,1
CNGQSMFIQRDDKI-UHFFFAOYSA-N,C#Cc1cccn1C1CCN(Cc2ccccc2)CC1,5.102372908709558,1,0.0,1999,1999,1999,Ki,B,1
HWAIAGZSWHOLLK-UHFFFAOYSA-N,Cc1cc(Oc2nccc3occc23)ccc1-c1c(C)ncc2nccn12,5.102372908709558,1,0.0,2019,2019,2019,Ki,B,1
SHPCAECDGCBRNC-OYTPZHDJSA-N,CCN(CC)[C@@H]1[C@@H](CO)[C@H]2CN(Cc3ccccc3)[C@H](c3ccc(Br)cc3)[C@H]21,5.100726812682396,1,0.0,2012,2012,2012,Ki,B,1
QNMSZPXZAGXMKV-SFHVURJKSA-N,CCCN(CCC)[C@H]1CCn2c(ccc2-c2ccccc2)C1,5.100000128334196,1,0.0,2005,2005,2005,Ki,B,1
ILUSLMFKTMQVSK-UHFFFAOYSA-N,COC(=O)c1ccc(N2CCN(CCCN3C(=O)CCc4ccccc43)CC2)cc1,5.100000128334196,1,0.0,2025,2025,2025,Ki,B,1
QRYAMGGRUIKACE-GOSISDBHSA-N,c1ccc(C2=NC[C@H](CN3CCN(c4ccccc4)CC3)N2)cc1,5.0972495709208,2,0.07282079840009388,2001,2001,2001,Ki,B,1
GEPUWJGKAOGNRH-UHFFFAOYSA-N,Cc1ncc2nccn2c1-c1ccc(Oc2nccc3occc23)cc1C(F)(F)F,5.0915149811213505,1,0.0,2019,2019,2019,Ki,B,1
ICNBRZLPNIRJTH-UHFFFAOYSA-N,O=C1c2ccccc2CCN1CCCN1CCN(c2ccccn2)CC1,5.079999880484295,1,0.0,2009,2009,2009,Ki,B,1
LCBAQBQSRJBWCB-UHFFFAOYSA-N,O=C1c2ccccc2CCCN1CCCN1CCN(c2ncccn2)CC1,5.079999880484295,1,0.0,2009,2009,2009,Ki,B,1
IPZLHIDFKOMHRW-UHFFFAOYSA-N,COc1ccc(N2CCN(CCCN3C(=O)CCc4ccccc43)CC2)cc1,5.079999880484295,1,0.0,2022,2022,2022,Ki,B,1
ZXKDQKMGPBQZPF-UHFFFAOYSA-N,c1ccc(CN2CCN(Cc3coc(-c4ccccc4)n3)CC2)cc1,5.075720713938118,1,0.0,2000,2000,2000,Ki,B,1
ZLEOJNLZAQGTPM-AWEZNQCLSA-N,CCCN(CCC)[C@H]1CCn2cc(CO)cc2C1,5.067750784124627,2,0.0031808991626707545,2001,2005,2003,Ki,B,2
ODGRZYYSJPOCQE-ISKFKSNPSA-N,CCCN1CCO[C@@H]2c3cc(OCCCCNC(=O)c4cc5cccnc5[nH]4)ccc3OC[C@H]21,5.062482107982653,1,0.0,2019,2019,2019,Ki,B,1
KBAKPEFQDPCCTP-RAOGCBAWSA-N,c1ccc(CCN[C@H]2C3C4CC5C6C4CC3C6C52)cc1,5.062381820606177,1,0.0,2013,2013,2013,Ki,B,1
MNCAUYFDXJSKPL-UHFFFAOYSA-N,Cn1cc2c(-c3c(-c4ccc(F)cn4)nn4c3COC(C)(C)C4)ccnc2n1,5.062099953895119,2,0.0029700724330883428,2022,2022,2022,Ki,B,1
LGKGAIBCFWVOCC-UHFFFAOYSA-N,C(#Cc1cccn1C1CCN(Cc2ccccc2)CC1)c1ccccc1,5.060480747381382,1,0.0,1999,1999,1999,Ki,B,1
FUZBDAGWGHASHR-QGZVFWFLSA-N,COc1cc(NC(C)=O)c(Cl)cc1C(=O)NC[C@H]1CCN(Cc2ccccc2)C1,5.060480747381382,1,0.0,1999,1999,1999,Ki,B,1
DCOWEWUTRNVNCR-UHFFFAOYSA-N,FCCOc1ccc(N2CCN(Cc3cnn4ccccc34)CC2)cc1,5.060480747381382,1,0.0,2008,2008,2008,Ki,B,1
TXTILBTZVJQWSG-UHFFFAOYSA-N,Cc1ccc(CNCC2(F)CCN(C(=O)c3csc4ccccc34)CC2)nc1,5.060480747381382,1,0.0,2010,2010,2010,Ki,B,1
NSWRCNIUQFRZFO-UHFFFAOYSA-N,Clc1ccc(N2CCN(Cc3cn4ccccc4n3)CC2)cc1,5.055517327849831,1,0.0,2006,2006,2006,Ki,B,1
YXLCOBLTAWMMRS-HUMDQVGNSA-N,CCN(CC)[C@H]1[C@H](CO)[C@@H]2CN(Cc3ccccc3)[C@@H](c3ccccn3)[C@@H]21,5.055517327849831,1,0.0,2012,2012,2012,Ki,B,1
NMYFWYJLWVJPAQ-UHFFFAOYSA-N,Cc1ccc2nc(CCCN3CCC(c4ccccn4)CC3)sc2c1,5.051021594996524,2,0.17381194124091548,2023,2023,2023,IC50;Ki,B;F,1
JSTQBEJYZPIVJU-UHFFFAOYSA-N,CC(C(=O)N1c2ccccc2Sc2ccccc21)c1ccccc1,5.050609993355087,1,0.0,2013,2013,2013,Ki,B,1
SGPQBAMKWVQVFJ-UHFFFAOYSA-N,COc1ccc(N2CCN(CCCN3CCCCc4ccccc4C3=O)CC2)cc1,5.049999969853415,1,0.0,2009,2009,2009,Ki,B,1
GHNCNPGXYPVAGR-UHFFFAOYSA-N,c1ccc(N2CCN(CCCn3cnc4ccccc43)CC2)cc1,5.049999969853415,1,0.0,2022,2022,2022,Ki,B,1
QWAXKHKRTORLEM-UGJKXSETSA-N,CC(C)(C)NC(=O)[C@@H]1C[C@@H]2CCCC[C@@H]2CN1C[C@@H](O)[C@H](Cc1ccccc1)NC(=O)[C@H](CC(N)=O)NC(=O)c1ccc2ccccc2n1,5.047925937146234,2,0.33161436467181143,,,,IC50;Ki,B,1
FWUYSYBMZPOIDO-UHFFFAOYSA-N,N#CC(CCNCCc1ccccc1)(c1ccccc1)c1ccccc1,5.047691990337874,1,0.0,2021,2021,2021,Ki,B,1
HFXCUJLZEIBVQQ-UHFFFAOYSA-N,CN1c2ccccc2Sc2cc(N)ccc21,5.043063586155804,1,0.0,,,,Ki,U,1
YXLLQNMKIDBOGH-UHFFFAOYSA-N,CN1C(=O)c2ccccc2[S+]([O-])c2ccc(C(=O)NCCc3cccs3)cc21,5.036212172654444,1,0.0,2014,2014,2014,Ki,B,1
BKHZTSXNFSOLCO-UHFFFAOYSA-N,COc1ccc(OCC(C)N2CCN(C(=O)c3ccc(OC)cc3)CC2)cc1,5.031517051446064,2,0.0,2020,2023,2021,EC50,B,2
FVQOIDZBAPLYGQ-UHFFFAOYSA-N,Cc1cccn2ncc(CN3CCN(c4ccc(Cl)cc4)CC3)c12,5.026872146400301,1,0.0,2002,2002,2002,Ki,B,1
HAVOANJDOKCJRR-UHFFFAOYSA-N,COc1ccc(OCCN2CCN(C(C)=O)CC2)cc1,5.013228265733755,1,0.0,2020,2020,2020,EC50,B,1
XBHUNPOHYIWVNE-AWEZNQCLSA-N,CCCN(CCC)[C@H]1CCn2ccc(CO)c2C1,5.011614181964424,2,0.0022826591573942316,2001,2005,2003,Ki,B,2
UJBREZBVTYQLHJ-UHFFFAOYSA-N,Clc1ccc(N2CCN(Cc3cccc4ccnn34)CC2)cc1,5.0,2,0.0,2001,2005,2003,Ki,B,2
VDGZERMDPAAZEJ-UHFFFAOYSA-N,CC(=O)NCC1(c2ccccc2)CCN(CCCC(=O)c2ccc(F)cc2)CC1,5.0,1,0.0,2003,2003,2003,Ki,B,1
MZORJBGOVRTVQW-UHFFFAOYSA-N,CCC(=O)OC1(c2ccccc2)CCN(CCC(=O)c2ccccc2)CC1C,5.0,1,0.0,2003,2003,2003,Ki,B,1
IVBGOSVLURUGPB-UHFFFAOYSA-N,CCOc1ccc(NC(=O)C2CCCN(CCc3ccccc3)C2)cc1,5.0,1,0.0,2003,2003,2003,Ki,B,1
JLPQEMCCJSONLS-UHFFFAOYSA-N,c1ccc2c3c([nH]c2c1)CCN1CCN(CCc2ccncc2)CC31,5.0,1,0.0,2003,2003,2003,Ki,B,1
BVDCRVMWNQTQFJ-UHFFFAOYSA-N,CCCCCN1CCN(C(CC(=O)c2ccccc2)C(=O)c2ccccc2)CC1,5.0,1,0.0,2003,2003,2003,Ki,B,1
ZWWQCBHVDHZKGR-UHFFFAOYSA-N,CCCCN(CCCC)Cc1c(C)nc2cc(OC)ccc2c1O,5.0,1,0.0,2003,2003,2003,Ki,B,1
VRWYJLYADFQDOO-UHFFFAOYSA-N,CCCCN(CC)CC(C(C)=O)C1=C(O)OC2C=CC=CC2C1=O,5.0,1,0.0,2003,2003,2003,Ki,B,1
LIZHGPSMNOBTAT-UHFFFAOYSA-N,CCCCN1CN(CCCC)CN(C(=S)c2c(Cl)cccc2Cl)C1,5.0,1,0.0,2003,2003,2003,Ki,B,1
MQRWFRAFKLPMBJ-UHFFFAOYSA-N,CCCN(CCC)CN1C(=O)c2ccccc2C1=O,5.0,1,0.0,2003,2003,2003,Ki,B,1
ULNDHPWJENLXLL-UHFFFAOYSA-N,CCCN(CCC#N)CN1C(=O)c2ccccc2C1=O,5.0,1,0.0,2003,2003,2003,Ki,B,1
FESITOSQGDHYSA-UHFFFAOYSA-N,CCn1c2ccccc2c2cc(NCCCN(C)C)ccc21,5.0,1,0.0,2003,2003,2003,Ki,B,1
YWAYIZIRYOLBEC-UHFFFAOYSA-N,N#CCCN(CCCN1CCOCC1)CN1C(=O)c2ccccc2C1=O,5.0,1,0.0,2003,2003,2003,Ki,B,1
GKODUQFGYOBNMB-UHFFFAOYSA-N,CCCCN1CSC(=S)N(Cc2ccccc2)C1,5.0,1,0.0,2003,2003,2003,Ki,B,1
DCVQVRPQZMOKQX-UHFFFAOYSA-N,COc1ccc(N2CCN(CCCN3CCc4ccccc4C3=O)CC2)cc1,5.0,1,0.0,2009,2009,2009,Ki,B,1
PKZXLMVXBZICTF-UHFFFAOYSA-N,Cc1ccc(CNCC2(F)CCN(C(=O)c3ccc(F)c(Cl)c3)CC2)nc1,5.0,1,0.0,2010,2010,2010,Ki,B,1
MIVWTBCJCNWAEJ-UHFFFAOYSA-N,O=C(NS(=O)(=O)c1ccc(NCC2CCOCC2)c([N+](=O)[O-])c1)c1ccc(N2CCN(Cc3ccc(C(F)(F)F)cc3-c3ccc(Cl)cc3)CC2)cc1Oc1cnc2[nH]ccc2c1,5.0,2,0.0,2021,2021,2021,Ki,B,1
IKRPGXPWXNOWKH-UHFFFAOYSA-N,O=C1CCc2ccccc2N1CCCN1CCN(c2ccc([N+](=O)[O-])cc2)CC1,4.96000007768865,1,0.0,2022,2022,2022,Ki,B,1
PCPQHGBAGOWPLH-GOSISDBHSA-N,COc1cc(N(C)C(C)=O)c(Cl)cc1C(=O)NC[C@H]1CCN(Cc2ccccc2)C1,4.958607314841775,1,0.0,1999,1999,1999,Ki,B,1
QAAKBUYWNXINKR-UHFFFAOYSA-N,CCCNCCCCNC(=O)c1ccc(-c2ccccc2)cc1,4.958607314841775,1,0.0,2008,2008,2008,Ki,B,1
RSLYNHHGHMPLKL-OYTPZHDJSA-N,OC[C@H]1[C@H]2CN(Cc3ccccc3)[C@H](c3ccccc3)[C@H]2[C@@H]1N1CCCC1,4.958607314841775,1,0.0,2012,2012,2012,Ki,B,1
YKCXNSAIVWHWKR-UJCHZGTJSA-N,C[C@H]1[C@H]2[C@@H](CN1Cc1ccccc1)[C@@H](CO)[C@@H]2N1CCCC1,4.958607314841775,1,0.0,2012,2012,2012,Ki,B,1
SSJDNJLMSOGXTN-UHFFFAOYSA-N,Cc1ccc(C(=O)C2CCN(CC(=O)NC3CCCC3)CC2)cc1,4.958607314841775,1,0.0,2020,2020,2020,Ki,B,1
DTLUAUCSESZJOW-ZJSXRUAMSA-N,O=C1CCc2ccc(OCCCCN3CCO[C@@H]4c5cc(O)ccc5OC[C@H]43)cc2N1,4.94692155651658,1,0.0,2019,2019,2019,Ki,B,1
LAQPIGHSUVYYGI-UHFFFAOYSA-N,Clc1ccc(N2CCN(Cc3cccn4nccc34)CC2)cc1,4.920818753952375,1,0.0,2001,2001,2001,Ki,B,1
HZVQDNHDCAXRJP-UHFFFAOYSA-N,CCOC(=O)c1cnn2cccc(CN3CCN(c4ccc(Cl)cc4)CC3)c12,4.920818753952375,1,0.0,2001,2001,2001,Ki,B,1
DKXYPAWNMBQJBN-GOSISDBHSA-N,O=C1C[C@H](CN2CCN(c3ccccc3)CC2)N=C(c2ccccc2)N1,4.920818753952375,1,0.0,2003,2003,2003,Ki,B,1
JCXPHDPIKCCHEL-HXUWFJFHSA-N,c1ccc(C2=NC[C@H](N3CCN(c4ccccc4)CC3)CCN2)cc1,4.920818753952375,1,0.0,2003,2003,2003,Ki,B,1
YTVZWXSONDLPSZ-UHFFFAOYSA-N,CCCNC1CCn2ncc(C(=O)OC)c2C1,4.920818753952375,1,0.0,2005,2005,2005,Ki,B,1
GFJQMJYOLGYPBB-UHFFFAOYSA-N,CCCN(CCC)C1CCn2ncc(C=O)c2C1,4.920818753952375,1,0.0,2005,2005,2005,Ki,B,1
GUOJBWOHCJIFQW-UHFFFAOYSA-N,Cc1ccc(CNCC2(F)CCN(C(=O)c3coc4ccccc34)CC2)nc1,4.920818753952375,1,0.0,2010,2010,2010,Ki,B,1
ZJULUTHVMWQMLJ-OAHLLOKOSA-N,CCCN(CCC)[C@@H]1CCn2c(ccc2CN(C)C)C1,4.920000156997057,1,0.0,2005,2005,2005,Ki,B,1
PGKOALRXUFBZNU-UHFFFAOYSA-N,O=C(c1ccccc1)N1CCN(CCN2CCc3ncsc3CC2)CC1,4.909999919094989,1,0.0,2019,2019,2019,Ki,B,1
ZQUYISBPDUWNLC-UHFFFAOYSA-N,CN(CC(=O)NC1CCCCC1)C(=O)CCCN1CCN(c2cccc(Cl)c2Cl)CC1,4.909999919094989,1,0.0,2021,2021,2021,IC50,B,1
FECGZFUZXKQCAY-UHFFFAOYSA-N,[O-][S+](CCNC1CCN(Cc2ccc(F)cc2)CC1)C(c1ccc(F)cc1)c1ccc(F)cc1,4.906578314837765,1,0.0,2020,2020,2020,Ki,B,1
CMFMZBLAQQULNF-UHFFFAOYSA-N,CC(=O)NCC1(c2ccc(Cl)cc2)CCN(Cc2c[nH]c3ccccc23)CC1,4.903089986991944,1,0.0,2007,2007,2007,Ki,B,1
YRWLWGKTJCIUII-UHFFFAOYSA-N,O=C1CCc2ccccc2N1CCCN1CCN(C2CCCCC2)CC1,4.900000142057633,1,0.0,2025,2025,2025,Ki,B,1
WOELKTNFFNSJSS-UHFFFAOYSA-N,N#Cc1ccc2[nH]c(CN3CCN(c4ccc(Cl)cc4)CC3)cc2c1,4.886056647693163,1,0.0,2000,2000,2000,Ki,B,1
FMKZTRTUGPXJFV-UHFFFAOYSA-N,CCCN(CCC)C1CCC(=CC#N)CC1,4.886056647693163,1,0.0,2000,2000,2000,Ki,B,1
WKFNOWSGTCBYBL-UHFFFAOYSA-N,CCCN(CCC)C1CC=C(C#N)CC1,4.886056647693163,1,0.0,2000,2000,2000,Ki,B,1
BJWYIHWMKMZYRS-IBGZPJMESA-N,c1ccc(C2=NCC[C@@H](CN3CCN(c4ccccc4)CC3)N2)cc1,4.886056647693163,1,0.0,2003,2003,2003,Ki,B,1
BJWYIHWMKMZYRS-LJQANCHMSA-N,c1ccc(C2=NCC[C@H](CN3CCN(c4ccccc4)CC3)N2)cc1,4.886056647693163,1,0.0,2003,2003,2003,Ki,B,1
FDBKWBKBMRKPJG-UHFFFAOYSA-N,COc1ccc(N2CCN(Cc3c(C)nc4cc(C)ncn34)CC2)cc1,4.886056647693163,1,0.0,2009,2009,2009,Ki,B,1
SEVLDDAIFKZMCD-OYTPZHDJSA-N,CCN(CC)[C@@H]1[C@@H](CO)[C@H]2CN(Cc3ccccc3)[C@H](c3ccccc3)[C@H]21,4.87942606879415,1,0.0,2012,2012,2012,Ki,B,1
PUTDAMBATXHKHN-RBQJHTGYSA-N,CCOC(=O)/C=C1\[C@@H]2CCC[C@@]1(c1cccc(O)c1)CCN2CCCCNC(=O)c1cc2ccccc2[nH]1,4.863279432843593,1,0.0,2021,2021,2021,Ki,B,1
XUAGVHSWKPRGFP-JTHBVZDNSA-N,O=C(NCCCCN1CCO[C@@H]2c3cc(O)ccc3OC[C@@H]21)c1cc2ccccc2[nH]1,4.860120913598763,1,0.0,2020,2020,2020,Ki,B,1
VGGYTNPNHQBLKG-UHFFFAOYSA-N,COc1ccccc1N1CCC2(CCN(CCCOc3ccc4c(c3)NC(=O)CC4)CC2)CC1,4.836034017045116,1,0.0,2019,2019,2019,Ki,B,1
FUBQWNPFXKULIT-UHFFFAOYSA-N,COc1cc2c(cc1OC)Cc1ccccc1CCCN(C)CC2,4.828858848971618,1,0.0,2007,2007,2007,Ki,B,1
VEYSGMPQWOSGTB-UHFFFAOYSA-N,N#Cc1ccc2[nH]c(CN3CCN(c4ccc(F)cc4)CC3)cc2c1,4.823908740944319,3,0.0,2000,2021,2006,Ki,B,3
UPRFZLANTXURKF-UHFFFAOYSA-N,c1ccc(CN2CCC(n3cccc3)CC2)cc1,4.823908740944319,1,0.0,1999,1999,1999,Ki,B,1
MUMVCUPHGPDDKM-UHFFFAOYSA-N,FCCOc1ccc(N2CCN(Cc3cc4ccccn4n3)CC2)cc1,4.823908740944319,1,0.0,2008,2008,2008,Ki,B,1
FARUCCZQJHBFSU-UHFFFAOYSA-N,CCOC(=O)c1[nH]c2ccc(F)cc2c1CN1CCN(c2ccccc2)CC1,4.823908740944319,1,0.0,2021,2021,2021,Ki,B,1
RKWPOXKBYLPBIG-UHFFFAOYSA-N,Cc1ccc2nc(CCCN3CCN(c4ccccn4)CC3)sc2c1,4.815308569182402,3,0.666085031474214,2023,2023,2023,EC50;IC50;Ki,B;F,1
YZFWTZACSRHJQD-UHFFFAOYSA-N,CC1(COc2ccc(CC3SC(=O)NC3=O)cc2)CCCCC1,4.8079321393836745,2,0.33164504281140306,,,,IC50;Ki,B,1
JVQBISWUXRKBAJ-QGZVFWFLSA-N,c1ccc(CC[C@@H]2CN(Cc3nc4ccccc4[nH]3)CCO2)cc1,4.804100347590766,3,0.2706285064494282,2014,2017,2014,IC50;Ki,B,2
QEYPINFPGIXPDO-UHFFFAOYSA-N,CN1CCN(C(=O)CCCN2CCN(c3cccc(Cl)c3Cl)CC2)C(C(=O)NCc2ccccc2)C1,4.800000052738446,1,0.0,2021,2021,2021,IC50,B,1
SZOCKYDZSPRJPT-UHFFFAOYSA-N,CN(C)CCC(C#N)(c1ccccc1)c1ccccc1,4.79317412396815,1,0.0,2021,2021,2021,Ki,B,1
RLEVEXRYULMVDM-UHFFFAOYSA-N,Oc1ccc(C2(O)CCN(Cc3c[nH]c4ccccc34)CC2)cc1,4.774690718274137,1,0.0,2007,2007,2007,Ki,B,1
POZRVZJJTULAOH-LHZXLZLDSA-N,C#C[C@]1(O)CC[C@H]2[C@@H]3CCC4=Cc5oncc5C[C@]4(C)[C@H]3CC[C@@]21C,4.774238798775015,2,0.3316827553809242,,,,IC50;Ki,B,1
RZAVUFOOSFLHIY-UHFFFAOYSA-N,C#Cc1cccc2c(CN3CCN(c4ccc(Cl)cc4)CC3)c(C)nn12,4.769551078621726,1,0.0,2002,2002,2002,Ki,B,1
PBNAEPBSIPQZEL-UHFFFAOYSA-N,CCCN(CCC)C1CCn2ncc(C(=O)OC)c2C1,4.769551078621726,1,0.0,2005,2005,2005,Ki,B,1
NAIGOHVHPOGNLZ-UHFFFAOYSA-N,Fc1ccc(CN2CCN(c3ccc4c(c3)OCCO4)CC2)cn1,4.769551078621726,1,0.0,2011,2011,2011,Ki,B,1
LHYAIPJNIYZFAE-UHFFFAOYSA-N,COc1ccccc1N1CCN(Cc2cn(-c3ccc(OCCF)cc3)nn2)CC1,4.769551078621726,1,0.0,2013,2013,2013,Ki,B,1
SSVIIFPCYYWMIA-LASHMREHSA-N,COc1ccccc1N1CCN(Cc2cn([C@@H]3O[C@H](CO)[C@@H](O)[C@H](O)[C@H]3F)nn2)CC1,4.769551078621726,1,0.0,2013,2013,2013,Ki,B,1
YZGXFLYQBFUCHR-BHOHKKBBSA-N,Oc1cccc([C@@]23CCC[C@@H]([C@H]2O)N(C/C=C/c2ccccc2)CC3)c1,4.751535175963392,2,0.07433837862390118,2021,2021,2021,Ki,B,1
AYASVQUVBANNHG-UHFFFAOYSA-N,COc1ccc(NCCN2CCN(Cc3cc4ccccc4[nH]3)CC2)cc1,4.7447274948966935,1,0.0,2015,2015,2015,Ki,B,1
JVQBISWUXRKBAJ-UHFFFAOYSA-N,c1ccc(CCC2CN(Cc3nc4ccccc4[nH]3)CCO2)cc1,4.732074562264309,2,0.33163545943547673,2014,2014,2014,IC50;Ki,B,1
VSVDMIMYERSROL-UHFFFAOYSA-N,Cc1ccc(CNCC2(F)CCN(C(=O)c3cc(Br)cs3)CC2)nc1,4.721246399047171,1,0.0,2010,2010,2010,Ki,B,1
PSGJGQIYXBOEED-UHFFFAOYSA-N,N#Cc1ccc2[nH]c(CN3CCN(c4ccc(Cl)c(Cl)c4)CC3)cc2c1,4.698970004336019,1,0.0,2000,2000,2000,Ki,B,1
DKXYPAWNMBQJBN-SFHVURJKSA-N,O=C1C[C@@H](CN2CCN(c3ccccc3)CC2)N=C(c2ccccc2)N1,4.698970004336019,1,0.0,2003,2003,2003,Ki,B,1
LADZDZFEEAEQNW-UHFFFAOYSA-N,Clc1ccc(N2CCN(Cc3cnn4c3ccc3ccccc34)CC2)cc1,4.6777807052660805,1,0.0,1999,1999,1999,Ki,B,1
MFGYZKGJWDJWAA-UHFFFAOYSA-N,Cc1nn2c(C#N)cccc2c1CN1CCN(c2ccc(Cl)cc2)CC1,4.6777807052660805,1,0.0,2002,2002,2002,Ki,B,1
QGKCXGBLQBZVNB-IQZDNPOKSA-N,CCN(CC)[C@@H]1[C@@H](CO)[C@H]2CN(Cc3ccccc3)[C@H](C)[C@H]21,4.6777807052660805,1,0.0,2012,2012,2012,Ki,B,1
RANRSXNHVJZBGA-NDEPHWFRSA-N,CN1C(=O)c2ccccc2[S@+]([O-])c2ccc(C(=O)NCc3cccnc3)cc21,4.6777807052660805,1,0.0,2014,2014,2014,Ki,B,1
GMNZPHIBCDMEFH-ATNAJCNCSA-N,CCCN(CCC)c1ccc(C2CN(CCC)[C@@H](C)CO2)cn1,4.675717544702307,1,0.0,2019,2019,2019,Ki,B,1
LEXAFGYQTMMLCP-UHFFFAOYSA-N,CCCCNC(=O)c1cc2ccccc2[nH]1,4.666713978445566,1,0.0,2012,2012,2012,Ki,B,1
RTYGYVMXTLAVMS-UHFFFAOYSA-N,Cc1cc2nc(C)c(CN3CCN(c4ccc(F)cc4)CC3)n2c(C)n1,4.657577319177793,1,0.0,2009,2009,2009,Ki,B,1
IEITXWDJKKGTIY-UHFFFAOYSA-N,COc1ccc(OCCN2CCN(C(=O)c3ccncc3)CC2)cc1,4.657577319177793,2,0.0,2020,2023,2021,EC50,B,2
BLLNREQHFDCHGW-UHFFFAOYSA-N,OCc1cnn2cccc(CN3CCN(c4ccc(Cl)cc4)CC3)c12,4.638272163982407,1,0.0,2001,2001,2001,Ki,B,1
SORKSMKEQFEIIG-UHFFFAOYSA-N,CCCCN1CCC2(CCN(c3ccccc3OC)C2)C1,4.633464981237629,1,0.0,2019,2019,2019,Ki,B,1
AKQWVRLMOLBNQU-UHFFFAOYSA-N,O=C(Cn1c(CCCN2CCN(c3cccc(Cl)c3Cl)CC2)nc2cc(Br)c(Br)cc21)NCc1ccccc1,4.629999965785961,1,0.0,2021,2021,2021,IC50,B,1
QQSOUFSETSWOJX-UHFFFAOYSA-N,COc1ccc2c(c1)Cc1ccccc1CCCN(C)CC2,4.62154758852125,1,0.0,2007,2007,2007,Ki,B,1
QFHMBWDXZWRJJD-KKSFZXQISA-N,C[C@H]1CO[C@H](c2ccc(N)nc2)CN1CCCCOc1ccc2c(c1)NC(=O)CC2,4.616184634019569,1,0.0,2019,2019,2019,Ki,B,1
FODISKJARWLXOS-UHFFFAOYSA-N,O=C1c2ccccc2CCN1CCCN1CCN(c2ncccn2)CC1,4.609999985082743,1,0.0,2009,2009,2009,Ki,B,1
WHDATORJGMRETC-OUUBHVDSSA-N,COc1ccccc1N1CCN(Cc2cn([C@@H]3O[C@H](CF)[C@@H](O)[C@H](O)[C@H]3O)nn2)CC1,4.6020599913279625,1,0.0,2013,2013,2013,Ki,B,1
STIRDGXSGQTCAJ-UHFFFAOYSA-N,N#Cc1cccc2c(CN3CCN(c4ccc(Cl)cc4)CC3)cnn12,4.585026652029182,2,0.0,2002,2021,2011,Ki,B,2
PJMPHNIQZUBGLI-UHFFFAOYSA-N,CCC(=O)N(c1ccccc1)C1CCN(CCc2ccccc2)CC1,4.581698708680254,1,0.0,2021,2021,2021,Ki,B,1
MGAAMGRSXKBQAO-UHFFFAOYSA-N,Cc1cccc(NC(=O)CN2CCC(c3ccc(Cl)cc3)CC2)c1,4.579714115058082,1,0.0,2019,2019,2019,Ki,B,1
PNWFKFMFPUOMLB-UHFFFAOYSA-N,O=c1[nH]c2c(c(=O)n1Cc1ccc(C(F)(F)F)cc1)CN(Cc1cccc([N+](=O)[O-])c1)CC2,4.573488738635425,1,0.0,2025,2025,2025,Ki,B,1
JUBQDBNTYKHXPJ-UHFFFAOYSA-N,O=C1NCCN(C(=O)CCCN2CCN(c3cccc(Cl)c3Cl)CC2)C1C(=O)NC1CCCCC1,4.569999968362492,1,0.0,2021,2021,2021,IC50,B,1
FXPWIJUEEVCPAI-SECBINFHSA-N,CN[C@@H]1Cc2cc(C#N)cc3[nH]c(=O)n(c23)C1,4.565431095965801,1,0.0,2016,2016,2016,Ki,B,1
ASMWBPNCBDZFBV-UHFFFAOYSA-N,O=C(c1ccc(F)cc1)N1CCC(NCC[S+]([O-])C(c2ccc(F)cc2)c2ccc(F)cc2)CC1,4.549750891680639,1,0.0,2020,2020,2020,Ki,B,1
NIMADOZRRAVFFL-UHFFFAOYSA-N,O=Cc1ccn(C2CCN(Cc3ccccc3)CC2)c1,4.508638306165727,1,0.0,1999,1999,1999,Ki,B,1
HEBQIUNCEBCMFD-UHFFFAOYSA-N,N#CC(C#N)=Cc1ccc(CN2CCN(c3ccc(Cl)cc3)CC2)[nH]1,4.508638306165727,1,0.0,1999,1999,1999,Ki,B,1
BISFCURDZAXFKN-UHFFFAOYSA-N,Cc1ccc(Cn2c(=O)[nH]c3c(c2=O)CN(Cc2cccc(C#N)c2)CC3)cc1,4.503070351926785,1,0.0,2025,2025,2025,Ki,B,1
QKMCUEOKZNEZFG-FIHHNCHPSA-N,C[C@H]1CO[C@H](c2ccc(N)nc2)CN1CC1CC1CNC(=O)c1cc2ccccc2[nH]1,4.482804102050026,3,0.2097787343169395,2019,2019,2019,Ki,B,1
QHTTYYWWULUJBN-UHFFFAOYSA-N,N#Cc1ccc2cc(CN3CCN(c4ccc(Cl)c(Cl)c4)CC3)[nH]c2c1,4.481486060122113,1,0.0,2000,2000,2000,Ki,B,1
JPJLOKLXASWXIM-UHFFFAOYSA-N,CN1CCN(Cc2cnn3ccccc23)CC1,4.468521082957745,1,0.0,1999,1999,1999,Ki,B,1
YKCXNSAIVWHWKR-IQZDNPOKSA-N,C[C@@H]1[C@@H]2[C@H](CN1Cc1ccccc1)[C@H](CO)[C@H]2N1CCCC1,4.443697499232713,1,0.0,2012,2012,2012,Ki,B,1
YXLCOBLTAWMMRS-ZDRNMDQLSA-N,CCN(CC)[C@@H]1[C@@H](CO)[C@H]2CN(Cc3ccccc3)[C@H](c3ccccn3)[C@H]21,4.443697499232713,1,0.0,2012,2012,2012,Ki,B,1
PJFFOWVGCUFENF-UHFFFAOYSA-N,N#Cc1cccc(CN2CCc3[nH]c(=O)n(Cc4ccc(C(F)(F)F)cc4)c(=O)c3C2)c1,4.438898616350944,1,0.0,2025,2025,2025,Ki,B,1
PCDNISCTQCOCTC-UHFFFAOYSA-N,CN(C)CCC(C(=O)N(C)C)(c1ccccc1)c1ccccc1,4.432973633840939,1,0.0,2021,2021,2021,Ki,B,1
RCOOYZUDBHDXOZ-UHFFFAOYSA-N,O=C(Cn1c(CCCN2CCN(c3cccc(Cl)c3Cl)CC2)nc2ccccc21)NCc1ccccc1,4.419999995796937,1,0.0,2021,2021,2021,IC50,B,1
YFGHCGITMMYXAQ-LJQANCHMSA-N,NC(=O)C[S@@+]([O-])C(c1ccccc1)c1ccccc1,4.4089353929735005,1,0.0,2016,2016,2016,Ki,B,1
YFGHCGITMMYXAQ-UHFFFAOYSA-N,NC(=O)C[S+]([O-])C(c1ccccc1)c1ccccc1,4.4089353929735005,1,0.0,2020,2020,2020,Ki,B,1
GHAOYUDOVIKTMJ-UHFFFAOYSA-N,Fc1ccc(N2CCN(Cc3cn4ccncc4n3)CC2)cc1,4.376750709602099,1,0.0,2006,2006,2006,Ki,B,1
JVQBISWUXRKBAJ-KRWDZBQOSA-N,c1ccc(CC[C@H]2CN(Cc3nc4ccccc4[nH]3)CCO2)cc1,4.35180343867153,2,0.33219423642502005,2014,2014,2014,IC50;Ki,B,1
DQSWREBDNVEGNC-UHFFFAOYSA-N,N#Cc1cccc(CN2CCc3[nH]c(=O)n(Cc4ccc(Cl)c(Cl)c4)c(=O)c3C2)c1,4.291579099865287,1,0.0,2025,2025,2025,Ki,B,1
BRLKFLGNILMDCZ-UHFFFAOYSA-N,Oc1c(O)c(Br)c(COCc2c(Br)c(O)c(O)c(Br)c2Br)c(Br)c1Br,4.229147988357856,1,0.0,2024,2024,2024,EC50,F,1
RISVNNDOXVACCB-UHFFFAOYSA-N,Fc1ccc(N2CCN(Cc3cn4cccnc4n3)CC2)cc1,4.221848749616356,1,0.0,2006,2006,2006,Ki,B,1
SGWVLOCBQLQWQV-UHFFFAOYSA-N,O=C(c1cnn2ccccc12)N1CCN(c2ccc(Cl)cc2)CC1,4.214670164989233,1,0.0,1999,1999,1999,Ki,B,1
DXDRHHKMWQZJHT-FPYGCLRLSA-N,O=C(/C=C/c1ccc(O)cc1)c1ccc(O)cc1O,4.205511953340831,1,0.0,2024,2024,2024,IC50,B,1
LYUYYIGCZIZIGF-LHEALVPGSA-N,COc1cc(F)c(O[C@H]2CC[C@@](C)(C(=O)O)CC2)cc1C(=O)N[C@H]1[C@@H]2CC[C@@H](C2)[C@H]1C(=O)NCC1(C)CCC1,4.200000030616179,1,0.0,2024,2024,2024,IC50,B,1
KOFYUIUZURNMRL-UHFFFAOYSA-N,COc1ccccc1N1CCN(Cc2c(C)nc3cc(C)ncn23)CC1,4.173925197299174,1,0.0,2009,2009,2009,Ki,B,1
XJKRLEJMJPXVGM-UHFFFAOYSA-N,Cn1c(SCCCN2CCNCC2)nnc1-c1ccccc1,4.138149093660504,1,0.0,2019,2019,2019,Ki,B,1
UJSKIIMXTSGSEQ-TZFUKMIJSA-N,C[C@H]1CO[C@H](c2ccc(N)nc2)CN1C/C=C/COc1ccc2c(c1)NC(=O)CC2,4.136677139879544,1,0.0,2019,2019,2019,Ki,B,1
YMTINGFKWWXKFG-UHFFFAOYSA-N,CC(C)OC(=O)C(C)(C)Oc1ccc(C(=O)c2ccc(Cl)cc2)cc1,4.096096257076128,2,0.33163756825932594,,,,IC50;Ki,B,1
SJWWTRQNNRNTPU-ABBNZJFMSA-N,CC(=O)O[C@H]1CC(C)(C)C(=C=C/C(C)=C/C=C/C(C)=C/C=C/C=C(C)/C=C/C=C(\C)C(=O)C[C@@]23O[C@]2(C)C[C@@H](O)CC3(C)C)[C@](C)(O)C1,4.086875209610441,1,0.0,2021,2021,2021,EC50,B,1
CRKVMJHROLSFMV-OAQYLSRUSA-N,Fc1cncc(CNCC[C@@]2(c3ccccn3)CCOC3(CCCC3)C2)c1,4.070070439915412,1,0.0,2023,2023,2023,Ki,B,1
HFNDOPJMFKOOBM-UHFFFAOYSA-N,Cn1c(SCCCN2CC3(CCN3c3ccc(F)cc3)C2)nnc1-c1ccccc1,3.7401959524246617,1,0.0,2017,2017,2017,Ki,B,1
