inchikey,validated,pAct_pre,n_pre,n_undated
MSNNKJFHFNWHFR-AQYVVDRMSA-N,1,,0,0
FHRMNCCBNRHQPN-XUTJKUGGSA-N,1,,0,0
FGVZAUNCIJVVFY-WGSAOQKQSA-N,1,,0,0
GMBOTQWDHJOKAM-KESTWPANSA-N,1,,0,0
KJOFXQKVGTXQTK-IYARVYRRSA-N,1,10.698970004336019,1,0
IVCDUDHUOFADMA-HZCBDIJESA-N,1,10.698970004336019,1,0
VICLMFFSPFEHLO-IYARVYRRSA-N,1,,0,0
JUDKAYYFYVHANR-GUROOMJWSA-N,1,,0,0
MODBIBJHAWXYOZ-LLVKDONJSA-N,1,,0,0
FIEUCLRMVRKRIW-YIQCUVMYSA-N,1,,0,0
KXAOPEMSBPZNPQ-AQYVVDRMSA-N,1,,0,0
NUMHPTHWXLDEFR-IVHGUIJPSA-N,1,,0,0
IOCBQXGKSWXFPW-QAQDUYKDSA-N,1,,0,0
BGQYARRWAJPAOC-KJDSRRNHSA-N,1,,0,0
ZRSYGNXIJUXTIX-UHFFFAOYSA-N,1,,0,0
UCRMCTXHTPNGTQ-WGSAOQKQSA-N,1,,0,0
LBCLWNAKMLUAKD-AQYVVDRMSA-N,1,,0,0
NQGXAETZRJZODZ-QAQDUYKDSA-N,1,,0,0
NCNRFJGBWYGCDE-HMRCJKRNSA-N,1,,0,0
RBZFRDTUHHOAAN-MXVIHJGJSA-N,1,,0,0
VZKXQURASTWIAW-AQYVVDRMSA-N,1,,0,0
MANJQFBEPDLLON-XUTJKUGGSA-N,1,,0,0
PQSCNANWIFBYCN-WKILWMFISA-N,1,,0,0
KXLVLBLWZFPQLE-RVZUZXSLSA-N,1,,0,0
OJUNMSDCPOWMOQ-WKILWMFISA-N,1,,0,0
OUJINBWEZGZUKQ-IYARVYRRSA-N,1,,0,0
ATHTVOQAJYMAOW-IGGCZAQCSA-N,1,,0,0
OQXLAYDVTKONPU-IYARVYRRSA-N,1,,0,0
OCNSHCHKTREKMB-IYARVYRRSA-N,1,,0,0
DBRVEHQLZZEVFX-MXVIHJGJSA-N,1,,0,0
AHJHJVULSVKBEA-WGSAOQKQSA-N,1,,0,0
WORJIMKQVUMSKB-AJJNSDSGSA-N,1,,0,0
ZTKKAIYXNICILE-MXVIHJGJSA-N,1,,0,0
BYJLEOXPONSXOY-IYARVYRRSA-N,1,,0,0
DJOCSUALXFPRDN-UODZTUOZSA-N,1,,0,0
MPNCNHGPKFXJQG-QAQDUYKDSA-N,1,,0,0
KXRPTGDSBJOKRD-UHFFFAOYSA-N,1,,0,0
PVZYVDCGRBZEMH-IYARVYRRSA-N,1,,0,0
DQPNZJRSJFNUQR-VQTJNVASSA-N,1,,0,0
MTSRJJUOIYINNP-UHFFFAOYSA-N,1,10.221848749616356,1,0
RLCITMZJUDPBHU-KOAQGZTJSA-N,1,,0,0
SOMWRASUKKDBSH-HZCBDIJESA-N,1,,0,0
ULLCNVODUCDGBS-PGCGBBBBSA-N,1,,0,0
ZLSSQJVDFDOQOK-AQYVVDRMSA-N,1,,0,0
HNKSCJOZAQWYMZ-QAQDUYKDSA-N,1,,0,0
NIFGQHGFOUMQJN-KCWPFWIISA-N,1,,0,0
GYLMYXSRSKKAER-ZVWHWTBFSA-N,1,,0,0
CHXSNTQDFOAJJK-XUTJKUGGSA-N,1,,0,0
QSUZKISJHDJAOP-WKILWMFISA-N,1,,0,0
OMGQCEITFUGYJF-YEPDHIAXSA-N,1,,0,0
PKOXYVFXXHZYKA-QWFCFKBJSA-N,1,,0,0
OFNJFDWFNZIXMI-KESTWPANSA-N,1,,0,0
JMFUJUHOBGECJQ-QAQDUYKDSA-N,1,,0,0
OFWBNRKDYGFFGN-QRTMHTFLSA-N,1,,0,0
UYNTZKCUFSBUOJ-UHFFFAOYSA-N,1,,0,0
BLTQTSIKHDZFTP-QPPLWRQOSA-N,1,,0,0
RGWPRPGUMAJABR-YCFKULOQSA-N,1,,0,0
AJKWTVBJXNYTPH-FVUUGDKNSA-N,1,,0,0
APQHSBNBSWHBSZ-KESTWPANSA-N,1,,0,0
NIJWMLBNDUWVQH-IYARVYRRSA-N,1,,0,0
YJHMYPHXIJOCOQ-UHFFFAOYSA-N,1,,0,0
YDLWLYDTYNHXBM-UHFFFAOYSA-N,1,10.070581074285707,1,0
XGFFXWPMGJJBFH-KESTWPANSA-N,1,,0,0
GKTINDHAZROOEF-XUTJKUGGSA-N,1,,0,0
MLURUQHLUHYMEL-YVWKXTFCSA-N,1,,0,0
WZQXXUHEORDTMN-LEWJYISDSA-N,1,,0,0
WAZOEZSHZLLENC-KLYXCBONSA-N,1,,0,0
RGWGDYMUCXDODX-XUTJKUGGSA-N,1,,0,0
PUVBZHHLUFJVIL-SAABIXHNSA-N,1,,0,0
SFIXZGTVVWNOSY-QRFRQXIXSA-N,1,,0,0
IJKACRJOPXDGDS-UHFFFAOYSA-N,1,,0,0
KMIIKERMEYOZTK-PGWJBFNOSA-N,1,,0,0
PNDDOSJAKNIYIV-QAQDUYKDSA-N,1,,0,0
ZTUVVTSLJSCZMY-UAPYVXQJSA-N,1,,0,0
AFUSDDXNVRXJFU-KJDSRRNHSA-N,1,,0,0
OGKVKDKJRLURJP-QAQDUYKDSA-N,1,,0,0
NQPMEVDLXOHCCR-UHFFFAOYSA-N,1,,0,0
BGBRLHVYFFIIIM-JCTBFJPBSA-N,1,,0,0
JMYVVZJJTRVCDC-UHFFFAOYSA-N,1,10.00436480540245,1,0
VITUDJAVASFPKN-DEOSSOPVSA-N,1,10.0,1,0
KWZBJWOQFABHPF-UHFFFAOYSA-N,1,,0,0
OAUBLUIXSXPHTA-IYARVYRRSA-N,1,,0,0
LFSNQCYUKYZKTM-IYARVYRRSA-N,1,,0,0
OVCKLMKHELICSW-CQOQZXRMSA-N,1,,0,0
AXWHEAPHZLQQJC-JCNLHEQBSA-N,1,,0,0
DGKURWUVIVQHCD-UHFFFAOYSA-N,1,9.978810700930062,1,0
XDIPGTFTRLCMJN-RZJSWYKGSA-N,1,,0,0
SDPSCMJWIDFOEZ-SAABIXHNSA-N,1,,0,0
MWYSFMDHBGHGSI-UHFFFAOYSA-N,1,,0,0
RDYIEETWSJIEMH-KESTWPANSA-N,1,,0,0
RWQUXQWRQIGSHJ-QAQDUYKDSA-N,1,,0,0
WELSMEFKUXDCLH-XUTJKUGGSA-N,1,,0,0
DABZIXMFPZVHTF-XUTJKUGGSA-N,1,,0,0
INHNATSHBKJSGN-UAPYVXQJSA-N,1,,0,0
SBWQGFPWQUSXLS-LYFUNVNOSA-N,1,,0,0
SVQMUKSPRVEFME-YIQCUVMYSA-N,1,,0,0
PTUNPPZTSHFJHC-UHFFFAOYSA-N,1,9.920818753952375,1,0
PFLVUDAFKXUKEV-UHFFFAOYSA-N,1,9.920818753952375,1,0
IUDLGCVTTLUKGF-QAQDUYKDSA-N,1,,0,0
FNMHRIVKENCKLK-IGGCZAQCSA-N,1,,0,0
FWMIDKRMSILWNA-IYARVYRRSA-N,1,,0,0
UIFXBTKQVKHNLS-SAABIXHNSA-N,1,,0,0
WZWRNSLQPLMVBF-QAQDUYKDSA-N,1,,0,0
RPTDCWYNUAKXPN-OJBMAJLDSA-N,1,,0,0
LBYNXCSSGDKEPL-ZWKOTPCHSA-N,1,,0,0
HSCUDLWMSFZPQC-SMQSCJQKSA-N,1,,0,0
JJZYJNHNBLRMSV-SYYKKAFVSA-N,1,,0,0
GFYPLRKHLRVZID-SFHLNBCPSA-N,1,,0,0
PUXZKIZAAABQFP-AQYVVDRMSA-N,1,,0,0
UPWPDOXZYFFWOS-UHFFFAOYSA-N,1,,0,0
UTFOVXIJDJSMKK-VWLOTQADSA-N,1,9.92021640338319,10,0
AADCDMQTJNYOSS-LBPRGKRZSA-N,1,9.834387609489633,2,0
JFBMKPAJRCILMR-UHFFFAOYSA-N,1,,0,0
OVCZXWAILUTIOQ-UHFFFAOYSA-N,1,9.886056647693163,2,0
QVWNZRUILCXOBY-YIQCUVMYSA-N,1,,0,0
NIIZBIHFOWYVTO-GNWSRGIHSA-N,1,,0,0
DPVXQZQCRKUMLB-WGSAOQKQSA-N,1,,0,0
MWXWYXYVNMABPU-UAPYVXQJSA-N,1,,0,0
ZBFUMDILDZBFFX-DHYNVXFASA-N,1,,0,0
NIIYYNMLJBPZMZ-JKSUJKDBSA-N,1,,0,0
NQOMONLOFJNENB-IYARVYRRSA-N,1,,0,0
AXGNSCJOHWKGNC-NZFXNERUSA-N,1,,0,0
KRNLFYUCQHYKNH-KJDSRRNHSA-N,1,,0,0
ZIXSDYOKURBREP-IYARVYRRSA-N,1,,0,0
XOMRUHWGUJNGLC-AFARHQOCSA-N,1,9.853871964321762,2,0
KPLQQMQZQUMPCN-UHFFFAOYSA-N,1,9.853871964321762,1,0
KHUQUWFRCNWUQH-WGSAOQKQSA-N,1,,0,0
SFDFLIFDKGORAT-KESTWPANSA-N,1,,0,0
MTHGNUDPACETSB-HMRCJKRNSA-N,1,,0,0
NEVZTCJUOYESGL-RZJSWYKGSA-N,1,,0,0
RFWMMUCBGJUDDD-MIRVZWSXSA-N,1,,0,0
AVBOEALXXMIBAR-WGSAOQKQSA-N,1,,0,0
WHNDUGSFHPQVOW-YGXOWLSWSA-N,1,,0,0
NEIFIHLUPPCEQL-AFARHQOCSA-N,1,,0,0
KPMLSODFRCJODQ-UAPYVXQJSA-N,1,,0,0
UGMMZTANOLIPDJ-UAPYVXQJSA-N,1,,0,0
JGXVHHJVAUYNIF-UAPYVXQJSA-N,1,,0,0
OIJAOTPYMBONBE-SFHLNBCPSA-N,1,,0,0
NYCAEWGZMHUFLY-XUTJKUGGSA-N,1,,0,0
DVVDLSCUPMTBKI-UHFFFAOYSA-N,1,,0,0
ARTYMOMXSPBDNS-ULQDDVLXSA-N,1,,0,0
XSKRLZXLIVVXHO-UHFFFAOYSA-N,1,,0,0
IZZMBWJXQOJUHH-JOCHJYFZSA-N,1,9.79997073344623,1,0
BKJGKGPGPACEQW-JTQLQIEISA-N,1,9.795880017344075,1,0
JCSREICEMHWFAY-HGCGQDOSSA-N,1,9.795880017344075,1,0
MNXNYFBCTGEMEN-IYARVYRRSA-N,1,,0,0
FIJPMMPGAZUPGI-LEWJYISDSA-N,1,,0,0
BVCCYDFGXLDTIH-WGSAOQKQSA-N,1,,0,0
IYUXTQUHGHENIF-XGAFWQRZSA-N,1,,0,0
XWTDQRZJIQBPTH-VQTJNVASSA-N,1,,0,0
HNRDJYILRSRTOJ-JCNLHEQBSA-N,1,,0,0
QVWNZRUILCXOBY-GUDVDZBRSA-N,1,,0,0
FNNXWXFDPGCSNX-XUTJKUGGSA-N,1,,0,0
DVVDLSCUPMTBKI-IRJFHVNHSA-N,1,,0,0
SUTCZLHSJOQUEU-KESTWPANSA-N,1,,0,0
UPVXFLPSBHVUGK-UHFFFAOYSA-N,1,,0,0
DPJFJYDSIWERHB-NSCUHMNNSA-N,1,,0,0
XKDKQVRKVICXBR-IVHGUIJPSA-N,1,,0,0
ZEJGFUORSVMUEP-XIRDDKMYSA-N,1,,0,0
IIESJQKRXCMWAC-FVUUGDKNSA-N,1,,0,0
VJEFULHYJJGZPU-SAABIXHNSA-N,1,,0,0
TZHDOGYRHPETAK-JCNLHEQBSA-N,1,,0,0
ZWLRISKBHMJXJU-UAPYVXQJSA-N,1,,0,0
XJSNUYSRIVRHKR-GRGJZFFOSA-N,1,,0,0
PPNVEHNMOQYPLB-QAQDUYKDSA-N,1,,0,0
FFSNUOARHPWUIL-UAPYVXQJSA-N,1,,0,0
YUQSRDBNOFGTEH-KCZVDYSFSA-N,1,,0,0
KKOVIGNMWZIDFQ-UHFFFAOYSA-N,1,,0,0
YXLMDXDARNJQRB-JCNLHEQBSA-N,1,,0,0
QIUOKLGCJSMRSR-SAABIXHNSA-N,1,,0,0
IEZLUUHSTFBOBK-LBEPJEHYSA-N,1,,0,0
LGLAXVZDUIMUSC-UHFFFAOYSA-N,1,,0,0
JJDMYYLIPNQZQN-UHFFFAOYSA-N,1,,0,0
BKRGVLQUQGGVSM-KBXCAEBGSA-N,1,9.309704458386584,2,2
CGCDEESEQCYCIB-UHFFFAOYSA-N,1,,0,0
HZINVGWYTDHAFA-UHFFFAOYSA-N,1,9.744727494896694,1,0
HTHHKXUTDJTRGL-AFARHQOCSA-N,1,,0,0
IONAUXJNMRGVRI-UAPYVXQJSA-N,1,,0,0
IWALVTABIRHYMJ-QFTWOCFFSA-N,1,,0,0
QJERAWQQAOXOKR-SAUNMDRZSA-N,1,,0,0
VXTINWNGKOZZIK-XGAFWQRZSA-N,1,,0,0
XAEGPGYCBVFNJE-KESTWPANSA-N,1,,0,0
DCCITNRSVJBGMS-KESTWPANSA-N,1,,0,0
CJSWEVQUNWOTCF-KESTWPANSA-N,1,,0,0
JDGWCJQTEUISIR-GGYDESQDSA-N,1,,0,0
XUKSGYGUDPUQCB-SIKLNZKXSA-N,1,,0,0
MDTYNDPHGHTQTJ-QHCPKHFHSA-N,1,9.730487055782083,1,0
ZLYZZQJTZBMSMX-DEOSSOPVSA-N,1,9.721246399047171,1,0
QJRUCZBGBMXWPF-AQYVVDRMSA-N,1,,0,0
AMFZVTYRKIIUHJ-OWWJJEGGSA-N,1,,0,0
MMNIVLFMZPOKNE-MXVIHJGJSA-N,1,,0,0
UKVNVIVEPLGCBQ-JCNLHEQBSA-N,1,,0,0
MGLROOVVYGGYLB-WKILWMFISA-N,1,,0,0
LLHCWQNGFVSDKL-SQHAQQRYSA-N,1,9.700057099977233,1,0
OKHRWBVXVXXGLN-UHFFFAOYSA-N,1,9.700057099977233,1,0
YECOTWMMKZQQAE-UHFFFAOYSA-N,1,9.700057099977233,1,0
RISZOHTXHUANFZ-UHFFFAOYSA-N,1,9.699513552156626,2,0
IWUPLAFLTUWLMF-GOSISDBHSA-N,1,9.698970004336019,1,0
DMVANBWXLUGNDG-UHFFFAOYSA-N,1,9.698970004336019,1,0
UYSUVIPTEFGQSA-UHFFFAOYSA-N,1,,0,0
VUSBFQZSDADXBE-UHFFFAOYSA-N,1,,0,0
SWMWIPKNFRXYGJ-UHFFFAOYSA-N,1,,0,0
YNYDYHAGYPXNNN-SAABIXHNSA-N,1,,0,0
RVWPDWZOIDVHIU-LSDHHAIUSA-N,1,,0,0
CHOIZZRTZYWAEG-QAQDUYKDSA-N,1,,0,0
ZYDBRNKSTBPXRH-QAQDUYKDSA-N,1,,0,0
NIBPDBNUZFUPIR-IYARVYRRSA-N,1,,0,0
RRJQXEPYGACJSE-JKIUYZKVSA-N,1,,0,0
CHFNGKXNJCPICF-KESTWPANSA-N,1,,0,0
HXYOWUYUMZFBLT-IYARVYRRSA-N,1,,0,0
OAQYNXQHFCWRFX-NUDCOPPTSA-N,1,,0,0
RDWUPEKDNFAEMT-GRXNBEMRSA-N,1,,0,0
IDWJNGMFAPCILL-IYARVYRRSA-N,1,,0,0
CYHOPBNLDJUVAX-OWWJJEGGSA-N,1,,0,0
OWLVWXYRTGDNMM-IYARVYRRSA-N,1,,0,0
VNNNOJMMKZKFEA-UHFFFAOYSA-N,1,,0,0
ZEUBNARLFXEIJD-UHFFFAOYSA-N,1,,0,0
HMTJKRFRBLRBNL-BVAGGSTKSA-N,1,,0,0
VGOAURMKLDUSEO-UHFFFAOYSA-N,1,9.67778070526608,1,0
JCSREICEMHWFAY-UHFFFAOYSA-N,1,9.67778070526608,1,0
OVKBSFKFSBQCLW-LJAQVGFWSA-N,1,,0,0
LBNGJZBDUWZGLH-UAPYVXQJSA-N,1,,0,0
WMQLLTKSISGWHQ-WKILWMFISA-N,1,,0,0
IWYJMDHFHLLTOE-WGSAOQKQSA-N,1,,0,0
CLRYURPPBOMVCN-KESTWPANSA-N,1,,0,0
OXEBBPWCOUTLBS-XUTJKUGGSA-N,1,,0,0
WONAHXSYCVEMFZ-JCNLHEQBSA-N,1,,0,0
QAECXZXKVURFMR-LBPRGKRZSA-N,1,9.657577319177793,1,0
IOKDDLUMOKQUEG-WGSAOQKQSA-N,1,,0,0
XSHRDEIBCLNUGC-MIRVZWSXSA-N,1,,0,0
VVODYFOWICQKRF-XYWHTSSQSA-N,1,,0,0
QFFHKTGTQLEPSD-SMQSCJQKSA-N,1,,0,0
PTBUPSWCTVUVPR-AFARHQOCSA-N,1,,0,0
AASBFJIEFSDMGW-VHPWLNBFSA-N,1,,0,0
GHTMTRPUXJGASR-XYWHTSSQSA-N,1,,0,0
JPNVWOLGTXJVFQ-XUTJKUGGSA-N,1,,0,0
AENHFZZMNBETCL-UHFFFAOYSA-N,1,,0,0
KFMBPIZMZUDONQ-UHFFFAOYSA-N,1,9.638272163982407,7,0
OTFGIKBDQRIECS-UHFFFAOYSA-N,1,9.638272163982407,1,0
KYGUWADEZNRGLX-IYARVYRRSA-N,1,,0,0
LSQJPMUMQFFZON-LYXWCMDISA-N,1,,0,0
UZWFPAGPMDHLOW-IHRKKFBRSA-N,1,,0,0
IOMZYSDKSLXMQC-XUTJKUGGSA-N,1,,0,0
CAIGDBOMRARVPM-MIRVZWSXSA-N,1,,0,0
USLVOMPDACWTJR-UHFFFAOYSA-N,1,,0,0
BZDRSIBAGZRBSC-UHFFFAOYSA-N,1,,0,0
ZGFFHDZTIIMMPT-BZSNNMDCSA-N,1,,0,0
UXVSPCRUHCDGHS-UHFFFAOYSA-N,1,,0,0
OVRYUDOMQFGLII-NRFANRHFSA-N,1,9.619788758288394,1,0
SVQJCNSOIUXANV-IYARVYRRSA-N,1,,0,0
XOUPKGAJLSOMOY-WGSAOQKQSA-N,1,,0,0
FVQPLTGWKDOVQS-IYARVYRRSA-N,1,,0,0
DEJLBFQQDJSQMU-XUTJKUGGSA-N,1,,0,0
OGRYOYIDGBUEFL-XUTJKUGGSA-N,1,,0,0
BXKFXOACSNDHEK-QYBDOPJKSA-N,1,,0,0
DHAAPGIEGBCWTO-IYARVYRRSA-N,1,,0,0
OSFGBHRMZGLGDA-WKILWMFISA-N,1,,0,0
RDRRNTYOUDJHNF-UHFFFAOYSA-N,1,,0,0
NOUYXTFEXJHBRE-UHFFFAOYSA-N,1,9.610924374808178,4,0
POFDQHAFICYDAQ-UHFFFAOYSA-N,1,9.609948503541013,1,0
DGRHJZMAQQIHDX-BWKNWUBXSA-N,1,,0,0
KLFRUTOTKKRLHR-UHFFFAOYSA-N,1,9.602059991327963,1,0
IPRYGZPENCDGPQ-UHFFFAOYSA-N,1,9.602059991327963,1,0
HCQPBJDAJVESML-UHFFFAOYSA-N,1,,0,0
DCVYADGMMVMIBW-VQTJNVASSA-N,1,,0,0
ANUOVSVJABNEPR-AQYVVDRMSA-N,1,,0,0
NWCJFZMQGGIAAN-GGYDESQDSA-N,1,,0,0
XFNMWPWYPXOJNL-SHTZXODSSA-N,1,,0,0
YHFJWUFDUIOAOW-XUTJKUGGSA-N,1,,0,0
RKDURTQUESFRCI-NUDCOPPTSA-N,1,,0,0
POAVMWZFLHERGE-KJDSRRNHSA-N,1,,0,0
BYVRVQNZFICZEB-OAQYLSRUSA-N,1,9.600326278518962,1,0
DFUHQLOJRVHHKU-UHFFFAOYSA-N,1,9.599980364934842,1,0
AZHWBKISPLORGA-UHFFFAOYSA-N,1,9.599980364934842,1,0
AREYZFZATPKFNP-UHFFFAOYSA-N,1,9.599980364934842,1,0
AWJOAMPQOUEKCN-KDYSTLNUSA-N,1,9.599980364934842,1,0
ODIJMXCJWMOZFJ-PGRDOPGGSA-N,1,9.599980364934842,1,0
ZZJYIKPMDIWRSN-HWBMXIPRSA-N,1,10.397940008672037,1,0
NMEPMLDUQJFQOK-KCWPFWIISA-N,1,,0,0
TVENMNGVXOQXLP-UHFFFAOYSA-N,1,9.585026652029182,4,0
CPWJJWMVFFZCGJ-IBGZPJMESA-N,1,9.585026652029182,1,0
CPWJJWMVFFZCGJ-UHFFFAOYSA-N,1,9.585026652029182,1,0
UMTWXZNVNBBFLC-SHTZXODSSA-N,1,,0,0
GZSFYWPBBDGROV-SMQSCJQKSA-N,1,,0,0
LMTZTESHSHMVNE-ZWKOTPCHSA-N,1,,0,0
SEEYDRHSWVYCLV-OFUUFJSKSA-N,1,,0,0
WWGZVJLTFFUDLI-UAPYVXQJSA-N,1,,0,0
ITIATPRLDJMYTO-RDGATRHJSA-N,1,,0,0
QHJLPOSPWKZACG-UHFFFAOYSA-N,1,9.576754126063193,1,0
UPKZNVQHJZHSGN-UHFFFAOYSA-N,1,9.568636235841012,1,0
OLFPBASVCZUWSQ-UHFFFAOYSA-N,1,9.568636235841012,1,0
KPWSJANDNDDRMB-QAQDUYKDSA-N,1,8.904333189143353,4,0
MZBZALUTJALVLT-WKILWMFISA-N,1,,0,0
OSXORBBNIVOHKD-QAQDUYKDSA-N,1,,0,0
SIOPVRAJJRRPHX-XDPCMZJYSA-N,1,,0,0
DRHKJLXJIQTDTD-OAHLLOKOSA-N,1,9.55284196865778,1,0
IUKPIALDWLVDKD-KOAQGZTJSA-N,1,,0,0
UFMVMASXCZSNCW-XUTJKUGGSA-N,1,,0,0
CHGQHUPEIRRCOX-MIRVZWSXSA-N,1,,0,0
GKYCMCAEMPRKBH-UHFFFAOYSA-N,1,9.551450489942221,2,0
IJKCMXOYXRJELY-ZDUSSCGKSA-N,1,,0,0
OXVZLPIGSCONSD-UHFFFAOYSA-N,1,9.537602002101044,1,0
FEBOTPHFXYHVPL-UHFFFAOYSA-N,1,,0,0
OIRZLTZLOKARTG-HXUWFJFHSA-N,1,,0,0
BNSLCCULUHMZBQ-KESTWPANSA-N,1,,0,0
DRDNXPOWBJOJRJ-RZFKFIIISA-N,1,,0,0
IWOSLDUAAMOOBE-IYARVYRRSA-N,1,,0,0
AFUKYYCEJQNSBL-IYARVYRRSA-N,1,,0,0
YOAZLAJFKSOXOC-PAVFIEEWSA-N,1,,0,0
CPYQIOWHIBJHPE-KESTWPANSA-N,1,,0,0
YJBVDNFZPGPMBN-MIRVZWSXSA-N,1,,0,0
WJCGSXAVQDDUOT-UHFFFAOYSA-N,1,,0,0
IDZASIQMRGPBCQ-UHFFFAOYSA-N,1,9.525061147981562,2,0
DEHCRGUCEKMKFX-OWOJBTEDSA-N,1,9.522878745280337,1,0
XCARDCCUPWWHMP-UHFFFAOYSA-N,1,9.522878745280337,1,0
AMKQYZPSQCPQGB-UHFFFAOYSA-N,1,9.522878745280337,1,0
PECNNRFECBMDBM-UHFFFAOYSA-N,1,9.522878745280337,1,0
WDIQJDYEIWJBCZ-LUBYNABHSA-N,1,,0,0
XEGOZLJTQYIDPV-IZUATPNUSA-N,1,,0,0
MPKOEBIUVHSEOH-ZVWHWTBFSA-N,1,,0,0
OWSJXULEJAVZGP-DLBZAZTESA-N,1,,0,0
YEUOAQOPSABWMD-KESTWPANSA-N,1,,0,0
ZBTNZGPMSDHVKB-UAPYVXQJSA-N,1,,0,0
BSHSURCBEXYRBE-UAPYVXQJSA-N,1,,0,0
JSGNRGPOORCANZ-SDNWHVSQSA-N,1,,0,0
XEJNCXFNKSUHHY-UHFFFAOYSA-N,1,,0,0
LCZMXKRXXCYHBB-WGSAOQKQSA-N,1,,0,0
DSNSWHGDQTZOTM-IYARVYRRSA-N,1,,0,0
ASYRWYXXPRLTPR-UHFFFAOYSA-N,1,,0,0
ASYRWYXXPRLTPR-FNNGWQQSSA-N,1,,0,0
YDOILAGGRVCPSJ-VJMAFPLCSA-N,1,,0,0
WDJJKEWRFILELR-WKILWMFISA-N,1,,0,0
BSWZSZOYSSLNOY-IHRKKFBRSA-N,1,,0,0
DQWJWRGJUJYEGP-QAQDUYKDSA-N,1,,0,0
ZNDQQIIBZBVUEP-QAQDUYKDSA-N,1,,0,0
CTRVTEOXKBMCKO-QPPBQGQZSA-N,1,,0,0
QQJHRQZZCNYDMX-VPUSJEBWSA-N,1,9.500038134403809,1,0
BGEAJJAWRXRQLO-UHFFFAOYSA-N,1,9.500038134403809,2,0
JARNORYOPMINDY-UHFFFAOYSA-N,1,9.500038134403809,3,0
CWADTSDGYTVLDK-UHFFFAOYSA-N,1,9.500038134403809,1,0
KBYDKOYJEQUBOE-NBGIEHNGSA-N,1,9.500038134403809,1,0
HZISGJVOPZSKRZ-QPPBQGQZSA-N,1,,0,0
IRVKXZUMTITJIC-UHFFFAOYSA-N,1,9.494850021680094,3,0
QBLXQBNQMNADCM-QAQDUYKDSA-N,1,,0,0
WNJFVRDWMYZFCD-JKSUJKDBSA-N,1,,0,0
KSPKVSHQLXLKIQ-ZVWHWTBFSA-N,1,,0,0
MBCROYIVEQFERC-IYARVYRRSA-N,1,,0,0
KIRVGEZJDUEMOH-RZJSWYKGSA-N,1,,0,0
DPZGNBYQYWDDEZ-WKILWMFISA-N,1,,0,0
CAAIZYOGVIMUEU-KOEQRZSOSA-N,1,,0,0
DKGZKTPJOSAWFA-UHFFFAOYSA-N,1,9.522878745280337,6,0
HRXRYNFLHBSTFS-BUHFOSPRSA-N,1,9.481486060122112,2,0
USGFBEWNXKQBDG-UHFFFAOYSA-N,1,9.481486060122112,3,0
TXJZKUBFJGPDAH-FQEVSTJZSA-N,1,,0,0
UOSSMYDHMWQSDB-UHFFFAOYSA-N,1,,0,0
FIHJHWNDFUFQRI-IZBCBXDISA-N,1,,0,0
XHTUKQHIWDPDMZ-XUTJKUGGSA-N,1,,0,0
QOFRSPQAWIAXCA-ZSQTZEJBSA-N,1,,0,0
CAUZGOJSULUNOZ-YJLYGGOZSA-N,1,,0,0
ADGRZRHCVXPKAN-UHFFFAOYSA-N,1,,0,0
YQJSOEKFOQHZGK-FAQVEIGNSA-N,1,9.468521082957745,1,0
OSAOKFNDHSEFAK-UHFFFAOYSA-N,1,9.468521082957745,1,0
YNOWHDNGRNBDQJ-UHFFFAOYSA-N,1,,0,0
WOOSSNMEFYDJFX-IFSQOONMSA-N,1,,0,0
QQVCXXKIFUBWJB-IYARVYRRSA-N,1,,0,0
NRTBOHXSGLSYAH-KKLQWCBXSA-N,1,,0,0
SOXRFGOVSJBYRC-UHFFFAOYSA-N,1,,0,0
AUBVMUJWPOHAEW-UHFFFAOYSA-N,1,9.45001638884031,1,0
IZZNYYLQSUDWDO-UHFFFAOYSA-N,1,,0,0
KHTVRVDYYAMNRK-UHFFFAOYSA-N,1,9.443697499232712,1,0
ULQCYDXROAATLP-AQYVVDRMSA-N,1,,0,0
MCFFIBILMUFGPB-GGYDESQDSA-N,1,,0,0
TWAGQMOSGNQWTA-WDRWKGISSA-N,1,,0,0
LHGVDYIWDBIZNF-VLZXCDOPSA-N,1,,0,0
YLLFOYMWGWZZIG-WGSAOQKQSA-N,1,,0,0
OGRCIXTZMPQEAX-JKIUYZKVSA-N,1,,0,0
XCMZICLYBMZMMQ-XGAFWQRZSA-N,1,,0,0
ZKIQTIIYWKTIGZ-GUJKFWMDSA-N,1,,0,0
AQCPIJGBSDFUKW-CVKSISIWSA-N,1,,0,0
VUBGTPVVYQBGQN-GLOFJIOZSA-N,1,9.431798275933005,1,0
YHMDCFXONGIJED-NGRWLJPCSA-N,1,9.431798275933005,1,0
LXBALWXAUSOISX-QAQDUYKDSA-N,1,,0,0
SWBDXLYGHQRFIV-WGSAOQKQSA-N,1,,0,0
OIPJHHKEXPIMJA-WGSAOQKQSA-N,1,,0,0
BHFHISLIGZMIKQ-WGSAOQKQSA-N,1,,0,0
OVJRPKRJFYSRHL-VQTJNVASSA-N,1,,0,0
OTSVAHKQZLNXPN-HXUWFJFHSA-N,1,,0,0
PWYAMFWGADVMGC-SDNWHVSQSA-N,1,9.42021640338319,1,0
VGPQHQDBSBJSAG-UHFFFAOYSA-N,1,9.42021640338319,1,0
VKJZURAABIJNTM-UHFFFAOYSA-N,1,,0,0
ABXQTPKTPDAAGS-XGAFWQRZSA-N,1,,0,0
NWTLRPXTJVTFDS-QRCZIWRFSA-N,1,,0,0
DTLXZNWCYSVXJZ-UHFFFAOYSA-N,1,9.419987887470576,1,0
RFLFOJAXSFSCDA-UHFFFAOYSA-N,1,9.410050398674292,1,0
FRKKVNDZDTXASV-UHFFFAOYSA-N,1,9.4089353929735,1,0
KHORMSFWFAFWPW-UHFFFAOYSA-N,1,,0,0
FGTPWKOXAMOVMM-MIRVZWSXSA-N,1,,0,0
QPGOCVOZYYHHFI-DSFVOBFGSA-N,1,,0,0
AXZLMPRGGDXHFB-UHFFFAOYSA-N,1,,0,0
MJTGBGFLMDUFKD-UHFFFAOYSA-N,1,,0,0
QRRCESJWXMIGPS-SIKLNZKXSA-N,1,,0,0
NVCMKCBLQDUADQ-UHFFFAOYSA-N,1,9.400007822415901,1,0
HMXWHDMFAKYACA-UHFFFAOYSA-N,1,9.400007822415901,1,0
AJEQJTPMMJPNLR-UHFFFAOYSA-N,1,,0,0
HGEYJZMMUGWEOT-UHFFFAOYSA-N,1,9.397940008672037,1,0
NJDDOYGAHXQMEQ-CQSZACIVSA-N,1,9.397940008672037,1,0
ZLYZZQJTZBMSMX-UHFFFAOYSA-N,1,9.397940008672037,1,0
VLHYFLPLTQFSPU-UHFFFAOYSA-N,1,9.397940008672037,1,0
KWNJJPLLFRQMRI-IYARVYRRSA-N,1,,0,0
LAPJQCOVOJOXOO-ZWKOTPCHSA-N,1,,0,0
KERPVCHNBDHHAB-IYARVYRRSA-N,1,,0,0
IKGGAFYATOQLDS-BZSJWONHSA-N,1,,0,0
XUKSGYGUDPUQCB-UHFFFAOYSA-N,1,,0,0
QRRCESJWXMIGPS-KNQAVFIVSA-N,1,,0,0
HBUKKEFQANLSNF-XLKFHUSGSA-N,1,,0,0
VLWXQHYDFCFOHW-UHFFFAOYSA-N,1,,0,0
SETUDWDSXHEINR-UHFFFAOYSA-N,1,,0,0
ALMQVQFFGPSBDJ-KJDSRRNHSA-N,1,,0,0
UCDYCEHGSPYQAV-IVHGUIJPSA-N,1,,0,0
PWZPBZQTTHOCIS-HHHXNRCGSA-N,1,9.769551078621726,1,0
FCYQRIODPYABJL-AVRDEDQJSA-N,1,,0,0
JYMJYHGKDBZGLV-UHFFFAOYSA-N,1,,0,0
WGLPSCZHULDZSS-JTQLQIEISA-N,1,9.3767507096021,1,0
CUHXIEXGYANARS-LUBYNABHSA-N,1,,0,0
ORYJIZSSGIMQPM-PHXQQHKGSA-N,1,,0,0
PQHIRTDXFUZNBI-DVECYGJZSA-N,1,,0,0
AAELEHAFAYIZRH-WGSAOQKQSA-N,1,,0,0
FXZOIJYOTNRPAT-JLHYYAGUSA-N,1,9.366531544420413,1,0
OVRYUDOMQFGLII-OAQYLSRUSA-N,1,9.366531544420413,1,0
GGADGPKOLXJMPS-UHFFFAOYSA-N,1,9.366531544420413,1,0
IWAHIMCMPBOXKG-FQEVSTJZSA-N,1,,0,0
PNKHRDPVHPGEHT-LBEPJEHYSA-N,1,,0,0
AXXFMVNEFOELFG-LBEPJEHYSA-N,1,,0,0
PJMKWDTWNMTUMU-WGSAOQKQSA-N,1,,0,0
IVGKEFCVDHKRFY-AQYVVDRMSA-N,1,,0,0
ISLIDTBUGBXVJF-AQYVVDRMSA-N,1,,0,0
MPHMCUFLRDUBRA-JTQLQIEISA-N,1,,0,0
OIRZLTZLOKARTG-UHFFFAOYSA-N,1,,0,0
JCZBIVTZYYLWOL-UHFFFAOYSA-N,1,9.361510743045363,1,0
FLDYDMUQJQRGFN-PZJWPPBQSA-N,1,,0,0
QQXFYZWQVQXWMO-JLHYYAGUSA-N,1,9.356547323513812,2,0
KXMILNJJEHWZPF-UHFFFAOYSA-N,1,9.356547323513812,1,0
DQOGQIXFWPGESA-UHFFFAOYSA-N,1,,0,0
BELDCHWNXBXUAP-FWNKOSSWSA-N,1,,0,0
QDOTVZOVPXPXFB-SAABIXHNSA-N,1,,0,0
GJCNUKKVVZQSJA-QAQDUYKDSA-N,1,,0,0
UMYKTTKPSRPJRN-SMQSCJQKSA-N,1,,0,0
DMAPCLHFHNJPKS-GBWYYYKWSA-N,1,,0,0
LSHBKBMJDZRGEU-UHFFFAOYSA-N,1,9.355561410532161,1,0
BQPDOZCUUSRJDC-LADGPHEKSA-N,1,,0,0
ZDZVACBBQOTFIS-UHFFFAOYSA-N,1,9.346787486224656,1,0
XWRCSVSWZWMHPY-GLOFJIOZSA-N,1,9.346787486224656,1,0
VBPWMWMHKVCXQD-UHFFFAOYSA-N,1,9.346787486224656,1,0
XPILIRKQJUBSIN-ROUUACIJSA-N,1,,0,0
FFIRBCLBJNTGHL-QRTMHTFLSA-N,1,,0,0
JZFCVLOUYCGOPW-WKILWMFISA-N,1,,0,0
ISJIDQUSRNCFFC-SXTNBDNLSA-N,1,,0,0
RCYQVAGOWPWGMT-NSSDIGLXSA-N,1,,0,0
PFYOIMYEJHJBDU-UHFFFAOYSA-N,1,9.33998877871067,1,0
JCSREICEMHWFAY-HUUCEWRRSA-N,1,9.33889035263304,4,0
FMZGBSVSSSJNBU-VAWYXSNFSA-N,1,9.337242168318426,1,0
JAYLRXXYDXFRKF-OUKQBFOZSA-N,1,9.337242168318426,1,0
YSQJEBUGELTUQM-ZDUSSCGKSA-N,1,9.337242168318426,1,0
LARBLICNTVPFKD-JCNLHEQBSA-N,1,,0,0
FCNYUNCSSSCOSB-OWWJJEGGSA-N,1,,0,0
DXFJRUPMNBYXGA-FVUUGDKNSA-N,1,,0,0
SMNHGHQEQJKZTP-UHFFFAOYSA-N,1,,0,0
LJTCNKUXICKSFP-JKSUJKDBSA-N,1,,0,0
PKERFNJZSQACGZ-RNVDEAKXSA-N,1,,0,0
BTGKFNRKGQRPEP-QAQDUYKDSA-N,1,,0,0
OKGFDRGOUZKSCP-SKUGRUHMSA-N,1,,0,0
ZBOKLEQSVNFDRU-ZWKOTPCHSA-N,1,,0,0
JQXMVFBXXAKVDC-NRFANRHFSA-N,1,,0,0
CBTZLJGZFWWZSF-QAQDUYKDSA-N,1,,0,0
UWKSEIMVPIPCAP-XUTJKUGGSA-N,1,,0,0
ADCYPKNNPPDYMB-ORQYLMBXSA-N,1,,0,0
GFIWVFPRSFCUJU-PAVFIEEWSA-N,1,,0,0
DLFOMSHOGRJNLH-JKIUYZKVSA-N,1,,0,0
BKNAUTOAXGRBHL-QRTMHTFLSA-N,1,,0,0
ZIQDGXNDXRMRPM-HTAPYJJXSA-N,1,,0,0
ZKXPPFSIRYLWQE-UHFFFAOYSA-N,1,9.309803919971486,3,0
UVAUEIWFNXYKDF-DNLFPKPLSA-N,1,,0,0
JBQIFWSBUXXWMF-UAPYVXQJSA-N,1,,0,0
UTQLQNQCKAXIAE-YFVAEKQCSA-N,1,,0,0
XUAUIXCHBXOTAB-PAVFIEEWSA-N,1,,0,0
XUYHFDXRBDOBCI-FVUUGDKNSA-N,1,,0,0
BRCGEGLQMCNETQ-UHFFFAOYSA-N,1,,0,0
FIFCKHUAPMXUCB-VQTJNVASSA-N,1,,0,0
QEQTYRYMOSHBTB-FCHUYYIVSA-N,1,,0,0
GBBXKCGHLOWKFM-WGSAOQKQSA-N,1,9.301029995663981,1,0
MPTLULQFGUQHHY-JLHYYAGUSA-N,1,9.301029995663981,1,0
PZWHEQIOEMDZEH-UHFFFAOYSA-N,1,9.301029995663981,1,0
QTPMSFPRKFKEHH-ZHACJKMWSA-N,1,9.301029995663981,1,0
IWUPLAFLTUWLMF-UHFFFAOYSA-N,1,9.301029995663981,1,0
SRHQZJRKCSXSCP-UHFFFAOYSA-N,1,9.301029995663981,1,0
ZQBFPGSJRSEUAX-UHFFFAOYSA-N,1,9.301029995663981,5,0
YWTBTOHAYFANIT-UHFFFAOYSA-N,1,9.301029995663981,3,0
XKAIELUQYYUCFN-UHFFFAOYSA-N,1,9.301029995663981,1,0
XPOABVKSLRGZDM-UHFFFAOYSA-N,1,9.301029995663981,1,0
HSNDKUASWXMOHD-UHFFFAOYSA-N,1,,0,0
PMLIXGHEIFJDMD-UHFFFAOYSA-N,1,,0,0
FBDPRQPQWAADRA-UEJVZZJDSA-N,1,,0,0
AWLLDUFWUOASGN-UHFFFAOYSA-N,1,,0,0
IDTLNOOYTVGUDL-ZWOKBUDYSA-N,1,,0,0
LYLVUDOAMFKTEL-ZWKOTPCHSA-N,1,,0,0
FRIUOYMOHHKICX-UHFFFAOYSA-N,1,,0,0
NTYVEZVFGHVTOQ-UHFFFAOYSA-N,1,,0,0
CPTSTFKVXWZGEV-UHFFFAOYSA-N,1,9.300509466670935,14,0
ZGEMRFRKWCDFJH-UHFFFAOYSA-N,1,9.299988937677888,2,0
ZQAMNGCYKZHATK-UHFFFAOYSA-N,1,9.299988937677888,1,0
YDIIMEYIGWYMMA-UHFFFAOYSA-N,1,9.299988937677888,1,0
SDAMYSWGWHXMRT-MRXNPFEDSA-N,1,9.299988937677888,1,0
MLHRKLZCJRKSHO-UHFFFAOYSA-N,1,9.299988937677888,4,0
OWNUCKLLDLFPLN-PGRDOPGGSA-N,1,9.299988937677888,1,0
HIRZFMOIKMLUHF-UHFFFAOYSA-N,1,9.299988937677888,4,0
ZULQKQGLUORZDC-HSGWXFLFSA-N,1,9.292429823902063,1,0
SZUYGMQMOXSGAH-IYARVYRRSA-N,1,,0,0
MROOSUHVJZSQKG-AFARHQOCSA-N,1,,0,0
XXOBSFFHMXTRII-AQYVVDRMSA-N,1,,0,0
XUTJSHVGYIHURB-BWKNWUBXSA-N,1,,0,0
BHNXJQYCDCKDKH-UTKZUKDTSA-N,1,,0,0
XIHOJUYAGODVFH-HTAPYJJXSA-N,1,,0,0
GHLIXCKZQCRDAX-LJQANCHMSA-N,1,9.2839966563652,1,0
VUZROXDIJDWGAH-OUKQBFOZSA-N,1,9.2839966563652,1,0
GRUWUINXLANFJE-UHFFFAOYSA-N,1,9.2839966563652,1,0
DHLUJJLUDHJNIY-QAQDUYKDSA-N,1,,0,0
KMECPQXFZFDCGK-WGSAOQKQSA-N,1,,0,0
WGOMFZGAXWQMDN-KJDSRRNHSA-N,1,,0,0
TWMFCAREOZITRX-UAPYVXQJSA-N,1,,0,0
BHNXJQYCDCKDKH-UHFFFAOYSA-N,1,,0,0
AGUZAIMBKPZTGP-UHFFFAOYSA-N,1,9.275724130399212,1,0
CYOBJTAQBGDFGU-YPGOJHLTSA-N,1,9.275724130399212,1,0
FAUOEZQOXBUMAX-CONSDPRKSA-N,1,9.275724130399212,1,0
FAUOEZQOXBUMAX-QRRGNZNSSA-N,1,,0,0
YZSGGHPNKSRPFF-DQMBHMMVSA-N,1,,0,0
HEYGEKGBOXBVRP-PAVFIEEWSA-N,1,,0,0
RGZPLWVASVRKAR-CZUORRHYSA-N,1,9.267606240177031,1,0
AFUIBDRITZEBAF-UHFFFAOYSA-N,1,9.267606240177031,1,0
UTLSOLPDKDYHNU-IYARVYRRSA-N,1,,0,0
UAYCNAAXTDRTLZ-ZVWHWTBFSA-N,1,,0,0
UOAJXLKVGXLXPT-QAQDUYKDSA-N,1,,0,0
JTLCTTWVUAIQHD-UHFFFAOYSA-N,1,9.260032303240491,2,0
RRSUWPYFZSEELD-XMSQKQJNSA-N,1,,0,0
FCQJWZQRHJCJSA-UHFFFAOYSA-N,1,9.259637310505756,1,0
UGPOUXCBUMYZLN-VAWYXSNFSA-N,1,9.259637310505756,1,0
LQCUFDIAPSFACZ-UHFFFAOYSA-N,1,9.259637310505756,1,0
KQHFMARZJJGTTG-UHFFFAOYSA-N,1,,0,0
MZYJTTCCTJDSIK-WGSAOQKQSA-N,1,,0,0
DFNOGIGMAURTCI-JKCYLYBBSA-N,1,,0,0
NXFWREBNGARSTI-LBEPJEHYSA-N,1,,0,0
MGOGLRASNXTNEH-BUHFOSPRSA-N,1,9.2518119729938,2,0
OXCQNGTWPIHFHI-FQEVSTJZSA-N,1,9.2518119729938,1,0
XBNMOXOSTOMNAW-DLBZAZTESA-N,1,,0,0
PERZUBKQSWNXBB-KOAQGZTJSA-N,1,,0,0
UUBHNHBPLALWJT-UHFFFAOYSA-N,1,,0,0
PWKPGNFUHDJMAK-NDQYQSCMSA-N,1,,0,0
ZWINHZKEJACBFT-GCJKJVERSA-N,1,,0,0
DQMMOHPPKACCQN-QHCPKHFHSA-N,1,9.244125144327509,1,0
OLJONOSWRLTMOI-UHFFFAOYSA-N,1,,0,0
IWDYHWHOELBSSW-LMTLIKQPSA-N,1,,0,0
NVQYUJQBGUNKEL-HMRCJKRNSA-N,1,,0,0
PNQSNINBJBZCHR-PAVFIEEWSA-N,1,,0,0
ZDQIWLYZMZKCKZ-UHFFFAOYSA-N,1,9.240030142445693,1,0
SPXBIHAHCCAKBB-KNQAVFIVSA-N,1,,0,0
AMJCGARHMZJBKQ-UHFFFAOYSA-N,1,9.236830361305078,2,0
ZSNLCMKFRUHLTG-YLIUREIVSA-N,1,,0,0
DSQMOWVBQWIPID-GGYDESQDSA-N,1,,0,0
ZFYHDORWLOTBMB-LYXWCMDISA-N,1,,0,0
XTXKTQKZXFWQIP-UTKZUKDTSA-N,1,,0,0
WGMYZADUDVJWCW-ZHACJKMWSA-N,1,9.229147988357855,1,0
DJUWRNXEJLCKJK-UHFFFAOYSA-N,1,9.229147988357855,1,0
MWAPGIGSNBMUAD-CCPXZDFDSA-N,1,,0,0
JGPPAABCUOMAQN-PGWJBFNOSA-N,1,,0,0
QIFJIQHOWNQNPJ-AQYVVDRMSA-N,1,,0,0
HGWMAJKXWQKIMH-PAVFIEEWSA-N,1,,0,0
DEZXTTORBGGEJG-MIRVZWSXSA-N,1,,0,0
YFKVSCFFRQFRQH-PAVFIEEWSA-N,1,,0,0
LZEJCTIJSMQOTB-MXVIHJGJSA-N,1,9.221848749616356,1,0
SVMKGKAFODEYNT-ZHACJKMWSA-N,1,9.221848749616356,1,0
BHCGEYUCUMFGQX-SNAWJCMRSA-N,1,9.221848749616356,1,0
FKUQSZKJDBSUAF-ZDUSSCGKSA-N,1,9.221848749616356,1,0
JIFZJJHUCHFIGP-UHFFFAOYSA-N,1,9.221848749616356,1,0
HPTXIDFVXWZMRU-IRJFHVNHSA-N,1,,0,0
MDSGWCGOSTVFAW-JKIUYZKVSA-N,1,,0,0
LEFBFLOSCAEZAG-UHFFFAOYSA-N,1,9.214670164989233,1,0
BQDBKDMTIJBJLA-UHFFFAOYSA-N,1,,0,0
MMCFMTIBVMIETA-DJIMGWMZSA-N,1,,0,0
BRSSDADOMRUGSY-RUCARUNLSA-N,1,9.207608310501746,1,0
BZAHLFFPVNVFKZ-UHFFFAOYSA-N,1,,0,0
LAUHZVOYMPVSHN-CDSYHYPYSA-N,1,,0,0
SKPBGVJZUPBKNY-HCGLCNNCSA-N,1,,0,0
JSFQLFQOTKBFHL-UHFFFAOYSA-N,1,,0,0
MDBWEQVKJDMEMK-AWEZNQCLSA-N,1,9.234132845361724,2,0
XPMUUENUQYZASR-HHHXNRCGSA-N,1,,0,0
WHUMPPXYAFTKHM-UILWBTOOSA-N,1,,0,0
NAUFGONVBIOHQY-WKILWMFISA-N,1,,0,0
FUFXFMAPOLKTBS-MIRVZWSXSA-N,1,,0,0
QQJHRQZZCNYDMX-AHKZPQOWSA-N,1,9.199970640755865,1,0
UTEKSPGIYDUAMB-UHFFFAOYSA-N,1,9.199970640755865,1,0
LOGDXDWDCZTLOS-UHFFFAOYSA-N,1,9.199970640755865,1,0
KAEBDVFJWYJWBA-UHFFFAOYSA-N,1,9.199970640755865,2,0
MDDQIOXYIZYHFT-UHFFFAOYSA-N,1,9.199970640755865,3,0
KPSCTAUZOJQHBV-NZQKXSOJSA-N,1,9.199970640755865,1,0
AEXFOTSQBUVBKJ-PGRDOPGGSA-N,1,9.199970640755865,1,0
BIJSJQXDPUAQLO-UADZTWIMSA-N,1,9.199970640755865,1,0
HQPJIWFXJJJLTM-OWOJBTEDSA-N,1,9.198970004336019,4,0
APNJSCJYYJPREB-CMDGGOBGSA-N,1,9.193820026016112,1,0
IQCMYUXFEHXTKF-JCNLHEQBSA-N,1,,0,0
DODUHZQKDPVRII-KESTWPANSA-N,1,,0,0
QCALWRVXYCHRSG-AZUAARDMSA-N,1,,0,0
GHXMJOBEVWDMLQ-QRWLVFNGSA-N,1,,0,0
WGDFOVYWTNOIKG-UHFFFAOYSA-N,1,9.187086643357144,1,0
QKRYZEPUNXTJKK-UHFFFAOYSA-N,1,9.187086643357144,2,0
NAGHKDZEWLQUKZ-UAPYVXQJSA-N,1,,0,0
YVWRSMPIFCRHNU-VWUVLELUSA-N,1,,0,0
QJWKIKCCSCPIKZ-AQYVVDRMSA-N,1,,0,0
NBGJODUAUISAEF-UHFFFAOYSA-N,1,9.18045606445813,1,0
PKJVDKUHFZYEMN-UHFFFAOYSA-N,1,9.18045606445813,1,0
SBWDEIFOMNBGRY-MEMLXQNLSA-N,1,,0,0
BIYGZOAYJAQYDW-JKIUYZKVSA-N,1,,0,0
FASDKYOPVNHBLU-SSDOTTSWSA-N,1,,0,0
WZWOJHTTXVCIBY-RZDIXWSQSA-N,1,9.173925197299173,1,0
FBPDTELIQBUGLW-MIRVZWSXSA-N,1,,0,0
OPCZQJWXLOJWEW-UHFFFAOYSA-N,1,9.167491087293763,1,0
WZTXLKNXNIFASN-FYWRMAATSA-N,1,9.167491087293763,1,0
LQSBOQJIPVGJNY-AQYVVDRMSA-N,1,9.167491087293763,2,0
FKHVTQQFARSOBP-UHFFFAOYSA-N,1,,0,0
OXFFXWBIWDAKRT-JKSUJKDBSA-N,1,,0,0
DDGNKEAPKHYRST-XUTJKUGGSA-N,1,,0,0
VIBQJDQSQVVZMZ-JAQLMMITSA-N,1,,0,0
UUXJEWIMBQSYJG-UHFFFAOYSA-N,1,9.164309428507574,1,0
ZIAICQQANCNQNU-JLHYYAGUSA-N,1,9.161150909262744,3,0
HHDJZPNFXJLNJK-HSZRJFAPSA-N,1,,0,0
NTVRUBIWHSZDEQ-XUTJKUGGSA-N,1,,0,0
AVWMISMTBOIUJI-UAPYVXQJSA-N,1,,0,0
OQWIVCDXOWOYAM-XUTJKUGGSA-N,1,,0,0
GTBOPEMTJNTFPO-LBEPJEHYSA-N,1,,0,0
ABNWTYHEAATIEC-UHFFFAOYSA-N,1,9.160019442321657,1,0
XRDPJIJIWYVCKW-PGRDOPGGSA-N,1,,0,0
NEDWSVCVHMJKSZ-UHFFFAOYSA-N,1,9.158026434624244,2,0
ZMYOIZHRXABMFZ-ONEGZZNKSA-N,1,9.154901959985743,7,0
IAXCCAHOKNMOII-UHFFFAOYSA-N,1,9.154901959985743,1,0
MPWWGTFDWDZHRM-UHFFFAOYSA-N,1,9.154901959985743,1,0
QXTADKACYIMHII-UHFFFAOYSA-N,1,,0,0
VETXVTBLRUMWQE-RBUKOAKNSA-N,1,,0,0
KKKVTQFKSDZRGJ-CRHQVGFKSA-N,1,,0,0
MXGQNMMTNCYAQF-UHFFFAOYSA-N,1,9.148741651280925,1,0
UTFOVXIJDJSMKK-UHFFFAOYSA-N,1,9.148741651280925,1,0
SHGYUZFUKMSIQE-UHFFFAOYSA-N,1,9.148741651280925,1,0
NQUFJLNBHRSFTR-UHFFFAOYSA-N,1,,0,0
KKKVTQFKSDZRGJ-VLMCNUBESA-N,1,,0,0
STAVWPPMEYFUSB-LYXWCMDISA-N,1,,0,0
WDSFGGKHZHMPNE-SXTNBDNLSA-N,1,,0,0
PWZPBZQTTHOCIS-MHZLTWQESA-N,1,9.920818753952375,1,0
LUUKEDLOUSMCGZ-UHFFFAOYSA-N,1,9.142667503568731,1,0
NPWPDDLAKMBGPN-CYYJNZCTSA-N,1,,0,0
UEGXWOAAXGJOTK-LSDHHAIUSA-N,1,,0,0
VOHRIFJWKDCAAD-DLBZAZTESA-N,1,,0,0
QHIULQWGQMIOMJ-IYARVYRRSA-N,1,,0,0
PJHSLUZTOYNMIW-QAQDUYKDSA-N,1,,0,0
MNAFRWGRFIBAQX-GCJKJVERSA-N,1,,0,0
MKKZZPATQDBJPJ-OUKQBFOZSA-N,1,9.136677139879545,1,0
UCZBYQLMYSGJSK-UHFFFAOYSA-N,1,,0,0
UEXRUIOOOVZHFZ-WOJBJXKFSA-N,1,,0,0
WPEFJCKNIISAPH-MXVIHJGJSA-N,1,,0,0
UIAJBDDQYBMSRB-JLHYYAGUSA-N,1,9.130768280269024,1,0
UKKJJXAEHLPZSM-UHFFFAOYSA-N,1,9.130768280269024,1,0
IYZKGDKMKUFPAR-OWWJJEGGSA-N,1,,0,0
IZFJEANBTQYYTG-UHFFFAOYSA-N,1,9.130005999878259,1,0
HDDXRHHMVMEBSC-OUKQBFOZSA-N,1,9.1249387366083,1,0
FKPNKWMJMHRBGE-UHFFFAOYSA-N,1,9.1249387366083,1,0
VCYPZWCFSAHTQT-UHFFFAOYSA-N,1,9.1249387366083,1,0
QWPNEQOAVUPQBX-RZDIXWSQSA-N,1,9.1249387366083,1,0
OTSVAHKQZLNXPN-UHFFFAOYSA-N,1,,0,0
LXFPKJLLIWPMEU-UHFFFAOYSA-N,1,9.119186407719209,3,0
IHHXPMMIRSLYRE-UHFFFAOYSA-N,1,,0,0
YXHDKJBFDWZXHB-RBUKOAKNSA-N,1,,0,0
HNUFROAJESGZAR-UEYSASPJSA-N,1,,0,0
KSFPZVDNWKWICO-ORQYLMBXSA-N,1,,0,0
GTRAXVNCZVAHOO-OWOJBTEDSA-N,1,9.110924374808178,6,0
XTXKTQKZXFWQIP-UHFFFAOYSA-N,1,,0,0
CNNRPXDUHKLPGW-NGRWLJPCSA-N,1,9.109661362783317,2,0
RCTPWYPPQMZWPM-WGSAOQKQSA-N,1,,0,0
PXPHOMJZPNVWMG-KRWDZBQOSA-N,1,,0,0
HFXHNRQNXGVDMC-IYARVYRRSA-N,1,,0,0
YCRXAHFQGPHELU-JKSUJKDBSA-N,1,,0,0
GWZXPAHTYVENKG-WKILWMFISA-N,1,,0,0
NNCCKSDTBPBUII-AQYVVDRMSA-N,1,,0,0
WOZSFGJKUOKIMV-UHFFFAOYSA-N,1,9.103804155250874,2,0
KKQCHXVFAAYWMK-GPJQFGOVSA-N,1,,0,0
QTZRLOJLVOVPNV-NUNSKJLSSA-N,1,9.100015437450608,1,0
QQJHRQZZCNYDMX-UHFFFAOYSA-N,1,9.100015437450608,1,0
NUDYAYZOUXPCOQ-UHFFFAOYSA-N,1,9.100015437450608,1,0
XMOYTZMFUFFAOA-UHFFFAOYSA-N,1,9.100015437450608,1,0
WLQQYOGZZSJJST-GOSISDBHSA-N,1,9.100015437450608,1,0
LALPTZBNNOBOPF-UHFFFAOYSA-N,1,9.100015437450608,1,0
LVSUPYDDQCSHAN-UHFFFAOYSA-N,1,9.100015437450608,1,0
KGMVEMHKBMNSJG-UHFFFAOYSA-N,1,9.100015437450608,1,0
SUOCMIKXLFKQTH-RUZDIDTESA-N,1,9.100015437450608,1,0
HUBNPWLMVNJPBW-UHFFFAOYSA-N,1,9.100015437450608,1,0
ZVIRWXRCUVYDPI-UHFFFAOYSA-N,1,9.100015437450608,1,0
NECJNLXOJRDELU-UHFFFAOYSA-N,1,9.100015437450608,1,0
CNYTYKJCKVUZFG-UHFFFAOYSA-N,1,9.100015437450608,1,0
AZIHSCHAYYVWIY-UHFFFAOYSA-N,1,9.100015437450608,1,0
VCJRZGBNXMAJCB-UHFFFAOYSA-N,1,9.100015437450608,1,0
QJNRRDWLNVGLID-UHFFFAOYSA-N,1,9.100015437450608,1,0
IOJIPFCHEXMFMJ-UHFFFAOYSA-N,1,9.100015437450608,1,0
ZULQKQGLUORZDC-UHFFFAOYSA-N,1,9.100015437450608,3,0
RZEKPECTALABSH-UHFFFAOYSA-N,1,9.100015437450608,3,0
AWJOAMPQOUEKCN-UHFFFAOYSA-N,1,9.100015437450608,1,0
CCJLDYTVWAENSM-NZQKXSOJSA-N,1,9.100015437450608,1,0
KBYDKOYJEQUBOE-UHFFFAOYSA-N,1,9.100015437450608,1,0
IONCAKHVNMAPQA-UHFFFAOYSA-N,1,,0,0
BGJXBVUWLFEJNM-XXBNENTESA-N,1,,0,0
JHSBXLBFVPKGAF-VQTJNVASSA-N,1,,0,0
JULCETCXZSSJNN-IBGZPJMESA-N,1,9.097290353574868,2,0
CEJURZXMIYUTSE-MXVIHJGJSA-N,1,9.096910013008056,2,0
GXAWEOGMNHTNSL-ONEGZZNKSA-N,1,9.096910013008056,1,0
FKHBHNWGBJHKGW-UHFFFAOYSA-N,1,9.096910013008056,1,0
RLMADYPUXGWZSL-UHFFFAOYSA-N,1,9.096910013008056,1,0
LBZHOUJGVUYWGV-UHFFFAOYSA-N,1,9.096910013008056,1,0
DCFGDYDTTWPOBM-UHFFFAOYSA-N,1,9.096910013008056,1,0
OBAPVKSFCPNRPS-AFARHQOCSA-N,1,,0,0
ACDYFMOSSUKHJD-UHFFFAOYSA-N,1,9.091548080312169,4,0
CDHCKVBAZOTCNN-DLBZAZTESA-N,1,,0,0
BPUNMKZAKLYZGJ-PAVFIEEWSA-N,1,,0,0
UMQFQWLGNZXTCR-PBVHZTIHSA-N,1,,0,0
NDXLOOJPKINORE-UHFFFAOYSA-N,1,,0,0
TVZBVRPQPBYWDJ-UONOGXRCSA-N,1,,0,0
XNAZWCRZSGGAMO-UHFFFAOYSA-N,1,9.087246696328677,3,0
SNMHDHJEXUFVCO-FQEVSTJZSA-N,1,9.086186147616283,4,0
IICULBIXLVHQLU-QAQDUYKDSA-N,1,,0,0
LKZZDSXSPJYUJI-WKILWMFISA-N,1,,0,0
SGDDGYVCUYRPDC-SDAITKSUSA-N,1,,0,0
ACDYFMOSSUKHJD-HSZRJFAPSA-N,1,9.083546051450075,1,0
ACDYFMOSSUKHJD-QHCPKHFHSA-N,1,9.083546051450075,1,0
TZTXKAZOHVWLJQ-QAQDUYKDSA-N,1,,0,0
HIPYXDMEWZLKPQ-KOAQGZTJSA-N,1,,0,0
FOIMIKRPLAIUMW-RWXRFDSASA-N,1,,0,0
XUKSGYGUDPUQCB-KNQAVFIVSA-N,1,,0,0
NORQFMPKBRSFFC-UHFFFAOYSA-N,1,9.0,1,0
BKYLOINGTUMEIT-KESTWPANSA-N,1,9.075720713938118,2,0
XNSOJCJPLUSJAA-KRWDZBQOSA-N,1,,0,0
OTSVAHKQZLNXPN-FQEVSTJZSA-N,1,,0,0
KVAJGAADTJZUNF-XUTJKUGGSA-N,1,,0,0
UJDMZTNXKXUXEA-IYARVYRRSA-N,1,,0,0
MTEACUBKWDTOSU-KZNAEPCWSA-N,1,,0,0
NKTVBRDNDSHOST-IRJFHVNHSA-N,1,,0,0
UIRLICKRUXJJNR-CVBYOTHMSA-N,1,,0,0
ZXYDGAXWWXINKE-UHFFFAOYSA-N,1,,0,0
MNRVQQMXCSSSJO-UHFFFAOYSA-N,1,,0,0
BCTUVZJFJIFLND-GJZUVCINSA-N,1,,0,0
YIUMSISCOUIOHZ-UHFFFAOYSA-N,1,9.065501548756432,1,0
KZHMQBMDARGNNJ-UHFFFAOYSA-N,1,,0,0
FWACCHRUKMDWQL-ZWXJPIIXSA-N,1,,0,0
QDXLLGQCGFUDMI-UHFFFAOYSA-N,1,9.060480747381382,1,0
SJIPQSFBLAVVRK-SFHVURJKSA-N,1,9.060480747381382,1,0
BEVNTRQRKQFZTA-UCWUDVSLSA-N,1,9.060480747381382,2,0
KLZWBFTXUIUAEI-DEOSSOPVSA-N,1,,0,0
CJEXMSYACHFNMR-SMQSCJQKSA-N,1,,0,0
FZEUFNLUEJZENL-APWZRJJASA-N,1,,0,0
BYUVKVSQQDHYKB-UHFFFAOYSA-N,1,9.05551732784983,1,0
OIRZLTZLOKARTG-FQEVSTJZSA-N,1,,0,0
MOEOMZHUFXSZAA-KNQAVFIVSA-N,1,,0,0
JKWVNBLZWDOXPU-UHFFFAOYSA-N,1,,0,0
LHFDGWOFPWKTDU-OFUUFJSKSA-N,1,,0,0
JUXYQVLOCMVIJF-UHFFFAOYSA-N,1,9.045757490560675,2,0
PAPJLFSOPBIPIF-OWOJBTEDSA-N,1,9.045757490560675,1,0
JXBCWOBRVYSONW-OWOJBTEDSA-N,1,9.045757490560675,1,0
ZRMVCTOEWAWOLM-UHFFFAOYSA-N,1,9.045757490560675,1,0
WEABCZGCKKUPTB-UHFFFAOYSA-N,1,9.045757490560675,1,0
KWTGONUBRLGXTE-UHFFFAOYSA-N,1,9.045757490560675,1,0
MXPOQDYZUGUMLL-UHFFFAOYSA-N,1,9.045757490560675,1,0
NDSKONMZWSLWOI-UHFFFAOYSA-N,1,,0,0
LHQYJFMEVSYGBX-UHFFFAOYSA-N,1,,0,0
NGYBPNLJOPBUPK-WKILWMFISA-N,1,,0,0
QPTXJMAVTQKNGM-UHFFFAOYSA-N,1,,0,0
UTEITPSYNTYGQL-UHFFFAOYSA-N,1,9.041773025725037,2,0
FSKDJHMJFCWDOT-IYARVYRRSA-N,1,9.040958607678906,2,0
IJOUOSAAJUJMCV-JUUMZCOKSA-N,1,,0,0
LHGJGOWVRBPLNY-LZCISLPRSA-N,1,,0,0
LHGJGOWVRBPLNY-OBMJPTGESA-N,1,,0,0
AJEQJTPMMJPNLR-GHTZIAJQSA-N,1,,0,0
QLWQFJPPXAYVOM-NGRWLJPCSA-N,1,9.036212172654444,1,0
YDLWLYDTYNHXBM-VWLOTQADSA-N,1,9.036212172654444,3,0
DYRKPBYOZVLBCF-UHFFFAOYSA-N,1,,0,0
WVPPXJDJXUTXFI-UHFFFAOYSA-N,1,,0,0
MRDMJUCFOGSUEW-YGHRGLEHSA-N,1,,0,0
WEEBXSDEOQNZPK-NLFFAJNJSA-N,1,,0,0
XTXKTQKZXFWQIP-LAUBAEHRSA-N,1,,0,0
SQYZBSPQNGOKJY-ACHIHNKUSA-N,1,9.0268721464003,1,0
SQYZBSPQNGOKJY-MEKGRNQZSA-N,1,,0,0
JAKFCAJOXZJYMN-UHFFFAOYSA-N,1,,0,0
VDXPHDCGJBDTON-UHFFFAOYSA-N,1,,0,0
OUUDLMBFRNBBSL-XGAFWQRZSA-N,1,,0,0
HTMCOYRHMLKDED-JKSUJKDBSA-N,1,,0,0
IAUVQKJTMHZPQY-ZSQTZEJBSA-N,1,,0,0
TUFADSGTJUOBEH-ZWNOBZJWSA-N,1,9.014989367085818,2,0
IGUDRQBHUOBFPO-ISKFKSNPSA-N,1,,0,0
LDFMLJWZQNMXMR-WGSAOQKQSA-N,1,,0,0
FCYQRIODPYABJL-GCJKJVERSA-N,1,,0,0
BDVZIVZVOKPJKK-UHFFFAOYSA-N,1,,0,0
LYFXQSOWXVVQIV-RUDMXATFSA-N,1,9.00436480540245,1,0
YBIAFKASHSKZAI-UAPYVXQJSA-N,1,9.00436480540245,2,0
PCFSBZNPJGRVML-VQTJNVASSA-N,1,,0,0
KNNFMTJBIQTYSC-HRPITWIVSA-N,1,9.0,1,0
XWMKZWFBKLJGKQ-NUNSKJLSSA-N,1,9.0,1,0
AIXVGZUOFPCOMV-XCZPVHLTSA-N,1,9.0,2,0
GFAFSCXGLIXHFV-QJAFFKISSA-N,1,9.0,1,0
DVVWNKJEEQHCFZ-UHFFFAOYSA-N,1,9.0,1,0
YVJKQMXANLEZJO-PKNBQFBNSA-N,1,9.0,1,0
ZDZWIQDJFWTDAM-UHFFFAOYSA-N,1,9.0,1,0
XKRYBGZHAIRWAY-UHFFFAOYSA-N,1,9.0,1,0
IWUPLAFLTUWLMF-SFHVURJKSA-N,1,9.0,1,0
NJDDOYGAHXQMEQ-UHFFFAOYSA-N,1,9.0,1,0
TUFADSGTJUOBEH-GWCFXTLKSA-N,1,9.0,1,0
UXMSMPLWAVJIOJ-OWOJBTEDSA-N,1,9.0,1,0
VVGHIMUWASPVQJ-UHFFFAOYSA-N,1,9.0,1,0
WJWXIOHJLIZWJX-UHFFFAOYSA-N,1,9.0,1,0
YJTUMJAALUNJJT-UHFFFAOYSA-N,1,9.0,1,0
YZVLQPHHXCJUBM-UHFFFAOYSA-N,1,9.0,1,0
XZXRXUCWJOQZBL-UHFFFAOYSA-N,1,9.0,1,0
GPOXSHFDBBJUJR-UHFFFAOYSA-N,1,9.0,1,0
WHGLFZPJAYDODK-WMZHIEFXSA-N,1,9.0,1,0
OTKZOEOQKWTXMD-GHTZIAJQSA-N,1,9.0,1,0
HIRZFMOIKMLUHF-LAUBAEHRSA-N,1,9.0,1,0
HPGPGSLIDVUPKR-UHFFFAOYSA-N,1,9.0,3,0
HKOJNCZKZSYFEQ-GDLZYMKVSA-N,1,9.0,1,0
MMWBGBOMWXSDFR-UHFFFAOYSA-N,1,,0,0
UXEHMYRJTUKZNV-WGSAOQKQSA-N,1,,0,0
QUNLMOZINVAHIJ-UHFFFAOYSA-N,1,9.0,2,0
CDXLFYUUESQKHV-UHFFFAOYSA-N,1,,0,0
DEKJLYJRFGCPNK-UHFFFAOYSA-N,1,,0,0
RUAVRLWGTWDKFW-XUTJKUGGSA-N,1,,0,0
FOHGUOABUOPCLW-FVUUGDKNSA-N,1,,0,0
SXZZTULBSXSKDD-AFARHQOCSA-N,1,,0,0
LQSGYEKSJJXDGV-AVVIUHCASA-N,1,,0,0
GAXCJWUSIYYVJI-XUTJKUGGSA-N,1,,0,0
KRHWCJYTVWDZJO-LEWJYISDSA-N,1,,0,0
WNNMRMNAGNMVEW-MRXNPFEDSA-N,1,8.991399828238082,1,0
LKIZJVWLCHAZTJ-GCJKJVERSA-N,1,,0,0
MHNXSUUHELFLSP-UHFFFAOYSA-N,1,8.987162775294827,1,0
YOJUDLZOPHLXIK-WDDOOKFPSA-N,1,,0,0
NZKGNAIACSEITE-XUTJKUGGSA-N,1,8.98296666070122,2,0
LRMWMKQIJLOEPF-AVRDEDQJSA-N,1,,0,0
GHXMJOBEVWDMLQ-UHFFFAOYSA-N,1,,0,0
ZZFIFEVVRSMBSF-UHFFFAOYSA-N,1,8.970786987771497,4,0
CLYNVSXWCAGMQB-UHFFFAOYSA-N,1,,0,0
ZFACTJHKUXTZMC-UHFFFAOYSA-N,1,,0,0
BQTAJAHHYFXDDH-UHFFFAOYSA-N,1,8.967771005386542,2,0
XJWCUVSKMVQPGX-KESTWPANSA-N,1,8.96657624451305,2,0
SHTFROBRQSSMIJ-FYYLOGMGSA-N,1,,0,0
DWDIQEPGVYBABO-OFNKIYASSA-N,1,,0,0
YOILXOMTHPUMRG-PUODRLBUSA-N,1,8.958607314841775,1,0
DYWYWIOQKKRAST-AWEZNQCLSA-N,1,8.958607314841775,2,0
YILNPRPYCRADTF-UHFFFAOYSA-N,1,8.958607314841775,1,0
OUPQTELARLPZBM-UHFFFAOYSA-N,1,8.958607314841775,1,0
HFGAWEJFDVAEEA-ONEGZZNKSA-N,1,8.958607314841775,1,0
LUONNTQEFAPZJL-ONEGZZNKSA-N,1,8.958607314841775,1,0
KIAANALRJGLJFT-UHFFFAOYSA-N,1,8.958607314841775,1,0
JJARSALEJXMFKK-UHFFFAOYSA-N,1,8.958607314841775,1,0
GXZWKZAOGQRNTL-UHFFFAOYSA-N,1,8.958607314841775,1,0
HEJDIFZOESZDQS-UHFFFAOYSA-N,1,,0,0
RXFOCVABFXYDPB-UAPYVXQJSA-N,1,,0,0
IYWXUSILGIBAQW-NRFANRHFSA-N,1,,0,0
ORDRIDLDACAQJO-IPJJNNNSSA-N,1,,0,0
KYCAHEZFDKQEQL-FCHUYYIVSA-N,1,,0,0
YHKSIIGCRXQDQA-CCMYNQISSA-N,1,,0,0
MIJHJWKBEULNEE-YEMPIKNUSA-N,1,,0,0
IPKDITCKWUGLST-WKILWMFISA-N,1,,0,0
BYNXRFJYLCHQOC-UAPYVXQJSA-N,1,,0,0
SIIDHHZTVIEQJK-UHFFFAOYSA-N,1,8.954307228960815,6,0
NABHHUMHJIHHIX-QGZVFWFLSA-N,1,8.744191989715432,4,0
QUMJJLZEFJECGH-UHFFFAOYSA-N,1,8.94692155651658,1,0
ZYOHPRMTOCMZRK-IBGZPJMESA-N,1,8.945256286692246,2,0
ZGSHIAJEAFZHNC-UHFFFAOYSA-N,1,8.945042068488103,4,0
RXIFDJMCJKEING-UHFFFAOYSA-N,1,8.943095148663527,1,0
JPKJFRLOQQTEPW-UHFFFAOYSA-N,1,,0,0
OYBHJVJCKIGGIL-UHFFFAOYSA-N,1,,0,0
MYAGOYYEDQFEPL-DUXPYHPUSA-N,1,8.939713034397075,6,0
BKHJHBMOHZNYEP-UHFFFAOYSA-N,1,8.939302159646388,1,0
OMSAEBUIHWCGKQ-IYARVYRRSA-N,1,8.939302159646388,2,0
HIBUHKNMTZCDMF-UHFFFAOYSA-N,1,8.928117992693874,1,0
KRVOJOCLBAAKSJ-UHFFFAOYSA-N,1,,0,0
JZCCFPRFOOIKRY-XXBNENTESA-N,1,,0,0
VNDRDTRYTOSTBB-XUTJKUGGSA-N,1,8.924453038607469,2,0
GJXPGIMBBKOOPF-VAWYXSNFSA-N,1,8.920818753952375,1,0
CWWBESFKDFTCAO-ONEGZZNKSA-N,1,8.920818753952375,1,0
FSRGBFIJCFDRBB-NGRWLJPCSA-N,1,8.920818753952375,1,0
YRMKMEPMFOFXGH-UHFFFAOYSA-N,1,8.870920903329603,2,0
WMJCLJNBELMTPC-UHFFFAOYSA-N,1,8.920818753952375,1,0
WCIPIDQYCIFSCP-UHFFFAOYSA-N,1,8.920818753952375,1,0
OVKBSFKFSBQCLW-GDLZYMKVSA-N,1,,0,0
DKLFJXNMKAKPTA-HZCBDIJESA-N,1,,0,0
FYHIVHSWDVHSCA-FCHUYYIVSA-N,1,,0,0
QUUFDJZHDLIECK-UHFFFAOYSA-N,1,,0,0
UXRJVZYJCCSIAH-UHFFFAOYSA-N,1,,0,0
NRXPFRHREANWEK-UHFFFAOYSA-N,1,,0,0
DTQQYFXMBRLANH-HFMPRLQTSA-N,1,,0,0
JYKMFGDLZDHDBQ-UHFFFAOYSA-N,1,,0,0
YTXILLIRPDSLHZ-BEFAXECRSA-N,1,,0,0
XTQDBQZDKVOPAN-IYARVYRRSA-N,1,,0,0
WGUSAYGXLQUQRB-JCNLHEQBSA-N,1,,0,0
ZCTATJJRGSGWBT-OJBMAJLDSA-N,1,,0,0
PLOJXPTWIFIEMZ-LYXWCMDISA-N,1,,0,0
RURKEKYFHBYLDY-UHFFFAOYSA-N,1,8.913640169325252,3,0
NKQAJKSSUARMMF-XUTJKUGGSA-N,1,8.913640169325252,2,0
KSDFLICEBJWAMA-INIZCTEOSA-N,1,,0,0
PWWITWFCENNJEP-AWEZNQCLSA-N,1,8.910224104417406,2,0
HMYBAZWTOQSPCY-DEOSSOPVSA-N,1,8.910094888560602,1,0
UDDOLORLTBTWLQ-KESTWPANSA-N,1,8.910094888560602,2,0
MUNJPNWHOINDKG-KESTWPANSA-N,1,8.910094888560602,2,0
NSHPEOLYLWLLHG-UHFFFAOYSA-N,1,,0,0
DKYKYMRCBZJRME-HYBUGGRVSA-N,1,,0,0
SBCYNHCFJBYRJY-MJGOQNOKSA-N,1,,0,0
CAYLJKJAWQXLOY-LBULQRRMSA-N,1,8.899974269892137,1,0
GABAKKAKKXWMMF-LBULQRRMSA-N,1,8.899974269892137,1,0
SSFMZMLRDNPXOT-AOJFSQSVSA-N,1,8.899974269892137,1,0
XBEFTADDFPJGTJ-OBEGXNAASA-N,1,8.899974269892137,1,0
LUFMWUOUUQBFCY-MGFGWZDJSA-N,1,8.899974269892137,1,0
DQJPLAXUDBHKAH-RZFKFIIISA-N,1,8.899974269892137,1,0
ZFEFDWZMIMRBOX-UHFFFAOYSA-N,1,8.899974269892137,1,0
HUXFXXWYIRBVJR-JOCHJYFZSA-N,1,8.899974269892137,1,0
ATLSVLPVZPFHBU-ONRAHDBNSA-N,1,8.899974269892137,1,0
SUOCMIKXLFKQTH-UHFFFAOYSA-N,1,8.899974269892137,3,0
SKMONACLVOEHQQ-UHFFFAOYSA-N,1,8.899974269892137,1,0
HYHZGIWTSKSXKP-UHFFFAOYSA-N,1,8.899974269892137,1,0
HBJXUXOERUVVGH-UHFFFAOYSA-N,1,8.899974269892137,1,0
TVMNFBNOOMKBOO-UHFFFAOYSA-N,1,8.899974269892137,1,0
SQQYHALTXOFUNG-UHFFFAOYSA-N,1,8.899974269892137,1,0
DSJQIICDRFEFMZ-UHFFFAOYSA-N,1,8.899974269892137,1,0
ANYPUOSSIOCSJC-UHFFFAOYSA-N,1,8.899974269892137,1,0
NAAVWXMUUSRPCW-UHFFFAOYSA-N,1,8.899974269892137,1,0
MXCLECXWSGNJLS-UHFFFAOYSA-N,1,8.899974269892137,1,0
VXTVAYBBRGJBTM-IYBDPMFKSA-N,1,8.899974269892137,2,0
JASDXILVHIDXCQ-UHFFFAOYSA-N,1,8.899974269892137,3,0
OPTJHAAZKYNBRY-UHFFFAOYSA-N,1,8.899974269892137,3,0
BYFBIHGWAJPFIB-UHFFFAOYSA-N,1,8.899974269892137,3,0
IHDSWPOLCNCESB-UHFFFAOYSA-N,1,8.899974269892137,3,0
VUFRFPUOFHXBBM-CCLHPLFOSA-N,1,8.899974269892137,1,0
WHOZDXFLKLSAJU-UHFFFAOYSA-N,1,8.899974269892137,3,0
XIQZPYGWBQASSN-UTKZUKDTSA-N,1,8.899974269892137,1,0
VNSQNNPGGZXQAN-UHFFFAOYSA-N,1,8.899974269892137,1,0
GPDZHKOGLHALQL-GCJKJVERSA-N,1,,0,0
YQJXEYCSOAXZLM-FQEVSTJZSA-N,1,8.899629454882437,1,0
YHKSIIGCRXQDQA-UHFFFAOYSA-N,1,,0,0
MMWFSCPVPRCGOG-UHFFFAOYSA-N,1,8.896196279044043,1,0
QTXHMWUMSJMZON-KESTWPANSA-N,1,8.896196279044043,2,0
BDDILKIYGPCTCK-PKNBQFBNSA-N,1,8.892790030352131,1,0
GZGMMCKOZRMGDA-IYARVYRRSA-N,1,8.892790030352131,2,0
PECVDLVWKCIEGG-SNAWJCMRSA-N,1,,0,0
VOGUYUKRQYJYDP-GQCTYLIASA-N,1,,0,0
XLIMTGZUFAEKLX-MXVIHJGJSA-N,1,8.88941028970075,2,0
VJUBLIXVVNAHIX-QAQDUYKDSA-N,1,8.88941028970075,2,0
MDBWEQVKJDMEMK-UHFFFAOYSA-N,1,8.888277990095192,6,0
YJYMXCFUNVLJOC-UHFFFAOYSA-N,1,8.886957942012089,10,0
YEBWFZBYQOGEEH-UHFFFAOYSA-N,1,8.886056647693163,2,0
HMFMXNMQUZMGQI-OWOJBTEDSA-N,1,8.886056647693163,1,0
CENKWGKLFBMCTM-ONEGZZNKSA-N,1,8.886056647693163,1,0
GKDBTHSYQZTDAJ-UHFFFAOYSA-N,1,8.886056647693163,1,0
IXHFUNSVBJAYHP-UHFFFAOYSA-N,1,8.886056647693163,1,0
LRAYIUHUAWSEDX-UHFFFAOYSA-N,1,8.886056647693163,1,0
DFRZQKVBIWCZAV-UHFFFAOYSA-N,1,8.886056647693163,3,0
UAORLSRHSCKPEH-UHFFFAOYSA-N,1,8.886056647693163,1,0
QHLAPIQLWATZKM-UHFFFAOYSA-N,1,8.886056647693163,1,0
UGIQUWZDOMEVPS-UHFFFAOYSA-N,1,,0,0
BQDGJNNXKPPHKX-UHFFFAOYSA-N,1,,0,0
ZMTGTGUFQFSUCN-UHFFFAOYSA-N,1,8.886056647693163,2,0
PUHBDUPTTFDHNP-MTNLDAPISA-N,1,,0,0
XGJROHKEWMIJFA-HCGLCNNCSA-N,1,,0,0
WHZDUNLDAICJFI-ORQYLMBXSA-N,1,,0,0
IEARDXOAQBZYGW-PKNBQFBNSA-N,1,8.882728704344236,1,0
FOJAWPAIUACMCV-ZJBHJZIXSA-N,1,,0,0
IVXOADYRPYSQPC-UHFFFAOYSA-N,1,,0,0
DVRLZAJGBLYQFK-OXJNMPFZSA-N,1,,0,0
DPJONOPQJUKYRM-OJBMAJLDSA-N,1,8.876148359032914,2,0
GLISUIAZBJFVAS-UHFFFAOYSA-N,1,,0,0
CMSXGONDQZVASO-MXVIHJGJSA-N,1,8.872895201635192,2,0
PTNPPRPOWCBKGO-SAIGFBBZSA-N,1,8.872895201635192,2,0
XGQOITWDCFSJIH-UHFFFAOYSA-N,1,,0,0
PLDUPXSUYLZYBN-UHFFFAOYSA-N,1,8.493494967595128,1,2
FZEUFNLUEJZENL-UHFFFAOYSA-N,1,,0,0
YMMKVLDFUKHZTJ-UTKZUKDTSA-N,1,,0,0
WPKZTODVTLZQPZ-GCJKJVERSA-N,1,,0,0
IKSPSLCLHNNQFS-XXBNENTESA-N,1,,0,0
HUNDNZUNCNQCRK-UHFFFAOYSA-N,1,8.858575698582676,4,0
GNMGTHXPOHHXCC-UHFFFAOYSA-N,1,8.856985199745905,1,0
VCYJYQQXTOICSB-UHFFFAOYSA-N,1,8.853871964321762,1,0
URXAVGZMTQSESH-IYARVYRRSA-N,1,8.853871964321762,1,0
CNMSAIQUKYYMGN-MXVIHJGJSA-N,1,8.853871964321762,1,0
REAPOTFJKWYQFW-UHFFFAOYSA-N,1,8.853871964321762,1,0
BAGJQDYWVPCFCU-UHFFFAOYSA-N,1,8.853871964321762,3,0
CPTTYKNXUVQTGN-UHFFFAOYSA-N,1,8.853871964321762,1,0
YVEMSJWDFDTJQU-UHFFFAOYSA-N,1,8.853871964321762,2,0
WIYPXJWKJSYBKF-UHFFFAOYSA-N,1,8.853871964321762,3,0
KYXXZGFCBQFNOQ-UHFFFAOYSA-N,1,8.853871964321762,1,0
PASOWIIUVYLHIV-BYYHNAKLSA-N,1,,0,0
QWZZJNNQJSVEEN-OCOZRVBESA-N,1,,0,0
ALLUIYWATYVDFM-MXVIHJGJSA-N,1,8.853871964321762,2,0
OYIQKTRWSDEITE-QAQDUYKDSA-N,1,8.853871964321762,1,0
XOLGUSIUXDCCCM-HZCBDIJESA-N,1,,0,0
KJHPDBTYGMOOOR-UHFFFAOYSA-N,1,,0,0
RNTBYVJGJXERSN-UHFFFAOYSA-N,1,,0,0
LSQOOMIFBSOAIJ-HCGLCNNCSA-N,1,,0,0
YHQSGSIBDPGBNE-GBWYYYKWSA-N,1,,0,0
DOULCDSMIFJJIX-XUTJKUGGSA-N,1,,0,0
FASDKYOPVNHBLU-ZETCQYMHSA-N,1,8.823908740944319,12,0
YVQFTRVYMAREIA-UHFFFAOYSA-N,1,8.85078088734462,1,0
IQOHRYVJGPXDMK-SFHVURJKSA-N,1,,0,0
QCALWRVXYCHRSG-UHFFFAOYSA-N,1,,0,0
DVRLZAJGBLYQFK-UHFFFAOYSA-N,1,,0,0
HQDIIIDLDYDDHJ-UHFFFAOYSA-N,1,,0,0
ZDZWIQDJFWTDAM-NQIIRXRSSA-N,1,8.84948500216801,2,0
HUXFXXWYIRBVJR-UHFFFAOYSA-N,1,8.843013690569697,2,0
LMYXDMLXVWZVJJ-QPPBQGQZSA-N,1,,0,0
CQLNLMLQKSNCPW-UHFFFAOYSA-N,1,8.83889035263304,2,0
BYIJZPIPKRUSAC-KESTWPANSA-N,1,8.838631997765026,2,0
LZICIBCEISDAND-IYARVYRRSA-N,1,8.838631997765026,2,0
MGRVYPIMNDNBRD-XUTJKUGGSA-N,1,8.835647144215564,2,0
SWEZRIWMOXWKPT-UHFFFAOYSA-N,1,8.835504572275285,4,0
FVHLWQUAXIQGNY-UHFFFAOYSA-N,1,,0,0
CSKYOEFARAEABU-UAPYVXQJSA-N,1,8.832682665251824,2,0
INDXRHKLECFZHX-UHFFFAOYSA-N,1,8.829738284605043,1,0
HUVWCUMZGKOSQX-KESTWPANSA-N,1,8.829738284605043,2,0
IVXOADYRPYSQPC-UZLBHIALSA-N,1,,0,0
PVENBHMDIHLYQL-UHFFFAOYSA-N,1,,0,0
JNGNQZWCWJWYDP-UHFFFAOYSA-N,1,8.826670976409162,2,0
LSZYSKUEBVDYTO-UHFFFAOYSA-N,1,8.823908740944319,2,0
IOIJPOKENALSRI-VMUIEEQSSA-N,1,8.823908740944319,1,0
VMOFYGZGNSIHPR-UHFFFAOYSA-N,1,8.823908740944319,1,0
OSMDWBWUUPMWBF-BZSNNMDCSA-N,1,8.823908740944319,1,0
MGLBPQCNRNAVCP-UHFFFAOYSA-N,1,8.823908740944319,1,0
PWXSXDYNNANOIK-UHFFFAOYSA-N,1,8.823908740944319,1,0
RSQYYIMQKSBFSO-UHFFFAOYSA-N,1,,0,0
DCIOHCJFMCIMPE-SKPFHBQLSA-N,1,,0,0
BNFWJAQYVFRKRJ-VQTJNVASSA-N,1,,0,0
GFJRPGWLBNGCOI-JCNLHEQBSA-N,1,,0,0
MOIAIVHWYHJNIE-ROUUACIJSA-N,1,,0,0
YSDJOZOLDISODG-KYJUHHDHSA-N,1,,0,0
POVCSYONXDMZKL-UHFFFAOYSA-N,1,8.806875401645538,3,0
OMQYELRKBALQJF-UHFFFAOYSA-N,1,8.806875401645538,1,0
RWYJJIZNTJVITE-WGSAOQKQSA-N,1,8.806875401645538,2,0
PPLSEYBUMZWQHS-OFNKIYASSA-N,1,,0,0
DNKKASLPXCCBTN-QAQDUYKDSA-N,1,8.804100347590767,2,0
KQLWXCILLOUXJV-WGSAOQKQSA-N,1,8.801342913045577,2,0
YVWGFJJVIYRZMN-SFHVURJKSA-N,1,,0,0
MSHSWAFZASVUIU-AWKDPZSRSA-N,1,8.79997073344623,1,0
FBXKPSPDFUNMEE-AOJFSQSVSA-N,1,8.79997073344623,1,0
QENYNNSJVREWOL-UHFFFAOYSA-N,1,8.79997073344623,1,0
GNEOQNVIIJIRPW-UHFFFAOYSA-N,1,8.79997073344623,1,0
DYDVACJMXCMPDV-UHFFFAOYSA-N,1,8.79997073344623,1,0
ASINOPIKMGWLQS-UHFFFAOYSA-N,1,8.79997073344623,2,0
KSCIAWWFBYAELA-UHFFFAOYSA-N,1,8.79997073344623,2,0
UJNGTNSLEZLHFI-UHFFFAOYSA-N,1,8.79997073344623,1,0
KYKGECIXEATTSM-UHFFFAOYSA-N,1,8.79997073344623,1,0
YRLIAFPIEWQNDG-UHFFFAOYSA-N,1,8.79997073344623,1,0
WIHMMKGUBDZGEG-UHFFFAOYSA-N,1,8.79997073344623,7,0
KEOZDNQHXGUGES-UHFFFAOYSA-N,1,8.79997073344623,1,0
BZIIORPIORBBJU-UHFFFAOYSA-N,1,8.79997073344623,1,0
XSBNGDJHMKLOOQ-UHFFFAOYSA-N,1,8.79997073344623,1,0
DEIXGWIQADAVTO-UHFFFAOYSA-N,1,8.79997073344623,1,0
YGDMWGYWZVBWDP-UHFFFAOYSA-N,1,8.79997073344623,1,0
CHUTWLUGUSZHNG-UHFFFAOYSA-N,1,8.79997073344623,1,0
FEBUQPUIWDHVMW-UHFFFAOYSA-N,1,8.79997073344623,1,0
VBQPFBIQLMTMNM-UHFFFAOYSA-N,1,8.79997073344623,1,0
TUZSKSVCURDDOD-UHFFFAOYSA-N,1,8.79997073344623,1,0
RLZDEABBOHACIP-UHFFFAOYSA-N,1,8.79997073344623,1,0
ZWBIIYBHVNHQOG-UHFFFAOYSA-N,1,8.79997073344623,1,0
DEPZVFJRGVKNJM-UHFFFAOYSA-N,1,8.79997073344623,1,0
AZORJLGCYRQCSX-UHFFFAOYSA-N,1,8.79997073344623,1,0
GPVQRHUFRWEYGC-LMTLIKQPSA-N,1,8.79997073344623,2,0
BVVYFGNETCYNNY-UHFFFAOYSA-N,1,8.79997073344623,1,0
ZKRWPAYTJMRKLJ-UHFFFAOYSA-N,1,8.79997073344623,3,0
MGPVNTUQZHCXQW-UHFFFAOYSA-N,1,8.79997073344623,3,0
ZUBZEOWJXKKPSY-GHTZIAJQSA-N,1,8.79997073344623,1,0
IYZBRQAAJGEDNI-UHFFFAOYSA-N,1,,0,0
OJZXUFDBDMQATJ-UHFFFAOYSA-N,1,8.799299729609228,10,0
HCHRWGMYPOWUFG-UHFFFAOYSA-N,1,,0,0
MNHDKMDLOJSCGN-UHFFFAOYSA-N,1,8.797292666524068,20,0
QHLRKDSRGUZHSH-UHFFFAOYSA-N,1,8.795880017344075,1,0
GTLZGWIJAYPBBN-UHFFFAOYSA-N,1,8.795880017344075,1,0
LNFJZMYMJHIQPZ-UHFFFAOYSA-N,1,8.795880017344075,1,0
OABRYNHZQBZDMG-INIZCTEOSA-N,1,8.795880017344075,1,0
PWZPBZQTTHOCIS-UHFFFAOYSA-N,1,8.795880017344075,7,0
HIGILHVUMICSAW-UHFFFAOYSA-N,1,8.795880017344075,1,0
ZAZPPOBRQFIKRC-UHFFFAOYSA-N,1,8.795880017344075,1,0
BOUDGQUEAMMTAE-UHFFFAOYSA-N,1,,0,0
TYZKGCIDJUPIPC-IYARVYRRSA-N,1,8.795880017344075,1,0
PVEJYMIAJKGDRP-UHFFFAOYSA-N,1,,0,0
UGARTUSUDTUCHH-MXVIHJGJSA-N,1,,0,0
ZZJYIKPMDIWRSN-SLSDLSHTSA-N,1,,0,0
IQOWTUUUJRSSIY-UHFFFAOYSA-N,1,8.795880017344075,2,0
NWVXCTHMKYPUKK-NRFANRHFSA-N,1,,0,0
LQFUKCCOLHDWFK-UHFFFAOYSA-N,1,,0,0
NOSXOCMQQISHPL-IYARVYRRSA-N,1,,0,0
IDACJXRLCWWYDT-YYSPQECZSA-N,1,,0,0
DMWWEOYTOCKCTC-OXJNMPFZSA-N,1,,0,0
HOMQYYYMDXLYHT-XYWHTSSQSA-N,1,8.785156151952302,2,0
MUUSXXFKLPMJKL-IYARVYRRSA-N,1,,0,0
FETIOVWFCXVZTM-SAIGFBBZSA-N,1,8.779891911959945,2,0
VKQSAQSCKUZTCV-KNQAVFIVSA-N,1,,0,0
YOILXOMTHPUMRG-TZMCWYRMSA-N,1,8.849857838151442,3,0
CECKJAHVLJLQBE-VOTSOKGWSA-N,1,8.772966497360548,2,0
DTTQGOYOJDSYEL-QAQDUYKDSA-N,1,8.772113295386326,2,0
FZQRWGRFKDAQAI-UHFFFAOYSA-N,1,8.770062314092065,1,0
WWABSSMRPUCUEJ-UHFFFAOYSA-N,1,8.769551078621726,2,0
VCVHOTMCZLRSOP-OWOJBTEDSA-N,1,8.769551078621726,1,0
XBPMJUGEGKXVII-UHFFFAOYSA-N,1,8.769551078621726,1,0
KXFNVJFOSNKNAT-UHFFFAOYSA-N,1,8.769551078621726,1,0
LFATXWJLBURBCJ-UHFFFAOYSA-N,1,,0,0
RKNWXFDIXVCLNO-FCHUYYIVSA-N,1,,0,0
UTCVZDGBUSLXBQ-UHFFFAOYSA-N,1,8.768426931636824,2,0
PHVNNOMMTJPRIX-XUTJKUGGSA-N,1,8.767003889607846,2,0
PNYXLKQFWMPYSH-OAHLLOKOSA-N,1,8.763519440490025,2,0
JTJUCUMXKUPFBQ-UHFFFAOYSA-N,1,8.761439372640169,6,0
BADZIIJBCNPURN-GCJKJVERSA-N,1,,0,0
DRMNJQDZXRGJRN-YKSBVNFPSA-N,1,,0,0
GOLAHDQVVNCLCU-UHFFFAOYSA-N,1,,0,0
OKLQUANCQYMFOA-ONEGZZNKSA-N,1,8.755724641749778,2,0
POVCSYONXDMZKL-XMMPIXPASA-N,1,8.752026733638193,1,0
YCVCSJNOURLGPF-XUTJKUGGSA-N,1,8.749579997691106,2,0
ARXBAOIZXCCQAV-UHFFFAOYSA-N,1,,0,0
RLIMJSGHBMXEDY-GHTZIAJQSA-N,1,,0,0
BHNXJQYCDCKDKH-LAUBAEHRSA-N,1,,0,0
FGHYITFFCUFQHL-XUTJKUGGSA-N,1,8.747146969020108,2,0
KJOFXQKVGTXQTK-UHFFFAOYSA-N,1,8.744727494896694,1,0
ZKZFPRUSWCYSGT-UHFFFAOYSA-N,1,8.744727494896694,1,0
TUZMIWVHPWQEBK-UHFFFAOYSA-N,1,8.744727494896694,5,0
DISKLDRQYHVOPT-UHFFFAOYSA-N,1,8.207388111510006,2,0
KBPAXMUQBHLMMA-UHFFFAOYSA-N,1,8.744727494896694,1,0
FXMDNGYJSZHADA-UHFFFAOYSA-N,1,8.744727494896694,1,0
FDCHXWBYCLDODW-UHFFFAOYSA-N,1,,0,0
WUVVNDIQBGLCOQ-UHFFFAOYSA-N,1,8.744727494896694,1,0
VOCJQDHVNNMIHT-UHFFFAOYSA-N,1,,0,0
UNEYERITNKRLJR-IPJJNNNSSA-N,1,,0,0
NGHDXYJXIZZENU-YONZVVFSSA-N,1,8.742321425130816,2,0
TUCVLDGVHWFVIS-WGSAOQKQSA-N,1,8.742321425130816,2,0
RHRKSVACMIQFDY-UHFFFAOYSA-N,1,8.739928612014925,1,0
BTGAJCKRXPNBFI-OAHLLOKOSA-N,1,8.739928612014925,3,0
RXIFDJMCJKEING-XIFFEERXSA-N,1,8.739928612014925,1,0
ZDHMFNGMBGJLNF-OFNKIYASSA-N,1,,0,0
OOBJUMKQKXVZFD-QAQDUYKDSA-N,1,8.73754891026957,2,0
RTMIJLQPWFKAFE-FPYGCLRLSA-N,1,8.732828271596986,1,0
XXUXRIDSKSDOGY-XYWHTSSQSA-N,1,8.732828271596986,2,0
KFMWSHDUFMIMRO-UHFFFAOYSA-N,1,,0,0
LQSRXUCPMMXTPD-UHFFFAOYSA-N,1,,0,0
YFCLKFMYEUGDOO-KESTWPANSA-N,1,,0,0
UBVTUPXDRIQNKR-UHFFFAOYSA-N,1,8.72584215073632,1,0
NABHHUMHJIHHIX-UHFFFAOYSA-N,1,8.72584215073632,11,0
WNRXKNXWFCFUSX-WGSAOQKQSA-N,1,8.72584215073632,2,0
ITNZRVAWAMTRJC-IYARVYRRSA-N,1,8.72584215073632,2,0
FIQUQIIUSBAECI-QAQDUYKDSA-N,1,8.72584215073632,2,0
ABRFKTAFRQVZBR-UHFFFAOYSA-N,1,8.721246399047171,1,0
HNVPKMQKKJUCMS-UHFFFAOYSA-N,1,8.721246399047171,2,0
DHFUVVTYPXJZAP-UHFFFAOYSA-N,1,8.721246399047171,1,0
ZZJYIKPMDIWRSN-TZBSWOFLSA-N,1,8.721246399047171,7,0
GXSJLZZVCQCUTH-UHFFFAOYSA-N,1,8.721246399047171,1,0
PXCHOWMQGZACON-WGSAOQKQSA-N,1,8.721246399047171,1,0
DKJHWZSZJVWAQC-IYARVYRRSA-N,1,8.721246399047171,1,0
RWMHVMBWEZTTSB-UHFFFAOYSA-N,1,,0,0
ODFIVFUWYGFTJX-UHFFFAOYSA-N,1,,0,0
DQWJULNHVFIKBD-UHFFFAOYSA-N,1,,0,0
RLUITWHSEBGXDK-KESTWPANSA-N,1,,0,0
HJCKNZCUBOVUBA-UAPYVXQJSA-N,1,,0,0
NCXOQBJDZLIEBD-OVPUFTJJSA-N,1,,0,0
CXQUOFVDYCOSEZ-UHFFFAOYSA-N,1,9.148741651280925,5,0
VPYCAVXBANQPPA-UHFFFAOYSA-N,1,8.720105019988361,3,0
SLERETJRSLMXIG-UHFFFAOYSA-N,1,8.717927464077338,2,0
OXYSILQZQLVAHW-AQYVVDRMSA-N,1,8.712198270069774,2,0
OWNNKPRXFVCNAN-XGAFWQRZSA-N,1,8.709965388637482,2,0
CVLYSHSUQHJMJF-KESTWPANSA-N,1,8.705533773838408,2,0
NOXSTXNFXDOBON-UHFFFAOYSA-N,1,8.703334809738468,1,0
KZPBNOPHHYISJR-CGKJMXRXSA-N,1,8.700057099977233,1,0
ZMJYDZCRICPTFL-MGFGWZDJSA-N,1,8.700057099977233,1,0
UFTZKVBEKDPBGS-SAIGFBBZSA-N,1,8.700057099977233,1,0
PFQMUGNELAMXCH-NUYADNILSA-N,1,8.700057099977233,1,0
FDELRQRUDIZNMQ-PSDCWKFISA-N,1,8.700057099977233,1,0
JQBQMMRMPNXBDP-MGFGWZDJSA-N,1,8.700057099977233,1,0
DVKVLLZTDOYZKA-NFRPNRGWSA-N,1,8.700057099977233,1,0
CYBHGHQYVGGXRB-BDYUSTAISA-N,1,8.700057099977233,1,0
QZFDRUTWOSVQBO-UHFFFAOYSA-N,1,8.700057099977233,1,0
GFAFSCXGLIXHFV-OOAXWGSJSA-N,1,8.700057099977233,1,0
MFVZCUGAIPDSAL-XBXARRHUSA-N,1,8.700057099977233,1,0
OXRRNHYMIXLDFY-UHFFFAOYSA-N,1,8.700057099977233,1,0
OYCWFOLWJZRICL-UHFFFAOYSA-N,1,8.700057099977233,1,0
QHUAVXDRCSLDHT-UHFFFAOYSA-N,1,8.700057099977233,1,0
RWJCXWVQRSSDLR-UHFFFAOYSA-N,1,8.700057099977233,1,0
RQXJVDYSRNWVNF-UHFFFAOYSA-N,1,8.700057099977233,1,0
FXOJKPLALHHTKM-UHFFFAOYSA-N,1,8.700057099977233,1,0
GGAQZJOAVWSKSS-UHFFFAOYSA-N,1,8.700057099977233,1,0
XHYYPLOOWDKARF-UHFFFAOYSA-N,1,8.700057099977233,1,0
GRQQDQSHIQXVLZ-UHFFFAOYSA-N,1,8.700057099977233,1,0
RFIKMECJVGIKGU-UHFFFAOYSA-N,1,8.700057099977233,1,0
PXLGTQTYMBVHFH-UHFFFAOYSA-N,1,8.700057099977233,1,0
ZLAONGKKHFSBFL-UHFFFAOYSA-N,1,8.700057099977233,1,0
IWYNZVSUMFYFCF-UHFFFAOYSA-N,1,8.700057099977233,1,0
TXPWWEBUZHUGQI-UHFFFAOYSA-N,1,8.700057099977233,3,0
SRVOWVHRVJSZKO-UHFFFAOYSA-N,1,8.700057099977233,3,0
DRKUAUJUSZGTGW-UHFFFAOYSA-N,1,8.700057099977233,3,0
JGGOHKJHMHHQML-OFNKIYASSA-N,1,,0,0
IMYFITBNCNWHTL-UHFFFAOYSA-N,1,8.698970004336019,1,0
XOMRUHWGUJNGLC-UHFFFAOYSA-N,1,8.698970004336019,1,0
MBJIMEPOUWVXCI-KESTWPANSA-N,1,8.698970004336019,1,0
YJPWVCIGSHWNON-UHFFFAOYSA-N,1,8.698970004336019,12,0
BZXKTPMEZNZORO-OWOJBTEDSA-N,1,8.698970004336019,1,0
FWYMLODBNSUZMM-OWOJBTEDSA-N,1,8.698970004336019,1,0
UNGWGGUPRUDQFM-PHTYHVAFSA-N,1,8.698970004336019,1,0
PGCKDCUFJMOFOO-UHFFFAOYSA-N,1,8.698970004336019,1,0
ROYIVTSMYARVGE-UHFFFAOYSA-N,1,8.698970004336019,1,0
FRFIZCRRPBDSOP-AATRIKPKSA-N,1,8.698970004336019,1,0
SUYNNRLZQGBZKP-AQYVVDRMSA-N,1,8.698970004336019,2,0
SNYSIUBLSUQYMK-UHFFFAOYSA-N,1,,0,0
BYJLEOXPONSXOY-HDICACEKSA-N,1,,0,0
GMKWDFMANHJRNB-UHFFFAOYSA-N,1,,0,0
KFWJKLDOLDILRK-UHFFFAOYSA-N,1,,0,0
PTUSEMHIKWRSIP-UHFFFAOYSA-N,1,,0,0
JEAHBVRHQWEDQL-UHFFFAOYSA-N,1,,0,0
CLYZVNJXJPXTED-XLIONFOSSA-N,1,,0,0
IYZBRQAAJGEDNI-UZLBHIALSA-N,1,,0,0
XIGLRHPWOZXGTP-AFARHQOCSA-N,1,8.69680394257951,2,0
YTXILLIRPDSLHZ-UHFFFAOYSA-N,1,,0,0
CQUFCEROSHHDTD-YEMPIKNUSA-N,1,8.694648630553376,2,0
YBUAHTMMKRAXBO-JKIUYZKVSA-N,1,8.688246138944246,2,0
XUAZJBFALQHOFB-UHFFFAOYSA-N,1,8.68623514480549,2,0
LJYQDVKZJSSWJS-KESTWPANSA-N,1,8.686132779630846,2,0
YCFPUDBYSCLGNZ-XUTJKUGGSA-N,1,8.679853713888946,2,0
XYOCQKZCBWVHNF-AQYVVDRMSA-N,1,8.679853713888946,2,0
HJWWNWMERDPVMY-UHFFFAOYSA-N,1,,0,0
OACVKINMDRORAI-UHFFFAOYSA-N,1,,0,0
PBLLZSMBTAPYBH-HHHXNRCGSA-N,1,8.67778070526608,1,0
BUSRXNBLQQVZCO-OAQYLSRUSA-N,1,8.67778070526608,1,0
WKTBGKZXPNQGKA-MOJGAOKDSA-N,1,8.67778070526608,1,0
LPZBJVXNLCRBGB-UHFFFAOYSA-N,1,8.67778070526608,1,0
RYXXRKZWJMNUEJ-UHFFFAOYSA-N,1,8.67778070526608,2,0
XZONNCQQDNOYMJ-UHFFFAOYSA-N,1,,0,0
XVXXUEGVEYMXOM-UHFFFAOYSA-N,1,,0,0
WOEVFFPIBHQXIQ-UHFFFAOYSA-N,1,,0,0
UPKMERWQQHPRMB-AQYVVDRMSA-N,1,8.675717544702307,2,0
LDQCWGIXZGDJNL-IYARVYRRSA-N,1,,0,0
KDMBMLINAPXLCW-UZLBHIALSA-N,1,,0,0
SJUYCGYJRSRZHG-JLHYYAGUSA-N,1,8.669586226650809,1,0
MTZVFISNUGZYGT-UHFFFAOYSA-N,1,,0,0
JNOKWZBEYVLXQJ-OJBMAJLDSA-N,1,8.669586226650809,2,0
BLQLPPFWAKBJSW-NQIIRXRSSA-N,1,,0,0
YHKSIIGCRXQDQA-IVFBNWJGSA-N,1,,0,0
QODHNMBBWHFBBL-ZWKOTPCHSA-N,1,,0,0
QIUIRCOXERNMCI-KZNAEPCWSA-N,1,8.66354026615147,2,0
BLYMJBIZMIGWFK-OAHLLOKOSA-N,1,8.657577319177793,9,0
AQKFTLWWZGTUKW-FPYGCLRLSA-N,1,8.657577319177793,1,0
DWDPBNBMFRTKEL-OWOJBTEDSA-N,1,8.657577319177793,5,0
WCPFRPNMWXGWQY-ONEGZZNKSA-N,1,8.657577319177793,1,0
LMYNSVJAWVGIBW-UHFFFAOYSA-N,1,8.657577319177793,1,0
XPMUUENUQYZASR-MHZLTWQESA-N,1,,0,0
HMVJSLZLZZJKHU-UHFFFAOYSA-N,1,,0,0
BFHHRFYYBLXMIN-KESTWPANSA-N,1,8.657577319177793,2,0
AVHWSQKJWQBOIR-XUTJKUGGSA-N,1,8.657577319177793,2,0
LPYLNBHXBHUYKT-QIUPIDFOSA-N,1,,0,0
LVXRWLDIURXUJE-LSNLESRRSA-N,1,8.655607726314889,2,0
PMXOLMUJYKILQT-AQYVVDRMSA-N,1,8.655607726314889,2,0
RBXWTIUJXQLTFC-XZWHSSHBSA-N,1,,0,0
NLDGWRVWWZGYFC-CTTUZFCVSA-N,1,8.653647025549361,2,0
WOCTZIGUHYMWQK-XYWHTSSQSA-N,1,8.649751981665837,2,0
AQINCVNJJDJAMA-UHFFFAOYSA-N,1,,0,0
GOLAHDQVVNCLCU-QFBILLFUSA-N,1,,0,0
IPXYCJHALCJMEQ-XUTJKUGGSA-N,1,8.647817481888637,2,0
LKMYYERAFNDIAS-BVSLBCMMSA-N,1,8.647817481888637,2,0
BYGFRAXTFHIMHT-WGSAOQKQSA-N,1,8.647817481888637,2,0
HUTRNXILWVFUDE-UHFFFAOYSA-N,1,8.645891560852599,1,0
BWGWYQWYXXYEFW-MXVIHJGJSA-N,1,8.642065152999546,2,0
UDOZPIGWNKAYKX-UHFFFAOYSA-N,1,8.64116474849887,2,0
QTEIKHHDCPQIMO-LYHRCORUSA-N,1,8.640164517660113,2,0
XDPJGUWWXSDVTP-UHFFFAOYSA-N,1,,0,0
UDKZGAJICQNPNZ-OWOJBTEDSA-N,1,8.638272163982407,1,0
BZVWETBNKDFSQG-UHFFFAOYSA-N,1,8.638272163982407,1,0
LWSZJTQQUMNMOU-UHFFFAOYSA-N,1,8.638272163982407,1,0
IXQUACGJMOXDCP-UHFFFAOYSA-N,1,,0,0
BQGJUXXCNWSZIZ-KESTWPANSA-N,1,8.638272163982407,2,0
AAELEHAFAYIZRH-KDURUIRLSA-N,1,,0,0
JCYQNPLHYOAPCP-UHFFFAOYSA-N,1,,0,0
NHLHTGDNMWUOMW-UHFFFAOYSA-N,1,,0,0
GWAVQBXUVNSXRO-UHFFFAOYSA-N,1,,0,0
FZDNUIQNUJFKIG-UHFFFAOYSA-N,1,,0,0
HVGOTNRLMTVSFL-QAQDUYKDSA-N,1,,0,0
TXJLVFDHHWCPFJ-SHTZXODSSA-N,1,,0,0
YJGPWNCHDJDGJR-UHFFFAOYSA-N,1,8.63264407897398,7,0
BLYMJBIZMIGWFK-UHFFFAOYSA-N,1,8.537602002101044,9,0
AQLFNWINMCVDSP-QAQDUYKDSA-N,1,,0,0
HEKOGNYDDZRAAJ-UHFFFAOYSA-N,1,8.61996975203217,1,0
KIDLIVLNXRZSJP-KNQAVFIVSA-N,1,,0,0
RSAQDZVYAIXCFK-MEMLXQNLSA-N,1,8.619788758288394,1,0
DWUAAOIZQFTYQP-MRXNPFEDSA-N,1,8.619788758288394,6,0
NPATVCXCHCPFCB-OAHLLOKOSA-N,1,8.619788758288394,1,0
HBYKTDPONPUZPO-UHFFFAOYSA-N,1,8.619788758288394,1,0
SYEUZBHYJOPLBK-QGOAFFKASA-N,1,8.619788758288394,1,0
JKYLHNIPTDCTPH-UHFFFAOYSA-N,1,8.619788758288394,1,0
JOHIGOPVFHBKPR-HZCBDIJESA-N,1,8.619788758288394,2,0
XTFNKHQCBITNPG-UHFFFAOYSA-N,1,,0,0
JMPUAGQQRFXFOX-ZWKOTPCHSA-N,1,,0,0
LBZFACYIJUKGCY-ZXSXIFIVSA-N,1,,0,0
JWZQTYLGRLCMJW-UHFFFAOYSA-N,1,8.616184634019568,2,0
FUGWOZRGTJZGAQ-UHFFFAOYSA-N,1,,0,0
FTCVLHZRRJVLPD-HZPDHXFCSA-N,1,8.614912971512572,2,0
PLAPJTQAKKRSBQ-AQYVVDRMSA-N,1,8.614393726401687,2,0
VPIBUDXDYGVIBY-RUCARUNLSA-N,1,8.612966298717637,2,0
QURJJYMBLXNGPW-CHDDOINTSA-N,1,8.61261017366127,2,0
KRNPJKNJUZRFIL-OAQYLSRUSA-N,1,,0,0
RPKWQRUGASWUBS-UHFFFAOYSA-N,1,,0,0
ZXMQIPPBQZMPBZ-NQIIRXRSSA-N,1,,0,0
LKMYYERAFNDIAS-CEMLEFRQSA-N,1,8.603800652904264,2,0
WDHYFDZSQKSUCX-WGSAOQKQSA-N,1,8.602059991327963,1,0
QHYONRIMRKDWFG-UHFFFAOYSA-N,1,8.602059991327963,1,0
OFTZRFJEBCMBOT-OWOJBTEDSA-N,1,8.602059991327963,1,0
MONABEPWKHXIEW-UHFFFAOYSA-N,1,8.602059991327963,1,0
RUZJOGYMPJWMOY-UHFFFAOYSA-N,1,8.602059991327963,3,0
CEGIBPCCIZOPHK-UHFFFAOYSA-N,1,8.602059991327963,1,0
SNGXJMCNRWUDKR-UHFFFAOYSA-N,1,8.602059991327963,1,0
SCWHHXLTCHIVBS-UHFFFAOYSA-N,1,8.602059991327963,1,0
GQPOGVMYXNWAPK-SSGKUCQKSA-N,1,8.602059991327963,2,0
YVUQSNJEYSNKRX-UHFFFAOYSA-N,1,,0,0
BVXTUFOXINIFQV-UHFFFAOYSA-N,1,,0,0
FFHHYAWKMDTAAH-NJDAHSKKSA-N,1,8.600326278518962,2,0
IONCAKHVNMAPQA-GHTZIAJQSA-N,1,,0,0
MGPBHFVVGJDFMY-OXJNMPFZSA-N,1,,0,0
MOBPOBWCTFHVAW-WVPZODRTSA-N,1,8.599980364934842,1,0
CWTKWMZRXUTRKL-PGWJBFNOSA-N,1,8.599980364934842,1,0
UAADKSLJJWMEKI-VFWABUEKSA-N,1,8.599980364934842,1,0
JLHYDFVXCXCPKN-AEFFLSMTSA-N,1,8.599980364934842,1,0
VQTOIKFNTAKXCR-UHFFFAOYSA-N,1,8.599980364934842,1,0
WLQQYOGZZSJJST-SFHVURJKSA-N,1,8.599980364934842,1,0
JBETURIRTKWRDW-UHFFFAOYSA-N,1,8.599980364934842,1,0
AUFOWYXFFKBIDT-UHFFFAOYSA-N,1,8.599980364934842,1,0
LQMXUNHATCSENV-UHFFFAOYSA-N,1,8.599980364934842,1,0
SJAPPPAALBAIBC-RUDMXATFSA-N,1,8.599980364934842,1,0
HFPUZJYAPWLJOL-UHFFFAOYSA-N,1,8.599980364934842,1,0
UUKCJRIPKQWEID-UHFFFAOYSA-N,1,8.599980364934842,1,0
CUDIFALFXGTJEV-UHFFFAOYSA-N,1,8.599980364934842,1,0
OHAOVJVRDRFORL-UHFFFAOYSA-N,1,8.599980364934842,1,0
OVGUUSWJYHCFLN-UHFFFAOYSA-N,1,8.599980364934842,1,0
PZBTVBSLNQDOCG-UHFFFAOYSA-N,1,8.599980364934842,1,0
YBTBFDQBPQHZEV-UHFFFAOYSA-N,1,8.599980364934842,1,0
LJDQESSYTJNKOI-UHFFFAOYSA-N,1,8.599980364934842,1,0
FXBRDXOXJHZPDA-UHFFFAOYSA-N,1,8.599980364934842,1,0
TZQRQWWAQZCVET-UHFFFAOYSA-N,1,8.599980364934842,3,0
JJRCKNMPBGKXPO-UHFFFAOYSA-N,1,8.599980364934842,1,0
JZHYUFZRYZRTGH-UHFFFAOYSA-N,1,8.599980364934842,1,0
ICZBTJKIVJMPIF-UHFFFAOYSA-N,1,8.599980364934842,1,0
ZPZJOEGHLORCHV-UHFFFAOYSA-N,1,8.599980364934842,2,0
KUXKOTSZBCHRDY-DZGCQCFKSA-N,1,8.599980364934842,2,0
IMFBORACXDJQCD-GCJKJVERSA-N,1,8.599980364934842,2,0
KRDDFKSJWNNSAT-OFNKIYASSA-N,1,8.599980364934842,1,0
SJJCRPJMKKRQSW-XLIONFOSSA-N,1,8.599980364934842,1,0
HCMQQWOQIHLJGQ-UHFFFAOYSA-N,1,8.599980364934842,1,0
ZHXHPEMSGWDXAG-SAIGFBBZSA-N,1,8.596879478824182,2,0
DMKAPLAWGQGMFL-UHFFFAOYSA-N,1,,0,0
WTONWMINNVVDTM-XGAFWQRZSA-N,1,8.595166283380062,2,0
FNCHOLREEKOGDL-JHJOSGQCSA-N,1,8.593459819566045,2,0
FFHHYAWKMDTAAH-YGQOYYDZSA-N,1,8.59176003468815,2,0
MRFCADRSWRCQFQ-UHFFFAOYSA-N,1,,0,0
DOTLHOVQYVFUDB-YKSBVNFPSA-N,1,,0,0
IVXOADYRPYSQPC-OXJNMPFZSA-N,1,,0,0
LPLZFZAIOWVRTJ-UHFFFAOYSA-N,1,8.585026652029182,1,0
ZAHWLODEKOTGDR-UHFFFAOYSA-N,1,8.585026652029182,1,0
SKBHXKCNFXTHOX-OWOJBTEDSA-N,1,8.585026652029182,1,0
IBYDPPHZGREUMK-ONEGZZNKSA-N,1,8.585026652029182,1,0
YVXCFLFONVBIJR-UHFFFAOYSA-N,1,8.585026652029182,1,0
VLVNADWTXMPIOQ-CYYJNZCTSA-N,1,,0,0
OXKMARLXXNQVMY-UHFFFAOYSA-N,1,,0,0
RTBMOTWSSZKVDC-RBUKOAKNSA-N,1,,0,0
BGDWIZDSYFKVEK-UHFFFAOYSA-N,1,,0,0
YCLMRMCMFMEFIH-QAQDUYKDSA-N,1,,0,0
IQKUCRAAVAKXAF-CEJRHITASA-N,1,,0,0
SIOXKMDYIGNNPU-PGWJBFNOSA-N,1,8.58385896883167,2,0
KIRKSXHWZHQUBF-PGJPKGLCSA-N,1,8.58335949266172,1,0
UIFXLMHCLOJOQC-UHFFFAOYSA-N,1,8.582535451769711,4,0
CVHFBMSYCSPBIQ-INIZCTEOSA-N,1,,0,0
IQNJCFSRWWUBAK-XYWHTSSQSA-N,1,8.580044251510243,2,0
YZMAJSYJKLQFNB-UHFFFAOYSA-N,1,,0,0
ZUARVBUFFCRJPZ-UHFFFAOYSA-N,1,,0,0
DSVHLIGWQYXIBW-RBUKOAKNSA-N,1,,0,0
WBZRGAFDKQUGFB-UHFFFAOYSA-N,1,8.576754126063193,1,0
OXHFCAMGABAVGJ-UHFFFAOYSA-N,1,8.573488738635424,1,0
SIWFRLSPUANOPO-UAPYVXQJSA-N,1,8.57186520597121,2,0
MOBMWPPSJIZIKV-OKDASEJXSA-N,1,8.57186520597121,2,0
DXBDRGKOIPOWRV-XGAFWQRZSA-N,1,8.570247719997592,2,0
TXEGIIUTZDNUKA-GCJKJVERSA-N,1,,0,0
DVZPUKBLSGGLOX-OWOJBTEDSA-N,1,8.568636235841012,1,0
WPLABUPGUVWYRA-UHFFFAOYSA-N,1,8.568636235841012,1,0
WZTRJNUHJASJJE-UHFFFAOYSA-N,1,8.568636235841012,1,0
ISUNUPFSUDXDKD-UHFFFAOYSA-N,1,8.568636235841012,1,0
XVXBOIQGBDSZFQ-UHFFFAOYSA-N,1,8.568636235841012,1,0
OFWNLCWKTRJZBM-AQYVVDRMSA-N,1,8.568636235841012,1,0
BVFIHIUYFGGHND-UHFFFAOYSA-N,1,,0,0
WLGXAVSOEWKYQS-UHFFFAOYSA-N,1,,0,0
ZGKBKGOWPHSOQL-UHFFFAOYSA-N,1,,0,0
XCPZHYSDOVJPIV-UHFFFAOYSA-N,1,,0,0
XLEWIENHGJAYQF-WKILWMFISA-N,1,,0,0
VJCSBNQWOYYPHX-SHTZXODSSA-N,1,,0,0
PISAGUMTFMXBJX-YOCNBXQISA-N,1,,0,0
VFDZFYCKUWKAKM-UHFFFAOYSA-N,1,8.566856330457902,2,0
NHPZGAKHYOUQRR-LBZQVFOQSA-N,1,8.561299467099264,2,0
AMCLEKXUPLBXGM-YEMPIKNUSA-N,1,8.560667306169737,2,0
OMOJVKDXKKEFQT-OXJNMPFZSA-N,1,,0,0
KDMBMLINAPXLCW-JXFKEZNVSA-N,1,,0,0
QDBPUGDJXGIOJW-HFYIJGDASA-N,1,,0,0
MBVXIDMKZKQKDD-JUUMZCOKSA-N,1,8.559090917934782,2,0
JGLGOAQPUQITLD-OGAOHHHESA-N,1,8.700057099977233,1,0
MASFGJOTAOERQU-JKIUYZKVSA-N,1,8.554395796726402,2,0
KHNMKPXPIOAOHB-WPWMEQJKSA-N,1,,0,0
CVWQKEFTSSJDLS-UHFFFAOYSA-N,1,8.55284196865778,1,0
WOOHCDFWINCKHH-OCEACIFDSA-N,1,,0,0
UNLHPXJQQWTXIL-UHFFFAOYSA-N,1,,0,0
CNARPAZVQVCVGJ-UHFFFAOYSA-N,1,8.551450489942221,2,0
MLUHKGHTLUYKBS-UHFFFAOYSA-N,1,8.549750891680638,1,0
AYQGEWALVNGKIC-AQYVVDRMSA-N,1,8.54821356447571,2,0
GOPCNWYYZCPBLJ-UHFFFAOYSA-N,1,8.546832479097453,6,0
FFHHYAWKMDTAAH-ACRUOGEOSA-N,1,8.54515513999149,2,0
QAAOBQZCHWUKTE-UAPYVXQJSA-N,1,8.54515513999149,2,0
OMQYELRKBALQJF-TZMCWYRMSA-N,1,8.542118103266008,1,0
SIJIBHRUTSSJLY-KESTWPANSA-N,1,8.542118103266008,2,0
WVGMMWFIRBRTKW-PGWJBFNOSA-N,1,8.542118103266008,2,0
SVPFZRJDQVOOKQ-WGSAOQKQSA-N,1,,0,0
OWMILJDHSTVDQS-UHFFFAOYSA-N,1,8.54098483160756,2,0
PWGOIITXHIWDRA-MEMLXQNLSA-N,1,8.540607512240769,2,0
GOLAHDQVVNCLCU-APWZRJJASA-N,1,,0,0
BTNRAFHTPKZOBC-UHFFFAOYSA-N,1,8.539102157243452,1,0
HQCCZCGQNSJNDG-YSMPRRRNSA-N,1,,0,0
KXVAICSRMHXLJN-UHFFFAOYSA-N,1,8.537602002101044,2,0
NJEUWDQVSSOGDD-UHFFFAOYSA-N,1,8.537602002101044,1,0
MUPRCNAECHSDLY-UHFFFAOYSA-N,1,,0,0
JQMOQEGMADHTMB-KESTWPANSA-N,1,8.537602002101044,2,0
DBHSOMRLOFZXDC-AFARHQOCSA-N,1,8.537602002101044,2,0
GUKSVDQGXPESAC-XYWHTSSQSA-N,1,8.537602002101044,2,0
PJTUVEVWHJIBQJ-RPWUZVMVSA-N,1,,0,0
AEXGGULFDFKXQV-SFFZADGDSA-N,1,,0,0
POVCSYONXDMZKL-DEOSSOPVSA-N,1,,0,0
JNNUNYQLZKWFQJ-UHFFFAOYSA-N,1,,0,0
UPYKABFZBCHNJS-KESTWPANSA-N,1,8.531652669587842,2,0
UILMTLNPQHNZIS-UHFFFAOYSA-N,1,8.530177984021837,1,0
MYIVBWHBNPYKLU-UHFFFAOYSA-N,1,,0,0
VUDZLQDQARJUEH-UHFFFAOYSA-N,1,8.528708288941061,1,0
GUGMHFQRQQBWKY-YUNKUFCWSA-N,1,8.525783735923746,2,0
UIWGASRGCHQVHR-FKBYEOEOSA-N,1,8.52432881167557,2,0
UKOYDIULRIOVQF-UHFFFAOYSA-N,1,8.522878745280337,5,0
KOJQTECQJQQSSZ-NSCUHMNNSA-N,1,8.522878745280337,1,0
IVJLEPPEOLFVAV-UHFFFAOYSA-N,1,8.522878745280337,1,0
SOZSRQNNAHBPJO-UHFFFAOYSA-N,1,8.522878745280337,1,0
YYUNYJZUIDSHML-AATRIKPKSA-N,1,8.522878745280337,1,0
KDYAMWXNWWOJBI-UHFFFAOYSA-N,1,8.522878745280337,3,0
AJIGPZIDDACLTM-UHFFFAOYSA-N,1,8.522878745280337,1,0
GSZBDACNBVTFKJ-ZWGSZDQZSA-N,1,8.522878745280337,1,0
ZJADORDBVJWZKV-MLCQCVOFSA-N,1,8.522878745280337,1,0
NZGWRTVGHIZQDX-UHFFFAOYSA-N,1,,0,0
BQOOCNJGXJVXRO-UHFFFAOYSA-N,1,,0,0
JWWLBNFBBLUIHS-UHFFFAOYSA-N,1,,0,0
DTWIWINSMXUYHB-UHFFFAOYSA-N,1,8.311182982876204,2,0
ZPVXYYUZSYUVBO-KESTWPANSA-N,1,8.51999305704285,2,0
JCZQORKBTOWEKS-UHFFFAOYSA-N,1,,0,0
MGPBHFVVGJDFMY-UHFFFAOYSA-N,1,,0,0
CTTVMGVVWWHIMC-UHFFFAOYSA-N,1,,0,0
CAQIBAFXOSLMJP-UHFFFAOYSA-N,1,,0,0
HLWTUGVLYCATKY-OCEACIFDSA-N,1,,0,0
IPANXDCFQPUSKK-LSNLESRRSA-N,1,8.515700160653214,2,0
IEANVAFYLZJSPC-NSCUHMNNSA-N,1,8.513898580810467,6,0
WGZMUKVNOBTQJA-UHFFFAOYSA-N,1,8.510041520575164,1,0
AKOUANOAMJNPBZ-GJIFKWMDSA-N,1,8.510041520575164,2,0
CAVOXTSDVAGWFI-GHTZIAJQSA-N,1,,0,0
CLYZVNJXJPXTED-FXAWDEMLSA-N,1,,0,0
HZDFSRLOPVRUAU-IRJFHVNHSA-N,1,8.508778423760717,2,0
MJGBQWPHMBBNAH-SNAWJCMRSA-N,1,8.508638306165727,1,0
UWNBKMQSNLLWQV-UHFFFAOYSA-N,1,,0,0
YNWOBTVVUPPFAD-UHFFFAOYSA-N,1,,0,0
VSYGMBWVAURWIK-QAQDUYKDSA-N,1,8.508638306165727,2,0
FIMDFCHHYZMXDV-YGQOYYDZSA-N,1,8.508638306165727,2,0
ZJUHEDMNUHRHQM-XUTJKUGGSA-N,1,8.508638306165727,2,0
XGWTYMRRVDFIEO-UHFFFAOYSA-N,1,,0,0
UVGXRAIWMKOXPV-PAVFIEEWSA-N,1,,0,0
ZJADORDBVJWZKV-SSGKUCQKSA-N,1,8.506166867536862,2,0
ZJUQDFIINDCGDS-UAPYVXQJSA-N,1,8.505845405981557,2,0
HVMWQJLTYBIVCR-SAIGFBBZSA-N,1,8.503070351926786,2,0
JQBHQHNVJCDNEL-SLHLXQHXSA-N,1,,0,0
ZKRWPAYTJMRKLJ-BTYIYWSLSA-N,1,,0,0
LBBQUWUAGWPJCG-MGFGWZDJSA-N,1,8.500038134403809,1,0
CXACCTLHKWWMBU-MGFGWZDJSA-N,1,8.500038134403809,1,0
JWEXFFPVADEULA-MGFGWZDJSA-N,1,8.500038134403809,1,0
GLNKSQKEDBWUGV-JIBACQESSA-N,1,8.500038134403809,1,0
JBLAHJDPCUNHND-SAIGFBBZSA-N,1,8.500038134403809,1,0
KZHRZLVMRCWAML-PKWGFICBSA-N,1,8.500038134403809,1,0
OUVWNMTXUYBAHT-UHFFFAOYSA-N,1,8.500038134403809,1,0
RHNRGRRBWOZBRT-AREMUKBSSA-N,1,8.500038134403809,1,0
BWRCLYWJGBWWTH-ONRAHDBNSA-N,1,8.500038134403809,1,0
ZZAIPBCEUCKJJK-QOFSWEROSA-N,1,8.500038134403809,1,0
XLVZTPFZKIHPPD-WFCPMTAMSA-N,1,8.500038134403809,1,0
ZDZWIQDJFWTDAM-GHTZIAJQSA-N,1,8.500038134403809,1,0
DJYCHIVFEYCSOS-UHFFFAOYSA-N,1,8.500038134403809,1,0
XYWCAOFTBSFDJW-UHFFFAOYSA-N,1,8.500038134403809,1,0
PCVICCVMMOFTLF-UXBLZVDNSA-N,1,8.500038134403809,1,0
IAMMMQJIUFFPMO-JXMROGBWSA-N,1,8.500038134403809,1,0
BMFWFJCGDHHUGP-QHJNGHOISA-N,1,8.500038134403809,1,0
OFRYPJSVIVBOHV-WSABRRFESA-N,1,8.500038134403809,1,0
DAQRADKKYACIIM-UHFFFAOYSA-N,1,8.500038134403809,1,0
KHDCGMWSBNKZBB-UHFFFAOYSA-N,1,8.500038134403809,1,0
LQYNONCEAYAGNN-UHFFFAOYSA-N,1,8.500038134403809,1,0
PKAXIMFUJIQFKS-UHFFFAOYSA-N,1,8.500038134403809,1,0
MMHPZQOEUVHNBB-UHFFFAOYSA-N,1,8.500038134403809,1,0
JYLNFWODPITKFP-UHFFFAOYSA-N,1,8.500038134403809,1,0
PMOFOATUAABMTD-UHFFFAOYSA-N,1,8.500038134403809,1,0
DOTHXJXYLNKQOQ-UHFFFAOYSA-N,1,8.500038134403809,1,0
NRQJARQPULKWBG-UHFFFAOYSA-N,1,8.500038134403809,1,0
GNQOCBGVODGUEX-UHFFFAOYSA-N,1,8.500038134403809,1,0
JGRQIRDAIIUUCX-IYBDPMFKSA-N,1,8.500038134403809,2,0
OTIQETSFLFLTJQ-UHFFFAOYSA-N,1,8.500038134403809,3,0
KBYDKOYJEQUBOE-NLFFAJNJSA-N,1,8.500038134403809,1,0
FGCNMKFRKZZXLZ-AGVRXMCOSA-N,1,8.500038134403809,1,0
SXPYSSKUDFLFIQ-UHFFFAOYSA-N,1,,0,0
HPSXIRMSZPEQTB-MEMLXQNLSA-N,1,8.494850021680094,1,0
IHFXDTQRUYQNOI-OWOJBTEDSA-N,1,8.494850021680094,1,0
NUYNDLVLQFHYBG-UHFFFAOYSA-N,1,8.494850021680094,1,0
IZRFSGDNQRHHKW-UHFFFAOYSA-N,1,8.494850021680094,1,0
XLZXIDKEIKKBGP-UHFFFAOYSA-N,1,8.494850021680094,1,0
KVEHVMQJUPMJNA-FQEVSTJZSA-N,1,8.494850021680094,1,0
JFNOMZIRJGWDKM-SNAWJCMRSA-N,1,8.494850021680094,1,0
GTEVNWICMPGDLY-UHFFFAOYSA-N,1,,0,0
CCIIACYBEVIIIN-IYARVYRRSA-N,1,8.494850021680094,1,0
QUFMZNYDEPSZLF-UHFFFAOYSA-N,1,,0,0
PCTWSHWAURGZTF-UHFFFAOYSA-N,1,,0,0
APRSYGAYLCLFDY-CYWCHRQTSA-N,1,8.494036481981874,2,0
XOPMGCDIMXYMGV-AFARHQOCSA-N,1,8.493494967595128,2,0
UUBRCCCOMNXSPK-IYARVYRRSA-N,1,,0,0
RYGODERPXMWCPP-LSNLESRRSA-N,1,8.492144128304169,2,0
OMOJVKDXKKEFQT-UZLBHIALSA-N,1,,0,0
XEIZTEHDPAJSDZ-BEFAXECRSA-N,1,,0,0
XLFVNUMKTSPYMC-SAABIXHNSA-N,1,8.48678239993206,2,0
TZFCALVMYKNULT-UHFFFAOYSA-N,1,8.481486060122112,1,0
KKTITOSWJRVWOF-ONEGZZNKSA-N,1,8.481486060122112,7,0
ADQYVAWNTXPENQ-XIJSCUBXSA-O,1,,0,0
AIYDXOYEOAYSGJ-MJGBDJQUSA-N,1,,0,0
XYKKDJZJLXDRKB-ALOJWSFFSA-N,1,,0,0
TZDYPFYPZGPSPS-RBUKOAKNSA-N,1,,0,0
OMOJVKDXKKEFQT-UHFFFAOYSA-N,1,,0,0
MJUZYNLBBPDZMI-QPPBQGQZSA-N,1,,0,0
MRFLPGUUAPCTFB-RDGATRHJSA-N,1,,0,0
PLVMBXJAZDNOCA-IYARVYRRSA-N,1,8.473660722610155,2,0
GAXMVVSYOXLLNF-HCGLCNNCSA-N,1,8.473660722610155,2,0
DEYFWGXTPWNADC-UHFFFAOYSA-N,1,8.47237009912866,1,0
XCWPAVYMGKFSJB-BEESLVRJSA-N,1,8.47237009912866,2,0
KOVMYLKRTMAELX-ZWGSZDQZSA-N,1,8.47237009912866,2,0
VXJVZBXRTNKKRU-UHFFFAOYSA-N,1,,0,0
XJTVRXYTOLNCDQ-XXBNENTESA-N,1,,0,0
VMTIAIJOJOQAEM-GOSISDBHSA-N,1,8.468521082957745,1,0
BCTPODDQZONFKA-CQSZACIVSA-N,1,8.468521082957745,1,0
TYHIPEJQVKIDKD-ONEGZZNKSA-N,1,8.468521082957745,1,0
WZWWBVCSJDIKCC-UHFFFAOYSA-N,1,8.468521082957745,1,0
LZCAZQHEQOBNGY-UHFFFAOYSA-N,1,8.468521082957745,1,0
NWFVAWLUQHQVSN-HNKWHGCMSA-N,1,8.468521082957745,2,0
TYDUDPVGSUDIDV-UHFFFAOYSA-N,1,,0,0
ZKVLCVQFJYHODC-UHFFFAOYSA-N,1,,0,0
CLAAZMXUBMWYHD-UHFFFAOYSA-N,1,,0,0
RGAXRFLOVCZZNS-UHFFFAOYSA-N,1,,0,0
YGFINQFSLIMLPP-OKDASEJXSA-N,1,8.466355021201236,2,0
DUVNCSZVWYCEFO-VWLOTQADSA-N,1,8.465973893943865,1,0
SGAVDPALLQJHPW-YPAWHYETSA-N,1,8.46470587995723,2,0
BKRGVLQUQGGVSM-KSSFIOAISA-N,1,8.460046158343603,1,0
FNCWUZADAIADLQ-UHFFFAOYSA-N,1,8.460046158343603,1,0
OCLIVVKGXAOVNC-UHFFFAOYSA-N,1,8.460046158343603,1,0
GKOMEAJANIRHJV-HZCBDIJESA-N,1,8.45842075605342,2,0
IMAGMLAZQQRSFA-OJBMAJLDSA-N,1,8.45717457304082,2,0
RYUCLQAAFLZLPD-RXAXNXDRSA-N,1,8.456180194857343,2,0
SKOOZXVTNXFHFP-UHFFFAOYSA-N,1,8.455931955649724,1,0
ANOQJCMMWZANCH-UHFFFAOYSA-N,1,8.455931955649724,1,0
GUTXTARXLVFHDK-UHFFFAOYSA-N,1,8.455931955649724,1,0
QYTGOVFVZCPBIO-JKIUYZKVSA-N,1,8.455931955649724,2,0
SGAVDPALLQJHPW-FKBYEOEOSA-N,1,8.455931955649724,2,0
DCZHKWLSZWKCQB-UHFFFAOYSA-N,1,,0,0
XFQRGEPJIICUBL-UHFFFAOYSA-N,1,,0,0
MRMFTAYATXSTSO-UHFFFAOYSA-N,1,,0,0
RXMJGLCPVVEEJS-KESTWPANSA-N,1,8.453457336521868,2,0
DCPPWKFRGIUQDU-UHFFFAOYSA-N,1,,0,0
LJWIFZKAUORKLB-NRCGHCQOSA-N,1,8.452225294612177,2,0
JHONYJKBTVQFJZ-JKIUYZKVSA-N,1,8.449771646944907,2,0
BLQLPPFWAKBJSW-UHFFFAOYSA-N,1,,0,0
DMWWEOYTOCKCTC-UHFFFAOYSA-N,1,,0,0
XNKJYDSSCQLJQZ-UQTQIZBZSA-N,1,8.448550002027124,2,0
OMQYELRKBALQJF-GXTWGEPZSA-N,1,8.446116973356126,1,0
PIHOPECZMJBZBU-UHFFFAOYSA-N,1,8.44490555142168,1,0
ICGNIALTNZWGJF-FLFKKZLDSA-N,1,8.443697499232712,1,0
GUWMGLWQORYQFJ-UHFFFAOYSA-N,1,8.443697499232712,1,0
XRCDIXVHGJBKLI-AATRIKPKSA-N,1,8.443697499232712,1,0
FJKZYFQWHOCWIZ-KESTWPANSA-N,1,8.443697499232712,2,0
ZERNPQRYLXBKKZ-XUTJKUGGSA-N,1,8.443697499232712,1,0
QDNDGTZHSMYBCZ-UHFFFAOYSA-N,1,,0,0
XKIOBCRGUACSET-CQJMVLFOSA-N,1,,0,0
KTBHNUYISHHNFW-JKIUYZKVSA-N,1,8.440093374963887,2,0
NFIANDWIUXYLJZ-GCJKJVERSA-N,1,,0,0
ZTIHCPRBAJJIRW-SAIGFBBZSA-N,1,8.437707135543526,2,0
IMVQXSCPSNTRQQ-AQYVVDRMSA-N,1,8.437707135543526,2,0
BDHDIEVXYUODTG-XYWHTSSQSA-N,1,8.431798275933005,1,0
YAYWMEPAZGIOAH-UHFFFAOYSA-N,1,8.431798275933005,1,0
MHGRSFGKSQVLIY-UHFFFAOYSA-N,1,8.431798275933005,1,0
XNEFEJLBHUTYJL-UHFFFAOYSA-N,1,8.431798275933005,1,0
OXTPXLOHKYZFSF-SNAWJCMRSA-N,1,8.431798275933005,1,0
ZYDNGTNCSKSGGI-SNAWJCMRSA-N,1,8.431798275933005,1,0
KYEDFGNSKLCWNR-UHFFFAOYSA-N,1,,0,0
RQCOWNFHMUSHMO-JKIUYZKVSA-N,1,8.431798275933005,2,0
PQLHKVPYCUVYGV-UHFFFAOYSA-N,1,,0,0
QLRIUZVNMLEJEJ-UHFFFAOYSA-N,1,,0,0
LUILVQGAFGGMCT-LEWJYISDSA-N,1,,0,0
GAKGHYKFFZHEBW-UEVCKROQSA-N,1,8.430860274527541,2,0
WUJBQGWQEZSHSL-UHFFFAOYSA-N,1,8.430626090384955,1,0
KFOXMHFDNRTETJ-UHFFFAOYSA-N,1,7.638272163982407,1,0
LICMDQXLIJBJOR-XYWHTSSQSA-N,1,8.429573821641027,2,0
QIYZGXQRUURDLK-RLLQIKCJSA-N,1,,0,0
NTJOBXMMWNYJFB-UHFFFAOYSA-N,1,8.400007822415901,1,0
WNNTXSLBSCNVQL-LBZQVFOQSA-N,1,8.427360702957186,2,0
RMHUUXBXQCLMOK-UHFFFAOYSA-N,1,,0,0
PZOVIFGFKIPBAC-UHFFFAOYSA-N,1,8.422508200162774,1,0
KRMPDMJUDCQCAJ-FGZHOGPDSA-N,1,8.422331981267469,2,0
ZTNICFPCCSHZEL-XYWHTSSQSA-N,1,8.421360790031928,2,0
FTSARFSCILVQEK-ONEGZZNKSA-N,1,8.42021640338319,1,0
CJAGBXFYKKOMOU-ONEGZZNKSA-N,1,8.42021640338319,1,0
TVIUJNLDORXPPC-OAHLLOKOSA-N,1,8.42021640338319,1,0
ODTODLDORHJDOK-UHFFFAOYSA-N,1,8.42021640338319,1,0
ZJCJUHTYZBBRTE-SNAWJCMRSA-N,1,8.42021640338319,1,0
JEZRLUMTXPFWPB-UHFFFAOYSA-N,1,,0,0
XRIVHXPJBXAZDT-UHFFFAOYSA-N,1,,0,0
SOCNUUMMBQZFRK-UHFFFAOYSA-N,1,,0,0
DVRLZAJGBLYQFK-UZLBHIALSA-N,1,,0,0
OUVXICREAQXBOE-AUFISECZSA-N,1,,0,0
PGQVBLPLAKZWKQ-LBZQVFOQSA-N,1,8.41330019837595,2,0
MPYBYEHRQXVCIP-ONEGZZNKSA-N,1,8.411923971986269,6,0
SRZBALGZTDLNCE-XUTJKUGGSA-N,1,8.410050398674292,2,0
FLJUYWJINNZFMZ-UHFFFAOYSA-N,1,8.409492895823895,2,0
PRWXOHHRHWZNOG-NGRWLJPCSA-N,1,8.409021069534468,2,0
YHQGUYGNJMOBOA-UHFFFAOYSA-N,1,8.4089353929735,1,0
PZTFOAIQGVVNAX-UHFFFAOYSA-N,1,8.4089353929735,1,0
FKDUMTZHFXGASD-UHFFFAOYSA-N,1,8.4089353929735,1,0
OBWVPNLXYFESGY-UHFFFAOYSA-N,1,8.4089353929735,1,0
WLVJOKBDUFEGAQ-UHFFFAOYSA-N,1,,0,0
GTNQPSDMJWWWGY-UHFFFAOYSA-N,1,,0,0
UIWGASRGCHQVHR-YPAWHYETSA-N,1,8.406713932979542,2,0
CGMLBXCXNAARPC-KRWDZBQOSA-N,1,,0,0
DHOCETPWLQILEE-PLNGDYQASA-N,1,8.400122411373262,4,0
ZHQUFEJLPBTKSM-WVPZODRTSA-N,1,8.400116927926312,3,0
VBNZKUKNBGOHDO-SAABIXHNSA-N,1,8.400116927926312,2,0
CLYZVNJXJPXTED-UHFFFAOYSA-N,1,,0,0
UFUQIVBOXLXINJ-GHTZIAJQSA-N,1,,0,0
RPIVMBGTIWBNFZ-RZFKFIIISA-N,1,8.400007822415901,1,0
WVDFKSHXOWCAKH-MGFGWZDJSA-N,1,8.400007822415901,1,0
RHNRGRRBWOZBRT-UHFFFAOYSA-N,1,8.400007822415901,1,0
XJCNAPNYTSUCIR-XMMPIXPASA-N,1,8.400007822415901,1,0
HCNYNWZHRZQZAX-UHFFFAOYSA-N,1,8.400007822415901,1,0
AFKRYMMWFODFAD-CSKARUKUSA-N,1,8.400007822415901,2,0
YTBUMNNIZGPKLZ-IZZDOVSWSA-N,1,8.400007822415901,1,0
WIWLEFDYNDBBIF-JXMROGBWSA-N,1,8.400007822415901,1,0
GJWDRNPPBDVMAH-KPKJPENVSA-N,1,8.400007822415901,1,0
NNMGGNROJQCPDV-ZRDIBKRKSA-N,1,8.400007822415901,1,0
WRMSYILMRYXLAS-IZZDOVSWSA-N,1,8.400007822415901,1,0
NUWDDLFERGKQRG-JXMROGBWSA-N,1,8.400007822415901,1,0
LKZYQJSJNFLIIO-UHFFFAOYSA-N,1,8.400007822415901,1,0
HKAVEMLHBNPBSZ-PTTOYHQWSA-N,1,8.400007822415901,1,0
PIXRONAZKMZTPE-REAKQFRHSA-N,1,8.400007822415901,1,0
LFRFMZVSPPXQJD-UHFFFAOYSA-N,1,8.400007822415901,1,0
SUOCMIKXLFKQTH-VWLOTQADSA-N,1,8.400007822415901,1,0
WLLDCVHJRCZONV-SSEXGKCCSA-N,1,8.400007822415901,1,0
JCGVHNRXCIXGCT-UHFFFAOYSA-N,1,8.400007822415901,1,0
JYXPVNIIIHSWLZ-UHFFFAOYSA-N,1,8.400007822415901,1,0
IUVSEUFHPNITEQ-UHFFFAOYSA-N,1,8.400007822415901,1,0
FEQJNVMOFHFOGP-UHFFFAOYSA-N,1,8.400007822415901,1,0
NZPLLWYDJFVQEH-UHFFFAOYSA-N,1,8.400007822415901,1,0
YROMCCIDISNCOF-UHFFFAOYSA-N,1,8.400007822415901,1,0
SUTBGEJWOOOUFT-UHFFFAOYSA-N,1,8.400007822415901,2,0
PXMXBPLOQSHMBE-UHFFFAOYSA-N,1,8.400007822415901,1,0
UKHPZHQUPSAUMR-UHFFFAOYSA-N,1,8.400007822415901,1,0
JNTWHFOMVSHHKK-UHFFFAOYSA-N,1,8.400007822415901,1,0
LVPCPZRNWKXHTK-UHFFFAOYSA-N,1,8.400007822415901,1,0
XQVMSBNONFRXFN-UHFFFAOYSA-N,1,8.400007822415901,1,0
HVSRNYNPOUFDNJ-UHFFFAOYSA-N,1,8.400007822415901,1,0
VLGWIPCXNBQWLT-UHFFFAOYSA-N,1,8.400007822415901,3,0
VUFRFPUOFHXBBM-UHFFFAOYSA-N,1,8.400007822415901,1,0
QCDCMDPVHPUROA-UHFFFAOYSA-N,1,8.400007822415901,1,0
FOUYNUWEFKTMDR-UHFFFAOYSA-N,1,8.400007822415901,1,0
HIVHEOCGLZASLB-UHFFFAOYSA-N,1,8.400007822415901,1,0
AYDQEBMCUGUQLW-UHFFFAOYSA-N,1,8.400007822415901,1,0
ACKJXZGTUCARLB-KNQAVFIVSA-N,1,,0,0
KFQYTPMOWPVWEJ-INIZCTEOSA-N,1,8.398483556492645,2,0
WOWYFQWPMWYJNL-UHFFFAOYSA-N,1,8.397940008672037,3,0
YEHCICAEULNIGD-MZMPZRCHSA-N,1,8.733979709078262,2,2
HRQSRFLNKXUFRB-KESTWPANSA-N,1,8.397940008672037,1,0
RRNLVYSLHABLSU-UHFFFAOYSA-N,1,8.397940008672037,1,0
MAMYYNBMHYGSHM-UHFFFAOYSA-N,1,8.397940008672037,1,0
USZWRGWERFWVSE-WVPZODRTSA-N,1,8.397940008672037,1,0
SSKRZOVNWRTPKN-ONEGZZNKSA-N,1,8.397940008672037,1,0
CAWFRCMJYFIMLP-UHFFFAOYSA-N,1,8.397940008672037,1,0
YUMQWMQAMSUQRF-DWPDDBJKSA-N,1,8.397940008672037,2,0
OHSIGBOKYLDSHG-UHFFFAOYSA-N,1,,0,0
WLAAUSCDSXYHAZ-FCHUYYIVSA-N,1,,0,0
NHXMQVWYTNNGDO-YOCNBXQISA-N,1,,0,0
ZPEAQOHSKIPYKV-MXVIHJGJSA-N,1,8.396855627379818,1,0
QSYSGNJXSQQELK-UILWBTOOSA-N,1,8.3963144503853,2,0
HAMNVKXXPQTQTJ-JKIUYZKVSA-N,1,8.39577394691553,2,0
NHQVWADCZMCLLL-MYKGNVCDSA-N,1,8.39577394691553,2,0
WBKIGDGNXRRXNA-UHFFFAOYSA-N,1,8.391258027893047,4,0
XLJQOKQZCYRQNN-UHFFFAOYSA-N,1,,0,0
IYZBRQAAJGEDNI-OXJNMPFZSA-N,1,,0,0
OMXJWXICMCUBRZ-QRWLVFNGSA-N,1,,0,0
SBCYNHCFJBYRJY-UHFFFAOYSA-N,1,,0,0
MOINQXFCUHCNNN-SAABIXHNSA-N,1,8.38933983691012,2,0
SGVBRIHFEULKBC-UHFFFAOYSA-N,1,8.387216143280265,1,0
MUGIIZXLOBYZRQ-UHFFFAOYSA-N,1,8.387216143280265,1,0
OAMRDAGXTITKDJ-VAWYXSNFSA-N,1,8.387216143280265,1,0
AWIYLVWAILOVMX-RLAPIPATSA-N,1,8.387216143280265,1,0
AWIYLVWAILOVMX-UHFFFAOYSA-N,1,8.387216143280265,1,0
LARFMQZWGLKYLH-JKIUYZKVSA-N,1,8.387216143280265,2,0
OHSIGBOKYLDSHG-AZGAKELHSA-N,1,,0,0
RLRPUCNVCZCTRG-VQTJNVASSA-N,1,,0,0
KUNJWDFGNSXWFX-UHFFFAOYSA-N,1,,0,0
DCPPWKFRGIUQDU-LJQANCHMSA-N,1,,0,0
HRSJSQHPKLXGDX-XBTDCMMSSA-N,1,8.380906669373257,2,0
PEJRVVYNELAPOR-HZPDHXFCSA-N,1,8.379981036221915,2,0
ZRQADOCXGLFZJC-OXJNMPFZSA-N,1,,0,0
HOJGYADNYPGADT-UAPYVXQJSA-N,1,8.377785977033705,2,0
BTOJYCTUJJHANF-WMLDXEAASA-N,1,8.3767507096021,4,0
JCGBUUHLRXHEQS-WGSAOQKQSA-N,1,8.3767507096021,1,0
CANPFCFJURGKAX-JTQLQIEISA-N,1,8.3767507096021,1,0
AADWBQLQKGQDIM-UHFFFAOYSA-N,1,8.3767507096021,1,0
HAXCDBIFKSGOTN-UHFFFAOYSA-N,1,8.3767507096021,1,0
KTKVHSSURNTWLF-SAIGFBBZSA-N,1,8.3767507096021,2,0
QKNMUTJKRIBDKW-XUTJKUGGSA-N,1,8.373659632624957,2,0
LNMWMYAAMASJED-UHFFFAOYSA-N,1,,0,0
OHNCZVXJVAIMIH-UHFFFAOYSA-N,1,,0,0
ZPMKYPOYZYLBSN-UHFFFAOYSA-N,1,8.369979148886591,1,0
AARWRAFDYZSYPD-UHFFFAOYSA-N,1,8.369979148886591,1,0
GJKGOLAEKKKXBM-XYWHTSSQSA-N,1,8.369572124974976,2,0
SQLYEWBPPTXDRF-MEMLXQNLSA-N,1,8.366531544420413,1,0
ZSOAASMDFMEZPH-WGSAOQKQSA-N,1,8.366531544420413,1,0
YZQXLVIDXVUDPY-UHFFFAOYSA-N,1,8.366531544420413,1,0
HGRPPZKIXIZLRX-UHFFFAOYSA-N,1,8.366531544420413,1,0
SHUPLKKPJACSQI-VJBMBRPKSA-N,1,8.366531544420413,1,0
HKOJNCZKZSYFEQ-LJAQVGFWSA-N,1,8.366531544420413,1,0
BUNARIUEVNWERA-QAQDUYKDSA-N,1,8.366531544420413,1,0
RRYHHCNEVZLSCS-IYARVYRRSA-N,1,8.366531544420413,1,0
ZAVNMUPCFJDCTL-UHFFFAOYSA-N,1,,0,0
DGZKLXNLBCVGGK-UHFFFAOYSA-N,1,,0,0
PDNOIHGCVLVCCX-UHFFFAOYSA-N,1,,0,0
NRXPFRHREANWEK-UKILVPOCSA-N,1,,0,0
YWYZRJMGANXTJK-UHFFFAOYSA-N,1,8.361510743045363,2,0
ISELLYVTONRQOI-AQYVVDRMSA-N,1,8.361510743045363,2,0
XESYYKHMJOWEPL-XYWHTSSQSA-N,1,8.359518563029578,2,0
GIAJRMOZOJKYBH-IYARVYRRSA-N,1,8.359518563029578,2,0
CTPVTXDLFFRQAD-UHFFFAOYSA-N,1,,0,0
AYAGATABYZSYEZ-FCMXBYMOSA-N,1,8.357535479757878,2,0
KXNPPUPYHKPSNB-UHFFFAOYSA-N,1,8.356547323513812,1,0
NZIPBDPDZPUDLD-UHFFFAOYSA-N,1,8.356547323513812,2,0
YVKJVUJRJJSJAZ-UHFFFAOYSA-N,1,8.356547323513812,1,0
XAESEDLRZCTOOM-AATRIKPKSA-N,1,8.356547323513812,1,0
YMUDLHBKUTXRGL-UHFFFAOYSA-N,1,,0,0
XLYRRJFZVKDMFE-UAPYVXQJSA-N,1,8.356547323513812,2,0
XCVFQMNYKCFHPH-UHFFFAOYSA-N,1,,0,0
XDJJCVLGIOECKZ-UHFFFAOYSA-N,1,,0,0
VQODXNCHOGDXSX-YKSBVNFPSA-N,1,,0,0
VYCKVQISRHCOOL-OAHLLOKOSA-N,1,8.354577730650908,1,0
YTVQOUZRPPUHRV-UHFFFAOYSA-N,1,,0,0
IONCAKHVNMAPQA-NQIIRXRSSA-N,1,,0,0
OJVUWAZPULUZEU-UHFFFAOYSA-N,1,,0,0
ZAFAQAJYDSJNDH-UHFFFAOYSA-N,1,,0,0
FUJBVUPRADYUIB-XUTJKUGGSA-N,1,8.348721986001856,2,0
QGSXNUMUNVVREL-XUTJKUGGSA-N,1,8.346787486224656,1,0
PKBFRDZADXJQRC-UHFFFAOYSA-N,1,8.346787486224656,1,0
KTJXBGFKGUUNHP-UHFFFAOYSA-N,1,8.346787486224656,1,0
DIJKUIXRAWOVGJ-UHFFFAOYSA-N,1,8.346787486224656,3,0
NTASTGHPPLINPW-UHFFFAOYSA-N,1,8.346662059605197,2,0
YZBUHABEHVWWRM-UILWBTOOSA-N,1,8.344381416458777,2,0
AYSGDGVMVFJUQY-JKIUYZKVSA-N,1,8.343901797987169,2,0
UAVOWOKUOJZVHZ-YLIUREIVSA-N,1,8.341988603342887,2,0
WSPOMRSOLSGNFJ-AUWJEWJLSA-N,1,8.341035157335565,1,0
MKKJVJCUFYKFLO-AQYVVDRMSA-N,1,8.34008379993015,2,0
UDUUCGMSUBUXNS-UHFFFAOYSA-N,1,,0,0
YTXILLIRPDSLHZ-HNAYVOBHSA-N,1,,0,0
OMUDHMBLKINCCX-XXBNENTESA-N,1,,0,0
BSOLCASXROXPRZ-MQSINFNDSA-N,1,8.339926856944473,2,0
TUHWCWZHGQPAEF-HNKWHGCMSA-N,1,8.339134521996131,2,0
UGYOAOPLCYFDLB-AQYVVDRMSA-N,1,8.338187314462738,2,0
OUNYCNQDFAUREF-UHFFFAOYSA-N,1,8.337242168318426,4,0
LTYAWIKNOPSPBV-KESTWPANSA-N,1,8.337242168318426,2,0
GZKLJWGUPQBVJQ-UHFFFAOYSA-N,1,8.335606399822733,2,0
FVRSJSBIEQJTRJ-UAPYVXQJSA-N,1,8.334419008982048,2,0
YPNBJNLSFKYUJW-HZCBDIJESA-N,1,8.334419008982048,2,0
QGKIQQCQAJMJNK-WGSAOQKQSA-N,1,8.33348201944512,1,0
SQXPURWSUNRRIZ-PGWJBFNOSA-N,1,8.330311291943792,2,0
BQDVGVNUGZSYNV-UHFFFAOYSA-N,1,,0,0
PDEOWFLSMSAWTN-UHFFFAOYSA-N,1,,0,0
BUHDSUFFPNBSGG-UHFFFAOYSA-N,1,8.327902142064282,1,0
IBNGPFLSWWZTBJ-XUTJKUGGSA-N,1,8.327902142064282,1,0
SIDPGTZGVQNXLM-WGSAOQKQSA-N,1,8.327902142064282,1,0
UGBHWDCXHHTYMY-UAPYVXQJSA-N,1,8.327902142064282,1,0
AAYMNPGQEZYHNE-UHFFFAOYSA-N,1,8.327902142064282,1,0
FHBMSKSIPMUQOG-UHFFFAOYSA-N,1,,0,0
WEMWEQGYQWENGE-UHFFFAOYSA-N,1,,0,0
UXATXHBJCKNDIU-XZOQPEGZSA-N,1,,0,0
PUVINHDPRXBNSI-OJBMAJLDSA-N,1,,0,0
IMFLKRNUSHCDBK-UHFFFAOYSA-N,1,8.32513885926219,1,0
FOWVILAPRCJMGP-MRXNPFEDSA-N,1,,0,0
OWCFHTULJYSSNJ-IRJFHVNHSA-N,1,8.323397830417981,2,0
XLHGDHLCZBHDRQ-MRXNPFEDSA-N,1,8.322015005796771,2,0
CDDVHWKFFCJTOZ-UHFFFAOYSA-N,1,8.18045606445813,1,0
HQVGADXQHMROOB-DEOSSOPVSA-N,1,8.320572103387882,1,0
RIVWPOSKFAXCII-XUTJKUGGSA-N,1,8.320572103387882,2,0
KQBYIQCEQDXZFW-NSCUHMNNSA-N,1,8.319664486585436,5,0
GHXMJOBEVWDMLQ-MGPUTAFESA-N,1,,0,0
ARXSWHRTJLWTMT-AQYVVDRMSA-N,1,8.318758762624412,1,0
KSWVNKXYQFPTSL-UHFFFAOYSA-N,1,8.318758762624412,1,0
UHBDOJLDXNFRPT-UHFFFAOYSA-N,1,8.318758762624412,1,0
DISXAFLQNJTZHA-UHFFFAOYSA-N,1,8.318758762624412,1,0
RPFKNPSBXZWKHC-UHFFFAOYSA-N,1,8.318758762624412,1,0
GWGVZWMERZAHNI-UHFFFAOYSA-N,1,8.318758762624412,1,0
PVAIEWDYRNQJFR-MXVIHJGJSA-N,1,8.318758762624412,1,0
VPCKUMFPILIIDI-JIBACQESSA-N,1,8.318758762624412,2,0
CRSMUMSMFUSJCR-ZXSXIFIVSA-N,1,,0,0
UGPMJKXBWQUZNC-RVZUZXSLSA-N,1,8.316052869248487,2,0
GYZQENOTEUQFGR-UILWBTOOSA-N,1,8.31069114087638,2,0
JVGDBVAGMMZAGB-YKSBVNFPSA-N,1,,0,0
JIMZYWHOJZKVBJ-UHFFFAOYSA-N,1,8.309803919971486,1,0
GJEUOGHJJUBVHW-UHFFFAOYSA-N,1,8.309803919971486,1,0
HZIPKQNESFBOQW-LSNLESRRSA-N,1,8.309803919971486,2,0
PUFRXIARUMGNAR-LSNLESRRSA-N,1,8.309803919971486,2,0
LIRAXYPAXGDSQL-KESTWPANSA-N,1,8.309803919971486,2,0
GRGGMNIWCOHOKK-FHWLQOOXSA-N,1,8.309803919971486,2,0
PMZOPKCHYGDQPO-UHFFFAOYSA-N,1,,0,0
QMOLKOODFFHIEC-WKILWMFISA-N,1,8.308918507877031,2,0
GVWRDZDVMQQZBK-GOSISDBHSA-N,1,8.306273051076353,1,0
ZTPVZJYMOVCRTF-RUCARUNLSA-N,1,8.304168227173308,2,0
YEYNJASJMPEAEX-UHFFFAOYSA-N,1,8.303643611266669,1,0
URKYBTISJBKTKP-UAPYVXQJSA-N,1,8.30189945437661,2,0
FOQMHNUCQRZHMO-IYARVYRRSA-N,1,8.301029995663981,1,0
ACOHJTDLJUVDNX-AQYVVDRMSA-N,1,8.301029995663981,1,0
IKMVUGGIEHIWKD-BUHFOSPRSA-N,1,8.301029995663981,1,0
BCTPODDQZONFKA-UHFFFAOYSA-N,1,8.301029995663981,1,0
UVSLSTOAZHUYRU-UHFFFAOYSA-N,1,8.301029995663981,1,0
BRANQVYSEMSFOV-XUTJKUGGSA-N,1,8.301029995663981,2,0
MQJQYLQPSMPNAA-UHFFFAOYSA-N,1,,0,0
OLWRVVHPJFLNPW-LSNLESRRSA-N,1,8.400007822415901,10,0
FAWJQUFCTSZCAC-XCZPVHLTSA-N,1,8.299988937677888,1,0
WUACSCWYLJHDBV-HNNHSTSXSA-N,1,8.299988937677888,1,0
NWSXNSLKBWYNLE-HSZRJFAPSA-N,1,8.299988937677888,1,0
ZZPOVHXVOVUVQC-FCJZXJKRSA-N,1,8.299988937677888,1,0
RBQRPADDWAFDFX-UHFFFAOYSA-N,1,8.299988937677888,1,0
YFRPYRGBQBMLTB-XYOKQWHBSA-N,1,8.299988937677888,1,0
QZPFGFWFHKJBJX-DHZHZOJOSA-N,1,8.299988937677888,1,0
PWMDANRQWZFAPB-UHFFFAOYSA-N,1,8.299988937677888,1,0
ZKIPGLALAMDBLY-UHFFFAOYSA-N,1,8.299988937677888,1,0
QKCWJUZPSFBAKW-UHFFFAOYSA-N,1,8.299988937677888,1,0
FJVFFJPYYUVVJU-UHFFFAOYSA-N,1,8.299988937677888,1,0
YFWICZORWGKFIF-UHFFFAOYSA-N,1,8.299988937677888,1,0
AGHXSXMZVMLSGU-UHFFFAOYSA-N,1,8.299988937677888,1,0
GGTFAVLCBBVKHN-UHFFFAOYSA-N,1,8.299988937677888,1,0
HRUTWQCXFHLYSD-UHFFFAOYSA-N,1,8.299988937677888,1,0
QWRZAQFQULNINP-UHFFFAOYSA-N,1,8.299988937677888,1,0
XIMQMECIXPDQER-UHFFFAOYSA-N,1,8.299988937677888,1,0
NCXRDDKPZUSAQF-QRTMHTFLSA-N,1,8.299988937677888,2,0
XRCOCSDAHSAQTP-UHFFFAOYSA-N,1,8.299988937677888,1,0
JEBLLBOUXXZBPR-UHFFFAOYSA-N,1,8.299988937677888,3,0
DHOZKKHZCBDGEK-UHFFFAOYSA-N,1,8.299988937677888,3,0
AVTONHYDPSFOLQ-UHFFFAOYSA-N,1,8.299988937677888,3,0
LCSARSYDEHXRBQ-UHFFFAOYSA-N,1,8.299988937677888,3,0
NZOQVGKUAPXCFT-NQIIRXRSSA-N,1,8.299988937677888,1,0
SSMBSCUSIUNOPU-UHFFFAOYSA-N,1,8.299988937677888,1,0
BRJGIZVBTXYEBD-UHFFFAOYSA-N,1,8.299988937677888,3,0
ADUUVPPWHWVJFK-UHFFFAOYSA-N,1,,0,0
TZFNGJBTMKSJFD-UHFFFAOYSA-N,1,,0,0
XPKWZBRQMHEAAX-KESTWPANSA-N,1,8.294992040666664,1,0
CXKSEZNDLPVFPJ-UHFFFAOYSA-N,1,,0,0
BUSRXNBLQQVZCO-NRFANRHFSA-N,1,8.292429823902063,1,0
OPHBHUMUNHDPAE-AFARHQOCSA-N,1,8.292429823902063,2,0
VIYAPIMIOKKYNF-UHFFFAOYSA-N,1,8.290730039024169,1,0
QOJAXHPIIVARQJ-SAIGFBBZSA-N,1,8.290730039024169,2,0
LKIZJVWLCHAZTJ-AVRDEDQJSA-N,1,,0,0
ABNHJZFZKGLSKZ-UHFFFAOYSA-N,1,,0,0
SKIYXMOTQIREJJ-XUTJKUGGSA-N,1,8.28735029837279,2,0
PAZGGYGNWVGTBZ-RZDIXWSQSA-N,1,8.284916329305073,2,0
ICDUPLIIKZSMRC-XGAFWQRZSA-N,1,8.284832642151542,2,0
HBUZHZJOHCSLDL-SOAUALDESA-N,1,8.284268260204176,2,0
GDILZWFRCXVWFM-UHFFFAOYSA-N,1,8.2839966563652,1,0
YZFYEFKQLBLPFJ-ALOJWSFFSA-N,1,8.2839966563652,1,0
FTSUPYGMFAPCFZ-ZWNOBZJWSA-N,1,7.956553264345272,30,0
IMCPEGAWOYJDMH-UHFFFAOYSA-N,1,8.282332684690736,2,0
LJKVVPJFMUCTIV-UHFFFAOYSA-N,1,8.2839966563652,1,0
CNRWQWXTVCUGCK-AQYVVDRMSA-N,1,8.2839966563652,2,0
BVAQJIHTMVINPX-YLJYHZDGSA-N,1,,0,0
LJXBPSXSJHVHOV-UHFFFAOYSA-N,1,,0,0
CAVOXTSDVAGWFI-NQIIRXRSSA-N,1,,0,0
STIWHEMFVTWALB-LAUBAEHRSA-N,1,,0,0
ZFSOBPVEIKTNQS-CHWSQXEVSA-N,1,8.279293839888307,2,0
AZFDKPLHCSQHQI-LUGTWXOSSA-N,1,8.276544327964814,2,0
RIOOLQVLOZQLQJ-ZDUSSCGKSA-N,1,8.275724130399212,9,0
LUZRJRNZXALNLM-JGRZULCMSA-N,1,,0,2
MOHZYINNROZMOQ-YLIUREIVSA-N,1,8.271646217978772,2,0
WLQPRUMGPAOCRW-VXKWHMMOSA-N,1,,0,0
AJEQJTPMMJPNLR-NQIIRXRSSA-N,1,,0,0
ZPEIMTDSQAKGNT-UHFFFAOYSA-N,1,8.480763439685022,6,2
TUVRDSTTWFDDHW-UHFFFAOYSA-N,1,8.267606240177031,2,0
ICAXEUYZCLRXKY-UHFFFAOYSA-N,1,8.267606240177031,1,0
BKNMXUNXXKWRNR-UHFFFAOYSA-N,1,8.267606240177031,1,0
CRVXXEZDJABOJD-UHFFFAOYSA-N,1,8.267606240177031,1,0
IDLCGPWMKHMBHA-YEMPIKNUSA-N,1,8.267606240177031,2,0
TZDYPFYPZGPSPS-MOPGFXCFSA-N,1,,0,0
ZCTVOGWWMHRQLN-ONEGZZNKSA-N,1,8.265088992010918,8,0
YZNCNHWANPBHMC-UHFFFAOYSA-N,1,,0,0
ZIQDGXNDXRMRPM-JTSKRJEESA-N,1,,0,0
LNEPOXFFQSENCJ-UHFFFAOYSA-N,1,8.230148380526087,44,2
PCPMHRDGGJEPAZ-UHFFFAOYSA-N,1,8.259637310505756,1,0
QIMGMHULMOXSPU-UHFFFAOYSA-N,1,8.259637310505756,1,0
GSEFGWJFHUAOCL-CTTUZFCVSA-N,1,8.259637310505756,2,0
VWXWDHIJTXVFHJ-UHFFFAOYSA-N,1,,0,0
LOHWYFHMCSFPRU-UHFFFAOYSA-N,1,,0,0
VFSAAGKCBXDENJ-KESTWPANSA-N,1,8.258848401148216,2,0
CEUORZQYGODEFX-UHFFFAOYSA-N,1,8.258737567410963,10,0
NGCKUAWDNUFNBB-UHFFFAOYSA-N,1,,0,0
FZFIBSDQQKUERM-UHFFFAOYSA-N,1,,0,0
PYPHZFKZPWVUSJ-UHFFFAOYSA-N,1,8.254144804826272,1,0
BHVASJSYMURYLK-UHFFFAOYSA-N,1,8.2518119729938,1,0
QXYZJXCNTMMWEO-BERHBOFZSA-N,1,8.606021938358033,2,0
GMWBGMFGQFHAIE-HNKWHGCMSA-N,1,8.250263684430939,2,0
RLIMJSGHBMXEDY-UHFFFAOYSA-N,1,,0,0
OBGOWZOSTXHAGD-UHFFFAOYSA-N,1,8.244125144327509,3,0
AYOYRQBAZIBAOY-UHFFFAOYSA-N,1,8.244125144327509,1,0
SMYZAAOKKUETMB-SAIGFBBZSA-N,1,8.244125144327509,2,0
MLKJSRUZFXLXTL-KESTWPANSA-N,1,8.244125144327509,2,0
SJSVMGMRQLCIER-UHFFFAOYSA-N,1,,0,0
ONXKQTHNJXTCGP-OJBMAJLDSA-N,1,8.24184537803261,2,0
VWGPRFQVSJZKGC-OKDASEJXSA-N,1,8.240558802866303,2,0
LSEKXOSZIOVUOY-XLIONFOSSA-N,1,,0,0
LSEKXOSZIOVUOY-FXAWDEMLSA-N,1,,0,0
AAPCMUAAQFZHRZ-WOIUINJBSA-N,1,8.238824186844269,2,0
WTRUJFPMRUJYBV-YONZVVFSSA-N,1,8.237321436272564,2,0
CBQSITUTOXWCDZ-KESTWPANSA-N,1,8.235077015350111,2,0
XKTRZPQOQOCNJU-HUUCEWRRSA-N,1,8.235003368406854,2,0
OYQMOAPXBDHMCQ-URLMMPGGSA-N,1,,0,0
HRFJJRGWVMXDND-UHFFFAOYSA-N,1,,0,0
OZTXHPJAKOCEFC-RUCARUNLSA-N,1,8.232695682546726,2,0
AAUYCVIXPYMWAL-LBZQVFOQSA-N,1,8.231583911783668,2,0
ATOMZLGTVBAGNB-UHFFFAOYSA-N,1,,0,0
YXORYFHPDVVIAR-FXCIWXGGSA-N,1,8.230622673923861,2,0
PIZUPLOSIUAOMH-UHFFFAOYSA-N,1,8.230032198670557,3,0
QCALWRVXYCHRSG-QUCCMNQESA-N,1,,0,0
PMZOPKCHYGDQPO-QFIPXVFZSA-N,1,,0,0
NCIZVSJVBWAJQR-UHFFFAOYSA-N,1,8.229147988357855,1,0
ZJQBHEYWXVCZGD-UHFFFAOYSA-N,1,8.229147988357855,1,0
JNRGVRLFICIPND-UHFFFAOYSA-N,1,,0,0
CAXPEQKWERDGFO-UHFFFAOYSA-N,1,,0,0
KSZBKOKLZQIWFH-UHFFFAOYSA-N,1,8.228412519118745,1,0
TYMYSUSJLROMAC-RUCARUNLSA-N,1,8.227971834675145,2,0
TVKYQCPWDDYVLL-KESTWPANSA-N,1,8.22767829327708,2,0
KHTOBAZDVUSQIH-PGWJBFNOSA-N,1,8.22650610772903,2,0
ZOLLYWYZUBUMOY-UHFFFAOYSA-N,1,8.221848749616356,1,0
JMLMUVQDRNZKFK-JKIUYZKVSA-N,1,8.221848749616356,1,0
DUKNIHFTDAXJON-ORPLUIKVSA-N,1,8.221848749616356,1,0
ULYVPXBJTVSSBH-UHFFFAOYSA-N,1,8.221848749616356,1,0
WKCSANGLEHNNKN-KBQPQWKXSA-N,1,8.221848749616356,1,0
SUBVUQDWHHIJCY-AQYVVDRMSA-N,1,8.221848749616356,2,0
NIASBGFPTRNZRV-FCMXBYMOSA-N,1,8.221848749616356,2,0
SNZRMVSWDNWUOY-WGSAOQKQSA-N,1,8.221848749616356,2,0
HOFXBWNODSOCNI-KESTWPANSA-N,1,8.221848749616356,2,0
KQMNZZIIXVDTBN-NYVOZVTQSA-N,1,8.221848749616356,2,0
YUMQWMQAMSUQRF-QLVKKYPMSA-N,1,8.221848749616356,2,0
JIZQRMQHJXHWIA-WFXMLNOXSA-N,1,8.221848749616356,2,0
ZDDZCFWJYDZNBA-UHFFFAOYSA-N,1,8.22112552799726,1,0
DHOCETPWLQILEE-SNAWJCMRSA-N,1,8.220403508742175,5,0
AAPXNHMQKBDDJN-PGRDOPGGSA-N,1,,0,0
MNAFRWGRFIBAQX-AVRDEDQJSA-N,1,,0,0
YEDLOLJNNJYOJS-UHFFFAOYSA-N,1,,0,0
FWRKTWHTQZRAPD-FCMXBYMOSA-N,1,8.219682687859848,2,0
OEJHEPOHRGSKLF-UAPYVXQJSA-N,1,8.215382707367125,2,0
SHBKBFYVWDZZMP-UHFFFAOYSA-N,1,8.214670164989233,3,0
LRBUVURCWWAQQT-UHFFFAOYSA-N,1,8.214670164989233,7,0
OMHCFMMNQAVKBC-BYYHNAKLSA-N,1,,0,0
NHOFKPNSQTXBJO-HCGLCNNCSA-N,1,8.214670164989233,2,0
AWTSHTNAYPKBLJ-JKIUYZKVSA-N,1,8.214670164989233,2,0
QIVWZHLPLMDRRN-UHFFFAOYSA-N,1,,0,0
IPSCKONIPWPNAA-VQTJNVASSA-N,1,,0,0
DMQIMKFFQYYLKW-UHFFFAOYSA-N,1,8.213958789757445,5,0
VXTKAVNUVLUPMB-XUTJKUGGSA-N,1,8.213958789757445,2,0
QXBMPTZQYXHXCG-XGAFWQRZSA-N,1,8.212539525481585,2,0
NICPNELNWYJWOA-AFARHQOCSA-N,1,8.210419287835574,2,0
WAFXOAGOOZIJGE-FXAWDEMLSA-N,1,,0,0
FGUAFUHOYLNTRN-UHFFFAOYSA-N,1,8.207608310501746,1,0
DUIAUYDNVUUFBK-VHEBQXMUSA-N,1,8.207608310501746,1,0
CQBTYAKAEVDTHI-UHFFFAOYSA-N,1,8.207608310501746,1,0
DVOOPMVLADILTK-SNAWJCMRSA-N,1,8.207608310501746,1,0
JTEPYGAPOJEYIA-UHFFFAOYSA-N,1,8.207608310501746,1,0
WBFWNZOPXYBZFJ-UXHICEINSA-N,1,,0,0
DZQJENLKOBURPM-XZOQPEGZSA-N,1,,0,0
FEXBUZQQTXAUHH-HCGLCNNCSA-N,1,8.204815410317575,2,0
CMEKWJGRDHWQSI-UHFFFAOYSA-N,1,8.200659450546418,1,0
IPVPEZGOUYWZAJ-UHFFFAOYSA-N,1,8.200659450546418,1,0
QRCFVXJHTKTGJU-UHFFFAOYSA-N,1,,0,0
HAABFBIZZCRWSI-UHFFFAOYSA-N,1,,0,0
YBSUKYVKWAEWJF-UHFFFAOYSA-N,1,,0,0
BQFKTGZILBPMOY-PGWJBFNOSA-N,1,8.199970640755865,1,0
XXKFENINNOPLPU-MGFGWZDJSA-N,1,8.199970640755865,1,0
PRDRZXROMYANHC-YTMVLYRLSA-N,1,8.199970640755865,1,0
AJHTXXXNOZVOOI-HSZRJFAPSA-N,1,8.199970640755865,1,0
PNTBTATXSREBKG-UHFFFAOYSA-N,1,8.199970640755865,1,0
NKONARVCMJMDHP-UHFFFAOYSA-N,1,8.199970640755865,1,0
UVDIFPYXVNSROD-QAPCUYQASA-N,1,8.199970640755865,1,0
JLHYDFVXCXCPKN-FUHWJXTLSA-N,1,8.199970640755865,1,0
PJYLRRSJBZGONV-UHFFFAOYSA-N,1,8.199970640755865,1,0
NMOIRTBGCJKGJY-UHFFFAOYSA-N,1,8.199970640755865,1,0
UNRHXEPDKXPRTM-UHFFFAOYSA-N,1,8.199970640755865,1,0
FGNNTMOHGQLEJO-HTENBUITSA-N,1,8.199970640755865,1,0
GPTQQMCUGXMPIE-OGAOHHHESA-N,1,8.199970640755865,1,0
LRAKDNHVXFFUJJ-KVSPAWLASA-N,1,8.199970640755865,1,0
WLLDCVHJRCZONV-UHFFFAOYSA-N,1,8.199970640755865,1,0
ZFGRMWBYHAUOCE-UHFFFAOYSA-N,1,8.199970640755865,1,0
HBQUUZVSFQDTPW-UHFFFAOYSA-N,1,8.199970640755865,1,0
UAJYHPWCBGWDNL-UHFFFAOYSA-N,1,8.199970640755865,1,0
VSUKSHADZRDBII-UHFFFAOYSA-N,1,8.199970640755865,1,0
CLKWUUNGQCSMKW-UHFFFAOYSA-N,1,8.199970640755865,1,0
VCXXQIVAVCLUOT-UHFFFAOYSA-N,1,8.199970640755865,1,0
MMAVGOXTOMTHGO-UHFFFAOYSA-N,1,8.199970640755865,1,0
BFIAPIAYPVHYPQ-UHFFFAOYSA-N,1,8.199970640755865,1,0
CABPVRYEFMWZCX-UHFFFAOYSA-N,1,8.199970640755865,1,0
SVNHSWOLAOCSKO-UHFFFAOYSA-N,1,8.199970640755865,1,0
RZOFUKBGZQUWCB-UHFFFAOYSA-N,1,8.199970640755865,1,0
GFQWAFBXHVCNHP-LMTLIKQPSA-N,1,8.199970640755865,2,0
MDHNTQJUKKBCMM-UHFFFAOYSA-N,1,8.199970640755865,3,0
AAONJNLMLWRZJE-UHFFFAOYSA-N,1,8.199970640755865,3,0
NKIUMOVWDJZMRB-UHFFFAOYSA-N,1,8.199970640755865,3,0
PFWVQEFSAUYDCS-GCJKJVERSA-N,1,8.199970640755865,1,0
XIDSCJTYNIXZGW-NQIIRXRSSA-N,1,8.199970640755865,1,0
MHPHRNFSAZNRAT-UHFFFAOYSA-N,1,8.199970640755865,1,0
NWCMUBVTFZOFKO-VBUUOAMHSA-N,1,8.199970640755865,1,0
STIWHEMFVTWALB-UHFFFAOYSA-N,1,,0,0
XOOONTVCSUXSOA-XUTJKUGGSA-N,1,8.198596289982644,2,0
PMHBIRXUKAOYEK-UILWBTOOSA-N,1,8.196542884351587,2,0
LKGWPHHIJYCDSR-SXFOHPBWSA-N,1,8.196542884351587,2,0
SDWMTMWHNYEEAG-AQYVVDRMSA-N,1,8.196542884351587,2,0
JCJRRQWOAHHCRM-UHFFFAOYSA-N,1,8.195983151586432,4,0
ZIQDGXNDXRMRPM-VGOFRKELSA-N,1,,0,0
MTJYJBYKMIGLMS-NSCUHMNNSA-N,1,8.193820026016112,6,0
ZHLBCCKGUNFWNS-UHFFFAOYSA-N,1,8.193820026016112,1,0
ZGQPGQJTWRUHLR-UHFFFAOYSA-N,1,8.193820026016112,1,0
DPDUJCCKQWFBBQ-UHFFFAOYSA-N,1,8.193820026016112,1,0
FTZUWJCGDUCPLF-UHFFFAOYSA-N,1,,0,0
QBQZCKZJIWENBM-XUTJKUGGSA-N,1,8.193141970481182,2,0
LAGLIYNPBAJZEJ-BVSLBCMMSA-N,1,8.193141970481182,2,0
STIWHEMFVTWALB-UTKZUKDTSA-N,1,,0,0
VPUYNZMAEQVXFX-UHFFFAOYSA-N,1,8.187086643357144,1,0
GNYOQFHOPOYCQH-UHFFFAOYSA-N,1,8.187086643357144,1,0
AJNIRLYKPAIXJT-UHFFFAOYSA-N,1,,0,0
IGLZWQUSQYHTJF-LYHRCORUSA-N,1,8.187086643357144,2,0
YFJPHIULVVJFIS-KESTWPANSA-N,1,8.187086643357144,2,0
RRTCFJGKAMKAIY-UHFFFAOYSA-N,1,,0,0
ACOZPXLCYUQMHS-UHFFFAOYSA-N,1,,0,0
KAEYIPLTXHGZRS-QAQDUYKDSA-N,1,8.183758700008218,1,0
AKAZDIQCZSDVHY-YLJYHZDGSA-N,1,,0,0
QMKMSUCBVBINOY-OWOJBTEDSA-N,1,8.18045606445813,5,0
DDOIPTNOPZXSRC-XUTJKUGGSA-N,1,8.18045606445813,2,0
JGLBRFJRIZMPQY-UHFFFAOYSA-N,1,,0,0
RPZFDAKOXHZICV-XUTJKUGGSA-N,1,8.178486471595226,2,0
ONVPKPUWGYFERX-QPJJXVBHSA-N,1,8.174573882232178,1,0
SFJPQQAKXJGNOP-UHFFFAOYSA-N,1,8.173925197299173,1,0
OICMTYRVBGKDDA-UHFFFAOYSA-N,1,8.173925197299173,1,0
YPXXSRYKHFAWBF-UHFFFAOYSA-N,1,8.173925197299173,7,0
JEFLKZKNAVDDCN-UHFFFAOYSA-N,1,,0,0
OXMLHENURKVGGZ-XUTJKUGGSA-N,1,8.172630726946174,1,0
DFHPWPGRLKWZOX-UHFFFAOYSA-N,1,,0,0
YGNIYGXERUDUPC-FERRBWLRSA-N,1,8.171984935776024,2,0
ICXGSSKPPOBXQR-UHFFFAOYSA-N,1,8.169989064063882,1,0
LRMWMKQIJLOEPF-PGRDOPGGSA-N,1,,0,0
GEGLEQALPLAWHZ-UHFFFAOYSA-N,1,,0,0
GPUXMPIFNAGRSF-XPEDOLEQSA-N,1,8.167491087293763,2,0
GFRVMVDESKRPSW-UHFFFAOYSA-N,1,,0,0
CIZKQMKMGUKASR-AUSIDOKSSA-N,1,,0,0
RGOWASQQDQKEKM-WGSAOQKQSA-N,1,8.16621562534352,2,0
KHFMDVNAASXQQK-UHFFFAOYSA-N,1,8.161150909262744,1,0
LRBUVURCWWAQQT-QGZVFWFLSA-N,1,8.161150909262744,1,0
QRRARQIWJKGPKE-UHFFFAOYSA-N,1,,0,0
WVUAUUZYSXNDLD-UHFFFAOYSA-N,1,,0,0
MJWAVTIYFCPJPE-MJGBDJQUSA-N,1,,0,0
FZEUFNLUEJZENL-QFBILLFUSA-N,1,,0,0
BGRFOPBDZYUOMJ-PZJWPPBQSA-N,1,,0,0
LHVNTWQOJGSYCB-FXAWDEMLSA-N,1,,0,0
VWTBKWKKPKFNJR-FQEVSTJZSA-N,1,,0,0
KAPNJGZVRYPTJW-UHFFFAOYSA-N,1,8.154901959985743,1,0
YPZLXCVTFSPQSS-UHFFFAOYSA-N,1,8.154901959985743,1,0
QSQXTUUDWHMEIT-XRLXOQSNSA-N,1,8.154901959985743,2,0
DVUOLXOWKHDIAV-XXBNENTESA-N,1,,0,0
QYAPJFAWWAJNJA-UHFFFAOYSA-N,1,,0,0
BLQLPPFWAKBJSW-GHTZIAJQSA-N,1,,0,0
SPBJYMYEKPAPLH-NSISKUIASA-N,1,8.1479247415801,2,0
ABOYXIDEOWOTGI-AQYVVDRMSA-N,1,8.145693958198919,2,0
MVWVFYHBGMAFLY-UHFFFAOYSA-N,1,8.142667503568731,5,0
VJPBVQZEPQLKCA-UHFFFAOYSA-N,1,8.142667503568731,1,0
RMHPZAHOFLURDU-UHFFFAOYSA-N,1,8.142667503568731,1,0
LNOVYYQKQHZPMN-UHFFFAOYSA-N,1,8.142667503568731,1,0
OOQJGWPOJZCKHM-YMPZKCBVSA-N,1,8.142667503568731,2,0
HXHYBBJDNMJVBF-WFXMLNOXSA-N,1,,0,0
OZVBMTJYIDMWIL-AYFBDAFISA-N,1,7.060480747381382,1,2
NRSBRNRWCATXOT-UHFFFAOYSA-N,1,,0,0
VQEFMIATWHWTNX-ZDUSSCGKSA-N,1,8.141344530963355,4,0
PKALTNFRHBJDRH-UHFFFAOYSA-N,1,,0,0
XBBWJMUBMHLUNQ-XUTJKUGGSA-N,1,8.136677139879545,2,0
DGSJCQBCZUXHPR-UHFFFAOYSA-N,1,,0,0
YNFSCXRNIRPEPV-RBUKOAKNSA-N,1,,0,0
OCVVZZUNABZIKS-UHFFFAOYSA-N,1,,0,0
YDSLGYGXMJYMOS-XUTJKUGGSA-N,1,8.135488918941608,2,0
YKNNRQLCQGQFRB-UHFFFAOYSA-N,1,8.130768280269024,1,0
DSCGNFRKDRFCKO-UHFFFAOYSA-N,1,8.130768280269024,1,0
FOKZOGSWMCKMLR-UHFFFAOYSA-N,1,8.130768280269024,1,0
XRXBZJLXUCSIKS-UHFFFAOYSA-N,1,8.130768280269024,1,0
RRYFTJVIXONIOF-UHFFFAOYSA-N,1,,0,0
CWGVPEOXWFRWOV-HNKWHGCMSA-N,1,8.130768280269024,2,0
YIQZFTKFOLISHR-UHFFFAOYSA-N,1,,0,0
NRSBRNRWCATXOT-HXUWFJFHSA-N,1,,0,0
MRTGFGPKFPAWBT-KESTWPANSA-N,1,,0,0
FLQHAMHLQRATPW-UHFFFAOYSA-N,1,8.130005999878257,1,0
FGXWKSZFVQUSTL-UHFFFAOYSA-N,1,8.455931955649724,1,2
RFRIYEZLKPZDGU-UHFFFAOYSA-N,1,8.1249387366083,1,0
PCUAVOCFDVWQAA-UHFFFAOYSA-N,1,8.1249387366083,1,0
OWORPAWPFUKOOV-UHFFFAOYSA-N,1,,0,0
CTBCYIMBXFMSFW-IFMALSPDSA-N,1,,0,0
PMXMIIMHBWHSKN-UHFFFAOYSA-N,1,,0,0
HVESNMTZXGJVII-OIFYPAEGSA-N,1,8.123782159408357,2,0
VLMVFBMJXRVZOG-WGSAOQKQSA-N,1,8.120330794367947,1,0
ZRQADOCXGLFZJC-UHFFFAOYSA-N,1,,0,0
WXPNHKQJDJARLG-UHFFFAOYSA-N,1,,0,0
RXHVJGSMDNGBHT-UHFFFAOYSA-N,1,,0,0
MBSIGRZACGJWRM-UHFFFAOYSA-N,1,7.575351729582637,12,0
ACAWRKNKSILJBW-UVXAETBJSA-N,1,8.118615343229427,2,0
KFWSEMIBLPIBOC-UHFFFAOYSA-N,1,7.236572006437063,1,0
UEOLBOREQLRPTL-WJPUGNRLSA-N,1,8.11747546204512,2,0
VYFYYTLLBUKUHU-UHFFFAOYSA-N,1,7.937334202313684,28,0
FBSPYGXUZZFKDG-KESTWPANSA-N,1,8.11690664142431,2,0
VTFHJUTXAYAVPD-YMPZKCBVSA-N,1,8.116338564846382,2,0
HAABSCYMCZRVTB-AQYVVDRMSA-N,1,8.115771230367397,1,0
DPAGUJADGMJVKD-UHFFFAOYSA-N,1,7.721246399047171,1,0
RXIFDJMCJKEING-MGBGTMOVSA-N,1,8.113509274827518,1,0
YEPKUBSVJPPSQU-UHFFFAOYSA-N,1,,0,0
IWQHFZLOBAGAOK-JIBACQESSA-N,1,8.113509274827518,2,0
IJTZHWGKWZMBCO-UHFFFAOYSA-N,1,,0,0
BWQVHTJTXLIHEO-UHFFFAOYSA-N,1,8.112945621949043,5,0
GACXEIRXCURUID-QNRJLKAHSA-N,1,8.112382699664265,2,0
FEYWSFCMYGDDGW-HCGLCNNCSA-N,1,8.112382699664265,2,0
JVGBTTIJPBFLTE-UHFFFAOYSA-N,1,,0,0
AZQFGKSDCVQAHH-IYARVYRRSA-N,1,8.111259039317108,1,0
ZCWMQWXQIIXTEH-UAPYVXQJSA-N,1,8.111259039317108,2,0
SKJYMWUUJASLOP-IRJFHVNHSA-N,1,8.111259039317108,2,0
QNDFBMWALLMDKL-KNQAVFIVSA-N,1,,0,0
BGJXBVUWLFEJNM-CVDCTZTESA-N,1,,0,0
NXGXODYDGLKSAM-UHFFFAOYSA-N,1,,0,0
DVBIYRUFMRQOAP-LSNLESRRSA-N,1,8.108462542327436,2,0
HZMBQYFOWZCHKD-UHFFFAOYSA-N,1,8.10790539730952,1,0
BRNFEWAEDMSDHL-UHFFFAOYSA-N,1,8.10790539730952,1,0
HZRDMMLAWDPBJF-MQSCRBSSSA-N,1,8.10790539730952,2,0
LYHUWMRZCXPRBP-BEESLVRJSA-N,1,8.1073489661227,2,0
BNYKYKBRFUPQSI-UHFFFAOYSA-N,1,8.105209643917787,2,0
FADJIPFJANIADX-UHFFFAOYSA-N,1,8.102372908709558,1,0
CLAPZYAXBKPPSX-OKDASEJXSA-N,1,8.102372908709558,2,0
JDXNRQBNLDPZOL-JKIUYZKVSA-N,1,,0,0
PMBZPLQKUNCRDH-UHFFFAOYSA-N,1,,0,0
RARLPFKZTJRIOM-UHFFFAOYSA-N,1,,0,0
WAFXOAGOOZIJGE-UHFFFAOYSA-N,1,,0,0
AUNMRXBRTMEOSJ-MGFGWZDJSA-N,1,8.100015437450608,1,0
AQZKOCOTDHBMJV-HNNHSTSXSA-N,1,8.100015437450608,1,0
XFYCKARBUDZUAB-VMPREFPWSA-N,1,8.100015437450608,1,0
XXNSAFMKWRWIBC-YTMVLYRLSA-N,1,8.100015437450608,1,0
KRBRCRMUFRFNGT-UHFFFAOYSA-N,1,8.100015437450608,1,0
VQRXJDFSVAHLSS-WVPZODRTSA-N,1,8.100015437450608,1,0
UVDIFPYXVNSROD-UHFFFAOYSA-N,1,8.100015437450608,1,0
GSWFHQKRRUUVKI-UHFFFAOYSA-N,1,8.100015437450608,1,0
YYHXUDXIKZMUCQ-UHFFFAOYSA-N,1,8.100015437450608,1,0
QBRLVMQBZIFWTB-WEVVVXLNSA-N,1,8.100015437450608,1,0
MUBFHRQVIYYBCR-UHFFFAOYSA-N,1,8.100015437450608,1,0
HKBFAJQLEHSBTM-UHFFFAOYSA-N,1,8.100015437450608,1,0
SGLJPXQOJMBPBR-UHFFFAOYSA-N,1,8.100015437450608,1,0
ZJBDUXLBLPXVOM-UHFFFAOYSA-N,1,8.100015437450608,1,0
AJBBNBBBDUCRTB-UHFFFAOYSA-N,1,8.100015437450608,1,0
XBWBWCMBNYVAKR-UHFFFAOYSA-N,1,8.100015437450608,1,0
QRWDBCPLADXSGV-UHFFFAOYSA-N,1,8.100015437450608,1,0
ILLQMENNVJLGMH-UHFFFAOYSA-N,1,8.100015437450608,1,0
HGYQVRAMBVYKQO-UHFFFAOYSA-N,1,8.100015437450608,1,0
BGKKQDRMVVBUET-UHFFFAOYSA-N,1,8.100015437450608,1,0
QLOCSQXNJJSRQH-UHFFFAOYSA-N,1,8.100015437450608,3,0
VSHFJDFDEHUHMG-UHFFFAOYSA-N,1,8.100015437450608,3,0
RTBICRVBMOJALC-KNQAVFIVSA-N,1,8.100015437450608,1,0
ZCFZWLXSHRXGLG-UHFFFAOYSA-N,1,8.100015437450608,1,0
LJOIJDZCFSDRBE-UHFFFAOYSA-N,1,8.100015437450608,1,0
MGQKWJNIGIMBFF-UHFFFAOYSA-N,1,8.100015437450608,1,0
CRAJXQNFXAOYDL-UHFFFAOYSA-N,1,,0,0
DWDIQEPGVYBABO-REWPJTCUSA-N,1,,0,0
ZFNISNPBEQEQHE-OKDASEJXSA-N,1,8.099742141562222,2,0
KSTDXOPMADKXRO-UHFFFAOYSA-N,1,8.099710189215434,6,0
OHSIGBOKYLDSHG-RSXGOPAZSA-N,1,,0,0
MPTVODVQFOZFHF-RZDIXWSQSA-N,1,8.09799710864927,2,0
FWPPLEXUCNFYBN-UHFFFAOYSA-N,1,8.097453220686008,1,0
YQZMYCFYXGYDEA-UHFFFAOYSA-N,1,8.096910013008056,1,0
RAZKAAYRLZXGBT-UHFFFAOYSA-N,1,8.096910013008056,3,0
PZIGTEKDSRHYIT-UHFFFAOYSA-N,1,8.096910013008056,1,0
ZUXITOJFACOGFP-UHFFFAOYSA-N,1,8.096910013008056,2,0
BMOMPPTVRLYMKB-KESTWPANSA-N,1,8.096910013008056,1,0
DUKNIHFTDAXJON-MUIJYRPGSA-N,1,8.096910013008056,1,0
JIKDWCBMJVTCCZ-ISLYRVAYSA-N,1,8.096910013008056,1,0
YYWNRQZCPIMCAK-UHFFFAOYSA-N,1,8.096910013008056,1,0
MJAKYGLXMJNUID-UHFFFAOYSA-N,1,8.096910013008056,1,0
WYEGTIGJSHGEID-ZDUSSCGKSA-N,1,8.096910013008056,1,0
OXHFCAMGABAVGJ-XIFFEERXSA-N,1,8.096910013008056,1,0
MGDBVKSSHFDIJD-UHFFFAOYSA-N,1,8.096910013008056,1,0
VRHJRFPPAACNSV-UHFFFAOYSA-N,1,8.789198036565084,4,0
PVDOYAVBGNHRBV-UHFFFAOYSA-N,1,,0,0
NBWWBMWMDFWWPB-XGAFWQRZSA-N,1,8.096910013008056,2,0
RDUVGAYRQBFLOT-XUTJKUGGSA-N,1,8.096910013008056,2,0
YUMQWMQAMSUQRF-OMWCLVHISA-N,1,8.096910013008056,2,0
WAOBJIAOTFLXLR-UHFFFAOYSA-N,1,,0,0
OJCWQYKGGOVRLI-UHFFFAOYSA-N,1,,0,0
GZFSOKPLNMYPCE-YPGOJHLTSA-N,1,8.094313051473053,2,0
GSIBLYYMECNRRS-UHFFFAOYSA-N,1,,0,0
WJOFBCYZALIRKI-UHFFFAOYSA-N,1,,0,0
WZEVFJPWWRPRRO-WFXMLNOXSA-N,1,,0,0
UBIFUIUXVKAWJM-YIQCUVMYSA-N,1,,0,0
BWPAYVFDIRAIID-ZKHCSVRISA-N,1,8.089909454405932,2,0
XRJAGLUSGLFLQK-UHFFFAOYSA-N,1,,0,0
LKMTURFCSVFFPV-UHFFFAOYSA-N,1,8.089375595110798,1,0
VZDMPXBUIWEQHN-UHFFFAOYSA-N,1,8.088309841246138,1,0
BKICZVHEIHZFNF-RUCARUNLSA-N,1,8.08676912888644,2,0
QSMRRBPLPRZVCE-IRJFHVNHSA-N,1,8.08676912888644,2,0
FUOMYSOASQSWCG-UHFFFAOYSA-N,1,8.086186147616283,1,0
XDFFHOCWALNYAJ-UHFFFAOYSA-N,1,,0,0
NRCRTBZRIJXRCY-FIKGOQFSSA-N,1,,0,0
FGGHQCCTGDDYGV-KESTWPANSA-N,1,8.083019952679617,2,0
VZIIAQQJQFQYID-XYWHTSSQSA-N,1,8.08196966321512,2,0
JFLBTRDHDHTNGX-UHFFFAOYSA-N,1,8.080921907623926,1,0
ZZXVDSCUNRLYPT-UHFFFAOYSA-N,1,8.080921907623926,1,0
BTQXZESHJSOQFU-UHFFFAOYSA-N,1,,0,0
LIJZDQUYGUZHCR-UHFFFAOYSA-N,1,,0,0
GVOWTPVTYQMHDU-UHFFFAOYSA-N,1,7.154901959985743,1,0
CMOUHGOJSYWQFR-LRHALGNLSA-N,1,8.076704159344496,2,0
DWUAAOIZQFTYQP-UHFFFAOYSA-N,1,8.075720713938118,1,0
OBLDKFKTBGJWKJ-PHTYHVAFSA-N,1,8.075720713938118,1,0
BSIYFWFTDCENGZ-ONEGZZNKSA-N,1,8.075720713938118,1,0
OSBDFYCPKUJFJJ-SNAWJCMRSA-N,1,8.075720713938118,1,0
MGDSRFOVDPARJD-UHFFFAOYSA-N,1,7.920818753952375,9,0
QSQIAXNZWRLSSO-UHFFFAOYSA-N,1,8.075720713938118,1,0
QGGUMCZIAASPSU-KESTWPANSA-N,1,8.075720713938118,2,0
QNJDOVDHWZTXIL-XYWHTSSQSA-N,1,8.075720713938118,2,0
ZTEUONPYEGTUMM-FCHUYYIVSA-N,1,,0,0
UEOLBOREQLRPTL-DVUVRWKGSA-N,1,8.073143291050307,2,0
IZWSUUXSTWDMST-IRJFHVNHSA-N,1,8.070734381746934,2,0
LPJGAZGHYONJPC-UHFFFAOYSA-N,1,8.070581074285707,1,0
GZSHNIANTLMMJR-UHFFFAOYSA-N,1,8.070581074285707,3,0
UHYDZQALANMGBP-UHFFFAOYSA-N,1,,0,0
ILRFVZOWNPFKOR-UHFFFAOYSA-N,1,,0,0
FSLWZIRTOUAUNP-UHFFFAOYSA-N,1,,0,0
CRAJXQNFXAOYDL-FXAWDEMLSA-N,1,,0,0
FYHDUYJHKIWKCX-UHFFFAOYSA-N,1,8.070019409484486,1,0
SZTHJRLWJXYLME-UHFFFAOYSA-N,1,,0,0
BSOLCASXROXPRZ-SHZHJNINSA-N,1,8.065501548756432,1,0
GPANICKLGIVBML-UHFFFAOYSA-N,1,8.065501548756432,1,0
IDKIRFAIRCIGSS-FQEVSTJZSA-N,1,8.065501548756432,1,0
SLHJBGQZNOFTDB-IFMALSPDSA-N,1,,0,0
XTFGAHNJVINQAV-UHFFFAOYSA-N,1,,0,0
IDMCBMOPQUHSKE-UHFFFAOYSA-N,1,,0,0
WFENTJXFRAVXHY-CQSZACIVSA-N,1,8.064492734175287,1,0
JLRYOWKVNYLGFB-OJBMAJLDSA-N,1,8.062983892535186,2,0
BACBDGDLWOOPAD-JIBACQESSA-N,1,8.061230177216883,2,0
RJAHNHBPWHWZAB-UHFFFAOYSA-N,1,8.060739102249396,6,0
FQEKHPKAOCFEHM-UHFFFAOYSA-N,1,,0,0
DMJMPRBSMLSUQZ-UHFFFAOYSA-N,1,,0,0
ZIQDGXNDXRMRPM-VGSWGCGISA-N,1,,0,0
GQPJBOOQHWEOKT-OUKQBFOZSA-N,1,8.059483515067432,1,0
FDGBPEVIZWNWEX-LSNLESRRSA-N,1,8.056901376994515,2,0
MDIVYFVFTFEFJF-RUCARUNLSA-N,1,8.056901376994515,2,0
WYGBVOBBNUHWLX-UHFFFAOYSA-N,1,8.05551732784983,1,0
KFYDJOCWGSDKIF-UHFFFAOYSA-N,1,8.05551732784983,1,0
MBKIFLFRYIEMRC-UHFFFAOYSA-N,1,8.05551732784983,1,0
JVGMVZVCYZVQMN-IYARVYRRSA-N,1,8.05551732784983,2,0
SGABQHZVZUGQTC-JKIUYZKVSA-N,1,8.055024091587953,2,0
VMWNQDUVQKEIOC-CYBMUJFWSA-N,1,8.10790539730952,5,0
OCELOKBVPAERLI-MRXNPFEDSA-N,1,8.053508558118251,2,0
CFTKIUKLSZSRGT-LFKXIUMZSA-N,1,8.051587034221399,2,0
FQRXUQIAZYDCID-UHFFFAOYSA-N,1,,0,0
AYPVCAPOVVHYNK-XGAFWQRZSA-N,1,8.050609993355087,2,0
HRGLDIJXNKMLQF-XUTJKUGGSA-N,1,8.049635145623878,1,0
UTQIQWGFEQDQAG-UHFFFAOYSA-N,1,,0,0
RVTWDXPARRMUCU-UHFFFAOYSA-N,1,8.045757490560675,1,0
APMOACCZLSVUQN-MDZDMXLPSA-N,1,8.045757490560675,1,0
HZYGVALVFFNNGE-UHFFFAOYSA-N,1,8.045757490560675,1,0
FHXDBZHSFZNQBN-UHFFFAOYSA-N,1,8.045757490560675,1,0
MRZXGFAYAQXVTL-UHFFFAOYSA-N,1,8.045757490560675,1,0
VTFHJUTXAYAVPD-PMVMPFDFSA-N,1,8.045757490560675,2,0
OOQJGWPOJZCKHM-YEMPIKNUSA-N,1,8.045757490560675,2,0
RMGLEYGDPBYQMA-YMPZKCBVSA-N,1,8.045757490560675,2,0
XLEPAPXUDZKLLX-NGZATLCBSA-N,1,8.045757490560675,2,0
JACOQOMTWSSQPK-ZFUCAUIQSA-N,1,8.045757490560675,2,0
AOWKBRDSGSHTGO-IRJFHVNHSA-N,1,8.044312249686495,2,0
CIQACWAFDSMBMG-PGWJBFNOSA-N,1,8.044023777751674,2,0
LAGLIYNPBAJZEJ-LFKXIUMZSA-N,1,8.042871802323187,2,0
PATXYRVWJPYPMG-SAABIXHNSA-N,1,8.041436116778033,2,0
VQMDEMJGEQRPDH-UHFFFAOYSA-N,1,8.040958607678906,1,0
LHVNTWQOJGSYCB-UHFFFAOYSA-N,1,,0,0
KKJIMDAMMQSFSZ-OWOJBTEDSA-N,1,,0,0
SFPBOMSMCNVMGQ-TZIWHRDSSA-N,1,,0,0
OXHFCAMGABAVGJ-MGBGTMOVSA-N,1,8.037157318798757,1,0
ZTGGPHRIDWWDQW-UHFFFAOYSA-N,1,8.036212172654444,1,0
UZZUNWBAZUITJX-VOTSOKGWSA-N,1,8.036212172654444,1,0
IDWFBPRPZDTKJU-RKTRBERCSA-N,1,8.036212172654444,2,0
YXGIYSCRDTWJRJ-MYKGNVCDSA-N,1,8.036212172654444,2,0
QBCMAEWHGOHJTN-UHFFFAOYSA-N,1,,0,0
FJCLYLWFKWDKEV-KESTWPANSA-N,1,8.032686081712917,2,0
XTUBFYJCRZIUBT-KESTWPANSA-N,1,8.032452023781138,2,0
NWNDKLAEZZBIHP-UHFFFAOYSA-N,1,8.031517051446064,1,0
YVYNLGNFOSLQJL-UHFFFAOYSA-N,1,8.031517051446064,1,0
HWNDEDIZZJRHGF-UHFFFAOYSA-N,1,8.031517051446064,1,0
DGWVDYZYSAQNNO-IZVJSRMBSA-N,1,,0,0
OMXJWXICMCUBRZ-UHFFFAOYSA-N,1,,0,0
MSHUBKLFRWFTKI-HSZRJFAPSA-N,1,8.029990922496168,2,0
ARSLLTCMIOZESX-PNYWAOBFSA-N,1,,0,0
VTFHJUTXAYAVPD-YEMPIKNUSA-N,1,8.029188389127482,2,0
IHTMZOURUQYLLI-RQNOJGIXSA-N,1,8.0268721464003,3,0
VJMYWLHHQXMODZ-UHFFFAOYSA-N,1,8.0268721464003,1,0
RJGQFVDJRWMRJD-UHFFFAOYSA-N,1,,0,0
VSWBSWWIRNCQIJ-UHFFFAOYSA-N,1,,0,0
IHTMZOURUQYLLI-UHFFFAOYSA-N,1,,0,0
KGHICJQDLKRYCB-AFARHQOCSA-N,1,8.024568191490737,1,0
UPDGYYYUTBGSJZ-IALBEUSZSA-N,1,8.023191662661933,2,0
NBCNQEXSFAAUHI-UHFFFAOYSA-N,1,8.022276394711152,1,0
BXOPFJXHIDYFEL-UHFFFAOYSA-N,1,8.022276394711152,1,0
CFTKIUKLSZSRGT-CEMLEFRQSA-N,1,8.022276394711152,2,0
PVFMPPYWTMNZHL-UHFFFAOYSA-N,1,,0,0
XWSSRMXCAFXSRM-CFFRYYMNSA-N,1,,0,0
UDVAQYIDEGUIPQ-XZOQPEGZSA-N,1,,0,0
LYFJPSCHBLEEJR-UHFFFAOYSA-N,1,,0,0
UTWPJLLDBXANCC-UHFFFAOYSA-N,1,,0,0
XTFRBHHJAHSVNA-UHFFFAOYSA-N,1,,0,0
MGBCZDZRQGYLRL-UHFFFAOYSA-N,1,8.017728766960431,1,0
BKMZKOFYOHRYLE-UHFFFAOYSA-N,1,,0,0
FDBMIKAQORBNLT-NRCGHCQOSA-N,1,8.017728766960431,2,0
HMETZCGOVJHJBJ-WKILWMFISA-N,1,,0,0
WXIJHIYOSNRVJO-UHFFFAOYSA-N,1,,0,0
KMQDRNRLOPUIKH-RUCARUNLSA-N,1,,0,0
VGJNZAVHANBHEO-UHFFFAOYSA-N,1,8.016824927962187,1,0
SFPSQBFPUCFLEZ-AIZNXBIQSA-N,1,8.013228265733755,1,0
SFPSQBFPUCFLEZ-UHFFFAOYSA-N,1,8.013228265733755,1,0
HHRGFYRLYOYIFM-IYARVYRRSA-N,1,8.013228265733755,1,0
SUATVGXCTNKNQW-UAPYVXQJSA-N,1,8.012333735073724,2,0
FEQXRZMYCWCJKY-LBZQVFOQSA-N,1,8.0112627247112,2,0
UFUQIVBOXLXINJ-UHFFFAOYSA-N,1,,0,0
QTIAXUAWMLBIGP-LLVKDONJSA-N,1,,0,0
CFTKIUKLSZSRGT-BVSLBCMMSA-N,1,8.009217308196861,2,0
PPVWOMBOQZECHS-UHFFFAOYSA-N,1,8.008773924307505,1,0
ZDFGDUYZGMNXLU-IYARVYRRSA-N,1,8.008773924307505,1,0
FWRYWDVIHVFRGE-UHFFFAOYSA-N,1,,0,0
ZAVVYZJMZVTMNK-UHFFFAOYSA-N,1,,0,0
CVLZQDTWSWXSHI-CTNGQTDRSA-N,1,,0,0
KZUQRBDBFQHGDF-NDKRRWIDSA-N,1,,0,0
FMZYTGKVWBHUEI-UHFFFAOYSA-N,1,8.00436480540245,1,0
XUCRUGYJRDTBOP-FLDQDSGZSA-O,1,,0,0
KXPJEGNVGVZNGX-KESTWPANSA-N,1,8.00436480540245,2,0
SUJGOAOWFMOBBD-UHFFFAOYSA-N,1,,0,0
WLPHKXGJSXEPJH-AFARHQOCSA-N,1,8.001304841688345,2,0
QKNACGZYHIMKOB-AQYVVDRMSA-N,1,8.000434511774017,2,0
OJCBIYVJAWOBLI-XBISEHGESA-N,1,8.0,1,0
KUBCXXBTKZCFPE-PKWGFICBSA-N,1,8.0,1,0
PRDRZXROMYANHC-UHFFFAOYSA-N,1,8.0,1,0
XJCNAPNYTSUCIR-DEOSSOPVSA-N,1,8.0,1,0
IMHPBHXANRDMAO-BUHFOSPRSA-N,1,8.0,1,0
SAMQAQQHJAUYDF-BFZJZIARSA-N,1,8.0,1,0
BIMVUZQTSDREEH-XLIONFOSSA-N,1,8.0,1,0
OVLGSRKGTAEWQF-ZEQRLZLVSA-N,1,8.0,1,0
WCXOZRBCTFWPKS-UHFFFAOYSA-N,1,8.0,1,0
RNUUBPZBFUJPOR-UHFFFAOYSA-N,1,8.0,1,0
BNBJYVKSFPTBHW-BJMVGYQFSA-N,1,8.0,1,0
YHRNVXAUNZJNND-UHFFFAOYSA-N,1,8.0,1,0
RTRBUDIKCGJLKP-VAWYXSNFSA-N,1,8.0,1,0
UICAAFBEFWZYOJ-WFCPMTAMSA-N,1,8.0,1,0
GHSGRKSMXSWZPH-AEEMYVKYSA-N,1,8.0,1,0
FASDKYOPVNHBLU-UHFFFAOYSA-N,1,8.0,1,0
MXDNCXSBIMPXLA-UHFFFAOYSA-N,1,8.0,1,0
MLSIVBGRMUBBOL-NVXWUHKLSA-N,1,8.0,1,0
RRNSUOWXTVZIKJ-UHFFFAOYSA-N,1,8.0,1,0
RTJYNDZSOVYLSA-UHFFFAOYSA-N,1,8.0,1,0
XOPUTZJGNOKLDY-UHFFFAOYSA-N,1,8.0,1,0
UOCMXNLGBQWJPG-UHFFFAOYSA-N,1,8.0,1,0
GJRMDYLDWDRDIG-UHFFFAOYSA-N,1,8.0,1,0
GKDLNLYIGUXYSK-UHFFFAOYSA-N,1,8.0,1,0
JTHVEMXEJRSLPM-UHFFFAOYSA-N,1,8.0,1,0
RUFBZCWKTFORNM-CXGRPWHSSA-N,1,8.0,2,0
RLDHKTIILVTVIL-UHFFFAOYSA-N,1,8.0,1,0
UKPYAHVTVCYHSG-FNLKRUPLSA-N,1,8.0,1,0
YOPFVVBZYPEBHX-UHFFFAOYSA-N,1,8.0,1,0
IDKIRFAIRCIGSS-HXUWFJFHSA-N,1,8.0,1,0
KVEHVMQJUPMJNA-HXUWFJFHSA-N,1,8.0,1,0
WUVBFCGMNNHUHJ-UHFFFAOYSA-N,1,8.0,1,0
GVJCGWLQVQHHKA-UHFFFAOYSA-N,1,8.0,1,0
FJTBQZNFUHLCOQ-UAPYVXQJSA-N,1,8.0,2,0
XJWLBKKTJHDHSX-CEMLEFRQSA-N,1,8.0,2,0
YMMKVLDFUKHZTJ-UWJYYQICSA-N,1,,0,0
FMGBBVCKDCTAKW-TZYAJKAJSA-N,1,8.0,2,0
JIZQRMQHJXHWIA-KKUOWXDVSA-N,1,8.0,2,0
XHASDMXLWYCVQW-UHFFFAOYSA-N,1,,0,0
OMXJWXICMCUBRZ-MGPUTAFESA-N,1,,0,0
AGZZUNBFSOFXTB-JIBACQESSA-N,1,7.996970529446382,2,0
VSWBBUWHPLHOIX-OBGWFSINSA-N,1,7.995678626217357,1,0
ZXIPYIPSODOSDY-UHFFFAOYSA-N,1,7.995678626217357,1,0
FOSYKSVEHLEJMK-UAPYVXQJSA-N,1,7.995678626217357,2,0
BWJOFTXEAUJYMK-OJBMAJLDSA-N,1,7.995248844408999,2,0
HDOZVRUNCMBHFH-UHFFFAOYSA-N,1,7.994850021680094,2,0
MTGUKBVSRDTGQB-DTQAZKPQSA-N,1,7.991399828238082,1,0
VCZAICHKRVTUHW-UHFFFAOYSA-N,1,8.0,3,0
HHAWPWAQIRBXKW-SAIGFBBZSA-N,1,7.991399828238082,2,0
CYQFCXCEBYINGO-IAGOWNOFSA-N,1,,0,0
NMGWKXZSQCGGGA-ZWKOTPCHSA-N,1,,0,0
JNTZATOMFKWPTP-UHFFFAOYSA-N,1,7.987162775294828,1,0
QBXXUIOGPPBTJN-UHFFFAOYSA-N,1,7.605548319173783,1,0
DJNLKADPUUFBDG-AFARHQOCSA-N,1,7.984640244590786,2,0
CDXSZIGVTVIYPC-UHFFFAOYSA-N,1,7.982966660701219,1,0
DVJYRJGVDBAXTD-UHFFFAOYSA-N,1,7.982966660701219,1,0
YRIPLGKCIYJQGV-SAIGFBBZSA-N,1,7.982966660701219,2,0
XFHLYLFABDLYDJ-UHFFFAOYSA-N,1,,0,0
UCVFOYIRJYVIDW-UHFFFAOYSA-N,1,7.982926511446977,2,0
ZKIAIYBUSXZPLP-UHFFFAOYSA-N,1,,0,0
UOKGFRGTMUWXQL-UHFFFAOYSA-N,1,7.981486060122112,2,0
NABHHUMHJIHHIX-KRWDZBQOSA-N,1,8.18045606445813,3,0
KZZIOGFYAGNURW-SAABIXHNSA-N,1,7.979638717352293,2,0
FSMFABUIPFMXCD-HNKWHGCMSA-N,1,7.978810700930062,2,0
YNSPDEYTWHJYJV-KESTWPANSA-N,1,7.978810700930062,2,0
FMLDUWPAAHKNPY-HNKWHGCMSA-N,1,7.978810700930062,2,0
SAVFVEFYMIPDEM-UHFFFAOYSA-N,1,,0,0
ULWSKYKKYCILKM-FYYLOGMGSA-N,1,,0,0
SJWQSMJRDZSNPL-HXUWFJFHSA-N,1,7.978609895677566,2,0
WKAAYYBBGYEZQQ-UHFFFAOYSA-N,1,7.97469413473523,5,0
AZSVWQHBZVBKES-BJKOFHAPSA-N,1,,0,0
KGNGZUOBKTUHGP-UHFFFAOYSA-N,1,,0,0
RMGLEYGDPBYQMA-PMVMPFDFSA-N,1,7.97061622231479,2,0
MVNMMDGTQIXAJK-HZCBDIJESA-N,1,7.97061622231479,1,0
HQAMJNKOXUQUKS-XYWHTSSQSA-N,1,7.97061622231479,1,0
AWSNADYOKQXJRZ-BTNBVRMJSA-N,1,,0,0
GPDZHKOGLHALQL-AVRDEDQJSA-N,1,,0,0
GAKGHYKFFZHEBW-SCTJWGJOSA-N,1,7.969400278034049,2,0
GAKGHYKFFZHEBW-VJBMBRPKSA-N,1,7.969400278034049,2,0
QUZUPTMNMJTYGL-UHFFFAOYSA-N,1,7.967815937050173,2,0
JAWKNWQXUPQJQD-BUHFOSPRSA-N,1,7.966576244513051,1,0
LAGLIYNPBAJZEJ-CEMLEFRQSA-N,1,7.966576244513051,2,0
PSQWBHXNCLXCGM-XUTJKUGGSA-N,1,7.966576244513051,2,0
XFXJOECCOKNBMS-UHFFFAOYSA-N,1,7.962573502059376,1,0
PJWMINWCBXFJAI-UHFFFAOYSA-N,1,7.962573502059376,1,0
MBYOOAKPAWQCID-UHFFFAOYSA-N,1,7.962573502059376,1,0
IIRXNWGIJONFMR-SNAWJCMRSA-N,1,7.962573502059376,1,0
FORAQSMKEXXBJZ-MXVIHJGJSA-N,1,7.962573502059376,1,0
CRIDIVQBOHLVBM-INIZCTEOSA-N,1,,0,0
UTJCXDMLSWYEJA-UHFFFAOYSA-N,1,7.96018944585165,1,0
VBTFJGYCISLKEQ-UHFFFAOYSA-N,1,7.958607314841775,2,0
HWSOAPGUROKPOX-MXVIHJGJSA-N,1,7.958607314841775,1,0
YCNCIZWAGQTWBI-UHFFFAOYSA-N,1,7.958607314841775,1,0
GJAYJBGLRYDTKW-UHFFFAOYSA-N,1,7.958607314841775,1,0
BAJOTSCRNKRKED-UHFFFAOYSA-N,1,7.958607314841775,1,0
XMDJBMQNVMNFTN-ZDUSSCGKSA-N,1,7.958607314841775,1,0
YOODWDNGWLMMGG-UHFFFAOYSA-N,1,7.958607314841775,1,0
HFOIDKHQFBQZMF-UHFFFAOYSA-N,1,7.958607314841775,1,0
JPDDFPJRGRBBJU-UHFFFAOYSA-N,1,7.958607314841775,1,0
ODDQSYJSQXYQTO-UHFFFAOYSA-N,1,7.958607314841775,1,0
SXLLFTLZFDWMJK-UHFFFAOYSA-N,1,7.958607314841775,1,0
QOECKZUXJGSVMP-UHFFFAOYSA-N,1,7.958607314841775,1,0
JZRSBDBOBRIPIA-ZQHSETAFSA-N,1,,0,0
QNDFBMWALLMDKL-UHFFFAOYSA-N,1,,0,0
JQSRFMXTGAVHIR-UHFFFAOYSA-N,1,,0,0
UQQGRIQPVHNBTP-UHFFFAOYSA-N,1,,0,0
JQXMVFBXXAKVDC-OAQYLSRUSA-N,1,,0,0
IWKLJRLAWXMABE-UHFFFAOYSA-N,1,,0,0
MWNDNCSVRWMPJK-AQYVVDRMSA-N,1,,0,0
DKNAYNJDTLBNCH-MXVIHJGJSA-N,1,7.957424487559809,2,0
XXFBAYGHJVLPQT-UNBKKOSXSA-N,1,7.957424487559809,2,0
VYAKZBSIEMCYFQ-ZHALLVOQSA-N,1,7.955460239607589,2,0
DQNYAPGMAYPLKE-UHFFFAOYSA-N,1,7.954677021213342,1,0
ZDQCZUNCBWFZGJ-UHFFFAOYSA-N,1,,0,0
UBDCKKJDVOIVBV-UHFFFAOYSA-N,1,,0,0
UCNUZCBZAAKMDU-VOTSOKGWSA-N,1,7.954096201499163,6,0
LRTWYJMSDIOBGF-UHFFFAOYSA-N,1,7.950781977329818,1,0
PACGJHIALGCWJV-UHFFFAOYSA-N,1,7.950781977329818,1,0
MGKAAGLTHAMQST-UHFFFAOYSA-N,1,7.950781977329818,1,0
DMXFLQZSXCIUTO-KESTWPANSA-N,1,7.950781977329818,2,0
KNAFTDDIPPEGMH-UHFFFAOYSA-N,1,,0,0
IFRJRHQHHFLJCC-UHFFFAOYSA-N,1,,0,0
GVNRTSAPTNNIPL-UHFFFAOYSA-N,1,,0,0
KGPBMAROMMRKCL-UHFFFAOYSA-N,1,,0,0
FUZTUBAKRJSXML-UHFFFAOYSA-N,1,,0,0
ULCOXAYPHBANNH-UHFFFAOYSA-N,1,,0,0
CDLTZBNPLAYVJT-UHFFFAOYSA-N,1,7.949987134946069,2,0
HMMLWDCQIVJIHP-UHFFFAOYSA-N,1,7.949984651306365,2,0
UIERZYNYMSMAJC-IYARVYRRSA-N,1,7.948847477552619,2,0
OUHCXMUUIFHTFO-SAABIXHNSA-N,1,7.944621668625,2,0
WTUNYPKNGBFPKZ-JCNLHEQBSA-N,1,7.944239535312265,2,0
QAWQNXXSPFROGF-UHFFFAOYSA-N,1,7.943095148663527,1,0
CLTPFFDUHORHID-UHFFFAOYSA-N,1,,0,0
KRFOALSDVMLWEQ-UHFFFAOYSA-N,1,,0,0
YMPBYYINMWNUQV-IYARVYRRSA-N,1,7.939302159646388,1,0
GZNLRQUVYFCLCG-UAPYVXQJSA-N,1,7.939302159646388,2,0
LSEKXOSZIOVUOY-UHFFFAOYSA-N,1,,0,0
BGRFOPBDZYUOMJ-UHFFFAOYSA-N,1,,0,0
JMYIPFBYRVHYMD-UHFFFAOYSA-N,1,,0,0
SBCYNHCFJBYRJY-PKOBYXMFSA-N,1,,0,0
RJNNVSGDFJTERT-UHFFFAOYSA-N,1,,0,0
UDVBAIMSAZRJGM-FQEVSTJZSA-N,1,,0,0
ZXEXODRNGHENCD-LSNLESRRSA-N,1,7.938547520912807,2,0
RDWXEESICWYGFN-ZNEWLNCYSA-N,1,7.936291440608582,2,0
RWXAMLMBPWFLTN-UAPYVXQJSA-N,1,7.935916564036404,2,0
MWNMVEFIIAOCJG-UHFFFAOYSA-N,1,7.935542010773082,1,0
UIWARYOQTYMMEM-UHFFFAOYSA-N,1,,0,0
RRSUWPYFZSEELD-AVRDEDQJSA-N,1,,0,0
GOXUZWWTKIXHQU-JKIUYZKVSA-N,1,7.9344202852715515,2,0
OOQJGWPOJZCKHM-PMVMPFDFSA-N,1,7.931814138253838,2,0
RMGLEYGDPBYQMA-YEMPIKNUSA-N,1,7.931814138253838,2,0
VVTLMNQMVBGPMD-VQIMIIECSA-N,1,,0,0
RJNNVSGDFJTERT-PZJWPPBQSA-N,1,,0,0
HZRDMMLAWDPBJF-FUDKSRODSA-N,1,7.931072388317928,2,0
ZCRJZGXULSARDJ-JCNLHEQBSA-N,1,7.931072388317928,2,0
XBGYRVVRFHZLSR-UHFFFAOYSA-N,1,7.928117992693874,1,0
RJRFHPUWQFNLFN-UHFFFAOYSA-N,1,7.920818753952375,3,0
CXLYWFQWNGCVEG-IYARVYRRSA-N,1,7.928117992693874,1,0
RCSLPJAWSBFTLD-MXVIHJGJSA-N,1,7.928117992693874,1,0
NCNQTLANEBMAPM-UHFFFAOYSA-N,1,,0,0
MFAOTUDCDBJKBZ-JKIUYZKVSA-N,1,7.924453038607469,2,0
MBMINXDPXIMQPF-UHFFFAOYSA-N,1,,0,0
JIFIBXLKXAOALA-UHFFFAOYSA-N,1,7.920818753952375,1,0
IXUNXYUOXOHHSI-UHFFFAOYSA-N,1,7.920818753952375,1,0
VRJXNVWZJIUSSO-UHFFFAOYSA-N,1,7.920818753952375,1,0
HOZYTVYXSUBCBF-UHFFFAOYSA-N,1,7.920818753952375,1,0
JERZBICCWPTZQV-UHFFFAOYSA-N,1,7.920818753952375,3,0
OTTGJZVMJFEQJT-UHFFFAOYSA-N,1,7.920818753952375,1,0
CGJFUPKHNBCZFP-UHFFFAOYSA-N,1,,0,0
SSFLFRPKMGNFFZ-UHFFFAOYSA-N,1,,0,0
FNDYKBLJPFQMEN-UHFFFAOYSA-N,1,,0,0
VJUQIMXHRMEYAS-UHFFFAOYSA-N,1,,0,0
BFQHXMFESCIHFB-UHFFFAOYSA-N,1,,0,0
LUYABWSKHCCUGP-AFARHQOCSA-N,1,,0,0
QPPNZGHQAPFXOG-UHFFFAOYSA-N,1,7.92009553233328,1,0
FPIUKAAHOYRXRK-UHFFFAOYSA-N,1,7.91721462968355,1,0
ZHMQRCVCUPPSNG-UHFFFAOYSA-N,1,7.91721462968355,1,0
KPWFNAZMRFBRMI-KESTWPANSA-N,1,7.91721462968355,1,0
QHLKQPDXOAFUSN-UHFFFAOYSA-N,1,,0,0
ZRDGENRQQWKSHG-OJBMAJLDSA-N,1,7.916139199133427,2,0
HMFWWORRYDWEDS-UHFFFAOYSA-N,1,7.913640169325252,1,0
KUAYECUROPSOMH-UHFFFAOYSA-N,1,,0,0
YDGKDHWBZFSXFF-OKDASEJXSA-N,1,7.912928794093465,2,0
BYOXBMSRXGFRQY-UHFFFAOYSA-N,1,7.910094888560602,1,0
QBXAIVGOAROPJH-UHFFFAOYSA-N,1,,0,0
JRIJSUZYSFOPFI-UHFFFAOYSA-N,1,,0,0
MNAFRWGRFIBAQX-XMSQKQJNSA-N,1,,0,0
KGBITRQPRBXBFJ-MXVIHJGJSA-N,1,7.906578314837764,1,0
AICFPAVUBCPJDG-SAABIXHNSA-N,1,7.906578314837764,2,0
FOXUYLUURDWAGN-KESTWPANSA-N,1,7.905878404159439,2,0
OURPZJJZFFKVJH-UHFFFAOYSA-N,1,7.9051145218265635,2,0
FYSQMYZWYIPETJ-RSBROLRWSA-N,1,7.9044819576768495,2,0
OXHDXVWUJBSFBE-HZCBDIJESA-N,1,7.903785414653595,2,0
JXEOKFJSXAQOOQ-NDKRRWIDSA-N,1,,0,0
IJMODPWKQJNRMT-FCHUYYIVSA-N,1,,0,0
GHIPMMXQJHAVMI-DDDLIOIYSA-N,1,7.90274269030658,2,0
GFWJJPMDPCQZBK-NSOVKSMOSA-N,1,7.899974269892137,1,0
GISZCUSGSJKNJL-YRDXYIQISA-N,1,7.899974269892137,1,0
HLDNXAAXZRBYJW-UHFFFAOYSA-N,1,7.899974269892137,1,0
JMYALEGZMZHDTN-MDZDMXLPSA-N,1,7.899974269892137,1,0
BIMVUZQTSDREEH-UHFFFAOYSA-N,1,7.899974269892137,1,0
MBXCICNJZAYLEN-UHFFFAOYSA-N,1,7.899974269892137,1,0
FOYUWODSNRINIS-UHFFFAOYSA-N,1,7.899974269892137,1,0
REDQYSRGGWSYHE-OKDASEJXSA-N,1,7.899974269892137,1,0
KWNJMHODRWLBPT-UHFFFAOYSA-N,1,7.899974269892137,1,0
RHHJVFYYCJWYII-UHFFFAOYSA-N,1,7.899974269892137,1,0
FRHJULSNWZOUMW-UHFFFAOYSA-N,1,7.899974269892137,1,0
UTIUIZHJMLEUQC-UHFFFAOYSA-N,1,7.899974269892137,1,0
FLIIXHVRMXEDPQ-UHFFFAOYSA-N,1,7.899974269892137,1,0
KFMDKMLEGDZMCX-UHFFFAOYSA-N,1,7.899974269892137,1,0
VURVNYUMSCKMDC-UHFFFAOYSA-N,1,7.899974269892137,1,0
IKHRYIGPRIAKFA-UHFFFAOYSA-N,1,7.899974269892137,1,0
UCEGXYYVNUOUTE-UHFFFAOYSA-N,1,7.899974269892137,1,0
PHZPOMMTJKRHHB-UHFFFAOYSA-N,1,7.899974269892137,1,0
OLKRKRWLKISLQU-WIYYLYMNSA-N,1,7.899974269892137,2,0
YYLVZNFHPHPLKB-UHFFFAOYSA-N,1,7.899974269892137,1,0
XSNMDMSHDAOPPM-UHFFFAOYSA-N,1,7.899974269892137,1,0
QRRCESJWXMIGPS-UHFFFAOYSA-N,1,,0,0
MDBJINZABFWALU-OAFSWBPASA-N,1,7.897566294318664,2,0
SQRMELSMCDEARL-IYARVYRRSA-N,1,7.896196279044043,1,0
UGRYVQVSCSWCQH-UHFFFAOYSA-N,1,,0,0
HVJCLUCMUNKFOJ-UHFFFAOYSA-N,1,,0,0
INZTWDPMSQSIHC-WXKZGDQPSA-N,1,7.895512888687605,2,0
IKAPCPDHWACXJE-XUTJKUGGSA-N,1,7.894830572000668,2,0
IJICKINLCUKIHY-UHFFFAOYSA-N,1,7.89301545879265,2,0
LPSPMYVAOZUORR-BJKOFHAPSA-N,1,,0,0
VTKQFQBLYNWSNR-UHFFFAOYSA-N,1,,0,0
VNQMWRQYPRIJGM-UHFFFAOYSA-N,1,7.890084136976206,1,0
NDOUOJYZWZVNBL-UHFFFAOYSA-N,1,7.889410289700751,1,0
KZWUXBIYAIXWII-MRGVAMFXSA-N,1,7.889410289700751,1,0
SOKNKUMZPAEZEA-DENIHFKCSA-N,1,,0,0
QWSLRVUGOHVJKP-IFMALSPDSA-N,1,,0,0
ZWPVOADZQCQUKW-UHFFFAOYSA-N,1,,0,0
SJEXSMOVRPPLBZ-UHFFFAOYSA-N,1,,0,0
WLEGJZRUEMBXDO-VOTSOKGWSA-N,1,7.886867644052153,2,0
ULYGZZPDPDMBCC-UHFFFAOYSA-N,1,7.886056647693163,1,0
SJEXSMOVRPPLBZ-VXMMSVGHSA-N,1,7.886056647693163,1,0
KRUWNGHFXJBYSG-UHFFFAOYSA-N,1,,0,0
IWAHIMCMPBOXKG-HXUWFJFHSA-N,1,,0,0
JVCDVUFRMRFRFP-UHFFFAOYSA-N,1,,0,0
CSFWIRRKNFTOOA-HXUWFJFHSA-N,1,,0,0
MNPQCNYHSBXSTH-UHFFFAOYSA-N,1,,0,0
HIASEHRDTBGCHW-UHFFFAOYSA-N,1,,0,0
HVSUPPZVIPTMEM-UHFFFAOYSA-N,1,7.882728704344236,1,0
QHKQWOMFBZYAFY-UHFFFAOYSA-N,1,,0,0
PITWYMITJRIVTR-UHFFFAOYSA-N,1,7.87942606879415,1,0
HMAKCCQMRGCRHO-XYWHTSSQSA-N,1,7.877784121727173,1,0
APECYVWEUYUQKJ-UHFFFAOYSA-N,1,,0,0
SGWUMXOWOUGLMJ-NSOVKSMOSA-N,1,,0,0
TUSYNOYQWBWIFT-IAGOWNOFSA-N,1,7.875010258781036,2,0
WAOQONBSWFLFPE-VIFPVBQESA-N,1,7.872895201635192,3,0
QKOGYUWOPZFTRE-MXVIHJGJSA-N,1,,0,0
DCJWAUUNGWWIFD-KUHUBIRLSA-N,1,7.872363747448347,2,0
VFOIGDCCMUEJDD-UHFFFAOYSA-N,1,7.8696662315049934,1,0
LXZRZJUUHTZVBE-UHFFFAOYSA-N,1,,0,0
OHJSWFDQAUGCDZ-TZIWHRDSSA-N,1,,0,0
BLWCTYMJGSOQFX-UHFFFAOYSA-N,1,,0,0
CWGVRZIECOGVLA-UAPYVXQJSA-N,1,7.869344650977969,2,0
HGFFXOQKGSYWIH-SAABIXHNSA-N,1,7.8683813356508745,2,0
GTBOVEUYOKQEIH-SNAWJCMRSA-N,1,7.866461091629782,1,0
DSJBBFGGCRIVIL-JIBACQESSA-N,1,7.866461091629782,2,0
NERCWRWKDLNUBZ-UHFFFAOYSA-N,1,,0,0
OUUMPVSFLSOGJZ-MXVIHJGJSA-N,1,7.863279432843593,1,0
MCJDONVFVRLBAL-ILBGXUMGSA-N,1,,0,0
DUKWEHLCKVPDDQ-UHFFFAOYSA-N,1,,0,0
FJCIWANMQSLZNY-WLNZHLEZSA-N,1,7.860120913598763,1,0
AIDTVWDAJAVXLC-AATRIKPKSA-N,1,7.860120913598763,1,0
SOTGCULHLGVSKQ-UHFFFAOYSA-N,1,,0,0
ZZOGNBGGXVYUEA-IFMALSPDSA-N,1,,0,0
RASUXNNRRRIRBL-UHFFFAOYSA-N,1,,0,0
BWSCHPAOVNLCBH-XYWHTSSQSA-N,1,7.85949195696182,2,0
OXKMARLXXNQVMY-PZJWPPBQSA-N,1,,0,0
LOLIGPMPSPGNGJ-OIFYPAEGSA-N,1,7.858550226599533,2,0
JGDAHRAXXNLDGS-UHFFFAOYSA-N,1,,0,0
KHPIIHSTQOPLRB-IFMALSPDSA-N,1,,0,0
UHSKFQJFRQCDBE-UHFFFAOYSA-N,1,7.854204587170999,8,0
DOVTZHSQYCZIIX-UHFFFAOYSA-N,1,7.853871964321762,1,0
CROXIASATJXZSZ-UHFFFAOYSA-N,1,7.853871964321762,1,0
FCLHHKLNBKMBPS-UHFFFAOYSA-N,1,7.853871964321762,1,0
YPKNRVSBLNMPFJ-UHFFFAOYSA-N,1,7.853871964321762,1,0
RBFMCJMIEVSALT-FMIVXFBMSA-N,1,,0,0
NJOGRMMAMLWHAA-UHFFFAOYSA-N,1,,0,0
OVSOSNSBPWXIPD-SAIGFBBZSA-N,1,7.853871964321762,2,0
JLAYLFLQSFRXPP-UHFFFAOYSA-N,1,,0,0
UVSNDTNJIHHUPU-UHFFFAOYSA-N,1,,0,0
XIJZOWGASFOIBM-UHFFFAOYSA-N,1,7.851689340041832,2,0
JPCGHQPCQSFZIF-MGFGWZDJSA-N,1,7.851397345193907,2,0
UJZCZEHTVLJAMR-UHFFFAOYSA-N,1,,0,0
MSQRTETUBFIHMP-UHFFFAOYSA-N,1,7.849857838151442,1,0
RAPZEAPATHNIPO-UHFFFAOYSA-N,1,7.869964306007462,10,2
WMPBOLSQXBJOKQ-UHFFFAOYSA-N,1,7.847711655616943,1,0
XIVALFSMOKTRNY-AVJWEPTDSA-N,1,7.847711655616943,1,0
GRSPAVQNQLAIED-AQYVVDRMSA-N,1,7.847711655616943,1,0
PBUOIALTCUSCTG-UHFFFAOYSA-N,1,,0,0
BWMBSQXAENBLPV-WGSAOQKQSA-N,1,7.845576026885353,2,0
IMTICVASEJSMDW-UHFFFAOYSA-N,1,,0,0
JNMQWDIMZMNVJB-UHFFFAOYSA-N,1,,0,0
JUAVLXRBQKTSPW-ALOJWSFFSA-N,1,7.84163750790475,1,0
RLRZFXWQPQJVDA-UHFFFAOYSA-N,1,,0,0
UIFDNPUSYCXLPI-UHFFFAOYSA-N,1,7.840132152907433,1,0
XLEPAPXUDZKLLX-STZQEDGTSA-N,1,7.840132152907433,2,0
KRGUVGVAIPSTCB-UHFFFAOYSA-N,1,7.838631997765026,1,0
MGGGAIHRQKOLDH-UHFFFAOYSA-N,1,,0,0
LGCNQKJCXSSMEC-UHFFFAOYSA-N,1,,0,0
GKEJFCRKDSLTFV-FCHUYYIVSA-N,1,,0,0
PSWUORNVMIRUSW-UHFFFAOYSA-N,1,7.8326826652518236,1,0
UBPODDPFCZVNDC-UHFFFAOYSA-N,1,7.8326826652518236,1,0
ZVPRVTLQVCJGOP-UHFFFAOYSA-O,1,7.8326826652518236,1,0
FNDLZQGZKLRGIU-YOCNBXQISA-N,1,7.8326826652518236,1,0
IWGVABNVNOQFPY-TXTKFYIRSA-N,1,7.831502516476967,2,0
XASDIOYQYXRDEM-RUCARUNLSA-N,1,7.830325565941193,2,0
AAPCMUAAQFZHRZ-IPJJNNNSSA-N,1,7.8297382846050425,2,0
XTYMHPYTYMGIID-ZHACJKMWSA-N,1,7.826813731587726,1,0
MWMCOQFLGVOAHE-MEMLXQNLSA-N,1,7.826813731587726,1,0
NZPQNNBQTOVDCM-PGWJBFNOSA-N,1,7.826813731587726,2,0
ZCBADRQTPNSBSB-UHFFFAOYSA-N,1,7.823908740944319,1,0
TULCHGQYHOEOOE-CCEZHUSRSA-N,1,7.823908740944319,1,0
RJETZHUBOZSCPH-UHFFFAOYSA-N,1,7.823908740944319,1,0
HKDCDBFKNRMFSY-UHFFFAOYSA-N,1,7.823908740944319,2,0
NWHURZIBXAETDE-JKIUYZKVSA-N,1,7.823908740944319,1,0
JICSUTQEGNUBOG-UHFFFAOYSA-N,1,7.823908740944319,1,0
NNGXRRFVMCSLCM-ZDUSSCGKSA-N,1,7.823908740944319,1,0
BSOLCASXROXPRZ-MUKKUYKPSA-N,1,7.823908740944319,1,0
OXJGPZFAZUEPIX-UHFFFAOYSA-N,1,7.823908740944319,1,0
SVLOMAHKFFJJIC-UHFFFAOYSA-N,1,7.823908740944319,1,0
PECGTMPBAIIWKZ-UHFFFAOYSA-N,1,7.823908740944319,1,0
VMDJSIGZJOXSGC-PCLIKHOPSA-N,1,7.823908740944319,3,0
JIZQRMQHJXHWIA-DBXWQHBBSA-N,1,7.823908740944319,2,0
SYNVRTSQXKBCOU-UHFFFAOYSA-N,1,,0,0
CRTXNNNIYVQHEB-IPJJNNNSSA-N,1,,0,0
GWGWCDFVSGWHNI-VQTJNVASSA-N,1,,0,0
BYUHWILBODEWJY-UHFFFAOYSA-N,1,,0,0
UUYDEYACQFNFMI-VOTSOKGWSA-N,1,7.822178474889565,6,0
LBRSVAAYMHPXLL-UHFFFAOYSA-N,1,,0,0
AQEGXNBQOSKLDA-UHFFFAOYSA-N,1,,0,0
GTVPXEVAFBWKHY-UHFFFAOYSA-N,1,7.8198741248359465,1,0
NFIANDWIUXYLJZ-AVRDEDQJSA-N,1,,0,0
PGNPMTAEFDKCKN-BWKNWUBXSA-N,1,,0,0
ZVKININMNUXUKG-UHFFFAOYSA-N,1,,0,0
XRULCQHWXQPNKY-UHFFFAOYSA-N,1,7.8191360819912035,2,0
GJFBEHIWIGLENN-VHEBQXMUSA-N,1,7.818156412055227,1,0
HEJWFNURPGCDGT-UHFFFAOYSA-N,1,7.818156412055227,1,0
WAIZFEIVFOBJJX-UHFFFAOYSA-N,1,,0,0
HNPAUMYBQXZAJH-UHFFFAOYSA-N,1,,0,0
CRCNNTYVVVULMG-UHFFFAOYSA-N,1,,0,0
XVKCBMHQXDTJBS-LSNLESRRSA-N,1,7.814174640387038,2,0
NBKJTOGTVMGTOS-MXVIHJGJSA-N,1,7.8124792791635365,1,0
ABKVEMFUXMVUSG-WGSAOQKQSA-N,1,7.8124792791635365,1,0
MQXNRLRUBRWERN-FQEVSTJZSA-N,1,,0,0
PTPSBYOWELRFJR-UHFFFAOYSA-N,1,7.809668301829708,1,0
AXPWNFAVTPIWHV-HATOLVCRSA-N,1,7.809668301829708,3,0
LWUHTASBTHFHOH-MEMLXQNLSA-N,1,7.809668301829708,1,0
GXRRIZYXGPLXKK-AQYVVDRMSA-N,1,7.809668301829708,2,0
MDSPSIGBYYNTOP-UHFFFAOYSA-N,1,,0,0
JFJLJDBEIHLBLY-UHFFFAOYSA-N,1,,0,0
CRAJXQNFXAOYDL-XLIONFOSSA-N,1,,0,0
SJPCWOAPBGZFOQ-MEMLXQNLSA-N,1,7.804377056413063,2,0
UEHARNLMUOFGOF-BBMPLOMVSA-O,1,,0,0
IUHXMQOKDMHFCT-KESTWPANSA-N,1,7.804100347590766,1,0
YRKOVTCEVBZCGK-ILBGXUMGSA-N,1,,0,0
NQWKDRVBJLVQDS-UHFFFAOYSA-N,1,,0,0
IZGMMZZMWKKGGX-XCZPVHLTSA-N,1,7.79997073344623,1,0
OPJTVMKUVYOWNC-FQLXRVMXSA-N,1,7.79997073344623,1,0
GQTWYBPXHKYSKB-NSOVKSMOSA-N,1,7.79997073344623,1,0
JRKCKOYEMVTKCR-OGAOHHHESA-N,1,7.79997073344623,1,0
UVDIFPYXVNSROD-MAUKXSAKSA-N,1,7.79997073344623,1,0
GDYQVHUWFCXMBW-UHFFFAOYSA-N,1,7.79997073344623,1,0
BVNLTQWFLUIWRX-UHFFFAOYSA-N,1,7.79997073344623,1,0
LXYDWPGIKXXMMG-UHFFFAOYSA-N,1,7.79997073344623,1,0
MBVUGYVCCHAKHM-WBANQOEISA-N,1,7.79997073344623,1,0
JQQWLXXUXOPSDP-UHFFFAOYSA-N,1,7.79997073344623,1,0
WNQGJBBMATVHDO-UHFFFAOYSA-N,1,7.79997073344623,1,0
WLLDCVHJRCZONV-PMERELPUSA-N,1,7.79997073344623,1,0
CYIRPXRIGGCJMZ-UHFFFAOYSA-N,1,7.79997073344623,1,0
UXCCYRSVXPBQMU-UHFFFAOYSA-N,1,7.79997073344623,1,0
VFOQAVYBDYGMOW-UHFFFAOYSA-N,1,7.79997073344623,1,0
FLVVAVLMHCUYGY-UHFFFAOYSA-N,1,7.79997073344623,1,0
DFONPZSBELPUSI-UHFFFAOYSA-N,1,7.79997073344623,1,0
RWYXCRGPSKEBSD-UHFFFAOYSA-N,1,7.79997073344623,1,0
IQFXDOJWHPEPAA-UHFFFAOYSA-N,1,7.79997073344623,1,0
DGTBKKBZRIVWMP-UHFFFAOYSA-N,1,7.79997073344623,1,0
HWLQRSMZQWZHLO-HRAATJIYSA-N,1,7.79997073344623,2,0
HLJDGDVDXPMCOC-UHFFFAOYSA-N,1,7.79997073344623,1,0
MKRKVCYLRHDJLG-UHFFFAOYSA-N,1,7.79997073344623,1,0
ZRQMUCDHVVOENY-UHFFFAOYSA-N,1,,0,0
PELJKMLXUPTOKG-UHFFFAOYSA-N,1,,0,0
HUEMJHLBWFDXTF-QAQDUYKDSA-N,1,7.798602875679548,1,0
DSIODFVVJVFOFI-UHFFFAOYSA-N,1,7.795880017344075,1,0
PAMJGKFHXJWILY-UHFFFAOYSA-N,1,7.795880017344075,1,0
JOCSRIUJRNEKRZ-OBGWFSINSA-N,1,7.795880017344075,1,0
URWBDIMBZFWGSF-UHFFFAOYSA-N,1,7.795880017344075,1,0
FGJYYZXNIMNFLL-UHFFFAOYSA-N,1,7.795880017344075,1,0
FNHANZYICZUWQM-UHFFFAOYSA-N,1,7.795880017344075,1,0
CTWFQXKVAMVTEI-UHFFFAOYSA-N,1,7.795880017344075,1,0
SGGMEYGWAJEGIP-WPUZRXDDSA-N,1,7.795880017344075,1,0
RKLDGOMILCFJDT-UHFFFAOYSA-N,1,7.795880017344075,1,0
AENWLGXTORARIE-UHFFFAOYSA-N,1,,0,0
BADALEVDXACSLP-UHFFFAOYSA-N,1,,0,0
BYPMJBXPNZMNQD-WHCYFCLHSA-N,1,,0,0
XXUQXMYKXRYVTE-UHFFFAOYSA-N,1,,0,0
SBHJIEDINHIMAF-JIBACQESSA-N,1,7.79317412396815,1,0
SGGMEYGWAJEGIP-UHFFFAOYSA-N,1,,0,0
VFZOPLQXSQRUHM-UHFFFAOYSA-N,1,7.790484985457369,1,0
NXQJYLDOIPIWNN-UVXAETBJSA-N,1,7.788345599446817,2,0
FHOVKJHMUHGSDG-OJBMAJLDSA-N,1,7.787812395596042,2,0
SAHQEMRIXRTMKH-LOSJGSFVSA-N,1,,0,0
XRZGFBAAWMVHMU-UHFFFAOYSA-N,1,7.780373137991051,2,0
XBGWTWPYCTZIIE-HXUWFJFHSA-N,1,7.779891911959945,3,0
HGDNRYBOAYQHNG-WGSAOQKQSA-N,1,7.779891911959945,1,0
JOHOQMIETZSDOL-UHFFFAOYSA-N,1,,0,0
USSJQLOQXQBGTM-GCJKJVERSA-N,1,,0,0
FEBNMEHEWSKWSQ-UHFFFAOYSA-N,1,,0,0
PPNFHFXNWYTHCJ-UHFFFAOYSA-N,1,,0,0
SHKMYWRRXARHJG-UHFFFAOYSA-N,1,,0,0
VQJWINDRTCMVEE-UHFFFAOYSA-N,1,,0,0
GTZSQZPMHIHCCP-UHFFFAOYSA-N,1,7.774690718274137,1,0
ZOJYMCBGKBJTGD-RVZUZXSLSA-N,1,7.774690718274137,2,0
RICCGUYAQMEDQJ-RZDIXWSQSA-N,1,7.774432286560529,2,0
WVPMAZJVALETCI-ALOJWSFFSA-N,1,7.772113295386326,1,0
BQBVMBGNTSPRNK-UHFFFAOYSA-N,1,7.769806696356897,2,0
HKUPNFQZELWUIO-UHFFFAOYSA-N,1,,0,0
AHYUXDAZVIOABZ-UHFFFAOYSA-N,1,7.769551078621726,1,0
SBJOJKQLHNFZTE-UHFFFAOYSA-N,1,7.769551078621726,1,0
LIJLYDMKDQLIKS-UHFFFAOYSA-N,1,7.769551078621726,3,0
GLGJRQOPYRQGRY-CYBMUJFWSA-N,1,7.769551078621726,1,0
DQVWGUUNHWMPMS-MXVIHJGJSA-N,1,7.769551078621726,1,0
NSDNFDRCTHNFLQ-MBOZVWFJSA-N,1,7.769551078621726,2,0
VOKCKVQKMXVJNW-UHFFFAOYSA-N,1,,0,0
VEMOQUROGJYIHS-UHFFFAOYSA-N,1,,0,0
GWXIZHPBMCIUCC-RBUKOAKNSA-N,1,,0,0
GWXIZHPBMCIUCC-MOPGFXCFSA-N,1,,0,0
NKIKKVIRCFKCOG-FXCIWXGGSA-N,1,7.767003889607846,2,0
XDPTVFIWUAWOLA-WGSAOQKQSA-N,1,7.764471553092451,1,0
KAXUQVAHOIHHMX-HFMPRLQTSA-N,1,,0,0
ORNXSTGAFURZLS-FNNYLQCESA-N,1,7.761953896871205,2,0
FNNKRCZBNZOMQJ-MEMLXQNLSA-N,1,,0,0
RSOWGGVCBJACCG-WGSAOQKQSA-N,1,7.7594507517174005,1,0
GFXGGKFVAYIGGO-LSTHTHJFSA-N,1,,0,0
IHPMTTUHDSGUHU-AQYVVDRMSA-N,1,7.757210190521324,2,0
AMBHQWIFPINWOO-SKPFHBQLSA-N,1,,0,0
NUFCJQQSZUHVFN-UHFFFAOYSA-N,1,,0,0
PKGJBHXJYDGBET-UHFFFAOYSA-N,1,7.752026733638194,1,0
QKGGUYOGIVKJFF-FWNKOSSWSA-N,1,7.751291264399082,2,0
HWISWHUWIQAPMO-CILPGNKCSA-N,1,7.7499797892168765,2,0
RLHNDTLEKOCIPV-TZIWHRDSSA-N,1,,0,0
OCZGPPRWTUONED-UHFFFAOYSA-N,1,,0,0
VFPMJQLPEIDGKV-YPGOJHLTSA-N,1,7.747146969020107,1,0
YEQXLZYCVNXKRF-UHFFFAOYSA-N,1,7.747146969020107,1,0
GOGFNQYGVYCYHI-UAPYVXQJSA-N,1,7.745451922891026,2,0
MPRVFPKBKLXAAW-UHFFFAOYSA-N,1,7.7447274948966935,1,0
VZNSZPOJWAAUQR-UHFFFAOYSA-N,1,7.7447274948966935,2,0
MPDFDNDIHGRXBJ-UHFFFAOYSA-N,1,7.7447274948966935,1,0
NXGXYFWRVCUKFN-UHFFFAOYSA-N,1,7.7447274948966935,1,0
VVPCRKVUSARVSE-UHFFFAOYSA-N,1,7.7447274948966935,1,0
VVNKMNCWRHQTDH-UHFFFAOYSA-N,1,,0,0
SITQSHZFILPALT-UHFFFAOYSA-N,1,,0,0
ROTBWFGDDNEYCJ-UHFFFAOYSA-N,1,,0,0
VMSBWTDRZMICFC-UHFFFAOYSA-N,1,,0,0
OGMXPNDTEOMUTP-UHFFFAOYSA-N,1,,0,0
BZCYPHOOPXOADD-XIEYBQDHSA-N,1,,0,0
SAWRNBNIFPXPCC-ACRUOGEOSA-N,1,7.7423214251308154,1,0
XJIBUBWKKHZDSR-IRJFHVNHSA-N,1,7.740645072691965,2,0
CKIPXVNSJRXNTQ-UHFFFAOYSA-N,1,,0,0
AZTUVZSKZZUSFU-SNAWJCMRSA-N,1,7.739928612014925,1,0
YNWOVSGFFVVSBU-UQTQIZBZSA-N,1,7.739928612014925,1,0
VYCBASLVLXPETI-CRAIPNDOSA-N,1,,0,0
NWXLNEMDCWELOX-IYARVYRRSA-N,1,7.73754891026957,1,0
JKUARXXFZBUSAL-UHFFFAOYSA-N,1,7.735182176990463,1,0
WYIBJRJIELMSTK-IXCJQBJRSA-N,1,,0,0
JAOKCAPKMXUPOM-UHFFFAOYSA-N,1,,0,0
FGFHFJJEESMBGK-AATRIKPKSA-N,1,7.732828271596986,1,0
ZDGYKEJTDUCVRG-UHFFFAOYSA-N,1,,0,0
OUMNETVFYOWILO-UAPYVXQJSA-N,1,7.732828271596986,1,0
DRRONPWFEYCYOF-UHFFFAOYSA-N,1,,0,0
SVODCKBJAYKLJL-VQIMIIECSA-N,1,,0,0
ZQZUTJSBLPRYPL-XBTDCMMSSA-N,1,7.730487055782084,1,0
ONAUJHKYHSJWDK-AQYVVDRMSA-N,1,7.730487055782084,1,0
PFWYFJWJIWWNBL-UHFFFAOYSA-N,1,,0,0
ZYJQELHTQSMKFH-UHFFFAOYSA-N,1,,0,0
QGUAUKGVRXXHQV-AFARHQOCSA-N,1,7.7281583934635005,1,0
YGCYKAKZEZYUMC-NJDAHSKKSA-N,1,7.7281583934635005,1,0
XXESQSFCTJSSQN-UHFFFAOYSA-N,1,,0,0
DKBPQSXNYNGHQK-UHFFFAOYSA-N,1,7.727965977824862,2,0
BSVRQWRWWJQETN-UHFFFAOYSA-N,1,7.721246399047171,1,0
XOBVCWPXOBDWGK-UHFFFAOYSA-N,1,,0,0
GKYBNMJPQSRWPC-UHFFFAOYSA-N,1,7.723538195826756,1,0
QCKWKKZGPZWWFN-UHFFFAOYSA-N,1,7.721246399047171,1,0
GHZCAYNGRYIDPW-GOSISDBHSA-N,1,7.721246399047171,1,0
XPFGMUGGXJNCTR-UHFFFAOYSA-N,1,7.721246399047171,1,0
QDWOSBADSCWLQX-UHFFFAOYSA-N,1,7.721246399047171,1,0
IBNGPFLSWWZTBJ-UHFFFAOYSA-N,1,7.721246399047171,1,0
FHMWRCSIRLHLAI-OUKQBFOZSA-N,1,7.721246399047171,1,0
WMXFRQFMQHQCBJ-UHFFFAOYSA-N,1,7.795880017344075,7,0
VCSXUTPJFQYQHZ-UHFFFAOYSA-N,1,7.721246399047171,1,0
JMDXHUNKNDOMJU-UHFFFAOYSA-N,1,,0,0
INHLBBQJFLVLRB-UHFFFAOYSA-N,1,,0,0
BHWFWVGETJBMKF-IAGOWNOFSA-N,1,7.720105019988361,1,0
QVISYVCUOQJANU-MXVIHJGJSA-N,1,7.71669877129645,1,0
LTXKGMIEWLLTGF-UHFFFAOYSA-N,1,,0,0
RKXSQHTWNMDLJM-UHFFFAOYSA-N,1,,0,0
RNKUEZGSYUCLKY-UHFFFAOYSA-N,1,,0,0
UGRUVQBETHORJS-UHFFFAOYSA-N,1,,0,0
RZBBQNAIKHGIFW-UHFFFAOYSA-N,1,,0,0
LPYJYJNIIRKQSC-UHFFFAOYSA-N,1,7.714442690992226,1,0
AVYIORKUKBQLOA-WGSAOQKQSA-N,1,7.714442690992226,1,0
YGLPFEUWKJCWBD-UHFFFAOYSA-N,1,,0,0
DQTBCNRIVXHDQE-MLCQCVOFSA-N,1,7.7121982700697735,1,0
MTNHSFFTMCIWEW-UHFFFAOYSA-N,1,,0,0
COMHXTZJQDZANW-UHFFFAOYSA-N,1,,0,0
LSHSMBQZYASNDB-JKIUYZKVSA-N,1,7.711303739409744,2,0
ZEHDEZWEFBOGNZ-UHFFFAOYSA-N,1,7.709965388637482,1,0
WZBDKFBWHQBNSS-WUKNDPDISA-N,1,7.709965388637482,1,0
HUKNOHADSBATLH-OBGWFSINSA-N,1,7.709965388637482,1,0
XKTRZPQOQOCNJU-UHFFFAOYSA-N,1,7.709965388637482,1,0
DZYJECJNISMMEC-SAIGFBBZSA-N,1,7.709965388637482,1,0
GQYBHQJQIKLJET-ONEGZZNKSA-N,1,7.707743928643524,1,0
YGCYKAKZEZYUMC-YGQOYYDZSA-N,1,7.707743928643524,1,0
AKUFOSYLIYVIGY-UHFFFAOYSA-N,1,,0,0
XYPNSIBKATVQIJ-WGSAOQKQSA-N,1,7.7055337738384075,1,0
BCTPODDQZONFKA-AWEZNQCLSA-N,1,7.7055337738384075,1,0
CTMBSXSNFDPMFG-MBOZVWFJSA-N,1,7.7055337738384075,1,0
SGRZMLIEPZAREQ-AFARHQOCSA-N,1,7.704432900037521,2,0
RQSYJHOVRPMPEE-VURPSTOHSA-N,1,7.70421305974839,2,0
XUMFZHDTWDHUIE-UHFFFAOYSA-N,1,,0,0
GISMRNMZGNYAEU-AOYPEHQESA-N,1,,0,0
IXCPWQZWEFUJGL-WGSAOQKQSA-N,1,,0,0
ACKGCCXJFAZCFF-UHFFFAOYSA-N,1,7.7011524070372435,2,0
QSHZDFROGASVTB-UHFFFAOYSA-N,1,7.701146923590294,1,0
SNXPYOZDXRKEER-UHFFFAOYSA-N,1,7.701146923590294,1,0
UEOLBOREQLRPTL-QLVMHMETSA-N,1,7.701146923590294,2,0
UOQPMMUMTSDTOB-IYARVYRRSA-N,1,7.701146923590294,1,0
IWGVABNVNOQFPY-JTAQYXEDSA-N,1,7.701146923590294,2,0
AZZXYTBUUQBLGH-AOYPEHQESA-N,1,,0,0
IRECDGNNIQNOJK-KRWDZBQOSA-N,1,7.700492701299512,1,0
GHOIWSVCBGNCMR-RZFKFIIISA-N,1,7.700057099977233,1,0
SNKGBCKUVWDTSB-PHSANKKPSA-N,1,7.700057099977233,1,0
YFMHFOQRZFIVPU-HSZRJFAPSA-N,1,7.700057099977233,1,0
BIMVUZQTSDREEH-FXAWDEMLSA-N,1,7.700057099977233,1,0
QIKNEDWYBRZNKC-UHFFFAOYSA-N,1,7.700057099977233,1,0
UFIWJALMIXDJPT-UHFFFAOYSA-N,1,7.700057099977233,1,0
BRDXGAAIKJJGNB-UHFFFAOYSA-N,1,7.700057099977233,1,0
CHTNXCMFJLBVKP-UHFFFAOYSA-N,1,7.700057099977233,1,0
AOMCGXSEEARDEI-FXBOJIBUSA-N,1,7.700057099977233,1,0
WNRHLKXILALELE-MGFGWZDJSA-N,1,7.700057099977233,1,0
UOXRATPLTLGJQF-UHFFFAOYSA-N,1,7.700057099977233,1,0
ABWRXTVIPWIMTE-UHFFFAOYSA-N,1,7.700057099977233,1,0
OZZLMZAQJKSGCB-UHFFFAOYSA-N,1,7.700057099977233,1,0
KGDPFNITOFAOLP-UHFFFAOYSA-N,1,7.700057099977233,1,0
VTSMNPQRBXHIOD-UHFFFAOYSA-N,1,7.700057099977233,1,0
MXYJVPGKILUPBU-UHFFFAOYSA-N,1,7.700057099977233,1,0
QOQUTGPQLQCUSD-UHFFFAOYSA-N,1,7.700057099977233,1,0
NNCTXKNNQUMOPC-RYORKLGYSA-N,1,7.700057099977233,2,0
CRSXTGXQBKLMCN-OKDJAKQTSA-N,1,7.700057099977233,2,0
GHHKXCCOHHVPRP-UHFFFAOYSA-N,1,7.700057099977233,1,0
UDVBAIMSAZRJGM-UHFFFAOYSA-N,1,,0,0
XIHOJUYAGODVFH-VGOFRKELSA-N,1,,0,0
GNVATANRVUMZDM-RXJZEZJSSA-N,1,,0,0
ZDHMFNGMBGJLNF-REWPJTCUSA-N,1,,0,0
MQHVJCAEBAKURM-KOMQPUFPSA-N,1,7.700057099977233,2,0
JLHYDFVXCXCPKN-UHFFFAOYSA-N,1,7.700003911207951,2,0
CXWMHNWEROVFMB-UHFFFAOYSA-N,1,7.699513552156626,2,0
HJUAHZKICLIRDT-UGESXGAOSA-N,1,7.699187205881883,2,0
QNTNWSQRMBFBSH-UHFFFAOYSA-N,1,7.698970004336019,1,0
BMHXCPOIQRDOEJ-UHFFFAOYSA-N,1,7.698970004336019,1,0
RRGIAVYUCTYDDX-UHFFFAOYSA-N,1,7.698970004336019,1,0
PBLLZSMBTAPYBH-MHZLTWQESA-N,1,7.698970004336019,1,0
FESDOYDRYVULEO-UHFFFAOYSA-N,1,7.698970004336019,1,0
QDQDDWWAKHSCSK-IYARVYRRSA-N,1,7.698970004336019,1,0
JBVSQYZVCXMFCI-UFYCRDLUSA-N,1,7.698970004336019,1,0
GFXGGKFVAYIGGO-UXPWSPDFSA-N,1,,0,0
PYXPRMLVOWMRMK-JKIUYZKVSA-N,1,7.696803942579511,2,0
FWWZEVQZVDGPGJ-UHFFFAOYSA-N,1,7.690560890962703,2,0
DCTJWNXQZKKVMP-UABRLCRWSA-N,1,,0,0
BVLKCMNJCFXMPO-IBGZPJMESA-N,1,,0,0
IRDGCSMAHBCDAT-SIKLNZKXSA-N,1,,0,0
OWKWAFZWCZQWNM-UHFFFAOYSA-N,1,7.2839966563652006,3,0
ATHCQCSSVYPJIN-SAIGFBBZSA-N,1,7.688246138944246,1,0
CTENGUOYEBIGPA-UHFFFAOYSA-N,1,,0,0
RJNNVSGDFJTERT-CTNGQTDRSA-N,1,,0,0
BIIZSYSIBVAOCG-JOLHVKOESA-N,1,7.679645967182328,2,0
FPLHVKDUVQOWKV-UHFFFAOYSA-N,1,,0,0
CPVZPPFHQBIJNB-UHFFFAOYSA-N,1,7.6777807052660805,1,0
HGSQOYNWHXVVJS-UHFFFAOYSA-N,1,7.6777807052660805,1,0
RKEMMJXERRAATP-UHFFFAOYSA-N,1,,0,0
XLWMSPHJQIPEOR-UHFFFAOYSA-N,1,,0,0
CYNHGJORJGHXEX-UHFFFAOYSA-N,1,9.744727494896694,1,0
HFZAKKDYDONOQJ-MOJGAOKDSA-N,1,7.673664139071248,1,0
IBWTYJNEHLEZKF-UHFFFAOYSA-N,1,,0,0
ADDKZOUNFAZVBP-DZNWXHPMSA-N,1,,0,0
ZPNCBCHKBMWQEH-JCNLHEQBSA-N,1,7.670398751643481,2,0
CZJDTJSRJBOOFX-UHFFFAOYSA-N,1,,0,0
GRGGMNIWCOHOKK-GUDVDZBRSA-N,1,7.669789215428472,2,0
MQCABDUKZLMPQP-UHFFFAOYSA-N,1,7.669586226650809,1,0
SYUUHJHHENNOEK-UHFFFAOYSA-N,1,,0,0
VMUIVGHGONOVFW-UHFFFAOYSA-N,1,7.668621084159213,2,0
ALJNGMYHXPZTTG-WGSAOQKQSA-N,1,7.667561540084394,1,0
KLTVYCHNHMTZNG-WGSAOQKQSA-N,1,7.665546248849069,1,0
JDUYXDCAFPRHMY-UHFFFAOYSA-N,1,,0,0
DDIKSIDUOMAEBE-UHFFFAOYSA-N,1,,0,0
RONFPASSWXANLI-GOSISDBHSA-N,1,7.662569429631094,2,0
SVONVXKDHRPGFI-UAPYVXQJSA-N,1,7.661543506395395,1,0
CEMWPWPBXGCHCV-XUTJKUGGSA-N,1,7.661543506395395,1,0
XIHOJUYAGODVFH-VGSWGCGISA-N,1,,0,0
KMJHJQFJPSDYJD-SAABIXHNSA-N,1,7.6595558851598815,2,0
YSHFOVKURWTKBI-UHFFFAOYSA-N,1,,0,0
DCPIQPSAVXUPED-UHFFFAOYSA-N,1,,0,0
WBGWXELVCBHOMZ-UHFFFAOYSA-N,1,7.659379381312206,2,0
XJGVXQDUIWGIRW-UHFFFAOYSA-N,1,7.657577319177793,1,0
JUIQFSLMZIMPOO-AOJGPSJRSA-N,1,7.657577319177793,1,0
YTFBRHUULHGVDP-UHFFFAOYSA-N,1,7.657577319177793,1,0
YZUDCCCPYDXRSM-ZDUSSCGKSA-N,1,7.657577319177793,1,0
SXCVVYUSUGUSMW-UHFFFAOYSA-N,1,7.657577319177793,1,0
HFJVMFBCUWJLFO-IYARVYRRSA-N,1,7.657577319177793,1,0
VKNHMOVYMQVLKC-UHFFFAOYSA-N,1,,0,0
OGAXIHIXSFCZCE-UHFFFAOYSA-N,1,,0,0
VZGCIZBAKNLDRR-UHFFFAOYSA-N,1,7.655607726314889,1,0
HUIZNJVXOSCZJU-UXLOVFDUSA-N,1,7.655607726314889,1,0
MLTDYDQBGQSVJK-PWIZWCRZSA-N,1,,0,0
FJXRWQLSUYHSFX-UHFFFAOYSA-N,1,7.653647025549361,1,0
XQESGARESDXCGW-UHFFFAOYSA-N,1,,0,0
XKUSJISCOLOOOS-OJBMAJLDSA-N,1,7.653647025549361,2,0
IBCJUIIXFRJMOE-UQQQWYQISA-N,1,,0,0
KVHHUZUNLIGTBY-UHFFFAOYSA-N,1,,0,0
MPRKJVQRTVEJJH-UHFFFAOYSA-N,1,,0,0
QIUNPJREZURMGC-AJGMTHFWSA-N,1,,0,0
VTGDLGOSPAKXEA-WMISUKIASA-N,1,7.650008294435608,2,0
KLQDZSYTMPJBBU-DYESRHJHSA-N,1,,0,0
HSONZWPNORZWDX-IBGZPJMESA-N,1,7.649751981665837,1,0
SLOWOAMUBQTOII-OAQYLSRUSA-N,1,7.649112423160506,2,0
GZSCSKUGXORHGO-APWZRJJASA-N,1,,0,0
SEAFJMXOYIXBAV-UHFFFAOYSA-N,1,,0,0
VAEZCFWPDODBFF-UHFFFAOYSA-N,1,7.645891560852599,1,0
VMDGNXGFFZHOON-MEMLXQNLSA-N,1,7.6439741428068775,1,0
PPBAFHRXACXAFW-KESTWPANSA-N,1,7.6439741428068775,2,0
XOGVSNDTSKOGBY-UHFFFAOYSA-N,1,7.642065152999546,1,0
XOPDSATVNGEEAY-JKIUYZKVSA-N,1,7.642065152999546,2,0
SBLISCQZPBKWHN-UHFFFAOYSA-N,1,,0,0
QQKGKWYETGKBCS-UHFFFAOYSA-N,1,,0,0
IRDGCSMAHBCDAT-UHFFFAOYSA-N,1,,0,0
FWLGDHKTYMRCAQ-LBPRGKRZSA-N,1,7.6399749108106025,1,0
HIIUKDCXWBFGHZ-UHFFFAOYSA-N,1,7.638272163982407,1,0
NKLZWGMWROXIDH-UHFFFAOYSA-N,1,7.638272163982407,1,0
HRCGTLOWYKJDFC-CYBMUJFWSA-N,1,7.638272163982407,1,0
ZWQWAFWCHCIHEO-BQYQJAHWSA-N,1,,0,0
UYPLISCDIQJPNG-UHFFFAOYSA-N,1,,0,0
IQGWEXBXERIPCR-HZCBDIJESA-N,1,7.634512015109101,1,0
MVVKKFHFADVKMW-UHFFFAOYSA-N,1,,0,0
YAWDPUHJRVVYKE-UHFFFAOYSA-N,1,7.632644078973981,1,0
SNXPYOZDXRKEER-SSEXGKCCSA-N,1,7.6307841425898575,1,0
DCPPWKFRGIUQDU-IBGZPJMESA-N,1,,0,0
GCPJLEFIDKNRJR-QUCCMNQESA-N,1,,0,0
TZTWEGASAJHAME-UHFFFAOYSA-N,1,,0,0
ZDSNNBAEOSSBQF-UHFFFAOYSA-N,1,,0,0
QDADEDFRUNQJKV-UHFFFAOYSA-N,1,,0,0
LHVNTWQOJGSYCB-XLIONFOSSA-N,1,,0,0
CKRMQSOTIYEXQI-UHFFFAOYSA-N,1,,0,0
DNRUAPLXAOKCKK-UHFFFAOYSA-N,1,,0,0
QVCUVAFTSVIFFV-TZIWHRDSSA-N,1,,0,0
UONZNMYIDNPHBF-UHFFFAOYSA-N,1,,0,0
GLBVEJHGCUMFCU-XYWHTSSQSA-N,1,7.626536278367631,2,0
ARLJJBVYIOLHMS-UHFFFAOYSA-N,1,,0,0
KYFVESQDGBCSRP-XZOQPEGZSA-N,1,,0,0
GDIAQHPBSQUEQC-UHFFFAOYSA-N,1,,0,0
OCDNUTCRNXSKHR-GFCCVEGCSA-N,1,,0,0
IZRKKTGXKLIJDE-GOSISDBHSA-N,1,7.623423042943488,1,0
YFHWGBZGWDWNRV-JHNFVTJISA-N,1,7.623423042943488,1,0
BQJVXLMFXRFJSZ-UHFFFAOYSA-N,1,7.621602099051862,1,0
KNYXBOOAPFHWMJ-UHFFFAOYSA-N,1,7.621602099051862,1,0
DCFYVNHQUVKFKK-UHFFFAOYSA-N,1,7.621602099051862,1,0
SCZQIQLIELOGMA-YHBQERECSA-N,1,7.621022758967194,2,0
LIOYKDHOQLNTTQ-UHFFFAOYSA-N,1,7.619788758288394,1,0
VHQRCCSUCSHGEI-UHFFFAOYSA-N,1,7.619788758288394,1,0
STFIELBPKGAKNX-UHFFFAOYSA-N,1,7.619788758288394,1,0
VTBKJNQAKCEEEL-UHFFFAOYSA-N,1,7.619788758288394,1,0
GFAWBYQCJNZYGH-WGSAOQKQSA-N,1,7.619788758288394,1,0
PIXTXCJJBIOUSC-MEMLXQNLSA-N,1,7.619788758288394,1,0
YIIWKHZEONNJTQ-UHFFFAOYSA-N,1,7.619788758288394,1,0
RIHMIJGXAWWJCF-UHFFFAOYSA-N,1,7.619788758288394,1,0
PEJKTDOJOAMLDH-UHFFFAOYSA-N,1,7.619788758288394,1,0
JSEGPLRTWBZZOJ-WGSAOQKQSA-N,1,7.619788758288394,1,0
KOZDJSANCQUJOB-UHFFFAOYSA-N,1,,0,0
NNIDXNUKZKKKGS-UHFFFAOYSA-N,1,,0,0
LGUYPNXAMCYIHX-UHFFFAOYSA-N,1,,0,0
HWKLICWHSIHCJT-UHFFFAOYSA-N,1,,0,0
FROJMJFJUZFRPE-UHFFFAOYSA-N,1,,0,0
JIOUQSMHLCSGTJ-UHFFFAOYSA-N,1,,0,0
IYJHSZYHBWQPAO-UHFFFAOYSA-N,1,,0,0
RLIMJSGHBMXEDY-NQIIRXRSSA-N,1,,0,0
KZRRDNCOFUHBIS-LJQANCHMSA-N,1,7.618077193025869,2,0
JCPOEWYYYWHNCO-ZWGSZDQZSA-N,1,7.617982957425132,1,0
DZDAGFDMUXEPPJ-UHFFFAOYSA-N,1,7.616184634019569,1,0
SAWRNBNIFPXPCC-YGQOYYDZSA-N,1,7.616184634019569,1,0
ICBYLQHTUDFHNY-UHFFFAOYSA-N,1,,0,0
YGCYKAKZEZYUMC-ACRUOGEOSA-N,1,7.614393726401688,1,0
UCZYAFAFGFTZEW-CYBMUJFWSA-N,1,,0,0
HIUMOAWWYUAXFP-ALOJWSFFSA-N,1,7.61261017366127,1,0
SLVMESMUVMCQIY-DIERRCTGSA-N,1,7.611649408005794,2,0
IHGOJNWFGIOWTK-UHFFFAOYSA-N,1,,0,0
KRGBBAYNHOEQOO-UHFFFAOYSA-N,1,7.609064892896621,1,0
NSKAPVHFELLKGE-UHFFFAOYSA-N,1,,0,0
SHHFQLUNMKEEAE-UHFFFAOYSA-N,1,,0,0
BTEMXIHCAGOPHX-UHFFFAOYSA-N,1,,0,0
XBPMVETTWGWOJL-SNAWJCMRSA-N,1,7.603800652904264,1,0
WBVLCBQDISBZLH-AQYVVDRMSA-N,1,7.603800652904264,1,0
CKOUWIPOSAPIGS-IYARVYRRSA-N,1,7.603800652904264,1,0
DAUWLWXYAUUDKU-AQYVVDRMSA-N,1,7.602929450040591,2,0
UAHANCCWNZGFSQ-UHFFFAOYSA-N,1,7.602825698051959,2,0
ZCDUILRTHXKGRD-UAPYVXQJSA-N,1,7.602233743873549,2,0
CEJURZXMIYUTSE-UHFFFAOYSA-N,1,7.6020599913279625,1,0
ZCOIFCGQTTYDFL-CMDGGOBGSA-N,1,7.6020599913279625,1,0
ACRDOIMNOGBPSA-UHFFFAOYSA-N,1,7.6020599913279625,1,0
HGJYUXFMUSKRHL-UHFFFAOYSA-N,1,7.6020599913279625,1,0
RNAXJKKVCJEZIO-UHFFFAOYSA-N,1,,0,0
MTISNBALOIDBIX-UHFFFAOYSA-N,1,,0,0
GTCKXYHDIZJJHT-KESTWPANSA-N,1,,0,0
BKGCONUTJMJLTI-SAIGFBBZSA-N,1,7.601365675461608,2,0
UFCMGCDUCCOYEK-UHFFFAOYSA-N,1,,0,0
FFKSIHLRCNTALR-UHFFFAOYSA-N,1,,0,0
COCBRLNWXSGWJZ-UHFFFAOYSA-N,1,7.599980364934842,3,0
QCUYPKBVNBHYOZ-RXAXNXDRSA-N,1,7.599980364934842,1,0
AGQAAIRBRCRFGB-UHFFFAOYSA-N,1,7.599980364934842,1,0
ZSHABDJGHVJYOC-HKNRPGJNSA-N,1,7.599980364934842,1,0
IQHWFEDHUISJOL-UHFFFAOYSA-N,1,7.599980364934842,1,0
IJPGGHONVGTCOX-UHFFFAOYSA-N,1,7.599980364934842,1,0
XAJQNKDFXICIIO-UHFFFAOYSA-N,1,7.599980364934842,1,0
WXWUAAQDRLQFOP-OKDASEJXSA-N,1,7.599980364934842,1,0
YUOYSSGZLHUBKV-UHFFFAOYSA-N,1,7.599980364934842,1,0
XLPDEXDTJMFWSC-NVXWUHKLSA-N,1,7.599980364934842,1,0
VXTBATODBHMPJK-UHFFFAOYSA-N,1,7.599980364934842,1,0
SJYYFOFHDQCHFJ-UHFFFAOYSA-N,1,7.599980364934842,1,0
PYDCBKVOIWIWLP-UHFFFAOYSA-N,1,7.599980364934842,1,0
KHTUQDQSUXMHQA-UHFFFAOYSA-N,1,7.599980364934842,1,0
RTMHXVRCXRAHLV-UHFFFAOYSA-N,1,7.599980364934842,1,0
JCUBTYXXBDFOHF-UHFFFAOYSA-N,1,7.599980364934842,1,0
XJLKTBWZJKVXJX-UHFFFAOYSA-N,1,7.599980364934842,1,0
UHZJBSJVGFOSSA-UHFFFAOYSA-N,1,7.599980364934842,1,0
DYDLMZLLICKPBG-UHFFFAOYSA-N,1,7.599980364934842,1,0
RLYPJRVMOKDHBV-UHFFFAOYSA-N,1,7.599980364934842,1,0
BLMDJHOZZKURJN-ZDUIXAHXSA-N,1,7.599980364934842,2,0
VLOIKNXQTLFVIH-OKDJAKQTSA-N,1,7.599980364934842,2,0
RITZJRAUYHPYLW-UHFFFAOYSA-N,1,7.599980364934842,1,0
VYMPWSGDTBOYFF-CTNGQTDRSA-N,1,7.599980364934842,1,0
BZKAUGWCSKECDP-CTNGQTDRSA-N,1,7.599980364934842,1,0
WMFCPIPAGHYFMC-UHFFFAOYSA-N,1,,0,0
NABRVDOPGSXUEG-UHFFFAOYSA-N,1,,0,0
SFTJDRYGJIVCSK-UHFFFAOYSA-N,1,,0,0
RJFINFRRQCTSTE-JKIUYZKVSA-N,1,7.596364810209452,2,0
UCFHTPVUEFOLHG-UHFFFAOYSA-N,1,,0,0
JPVBGGFMPCPVDU-JUUMZCOKSA-N,1,7.5951662833800615,1,0
VWOPHJNKQUYGLG-UHFFFAOYSA-N,1,,0,0
MSFHSIRZEOQLNY-UHFFFAOYSA-N,1,,0,0
XTWUNLMHXDDOMD-SNVBAGLBSA-N,1,7.443697499232712,1,0
RZJRKBKBJHIRPW-UHFFFAOYSA-N,1,7.5934598195660445,1,0
ZFMUBWAYZJMZAS-UHFFFAOYSA-N,1,,0,0
BYKIDBIDJRZMKJ-UHFFFAOYSA-N,1,,0,0
RMMKIMOPSINPOU-UHFFFAOYSA-N,1,,0,0
VDOKRNXOPISLCW-UHFFFAOYSA-N,1,,0,0
AVJAAHWPEDARHN-MXVIHJGJSA-N,1,7.58838029403677,1,0
YEWGIGCYIAMFMA-UHFFFAOYSA-N,1,7.49069759488882,2,0
KXTRJGKHZNBLEN-UHFFFAOYSA-N,1,,0,0
XZIQPBDZWFZJRV-UHFFFAOYSA-N,1,7.585348113584487,2,0
YGHLYBIUVOLKCV-SMDDNHRTSA-N,1,7.585026652029182,3,0
YKCHNWKXANLFGS-WGSAOQKQSA-N,1,7.585026652029182,1,0
DNKCJBSJSPBJID-ZHACJKMWSA-N,1,7.585026652029182,1,0
ZMVDAQVAKLTNRL-UHFFFAOYSA-N,1,7.585026652029182,9,0
HXAVSZOPACOYAR-UHFFFAOYSA-N,1,,0,0
XFLGSSQRQNMLNA-UHFFFAOYSA-N,1,,0,0
KJARUWIFRQEXIR-FQEVSTJZSA-N,1,,0,0
KLCDWOVKIZMAPZ-UHFFFAOYSA-N,1,,0,0
YXHFQYAAKKMELH-UHFFFAOYSA-N,1,,0,0
KVGNSDMVYWRLTG-UHFFFAOYSA-N,1,,0,0
RRSUWPYFZSEELD-GCJKJVERSA-N,1,,0,0
GFXGGKFVAYIGGO-PWIZWCRZSA-N,1,,0,0
MGPBHFVVGJDFMY-UZLBHIALSA-N,1,,0,0
UUDQCIUOURNBBY-UHFFFAOYSA-N,1,,0,0
BSEWDIKTFVQRJH-UHFFFAOYSA-N,1,,0,0
QYLUGTRKTMWTBF-IFMALSPDSA-N,1,,0,0
AAPXNHMQKBDDJN-AVRDEDQJSA-N,1,,0,0
KVMPVICKYUXJEP-KESTWPANSA-N,1,7.573488738635425,1,0
KCEQDWPBQZMSEE-UHFFFAOYSA-N,1,,0,0
HXKJNNJRMGHSRM-UHFFFAOYSA-N,1,,0,0
IZROAUDTDDADJI-UHFFFAOYSA-N,1,,0,0
BGRFOPBDZYUOMJ-CTNGQTDRSA-N,1,,0,0
GFXGGKFVAYIGGO-DBVUQKKJSA-N,1,,0,0
BKIDSLXJSKMVCJ-UHFFFAOYSA-N,1,,0,0
DAPKZSBUPLWYBG-CCEZHUSRSA-N,1,7.568636235841012,1,0
BMPOKXVXNLPKTD-UHFFFAOYSA-N,1,7.568636235841012,2,0
BIWLJQPOPQOPKB-KBXCAEBGSA-N,1,7.568636235841012,2,0
VAYOSLLFUXYJDT-RDTXWAMCSA-N,1,7.568636235841012,1,0
TTWJBBZEZQICBI-UHFFFAOYSA-N,1,7.568636235841012,1,2
WYEGTIGJSHGEID-UHFFFAOYSA-N,1,7.568636235841012,1,0
ZRBHAKYJDKFUAO-UHFFFAOYSA-N,1,7.568636235841012,1,0
JUJJUAKPUFHLKF-UHFFFAOYSA-N,1,7.619788758288394,7,0
KUPPIFHNMMBQBH-UHFFFAOYSA-N,1,7.568636235841012,1,0
OYKQSDLPRQMVDA-UHFFFAOYSA-N,1,,0,0
FRRINSVGAXZLRR-UHFFFAOYSA-N,1,,0,0
AFRMZBRXLCZGJQ-UHFFFAOYSA-N,1,,0,0
SAWRNBNIFPXPCC-NJDAHSKKSA-N,1,7.567030709125595,1,0
CKAFITNCAHORFQ-IYARVYRRSA-N,1,7.567030709125595,1,0
HWSGUVGRRBAPDE-UHFFFAOYSA-N,1,,0,0
JCOIGYVGPKMQRM-XUTJKUGGSA-N,1,7.5638373529592435,2,0
DZCDJCMQDIXJFE-UHFFFAOYSA-N,1,,0,0
RHBIYVUWPQXJFC-WGSAOQKQSA-N,1,7.5616158929652855,2,0
AIBTZGIRNIYBBE-OWOJBTEDSA-N,1,,0,0
FAZGZSIAUUOWKB-UHFFFAOYSA-N,1,,0,0
NJWJNUICFXYOOZ-UHFFFAOYSA-N,1,,0,0
DWUAAOIZQFTYQP-INIZCTEOSA-N,1,7.559090917934782,1,0
RLVPJHQAQHSEHQ-XYWHTSSQSA-N,1,7.558776325757387,2,0
NVVFACNDFFNYNI-UHFFFAOYSA-N,1,7.557520230935552,1,0
TVWNOPFEOFGKFJ-UHFFFAOYSA-N,1,9.769551078621726,1,0
LSKZCQKQGRUHKQ-QWFCFKBJSA-N,1,7.556580538217183,2,0
HFPHPWOFSUNVRW-QIBJJAHESA-N,1,,0,0
RGVJFPMOLSXLGJ-UHFFFAOYSA-N,1,7.555955204081924,1,0
OZCCDFXOCARGSE-UHFFFAOYSA-N,1,,0,0
KFWJKLDOLDILRK-UKILVPOCSA-N,1,,0,0
CSFWIRRKNFTOOA-UHFFFAOYSA-N,1,,0,0
HTQLYZCPYPEYGO-UHFFFAOYSA-N,1,7.552841968657781,1,0
RFIMVYUKZRXUJB-UHFFFAOYSA-N,1,7.552841968657781,2,0
SIPNIUHKEGJHLT-UHFFFAOYSA-N,1,7.552841968657781,1,0
GXSHYUZVUITRKF-UHFFFAOYSA-N,1,7.552841968657781,1,0
FPECFHTXABEENA-UHFFFAOYSA-N,1,7.552841968657781,1,0
WBZXILODXAKGQO-UHFFFAOYSA-N,1,7.552841968657781,1,0
MYGPMZFDKMFNEY-UHFFFAOYSA-N,1,7.552841968657781,1,0
IAGDALNWLBGHNU-LJQANCHMSA-N,1,7.552841968657781,1,0
ABHVAQKOVOLZPM-QAQDUYKDSA-N,1,7.552841968657781,1,0
MHYHDPMWTXPZLG-JKIUYZKVSA-N,1,7.552841968657781,1,0
HFBUDRQPMNDKTM-UHFFFAOYSA-N,1,,0,0
QEYMQXWYAIZBBS-UHFFFAOYSA-N,1,,0,0
MAQDCPYEDSDANP-UHFFFAOYSA-N,1,,0,0
XCLOPBYSKIWJNJ-FTJBHMTQSA-N,1,,0,0
DMESLZJUXZVTNG-PGWJBFNOSA-N,1,7.5503673495299255,2,0
PWBXUBVXWIRMLW-UHFFFAOYSA-N,1,,0,0
ZCYVHRJTZKPWLB-UHFFFAOYSA-N,1,,0,0
QVNYQMPOJPXEFQ-UHFFFAOYSA-N,1,7.550007718725304,2,0
SJJCRPJMKKRQSW-UHFFFAOYSA-N,1,7.549999809931045,2,0
WISDAZOFOXOZSE-UHFFFAOYSA-N,1,,0,0
WQUZZFHQRGWHPE-UHFFFAOYSA-N,1,7.546681659952962,1,0
NWVMEGNJSPJMDY-UHFFFAOYSA-N,1,7.537602002101044,1,0
YUYHUMKSDMTUIW-KRWDZBQOSA-N,1,,0,0
RBGONAOLWTWGIH-HBCBNPTOSA-N,1,7.540607512240769,1,0
OEQABNLZLBEHPD-SSGKUCQKSA-N,1,7.540607512240769,1,0
FYWWZJPZGSOQHH-UHFFFAOYSA-N,1,7.540004743952609,1,0
XRDPJIJIWYVCKW-XMSQKQJNSA-N,1,,0,0
VIESVSSRMWPJQT-UHFFFAOYSA-N,1,,0,0
BISVFNHMXVNVMG-UHFFFAOYSA-N,1,7.539102157243452,3,0
LBPUETWJEXSMTI-UHFFFAOYSA-N,1,7.539102157243452,1,0
XVKBKIBQGMWRDG-UHFFFAOYSA-N,1,7.538803373026827,2,0
DQNCRNVCBHYBQP-UHFFFAOYSA-N,1,7.537602002101044,1,0
WKRNNVUISXJKDT-MEMLXQNLSA-N,1,7.537602002101044,1,0
OUUMPVSFLSOGJZ-BGYRXZFFSA-N,1,7.537602002101044,1,0
GNCURQFERCHEMV-UHFFFAOYSA-N,1,7.537602002101044,1,0
LMWAUEIFLCRUHZ-UHFFFAOYSA-N,1,7.537602002101044,1,0
QHTFQZNDPJWDIE-UHFFFAOYSA-N,1,7.537602002101044,1,0
UVSFXLJLPPIILC-UHFFFAOYSA-N,1,7.537602002101044,1,0
LRBUVURCWWAQQT-KRWDZBQOSA-N,1,7.537602002101044,1,0
VMQHOVDFWBZTMR-UHFFFAOYSA-N,1,,0,0
MNHUYGGZIREYSK-UHFFFAOYSA-N,1,,0,0
KDBGYTXPYZAGHW-UHFFFAOYSA-N,1,,0,0
DKWMITGGRKWYMS-UHFFFAOYSA-N,1,7.534617148551582,1,0
HOFUBOSPQUNORR-UHFFFAOYSA-N,1,,0,0
YMJIJWNRDYCZCK-UHFFFAOYSA-N,1,,0,0
WURHPBCTBQAVRU-OFNKIYASSA-N,1,,0,0
XIHOJUYAGODVFH-JTSKRJEESA-N,1,,0,0
SNOYXNAOKVYMSM-UHFFFAOYSA-N,1,,0,0
XUIZPQCWJRMJBY-UHFFFAOYSA-N,1,,0,0
NRXPFRHREANWEK-NOZRDPDXSA-N,1,,0,0
BYQZQCQTOJRIAC-UHFFFAOYSA-N,1,,0,0
GFMAXQNKPHDTKL-UHFFFAOYSA-N,1,,0,0
CMIREZHKYCLJMD-UHFFFAOYSA-N,1,7.525105020542769,2,0
UQCBELLMLIDZHN-UHFFFAOYSA-N,1,,0,0
GCWICAXLFBBMBG-UHFFFAOYSA-N,1,,0,0
FBCAOCCMIHULCW-UHFFFAOYSA-N,1,7.522878745280337,1,0
DVYJEJMZLCRJNO-UHFFFAOYSA-N,1,7.522878745280337,1,0
KNNFNZWUUKLWQS-UHFFFAOYSA-N,1,7.522878745280337,1,0
JKPISQIIWUONPB-HNNXBMFYSA-N,1,7.04566099139754,1,0
XPRRZXPFKHAHFH-MXVIHJGJSA-N,1,7.522878745280337,1,0
TVIKHTHPGBUJNY-LZCJLJQNSA-N,1,7.51999305704285,1,0
DHRNJGBBGGOCDQ-UHFFFAOYSA-N,1,7.51999305704285,1,0
KIRKSXHWZHQUBF-YJIPECKFSA-N,1,7.519147107998747,2,0
UJSHEWCIOJAMMI-UHFFFAOYSA-N,1,7.518557371497695,1,0
FJXRWQLSUYHSFX-RUZDIDTESA-N,1,7.518557371497695,1,0
LJEOXWDSLFLRNN-AQYVVDRMSA-N,1,7.518557371497695,1,0
QIUNPJREZURMGC-RFNIIBAYSA-N,1,,0,0
NEGKSWMIZLWJGG-UHFFFAOYSA-N,1,,0,0
XRDPJIJIWYVCKW-GCJKJVERSA-N,1,,0,0
OEUUCWVHNBAMPM-KRWDZBQOSA-N,1,,0,0
FKFXRRIOERUHEP-UHFFFAOYSA-N,1,,0,0
KNWOHCMLVYZTJW-IYARVYRRSA-N,1,7.514278573518419,1,0
PAAYROHKUKZSEG-UHFFFAOYSA-N,1,,0,0
PJDIIZOQXMDDPU-HKJJFUAXSA-N,1,7.510041520575165,1,0
ZJQAMIJDWJOQRB-UHFFFAOYSA-N,1,,0,0
ZHDNXHKBRYCOSE-UHFFFAOYSA-N,1,7.509339913370447,2,0
FPHFICIJDHPAHE-MOPGFXCFSA-N,1,7.508638306165727,1,0
LGHLMADLDHUIJY-MQSINFNDSA-N,1,7.508638306165727,1,0
XENOVTACOQTPTE-UHFFFAOYSA-N,1,7.508638306165727,1,0
LEBXHMQTGORPIS-NGRWLJPCSA-N,1,7.508638306165727,1,0
ZMVCPWQWTYDCHV-UHFFFAOYSA-N,1,7.508638306165727,1,0
UPKRQORUWZHUIP-UHFFFAOYSA-N,1,7.508638306165727,1,0
SCUPEGWTGGLXHI-UHFFFAOYSA-N,1,7.508638306165727,1,0
ZNZYEIAZHCDSRA-UHFFFAOYSA-N,1,7.508638306165727,1,0
KAXPLEDCXIAJCF-UHFFFAOYSA-N,1,7.508638306165727,1,0
ANQRPBNHSKJQGO-KRWDZBQOSA-N,1,,0,0
ADDKZOUNFAZVBP-NVNZTLJMSA-N,1,,0,0
YWGRHHHDROUELZ-UHFFFAOYSA-N,1,7.507239610973162,1,0
FUAJGUYRNZZDBH-WGSAOQKQSA-N,1,7.507239610973162,1,0
QFHMBWDXZWRJJD-HRAATJIYSA-N,1,,0,0
NLRLHXJCWYCRGC-XXBNENTESA-N,1,,0,0
IARMAQZFHNEVDV-UHFFFAOYSA-N,1,,0,0
HDSARMPSJMIESZ-ZZXKWVIFSA-N,1,7.503070351926786,1,0
BYXLAWSTXWDXIK-UHFFFAOYSA-N,1,,0,0
ILSVAZDAOVUDJJ-QAQDUYKDSA-N,1,7.500312917381596,1,0
AMIGTUQPTNLQHG-UHFFFAOYSA-N,1,,0,0
RJZDQOPJWQCJET-UHFFFAOYSA-N,1,,0,0
SXSCQNHPXUWSQP-UHFFFAOYSA-N,1,7.50003813440381,1,0
JOZMHQIYXRYITJ-UHFFFAOYSA-N,1,7.50003813440381,1,0
ZTSFFHIKWHSHGP-UHFFFAOYSA-N,1,7.50003813440381,1,0
UALAMQRWRIVLLQ-UHFFFAOYSA-N,1,7.50003813440381,1,0
BYMRLNXYRMIIKD-UHFFFAOYSA-N,1,7.50003813440381,1,0
SVBOCVYSHIJYID-UHFFFAOYSA-N,1,7.50003813440381,1,0
LOCFLSUOTBZXEU-UHFFFAOYSA-N,1,7.50003813440381,2,0
CLLQEXUCEWAACY-UHFFFAOYSA-N,1,7.50003813440381,1,0
KYPWROFHQUYOCS-UHFFFAOYSA-N,1,7.50003813440381,1,0
GSIRAOVJCFHRIN-UHFFFAOYSA-N,1,7.50003813440381,1,0
ZAQRAMOSIJBUNZ-FRVXLURUSA-N,1,7.50003813440381,1,0
HURBEFKRLRSDKC-UHFFFAOYSA-N,1,7.50003813440381,1,0
HXLACIAZOWDZEP-UHFFFAOYSA-N,1,7.50003813440381,1,0
YANOQHGMWHDKKI-UHFFFAOYSA-N,1,7.50003813440381,1,0
SYOADIUGRJTHHU-UHFFFAOYSA-N,1,7.50003813440381,1,0
YVENIGOVHPMTDH-UHFFFAOYSA-N,1,7.50003813440381,1,0
KGGHECZDYBMALC-UHFFFAOYSA-N,1,,0,0
YFQOPLHEALSEEL-UHFFFAOYSA-N,1,7.494850021680094,1,0
GRGMUZDLZOQJFY-UHFFFAOYSA-N,1,7.497572880015567,1,0
LJYNWWWADGCGMQ-UHFFFAOYSA-N,1,,0,0
KFWGIYRNIFINTL-MXVIHJGJSA-N,1,7.494850021680094,1,0
XULRRHPSHZGOJX-WGSAOQKQSA-N,1,7.494850021680094,1,0
CHELUMIQBPPRGN-KESTWPANSA-N,1,7.494850021680094,1,0
RGVVYJTVAURUOT-UHFFFAOYSA-N,1,7.494850021680094,1,0
VZDVSSOINOOOOJ-ZDUSSCGKSA-N,1,7.494850021680094,1,0
NOWHSPBMDLMCKJ-UHFFFAOYSA-N,1,7.494850021680094,1,0
CUAINFDJRFUIDT-UHFFFAOYSA-N,1,,0,0
ZCBXYIZYCUOYFO-FPOVZHCZSA-N,1,,0,0
CILIRIYREOCHIN-UHFFFAOYSA-N,1,,0,0
YMLDFYDEWIBRLP-UHFFFAOYSA-N,1,,0,0
AVKICTLBRHZUTM-UHFFFAOYSA-N,1,,0,0
HAQWHYZIBLSPID-UHFFFAOYSA-N,1,7.492144128304169,1,0
GMEKBIQFYDAEOK-BRLLKYFNSA-N,1,7.492144128304169,1,0
UTXSOICYDAGUJA-UHFFFAOYSA-N,1,,0,0
NCKUNUUYANLHKE-UHFFFAOYSA-N,1,,0,0
YFSQZKVPESKTJY-UHFFFAOYSA-N,1,7.489991487059765,1,0
NQKMYRGFSYIPHF-UHFFFAOYSA-N,1,7.489991487059765,1,0
XRDPJIJIWYVCKW-AVRDEDQJSA-N,1,,0,0
NROVFAZNNKPZNQ-YZSQISJMSA-N,1,,0,0
UNDYONYPTZDMOJ-UHFFFAOYSA-N,1,,0,0
LDYSMWZYEMTWHM-UHFFFAOYSA-N,1,7.486782399932061,1,0
BAIQIYFEFBFWGO-UHFFFAOYSA-N,1,,0,0
OCLIEDSOSAGNEM-JCNLHEQBSA-N,1,7.485850865524562,2,0
NIMQPLYMAJLLNI-LJQANCHMSA-N,1,7.485738773590938,2,0
IXDPGYMHLOZKPR-ZWGSZDQZSA-N,1,7.485452247339714,1,0
VSBFNECEOCOOHP-UHFFFAOYSA-N,1,,0,0
FJUKDAZEABGEIH-UHFFFAOYSA-N,1,,0,0
MHFKMHGOYNDZEI-UHFFFAOYSA-N,1,7.482540173459768,1,0
WMLONRUBOXAPOV-UAPYVXQJSA-N,1,7.482540173459768,2,0
CTDCQQXDSZWWIE-HRAATJIYSA-N,1,,0,0
OCWWFSWSVBBJST-UHFFFAOYSA-N,1,7.481486060122112,1,0
VPBJNBUDASILSQ-INIZCTEOSA-N,1,7.481486060122112,1,0
DWEHMLBGRQZUJA-UHFFFAOYSA-N,1,7.481486060122112,9,0
HVGNYVOUQOKFLU-UHFFFAOYSA-N,1,7.481486060122112,1,0
MPXAUEBSMOIQSB-UHFFFAOYSA-N,1,7.481486060122112,1,0
UJBLYPURSDWDKF-IYARVYRRSA-N,1,7.481486060122112,1,0
AIEYTUOHPYHFSW-UHFFFAOYSA-N,1,,0,0
XGZRYSMNJLSRLE-UHFFFAOYSA-N,1,,0,0
FBROEXNVPDFFCE-IBGZPJMESA-N,1,,0,0
LDYNPLDFSVHFFC-UHFFFAOYSA-N,1,,0,0
SSEVMIWXQHHFRF-UHFFFAOYSA-N,1,7.4800408192479315,1,0
GZPSXBZOGITRGD-UHFFFAOYSA-N,1,,0,0
MNUMQOWSJLDQOS-QGZVFWFLSA-N,1,7.475003571539928,2,0
AKMKMWQSLNWMNJ-UHFFFAOYSA-N,1,7.474955192963154,1,0
MVXQZFLJPQIVSR-UHFFFAOYSA-N,1,,0,0
RGBNGNXRVODGQZ-UHFFFAOYSA-N,1,,0,0
WKJMTLYAUGYPDE-IFMALSPDSA-N,1,,0,0
FWGBSERBTNODSZ-MEMLXQNLSA-N,1,,0,0
FKBRVKLQNBDXPE-UHFFFAOYSA-N,1,,0,0
HWZBTMUYGJHELF-WGSAOQKQSA-N,1,7.471083299722345,1,0
SPNOQIXRXOSYME-UHFFFAOYSA-N,1,,0,0
MWLMSEXRHBMQDW-UHFFFAOYSA-N,1,7.470056598341331,1,0
UUTWNAKPHRTMAJ-UHFFFAOYSA-N,1,,0,0
SREQHVVABVWCKT-APWZRJJASA-N,1,,0,0
CQNWLYUGTVHPNE-TZIWHRDSSA-N,1,,0,0
RSCLYSXBPPXRCJ-UHFFFAOYSA-N,1,,0,0
GFXGGKFVAYIGGO-UHFFFAOYSA-N,1,,0,0
WHJLICHULFVCIM-UHFFFAOYSA-N,1,,0,0
AERWLNZHDGJKMO-MRXNPFEDSA-N,1,7.468521082957745,1,0
UQYZSEJGPCJXFW-XYWHTSSQSA-N,1,7.468521082957745,2,0
NJUGOZRVZRFICX-UHFFFAOYSA-N,1,,0,0
XGWUEDFPOSFGBM-QAQDUYKDSA-N,1,7.467245621007502,1,0
VDIKOHJQRNCQAT-UHFFFAOYSA-N,1,,0,0
DIQJJEOAZURXOK-NSHDSACASA-N,1,,0,0
NRDVHLCWWMDXNA-UHFFFAOYSA-N,1,,0,0
HZEVDVGPBUFIAW-UHFFFAOYSA-N,1,,0,0
BTXNYTINYBABQR-UHFFFAOYSA-N,1,7.462180904926726,1,0
NWRMHPCLJKTXHZ-UHFFFAOYSA-N,1,,0,0
ITNGDGJSTGEEEQ-AQYVVDRMSA-N,1,7.460923901207224,1,0
SYYRUOMUJYFAJE-UHFFFAOYSA-N,1,,0,0
HYGWSJJGGPMNNN-KESTWPANSA-N,1,7.45717457304082,2,0
VZCQCONTEBWWMW-BUHFOSPRSA-N,1,7.455931955649724,1,0
GGNXXNYKGWVORA-UHFFFAOYSA-N,1,7.455931955649724,1,0
HHPXXUVAVCXMQF-UHFFFAOYSA-N,1,7.455931955649724,1,0
IVVUETVVMPRMEL-UHFFFAOYSA-N,1,7.455931955649724,1,0
ONJDZQVJGPGRAN-UHFFFAOYSA-N,1,,0,0
ZDOKZVOMQRCQDR-ALOJWSFFSA-N,1,7.454692883534176,2,0
FIZAPBXYZQYEQQ-JKIUYZKVSA-N,1,7.454321850207974,2,0
WZPFDUCGTCDHML-UHFFFAOYSA-N,1,,0,0
CSFWIRRKNFTOOA-FQEVSTJZSA-N,1,,0,0
DSDJYAZONQZKBJ-UHFFFAOYSA-N,1,,0,0
PTYKCMYOCGOEMO-IZZNHLLZSA-N,1,,0,0
JLZIBIQTDGMAFZ-UHFFFAOYSA-N,1,7.450996737974212,1,0
MDRPHHDESWTRFX-UHFFFAOYSA-O,1,7.450996737974212,1,0
ACKJXZGTUCARLB-UGKGYDQZSA-N,1,,0,0
GWXIZHPBMCIUCC-UHFFFAOYSA-N,1,,0,0
VGARNUPXALCIJC-UHFFFAOYSA-N,1,,0,0
QIYZGXQRUURDLK-HOJAQTOUSA-N,1,,0,0
JUQLTPCYUFPYKE-UHFFFAOYSA-N,1,,0,0
HIPKZAPXNSTELT-UHFFFAOYSA-N,1,7.443697499232712,1,0
BLTHFABFQPUZNT-UHFFFAOYSA-N,1,7.447331783887806,1,0
JCSJNNBJTFWLCL-UHFFFAOYSA-N,1,,0,0
PAFOMDPWWHFCGE-LLVKDONJSA-N,1,7.446116973356125,1,0
SEAGRPUHJMFFQR-UHFFFAOYSA-N,1,7.446116973356125,1,0
CVJYJKRPDVXLEY-UHFFFAOYSA-N,1,7.443697499232712,1,0
JSFVESKREDQPEC-OAQYLSRUSA-N,1,7.443697499232712,1,0
GLKCCTUKWPNZKT-UHFFFAOYSA-N,1,7.443697499232712,1,0
GGNXXNYKGWVORA-ZDUSSCGKSA-N,1,7.443697499232712,1,0
LQTCRFLMOJHQHE-UHFFFAOYSA-N,1,7.443697499232712,1,0
VWTCRTQGMATJRY-HCGLCNNCSA-N,1,,0,0
XCLOPBYSKIWJNJ-IZZNHLLZSA-N,1,,0,0
FWEPTGIQTOSNDF-UHFFFAOYSA-N,1,,0,0
ZZDBZNUPBFQLAW-UHFFFAOYSA-N,1,,0,0
HTSNFXAICLXZMA-CYBMUJFWSA-N,1,7.601020178131402,4,0
HMSZCGYHVDSIIK-UHFFFAOYSA-N,1,7.440093374963888,1,0
TZVLEJPHIWREPX-UHFFFAOYSA-N,1,,0,0
FXIOLEMXUYMYEG-NLFFAJNJSA-N,1,,0,0
YSOFLAUQLXWHBW-UHFFFAOYSA-N,1,,0,0
NIENYVQCIJZKMD-UHFFFAOYSA-N,1,,0,0
LVAZPFMWSRDRRK-UHFFFAOYSA-N,1,7.436447600817596,2,0
RAPBVKVRRNGNRM-UHFFFAOYSA-N,1,,0,0
WQOCUOYKDKZARU-UHFFFAOYSA-N,1,,0,0
ORDQHUBWYZCTMA-UHFFFAOYSA-N,1,7.432973633840939,1,0
UBFCDXVLKFOOGL-UHFFFAOYSA-N,1,7.431798275933005,1,0
VZDVSSOINOOOOJ-UHFFFAOYSA-N,1,7.431798275933005,1,0
KDFKJOFJHSVROC-UHFFFAOYSA-N,1,,0,0
IQWDNJHMRMQNHR-UHFFFAOYSA-N,1,7.429457060118103,1,0
VYCBASLVLXPETI-UHFFFAOYSA-N,1,,0,0
KDFKJOFJHSVROC-INIZCTEOSA-N,1,,0,0
ZYBLSQVXWVJACW-UHFFFAOYSA-N,1,7.427740917001858,2,0
AODRELZHCYHJFT-XLIONFOSSA-N,1,,0,0
GXVCWWLYAQAZCU-MXVIHJGJSA-N,1,7.424812155072339,1,0
STFWZQBPNBNMOE-UHFFFAOYSA-N,1,,0,0
NZDANPPRKVYGPL-UHFFFAOYSA-N,1,,0,0
NVECQJGBKKFGEZ-UHFFFAOYSA-N,1,,0,0
NFSPCYDPWHESER-UHFFFAOYSA-N,1,,0,0
XXFDUBQKUBCCOE-DIBLIPFTSA-N,1,7.421360790031928,1,0
PMYFBYDQSGEVHT-DBTMUERSSA-N,1,7.421360790031928,1,0
NRSBRNRWCATXOT-FQEVSTJZSA-N,1,,0,0
QRBZSMMRXSQZLL-UHFFFAOYSA-N,1,7.42021640338319,1,0
SJDOMIRMMUGQQK-UHFFFAOYSA-N,1,7.42021640338319,1,0
OEJDOSDQLNSUBL-UHFFFAOYSA-N,1,7.42021640338319,1,0
DTUIKCYPLPUCPC-UHFFFAOYSA-N,1,7.42021640338319,1,0
LCQHZYPIAQQJES-UHFFFAOYSA-N,1,7.42021640338319,1,0
IJSPBXBGZJAXBL-UHFFFAOYSA-N,1,7.42021640338319,1,0
JTMYPGNBDACXLP-AFARHQOCSA-N,1,7.42021640338319,1,0
VAGLBALSMGUHAJ-UHFFFAOYSA-N,1,,0,0
SQGWMVXOYSHVTI-UHFFFAOYSA-N,1,,0,0
NNECCFXSSVWBTA-XUTJKUGGSA-N,1,7.4179366370882915,1,0
WYXKJCLEMKQLEU-OAQYLSRUSA-N,1,7.417272480038916,2,0
CNROBRSRSPCLEA-AFARHQOCSA-N,1,7.413637776692134,2,0
RCDFXVQYMDZBNQ-UHFFFAOYSA-N,1,7.413412695328245,1,0
JTLPQCZWUVHUDG-MEMLXQNLSA-N,1,,0,0
XTKNAIQXSUEZPU-AWEZNQCLSA-N,1,7.410050398674292,1,0
CUKXVIBQJUBHRB-UHFFFAOYSA-N,1,7.410050398674292,1,0
DWMNREQVNSYYID-WGOQTCKBSA-N,1,7.409492895823896,6,0
BXGMQIUZTIUQRE-KESTWPANSA-N,1,7.409381051793422,2,0
INHFSVLNFMQBGJ-OUKQBFOZSA-N,1,7.4089353929735005,1,0
LOJUPRHIDKSORB-UHFFFAOYSA-N,1,7.4089353929735005,1,0
ZYNARRKYWSBPBI-UHFFFAOYSA-N,1,7.4089353929735005,1,0
TZTXMZAJTSHRRT-UHFFFAOYSA-N,1,,0,0
VFGWQQNKIVMZLG-UHFFFAOYSA-N,1,,0,0
BKXQCWSMFGHWQZ-UHFFFAOYSA-N,1,,0,0
CNIUTIHLBNEOKA-UHFFFAOYSA-N,1,7.404064992277639,2,0
OJVDNCHTCHUSCE-HSZRJFAPSA-N,1,,0,0
ZRPHNBZAKYUMQJ-UHFFFAOYSA-N,1,7.402304814074488,1,0
GNSTWTHQXOJWPR-UHFFFAOYSA-N,1,,0,0
MCSZDZVTMAGPMA-UHFFFAOYSA-N,1,7.400007822415902,3,0
OSSGYBFCUFQSTI-UHFFFAOYSA-N,1,7.400007822415902,3,0
QZPFGFWFHKJBJX-FLIBITNWSA-N,1,7.400007822415902,1,0
VMATXNORBZBLAE-UHFFFAOYSA-N,1,7.400007822415902,1,0
PKTRMJIQNXQJKK-UHFFFAOYSA-N,1,7.400007822415902,1,0
GGKGOXNQDZREPO-UHFFFAOYSA-N,1,7.400007822415902,1,0
XYRLMCYNIVWAAM-UHFFFAOYSA-N,1,7.400007822415902,1,0
UZYOEBMFBYDQJT-UHFFFAOYSA-N,1,7.400007822415902,1,0
YVOIVVWXMHBXQF-UHFFFAOYSA-N,1,7.400007822415902,1,0
ZENBFJWQHFZSBC-UHFFFAOYSA-N,1,7.400007822415902,1,0
FQKBVZIGJYRJIJ-UHFFFAOYSA-N,1,7.400007822415902,1,0
LAGGNVKIMAMGMQ-UHFFFAOYSA-N,1,7.400007822415902,1,0
PVPUOHNCMSOAEE-UHFFFAOYSA-N,1,7.400007822415902,1,0
MLGRCKZMFCALCK-UHFFFAOYSA-N,1,7.400007822415902,1,0
MJLHCRFMFPSGBF-UHFFFAOYSA-N,1,7.400007822415902,1,0
ACRMNEFOWLXFLY-UHFFFAOYSA-N,1,7.400007822415902,1,0
JQVYPXIHEOFUGD-UHFFFAOYSA-N,1,7.400007822415902,1,0
SRQHWWYGAZAWQB-HZPDHXFCSA-N,1,7.400007822415902,1,0
ZDHMHTKEGJLXMO-UHFFFAOYSA-N,1,7.400007822415902,1,0
QFLHFFBCSDMNNW-UHFFFAOYSA-N,1,7.400007822415902,1,0
MLUVBFQPCVSGBZ-LMTLIKQPSA-N,1,7.400007822415902,2,0
URICTYNITRPTLS-UHFFFAOYSA-N,1,7.400007822415902,3,0
JKOYRFXVLZJKAP-UHFFFAOYSA-N,1,7.400007822415902,1,0
UEDNWQXXCKIYMD-UHFFFAOYSA-N,1,7.399985366723115,2,0
DUYVMDDLFWXUHZ-UHFFFAOYSA-N,1,7.399684172594948,2,0
RJSAZDFVYLKJQV-KRWDZBQOSA-N,1,7.399462705635531,1,0
XKJWPBFAOCBQQJ-FMQUCBEESA-N,1,7.3979400086720375,1,0
BEKYXSCBRPYPCE-IRJFHVNHSA-N,1,7.3979400086720375,1,0
XSMSWEUOSDXUHZ-UHFFFAOYSA-N,1,7.3979400086720375,1,0
GTEKPTHVDJVUHM-UHFFFAOYSA-N,1,7.3979400086720375,1,0
MUVDWLPPMXZXRR-XJKSGUPXSA-N,1,7.3979400086720375,1,0
PPTCFBYLQJKXAO-UHFFFAOYSA-N,1,7.3979400086720375,1,0
HZWYVVALALXEJB-UHFFFAOYSA-N,1,7.3979400086720375,1,0
FJYOWAGOWYSGRX-UHFFFAOYSA-N,1,7.3979400086720375,1,0
UIIXJYGCNLZGHI-UHFFFAOYSA-N,1,7.3979400086720375,1,0
ASSMUHYHXZFLKM-UHFFFAOYSA-N,1,,0,0
XIPOFQVPXAIRQK-INIZCTEOSA-N,1,,0,0
HJOOPOPFMHOXPP-UHFFFAOYSA-N,1,7.396855627379818,1,0
MCHYZZVQJHNDSP-UHFFFAOYSA-N,1,,0,0
JECLSXTZIUKJEC-UHFFFAOYSA-N,1,7.393959492003946,2,0
ROGRQIGZHYODFP-JUUMZCOKSA-N,1,7.391473966422806,1,0
RVHFWBPKTMLXIB-UHFFFAOYSA-N,1,,0,0
HQAOVDGZDPFTHD-UHFFFAOYSA-N,1,,0,0
CTWAEGZNMNTFST-UHFFFAOYSA-N,1,7.389978975335855,1,0
TXMVXDBYJCUQJD-UHFFFAOYSA-N,1,7.389978975335855,3,0
REVIOUORWMQFEZ-FMQUCBEESA-N,1,7.388276691992658,1,0
WNQLAMRYPGPZKN-UHFFFAOYSA-N,1,,0,0
GWEQOXQOCNABLR-UAPYVXQJSA-N,1,7.387852161673513,2,0
WRUSBTCFXKDYJC-UHFFFAOYSA-N,1,7.3872161432802645,1,0
OUFIPQCJZNQOMQ-UHFFFAOYSA-N,1,7.3872161432802645,1,0
QQOOJNNFPCENEO-UHFFFAOYSA-N,1,7.3872161432802645,1,0
OUJRMAKUNWMZPB-UHFFFAOYSA-N,1,7.3872161432802645,3,0
RXLUSIRPKRSPGO-UHFFFAOYSA-N,1,7.3872161432802645,1,0
BMLRTLPESFVXBM-UHFFFAOYSA-N,1,7.3872161432802645,1,0
FBOQGLSPTCBDLZ-UHFFFAOYSA-N,1,,0,0
XWZPXHQBCSYDNM-BEESLVRJSA-N,1,7.383734594718292,2,0
GHYRDLJRGXMERZ-RKTRBERCSA-N,1,7.3819519032879075,2,0
HJLBJHJXDDKNRO-UHFFFAOYSA-N,1,,0,0
AAPXNHMQKBDDJN-XMSQKQJNSA-N,1,,0,0
QMUUXLBLOLIMJC-UHFFFAOYSA-N,1,,0,0
MMZIPJNBJQJCBM-UHFFFAOYSA-N,1,7.3788237182249645,1,0
FDRALTFJSNMYQH-UHFFFAOYSA-N,1,7.376750709602099,1,0
CNFWITKOFBJCHE-UHFFFAOYSA-N,1,7.376750709602099,1,0
UIGNLOIMCOMSJP-UHFFFAOYSA-N,1,,0,0
XZGWAEHXRURBSM-UHFFFAOYSA-N,1,,0,0
BVPWJMCABCPUQY-UHFFFAOYSA-N,1,7.376258869661473,2,0
MZDWSPIRGJHBII-UHFFFAOYSA-N,1,,0,0
ZMVMIDCCNZYMFG-UHFFFAOYSA-N,1,7.371611069949688,1,0
KTLQFDSKYMSRAD-UHFFFAOYSA-N,1,7.369572124974976,1,0
UPEDKGWAXYKNLY-UHFFFAOYSA-N,1,7.367542707815276,1,0
MSXGPWPTXORIBR-UHFFFAOYSA-N,1,7.367542707815276,1,0
UTFOVXIJDJSMKK-RUZDIDTESA-N,1,7.366531544420413,9,0
DTUYFIYHCUBCJI-CGAIIQECSA-O,1,,0,0
PNHVOOVVCPJXPA-QAQDUYKDSA-N,1,7.366531544420413,1,0
YKCROHAUAFLVCV-UHFFFAOYSA-N,1,,0,0
AULLQWYKPQXXNM-UHFFFAOYSA-N,1,,0,0
YIYVRBYUJQVAJR-UHFFFAOYSA-N,1,7.090443970758825,1,0
WMVSIGOLIQMRHF-UHFFFAOYSA-N,1,7.364516253185088,1,0
XTKNAIQXSUEZPU-CQSZACIVSA-N,1,7.360015751958412,1,0
DMWWEOYTOCKCTC-UZLBHIALSA-N,1,,0,0
VXNGRJYOYXAYSC-XNMGPUDCSA-N,1,,0,0
QWCRAEMEVRGPNT-UHFFFAOYSA-N,1,6.180456064458131,1,2
JVAFIFLJBRUNJB-UHFFFAOYSA-N,1,7.356547323513812,1,0
KFIJYBXSQREASD-UHFFFAOYSA-N,1,,0,0
CKXPAKSGYIPITQ-UHFFFAOYSA-N,1,,0,0
VGUQUIYJFQJLRU-UHFFFAOYSA-N,1,,0,0
LYEPPOSVDWYIOA-UHFFFAOYSA-N,1,,0,0
IVQSQRPBZRNZBV-UHFFFAOYSA-N,1,7.354577730650908,1,0
LOMLSZYPQUWCNO-KESTWPANSA-N,1,7.354577730650908,2,0
WUHZLDHICFZBCN-UHFFFAOYSA-N,1,,0,0
BNGQWOSQOPVKCC-HCGLCNNCSA-N,1,7.3535962737769305,1,0
UBLOWVVYFMMWMS-YOCNBXQISA-N,1,7.3535962737769305,1,0
JBVSQYZVCXMFCI-VAMGGRTRSA-N,1,7.35261702988538,1,0
BPQYPRDZEFGRKD-UHFFFAOYSA-N,1,7.351639989019068,1,0
FNRRHBXSSQNLPH-UHFFFAOYSA-N,1,7.349984047528162,1,0
LNAQGJPALKPMLJ-UHFFFAOYSA-N,1,7.349692476868063,1,0
SWYRWYLIJXJVNV-HCGLCNNCSA-N,1,7.349692476868063,1,0
MALMJWHGEVOLFD-UHFFFAOYSA-N,1,,0,0
KVWDHTXUZHCGIO-UHFFFAOYSA-N,1,7.3566595153225345,10,2
NBMBMTFMWYKPHV-UHFFFAOYSA-N,1,7.346787486224656,1,0
RHPCETHLGGFAQB-SHZHJNINSA-N,1,7.346787486224656,1,0
CLTAQMJYOUARDB-QHCPKHFHSA-N,1,7.346787486224656,1,0
OBZMXWUQHYLQEP-UHFFFAOYSA-N,1,,0,0
IQRVICMQFUJBJE-UHFFFAOYSA-N,1,7.345823458122039,1,0
UAYHHCOSZYIZOH-UHFFFAOYSA-N,1,,0,0
WZJSIHGOLMMBAL-MRXNPFEDSA-N,1,7.34518491628705,2,0
LUYOYJRCUNHAKE-OKDASEJXSA-N,1,7.344093581819785,2,0
XLIXPJRYIUCZIQ-HUULMPCJSA-N,1,7.343901797987169,1,0
JFDSONZAQMFHCW-UHFFFAOYSA-N,1,7.346787486224656,1,0
PZYRQKWSXFGUED-IYARVYRRSA-N,1,7.342944147142896,1,0
JVGACFJHMOKANC-UHFFFAOYSA-N,1,,0,0
KFWJKLDOLDILRK-NOZRDPDXSA-N,1,,0,0
GTBCNDPVHSBZNR-UHFFFAOYSA-N,1,7.340968332518619,2,0
HKDMXVFAYYQTRF-UHFFFAOYSA-N,1,,0,0
PWCVSHXTKFEXBF-AWEZNQCLSA-N,1,7.339988778710669,1,0
GJUDGMHZQOXKJL-UHFFFAOYSA-N,1,7.337242168318426,1,0
UQQZLMXUYGQJIW-UHFFFAOYSA-N,1,7.337242168318426,1,0
VWNMUULEHNRJQH-UHFFFAOYSA-N,1,7.337242168318426,1,0
OKHCGJQUKXTRNR-KRWDZBQOSA-N,1,,0,0
JFKCCUAHUNXNFQ-UHFFFAOYSA-N,1,,0,0
KLQDZSYTMPJBBU-UWJYYQICSA-N,1,,0,0
OBSXBRKMRKLCPZ-PNIULUOKSA-N,1,7.3348946077142365,2,0
QOEWXLMSFYFGOV-UHFFFAOYSA-N,1,,0,0
QULJKIQETSQZKV-UHFFFAOYSA-N,1,7.332632426434083,2,0
VQAXSIOYACBCCS-UHFFFAOYSA-N,1,,0,0
LIHBEDGPTZLMMR-UHFFFAOYSA-N,1,7.330683119433887,1,0
OZUAEHNGHNUWOV-MXVIHJGJSA-N,1,7.329754146925876,1,0
APXWTOJVYSVWJO-UHFFFAOYSA-N,1,,0,0
UFUQIVBOXLXINJ-NQIIRXRSSA-N,1,,0,0
QBCMSAVCLXLVLP-INIZCTEOSA-N,1,7.327902142064282,1,0
YFXWJWJZNPPTDW-UHFFFAOYSA-N,1,7.327902142064282,1,0
FVTIZFQEARZLMQ-UHFFFAOYSA-N,1,7.3260580013659125,1,0
OBIIIJJDTMSOQS-UHFFFAOYSA-N,1,7.325138859262188,1,0
SUGHICCAJLONJR-WKILWMFISA-N,1,7.325138859262188,1,0
ODBZJKXOIQSFOA-UHFFFAOYSA-N,1,7.323306390375134,4,0
QRDDKCATKOBJNH-VTVZGJJZSA-N,1,7.322758154053346,2,0
FANDJZBJYJYKGY-KESTWPANSA-N,1,7.318758762624412,1,0
MZFAZCYLMYZDDU-UHFFFAOYSA-N,1,,0,0
PRBBGEBXWKOEEQ-UHFFFAOYSA-N,1,,0,0
VZWLMLULZYPQLO-UHFFFAOYSA-N,1,,0,0
ACEAZRLEPRIAMD-WGSAOQKQSA-N,1,7.31695296176115,1,0
CUKQTCOUHQWBHN-UHFFFAOYSA-N,1,7.31340197914502,2,0
SCYQZWBAGZNIMS-UHFFFAOYSA-N,1,,0,0
PJDIIZOQXMDDPU-WIOAZZGGSA-N,1,7.309981219211305,1,0
AUCTYGBZIOGIIA-UHFFFAOYSA-N,1,7.309803919971486,1,0
SBRNDJDCLNCYMZ-UHFFFAOYSA-N,1,7.309803919971486,1,0
OLIUQFBIXLONDP-UHFFFAOYSA-N,1,,0,0
HGHZRWWRCHMWQC-ONEGZZNKSA-N,1,7.308034897232639,3,0
OSIFLXHIMKAMGZ-UHFFFAOYSA-N,1,,0,0
MULLDMIPFVHJIA-UHFFFAOYSA-N,1,7.303643611266668,1,0
PBAAFRAEWKNMJX-UHFFFAOYSA-N,1,7.3022261171713705,2,0
QUCXOFSWCJSLHA-UHFFFAOYSA-N,1,7.301029995663981,1,0
WMZWVTIIHJJKKR-UHFFFAOYSA-N,1,7.301029995663981,1,0
ZXMMZWMGSDPKNA-UHFFFAOYSA-N,1,7.301029995663981,1,0
UCQNMJXTWOYVNH-UHFFFAOYSA-N,1,7.301029995663981,1,0
DSRXHDAICZGTCK-ORBVJSQLSA-N,1,7.301029995663981,1,0
VEJVQTWUKUQWPK-KBRIMQKVSA-N,1,7.301029995663981,1,0
HSTZLQFEUGWBDW-UHFFFAOYSA-N,1,,0,0
YRCMSWAPYVIAQO-UHFFFAOYSA-N,1,,0,0
PSIMZXQMJNBYKI-UHFFFAOYSA-N,1,,0,0
KQOHKQXMRPXPAM-UHFFFAOYSA-N,1,7.299988937677888,3,0
GQTWYBPXHKYSKB-IZLXSDGUSA-N,1,7.299988937677888,1,0
TWPGFOWTCCVBGS-VMPREFPWSA-N,1,7.299988937677888,1,0
XOWASPOXQFROJP-JGKWMGOWSA-N,1,7.299988937677888,1,0
XDGZSVPHADAZSU-UHFFFAOYSA-N,1,7.299988937677888,1,0
ZLRJVNFLDHERMS-UHFFFAOYSA-N,1,7.299988937677888,1,0
JTAWXZPSQGLYQG-UHFFFAOYSA-N,1,7.299988937677888,1,0
BRPYNELBFAAPRA-UHFFFAOYSA-N,1,7.299988937677888,1,0
SATOYXZJVAZVKU-UHFFFAOYSA-N,1,7.299988937677888,1,0
WHKXNUMKCCTWNI-UHFFFAOYSA-N,1,7.299988937677888,1,0
YHBNNSZPKVUPMG-UHFFFAOYSA-N,1,7.299988937677888,1,0
HRBGKICNPOCYPZ-UHFFFAOYSA-N,1,7.299988937677888,1,0
DJHAFQLSNXBKIX-UHFFFAOYSA-N,1,7.299988937677888,1,0
NCDNWTYTZTXJIU-UHFFFAOYSA-N,1,7.299988937677888,2,0
ABSKTFYOWZQKEU-LBEPJEHYSA-N,1,7.299988937677888,1,0
PFWZDYSBLPIXBI-GLRZTSSQSA-N,1,7.299988937677888,1,0
ULMBXLAVXIEGRS-UHFFFAOYSA-N,1,7.299988937677888,1,0
HIRZFMOIKMLUHF-UTKZUKDTSA-N,1,7.299988937677888,1,0
XWXGIXOQLMBDID-UHFFFAOYSA-N,1,7.299988937677888,1,0
AEUDDHALUDWNEZ-UHFFFAOYSA-N,1,7.299988937677888,1,0
QSDLVBSOCJOFJV-FNLKRUPLSA-N,1,7.299988937677888,1,0
SIMNKURLSFAWDZ-UHFFFAOYSA-N,1,7.299988937677888,1,0
OSAUGWDHZYWLTI-UHFFFAOYSA-N,1,7.29929628285498,1,0
NQOBWBPQVJMZSQ-WUKNDPDISA-N,1,7.29929628285498,1,0
WEFCQLWBBLEXDK-SFHVURJKSA-N,1,,0,0
LSKZCQKQGRUHKQ-BJLQDIEVSA-N,1,7.298259367562787,2,0
QKVOQKSMJIDFBY-UHFFFAOYSA-N,1,,0,0
WRPZMLXFPDERQS-SFHVURJKSA-N,1,,0,0
SFBYKQFVXHFMBA-UHFFFAOYSA-N,1,7.291198562418154,2,0
UGRVOYIHHOLSHQ-UHFFFAOYSA-N,1,,0,0
RPAZQDWESIXCRX-UHFFFAOYSA-N,1,,0,0
ANPBPMHGXDWYNM-AZUAARDMSA-N,1,,0,0
XLIXPJRYIUCZIQ-IYQCHBLZSA-N,1,7.289036881004725,1,0
ADUYXHYSTCIMEO-UHFFFAOYSA-N,1,,0,0
KBVAEHJQNKKTNL-SFTDATJTSA-N,1,,0,0
KOUYZQIXUIGLHZ-UHFFFAOYSA-N,1,,0,0
FHJKGVBVLIXGIQ-CYBMUJFWSA-N,1,,0,0
OTODYHHNOABMMX-UHFFFAOYSA-N,1,7.2839966563652006,1,0
MTKHCEFATKQYMK-UHFFFAOYSA-N,1,7.2839966563652006,1,0
BXOLXXSMCLYDNG-UHFFFAOYSA-N,1,7.301573543484588,2,0
PEBYJPFREGHAND-UHFFFAOYSA-N,1,,0,0
WPYVGSUSOOZONM-UHFFFAOYSA-N,1,,0,0
UNPARBQWWULNRE-AQYVVDRMSA-N,1,7.283162276700476,1,0
NZBZRVLCAAQXCD-UHFFFAOYSA-N,1,,0,0
BLVKQYQCYGVTBD-UHFFFAOYSA-N,1,7.279840696594043,1,0
GYPMSCDWBIWORF-UHFFFAOYSA-N,1,,0,0
ARZYDJJAHRASCM-UHFFFAOYSA-N,1,7.279813124091822,2,0
KXRNXSYVAAEIGF-XLIONFOSSA-N,1,,0,0
VPXUAYLFOKMYIW-UHFFFAOYSA-N,1,,0,0
XKXPMSXRABANAG-UHFFFAOYSA-N,1,7.275724130399211,1,0
DECRCHYWYMULIA-UHFFFAOYSA-N,1,7.275724130399211,1,0
AMDRAFDQLSKJMW-UHFFFAOYSA-N,1,7.275724130399211,1,0
ZXZSMMMPXXEGFH-UHFFFAOYSA-N,1,7.275724130399211,1,0
YPEMPEGPBFGRNH-OAQYLSRUSA-N,1,7.275724130399211,1,0
PAAUBDWPMHOPRI-UHFFFAOYSA-N,1,7.275724130399211,1,0
WWLFCQLHCAEMAP-UHFFFAOYSA-N,1,,0,0
ORSIHAZQLFPIQY-UHFFFAOYSA-N,1,,0,0
KKSPKLQCAGWNKZ-UHFFFAOYSA-N,1,7.274088367704952,1,0
URRGVMZADQFXDL-UHFFFAOYSA-N,1,,0,0
GXOXNWXNCBKFTM-MEMLXQNLSA-N,1,7.267606240177031,1,0
NLTDKVOJLVQOQL-UHFFFAOYSA-N,1,,0,0
FBEPBNQZIQSTRT-UHFFFAOYSA-N,1,7.26440110030182,1,0
WLHOVCQZTZDBFS-UHFFFAOYSA-N,1,7.262807357295262,1,0
JNSGCKSGQOFGBY-KBQPQWKXSA-N,1,7.262807357295262,1,0
PNZJHNPWNQIJPQ-LJQANCHMSA-N,1,7.259637310505756,1,0
JZXUXPRHDPKHEU-UHFFFAOYSA-N,1,7.259637310505756,1,0
AKTVMLWMKKIHMI-UHFFFAOYSA-N,1,,0,0
GLVQEUAFPSVVKQ-UHFFFAOYSA-N,1,,0,0
RVFWCLJRIRUOIQ-UHFFFAOYSA-N,1,7.2541448048262716,1,0
SQLGEXQBAJPFNZ-XUTJKUGGSA-N,1,7.2541448048262716,1,0
RRBRCSSGXLKDPR-UHFFFAOYSA-N,1,,0,0
BQPNZSMRHBTJNY-UHFFFAOYSA-N,1,,0,0
RBUDKKJLRVBPDA-UHFFFAOYSA-N,1,7.251811972993799,1,0
FLHNFXPLCFJIDJ-MRXNPFEDSA-N,1,7.251811972993799,1,0
AZGSWFQAJQTIDP-UHFFFAOYSA-N,1,7.251811972993799,1,0
GISUIIBROMOYGQ-UHFFFAOYSA-N,1,7.251811972993799,1,0
XRQBUGNQFZLQGU-UHFFFAOYSA-O,1,7.251811972993799,1,0
DQMKFVKNNDMGTA-UHFFFAOYSA-N,1,7.251811972993799,1,0
WLSSDELGXZDINE-UHFFFAOYSA-N,1,,0,0
HXHZPLKJASKRCI-UHFFFAOYSA-N,1,7.250031916490597,3,0
OEUUCWVHNBAMPM-UHFFFAOYSA-N,1,,0,0
MKJHGVZTPBBKML-UHFFFAOYSA-N,1,7.247951552180561,2,0
QNRLJYNBTWBLJQ-UHFFFAOYSA-N,1,,0,0
RIRRORJZVJGNAL-LJQANCHMSA-N,1,7.246416941107094,1,0
JVTXPXRMOCVEDH-XYWHTSSQSA-N,1,7.2441251443275085,1,0
VYQGDEGEWDOYTJ-UHFFFAOYSA-N,1,,0,0
BGFGEEWUHSNXQC-UHFFFAOYSA-N,1,,0,0
IBNWNWKMISLVQT-UHFFFAOYSA-N,1,,0,0
WTEJQFJEEYZWBK-UHFFFAOYSA-N,1,,0,0
LIXJRDNPUKACMR-UHFFFAOYSA-N,1,,0,0
HAZPAMUWUHDPDA-UHFFFAOYSA-N,1,,0,0
MBWOKCNMOOTYJQ-UHFFFAOYSA-N,1,,0,0
BLYMJBIZMIGWFK-HNNXBMFYSA-N,1,7.236572006437063,1,0
MHPQCGZBAVXCGA-GFCCVEGCSA-N,1,7.230032198670558,1,0
ODRXDASPVTXFDY-UHFFFAOYSA-N,1,,0,0
PKOUVYCYGDKEDL-YBFXNURJSA-N,1,7.229884705212898,1,0
QNDFBMWALLMDKL-SIKLNZKXSA-N,1,,0,0
XQQUULUGMJTWQN-JHYNZKOVSA-N,1,,0,0
GVYUEZFLXAHJAB-UHFFFAOYSA-N,1,7.229147988357855,1,0
BARYHSADJVEXIX-HXUWFJFHSA-N,1,7.229147988357855,1,0
WCWNYVYNQAPOOX-OAHLLOKOSA-N,1,7.229147988357855,1,0
YPOPWNSAWBPGOR-UHFFFAOYSA-N,1,7.229147988357855,1,0
YXMNLDHKEGETAO-UHFFFAOYSA-N,1,,0,0
FBCSWIXKXHSYBN-LSQWYULJSA-N,1,,0,0
IHNAEAHWHZVEJK-WGSAOQKQSA-N,1,7.22767829327708,1,0
IMPOGCXTOZKPHA-UHFFFAOYSA-N,1,,0,0
AFTMDSQMJPSVNL-UHFFFAOYSA-N,1,7.221848749616356,1,0
MUVLUHKHFQKISJ-UHFFFAOYSA-N,1,7.221848749616356,1,0
XPBGNLUNAORHQZ-UHFFFAOYSA-N,1,7.221848749616356,1,0
JCVCZONIULCFAT-UHFFFAOYSA-N,1,7.221848749616356,1,0
BKMRLPDOTVKGIM-UHFFFAOYSA-N,1,7.221125527997261,1,0
BEXZDWKMMJPZCQ-INIZCTEOSA-N,1,7.219970872662662,1,0
XTRDYFXHAKBBSQ-UHFFFAOYSA-N,1,,0,0
LDXAOQSIBXRCIN-UHFFFAOYSA-N,1,,0,0
WRPJRNBABVMDIF-PXNSSMCTSA-N,1,,0,0
HTIHIBRTTCYUMB-UHFFFAOYSA-N,1,,0,0
WCTUBAYTZGGHLK-UHFFFAOYSA-N,1,,0,0
NYYVPFBZAVQNMH-UHFFFAOYSA-N,1,,0,0
BCUKGZFJMQMVDC-UHFFFAOYSA-N,1,,0,0
ASMVKSNPCVNVFO-UHFFFAOYSA-N,1,7.214670164989233,1,0
ZUGNJYHFOIGGOO-UHFFFAOYSA-N,1,7.214670164989233,1,0
QOYFIOFBKVQOQW-UHFFFAOYSA-N,1,7.214670164989233,1,0
RUGZUJWEVYDLKD-UHFFFAOYSA-N,1,,0,0
SMQKBIDCSTXPMN-FQEVSTJZSA-N,1,,0,0
GOESYBVAFIXBFO-UHFFFAOYSA-N,1,,0,0
UWXLBLFCZDJRKI-CNNODRBYSA-N,1,,0,0
LQTJOPPTSIYEES-SANMLTNESA-N,1,7.207608310501746,1,0
JKFIWLJVMRKLFE-UHFFFAOYSA-N,1,7.207608310501746,1,0
OJEDMBNNWQTAKQ-UHFFFAOYSA-N,1,7.207608310501746,1,0
PGSGTPNUOJTSEM-DEOSSOPVSA-N,1,,0,0
SGUZNMAAJVIZHU-UHFFFAOYSA-N,1,,0,0
CUZBNCPQNUFDMK-UHFFFAOYSA-N,1,,0,0
AUOJYDWOWNCBRK-UHFFFAOYSA-N,1,,0,0
GLWWYTMRHNLGIT-UHFFFAOYSA-N,1,7.20690839982342,4,0
BAINIUMDFURPJM-UHFFFAOYSA-N,1,7.202732459169283,1,0
GKTQBPYMIGXPKG-JVVVGQRLSA-N,1,7.202040356262804,1,0
CVFSBPUUIKGUIL-UHFFFAOYSA-N,1,,0,0
WMVHTQXTTPNPRU-UHFFFAOYSA-N,1,,0,0
YTGXGXKZORFSRT-UHFFFAOYSA-N,1,,0,0
JLKITJMRRRZCIH-UILWBTOOSA-N,1,7.199970640755866,1,0
ISTZGGNVALEGHJ-CILPGNKCSA-N,1,7.199970640755866,1,0
IZVVXKITHMHHRG-UHFFFAOYSA-N,1,7.199970640755866,1,0
SEMJDPGTUJSAEG-SJLPKXTDSA-N,1,7.199970640755866,1,0
HTADTAUIMFMPFI-UHFFFAOYSA-N,1,7.199970640755866,3,0
ZWHFNBRLUSRMFB-UHFFFAOYSA-N,1,7.199970640755866,1,0
XQYFTHHWGHOOSS-UHFFFAOYSA-N,1,7.199970640755866,3,0
RKDBVDKLNHXCIZ-UHFFFAOYSA-N,1,7.199970640755866,1,0
RXPBJKRWQYAHSE-UHFFFAOYSA-N,1,7.199970640755866,1,0
UDOMQVLKUAMGED-UHFFFAOYSA-N,1,7.199970640755866,1,0
UWMNNXYMOFTXGP-UHFFFAOYSA-N,1,7.199970640755866,1,0
NBYFBVZSSQUNTB-UHFFFAOYSA-N,1,7.199970640755866,1,0
YDSZXMRCXLHXST-UHFFFAOYSA-N,1,7.198596289982645,1,0
CWYDVWDIVIJIOS-UHFFFAOYSA-N,1,,0,0
ALPMTMYCYHOFLH-TZIWHRDSSA-N,1,,0,0
LFQZHAKGDXWDRR-ONEGZZNKSA-N,1,7.1938200260161125,3,0
HYNOMSZTPOUFRQ-QRTARXTBSA-N,1,7.1938200260161125,1,0
KQJHXQUMRFPEBH-UHFFFAOYSA-N,1,7.191894619805137,2,0
ZIVBQUNYSGOUKO-UHFFFAOYSA-N,1,7.190213352606998,2,0
WZYFZOQYIYKUJN-UHFFFAOYSA-N,1,,0,0
BVBIAGFWBHXIBM-QGZVFWFLSA-N,1,7.189411859112482,2,0
BVXJKDHFRHNSRI-LJQANCHMSA-N,1,7.187755303199631,1,0
HKAWCIGAEVMZGN-SFHVURJKSA-N,1,7.187086643357144,1,0
RZLZELGICQMPFL-UHFFFAOYSA-N,1,,0,0
BFIOLCNMADQXRL-XUTJKUGGSA-N,1,7.186419011431808,2,0
IWZNOFWARONDLD-UHFFFAOYSA-N,1,,0,0
QXXSJVZBKIQIJR-UHFFFAOYSA-N,1,7.180456064458131,1,0
PBBGIYKMAVNTAL-UHFFFAOYSA-N,1,7.180456064458131,1,0
TWQROZICHMTHNN-UHFFFAOYSA-N,1,7.180456064458131,1,0
QNWQLJBICCQPMP-UHFFFAOYSA-N,1,7.180456064458131,3,0
FJIQRQMSPDCJJA-QHCPKHFHSA-N,1,,0,0
JIURLJSKBKCSMU-UHFFFAOYSA-N,1,,0,0
YEUKYYRBGVTVHI-UHFFFAOYSA-N,1,7.180225878824906,2,0
GJUWVTJJMMQPAO-UHFFFAOYSA-N,1,,0,0
RTQVMPUWTJFEJK-UHFFFAOYSA-N,1,,0,0
JGUXYQFTEZNNTK-LSNLESRRSA-N,1,7.17979854051436,2,0
ZEDJJTNDYYFYOC-UHFFFAOYSA-N,1,,0,0
JNAGEIMWCSOQKU-UHFFFAOYSA-N,1,7.173925197299173,1,0
TZZKWSLLNPOOCC-UHFFFAOYSA-N,1,7.173925197299173,1,0
XQWCSGWUJUEAQM-UHFFFAOYSA-N,1,7.172630726946174,1,0
UTUCAVNEOKJWJU-UHFFFAOYSA-N,1,7.171957130681528,2,0
IITURQZUYHBHDS-UHFFFAOYSA-N,1,7.169989064063882,1,0
WRIZBYRNLDZPMG-UHFFFAOYSA-N,1,,0,0
DHSSDEDRBUKTQY-UHFFFAOYSA-N,1,,0,0
XQOLXGFKFIWXQP-UHFFFAOYSA-N,1,,0,0
BGRJTUBHPOOWDU-UHFFFAOYSA-N,1,7.049914788768163,4,2
VHLUWRVNDLKEND-UHFFFAOYSA-N,1,7.168130225719498,1,0
VUEGBGWRCATKQZ-CYBMUJFWSA-N,1,7.167491087293763,2,0
IDICUFRCUIOPKM-UHFFFAOYSA-N,1,7.167491087293763,1,0
WRSUPAJSUHYUKP-UHFFFAOYSA-N,1,7.167491087293763,2,0
LIWZXUWAEHOPHY-MXVIHJGJSA-N,1,7.167491087293763,1,0
LLNWCPKEPUSMNT-UHFFFAOYSA-N,1,,0,0
YISHJHUTBSLTCO-UHFFFAOYSA-N,1,7.166215625343521,1,0
JREWRGYSZHHIJM-UHFFFAOYSA-N,1,,0,0
WUKHFCSRRUQMMT-HKOYGPOVSA-N,1,,0,0
ADDORVGWJJXKFK-AFARHQOCSA-N,1,7.158640529545145,1,0
OAIALYFMHHTONS-HCGLCNNCSA-N,1,7.158015195409886,1,0
CHORKXOAHORPHG-UHFFFAOYSA-N,1,,0,0
KEOJOHYWCQCCER-UHFFFAOYSA-N,1,7.154901959985743,1,0
ANCQWHLMXBDLTA-UHFFFAOYSA-N,1,,0,0
XSRFHBAHNKMQSR-UHFFFAOYSA-N,1,,0,0
LVAZPFMWSRDRRK-LBPRGKRZSA-N,1,7.152697400533215,12,0
FPUAKJDDMRFFBU-UHFFFAOYSA-N,1,,0,0
NTRYGIZSQHIHMD-UHFFFAOYSA-N,1,7.1487416512809245,1,0
HUKSBDBJOJSVHS-UHFFFAOYSA-N,1,7.145693958198919,1,0
PNCPYILNMDWPEY-QGZVFWFLSA-N,1,,0,0
KLQDZSYTMPJBBU-UTKZUKDTSA-N,1,,0,0
MNVXJRRRFDLIDB-UHFFFAOYSA-N,1,7.142667503568731,1,0
XPOOQWFDTCQYTN-UHFFFAOYSA-N,1,7.142667503568731,1,0
NMALCZJKSYZTRE-UHFFFAOYSA-N,1,,0,0
XEMCNPZNSNBIMI-UHFFFAOYSA-N,1,,0,0
CDTGPXQJMIHKOA-TZIWHRDSSA-N,1,,0,0
BVXSVALQOFIYSP-UHFFFAOYSA-N,1,7.141344530963355,2,0
QTJSAQYKJMJAHN-FCMXBYMOSA-N,1,7.139661993429006,2,0
OYZKUGKMWYXUJF-UHFFFAOYSA-N,1,7.138465589140962,1,0
XZKJWFNUAUOHAC-AQYVVDRMSA-N,1,7.138465589140962,1,0
KXVOVPCKFATOKG-UHFFFAOYSA-N,1,7.138349349118762,2,0
ZFDWAPWETDMDSZ-UHFFFAOYSA-N,1,7.136677139879544,1,0
DRDXZCGSMVSSLQ-UHFFFAOYSA-N,1,7.136677139879544,1,0
OXZWTDWFMODERJ-SFHVURJKSA-N,1,7.136677139879544,1,0
CLTAQMJYOUARDB-HSZRJFAPSA-N,1,7.136677139879544,1,0
IQJMNZLVYKGIIF-UHFFFAOYSA-N,1,7.136677139879544,1,0
KOFBMNJKMVTHSV-UHFFFAOYSA-N,1,,0,0
IEFITNQZMCGBTG-UHFFFAOYSA-N,1,,0,0
QURAQIGQNZYJHP-UHFFFAOYSA-N,1,7.133417423289153,2,0
NJUHOBFYJCKTIZ-UHFFFAOYSA-N,1,,0,0
KGEGCSUUIDNIBO-UHFFFAOYSA-N,1,7.130768280269024,1,0
XPEWLIYLRNDQAK-UHFFFAOYSA-N,1,,0,0
NHDFEXRNVMOWCZ-UHFFFAOYSA-N,1,,0,0
TYQWGVAKEMWBPU-UHFFFAOYSA-N,1,,0,0
PWCSMJIRMONKML-UHFFFAOYSA-N,1,,0,0
QTIAXUAWMLBIGP-NSHDSACASA-N,1,,0,0
PUTIADDALKYHRM-UHFFFAOYSA-N,1,7.1249387366083,1,0
GDFOAQPKYDGSPR-UHFFFAOYSA-N,1,,0,0
MFRGANBNUOPMSD-UHFFFAOYSA-N,1,,0,0
OKODMCHGOYUBGY-JTQLQIEISA-N,1,,0,0
ATCJEKKXEJVYOB-UHFFFAOYSA-N,1,7.120904120499928,3,0
XTKDAFGWCDAMPY-UHFFFAOYSA-N,1,7.275724130399211,1,0
LRMWMKQIJLOEPF-XMSQKQJNSA-N,1,,0,0
WAFXOAGOOZIJGE-XLIONFOSSA-N,1,,0,0
JRYNLQPPXGHRTN-UHFFFAOYSA-N,1,,0,0
MDBWEQVKJDMEMK-CQSZACIVSA-N,1,7.119186407719209,1,0
YJHBORBWSSPLGN-UHFFFAOYSA-N,1,7.119186407719209,1,0
DHOLLIZICIPGNS-UHFFFAOYSA-N,1,,0,0
YPKCWJPCWSVSDC-UHFFFAOYSA-N,1,,0,0
XDOOZCXRMFPQEM-UHFFFAOYSA-N,1,,0,0
RLXWQKHLDFBDJH-UHFFFAOYSA-N,1,7.113509274827518,1,0
BWWHZGYOJOBIMA-UHFFFAOYSA-N,1,7.113509274827518,1,0
JYBLRFDZVBZKOY-UHFFFAOYSA-N,1,,0,0
DCJWAUUNGWWIFD-LIRRHRJNSA-N,1,7.113106777509403,2,0
WVCHGRAYLHEGAY-IYARVYRRSA-N,1,7.112382699664264,1,0
WMFCPIPAGHYFMC-SFHVURJKSA-N,1,,0,0
SQMUNKWOFRBGIX-UHFFFAOYSA-N,1,7.109600922584908,2,0
QGNVJFHGWZQUHS-AREMUKBSSA-N,1,,0,0
WQWLYKDRIFAQER-UHFFFAOYSA-N,1,7.108462542327436,1,0
WKZQYOGJYMCSPM-QGZVFWFLSA-N,1,7.107905397309519,1,0
BEYYMPWIMDYWDO-UHFFFAOYSA-N,1,7.107905397309519,1,0
FQJVIZLZSFQUTO-UHFFFAOYSA-N,1,7.107905397309519,1,0
BUJDRHDSUWKHNQ-UHFFFAOYSA-N,1,,0,0
VYJSEMNZGPEKAE-UHFFFAOYSA-N,1,7.105130343254747,1,0
JVPFEJREBIUBMB-UHFFFAOYSA-N,1,,0,0
ZCTLRJWCRUVTOB-CFFRYYMNSA-N,1,,0,0
XHIUHIDIRNZTAW-UHFFFAOYSA-N,1,7.100726812682396,1,0
ANPBPMHGXDWYNM-UHFFFAOYSA-N,1,,0,0
PWFWFOUAVPITTG-UHFFFAOYSA-N,1,7.100015437450609,1,0
YEFAFNGWRUUUQI-UHFFFAOYSA-N,1,7.100015437450609,1,0
CPQUBMVKDMAUMG-UHFFFAOYSA-N,1,7.100015437450609,1,0
QSGHQJFWJBYZCL-UHFFFAOYSA-N,1,7.100015437450609,1,0
IRUKZAGWAZWZBI-UHFFFAOYSA-N,1,7.100015437450609,1,0
KDPMUYMEKOJROI-UHFFFAOYSA-N,1,7.100015437450609,1,0
BGDWLXHOUQZPOK-UKRRQHHQSA-N,1,7.100015437450609,1,0
RUYAQBZRWRWQHR-UHFFFAOYSA-N,1,7.100015437450609,1,0
ILAPINSYTQOSTH-UHFFFAOYSA-N,1,7.100015437450609,1,0
GNAFTHDBPJUMAT-UHFFFAOYSA-N,1,7.100015437450609,1,0
OJGCUCNESMAFSG-UHFFFAOYSA-N,1,7.100015437450609,1,0
AQPYEVVJFZDJNJ-AWEZNQCLSA-N,1,7.100015437450609,2,0
GIMFULQWEVUBEF-UHFFFAOYSA-N,1,7.100015437450609,1,0
MQISIMYBHGTURV-UHFFFAOYSA-N,1,7.100015437450609,1,0
SVLJLEACLLUCRC-UHFFFAOYSA-N,1,7.100015437450609,1,0
KATDCUORFQOJBY-QAPCUYQASA-N,1,7.100015437450609,1,0
AFYFGCAEDGKSJG-UHFFFAOYSA-N,1,7.100015437450609,1,0
QIJPXEALWJLAOE-UHFFFAOYSA-N,1,7.100015437450609,1,0
QXUQBHLLDLPFLR-UHFFFAOYSA-N,1,,0,0
QIWDESFBOGLASL-UHFFFAOYSA-N,1,,0,0
AIJIQCBYMBZLJD-UHFFFAOYSA-N,1,7.096910013008056,1,0
LNEVPGGCVOGZMM-UHFFFAOYSA-N,1,7.096910013008056,1,0
VZAPTAUVWQWZDW-UHFFFAOYSA-N,1,,0,0
LKXCWTFZOCKBJZ-UHFFFAOYSA-N,1,,0,0
BKCOTBJYDGSUFC-UHFFFAOYSA-N,1,7.094212497064703,2,0
JYECEDKUXBIHSW-AREMUKBSSA-N,1,,0,0
PLFUSXITMGZVCU-UHFFFAOYSA-N,1,7.092588639225414,1,0
NJDDOYGAHXQMEQ-AWEZNQCLSA-N,1,7.0915149811213505,1,0
WORAGLYTERKFFO-UHFFFAOYSA-N,1,,0,0
AUVKPZIQUZLIFO-UHFFFAOYSA-N,1,,0,0
YNKTYKVRVVWGRV-UHFFFAOYSA-N,1,,0,0
OJELFRWBMVFUDD-KXBFYZLASA-N,1,7.089243235797613,2,0
SCZQIQLIELOGMA-ZRZAMGCNSA-N,1,7.087346153458631,2,0
ZUOIZLRETXHGDT-UHFFFAOYSA-N,1,7.086186147616283,1,0
YVEBIHRSAGYHFR-UHFFFAOYSA-N,1,,0,0
TUTLRKKYUXPDGN-HNNXBMFYSA-N,1,,0,0
YCQKBDMLGQENAQ-UHFFFAOYSA-N,1,,0,0
GLJZGPDTNBDSGN-HXUWFJFHSA-N,1,7.083937228732996,2,0
MNVDCQLMHFFYCU-UHFFFAOYSA-N,1,7.080921907623926,1,0
UQOWIEJFNPPPBP-OAHLLOKOSA-N,1,7.080921907623926,1,0
HKAWCIGAEVMZGN-UHFFFAOYSA-N,1,7.080921907623926,1,0
XOLIIHROSJWMQH-UHFFFAOYSA-N,1,7.080921907623926,1,0
POZXHKGYVSZVAB-UHFFFAOYSA-N,1,7.080921907623926,1,0
DSOWHOSHPUSGFM-UHFFFAOYSA-N,1,7.080921907623926,3,0
LLJNHDOQJFYFCL-UHFFFAOYSA-N,1,7.080921907623926,1,0
HHVQGHMBHYXHGF-UHFFFAOYSA-N,1,,0,0
CDMKFCYALGWSEN-UHFFFAOYSA-N,1,7.078313524516398,1,0
NNSVOPTWCBGCJU-HSZRJFAPSA-N,1,,0,0
ACTVOFFLDWZANE-NSISKUIASA-N,1,7.075720713938118,1,0
JJIBAQPGIKFZRA-UHFFFAOYSA-N,1,7.075720713938118,2,0
OJORGHNUKQKUKG-UHFFFAOYSA-N,1,,0,0
UQKLFSKKULYASF-UHFFFAOYSA-N,1,,0,0
IHAPBZBYXJKWJA-LFUKPOHLSA-N,1,7.072116589669293,1,0
VRIOGKJTEWWNSZ-UHFFFAOYSA-N,1,,0,0
YLULTEDGTZQJDL-UHFFFAOYSA-N,1,,0,0
ZIYZADXWTXYQKL-HCGLCNNCSA-N,1,7.070581074285707,1,0
CWNXARPODKGZCQ-UHFFFAOYSA-N,1,7.070581074285707,1,0
VDCBDIRJDJYCIZ-UHFFFAOYSA-N,1,7.070581074285707,1,0
BSICDIBRXJYNPB-UHFFFAOYSA-N,1,,0,0
XRUUSJMEKAKGQU-GOSISDBHSA-N,1,,0,0
RNAKUHHBSZEVQT-ASMCULGUSA-N,1,7.066664589922349,2,0
SXCBTZZPBYWDRW-QGZVFWFLSA-N,1,7.0655015487564325,1,0
VQBXPTGVNAAIHI-UHFFFAOYSA-N,1,7.0655015487564325,1,0
NSMCYUMPIGJKHV-UHFFFAOYSA-N,1,7.0655015487564325,2,0
LJZKZXJPHHZDQF-UHFFFAOYSA-N,1,,0,0
GKEKKHSDPFDXQN-INIZCTEOSA-N,1,,0,0
HZBAKQLOTJCSJX-UHFFFAOYSA-N,1,,0,0
MXKZBMGRCYCKSV-UHFFFAOYSA-N,1,,0,0
VZCQCONTEBWWMW-YPKPFQOOSA-N,1,7.060480747381382,1,0
WWZCKJOSLFFMMU-CYYJNZCTSA-N,1,,0,0
FHSMMEAYPKEOAQ-UHFFFAOYSA-N,1,,0,0
ATMVGYLFYGIYDI-UHFFFAOYSA-N,1,,0,0
DXJBLNLSLUGVEL-GFCCVEGCSA-N,1,7.059981844992337,1,0
NLDBOKLMUAUKIM-UHFFFAOYSA-N,1,7.059981844992337,1,0
YIECWSJRMPAWGX-UHFFFAOYSA-N,1,,0,0
PRECWTBVGZKXGO-UHFFFAOYSA-N,1,,0,0
XQQUULUGMJTWQN-BJSHUGAESA-N,1,,0,0
LRJUHEKHPZCRGV-UHFFFAOYSA-N,1,,0,0
AQKLZOVNXYAGDW-UHFFFAOYSA-N,1,,0,0
BGRJTUBHPOOWDU-NSHDSACASA-N,1,7.055517327849831,2,2
TWCRFNBRBHKABU-UHFFFAOYSA-N,1,,0,0
JLMZACVBNICYMZ-UHFFFAOYSA-N,1,7.054231271163718,2,0
CPTMQUFMCPDSBM-UHFFFAOYSA-N,1,,0,0
KCHOGJMXHYZZSG-UHFFFAOYSA-N,1,7.052566278112949,1,0
WQFGYARLKCXPCQ-WGSAOQKQSA-N,1,7.050609993355087,1,0
XZUUIMQQOCYISH-UHFFFAOYSA-N,1,,0,0
DBFMZFWPENBAGS-UHFFFAOYSA-N,1,,0,0
LRMWMKQIJLOEPF-GCJKJVERSA-N,1,,0,0
NCWGEGAYIHJRDE-UHFFFAOYSA-N,1,,0,0
PLZGEHCHVFNRGK-UHFFFAOYSA-N,1,,0,0
GUEHIYRLOQCWLO-NRFANRHFSA-N,1,,0,0
QIUNPJREZURMGC-UVPKRVSESA-N,1,,0,0
ZKRZZKIVIDSCSL-VTIYRKAUSA-N,1,,0,0
AJKOTVCMUKNUGM-UHFFFAOYSA-N,1,,0,0
HFJQAHIKNXSVRM-LJQANCHMSA-N,1,7.036212172654444,1,0
OJVGHPDSXXGXQT-UHFFFAOYSA-N,1,7.036212172654444,1,0
KEBTXYVUUJRQQZ-UHFFFAOYSA-N,1,,0,0
MWHOEMHDLWMJAP-UHFFFAOYSA-N,1,,0,0
UVEHFXJWIQCNDD-IYARVYRRSA-N,1,7.032452023781138,1,0
YTLHBRBFQQCIBL-UHFFFAOYSA-N,1,,0,0
NTSOURPESZESOK-UHFFFAOYSA-N,1,,0,0
SJCUJBCYBXGZOY-UHFFFAOYSA-N,1,,0,0
XHMOKKQHMCXTBS-UHFFFAOYSA-N,1,,0,0
UYOTUCPKIKVHNI-UHFFFAOYSA-N,1,7.029978734171634,1,0
FGCHYOQNROGAEB-UHFFFAOYSA-N,1,7.027797161620936,1,0
WJBZDUBBVKDOMN-UHFFFAOYSA-N,1,,0,0
VEDCYFFCKNISSG-UHFFFAOYSA-N,1,7.026872146400302,1,0
HMBLGIYYEVWFCT-XMMPIXPASA-N,1,,0,0
DKMWFGJOMJUBOA-UHFFFAOYSA-N,1,7.025028005701931,1,0
FGTGRXMIFIZGBG-UHFFFAOYSA-N,1,7.0248662659932055,2,0
JPTSMZMSIACDAD-UHFFFAOYSA-N,1,7.0248662659932055,2,0
GGIUXVIFNJVWLE-UHFFFAOYSA-N,1,7.024108863598207,1,0
HGOOBSLSWOJAPR-UHFFFAOYSA-N,1,7.022276394711152,1,0
XNXQFTTXHFQTRX-UHFFFAOYSA-N,1,7.022276394711152,1,0
FXHLGRYCQSRFHY-MQSINFNDSA-N,1,7.022276394711152,1,0
CZLNGXCUCYKLOR-UHFFFAOYSA-N,1,,0,0
CTGOENHVWDCQPG-UHFFFAOYSA-N,1,,0,0
LLBLNMUONVVVPG-UHFFFAOYSA-N,1,7.043831569524636,9,0
IRFLVVGRMBDQSJ-UHFFFAOYSA-N,1,7.020907099361674,1,0
RFBKHFYKBNFXJB-UHFFFAOYSA-N,1,7.020907099361674,1,0
NUZVTKAQWGCWOR-UHFFFAOYSA-O,1,7.020907099361674,1,0
QGRZOKIURVWFKN-IAGOWNOFSA-N,1,7.019996628416253,1,0
GWFPJCOZSBFTOH-UHFFFAOYSA-N,1,,0,0
CLZFBRKWSABTPJ-UHFFFAOYSA-N,1,7.017728766960431,1,0
GMCJUANYGWCBDC-UHFFFAOYSA-N,1,,0,0
MIEJOQGHYSYEFX-UHFFFAOYSA-N,1,7.013676222949234,1,0
RBVCBWQAGOAYTL-UHFFFAOYSA-N,1,,0,0
WRPJRNBABVMDIF-UHFFFAOYSA-N,1,,0,0
USSJQLOQXQBGTM-AVRDEDQJSA-N,1,,0,0
CUIKAPOUIHQKER-UHFFFAOYSA-N,1,7.009395233003053,2,0
PPRPQASEYHUGIG-UHFFFAOYSA-N,1,,0,0
MVSPKSXZRIYQCT-UHFFFAOYSA-N,1,7.008773924307505,1,0
BOZKQWIJJRYLLZ-UHFFFAOYSA-N,1,,0,0
WLZJPWTZSKWVGS-UHFFFAOYSA-N,1,,0,0
CNKXCQYEDYCLBH-UHFFFAOYSA-N,1,,0,0
JQBHQHNVJCDNEL-ZCLRBYCSSA-N,1,,0,0
WDYXVLOKALEPOS-UHFFFAOYSA-N,1,,0,0
HZTKYJRCVZENNH-UHFFFAOYSA-N,1,7.00436480540245,1,0
KMPUTTSRRTYIRY-AQYVVDRMSA-N,1,7.005682847330363,1,0
SNZALFBBQUAUPG-UHFFFAOYSA-N,1,,0,0
CDGORPLWQZYBKZ-UHFFFAOYSA-N,1,,0,0
REKOUMNGFHDWDG-UHFFFAOYSA-N,1,7.003926345514724,1,0
PYUXUZVGGSSQTN-UHFFFAOYSA-N,1,,0,0
XIQJOGXXLJYFNE-UHFFFAOYSA-N,1,7.0,1,0
DLNZFPDQXJEXTN-UHFFFAOYSA-N,1,7.0,1,0
OVLGSRKGTAEWQF-BJKOFHAPSA-N,1,7.0,1,0
QCIVSGZRNOFBPZ-UHFFFAOYSA-N,1,7.0,1,0
GZXNMNCAWGIAAW-KRWDZBQOSA-N,1,7.0,1,0
HWJXQZBZKJYOMP-UHFFFAOYSA-N,1,7.0,1,0
AHTVKTAOAOXKMG-UHFFFAOYSA-N,1,7.0,1,0
WSSKPYCMFWWDPQ-UHFFFAOYSA-N,1,7.0,1,0
RBZIHZIBFQXVQY-UHFFFAOYSA-N,1,7.0,1,0
XURXMJIMPKTNSF-UHFFFAOYSA-N,1,7.0,1,0
JURMKPGGUGOQIP-UHFFFAOYSA-N,1,7.0,1,0
ZQIADMORWXCKPH-UHFFFAOYSA-N,1,7.0,1,0
GESNZTWIXMSIMZ-UHFFFAOYSA-N,1,7.0,2,0
AMADNKXMEDYTCS-UHFFFAOYSA-N,1,7.0,1,0
KFCVKULFYARZLT-UHFFFAOYSA-N,1,7.0,1,0
CZZLANJHXIERAX-UHFFFAOYSA-N,1,7.0,1,0
PYCKGDROYNHKPS-UHFFFAOYSA-N,1,7.0,1,0
UYVCLAKGXPJPHJ-UHFFFAOYSA-N,1,7.0,1,0
KYBVEQYZQWILGN-UHFFFAOYSA-N,1,7.0,1,0
WBUCFEOIQMRVHB-UHFFFAOYSA-N,1,7.0,1,0
NHDILTZHICULAX-UHFFFAOYSA-N,1,7.0,1,0
PTGSXEXRDSETGR-UHFFFAOYSA-N,1,7.0,1,0
OBFPDOMCBFUMBH-UHFFFAOYSA-N,1,7.0,1,0
LOWWSZHAZVDMAY-UHFFFAOYSA-N,1,7.0,2,0
RHFVSZFUSRSUBZ-UHFFFAOYSA-N,1,,0,0
MANFPBYSLSMBGM-UHFFFAOYSA-N,1,,0,0
BBKTWQKIEOQFST-UHFFFAOYSA-N,1,,0,0
SPCIYGNTAMCTRO-UHFFFAOYSA-N,1,,0,0
GUTIIYCXIXRNPB-LLVKDONJSA-N,1,,0,0
JHMYLCCZLFZGNF-UHFFFAOYSA-N,1,6.995678626217357,1,0
JKAFEYNVKSARQQ-UHFFFAOYSA-N,1,,0,0
JKPISQIIWUONPB-UHFFFAOYSA-N,1,,0,0
RVQUGXAQXRVIGJ-UHFFFAOYSA-N,1,,0,0
WQTLRHZZRMRHMI-FQEVSTJZSA-N,1,,0,0
KHPOIBBWMVNTMI-WFXMLNOXSA-N,1,,0,0
WZWHLVAXFSORKE-UHFFFAOYSA-N,1,6.993533957750769,1,0
IKWFRNZOZWEGCD-UHFFFAOYSA-N,1,6.991399828238082,1,0
AJQHTFDOWXUHQW-UHFFFAOYSA-N,1,6.991399828238082,1,0
JRVSGBSKZMZOOC-UHFFFAOYSA-N,1,6.991399828238082,1,0
QNPXMHDZEWNMNS-OAHLLOKOSA-N,1,6.991058846827466,2,0
PFALMGBZVKYODL-UHFFFAOYSA-N,1,6.987162775294828,1,0
WBVCIPQEKGGLDT-UHFFFAOYSA-N,1,,0,0
LMUWKYOZOCNQDQ-UHFFFAOYSA-N,1,6.985568031578586,2,0
IEYDEPWJEHAEPC-UHFFFAOYSA-N,1,6.982966660701219,1,0
HKDOASHONDCKDU-UHFFFAOYSA-N,1,,0,0
XYLLCILLEMTVLF-UHFFFAOYSA-N,1,,0,0
WGOUWABLRGOCPZ-UHFFFAOYSA-N,1,,0,0
IPVZGUMYDUWBRS-UHFFFAOYSA-N,1,,0,0
TYYIXERJKMDZBL-FQNRMIAFSA-N,1,6.978810700930062,1,0
MECLZKNUCVTNAZ-UHFFFAOYSA-N,1,,0,0
QSGQMVZHKGEIIG-UHFFFAOYSA-N,1,,0,0
JZSMSBPFOFGZLG-UHFFFAOYSA-N,1,6.97469413473523,1,0
CNLDSVGVGIHOMF-INIZCTEOSA-N,1,,0,0
MLTDYDQBGQSVJK-LSTHTHJFSA-N,1,,0,0
BZSXKGCWTZRLML-UHFFFAOYSA-N,1,,0,0
ZPDRTNMTNCGFSU-UHFFFAOYSA-N,1,,0,0
LQRMVBGKOMVMNF-UHFFFAOYSA-N,1,,0,0
TXDNMFSXILPGFK-UHFFFAOYSA-N,1,6.970786987771497,2,0
XHLHZPFSBCZVEA-HOFKKMOUSA-N,1,6.97061622231479,1,0
BFNRVMJMTPNWFK-UHFFFAOYSA-N,1,6.97061622231479,1,0
RWOJEGLVFGCYFU-UHFFFAOYSA-N,1,,0,0
PMBDKZARCOUAFU-UHFFFAOYSA-N,1,,0,0
DPOUSVNUKWQWOC-UHFFFAOYSA-N,1,6.96657624451305,1,0
KBDGMPYTNATHKA-UHFFFAOYSA-N,1,6.96657624451305,1,0
JGVZGPYSWWXYDX-UHFFFAOYSA-N,1,,0,0
XHSRFVQGNJCGAD-GUDVDZBRSA-N,1,6.961379838050297,1,0
RILXDJGPJCVJME-UHFFFAOYSA-N,1,,0,0
LDYKPEZBHFCCGD-UHFFFAOYSA-N,1,,0,0
WPLCSVMMEFEPPZ-UHFFFAOYSA-N,1,6.958607314841775,1,0
RVBDWZKWSXQLMF-WBVHZDCISA-N,1,6.958607314841775,1,0
DHMRDBMKJIHQOM-UHFFFAOYSA-N,1,6.958607314841775,1,0
OILMYNCOJBGIHH-UHFFFAOYSA-N,1,6.958607314841775,1,0
BGMQCQHMPBHOMK-UHFFFAOYSA-N,1,6.958607314841775,1,0
CALYWAMIHCNUMA-UHFFFAOYSA-N,1,6.958607314841775,3,0
BTJSYOUOQORWBA-UHFFFAOYSA-N,1,,0,0
WEYXUHPIPVELRK-UHFFFAOYSA-N,1,,0,0
GVELBPROBDYNNT-UHFFFAOYSA-N,1,,0,0
WCSZBBHBUPLUCU-UHFFFAOYSA-N,1,,0,0
OVRUYISKGGXOPK-UHFFFAOYSA-N,1,,0,0
JVNXUQVOPMMEKB-UHFFFAOYSA-N,1,6.955852379121277,1,0
YZIXUQBOLGXTJS-UHFFFAOYSA-N,1,6.954677021213342,3,0
ACUOSRXKTFDQLE-IOWSJCHKSA-N,1,,0,0
WCFAGISVWLBGAX-UHFFFAOYSA-N,1,6.950781977329818,1,0
HDONYUOCHXODQS-UHFFFAOYSA-N,1,6.950781977329818,1,0
JYIFYWJACLGHFJ-UHFFFAOYSA-N,1,,0,0
LVLYBVZQVHNPHM-UHFFFAOYSA-N,1,,0,0
AGPVWRLINFFKSF-UHFFFAOYSA-N,1,,0,0
VGOPWFPTLSPLJJ-UHFFFAOYSA-N,1,6.950090645192384,2,0
OWXFTDUHWKXJTL-GOSISDBHSA-N,1,6.94692155651658,1,0
HEHAZZLOEUQBDS-MUUNZHRXSA-N,1,,0,0
SEDSBEYYCSPKRY-UHFFFAOYSA-N,1,,0,0
NSTMABOREYEUNT-UHFFFAOYSA-N,1,6.94446960896509,2,0
AXBFMZJKFVTDQU-UHFFFAOYSA-N,1,,0,0
LRGIFVDEYMWDOX-UHFFFAOYSA-N,1,,0,0
FYSSSSIVDTYBFD-SFHVURJKSA-N,1,6.939302159646388,1,0
WNDBXZVUUVHVNV-SFHVURJKSA-N,1,6.939302159646388,1,0
YDESBRPNQFQEGA-HXUWFJFHSA-N,1,,0,0
CJXHLCBUPVLQCG-UHFFFAOYSA-N,1,,0,0
KARLVIFVRFFIOE-UHFFFAOYSA-N,1,,0,0
VJKSHVBEJFBNJR-UHFFFAOYSA-N,1,,0,0
VTSGZNIOFXBPQI-UHFFFAOYSA-N,1,6.931814138253838,1,0
LIKMSWCFNPHNGP-UHFFFAOYSA-N,1,,0,0
DDFVILDYNDAEIK-UHFFFAOYSA-N,1,6.928117992693874,1,0
IOPOIQNKSCJDRU-UHFFFAOYSA-N,1,,0,0
RHKLNFPODGBPGC-UHFFFAOYSA-N,1,,0,0
NBJHQMZILODBNP-UHFFFAOYSA-N,1,,0,0
AAPXNHMQKBDDJN-GCJKJVERSA-N,1,,0,0
RTLWHVNMZFCSDU-UHFFFAOYSA-N,1,6.924453038607469,1,0
DIQJJEOAZURXOK-LLVKDONJSA-N,1,,0,0
MTJDLXLLSRKTMU-HZCBDIJESA-N,1,6.92299567320665,1,0
APOMSSAGEAOUGO-UHFFFAOYSA-N,1,6.920818753952375,1,0
PUTIADDALKYHRM-LJQANCHMSA-N,1,6.920818753952375,1,0
UGAZJRFHXXPSOK-UHFFFAOYSA-N,1,6.920818753952375,1,0
NNGXRRFVMCSLCM-CYBMUJFWSA-N,1,6.920818753952375,1,0
TXOCLBKURYXNCG-SUMDDJOVSA-N,1,6.920818753952375,1,0
HZQQJAKATKCPDP-DDDLIOIYSA-N,1,6.920818753952375,1,0
OTKMHDVPFOECAQ-WCWDXBQESA-N,1,,0,0
LXIKJZDRBXJBAY-UHFFFAOYSA-N,1,,0,0
PKBLQXOBPRBPQT-UHFFFAOYSA-N,1,,0,0
HEPZPDOHSGVKLD-UHFFFAOYSA-N,1,,0,0
DWMRSXBZEPRVJO-IAGOWNOFSA-N,1,6.919987152892072,1,0
ALTKABGEMCJWJH-UHFFFAOYSA-N,1,,0,0
BDHGPAIGJFULDV-UHFFFAOYSA-N,1,,0,0
AUOXZICNYGBVPT-UHFFFAOYSA-N,1,6.913640169325252,1,0
GTISUCALIQQFFX-XMMPIXPASA-N,1,6.913640169325252,1,0
ULYBTXJNQXAQFS-UHFFFAOYSA-N,1,,0,0
SVSNQBMLUDOWHS-UHFFFAOYSA-N,1,6.910094888560602,1,0
RIQSGWHIWLLRTP-UHFFFAOYSA-N,1,,0,0
ZXLUAMSMIJONAJ-UHFFFAOYSA-N,1,,0,0
QZCUWLCSQMYXFR-UHFFFAOYSA-N,1,6.906578314837764,1,0
SLXIGTACOFFTMI-LLVKDONJSA-N,1,,0,0
LVXYAFNPMXCRJI-SFHVURJKSA-N,1,6.903089986991944,1,0
IKFBJNOEPLDTAT-UHFFFAOYSA-N,1,,0,0
JZKQROSAHVWKPB-UHFFFAOYSA-N,1,6.900008766455316,1,0
DIRSMSWHIVFUOZ-UHFFFAOYSA-N,1,6.900008766455316,1,0
NCTMTTCLCOVETH-UHFFFAOYSA-N,1,6.900008766455316,1,0
UYAJEEPVQYLWDN-UHFFFAOYSA-N,1,6.900008766455316,1,0
AAIDTVFHOXBFSJ-SJLPKXTDSA-N,1,6.900008766455316,1,0
CVPRWHZDWBRVGS-UHFFFAOYSA-N,1,6.900008766455316,1,0
VNUWHBRXYDCOFA-UHFFFAOYSA-N,1,6.900008766455316,1,0
WAWZDKTUQQRILI-UHFFFAOYSA-N,1,6.900008766455316,1,0
VYGLNPIKDOAMBL-UHFFFAOYSA-N,1,6.900008766455316,1,0
ZVQVWCQOAHBIGN-UHFFFAOYSA-N,1,6.900008766455316,1,0
HHTPKGOFGTYZBP-UHFFFAOYSA-N,1,6.900008766455316,1,0
VASQQZAFIQDBHR-UHFFFAOYSA-N,1,6.900008766455316,1,0
SDVCLZNNONYWDK-UHFFFAOYSA-N,1,6.900008766455316,1,0
WNAKEYFAGBCYGF-UHFFFAOYSA-N,1,6.900008766455316,2,0
IAUZWUKARUVEJL-UHFFFAOYSA-N,1,6.900008766455316,2,0
ZLUNFIBGQZUIIC-UHFFFAOYSA-N,1,6.900008766455316,2,0
JSJOIAGWCLDVRP-UHFFFAOYSA-N,1,6.900008766455316,1,0
INKAJKATDMQGKQ-UHFFFAOYSA-N,1,6.900008766455316,1,0
RHSCKLKHJPKZNP-UHFFFAOYSA-N,1,6.900008766455316,1,0
ACFIBJLBHXWBFG-UHFFFAOYSA-N,1,6.900008766455316,1,0
VIPSEWNPWLYICF-UHFFFAOYSA-N,1,6.900008766455316,1,0
ZKVBATRJUREUMS-UHFFFAOYSA-N,1,,0,0
ANTOILZBKKIMIM-UHFFFAOYSA-N,1,,0,0
ROZYQPYBANRXCZ-OXJNMPFZSA-N,1,,0,0
KIPATHUGBIVLFZ-UHFFFAOYSA-N,1,,0,0
IHKSAHBRVXUIPJ-UHFFFAOYSA-N,1,,0,0
BLGOAHHKRXNKKY-UHFFFAOYSA-N,1,,0,0
RZKVFRDPHKJKDU-UHFFFAOYSA-N,1,6.896196279044043,1,0
JYOIFSSKXBNYGV-UHFFFAOYSA-N,1,6.892790030352131,3,0
CASUKCWJIMZQFD-UHFFFAOYSA-N,1,6.892790030352131,1,0
WBGCNLMSYUBTIS-UHFFFAOYSA-N,1,,0,0
MNAFRWGRFIBAQX-PGRDOPGGSA-N,1,,0,0
TZVCFPAWFHTJGC-UHFFFAOYSA-N,1,,0,0
PMHUNJLVEGNLQB-UHFFFAOYSA-N,1,6.889410289700751,1,0
FUOWDZYYVJJPIW-SFHVURJKSA-N,1,6.889410289700751,1,0
CQEZTUMTHGCHPH-UHFFFAOYSA-N,1,,0,0
MHNSOBBJZCWUGS-UHFFFAOYSA-N,1,6.838631997765026,1,0
WDOKGNOTOAMJEX-UHFFFAOYSA-N,1,6.886056647693163,1,0
OWRSWDTWKGARSX-UHFFFAOYSA-N,1,6.886056647693163,2,0
WTYNOFOXDOHJBE-UHFFFAOYSA-N,1,6.886056647693163,1,0
PGKMOUOGPCFQTK-QGZVFWFLSA-N,1,6.886056647693163,1,0
CXHLKGHIDPMPHM-UHFFFAOYSA-N,1,6.886056647693163,1,0
OKNVKYBLZGATAL-JOCHJYFZSA-N,1,6.886056647693163,1,0
VUTNNUCTOQWFCV-HKBQPEDESA-N,1,6.886056647693163,1,0
VIWLZWWKOPKBFC-UHFFFAOYSA-N,1,,0,0
VRLVWZJMGUUUAL-UHFFFAOYSA-N,1,,0,0
UVHCYAYELJOQKF-UHFFFAOYSA-N,1,,0,0
MHWQTAMSWKHOKQ-UHFFFAOYSA-N,1,,0,0
MXKOYALXZMWGCQ-UHFFFAOYSA-N,1,,0,0
UFTIBGSCHURYQF-UHFFFAOYSA-N,1,6.882728704344236,1,0
CHBCJGRXRVEKLM-UHFFFAOYSA-N,1,6.882728704344236,1,0
OANPPORMDDJIER-SFHVURJKSA-N,1,,0,0
UXQSBUSPGKCLJW-UHFFFAOYSA-N,1,,0,0
WPDISOIHGGRFRZ-WGSAOQKQSA-N,1,6.882066164960358,1,0
HTSNFXAICLXZMA-UHFFFAOYSA-N,1,6.8794260687941495,3,0
LQBCESDPEUPBRS-UHFFFAOYSA-N,1,6.8794260687941495,1,0
AIJCIPNKOAOKBN-UHFFFAOYSA-N,1,6.8794260687941495,1,0
IGIZYVFIPJBSBU-UHFFFAOYSA-N,1,,0,0
HUFKKUQWYKMUNC-UHFFFAOYSA-N,1,6.877784121727173,1,0
OIVYFRNOFHRRJS-OUKQBFOZSA-N,1,6.876148359032914,1,0
CZRAUIZNVBALPQ-UHFFFAOYSA-N,1,6.876148359032914,1,0
VASIIKBBVSZUHT-UHFFFAOYSA-N,1,6.876148359032914,1,0
NIACINIBVJMBGI-UHFFFAOYSA-N,1,,0,0
SOUMZFCXQXUPKF-LLVKDONJSA-N,1,,0,0
SGEGOXDYSFKCPT-UHFFFAOYSA-N,1,,0,0
VLTGPTYNYZEWJR-UHFFFAOYSA-N,1,6.872895201635192,1,0
MQWDTDMXDZXQGS-UHFFFAOYSA-N,1,6.872895201635192,1,0
TYJMYUYKJNIAGF-UHFFFAOYSA-N,1,6.870954940112042,1,0
UOTFFOLRZJNLDZ-UHFFFAOYSA-N,1,,0,0
IHBJWORPKYVGRO-UHFFFAOYSA-N,1,6.8682245709789385,2,0
ICJPCRXVYMMSJY-UHFFFAOYSA-N,1,6.866461091629782,1,0
MDLAAYDRRZXJIF-UHFFFAOYSA-N,1,,0,0
GCNYBTOKPNSCEU-ASMCULGUSA-N,1,6.864485719001213,2,0
SLVMESMUVMCQIY-AJWVYOOVSA-N,1,6.86390508427478,2,0
RNNAVTSFWMMVQG-UHFFFAOYSA-N,1,,0,0
LJPDJGGEVPZFMY-UHFFFAOYSA-N,1,,0,0
DQQBAKJEWKQXPD-CQSZACIVSA-N,1,6.856985199745905,1,0
ONUMGROJBFLQKF-UHFFFAOYSA-N,1,6.856985199745905,1,0
WPCDISAMCIQSPK-XMMPIXPASA-N,1,,0,0
CXVWRWOFYFBNKU-OZBJMMHXSA-N,1,,0,0
LCBLLUUMVDTFHY-UHFFFAOYSA-N,1,6.853871964321762,1,0
BXEHOLVBINGZIE-UHFFFAOYSA-N,1,6.853871964321762,1,0
UZSMYCXKQUZNLV-UHFFFAOYSA-N,1,6.853871964321762,1,0
PMMMMZICRVMUKQ-UHFFFAOYSA-N,1,6.853871964321762,3,0
DPLNSFBAHKTNGS-UHFFFAOYSA-N,1,6.853871964321762,1,0
VSLHVYXAJARFNB-UHFFFAOYSA-N,1,,0,0
YQKDABBJXATHLA-OCOZRVBESA-N,1,,0,0
DJIHVEIRASRGEQ-UHFFFAOYSA-N,1,,0,0
QMHQSKUJOYRTHB-UHFFFAOYSA-N,1,,0,0
LUNVFEQWDLSWQQ-UHFFFAOYSA-N,1,,0,0
KPQQZVGMKIYWDG-SSEXGKCCSA-N,1,,0,0
XRJGWSMTLAFHBN-UHFFFAOYSA-N,1,,0,0
WQZFEWCVIZACIS-UHFFFAOYSA-N,1,6.847711655616944,1,0
OXKMARLXXNQVMY-CTNGQTDRSA-N,1,,0,0
UDUOGLZZYDDSKR-UHFFFAOYSA-N,1,6.844663962534938,1,0
WTLKEIKBWCDFDL-UHFFFAOYSA-N,1,,0,0
QSZLXCAZDSBUTB-MDZDMXLPSA-N,1,6.84163750790475,1,0
OMKRQXYKQXMQEL-SFHVURJKSA-N,1,6.84163750790475,1,0
AYAGRFXLIOXRCZ-UHFFFAOYSA-N,1,6.84163750790475,1,0
FWIXCSGJXQPKPA-UHFFFAOYSA-N,1,,0,0
UBVYCNOXGQYSRQ-QGZVFWFLSA-N,1,6.83889035263304,2,0
ZJAXDNQQFMPNAV-UHFFFAOYSA-N,1,,0,0
YLZYYZWHNZPVBP-AFARHQOCSA-N,1,6.838003474577555,2,0
BSWBATABCUZHGT-UHFFFAOYSA-N,1,6.835647144215563,1,0
ASFIQZWALJTDCY-UHFFFAOYSA-N,1,,0,0
ZZJDFRAENYUPMH-RZFKFIIISA-N,1,6.833569886156718,1,0
COGCORROFSOJTQ-UHFFFAOYSA-N,1,,0,0
BHMLBWLDIQFCIS-UHFFFAOYSA-N,1,6.8297382846050425,1,0
SKVXOYIMICHFPV-UHFFFAOYSA-N,1,6.826813731587726,1,0
AQQFXOLTZFTABW-UHFFFAOYSA-N,1,6.826813731587726,1,0
CDDUMSDWPMBQGF-KRWDZBQOSA-N,1,6.826813731587726,1,0
HWPBJQCGTNVQQO-UHFFFAOYSA-N,1,,0,0
CQTUBBGJACSDPZ-UHFFFAOYSA-N,1,6.823908740944319,1,0
VCSRUJJOQUHUJC-MRVPVSSYSA-N,1,6.823908740944319,1,0
DUKNIHFTDAXJON-RCZCSUKSSA-N,1,6.823908740944319,1,0
MXJQVJALKSFQKU-UHFFFAOYSA-N,1,6.823908740944319,1,0
VZFYQAAXSLVYIL-UHFFFAOYSA-N,1,6.823908740944319,1,0
WRBKFBAHOMAFKJ-WGSAOQKQSA-N,1,6.823908740944319,1,0
LNBKOOVQBZWETK-UHFFFAOYSA-N,1,,0,0
GSHJIIAYCVNFDZ-UHFFFAOYSA-N,1,,0,0
PVMKVNICRVBAGQ-UHFFFAOYSA-N,1,,0,0
PXWQDDTVMQMYJG-UHFFFAOYSA-N,1,6.822463500070137,1,0
DJMIEPKZTXXUDK-UHFFFAOYSA-N,1,,0,0
UNTNFKPMHAXOEK-UHFFFAOYSA-N,1,6.818156412055227,1,0
SPZVYNXXPJLBRR-KRWDZBQOSA-N,1,6.818156412055227,1,0
TYUKINNXLNULMD-UHFFFAOYSA-N,1,,0,0
MKCVGRWVINXSAR-UHFFFAOYSA-N,1,6.814773064001138,2,0
OWXFTDUHWKXJTL-SFHVURJKSA-N,1,6.8124792791635365,1,0
KTQASNDGWLUTPN-UHFFFAOYSA-N,1,6.8124792791635365,1,0
JQBHQHNVJCDNEL-PYDOFHOQSA-N,1,,0,0
YFYVWKOXKJTAMY-UHFFFAOYSA-N,1,,0,0
BIZMGZSJEDDVNF-UHFFFAOYSA-N,1,,0,0
KHGQUBQJPRFGKU-UHFFFAOYSA-N,1,6.809668301829708,2,0
AOEZTGSRIVCHEA-UHFFFAOYSA-N,1,,0,0
UKWKGPXTOBMYJV-UHFFFAOYSA-N,1,6.806875401645538,1,0
XGVOVCYYDQWLJC-UHFFFAOYSA-N,1,6.806875401645538,1,0
KERODJLVCVZLOA-UHFFFAOYSA-N,1,6.803436768119468,2,0
VXPJDPSEYZZZEM-GFCCVEGCSA-N,1,6.801342913045577,1,0
CQPLSAHLVMGWEI-UHFFFAOYSA-N,1,6.801342913045577,1,0
KCLMHEWINSXASY-UHFFFAOYSA-N,1,6.799998134593398,1,0
NAFIXABLSKOHPB-UHFFFAOYSA-N,1,6.799998134593398,1,0
MDWSQWMMLXSJIP-UHFFFAOYSA-N,1,6.799998134593398,1,0
VPCYWMAVRBKXBM-UHFFFAOYSA-N,1,6.799998134593398,1,0
OYUFXMRRZYKKDL-UHFFFAOYSA-N,1,6.799998134593398,1,0
VANBZHNBQWYEMT-UHFFFAOYSA-N,1,6.799998134593398,1,0
GJGAZYGASNPFFE-UHFFFAOYSA-N,1,6.799998134593398,1,0
UQEVQFAMCLYPTJ-UHFFFAOYSA-N,1,6.799998134593398,1,0
RBSYHARPLIHIDB-UHFFFAOYSA-N,1,6.799998134593398,1,0
FJWCYEPZDVUXMR-UHFFFAOYSA-N,1,6.799998134593398,1,0
JATQVZAOCJUHTI-MCPYQZEQSA-N,1,6.799998134593398,2,0
INZVCQWDAXDGMY-UHFFFAOYSA-N,1,6.799998134593398,2,0
NGVUDBRNEJJAEO-UHFFFAOYSA-N,1,6.799998134593398,1,0
JLHIRWIMDKSLJU-UHFFFAOYSA-N,1,6.799998134593398,1,0
ZCJYRUIJZMZVJE-UHFFFAOYSA-N,1,6.799998134593398,1,0
FQLLNWUUMBPODU-UHFFFAOYSA-N,1,,0,0
MVKKLGNVARQKRP-UHFFFAOYSA-N,1,6.799149501908922,1,0
GTISUCALIQQFFX-DEOSSOPVSA-N,1,6.798602875679549,1,0
WDZRVYQTJKWKOX-UHFFFAOYSA-N,1,6.797939075968737,2,0
LGUNRSBYISSUIH-UHFFFAOYSA-N,1,6.795880017344075,1,0
VCKOBAOVBZHUOW-UHFFFAOYSA-N,1,6.795880017344075,1,0
HWOUIMXZGKRMNK-UHFFFAOYSA-N,1,6.795880017344075,1,0
KRMPDMJUDCQCAJ-YADHBBJMSA-N,1,6.795880017344075,1,0
BBOKZSYVAQYXBY-UHFFFAOYSA-N,1,6.795880017344075,1,0
IESJRUUOIHDONG-UHFFFAOYSA-N,1,6.795880017344075,2,0
IOFOPIMDJBEBFZ-UHFFFAOYSA-N,1,6.795880017344075,1,0
KHEBQTBTKXEQAN-UHFFFAOYSA-N,1,6.795880017344075,1,0
DXAXPAZZEGLINI-UHFFFAOYSA-N,1,,0,0
HZGOWCHMTFRONC-UHFFFAOYSA-N,1,,0,0
RNWJQFRWBPTMAA-UHFFFAOYSA-N,1,,0,0
RBHDUKXJDDGJKI-UHFFFAOYSA-N,1,,0,0
DLMFTGKXTGDZCJ-UHFFFAOYSA-N,1,,0,0
PCLRRDSRKSMPGP-UHFFFAOYSA-N,1,,0,0
XYAFTCLJGUGMBU-UHFFFAOYSA-N,1,,0,0
YSXQGNHRJOWSCW-UHFFFAOYSA-N,1,,0,0
KAHXPONUPROIRS-UHFFFAOYSA-N,1,,0,0
QJIHBQHUALITFU-UHFFFAOYSA-N,1,6.790484985457369,1,0
RVYPAMKCWJPLSH-UHFFFAOYSA-N,1,,0,0
OIDVIVFTQMTONJ-UHFFFAOYSA-N,1,,0,0
GBECAOYRFRVNTA-UHFFFAOYSA-N,1,6.790002703917631,1,0
PCHGCRMRRUZREQ-UHFFFAOYSA-N,1,,0,0
BNLMWAKHHJZPTH-UHFFFAOYSA-N,1,6.787812395596042,1,0
FLNJSRMYQSEHEU-UHFFFAOYSA-N,1,6.784774606607562,2,0
KGZXVJFWNYBRFY-UHFFFAOYSA-N,1,,0,0
XBMPNPGMBILBPP-UHFFFAOYSA-N,1,,0,0
MLOKWLKRFPWEHA-UHFFFAOYSA-N,1,,0,0
ULJLEPAGNIGYJX-UHFFFAOYSA-N,1,6.777283528852417,1,0
KWKXRMCRBPRGNX-UHFFFAOYSA-N,1,,0,0
XZMLRFQMXJLGRF-UHFFFAOYSA-N,1,,0,0
DEFGNQZVXMMHQJ-UHFFFAOYSA-N,1,,0,0
MJWITHOHGGKZJZ-UHFFFAOYSA-N,1,6.771062229420758,2,0
BTSCZNWXJQSJIE-UHFFFAOYSA-N,1,6.770011163455189,3,0
CVHDGXBLAOQADH-UHFFFAOYSA-N,1,6.769551078621726,1,0
KXDIYSZQVVAYOA-OAHLLOKOSA-N,1,6.769551078621726,1,0
BGJDVOKZOHLJPT-UHFFFAOYSA-N,1,6.769551078621726,1,0
NUEKBJSFUOTLCO-UHFFFAOYSA-N,1,6.769551078621726,1,0
BBDKMDPFSHNKJZ-UHFFFAOYSA-N,1,6.769551078621726,1,0
QAESTHCUZJPQGF-UHFFFAOYSA-N,1,,0,0
QYAUUWJPEUPHAT-UHFFFAOYSA-N,1,,0,0
WHEWCDCGFVTYAK-UHFFFAOYSA-N,1,,0,0
YHPPFQXIQZIMOW-CYBMUJFWSA-N,1,6.767003889607846,1,0
VQKRNRNICNEGLE-GXFFZTMASA-N,1,6.767003889607846,1,0
FGHOMVBEDZJTLR-GOSISDBHSA-N,1,,0,0
UTSVFENYHGEOSM-UHFFFAOYSA-N,1,6.764471553092451,1,0
JNAGEIMWCSOQKU-OCCSQVGLSA-N,1,6.761953896871205,1,0
KOKVPXWLCVIJPN-UHFFFAOYSA-N,1,,0,0
QFHMBWDXZWRJJD-BJQOMGFOSA-N,1,,0,0
LQIJGBZSCQJUGS-UHFFFAOYSA-N,1,,0,0
RKMYLISJWSNMBG-UHFFFAOYSA-N,1,,0,0
YBUOJMCAVXYQBO-UHFFFAOYSA-N,1,6.7594507517174005,1,0
YLJUQDZJFUBUSL-UHFFFAOYSA-N,1,,0,0
PJVALUSGGUHVON-KRWDZBQOSA-N,1,,0,0
BDECJFBHDUVJRU-UHFFFAOYSA-N,1,,0,0
KAURFNYKOIEFHA-UHFFFAOYSA-N,1,6.75448733218585,1,0
NZCZNMGSFLEVRM-UHFFFAOYSA-N,1,6.752026733638194,1,0
TXYPYDVBBSFEGP-UHFFFAOYSA-N,1,6.751010852575648,2,0
UWXLBLFCZDJRKI-NNMXDRDESA-N,1,,0,0
ASXGJMSKWNBENU-CQSZACIVSA-N,1,6.747146969020107,1,0
FNWIXECQKCBEDQ-UHFFFAOYSA-N,1,6.7447274948966935,1,0
XVYIADYYFNGCJZ-CMDGGOBGSA-N,1,6.7447274948966935,1,0
NFWRARMIHODAKJ-UHFFFAOYSA-N,1,6.7447274948966935,1,0
ZLUCWPDQINEIOK-UHFFFAOYSA-N,1,6.7447274948966935,1,0
QRRPJFYRWJVNBL-UHFFFAOYSA-N,1,,0,0
KRMDCWKBEZIMAB-UHFFFAOYSA-N,1,6.686132779630847,1,2
WLQXVFLJINOZPU-UHFFFAOYSA-N,1,6.73786686561651,2,0
KILHLNJNPKNQHO-UHFFFAOYSA-N,1,6.735182176990463,1,0
SDZGFAGZLJLJSV-UHFFFAOYSA-N,1,6.735182176990463,1,0
DFTCYTDJDXZFSK-NUHJPDEHSA-N,1,,0,0
UXAXXXXPTUTANS-UHFFFAOYSA-N,1,,0,0
VGKVZFQYJAJYLD-UHFFFAOYSA-N,1,,0,0
YDUOGPTWZPFZHX-UHFFFAOYSA-N,1,6.730487055782083,1,0
GQVQHZLEHMPPJD-UHFFFAOYSA-N,1,6.72999699989494,1,0
QMIUZKMFRCDUKI-UHFFFAOYSA-N,1,6.7281583934635005,1,0
VGEYSHNQKQOFLR-UHFFFAOYSA-N,1,6.7258421507363195,1,0
SNXPYOZDXRKEER-PMERELPUSA-N,1,6.723538195826755,1,0
IOUKEEFTYOZOKJ-UHFFFAOYSA-N,1,6.721246399047171,9,0
YCAAJJCVIFKZBL-UHFFFAOYSA-N,1,6.721246399047171,1,0
ZWNMRUMCFKVOHJ-UHFFFAOYSA-N,1,,0,0
ULKPWZSJDGLNAA-ZWOKBUDYSA-N,1,,0,0
BEKQWPIRNPOIER-UHFFFAOYSA-N,1,6.718966632752272,1,0
GIJMBCTXZDHLHI-UHFFFAOYSA-N,1,,0,0
RUVQMQUPSVELIK-UHFFFAOYSA-N,1,6.718344909094132,2,0
WTHYXVSYKDCUKR-UHFFFAOYSA-N,1,,0,0
RFZCXQYQFWVWHZ-UHFFFAOYSA-N,1,,0,0
CFBBXNURHJTUEK-UHFFFAOYSA-N,1,6.714442690992226,1,0
PORLBUSMWVWYQB-UHFFFAOYSA-N,1,6.714442690992226,1,0
IPQCNTXEUDGNJY-UHFFFAOYSA-N,1,6.714442690992226,1,0
VFOLOUVNAQBRDB-UHFFFAOYSA-N,1,6.714075095454843,2,0
HBUZHZJOHCSLDL-PLQXJYEYSA-N,1,6.71306649227448,2,0
OLHTYSHHUSHAPW-UHFFFAOYSA-N,1,6.7121982700697735,1,0
ZATCCWHVTMAUCE-IYARVYRRSA-N,1,6.710857164067667,1,0
IDTLNOOYTVGUDL-MBOZVWFJSA-N,1,,0,0
PUNOXAJECPGYQM-UHFFFAOYSA-N,1,,0,0
JJKPSOUEWPDPFS-UHFFFAOYSA-N,1,6.709965388637482,1,0
VJMHUOSOEAGNQW-UHFFFAOYSA-N,1,6.709965388637482,1,0
APIFLWWBMVHSHA-KRWDZBQOSA-N,1,,0,0
UENAJMHEKJGFHA-FQEVSTJZSA-N,1,,0,0
YMRDVYNNWZFRFP-UHFFFAOYSA-N,1,,0,0
PUMDJZOMWDDEEH-UHFFFAOYSA-N,1,,0,0
ANDAVALYLUYQOC-UHFFFAOYSA-N,1,,0,0
UDQMXYJSNNCRAS-UHFFFAOYSA-N,1,6.704652851666382,1,0
RNMADLUWJVACLJ-UHFFFAOYSA-N,1,,0,0
BYOLGTZWXRPJPY-UHFFFAOYSA-N,1,6.703334809738469,1,0
OUUMIQPKQSKHBW-UHFFFAOYSA-N,1,6.703334809738469,1,0
LHEQMLMJFATZEM-CQSZACIVSA-N,1,6.701146923590294,1,0
ZINLARKOVIPOJW-UHFFFAOYSA-N,1,6.699991797446187,2,0
QCZONXSWEXKHJH-KYJUHHDHSA-N,1,6.699991797446187,1,0
LTYLABGSGXHAAP-UHFFFAOYSA-N,1,6.699991797446187,1,0
CYWMNGWSZLCDHE-UHFFFAOYSA-N,1,6.699991797446187,1,0
AZJRPMAIBIEISW-TZMCWYRMSA-N,1,6.699991797446187,1,0
KCFSZIDRLPEDRQ-UHFFFAOYSA-N,1,6.699991797446187,1,0
XHDPHPBWQCZQAX-UHFFFAOYSA-N,1,6.699991797446187,1,0
PSMOCFUMBCKOPV-UHFFFAOYSA-N,1,6.699991797446187,1,0
YGOJZWAMJUGUJD-UHFFFAOYSA-N,1,6.699991797446187,1,0
TTYSBVYYRWWKNF-UHFFFAOYSA-N,1,6.699991797446187,1,0
KWAFUBLIEZQFJO-UHFFFAOYSA-N,1,6.699991797446187,1,0
GFDZRHZKBRJIGS-UHFFFAOYSA-N,1,6.699991797446187,1,0
OSRBIQHRPHNLEN-UHFFFAOYSA-N,1,6.699991797446187,1,0
ZGKITGMYHCRUFD-UHFFFAOYSA-N,1,6.699991797446187,1,0
ANGUXJDGJCHGOG-UHFFFAOYSA-N,1,6.699991797446187,1,0
XKHJTHWUWGJDOX-UHFFFAOYSA-N,1,6.699991797446187,1,0
GOPXEUGGDXDMDT-UHFFFAOYSA-N,1,,0,0
RRLCBKCJYXFQHA-UHFFFAOYSA-N,1,6.698970004336019,1,0
INZGZBABHYINRR-UHFFFAOYSA-N,1,6.698970004336019,1,0
HSIMYBORWJJPOY-UHFFFAOYSA-N,1,6.698970004336019,1,0
NJTHDWRTKWUXOY-UHFFFAOYSA-N,1,6.698970004336019,1,0
CXYBQVQGXXMVAP-UHFFFAOYSA-N,1,6.698970004336019,1,0
MLPGCAWHLVVATJ-UHFFFAOYSA-N,1,,0,0
VWGCBHSNAGFTHA-UHFFFAOYSA-O,1,,0,0
JZWZIKZZZZQMOK-UHFFFAOYSA-N,1,,0,0
GZVVQJFPHWQITG-UHFFFAOYSA-N,1,,0,0
JQMTWXCZSMHLMS-UHFFFAOYSA-N,1,,0,0
IZCLJDQWYJTBAN-UHFFFAOYSA-N,1,,0,0
KQZXADGECOXBKU-UHFFFAOYSA-N,1,,0,0
NPCJAOUAOGKSQN-UHFFFAOYSA-N,1,6.690369832574101,1,0
IKIWWXGJBAISGP-UHFFFAOYSA-N,1,6.690369832574101,1,0
NWOBFMIIGQBMFP-UHFFFAOYSA-N,1,,0,0
PGWQCIREQLHHHR-UHFFFAOYSA-N,1,6.688246138944246,1,0
UCGXXGOWEGSYJJ-UHFFFAOYSA-N,1,,0,0
KAPVOFHRIOYFQH-UHFFFAOYSA-N,1,6.684029654543082,1,0
GUOQPFNLBAXWIZ-UHFFFAOYSA-N,1,6.684029654543082,1,0
LILUJJCOIBEHSU-UHFFFAOYSA-N,1,6.681936665037238,1,0
QRTAKQZSFPJWGE-UHFFFAOYSA-N,1,,0,0
FOHGNVLGHIBZAX-UHFFFAOYSA-N,1,,0,0
FTLMEDJIWYEYEA-UHFFFAOYSA-N,1,,0,0
NLEQSFUEJXECJY-UHFFFAOYSA-N,1,6.680269505669775,1,0
USBLCVIHRKORFG-UHFFFAOYSA-N,1,6.679999195735272,1,0
BKLNFYXUBNZNOT-UHFFFAOYSA-N,1,6.679999195735272,1,0
QBWLTDPVSJCLIE-UHFFFAOYSA-N,1,,0,0
XNUNIHJOMFCFRQ-LIRRHRJNSA-N,1,6.678273661756906,2,0
JEEXKVNFXCLLCQ-IYARVYRRSA-N,1,6.6777807052660805,1,0
RVBDWZKWSXQLMF-NVXWUHKLSA-N,1,6.6777807052660805,1,0
XOZFOKIHXFIGLO-UHFFFAOYSA-N,1,6.6777807052660805,1,0
KMVWYPYWHLOVLW-UHFFFAOYSA-N,1,6.6777807052660805,1,0
JBVFOIKUFJIXQZ-UHFFFAOYSA-N,1,6.6777807052660805,1,0
LGRJUDYDLTXAOB-UHFFFAOYSA-N,1,,0,0
KGWRWVLYGMASQA-UHFFFAOYSA-N,1,,0,0
QNKGTIWNFNPEJL-UHFFFAOYSA-N,1,,0,0
NUGWCMSUXVODFI-UHFFFAOYSA-N,1,,0,0
ZLVAAOLZQMSQAG-UHFFFAOYSA-N,1,6.675717544702307,1,0
HIFGIGWFWSVOEK-UHFFFAOYSA-N,1,6.675717544702307,1,0
RLJNOVFKZCYMTH-UHFFFAOYSA-N,1,6.675717544702307,1,0
RAHMRVGFEYIRFT-UHFFFAOYSA-N,1,,0,0
XSIRCQCMKMOVGP-UHFFFAOYSA-N,1,6.671620396561263,1,0
WFUOLXWLKCINBD-UHFFFAOYSA-N,1,,0,0
UAKDULMGTDUKRO-UHFFFAOYSA-N,1,6.669586226650809,1,0
KLXKCCCIYMYATJ-UHFFFAOYSA-N,1,6.669586226650809,1,0
HIHVVYZXHODHBR-UHFFFAOYSA-N,1,6.669586226650809,1,0
YAOWMUKUYWGVDH-UHFFFAOYSA-N,1,6.667561540084394,1,0
SNOPKYLYYIIGMF-UHFFFAOYSA-N,1,,0,0
FRCZRQAUJGJNII-UHFFFAOYSA-N,1,,0,0
KSBOWCQXLJULOX-UHFFFAOYSA-N,1,,0,0
AARWZLCCVAYIQN-UHFFFAOYSA-N,1,,0,0
PABQRTMOJKZQEP-UHFFFAOYSA-N,1,,0,0
OLKYYLJXZLWORJ-UHFFFAOYSA-N,1,6.659379381312206,10,0
DAAKBMHWKLVSKY-PMOLBWCYSA-N,1,6.657577319177793,1,0
FYSSSSIVDTYBFD-UHFFFAOYSA-N,1,6.657577319177793,1,0
BQYLCESBRUFPJL-UHFFFAOYSA-N,1,6.657577319177793,1,0
VYIBPAZWROJPIT-UHFFFAOYSA-N,1,6.657577319177793,1,0
AXPMHZJZVFNEBY-QGZVFWFLSA-N,1,6.657577319177793,1,0
XACDTORTLZTQDA-UHFFFAOYSA-N,1,6.657577319177793,1,0
ILSADQLMJBGMFK-UHFFFAOYSA-N,1,6.657577319177793,1,0
ZBMQPMVISGXIDJ-UHFFFAOYSA-N,1,6.657577319177793,1,0
CAQUTUYOOHXKBM-UHFFFAOYSA-N,1,6.657577319177793,1,0
APANCCIVVADHPY-UHFFFAOYSA-N,1,6.657577319177793,1,0
ACIKAIVCJBOQAN-UHFFFAOYSA-N,1,,0,0
UKQKMANJPPZVEW-UHFFFAOYSA-N,1,,0,0
UCIZFJJDTYKVFG-UHFFFAOYSA-N,1,6.655607726314889,1,0
IHGIMVBWBWKDOW-UHFFFAOYSA-N,1,,0,0
KPPBABWZQDMBQM-UHFFFAOYSA-N,1,,0,0
CILDROBPHGWMGB-UHFFFAOYSA-N,1,6.651695136951839,1,0
QIGRVQBAYKSEIV-UHFFFAOYSA-N,1,,0,0
KCYDZGZXAVPYDV-UHFFFAOYSA-N,1,6.649751981665837,1,0
YJKBKDOYRHHENB-QXSURTEESA-N,1,6.649751981665837,1,0
ZCOCXUHOOHHYHC-UHFFFAOYSA-N,1,6.647817481888637,1,0
LURCKJAGHVQMQC-UHFFFAOYSA-N,1,,0,0
ZLQMLDGHTKCIRQ-ZHRRBRCNSA-N,1,6.647496020333332,2,0
BCWFLMWROQYMGK-UHFFFAOYSA-N,1,6.645891560852599,1,0
RDGPIFCCGRDXMY-UHFFFAOYSA-N,1,,0,0
FEPLZHWENCAUEC-JOCHJYFZSA-N,1,,0,0
FTHTYXCWRXEABJ-UHFFFAOYSA-N,1,,0,0
BPDDCCYSOYRMEC-UHFFFAOYSA-N,1,6.6401645176601125,2,0
MWNWERUECAJGJC-UHFFFAOYSA-N,1,,0,0
QMNBPBDAQNVLRM-UHFFFAOYSA-N,1,6.638272163982407,1,0
DQCAQRKXBHDRGF-UHFFFAOYSA-N,1,6.638272163982407,1,0
WFXYNLKNMYICFR-QGZVFWFLSA-N,1,6.638272163982407,1,0
RRSNTPLBDRZYRF-UHFFFAOYSA-N,1,6.638272163982407,1,0
VPRRPJPYZLZPNF-PMERELPUSA-N,1,6.638272163982407,1,0
YRTKLZDQSKUCQM-UHFFFAOYSA-N,1,6.634512015109101,1,0
ORHJUTONXWXCOS-UHFFFAOYSA-N,1,6.632258676750336,2,0
KCCBFGKNVMTXIQ-UHFFFAOYSA-N,1,,0,0
AXXXFCGETBIMKI-UHFFFAOYSA-N,1,6.629468738059917,2,0
AZLZBFGPTAMGJG-UHFFFAOYSA-N,1,,0,0
UZHIOMXZZAVYQK-UHFFFAOYSA-N,1,,0,0
KNRRIHFTWQMRNB-UHFFFAOYSA-N,1,6.628546667710732,2,0
JWPAYBAIIARWMG-UHFFFAOYSA-N,1,,0,0
MKGANIZVJZGXEI-UHFFFAOYSA-N,1,,0,0
BATHQYAQIQGDNM-UHFFFAOYSA-N,1,6.619788758288394,1,0
GRHVCLHQXSTVGR-UHFFFAOYSA-N,1,6.619788758288394,1,0
RKWDQZZKDQAENU-UHFFFAOYSA-N,1,6.619788758288394,1,0
FVDJBCOSGCFCMV-UHFFFAOYSA-N,1,,0,0
DMEAUWNQEDPHFL-UHFFFAOYSA-N,1,,0,0
UKOCGOXTVCIACM-UHFFFAOYSA-N,1,,0,0
MWVBXJPHOJRHOA-UHFFFAOYSA-N,1,,0,0
DFBYKWKCUIKCPG-UHFFFAOYSA-N,1,6.614393726401688,1,0
YUXGGLCIOFCGBA-UHFFFAOYSA-N,1,6.614393726401688,1,0
WEVJMQOBCRCIPF-UHFFFAOYSA-N,1,6.612432220582811,2,0
LLVOYQKYDBYLSE-UHFFFAOYSA-N,1,,0,0
UKXOUHSVLDNJMD-UHFFFAOYSA-N,1,,0,0
HVROSOVHMGPEMN-UHFFFAOYSA-N,1,,0,0
AFLPJFUVXSSHKS-UHFFFAOYSA-N,1,6.607303046740334,1,0
SAFSSBPNJDIAIH-UHFFFAOYSA-N,1,6.607303046740334,1,0
ZPKSRLSDLZMHEP-WUFINQPMSA-N,1,,0,0
ZHKSBEBKWSIVCL-UHFFFAOYSA-N,1,6.605548319173783,1,0
GQRIAOUUYRIMLH-OAHLLOKOSA-N,1,6.603800652904264,1,0
GQRIAOUUYRIMLH-UHFFFAOYSA-N,1,6.603800652904264,2,0
NXIPJCMKQNCCQK-UHFFFAOYSA-N,1,,0,0
UUTGTTDZMUFZGA-UHFFFAOYSA-N,1,6.6020599913279625,1,0
DZHAENXWCJQFRP-UHFFFAOYSA-N,1,6.6020599913279625,1,0
HYRBVOGJRAFDLT-UHFFFAOYSA-N,1,6.6020599913279625,1,0
XPFXYWKICZQNES-MRXNPFEDSA-N,1,6.6020599913279625,1,0
WFNJZMXOSUJROE-UHFFFAOYSA-N,1,6.6020599913279625,1,0
LHWCVSFLSQENCZ-UHFFFAOYSA-N,1,6.601028822700004,2,0
RHPCETHLGGFAQB-MQSINFNDSA-N,1,6.600326278518962,1,0
DVRLIKWPAJQERN-UHFFFAOYSA-N,1,6.600326278518962,1,0
FGXXPAFUXKMGKU-UHFFFAOYSA-N,1,6.600326278518962,1,0
OPJTVMKUVYOWNC-WDYNHAJCSA-N,1,6.599997654072045,1,0
PRDRZXROMYANHC-PXJZQJOASA-N,1,6.599997654072045,1,0
PJBTVIXTPXKPPS-UHFFFAOYSA-N,1,6.599997654072045,1,0
ROTMIOWLSWXTDQ-UHFFFAOYSA-N,1,6.599997654072045,1,0
QWMBVXDLQBRGEQ-UHFFFAOYSA-N,1,6.599997654072045,1,0
JQEQULOLEPTBRS-UHFFFAOYSA-N,1,6.599997654072045,1,0
TZVRVTZSSPWUGF-UHFFFAOYSA-N,1,6.599997654072045,1,0
COKSKIXACCXTRS-UHFFFAOYSA-N,1,6.599997654072045,1,0
HGTGAIQIJPCZMF-UHFFFAOYSA-N,1,6.599997654072045,1,0
ABOWDNIHZHLENL-UHFFFAOYSA-N,1,6.599997654072045,1,0
REQVSEMEKZOXFG-UHFFFAOYSA-N,1,6.599997654072045,1,0
XNCGQUVERWAFRR-UHFFFAOYSA-N,1,6.599997654072045,1,0
CGYKRSBZMBLFJC-PBHICJAKSA-N,1,6.599997654072045,1,0
VTGDLGOSPAKXEA-RXJZEZJSSA-N,1,6.599997654072045,1,0
WEFBOGOBWJVPBI-UHFFFAOYSA-N,1,,0,0
HPBCFIIQRFMWKG-HNAYVOBHSA-N,1,,0,0
ASKCQUQTSBOXCM-UHFFFAOYSA-N,1,6.599174684034172,2,0
XHSRFVQGNJCGAD-FHWLQOOXSA-N,1,6.597738617545319,1,0
IKYFNUXRYHSJTJ-XHDPSFHLSA-N,1,6.596879478824182,1,0
HISGEOZMKTZBBP-UHFFFAOYSA-N,1,6.388276691992658,3,0
NRWWWLAGZMNIDV-UHFFFAOYSA-N,1,6.595220142682366,2,0
KEFPLNQTZDBPPV-UHFFFAOYSA-N,1,6.593623513927019,2,0
IBGMJKNDQYWIAZ-UHFFFAOYSA-N,1,6.592512153050613,2,0
JBUWBWVXKLACCD-FPOVZHCZSA-N,1,,0,0
JTOJOXGQNGJXCT-UHFFFAOYSA-N,1,,0,0
FBWZMWVPZRCOTO-UHFFFAOYSA-N,1,,0,0
WZQLVEPIBAOOGF-RMMWZPCPSA-N,1,,0,0
OERZGWUVKSWOKP-RBUKOAKNSA-N,1,,0,0
NIWKHEZQCOEGDD-UHFFFAOYSA-N,1,6.586743196353734,2,0
RXSODUHUZZRAAV-UHFFFAOYSA-N,1,6.585026652029182,1,0
GZXNMNCAWGIAAW-UHFFFAOYSA-N,1,6.585026652029182,1,0
ASFIQZWALJTDCY-PMERELPUSA-N,1,,0,0
ARWONURFSGKTJW-UHFFFAOYSA-N,1,6.583359492661719,2,0
QXYJJYQLUJICPY-NRFANRHFSA-N,1,6.581698708680255,1,0
DTQBVMPAFWTCFE-UHFFFAOYSA-N,1,6.581698708680255,1,0
GTBFEJIEYNPFMI-UHFFFAOYSA-N,1,6.581698708680255,2,0
BMCZTYDZHNTKPR-INIZCTEOSA-N,1,,0,0
HAUUSSMWQKKSAX-FQEVSTJZSA-N,1,,0,0
JFFIIIVILGKQSZ-UHFFFAOYSA-N,1,6.580044251510242,1,0
DXJBLNLSLUGVEL-LBPRGKRZSA-N,1,6.579994715040948,1,0
BOIPWYRNMCLWCD-UHFFFAOYSA-N,1,,0,0
OKVMMISWCZKJGO-INIZCTEOSA-N,1,6.575118363368933,1,0
AWWFUJHGYZGUBS-UHFFFAOYSA-N,1,,0,0
PNUAYJRARXKVQH-UHFFFAOYSA-N,1,6.571865205971211,1,0
MCWNRJVMXBUUPG-OAHLLOKOSA-N,1,6.571865205971211,1,0
BFYNQIVBIQGLJA-QFIPXVFZSA-N,1,,0,0
BFVNEYDCFJNLGN-UHFFFAOYSA-N,1,,0,0
BONDCIXLHQKYHM-UHFFFAOYSA-N,1,6.568636235841012,1,0
FPHFICIJDHPAHE-RTBURBONSA-N,1,6.568636235841012,1,0
OHHKPQVUUXXVGV-UHFFFAOYSA-N,1,6.568636235841012,1,0
WZOMJNATDSYQHS-ZPWQMVEJSA-N,1,6.568636235841012,1,0
FTRMVNZQPKCUAS-UHFFFAOYSA-N,1,6.568636235841012,1,0
VONCVEKPHABPGO-UHFFFAOYSA-N,1,6.568636235841012,1,0
AEGDITSWVZEWFA-UHFFFAOYSA-N,1,,0,0
RGPTYLNPCNVHNC-UHFFFAOYSA-N,1,,0,0
PXLZPYQDTASRQC-JCVDRHSJSA-N,1,,0,0
QEAYWRGPVOISMK-UHFFFAOYSA-N,1,6.566230166075134,1,0
YEEMKPJFAQAHOW-UHFFFAOYSA-N,1,6.5638373529592435,1,0
PDRHZVHAACZKMF-VAWYXSNFSA-N,1,6.560667306169737,1,0
SLCUTXIBPDBQJC-DEOSSOPVSA-N,1,,0,0
OENQQKMDIVNPMU-QGZVFWFLSA-N,1,,0,0
JKHRBDDJXCBDKI-UHFFFAOYSA-N,1,,0,0
NCXZEVAISDJVIG-UHFFFAOYSA-N,1,6.557520230935552,1,0
SJSQVUBCTSCTIM-UHFFFAOYSA-N,1,6.556737012541305,1,0
KWMQUPPLVOZVSW-UHFFFAOYSA-N,1,,0,0
OPOCRJLNNIBIIH-KYJSFNMBSA-N,1,6.554395796726403,1,0
FDOZNCJWYJMHAG-UHFFFAOYSA-N,1,6.552841968657781,1,0
CDKQNHRWVCQEIG-UHFFFAOYSA-N,1,6.552841968657781,1,0
YHNXVNWEANWEHW-UHFFFAOYSA-N,1,6.552841968657781,1,0
RSLYNHHGHMPLKL-JTKSJCOOSA-N,1,6.552841968657781,1,0
KYSNHZPEWJTUAP-UHFFFAOYSA-N,1,,0,0
LWBLFKWXBXEZMX-UHFFFAOYSA-N,1,,0,0
MTISMBMXUZQJJC-UHFFFAOYSA-N,1,,0,0
QHGCDJHEAXDUFX-UHFFFAOYSA-N,1,,0,0
OISSAGDOBVXRAL-UHFFFAOYSA-N,1,6.55129368009492,1,0
VNAZBTWTBGIYND-UHFFFAOYSA-N,1,6.550521600812635,1,0
ZOGCPCPBHXLAHX-UHFFFAOYSA-N,1,6.549997369826814,1,0
YTJBCMWEQPWTAA-UHFFFAOYSA-N,1,,0,0
LRLLQEVBYRSPTP-UHFFFAOYSA-N,1,,0,0
LSTIDGGQGHFYCB-UHFFFAOYSA-N,1,,0,0
CQUBXYMWRLKXKL-UHFFFAOYSA-N,1,,0,0
LEACNHXRZNVYRP-UHFFFAOYSA-N,1,6.547102059816066,2,0
XDUZMCZHXHFPEP-UHFFFAOYSA-N,1,,0,0
PCWGGOVOEWHPMG-UHFFFAOYSA-N,1,,0,0
USIXSLYEMNSLPV-UHFFFAOYSA-N,1,,0,0
JIPGSTBSUISSPJ-UHFFFAOYSA-N,1,,0,0
VILSZFKXSYCHGB-UHFFFAOYSA-N,1,,0,0
AEKRAVIJSVJVBT-UHFFFAOYSA-N,1,6.542118103266008,1,0
ZKLWDLIUAFTPCZ-UHFFFAOYSA-N,1,,0,0
QUWDNVLTBILVHN-UHFFFAOYSA-N,1,,0,0
DDCGYKUGMMDSDD-UHFFFAOYSA-N,1,6.539102157243452,1,0
CZOXEMUHIJZXSF-UHFFFAOYSA-N,1,,0,0
PZBBMWTZUNRBLR-UHFFFAOYSA-N,1,6.537602002101044,1,0
GDNIDPXEYGAWQX-UHFFFAOYSA-N,1,,0,0
BDUVGZUKNGPFEZ-UHFFFAOYSA-N,1,,0,0
ZJRXUBXQPXFSRJ-UHFFFAOYSA-N,1,6.534617148551582,1,0
LGHLMADLDHUIJY-SHZHJNINSA-N,1,6.53313237964589,1,0
IVLRTSCKCRHEJC-UHFFFAOYSA-N,1,6.53313237964589,1,0
ZBGYXTWHZHZMHW-UHFFFAOYSA-N,1,,0,0
PWYCTCPWHXJEDU-UHFFFAOYSA-N,1,6.528708288941061,1,0
SOOGRYSPVROLLT-UHFFFAOYSA-N,1,6.527243550682788,1,0
UFDRKLGFQRVMRE-UHFFFAOYSA-N,1,,0,0
WCHWFNCOZFCZSO-UHFFFAOYSA-N,1,6.522878745280337,1,0
BXDRNJJKCXNAGV-UHFFFAOYSA-N,1,6.522878745280337,1,0
GIHFRARKMBMXPG-UHFFFAOYSA-N,1,6.522878745280337,1,0
YDCWHOYYMICCQD-UHFFFAOYSA-N,1,6.522878745280337,1,0
WQPRXYGVHKQNOH-HNNXBMFYSA-N,1,6.517126416391246,1,0
QDTSODNKOSJEPX-UHFFFAOYSA-N,1,6.514278573518419,1,0
QXUOSGAFYZBCAK-UHFFFAOYSA-N,1,6.513569521145566,1,0
CQDDNQVYYAJBQL-UHFFFAOYSA-N,1,,0,0
WSVWKHTVFGTTKJ-UHFFFAOYSA-N,1,6.510041520575165,1,0
YDQYJYPAQZRPCT-UHFFFAOYSA-N,1,6.510041520575165,1,0
OMABWURKRSVEKR-UHFFFAOYSA-N,1,,0,0
ALPOWWDAVMFBEC-UHFFFAOYSA-N,1,,0,0
FPHFICIJDHPAHE-RBUKOAKNSA-N,1,6.508638306165727,1,0
ILONWIHGXYVYRK-UHFFFAOYSA-N,1,6.508638306165727,1,0
UDYXSPVICNNUPJ-UHFFFAOYSA-N,1,,0,0
JSVQMWDVJKCFFX-UHFFFAOYSA-N,1,,0,0
IGMYCJFCNUVBNZ-UHFFFAOYSA-N,1,,0,0
HCJSXNXLTDYAKZ-UHFFFAOYSA-N,1,,0,0
GCEDZTWELCPACO-UHFFFAOYSA-N,1,,0,0
LKUILOJELWBGMK-JSOSNVBQSA-N,1,,0,0
DVALOPXWVWHIHY-SFHVURJKSA-N,1,6.499996931948306,1,0
PDLVJSBMRGEXNE-UHFFFAOYSA-N,1,6.499996931948306,1,0
FQILBZPKWUSDNG-UHFFFAOYSA-N,1,6.499996931948306,1,0
HULQLOOBDVQQSC-UHFFFAOYSA-N,1,6.499996931948306,1,0
BVMLPMCCWDUGDH-UHFFFAOYSA-N,1,6.499996931948306,1,0
KBAMXOZNCXYSJT-UHFFFAOYSA-N,1,6.499996931948306,1,0
USKZVJAZXRLUHK-UHFFFAOYSA-N,1,6.499996931948306,1,0
BDRCTGAXOWRNQU-UHFFFAOYSA-N,1,6.499996931948306,1,0
RARDZQWGAVAIAO-UHFFFAOYSA-N,1,6.499996931948306,1,0
VRQBYXDBZXNLRA-UHFFFAOYSA-N,1,6.499996931948306,1,0
DTSBUYTYJIUAIH-UHFFFAOYSA-N,1,6.498940737782249,1,0
QZUDBNBUXVUHMW-UHFFFAOYSA-N,1,6.496209316942819,35,2
MZCVVBNYRQNALN-UHFFFAOYSA-N,1,6.494850021680094,1,0
KMVQZDOEGJZFKZ-UHFFFAOYSA-N,1,6.494850021680094,1,0
RUCVLTFMJJZXOA-UHFFFAOYSA-N,1,6.494850021680094,1,0
RVBDWZKWSXQLMF-RDJZCZTQSA-N,1,6.494850021680094,1,0
RGBHOSATWXCXSR-UHFFFAOYSA-N,1,6.494850021680094,1,0
FFDHLEGSHFJYQA-UHFFFAOYSA-N,1,6.494850021680094,1,0
DXCOQJVYSXJFAX-UHFFFAOYSA-N,1,6.494850021680094,1,0
DAMZXOKWXKGWAF-UHFFFAOYSA-N,1,,0,0
LMJQZJCJGXDLSR-UHFFFAOYSA-N,1,,0,0
VFZKZZYPGOBKJY-UHFFFAOYSA-N,1,6.492427464833347,2,0
ZLQMLDGHTKCIRQ-AOMKIAJQSA-N,1,6.492320122295393,2,0
ASNREPVWGRJPSG-HUUCEWRRSA-N,1,6.490797477668897,1,0
WCEIUAYVTGWLJR-UHFFFAOYSA-N,1,,0,0
ROZJLRVGVXVODO-CQSZACIVSA-N,1,6.4900049079866005,1,0
OJYUKAHOHYUAHF-UHFFFAOYSA-N,1,,0,0
SFNVUZGWWDUWJI-ATJRSEPMSA-N,1,,0,0
JYIJFUATJBLBJG-UHFFFAOYSA-N,1,,0,0
OUXSXBHPMQCPQT-FOCLMDBBSA-N,1,6.488116639021126,1,0
FBGLPECKCFZJFU-UHFFFAOYSA-N,1,6.486782399932061,1,0
XBHUNPOHYIWVNE-CQSZACIVSA-N,1,6.485745484054356,2,0
ILVSPFZMTPGFNW-UHFFFAOYSA-N,1,6.484898616872612,2,0
WNZBBTJFOIOEMP-FQEVSTJZSA-N,1,6.481486060122112,1,0
KPFBQVMYZMGXQK-UHFFFAOYSA-N,1,6.481486060122112,1,0
KTYLNGVSKMMZGB-UHFFFAOYSA-N,1,6.481486060122112,1,0
HMLJHBVGLCIEGH-UHFFFAOYSA-N,1,6.481486060122112,1,0
BHVCUILNYRRCIE-UHFFFAOYSA-N,1,,0,0
QNUZTODQUSLYJC-UHFFFAOYSA-N,1,,0,0
ZGUKBYAGUXPWLB-RMDSEJHCSA-N,1,,0,0
OHODDACZFUFQDV-UHFFFAOYSA-N,1,6.476253533188435,1,0
UPZQTOBGZYRXMC-UHFFFAOYSA-N,1,6.474307475494989,1,0
JPXQQLVVAAHNSC-UHFFFAOYSA-N,1,,0,0
DDEDFIYGQWYHBZ-GFCCVEGCSA-N,1,6.471083299722345,1,0
JYTBEUORVGHEBI-UHFFFAOYSA-N,1,6.471083299722345,1,0
LCKBEOTXTNWYRG-UHFFFAOYSA-N,1,6.470005326930858,1,0
XJFQAYHTOHLUIP-UHFFFAOYSA-N,1,,0,0
NAWFUJBIFOJDRO-UHFFFAOYSA-N,1,,0,0
PGAXGWGBGVJKJG-MRXNPFEDSA-N,1,6.4698003017969175,1,0
SNZILXJFTMMHEQ-UHFFFAOYSA-N,1,6.468521082957745,1,0
PDQWDSWLQAHIBM-UHFFFAOYSA-N,1,6.468521082957745,2,0
FQXALFLSCOKUML-UHFFFAOYSA-N,1,6.468521082957745,1,0
SVLAHMNAIPTSSR-UHFFFAOYSA-N,1,,0,0
ZLTIKXYTELEOBL-UHFFFAOYSA-N,1,,0,0
NFBNIRNKYJTDIE-UHFFFAOYSA-N,1,6.467245621007502,1,0
SBKJMNCSBLEGCS-UHFFFAOYSA-N,1,6.465973893943865,1,0
DOWWARCXHKBRSK-UHFFFAOYSA-N,1,,0,0
AUBNLLGXUCCYFZ-UHFFFAOYSA-N,1,6.464705879957229,1,0
JGUJMJSODMVSHV-UHFFFAOYSA-N,1,,0,0
XUBBXZOTHIPKRG-UHFFFAOYSA-N,1,,0,0
OVTLMIGCVPXGIF-UHFFFAOYSA-N,1,6.46108848003835,2,0
ALJVVUIFWXGXTR-UHFFFAOYSA-N,1,6.459670525209127,1,0
RUOVJGSFCGUFDC-UHFFFAOYSA-N,1,,0,0
LUZGPEPGAGXEQF-UHFFFAOYSA-N,1,6.455931955649724,1,0
FPHFICIJDHPAHE-OALUTQOASA-N,1,6.455931955649724,1,0
FKPUMTSFODZMAY-UHFFFAOYSA-N,1,6.455931955649724,1,0
RMDQSWIVOHIFNT-UHFFFAOYSA-N,1,6.455931955649724,1,0
PYVFEIJTIUOBFF-NDEPHWFRSA-N,1,6.455931955649724,1,0
CYRGUPLYZBDIMV-UHFFFAOYSA-N,1,,0,0
APDUBUJHUYQKMX-UHFFFAOYSA-N,1,6.449887897707127,2,0
MLMPITXUNSOGFE-UHFFFAOYSA-N,1,6.446116973356125,1,0
YIJDPVLWVKAIMO-GFCCVEGCSA-N,1,6.44490555142168,1,0
XJGIQRQUJHWFSC-UHFFFAOYSA-N,1,6.443697499232712,3,0
JSOOBIHCFROWDG-UHFFFAOYSA-N,1,6.443697499232712,1,0
QBCMSAVCLXLVLP-MRXNPFEDSA-N,1,6.443697499232712,1,0
PBACHGGJZAASIQ-UHFFFAOYSA-N,1,6.442492798094342,1,0
KMPUUVTZQFSTEA-UHFFFAOYSA-N,1,6.441847586229673,2,0
KWPDQKFFYHDFIG-UHFFFAOYSA-N,1,,0,0
OFDQLTVLCXEIAI-UHFFFAOYSA-N,1,6.438898616350944,1,0
FDGXVDUYFWJNRM-UHFFFAOYSA-N,1,,0,0
SMAYDEMZELAUEB-UHFFFAOYSA-N,1,6.436518914605589,1,0
AOMZLKZZYNTVAW-UHFFFAOYSA-N,1,6.434351101701188,2,0
BSQJXUKPWMUTBT-UHFFFAOYSA-N,1,,0,0
OLRDLGNPSAUGKS-UHFFFAOYSA-N,1,6.431798275933005,1,0
RSTJJQONPRJAIE-UHFFFAOYSA-N,1,6.431798275933005,1,0
HNCOLMVXXZHGHT-UHFFFAOYSA-N,1,6.431798275933005,1,0
NXRNOJKUXYWBIA-LJAQVGFWSA-N,1,6.431798275933005,1,0
QKDZZWJEUUEDPE-UHFFFAOYSA-N,1,,0,0
WUDCCQFZITUELQ-UHFFFAOYSA-N,1,,0,0
WRUNDYWPHKJEIH-UHFFFAOYSA-N,1,,0,0
IWPBBAPLZQJENH-UHFFFAOYSA-N,1,,0,0
JOCIPRSPZCLXKS-UHFFFAOYSA-N,1,6.431484028539575,2,0
BRIATAZJUYBSAJ-INIZCTEOSA-N,1,,0,0
OKODMCHGOYUBGY-SNVBAGLBSA-N,1,,0,0
OJFGNESHNMETMU-UHFFFAOYSA-N,1,,0,0
LVXYAFNPMXCRJI-GOSISDBHSA-N,1,6.427128397799519,1,0
UCNOTTVNPRSTFW-XSFNXXSESA-N,1,6.425968732272281,1,0
WLNCDWOGRLAGPA-UHFFFAOYSA-N,1,,0,0
FJYYLTSACBJXID-UHFFFAOYSA-N,1,6.423658649794207,1,0
WALQYBLEMBEYFX-JOCHJYFZSA-N,1,,0,0
ZCDDPEAAEDRNJF-UHFFFAOYSA-N,1,6.42021640338319,1,0
SFQRCRYSIPJHQY-UHFFFAOYSA-N,1,6.42021640338319,1,0
UOPBRNUATAQDND-UHFFFAOYSA-N,1,,0,0
UYCJWHABGCDKEQ-UHFFFAOYSA-N,1,,0,0
AIYKVNCJQXICKY-UHFFFAOYSA-N,1,,0,0
VRBKIVRKKCLPHA-UHFFFAOYSA-N,1,,0,0
DGFGHVHKQCWUJA-UHFFFAOYSA-N,1,6.41953716736767,2,0
WMIVISJOMKDPGX-UHFFFAOYSA-N,1,,0,0
UHMCLVHQIYTYOA-UHFFFAOYSA-N,1,6.417936637088291,1,0
WIJUWJDUUDINBR-GOSISDBHSA-N,1,,0,0
XRDZUZLOELIAOU-UHFFFAOYSA-N,1,6.416801226031377,1,0
NQVCRJIGEWITKT-UHFFFAOYSA-N,1,,0,0
OQBXWWGQCMPQTM-UHFFFAOYSA-N,1,,0,0
DZWGDUHDXDFOQC-UHFFFAOYSA-N,1,6.414539270491499,1,0
ZFIFMHZQHDPZDW-JSOSNVBQSA-N,1,,0,0
LVXZELAZCGYHRC-UHFFFAOYSA-N,1,6.40999458034867,1,0
LNEZIIGVFFLLQU-UHFFFAOYSA-N,1,6.4089353929735005,1,0
QDUNOUQOKOYLCH-UHFFFAOYSA-N,1,6.4089353929735005,1,0
DXTFDOIEUMNMMV-UHFFFAOYSA-N,1,6.4089353929735005,3,0
HRHSURDPAJFNRA-UHFFFAOYSA-N,1,6.4089353929735005,1,0
FJZRVTBENKLHMM-UHFFFAOYSA-N,1,,0,0
PGTMRNBGCGSJFJ-UHFFFAOYSA-N,1,,0,0
NFCAJYXEMNIWPF-UHFFFAOYSA-N,1,,0,0
VDHAWDNDOKGFTD-MRXNPFEDSA-N,1,,0,0
URKOMYMAXPYINW-UHFFFAOYSA-N,1,6.468521082957745,5,2
GLMUYARIPQRMIW-UHFFFAOYSA-N,1,6.402304814074488,1,0
ROHKDSZWDXPTKF-UHFFFAOYSA-N,1,,0,0
UTRNBIMBKRRKDH-UHFFFAOYSA-N,1,6.399996913372259,1,0
WKIHYCMRGGUMCH-UHFFFAOYSA-N,1,6.399996913372259,1,0
ZEZPYBMUPDTITR-UHFFFAOYSA-N,1,6.399996913372259,1,0
OCKYRBSJWIYEBM-OXQOHEQNSA-N,1,,0,0
WUSXPLYESFHLLY-UHFFFAOYSA-N,1,,0,0
VAGMAHDJGBPZIB-HSZRJFAPSA-N,1,,0,0
SKNVJEZUCGHGRG-UHFFFAOYSA-N,1,,0,0
FSYNULSLZHGKCA-AZUAARDMSA-N,1,,0,0
XYXNDRMGQIINHD-UHFFFAOYSA-N,1,,0,0
HDQVTWXXANYCIU-MWLCHTKSSA-N,1,,0,0
ROKAKGMAWJNFEN-UHFFFAOYSA-N,1,6.393726146830012,3,0
BODKZKXTTLFUIE-UHFFFAOYSA-N,1,,0,0
OJINAULTAMERKJ-UHFFFAOYSA-N,1,,0,0
RWDBDUKKVDGKLL-UHFFFAOYSA-N,1,6.3893398369101195,1,0
VBJJOYHRWXQNFV-UHFFFAOYSA-N,1,6.388276691992658,1,0
GYWHDZIJHYATFG-UHFFFAOYSA-N,1,6.3872161432802645,1,0
RMXWGHDSQFWKHG-UHFFFAOYSA-N,1,6.3872161432802645,1,0
LOOROOGJSWXTHW-UHFFFAOYSA-N,1,6.3872161432802645,1,0
UWDDPDDBHFLUEH-UHFFFAOYSA-N,1,,0,0
MAFQRGJTJAMOBM-UHFFFAOYSA-N,1,,0,0
BOPVQJAIGZUFJL-UHFFFAOYSA-N,1,,0,0
MYFHADFSNRZMLH-UHFFFAOYSA-N,1,6.3819519032879075,1,0
RMKVCRINIVDQQR-FQEVSTJZSA-N,1,,0,0
GXGVWEMSSIKHOZ-UHFFFAOYSA-N,1,,0,0
PQBWSEUMJSRWDF-UHFFFAOYSA-N,1,,0,0
FFZALGRQJRVCKO-ZDUSSCGKSA-N,1,6.378375033651015,2,0
QPOPFNWPFQDIQV-UHFFFAOYSA-N,1,6.376750709602099,1,0
RKJGOTQLYDWXJL-UHFFFAOYSA-N,1,,0,0
QEVFANOTWOZMFN-UHFFFAOYSA-N,1,6.374687549038326,2,0
QVJKSJKBVZSPPJ-LMONUYQQSA-N,1,,0,0
OAWCCPORHBJQQY-AWEZNQCLSA-N,1,6.373265451060172,2,0
RNNKCHJUBXFBQB-UHFFFAOYSA-N,1,6.372634143407268,1,0
MQDDJWTVOBHYHX-UHFFFAOYSA-N,1,,0,0
UXRVFSIWSWPXSI-IONNQARKSA-N,1,,0,0
SVJMLYUFVDMUHP-XIFFEERXSA-N,1,,0,0
QZNVCRYUPLFRHD-DEOSSOPVSA-N,1,,0,0
IKBKZGMPCYNSLU-RGVLZGJSSA-N,1,,0,0
KOVNCVPOPFUEPN-UHFFFAOYSA-N,1,6.369572124974976,1,0
PMNZCFDKKKLFHH-UHFFFAOYSA-N,1,6.369572124974976,1,0
XKJCYPAWMASKGX-UHFFFAOYSA-N,1,6.369572124974976,1,0
OENQQKMDIVNPMU-UHFFFAOYSA-N,1,,0,0
ZNVJBKVJJHNRRV-UHFFFAOYSA-N,1,6.368556230986828,1,0
IYHHRZBKXXKDDY-UHFFFAOYSA-N,1,,0,0
OABMFFJUPVFTDD-UHFFFAOYSA-N,1,6.367542707815276,1,0
QRUCJPHVVJRIMC-UHFFFAOYSA-N,1,6.366531544420413,1,0
GGKGPBLSDOYJJD-UHFFFAOYSA-N,1,6.366531544420413,1,0
IGAYGUGEWYBNRY-UHFFFAOYSA-N,1,6.366531544420413,2,0
GWSJSKIZAIMZOZ-UHFFFAOYSA-N,1,6.366531544420413,1,0
PHHRLMSWZZUWNE-UHFFFAOYSA-N,1,,0,0
MTASNPVDMSIQLV-BRLLKYFNSA-N,1,6.3655227298392685,1,0
JWYUBODPEUBFLH-FSTMKDAKSA-N,1,6.363512103646634,1,0
VZTUIEROBZXUFA-INIZCTEOSA-N,1,,0,0
DYLSSJRMONSQGQ-UHFFFAOYSA-N,1,,0,0
PMZOPKCHYGDQPO-JOCHJYFZSA-N,1,,0,0
LOOPVARSTUYIDY-UHFFFAOYSA-N,1,,0,0
VDNJPDREVJLHKX-UHFFFAOYSA-N,1,,0,0
PBFDUYRSNDQIDN-UHFFFAOYSA-N,1,,0,0
YBWZCNHZSGYCJP-UHFFFAOYSA-N,1,,0,0
QUVIJOPWQUCXGM-UHFFFAOYSA-N,1,6.356547323513812,1,0
YOQUNJDFYTYTTC-UHFFFAOYSA-N,1,6.356547323513812,1,0
YVPBESDCGKPQTK-UHFFFAOYSA-N,1,6.354577730650908,1,0
ZORLJXWXFABTPZ-CTNGQTDRSA-N,1,,0,0
SFLSHLFXELFNJZ-QMMMGPOBSA-N,1,,0,0
GPALOBCMKKYZEA-UHFFFAOYSA-N,1,,0,0
RXOQYNOKQGUANO-UHFFFAOYSA-N,1,,0,0
BTSMIVQFEUCDAW-UHFFFAOYSA-N,1,,0,0
XERZUXOKZOACKV-UHFFFAOYSA-N,1,,0,0
IBMJCDACSWDYQN-UHFFFAOYSA-N,1,6.346787486224656,1,0
PJMOAMQVWVRXEQ-UHFFFAOYSA-N,1,6.346787486224656,1,0
KGPBZECHWRAGLN-UHFFFAOYSA-N,1,6.346787486224656,1,0
BTEHEQVRGFEGCF-UWBLVGDVSA-N,1,,0,0
NEUFWHZAVWYYSZ-UHFFFAOYSA-N,1,6.341035157335565,1,0
AXPMHZJZVFNEBY-KRWDZBQOSA-N,1,6.34008379993015,1,0
WRBLMUFLYRGRPQ-UHFFFAOYSA-N,1,6.339998279897117,1,0
PLYQWXWXIUOYQJ-UHFFFAOYSA-N,1,6.337242168318426,1,0
LTNOCTARMCCZMF-UHFFFAOYSA-N,1,,0,0
OVNWEDVAMBIZAQ-UHFFFAOYSA-N,1,,0,0
JNODQFNWMXFMEV-UHFFFAOYSA-N,1,,0,0
ZVHOLIZEVQEFBP-UHFFFAOYSA-N,1,6.333482019445119,1,0
DOHBWZBXSGIRIR-UHFFFAOYSA-N,1,6.332547047110046,1,0
KEAJISWSTUQSFY-UHFFFAOYSA-N,1,6.330683119433887,1,0
FVIINRQKSXAKLE-UHFFFAOYSA-N,1,6.330683119433887,1,0
PVACCLSEBPABQC-UHFFFAOYSA-N,1,,0,0
JPLZGZBACZPXMR-UHFFFAOYSA-N,1,,0,0
KESPBTDDQDBERC-UHFFFAOYSA-N,1,6.327902142064282,1,0
NBXGUYASUMJQNP-UHFFFAOYSA-N,1,,0,0
UQVUXUJHZYIOHV-UHFFFAOYSA-N,1,,0,0
FOLXSEMOHDUPCN-UHFFFAOYSA-N,1,,0,0
AGZPZBJIQLGGOQ-UHFFFAOYSA-N,1,6.323306390375134,1,0
ORLPGYDVWSWYGK-SUMDDJOVSA-N,1,6.3214816209598865,1,0
WVEQYQHSBOYABA-UHFFFAOYSA-N,1,6.318758762624412,1,0
CCWCGSVNRVVPNM-UHFFFAOYSA-N,1,6.318758762624412,2,0
UTSZTPIAGJECRH-BRLLKYFNSA-N,1,6.318758762624412,1,0
VXWWHYWZTKORBH-UHFFFAOYSA-N,1,6.318758762624412,1,0
PHGOEMMHIGVMIN-UHFFFAOYSA-N,1,,0,0
MTDYDDJVCIHZKH-UHFFFAOYSA-N,1,,0,0
JYJNPJVGVPZHKA-UHFFFAOYSA-N,1,6.31695296176115,1,0
UFTCGRNKZUBROZ-UHFFFAOYSA-N,1,,0,0
SWKBPFACSXLZFM-LJQANCHMSA-N,1,6.310691140876379,1,0
WGQZGJCCZRWHOF-UHFFFAOYSA-N,1,6.309998953116937,1,0
VXILQLXJSINXHA-UHFFFAOYSA-N,1,,0,0
QCXHSUNSZGYUFF-UHFFFAOYSA-N,1,6.309803919971486,1,0
GCSJTLWMFLOWBK-UHFFFAOYSA-N,1,6.308918507877031,1,0
HGRHWEAUHXYNNP-UHFFFAOYSA-N,1,6.307696877091684,2,0
JXNOGBVEQNMHDF-UHFFFAOYSA-N,1,6.30715308072277,1,0
LEVQMJILJZDTPU-UHFFFAOYSA-N,1,,0,0
OKFIQGYGZIGIDI-UHFFFAOYSA-N,1,,0,0
LUPMVYRKJBZCCI-UHFFFAOYSA-N,1,,0,0
SGVJKODGLNRNLW-UHFFFAOYSA-N,1,,0,0
UWSBTSAJZMIHBL-HDJSIYSDSA-N,1,,0,0
OXKVUNLFMUWLAP-UHFFFAOYSA-N,1,6.301029995663981,1,0
WAPXCWVANCEDGJ-UHFFFAOYSA-N,1,6.301029995663981,1,0
IBRKLUSXDYATLG-LURJTMIESA-N,1,6.301029995663981,1,0
SGHVFQQOVSYPTO-UHFFFAOYSA-N,1,6.301029995663981,1,0
GTABKUMYLUXCIH-UHFFFAOYSA-N,1,,0,0
JEYKHDMZDCZJFI-UHFFFAOYSA-N,1,,0,0
PBBXHMUHWXEQJW-UHFFFAOYSA-N,1,6.300162274132754,1,0
LOCQRDBFWSXQQI-UHFFFAOYSA-N,1,6.299997602857746,3,0
ZINAGLZHGNCAAM-XMMPIXPASA-N,1,6.299997602857746,1,0
MGAAQQVYULJSPC-UHFFFAOYSA-N,1,6.299997602857746,1,0
ZLSIXWCLVGKULN-CZUORRHYSA-N,1,6.299997602857746,1,0
GFDLWVZOTUWVML-UHFFFAOYSA-N,1,6.299997602857746,1,0
JPTWRZCVSGGHPS-UHFFFAOYSA-N,1,6.299997602857746,1,0
LKPJQZSWFLAVEV-UHFFFAOYSA-N,1,6.299997602857746,1,0
GFLAXMWGVQJOMI-UHFFFAOYSA-N,1,6.299997602857746,1,0
DGWBQMLESHGUBF-UHFFFAOYSA-N,1,6.299997602857746,1,0
FVSOIPSTCDDDHQ-UHFFFAOYSA-N,1,,0,0
CNTUZANNBZOTNO-UHFFFAOYSA-N,1,,0,0
WJBZDMXLXHXOQF-UHFFFAOYSA-N,1,,0,0
NIWPZKYAFLVDMU-KYJSFNMBSA-N,1,6.29929628285498,1,0
QSLMDECMDJKHMQ-UHFFFAOYSA-N,1,6.297569463554474,1,2
PMKAIUNAWGFBKO-UHFFFAOYSA-N,1,,0,0
VELJFQQYEQHBOB-CQSZACIVSA-N,1,6.296213713379904,2,0
IBGVTRNZLWEIPT-UHFFFAOYSA-N,1,6.2949920406666635,1,0
LMHDKCMDVMZRMD-UHFFFAOYSA-N,1,,0,0
RURTXDUFVIOALE-MRXNPFEDSA-N,1,6.293282217663242,1,0
IALFUNSVFHBTHD-ZHZULCJRSA-N,1,6.292429823902063,1,0
FSHKWBYMYDCHAB-HKWRFOASSA-N,1,6.292429823902063,1,0
DSJQTHADLDMTRA-UHFFFAOYSA-N,1,6.292429823902063,1,0
VKZILFVYTKXRFT-UHFFFAOYSA-N,1,,0,0
HXJGPTHZZPIRKV-UHFFFAOYSA-N,1,,0,0
IAEPLCQQQMHCHK-UNEWFSDZSA-N,1,6.290730039024169,1,0
PFGBBCQUFOGHGT-QKCSRTOESA-N,1,6.290730039024169,1,0
GTHHJVJOWMXRBS-UHFFFAOYSA-N,1,,0,0
QVHPJLAUHGFQOY-UHFFFAOYSA-N,1,,0,0
CYMMDQPIVHDAPZ-UHFFFAOYSA-N,1,6.289882634888183,1,0
OPZKYIOCNPKDBN-CQSZACIVSA-N,1,6.289036881004725,1,0
QHZGODNBRISJPN-UHFFFAOYSA-N,1,,0,0
YNVKFHIWFDRVNY-UHFFFAOYSA-N,1,6.285328995521157,2,0
VIHBCLOGDPFGGP-UHFFFAOYSA-N,1,6.2839966563652006,3,0
QWRGAWDCPBDPDE-UHFFFAOYSA-N,1,,0,0
JWBACCHTZDUJCB-IOASZLSFSA-N,1,,0,0
XFZUOWZQZTZZCP-UHFFFAOYSA-N,1,6.283162276700475,1,0
RWFSSGIYTQCWMB-MRXNPFEDSA-N,1,6.282329496997738,1,0
QZAYGJVTTNCVMB-UHFFFAOYSA-N,1,6.281498311132726,1,0
YLLMKDPCGLJFQN-CYBMUJFWSA-N,1,6.280668713016274,1,0
SJNLUIGGLBDGFM-UHFFFAOYSA-N,1,6.280668713016274,1,0
OOMIAFXMQARGDX-QHCPKHFHSA-N,1,,0,0
ABVUWVBSAIPHQT-UHFFFAOYSA-N,1,,0,0
FEUOYGFGQUAIGL-UHFFFAOYSA-N,1,,0,0
IFPGADOWNOXLNQ-UHFFFAOYSA-N,1,,0,0
YLPJQEDKFKCTSE-UHFFFAOYSA-N,1,6.278321560590878,2,0
XRXVZFVFIDKFOR-UHFFFAOYSA-N,1,6.278189384787453,1,0
HQGWTXXZVBZBPH-UHFFFAOYSA-N,1,6.276544327964814,1,0
JFCDMGGMCUKHST-UHFFFAOYSA-N,1,,0,0
DUTVAWSMMMBCQT-UHFFFAOYSA-N,1,6.275724130399211,1,0
JSGXAYKHXNUQAX-UHFFFAOYSA-N,1,6.275724130399211,5,0
LQGNDHYNCHVOGU-UHFFFAOYSA-N,1,6.275724130399211,1,0
JPOKVZABMSIDPD-UHFFFAOYSA-N,1,,0,0
AXPMHZJZVFNEBY-UHFFFAOYSA-N,1,6.270025714300445,1,0
XPLYYMRQGCFSNB-UHFFFAOYSA-N,1,,0,0
GALCSZPFCCZIBC-UHFFFAOYSA-N,1,6.269217724333611,1,0
ZQEBKQUIKOLFRO-UHFFFAOYSA-N,1,6.268803846446804,2,0
KGMLFGARCJUMAB-UHFFFAOYSA-N,1,6.268411234813261,1,0
AGUIOVNIFLIHLU-UHFFFAOYSA-N,1,,0,0
VZZGBKXBBHQYML-MOJGAOKDSA-N,1,6.266802734893431,1,0
VEEYYIQQKILMMS-UHFFFAOYSA-N,1,6.26440110030182,1,0
SAUWBVJOXSKPQX-UHFFFAOYSA-N,1,6.26440110030182,1,0
QLMIVFXMQPUHKG-UHFFFAOYSA-N,1,6.26440110030182,1,0
QLJOSZATCBCBDR-DFKUFRTHSA-N,1,,0,0
RGPCRBZQIQJDTL-UHFFFAOYSA-N,1,6.262012673666569,1,0
PLMJRPLZFUQQCS-UHFFFAOYSA-N,1,6.261219441515631,1,0
UXXVKIMDJCJFRO-UHFFFAOYSA-N,1,,0,0
FQPSOJRHFJUUMC-HNNXBMFYSA-N,1,,0,0
YWOYXYWGFUHWBM-UHFFFAOYSA-N,1,6.2611401979278,1,0
HPUIXKCTAYDNTF-UHFFFAOYSA-N,1,,0,0
SNFLVHDMWFYRRB-UHFFFAOYSA-N,1,6.259637310505756,1,0
LGUFSCDYROWRTJ-UHFFFAOYSA-N,1,,0,0
ISHULLMLYOWDJR-VWLOTQADSA-N,1,,0,0
GOFKTWKLJPDQCU-UHFFFAOYSA-N,1,,0,0
UEXJPFHGKCBUSS-UHFFFAOYSA-N,1,,0,0
QCZAQDDIFCRXPX-XMMPIXPASA-N,1,,0,0
NXODIUKWAVUFGF-INIZCTEOSA-N,1,,0,0
LGUXLRSWEKEXMZ-UHFFFAOYSA-N,1,6.251811972993799,1,0
MDQWSMFPLDSLBV-UHFFFAOYSA-N,1,6.251811972993799,1,0
YVOSGVTYMLFWSK-UHFFFAOYSA-N,1,6.251811972993799,1,0
PQOIDBZLMJMYCD-UHFFFAOYSA-N,1,6.251811972993799,1,0
QBRAQPXCJIBXIU-UHFFFAOYSA-N,1,6.251811972993799,1,0
VAFZNMGNFLJSPI-UHFFFAOYSA-N,1,6.251811972993799,1,0
CQYKKURQBKYHLM-UHFFFAOYSA-N,1,,0,0
NYXISGQCRCGPPX-UHFFFAOYSA-N,1,,0,0
SUEOEIAHHKQAOM-UHFFFAOYSA-N,1,,0,0
WUGBPBCNJHXWRP-UHFFFAOYSA-N,1,,0,0
HLGVBUMXLSDTEW-UHFFFAOYSA-N,1,,0,0
KHNRAYBLMYKIRA-UHFFFAOYSA-N,1,6.245689359255825,2,0
DCDSVYQQSBWIRG-UHFFFAOYSA-N,1,6.2441251443275085,1,0
XZPQRIJZBKZROM-HNNXBMFYSA-N,1,6.2441251443275085,1,0
RVBDWZKWSXQLMF-DOTOQJQBSA-N,1,6.2441251443275085,1,0
NXIZGEWMXVGBLH-UHFFFAOYSA-N,1,6.2441251443275085,1,0
FVURRBVVEFEGAB-UHFFFAOYSA-N,1,,0,0
MMNXTTQJJITNJJ-OAHLLOKOSA-N,1,6.24184537803261,1,0
HNMDMLNEALPPKX-UHFFFAOYSA-N,1,,0,0
FGMYYYXUWUOLGR-UHFFFAOYSA-N,1,6.241088107602026,1,0
JMWPNBKHGFORBT-KYJSFNMBSA-N,1,6.2403321553103694,1,0
BCXCDTKLXHURCX-AWEZNQCLSA-N,1,6.2399999527072705,1,0
XVJBBDPXCJMUFL-UHFFFAOYSA-N,1,,0,0
BGGURFWLEHSLEY-SFHVURJKSA-N,1,,0,0
WEVXDKFRXWZSDU-UHFFFAOYSA-N,1,6.237153737747494,2,0
MLHOXJCQVSTIML-UHFFFAOYSA-N,1,6.236572006437063,1,0
LIFHVPXIKLLTMH-UHFFFAOYSA-N,1,6.236572006437063,1,0
NUTCIQIPIDPFOT-UHFFFAOYSA-N,1,6.236572006437063,1,0
ZMEYWYCGMCZGRN-UHFFFAOYSA-N,1,,0,0
BPRNMVDTWIHULJ-AWEZNQCLSA-N,1,,0,0
LJUHEEFEADORHV-UHFFFAOYSA-N,1,,0,0
ODTKFNUPVBULRJ-NTCAYCPXSA-N,1,,0,0
XCLOPBYSKIWJNJ-UIOOFZCWSA-N,1,,0,0
FKIOAWWWCGUPIH-UHFFFAOYSA-N,1,,0,0
IOSVPGDHSQVBED-UHFFFAOYSA-N,1,,0,0
ZYXMVSPWOATGIW-UHFFFAOYSA-N,1,6.229221603830853,1,0
VFYMYMGVYBHBAW-IYARVYRRSA-N,1,6.229147988357855,1,0
SQHPLCBBYWXCOO-UHFFFAOYSA-N,1,6.229147988357855,1,0
PWOUQMPSBBVTMJ-UHFFFAOYSA-N,1,6.229147988357855,1,0
SVCSCOQWJKNMQT-UHFFFAOYSA-N,1,6.229147988357855,1,0
TUSPVTWVRDALHT-UHFFFAOYSA-N,1,6.229147988357855,1,0
WUJVPELCYCESAP-UHFFFAOYSA-N,1,,0,0
IAWWLCSYFAOUES-UHFFFAOYSA-N,1,6.228412519118745,1,0
YQXATUVEKBYLGN-UHFFFAOYSA-N,1,,0,0
PIPVZEXRFVHTJJ-UHFFFAOYSA-N,1,6.228192121000895,2,0
DNLVWUGWSPNABX-AREMUKBSSA-N,1,,0,0
XISJOANVKUVBAU-UHFFFAOYSA-N,1,6.221848749616356,1,0
VOWFPVSNWUSCMB-UHFFFAOYSA-N,1,6.221848749616356,1,0
LAVWIAQCYKFCMG-UHFFFAOYSA-N,1,6.221848749616356,1,0
OWMYGKYXZFSRMD-UHFFFAOYSA-N,1,6.221848749616356,1,0
VCGDITFNZVUQSJ-UHFFFAOYSA-N,1,,0,0
DSUVZVBZNSPSQB-UHFFFAOYSA-N,1,,0,0
KROSHEKWTTXFGB-UHFFFAOYSA-N,1,6.221382384211665,2,0
XGYRKKQYBLBZCF-UHFFFAOYSA-N,1,6.219682687859849,1,0
OAWCCPORHBJQQY-CQSZACIVSA-N,1,6.219572233983683,2,0
OYYAWRVAKORPPE-SSDMNJCBSA-N,1,,0,0
CSXDCXKRVCLDQH-UHFFFAOYSA-N,1,6.214670164989233,2,0
AFWAVLNIGSUCHI-OAHLLOKOSA-N,1,,0,0
QUEFELIEFHANOG-UHFFFAOYSA-N,1,,0,0
YMYZKGIHGMHZDL-WDAWEKNVSA-N,1,6.213958789757446,1,0
YANXWMHYXTZCSA-UHFFFAOYSA-N,1,,0,0
AROFXNYQCSFIME-AOYPEHQESA-N,1,,0,0
PQCUTSKJJPRTSW-UHFFFAOYSA-N,1,,0,0
CRDDYQHSKSCCPP-LOSJGSFVSA-N,1,,0,0
PHMGZAICAOYEAF-UHFFFAOYSA-N,1,,0,0
NBSPIYLVJWAETB-UHFFFAOYSA-N,1,,0,0
JRCIDJCJKJDOSJ-UHFFFAOYSA-N,1,,0,0
PXEURUZEVKVPGJ-UHFFFAOYSA-N,1,6.20551195334083,1,0
DFTCYTDJDXZFSK-CMPLNLGQSA-N,1,,0,0
WJCGMHIIDQGXLP-UHFFFAOYSA-N,1,6.202732459169283,1,0
UNYNHWPKQAKANT-UHFFFAOYSA-N,1,6.202732459169283,1,0
OYONXBYXNCMUFL-UHFFFAOYSA-N,1,6.200659450546418,1,0
ULAAUNIOEAKYBR-UHFFFAOYSA-N,1,6.200659450546418,1,0
SIMWCYPGUODYMF-UHFFFAOYSA-N,1,6.200659450546418,1,0
GRGPJQNPMMSNNY-UHFFFAOYSA-N,1,,0,0
GZXPOJRRFWIXLM-UHFFFAOYSA-N,1,,0,0
RBFYBWMYGDMWMH-UHFFFAOYSA-N,1,,0,0
DVALOPXWVWHIHY-GOSISDBHSA-N,1,6.199998172182031,1,0
AIXVGZUOFPCOMV-IXCJQBJRSA-N,1,6.199998172182031,1,0
DLERAOZJAKJMFQ-UHFFFAOYSA-N,1,6.199998172182031,1,0
JBIWUVRCMUOUNK-QGZVFWFLSA-N,1,6.199998172182031,1,0
SEQAMPXQRKYYQF-UHFFFAOYSA-N,1,6.199998172182031,1,0
PJSUYRBCBFPCQW-UHFFFAOYSA-N,1,6.199998172182031,1,0
ITTGLZWHTWLHSG-UHFFFAOYSA-N,1,6.199998172182031,1,0
MWTBCJINTAEULL-UHFFFAOYSA-N,1,6.199998172182031,1,0
WFTWXCASVFKOAM-UHFFFAOYSA-N,1,6.199998172182031,1,0
CUOZZEMLTFRECQ-UHFFFAOYSA-N,1,6.199998172182031,2,0
ZRAVHLYAOHIXOD-UHFFFAOYSA-N,1,6.199998172182031,1,0
ZYVXMBZAPDQCJH-UHFFFAOYSA-N,1,6.199998172182031,1,0
AJNRYBGLAQDAEO-DYVFJYSZSA-N,1,6.199998172182031,1,0
ROZYQPYBANRXCZ-JXFKEZNVSA-N,1,,0,0
XNXXPSMSYLDFBF-UHFFFAOYSA-N,1,,0,0
RDRGDNFLGKTNOF-GFCCVEGCSA-N,1,6.199970640755866,1,0
KNJYSVPTKHXEGZ-UHFFFAOYSA-N,1,,0,0
MBUVEWMHONZEQD-UHFFFAOYSA-N,1,,0,0
MLCJDDIDLGWZFT-UHFFFAOYSA-N,1,6.195179321278838,1,0
KRUQRZWHJYOOJH-UHFFFAOYSA-N,1,,0,0
LDQRJOZTSIXFDZ-UHFFFAOYSA-N,1,6.1938200260161125,1,0
URKAJHJBVOPDPZ-UHFFFAOYSA-N,1,6.1938200260161125,1,0
YALCLPZHBNPXEN-JOCHJYFZSA-N,1,,0,0
VMHDSBUIYYCTCD-UHFFFAOYSA-N,1,,0,0
CNAWUGXPLJMOSN-SFHVURJKSA-N,1,6.193608071640132,2,0
UREJDUPKGMFJRU-UHFFFAOYSA-N,1,,0,0
UMEFKDHFJIKPGP-UHFFFAOYSA-N,1,6.1885447439974755,2,0
OKVMMISWCZKJGO-MRXNPFEDSA-N,1,6.188424994129407,1,0
CWHYKZYCZYQHQP-UHFFFAOYSA-N,1,6.185752404268079,1,0
VXXGFFBHXLMHAK-UHFFFAOYSA-N,1,6.185752404268079,1,0
MACFTPBZAOCTFN-UHFFFAOYSA-N,1,,0,0
LWSMSVQQKULODQ-OAHLLOKOSA-N,1,6.181774106386044,1,0
KIZBUXGNTYZANG-UHFFFAOYSA-N,1,6.181774106386044,1,0
TYIIYIRHCHVCLI-UHFFFAOYSA-N,1,6.180456064458131,1,0
CAOZWYSSXXOCSD-UHFFFAOYSA-N,1,6.180456064458131,1,0
NKVMKOOELRVUPV-UHFFFAOYSA-N,1,6.180456064458131,1,0
QIPWTYSOANVUKJ-WZONZLPQSA-N,1,6.180456064458131,1,0
PGSGTPNUOJTSEM-XMMPIXPASA-N,1,,0,0
KSKYFMKUEDYOIZ-UHFFFAOYSA-N,1,,0,0
QVAKGXNPTKFJST-UHFFFAOYSA-N,1,,0,0
ZTBBOIYRZHAFIN-UHFFFAOYSA-N,1,6.175874654177076,2,0
LCKMWFBVBATZPO-RBUKOAKNSA-N,1,,0,0
FTLOZRFDKPZXJE-UHFFFAOYSA-N,1,,0,0
AOOSJYIINXVNHV-UHFFFAOYSA-N,1,,0,0
VZNBDFOHHGDJKC-UHFFFAOYSA-N,1,6.173925197299173,1,0
BSDZATNMASVMIK-UHFFFAOYSA-N,1,6.173925197299173,1,0
DXBXHKYLHOPBKN-WOJBJXKFSA-N,1,6.173471693659348,1,0
DUMBRKXSQQUMRX-UHFFFAOYSA-N,1,6.17114684032336,1,0
HOXIFZKRDKLRKX-UHFFFAOYSA-N,1,,0,0
LQEATNFJCMVKAC-UHFFFAOYSA-N,1,,0,0
QKTOQRPNKITPLN-UHFFFAOYSA-N,1,,0,0
UFFHNEZNXKJHFB-UHFFFAOYSA-N,1,6.168130225719498,1,0
ALBWWALSEOWKRA-UHFFFAOYSA-N,1,6.167491087293763,1,0
PONADOYAURXJAH-UHFFFAOYSA-N,1,6.167491087293763,9,0
YGTOBHZRTULFTF-QGZVFWFLSA-N,1,6.166852888087215,1,0
SIHPGAYIYYGOIP-UHFFFAOYSA-N,1,6.165579296318468,1,0
XWQQVXPJZWZEFN-UHFFFAOYSA-N,1,6.164943898279883,1,0
SISRHQZVDUZECY-UHFFFAOYSA-N,1,,0,0
VAGMAHDJGBPZIB-QHCPKHFHSA-N,1,,0,0
QFFTWWDHGZIBEJ-UHFFFAOYSA-N,1,,0,0
ZRWGXXAMGVLDQT-UHFFFAOYSA-N,1,6.1605219526258015,1,0
LEPYGHSZGURSOB-UHFFFAOYSA-N,1,,0,0
HTDIOUCPOHFDQH-UHFFFAOYSA-N,1,,0,0
QSWCDNVHONXTSW-UHFFFAOYSA-N,1,,0,0
QWDTZUJYWQMYDQ-UHFFFAOYSA-N,1,,0,0
QKMCUEOKZNEZFG-VNGDJDOVSA-N,1,,0,0
OPXIAQIQFMLKDK-UHFFFAOYSA-N,1,6.157390760389438,2,0
GNGLKSIMQABWGM-UHFFFAOYSA-N,1,6.154901959985743,1,0
FBRUCPZAISLOOV-UHFFFAOYSA-N,1,6.154901959985743,1,0
FKJFAUSZKZYNCF-UHFFFAOYSA-N,1,,0,0
GHMRSCYBFHYOPJ-UHFFFAOYSA-N,1,,0,0
QHSSVAFDQVBZGK-LIGKVRMXSA-N,1,,0,0
PKODMLACMGNJDC-UHFFFAOYSA-N,1,,0,0
CDAYEBKMDIJVNY-UHFFFAOYSA-N,1,,0,0
ZTGUCZSPLRNTRO-UHFFFAOYSA-N,1,6.1487416512809245,1,0
NUWFSHWNAZZTED-UHFFFAOYSA-N,1,,0,0
MZWZBBXJJVDOHO-UHFFFAOYSA-N,1,,0,0
TTWGDSSADVBNQY-UHFFFAOYSA-N,1,,0,0
HPEHGGUDPLECHX-UHFFFAOYSA-N,1,,0,0
HCZAXFOGTCSPTF-AWEZNQCLSA-N,1,6.14747032395546,2,0
ZCVMWBYGMWKGHF-UHFFFAOYSA-N,1,,0,2
KOGYKWMOOUGINB-UHFFFAOYSA-N,1,6.1438755557577,1,0
APOXKSCRLNZDPC-UHFFFAOYSA-N,1,6.142667503568731,1,0
GTMVYXIUBGBXAW-UHFFFAOYSA-N,1,6.142667503568731,1,0
AZDUCQAJTYHBKO-UHFFFAOYSA-N,1,6.140261433802853,1,0
RKZSNTNMEFVBDT-MRVPVSSYSA-N,1,5.632085261206248,1,0
DFNAAFSXZVGDBJ-UHFFFAOYSA-N,1,6.139063379299906,3,0
OBLBUNSOJDFKHL-KRWDZBQOSA-N,1,,0,0
DATRLTNBZWRBPI-UHFFFAOYSA-N,1,,0,0
NSSRPQDUVUJSBX-UHFFFAOYSA-N,1,6.13608262304214,1,0
BCFBGMFQLQASNB-UHFFFAOYSA-N,1,6.13608262304214,1,0
BHXTZGOVTCBSLC-UHFFFAOYSA-N,1,,0,0
JCQGRHIIKSHVDZ-UHFFFAOYSA-N,1,6.130768280269024,1,0
YKNBSYYYBWQJQW-UHFFFAOYSA-N,1,,0,0
WIXPGFSAQJCJED-UHFFFAOYSA-N,1,6.130181792020672,1,0
CHFSYCSOMAVVOM-UHFFFAOYSA-N,1,6.1249387366083,1,0
LHHCQDFZJQYUSF-QHCPKHFHSA-N,1,,0,0
HYAIONDADCANQM-UHFFFAOYSA-N,1,6.121478204498794,1,0
VGBOISIRCIDEGP-UHFFFAOYSA-N,1,6.120330794367947,1,0
RJZYRNTXYJEPMD-LJQANCHMSA-N,1,6.1182860032185316,2,0
UIRIJSKPTMDRCG-IBGZPJMESA-N,1,6.117986696153981,2,0
LMKMYJGZBLESNG-NOLJZWGESA-N,1,6.117318487095929,2,0
MWULMTACIBZPGN-UHFFFAOYSA-N,1,,0,0
UQNXMCNVFPEPNB-UHFFFAOYSA-N,1,,0,0
JTHXHSNJAJMWTQ-UHFFFAOYSA-N,1,6.113509274827518,1,0
QDMAKDIDFJTXEL-UHFFFAOYSA-N,1,6.113509274827518,3,0
WHCKEFZLQQCXGO-UHFFFAOYSA-N,1,6.110138278741811,1,0
ADETWEPXXIGKFW-UHFFFAOYSA-N,1,6.109998386815363,1,0
YOHLTWMPXNQOAA-UHFFFAOYSA-N,1,,0,0
BJGOULYFYANDMK-CQSZACIVSA-N,1,6.1095789811990855,1,0
RWCQKGYXYLNOEC-UHFFFAOYSA-N,1,6.1095789811990855,1,0
FGFQEEFTBWHCLW-UHFFFAOYSA-N,1,6.109020403010311,2,0
UEMSZTJJYVOVMY-UHFFFAOYSA-N,1,,0,0
CSQTYZHHBNDDMS-UHFFFAOYSA-N,1,6.107905397309519,3,0
LNTSSZPPKDLPCK-UHFFFAOYSA-N,1,,0,0
MZKIMVRXOFRAQO-UHFFFAOYSA-N,1,,0,0
CVRMQFHSOSVJET-UHFFFAOYSA-N,1,,0,0
SPZKFYULWLAAQF-AWEZNQCLSA-N,1,6.106754154837024,2,0
RVMUAKCKCUJBKV-UHFFFAOYSA-N,1,,0,0
NVRRMHFWYSOBLH-UHFFFAOYSA-N,1,6.105130343254748,1,0
PNROEQYQIZJINW-RUZDIDTESA-N,1,,0,0
ZYPHLHODRPNBKX-UHFFFAOYSA-N,1,,0,0
LXDKFBSEJYAHRD-UHFFFAOYSA-N,1,,0,0
OZYPUQNRUYTZDI-UHFFFAOYSA-N,1,6.0999990348465305,1,0
XXNSAFMKWRWIBC-XRKRLSELSA-N,1,6.0999990348465305,1,0
YNJUKWRUPNSFLS-UHFFFAOYSA-N,1,6.0999990348465305,1,0
NNKWTFPUEFVMKD-UHFFFAOYSA-N,1,6.0999990348465305,1,0
CXSFVUWINAYILW-UHFFFAOYSA-N,1,6.0999990348465305,1,0
IRLHMHFRNZPYGU-UHFFFAOYSA-N,1,,0,0
UZSLOUWOZNFAFR-UHFFFAOYSA-N,1,,0,0
IWBMAAUPHUCYCI-UHFFFAOYSA-N,1,,0,0
QSXPHCNTIXEPIX-UHFFFAOYSA-N,1,,0,0
QOGRQXGQKOEKKF-QAQDUYKDSA-N,1,6.096910013008056,1,0
OZGYKPPQUQUAJA-UHFFFAOYSA-N,1,6.096910013008056,1,0
UQNPMHBOQOCPSK-UHFFFAOYSA-N,1,6.096910013008056,1,0
DESXWTHSPLQRFM-BVRKHOPBSA-N,1,,0,0
RANUNRLHJXMVHG-UHFFFAOYSA-N,1,6.092965047516583,1,0
PRJNFNOLHGROQO-UHFFFAOYSA-N,1,6.0915149811213505,1,0
PQDYOEMOWGGFPI-UHFFFAOYSA-N,1,,0,0
IIGRUZXPSNFKHF-UHFFFAOYSA-N,1,6.090000275786018,1,0
WPJAQVXUSLEHLH-UHFFFAOYSA-N,1,,0,0
VIGLYHYRWJDUPG-UHFFFAOYSA-N,1,6.086186147616283,1,0
VJEWRCWFWRMYOH-UHFFFAOYSA-N,1,6.086186147616283,5,0
YATPAHDOUJPRNV-UHFFFAOYSA-N,1,6.086186147616283,2,0
YYWRRBMZAGSBNZ-UHFFFAOYSA-N,1,6.080921907623926,1,0
CKAVWCNOUGLDRF-UHFFFAOYSA-N,1,,0,0
HHNGFUDNXPRRFY-UHFFFAOYSA-N,1,,0,0
SYKWSIUDXOQIDR-UHFFFAOYSA-N,1,,0,0
DHUATBAZHILHIC-MRXNPFEDSA-N,1,6.07727454200674,1,0
NFRIERLNKMVOKN-UHFFFAOYSA-N,1,6.076238039171299,1,0
XDYCBVKXSXIDCW-UHFFFAOYSA-N,1,6.075720713938118,1,0
ZMDOIQGPLNKPIO-UHFFFAOYSA-N,1,,0,0
LMKMYJGZBLESNG-XPKDYRNWSA-N,1,6.0746879085003505,1,0
UGZASRPZTFYHQC-UHFFFAOYSA-N,1,,0,0
ORBZGAXKHHPTOD-UHFFFAOYSA-N,1,6.071092309756047,1,0
VOPNYIHLMCVSPL-UHFFFAOYSA-N,1,6.070581074285707,1,0
ACHQQXOLWIKHRK-UHFFFAOYSA-N,1,6.070581074285707,1,0
YAYOCPNPBHLJQS-UHFFFAOYSA-N,1,6.070581074285707,1,0
ADKPDCJUAOTYGJ-UHFFFAOYSA-N,1,,0,0
ORIBLMYUFXRADV-UHFFFAOYSA-N,1,6.068725615237604,2,0
YGHHMTVTTJJSQZ-UHFFFAOYSA-N,1,6.0670191780768015,1,0
MEPWUVRGPZZAFY-UHFFFAOYSA-N,1,6.066006836168757,1,0
DOOIOZMDLUKTNX-UHFFFAOYSA-N,1,,0,0
OUSOPIMSKOMYQI-UHFFFAOYSA-N,1,6.06398920428479,1,0
RCWYEZYTOVCNOJ-UHFFFAOYSA-N,1,6.063486257521107,1,0
VYFSCTYDZYUMSC-UHFFFAOYSA-N,1,6.063486257521107,1,0
YFSPFZNLWSGJJK-UHFFFAOYSA-N,1,,0,0
WEGLOYDTDILXDA-HNNXBMFYSA-N,1,,0,0
LLMBUJCYVGLEBH-UHFFFAOYSA-N,1,6.060480747381382,1,0
NBVOTNJROVCMMX-UHFFFAOYSA-N,1,6.060480747381382,1,0
ZNBOBGDGUIWKPE-UHFFFAOYSA-N,1,6.06023122454665,1,0
NVMWQGNZMUKJTG-UHFFFAOYSA-O,1,6.06023122454665,1,0
LNZYQGOEJQNILH-UHFFFAOYSA-N,1,,0,0
ZVQUCWXZCKWZBP-CQSZACIVSA-N,1,,0,0
LETHKPPNRMMQLD-UHFFFAOYSA-N,1,6.056011124926228,1,0
VSESOHHTOBROFA-UHFFFAOYSA-N,1,6.055517327849831,1,0
PGBIKSUFINVTHD-QLCIJSRNSA-N,1,6.055517327849831,1,0
TYJIKVPYZAVEMZ-UHFFFAOYSA-N,1,6.053056729302174,2,0
FOMVFMMGQCMSQQ-MRXNPFEDSA-N,1,6.050609993355087,1,0
FTCVLHZRRJVLPD-HOTGVXAUSA-N,1,6.050000457140078,1,0
QTWVYUJFBIVOHT-SZMVWBNQSA-N,1,6.048176964684088,1,0
BZGSLTDGENGQJF-UHFFFAOYSA-N,1,,0,0
YRIGEEYYMGNBLH-IBGZPJMESA-N,1,,0,0
FPSXFLZNLAYRGB-UHFFFAOYSA-N,1,,0,0
COYPPYFVEXHGJK-UHFFFAOYSA-N,1,6.045757490560675,1,0
JQBHQHNVJCDNEL-XLJIZYSNSA-N,1,,0,0
JZQOJABCZMOQTR-UHFFFAOYSA-N,1,,0,0
KSNHHKZYKYNBEI-NDEPHWFRSA-N,1,,0,0
YIHQDWZWZRGAIH-UHFFFAOYSA-N,1,6.0385789059335515,1,0
LGRVHISBHOARSB-INIZCTEOSA-N,1,6.037860356969059,2,0
WZJWRRMYYXEGFD-UHFFFAOYSA-N,1,6.036212172654444,1,0
HISVPUHXONHOSX-UHFFFAOYSA-N,1,6.036212172654444,1,0
JCHUVGUKPFGRNQ-UHFFFAOYSA-N,1,,0,0
RPAHCZZXEGWBDL-UHFFFAOYSA-N,1,,0,0
CIQIXAAZIFEHQC-NRFANRHFSA-N,1,,0,0
GTBRXTYCBGMMII-UHFFFAOYSA-N,1,,0,0
OLUIVMRSUSSFJF-UHFFFAOYSA-N,1,6.031517051446064,1,0
HJRBYTHOWGFPSH-QGZVFWFLSA-N,1,6.031517051446064,1,0
ODVSDFIRQLJCEU-UHFFFAOYSA-N,1,6.031517051446064,1,0
GWAQIWMRFSAOHA-UHFFFAOYSA-N,1,6.031517051446064,1,0
CYHIQHDBFGBIFJ-UHFFFAOYSA-N,1,6.031517051446064,1,0
PHSMQRWSBVFISF-UHFFFAOYSA-N,1,,0,0
WEGLOYDTDILXDA-OAHLLOKOSA-N,1,,0,0
VNWSJGQXBGKBED-UHFFFAOYSA-N,1,6.026872146400301,1,0
GACKYORUNWZVHC-UHFFFAOYSA-N,1,6.026872146400301,1,0
BZDGCBXVIKXHFH-UHFFFAOYSA-N,1,6.026548855975065,1,0
KGFWRFDEYGDLSQ-UHFFFAOYSA-N,1,,0,0
PVAHGORZNPASFQ-UHFFFAOYSA-N,1,6.0254883072626715,1,0
UPTHGVUSCNDAPF-UHFFFAOYSA-N,1,6.025028005701931,1,0
YFPRVZQGLGSZKO-UHFFFAOYSA-N,1,,0,0
HHAUXZNBXXZIOV-UHFFFAOYSA-N,1,6.022276394711152,1,0
HXCWGVSINJYYSW-UHFFFAOYSA-N,1,6.022276394711152,1,0
BFSKPRUNBBMNCF-UHFFFAOYSA-N,1,,0,0
UQSVESYMRYILGP-UHFFFAOYSA-N,1,,0,0
WOWRXMYCLGLRFQ-UHFFFAOYSA-N,1,,0,0
OIAXKPXJNIOPBF-UHFFFAOYSA-N,1,6.017728766960431,1,0
BCXCDTKLXHURCX-CQSZACIVSA-N,1,6.015905581853568,2,0
AFLWHRXREOAJGY-UHFFFAOYSA-N,1,,0,0
APSWOEYPVXOOHK-UHFFFAOYSA-N,1,6.015022873584506,1,0
TVMUAXPFJKYAST-UHFFFAOYSA-N,1,,0,0
MUAYITOFLINYIL-UHFFFAOYSA-N,1,6.010105436281227,1,0
AHSLTJCTFBJCMT-CQSZACIVSA-N,1,6.009661145212398,1,0
DHUSVAZDGLXZIV-UHFFFAOYSA-N,1,,0,0
FUCGAUZSWYLMRK-UHFFFAOYSA-N,1,6.006563769502389,1,0
NNHUSJMVRFFWKB-UHFFFAOYSA-N,1,,0,0
JZQKKSLKJUAGIC-UHFFFAOYSA-N,1,,0,0
IPJQQDLKFAIRMS-UHFFFAOYSA-N,1,,0,0
XGBXESVSCSHHQI-UHFFFAOYSA-N,1,6.0,1,0
XJAPKZGXYLZNIK-UHFFFAOYSA-N,1,6.0,1,0
BDPXTGHWVMUJCT-OAQYLSRUSA-N,1,6.0,1,0
GKKJKAMKDCHOIM-IWGRKNQJSA-N,1,6.0,1,0
OQCUZRRTKCFWET-OAHLLOKOSA-N,1,6.0,1,0
DAUORZLLBDGUDH-AREMUKBSSA-N,1,6.0,2,0
KEPCRQPBSHAPNH-UHFFFAOYSA-N,1,6.0,1,0
JZKXKHVOIUMWCS-UHFFFAOYSA-N,1,6.0,1,0
XIMFQVXENHJKEO-OQKWZONESA-N,1,6.0,1,0
RMCSKUADBRROSI-UHFFFAOYSA-N,1,6.0,1,0
BZHJMSJFFNOURP-UHFFFAOYSA-N,1,6.0,1,0
RGMLMPPJETZGOG-UHFFFAOYSA-N,1,6.0,1,0
CDIJUVQEFYLOLF-UHFFFAOYSA-N,1,6.0,1,0
CJGNMVAAMQAWEF-UHFFFAOYSA-N,1,6.0,1,0
FPUKGJMTLUQGFZ-UHFFFAOYSA-N,1,6.0,1,0
DOTBLGLYTBUSJK-NVXWUHKLSA-N,1,,0,0
HPBCFIIQRFMWKG-KXBFYZLASA-N,1,,0,0
VEVXEIFEZQIXSC-UHFFFAOYSA-N,1,,0,0
PXJXLYRJAGOTQU-RMDSEJHCSA-N,1,,0,0
OQZVSXDFOHVACS-UHFFFAOYSA-N,1,,0,0
UPBSKELQKAHWLX-UHFFFAOYSA-N,1,,0,0
JGCMEBMXRHSZKX-UHFFFAOYSA-N,1,,0,0
AXXQKOQTXHLIQM-UHFFFAOYSA-N,1,,0,0
DRSZMILOMUPIBJ-UHFFFAOYSA-N,1,,0,0
PXQSRAWVKJTJBP-UHFFFAOYSA-N,1,5.991399828238082,1,0
VGIGHGMPMUCLIQ-UHFFFAOYSA-N,1,,0,0
RGVDRLWOIWFRFU-SFTDATJTSA-N,1,,0,0
CIXHXASWJFMKLE-FQEVSTJZSA-N,1,,0,0
QLHZFCCQMNROCJ-UHFFFAOYSA-N,1,5.979999397807417,1,0
CPLYGLAQLNAQOI-SEDVZXITSA-N,1,5.979638717352293,1,0
QBTYVNHGXHWAKS-OAHLLOKOSA-N,1,5.978810700930062,1,0
LFIRWQIMSRISSM-UHFFFAOYSA-N,1,5.978810700930062,1,0
QLTASWSCCMMISJ-UHFFFAOYSA-N,1,5.978397283971757,1,0
TYNGMNWXSRTYJA-UHFFFAOYSA-N,1,,0,0
YQSDVKUMLQLWSX-UHFFFAOYSA-N,1,,0,0
BETHXCLHMRGYBW-UHFFFAOYSA-N,1,5.971022294791222,3,0
YMPQHVKYSIVZTH-UHFFFAOYSA-N,1,,0,0
CDGJSIMJNZNZFE-SNVBAGLBSA-N,1,,0,0
QQGJOZLAJLPARG-UHFFFAOYSA-N,1,5.969805214643249,1,0
WVVWVIWPPSCORG-UHFFFAOYSA-N,1,,0,0
SPZKFYULWLAAQF-CQSZACIVSA-N,1,5.9630285236949785,2,0
GRSMDZFQRIQAGW-UHFFFAOYSA-N,1,,0,0
WOVYFSFWXVSASO-IZZNHLLZSA-N,1,,0,0
PIGKDOALHKDJJK-UHFFFAOYSA-N,1,5.95999928552668,1,0
GYWXJONOYHIRDG-UHFFFAOYSA-N,1,5.95999928552668,1,0
KIZUBVPJNPVIIN-UHFFFAOYSA-N,1,,0,0
CRDPGPNGVQWYOK-UHFFFAOYSA-N,1,5.959397659885926,1,0
WIXHPSPVTDJXJR-UHFFFAOYSA-N,1,,0,0
SBXMILAGIXPXOK-UHFFFAOYSA-N,1,5.958607314841775,1,0
VFLJXRCSXJBPAE-UHFFFAOYSA-N,1,5.958607314841775,1,0
YBRBKCXISVCUJG-INIZCTEOSA-N,1,5.958607314841775,1,0
JSUUGLPJPMVFDV-UHFFFAOYSA-N,1,5.958607314841775,1,0
LXBQQANESCMCJU-UHFFFAOYSA-N,1,5.958607314841775,1,0
RQRBGNHBNQYSEI-UHFFFAOYSA-N,1,5.958607314841775,1,0
ZNJRNDKOAPREMV-UHFFFAOYSA-N,1,5.958607314841775,1,0
FKHJOYFNYFVDRF-UHFFFAOYSA-N,1,5.958607314841775,1,0
ISUMRTRTOVSWNW-UHFFFAOYSA-N,1,5.958607314841775,1,0
INXHZFDLASUEAY-UHFFFAOYSA-N,1,5.958607314841775,1,0
HYNOMSZTPOUFRQ-UNEWFSDZSA-N,1,5.958607314841775,1,0
HKAMZPHBOUTAED-UHFFFAOYSA-N,1,,0,0
XXKGCSWBGJTTJM-UHFFFAOYSA-N,1,,0,0
KYHUARFFBDLROH-MOPGFXCFSA-N,1,,0,0
NXFFJDQHYLNEJK-CYBMUJFWSA-N,1,,0,0
DKYKQBWPYFTZHN-UHFFFAOYSA-N,1,5.945004138470859,1,0
QBBNRIPQRWMMNR-CYBMUJFWSA-N,1,5.944621668625,1,0
MTTJOZOOUCZVHO-LFPIHBKWSA-N,1,,0,0
BPMOXLBZGFFVMW-UHFFFAOYSA-N,1,5.943095148663527,1,0
XUBVWPDKERMCAP-UHFFFAOYSA-N,1,5.943095148663527,3,0
MRPSJMYYRAZZKV-UHFFFAOYSA-N,1,,0,0
LMKMYJGZBLESNG-INWMFGNUSA-N,1,5.942714355581785,1,0
UDZHORRPPMFMKH-UHFFFAOYSA-N,1,,0,0
XNXKEYCDXWQUQU-UHFFFAOYSA-N,1,5.940436582098732,1,0
SDERQNAMIWOFFX-UHFFFAOYSA-N,1,5.940058111938045,1,0
GIIZNNXWQWCKIB-UHFFFAOYSA-N,1,5.979224511806442,1,0
UJSKIIMXTSGSEQ-BSOFFQDDSA-N,1,,0,0
UVUYWJWYRLJHEN-UHFFFAOYSA-N,1,5.935916564036404,1,0
UJKGBCQEPVZELY-UHFFFAOYSA-N,1,5.931443104927637,1,0
IGTBNUVMBDYPQG-UHFFFAOYSA-N,1,5.928117992693874,1,0
JFCMJHZNAYJRLV-UHFFFAOYSA-N,1,,0,0
QZZUEBNBZAPZLX-QFIPXVFZSA-N,1,5.979638717352293,1,0
IBPXYDUJQWENPM-XZOQPEGZSA-N,1,,0,0
IOPFZPQJWJQACY-UHFFFAOYSA-N,1,5.924453038607469,1,0
UPNHRBCDSZJKGL-ISKFKSNPSA-N,1,,0,0
HWKROQUZSKPIKQ-MRXNPFEDSA-N,1,5.59999938302362,1,0
VJSKWISJKOVRKJ-UHFFFAOYSA-N,1,5.922632094715843,1,0
LJXKPIFQYYNLTO-IBGZPJMESA-N,1,5.920818753952375,1,0
HCOQJKDXIVIYQF-UHFFFAOYSA-N,1,5.920818753952375,1,0
GNGQVEIKYIVCPC-UHFFFAOYSA-N,1,5.920818753952375,2,0
GZMWGZHXHSTIMC-SFHVURJKSA-N,1,5.920818753952375,2,0
XNFZPEDEZVYDIU-UHFFFAOYSA-N,1,5.920818753952375,1,0
ZLLPRPCSBDCTBZ-UHFFFAOYSA-N,1,5.920818753952375,1,0
FVDPLVKCBNWFME-UHFFFAOYSA-N,1,5.920818753952375,1,0
USCDVFNXTCISHV-UHFFFAOYSA-N,1,5.920818753952375,1,0
TZJUVVIWVWFLCD-UHFFFAOYSA-N,1,5.920818753952375,1,0
QLOFPPKCJSHBIO-UHFFFAOYSA-N,1,5.920818753952375,1,0
VDDJMIICHGUNIS-UHFFFAOYSA-N,1,,0,0
WBOPWSGPXLCXQU-ZHACJKMWSA-N,1,5.920456992597094,1,0
GWAMGWDJCYIREE-UHFFFAOYSA-N,1,,0,0
AEVXOGLKVVRZCX-UHFFFAOYSA-N,1,5.919373513078194,1,0
KNKGKWINGHKSAD-HROJSSOGSA-N,1,5.917214629683549,1,0
YUSWMAULDXZHPY-UHFFFAOYSA-N,1,5.90622821850127,1,0
POCNIPUWZPJPSF-UHFFFAOYSA-N,1,,0,0
XASXMEKXZPGFQK-UHFFFAOYSA-N,1,5.90031935889075,1,0
PRDRZXROMYANHC-XRKRLSELSA-N,1,5.899998417198648,1,0
VCFMMDVFGUQTHR-HXUWFJFHSA-N,1,5.899998417198648,1,0
YVWGGGGMRDLOGA-GOSISDBHSA-N,1,5.899998417198648,1,0
VNCBCPIVWAMDIB-UHFFFAOYSA-N,1,5.899998417198648,1,0
CVKDESKCBDICFQ-UHFFFAOYSA-N,1,,0,0
QBRPGZFNANDQNL-HNAYVOBHSA-N,1,,0,0
LXQQHMVSKDDSKV-LPHOPBHVSA-N,1,,0,0
GNYULWALHKFYNF-DNVCBOLYSA-N,1,,0,0
OCKYRBSJWIYEBM-UZLBHIALSA-N,1,,0,0
FZTHGRYFMPGYHV-UHFFFAOYSA-N,1,,0,0
QDBGJAGCCLNYMQ-UHFFFAOYSA-N,1,,0,0
ZPVPYUKSPMCCQN-UHFFFAOYSA-N,1,5.891096872332687,1,0
LMIAIPKXPWLPGV-UHFFFAOYSA-N,1,,0,0
WNZBBTJFOIOEMP-HXUWFJFHSA-N,1,5.8873949984654255,1,0
XWPFAYFZWMVJSL-SFHVURJKSA-N,1,5.886056647693163,1,0
BVDQINYYEZPHTR-UHFFFAOYSA-N,1,5.886056647693163,1,0
UOIRCOOXVJGCIE-UHFFFAOYSA-N,1,5.886056647693163,1,0
ITUXESRMFODXIB-UHFFFAOYSA-N,1,5.886056647693163,1,0
LKPNIBAOVAQLNF-UHFFFAOYSA-N,1,5.886056647693163,1,0
YLBNUQZHSMXDAJ-UHFFFAOYSA-N,1,5.886056647693163,1,0
OPCWNMLUZVXULW-UHFFFAOYSA-N,1,5.886056647693163,1,0
YLSBAGZHIBFNRL-UHFFFAOYSA-N,1,5.886056647693163,1,0
SEVLDDAIFKZMCD-JTKSJCOOSA-N,1,5.886056647693163,1,0
QYPRFHORBTUPLV-UHFFFAOYSA-N,1,,0,0
MUTWETFLNKEWCG-UHFFFAOYSA-N,1,,0,0
PAWLYZOLWHOCDX-UHFFFAOYSA-N,1,,0,0
GZVBVBMMNFIXGE-CQSZACIVSA-N,1,5.8843894883257,1,0
ABXIURKZPIWOPL-UHFFFAOYSA-N,1,5.882066164960358,1,0
TZDYPFYPZGPSPS-OALUTQOASA-N,1,,0,0
AIBSVCNXTNBLRF-NRFANRHFSA-N,1,5.8807441107220635,1,0
ABOBMBIQQPJTMJ-UHFFFAOYSA-N,1,,0,0
WYHZBLQNTZAKGM-ZJSXRUAMSA-N,1,,0,0
RDOIQAHITMMDAJ-UHFFFAOYSA-N,1,,0,2
FIIJQHSUFMYWQS-UHFFFAOYSA-N,1,5.871448064838884,2,0
RXIUGRLQOGTTNP-UHFFFAOYSA-N,1,5.8700009280425745,1,0
FTEVXGASDTUTGT-UHFFFAOYSA-N,1,5.869988050328096,1,0
ZJCPSCHGZIVAIV-GOSISDBHSA-N,1,,0,0
OMRTUEHYBPGJDW-UHFFFAOYSA-N,1,,0,0
YNWOXNVJEXAREA-UHFFFAOYSA-N,1,,0,0
RMRODALMKPMZFW-CYBMUJFWSA-N,1,5.862645888629267,1,0
DWHUTCHVMNOMRX-UHFFFAOYSA-N,1,5.8598063214213685,1,0
SFNVUZGWWDUWJI-HDZLCOIDSA-N,1,,0,0
XVDINFILZLZVNV-UHFFFAOYSA-N,1,5.858863909879261,1,0
JNZNIWXTQKSJBP-PXNSSMCTSA-N,1,5.858688943560969,2,0
AEQDJSLRWYMAQI-KRWDZBQOSA-N,1,,0,0
JWSNGTPFUMQTQE-UHFFFAOYSA-N,1,5.853871964321762,1,0
CEFKCGBMUZVVLI-UHFFFAOYSA-N,1,5.853871964321762,2,0
DWESQFNWEXIRSK-UHFFFAOYSA-N,1,5.853871964321762,1,0
NFIBVHPLILJWFU-UHFFFAOYSA-N,1,5.853871964321762,1,0
SPHRCFFKJXRWLW-UHFFFAOYSA-N,1,5.853871964321762,1,0
GSYFEKZSWFXBAB-UHFFFAOYSA-N,1,5.853871964321762,1,0
SEINGJRWPXTFAX-UHFFFAOYSA-N,1,,0,0
ZLEOJNLZAQGTPM-CQSZACIVSA-N,1,5.851935604699812,2,0
RMFLBNXQMNGIHR-CQSZACIVSA-N,1,5.84955059053912,1,0
GVXGVDIXINMAAL-UHFFFAOYSA-N,1,,0,0
ZWVAIFKVPKWGLE-UHFFFAOYSA-N,1,5.848017604542526,1,0
PLVZHOWVQHWPON-UHFFFAOYSA-N,1,5.845880474484153,1,0
HYNFLQHZQUETAO-UHFFFAOYSA-N,1,,0,0
DNZUVQAJHJARBX-UHFFFAOYSA-N,1,5.84163750790475,1,0
QPKPFUJFLVQTCR-UHFFFAOYSA-N,1,5.838631997765026,1,0
PEALWHNJZNZNMZ-LLVKDONJSA-N,1,5.838631997765026,1,0
MPLFOTCUGHQPTL-UHFFFAOYSA-N,1,5.835647144215563,1,0
BOTMSPLRFWVABA-OAHLLOKOSA-N,1,5.835349784065704,1,0
MKNOKGDTUIIQRL-UHFFFAOYSA-N,1,5.835052627378158,1,0
ZEDZOJZPJMLGQC-UHFFFAOYSA-N,1,,0,0
GVCYHQGCEQPNRF-DFNIBXOVSA-N,1,,0,0
WZVSGKQRSIHTAZ-UHFFFAOYSA-N,1,,0,0
HVYFBECSQURUQP-UHFFFAOYSA-N,1,,0,0
HPRWHXGAJGUOCP-UHFFFAOYSA-N,1,5.826231176863351,1,0
YJBGSZUYOGPUMC-UHFFFAOYSA-N,1,5.823908740944319,1,0
AWKDBQYMZZKKJX-UHFFFAOYSA-N,1,5.823908740944319,1,0
VGIPYYQGXWSQEJ-UHFFFAOYSA-N,1,5.823908740944319,1,0
ZYXIICVCCTVXCC-QVXKZJQXSA-N,1,5.823908740944319,1,0
AIFZEYXRSJHTOL-UHFFFAOYSA-N,1,,0,0
JFMAZBIWGGSVJX-SFHVURJKSA-N,1,5.821318484692428,2,0
ZLCMXGBHHVUFEP-UHFFFAOYSA-N,1,5.820000358220838,1,0
MLWMWKMYRSHCPJ-UHFFFAOYSA-N,1,5.818156412055227,1,0
LJFNUFCUPDECPC-UHFFFAOYSA-N,1,,0,0
UXRVFSIWSWPXSI-CBAPKCEASA-N,1,,0,0
RGUPPVFDUJOBQL-UHFFFAOYSA-N,1,5.815308569182401,1,0
PVENUDXTVWGTGJ-UHFFFAOYSA-N,1,5.813608784304507,1,0
RQBRUGMHSQYCNU-UHFFFAOYSA-N,1,5.812534640637381,2,0
DPSMXTVVZQPEQV-GOSISDBHSA-N,1,5.809999051930337,1,0
KRBNQAMCSOMKIU-UHFFFAOYSA-N,1,,0,0
BUGPNBWJWYNHNL-UHFFFAOYSA-N,1,,0,0
GTJVZGFQTWRYQO-VWLOTQADSA-N,1,,0,0
FOECKIWHCOYYFL-UHFFFAOYSA-N,1,,0,0
NSQFNGCVKOBFOP-UHFFFAOYSA-N,1,5.807432546663454,1,0
BTBOPEIOYRBCDM-UHFFFAOYSA-N,1,5.805208242278075,1,0
YLLMKDPCGLJFQN-ZDUSSCGKSA-N,1,5.804100347590767,1,0
QCYUUTMUPYPDBW-UHFFFAOYSA-N,1,5.800000874803203,1,0
JYESXVUAVVIFNX-UHFFFAOYSA-N,1,5.800000874803203,1,0
UNRCJLILBVLZDQ-OQKWZONESA-N,1,5.800000874803203,1,0
IQUDVNRUWJNIMA-UHFFFAOYSA-N,1,5.800000874803203,1,0
VMVIBHPQZUBRKV-UHFFFAOYSA-N,1,5.800000874803203,1,0
OTTSZTXIWXPOIL-UHFFFAOYSA-N,1,5.800000874803203,1,0
OYCMBKKJJALTGH-UHFFFAOYSA-N,1,5.79997073344623,1,0
CCLFPDYNKMPZJO-SHQCIBLASA-N,1,,0,0
LVNLYIFCFLRMMH-UHFFFAOYSA-N,1,5.795880017344075,1,0
LFYYNWGHAXPDIP-UHFFFAOYSA-N,1,5.795880017344075,1,0
FGVSZVRUGNMGKP-UHFFFAOYSA-N,1,5.795880017344075,1,0
SIQBEWSXHPNKMH-UHFFFAOYSA-N,1,5.795880017344075,1,0
UFIMBHYPDHTMKA-UHFFFAOYSA-N,1,,0,0
KSBROIBBHDEIFA-UHFFFAOYSA-N,1,,0,0
YFXKXPJODMVGSV-UHFFFAOYSA-N,1,,0,0
WRNFFYWAFMNDNY-XIAQDFCPSA-N,1,,0,0
QIMZPHYIPMOZHG-UHFFFAOYSA-N,1,5.7956086680807,1,0
PCWHJLSDHHNXCV-UHFFFAOYSA-N,1,,0,0
DSEJCLDJIFTPPH-FMIVXFBMSA-N,1,,0,0
NKXNHLUEJJOLJS-UHFFFAOYSA-N,1,,0,0
BPZSYCZIITTYBL-UHFFFAOYSA-N,1,5.788879458741951,1,0
LRAXIKDADSVQMU-UHFFFAOYSA-N,1,,0,0
ZFJFYIOSTLFWJR-UHFFFAOYSA-N,1,5.783042792638903,1,0
QQWLSTBNUSPPGV-UHFFFAOYSA-N,1,5.779999190713337,1,0
AETUYXZHZRTKMP-UHFFFAOYSA-N,1,,0,0
KOTITFQGTVUMBT-UHFFFAOYSA-N,1,5.770000934050708,1,0
SNRBZEIEOPCDGZ-UHFFFAOYSA-N,1,,0,0
VOLSMORQSJTKPA-UHFFFAOYSA-N,1,5.769776006336217,2,0
RALJYNLSBJABSL-UHFFFAOYSA-N,1,5.769551078621726,1,0
TWVIJESEEXGVPP-UHFFFAOYSA-N,1,5.769551078621726,2,0
NPLOIWFMUHLKNW-GOSISDBHSA-N,1,5.769551078621726,1,0
CVPLGARGNFQLNC-UHFFFAOYSA-N,1,5.769551078621726,1,0
FLNGBOIVGQBOBU-UHFFFAOYSA-N,1,5.769551078621726,1,0
CPIWUAZRERXKBW-UHFFFAOYSA-N,1,5.769551078621726,1,0
PNROEQYQIZJINW-VWLOTQADSA-N,1,,0,0
DFNHNBPKUMLYOZ-UHFFFAOYSA-N,1,,0,0
LIKDQKPQARRCAR-UHFFFAOYSA-N,1,,0,0
DIHXHTWYVOYYDC-INIZCTEOSA-N,1,,0,0
XIDCICLXZSWQGO-WUFINQPMSA-N,1,,0,0
HCZAXFOGTCSPTF-CQSZACIVSA-N,1,5.75889031819239,2,0
WTTCSLJBJDWDOC-CYBMUJFWSA-N,1,5.754734160542538,1,0
HVAUUPRFYPCOCA-AREMUKBSSA-N,1,,0,0
QGKCXGBLQBZVNB-UJCHZGTJSA-N,1,5.752026733638193,1,0
RSLKAABRYSOXNC-UHFFFAOYSA-N,1,5.7495799976911055,1,0
CHPZSVIXPWGKFQ-UHFFFAOYSA-N,1,5.747146969020107,1,0
ZDICBICTFYTIFR-UHFFFAOYSA-N,1,5.7447274948966935,1,0
DVRQBYGOXHPKHC-UHFFFAOYSA-N,1,5.7447274948966935,1,0
IKBANCXZZJPIEB-UHFFFAOYSA-N,1,5.7447274948966935,1,0
HZAQPOKTYPPOTH-UHFFFAOYSA-N,1,5.7447274948966935,1,0
JNZRXFXWSIACHM-UHFFFAOYSA-N,1,,0,0
JAKWNDCWFUEYHH-UHFFFAOYSA-N,1,,0,0
WZQJLWDEOYLHHR-UHFFFAOYSA-N,1,,0,0
RIOOLQVLOZQLQJ-CYBMUJFWSA-N,1,5.742363849907403,2,0
JTFGONAIGJAYQD-UHFFFAOYSA-N,1,5.742081549685942,1,0
GNLGMKYJFCVWMG-UHFFFAOYSA-N,1,,0,0
MNZXCYDDVWTITD-UHFFFAOYSA-N,1,5.740406121114051,1,0
YCGXHEJETHPGPD-UHFFFAOYSA-N,1,,0,0
IHOAJHDGKCNHMA-MMQQLJCSSA-N,1,,0,0
REBWRBLHMGDWNT-UHFFFAOYSA-N,1,5.736837535037783,1,0
NPLOIWFMUHLKNW-UHFFFAOYSA-N,1,5.732828271596986,1,0
JHLIBYXPSIHAKP-SFHVURJKSA-N,1,,0,0
UOVZXNPDZHFAHL-UHFFFAOYSA-N,1,5.730487055782084,1,0
ABPMRHGOCCQDFC-UHFFFAOYSA-N,1,5.721475035262983,1,0
CRYGIUKJRPGSDW-UHFFFAOYSA-N,1,5.721246399047171,1,0
RVBVZFLMCDGFOZ-SFHVURJKSA-N,1,5.721246399047171,1,0
UFOYCFLCNQFALX-UHFFFAOYSA-N,1,5.721246399047171,1,0
YFIRTELZAMWIHL-UHFFFAOYSA-N,1,,0,0
VLZQBDLYBZSBFI-UHFFFAOYSA-N,1,,0,0
HNAJEKAVHQELJQ-UHFFFAOYSA-N,1,,0,0
BDMFEHDPFNGHCK-UHFFFAOYSA-N,1,,0,0
VRWKFSXVIDXVMV-UHFFFAOYSA-N,1,5.720623281343046,2,0
DPSMXTVVZQPEQV-SFHVURJKSA-N,1,5.720000163638921,1,0
XOIVOGIAUHZCBK-UHFFFAOYSA-N,1,,0,0
QETCNYZNLBVXLI-UHFFFAOYSA-N,1,5.718966632752272,1,0
GYEMKOUGMLMNRE-SECBINFHSA-N,1,5.7146677723561154,1,0
YNPHJHPQIGUKLL-UHFFFAOYSA-N,1,5.714442690992226,1,0
ASXGJMSKWNBENU-UHFFFAOYSA-N,1,5.711173690067156,2,0
WGPYFRNJRFRJBN-UHFFFAOYSA-N,1,,0,0
FISUUARMPJZKMS-UHFFFAOYSA-N,1,5.709965388637482,1,0
TZDYPFYPZGPSPS-RTBURBONSA-N,1,,0,0
HJKLOGARPBXZTP-UHFFFAOYSA-N,1,5.708187312532881,1,0
SYZSSLLFRVDRHL-QPJJXVBHSA-N,1,,0,0
GRNSMKAYAMENDT-UHFFFAOYSA-N,1,5.700000503883016,1,0
GNYULWALHKFYNF-BEFAXECRSA-N,1,,0,0
ZUWVCRLPWWEGRD-LBVTXTQZSA-N,1,,0,0
PSSMSADYPZZWDS-UHFFFAOYSA-N,1,5.698970004336019,2,0
FDQXLORJWMWFGU-UHFFFAOYSA-N,1,5.698970004336019,1,0
VLCYCTQMMKCUDI-UHFFFAOYSA-N,1,5.698970004336019,1,0
BYXRGRXAPMVBBG-UHFFFAOYSA-N,1,,0,0
YPTOQNVZDNOBJQ-UHFFFAOYSA-N,1,5.695940533782401,1,0
POZFPYZCVYTCQZ-UHFFFAOYSA-N,1,5.693729920126243,2,0
IJVMOGKBEVRBPP-ZETCQYMHSA-N,1,,0,0
VAVQKONBNVLSBI-UHFFFAOYSA-N,1,,0,0
YXAYUWVURAQPQH-UHFFFAOYSA-N,1,5.688246138944246,1,0
LXEDLNSPOBVDQV-UHFFFAOYSA-N,1,5.684029654543082,1,0
ZBZKFPABDUHJCS-ZJFPTPTDSA-N,1,,0,0
MYMOYRKEPVSSAG-UHFFFAOYSA-N,1,,0,0
PJDIIZOQXMDDPU-MLDYKZIASA-N,1,5.679999195735272,1,0
SURYSMJVQLKAOF-UHFFFAOYSA-N,1,,0,0
YBRBKCXISVCUJG-MRXNPFEDSA-N,1,5.6777807052660805,1,0
QAPWGFAFNBTWSU-UHFFFAOYSA-N,1,5.6777807052660805,1,0
DVICNJMXCZEIQX-UHFFFAOYSA-N,1,5.6777807052660805,1,0
PKQSDHHTBMYENT-UHFFFAOYSA-N,1,5.6777807052660805,1,0
UKYZTZPUJPHXDZ-UHFFFAOYSA-N,1,5.6777807052660805,1,0
UAWALOZYZRTVNF-UHFFFAOYSA-N,1,5.6777807052660805,1,0
OGCQCNNQNCBHFD-UHFFFAOYSA-N,1,,0,0
VAEXXTRBLCNPTN-UHFFFAOYSA-N,1,5.677367288307776,1,0
KNULBJKHCVLGJQ-UHFFFAOYSA-N,1,,0,0
USSIQXCVUWKGNF-UHFFFAOYSA-N,1,,0,0
AQUFNTHIVYHWCM-UHFFFAOYSA-N,1,,0,0
QATNQFJQXRFOHL-UHFFFAOYSA-N,1,5.673664139071249,1,0
MONYXZRGXBZUEX-UHFFFAOYSA-N,1,5.671620396561263,1,0
LYLNGHHEGYQUJV-RCZVLFRGSA-N,1,,0,0
VGIIDBWOPSJFIE-QFIPXVFZSA-N,1,,0,0
SHPCAECDGCBRNC-JTKSJCOOSA-N,1,5.669586226650809,1,0
AXVLPJHYYFHCHK-UHFFFAOYSA-N,1,,0,0
BBRKEERFZOYHTK-MRXNPFEDSA-N,1,5.667561540084394,1,0
FGNDDXTVXSKQJK-UHFFFAOYSA-N,1,5.66664743194005,2,0
KJBBTZPIHNWETK-UHFFFAOYSA-N,1,,0,0
PDUUSJJPAUMGTJ-IAGOWNOFSA-N,1,5.660000322371772,1,0
QDRMTYQLXZSORG-UHFFFAOYSA-N,1,5.659754238432068,1,0
XWXQDIUFNJEKBY-UHFFFAOYSA-N,1,5.657577319177793,1,0
XZPQRIJZBKZROM-OAHLLOKOSA-N,1,5.657577319177793,1,0
ZAKQYSXDZKMEJJ-UHFFFAOYSA-N,1,5.657577319177793,1,0
ALLYNSCMTRSFNH-UHFFFAOYSA-N,1,5.657577319177793,1,0
LFQLOBUDZGJGBE-UHFFFAOYSA-N,1,5.657577319177793,1,0
AFWAVLNIGSUCHI-HNNXBMFYSA-N,1,,0,0
XEJNEGOOYXFKMN-UHFFFAOYSA-N,1,5.655607726314889,1,0
ZNWNWWLWFCCREO-UHFFFAOYSA-N,1,5.653647025549361,1,0
MXTNBQDJIBGONA-UHFFFAOYSA-N,1,,0,0
BNTGVINQADRYBE-UHFFFAOYSA-N,1,,0,0
VNZLQLYBRIOLFZ-UHFFFAOYSA-N,1,5.645507399410564,1,0
LMFZASCXAANSLM-UHFFFAOYSA-N,1,5.6439741428068775,1,0
LKDKZDZBTSCLCY-KRWDZBQOSA-N,1,5.6419983281826,2,0
BPHVHUHFXREQBY-UHFFFAOYSA-N,1,5.6401645176601125,1,0
KBQKZEHFDZLCGM-UHFFFAOYSA-N,1,,0,0
ITSYGVLMBDGWEV-UHFFFAOYSA-N,1,,0,0
CGQWWCSDVNCWKW-UHFFFAOYSA-N,1,,0,0
LDOTVWGSWWUMAW-UHFFFAOYSA-N,1,5.638272163982407,1,0
SBJAROVNDHTDKY-WGSAOQKQSA-N,1,5.638272163982407,1,0
RVSLLQIPFFIMSB-KPKJPENVSA-N,1,5.638272163982407,1,0
CCHNZOHVOULQIT-UHFFFAOYSA-N,1,,0,0
VCYGJFJKSCACCN-UHFFFAOYSA-N,1,,0,0
ANNLFDUPFAFPFH-UHFFFAOYSA-N,1,,0,0
OGJGQVFWEPNYSB-UHFFFAOYSA-N,1,5.1479247415801,8,0
FFZALGRQJRVCKO-CYBMUJFWSA-N,1,5.635382929183963,2,0
HXSZWCAHOHIEOA-UHFFFAOYSA-N,1,5.634137784597445,1,0
HXJZOQIIPSJTIK-LOSJGSFVSA-N,1,,0,0
BWJWQRCGVCCLIP-UHFFFAOYSA-N,1,5.630784142589857,1,0
PQVQCEDGSJVHMK-UHFFFAOYSA-N,1,,0,0
RDAMHUJTGOWZOX-UHFFFAOYSA-N,1,,0,0
FASYQPOSAUOTDU-UHFFFAOYSA-N,1,5.628932137728263,1,0
RWTNPBWLLIMQHL-UHFFFAOYSA-N,1,,0,0
LXSHWRWEVGDSGN-UHFFFAOYSA-N,1,,0,0
YVBCMZPFSJOCJN-UHFFFAOYSA-N,1,,0,0
KBSCSQTYTJMMEQ-UHFFFAOYSA-N,1,,0,0
QNMSZPXZAGXMKV-GOSISDBHSA-N,1,5.620000528471499,1,0
LHDDOZPHQWBNGP-UHFFFAOYSA-N,1,5.620000528471499,1,0
CAVSFHXWRJHLEI-UHFFFAOYSA-N,1,5.619788758288394,1,0
GYGFWUNSKKZJNC-UHFFFAOYSA-N,1,5.619788758288394,1,0
CYPFZEOONAAFRZ-UHFFFAOYSA-N,1,5.618343517414213,1,0
GGLXFWQANMJCNR-UHFFFAOYSA-N,1,5.617622696531886,1,0
BMJBTCPPCWVRKS-UHFFFAOYSA-N,1,5.616903070050906,1,0
IISXJCNRUSFNIM-UHFFFAOYSA-N,1,5.616184634019569,1,0
ZZWMQJQCXDWUTD-UHFFFAOYSA-N,1,5.6142150411566645,1,0
XKTRZPQOQOCNJU-GJZGRUSLSA-N,1,5.6099998081597775,1,0
WCAGCKMTLAATQU-UHFFFAOYSA-N,1,,0,0
BGMDLAIZBKXVQQ-SECBINFHSA-N,1,5.609241471261283,1,0
YBSSDSCEOFCFIV-UHFFFAOYSA-N,1,,0,0
NXHYXFTYHKKMBV-UHFFFAOYSA-N,1,,0,0
UWUCDMAWZWXZPY-UHFFFAOYSA-N,1,5.607303046740334,1,0
JIXQPDNGVCMIOH-UHFFFAOYSA-N,1,5.605548319173783,1,0
RKZVRIHTYWJVDD-UHFFFAOYSA-N,1,5.603800652904264,1,0
JLUQWCZYPJKNMK-UHFFFAOYSA-N,1,5.603036688218891,2,0
DYCKCLZHSRKOSL-UHFFFAOYSA-N,1,5.6020599913279625,1,0
VUXXDICFUUFOIZ-UHFFFAOYSA-N,1,5.6020599913279625,1,0
JOOAJIXGNAIFDC-UHFFFAOYSA-N,1,,0,0
GEVFMRRCRSTMJH-UHFFFAOYSA-N,1,,0,0
XJHVIMRPUTXKEU-UHFFFAOYSA-N,1,5.600672467841321,1,0
GRDOSKIKNBNPPI-UHFFFAOYSA-N,1,,0,0
DKMPNHJOVOVCMF-VSHVGKGISA-N,1,5.59999938302362,1,0
XOEZEACRWZTMQK-UHFFFAOYSA-N,1,5.59999938302362,1,0
FWLGDHKTYMRCAQ-GFCCVEGCSA-N,1,5.59999938302362,1,0
HAJIPROMBKTILW-UHFFFAOYSA-N,1,5.59999938302362,1,0
ZZINMSOGWJONAI-UHFFFAOYSA-N,1,,0,0
KFPZVRTVZVHBSM-UHFFFAOYSA-N,1,5.598599459218455,1,0
BTJHDQFIFDTGOW-UHFFFAOYSA-N,1,5.598599459218455,1,0
KZVXSSLUUGFVFR-UHFFFAOYSA-N,1,,0,0
UWUBDOPGNONVDN-UHFFFAOYSA-N,1,,0,0
ISJJKHYAKDKZNA-UHFFFAOYSA-N,1,,0,0
WNIPBGJWMANRGA-UHFFFAOYSA-N,1,,0,0
SAPCLYRXCUDCRV-UHFFFAOYSA-N,1,5.5875129697428605,2,0
LZMIVAWAFVXKJL-UHFFFAOYSA-N,1,5.585026652029182,1,0
UGQHLSRGZUTZMG-UHFFFAOYSA-N,1,,0,0
QYYOWXGHJFPMIM-UHFFFAOYSA-N,1,5.582528306796707,1,0
MCNXDINEERCWGB-IBGZPJMESA-N,1,,0,0
BZWZMTTVCPOVAV-UHFFFAOYSA-N,1,5.581698708680255,1,0
MMTKBQGOVDOJAE-UHFFFAOYSA-N,1,5.580044251510242,1,0
DTNBLXRAVILHMO-IAGOWNOFSA-N,1,5.579999668433626,1,0
RYRTVXCXZPFWGO-UHFFFAOYSA-N,1,,0,0
BLOYMTYODPJJPK-UHFFFAOYSA-N,1,,0,0
MOZKRTYYLZZUTA-UHFFFAOYSA-N,1,,0,0
AIKAECUQHAATGN-UHFFFAOYSA-N,1,5.57154122648442,1,0
WQEPZBNLBWDIRZ-UHFFFAOYSA-N,1,5.57154122648442,1,0
FHTCFDIRPCKGKO-UHFFFAOYSA-N,1,,0,0
VGYQUDBPYFLBLJ-PTCVETCVSA-N,1,5.571055709964426,1,0
DQWYVTVADJXAAR-UHFFFAOYSA-N,1,5.570000775141681,1,0
FUZBDAGWGHASHR-KRWDZBQOSA-N,1,5.568636235841012,1,0
NYXHSNJGOQCTBS-MQMFKJKRSA-N,1,5.568636235841012,1,0
LVAZPFMWSRDRRK-GFCCVEGCSA-N,1,5.568636235841012,3,0
BPXOVNRRDFBZBM-UHFFFAOYSA-N,1,5.568636235841012,1,0
ZVAZCHZCMGUSFW-WUFINQPMSA-N,1,,0,0
FGCAUQWFZKMPKW-UHFFFAOYSA-N,1,,0,0
HBXAUVWJLFTKDA-FGZHOGPDSA-N,1,5.5599997955387845,1,0
FJYJGNZBZKNLBF-UHFFFAOYSA-N,1,,0,0
XASUAOWUPBWGMW-UHFFFAOYSA-N,1,5.557206774060231,1,0
PGUHEGODMQZTBX-UHFFFAOYSA-N,1,,0,0
LXKHTQRJWHHCDP-UHFFFAOYSA-N,1,5.555955204081924,1,0
UKMLUIQURILEME-UHFFFAOYSA-N,1,5.552841968657781,1,0
VROFQJNNYWWTGM-UHFFFAOYSA-N,1,5.552841968657781,1,0
XUOARYPFOGJNNV-UHFFFAOYSA-N,1,5.552841968657781,1,0
AIANRSPJEBRESY-UHFFFAOYSA-N,1,,0,0
ORNDJPPXEBDDDP-UHFFFAOYSA-N,1,,0,0
MVUXSAGLLJPWRN-UHFFFAOYSA-N,1,,0,0
NEMHKCNXXRQYRF-UHFFFAOYSA-N,1,,0,0
VQEFMIATWHWTNX-CYBMUJFWSA-N,1,5.550000451689026,1,0
PWCVSHXTKFEXBF-CQSZACIVSA-N,1,5.550000451689026,1,0
CYPJMEGEBKHODC-UHFFFAOYSA-N,1,,0,0
NVQDXWHJCOYHFG-UHFFFAOYSA-N,1,5.543633966870956,1,0
PVPFHWKNLSESPB-UHFFFAOYSA-N,1,5.541513236201793,1,0
UJRXZWAABVTTPQ-HHHXNRCGSA-N,1,,0,0
WNSAXKBODJJHCF-UHFFFAOYSA-N,1,,0,0
FUNLPOKPIPLUBX-UHFFFAOYSA-N,1,5.5386515663520175,1,0
FTCUBQDATNLTBT-UHFFFAOYSA-N,1,5.537602002101044,1,0
CBFLLWSFCPBXDU-UHFFFAOYSA-N,1,5.537602002101044,1,0
NHYBCEUNQSZDRF-UHFFFAOYSA-N,1,5.537602002101044,1,0
GVZVJCKGJVWISH-UHFFFAOYSA-N,1,5.537602002101044,1,0
PPDFQOCRZHOASS-UHFFFAOYSA-N,1,,0,0
TZMHJAWORUSIEG-UHFFFAOYSA-N,1,5.534319788401723,1,0
SECXHJRGBAZUCO-UHFFFAOYSA-N,1,5.534171184642563,1,0
DGGPZCDYOYMIGP-UHFFFAOYSA-N,1,5.5335772775662075,1,0
SHTKKIRPSYJFRO-SNVBAGLBSA-N,1,5.530472520812986,1,0
WVAKMWHEKNXRHK-UHFFFAOYSA-N,1,5.525783735923745,1,0
LLKMICSIFPTJMH-UHFFFAOYSA-N,1,5.525346746637937,1,0
AHVVCJSEQJZGNV-UHFFFAOYSA-N,1,5.522878745280337,1,0
SGHOLEWCWYFPCZ-UHFFFAOYSA-N,1,5.522878745280337,1,0
OMQYELRKBALQJF-JSGCOSHPSA-N,1,5.522444667801019,1,0
FVMDOYQNOWAVCQ-UHFFFAOYSA-N,1,5.5166980476418335,1,0
RMRODALMKPMZFW-ZDUSSCGKSA-N,1,5.514988785421426,1,0
PRUAALOHVVCQPZ-UHFFFAOYSA-N,1,5.512296136836273,1,0
KTMPMYIMDGPOKZ-UHFFFAOYSA-N,1,,0,0
MAVGNSNQMXBEHU-UHFFFAOYSA-N,1,5.508638306165727,1,0
JQBYEGVGELAAOI-UHFFFAOYSA-N,1,5.508638306165727,1,0
KNLXBMUXNMBWBW-UHFFFAOYSA-N,1,5.508638306165727,1,0
BIARYCFROFVWEW-UHFFFAOYSA-N,1,5.508638306165727,1,0
AQHZNVAMLJSYRQ-UHFFFAOYSA-N,1,5.508638306165727,1,0
IQMKIUFAVWKRQY-GFCCVEGCSA-N,1,5.506820879317485,1,0
CNKNJMJEVKMFAR-UHFFFAOYSA-N,1,5.503623945987599,1,0
JPBDEYGIEOZDGD-UHFFFAOYSA-N,1,5.499999678657065,1,0
JGHVVBYUGZXQJW-SJORKVTESA-N,1,,0,0
VYGXIFKVFAKJNM-FQEVSTJZSA-N,1,,0,0
RPHDOVLXDYWDGF-UHFFFAOYSA-N,1,,0,0
SCVQVEVLACTYJB-UHFFFAOYSA-N,1,5.497572880015568,1,0
HBYJIVNHTWIKJQ-UHFFFAOYSA-N,1,,0,0
LHIGVMVGEPDNBQ-UHFFFAOYSA-N,1,,0,0
JNSNEWFLCREWMB-UHFFFAOYSA-N,1,,0,0
WWWIHTTXFJTDIB-IBGZPJMESA-N,1,,0,0
NMXGNEXAVXBXLG-UHFFFAOYSA-N,1,,0,0
AWFGXHAQIOOJCD-UHFFFAOYSA-N,1,,0,0
PTWUCXQTDONCCL-RRPNLBNLSA-N,1,,0,0
JCXPHDPIKCCHEL-FQEVSTJZSA-N,1,5.481486060122112,1,0
IXKQJYVTAYRJTF-UHFFFAOYSA-N,1,,0,0
RTNHENHQSIAEAI-UHFFFAOYSA-N,1,,0,0
ZWCUBCGFLWXFOM-HUUCEWRRSA-N,1,5.480000159330324,1,0
WZANXVXLOKIMAM-SSDOTTSWSA-N,1,,0,0
BRZAPKIDJOPKEJ-UHFFFAOYSA-N,1,5.468521082957745,1,0
GDEQPGACTRNZFK-UHFFFAOYSA-N,1,5.468521082957745,1,0
CECDNRUCUZFOLS-UHFFFAOYSA-N,1,5.468521082957745,1,0
LYHPSWFRVIYURV-UHFFFAOYSA-N,1,5.468521082957745,1,0
IGIPSUCYDDNAQY-JTYJAPAGSA-N,1,5.468521082957745,1,0
USHJZTUJVFHKQH-UHFFFAOYSA-N,1,,0,0
JJISSBKYYCWHFH-UHFFFAOYSA-N,1,,0,0
YYAHKCMGTOAAMI-UHFFFAOYSA-N,1,5.463820467862774,1,0
YZWJNFUQGOYUQT-UHFFFAOYSA-N,1,,0,0
QQFDMLZEFWKHHH-UHFFFAOYSA-N,1,5.455931955649724,1,0
VXHLHYPOHKQMNB-UHFFFAOYSA-N,1,5.455931955649724,1,0
MOUIWMOQLHUNKH-UHFFFAOYSA-N,1,,0,0
JYTISQGEFSHUIR-UHFFFAOYSA-N,1,,0,0
WICIEVRBFPSOFF-UHFFFAOYSA-N,1,,0,0
OZAJLQLEAWUZSC-UHFFFAOYSA-N,1,5.450000476425332,1,0
RMYZIRFUCOMQRH-CAJLXGCNSA-N,1,,0,0
GZXNMNCAWGIAAW-QGZVFWFLSA-N,1,5.447331783887806,1,0
BYXSNRPLLXTCPK-UHFFFAOYSA-N,1,,0,0
ONVAFCPNRHAADQ-UHFFFAOYSA-N,1,5.443697499232712,1,0
RWEPTLSUVVSWHX-UHFFFAOYSA-N,1,5.443697499232712,1,0
LHOWYYXXITUESH-IBGZPJMESA-N,1,,0,0
VELJFQQYEQHBOB-AWEZNQCLSA-N,1,5.441848782372887,2,0
LUURZPBLEVSXGP-UHFFFAOYSA-N,1,,0,0
ZJULUTHVMWQMLJ-HNNXBMFYSA-N,1,5.440000065513061,1,0
DNULYRGWTFLJQL-UHFFFAOYSA-N,1,5.55129368009492,1,0
AXJOWWAHGHUVEF-UHFFFAOYSA-N,1,,0,0
OVDROBGSEQOKQB-ICSRJNTNSA-N,1,5.431798275933005,1,0
CVCVTMULKVMAMX-KGENOOAVSA-N,1,,0,0
PRYVZXFJJBFQRT-UHFFFAOYSA-N,1,,0,0
NKFOMNCXPUBCJT-UHFFFAOYSA-N,1,,0,0
UIYATCKYXWPCQG-UHFFFAOYSA-N,1,5.425108335589623,2,0
CKJPETQDQGIHJS-UHFFFAOYSA-N,1,5.424812155072339,1,0
LEQVQRFGBPYNQZ-UHFFFAOYSA-N,1,,0,0
NSRMSZBPAQTJBS-UHFFFAOYSA-N,1,5.42021640338319,1,0
UPAOFJQATTTYHW-UHFFFAOYSA-N,1,,0,0
SITUEGLHNDXECQ-UHFFFAOYSA-N,1,,0,0
XWOWUPZMWGTZIJ-UHFFFAOYSA-N,1,,0,0
VOALUBYHXLQXRI-WEWMWRJBSA-N,1,,0,0
UEQUQVLFIPOEMF-UHFFFAOYSA-N,1,5.410000161858408,3,0
UTUFKUUIPTWXPH-UHFFFAOYSA-N,1,,0,0
NNGCXJPRHBHODU-UHFFFAOYSA-N,1,5.4089353929735005,1,0
QGLGNPCWSBQHAU-UHFFFAOYSA-N,1,5.4089353929735005,1,0
XBXGSRGFTFVODB-UHFFFAOYSA-N,1,5.4089353929735005,1,0
OEFFTIMBYVFOPK-UHFFFAOYSA-N,1,5.4089353929735005,1,0
YJLMHUBBYHISAU-UHFFFAOYSA-N,1,5.403402904373539,1,0
BHUNVFVEHNURLZ-UHFFFAOYSA-N,1,5.401866354186762,1,0
AGVNHDNTFYHZNL-QGZVFWFLSA-N,1,5.40000018605658,1,0
JDCBVBSQNVZJSS-UHFFFAOYSA-N,1,5.40000018605658,1,0
HYGJPVUOYCSNGB-UHFFFAOYSA-N,1,5.40000018605658,1,0
YFKULYYWSYOHDZ-UHFFFAOYSA-N,1,,0,0
GARRNCFUWHSEJV-UHFFFAOYSA-N,1,5.3979400086720375,1,0
OLUONKODHNDKJM-HQRWHSCBSA-N,1,5.3979400086720375,1,0
SBZZZUGGGYMLIG-SFHVURJKSA-N,1,,0,0
FEMKPVDHFCRPKA-UHFFFAOYSA-N,1,5.396855627379818,1,0
JTXRDCDRBGVWLB-UHFFFAOYSA-N,1,5.3921162556430104,1,0
NMWYMABDXNLKFE-UHFFFAOYSA-N,1,,0,0
VLULRUCCHYVXOH-UHFFFAOYSA-N,1,,0,0
YXLLQNMKIDBOGH-NDEPHWFRSA-N,1,5.3872161432802645,1,0
AKCNULBSNJJBDL-UHFFFAOYSA-N,1,,0,0
MWUMXOQHNPRQCI-UHFFFAOYSA-N,1,5.380000399499541,1,0
DNBHELXBRXDBSY-UHFFFAOYSA-N,1,5.376750709602099,1,0
SXICCGPFVRVNMD-UHFFFAOYSA-N,1,5.376750709602099,1,0
UJDUEYVURZHWBC-UHFFFAOYSA-N,1,5.369572124974976,1,0
WCJFBSYALHQBSK-UHFFFAOYSA-N,1,,0,0
KYOJMOVGLXPOHH-UHFFFAOYSA-N,1,5.366531544420413,1,0
HZFVOEDJAMLOAK-UHFFFAOYSA-N,1,,0,0
AFRXCTUPOJKNDG-UHFFFAOYSA-N,1,,0,0
SFNVUZGWWDUWJI-VRDCJJRQSA-N,1,,0,0
ROZJLRVGVXVODO-AWEZNQCLSA-N,1,5.359999833093898,1,0
ZCKIEICGPWNFBV-KSFYIVLOSA-N,1,,0,0
VHPASGHENHNLAW-UHFFFAOYSA-N,1,5.356547323513812,1,0
WWKHLSANYDLDKY-UHFFFAOYSA-N,1,5.356547323513812,1,0
FBJIUWHTOIOHGN-UHFFFAOYSA-N,1,5.356547323513812,1,0
CFCGTXOJJUJIIE-UHFFFAOYSA-N,1,5.356547323513812,1,0
ZQKCHIRJVKTOHH-UHFFFAOYSA-N,1,,0,0
LMRUSDUZVDKYMF-UHFFFAOYSA-N,1,5.346787486224656,1,0
LWDPHLQHPIGVKY-UHFFFAOYSA-N,1,5.345438445258257,1,0
CPFAMVVFLCOFSK-UHFFFAOYSA-N,1,5.3417593321844254,2,0
NVYMBZSBOQRSFH-UHFFFAOYSA-N,1,5.338621174238888,2,0
WMJUHVXPQPZNMA-UHFFFAOYSA-N,1,,0,0
KMSBBZPJDRRRGH-UHFFFAOYSA-N,1,5.332173621049289,1,0
BPXIOWINQPQVOY-UHFFFAOYSA-N,1,5.330962199114844,1,0
YGTOBHZRTULFTF-KRWDZBQOSA-N,1,5.330125497510197,1,0
JWZZKOKVBUJMES-UHFFFAOYSA-N,1,,0,0
RQTUFYCDUWSKKX-KGNCLDLBSA-N,1,,0,0
RXEIDFSWABFHSZ-UHFFFAOYSA-N,1,5.322649087201568,2,0
DFDOLOVKMMATDA-UHFFFAOYSA-N,1,5.322649087201568,2,0
RXEIDFSWABFHSZ-LJQANCHMSA-N,1,5.322649087201568,2,0
PSDFKKSPYSFZKR-LJQANCHMSA-N,1,5.322649087201568,2,0
PJDIIZOQXMDDPU-OPCAMPFDSA-N,1,5.320000083770781,1,0
YUMDWQNKTSWTQP-UHFFFAOYSA-N,1,,0,0
VQWRIGMLIDJHJV-UHFFFAOYSA-N,1,5.309803919971486,1,0
VVRAANFGOIKBRD-UHFFFAOYSA-N,1,5.309803919971486,1,0
CWPNHPQGJLXJNH-UHFFFAOYSA-N,1,5.306448914404086,1,0
XVPRVMIFXXOEFR-UHFFFAOYSA-N,1,5.301029995663981,9,0
XHTCEJWQQIHAOR-UZLBHIALSA-N,1,5.301029995663981,2,0
BQOUGDGGUWVLTD-UHFFFAOYSA-N,1,5.300000202445418,1,0
KOIIIBWVKNCMBP-UHFFFAOYSA-N,1,,0,0
NKNTXYMZEFEUNK-HNNXBMFYSA-N,1,5.299041374741213,2,0
WHTUEKIFAXDIRP-UHFFFAOYSA-N,1,5.292429823902063,1,0
BGXXETBYBGTKEP-UHFFFAOYSA-N,1,5.292429823902063,1,0
WSJMJBOZYZWDIK-UHFFFAOYSA-N,1,5.2839966563652006,1,0
DUEAFIKCLDPEGV-UHFFFAOYSA-N,1,5.2839966563652006,1,0
FZIIBLBHXXRTMG-RAOGCBAWSA-N,1,5.28274568723745,2,0
FKYWSGYMKJUZEP-ZOBUZTSGSA-N,1,5.281918676479622,2,0
UUROQRRZHCJWGK-UHFFFAOYSA-N,1,,0,0
OFZLWCJPSURMOO-UHFFFAOYSA-N,1,,0,0
SUBIJFYEXXITCD-UHFFFAOYSA-N,1,5.279840696594043,1,0
FMWVLGRDWGHGJV-UHFFFAOYSA-N,1,5.279840696594043,1,0
VGXWBRRDKLYQLR-UHFFFAOYSA-N,1,,0,0
DTRXURJDKOYCCD-UHFFFAOYSA-N,1,5.275724130399211,15,0
XDJRQBUUPPHLQR-UHFFFAOYSA-N,1,5.275724130399211,1,0
ZYXIICVCCTVXCC-ZLOLNMDISA-N,1,5.275724130399211,1,0
QHJSQVKSJUNYAK-UHFFFAOYSA-N,1,,0,0
CHZUEGVOEFMIJH-ZKRSMWHSSA-N,1,5.270430273698031,1,0
OCAXFDULERPAJM-UHFFFAOYSA-N,1,5.269217724333611,1,0
CVAGCOURADIXBK-RTBURBONSA-N,1,,0,0
BEYHWKKZIDOJLS-LOSJGSFVSA-N,1,,0,0
FOTUXOOYRRRHFQ-UHFFFAOYSA-N,1,5.262330372643358,1,0
SJDLUAQSQRBWLX-UHFFFAOYSA-N,1,5.261219441515631,1,0
WFLHEXUTTRRXFJ-UHFFFAOYSA-N,1,5.259637310505756,1,0
IIRGAHOMCLTQPR-UHFFFAOYSA-N,1,5.259637310505756,1,0
RCFWZPSHZMCPLU-UHFFFAOYSA-N,1,,0,0
YSIFTTPUSXNYII-UHFFFAOYSA-N,1,5.256568634853316,1,0
XUAGVHSWKPRGFP-GMAHTHKFSA-N,1,,0,0
VDWKDBPHAPPUBO-UHFFFAOYSA-N,1,5.254953307544646,2,0
SRKMMWQNEAUSLE-UHFFFAOYSA-N,1,5.251811972993799,1,0
KLWCGZRXATXKMS-UHFFFAOYSA-N,1,5.251811972993799,1,0
YOILXOMTHPUMRG-JSGCOSHPSA-N,1,,0,0
CMZYPGWYRMTMMW-UHFFFAOYSA-N,1,,0,0
VOALUBYHXLQXRI-KLJDGLGGSA-N,1,,0,0
LAZCWDPLJFPPDI-UHFFFAOYSA-N,1,5.2441251443275085,1,0
UYUTUOIZGIGQQA-VIVFLBMVSA-N,1,5.2441251443275085,1,0
RONZAEMNMFQXRA-UHFFFAOYSA-N,1,5.242376254091611,1,0
FAUOIWKXVZMERY-UHFFFAOYSA-N,1,,0,0
DRRIHRQXXFYPBU-FQEVSTJZSA-N,1,5.232844133917819,1,0
XOESWPIDRFQRGI-UHFFFAOYSA-N,1,,0,0
RKWNQODBLXZUES-UHFFFAOYSA-N,1,,0,0
JQJZAUBSLUYDAA-UHFFFAOYSA-N,1,5.229147988357855,1,0
OSBMHRHGAFUBCG-UHFFFAOYSA-N,1,5.229147988357855,1,0
LEKOXFCRANACFL-UHFFFAOYSA-N,1,,0,0
ISOJUHYODLHLNP-ATIYNZHBSA-N,1,,0,0
BEXZDWKMMJPZCQ-MRXNPFEDSA-N,1,5.219999701663429,1,0
APQWXABKECJSIH-UHFFFAOYSA-N,1,,0,0
AZNYLBLMCWHLSK-UHFFFAOYSA-N,1,,0,0
FQCPFWPAGODRNN-UHFFFAOYSA-N,1,5.214670164989233,1,0
NCKGSESQGZBZQN-UHFFFAOYSA-N,1,5.214670164989233,1,0
ADAZZWTYEBRRHE-UHFFFAOYSA-N,1,5.214670164989233,1,0
CIQQYYDWFNUHDM-UHFFFAOYSA-N,1,5.214670164989233,1,0
GSJUQPJCKBBTAO-UHFFFAOYSA-N,1,5.213106674738684,1,0
BWXKKFQODXKNLQ-UHFFFAOYSA-N,1,,0,0
DDFNIAVTIHLFOR-UHFFFAOYSA-N,1,5.206419132631844,1,0
HYLGECOKUPPDRN-UHFFFAOYSA-N,1,5.1938200260161125,1,0
JPSSDJSKUUWHMS-CYGODWOOSA-N,1,5.193141970481182,1,0
NNGCPQMNTNEUCA-UHFFFAOYSA-N,1,,0,0
AJADIMFRRRXJAI-UHFFFAOYSA-N,1,,0,0
CTDCQQXDSZWWIE-KKSFZXQISA-N,1,,0,0
LPWRTRRXYPVJKD-UHFFFAOYSA-N,1,,0,0
CFXIWIZPWMZACA-UHFFFAOYSA-N,1,5.180456064458131,1,0
FXUMDUOHWITHIX-UHFFFAOYSA-N,1,,0,0
OPMVQDXWBONTGB-UHFFFAOYSA-N,1,5.173925197299173,1,0
DGCGMYNLCDVYMB-UHFFFAOYSA-N,1,5.173925197299173,1,0
CTMDNCSJPPQMLF-UHFFFAOYSA-N,1,5.171404543628298,1,0
XCLOPBYSKIWJNJ-CLJLJLNGSA-N,1,,0,0
YLEJYQFWEATDSD-UHFFFAOYSA-N,1,5.168130225719498,1,0
ASGPPKHUWWRTLM-UHFFFAOYSA-N,1,5.167491087293763,1,0
DMNOVGJWPASQDL-OAQYLSRUSA-N,1,,0,0
WQWCHMWUOFCWFU-UHFFFAOYSA-N,1,5.1614027471833435,1,0
LGXAESURRIWEJV-UHFFFAOYSA-N,1,5.158015195409886,1,0
JXPFVJLJUKGXQP-UHFFFAOYSA-N,1,5.158015195409886,1,0
BUGYAANIQPCORQ-UHFFFAOYSA-N,1,5.154901959985743,1,0
JDFBBZLNLYXHDC-CAUKCHDASA-N,1,5.145390361904205,2,0
PCPQHGBAGOWPLH-SFHVURJKSA-N,1,5.142667503568731,1,0
BGSFWUHHMGJEBX-UHFFFAOYSA-N,1,,0,0
RVBVZFLMCDGFOZ-GOSISDBHSA-N,1,5.130768280269024,1,0
RXGOETNYBNUSSO-UHFFFAOYSA-N,1,5.119186407719209,1,0
RCACIEKJQOIDQV-UHFFFAOYSA-N,1,5.119186407719209,1,0
WTAVHOMZPZTGNJ-UHFFFAOYSA-N,1,5.119186407719209,1,0
CHSOKIBTPZERLH-UHFFFAOYSA-N,1,,0,0
KUZDNSHRAHWGBG-UHFFFAOYSA-N,1,5.113509274827518,1,0
AGMWTWZTMQSDHF-UHFFFAOYSA-N,1,5.113509274827518,1,0
QKRCVHKKBOUVNT-UHFFFAOYSA-N,1,5.10768273927752,1,0
CNGQSMFIQRDDKI-UHFFFAOYSA-N,1,5.102372908709558,1,0
HWAIAGZSWHOLLK-UHFFFAOYSA-N,1,,0,0
SHPCAECDGCBRNC-OYTPZHDJSA-N,1,5.100726812682396,1,0
QNMSZPXZAGXMKV-SFHVURJKSA-N,1,5.100000128334196,1,0
ILUSLMFKTMQVSK-UHFFFAOYSA-N,1,,0,0
QRYAMGGRUIKACE-GOSISDBHSA-N,1,5.0972495709208,2,0
GEPUWJGKAOGNRH-UHFFFAOYSA-N,1,,0,0
ICNBRZLPNIRJTH-UHFFFAOYSA-N,1,5.079999880484295,1,0
LCBAQBQSRJBWCB-UHFFFAOYSA-N,1,5.079999880484295,1,0
IPZLHIDFKOMHRW-UHFFFAOYSA-N,1,,0,0
ZXKDQKMGPBQZPF-UHFFFAOYSA-N,1,5.075720713938118,1,0
ZLEOJNLZAQGTPM-AWEZNQCLSA-N,1,5.067750784124627,2,0
ODGRZYYSJPOCQE-ISKFKSNPSA-N,1,,0,0
KBAKPEFQDPCCTP-RAOGCBAWSA-N,1,5.062381820606177,1,0
MNCAUYFDXJSKPL-UHFFFAOYSA-N,1,,0,0
LGKGAIBCFWVOCC-UHFFFAOYSA-N,1,5.060480747381382,1,0
FUZBDAGWGHASHR-QGZVFWFLSA-N,1,5.060480747381382,1,0
DCOWEWUTRNVNCR-UHFFFAOYSA-N,1,5.060480747381382,1,0
TXTILBTZVJQWSG-UHFFFAOYSA-N,1,5.060480747381382,1,0
NSWRCNIUQFRZFO-UHFFFAOYSA-N,1,5.055517327849831,1,0
YXLCOBLTAWMMRS-HUMDQVGNSA-N,1,5.055517327849831,1,0
NMYFWYJLWVJPAQ-UHFFFAOYSA-N,1,,0,0
JSTQBEJYZPIVJU-UHFFFAOYSA-N,1,5.050609993355087,1,0
SGPQBAMKWVQVFJ-UHFFFAOYSA-N,1,5.049999969853415,1,0
GHNCNPGXYPVAGR-UHFFFAOYSA-N,1,,0,0
FWUYSYBMZPOIDO-UHFFFAOYSA-N,1,,0,0
YXLLQNMKIDBOGH-UHFFFAOYSA-N,1,5.036212172654444,1,0
BKHZTSXNFSOLCO-UHFFFAOYSA-N,1,,0,0
FVQOIDZBAPLYGQ-UHFFFAOYSA-N,1,5.026872146400301,1,0
HAVOANJDOKCJRR-UHFFFAOYSA-N,1,,0,0
XBHUNPOHYIWVNE-AWEZNQCLSA-N,1,5.011614181964424,2,0
UJBREZBVTYQLHJ-UHFFFAOYSA-N,1,5.0,2,0
VDGZERMDPAAZEJ-UHFFFAOYSA-N,1,5.0,1,0
MZORJBGOVRTVQW-UHFFFAOYSA-N,1,5.0,1,0
IVBGOSVLURUGPB-UHFFFAOYSA-N,1,5.0,1,0
JLPQEMCCJSONLS-UHFFFAOYSA-N,1,5.0,1,0
BVDCRVMWNQTQFJ-UHFFFAOYSA-N,1,5.0,1,0
ZWWQCBHVDHZKGR-UHFFFAOYSA-N,1,5.0,1,0
VRWYJLYADFQDOO-UHFFFAOYSA-N,1,5.0,1,0
LIZHGPSMNOBTAT-UHFFFAOYSA-N,1,5.0,1,0
MQRWFRAFKLPMBJ-UHFFFAOYSA-N,1,5.0,1,0
ULNDHPWJENLXLL-UHFFFAOYSA-N,1,5.0,1,0
FESITOSQGDHYSA-UHFFFAOYSA-N,1,5.0,1,0
YWAYIZIRYOLBEC-UHFFFAOYSA-N,1,5.0,1,0
GKODUQFGYOBNMB-UHFFFAOYSA-N,1,5.0,1,0
DCVQVRPQZMOKQX-UHFFFAOYSA-N,1,5.0,1,0
PKZXLMVXBZICTF-UHFFFAOYSA-N,1,5.0,1,0
MIVWTBCJCNWAEJ-UHFFFAOYSA-N,1,,0,0
IKRPGXPWXNOWKH-UHFFFAOYSA-N,1,,0,0
PCPQHGBAGOWPLH-GOSISDBHSA-N,1,4.958607314841775,1,0
QAAKBUYWNXINKR-UHFFFAOYSA-N,1,4.958607314841775,1,0
RSLYNHHGHMPLKL-OYTPZHDJSA-N,1,4.958607314841775,1,0
YKCXNSAIVWHWKR-UJCHZGTJSA-N,1,4.958607314841775,1,0
SSJDNJLMSOGXTN-UHFFFAOYSA-N,1,,0,0
DTLUAUCSESZJOW-ZJSXRUAMSA-N,1,,0,0
LAQPIGHSUVYYGI-UHFFFAOYSA-N,1,4.920818753952375,1,0
HZVQDNHDCAXRJP-UHFFFAOYSA-N,1,4.920818753952375,1,0
DKXYPAWNMBQJBN-GOSISDBHSA-N,1,4.920818753952375,1,0
JCXPHDPIKCCHEL-HXUWFJFHSA-N,1,4.920818753952375,1,0
YTVZWXSONDLPSZ-UHFFFAOYSA-N,1,4.920818753952375,1,0
GFJQMJYOLGYPBB-UHFFFAOYSA-N,1,4.920818753952375,1,0
GUOJBWOHCJIFQW-UHFFFAOYSA-N,1,4.920818753952375,1,0
ZJULUTHVMWQMLJ-OAHLLOKOSA-N,1,4.920000156997057,1,0
PGKOALRXUFBZNU-UHFFFAOYSA-N,1,,0,0
ZQUYISBPDUWNLC-UHFFFAOYSA-N,1,,0,0
FECGZFUZXKQCAY-UHFFFAOYSA-N,1,,0,0
CMFMZBLAQQULNF-UHFFFAOYSA-N,1,4.903089986991944,1,0
YRWLWGKTJCIUII-UHFFFAOYSA-N,1,,0,0
WOELKTNFFNSJSS-UHFFFAOYSA-N,1,4.886056647693163,1,0
FMKZTRTUGPXJFV-UHFFFAOYSA-N,1,4.886056647693163,1,0
WKFNOWSGTCBYBL-UHFFFAOYSA-N,1,4.886056647693163,1,0
BJWYIHWMKMZYRS-IBGZPJMESA-N,1,4.886056647693163,1,0
BJWYIHWMKMZYRS-LJQANCHMSA-N,1,4.886056647693163,1,0
FDBKWBKBMRKPJG-UHFFFAOYSA-N,1,4.886056647693163,1,0
SEVLDDAIFKZMCD-OYTPZHDJSA-N,1,4.87942606879415,1,0
PUTDAMBATXHKHN-RBQJHTGYSA-N,1,,0,0
XUAGVHSWKPRGFP-JTHBVZDNSA-N,1,,0,0
VGGYTNPNHQBLKG-UHFFFAOYSA-N,1,,0,0
FUBQWNPFXKULIT-UHFFFAOYSA-N,1,4.828858848971618,1,0
VEYSGMPQWOSGTB-UHFFFAOYSA-N,1,4.823908740944319,2,0
UPRFZLANTXURKF-UHFFFAOYSA-N,1,4.823908740944319,1,0
MUMVCUPHGPDDKM-UHFFFAOYSA-N,1,4.823908740944319,1,0
FARUCCZQJHBFSU-UHFFFAOYSA-N,1,,0,0
RKWPOXKBYLPBIG-UHFFFAOYSA-N,1,,0,0
JVQBISWUXRKBAJ-QGZVFWFLSA-N,1,4.56972918601732,2,0
QEYPINFPGIXPDO-UHFFFAOYSA-N,1,,0,0
SZOCKYDZSPRJPT-UHFFFAOYSA-N,1,,0,0
RLEVEXRYULMVDM-UHFFFAOYSA-N,1,4.774690718274137,1,0
RZAVUFOOSFLHIY-UHFFFAOYSA-N,1,4.769551078621726,1,0
PBNAEPBSIPQZEL-UHFFFAOYSA-N,1,4.769551078621726,1,0
NAIGOHVHPOGNLZ-UHFFFAOYSA-N,1,4.769551078621726,1,0
LHYAIPJNIYZFAE-UHFFFAOYSA-N,1,4.769551078621726,1,0
SSVIIFPCYYWMIA-LASHMREHSA-N,1,4.769551078621726,1,0
YZGXFLYQBFUCHR-BHOHKKBBSA-N,1,,0,0
AYASVQUVBANNHG-UHFFFAOYSA-N,1,,0,0
JVQBISWUXRKBAJ-UHFFFAOYSA-N,1,4.732074562264309,2,0
VSVDMIMYERSROL-UHFFFAOYSA-N,1,4.721246399047171,1,0
PSGJGQIYXBOEED-UHFFFAOYSA-N,1,4.698970004336019,1,0
DKXYPAWNMBQJBN-SFHVURJKSA-N,1,4.698970004336019,1,0
LADZDZFEEAEQNW-UHFFFAOYSA-N,1,4.6777807052660805,1,0
MFGYZKGJWDJWAA-UHFFFAOYSA-N,1,4.6777807052660805,1,0
QGKCXGBLQBZVNB-IQZDNPOKSA-N,1,4.6777807052660805,1,0
RANRSXNHVJZBGA-NDEPHWFRSA-N,1,4.6777807052660805,1,0
GMNZPHIBCDMEFH-ATNAJCNCSA-N,1,,0,0
LEXAFGYQTMMLCP-UHFFFAOYSA-N,1,4.666713978445566,1,0
RTYGYVMXTLAVMS-UHFFFAOYSA-N,1,4.657577319177793,1,0
IEITXWDJKKGTIY-UHFFFAOYSA-N,1,,0,0
BLLNREQHFDCHGW-UHFFFAOYSA-N,1,4.638272163982407,1,0
SORKSMKEQFEIIG-UHFFFAOYSA-N,1,,0,0
AKQWVRLMOLBNQU-UHFFFAOYSA-N,1,,0,0
QQSOUFSETSWOJX-UHFFFAOYSA-N,1,4.62154758852125,1,0
QFHMBWDXZWRJJD-KKSFZXQISA-N,1,,0,0
FODISKJARWLXOS-UHFFFAOYSA-N,1,4.609999985082743,1,0
WHDATORJGMRETC-OUUBHVDSSA-N,1,4.6020599913279625,1,0
STIRDGXSGQTCAJ-UHFFFAOYSA-N,1,4.585026652029182,1,0
PJMPHNIQZUBGLI-UHFFFAOYSA-N,1,,0,0
MGAAMGRSXKBQAO-UHFFFAOYSA-N,1,,0,0
PNWFKFMFPUOMLB-UHFFFAOYSA-N,1,,0,0
JUBQDBNTYKHXPJ-UHFFFAOYSA-N,1,,0,0
FXPWIJUEEVCPAI-SECBINFHSA-N,1,,0,0
ASMWBPNCBDZFBV-UHFFFAOYSA-N,1,,0,0
NIMADOZRRAVFFL-UHFFFAOYSA-N,1,4.508638306165727,1,0
HEBQIUNCEBCMFD-UHFFFAOYSA-N,1,4.508638306165727,1,0
BISFCURDZAXFKN-UHFFFAOYSA-N,1,,0,0
QKMCUEOKZNEZFG-FIHHNCHPSA-N,1,,0,0
QHTTYYWWULUJBN-UHFFFAOYSA-N,1,4.481486060122113,1,0
JPJLOKLXASWXIM-UHFFFAOYSA-N,1,4.468521082957745,1,0
YKCXNSAIVWHWKR-IQZDNPOKSA-N,1,4.443697499232713,1,0
YXLCOBLTAWMMRS-ZDRNMDQLSA-N,1,4.443697499232713,1,0
PJFFOWVGCUFENF-UHFFFAOYSA-N,1,,0,0
PCDNISCTQCOCTC-UHFFFAOYSA-N,1,,0,0
RCOOYZUDBHDXOZ-UHFFFAOYSA-N,1,,0,0
YFGHCGITMMYXAQ-LJQANCHMSA-N,1,,0,0
YFGHCGITMMYXAQ-UHFFFAOYSA-N,1,,0,0
GHAOYUDOVIKTMJ-UHFFFAOYSA-N,1,4.376750709602099,1,0
JVQBISWUXRKBAJ-KRWDZBQOSA-N,1,4.35180343867153,2,0
DQSWREBDNVEGNC-UHFFFAOYSA-N,1,,0,0
BRLKFLGNILMDCZ-UHFFFAOYSA-N,1,,0,0
RISVNNDOXVACCB-UHFFFAOYSA-N,1,4.221848749616356,1,0
SGWVLOCBQLQWQV-UHFFFAOYSA-N,1,4.214670164989233,1,0
DXDRHHKMWQZJHT-FPYGCLRLSA-N,1,,0,0
LYUYYIGCZIZIGF-LHEALVPGSA-N,1,,0,0
KOFYUIUZURNMRL-UHFFFAOYSA-N,1,4.173925197299174,1,0
XJKRLEJMJPXVGM-UHFFFAOYSA-N,1,,0,0
UJSKIIMXTSGSEQ-TZFUKMIJSA-N,1,,0,0
SJWWTRQNNRNTPU-ABBNZJFMSA-N,1,,0,0
CRKVMJHROLSFMV-OAQYLSRUSA-N,1,,0,0
HFNDOPJMFKOOBM-UHFFFAOYSA-N,1,,0,0
