inchikey,validated,pAct_pre,n_pre
WMTKHCQGJKXVST-PYIJLGDTSA-N,1,12.084301897225643,2
OCQZYGJWLHVJRD-UHFFFAOYSA-N,1,11.769551078621726,1
ADVXLVRKUFJJTA-CYLPJFJESA-N,1,11.561383456552921,2
NKULLHQHASCPKR-CDYHHZRJSA-N,1,,0
ADPQCWUGLGBPRO-ISCRSJHHSA-N,1,,0
DSXDZHLLPRAKKT-XCRGKUJJSA-N,1,11.244125144327509,1
PVNAJCHBKOKIIB-KKYBWPPWSA-N,1,11.092909509479906,2
CJYLEVUNMXXSAG-ZTNHBREUSA-N,1,11.045757490560675,1
UTXLSPLKQGPIPL-WXYSSXJFSA-N,1,11.02743811493894,6
UIBQKGCCXYTNSB-UHFFFAOYSA-N,1,11.0,1
KUPDICLCUUMCDF-UHFFFAOYSA-N,1,10.958607314841775,1
ATJZNASWBNGJGA-UPKFDLETSA-N,1,10.921150760362242,2
ZGKMSCDQIDVSIK-FNFCYJGBSA-N,1,,0
SRLYUYRWDOPUDB-SZFUDVHCSA-N,1,10.769551078621726,1
NQQVDBGEUDENFZ-XYJCDUHRSA-N,1,10.698970004336019,1
XLJBLGBRVMYMNE-GOTSBHOMSA-N,1,10.602059991327963,1
CAHGELRDKXVTKA-RPBOFIJWSA-N,1,10.568636235841012,1
MVWDYFOJQAABRA-LOSJGSFVSA-N,1,10.537602002101044,1
VUBAEISRKSELTE-OGPKSRJFSA-N,1,,0
LVKWUNFNJODDPV-XZOQPEGZSA-N,1,10.522878745280337,1
ZDJFLHCNTGAWQS-JYFHCDHNSA-N,1,10.508638306165727,1
WCIIIOXFGGLKMU-GMAHTHKFSA-N,1,10.500038134403809,1
KVHRINXGSHANGC-RRPNLBNLSA-N,1,10.494850021680094,1
OIFPROSOIDRACJ-SYIFMXBLSA-N,1,10.494850021680094,1
JNSYLTHKBVSSSE-VQTJNVASSA-N,1,10.49148333035061,2
VYUZFKRVLLXBRD-JZIKEGBGSA-N,1,10.468521082957745,1
ALFJIXABJRNKLR-VQTJNVASSA-N,1,10.455931955649724,1
KEBGEOSFYGRLDX-SFTDATJTSA-N,1,10.453114109250635,2
XILNRORTJVDYRH-HKUYNNGSSA-N,1,10.449984651306366,4
SAOIHBIAGRVDAR-KBJGYGKASA-N,1,10.41195437047216,2
LAPDOBVFPRPNFV-PMACEKPBSA-N,1,10.4089353929735,1
OUYSLNGQLIIZQC-XZOQPEGZSA-N,1,10.4089353929735,1
POVSMQHNJBZQSH-REWPJTCUSA-N,1,10.400007822415901,1
ZOXDXWYYGMUJSO-ICSRJNTNSA-N,1,10.400007822415901,1
LZKSSKWSKNLYAF-XZOQPEGZSA-N,1,10.366531544420413,1
NTGJAYAGZOYPEO-VXKWHMMOSA-N,1,10.356547323513812,1
DZYPLFAASKBQBS-ICSRJNTNSA-N,1,10.348964473174963,4
XHJXRHNUFXHMEV-REAJPLCASA-N,1,10.337242168318426,1
YGZREHQKRAUHGY-VQTJNVASSA-N,1,10.337242168318426,1
SIHCCJJWSBAMTD-RRPNLBNLSA-N,1,10.327902142064282,1
WYRVPBJYGNHDQS-LEWJYISDSA-N,1,10.318758762624412,1
WFRTYDJMZVPQJC-JBOYQHEBSA-N,1,10.309981219211306,1
JATRHWFLYQWVOP-PMACEKPBSA-N,1,10.309803919971486,1
HUBLDDBZWROLJY-JYQZRRITSA-N,1,10.309803919971486,1
ZUWHBRRBKKTMQO-ICSRJNTNSA-N,1,10.301029995663981,3
GVRKQRSTDMXZGX-VAQUTSCRSA-N,1,,0
NNCLFEXCOZZGBL-URXFXBBRSA-N,1,10.299988937677888,1
IWYYILZQWTZMBD-HKUYNNGSSA-N,1,10.299988937677888,1
CDOUOAYDUOAYET-FPOVZHCZSA-N,1,10.299988937677888,1
JEVJEXOPWIYIHY-UGKGYDQZSA-N,1,10.299988937677888,1
XYYBIGZRYVVKHM-IZZNHLLZSA-N,1,10.2839966563652,1
SRPGJTDSNNPYQF-OALUTQOASA-N,1,10.267606240177031,1
RUMVZUFKTZXZHP-VXKWHMMOSA-N,1,10.267606240177031,1
DNWDXVUEVAPELT-SFTDATJTSA-N,1,10.2518119729938,1
UEFMCYITDQUEOQ-OALUTQOASA-N,1,10.244125144327509,1
LUDXHXZJUQBRBS-GOTSBHOMSA-N,1,10.244125144327509,1
KOEGRIPAKURRCQ-PUCZYUMASA-N,1,10.221848749616356,1
SUITYIWBXSZXIQ-MJRZITLZSA-N,1,10.221848749616356,5
UZFQUSTZMHSQPN-VNNGDKDKSA-N,1,10.221848749616356,1
BQYNOCZVNLUEFZ-UPVQGACJSA-N,1,10.199970640755865,1
HYVDVRAQILFVQT-GMAHTHKFSA-N,1,10.199970640755865,1
LHCAJNSBYDLUII-ICSRJNTNSA-N,1,10.199970640755865,1
DHNLMUQAIWWIEX-UHFFFAOYSA-N,1,10.199970640755865,1
XWNBGDJPEXZSQM-VZOBGQTKSA-N,1,10.199970640755865,1
PRKDQTJNJVWZST-WUFINQPMSA-N,1,10.193820026016112,1
XWNBGDJPEXZSQM-QSEFLHEVSA-N,1,10.18996921359416,1
KTVJZUAZYBDWSQ-CDFUTJIBSA-N,1,10.18045606445813,1
FYADPUQVZFJTEM-RBUKOAKNSA-N,1,10.154901959985743,2
ZOZMJQQTJQLNGG-AIYSXCBHSA-N,1,10.154901959985743,1
GTJAXMPCMWVBOY-VFRFXQOFSA-N,1,10.154901959985743,1
ZPMLBLGAJAKNQE-OITMNORJSA-N,1,10.154901959985743,1
GNFGMQJCVYXXRO-LOSJGSFVSA-N,1,10.154901959985743,1
VCENFKCGBAWAEQ-IZZNHLLZSA-N,1,10.14621491195103,2
GXXBMYFWBOPUCZ-LEWJYISDSA-N,1,10.136677139879545,1
CSUAYJZRABTSRO-BJKOFHAPSA-N,1,10.136677139879545,1
RUDMNOHAIPDMCF-OALUTQOASA-N,1,10.1249387366083,1
LIXRIEAGLPGVJF-NRWPOFLRSA-N,1,10.1249387366083,1
ACFPRWCERXMNGY-SVJKDRGJSA-N,1,10.106979394878723,2
ZNDUAKAGHPMVGL-ICSRJNTNSA-N,1,10.100015437450608,1
WYQSQYKQFQLDJV-UNMCSNQZSA-N,1,10.100015437450608,1
DESOAOJLQXTFGI-UHFFFAOYSA-N,1,10.100015437450608,1
LPEAGSAYLJMKRG-RBBKRZOGSA-N,1,10.100015437450608,1
NXLUTEDAEFXMQR-BJKOFHAPSA-N,1,10.100015437450608,1
FCYKYUUVWQMIMP-AIBWNMTMSA-N,1,10.096910013008056,1
DTKNMUUJHUPQKN-SFTDATJTSA-N,1,10.09151498112135,1
FPWCNBSUXRQTLF-JTHBVZDNSA-N,1,10.090016305060155,1
MIUIONPWXDNWET-RMXHKDRNSA-N,1,10.080890389046187,2
ARPMRCPKTHXPNZ-VXKWHMMOSA-N,1,10.075720713938118,1
IWZISMFLCRETGY-SFTDATJTSA-N,1,10.065501548756432,1
OYKIXMQKLMUJEK-RBUKOAKNSA-N,1,10.045757490560675,4
YOBMIXIISZAQGF-QTJFZDIUSA-N,1,10.045757490560675,1
ATALOFNDEOCMKK-OITMNORJSA-N,1,10.045757490560675,13
JWFRVJYQGQVKBH-ICSRJNTNSA-N,1,10.045757490560675,1
NUTYWRAIFXRNNI-UHFFFAOYSA-N,1,10.045757490560675,1
YFKDOMJVBVEBIG-YMPJLZLPSA-N,1,10.045757490560675,2
FMABFMLLPROUJK-CAYVGHNUSA-N,1,10.045757490560675,1
FDLMXQUTNNMCCC-CAYVGHNUSA-N,1,10.045757490560675,1
MJOXRJQZLVVZCL-DZGOFYRVSA-N,1,10.045757490560675,1
PLMUPHYPECRQJW-WIOPSUGQSA-N,1,10.036212172654444,1
JUILYWDUKXVHHE-OMKJIRLASA-N,1,10.032498424273172,2
KFUPBBFSUUJFFY-SFTDATJTSA-N,1,10.031517051446064,1
NTYJRAGMLUHRNV-DZGOFYRVSA-N,1,10.013228265733755,1
SDDBLBQPFQWQTQ-FTJBHMTQSA-N,1,10.008773924307505,1
NARUIMYMUWQLQE-CAYVGHNUSA-N,1,10.0,1
RKQVTHFZZOFIFL-FCOREWAKSA-N,1,10.0,1
NGVPDDZWSVJTDD-YKVDFPICSA-N,1,10.0,1
LSRPAIIWDVLKSE-RVCSHAMNSA-N,1,10.0,1
VBOXQXAJDAUESQ-UHFFFAOYSA-N,1,10.0,1
ZOPRZQRKBZNHLP-IFZYUDKTSA-N,1,10.0,1
NPNMRLNCRCLSLB-CAYVGHNUSA-N,1,10.0,1
ZXJRUKOAFOUFIR-UHFFFAOYSA-N,1,10.0,1
NFQHQAUXILELGX-DQEYMECFSA-N,1,10.0,1
ZAEIIBVTSYJROI-UPKQVVFYSA-N,1,10.0,1
QBYYSIUBCJMHSP-XWRIVVANSA-N,1,,0
QVYOBGVPVVZIAA-FTJBHMTQSA-N,1,9.98940535046503,2
SJHZTGDJTIZMSK-KPRDSAADSA-N,1,9.960409376976187,2
CUTQSIQNQAYIQS-UHFFFAOYSA-N,1,9.958607314841775,1
MIDMGQDYUATQRC-MIJUQJRQSA-N,1,9.958607314841775,1
MPAHEXNEQNYRLC-DJOCHQMASA-N,1,9.958607314841775,1
GZLOIBNBDUHEFY-FPOVZHCZSA-N,1,9.958607314841775,1
PLOFBQMQAHOQHM-UHFFFAOYSA-N,1,9.958607314841775,1
JUIIIRFUCKWYSB-OGINWGRTSA-N,1,9.958607314841775,1
CUFIFISAHIJUMT-JRVVOHRXSA-N,1,9.958607314841775,1
YZIXWJUXWVWKFY-ZUSMLRIVSA-N,1,9.958607314841775,1
MEXMPBWDLRCQRU-LEWJYISDSA-N,1,9.958607314841775,1
RBRDVMQNTQBANG-IZZNHLLZSA-N,1,9.958607314841775,1
KTIXRTOVKASTTK-VQFZVEARSA-N,1,9.952415324284122,2
IPMMBNAOLDMKAM-PYIJLGDTSA-N,1,9.931788759096662,2
XHZRREUKUVJSDC-AZGAKELHSA-N,1,9.929962133392245,1
VBAYZZLNRAMWHO-UHFFFAOYSA-N,1,9.920818753952375,1
PEMJICDBBJDNIA-UHFFFAOYSA-N,1,9.920818753952375,1
UTYSCDQCCAYENJ-GBLZOACLSA-N,1,9.920818753952375,1
DGBAJNCOLJSECV-YKAGIRRDSA-N,1,9.920818753952375,1
ADVMQYYUVBVGSB-OGINWGRTSA-N,1,9.920818753952375,2
DJRYUPGFAHJFKZ-LDLFBNOTSA-N,1,9.920818753952375,1
WAPJPHDEEIUMOL-WBBCYVCWSA-N,1,9.920818753952375,1
OXXARYIRJZWVPQ-IZYRQKRSSA-N,1,9.920818753952375,1
IQGTUPXJLRMAOA-OHQNULFHSA-N,1,,0
ASUKIWYLLAJHAW-ICSRJNTNSA-N,1,9.899974269892137,1
DZHYOLLAEHGGIO-UHFFFAOYSA-N,1,9.899974269892137,1
TWBCIHKYFTWYCV-WXYSSXJFSA-N,1,9.899974269892137,5
LXOXPXPXXNMFSY-UHFFFAOYSA-N,1,9.886056647693163,1
KIPCSRVFBMVQSZ-VQTJNVASSA-N,1,9.886056647693163,1
GXIFPPFQXPIEKY-UHFFFAOYSA-N,1,9.886056647693163,1
GCQVWMNNZJCRKP-HCOMASKESA-N,1,9.886056647693163,1
BVHJWOSUNVNWPB-OECQAKIHSA-N,1,9.886056647693163,1
SXOAVORWRVYTGL-PMACEKPBSA-N,1,9.886056647693163,1
CYKFSGXEZOAASR-RBYRPSCESA-N,1,9.865010161677338,2
XWNBGDJPEXZSQM-WANLVOGUSA-N,1,9.860120913598763,1
ZIWFCOIGUNPHPM-HKUYNNGSSA-N,1,9.853871964321762,5
UFWJRQHJIXUFAQ-UHFFFAOYSA-N,1,9.853871964321762,1
XEYYVWMDLVCPNB-UHFFFAOYSA-N,1,9.853871964321762,1
VHQVJYKYAGBACO-UDKJZQBVSA-N,1,9.853871964321762,1
ZPQUTMAPZMKLCT-ICSRJNTNSA-N,1,9.853871964321762,1
HVWRVAHBKREIOR-HKUYNNGSSA-N,1,9.853871964321762,1
VTXWSPAVKRKGBQ-DPMMWBKBSA-N,1,9.853871964321762,1
UOBQZHSGRBSFHI-NFXZAXJRSA-N,1,9.853871964321762,1
IVTXMVOXEXNZPJ-PUCZYUMASA-N,1,9.853871964321762,1
KYYSNBZUYLSHJY-QJJJLASOSA-N,1,9.853871964321762,1
OXJUZTACUSEKPM-RRPNLBNLSA-N,1,9.853871964321762,1
VFQCOOQOMVQYEV-FMNCTDSISA-N,1,9.849857838151442,1
RIYFBUBBDKMFDL-UHFFFAOYSA-N,1,9.823908740944319,1
YOAWUGWNCOBDAL-PUCZYUMASA-N,1,9.823908740944319,1
YEJPDQREQRKUNO-UHFFFAOYSA-N,1,9.821987071403438,2
UROCNOMWWGVJRX-HKUYNNGSSA-N,1,9.79997073344623,1
UEVAJSKRFJXQKF-FPOVZHCZSA-N,1,9.79997073344623,1
XNSRMMMMRYDUFW-GMAHTHKFSA-N,1,9.79997073344623,1
QBFWYYRMUQGGNR-UHFFFAOYSA-N,1,9.79997073344623,3
QXYXAFHTANBIQX-SXOMAYOGSA-N,1,9.796729909783021,2
NJKXHTQTTWERON-UHFFFAOYSA-N,1,9.795880017344075,1
LODDXUXHYQZBEM-LMIIYESCSA-N,1,9.795880017344075,1
DWOYLZPGCVPOFQ-XGXIMLBESA-N,1,9.795880017344075,1
LHLNCLYRSZVJQH-HBUDHLSFSA-N,1,9.795880017344075,1
ZNOFAJPWNNWZQC-URZJWIJPSA-N,1,9.795880017344075,1
OEIZZOMBDHTIGH-QUCQDJGISA-N,1,9.795880017344075,1
SSEBEPRONSIAMK-PMACEKPBSA-N,1,9.795880017344075,1
ZRNRBAIQIBQHNF-WSNNEZGNSA-N,1,9.770062314092065,1
OMMDNOFGZYPJCA-GCDXOJGYSA-N,1,9.769551078621726,1
OYLSPKHKOGUFDA-LMIIYESCSA-N,1,9.769551078621726,1
HIHKWWMEJLAOLH-PMACEKPBSA-N,1,9.769551078621726,1
QCXRHXGAIJKWLX-UHFFFAOYSA-N,1,9.769551078621726,1
VXSIGVYNQDLODQ-SFTDATJTSA-N,1,9.769551078621726,1
DEVSGOOMIYSMNC-OUPRXKBMSA-N,1,9.750068243365805,1
HCKQHXNWJMHBJT-MUUNZHRXSA-N,1,9.744727494896694,1
JMPFLCLLMDQYKW-FPOVZHCZSA-N,1,9.744727494896694,1
CBCYNWHALJOBSG-UHFFFAOYSA-N,1,9.744727494896694,1
SONMMNBUJANHDU-GAZXMLTASA-N,1,9.744727494896694,1
YFWVRWCNZPZNDI-GQWLDOHISA-N,1,9.744727494896694,1
LHVRBAGCDPIRRT-RRPNLBNLSA-N,1,9.744727494896694,1
LSFLBAZVXFXWKZ-UHFFFAOYSA-N,1,9.736830361305078,2
LDJVNPSEBQAQHU-XSLRDRNGSA-N,1,9.736830361305078,2
OUPXSLGGCPUZJJ-SARDKLJWSA-N,1,9.557319389984244,4
USRYEHHMJIRICK-KRUOJXPASA-N,1,9.721246399047171,1
BUZFNMDWWXZBPX-JBDIKNGWSA-N,1,9.721246399047171,1
SYRAXCBZMYANMU-UHFFFAOYSA-N,1,9.721246399047171,1
PRWFNQWPCVCDDH-DPMMWBKBSA-N,1,9.721246399047171,1
UHXQQBRUNHWYBZ-XGXIMLBESA-N,1,9.721246399047171,1
SIZJFJCXMDQSRE-SINHWUCRSA-N,1,9.721246399047171,1
FWQQPWRIPPMKHB-VTJXTGGHSA-N,1,9.721246399047171,1
SREWSRXPXZVLMR-ICSRJNTNSA-N,1,9.700057099977233,1
VFQCOOQOMVQYEV-DVKBMCPXSA-N,1,9.700057099977233,1
QXLDKHMFTCJJTH-PZJWPPBQSA-N,1,9.700057099977233,1
XWNBGDJPEXZSQM-RWCYZESJSA-N,1,9.700057099977233,1
DTQNEFOKTXXQKV-IEBWSBKVSA-N,1,9.698970004336019,1
GTSFMMMOSMNNCZ-UHFFFAOYSA-N,1,9.698970004336019,1
CJUCQSBUIKQBDX-PMACEKPBSA-N,1,9.698970004336019,1
IEYQHTJOUJKMRE-CYCSKUDLSA-N,1,9.698970004336019,1
JOASHCFTUBZIDB-QVJSAIJNSA-N,1,9.698970004336019,1
JOASHCFTUBZIDB-FBJLLXQBSA-N,1,9.698970004336019,1
LSOARWGXYKVEEQ-ZNRXUEPQSA-N,1,9.698970004336019,1
ODEBBNRINYMIRX-ACIOBRDBSA-N,1,9.698970004336019,1
KEBGEOSFYGRLDX-LEWJYISDSA-N,1,9.698970004336019,1
SRLYUYRWDOPUDB-PUCZYUMASA-N,1,9.698970004336019,1
AGAVJQRYUXAJGE-UHFFFAOYSA-N,1,,0
ZASPFNTXFLESNS-PLZPTFKGSA-N,1,,0
GIPHSBZIDRUGPC-UJUVCNOISA-N,1,9.698970004336019,1
IXCRAIPNQOAOGF-VWLOTQADSA-N,1,9.694669918455059,4
XGGTZCKQRWXCHW-WMTVXVAQSA-N,1,9.690007544570035,2
PBEASVYBIYWASR-OUPRXKBMSA-N,1,9.680061560019691,1
HHYXMPLEGVKQIW-FPOVZHCZSA-N,1,9.678817209577513,2
QZCMEGCLHDHJRZ-CXAHNHKCSA-N,1,9.67778070526608,1
BMUADKHVDAKFSN-UHFFFAOYSA-N,1,9.67778070526608,2
WMSPIQBQSSMIDU-URLMMPGGSA-N,1,9.67778070526608,1
VBUOSAKACWCALS-IOOJMYGHSA-N,1,9.673393743112328,2
IXAYPVHFYLGKGT-VYUYYQKWSA-N,1,9.667679012221937,2
WCUJHRSBAKWJAP-UHFFFAOYSA-N,1,9.657577319177793,1
VZUJTLGFVOYDPA-UHFFFAOYSA-N,1,9.657577319177793,1
DRCPPVNRRKEJMS-UHFFFAOYSA-N,1,9.657577319177793,1
ZWDMWDRBUJRBNX-DPMMWBKBSA-N,1,9.657577319177793,1
VPYHQZYAFJVTGS-UMGGQSCQSA-N,1,9.657577319177793,1
FWQQPWRIPPMKHB-LRAJWGHMSA-N,1,9.657577319177793,1
SBBYBXSFWOLDDG-JLTOFOAXSA-N,1,9.64994590642097,5
CVXJAPZTZWLRBP-MUUNZHRXSA-N,1,9.638272163982407,3
CVXJAPZTZWLRBP-UHFFFAOYSA-N,1,9.638272163982407,1
BWYOFBHDLKEMKX-RDPGKOORSA-N,1,9.638272163982407,1
PLGYHEQJCJPPSA-SINHWUCRSA-N,1,9.638272163982407,1
QVIGMIXQFMLDIS-CFJRQAHESA-N,1,9.638272163982407,1
SPOVULTVWLBFKZ-FCHOFNBWSA-N,1,9.633803120088515,2
HVRBWBAGGZQXPZ-XORNHQRDSA-N,1,9.61996975203217,1
ABRLODMDKOBAGA-UHFFFAOYSA-N,1,9.619788758288394,1
KKKGFVLMGTXNNX-UHFFFAOYSA-N,1,9.619788758288394,1
UPEIBXKUEROVRV-XGXIMLBESA-N,1,9.619788758288394,1
HPCQUEPOWDHXQR-ZUSMLRIVSA-N,1,9.619788758288394,1
XGVZWSIALHIERJ-NGOXTRIGSA-N,1,9.617911933804834,2
RZHUUXCHZATEMA-BGUDKVOASA-N,1,9.602059991327963,1
NGUROMNMBRTEKF-UHFFFAOYSA-N,1,9.602059991327963,1
SCTMGBDXYTYTJH-KAJMWERUSA-N,1,9.602059991327963,1
HXYBGSBEAXRDNM-XXOQXHNZSA-N,1,9.602059991327963,1
BGHSMICSHLUMLM-AFLPVOFRSA-N,1,9.602059991327963,1
IEYQHTJOUJKMRE-XIEYUCHBSA-N,1,9.602059991327963,1
UEECDIVOVCFUNU-FPOVZHCZSA-N,1,9.599980364934842,1
ZDVCPNJSRCVCHL-UHFFFAOYSA-N,1,9.599980364934842,2
ZJWBQCXHIYFPJZ-LNESHUDWSA-N,1,9.590228032229065,2
OYLDAIRMYZMDRZ-XIJQPKCWSA-N,1,9.590228032229065,8
JOPRCPKSWSXBTD-FRJQFDSNSA-N,1,9.585026652029182,1
RHVQKCNMAFZXCK-OUPRXKBMSA-N,1,9.585026652029182,1
XCIBJHSJYXLJBA-ZMPRRUGASA-N,1,9.585026652029182,1
OUZIRKFLOMRWDA-UHFFFAOYSA-N,1,9.585026652029182,1
PRBFCWQZDUFTDN-GXBCDIMNSA-N,1,9.573150894111912,2
GDTPPOVBSGSQJY-HEYNYXLNSA-N,1,9.571333751784366,4
BEQWHMKGQHGLOD-VOBQZIQPSA-N,1,9.568636235841012,1
OJNYEFLQZAKWEW-AREMUKBSSA-N,1,9.568636235841012,1
CJEMHYNHZXIHFV-UHFFFAOYSA-N,1,9.568636235841012,1
XVOFQVYYIGNDLB-UHFFFAOYSA-N,1,9.568636235841012,1
XIRJXRDKXDGDJL-SBEIQJPNSA-N,1,9.568636235841012,1
ZKOLAUXNNRRPHW-WSFKTYETSA-N,1,9.568636235841012,1
PVNAJCHBKOKIIB-BHXQQXLMSA-N,1,9.562347799885199,2
XACOBIOIYOTECX-LADGPHEKSA-N,1,9.560036064079096,1
LHPGUSGDWUVDIS-XSLRDRNGSA-N,1,9.556754637413759,4
SOAJINBUWMBFRL-UHFFFAOYSA-N,1,9.55284196865778,2
PJBUKQBYUYWWMO-KRWDZBQOSA-N,1,9.55284196865778,1
HNQIZPRWNRLKAA-IFZYUDKTSA-N,1,9.55284196865778,1
FYOURDLECHXYOY-CSEYDVTNSA-N,1,9.55284196865778,1
NTPXRAIABDEODW-BNQVVEKUSA-N,1,9.55284196865778,1
RCZBGEWMFPGPIF-XORNHQRDSA-N,1,9.55284196865778,1
YOBMIXIISZAQGF-CAYVGHNUSA-N,1,9.550637409205253,2
SJBVKVDGVANGJA-MFKNPSAJSA-N,1,9.550637409205253,2
AYUYKFLBPMUYIU-UHFFFAOYSA-N,1,9.550009249669326,4
GSEXKIPDORFXEH-IUFPCKGZSA-N,1,9.537602002101044,1
NIBRNFOXTAXDJA-NUCBDOEESA-N,1,9.537602002101044,1
OVKFQKXVHAJHEJ-XORNHQRDSA-N,1,9.537602002101044,1
DTQNEFOKTXXQKV-NNBQYGFHSA-N,1,9.535290537142853,2
IJFWWOVMXWFJDI-VWLOTQADSA-N,1,9.522878745280337,1
PWYQZXIMGCRVMM-LSLXJTAPSA-N,1,9.522878745280337,1
YAKMMNSOJKYUEW-UHFFFAOYSA-N,1,9.522878745280337,1
OAHRZWRIQLQPSK-UNMCSNQZSA-N,1,9.522878745280337,1
GLCIVEUJSREFOQ-DPVFXHEMSA-N,1,9.522878745280337,1
UZIMPODCTDOSBR-ZYKAFZOCSA-N,1,9.522878745280337,1
LRECQAAWBMLZRF-CONSDPRKSA-N,1,9.522878745280337,1
JHDXXNTYBOADFV-FQQGMQMYSA-N,1,9.522878745280337,1
QHCKTDLGDHQAID-ILPVEIHGSA-N,1,9.522878745280337,1
PTYBAWAKWJULSH-CSEYDVTNSA-N,1,9.522878745280337,1
WUTRELIDULYHSO-FPOVZHCZSA-N,1,9.522878745280337,3
NBMRLKJWYTZCGO-QQTNTEGQSA-N,1,9.522878745280337,1
XTOLJIORQZGPMC-JSVDNDDVSA-N,1,9.522878745280337,1
XTOLJIORQZGPMC-YFYZNPQRSA-N,1,9.522878745280337,1
HDCFCWFTSFQKMC-YIILKADPSA-N,1,9.522878745280337,1
CMHQSZGZHCBTQY-VYUYYQKWSA-N,1,9.522878745280337,2
QMCSRVRYDUVHNB-FOIQADDNSA-N,1,9.522878745280337,1
LVURVEVFRJTVBU-OALUTQOASA-N,1,9.508638306165727,1
TURPYQHVJSEIHN-BAZFYLPPSA-N,1,9.503906667678788,2
KBIKENJDJYPBNS-UHFFFAOYSA-N,1,9.500038134403809,1
LLUKLOGVWWPZKG-UHFFFAOYSA-N,1,9.494850021680094,1
STFZMBZNJAIPHK-UHFFFAOYSA-N,1,9.494850021680094,1
AAMSRIRJJDBNAA-ISIYWYIMSA-N,1,9.494426319612101,6
VPSGABLRZGFPPI-CFJRQAHESA-N,1,9.489991487059765,1
BETCCFITWJNKCT-UHFFFAOYSA-N,1,9.481486060122112,1
OJHVYMWHUUMXOF-UHFFFAOYSA-N,1,9.481486060122112,1
JZEQFVDLSUHIOP-WUTOFTNFSA-N,1,9.481486060122112,1
VVDKIQHOQWYCMD-INEOQGJTSA-N,1,9.481486060122112,1
DYBBAWOUQNTPAE-CFTLBWQVSA-N,1,9.481486060122112,1
ANSDKCGTAPTVGF-OUPRXKBMSA-N,1,9.481486060122112,1
CMHQSZGZHCBTQY-RSKZVPLKSA-N,1,9.479303657420887,2
LDVRAJSZIPKJHL-UHFFFAOYSA-N,1,9.468521082957745,1
GENLRMUFBFSRLA-ALHJQXIUSA-N,1,9.468521082957745,1
GIAQQXUCTFYCHO-UHFFFAOYSA-N,1,9.468521082957745,13
FAQUNGSUXKEHRR-UHFFFAOYSA-N,1,9.468521082957745,1
HCKQHXNWJMHBJT-UHFFFAOYSA-N,1,9.468521082957745,1
LDVRAJSZIPKJHL-VTMPSYGGSA-N,1,9.468521082957745,1
TTYKBSXKWCQPFQ-OCGBXCADSA-N,1,9.468521082957745,1
NRUUBRQFPMIHOI-PYSHFNSBSA-N,1,9.468521082957745,1
ODEBBNRINYMIRX-PMVMPFDFSA-N,1,9.468521082957745,1
IKROAVAVBXVDKX-XVTZWQNCSA-N,1,9.468521082957745,1
HUWOCTYCYVHXPK-UHFFFAOYSA-N,1,9.468521082957745,1
HNLXDBKQNYDVCI-WFKCRPRESA-N,1,,0
CYKFSGXEZOAASR-KMWMRXANSA-N,1,9.456020605269632,2
YFGXBMYNVZFVNN-UHFFFAOYSA-N,1,9.455931955649724,1
UENVXBNURKGZEE-KHWNGSORSA-N,1,9.455931955649724,1
BDUFSRWYMLBPMN-UHFFFAOYSA-N,1,9.455931955649724,1
ZACQZIWOFJIWSX-UHFFFAOYSA-N,1,9.455931955649724,1
SAOIHBIAGRVDAR-UJUVCNOISA-N,1,9.455931955649724,1
RXHOOMSRVGJWKW-MRWAXMPCSA-N,1,9.449993085448419,2
GCUALAPXLAAJSL-UAWOKRSRSA-N,1,9.449814727441218,4
QPXHKYIKGXEZLU-GDOIFUFOSA-N,1,9.447415286000334,4
ZQRROFVJVGJKSH-FPOVZHCZSA-N,1,9.439973751087107,1
IXAYPVHFYLGKGT-RSKZVPLKSA-N,1,9.43323054581489,2
UZAUACUHKJBFBZ-VWLOTQADSA-N,1,9.431798275933005,1
XEGOLLHFEQVDHJ-SAHWJRBASA-N,1,9.431798275933005,1
BBCKQZTZCGMHOM-NUYCEAJWSA-N,1,9.42021640338319,1
ZADBRRWPUCQOJX-CAYVGHNUSA-N,1,9.42021640338319,1
ZJXKREYYUVQFRN-UZFJHSOTSA-N,1,9.42021640338319,1
KIWPQCODGUAEAZ-IBGZPJMESA-N,1,9.41195437047216,2
QUXYPYOPGAKDPS-QGEZMCGCSA-N,1,9.4089353929735,1
PHEANDAKVLVTIQ-UHFFFAOYSA-N,1,9.4089353929735,1
NWGYXBHPLFBXGE-LMIIYESCSA-N,1,9.4089353929735,1
WBJKVEOYVSBOSF-NHQLDELESA-N,1,9.406239639581768,4
PWPFRWYBVBHLLB-HBTMXKHJSA-N,1,9.404498182966012,2
HZJXPJDIXMSFTF-ZCYQVOJMSA-N,1,9.400007822415901,1
NMRIUXKIJDWEAY-ZCYQVOJMSA-N,1,9.400007822415901,1
KKYGPFJNUCFSFY-UHFFFAOYSA-N,1,9.400007822415901,1
HMFVPOKPHBIIOI-XCZPVHLTSA-N,1,9.400007822415901,1
SARPBFWIJDNMRR-KFZUGWGMSA-N,1,9.397940008672037,1
CWMJXUYOMKBSDT-NSVMSHEGSA-N,1,9.397940008672037,1
ZLBVSSWQRYZKCR-UHFFFAOYSA-N,1,9.397940008672037,1
YFVPYJYKDRXIGS-MPBGBICISA-N,1,9.397940008672037,1
JNFUTZSQRSWFOX-UHFFFAOYSA-N,1,9.397940008672037,1
AYAQLUKQULPJEX-UHFFFAOYSA-N,1,9.397940008672037,1
VNEJEACQXCJUFD-QOLIVUAPSA-N,1,9.397940008672037,1
JHDXXNTYBOADFV-VZPUWSDOSA-N,1,9.397940008672037,1
ZOPRZQRKBZNHLP-XMDBHEJHSA-N,1,9.397940008672037,1
BNZXSKJMIPTBKX-FRIZENJKSA-N,1,9.397940008672037,1
LISRBXCIODAVII-XORNHQRDSA-N,1,9.397940008672037,1
JKJDVBSGBXQCLI-AZOXIEDXSA-N,1,9.397940008672037,1
PRVMNKWTNJEKFJ-XHRKEWCOSA-N,1,9.397940008672037,1
IKROAVAVBXVDKX-HOZJOUCCSA-N,1,9.397940008672037,1
FLJZRDCJNZDTST-XIJQPKCWSA-N,1,9.387345359137068,4
KOHCJNXQELPZKP-WMZOPIPTSA-N,1,9.387216143280265,1
JUCZGNXHCDAERA-RDPGKOORSA-N,1,9.387216143280265,1
JTRGNZGZWJSRSX-NCEZUQNJSA-N,1,9.387216143280265,1
BTNXYNMBBUYZIK-UOKFIYJESA-N,1,9.387216143280265,1
QGMYHJMVUGGQNO-BMIMXMDRSA-N,1,9.384775539310862,4
TYZXLZNJKGHJKW-UHFFFAOYSA-N,1,9.3767507096021,1
VCYXADWZHUWUAD-OAQYLSRUSA-N,1,9.3767507096021,1
QOPIOMWNHRCPAA-RPBOFIJWSA-N,1,9.3767507096021,3
GYEWGSQAACBKPX-UHFFFAOYSA-N,1,9.3767507096021,1
MINXROHIKJGKPW-LJQANCHMSA-N,1,9.369979148886591,1
HIICGKDBMNCMRY-KGHROGAJSA-N,1,9.369964306007462,2
QTKOZNOELLHMIX-JJEANDOOSA-N,1,9.369964306007462,2
DSTYJOGFMWNGFG-RUZDIDTESA-N,1,9.366531544420413,1
IEMQDTNVDLFVMI-QGZVFWFLSA-N,1,9.366531544420413,1
YDFGWCGWYBPBRC-IFZYUDKTSA-N,1,9.366531544420413,1
GLMYRENDOZHTSS-SMHULIPUSA-N,1,9.366531544420413,1
XPVWAIADFDEAFW-NUYCEAJWSA-N,1,9.366531544420413,1
XGGTZCKQRWXCHW-DSSGHVNRSA-N,1,9.36001575195841,1
ACHIPRVQHDLTIJ-NUCBDOEESA-N,1,9.356547323513812,1
MHQFKUKAMZLTID-UHFFFAOYSA-N,1,9.356547323513812,1
XBFMATCYYBERSR-UHFFFAOYSA-N,1,9.356547323513812,1
MIPMPJNHZAYWQS-PUYQSQJYSA-N,1,9.356547323513812,1
BJBXILVBLCBQQY-FTJBHMTQSA-N,1,9.353871964321762,2
UUPAVGLFLYUYFK-PPMPQVTDSA-N,1,9.350028549988616,2
LDXQLWNPGRANTO-GOSISDBHSA-N,1,9.346787486224656,3
YNAOGLNBSDJIAP-SAYLLPIZSA-N,1,9.33889035263304,2
YYHNIYGFZBZAMA-FPOVZHCZSA-N,1,9.337242168318426,1
KAVQUKCTJVLFSB-VWLOTQADSA-N,1,9.327902142064282,1
QTTMGUACDYUDCN-PUCZYUMASA-N,1,9.327902142064282,1
MTTXEONPPSHVNT-CDYHHZRJSA-N,1,,0
PMULXNMITWTMFV-AREMUKBSSA-N,1,9.318758762624412,1
WCNNBKIYWOWYQW-OKBFXJRSSA-N,1,9.318758762624412,1
CFYBVDVOACRIMX-BKHKPIFNSA-N,1,9.318758762624412,1
PFUQNLIPHWCBSH-HYWAIOAGSA-N,1,9.318758762624412,1
PXZTVHCMFSPYCK-UHFFFAOYSA-N,1,9.315392071294928,2
FZWPLYNQCHPQID-XEJADHSNSA-N,1,9.311802778981367,2
VJDZXBJDHROWMS-HFFMGJCWSA-N,1,9.309803919971486,1
SXNSKNFVWYYWIC-PUYQSQJYSA-N,1,9.309803919971486,1
RLYXXIQMNMOLJZ-DEOSSOPVSA-N,1,9.301029995663981,3
DTQNEFOKTXXQKV-HKUYNNGSSA-N,1,9.301029995663981,23
UBTBHLFGNMLMCX-GPJZNVRBSA-N,1,9.301029995663981,1
ATMHFQDWDFHUDF-TXLWKQMCSA-N,1,9.301029995663981,2
XWPPLQPKHYHHLH-UHFFFAOYSA-N,1,9.301029995663981,1
GTFKLIDYRPSITH-ZSJGZSGZSA-N,1,9.301029995663981,1
ZOWPPIOEPFAGCI-RUEZRPTRSA-N,1,9.301029995663981,1
LKIRBVMNNGVMKU-CONSDPRKSA-N,1,9.301029995663981,1
WZOWWAMXPMFHTB-ICACTRECSA-N,1,8.79843973941209,2
LLSCCRZEAHDGPJ-BFUOFWGJSA-N,1,9.301029995663981,1
MVXMOYOFQUJRHY-HYNLRSATSA-N,1,9.301029995663981,1
ZKOGSLKSILTRTB-QEAPWSMKSA-N,1,9.301029995663981,1
OHDQKQGDHONPAR-XMDBHEJHSA-N,1,9.301029995663981,1
BHOBTAHATOPTPK-QDAZHVTCSA-N,1,9.301029995663981,1
LSOARWGXYKVEEQ-ZFUCPZCZSA-N,1,9.301029995663981,1
IWCIFSUKOATETE-AZOXIEDXSA-N,1,9.301029995663981,1
UOYMONBFUXQTMB-ZXNYFWILSA-N,1,9.301029995663981,1
RJNBLSFDQIUPTN-RTOHIFTRSA-N,1,9.299990182467422,2
KYZSAIKOCXDHKT-ICSRJNTNSA-N,1,9.299988937677888,1
DZDZTLWCMKUMLO-REWPJTCUSA-N,1,9.299988937677888,1
VFMALDMKHOEVIT-UHFFFAOYSA-N,1,9.299988937677888,1
IUTJVYXENVBOEH-UHFFFAOYSA-N,1,9.299988937677888,1
DFLDMBIKJAVZHG-UHFFFAOYSA-N,1,9.299988937677888,1
ZACBWFRYQAOOQO-HXUWFJFHSA-N,1,9.299988937677888,1
CJTUMEIDUUCTSL-PMACEKPBSA-N,1,9.292429823902063,1
HBAPMWYWEYPKLS-UNMCSNQZSA-N,1,9.28785653403855,2
KUABBMFFSKTSBO-IOTOJMDBSA-N,1,9.2839966563652,1
MBVUREUDPHNAAP-WVUHNOGNSA-N,1,9.2827155479829,2
SJBVKVDGVANGJA-DOACRVLCSA-N,1,9.27642098432889,6
MWKJCJFYJWIFLL-JOCHJYFZSA-N,1,9.275724130399212,3
ZAYFPTBDAVMYMR-UHFFFAOYSA-N,1,9.275724130399212,1
DAARLFWXUXISRO-GBLZOACLSA-N,1,9.275724130399212,1
AOFHRGLJDIIBPP-SAYLLPIZSA-N,1,9.270303756120384,2
SBBYBXSFWOLDDG-VBKZILBWSA-N,1,9.270025714300445,1
UQLFYLGMIUQTMF-UHFFFAOYSA-N,1,9.259637310505756,1
JXUBKJLKDMQAKS-XGXIMLBESA-N,1,9.259637310505756,1
QTKOZNOELLHMIX-ARJQTIKYSA-N,1,9.257139286759209,2
SPKXPZZAVXNHLY-WHAKPXNHSA-N,1,9.2518119729938,1
BGXQNEJEOAGRKU-FPOVZHCZSA-N,1,9.2518119729938,1
XCIBJHSJYXLJBA-XCGNWRKASA-N,1,9.2518119729938,1
QTKOZNOELLHMIX-QCCCCPFFSA-N,1,9.246072064152084,2
YMHCJHSBHKJKCC-NDEPHWFRSA-N,1,9.236572006437063,1
HCNNJLLLMSVTFH-UHFFFAOYSA-N,1,9.236572006437063,1
DCBQKYSGEJCDPL-YADHBBJMSA-N,1,9.236572006437063,1
LQPLOBIHGCTPJW-HBUDHLSFSA-N,1,9.236572006437063,1
LRJYGHMKTIYPPQ-OMKJIRLASA-N,1,9.232986946971932,2
KYBKBJIPIVZNKG-SAYLLPIZSA-N,1,9.231090452463363,2
IYBKCWABKHOZDN-XORNHQRDSA-N,1,9.229147988357855,1
CKTOCNIMPWRZSV-UHFFFAOYSA-N,1,,0
LJZXJLKOOIOLLK-VWLOTQADSA-N,1,9.221848749616356,1
HRLYOOMQPVBDAN-UHFFFAOYSA-N,1,9.221848749616356,2
NKOVHEUFZWUOGZ-UHFFFAOYSA-N,1,9.221848749616356,1
IHIXHRXOBUMHTB-ZONNCAFXSA-N,1,9.221848749616356,1
CBWGJMUZXSIZFG-CIRMSXBNSA-N,1,9.221848749616356,2
OPGIRYHKVMNCBN-RUEZRPTRSA-N,1,9.221848749616356,1
ROETYKQAPNITRN-GAOIYXDDSA-N,1,9.221848749616356,1
WBTKINCCINTBEY-KFZUGWGMSA-N,1,9.221848749616356,1
BSFVUCOLFARLEH-UHFFFAOYSA-N,1,9.221848749616356,1
HGPMXNZOBKZRFR-KZULUSFZSA-N,1,9.221848749616356,2
ZSJXCCAWETXSOR-HFQBRLDPSA-N,1,9.221848749616356,1
HYZLLOJCJGJTLA-AMKSYCFISA-N,1,9.221848749616356,1
JPQLYXMJKNOOIS-UNMCSNQZSA-N,1,9.221848749616356,2
SFOWLACMCFEDLL-BFUOFWGJSA-N,1,9.221848749616356,1
RALVNYPLJQSMAN-ORPRQENYSA-N,1,9.221848749616356,1
WLOMELCAKGDPJO-BXBRYHBFSA-N,1,9.221848749616356,2
PIHZJNQJQFTRFE-RTWAWAEBSA-N,1,9.221848749616356,1
ZJEJBRMLBWRVFN-DEOSSOPVSA-N,1,9.22090981113951,2
LWOMHJBSXPGKKS-REAJPLCASA-N,1,9.214670164989233,1
QKMNCMIKEOYLQG-UHFFFAOYSA-N,1,9.214670164989233,1
CJTUMEIDUUCTSL-VQTJNVASSA-N,1,9.214670164989233,1
FIBILZWMDFTWPK-UHFFFAOYSA-N,1,9.214670164989233,1
VRAGPHDTXRPMRS-MBIHMLSFSA-N,1,9.214087375479586,2
FIBILZWMDFTWPK-ICSRJNTNSA-N,1,9.20999647960951,1
XTFAKGWSYAGHSC-HFFMGJCWSA-N,1,9.207608310501746,1
SCQDFAONTBDEIU-OXHCMLJQSA-N,1,9.207608310501746,1
LKUBJXGOOGUQGP-MDYYLFQXSA-N,1,9.200659450546418,2
GKEUZANIGWBYHK-FPOVZHCZSA-N,1,9.200659450546418,1
NMSPALGCNSEFGV-VUVCYMEASA-N,1,9.200659450546418,1
HMCACXWESDLLOQ-APKLWFBNSA-N,1,9.199970640755865,1
FVLSQIULWKLDJE-UHFFFAOYSA-N,1,9.199970640755865,1
POVNTWJCRHSIPG-UHFFFAOYSA-N,1,9.199970640755865,1
KTXKMQHPDFFNCC-UHFFFAOYSA-N,1,9.199970640755865,1
CNWUKDYFDDUVSI-DPMMWBKBSA-N,1,9.193820026016112,1
DEVSGOOMIYSMNC-CUHUQNRHSA-N,1,9.18996921359416,1
VCENFKCGBAWAEQ-FTJBHMTQSA-N,1,9.18837535480105,2
RVPQJRAPQSRRCJ-RUZDIDTESA-N,1,9.187086643357144,1
QZHOKWHGBRFWKM-UHFFFAOYSA-N,1,9.187086643357144,1
AHLGRBHVXQDOCE-WDIKFCQJSA-N,1,9.18045606445813,1
FIVSJYGQAIEMOC-ZGNKEGEESA-N,1,9.18045606445813,1
FLNYLINBEZROPL-NSOVKSMOSA-N,1,9.175222564261006,36
MWKJCJFYJWIFLL-UHFFFAOYSA-N,1,9.173152602342459,4
YWTNGZUIJQQAKN-UHFFFAOYSA-N,1,9.167491087293763,3
RUTKNWZWCDYBRI-NUYCEAJWSA-N,1,9.167491087293763,1
PRGSOEXCXSTEHC-RPWUZVMVSA-N,1,9.167491087293763,1
YQWFRRKEAFMCAV-XWRIVVANSA-N,1,9.161150909262744,1
MBVUREUDPHNAAP-PJFNBIFCSA-N,1,9.158026434624244,2
MUDKXWPCSGTKHJ-QHCPKHFHSA-N,1,9.154901959985743,1
WFHGBOZGDUEWEJ-ASVWIKLXSA-N,1,9.154901959985743,1
OXQZXDGLSIMETJ-WNJJXGMVSA-N,1,9.154901959985743,1
GZXLERCNTYZOGB-ALHJQXIUSA-N,1,9.154901959985743,1
NNQQINUYFDRYPI-SXOMAYOGSA-N,1,9.154901959985743,3
DHWCQNWUMKKLBS-OYRKZILTSA-N,1,9.154901959985743,1
SGBDUEZXJHDZIY-BIXQXLNPSA-N,1,9.154901959985743,1
CTPXPFZFOWJXMU-GGFUHWEBSA-N,1,9.154901959985743,1
KYEAUAKSYSOFSP-FDEZRRJOSA-N,1,9.154901959985743,1
SARPBFWIJDNMRR-HXPUERGNSA-N,1,9.154901959985743,1
XUGHCVWAIHDURA-KADXFBGESA-N,1,9.154901959985743,1
VPHQIMPPLLEIBS-KYJUHHDHSA-N,1,9.154901959985743,1
VKBUMNWFBCDRMF-CONSDPRKSA-N,1,9.154901959985743,1
NYRRFZUUPVZXQG-BGOLNKOXSA-N,1,9.154901959985743,1
QWTXWQVVUIMNOD-UHFFFAOYSA-N,1,9.154901959985743,1
HDUXCTJRNTXGBA-AMKSYCFISA-N,1,9.154901959985743,1
DMNJGAVZKDLBNT-LRDNONRASA-N,1,9.154901959985743,1
SNZRUAABGYAKBS-CTCAENTCSA-N,1,9.154901959985743,1
JCKNROOTXBQYOS-YXHYVMOGSA-N,1,9.14999104615402,2
ATLZVWRXMUZKNV-KMWMRXANSA-N,1,9.1419983281826,2
UXFBKFVCMJNQEJ-AFMDSPMNSA-N,1,9.136677139879545,1
ZKIZURCLUZYGRH-RTWAWAEBSA-N,1,9.130768280269024,1
LWENKLDZCHEYBQ-UHFFFAOYSA-N,1,9.1259059864969,2
SRMLNALOYZEEDP-VDCGLRQOSA-N,1,9.1249387366083,1
YLAVOXZWKHCONB-UHFFFAOYSA-N,1,9.1249387366083,1
FLNYCRJBCNNHRH-OIYLJQICSA-N,1,9.122062572163754,4
ATMHFQDWDFHUDF-MDZDMXLPSA-N,1,9.119186407719209,1
NCIJYXAVSLQJTO-MDYYLFQXSA-N,1,9.113509274827518,3
YVFFAQCPRASOKD-SNRMKQJTSA-N,1,9.113509274827518,1
NWZTURJOOOFKAS-KHIBUBOWSA-N,1,9.113509274827518,1
UNHFQZJOHPNDJG-UHFFFAOYSA-N,1,9.10790539730952,1
ABOQXCXLCHOJSM-UHFFFAOYSA-N,1,9.10790539730952,1
HGZMZNGGJOZVFE-UHFFFAOYSA-N,1,9.10790539730952,1
VXQHNGNZVKSUJZ-JJQQXIGVSA-N,1,9.105209643917787,2
VPVCVDNSGSGCQY-UHFFFAOYSA-N,1,9.102372908709558,1
AWTRYVNHQRRXBP-RPWUZVMVSA-N,1,9.102372908709558,1
NLHMBBKPLFEDFA-UHFFFAOYSA-N,1,9.100329725273209,2
BLRGEKISNDSGSY-XIDPYBFFSA-N,1,9.100047617190521,2
VTJHFHDXRREQSB-HKUYNNGSSA-N,1,9.100015437450608,1
ANZFXGLNFJTREE-DHLKQENFSA-N,1,9.100015437450608,1
IEOZIHFWECPTLH-FPOVZHCZSA-N,1,9.100015437450608,1
QRWUPVKNUBTJJH-ICSRJNTNSA-N,1,9.098462725229332,2
HLSABUHKBONAJY-FDEZRRJOSA-N,1,9.096910013008056,1
VWROPOCOVOHGMQ-KPITYXSVSA-N,1,9.096910013008056,1
APJZDXPRSIKPNZ-KGHBKMJJSA-N,1,9.096910013008056,1
CUZLMXOITHIQRF-UHFFFAOYSA-N,1,9.096910013008056,1
KSZGGGOZKNJLSY-RBUJZUCOSA-N,1,9.096910013008056,1
IWAUTRZUTAWFDX-BERJDBMDSA-N,1,9.096910013008056,1
UREZEIFIEYLVGN-WMZOPIPTSA-N,1,9.096910013008056,1
WTIFLSBUCKSHBX-KYJUHHDHSA-N,1,9.096910013008056,1
VYFUZMHFBWISLK-GOSISDBHSA-N,1,9.096910013008056,1
KSHDGXNWPURXHX-HSZRJFAPSA-N,1,9.096910013008056,1
IKQYEUCFUOVMGM-ZUOKHONESA-N,1,9.096910013008056,1
ANNTYLPRTLHHJC-OEVJMKQVSA-N,1,9.096910013008056,1
WWHRMAVHLKUIEG-BIYSMUELSA-N,1,9.096910013008056,2
UCXXGXCXFDKLAY-UHFFFAOYSA-N,1,9.09151498112135,1
FLLDRPOJCLGUHA-KHUIQGCPSA-N,1,9.09151498112135,1
YFDUGDUXNFIIKK-UHFFFAOYSA-N,1,9.09151498112135,1
DSTYJOGFMWNGFG-UHFFFAOYSA-N,1,9.086186147616283,1
ATUPAULHDXBCOY-QYZOEREBSA-N,1,9.080921907623926,1
BHCJHYIMNHXLOM-JZJAWGSMSA-N,1,9.079981083971084,1
JYKUBOMZRYPVJA-BIYSMUELSA-N,1,9.076831443935097,2
ZSTXQOIXRLPQDS-QTKGOVLGSA-N,1,9.076213670428944,2
FZULZSYKENFFSE-RTWAWAEBSA-N,1,9.075720713938118,1
PDQQOEIEIIKGPR-PKTZIBPZSA-N,1,9.071333751784366,2
RCPUBYXKXCXVPB-QPTNECHASA-N,1,9.070581074285707,1
JWRJCBGNBMANEE-UHFFFAOYSA-N,1,9.070581074285707,1
ACTGOTBFGXZMMT-GHRAFVERSA-N,1,9.070581074285707,1
HVVQYXZAJOSRJZ-FNFCYJGBSA-N,1,,0
CYDMWSSMUBQXRD-IBGZPJMESA-N,1,9.065501548756432,1
GIHKGZFPSSNFJQ-JISGFXAGSA-N,1,9.05816928242319,2
QOOXCQFWUYVSGU-RPBOFIJWSA-N,1,9.056754637413759,4
IKLSMBSHBLSZOC-UHFFFAOYSA-N,1,9.05551732784983,1
XHGMEVWRFZNUOK-KYJUHHDHSA-N,1,9.05551732784983,1
WKRDVSIKEVMSAS-FBUPISGDSA-N,1,9.05551732784983,1
TWBCIHKYFTWYCV-KVJHGWDUSA-N,1,9.05551732784983,1
NRENMILFPDPNFE-UHFFFAOYSA-N,1,9.050609993355087,2
CUFZTGAKJQIXIH-WZFBRQLOSA-N,1,9.050609993355087,1
ZLUBYOYFKPXERH-QYZOEREBSA-N,1,9.050609993355087,1
JIWGLAUBRTXBNX-XKKPCFNCSA-N,1,9.049972455324001,2
NVAXHPXABHECLZ-RHJPCWOWSA-N,1,9.049972455324001,2
ADNPLDHMAVUMIW-CUZNLEPHSA-N,1,9.045757490560675,15
MATVJRKEQYJUEB-UHFFFAOYSA-N,1,9.045757490560675,1
MUQJKGMXKAWCJF-WJOKGBTCSA-N,1,9.045757490560675,1
VNPVPFKEORALML-KPITYXSVSA-N,1,9.045757490560675,1
HIAJKTDCGCVKRZ-PNFNHJRFSA-N,1,9.045757490560675,1
NBJOVNZRQQUMDG-GANGTWLCSA-N,1,9.045757490560675,1
LMJTUYSCJIQXFP-KTPANICASA-N,1,9.045757490560675,1
PCROSQUDZNGXBN-UHFFFAOYSA-N,1,9.045757490560675,1
HDCFCWFTSFQKMC-WHIIXXIBSA-N,1,9.045757490560675,1
KDMRETSUDYJFOO-QUCQDJGISA-N,1,9.045757490560675,1
GXIYYBXZKMHKPE-ICSRJNTNSA-N,1,9.045757490560675,1
WBJOWPKXMMRTNL-MOPGFXCFSA-N,1,9.045757490560675,1
NBVJDXUVAJKVDC-FCHUYYIVSA-N,1,9.040958607678906,1
LJKDZSJYYRZNMT-VABNTSDVSA-N,1,9.040005161671584,1
FBKJGIFXXNABPC-UHFFFAOYSA-N,1,9.036212172654444,1
LJKDZSJYYRZNMT-ICQJPXRGSA-N,1,9.036212172654444,1
ZCVDEBWDINFSGJ-MUUNZHRXSA-N,1,9.035290537142853,2
QOJWQWHTTQNBIU-JONXPCGESA-N,1,9.033256356075647,2
HVRBWBAGGZQXPZ-FQQGMQMYSA-N,1,9.029978734171634,1
FBMOXTLEBXXOOH-GNVOIQCSSA-N,1,9.02726570743409,2
TZYZTHMDYAPLNE-UHFFFAOYSA-N,1,9.0268721464003,1
ZTMDGDHDXPIEIO-VXKWHMMOSA-N,1,9.022878745280337,2
WAXQNWCZJDTGBU-UHFFFAOYSA-N,1,9.022276394711152,2
DQBXATGXVPKBRP-BGVKPSKSSA-N,1,9.022276394711152,1
GZAMCYJCPQMIHJ-UHFFFAOYSA-N,1,9.021136511563704,6
YERXIJJJNBAPNJ-JCOAXYOVSA-N,1,9.017728766960431,1
GGQKWWASEAXXOF-UHFFFAOYSA-N,1,9.013228265733755,1
QOPIOMWNHRCPAA-LOSJGSFVSA-N,1,9.013228265733755,1
JIYMZYDKZMRNFP-RUZDIDTESA-N,1,9.008773924307505,1
FAIPAHUUUZBARZ-UHFFFAOYSA-N,1,9.008773924307505,1
OBEGDBPDOHMKKI-UHFFFAOYSA-N,1,,0
PUZPEGOFQQRVMW-FPOVZHCZSA-N,1,9.006614132866877,2
WCJDWNUHDMSTQS-QEHHYHKYSA-N,1,,0
MITDQFYCYRHNBC-DEOSSOPVSA-N,1,9.0,3
LFHWHZNDQKZPOH-CZQLGGELSA-N,1,9.0,1
FCDRFVCGMLUYPG-ROUUACIJSA-N,1,9.0,9
HWXJZYJEUPUUCM-UHFFFAOYSA-N,1,9.0,1
XMAPNFVXGZVZLY-UHFFFAOYSA-N,1,9.0,2
GBKKWZGWXVLYRP-UHFFFAOYSA-N,1,9.0,3
MHEWDXHLJDJQCZ-LJAQVGFWSA-N,1,9.0,1
MERHBTZUAONODB-MHZLTWQESA-N,1,9.0,2
SDAQMMFVBYMJDD-UHFFFAOYSA-N,1,9.0,3
WEDUTVAKPIVEEC-OMNSAQKUSA-N,1,9.0,1
LYOBOZHSPINFAT-XKMRCYARSA-N,1,9.0,1
FRVGAQVTZNXIME-VEBIXGAZSA-N,1,9.0,1
CGWJCDGSTFDBEP-KFZUGWGMSA-N,1,9.0,1
VMUJISIYYNPJBE-RDBHFRHXSA-N,1,9.0,1
UOBYZCNFWMDVTC-ACHIHNKUSA-N,1,9.0,1
FNWYNXVBSUEUGT-VXKWHMMOSA-N,1,9.0,2
WYRPCOFFVKVQGR-HKUYNNGSSA-N,1,9.0,1
SDTLZBKGRGUYBM-UHFFFAOYSA-N,1,9.0,1
AZDSYYOXSFTNRY-HSZRJFAPSA-N,1,9.0,1
SDAQMMFVBYMJDD-IBGZPJMESA-N,1,9.0,1
HUERSZSCUMQRFY-UHFFFAOYSA-N,1,9.0,1
GUIGWNGIQKNZBN-HHHXNRCGSA-N,1,9.0,1
BAFNRJAFKSSKNK-UHFFFAOYSA-N,1,9.0,1
ZGNPLCMMVKCTHM-UHFFFAOYSA-N,1,9.0,1
YYYWTXUDIDHHTH-UHFFFAOYSA-N,1,9.0,1
OHDQKQGDHONPAR-IFZYUDKTSA-N,1,9.0,1
GLMYRENDOZHTSS-GBLZOACLSA-N,1,9.0,1
DYBBAWOUQNTPAE-RBYNONRVSA-N,1,9.0,1
XDFFVHQCALIXPH-FQEVSTJZSA-N,1,9.0,1
QHYUCFPCBINQBH-UHFFFAOYSA-N,1,9.0,1
VBHDCLIXKVHTRP-UHFFFAOYSA-N,1,9.0,1
SKSVLYVQUOGPSM-OLBHHIGCSA-N,1,,0
ILSQIFBVDDXMLY-UHFFFAOYSA-N,1,,0
IVIQHHCTWSXXCT-WENCNXQZSA-N,1,8.978810700930062,3
HTSQNJFEFBCXIY-JJQQXIGVSA-N,1,8.988785814407256,2
NWFGQNMZQBTILZ-GQWLDOHISA-N,1,8.987162775294827,1
QXNYEDXGJIDWMZ-CNTXRXOVSA-N,1,8.980292940411932,2
QPVQOFFGRFOSLP-HLKRZZCRSA-N,1,8.979303657420887,2
WOOZAKIVTNHHQU-SAYLLPIZSA-N,1,8.972693472721556,2
PNGVIQNFVXLGMA-IZPDVVDKSA-N,1,8.968709007885918,2
YHCHWIBLFNSJRN-ANFQMTPCSA-N,1,8.958607314841775,1
UFBNSKYNZDUWSN-RZGVDQIZSA-N,1,8.958607314841775,1
RHLFRQYCXXEYMH-UHFFFAOYSA-N,1,8.958607314841775,1
YHNFCOYWNUQUGQ-UHFFFAOYSA-N,1,8.958607314841775,1
BEMWOCKAHZVMIH-YCTXJJCUSA-N,1,8.958607314841775,1
ZCVDEBWDINFSGJ-UHFFFAOYSA-N,1,8.958607314841775,1
MXKYFPVNDOVSAQ-CONSDPRKSA-N,1,8.958607314841775,1
VOZZRRBZOWESIH-CONSDPRKSA-N,1,8.958607314841775,1
VHEFUYSBNMMOGV-UHFFFAOYSA-N,1,8.958607314841775,1
GFOCXNQTHDSCRO-RBUKOAKNSA-N,1,8.958607314841775,1
AILRYHWCZLVQIS-KQXZHLRISA-N,1,8.958607314841775,1
MHCBCPKFIVQLDP-UHFFFAOYSA-N,1,8.958607314841775,1
UCWYYDBINVOBHN-URVUXULASA-N,1,8.958607314841775,1
HVUWPNYSILBPFH-PKTZIBPZSA-N,1,8.958607314841775,1
HLBVBGPVIQZGOD-UHFFFAOYSA-N,1,8.958607314841775,3
JHGJAAPNOIHGDJ-XGUPMAOUSA-N,1,,0
RHLFRQYCXXEYMH-JSRBVGTNSA-N,1,,0
HZMLMXFDGHXQOO-CYLPJFJESA-N,1,8.955896505932731,2
FIYPEZLIXJZQOT-HBFSDRIKSA-N,1,8.954166521202158,2
NFUWMFTULXHEKZ-UHFFFAOYSA-N,1,8.950781977329818,1
XEGOLLHFEQVDHJ-SEPYTNNBSA-N,1,8.94692155651658,1
UJOXEFFCEGXDCC-JJQQXIGVSA-N,1,8.945210726547806,2
YWZQUYZSHQQYRQ-UHFFFAOYSA-N,1,8.939302159646388,1
RLZAHUJYUFOJFC-UHFFFAOYSA-N,1,8.928117992693874,1
HZLKQILBSBUCFK-BWQCZWHASA-N,1,8.920818753952375,1
XJKLZGZNEXZJFI-UHFFFAOYSA-N,1,8.920818753952375,1
MQCWKTYZKLSDJX-KGHBKMJJSA-N,1,8.920818753952375,1
BYIHDKGDBKWQLV-PNFNHJRFSA-N,1,8.920818753952375,1
ZZFJEAWXKJAJIS-AASALYGKSA-N,1,8.920818753952375,1
QQEUFCBFNCEBTH-UVIULGBXSA-N,1,8.920818753952375,1
LPQUXJUIJVQRQR-UHFFFAOYSA-N,1,8.920818753952375,1
OWZMXGWNSWZOSE-UHFFFAOYSA-N,1,8.920818753952375,1
BWAMRYBZFXESAA-QEAPWSMKSA-N,1,8.920818753952375,1
UBQDOJPOYGFWGG-XKRTTZHXSA-N,1,8.920818753952375,1
HUWACXBSZGMJNL-OALUTQOASA-N,1,8.920818753952375,1
JOTAAZWGDRXATN-UHFFFAOYSA-N,1,8.920818753952375,1
LYMSQSXUWSVHEJ-AQSQZJRWSA-N,1,,0
XTXAUEXLFXZQDQ-SAYLLPIZSA-N,1,8.9076542845912,2
DWEOLXKGGPUQCN-RTOHIFTRSA-N,1,8.899985366723115,2
JCNGFFPINBNJRH-DCWQJPKNSA-N,1,8.899975502845354,2
WOLHPOWZBHRGTD-HRAATJIYSA-N,1,8.899974269892137,1
VONJODYKTRPIQC-FDDCHVKYSA-N,1,8.899974269892137,1
LDTPAEBAUHEXMI-UHFFFAOYSA-N,1,8.899974269892137,1
PEJWJTCTMCSLLE-UHFFFAOYSA-N,1,8.899974269892137,1
GUIGWNGIQKNZBN-UHFFFAOYSA-N,1,8.899974269892137,1
HIJZDNMAHNZBTQ-UHFFFAOYSA-N,1,8.899974269892137,1
OQXJUJDDCWHRLA-UHFFFAOYSA-N,1,8.899974269892137,1
IGAXDMFXJYIUIV-XIFFEERXSA-N,1,8.899974269892137,1
LPHUHRBYJJRLLM-UHFFFAOYSA-N,1,8.892790030352131,1
MINXROHIKJGKPW-UHFFFAOYSA-N,1,8.890084136976206,1
SUZSWSSXVHSRLT-ICSRJNTNSA-N,1,8.888070392334685,4
NNQQINUYFDRYPI-SVBPBHIXSA-N,1,8.886056647693163,8
MEAHGWNSKVULCO-XPPBJISJSA-O,1,8.886056647693163,1
ORLNTJCFUGXKLH-UHFFFAOYSA-N,1,8.886056647693163,1
FPUVUFYSZBNZLU-GZOQVGHDSA-N,1,8.886056647693163,1
HHQOEPKLIPHRNY-UHFFFAOYSA-N,1,8.886056647693163,1
FRDDXKUSVLZWRL-BERJDBMDSA-N,1,8.886056647693163,1
AXOFNMUYIHBQIG-HSMZZXILSA-N,1,8.886056647693163,1
UITMLIVWRRGLLR-SUFYPKAWSA-N,1,8.886056647693163,1
IGCPWDNMPNIUIJ-UHFFFAOYSA-N,1,8.886056647693163,1
VJYRMMZALMMXPM-UHFFFAOYSA-N,1,8.886056647693163,1
WBCFUQRECRQFHU-XYHYBEPMSA-N,1,8.886056647693163,1
HPUOJOVHXLUXCC-VEYWIMSWSA-N,1,8.886056647693163,1
XRGRBIWYLQEBSZ-QJJJLASOSA-N,1,8.886056647693163,1
FJLCUOVCNWYREI-GBRSUSRYSA-N,1,8.886056647693163,1
LIDGXLMPYMRQQO-QHCPKHFHSA-N,1,8.886056647693163,3
GVVCESGMKYLPQX-SAYCYBPYSA-N,1,,0
GBLKXDMYYHFUTP-SAYLLPIZSA-N,1,8.881228130928562,2
LXMAOJWNEOEBSU-LJQANCHMSA-N,1,,0
BMQGHJWOPAPENX-SAYLLPIZSA-N,1,8.877243666092925,2
NOIBJKOGTIRXOG-CDKLIATISA-N,1,8.861166747344193,2
AEGNZBVDAJJKQJ-UHFFFAOYSA-N,1,8.860120913598763,1
VRMFBPOHKMSMRD-OCZFFWILSA-N,1,8.853871964321762,1
KKLMRJSMWOEEFA-OAQYLSRUSA-N,1,8.853871964321762,1
GXDHHASFXFRRTG-UHFFFAOYSA-N,1,8.853871964321762,1
LGRZXLNZPQHKJH-UHFFFAOYSA-N,1,8.853871964321762,1
PNZHOGAGCLLDMM-UHFFFAOYSA-N,1,8.853871964321762,1
YOMKURGHXWLZFQ-UHFFFAOYSA-N,1,8.853871964321762,1
XXLWKVFZMJRQTD-GOSISDBHSA-N,1,8.853871964321762,1
LENPPWYNSXXLIB-UHFFFAOYSA-N,1,8.853871964321762,1
CPYUQXLLIOFGQM-LMIIYESCSA-N,1,8.853871964321762,1
IRIFESWSRQBRPW-CKWXOEDFSA-N,1,8.853871964321762,1
MUTUVLXBJKMVKT-RPBOFIJWSA-N,1,8.853871964321762,1
CLBCWRSUIAHSED-ROUUACIJSA-N,1,8.853871964321762,1
UQHGZONWCQCFEK-WYLKAJGDSA-N,1,,0
GXDHHASFXFRRTG-JSRBVGTNSA-N,1,,0
GVSFXLQJDMIWHM-PPMPQVTDSA-N,1,8.849972501669184,2
GOGKJDVLLWOPKW-YXHYVMOGSA-N,1,8.849972501669184,2
PXZTVHCMFSPYCK-VMPREFPWSA-N,1,8.84948500216801,6
ANWNICGWIMZWIK-UPKFDLETSA-N,1,8.844373197616767,2
XWKRGOSWJRGUHN-UHFFFAOYSA-N,1,,0
HTNOITRQNGWBCW-CYLPJFJESA-N,1,8.833417478728059,2
DDUYZUHEHGIESX-KOKNPPTNSA-N,1,8.829976341169303,2
UCNRXWCDRMHTEI-UHFFFAOYSA-N,1,8.823908740944319,1
XRDBPVZKKASWBW-SMTCOIIISA-N,1,8.823908740944319,1
JNEKMFLSGNIIOD-UHFFFAOYSA-N,1,8.823908740944319,1
LLCSACQWSCTAJV-UHFFFAOYSA-N,1,8.823908740944319,1
QBQWUWIDZFTTLW-KTPANICASA-N,1,8.823908740944319,1
AHNDXCBZSBFXRZ-QGZVFWFLSA-N,1,8.823908740944319,1
UJOSAVYAWJYRDR-UHFFFAOYSA-N,1,8.823908740944319,1
FXOAHCXJKCBQBU-ADLMAVQZSA-N,1,8.823908740944319,1
AKDFSCPPNYDWHG-LGBGJOJZSA-N,1,8.823908740944319,1
UZFWWSXEIJUCEB-UHFFFAOYSA-N,1,8.823908740944319,1
XFSJGZVARSALDD-KGSLCBSSSA-N,1,8.823908740944319,1
FJLCUOVCNWYREI-HAFFEQERSA-N,1,8.823908740944319,1
XXPXQEQOAZMUDD-HOTGVXAUSA-N,1,8.823908740944319,2
CCRJBODRXVWELY-TYHVNVTKSA-N,1,8.823908740944319,1
ZAFKYFNYLKNJME-LARMGAJPSA-N,1,8.815392071294928,2
BPOJDIXXCVFYFB-UHFFFAOYSA-N,1,8.812479279163536,1
DGDAEJXIYKFTSC-UHFFFAOYSA-N,1,8.811711521471743,2
WLUJISQNPCWVHU-UHFFFAOYSA-N,1,8.808092317009784,2
XDFFVHQCALIXPH-HXUWFJFHSA-N,1,8.801342913045577,1
HATNRBQJMSRMEP-RPWUZVMVSA-N,1,8.801342913045577,1
XPQVVEFXDFZVJS-UHFFFAOYSA-N,1,8.79997073344623,2
PDKAKBKHMCQDHQ-UHFFFAOYSA-N,1,8.79997073344623,1
YMPYNBMELXUYDF-UHFFFAOYSA-N,1,8.79997073344623,1
ZVICQCCUPPVYMV-UHFFFAOYSA-N,1,8.79997073344623,2
LMKMRFFYQLXLLE-UHFFFAOYSA-N,1,8.79997073344623,1
NMGGACXWAFDXAC-UHFFFAOYSA-N,1,8.79997073344623,1
RFSNGIFDMPUEFP-YXHYVMOGSA-N,1,8.79997073344623,2
BYYQYXVAWXAYQC-IBGZPJMESA-N,1,8.795880017344075,23
ULGRQLVPRVAYJC-QPTNECHASA-N,1,8.795880017344075,1
IILGQXXXFXWYDL-ZSJGZSGZSA-N,1,8.795880017344075,1
OMLNPCUJLGBVNZ-UHFFFAOYSA-N,1,8.795880017344075,1
NRUOJZQFHLBZAO-UHFFFAOYSA-N,1,8.795880017344075,1
OFUFYXNPWNFQBY-MOYQKVPZSA-N,1,8.795880017344075,1
HKQKWZAMVUVBGL-VQTJNVASSA-N,1,8.795880017344075,1
BYYQYXVAWXAYQC-LJQANCHMSA-N,1,8.795880017344075,1
FULCONZCBWSUCG-UHFFFAOYSA-N,1,8.795880017344075,1
GYOWORZEZSLHIN-NATPVWCTSA-N,1,8.795880017344075,1
KTODEUPKAOVPQF-UHFFFAOYSA-N,1,8.795880017344075,1
KNNCZVVJJSCZNH-KOLUZXRDSA-N,1,8.792774059174935,2
JTHFKRBAGMFRLP-MXVIHJGJSA-N,1,,0
LTADAMQMJJDFJM-UHFFFAOYSA-N,1,,0
HCGIROBRNBTDFG-NRFANRHFSA-N,1,8.781918676479622,2
HOXMJKBXEYOSML-UHFFFAOYSA-N,1,8.779545458967391,2
LAMLXQZWIGWWGU-UHFFFAOYSA-N,1,8.772577569995745,2
KKMJMRIMFVWKOG-ZVQSSFJBSA-N,1,8.771816983435478,2
OEIBCTIWBPBZIV-YALZGCRRSA-N,1,8.769551078621726,1
ORGFGKWLZWRNKO-UHFFFAOYSA-N,1,8.769551078621726,1
FELFRZJBPKZKAO-NXEFEZKASA-N,1,8.769551078621726,1
IVKBBTLEZLRUHI-ZSJGZSGZSA-N,1,8.769551078621726,1
UVKFZSYMLITLDR-UHFFFAOYSA-N,1,8.769551078621726,1
XISNOFDWXKRFRH-UHFFFAOYSA-N,1,8.769551078621726,1
KBPNMQPYRYNDHB-UHFFFAOYSA-N,1,8.769551078621726,1
WSPLCAUPQZBNRC-UHFFFAOYSA-N,1,8.769551078621726,1
RGYAEWZDVHSMCE-ACHIHNKUSA-N,1,8.769551078621726,1
NFMRLIYGGXGINK-CONSDPRKSA-N,1,8.769551078621726,1
AIYKBTXDRPARHM-MHZLTWQESA-N,1,8.769551078621726,1
CJCJGNDYISQCMT-JLTOFOAXSA-N,1,8.769551078621726,1
SONFWIYUKIBJQD-UHFFFAOYSA-N,1,8.769551078621726,1
FMOSQGKXVTZCKM-UHFFFAOYSA-N,1,8.769551078621726,1
NSRJRZGIVAVYNI-UDKJZQBVSA-N,1,8.767003889607846,5
MSGGUBXMXWEJRT-UHFFFAOYSA-N,1,8.76447155309245,1
ARDKXDPBRYTTRZ-AREMUKBSSA-N,1,8.749977317413489,2
CIWIXAWBOUWNQK-UHFFFAOYSA-N,1,,0
RKCYJNRDUDBTDT-QFIPXVFZSA-N,1,8.744727494896694,1
PYMQWQVPOYGEIM-WNOXWKSXSA-N,1,8.744727494896694,1
DGQXYBVOJPZERV-WNOXWKSXSA-N,1,8.744727494896694,1
FMUYAOWYCYBIIW-WNOXWKSXSA-N,1,8.744727494896694,1
WSYQSMJFBSIBRN-GDLZYMKVSA-N,1,8.744727494896694,1
MUQJKGMXKAWCJF-UHFFFAOYSA-N,1,8.744727494896694,1
JVOPERVUZMQBMU-UHFFFAOYSA-N,1,8.744727494896694,1
LNPDKRVLLDZCOU-UHFFFAOYSA-N,1,8.744727494896694,1
DSJXYWZMYCYKLU-UHFFFAOYSA-N,1,8.744727494896694,1
BLCJVLIDZWMARY-UHFFFAOYSA-N,1,8.744727494896694,1
HLBLLGYOMVQROQ-BZDUDJNJSA-N,1,8.744727494896694,1
OGCFGCUAWCRMRJ-FPOVZHCZSA-N,1,8.744727494896694,1
CZRKPNIVWXQJEF-UHFFFAOYSA-N,1,8.744727494896694,1
XTGGBXGXBHZDDH-UHFFFAOYSA-N,1,8.744727494896694,1
ZXJAVJMFMHDNOW-UHFFFAOYSA-N,1,8.744727494896694,1
BGGTUZUVWQJOOJ-CKWXOEDFSA-N,1,8.735028299170665,2
BJBXILVBLCBQQY-IZZNHLLZSA-N,1,8.734260541478871,2
VSCHJGSJZVISLD-HMPIOLDBSA-N,1,8.721246399047171,1
NVTYJPSTYQULRG-BIXQXLNPSA-N,1,8.721246399047171,1
AXBSORLKLUGMEI-OUADDPIDSA-N,1,8.721246399047171,1
JHELCNUBUCOOEC-MXJFGAHCSA-N,1,8.721246399047171,1
HEGGNUSNVKNEOF-UHFFFAOYSA-N,1,8.721246399047171,1
GZGUANKWGWEJTK-XJABCFGWSA-N,1,8.721246399047171,1
CRYGFTHBEMRCNH-LRQRDZAKSA-N,1,8.721246399047171,1
ALIXCTQWFWWYNZ-VDGAXYAQSA-N,1,8.721246399047171,1
QXGHMYNYDKDRLF-PMACEKPBSA-N,1,8.721246399047171,1
IATCLJLCYDIURR-UHFFFAOYSA-N,1,8.721246399047171,1
MZXMDLGAXKNSBN-UHFFFAOYSA-N,1,8.721246399047171,1
WTFRDKBVNOFYKZ-XDBZFTIUSA-N,1,8.720105019988361,1
VSCHJGSJZVISLD-KWBVTSNXSA-N,1,8.720105019988361,1
UXNDGPPTVKDIOD-QAXCHELISA-N,1,8.550500364555106,2
MIEXKAHSIFKIOA-UHFFFAOYSA-N,1,8.700057099977233,1
CUTMHNXVJPFDHF-UHFFFAOYSA-N,1,8.700057099977233,1
VTGZPWMFTWGIQB-UHFFFAOYSA-N,1,8.700057099977233,1
UKNNCAVVVDVTHP-AFJIDDCJSA-N,1,8.700057099977233,1
PTHKZKTYSDDBIQ-UNMCSNQZSA-N,1,8.700057099977233,1
FZNTVQGDYPVXAL-GMAHTHKFSA-N,1,8.700057099977233,1
NEPOEDGBXWMAGJ-UHFFFAOYSA-N,1,8.700057099977233,1
XKOSPMBTYLWIKX-UHFFFAOYSA-N,1,8.700057099977233,1
OJBWZYNMKJKQQS-UHFFFAOYSA-N,1,8.700057099977233,1
UXOFSGJDRPUGPP-UHFFFAOYSA-N,1,8.700057099977233,1
ODIRSXXUXPPURF-HSZRJFAPSA-N,1,8.700057099977233,1
IJPXQDBNHGVJAQ-SVBPBHIXSA-N,1,8.700057099977233,1
BLYHUYRAYMAUST-BVYCBKJFSA-N,1,8.699513552156626,2
SBIZXCKDTDLJHC-FUANUBAPSA-N,1,8.698970004336019,1
PONFEEVYOJAPRZ-UHFFFAOYSA-N,1,8.698970004336019,1
SBIZXCKDTDLJHC-NBGFENBTSA-N,1,8.698970004336019,1
NAUMGBBZLWYADU-LETMKSKHSA-N,1,8.698970004336019,1
FXNGKZKTNZFAQF-LETMKSKHSA-N,1,8.698970004336019,1
TUUDVKRGCJZJKQ-VSMKPTLZSA-N,1,8.698970004336019,1
UFOHFERURWEZAP-GGFUHWEBSA-N,1,8.698970004336019,1
RMPKGCQPPWICCB-ZONNCAFXSA-N,1,8.698970004336019,1
BECWCZRLWGOCHQ-UHFFFAOYSA-N,1,8.698970004336019,1
NFVAMSHCYQJREM-PRESXLHZSA-N,1,8.698970004336019,1
KQMGYOWNUFZGRP-UHFFFAOYSA-N,1,8.698970004336019,1
PCUHKXFCORPXBB-LJQANCHMSA-N,1,8.698970004336019,1
ANPYOUVKUYVENR-UHFFFAOYSA-N,1,8.698970004336019,1
BZPPUKJKOJHWKN-XJABCFGWSA-N,1,8.698970004336019,1
DMNJGAVZKDLBNT-ARGWCVDVSA-N,1,8.698970004336019,1
BRFMQRSCKIRUOE-UHFFFAOYSA-N,1,8.698970004336019,1
FHFZPUAWDJVXHA-UHFFFAOYSA-N,1,8.698970004336019,1
JEXOUFPHBGFBFW-UHFFFAOYSA-N,1,8.698970004336019,1
NNQQINUYFDRYPI-UHFFFAOYSA-N,1,8.682258126592544,2
XLFAJZBAHIGGGF-GNVOIQCSSA-N,1,8.681505449093885,2
HFXUYZQVCSUBMO-UHFFFAOYSA-N,1,8.67778070526608,1
IXFOAHRLJSIABO-UHFFFAOYSA-N,1,8.67778070526608,1
QJLPTGTXRGEKCS-UHFFFAOYSA-N,1,8.67778070526608,1
GUZKLWUGCGHFHH-IRFCIJBXSA-N,1,8.67778070526608,1
KFKDZZIVWULHSW-RPWUZVMVSA-N,1,8.67778070526608,1
HENCBHAKHZDBGT-UHFFFAOYSA-N,1,,0
HFWXBUXIGDHRIC-UHFFFAOYSA-N,1,,0
KYKOACYJRWRBAC-LKUPVBHCSA-N,1,8.673393743112328,2
WXHFTAZCGZBMLD-XDBZFTIUSA-N,1,8.669992299127241,1
GWVQSXPCYOIETL-KIEWGBFISA-N,1,8.659379381312206,4
IQJMZJZSQJQNCF-UHFFFAOYSA-N,1,8.657577319177793,1
IKHGNAJUVAULNG-MNIDXLESSA-N,1,8.657577319177793,1
UFEQANMHBHQAGY-MNIDXLESSA-N,1,8.657577319177793,1
UDTKEHZAOFHKNB-UHFFFAOYSA-N,1,8.657577319177793,1
PEMJJXJCZVQVTB-UHFFFAOYSA-N,1,8.657577319177793,1
FLNYLINBEZROPL-VSGBNLITSA-N,1,8.657577319177793,1
GQLYJEDNLFTQBD-KYJUHHDHSA-N,1,8.657577319177793,1
MENACXWZSRFIHK-GOSISDBHSA-N,1,8.657577319177793,1
MDHXNDICWFLLQE-BZSNNMDCSA-N,1,8.657577319177793,2
VQUPRWGMQYINPZ-CTZPLLSNSA-N,1,,0
VQUPRWGMQYINPZ-UHFFFAOYSA-N,1,,0
JTHFKRBAGMFRLP-BGYRXZFFSA-N,1,,0
VPPFVSVLCATXPY-UHFFFAOYSA-N,1,8.649751981665837,1
LXMAOJWNEOEBSU-UHFFFAOYSA-N,1,,0
OFXGPUCSXYQAEH-OAQYLSRUSA-N,1,8.643974142806877,1
SSWOBDWLRTXEMS-UHFFFAOYSA-N,1,8.638272163982407,1
RHLQHVJDZOMGMW-UHFFFAOYSA-N,1,8.638272163982407,1
KVMAFOLRKOWSLN-UHFFFAOYSA-N,1,8.638272163982407,1
KKNABYYXFGGHEP-VJKLZRICSA-N,1,8.638272163982407,1
UTAUDUDUMAWBSY-CONSDPRKSA-N,1,8.638272163982407,1
XYYOTEUPDWFXRK-KYJUHHDHSA-N,1,8.638272163982407,1
WMKLTHZJWJRAHR-UHFFFAOYSA-N,1,8.638272163982407,1
OUVZPSHLKWIEQH-UHFFFAOYSA-N,1,,0
FLJIWCZSOWTRAR-UHFFFAOYSA-N,1,,0
GHXADUNCOKFSDJ-BGYRXZFFSA-N,1,,0
VLGRIJJNPWVMDV-WENCNXQZSA-N,1,8.61996975203217,1
HVXMBFDDSNHMEA-ASRPOVPCSA-N,1,8.619788758288394,1
LJKYQYVSIFOVJJ-QCWLJUHMSA-N,1,8.619788758288394,1
KYVTYFDDJINHPF-UHFFFAOYSA-N,1,8.619788758288394,1
XFZQPQNPSOTOAL-GGFUHWEBSA-N,1,8.619788758288394,1
CBQPDDPXLVPCIM-UHFFFAOYSA-N,1,8.619788758288394,1
HNYCTUJIKKNHPR-YCTXJJCUSA-N,1,8.619788758288394,1
DMPBNZKYHOVYRU-HSMZZXILSA-N,1,8.619788758288394,1
LZETVSMMDKRIBU-UVIULGBXSA-N,1,8.619788758288394,1
NDMOYPJHBNNRIM-ZFMNYDKASA-N,1,8.619788758288394,3
STQPZMKBIAWKGK-MRXNPFEDSA-N,1,8.619788758288394,1
FUQXMZQIUQTJPV-DLBZAZTESA-N,1,8.619788758288394,1
RSABPPVRUPFDEN-CYBMUJFWSA-N,1,8.619788758288394,1
ZSLGEMKPRWABHK-FSSWDIPSSA-N,1,8.619788758288394,1
SPOQEIILUHGCDB-ALHJQXIUSA-N,1,8.602059991327963,1
UNTOMAYRJHGHHU-WBAJSIRJSA-N,1,8.602059991327963,1
RIZNUGBEWDWVDN-UHFFFAOYSA-N,1,8.602059991327963,1
BDFUSNFQDJPSLX-UHFFFAOYSA-N,1,8.602059991327963,1
LWYMXWUYNBSRSM-UHFFFAOYSA-N,1,8.602059991327963,1
QLXHEEVESGWCHN-FQEVSTJZSA-N,1,8.602059991327963,1
NGTSXDWOKUNRLY-OLBHHIGCSA-N,1,,0
TUNMFJCBMPOPCN-CFYPMAHTSA-N,1,8.600047617190521,2
FCHBLJWTDQDKLL-PBHFAPSUSA-N,1,8.600015437450608,2
AHZURDXLPGFUJZ-UHFFFAOYSA-N,1,8.599980364934842,1
VONJODYKTRPIQC-MBSDFSHPSA-N,1,8.599980364934842,1
QJWDDKFLDNAVJD-ICSRJNTNSA-N,1,8.599980364934842,1
VLDSZNQLCKJCMQ-UHFFFAOYSA-N,1,8.599980364934842,1
FPJVKUSRWZBOFF-UHFFFAOYSA-N,1,8.599980364934842,1
IOIJNSLWZAOUPA-CYEXUTLASA-N,1,8.599980364934842,1
IMOMGKUGBUZWGV-UHFFFAOYSA-N,1,,0
ZJVDJQRDIOJIMX-UHFFFAOYSA-N,1,8.585026652029182,1
JXYBGOIIBBZYGG-VMPREFPWSA-N,1,8.585026652029182,1
RALVNYPLJQSMAN-CFSSXQINSA-N,1,8.585026652029182,1
PRDDKGHYSSEILD-UHFFFAOYSA-N,1,8.585026652029182,1
LLLBSBOCJOVWQT-RTWAWAEBSA-N,1,8.585026652029182,1
GKSQDEZTFBLUHC-MOPGFXCFSA-N,1,8.585026652029182,1
WOJBHNJZTIILBM-NRFANRHFSA-N,1,8.585026652029182,1
QLXHEEVESGWCHN-HXUWFJFHSA-N,1,8.585026652029182,1
COKDWHNHZYOASY-LPAMGJINSA-N,1,,0
XAMIKPXOHVPWBZ-UHFFFAOYSA-N,1,,0
CYDMWSSMUBQXRD-LJQANCHMSA-N,1,8.581698708680255,1
GRZUTNXIIUWUSF-UNMCSNQZSA-N,1,8.568636235841012,1
JSYXAMQNGRVZDR-QHCPKHFHSA-N,1,8.568636235841012,1
RQVBYRWUISROIZ-FEWZWGNISA-N,1,8.568636235841012,1
HSKGUZGJDJTCIJ-HSZRJFAPSA-N,1,8.568636235841012,1
OEVUUUYSUGCHHG-QGZVFWFLSA-N,1,8.568636235841012,1
GUZKLWUGCGHFHH-DYXWJJEUSA-N,1,8.568636235841012,1
CYTXURWJLFQPDZ-QYZOEREBSA-N,1,8.568636235841012,1
STJZDPGWBPFLGF-SNRMKQJTSA-N,1,8.568636235841012,1
UGDZQVXRBCKAQS-XRNKBYASSA-N,1,8.568636235841012,1
NCDMNHIASQLMMD-RPBOFIJWSA-N,1,8.568636235841012,1
CFFZZZKWGRQTNZ-UHFFFAOYSA-N,1,8.568636235841012,1
CBNOGVWRWFAMFM-UHFFFAOYSA-N,1,8.563837352959244,1
BLKHBPBPTMODSH-RAWAAWEYSA-N,1,8.562347799885199,2
RXOBEDAYMSZORF-UHFFFAOYSA-N,1,,0
CIDXHDROLDYFIS-UHFFFAOYSA-N,1,,0
QQOIKWGCKJQKAY-UHFFFAOYSA-N,1,8.55284196865778,1
NLFWNEAIQORVAC-DHFLCVKNSA-N,1,8.55284196865778,1
AOHIJPJMMHXDHP-GGPBTZDJSA-N,1,8.55284196865778,1
TXKRGEZLDVMKKQ-FPOVZHCZSA-N,1,8.55284196865778,1
KVDRGPNXKCVXGD-UHFFFAOYSA-N,1,8.55284196865778,1
PSVBEJHDFMPFJD-UHFFFAOYSA-N,1,8.55284196865778,1
MXKZKTBJVYCBDH-UHFFFAOYSA-N,1,8.55284196865778,1
YUERFHADRHAZBK-QFIPXVFZSA-N,1,8.55284196865778,3
GTFUIVFMMYKZKW-UHFFFAOYSA-N,1,8.55284196865778,1
BUBWRIVYXMCTAG-UHFFFAOYSA-N,1,8.549979835562059,2
MGGHRIXQZRIDQH-RTOHIFTRSA-N,1,8.549972455324001,2
HAICMSYYIMFNOF-XAHIPPIJSA-N,1,8.549972455324001,2
YPLNERORKXLZNH-UHFFFAOYSA-N,1,,0
DKZNWZVQLFXZER-JHOFKJSISA-N,1,8.54561277396688,2
RSCUIJPMECVKOO-UHFFFAOYSA-N,1,8.537602002101044,1
XJLDDZIBCMCXGL-UHFFFAOYSA-N,1,8.537602002101044,1
SSQGNSUWMMJHRK-UHFFFAOYSA-N,1,8.537602002101044,1
OTBVEXMPXATWMB-UHFFFAOYSA-N,1,8.537602002101044,1
BHHPPHSTDDDXDM-UHFFFAOYSA-N,1,8.537602002101044,1
FIDTULBNYFDGOP-UHFFFAOYSA-N,1,8.537602002101044,1
VAQZSLXHGCOMAT-OLBHHIGCSA-N,1,,0
CMHQSZGZHCBTQY-CNUJNCEHSA-N,1,8.533256356075647,2
NJWUPRCNXYNBNF-QGYSTOEISA-N,1,8.523603778477954,2
WZMVQZJKOVPVGZ-XIFFEERXSA-N,1,8.522878745280337,3
HFHVHLAVHVRGJU-UHFFFAOYSA-N,1,8.522878745280337,1
MWWXEEPLVDZLJW-UHFFFAOYSA-N,1,8.522878745280337,1
XTUKHLMHDAVVDE-HAWKBGDOSA-N,1,8.522878745280337,1
FQKOMYRVAJEDBJ-UHFFFAOYSA-N,1,8.522878745280337,1
VAGKBJKZOUYTSH-UHFFFAOYSA-N,1,8.522878745280337,1
LOVQLZWXVWBLPD-XTEPFMGCSA-N,1,8.522878745280337,1
UMFLKMBGQGRGDT-UHFFFAOYSA-N,1,8.522878745280337,1
ZUWWPTFJXXNGIJ-UHFFFAOYSA-N,1,8.522878745280337,1
QOOGOLVYWAKPMZ-UHFFFAOYSA-N,1,8.522878745280337,1
CNYOMHXOSOLHBL-UHFFFAOYSA-N,1,8.522878745280337,1
KPSHRAGASWDIHK-UHFFFAOYSA-N,1,8.515700160653214,1
LRCLUELMHULASC-CLJLJLNGSA-N,1,8.514362075630947,2
YMJWVPKRILZJBH-FQEVSTJZSA-N,1,8.509339913370447,4
XJAFKPQDGZWHCY-UHFFFAOYSA-N,1,8.508638306165727,1
RMRCMPQTTCGZTG-UHFFFAOYSA-N,1,8.508638306165727,1
WZMVQZJKOVPVGZ-MGBGTMOVSA-N,1,8.508638306165727,1
OIEBSAIDAFOABW-QVKFZJNVSA-N,1,8.508638306165727,1
XEVMZGQYZBEQHG-UHFFFAOYSA-N,1,8.508638306165727,1
AEGNWBZPYYNCRL-UHFFFAOYSA-N,1,8.500038134403809,1
HLXSDXICZGENQQ-UHFFFAOYSA-N,1,8.500038134403809,1
PYMMFZHBPNJQOD-UHFFFAOYSA-N,1,8.500038134403809,1
WOLHPOWZBHRGTD-KKSFZXQISA-N,1,8.500038134403809,1
ZORXDXJSPINJEQ-UHFFFAOYSA-N,1,8.500038134403809,2
PGTSDQJJQFGOEU-HMILPKGGSA-N,1,8.500038134403809,1
PYALTOQQRPEMLM-LJQANCHMSA-N,1,8.500038134403809,1
PYMMFZHBPNJQOD-LJQANCHMSA-N,1,8.500038134403809,1
WMRNTSMKBVMUTC-UHFFFAOYSA-N,1,8.500038134403809,1
JUDCITKDCFGXAF-UHFFFAOYSA-N,1,8.500038134403809,1
ASSBEMCEDOONKS-UHFFFAOYSA-N,1,8.500038134403809,1
YZMQJVWDZXNEBA-UHFFFAOYSA-N,1,8.500038134403809,1
QVYPWFFWLVUYKN-FOIFJWKZSA-N,1,8.50002301882756,2
VRTWFRRSCWHIJE-RUZDIDTESA-N,1,8.499994853671373,2
QRZABLVSQLMLCO-UHFFFAOYSA-N,1,8.494850021680094,1
OXJRACFLZXVYCA-UHFFFAOYSA-N,1,8.494850021680094,1
WOVHRORTUHOAOD-UHFFFAOYSA-N,1,8.494850021680094,1
NXAMGJRLSKEHIL-IBNRHXGOSA-N,1,8.494850021680094,1
BAWOEXVCFSAHRQ-UHFFFAOYSA-N,1,8.494850021680094,1
LLLBSBOCJOVWQT-SFTDATJTSA-N,1,8.494850021680094,1
YCXVWJZSWBPGRO-UFRKFLGHSA-N,1,,0
GHXADUNCOKFSDJ-MXVIHJGJSA-N,1,,0
OLBVNQGFVBFGMT-DQAAWZIYSA-N,1,8.483288122256525,2
DPSGZOXYCGUZMU-UHFFFAOYSA-N,1,,0
VHGKPNMPOKTFMD-UYZGYWSASA-N,1,8.481486060122112,1
PYYQGLOWYDYWDJ-UHFFFAOYSA-N,1,8.481486060122112,1
AEJFLHAKYANRRV-GGFUHWEBSA-N,1,8.481486060122112,1
GZFMTTIEYCQXLS-UHFFFAOYSA-N,1,8.481486060122112,1
GEZMPNGCDQGWGD-UHFFFAOYSA-N,1,8.481486060122112,1
GPOHXSRIYHKDDY-UHFFFAOYSA-N,1,8.481486060122112,1
WRKCFWQULJFVBO-UHFFFAOYSA-N,1,8.481486060122112,1
LQRDBJSVJUNPHC-RTOPAQNCSA-N,1,8.481486060122112,1
UNRMYLWXMMPRCP-OLBHHIGCSA-N,1,,0
COSBLZOPZNHZQW-UHFFFAOYSA-N,1,,0
IYYPPYLIGSSILC-RQCIJDPDSA-N,1,,0
VVRKQCXRSANSIV-UHFFFAOYSA-N,1,8.47237009912866,1
WSOAGJHOEMAOEO-UHFFFAOYSA-N,1,8.468521082957745,1
VPZHHFGGFNADGH-UHFFFAOYSA-N,1,8.468521082957745,1
HPYVATHTKDMNGH-UHFFFAOYSA-N,1,8.468521082957745,1
ZTGSEUWFJJLFQO-RTWAWAEBSA-N,1,8.468521082957745,1
PEUVJNALVBXTKV-MJEAINFQSA-N,1,,0
FLNYLINBEZROPL-IZLXSDGUSA-N,1,,0
MXOFDARLDVKZQB-QHCPKHFHSA-N,1,8.455931955649724,3
WNTHOKBCZNRPBB-YZNIXAGQSA-N,1,8.455931955649724,1
MAVDAPGOKWWCQV-UHFFFAOYSA-N,1,8.455931955649724,1
IEFMFWHANVDXJW-KYJUHHDHSA-N,1,8.455931955649724,1
PAYFXMBBNMGHKZ-UHFFFAOYSA-N,1,8.455931955649724,1
QMKDGEPXNSIOML-UHFFFAOYSA-N,1,8.455931955649724,1
VGUKDVJSFQFTIS-SQNIBIBYSA-N,1,8.455931955649724,1
AHUMDZDJKIBEFH-UHFFFAOYSA-N,1,,0
GCBHRSJNRKIGLN-DBCLQSBCSA-N,1,8.449987134946069,2
BVLMVGJWTZPXLY-BCAQGFRRSA-N,1,8.449987134946069,2
VUSRUVIDWSRKBU-POSUKJBFSA-N,1,8.447428922047997,2
MCUGZTRVJVPHRW-CRDWDMSXSA-N,1,,0
XJRHWGMMLUJUMV-DDEZQWHHSA-N,1,8.444200737559804,2
QNABWLPZWWNWJT-RIOIIYTLSA-N,1,8.443697499232712,1
ATMHFQDWDFHUDF-UPYVZJKUSA-N,1,8.443697499232712,1
NHCPLSKEMYTBPE-CWTRNNRKSA-N,1,8.443697499232712,1
PSLREODRWYTHEC-ZHHJKBAOSA-N,1,8.443697499232712,1
WWDAJXARVJHRBI-UHFFFAOYSA-N,1,8.443697499232712,1
TZYWVNRQPJYYMS-SQNIBIBYSA-N,1,8.441198654154958,2
QQBRRNTWHAAEFM-BUALBWRZSA-N,1,8.431798275933005,1
QOPIOMWNHRCPAA-DQEYMECFSA-N,1,8.431798275933005,1
HIHKWWMEJLAOLH-VQTJNVASSA-N,1,8.431798275933005,1
GRIDHXFOQBIQKT-UHFFFAOYSA-N,1,8.431798275933005,1
SBBYBXSFWOLDDG-XOBRGWDASA-N,1,8.430041181903405,1
AZCUMNBSXUJQAB-FLASPHMUSA-N,1,8.421360790031928,1
BBASVKVVEFLJCU-JVKBCILWSA-N,1,8.420818753952375,2
SRUVIRMFXGIZDE-QFIPXVFZSA-N,1,8.42021640338319,1
UFSLDNNKWKEDNS-OCZFFWILSA-N,1,8.42021640338319,1
HOFQNBZCEZYVOE-CONSDPRKSA-N,1,8.42021640338319,1
OKDHOBUTPGFORX-UHFFFAOYSA-N,1,8.42021640338319,1
QTKOZNOELLHMIX-PQRANODCSA-N,1,8.403437700822769,2
WMFBTXOYXGAIPY-BNHMMOKISA-N,1,8.400007822415901,1
OXQZXDGLSIMETJ-UHFFFAOYSA-N,1,8.397940008672037,1
BQVBUTSGRMTRRM-JSKGAOECSA-N,1,8.397940008672037,1
SPAGCMPPUGYUHY-UHFFFAOYSA-N,1,8.397940008672037,1
HLLXSXCPLYJSSX-MULCNKJOSA-N,1,8.397940008672037,1
FBKJXYVRFOSKLQ-UHFFFAOYSA-N,1,8.397940008672037,1
TXCOOUMGWHPYDI-UHFFFAOYSA-N,1,8.397940008672037,1
XVLDBIMEHYLVSD-UHFFFAOYSA-N,1,8.397940008672037,1
GHXADUNCOKFSDJ-UHFFFAOYSA-N,1,,0
SQHKCBLNRNKPNQ-HMPIOLDBSA-N,1,8.387216143280265,1
YJTMHZTWZXTPJA-PKTZIBPZSA-N,1,8.387216143280265,1
YJQXBEODOOOJJQ-PTYIZKHBSA-N,1,8.380475453429904,2
MFUVQFBLROCQDR-YALZGCRRSA-N,1,8.3767507096021,1
FVYJZIDKUKSJMY-UHFFFAOYSA-N,1,8.3767507096021,1
GANKFCOOGASGPI-CONSDPRKSA-N,1,8.3767507096021,1
AMMYHLCZPFCXBC-LJCGVHFMSA-N,1,8.3767507096021,1
UKGDHYIOCFNBIP-HNNXBMFYSA-N,1,8.3767507096021,1
VTWPYQOXXLXWJD-OXSQTJFYSA-N,1,,0
SXRVBMVPBAKYEN-UHFFFAOYSA-N,1,8.366531544420413,1
RLHGGWYQVKICLX-UHFFFAOYSA-N,1,8.366531544420413,1
BQQPMKLRRRAGKG-UHFFFAOYSA-N,1,8.366531544420413,1
KYAGVGRXHALGSE-UHFFFAOYSA-N,1,8.356547323513812,1
WURNQCAQSFGZBA-UHFFFAOYSA-N,1,8.356547323513812,1
UBQDOJPOYGFWGG-BNQVVEKUSA-N,1,8.356547323513812,1
NXJPCNJOCJTWTO-OYRHEFFESA-N,1,,0
BHCJHYIMNHXLOM-WVDRJWPYSA-N,1,8.349363433749058,2
AXHGMEAMIKHBDC-UHFFFAOYSA-N,1,8.346787486224656,1
OEVUUUYSUGCHHG-UHFFFAOYSA-N,1,8.346787486224656,1
OZUBKKRURPSIKW-UHFFFAOYSA-N,1,8.337242168318426,2
AVTGCBVHVNCGHL-UHFFFAOYSA-N,1,8.337242168318426,1
UEMMIMGZPQLHRL-UHFFFAOYSA-N,1,8.337242168318426,1
SCPYZUAEPUWQKQ-UHFFFAOYSA-N,1,8.337242168318426,1
AKEYXGPKHUFLHK-UHFFFAOYSA-N,1,,0
XWSOHSQAJGNFGQ-XFJIVUHKSA-N,1,8.332773124424534,2
QWONJGQDISCJGP-UHFFFAOYSA-N,1,,0
CXFWIZDXIZCABO-AWQADKOQSA-N,1,8.327902142064282,1
HXMZUPPJLGAPIV-SMTCOIIISA-N,1,8.327902142064282,1
RAMQTGXNUULPTD-JDXGNMNLSA-N,1,8.327902142064282,1
BZPPUKJKOJHWKN-PIPMEXSNSA-N,1,8.327902142064282,1
SVNARMJNQZDVGN-UHFFFAOYSA-N,1,8.327902142064282,1
ZUDBSAASSLDPJS-SANMLTNESA-N,1,8.318758762624412,1
XYBXCIWXRFPEBP-UHFFFAOYSA-N,1,8.318758762624412,1
AFZUBBFQMWDRAV-UHFFFAOYSA-N,1,8.318758762624412,1
DVGKWMUXDYVBPX-PMACEKPBSA-N,1,8.318758762624412,1
XQDUWGMNQFZUNQ-UHFFFAOYSA-N,1,8.309803919971486,1
WKVJTXKYRCNGPX-HARLFGEKSA-N,1,8.309803919971486,1
IYOXNASDXZTFMJ-UHFFFAOYSA-N,1,8.309803919971486,1
AOCBCZSDWBMPHN-UHFFFAOYSA-N,1,,0
RLEVBHOVASXXPT-NRFANRHFSA-N,1,8.301029995663981,1
OXQZXDGLSIMETJ-LITSAYRRSA-N,1,8.301029995663981,1
QAIJDUKQZAHNMO-LYQDPQKGSA-N,1,8.301029995663981,1
SUIAZXTYRYLIFJ-PNFNHJRFSA-N,1,8.301029995663981,1
HPNPIPKYYHLBEB-XKMRCYARSA-N,1,8.301029995663981,1
XYYQBJLKFVMOJL-UHFFFAOYSA-N,1,8.301029995663981,1
LAHQYYRYGAYWRW-KYJUHHDHSA-N,1,8.301029995663981,1
GGDPOHRNDFHTNA-SVBPBHIXSA-N,1,8.301029995663981,1
DJOMTTZOLFQUNF-QGZVFWFLSA-N,1,8.301029995663981,1
MHGTZHZAQAFNNE-DUQWPARQSA-N,1,8.301029995663981,1
NPFFIZUPJRNPPA-AABGKKOBSA-N,1,8.301029995663981,1
WEQFWNUSYJUVBN-OYDLWJJNSA-N,1,8.301029995663981,1
PYALTOQQRPEMLM-UHFFFAOYSA-N,1,8.299988937677888,1
CSQCMKYFLRHQKN-UHFFFAOYSA-N,1,8.299988937677888,2
DBKZTQXVXUMAQV-UHFFFAOYSA-N,1,8.299988937677888,1
BGDPOOZYXVGESF-UHFFFAOYSA-N,1,8.299988937677888,1
YTHPCALZPXHNGA-SAUDROSCSA-N,1,8.299988937677888,1
CUNYOKSBVRXIJJ-UHFFFAOYSA-N,1,8.292429823902063,1
DNKOFMRKTNVFCE-UHFFFAOYSA-N,1,8.289967300934247,1
ATLZVWRXMUZKNV-RBYRPSCESA-N,1,8.285909917145492,2
JHUWNMRWMBJVFR-UHFFFAOYSA-N,1,8.2839966563652,1
WNRUNEPPOHUHGY-UHFFFAOYSA-N,1,8.2839966563652,1
KTYSLTJQOIHOCO-HKBOAZHASA-N,1,8.2839966563652,1
HHBOFAIEPRHUSR-HNNXBMFYSA-N,1,8.2839966563652,3
ASGWHETWQGYRFP-MGPCXNFUSA-N,1,8.275724130399212,1
WSYQSMJFBSIBRN-UHFFFAOYSA-N,1,8.275724130399212,1
MNHHQPNNELRPSH-UHFFFAOYSA-N,1,8.275724130399212,1
METKAKBIYIJIEG-UHFFFAOYSA-N,1,8.275724130399212,1
ZLUBYOYFKPXERH-GBESFXJTSA-N,1,8.275724130399212,1
SQUYFZZDIQUCSM-UHFFFAOYSA-N,1,8.275724130399212,1
UTEKOQDHDIGPGY-UHFFFAOYSA-N,1,8.275724130399212,1
VFTBMHHOSKDGPC-UHFFFAOYSA-N,1,8.267606240177031,1
KNNCZVVJJSCZNH-WPIMGRBNSA-N,1,8.261439372640169,2
KYAGVGRXHALGSE-RUZDIDTESA-N,1,8.259834806873123,2
BXUMHQJTHQBGLJ-VBTAUBHQSA-N,1,8.259637310505756,1
AMWBDZUOJRHESG-UHFFFAOYSA-N,1,8.259637310505756,1
AWWGZGHNVPCKFM-UHFFFAOYSA-N,1,8.259637310505756,1
BRLRPZHZRJLASK-UHFFFAOYSA-N,1,8.259637310505756,1
DXEFXSRUSKJPOC-UHFFFAOYSA-N,1,,0
NNGQEROFSCIFQE-UHFFFAOYSA-N,1,8.2518119729938,1
GKSQDEZTFBLUHC-OALUTQOASA-N,1,8.2518119729938,1
IQKIYBUXSZWUTP-MHCDBONUSA-N,1,,0
VLLJECVRBGSGCF-UHFFFAOYSA-N,1,8.2508447231052,2
ZYXOHIFOHNDXGD-VOKJVERTSA-N,1,8.250011629933255,2
WBWPKPCFEIYLFZ-UHFFFAOYSA-N,1,8.249979789216876,2
VBQVVZXNISQKJF-FIPWLEDMSA-N,1,8.249979789216876,2
MNVPIZWBKNFFDH-UHFFFAOYSA-N,1,8.244125144327509,1
YVLZVIUUVUBKNC-QGZVFWFLSA-N,1,8.236572006437063,2
HNADAHHCTSBAMF-UHFFFAOYSA-N,1,8.229147988357855,1
TTZWDLZPHOQUAU-INIZCTEOSA-N,1,8.226728668260934,2
CUUQZADGWXMGRW-UHFFFAOYSA-N,1,8.221848749616356,1
SNOAWNVDDANLMI-JSKGAOECSA-N,1,8.221848749616356,1
ZPOATHRARWHMKP-SENHGUMGSA-N,1,8.221848749616356,1
BZGHFPLJOCCYIG-UHFFFAOYSA-N,1,8.221848749616356,1
HTZLLODPNQCCEG-JFXHSDHMSA-N,1,8.221848749616356,1
AGFUYWBBNWLCOK-XMMPIXPASA-N,1,8.221848749616356,1
PKXHFVKACNEDII-QGZVFWFLSA-N,1,8.221848749616356,1
RRQHBXFZUXIDJS-UHFFFAOYSA-N,1,8.214670164989233,1
DSNJUUKGQCMCOQ-ACHIHNKUSA-N,1,8.214670164989233,1
BRKDCKOZZMMGML-UHFFFAOYSA-N,1,8.214670164989233,1
NJZXZKUKBCWTCN-UHFFFAOYSA-N,1,8.214670164989233,1
WZMVQZJKOVPVGZ-UHFFFAOYSA-N,1,8.208309350979881,1
LZWZHVNWDDYRHY-KODCPBCOSA-N,1,8.208258918236794,2
WDABUKHQRJDQAX-OXOYWMMMSA-N,1,8.207608310501746,1
OSYVUOXSTALYLM-UHFFFAOYSA-N,1,8.207608310501746,1
XLQRBGCAMPLWHK-AABGKKOBSA-N,1,8.207608310501746,1
WSLTYZVXORBNLB-KAYWLYCHSA-N,1,8.204245095502673,2
ANCCACIMFBJXGH-OZIXAUCHSA-N,1,8.200659450546418,1
UZMHAYYMGKNSCN-UHFFFAOYSA-N,1,8.200659450546418,1
HUALDBGBGSZLON-UHFFFAOYSA-N,1,8.200659450546418,1
FCCNSXPJGYKSAJ-UHFFFAOYSA-N,1,8.200659450546418,1
QXVKDIRFPUDMDU-UHFFFAOYSA-N,1,8.200659450546418,1
ZXVNENVDUDZJOX-FOIFJWKZSA-N,1,8.200006202147973,2
DUIQFDGXLYKCSP-UHFFFAOYSA-N,1,8.199970640755865,2
VLROGTSVMJUONC-UHFFFAOYSA-N,1,8.199970640755865,1
LDXKTSXBTWBIRA-UHFFFAOYSA-N,1,8.199970640755865,1
OXXXPXAXVJVONM-UHFFFAOYSA-N,1,8.199970640755865,1
BQQPFEHFEMWIFM-RUZDIDTESA-N,1,8.193820026016112,1
KPEUXZLNLIVUIN-UHFFFAOYSA-N,1,8.193820026016112,1
PZNXMYGCDJHLCM-UHFFFAOYSA-N,1,8.193820026016112,1
QELSZNTVWCMLRF-UHFFFAOYSA-N,1,,0
ACSJGOJPLODBLW-MDMXATFFSA-N,1,8.187086643357144,1
JHHSDIZOFCKLTQ-NRFANRHFSA-N,1,8.187086643357144,1
WCLCDHLNMRQGSM-MHZLTWQESA-N,1,8.18045606445813,1
PROVIONNLHVHPU-UHFFFAOYSA-N,1,8.18045606445813,1
GTYZTMYLHNWKSE-LSTHTHJFSA-N,1,8.173925197299173,1
PZHALDXTORCWTC-VMPREFPWSA-N,1,8.173925197299173,1
SWRYEUIYPAAURZ-UHFFFAOYSA-N,1,8.173925197299173,1
NXJPCNJOCJTWTO-MEMLXQNLSA-N,1,,0
BVMNQSAYSSXTLM-UHFFFAOYSA-N,1,8.167491087293763,1
FSXQTMXCXNMEIZ-KDXMTYKHSA-N,1,8.167491087293763,1
MVFZYTRKQQVGAV-UHFFFAOYSA-N,1,8.161150909262744,1
UOHXABZVHYTRLO-UHFFFAOYSA-N,1,8.161150909262744,1
RPEJUMUSKMYYSP-ZAYWWLBMSA-N,1,8.157577319177793,2
HHQNKWBPRLOSPW-BUALBWRZSA-N,1,8.154901959985743,1
BEPSRRZBDUBAKD-IRXDYDNUSA-N,1,8.154901959985743,1
OQWSJMKIRIAGDH-XVDWRUNBSA-N,1,8.154901959985743,1
FZNRYDBDVZSZBQ-AWQADKOQSA-N,1,8.154901959985743,1
NJFJLIABUZMOAH-UHFFFAOYSA-N,1,8.154901959985743,1
WYYLASXIFHLJPX-CMXZEOLJSA-N,1,8.154901959985743,1
ULJSRHPSSIXNKD-WUFINQPMSA-N,1,8.154901959985743,1
ANCRAJKTKYCZOD-UHFFFAOYSA-N,1,8.148741651280925,1
KKCRDTKEJOJYRG-YQOMSNACSA-N,1,8.148741651280925,1
GENLRMUFBFSRLA-OZIXAUCHSA-N,1,8.14621491195103,2
AIFZYHUGOXNZLJ-QCWLJUHMSA-N,1,8.142667503568731,1
KNMZNGOPLMOVFC-UHFFFAOYSA-N,1,8.142667503568731,1
ZXPNRBAFLYIUGD-UHFFFAOYSA-N,1,8.142667503568731,1
ARKKFYUXHFNQLU-LQJZCPKCSA-N,1,8.142667503568731,1
ATUPAULHDXBCOY-GBESFXJTSA-N,1,8.142667503568731,1
NNBAOMPIMXODPQ-SQNIBIBYSA-N,1,8.142667503568731,1
WOJBHNJZTIILBM-OAQYLSRUSA-N,1,8.142667503568731,1
KXGBJHXQHUOLON-UHFFFAOYSA-N,1,8.136677139879545,1
WDALRJNIULBPSY-QGYSTOEISA-N,1,8.133803120088515,2
KFBANIMWFPGVGW-KPITYXSVSA-N,1,8.130768280269024,1
LXMAOJWNEOEBSU-IBGZPJMESA-N,1,,0
XHNPKKNIQBKPHA-UHFFFAOYSA-N,1,8.1249387366083,1
OGWFIIQUFKCEMC-RBUKOAKNSA-N,1,8.1249387366083,1
ACJFETYSCBTCMR-UHFFFAOYSA-N,1,8.119186407719209,1
SBRDTMDWMOJLCU-UHFFFAOYSA-N,1,8.119186407719209,1
CEKXKDBQOLAVMC-UHFFFAOYSA-N,1,8.114942352606448,2
UCQRXBZYKFZLPN-UHFFFAOYSA-N,1,8.113509274827518,1
IVOCPWQPMWNGPI-MHZLTWQESA-N,1,8.113509274827518,1
PSLREODRWYTHEC-VUVCYMEASA-N,1,8.10790539730952,1
TZYWVNRQPJYYMS-OKZBNKHCSA-N,1,8.102372908709558,1
FDTWCNPUYSAMHO-OUADDPIDSA-N,1,8.100047617190521,2
SYKPKIXOVNHMMP-UHFFFAOYSA-N,1,8.100015437450608,1
SQNYJTSIWKBHBD-HXUWFJFHSA-N,1,8.100015437450608,1
SSSMQSQCNAOVLJ-UHFFFAOYSA-N,1,8.100015437450608,2
QDGXTXLVIWMVDH-UHFFFAOYSA-N,1,8.100015437450608,1
OMVAUXCXIPKTJF-UHFFFAOYSA-N,1,8.100015437450608,1
XRSLJIPNGLZJND-XIFFEERXSA-N,1,8.096910013008056,1
ORCDUGKGMAIHNW-UHFFFAOYSA-N,1,8.096910013008056,1
XOGIZHLZCSGUAE-MRXNPFEDSA-N,1,8.096910013008056,2
YZFKPIMYDPTIKM-JSKGAOECSA-N,1,8.096910013008056,1
HONGMXSIPVBQJH-HWLOXFRGSA-N,1,8.096910013008056,1
QRKKPEATNBJFKO-JFXHSDHMSA-N,1,8.096910013008056,1
QHPRLDAGUGKEPY-UHFFFAOYSA-N,1,8.096910013008056,1
SBBYBXSFWOLDDG-VLIAUNLRSA-N,1,8.090016305060155,1
MCZABOOQUVJJJL-VJBMBRPKSA-N,1,8.086186147616283,1
MMEILICZTYWRDK-UHFFFAOYSA-N,1,8.080921907623926,1
IBWUZTJASHTQDR-UHFFFAOYSA-N,1,8.080921907623926,1
FIYPEZLIXJZQOT-CMKODMSKSA-N,1,8.080921907623926,1
HZJZQJCMAGYKKL-UHFFFAOYSA-N,1,8.079981083971084,1
CMHQSZGZHCBTQY-HNDHONNRSA-N,1,8.0759054415043,2
WOGLMDYDUDVFKM-UHFFFAOYSA-N,1,8.075720713938118,1
JGSRAKURBIPPHL-ROUUACIJSA-N,1,8.075720713938118,1
GTBUTLFXQOBLCG-UHFFFAOYSA-N,1,8.070581074285707,1
YOMVEBVDIFROPG-UHFFFAOYSA-N,1,8.060480747381382,1
BHCJHYIMNHXLOM-UDNXBLAOSA-N,1,8.059981844992336,1
SEXIEPVVCPDKMR-UHFFFAOYSA-N,1,8.059981844992336,1
DCAGUAUHSOJEOX-UHFFFAOYSA-N,1,8.056219479534995,2
INYRSRVWJHHQCB-UHFFFAOYSA-N,1,8.050609993355087,1
WTFDZBOBFSIEHU-UHFFFAOYSA-N,1,8.050609993355087,1
NUPNDTJATGHILB-VQCQRNETSA-N,1,8.050007718725304,2
OXQZXDGLSIMETJ-UHSQPCAPSA-N,1,8.045757490560675,1
ONQZWYLATDSONC-UHFFFAOYSA-N,1,8.045757490560675,3
UXCPRGUEANQDIA-DHUJRADRSA-N,1,8.045757490560675,1
XCZYDSYUGXBLRG-BHVANESWSA-N,1,8.045757490560675,1
AEGBWONMUPOGGH-UHFFFAOYSA-N,1,8.045757490560675,1
RNLBAKIMAUIWHO-FMIFUCRQSA-N,1,8.045757490560675,1
QBBGNPIZYIFEFU-XOKHWMEBSA-N,1,8.045757490560675,1
BQDJZPXUORQZMS-UHFFFAOYSA-N,1,8.045757490560675,1
XUVYYIIVCVDGFW-XZOQPEGZSA-N,1,8.045757490560675,1
SXKVOXCVLIJCBZ-IZZNHLLZSA-N,1,8.045757490560675,1
JSSIHFUHGXNMHG-UHFFFAOYSA-N,1,8.045757490560675,2
SQNPCQVHVHOWEK-BJSJXSMNSA-N,1,8.045757490560675,1
DFAGIKXDVIZOGX-UHFFFAOYSA-N,1,8.045757490560675,1
WPCFOAVCANXHTJ-UHFFFAOYSA-N,1,8.045757490560675,1
MODAQCKIIMLKED-NRFANRHFSA-N,1,8.045757490560675,1
XYODCNMGJSSDON-UHFFFAOYSA-N,1,8.040958607678906,1
QJPQOMYSGGNMMU-PTYIZKHBSA-N,1,8.039847008065076,2
QECBUZHWFDACDA-VXKWHMMOSA-N,1,8.038108667163014,2
YVYUYBYHPPCPGT-UHFFFAOYSA-N,1,8.036212172654444,1
WWBFKWXDEJRSHS-UHFFFAOYSA-N,1,8.031517051446064,3
PJBUKQBYUYWWMO-QGZVFWFLSA-N,1,8.022276394711152,1
JJFMDBVGVPOKRI-UHFFFAOYSA-N,1,8.022276394711152,1
GKZHSLWHRYPKDP-UHFFFAOYSA-N,1,8.013228265733755,1
AOUOEYLYUIJTPB-UHFFFAOYSA-N,1,8.013228265733755,1
ATNGEEUVTIJBQN-QGYSTOEISA-N,1,8.010225812647953,2
VGUKDVJSFQFTIS-OKZBNKHCSA-N,1,8.008773924307505,1
SQNYJTSIWKBHBD-FQEVSTJZSA-N,1,8.0,1
SVVJEDRBKOBRPP-UHFFFAOYSA-N,1,8.0,1
KJQHHFWZKACGAF-UHFFFAOYSA-N,1,8.0,3
YAZQHTDRBQHAQK-HKBQPEDESA-N,1,8.0,1
SGQVPBVOTGCWIJ-GHRAFVERSA-N,1,8.0,1
ZKJLPFCGPKLADH-GZOQVGHDSA-N,1,8.0,1
LABWVNPAFKLFSL-OZMGXUMRSA-N,1,8.0,1
VUIKXPLLVYTQIQ-MUGXBBEHSA-N,1,8.0,1
YIMFULYKLFRIFR-UHFFFAOYSA-N,1,8.0,1
GWOIWHSKGRWNPH-MLYMZAKTSA-N,1,8.0,1
LIDNJZKMWRAZAQ-RBUKOAKNSA-N,1,8.0,1
BYXVSYHZQWOKSI-QGZVFWFLSA-N,1,8.0,1
ZBUHIKOFVVSCIC-UHFFFAOYSA-N,1,8.0,1
YBYSBOXLPMEIAC-UHFFFAOYSA-N,1,8.0,1
YSAFJLLWAYOWIJ-UHFFFAOYSA-N,1,8.0,1
HEXDZNMIGUYTNE-UHFFFAOYSA-N,1,8.0,1
KHZRTZHBWKCJRA-UHFFFAOYSA-N,1,8.0,2
IFYSHYSCLCXIBE-GTCGAKFVSA-N,1,8.0,1
SIBIOTUKPPIJSS-UHFFFAOYSA-N,1,7.991399828238082,1
QJHLLGCMNXHDQT-FQEVSTJZSA-N,1,7.984322029128457,2
VSYVBQKQDBKTBD-UHFFFAOYSA-N,1,7.97061622231479,3
VSYVBQKQDBKTBD-OAQYLSRUSA-N,1,7.969805214643249,1
HUSFNZORCKCZQT-UHFFFAOYSA-N,1,7.966576244513051,1
IZRHKURJIQCXMT-WMZOPIPTSA-N,1,7.963770455913705,1
JFBCXOANABQRMF-UHFFFAOYSA-N,1,7.958607314841775,1
NOGCECXKCJDXDN-ZWXJPIIXSA-N,1,7.958607314841775,1
CELTZHHYEWEYBB-YTTGMZPUSA-N,1,7.958607314841775,1
NUQVMEYMKHQGHQ-UHFFFAOYSA-N,1,7.958607314841775,1
USCFRWZCWBRYBB-UHFFFAOYSA-N,1,7.958607314841775,1
SGGSCEPQSJZAAL-UHFFFAOYSA-N,1,7.958607314841775,1
KBVPOFHEUMGKGC-XZOQPEGZSA-N,1,7.958607314841775,1
UWEJDSOFIHYIOE-MHZLTWQESA-N,1,7.958607314841775,1
CIXKPLGEAAADPG-WUFINQPMSA-N,1,7.958607314841775,1
NCFCVGUQIMTNNB-WGZBAJHCSA-N,1,7.958607314841775,1
NMNAPOVNXDLYJZ-RTWAWAEBSA-N,1,7.958607314841775,1
MPSBRZBCWQGWFI-UHFFFAOYSA-N,1,7.958607314841775,1
YHYTXVOKAVQKLR-UHFFFAOYSA-N,1,7.958607314841775,1
BKZACLJXDQEZGG-JOCHJYFZSA-N,1,7.958607314841775,1
OGWFIIQUFKCEMC-RTBURBONSA-N,1,7.958607314841775,1
HXEVSMSRSONRKR-SFHVURJKSA-N,1,7.958392068922001,2
JBANDCXQHHODFB-LFHWKTFOSA-N,1,7.9561092910952285,2
OFXGPUCSXYQAEH-NRFANRHFSA-N,1,7.954677021213342,1
ZQYIOYYNSJMENO-MGQAZMLPSA-N,1,7.950851231752651,2
MDFSJQWVOCQTLX-UHFFFAOYSA-N,1,7.94692155651658,1
FUTUUAUFFGJELS-BYUVYSIJSA-N,1,7.920818753952375,1
XNVWNVRFENUWFF-QZQBIAJISA-N,1,7.920818753952375,1
NTIPCTPRHXCHTR-UHFFFAOYSA-N,1,7.920818753952375,1
OIPUCUYEXWXJEQ-UHFFFAOYSA-N,1,7.920818753952375,1
CBPSLOOFWLIHIO-UHFFFAOYSA-N,1,7.920818753952375,1
FXCOGDWCXOXCRA-UHFFFAOYSA-N,1,7.920818753952375,1
WQZUOBIIPDZRJP-WUFINQPMSA-N,1,7.920818753952375,5
SSGVUCUCQKFTFZ-RRPNLBNLSA-N,1,7.920818753952375,1
PEIMIJSROKINQZ-UHFFFAOYSA-N,1,7.920818753952375,1
XQCZPAUCNTZZCI-UHFFFAOYSA-N,1,7.920818753952375,1
XPWWPOWERDNVHK-YADHBBJMSA-N,1,7.920818753952375,1
MYMSTILLVFBSHU-UHFFFAOYSA-N,1,7.920818753952375,1
XBRNPBHKYYHMKE-UHFFFAOYSA-N,1,7.920818753952375,1
QBVKHKPSAMYONA-JNSHEXFGSA-N,1,7.913640169325252,1
CWXSJSDJJDAMBU-UHFFFAOYSA-N,1,7.899974269892137,2
PYALTOQQRPEMLM-IBGZPJMESA-N,1,7.899974269892137,1
LISBQSVNZGTROM-UHFFFAOYSA-N,1,7.899974269892137,1
LOQZSBGQNIRLDR-RDKKHIPBSA-N,1,7.899974269892137,1
IPWMVUCHZLFYDN-UHFFFAOYSA-N,1,7.899629454882437,1
SNRPTOFWJUUQPQ-UHFFFAOYSA-N,1,7.896196279044043,1
KUZZNTGRAPLLRA-PKHCJMHPSA-N,1,7.890084136976206,1
WHUCKFJJQPWATM-NRFANRHFSA-N,1,7.890029429817073,2
OIUDTQFPVHQGHZ-FIBWVYCGSA-N,1,7.886056647693163,1
DKPSOKZCQJXNEF-UHFFFAOYSA-N,1,7.886056647693163,1
WQYYTVLHSUMYKN-UHFFFAOYSA-N,1,7.886056647693163,1
UYZIPLMTFSGKAJ-OAHLLOKOSA-N,1,7.886056647693163,2
YOMYRRDBIFKPJV-VWLOTQADSA-N,1,7.886056647693163,1
QWWRETCIYVIZSF-DPVFXHEMSA-N,1,7.886056647693163,1
KPOSFDMDKKTTBT-SMTCOIIISA-N,1,7.886056647693163,1
BCZOCLLNEUBFJV-CMXZEOLJSA-N,1,7.886056647693163,1
LFGRTEFPFZAVNT-TXILKVRRSA-N,1,7.886056647693163,1
LCUWMEPHTNUQOY-UHFFFAOYSA-N,1,7.886056647693163,1
ASXZZPJDUJGTRI-JSKGAOECSA-N,1,7.886056647693163,1
AUQCRJDJIAOZCU-WUGRJRDASA-N,1,7.886056647693163,1
SKQAXGRTJKBKTG-GOSISDBHSA-N,1,7.886056647693163,1
AIQHFECKTSSXEZ-MHZLTWQESA-N,1,7.886056647693163,1
ZMPABVVPVGDMMD-WUFINQPMSA-N,1,7.886056647693163,1
ZBRLFBGHMZDCPP-HSZRJFAPSA-N,1,7.886056647693163,1
AIAQAZVHKNKTDU-MRNBDVKYSA-N,1,7.886056647693163,1
MSMBJZMONMUMMG-MLYMZAKTSA-N,1,7.886056647693163,1
ZLRYQPMGPKDVDS-PKTZIBPZSA-N,1,7.886056647693163,1
XJMWWALONVOUBI-LHEWISCISA-N,1,7.886056647693163,1
SPLKTVKAAPXPPZ-UHFFFAOYSA-N,1,7.886056647693163,1
JREBGRHWCUPUKA-DSPMFFIESA-N,1,,0
PKOMOAICWKDSFD-UHFFFAOYSA-N,1,7.876148359032914,1
UYZIPLMTFSGKAJ-UHFFFAOYSA-N,1,7.8696662315049934,1
NXSLKADJJIQRKU-LJQANCHMSA-N,1,7.863279432843593,1
XRKJXJABWKMSDY-CONSDPRKSA-N,1,7.863279432843593,1
LVFJZDFXJABCGT-ZEQGLLOKSA-N,1,7.861769097913378,2
GNEJSXZGFJSOEX-OALUTQOASA-N,1,7.853871964321762,2
ZVBLMUFWEBYUFD-LJAQVGFWSA-N,1,7.853871964321762,1
YTPUEPLAPSDSRR-UHFFFAOYSA-N,1,7.853871964321762,1
ONJQALZQTBFYIT-NVAZTIMOSA-N,1,7.853871964321762,2
MQKHVKMWIBXXJD-UHFFFAOYSA-N,1,7.853871964321762,1
UEXAKWLHQITACD-UHFFFAOYSA-N,1,7.853871964321762,1
KYAGVGRXHALGSE-VWLOTQADSA-N,1,7.853871964321762,1
WFZIEDGDQLUGRH-YTRKXGHFSA-N,1,7.853871964321762,1
SDIARYHLHLQDHS-AETRBLLXSA-N,1,7.853871964321762,1
WCYNXQRFYZBERD-JVFAEYSFSA-N,1,7.853871964321762,1
VEAVAWWBYHVPDB-UHFFFAOYSA-N,1,7.853871964321762,1
LEKNVQXTSOHTEK-AJQTZOPKSA-N,1,7.853871964321762,1
FJKPUNUCNIPOHX-WUFINQPMSA-N,1,7.853871964321762,1
BIAFEJMLZNVRCH-JFXHSDHMSA-N,1,7.853871964321762,1
AIAQAZVHKNKTDU-PDQPOBEUSA-N,1,7.853871964321762,1
ZCXLYGVZLHNYBD-OJZPPULMSA-N,1,7.853871964321762,1
VXHMITAKWYIILS-FDXPNMITSA-N,1,7.853871964321762,1
KDPPKHYNYFGRQU-UHFFFAOYSA-N,1,7.853871964321762,1
CCIMZLOHGVNGLX-UHFFFAOYSA-N,1,7.853871964321762,1
HSPRYBQFUPQTHV-UHFFFAOYSA-N,1,7.853871964321762,1
NHUPTTPACBOYNX-WQUIFZNHSA-N,1,7.849485002168009,2
DKFVQZBJYIGRJV-XXFYTOHFSA-N,1,7.823908740944319,1
GNOYESNOUWJQOE-UHFFFAOYSA-N,1,7.823908740944319,1
HOLYVOXJFVZCRT-XIFFEERXSA-N,1,7.823908740944319,1
QKCSLNKBSSSWLN-CXTIUDGFSA-N,1,7.823908740944319,1
ZVNSPAYDPDXAER-JSKGAOECSA-N,1,7.823908740944319,1
KMGAJUYDQHGRHG-UHFFFAOYSA-N,1,7.823908740944319,1
MGGLLSWGBUFIRZ-UHFFFAOYSA-N,1,7.823908740944319,1
HZEOYQIWCRCGNG-UHFFFAOYSA-N,1,7.823908740944319,1
IGSOVECSOZYGEW-QGZVFWFLSA-N,1,7.823908740944319,1
ZVMIYSOFMRKXOK-IZZNHLLZSA-N,1,7.823908740944319,1
PCFFNCMKFYVCBU-RREIPUBJSA-N,1,7.823908740944319,1
KSPUFTHRXQCPKQ-UHFFFAOYSA-N,1,7.823908740944319,1
LRRZHSQFXGWYEI-WUFINQPMSA-N,1,7.8198741248359465,1
KHANBRBFKNNRSS-UHFFFAOYSA-N,1,7.79997073344623,1
QHCSPVHPMRFOBY-UHFFFAOYSA-N,1,7.79997073344623,1
ZOXBUIMAXBOWFJ-UHFFFAOYSA-N,1,7.79997073344623,1
IHOJMXXFLZHXRR-UHFFFAOYSA-N,1,7.79997073344623,1
OJSVVPWTTKYYQY-UHFFFAOYSA-N,1,7.79997073344623,1
DDPVLRKXRZEBCR-AFJIDDCJSA-N,1,7.79997073344623,1
WTLKXSOKBFOIRJ-UHFFFAOYSA-N,1,7.79997073344623,1
OPIVNHLWYYGXFZ-UHFFFAOYSA-N,1,7.79997073344623,1
VMAVXXLBJKICJP-QFIPXVFZSA-N,1,7.79997073344623,1
YYCLLQXDASNBOC-QTQRRKOQSA-N,1,7.79997073344623,1
NJRDJJXQKVSGAM-QTQRRKOQSA-N,1,7.79997073344623,1
MQBYITUBYNOORJ-NKWVPACGSA-N,1,7.795880017344075,1
APNBVGOWKCRABK-UHFFFAOYSA-N,1,7.795880017344075,1
ATMHFQDWDFHUDF-CXNSYNGHSA-N,1,7.795880017344075,1
GPUOQABHPXXQED-VMPREFPWSA-N,1,7.795880017344075,1
CZJRZIRZQQMHKI-UHFFFAOYSA-N,1,7.795880017344075,1
GMYQERSHEPCLFH-UHFFFAOYSA-N,1,7.795880017344075,1
DLNVCYVSPSXJST-CMXZEOLJSA-N,1,7.795880017344075,1
SYJCRSZNLUABHV-XOKHWMEBSA-N,1,7.795880017344075,1
DYCYWYIKRZKFIW-GOSISDBHSA-N,1,7.795880017344075,1
CBVMBZMUENWLBJ-JFXHSDHMSA-N,1,7.795880017344075,1
PSFFYUGEAZLKJI-HKBOAZHASA-N,1,7.795880017344075,1
BNDYWUDBYSQRPQ-UHFFFAOYSA-N,1,7.795880017344075,1
GDUGRYUTQQIHKS-FQEVSTJZSA-N,1,7.795880017344075,1
WPKQETANFXEHPK-UHFFFAOYSA-N,1,7.795880017344075,1
SIRLPVNKNQJFET-UHFFFAOYSA-N,1,7.795880017344075,1
MIXWJGSHUABFQY-INIZCTEOSA-N,1,7.782516055786093,1
DOCORIWGLZNMHN-VMPREFPWSA-N,1,7.778587720406181,2
DHIJPAQVKMWGRO-VMPREFPWSA-N,1,7.777283528852417,1
ZGXRWINYWXGYPW-UHFFFAOYSA-N,1,7.769551078621726,1
SQRIUKXVALYAKA-UHFFFAOYSA-N,1,7.769551078621726,1
OBCMJQIOJSEAIS-NDEPHWFRSA-N,1,7.769551078621726,1
IDVQINSMOIOUOV-QNGWXLTQSA-N,1,7.769551078621726,1
ZAHSPZMKTYGOPD-LYQDPQKGSA-N,1,7.769551078621726,1
YIDMPNWQSCDBNR-MHIAAIFOSA-N,1,7.769551078621726,1
JPPUNFKZEZFACO-UHFFFAOYSA-N,1,7.769551078621726,1
HXKCARPNNJLDND-UHFFFAOYSA-N,1,7.769551078621726,1
QKDREOIGKWPZQZ-RRYCAANRSA-N,1,7.769551078621726,1
QPXROMJDFPQBAT-IZZNHLLZSA-N,1,7.769551078621726,1
YQQCWFCVOVWFCG-UHFFFAOYSA-N,1,7.769551078621726,1
QQQXQOGGUJPCGH-CONSDPRKSA-N,1,7.767003889607846,1
FUGAUMFXDDXKOJ-GOSISDBHSA-N,1,7.7447274948966935,1
MTGCTWAUNJMIJB-JFXHSDHMSA-N,1,7.7447274948966935,1
HHESVMJOGBBVKM-BJSJXSMNSA-N,1,7.7447274948966935,1
PEIMIJSROKINQZ-MHZLTWQESA-N,1,7.7447274948966935,1
ZJTHSBJZWIWYJM-UHFFFAOYSA-N,1,7.7447274948966935,1
BHCJHYIMNHXLOM-HUHHHVMHSA-N,1,7.739928612014925,1
DPCYTDUQJLVHDB-SMSORMJASA-N,1,7.739928612014925,1
ZUFZYEYFSDXYRJ-KYJUHHDHSA-N,1,7.739928612014925,1
MINXROHIKJGKPW-IBGZPJMESA-N,1,7.739928612014925,1
WZBZBOIJEFYIAT-SVBPBHIXSA-N,1,7.732828271596986,1
OFVLRXHTQBIQPR-UHFFFAOYSA-N,1,7.721246399047171,1
VLDIKRWPOVDEKL-UHFFFAOYSA-N,1,7.721246399047171,1
KEIDAWJRPFNTCH-HOGWAELTSA-N,1,7.721246399047171,1
RAVSIXKQUPRXPP-UHFFFAOYSA-N,1,7.721246399047171,1
MAWOCXJZISUBGV-UHFFFAOYSA-N,1,7.721246399047171,1
VMLKGGWQGPHFTK-VQTJNVASSA-N,1,7.721246399047171,1
PGMFRRGJAYYKKA-MFMCTBQISA-N,1,7.721246399047171,1
DHQPHHROSYZCMG-JFXHSDHMSA-N,1,7.721246399047171,1
OGWFIIQUFKCEMC-OALUTQOASA-N,1,7.721246399047171,1
OUKLJABZQLTYKG-WTYVLRPYSA-N,1,7.720105019988361,1
BQLJONXRHVAQGB-KCWXNJEJSA-N,1,7.720105019988361,1
JCQSGNUMUCYWTO-UHFFFAOYSA-N,1,7.710651749512202,2
IUUBIFKGJJLFPL-UHFFFAOYSA-N,1,7.700057099977233,1
LNSYPULCLCVDRK-HMILPKGGSA-N,1,7.700057099977233,1
AALWUTFIDZBLOW-UHFFFAOYSA-N,1,7.700057099977233,1
LZXBYKPOUJYPFP-MGBGTMOVSA-N,1,7.700057099977233,1
JCWDFVQRQXWEJE-ANHUGMMASA-N,1,7.700057099977233,1
XMPTXHOOQJHYLU-WECIHKQLSA-N,1,7.700057099977233,1
MXMABCVCSRDSMR-BPGUCPLFSA-N,1,7.699970640755865,2
QRXVHHGJYZCNHF-NSOVKSMOSA-N,1,7.699513552156626,2
PLFQYVHLSBEAJT-HOFKKMOUSA-N,1,7.698970004336019,1
ORMFBQJKAWHTKC-FFEXHNSESA-N,1,7.698970004336019,1
HHWCTCWUXQCOHR-RIOIIYTLSA-N,1,7.698970004336019,1
IMZAFOWPUFTKBQ-UHFFFAOYSA-N,1,7.698970004336019,1
DHCGJBWTTJFZGE-MRXNPFEDSA-N,1,7.698970004336019,1
IZLWIMJQGROQDC-OJZPPULMSA-N,1,7.698970004336019,1
RUTVZVYLDRQCPL-MLYMZAKTSA-N,1,7.698970004336019,1
VHRZZRMHNFWXJO-FEMONOMJSA-N,1,7.698970004336019,1
NETAHTLVEZSOCN-LEWJYISDSA-N,1,7.698970004336019,1
HOJXDVPSQSRWNU-SFHVURJKSA-N,1,7.698970004336019,1
LAUJLFDPPWBXRV-SFTDATJTSA-N,1,7.698970004336019,1
FXBKCVLPAPTQEU-JSKGAOECSA-N,1,7.698970004336019,1
GYCNKTJLOQCTEA-UHFFFAOYSA-N,1,7.698970004336019,1
PRSWAFRRJSUDEX-UHFFFAOYSA-N,1,7.698970004336019,1
IMZAFOWPUFTKBQ-NSOVKSMOSA-N,1,7.678921132642886,2
NOGCECXKCJDXDN-ACHIHNKUSA-N,1,7.6777807052660805,1
ADILVWNDEWPECX-UHFFFAOYSA-N,1,7.6777807052660805,1
BFUFVSBGSHVEOT-URLMMPGGSA-N,1,7.6777807052660805,1
VOHODNOZJSLCHG-UHFFFAOYSA-N,1,7.6777807052660805,1
WMFBGXXJQTWHFB-CZAZUPBQSA-N,1,7.660932093533482,2
CEDFHOSQBBFKHX-UHFFFAOYSA-N,1,7.6595558851598815,1
IDKSGROGHXKFIS-BJKOFHAPSA-N,1,7.659379381312206,2
BKFSYSKVGGJRTB-VWLOTQADSA-N,1,7.657577319177793,3
MREQKXYHVPWIQW-NLPFKWBYSA-N,1,7.657577319177793,1
ZWWUXEYLYPLWLP-UHFFFAOYSA-N,1,7.657577319177793,1
RJJQCAFISBUDKV-XOKHWMEBSA-N,1,7.657577319177793,1
VBIHHPIKJFMKCV-UHFFFAOYSA-N,1,7.657577319177793,1
IGNGDXXVFAEFPS-UHFFFAOYSA-N,1,7.657577319177793,1
FCDRFVCGMLUYPG-QZTJIDSGSA-N,1,7.654901959985743,2
FRZCICPXHBIJRI-JDHRKGKBSA-N,1,7.651695136951839,1
SIGVSCHWYKBBFX-KCWXNJEJSA-N,1,7.649945906420969,1
GFELCGJBQGNHBL-UHFFFAOYSA-N,1,7.642065152999546,1
IGJOBCGNZPJBJN-UHFFFAOYSA-N,1,7.638272163982407,3
RSRKUMMFMMRVHW-UHFFFAOYSA-N,1,7.638272163982407,1
PTFLMXJIYPRIQM-NDEPHWFRSA-N,1,7.638272163982407,1
SQGSMVRFSUZJTG-UBPNEBOYSA-N,1,7.638272163982407,1
HTTWDWQIOXEYEH-MLYMZAKTSA-N,1,7.638272163982407,1
VUMATGNDCCCSSB-UHFFFAOYSA-N,1,7.638272163982407,1
HHZOEEMDINZDEC-UHFFFAOYSA-N,1,7.638272163982407,1
XIKNVPWEBHTZJN-MRXNPFEDSA-N,1,7.638272163982407,1
WERILZBFRFDDLU-MHZLTWQESA-N,1,7.638272163982407,1
CPXJDCBDUXOLGC-SJMRASGKSA-N,1,7.638272163982407,3
UVOAJCZYUXEUOW-XOKHWMEBSA-N,1,7.638272163982407,1
JPUMLQVRNXWYSA-UHFFFAOYSA-N,1,7.621301985603488,2
JRQLUGQQZPCLHN-JFXHSDHMSA-N,1,7.619788758288394,1
OAHIKBKHNJMARY-UHFFFAOYSA-N,1,7.619788758288394,1
HYHOBIXFGWNRJI-NDPVAKIZSA-N,1,7.619788758288394,1
XPMCEHNEOJVUFF-KEIOHQPYSA-N,1,7.619788758288394,1
DBLIVDPSCFDYOT-BJSJXSMNSA-N,1,7.619788758288394,1
RDQXAZMERWVFCE-IZZNHLLZSA-N,1,7.619788758288394,1
GEEALAPMSFLPLQ-UHFFFAOYSA-N,1,7.619788758288394,1
ARGUIKFIPCGABR-HOGWAELTSA-N,1,7.619788758288394,1
PXOYMRRBWTYUBA-BMZRIGGGSA-N,1,7.619788758288394,1
TWDSSLGDUOHXCF-MHZLTWQESA-N,1,7.619788758288394,1
ONGMKBCDJFQFJA-YADHBBJMSA-N,1,7.619788758288394,1
WJOYZEVGCNVFIP-MDASCCDHSA-N,1,,0
ORMFBQJKAWHTKC-VPSBLXEASA-N,1,7.6020599913279625,3
ORMFBQJKAWHTKC-MLYMZAKTSA-N,1,7.6020599913279625,4
MUQJKGMXKAWCJF-HKBQPEDESA-N,1,7.6020599913279625,1
FGXTUVAHIAUNGQ-BJSJXSMNSA-N,1,7.6020599913279625,1
IFPPRPWFEFODEU-UHFFFAOYSA-N,1,7.6020599913279625,1
ILEJUPVCFWLSHB-ROUUACIJSA-N,1,7.6020599913279625,1
UFUOAMPDHLOAIL-BJSJXSMNSA-N,1,7.6020599913279625,1
KMWRUIFFHQONSY-UHFFFAOYSA-N,1,7.599980364934842,2
GZMWGGMRTQFVDM-UHFFFAOYSA-N,1,7.599980364934842,1
AHZXIVAPVSBKAL-UHFFFAOYSA-N,1,7.599980364934842,1
PNZBIKULWBRCFZ-UHFFFAOYSA-N,1,7.599980364934842,2
PYMMFZHBPNJQOD-IBGZPJMESA-N,1,7.599980364934842,1
JPUMLQVRNXWYSA-KRWDZBQOSA-N,1,7.596063433998334,2
YGJJHXAXGBNADU-IZZNHLLZSA-N,1,7.590066876668706,1
KCAVUUMWZQIOGX-UHFFFAOYSA-N,1,7.588589177348448,2
AYDCRUURSWKYHM-SVBPBHIXSA-N,1,7.586700235918748,1
BLDKHFYYGWJOMF-UHFFFAOYSA-N,1,7.586315363473087,2
JFCGXHNAIMSZNV-OZMGXUMRSA-N,1,7.585026652029182,1
SGMZMUYLZYFEAL-UHFFFAOYSA-N,1,7.585026652029182,1
SVHRYTCAXFKCFS-IZZNHLLZSA-N,1,7.585026652029182,1
PJUMYSWVYWQCOZ-UHFFFAOYSA-N,1,7.585026652029182,1
PURFDWJJUPRHOS-MHZLTWQESA-N,1,7.585026652029182,1
GSQYJDJNLLCNNJ-SVBPBHIXSA-N,1,7.570247719997592,1
XHMYFSCRFMFUSG-HMILPKGGSA-N,1,7.5699249444480605,1
DEPBKCRKZGIDPN-KHKVHWIZSA-N,1,7.568636235841012,2
OVTQARHNDMVPMZ-UHFFFAOYSA-N,1,7.568636235841012,1
NVECYGFDAQIJIV-WUFINQPMSA-N,1,7.568636235841012,1
PESZUJHLDOLVBB-UHFFFAOYSA-N,1,7.568636235841012,1
LNHCUADMJKYAEC-SVBPBHIXSA-N,1,7.565431095965801,1
KPWGWOUZQUTRKD-UHFFFAOYSA-N,1,7.562249437179612,1
HRPYLLLWDCANGS-UVNMLMKLSA-N,1,7.552841968657781,1
NMVYIQDSADIRCD-RWFBHVPDSA-N,1,7.552841968657781,1
DLHLGXBLKOJKKI-UHFFFAOYSA-N,1,7.552841968657781,1
SJKYOVFCBLAVEU-NDPVAKIZSA-N,1,7.552841968657781,1
CZPWZLLKNSCBBA-UHFFFAOYSA-N,1,7.552841968657781,1
PYXASHMZLWIZKY-VBHBFSRDSA-N,1,7.552841968657781,1
SJKYOVFCBLAVEU-UIAACRFSSA-N,1,,0
SVHVLAGNGAWUQU-SVBPBHIXSA-N,1,7.540004743952609,5
GHIDKVHNTGDVEL-XDBZFTIUSA-N,1,7.540004743952609,1
BINXDUAGTLDZSD-IOWSJCHKSA-N,1,7.537602002101044,1
KKAOSLVZYZWJBY-ONEGZZNKSA-N,1,7.537602002101044,1
BEZICALLUMKYOA-UHFFFAOYSA-N,1,7.537602002101044,1
APJYAVYSAZEVQB-UHFFFAOYSA-N,1,7.537602002101044,1
DXCJHMJLWTYOCC-WEZIJMHWSA-N,1,7.531652669587842,1
QEKNOTIEZRQEFJ-SVBPBHIXSA-N,1,7.527243550682788,1
IPBIPGMDYKXPNL-SVBPBHIXSA-N,1,7.52432881167557,1
RVQWQAUTXDWGGP-UHFFFAOYSA-N,1,7.522878745280337,1
NYSHXYQZVIXQLS-UHFFFAOYSA-N,1,7.522878745280337,1
UOKDYNBXNQDFQD-UHFFFAOYSA-N,1,7.522878745280337,1
MGGPIJOHTZSPND-UGNHXKFCSA-N,1,7.522878745280337,1
DAPDEQPNIOMAKI-IBGZPJMESA-N,1,7.522878745280337,1
KDLUBXVKFJCDHI-NRXDVHJQSA-N,1,7.522878745280337,1
UWXIKPYBYHAWLS-UHFFFAOYSA-N,1,7.522878745280337,1
SVJLECBANPOFKI-QCFMCPCVSA-N,1,7.522878745280337,1
FTFGWRNMMHQZBL-UHFFFAOYSA-N,1,7.51999305704285,1
KDLUBXVKFJCDHI-JWZRJXMASA-N,1,7.51999305704285,1
XVXLZWKAPZUIGE-UHFFFAOYSA-N,1,7.510041520575165,1
NUMJKLJZURQQJJ-UHFFFAOYSA-N,1,7.508638306165727,1
MTESWQRTXYKYRE-UHFFFAOYSA-N,1,7.508638306165727,1
GMYFUYINKONEKD-UHFFFAOYSA-N,1,7.508638306165727,1
IPQSEKMUUNQIQD-UHFFFAOYSA-N,1,7.508638306165727,1
HRNKBAZAWCPGGM-UHFFFAOYSA-N,1,7.508638306165727,1
ISKBUGHVJHBDHX-LHEWISCISA-N,1,7.508638306165727,1
OGWFIIQUFKCEMC-MOPGFXCFSA-N,1,7.508638306165727,1
NZUGQDNKOUVIOO-UHFFFAOYSA-N,1,7.50003813440381,1
PPOUETANRCKMLN-UHFFFAOYSA-N,1,7.50003813440381,1
WCRJVNAJGCBJAA-UHFFFAOYSA-N,1,7.50003813440381,1
IFJMTNVCZPSLCI-UHFFFAOYSA-N,1,7.50003813440381,1
GXKBHFYZTAQYCX-ANHUGMMASA-N,1,7.50003813440381,1
IQGQQMKTQGVWKG-IBGZPJMESA-N,1,7.497444078041951,2
RRWILHKRMKBVID-UHFFFAOYSA-N,1,7.494850021680094,1
QMQONIJKFSQSNN-ZWXJPIIXSA-N,1,7.494850021680094,1
JSYXGDWNKVWMQZ-JSLDZMDGSA-N,1,7.494850021680094,1
VWIZWUYPLTWPCC-VSMKPTLZSA-N,1,7.494850021680094,1
QZMOFNPUSZXVHM-UHFFFAOYSA-N,1,7.494850021680094,1
SBIVMYBYKVLWQU-UHFFFAOYSA-N,1,7.494850021680094,1
PRUNAWUFIXUODD-UHFFFAOYSA-N,1,7.494850021680094,1
VOZXLKNXICFBTP-UHFFFAOYSA-N,1,7.494850021680094,1
BKZACLJXDQEZGG-QFIPXVFZSA-N,1,7.494850021680094,1
CZANCSDTAQEYEH-YRQCDHHQSA-N,1,7.485452247339714,1
PUZLVFWWIPCNFL-IGKIAQTJSA-N,1,7.481486060122112,1
ORMFBQJKAWHTKC-TUAVJWHBSA-N,1,7.481486060122112,1
HBEGTMOMACFCHB-UHFFFAOYSA-N,1,7.481486060122112,1
IQNVLMRVUGAEBD-HIXSDJFHSA-N,1,7.481486060122112,1
GADWPSQEDQHSLH-AWQADKOQSA-N,1,7.481486060122112,1
RSTWJTPPTSOYKZ-JSLDZMDGSA-N,1,7.481486060122112,1
IUIUBUZQXJCBDQ-UHFFFAOYSA-N,1,7.481486060122112,1
RRRWOVLMDWKHLB-UHFFFAOYSA-N,1,7.481486060122112,1
ABUAYXONELMOKH-HMILPKGGSA-N,1,7.4800408192479315,1
JRQLUGQQZPCLHN-VDMDNSBISA-N,1,7.468521082957745,1
SHLVDRLISHVGSO-ZSQFBXSQSA-N,1,7.468521082957745,1
ZDEIAFJLFFATFK-AREMUKBSSA-N,1,7.468521082957745,1
QSCPQKRZZYXKEC-UHFFFAOYSA-N,1,7.468521082957745,1
PKPZVRMFRWAKJD-UHFFFAOYSA-N,1,7.468521082957745,1
QNNXSANSVSPCPH-MHZLTWQESA-N,1,7.468521082957745,1
BMSXMNNYSLYMQG-UHFFFAOYSA-N,1,7.468521082957745,1
MVKSYUFMIAFXLU-UHFFFAOYSA-N,1,7.468521082957745,1
YQRDYMFXKSXYNJ-UTARDKEYSA-N,1,7.464705879957229,1
STAJLHIUAJDIGV-HMILPKGGSA-N,1,7.460046158343603,1
SPYQPOOICBVIJX-AYVIFYHYSA-N,1,7.455931955649724,1
KIZBDFRCUJNMND-LJAQVGFWSA-N,1,7.455931955649724,1
KNVYPKQUKBUAAW-PMACEKPBSA-N,1,7.455931955649724,1
MSVRFNSSYWFYIU-XFQWPLCWSA-N,1,,0
GETCFTYJLDUJTR-UHFFFAOYSA-N,1,7.443697499232712,1
GVFWBCYSHWYPGP-AETRBLLXSA-N,1,7.443697499232712,1
LFPXAUUEPXMIAW-CONSDPRKSA-N,1,7.443697499232712,1
PMZARHVVWDLWAC-MULCNKJOSA-N,1,7.443697499232712,1
GOEKTEPHELFSRR-MHZLTWQESA-N,1,7.443697499232712,1
FQHVTKMBKJGDDK-UHFFFAOYSA-N,1,7.443697499232712,1
XTBGOODXUVJDEK-IUFSZXBYSA-N,1,7.434264452686824,2
UNKSVANIANTVBC-UHFFFAOYSA-N,1,7.431798275933005,1
ZTQWBNHZWSYFKN-UHFFFAOYSA-N,1,7.431798275933005,1
IFRYCZCTTATFOV-UHFFFAOYSA-N,1,7.431798275933005,1
RKMNJDJHIUANMC-UHFFFAOYSA-N,1,7.431798275933005,1
IEYWODZRHHRXAA-GOTSBHOMSA-N,1,7.421852660824307,2
WRYRNQFZXCNLIL-WUYDLZCKSA-N,1,7.42021640338319,1
RAFDWIXSTUFXQE-UHFFFAOYSA-N,1,7.42021640338319,1
OFLFUJXENIVSMT-OJZPPULMSA-N,1,7.42021640338319,1
POOFXMHSHQTGID-NSOVKSMOSA-N,1,7.42021640338319,1
PNFHNRJQQVSHOG-AETRBLLXSA-N,1,7.42021640338319,1
PHJAHENRIQLDKM-UHFFFAOYSA-N,1,7.42021640338319,1
USYVFVQJENXQQZ-UHFFFAOYSA-N,1,7.42021640338319,1
VWBOQFANCXZMAU-LOSJGSFVSA-N,1,7.416341332625912,2
BLMXPQBNRUSVOP-UHFFFAOYSA-N,1,7.410050398674292,1
KUZSVFNKNBWCDR-QCWLJUHMSA-N,1,7.4089353929735005,1
HHVMTHPROAGMTO-OJZPPULMSA-N,1,7.4089353929735005,1
QECBUZHWFDACDA-FGZHOGPDSA-N,1,7.4089353929735005,1
PDGGHHMVDHHHGY-JSKGAOECSA-N,1,7.4089353929735005,1
KIMCCCOLDQMMTA-UHFFFAOYSA-N,1,7.4089353929735005,1
KYBTWYULZRXBGL-UHFFFAOYSA-N,1,7.400007822415902,1
WLAPOEJOAMUPEB-SFTDATJTSA-N,1,7.400007822415902,1
PKAFUPCGJKCHLU-UHFFFAOYSA-N,1,7.400007822415902,1
KFUYJHQXQLVYOZ-UHFFFAOYSA-N,1,7.400007822415902,1
FNRNSHYJPSMLNY-RRTCDKLQSA-N,1,7.400007822415902,1
QDZKMVDHAKNAHI-UHFFFAOYSA-N,1,7.3979400086720375,1
MLFSLAIOJHSNOR-DSITVLBTSA-N,1,7.3979400086720375,1
YPROEHWVHUDTQP-XIFFEERXSA-N,1,7.3872161432802645,2
AMKINZCRNCDIPJ-UHFFFAOYSA-N,1,7.3872161432802645,1
FLNYLINBEZROPL-WUFINQPMSA-N,1,8.43435110170119,2
HGPMXNZOBKZRFR-XIKOKIGWSA-N,1,7.3872161432802645,1
CNDCKVKAMQTYNU-UHFFFAOYSA-N,1,7.3872161432802645,1
LFFPDSZQTVWQEP-ICSRJNTNSA-N,1,7.383269683418158,2
RKASKHITIDVOID-UHFFFAOYSA-N,1,7.376750709602099,1
AKWFEANKAWGNIH-CDZUIXILSA-N,1,7.376750709602099,1
POAWUKKCNDHCML-OJZPPULMSA-N,1,7.376750709602099,1
PEIMIJSROKINQZ-HHHXNRCGSA-N,1,7.376750709602099,1
AEZMPDNQDQJWHG-XDBZFTIUSA-N,1,7.36997914888659,1
XEQQNCSLMZZLIP-UHFFFAOYSA-N,1,7.366531544420413,1
LURXNRSWKKLLDE-SVBPBHIXSA-N,1,7.36468386974374,2
DOJFCZWBCZBTPF-BJSJXSMNSA-N,1,7.356547323513812,1
WSHWSZCIPVWMBU-UHFFFAOYSA-N,1,7.346787486224656,1
CRRMOVLQVMJXLE-UHFFFAOYSA-N,1,7.346787486224656,1
FIYPEZLIXJZQOT-NLWGTHIKSA-N,1,7.346787486224656,1
IWZSETOJTMHNIP-UHFFFAOYSA-N,1,7.346787486224656,1
KNSNLGZARQKZRO-UHFFFAOYSA-N,1,7.346787486224656,1
JADGYJSQQQKTON-UHFFFAOYSA-N,1,7.339988778710669,1
UISKGTZVONGFBF-URLMMPGGSA-N,1,7.33889035263304,2
HRUXUGMUUKKNBF-UHFFFAOYSA-N,1,7.337242168318426,1
ZDFSASRKTAOVIG-UHFFFAOYSA-N,1,7.337242168318426,1
LULMWWPQEGUMMS-UHFFFAOYSA-N,1,7.327902142064282,1
QZJRHSQLPCOJGA-OJZPPULMSA-N,1,7.327902142064282,1
UCENIIHYFVGIKL-UHFFFAOYSA-N,1,7.318758762624412,1
XGWVIOHVJIXJHZ-UHFFFAOYSA-N,1,7.318758762624412,1
WSYQSMJFBSIBRN-LJAQVGFWSA-N,1,7.318758762624412,1
GETCFTYJLDUJTR-VMPREFPWSA-N,1,7.318758762624412,1
BQCKRPSACBCWTC-KYJUHHDHSA-N,1,7.318758762624412,1
YSVJULQFSACURE-UHFFFAOYSA-N,1,7.318758762624412,1
YCMAOHLEJMWCLX-UHFFFAOYSA-N,1,7.31695296176115,1
ZIPCEDGJLAIAFO-OAHLLOKOSA-N,1,7.309803919971486,1
MCZOVZXJFVJYKL-OJZPPULMSA-N,1,7.309803919971486,1
NXCCTXNXPRCZOH-UHFFFAOYSA-N,1,7.309803919971486,1
VYTFGBLFUQBGTK-JYFHCDHNSA-N,1,7.309803919971486,1
NVEJXLQKXBAKSF-NUGSKGIGSA-N,1,7.309803919971486,1
JDZPZWKVNPKOCW-JSKGAOECSA-N,1,7.301029995663981,1
IEBPGZDVZLOWFP-FEMONOMJSA-N,1,7.301029995663981,1
OPHYHBRVLAQKEG-MHZLTWQESA-N,1,7.301029995663981,1
FSEPNMHZPYCNIX-UHFFFAOYSA-N,1,7.299988937677888,2
FGBCKWDHROIUKV-UHFFFAOYSA-N,1,7.299988937677888,1
NAPRVHFRCLJTHE-JWZGVHCRSA-N,1,7.299988937677888,1
ZAORQCXCRAXLLN-UHFFFAOYSA-N,1,7.299988937677888,1
ZLJIJVTVACSNTN-ZUKKLESISA-N,1,7.299988937677888,1
GDEVLXJNDKIZKC-FRLLZOMISA-N,1,,0
OUNRZOHNBUMFRL-UHFFFAOYSA-N,1,7.292429823902063,1
GVVBQMBHLKJFRI-UHFFFAOYSA-N,1,7.292429823902063,1
MUZDMKDXKSNMIN-UHFFFAOYSA-N,1,7.292429823902063,1
PTIYKSDBVLRZAO-LJAQVGFWSA-N,1,7.2839966563652006,1
HGLYAHAZJGCWKJ-UHFFFAOYSA-N,1,7.2839966563652006,1
MQXUGPXFUUIGLD-WUFINQPMSA-N,1,7.2839966563652006,1
LOFLTQOJPAOUCM-UHFFFAOYSA-N,1,7.2839966563652006,1
YYRRLEKGQAPWHL-UHFFFAOYSA-N,1,7.2839966563652006,1
FWWHAAGOCFCRFY-SVBPBHIXSA-N,1,7.275724130399211,3
OAHGORGEEUCBAK-ZONNCAFXSA-N,1,7.275724130399211,1
YRZRPGJWDWZLMN-JVFAEYSFSA-N,1,7.275724130399211,1
GVBGRESFEXAWSN-UHFFFAOYSA-N,1,7.275724130399211,1
QCVSZRBCNKHMIP-UHFFFAOYSA-N,1,7.275724130399211,1
IYFACCQJUYZHHO-UHFFFAOYSA-N,1,7.267606240177031,1
MWWOEKASVSVWFT-IZZNHLLZSA-N,1,7.267606240177031,1
JUCCJJMYIFPLSB-UHFFFAOYSA-N,1,7.267606240177031,1
LDXQLWNPGRANTO-SFHVURJKSA-N,1,7.267011315857088,2
BCBZQRGPPQVWGF-QGZVFWFLSA-N,1,7.259637310505756,2
QJMOSYCFKFRZPQ-UHFFFAOYSA-N,1,7.259637310505756,1
MZGOTFSCFZHBNK-PMERELPUSA-N,1,7.259637310505756,1
PBPFNJZSYGEZNI-UHFFFAOYSA-N,1,7.259637310505756,1
GNUKWKXSQWUHHO-UHFFFAOYSA-N,1,7.259637310505756,1
XQGMOTVYEJXTQB-UHFFFAOYSA-N,1,7.259637310505756,1
JUEVJDUKWZZUKF-UHFFFAOYSA-N,1,7.259637310505756,1
ZBUVNTFBRCCVST-UHFFFAOYSA-N,1,7.259637310505756,1
NWDUBICUVMSIHT-VMPREFPWSA-N,1,7.258408331740993,2
TXDIYPDUXRZWER-UHFFFAOYSA-N,1,7.251811972993799,1
FCBFFODEEMUOND-PMERELPUSA-N,1,7.251811972993799,1
ZGWMZTZKJBLVMI-BOQZUZHWSA-N,1,7.251811972993799,1
RLXURWNYROPUKN-UHFFFAOYSA-N,1,7.251811972993799,1
LZHOBSTWTIKCGR-NDEPHWFRSA-N,1,7.2441251443275085,1
DZUQXMNESQQMDK-UHFFFAOYSA-N,1,7.2441251443275085,3
ILUXOOXAZQEODK-KXEZBXAJSA-N,1,7.2441251443275085,1
WLFOHBUNPJCIHP-UHFFFAOYSA-N,1,7.2441251443275085,1
XXJGPEJPJHNGJF-UHFFFAOYSA-N,1,7.2441251443275085,1
HBDJTAXFKXXUNZ-UHFFFAOYSA-N,1,7.2441251443275085,1
HTQPNCOATOPAJK-ICQJPXRGSA-N,1,7.236572006437063,1
SNDJRJPQSWPPJP-OZMGXUMRSA-N,1,7.236572006437063,1
XSXYCPWLRYRFKU-UHFFFAOYSA-N,1,7.236572006437063,1
FWQSUKMMZDBROS-WUOJXAKJSA-N,1,7.229147988357855,1
MFUVQFBLROCQDR-QRRGNZNSSA-N,1,7.229147988357855,1
UKUYENQXMPMPMC-LUKFIAJXSA-N,1,7.221848749616356,1
WPBLEVHDCVXLCU-LOSJGSFVSA-N,1,7.221848749616356,1
ZEDVVHHQUVTDHF-UHFFFAOYSA-N,1,7.221848749616356,1
JINCVNAITAJQCM-INIZCTEOSA-N,1,7.217527375833714,1
ZGOIUIRYGONMSH-NDEPHWFRSA-N,1,7.214670164989233,1
AHBIGSLRJOQGEQ-UHFFFAOYSA-N,1,7.214670164989233,1
BGMAFASBOCNMKL-JWHWKPFMSA-N,1,7.214670164989233,1
OKIXEUMIQOKHID-UHFFFAOYSA-N,1,7.207608310501746,1
XKXKWEGCLRZXPJ-UHFFFAOYSA-N,1,7.207608310501746,1
BYQRFLXQLXLHND-QHCPKHFHSA-N,1,7.207608310501746,1
AHAWVKZRZJNCMC-RBUKOAKNSA-N,1,7.207608310501746,1
HCGLONGKSUMFIX-WOQJSSNBSA-N,1,7.207608310501746,1
RMWDIPRGXUWYAE-RPBOFIJWSA-N,1,7.207608310501746,1
UUPZBGPDEPZRNL-LBNVMWSVSA-N,1,7.207608310501746,1
SOVVORMDBAETNG-UHFFFAOYSA-N,1,7.200659450546418,1
SBIUVIYDWWXAGW-UHFFFAOYSA-N,1,7.200659450546418,1
GBXFPXFTTZEIGT-MHZLTWQESA-N,1,7.200659450546418,1
JXTKCJKWJDHOHE-SMCANUKXSA-N,1,,0
QUARZWNHDPZJSZ-UHFFFAOYSA-N,1,7.199970640755866,1
IMMRQJKFAMQIFK-UHFFFAOYSA-N,1,7.199970640755866,1
BJJSAUJBYIASCJ-QTQRRKOQSA-N,1,7.199970640755866,1
OXBZNPLKDFFHHC-UHFFFAOYSA-N,1,7.193141970481182,1
PRYCKXQCDGEFFJ-CZSMCTLESA-N,1,7.188886251356134,2
ABXDOBDGLYDVQT-NBGFENBTSA-N,1,7.187086643357144,1
FAEAIUMVNYXDOL-UHFFFAOYSA-N,1,7.18111458540599,1
GQZCKCNQGNTWQE-UHFFFAOYSA-N,1,7.180456064458131,1
LEMUQYVGNWVOOC-RBUKOAKNSA-N,1,7.180456064458131,1
JAMXUJZOSFCSDE-UHFFFAOYSA-N,1,7.180456064458131,1
RPMPXKASBWJZPP-UHFFFAOYSA-N,1,7.1791420105603,1
YIHWPQQGVKFHTC-NRFANRHFSA-N,1,7.173925197299173,4
LALMBRZEIUEEIY-UHFFFAOYSA-N,1,7.173925197299173,1
YIHWPQQGVKFHTC-UHFFFAOYSA-N,1,7.173925197299173,1
BYGULAHTYKAKLG-SQNIBIBYSA-N,1,7.173925197299173,1
VVRNZKKUOWFMOX-NRWPOFLRSA-N,1,7.173925197299173,1
AIGRKPPMDORFBF-IRYDGCRRSA-N,1,7.169989064063882,1
CLGSBTDEYZSYHA-NSOVKSMOSA-N,1,7.1697001976893695,2
WCOQELYASVJLJH-NSOVKSMOSA-N,1,7.169411331314856,1
AIGRKPPMDORFBF-OZPDYWEWSA-N,1,7.167491087293763,1
FNDMCYOVTUKDBA-PMERELPUSA-N,1,7.167491087293763,1
RWCQGMYLKBMGOP-OALUTQOASA-N,1,7.167491087293763,1
SLAOVGOAOZJZKV-UHFFFAOYSA-N,1,7.167491087293763,1
RSLCAMXZLJMHNX-UHFFFAOYSA-N,1,7.167491087293763,1
PTVMHGRZRNZSJJ-SRURARDESA-N,1,7.161150909262744,1
ZKGRNGWUBQYAGP-UHFFFAOYSA-N,1,7.1555228242543185,1
PAHVPEPWQTXJBD-CWTKIQHKSA-N,1,7.154901959985743,1
BTEBCPFVXKEUFE-NNIBMBRCSA-N,1,7.154901959985743,1
HKEDNGJQBGWNSF-QGZVFWFLSA-N,1,7.154901959985743,1
VCWSHBPPIYZVOZ-IHELAITMSA-N,1,7.154901959985743,1
OZJDKUMSRQSURZ-UHFFFAOYSA-N,1,7.149353764816933,1
XZTMOOCLEHYJRB-UHFFFAOYSA-N,1,7.1487416512809245,1
YNHDEHNAJAUKAK-BJKOFHAPSA-N,1,7.142667503568731,1
PYMQWQVPOYGEIM-GOJCVTOHSA-N,1,7.136677139879544,1
VMXIXFZELDQUJS-UHFFFAOYSA-N,1,7.133122185662501,1
ZSOOJAUDBXFRSU-UHFFFAOYSA-N,1,7.130768280269024,1
PURFDWJJUPRHOS-HHHXNRCGSA-N,1,7.130768280269024,1
BYTBSOKVLMSRRF-UHFFFAOYSA-N,1,7.130768280269024,1
IKANDILRQJBOOG-UHFFFAOYSA-N,1,7.130005999878258,1
FCZQNQFTVGLASI-OJZPPULMSA-N,1,7.1249387366083,1
UJJFHEWMBRIBGS-UHFFFAOYSA-N,1,7.1249387366083,1
GWCNPLNSWCRPJU-UHFFFAOYSA-N,1,7.119987161633228,1
UJJFHEWMBRIBGS-OAQYLSRUSA-N,1,7.119987161633228,1
NWNXAOPJFFMSJS-PMERELPUSA-N,1,7.113509274827518,1
HDRZMSGUAKJYEE-UHFFFAOYSA-N,1,7.113509274827518,1
XCGYLXRRLOUNQC-UHFFFAOYSA-N,1,7.113509274827518,1
KBBXXVKUKBWTIG-BDYUSTAISA-N,1,7.110138278741811,1
FUQXMZQIUQTJPV-IAGOWNOFSA-N,1,7.109949404266044,2
RPTJPWCOBZLMMD-WIOPSUGQSA-N,1,7.107905397309519,1
OBQDMMSVYONKRG-SVBPBHIXSA-N,1,7.104577453960593,1
BVFFMEGUHCQFCU-CLOBBXFDSA-N,1,7.102372908709558,1
ZBCUXUXOFUUEKE-UHFFFAOYSA-N,1,7.102372908709558,1
JCJPMSLGXSUYHY-XUZZJYLKSA-N,1,7.102372908709558,1
RAERUCXTDYOQNG-UHFFFAOYSA-N,1,7.100015437450609,1
HGNXVSBHANEPQF-QFIPXVFZSA-N,1,7.100015437450609,1
MVLDBDSDAOAUMM-UHFFFAOYSA-N,1,7.096910013008056,1
MCBFENXHBLXDFW-UHFFFAOYSA-N,1,7.096910013008056,1
JVFWMCDLDRFBQK-UIOOFZCWSA-N,1,7.096910013008056,1
MPBXDRLQKKQOEK-UHFFFAOYSA-N,1,7.096910013008056,1
LQRMREXDSWNGEJ-WIOPSUGQSA-N,1,7.096910013008056,1
HCKQHXNWJMHBJT-NDEPHWFRSA-N,1,7.092051478387727,1
GRYTVECEMJBDQH-OJZPPULMSA-N,1,7.0915149811213505,1
SGSRPJMSWTTYSL-JFXHSDHMSA-N,1,7.0915149811213505,1
HXDFCVUEFGABQU-UHFFFAOYSA-N,1,7.0915149811213505,1
PMBHLZSZNBTXHZ-GDLZYMKVSA-N,1,7.090016305060156,1
CMVXFHWNHDMDCR-UHFFFAOYSA-N,1,7.086186147616283,1
OEIBCTIWBPBZIV-QRRGNZNSSA-N,1,7.086186147616283,1
JJKIBFLSCJUQHC-UHFFFAOYSA-N,1,7.086186147616283,1
CTKCHHDEEFCGOT-OJZPPULMSA-N,1,7.086186147616283,1
RLOWWIPAZLWNRL-MLYMZAKTSA-N,1,7.086186147616283,1
FUQXMZQIUQTJPV-SJORKVTESA-N,1,7.082344999565469,2
IEUUCAURFSXHRZ-UHFFFAOYSA-N,1,7.080921907623926,1
TVOGWRZXEVJDQP-UHFFFAOYSA-N,1,7.075720713938118,1
NAEMOVQWYAJZGQ-XUZZJYLKSA-N,1,7.075720713938118,1
FUQXMZQIUQTJPV-IRXDYDNUSA-N,1,7.073029277059755,2
MZLDFRZRXWQSEX-CWOGUSIISA-N,1,7.070581074285707,1
GZXLERCNTYZOGB-OZIXAUCHSA-N,1,7.070581074285707,1
MYNXKDZGXSJMTD-ICSRJNTNSA-N,1,7.070581074285707,1
YSNJFMSCCAMDGK-UHFFFAOYSA-N,1,7.070581074285707,1
OQKBUEOIKFHGHT-UHFFFAOYSA-N,1,7.0655015487564325,1
ATMHFQDWDFHUDF-BBDDESMNSA-N,1,7.0655015487564325,1
JVHAYPAHYRTCJS-WVQMWBIHSA-N,1,7.06398920428479,1
DQVKBCGJAWOSEV-UHFFFAOYSA-N,1,7.060480747381382,1
HIAXBDRRMRHHSX-FQEVSTJZSA-N,1,7.060480747381382,1
ULQXWFRAVJRTJG-RZZCCWGQSA-N,1,7.060480747381382,1
LMBAHIQQWBYSQP-UHFFFAOYSA-N,1,7.055517327849831,1
YCKGYBKNGJMRLV-UHFFFAOYSA-N,1,7.050609993355087,1
OEVUUUYSUGCHHG-KRWDZBQOSA-N,1,7.050609993355087,1
LEPMWVSFBIGRRP-UHFFFAOYSA-N,1,7.050007718725304,2
DKZNWZVQLFXZER-YRMIJQASSA-N,1,7.049568019342976,2
VWWCVKHTTUEFDI-UHFFFAOYSA-N,1,7.045757490560675,1
IIVSOKLGSZAKGE-UHFFFAOYSA-N,1,7.040958607678906,1
WFWJOZNEVLNHAC-MHZLTWQESA-N,1,7.036212172654444,1
DUJCBRGUNYAAHY-OJZPPULMSA-N,1,7.036212172654444,1
PFTLOBQREFSYPO-IZZNHLLZSA-N,1,7.036212172654444,1
LBBONNCWIYRZAZ-UHFFFAOYSA-N,1,7.031517051446065,1
CWSRCSCGTHQTFM-UHFFFAOYSA-N,1,7.031517051446065,1
YYLWLQSLLOQPBL-UHFFFAOYSA-N,1,7.031517051446065,1
ACHPJPBOPKYSRD-UHFFFAOYSA-N,1,7.031517051446065,1
HGPMXNZOBKZRFR-KPZWWZAWSA-N,1,7.031517051446065,1
SHMJWPYNUXOKLF-KTZMUZOWSA-N,1,7.031517051446065,1
FSZGNLAQHDTJEJ-UHFFFAOYSA-N,1,7.031517051446065,1
WDSJGLRGQYNOEF-MGSBGFIHSA-N,1,7.022276394711152,1
DEBQWXDHKUFHDT-UHFFFAOYSA-N,1,7.017728766960431,1
DZORGIJHDLMMAP-DMFHDPHMSA-N,1,7.017728766960431,1
JOSUEJRRQNCMDZ-UHFFFAOYSA-N,1,7.013228265733755,1
KEABBCJDBHTNKY-UHFFFAOYSA-N,1,7.013228265733755,1
XSUBYFZEWIMHTL-UHFFFAOYSA-N,1,7.013228265733755,1
SCGIBCYMCCJYLO-WENCNXQZSA-N,1,7.010016541698601,1
NHXYSAFTNPANFK-HDMCBQFHSA-N,1,7.009884654304484,2
QTBWRBOKUGQAPL-UHFFFAOYSA-N,1,7.008773924307505,1
QRJPLDUCXKIQHR-MVGXFMOLSA-N,1,7.00436480540245,1
SKFQAUXRVOPVSQ-UHFFFAOYSA-N,1,7.0,2
CWHYCZQXHMPNPS-UHFFFAOYSA-N,1,7.0,1
SCPYGOGAZGCOKB-XVDWRUNBSA-N,1,7.0,1
WAKWRTKDSYUGIM-JJNGWGCYSA-N,1,7.0,1
QROSISYERPCHRH-UHFFFAOYSA-N,1,7.0,1
YVQFPSIMOIWTLC-UHFFFAOYSA-N,1,7.0,1
NZOFVPRTCOQCBG-UHFFFAOYSA-N,1,7.0,1
MYRGTFCDJGLONZ-UHFFFAOYSA-N,1,7.0,1
KSIYBSXQXIYYRN-WUFINQPMSA-N,1,7.0,1
YJFJARHPWLIXRW-UHFFFAOYSA-N,1,7.0,1
ALNKYQMLZWZRGR-LRAUYJCASA-N,1,7.0,1
TZYWVNRQPJYYMS-RCCFBDPRSA-N,1,7.0,1
AWLKNBWKVMBAKT-FDXPNMITSA-N,1,7.0,1
YQFOLIIAPDJRBR-NRFANRHFSA-N,1,7.0,1
QHFKTCIVKDSYGB-UHFFFAOYSA-N,1,6.987162775294828,1
JOTMNMNWQYWMOE-UHFFFAOYSA-N,1,6.987162775294828,1
MPQNAZQWGVSYGU-FQEVSTJZSA-N,1,6.987162775294828,2
RNRVUYGVIOJTMN-CMXZEOLJSA-N,1,6.987162775294828,1
HLIHPODCOYBKPV-XZDKCQRISA-N,1,6.985294920370512,2
PKFHCOCRXHWTGR-UHFFFAOYSA-N,1,6.97469413473523,1
XSUZGCYNKOVZIW-UHFFFAOYSA-N,1,6.97061622231479,1
GUUBAKCFURYWAZ-UHFFFAOYSA-N,1,6.97061622231479,1
FEYZOHQAXQSELX-UHFFFAOYSA-N,1,6.970007824622153,1
HPPQGIFLKZFURI-UHFFFAOYSA-N,1,6.96657624451305,1
TTZWDLZPHOQUAU-MRXNPFEDSA-N,1,6.964427354774458,2
QWYVYTAMNCYSJR-UHFFFAOYSA-N,1,6.958607314841775,1
ZNUJWZLCROWJAJ-UHFFFAOYSA-N,1,6.958607314841775,1
MPJPTFGPWWVQDW-NIEAOCCZSA-N,1,6.958607314841775,1
JFKWNUOGNLIQPF-DQEYMECFSA-N,1,6.958607314841775,1
RMDXBSYLFLAMKO-UHFFFAOYSA-N,1,6.958607314841775,1
LJBCIXPCSZGZAS-UHFFFAOYSA-N,1,6.958607314841775,1
ZLHJSSWGGGILPU-UHFFFAOYSA-N,1,6.958607314841775,1
BENBCXADYMWEMA-WUFINQPMSA-N,1,6.958607314841775,1
FVMGZIMTEZPJGA-NRFANRHFSA-N,1,6.958607314841775,1
RMHALYQZHFLFFL-UHFFFAOYSA-N,1,6.950781977329818,1
CZKGDOSGTYYTHQ-HOGWAELTSA-N,1,6.950781977329818,1
MSHMIWQGNLOUQO-UHFFFAOYSA-N,1,6.950781977329818,1
VFYXFXCGTLUNJI-OZMGXUMRSA-N,1,6.94692155651658,1
JBKANADLNPFWIK-XVDWRUNBSA-N,1,6.94692155651658,1
BPOQFKGJPSWXDH-UHFFFAOYSA-N,1,6.943095148663527,1
CSMJUMNULRHYRY-PJJLUWSFSA-N,1,6.939302159646388,1
DIISULLEIDDLEJ-XVDWRUNBSA-N,1,6.931814138253838,1
AKYTXQMNKDSGBV-MTLCXYRFSA-N,1,6.920818753952375,1
DSJWALPDJGTOER-PQVVEJPOSA-N,1,6.920818753952375,1
SKAYGFFLRFARDX-OZIXAUCHSA-N,1,6.920818753952375,1
TYPXYFPMCYFYRE-UHFFFAOYSA-N,1,6.920818753952375,1
OQEVMUXLFSRYRW-UHFFFAOYSA-N,1,6.920818753952375,1
VWZHCBREEQMVBW-UHFFFAOYSA-N,1,6.920818753952375,1
SWXZYYXRVNVSHO-UHFFFAOYSA-N,1,6.920818753952375,1
NJOQPAMAVXHDLC-UHFFFAOYSA-N,1,6.91721462968355,1
QEQMAEXQVGXASS-QFIPXVFZSA-N,1,6.903089986991944,2
KLFRSZNXCXNAGN-YTRKXGHFSA-N,1,6.903089986991944,1
QKYWAGUMOSICDJ-BJSJXSMNSA-N,1,6.903089986991944,1
XZQROZSCHKOGLE-UHFFFAOYSA-N,1,6.900008766455316,1
QRSRJIUBJHILGQ-UHFFFAOYSA-N,1,6.900008766455316,1
YARGTUMTNIPBSX-UHFFFAOYSA-N,1,6.900008766455316,1
BYKVRDYRZVKOEH-UHFFFAOYSA-N,1,6.900008766455316,1
LNXGWXIKJNGNOY-POLDFPFKSA-N,1,6.900008766455316,1
WTELPNFACFRVBF-NLRIABGZSA-N,1,6.900008766455316,1
FKXMTDOSYPOSDS-QJMCPCMJSA-N,1,6.900008766455316,1
MWDXBYJLZWXDHC-NEEKEDPPSA-N,1,6.900008766455316,1
JCWDFVQRQXWEJE-ZBWWXOROSA-N,1,6.900008766455316,1
NRAXLCFQSOWEAL-UHFFFAOYSA-N,1,6.899629454882437,1
UTAKSYGAZXEURO-UHFFFAOYSA-N,1,6.896196279044043,1
DJQNAWVRMSVHNZ-UHFFFAOYSA-N,1,6.896196279044043,1
UVQRCXCXWPXVHU-LLWOIICTSA-N,1,6.891258027893047,2
HTLSINNHNFLIHS-DWFNGTSHSA-N,1,6.890016705180107,1
HTLSINNHNFLIHS-PXLXIMEGSA-N,1,6.889410289700751,3
OCZZSQRGBFEJLE-SANMLTNESA-N,1,6.886056647693163,2
PNEOTEPFOGNDKN-UHFFFAOYSA-N,1,6.886056647693163,1
HWAOAHKCJZNXSB-UHFFFAOYSA-N,1,6.886056647693163,1
IFHAMYMAFCZVIW-UHFFFAOYSA-N,1,6.886056647693163,1
UDONPFJJAMEMDG-UHFFFAOYSA-N,1,6.886056647693163,1
WQZUOBIIPDZRJP-IZLXSDGUSA-N,1,6.886056647693163,3
VEDXOPSEGUKALQ-GOSISDBHSA-N,1,6.886056647693163,1
DGLDUQZIRFLLRH-QVWWMRLHSA-N,1,6.886056647693163,1
CSVWVGRJWUUHQN-LRAUYJCASA-N,1,6.883801586062669,2
XIGHZNHNNBLSRB-UHFFFAOYSA-N,1,6.879985747921933,1
LCSNDNCRMYQLCV-QFIPXVFZSA-N,1,6.876148359032914,2
WJRYRJACQITXQC-LFPSWIHMSA-N,1,6.876148359032914,1
IAPWULQKEDSAGP-UHFFFAOYSA-N,1,6.8696662315049934,1
FLZLQTUCOOBCJP-QGZVFWFLSA-N,1,6.8696662315049934,1
IORNNFZUEYOWBO-UHFFFAOYSA-N,1,6.866461091629782,1
GYVLRBXEOLZDJP-ZHPLTJAJSA-N,1,6.866461091629782,1
KHVZJHSTPBSVMD-RRYCAANRSA-N,1,6.866461091629782,1
NYBRMXDKXYPGRK-DSPMFFIESA-N,1,,0
YJJKIQVHZFHYRR-QHCPKHFHSA-N,1,6.860120913598763,1
WBKRXYVTNUALQH-UHFFFAOYSA-N,1,6.860120913598763,1
RYKAAYFLCOHWCE-UHFFFAOYSA-N,1,6.859995049380551,1
SPOQEIILUHGCDB-OZIXAUCHSA-N,1,6.853871964321762,1
SIGYSNVKOFSFML-PMERELPUSA-N,1,6.853871964321762,1
QUSBTAHOOJMYRQ-VBMGMRCRSA-N,1,6.853871964321762,1
SSPQQLUIJSOEHH-UHFFFAOYSA-N,1,6.853871964321762,1
JTAYLPLPEXUFKU-FIRIVFDPSA-N,1,6.853871964321762,1
LNWVULAAXPQART-UHFFFAOYSA-N,1,6.853871964321762,1
JUQHUETWINQXRD-SFTDATJTSA-N,1,6.853871964321762,1
WYMUYTPWSDFTKB-XUZZJYLKSA-N,1,6.853871964321762,1
YQBJODHLZSHBFJ-PKHCJMHPSA-N,1,6.850011543508524,1
NPDDZRLANBKRMU-UXHICEINSA-N,1,6.847711655616944,1
AKWFEANKAWGNIH-XDFJSJKPSA-N,1,6.844663962534938,1
YXQIBRFLGXEZFK-UHFFFAOYSA-N,1,6.835647144215563,1
LWDCLJRUPQLVOT-UHFFFAOYSA-N,1,6.8297382846050425,1
MTGQTFWECVYJBZ-UHFFFAOYSA-N,1,6.826813731587726,1
XESWSTANEUBVSE-QBLDGPCBSA-N,1,6.823908740944319,3
PIBKMDNTXVBQNJ-UHFFFAOYSA-N,1,6.823908740944319,1
AKWHRBSVVQXNOP-UHFFFAOYSA-N,1,6.823908740944319,1
YCFJTEZSPZUZOJ-UHFFFAOYSA-N,1,6.823908740944319,1
MUTNKBJTTJGMMF-QBQHLJAFSA-N,1,6.819988880942283,1
JMEKLKBPAWJBOV-UHFFFAOYSA-N,1,6.818728228440539,1
CJKYRASQASCQQD-UHFFFAOYSA-N,1,6.818156412055227,1
ICBSQYXTXCHQCY-UHFFFAOYSA-N,1,6.815308569182401,1
JVGLPNAFXMQTND-QHCPKHFHSA-N,1,6.815308569182401,1
GNHUJOIJYZOGIY-UHFFFAOYSA-N,1,6.815308569182401,1
HSRXPFPQSJNQHE-FFYHKUAESA-N,1,6.804100347590767,1
KMSKXJPLTGSPJJ-UHFFFAOYSA-N,1,6.804100347590767,1
FMZZTZIGIJHYFN-UHFFFAOYSA-N,1,6.799998134593398,1
XWMARNCIPYMLRK-OPGMZWKHSA-N,1,6.799998134593398,1
SAPCBHPQLCZCDV-CHPWDEGWSA-N,1,6.799998134593398,1
CBCYNWHALJOBSG-MHZLTWQESA-N,1,6.798602875679549,1
OZQNRPOHMYPZKM-LRAUYJCASA-N,1,6.7980940382451145,2
PCVSIMQAFWRUEC-PQHLKRTFSA-N,1,6.795880017344075,1
BTWXSVJGGMEXOC-VXKWHMMOSA-N,1,6.795880017344075,1
JMIKNHGMALLEMU-SSEXGKCCSA-N,1,6.79317412396815,1
HIKPFUFQBJEXME-UHFFFAOYSA-N,1,6.787812395596042,1
ZVBLMUFWEBYUFD-GDLZYMKVSA-N,1,6.785156151952302,1
DNYCCIRBKFMQGV-FUANUBAPSA-N,1,6.782516055786093,1
JSVODGCJIFWOER-UHFFFAOYSA-N,1,6.775183674764962,2
NDBYQHLDFKACBF-SISPBFPDSA-N,1,6.774690718274137,1
CDLIUHVXEYVLGX-UHFFFAOYSA-N,1,6.774690718274137,1
KQKNMRPRNMBGPX-HCPABCRVSA-N,1,6.770011163455189,1
KQKNMRPRNMBGPX-QDRCGZQASA-N,1,6.769551078621726,1
QSUSVQBWSZZTNK-UHFFFAOYSA-N,1,6.769551078621726,1
HHBYAZNEZQQRNN-UHFFFAOYSA-N,1,6.769551078621726,1
LILPVLVPPHPZEE-QHCPKHFHSA-N,1,6.769551078621726,1
ICAIEGHMXOMWIC-RUZDIDTESA-N,1,6.769551078621726,1
ATXQWPMHZYZGBC-UHFFFAOYSA-N,1,6.769551078621726,1
VIENDCBBXXVUAM-UHFFFAOYSA-N,1,6.764471553092451,1
BMVJOAJQNZSLIN-KYJUHHDHSA-N,1,6.764471553092451,1
CUSDZJCNCOPIDF-NUGSKGIGSA-N,1,6.7594507517174005,1
OTXSDJOFSVUWCT-FZCXESBVSA-N,1,6.7447274948966935,1
FAMLZMYNJFMLTL-UHFFFAOYSA-N,1,6.7447274948966935,1
CZEMMCCUTSUYFU-ZWKOTPCHSA-N,1,6.7447274948966935,1
ZFMPRZDNGINSND-FVXJUOQQSA-N,1,6.7447274948966935,1
HCFNCEYBYZIOAZ-UHFFFAOYSA-N,1,6.7447274948966935,1
BZWOCMMJHXYQGW-JVFAEYSFSA-N,1,6.7423214251308154,1
XNEWLEJBYAVWCK-UHFFFAOYSA-N,1,6.740884155814934,1
NJCMYNXFMAOJRW-HXOQZHHGSA-N,1,6.73754891026957,1
GOQORMIBYOZRHK-QHCPKHFHSA-N,1,6.73754891026957,1
PIBKMDNTXVBQNJ-NSOVKSMOSA-N,1,6.73754891026957,1
NNQQINUYFDRYPI-RRPNLBNLSA-N,1,6.735863111416478,2
IBMYPZNNBNFMQV-URLMMPGGSA-N,1,6.721246399047171,1
JRNWVEJTBSFZTD-UHFFFAOYSA-N,1,6.7055337738384075,1
VIENDCBBXXVUAM-VMPREFPWSA-N,1,6.7055337738384075,1
KZVGKRDRRIBLKM-SFHVURJKSA-N,1,6.7055337738384075,1
CUEDHAYAJQUTCZ-CKJWBJAHSA-N,1,6.703334809738469,1
DXBWGWOQIAHGKG-UHFFFAOYSA-N,1,6.699991797446187,2
DORXFPYAVMERKG-UHFFFAOYSA-N,1,6.699991797446187,2
YCJYRVPOLSZPTC-UHFFFAOYSA-N,1,6.699991797446187,1
BZFUZGJXYGIQSB-ODRDEDCPSA-N,1,6.699991797446187,1
MWDXBYJLZWXDHC-HVNZXBJASA-N,1,6.699991797446187,1
QSSWXHSQMGICOW-KDXMTYKHSA-N,1,6.698970004336019,1
AMMYHLCZPFCXBC-MNUNUEIXSA-N,1,6.698970004336019,1
PNPDRFDLRYVDNH-SZVSUXHCSA-N,1,,0
UCCMAXPLSJKRBQ-UHFFFAOYSA-N,1,6.692503962086787,1
UKDPTTJBOMIOCJ-NSOVKSMOSA-N,1,6.686132779630847,1
OITQQVPZHBLPSD-UHFFFAOYSA-N,1,6.681936665037238,1
LLCWXRKWCSFREW-LUKFIAJXSA-N,1,6.679853713888946,1
CJQIMLAPDUEUTH-UHFFFAOYSA-N,1,6.6777807052660805,1
ZUVRLHQMDUAXKL-IZZNHLLZSA-N,1,6.6777807052660805,1
MNUMOFSSNQUTGL-DEOSSOPVSA-N,1,6.667561540084394,1
WPJABGMBTXXPIJ-CKJWBJAHSA-N,1,6.665546248849069,1
BSSJFXMTCJBDKV-UMSFTDKQSA-N,1,6.66354026615147,1
BQMHXKMRKCHCGN-UHFFFAOYSA-N,1,6.657577319177793,1
PKPKUYSFERUYMH-RRPNLBNLSA-N,1,6.657577319177793,1
WQZUOBIIPDZRJP-NSOVKSMOSA-N,1,6.657577319177793,1
SKXVECUCBANNIA-UHFFFAOYSA-N,1,6.657577319177793,1
DPGPXZCLSCXCQW-UHFFFAOYSA-N,1,6.657577319177793,1
YGWRUECJIONJNP-JYFHCDHNSA-N,1,6.657577319177793,1
PURLCZJVZYRQTQ-UHFFFAOYSA-N,1,6.649751981665837,1
HFHAKFYUEVBREO-UHFFFAOYSA-N,1,6.645891560852599,1
DNJBADOCDWIFNI-UHFFFAOYSA-N,1,6.645891560852599,1
LXSYDFHVDJQICK-LJAQVGFWSA-N,1,6.6439741428068775,1
HXKICKCHXGVWDV-RXVVDRJESA-N,1,6.6439741428068775,1
FYFPUCQHJNRILA-HCPABCRVSA-N,1,6.639993867770901,1
UIAXBDBJUGFIIR-PMACEKPBSA-N,1,6.639133015876654,2
FYFPUCQHJNRILA-QDRCGZQASA-N,1,6.638272163982407,1
ZEANERNKMXBETI-BJHDJDSNSA-N,1,6.638272163982407,1
ZVPJBYZIHCWVQP-DSPMFFIESA-N,1,,0
VAUOHNLMRQQSAZ-UHFFFAOYSA-N,1,6.628932137728263,1
UYPFOARCMSMOBT-UHFFFAOYSA-N,1,6.628932137728263,1
RRGKJCLXDVRZFZ-UHFFFAOYSA-N,1,6.628932137728263,1
ZEANERNKMXBETI-SWZCOEHCSA-N,1,6.619788758288394,1
LAUJLFDPPWBXRV-RTWAWAEBSA-N,1,6.619788758288394,1
RPTJPWCOBZLMMD-NRWPOFLRSA-N,1,6.619788758288394,1
DAEBXVQKLYMREV-HKBQPEDESA-N,1,6.616184634019569,1
XHBXPLNFUMURDR-UHFFFAOYSA-N,1,6.614393726401688,1
JYTLTYKPVLVMNT-QHCPKHFHSA-N,1,6.614393726401688,1
GPTRXOXLGBUYRR-UHFFFAOYSA-N,1,6.610001577392667,1
MCHFVMZJGMVKRA-UHFFFAOYSA-N,1,6.609064892896621,1
FOLOWNIJLMHEPJ-CUBQBAPOSA-N,1,6.6020599913279625,1
ANCCACIMFBJXGH-ALHJQXIUSA-N,1,6.6020599913279625,1
LXJUOJZFZQVWGH-UHFFFAOYSA-N,1,6.6020599913279625,1
XTYCUJXOJHSJKH-UHFFFAOYSA-N,1,6.6020599913279625,1
PFPSZGPAQFBVHZ-UHFFFAOYSA-N,1,6.6020599913279625,1
OAVNGCZBHRXUGH-JYFHCDHNSA-N,1,6.6020599913279625,1
ONJMXWFIKVVLCT-UHFFFAOYSA-N,1,6.599997654072045,1
JFGLWAYTUSEUIY-QFIPXVFZSA-N,1,6.599997654072045,1
WJAFEJSYOHBPCK-SFHVURJKSA-N,1,6.599997654072045,1
FXHOQFIPUVYFTM-RYCFQHDISA-N,1,6.599997654072045,1
KBLCNIZPWNZNKH-UHFFFAOYSA-N,1,6.598599459218455,1
FGMDMAIELUZENW-UHFFFAOYSA-N,1,6.598599459218455,1
OMTBQCJYPXKIRM-UHFFFAOYSA-N,1,6.590066876668706,3
WCQIHTJOGPSGGV-SVBPBHIXSA-N,1,6.585026652029182,1
MTDWQQRSPHFFLR-UHFFFAOYSA-N,1,6.585026652029182,1
XFSJGZVARSALDD-NNXSRULWSA-N,1,6.585026652029182,1
FYSFILDCEYJVBF-ANWICMFUSA-N,1,6.585026652029182,1
XITFJVUYVFILBW-MHZLTWQESA-N,1,6.580044251510242,1
UGULBQBVNWXBKM-UHFFFAOYSA-N,1,6.579994715040948,1
JBVZKIPJQKKQCY-UHFFFAOYSA-N,1,6.573488738635424,1
NQMMZCMDBZCRBB-LJAQVGFWSA-N,1,6.573488738635424,1
AKHKAZRGQQPVBT-UHFFFAOYSA-N,1,6.568636235841012,1
WSCXFZWPQPJUAS-MBBNEBRQSA-N,1,6.568636235841012,1
HXFSUWJMLSTMEH-UHFFFAOYSA-N,1,6.568636235841012,1
FBKBCVKDJFUIHU-UHFFFAOYSA-N,1,6.568636235841012,1
JMIKNHGMALLEMU-UHFFFAOYSA-N,1,6.567030709125595,1
MUZRICFSRACWJI-UHFFFAOYSA-N,1,6.565431095965801,1
DFHHBLPOXVRUDS-UHFFFAOYSA-N,1,6.5638373529592435,1
WTDKJBUIASFIOD-UHFFFAOYSA-N,1,6.554395796726403,1
VCMDLMHMVMHIKF-FQEVSTJZSA-N,1,6.552841968657781,2
VLRLIJPIWNCLSY-MHZLTWQESA-N,1,6.552841968657781,1
PSQJTKUPFCWUEO-UHFFFAOYSA-N,1,6.552841968657781,1
CVKIVNDRRBPTDE-UHFFFAOYSA-N,1,6.552841968657781,1
MCHFVMZJGMVKRA-NSOVKSMOSA-N,1,6.538803373026827,2
UVOURRFWHVVQKI-QNGWXLTQSA-N,1,6.537602002101044,1
UCDYNHPOUAKORZ-VZUYHUTRSA-O,1,6.537602002101044,1
JICJDNGTRWWBQM-SVBPBHIXSA-N,1,6.537602002101044,1
DTQNTNJTPOGBBI-UHFFFAOYSA-N,1,6.537602002101044,1
AXYVSTYNMWOVHD-WIOPSUGQSA-N,1,6.537602002101044,1
MOSUQXLFKFQKGI-UHFFFAOYSA-N,1,6.530177984021837,1
DMSQWKBRRNBBJO-UHFFFAOYSA-N,1,6.527243550682788,1
FWWHAAGOCFCRFY-UHFFFAOYSA-N,1,6.522878745280337,1
FCDRFVCGMLUYPG-ZWKOTPCHSA-N,1,6.522878745280337,1
MLFSLAIOJHSNOR-CCDWMCETSA-N,1,6.522878745280337,1
RMPOHZLJIMPVGV-UHFFFAOYSA-N,1,6.521433504406157,1
GBYYDRYAGWDMGR-UHFFFAOYSA-N,1,6.51999305704285,1
KYASZYNCIMXXBM-UHFFFAOYSA-N,1,6.517126416391246,1
UQBIFHCYJANWAY-PDHQKIGBSA-N,1,,0
CPKCVXZPCSJVIT-WUFINQPMSA-N,1,6.509318832137387,2
NWHURSAJZCWEGO-UHFFFAOYSA-N,1,6.508638306165727,1
DAKPGLXAKATDOU-OEJBOCFZSA-N,1,6.508638306165727,1
UCNOTTVNPRSTFW-XSFNXXSESA-N,1,6.508638306165727,1
JUTJFEMBTKVBCO-UHFFFAOYSA-N,1,6.507239610973162,1
LCMYTAQFJIXBCQ-UHFFFAOYSA-N,1,6.504455662453552,1
JOTMNMNWQYWMOE-SFTDATJTSA-N,1,6.503281884751194,2
RIMRBFFCTVLKNY-AUEPDCJTSA-N,1,6.500312917381596,1
KHZGJOOZZRYILL-UHFFFAOYSA-N,1,6.499996931948306,1
LRSIEKVEWAVZDJ-CDSZWMAJSA-N,1,6.499996931948306,1
RSLSZQMVGYAVMK-UHFFFAOYSA-N,1,6.499996931948306,1
JBHLDFWFKHUKBN-IBGZPJMESA-N,1,6.499996931948306,1
HHRSDRPDFNUAPK-KRWDZBQOSA-N,1,6.499996931948306,1
CJBOWGIXYJGLGQ-BFGHFXMOSA-N,1,6.499996931948306,1
HJVOZXMMJRZKQU-UHFFFAOYSA-N,1,6.498940737782249,1
QZVNIWYIYIHHQO-UHFFFAOYSA-N,1,6.490797477668897,1
FCQUYOHKAODPNN-UHFFFAOYSA-N,1,6.4900049079866005,1
DYUQPTMSRRBQRV-NDEPHWFRSA-N,1,6.481486060122112,1
RVFVJIRFYXKKNY-QHCPKHFHSA-N,1,6.481486060122112,1
OAVNGCZBHRXUGH-ANWICMFUSA-N,1,6.481486060122112,1
CTCZUHQOMRXMTM-ZDNIURGKSA-N,1,6.478861916295964,1
JVCKKWZCSIKZIY-PMERELPUSA-N,1,6.478861916295964,1
JTNZAZWXIUSVNY-UNMCSNQZSA-N,1,6.471238188588469,2
PDJRNVXFLCXTET-UHFFFAOYSA-N,1,6.471083299722345,1
WPLMVHBOHQZONH-UHFFFAOYSA-N,1,6.470005326930858,1
JEZKKPXWSVQUPH-NBGIEHNGSA-N,1,6.468521082957745,1
KSKCQNQJZYGBIZ-UHFFFAOYSA-N,1,6.465973893943865,1
YSLVLJLBAALQJN-NSOVKSMOSA-N,1,6.4623509675536015,2
QECBUZHWFDACDA-FCHUYYIVSA-N,1,6.455931955649724,1
GLGZVOVECKGFLP-UHFFFAOYSA-N,1,6.455931955649724,1
DZOJBGLFWINFBF-UMSFTDKQSA-N,1,6.481486060122112,5
QIPWNEBFOZSRLS-OAQYLSRUSA-N,1,6.4399976732266335,1
GBGJHGBFMCNNKU-UHFFFAOYSA-N,1,6.431798275933005,1
UKMJWGFHXMGRNG-VZUYHUTRSA-O,1,6.431798275933005,1
YWNWTGILUQBCJO-WEWMWRJBSA-N,1,6.431798275933005,1
YVSHNDBXGBWORD-UHFFFAOYSA-N,1,6.429457060118103,1
KRMRRUSVEHWWQG-UHFFFAOYSA-N,1,6.422508200162775,1
ODPRNYGWGVRXIG-UHFFFAOYSA-N,1,6.421360790031928,1
WSCXFZWPQPJUAS-CMINWHHESA-N,1,6.42021640338319,1
CQJXBNDZWCFOLX-UHFFFAOYSA-N,1,6.42021640338319,1
CDDNZYHWARLMKA-NDEPHWFRSA-N,1,6.417936637088291,1
QIPWNEBFOZSRLS-UHFFFAOYSA-N,1,6.416636972209974,2
WYCFYGAPQXYEFE-RRPNLBNLSA-N,1,6.4089353929735005,1
MNSQPPPTEDKYHO-UHFFFAOYSA-N,1,6.4089353929735005,1
YHCARYOWLPOIJH-FQEVSTJZSA-N,1,,0
OZEMABLVUYGXRL-UHFFFAOYSA-N,1,6.399996913372259,2
ZLJIJVTVACSNTN-UCGGBYDDSA-N,1,6.399996913372259,1
JCWDFVQRQXWEJE-DODOAAEWSA-N,1,6.399996913372259,1
GMJLNKOCKKKDLK-UHFFFAOYSA-N,1,6.3979400086720375,1
SJKYOVFCBLAVEU-YMNQCSKTSA-N,1,6.3979400086720375,1
SJKYOVFCBLAVEU-YSSFQJQWSA-N,1,,0
ZACCWUQTMHZTIE-UHFFFAOYSA-N,1,6.396855627379818,1
AYTYJTNCCRHYOF-IXCJQBJRSA-N,1,6.3872161432802645,1
YPYHWGJECASGOL-NSOVKSMOSA-N,1,6.3872161432802645,1
GDUGRYUTQQIHKS-HXUWFJFHSA-N,1,6.3872161432802645,1
KMXLXHFSSQDIGC-VPTMLEGASA-N,1,6.3872161432802645,1
CCIWVEMVBWEMCY-RCFOMQFPSA-N,1,6.386056647693163,2
CEMCPAAFDOVLDW-FQEVSTJZSA-N,1,6.384049948343598,2
NEMILYAYVCLLDG-UHFFFAOYSA-N,1,6.379863945026242,1
ZCVDEBWDINFSGJ-NDEPHWFRSA-N,1,6.373057288106936,2
BZDXMLXOSGUXDE-DEOSSOPVSA-N,1,6.366531544420413,1
BVALXLKHALQQPF-UHFFFAOYSA-N,1,6.366531544420413,1
WCYPZYJDSHNYJO-IBGZPJMESA-N,1,6.363512103646634,1
SKLLXNKQWQRXIR-UHFFFAOYSA-N,1,6.362510270487489,1
XIUWYQPZUOTMGU-MLYMZAKTSA-N,1,6.361510743045363,1
BBOVGJPWQAJNJG-ROOYGRKUSA-N,1,6.356547323513812,1
BVQGYVXUNMZWGR-RTWAWAEBSA-N,1,6.346787486224656,1
YEOXHNNQFZRYKV-UHFFFAOYSA-N,1,6.341988603342887,1
ZUXQUMYFXGYDFL-UHFFFAOYSA-N,1,6.339998279897117,1
UXKKAOOCOPLVSF-UHFFFAOYSA-N,1,6.337242168318426,1
NCJWLSWXMPGOIS-UHFFFAOYSA-N,1,6.337242168318426,1
RPNSLZSITFBVPE-UHFFFAOYSA-N,1,6.327902142064282,1
LCQBPNWAJFSCIT-UHFFFAOYSA-N,1,6.327902142064282,1
ZARWJSGCHUURQL-UHFFFAOYSA-N,1,6.324221658325914,1
XXUOOQREUFQRJA-AUIUKIKHSA-N,1,6.321032576499773,4
BYUMATUURCXQEB-NDEPHWFRSA-N,1,6.318758762624412,1
JZDPXZLJGCVRBD-UHFFFAOYSA-N,1,6.318758762624412,1
DNYAHFKJMPYBQK-UHFFFAOYSA-N,1,6.318758762624412,1
DZQBGZPXSVUSTJ-UHFFFAOYSA-N,1,6.316052869248487,1
AJVHBIHBNFGOHB-BZDRKYDISA-N,1,6.315392071294928,4
XQCHBKZHGOEFPQ-IBGZPJMESA-N,1,6.30614360358156,2
WDSJGLRGQYNOEF-PKUDWBDQSA-N,1,6.304518323509802,1
XSUZGCYNKOVZIW-GOTSBHOMSA-N,1,6.303880219800945,2
WAACBTLXCIQAPC-UHFFFAOYSA-N,1,6.303643611266668,1
LWIVKHBGLMJTDY-UHFFFAOYSA-N,1,6.301029995663981,1
YOFWXHCWDOJSFS-UHFFFAOYSA-N,1,6.299997602857746,1
AMSYJCKYQVDRSP-UHFFFAOYSA-N,1,6.2900011719748115,1
XPLBDFVPBOIMJN-UHFFFAOYSA-N,1,6.289882634888183,1
DOXKBIISJMVOAL-BJKOFHAPSA-N,1,6.2839966563652006,1
WQUXLRVVRRBKCO-GBXCKJPGSA-N,1,6.2839966563652006,1
CDAPYCBUIZMYOS-UHFFFAOYSA-N,1,6.279014255846261,1
UCDYNHPOUAKORZ-QLKFWGTOSA-O,1,6.267606240177031,1
WQZUOBIIPDZRJP-VSGBNLITSA-N,1,6.267606240177031,1
KBULHCWLNOPYFW-UHFFFAOYSA-N,1,6.266000713461613,1
QXSXGOZFQYUICU-UHFFFAOYSA-N,1,6.266000713461613,1
WUSQQOCSYQHDPX-LJAQVGFWSA-N,1,6.262012673666569,1
FKPVZIGBRDXSJP-HQKXVBDLSA-N,1,6.260427655549908,1
SCUCGLNZVOAIMC-NRFANRHFSA-N,1,6.257274868695301,3
DUTQVRPRTFGQLG-SANMLTNESA-N,1,6.253365801062421,1
BEXOTYMLUDAROH-HMCKCBAOSA-N,1,6.251811972993799,1
YPDPPCHRJSBOBT-UHFFFAOYSA-N,1,6.250263684430939,1
CVJXAAMXYMIAEU-UHFFFAOYSA-N,1,6.246416941107094,1
NNQQINUYFDRYPI-KAYWLYCHSA-N,1,6.2441251443275085,3
NZYZDPKNNQJZQG-UHFFFAOYSA-N,1,6.2441251443275085,1
DGQVOEAFFYHRME-UHFFFAOYSA-N,1,6.2399999527072705,1
WLCOKZLFXYCUEZ-DEOSSOPVSA-N,1,6.229147988357855,1
HIXKQYYKPASOGY-SVBPBHIXSA-N,1,6.229147988357855,1
QTRCZKVGWHJYRF-UHFFFAOYSA-N,1,6.226945306635738,1
HUPLJWMCMSKOPD-IYFRSFRXSA-N,1,6.2247537402597635,1
MSECWNMVFATCEZ-MHZLTWQESA-N,1,6.224025668870631,1
LTSSKWVSNPFEDQ-QHCPKHFHSA-N,1,6.221848749616356,1
IOACPIKKSGPKPW-UHFFFAOYSA-N,1,6.221848749616356,1
TVPMJLYGHVNXLV-IZZNHLLZSA-N,1,6.221848749616356,1
GITLLSKKQAZZKU-RRPNLBNLSA-N,1,6.221848749616356,1
VVOGLOJOGOEZPO-UHFFFAOYSA-N,1,6.221848749616356,1
NWOPKTPNIIHJFE-NDEPHWFRSA-N,1,6.220403508742176,1
KQMACMYDELVGSR-UHFFFAOYSA-N,1,6.207608310501746,1
BXMJMALBICDTSR-UHFFFAOYSA-N,1,6.207608310501746,1
WSCXFZWPQPJUAS-QVTSOHHYSA-N,1,6.207608310501746,1
HEAUFJZALFKPBA-JPQUDPSNSA-N,1,6.200659450546418,1
GUIGWNGIQKNZBN-MHZLTWQESA-N,1,6.199998172182031,1
XUYBQECRTQVEHH-UHFFFAOYSA-N,1,6.199998172182031,1
BWAQGKDPIWERFY-RNAHPLFWSA-N,1,6.199998172182031,1
JCWDFVQRQXWEJE-SJHOIFEDSA-N,1,6.199998172182031,1
BUBGVFLMAHPWIA-UHFFFAOYSA-N,1,6.1979107421182675,1
YQHKVGJQICUJMY-UHFFFAOYSA-N,1,6.1938200260161125,1
OCODABQGCXUTLB-UHFFFAOYSA-N,1,6.190002844637807,1
SWGQDPWKPYZEEH-SFHVURJKSA-N,1,6.187086643357144,1
FUCPKVYRKXXLFP-UHFFFAOYSA-N,1,6.185086818724926,1
FVMGZIMTEZPJGA-OAQYLSRUSA-N,1,6.180456064458131,1
UKMJWGFHXMGRNG-QLKFWGTOSA-O,1,6.173925197299173,1
CWKCHSOULBLCED-UHFFFAOYSA-N,1,6.165579296318468,1
PGKXDIMONUAMFR-AREMUKBSSA-N,1,6.161927659821897,2
SOVZPUNJPSNXQR-UHFFFAOYSA-N,1,6.156144577376839,1
RYHNNCDMPVRREY-NSOVKSMOSA-N,1,6.154901959985743,2
WGTWUAXSBCFCDA-XZWHSSHBSA-N,1,6.154901959985743,1
JUQHUETWINQXRD-RTWAWAEBSA-N,1,6.154901959985743,1
SIPOLHQPOKEDPH-UHFFFAOYSA-N,1,6.154901959985743,1
WSCXFZWPQPJUAS-TVKQRKNISA-N,1,6.1487416512809245,1
FAMNQGOTAYPHOM-UHFFFAOYSA-N,1,6.140261433802853,1
PJXOVMYBBBUBNC-UHFFFAOYSA-N,1,6.136677139879544,1
CMQPBJQRYACTFV-UHFFFAOYSA-N,1,,0
ADXFJIYJEFFOSY-UHFFFAOYSA-N,1,6.129011186239424,1
MDLHJQVPQINMDT-PDHQKIGBSA-N,1,,0
BVFQAQPYYOPYCQ-UHFFFAOYSA-N,1,6.1249387366083,1
NOEXOHLZBNPZCS-DEOSSOPVSA-N,1,6.119186407719209,1
MQERJZPDBKDRIH-UHFFFAOYSA-N,1,6.119186407719209,1
ZLPGKEGAFJLKOK-UHFFFAOYSA-N,1,6.117475462045119,1
NUBBYHCWXIRZMV-UHFFFAOYSA-N,1,,0
VBAXZQRCTGIDGP-FQEVSTJZSA-N,1,6.115204636051019,1
KRTWVGJSCCFWEQ-UHFFFAOYSA-N,1,6.107905397309519,1
YXYOQVJTKQKSTM-UHFFFAOYSA-N,1,6.102372908709558,1
TXYUZUBLLXLHPL-UHFFFAOYSA-N,1,6.0999990348465305,1
ZTFCBHUUTZJZIB-UHFFFAOYSA-N,1,6.0999990348465305,1
DOGOFOVKBRAJST-NRFANRHFSA-N,1,6.0999990348465305,1
CFDNUNSOUUFTQO-HPMAGDRPSA-N,1,6.096910013008056,1
GUFLJCKYBAWVTR-PQHLKRTFSA-N,1,6.096910013008056,1
GLOQARJVIRHMJL-UHFFFAOYSA-N,1,6.096910013008056,1
BJLLFVBHTSMSOU-AOYPEHQESA-N,1,6.086186147616283,1
RDLJFYDPHNQKHM-QFIPXVFZSA-N,1,6.080921907623926,1
ZTUNFLBIIFQDKG-YDMVOOKBSA-N,1,,0
NFBNIRNKYJTDIE-UHFFFAOYSA-N,1,6.076238039171299,1
HPSOFZODPZQTAH-UHFFFAOYSA-N,1,6.075720713938118,1
BGJIDILIDBTJSM-UHFFFAOYSA-N,1,6.070581074285707,1
VBUIWYPUKKMBDJ-WJOKGBTCSA-N,1,6.065501548756432,1
NYYCJMICKJQGAQ-UHFFFAOYSA-N,1,6.065501548756432,1
KCHZSHRRZWMRFQ-RRPNLBNLSA-N,1,6.055517327849831,1
KVHVYHNXKNBRLU-ROUUACIJSA-N,1,6.055024091587952,1
VIGYJJFBPARTJM-UHFFFAOYSA-N,1,6.049635145623877,1
KMZGWQBSAMFWQD-UHFFFAOYSA-N,1,6.048176964684088,1
AHOUBRCZNHFOSL-YOEHRIQHSA-N,1,6.045757490560675,1
QBEMOEIRUZZYTR-HKBQPEDESA-N,1,6.031517051446064,1
DEKCAXGKHUYNLQ-LSHDLFTRSA-N,1,6.0301183562534995,1
VXGPTRVARWWDQI-UHFFFAOYSA-N,1,6.022276394711152,1
MFELBXLWBSDUFY-UHFFFAOYSA-N,1,6.022276394711152,1
NGZLCBABNHHZFF-UHFFFAOYSA-N,1,6.0,1
DVFKYWHYHAXGFK-KYJUHHDHSA-N,1,6.0,1
LYGDCLHLVLCYKZ-CLJLJLNGSA-N,1,6.0,1
ATSBEQRAHBGVJJ-UHFFFAOYSA-N,1,6.0,1
JPZJGETVYAMUNI-UHFFFAOYSA-N,1,6.0,1
PFOMIAQBONXLRP-UHFFFAOYSA-N,1,6.0,1
UILHYIWDZUYMGB-SVBPBHIXSA-N,1,5.995678626217357,1
HQVRNLIDCXUVHE-XFQWPLCWSA-N,1,,0
GLFJJJVLKJNYOY-UHFFFAOYSA-N,1,5.988852639224202,1
KWYBCHYLXFETGY-SANMLTNESA-N,1,5.985899678480379,1
BFTNGPWIAXYGDV-BJKOFHAPSA-N,1,5.982966660701219,1
OTHQZIZHGKBPIC-UVNMLMKLSA-N,1,5.980883709552927,2
CMVKWSMUPSXKPB-QHCPKHFHSA-N,1,5.978810700930062,1
UYNUMQYFKIFKCA-UHFFFAOYSA-N,1,5.969999718407896,1
RDKQAVZIXBHKDK-QNGWXLTQSA-N,1,5.96657624451305,1
OYVUMDLWECZFFM-WENCNXQZSA-N,1,5.95999928552668,1
LVEVJTCPEKIPCM-NDEPHWFRSA-N,1,5.958607314841775,1
FCTGGFGGCAFKLE-YQOMSNACSA-N,1,5.958607314841775,1
VBUIWYPUKKMBDJ-HKBQPEDESA-N,1,5.958607314841775,1
NOQQPVOPNXNAQZ-UHFFFAOYSA-N,1,5.958607314841775,3
XAZRLGKDSDARME-WMZHIEFXSA-N,1,5.958607314841775,1
RITOINUTGUCQPS-BMFSAJMZSA-N,1,,0
ZMPIAJWCWPGMEU-UHFFFAOYSA-N,1,5.953504835665292,1
SRIOHIXTSHGWLJ-QZTJIDSGSA-N,1,5.94692155651658,1
WPIIEURLXPCWTN-UHFFFAOYSA-N,1,5.935542010773082,1
UCQGCHZSIZSCCN-UHFFFAOYSA-N,1,5.909036923404269,1
IGTBNUVMBDYPQG-UHFFFAOYSA-N,1,5.903089986991944,1
JIRPCGSGAFSCJQ-UHFFFAOYSA-N,1,5.899998417198648,1
SJUGCLVDTCIDMC-JKMYNKRXSA-N,1,5.899998417198648,1
ZSIQAOCNFRWDNJ-OAHLLOKOSA-N,1,,0
JRQRQMINYXEZFS-QHCPKHFHSA-N,1,5.896196279044043,1
WCQIHTJOGPSGGV-SXOMAYOGSA-N,1,5.892790030352131,1
ONUKBEDPKJLRPQ-HKBQPEDESA-N,1,5.886056647693163,1
WMOOXZKQHPAXTA-QNGWXLTQSA-O,1,5.886056647693163,1
UACCBGLNPJVHMU-SANMLTNESA-N,1,5.886056647693163,1
WUYRGUCXBKZRJD-IZZNHLLZSA-N,1,5.8616403872844,2
DIMLTFVHIUSASS-UHFFFAOYSA-N,1,5.860120913598763,1
YFLRTMKXRQUBGR-IZZNHLLZSA-N,1,5.860061127661984,2
RIJFQNLRLPVBNV-RDBRXFRASA-N,1,5.857297754262385,1
CNMBAOHWPPLFCR-RXEARMEOSA-N,1,5.853871964321762,1
BTWXSVJGGMEXOC-YADHBBJMSA-N,1,5.851935604699812,2
CVXJAPZTZWLRBP-NDEPHWFRSA-N,1,5.838375456023758,2
UJCNGMGNKQCRJT-VWLOTQADSA-N,1,5.831784706446182,2
YAMLMWXMDOFSKI-UHFFFAOYSA-N,1,5.829999526735649,1
NYBZCKAQIIPSDS-UHFFFAOYSA-N,1,,0
DLZRUOUPLDQRRG-PXLJZGITSA-N,1,5.823908740944319,1
SIRMQLLMKUZYMJ-UHFFFAOYSA-N,1,5.823908740944319,1
VCOZZVXBJBIFFG-UHFFFAOYSA-N,1,5.823908740944319,1
SRIOHIXTSHGWLJ-ZWKOTPCHSA-N,1,5.815308569182401,1
DXDAOPRJHIBOSF-QAXCHELISA-N,1,,0
RGUDXLHTEUZZSX-SFHVURJKSA-N,1,5.8144578451456255,2
RGUDXLHTEUZZSX-GOSISDBHSA-N,1,5.8144578451456255,1
UZKMDJRPPAXGMU-QHCPKHFHSA-N,1,5.806875401645538,1
MBLYTRTVVBPGLQ-WENCNXQZSA-N,1,5.800000874803203,1
PWOIYCNBZZDBKW-YTTGMZPUSA-N,1,5.800000874803203,1
SFBJQTXZKXTYKE-UHFFFAOYSA-N,1,5.795880017344075,1
JYCLPXSCZKCIMO-YEFUCVGBSA-N,1,5.790484985457369,1
LLDXCQQWICNMIB-UHFFFAOYSA-N,1,5.770000934050708,1
CHUSBYPJIXEVJR-QHCPKHFHSA-N,1,5.769551078621726,1
VEDXOPSEGUKALQ-SFHVURJKSA-N,1,5.769551078621726,1
FFHLOFOSIPUNDM-UHFFFAOYSA-N,1,5.769551078621726,1
PKJCAAZHTMYOEX-DHUJRADRSA-N,1,5.7447274948966935,1
DEYOMMQLWMIBRN-UHFFFAOYSA-N,1,5.7447274948966935,1
AVOBUSCWJGQAJM-SVBPBHIXSA-N,1,5.7217691797328385,2
UUOUKHVFSLUAIM-UHFFFAOYSA-N,1,5.721246399047171,1
HCKXMTSBKOYSJY-IGBKUBFESA-N,1,5.700000503883016,1
KYGJZARUWQDKNA-UHFFFAOYSA-N,1,5.698970004336019,1
QOYSJYDAYLKBNM-UHFFFAOYSA-N,1,,0
LYFVQKKPLRCWGQ-UHFFFAOYSA-N,1,5.689999562814496,1
FDRLKINZOIUIDP-XAIPSOGISA-N,1,5.679999195735272,1
MDUAYQWGTRXARJ-QHCPKHFHSA-N,1,5.667561540084394,1
ZAYADERDILOEBG-ABYGYWHVSA-N,1,5.657577319177793,2
IPHLJEAOWLQDBF-UHFFFAOYSA-N,1,5.657577319177793,1
SIYPEYKSXSWWFT-UHFFFAOYSA-N,1,5.657577319177793,1
SZSNPMYOMSLAPU-UHFFFAOYSA-N,1,5.650722472532045,1
JSNZMVJAAYILPX-UHFFFAOYSA-N,1,5.639999555020352,1
KDLUBXVKFJCDHI-HSZGREIDSA-N,1,5.638272163982407,1
AMYNKJAEPXTVQR-UHFFFAOYSA-N,1,5.632085261206248,1
LSAWEFOQDMPCLG-UHFFFAOYSA-N,1,5.632085261206248,1
RVKBMGOBDMERLT-UHFFFAOYSA-N,1,5.629999780524884,1
AMYNKJAEPXTVQR-QFIPXVFZSA-N,1,5.629999780524884,1
LSAWEFOQDMPCLG-SFHVURJKSA-N,1,5.629999780524884,1
IDVYVVGIQIVDOX-UHFFFAOYSA-N,1,5.619788758288394,1
YYXOHTNVIPISIW-UHFFFAOYSA-N,1,5.619788758288394,1
BCBZQRGPPQVWGF-KRWDZBQOSA-N,1,5.6020599913279625,1
XDAGGXHDRUKNTB-ABQZONIHSA-N,1,5.6020599913279625,1
VFXYWFFOVYLHOY-DEOSSOPVSA-N,1,5.6020599913279625,1
OTCUBUAATXSYHI-NSOVKSMOSA-N,1,5.6020599913279625,1
YQFOLIIAPDJRBR-OAQYLSRUSA-N,1,5.59999938302362,1
JBHLDFWFKHUKBN-LJQANCHMSA-N,1,5.59999938302362,1
OZPICOPIYPCOIS-ZZGCUDHESA-N,1,5.596879478824182,1
XICQUSHDCDGLOA-OALUTQOASA-N,1,5.579714115058082,1
QXCVZBAXCMOJRS-UHFFFAOYSA-N,1,5.5741398549221595,1
VJUXBLWRJQYXEJ-WNJJXGMVSA-N,1,5.5717447568885525,2
QXCVZBAXCMOJRS-KRWDZBQOSA-N,1,5.570000775141681,1
XXUOOQREUFQRJA-GHKDZDAUSA-N,1,5.568636235841012,5
NPICWBOHBXJCOB-BVRKHOPBSA-N,1,5.568636235841012,1
CYGLIGYBWWRIPJ-FFNFELIASA-N,1,5.563519304990505,1
MRBKXGQRRJWHRZ-UHFFFAOYSA-N,1,5.560825260156531,1
VPBMZONAJGBYSG-MRNPYCGKSA-N,1,5.551186454354779,2
ZNUJWZLCROWJAJ-SVBPBHIXSA-N,1,5.539297238237501,2
IWEYVTFOHKCWJN-ABYGYWHVSA-N,1,5.522878745280337,2
OCZZSQRGBFEJLE-AREMUKBSSA-N,1,5.522878745280337,1
SCIFAMUXVONJNS-UHFFFAOYSA-N,1,5.522878745280337,1
WWUPAOQRBLVDHW-DSPMFFIESA-N,1,,0
FSNNPGVZVZVXSZ-UHFFFAOYSA-N,1,5.522155523661242,1
DMMXXLOPZHBMHM-CLJLJLNGSA-N,1,5.494850021680094,1
NKOIXVRNECOYPP-RRPNLBNLSA-N,1,5.481486060122112,1
ROOCUTOICRZTPC-UHFFFAOYSA-N,1,5.455931955649724,1
KXDFNFPRYVPCBY-UHFFFAOYSA-N,1,5.443697499232712,1
TYSLMXDXDTVHKA-UHFFFAOYSA-N,1,5.431798275933005,1
OVNDNIJQJAWJBW-UHFFFAOYSA-N,1,5.431798275933005,1
QPYYKHVKRDAGGT-VMPREFPWSA-N,1,5.431798275933005,1
BXGTWCLBVXIHEG-UHFFFAOYSA-N,1,5.430000267796055,1
UEGZTLOHEMEPKH-OHWKKVTOSA-N,1,5.430000267796055,1
UMNLNRHEUYRDHL-IBGZPJMESA-N,1,5.42021640338319,2
IIKGQLGUZILRIB-HKBQPEDESA-N,1,5.42021640338319,1
XEYATICKRZOTNK-UHFFFAOYSA-N,1,5.407046428452134,1
OXJKASFUYPVYQD-HQKXVBDLSA-N,1,5.3879582553547305,1
JMTNSBHIHIHOHW-UHFFFAOYSA-N,1,5.369999510099088,1
RRMHOUYEUUCREL-UHFFFAOYSA-N,1,5.369063880935808,1
XTSMGYUOSWQEGE-UHFFFAOYSA-N,1,5.3632113109656245,1
CYKBLLUYVJYTFI-ICQJPXRGSA-N,1,5.356547323513812,1
USCBMUJHCSEWHX-JLBRLKOWSA-N,1,5.350675839750447,2
JHFYQTLWYXLJOH-IESGLXGPSA-N,1,5.349995898723094,2
GXTSWQHJNXPRMX-QCWLJUHMSA-N,1,5.318758762624412,1
DIPBPGRFGZKMEF-UHFFFAOYSA-N,1,5.2839966563652006,2
WRUBXFSSCDVVKX-HAMNQKLPSA-N,1,,0
AYWZDQSVYRGCLX-DEOSSOPVSA-N,1,5.259637310505756,1
BKFSYSKVGGJRTB-RUZDIDTESA-N,1,5.259637310505756,1
MJYZBJNRPZZIEB-SHBGNZKVSA-N,1,5.2441251443275085,1
JCYBYWFFRFKLHB-FYTJDIJESA-N,1,,0
YGFQSJLSUZZAFQ-UHFFFAOYSA-N,1,5.221848749616356,1
YGFQSJLSUZZAFQ-KRWDZBQOSA-N,1,5.219999701663429,1
FFFWLCPVZQDKGV-CQSZACIVSA-N,1,,0
UCCJAMQRFDRLBW-YPKYBTACSA-N,1,,0
MOFIHHRIGQKWJP-DQEYMECFSA-N,1,5.204133880524082,2
SWQWEWYADDAXRZ-NDKIRZHOSA-O,1,5.200007718737121,2
HNIFCPBQMKPRCX-UHFFFAOYSA-N,1,5.187086643357144,1
SVWMIGCETSKTFP-UHFFFAOYSA-N,1,5.183029962242701,1
UENKSTZFYXQHBC-UHFFFAOYSA-N,1,5.173925197299173,1
XDXNXAQKAHUCSV-UHFFFAOYSA-N,1,5.173925197299173,1
YQBRPIRTGATJSG-LLVKDONJSA-N,1,,0
PCVSIMQAFWRUEC-MFMCTBQISA-N,1,5.1487416512809245,1
NWXOYTTXJSLUBW-XNGNZPCXSA-N,1,,0
UNGJRWQXFMCGEL-AFJIDDCJSA-N,1,5.139999976065226,1
QPYHFENMSUXYHC-UHFFFAOYSA-N,1,5.132768285481106,1
PFGRJJDPSAEIIG-WENCNXQZSA-N,1,5.130000141365475,1
HTLSINNHNFLIHS-JCMHNJIXSA-N,1,5.1249387366083,3
KSQAOYHTDJHQEM-UHFFFAOYSA-N,1,5.100000128334196,1
GYGRAOHPQAELJF-OAHLLOKOSA-N,1,,0
BNPYZZVTLFIGQT-HQGJUUJZSA-N,1,5.096910013008056,1
ZWGBYSYEAMYQIP-NSOVKSMOSA-N,1,5.096910013008056,1
HTLSINNHNFLIHS-AMCKHAKVSA-N,1,5.089999741487069,1
CIZAZGNGSGBRIV-WMZOPIPTSA-N,1,5.031517051446064,1
NZKGDOQKRXGMMD-MRVPVSSYSA-N,1,,0
KCSRJADYKPWYMI-ACHIHNKUSA-N,1,5.017728766960431,1
NISRECNTXSSHMS-UIOOFZCWSA-N,1,5.0,1
ZYOSMLUSASXSFL-ZUKKLESISA-N,1,5.0,1
BYVRLIUFCGUMSP-XYFQYJLHSA-N,1,5.0,1
HJAQMJATMQOAIW-SYBRLPANSA-N,1,5.0,1
LKTJRLOXOYSXCH-SESVDKBCSA-N,1,5.0,1
ZMVUVIKWZWFBIB-MRVPVSSYSA-N,1,,0
IQIGYVQQRKFGLN-HSYVCWSSSA-N,1,4.920818753952375,1
CTHINHZPCBLTOS-MRVPVSSYSA-N,1,,0
LMKXUGXJFNHYIM-VLKHTXRVSA-N,1,4.900000142057633,1
DHRKQJQSMYHSPN-GFCCVEGCSA-N,1,,0
BIAVGWDGIJKWRM-FQEVSTJZSA-N,1,,0
VUVUVNZRUGEAHB-CYBMUJFWSA-N,1,4.8996294548824375,1
BWTVMVHFJRFVFO-CYBMUJFWSA-N,1,,0
DEMCWLJFPLEFSC-LLVKDONJSA-N,1,,0
RZJHKAMGEAYCNK-SECBINFHSA-N,1,,0
OHVOJDRKZAWKAU-UHFFFAOYSA-N,1,,0
QJNHNXFWOFSZPP-MRXNPFEDSA-N,1,,0
XVVRWYWOSKYJQI-BUCIFIAKSA-N,1,4.7447274948966935,1
VXDCZKMJBPXDFA-LLVKDONJSA-N,1,,0
QTBQHIWMGGQACY-ZCFIWIBFSA-N,1,,0
XQEMTCXFWJTEJP-KYJUHHDHSA-N,1,4.705533773838407,1
WVMPHKVLGBDWHJ-MRVPVSSYSA-N,1,,0
ZMVUVIKWZWFBIB-UHFFFAOYSA-N,1,,0
KTZUFWFRVQNNLJ-MRVPVSSYSA-N,1,,0
SZEYAOKHLPDWFZ-CYBMUJFWSA-N,1,,0
DMCGPNZWXATPEH-MRVPVSSYSA-N,1,,0
UOMUYZXEONWAOD-SNVBAGLBSA-N,1,,0
VZMWAYUMGJCBRT-SSDOTTSWSA-N,1,,0
QUXGPHXFLBRUBT-GFCCVEGCSA-N,1,,0
HQHFIEUYQAJYLY-WLGONLEPSA-N,1,4.585026652029182,1
OMXDMSNIWWLZLW-SNVBAGLBSA-N,1,,0
OSCUVIRCTXFEQR-SVBPBHIXSA-N,1,4.552841968657781,1
UISHJVFGYAWGBZ-SSDOTTSWSA-N,1,,0
VLLFEUWZRHANMO-NSOVKSMOSA-N,1,4.531652669587842,1
ZMIOQWILBZBCHW-UHFFFAOYSA-N,1,,0
HQHFIEUYQAJYLY-GOUQPXDXSA-N,1,4.42021640338319,1
YSACADGFTDXORF-KYJUHHDHSA-N,1,4.3979400086720375,1
DOEVSBYTUDFXBA-CYBMUJFWSA-N,1,,0
LBAAIVZXZRLIKD-DOQQYFFYSA-N,1,4.318758762624412,1
GEUTULBNCCZHKU-OLBUMSFYSA-N,1,4.318758762624412,1
AZNNPKRJKPDWFO-WLGONLEPSA-N,1,4.267606240177032,1
GHDDEVKIZGAFSU-PQHLKRTFSA-N,1,4.217527375833714,1
KLQLQDLJJUAEGT-ZBFHGGJFSA-N,1,,0
MNBKIVMHPMYHKA-YDGJAZGUSA-N,1,4.142667503568732,1
PCVSIMQAFWRUEC-JDXGNMNLSA-N,1,4.084072788302884,1
AZNNPKRJKPDWFO-GOUQPXDXSA-N,1,4.055517327849832,1
GEUTULBNCCZHKU-DDWAFBAVSA-N,1,4.031517051446065,1
SIIMITFGYHVBGG-FGSBKAERSA-N,1,4.022276394711152,1
LBAAIVZXZRLIKD-XQVMISGQSA-N,1,4.008773924307505,1
YEVSUPHBPJRSDX-AOYPEHQESA-N,1,4.0,1
KQUGKAAVNOADJT-UIOOFZCWSA-N,1,4.0,1
TXNJQKDZOVFCAQ-GRYUFTJMSA-N,1,3.769551078621726,1
CUYQGQBFUJWGCV-UHFFFAOYSA-N,1,,0
PCVSIMQAFWRUEC-DGPALRBDSA-N,1,3.562249437179612,1
QYEWXCVGWCGREN-KIQDXCFYSA-N,1,,0
