inchikey,SMILES,pAct,n_records,sd,year_min,year_max,year_median,types,assay_types,n_documents
WMTKHCQGJKXVST-PYIJLGDTSA-N,CC(C)C[C@H](NC(=O)[C@@H]1CCCN1C(=O)[C@H](CO[C@@H]1O[C@H](CO)[C@@H](O)[C@H](O)[C@H]1O)NC(=O)[C@H](Cc1ccccc1)NC(=O)CNC(=O)[C@@H](C)NC(=O)[C@@H](N)Cc1ccc(O)cc1)C(=O)N[C@@H](Cc1c[nH]c2ccccc12)C(=O)NCc1cc(C(F)(F)F)cc(C(F)(F)F)c1,12.084301897225643,2,0.17775898312408905,2009,2009,2009,IC50;Ki,B,1
OCQZYGJWLHVJRD-UHFFFAOYSA-N,NCc1nc2ccccc2c(-c2ccccc2)c1C(=O)NCc1cc(C(F)(F)F)cc(C(F)(F)F)c1,11.769551078621726,1,0.0,2004,2004,2004,IC50,B,1
ADVXLVRKUFJJTA-CYLPJFJESA-N,CCCC[C@H](NC(=O)[C@H](Cc1ccccc1)NC(=O)CNC(=O)[C@@H](C)NC(=O)[C@@H](N)Cc1ccc(O)cc1)C(=O)N1CCC[C@H]1C(=O)N[C@@H](CC(C)C)C(=O)N[C@@H](Cc1c[nH]c2ccccc12)C(=O)NCc1cc(C(F)(F)F)cc(C(F)(F)F)c1,11.561383456552921,2,0.012079488024153203,2009,2009,2009,IC50;Ki,B,1
NKULLHQHASCPKR-CDYHHZRJSA-N,C[C@@H](NC(=O)[C@@H](N)Cc1ccc(O)cc1)C(=O)NCC(=O)N[C@@H](Cc1ccc(F)cc1)C(=O)NCC(=O)N[C@@H](Cc1c[nH]c2ccccc12)C(=O)OCc1cc(C(F)(F)F)cc(C(F)(F)F)c1,11.397940008672037,1,0.0,2015,2015,2015,Ki,B,1
ADPQCWUGLGBPRO-ISCRSJHHSA-N,C[C@@H](NC(=O)[C@@H](N)Cc1ccc(O)cc1)C(=O)N[C@@H](Cc1c[nH]c2ccccc12)C(=O)OCc1cc(C(F)(F)F)cc(C(F)(F)F)c1,11.397940008672037,1,0.0,2015,2015,2015,Ki,B,1
DSXDZHLLPRAKKT-XCRGKUJJSA-N,C[C@@H](NC(=O)[C@@H](N)Cc1ccc(O)cc1)C(=O)NCC(=O)N[C@@H](Cc1ccccc1)C(=O)NCC(=O)N[C@@H](Cc1c[nH]c2ccccc12)C(=O)OCc1cc(C(F)(F)F)cc(C(F)(F)F)c1,11.244125144327509,1,0.0,2013,2013,2013,Ki,B,1
PVNAJCHBKOKIIB-KKYBWPPWSA-N,CC(C)C[C@H](NC(=O)[C@@H]1CCCN1C(=O)[C@@H]1NC(=O)[C@H](Cc2ccccc2)NC(=O)CNC(=O)[C@@H](NC(=O)[C@@H](N)Cc2ccc(O)cc2)C(C)(C)SSC1(C)C)C(=O)N[C@@H](Cc1c[nH]c2ccccc12)C(=O)NCc1cc(C(F)(F)F)cc(C(F)(F)F)c1,11.092909509479906,2,0.2585389163041771,2010,2010,2010,IC50;Ki,B,1
CJYLEVUNMXXSAG-ZTNHBREUSA-N,CC(C)C[C@H](NC(=O)[C@H](Cc1ccccc1)NC(=O)CNC(=O)[C@@H](C)NC(=O)[C@@H](N)Cc1ccc(O)cc1)C(=O)N[C@@H](Cc1c[nH]c2ccccc12)C(=O)OCc1cc(C(F)(F)F)cc(C(F)(F)F)c1,11.045757490560675,1,0.0,2013,2013,2013,Ki,B,1
UTXLSPLKQGPIPL-WXYSSXJFSA-N,CSCC[C@H](NC(=O)[C@H](Cc1ccccc1)NC(=O)CNC(=O)[C@@H](C)NC(=O)[C@@H](N)Cc1ccc(O)cc1)C(=O)N1CCC[C@H]1C(=O)N[C@@H](CC(C)C)C(=O)N[C@@H](Cc1c[nH]c2ccccc12)C(=O)NCc1cc(C(F)(F)F)cc(C(F)(F)F)c1,11.02743811493894,6,0.15183732294762894,2008,2010,2009,IC50;Ki,B,3
UIBQKGCCXYTNSB-UHFFFAOYSA-N,O=C(NCc1cc(C(F)(F)F)cc(C(F)(F)F)c1)c1c(CBr)nc2ccccc2c1-c1ccccc1,11.0,1,0.0,2004,2004,2004,IC50,B,1
KUPDICLCUUMCDF-UHFFFAOYSA-N,CNCc1nc2ccccc2c(-c2ccccc2)c1C(=O)NCc1cc(C(F)(F)F)cc(C(F)(F)F)c1,10.958607314841775,1,0.0,2004,2004,2004,IC50,B,1
ATJZNASWBNGJGA-UPKFDLETSA-N,CSCC[C@H](NC(=O)[C@H](Cc1ccccc1)NC(=O)CNC(=O)[C@@H](C)NC(=O)[C@@H](N)Cc1c(C)cc(O)cc1C)C(=O)N1CCC[C@H]1C(=O)N[C@@H](CC(C)C)C(=O)N[C@@H](Cc1c[nH]c2ccccc12)C(=O)NCc1cc(C(F)(F)F)cc(C(F)(F)F)c1,10.921150760362242,2,0.2562868199951642,2011,2011,2011,IC50;Ki,B,1
ZGKMSCDQIDVSIK-FNFCYJGBSA-N,Cc1cc(O)cc(C)c1C[C@H](N)C(=O)N[C@H](C)C(=O)N[C@@H](Cc1c[nH]c2ccccc12)C(=O)OCc1cc(C(F)(F)F)cc(C(F)(F)F)c1,10.795880017344075,1,0.0,2015,2015,2015,Ki,B,1
SRLYUYRWDOPUDB-SZFUDVHCSA-N,Cc1cc(F)ccc1[C@H]1CN(C(=O)C(N)=O)CC[C@@H]1C(=O)N(C)[C@@H](C)c1cc(C(F)(F)F)cc(C(F)(F)F)c1,10.769551078621726,1,0.0,2012,2012,2012,IC50,B,1
NQQVDBGEUDENFZ-XYJCDUHRSA-N,C[C@@H](OCC1(c2ccccc2)CC(N)C1)c1cc(C(F)(F)F)cc(C(F)(F)F)c1,10.698970004336019,1,0.0,2006,2006,2006,Ki,B,1
XLJBLGBRVMYMNE-GOTSBHOMSA-N,COc1ccc(-n2nnnc2C(F)(F)F)cc1CN[C@H]1CCN(C(=O)CCCNC(C)=O)C[C@H]1c1ccccc1,10.602059991327963,1,0.0,2011,2011,2011,IC50,B,1
CAHGELRDKXVTKA-RPBOFIJWSA-N,CC(=O)N1CCC(C(=O)N2C[C@H](c3ccc(F)cc3)[C@@H](N(C)C(=O)N(C)c3cc(C(F)(F)F)cc(C(F)(F)F)c3)C2)CC1,10.568636235841012,1,0.0,2013,2013,2013,IC50,B,1
MVWDYFOJQAABRA-LOSJGSFVSA-N,CC(=O)N1CCC(C(=O)N2C[C@@H](N(C)C(=O)N(C)c3cc(Cl)cc(Cl)c3)[C@H](c3ccc(F)cc3)C2)CC1,10.537602002101044,1,0.0,2013,2013,2013,IC50,B,1
VUBAEISRKSELTE-OGPKSRJFSA-N,C[C@@H](NC(=O)[C@@H](N)Cc1ccc(O)cc1)C(=O)NCC(=O)N[C@@H](Cc1c[nH]c2ccccc12)C(=O)OCc1cc(C(F)(F)F)cc(C(F)(F)F)c1,10.522878745280337,1,0.0,2015,2015,2015,Ki,B,1
LVKWUNFNJODDPV-XZOQPEGZSA-N,CN(C(=O)N(C)[C@@H]1CN(C(=O)N2CCN(S(C)(=O)=O)CC2)C[C@H]1c1ccc(F)cc1)c1cc(C(F)(F)F)cc(C(F)(F)F)c1,10.522878745280337,1,0.0,2013,2013,2013,IC50,B,1
ZDJFLHCNTGAWQS-JYFHCDHNSA-N,CC(=O)N1CCC(C(=O)N2CC[C@@H](N(C)C(=O)N(C)c3cc(C(F)(F)F)cc(C(F)(F)F)c3)[C@H](c3ccc(Cl)c(Cl)c3)C2)CC1,10.508638306165727,1,0.0,2013,2013,2013,IC50,B,1
WCIIIOXFGGLKMU-GMAHTHKFSA-N,COc1ccc(-c2ccsc2)cc1CN[C@H]1CCCN[C@H]1c1ccccc1,10.500038134403809,1,0.0,1995,1995,1995,Ki,B,1
KVHRINXGSHANGC-RRPNLBNLSA-N,CC(=O)N1CCC(C(=O)N2CC[C@H](C(=O)N(C)Cc3cc(C(F)(F)F)cc(C(F)(F)F)c3)[C@@H](c3ccccc3C)C2)CC1,10.494850021680094,1,0.0,2012,2012,2012,IC50,B,1
OIFPROSOIDRACJ-SYIFMXBLSA-N,CC(=O)N1CCC(C(=O)N2CC(c3ccc(F)cn3)[C@H](N(C)C(=O)N(C)c3cc(C(F)(F)F)cc(C(F)(F)F)c3)C2)CC1,10.494850021680094,1,0.0,2013,2013,2013,IC50,B,1
JNSYLTHKBVSSSE-VQTJNVASSA-N,Cc1cc(F)ccc1[C@H]1CN(C(=O)C(N)=O)CC[C@@H]1C(=O)N(C)Cc1cc(C(F)(F)F)cc(C(F)(F)F)c1,10.49148333035061,2,0.2934304683618504,2012,2012,2012,IC50,B,1
VYUZFKRVLLXBRD-JZIKEGBGSA-N,CSCC[C@H](NC(=O)[C@H](Cc1ccccc1)NC(=O)CNC(=O)[C@@H](C)NC(=O)[C@@H](N)Cc1ccc(O)cc1)C(=O)N[C@@H](C)C(=O)N[C@@H](CC(C)C)C(=O)N[C@@H](Cc1c[nH]c2ccccc12)C(=O)OCc1cc(C(F)(F)F)cc(C(F)(F)F)c1,10.468521082957745,1,0.0,2013,2013,2013,Ki,B,1
ALFJIXABJRNKLR-VQTJNVASSA-N,Cc1cc(F)ccc1[C@H]1CN(C(N)=O)CC[C@@H]1C(=O)N(C)Cc1cc(C(F)(F)F)cc(C(F)(F)F)c1,10.455931955649724,1,0.0,2012,2012,2012,IC50,B,1
KEBGEOSFYGRLDX-SFTDATJTSA-N,COc1ccc(-n2nnnc2C(F)(F)F)cc1CN[C@H]1CCN(C(=O)CNC(C)=O)C[C@H]1c1ccccc1,10.453114109250635,2,0.4475094537208358,2011,2011,2011,IC50,B,1
XILNRORTJVDYRH-HKUYNNGSSA-N,COc1ccc(-n2nnnc2C(F)(F)F)cc1CN[C@H]1CCCN[C@H]1c1ccccc1,10.449984651306366,4,0.2462028838979253,1996,2011,2003,IC50;Ki,B,4
SAOIHBIAGRVDAR-KBJGYGKASA-N,CC(=O)N[C@H]1CC[C@@](CO[C@H](C)c2cc(C(F)(F)F)cc(C(F)(F)F)c2)(c2ccccc2)NC1,10.41195437047216,2,0.8316221045724969,2010,2011,2010,Ki,B,2
LAPDOBVFPRPNFV-PMACEKPBSA-N,CCNC(=O)N1CC[C@H](NCc2cc(-n3nnnc3C(F)(F)F)ccc2OC)[C@H](c2ccccc2)C1,10.4089353929735,1,0.0,2011,2011,2011,IC50,B,1
OUYSLNGQLIIZQC-XZOQPEGZSA-N,CN(C(=O)N(C)[C@@H]1CN(C(=O)NC2CCOCC2)C[C@H]1c1ccc(F)cc1)c1cc(C(F)(F)F)cc(C(F)(F)F)c1,10.4089353929735,1,0.0,2013,2013,2013,IC50,B,1
POVSMQHNJBZQSH-REWPJTCUSA-N,CCCc1nnnn1-c1ccc(OC)c(CN[C@H]2CCCN[C@H]2c2ccccc2)c1,10.400007822415901,1,0.0,1996,1996,1996,Ki,B,1
ZOXDXWYYGMUJSO-ICSRJNTNSA-N,COc1ccc(-n2nnnc2SC)cc1CN[C@H]1CCCN[C@H]1c1ccccc1,10.400007822415901,1,0.0,1996,1996,1996,Ki,B,1
LZKSSKWSKNLYAF-XZOQPEGZSA-N,CC(=O)NCC(=O)N1CC[C@H](C(=O)N(C)Cc2cc(C(F)(F)F)cc(C(F)(F)F)c2)[C@@H](c2ccc(F)cc2C)C1,10.366531544420413,1,0.0,2012,2012,2012,IC50,B,1
NTGJAYAGZOYPEO-VXKWHMMOSA-N,CCNC(=O)N1CC[C@H](NCc2cc(-n3nnnc3C(F)(F)F)ccc2OC2CC2)[C@H](c2ccccc2)C1,10.356547323513812,1,0.0,2011,2011,2011,IC50,B,1
DZYPLFAASKBQBS-ICSRJNTNSA-N,COc1ccc(-n2cnnn2)cc1CN[C@H]1CCCN[C@H]1c1ccccc1,10.348964473174963,4,0.08585702320025833,1995,2013,2000,IC50;Ki,B,4
XHJXRHNUFXHMEV-REAJPLCASA-N,CC(C)C[C@H](NC(=O)[C@@H]1CCCN1C(=O)[C@H](Cc1ccccc1)NC(=O)CNC(=O)[C@@H](C)NC(=O)[C@@H](N)Cc1ccc(O)cc1)C(=O)N[C@@H](Cc1c[nH]c2ccccc12)C(=O)OCc1cc(C(F)(F)F)cc(C(F)(F)F)c1,10.337242168318426,1,0.0,2008,2008,2008,Ki,B,1
YGZREHQKRAUHGY-VQTJNVASSA-N,Cc1cc(F)ccc1[C@H]1CN(C(=O)C(=O)NO)CC[C@@H]1C(=O)N(C)Cc1cc(C(F)(F)F)cc(C(F)(F)F)c1,10.337242168318426,1,0.0,2012,2012,2012,IC50,B,1
SIHCCJJWSBAMTD-RRPNLBNLSA-N,CC(=O)N1CCC(C(=O)N2CC[C@H](C(=O)N(C)Cc3cc(C(F)(F)F)cc(C(F)(F)F)c3)[C@@H](c3ccc(F)cc3C)C2)CC1,10.327902142064282,1,0.0,2012,2012,2012,IC50,B,1
WYRVPBJYGNHDQS-LEWJYISDSA-N,CNC(=O)N1CC[C@H](C(=O)N(C)Cc2cc(C(F)(F)F)cc(C(F)(F)F)c2)[C@@H](c2ccc(F)cc2C)C1,10.318758762624412,1,0.0,2012,2012,2012,IC50,B,1
WFRTYDJMZVPQJC-JBOYQHEBSA-N,CSCC[C@H](NC(=O)CNC(=O)[C@@H](NC(=O)CNC(=O)[C@@H](NC(=O)[C@H](NC(=O)[C@H](CC(N)=O)NC(=O)[C@H](CCCNC(=N)N)NC(=O)[C@H](Cc1ccccc1)NC(=O)[C@@H](N)CO)C(C)(C)C)C(C)C)[C@@H](C)O)C(=O)N[C@@H](CCCCN)C(=O)N[C@@H](CCCCN)C(=O)N[C@H](C(=O)N[C@@H](CO)C(=O)N[C@@H](Cc1ccccc1)C(=O)N[C@@H](CCC(N)=O)C(=O)N[C@@H](CCCNC(=N)N)C(=O)N[C@@H](C)C(=O)N[C@@H](CCCCN)C(=O)N[C@@H](CO)C(=O)O)[C@@H](C)O,10.309981219211306,1,0.0,2009,2009,2009,EC50,F,1
JATRHWFLYQWVOP-PMACEKPBSA-N,COc1ccc(-n2nnnc2C(F)(F)F)cc1CN[C@H]1CCN(C(C)=O)C[C@H]1c1ccccc1,10.309803919971486,1,0.0,2011,2011,2011,IC50,B,1
HUBLDDBZWROLJY-JYQZRRITSA-N,COC(=O)N[C@H]1CC[C@H](C(=O)N2C[C@@H](N(C)C(=O)N(C)c3cc(C(F)(F)F)cc(C(F)(F)F)c3)[C@H](c3ccc(F)cc3)C2)CC1,10.309803919971486,1,0.0,2013,2013,2013,IC50,B,1
ZUWHBRRBKKTMQO-ICSRJNTNSA-N,O=c1[nH]nc(CN2CCC[C@H](OCc3cc(C(F)(F)F)cc(C(F)(F)F)c3)[C@@H]2c2ccccc2)[nH]1,10.301029995663981,4,0.15051499783199063,1996,2021,2001,IC50,B,4
GVRKQRSTDMXZGX-VAQUTSCRSA-N,C[C@@H](NC(=O)[C@@H](N)Cc1ccc(O)cc1)C(=O)NCC(=O)N[C@@H](Cc1ccccc1)C(=O)NCCC(=O)N[C@@H](Cc1c[nH]c2ccccc12)C(=O)OCc1cc(C(F)(F)F)cc(C(F)(F)F)c1,10.301029995663981,1,0.0,2015,2015,2015,Ki,B,1
NNCLFEXCOZZGBL-URXFXBBRSA-N,COc1ccc(-c2c(C)noc2C)cc1CN[C@H]1CCCN[C@H]1c1ccccc1,10.299988937677888,1,0.0,1995,1995,1995,Ki,B,1
IWYYILZQWTZMBD-HKUYNNGSSA-N,COc1ccc(Br)cc1CN[C@H]1CCCN[C@H]1c1ccccc1,10.299988937677888,1,0.0,1995,1995,1995,Ki,B,1
CDOUOAYDUOAYET-FPOVZHCZSA-N,COc1ccc(-n2nnnc2C)cc1CN[C@H]1CCCN[C@H]1c1ccccc1,10.299988937677888,1,0.0,1996,1996,1996,Ki,B,1
JEVJEXOPWIYIHY-UGKGYDQZSA-N,CCc1nnnn1-c1ccc(OC)c(CN[C@H]2CCCN[C@H]2c2ccccc2)c1,10.299988937677888,1,0.0,1996,1996,1996,Ki,B,1
XYYBIGZRYVVKHM-IZZNHLLZSA-N,CC(=O)N1CCC(C(=O)N2CC[C@H](C(=O)N(C)Cc3cc(C(F)(F)F)cc(C(F)(F)F)c3)[C@@H](c3ccc(F)cc3)C2)CC1,10.2839966563652,1,0.0,2012,2012,2012,IC50,B,1
SRPGJTDSNNPYQF-OALUTQOASA-N,COC(=O)N1CC[C@H](NCc2cc(-n3nnnc3C(F)(F)F)ccc2OC)[C@H](c2ccccc2)C1,10.267606240177031,1,0.0,2011,2011,2011,IC50,B,1
RUMVZUFKTZXZHP-VXKWHMMOSA-N,COc1ccc(-n2nnnc2C(F)(F)F)cc1CN[C@H]1CCN(C(=O)CCNC(C)=O)C[C@H]1c1ccccc1,10.267606240177031,1,0.0,2011,2011,2011,IC50,B,1
DNWDXVUEVAPELT-SFTDATJTSA-N,COc1ccc(-n2nnnc2C(F)(F)F)cc1CN[C@H]1CCN(C(=O)NC2CC2)C[C@H]1c1ccccc1,10.2518119729938,1,0.0,2011,2011,2011,IC50,B,1
UEFMCYITDQUEOQ-OALUTQOASA-N,COc1ccc(-n2nnnc2C(F)(F)F)cc1CN[C@H]1CCN(C(=O)NCC(F)(F)F)C[C@H]1c1ccccc1,10.244125144327509,1,0.0,2011,2011,2011,IC50,B,1
LUDXHXZJUQBRBS-GOTSBHOMSA-N,COc1ccc(-n2nnnc2C(F)(F)F)cc1CN[C@H]1CCN(C(=O)C2CN(C(C)=O)C2)C[C@H]1c1ccccc1,10.244125144327509,1,0.0,2011,2011,2011,IC50,B,1
KOEGRIPAKURRCQ-PUCZYUMASA-N,CC(C)NC(=O)N1C[C@@H](O[C@H](C)c2cc(C(F)(F)F)cc(C(F)(F)F)c2)[C@H](c2ccc(F)cc2)C1,10.221848749616356,1,0.0,2007,2007,2007,IC50,B,1
SUITYIWBXSZXIQ-MJRZITLZSA-N,C[C@@H](O[C@H]1CN2C(=O)CC[C@H]2[C@@H]1c1ccc(F)cc1)c1cc(C(F)(F)F)cc(C(F)(F)F)c1,10.221848749616356,5,0.8567867485120741,2008,2010,2010,IC50,B,3
UZFQUSTZMHSQPN-VNNGDKDKSA-N,C[C@@H](O[C@H]1CN2C(=O)NC[C@H]2[C@@H]1c1ccc(F)cc1)c1cc(C(F)(F)F)cc(C(F)(F)F)c1,10.221848749616356,1,0.0,2008,2008,2008,IC50,B,1
BQYNOCZVNLUEFZ-UPVQGACJSA-N,COc1ccc(-c2ccncc2)cc1CN[C@H]1CCCN[C@H]1c1ccccc1,10.199970640755865,1,0.0,1995,1995,1995,Ki,B,1
HYVDVRAQILFVQT-GMAHTHKFSA-N,COc1ccc(-c2ccoc2)cc1CN[C@H]1CCCN[C@H]1c1ccccc1,10.199970640755865,1,0.0,1995,1995,1995,Ki,B,1
LHCAJNSBYDLUII-ICSRJNTNSA-N,COc1ccc(-n2nnnc2S(C)(=O)=O)cc1CN[C@H]1CCCN[C@H]1c1ccccc1,10.199970640755865,1,0.0,1996,1996,1996,Ki,B,1
DHNLMUQAIWWIEX-UHFFFAOYSA-N,Cc1cc(F)ccc1-c1cc(C2CN(C)C(=O)C2CO)ncc1N(C)C(=O)C(C)(C)c1cc(C(F)(F)F)cc(C(F)(F)F)c1,10.199970640755865,1,0.0,2011,2011,2011,Ki,F,1
XWNBGDJPEXZSQM-VZOBGQTKSA-N,Cc1cc(F)ccc1[C@H]1C[C@@H](N2CCN3C(=O)CC[C@H]3C2)CCN1C(=O)N(C)[C@H](C)c1cc(C(F)(F)F)cc(C(F)(F)F)c1,10.199970640755865,1,0.0,2013,2013,2013,Ki,B,1
PRKDQTJNJVWZST-WUFINQPMSA-N,CCc1ccccc1[C@H]1CN(C(=O)C2CCN(C(C)=O)CC2)CC[C@@H]1C(=O)N(C)Cc1cc(C(F)(F)F)cc(C(F)(F)F)c1,10.193820026016112,1,0.0,2012,2012,2012,IC50,B,1
XWNBGDJPEXZSQM-QSEFLHEVSA-N,Cc1cc(F)ccc1[C@H]1C[C@H](N2CCN3C(=O)CC[C@H]3C2)CCN1C(=O)N(C)[C@H](C)c1cc(C(F)(F)F)cc(C(F)(F)F)c1,10.18996921359416,1,0.0,2013,2013,2013,Ki,B,1
KTVJZUAZYBDWSQ-CDFUTJIBSA-N,CSCC[C@H](NC(=O)[C@H](Cc1ccccc1)NC(=O)CNC(=O)[C@@H](C)NC(=O)[C@@H](N)Cc1ccc(O)cc1)C(=O)NC1(C(=O)N[C@@H](CC(C)C)C(=O)N[C@@H](Cc2c[nH]c3ccccc23)C(=O)OCc2cc(C(F)(F)F)cc(C(F)(F)F)c2)CCCC1,10.18045606445813,1,0.0,2013,2013,2013,Ki,B,1
FYADPUQVZFJTEM-RBUKOAKNSA-N,O=c1[nH]nc(CN2CCO[C@H](OCc3cc(C(F)(F)F)cc(C(F)(F)F)c3)[C@@H]2c2ccc(F)cc2)[nH]1,10.154901959985743,3,0.0,1998,2018,2008,IC50,B,3
ZOZMJQQTJQLNGG-AIYSXCBHSA-N,C[C@@H](O[C@@H]1CN(C2=CC(=O)CC2)C[C@H]1c1ccccc1)c1cc(C(F)(F)F)cc(C(F)(F)F)c1,10.154901959985743,1,0.0,2007,2007,2007,IC50,B,1
GTJAXMPCMWVBOY-VFRFXQOFSA-N,CC(=O)N1CCC(C(=O)N2C[C@@H](O[C@H](C)c3cc(C(F)(F)F)cc(C(F)(F)F)c3)[C@H](c3ccc(F)cc3)C2)CC1,10.154901959985743,1,0.0,2007,2007,2007,IC50,B,1
ZPMLBLGAJAKNQE-OITMNORJSA-N,CC(=O)N1C[C@@H](O[C@H](C)c2cc(C(F)(F)F)cc(C(F)(F)F)c2)[C@H](c2ccc(F)cc2)C1,10.154901959985743,1,0.0,2007,2007,2007,IC50,B,1
GNFGMQJCVYXXRO-LOSJGSFVSA-N,CN(C(=O)N(C)[C@@H]1CN(C(=O)C2CCN(C(=O)C(C)(C)O)CC2)C[C@H]1c1ccc(F)cc1)c1cc(C(F)(F)F)cc(C(F)(F)F)c1,10.154901959985743,1,0.0,2013,2013,2013,IC50,B,1
VCENFKCGBAWAEQ-IZZNHLLZSA-N,CC(=O)N1CCC(C(=O)N2C[C@@H](c3noc(C(C)(C)c4cc(C(F)(F)F)cc(C(F)(F)F)c4)n3)[C@H](c3ccc(F)cc3C)C2)CC1,10.14621491195103,2,0.5326831015497432,2007,2007,2007,IC50,B,1
GXXBMYFWBOPUCZ-LEWJYISDSA-N,CONC(=O)N1CC[C@H](C(=O)N(C)Cc2cc(C(F)(F)F)cc(C(F)(F)F)c2)[C@@H](c2ccc(F)cc2C)C1,10.136677139879545,1,0.0,2012,2012,2012,IC50,B,1
CSUAYJZRABTSRO-BJKOFHAPSA-N,CN(C(=O)N(C)[C@@H]1CCN(C2CCS(=O)(=O)CC2)C[C@H]1c1ccc(F)cc1)c1cc(C(F)(F)F)cc(C(F)(F)F)c1,10.136677139879545,1,0.0,2013,2013,2013,IC50,B,1
RUDMNOHAIPDMCF-OALUTQOASA-N,COc1ccc(-n2nnnc2C(F)(F)F)cc1CN[C@H]1CCN(S(C)(=O)=O)C[C@H]1c1ccccc1,10.1249387366083,1,0.0,2011,2011,2011,IC50,B,1
LIXRIEAGLPGVJF-NRWPOFLRSA-N,CC(=O)N1CCC(C(=O)N2CC(c3ccc(Cl)c(Cl)c3)[C@H](N(C)C(=O)N(C)c3cc(C(F)(F)F)cc(C(F)(F)F)c3)C2)CC1,10.1249387366083,1,0.0,2013,2013,2013,IC50,B,1
ACFPRWCERXMNGY-SVJKDRGJSA-N,CCCC[C@H](NC(=O)[C@H](Cc1ccccc1)NC(=O)CNC(=O)[C@@H](C)NC(=O)[C@@H](N)Cc1ccc(O)cc1)C(=O)N1CCC[C@H]1C(=O)N[C@@H](CC(C)C)C(=O)N[C@@H](CO[C@@H]1O[C@H](CC)[C@@H](O)[C@H](O)[C@H]1O)C(=O)N[C@@H](Cc1c[nH]c2ccccc12)C(=O)NCc1cc(C(F)(F)F)cc(C(F)(F)F)c1,10.106979394878723,2,0.25034021196832174,2009,2009,2009,IC50;Ki,B,1
ZNDUAKAGHPMVGL-ICSRJNTNSA-N,COc1ccc(SC)cc1CN[C@H]1CCCN[C@H]1c1ccccc1,10.100015437450608,1,0.0,1995,1995,1995,Ki,B,1
WYQSQYKQFQLDJV-UNMCSNQZSA-N,COc1ccc(-n2nnnc2C2CC2)cc1CN[C@H]1CCCN[C@H]1c1ccccc1,10.100015437450608,1,0.0,1996,1996,1996,Ki,B,1
DESOAOJLQXTFGI-UHFFFAOYSA-N,O=C1CCC(CCN2CC(N3CCC(O)CC3)C2)(c2ccc(Cl)c(Cl)c2)CN1Cc1ccccc1,10.100015437450608,1,0.0,2002,2002,2002,Kd,B,1
LPEAGSAYLJMKRG-RBBKRZOGSA-N,Cc1cc(F)ccc1[C@H]1C[C@@H](N(C)C)CCN1C(=O)N(C)Cc1cc(C(F)(F)F)cc(C(F)(F)F)c1,10.100015437450608,1,0.0,2011,2011,2011,Ki,B,1
NXLUTEDAEFXMQR-BJKOFHAPSA-N,O=C(N[C@H]1CCN(C(=O)c2cc(C(F)(F)F)cc(C(F)(F)F)c2)[C@H](Cc2ccc(Cl)cc2)C1)c1ccnc2ccccc12,10.100015437450608,1,0.0,2011,2011,2011,IC50,B,1
FCYKYUUVWQMIMP-AIBWNMTMSA-N,COc1ccc(-n2nnnc2C(F)(F)F)cc1C1=CC2(CCCN[C@H]2c2ccccc2)OC1,10.096910013008056,1,0.0,2002,2002,2002,IC50,B,1
DTKNMUUJHUPQKN-SFTDATJTSA-N,COc1ccc(-n2nnnc2C(F)(F)F)cc1CN[C@H]1CCN(C(=O)NC(C)C)C[C@H]1c1ccccc1,10.09151498112135,1,0.0,2011,2011,2011,IC50,B,1
FPWCNBSUXRQTLF-JTHBVZDNSA-N,Cc1cc(F)ccc1[C@H]1C[C@@H](N2CCC2)CCN1C(=O)N(C)Cc1cc(C(F)(F)F)cc(C(F)(F)F)c1,10.090016305060155,1,0.0,2011,2011,2011,Ki,B,1
MIUIONPWXDNWET-RMXHKDRNSA-N,C[C@@H](O[C@H]1CN2C(=O)C=CCC2[C@@H]1c1ccc(F)cc1)c1cc(C(F)(F)F)cc(C(F)(F)F)c1,10.080890389046187,2,1.1386770429437563,2010,2010,2010,IC50,B,1
ARPMRCPKTHXPNZ-VXKWHMMOSA-N,COc1ccc(-n2nnnc2C(F)(F)F)cc1CN[C@H]1CCN(C(=O)CN(C)C(C)=O)C[C@H]1c1ccccc1,10.075720713938118,1,0.0,2011,2011,2011,IC50,B,1
IWZISMFLCRETGY-SFTDATJTSA-N,CCNC(=O)N1CC[C@H](NCc2cc(-n3nnnc3C(F)(F)F)ccc2OCC)[C@H](c2ccccc2)C1,10.065501548756432,1,0.0,2011,2011,2011,IC50,B,1
OYKIXMQKLMUJEK-RBUKOAKNSA-N,O=c1[nH]nc(CN2CCO[C@H](OCc3cc(C(F)(F)F)cc(C(F)(F)F)c3)[C@@H]2c2ccccc2)[nH]1,10.045757490560675,5,0.0,1996,2021,2006,IC50,B,5
YOBMIXIISZAQGF-QTJFZDIUSA-N,C[C@H](O[C@H]1OCCN(Cc2n[nH]c(O)n2)[C@H]1c1ccccc1)c1cc(C(F)(F)F)cc(C(F)(F)F)c1,10.045757490560675,1,0.0,1998,1998,1998,IC50,B,1
ATALOFNDEOCMKK-OITMNORJSA-N,C[C@@H](O[C@H]1OCCN(Cc2n[nH]c(=O)[nH]2)[C@H]1c1ccc(F)cc1)c1cc(C(F)(F)F)cc(C(F)(F)F)c1,10.045757490560675,17,0.645641531871615,1998,2025,2012,IC50;Kd;Ki,B;F,15
JWFRVJYQGQVKBH-ICSRJNTNSA-N,COc1ccc(OC)c(CN[C@H]2CCCN[C@H]2c2ccccc2)c1,10.045757490560675,1,0.0,1998,1998,1998,IC50,F,1
NUTYWRAIFXRNNI-UHFFFAOYSA-N,CS(=O)(=O)NCC1CC2(c3ccc(F)cc3)NC1CCC2NCc1cc(OC(F)(F)F)ccc1OC1CC1,10.045757490560675,1,0.0,2006,2006,2006,IC50,B,1
YFKDOMJVBVEBIG-YMPJLZLPSA-N,C[C@@H]1NC(=O)CC[C@H](O[C@H](C)c2cc(C(F)(F)F)cc(C(F)(F)F)c2)[C@H]1c1ccc(F)cc1,10.045757490560675,2,0.0,2006,2013,2009,IC50,B,2
FMABFMLLPROUJK-CAYVGHNUSA-N,CCC(=O)N1C[C@@H](O[C@H](C)c2cc(C(F)(F)F)cc(C(F)(F)F)c2)[C@H](c2ccc(F)cc2)C1,10.045757490560675,1,0.0,2007,2007,2007,IC50,B,1
FDLMXQUTNNMCCC-CAYVGHNUSA-N,CC(=O)N1C[C@@H](O[C@H](C)c2cc(C(F)(F)F)cc(C(F)(F)F)c2)[C@H](c2ccccc2)C1,10.045757490560675,1,0.0,2007,2007,2007,IC50,B,1
MJOXRJQZLVVZCL-DZGOFYRVSA-N,CSCC[C@H](NC(=O)[C@H](Cc1ccccc1)NC(=O)CNC(=O)[C@@H](C)NC(=O)[C@@H](N)Cc1ccc(O)cc1)C(=O)N[C@@H](Cc1c[nH]c2ccccc12)C(=O)OCc1cc(C(F)(F)F)cc(C(F)(F)F)c1,10.045757490560675,1,0.0,2013,2013,2013,Ki,B,1
PLMUPHYPECRQJW-WIOPSUGQSA-N,CC(=O)N1CCC(C(=O)N2CC[C@@H](N(C)C(=O)c3cc(C(F)(F)F)cc(C(F)(F)F)c3)[C@H](c3ccc(Cl)c(Cl)c3)C2)CC1,10.036212172654444,1,0.0,2013,2013,2013,IC50,B,1
JUILYWDUKXVHHE-OMKJIRLASA-N,C[C@@H](O[C@H]1CN2C(=O)C=C(C3CCN(C(C)(C)C)CC3)CC2[C@@H]1c1ccc(F)cc1)c1cc(C(F)(F)F)cc(C(F)(F)F)c1,10.032498424273172,2,0.5016466090338781,2010,2010,2010,IC50,B,1
KFUPBBFSUUJFFY-SFTDATJTSA-N,CCNC(=O)N1CC[C@H](NCc2cc(-n3nnnc3C(F)(F)F)cc3c2OCC3)[C@H](c2ccccc2)C1,10.031517051446064,1,0.0,2011,2011,2011,IC50,B,1
NTYJRAGMLUHRNV-DZGOFYRVSA-N,C[C@@H](NC(=O)[C@@H](N)Cc1ccc(O)cc1)C(=O)NCC(=O)N[C@@H](Cc1ccccc1)C(=O)N1CCC[C@H]1C(=O)N[C@@H](Cc1c[nH]c2ccccc12)C(=O)OCc1cc(C(F)(F)F)cc(C(F)(F)F)c1,10.013228265733755,1,0.0,2013,2013,2013,Ki,B,1
SDDBLBQPFQWQTQ-FTJBHMTQSA-N,CC(=O)N1CCC(C(=O)N2CC[C@@H](C(=O)N(C)Cc3cc(C(F)(F)F)cc(C(F)(F)F)c3)[C@H](c3ccccc3)C2)CC1,10.008773924307505,1,0.0,2012,2012,2012,IC50,B,1
NARUIMYMUWQLQE-CAYVGHNUSA-N,C[C@@H](O[C@H]1OCCN(Cc2n[nH]c(O)n2)[C@H]1c1ccccc1)c1cc(F)cc(C(F)(F)F)c1,10.0,1,0.0,1998,1998,1998,IC50,B,1
RKQVTHFZZOFIFL-FCOREWAKSA-N,COc1ccc(-n2nnnc2C(F)(F)F)cc1[C@H]1COCC2(C1)OCCN[C@H]2c1ccc(F)cc1,10.0,1,0.0,2002,2002,2002,IC50,B,1
NGVPDDZWSVJTDD-YKVDFPICSA-N,COc1ccc(-n2nnnc2C(F)(F)F)cc1[C@H]1COCC2(C1)OCCN(Cc1n[nH]c(O)n1)[C@H]2c1ccc(F)cc1,10.0,1,0.0,2002,2002,2002,IC50,B,1
LSRPAIIWDVLKSE-RVCSHAMNSA-N,COc1ccc(-n2nnnc2C(F)(F)F)cc1[C@H]1COC2(CCCN(Cc3n[nH]c(O)n3)C2c2ccccc2)C1,10.0,1,0.0,2002,2002,2002,IC50,B,1
VBOXQXAJDAUESQ-UHFFFAOYSA-N,FC(F)(F)Oc1ccc(OC2CC2)c(CNC2CCC3CCC2(c2ccccc2)N3)c1,10.0,1,0.0,2006,2006,2006,IC50,B,1
ZOPRZQRKBZNHLP-IFZYUDKTSA-N,CC(=O)N[C@H]1C[C@@](CO[C@H](C)c2cc(C(F)(F)F)cc(C(F)(F)F)c2)(c2ccccc2)C1,10.0,1,0.0,2006,2006,2006,Ki,B,1
NPNMRLNCRCLSLB-CAYVGHNUSA-N,CCNC(=O)N1C[C@@H](O[C@H](C)c2cc(C(F)(F)F)cc(C(F)(F)F)c2)[C@H](c2ccc(F)cc2)C1,10.0,1,0.0,2007,2007,2007,IC50,B,1
ZXJRUKOAFOUFIR-UHFFFAOYSA-N,Cc1cc(F)ccc1-c1cc(C2CC(=O)NC2(CO)CO)ncc1N(C)C(=O)C(C)(C)c1cc(C(F)(F)F)cc(C(F)(F)F)c1,10.0,1,0.0,2011,2011,2011,Ki,F,1
NFQHQAUXILELGX-DQEYMECFSA-N,COc1ccc(-n2nnnc2C(F)(F)F)cc1CN[C@H]1CCN(C(=O)C2CCN(C(C)=O)CC2)C[C@H]1c1ccccc1,10.0,1,0.0,2011,2011,2011,IC50,B,1
ZAEIIBVTSYJROI-UPKQVVFYSA-N,C[C@@H](OC[C@@]1(c2ccccc2)CC[C@H](n2cn[nH]c2=O)CN1)c1cc(C(F)(F)F)cc(C(F)(F)F)c1,10.0,1,0.0,2011,2011,2011,Ki,B,1
QBYYSIUBCJMHSP-XWRIVVANSA-N,COc1cccc(-n2nnnc2C(F)(F)F)c1[C@H]1CO[C@@]2(C1)OCCN[C@H]2c1ccc(F)cc1,10.0,1,0.0,2021,2021,2021,IC50,B,1
QVYOBGVPVVZIAA-FTJBHMTQSA-N,CC(=O)N1CCC(C(=O)N2C[C@H](C(=O)N(C)Cc3cc(C(F)(F)F)cc(C(F)(F)F)c3)[C@@H](c3ccc(F)cc3C)C2)CC1,9.98940535046503,2,0.44070379961005945,2007,2007,2007,IC50,B,1
SJHZTGDJTIZMSK-KPRDSAADSA-N,CN(C[C@@H](CCN1CCC(c2ccccc2[S@+](C)[O-])CC1)c1ccc(Cl)c(Cl)c1)C(=O)c1cc(C#N)cc2ccccc12,9.960409376976187,2,0.05598959602307623,2001,2002,2001,Ki,B,2
CUTQSIQNQAYIQS-UHFFFAOYSA-N,COc1ccccc1N1CCN(C(=O)CCc2c(-c3ccc(Cl)cc3)n(C)c3ccc(C)cc23)CC1,9.958607314841775,1,0.0,2001,2001,2001,IC50,B,1
MIDMGQDYUATQRC-MIJUQJRQSA-N,COc1ccc(-n2nnnc2C(F)(F)F)cc1[C@H]1COC2(CCCNC2c2ccccc2)C1,9.958607314841775,1,0.0,2002,2002,2002,IC50,B,1
MPAHEXNEQNYRLC-DJOCHQMASA-N,COc1ccc(-n2nnnc2C(F)(F)F)cc1[C@H]1COC2(CCCN(Cc3c[nH]cn3)C2c2ccccc2)C1,9.958607314841775,1,0.0,2002,2002,2002,IC50,B,1
GZLOIBNBDUHEFY-FPOVZHCZSA-N,COc1ccc(N(C)S(C)(=O)=O)cc1CN[C@H]1CCCN[C@H]1c1ccccc1,9.958607314841775,1,0.0,1998,1998,1998,IC50,F,1
PLOFBQMQAHOQHM-UHFFFAOYSA-N,OCC1CC2(c3ccccc3)NC1CCC2NCc1cc(OC(F)(F)F)ccc1OC1CC1,9.958607314841775,1,0.0,2006,2006,2006,IC50,B,1
JUIIIRFUCKWYSB-OGINWGRTSA-N,CC1CC(=O)C=C1N1C[C@@H](O[C@H](C)c2cc(C(F)(F)F)cc(C(F)(F)F)c2)[C@H](c2ccc(F)cc2)C1,9.958607314841775,1,0.0,2007,2007,2007,IC50,B,1
CUFIFISAHIJUMT-JRVVOHRXSA-N,C[C@@H](O[C@@H]1CN(C2=CC(=O)CC2)C[C@H]1c1ccc(F)cc1)c1cc(C(F)(F)F)cc(C(F)(F)F)c1,9.958607314841775,1,0.0,2007,2007,2007,IC50,B,1
YZIXWJUXWVWKFY-ZUSMLRIVSA-N,CNC(=O)N1C[C@@H](O[C@H](C)c2cc(C(F)(F)F)cc(C(F)(F)F)c2)[C@H](c2ccc(F)cc2)C1,9.958607314841775,1,0.0,2007,2007,2007,IC50,B,1
MEXMPBWDLRCQRU-LEWJYISDSA-N,CNC(=O)C(=O)N1CC[C@H](C(=O)N(C)Cc2cc(C(F)(F)F)cc(C(F)(F)F)c2)[C@@H](c2ccc(F)cc2C)C1,9.958607314841775,1,0.0,2012,2012,2012,IC50,B,1
RBRDVMQNTQBANG-IZZNHLLZSA-N,CC(=O)N1CCC(C(=O)N2CC[C@@H](N(C)C(=O)N(C)c3cc(C(F)(F)F)cc(C(F)(F)F)c3)[C@H](c3ccc(F)cc3)C2)CC1,9.958607314841775,1,0.0,2013,2013,2013,IC50,B,1
KTIXRTOVKASTTK-VQFZVEARSA-N,CCCC[C@H](NC(=O)[C@H](Cc1ccccc1)NC(=O)CNC(=O)[C@@H](C)NC(=O)[C@@H](N)Cc1c(C)cc(O)cc1C)C(=O)N1CCC[C@H]1C(=O)N[C@@H](CC(C)C)C(=O)N[C@@H](Cc1c[nH]c2ccccc12)C(=O)NCc1cc(C(F)(F)F)cc(C(F)(F)F)c1,9.952415324284122,2,0.24398494953573732,2011,2011,2011,IC50;Ki,B,1
IPMMBNAOLDMKAM-PYIJLGDTSA-N,CCCC[C@H](NC(=O)[C@H](Cc1ccccc1)NC(=O)CNC(=O)[C@@H](C)NC(=O)[C@@H](N)Cc1ccc(O)cc1)C(=O)N1CCC[C@H]1C(=O)N[C@@H](CO[C@@H]1O[C@H](CO)[C@@H](O)[C@H](O)[C@H]1O)C(=O)N[C@@H](Cc1c[nH]c2ccccc12)C(=O)NCc1cc(C(F)(F)F)cc(C(F)(F)F)c1,9.931788759096662,2,0.2569916179080107,2009,2009,2009,IC50;Ki,B,1
XHZRREUKUVJSDC-AZGAKELHSA-N,CC(=O)N1CCN([C@H]2CCN(C(=O)N(C)Cc3cc(C(F)(F)F)cc(C(F)(F)F)c3)[C@@H](c3ccc(F)cc3C)C2)CC1,9.929962133392245,1,0.0,2011,2011,2011,Ki,B,1
VBAYZZLNRAMWHO-UHFFFAOYSA-N,Cc1ccc(-c2c(CCC(=O)N3CCC(O)(Cc4ccccc4)CC3)c3cc(Cl)ccc3n2C)cn1,9.920818753952375,1,0.0,2001,2001,2001,IC50,B,1
PEMJICDBBJDNIA-UHFFFAOYSA-N,Cn1c(-c2ccc(C(F)(F)F)cn2)c(CCC(=O)N2CCC(O)(Cc3ccccc3)CC2)c2cc(Cl)ccc21,9.920818753952375,1,0.0,2001,2001,2001,IC50,B,1
UTYSCDQCCAYENJ-GBLZOACLSA-N,C[C@@H](O[C@H]1CCC(=O)N(C)C[C@@H]1c1ccc(F)cc1)c1cc(C(F)(F)F)cc(C(F)(F)F)c1,9.920818753952375,1,0.0,2006,2006,2006,IC50,B,1
DGBAJNCOLJSECV-YKAGIRRDSA-N,C[C@@H](O[C@@H]1CN(C2=CC(=O)N(C)C2)C[C@H]1c1ccc(F)cc1)c1cc(C(F)(F)F)cc(C(F)(F)F)c1,9.920818753952375,1,0.0,2007,2007,2007,IC50,B,1
ADVMQYYUVBVGSB-OGINWGRTSA-N,CC1CC(N2C[C@@H](O[C@H](C)c3cc(C(F)(F)F)cc(C(F)(F)F)c3)[C@H](c3ccc(F)cc3)C2)=CC1=O,9.920818753952375,2,0.17669005577721764,2007,2007,2007,IC50,B,1
DJRYUPGFAHJFKZ-LDLFBNOTSA-N,Cc1cnc(C(=O)N2C[C@@H](O[C@H](C)c3cc(C(F)(F)F)cc(C(F)(F)F)c3)[C@H](c3ccc(F)cc3)C2)cn1,9.920818753952375,1,0.0,2007,2007,2007,IC50,B,1
WAPJPHDEEIUMOL-WBBCYVCWSA-N,C[C@@H](O[C@@H]1CN(C(=O)[C@@H]2CCC(=O)N2C)C[C@H]1c1ccc(F)cc1)c1cc(C(F)(F)F)cc(C(F)(F)F)c1,9.920818753952375,1,0.0,2007,2007,2007,IC50,B,1
OXXARYIRJZWVPQ-IZYRQKRSSA-N,CSCC[C@H](NC(=O)[C@H](Cc1ccccc1)NC(=O)CNC(=O)[C@@H](C)NC(=O)[C@@H](N)Cc1ccc(O)cc1)C(=O)NC(C)(C)C(=O)N[C@@H](CC(C)C)C(=O)N[C@@H](Cc1c[nH]c2ccccc12)C(=O)OCc1cc(C(F)(F)F)cc(C(F)(F)F)c1,9.920818753952375,1,0.0,2013,2013,2013,Ki,B,1
IQGTUPXJLRMAOA-OHQNULFHSA-N,C[C@@H](NC(=O)[C@@H](N)Cc1ccc(O)cc1)C(=O)NCC(=O)N[C@@H](Cc1ccccc1)C(=O)N[C@@H](Cc1c[nH]c2ccccc12)C(=O)OCc1cc(C(F)(F)F)cc(C(F)(F)F)c1,9.920818753952375,1,0.0,2015,2015,2015,Ki,B,1
ASUKIWYLLAJHAW-ICSRJNTNSA-N,COc1ccc(-n2ncnn2)cc1CN[C@H]1CCCN[C@H]1c1ccccc1,9.899974269892137,1,0.0,1995,1995,1995,Ki,B,1
DZHYOLLAEHGGIO-UHFFFAOYSA-N,O=C1CCC(CCN2CC(N3CCOCC3)C2)(c2ccc(Cl)c(Cl)c2)CN1C1CCCCC1,9.899974269892137,1,0.0,2002,2002,2002,Kd,B,1
TWBCIHKYFTWYCV-WXYSSXJFSA-N,CSCC[C@H](NC(=O)[C@H](Cc1ccccc1)NC(=O)CNC(=O)[C@@H](C)NC(=O)[C@@H](N)Cc1ccc(O)cc1)C(=O)N1CCC[C@H]1C(=O)N[C@@H](CC(C)C)C(=O)N[C@@H](Cc1c[nH]c2ccccc12)C(=O)OCc1cc(C(F)(F)F)cc(C(F)(F)F)c1,9.899974269892137,5,0.4517239523466831,2007,2013,2008,IC50;Ki,B,3
LXOXPXPXXNMFSY-UHFFFAOYSA-N,CN(C(=O)CN1CCN(C(=O)CCc2c(-c3ccc(Cl)cc3)n(C)c3ccc(Cl)cc23)CC1)c1ccccc1,9.886056647693163,1,0.0,2001,2001,2001,IC50,B,1
KIPCSRVFBMVQSZ-VQTJNVASSA-N,FC(F)(F)c1cc(CO[C@H]2OCCN(Cn3cncn3)[C@H]2c2ccccc2)cc(C(F)(F)F)c1,9.886056647693163,1,0.0,1996,1996,1996,IC50,B,1
GXIFPPFQXPIEKY-UHFFFAOYSA-N,COc1ccc(OC(F)(F)F)cc1CNC1CCC2CCC1(c1ccccc1)N2,9.886056647693163,1,0.0,2006,2006,2006,IC50,B,1
GCQVWMNNZJCRKP-HCOMASKESA-N,C[C@@H](O[C@@H]1CN(C2=CC(=O)CC(C)(C)C2)C[C@H]1c1ccccc1)c1cc(C(F)(F)F)cc(C(F)(F)F)c1,9.886056647693163,1,0.0,2007,2007,2007,IC50,B,1
BVHJWOSUNVNWPB-OECQAKIHSA-N,CC1=C(N2C[C@@H](O[C@H](C)c3cc(C(F)(F)F)cc(C(F)(F)F)c3)[C@H](c3ccc(F)cc3)C2)CCC1=O,9.886056647693163,1,0.0,2007,2007,2007,IC50,B,1
SXOAVORWRVYTGL-PMACEKPBSA-N,COc1ccc(-n2nnnc2C(F)(F)F)cc1CN[C@H]1CCN(C(=O)N(C)C)C[C@H]1c1ccccc1,9.886056647693163,1,0.0,2011,2011,2011,IC50,B,1
CYKFSGXEZOAASR-RBYRPSCESA-N,CCCC[C@@H]1NC(=O)[C@H](Cc2ccccc2)NC(=O)CNC(=O)[C@H](NC(=O)[C@@H](N)Cc2ccc(O)cc2)CSSC[C@@H](C(=O)N[C@@H](Cc2c[nH]c3ccccc23)C(=O)NCc2cc(C(F)(F)F)cc(C(F)(F)F)c2)NC(=O)[C@@H]2CCCN2C1=O,9.865010161677338,2,0.19090446013845994,2009,2009,2009,IC50;Ki,B,1
XWNBGDJPEXZSQM-WANLVOGUSA-N,Cc1cc(F)ccc1[C@H]1C[C@H](N2CCN3C(=O)CC[C@@H]3C2)CCN1C(=O)N(C)[C@H](C)c1cc(C(F)(F)F)cc(C(F)(F)F)c1,9.860120913598763,1,0.0,2013,2013,2013,Ki,B,1
ZIWFCOIGUNPHPM-HKUYNNGSSA-N,COc1ccc(OC(F)(F)F)cc1CN[C@H]1CCCN[C@H]1c1ccccc1,9.853871964321762,5,0.574035643964595,1998,2011,2006,IC50,B;F,5
UFWJRQHJIXUFAQ-UHFFFAOYSA-N,COc1ccccc1N1CCN(C(=O)CCc2c(-c3ccc(Br)cc3)n(C)c3ccc(C)cc23)CC1,9.853871964321762,1,0.0,2001,2001,2001,IC50,B,1
XEYYVWMDLVCPNB-UHFFFAOYSA-N,COc1ccccc1N1CCN(C(=O)CCc2c(-c3ccc(C(F)(F)F)cc3)n(C)c3ccc(C)cc23)CC1,9.853871964321762,1,0.0,2001,2001,2001,IC50,B,1
VHQVJYKYAGBACO-UDKJZQBVSA-N,COc1ccc(C2CCN(CC[C@H](CN(C)C(=O)c3cc(C#N)cc4ccccc34)c3ccc(Cl)c(Cl)c3)CC2)c([S@+](C)[O-])c1,9.853871964321762,1,0.0,2002,2002,2002,Ki,B,1
ZPQUTMAPZMKLCT-ICSRJNTNSA-N,CCOc1ccc(OC(F)(F)F)cc1CN[C@H]1CCCN[C@H]1c1ccccc1,9.853871964321762,1,0.0,1998,1998,1998,IC50,F,1
HVWRVAHBKREIOR-HKUYNNGSSA-N,COc1ccc(Cl)cc1CN[C@H]1CCCN[C@H]1c1ccccc1,9.853871964321762,1,0.0,1998,1998,1998,IC50,F,1
VTXWSPAVKRKGBQ-DPMMWBKBSA-N,C[C@@H](O[C@H]1CCC(=O)NC[C@@H]1c1ccc(F)cc1)c1cc(C(F)(F)F)cc(C(F)(F)F)c1,9.853871964321762,1,0.0,2006,2006,2006,IC50,B,1
UOBQZHSGRBSFHI-NFXZAXJRSA-N,C[C@@H](O[C@H]1CC[C@@H](N(C)C[C@@H]2CCC(=O)N2C)[C@@H]1c1ccc(F)cc1)c1cc(C(F)(F)F)cc(C(F)(F)F)c1,9.853871964321762,1,0.0,2006,2006,2006,IC50,B,1
IVTXMVOXEXNZPJ-PUCZYUMASA-N,C[C@@H](O[C@@H]1CN(C(=O)NC(C)(C)C)C[C@H]1c1ccc(F)cc1)c1cc(C(F)(F)F)cc(C(F)(F)F)c1,9.853871964321762,1,0.0,2007,2007,2007,IC50,B,1
KYYSNBZUYLSHJY-QJJJLASOSA-N,C[C@@H](O[C@H]1CN2C(=O)OC[C@@H]2[C@@H]1c1ccc(F)cc1)c1cc(C(F)(F)F)cc(C(F)(F)F)c1,9.853871964321762,1,0.0,2008,2008,2008,IC50,B,1
OXJUZTACUSEKPM-RRPNLBNLSA-N,CC(=O)N1CCC(C(=O)N2CC[C@H](C(=O)N(C)Cc3cc(C(F)(F)F)cc(C(F)(F)F)c3)[C@@H](c3cccc(C)c3)C2)CC1,9.853871964321762,1,0.0,2012,2012,2012,IC50,B,1
VFQCOOQOMVQYEV-FMNCTDSISA-N,Cc1cc(F)ccc1[C@H]1C[C@@H](N2CCCC2)CCN1C(=O)N(C)[C@H](C)c1cc(C(F)(F)F)cc(C(F)(F)F)c1,9.849857838151442,1,0.0,2011,2011,2011,Ki,B,1
RIYFBUBBDKMFDL-UHFFFAOYSA-N,Cn1c(-c2ccc(Cl)cc2)c(CCC(=O)N2CCC(O)(Cc3ccccc3)CC2)c2cc(Cl)cnc21,9.823908740944319,1,0.0,2001,2001,2001,IC50,B,1
YOAWUGWNCOBDAL-PUCZYUMASA-N,CC(C)C(=O)N1C[C@@H](O[C@H](C)c2cc(C(F)(F)F)cc(C(F)(F)F)c2)[C@H](c2ccc(F)cc2)C1,9.823908740944319,1,0.0,2007,2007,2007,IC50,B,1
YEJPDQREQRKUNO-UHFFFAOYSA-N,O=C(NCc1cc(C(F)(F)F)cc(C(F)(F)F)c1)c1c(CO)nc2ccccc2c1-c1ccccc1,9.821987071403438,2,4.494388985018295,2004,2011,2007,IC50,B,2
UROCNOMWWGVJRX-HKUYNNGSSA-N,COc1ccc(F)cc1CN[C@H]1CCCN[C@H]1c1ccccc1,9.79997073344623,1,0.0,1995,1995,1995,Ki,B,1
UEVAJSKRFJXQKF-FPOVZHCZSA-N,COc1ccc(-n2cncn2)cc1CN[C@H]1CCCN[C@H]1c1ccccc1,9.79997073344623,1,0.0,1995,1995,1995,Ki,B,1
XNSRMMMMRYDUFW-GMAHTHKFSA-N,COc1ccc(-c2cncnc2)cc1CN[C@H]1CCCN[C@H]1c1ccccc1,9.79997073344623,1,0.0,1995,1995,1995,Ki,B,1
QBFWYYRMUQGGNR-UHFFFAOYSA-N,Cc1cc(F)ccc1-c1cc(C2CNC(=O)C2CO)ncc1N(C)C(=O)C(C)(C)c1cc(C(F)(F)F)cc(C(F)(F)F)c1,9.79997073344623,3,0.3605612185593753,2011,2011,2011,Ki,F,1
QXYXAFHTANBIQX-SXOMAYOGSA-N,CC(=O)N1CCC(C(=O)N2C[C@H](C(=O)N(C)C(C)(C)c3cc(C(F)(F)F)cc(C(F)(F)F)c3)[C@@H](c3ccc(F)cc3C)C2)CC1,9.796729909783021,2,0.7131880209587688,2007,2007,2007,IC50,B,1
NJKXHTQTTWERON-UHFFFAOYSA-N,CCC(=O)N(c1ccccc1)C1CCN(C(=O)CCc2c(-c3ccc(Cl)cc3)n(C)c3ccc(Cl)cc23)CC1,9.795880017344075,1,0.0,2001,2001,2001,IC50,B,1
LODDXUXHYQZBEM-LMIIYESCSA-N,CCN(Cc1nc[nH]n1)[C@@H]1CC[C@H](O[C@H](C)c2cc(C(F)(F)F)cc(C(F)(F)F)c2)[C@H]1c1ccc(F)cc1,9.795880017344075,1,0.0,2006,2006,2006,IC50,B,1
DWOYLZPGCVPOFQ-XGXIMLBESA-N,C[C@@H](O[C@H]1CC[C@@H](N(C)Cc2nc[nH]n2)[C@@H]1c1ccc(F)cc1)c1cc(C(F)(F)F)cc(C(F)(F)F)c1,9.795880017344075,1,0.0,2006,2006,2006,IC50,B,1
LHLNCLYRSZVJQH-HBUDHLSFSA-N,C[C@@H](O[C@@H]1CN(C2=CC(=O)OC2)C[C@H]1c1ccc(F)cc1)c1cc(C(F)(F)F)cc(C(F)(F)F)c1,9.795880017344075,1,0.0,2007,2007,2007,IC50,B,1
ZNOFAJPWNNWZQC-URZJWIJPSA-N,C[C@@H](O[C@@H]1CN(C(=O)N2CCOCC2)C[C@H]1c1ccccc1)c1cc(C(F)(F)F)cc(C(F)(F)F)c1,9.795880017344075,1,0.0,2007,2007,2007,IC50,B,1
OEIZZOMBDHTIGH-QUCQDJGISA-N,COc1cc2c(cc1CN[C@H]1CCCN[C@H]1c1ccccc1)C(C)(C(F)(F)F)OC2,9.795880017344075,1,0.0,2008,2008,2008,IC50,B,1
SSEBEPRONSIAMK-PMACEKPBSA-N,COc1ccc(OC(F)(F)F)cc1CN[C@H]1CCN(C(C)=O)C[C@H]1c1ccccc1,9.795880017344075,1,0.0,2011,2011,2011,IC50,B,1
ZRNRBAIQIBQHNF-WSNNEZGNSA-N,Cc1cc(F)ccc1[C@H]1C[C@@H](NC2CCC2)CCN1C(=O)N(C)[C@H](C)c1cc(C(F)(F)F)cc(C(F)(F)F)c1,9.770062314092065,1,0.0,2011,2011,2011,Ki,B,1
OMMDNOFGZYPJCA-GCDXOJGYSA-N,COc1c(C#N)cc2ccccc2c1C(=O)N(C)C[C@@H](CCN1CCC(c2ccccc2[S@+](C)[O-])CC1)c1ccc(Cl)c(Cl)c1,9.769551078621726,1,0.0,2002,2002,2002,Ki,B,1
OYLSPKHKOGUFDA-LMIIYESCSA-N,COCCN(CC(N)=O)[C@@H]1CC[C@H](O[C@H](C)c2cc(C(F)(F)F)cc(C(F)(F)F)c2)[C@H]1c1ccc(F)cc1,9.769551078621726,1,0.0,2006,2006,2006,IC50,B,1
HIHKWWMEJLAOLH-PMACEKPBSA-N,CCNC(=O)N1CC[C@H](NCc2cc(OC(F)(F)F)ccc2OC)[C@H](c2ccccc2)C1,9.769551078621726,1,0.0,2011,2011,2011,IC50,B,1
QCXRHXGAIJKWLX-UHFFFAOYSA-N,CC(=O)N1CCC(C(=O)N2CCC(C(=O)N(C)Cc3cc(C(F)(F)F)cc(C(F)(F)F)c3)=C(c3ccccc3)C2)CC1,9.769551078621726,1,0.0,2012,2012,2012,IC50,B,1
VXSIGVYNQDLODQ-SFTDATJTSA-N,COc1ccccc1CO[C@H]1C2CCN(CC2)[C@H]1c1ccccc1,9.769551078621726,1,0.0,2013,2013,2013,IC50,B,1
DEVSGOOMIYSMNC-OUPRXKBMSA-N,Cc1cc(F)ccc1[C@H]1C[C@@H](N2CCC2)CCN1C(=O)N(C)[C@H](C)c1cc(C(F)(F)F)cc(C(F)(F)F)c1,9.750068243365805,1,0.0,2011,2011,2011,Ki,B,1
HCKQHXNWJMHBJT-MUUNZHRXSA-N,COc1ccccc1CN(C[C@@H](Cc1c[nH]c2ccccc12)NC(=O)CN1CCN(C2CCCCC2)CC1)C(C)=O,9.744727494896694,1,0.0,1996,1996,1996,IC50,B,1
JMPFLCLLMDQYKW-FPOVZHCZSA-N,CC(C)Oc1ccc(OC(F)(F)F)cc1CN[C@H]1CCCN[C@H]1c1ccccc1,9.744727494896694,1,0.0,1998,1998,1998,IC50,F,1
CBCYNWHALJOBSG-UHFFFAOYSA-N,CC(=O)N(Cc1ccccc1Cl)CC(Cc1c[nH]c2ccccc12)NC(=O)CN1CCC(N2CCCCC2)CC1,9.744727494896694,1,0.0,1996,1996,1996,IC50,B,1
SONMMNBUJANHDU-GAZXMLTASA-N,C[C@@H](O[C@@H]1CN(C2=CC(=O)C(C)(C)CC2)C[C@H]1c1ccccc1)c1cc(C(F)(F)F)cc(C(F)(F)F)c1,9.744727494896694,1,0.0,2007,2007,2007,IC50,B,1
YFWVRWCNZPZNDI-GQWLDOHISA-N,C[C@@H](O[C@@H]1CN(C(=O)C(C)(C)C)C[C@H]1c1ccccc1)c1cc(C(F)(F)F)cc(C(F)(F)F)c1,9.744727494896694,1,0.0,2007,2007,2007,IC50,B,1
LHVRBAGCDPIRRT-RRPNLBNLSA-N,CC(=O)N1CCC(C(=O)N2CC[C@H](C(=O)N(C)Cc3cc(C(F)(F)F)cc(C(F)(F)F)c3)[C@@H](c3ccc(C)cc3)C2)CC1,9.744727494896694,1,0.0,2012,2012,2012,IC50,B,1
LSFLBAZVXFXWKZ-UHFFFAOYSA-N,Cn1c(-c2ccc(Cl)cc2)c(CCC(=O)N2CCC(O)(Cc3ccccc3)CC2)c2cc(Cl)ccc21,9.736830361305078,2,0.08350882442381626,2001,2001,2001,IC50,B,2
LDJVNPSEBQAQHU-XSLRDRNGSA-N,C[C@@H](O[C@H]1CN2C(=O)CC(C)(N)[C@H]2[C@@H]1c1ccc(F)cc1)c1cc(C(F)(F)F)cc(C(F)(F)F)c1,9.736830361305078,2,0.5092295269729326,2010,2010,2010,IC50,B,1
OUPXSLGGCPUZJJ-SARDKLJWSA-N,CC(C)C[C@H](NC(=O)CN(C)C(=O)[C@H](Cc1ccccc1)NC(=O)[C@H](Cc1ccccc1)NC(=O)[C@H](CCC(N)=O)NC(=O)[C@H](CCC(N)=O)NC(=O)[C@@H]1CCCN1C(=O)[C@H](CCCCN)NC(=O)[C@@H]1CCCN1C(=O)[C@@H](N)CCCNC(=N)N)C(=O)N[C@@H](CCS(C)(=O)=O)C(N)=O,9.736830361305078,6,0.486490279358325,2010,2017,2013,IC50;Ki,B,5
USRYEHHMJIRICK-KRUOJXPASA-N,C[C@@H](OC1OCCN(Cc2n[nH]nc2CN(C)C)[C@H]1c1ccc(F)cc1)c1cc(C(F)(F)F)cc(C(F)(F)F)c1,9.721246399047171,1,0.0,2001,2001,2001,IC50,B,1
BUZFNMDWWXZBPX-JBDIKNGWSA-N,C[C@@H](OC1OCCN(Cc2n[nH]nc2CN2CCC2)[C@H]1c1ccc(F)cc1)c1cc(C(F)(F)F)cc(C(F)(F)F)c1,9.721246399047171,1,0.0,2001,2001,2001,IC50,B,1
SYRAXCBZMYANMU-UHFFFAOYSA-N,CC(=O)c1ccc2c(c1)c(CCC(=O)N1CCC(O)(Cc3ccccc3)CC1)c(-c1ccc(Cl)cc1)n2C,9.721246399047171,1,0.0,2001,2001,2001,IC50,B,1
PRWFNQWPCVCDDH-DPMMWBKBSA-N,C[C@@H](O[C@H]1CCc2nnc(O)n2C[C@@H]1c1ccc(F)cc1)c1cc(C(F)(F)F)cc(C(F)(F)F)c1,9.721246399047171,1,0.0,2006,2006,2006,IC50,B,1
UHXQQBRUNHWYBZ-XGXIMLBESA-N,CNC(=O)CN(C)[C@@H]1CC[C@H](O[C@H](C)c2cc(C(F)(F)F)cc(C(F)(F)F)c2)[C@H]1c1ccc(F)cc1,9.721246399047171,1,0.0,2006,2006,2006,IC50,B,1
SIZJFJCXMDQSRE-SINHWUCRSA-N,C[C@@H](O[C@H]1CC[C@@H](N(C)CC(N)=O)[C@@H]1c1ccc(F)cc1)c1cc(C(F)(F)F)cc(C(F)(F)F)c1,9.721246399047171,1,0.0,2006,2006,2006,IC50,B,1
FWQQPWRIPPMKHB-VTJXTGGHSA-N,C[C@@H](OC[C@@]1(c2ccccc2)CC[C@@H](C(N)=O)CN1)c1cc(C(F)(F)F)cc(C(F)(F)F)c1,9.721246399047171,1,0.0,2010,2010,2010,Ki,B,1
SREWSRXPXZVLMR-ICSRJNTNSA-N,COc1ccc(-c2nnnn2C)cc1CN[C@H]1CCCN[C@H]1c1ccccc1,9.700057099977233,1,0.0,1995,1995,1995,Ki,B,1
VFQCOOQOMVQYEV-DVKBMCPXSA-N,Cc1cc(F)ccc1[C@H]1C[C@H](N2CCCC2)CCN1C(=O)N(C)[C@H](C)c1cc(C(F)(F)F)cc(C(F)(F)F)c1,9.700057099977233,1,0.0,2011,2011,2011,Ki,B,1
QXLDKHMFTCJJTH-PZJWPPBQSA-N,CN[C@H]1CCN(C(=O)N(C)Cc2cc(C(F)(F)F)cc(C(F)(F)F)c2)[C@@H](c2ccc(F)cc2C)C1,9.700057099977233,1,0.0,2011,2011,2011,Ki,B,1
XWNBGDJPEXZSQM-RWCYZESJSA-N,Cc1cc(F)ccc1[C@H]1C[C@@H](N2CCN3C(=O)CC[C@@H]3C2)CCN1C(=O)N(C)[C@H](C)c1cc(C(F)(F)F)cc(C(F)(F)F)c1,9.700057099977233,1,0.0,2013,2013,2013,Ki,B,1
DTQNEFOKTXXQKV-IEBWSBKVSA-N,COc1ccccc1CN[C@@H]1CCCN[C@@H]1c1ccccc1,9.698970004336019,1,0.0,1993,1993,1993,IC50,B,1
GTSFMMMOSMNNCZ-UHFFFAOYSA-N,COc1ccccc1N1CCN(C(=O)CCc2c(-c3ccc(C(C)C)cc3)[nH]c3ccc(C)cc23)CC1,9.698970004336019,1,0.0,2001,2001,2001,IC50,B,1
CJUCQSBUIKQBDX-PMACEKPBSA-N,FC(F)(F)c1cc(CO[C@H]2C3CCN(CC3)[C@H]2c2ccccc2)cc(C(F)(F)F)c1,9.698970004336019,1,0.0,2002,2002,2002,IC50,B,1
IEYQHTJOUJKMRE-CYCSKUDLSA-N,C[C@@H](O[C@H]1CC[C@@H](N(C)C[C@@H]2CCC(=O)N2)[C@@H]1c1ccc(F)cc1)c1cc(C(F)(F)F)cc(C(F)(F)F)c1,9.698970004336019,1,0.0,2006,2006,2006,IC50,B,1
JOASHCFTUBZIDB-QVJSAIJNSA-N,C[C@@H](OC[C@@]1(c2ccccc2)C[C@@H](N2CCCCC2=O)C(=O)N1)c1cc(C(F)(F)F)cc(C(F)(F)F)c1,9.698970004336019,1,0.0,2008,2008,2008,Ki,B,1
JOASHCFTUBZIDB-FBJLLXQBSA-N,C[C@@H](OC[C@@]1(c2ccccc2)C[C@H](N2CCCCC2=O)C(=O)N1)c1cc(C(F)(F)F)cc(C(F)(F)F)c1,9.698970004336019,1,0.0,2008,2008,2008,Ki,B,1
LSOARWGXYKVEEQ-ZNRXUEPQSA-N,C[C@@H](OC[C@@]1(c2ccccc2)C[C@H](N2CCCC2=O)C(=O)N1)c1cc(C(F)(F)F)cc(C(F)(F)F)c1,9.698970004336019,1,0.0,2008,2008,2008,Ki,B,1
ODEBBNRINYMIRX-ACIOBRDBSA-N,COc1cc2c(cc1CN[C@H]1CCCN[C@H]1c1ccccc1)[C@](C)(C(F)(F)F)OCC2,9.698970004336019,1,0.0,2008,2008,2008,Ki,B,1
KEBGEOSFYGRLDX-LEWJYISDSA-N,COc1ccc(-n2nnnc2C(F)(F)F)cc1CN[C@@H]1CCN(C(=O)CNC(C)=O)C[C@H]1c1ccccc1,9.698970004336019,1,0.0,2011,2011,2011,IC50,B,1
SRLYUYRWDOPUDB-PUCZYUMASA-N,Cc1cc(F)ccc1[C@H]1CN(C(=O)C(N)=O)CC[C@@H]1C(=O)N(C)[C@H](C)c1cc(C(F)(F)F)cc(C(F)(F)F)c1,9.698970004336019,1,0.0,2012,2012,2012,IC50,B,1
AGAVJQRYUXAJGE-UHFFFAOYSA-N,CN1CCC(COCc2cc(-c3ccc(C#N)cc3)cc(C(F)(F)F)c2)(c2ccccc2)CC1,9.698970004336019,1,0.0,2015,2015,2015,IC50,B,1
ZASPFNTXFLESNS-PLZPTFKGSA-N,C[C@@H](NC(=O)[C@@H](N)Cc1ccc(O)cc1)C(=O)NCC(=O)N[C@@H](Cc1ccc(F)cc1)C(=O)OCc1cc(C(F)(F)F)cc(C(F)(F)F)c1,9.698970004336019,1,0.0,2015,2015,2015,Ki,B,1
GIPHSBZIDRUGPC-UJUVCNOISA-N,C[C@@H](OC[C@@]1(c2ccccc2)CC[C@@]2(CN1)COC(=O)N2)c1cc(C(F)(F)F)cc(C(F)(F)F)c1,9.698970004336019,1,0.0,2011,2011,2011,Ki,B,1
IXCRAIPNQOAOGF-VWLOTQADSA-N,O=C(CCCN1CCOCC1)N[C@@H](Cc1c[nH]c2ccccc12)C(=O)CCc1cc(C(F)(F)F)cc(C(F)(F)F)c1,9.694669918455059,4,0.4387019383158239,1995,1998,1995,IC50,B,2
XGGTZCKQRWXCHW-WMTVXVAQSA-N,CC(=O)N1CCN([C@H]2CCN(C(=O)N(C)[C@H](C)c3cc(C(F)(F)F)cc(C(F)(F)F)c3)[C@@H](c3ccc(F)cc3C)C2)CC1,9.690007544570035,2,0.2969377905975837,2011,2011,2011,Ki,B,1
PBEASVYBIYWASR-OUPRXKBMSA-N,COCCN[C@H]1CCN(C(=O)N(C)[C@H](C)c2cc(C(F)(F)F)cc(C(F)(F)F)c2)[C@@H](c2ccc(F)cc2C)C1,9.680061560019691,1,0.0,2011,2011,2011,Ki,B,1
HHYXMPLEGVKQIW-FPOVZHCZSA-N,FC(F)(F)c1cc(CO[C@H]2CCCN(Cc3nc[nH]n3)[C@H]2c2ccccc2)cc(C(F)(F)F)c1,9.678817209577513,2,0.030037741066601755,1996,1998,1997,IC50,B,2
QZCMEGCLHDHJRZ-CXAHNHKCSA-N,C[C@@H](O[C@H]1OCCN(Cc2nn[nH]c2CN2CCCC2)[C@H]1c1ccc(F)cc1)c1cc(C(F)(F)F)cc(C(F)(F)F)c1,9.67778070526608,1,0.0,2001,2001,2001,IC50,B,1
BMUADKHVDAKFSN-UHFFFAOYSA-N,CN(Cc1cc(C(F)(F)F)cc(C(F)(F)F)c1)C(=O)c1c(-c2ccc(F)cc2)c2cccnc2c(=O)n1C,9.67778070526608,2,0.0,1995,2004,1999,IC50,B,2
WMSPIQBQSSMIDU-URLMMPGGSA-N,CC(=O)N1CCC(C(=O)N2CC[C@H](C(=O)N(C)Cc3cc(C(F)(F)F)cc(C(F)(F)F)c3)[C@@H](c3ccccc3C(C)C)C2)CC1,9.67778070526608,1,0.0,2012,2012,2012,IC50,B,1
VBUOSAKACWCALS-IOOJMYGHSA-N,Cc1ccccc1[C@H]1[C@@H]2CN(C3=NC(=O)CO3)C[C@H]2CC[C@@H]1O[C@H](CO)c1cc(C(F)(F)F)cc(C(F)(F)F)c1,9.673393743112328,2,0.7756325085494207,2013,2013,2013,IC50,B,1
IXAYPVHFYLGKGT-VYUYYQKWSA-N,C[C@@H](O[C@H]1CN2C(=O)[C@H]3C[C@@H](O)C[C@H]3[C@H]2[C@@H]1c1ccc(F)cc1)c1cc(C(F)(F)F)cc(C(F)(F)F)c1,9.667679012221937,2,0.7837143584799242,2010,2010,2010,IC50,B,1
WCUJHRSBAKWJAP-UHFFFAOYSA-N,CC(C(=O)NC1(c2ccccc2)CCC(N2CCC3(CCCO3)CC2)CC1)c1cc(C(F)(F)F)cc(C(F)(F)F)c1,9.657577319177793,1,0.0,2002,2002,2002,IC50,B,1
VZUJTLGFVOYDPA-UHFFFAOYSA-N,Cn1c(-c2ccc(Cl)cc2)c(CCC(=O)N2CCC(O)(Cc3ccccc3)CC2)c2cc(Cl)ncc21,9.657577319177793,1,0.0,2001,2001,2001,IC50,B,1
DRCPPVNRRKEJMS-UHFFFAOYSA-N,Cn1c(-c2ccc(Cl)cc2)c(CCC(=O)N2CCC(O)(Cc3ccccc3)CC2)c2cc(Br)ccc21,9.657577319177793,1,0.0,2001,2001,2001,IC50,B,1
ZWDMWDRBUJRBNX-DPMMWBKBSA-N,C[C@@H](O[C@H]1CCn2c(O)nnc2C[C@@H]1c1ccc(F)cc1)c1cc(C(F)(F)F)cc(C(F)(F)F)c1,9.657577319177793,1,0.0,2006,2006,2006,IC50,B,1
VPYHQZYAFJVTGS-UMGGQSCQSA-N,COc1ccc(OC(F)(F)F)cc1CN[C@H]1[C@@H]2COC[C@@H]2N[C@H]1c1ccccc1,9.657577319177793,1,0.0,2007,2007,2007,IC50,B,1
FWQQPWRIPPMKHB-LRAJWGHMSA-N,C[C@@H](OC[C@@]1(c2ccccc2)CC[C@H](C(N)=O)CN1)c1cc(C(F)(F)F)cc(C(F)(F)F)c1,9.657577319177793,1,0.0,2010,2010,2010,Ki,B,1
SBBYBXSFWOLDDG-JLTOFOAXSA-N,Cc1cc(F)ccc1[C@H]1CNCCN1C(=O)N(C)[C@H](C)c1cc(C(F)(F)F)cc(C(F)(F)F)c1,9.64994590642097,5,0.4007849867840356,2009,2013,2010,IC50;Kd;Ki,B,4
CVXJAPZTZWLRBP-MUUNZHRXSA-N,COc1ccccc1CN(C[C@@H](Cc1c[nH]c2ccccc12)NC(=O)CN1CCC(N2CCCCC2)CC1)C(C)=O,9.638272163982407,3,0.21249424458774263,1996,2001,1996,IC50;Kd,B;F,2
CVXJAPZTZWLRBP-UHFFFAOYSA-N,COc1ccccc1CN(CC(Cc1c[nH]c2ccccc12)NC(=O)CN1CCC(N2CCCCC2)CC1)C(C)=O,9.638272163982407,1,0.0,1996,1996,1996,IC50,B,1
BWYOFBHDLKEMKX-RDPGKOORSA-N,C[C@@H]1C[C@H](O[C@H](C)c2cc(C(F)(F)F)cc(C(F)(F)F)c2)[C@@H](c2ccc(F)cc2)CNC1=O,9.638272163982407,1,0.0,2006,2006,2006,IC50,B,1
PLGYHEQJCJPPSA-SINHWUCRSA-N,C[C@@H](O[C@H]1CC[C@@H](N(C)Cc2n[nH]c(O)n2)[C@@H]1c1ccc(F)cc1)c1cc(C(F)(F)F)cc(C(F)(F)F)c1,9.638272163982407,1,0.0,2006,2006,2006,IC50,B,1
QVIGMIXQFMLDIS-CFJRQAHESA-N,C[C@@H](OC[C@@]1(c2ccccc2)CC[C@H](NC(=O)C2CC2)CN1)c1cc(C(F)(F)F)cc(C(F)(F)F)c1,9.638272163982407,1,0.0,2010,2010,2010,Ki,B,1
SPOVULTVWLBFKZ-FCHOFNBWSA-N,C[C@@H](O[C@H]1CN2C(=O)C(NCc3ccn[nH]3)C[C@H]2[C@@H]1c1ccc(F)cc1)c1cc(C(F)(F)F)cc(C(F)(F)F)c1,9.633803120088515,2,0.8316221045724969,2010,2010,2010,IC50,B,1
HVRBWBAGGZQXPZ-XORNHQRDSA-N,Cc1cc(F)ccc1[C@H]1C[C@@H](N(C)C)CCN1C(=O)N(C)[C@H](C)c1cc(C(F)(F)F)cc(C(F)(F)F)c1,9.61996975203217,1,0.0,2011,2011,2011,Ki,B,1
ABRLODMDKOBAGA-UHFFFAOYSA-N,O=C(CN1CCCC1)N1CCC(COCc2cc(C(F)(F)F)cc(C(F)(F)F)c2)(c2ccccc2)CC1,9.619788758288394,1,0.0,1998,1998,1998,IC50,B,1
KKKGFVLMGTXNNX-UHFFFAOYSA-N,O=S(=O)(NCC1CC2(c3ccc(F)cc3)NC1CCC2NCc1cc(OC(F)(F)F)ccc1OC1CC1)c1ccccc1,9.619788758288394,1,0.0,2006,2006,2006,IC50,B,1
UPEIBXKUEROVRV-XGXIMLBESA-N,CCN(CC(N)=O)[C@@H]1CC[C@H](O[C@H](C)c2cc(C(F)(F)F)cc(C(F)(F)F)c2)[C@H]1c1ccc(F)cc1,9.619788758288394,1,0.0,2006,2006,2006,IC50,B,1
HPCQUEPOWDHXQR-ZUSMLRIVSA-N,C[C@@H](O[C@@H]1CN(C=O)C[C@H]1c1ccc(F)cc1)c1cc(C(F)(F)F)cc(C(F)(F)F)c1,9.619788758288394,1,0.0,2007,2007,2007,IC50,B,1
XGVZWSIALHIERJ-NGOXTRIGSA-N,C[C@@H](O[C@H]1CN2C(=O)CC(n3cnnc3)[C@H]2[C@@H]1c1ccc(F)cc1)c1cc(C(F)(F)F)cc(C(F)(F)F)c1,9.617911933804834,2,0.759418577884124,2010,2010,2010,IC50,B,1
RZHUUXCHZATEMA-BGUDKVOASA-N,C[C@@H](O[C@H]1OCCN(Cc2nn[nH]c2CN)[C@H]1c1ccc(F)cc1)c1cc(C(F)(F)F)cc(C(F)(F)F)c1,9.602059991327963,1,0.0,2001,2001,2001,IC50,B,1
NGUROMNMBRTEKF-UHFFFAOYSA-N,CN(Cc1cc(C(F)(F)F)cc(C(F)(F)F)c1)C(=O)c1c(-c2ccccc2)c2cccnc2c(=O)n1C,9.602059991327963,1,0.0,1995,1995,1995,IC50,B,1
SCTMGBDXYTYTJH-KAJMWERUSA-N,COCCN[C@@H]1CC[C@H](O[C@H](C)c2cc(C(F)(F)F)cc(C(F)(F)F)c2)[C@H]1c1ccc(F)cc1,9.602059991327963,1,0.0,2006,2006,2006,IC50,B,1
HXYBGSBEAXRDNM-XXOQXHNZSA-N,CCN[C@@H]1CC[C@H](O[C@H](C)c2cc(C(F)(F)F)cc(C(F)(F)F)c2)[C@H]1c1ccc(F)cc1,9.602059991327963,1,0.0,2006,2006,2006,IC50,B,1
BGHSMICSHLUMLM-AFLPVOFRSA-N,CN[C@@H]1CC[C@H](O[C@H](C)c2cc(C(F)(F)F)cc(C(F)(F)F)c2)[C@H]1c1ccc(F)cc1,9.602059991327963,1,0.0,2006,2006,2006,IC50,B,1
IEYQHTJOUJKMRE-XIEYUCHBSA-N,C[C@@H](O[C@H]1CC[C@@H](N(C)C[C@H]2CCC(=O)N2)[C@@H]1c1ccc(F)cc1)c1cc(C(F)(F)F)cc(C(F)(F)F)c1,9.602059991327963,1,0.0,2006,2006,2006,IC50,B,1
UEECDIVOVCFUNU-FPOVZHCZSA-N,COc1ccc(-n2nnnc2NC(C)=O)cc1CN[C@H]1CCCN[C@H]1c1ccccc1,9.599980364934842,1,0.0,1996,1996,1996,Ki,B,1
ZDVCPNJSRCVCHL-UHFFFAOYSA-N,Cc1cc(F)ccc1-c1cc(C2CC(=O)NC2CO)ncc1N(C)C(=O)C(C)(C)c1cc(C(F)(F)F)cc(C(F)(F)F)c1,9.599980364934842,2,0.0,2011,2011,2011,Ki,F,1
ZJWBQCXHIYFPJZ-LNESHUDWSA-N,C[C@@H](O[C@@H]1CN(C2=CC(=O)C(O)C2)C[C@H]1c1ccc(F)cc1)c1cc(C(F)(F)F)cc(C(F)(F)F)c1,9.590228032229065,2,0.09524627501904841,2007,2007,2007,IC50,B,1
OYLDAIRMYZMDRZ-XIJQPKCWSA-N,C[C@@H](O[C@H]1CN2C(=O)CC(N)[C@H]2[C@@H]1c1ccc(F)cc1)c1cc(C(F)(F)F)cc(C(F)(F)F)c1,9.590228032229065,8,0.5360805123618647,2010,2010,2010,IC50,B,2
JOPRCPKSWSXBTD-FRJQFDSNSA-N,CC(C(=O)N[C@]1(c2ccccc2)CC[C@H](N2CCC(C3CCOC3(C)C)CC2)CC1)c1cc(C(F)(F)F)cc(C(F)(F)F)c1,9.585026652029182,1,0.0,2002,2002,2002,IC50,B,1
RHVQKCNMAFZXCK-OUPRXKBMSA-N,C[C@@H](OC[C@@]1(c2ccccc2)CC[C@H](N2CCCC2=O)CN1)c1cc(C(F)(F)F)cc(C(F)(F)F)c1,9.585026652029182,1,0.0,2010,2010,2010,Ki,B,1
XCIBJHSJYXLJBA-ZMPRRUGASA-N,CNC(=O)[C@H]1CC[C@@](CO[C@H](C)c2cc(C(F)(F)F)cc(C(F)(F)F)c2)(c2ccccc2)NC1,9.585026652029182,1,0.0,2010,2010,2010,Ki,B,1
OUZIRKFLOMRWDA-UHFFFAOYSA-N,COc1ccc(NS(C)(=O)=O)cc1CN1CCC(=O)C(C(c2ccccc2)c2ccccc2)C1,9.585026652029182,1,0.0,2011,2011,2011,IC50,B,1
PRBFCWQZDUFTDN-GXBCDIMNSA-N,COc1cc2c(cc1CN[C@H]1CCCN[C@H]1c1ccccc1)C(C)(C(F)(F)F)CCC2,9.573150894111912,2,0.14796889796276,2008,2008,2008,IC50,B,1
GDTPPOVBSGSQJY-HEYNYXLNSA-N,C[C@@H](O[C@H]1CN2C(=O)C(C)(O)C[C@H]2[C@@H]1c1ccc(F)cc1)c1cc(C(F)(F)F)cc(C(F)(F)F)c1,9.571333751784366,4,0.8302282397671327,2010,2010,2010,IC50,B,1
BEQWHMKGQHGLOD-VOBQZIQPSA-N,C[C@@H](O[C@H]1OCCN(Cc2n[nH]c(O)n2)[C@H]1c1ccccc1)c1cccc(C(F)(F)F)c1,9.568636235841012,1,0.0,1998,1998,1998,IC50,B,1
OJNYEFLQZAKWEW-AREMUKBSSA-N,CNC(=O)C1(N2CCCCC2=O)CCN(CC[C@H](CN(C)C(=O)c2c(OC)c(C#N)cc3ccccc23)c2ccc(Cl)c(Cl)c2)CC1,9.568636235841012,1,0.0,2002,2002,2002,Ki,B,1
CJEMHYNHZXIHFV-UHFFFAOYSA-N,C=Cc1ccc2c(c1)c(CCC(=O)N1CCC(O)(Cc3ccccc3)CC1)c(-c1ccc(Cl)cc1)n2C,9.568636235841012,1,0.0,2001,2001,2001,IC50,B,1
XVOFQVYYIGNDLB-UHFFFAOYSA-N,O=C(NS(=O)(=O)c1ccccc1)C1CC2(c3ccc(F)cc3)NC1CCC2NCc1cc(OC(F)(F)F)ccc1OC1CC1,9.568636235841012,1,0.0,2006,2006,2006,IC50,B,1
XIRJXRDKXDGDJL-SBEIQJPNSA-N,C[C@@H](O[C@H]1CC[C@@H](N(C)C(=O)Cc2c[nH]cn2)[C@@H]1c1ccc(F)cc1)c1cc(C(F)(F)F)cc(C(F)(F)F)c1,9.568636235841012,1,0.0,2006,2006,2006,IC50,B,1
ZKOLAUXNNRRPHW-WSFKTYETSA-N,C[C@@H](O[C@H]1CN2C(=O)OC[C@@H]2[C@@H]1c1ccccc1)c1cc(C(F)(F)F)cc(C(F)(F)F)c1,9.568636235841012,1,0.0,2008,2008,2008,IC50,B,1
PVNAJCHBKOKIIB-BHXQQXLMSA-N,CC(C)C[C@H](NC(=O)[C@@H]1CCCN1C(=O)[C@H]1NC(=O)[C@H](Cc2ccccc2)NC(=O)CNC(=O)[C@@H](NC(=O)[C@@H](N)Cc2ccc(O)cc2)C(C)(C)SSC1(C)C)C(=O)N[C@@H](Cc1c[nH]c2ccccc12)C(=O)NCc1cc(C(F)(F)F)cc(C(F)(F)F)c1,9.562347799885199,2,0.2579238381867257,2010,2010,2010,IC50;Ki,B,1
XACOBIOIYOTECX-LADGPHEKSA-N,Cc1cc(F)ccc1[C@H]1C[C@@H](N2CCCC2)CCN1C(=O)N(C)Cc1cc(C(F)(F)F)cc(C(F)(F)F)c1,9.560036064079096,1,0.0,2011,2011,2011,Ki,B,1
LHPGUSGDWUVDIS-XSLRDRNGSA-N,C[C@@H](O[C@H]1CN2C(=O)CC(C)(O)[C@H]2[C@@H]1c1ccc(F)cc1)c1cc(C(F)(F)F)cc(C(F)(F)F)c1,9.556754637413759,4,0.8323981041986563,2010,2010,2010,IC50,B,1
SOAJINBUWMBFRL-UHFFFAOYSA-N,COc1ccccc1N1CCN(C(=O)CCc2c(-c3ccc(Cl)cc3)n(C)c3ccc(Cl)cc23)CC1,9.55284196865778,2,0.0,2001,2001,2001,IC50,B,2
PJBUKQBYUYWWMO-KRWDZBQOSA-N,Cc1ccc(-c2c3n(c(=O)c4ncccc24)C[C@@H](C)CN(Cc2cc(C(F)(F)F)cc(C(F)(F)F)c2)C3=O)cc1,9.55284196865778,1,0.0,1999,1999,1999,IC50,B,1
HNQIZPRWNRLKAA-IFZYUDKTSA-N,C[C@@H](O[C@H]1CCc2nccn2C[C@@H]1c1ccc(F)cc1)c1cc(C(F)(F)F)cc(C(F)(F)F)c1,9.55284196865778,1,0.0,2006,2006,2006,IC50,B,1
FYOURDLECHXYOY-CSEYDVTNSA-N,C[C@@H](O[C@H]1CC[C@@H](N(C)CC(=O)N(C)CCO)[C@@H]1c1ccc(F)cc1)c1cc(C(F)(F)F)cc(C(F)(F)F)c1,9.55284196865778,1,0.0,2006,2006,2006,IC50,B,1
NTPXRAIABDEODW-BNQVVEKUSA-N,C[C@@H](O[C@H]1CN(C(=O)OC(C)(C)C)[C@@H](CO)[C@@H]1c1ccc(F)cc1)c1cc(C(F)(F)F)cc(C(F)(F)F)c1,9.55284196865778,1,0.0,2008,2008,2008,IC50,B,1
RCZBGEWMFPGPIF-XORNHQRDSA-N,C[C@@H](OC[C@@]1(c2ccccc2)CC[C@H](NC2=NCCO2)CN1)c1cc(C(F)(F)F)cc(C(F)(F)F)c1,9.55284196865778,1,0.0,2010,2010,2010,Ki,B,1
YOBMIXIISZAQGF-CAYVGHNUSA-N,C[C@@H](O[C@H]1OCCN(Cc2n[nH]c(=O)[nH]2)[C@H]1c1ccccc1)c1cc(C(F)(F)F)cc(C(F)(F)F)c1,9.550637409205253,2,0.700205534056108,1998,2008,2003,IC50,B,2
SJBVKVDGVANGJA-MFKNPSAJSA-N,C[C@@H](O[C@H]1CN2C(=O)[C@H]3C[C@](C)(O)C[C@H]3[C@H]2[C@@H]1c1ccc(F)cc1)c1cc(C(F)(F)F)cc(C(F)(F)F)c1,9.550637409205253,2,0.8906980840942047,2010,2010,2010,IC50,B,1
AYUYKFLBPMUYIU-UHFFFAOYSA-N,Cc1cc(F)ccc1-c1cc(C2NC(=O)CC2CO)ncc1N(C)C(=O)C(C)(C)c1cc(C(F)(F)F)cc(C(F)(F)F)c1,9.550009249669326,4,0.3403494803430753,2011,2011,2011,Ki,F,1
GSEXKIPDORFXEH-IUFPCKGZSA-N,CNCc1n[nH]nc1CN1CCOC(O[C@H](C)c2cc(C(F)(F)F)cc(C(F)(F)F)c2)[C@@H]1c1ccc(F)cc1,9.537602002101044,1,0.0,2001,2001,2001,IC50,B,1
NIBRNFOXTAXDJA-NUCBDOEESA-N,O=C(NC(CO)c1cc(C(F)(F)F)cc(C(F)(F)F)c1)[C@]1(c2ccccc2)CC[C@@H](N2CCC(c3ccc(F)cc3)CC2)CC1,9.537602002101044,1,0.0,2002,2002,2002,IC50,B,1
OVKFQKXVHAJHEJ-XORNHQRDSA-N,CCC(=O)N[C@H]1CC[C@@](CO[C@H](C)c2cc(C(F)(F)F)cc(C(F)(F)F)c2)(c2ccccc2)NC1,9.537602002101044,1,0.0,2010,2010,2010,Ki,B,1
DTQNEFOKTXXQKV-NNBQYGFHSA-N,COc1ccccc1CNC1CCCN[C@H]1c1ccccc1,9.535290537142853,2,0.3312944348882862,1994,1998,1996,IC50;Ki,B,2
IJFWWOVMXWFJDI-VWLOTQADSA-N,O=C(CCCN1CCCC1)N[C@@H](Cc1c[nH]c2ccccc12)C(=O)CCc1cc(C(F)(F)F)cc(C(F)(F)F)c1,9.522878745280337,1,0.0,1995,1995,1995,IC50,B,1
PWYQZXIMGCRVMM-LSLXJTAPSA-N,CC(C(=O)N[C@]1(c2ccccc2)CC[C@@H](N2CCC3(CC2)OCCO3)CC1)c1cc(C(F)(F)F)cc(C(F)(F)F)c1,9.522878745280337,1,0.0,2002,2002,2002,IC50,B,1
YAKMMNSOJKYUEW-UHFFFAOYSA-N,Cn1c(-c2ccc(Cl)cc2)c(CCC(=O)N2CCN(Cc3ccccc3)CC2)c2cc(Cl)ccc21,9.522878745280337,1,0.0,2001,2001,2001,IC50,B,1
OAHRZWRIQLQPSK-UNMCSNQZSA-N,CN(C)C(=O)CN1CCC[C@H](OCc2cc(C(F)(F)F)cc(C(F)(F)F)c2)[C@@H]1c1ccccc1,9.522878745280337,1,0.0,1995,1995,1995,IC50,B,1
GLCIVEUJSREFOQ-DPVFXHEMSA-N,COc1ccc(OC(F)(F)F)cc1[C@H]1COC2(CCCN[C@H]2c2ccccc2)C1,9.522878745280337,1,0.0,2002,2002,2002,IC50,B,1
UZIMPODCTDOSBR-ZYKAFZOCSA-N,CO/N=C(\CN(C)C(=O)c1cc(Cl)cc(Cl)c1)[C@H](CCN1CCC(N2CCCN(CC(N)=O)C2=O)CC1)c1ccc(Cl)c(Cl)c1,9.522878745280337,1,0.0,2002,2002,2002,Ki,B,1
LRECQAAWBMLZRF-CONSDPRKSA-N,COC(=O)c1ccccc1NC(=O)N1CCC[C@H]1C(=O)N[C@@H](Cc1ccc2ccccc2c1)C(=O)N(C)Cc1ccccc1,9.522878745280337,1,0.0,1998,1998,1998,Ki,B,1
JHDXXNTYBOADFV-FQQGMQMYSA-N,C[C@@H](OC[C@]1(c2ccccc2)C[C@H](N2CCCC2=O)C1)c1cc(C(F)(F)F)cc(C(F)(F)F)c1,9.522878745280337,1,0.0,2006,2006,2006,Ki,B,1
QHCKTDLGDHQAID-ILPVEIHGSA-N,C[C@@H](OCC1(c2ccccc2)CC(NCc2ccccc2)C1)c1cc(C(F)(F)F)cc(C(F)(F)F)c1,9.522878745280337,1,0.0,2006,2006,2006,Ki,B,1
PTYBAWAKWJULSH-CSEYDVTNSA-N,COCCNC(=O)CN(C)[C@@H]1CC[C@H](O[C@H](C)c2cc(C(F)(F)F)cc(C(F)(F)F)c2)[C@H]1c1ccc(F)cc1,9.522878745280337,1,0.0,2006,2006,2006,IC50,B,1
WUTRELIDULYHSO-FPOVZHCZSA-N,COc1ccc(C(C)(C)C(F)(F)F)cc1CN[C@H]1CCCN[C@H]1c1ccccc1,9.522878745280337,3,0.10166633581773775,2007,2011,2008,IC50,B;F,3
NBMRLKJWYTZCGO-QQTNTEGQSA-N,CC(=O)N1CCN(C(=O)N2C[C@@H](O[C@H](C)c3cc(C(F)(F)F)cc(C(F)(F)F)c3)[C@H](c3ccc(F)cc3)C2)CC1,9.522878745280337,1,0.0,2007,2007,2007,IC50,B,1
XTOLJIORQZGPMC-JSVDNDDVSA-N,CCC(=O)N[C@@H]1C[C@@](CO[C@H](C)c2cc(C(F)(F)F)cc(C(F)(F)F)c2)(c2ccccc2)NC1=O,9.522878745280337,1,0.0,2008,2008,2008,Ki,B,1
XTOLJIORQZGPMC-YFYZNPQRSA-N,CCC(=O)N[C@H]1C[C@@](CO[C@H](C)c2cc(C(F)(F)F)cc(C(F)(F)F)c2)(c2ccccc2)NC1=O,9.522878745280337,1,0.0,2008,2008,2008,Ki,B,1
HDCFCWFTSFQKMC-YIILKADPSA-N,CC(=O)N[C@H]1C[C@@](CO[C@H](C)c2cc(C(F)(F)F)cc(C(F)(F)F)c2)(c2ccccc2)NC1=O,9.522878745280337,1,0.0,2008,2008,2008,Ki,B,1
CMHQSZGZHCBTQY-VYUYYQKWSA-N,C[C@@H](O[C@H]1CN2C(=O)[C@H]3C[C@@H](N)C[C@H]3[C@H]2[C@@H]1c1ccc(F)cc1)c1cc(C(F)(F)F)cc(C(F)(F)F)c1,9.522878745280337,2,0.7394622130520802,2010,2010,2010,IC50,B,1
QMCSRVRYDUVHNB-FOIQADDNSA-N,C[C@@H](OC[C@@]1(c2ccccc2)CCCCN1)c1cc(C(F)(F)F)cc(C(F)(F)F)c1,9.522878745280337,1,0.0,2010,2010,2010,Ki,B,1
LVURVEVFRJTVBU-OALUTQOASA-N,COC(=O)N1CC[C@H](NCc2cc(OC(F)(F)F)ccc2OC)[C@H](c2ccccc2)C1,9.508638306165727,1,0.0,2011,2011,2011,IC50,B,1
TURPYQHVJSEIHN-BAZFYLPPSA-N,CCCC[C@H](NC(=O)[C@H](Cc1ccccc1)NC(=O)CNC(=O)[C@@H](C)NC(=O)[C@@H](N)Cc1c(C)cc(O)cc1C)C(=O)N1CCC[C@H]1C(=O)N[C@@H](CC(C)C)C(=O)N[C@@H](Cc1c[nH]c2ccccc12)C(=O)N(C)Cc1cc(C(F)(F)F)cc(C(F)(F)F)c1,9.503906667678788,2,0.2458950221005177,2011,2011,2011,IC50;Ki,B,1
KBIKENJDJYPBNS-UHFFFAOYSA-N,CN(CC(CCN1CCC(O)(c2ccccc2)CC1)c1ccc(Cl)c(Cl)c1)C(=O)c1ccccc1,9.500038134403809,1,0.0,2002,2002,2002,Kd,B,1
LLUKLOGVWWPZKG-UHFFFAOYSA-N,Cc1cc(I)cc(COC2C3CCN(CC3)C2C(c2ccccc2)c2ccccc2)c1,9.494850021680094,1,0.0,1995,1995,1995,IC50,B,1
STFZMBZNJAIPHK-UHFFFAOYSA-N,O=C(Cn1ccnc1)N1CCC(COCc2cc(C(F)(F)F)cc(C(F)(F)F)c2)(c2ccccc2)CC1,9.494850021680094,1,0.0,1998,1998,1998,IC50,B,1
AAMSRIRJJDBNAA-ISIYWYIMSA-N,C[C@@H](O[C@H]1CN2C(=O)C(N)C[C@H]2[C@@H]1c1ccc(F)cc1)c1cc(C(F)(F)F)cc(C(F)(F)F)c1,9.494426319612101,6,0.581154744250582,2010,2010,2010,IC50,B,2
VPSGABLRZGFPPI-CFJRQAHESA-N,Cc1cc(F)ccc1[C@H]1C[C@@H](NC2CC2)CCN1C(=O)N(C)[C@H](C)c1cc(C(F)(F)F)cc(C(F)(F)F)c1,9.489991487059765,1,0.0,2011,2011,2011,Ki,B,1
BETCCFITWJNKCT-UHFFFAOYSA-N,CC(C(=O)NC1(c2ccccc2)CCC(N2CCC(O)(Cc3ccccc3)CC2)CC1)c1cc(C(F)(F)F)cc(C(F)(F)F)c1,9.481486060122112,1,0.0,2002,2002,2002,IC50,B,1
OJHVYMWHUUMXOF-UHFFFAOYSA-N,COc1ccccc1N1CCN(C(=O)CCc2c(-c3ccc(C(C)C)cc3)n(C)c3ccc(C)cc23)CC1,9.481486060122112,1,0.0,2001,2001,2001,IC50,B,1
JZEQFVDLSUHIOP-WUTOFTNFSA-N,CC1(c2cc(C(F)(F)F)cc(C(F)(F)F)c2)CCN([C@]2(c3ccccc3)CC[C@@H](N3CCC4(CCOC4)CC3)CC2)C1=O,9.481486060122112,1,0.0,2006,2006,2006,IC50,B,1
VVDKIQHOQWYCMD-INEOQGJTSA-N,C[C@@H](O[C@H]1CCC(=O)N(C)[C@@H](C)[C@@H]1c1ccc(F)cc1)c1cc(C(F)(F)F)cc(C(F)(F)F)c1,9.481486060122112,1,0.0,2006,2006,2006,IC50,B,1
DYBBAWOUQNTPAE-CFTLBWQVSA-N,C[C@@H](O[C@@H]1[C@@H](c2ccc(F)cc2)CN2C(=O)OC[C@@H]12)c1cc(C(F)(F)F)cc(C(F)(F)F)c1,9.481486060122112,1,0.0,2008,2008,2008,IC50,B,1
ANSDKCGTAPTVGF-OUPRXKBMSA-N,C[C@@H](OC[C@@]1(c2ccccc2)CC[C@H](Nc2ncccn2)CN1)c1cc(C(F)(F)F)cc(C(F)(F)F)c1,9.481486060122112,1,0.0,2010,2010,2010,Ki,B,1
CMHQSZGZHCBTQY-RSKZVPLKSA-N,C[C@@H](O[C@H]1CN2C(=O)[C@H]3C[C@H](N)C[C@H]3[C@H]2[C@@H]1c1ccc(F)cc1)c1cc(C(F)(F)F)cc(C(F)(F)F)c1,9.479303657420887,2,0.6778377328196467,2010,2010,2010,IC50,B,1
LDVRAJSZIPKJHL-UHFFFAOYSA-N,CC(C(=O)NC1(c2ccccc2)CCC(N2CCC3(CCOC3)CC2)CC1)c1cc(C(F)(F)F)cc(C(F)(F)F)c1,9.468521082957745,1,0.0,2002,2002,2002,IC50,B,1
GENLRMUFBFSRLA-ALHJQXIUSA-N,O=C(NCc1cc(C(F)(F)F)cc(C(F)(F)F)c1)[C@]1(c2ccccc2)CC[C@H](N2CCC(c3ccc(F)cc3)CC2)CC1,9.468521082957745,1,0.0,2002,2002,2002,IC50,B,1
GIAQQXUCTFYCHO-UHFFFAOYSA-N,Cc1ccc(-c2c(C(=O)N(C)Cc3cc(C(F)(F)F)cc(C(F)(F)F)c3)n(C)c(=O)c3ncccc23)cc1,9.468521082957745,13,0.5380661241188748,1995,2008,1999,IC50,B;F,4
FAQUNGSUXKEHRR-UHFFFAOYSA-N,CC(C)CCN1CCN(C(=O)CCc2c(-c3ccc(Cl)cc3)n(C)c3ccc(Cl)cc23)CC1,9.468521082957745,1,0.0,2001,2001,2001,IC50,B,1
HCKQHXNWJMHBJT-UHFFFAOYSA-N,COc1ccccc1CN(CC(Cc1c[nH]c2ccccc12)NC(=O)CN1CCN(C2CCCCC2)CC1)C(C)=O,9.468521082957745,1,0.0,1996,1996,1996,IC50,B,1
LDVRAJSZIPKJHL-VTMPSYGGSA-N,CC(C(=O)N[C@]1(c2ccccc2)CC[C@@H](N2CCC3(CCOC3)CC2)CC1)c1cc(C(F)(F)F)cc(C(F)(F)F)c1,9.468521082957745,1,0.0,2006,2006,2006,IC50,B,1
TTYKBSXKWCQPFQ-OCGBXCADSA-N,C[C@@H](O[C@H]1CC[C@@H](NC[C@@H]2CCC(=O)N2)[C@@H]1c1ccc(F)cc1)c1cc(C(F)(F)F)cc(C(F)(F)F)c1,9.468521082957745,1,0.0,2006,2006,2006,IC50,B,1
NRUUBRQFPMIHOI-PYSHFNSBSA-N,C[C@@H](O[C@@H]1CN(C(=O)[C@@H]2COC(=O)N2)C[C@H]1c1ccc(F)cc1)c1cc(C(F)(F)F)cc(C(F)(F)F)c1,9.468521082957745,1,0.0,2007,2007,2007,IC50,B,1
ODEBBNRINYMIRX-PMVMPFDFSA-N,COc1cc2c(cc1CN[C@H]1CCCN[C@H]1c1ccccc1)[C@@](C)(C(F)(F)F)OCC2,9.468521082957745,1,0.0,2008,2008,2008,IC50,B,1
IKROAVAVBXVDKX-XVTZWQNCSA-N,C[C@@H](OC[C@@]1(c2ccccc2)CC[C@H](C(=O)NC2CC2)CN1)c1cc(C(F)(F)F)cc(C(F)(F)F)c1,9.468521082957745,1,0.0,2010,2010,2010,Ki,B,1
HUWOCTYCYVHXPK-UHFFFAOYSA-N,COc1ccc(OC(F)(F)F)cc1CN1CCC(=O)C(C(c2ccccc2)c2ccccc2)C1,9.468521082957745,1,0.0,2011,2011,2011,IC50,B,1
HNLXDBKQNYDVCI-WFKCRPRESA-N,CCCCC(NC(=O)[C@H](Cc1ccccc1)NC(=O)CNC(=O)[C@@H](C)NC(=O)[C@@H](N)Cc1ccc(O)cc1)C(=O)N[C@@H](Cc1c[nH]c2ccccc12)C(=O)OCc1cc(C(F)(F)F)cc(C(F)(F)F)c1,9.468521082957745,1,0.0,2015,2015,2015,Ki,B,1
CYKFSGXEZOAASR-KMWMRXANSA-N,CCCC[C@@H]1NC(=O)[C@H](Cc2ccccc2)NC(=O)CNC(=O)[C@H](NC(=O)[C@@H](N)Cc2ccc(O)cc2)CSSC[C@H](C(=O)N[C@@H](Cc2c[nH]c3ccccc23)C(=O)NCc2cc(C(F)(F)F)cc(C(F)(F)F)c2)NC(=O)[C@@H]2CCCN2C1=O,9.456020605269632,2,0.20653088040432965,2009,2009,2009,IC50;Ki,B,1
YFGXBMYNVZFVNN-UHFFFAOYSA-N,CC(C(=O)NC1(c2ccccc2)CCC(N2CCC3(CC2)CCC(C)(C)O3)CC1)c1cc(C(F)(F)F)cc(C(F)(F)F)c1,9.455931955649724,1,0.0,2002,2002,2002,IC50,B,1
UENVXBNURKGZEE-KHWNGSORSA-N,CC(C)N(Cc1[nH]nnc1CN1CCO[C@H](O[C@H](C)c2cc(C(F)(F)F)cc(C(F)(F)F)c2)[C@@H]1c1ccc(F)cc1)C(C)C,9.455931955649724,1,0.0,2001,2001,2001,IC50,B,1
BDUFSRWYMLBPMN-UHFFFAOYSA-N,Cn1c(-c2ccc(Cl)cc2)c(CCC(=O)N2CCN(C3CCCCC3)CC2)c2cc(Cl)ccc21,9.455931955649724,1,0.0,2001,2001,2001,IC50,B,1
ZACQZIWOFJIWSX-UHFFFAOYSA-N,COc1ccc(OC(F)(F)F)cc1C1=CC2(CCCNC2c2ccccc2)OC1,9.455931955649724,1,0.0,2002,2002,2002,IC50,B,1
SAOIHBIAGRVDAR-UJUVCNOISA-N,CC(=O)N[C@@H]1CC[C@@](CO[C@H](C)c2cc(C(F)(F)F)cc(C(F)(F)F)c2)(c2ccccc2)NC1,9.455931955649724,1,0.0,2010,2010,2010,Ki,B,1
RXHOOMSRVGJWKW-MRWAXMPCSA-N,C/C(CN1CCN(C(=O)c2cc(C(F)(F)F)cc(C(F)(F)F)c2)[C@H](Cc2c[nH]c3ccccc23)C1)=N/OCCN,9.449993085448419,2,0.4949431363259413,2006,2006,2006,Kd;Ki,B;F,1
GCUALAPXLAAJSL-UAWOKRSRSA-N,C[C@@H](O[C@H]1CN2C(=O)C(n3cnnc3)C[C@H]2[C@@H]1c1ccc(F)cc1)c1cc(C(F)(F)F)cc(C(F)(F)F)c1,9.449814727441218,4,0.8652388273431991,2010,2010,2010,IC50,B,1
QPXHKYIKGXEZLU-GDOIFUFOSA-N,C[C@@H](O[C@H]1CN2C(=O)C(O)C[C@H]2[C@@H]1c1ccc(F)cc1)c1cc(C(F)(F)F)cc(C(F)(F)F)c1,9.447415286000334,4,0.8380863317228141,2010,2010,2010,IC50,B,1
ZQRROFVJVGJKSH-FPOVZHCZSA-N,COc1ccccc1CN1CCN2CCC[C@H]1[C@@H]2c1ccccc1,9.439973751087107,1,0.0,1998,1998,1998,IC50,B,1
IXAYPVHFYLGKGT-RSKZVPLKSA-N,C[C@@H](O[C@H]1CN2C(=O)[C@H]3C[C@H](O)C[C@H]3[C@H]2[C@@H]1c1ccc(F)cc1)c1cc(C(F)(F)F)cc(C(F)(F)F)c1,9.43323054581489,2,0.9385845035731237,2010,2010,2010,IC50,B,1
UZAUACUHKJBFBZ-VWLOTQADSA-N,O=C(CCC1CCNCC1)N[C@@H](Cc1c[nH]c2ccccc12)C(=O)CCc1cc(C(F)(F)F)cc(C(F)(F)F)c1,9.431798275933005,1,0.0,1995,1995,1995,IC50,B,1
XEGOLLHFEQVDHJ-SAHWJRBASA-N,CCNC(=O)[C@H]1CC[C@@](CO[C@H](C)c2cc(C(F)(F)F)cc(C(F)(F)F)c2)(c2ccccc2)NC1,9.431798275933005,1,0.0,2010,2010,2010,Ki,B,1
BBCKQZTZCGMHOM-NUYCEAJWSA-N,C[C@@H](O[C@H]1CC[C@@H](N(C)CC(=O)N2CCOCC2)[C@@H]1c1ccc(F)cc1)c1cc(C(F)(F)F)cc(C(F)(F)F)c1,9.42021640338319,1,0.0,2006,2006,2006,IC50,B,1
ZADBRRWPUCQOJX-CAYVGHNUSA-N,C[C@@H](O[C@@H]1CN(C(=O)N(C)C)C[C@H]1c1ccc(F)cc1)c1cc(C(F)(F)F)cc(C(F)(F)F)c1,9.42021640338319,1,0.0,2007,2007,2007,IC50,B,1
ZJXKREYYUVQFRN-UZFJHSOTSA-N,C[C@@H](OC[C@@]1(c2ccccc2)CC[C@]2(CCOC(=O)N2)CN1)c1cc(C(F)(F)F)cc(C(F)(F)F)c1,9.42021640338319,1,0.0,2011,2011,2011,Ki,B,1
KIWPQCODGUAEAZ-IBGZPJMESA-N,Cc1cc(F)ccc1-c1cc(N2CCN(S(C)(=O)=O)[C@@H](C)C2)ncc1N(C)C(=O)C(C)(C)c1cc(C(F)(F)F)cc(C(F)(F)F)c1,9.41195437047216,2,0.15687075525148192,2012,2012,2012,Ki,B,1
QUXYPYOPGAKDPS-QGEZMCGCSA-N,CC(C(=O)N[C@]1(c2ccccc2)CC[C@@H](N2CCN(C(C)C)CC2)CC1)c1cc(C(F)(F)F)cc(C(F)(F)F)c1,9.4089353929735,1,0.0,2002,2002,2002,IC50,B,1
PHEANDAKVLVTIQ-UHFFFAOYSA-N,Cn1c(-c2ccc(Cl)cc2)c(CCC(=O)N2CCN(Cc3ccccc3)C(=O)C2)c2cc(Cl)ccc21,9.4089353929735,1,0.0,2001,2001,2001,IC50,B,1
NWGYXBHPLFBXGE-LMIIYESCSA-N,C[C@@H](O[C@H]1CC[C@@H](N(C)CC(=O)N(C)C)[C@@H]1c1ccc(F)cc1)c1cc(C(F)(F)F)cc(C(F)(F)F)c1,9.4089353929735,1,0.0,2006,2006,2006,IC50,B,1
WBJKVEOYVSBOSF-NHQLDELESA-N,C[C@@H](O[C@H]1CN2C(=O)C=C(C3COC(=O)C3)CC2[C@@H]1c1ccc(F)cc1)c1cc(C(F)(F)F)cc(C(F)(F)F)c1,9.406239639581768,4,0.7806191427533221,2010,2010,2010,IC50,B,1
PWPFRWYBVBHLLB-HBTMXKHJSA-N,CC(C)C[C@H](NC(=O)[C@@H]1CCCN1C(=O)[C@H](CC[S+](C)[O-])NC(=O)[C@H](Cc1ccccc1)NC(=O)CNC(=O)[C@@H](C)NC(=O)[C@@H](N)Cc1ccc(O)cc1)C(=O)N[C@@H](Cc1c[nH]c2ccccc12)C(=O)OCc1cc(C(F)(F)F)cc(C(F)(F)F)c1,9.404498182966012,2,0.41644604351817166,2007,2007,2007,IC50;Ki,B,1
HZJXPJDIXMSFTF-ZCYQVOJMSA-N,COc1ccc(C(=O)c2ccccc2)cc1CN[C@H]1CCCN[C@H]1c1ccccc1,9.400007822415901,1,0.0,1995,1995,1995,Ki,B,1
NMRIUXKIJDWEAY-ZCYQVOJMSA-N,COc1ccc(-n2nnnc2-c2ccccc2)cc1CN[C@H]1CCCN[C@H]1c1ccccc1,9.400007822415901,1,0.0,1996,1996,1996,Ki,B,1
KKYGPFJNUCFSFY-UHFFFAOYSA-N,O=C(O)C1CCN(C2CN(CCC3(c4ccc(Cl)c(Cl)c4)CCC(=O)N(CC4CC4)C3)C2)CC1,9.400007822415901,1,0.0,2002,2002,2002,Kd,B,1
HMFVPOKPHBIIOI-XCZPVHLTSA-N,CN(Cc1ccccc1)C(=O)CN1CCC[C@H](OCc2cc(C(F)(F)F)cc(C(F)(F)F)c2)[C@@H]1c1ccccc1,9.400007822415901,1,0.0,1998,1998,1998,IC50,B,1
SARPBFWIJDNMRR-KFZUGWGMSA-N,CN(C/C(=N\OCC(=N)NO)[C@H](CCN1CCC(N2CCCCC2=O)CC1)c1ccc(Cl)c(Cl)c1)C(=O)c1cc(Cl)cc(Cl)c1,9.397940008672037,1,0.0,2002,2002,2002,Ki,B,1
CWMJXUYOMKBSDT-NSVMSHEGSA-N,CO/N=C(\CN(C)C(=O)c1cc(Cl)cc(Cl)c1)[C@H](CCN1CCC(N2CCCN(C)C2=O)CC1)c1ccc(Cl)c(Cl)c1,9.397940008672037,1,0.0,2002,2002,2002,Ki,B,1
ZLBVSSWQRYZKCR-UHFFFAOYSA-N,CN(Cc1cc(C(F)(F)F)cc(C(F)(F)F)c1)C(=O)c1c(-c2ccc(F)cc2)c2ccccc2c(=O)n1C,9.397940008672037,1,0.0,1995,1995,1995,IC50,B,1
YFVPYJYKDRXIGS-MPBGBICISA-N,C[C@@H](OC[C@@]1(c2ccc(F)cc2)CN(CC(N)=O)C(=O)N1)c1cc(C(F)(F)F)cc(C(F)(F)F)c1,9.397940008672037,1,0.0,2006,2006,2006,Ki,B,1
JNFUTZSQRSWFOX-UHFFFAOYSA-N,CN1CCC(N2CC(COCc3cc(C(F)(F)F)cc(C(F)(F)F)c3)(c3ccc(F)cc3)NC2=O)CC1,9.397940008672037,1,0.0,2006,2006,2006,Ki,B,1
AYAQLUKQULPJEX-UHFFFAOYSA-N,Cc1ccccc1-c1cc(N2CCC(O)CC2)ncc1N(C)C(=O)C(C)(C)c1cc(C(F)(F)F)cc(C(F)(F)F)c1,9.397940008672037,1,0.0,2006,2006,2006,Ki,B,1
VNEJEACQXCJUFD-QOLIVUAPSA-N,C[C@@H](OC1CCC2NC1(c1ccccc1)CC2(F)c1nnn(C)n1)c1cc(C(F)(F)F)cc(C(F)(F)F)c1,9.397940008672037,1,0.0,2006,2006,2006,IC50,B,1
JHDXXNTYBOADFV-VZPUWSDOSA-N,C[C@@H](OC[C@]1(c2ccccc2)C[C@@H](N2CCCC2=O)C1)c1cc(C(F)(F)F)cc(C(F)(F)F)c1,9.397940008672037,1,0.0,2006,2006,2006,Ki,B,1
ZOPRZQRKBZNHLP-XMDBHEJHSA-N,CC(=O)N[C@H]1C[C@](CO[C@H](C)c2cc(C(F)(F)F)cc(C(F)(F)F)c2)(c2ccccc2)C1,9.397940008672037,1,0.0,2006,2006,2006,Ki,B,1
BNZXSKJMIPTBKX-FRIZENJKSA-N,C[C@@H](O[C@H]1CC[C@@H](NCC(N)=O)[C@@H]1c1ccc(F)cc1)c1cc(C(F)(F)F)cc(C(F)(F)F)c1,9.397940008672037,1,0.0,2006,2006,2006,IC50,B,1
LISRBXCIODAVII-XORNHQRDSA-N,C[C@@H](OC[C@@]1(c2ccccc2)C[C@H](N2CCCC2)C(=O)N1)c1cc(C(F)(F)F)cc(C(F)(F)F)c1,9.397940008672037,1,0.0,2008,2008,2008,Ki,B,1
JKJDVBSGBXQCLI-AZOXIEDXSA-N,C[C@@H](OC[C@@]1(c2ccccc2)CC(N)C(=O)N1)c1cc(C(F)(F)F)cc(C(F)(F)F)c1,9.397940008672037,1,0.0,2008,2008,2008,Ki,B,1
PRVMNKWTNJEKFJ-XHRKEWCOSA-N,COc1ccc(C(C)C(F)(F)F)cc1CN[C@H]1CCCN[C@H]1c1ccccc1,9.397940008672037,1,0.0,2008,2008,2008,IC50,B,1
IKROAVAVBXVDKX-HOZJOUCCSA-N,C[C@@H](OC[C@@]1(c2ccccc2)CC[C@@H](C(=O)NC2CC2)CN1)c1cc(C(F)(F)F)cc(C(F)(F)F)c1,9.397940008672037,1,0.0,2010,2010,2010,Ki,B,1
FLJZRDCJNZDTST-XIJQPKCWSA-N,C[C@@H](O[C@H]1CN2C(=O)CC(O)[C@H]2[C@@H]1c1ccc(F)cc1)c1cc(C(F)(F)F)cc(C(F)(F)F)c1,9.387345359137068,4,0.8690488315744012,2010,2010,2010,IC50,B,1
KOHCJNXQELPZKP-WMZOPIPTSA-N,FC(F)Oc1ccccc1CN[C@H]1CCCN[C@H]1c1ccccc1,9.387216143280265,1,0.0,1998,1998,1998,IC50,F,1
JUCZGNXHCDAERA-RDPGKOORSA-N,C[C@@H]1C[C@H](O[C@H](C)c2cc(C(F)(F)F)cc(C(F)(F)F)c2)[C@@H](c2ccc(F)cc2)CC(=O)N1,9.387216143280265,1,0.0,2006,2006,2006,IC50,B,1
JTRGNZGZWJSRSX-NCEZUQNJSA-N,C[C@@H](O[C@H]1CC[C@@H](N(C)Cc2c[nH]c(O)n2)[C@@H]1c1ccc(F)cc1)c1cc(C(F)(F)F)cc(C(F)(F)F)c1,9.387216143280265,1,0.0,2006,2006,2006,IC50,B,1
BTNXYNMBBUYZIK-UOKFIYJESA-N,C[C@@H](OC[C@@]1(c2ccccc2)CC[C@]2(CCCC(=O)N2)CN1)c1cc(C(F)(F)F)cc(C(F)(F)F)c1,9.387216143280265,1,0.0,2011,2011,2011,Ki,B,1
QGMYHJMVUGGQNO-BMIMXMDRSA-N,C[C@@H](O[C@H]1CN2C(=O)C3CN(C4=CC(=O)CC4)CC3[C@H]2[C@@H]1c1ccc(F)cc1)c1cc(C(F)(F)F)cc(C(F)(F)F)c1,9.384775539310862,4,0.6253721209855898,2010,2010,2010,IC50,B,1
TYZXLZNJKGHJKW-UHFFFAOYSA-N,CC(C(=O)NC1(c2ccccc2)CCC(N2CCC(C3CCOC3=O)CC2)CC1)c1cc(C(F)(F)F)cc(C(F)(F)F)c1,9.3767507096021,1,0.0,2002,2002,2002,IC50,B,1
VCYXADWZHUWUAD-OAQYLSRUSA-N,Cc1cc(COC[C@H](c2ccccc2)N(C)Cc2n[nH]c(O)n2)cc(C(C)(C)C)c1,9.3767507096021,1,0.0,1998,1998,1998,IC50,B,1
QOPIOMWNHRCPAA-RPBOFIJWSA-N,CC(=O)N1CCC(C(=O)N2C[C@H](C(=O)N(C)Cc3cc(C(F)(F)F)cc(C(F)(F)F)c3)[C@@H](c3ccccc3)C2)CC1,9.3767507096021,3,0.7994173618098075,2007,2007,2007,IC50,B,1
GYEWGSQAACBKPX-UHFFFAOYSA-N,COc1ccc(C(C)C)cc1CN1CCC(=O)C(C(c2ccccc2)c2ccccc2)C1,9.3767507096021,1,0.0,2011,2011,2011,IC50,B,1
MINXROHIKJGKPW-LJQANCHMSA-N,Cc1cc(F)ccc1[C@H]1CNCCN1C(=O)N(C)Cc1cc(C(F)(F)F)cc(C(F)(F)F)c1,9.369979148886591,1,0.0,2009,2009,2009,Ki,B,1
HIICGKDBMNCMRY-KGHROGAJSA-N,C[C@@H](O[C@H]1CN2C(=O)C(NCc3nn[nH]c3CN(C)C)C[C@H]2[C@@H]1c1ccc(F)cc1)c1cc(C(F)(F)F)cc(C(F)(F)F)c1,9.369964306007462,2,0.7298647890488072,2010,2010,2010,IC50,B,1
QTKOZNOELLHMIX-JJEANDOOSA-N,C[C@@H](O[C@H]1CN2C(=O)[C@H]3C[C@H](NCc4ccccc4)C[C@H]3[C@H]2[C@@H]1c1ccc(F)cc1)c1cc(C(F)(F)F)cc(C(F)(F)F)c1,9.369964306007462,2,0.6843487733242878,2010,2010,2010,IC50,B,1
DSTYJOGFMWNGFG-RUZDIDTESA-N,COc1ccccc1CN(C[C@@H](Cc1c[nH]c2ccccc12)NC(=O)COc1ccc(CO)cc1)C(C)=O,9.366531544420413,1,0.0,2001,2001,2001,IC50,B,1
IEMQDTNVDLFVMI-QGZVFWFLSA-N,CN(Cc1n[nH]c(O)n1)[C@H](COCc1cc(C(F)(F)F)cc(C(F)(F)F)c1)c1ccccc1,9.366531544420413,1,0.0,1998,1998,1998,IC50,B,1
YDFGWCGWYBPBRC-IFZYUDKTSA-N,C[C@@H](O[C@H]1CCn2ccnc2C[C@@H]1c1ccc(F)cc1)c1cc(C(F)(F)F)cc(C(F)(F)F)c1,9.366531544420413,1,0.0,2006,2006,2006,IC50,B,1
GLMYRENDOZHTSS-SMHULIPUSA-N,C[C@@H](OC[C@]1(c2ccccc2)C[C@@](N)(C(N)=O)C1)c1cc(C(F)(F)F)cc(C(F)(F)F)c1,9.366531544420413,1,0.0,2006,2006,2006,Ki,B,1
XPVWAIADFDEAFW-NUYCEAJWSA-N,C[C@@H](O[C@H]1CC[C@@H](N(C)CC(=O)N2CCCC2)[C@@H]1c1ccc(F)cc1)c1cc(C(F)(F)F)cc(C(F)(F)F)c1,9.366531544420413,1,0.0,2006,2006,2006,IC50,B,1
XGGTZCKQRWXCHW-DSSGHVNRSA-N,CC(=O)N1CCN([C@@H]2CCN(C(=O)N(C)[C@H](C)c3cc(C(F)(F)F)cc(C(F)(F)F)c3)[C@@H](c3ccc(F)cc3C)C2)CC1,9.36001575195841,1,0.0,2011,2011,2011,Ki,B,1
ACHIPRVQHDLTIJ-NUCBDOEESA-N,O=C(N[C@]1(c2ccccc2)CC[C@@H](N2CCC(c3ccc(F)cc3)CC2)CC1)C(CO)c1cc(C(F)(F)F)cc(C(F)(F)F)c1,9.356547323513812,1,0.0,2002,2002,2002,IC50,B,1
MHQFKUKAMZLTID-UHFFFAOYSA-N,COc1ccccc1N1CCN(C(=O)CCc2c(-c3ccc(C(F)(F)F)cc3)[nH]c3ccc(C)cc23)CC1,9.356547323513812,1,0.0,2001,2001,2001,IC50,B,1
XBFMATCYYBERSR-UHFFFAOYSA-N,Cc1ccccc1-c1nc(N2CCN(C)CC2)ncc1N(C)C(=O)C(C)(C)c1cc(C(F)(F)F)cc(C(F)(F)F)c1,9.356547323513812,1,0.0,2006,2006,2006,Ki,B,1
MIPMPJNHZAYWQS-PUYQSQJYSA-N,C[C@@H]1C[C@H](O[C@H](C)c2cc(C(F)(F)F)cc(C(F)(F)F)c2)[C@@H](c2ccc(F)cc2)CN(C)C1=O,9.356547323513812,1,0.0,2006,2006,2006,IC50,B,1
BJBXILVBLCBQQY-FTJBHMTQSA-N,CC(=O)N1CCC(C(=O)N2C[C@H](c3nc(C(C)(C)c4cc(C(F)(F)F)cc(C(F)(F)F)c4)no3)[C@@H](c3ccc(F)cc3C)C2)CC1,9.353871964321762,2,1.1328274837356638,2007,2007,2007,IC50,B,1
UUPAVGLFLYUYFK-PPMPQVTDSA-N,C/C(CCN1CCN(C(=O)c2cc(C(F)(F)F)cc(C(F)(F)F)c2)[C@H](Cc2c[nH]c3ccccc23)C1)=N/OCCCN1CCOCC1,9.350028549988616,2,0.49501512261169023,2006,2006,2006,Kd;Ki,B;F,1
LDXQLWNPGRANTO-GOSISDBHSA-N,Cc1ccc(-c2c3n(c(=O)c4ncccc24)CC[C@@H](C)CN(Cc2cc(C(F)(F)F)cc(C(F)(F)F)c2)C3=O)cc1,9.346787486224656,3,0.951367866743776,1999,2011,1999,IC50,B,2
YNAOGLNBSDJIAP-SAYLLPIZSA-N,C[C@@H](O[C@H]1CN2C(=O)C=C(c3cc[n+]([O-])cc3)CC2[C@@H]1c1ccc(F)cc1)c1cc(C(F)(F)F)cc(C(F)(F)F)c1,9.33889035263304,2,0.9349502295220489,2010,2010,2010,IC50,B,1
YYHNIYGFZBZAMA-FPOVZHCZSA-N,CC(C)Oc1ccccc1CN[C@H]1CCCN[C@H]1c1ccccc1,9.337242168318426,1,0.0,1998,1998,1998,IC50,F,1
KAVQUKCTJVLFSB-VWLOTQADSA-N,O=C(CCc1ccncc1)N[C@@H](Cc1c[nH]c2ccccc12)C(=O)CCc1cc(C(F)(F)F)cc(C(F)(F)F)c1,9.327902142064282,1,0.0,1995,1995,1995,IC50,B,1
QTTMGUACDYUDCN-PUCZYUMASA-N,C[C@@H](O[C@@H]1CN(C(=O)N2CCn3c(nnc3C(F)(F)F)C2)C[C@H]1c1ccc(F)cc1)c1cc(C(F)(F)F)cc(C(F)(F)F)c1,9.327902142064282,1,0.0,2007,2007,2007,IC50,B,1
MTTXEONPPSHVNT-CDYHHZRJSA-N,C[C@@H](NC(=O)[C@@H](N)Cc1ccc(O)cc1)C(=O)NCC(=O)N[C@@H](Cc1ccc(Cl)cc1)C(=O)NCC(=O)N[C@@H](Cc1c[nH]c2ccccc12)C(=O)OCc1cc(C(F)(F)F)cc(C(F)(F)F)c1,9.327902142064282,1,0.0,2015,2015,2015,Ki,B,1
PMULXNMITWTMFV-AREMUKBSSA-N,COc1ccccc1CN(C[C@@H](Cc1c[nH]c2ccccc12)NC(=O)COc1ccc(-n2ccnc2)cc1)C(C)=O,9.318758762624412,1,0.0,2001,2001,2001,IC50,B,1
WCNNBKIYWOWYQW-OKBFXJRSSA-N,COC1(c2cc(C(F)(F)F)cc(C(F)(F)F)c2)CCN([C@]2(c3ccccc3)CC[C@@H](N3CCC4(CCOC4)CC3)CC2)C1=O,9.318758762624412,1,0.0,2006,2006,2006,IC50,B,1
CFYBVDVOACRIMX-BKHKPIFNSA-N,CC1(c2cc(C(F)(F)F)cc(C(F)(F)F)c2)CCN([C@]2(c3ccccc3)CC[C@@H](N3CCN(c4ccccc4Cl)C(=O)C3)CC2)C1=O,9.318758762624412,1,0.0,2006,2006,2006,IC50,B,1
PFUQNLIPHWCBSH-HYWAIOAGSA-N,CC1(c2cc(C(F)(F)F)cc(C(F)(F)F)c2)CCN([C@]2(c3ccccc3)CC[C@@H](N3CCN(c4ccccc4)C(=O)C3)CC2)C1=O,9.318758762624412,1,0.0,2006,2006,2006,IC50,B,1
PXZTVHCMFSPYCK-UHFFFAOYSA-N,Cc1cc(C)cc(COC2C3CCN(CC3)C2C(c2ccccc2)c2ccccc2)c1,9.315392071294928,2,0.38132088095916455,1995,1995,1995,IC50,B,1
FZWPLYNQCHPQID-XEJADHSNSA-N,C[C@@H](O[C@H]1CN2C(=O)CC(NCc3ccn[nH]3)[C@H]2[C@@H]1c1ccc(F)cc1)c1cc(C(F)(F)F)cc(C(F)(F)F)c1,9.311802778981367,2,0.8121176093774413,2010,2010,2010,IC50,B,1
VJDZXBJDHROWMS-HFFMGJCWSA-N,CC(C)(C(=O)N[C@]1(c2ccccc2)CC[C@@H](N2CCC(c3ccc(F)cc3)CC2)CC1)c1cc(C(F)(F)F)cc(C(F)(F)F)c1,9.309803919971486,1,0.0,2002,2002,2002,IC50,B,1
SXNSKNFVWYYWIC-PUYQSQJYSA-N,C[C@@H]1C[C@H](O[C@H](C)c2cc(C(F)(F)F)cc(C(F)(F)F)c2)[C@@H](c2ccc(F)cc2)CC(=O)N1C,9.309803919971486,1,0.0,2006,2006,2006,IC50,B,1
RLYXXIQMNMOLJZ-DEOSSOPVSA-N,O=C(Cc1ccncc1)N[C@@H](Cc1c[nH]c2ccccc12)C(=O)CCc1cc(C(F)(F)F)cc(C(F)(F)F)c1,9.301029995663981,3,0.7806308205637944,1995,1995,1995,IC50,B,1
DTQNEFOKTXXQKV-HKUYNNGSSA-N,COc1ccccc1CN[C@H]1CCCN[C@H]1c1ccccc1,9.301029995663981,23,1.9107487177783216,1992,2011,1995,IC50;Kd;Ki,B;F,20
UBTBHLFGNMLMCX-GPJZNVRBSA-N,CN(C(=O)c1cc(C(F)(F)F)cc(C(F)(F)F)c1)[C@@H](/C=C/C(=O)N[C@@H]1CCCCNC1=O)Cc1cn(C)c2ccccc12,9.301029995663981,1,0.0,2001,2001,2001,IC50,B,1
ATMHFQDWDFHUDF-TXLWKQMCSA-N,CN(C(=O)c1cc(C(F)(F)F)cc(C(F)(F)F)c1)[C@@H](/C=C/C(=O)N[C@@H]1CCCCNC1=O)Cc1ccc(Cl)cc1,9.301029995663981,2,0.0,2000,2001,2000,IC50,B,2
XWPPLQPKHYHHLH-UHFFFAOYSA-N,CN(C)CC(=O)N1CCC(COCc2cc(C(F)(F)F)cc(C(F)(F)F)c2)(c2ccccc2)CC1,9.301029995663981,1,0.0,1998,1998,1998,IC50,B,1
GTFKLIDYRPSITH-ZSJGZSGZSA-N,CN(C/C(=N\OCCN1CCNCC1)C(CCN1CCC(N2CCCCC2=O)CC1)c1ccc(Cl)c(Cl)c1)C(=O)c1cc(Cl)cc(Cl)c1,9.301029995663981,1,0.0,2002,2002,2002,Ki,B,1
ZOWPPIOEPFAGCI-RUEZRPTRSA-N,CO/N=C(\CN(C)C(=O)c1cc(Cl)cc(Cl)c1)[C@H](CCN1CCC(N2CCCN(CC(C)(C)O)C2=O)CC1)c1ccc(Cl)c(Cl)c1,9.301029995663981,1,0.0,2002,2002,2002,Ki,B,1
LKIRBVMNNGVMKU-CONSDPRKSA-N,CN(Cc1ccccc1)C(=O)[C@H](Cc1ccc2ccccc2c1)NC(=O)[C@@H]1CCCN1C(=N)NCc1ccccc1Cl,9.301029995663981,1,0.0,1998,1998,1998,Ki,B,1
WZOWWAMXPMFHTB-ICACTRECSA-N,C[C@H](NC(=O)[C@](Cc1c[nH]c2ccccc12)(CN(C)C)NC(=O)OCc1cc2ccccc2o1)c1ccccc1,9.301029995663981,3,0.6119698080421503,2001,2015,2001,IC50,B,2
LLSCCRZEAHDGPJ-BFUOFWGJSA-N,C[C@@H](OC[C@@]1(c2ccccc2)CN(C)C(=O)N1)c1cc(C(F)(F)F)cc(C(F)(F)F)c1,9.301029995663981,1,0.0,2006,2006,2006,Ki,B,1
MVXMOYOFQUJRHY-HYNLRSATSA-N,O=C1C(c2cc(C(F)(F)F)cc(C(F)(F)F)c2)CCN1[C@]1(c2ccccc2)CC[C@@H](N2CCC3(CCOC3)CC2)CC1,9.301029995663981,1,0.0,2006,2006,2006,IC50,B,1
ZKOGSLKSILTRTB-QEAPWSMKSA-N,C[C@@H](OC1CCC2NC1(c1ccccc1)CC2c1nnn(C)n1)c1cc(C(F)(F)F)cc(C(F)(F)F)c1,9.301029995663981,1,0.0,2006,2006,2006,IC50,B,1
OHDQKQGDHONPAR-XMDBHEJHSA-N,CNC(=O)[C@]1(N)C[C@](CO[C@H](C)c2cc(C(F)(F)F)cc(C(F)(F)F)c2)(c2ccccc2)C1,9.301029995663981,1,0.0,2006,2006,2006,Ki,B,1
BHOBTAHATOPTPK-QDAZHVTCSA-N,C[C@@H](OCC1(c2ccccc2)CC(NCc2n[nH]c(O)n2)C1)c1cc(C(F)(F)F)cc(C(F)(F)F)c1,9.301029995663981,1,0.0,2006,2006,2006,Ki,B,1
LSOARWGXYKVEEQ-ZFUCPZCZSA-N,C[C@@H](OC[C@@]1(c2ccccc2)C[C@@H](N2CCCC2=O)C(=O)N1)c1cc(C(F)(F)F)cc(C(F)(F)F)c1,9.301029995663981,1,0.0,2008,2008,2008,Ki,B,1
IWCIFSUKOATETE-AZOXIEDXSA-N,C[C@@H](OC[C@@]1(c2ccccc2)CC(O)C(=O)N1)c1cc(C(F)(F)F)cc(C(F)(F)F)c1,9.301029995663981,1,0.0,2008,2008,2008,Ki,B,1
UOYMONBFUXQTMB-ZXNYFWILSA-N,COc1cc2c(cc1CN[C@H]1CCCN[C@H]1c1ccccc1)C(C(F)(F)F)CCC2,9.301029995663981,1,0.0,2008,2008,2008,IC50,B,1
RJNBLSFDQIUPTN-RTOHIFTRSA-N,C/C(CN1CCN(C(=O)c2cc(C(F)(F)F)cc(C(F)(F)F)c2)[C@H](Cc2c[nH]c3ccccc23)C1)=N/OCCN1CCS(=O)(=O)CC1,9.299990182467422,2,0.9899633777488889,2006,2006,2006,Kd;Ki,B;F,1
KYZSAIKOCXDHKT-ICSRJNTNSA-N,COc1ccc(S(C)(=O)=O)cc1CN[C@H]1CCCN[C@H]1c1ccccc1,9.299988937677888,1,0.0,1995,1995,1995,Ki,B,1
DZDZTLWCMKUMLO-REWPJTCUSA-N,COc1ccc(-c2ccco2)cc1CN[C@H]1CCCN[C@H]1c1ccccc1,9.299988937677888,1,0.0,1995,1995,1995,Ki,B,1
VFMALDMKHOEVIT-UHFFFAOYSA-N,O=C1CCC(CCN2CCC(O)(c3ccccc3)CC2)(c2ccc(Cl)c(Cl)c2)CN1Cc1ccccc1,9.299988937677888,1,0.0,2002,2002,2002,Kd,B,1
IUTJVYXENVBOEH-UHFFFAOYSA-N,Cc1ccccc1CN1CC(CCN2CC(N3CCOCC3)C2)(c2ccc(Cl)c(Cl)c2)CCC1=O,9.299988937677888,1,0.0,2002,2002,2002,Kd,B,1
DFLDMBIKJAVZHG-UHFFFAOYSA-N,O=C1CCC(CCN2CC(N3CCOCC3)C2)(c2ccc(Cl)c(Cl)c2)CN1Cc1ccccc1,9.299988937677888,1,0.0,2002,2002,2002,Kd,B,1
ZACBWFRYQAOOQO-HXUWFJFHSA-N,Cc1cc(F)ccc1[C@H]1CNCCN1C(=O)N(C)C1(c2cc(C(F)(F)F)cc(C(F)(F)F)c2)CC1,9.299988937677888,1,0.0,2010,2010,2010,Ki,B,1
CJTUMEIDUUCTSL-PMACEKPBSA-N,CN(C(=O)C(C)(C)c1cc(C(F)(F)F)cc(C(F)(F)F)c1)c1cnc(N2C[C@@H](O)C[C@H]2CO)cc1-c1ccccc1Cl,9.292429823902063,1,0.0,2010,2010,2010,Ki,B,1
HBAPMWYWEYPKLS-UNMCSNQZSA-N,FC(F)(F)c1cc(CO[C@H]2CCCN(Cc3ncc[nH]3)[C@H]2c2ccccc2)cc(C(F)(F)F)c1,9.28785653403855,2,0.01715780977093679,1996,1998,1997,IC50,B,2
KUABBMFFSKTSBO-IOTOJMDBSA-N,COCCN(C)[C@@H]1CC[C@H](O[C@H](C)c2cc(C(F)(F)F)cc(C(F)(F)F)c2)[C@H]1c1ccc(F)cc1,9.2839966563652,1,0.0,2006,2006,2006,IC50,B,1
MBVUREUDPHNAAP-WVUHNOGNSA-N,CC[C@]1(O)C[C@H]2[C@H]3[C@H](c4ccc(F)cc4)[C@@H](O[C@H](C)c4cc(C(F)(F)F)cc(C(F)(F)F)c4)CN3C(=O)[C@H]2C1,9.2827155479829,2,0.7257241522985657,2010,2010,2010,IC50,B,1
SJBVKVDGVANGJA-DOACRVLCSA-N,C[C@@H](O[C@H]1CN2C(=O)[C@H]3C[C@@](C)(O)C[C@H]3[C@H]2[C@@H]1c1ccc(F)cc1)c1cc(C(F)(F)F)cc(C(F)(F)F)c1,9.27642098432889,6,0.5361242798277042,2010,2010,2010,IC50,B,1
MWKJCJFYJWIFLL-JOCHJYFZSA-N,NC(=O)CN[C@H](COCc1cc(C(F)(F)F)cc(C(F)(F)F)c1)C(c1ccccc1)c1ccccc1,9.275724130399212,3,0.1340245231625627,1994,2000,1998,IC50;Ki,B,3
ZAYFPTBDAVMYMR-UHFFFAOYSA-N,CC(=O)C1(c2ccccc2)CCN(C(=O)CCc2c(-c3ccc(Cl)cc3)n(C)c3ccc(Cl)cc23)CC1,9.275724130399212,1,0.0,2001,2001,2001,IC50,B,1
DAARLFWXUXISRO-GBLZOACLSA-N,C[C@@H](O[C@H]1CCN(C)C(=O)C[C@@H]1c1ccc(F)cc1)c1cc(C(F)(F)F)cc(C(F)(F)F)c1,9.275724130399212,1,0.0,2006,2006,2006,IC50,B,1
AOFHRGLJDIIBPP-SAYLLPIZSA-N,C[C@@H](O[C@H]1CN2C(=O)C=C(C3CCOCC3)CC2[C@@H]1c1ccc(F)cc1)c1cc(C(F)(F)F)cc(C(F)(F)F)c1,9.270303756120384,2,1.0966571882383234,2010,2010,2010,IC50,B,1
SBBYBXSFWOLDDG-VBKZILBWSA-N,Cc1cc(F)ccc1[C@H]1CNCCN1C(=O)N(C)[C@@H](C)c1cc(C(F)(F)F)cc(C(F)(F)F)c1,9.270025714300445,1,0.0,2009,2009,2009,Ki,B,1
UQLFYLGMIUQTMF-UHFFFAOYSA-N,Cn1c(-c2ccc(Cl)cc2)c(CCC(=O)N2CCC(F)(Cc3ccccc3)CC2)c2cc(Cl)ccc21,9.259637310505756,1,0.0,2001,2001,2001,IC50,B,1
JXUBKJLKDMQAKS-XGXIMLBESA-N,C[C@@H](O[C@H]1CC[C@@H](NCc2ncc[nH]2)[C@@H]1c1ccc(F)cc1)c1cc(C(F)(F)F)cc(C(F)(F)F)c1,9.259637310505756,1,0.0,2006,2006,2006,IC50,B,1
QTKOZNOELLHMIX-ARJQTIKYSA-N,C[C@@H](O[C@H]1CN2C(=O)[C@H]3C[C@@H](NCc4ccccc4)C[C@H]3[C@H]2[C@@H]1c1ccc(F)cc1)c1cc(C(F)(F)F)cc(C(F)(F)F)c1,9.257139286759209,2,0.72465970557187,2010,2010,2010,IC50,B,1
SPKXPZZAVXNHLY-WHAKPXNHSA-N,COc1ccccc1[C@H]1COCC2(C1)OCCN(Cc1n[nH]c(O)n1)[C@H]2c1ccc(F)cc1,9.2518119729938,1,0.0,2002,2002,2002,IC50,B,1
BGXQNEJEOAGRKU-FPOVZHCZSA-N,COc1ccc(N(C)C)cc1CN[C@H]1CCCN[C@H]1c1ccccc1,9.2518119729938,1,0.0,1998,1998,1998,IC50,F,1
XCIBJHSJYXLJBA-XCGNWRKASA-N,CNC(=O)[C@@H]1CC[C@@](CO[C@H](C)c2cc(C(F)(F)F)cc(C(F)(F)F)c2)(c2ccccc2)NC1,9.2518119729938,1,0.0,2010,2010,2010,Ki,B,1
QTKOZNOELLHMIX-QCCCCPFFSA-N,C[C@@H](O[C@H]1CN2C(=O)[C@@H]3C[C@@H](NCc4ccccc4)C[C@@H]3[C@H]2[C@@H]1c1ccc(F)cc1)c1cc(C(F)(F)F)cc(C(F)(F)F)c1,9.246072064152084,2,0.859558862028971,2010,2010,2010,IC50,B,1
YMHCJHSBHKJKCC-NDEPHWFRSA-N,CSN1CC2(CCN(C(=O)N[C@@H](Cc3c[nH]c4ccccc34)C(=O)OCc3cc(C(F)(F)F)cc(C(F)(F)F)c3)CC2)c2ccccc21,9.236572006437063,1,0.0,1998,1998,1998,IC50,B,1
HCNNJLLLMSVTFH-UHFFFAOYSA-N,Cc1ccccc1-c1cc(N2CCN(C)CC2)ncc1C(=O)N(C)Cc1cc(C(F)(F)F)cc(C(F)(F)F)c1,9.236572006437063,1,0.0,2006,2006,2006,Ki,B,1
DCBQKYSGEJCDPL-YADHBBJMSA-N,Cc1cnc(C(=O)N2C[C@H](C(=O)N(C)Cc3cc(C(F)(F)F)cc(C(F)(F)F)c3)[C@@H](c3ccccc3)C2)cn1,9.236572006437063,1,0.0,2007,2007,2007,IC50,B,1
LQPLOBIHGCTPJW-HBUDHLSFSA-N,C[C@@H](O[C@@H]1CN(C(=O)NCc2cn[nH]n2)C[C@H]1c1ccc(F)cc1)c1cc(C(F)(F)F)cc(C(F)(F)F)c1,9.236572006437063,1,0.0,2007,2007,2007,IC50,B,1
LRJYGHMKTIYPPQ-OMKJIRLASA-N,C[C@@H](O[C@H]1CN2C(=O)C=C(C3=CCN(C(C)(C)C)CC3)CC2[C@@H]1c1ccc(F)cc1)c1cc(C(F)(F)F)cc(C(F)(F)F)c1,9.232986946971932,2,0.7237104232914361,2010,2010,2010,IC50,B,1
KYBKBJIPIVZNKG-SAYLLPIZSA-N,C[C@@H](O[C@H]1CN2C(=O)C=C(c3ccc[n+]([O-])c3)CC2[C@@H]1c1ccc(F)cc1)c1cc(C(F)(F)F)cc(C(F)(F)F)c1,9.231090452463363,2,0.8383716635925738,2010,2010,2010,IC50,B,1
IYBKCWABKHOZDN-XORNHQRDSA-N,C[C@@H](OC[C@@]1(c2ccccc2)CC[C@H](N2CCNC2=O)CN1)c1cc(C(F)(F)F)cc(C(F)(F)F)c1,9.229147988357855,1,0.0,2010,2010,2010,Ki,B,1
CKTOCNIMPWRZSV-UHFFFAOYSA-N,N#Cc1ccc(-c2cc(COCC3(c4ccccc4)CCNCC3)cc(C(F)(F)F)c2)cc1,9.229147988357855,1,0.0,2015,2015,2015,IC50,B,1
LJZXJLKOOIOLLK-VWLOTQADSA-N,O=C(CCN1CCCCC1)N[C@@H](Cc1c[nH]c2ccccc12)C(=O)CCc1cc(C(F)(F)F)cc(C(F)(F)F)c1,9.221848749616356,1,0.0,1995,1995,1995,IC50,B,1
HRLYOOMQPVBDAN-UHFFFAOYSA-N,COc1ccccc1N1CCN(C(=O)CCc2c(-c3ccc(Cl)cc3)[nH]c3ccc(C)cc23)CC1,9.221848749616356,2,0.0,2001,2001,2001,IC50,B,2
NKOVHEUFZWUOGZ-UHFFFAOYSA-N,CN(C)CCC(=O)N1CCC(COCc2cc(C(F)(F)F)cc(C(F)(F)F)c2)(c2ccccc2)CC1,9.221848749616356,1,0.0,1998,1998,1998,IC50,B,1
IHIXHRXOBUMHTB-ZONNCAFXSA-N,CN(C/C(=N\OCCO)C(CCN1CCC(N2CCCCC2=O)CC1)c1ccc(Cl)c(Cl)c1)C(=O)c1cc(Cl)cc(Cl)c1,9.221848749616356,1,0.0,2002,2002,2002,Ki,B,1
CBWGJMUZXSIZFG-CIRMSXBNSA-N,CSCC[C@H](NC(=O)[C@H](CC(C)C)NC(=O)CNC(=O)[C@H](Cc1ccc(O)cc1)NC(=O)[C@H](Cc1ccccc1)NC(=O)[C@H](CCCN=C(N)N)NC(=O)[C@H](CC(=O)O)NC(=O)[C@@H]1CCCN1C(=O)[C@H](CO)NC(=O)[C@@H]1CCCN1C(=O)[C@@H](N)CCCCN)C(N)=O,9.221848749616356,2,0.0,2000,2000,2000,EC50,B;F,1
OPGIRYHKVMNCBN-RUEZRPTRSA-N,CO/N=C(\CN(C)C(=O)c1cc(Cl)cc(Cl)c1)[C@H](CCN1CCC(N2CCCN(CCNS(C)(=O)=O)C2=O)CC1)c1ccc(Cl)c(Cl)c1,9.221848749616356,1,0.0,2002,2002,2002,Ki,B,1
ROETYKQAPNITRN-GAOIYXDDSA-N,CO/N=C(\CN(C)C(=O)c1cc(Cl)cc(Cl)c1)[C@H](CCN1CCC(N2CCCN([C@H](CO)C(N)=O)C2=O)CC1)c1ccc(Cl)c(Cl)c1,9.221848749616356,1,0.0,2002,2002,2002,Ki,B,1
WBTKINCCINTBEY-KFZUGWGMSA-N,CO/N=C(\CN(C)C(=O)c1cc(Cl)cc(Cl)c1)[C@H](CCN1CCC(N2CCCN(CC(=N)NO)C2=O)CC1)c1ccc(Cl)c(Cl)c1,9.221848749616356,1,0.0,2002,2002,2002,Ki,B,1
BSFVUCOLFARLEH-UHFFFAOYSA-N,CN(O)C(=O)c1ccc(-c2ccc(Cl)cc2)c(N(C)C(=O)c2cc(C(F)(F)F)cc(C(F)(F)F)c2)c1,9.221848749616356,1,0.0,2002,2002,2002,IC50,B,1
HGPMXNZOBKZRFR-KZULUSFZSA-N,C[C@@H](OC[C@@]1(c2ccccc2)CNC(=O)N1)c1cc(C(F)(F)F)cc(C(F)(F)F)c1,9.221848749616356,2,0.0,2006,2008,2007,Ki,B,2
ZSJXCCAWETXSOR-HFQBRLDPSA-N,C[C@@H](OC1CCC2NC1(c1ccccc1)CC2S(=O)(=O)c1ccccc1)c1cc(C(F)(F)F)cc(C(F)(F)F)c1,9.221848749616356,1,0.0,2006,2006,2006,IC50,B,1
HYZLLOJCJGJTLA-AMKSYCFISA-N,C[C@@H](O[C@H]1CC[C@@H](NCc2cccnc2)[C@@H]1c1ccc(F)cc1)c1cc(C(F)(F)F)cc(C(F)(F)F)c1,9.221848749616356,1,0.0,2006,2006,2006,IC50,B,1
JPQLYXMJKNOOIS-UNMCSNQZSA-N,COc1ccc(C(C)(C)C)cc1CN[C@H]1CCCN[C@H]1c1ccccc1,9.221848749616356,2,0.0,2007,2011,2009,IC50,F,2
SFOWLACMCFEDLL-BFUOFWGJSA-N,C[C@@H](OC[C@@]1(c2ccccc2)CCC(=O)N1)c1cc(C(F)(F)F)cc(C(F)(F)F)c1,9.221848749616356,1,0.0,2008,2008,2008,Ki,B,1
RALVNYPLJQSMAN-ORPRQENYSA-N,C[C@@H](OC[C@@]1(c2ccccc2)C[C@H](NS(C)(=O)=O)C(=O)N1)c1cc(C(F)(F)F)cc(C(F)(F)F)c1,9.221848749616356,1,0.0,2008,2008,2008,Ki,B,1
WLOMELCAKGDPJO-BXBRYHBFSA-N,COc1cc2c(cc1CN[C@H]1CCCN[C@H]1c1ccccc1)C(C(F)(F)F)CC2,9.221848749616356,2,0.24903064677189865,2008,2008,2008,IC50,B,1
PIHZJNQJQFTRFE-RTWAWAEBSA-N,CN(C(=O)C(C)(C)c1cc(C(F)(F)F)cc(C(F)(F)F)c1)[C@H]1CN(C(=O)NCCO)C[C@@H]1c1ccc(F)cc1,9.221848749616356,1,0.0,2010,2010,2010,Ki,B,1
ZJEJBRMLBWRVFN-DEOSSOPVSA-N,CN(C)CCCCC(=O)N[C@@H](Cc1c[nH]c2ccccc12)C(=O)CCc1cc(C(F)(F)F)cc(C(F)(F)F)c1,9.22090981113951,2,0.001327859528190973,1995,1998,1996,IC50,B,2
LWOMHJBSXPGKKS-REAJPLCASA-N,CC(C)C[C@H](NC(=O)[C@@H]1CCCN1C(=O)[C@H](Cc1ccccc1)NC(=O)CNC(=O)[C@@H](C)NC(=O)[C@@H](N)Cc1ccc(O)cc1)C(=O)N[C@@H](Cc1c[nH]c2ccccc12)C(=O)NCc1cc(C(F)(F)F)cc(C(F)(F)F)c1,9.218259457302795,2,0.005076025869160379,2008,2015,2011,Ki,B,2
QKMNCMIKEOYLQG-UHFFFAOYSA-N,O=c1nc(C2CC3(c4ccccc4)NC2CCC3NCc2cc(OC(F)(F)F)ccc2OC2CC2)[nH][nH]1,9.214670164989233,1,0.0,2006,2006,2006,IC50,B,1
CJTUMEIDUUCTSL-VQTJNVASSA-N,CN(C(=O)C(C)(C)c1cc(C(F)(F)F)cc(C(F)(F)F)c1)c1cnc(N2C[C@H](O)C[C@H]2CO)cc1-c1ccccc1Cl,9.214670164989233,1,0.0,2010,2010,2010,Ki,B,1
FIBILZWMDFTWPK-UHFFFAOYSA-N,COc1ccccc1CN1CN2CCCC1C2c1ccccc1,9.214670164989233,1,0.0,2013,2013,2013,IC50,B,1
VRAGPHDTXRPMRS-MBIHMLSFSA-N,CC(C)C[C@H](NC(=O)[C@H](C)NC(=O)[C@H](Cc1ccccc1)NC(=O)[C@H](Cc1ccccc1)NC(=O)[C@H](CCC(N)=O)NC(=O)[C@H](CCC(N)=O)NC(=O)[C@@H]1CCCN1C(=O)[C@H](CCCCN)NC(=O)[C@@H]1CCCN1C(=O)[C@@H](N)CCCN=C(N)N)C(=O)N[C@@H](CCS(C)(=O)=O)C(N)=O,9.214087375479586,2,0.24484105146066293,2008,2008,2008,IC50;Ki,B,1
FIBILZWMDFTWPK-ICSRJNTNSA-N,COc1ccccc1CN1CN2CCC[C@H]1[C@@H]2c1ccccc1,9.20999647960951,1,0.0,1998,1998,1998,IC50,B,1
XTFAKGWSYAGHSC-HFFMGJCWSA-N,CC(C)(NC(=O)[C@]1(c2ccccc2)CC[C@@H](N2CCC(c3ccc(F)cc3)CC2)CC1)c1cc(C(F)(F)F)cc(C(F)(F)F)c1,9.207608310501746,1,0.0,2002,2002,2002,IC50,B,1
SCQDFAONTBDEIU-OXHCMLJQSA-N,CC(C(=O)N[C@]1(c2ccccc2)CC[C@@H](N2CCN(c3ccccc3)C(=O)C2)CC1)c1cc(C(F)(F)F)cc(C(F)(F)F)c1,9.207608310501746,1,0.0,2006,2006,2006,IC50,B,1
LKUBJXGOOGUQGP-MDYYLFQXSA-N,CC(C(=O)N[C@]1(c2ccccc2)CC[C@@H](N2CCC(c3ccc(F)cc3)CC2)CC1)c1cc(C(F)(F)F)cc(C(F)(F)F)c1,9.200659450546418,2,0.0,2002,2002,2002,IC50,B,2
GKEUZANIGWBYHK-FPOVZHCZSA-N,CNC(=O)CN1CCC[C@H](OCc2cc(C(F)(F)F)cc(C(F)(F)F)c2)[C@@H]1c1ccccc1,9.200659450546418,1,0.0,1995,1995,1995,IC50,B,1
NMSPALGCNSEFGV-VUVCYMEASA-N,C[C@@H](O[C@H]1CN(C(=O)OC(C)(C)C)[C@@H](CO)[C@@H]1c1ccccc1)c1cc(C(F)(F)F)cc(C(F)(F)F)c1,9.200659450546418,1,0.0,2008,2008,2008,IC50,B,1
HMCACXWESDLLOQ-APKLWFBNSA-N,COc1ccccc1CN[C@H]1C2CCNC1(c1ccccc1)CC=C2C,9.199970640755865,1,0.0,1996,1996,1996,Ki,B,1
FVLSQIULWKLDJE-UHFFFAOYSA-N,CS(=O)(=O)N1CCN(C2CN(CCC3(c4ccc(Cl)c(Cl)c4)CCC(=O)N(Cc4ccccc4)C3)C2)CC1,9.199970640755865,1,0.0,2002,2002,2002,Kd,B,1
POVNTWJCRHSIPG-UHFFFAOYSA-N,O=C1CCC(CCN2CC(N3CC[S+]([O-])CC3)C2)(c2ccc(Cl)c(Cl)c2)CN1Cc1ccccc1,9.199970640755865,1,0.0,2002,2002,2002,Kd,B,1
KTXKMQHPDFFNCC-UHFFFAOYSA-N,O=C1CCC(CCN2CC(N3C4CCC3CC(O)C4)C2)(c2ccc(Cl)c(Cl)c2)CN1Cc1ccccc1,9.199970640755865,1,0.0,2002,2002,2002,Kd,B,1
CNWUKDYFDDUVSI-DPMMWBKBSA-N,C[C@@H](O[C@H]1CCNC(=O)C[C@@H]1c1ccc(F)cc1)c1cc(C(F)(F)F)cc(C(F)(F)F)c1,9.193820026016112,1,0.0,2006,2006,2006,IC50,B,1
DEVSGOOMIYSMNC-CUHUQNRHSA-N,Cc1cc(F)ccc1[C@H]1C[C@H](N2CCC2)CCN1C(=O)N(C)[C@H](C)c1cc(C(F)(F)F)cc(C(F)(F)F)c1,9.18996921359416,1,0.0,2011,2011,2011,Ki,B,1
VCENFKCGBAWAEQ-FTJBHMTQSA-N,CC(=O)N1CCC(C(=O)N2C[C@H](c3noc(C(C)(C)c4cc(C(F)(F)F)cc(C(F)(F)F)c4)n3)[C@@H](c3ccc(F)cc3C)C2)CC1,9.18837535480105,2,1.3668750334466193,2007,2007,2007,IC50,B,1
RVPQJRAPQSRRCJ-RUZDIDTESA-N,CC(=O)N(Cc1ccccc1Cl)C[C@@H](Cc1c[nH]c2ccccc12)NC(=O)COc1ccc(-n2ccnc2)cc1,9.187086643357144,1,0.0,2001,2001,2001,IC50,B,1
QZHOKWHGBRFWKM-UHFFFAOYSA-N,FC(F)(F)Oc1ccc(OC2CC2)c(CNC2CCC3NC2(c2ccccc2)CC3c2nnn[nH]2)c1,9.187086643357144,1,0.0,2006,2006,2006,IC50,B,1
AHLGRBHVXQDOCE-WDIKFCQJSA-N,O=C1N([C@]2(c3ccccc3)CC[C@@H](N3CCC4(CCOC4)CC3)CC2)CCC1(O)c1cc(C(F)(F)F)cc(C(F)(F)F)c1,9.18045606445813,1,0.0,2006,2006,2006,IC50,B,1
FIVSJYGQAIEMOC-ZGNKEGEESA-N,C[C@@H](OC[C@@]1(c2ccccc2)CC[C@]2(CCC(=O)N2)CN1)c1cc(C(F)(F)F)cc(C(F)(F)F)c1,9.18045606445813,1,0.0,2011,2011,2011,Ki,B,1
FLNYLINBEZROPL-NSOVKSMOSA-N,COc1ccccc1CN[C@H]1C2CCN(CC2)[C@H]1C(c1ccccc1)c1ccccc1,9.175222564261006,36,0.9879347281877571,1991,2013,1995,IC50;Kd;Ki,B;F,24
MWKJCJFYJWIFLL-UHFFFAOYSA-N,NC(=O)CNC(COCc1cc(C(F)(F)F)cc(C(F)(F)F)c1)C(c1ccccc1)c1ccccc1,9.173152602342459,4,0.11843939866951438,1994,2004,1999,IC50,B,3
YWTNGZUIJQQAKN-UHFFFAOYSA-N,Cc1ccc(-c2c3n(c(=O)c4ncccc24)CCCCN(Cc2cc(C(F)(F)F)cc(C(F)(F)F)c2)C3=O)cc1,9.167491087293763,3,0.6730983761683096,1999,1999,1999,IC50,B,1
RUTKNWZWCDYBRI-NUYCEAJWSA-N,COCCN(C)C(=O)CN(C)[C@@H]1CC[C@H](O[C@H](C)c2cc(C(F)(F)F)cc(C(F)(F)F)c2)[C@H]1c1ccc(F)cc1,9.167491087293763,1,0.0,2006,2006,2006,IC50,B,1
PRGSOEXCXSTEHC-RPWUZVMVSA-N,CN(Cc1cc(C(F)(F)F)cc(C(F)(F)F)c1)C(=O)[C@H]1CN(C(=O)C2CCCCC2)C[C@@H]1c1ccccc1,9.167491087293763,1,0.0,2007,2007,2007,IC50,B,1
YQWFRRKEAFMCAV-XWRIVVANSA-N,C[C@@H](OC[C@@]1(c2ccccc2)CC[C@H](NC(N)=O)CN1)c1cc(C(F)(F)F)cc(C(F)(F)F)c1,9.161150909262744,1,0.0,2010,2010,2010,Ki,B,1
MBVUREUDPHNAAP-PJFNBIFCSA-N,CC[C@@]1(O)C[C@H]2[C@H]3[C@H](c4ccc(F)cc4)[C@@H](O[C@H](C)c4cc(C(F)(F)F)cc(C(F)(F)F)c4)CN3C(=O)[C@H]2C1,9.158026434624244,2,0.7350435386430217,2010,2010,2010,IC50,B,1
MUDKXWPCSGTKHJ-QHCPKHFHSA-N,CN(C)CCCC(=O)N[C@@H](Cc1c[nH]c2ccccc12)C(=O)CCc1cc(C(F)(F)F)cc(C(F)(F)F)c1,9.154901959985743,1,0.0,1995,1995,1995,IC50,B,1
WFHGBOZGDUEWEJ-ASVWIKLXSA-N,COc1ccccc1CN(C)CCNC(=O)[C@@H]1C[C@@H](C(=O)N(Cc2ccccc2)Cc2ccccc2)CCN1C(=O)N(c1ccccc1)c1cccc(Cl)c1,9.154901959985743,1,0.0,1995,1995,1995,IC50,B,1
OXQZXDGLSIMETJ-WNJJXGMVSA-N,NC(=O)CN[C@@H](COCc1cc(C(F)(F)F)cc(C(F)(F)F)c1)[C@@H](CCN1CCC(O)(c2ccccc2)CC1)c1ccc(Cl)c(Cl)c1,9.154901959985743,1,0.0,2000,2000,2000,Ki,B,1
GZXLERCNTYZOGB-ALHJQXIUSA-N,O=C(Cc1cc(C(F)(F)F)cc(C(F)(F)F)c1)N[C@]1(c2ccccc2)CC[C@H](N2CCC(c3ccc(F)cc3)CC2)CC1,9.154901959985743,1,0.0,2002,2002,2002,IC50,B,1
NNQQINUYFDRYPI-SXOMAYOGSA-N,FC(F)(F)c1cc(CO[C@H]2C3CCN(CC3)[C@@H]2C(c2ccccc2)c2ccccc2)cc(C(F)(F)F)c1,9.154901959985743,3,0.31553420823163086,1993,1998,1995,IC50,B,3
DHWCQNWUMKKLBS-OYRKZILTSA-N,CN(C/C(=N\OCCCn1cncn1)C(CCN1CCC(N2CCCCC2=O)CC1)c1ccc(Cl)c(Cl)c1)C(=O)c1cc(Cl)cc(Cl)c1,9.154901959985743,1,0.0,2002,2002,2002,Ki,B,1
SGBDUEZXJHDZIY-BIXQXLNPSA-N,CN(C/C(=N\OCCCN)C(CCN1CCC(N2CCCCC2=O)CC1)c1ccc(Cl)c(Cl)c1)C(=O)c1cc(Cl)cc(Cl)c1,9.154901959985743,1,0.0,2002,2002,2002,Ki,B,1
CTPXPFZFOWJXMU-GGFUHWEBSA-N,CN(C/C(=N\OCCCO)C(CCN1CCC(N2CCCCC2=O)CC1)c1ccc(Cl)c(Cl)c1)C(=O)c1cc(Cl)cc(Cl)c1,9.154901959985743,1,0.0,2002,2002,2002,Ki,B,1
KYEAUAKSYSOFSP-FDEZRRJOSA-N,CN(C/C(=N\OCC(=O)O)C(CCN1CCC(N2CCCCC2=O)CC1)c1ccc(Cl)c(Cl)c1)C(=O)c1cc(Cl)cc(Cl)c1,9.154901959985743,1,0.0,2002,2002,2002,Ki,B,1
SARPBFWIJDNMRR-HXPUERGNSA-N,CN(C/C(=N\OCC(=N)NO)C(CCN1CCC(N2CCCCC2=O)CC1)c1ccc(Cl)c(Cl)c1)C(=O)c1cc(Cl)cc(Cl)c1,9.154901959985743,1,0.0,2002,2002,2002,Ki,B,1
XUGHCVWAIHDURA-KADXFBGESA-N,CO/N=C(\CN(C)C(=O)c1cc(Cl)cc(Cl)c1)[C@H](CCN1CCC(N2CCCN(Cc3ccccn3)C2=O)CC1)c1ccc(Cl)c(Cl)c1,9.154901959985743,1,0.0,2002,2002,2002,Ki,B,1
VPHQIMPPLLEIBS-KYJUHHDHSA-N,CN(Cc1ccccc1)C(=O)[C@H](Cc1ccc2ccccc2c1)NC(=O)[C@@H]1CCCN1C(=O)Nc1cccc(F)c1,9.154901959985743,1,0.0,1998,1998,1998,Ki,B,1
VKBUMNWFBCDRMF-CONSDPRKSA-N,CN(Cc1ccccc1)C(=O)[C@H](Cc1ccc2ccccc2c1)NC(=O)[C@@H]1CCCN1/C(S)=N/Cc1ccccc1Cl,9.154901959985743,1,0.0,1998,1998,1998,Ki,B,1
NYRRFZUUPVZXQG-BGOLNKOXSA-N,COC[C@](Cc1c[nH]c2ccccc12)(NC(=O)OCc1cc2ccccc2o1)C(=O)N[C@@H](C)c1ccccc1,9.154901959985743,1,0.0,2001,2001,2001,IC50,B,1
QWTXWQVVUIMNOD-UHFFFAOYSA-N,COc1cc(C(=O)Nc2cc(C(=O)NC3CCCCNC3=O)ccc2-c2ccc(Cl)cc2)cc(OC)c1OC,9.154901959985743,1,0.0,2002,2002,2002,IC50,B,1
HDUXCTJRNTXGBA-AMKSYCFISA-N,C[C@@H](O[C@H]1CC[C@@H](NCc2ccncc2)[C@@H]1c1ccc(F)cc1)c1cc(C(F)(F)F)cc(C(F)(F)F)c1,9.154901959985743,1,0.0,2006,2006,2006,IC50,B,1
DMNJGAVZKDLBNT-LRDNONRASA-N,C[C@H]1C[C@@](CO[C@H](C)c2cc(C(F)(F)F)cc(C(F)(F)F)c2)(c2ccccc2)NC1=O,9.154901959985743,1,0.0,2008,2008,2008,Ki,B,1
SNZRUAABGYAKBS-CTCAENTCSA-N,COc1ccc(C(F)C(F)(F)F)cc1CN[C@H]1CCCN[C@H]1c1ccccc1,9.154901959985743,1,0.0,2008,2008,2008,IC50,B,1
JCKNROOTXBQYOS-YXHYVMOGSA-N,C/C(CCN1CCN(C(=O)c2cc(C(F)(F)F)cc(C(F)(F)F)c2)[C@H](Cc2c[nH]c3ccccc23)C1)=N/OCCN1CCOCC1,9.14999104615402,2,0.35357711581035306,2006,2006,2006,Kd;Ki,B;F,1
ATLZVWRXMUZKNV-KMWMRXANSA-N,CC(C)C[C@H](NC(=O)[C@@H]1CCCN1C(=O)[C@H]1CSSC[C@@H](NC(=O)[C@@H](N)Cc2ccc(O)cc2)C(=O)NCC(=O)N[C@@H](Cc2ccccc2)C(=O)N1)C(=O)N[C@@H](Cc1c[nH]c2ccccc12)C(=O)NCc1cc(C(F)(F)F)cc(C(F)(F)F)c1,9.1419983281826,2,0.200815961550139,2009,2009,2009,IC50;Ki,B,1
UXFBKFVCMJNQEJ-AFMDSPMNSA-N,C[C@H](NC(=O)[C@@H](Cc1c[nH]c2ccccc12)NC(=O)OCc1cc2ccccc2o1)c1ccccc1,9.136677139879545,1,0.0,2001,2001,2001,IC50,B,1
ZKIZURCLUZYGRH-RTWAWAEBSA-N,CN(Cc1cc(C(F)(F)F)cc(C(F)(F)F)c1)C(=O)[C@H]1CN(C(=O)c2cnccn2)C[C@@H]1c1ccccc1,9.130768280269024,1,0.0,2007,2007,2007,IC50,B,1
LWENKLDZCHEYBQ-UHFFFAOYSA-N,Cc1cc(F)ccc1-c1cc(N2CCN(S(C)(=O)=O)CC2)ncc1N(C)C(=O)C(C)(C)c1cc(C(F)(F)F)cc(C(F)(F)F)c1,9.1259059864969,2,0.3847142035869832,2012,2012,2012,Ki,B,1
SRMLNALOYZEEDP-VDCGLRQOSA-N,OCC(OC[C@]1(c2ccccc2)CC[C@@H](N2CCC(c3ccc(F)cc3)CC2)CC1)c1cc(C(F)(F)F)cc(C(F)(F)F)c1,9.1249387366083,1,0.0,2002,2002,2002,IC50,B,1
YLAVOXZWKHCONB-UHFFFAOYSA-N,O=C(Cc1cc(C(F)(F)F)cc(C(F)(F)F)c1)NCC(c1ccc(Cl)c(Cl)c1)N1CCC(N2CCCCC2)CC1,9.1249387366083,1,0.0,2000,2000,2000,IC50,B,1
FLNYCRJBCNNHRH-OIYLJQICSA-N,C[C@@H](O[C@H]1CC[C@@H]2CN(C3=CC(=O)CC3)C[C@H]2[C@@H]1c1ccc(F)cc1)c1cc(C(F)(F)F)cc(C(F)(F)F)c1,9.122062572163754,4,1.2699236912065786,2009,2013,2011,IC50,B,2
ATMHFQDWDFHUDF-MDZDMXLPSA-N,CN(C(=O)c1cc(C(F)(F)F)cc(C(F)(F)F)c1)C(/C=C/C(=O)NC1CCCCNC1=O)Cc1ccc(Cl)cc1,9.119186407719209,1,0.0,2000,2000,2000,IC50,B,1
NCIJYXAVSLQJTO-MDYYLFQXSA-N,CC(NC(=O)[C@]1(c2ccccc2)CC[C@@H](N2CCC(c3ccc(F)cc3)CC2)CC1)c1cc(C(F)(F)F)cc(C(F)(F)F)c1,9.113509274827518,3,0.31637928332236925,2002,2002,2002,IC50,B,1
YVFFAQCPRASOKD-SNRMKQJTSA-N,OC[C@@H]1CC[C@H](OCc2cc(C(F)(F)F)cc(C(F)(F)F)c2)[C@H]1c1ccccc1,9.113509274827518,1,0.0,2006,2006,2006,IC50,B,1
NWZTURJOOOFKAS-KHIBUBOWSA-N,C[C@@H](OC[C@@]1(c2ccccc2)CC[C@]2(CN1)NC(=O)NC2=O)c1cc(C(F)(F)F)cc(C(F)(F)F)c1,9.113509274827518,1,0.0,2011,2011,2011,Ki,B,1
UNHFQZJOHPNDJG-UHFFFAOYSA-N,Cn1c(-c2ccc(Cl)cc2)c(CCC(=O)N2CCN(CC3CC3)CC2)c2cc(Cl)ccc21,9.10790539730952,1,0.0,2001,2001,2001,IC50,B,1
ABOQXCXLCHOJSM-UHFFFAOYSA-N,O=C(CCc1c(-c2ccc(Cl)cc2)nc2ccc(Cl)cn12)N1CCC(O)(Cc2ccccc2)CC1,9.10790539730952,1,0.0,2001,2001,2001,IC50,B,1
HGZMZNGGJOZVFE-UHFFFAOYSA-N,CN(CCO)c1cc(-c2ccccc2Cl)c(N(C)C(=O)C(C)(C)c2cc(C(F)(F)F)cc(C(F)(F)F)c2)cn1,9.10790539730952,1,0.0,2010,2010,2010,Ki,B,1
VXQHNGNZVKSUJZ-JJQQXIGVSA-N,Cc1noc(C)c1C1=CC(=O)N2C[C@H](O[C@H](C)c3cc(C(F)(F)F)cc(C(F)(F)F)c3)[C@@H](c3ccc(F)cc3)C2C1,9.105209643917787,2,1.206886560318315,2010,2010,2010,IC50,B,1
VPVCVDNSGSGCQY-UHFFFAOYSA-N,Cn1c(-c2ccc(Cl)cc2)c(CCC(=O)N2CCC(O)(Cc3ccccc3)CC2)c2cc(-c3ccco3)ccc21,9.102372908709558,1,0.0,2001,2001,2001,IC50,B,1
AWTRYVNHQRRXBP-RPWUZVMVSA-N,CN(Cc1cc(C(F)(F)F)cc(C(F)(F)F)c1)C(=O)[C@H]1CN(C(=O)NC2CCCCC2)C[C@@H]1c1ccccc1,9.102372908709558,1,0.0,2007,2007,2007,IC50,B,1
NLHMBBKPLFEDFA-UHFFFAOYSA-N,CN1CCC(COCc2cc(C(F)(F)F)cc(C(F)(F)F)c2)(c2ccccc2)CC1,9.100329725273209,2,0.07717679445947358,1998,2013,2005,IC50,B,2
BLRGEKISNDSGSY-XIDPYBFFSA-N,CNCCO/N=C(/C)CN1CCN(C(=O)c2cc(C(F)(F)F)cc(C(F)(F)F)c2)[C@H](Cc2c[nH]c3ccccc23)C1,9.100047617190521,2,0.5656720142636609,2006,2006,2006,Kd;Ki,B;F,1
VTJHFHDXRREQSB-HKUYNNGSSA-N,COc1ccc(C2(C(F)(F)F)N=N2)cc1CN[C@H]1CCCN[C@H]1c1ccccc1,9.100015437450608,1,0.0,1995,1995,1995,Ki,B,1
ANZFXGLNFJTREE-DHLKQENFSA-N,COc1ccc(-c2c(C)nn(C)c2C)cc1CN[C@H]1CCCN[C@H]1c1ccccc1,9.100015437450608,1,0.0,1995,1995,1995,Ki,B,1
IEOZIHFWECPTLH-FPOVZHCZSA-N,COc1ccc(-c2nccs2)cc1CN[C@H]1CCCN[C@H]1c1ccccc1,9.100015437450608,1,0.0,1995,1995,1995,Ki,B,1
QRWUPVKNUBTJJH-ICSRJNTNSA-N,FC(F)(F)c1cc(CO[C@H]2CCCN(Cc3n[nH]c(S)n3)[C@H]2c2ccccc2)cc(C(F)(F)F)c1,9.098462725229332,2,0.002195866681790908,1996,1998,1997,IC50,B,2
HLSABUHKBONAJY-FDEZRRJOSA-N,CN(C/C(=N\OCF)C(CCN1CCC(N2CCCCC2=O)CC1)c1ccc(Cl)c(Cl)c1)C(=O)c1cc(Cl)cc(Cl)c1,9.096910013008056,1,0.0,2002,2002,2002,Ki,B,1
VWROPOCOVOHGMQ-KPITYXSVSA-N,CN(C/C(=N\OCCC[S+](C)[O-])C(CCN1CCC(N2CCCCC2=O)CC1)c1ccc(Cl)c(Cl)c1)C(=O)c1cc(Cl)cc(Cl)c1,9.096910013008056,1,0.0,2002,2002,2002,Ki,B,1
APJZDXPRSIKPNZ-KGHBKMJJSA-N,CN(C/C(=N\OCCCn1cnnn1)C(CCN1CCC(N2CCCCC2=O)CC1)c1ccc(Cl)c(Cl)c1)C(=O)c1cc(Cl)cc(Cl)c1,9.096910013008056,1,0.0,2002,2002,2002,Ki,B,1
CUZLMXOITHIQRF-UHFFFAOYSA-N,COc1ccccc1CN(C=O)CC(Cc1c[nH]c2ccccc12)NC(=O)CN1CCN(c2ccccc2)CC1,9.096910013008056,1,0.0,1996,1996,1996,IC50,B,1
KSZGGGOZKNJLSY-RBUJZUCOSA-N,CO/N=C(\CN(C)C(=O)c1cc(Cl)cc(Cl)c1)[C@H](CCN1CCC(N2CCCN(N3CCOCC3)C2=O)CC1)c1ccc(Cl)c(Cl)c1,9.096910013008056,1,0.0,2002,2002,2002,Ki,B,1
IWAUTRZUTAWFDX-BERJDBMDSA-N,CO/N=C(\CN(C)C(=O)c1cc(Cl)cc(Cl)c1)[C@H](CCN1CCC(N2CCCN(C(C)(C)C(N)=O)C2=O)CC1)c1ccc(Cl)c(Cl)c1,9.096910013008056,1,0.0,2002,2002,2002,Ki,B,1
UREZEIFIEYLVGN-WMZOPIPTSA-N,FC(F)(F)Oc1ccccc1CN[C@H]1CCCN[C@H]1c1ccccc1,9.096910013008056,1,0.0,1998,1998,1998,IC50,F,1
WTIFLSBUCKSHBX-KYJUHHDHSA-N,CN(Cc1ccccc1)C(=O)[C@H](Cc1ccc2ccccc2c1)NC(=O)[C@@H]1CCCN1C(=O)Nc1ccccc1C(N)=O,9.096910013008056,1,0.0,1998,1998,1998,Ki,B,1
VYFUZMHFBWISLK-GOSISDBHSA-N,CCN(Cc1n[nH]c(O)n1)[C@H](COCc1cc(C(F)(F)F)cc(C(F)(F)F)c1)c1ccccc1,9.096910013008056,1,0.0,1998,1998,1998,IC50,B,1
KSHDGXNWPURXHX-HSZRJFAPSA-N,CN(C(=O)c1cc(C(F)(F)F)cc(C(F)(F)F)c1)c1cc(C(=O)N[C@@H]2CCCCNC2=O)ccc1-c1ccc(Cl)c(Cl)c1,9.096910013008056,1,0.0,2002,2002,2002,IC50,B,1
IKQYEUCFUOVMGM-ZUOKHONESA-N,CCN1C[C@@](CO[C@H](C)c2cc(C(F)(F)F)cc(C(F)(F)F)c2)(c2ccc(F)cc2)NC1=O,9.096910013008056,1,0.0,2006,2006,2006,Ki,B,1
ANNTYLPRTLHHJC-OEVJMKQVSA-N,O=C1C(c2cc(C(F)(F)F)cc(C(F)(F)F)c2)CCCN1[C@]1(c2ccccc2)CC[C@@H](N2CCC3(CCOC3)CC2)CC1,9.096910013008056,1,0.0,2006,2006,2006,IC50,B,1
WWHRMAVHLKUIEG-BIYSMUELSA-N,C[C@@H](O[C@H]1CN2C(=O)C=C(c3cncnc3)CC2[C@@H]1c1ccc(F)cc1)c1cc(C(F)(F)F)cc(C(F)(F)F)c1,9.096910013008056,2,0.9884928598239788,2010,2010,2010,IC50,B,1
UCXXGXCXFDKLAY-UHFFFAOYSA-N,CCC(=O)N(Cc1ccccc1OC)CC(Cc1c[nH]c2ccccc12)NC(=O)CN1CCN(c2ccccc2)CC1,9.09151498112135,1,0.0,1996,1996,1996,IC50,B,1
FLLDRPOJCLGUHA-KHUIQGCPSA-N,CN(C[C@@H]1CCC(=O)N1)[C@@H]1CC[C@H](OCc2cc(C(F)(F)F)cc(C(F)(F)F)c2)[C@H]1c1ccccc1,9.09151498112135,1,0.0,2006,2006,2006,IC50,B,1
YFDUGDUXNFIIKK-UHFFFAOYSA-N,COc1ccc(OC(F)(F)F)cc1CN1CCC(=O)C(C(c2ccc(F)cc2)c2ccc(F)cc2)C1,9.09151498112135,1,0.0,2011,2011,2011,IC50,B,1
DSTYJOGFMWNGFG-UHFFFAOYSA-N,COc1ccccc1CN(CC(Cc1c[nH]c2ccccc12)NC(=O)COc1ccc(CO)cc1)C(C)=O,9.086186147616283,1,0.0,2001,2001,2001,IC50,B,1
ATUPAULHDXBCOY-QYZOEREBSA-N,CN[C@@H]1CC[C@H](OCc2cc(C(F)(F)F)cc(C(F)(F)F)c2)[C@H]1c1ccccc1,9.080921907623926,1,0.0,2006,2006,2006,IC50,B,1
BHCJHYIMNHXLOM-JZJAWGSMSA-N,CN(C(=O)c1cc(C(F)(F)F)cc(C(F)(F)F)c1)[C@H](/C=C/C(=O)N[C@@H]1CCCCNC1=O)Cc1ccc(Cl)c(Cl)c1,9.079981083971084,1,0.0,2003,2003,2003,Ki,B,1
JYKUBOMZRYPVJA-BIYSMUELSA-N,C[C@@H](O[C@H]1CN2C(=O)C=C(c3cnn(C)c3)CC2[C@@H]1c1ccc(F)cc1)c1cc(C(F)(F)F)cc(C(F)(F)F)c1,9.076831443935097,2,1.1444172581687884,2010,2010,2010,IC50,B,1
ZSTXQOIXRLPQDS-QTKGOVLGSA-N,C[C@@H](O[C@H]1CN2C(=O)C=C(c3ncco3)CC2[C@@H]1c1ccc(F)cc1)c1cc(C(F)(F)F)cc(C(F)(F)F)c1,9.076213670428944,2,1.247893059280448,2010,2010,2010,IC50,B,1
FZULZSYKENFFSE-RTWAWAEBSA-N,CN(Cc1cc(C(F)(F)F)cc(C(F)(F)F)c1)C(=O)[C@H]1CN(C(=O)c2ncccn2)C[C@@H]1c1ccccc1,9.075720713938118,1,0.0,2007,2007,2007,IC50,B,1
PDQQOEIEIIKGPR-PKTZIBPZSA-N,Cc1cnc(C(=O)N2C[C@H](C(=O)N(C)Cc3cc(C(F)(F)F)cc(C(F)(F)F)c3)[C@@H](c3ccc(F)cc3C)C2)cn1,9.071333751784366,2,1.3780432668757545,2007,2007,2007,IC50,B,1
RCPUBYXKXCXVPB-QPTNECHASA-N,CC(C(=O)N[C@]1(c2ccccc2)CC[C@@H](N2CCC(O)CC2)CC1)c1cc(C(F)(F)F)cc(C(F)(F)F)c1,9.070581074285707,1,0.0,2002,2002,2002,IC50,B,1
JWRJCBGNBMANEE-UHFFFAOYSA-N,Cc1ccc(-c2c3n(c(=O)c4ncccc24)CCCN(Cc2cc(C(F)(F)F)cc(C(F)(F)F)c2)C3=O)cc1,9.070581074285707,1,0.0,1999,1999,1999,IC50,B,1
ACTGOTBFGXZMMT-GHRAFVERSA-N,CCC[C@](Cc1c[nH]c2ccccc12)(NC(=O)OCc1cc2ccccc2o1)C(=O)N[C@@H](C)c1ccccc1,9.070581074285707,1,0.0,2001,2001,2001,IC50,B,1
HVVQYXZAJOSRJZ-FNFCYJGBSA-N,Cc1cc(O)cc(C)c1C[C@H](N)C(=O)N[C@H](C)C(=O)N[C@@H](Cc1c[nH]c2ccccc12)C(=O)NCc1cc(C(F)(F)F)cc(C(F)(F)F)c1,9.070581074285707,1,0.0,2015,2015,2015,Ki,B,1
CYDMWSSMUBQXRD-IBGZPJMESA-N,CN(C(=O)C(C)(C)c1cc(C(F)(F)F)cc(C(F)(F)F)c1)c1cnc(N2CC[C@H](O)C2)cc1-c1ccccc1Cl,9.065501548756432,1,0.0,2010,2010,2010,Ki,B,1
GIHKGZFPSSNFJQ-JISGFXAGSA-N,Cc1noc(C2=CC(=O)N3C[C@H](O[C@H](C)c4cc(C(F)(F)F)cc(C(F)(F)F)c4)[C@@H](c4ccc(F)cc4)C3C2)n1,9.05816928242319,2,1.082919127484809,2010,2010,2010,IC50,B,1
QOOXCQFWUYVSGU-RPBOFIJWSA-N,Cc1cc(F)ccc1-c1cc(N2CC[C@H](O)[C@H]2CO)ncc1N(C)C(=O)C(C)(C)c1cc(C(F)(F)F)cc(C(F)(F)F)c1,9.056754637413759,4,0.7802394112418787,2012,2012,2012,Kd;Ki,B,1
IKLSMBSHBLSZOC-UHFFFAOYSA-N,O=C(Cc1cc(C(F)(F)F)cc(C(F)(F)F)c1)NCC(c1ccccc1Br)N1CCC(N2CCCCC2)CC1,9.05551732784983,1,0.0,2000,2000,2000,IC50,B,1
XHGMEVWRFZNUOK-KYJUHHDHSA-N,CN(Cc1ccccc1)C(=O)[C@H](Cc1ccc2ccccc2c1)NC(=O)[C@@H]1CCCN1C(=O)Nc1ccccc1,9.05551732784983,1,0.0,1998,1998,1998,Ki,B,1
WKRDVSIKEVMSAS-FBUPISGDSA-N,C[C@@H](O[C@H]1CN2C(=O)N(C)C[C@H]2[C@@H]1c1ccc(F)cc1)c1cc(C(F)(F)F)cc(C(F)(F)F)c1,9.05551732784983,1,0.0,2008,2008,2008,IC50,B,1
TWBCIHKYFTWYCV-KVJHGWDUSA-N,CSCC[C@H](NC(=O)[C@H](Cc1ccccc1)NC(=O)CNC(=O)[C@@H](C)NC(=O)[C@@H](N)Cc1ccc(O)cc1)C(=O)N1CCC[C@@H]1C(=O)N[C@@H](CC(C)C)C(=O)N[C@@H](Cc1c[nH]c2ccccc12)C(=O)OCc1cc(C(F)(F)F)cc(C(F)(F)F)c1,9.05551732784983,1,0.0,2013,2013,2013,Ki,B,1
NRENMILFPDPNFE-UHFFFAOYSA-N,COc1ccccc1N1CCN(C(=O)CCc2c(-c3ccc(Cl)cc3)[nH]c3ccc(Cl)cc23)CC1,9.050609993355087,2,0.0,2001,2001,2001,IC50,B,2
CUFZTGAKJQIXIH-WZFBRQLOSA-N,COc1ccc(OC(F)(F)F)cc1[C@H]1COC2(CCCN(Cc3nc[nH]n3)C2c2ccccc2)C1,9.050609993355087,1,0.0,2002,2002,2002,IC50,B,1
ZLUBYOYFKPXERH-QYZOEREBSA-N,COC(=O)N[C@@H]1CC[C@H](OCc2cc(C(F)(F)F)cc(C(F)(F)F)c2)[C@H]1c1ccccc1,9.050609993355087,1,0.0,2006,2006,2006,IC50,B,1
JIWGLAUBRTXBNX-XKKPCFNCSA-N,O=C(c1cc(C(F)(F)F)cc(C(F)(F)F)c1)N1CCN(C/C=N\OCCCN2CCOCC2)C[C@H]1Cc1c[nH]c2ccccc12,9.049972455324001,2,0.21212946816909609,2006,2006,2006,Kd;Ki,B;F,1
NVAXHPXABHECLZ-RHJPCWOWSA-N,O=C(c1cc(C(F)(F)F)cc(C(F)(F)F)c1)N1CCN(C/C=N\OCCN2CCOCC2)C[C@H]1Cc1c[nH]c2ccccc12,9.049972455324001,2,0.21212946816909609,2006,2006,2006,Kd;Ki,B;F,1
ADNPLDHMAVUMIW-CUZNLEPHSA-N,CSCC[C@H](NC(=O)[C@H](CC(C)C)NC(=O)CNC(=O)[C@H](Cc1ccccc1)NC(=O)[C@H](Cc1ccccc1)NC(=O)[C@H](CCC(N)=O)NC(=O)[C@H](CCC(N)=O)NC(=O)[C@@H]1CCCN1C(=O)[C@H](CCCCN)NC(=O)[C@@H]1CCCN1C(=O)[C@@H](N)CCCN=C(N)N)C(N)=O,9.045757490560675,15,0.44718376788812736,1996,2012,2000,EC50;IC50;Ki,B;F,11
MATVJRKEQYJUEB-UHFFFAOYSA-N,Cc1cc(COC2C3CCN(CC3)C2C(c2ccccc2)c2ccccc2)cc([Si](C)(C)C)c1,9.045757490560675,1,0.0,1995,1995,1995,IC50,B,1
MUQJKGMXKAWCJF-WJOKGBTCSA-N,Cc1cc(C)cc(C(=O)N2CCN(C(=O)CNC3CCN(Cc4ccccc4)CC3)[C@@H](c3ccc(Cl)c(Cl)c3)C2)c1,9.045757490560675,1,0.0,2002,2002,2002,Ki,B,1
VNPVPFKEORALML-KPITYXSVSA-N,CN(C/C(=N\OCCCS(C)(=O)=O)C(CCN1CCC(N2CCCCC2=O)CC1)c1ccc(Cl)c(Cl)c1)C(=O)c1cc(Cl)cc(Cl)c1,9.045757490560675,1,0.0,2002,2002,2002,Ki,B,1
HIAJKTDCGCVKRZ-PNFNHJRFSA-N,CN(C/C(=N\OCC(N)=O)C(CCN1CCC(N2CCCCC2=O)CC1)c1ccc(Cl)c(Cl)c1)C(=O)c1cc(Cl)cc(Cl)c1,9.045757490560675,1,0.0,2002,2002,2002,Ki,B,1
NBJOVNZRQQUMDG-GANGTWLCSA-N,CO/N=C(\CN(C)C(=O)c1cc(Cl)cc(Cl)c1)[C@H](CCN1CCC(N2CCCN(C(C)C)C2=O)CC1)c1ccc(Cl)c(Cl)c1,9.045757490560675,1,0.0,2002,2002,2002,Ki,B,1
LMJTUYSCJIQXFP-KTPANICASA-N,CNC(=O)CN1CCCN(C2CCN(CC[C@@H](/C(CN(C)C(=O)c3cc(Cl)cc(Cl)c3)=N/OC)c3ccc(Cl)c(Cl)c3)CC2)C1=O,9.045757490560675,1,0.0,2002,2002,2002,Ki,B,1
PCROSQUDZNGXBN-UHFFFAOYSA-N,O=C1NC(COCc2cc(C(F)(F)F)cc(C(F)(F)F)c2)(c2ccc(F)cc2)CN1C1CCNCC1,9.045757490560675,1,0.0,2006,2006,2006,Ki,B,1
HDCFCWFTSFQKMC-WHIIXXIBSA-N,CC(=O)N[C@@H]1C[C@@](CO[C@H](C)c2cc(C(F)(F)F)cc(C(F)(F)F)c2)(c2ccccc2)NC1=O,9.045757490560675,1,0.0,2008,2008,2008,Ki,B,1
KDMRETSUDYJFOO-QUCQDJGISA-N,COc1ccc(C(C)(OC)C(F)(F)F)cc1CN[C@H]1CCCN[C@H]1c1ccccc1,9.045757490560675,1,0.0,2008,2008,2008,IC50,B,1
GXIYYBXZKMHKPE-ICSRJNTNSA-N,COc1ccc(CC(F)(F)F)cc1CN[C@H]1CCCN[C@H]1c1ccccc1,9.045757490560675,1,0.0,2008,2008,2008,IC50,B,1
WBJOWPKXMMRTNL-MOPGFXCFSA-N,CN(C(=O)C(C)(C)c1cc(C(F)(F)F)cc(C(F)(F)F)c1)[C@H]1CNC[C@@H]1c1ccc(F)cc1,9.045757490560675,1,0.0,2010,2010,2010,Ki,B,1
NBVJDXUVAJKVDC-FCHUYYIVSA-N,COC[C@@H]1C[C@@H](OC)CN1c1cc(-c2ccccc2Cl)c(N(C)C(=O)C(C)(C)c2cc(C(F)(F)F)cc(C(F)(F)F)c2)cn1,9.040958607678906,1,0.0,2010,2010,2010,Ki,B,1
LJKDZSJYYRZNMT-VABNTSDVSA-N,COc1ccccc1CN[C@H]1C2CC3CCC(C2)N3[C@H]1C(c1ccccc1)c1ccccc1,9.040005161671584,1,0.0,1998,1998,1998,IC50,B,1
FBKJGIFXXNABPC-UHFFFAOYSA-N,Cn1c(-c2cccnc2)c(CCC(=O)N2CCC(O)(Cc3ccccc3)CC2)c2cc(Cl)ccc21,9.036212172654444,1,0.0,2001,2001,2001,IC50,B,1
LJKDZSJYYRZNMT-ICQJPXRGSA-N,COc1ccccc1CNC1C2CC3CCC(C2)N3[C@H]1C(c1ccccc1)c1ccccc1,9.036212172654444,1,0.0,1994,1994,1994,IC50,B,1
ZCVDEBWDINFSGJ-MUUNZHRXSA-N,COc1ccccc1CN(C[C@@H](Cc1c[nH]c2ccccc12)NC(=O)CN1CCN(c2ccccc2)CC1)C(C)=O,9.035290537142853,2,0.04990835625085498,1996,1996,1996,IC50;Kd,B;F,1
QOJWQWHTTQNBIU-JONXPCGESA-N,CC(=O)N1C[C@H]2CC[C@H](O[C@H](C)c3cc(C(F)(F)F)cc(C(F)(F)F)c3)[C@@H](c3ccc(F)cc3)[C@@H]2C1,9.033256356075647,2,1.3086438758420045,2009,2009,2009,IC50,B,1
HVRBWBAGGZQXPZ-FQQGMQMYSA-N,Cc1cc(F)ccc1[C@H]1C[C@H](N(C)C)CCN1C(=O)N(C)[C@H](C)c1cc(C(F)(F)F)cc(C(F)(F)F)c1,9.029978734171634,1,0.0,2011,2011,2011,Ki,B,1
FBMOXTLEBXXOOH-GNVOIQCSSA-N,CNC(=O)N1C[C@H]2CC[C@H](O[C@H](C)c3cc(C(F)(F)F)cc(C(F)(F)F)c3)[C@@H](c3ccc(F)cc3)[C@@H]2C1,9.02726570743409,2,1.4403648928631734,2009,2009,2009,IC50,B,1
TZYZTHMDYAPLNE-UHFFFAOYSA-N,O=C(Cc1ccncc1)N1CCC(COCc2cc(C(F)(F)F)cc(C(F)(F)F)c2)(c2ccccc2)CC1,9.0268721464003,1,0.0,1998,1998,1998,IC50,B,1
ZTMDGDHDXPIEIO-VXKWHMMOSA-N,FC(F)(F)c1cc(CO[C@H]2CCCN(Cc3c[nH]cn3)[C@H]2c2ccccc2)cc(C(F)(F)F)c1,9.022878745280337,2,0.03235543186553259,1996,1998,1997,IC50,B,2
WAXQNWCZJDTGBU-UHFFFAOYSA-N,Cc1ccccc1-c1cc(N2CCN(C)CC2)ncc1N(C)C(=O)C(C)(C)c1cc(C(F)(F)F)cc(C(F)(F)F)c1,9.022276394711152,2,0.0,2006,2013,2009,IC50;Ki,B,2
DQBXATGXVPKBRP-BGVKPSKSSA-N,C[C@@H](O[C@H]1CC[C@@H](N(C)CC(=O)N2CCN(C)CC2)[C@@H]1c1ccc(F)cc1)c1cc(C(F)(F)F)cc(C(F)(F)F)c1,9.022276394711152,1,0.0,2006,2006,2006,IC50,B,1
GZAMCYJCPQMIHJ-UHFFFAOYSA-N,FC(F)(F)c1cc(COCC2(c3ccccc3)CCNCC2)cc(C(F)(F)F)c1,9.021136511563704,6,0.011243885548859925,1995,2013,2000,IC50,B;F,6
YERXIJJJNBAPNJ-JCOAXYOVSA-N,CC[C@](Cc1c[nH]c2ccccc12)(NC(=O)OCc1cc2ccccc2o1)C(=O)N[C@@H](C)c1ccccc1,9.017728766960431,1,0.0,2001,2001,2001,IC50,B,1
GGQKWWASEAXXOF-UHFFFAOYSA-N,COc1ccccc1N1CCN(C(=O)CCc2c(-c3ccc(Cl)cc3)n(CCO)c3ccc(Cl)cc23)CC1,9.013228265733755,1,0.0,2001,2001,2001,IC50,B,1
QOPIOMWNHRCPAA-LOSJGSFVSA-N,CC(=O)N1CCC(C(=O)N2C[C@@H](C(=O)N(C)Cc3cc(C(F)(F)F)cc(C(F)(F)F)c3)[C@H](c3ccccc3)C2)CC1,9.013228265733755,1,0.0,2007,2007,2007,IC50,B,1
JIYMZYDKZMRNFP-RUZDIDTESA-N,COc1ccccc1CN(C[C@@H](Cc1c[nH]c2ccccc12)NC(=O)COc1ccc(-c2csnn2)cc1)C(C)=O,9.008773924307505,1,0.0,2001,2001,2001,IC50,B,1
FAIPAHUUUZBARZ-UHFFFAOYSA-N,COc1ccccc1CN(CC(Cc1c[nH]c2ccccc12)NC(=O)CN1CCN(Cc2ccccc2)CC1)C(C)=O,9.008773924307505,1,0.0,1996,1996,1996,IC50,B,1
OBEGDBPDOHMKKI-UHFFFAOYSA-N,Cc1cc(F)ccc1-c1cc(C2CCC(CC(=O)O)CC2)ncc1N(C)C(=O)C(C)(CO)c1cc(C(F)(F)F)cc(C(F)(F)F)c1,9.008773924307505,2,0.0,2017,2018,2017,IC50,B,2
PUZPEGOFQQRVMW-FPOVZHCZSA-N,FC(F)(F)c1cc(CO[C@H]2CCCN(Cc3nnco3)[C@H]2c2ccccc2)cc(C(F)(F)F)c1,9.006614132866877,2,0.009353796403675656,1996,1998,1997,IC50,B,2
WCJDWNUHDMSTQS-QEHHYHKYSA-N,Cc1cc(O)cc(C)c1C[C@H](N)C(=O)N[C@H](CCCNC(=N)N)C(=O)N[C@@H](Cc1ccccc1)C(=O)N[C@@H](CCCCN)C(=O)N1CCN([C@@H]2CCN(C(=O)c3cc(C(F)(F)F)cc(C(F)(F)F)c3)C[C@@H]2c2ccccc2)CC1,9.00436480540245,1,0.0,2015,2015,2015,Ki,B,1
MITDQFYCYRHNBC-DEOSSOPVSA-N,O=C(CCc1cc(C(F)(F)F)cc(C(F)(F)F)c1)[C@H](Cc1c[nH]c2ccccc12)NC(=O)C12CCN(CC1)CC2,9.0,3,0.5350976247697683,1995,1995,1995,IC50,B,1
LFHWHZNDQKZPOH-CZQLGGELSA-N,CN(C(=O)c1cc(C(F)(F)F)cc(C(F)(F)F)c1)[C@@H](/C=C/C(=O)NC1(C(N)=O)CCCCC1)Cc1ccc(Cl)cc1,9.0,1,0.0,2001,2001,2001,IC50,B,1
FCDRFVCGMLUYPG-ROUUACIJSA-N,FC(F)(F)c1cc(CO[C@H]2CCCN[C@H]2c2ccccc2)cc(C(F)(F)F)c1,9.0,10,0.029214976539823783,1994,2021,1997,IC50,B,10
HWXJZYJEUPUUCM-UHFFFAOYSA-N,Cc1ccccc1C(COCc1cc(C(F)(F)F)cc(C(F)(F)F)c1)N1CCNCC1,9.0,1,0.0,2003,2003,2003,Ki,B,1
XMAPNFVXGZVZLY-UHFFFAOYSA-N,COc1cccc(C(COCc2cc(C(F)(F)F)cc(C(F)(F)F)c2)N2CCNCC2)c1,9.0,2,0.0,2002,2003,2002,IC50;Ki,B,2
GBKKWZGWXVLYRP-UHFFFAOYSA-N,COc1ccccc1N1CCN(C(=O)CCc2c(-c3ccc(Br)cc3)[nH]c3ccc(C)cc23)CC1,9.0,3,0.0,2001,2001,2001,IC50,B,3
MHEWDXHLJDJQCZ-LJAQVGFWSA-N,CSN1CC2(CCN(C(=O)N[C@@H](Cc3c[nH]c4ccccc34)C(=O)N(C)Cc3cc(C(F)(F)F)cc(C(F)(F)F)c3)CC2)c2ccccc21,9.0,1,0.0,1998,1998,1998,IC50,B,1
MERHBTZUAONODB-MHZLTWQESA-N,CS(=O)(=O)N1CC2(CCN(C(=O)[C@H](COCc3ccc(Cl)c(Cl)c3)NCc3ccccc3)CC2)c2ccccc21,9.0,2,0.0,1998,1998,1998,IC50,B,2
SDAQMMFVBYMJDD-UHFFFAOYSA-N,FC(F)(F)c1cc(COCC2(c3ccccc3)CCCCN2)cc(C(F)(F)F)c1,9.0,3,0.0,1998,2010,1998,IC50;Ki,B,3
WEDUTVAKPIVEEC-OMNSAQKUSA-N,CNC(=O)NCCCO/N=C(\CN(C)C(=O)c1cc(Cl)cc(Cl)c1)C(CCN1CCC(N2CCCCC2=O)CC1)c1ccc(Cl)c(Cl)c1,9.0,1,0.0,2002,2002,2002,Ki,B,1
LYOBOZHSPINFAT-XKMRCYARSA-N,CO/N=C(\CN(C)C(=O)c1cc(C)cc(C)c1)C(CCN1CCC(O)(c2ccccc2)CC1)c1ccc(Cl)c(Cl)c1,9.0,1,0.0,2002,2002,2002,Ki,B,1
FRVGAQVTZNXIME-VEBIXGAZSA-N,CO/N=C(\CN(C)C(=O)c1cc(Cl)cc(Cl)c1)[C@H](CCN1CCC(N2CCCN(O)C2=O)CC1)c1ccc(Cl)c(Cl)c1,9.0,1,0.0,2002,2002,2002,Ki,B,1
CGWJCDGSTFDBEP-KFZUGWGMSA-N,CO/N=C(\CN(C)C(=O)c1cc(Cl)cc(Cl)c1)[C@H](CCN1CCC(N2CCCN(Cc3nn[nH]n3)C2=O)CC1)c1ccc(Cl)c(Cl)c1,9.0,1,0.0,2002,2002,2002,Ki,B,1
VMUJISIYYNPJBE-RDBHFRHXSA-N,CO/N=C(\CN(C)C(=O)c1cc(Cl)cc(Cl)c1)[C@H](CCN1CCC(N2CCCN(CC(=O)OCc3ccccc3)C2=O)CC1)c1ccc(Cl)c(Cl)c1,9.0,1,0.0,2002,2002,2002,Ki,B,1
UOBYZCNFWMDVTC-ACHIHNKUSA-N,COCc1ccccc1NC(=O)N1CCC[C@H]1C(=O)N[C@@H](Cc1ccc2ccccc2c1)C(=O)N(C)Cc1ccccc1,9.0,1,0.0,1998,1998,1998,Ki,B,1
FNWYNXVBSUEUGT-VXKWHMMOSA-N,FC(F)(F)c1cc(CO[C@H]2CCCN(Cc3cocn3)[C@H]2c2ccccc2)cc(C(F)(F)F)c1,9.0,2,0.0,1996,1998,1997,IC50,B,2
WYRPCOFFVKVQGR-HKUYNNGSSA-N,COc1ccc(-n2nnnc2N)cc1CN[C@H]1CCCN[C@H]1c1ccccc1,9.0,1,0.0,1996,1996,1996,Ki,B,1
SDTLZBKGRGUYBM-UHFFFAOYSA-N,CN(C)CCCNC(=O)c1ccc(-c2ccc(Cl)cc2)c(N(C)C(=O)c2cc(C(F)(F)F)cc(C(F)(F)F)c2)c1,9.0,1,0.0,2002,2002,2002,IC50,B,1
AZDSYYOXSFTNRY-HSZRJFAPSA-N,CN(C(=O)c1cc(C(F)(F)F)cc(C(F)(F)F)c1)c1cc(C(=O)N[C@@H]2CCCCNC2=O)ccc1-c1ccc(F)cc1,9.0,1,0.0,2002,2002,2002,IC50,B,1
SDAQMMFVBYMJDD-IBGZPJMESA-N,FC(F)(F)c1cc(COC[C@]2(c3ccccc3)CCCCN2)cc(C(F)(F)F)c1,9.0,1,0.0,1994,1994,1994,IC50,B,1
HUERSZSCUMQRFY-UHFFFAOYSA-N,O=C1CCC(CCN2CC(N3CCSCC3)C2)(c2ccc(Cl)c(Cl)c2)CN1Cc1ccccc1,9.0,1,0.0,2002,2002,2002,Kd,B,1
GUIGWNGIQKNZBN-HHHXNRCGSA-N,O=C1CC[C@](CCN2CC(N3CCOCC3)C2)(c2ccc(Cl)c(Cl)c2)CN1CC1CCCCC1,9.0,1,0.0,2002,2002,2002,Kd,B,1
BAFNRJAFKSSKNK-UHFFFAOYSA-N,O=C(O)C1CC2(c3ccc(F)cc3)NC1CCC2NCc1cc(OC(F)(F)F)ccc1OC1CC1,9.0,1,0.0,2006,2006,2006,IC50,B,1
ZGNPLCMMVKCTHM-UHFFFAOYSA-N,Cc1ccccc1-c1cc(N2CCOCC2)ncc1N(C)C(=O)C(C)(C)c1cc(C(F)(F)F)cc(C(F)(F)F)c1,9.0,1,0.0,2006,2006,2006,Ki,B,1
YYYWTXUDIDHHTH-UHFFFAOYSA-N,Cn1nnc(C2CC3(c4ccccc4)NC2CCC3OCc2cc(C(F)(F)F)cc(C(F)(F)F)c2)n1,9.0,1,0.0,2006,2006,2006,IC50,B,1
OHDQKQGDHONPAR-IFZYUDKTSA-N,CNC(=O)[C@]1(N)C[C@@](CO[C@H](C)c2cc(C(F)(F)F)cc(C(F)(F)F)c2)(c2ccccc2)C1,9.0,1,0.0,2006,2006,2006,Ki,B,1
GLMYRENDOZHTSS-GBLZOACLSA-N,C[C@@H](OC[C@]1(c2ccccc2)C[C@](N)(C(N)=O)C1)c1cc(C(F)(F)F)cc(C(F)(F)F)c1,9.0,1,0.0,2006,2006,2006,Ki,B,1
DYBBAWOUQNTPAE-RBYNONRVSA-N,C[C@@H](O[C@@H]1[C@@H](c2ccc(F)cc2)CN2C(=O)OC[C@H]12)c1cc(C(F)(F)F)cc(C(F)(F)F)c1,9.0,1,0.0,2008,2008,2008,IC50,B,1
XDFFVHQCALIXPH-FQEVSTJZSA-N,CN(C(=O)C(C)(C)c1cc(C(F)(F)F)cc(C(F)(F)F)c1)c1cnc(N2CCC[C@H]2CO)cc1-c1ccccc1Cl,9.0,1,0.0,2010,2010,2010,Ki,B,1
QHYUCFPCBINQBH-UHFFFAOYSA-N,C=C(C)n1c(=O)n(CCN2CCC(N(C(=O)OCC)c3ccc(Cl)c(Cl)c3)CC2)c2ccccc21,9.0,1,0.0,2013,2013,2013,Ki,B,1
VBHDCLIXKVHTRP-UHFFFAOYSA-N,CCN(C)c1cc(C(F)(F)F)cc(COCC2(c3ccc(F)cc3)CCN(C)CC2)n1,9.0,1,0.0,2013,2013,2013,IC50,B,1
SKSVLYVQUOGPSM-OLBHHIGCSA-N,Cc1cc(O)cc(C)c1C[C@H](N)C(=O)N[C@@H](C)C(=O)NCC(=O)N[C@@H](Cc1ccc(F)cc1)C(=O)N1CCC[C@H]1C(=O)N[C@@H](CC(C)C)C(=O)N[C@@H](Cc1c[nH]c2ccccc12)C(=O)NCc1cc(C(F)(F)F)cc(C(F)(F)F)c1,9.0,1,0.0,2015,2015,2015,Ki,B,1
ILSQIFBVDDXMLY-UHFFFAOYSA-N,Cc1cc(F)ccc1-c1cc(C2CCC(O)(CC(=O)O)CC2)ncc1N(C)C(=O)C(C)(C)c1cc(C(F)(F)F)cc(C(F)(F)F)c1,9.0,2,0.0,2017,2018,2017,IC50,B,2
IVIQHHCTWSXXCT-WENCNXQZSA-N,C[C@H](NC(=O)[C@@](C)(Cc1c[nH]c2ccccc12)NC(=O)OCc1cc2ccccc2o1)c1ccccc1,8.98940535046503,4,0.444042119987374,1995,2015,2001,IC50,B,3
HTSQNJFEFBCXIY-JJQQXIGVSA-N,C[C@@H](O[C@H]1CN2C(=O)C=C(c3cc[nH]c(=O)c3)CC2[C@@H]1c1ccc(F)cc1)c1cc(C(F)(F)F)cc(C(F)(F)F)c1,8.988785814407256,2,0.8200323301393724,2010,2010,2010,IC50,B,1
NWFGQNMZQBTILZ-GQWLDOHISA-N,C[C@@H](OC[C@@]1(c2ccccc2)CC[C@H](NS(C)(=O)=O)CN1)c1cc(C(F)(F)F)cc(C(F)(F)F)c1,8.987162775294827,1,0.0,2010,2010,2010,Ki,B,1
QXNYEDXGJIDWMZ-CNTXRXOVSA-N,C[C@@H](O[C@H]1CC[C@@H]2CNC[C@H]2[C@@H]1c1ccc(F)cc1)c1cc(C(F)(F)F)cc(C(F)(F)F)c1,8.980292940411932,2,1.1930529065451372,2009,2009,2009,IC50,B,1
QPVQOFFGRFOSLP-HLKRZZCRSA-N,CC1=C(N2C[C@H]3CC[C@H](O[C@H](C)c4cc(C(F)(F)F)cc(C(F)(F)F)c4)[C@@H](c4ccc(F)cc4)[C@@H]3C2)CCC1=O,8.979303657420887,2,1.443482610739996,2009,2009,2009,IC50,B,1
WOOZAKIVTNHHQU-SAYLLPIZSA-N,C[C@@H](O[C@H]1CN2C(=O)C=C(c3ccncc3)CC2[C@@H]1c1ccc(F)cc1)c1cc(C(F)(F)F)cc(C(F)(F)F)c1,8.972693472721556,2,1.2461745736924779,2010,2010,2010,IC50,B,1
PNGVIQNFVXLGMA-IZPDVVDKSA-N,C[C@@H](O[C@H]1CN2C(=O)C=C(c3cn[nH]c3)CC2[C@@H]1c1ccc(F)cc1)c1cc(C(F)(F)F)cc(C(F)(F)F)c1,8.968709007885918,2,1.2094350610290405,2010,2010,2010,IC50,B,1
YHCHWIBLFNSJRN-ANFQMTPCSA-N,CN(C(=O)c1cc(C(F)(F)F)cc(C(F)(F)F)c1)[C@@H](/C=C/C(=O)N[C@@H]1CCCCNC1=O)Cc1ccc2ccccc2c1,8.958607314841775,1,0.0,2001,2001,2001,IC50,B,1
UFBNSKYNZDUWSN-RZGVDQIZSA-N,CSCC[C@H](NC(=O)[C@H](CC(C)C)NC(=O)[C@@H]1CCCN1C(=O)[C@H](Cc1ccccc1)NC(=O)[C@H](Cc1ccccc1)NC(=O)[C@H](CCC(N)=O)NC(=O)[C@H](CCC(N)=O)NC(=O)[C@@H]1CCCN1C(=O)[C@H](CCCCN)NC(=O)[C@@H]1CCCN1C(=O)[C@@H](N)CCCN=C(N)N)C(N)=O,8.958607314841775,1,0.0,1998,1998,1998,Ki,B,1
RHLFRQYCXXEYMH-UHFFFAOYSA-N,CN(C)Cc1n[nH]nc1CN1CCOC2(CCC(c3ccccc3C(F)(F)F)CO2)C1c1ccc(F)cc1,8.958607314841775,1,0.0,2002,2002,2002,IC50,B,1
YHNFCOYWNUQUGQ-UHFFFAOYSA-N,CN(CC(c1ccccc1Br)N1CCC(N2CCCCC2)CC1)C(=O)Cc1cc(C(F)(F)F)cc(C(F)(F)F)c1,8.958607314841775,1,0.0,2000,2000,2000,IC50,B,1
BEMWOCKAHZVMIH-YCTXJJCUSA-N,CO/N=C(\CN(C)C(=O)c1cc(Cl)cc(Cl)c1)[C@H](CCN1CCC(N2CCCN(Cc3ccoc3)C2=O)CC1)c1ccc(Cl)c(Cl)c1,8.958607314841775,1,0.0,2002,2002,2002,Ki,B,1
ZCVDEBWDINFSGJ-UHFFFAOYSA-N,COc1ccccc1CN(CC(Cc1c[nH]c2ccccc12)NC(=O)CN1CCN(c2ccccc2)CC1)C(C)=O,8.958607314841775,1,0.0,1996,1996,1996,IC50,B,1
MXKYFPVNDOVSAQ-CONSDPRKSA-N,CN(Cc1ccccc1)C(=O)[C@H](Cc1ccc2ccccc2c1)NC(=O)[C@@H]1CCCN1C(=O)Nc1ccc(C#N)cc1,8.958607314841775,1,0.0,1998,1998,1998,Ki,B,1
VOZZRRBZOWESIH-CONSDPRKSA-N,CN(Cc1ccccc1)C(=O)[C@H](Cc1ccc2ccccc2c1)NC(=O)[C@@H]1CCCN1C(=O)Nc1ccccc1C#N,8.958607314841775,1,0.0,1998,1998,1998,Ki,B,1
VHEFUYSBNMMOGV-UHFFFAOYSA-N,Cn1c(C(=O)NCc2cc(C(F)(F)F)cc(C(F)(F)F)c2)c(-c2ccc(F)cc2)c2cccnc2c1=O,8.958607314841775,1,0.0,1995,1995,1995,IC50,B,1
GFOCXNQTHDSCRO-RBUKOAKNSA-N,NC(=O)CN1CCO[C@H](OCc2cc(C(F)(F)F)cc(C(F)(F)F)c2)[C@@H]1c1ccccc1,8.958607314841775,1,0.0,1996,1996,1996,IC50,B,1
AILRYHWCZLVQIS-KQXZHLRISA-N,O=C1CN([C@H]2CC[C@](c3ccccc3)(N3CCC(c4cc(C(F)(F)F)cc(C(F)(F)F)c4)C3=O)CC2)CCN1c1ccccc1,8.958607314841775,1,0.0,2006,2006,2006,IC50,B,1
MHCBCPKFIVQLDP-UHFFFAOYSA-N,Cc1ccccc1-c1cnc(N2CCN(C)CC2)nc1N(C)C(=O)C(C)(C)c1cc(C(F)(F)F)cc(C(F)(F)F)c1,8.958607314841775,1,0.0,2006,2006,2006,Ki,B,1
UCWYYDBINVOBHN-URVUXULASA-N,CN(Cc1nc[nH]n1)[C@@H]1CC[C@H](OCc2cc(C(F)(F)F)cc(C(F)(F)F)c2)[C@H]1c1ccccc1,8.958607314841775,1,0.0,2006,2006,2006,IC50,B,1
HVUWPNYSILBPFH-PKTZIBPZSA-N,CN(C(=O)C(C)(C)c1cc(C(F)(F)F)cc(C(F)(F)F)c1)[C@H]1CN(C(=O)N(CCO)CCO)C[C@@H]1c1ccc(F)cc1,8.958607314841775,1,0.0,2010,2010,2010,Ki,B,1
HLBVBGPVIQZGOD-UHFFFAOYSA-N,COc1ccc(Br)cc1CN1CCC(=O)C(C(c2ccc(F)cc2)c2ccc(F)cc2)C1,8.958607314841775,3,0.19466662157314835,2011,2011,2011,IC50,B,1
JHGJAAPNOIHGDJ-XGUPMAOUSA-N,Cc1cc(O)cc(C)c1C[C@H](N)C(=O)N[C@H](CCCNC(=N)N)C(=O)N[C@@H](Cc1ccccc1)C(=O)N[C@@H](CCCCN)C(=O)N(C)[C@@H]1CCN(C(=O)c2cc(C(F)(F)F)cc(C(F)(F)F)c2)C[C@@H]1c1ccccc1,8.958607314841775,1,0.0,2015,2015,2015,Ki,B,1
RHLFRQYCXXEYMH-JSRBVGTNSA-N,CN(C)Cc1[nH]nnc1CN1CCO[C@@]2(CC[C@@H](c3ccccc3C(F)(F)F)CO2)[C@@H]1c1ccc(F)cc1,8.958607314841775,1,0.0,2021,2021,2021,IC50,B,1
HZMLMXFDGHXQOO-CYLPJFJESA-N,CCCC[C@H](NC(=O)[C@H](Cc1ccccc1)NC(=O)CNC(=O)[C@@H](C)NC(=O)[C@@H](N)Cc1ccc(O)cc1)C(=O)N1CCC[C@H]1C(=O)N[C@@H](CC(C)C)C(=O)N[C@@H](Cc1c[nH]c2ccccc12)C(=O)OCc1cc(C(F)(F)F)cc(C(F)(F)F)c1,8.955896505932731,2,0.37611326996093525,2007,2007,2007,IC50;Ki,B,1
FIYPEZLIXJZQOT-HBFSDRIKSA-N,NC(=O)CN[C@@H]1CC[C@H](OCc2cc(C(F)(F)F)cc(C(F)(F)F)c2)[C@H]1c1ccccc1,8.954166521202158,2,0.09632190684793625,2006,2006,2006,IC50,B,1
NFUWMFTULXHEKZ-UHFFFAOYSA-N,CN(C(=O)C(C)(C)c1cc(C(F)(F)F)cc(C(F)(F)F)c1)c1cnc(NCCO)cc1-c1ccccc1Cl,8.950781977329818,1,0.0,2010,2010,2010,Ki,B,1
XEGOLLHFEQVDHJ-SEPYTNNBSA-N,CCNC(=O)[C@@H]1CC[C@@](CO[C@H](C)c2cc(C(F)(F)F)cc(C(F)(F)F)c2)(c2ccccc2)NC1,8.94692155651658,1,0.0,2010,2010,2010,Ki,B,1
UJOXEFFCEGXDCC-JJQQXIGVSA-N,C[C@@H](O[C@H]1CN2C(=O)C=C(c3ccnc(F)c3)CC2[C@@H]1c1ccc(F)cc1)c1cc(C(F)(F)F)cc(C(F)(F)F)c1,8.945210726547806,2,1.4331591992279538,2010,2010,2010,IC50,B,1
YWZQUYZSHQQYRQ-UHFFFAOYSA-N,CN(C(=O)C(C)(C)c1cc(C(F)(F)F)cc(C(F)(F)F)c1)c1cnc(N(CCO)CCO)cc1-c1ccccc1Cl,8.939302159646388,1,0.0,2010,2010,2010,Ki,B,1
RLZAHUJYUFOJFC-UHFFFAOYSA-N,COc1ccccc1CN(CC(Cc1csc2ccccc12)NC(=O)CN1CCN(c2ccccc2)CC1)C(C)=O,8.928117992693874,1,0.0,1996,1996,1996,IC50,B,1
HZLKQILBSBUCFK-BWQCZWHASA-N,CC1CCN([C@H]2CC[C@](NC(=O)C(C)c3cc(C(F)(F)F)cc(C(F)(F)F)c3)(c3ccccc3)CC2)CC1,8.920818753952375,1,0.0,2002,2002,2002,IC50,B,1
XJKLZGZNEXZJFI-UHFFFAOYSA-N,CN(C)CCCC(=O)N1CCC(COCc2cc(C(F)(F)F)cc(C(F)(F)F)c2)(c2ccccc2)CC1,8.920818753952375,1,0.0,1998,1998,1998,IC50,B,1
MQCWKTYZKLSDJX-KGHBKMJJSA-N,CN(C/C(=N\OCCCNS(C)(=O)=O)C(CCN1CCC(N2CCCCC2=O)CC1)c1ccc(Cl)c(Cl)c1)C(=O)c1cc(Cl)cc(Cl)c1,8.920818753952375,1,0.0,2002,2002,2002,Ki,B,1
BYIHDKGDBKWQLV-PNFNHJRFSA-N,CN(C/C(=N\OCC(=O)NO)C(CCN1CCC(N2CCCCC2=O)CC1)c1ccc(Cl)c(Cl)c1)C(=O)c1cc(Cl)cc(Cl)c1,8.920818753952375,1,0.0,2002,2002,2002,Ki,B,1
ZZFJEAWXKJAJIS-AASALYGKSA-N,CO/N=C(\CN(C)C(=O)c1cc(Cl)cc(Cl)c1)[C@H](CCN1CCC(n2c(O)nc3ccccc32)CC1)c1ccc(Cl)c(Cl)c1,8.920818753952375,1,0.0,2002,2002,2002,Ki,B,1
QQEUFCBFNCEBTH-UVIULGBXSA-N,CO/N=C(\CN(CCF)C(=O)c1cc(Cl)cc(Cl)c1)[C@H](CCN1CCC(n2c(=O)n(CC(=O)O)c3ccccc32)CC1)c1ccc(Cl)c(Cl)c1,8.920818753952375,1,0.0,2002,2002,2002,Ki,B,1
LPQUXJUIJVQRQR-UHFFFAOYSA-N,CN(Cc1cc(C(F)(F)F)cc(C(F)(F)F)c1)C(=O)c1c(-c2ccccc2)c2ccccc2c(=O)n1C,8.920818753952375,1,0.0,1995,1995,1995,IC50,B,1
OWZMXGWNSWZOSE-UHFFFAOYSA-N,CS(=O)(=O)NC(=O)C1CC2(c3ccc(F)cc3)NC1CCC2NCc1cc(OC(F)(F)F)ccc1OC1CC1,8.920818753952375,1,0.0,2006,2006,2006,IC50,B,1
BWAMRYBZFXESAA-QEAPWSMKSA-N,C[C@@H](OC1CCC2NC1(c1ccccc1)CC2c1nnnn1C)c1cc(C(F)(F)F)cc(C(F)(F)F)c1,8.920818753952375,1,0.0,2006,2006,2006,IC50,B,1
UBQDOJPOYGFWGG-XKRTTZHXSA-N,C[C@@H](O[C@@H]1[C@@H](c2ccc(F)cc2)CN(C(=O)OC(C)(C)C)[C@H]1CO)c1cc(C(F)(F)F)cc(C(F)(F)F)c1,8.920818753952375,1,0.0,2008,2008,2008,IC50,B,1
HUWACXBSZGMJNL-OALUTQOASA-N,COc1ccc(OC(F)(F)F)cc1CN[C@H]1CCN(S(C)(=O)=O)C[C@H]1c1ccccc1,8.920818753952375,1,0.0,2011,2011,2011,IC50,B,1
JOTAAZWGDRXATN-UHFFFAOYSA-N,CN1CCC(COCc2cc(C(F)(F)F)cc(N3CCCC3)n2)(c2ccccc2)CC1,8.920818753952375,1,0.0,2013,2013,2013,IC50,B,1
LYMSQSXUWSVHEJ-AQSQZJRWSA-N,Cc1cc(O)cc(C)c1C[C@H](N)C(=O)N[C@H](CCCNC(=N)N)C(=O)N[C@@H](Cc1ccccc1)C(=O)N[C@@H](CCCCN)C(=O)N1CC[C@@H](C(=O)N(C)Cc2cc(C(F)(F)F)cc(C(F)(F)F)c2)[C@H](c2ccccc2)C1,8.920818753952375,1,0.0,2015,2015,2015,Ki,B,1
XTXAUEXLFXZQDQ-SAYLLPIZSA-N,C[C@@H](O[C@H]1CN2C(=O)C=C(c3cccnc3)CC2[C@@H]1c1ccc(F)cc1)c1cc(C(F)(F)F)cc(C(F)(F)F)c1,8.9076542845912,2,1.1838002867132145,2010,2010,2010,IC50,B,1
DWEOLXKGGPUQCN-RTOHIFTRSA-N,C/C(CN1CCN(C(=O)c2cc(C(F)(F)F)cc(C(F)(F)F)c2)[C@H](Cc2c[nH]c3ccccc23)C1)=N/OCCN1CCOCC1,8.899985366723115,2,1.2727715115571527,2006,2006,2006,Kd;Ki,B;F,1
JCNGFFPINBNJRH-DCWQJPKNSA-N,O=C(c1cc(C(F)(F)F)cc(C(F)(F)F)c1)N1CCN(CC2=NOC(CN3CCOCC3)C2)C[C@H]1Cc1c[nH]c2ccccc12,8.899975502845354,2,0.42425719267903234,2006,2006,2006,Kd;Ki,B;F,1
WOLHPOWZBHRGTD-HRAATJIYSA-N,C[C@H](OC[C@H](c1ccccc1)N1CCN(CC(=O)O)CC1)c1cc(C(F)(F)F)cc(C(F)(F)F)c1,8.899974269892137,1,0.0,2003,2003,2003,Ki,B,1
VONJODYKTRPIQC-FDDCHVKYSA-N,C[C@H](OC[C@H](c1ccccc1)N1CCN(CCOCC(=O)O)CC1)c1cc(C(F)(F)F)cc(C(F)(F)F)c1,8.899974269892137,1,0.0,2003,2003,2003,Ki,B,1
LDTPAEBAUHEXMI-UHFFFAOYSA-N,Brc1cc(I)cc(COCC(c2ccccc2)N2CCNCC2)c1,8.899974269892137,1,0.0,2002,2002,2002,IC50,B,1
PEJWJTCTMCSLLE-UHFFFAOYSA-N,O=C1CCN(C2CN(CCC3(c4ccc(Cl)c(Cl)c4)CCC(=O)N(CC4CC4)C3)C2)CC1,8.899974269892137,1,0.0,2002,2002,2002,Kd,B,1
GUIGWNGIQKNZBN-UHFFFAOYSA-N,O=C1CCC(CCN2CC(N3CCOCC3)C2)(c2ccc(Cl)c(Cl)c2)CN1CC1CCCCC1,8.899974269892137,1,0.0,2002,2002,2002,Kd,B,1
HIJZDNMAHNZBTQ-UHFFFAOYSA-N,O=C1CCC(CCN2CC(N3CCS(=O)(=O)CC3)C2)(c2ccc(Cl)c(Cl)c2)CN1Cc1ccccc1,8.899974269892137,1,0.0,2002,2002,2002,Kd,B,1
OQXJUJDDCWHRLA-UHFFFAOYSA-N,NS(=O)(=O)N1CCN(C2CN(CCC3(c4ccc(Cl)c(Cl)c4)CCC(=O)N(CC4CC4)C3)C2)CC1,8.899974269892137,1,0.0,2002,2002,2002,Kd,B,1
IGAXDMFXJYIUIV-XIFFEERXSA-N,CN(Cc1ccccc1)C(=O)[C@H](Cc1ccc2ccccc2c1)NC(=O)C1(NC(=O)c2c[nH]c3ccccc23)CCCCC1,8.899974269892137,1,0.0,1998,1998,1998,IC50,B,1
LPHUHRBYJJRLLM-UHFFFAOYSA-N,COC(=O)CC(=O)N(Cc1ccccc1OC)CC(Cc1c[nH]c2ccccc12)NC(=O)CN1CCN(c2ccccc2)CC1,8.892790030352131,1,0.0,1996,1996,1996,IC50,B,1
MINXROHIKJGKPW-UHFFFAOYSA-N,Cc1cc(F)ccc1C1CNCCN1C(=O)N(C)Cc1cc(C(F)(F)F)cc(C(F)(F)F)c1,8.890084136976206,1,0.0,2009,2009,2009,Ki,B,1
SUZSWSSXVHSRLT-ICSRJNTNSA-N,NC(=O)CN1CCC[C@H](OCc2cc(C(F)(F)F)cc(C(F)(F)F)c2)[C@@H]1c1ccccc1,8.888070392334685,4,0.056332430974495334,1995,1998,1995,IC50,B,4
NNQQINUYFDRYPI-SVBPBHIXSA-N,FC(F)(F)c1cc(CO[C@H]2C3CCN(CC3)[C@H]2C(c2ccccc2)c2ccccc2)cc(C(F)(F)F)c1,8.886056647693163,8,1.23305950899884,1993,2013,1996,IC50,B,6
MEAHGWNSKVULCO-XPPBJISJSA-O,COc1ccccc1CN[C@H]1C2CC[N+](CC(N)=O)(CC2)[C@H]1C(c1ccccc1)c1ccccc1,8.886056647693163,1,0.0,1994,1994,1994,IC50,B,1
ORLNTJCFUGXKLH-UHFFFAOYSA-N,Cn1c(-c2ccc(Cl)cc2)c(CCC(=O)N2CCC(Nc3ccccc3)CC2)c2cc(Cl)ccc21,8.886056647693163,1,0.0,2001,2001,2001,IC50,B,1
FPUVUFYSZBNZLU-GZOQVGHDSA-N,COc1ccc(C(F)(F)F)cc1[C@H]1COCC2(C1)OCCN[C@H]2c1ccc(F)cc1,8.886056647693163,1,0.0,2002,2002,2002,IC50,B,1
HHQOEPKLIPHRNY-UHFFFAOYSA-N,CN(CC(c1cccc2c1OCO2)N1CCN(C2CCCCC2)CC1)C(=O)Cc1cc(C(F)(F)F)cc(C(F)(F)F)c1,8.886056647693163,1,0.0,2000,2000,2000,IC50,B,1
FRDDXKUSVLZWRL-BERJDBMDSA-N,CO/N=C(\CN(C)C(=O)c1cc(Cl)cc(Cl)c1)[C@H](CCN1CCC(n2c(=O)n(CC(=O)O)c3ccccc32)CC1)c1ccc(Cl)c(Cl)c1,8.886056647693163,1,0.0,2002,2002,2002,Ki,B,1
AXOFNMUYIHBQIG-HSMZZXILSA-N,CO/N=C(\CN(C)C(=O)c1cc(Cl)cc(Cl)c1)[C@H](CCN1CCC(n2c(=O)n(CC(=O)OC)c3ccccc32)CC1)c1ccc(Cl)c(Cl)c1,8.886056647693163,1,0.0,2002,2002,2002,Ki,B,1
UITMLIVWRRGLLR-SUFYPKAWSA-N,CNC(=O)C[C@H]1CCCN(C2CCN(CC[C@@H](/C(CN(C)C(=O)c3cc(Cl)cc(Cl)c3)=N/OC)c3ccc(Cl)c(Cl)c3)CC2)C1=O,8.886056647693163,1,0.0,2002,2002,2002,Ki,B,1
IGCPWDNMPNIUIJ-UHFFFAOYSA-N,Cc1ccccc1-c1c(C(=O)N(C)Cc2cc(C(F)(F)F)cc(C(F)(F)F)c2)n(C)c(=O)c2ccccc12,8.886056647693163,1,0.0,1995,1995,1995,IC50,B,1
VJYRMMZALMMXPM-UHFFFAOYSA-N,Cc1ccccc1-c1cc(N2CCS(=O)(=O)CC2)ncc1N(C)C(=O)C(C)(C)c1cc(C(F)(F)F)cc(C(F)(F)F)c1,8.886056647693163,1,0.0,2006,2006,2006,Ki,B,1
WBCFUQRECRQFHU-XYHYBEPMSA-N,C[C@@H](OC[C@]1(c2ccccc2)C[C@](N)(C(=O)N2CCCCC2)C1)c1cc(C(F)(F)F)cc(C(F)(F)F)c1,8.886056647693163,1,0.0,2006,2006,2006,Ki,B,1
HPUOJOVHXLUXCC-VEYWIMSWSA-N,C[C@@H](OC[C@]1(c2ccccc2)C[C@](N)(C(=O)N2CCCC2)C1)c1cc(C(F)(F)F)cc(C(F)(F)F)c1,8.886056647693163,1,0.0,2006,2006,2006,Ki,B,1
XRGRBIWYLQEBSZ-QJJJLASOSA-N,C[C@@H](O[C@H]1CC[C@@H](N)[C@@H]1c1ccc(F)cc1)c1cc(C(F)(F)F)cc(C(F)(F)F)c1,8.886056647693163,1,0.0,2006,2006,2006,IC50,B,1
FJLCUOVCNWYREI-GBRSUSRYSA-N,C[C@@H](O[C@@H]1[C@@H](c2ccccc2)CN2C(=O)OC[C@@H]12)c1cc(C(F)(F)F)cc(C(F)(F)F)c1,8.886056647693163,1,0.0,2008,2008,2008,IC50,B,1
LIDGXLMPYMRQQO-QHCPKHFHSA-N,Cc1cc(F)ccc1-c1cc(N2CCN(S(C)(=O)=O)C[C@H]2CO)ncc1N(C)C(=O)C(C)(C)c1cc(C(F)(F)F)cc(C(F)(F)F)c1,8.886056647693163,3,0.7343366620529459,2012,2012,2012,Kd;Ki,B,1
GVVCESGMKYLPQX-SAYCYBPYSA-N,CNC(=O)C[C@H]1CCCN(C2CCN(CC[C@@H](/C(CN(C)C(=O)c3cc(Cl)cc(Cl)c3)=N/OC)c3ccc(Cl)c(Cl)c3)CC2)C1,8.886056647693163,1,0.0,2019,2019,2019,Ki,B,1
GBLKXDMYYHFUTP-SAYLLPIZSA-N,C[C@@H](O[C@H]1CN2C(=O)C=C(C3=CCOCC3)CC2[C@@H]1c1ccc(F)cc1)c1cc(C(F)(F)F)cc(C(F)(F)F)c1,8.881228130928562,2,1.2211725116242726,2010,2010,2010,IC50,B,1
LXMAOJWNEOEBSU-LJQANCHMSA-N,Cc1cc(F)ccc1-c1cc(N2CCC([C@@H](C)C(=O)O)CC2)nc(C#N)c1N(C)C(=O)C(C)(C)c1cc(C(F)(F)F)cc(C(F)(F)F)c1,8.87942606879415,1,0.0,2018,2018,2018,IC50,B,1
BMQGHJWOPAPENX-SAYLLPIZSA-N,C[C@@H](O[C@H]1CN2C(=O)C=C(N3CCC(O)CC3)CC2[C@@H]1c1ccc(F)cc1)c1cc(C(F)(F)F)cc(C(F)(F)F)c1,8.877243666092925,2,1.299147986828311,2010,2010,2010,IC50,B,1
NOIBJKOGTIRXOG-CDKLIATISA-N,CCCC[C@H](NC(=O)[C@H](Cc1ccccc1)NC(=O)CNC(=O)[C@@H](C)NC(=O)[C@@H](N)Cc1c(C)cc(O)cc1C)C(=O)N1CCC[C@H]1C(=O)N[C@@H](CC(C)C)C(=O)N[C@@H](Cc1c[nH]c2ccccc12)C(=O)NCc1ccc(OC)c(OC)c1,8.861166747344193,2,0.2278434483355013,2011,2011,2011,IC50;Ki,B,1
AEGNZBVDAJJKQJ-UHFFFAOYSA-N,CN(C(=O)C(C)(C)c1cc(C(F)(F)F)cc(C(F)(F)F)c1)c1cnc(N(CCO)CCCO)cc1-c1ccccc1Cl,8.860120913598763,1,0.0,2010,2010,2010,Ki,B,1
VRMFBPOHKMSMRD-OCZFFWILSA-N,CCCCCN(CCCCC)C(=O)[C@H]1CCN(C(=O)N(c2ccccc2)c2cccc(Cl)c2)[C@H](C(=O)NCCN(C)Cc2ccccc2OC)C1,8.853871964321762,1,0.0,1995,1995,1995,IC50,B,1
KKLMRJSMWOEEFA-OAQYLSRUSA-N,CN(C(=O)c1cc(C(F)(F)F)cc(C(F)(F)F)c1)N(CCC(=O)N[C@@H]1CCCCNC1=O)Cc1ccc(Cl)c(Cl)c1,8.853871964321762,1,0.0,2001,2001,2001,IC50,B,1
GXDHHASFXFRRTG-UHFFFAOYSA-N,CN(C)Cc1n[nH]nc1CN1CCOC2(CCC(c3ccccc3OC(F)(F)F)CO2)C1c1ccc(F)cc1,8.853871964321762,1,0.0,2002,2002,2002,IC50,B,1
LGRZXLNZPQHKJH-UHFFFAOYSA-N,CN(CC(c1cccc(C(F)(F)F)c1F)N1CCC(N2CCCCC2)CC1)C(=O)Cc1cc(C(F)(F)F)cc(C(F)(F)F)c1,8.853871964321762,1,0.0,2000,2000,2000,IC50,B,1
PNZHOGAGCLLDMM-UHFFFAOYSA-N,Cc1c(F)cccc1C(CN(C)C(=O)Cc1cc(C(F)(F)F)cc(C(F)(F)F)c1)N1CCC(N2CCCCC2)CC1,8.853871964321762,1,0.0,2000,2000,2000,IC50,B,1
YOMKURGHXWLZFQ-UHFFFAOYSA-N,CC(C)N1CCN(C(CN(C)C(=O)Cc2cc(C(F)(F)F)cc(C(F)(F)F)c2)c2cccc3c2OCO3)CC1,8.853871964321762,1,0.0,2000,2000,2000,IC50,B,1
XXLWKVFZMJRQTD-GOSISDBHSA-N,CN(Cc1nc[nH]n1)[C@H](COCc1cc(C(F)(F)F)cc(C(F)(F)F)c1)c1ccccc1,8.853871964321762,1,0.0,1998,1998,1998,IC50,B,1
LENPPWYNSXXLIB-UHFFFAOYSA-N,Cc1ccccc1-c1cc(N2CCN(C)CC2)ccc1C(=O)N(C)Cc1cc(C(F)(F)F)cc(C(F)(F)F)c1,8.853871964321762,1,0.0,2006,2006,2006,Ki,B,1
CPYUQXLLIOFGQM-LMIIYESCSA-N,C[C@@H](O[C@H]1CC[C@@H](N(C)c2cnccn2)[C@@H]1c1ccc(F)cc1)c1cc(C(F)(F)F)cc(C(F)(F)F)c1,8.853871964321762,1,0.0,2006,2006,2006,IC50,B,1
IRIFESWSRQBRPW-CKWXOEDFSA-N,CC(C)C[C@H](NC(=O)[C@@H]1CCCN1C(=O)[C@H](Cc1ccccc1)NC(=O)CNC(=O)[C@@H](C)NC(=O)[C@@H](N)Cc1ccc(O)cc1)C(=O)N[C@@H](Cc1c[nH]c2ccccc12)C(=O)N(C)Cc1cc(C(F)(F)F)cc(C(F)(F)F)c1,8.853871964321762,1,0.0,2008,2008,2008,Ki,B,1
MUTUVLXBJKMVKT-RPBOFIJWSA-N,CC(=O)N1CCN(C(=O)N2C[C@H](c3ccc(F)cc3)[C@@H](N(C)C(=O)C(C)(C)c3cc(C(F)(F)F)cc(C(F)(F)F)c3)C2)CC1,8.853871964321762,1,0.0,2010,2010,2010,Ki,B,1
CLBCWRSUIAHSED-ROUUACIJSA-N,COc1ccc(-n2nnnc2C(F)(F)F)cc1CN[C@H]1CCNC[C@H]1c1ccccc1,8.853871964321762,1,0.0,2011,2011,2011,IC50,B,1
UQHGZONWCQCFEK-WYLKAJGDSA-N,Cc1cc(O)cc(C)c1C[C@H](N)C(=O)N[C@@H](C)C(=O)NCC(=O)N[C@@H](Cc1ccccc1)C(=O)N1CCC[C@H]1C(=O)N[C@@H](CC(C)C)C(=O)N[C@@H](Cc1c[nH]c2ccccc12)C(=O)NCc1cc(C(F)(F)F)cc(C(F)(F)F)c1,8.853871964321762,1,0.0,2015,2015,2015,Ki,B,1
GXDHHASFXFRRTG-JSRBVGTNSA-N,CN(C)Cc1[nH]nnc1CN1CCO[C@@]2(CC[C@@H](c3ccccc3OC(F)(F)F)CO2)[C@@H]1c1ccc(F)cc1,8.853871964321762,1,0.0,2021,2021,2021,IC50,B,1
GVSFXLQJDMIWHM-PPMPQVTDSA-N,C/C(CCCN1CCN(C(=O)c2cc(C(F)(F)F)cc(C(F)(F)F)c2)[C@H](Cc2c[nH]c3ccccc23)C1)=N/OCCN1CCOCC1,8.849972501669184,2,0.07071317876353711,2006,2006,2006,Kd;Ki,B;F,1
GOGKJDVLLWOPKW-YXHYVMOGSA-N,C/C(CN1CCN(C(=O)c2cc(C(F)(F)F)cc(C(F)(F)F)c2)[C@H](Cc2c[nH]c3ccccc23)C1)=N/OCCCN1CCOCC1,8.849972501669184,2,1.343500383609558,2006,2006,2006,Kd;Ki,B;F,1
PXZTVHCMFSPYCK-VMPREFPWSA-N,Cc1cc(C)cc(CO[C@H]2C3CCN(CC3)[C@H]2C(c2ccccc2)c2ccccc2)c1,8.84948500216801,6,1.1977597065399455,1993,1998,1995,IC50,B,4
ANWNICGWIMZWIK-UPKFDLETSA-N,CCCC[C@@H](C(=O)N1CCC[C@H]1C(=O)N[C@@H](CC(C)C)C(=O)N[C@@H](Cc1c[nH]c2ccccc12)C(=O)OCc1cc(C(F)(F)F)cc(C(F)(F)F)c1)N(C)C(=O)[C@H](Cc1ccccc1)NC(=O)CNC(=O)[C@@H](C)NC(=O)[C@@H](N)Cc1ccc(O)cc1,8.844373197616767,2,0.43044199513038045,2007,2007,2007,IC50;Ki,B,1
XWKRGOSWJRGUHN-UHFFFAOYSA-N,Cc1cc(F)ccc1-c1cc(C2CCC(C(=O)O)CC2)ncc1N(C)C(=O)C(C)(C)c1cc(C(F)(F)F)cc(C(F)(F)F)c1,8.838631997765026,2,0.0,2017,2018,2017,IC50,B,2
HTNOITRQNGWBCW-CYLPJFJESA-N,CC(C)C[C@H](NC(=O)[C@@H]1CCCN1C(=O)[C@H](CC(C)C)NC(=O)[C@H](Cc1ccccc1)NC(=O)CNC(=O)[C@@H](C)NC(=O)[C@@H](N)Cc1ccc(O)cc1)C(=O)N[C@@H](Cc1c[nH]c2ccccc12)C(=O)OCc1cc(C(F)(F)F)cc(C(F)(F)F)c1,8.833417478728059,2,0.37263471556283,2007,2007,2007,IC50;Ki,B,1
DDUYZUHEHGIESX-KOKNPPTNSA-N,CCCC[C@H](NC(=O)[C@H](Cc1ccccc1)NC(=O)CNC(=O)[C@@H](C)NC(=O)[C@@H](N)Cc1c(C)cc(O)cc1C)C(=O)N1CCC[C@H]1C(=O)N[C@@H](CC(C)C)C(=O)N[C@@H](Cc1c[nH]c2ccccc12)C(=O)NCc1cccc(C(F)(F)F)c1,8.829976341169303,2,0.2404497642426667,2011,2011,2011,IC50;Ki,B,1
UCNRXWCDRMHTEI-UHFFFAOYSA-N,COc1ccc(-c2[nH]c3ccc(C)cc3c2CCC(=O)N2CCN(c3ccccc3OC)CC2)cc1,8.823908740944319,1,0.0,2001,2001,2001,IC50,B,1
XRDBPVZKKASWBW-SMTCOIIISA-N,CN(C/C(=N\OCC#N)C(CCN1CCC(N2CCCCC2=O)CC1)c1ccc(Cl)c(Cl)c1)C(=O)c1cc(Cl)cc(Cl)c1,8.823908740944319,1,0.0,2002,2002,2002,Ki,B,1
JNEKMFLSGNIIOD-UHFFFAOYSA-N,CN(CC(c1ccc(F)cc1Cl)N1CCC(N2CCCCC2)CC1)C(=O)Cc1cc(C(F)(F)F)cc(C(F)(F)F)c1,8.823908740944319,1,0.0,2000,2000,2000,IC50,B,1
LLCSACQWSCTAJV-UHFFFAOYSA-N,COc1cccc(C(CNC(=O)Cc2cc(C(F)(F)F)cc(C(F)(F)F)c2)N2CCC(N3CCCCC3)CC2)c1,8.823908740944319,1,0.0,2000,2000,2000,IC50,B,1
QBQWUWIDZFTTLW-KTPANICASA-N,CO/N=C(\CN(C)C(=O)c1cc(Cl)cc(Cl)c1)[C@H](CCN1CCC(n2c(=O)n(C)c3ccccc32)CC1)c1ccc(Cl)c(Cl)c1,8.823908740944319,1,0.0,2002,2002,2002,Ki,B,1
AHNDXCBZSBFXRZ-QGZVFWFLSA-N,CN(Cc1n[nH]c(O)n1)[C@H](COCc1cc(Cl)cc(Cl)c1)c1ccccc1,8.823908740944319,1,0.0,1998,1998,1998,IC50,B,1
UJOSAVYAWJYRDR-UHFFFAOYSA-N,CN(C(=O)c1cc(C(F)(F)F)cc(C(F)(F)F)c1)c1cc(C(=O)NC2CCCCNC2=O)ccc1-c1ccccc1,8.823908740944319,1,0.0,2002,2002,2002,IC50,B,1
FXOAHCXJKCBQBU-ADLMAVQZSA-N,C[C@@H](OC[C@@]1(c2ccc(F)cc2)CNC(=O)N1)c1cc(C(F)(F)F)cc(C(F)(F)F)c1,8.823908740944319,1,0.0,2006,2006,2006,Ki,B,1
AKDFSCPPNYDWHG-LGBGJOJZSA-N,O=C1CN([C@H]2CC[C@](c3ccccc3)(N3CCCC(c4cc(C(F)(F)F)cc(C(F)(F)F)c4)C3=O)CC2)CCN1c1ccccc1,8.823908740944319,1,0.0,2006,2006,2006,IC50,B,1
UZFWWSXEIJUCEB-UHFFFAOYSA-N,Cn1nnc(C2(F)CC3(c4ccccc4)NC2CCC3OCc2cc(C(F)(F)F)cc(C(F)(F)F)c2)n1,8.823908740944319,1,0.0,2006,2006,2006,IC50,B,1
XFSJGZVARSALDD-KGSLCBSSSA-N,O=C1CC[C@@H](CN[C@@H]2CC[C@H](OCc3cc(C(F)(F)F)cc(C(F)(F)F)c3)[C@H]2c2ccccc2)N1,8.823908740944319,1,0.0,2006,2006,2006,IC50,B,1
FJLCUOVCNWYREI-HAFFEQERSA-N,C[C@@H](O[C@@H]1[C@@H](c2ccccc2)CN2C(=O)OC[C@H]12)c1cc(C(F)(F)F)cc(C(F)(F)F)c1,8.823908740944319,1,0.0,2008,2008,2008,IC50,B,1
XXPXQEQOAZMUDD-HOTGVXAUSA-N,NC(=O)[C@H](Cc1ccccc1)NC(=O)[C@@H](N)Cc1ccccc1,8.823908740944319,2,0.0,2014,2014,2014,Ki,B,1
CCRJBODRXVWELY-TYHVNVTKSA-N,CC(=O)C1CCC(C(=O)N2CC(c3ccc(Cl)c(Cl)c3)[C@H](N(C)C(=O)c3cc(C(F)(F)F)cc(C(F)(F)F)c3)C2)CC1,8.823908740944319,1,0.0,2013,2013,2013,IC50,B,1
ZAFKYFNYLKNJME-LARMGAJPSA-N,C[C@@H](O[C@H]1CN2C(=O)C=C(C3=CCC(O)CC3)CC2[C@@H]1c1ccc(F)cc1)c1cc(C(F)(F)F)cc(C(F)(F)F)c1,8.815392071294928,2,1.3142787600513617,2010,2010,2010,IC50,B,1
BPOJDIXXCVFYFB-UHFFFAOYSA-N,COc1ccccc1CN(CC(Cc1c[nH]c2ccccc12)NC(=O)CN1CCN(c2ccccc2)CC1)C(=O)CN(C)C,8.812479279163536,1,0.0,1996,1996,1996,IC50,B,1
DGDAEJXIYKFTSC-UHFFFAOYSA-N,Cc1cc(F)ccc1-c1cc(N2CCC3(CC2)OCCS3(=O)=O)ncc1N(C)C(=O)C(C)(C)c1cc(C(F)(F)F)cc(C(F)(F)F)c1,8.811711521471743,2,0.05962387007415119,2012,2012,2012,Ki,B,1
WLUJISQNPCWVHU-UHFFFAOYSA-N,CN(C)Cc1nc2ccccc2c(-c2ccccc2)c1C(=O)NCc1cc(C(F)(F)F)cc(C(F)(F)F)c1,8.808092317009784,2,1.201353211098537,2004,2004,2004,IC50,B,1
XDFFVHQCALIXPH-HXUWFJFHSA-N,CN(C(=O)C(C)(C)c1cc(C(F)(F)F)cc(C(F)(F)F)c1)c1cnc(N2CCC[C@@H]2CO)cc1-c1ccccc1Cl,8.801342913045577,1,0.0,2010,2010,2010,Ki,B,1
HATNRBQJMSRMEP-RPWUZVMVSA-N,CN(C(=O)C(C)(C)c1cc(C(F)(F)F)cc(C(F)(F)F)c1)c1cnc(N2CC[C@H](O)[C@H]2CO)cc1-c1ccccc1Cl,8.801342913045577,1,0.0,2010,2010,2010,Ki,B,1
XPQVVEFXDFZVJS-UHFFFAOYSA-N,FC(F)(F)c1cc(COCC(c2cccc(Cl)c2)N2CCNCC2)cc(C(F)(F)F)c1,8.79997073344623,2,0.0,2002,2003,2002,IC50;Ki,B,2
PDKAKBKHMCQDHQ-UHFFFAOYSA-N,C=Cc1cccc(C(COCc2cc(C(F)(F)F)cc(C(F)(F)F)c2)N2CCNCC2)c1C=C,8.79997073344623,1,0.0,2003,2003,2003,Ki,B,1
YMPYNBMELXUYDF-UHFFFAOYSA-N,CN1CCN(C(COCc2cc(C(F)(F)F)cc(C(F)(F)F)c2)c2ccccc2)CC1,8.79997073344623,1,0.0,2003,2003,2003,Ki,B,1
ZVICQCCUPPVYMV-UHFFFAOYSA-N,FC(F)(F)c1cc(COCC(c2ccccc2Cl)N2CCNCC2)cc(C(F)(F)F)c1,8.79997073344623,2,0.0,2002,2003,2002,IC50;Ki,B,2
LMKMRFFYQLXLLE-UHFFFAOYSA-N,O=C1CCC(CCN2CC(N3CCC(O)CC3)C2)(c2ccc(Cl)c(Cl)c2)CN1CC1CC1,8.79997073344623,1,0.0,2002,2002,2002,Kd,B,1
NMGGACXWAFDXAC-UHFFFAOYSA-N,CC(=O)N1CCN(C2CN(CCC3(c4ccc(Cl)c(Cl)c4)CCC(=O)N(Cc4ccccc4)C3)C2)CC1,8.79997073344623,1,0.0,2002,2002,2002,Kd,B,1
RFSNGIFDMPUEFP-YXHYVMOGSA-N,C/C(CN1CCN(C(=O)c2cc(C(F)(F)F)cc(C(F)(F)F)c2)[C@H](Cc2c[nH]c3ccccc23)C1)=N/OCCN1CCN(C)CC1,8.79997073344623,2,0.0,2006,2006,2006,Kd;Ki,B;F,1
BYYQYXVAWXAYQC-IBGZPJMESA-N,CC(=O)N[C@@H](Cc1c[nH]c2ccccc12)C(=O)OCc1cc(C(F)(F)F)cc(C(F)(F)F)c1,8.795880017344075,24,1.526370271371692,1993,2016,2007,IC50;Kd;Ki,B;F,15
ULGRQLVPRVAYJC-QPTNECHASA-N,CC(C(=O)N[C@]1(c2ccccc2)CC[C@@H](N2CCC(=O)CC2)CC1)c1cc(C(F)(F)F)cc(C(F)(F)F)c1,8.795880017344075,1,0.0,2002,2002,2002,IC50,B,1
IILGQXXXFXWYDL-ZSJGZSGZSA-N,CN(C/C(=N\OCCCn1ccnc1)C(CCN1CCC(N2CCCCC2=O)CC1)c1ccc(Cl)c(Cl)c1)C(=O)c1cc(Cl)cc(Cl)c1,8.795880017344075,1,0.0,2002,2002,2002,Ki,B,1
OMLNPCUJLGBVNZ-UHFFFAOYSA-N,O=C(Cc1cc(C(F)(F)F)cc(C(F)(F)F)c1)NCC(c1cccc2c1OCO2)N1CCC(N2CCCCC2)CC1,8.795880017344075,1,0.0,2000,2000,2000,IC50,B,1
NRUOJZQFHLBZAO-UHFFFAOYSA-N,O=C(Cc1cc(C(F)(F)F)cc(C(F)(F)F)c1)NCC(c1cccc2c1OCO2)N1CCN(C2CCCCC2)CC1,8.795880017344075,1,0.0,2000,2000,2000,IC50,B,1
OFUFYXNPWNFQBY-MOYQKVPZSA-N,CCOC(=O)[C@@H](Cc1ccc(O)cc1)N1CCCN(C2CCN(CC[C@@H](/C(CN(C)C(=O)c3cc(Cl)cc(Cl)c3)=N/OC)c3ccc(Cl)c(Cl)c3)CC2)C1=O,8.795880017344075,1,0.0,2002,2002,2002,Ki,B,1
HKQKWZAMVUVBGL-VQTJNVASSA-N,COC(=O)CN1CCO[C@H](OCc2cc(C(F)(F)F)cc(C(F)(F)F)c2)[C@@H]1c1ccccc1,8.795880017344075,1,0.0,1996,1996,1996,IC50,B,1
BYYQYXVAWXAYQC-LJQANCHMSA-N,CC(=O)N[C@H](Cc1c[nH]c2ccccc12)C(=O)OCc1cc(C(F)(F)F)cc(C(F)(F)F)c1,8.795880017344075,1,0.0,2004,2004,2004,IC50,B,1
FULCONZCBWSUCG-UHFFFAOYSA-N,O=C1NC(COCc2cc(C(F)(F)F)cc(C(F)(F)F)c2)(c2ccc(F)cc2)CN1CCN1CCCC1,8.795880017344075,1,0.0,2006,2006,2006,Ki,B,1
GYOWORZEZSLHIN-NATPVWCTSA-N,CC(C)C[C@H](NC(=O)[C@@H]1CCCN1C(=O)[C@H](Cc1ccccc1)NC(=O)CNC(=O)[C@@H](C)NC(=O)[C@@H](N)Cc1ccc(O)cc1)C(=O)N[C@@H](Cc1c[nH]c2ccccc12)C(=O)N(C)Cc1ccccc1,8.795880017344075,1,0.0,2008,2008,2008,Ki,B,1
KTODEUPKAOVPQF-UHFFFAOYSA-N,CCN(CC)c1cc(C(F)(F)F)cc(COCC2(c3ccc(F)cc3)CCN(C)CC2)n1,8.795880017344075,1,0.0,2013,2013,2013,IC50,B,1
KNNCZVVJJSCZNH-KOLUZXRDSA-N,CC(C)C[C@H](NC(=O)[C@@H]1CCCN1C(=O)[C@H](Cc1ccccc1)NC(=O)[C@H](Cc1ccccc1)NC(=O)CNC(=O)[C@@H](C)NC(=O)[C@@H](N)Cc1ccc(O)cc1)C(=O)N[C@@H](Cc1c[nH]c2ccccc12)C(=O)OCc1cc(C(F)(F)F)cc(C(F)(F)F)c1,8.792774059174935,2,0.37157509398227473,2007,2007,2007,IC50;Ki,B,1
JTHFKRBAGMFRLP-MXVIHJGJSA-N,Cc1cc(F)ccc1-c1cc([C@H]2CC[C@H](CC(=O)O)CC2)ncc1N(C)C(=O)C(C)(C)c1cc(C(F)(F)F)cc(C(F)(F)F)c1,8.790484985457368,2,0.0,2017,2018,2017,IC50,B,2
LTADAMQMJJDFJM-UHFFFAOYSA-N,Cc1cc(F)ccc1-c1cc(C2CCC3(CC2)CC3C(=O)O)ncc1N(C)C(=O)C(C)(C)c1cc(C(F)(F)F)cc(C(F)(F)F)c1,8.787812395596042,2,0.0,2017,2018,2017,IC50,B,2
HCGIROBRNBTDFG-NRFANRHFSA-N,Cc1cc(F)ccc1-c1cc(N2CC[C@H](O)C2)ncc1N(C)C(=O)C(C)(C)c1cc(C(F)(F)F)cc(C(F)(F)F)c1,8.781918676479622,2,0.14727333124820904,2012,2012,2012,Ki,B,1
HOXMJKBXEYOSML-UHFFFAOYSA-N,CN(Cc1cc(C(F)(F)F)cc(C(F)(F)F)c1)C(=O)c1cnc2ccccc2c1-c1ccccc1,8.779545458967391,2,2.465445577240227,2004,2011,2007,IC50,B,2
LAMLXQZWIGWWGU-UHFFFAOYSA-N,COc1cc(C)cc(COC2C3CCN(CC3)C2C(c2ccccc2)c2ccccc2)c1,8.772577569995745,2,0.07259323812796481,1995,1995,1995,IC50,B,1
KKMJMRIMFVWKOG-ZVQSSFJBSA-N,C[C@@H](O[C@H]1CC[C@@H]2CN(C3=CC(=O)CCC3)C[C@H]2[C@@H]1c1ccc(F)cc1)c1cc(C(F)(F)F)cc(C(F)(F)F)c1,8.771816983435478,2,1.5757728449272619,2009,2009,2009,IC50,B,1
OEIBCTIWBPBZIV-YALZGCRRSA-N,Fc1ccc(C2CCN([C@H]3CC[C@](CNCc4cc(C(F)(F)F)cc(C(F)(F)F)c4)(c4ccccc4)CC3)CC2)cc1,8.769551078621726,1,0.0,2002,2002,2002,IC50,B,1
ORGFGKWLZWRNKO-UHFFFAOYSA-N,Oc1n[nH]c(CN2CCC(COCc3cc(C(F)(F)F)cc(C(F)(F)F)c3)(c3ccccc3)CC2)n1,8.769551078621726,1,0.0,1998,1998,1998,IC50,B,1
FELFRZJBPKZKAO-NXEFEZKASA-N,CN(C/C(=N\OC(F)F)C(CCN1CCC(N2CCCCC2=O)CC1)c1ccc(Cl)c(Cl)c1)C(=O)c1cc(Cl)cc(Cl)c1,8.769551078621726,1,0.0,2002,2002,2002,Ki,B,1
IVKBBTLEZLRUHI-ZSJGZSGZSA-N,CN(C/C(=N\OCCCn1cccn1)C(CCN1CCC(N2CCCCC2=O)CC1)c1ccc(Cl)c(Cl)c1)C(=O)c1cc(Cl)cc(Cl)c1,8.769551078621726,1,0.0,2002,2002,2002,Ki,B,1
UVKFZSYMLITLDR-UHFFFAOYSA-N,Cn1c(-c2ccc(Cl)cc2)c(CCC(=O)N2CCC(O)(Cc3ccccc3)CC2)c2cc(-c3ccccn3)ccc21,8.769551078621726,1,0.0,2001,2001,2001,IC50,B,1
XISNOFDWXKRFRH-UHFFFAOYSA-N,CN(CC(c1ccc(F)c(Cl)c1)N1CCC(N2CCCCC2)CC1)C(=O)Cc1cc(C(F)(F)F)cc(C(F)(F)F)c1,8.769551078621726,1,0.0,2000,2000,2000,IC50,B,1
KBPNMQPYRYNDHB-UHFFFAOYSA-N,O=C(Cc1cc(C(F)(F)F)cc(C(F)(F)F)c1)NCC(c1ccc(F)cc1Cl)N1CCC(N2CCCCC2)CC1,8.769551078621726,1,0.0,2000,2000,2000,IC50,B,1
WSPLCAUPQZBNRC-UHFFFAOYSA-N,O=C(Cc1cc(C(F)(F)F)cc(C(F)(F)F)c1)NCC(c1cccc(C(F)(F)F)c1F)N1CCC(N2CCCCC2)CC1,8.769551078621726,1,0.0,2000,2000,2000,IC50,B,1
RGYAEWZDVHSMCE-ACHIHNKUSA-N,CN(Cc1ccccc1)C(=O)[C@H](Cc1ccc2ccccc2c1)N(C)C(=O)[C@@H]1CCCN1/C(S)=N/Cc1ccccc1Cl,8.769551078621726,1,0.0,1998,1998,1998,Ki,B,1
NFMRLIYGGXGINK-CONSDPRKSA-N,CN(Cc1ccccc1)C(=O)[C@H](Cc1ccc2ccccc2c1)NC(=O)[C@@H]1CCCN1C(=O)Nc1ccccc1CO,8.769551078621726,1,0.0,1998,1998,1998,Ki,B,1
AIYKBTXDRPARHM-MHZLTWQESA-N,CS(=O)(=O)N1CC2(CCN(C(=O)[C@H](COCc3ccc(Cl)c(Cl)c3)NCc3ccc(Cl)c(Cl)c3)CC2)c2ccccc21,8.769551078621726,1,0.0,1998,1998,1998,IC50,B,1
CJCJGNDYISQCMT-JLTOFOAXSA-N,CCN1C[C@@](CO[C@H](C)c2cc(C(F)(F)F)cc(C(F)(F)F)c2)(c2ccccc2)NC1=O,8.769551078621726,1,0.0,2006,2006,2006,Ki,B,1
SONFWIYUKIBJQD-UHFFFAOYSA-N,Cc1ccccc1-c1nc(N2CCN(C)CC2)ncc1C(=O)N(C)Cc1cc(C(F)(F)F)cc(C(F)(F)F)c1,8.769551078621726,1,0.0,2006,2006,2006,Ki,B,1
FMOSQGKXVTZCKM-UHFFFAOYSA-N,Cc1ccccc1-c1cnc(N2CCN(C)CC2)cc1N(C)C(=O)C(C)(C)c1cc(C(F)(F)F)cc(C(F)(F)F)c1,8.769551078621726,1,0.0,2006,2006,2006,Ki,B,1
NSRJRZGIVAVYNI-UDKJZQBVSA-N,CCc1c(C#N)cc2ccccc2c1C(=O)N(C)C[C@@H](CCN1CCC(c2ccccc2[S@+](C)[O-])CC1)c1ccc(Cl)c(Cl)c1,8.767003889607846,5,0.45879892517817134,2004,2004,2004,Ki,B,1
MSGGUBXMXWEJRT-UHFFFAOYSA-N,CN(C(=O)C(C)(C)c1cc(C(F)(F)F)cc(C(F)(F)F)c1)c1cnc(N2CCCC(O)C2)cc1-c1ccccc1Cl,8.76447155309245,1,0.0,2010,2010,2010,Ki,B,1
ARDKXDPBRYTTRZ-AREMUKBSSA-N,COc1ccccc1CNCCNC(=O)N1CCN(C(=O)c2cc(C(F)(F)F)cc(C(F)(F)F)c2)[C@H](Cc2c[nH]c3ccccc23)C1,8.749977317413489,2,0.21212772450993628,2006,2006,2006,Kd;Ki,B;F,1
CIWIXAWBOUWNQK-UHFFFAOYSA-N,Cc1cc(F)ccc1-c1cc(C2CCC(CCC(=O)O)CC2)ncc1N(C)C(=O)C(C)(C)c1cc(C(F)(F)F)cc(C(F)(F)F)c1,8.749579997691106,2,0.0,2017,2018,2017,IC50,B,2
RKCYJNRDUDBTDT-QFIPXVFZSA-N,CN(C)CCC(=O)N[C@@H](Cc1c[nH]c2ccccc12)C(=O)CCc1cc(C(F)(F)F)cc(C(F)(F)F)c1,8.744727494896694,1,0.0,1995,1995,1995,IC50,B,1
PYMQWQVPOYGEIM-WNOXWKSXSA-N,CCCCCN(CCCCC)C(=O)[C@H]1CCN(C(=O)N(c2ccccc2)c2ccccc2)[C@H](C(=O)NCCN(C)Cc2ccccc2OC)C1,8.744727494896694,1,0.0,1995,1995,1995,IC50,B,1
DGQXYBVOJPZERV-WNOXWKSXSA-N,CCCCCN(CCCCC)C(=O)[C@H]1CCN(C(=O)N(c2ccccc2)c2cccc(Cl)c2)[C@H](C(=O)NCCN(CC(N)=O)C(=O)OCc2ccccc2)C1,8.744727494896694,1,0.0,1995,1995,1995,IC50,B,1
FMUYAOWYCYBIIW-WNOXWKSXSA-N,CCCCCN(CCCCC)C(=O)[C@H]1CCN(C(=O)N(c2ccccc2)c2ccccc2)[C@H](C(=O)NCCN(CC(N)=O)Cc2ccccc2OC)C1,8.744727494896694,1,0.0,1995,1995,1995,IC50,B,1
WSYQSMJFBSIBRN-GDLZYMKVSA-N,O=C(c1cc(C(F)(F)F)cc(C(F)(F)F)c1)N1CCN(C(=O)CNC2CCN(Cc3ccccc3)CC2)[C@@H](c2ccc(Cl)c(Cl)c2)C1,8.744727494896694,1,0.0,2002,2002,2002,Ki,B,1
MUQJKGMXKAWCJF-UHFFFAOYSA-N,Cc1cc(C)cc(C(=O)N2CCN(C(=O)CNC3CCN(Cc4ccccc4)CC3)C(c3ccc(Cl)c(Cl)c3)C2)c1,8.744727494896694,1,0.0,2002,2002,2002,Ki,B,1
JVOPERVUZMQBMU-UHFFFAOYSA-N,Cc1ccc(-c2c3n(c(=O)c4ncccc24)CCCCCN(Cc2cc(C(F)(F)F)cc(C(F)(F)F)c2)C3=O)cc1,8.744727494896694,1,0.0,1999,1999,1999,IC50,B,1
LNPDKRVLLDZCOU-UHFFFAOYSA-N,O=C(Cc1cccnc1)N1CCC(COCc2cc(C(F)(F)F)cc(C(F)(F)F)c2)(c2ccccc2)CC1,8.744727494896694,1,0.0,1998,1998,1998,IC50,B,1
DSJXYWZMYCYKLU-UHFFFAOYSA-N,O=C(Cc1ccccn1)N1CCC(COCc2cc(C(F)(F)F)cc(C(F)(F)F)c2)(c2ccccc2)CC1,8.744727494896694,1,0.0,1998,1998,1998,IC50,B,1
BLCJVLIDZWMARY-UHFFFAOYSA-N,FC(F)(F)c1cc(COCC2(c3ccccc3)CCN(Cc3nc[nH]n3)CC2)cc(C(F)(F)F)c1,8.744727494896694,1,0.0,1998,1998,1998,IC50,B,1
HLBLLGYOMVQROQ-BZDUDJNJSA-N,CN(C/C(=N\OCCC[N+](C)(C)C)C(CCN1CCC(N2CCCCC2=O)CC1)c1ccc(Cl)c(Cl)c1)C(=O)c1cc(Cl)cc(Cl)c1,8.744727494896694,1,0.0,2002,2002,2002,Ki,B,1
OGCFGCUAWCRMRJ-FPOVZHCZSA-N,NC(=O)CCN1CCC[C@H](OCc2cc(C(F)(F)F)cc(C(F)(F)F)c2)[C@@H]1c1ccccc1,8.744727494896694,1,0.0,1995,1995,1995,IC50,B,1
CZRKPNIVWXQJEF-UHFFFAOYSA-N,CN(CC(c1ccc(F)c(F)c1F)N1CCC(N2CCCCC2)CC1)C(=O)Cc1cc(C(F)(F)F)cc(C(F)(F)F)c1,8.744727494896694,1,0.0,2000,2000,2000,IC50,B,1
XTGGBXGXBHZDDH-UHFFFAOYSA-N,CN(CC(c1cccc2c1OCO2)N1CCC(N2CCCCC2)CC1)C(=O)Cc1cc(C(F)(F)F)cc(C(F)(F)F)c1,8.744727494896694,1,0.0,2000,2000,2000,IC50,B,1
ZXJAVJMFMHDNOW-UHFFFAOYSA-N,CN1CCC(COCc2cc(C3CC3)cc(C3CC3)n2)(c2ccc(F)cc2)CC1,8.744727494896694,1,0.0,2013,2013,2013,IC50,B,1
BGGTUZUVWQJOOJ-CKWXOEDFSA-N,CC(C)C[C@H](NC(=O)[C@@H]1CCCN1C(=O)CNC(=O)[C@H](Cc1ccccc1)NC(=O)CNC(=O)[C@@H](C)NC(=O)[C@@H](N)Cc1ccc(O)cc1)C(=O)N[C@@H](Cc1c[nH]c2ccccc12)C(=O)OCc1cc(C(F)(F)F)cc(C(F)(F)F)c1,8.735028299170665,2,0.37472657295791195,2007,2007,2007,IC50;Ki,B,1
BJBXILVBLCBQQY-IZZNHLLZSA-N,CC(=O)N1CCC(C(=O)N2C[C@@H](c3nc(C(C)(C)c4cc(C(F)(F)F)cc(C(F)(F)F)c4)no3)[C@H](c3ccc(F)cc3C)C2)CC1,8.734260541478871,2,1.46412191862395,2007,2007,2007,IC50,B,1
VSCHJGSJZVISLD-HMPIOLDBSA-N,COc1ccccc1CNC1C2CC3CCCC2CN3[C@H]1C(c1ccccc1)c1ccccc1,8.721246399047171,1,0.0,1994,1994,1994,IC50,B,1
NVTYJPSTYQULRG-BIXQXLNPSA-N,CN(C/C(=N\OCC(C)(C)O)C(CCN1CCC(N2CCCCC2=O)CC1)c1ccc(Cl)c(Cl)c1)C(=O)c1cc(Cl)cc(Cl)c1,8.721246399047171,1,0.0,2002,2002,2002,Ki,B,1
AXBSORLKLUGMEI-OUADDPIDSA-N,CCN(C/C(=N\OC)[C@H](CCN1CCC(n2c(=O)n(CC(=O)NCCOC)c3ccccc32)CC1)c1ccc(Cl)c(Cl)c1)C(=O)c1cc(Cl)cc(Cl)c1,8.721246399047171,2,0.0,2002,2019,2010,Ki,B,2
JHELCNUBUCOOEC-MXJFGAHCSA-N,CO/N=C(\CN(C)C(=O)c1cc(Cl)cc(Cl)c1)[C@H](CCN1CCC(N2CCCN(c3ccccn3)C2=O)CC1)c1ccc(Cl)c(Cl)c1,8.721246399047171,1,0.0,2002,2002,2002,Ki,B,1
HEGGNUSNVKNEOF-UHFFFAOYSA-N,CC(=O)N(Cc1ccccc1Cl)CC(Cc1c[nH]c2ccccc12)NC(=O)CN1CCN(c2ccccc2)CC1,8.721246399047171,1,0.0,1996,1996,1996,IC50,B,1
GZGUANKWGWEJTK-XJABCFGWSA-N,CN(CC(N)=O)C[C@@H]1CC[C@H](OCc2cc(C(F)(F)F)cc(C(F)(F)F)c2)[C@H]1c1ccccc1,8.721246399047171,1,0.0,2006,2006,2006,IC50,B,1
CRYGFTHBEMRCNH-LRQRDZAKSA-N,NC(=O)CNC[C@@H]1CC[C@H](OCc2cc(C(F)(F)F)cc(C(F)(F)F)c2)[C@H]1c1ccccc1,8.721246399047171,1,0.0,2006,2006,2006,IC50,B,1
ALIXCTQWFWWYNZ-VDGAXYAQSA-N,CNC[C@@H]1CC[C@H](OCc2cc(C(F)(F)F)cc(C(F)(F)F)c2)[C@H]1c1ccccc1,8.721246399047171,1,0.0,2006,2006,2006,IC50,B,1
QXGHMYNYDKDRLF-PMACEKPBSA-N,CCN1CC[C@H](NCc2cc(-n3nnnc3C(F)(F)F)ccc2OC)[C@H](c2ccccc2)C1,8.721246399047171,1,0.0,2011,2011,2011,IC50,B,1
IATCLJLCYDIURR-UHFFFAOYSA-N,CN1CCC(COCc2cc(C(F)(F)F)cc(C3CC3)n2)(c2ccc(F)cc2)CC1,8.721246399047171,1,0.0,2013,2013,2013,IC50,B,1
MZXMDLGAXKNSBN-UHFFFAOYSA-N,CN1CCC(COCc2cc(C(F)(F)F)cc(N3CCC4CC43)n2)(c2ccc(F)cc2)CC1,8.721246399047171,1,0.0,2013,2013,2013,IC50,B,1
WTFRDKBVNOFYKZ-XDBZFTIUSA-N,C[C@H](NC(=O)[C@@](C)(Cc1c[nH]c2ccccc12)NC(=O)OCc1ccc(F)cc1F)c1ccccc1,8.720105019988361,1,0.0,1995,1995,1995,IC50,B,1
VSCHJGSJZVISLD-KWBVTSNXSA-N,COc1ccccc1CN[C@H]1C2CC3CCCC2CN3[C@H]1C(c1ccccc1)c1ccccc1,8.720105019988361,1,0.0,1998,1998,1998,IC50,B,1
UXNDGPPTVKDIOD-QAXCHELISA-N,Cc1cc(O)cc(C)c1C[C@H](N)C(=O)N[C@H](CCCNC(=N)N)C(=O)N[C@H]1Cc2ccccc2CN(CC(=O)N(C)Cc2cc(C(F)(F)F)cc(C(F)(F)F)c2)C1=O,8.70446769648675,6,0.7741524373608185,2011,2015,2015,Kd;Ki,B;F,3
MIEXKAHSIFKIOA-UHFFFAOYSA-N,OCCN1CCN(C(COCc2cc(C(F)(F)F)cc(C(F)(F)F)c2)c2ccccc2)CC1,8.700057099977233,1,0.0,2003,2003,2003,Ki,B,1
CUTMHNXVJPFDHF-UHFFFAOYSA-N,FC(F)(F)c1cc(COCC(c2ccccc2)N2CCN(Cc3ccccn3)CC2)cc(C(F)(F)F)c1,8.700057099977233,1,0.0,2003,2003,2003,Ki,B,1
VTGZPWMFTWGIQB-UHFFFAOYSA-N,Fc1cccc(C(COCc2cc(C(F)(F)F)cc(C(F)(F)F)c2)N2CCNCC2)c1,8.700057099977233,1,0.0,2003,2003,2003,Ki,B,1
UKNNCAVVVDVTHP-AFJIDDCJSA-N,Cc1ccc(COC(=O)N[C@](C)(Cc2c[nH]c3ccccc23)C(=O)N[C@@H](C)c2ccccc2)c(F)c1,8.700057099977233,1,0.0,1995,1995,1995,IC50,B,1
PTHKZKTYSDDBIQ-UNMCSNQZSA-N,COc1ccc(-c2nccn2C)cc1CN[C@H]1CCCN[C@H]1c1ccccc1,8.700057099977233,1,0.0,1995,1995,1995,Ki,B,1
FZNTVQGDYPVXAL-GMAHTHKFSA-N,CCN(CC)c1nnnn1-c1ccc(OC)c(CN[C@H]2CCCN[C@H]2c2ccccc2)c1,8.700057099977233,1,0.0,1996,1996,1996,Ki,B,1
NEPOEDGBXWMAGJ-UHFFFAOYSA-N,O=C1CCC(CCN2CC(N3CCCC(O)C3)C2)(c2ccc(Cl)c(Cl)c2)CN1Cc1ccccc1,8.700057099977233,1,0.0,2002,2002,2002,Kd,B,1
XKOSPMBTYLWIKX-UHFFFAOYSA-N,NC1CCN(C2CN(CCC3(c4ccc(Cl)c(Cl)c4)CCC(=O)N(CC4CC4)C3)C2)CC1,8.700057099977233,1,0.0,2002,2002,2002,Kd,B,1
OJBWZYNMKJKQQS-UHFFFAOYSA-N,O=C1CCC(CCN2CC(N3CCCOCC3)C2)(c2ccc(Cl)c(Cl)c2)CN1Cc1ccccc1,8.700057099977233,1,0.0,2002,2002,2002,Kd,B,1
UXOFSGJDRPUGPP-UHFFFAOYSA-N,O=C1CCC(CCN2CC(N3CCC(O)C3)C2)(c2ccc(Cl)c(Cl)c2)CN1Cc1ccccc1,8.700057099977233,1,0.0,2002,2002,2002,Kd,B,1
ODIRSXXUXPPURF-HSZRJFAPSA-N,CN(C)[C@H](COCc1cc(C(F)(F)F)cc(C(F)(F)F)c1)C(c1ccccc1)c1ccccc1,8.700057099977233,1,0.0,1998,1998,1998,IC50,B,1
IJPXQDBNHGVJAQ-SVBPBHIXSA-N,FC(F)(F)c1cc(CN[C@H]2C3CCN(CC3)[C@H]2C(c2ccccc2)c2ccccc2)cc(C(F)(F)F)c1,8.700057099977233,1,0.0,1998,1998,1998,IC50,B,1
BLYHUYRAYMAUST-BVYCBKJFSA-N,COc1ccccc1[C@@H]1CC[C@@]2(CCCN[C@H]2c2ccccc2)NC1,8.699513552156626,2,0.0007686926997008422,1994,1998,1996,IC50;Ki,B,2
SBIZXCKDTDLJHC-FUANUBAPSA-N,C[C@@H](O)[C@@H]1NC(=O)[C@H](Cc2ccc(F)cc2)NC(=O)[C@@H](Cc2c[nH]c3ccccc23)NC(=O)[C@H](Cc2cccc3ccccc23)NC(=O)[C@@H]2CCCN2C(=O)[C@H](Cc2ccccc2)NC1=O,8.698970004336019,1,0.0,1996,1996,1996,IC50,B,1
PONFEEVYOJAPRZ-UHFFFAOYSA-N,Cn1c(-c2ccc(Cl)cc2)c(CCC(=O)N2CCN(CC(C)(C)C)CC2)c2cc(Cl)ccc21,8.698970004336019,1,0.0,2001,2001,2001,IC50,B,1
SBIZXCKDTDLJHC-NBGFENBTSA-N,C[C@@H](O)[C@H]1NC(=O)[C@H](Cc2ccc(F)cc2)NC(=O)[C@@H](Cc2c[nH]c3ccccc23)NC(=O)[C@H](Cc2cccc3ccccc23)NC(=O)[C@@H]2CCCN2C(=O)[C@H](Cc2ccccc2)NC1=O,8.698970004336019,1,0.0,1998,1998,1998,IC50,B,1
NAUMGBBZLWYADU-LETMKSKHSA-N,CO/N=C(\CN(C)C(=O)c1cc(C)nc(-c2cccs2)c1)C(CCN1CCC(O)(c2ccccc2)CC1)c1ccc(Cl)c(Cl)c1,8.698970004336019,1,0.0,2002,2002,2002,Ki,B,1
FXNGKZKTNZFAQF-LETMKSKHSA-N,CO/N=C(\CN(C)C(=O)c1cc(C)nc(N2CCCC2)c1)C(CCN1CCC(O)(c2ccccc2)CC1)c1ccc(Cl)c(Cl)c1,8.698970004336019,1,0.0,2002,2002,2002,Ki,B,1
TUUDVKRGCJZJKQ-VSMKPTLZSA-N,CO/N=C(\CNC(=O)c1cc(C(F)(F)F)cc(C(F)(F)F)c1)C(CCN1CCC(O)(c2ccccc2)CC1)c1ccc(Cl)c(Cl)c1,8.698970004336019,1,0.0,2002,2002,2002,Ki,B,1
UFOHFERURWEZAP-GGFUHWEBSA-N,CO/N=C(\CN(C)C(=O)c1cc(C)nc(N(C)C)c1)C(CCN1CCC(O)(c2ccccc2)CC1)c1ccc(Cl)c(Cl)c1,8.698970004336019,1,0.0,2002,2002,2002,Ki,B,1
RMPKGCQPPWICCB-ZONNCAFXSA-N,CO/N=C(\CN(C)C(=O)c1cc(Cl)cc(Cl)c1)C(CCN1CCC(O)(c2ccccc2)CC1)c1ccc(Cl)c(Cl)c1,8.698970004336019,1,0.0,2002,2002,2002,Ki,B,1
BECWCZRLWGOCHQ-UHFFFAOYSA-N,CN(CC(c1ccccc1)N1CCN(C2CCCCC2)CC1)C(=O)Cc1cc(C(F)(F)F)cc(C(F)(F)F)c1,8.698970004336019,1,0.0,2000,2000,2000,IC50,B,1
NFVAMSHCYQJREM-PRESXLHZSA-N,CCN(C/C(=N\OC)[C@H](CCN1CCC(n2c(=O)n(CCOC)c3ccccc32)CC1)c1ccc(Cl)c(Cl)c1)C(=O)c1cc(Cl)cc(Cl)c1,8.698970004336019,1,0.0,2002,2002,2002,Ki,B,1
KQMGYOWNUFZGRP-UHFFFAOYSA-N,COc1ccccc1CN(CC(Cc1c[nH]c2ccccc12)NC(=O)CN1CCN(c2ccccc2)CC1)C(=O)c1ccccc1,8.698970004336019,1,0.0,1996,1996,1996,IC50,B,1
PCUHKXFCORPXBB-LJQANCHMSA-N,CCCN(Cc1n[nH]c(O)n1)[C@H](COCc1cc(C(F)(F)F)cc(C(F)(F)F)c1)c1ccccc1,8.698970004336019,1,0.0,1998,1998,1998,IC50,B,1
ANPYOUVKUYVENR-UHFFFAOYSA-N,Cc1ccccc1-c1ccc(N2CCN(C)CC2)nc1N(C)C(=O)C(C)(C)c1cc(C(F)(F)F)cc(C(F)(F)F)c1,8.698970004336019,1,0.0,2006,2006,2006,Ki,B,1
BZPPUKJKOJHWKN-XJABCFGWSA-N,CN(Cc1n[nH]c(O)n1)C[C@@H]1CC[C@H](OCc2cc(C(F)(F)F)cc(C(F)(F)F)c2)[C@H]1c1ccccc1,8.698970004336019,1,0.0,2006,2006,2006,IC50,B,1
DMNJGAVZKDLBNT-ARGWCVDVSA-N,C[C@@H]1C[C@@](CO[C@H](C)c2cc(C(F)(F)F)cc(C(F)(F)F)c2)(c2ccccc2)NC1=O,8.698970004336019,1,0.0,2008,2008,2008,Ki,B,1
BRFMQRSCKIRUOE-UHFFFAOYSA-N,FC(F)(F)c1cc(COCC2(c3ccccc3)CCNCC2)nc(C2CC2)c1,8.698970004336019,1,0.0,2013,2013,2013,IC50,B,1
FHFZPUAWDJVXHA-UHFFFAOYSA-N,CN1CCC(COCc2cc(C(F)(F)F)cc(C3CC3)n2)(c2ccccc2)CC1,8.698970004336019,1,0.0,2013,2013,2013,IC50,B,1
JEXOUFPHBGFBFW-UHFFFAOYSA-N,FC(F)(F)c1cc(COCC2(c3ccccc3)CCCNCCC2)cc(C(F)(F)F)c1,8.698970004336019,1,0.0,2013,2013,2013,IC50,B,1
NNQQINUYFDRYPI-UHFFFAOYSA-N,FC(F)(F)c1cc(COC2C3CCN(CC3)C2C(c2ccccc2)c2ccccc2)cc(C(F)(F)F)c1,8.682258126592544,2,0.16068561888328983,1995,1995,1995,IC50,B,1
XLFAJZBAHIGGGF-GNVOIQCSSA-N,C[C@@H](O[C@H]1CC[C@@H]2CN(C)C[C@H]2[C@@H]1c1ccc(F)cc1)c1cc(C(F)(F)F)cc(C(F)(F)F)c1,8.681505449093885,2,1.2896982389871456,2009,2009,2009,IC50,B,1
HFXUYZQVCSUBMO-UHFFFAOYSA-N,CC(C(=O)NC1(c2ccccc2)CCC(N2CCC(C3CCC(=O)O3)CC2)CC1)c1cc(C(F)(F)F)cc(C(F)(F)F)c1,8.67778070526608,1,0.0,2002,2002,2002,IC50,B,1
IXFOAHRLJSIABO-UHFFFAOYSA-N,CN(CC(c1ccccc1)N1CCC(N2CCCCC2)CC1)C(=O)Cc1cc(C(F)(F)F)cc(C(F)(F)F)c1,8.67778070526608,1,0.0,2000,2000,2000,IC50,B,1
QJLPTGTXRGEKCS-UHFFFAOYSA-N,FC(F)(F)Oc1ccc(Cl)c(CNC2CCC3CCC2(c2ccccc2)N3)c1,8.67778070526608,1,0.0,2006,2006,2006,IC50,B,1
GUZKLWUGCGHFHH-IRFCIJBXSA-N,CN(CC(N)=O)[C@H]1CC[C@H](OCc2cc(C(F)(F)F)cc(C(F)(F)F)c2)[C@@H]1c1ccccc1,8.67778070526608,1,0.0,2006,2006,2006,IC50,B,1
KFKDZZIVWULHSW-RPWUZVMVSA-N,CN(C(=O)C(C)(C)c1cc(C(F)(F)F)cc(C(F)(F)F)c1)[C@H]1CN(C(=O)N2CCN(S(C)(=O)=O)CC2)C[C@@H]1c1ccc(F)cc1,8.67778070526608,1,0.0,2010,2010,2010,Ki,B,1
HENCBHAKHZDBGT-UHFFFAOYSA-N,Cc1cc(F)ccc1-c1cc(C2CCCC(CC(=O)O)C2)ncc1N(C)C(=O)C(C)(C)c1cc(C(F)(F)F)cc(C(F)(F)F)c1,8.67778070526608,2,0.0,2017,2018,2017,IC50,B,2
HFWXBUXIGDHRIC-UHFFFAOYSA-N,Cc1cc(F)ccc1-c1cc(N2CCC(CC(=O)O)CC2)ncc1N(C)C(=O)C(C)(C)c1cc(C(F)(F)F)cc(C(F)(F)F)c1,8.675717544702307,1,0.0,2018,2018,2018,IC50,B,1
KYKOACYJRWRBAC-LKUPVBHCSA-N,NC(=O)C[C@H]1CCC[C@H](OCc2cc(C(F)(F)F)cc(C(F)(F)F)c2)[C@@H]1c1ccccc1,8.673393743112328,2,0.21286035127455813,1995,1995,1995,IC50,B,1
WXHFTAZCGZBMLD-XDBZFTIUSA-N,C[C@H](NC(=O)[C@@](C)(Cc1c[nH]c2ccccc12)NC(=O)OCc1cc(F)ccc1F)c1ccccc1,8.669992299127241,1,0.0,1995,1995,1995,IC50,B,1
GWVQSXPCYOIETL-KIEWGBFISA-N,C[C@@H](O[C@H]1CN2C(=O)C3CNCC3[C@H]2[C@@H]1c1ccc(F)cc1)c1cc(C(F)(F)F)cc(C(F)(F)F)c1,8.659379381312206,4,0.7007957865942421,2010,2010,2010,IC50,B,1
IQJMZJZSQJQNCF-UHFFFAOYSA-N,Cn1c(-c2ccc(Cl)cc2)c(CCC(=O)N2CCC(Cc3ccccc3)CC2)c2cc(Cl)ccc21,8.657577319177793,1,0.0,2001,2001,2001,IC50,B,1
IKHGNAJUVAULNG-MNIDXLESSA-N,CN(C/C(=N\OCc1c[nH]cn1)C(CCN1CCC(N2CCCCC2=O)CC1)c1ccc(Cl)c(Cl)c1)C(=O)c1cc(Cl)cc(Cl)c1,8.657577319177793,1,0.0,2002,2002,2002,Ki,B,1
UFEQANMHBHQAGY-MNIDXLESSA-N,COCCNC(=O)CO/N=C(\CN(C)C(=O)c1cc(Cl)cc(Cl)c1)C(CCN1CCC(N2CCCCC2=O)CC1)c1ccc(Cl)c(Cl)c1,8.657577319177793,1,0.0,2002,2002,2002,Ki,B,1
UDTKEHZAOFHKNB-UHFFFAOYSA-N,CC(=O)N(Cc1ccccc1)CC(Cc1c[nH]c2ccccc12)NC(=O)CN1CCN(c2ccccc2)CC1,8.657577319177793,1,0.0,1996,1996,1996,IC50,B,1
PEMJJXJCZVQVTB-UHFFFAOYSA-N,Cc1cc(C)cc(COCC(NCC(N)=O)C(c2ccccc2)c2ccccc2)c1,8.657577319177793,1,0.0,1994,1994,1994,IC50,B,1
FLNYLINBEZROPL-VSGBNLITSA-N,COc1ccccc1CN[C@@H]1C2CCN(CC2)[C@@H]1C(c1ccccc1)c1ccccc1,8.657577319177793,1,0.0,1992,1992,1992,IC50,B,1
GQLYJEDNLFTQBD-KYJUHHDHSA-N,CN(Cc1ccccc1)C(=O)[C@H](Cc1ccc2ccccc2c1)NC(=O)[C@@H]1CCCN1C(=O)Nc1ccc(F)cc1,8.657577319177793,1,0.0,1998,1998,1998,Ki,B,1
MENACXWZSRFIHK-GOSISDBHSA-N,Cc1cc(Cl)cc(COC[C@H](c2ccccc2)N(C)Cc2n[nH]c(O)n2)c1,8.657577319177793,1,0.0,1998,1998,1998,IC50,B,1
MDHXNDICWFLLQE-BZSNNMDCSA-N,NC(=O)[C@@H]1[C@H](c2ccccc2)CCN1C(=O)[C@@H](N)Cc1ccccc1,8.657577319177793,2,0.0,2014,2014,2014,Ki,B,1
VQUPRWGMQYINPZ-CTZPLLSNSA-N,Cc1cc(O)cc(C)c1C[C@H](N)C(=O)N[C@@H](C)C(=O)NCC(=O)N(C)[C@@H](Cc1ccccc1)C(=O)N1CCC[C@H]1C(=O)N[C@@H](CC(C)C)C(=O)N[C@@H](Cc1c[nH]c2ccccc12)C(=O)NCc1cc(C(F)(F)F)cc(C(F)(F)F)c1,8.657577319177793,1,0.0,2015,2015,2015,Ki,B,1
VQUPRWGMQYINPZ-UHFFFAOYSA-N,Cc1cc(O)cc(C)c1CC(N)C(=O)NC(C)C(=O)NCC(=O)N(C)C(Cc1ccccc1)C(=O)N1CCCC1C(=O)NC(CC(C)C)C(=O)NC(Cc1c[nH]c2ccccc12)C(=O)NCc1cc(C(F)(F)F)cc(C(F)(F)F)c1,8.657577319177793,1,0.0,2022,2022,2022,Ki,B,1
JTHFKRBAGMFRLP-BGYRXZFFSA-N,Cc1cc(F)ccc1-c1cc([C@H]2CC[C@@H](CC(=O)O)CC2)ncc1N(C)C(=O)C(C)(C)c1cc(C(F)(F)F)cc(C(F)(F)F)c1,8.655607726314889,2,0.0,2017,2018,2017,IC50,B,2
VPPFVSVLCATXPY-UHFFFAOYSA-N,CCCN(CCO)c1cc(-c2ccccc2Cl)c(N(C)C(=O)C(C)(C)c2cc(C(F)(F)F)cc(C(F)(F)F)c2)cn1,8.649751981665837,1,0.0,2010,2010,2010,Ki,B,1
LXMAOJWNEOEBSU-UHFFFAOYSA-N,Cc1cc(F)ccc1-c1cc(N2CCC(C(C)C(=O)O)CC2)nc(C#N)c1N(C)C(=O)C(C)(C)c1cc(C(F)(F)F)cc(C(F)(F)F)c1,8.647817481888637,1,0.0,2018,2018,2018,IC50,B,1
OFXGPUCSXYQAEH-OAQYLSRUSA-N,CN(C(=O)C(C)(C)c1cc(C(F)(F)F)cc(C(F)(F)F)c1)c1cnc(N2CCCC[C@@H]2CO)cc1-c1ccccc1Cl,8.643974142806877,1,0.0,2010,2010,2010,Ki,B,1
SSWOBDWLRTXEMS-UHFFFAOYSA-N,Cc1ccc(-c2c3n(c(=O)c4ncccc24)CCN(Cc2cc(C(F)(F)F)cc(C(F)(F)F)c2)C3=O)cc1,8.638272163982407,1,0.0,1999,1999,1999,IC50,B,1
RHLQHVJDZOMGMW-UHFFFAOYSA-N,Cn1c(-c2ccc(Cl)cc2)c(CCC(=O)N2CCC(O)(Cc3ccccc3)CC2)c2cc(-n3cccc3)ccc21,8.638272163982407,1,0.0,2001,2001,2001,IC50,B,1
KVMAFOLRKOWSLN-UHFFFAOYSA-N,CN(CC(c1ccc(Cl)c(Cl)c1)N1CCC(N2CCCCC2)CC1)C(=O)Cc1cc(C(F)(F)F)cc(C(F)(F)F)c1,8.638272163982407,1,0.0,2000,2000,2000,IC50,B,1
KKNABYYXFGGHEP-VJKLZRICSA-N,CCN(C/C(=N\OC)[C@H](CCN1CCC(n2c(=O)n(CC#N)c3ccccc32)CC1)c1ccc(Cl)c(Cl)c1)C(=O)c1cc(Cl)cc(Cl)c1,8.638272163982407,1,0.0,2002,2002,2002,Ki,B,1
UTAUDUDUMAWBSY-CONSDPRKSA-N,CN(Cc1ccccc1)C(=O)[C@H](Cc1ccc2ccccc2c1)NC(=O)[C@@H]1CCCN1C(=O)NCc1ccccc1Cl,8.638272163982407,1,0.0,1998,1998,1998,Ki,B,1
XYYOTEUPDWFXRK-KYJUHHDHSA-N,CN(Cc1ccccc1)C(=O)[C@H](Cc1ccc2ccccc2c1)NC(=O)[C@@H]1CCCN1C(=O)Nc1cccc([N+](=O)[O-])c1,8.638272163982407,1,0.0,1998,1998,1998,Ki,B,1
WMKLTHZJWJRAHR-UHFFFAOYSA-N,COc1cccc(OC)c1CN1CCC(=O)C(C(c2ccc(F)cc2)c2ccc(F)cc2)C1,8.638272163982407,1,0.0,2011,2011,2011,IC50,B,1
OUVZPSHLKWIEQH-UHFFFAOYSA-N,Cc1cc(F)ccc1-c1cc(C2(C)CCCC(CC(=O)O)C2)ncc1N(C)C(=O)C(C)(C)c1cc(C(F)(F)F)cc(C(F)(F)F)c1,8.628932137728263,2,0.0,2017,2018,2017,IC50,B,2
FLJIWCZSOWTRAR-UHFFFAOYSA-N,Cc1ccccc1-c1cc(C2CCC(CC(=O)O)CC2)ncc1N(C)C(=O)C(C)(C)c1cc(C(F)(F)F)cc(C(F)(F)F)c1,8.628932137728263,2,0.0,2017,2018,2017,IC50,B,2
GHXADUNCOKFSDJ-BGYRXZFFSA-N,Cc1cc(F)ccc1-c1cc([C@H]2CC[C@@H](CC(=O)O)CC2)nc(C#N)c1N(C)C(=O)C(C)(C)c1cc(C(F)(F)F)cc(C(F)(F)F)c1,8.627087997029893,2,0.0,2017,2018,2017,IC50,B,2
VLGRIJJNPWVMDV-WENCNXQZSA-N,C[C@H](NC(=O)[C@@](C)(Cc1c[nH]c2ccccc12)NC(=O)OCc1cc2ccccc2s1)c1ccccc1,8.61996975203217,1,0.0,1995,1995,1995,IC50,B,1
HVXMBFDDSNHMEA-ASRPOVPCSA-N,CC(C(=O)N[C@]1(c2ccccc2)CC[C@H](N2CCCCC2)CC1)c1cc(C(F)(F)F)cc(C(F)(F)F)c1,8.619788758288394,1,0.0,2002,2002,2002,IC50,B,1
LJKYQYVSIFOVJJ-QCWLJUHMSA-N,COc1ccccc1CNC1C2C3CCC2CN(C3)[C@H]1C(c1ccccc1)c1ccccc1,8.619788758288394,1,0.0,1994,1994,1994,IC50,B,1
KYVTYFDDJINHPF-UHFFFAOYSA-N,Cc1cc(COCC2(c3ccccc3)CCNCC2)cc(C(C)(C)C)c1,8.619788758288394,1,0.0,1998,1998,1998,IC50,B,1
XFZQPQNPSOTOAL-GGFUHWEBSA-N,COCCO/N=C(\CN(C)C(=O)c1cc(Cl)cc(Cl)c1)C(CCN1CCC(N2CCCCC2=O)CC1)c1ccc(Cl)c(Cl)c1,8.619788758288394,1,0.0,2002,2002,2002,Ki,B,1
CBQPDDPXLVPCIM-UHFFFAOYSA-N,COc1ccccc1C(CNC(=O)Cc1cc(C(F)(F)F)cc(C(F)(F)F)c1)N1CCC(N2CCCCC2)CC1,8.619788758288394,1,0.0,2000,2000,2000,IC50,B,1
HNYCTUJIKKNHPR-YCTXJJCUSA-N,CO/N=C(\CN(C)C(=O)c1cc(Cl)cc(Cl)c1)[C@H](CCN1CCC(N2CCCN(Cc3ccsc3)C2=O)CC1)c1ccc(Cl)c(Cl)c1,8.619788758288394,1,0.0,2002,2002,2002,Ki,B,1
DMPBNZKYHOVYRU-HSMZZXILSA-N,CCN(C/C(=N\OC)[C@H](CCN1CCC(n2c(=O)n(CC(=O)O)c3ccccc32)CC1)c1ccc(Cl)c(Cl)c1)C(=O)c1cc(Cl)cc(Cl)c1,8.619788758288394,1,0.0,2002,2002,2002,Ki,B,1
LZETVSMMDKRIBU-UVIULGBXSA-N,CCN(C/C(=N\OC)[C@H](CCN1CCC(n2c(=O)n(CC(N)=O)c3ccccc32)CC1)c1ccc(Cl)c(Cl)c1)C(=O)c1cc(Cl)cc(Cl)c1,8.619788758288394,1,0.0,2002,2002,2002,Ki,B,1
NDMOYPJHBNNRIM-ZFMNYDKASA-N,COc1ccccc1CN[C@H]1[C@@H]2CCC[C@@H]2N[C@H]1c1ccccc1,8.619788758288394,3,0.08738672832405052,1994,2007,1998,IC50;Ki,B,3
STQPZMKBIAWKGK-MRXNPFEDSA-N,Oc1n[nH]c(CN[C@H](COCc2cc(C(F)(F)F)cc(C(F)(F)F)c2)c2ccccc2)n1,8.619788758288394,1,0.0,1998,1998,1998,IC50,B,1
FUQXMZQIUQTJPV-DLBZAZTESA-N,FC(F)(F)c1cc(CO[C@H]2OCCN[C@H]2c2ccccc2)cc(C(F)(F)F)c1,8.619788758288394,1,0.0,1996,1996,1996,IC50,B,1
RSABPPVRUPFDEN-CYBMUJFWSA-N,C[C@@H](OCC1(c2ccccc2)CC(=O)C1)c1cc(C(F)(F)F)cc(C(F)(F)F)c1,8.619788758288394,1,0.0,2006,2006,2006,Ki,B,1
ZSLGEMKPRWABHK-FSSWDIPSSA-N,CN(Cc1c[nH]c(O)n1)[C@@H]1CC[C@H](OCc2cc(C(F)(F)F)cc(C(F)(F)F)c2)[C@H]1c1ccccc1,8.619788758288394,1,0.0,2006,2006,2006,IC50,B,1
SPOQEIILUHGCDB-ALHJQXIUSA-N,O=C(OCc1cc(C(F)(F)F)cc(C(F)(F)F)c1)[C@]1(c2ccccc2)CC[C@H](N2CCC(c3ccc(F)cc3)CC2)CC1,8.602059991327963,1,0.0,2002,2002,2002,IC50,B,1
UNTOMAYRJHGHHU-WBAJSIRJSA-N,CCN(C/C(=N\OC)[C@H](CCN1CCC(n2c(O)nc3ccccc32)CC1)c1ccc(Cl)c(Cl)c1)C(=O)c1cc(Cl)cc(Cl)c1,8.602059991327963,1,0.0,2002,2002,2002,Ki,B,1
RIZNUGBEWDWVDN-UHFFFAOYSA-N,COc1ccc(CN(CC(Cc2c[nH]c3ccccc23)NC(=O)CN2CCN(c3ccccc3)CC2)C(C)=O)cc1,8.602059991327963,1,0.0,1996,1996,1996,IC50,B,1
BDFUSNFQDJPSLX-UHFFFAOYSA-N,Cc1ccccc1-c1c(C(=O)NCc2cc(C(F)(F)F)cc(C(F)(F)F)c2)n(C)c(=O)c2ccccc12,8.602059991327963,1,0.0,1995,1995,1995,IC50,B,1
LWYMXWUYNBSRSM-UHFFFAOYSA-N,COc1ccccc1CN(C)C(=O)c1c(-c2ccc(F)cc2)c2cccnc2c(=O)n1C,8.602059991327963,1,0.0,1995,1995,1995,IC50,B,1
QLXHEEVESGWCHN-FQEVSTJZSA-N,FC(F)(F)c1cc(COC[C@]2(c3ccccc3)CCCNCC2)cc(C(F)(F)F)c1,8.602059991327963,1,0.0,2013,2013,2013,IC50,B,1
NGTSXDWOKUNRLY-OLBHHIGCSA-N,Cc1cc(O)cc(C)c1C[C@H](N)C(=O)N[C@@H](C)C(=O)NCC(=O)N[C@@H](Cc1ccc(Br)cc1)C(=O)N1CCC[C@H]1C(=O)N[C@@H](CC(C)C)C(=O)N[C@@H](Cc1c[nH]c2ccccc12)C(=O)NCc1cc(C(F)(F)F)cc(C(F)(F)F)c1,8.602059991327963,1,0.0,2015,2015,2015,Ki,B,1
TUNMFJCBMPOPCN-CFYPMAHTSA-N,C/C(CN1CCN(C(=O)c2cc(C(F)(F)F)cc(C(F)(F)F)c2)[C@H](Cc2c[nH]c3ccccc23)C1)=N/OCC(C)N1CCOCC1,8.600047617190521,2,0.14143476692288665,2006,2006,2006,Kd;Ki,B;F,1
FCHBLJWTDQDKLL-PBHFAPSUSA-N,C/C(CN1CCN(C(=O)c2cc(C(F)(F)F)cc(C(F)(F)F)c2)[C@H](Cc2c[nH]c3ccccc23)C1)=N/OCCN(C)C,8.600015437450608,2,0.7071067811865476,2006,2006,2006,Kd;Ki,B;F,1
AHZURDXLPGFUJZ-UHFFFAOYSA-N,CCCCN1CCN(C(COCc2cc(C(F)(F)F)cc(C(F)(F)F)c2)c2ccccc2)CC1,8.599980364934842,1,0.0,2003,2003,2003,Ki,B,1
VONJODYKTRPIQC-MBSDFSHPSA-N,C[C@H](OC[C@@H](c1ccccc1)N1CCN(CCOCC(=O)O)CC1)c1cc(C(F)(F)F)cc(C(F)(F)F)c1,8.599980364934842,1,0.0,2003,2003,2003,Ki,B,1
QJWDDKFLDNAVJD-ICSRJNTNSA-N,COc1ccc(-c2nnn(C)n2)cc1CN[C@H]1CCCN[C@H]1c1ccccc1,8.599980364934842,1,0.0,1995,1995,1995,Ki,B,1
VLDSZNQLCKJCMQ-UHFFFAOYSA-N,Cc1cccc(CN2CC(CCN3CC(N4CCOCC4)C3)(c3ccc(Cl)c(Cl)c3)CCC2=O)c1,8.599980364934842,1,0.0,2002,2002,2002,Kd,B,1
FPJVKUSRWZBOFF-UHFFFAOYSA-N,O=C1CCC(CCN2CC(N3CCOCC3=O)C2)(c2ccc(Cl)c(Cl)c2)CN1Cc1ccccc1,8.599980364934842,1,0.0,2002,2002,2002,Kd,B,1
IOIJNSLWZAOUPA-CYEXUTLASA-N,CN1C(=O)OC2(CCN(CC[C@@](C)(C(=O)N(C)[C@H](Cc3ccccc3)C(=O)NCCN)c3ccc(Cl)c(Cl)c3)CC2)c2cc(F)ccc21,8.599980364934842,1,0.0,2014,2014,2014,Ki,B,1
IMOMGKUGBUZWGV-UHFFFAOYSA-N,Cc1ccccc1-c1cc(N2CCC(CC(=O)O)CC2)ncc1N(C)C(=O)C(C)(C)c1cc(C(F)(F)F)cc(C(F)(F)F)c1,8.596879478824182,1,0.0,2018,2018,2018,IC50,B,1
ZJVDJQRDIOJIMX-UHFFFAOYSA-N,Cn1c(-c2ccc(Cl)cc2)c(CCC(=O)N2CCC(O)(Cc3ccccc3)CC2)c2nc(Cl)ccc21,8.585026652029182,1,0.0,2001,2001,2001,IC50,B,1
JXYBGOIIBBZYGG-VMPREFPWSA-N,CN(Cc1ccccc1)C(=O)[C@H](Cc1ccc2ccccc2c1)NC(=O)[C@@H]1CCCN1C(=O)Nc1ccccc1O,8.585026652029182,1,0.0,1998,1998,1998,Ki,B,1
RALVNYPLJQSMAN-CFSSXQINSA-N,C[C@@H](OC[C@@]1(c2ccccc2)C[C@@H](NS(C)(=O)=O)C(=O)N1)c1cc(C(F)(F)F)cc(C(F)(F)F)c1,8.585026652029182,1,0.0,2008,2008,2008,Ki,B,1
PRDDKGHYSSEILD-UHFFFAOYSA-N,COc1ccc([N+](=O)[O-])cc1CN1CCC(=O)C(C(c2ccccc2)c2ccccc2)C1,8.585026652029182,1,0.0,2011,2011,2011,IC50,B,1
LLLBSBOCJOVWQT-RTWAWAEBSA-N,CC(=O)N1CC[C@@H](C(=O)N(C)Cc2cc(C(F)(F)F)cc(C(F)(F)F)c2)[C@H](c2ccccc2)C1,8.585026652029182,1,0.0,2012,2012,2012,IC50,B,1
GKSQDEZTFBLUHC-MOPGFXCFSA-N,CN(Cc1cc(C(F)(F)F)cc(C(F)(F)F)c1)C(=O)[C@@H]1CCNC[C@H]1c1ccccc1,8.585026652029182,1,0.0,2012,2012,2012,IC50,B,1
WOJBHNJZTIILBM-NRFANRHFSA-N,CN1CCC[C@](COCc2cc(C(F)(F)F)cc(C(F)(F)F)c2)(c2ccccc2)CC1,8.585026652029182,1,0.0,2013,2013,2013,IC50,B,1
QLXHEEVESGWCHN-HXUWFJFHSA-N,FC(F)(F)c1cc(COC[C@@]2(c3ccccc3)CCCNCC2)cc(C(F)(F)F)c1,8.585026652029182,1,0.0,2013,2013,2013,IC50,B,1
COKDWHNHZYOASY-LPAMGJINSA-N,Cc1cc(O)cc(C)c1C[C@H](N)C(=O)N[C@@H](C)C(=O)NCC(=O)N(C)[C@@H](Cc1ccc(F)cc1)C(=O)N1CCC[C@H]1C(=O)N[C@@H](CC(C)C)C(=O)N[C@@H](Cc1c[nH]c2ccccc12)C(=O)NCc1cc(C(F)(F)F)cc(C(F)(F)F)c1,8.585026652029182,1,0.0,2015,2015,2015,Ki,B,1
XAMIKPXOHVPWBZ-UHFFFAOYSA-N,Cc1cc(F)ccc1-c1cc(N2CCC(CC(=O)O)CC2)nc(C#N)c1N(C)C(=O)C(C)(C)c1cc(C(F)(F)F)cc(C(F)(F)F)c1,8.585026652029182,1,0.0,2018,2018,2018,IC50,B,1
CYDMWSSMUBQXRD-LJQANCHMSA-N,CN(C(=O)C(C)(C)c1cc(C(F)(F)F)cc(C(F)(F)F)c1)c1cnc(N2CC[C@@H](O)C2)cc1-c1ccccc1Cl,8.581698708680255,1,0.0,2010,2010,2010,Ki,B,1
GRZUTNXIIUWUSF-UNMCSNQZSA-N,NC(=O)CCCN1CCC[C@H](OCc2cc(C(F)(F)F)cc(C(F)(F)F)c2)[C@@H]1c1ccccc1,8.568636235841012,1,0.0,1995,1995,1995,IC50,B,1
JSYXAMQNGRVZDR-QHCPKHFHSA-N,O=C(N[C@@H](Cc1c[nH]c2ccccc12)C(=O)OCc1cc(C(F)(F)F)cc(C(F)(F)F)c1)c1ccccc1,8.568636235841012,1,0.0,1994,1994,1994,IC50,B,1
RQVBYRWUISROIZ-FEWZWGNISA-N,CCN(C/C(=N\OC)[C@H](CCN1CCC(n2c(=O)n(Cc3ccccn3)c3ccccc32)CC1)c1ccc(Cl)c(Cl)c1)C(=O)c1cc(Cl)cc(Cl)c1,8.568636235841012,1,0.0,2002,2002,2002,Ki,B,1
HSKGUZGJDJTCIJ-HSZRJFAPSA-N,CN(C(=O)c1cc(C(F)(F)F)cc(C(F)(F)F)c1)c1cc(C(=O)N[C@@H]2CCCCNC2=O)ccc1-c1ccc(Cl)cc1,8.568636235841012,1,0.0,2002,2002,2002,IC50,B,1
OEVUUUYSUGCHHG-QGZVFWFLSA-N,O=C1NC[C@@](COCc2cc(C(F)(F)F)cc(C(F)(F)F)c2)(c2ccc(F)cc2)N1,8.568636235841012,1,0.0,2006,2006,2006,Ki,B,1
GUZKLWUGCGHFHH-DYXWJJEUSA-N,CN(CC(N)=O)[C@@H]1CC[C@H](OCc2cc(C(F)(F)F)cc(C(F)(F)F)c2)[C@H]1c1ccccc1,8.568636235841012,1,0.0,2006,2006,2006,IC50,B,1
CYTXURWJLFQPDZ-QYZOEREBSA-N,CNC(=O)N[C@@H]1CC[C@H](OCc2cc(C(F)(F)F)cc(C(F)(F)F)c2)[C@H]1c1ccccc1,8.568636235841012,1,0.0,2006,2006,2006,IC50,B,1
STJZDPGWBPFLGF-SNRMKQJTSA-N,NC[C@@H]1CC[C@H](OCc2cc(C(F)(F)F)cc(C(F)(F)F)c2)[C@H]1c1ccccc1,8.568636235841012,1,0.0,2006,2006,2006,IC50,B,1
UGDZQVXRBCKAQS-XRNKBYASSA-N,C[C@@H](O[C@H]1CN2C(=O)N(Cc3ccccc3)C[C@H]2[C@@H]1c1ccc(F)cc1)c1cc(C(F)(F)F)cc(C(F)(F)F)c1,8.568636235841012,1,0.0,2008,2008,2008,IC50,B,1
NCDMNHIASQLMMD-RPBOFIJWSA-N,CC(=O)N1CCC(C(=O)N2CC[C@@H](C(=O)NCc3cc(C(F)(F)F)cc(C(F)(F)F)c3)[C@H](c3ccccc3)C2)CC1,8.568636235841012,1,0.0,2012,2012,2012,IC50,B,1
CFFZZZKWGRQTNZ-UHFFFAOYSA-N,FC(F)(F)c1cc(COCC2(c3ccccc3)CCNCC2)nc(N2CCCC2)c1,8.568636235841012,1,0.0,2013,2013,2013,IC50,B,1
CBNOGVWRWFAMFM-UHFFFAOYSA-N,COc1ccccc1CN(CC(Cc1cccc2ccccc12)NC(=O)CN1CCN(c2ccccc2)CC1)C(C)=O,8.563837352959244,1,0.0,1996,1996,1996,IC50,B,1
BLKHBPBPTMODSH-RAWAAWEYSA-N,CCCC[C@H](NC(=O)[C@H](Cc1ccccc1)NC(=O)CNC(=O)[C@@H](C)NC(=O)[C@@H](N)Cc1ccc(O)cc1)C(=O)N[C@@H](CO[C@@H]1O[C@H](CO)[C@@H](O)[C@H](O)[C@H]1O)C(=O)N[C@@H](CC(C)C)C(=O)N[C@@H](Cc1c[nH]c2ccccc12)C(=O)NCc1cc(C(F)(F)F)cc(C(F)(F)F)c1,8.562347799885199,2,0.2579238381867257,2009,2009,2009,IC50;Ki,B,1
RXOBEDAYMSZORF-UHFFFAOYSA-N,Cc1ccccc1-c1cc(C2CCC(CC(=O)O)CC2)nc(C#N)c1N(C)C(=O)C(C)(C)c1cc(C(F)(F)F)cc(C(F)(F)F)c1,8.555955204081924,2,0.0,2017,2018,2017,IC50,B,2
CIDXHDROLDYFIS-UHFFFAOYSA-N,Cc1cc(F)ccc1-c1cc(C2CCC(C(C)C(=O)O)CC2)ncc1N(C)C(=O)C(C)(C)c1cc(C(F)(F)F)cc(C(F)(F)F)c1,8.554395796726402,2,0.0,2017,2018,2017,IC50,B,2
QQOIKWGCKJQKAY-UHFFFAOYSA-N,Cc1nc(CN2CCC(COCc3cc(C(F)(F)F)cc(C(F)(F)F)c3)(c3ccccc3)CC2)cs1,8.55284196865778,1,0.0,1998,1998,1998,IC50,B,1
NLFWNEAIQORVAC-DHFLCVKNSA-N,COc1ccc(C(C)C)cc1[C@H]1COCC2(C1)OCCN[C@H]2c1ccc(F)cc1,8.55284196865778,1,0.0,2002,2002,2002,IC50,B,1
AOHIJPJMMHXDHP-GGPBTZDJSA-N,CN(C/C(=N\OCCn1ccnc1)C(CCN1CCC(N2CCCCC2=O)CC1)c1ccc(Cl)c(Cl)c1)C(=O)c1cc(Cl)cc(Cl)c1,8.55284196865778,1,0.0,2002,2002,2002,Ki,B,1
TXKRGEZLDVMKKQ-FPOVZHCZSA-N,COC(=O)CN1CCC[C@H](OCc2cc(C(F)(F)F)cc(C(F)(F)F)c2)[C@@H]1c1ccccc1,8.55284196865778,1,0.0,1995,1995,1995,IC50,B,1
KVDRGPNXKCVXGD-UHFFFAOYSA-N,O=C(Cc1cc(C(F)(F)F)cc(C(F)(F)F)c1)NCC(c1cccc2ccccc12)N1CCN(C2CCCCC2)CC1,8.55284196865778,1,0.0,2000,2000,2000,IC50,B,1
PSVBEJHDFMPFJD-UHFFFAOYSA-N,COc1ccccc1CN(CC(Cc1c[nH]c2ccccc12)NC(=O)CN1CCC(N(C)C)CC1)C(C)=O,8.55284196865778,1,0.0,1996,1996,1996,IC50,B,1
MXKZKTBJVYCBDH-UHFFFAOYSA-N,O=S(=O)(c1ccccc1)C1CC2(c3ccccc3)NC1CCC2OCc1cc(C(F)(F)F)cc(C(F)(F)F)c1,8.55284196865778,1,0.0,2006,2006,2006,IC50,B,1
YUERFHADRHAZBK-QFIPXVFZSA-N,Cc1cc(F)ccc1-c1cc(N2CCC[C@H]2CO)ncc1N(C)C(=O)C(C)(C)c1cc(C(F)(F)F)cc(C(F)(F)F)c1,8.55284196865778,3,0.7673945714939566,2012,2012,2012,Kd;Ki,B,1
GTFUIVFMMYKZKW-UHFFFAOYSA-N,C=C(C)n1c(=O)n(CCN2CCC(N(C(=O)CC)c3cccc(Cl)c3)CC2)c2ccccc21,8.55284196865778,1,0.0,2013,2013,2013,Ki,B,1
BUBWRIVYXMCTAG-UHFFFAOYSA-N,FC(F)(F)c1cc(COCC(c2ccccc2)N2CCNCC2)cc(C(F)(F)F)c1,8.549979835562059,2,0.353540518257622,2002,2003,2002,IC50;Ki,B,2
MGGHRIXQZRIDQH-RTOHIFTRSA-N,C/C(CN1CCN(C(=O)c2cc(C(F)(F)F)cc(C(F)(F)F)c2)[C@H](Cc2c[nH]c3ccccc23)C1)=N/OCCN1CCSCC1,8.549972455324001,2,0.49497731301745146,2006,2006,2006,Kd;Ki,B;F,1
HAICMSYYIMFNOF-XAHIPPIJSA-N,O=C(c1cc(C(F)(F)F)cc(C(F)(F)F)c1)N1CCN(C/C(=N\OCCCN2CCOCC2)c2ccccc2)C[C@H]1Cc1c[nH]c2ccccc12,8.549972455324001,2,0.49497731301745146,2006,2006,2006,Kd;Ki,B;F,1
YPLNERORKXLZNH-UHFFFAOYSA-N,Cc1cc(F)ccc1-c1cc(N2CCC(C)(CC(=O)O)CC2)ncc1N(C)C(=O)C(C)(C)c1cc(C(F)(F)F)cc(C(F)(F)F)c1,8.54821356447571,1,0.0,2018,2018,2018,IC50,B,1
DKZNWZVQLFXZER-JHOFKJSISA-N,CCCC[C@@H]1NC(=O)[C@H](Cc2ccccc2)NC(=O)CNC(=O)[C@@H](NC(=O)[C@@H](N)Cc2ccc(O)cc2)C(C)(C)SSC(C)(C)[C@@H](C(=O)N2CCC[C@H]2C(=O)N[C@@H](CC(C)C)C(=O)N[C@@H](Cc2c[nH]c3ccccc23)C(=O)NCc2cc(C(F)(F)F)cc(C(F)(F)F)c2)NC(=O)[C@@H]2CCCN2C1=O,8.54561277396688,2,0.24838345459729766,2010,2010,2010,IC50;Ki,B,1
RSCUIJPMECVKOO-UHFFFAOYSA-N,Cn1c(-c2ccccn2)c(CCC(=O)N2CCC(O)(Cc3ccccc3)CC2)c2cc(Cl)ccc21,8.537602002101044,1,0.0,2001,2001,2001,IC50,B,1
XJLDDZIBCMCXGL-UHFFFAOYSA-N,Cn1c(-c2ccc(Cl)cc2)c(CCC(=O)N2CCN(CC3CCCCC3)CC2)c2cc(Cl)ccc21,8.537602002101044,1,0.0,2001,2001,2001,IC50,B,1
SSQGNSUWMMJHRK-UHFFFAOYSA-N,Cc1cc(Br)cc(COCC2(c3ccccc3)CCNCC2)c1,8.537602002101044,1,0.0,1998,1998,1998,IC50,B,1
OTBVEXMPXATWMB-UHFFFAOYSA-N,CC(C)N1CCC(COCc2cc(C(F)(F)F)cc(C(F)(F)F)c2)(c2ccccc2)CC1,8.537602002101044,1,0.0,1998,1998,1998,IC50,B,1
BHHPPHSTDDDXDM-UHFFFAOYSA-N,Cc1cc(C)cc(CC(=O)N(C)CC(c2cccc3c2OCO3)N2CCC(N3CCCCC3)CC2)c1,8.537602002101044,1,0.0,2000,2000,2000,IC50,B,1
FIDTULBNYFDGOP-UHFFFAOYSA-N,O=C(Cc1cc(C(F)(F)F)cc(C(F)(F)F)c1)NCC(c1ccc(F)c(Cl)c1)N1CCC(N2CCCCC2)CC1,8.537602002101044,1,0.0,2000,2000,2000,IC50,B,1
VAQZSLXHGCOMAT-OLBHHIGCSA-N,Cc1cc(O)cc(C)c1C[C@H](N)C(=O)N[C@@H](C)C(=O)NCC(=O)N[C@@H](Cc1ccc(Cl)cc1)C(=O)N1CCC[C@H]1C(=O)N[C@@H](CC(C)C)C(=O)N[C@@H](Cc1c[nH]c2ccccc12)C(=O)NCc1cc(C(F)(F)F)cc(C(F)(F)F)c1,8.537602002101044,1,0.0,2015,2015,2015,Ki,B,1
CMHQSZGZHCBTQY-CNUJNCEHSA-N,C[C@@H](O[C@H]1CN2C(=O)[C@@H]3C[C@@H](N)C[C@@H]3[C@H]2[C@@H]1c1ccc(F)cc1)c1cc(C(F)(F)F)cc(C(F)(F)F)c1,8.533256356075647,2,0.9152786051584207,2010,2010,2010,IC50,B,1
NJWUPRCNXYNBNF-QGYSTOEISA-N,C[C@@H](O[C@H]1CN2C(=O)C=C(c3ccc(CO)cc3)CC2[C@@H]1c1ccc(F)cc1)c1cc(C(F)(F)F)cc(C(F)(F)F)c1,8.523603778477954,2,1.252047976417271,2010,2010,2010,IC50,B,1
WZMVQZJKOVPVGZ-XIFFEERXSA-N,COc1cc(C(=O)N2CC[C@](CCN3CCC(C(N)=O)(c4ccccc4)CC3)(c3ccc(Cl)c(Cl)c3)C2)cc(OC)c1OC,8.522878745280337,3,0.5819174388258909,1996,2001,1997,IC50;Ki,B;F,3
HFHVHLAVHVRGJU-UHFFFAOYSA-N,CN(CC(c1cc(Cl)cc(Cl)c1Cl)N1CCC(N2CCCCC2)CC1)C(=O)Cc1cc(C(F)(F)F)cc(C(F)(F)F)c1,8.522878745280337,1,0.0,2000,2000,2000,IC50,B,1
MWWXEEPLVDZLJW-UHFFFAOYSA-N,Cc1c(F)cccc1C(CNC(=O)Cc1cc(C(F)(F)F)cc(C(F)(F)F)c1)N1CCC(N2CCCCC2)CC1,8.522878745280337,1,0.0,2000,2000,2000,IC50,B,1
XTUKHLMHDAVVDE-HAWKBGDOSA-N,CCNC(=O)Cn1c(=O)n(C2CCN(CC[C@@H](/C(CN(CC)C(=O)c3cc(Cl)cc(Cl)c3)=N/OC)c3ccc(Cl)c(Cl)c3)CC2)c2ccccc21,8.522878745280337,1,0.0,2002,2002,2002,Ki,B,1
FQKOMYRVAJEDBJ-UHFFFAOYSA-N,CC(=O)N(Cc1ccccc1[N+](=O)[O-])CC(Cc1c[nH]c2ccccc12)NC(=O)CN1CCN(c2ccccc2)CC1,8.522878745280337,1,0.0,1996,1996,1996,IC50,B,1
VAGKBJKZOUYTSH-UHFFFAOYSA-N,CNC(=O)N(Cc1ccccc1OC)CC(Cc1c[nH]c2ccccc12)NC(=O)CN1CCN(c2ccccc2)CC1,8.522878745280337,1,0.0,1996,1996,1996,IC50,B,1
LOVQLZWXVWBLPD-XTEPFMGCSA-N,Cc1cc(C)cc(C(=O)N2CC[C@H](NCc3ccnc4ccccc34)C[C@H]2Cc2ccc([N+](=O)[O-])cc2)c1,8.522878745280337,1,0.0,1996,1996,1996,IC50,B,1
UMFLKMBGQGRGDT-UHFFFAOYSA-N,CN(C(=O)c1cc(C(F)(F)F)cc(C(F)(F)F)c1)c1cc(C(=O)NC2CCCCC2)ccc1-c1ccc(Cl)cc1,8.522878745280337,1,0.0,2002,2002,2002,IC50,B,1
ZUWWPTFJXXNGIJ-UHFFFAOYSA-N,FC(F)(F)c1cc(CNC2CCC3CCC2(c2ccccc2)N3)cc(C(F)(F)F)c1,8.522878745280337,1,0.0,2006,2006,2006,IC50,B,1
QOOGOLVYWAKPMZ-UHFFFAOYSA-N,FC(F)(F)c1cc(COC2CCC3CCC2(c2ccccc2)N3)cc(C(F)(F)F)c1,8.522878745280337,1,0.0,2006,2006,2006,IC50,B,1
CNYOMHXOSOLHBL-UHFFFAOYSA-N,CCC(CC)Nc1cc(C(F)(F)F)cc(COCC2(c3ccc(F)cc3)CCN(C)CC2)n1,8.522878745280337,1,0.0,2013,2013,2013,IC50,B,1
KPSHRAGASWDIHK-UHFFFAOYSA-N,COCCNc1cc(-c2ccccc2Cl)c(N(C)C(=O)C(C)(C)c2cc(C(F)(F)F)cc(C(F)(F)F)c2)cn1,8.515700160653214,1,0.0,2010,2010,2010,Ki,B,1
LRCLUELMHULASC-CLJLJLNGSA-N,Ic1ccccc1N[C@@H]1C2CCN(CC2)[C@@H]1C(c1ccccc1)c1ccccc1,8.514362075630947,2,0.09993480232173331,2013,2013,2013,IC50;Ki,B,1
YMJWVPKRILZJBH-FQEVSTJZSA-N,CC(=O)N[C@@H](Cc1c[nH]c2ccccc12)C(=O)CCc1cc(C(F)(F)F)cc(C(F)(F)F)c1,8.509339913370447,4,0.2879836251687212,1995,1998,1995,IC50,B,2
XJAFKPQDGZWHCY-UHFFFAOYSA-N,COC(=O)CN1CCC(COCc2cc(C(F)(F)F)cc(C(F)(F)F)c2)(c2ccccc2)CC1,8.508638306165727,1,0.0,1998,1998,1998,IC50,B,1
RMRCMPQTTCGZTG-UHFFFAOYSA-N,COc1ccccc1CN(CC(Cc1c[nH]c2ccccc12)NC(=O)CN1CC=C(c2ccccc2)CC1)C(C)=O,8.508638306165727,1,0.0,1996,1996,1996,IC50,B,1
WZMVQZJKOVPVGZ-MGBGTMOVSA-N,COc1cc(C(=O)N2CC[C@@](CCN3CCC(C(N)=O)(c4ccccc4)CC3)(c3ccc(Cl)c(Cl)c3)C2)cc(OC)c1OC,8.508638306165727,1,0.0,2005,2005,2005,IC50,B,1
OIEBSAIDAFOABW-QVKFZJNVSA-N,CC(C)N1C[C@@](CO[C@H](C)c2cc(C(F)(F)F)cc(C(F)(F)F)c2)(c2ccccc2)NC1=O,8.508638306165727,1,0.0,2006,2006,2006,Ki,B,1
XEVMZGQYZBEQHG-UHFFFAOYSA-N,COc1ccc(OC)c(CN2CCC(=O)C(C(c3ccc(F)cc3)c3ccc(F)cc3)C2)c1,8.508638306165727,1,0.0,2011,2011,2011,IC50,B,1
AEGNWBZPYYNCRL-UHFFFAOYSA-N,NC(=O)COCCN1CCN(C(COCc2cc(C(F)(F)F)cc(C(F)(F)F)c2)c2ccccc2)CC1,8.500038134403809,1,0.0,2003,2003,2003,Ki,B,1
HLXSDXICZGENQQ-UHFFFAOYSA-N,Cc1cccc(C(COCc2cc(C(F)(F)F)cc(C(F)(F)F)c2)N2CCNCC2)c1,8.500038134403809,1,0.0,2003,2003,2003,Ki,B,1
PYMMFZHBPNJQOD-UHFFFAOYSA-N,Clc1cc(Cl)cc(COCC(c2ccccc2)N2CCNCC2)c1,8.500038134403809,1,0.0,2003,2003,2003,Ki,B,1
WOLHPOWZBHRGTD-KKSFZXQISA-N,C[C@H](OC[C@@H](c1ccccc1)N1CCN(CC(=O)O)CC1)c1cc(C(F)(F)F)cc(C(F)(F)F)c1,8.500038134403809,1,0.0,2003,2003,2003,Ki,B,1
ZORXDXJSPINJEQ-UHFFFAOYSA-N,Fc1cccc(C(COCc2cc(C(F)(F)F)cc(C(F)(F)F)c2)N2CCNCC2)c1F,8.500038134403809,2,0.0,2002,2003,2002,IC50;Ki,B,2
PGTSDQJJQFGOEU-HMILPKGGSA-N,C[C@H](NC(=O)[C@@](C)(Cc1c[nH]c2ccccc12)NC(=O)OCc1ccccc1F)c1ccccc1,8.500038134403809,1,0.0,1995,1995,1995,IC50,B,1
PYALTOQQRPEMLM-LJQANCHMSA-N,Brc1cc(Br)cc(COC[C@H](c2ccccc2)N2CCNCC2)c1,8.500038134403809,1,0.0,2002,2002,2002,IC50,B,1
PYMMFZHBPNJQOD-LJQANCHMSA-N,Clc1cc(Cl)cc(COC[C@H](c2ccccc2)N2CCNCC2)c1,8.500038134403809,1,0.0,2002,2002,2002,IC50,B,1
WMRNTSMKBVMUTC-UHFFFAOYSA-N,CN(CCO)C1CN(CCC2(c3ccc(Cl)c(Cl)c3)CCC(=O)N(Cc3ccccc3)C2)C1,8.500038134403809,1,0.0,2002,2002,2002,Kd,B,1
JUDCITKDCFGXAF-UHFFFAOYSA-N,CNS(=O)(=O)N1CCN(C2CN(CCC3(c4ccc(Cl)c(Cl)c4)CCC(=O)N(CC4CC4)C3)C2)CC1,8.500038134403809,1,0.0,2002,2002,2002,Kd,B,1
ASSBEMCEDOONKS-UHFFFAOYSA-N,CC(=O)NC1(c2ccccc2)CCN(C2CN(CCC3(c4ccc(Cl)c(Cl)c4)CCC(=O)N(CC4CC4)C3)C2)CC1,8.500038134403809,1,0.0,2002,2002,2002,Kd,B,1
YZMQJVWDZXNEBA-UHFFFAOYSA-N,CS(=O)(=O)N1CCN(C2CN(CCC3(c4ccc(Cl)c(Cl)c4)CCC(=O)N(CC4CC4)C3)C2)CC1,8.500038134403809,1,0.0,2002,2002,2002,Kd,B,1
QVYPWFFWLVUYKN-FOIFJWKZSA-N,Cc1cc(F)ccc1[C@H]1CNCCN1C(=O)N1CCC=CC1c1cc(C(F)(F)F)cc(C(F)(F)F)c1,8.50002301882756,2,1.131322651874388,2010,2010,2010,Ki,B,1
VRTWFRRSCWHIJE-RUZDIDTESA-N,O=C(c1cc(C(F)(F)F)cc(C(F)(F)F)c1)N1CCN(Cc2cc(CN3CCOCC3)on2)C[C@H]1Cc1c[nH]c2ccccc12,8.499994853671373,2,0.8485572472836166,2006,2006,2006,Kd;Ki,B;F,1
QRZABLVSQLMLCO-UHFFFAOYSA-N,O=C(c1cc(Br)cc(Br)c1)N1CCN(C(=O)CNC2CCN(Cc3ccccc3)CC2)C(c2ccc(Cl)c(Cl)c2)C1,8.494850021680094,1,0.0,2002,2002,2002,Ki,B,1
OXJRACFLZXVYCA-UHFFFAOYSA-N,COc1ccccc1CN(CC(Cc1c[nH]c2ccccc12)NC(=O)COc1ccc(O)cc1)C(C)=O,8.494850021680094,1,0.0,2001,2001,2001,IC50,B,1
WOVHRORTUHOAOD-UHFFFAOYSA-N,CC(=O)N(Cc1ccccc1C)CC(Cc1c[nH]c2ccccc12)NC(=O)CN1CCN(c2ccccc2)CC1,8.494850021680094,1,0.0,1996,1996,1996,IC50,B,1
NXAMGJRLSKEHIL-IBNRHXGOSA-N,CO/N=C(\CN(CCF)C(=O)c1cc(Cl)cc(Cl)c1)[C@H](CCN1CCC(n2c(O)nc3ccccc32)CC1)c1ccc(Cl)c(Cl)c1,8.494850021680094,1,0.0,2002,2002,2002,Ki,B,1
BAWOEXVCFSAHRQ-UHFFFAOYSA-N,CC(=O)N(Cc1ccccc1C(F)(F)F)CC(Cc1c[nH]c2ccccc12)NC(=O)CN1CCN(c2ccccc2)CC1,8.494850021680094,1,0.0,1996,1996,1996,IC50,B,1
LLLBSBOCJOVWQT-SFTDATJTSA-N,CC(=O)N1CC[C@H](C(=O)N(C)Cc2cc(C(F)(F)F)cc(C(F)(F)F)c2)[C@H](c2ccccc2)C1,8.494850021680094,1,0.0,2012,2012,2012,IC50,B,1
YCXVWJZSWBPGRO-UFRKFLGHSA-N,Cc1cc(O)cc(C)c1C[C@H](N)C(=O)N[C@H](CCCNC(=N)N)C(=O)N[C@H]1Cc2ccccc2CN(CCC(=O)N(C)[C@@H]2CCN(C(=O)c3cc(C(F)(F)F)cc(C(F)(F)F)c3)C[C@@H]2c2ccccc2)C1=O,8.488250309225993,2,0.517067103333733,2015,2015,2015,Ki,B,1
GHXADUNCOKFSDJ-MXVIHJGJSA-N,Cc1cc(F)ccc1-c1cc([C@H]2CC[C@H](CC(=O)O)CC2)nc(C#N)c1N(C)C(=O)C(C)(C)c1cc(C(F)(F)F)cc(C(F)(F)F)c1,8.485452247339714,2,0.0,2017,2018,2017,IC50,B,2
OLBVNQGFVBFGMT-DQAAWZIYSA-N,CCc1noc(C2=CC(=O)N3C[C@H](O[C@H](C)c4cc(C(F)(F)F)cc(C(F)(F)F)c4)[C@@H](c4ccc(F)cc4)C3C2)n1,8.483288122256525,2,1.2935131026189537,2010,2010,2010,IC50,B,1
DPSGZOXYCGUZMU-UHFFFAOYSA-N,COC1CN(c2cc(-c3ccc(F)cc3C)c(N(C)C(=O)C(C)(C)c3cc(C(F)(F)F)cc(C(F)(F)F)c3)cn2)CCC1CC(=O)O,8.482804102050025,1,0.0,2018,2018,2018,IC50,B,1
VHGKPNMPOKTFMD-UYZGYWSASA-N,COc1ccccc1CNC1C2C3CCCC2CN(C3)[C@H]1C(c1ccccc1)c1ccccc1,8.481486060122112,1,0.0,1994,1994,1994,IC50,B,1
PYYQGLOWYDYWDJ-UHFFFAOYSA-N,COc1ccc(C(=O)CCC(=O)NC(Cc2c[nH]c3ccccc23)CN(Cc2ccccc2OC)C(C)=O)cc1,8.481486060122112,1,0.0,2001,2001,2001,IC50,B,1
AEJFLHAKYANRRV-GGFUHWEBSA-N,CN(C/C(=N\OCCCS(=O)(=O)O)C(CCN1CCC(N2CCCCC2=O)CC1)c1ccc(Cl)c(Cl)c1)C(=O)c1cc(Cl)cc(Cl)c1,8.481486060122112,1,0.0,2002,2002,2002,Ki,B,1
GZFMTTIEYCQXLS-UHFFFAOYSA-N,Cn1c(-c2ccc(Cl)cc2)c(CCC(=O)N2CCC(O)(Cc3ccccc3)CC2)c2cc(N3CCCCC3)ccc21,8.481486060122112,1,0.0,2001,2001,2001,IC50,B,1
GEZMPNGCDQGWGD-UHFFFAOYSA-N,O=C(Cc1cc(C(F)(F)F)cc(C(F)(F)F)c1)NCC(c1ccc(F)c(F)c1)N1CCC(N2CCCCC2)CC1,8.481486060122112,1,0.0,2000,2000,2000,IC50,B,1
GPOHXSRIYHKDDY-UHFFFAOYSA-N,CS(=O)(=O)N1CC2(CCN(C(=O)C(CCCc3ccc(Cl)c(Cl)c3)NCc3ccccc3)CC2)c2ccccc21,8.481486060122112,1,0.0,1998,1998,1998,IC50,B,1
WRKCFWQULJFVBO-UHFFFAOYSA-N,Cc1ccccc1-c1cnccc1N(C)C(=O)C(C)(C)c1cc(C(F)(F)F)cc(C(F)(F)F)c1,8.481486060122112,1,0.0,2006,2006,2006,Ki,B,1
LQRDBJSVJUNPHC-RTOPAQNCSA-N,C[C@@H](OC[C@]1(c2ccccc2)C[C@](N)(C(=O)N(C)C)C1)c1cc(C(F)(F)F)cc(C(F)(F)F)c1,8.481486060122112,1,0.0,2006,2006,2006,Ki,B,1
UNRMYLWXMMPRCP-OLBHHIGCSA-N,Cc1cc(O)cc(C)c1C[C@H](N)C(=O)N[C@@H](C)C(=O)NCC(=O)N[C@@H](Cc1ccc(I)cc1)C(=O)N1CCC[C@H]1C(=O)N[C@@H](CC(C)C)C(=O)N[C@@H](Cc1c[nH]c2ccccc12)C(=O)NCc1cc(C(F)(F)F)cc(C(F)(F)F)c1,8.481486060122112,1,0.0,2015,2015,2015,Ki,B,1
COSBLZOPZNHZQW-UHFFFAOYSA-N,Cc1cc(F)ccc1-c1cc(N2CCC(C)(CC(=O)O)CC2)nc(C#N)c1N(C)C(=O)C(C)(C)c1cc(C(F)(F)F)cc(C(F)(F)F)c1,8.478861916295964,1,0.0,2018,2018,2018,IC50,B,1
IYYPPYLIGSSILC-RQCIJDPDSA-N,Cc1cc(O)cc(C)c1C[C@H](N)C(=O)N[C@H](CCCNC(=N)N)C(=O)N[C@H]1Cc2ccccc2CN(CCC(=O)N2CCN([C@@H]3CCN(C(=O)c4cc(C(F)(F)F)cc(C(F)(F)F)c4)C[C@@H]3c3ccccc3)CC2)C1=O,8.472425555055302,2,0.539446685303145,2015,2015,2015,Ki,B,1
VVRKQCXRSANSIV-UHFFFAOYSA-N,CCN(CCO)c1cc(-c2ccccc2Cl)c(N(C)C(=O)C(C)(C)c2cc(C(F)(F)F)cc(C(F)(F)F)c2)cn1,8.47237009912866,1,0.0,2010,2010,2010,Ki,B,1
WSOAGJHOEMAOEO-UHFFFAOYSA-N,CN(Cc1cc(C(F)(F)F)cc(C(F)(F)F)c1)C(=O)c1c(-c2ccccc2)c2cc(Cl)ccc2c(=O)n1C,8.468521082957745,1,0.0,1995,1995,1995,IC50,B,1
VPZHHFGGFNADGH-UHFFFAOYSA-N,Cc1ccc(-c2c(C(=O)N(C)Cc3cc(Cl)cc(Cl)c3)n(C)c(=O)c3ncccc23)cc1,8.468521082957745,1,0.0,1995,1995,1995,IC50,B,1
HPYVATHTKDMNGH-UHFFFAOYSA-N,Cc1ccccc1-c1ccncc1N(C)C(=O)C(C)(C)c1cc(C(F)(F)F)cc(C(F)(F)F)c1,8.468521082957745,1,0.0,2006,2006,2006,Ki,B,1
ZTGSEUWFJJLFQO-RTWAWAEBSA-N,CN(Cc1cc(C(F)(F)F)cc(C(F)(F)F)c1)C(=O)[C@H]1CN(C(=O)c2ccncn2)C[C@@H]1c1ccccc1,8.468521082957745,1,0.0,2007,2007,2007,IC50,B,1
PEUVJNALVBXTKV-MJEAINFQSA-N,CC(C)C[C@H](NC(=O)[C@@H]1CCCN1C(=O)[C@H](Cc1ccccc1)N(C)C(=O)CNC(=O)[C@H](C)NC(=O)[C@@H](N)Cc1ccc(O)cc1)C(=O)N[C@@H](Cc1c[nH]c2ccccc12)C(=O)NCc1cc(C(F)(F)F)cc(C(F)(F)F)c1,8.468521082957745,1,0.0,2015,2015,2015,Ki,B,1
FLNYLINBEZROPL-IZLXSDGUSA-N,COc1ccccc1CN[C@@H]1C2CCN(CC2)[C@H]1C(c1ccccc1)c1ccccc1,8.468521082957745,1,0.0,2017,2017,2017,IC50,F,1
MXOFDARLDVKZQB-QHCPKHFHSA-N,O=C(CN1CCOCC1)N[C@@H](Cc1c[nH]c2ccccc12)C(=O)CCc1cc(C(F)(F)F)cc(C(F)(F)F)c1,8.455931955649724,3,0.159713085100001,1995,1995,1995,IC50,B,1
WNTHOKBCZNRPBB-YZNIXAGQSA-N,CCCCCN(CCCCC)C(=O)[C@H]1CCN(C(=O)N(c2ccccc2)c2cccc(Cl)c2)[C@H](C(=O)NCCNCC(N)=O)C1,8.455931955649724,1,0.0,1995,1995,1995,IC50,B,1
MAVDAPGOKWWCQV-UHFFFAOYSA-N,COc1ccccc1CN(CC(Cc1c[nH]c2ccccc12)NC(=O)COc1ccc(C(C)=O)cc1)C(C)=O,8.455931955649724,1,0.0,2001,2001,2001,IC50,B,1
IEFMFWHANVDXJW-KYJUHHDHSA-N,CN(Cc1ccccc1)C(=O)[C@H](Cc1ccc2ccccc2c1)NC(=O)[C@@H]1CCCN1C(=O)Nc1ccccc1F,8.455931955649724,1,0.0,1998,1998,1998,Ki,B,1
PAYFXMBBNMGHKZ-UHFFFAOYSA-N,CN(C(=O)c1ccccc1)c1cc(C(=O)NC2CCCCC2)ccc1-c1ccc(F)cc1,8.455931955649724,1,0.0,2002,2002,2002,IC50,B,1
QMKDGEPXNSIOML-UHFFFAOYSA-N,Cc1ccccc1-c1cnc(N2CCN(C)CC2)nc1C(=O)N(C)Cc1cc(C(F)(F)F)cc(C(F)(F)F)c1,8.455931955649724,1,0.0,2006,2006,2006,Ki,B,1
VGUKDVJSFQFTIS-SQNIBIBYSA-N,NC(=O)N[C@@H]1CC[C@H](OCc2cc(C(F)(F)F)cc(C(F)(F)F)c2)[C@H]1c1ccccc1,8.455931955649724,1,0.0,2006,2006,2006,IC50,B,1
AHUMDZDJKIBEFH-UHFFFAOYSA-N,Cc1cc(F)ccc1-c1cc(N2CCC(CC(=O)O)C(C)C2)ncc1N(C)C(=O)C(C)(C)c1cc(C(F)(F)F)cc(C(F)(F)F)c1,8.450996737974211,1,0.0,2018,2018,2018,IC50,B,1
GCBHRSJNRKIGLN-DBCLQSBCSA-N,C/C(CN1CCN(C(=O)c2cc(C(F)(F)F)cc(C(F)(F)F)c2)[C@H](Cc2c[nH]c3ccccc23)C1)=N/OCc1ccccn1,8.449987134946069,2,0.6363779091341424,2006,2006,2006,Kd;Ki,B;F,1
BVLMVGJWTZPXLY-BCAQGFRRSA-N,O=C(c1cc(C(F)(F)F)cc(C(F)(F)F)c1)N1CCN(CC/C(=N\OCCN2CCOCC2)c2ccccc2)C[C@H]1Cc1c[nH]c2ccccc12,8.449987134946069,2,0.6363779091341424,2006,2006,2006,Kd;Ki,B;F,1
VUSRUVIDWSRKBU-POSUKJBFSA-N,CSCC[C@H](NC(=O)[C@H](Cc1ccccc1)NC(=O)CNC(=O)[C@@H](C)NC(=O)[C@@H](N)Cc1ccc(O)cc1)C(=O)N1CCC[C@H]1C(=O)N[C@@H](CC(C)C)C(=O)N[C@@H](Cc1c[nH]c2ccccc12)C(=O)NCc1ccccc1,8.447428922047997,2,0.06706356224235635,2008,2008,2008,IC50;Ki,B,1
MCUGZTRVJVPHRW-CRDWDMSXSA-N,Cc1cc(O)cc(C)c1C[C@H](N)C(=O)N[C@H](CCCNC(=N)N)C(=O)N[C@H]1Cc2ccccc2CN(CCC(=O)N2CC[C@@H](C(=O)N(C)Cc3cc(C(F)(F)F)cc(C(F)(F)F)c3)[C@H](c3ccccc3)C2)C1=O,8.446938562996673,2,0.38792986200783036,2015,2015,2015,Ki,B,1
XJRHWGMMLUJUMV-DDEZQWHHSA-N,CC(=O)N1C[C@H](O[C@H](C)c2cc(C(F)(F)F)cc(C(F)(F)F)c2)[C@@H](c2ccc(F)cc2)[C@@H]1CO,8.444200737559804,2,1.52548106795197,2010,2010,2010,IC50,B,1
QNABWLPZWWNWJT-RIOIIYTLSA-N,CN(C(=O)c1cc(C(F)(F)F)cc(C(F)(F)F)c1)[C@@H](/C=C/C(=O)N[C@@H]1CCCCNC1=O)Cc1cc(Cl)c(Cl)s1,8.443697499232712,1,0.0,2001,2001,2001,IC50,B,1
ATMHFQDWDFHUDF-UPYVZJKUSA-N,CN(C(=O)c1cc(C(F)(F)F)cc(C(F)(F)F)c1)[C@@H](/C=C/C(=O)N[C@H]1CCCCNC1=O)Cc1ccc(Cl)cc1,8.443697499232712,1,0.0,2000,2000,2000,IC50,B,1
NHCPLSKEMYTBPE-CWTRNNRKSA-N,C[C@@H](OC[C@@]1(c2ccc(F)cc2)CN(C)C(=O)N1)c1cc(C(F)(F)F)cc(C(F)(F)F)c1,8.443697499232712,1,0.0,2006,2006,2006,Ki,B,1
PSLREODRWYTHEC-ZHHJKBAOSA-N,C[C@@H](O[C@@H]1[C@@H](c2ccccc2)CN(C(=O)OC(C)(C)C)[C@H]1CO)c1cc(C(F)(F)F)cc(C(F)(F)F)c1,8.443697499232712,1,0.0,2008,2008,2008,IC50,B,1
WWDAJXARVJHRBI-UHFFFAOYSA-N,FC(F)(F)c1cc(Cl)cc(COCC2(c3ccccc3)CCNCC2)c1,8.443697499232712,1,0.0,2013,2013,2013,IC50,B,1
TZYWVNRQPJYYMS-SQNIBIBYSA-N,N[C@@H]1CC[C@H](OCc2cc(C(F)(F)F)cc(C(F)(F)F)c2)[C@H]1c1ccccc1,8.441198654154958,2,0.2787040303824461,2006,2006,2006,IC50,B,1
QQBRRNTWHAAEFM-BUALBWRZSA-N,O=C(C[C@H]1CCC[C@H](OCc2cc(C(F)(F)F)cc(C(F)(F)F)c2)[C@@H]1c1ccccc1)NCc1cccnc1,8.431798275933005,1,0.0,1995,1995,1995,IC50,B,1
QOPIOMWNHRCPAA-DQEYMECFSA-N,CC(=O)N1CCC(C(=O)N2C[C@H](C(=O)N(C)Cc3cc(C(F)(F)F)cc(C(F)(F)F)c3)[C@H](c3ccccc3)C2)CC1,8.431798275933005,1,0.0,2007,2007,2007,IC50,B,1
HIHKWWMEJLAOLH-VQTJNVASSA-N,CCNC(=O)N1CC[C@@H](NCc2cc(OC(F)(F)F)ccc2OC)[C@H](c2ccccc2)C1,8.431798275933005,1,0.0,2011,2011,2011,IC50,B,1
GRIDHXFOQBIQKT-UHFFFAOYSA-N,CN1CCC(COCc2cc(C(F)(F)F)cc(C3CC3)n2)(c2cccc(F)c2)CC1,8.431798275933005,1,0.0,2013,2013,2013,IC50,B,1
SBBYBXSFWOLDDG-XOBRGWDASA-N,Cc1cc(F)ccc1[C@@H]1CNCCN1C(=O)N(C)[C@@H](C)c1cc(C(F)(F)F)cc(C(F)(F)F)c1,8.430041181903405,1,0.0,2009,2009,2009,Ki,B,1
AZCUMNBSXUJQAB-FLASPHMUSA-N,CC(C)C[C@](Cc1c[nH]c2ccccc12)(NC(=O)OCc1cc2ccccc2o1)C(=O)N[C@@H](C)c1ccccc1,8.421360790031928,1,0.0,2001,2001,2001,IC50,B,1
BBASVKVVEFLJCU-JVKBCILWSA-N,CN(Cc1ccccc1)C(=O)[C@H](Cc1ccc2ccccc2c1)NC(=O)[C@H]1C[C@H](O)CN1C(=O)c1cn(CCCCc2nnn[nH]2)c2ccccc12,8.420818753952375,2,0.5700553264608014,1997,1997,1997,Ki,B,1
SRUVIRMFXGIZDE-QFIPXVFZSA-N,O=C(Cc1c[nH]cn1)N[C@@H](Cc1c[nH]c2ccccc12)C(=O)CCc1cc(C(F)(F)F)cc(C(F)(F)F)c1,8.42021640338319,1,0.0,1995,1995,1995,IC50,B,1
UFSLDNNKWKEDNS-OCZFFWILSA-N,CCCCCN(CCCCC)C(=O)[C@H]1CCN(C(=O)N(c2ccccc2)c2cccc(Cl)c2)[C@H](C(=O)NCCN(CC(N)=O)Cc2ccccc2OC)C1,8.42021640338319,1,0.0,1995,1995,1995,IC50,B,1
HOFQNBZCEZYVOE-CONSDPRKSA-N,CNC(=O)c1ccccc1NC(=O)N1CCC[C@H]1C(=O)N[C@@H](Cc1ccc2ccccc2c1)C(=O)N(C)Cc1ccccc1,8.42021640338319,1,0.0,1998,1998,1998,Ki,B,1
OKDHOBUTPGFORX-UHFFFAOYSA-N,Cc1ccccc1-c1cccnc1C(=O)N(C)Cc1cc(C(F)(F)F)cc(C(F)(F)F)c1,8.42021640338319,1,0.0,2006,2006,2006,Ki,B,1
QTKOZNOELLHMIX-PQRANODCSA-N,C[C@@H](O[C@H]1CN2C(=O)[C@@H]3C[C@H](NCc4ccccc4)C[C@@H]3[C@H]2[C@@H]1c1ccc(F)cc1)c1cc(C(F)(F)F)cc(C(F)(F)F)c1,8.403437700822769,2,0.7316873022507635,2010,2010,2010,IC50,B,1
WMFBTXOYXGAIPY-BNHMMOKISA-N,CN1C(=O)OC2(CCN(CC[C@@](C)(C(=O)N(C)[C@H](Cc3ccccc3)C(=O)NCCCN)c3ccc(Cl)c(Cl)c3)CC2)c2cc(F)ccc21,8.400007822415901,1,0.0,2014,2014,2014,Ki,B,1
OXQZXDGLSIMETJ-UHFFFAOYSA-N,NC(=O)CNC(COCc1cc(C(F)(F)F)cc(C(F)(F)F)c1)C(CCN1CCC(O)(c2ccccc2)CC1)c1ccc(Cl)c(Cl)c1,8.397940008672037,1,0.0,2000,2000,2000,Ki,B,1
BQVBUTSGRMTRRM-JSKGAOECSA-N,CO/N=C(\CN(C)C(=O)c1cc(C(F)(F)F)cc(C(F)(F)F)c1)C(CCN1CCC(O)(c2ccccc2)CC1)c1ccc(Cl)c(Cl)c1,8.397940008672037,1,0.0,2002,2002,2002,Ki,B,1
SPAGCMPPUGYUHY-UHFFFAOYSA-N,COc1ccccc1CN(CC(Cc1c[nH]c2ccccc12)NC(=O)CN1CCN(c2ccccc2)CC1)S(C)(=O)=O,8.397940008672037,1,0.0,1996,1996,1996,IC50,B,1
HLLXSXCPLYJSSX-MULCNKJOSA-N,CO/N=C(\COCc1cc(C(F)(F)F)cc(C(F)(F)F)c1)C(CCN1CCC(N2CCC(O)C2)CC1)c1ccc(Cl)c(Cl)c1,8.397940008672037,1,0.0,2001,2001,2001,Ki,B,1
FBKJXYVRFOSKLQ-UHFFFAOYSA-N,CN(C)C(=O)c1ccc(-c2ccc(Cl)cc2)c(N(C)C(=O)c2cc(C(F)(F)F)cc(C(F)(F)F)c2)c1,8.397940008672037,1,0.0,2002,2002,2002,IC50,B,1
TXCOOUMGWHPYDI-UHFFFAOYSA-N,Cc1ccccc1-c1cccnc1N(C)C(=O)C(C)(C)c1cc(C(F)(F)F)cc(C(F)(F)F)c1,8.397940008672037,1,0.0,2006,2006,2006,Ki,B,1
XVLDBIMEHYLVSD-UHFFFAOYSA-N,COc1ccc(F)cc1CN1CCC(=O)C(C(c2ccc(F)cc2)c2ccc(F)cc2)C1,8.397940008672037,1,0.0,2011,2011,2011,IC50,B,1
GHXADUNCOKFSDJ-UHFFFAOYSA-N,Cc1cc(F)ccc1-c1cc(C2CCC(CC(=O)O)CC2)nc(C#N)c1N(C)C(=O)C(C)(C)c1cc(C(F)(F)F)cc(C(F)(F)F)c1,8.396855627379818,2,0.0,2017,2018,2017,IC50,B,2
SQHKCBLNRNKPNQ-HMPIOLDBSA-N,COc1ccccc1CNC1C2CC3CCCC(C2)N3[C@H]1C(c1ccccc1)c1ccccc1,8.387216143280265,1,0.0,1994,1994,1994,IC50,B,1
YJTMHZTWZXTPJA-PKTZIBPZSA-N,CN(Cc1cc(C(F)(F)F)cc(C(F)(F)F)c1)C(=O)[C@H]1CN(C(=O)C2CCNCC2)C[C@@H]1c1ccccc1,8.387216143280265,1,0.0,2007,2007,2007,IC50,B,1
YJQXBEODOOOJJQ-PTYIZKHBSA-N,Cc1cc(C2=CC(=O)N3C[C@H](O[C@H](C)c4cc(C(F)(F)F)cc(C(F)(F)F)c4)[C@@H](c4ccc(F)cc4)C3C2)ccn1,8.380475453429904,2,1.2896982389871456,2010,2010,2010,IC50,B,1
MFUVQFBLROCQDR-YALZGCRRSA-N,Fc1ccc(C2CCN([C@H]3CC[C@](COCc4cc(C(F)(F)F)cc(C(F)(F)F)c4)(c4ccccc4)CC3)CC2)cc1,8.3767507096021,1,0.0,2002,2002,2002,IC50,B,1
FVYJZIDKUKSJMY-UHFFFAOYSA-N,Cc1cc2c(-c3ccccc3)c(NC(=O)N(C)Cc3ccccc3Cl)n(C)c(=O)c2cc1C,8.3767507096021,1,0.0,1995,1995,1995,IC50,B,1
GANKFCOOGASGPI-CONSDPRKSA-N,CN(Cc1ccccc1)C(=O)[C@H](Cc1ccc2ccccc2c1)NC(=O)[C@@H]1CCCN1C(=O)Nc1cccc(C#N)c1,8.3767507096021,1,0.0,1998,1998,1998,Ki,B,1
AMMYHLCZPFCXBC-LJCGVHFMSA-N,C[C@@H](OC1CCC2CCC1(c1ccccc1)N2)c1cc(C(F)(F)F)cc(C(F)(F)F)c1,8.3767507096021,1,0.0,2006,2006,2006,IC50,B,1
UKGDHYIOCFNBIP-HNNXBMFYSA-N,O=C(N[C@@H](Cc1ccccc1)C(=O)NO)OCc1ccccc1,8.3767507096021,1,0.0,2014,2014,2014,IC50,B,1
VTWPYQOXXLXWJD-OXSQTJFYSA-N,Cc1cc(O)cc(C)c1C[C@H](N)C(=O)N[C@H](CCCNC(=N)N)C(=O)N[C@@H](Cc1ccccc1)C(=O)N[C@@H](CCCCN)CC(=O)N1CC[C@@H](C(=O)N(C)Cc2cc(C(F)(F)F)cc(C(F)(F)F)c2)[C@H](c2ccccc2)C1,8.368466158885504,2,0.4088649239187793,2015,2015,2015,Ki,B,1
SXRVBMVPBAKYEN-UHFFFAOYSA-N,CC(OCC(N)c1ccccc1)c1cc(C(F)(F)F)cc(C(F)(F)F)c1,8.366531544420413,1,0.0,1995,1995,1995,IC50,B,1
RLHGGWYQVKICLX-UHFFFAOYSA-N,COc1ccccc1C(C1CCCCN1C(=O)Cc1cc(C(F)(F)F)cc(C(F)(F)F)c1)N1CCC(N2CCCCC2)CC1,8.366531544420413,1,0.0,2000,2000,2000,IC50,B,1
BQQPMKLRRRAGKG-UHFFFAOYSA-N,CN(Cc1cc(C(F)(F)F)cc(C(F)(F)F)c1)C(=O)c1c(-c2ccccc2)c2ccccc2n2cncc12,8.366531544420413,1,0.0,2008,2008,2008,IC50,B,1
KYAGVGRXHALGSE-UHFFFAOYSA-N,Cc1cc(C)cc(COCC(C(c2ccccc2)c2ccccc2)N(C)C)c1,8.356547323513812,1,0.0,1994,1994,1994,IC50,B,1
WURNQCAQSFGZBA-UHFFFAOYSA-N,Cc1ccc(-c2c(C(=O)N(C)Cc3cc(C)cc(C)c3)n(C)c(=O)c3ncccc23)cc1,8.356547323513812,1,0.0,1995,1995,1995,IC50,B,1
UBQDOJPOYGFWGG-BNQVVEKUSA-N,C[C@@H](O[C@H]1[C@H](c2ccc(F)cc2)CN(C(=O)OC(C)(C)C)[C@H]1CO)c1cc(C(F)(F)F)cc(C(F)(F)F)c1,8.356547323513812,1,0.0,2008,2008,2008,IC50,B,1
NXJPCNJOCJTWTO-OYRHEFFESA-N,Cc1cc(F)ccc1-c1cc([C@H]2CC[C@@H](C(C)(C)C(=O)O)CC2)ncc1N(C)C(=O)C(C)(C)c1cc(C(F)(F)F)cc(C(F)(F)F)c1,8.350665141287859,2,0.0,2017,2018,2017,IC50,B,2
BHCJHYIMNHXLOM-WVDRJWPYSA-N,CN(C(=O)c1cc(C(F)(F)F)cc(C(F)(F)F)c1)[C@@H](/C=C/C(=O)N[C@@H]1CCCCNC1=O)Cc1ccc(Cl)c(Cl)c1,8.349363433749058,2,0.04328154097644127,2001,2003,2002,IC50;Ki,B,2
AXHGMEAMIKHBDC-UHFFFAOYSA-N,COc1ccccc1CN(CC(Cc1c[nH]c2ccccc12)NC(=O)CN1CCC(c2ccccc2)CC1)C(C)=O,8.346787486224656,1,0.0,1996,1996,1996,IC50,B,1
OEVUUUYSUGCHHG-UHFFFAOYSA-N,O=C1NCC(COCc2cc(C(F)(F)F)cc(C(F)(F)F)c2)(c2ccc(F)cc2)N1,8.346787486224656,1,0.0,2006,2006,2006,Ki,B,1
OZUBKKRURPSIKW-UHFFFAOYSA-N,Clc1cc(Cl)cc(COCC2(c3ccccc3)CCNCC2)c1,8.337242168318426,2,0.0,1995,1998,1996,IC50,B;F,2
AVTGCBVHVNCGHL-UHFFFAOYSA-N,O=C(Cc1cc(C(F)(F)F)cc(C(F)(F)F)c1)NCC(c1cccc(F)c1)N1CCC(N2CCCCC2)CC1,8.337242168318426,1,0.0,2000,2000,2000,IC50,B,1
UEMMIMGZPQLHRL-UHFFFAOYSA-N,COc1cccc(CN(CC(Cc2c[nH]c3ccccc23)NC(=O)CN2CCN(c3ccccc3)CC2)C(C)=O)c1,8.337242168318426,1,0.0,1996,1996,1996,IC50,B,1
SCPYZUAEPUWQKQ-UHFFFAOYSA-N,Cc1ccccc1-c1cnccc1C(=O)N(C)Cc1cc(C(F)(F)F)cc(C(F)(F)F)c1,8.337242168318426,1,0.0,2006,2006,2006,Ki,B,1
AKEYXGPKHUFLHK-UHFFFAOYSA-N,Cc1cc(F)ccc1-c1cc(N2CCC(CC(=O)O)C(C)(C)C2)ncc1N(C)C(=O)C(C)(C)c1cc(C(F)(F)F)cc(C(F)(F)F)c1,8.336299074610352,1,0.0,2018,2018,2018,IC50,B,1
XWSOHSQAJGNFGQ-XFJIVUHKSA-N,O=C(OCc1cc(C(F)(F)F)cc(C(F)(F)F)c1)[C@H](Cc1c[nH]c2ccccc12)NC(=O)[C@H]1C[C@H](O)CN1C(=O)c1cn(CCCCc2nnn[nH]2)c2ccccc12,8.332773124424534,2,0.40590140202338054,1997,1997,1997,Ki,B,1
QWONJGQDISCJGP-UHFFFAOYSA-N,Cc1cc(F)ccc1-c1cc(N2CCC(C(C)(C)C(=O)O)CC2)ncc1N(C)C(=O)C(C)(C)c1cc(C(F)(F)F)cc(C(F)(F)F)c1,8.332547047110046,1,0.0,2018,2018,2018,IC50,B,1
CXFWIZDXIZCABO-AWQADKOQSA-N,CO/N=C(\CN(C)C(=O)c1cc(Cl)cc(Cl)c1)C(CCN1CCC(N2CCCCC2=O)CC1)c1ccc(Cl)c(Cl)c1,8.327902142064282,1,0.0,2002,2002,2002,Ki,B,1
HXMZUPPJLGAPIV-SMTCOIIISA-N,COC(=O)CO/N=C(\CN(C)C(=O)c1cc(Cl)cc(Cl)c1)C(CCN1CCC(N2CCCCC2=O)CC1)c1ccc(Cl)c(Cl)c1,8.327902142064282,1,0.0,2002,2002,2002,Ki,B,1
RAMQTGXNUULPTD-JDXGNMNLSA-N,CN(Cc1ccccc1)C(=O)[C@H](Cc1cn(C)c2ccccc12)NC(=O)[C@@H]1CCCN1/C(S)=N/Cc1ccccc1Cl,8.327902142064282,1,0.0,1998,1998,1998,Ki,B,1
BZPPUKJKOJHWKN-PIPMEXSNSA-N,CN(Cc1n[nH]c(O)n1)C[C@H]1CC[C@H](OCc2cc(C(F)(F)F)cc(C(F)(F)F)c2)[C@@H]1c1ccccc1,8.327902142064282,1,0.0,2006,2006,2006,IC50,B,1
SVNARMJNQZDVGN-UHFFFAOYSA-N,FC(F)(F)c1cc(COCC2(c3ccccc3)CCC(N3CCCCC3)C2)cc(C(F)(F)F)c1,8.327902142064282,1,0.0,2014,2014,2014,IC50,B,1
ZUDBSAASSLDPJS-SANMLTNESA-N,CS(=O)(=O)Nc1ccccc1N1CCN(C(=O)[C@H](COCc2ccc(Cl)c(Cl)c2)NCc2ccccc2)CC1,8.318758762624412,1,0.0,1998,1998,1998,IC50,B,1
XYBXCIWXRFPEBP-UHFFFAOYSA-N,CN(CC(c1ccc2c(c1)OCO2)N1CCC(N2CCCCC2)CC1)C(=O)Cc1cc(C(F)(F)F)cc(C(F)(F)F)c1,8.318758762624412,1,0.0,2000,2000,2000,IC50,B,1
AFZUBBFQMWDRAV-UHFFFAOYSA-N,Cc1nc(N2CCN(C)CC2)cc(-c2ccccc2)c1C(=O)N(C)Cc1cc(C(F)(F)F)cc(C(F)(F)F)c1,8.318758762624412,1,0.0,2011,2011,2011,IC50,B,1
DVGKWMUXDYVBPX-PMACEKPBSA-N,CCN1CC[C@H](NCc2cc(OC(F)(F)F)ccc2OC)[C@H](c2ccccc2)C1,8.318758762624412,1,0.0,2011,2011,2011,IC50,B,1
XQDUWGMNQFZUNQ-UHFFFAOYSA-N,COc1ccccc1N1CCN(C(=O)CCc2c(-c3ccc(Cl)cc3)[nH]c3cc(Cl)ccc23)CC1,8.309803919971486,1,0.0,2001,2001,2001,IC50,B,1
WKVJTXKYRCNGPX-HARLFGEKSA-N,CN(CC[C@@H]1CC[C@H](OCc2cc(C(F)(F)F)cc(C(F)(F)F)c2)[C@H]1c1ccccc1)Cc1n[nH]c(O)n1,8.309803919971486,1,0.0,2006,2006,2006,IC50,B,1
IYOXNASDXZTFMJ-UHFFFAOYSA-N,O=C1CCN(Cc2ccccc2C(F)(F)F)CC1C(c1ccc(F)cc1)c1ccc(F)cc1,8.309803919971486,1,0.0,2011,2011,2011,IC50,B,1
AOCBCZSDWBMPHN-UHFFFAOYSA-N,Cc1cc(F)ccc1-c1cc(C2CCC(CC(=O)O)CC2)nc(CO)c1N(C)C(=O)C(C)(C)c1cc(C(F)(F)F)cc(C(F)(F)F)c1,8.304518323509802,2,0.0,2017,2018,2017,IC50,B,2
RLEVBHOVASXXPT-NRFANRHFSA-N,CN(C)CC(=O)N[C@@H](Cc1c[nH]c2ccccc12)C(=O)CCc1cc(C(F)(F)F)cc(C(F)(F)F)c1,8.301029995663981,1,0.0,1995,1995,1995,IC50,B,1
OXQZXDGLSIMETJ-LITSAYRRSA-N,NC(=O)CN[C@H](COCc1cc(C(F)(F)F)cc(C(F)(F)F)c1)[C@@H](CCN1CCC(O)(c2ccccc2)CC1)c1ccc(Cl)c(Cl)c1,8.301029995663981,1,0.0,2000,2000,2000,Ki,B,1
QAIJDUKQZAHNMO-LYQDPQKGSA-N,CO/N=C(\CN(C)C(=O)Nc1cc(C(F)(F)F)cc(C(F)(F)F)c1)C(CCN1CCC(O)(c2ccccc2)CC1)c1ccc(Cl)c(Cl)c1,8.301029995663981,1,0.0,2002,2002,2002,Ki,B,1
SUIAZXTYRYLIFJ-PNFNHJRFSA-N,CO/N=C(\CN(C)C(=O)c1cc(OC)c(Br)c(OC)c1)C(CCN1CCC(O)(c2ccccc2)CC1)c1ccc(Cl)c(Cl)c1,8.301029995663981,1,0.0,2002,2002,2002,Ki,B,1
HPNPIPKYYHLBEB-XKMRCYARSA-N,CO/N=C(\CN(C)C(=O)c1cc(OC)cc(OC)c1)C(CCN1CCC(O)(c2ccccc2)CC1)c1ccc(Cl)c(Cl)c1,8.301029995663981,1,0.0,2002,2002,2002,Ki,B,1
XYYQBJLKFVMOJL-UHFFFAOYSA-N,CC(C)Oc1cccc(CC(=O)NCC(c2ccc(Cl)c(Cl)c2)N2CCC(N3CCCCC3)CC2)c1,8.301029995663981,1,0.0,2000,2000,2000,IC50,B,1
LAHQYYRYGAYWRW-KYJUHHDHSA-N,CN(Cc1ccccc1)C(=O)[C@H](Cc1ccc2ccccc2c1)NC(=O)[C@@H]1CCCN1C(=O)Nc1cccc(C(N)=O)c1,8.301029995663981,1,0.0,1998,1998,1998,Ki,B,1
GGDPOHRNDFHTNA-SVBPBHIXSA-N,CN(Cc1ccccc1)C(=O)[C@H](Cc1ccc(Cl)c(Cl)c1)NC(=O)[C@@H]1CCCN1/C(S)=N/Cc1ccccc1Cl,8.301029995663981,1,0.0,1998,1998,1998,Ki,B,1
DJOMTTZOLFQUNF-QGZVFWFLSA-N,FC(F)(F)c1cc(COC[C@@H](NCc2nc[nH]n2)c2ccccc2)cc(C(F)(F)F)c1,8.301029995663981,1,0.0,1998,1998,1998,IC50,B,1
MHGTZHZAQAFNNE-DUQWPARQSA-N,CSCC[C@H](NC(=O)[C@H](CC(C)C)NC(=O)CN1CCCNC(=O)CCCCC(=O)N[C@H](CCCN=C(N)N)C(=O)N[C@@H](Cc2ccccc2)C(=O)N[C@H](Cc2ccccc2)C1=O)C(N)=O,8.301029995663981,1,0.0,1994,1994,1994,EC50,B,1
NPFFIZUPJRNPPA-AABGKKOBSA-N,CN(C)C(=O)N[C@@H]1CC[C@H](OCc2cc(C(F)(F)F)cc(C(F)(F)F)c2)[C@H]1c1ccccc1,8.301029995663981,1,0.0,2006,2006,2006,IC50,B,1
WEQFWNUSYJUVBN-OYDLWJJNSA-N,FC(F)(F)c1cc(CO[C@H]2CC[C@@H](CN3CCCCC3)[C@@H]2c2ccccc2)cc(C(F)(F)F)c1,8.301029995663981,1,0.0,2006,2006,2006,IC50,B,1
PYALTOQQRPEMLM-UHFFFAOYSA-N,Brc1cc(Br)cc(COCC(c2ccccc2)N2CCNCC2)c1,8.299988937677888,1,0.0,2003,2003,2003,Ki,B,1
CSQCMKYFLRHQKN-UHFFFAOYSA-N,Fc1ccccc1C(COCc1cc(C(F)(F)F)cc(C(F)(F)F)c1)N1CCNCC1,8.299988937677888,2,0.0,2002,2003,2002,IC50;Ki,B,2
DBKZTQXVXUMAQV-UHFFFAOYSA-N,O=C1CCC(CCN2CC(N3CCNCC3)C2)(c2ccc(Cl)c(Cl)c2)CN1Cc1ccccc1,8.299988937677888,1,0.0,2002,2002,2002,Kd,B,1
BGDPOOZYXVGESF-UHFFFAOYSA-N,NC(=O)N1CCN(C2CN(CCC3(c4ccc(Cl)c(Cl)c4)CCC(=O)N(CC4CC4)C3)C2)CC1,8.299988937677888,1,0.0,2002,2002,2002,Kd,B,1
YTHPCALZPXHNGA-SAUDROSCSA-N,CN(C(=O)Cc1ccccc1)[C@H](Cc1ccc2ccccc2c1)NC(=O)[C@@H]1CCCC[C@@H]1NC(=O)c1c[nH]c2ccccc12,8.299988937677888,1,0.0,1998,1998,1998,IC50,B,1
CUNYOKSBVRXIJJ-UHFFFAOYSA-N,Cc1cc(C)cc(CN(C)C(=O)c2c(-c3ccc(F)cc3)c3cccnc3c(=O)n2C)c1,8.292429823902063,1,0.0,1995,1995,1995,IC50,B,1
DNKOFMRKTNVFCE-UHFFFAOYSA-N,CS(=O)(=O)N1CC2C(=O)N(c3ccccc3)C(=O)C2C12CCN(C(=O)c1cc(C(F)(F)F)cc(C(F)(F)F)c1)CC2,8.289967300934247,1,0.0,2002,2002,2002,Ki,B,1
ATLZVWRXMUZKNV-RBYRPSCESA-N,CC(C)C[C@H](NC(=O)[C@@H]1CCCN1C(=O)[C@@H]1CSSC[C@@H](NC(=O)[C@@H](N)Cc2ccc(O)cc2)C(=O)NCC(=O)N[C@@H](Cc2ccccc2)C(=O)N1)C(=O)N[C@@H](Cc1c[nH]c2ccccc12)C(=O)NCc1cc(C(F)(F)F)cc(C(F)(F)F)c1,8.285909917145492,2,0.20631729558965275,2009,2009,2009,IC50;Ki,B,1
JHUWNMRWMBJVFR-UHFFFAOYSA-N,COc1ccccc1N1CCN(C(=O)CCc2c(-c3ccc(Cl)cc3)n(C(C)C)c3ccc(Cl)cc23)CC1,8.2839966563652,1,0.0,2001,2001,2001,IC50,B,1
WNRUNEPPOHUHGY-UHFFFAOYSA-N,O=C(Cc1cc(C(F)(F)F)cc(C(F)(F)F)c1)NCC(c1ccc(Cl)c(Cl)c1)N1CCC(N(CCO)CCO)CC1,8.2839966563652,1,0.0,2000,2000,2000,IC50,B,1
KTYSLTJQOIHOCO-HKBOAZHASA-N,Oc1nc(CN[C@@H]2CC[C@H](OCc3cc(C(F)(F)F)cc(C(F)(F)F)c3)[C@H]2c2ccccc2)c[nH]1,8.2839966563652,1,0.0,2006,2006,2006,IC50,B,1
HHBOFAIEPRHUSR-HNNXBMFYSA-N,NC(=O)[C@H](Cc1ccccc1)NC(=O)OCc1ccccc1,8.2839966563652,3,0.04410283204721591,2014,2014,2014,IC50;Ki,B,1
ASGWHETWQGYRFP-MGPCXNFUSA-N,CC(OC[C@]1(c2ccccc2)CC[C@@H](N2CCC(c3ccc(F)cc3)CC2)CC1)c1cc(C(F)(F)F)cc(C(F)(F)F)c1,8.275724130399212,1,0.0,2002,2002,2002,IC50,B,1
WSYQSMJFBSIBRN-UHFFFAOYSA-N,O=C(c1cc(C(F)(F)F)cc(C(F)(F)F)c1)N1CCN(C(=O)CNC2CCN(Cc3ccccc3)CC2)C(c2ccc(Cl)c(Cl)c2)C1,8.275724130399212,1,0.0,2002,2002,2002,Ki,B,1
MNHHQPNNELRPSH-UHFFFAOYSA-N,CC(=O)N1CCC(COCc2cc(C(F)(F)F)cc(C(F)(F)F)c2)(c2ccccc2)CC1,8.275724130399212,1,0.0,1998,1998,1998,IC50,B,1
METKAKBIYIJIEG-UHFFFAOYSA-N,COc1ccccc1CN(CC(Cc1c[nH]c2ccccc12)NC(=O)CN1CCN(C)CC1)C(C)=O,8.275724130399212,1,0.0,1996,1996,1996,IC50,B,1
ZLUBYOYFKPXERH-GBESFXJTSA-N,COC(=O)N[C@H]1CC[C@H](OCc2cc(C(F)(F)F)cc(C(F)(F)F)c2)[C@@H]1c1ccccc1,8.275724130399212,1,0.0,2006,2006,2006,IC50,B,1
SQUYFZZDIQUCSM-UHFFFAOYSA-N,CN1CCC(COCc2cc(C(F)(F)F)cc(C3(F)CC3)n2)(c2ccccc2)CC1,8.275724130399212,1,0.0,2013,2013,2013,IC50,B,1
UTEKOQDHDIGPGY-UHFFFAOYSA-N,CN1CCC(COCc2cc(C(F)(F)F)cc(C3(F)CC3)n2)(c2ccc(F)cc2)CC1,8.275724130399212,1,0.0,2013,2013,2013,IC50,B,1
VFTBMHHOSKDGPC-UHFFFAOYSA-N,O=C(Cc1cc(C(F)(F)F)cc(C(F)(F)F)c1)NCC(c1ccccc1)N1CCC(N2CCCCC2)CC1,8.267606240177031,1,0.0,2000,2000,2000,IC50,B,1
KNNCZVVJJSCZNH-WPIMGRBNSA-N,CC(C)C[C@H](NC(=O)[C@@H]1CCCN1C(=O)[C@@H](Cc1ccccc1)NC(=O)[C@H](Cc1ccccc1)NC(=O)CNC(=O)[C@@H](C)NC(=O)[C@@H](N)Cc1ccc(O)cc1)C(=O)N[C@@H](Cc1c[nH]c2ccccc12)C(=O)OCc1cc(C(F)(F)F)cc(C(F)(F)F)c1,8.261439372640169,2,0.3697311065260401,2007,2007,2007,IC50;Ki,B,1
KYAGVGRXHALGSE-RUZDIDTESA-N,Cc1cc(C)cc(COC[C@H](C(c2ccccc2)c2ccccc2)N(C)C)c1,8.259834806873123,2,0.0002793020412507576,1994,1998,1996,IC50,B,2
BXUMHQJTHQBGLJ-VBTAUBHQSA-N,CCCCCN(CCCCC)C(=O)[C@H]1CCN(C(=O)N(c2ccccc2)c2ccccc2)[C@H](C(=O)NCCCN(CC)CC)C1,8.259637310505756,1,0.0,1995,1995,1995,IC50,B,1
AMWBDZUOJRHESG-UHFFFAOYSA-N,Cn1c(-c2ccc(Cl)cc2)c(CCC(=O)N2CCC(O)(Cc3ccccc3)CC2)c2cc(-c3ccncc3)ccc21,8.259637310505756,1,0.0,2001,2001,2001,IC50,B,1
AWWGZGHNVPCKFM-UHFFFAOYSA-N,Cn1c(-c2ccc(Cl)cc2)c(CCC(=O)N2CCC(O)(Cc3ccccc3)CC2)c2cc(-c3cccnc3)ccc21,8.259637310505756,1,0.0,2001,2001,2001,IC50,B,1
BRLRPZHZRJLASK-UHFFFAOYSA-N,CCOC(=O)N(Cc1ccccc1OC)CC(Cc1c[nH]c2ccccc12)NC(=O)CN1CCN(c2ccccc2)CC1,8.259637310505756,1,0.0,1996,1996,1996,IC50,B,1
DXEFXSRUSKJPOC-UHFFFAOYSA-N,Cc1cc(F)ccc1-c1cc(C2CCC(CC(=O)O)CC2)nc(Cl)c1N(C)C(=O)C(C)(C)c1cc(C(F)(F)F)cc(C(F)(F)F)c1,8.258848401148216,2,0.0,2017,2018,2017,IC50,B,2
NNGQEROFSCIFQE-UHFFFAOYSA-N,COc1ccccc1N1CCN(C(=O)CCc2c(-c3ccccc3)[nH]c3ccc(Cl)cc23)CC1,8.2518119729938,1,0.0,2001,2001,2001,IC50,B,1
GKSQDEZTFBLUHC-OALUTQOASA-N,CN(Cc1cc(C(F)(F)F)cc(C(F)(F)F)c1)C(=O)[C@H]1CCNC[C@H]1c1ccccc1,8.2518119729938,1,0.0,2012,2012,2012,IC50,B,1
IQKIYBUXSZWUTP-MHCDBONUSA-N,CC(C)C[C@H](NC(=O)[C@@H]1CCCN1C(=O)[C@H](Cc1ccc(F)cc1)NC(=O)CNC(=O)[C@H](C)NC(=O)[C@@H](N)Cc1ccc(O)cc1)C(=O)N[C@@H](Cc1c[nH]c2ccccc12)C(=O)NCc1cc(C(F)(F)F)cc(C(F)(F)F)c1,8.2518119729938,1,0.0,2015,2015,2015,Ki,B,1
VLLJECVRBGSGCF-UHFFFAOYSA-N,Clc1cc(Cl)cc(COC2C3CCN(CC3)C2C(c2ccccc2)c2ccccc2)c1,8.2508447231052,2,0.2900371457340317,1995,1995,1995,IC50,B,1
ZYXOHIFOHNDXGD-VOKJVERTSA-N,CO/N=C(/C)CN1CCN(C(=O)c2cc(C(F)(F)F)cc(C(F)(F)F)c2)[C@H](Cc2c[nH]c3ccccc23)C1,8.250011629933255,2,0.212126649713284,2006,2006,2006,Kd;Ki,B;F,1
WBWPKPCFEIYLFZ-UHFFFAOYSA-N,FC(F)(F)c1cc(COCC(c2ccc(Cl)c(Cl)c2)N2CCNCC2)cc(C(F)(F)F)c1,8.249979789216876,2,0.0707236159962923,2002,2003,2002,IC50;Ki,B,2
VBQVVZXNISQKJF-FIPWLEDMSA-N,C/C(CN1CCN(C(=O)c2cc(C(F)(F)F)cc(C(F)(F)F)c2)[C@H](Cc2c[nH]c3ccccc23)C1)=N/OCC(C)(C)N1CCOCC1,8.249979789216876,2,0.0707236159962923,2006,2006,2006,Kd;Ki,B;F,1
MNVPIZWBKNFFDH-UHFFFAOYSA-N,CS(=O)(=O)N1CCC(COCc2cc(C(F)(F)F)cc(C(F)(F)F)c2)(c2ccccc2)CC1,8.244125144327509,1,0.0,1998,1998,1998,IC50,B,1
YVLZVIUUVUBKNC-QGZVFWFLSA-N,CN(CC(N)=O)[C@H](COCc1cc(C(F)(F)F)cc(C(F)(F)F)c1)c1ccccc1,8.236572006437063,2,0.0,1995,1998,1996,IC50,B,2
HNADAHHCTSBAMF-UHFFFAOYSA-N,COc1ccc(N)cc1CN1CCC(=O)C(C(c2ccccc2)c2ccccc2)C1,8.229147988357855,1,0.0,2011,2011,2011,IC50,B,1
TTZWDLZPHOQUAU-INIZCTEOSA-N,Cc1ccc(-c2c(C(=O)N(C)[C@@H](C)c3cc(C(F)(F)F)cc(C(F)(F)F)c3)n(C)c(=O)c3ncccc23)cc1,8.226728668260934,2,1.230622259465438,1998,1998,1998,IC50,B,1
CUUQZADGWXMGRW-UHFFFAOYSA-N,COc1ccccc1CN(CC(Cc1c[nH]c2ccccc12)NC(=O)CCC(=O)c1ccc(F)cc1)C(C)=O,8.221848749616356,1,0.0,2001,2001,2001,IC50,B,1
SNOAWNVDDANLMI-JSKGAOECSA-N,CO/N=C(\CN(C)C(=O)Oc1cc(C(F)(F)F)cc(C(F)(F)F)c1)C(CCN1CCC(O)(c2ccccc2)CC1)c1ccc(Cl)c(Cl)c1,8.221848749616356,1,0.0,2002,2002,2002,Ki,B,1
ZPOATHRARWHMKP-SENHGUMGSA-N,CO/N=C(\C(=O)N(C)Cc1cc(C(F)(F)F)cc(C(F)(F)F)c1)C(CCN1CCC(O)(c2ccccc2)CC1)c1ccc(Cl)c(Cl)c1,8.221848749616356,1,0.0,2002,2002,2002,Ki,B,1
BZGHFPLJOCCYIG-UHFFFAOYSA-N,CN(CC(c1cccc2c1OCO2)N1CCC(N2CCCCC2)CC1)C(=O)Cc1ccccc1Br,8.221848749616356,1,0.0,2000,2000,2000,IC50,B,1
HTZLLODPNQCCEG-JFXHSDHMSA-N,CO/N=C(\COCc1cc(C(F)(F)F)cc(C(F)(F)F)c1)C(CCN1CCC(C(=O)N2CCCC2)CC1)c1ccc(Cl)c(Cl)c1,8.221848749616356,1,0.0,2001,2001,2001,Ki,B,1
AGFUYWBBNWLCOK-XMMPIXPASA-N,Cc1ccc(-c2ccc(C(=O)N[C@@H]3CCCCNC3=O)cc2N(C)C(=O)c2cc(C(F)(F)F)cc(C(F)(F)F)c2)cc1,8.221848749616356,1,0.0,2002,2002,2002,IC50,B,1
PKXHFVKACNEDII-QGZVFWFLSA-N,O=C1NC[C@@](COCc2cc(C(F)(F)F)cc(C(F)(F)F)c2)(c2ccccc2)N1,8.221848749616356,1,0.0,2006,2006,2006,Ki,B,1
RRQHBXFZUXIDJS-UHFFFAOYSA-N,COc1ccccc1N1CCN(C(=O)CCc2c(-c3ccccc3)[nH]c3ccc(C)cc23)CC1,8.214670164989233,1,0.0,2001,2001,2001,IC50,B,1
DSNJUUKGQCMCOQ-ACHIHNKUSA-N,CN(C)C(=O)c1ccccc1NC(=O)N1CCC[C@H]1C(=O)N[C@@H](Cc1ccc2ccccc2c1)C(=O)N(C)Cc1ccccc1,8.214670164989233,1,0.0,1998,1998,1998,Ki,B,1
BRKDCKOZZMMGML-UHFFFAOYSA-N,N#Cc1ccccc1CN1CCC(=O)C(C(c2ccc(F)cc2)c2ccc(F)cc2)C1,8.214670164989233,1,0.0,2011,2011,2011,IC50,B,1
NJZXZKUKBCWTCN-UHFFFAOYSA-N,CN1CCC(COCc2cc(C(F)(F)F)cc(C3CCCC3)n2)(c2ccc(F)cc2)CC1,8.214670164989233,1,0.0,2013,2013,2013,IC50,B,1
WZMVQZJKOVPVGZ-UHFFFAOYSA-N,COc1cc(C(=O)N2CCC(CCN3CCC(C(N)=O)(c4ccccc4)CC3)(c3ccc(Cl)c(Cl)c3)C2)cc(OC)c1OC,8.208309350979881,1,0.0,1996,1996,1996,IC50,B,1
LZWZHVNWDDYRHY-KODCPBCOSA-N,C[C@@H](O[C@H]1CC[C@@H]2CN(c3cnccn3)C[C@H]2[C@@H]1c1ccc(F)cc1)c1cc(C(F)(F)F)cc(C(F)(F)F)c1,8.208258918236794,2,1.5154454841447023,2009,2009,2009,IC50,B,1
WDABUKHQRJDQAX-OXOYWMMMSA-N,CN(C)[C@H]1CC[C@](c2ccccc2)(N2CCC(c3cc(C(F)(F)F)cc(C(F)(F)F)c3)C2=O)CC1,8.207608310501746,1,0.0,2006,2006,2006,IC50,B,1
OSYVUOXSTALYLM-UHFFFAOYSA-N,Cc1ccccc1-c1ccc(N2CCN(C)CC2)nc1C(=O)N(C)Cc1cc(C(F)(F)F)cc(C(F)(F)F)c1,8.207608310501746,1,0.0,2006,2006,2006,Ki,B,1
XLQRBGCAMPLWHK-AABGKKOBSA-N,COC(=O)N(C)[C@@H]1CC[C@H](OCc2cc(C(F)(F)F)cc(C(F)(F)F)c2)[C@H]1c1ccccc1,8.207608310501746,1,0.0,2006,2006,2006,IC50,B,1
WSLTYZVXORBNLB-KAYWLYCHSA-N,Ic1ccccc1CN[C@@H]1C2CCN(CC2)[C@@H]1C(c1ccccc1)c1ccccc1,8.204245095502673,2,0.8366981304416573,2004,2006,2005,EC50;IC50,B,2
ANCCACIMFBJXGH-OZIXAUCHSA-N,O=C(NC[C@]1(c2ccccc2)CC[C@H](N2CCC(c3ccc(F)cc3)CC2)CC1)c1cc(C(F)(F)F)cc(C(F)(F)F)c1,8.200659450546418,1,0.0,2002,2002,2002,IC50,B,1
UZMHAYYMGKNSCN-UHFFFAOYSA-N,COc1ccccc1N1CCN(C(=O)CCc2c(-c3ccc(C(C)(C)C)cc3)[nH]c3ccc(C)cc23)CC1,8.200659450546418,1,0.0,2001,2001,2001,IC50,B,1
HUALDBGBGSZLON-UHFFFAOYSA-N,Cn1c(-c2ccc(Cl)cc2)c(CCC(=O)N2CCC(O)(Cc3ccccc3)CC2)c2cc(N3CCOCC3)ccc21,8.200659450546418,1,0.0,2001,2001,2001,IC50,B,1
FCCNSXPJGYKSAJ-UHFFFAOYSA-N,O=C1NC(COCc2cc(C(F)(F)F)cc(C(F)(F)F)c2)(c2ccc(F)cc2)CN1C1CCOCC1,8.200659450546418,1,0.0,2006,2006,2006,Ki,B,1
QXVKDIRFPUDMDU-UHFFFAOYSA-N,CN1CCC(COCc2cc(C(F)(F)F)cc(N3CC=CC3)n2)(c2ccc(F)cc2)CC1,8.200659450546418,1,0.0,2013,2013,2013,IC50,B,1
ZXVNENVDUDZJOX-FOIFJWKZSA-N,Cc1cc(F)ccc1[C@H]1CNCCN1C(=O)N1CCCCC1c1cc(C(F)(F)F)cc(C(F)(F)F)c1,8.200006202147973,2,0.9899043346318858,2010,2010,2010,Ki,B,1
DUIQFDGXLYKCSP-UHFFFAOYSA-N,COc1ccccc1C(COCc1cc(C(F)(F)F)cc(C(F)(F)F)c1)N1CCNCC1,8.199970640755865,2,0.0,2002,2003,2002,IC50;Ki,B,2
VLROGTSVMJUONC-UHFFFAOYSA-N,FC(F)(F)c1cc(COCC(c2ccccc2)N2CCN(CCCCc3nnn[nH]3)CC2)cc(C(F)(F)F)c1,8.199970640755865,1,0.0,2003,2003,2003,Ki,B,1
LDXKTSXBTWBIRA-UHFFFAOYSA-N,CCOC1CCN(C2CN(CCC3(c4ccc(Cl)c(Cl)c4)CCC(=O)N(CC4CC4)C3)C2)CC1,8.199970640755865,1,0.0,2002,2002,2002,Kd,B,1
OXXXPXAXVJVONM-UHFFFAOYSA-N,Cc1ccc(CN2CC(CCN3CC(N4CCOCC4)C3)(c3ccc(Cl)c(Cl)c3)CCC2=O)cc1,8.199970640755865,1,0.0,2002,2002,2002,Kd,B,1
BQQPFEHFEMWIFM-RUZDIDTESA-N,CN(C(=O)c1cc(C(F)(F)F)cc(C(F)(F)F)c1)N(CCC(=O)N[C@@H]1CCCCNC1=O)Cc1ccc2ccccc2c1,8.193820026016112,1,0.0,2001,2001,2001,IC50,B,1
KPEUXZLNLIVUIN-UHFFFAOYSA-N,O=C(Cc1cc(C(F)(F)F)cc(C(F)(F)F)c1)NCC(c1cc(Cl)cc(Cl)c1Cl)N1CCC(N2CCCCC2)CC1,8.193820026016112,1,0.0,2000,2000,2000,IC50,B,1
PZNXMYGCDJHLCM-UHFFFAOYSA-N,CN1CCC(COCc2cc(C(F)(F)F)cc(C3CC3)n2)(c2cccc(Cl)c2)CC1,8.193820026016112,1,0.0,2013,2013,2013,IC50,B,1
QELSZNTVWCMLRF-UHFFFAOYSA-N,Cc1cc(F)ccc1-c1cc(C2CCC(CC(=O)O)CC2)nc(C)c1N(C)C(=O)C(C)(C)c1cc(C(F)(F)F)cc(C(F)(F)F)c1,8.190440285364732,2,0.0,2017,2018,2017,IC50,B,2
ACSJGOJPLODBLW-MDMXATFFSA-N,COc1ccccc1[C@H]1COC2(CCCNC2c2ccccc2)C1,8.187086643357144,1,0.0,2002,2002,2002,IC50,B,1
JHHSDIZOFCKLTQ-NRFANRHFSA-N,O=C(N[C@@H](Cc1ccccc1)C(=O)NNC(=O)c1ccccc1)OCc1ccccc1,8.187086643357144,1,0.0,2014,2014,2014,IC50,B,1
WCLCDHLNMRQGSM-MHZLTWQESA-N,CS(=O)(=O)N1CC2(CCN(C(=O)[C@H](COCc3ccc(Cl)cc3)NCc3ccccc3)CC2)c2ccccc21,8.18045606445813,1,0.0,1998,1998,1998,IC50,B,1
PROVIONNLHVHPU-UHFFFAOYSA-N,COc1ccccc1CN1CCC(=O)C(C(c2ccc(F)cc2)c2ccc(F)cc2)C1,8.18045606445813,1,0.0,2011,2011,2011,IC50,B,1
GTYZTMYLHNWKSE-LSTHTHJFSA-N,NC(=O)NC[C@H]1CCC[C@H](OCc2cc(C(F)(F)F)cc(C(F)(F)F)c2)[C@@H]1c1ccccc1,8.173925197299173,1,0.0,1995,1995,1995,IC50,B,1
PZHALDXTORCWTC-VMPREFPWSA-N,CN(Cc1ccccc1)C(=O)[C@H](Cc1ccc2ccccc2c1)NC(=O)[C@@H]1CCCN1C(=O)Nc1cccnc1,8.173925197299173,1,0.0,1998,1998,1998,Ki,B,1
SWRYEUIYPAAURZ-UHFFFAOYSA-N,FC(F)(F)c1cc(COCC2(c3ccccc3)CCCCNCC2)cc(C(F)(F)F)c1,8.173925197299173,1,0.0,2013,2013,2013,IC50,B,1
NXJPCNJOCJTWTO-MEMLXQNLSA-N,Cc1cc(F)ccc1-c1cc([C@H]2CC[C@H](C(C)(C)C(=O)O)CC2)ncc1N(C)C(=O)C(C)(C)c1cc(C(F)(F)F)cc(C(F)(F)F)c1,8.170696227168975,2,0.0,2017,2018,2017,IC50,B,2
BVMNQSAYSSXTLM-UHFFFAOYSA-N,CNC(COCc1cc(C)cc(C)c1)C(c1ccccc1)c1ccccc1,8.167491087293763,1,0.0,1994,1994,1994,IC50,B,1
FSXQTMXCXNMEIZ-KDXMTYKHSA-N,O=C(CCCC(=O)N(c1ccccc1)C1CCN(CCc2ccccc2)CC1)N[C@@H](Cc1c[nH]c2ccccc12)C(=O)OCc1cc(C(F)(F)F)cc(C(F)(F)F)c1,8.167491087293763,1,0.0,2011,2011,2011,Ki,B,1
MVFZYTRKQQVGAV-UHFFFAOYSA-N,FC(F)(F)c1cc(COCC2(c3ccccc3)CCN(CCc3ccccc3)CC2)cc(C(F)(F)F)c1,8.161150909262744,1,0.0,1998,1998,1998,IC50,B,1
UOHXABZVHYTRLO-UHFFFAOYSA-N,CC(C)N1CCN(C(CNC(=O)Cc2cc(C(F)(F)F)cc(C(F)(F)F)c2)c2cccc3c2OCO3)CC1,8.161150909262744,1,0.0,2000,2000,2000,IC50,B,1
RPEJUMUSKMYYSP-ZAYWWLBMSA-N,COc1cc(C2=CC(=O)N3C[C@H](O[C@H](C)c4cc(C(F)(F)F)cc(C(F)(F)F)c4)[C@@H](c4ccc(F)cc4)C3C2)ccn1,8.157577319177793,2,1.1328274837356638,2010,2010,2010,IC50,B,1
HHQNKWBPRLOSPW-BUALBWRZSA-N,O=C(C[C@H]1CCC[C@H](OCc2cc(C(F)(F)F)cc(C(F)(F)F)c2)[C@@H]1c1ccccc1)NCc1ccncc1,8.154901959985743,1,0.0,1995,1995,1995,IC50,B,1
BEPSRRZBDUBAKD-IRXDYDNUSA-N,FC(F)(F)c1cc(CO[C@H]2CCN[C@H]2c2ccccc2)cc(C(F)(F)F)c1,8.154901959985743,1,0.0,1994,1994,1994,IC50,B,1
OQWSJMKIRIAGDH-XVDWRUNBSA-N,COCCO/N=C(\COCc1cc(C(F)(F)F)cc(C(F)(F)F)c1)C(CCN1CCC(O)(c2ccccc2)CC1)c1ccc(Cl)c(Cl)c1,8.154901959985743,1,0.0,2002,2002,2002,Ki,B,1
FZNRYDBDVZSZBQ-AWQADKOQSA-N,CO/N=C(\CN(C)C(=O)c1cncc(Br)c1)C(CCN1CCC(O)(c2ccccc2)CC1)c1ccc(Cl)c(Cl)c1,8.154901959985743,1,0.0,2002,2002,2002,Ki,B,1
NJFJLIABUZMOAH-UHFFFAOYSA-N,COc1ccccc1C(CNC(=O)Cc1cc(C(F)(F)F)cc(C(F)(F)F)c1)N1CCN(C2CCCCC2)CC1,8.154901959985743,1,0.0,2000,2000,2000,IC50,B,1
WYYLASXIFHLJPX-CMXZEOLJSA-N,CO/N=C(\COCc1cc(C(F)(F)F)cc(C(F)(F)F)c1)C(CCN1CCC(CN2CCCC(CC(O)CO)C2=O)CC1)c1ccc(Cl)c(Cl)c1,8.154901959985743,1,0.0,2001,2001,2001,Ki,B,1
ULJSRHPSSIXNKD-WUFINQPMSA-N,Cc1cc(C)cc(C(=O)N2CC[C@H](NCc3ccnc4ccccc34)C[C@H]2Cc2ccc(I)cc2)c1,8.154901959985743,1,0.0,1996,1996,1996,IC50,B,1
ANCRAJKTKYCZOD-UHFFFAOYSA-N,COc1cc(OC)cc(C(=O)N2CCN(C(=O)CNC3CCN(Cc4ccccc4)CC3)C(c3ccc(Cl)c(Cl)c3)C2)c1,8.148741651280925,1,0.0,2002,2002,2002,Ki,B,1
KKCRDTKEJOJYRG-YQOMSNACSA-N,Clc1ccccc1CNC1C2CC3CCC(C2)N3[C@H]1C(c1ccccc1)c1ccccc1,8.148741651280925,1,0.0,1994,1994,1994,IC50,B,1
GENLRMUFBFSRLA-OZIXAUCHSA-N,O=C(NCc1cc(C(F)(F)F)cc(C(F)(F)F)c1)[C@]1(c2ccccc2)CC[C@@H](N2CCC(c3ccc(F)cc3)CC2)CC1,8.14621491195103,2,1.8700233206473307,2002,2002,2002,IC50,B,2
AIFZYHUGOXNZLJ-QCWLJUHMSA-N,COc1ccccc1CNC1C2CC3CCOC(C2)N3[C@H]1C(c1ccccc1)c1ccccc1,8.142667503568731,1,0.0,1994,1994,1994,IC50,B,1
KNMZNGOPLMOVFC-UHFFFAOYSA-N,COc1ccccc1C(CNC(=O)Cc1cc(C(F)(F)F)cc(C(F)(F)F)c1)N1CCN(C2Cc3ccccc3C2)CC1,8.142667503568731,1,0.0,2000,2000,2000,IC50,B,1
ZXPNRBAFLYIUGD-UHFFFAOYSA-N,CSc1ccccc1CN(CC(Cc1c[nH]c2ccccc12)NC(=O)CN1CCN(c2ccccc2)CC1)C(C)=O,8.142667503568731,1,0.0,1996,1996,1996,IC50,B,1
ARKKFYUXHFNQLU-LQJZCPKCSA-N,CN(Cc1ccccc1)C(=O)[C@H](Cc1ccc(-c2ccccc2)cc1)NC(=O)[C@@H]1CCCN1/C(S)=N/Cc1ccccc1Cl,8.142667503568731,1,0.0,1998,1998,1998,Ki,B,1
ATUPAULHDXBCOY-GBESFXJTSA-N,CN[C@H]1CC[C@H](OCc2cc(C(F)(F)F)cc(C(F)(F)F)c2)[C@@H]1c1ccccc1,8.142667503568731,1,0.0,2006,2006,2006,IC50,B,1
NNBAOMPIMXODPQ-SQNIBIBYSA-N,NC(=O)[C@@H]1CC[C@H](OCc2cc(C(F)(F)F)cc(C(F)(F)F)c2)[C@H]1c1ccccc1,8.142667503568731,1,0.0,2006,2006,2006,IC50,B,1
WOJBHNJZTIILBM-OAQYLSRUSA-N,CN1CCC[C@@](COCc2cc(C(F)(F)F)cc(C(F)(F)F)c2)(c2ccccc2)CC1,8.142667503568731,1,0.0,2013,2013,2013,IC50,B,1
KXGBJHXQHUOLON-UHFFFAOYSA-N,FC(F)(F)c1cc(COCC2(c3ccccc3)CCN(Cc3ncon3)CC2)cc(C(F)(F)F)c1,8.136677139879545,1,0.0,1998,1998,1998,IC50,B,1
WDALRJNIULBPSY-QGYSTOEISA-N,C[C@@H](O[C@H]1CN2C(=O)C=C(c3ccc(NS(C)(=O)=O)cc3)CC2[C@@H]1c1ccc(F)cc1)c1cc(C(F)(F)F)cc(C(F)(F)F)c1,8.133803120088515,2,1.2249873752560805,2010,2010,2010,IC50,B,1
KFBANIMWFPGVGW-KPITYXSVSA-N,CSCCCO/N=C(\CN(C)C(=O)c1cc(Cl)cc(Cl)c1)C(CCN1CCC(N2CCCCC2=O)CC1)c1ccc(Cl)c(Cl)c1,8.130768280269024,1,0.0,2002,2002,2002,Ki,B,1
LXMAOJWNEOEBSU-IBGZPJMESA-N,Cc1cc(F)ccc1-c1cc(N2CCC([C@H](C)C(=O)O)CC2)nc(C#N)c1N(C)C(=O)C(C)(C)c1cc(C(F)(F)F)cc(C(F)(F)F)c1,8.12842706445412,1,0.0,2018,2018,2018,IC50,B,1
XHNPKKNIQBKPHA-UHFFFAOYSA-N,FC(F)(F)c1cc(COC2C3CCN(CC3)C2C(c2ccccc2)C2CCCCC2)cc(C(F)(F)F)c1,8.1249387366083,1,0.0,1995,1995,1995,IC50,B,1
OGWFIIQUFKCEMC-RBUKOAKNSA-N,N[C@H]1CC[C@@](COCc2cc(C(F)(F)F)cc(C(F)(F)F)c2)(c2ccccc2)C1,8.1249387366083,1,0.0,2014,2014,2014,IC50,B,1
ACJFETYSCBTCMR-UHFFFAOYSA-N,COc1ccccc1N1CCN(C(=O)CCc2c(-c3ccc(-c4ccccc4)cc3)[nH]c3ccc(C)cc23)CC1,8.119186407719209,1,0.0,2001,2001,2001,IC50,B,1
SBRDTMDWMOJLCU-UHFFFAOYSA-N,COc1cccc(C(CNC(=O)Cc2cc(C(F)(F)F)cc(C(F)(F)F)c2)N2CCC(N3CCCCC3)CC2)c1OC,8.119186407719209,1,0.0,2000,2000,2000,IC50,B,1
CEKXKDBQOLAVMC-UHFFFAOYSA-N,Cc1nc2ccccc2c(-c2ccccc2)c1C(=O)N(C)Cc1cc(C(F)(F)F)cc(C(F)(F)F)c1,8.114942352606448,2,0.5567701569749389,2004,2011,2007,IC50,B,2
UCQRXBZYKFZLPN-UHFFFAOYSA-N,O=C(c1cc(Cl)cc(Cl)c1)N1CCN(C(=O)CNC2CCN(Cc3ccccc3)CC2)C(c2ccc(Cl)c(Cl)c2)C1,8.113509274827518,1,0.0,2002,2002,2002,Ki,B,1
IVOCPWQPMWNGPI-MHZLTWQESA-N,CS(=O)(=O)N1CC2(CCN(C(=O)[C@H](COCc3cccc(Cl)c3)NCc3ccccc3)CC2)c2ccccc21,8.113509274827518,1,0.0,1998,1998,1998,IC50,B,1
PSLREODRWYTHEC-VUVCYMEASA-N,C[C@@H](O[C@H]1[C@H](c2ccccc2)CN(C(=O)OC(C)(C)C)[C@H]1CO)c1cc(C(F)(F)F)cc(C(F)(F)F)c1,8.10790539730952,1,0.0,2008,2008,2008,IC50,B,1
TZYWVNRQPJYYMS-OKZBNKHCSA-N,N[C@H]1CC[C@H](OCc2cc(C(F)(F)F)cc(C(F)(F)F)c2)[C@@H]1c1ccccc1,8.102372908709558,1,0.0,2006,2006,2006,IC50,B,1
FDTWCNPUYSAMHO-OUADDPIDSA-N,O=C(c1cc(C(F)(F)F)cc(C(F)(F)F)c1)N1CCN(C/C(=N\OCCN2CCOCC2)c2ccccc2)C[C@H]1Cc1c[nH]c2ccccc12,8.100047617190521,2,0.5656720142636609,2006,2006,2006,Kd;Ki,B;F,1
SYKPKIXOVNHMMP-UHFFFAOYSA-N,FC(F)(F)c1cc(COCC(c2cccs2)N2CCNCC2)cc(C(F)(F)F)c1,8.100015437450608,1,0.0,2003,2003,2003,Ki,B,1
SQNYJTSIWKBHBD-HXUWFJFHSA-N,NC(=O)CN1CCN([C@H](COCc2cc(C(F)(F)F)cc(C(F)(F)F)c2)c2ccccc2)CC1,8.100015437450608,1,0.0,2003,2003,2003,Ki,B,1
SSSMQSQCNAOVLJ-UHFFFAOYSA-N,COc1c(Br)cc(Br)cc1COCC(c1ccccc1)N1CCNCC1,8.100015437450608,2,0.0,2002,2003,2002,IC50;Ki,B,2
QDGXTXLVIWMVDH-UHFFFAOYSA-N,N#CCN1CCN(C(COCc2cc(C(F)(F)F)cc(C(F)(F)F)c2)c2ccccc2)CC1,8.100015437450608,1,0.0,2003,2003,2003,Ki,B,1
OMVAUXCXIPKTJF-UHFFFAOYSA-N,O=C1CCC(CCN2CC(N3CCOCC3)C2)(c2ccc(Cl)c(Cl)c2)CN1CC1CC1,8.100015437450608,1,0.0,2002,2002,2002,Kd,B,1
XRSLJIPNGLZJND-XIFFEERXSA-N,CCCCCN(CCCCC)C(=O)N1CCN(C(=O)N(c2ccccc2)c2cccc(Cl)c2)[C@H](C(=O)NCCCN(CC)CC)C1,8.096910013008056,1,0.0,1995,1995,1995,IC50,B,1
ORCDUGKGMAIHNW-UHFFFAOYSA-N,COc1cccc(-c2[nH]c3ccc(C)cc3c2CCC(=O)N2CCN(c3ccccc3OC)CC2)c1,8.096910013008056,1,0.0,2001,2001,2001,IC50,B,1
XOGIZHLZCSGUAE-MRXNPFEDSA-N,NC(=O)CN[C@H](COCc1cc(C(F)(F)F)cc(C(F)(F)F)c1)c1ccccc1,8.096910013008056,2,0.0,1995,1998,1996,IC50,B,2
YZFKPIMYDPTIKM-JSKGAOECSA-N,O=C(O)CO/N=C(\COCc1cc(C(F)(F)F)cc(C(F)(F)F)c1)C(CCN1CCC(O)(c2ccccc2)CC1)c1ccc(Cl)c(Cl)c1,8.096910013008056,1,0.0,2002,2002,2002,Ki,B,1
HONGMXSIPVBQJH-HWLOXFRGSA-N,CO/N=C(\COCc1cc(C(F)(F)F)cc(C(F)(F)F)c1)C(CCN1CCC(C(N)=O)CC1)c1ccc(Cl)c(Cl)c1,8.096910013008056,1,0.0,2001,2001,2001,Ki,B,1
QRKKPEATNBJFKO-JFXHSDHMSA-N,CO/N=C(\COCc1cc(C(F)(F)F)cc(C(F)(F)F)c1)C(CCN1CCC(CN2CCCC2=O)CC1)c1ccc(Cl)c(Cl)c1,8.096910013008056,1,0.0,2001,2001,2001,Ki,B,1
QHPRLDAGUGKEPY-UHFFFAOYSA-N,CN(C)C1CCC(COCc2cc(C(F)(F)F)cc(C(F)(F)F)c2)(c2ccccc2)C1,8.096910013008056,1,0.0,2014,2014,2014,IC50,B,1
SBBYBXSFWOLDDG-VLIAUNLRSA-N,Cc1cc(F)ccc1[C@@H]1CNCCN1C(=O)N(C)[C@H](C)c1cc(C(F)(F)F)cc(C(F)(F)F)c1,8.090016305060155,1,0.0,2009,2009,2009,Ki,B,1
MCZABOOQUVJJJL-VJBMBRPKSA-N,FC(F)(F)c1cc(CO[C@H]2CC[C@@H](CN3CCOCC3)[C@@H]2c2ccccc2)cc(C(F)(F)F)c1,8.086186147616283,1,0.0,2006,2006,2006,IC50,B,1
MMEILICZTYWRDK-UHFFFAOYSA-N,COc1ccccc1CN(CC(Cc1c[nH]c2ccccc12)NC(=O)Cc1ccc2c(c1)OCCO2)C(C)=O,8.080921907623926,1,0.0,2001,2001,2001,IC50,B,1
IBWUZTJASHTQDR-UHFFFAOYSA-N,COc1ccccc1CN(CC(Cc1ccccc1)NC(=O)CN1CCN(c2ccccc2)CC1)C(C)=O,8.080921907623926,1,0.0,1996,1996,1996,IC50,B,1
FIYPEZLIXJZQOT-CMKODMSKSA-N,NC(=O)CN[C@H]1CC[C@H](OCc2cc(C(F)(F)F)cc(C(F)(F)F)c2)[C@@H]1c1ccccc1,8.080921907623926,1,0.0,2006,2006,2006,IC50,B,1
HZJZQJCMAGYKKL-UHFFFAOYSA-N,O=C(c1cc(C(F)(F)F)cc(C(F)(F)F)c1)N1CCC2(CC1)C1C(=O)N(c3ccccc3)C(=O)C1CN2C(=O)CN1CCOCC1,8.079981083971084,1,0.0,2002,2002,2002,Ki,B,1
CMHQSZGZHCBTQY-HNDHONNRSA-N,C[C@@H](O[C@H]1CN2C(=O)[C@@H]3C[C@H](N)C[C@@H]3[C@H]2[C@@H]1c1ccc(F)cc1)c1cc(C(F)(F)F)cc(C(F)(F)F)c1,8.0759054415043,2,1.0578364107678973,2010,2010,2010,IC50,B,1
WOGLMDYDUDVFKM-UHFFFAOYSA-N,Cc1cc2c(-c3ccccc3)c(C(=O)N(C)Cc3cc(C(F)(F)F)cc(C(F)(F)F)c3)n(C)c(=O)c2cc1C,8.075720713938118,1,0.0,1995,1995,1995,IC50,B,1
JGSRAKURBIPPHL-ROUUACIJSA-N,COc1ccc(OC(F)(F)F)cc1CN[C@H]1CCNC[C@H]1c1ccccc1,8.075720713938118,1,0.0,2011,2011,2011,IC50,B,1
GTBUTLFXQOBLCG-UHFFFAOYSA-N,Cc1ccccc1-c1ccncc1C(=O)N(C)Cc1cc(C(F)(F)F)cc(C(F)(F)F)c1,8.070581074285707,1,0.0,2006,2006,2006,Ki,B,1
YOMVEBVDIFROPG-UHFFFAOYSA-N,CN1CCC(COCc2cc(C(F)(F)F)cc(C3CC3(C)C)n2)(c2ccc(F)cc2)CC1,8.060480747381382,1,0.0,2013,2013,2013,IC50,B,1
BHCJHYIMNHXLOM-UDNXBLAOSA-N,CN(C(=O)c1cc(C(F)(F)F)cc(C(F)(F)F)c1)[C@@H](/C=C/C(=O)N[C@H]1CCCCNC1=O)Cc1ccc(Cl)c(Cl)c1,8.059981844992336,1,0.0,2003,2003,2003,Ki,B,1
SEXIEPVVCPDKMR-UHFFFAOYSA-N,Cc1cc(F)ccc1N1CCNCC1C(=O)N(C)Cc1cc(C(F)(F)F)cc(C(F)(F)F)c1,8.059981844992336,1,0.0,2009,2009,2009,Ki,B,1
DCAGUAUHSOJEOX-UHFFFAOYSA-N,COc1cc(COC2C3CCN(CC3)C2C(c2ccccc2)c2ccccc2)cc(OC)c1,8.056219479534995,2,0.03493450882691228,1995,1995,1995,IC50,B,1
INYRSRVWJHHQCB-UHFFFAOYSA-N,COc1ccccc1N1CCN(C(=O)CCc2c(-c3ccc(Cl)cc3)[nH]c3ccc(OC(F)(F)F)cc23)CC1,8.050609993355087,1,0.0,2001,2001,2001,IC50,B,1
WTFDZBOBFSIEHU-UHFFFAOYSA-N,CN(CC(c1ccc2c(c1)OCCO2)N1CCC(N2CCCCC2)CC1)C(=O)Cc1cc(C(F)(F)F)cc(C(F)(F)F)c1,8.050609993355087,1,0.0,2000,2000,2000,IC50,B,1
NUPNDTJATGHILB-VQCQRNETSA-N,Cc1cc(F)ccc1[C@H]1CNCCN1C(=O)N1CCCNC1c1cc(C(F)(F)F)cc(C(F)(F)F)c1,8.050007718725304,2,1.484935156417759,2010,2010,2010,Ki,B,1
OXQZXDGLSIMETJ-UHSQPCAPSA-N,NC(=O)CN[C@@H](COCc1cc(C(F)(F)F)cc(C(F)(F)F)c1)[C@H](CCN1CCC(O)(c2ccccc2)CC1)c1ccc(Cl)c(Cl)c1,8.045757490560675,1,0.0,2000,2000,2000,Ki,B,1
ONQZWYLATDSONC-UHFFFAOYSA-N,Cc1cc(C)cc(COCC2(c3ccccc3)CCNCC2)c1,8.045757490560675,3,0.004511853602617565,1995,1998,1998,IC50,B;F,3
UXCPRGUEANQDIA-DHUJRADRSA-N,CCCCCN(CCCCC)C(=O)N1CCN(C(=O)N(c2ccccc2)c2ccccc2)[C@H](C(=O)NCCNCc2ccccc2OC)C1,8.045757490560675,1,0.0,1993,1993,1993,IC50,B,1
XCZYDSYUGXBLRG-BHVANESWSA-N,CCCCCN(CCCCC)C(=O)N1CCN(C(=O)N(c2ccccc2)c2ccccc2)[C@H](C(=O)NCCN(C)Cc2ccccc2OC)C1,8.045757490560675,1,0.0,1993,1993,1993,IC50,B,1
AEGBWONMUPOGGH-UHFFFAOYSA-N,COc1ccccc1CC(=N)N1CC2C(=O)CSC(c3ccccc3)(c3ccccc3)C2C1,8.045757490560675,1,0.0,1995,1995,1995,IC50,B,1
RNLBAKIMAUIWHO-FMIFUCRQSA-N,CO/N=C(\CN(C)C(=O)c1cc(C)nc(C)c1)C(CCN1CCC(O)(c2ccccc2)CC1)c1ccc(Cl)c(Cl)c1,8.045757490560675,1,0.0,2002,2002,2002,Ki,B,1
QBBGNPIZYIFEFU-XOKHWMEBSA-N,CO/N=C(\COCc1cc(C(F)(F)F)cc(C(F)(F)F)c1)C(CCN1CCC(N2CCCC2=O)CC1)c1ccc(Cl)c(Cl)c1,8.045757490560675,1,0.0,2001,2001,2001,Ki,B,1
BQDJZPXUORQZMS-UHFFFAOYSA-N,CN(Cc1cc(C(F)(F)F)cc(C(F)(F)F)c1)C(=O)c1c(CN)nc2ccccc2c1-c1ccccc1,8.045757490560675,1,0.0,2004,2004,2004,IC50,B,1
XUVYYIIVCVDGFW-XZOQPEGZSA-N,O=C(N[C@H]1CCN(C(=O)c2cc(C(F)(F)F)cc(C(F)(F)F)c2)[C@H](Cc2ccccc2)C1)c1cc(O)nc2ccccc12,8.045757490560675,1,0.0,1996,1996,1996,IC50,B,1
SXKVOXCVLIJCBZ-IZZNHLLZSA-N,Cc1cc(C)cc(C(=O)N2CC[C@H](NCc3ccnc4ccccc34)C[C@H]2Cc2ccc(Cl)c(Cl)c2)c1,8.045757490560675,1,0.0,1996,1996,1996,IC50,B,1
JSSIHFUHGXNMHG-UHFFFAOYSA-N,COc1cc(C(=O)Nc2cc(C(=O)NC3CCCCC3)ccc2-c2ccc(Cl)cc2)cc(OC)c1OC,8.045757490560675,2,0.0,2002,2005,2003,IC50,B,2
SQNPCQVHVHOWEK-BJSJXSMNSA-N,CO/N=C(\COCc1cc(C(F)(F)F)cc(C(F)(F)F)c1)C(CCN1CCN(CC(=O)N2CCC(NC(C)=O)C2)CC1)c1ccc(Cl)c(Cl)c1,8.045757490560675,1,0.0,2000,2000,2000,Ki,B,1
DFAGIKXDVIZOGX-UHFFFAOYSA-N,Cn1nnnc1C1CC2(c3ccccc3)NC1CCC2OCc1cc(C(F)(F)F)cc(C(F)(F)F)c1,8.045757490560675,1,0.0,2006,2006,2006,IC50,B,1
WPCFOAVCANXHTJ-UHFFFAOYSA-N,CN(Cc1cc(C(F)(F)F)cc(C(F)(F)F)c1)C(=O)c1c(-c2ccccc2)c2ccccc2n2cnnc12,8.045757490560675,1,0.0,2008,2008,2008,IC50,B,1
MODAQCKIIMLKED-NRFANRHFSA-N,O=C(N[C@@H](Cc1ccccc1)c1nnc(-c2ccccc2)o1)OCc1ccccc1,8.045757490560675,1,0.0,2014,2014,2014,IC50,B,1
XYODCNMGJSSDON-UHFFFAOYSA-N,CC1CC1c1cc(C(F)(F)F)cc(COCC2(c3ccc(F)cc3)CCN(C)CC2)n1,8.040958607678906,1,0.0,2013,2013,2013,IC50,B,1
QJPQOMYSGGNMMU-PTYIZKHBSA-N,C[C@@H](O[C@H]1CN2C(=O)C=C(c3ccccc3)CC2[C@@H]1c1ccc(F)cc1)c1cc(C(F)(F)F)cc(C(F)(F)F)c1,8.039847008065076,2,1.402433224748509,2010,2010,2010,IC50,B,1
QECBUZHWFDACDA-VXKWHMMOSA-N,COc1ccc(CN[C@H]2C3CCN(CC3)[C@H]2c2cccc(Cl)c2)c(OC)c1,8.038108667163014,2,0.00268204825498515,1994,1998,1996,IC50,B,2
YVYUYBYHPPCPGT-UHFFFAOYSA-N,COc1ccccc1CN(CC(Cc1c[nH]c2ccccc12)NC(=O)CN1CCN(c2ccccc2)CC1)C(=O)CC(=O)O,8.036212172654444,1,0.0,1996,1996,1996,IC50,B,1
WWBFKWXDEJRSHS-UHFFFAOYSA-N,Cc1cc(C)cc(COCC(N)C(c2ccccc2)c2ccccc2)c1,8.031517051446064,3,0.0,1994,2004,1994,IC50,B,3
PJBUKQBYUYWWMO-QGZVFWFLSA-N,Cc1ccc(-c2c3n(c(=O)c4ncccc24)C[C@H](C)CN(Cc2cc(C(F)(F)F)cc(C(F)(F)F)c2)C3=O)cc1,8.022276394711152,1,0.0,1999,1999,1999,IC50,B,1
JJFMDBVGVPOKRI-UHFFFAOYSA-N,COc1ccc(CN2CCC(=O)C(C(c3ccc(F)cc3)c3ccc(F)cc3)C2)c(OC)c1,8.022276394711152,1,0.0,2011,2011,2011,IC50,B,1
GKZHSLWHRYPKDP-UHFFFAOYSA-N,COc1ccc(CC(=O)NC(Cc2c[nH]c3ccccc23)CN(Cc2ccccc2OC)C(C)=O)cc1,8.013228265733755,1,0.0,2001,2001,2001,IC50,B,1
AOUOEYLYUIJTPB-UHFFFAOYSA-N,Cc1cc(Br)cc(COCC(N)C(c2ccccc2)c2ccccc2)c1,8.013228265733755,1,0.0,1994,1994,1994,IC50,B,1
ATNGEEUVTIJBQN-QGYSTOEISA-N,C[C@@H](O[C@H]1CN2C(=O)C=C(c3ccc(C#N)cc3)CC2[C@@H]1c1ccc(F)cc1)c1cc(C(F)(F)F)cc(C(F)(F)F)c1,8.010225812647953,2,1.0387422406220237,2010,2010,2010,IC50,B,1
VGUKDVJSFQFTIS-OKZBNKHCSA-N,NC(=O)N[C@H]1CC[C@H](OCc2cc(C(F)(F)F)cc(C(F)(F)F)c2)[C@@H]1c1ccccc1,8.008773924307505,1,0.0,2006,2006,2006,IC50,B,1
SQNYJTSIWKBHBD-FQEVSTJZSA-N,NC(=O)CN1CCN([C@@H](COCc2cc(C(F)(F)F)cc(C(F)(F)F)c2)c2ccccc2)CC1,8.0,1,0.0,2003,2003,2003,Ki,B,1
SVVJEDRBKOBRPP-UHFFFAOYSA-N,O=C(O)CCCCN1CCN(C(COCc2cc(C(F)(F)F)cc(C(F)(F)F)c2)c2ccccc2)CC1,8.0,1,0.0,2003,2003,2003,Ki,B,1
KJQHHFWZKACGAF-UHFFFAOYSA-N,FC(F)(F)c1cc(COC2C3CCN(CC3)C2C(Cc2ccccc2)c2ccccc2)cc(C(F)(F)F)c1,8.0,3,1.0777730945736541,1995,1995,1995,IC50,B,1
YAZQHTDRBQHAQK-HKBQPEDESA-N,CSN1CC2(CCN(C(=O)N[C@@H](Cc3c[nH]c4ccccc34)C(=O)N(C)Cc3cc(C)cc(C)c3)CC2)c2ccccc21,8.0,1,0.0,1998,1998,1998,IC50,B,1
SGQVPBVOTGCWIJ-GHRAFVERSA-N,C[C@H](NC(=O)[C@@](C)(Cc1c[nH]c2ccccc12)NC(=O)OCc1ccc2ccccc2c1)c1ccccc1,8.0,1,0.0,1995,1995,1995,IC50,B,1
ZKJLPFCGPKLADH-GZOQVGHDSA-N,COc1ccc(F)cc1[C@H]1COCC2(C1)OCCN[C@H]2c1ccc(F)cc1,8.0,1,0.0,2002,2002,2002,IC50,B,1
LABWVNPAFKLFSL-OZMGXUMRSA-N,CO/N=C(\COCc1cc(Br)cc(Br)c1)C(CCN1CCC(O)(c2ccccc2)CC1)c1ccc(Cl)c(Cl)c1,8.0,1,0.0,2002,2002,2002,Ki,B,1
VUIKXPLLVYTQIQ-MUGXBBEHSA-N,CO/N=C(\CN(C)C(=O)c1ccc(C)s1)C(CCN1CCC(O)(c2ccccc2)CC1)c1ccc(Cl)c(Cl)c1,8.0,1,0.0,2002,2002,2002,Ki,B,1
YIMFULYKLFRIFR-UHFFFAOYSA-N,COc1cccc(C(CN(C)C(=O)Cc2cc(C(F)(F)F)cc(C(F)(F)F)c2)N2CCC(N3CCCCC3)CC2)c1OC,8.0,1,0.0,2000,2000,2000,IC50,B,1
GWOIWHSKGRWNPH-MLYMZAKTSA-N,CO/N=C(\COCc1cc(C(F)(F)F)cc(C(F)(F)F)c1)C(CCN1CCC(CN2CCCCC2=O)CC1)c1ccc(Cl)c(Cl)c1,8.0,1,0.0,2001,2001,2001,Ki,B,1
LIDNJZKMWRAZAQ-RBUKOAKNSA-N,NC(=O)CN[C@H]1CCN(C(=O)c2cc(C(F)(F)F)cc(C(F)(F)F)c2)[C@H](Cc2ccccc2)C1,8.0,1,0.0,1996,1996,1996,IC50,B,1
BYXVSYHZQWOKSI-QGZVFWFLSA-N,Cn1nnnc1CN[C@H](COCc1cc(C(F)(F)F)cc(C(F)(F)F)c1)c1ccccc1,8.0,1,0.0,1998,1998,1998,IC50,B,1
ZBUHIKOFVVSCIC-UHFFFAOYSA-N,CN(CCc1cc(C(F)(F)F)cc(C(F)(F)F)c1)C(=O)CC(c1ccccc1)c1ccccc1,8.0,1,0.0,1996,1996,1996,IC50,B,1
YBYSBOXLPMEIAC-UHFFFAOYSA-N,O=C1CCC(CCN2CC(N3CCOC(c4ccccc4)C3)C2)(c2ccc(Cl)c(Cl)c2)CN1Cc1ccccc1,8.0,1,0.0,2002,2002,2002,Kd,B,1
YSAFJLLWAYOWIJ-UHFFFAOYSA-N,CN(C)S(=O)(=O)N1CCN(C2CN(CCC3(c4ccc(Cl)c(Cl)c4)CCC(=O)N(CC4CC4)C3)C2)CC1,8.0,1,0.0,2002,2002,2002,Kd,B,1
HEXDZNMIGUYTNE-UHFFFAOYSA-N,CS(=O)(=O)NC1CCN(C2CN(CCC3(c4ccc(Cl)c(Cl)c4)CCC(=O)N(CC4CC4)C3)C2)CC1,8.0,1,0.0,2002,2002,2002,Kd,B,1
KHZRTZHBWKCJRA-UHFFFAOYSA-N,CN(Cc1cc(C(F)(F)F)cc(C(F)(F)F)c1)C(=O)N1CC(=O)Nc2ccccc2C1c1ccccc1,8.0,2,0.0,1997,2011,2004,Ki,B,2
IFYSHYSCLCXIBE-GTCGAKFVSA-N,CN(C(=O)c1cc(C(F)(F)F)cc(C(F)(F)F)c1)[C@@H](/C=C/C(=O)NCCN1CCCCC1)Cc1ccc(Cl)cc1,8.0,1,0.0,2005,2005,2005,IC50,B,1
SIBIOTUKPPIJSS-UHFFFAOYSA-N,COc1ccc(OCC(=O)NC(Cc2c[nH]c3ccccc23)CN(Cc2ccccc2OC)C(C)=O)cc1,7.991399828238082,1,0.0,2001,2001,2001,IC50,B,1
QJHLLGCMNXHDQT-FQEVSTJZSA-N,CC(=O)N[C@H]1Cc2ccccc2CN(CC(=O)N(C)Cc2cc(C(F)(F)F)cc(C(F)(F)F)c2)C1=O,7.984322029128457,4,0.47999260930561843,2011,2015,2013,Kd;Ki,B;F,2
VSYVBQKQDBKTBD-UHFFFAOYSA-N,NC(COCc1cc(C(F)(F)F)cc(C(F)(F)F)c1)C(c1ccccc1)c1ccccc1,7.97061622231479,3,1.0877919644084146e-15,1994,2004,1995,IC50,B,3
VSYVBQKQDBKTBD-OAQYLSRUSA-N,N[C@H](COCc1cc(C(F)(F)F)cc(C(F)(F)F)c1)C(c1ccccc1)c1ccccc1,7.969805214643249,1,0.0,1998,1998,1998,IC50,B,1
HUSFNZORCKCZQT-UHFFFAOYSA-N,COc1ccccc1CN(CC(Cc1c[nH]c2ccccc12)NC(=O)CSc1ccccn1)C(C)=O,7.966576244513051,1,0.0,2001,2001,2001,IC50,B,1
IZRHKURJIQCXMT-WMZOPIPTSA-N,Oc1ccc(OC(F)(F)F)cc1CN[C@H]1CCCN[C@H]1c1ccccc1,7.963770455913705,1,0.0,1998,1998,1998,IC50,F,1
JFBCXOANABQRMF-UHFFFAOYSA-N,CC1(Cc2c[nH]c3ccccc23)OC(=O)N(Cc2cc(C(F)(F)F)cc(C(F)(F)F)c2)C1=O,7.958607314841775,1,0.0,1995,1995,1995,IC50,B,1
NOGCECXKCJDXDN-ZWXJPIIXSA-N,Cc1cc(C)cc(C(=O)N2CCN(C(=O)CNC3CCN(C(=O)[C@H](N)Cc4ccccc4)CC3)[C@H](c3ccc(Cl)c(Cl)c3)C2)c1,7.958607314841775,1,0.0,2002,2002,2002,Ki,B,1
CELTZHHYEWEYBB-YTTGMZPUSA-N,CCCCCN(CCCCC)C(=O)N1CCN(C(=O)N(c2ccccc2)c2ccccc2)[C@H](C(=O)NCCN(CC)CC)C1,7.958607314841775,1,0.0,1993,1993,1993,IC50,B,1
NUQVMEYMKHQGHQ-UHFFFAOYSA-N,Cc1cc(C)cc(COCC(NC=O)C(c2ccccc2)c2ccccc2)c1,7.958607314841775,1,0.0,1994,1994,1994,IC50,B,1
USCFRWZCWBRYBB-UHFFFAOYSA-N,COc1ccccc1CN(CC(Cc1ccc2ccccc2c1)NC(=O)CN1CCN(c2ccccc2)CC1)C(C)=O,7.958607314841775,1,0.0,1996,1996,1996,IC50,B,1
SGGSCEPQSJZAAL-UHFFFAOYSA-N,COCc1nc2ccccc2c(-c2ccccc2)c1C(=O)N(C)Cc1cc(C(F)(F)F)cc(C(F)(F)F)c1,7.958607314841775,1,0.0,2004,2004,2004,IC50,B,1
KBVPOFHEUMGKGC-XZOQPEGZSA-N,CN(C)CCCOC(=O)N[C@H]1CCN(C(=O)c2cc(C(F)(F)F)cc(C(F)(F)F)c2)[C@H](Cc2ccccc2)C1,7.958607314841775,1,0.0,1996,1996,1996,IC50,B,1
UWEJDSOFIHYIOE-MHZLTWQESA-N,CS(=O)(=O)N1CC2(CCN(C(=O)[C@H](COCc3cccc(Cl)c3)NCc3ccc(Cl)c(Cl)c3)CC2)c2ccccc21,7.958607314841775,1,0.0,1998,1998,1998,IC50,B,1
CIXKPLGEAAADPG-WUFINQPMSA-N,Cc1cc(C)cc(C(=O)N2CC[C@H](NCc3ccnc4ccccc34)C[C@H]2Cc2ccc(C(F)(F)F)cc2)c1,7.958607314841775,1,0.0,1996,1996,1996,IC50,B,1
NCFCVGUQIMTNNB-WGZBAJHCSA-N,CSCC[C@H](NC(=O)[C@H](CC(C)C)NC(=O)CN1CCCNC(=O)CCCC(=O)N[C@H](CCCN=C(N)N)C(=O)N[C@@H](Cc2ccccc2)C(=O)N[C@H](Cc2ccccc2)C1=O)C(N)=O,7.958607314841775,1,0.0,1994,1994,1994,EC50,B,1
NMNAPOVNXDLYJZ-RTWAWAEBSA-N,CN(Cc1cc(C(F)(F)F)cc(C(F)(F)F)c1)C(=O)[C@H]1CN(C(=O)OC(C)(C)C)C[C@@H]1c1ccccc1,7.958607314841775,1,0.0,2007,2007,2007,IC50,B,1
MPSBRZBCWQGWFI-UHFFFAOYSA-N,CN1CCC(COCc2cc(C(F)(F)F)cc(C3CC3)n2)(c2ccc(Cl)cc2)CC1,7.958607314841775,1,0.0,2013,2013,2013,IC50,B,1
YHYTXVOKAVQKLR-UHFFFAOYSA-N,FC(F)(F)c1cc(Cl)nc(COCC2(c3ccccc3)CCNCC2)c1,7.958607314841775,1,0.0,2013,2013,2013,IC50,B,1
BKZACLJXDQEZGG-JOCHJYFZSA-N,CCN1CCC[C@@](COCc2cc(C(F)(F)F)cc(C(F)(F)F)c2)(c2ccccc2)CC1,7.958607314841775,1,0.0,2013,2013,2013,IC50,B,1
OGWFIIQUFKCEMC-RTBURBONSA-N,N[C@@H]1CC[C@@](COCc2cc(C(F)(F)F)cc(C(F)(F)F)c2)(c2ccccc2)C1,7.958607314841775,1,0.0,2014,2014,2014,IC50,B,1
HXEVSMSRSONRKR-SFHVURJKSA-N,CC(=O)N[C@@H](Cc1csc2ccccc12)C(=O)OCc1cc(C(F)(F)F)cc(C(F)(F)F)c1,7.958392068922001,2,0.1958939551585369,1994,1998,1996,IC50,B,2
JBANDCXQHHODFB-LFHWKTFOSA-N,CC(C)c1noc(C2=CC(=O)N3C[C@H](O[C@H](C)c4cc(C(F)(F)F)cc(C(F)(F)F)c4)[C@@H](c4ccc(F)cc4)C3C2)n1,7.9561092910952285,2,1.1503804081209863,2010,2010,2010,IC50,B,1
OFXGPUCSXYQAEH-NRFANRHFSA-N,CN(C(=O)C(C)(C)c1cc(C(F)(F)F)cc(C(F)(F)F)c1)c1cnc(N2CCCC[C@H]2CO)cc1-c1ccccc1Cl,7.954677021213342,1,0.0,2010,2010,2010,Ki,B,1
ZQYIOYYNSJMENO-MGQAZMLPSA-N,C[C@@H](O[C@H]1CN2C(=O)C=C(c3cnn(Cc4ccccc4)c3)CC2[C@@H]1c1ccc(F)cc1)c1cc(C(F)(F)F)cc(C(F)(F)F)c1,7.950851231752651,2,1.0895032939745999,2010,2010,2010,IC50,B,1
MDFSJQWVOCQTLX-UHFFFAOYSA-N,NC(COCc1cc(Cl)cc(Cl)c1)C(c1ccccc1)c1ccccc1,7.94692155651658,1,0.0,1994,1994,1994,IC50,B,1
FUTUUAUFFGJELS-BYUVYSIJSA-N,CN(C(=O)c1cc(C(F)(F)F)cc(C(F)(F)F)c1)[C@@H](/C=C/C(=O)NC1CCCCCC1)Cc1ccc(Cl)cc1,7.920818753952375,1,0.0,2001,2001,2001,IC50,B,1
XNVWNVRFENUWFF-QZQBIAJISA-N,CO/N=C(\CN(C)C(=O)c1ccc(N(C)C)c2ccccc12)C(CCN1CCC(O)(c2ccccc2)CC1)c1ccc(Cl)c(Cl)c1,7.920818753952375,1,0.0,2002,2002,2002,Ki,B,1
NTIPCTPRHXCHTR-UHFFFAOYSA-N,COc1ccc(C(CN(C)C(=O)Cc2cc(C(F)(F)F)cc(C(F)(F)F)c2)N2CCC(N3CCCCC3)CC2)c(OC)c1OC,7.920818753952375,1,0.0,2000,2000,2000,IC50,B,1
OIPUCUYEXWXJEQ-UHFFFAOYSA-N,COc1ccccc1C(C1CCCCN1C(=O)c1cc(C(F)(F)F)cc(C(F)(F)F)c1)N1CCC(N2CCCCC2)CC1,7.920818753952375,1,0.0,2000,2000,2000,IC50,B,1
CBPSLOOFWLIHIO-UHFFFAOYSA-N,CN(CCc1cc(C(F)(F)F)cc(C(F)(F)F)c1)C(=O)C(Cc1c[nH]c2ccccc12)N1CCN(C2CCCCC2)CC1,7.920818753952375,1,0.0,2000,2000,2000,IC50,B,1
FXCOGDWCXOXCRA-UHFFFAOYSA-N,CN(CC(c1cccc2c1OCO2)N1CCC(N2CCCCC2)CC1)C(=O)Cc1ccccc1Cl,7.920818753952375,1,0.0,2000,2000,2000,IC50,B,1
WQZUOBIIPDZRJP-WUFINQPMSA-N,Cc1cc(C)cc(C(=O)N2CC[C@H](NCc3ccnc4ccccc34)C[C@H]2Cc2ccccc2)c1,7.920818753952375,5,0.29219078541010707,1996,1997,1996,IC50,B,4
SSGVUCUCQKFTFZ-RRPNLBNLSA-N,COc1cc(CC(=O)N[C@H]2CCN(C(=O)c3cc(C)cc(C)c3)[C@H](Cc3ccccc3)C2)cc(OC)c1,7.920818753952375,1,0.0,1996,1996,1996,IC50,B,1
PEIMIJSROKINQZ-UHFFFAOYSA-N,CS(=O)(=O)N1CC2(CCN(C(=O)C(COCc3ccccc3)NCc3ccc(Cl)c(Cl)c3)CC2)c2ccccc21,7.920818753952375,1,0.0,1998,1998,1998,IC50,B,1
XQCZPAUCNTZZCI-UHFFFAOYSA-N,Cc1cc(C)cc(C(=O)N2CCC(NCc3cccc4ccccc34)CC2Cc2ccccc2)c1,7.920818753952375,1,0.0,2004,2004,2004,IC50,B,1
XPWWPOWERDNVHK-YADHBBJMSA-N,CC(=O)NCC(=O)N1CC[C@@H](C(=O)N(C)Cc2cc(C(F)(F)F)cc(C(F)(F)F)c2)[C@H](c2ccccc2)C1,7.920818753952375,1,0.0,2012,2012,2012,IC50,B,1
MYMSTILLVFBSHU-UHFFFAOYSA-N,CC(C)c1cc(C(F)(F)F)cc(COCC2(c3ccc(F)cc3)CCN(C)CC2)n1,7.920818753952375,1,0.0,2013,2013,2013,IC50,B,1
XBRNPBHKYYHMKE-UHFFFAOYSA-N,CN1CCC(COCc2cc(C(F)(F)F)cc(Cl)n2)(c2ccccc2)CC1,7.920818753952375,1,0.0,2013,2013,2013,IC50,B,1
QBVKHKPSAMYONA-JNSHEXFGSA-N,COc1ccccc1CN[C@H]1C2CC[N+](C)(CC2)[C@H]1C(c1ccccc1)c1ccccc1,7.913640169325252,1,0.0,1994,1994,1994,IC50,B,1
CWXSJSDJJDAMBU-UHFFFAOYSA-N,Fc1cc(COCC(c2ccccc2)N2CCNCC2)cc(C(F)(F)F)c1,7.899974269892137,2,0.0,2002,2003,2002,IC50;Ki,B,2
PYALTOQQRPEMLM-IBGZPJMESA-N,Brc1cc(Br)cc(COC[C@@H](c2ccccc2)N2CCNCC2)c1,7.899974269892137,1,0.0,2002,2002,2002,IC50,B,1
LISBQSVNZGTROM-UHFFFAOYSA-N,O=C1CCC(CCN2CC(N3CCNCC3)C2)(c2ccc(Cl)c(Cl)c2)CN1CC1CC1,7.899974269892137,1,0.0,2002,2002,2002,Kd,B,1
LOQZSBGQNIRLDR-RDKKHIPBSA-N,CN(Cc1ccccc1)C(=O)[C@H](Cc1ccc2ccccc2c1)NC(=O)[C@@H]1CCCC[C@@H]1NC(=O)c1c[nH]c2ccccc12,7.899974269892137,1,0.0,1998,1998,1998,IC50,B,1
IPWMVUCHZLFYDN-UHFFFAOYSA-N,FC(F)(F)c1cc(CNCC2(c3ccccc3)CCNCC2)cc(C(F)(F)F)c1,7.899629454882437,1,0.0,1998,1998,1998,IC50,B,1
SNRPTOFWJUUQPQ-UHFFFAOYSA-N,CCNC(COCc1cc(C)cc(C)c1)C(c1ccccc1)c1ccccc1,7.896196279044043,1,0.0,1994,1994,1994,IC50,B,1
KUZZNTGRAPLLRA-PKHCJMHPSA-N,COc1cccc2cc(COC(=O)N[C@](C)(Cc3c[nH]c4ccccc34)C(=O)N[C@@H](C)c3ccccc3)oc12,7.890084136976206,1,0.0,1995,1995,1995,IC50,B,1
WHUCKFJJQPWATM-NRFANRHFSA-N,Cc1cc(F)ccc1-c1cc(N2CC(F)(F)C[C@H]2CO)ncc1N(C)C(=O)C(C)(C)c1cc(C(F)(F)F)cc(C(F)(F)F)c1,7.890029429817073,2,0.014064127709787164,2014,2014,2014,Ki,B,1
OIUDTQFPVHQGHZ-FIBWVYCGSA-N,CCCCCN(CCCCC)C(=O)[C@H]1CCN(C(=O)N(c2ccccc2)c2ccccc2)[C@H](C(=O)NCCNCC(N)=O)C1,7.886056647693163,1,0.0,1995,1995,1995,IC50,B,1
DKPSOKZCQJXNEF-UHFFFAOYSA-N,CC(C)N1CCN(C(=O)CCc2c(-c3ccc(Cl)cc3)n(C)c3ccc(Cl)cc23)CC1,7.886056647693163,1,0.0,2001,2001,2001,IC50,B,1
WQYYTVLHSUMYKN-UHFFFAOYSA-N,O=C(CN(N1CCC(O)(c2ccccc2)CC1)N1CCC(O)(c2ccccc2)CC1)N1CCN(Cc2cc(C(F)(F)F)cc(C(F)(F)F)c2)CC1c1ccccc1,7.886056647693163,1,0.0,2002,2002,2002,Ki,B,1
UYZIPLMTFSGKAJ-OAHLLOKOSA-N,N[C@H](COCc1cc(C(F)(F)F)cc(C(F)(F)F)c1)c1ccccc1,7.886056647693163,2,0.0,1995,1998,1996,IC50,B,2
YOMYRRDBIFKPJV-VWLOTQADSA-N,COc1ccccc1N1CCN(C(=O)[C@H](COCc2ccc(Cl)c(Cl)c2)NCc2ccccc2)CC1,7.886056647693163,1,0.0,1998,1998,1998,IC50,B,1
QWWRETCIYVIZSF-DPVFXHEMSA-N,COc1ccccc1[C@H]1COCC2(C1)OCCN[C@H]2c1ccc(F)cc1,7.886056647693163,1,0.0,2002,2002,2002,IC50,B,1
KPOSFDMDKKTTBT-SMTCOIIISA-N,CO/N=C(\CN(C)C(=O)c1cc(OC)c(OC)c(OC)c1)C(CCN1CCC(O)(c2ccccc2)CC1)c1ccc(Cl)c(Cl)c1,7.886056647693163,1,0.0,2002,2002,2002,Ki,B,1
BCZOCLLNEUBFJV-CMXZEOLJSA-N,C=CCC1CCCN(CC2CCN(CCC(/C(COCc3cc(C(F)(F)F)cc(C(F)(F)F)c3)=N/OC)c3ccc(Cl)c(Cl)c3)CC2)C1=O,7.886056647693163,1,0.0,2001,2001,2001,Ki,B,1
LFGRTEFPFZAVNT-TXILKVRRSA-N,CO/N=C(\COCc1cc(C(F)(F)F)cc(C(F)(F)F)c1)C(CCN1CCC(N2CCC[C@H]2C(N)=O)CC1)c1ccc(Cl)c(Cl)c1,7.886056647693163,1,0.0,2001,2001,2001,Ki,B,1
LCUWMEPHTNUQOY-UHFFFAOYSA-N,COc1ccccc1CNCc1c(-c2ccccc2)c2cc(C)c(C)cc2c(=O)n1C,7.886056647693163,1,0.0,1995,1995,1995,IC50,B,1
ASXZZPJDUJGTRI-JSKGAOECSA-N,CO/N=C(\COCc1cc(C(F)(F)F)cc(C(F)(F)F)c1)C(CCN1CCC(N2CCCC(C(N)=O)C2)CC1)c1ccc(Cl)c(Cl)c1,7.886056647693163,1,0.0,2001,2001,2001,Ki,B,1
AUQCRJDJIAOZCU-WUGRJRDASA-N,CO/N=C(\COCc1cc(C(F)(F)F)cc(C(F)(F)F)c1)C(CCN1CCC(CN2CCCCC2CCO)CC1)c1ccc(Cl)c(Cl)c1,7.886056647693163,1,0.0,2001,2001,2001,Ki,B,1
SKQAXGRTJKBKTG-GOSISDBHSA-N,CN(Cc1nnnn1C)[C@H](COCc1cc(C(F)(F)F)cc(C(F)(F)F)c1)c1ccccc1,7.886056647693163,1,0.0,1998,1998,1998,IC50,B,1
AIQHFECKTSSXEZ-MHZLTWQESA-N,CS(=O)(=O)N1CC2(CCN(C(=O)[C@H](CSCc3ccc(Cl)c(Cl)c3)NCc3ccccc3)CC2)c2ccccc21,7.886056647693163,1,0.0,1998,1998,1998,IC50,B,1
ZMPABVVPVGDMMD-WUFINQPMSA-N,Cc1cc(C)cc(C(=O)N2CC[C@H](NCc3ccnc4ccccc34)C[C@H]2Cc2ccc(Cl)cc2)c1,7.886056647693163,1,0.0,1996,1996,1996,IC50,B,1
ZBRLFBGHMZDCPP-HSZRJFAPSA-N,COc1cc(C(=O)N(C)c2cc(C(=O)N[C@@H]3CCCCNC3=O)ccc2-c2ccc(Cl)cc2)cc(OC)c1OC,7.886056647693163,1,0.0,2002,2002,2002,IC50,B,1
AIAQAZVHKNKTDU-MRNBDVKYSA-N,CO/N=C(\COCc1cc(C(F)(F)F)cc(C(F)(F)F)c1)C(CCN1CCN(CC(=O)N2CC[C@@H](CO)C2)CC1)c1ccc(Cl)c(Cl)c1,7.886056647693163,1,0.0,2000,2000,2000,Ki,B,1
MSMBJZMONMUMMG-MLYMZAKTSA-N,CO/N=C(\COCc1cc(C(F)(F)F)cc(C(F)(F)F)c1)C(CCN1CCN(CC(=O)N2CCCC(O)C2)CC1)c1ccc(Cl)c(Cl)c1,7.886056647693163,1,0.0,2000,2000,2000,Ki,B,1
ZLRYQPMGPKDVDS-PKTZIBPZSA-N,CN(Cc1cc(C(F)(F)F)cc(C(F)(F)F)c1)C(=O)[C@H]1CN(C(=O)N2CCCCC2)C[C@@H]1c1ccccc1,7.886056647693163,1,0.0,2007,2007,2007,IC50,B,1
XJMWWALONVOUBI-LHEWISCISA-N,O=C(CCC(=O)N(c1ccccc1)C1CCN(CCc2ccccc2)CC1)N[C@@H](Cc1c[nH]c2ccccc12)C(=O)OCc1cc(C(F)(F)F)cc(C(F)(F)F)c1,7.886056647693163,1,0.0,2011,2011,2011,Ki,B,1
SPLKTVKAAPXPPZ-UHFFFAOYSA-N,CN1CCC(COCc2cc(C(F)(F)F)cc(N3CCC(C#N)CC3)n2)(c2ccc(F)cc2)CC1,7.886056647693163,1,0.0,2013,2013,2013,IC50,B,1
JREBGRHWCUPUKA-DSPMFFIESA-N,Cc1cc(O)cc(C)c1C[C@H](N)C(=O)N[C@H](CCCNC(=N)N)C(=O)N[C@H]1Cc2ccccc2CN(CCC(=O)N(C)Cc2ccccc2)C1=O,7.886056647693163,4,0.7871203904075418,2015,2015,2015,Kd;Ki,B,2
PKOMOAICWKDSFD-UHFFFAOYSA-N,NC(COCc1cc(Br)cc(Br)c1)C(c1ccccc1)c1ccccc1,7.876148359032914,1,0.0,1994,1994,1994,IC50,B,1
UYZIPLMTFSGKAJ-UHFFFAOYSA-N,NC(COCc1cc(C(F)(F)F)cc(C(F)(F)F)c1)c1ccccc1,7.8696662315049934,1,0.0,1998,1998,1998,IC50,B,1
NXSLKADJJIQRKU-LJQANCHMSA-N,Cc1cc(COC[C@@H](N)c2ccccc2)cc(C(C)(C)C)c1,7.863279432843593,1,0.0,1995,1995,1995,IC50,B,1
XRKJXJABWKMSDY-CONSDPRKSA-N,CN(Cc1ccccc1)C(=O)[C@H](Cc1cccc2ccccc12)NC(=O)[C@@H]1CCCN1/C(S)=N/Cc1ccccc1Cl,7.863279432843593,1,0.0,1998,1998,1998,Ki,B,1
LVFJZDFXJABCGT-ZEQGLLOKSA-N,CC[C@H](C)[C@H](NC(=O)[C@H](Cc1ccccc1)NC(=O)[C@H](CO)NC(=O)[C@H](C)NC(=O)[C@@H]1CCCN1C(=O)[C@H](CC(N)=O)NC(=O)[C@@H](N)Cc1c[nH]cn1)C(=O)NCC(=O)N[C@@H](CC(C)C)C(=O)N[C@@H](CCSC)C(N)=O,7.861769097913378,2,0.011168233429135232,2000,2000,2000,EC50,B;F,1
GNEJSXZGFJSOEX-OALUTQOASA-N,CN1CCC[C@H](OCc2cc(C(F)(F)F)cc(C(F)(F)F)c2)[C@@H]1c1ccccc1,7.853871964321762,2,0.0,1995,1995,1995,IC50,B,2
ZVBLMUFWEBYUFD-LJAQVGFWSA-N,CSN1CC2(CCN(C(=O)N[C@@H](Cc3c[nH]c4ccccc34)C(=O)N(C)Cc3ccccc3)CC2)c2ccccc21,7.853871964321762,1,0.0,1998,1998,1998,IC50,B,1
YTPUEPLAPSDSRR-UHFFFAOYSA-N,COc1ccccc1N1CCN(C(=O)CCc2c(-c3ccc(Cl)cc3)[nH]c3c(Cl)cc(Cl)cc23)CC1,7.853871964321762,1,0.0,2001,2001,2001,IC50,B,1
ONJQALZQTBFYIT-NVAZTIMOSA-N,CSCC[C@H](NC(=O)[C@H](CC(C)C)NC(=O)CNC(=O)[C@H](Cc1ccc(O)cc1)NC(=O)[C@H](Cc1ccccc1)NC(=O)[C@H](CO)NC(=O)[C@H](CC(=O)O)NC(=O)[C@H](CO)NC(=O)[C@H](CCCCN)NC(=O)[C@@H](N)Cc1ccc(O)cc1)C(N)=O,7.853871964321762,2,0.0,2000,2000,2000,EC50,B;F,1
MQKHVKMWIBXXJD-UHFFFAOYSA-N,CN(CCc1cc(C(F)(F)F)cc(C(F)(F)F)c1)CC(c1ccccc1)N1CCC(N2CCCCC2)CC1,7.853871964321762,1,0.0,2000,2000,2000,IC50,B,1
UEXAKWLHQITACD-UHFFFAOYSA-N,O=C(Cc1cc(C(F)(F)F)cc(C(F)(F)F)c1)NCC(c1cccc2ccccc12)N1CCC(N2CCCCC2)CC1,7.853871964321762,1,0.0,2000,2000,2000,IC50,B,1
KYAGVGRXHALGSE-VWLOTQADSA-N,Cc1cc(C)cc(COC[C@@H](C(c2ccccc2)c2ccccc2)N(C)C)c1,7.853871964321762,1,0.0,1994,1994,1994,IC50,B,1
WFZIEDGDQLUGRH-YTRKXGHFSA-N,CO/N=C(\COCc1cc(C(F)(F)F)cc(C(F)(F)F)c1)C(CCN1CCC(CN2CCCC(CC3CC3)C2=O)CC1)c1ccc(Cl)c(Cl)c1,7.853871964321762,1,0.0,2001,2001,2001,Ki,B,1
SDIARYHLHLQDHS-AETRBLLXSA-N,CO/N=C(\COCc1cc(C(F)(F)F)cc(C(F)(F)F)c1)C(CCN1CCC(N2CCCCC2CO)CC1)c1ccc(Cl)c(Cl)c1,7.853871964321762,1,0.0,2001,2001,2001,Ki,B,1
WCYNXQRFYZBERD-JVFAEYSFSA-N,CO/N=C(\COCc1cc(C(F)(F)F)cc(C(F)(F)F)c1)C(CCN1CCC(CN2CCOCC2)CC1)c1ccc(Cl)c(Cl)c1,7.853871964321762,1,0.0,2001,2001,2001,Ki,B,1
VEAVAWWBYHVPDB-UHFFFAOYSA-N,CN(CCc1cc(C(F)(F)F)cc(C(F)(F)F)c1)C(=O)C(c1ccccc1)c1ccccc1,7.853871964321762,1,0.0,1996,1996,1996,IC50,B,1
LEKNVQXTSOHTEK-AJQTZOPKSA-N,Cc1cc(C)cc(C(=O)N2CC[C@H](NCc3ccnc4ccccc34)C[C@H]2Cc2ccc3ccccc3c2)c1,7.853871964321762,1,0.0,1996,1996,1996,IC50,B,1
FJKPUNUCNIPOHX-WUFINQPMSA-N,COc1ccc(C[C@@H]2C[C@@H](NCc3ccnc4ccccc34)CCN2C(=O)c2cc(C)cc(C)c2)cc1,7.853871964321762,1,0.0,1996,1996,1996,IC50,B,1
BIAFEJMLZNVRCH-JFXHSDHMSA-N,CO/N=C(\COCc1cc(C(F)(F)F)cc(C(F)(F)F)c1)C(CCN1CCN(CC(=O)N2CCCC2)CC1)c1ccc(Cl)c(Cl)c1,7.853871964321762,1,0.0,2000,2000,2000,Ki,B,1
AIAQAZVHKNKTDU-PDQPOBEUSA-N,CO/N=C(\COCc1cc(C(F)(F)F)cc(C(F)(F)F)c1)C(CCN1CCN(CC(=O)N2CC[C@H](CO)C2)CC1)c1ccc(Cl)c(Cl)c1,7.853871964321762,1,0.0,2000,2000,2000,Ki,B,1
ZCXLYGVZLHNYBD-OJZPPULMSA-N,CO/N=C(\COCc1cc(C(F)(F)F)cc(C(F)(F)F)c1)C(CCN1CCN(CC(=O)N2CCC(N(C)C)C2)CC1)c1ccc(Cl)c(Cl)c1,7.853871964321762,1,0.0,2000,2000,2000,Ki,B,1
VXHMITAKWYIILS-FDXPNMITSA-N,CC(C)C[C@H](NC(=O)[C@@H]1CCCN1C(=O)[C@H](Cc1ccccc1)NC(=O)CNC(=O)[C@@H](C)NC(=O)[C@@H](N)Cc1ccc(O)cc1)C(=O)N[C@@H](Cc1c[nH]c2ccccc12)C(=O)NCc1ccccc1,7.853871964321762,1,0.0,2008,2008,2008,Ki,B,1
KDPPKHYNYFGRQU-UHFFFAOYSA-N,O=C1CCN(Cc2ccccc2-c2ccccc2)CC1C(c1ccc(F)cc1)c1ccc(F)cc1,7.853871964321762,1,0.0,2011,2011,2011,IC50,B,1
CCIMZLOHGVNGLX-UHFFFAOYSA-N,CCNC1CCC(COCc2cc(C(F)(F)F)cc(C(F)(F)F)c2)(c2ccccc2)CC1,7.853871964321762,1,0.0,2014,2014,2014,IC50,B,1
HSPRYBQFUPQTHV-UHFFFAOYSA-N,FC(F)(F)c1cc(COCC2(c3ccccc3)CCC(N3CCCC3)C2)cc(C(F)(F)F)c1,7.853871964321762,1,0.0,2014,2014,2014,IC50,B,1
NHUPTTPACBOYNX-WQUIFZNHSA-N,C[C@@H](O[C@H]1CN2C(=O)C=C(c3ccc(F)cc3)CC2[C@@H]1c1ccc(F)cc1)c1cc(C(F)(F)F)cc(C(F)(F)F)c1,7.849485002168009,2,1.201353211098537,2010,2010,2010,IC50,B,1
DKFVQZBJYIGRJV-XXFYTOHFSA-N,C[C@@H](O)[C@@H]1NC(=O)[C@H](Cc2ccccc2)NC(=O)[C@@H](Cc2c[nH]c3ccccc23)NC(=O)[C@H](Cc2cccc3ccccc23)NC(=O)[C@@H]2CCCN2C(=O)[C@H](Cc2ccccc2)NC1=O,7.823908740944319,1,0.0,1996,1996,1996,IC50,B,1
GNOYESNOUWJQOE-UHFFFAOYSA-N,COC(=O)Cn1c(-c2ccc(Cl)cc2)c(CCC(=O)N2CCN(c3ccccc3OC)CC2)c2cc(Cl)ccc21,7.823908740944319,1,0.0,2001,2001,2001,IC50,B,1
HOLYVOXJFVZCRT-XIFFEERXSA-N,CC(=O)Nc1ccc(CN2CCC(NCC(=O)N3CCN(C(=O)c4cc(C)cc(C)c4)C[C@H]3c3ccc(Cl)c(Cl)c3)CC2)cc1,7.823908740944319,1,0.0,2002,2002,2002,Ki,B,1
QKCSLNKBSSSWLN-CXTIUDGFSA-N,COc1ccccc1[C@H](SC)C(=O)N1CC2C(=O)CSC(c3ccccc3)(c3ccccc3)C2C1,7.823908740944319,1,0.0,1995,1995,1995,IC50,B,1
ZVNSPAYDPDXAER-JSKGAOECSA-N,N#CO/N=C(\COCc1cc(C(F)(F)F)cc(C(F)(F)F)c1)C(CCN1CCC(O)(c2ccccc2)CC1)c1ccc(Cl)c(Cl)c1,7.823908740944319,1,0.0,2002,2002,2002,Ki,B,1
KMGAJUYDQHGRHG-UHFFFAOYSA-N,O=C(COCc1cc(C(F)(F)F)cc(C(F)(F)F)c1)C(CCN1CCC(O)(c2ccccc2)CC1)c1ccc(Cl)c(Cl)c1,7.823908740944319,1,0.0,2002,2002,2002,Ki,B,1
MGGLLSWGBUFIRZ-UHFFFAOYSA-N,CC(C)C1CCN(C2CCN(C(CN(C)C(=O)Cc3cc(C(F)(F)F)cc(C(F)(F)F)c3)c3ccc(Cl)c(Cl)c3)CC2)CC1,7.823908740944319,1,0.0,2000,2000,2000,IC50,B,1
HZEOYQIWCRCGNG-UHFFFAOYSA-N,COc1ccccc1C(CNC(=O)Cc1cc(C)cc(C)c1)N1CCN(C2CCCCC2)CC1,7.823908740944319,1,0.0,2000,2000,2000,IC50,B,1
IGSOVECSOZYGEW-QGZVFWFLSA-N,Cn1nnc(CN[C@H](COCc2cc(C(F)(F)F)cc(C(F)(F)F)c2)c2ccccc2)n1,7.823908740944319,1,0.0,1998,1998,1998,IC50,B,1
ZVMIYSOFMRKXOK-IZZNHLLZSA-N,Cc1cc(C)cc(C(=O)N2CC[C@H](NC(=O)c3ccnc4ccccc34)C[C@H]2Cc2ccccc2)c1,7.823908740944319,1,0.0,1997,1997,1997,IC50,B,1
PCFFNCMKFYVCBU-RREIPUBJSA-N,Cc1onc(-c2c(Cl)cccc2Cl)c1/C=N/Nc1c(Cl)cncc1Cl,7.823908740944319,1,0.0,2006,2006,2006,Ki,B,1
KSPUFTHRXQCPKQ-UHFFFAOYSA-N,COc1ccc(NC(C)=O)cc1CN1CCC(=O)C(C(c2ccccc2)c2ccccc2)C1,7.823908740944319,1,0.0,2011,2011,2011,IC50,B,1
LRRZHSQFXGWYEI-WUFINQPMSA-N,Cc1cc(C)cc(C(=O)N2CC[C@H](NCCc3ccccc3)C[C@H]2Cc2ccccc2)c1,7.8198741248359465,1,0.0,1998,1998,1998,IC50,B,1
KHANBRBFKNNRSS-UHFFFAOYSA-N,O=C(O)CN1CCN(C(COCc2cc(C(F)(F)F)cc(C(F)(F)F)c2)c2ccccc2)CC1,7.79997073344623,1,0.0,2003,2003,2003,Ki,B,1
QHCSPVHPMRFOBY-UHFFFAOYSA-N,Oc1n[nH]c(CN2CCN(C(COCc3cc(C(F)(F)F)cc(C(F)(F)F)c3)c3ccccc3)CC2)n1,7.79997073344623,1,0.0,2003,2003,2003,Ki,B,1
ZOXBUIMAXBOWFJ-UHFFFAOYSA-N,O=C(O)COCCN1CCN(C(COCc2cc(C(F)(F)F)cc(C(F)(F)F)c2)c2ccccc2)CC1,7.79997073344623,1,0.0,2003,2003,2003,Ki,B,1
IHOJMXXFLZHXRR-UHFFFAOYSA-N,FC(F)(F)c1ccc(COCC(c2ccccc2)N2CCNCC2)c(C(F)(F)F)c1,7.79997073344623,1,0.0,2003,2003,2003,Ki,B,1
OJSVVPWTTKYYQY-UHFFFAOYSA-N,FC(F)(F)c1cc(COCC(c2ccccc2)N2CCN(CCN3CCOCC3)CC2)cc(C(F)(F)F)c1,7.79997073344623,1,0.0,2003,2003,2003,Ki,B,1
DDPVLRKXRZEBCR-AFJIDDCJSA-N,COc1ccc(COC(=O)N[C@](C)(Cc2c[nH]c3ccccc23)C(=O)N[C@@H](C)c2ccccc2)cc1,7.79997073344623,1,0.0,1995,1995,1995,IC50,B,1
WTLKXSOKBFOIRJ-UHFFFAOYSA-N,CN1CCN(C2CN(CCC3(c4ccc(Cl)c(Cl)c4)CCC(=O)N(Cc4ccccc4)C3)C2)CC1,7.79997073344623,1,0.0,2002,2002,2002,Kd,B,1
OPIVNHLWYYGXFZ-UHFFFAOYSA-N,CC(=O)NC1CCN(C2CN(CCC3(c4ccc(Cl)c(Cl)c4)CCC(=O)N(CC4CC4)C3)C2)CC1,7.79997073344623,1,0.0,2002,2002,2002,Kd,B,1
VMAVXXLBJKICJP-QFIPXVFZSA-N,CN(C(=O)C(C)(C)c1cc(C(F)(F)F)cc(C(F)(F)F)c1)[C@H](C(=O)NCCN1CCOCC1)c1ccccc1,7.79997073344623,1,0.0,2014,2014,2014,Ki,B,1
YYCLLQXDASNBOC-QTQRRKOQSA-N,CNCCNC(=O)[C@@H](Cc1ccccc1)NC(=O)[C@](C)(CCN1CCC2(CC1)OC(=O)N(C)c1ccc(F)cc12)c1ccc(Cl)c(Cl)c1,7.79997073344623,1,0.0,2014,2014,2014,Ki,B,1
NJRDJJXQKVSGAM-QTQRRKOQSA-N,CN1C(=O)OC2(CCN(CCC[C@@](C)(C(=O)N[C@H](Cc3ccccc3)C(=O)NCCO)c3ccc(Cl)c(Cl)c3)CC2)c2cc(F)ccc21,7.79997073344623,1,0.0,2014,2014,2014,Ki,B,1
MQBYITUBYNOORJ-NKWVPACGSA-N,COc1ccc(OC)c([C@H]2COCC3(C2)OCCN[C@H]3c2ccc(F)cc2)c1,7.795880017344075,1,0.0,2002,2002,2002,IC50,B,1
APNBVGOWKCRABK-UHFFFAOYSA-N,COc1ccccc1CC(=O)N(C)CC(c1cccc2c1OCO2)N1CCC(N2CCCCC2)CC1,7.795880017344075,1,0.0,2000,2000,2000,IC50,B,1
ATMHFQDWDFHUDF-CXNSYNGHSA-N,CN(C(=O)c1cc(C(F)(F)F)cc(C(F)(F)F)c1)[C@H](/C=C/C(=O)N[C@@H]1CCCCNC1=O)Cc1ccc(Cl)cc1,7.795880017344075,1,0.0,2000,2000,2000,IC50,B,1
GPUOQABHPXXQED-VMPREFPWSA-N,CCOc1ccccc1CN[C@H]1C2CCN(CC2)[C@H]1C(c1ccccc1)c1ccccc1,7.795880017344075,1,0.0,1992,1992,1992,IC50,B,1
CZJRZIRZQQMHKI-UHFFFAOYSA-N,COc1ccccc1CN(C)C(=O)c1c(-c2ccccc2C)c2ccccc2c(=O)n1C,7.795880017344075,1,0.0,1995,1995,1995,IC50,B,1
GMYQERSHEPCLFH-UHFFFAOYSA-N,Cc1cc2c(-c3ccccc3)c(NC(=O)N(C)Cc3ccccc3)n(C)c(=O)c2cc1C,7.795880017344075,1,0.0,1995,1995,1995,IC50,B,1
DLNVCYVSPSXJST-CMXZEOLJSA-N,CCOC(=O)C1CCCN(CC2CCN(CCC(/C(COCc3cc(C(F)(F)F)cc(C(F)(F)F)c3)=N/OC)c3ccc(Cl)c(Cl)c3)CC2)C1,7.795880017344075,1,0.0,2001,2001,2001,Ki,B,1
SYJCRSZNLUABHV-XOKHWMEBSA-N,CO/N=C(\COCc1cc(C(F)(F)F)cc(C(F)(F)F)c1)C(CCN1CCC(N2CCCC2=S)CC1)c1ccc(Cl)c(Cl)c1,7.795880017344075,1,0.0,2001,2001,2001,Ki,B,1
DYCYWYIKRZKFIW-GOSISDBHSA-N,CN(Cc1nnn(C)n1)[C@H](COCc1cc(C(F)(F)F)cc(C(F)(F)F)c1)c1ccccc1,7.795880017344075,1,0.0,1998,1998,1998,IC50,B,1
CBVMBZMUENWLBJ-JFXHSDHMSA-N,CO/N=C(\COCc1cc(C(F)(F)F)cc(C(F)(F)F)c1)C(CCN1CCN(CC(=O)N2CCC(O)C2)CC1)c1ccc(Cl)c(Cl)c1,7.795880017344075,1,0.0,2000,2000,2000,Ki,B,1
PSFFYUGEAZLKJI-HKBOAZHASA-N,CN(C)C(=O)N(C)[C@@H]1CC[C@H](OCc2cc(C(F)(F)F)cc(C(F)(F)F)c2)[C@H]1c1ccccc1,7.795880017344075,1,0.0,2006,2006,2006,IC50,B,1
BNDYWUDBYSQRPQ-UHFFFAOYSA-N,CC(C)Cc1cc(C(F)(F)F)cc(COCC2(c3ccc(F)cc3)CCN(C)CC2)n1,7.795880017344075,1,0.0,2013,2013,2013,IC50,B,1
GDUGRYUTQQIHKS-FQEVSTJZSA-N,FC(F)(F)c1cc(COC[C@]2(c3ccccc3)CCCCNC2)cc(C(F)(F)F)c1,7.795880017344075,1,0.0,2013,2013,2013,IC50,B,1
WPKQETANFXEHPK-UHFFFAOYSA-N,CNC1CCC(COCc2cc(C(F)(F)F)cc(C(F)(F)F)c2)(c2ccccc2)CC1,7.795880017344075,1,0.0,2014,2014,2014,IC50,B,1
SIRLPVNKNQJFET-UHFFFAOYSA-N,FC(F)(F)c1cc(COCC2(c3ccccc3)CCC(NC3CC3)C2)cc(C(F)(F)F)c1,7.795880017344075,1,0.0,2014,2014,2014,IC50,B,1
MIXWJGSHUABFQY-INIZCTEOSA-N,N#CNC(=O)[C@H](Cc1ccccc1)NC(=O)OCc1ccccc1,7.782516055786093,1,0.0,2014,2014,2014,IC50,B,1
DOCORIWGLZNMHN-VMPREFPWSA-N,CCc1ccccc1CN[C@H]1C2CCN(CC2)[C@H]1C(c1ccccc1)c1ccccc1,7.778587720406181,2,0.0018444053832657086,1992,1998,1995,IC50,B,2
DHIJPAQVKMWGRO-VMPREFPWSA-N,CN(Cc1ccccc1)C(=O)[C@H](Cc1c[nH]c2ccccc12)NC(=O)[C@@H]1CCCN1/C(S)=N/Cc1ccccc1Cl,7.777283528852417,1,0.0,1998,1998,1998,Ki,B,1
ZGXRWINYWXGYPW-UHFFFAOYSA-N,OC(COCc1cc(C(F)(F)F)cc(C(F)(F)F)c1)C(c1ccccc1)c1ccccc1,7.769551078621726,1,0.0,1995,1995,1995,IC50,B,1
SQRIUKXVALYAKA-UHFFFAOYSA-N,O=C(CN(NC1CCN(Cc2ccccc2)CC1)NC1CCN(Cc2ccccc2)CC1)N1CCN(Cc2cc(C(F)(F)F)cc(C(F)(F)F)c2)CC1c1ccccc1,7.769551078621726,1,0.0,2002,2002,2002,Ki,B,1
OBCMJQIOJSEAIS-NDEPHWFRSA-N,CS(=O)(=O)Nc1ccccc1C1CCN(C(=O)[C@H](COCc2ccc(Cl)c(Cl)c2)NCc2ccccc2)CC1,7.769551078621726,1,0.0,1998,1998,1998,IC50,B,1
IDVQINSMOIOUOV-QNGWXLTQSA-N,CCCCCN(CCCCC)C(=O)N1CCN(C(=O)N(c2ccccc2)c2ccccc2)[C@H](C(=O)N(C)CCN(C)Cc2ccccc2OC)C1,7.769551078621726,1,0.0,1993,1993,1993,IC50,B,1
ZAHSPZMKTYGOPD-LYQDPQKGSA-N,NC(=O)CO/N=C(\COCc1cc(C(F)(F)F)cc(C(F)(F)F)c1)C(CCN1CCC(O)(c2ccccc2)CC1)c1ccc(Cl)c(Cl)c1,7.769551078621726,1,0.0,2002,2002,2002,Ki,B,1
YIDMPNWQSCDBNR-MHIAAIFOSA-N,N/C(CO/N=C(\COCc1cc(C(F)(F)F)cc(C(F)(F)F)c1)C(CCN1CCC(O)(c2ccccc2)CC1)c1ccc(Cl)c(Cl)c1)=N/O,7.769551078621726,1,0.0,2002,2002,2002,Ki,B,1
JPPUNFKZEZFACO-UHFFFAOYSA-N,Cc1cc(C)cc(COCC(O)C(c2ccccc2)c2ccccc2)c1,7.769551078621726,1,0.0,1994,1994,1994,IC50,B,1
HXKCARPNNJLDND-UHFFFAOYSA-N,CC(C)(C)[Si](C)(C)OCc1nc2ccccc2c(-c2ccccc2)c1C(=O)NCc1cc(C(F)(F)F)cc(C(F)(F)F)c1,7.769551078621726,1,0.0,2004,2004,2004,IC50,B,1
QKDREOIGKWPZQZ-RRYCAANRSA-N,CO/N=C(\COCc1cc(C(F)(F)F)cc(C(F)(F)F)c1)C(CCN1CCC(CN2CCCC(OC(=O)NC(C)C)C2)CC1)c1ccc(Cl)c(Cl)c1,7.769551078621726,1,0.0,2001,2001,2001,Ki,B,1
QPXROMJDFPQBAT-IZZNHLLZSA-N,O=C(c1cc(C(F)(F)F)cc(C(F)(F)F)c1)N1CC[C@H](NCc2ccnc3ccccc23)C[C@H]1Cc1ccccc1,7.769551078621726,1,0.0,1996,1996,1996,IC50,B,1
YQQCWFCVOVWFCG-UHFFFAOYSA-N,Cc1ccccc1-c1ccccc1C(=O)N(C)Cc1cc(C(F)(F)F)cc(C(F)(F)F)c1,7.769551078621726,1,0.0,2006,2006,2006,Ki,B,1
QQQXQOGGUJPCGH-CONSDPRKSA-N,CN(Cc1cccc2ccccc12)C(=O)[C@H](Cc1ccccc1)NC(=O)[C@@H]1CCCN1/C(S)=N/Cc1ccccc1Cl,7.767003889607846,1,0.0,1998,1998,1998,Ki,B,1
FUGAUMFXDDXKOJ-GOSISDBHSA-N,CN(C(=O)c1cc(C(F)(F)F)cc(C(F)(F)F)c1)N(CCC(=O)N[C@@H]1CCCCNC1=O)Cc1cc(Br)c(Br)s1,7.7447274948966935,1,0.0,2001,2001,2001,IC50,B,1
MTGCTWAUNJMIJB-JFXHSDHMSA-N,CO/N=C(\COCc1cc(C(F)(F)F)cc(C(F)(F)F)c1)C(CCN1CCC(N2CCCCC2=O)CC1)c1ccc(Cl)c(Cl)c1,7.7447274948966935,1,0.0,2001,2001,2001,Ki,B,1
HHESVMJOGBBVKM-BJSJXSMNSA-N,CO/N=C(\COCc1cc(C(F)(F)F)cc(C(F)(F)F)c1)C(CCN1CCC(NC(=O)c2ccccc2)CC1)c1ccc(Cl)c(Cl)c1,7.7447274948966935,1,0.0,2001,2001,2001,Ki,B,1
PEIMIJSROKINQZ-MHZLTWQESA-N,CS(=O)(=O)N1CC2(CCN(C(=O)[C@H](COCc3ccccc3)NCc3ccc(Cl)c(Cl)c3)CC2)c2ccccc21,7.7447274948966935,1,0.0,1998,1998,1998,IC50,B,1
ZJTHSBJZWIWYJM-UHFFFAOYSA-N,O=C1CCN(Cc2ccccc2[N+](=O)[O-])CC1C(c1ccc(F)cc1)c1ccc(F)cc1,7.7447274948966935,1,0.0,2011,2011,2011,IC50,B,1
BHCJHYIMNHXLOM-HUHHHVMHSA-N,CN(C(=O)c1cc(C(F)(F)F)cc(C(F)(F)F)c1)[C@H](/C=C/C(=O)N[C@H]1CCCCNC1=O)Cc1ccc(Cl)c(Cl)c1,7.739928612014925,1,0.0,2003,2003,2003,Ki,B,1
DPCYTDUQJLVHDB-SMSORMJASA-N,Cc1ccc(COC(=O)N[C@](C)(Cc2c[nH]c3ccccc23)C(=O)N[C@@H](C)c2ccccc2)cc1C,7.739928612014925,1,0.0,1995,1995,1995,IC50,B,1
ZUFZYEYFSDXYRJ-KYJUHHDHSA-N,CN(Cc1ccccc1)C(=O)[C@H](Cc1ccc2ccccc2c1)NC(=O)[C@@H]1CCCN1C(=O)Nc1ccccc1C(F)(F)F,7.739928612014925,1,0.0,1998,1998,1998,Ki,B,1
MINXROHIKJGKPW-IBGZPJMESA-N,Cc1cc(F)ccc1[C@@H]1CNCCN1C(=O)N(C)Cc1cc(C(F)(F)F)cc(C(F)(F)F)c1,7.739928612014925,1,0.0,2009,2009,2009,Ki,B,1
WZBZBOIJEFYIAT-SVBPBHIXSA-N,CN(Cc1ccccc1)C(=O)[C@H](Cc1ccccc1)NC(=O)[C@@H]1CCCN1C(=N)NCc1ccccc1Cl,7.732828271596986,1,0.0,1998,1998,1998,Ki,B,1
OFVLRXHTQBIQPR-UHFFFAOYSA-N,Oc1n[nH]c(CN2CCOC3(CCC(c4ccccc4)CO3)C2c2ccccc2)n1,7.721246399047171,1,0.0,2002,2002,2002,IC50,B,1
VLDIKRWPOVDEKL-UHFFFAOYSA-N,Cc1cc(C)cc(CC(=O)NCC(c2ccc(Cl)c(Cl)c2)N2CCC(N3CCCCC3)CC2)c1,7.721246399047171,1,0.0,2000,2000,2000,IC50,B,1
KEIDAWJRPFNTCH-HOGWAELTSA-N,CO/N=C(\COCc1cc(C(F)(F)F)cc(C(F)(F)F)c1)C(CCN1CCC(N2CCC(OC(=O)NC(C)C)C2)CC1)c1ccc(Cl)c(Cl)c1,7.721246399047171,1,0.0,2001,2001,2001,Ki,B,1
RAVSIXKQUPRXPP-UHFFFAOYSA-N,Cc1ccccc1-c1c(C(=O)N(C)Cc2ccccc2Cl)n(C)c(=O)c2ccccc12,7.721246399047171,1,0.0,1995,1995,1995,IC50,B,1
MAWOCXJZISUBGV-UHFFFAOYSA-N,CN(Cc1c(-c2ccccc2)c2ccccc2c(=O)n1C)C(=O)c1cc(C(F)(F)F)cc(C(F)(F)F)c1,7.721246399047171,1,0.0,1995,1995,1995,IC50,B,1
VMLKGGWQGPHFTK-VQTJNVASSA-N,CC(=O)N[C@H]1CCN(C(=O)c2cc(C(F)(F)F)cc(C(F)(F)F)c2)[C@H](Cc2ccccc2)C1,7.721246399047171,1,0.0,1996,1996,1996,IC50,B,1
PGMFRRGJAYYKKA-MFMCTBQISA-N,Cc1cc(C)cc(C(=O)N2CC[C@H](NCc3cc4ccccc4cn3)C[C@H]2Cc2ccccc2)c1,7.721246399047171,1,0.0,1996,1996,1996,IC50,B,1
DHQPHHROSYZCMG-JFXHSDHMSA-N,CO/N=C(\COCc1cc(C(F)(F)F)cc(C(F)(F)F)c1)C(CCN1CCN(CC(=O)N2CCOCC2)CC1)c1ccc(Cl)c(Cl)c1,7.721246399047171,1,0.0,2000,2000,2000,Ki,B,1
OGWFIIQUFKCEMC-OALUTQOASA-N,N[C@H]1CC[C@](COCc2cc(C(F)(F)F)cc(C(F)(F)F)c2)(c2ccccc2)C1,7.721246399047171,1,0.0,2014,2014,2014,IC50,B,1
OUKLJABZQLTYKG-WTYVLRPYSA-N,C[C@H](NC(=O)[C@@](C)(Cc1c[nH]c2ccccc12)NC(=O)OCc1ccccc1)c1ccccc1,7.720105019988361,1,0.0,1995,1995,1995,IC50,B,1
BQLJONXRHVAQGB-KCWXNJEJSA-N,Cc1ccc(COC(=O)N[C@](C)(Cc2c[nH]c3ccccc23)C(=O)N[C@@H](C)c2ccccc2)cc1,7.720105019988361,1,0.0,1995,1995,1995,IC50,B,1
JCQSGNUMUCYWTO-UHFFFAOYSA-N,FC(F)(F)c1cc(COCC2(c3ccccc3)CCCNC2)cc(C(F)(F)F)c1,7.710651749512202,2,0.014983097060943158,1998,2013,2005,IC50,B,2
IUUBIFKGJJLFPL-UHFFFAOYSA-N,NC(=O)N1CCN(C(COCc2cc(C(F)(F)F)cc(C(F)(F)F)c2)c2ccccc2)CC1,7.700057099977233,1,0.0,2003,2003,2003,Ki,B,1
LNSYPULCLCVDRK-HMILPKGGSA-N,C[C@H](NC(=O)[C@@](C)(Cc1c[nH]c2ccccc12)NC(=O)OCc1cccc(N)c1)c1ccccc1,7.700057099977233,1,0.0,1995,1995,1995,IC50,B,1
AALWUTFIDZBLOW-UHFFFAOYSA-N,O=C1CCC(CCN2CC(N3CCOCC3)C2)(c2ccc(Cl)c(Cl)c2)CN1Cc1ccc(F)cc1,7.700057099977233,1,0.0,2002,2002,2002,Kd,B,1
LZXBYKPOUJYPFP-MGBGTMOVSA-N,CN(C(=O)Cc1ccccc1)[C@H](Cc1ccc2ccccc2c1)NC(=O)C1(NC(=O)c2c[nH]c3ccccc23)CCCCC1,7.700057099977233,1,0.0,1998,1998,1998,IC50,B,1
JCWDFVQRQXWEJE-ANHUGMMASA-N,CN1C(=O)OC2(CCN(CC[C@@](C)(C(=O)N[C@H](Cc3ccccc3)C(=O)NCCN)c3ccc(Cl)c(Cl)c3)CC2)c2cc(F)ccc21,7.700057099977233,1,0.0,2014,2014,2014,Ki,B,1
XMPTXHOOQJHYLU-WECIHKQLSA-N,CN(C)CCNC(=O)[C@@H](Cc1ccccc1)NC(=O)[C@](C)(CCCN1CCC2(CC1)OC(=O)N(C)c1ccc(F)cc12)c1ccc(Cl)c(Cl)c1,7.700057099977233,1,0.0,2014,2014,2014,Ki,B,1
MXMABCVCSRDSMR-BPGUCPLFSA-N,Cc1cc(F)ccc1[C@H]1CNCCN1C(=O)N1CCCC1c1cc(C(F)(F)F)cc(C(F)(F)F)c1,7.699970640755865,2,0.7071067811865469,2010,2010,2010,Ki,B,1
QRXVHHGJYZCNHF-NSOVKSMOSA-N,COc1cccc(CN[C@H]2C3CCN(CC3)[C@H]2C(c2ccccc2)c2ccccc2)c1,7.699513552156626,2,0.0007686926997008422,1992,1998,1995,IC50,B,2
PLFQYVHLSBEAJT-HOFKKMOUSA-N,CCCCCN(CCCCC)C(=O)[C@H]1CCN(C(=O)N(c2ccccc2)c2cccc(Cl)c2)[C@H](C(=O)O)C1,7.698970004336019,1,0.0,1995,1995,1995,IC50,B,1
ORMFBQJKAWHTKC-FFEXHNSESA-N,CO/N=C(\COCc1cc(C(F)(F)F)cc(C(F)(F)F)c1)[C@H](CCN1CCC(O)(c2ccccc2)CC1)c1ccc(Cl)c(Cl)c1,7.698970004336019,1,0.0,2000,2000,2000,Ki,B,1
HHWCTCWUXQCOHR-RIOIIYTLSA-N,CN(C(=O)c1cc(C(F)(F)F)cc(C(F)(F)F)c1)[C@@H](/C=C/C(=O)N[C@@H]1CCCCNC1=O)Cc1cc(Br)c(Br)s1,7.698970004336019,1,0.0,2001,2001,2001,IC50,B,1
IMZAFOWPUFTKBQ-UHFFFAOYSA-N,Cc1cccc(COC2C3CCN(CC3)C2C(c2ccccc2)c2ccccc2)c1,7.698970004336019,1,0.0,1995,1995,1995,IC50,B,1
DHCGJBWTTJFZGE-MRXNPFEDSA-N,Cc1cc(Br)cc(COC[C@@H](N)c2ccccc2)c1,7.698970004336019,1,0.0,1995,1995,1995,IC50,B,1
IZLWIMJQGROQDC-OJZPPULMSA-N,OCCO/N=C(\COCc1cc(C(F)(F)F)cc(C(F)(F)F)c1)C(CCN1CCC(O)(c2ccccc2)CC1)c1ccc(Cl)c(Cl)c1,7.698970004336019,1,0.0,2002,2002,2002,Ki,B,1
RUTVZVYLDRQCPL-MLYMZAKTSA-N,CO/N=C(\COCc1cc(C(F)(F)F)cc(C(F)(F)F)c1)C(CCN1CCC(CN2CCCCC2=S)CC1)c1ccc(Cl)c(Cl)c1,7.698970004336019,1,0.0,2001,2001,2001,Ki,B,1
VHRZZRMHNFWXJO-FEMONOMJSA-N,CO/N=C(\COCc1cc(C(F)(F)F)cc(C(F)(F)F)c1)C(CCN1CCC(CN2CCCCC2CO)CC1)c1ccc(Cl)c(Cl)c1,7.698970004336019,1,0.0,2001,2001,2001,Ki,B,1
NETAHTLVEZSOCN-LEWJYISDSA-N,CC(C)NC(=O)N[C@H]1CCN(C(=O)c2cc(C(F)(F)F)cc(C(F)(F)F)c2)[C@H](Cc2ccccc2)C1,7.698970004336019,1,0.0,1996,1996,1996,IC50,B,1
HOJXDVPSQSRWNU-SFHVURJKSA-N,FC(F)(F)c1cc(COC[C@]2(c3ccccc3)CCCN2)cc(C(F)(F)F)c1,7.698970004336019,1,0.0,1994,1994,1994,IC50,B,1
LAUJLFDPPWBXRV-SFTDATJTSA-N,COc1ccccc1CN[C@H]1C2CCN(CC2)[C@H]1c1cccc(Cl)c1,7.698970004336019,1,0.0,1994,1994,1994,IC50,B,1
FXBKCVLPAPTQEU-JSKGAOECSA-N,CO/N=C(\COCc1cc(C(F)(F)F)cc(C(F)(F)F)c1)C(CCN1CCN(CC(=O)NCC2CCCO2)CC1)c1ccc(Cl)c(Cl)c1,7.698970004336019,1,0.0,2000,2000,2000,Ki,B,1
GYCNKTJLOQCTEA-UHFFFAOYSA-N,CN(C)c1cc(C(F)(F)F)cc(COCC2(c3ccc(F)cc3)CCNCC2)n1,7.698970004336019,1,0.0,2013,2013,2013,IC50,B,1
PRSWAFRRJSUDEX-UHFFFAOYSA-N,COCCN(C)C1CCC(COCc2cc(C(F)(F)F)cc(C(F)(F)F)c2)(c2ccccc2)C1,7.698970004336019,1,0.0,2014,2014,2014,IC50,B,1
IMZAFOWPUFTKBQ-NSOVKSMOSA-N,Cc1cccc(CO[C@H]2C3CCN(CC3)[C@H]2C(c2ccccc2)c2ccccc2)c1,7.678921132642886,2,0.0016128078631797965,1993,1998,1995,IC50,B,2
NOGCECXKCJDXDN-ACHIHNKUSA-N,Cc1cc(C)cc(C(=O)N2CCN(C(=O)CNC3CCN(C(=O)[C@@H](N)Cc4ccccc4)CC3)[C@H](c3ccc(Cl)c(Cl)c3)C2)c1,7.6777807052660805,1,0.0,2002,2002,2002,Ki,B,1
ADILVWNDEWPECX-UHFFFAOYSA-N,CC(=O)NC(COCc1cc(C)cc(C)c1)C(c1ccccc1)c1ccccc1,7.6777807052660805,1,0.0,1994,1994,1994,IC50,B,1
BFUFVSBGSHVEOT-URLMMPGGSA-N,Cc1cc(C)cc(C(=O)N2CC[C@H](NCc3ccnc4ccccc34)C[C@H]2Cc2ccc(C#N)cc2)c1,7.6777807052660805,1,0.0,1996,1996,1996,IC50,B,1
VOHODNOZJSLCHG-UHFFFAOYSA-N,CN(Cc1cc(C(F)(F)F)cc(C(F)(F)F)c1)C(=O)c1c(-c2ccc(F)cc2)c2ccccc2n2nnnc12,7.6777807052660805,1,0.0,2008,2008,2008,IC50,B,1
WMFBGXXJQTWHFB-CZAZUPBQSA-N,CC(=O)N[C@H](C(=O)N[C@H](Cc1cn(C=O)c2ccccc12)C(=O)N[C@@H](Cc1ccccc1)C(=O)N(C)Cc1ccccc1)C(C)O,7.660932093533482,2,0.7932559423933648,1993,1993,1993,IC50;Kd,B;F,1
CEDFHOSQBBFKHX-UHFFFAOYSA-N,CC(=O)N(CC1CCCCC1)CC(Cc1c[nH]c2ccccc12)NC(=O)CN1CCN(c2ccccc2)CC1,7.6595558851598815,1,0.0,1996,1996,1996,IC50,B,1
IDKSGROGHXKFIS-BJKOFHAPSA-N,O=C(N[C@H]1CCN(C(=O)c2cc(Cl)cc(Cl)c2)[C@H](Cc2ccccc2)C1)c1ccnc2ccccc12,7.659379381312206,2,0.4817102985721925,1996,1996,1996,IC50,B,1
BKFSYSKVGGJRTB-VWLOTQADSA-N,Cc1cc(C)cc(COC(=O)[C@H](Cc2c[nH]c3ccccc23)NC(=O)c2ccccc2)c1,7.657577319177793,3,0.0013714165603186301,1994,1998,1995,IC50,B,3
MREQKXYHVPWIQW-NLPFKWBYSA-N,CC(C(=O)N[C@]1(c2ccccc2)CC[C@H](N(C)C)CC1)c1cc(C(F)(F)F)cc(C(F)(F)F)c1,7.657577319177793,1,0.0,2002,2002,2002,IC50,B,1
ZWWUXEYLYPLWLP-UHFFFAOYSA-N,CN(CC(c1cccc2c1OCO2)N1CCC(N2CCCCC2)CC1)C(=O)C(c1ccccc1)c1ccccc1,7.657577319177793,1,0.0,2000,2000,2000,IC50,B,1
RJJQCAFISBUDKV-XOKHWMEBSA-N,CO/N=C(\COCc1cc(C(F)(F)F)cc(C(F)(F)F)c1)C(CCN1CCN(CC(=O)N2CC(O)C2)CC1)c1ccc(Cl)c(Cl)c1,7.657577319177793,1,0.0,2000,2000,2000,Ki,B,1
VBIHHPIKJFMKCV-UHFFFAOYSA-N,CN(Cc1cc(C(F)(F)F)cc(C(F)(F)F)c1)C(=O)c1ccccc1-c1ccccc1Cl,7.657577319177793,1,0.0,2006,2006,2006,Ki,B,1
IGNGDXXVFAEFPS-UHFFFAOYSA-N,COc1cc(C(F)(F)F)cc(COCC2(c3ccc(F)cc3)CCN(C)CC2)n1,7.657577319177793,1,0.0,2013,2013,2013,IC50,B,1
FCDRFVCGMLUYPG-QZTJIDSGSA-N,FC(F)(F)c1cc(CO[C@@H]2CCCN[C@@H]2c2ccccc2)cc(C(F)(F)F)c1,7.654901959985743,2,1.6955996410105263,1994,1994,1994,IC50,B,1
FRZCICPXHBIJRI-JDHRKGKBSA-N,C=CC[N+]12CCC(CC1)[C@H](NCc1ccccc1OC)[C@@H]2C(c1ccccc1)c1ccccc1,7.651695136951839,1,0.0,1994,1994,1994,IC50,B,1
SIGVSCHWYKBBFX-KCWXNJEJSA-N,Cc1cccc(COC(=O)N[C@](C)(Cc2c[nH]c3ccccc23)C(=O)N[C@@H](C)c2ccccc2)c1,7.649945906420969,1,0.0,1995,1995,1995,IC50,B,1
GFELCGJBQGNHBL-UHFFFAOYSA-N,COc1cccc(OC)c1C(=O)N1CCC(CCN2CCC(C(N)=O)(c3ccccc3)CC2)(c2ccc(Cl)c(Cl)c2)C1,7.642065152999546,1,0.0,1996,1996,1996,IC50,B,1
IGJOBCGNZPJBJN-UHFFFAOYSA-N,Cc1cc(C)cc(COC2C3CCN(CC3)C2C(Cc2ccccc2)c2ccccc2)c1,7.638272163982407,3,1.0257313308293876,1995,1995,1995,IC50,B,1
RSRKUMMFMMRVHW-UHFFFAOYSA-N,O=C(c1cc(F)cc(F)c1)N1CCN(C(=O)CNC2CCN(Cc3ccccc3)CC2)C(c2ccc(Cl)c(Cl)c2)C1,7.638272163982407,1,0.0,2002,2002,2002,Ki,B,1
PTFLMXJIYPRIQM-NDEPHWFRSA-N,CSN1CC2(CCN(C(=O)N[C@@H](Cc3c[nH]c4ccccc34)C(=O)OCc3ccccc3)CC2)c2ccccc21,7.638272163982407,1,0.0,1998,1998,1998,IC50,B,1
SQGSMVRFSUZJTG-UBPNEBOYSA-N,CN(C(=O)[C@@H]1CCCN1C(=O)[C@H](Cc1ccccc1)NC(=O)[C@H](Cc1ccccc1)NC(=O)[C@H](CCC(N)=O)NC(=O)[C@H](CCC(N)=O)NC(=O)[C@@H]1CCCN1C(=O)[C@H](CCCCN)NC(=O)[C@@H]1CCCN1C(=O)[C@H](CCCN=C(N)N)N1C2CC3CCC2(CS1(=O)=O)C3(C)C)[C@@H](Cc1ccc(Cc2ccccc2)cc1)C(=O)N[C@@H](Cc1c[nH]c2ccccc12)C(N)=O,7.638272163982407,1,0.0,1998,1998,1998,Ki,B,1
HTTWDWQIOXEYEH-MLYMZAKTSA-N,CO/N=C(\CCc1cc(C(F)(F)F)cc(C(F)(F)F)c1)C(CCN1CCC(O)(c2ccccc2)CC1)c1ccc(Cl)c(Cl)c1,7.638272163982407,1,0.0,2002,2002,2002,Ki,B,1
VUMATGNDCCCSSB-UHFFFAOYSA-N,Cn1c(COCc2cc(C(F)(F)F)cc(C(F)(F)F)c2)c(-c2ccccc2)c2ccccc2c1=O,7.638272163982407,1,0.0,1995,1995,1995,IC50,B,1
HHZOEEMDINZDEC-UHFFFAOYSA-N,COc1ccccc1CN(C)C(=O)Nc1c(-c2ccccc2)c2cc(C)c(C)cc2c(=O)n1C,7.638272163982407,1,0.0,1995,1995,1995,IC50,B,1
XIKNVPWEBHTZJN-MRXNPFEDSA-N,FC(F)(F)c1cc(COC[C@@H](NCc2nn[nH]n2)c2ccccc2)cc(C(F)(F)F)c1,7.638272163982407,1,0.0,1998,1998,1998,IC50,B,1
WERILZBFRFDDLU-MHZLTWQESA-N,CS(=O)(=O)N1CC2(CCN(C(=O)[C@H](COCc3ccc(Cl)cc3)NCc3ccc(Cl)c(Cl)c3)CC2)c2ccccc21,7.638272163982407,1,0.0,1998,1998,1998,IC50,B,1
CPXJDCBDUXOLGC-SJMRASGKSA-N,COc1ccccc1[C@H](C)C(=O)N1CC2[C@@H](C1)C(c1ccccc1)(c1ccccc1)CC[S+]2[O-],7.638272163982407,3,0.19013467589319533,1994,1998,1994,IC50,B,2
UVOAJCZYUXEUOW-XOKHWMEBSA-N,CO/N=C(\COCc1cc(C(F)(F)F)cc(C(F)(F)F)c1)C(CCN1CCN(CC(=O)N2CCC2)CC1)c1ccc(Cl)c(Cl)c1,7.638272163982407,1,0.0,2000,2000,2000,Ki,B,1
JPUMLQVRNXWYSA-UHFFFAOYSA-N,O=C1OC(Cc2c[nH]c3ccccc23)C(=O)N1Cc1cc(C(F)(F)F)cc(C(F)(F)F)c1,7.621301985603488,2,0.05130106872039133,1995,1995,1995,IC50,B,1
JRQLUGQQZPCLHN-JFXHSDHMSA-N,O/N=C(\COCc1cc(C(F)(F)F)cc(C(F)(F)F)c1)C(CCN1CCC(O)(c2ccccc2)CC1)c1ccc(Cl)c(Cl)c1,7.619788758288394,1,0.0,2000,2000,2000,Ki,B,1
OAHIKBKHNJMARY-UHFFFAOYSA-N,COc1ccccc1CN(CC(Cc1c[nH]c2ccccc12)NC(=O)COc1ccccc1OC)C(C)=O,7.619788758288394,1,0.0,2001,2001,2001,IC50,B,1
HYHOBIXFGWNRJI-NDPVAKIZSA-N,Fc1ccc([C@@H]2NCCOC23COC[C@H](c2ccccc2C(F)(F)F)C3)cc1,7.619788758288394,1,0.0,2002,2002,2002,IC50,B,1
XPMCEHNEOJVUFF-KEIOHQPYSA-N,CNC(=O)CO/N=C(\COCc1cc(C(F)(F)F)cc(C(F)(F)F)c1)C(CCN1CCC(O)(c2ccccc2)CC1)c1ccc(Cl)c(Cl)c1,7.619788758288394,1,0.0,2002,2002,2002,Ki,B,1
DBLIVDPSCFDYOT-BJSJXSMNSA-N,CO/N=C(\COCc1cc(C(F)(F)F)cc(C(F)(F)F)c1)C(CCN1CCC(CNC2(CO)CCCC2)CC1)c1ccc(Cl)c(Cl)c1,7.619788758288394,1,0.0,2001,2001,2001,Ki,B,1
RDQXAZMERWVFCE-IZZNHLLZSA-N,O=C(c1cc(Br)cc(Br)c1)N1CC[C@H](NCc2ccnc3ccccc23)C[C@H]1Cc1ccccc1,7.619788758288394,1,0.0,1996,1996,1996,IC50,B,1
GEEALAPMSFLPLQ-UHFFFAOYSA-N,CS(=O)(=O)N1CC2(CCN(C(=O)C(CNCc3ccc(Cl)c(Cl)c3)NCc3ccccc3)CC2)c2ccccc21,7.619788758288394,1,0.0,1998,1998,1998,IC50,B,1
ARGUIKFIPCGABR-HOGWAELTSA-N,CCOC(=O)C1CCN(C(=O)CN2CCN(CCC(/C(COCc3cc(C(F)(F)F)cc(C(F)(F)F)c3)=N/OC)c3ccc(Cl)c(Cl)c3)CC2)CC1,7.619788758288394,1,0.0,2000,2000,2000,Ki,B,1
PXOYMRRBWTYUBA-BMZRIGGGSA-N,CO/N=C(\COCc1cc(C(F)(F)F)cc(C(F)(F)F)c1)C(CCN1CCN(CC(=O)N2CCC[C@H]2C(N)=O)CC1)c1ccc(Cl)c(Cl)c1,7.619788758288394,1,0.0,2000,2000,2000,Ki,B,1
TWDSSLGDUOHXCF-MHZLTWQESA-N,O=C(NCc1cc(C(F)(F)F)cc(C(F)(F)F)c1)[C@@H](CCN1CCC(c2ccccc2)CC1)c1ccc(F)cc1,7.619788758288394,1,0.0,2006,2006,2006,IC50,B,1
ONGMKBCDJFQFJA-YADHBBJMSA-N,CN(Cc1cc(C(F)(F)F)cc(C(F)(F)F)c1)C(=O)[C@H]1CN(C(=O)c2cncnc2)C[C@@H]1c1ccccc1,7.619788758288394,1,0.0,2007,2007,2007,IC50,B,1
WJOYZEVGCNVFIP-MDASCCDHSA-N,Fc1ccc([C@@H]2NCCO[C@@]23C[C@@H](c2ccccc2C(F)(F)F)CO3)cc1,7.619788758288394,1,0.0,2021,2021,2021,IC50,B,1
ORMFBQJKAWHTKC-VPSBLXEASA-N,CO/N=C(/COCc1cc(C(F)(F)F)cc(C(F)(F)F)c1)C(CCN1CCC(O)(c2ccccc2)CC1)c1ccc(Cl)c(Cl)c1,7.6020599913279625,3,0.0,2000,2002,2002,Ki,B,3
ORMFBQJKAWHTKC-MLYMZAKTSA-N,CO/N=C(\COCc1cc(C(F)(F)F)cc(C(F)(F)F)c1)C(CCN1CCC(O)(c2ccccc2)CC1)c1ccc(Cl)c(Cl)c1,7.6020599913279625,4,0.0,2000,2002,2000,Ki,B,4
MUQJKGMXKAWCJF-HKBQPEDESA-N,Cc1cc(C)cc(C(=O)N2CCN(C(=O)CNC3CCN(Cc4ccccc4)CC3)[C@H](c3ccc(Cl)c(Cl)c3)C2)c1,7.6020599913279625,1,0.0,2002,2002,2002,Ki,B,1
FGXTUVAHIAUNGQ-BJSJXSMNSA-N,COC(=O)CO/N=C(\COCc1cc(C(F)(F)F)cc(C(F)(F)F)c1)C(CCN1CCC(O)(c2ccccc2)CC1)c1ccc(Cl)c(Cl)c1,7.6020599913279625,1,0.0,2002,2002,2002,Ki,B,1
IFPPRPWFEFODEU-UHFFFAOYSA-N,CONC(COCc1cc(C(F)(F)F)cc(C(F)(F)F)c1)C(CCN1CCC(O)(c2ccccc2)CC1)c1ccc(Cl)c(Cl)c1,7.6020599913279625,1,0.0,2002,2002,2002,Ki,B,1
ILEJUPVCFWLSHB-ROUUACIJSA-N,NC(=O)C(=O)N1CCC[C@H](OCc2cc(C(F)(F)F)cc(C(F)(F)F)c2)[C@@H]1c1ccccc1,7.6020599913279625,1,0.0,1995,1995,1995,IC50,B,1
UFUOAMPDHLOAIL-BJSJXSMNSA-N,CO/N=C(\COCc1cc(C(F)(F)F)cc(C(F)(F)F)c1)C(CCN1CCC(CN2CCCC(C(N)=O)C2)CC1)c1ccc(Cl)c(Cl)c1,7.6020599913279625,1,0.0,2001,2001,2001,Ki,B,1
KMWRUIFFHQONSY-UHFFFAOYSA-N,Cc1cc(C)cc(COCC(c2ccccc2)N2CCNCC2)c1,7.599980364934842,2,0.0,2002,2003,2002,IC50;Ki,B,2
GZMWGGMRTQFVDM-UHFFFAOYSA-N,O=C(COc1cc(C(F)(F)F)cc(C(F)(F)F)c1)N(Cc1cccc(Cl)c1)C1CCNCC1,7.599980364934842,1,0.0,2002,2002,2002,IC50,B,1
AHZXIVAPVSBKAL-UHFFFAOYSA-N,Cc1cccc(CN(C(=O)CCc2cc(C(F)(F)F)cc(C(F)(F)F)c2)C2CCNCC2)c1,7.599980364934842,1,0.0,2002,2002,2002,IC50,B,1
PNZBIKULWBRCFZ-UHFFFAOYSA-N,Cc1cc(C)cc(OCC(=O)N(c2ccc(Cl)c(Cl)c2)C2CCNCC2)c1,7.599980364934842,2,0.0,2002,2005,2003,IC50;Ki,B,2
PYMMFZHBPNJQOD-IBGZPJMESA-N,Clc1cc(Cl)cc(COC[C@@H](c2ccccc2)N2CCNCC2)c1,7.599980364934842,1,0.0,2002,2002,2002,IC50,B,1
JPUMLQVRNXWYSA-KRWDZBQOSA-N,O=C1O[C@@H](Cc2c[nH]c3ccccc23)C(=O)N1Cc1cc(C(F)(F)F)cc(C(F)(F)F)c1,7.596063433998334,2,0.008480412703108186,1998,2011,2004,IC50,B;F,2
YGJJHXAXGBNADU-IZZNHLLZSA-N,Cc1cc(C)cc(C(=O)N[C@H]2CCN(C(=O)c3cc(Cl)cc(Cl)c3)[C@H](Cc3ccccc3)C2)c1,7.590066876668706,1,0.0,1998,1998,1998,IC50,B,1
KCAVUUMWZQIOGX-UHFFFAOYSA-N,CC(OCc1cc(C(F)(F)F)cc(C(F)(F)F)c1)C(N)c1ccccc1,7.588589177348448,2,0.8008872177509097,1995,1995,1995,IC50,B,1
AYDCRUURSWKYHM-SVBPBHIXSA-N,CN(Cc1ccccc1)C(=O)[C@H](Cc1ccccc1)NC(=O)[C@@H]1CCCN1/C(S)=N/Cc1c(Cl)cccc1Cl,7.586700235918748,1,0.0,1998,1998,1998,Ki,B,1
BLDKHFYYGWJOMF-UHFFFAOYSA-N,CN(Cc1cc(C(F)(F)F)cc(C(F)(F)F)c1)C(=O)c1c(CO)nc2ccccc2c1-c1ccccc1,7.586315363473087,2,0.2963691756983744,2004,2011,2007,IC50,B,2
JFCGXHNAIMSZNV-OZMGXUMRSA-N,CO/N=C(\COCc1cc(Cl)cc(Cl)c1)C(CCN1CCC(O)(c2ccccc2)CC1)c1ccc(Cl)c(Cl)c1,7.585026652029182,1,0.0,2002,2002,2002,Ki,B,1
SGMZMUYLZYFEAL-UHFFFAOYSA-N,O=C(NCc1cc(C(F)(F)F)cc(C(F)(F)F)c1)c1c(CCl)nc2ccccc2c1-c1ccccc1,7.585026652029182,1,0.0,2004,2004,2004,IC50,B,1
SVHRYTCAXFKCFS-IZZNHLLZSA-N,O=C(c1cc(Cl)cc(Cl)c1)N1CC[C@H](NCc2ccnc3ccccc23)C[C@H]1Cc1ccccc1,7.585026652029182,1,0.0,1996,1996,1996,IC50,B,1
PJUMYSWVYWQCOZ-UHFFFAOYSA-N,CN(Cc1cc(C(F)(F)F)cc(C(F)(F)F)c1)C(=O)c1c(-c2ccccc2)c2ccccc2n2nnnc12,7.585026652029182,1,0.0,2008,2008,2008,IC50,B,1
PURFDWJJUPRHOS-MHZLTWQESA-N,FC(F)(F)c1cc(COC[C@]2(c3ccccc3)CCCN(Cc3ccccc3)CC2)cc(C(F)(F)F)c1,7.585026652029182,1,0.0,2013,2013,2013,IC50,B,1
GSQYJDJNLLCNNJ-SVBPBHIXSA-N,CN(Cc1cc(C(F)(F)F)cc(C(F)(F)F)c1)C(=O)[C@H](Cc1ccccc1)NC(=O)[C@@H]1CCCN1/C(S)=N/Cc1ccccc1Cl,7.570247719997592,1,0.0,1998,1998,1998,Ki,B,1
XHMYFSCRFMFUSG-HMILPKGGSA-N,C[C@H](NC(=O)[C@@](C)(Cc1c[nH]c2ccccc12)NC(=O)OCc1ccc(Cl)cc1)c1ccccc1,7.5699249444480605,1,0.0,1995,1995,1995,IC50,B,1
DEPBKCRKZGIDPN-KHKVHWIZSA-N,CC(=O)NCCCCCOC[C@H]1O[C@@H](OCCc2c[nH]c3ccccc23)[C@H](OCc2ccccc2)[C@@H](OCc2ccccc2)[C@@H]1O,7.568636235841012,2,0.0,1998,2003,2000,IC50;Ki,B,2
OVTQARHNDMVPMZ-UHFFFAOYSA-N,COc1ccccc1CN(CC(Cc1c[nH]c2ccccc12)NC(=O)CN1CCOCC1)C(C)=O,7.568636235841012,1,0.0,1996,1996,1996,IC50,B,1
NVECYGFDAQIJIV-WUFINQPMSA-N,COc1cccc(C[C@@H]2C[C@@H](NCc3ccnc4ccccc34)CCN2C(=O)c2cc(C)cc(C)c2)c1,7.568636235841012,1,0.0,1996,1996,1996,IC50,B,1
PESZUJHLDOLVBB-UHFFFAOYSA-N,CS(=O)(=O)N1CC2(CCN(C(=O)C(COCc3ccccc3)NCc3ccc(Cl)cc3)CC2)c2ccccc21,7.568636235841012,1,0.0,1998,1998,1998,IC50,B,1
LNHCUADMJKYAEC-SVBPBHIXSA-N,CN(Cc1ccccc1)C(=O)[C@H](Cc1ccccc1)NC(=O)[C@@H]1CCCN1/C(S)=N/Cc1ccccc1C(F)(F)F,7.565431095965801,1,0.0,1998,1998,1998,Ki,B,1
KPWGWOUZQUTRKD-UHFFFAOYSA-N,COc1ccccc1CN(CC(CC1CNc2ccccc21)NC(=O)CN1CCN(c2ccccc2)CC1)C(C)=O,7.562249437179612,1,0.0,1996,1996,1996,IC50,B,1
HRPYLLLWDCANGS-UVNMLMKLSA-N,C[C@@H](O)[C@@H]1NC(=O)[C@H](Cc2ccc(F)cc2)NC(=O)[C@@H](Cc2c[nH]c3ccccc23)NC(=O)[C@H](Cc2ccccc2)NC(=O)[C@@H]2CCCN2C(=O)[C@H](Cc2ccccc2)NC1=O,7.552841968657781,1,0.0,1996,1996,1996,IC50,B,1
NMVYIQDSADIRCD-RWFBHVPDSA-N,C[C@@H](O)[C@@H]1NC(=O)[C@H](Cc2ccc(F)cc2)C2C(=O)[C@@H](Cc3c2[nH]c2ccccc32)NC(=O)[C@H](Cc2ccccc2)NC(=O)[C@@H]2CCCC2C(=O)[C@H](Cc2ccccc2)NC1=O,7.552841968657781,1,0.0,2000,2000,2000,IC50,B,1
DLHLGXBLKOJKKI-UHFFFAOYSA-N,O=C(CN(N1CCN(Cc2ccccc2)CC1)N1CCN(Cc2ccccc2)CC1)N1CCN(Cc2cc(C(F)(F)F)cc(C(F)(F)F)c2)CC1c1ccc(Cl)c(Cl)c1,7.552841968657781,1,0.0,2002,2002,2002,Ki,B,1
SJKYOVFCBLAVEU-NDPVAKIZSA-N,Fc1ccc([C@@H]2NCCOC23CC[C@@H](c2ccccc2C(F)(F)F)CO3)cc1,7.552841968657781,1,0.0,2002,2002,2002,Ki,B,1
CZPWZLLKNSCBBA-UHFFFAOYSA-N,Cc1cc(C)cc(CN(C)C(=O)Nc2c(-c3ccccc3)c3cc(C)c(C)cc3c(=O)n2C)c1,7.552841968657781,1,0.0,1995,1995,1995,IC50,B,1
PYXASHMZLWIZKY-VBHBFSRDSA-N,C[C@H]1CN(CC[C@H](C(=O)NCc2cc(C(F)(F)F)cc(C(F)(F)F)c2)c2ccc(F)cc2)CC[C@@]12C=Cc1ccccc12,7.552841968657781,1,0.0,2006,2006,2006,IC50,B,1
SJKYOVFCBLAVEU-UIAACRFSSA-N,Fc1ccc([C@@H]2NCCO[C@@]23CC[C@@H](c2ccccc2C(F)(F)F)CO3)cc1,7.552841968657781,1,0.0,2021,2021,2021,IC50,B,1
SVHVLAGNGAWUQU-SVBPBHIXSA-N,c1ccc(CN[C@H]2C3CCN(CC3)[C@H]2C(c2ccccc2)c2ccccc2)cc1,7.540004743952609,5,1.3111737001555421,1991,1998,1993,IC50,B,5
GHIDKVHNTGDVEL-XDBZFTIUSA-N,C[C@H](NC(=O)[C@@](C)(Cc1c[nH]c2ccccc12)NC(=O)OCc1ccc(Cl)c(Cl)c1)c1ccccc1,7.540004743952609,1,0.0,1995,1995,1995,IC50,B,1
BINXDUAGTLDZSD-IOWSJCHKSA-N,Cc1cc(C)cc(C(=O)N2CC[C@H](NCc3ccnc4ccccc34)C[C@H]2Cc2cccc3ccccc23)c1,7.537602002101044,1,0.0,1996,1996,1996,IC50,B,1
KKAOSLVZYZWJBY-ONEGZZNKSA-N,C/C=C/c1cc(C(F)(F)F)cc(COCC2(c3ccc(F)cc3)CCN(C)CC2)n1,7.537602002101044,1,0.0,2013,2013,2013,IC50,B,1
BEZICALLUMKYOA-UHFFFAOYSA-N,CN1CCC(COCc2cc(C(F)(F)F)cc(N3CCC(C#N)C3)n2)(c2ccc(F)cc2)CC1,7.537602002101044,1,0.0,2013,2013,2013,IC50,B,1
APJYAVYSAZEVQB-UHFFFAOYSA-N,Fc1ccc(C2(COCc3cc(C(F)(F)F)cc(Cl)n3)CCNCC2)cc1,7.537602002101044,1,0.0,2013,2013,2013,IC50,B,1
DXCJHMJLWTYOCC-WEZIJMHWSA-N,CN(Cc1ccccc1)C(=O)[C@@H](NC(=O)[C@@H]1CCCN1/C(S)=N/Cc1ccccc1Cl)C(c1ccccc1)c1ccccc1,7.531652669587842,1,0.0,1998,1998,1998,Ki,B,1
QEKNOTIEZRQEFJ-SVBPBHIXSA-N,CN(Cc1ccccc1)C(=O)[C@H](Cc1ccccc1)NC(=O)[C@@H]1CCCN1/C(S)=N/Cc1ccccc1Br,7.527243550682788,1,0.0,1998,1998,1998,Ki,B,1
IPBIPGMDYKXPNL-SVBPBHIXSA-N,CN(Cc1ccccc1)C(=O)[C@H](Cc1ccccc1)NC(=O)[C@@H]1CCCN1/C(S)=N/Cc1ccccc1Cl,7.52432881167557,1,0.0,1998,1998,1998,Ki,B,1
RVQWQAUTXDWGGP-UHFFFAOYSA-N,Cn1c(-c2ccc(Cl)cc2)c(CCC(=O)N2CCN(CC(=O)Nc3ccccc3)CC2)c2cc(Cl)ccc21,7.522878745280337,1,0.0,2001,2001,2001,IC50,B,1
NYSHXYQZVIXQLS-UHFFFAOYSA-N,O=C(CN(NC1CCN(Cc2ccccc2)CC1)NC1CCN(Cc2ccccc2)CC1)N1CCN(Cc2cc(C(F)(F)F)cc(C(F)(F)F)c2)CC1c1ccc(Cl)c(Cl)c1,7.522878745280337,1,0.0,2002,2002,2002,Ki,B,1
UOKDYNBXNQDFQD-UHFFFAOYSA-N,CC(N)(COCc1cc(C(F)(F)F)cc(C(F)(F)F)c1)c1ccccc1,7.522878745280337,1,0.0,1995,1995,1995,IC50,B,1
MGGPIJOHTZSPND-UGNHXKFCSA-N,Fc1ccc([C@@H]2NCCOC23COC[C@H](c2cccc(C(F)(F)F)c2)C3)cc1,7.522878745280337,1,0.0,2002,2002,2002,IC50,B,1
DAPDEQPNIOMAKI-IBGZPJMESA-N,CC(=O)N[C@@H](Cc1ccc(Cl)c(Cl)c1)C(=O)OCc1cc(C)cc(C)c1,7.522878745280337,1,0.0,1994,1994,1994,IC50,B,1
KDLUBXVKFJCDHI-NRXDVHJQSA-N,Cc1cc(C)cc(C(=O)N2CCC(NCc3ccnc4ccccc34)CC2[C@H](C)c2ccccc2)c1,7.522878745280337,1,0.0,1997,1997,1997,IC50,B,1
UWXIKPYBYHAWLS-UHFFFAOYSA-N,COc1ccccc1CN(C)C(=O)c1c(-c2ccccc2)c2ccccc2c(=O)n1C,7.522878745280337,1,0.0,1995,1995,1995,IC50,B,1
SVJLECBANPOFKI-QCFMCPCVSA-N,CO/N=C(\COCc1cc(C(F)(F)F)cc(C(F)(F)F)c1)C(CCN1CCNCC1)c1ccc(Cl)c(Cl)c1,7.522878745280337,1,0.0,2000,2000,2000,Ki,B,1
FTFGWRNMMHQZBL-UHFFFAOYSA-N,COc1ccc(OC)c(S(=O)(=O)N2CCC3(CC2)C2C(=O)N(c4ccccc4)C(=O)C2CN3C(=O)c2cc(C(F)(F)F)cc(C(F)(F)F)c2)c1,7.51999305704285,1,0.0,2002,2002,2002,Ki,B,1
KDLUBXVKFJCDHI-JWZRJXMASA-N,Cc1cc(C)cc(C(=O)N2CC[C@H](NCc3ccnc4ccccc34)C[C@H]2[C@H](C)c2ccccc2)c1,7.51999305704285,1,0.0,1998,1998,1998,IC50,B,1
XVXLZWKAPZUIGE-UHFFFAOYSA-N,O=C1COc2ccc(S(=O)(=O)N3CCC4(CC3)C3C(=O)N(c5ccccc5)C(=O)C3CN4C(=O)c3cc(C(F)(F)F)cc(C(F)(F)F)c3)cc2N1,7.510041520575165,1,0.0,2002,2002,2002,Ki,B,1
NUMJKLJZURQQJJ-UHFFFAOYSA-N,C=CCC1(Cc2c[nH]c3ccccc23)OC(=O)N(Cc2cc(C(F)(F)F)cc(C(F)(F)F)c2)C1=O,7.508638306165727,1,0.0,1995,1995,1995,IC50,B,1
MTESWQRTXYKYRE-UHFFFAOYSA-N,COc1ccccc1N1CCN(C(=O)CCc2c(-c3ccc(Cl)cc3)[nH]c3ccccc23)CC1,7.508638306165727,1,0.0,2001,2001,2001,IC50,B,1
GMYFUYINKONEKD-UHFFFAOYSA-N,COC(=O)CN(Cc1ccccc1OC)CC(Cc1c[nH]c2ccccc12)NC(=O)CN1CCN(c2ccccc2)CC1,7.508638306165727,1,0.0,1996,1996,1996,IC50,B,1
IPQSEKMUUNQIQD-UHFFFAOYSA-N,COc1ccc(C2(CCN3CCC(C(=O)c4nc5ccccc5n4Cc4ccc(F)cc4)CC3)CCN(C(=O)c3cc(OC)c(OC)c(OC)c3)C2)cc1OC,7.508638306165727,1,0.0,2005,2005,2005,IC50,B,1
HRNKBAZAWCPGGM-UHFFFAOYSA-N,COc1cccc(CN2CCC(=O)C(C(c3ccc(F)cc3)c3ccc(F)cc3)C2)c1,7.508638306165727,1,0.0,2011,2011,2011,IC50,B,1
ISKBUGHVJHBDHX-LHEWISCISA-N,O=C(COCC(=O)N(c1ccccc1)C1CCN(CCc2ccccc2)CC1)N[C@@H](Cc1c[nH]c2ccccc12)C(=O)OCc1cc(C(F)(F)F)cc(C(F)(F)F)c1,7.508638306165727,1,0.0,2011,2011,2011,Ki,B,1
OGWFIIQUFKCEMC-MOPGFXCFSA-N,N[C@@H]1CC[C@](COCc2cc(C(F)(F)F)cc(C(F)(F)F)c2)(c2ccccc2)C1,7.508638306165727,1,0.0,2014,2014,2014,IC50,B,1
NZUGQDNKOUVIOO-UHFFFAOYSA-N,C=Cc1ccc(C(COCc2cc(C(F)(F)F)cc(C(F)(F)F)c2)N2CCNCC2)cc1C=C,7.50003813440381,1,0.0,2003,2003,2003,Ki,B,1
PPOUETANRCKMLN-UHFFFAOYSA-N,O=C(COc1cc(C(F)(F)F)cc(C(F)(F)F)c1)N(c1ccc(Cl)c(Cl)c1)C1CCNCC1,7.50003813440381,1,0.0,2002,2002,2002,IC50,B,1
WCRJVNAJGCBJAA-UHFFFAOYSA-N,O=C(CCc1cc(C(F)(F)F)cc(C(F)(F)F)c1)N(Cc1ccc(F)cc1)C1CCNCC1,7.50003813440381,1,0.0,2002,2002,2002,IC50,B,1
IFJMTNVCZPSLCI-UHFFFAOYSA-N,CC1c2ccccc2NC(=O)CN1C(=O)N(C)Cc1cc(C(F)(F)F)cc(C(F)(F)F)c1,7.50003813440381,1,0.0,1997,1997,1997,Ki,B,1
GXKBHFYZTAQYCX-ANHUGMMASA-N,CN1C(=O)OC2(CCN(CC[C@@](C)(C(=O)N[C@H](Cc3ccccc3)C(=O)NCCO)c3ccc(Cl)c(Cl)c3)CC2)c2cc(F)ccc21,7.50003813440381,1,0.0,2014,2014,2014,Ki,B,1
IQGQQMKTQGVWKG-IBGZPJMESA-N,CC(=O)N1Cc2ccccc2C[C@H]1C(=O)N(C)Cc1cc(C(F)(F)F)cc(C(F)(F)F)c1,7.497444078041951,2,0.00366854968849987,2011,2011,2011,Kd;Ki,B;F,1
RRWILHKRMKBVID-UHFFFAOYSA-N,O=C(CN(N1CCC(O)(c2ccccc2)CC1)N1CCC(O)(c2ccccc2)CC1)N1CCN(Cc2cc(C(F)(F)F)cc(C(F)(F)F)c2)CC1c1ccc(Cl)c(Cl)c1,7.494850021680094,1,0.0,2002,2002,2002,Ki,B,1
QMQONIJKFSQSNN-ZWXJPIIXSA-N,Cc1cc(C)cc(C(=O)N2CCN(C(=O)CNC3CCN(C(=O)[C@H](N)Cc4ccc(O)cc4)CC3)[C@H](c3ccc(Cl)c(Cl)c3)C2)c1,7.494850021680094,1,0.0,2002,2002,2002,Ki,B,1
JSYXGDWNKVWMQZ-JSLDZMDGSA-N,CO/N=C(\COCc1cc(C)cc(C)c1)C(CCN1CCC(O)(c2ccccc2)CC1)c1ccc(Cl)c(Cl)c1,7.494850021680094,1,0.0,2002,2002,2002,Ki,B,1
VWIZWUYPLTWPCC-VSMKPTLZSA-N,CO/N=C(\COC(=O)Nc1cc(C(F)(F)F)cc(C(F)(F)F)c1)C(CCN1CCC(O)(c2ccccc2)CC1)c1ccc(Cl)c(Cl)c1,7.494850021680094,1,0.0,2002,2002,2002,Ki,B,1
QZMOFNPUSZXVHM-UHFFFAOYSA-N,CN(CC(Cc1ccccc1)N1CCC(N2CCCCC2)CC1)C(=O)Cc1cc(C(F)(F)F)cc(C(F)(F)F)c1,7.494850021680094,1,0.0,2000,2000,2000,IC50,B,1
SBIVMYBYKVLWQU-UHFFFAOYSA-N,Cc1cc(C)cc(CN(C)C(=O)c2c(-c3ccccc3C)c3ccccc3c(=O)n2C)c1,7.494850021680094,1,0.0,1995,1995,1995,IC50,B,1
PRUNAWUFIXUODD-UHFFFAOYSA-N,CN(Cc1ccccc1Cl)C(=O)c1c(-c2ccc(F)cc2)c2cccnc2c(=O)n1C,7.494850021680094,1,0.0,1995,1995,1995,IC50,B,1
VOZXLKNXICFBTP-UHFFFAOYSA-N,Cc1c(C(=O)N(C)Cc2cc(C(F)(F)F)cc(C(F)(F)F)c2)c(-c2ccccc2)cc[n+]1[O-],7.494850021680094,1,0.0,2011,2011,2011,IC50,B,1
BKZACLJXDQEZGG-QFIPXVFZSA-N,CCN1CCC[C@](COCc2cc(C(F)(F)F)cc(C(F)(F)F)c2)(c2ccccc2)CC1,7.494850021680094,1,0.0,2013,2013,2013,IC50,B,1
CZANCSDTAQEYEH-YRQCDHHQSA-N,CCOC(=O)C[N+]12CCC(CC1)[C@H](NCc1ccccc1OC)[C@@H]2C(c1ccccc1)c1ccccc1,7.485452247339714,1,0.0,1994,1994,1994,IC50,B,1
PUZLVFWWIPCNFL-IGKIAQTJSA-N,CCCCCN(CCCCC)C(=O)[C@H]1CCN(C(=O)N(c2ccccc2)c2ccccc2)[C@H](C(=O)O)C1,7.481486060122112,1,0.0,1995,1995,1995,IC50,B,1
ORMFBQJKAWHTKC-TUAVJWHBSA-N,CO/N=C(\COCc1cc(C(F)(F)F)cc(C(F)(F)F)c1)[C@@H](CCN1CCC(O)(c2ccccc2)CC1)c1ccc(Cl)c(Cl)c1,7.481486060122112,1,0.0,2000,2000,2000,Ki,B,1
HBEGTMOMACFCHB-UHFFFAOYSA-N,Fc1cc(F)cc(COC2C3CCN(CC3)C2C(c2ccccc2)c2ccccc2)c1,7.481486060122112,1,0.0,1995,1995,1995,IC50,B,1
IQNVLMRVUGAEBD-HIXSDJFHSA-N,CO/C=C(\COCc1cc(C(F)(F)F)cc(C(F)(F)F)c1)C(CCN1CCC(O)(c2ccccc2)CC1)c1ccc(Cl)c(Cl)c1,7.481486060122112,1,0.0,2002,2002,2002,Ki,B,1
GADWPSQEDQHSLH-AWQADKOQSA-N,CO/N=C(\CNC(=O)c1ccccc1OC)C(CCN1CCC(O)(c2ccccc2)CC1)c1ccc(Cl)c(Cl)c1,7.481486060122112,1,0.0,2002,2002,2002,Ki,B,1
RSTWJTPPTSOYKZ-JSLDZMDGSA-N,CO/N=C(\COCc1cc(OC)cc(OC)c1)C(CCN1CCC(O)(c2ccccc2)CC1)c1ccc(Cl)c(Cl)c1,7.481486060122112,1,0.0,2002,2002,2002,Ki,B,1
IUIUBUZQXJCBDQ-UHFFFAOYSA-N,COc1ccccc1CN(CC(Cc1c[nH]c2ccccc12)NC(=O)CN1CCCCC1)C(C)=O,7.481486060122112,1,0.0,1996,1996,1996,IC50,B,1
RRRWOVLMDWKHLB-UHFFFAOYSA-N,CN(C)c1ccc(CNC(COCc2ccccc2)C(=O)N2CCC3(CC2)CN(S(C)(=O)=O)c2ccccc23)cc1,7.481486060122112,1,0.0,1998,1998,1998,IC50,B,1
ABUAYXONELMOKH-HMILPKGGSA-N,C[C@H](NC(=O)[C@@](C)(Cc1c[nH]c2ccccc12)NC(=O)OCc1ccccc1Cl)c1ccccc1,7.4800408192479315,1,0.0,1995,1995,1995,IC50,B,1
JRQLUGQQZPCLHN-VDMDNSBISA-N,O/N=C(/COCc1cc(C(F)(F)F)cc(C(F)(F)F)c1)C(CCN1CCC(O)(c2ccccc2)CC1)c1ccc(Cl)c(Cl)c1,7.468521082957745,1,0.0,2000,2000,2000,Ki,B,1
SHLVDRLISHVGSO-ZSQFBXSQSA-N,O=C(NCc1cccnc1)NC[C@H]1CCC[C@H](OCc2cc(C(F)(F)F)cc(C(F)(F)F)c2)[C@@H]1c1ccccc1,7.468521082957745,1,0.0,1995,1995,1995,IC50,B,1
ZDEIAFJLFFATFK-AREMUKBSSA-N,COc1ccccc1CN(C[C@@H](Cc1c[nH]c2ccccc12)NC(=O)CCC(=O)c1ccccc1)C(C)=O,7.468521082957745,1,0.0,2001,2001,2001,IC50,B,1
QSCPQKRZZYXKEC-UHFFFAOYSA-N,CCN(Cc1ccccc1OC)C(=O)c1c(-c2ccccc2C)c2ccccc2c(=O)n1C,7.468521082957745,1,0.0,1995,1995,1995,IC50,B,1
PKPZVRMFRWAKJD-UHFFFAOYSA-N,Cc1ccccc1-c1c(C(=O)N(C)Cc2ccccc2)n(C)c(=O)c2ccccc12,7.468521082957745,1,0.0,1995,1995,1995,IC50,B,1
QNNXSANSVSPCPH-MHZLTWQESA-N,CS(=O)(=O)N1CC2(CCN(C(=O)[C@H](COCc3ccccc3Cl)NCc3ccc(Cl)c(Cl)c3)CC2)c2ccccc21,7.468521082957745,1,0.0,1998,1998,1998,IC50,B,1
BMSXMNNYSLYMQG-UHFFFAOYSA-N,CN(C(=O)c1cc(C(F)(F)F)cc(C(F)(F)F)c1)c1cc(C(=O)NC2CCCCC2)ccc1-c1ccc(F)cc1,7.468521082957745,1,0.0,2002,2002,2002,IC50,B,1
MVKSYUFMIAFXLU-UHFFFAOYSA-N,Clc1cc(COCC2(c3ccccc3)CCNCC2)cc(Cl)n1,7.468521082957745,1,0.0,2013,2013,2013,IC50,B,1
YQRDYMFXKSXYNJ-UTARDKEYSA-N,COc1ccccc1CN[C@H]1C2CCCN(CC2)[C@H]1C(c1ccccc1)c1ccccc1,7.464705879957229,1,0.0,1993,1993,1993,IC50,B,1
STAJLHIUAJDIGV-HMILPKGGSA-N,C[C@H](NC(=O)[C@@](C)(Cc1c[nH]c2ccccc12)NC(=O)OCc1cccc(Cl)c1)c1ccccc1,7.460046158343603,1,0.0,1995,1995,1995,IC50,B,1
SPYQPOOICBVIJX-AYVIFYHYSA-N,C[C@@H](O)[C@@H]1NC(=O)[C@H](Cc2ccccc2)NC(=O)[C@@H](Cc2c[nH]c3ccccc23)NC(=O)[C@H](Cn2ccc3ccccc32)NC(=O)[C@@H]2CCCN2C(=O)[C@H](Cc2ccccc2)NC1=O,7.455931955649724,1,0.0,1996,1996,1996,IC50,B,1
KIZBDFRCUJNMND-LJAQVGFWSA-N,Cc1cc(C)cc(C(=O)N2CCN(C(=O)CNC3CCN(Cc4cc[nH]c4)CC3)[C@H](c3ccc(Cl)c(Cl)c3)C2)c1,7.455931955649724,1,0.0,2002,2002,2002,Ki,B,1
KNVYPKQUKBUAAW-PMACEKPBSA-N,CC(=O)N1CCC[C@H](OCc2cc(C(F)(F)F)cc(C(F)(F)F)c2)[C@@H]1c1ccccc1,7.455931955649724,1,0.0,1995,1995,1995,IC50,B,1
MSVRFNSSYWFYIU-XFQWPLCWSA-N,Cc1cc(O)cc(C)c1C[C@H](N)C(=O)N[C@H](CCCNC(=N)N)C(=O)N[C@H]1Cc2ccccc2CN(CC(=O)N(Cc2cc(C(F)(F)F)cc(C(F)(F)F)c2)CC(C)C)C1=O,7.455931955649724,1,0.0,2015,2015,2015,Ki,B,1
GETCFTYJLDUJTR-UHFFFAOYSA-N,Cc1ccc(C)c(COC2C3CCN(CC3)C2C(c2ccccc2)c2ccccc2)c1,7.443697499232712,1,0.0,1995,1995,1995,IC50,B,1
GVFWBCYSHWYPGP-AETRBLLXSA-N,CO/N=C(\COCc1cc(C(F)(F)F)cc(C(F)(F)F)c1)C(CCN1CCC(CN2CCCCC2)CC1)c1ccc(Cl)c(Cl)c1,7.443697499232712,1,0.0,2001,2001,2001,Ki,B,1
LFPXAUUEPXMIAW-CONSDPRKSA-N,CN(Cc1ccc2ccccc2c1)C(=O)[C@H](Cc1ccccc1)NC(=O)[C@@H]1CCCN1/C(S)=N/Cc1ccccc1Cl,7.443697499232712,1,0.0,1998,1998,1998,Ki,B,1
PMZARHVVWDLWAC-MULCNKJOSA-N,CO/N=C(\COCc1cc(C(F)(F)F)cc(C(F)(F)F)c1)C(CCN1CCC(N2CCCC2)CC1)c1ccc(Cl)c(Cl)c1,7.443697499232712,1,0.0,2001,2001,2001,Ki,B,1
GOEKTEPHELFSRR-MHZLTWQESA-N,CS(=O)(=O)N1CC2(CCN(C(=O)[C@H](COCc3ccccc3Cl)NCc3ccccc3)CC2)c2ccccc21,7.443697499232712,1,0.0,1998,1998,1998,IC50,B,1
FQHVTKMBKJGDDK-UHFFFAOYSA-N,CN(Cc1cc(C(F)(F)F)cc(C(F)(F)F)c1)C(=O)c1c(-c2ccccc2)c2ccccc2n2cccc12,7.443697499232712,1,0.0,2008,2008,2008,IC50,B,1
XTBGOODXUVJDEK-IUFSZXBYSA-N,CN(Cc1ccccc1)C(=O)[C@H](Cc1ccccc1)NC(=O)[C@@H](Cc1cn(C(=O)OCCCCCCN)c2ccccc12)NC(=O)C[C@@H]1NC(=O)[C@@H]2C3CCC(CC3)N2C1=O,7.434264452686824,2,0.04844619113033761,1993,1993,1993,IC50;Kd,B;F,1
UNKSVANIANTVBC-UHFFFAOYSA-N,Brc1ccccc1COC1C2CCN(CC2)C1C(c1ccccc1)c1ccccc1,7.431798275933005,1,0.0,1995,1995,1995,IC50,B,1
ZTQWBNHZWSYFKN-UHFFFAOYSA-N,Fc1cccc(COC2C3CCN(CC3)C2C(c2ccccc2)c2ccccc2)c1,7.431798275933005,1,0.0,1995,1995,1995,IC50,B,1
IFRYCZCTTATFOV-UHFFFAOYSA-N,O=C(CN(N1CCC(Cc2ccccc2)CC1)N1CCC(Cc2ccccc2)CC1)N1CCN(Cc2cc(C(F)(F)F)cc(C(F)(F)F)c2)CC1c1ccccc1,7.431798275933005,1,0.0,2002,2002,2002,Ki,B,1
RKMNJDJHIUANMC-UHFFFAOYSA-N,COc1cc(C(=O)N(C)CC(c2cccc3c2OCO3)N2CCC(N3CCCCC3)CC2)cc(OC)c1OC,7.431798275933005,1,0.0,2000,2000,2000,IC50,B,1
IEYWODZRHHRXAA-GOTSBHOMSA-N,FC(F)(F)c1cc(CO[C@H]2CCCN(Cc3ccco3)[C@H]2c2ccccc2)cc(C(F)(F)F)c1,7.421852660824307,2,0.03089326674501522,1996,1998,1997,IC50,B,2
WRYRNQFZXCNLIL-WUYDLZCKSA-N,COc1ccccc1[C@H](C)C(=O)N1C[C@@H]2[C@H](C1)[C@@](O)(c1ccccc1OC)CSC2(c1ccccc1)c1ccccc1,7.42021640338319,1,0.0,1995,1995,1995,IC50,B,1
RAFDWIXSTUFXQE-UHFFFAOYSA-N,Ic1cccc(COCC2(c3ccccc3)CCNCC2)c1,7.42021640338319,1,0.0,1998,1998,1998,IC50,B,1
OFLFUJXENIVSMT-OJZPPULMSA-N,CN(C)/N=C(\COCc1cc(C(F)(F)F)cc(C(F)(F)F)c1)C(CCN1CCC(O)(c2ccccc2)CC1)c1ccc(Cl)c(Cl)c1,7.42021640338319,1,0.0,2002,2002,2002,Ki,B,1
POOFXMHSHQTGID-NSOVKSMOSA-N,CN(Cc1ccccc1)C(=O)[C@H](Cc1ccccc1)N(C)C(=O)[C@@H]1CCCN1/C(S)=N/Cc1ccccc1Cl,7.42021640338319,1,0.0,1998,1998,1998,Ki,B,1
PNFHNRJQQVSHOG-AETRBLLXSA-N,CO/N=C(\COCc1cc(C(F)(F)F)cc(C(F)(F)F)c1)C(CCN1CCC(CN2CCCC(O)C2)CC1)c1ccc(Cl)c(Cl)c1,7.42021640338319,1,0.0,2001,2001,2001,Ki,B,1
PHJAHENRIQLDKM-UHFFFAOYSA-N,CN(Cc1cc(C(F)(F)F)cc(C(F)(F)F)c1)C(=O)c1c(-c2ccccc2)c2ccccc2n2ccnc12,7.42021640338319,1,0.0,2008,2008,2008,IC50,B,1
USYVFVQJENXQQZ-UHFFFAOYSA-N,CCN(CC)C1CCC(COCc2cc(C(F)(F)F)cc(C(F)(F)F)c2)(c2ccccc2)CC1,7.42021640338319,1,0.0,2014,2014,2014,IC50,B,1
VWBOQFANCXZMAU-LOSJGSFVSA-N,COc1ccccc1CC(=N)N1C[C@@H]2C(=O)CCC(c3ccccc3)(c3ccccc3)[C@@H]2C1,7.416341332625912,2,0.15066665387602773,1995,1996,1995,IC50,B,2
BLMXPQBNRUSVOP-UHFFFAOYSA-N,CN1C(=O)C2CN(S(=O)(=O)c3ccc4ccccc4c3)C3(CCN(C(=O)c4cc(C(F)(F)F)cc(C(F)(F)F)c4)CC3)C2C1=O,7.410050398674292,1,0.0,2002,2002,2002,Ki,B,1
KUZSVFNKNBWCDR-QCWLJUHMSA-N,Clc1ccccc1CNC1C2C3CCCC2CN(C3)[C@H]1C(c1ccccc1)c1ccccc1,7.4089353929735005,1,0.0,1994,1994,1994,IC50,B,1
HHVMTHPROAGMTO-OJZPPULMSA-N,CO/N=C(\COCCc1cc(C(F)(F)F)cc(C(F)(F)F)c1)C(CCN1CCC(O)(c2ccccc2)CC1)c1ccc(Cl)c(Cl)c1,7.4089353929735005,1,0.0,2002,2002,2002,Ki,B,1
QECBUZHWFDACDA-FGZHOGPDSA-N,COc1ccc(CN[C@@H]2C3CCN(CC3)[C@@H]2c2cccc(Cl)c2)c(OC)c1,7.4089353929735005,1,0.0,1994,1994,1994,IC50,B,1
PDGGHHMVDHHHGY-JSKGAOECSA-N,CCOCCCNC(=O)CN1CCN(CCC(/C(COCc2cc(C(F)(F)F)cc(C(F)(F)F)c2)=N/OC)c2ccc(Cl)c(Cl)c2)CC1,7.4089353929735005,1,0.0,2000,2000,2000,Ki,B,1
KIMCCCOLDQMMTA-UHFFFAOYSA-N,CC(C)=Cc1cc(C(F)(F)F)cc(COCC2(c3ccc(F)cc3)CCN(C)CC2)n1,7.4089353929735005,1,0.0,2013,2013,2013,IC50,B,1
KYBTWYULZRXBGL-UHFFFAOYSA-N,COC(=O)CN1CCN(C(COCc2cc(C(F)(F)F)cc(C(F)(F)F)c2)c2ccccc2)CC1,7.400007822415902,1,0.0,2003,2003,2003,Ki,B,1
WLAPOEJOAMUPEB-SFTDATJTSA-N,COc1ccccc1CN[C@H]1CCCN[C@]12CCc1ccccc12,7.400007822415902,1,0.0,1995,1995,1995,Ki,B,1
PKAFUPCGJKCHLU-UHFFFAOYSA-N,CC(C)c1cccc(C(COCc2cc(C(F)(F)F)cc(C(F)(F)F)c2)N2CCNCC2)c1,7.400007822415902,1,0.0,2002,2002,2002,IC50,B,1
KFUYJHQXQLVYOZ-UHFFFAOYSA-N,CC1c2ccccc2NCCN1C(=O)N(C)Cc1cc(C(F)(F)F)cc(C(F)(F)F)c1,7.400007822415902,1,0.0,1997,1997,1997,Ki,B,1
FNRNSHYJPSMLNY-RRTCDKLQSA-N,CN(C)CCNC(=O)[C@@H](Cc1ccccc1)NC(=O)[C@](C)(CCN1CCC2(CC1)OC(=O)N(C)c1ccc(F)cc12)c1ccc(Cl)c(Cl)c1,7.400007822415902,1,0.0,2014,2014,2014,Ki,B,1
QDZKMVDHAKNAHI-UHFFFAOYSA-N,Fc1ccc(C2CCN(C3CCC(CCCc4cc(C(F)(F)F)cc(C(F)(F)F)c4)(c4ccccc4)CC3)CC2)cc1,7.3979400086720375,1,0.0,2002,2002,2002,IC50,B,1
MLFSLAIOJHSNOR-DSITVLBTSA-N,O=C(N[C@@H]1CC[C@H](OCc2cc(C(F)(F)F)cc(C(F)(F)F)c2)[C@H]1c1ccccc1)OCc1ccccc1,7.3979400086720375,1,0.0,2006,2006,2006,IC50,B,1
YPROEHWVHUDTQP-XIFFEERXSA-N,CCCCCN(CCCCC)C(=O)N1CCN(C(=O)N(c2ccccc2)c2ccccc2)[C@H](C(=O)NCCCN(CC)CC)C1,7.3872161432802645,2,0.0,1993,1995,1994,IC50,B,2
AMKINZCRNCDIPJ-UHFFFAOYSA-N,Cn1c(-c2ccc(Cl)cc2)c(CCC(=O)N2CCC(O)(Cc3ccccc3)CC2)c2cnccc21,7.3872161432802645,1,0.0,2001,2001,2001,IC50,B,1
FLNYLINBEZROPL-WUFINQPMSA-N,COc1ccccc1CN[C@H]1C2CCN(CC2)[C@@H]1C(c1ccccc1)c1ccccc1,7.3872161432802645,3,2.717210606096781,1992,2017,2005,IC50,B;F,3
HGPMXNZOBKZRFR-XIKOKIGWSA-N,C[C@@H](OC[C@]1(c2ccccc2)CNC(=O)N1)c1cc(C(F)(F)F)cc(C(F)(F)F)c1,7.3872161432802645,1,0.0,2006,2006,2006,Ki,B,1
CNDCKVKAMQTYNU-UHFFFAOYSA-N,Cc1cc(-c2ccccc2)c(C(=O)N(C)Cc2cc(C(F)(F)F)cc(C(F)(F)F)c2)c(C)n1,7.3872161432802645,1,0.0,2011,2011,2011,IC50,B,1
LFFPDSZQTVWQEP-ICSRJNTNSA-N,FC(F)(F)c1cc(CO[C@H]2CCCN(Cc3nn[nH]n3)[C@H]2c2ccccc2)cc(C(F)(F)F)c1,7.383269683418158,2,0.02367130317949637,1996,1998,1997,IC50,B,2
RKASKHITIDVOID-UHFFFAOYSA-N,COc1ccccc1N1CCN(C(=O)CCc2c3n(c4ccc(C)cc24)C(=O)c2ccccc2-3)CC1,7.376750709602099,1,0.0,2001,2001,2001,IC50,B,1
AKWFEANKAWGNIH-CDZUIXILSA-N,Cc1cc(C)cc(C(=O)N2CCN(C(=O)CNC3CCN(C(=O)[C@@H](N)c4ccccc4)CC3)[C@H](c3ccc(Cl)c(Cl)c3)C2)c1,7.376750709602099,1,0.0,2002,2002,2002,Ki,B,1
POAWUKKCNDHCML-OJZPPULMSA-N,CO/N=C(\CN(C)Cc1cc(C(F)(F)F)cc(C(F)(F)F)c1)C(CCN1CCC(O)(c2ccccc2)CC1)c1ccc(Cl)c(Cl)c1,7.376750709602099,1,0.0,2002,2002,2002,Ki,B,1
PEIMIJSROKINQZ-HHHXNRCGSA-N,CS(=O)(=O)N1CC2(CCN(C(=O)[C@@H](COCc3ccccc3)NCc3ccc(Cl)c(Cl)c3)CC2)c2ccccc21,7.376750709602099,1,0.0,1998,1998,1998,IC50,B,1
AEZMPDNQDQJWHG-XDBZFTIUSA-N,C[C@H](NC(=O)[C@@](C)(Cc1c[nH]c2ccccc12)NC(=O)OCc1ccc(F)c(F)c1)c1ccccc1,7.36997914888659,1,0.0,1995,1995,1995,IC50,B,1
XEQQNCSLMZZLIP-UHFFFAOYSA-N,CS(=O)(=O)N1CC2(CCN(C(=O)C(COCc3ccccc3)NC(=O)Cc3ccc(Cl)c(Cl)c3)CC2)c2ccccc21,7.366531544420413,1,0.0,1998,1998,1998,IC50,B,1
LURXNRSWKKLLDE-SVBPBHIXSA-N,Clc1ccccc1CN[C@H]1C2CCN(CC2)[C@H]1C(c1ccccc1)c1ccccc1,7.36468386974374,2,0.15962496719454117,1991,1992,1991,IC50,B,2
DOJFCZWBCZBTPF-BJSJXSMNSA-N,CO/N=C(\COCc1cc(C(F)(F)F)cc(C(F)(F)F)c1)C(CCN1CCC(NC(=O)C2CCCCC2)CC1)c1ccc(Cl)c(Cl)c1,7.356547323513812,1,0.0,2001,2001,2001,Ki,B,1
WSHWSZCIPVWMBU-UHFFFAOYSA-N,CN(Cc1cc(Cl)cc(Cl)c1)C(=O)CC(c1ccccc1)c1ccccc1,7.346787486224656,1,0.0,1996,1996,1996,IC50,B,1
CRRMOVLQVMJXLE-UHFFFAOYSA-N,CN(Cc1cc(C(F)(F)F)cc(C(F)(F)F)c1)C(=O)c1ccccc1-c1ccccc1Br,7.346787486224656,1,0.0,2006,2006,2006,Ki,B,1
FIYPEZLIXJZQOT-NLWGTHIKSA-N,NC(=O)CN[C@H]1CC[C@@H](OCc2cc(C(F)(F)F)cc(C(F)(F)F)c2)[C@@H]1c1ccccc1,7.346787486224656,1,0.0,2006,2006,2006,IC50,B,1
IWZSETOJTMHNIP-UHFFFAOYSA-N,CN1CCC(COCc2cc(C(F)(F)F)cc(Cl)n2)(c2ccc(F)cc2)CC1,7.346787486224656,1,0.0,2013,2013,2013,IC50,B,1
KNSNLGZARQKZRO-UHFFFAOYSA-N,FC(F)(F)c1cc(COCC2(c3ccccc3)CCC(N3CCOCC3)C2)cc(C(F)(F)F)c1,7.346787486224656,1,0.0,2014,2014,2014,IC50,B,1
JADGYJSQQQKTON-UHFFFAOYSA-N,Cc1cccc(NC(=O)N2CCC3(CC2)NC(=O)N(Cc2cc(C(F)(F)F)cc(C(F)(F)F)c2)C3=O)c1,7.339988778710669,1,0.0,2002,2002,2002,Ki,B,1
UISKGTZVONGFBF-URLMMPGGSA-N,Cc1cc(C)cc(C(=O)N2CC[C@H](NCc3cnc4ccccc4c3)C[C@H]2Cc2ccccc2)c1,7.33889035263304,2,0.2601988802010339,1996,1996,1996,IC50,B,1
HRUXUGMUUKKNBF-UHFFFAOYSA-N,O=C(NCCc1cc(C(F)(F)F)cc(C(F)(F)F)c1)C(c1ccccc1)c1ccccc1,7.337242168318426,1,0.0,1996,1996,1996,IC50,B,1
ZDFSASRKTAOVIG-UHFFFAOYSA-N,O=C1CCN(Cc2ccccc2F)CC1C(c1ccc(F)cc1)c1ccc(F)cc1,7.337242168318426,1,0.0,2011,2011,2011,IC50,B,1
LULMWWPQEGUMMS-UHFFFAOYSA-N,CN(Cc1cc(C(F)(F)F)cc(C(F)(F)F)c1)C(=O)C(c1ccccc1)c1ccccc1,7.327902142064282,1,0.0,1996,1996,1996,IC50,B,1
QZJRHSQLPCOJGA-OJZPPULMSA-N,CO/N=C(\COCc1cc(C(F)(F)F)cc(C(F)(F)F)c1)C(CCN1CCN(CC(=O)N2CCCCC2CO)CC1)c1ccc(Cl)c(Cl)c1,7.327902142064282,1,0.0,2000,2000,2000,Ki,B,1
UCENIIHYFVGIKL-UHFFFAOYSA-N,CC(=O)NC1(c2ccccc2)CCN(N(CC(=O)N2CCN(Cc3cc(C(F)(F)F)cc(C(F)(F)F)c3)CC2c2ccccc2)N2CCC(NC(C)=O)(c3ccccc3)CC2)CC1,7.318758762624412,1,0.0,2002,2002,2002,Ki,B,1
XGWVIOHVJIXJHZ-UHFFFAOYSA-N,O=C(CN(N1CCN(Cc2ccccc2)CC1)N1CCN(Cc2ccccc2)CC1)N1CCN(Cc2cc(C(F)(F)F)cc(C(F)(F)F)c2)CC1c1ccccc1,7.318758762624412,1,0.0,2002,2002,2002,Ki,B,1
WSYQSMJFBSIBRN-LJAQVGFWSA-N,O=C(c1cc(C(F)(F)F)cc(C(F)(F)F)c1)N1CCN(C(=O)CNC2CCN(Cc3ccccc3)CC2)[C@H](c2ccc(Cl)c(Cl)c2)C1,7.318758762624412,1,0.0,2002,2002,2002,Ki,B,1
GETCFTYJLDUJTR-VMPREFPWSA-N,Cc1ccc(C)c(CO[C@H]2C3CCN(CC3)[C@H]2C(c2ccccc2)c2ccccc2)c1,7.318758762624412,1,0.0,1993,1993,1993,IC50,B,1
BQCKRPSACBCWTC-KYJUHHDHSA-N,CN(CCc1c[nH]c2ccccc12)C(=O)[C@H](Cc1ccccc1)NC(=O)[C@@H]1CCCN1/C(S)=N/Cc1ccccc1Cl,7.318758762624412,1,0.0,1998,1998,1998,Ki,B,1
YSVJULQFSACURE-UHFFFAOYSA-N,CN(C)C1CCC(COCc2cc(C(F)(F)F)cc(C(F)(F)F)c2)(c2ccccc2)CC1,7.318758762624412,1,0.0,2014,2014,2014,IC50,B,1
YCMAOHLEJMWCLX-UHFFFAOYSA-N,COc1ccccc1CC(=O)N1CCC(CCN2CCC(C(N)=O)(c3ccccc3)CC2)(c2ccc(Cl)c(Cl)c2)C1,7.31695296176115,1,0.0,1996,1996,1996,IC50,B,1
ZIPCEDGJLAIAFO-OAHLLOKOSA-N,N[C@H](COCc1cc(Cl)cc(Cl)c1)c1ccccc1,7.309803919971486,1,0.0,1995,1995,1995,IC50,B,1
MCZOVZXJFVJYKL-OJZPPULMSA-N,COCO/N=C(\COCc1cc(C(F)(F)F)cc(C(F)(F)F)c1)C(CCN1CCC(O)(c2ccccc2)CC1)c1ccc(Cl)c(Cl)c1,7.309803919971486,1,0.0,2002,2002,2002,Ki,B,1
NXCCTXNXPRCZOH-UHFFFAOYSA-N,COc1ccccc1C1=CC2(CCCNC2c2ccccc2)OC1,7.309803919971486,1,0.0,2002,2002,2002,IC50,B,1
VYTFGBLFUQBGTK-JYFHCDHNSA-N,COc1ccccc1CN[C@H]1CCCN[C@H]1C(c1ccccc1)c1ccccc1,7.309803919971486,1,0.0,1992,1992,1992,Ki,B,1
NVEJXLQKXBAKSF-NUGSKGIGSA-N,Clc1cncc(Cl)c1N/N=C/c1ccccc1-c1ccccc1Br,7.309803919971486,1,0.0,2006,2006,2006,Ki,B,1
JDZPZWKVNPKOCW-JSKGAOECSA-N,CO/N=C(\CNCc1cc(C(F)(F)F)cc(C(F)(F)F)c1)C(CCN1CCC(O)(c2ccccc2)CC1)c1ccc(Cl)c(Cl)c1,7.301029995663981,1,0.0,2002,2002,2002,Ki,B,1
IEBPGZDVZLOWFP-FEMONOMJSA-N,CO/N=C(\COCc1cc(C(F)(F)F)cc(C(F)(F)F)c1)C(CCN1CCC(CN2CCCC(CO)C2)CC1)c1ccc(Cl)c(Cl)c1,7.301029995663981,1,0.0,2001,2001,2001,Ki,B,1
OPHYHBRVLAQKEG-MHZLTWQESA-N,O=C(NCc1cc(C(F)(F)F)cc(C(F)(F)F)c1)[C@@H](CCN1CCC2(C=Cc3ccccc32)CC1)c1ccc(F)cc1,7.301029995663981,1,0.0,2006,2006,2006,IC50,B,1
FSEPNMHZPYCNIX-UHFFFAOYSA-N,COc1ccc(C(COCc2cc(C(F)(F)F)cc(C(F)(F)F)c2)N2CCNCC2)cc1,7.299988937677888,2,0.0,2002,2003,2002,IC50;Ki,B,2
FGBCKWDHROIUKV-UHFFFAOYSA-N,Fc1ccc(N(CCCc2cc(C(F)(F)F)cc(C(F)(F)F)c2)C2CCNCC2)cc1,7.299988937677888,1,0.0,2002,2002,2002,IC50,B,1
NAPRVHFRCLJTHE-JWZGVHCRSA-N,CC(=O)n1cc(C[C@@H](NC(=O)C[C@@H]2NC(=O)[C@@H]3C4CCC(CC4)N3C2=O)C(=O)N[C@@H](Cc2ccccc2)C(=O)N(C)Cc2ccccc2)c2ccccc21,7.299988937677888,1,0.0,1993,1993,1993,Kd,F,1
ZAORQCXCRAXLLN-UHFFFAOYSA-N,Cc1cc(F)ccc1C1CNCC2CN(Cc3cc(C(F)(F)F)cc(C(F)(F)F)c3)C(=O)N21,7.299988937677888,1,0.0,2010,2010,2010,Ki,B,1
ZLJIJVTVACSNTN-ZUKKLESISA-N,CN1C(=O)OC2(CCN(CCC[C@@H](C(=O)N(C)[C@@H](Cc3ccccc3)C(=O)NCCN)c3ccc(Cl)c(Cl)c3)CC2)c2cc(F)ccc21,7.299988937677888,1,0.0,2014,2014,2014,Ki,B,1
GDEVLXJNDKIZKC-FRLLZOMISA-N,C[C@@H](O[C@H]1O[C@@H]2CC[C@@H](c3ccccc3)O[C@@H]2[C@H](O)[C@H]1OCc1ccc(F)cc1)c1cc(C(F)(F)F)cc(C(F)(F)F)c1,7.297569463554475,3,0.6154550425273043,2021,2021,2021,IC50;Ki,B;F,1
OUNRZOHNBUMFRL-UHFFFAOYSA-N,CN(C)CCCOc1ccccc1CC(=O)N1CC2C(=O)CSC(c3ccccc3)(c3ccccc3)C2C1,7.292429823902063,1,0.0,1995,1995,1995,IC50,B,1
GVVBQMBHLKJFRI-UHFFFAOYSA-N,COc1ccccc1CNCC(Cc1c[nH]c2ccccc12)NC(=O)CN1CCN(c2ccccc2)CC1,7.292429823902063,1,0.0,1996,1996,1996,IC50,B,1
MUZDMKDXKSNMIN-UHFFFAOYSA-N,CN(Cc1cc(C(F)(F)F)cc(C(F)(F)F)c1)C(=O)c1ccccc1-c1ccccc1,7.292429823902063,1,0.0,2006,2006,2006,Ki,B,1
PTIYKSDBVLRZAO-LJAQVGFWSA-N,CC(=O)Nc1nc(CN2CCC(NCC(=O)N3CCN(C(=O)c4cc(C)cc(C)c4)C[C@H]3c3ccc(Cl)c(Cl)c3)CC2)cs1,7.2839966563652006,1,0.0,2002,2002,2002,Ki,B,1
HGLYAHAZJGCWKJ-UHFFFAOYSA-N,CN(Cc1cc(C(F)(F)F)cc(C(F)(F)F)c1)C(=O)c1c(CBr)nc2ccccc2c1-c1ccccc1,7.2839966563652006,1,0.0,2004,2004,2004,IC50,B,1
MQXUGPXFUUIGLD-WUFINQPMSA-N,Cc1cc(C)cc(C(=O)N2CC[C@H](NCc3ccnc4ccccc34)C[C@H]2Cc2cc(Br)cc(Br)c2)c1,7.2839966563652006,1,0.0,1996,1996,1996,IC50,B,1
LOFLTQOJPAOUCM-UHFFFAOYSA-N,CN(Cc1cc(C(F)(F)F)cc(C(F)(F)F)c1)C(=O)c1c(-c2ccccc2)ccnc1CCl,7.2839966563652006,1,0.0,2011,2011,2011,IC50,B,1
YYRRLEKGQAPWHL-UHFFFAOYSA-N,CN1CCC(COCc2cc(C(F)(F)F)cc(Cl)n2)(c2ccccc2F)CC1,7.2839966563652006,1,0.0,2013,2013,2013,IC50,B,1
FWWHAAGOCFCRFY-SVBPBHIXSA-N,FC(F)(F)c1cccc(CO[C@H]2C3CCN(CC3)[C@H]2C(c2ccccc2)c2ccccc2)c1,7.275724130399211,3,0.9225730666504054,1995,1995,1995,IC50,B,1
OAHGORGEEUCBAK-ZONNCAFXSA-N,CO/N=C(\COCc1cc(OC)c(OC)c(OC)c1)C(CCN1CCC(O)(c2ccccc2)CC1)c1ccc(Cl)c(Cl)c1,7.275724130399211,1,0.0,2002,2002,2002,Ki,B,1
YRZRPGJWDWZLMN-JVFAEYSFSA-N,CO/N=C(\COCc1cc(C(F)(F)F)cc(C(F)(F)F)c1)C(CCN1CCN(C2CCCCC2)CC1)c1ccc(Cl)c(Cl)c1,7.275724130399211,1,0.0,2000,2000,2000,Ki,B,1
GVBGRESFEXAWSN-UHFFFAOYSA-N,Cc1nc(N2CCN(C)CC2)cc(-c2ccccc2)c1C(=O)NCc1cc(C(F)(F)F)cc(C(F)(F)F)c1,7.275724130399211,1,0.0,2011,2011,2011,IC50,B,1
QCVSZRBCNKHMIP-UHFFFAOYSA-N,Cc1c(C(=O)N(C)Cc2cc(C(F)(F)F)cc(C(F)(F)F)c2)c(-c2ccccc2)cc2nncn12,7.275724130399211,1,0.0,2011,2011,2011,IC50,B,1
IYFACCQJUYZHHO-UHFFFAOYSA-N,Cc1cc2c(-c3ccccc3)c(NC(=O)N(C)Cc3cc(C(F)(F)F)cc(C(F)(F)F)c3)n(C)c(=O)c2cc1C,7.267606240177031,1,0.0,1995,1995,1995,IC50,B,1
MWWOEKASVSVWFT-IZZNHLLZSA-N,O=C(c1cccc(Cl)c1)N1CC[C@H](NCc2ccnc3ccccc23)C[C@H]1Cc1ccccc1,7.267606240177031,1,0.0,1996,1996,1996,IC50,B,1
JUCCJJMYIFPLSB-UHFFFAOYSA-N,CN(Cc1ccc(Cl)c(Cl)c1)CC(NCc1ccccc1)C(=O)N1CCC2(CC1)CN(S(C)(=O)=O)c1ccccc12,7.267606240177031,1,0.0,1998,1998,1998,IC50,B,1
LDXQLWNPGRANTO-SFHVURJKSA-N,Cc1ccc(-c2c3n(c(=O)c4ncccc24)CC[C@H](C)CN(Cc2cc(C(F)(F)F)cc(C(F)(F)F)c2)C3=O)cc1,7.267011315857088,2,1.1292357167887028,1999,1999,1999,IC50,B,1
BCBZQRGPPQVWGF-QGZVFWFLSA-N,Cc1cc(C)cc(COC[C@@H](N)c2ccccc2)c1,7.259637310505756,2,0.0,1994,1995,1994,IC50,B,2
QJMOSYCFKFRZPQ-UHFFFAOYSA-N,Cn1c(-c2ccc(Cl)cc2)c(CCC(=O)N2CCC(CO)(c3ccccc3)CC2)c2cc(Cl)ccc21,7.259637310505756,1,0.0,2001,2001,2001,IC50,B,1
MZGOTFSCFZHBNK-PMERELPUSA-N,CCCCCN(CCCCC)C(=O)N1CCN(C(=O)N(c2ccccc2)c2ccccc2)[C@H](C(=O)NCCN(C)C)C1,7.259637310505756,1,0.0,1993,1993,1993,IC50,B,1
PBPFNJZSYGEZNI-UHFFFAOYSA-N,CC(C)(C)c1cccc(COCC2(c3ccccc3)CCNCC2)c1,7.259637310505756,1,0.0,1998,1998,1998,IC50,B,1
GNUKWKXSQWUHHO-UHFFFAOYSA-N,Cc1cc(C)cc(COCC(NC(C)C)C(c2ccccc2)c2ccccc2)c1,7.259637310505756,1,0.0,1994,1994,1994,IC50,B,1
XQGMOTVYEJXTQB-UHFFFAOYSA-N,Cc1cccc(CNC(COCc2ccccc2)C(=O)N2CCC3(CC2)CN(S(C)(=O)=O)c2ccccc23)c1,7.259637310505756,1,0.0,1998,1998,1998,IC50,B,1
JUEVJDUKWZZUKF-UHFFFAOYSA-N,Cc1ccc(-c2c(C(=O)N(C)Cc3cc(C(F)(F)F)cc(C(F)(F)F)c3)c3nnnn3c3ccccc23)cc1,7.259637310505756,1,0.0,2008,2008,2008,IC50,B,1
ZBUVNTFBRCCVST-UHFFFAOYSA-N,COc1cccc(CN2CCC(=O)C(C(c3ccc(F)cc3)c3ccc(F)cc3)C2)c1OC,7.259637310505756,1,0.0,2011,2011,2011,IC50,B,1
NWDUBICUVMSIHT-VMPREFPWSA-N,COc1ccccc1CN(C)[C@H]1C2CCN(CC2)[C@H]1C(c1ccccc1)c1ccccc1,7.258408331740993,2,1.1902121830841053,1992,1998,1995,IC50,B,2
TXDIYPDUXRZWER-UHFFFAOYSA-N,COc1cccc(COC2C3CCN(CC3)C2C(c2ccccc2)c2ccccc2)c1,7.251811972993799,1,0.0,1995,1995,1995,IC50,B,1
FCBFFODEEMUOND-PMERELPUSA-N,CN(Cc1ccccc1)C(=O)[C@H](Cc1c[nH]c2ccccc12)NC(=O)N1CCC2(CCc3ccccc32)CC1,7.251811972993799,1,0.0,1998,1998,1998,IC50,B,1
ZGWMZTZKJBLVMI-BOQZUZHWSA-N,CC(C)C[C@@H](C(=O)N[C@@H](Cc1c[nH]c2ccccc12)C(N)=O)N1CC[C@@]2(CCCN2C(=O)[C@H](Cc2ccc(O)cc2)NC(=O)[C@H](Cc2ccccc2)NC(=O)[C@H](CCCCN)NC(=O)[C@H](CC(N)=O)NC(=O)[C@@H]2CCCN2C(=O)[C@H](CC(=O)O)NC(=O)[C@H](C)NC(=O)C2CCCN2)C1=O,7.251811972993799,1,0.0,1998,1998,1998,Ki,B,1
RLXURWNYROPUKN-UHFFFAOYSA-N,CN(Cc1cc(C(F)(F)F)cc(C(F)(F)F)c1)C(=O)CC(c1ccccc1)c1ccccc1,7.251811972993799,1,0.0,1996,1996,1996,IC50,B,1
LZHOBSTWTIKCGR-NDEPHWFRSA-N,CCCCCN(CCCCC)C(=O)N1CCN(C(=O)N(c2ccccc2)c2ccccc2)[C@H](C(=O)NCCN)C1,7.2441251443275085,1,0.0,1993,1993,1993,IC50,B,1
DZUQXMNESQQMDK-UHFFFAOYSA-N,FC(F)(F)c1cccc(COCC2(c3ccccc3)CCNCC2)c1,7.2441251443275085,3,0.0023642504387984893,1995,1998,1998,IC50,B;F,3
ILUXOOXAZQEODK-KXEZBXAJSA-N,CC/C=C(\COCc1cc(C(F)(F)F)cc(C(F)(F)F)c1)C(CCN1CCC(O)(c2ccccc2)CC1)c1ccc(Cl)c(Cl)c1,7.2441251443275085,1,0.0,2002,2002,2002,Ki,B,1
WLFOHBUNPJCIHP-UHFFFAOYSA-N,COc1ccc(CNC(COCc2ccccc2)C(=O)N2CCC3(CC2)CN(S(C)(=O)=O)c2ccccc23)cc1,7.2441251443275085,1,0.0,1998,1998,1998,IC50,B,1
XXJGPEJPJHNGJF-UHFFFAOYSA-N,Cc1c(C(=O)N(C)Cc2cc(C(F)(F)F)cc(C(F)(F)F)c2)c(-c2ccccc2)cc2nnnn12,7.2441251443275085,1,0.0,2011,2011,2011,IC50,B,1
HBDJTAXFKXXUNZ-UHFFFAOYSA-N,O=C1CC(COCc2cc(C(F)(F)F)cc(C(F)(F)F)c2)(c2ccccc2)CCN1,7.2441251443275085,1,0.0,2013,2013,2013,IC50,B,1
HTQPNCOATOPAJK-ICQJPXRGSA-N,Clc1ccccc1CNC1C2CC3CCCC(C2)N3[C@H]1C(c1ccccc1)c1ccccc1,7.236572006437063,1,0.0,1994,1994,1994,IC50,B,1
SNDJRJPQSWPPJP-OZMGXUMRSA-N,CO/N=C(\CN(C)C(=O)c1ccccc1OC)C(CCN1CCC(O)(c2ccccc2)CC1)c1ccc(Cl)c(Cl)c1,7.236572006437063,1,0.0,2002,2002,2002,Ki,B,1
XSXYCPWLRYRFKU-UHFFFAOYSA-N,CS(=O)(=O)N1CC2(CCN(C(=O)C(COCc3ccccc3)NCc3cccc(Cl)c3)CC2)c2ccccc21,7.236572006437063,1,0.0,1998,1998,1998,IC50,B,1
FWQSUKMMZDBROS-WUOJXAKJSA-N,COc1ccc(C[C@@H]2NC(=O)[C@@H](Cc3c[nH]c4ccccc34)NC(=O)[C@H](Cc3ccccc3)NC(=O)[C@@H]3CCCN3C(=O)[C@H](Cc3ccccc3)NC(=O)[C@H]([C@@H](C)O)NC2=O)cc1,7.229147988357855,1,0.0,1996,1996,1996,IC50,B,1
MFUVQFBLROCQDR-QRRGNZNSSA-N,Fc1ccc(C2CCN([C@H]3CC[C@@](COCc4cc(C(F)(F)F)cc(C(F)(F)F)c4)(c4ccccc4)CC3)CC2)cc1,7.229147988357855,1,0.0,2002,2002,2002,IC50,B,1
UKUYENQXMPMPMC-LUKFIAJXSA-N,CC(=O)NCCCCCOC[C@H]1O[C@@H](OCCc2c[nH]c3ccccc23)[C@H](OCc2ccccc2)[C@@H](OCc2ccccc2)[C@@H]1OCc1ccccc1,7.221848749616356,1,0.0,1996,1996,1996,IC50,B,1
WPBLEVHDCVXLCU-LOSJGSFVSA-N,O=C(Cc1ccccc1)N[C@H]1CCN(C(=O)c2cc(Cl)cc(Cl)c2)[C@H](Cc2ccccc2)C1,7.221848749616356,1,0.0,1996,1996,1996,IC50,B,1
ZEDVVHHQUVTDHF-UHFFFAOYSA-N,CS(=O)(=O)N1CC2(CCN(C(=O)C(COCc3ccccc3)NCc3cccc(Br)c3)CC2)c2ccccc21,7.221848749616356,1,0.0,1998,1998,1998,IC50,B,1
JINCVNAITAJQCM-INIZCTEOSA-N,CS(=O)(=O)NC(=O)[C@H](Cc1ccccc1)NC(=O)OCc1ccccc1,7.217527375833714,1,0.0,2014,2014,2014,IC50,B,1
ZGOIUIRYGONMSH-NDEPHWFRSA-N,CN(c1ccccc1C1CCN(C(=O)[C@H](COCc2ccc(Cl)c(Cl)c2)NCc2ccccc2)CC1)S(C)(=O)=O,7.214670164989233,1,0.0,1998,1998,1998,IC50,B,1
AHBIGSLRJOQGEQ-UHFFFAOYSA-N,COc1ccccc1C(CNC(=O)Cc1cc(C)cc(C)c1)N1CCC(N2CCCCC2)CC1,7.214670164989233,1,0.0,2000,2000,2000,IC50,B,1
BGMAFASBOCNMKL-JWHWKPFMSA-N,CO/N=C(\COCc1cc(C(F)(F)F)cc(C(F)(F)F)c1)C(CCN1CCN(C)CC1)c1ccc(Cl)c(Cl)c1,7.214670164989233,1,0.0,2000,2000,2000,Ki,B,1
OKIXEUMIQOKHID-UHFFFAOYSA-N,c1ccc(Oc2cccc(COC3C4CCN(CC4)C3C(c3ccccc3)c3ccccc3)c2)cc1,7.207608310501746,1,0.0,1995,1995,1995,IC50,B,1
XKXKWEGCLRZXPJ-UHFFFAOYSA-N,Clc1cccc(COC2C3CCN(CC3)C2C(c2ccccc2)c2ccccc2)c1,7.207608310501746,1,0.0,1995,1995,1995,IC50,B,1
BYQRFLXQLXLHND-QHCPKHFHSA-N,O=C(N[C@@H](Cc1c[nH]c2ccccc12)C(=O)OCc1cccc(C(F)(F)F)c1)c1ccccc1,7.207608310501746,1,0.0,1994,1994,1994,IC50,B,1
AHAWVKZRZJNCMC-RBUKOAKNSA-N,NCC(=O)N[C@H]1CCN(C(=O)c2cc(C(F)(F)F)cc(C(F)(F)F)c2)[C@H](Cc2ccccc2)C1,7.207608310501746,1,0.0,1996,1996,1996,IC50,B,1
HCGLONGKSUMFIX-WOQJSSNBSA-N,CO/N=C(\COCc1cc(C(F)(F)F)cc(C(F)(F)F)c1)C(CCN1CCN(CC(=O)NC2CC2)CC1)c1ccc(Cl)c(Cl)c1,7.207608310501746,1,0.0,2000,2000,2000,Ki,B,1
RMWDIPRGXUWYAE-RPBOFIJWSA-N,CN(Cc1cc(C(F)(F)F)cc(C(F)(F)F)c1)C(=O)[C@H]1CN(CC2CCCCC2)C[C@@H]1c1ccccc1,7.207608310501746,1,0.0,2007,2007,2007,IC50,B,1
UUPZBGPDEPZRNL-LBNVMWSVSA-N,CC(=O)N1CCC(C(=O)N2CC[C@@H](N(C)C(=O)c3ccc(C4CC4)cc3)[C@H](c3ccc(Cl)c(Cl)c3)C2)CC1,7.207608310501746,1,0.0,2013,2013,2013,IC50,B,1
SOVVORMDBAETNG-UHFFFAOYSA-N,CNC(=O)N1C(=O)N(Cc2cc(C(F)(F)F)cc(C(F)(F)F)c2)C(=O)C1Cc1c[nH]c2ccccc12,7.200659450546418,1,0.0,1995,1995,1995,IC50,B,1
SBIUVIYDWWXAGW-UHFFFAOYSA-N,FC(F)(F)c1cc(CCCC2(c3ccccc3)CCNCC2)cc(C(F)(F)F)c1,7.200659450546418,1,0.0,1998,1998,1998,IC50,B,1
GBXFPXFTTZEIGT-MHZLTWQESA-N,CS(=O)(=O)N1CC2(CCN(C(=O)[C@H](CS(=O)(=O)Cc3ccc(Cl)c(Cl)c3)NCc3ccccc3)CC2)c2ccccc21,7.200659450546418,1,0.0,1998,1998,1998,IC50,B,1
JXTKCJKWJDHOHE-SMCANUKXSA-N,CC(C)C[C@H](NC(=O)CNC(=O)OCc1ccccc1)C(=O)N1Cc2[nH]c3ccccc3c2C[C@H]1C(=O)OCc1cc(C(F)(F)F)cc(C(F)(F)F)c1,7.200659450546418,1,0.0,2016,2016,2016,Ki,B,1
QUARZWNHDPZJSZ-UHFFFAOYSA-N,FC(F)(F)c1cc(COCC(c2ccccc2)N2CCN(Cc3nn[nH]n3)CC2)cc(C(F)(F)F)c1,7.199970640755866,1,0.0,2003,2003,2003,Ki,B,1
IMMRQJKFAMQIFK-UHFFFAOYSA-N,CCOC(=O)N1CCN(C(COCc2cc(C(F)(F)F)cc(C(F)(F)F)c2)c2ccccc2)CC1,7.199970640755866,1,0.0,2003,2003,2003,Ki,B,1
BJJSAUJBYIASCJ-QTQRRKOQSA-N,CN1C(=O)OC2(CCN(CCC[C@@](C)(C(=O)N[C@H](Cc3ccccc3)C(=O)NCCN)c3ccc(Cl)c(Cl)c3)CC2)c2cc(F)ccc21,7.199970640755866,1,0.0,2014,2014,2014,Ki,B,1
OXBZNPLKDFFHHC-UHFFFAOYSA-N,COc1cc(C(=O)N2CCC(CCN3CCC(C(N)=O)(c4ccccc4)CC3)(c3ccc(Cl)c(Cl)c3)C2)cc(OC)c1C,7.193141970481182,1,0.0,1996,1996,1996,IC50,B,1
PRYCKXQCDGEFFJ-CZSMCTLESA-N,CN(Cc1ccccc1)C(=O)[C@H](Cc1ccccc1)NC(=O)[C@@H](Cc1cn(C(=O)CCCCCCN)c2ccccc12)NC(=O)C[C@@H]1NC(=O)[C@@H]2C3CCC(CC3)N2C1=O,7.188886251356134,2,0.6914011672884346,1993,1993,1993,IC50;Kd,B;F,1
ABXDOBDGLYDVQT-NBGFENBTSA-N,C[C@@H](O)[C@H]1NC(=O)[C@H](Cc2ccc(F)cc2)NC(=O)[C@@H](Cc2c[nH]c3ccccc23)NC(=O)[C@H](Cc2ccc3ccccc3c2)NC(=O)[C@@H]2CCCN2C(=O)[C@H](Cc2ccccc2)NC1=O,7.187086643357144,1,0.0,1998,1998,1998,IC50,B,1
FAEAIUMVNYXDOL-UHFFFAOYSA-N,COc1cc(C(=O)N2CCC(CCN3CCC(C(N)=O)(c4ccccc4)CC3)(c3ccc(Cl)c(Cl)c3)C2)cc(OC)c1OC(C)C,7.18111458540599,1,0.0,1996,1996,1996,IC50,B,1
GQZCKCNQGNTWQE-UHFFFAOYSA-N,CCN(Cc1ccccc1)C(=O)Nc1c(-c2ccccc2)c2cc(C)c(C)cc2c(=O)n1C,7.180456064458131,1,0.0,1995,1995,1995,IC50,B,1
LEMUQYVGNWVOOC-RBUKOAKNSA-N,O=C(O)CN1CCO[C@H](OCc2cc(C(F)(F)F)cc(C(F)(F)F)c2)[C@@H]1c1ccccc1,7.180456064458131,1,0.0,1996,1996,1996,IC50,B,1
JAMXUJZOSFCSDE-UHFFFAOYSA-N,CN1CCC(COCc2cc(Cl)cc(C(F)(F)F)n2)(c2ccccc2)CC1,7.180456064458131,1,0.0,2013,2013,2013,IC50,B,1
RPMPXKASBWJZPP-UHFFFAOYSA-N,COc1cc(CC(=O)N2CCC(CCN3CCC(C(N)=O)(c4ccccc4)CC3)(c3ccc(Cl)c(Cl)c3)C2)cc(OC)c1OC,7.1791420105603,1,0.0,1996,1996,1996,IC50,B,1
YIHWPQQGVKFHTC-NRFANRHFSA-N,CC(=O)N[C@@H](Cc1c[nH]c2ccccc12)C(=O)OCc1cc(C)cc(C)c1,7.173925197299173,4,0.05304048816661134,1993,1998,1994,IC50,B,4
LALMBRZEIUEEIY-UHFFFAOYSA-N,FC(F)(F)c1ccccc1COC1C2CCN(CC2)C1C(c1ccccc1)c1ccccc1,7.173925197299173,1,0.0,1995,1995,1995,IC50,B,1
YIHWPQQGVKFHTC-UHFFFAOYSA-N,CC(=O)NC(Cc1c[nH]c2ccccc12)C(=O)OCc1cc(C)cc(C)c1,7.173925197299173,1,0.0,2004,2004,2004,IC50,B,1
BYGULAHTYKAKLG-SQNIBIBYSA-N,O=C(O)[C@@H]1CC[C@H](OCc2cc(C(F)(F)F)cc(C(F)(F)F)c2)[C@H]1c1ccccc1,7.173925197299173,1,0.0,2006,2006,2006,IC50,B,1
VVRNZKKUOWFMOX-NRWPOFLRSA-N,CC(=O)N1CCC(C(=O)N2CC[C@@H](N(C)C(=O)c3ccc(Br)cc3)C(c3ccc(Cl)c(Cl)c3)C2)CC1,7.173925197299173,1,0.0,2013,2013,2013,IC50,B,1
AIGRKPPMDORFBF-IRYDGCRRSA-N,c1ccc(CN[C@H]2C3CC4CCC(C3)N4[C@H]2C(c2ccccc2)c2ccccc2)cc1,7.169989064063882,1,0.0,1998,1998,1998,IC50,B,1
CLGSBTDEYZSYHA-NSOVKSMOSA-N,CNc1ccccc1CN[C@H]1C2CCN(CC2)[C@H]1C(c1ccccc1)c1ccccc1,7.1697001976893695,2,0.0004085187445502659,1992,1998,1995,IC50,B,2
WCOQELYASVJLJH-NSOVKSMOSA-N,COc1ccccc1CN[C@H]1C2CCN(CC2)[C@H]1C(c1ccc(Cl)cc1)c1ccc(Cl)cc1,7.169411331314856,1,0.0,1992,1992,1992,IC50,B,1
AIGRKPPMDORFBF-OZPDYWEWSA-N,c1ccc(CNC2C3CC4CCC(C3)N4[C@H]2C(c2ccccc2)c2ccccc2)cc1,7.167491087293763,1,0.0,1994,1994,1994,IC50,B,1
FNDMCYOVTUKDBA-PMERELPUSA-N,CN(Cc1ccccc1)C(=O)[C@H](Cc1c[nH]c2ccccc12)NC(=O)N1CCC2(C=Cc3ccccc32)CC1,7.167491087293763,1,0.0,1998,1998,1998,IC50,B,1
RWCQGMYLKBMGOP-OALUTQOASA-N,COC(=O)C(=O)N1CCC[C@H](OCc2cc(C(F)(F)F)cc(C(F)(F)F)c2)[C@@H]1c1ccccc1,7.167491087293763,1,0.0,1995,1995,1995,IC50,B,1
SLAOVGOAOZJZKV-UHFFFAOYSA-N,CN(Cc1cc(C(F)(F)F)cc(C(F)(F)F)c1)C(=O)Cc1c(-c2ccccc2)c2ccccc2c(=O)n1C,7.167491087293763,1,0.0,1995,1995,1995,IC50,B,1
RSLCAMXZLJMHNX-UHFFFAOYSA-N,CN(C(=O)C(C)(C)c1cc(C(F)(F)F)cc(C(F)(F)F)c1)c1ccccc1-c1ccccc1,7.167491087293763,1,0.0,2006,2006,2006,Ki,B,1
PTVMHGRZRNZSJJ-SRURARDESA-N,CO/N=C(\COCc1cc(C(F)(F)F)cc(C(F)(F)F)c1)C(CCN1CCC(CN2CCCC(Cc3ccccc3)C2=O)CC1)c1ccc(Cl)c(Cl)c1,7.161150909262744,1,0.0,2001,2001,2001,Ki,B,1
ZKGRNGWUBQYAGP-UHFFFAOYSA-N,COc1cc(OC)cc(C(=O)N2CCC(CCN3CCC(C(N)=O)(c4ccccc4)CC3)(c3ccc(Cl)c(Cl)c3)C2)c1,7.1555228242543185,1,0.0,1996,1996,1996,IC50,B,1
PAHVPEPWQTXJBD-CWTKIQHKSA-N,Cc1cc(C)cc(C(=O)N2CCN(C(=O)CNC3CCN(C(=O)[C@H](N)Cc4c[nH]c5ccccc45)CC3)[C@H](c3ccc(Cl)c(Cl)c3)C2)c1,7.154901959985743,1,0.0,2002,2002,2002,Ki,B,1
BTEBCPFVXKEUFE-NNIBMBRCSA-N,CO/N=C(\COCc1ccc(F)c2ccccc12)C(CCN1CCC(O)(c2ccccc2)CC1)c1ccc(Cl)c(Cl)c1,7.154901959985743,1,0.0,2002,2002,2002,Ki,B,1
HKEDNGJQBGWNSF-QGZVFWFLSA-N,CN(Cc1nn[nH]n1)[C@H](COCc1cc(C(F)(F)F)cc(C(F)(F)F)c1)c1ccccc1,7.154901959985743,1,0.0,1998,1998,1998,IC50,B,1
VCWSHBPPIYZVOZ-IHELAITMSA-N,CO/N=C(\COCc1cc(C(F)(F)F)cc(C(F)(F)F)c1)C(CCN1CCN(c2ncccn2)CC1)c1ccc(Cl)c(Cl)c1,7.154901959985743,1,0.0,2000,2000,2000,Ki,B,1
OZJDKUMSRQSURZ-UHFFFAOYSA-N,CC(=O)N(C)C1CCN(CCC(C)(C(=O)N(C)Cc2ccccc2Cl)c2ccc(Cl)c(Cl)c2)CC1,7.149353764816933,1,0.0,2009,2009,2009,Ki,B,1
XZTMOOCLEHYJRB-UHFFFAOYSA-N,COc1cccc(CNC(COCc2ccccc2)C(=O)N2CCC3(CC2)CN(S(C)(=O)=O)c2ccccc23)c1,7.1487416512809245,1,0.0,1998,1998,1998,IC50,B,1
YNHDEHNAJAUKAK-BJKOFHAPSA-N,O=C(Nc1ccccc1)N[C@H]1CCN(C(=O)c2cc(Cl)cc(Cl)c2)[C@H](Cc2ccccc2)C1,7.142667503568731,1,0.0,1996,1996,1996,IC50,B,1
PYMQWQVPOYGEIM-GOJCVTOHSA-N,CCCCCN(CCCCC)C(=O)[C@@H]1CCN(C(=O)N(c2ccccc2)c2ccccc2)[C@H](C(=O)NCCN(C)Cc2ccccc2OC)C1,7.136677139879544,1,0.0,1995,1995,1995,IC50,B,1
VMXIXFZELDQUJS-UHFFFAOYSA-N,COc1ccccc1C(=O)N1CCC(CCN2CCC(C(N)=O)(c3ccccc3)CC2)(c2ccc(Cl)c(Cl)c2)C1,7.133122185662501,1,0.0,1996,1996,1996,IC50,B,1
ZSOOJAUDBXFRSU-UHFFFAOYSA-N,FC(F)(F)c1cc(Cl)cc(COCC2(c3ccccc3)CCNCC2)n1,7.130768280269024,1,0.0,2013,2013,2013,IC50,B,1
PURFDWJJUPRHOS-HHHXNRCGSA-N,FC(F)(F)c1cc(COC[C@@]2(c3ccccc3)CCCN(Cc3ccccc3)CC2)cc(C(F)(F)F)c1,7.130768280269024,1,0.0,2013,2013,2013,IC50,B,1
BYTBSOKVLMSRRF-UHFFFAOYSA-N,FC(F)(F)c1cc(COCC2(c3ccccc3)CCC(NC3CC3)CC2)cc(C(F)(F)F)c1,7.130768280269024,1,0.0,2014,2014,2014,IC50,B,1
IKANDILRQJBOOG-UHFFFAOYSA-N,O=C1NC2(CCN(S(=O)(=O)CCc3cccc4ccccc34)CC2)C(=O)N1Cc1cc(C(F)(F)F)cc(C(F)(F)F)c1,7.130005999878258,1,0.0,2002,2002,2002,Ki,B,1
FCZQNQFTVGLASI-OJZPPULMSA-N,CO/N=C(\C(C)OCc1cc(C(F)(F)F)cc(C(F)(F)F)c1)C(CCN1CCC(O)(c2ccccc2)CC1)c1ccc(Cl)c(Cl)c1,7.1249387366083,1,0.0,2002,2002,2002,Ki,B,1
UJJFHEWMBRIBGS-UHFFFAOYSA-N,NC(COCc1cccc(Cl)c1)C(c1ccccc1)c1ccccc1,7.1249387366083,1,0.0,1994,1994,1994,IC50,B,1
GWCNPLNSWCRPJU-UHFFFAOYSA-N,Cc1noc(C)c1S(=O)(=O)N1CCC2(CC1)C1C(=O)N(c3ccccc3)C(=O)C1CN2C(=O)c1cc(C(F)(F)F)cc(C(F)(F)F)c1,7.119987161633228,1,0.0,2002,2002,2002,Ki,B,1
UJJFHEWMBRIBGS-OAQYLSRUSA-N,N[C@H](COCc1cccc(Cl)c1)C(c1ccccc1)c1ccccc1,7.119987161633228,1,0.0,1998,1998,1998,IC50,B,1
NWNXAOPJFFMSJS-PMERELPUSA-N,CC(=O)NC1(c2ccccc2)CCN(C(=O)N[C@@H](Cc2c[nH]c3ccccc23)C(=O)N(C)Cc2ccccc2)CC1,7.113509274827518,1,0.0,1998,1998,1998,IC50,B,1
HDRZMSGUAKJYEE-UHFFFAOYSA-N,NC(COCc1cccc(I)c1)C(c1ccccc1)c1ccccc1,7.113509274827518,1,0.0,1994,1994,1994,IC50,B,1
XCGYLXRRLOUNQC-UHFFFAOYSA-N,COc1ccc(CN2CCC(=O)C(C(c3ccc(F)cc3)c3ccc(F)cc3)C2)cc1,7.113509274827518,1,0.0,2011,2011,2011,IC50,B,1
KBBXXVKUKBWTIG-BDYUSTAISA-N,CN(Cc1ccccc1)C(=O)[C@H](Cc1ccccc1)NC(=O)[C@@H]1CCCN1/C(S)=N/Cc1ccccc1[N+](=O)[O-],7.110138278741811,1,0.0,1998,1998,1998,Ki,B,1
FUQXMZQIUQTJPV-IAGOWNOFSA-N,FC(F)(F)c1cc(CO[C@H]2OCCN[C@@H]2c2ccccc2)cc(C(F)(F)F)c1,7.109949404266044,2,0.8030347270142107,1996,1996,1996,IC50,B,1
RPTJPWCOBZLMMD-WIOPSUGQSA-N,CC(=O)N1CCC(C(=O)N2CC[C@@H](N(C)C(=O)c3ccc(Cl)cc3)[C@H](c3ccc(Cl)c(Cl)c3)C2)CC1,7.107905397309519,1,0.0,2013,2013,2013,IC50,B,1
OBQDMMSVYONKRG-SVBPBHIXSA-N,CN(Cc1ccccc1)C(=O)[C@H](Cc1ccccc1)NC(=O)[C@@H]1CCCN1/C(S)=N/Cc1cc(C(F)(F)F)cc(C(F)(F)F)c1,7.104577453960593,1,0.0,1998,1998,1998,Ki,B,1
BVFFMEGUHCQFCU-CLOBBXFDSA-N,NCCCC[C@H](NC(=O)[C@@H]1CCCN1C(=O)[C@@H](N)CCCN=C(N)N)C(=O)N1CCC[C@H]1C(=O)N[C@@H](CCC(N)=O)C(=O)N[C@@H](CCC(N)=O)C(=O)N[C@@H](Cc1ccccc1)C(=O)N[C@@H](Cc1ccccc1)C(=O)N1CCC[C@H]1C(=O)N1CCC(Cc2ccccc2)[C@H]1C(=O)N[C@@H](Cc1c[nH]c2ccccc12)C(N)=O,7.102372908709558,1,0.0,1998,1998,1998,Ki,B,1
ZBCUXUXOFUUEKE-UHFFFAOYSA-N,CS(=O)(=O)N1CC2(CCN(C(=O)C(COCc3ccccc3)NCc3cc(Cl)cc(Cl)c3)CC2)c2ccccc21,7.102372908709558,1,0.0,1998,1998,1998,IC50,B,1
JCJPMSLGXSUYHY-XUZZJYLKSA-N,CN(C(=O)c1ccc(Cl)cc1)[C@@H]1CCN(C(=O)C2CCN(C(=O)CO)CC2)C[C@H]1c1ccc(Cl)c(Cl)c1,7.102372908709558,1,0.0,2013,2013,2013,IC50,B,1
RAERUCXTDYOQNG-UHFFFAOYSA-N,Cc1cccc(CN(C(=O)COc2cc(C(F)(F)F)cc(C(F)(F)F)c2)C2CCNCC2)c1,7.100015437450609,1,0.0,2002,2002,2002,IC50,B,1
HGNXVSBHANEPQF-QFIPXVFZSA-N,CN(CCN1CCOCC1)C(=O)[C@@H](NC(=O)C(C)(C)c1cc(C(F)(F)F)cc(C(F)(F)F)c1)c1ccccc1,7.100015437450609,1,0.0,2014,2014,2014,Ki,B,1
MVLDBDSDAOAUMM-UHFFFAOYSA-N,Cc1cc(C)cc(COCC(N)C2c3ccccc3C=Cc3ccccc32)c1,7.096910013008056,1,0.0,1994,1994,1994,IC50,B,1
MCBFENXHBLXDFW-UHFFFAOYSA-N,Clc1ccccc1COC1C2CCN(CC2)C1C(c1ccccc1)c1ccccc1,7.096910013008056,1,0.0,1995,1995,1995,IC50,B,1
JVFWMCDLDRFBQK-UIOOFZCWSA-N,CN(Cc1ccccc1)C(=O)[C@H](Cc1ccccc1)NC(=O)[C@@H]1CCCN1C(=S)Nc1ccccc1,7.096910013008056,1,0.0,1998,1998,1998,Ki,B,1
MPBXDRLQKKQOEK-UHFFFAOYSA-N,CS(=O)(=O)N1CC2(CCN(C(=O)C(COCc3ccccc3)NCc3ccccc3)CC2)c2ccccc21,7.096910013008056,1,0.0,1998,1998,1998,IC50,B,1
LQRMREXDSWNGEJ-WIOPSUGQSA-N,CC(=O)N1CCC(C(=O)N2CC[C@@H](N(C)C(=O)c3ccc(C(F)(F)F)cc3)[C@H](c3ccc(Cl)c(Cl)c3)C2)CC1,7.096910013008056,1,0.0,2013,2013,2013,IC50,B,1
HCKQHXNWJMHBJT-NDEPHWFRSA-N,COc1ccccc1CN(C[C@H](Cc1c[nH]c2ccccc12)NC(=O)CN1CCN(C2CCCCC2)CC1)C(C)=O,7.092051478387727,1,0.0,1996,1996,1996,IC50,B,1
GRYTVECEMJBDQH-OJZPPULMSA-N,CCO/N=C(\COCc1cc(C(F)(F)F)cc(C(F)(F)F)c1)C(CCN1CCC(O)(c2ccccc2)CC1)c1ccc(Cl)c(Cl)c1,7.0915149811213505,1,0.0,2002,2002,2002,Ki,B,1
SGSRPJMSWTTYSL-JFXHSDHMSA-N,CO/N=C(\COc1cc(C(F)(F)F)cc(C(F)(F)F)c1)C(CCN1CCC(O)(c2ccccc2)CC1)c1ccc(Cl)c(Cl)c1,7.0915149811213505,1,0.0,2002,2002,2002,Ki,B,1
HXDFCVUEFGABQU-UHFFFAOYSA-N,O=C(Cc1cc(C(F)(F)F)cc(C(F)(F)F)c1)NCC(Cc1ccccc1)N1CCC(N2CCCCC2)CC1,7.0915149811213505,1,0.0,2000,2000,2000,IC50,B,1
PMBHLZSZNBTXHZ-GDLZYMKVSA-N,Cc1cc(C)cc(COC[C@@H](Nc2ccccc2)C(c2ccccc2)c2ccccc2)c1,7.090016305060156,1,0.0,1998,1998,1998,IC50,B,1
CMVXFHWNHDMDCR-UHFFFAOYSA-N,COc1ccccc1-c1[nH]c2ccc(C)cc2c1CCC(=O)N1CCN(c2ccccc2OC)CC1,7.086186147616283,1,0.0,2001,2001,2001,IC50,B,1
OEIBCTIWBPBZIV-QRRGNZNSSA-N,Fc1ccc(C2CCN([C@H]3CC[C@@](CNCc4cc(C(F)(F)F)cc(C(F)(F)F)c4)(c4ccccc4)CC3)CC2)cc1,7.086186147616283,1,0.0,2002,2002,2002,IC50,B,1
JJKIBFLSCJUQHC-UHFFFAOYSA-N,Cc1cc(C)cc(COCC(NCc2ccccc2)C(c2ccccc2)c2ccccc2)c1,7.086186147616283,1,0.0,1994,1994,1994,IC50,B,1
CTKCHHDEEFCGOT-OJZPPULMSA-N,CO/N=C(\COCc1cc(C(F)(F)F)cc(C(F)(F)F)c1)C(CCN1CCN(CC(=O)N(C(C)C)C(C)C)CC1)c1ccc(Cl)c(Cl)c1,7.086186147616283,1,0.0,2000,2000,2000,Ki,B,1
RLOWWIPAZLWNRL-MLYMZAKTSA-N,CO/N=C(\COCc1cc(C(F)(F)F)cc(C(F)(F)F)c1)C(CCN1CCN(CC(=O)N2CCCCC2)CC1)c1ccc(Cl)c(Cl)c1,7.086186147616283,1,0.0,2000,2000,2000,Ki,B,1
FUQXMZQIUQTJPV-SJORKVTESA-N,FC(F)(F)c1cc(CO[C@@H]2OCCN[C@@H]2c2ccccc2)cc(C(F)(F)F)c1,7.082344999565469,2,0.2076107777470988,1996,1996,1996,IC50,B,1
IEUUCAURFSXHRZ-UHFFFAOYSA-N,CN(C)c1ccccc1CC(=O)N1CC2C(=O)CSC(c3ccccc3)(c3ccccc3)C2C1,7.080921907623926,1,0.0,1995,1995,1995,IC50,B,1
TVOGWRZXEVJDQP-UHFFFAOYSA-N,FC(F)(F)c1ccccc1COCC1(c2ccccc2)CCNCC1,7.075720713938118,1,0.0,1998,1998,1998,IC50,B,1
NAEMOVQWYAJZGQ-XUZZJYLKSA-N,CN(C(=O)c1ccc(Br)cc1)[C@@H]1CCN(C(=O)C2CCN(C(=O)CO)CC2)C[C@H]1c1ccc(Cl)c(Cl)c1,7.075720713938118,1,0.0,2013,2013,2013,IC50,B,1
FUQXMZQIUQTJPV-IRXDYDNUSA-N,FC(F)(F)c1cc(CO[C@@H]2OCCN[C@H]2c2ccccc2)cc(C(F)(F)F)c1,7.073029277059755,2,0.9167174452770587,1996,1996,1996,IC50,B,1
MZLDFRZRXWQSEX-CWOGUSIISA-N,C[C@@H](O)[C@@H]1NC(=O)[C@H](Cc2ccccc2)NC(=O)[C@@H](Cc2c[nH]c3ccccc23)NC(=O)[C@H](CCc2ccccc2)NC(=O)[C@@H]2CCCN2C(=O)[C@H](Cc2ccccc2)NC1=O,7.070581074285707,1,0.0,1996,1996,1996,IC50,B,1
GZXLERCNTYZOGB-OZIXAUCHSA-N,O=C(Cc1cc(C(F)(F)F)cc(C(F)(F)F)c1)N[C@]1(c2ccccc2)CC[C@@H](N2CCC(c3ccc(F)cc3)CC2)CC1,7.070581074285707,1,0.0,2002,2002,2002,IC50,B,1
MYNXKDZGXSJMTD-ICSRJNTNSA-N,O=C(O)CN1CCC[C@H](OCc2cc(C(F)(F)F)cc(C(F)(F)F)c2)[C@@H]1c1ccccc1,7.070581074285707,1,0.0,1995,1995,1995,IC50,B,1
YSNJFMSCCAMDGK-UHFFFAOYSA-N,CCN(Cc1ccccc1OC)CC(Cc1c[nH]c2ccccc12)NC(=O)CN1CCN(c2ccccc2)CC1,7.070581074285707,1,0.0,1996,1996,1996,IC50,B,1
OQKBUEOIKFHGHT-UHFFFAOYSA-N,N#Cc1ccccc1COC1C2CCN(CC2)C1C(c1ccccc1)c1ccccc1,7.0655015487564325,1,0.0,1995,1995,1995,IC50,B,1
ATMHFQDWDFHUDF-BBDDESMNSA-N,CN(C(=O)c1cc(C(F)(F)F)cc(C(F)(F)F)c1)[C@H](/C=C/C(=O)N[C@H]1CCCCNC1=O)Cc1ccc(Cl)cc1,7.0655015487564325,1,0.0,2000,2000,2000,IC50,B,1
JVHAYPAHYRTCJS-WVQMWBIHSA-N,COc1ccc(CN[C@H]2C3CCCN(CC3)[C@H]2C(c2ccccc2)c2ccccc2)c(OC)c1,7.06398920428479,1,0.0,1993,1993,1993,IC50,B,1
DQVKBCGJAWOSEV-UHFFFAOYSA-N,COc1ccccc1N1CCN(C(=O)CCc2c(-c3ccccc3)[nH]c3ccc(F)cc23)CC1,7.060480747381382,1,0.0,2001,2001,2001,IC50,B,1
HIAXBDRRMRHHSX-FQEVSTJZSA-N,COC(=O)N[C@@H](Cc1c[nH]c2ccccc12)C(=O)OCc1cc(C)cc(C)c1,7.060480747381382,1,0.0,1994,1994,1994,IC50,B,1
ULQXWFRAVJRTJG-RZZCCWGQSA-N,FC(F)(F)c1cc(C2OC2[C@@H]2OCCN[C@@H]2c2ccccc2)cc(C(F)(F)F)c1,7.060480747381382,1,0.0,1994,1994,1994,IC50,B,1
LMBAHIQQWBYSQP-UHFFFAOYSA-N,CS(=O)(=O)N1CC2(CCN(C(=O)C(COCc3ccccc3)NS(=O)(=O)c3ccc(Cl)c(Cl)c3)CC2)c2ccccc21,7.055517327849831,1,0.0,1998,1998,1998,IC50,B,1
YCKGYBKNGJMRLV-UHFFFAOYSA-N,COc1ccccc1N1CCN(C(=O)CCc2c(-c3ccccc3Br)[nH]c3ccc(C)cc23)CC1,7.050609993355087,1,0.0,2001,2001,2001,IC50,B,1
OEVUUUYSUGCHHG-KRWDZBQOSA-N,O=C1NC[C@](COCc2cc(C(F)(F)F)cc(C(F)(F)F)c2)(c2ccc(F)cc2)N1,7.050609993355087,1,0.0,2006,2006,2006,Ki,B,1
LEPMWVSFBIGRRP-UHFFFAOYSA-N,Fc1ccc(C(COCc2cc(C(F)(F)F)cc(C(F)(F)F)c2)N2CCNCC2)cc1,7.050007718725304,2,0.07072159404466463,2002,2003,2002,IC50;Ki,B,2
DKZNWZVQLFXZER-YRMIJQASSA-N,CCCC[C@@H]1NC(=O)[C@H](Cc2ccccc2)NC(=O)CNC(=O)[C@@H](NC(=O)[C@@H](N)Cc2ccc(O)cc2)C(C)(C)SSC(C)(C)[C@H](C(=O)N2CCC[C@H]2C(=O)N[C@@H](CC(C)C)C(=O)N[C@@H](Cc2c[nH]c3ccccc23)C(=O)NCc2cc(C(F)(F)F)cc(C(F)(F)F)c2)NC(=O)[C@@H]2CCCN2C1=O,7.049568019342976,2,0.2539644277113832,2010,2010,2010,IC50;Ki,B,1
VWWCVKHTTUEFDI-UHFFFAOYSA-N,COc1cc(COCC2(c3ccccc3)CCNCC2)cc(OC)c1,7.045757490560675,1,0.0,1998,1998,1998,IC50,B,1
IIVSOKLGSZAKGE-UHFFFAOYSA-N,Cc1nc(Cl)cc(-c2ccccc2)c1C(=O)N(C)Cc1cc(C(F)(F)F)cc(C(F)(F)F)c1,7.040958607678906,1,0.0,2011,2011,2011,IC50,B,1
WFWJOZNEVLNHAC-MHZLTWQESA-N,Cc1cc(C)cc(C(=O)N2CCN(C(=O)CNC3CCN(Cc4ncc[nH]4)CC3)[C@H](c3ccc(Cl)c(Cl)c3)C2)c1,7.036212172654444,1,0.0,2002,2002,2002,Ki,B,1
DUJCBRGUNYAAHY-OJZPPULMSA-N,CO/N=C(\CCCc1cc(C(F)(F)F)cc(C(F)(F)F)c1)C(CCN1CCC(O)(c2ccccc2)CC1)c1ccc(Cl)c(Cl)c1,7.036212172654444,1,0.0,2002,2002,2002,Ki,B,1
PFTLOBQREFSYPO-IZZNHLLZSA-N,COc1cc(OC)cc(C(=O)N2CC[C@H](NCc3ccnc4ccccc34)C[C@H]2Cc2ccccc2)c1,7.036212172654444,1,0.0,1996,1996,1996,IC50,B,1
LBBONNCWIYRZAZ-UHFFFAOYSA-N,Cc1cc(C)cc(COCC(N)C2c3ccccc3CCc3ccccc32)c1,7.031517051446065,1,0.0,1994,1994,1994,IC50,B,1
CWSRCSCGTHQTFM-UHFFFAOYSA-N,Fc1ccccc1COC1C2CCN(CC2)C1C(c1ccccc1)c1ccccc1,7.031517051446065,1,0.0,1995,1995,1995,IC50,B,1
YYLWLQSLLOQPBL-UHFFFAOYSA-N,O=C(c1ccccc1)N1CCN(C(=O)CNC2CCN(Cc3ccccc3)CC2)C(c2ccc(Cl)c(Cl)c2)C1,7.031517051446065,1,0.0,2002,2002,2002,Ki,B,1
ACHPJPBOPKYSRD-UHFFFAOYSA-N,Cc1cc(C)cc(COCC(NCC2CC2)C(c2ccccc2)c2ccccc2)c1,7.031517051446065,1,0.0,1994,1994,1994,IC50,B,1
HGPMXNZOBKZRFR-KPZWWZAWSA-N,C[C@H](OC[C@@]1(c2ccccc2)CNC(=O)N1)c1cc(C(F)(F)F)cc(C(F)(F)F)c1,7.031517051446065,1,0.0,2006,2006,2006,Ki,B,1
SHMJWPYNUXOKLF-KTZMUZOWSA-N,Clc1cncc(Cl)c1N/N=C/c1ccccc1-c1c(Cl)cccc1Cl,7.031517051446065,1,0.0,2006,2006,2006,Ki,B,1
FSZGNLAQHDTJEJ-UHFFFAOYSA-N,FC(F)(F)c1cc(COCC2(c3ccccc3)CCC(N3CCCCC3)CC2)cc(C(F)(F)F)c1,7.031517051446065,1,0.0,2014,2014,2014,IC50,B,1
WDSJGLRGQYNOEF-MGSBGFIHSA-N,C[C@H](O)[C@@H]1NC(=O)[C@H](Cc2ccccc2)NC(=O)[C@@H](Cc2c[nH]c3ccccc23)NC(=O)[C@H](Cc2ccccc2)NC(=O)[C@@H]2CCCN2C(=O)[C@H](Cc2ccccc2)NC1=O,7.022276394711152,1,0.0,1996,1996,1996,IC50,B,1
DEBQWXDHKUFHDT-UHFFFAOYSA-N,COc1ccccc1N1CCN(C(=O)CCc2c(-c3ccc(Cl)cc3)n(Cc3ccccc3)c3ccc(Cl)cc23)CC1,7.017728766960431,1,0.0,2001,2001,2001,IC50,B,1
DZORGIJHDLMMAP-DMFHDPHMSA-N,CO/N=C(\COCc1cc(F)cc(C(F)(F)F)c1)C(CCN1CCC(O)(c2ccccc2)CC1)c1ccc(Cl)c(Cl)c1,7.017728766960431,1,0.0,2002,2002,2002,Ki,B,1
JOSUEJRRQNCMDZ-UHFFFAOYSA-N,O=C1CCN(Cc2ccccc2)CC1C(c1ccccc1)c1ccccc1,7.013228265733755,1,0.0,2011,2011,2011,IC50,B,1
KEABBCJDBHTNKY-UHFFFAOYSA-N,O=C1CCN(Cc2ccccc2)CC1C(c1ccc(F)cc1)c1ccc(F)cc1,7.013228265733755,1,0.0,2011,2011,2011,IC50,B,1
XSUBYFZEWIMHTL-UHFFFAOYSA-N,O=C1CCN(Cc2ccccc2)CC1C(c1ccc(Cl)cc1)c1ccc(Cl)cc1,7.013228265733755,1,0.0,2011,2011,2011,IC50,B,1
SCGIBCYMCCJYLO-WENCNXQZSA-N,COc1ccc(COC(=O)N[C@](C)(Cc2c[nH]c3ccccc23)C(=O)N[C@@H](C)c2ccccc2)cc1OC,7.010016541698601,1,0.0,1995,1995,1995,IC50,B,1
NHXYSAFTNPANFK-HDMCBQFHSA-N,CSCC[C@H](NC(=O)[C@H](CC(C)C)NC(=O)CNC(=O)[C@@H](NC(=O)[C@H](Cc1ccccc1)NC(=O)[C@H](Cc1ccccc1)NC(=O)[C@H](CC(=O)O)NC(=O)[C@H](Cc1c[nH]cn1)NC(=O)[C@H](CCSC)NC(=O)[C@@H](N)CC(=O)O)C(C)C)C(N)=O,7.008773924307505,3,0.4098549853200608,1996,2015,1996,IC50;Ki,B,3
QTBWRBOKUGQAPL-UHFFFAOYSA-N,Cc1nccc(-c2ccccc2)c1C(=O)N(C)Cc1cc(C(F)(F)F)cc(C(F)(F)F)c1,7.008773924307505,1,0.0,2011,2011,2011,IC50,B,1
QRJPLDUCXKIQHR-MVGXFMOLSA-N,Fc1ccc([C@@H]2NCCOC23COC[C@H](c2ccccc2)C3)cc1,7.00436480540245,1,0.0,2002,2002,2002,IC50,B,1
SKFQAUXRVOPVSQ-UHFFFAOYSA-N,CC(C)(C)c1cc(COCC(c2ccccc2)N2CCNCC2)cc(C(C)(C)C)c1,7.0,2,0.0,2002,2003,2002,IC50;Ki,B,2
CWHYCZQXHMPNPS-UHFFFAOYSA-N,Clc1ccc(COCC(c2ccccc2)N2CCNCC2)cc1Cl,7.0,1,0.0,2003,2003,2003,Ki,B,1
SCPYGOGAZGCOKB-XVDWRUNBSA-N,C=CCO/N=C(\COCc1cc(C(F)(F)F)cc(C(F)(F)F)c1)C(CCN1CCC(O)(c2ccccc2)CC1)c1ccc(Cl)c(Cl)c1,7.0,1,0.0,2002,2002,2002,Ki,B,1
WAKWRTKDSYUGIM-JJNGWGCYSA-N,CO/N=C(\COCc1noc(C(C)(C)C)n1)C(CCN1CCC(O)(c2ccccc2)CC1)c1ccc(Cl)c(Cl)c1,7.0,1,0.0,2002,2002,2002,Ki,B,1
QROSISYERPCHRH-UHFFFAOYSA-N,O=C(COc1cc(Cl)cc(Cl)c1)N(c1ccc(Cl)c(Cl)c1)C1CCNCC1,7.0,1,0.0,2002,2002,2002,IC50,B,1
YVQFPSIMOIWTLC-UHFFFAOYSA-N,Cc1cc(C)cc(OCC(=O)N(Cc2cccc(Cl)c2)C2CCNCC2)c1,7.0,1,0.0,2002,2002,2002,IC50,B,1
NZOFVPRTCOQCBG-UHFFFAOYSA-N,O=C(CCc1cc(C(F)(F)F)cc(C(F)(F)F)c1)N(Cc1ccccc1Cl)C1CCNCC1,7.0,1,0.0,2002,2002,2002,IC50,B,1
MYRGTFCDJGLONZ-UHFFFAOYSA-N,CS(=O)(=O)N1CC2(CCN(C(=O)C(COCc3ccccc3)NCc3ccc(Cl)cc3Cl)CC2)c2ccccc21,7.0,1,0.0,1998,1998,1998,IC50,B,1
KSIYBSXQXIYYRN-WUFINQPMSA-N,Cc1cc(C)cc(C(=O)N2CC[C@H](NCc3ccnc4ccccc34)C[C@H]2Cc2ccc(C(N)=O)cc2)c1,7.0,1,0.0,1996,1996,1996,IC50,B,1
YJFJARHPWLIXRW-UHFFFAOYSA-N,O=C1CCC(CCN2CC(N3CCOCC3)C2)(c2ccc(Cl)c(Cl)c2)CN1Cc1ccncc1,7.0,1,0.0,2002,2002,2002,Kd,B,1
ALNKYQMLZWZRGR-LRAUYJCASA-N,COC(=O)n1cc(C[C@@H](NC(=O)C[C@@H]2NC(=O)[C@@H]3C4CCC(CC4)N3C2=O)C(=O)N[C@@H](Cc2ccccc2)C(=O)N(C)Cc2ccccc2)c2ccccc21,7.0,1,0.0,1993,1993,1993,Kd,F,1
TZYWVNRQPJYYMS-RCCFBDPRSA-N,N[C@H]1CC[C@@H](OCc2cc(C(F)(F)F)cc(C(F)(F)F)c2)[C@@H]1c1ccccc1,7.0,1,0.0,2006,2006,2006,IC50,B,1
AWLKNBWKVMBAKT-FDXPNMITSA-N,CC(C)C[C@H](NC(=O)[C@@H]1CCCN1C(=O)[C@H](Cc1ccccc1)NC(=O)CNC(=O)[C@@H](C)NC(=O)[C@@H](N)Cc1ccc(O)cc1)C(=O)N[C@@H](Cc1c[nH]c2ccccc12)C(=O)OCc1ccccc1,7.0,1,0.0,2008,2008,2008,Ki,B,1
YQFOLIIAPDJRBR-NRFANRHFSA-N,CC(C)(C(=O)N[C@H](C(=O)NCCN1CCOCC1)c1ccccc1)c1cc(C(F)(F)F)cc(C(F)(F)F)c1,7.0,1,0.0,2014,2014,2014,Ki,B,1
QHFKTCIVKDSYGB-UHFFFAOYSA-N,COc1ccccc1N1CCN(C(=O)CCc2c(-c3ccc(Cl)cc3)n(CC3CC3)c3ccc(Cl)cc23)CC1,6.987162775294828,1,0.0,2001,2001,2001,IC50,B,1
JOTMNMNWQYWMOE-UHFFFAOYSA-N,FC(F)(F)c1cc(COC2C3CCN(CC3)C2Cc2ccccc2)cc(C(F)(F)F)c1,6.987162775294828,1,0.0,1995,1995,1995,IC50,B,1
MPQNAZQWGVSYGU-FQEVSTJZSA-N,CNC(=O)N[C@@H](Cc1c[nH]c2ccccc12)C(=O)OCc1cc(C)cc(C)c1,6.987162775294828,2,0.0,1994,1998,1996,IC50,B,2
RNRVUYGVIOJTMN-CMXZEOLJSA-N,CN(C)CCO/N=C(\COCc1cc(C(F)(F)F)cc(C(F)(F)F)c1)C(CCN1CCC(O)(c2ccccc2)CC1)c1ccc(Cl)c(Cl)c1,6.987162775294828,1,0.0,2002,2002,2002,Ki,B,1
HLIHPODCOYBKPV-XZDKCQRISA-N,CN(Cc1ccccc1)C(=O)[C@H](Cc1ccccc1)NC(=O)[C@@H](Cc1cn(C(=O)CCC(=O)O)c2ccccc12)NC(=O)C[C@@H]1NC(=O)[C@@H]2C3CCC(CC3)N2C1=O,6.985294920370512,2,0.12061283554950897,1993,1993,1993,IC50;Kd,B;F,1
PKFHCOCRXHWTGR-UHFFFAOYSA-N,Fc1ccc(F)c(COC2C3CCN(CC3)C2C(c2ccccc2)c2ccccc2)c1,6.97469413473523,1,0.0,1995,1995,1995,IC50,B,1
XSUZGCYNKOVZIW-UHFFFAOYSA-N,Cc1cc(C)cc(COC2C3CCN(CC3)C2Cc2ccccc2)c1,6.97061622231479,1,0.0,1995,1995,1995,IC50,B,1
GUUBAKCFURYWAZ-UHFFFAOYSA-N,COc1cccc(C(=O)N2CCC(CCN3CCC(C(N)=O)(c4ccccc4)CC3)(c3ccc(Cl)c(Cl)c3)C2)c1,6.97061622231479,1,0.0,1996,1996,1996,IC50,B,1
FEYZOHQAXQSELX-UHFFFAOYSA-N,N#Cc1cccc(CN2CCC3(CC2)NC(=O)N(Cc2cc(C(F)(F)F)cc(C(F)(F)F)c2)C3=O)c1,6.970007824622153,1,0.0,2002,2002,2002,Ki,B,1
HPPQGIFLKZFURI-UHFFFAOYSA-N,O=C(c1ccccc1)N1CCCC(CCCN2CCC3(CC2)CN(c2ccccc2)NC3=O)(c2ccc(Cl)c(Cl)c2)C1,6.96657624451305,1,0.0,1998,1998,1998,IC50,B,1
TTZWDLZPHOQUAU-MRXNPFEDSA-N,Cc1ccc(-c2c(C(=O)N(C)[C@H](C)c3cc(C(F)(F)F)cc(C(F)(F)F)c3)n(C)c(=O)c3ncccc23)cc1,6.964427354774458,2,1.0703037566727143,1998,1998,1998,IC50,B,1
QWYVYTAMNCYSJR-UHFFFAOYSA-N,O=C(CN(N1CCC(Cc2ccccc2)CC1)N1CCC(Cc2ccccc2)CC1)N1CCN(Cc2cc(C(F)(F)F)cc(C(F)(F)F)c2)CC1c1ccc(Cl)c(Cl)c1,6.958607314841775,1,0.0,2002,2002,2002,Ki,B,1
ZNUJWZLCROWJAJ-UHFFFAOYSA-N,c1ccc(COC2C3CCN(CC3)C2C(c2ccccc2)c2ccccc2)cc1,6.958607314841775,1,0.0,1995,1995,1995,IC50,B,1
MPJPTFGPWWVQDW-NIEAOCCZSA-N,CN(C(=O)[C@@H]1CCCN1C(=O)[C@H](Cc1ccccc1)NC(=O)[C@H](Cc1ccccc1)NC(=O)[C@H](CCC(N)=O)NC(=O)[C@H](CCC(N)=O)NC(=O)[C@@H]1CCCN1C(=O)[C@H](CCCCN)NC(=O)[C@@H]1CCCN1C(=O)[C@@H](N)CCCN=C(N)N)[C@@H](Cc1ccccc1)C(=O)N[C@@H](Cc1c[nH]c2ccccc12)C(N)=O,6.958607314841775,1,0.0,1998,1998,1998,Ki,B,1
JFKWNUOGNLIQPF-DQEYMECFSA-N,FC(F)(F)c1cc(CO[C@H]2CCCN(Cc3ccccc3)[C@H]2c2ccccc2)cc(C(F)(F)F)c1,6.958607314841775,1,0.0,1995,1995,1995,IC50,B,1
RMDXBSYLFLAMKO-UHFFFAOYSA-N,COc1ccc(OC)c(C(CNC(=O)Cc2cc(C(F)(F)F)cc(C(F)(F)F)c2)N2CCC(N3CCCCC3)CC2)c1,6.958607314841775,1,0.0,2000,2000,2000,IC50,B,1
LJBCIXPCSZGZAS-UHFFFAOYSA-N,CN(Cc1ccccc1)C(=O)Nc1c(-c2ccccc2)c2ccccc2c(=O)n1C,6.958607314841775,1,0.0,1995,1995,1995,IC50,B,1
ZLHJSSWGGGILPU-UHFFFAOYSA-N,CN(Cc1c(-c2ccccc2)c2ccccc2c(=O)n1C)C(=O)Cc1cc(C(F)(F)F)cc(C(F)(F)F)c1,6.958607314841775,1,0.0,1995,1995,1995,IC50,B,1
BENBCXADYMWEMA-WUFINQPMSA-N,O=C(c1cccc2ccccc12)N1CC[C@H](NCc2ccnc3ccccc23)C[C@H]1Cc1ccccc1,6.958607314841775,1,0.0,1996,1996,1996,IC50,B,1
FVMGZIMTEZPJGA-NRFANRHFSA-N,CN1CCCC[C@](COCc2cc(C(F)(F)F)cc(C(F)(F)F)c2)(c2ccccc2)C1,6.958607314841775,1,0.0,2013,2013,2013,IC50,B,1
RMHALYQZHFLFFL-UHFFFAOYSA-N,COc1cc(C(=O)N2CCN(C(=O)CNC3CCN(Cc4ccccc4)CC3)C(c3ccc(Cl)c(Cl)c3)C2)cc(OC)c1OC,6.950781977329818,1,0.0,2002,2002,2002,Ki,B,1
CZKGDOSGTYYTHQ-HOGWAELTSA-N,CO/N=C(\COCc1cc(C(F)(F)F)cc(C(F)(F)F)c1)C(CCN1CCC(CNC(=O)c2ccccc2)CC1)c1ccc(Cl)c(Cl)c1,6.950781977329818,1,0.0,2001,2001,2001,Ki,B,1
MSHMIWQGNLOUQO-UHFFFAOYSA-N,O=C(CC(c1ccccc1)c1ccccc1)NCCc1cc(C(F)(F)F)cc(C(F)(F)F)c1,6.950781977329818,1,0.0,1996,1996,1996,IC50,B,1
VFYXFXCGTLUNJI-OZMGXUMRSA-N,CO/N=C(\COCc1cc(F)cc(F)c1)C(CCN1CCC(O)(c2ccccc2)CC1)c1ccc(Cl)c(Cl)c1,6.94692155651658,1,0.0,2002,2002,2002,Ki,B,1
JBKANADLNPFWIK-XVDWRUNBSA-N,CO/N=C(\COCc1cc(C(F)(F)F)cc(C(F)(F)F)c1)C(CCN1CCN(CC(=O)N(C)C2CCCCC2)CC1)c1ccc(Cl)c(Cl)c1,6.94692155651658,1,0.0,2000,2000,2000,Ki,B,1
BPOQFKGJPSWXDH-UHFFFAOYSA-N,CN(CC(c1ccccc1)c1ccccc1)C(=O)Cc1cc(C(F)(F)F)cc(C(F)(F)F)c1,6.943095148663527,1,0.0,1996,1996,1996,IC50,B,1
CSMJUMNULRHYRY-PJJLUWSFSA-N,CO/N=C(\COCc1ccccn1)C(CCN1CCC(O)(c2ccccc2)CC1)c1ccc(Cl)c(Cl)c1,6.939302159646388,1,0.0,2002,2002,2002,Ki,B,1
DIISULLEIDDLEJ-XVDWRUNBSA-N,CCOC(=O)C1CCCN(C2CCN(CCC(/C(COCc3cc(C(F)(F)F)cc(C(F)(F)F)c3)=N/OC)c3ccc(Cl)c(Cl)c3)CC2)C1,6.931814138253838,1,0.0,2001,2001,2001,Ki,B,1
AKYTXQMNKDSGBV-MTLCXYRFSA-N,COc1ccc(C(O)C2NC(=O)CNC(=O)[C@H](C(C)C)NC(=O)CNC(=O)[C@@H]3CCCN3C(=O)[C@@H](Cc3c[nH]c4ccccc34)NC(=O)CNC2=O)cc1CC=C(C)C,6.920818753952375,1,0.0,1994,1994,1994,Ki,B,1
DSJWALPDJGTOER-PQVVEJPOSA-N,CCC(C)Cc1cc(C(O)C2NC(=O)CNC(=O)[C@H](C(C)C)NC(=O)CNC(=O)[C@@H]3CCCN3C(=O)[C@@H](Cc3c[nH]c4ccccc34)NC(=O)CNC2=O)ccc1OC,6.920818753952375,1,0.0,1994,1994,1994,Ki,B,1
SKAYGFFLRFARDX-OZIXAUCHSA-N,O=C(OC[C@]1(c2ccccc2)CC[C@H](N2CCC(c3ccc(F)cc3)CC2)CC1)c1cc(C(F)(F)F)cc(C(F)(F)F)c1,6.920818753952375,1,0.0,2002,2002,2002,IC50,B,1
TYPXYFPMCYFYRE-UHFFFAOYSA-N,CS(=O)(=O)N1CC2(CCN(C(=O)C(COCc3ccccc3)NCc3cccc([N+](=O)[O-])c3)CC2)c2ccccc21,6.920818753952375,1,0.0,1998,1998,1998,IC50,B,1
OQEVMUXLFSRYRW-UHFFFAOYSA-N,CCOC(=O)N(c1ccccc1)C1CCN(CCn2c(=O)n(C3CC3)c3ccccc32)CC1,6.920818753952375,1,0.0,2013,2013,2013,Ki,B,1
VWZHCBREEQMVBW-UHFFFAOYSA-N,CN1CCN(C2CCC(COCc3cc(C(F)(F)F)cc(C(F)(F)F)c3)(c3ccccc3)CC2)CC1,6.920818753952375,1,0.0,2014,2014,2014,IC50,B,1
SWXZYYXRVNVSHO-UHFFFAOYSA-N,FC(F)(F)c1cc(COCC2(c3ccccc3)CCC(N3CCCC3)CC2)cc(C(F)(F)F)c1,6.920818753952375,1,0.0,2014,2014,2014,IC50,B,1
NJOQPAMAVXHDLC-UHFFFAOYSA-N,CN(C(=O)CC(c1ccccc1)c1ccccc1)c1cc(C(F)(F)F)cc(C(F)(F)F)c1,6.91721462968355,1,0.0,1996,1996,1996,IC50,B,1
QEQMAEXQVGXASS-QFIPXVFZSA-N,Cc1cc(C)cc(COC(=O)[C@H](Cc2c[nH]c3ccccc23)[N+](C)(C)C)c1,6.903089986991944,2,0.0,1993,1994,1993,IC50,B,2
KLFRSZNXCXNAGN-YTRKXGHFSA-N,CO/N=C(\COCc1cc(C(F)(F)F)cc(C(F)(F)F)c1)C(CCN1CCN(CC(=O)N2CCc3ccccc3C2)CC1)c1ccc(Cl)c(Cl)c1,6.903089986991944,1,0.0,2000,2000,2000,Ki,B,1
QKYWAGUMOSICDJ-BJSJXSMNSA-N,CO/N=C(\COCc1cc(C(F)(F)F)cc(C(F)(F)F)c1)C(CCN1CCN(CC(=O)Nc2ccccc2)CC1)c1ccc(Cl)c(Cl)c1,6.903089986991944,1,0.0,2000,2000,2000,Ki,B,1
XZQROZSCHKOGLE-UHFFFAOYSA-N,COc1cc(COCC(c2ccccc2)N2CCNCC2)cc(OC)c1OC,6.900008766455316,1,0.0,2003,2003,2003,Ki,B,1
QRSRJIUBJHILGQ-UHFFFAOYSA-N,O=C(COc1cc(C(F)(F)F)cc(C(F)(F)F)c1)N(Cc1ccccc1Cl)C1CCNCC1,6.900008766455316,1,0.0,2002,2002,2002,IC50,B,1
YARGTUMTNIPBSX-UHFFFAOYSA-N,O=C(COc1cc(Cl)cc(Cl)c1)N(Cc1cccc(Cl)c1)C1CCNCC1,6.900008766455316,1,0.0,2002,2002,2002,IC50,B,1
BYKVRDYRZVKOEH-UHFFFAOYSA-N,Fc1ccc(CN(CCCc2cc(C(F)(F)F)cc(C(F)(F)F)c2)C2CCNCC2)cc1,6.900008766455316,1,0.0,2002,2002,2002,IC50,B,1
LNXGWXIKJNGNOY-POLDFPFKSA-N,CN(Cc1ccccc1)C(=O)[C@H](Cc1ccccc1)NC(=O)[C@@H]1CCCC[C@@H]1NC(=O)c1c[nH]c2ccccc12,6.900008766455316,1,0.0,1998,1998,1998,IC50,B,1
WTELPNFACFRVBF-NLRIABGZSA-N,CN(Cc1ccccc1)C(=O)[C@H](Cc1ccccc1)NC(=O)[C@@H](Cc1cn(C(=O)OC(C)(C)C)c2ccccc12)NC(=O)C[C@@H]1NC(=O)[C@@H]2C3CCC(CC3)N2C1=O,6.900008766455316,1,0.0,1993,1993,1993,Kd,F,1
FKXMTDOSYPOSDS-QJMCPCMJSA-N,O=C1C[C@@H](NC(=O)CN2CCC(N3CCOCC3)CC2)C(=O)NC[C@@H](Cc2ccccc2)NC(=O)[C@H](Cc2ccccc2)NC(=O)[C@H](Cc2c[nH]c3ccccc23)N1,6.900008766455316,1,0.0,2004,2004,2004,Ki,B,1
MWDXBYJLZWXDHC-NEEKEDPPSA-N,CN1C(=O)OC2(CCN(CC[C@@H](C(=O)N(C)[C@@H](Cc3ccccc3)C(=O)NCCN)c3ccc(Cl)c(Cl)c3)CC2)c2cc(F)ccc21,6.900008766455316,1,0.0,2014,2014,2014,Ki,B,1
JCWDFVQRQXWEJE-ZBWWXOROSA-N,CN1C(=O)OC2(CCN(CC[C@@](C)(C(=O)N[C@@H](Cc3ccccc3)C(=O)NCCN)c3ccc(Cl)c(Cl)c3)CC2)c2cc(F)ccc21,6.900008766455316,1,0.0,2014,2014,2014,Ki,B,1
NRAXLCFQSOWEAL-UHFFFAOYSA-N,CC(=O)N(CCc1ccccc1)CC(Cc1c[nH]c2ccccc12)NC(=O)CN1CCN(c2ccccc2)CC1,6.899629454882437,1,0.0,1996,1996,1996,IC50,B,1
UTAKSYGAZXEURO-UHFFFAOYSA-N,N#Cc1cccc(COC2C3CCN(CC3)C2C(c2ccccc2)c2ccccc2)c1,6.896196279044043,1,0.0,1995,1995,1995,IC50,B,1
DJQNAWVRMSVHNZ-UHFFFAOYSA-N,COc1ccc(C(=O)N2CCC(CCN3CCC(C(N)=O)(c4ccccc4)CC3)(c3ccc(Cl)c(Cl)c3)C2)c(OC)c1,6.896196279044043,1,0.0,1996,1996,1996,IC50,B,1
UVQRCXCXWPXVHU-LLWOIICTSA-N,CN(Cc1ccccc1)C(=O)[C@H](Cc1ccccc1)NC(=O)[C@@H](Cc1c[nH]c2ccccc12)NC(=O)C[C@@H]1NC(=O)[C@@H]2C3CCC(CC3)N2C1=O,6.891258027893047,2,0.15378437175285023,1993,1993,1993,IC50;Kd,B;F,1
HTLSINNHNFLIHS-DWFNGTSHSA-N,Cc1cc(C)cc(CO[C@@H]2/C(=C\c3ccccc3)N3CCC2CC3)c1,6.890016705180107,1,0.0,1998,1998,1998,IC50,B,1
HTLSINNHNFLIHS-PXLXIMEGSA-N,Cc1cc(C)cc(COC2/C(=C\c3ccccc3)N3CCC2CC3)c1,6.889410289700751,3,0.4009827451894123,1995,1995,1995,IC50,B,2
OCZZSQRGBFEJLE-SANMLTNESA-N,CCCCCN(CCCCC)C(=O)N1CCN(C(=O)N(c2ccccc2)c2ccccc2)[C@H](C(=O)O)C1,6.886056647693163,2,0.0,1993,1995,1994,IC50,B,2
PNEOTEPFOGNDKN-UHFFFAOYSA-N,O=C(NCc1cc(C(F)(F)F)cc(C(F)(F)F)c1)C1(c2ccccc2)CCNCC1,6.886056647693163,1,0.0,2002,2002,2002,IC50,B,1
HWAOAHKCJZNXSB-UHFFFAOYSA-N,COc1ccccc1C(CNC(=O)Cc1cc(C(F)(F)F)cc(C(F)(F)F)c1)N1CCC(O)(c2ccccc2)CC1,6.886056647693163,1,0.0,2000,2000,2000,IC50,B,1
IFHAMYMAFCZVIW-UHFFFAOYSA-N,COc1ccccc1C(CNC(=O)Cc1cccc(OC(C)C)c1)N1CCN(C2CCCCC2)CC1,6.886056647693163,1,0.0,2000,2000,2000,IC50,B,1
UDONPFJJAMEMDG-UHFFFAOYSA-N,O=C(Cc1cc(C(F)(F)F)cc(C(F)(F)F)c1)NCC(C(c1ccccc1)c1ccccc1)N1CCC(N2CCCCC2)CC1,6.886056647693163,1,0.0,2000,2000,2000,IC50,B,1
WQZUOBIIPDZRJP-IZLXSDGUSA-N,Cc1cc(C)cc(C(=O)N2CC[C@@H](NCc3ccnc4ccccc34)C[C@@H]2Cc2ccccc2)c1,6.886056647693163,3,0.4185245232199067,1996,1997,1996,IC50,B,2
VEDXOPSEGUKALQ-GOSISDBHSA-N,Cc1ccc(-c2c(C(=O)N(C)[C@H](C)c3ccccc3)n(C)c(=O)c3ncccc23)cc1,6.886056647693163,1,0.0,1998,1998,1998,IC50,B,1
DGLDUQZIRFLLRH-QVWWMRLHSA-N,CC(=O)NC1(c2ccccc2)CCN(C[C@@H]2C[C@@]2(C(=O)N(C)Cc2ccccc2)c2ccc(Cl)c(Cl)c2)CC1,6.886056647693163,1,0.0,2011,2011,2011,Ki,B,1
CSVWVGRJWUUHQN-LRAUYJCASA-N,CN(Cc1ccccc1)C(=O)[C@H](Cc1ccccc1)NC(=O)[C@@H](Cc1cn(C=O)c2ccccc12)NC(=O)C[C@@H]1NC(=O)[C@@H]2C3CCC(CC3)N2C1=O,6.883801586062669,2,0.5427817471504458,1993,1993,1993,IC50;Kd,B;F,1
XIGHZNHNNBLSRB-UHFFFAOYSA-N,CSc1ccc(N2C(=O)NC3(CCN(C(=O)c4cc(C(F)(F)F)cc(C(F)(F)F)c4)CC3)C2=O)cc1,6.879985747921933,1,0.0,2002,2002,2002,Ki,B,1
LCSNDNCRMYQLCV-QFIPXVFZSA-N,Cc1cc(C)cc(COC(=O)[C@H](Cc2c[nH]c3ccccc23)NC(=O)OC(C)(C)C)c1,6.876148359032914,2,0.0,1993,1994,1993,IC50,B,2
WJRYRJACQITXQC-LFPSWIHMSA-N,c1ccc([C@H]2COC3(CCCN[C@H]3c3ccccc3)C2)cc1,6.876148359032914,1,0.0,2002,2002,2002,IC50,B,1
IAPWULQKEDSAGP-UHFFFAOYSA-N,CN1CCN(C(=O)CNC2CCN(Cc3ccccc3)CC2)C(c2ccccc2)C1,6.8696662315049934,1,0.0,2002,2002,2002,Ki,B,1
FLZLQTUCOOBCJP-QGZVFWFLSA-N,COc1cc(C)cc(COC[C@@H](N)c2ccccc2)c1,6.8696662315049934,1,0.0,1995,1995,1995,IC50,B,1
IORNNFZUEYOWBO-UHFFFAOYSA-N,O=C(Cc1cc(C(F)(F)F)cc(C(F)(F)F)c1)N1CCN(C(=O)CNC2CCN(Cc3ccccc3)CC2)C(c2ccccc2)C1,6.866461091629782,1,0.0,2002,2002,2002,Ki,B,1
GYVLRBXEOLZDJP-ZHPLTJAJSA-N,CO/N=C(\COCc1cc(C(F)(F)F)cc(C(F)(F)F)c1)C(CCN1CCN(CC(=O)N2CCCC3CCCCC32)CC1)c1ccc(Cl)c(Cl)c1,6.866461091629782,1,0.0,2000,2000,2000,Ki,B,1
KHVZJHSTPBSVMD-RRYCAANRSA-N,CO/N=C(\COCc1cc(C(F)(F)F)cc(C(F)(F)F)c1)C(CCN1CCN(CC(=O)NC2CCc3ccccc32)CC1)c1ccc(Cl)c(Cl)c1,6.866461091629782,1,0.0,2000,2000,2000,Ki,B,1
NYBRMXDKXYPGRK-DSPMFFIESA-N,Cc1cc(O)cc(C)c1C[C@H](N)C(=O)N[C@H](CCCNC(N)=O)C(=O)N[C@H]1Cc2ccccc2CN(CCC(=O)N(C)Cc2cc(C(F)(F)F)cc(C(F)(F)F)c2)C1=O,6.864835988962852,2,0.8412230685273913,2015,2015,2015,Kd;Ki,B,1
YJJKIQVHZFHYRR-QHCPKHFHSA-N,CC(=O)N[C@@H](Cc1ccc2ccccc2c1)C(=O)OCc1cc(C)cc(C)c1,6.860120913598763,1,0.0,1994,1994,1994,IC50,B,1
WBKRXYVTNUALQH-UHFFFAOYSA-N,CC(C)Oc1cccc(CC(=O)N2CCC(CCN3CCC(C(N)=O)(c4ccccc4)CC3)(c3ccc(Cl)c(Cl)c3)C2)c1,6.860120913598763,1,0.0,1996,1996,1996,IC50,B,1
RYKAAYFLCOHWCE-UHFFFAOYSA-N,O=C(c1cc(C(F)(F)F)cc(C(F)(F)F)c1)N1CCC2(CC1)NC(=O)N(Cc1cccc(-c3ccccc3)c1)C2=O,6.859995049380551,1,0.0,2002,2002,2002,Ki,B,1
SPOQEIILUHGCDB-OZIXAUCHSA-N,O=C(OCc1cc(C(F)(F)F)cc(C(F)(F)F)c1)[C@]1(c2ccccc2)CC[C@@H](N2CCC(c3ccc(F)cc3)CC2)CC1,6.853871964321762,1,0.0,2002,2002,2002,IC50,B,1
SIGYSNVKOFSFML-PMERELPUSA-N,CCCCCN(CCCCC)C(=O)N1CCN(C(=O)N(c2ccccc2)c2ccccc2)[C@H](C(=O)NCCNC(C)=O)C1,6.853871964321762,1,0.0,1993,1993,1993,IC50,B,1
QUSBTAHOOJMYRQ-VBMGMRCRSA-N,CO/N=C(\COCc1cccc(C)c1)C(CCN1CCC(O)(c2ccccc2)CC1)c1ccc(Cl)c(Cl)c1,6.853871964321762,1,0.0,2002,2002,2002,Ki,B,1
SSPQQLUIJSOEHH-UHFFFAOYSA-N,O=C(Cc1cc(C(F)(F)F)cc(C(F)(F)F)c1)NCC(c1ccc2c(c1)OCCO2)N1CCC(N2CCCCC2)CC1,6.853871964321762,1,0.0,2000,2000,2000,IC50,B,1
JTAYLPLPEXUFKU-FIRIVFDPSA-N,CN(Cc1ccccc1)C(=O)[C@@H](Cc1ccc2ccccc2c1)N(C)C(=O)[C@H]1CCCN1C(=O)Nc1ccccc1[N+](=O)[O-],6.853871964321762,1,0.0,1998,1998,1998,IC50,B,1
LNWVULAAXPQART-UHFFFAOYSA-N,Cc1cc2c(-c3ccccc3)c(NC(=O)NCc3ccccc3)n(C)c(=O)c2cc1C,6.853871964321762,1,0.0,1995,1995,1995,IC50,B,1
JUQHUETWINQXRD-SFTDATJTSA-N,COc1ccccc1CN[C@H]1C2CCN(CC2)[C@H]1c1ccccc1,6.853871964321762,1,0.0,1994,1994,1994,IC50,B,1
WYMUYTPWSDFTKB-XUZZJYLKSA-N,CN(C(=O)c1ccc(C(F)(F)F)cc1)[C@@H]1CCN(C(=O)C2CCN(C(=O)CO)CC2)C[C@H]1c1ccc(Cl)c(Cl)c1,6.853871964321762,1,0.0,2013,2013,2013,IC50,B,1
YQBJODHLZSHBFJ-PKHCJMHPSA-N,COc1ccc2oc(COC(=O)N[C@](C)(Cc3c[nH]c4ccccc34)C(=O)N[C@@H](C)c3ccccc3)cc2c1,6.850011543508524,1,0.0,1995,1995,1995,IC50,B,1
NPDDZRLANBKRMU-UXHICEINSA-N,CC(C)(C)OC(=O)N1C[C@H](C(=O)NCc2cc(C(F)(F)F)cc(C(F)(F)F)c2)[C@@H](c2ccccc2)C1,6.847711655616944,1,0.0,2007,2007,2007,IC50,B,1
AKWFEANKAWGNIH-XDFJSJKPSA-N,Cc1cc(C)cc(C(=O)N2CCN(C(=O)CNC3CCN(C(=O)[C@H](N)c4ccccc4)CC3)[C@H](c3ccc(Cl)c(Cl)c3)C2)c1,6.844663962534938,1,0.0,2002,2002,2002,Ki,B,1
YXQIBRFLGXEZFK-UHFFFAOYSA-N,O=C(NCc1cc(C(F)(F)F)cc(C(F)(F)F)c1)c1c(-c2ccccc2)c2ccccc2n2cncc12,6.835647144215563,1,0.0,2008,2008,2008,IC50,B,1
LWDCLJRUPQLVOT-UHFFFAOYSA-N,CC(=O)NC1(c2ccccc2)CCN(N(CC(=O)N2CCN(Cc3cc(C(F)(F)F)cc(C(F)(F)F)c3)CC2c2ccc(Cl)c(Cl)c2)N2CCC(NC(C)=O)(c3ccccc3)CC2)CC1,6.8297382846050425,1,0.0,2002,2002,2002,Ki,B,1
MTGQTFWECVYJBZ-UHFFFAOYSA-N,CCCCN(CC(Cc1c[nH]c2ccccc12)NC(=O)CN1CCN(c2ccccc2)CC1)C(C)=O,6.826813731587726,1,0.0,1996,1996,1996,IC50,B,1
XESWSTANEUBVSE-QBLDGPCBSA-N,NCCCCCOC[C@H]1O[C@@H](OCCc2c[nH]c3ccccc23)[C@H](OCc2ccccc2)[C@@H](OCc2ccccc2)[C@@H]1OCc1ccccc1,6.823908740944319,3,1.7047640610552781,1996,2003,2000,IC50;Ki,B,3
PIBKMDNTXVBQNJ-UHFFFAOYSA-N,Cc1ccccc1COC1C2CCN(CC2)C1C(c1ccccc1)c1ccccc1,6.823908740944319,1,0.0,1995,1995,1995,IC50,B,1
AKWHRBSVVQXNOP-UHFFFAOYSA-N,CNC(c1ccccc1)C1(NCc2ccccc2OC)CC1,6.823908740944319,1,0.0,2001,2001,2001,Ki,B,1
YCFJTEZSPZUZOJ-UHFFFAOYSA-N,Cc1ccc(C)c(COCC(N)C(c2ccccc2)c2ccccc2)c1,6.823908740944319,1,0.0,1994,1994,1994,IC50,B,1
MUTNKBJTTJGMMF-QBQHLJAFSA-N,C[C@H](NC(=O)[C@@](C)(Cc1c[nH]c2ccccc12)NC(=O)OC1CCc2ccccc2C1)c1ccccc1,6.819988880942283,1,0.0,1995,1995,1995,IC50,B,1
JMEKLKBPAWJBOV-UHFFFAOYSA-N,CC(=O)N(C)C1CCN(CCC(C)(C(=O)N(C)Cc2ccc(F)c(C(F)(F)F)c2)c2ccc(Cl)c(Cl)c2)CC1,6.818728228440539,1,0.0,2009,2009,2009,Ki,B,1
CJKYRASQASCQQD-UHFFFAOYSA-N,CS(=O)(=O)N1CC2(CCN(C(=O)C(COCc3ccccc3)NCc3cccc(C#N)c3)CC2)c2ccccc21,6.818156412055227,1,0.0,1998,1998,1998,IC50,B,1
ICBSQYXTXCHQCY-UHFFFAOYSA-N,CN1C(=O)N(Cc2cc(C(F)(F)F)cc(C(F)(F)F)c2)C(=O)C1Cc1c[nH]c2ccccc12,6.815308569182401,1,0.0,1995,1995,1995,IC50,B,1
JVGLPNAFXMQTND-QHCPKHFHSA-N,CC(=O)N[C@@H](Cc1cccc2ccccc12)C(=O)OCc1cc(C)cc(C)c1,6.815308569182401,1,0.0,1994,1994,1994,IC50,B,1
GNHUJOIJYZOGIY-UHFFFAOYSA-N,CS(=O)(=O)N1CC2(CCN(C(=O)C(COCc3ccccc3)NCc3cccc(Cl)c3Cl)CC2)c2ccccc21,6.815308569182401,1,0.0,1998,1998,1998,IC50,B,1
HSRXPFPQSJNQHE-FFYHKUAESA-N,CO/N=C(\CN(C(=O)c1cc(Cl)cc(Cl)c1)C1CC1)[C@H](CCN1CCC(n2c(O)nc3ccccc32)CC1)c1ccc(Cl)c(Cl)c1,6.804100347590767,1,0.0,2002,2002,2002,Ki,B,1
KMSKXJPLTGSPJJ-UHFFFAOYSA-N,CS(=O)(=O)N1CC2(CCN(C(=O)C(COCc3ccccc3)NCc3cccc(F)c3)CC2)c2ccccc21,6.804100347590767,1,0.0,1998,1998,1998,IC50,B,1
FMZZTZIGIJHYFN-UHFFFAOYSA-N,FC(F)(F)c1cc(COCC(c2ccco2)N2CCNCC2)cc(C(F)(F)F)c1,6.799998134593398,1,0.0,2003,2003,2003,Ki,B,1
XWMARNCIPYMLRK-OPGMZWKHSA-N,CN(Cc1ccccc1)C(=O)[C@H](Cc1ccccc1)NC(=O)[C@@H](Cc1cn(C(=O)OCc2ccccc2)c2ccccc12)NC(=O)C[C@@H]1NC(=O)[C@@H]2C3CCC(CC3)N2C1=O,6.799998134593398,1,0.0,1993,1993,1993,Kd,F,1
SAPCBHPQLCZCDV-CHPWDEGWSA-N,CC(C)C[C@H](NC(=O)[C@H](CC(C)C)NC(=O)[C@@H](Cc1c[nH]c2ccccc12)NC(=O)[C@H](Cc1ccccc1)NC(=O)[C@@H](Cc1c[nH]c2ccccc12)NC(=O)[C@H](CCC(N)=O)NC(=O)[C@H](CCC(N)=O)NC(=O)[C@@H]1CCCN1C(=O)[C@H](CCCCN)NC(=O)[C@@H]1CCCN1C(=O)[C@H](N)CCCN=C(N)N)C(N)=O,6.799998134593398,1,0.0,1993,1993,1993,Kd,F,1
CBCYNWHALJOBSG-MHZLTWQESA-N,CC(=O)N(Cc1ccccc1Cl)C[C@H](Cc1c[nH]c2ccccc12)NC(=O)CN1CCC(N2CCCCC2)CC1,6.798602875679549,1,0.0,1996,1996,1996,IC50,B,1
OZQNRPOHMYPZKM-LRAUYJCASA-N,CN(Cc1ccccc1)C(=O)[C@H](Cc1ccccc1)NC(=O)[C@@H](Cc1cn(C)c2ccccc12)NC(=O)C[C@@H]1NC(=O)[C@@H]2C3CCC(CC3)N2C1=O,6.7980940382451145,2,0.13873751943703488,1993,1993,1993,IC50;Kd,B;F,1
PCVSIMQAFWRUEC-PQHLKRTFSA-N,CN(Cc1ccccc1)C(=O)[C@@H](Cc1ccc2ccccc2c1)NC(=O)[C@H]1CCCN1C(=O)Nc1ccccc1[N+](=O)[O-],6.795880017344075,1,0.0,1998,1998,1998,IC50,B,1
BTWXSVJGGMEXOC-VXKWHMMOSA-N,COc1cccc([C@H]2[C@@H](NCc3ccccc3OC)C3CCN2CC3)c1,6.795880017344075,1,0.0,1994,1994,1994,IC50,B,1
JMIKNHGMALLEMU-SSEXGKCCSA-N,NC(=O)C1(c2ccccc2)CCN(CC[C@@]2(c3ccc(Cl)c(Cl)c3)CCN(C(=O)c3ccccc3)C2)CC1,6.79317412396815,1,0.0,2005,2005,2005,IC50,B,1
HIKPFUFQBJEXME-UHFFFAOYSA-N,COc1ccccc1CNC(COCc1ccccc1)C(=O)N1CCC2(CC1)CN(S(C)(=O)=O)c1ccccc12,6.787812395596042,1,0.0,1998,1998,1998,IC50,B,1
ZVBLMUFWEBYUFD-GDLZYMKVSA-N,CSN1CC2(CCN(C(=O)N[C@H](Cc3c[nH]c4ccccc34)C(=O)N(C)Cc3ccccc3)CC2)c2ccccc21,6.785156151952302,1,0.0,1998,1998,1998,IC50,B,1
DNYCCIRBKFMQGV-FUANUBAPSA-N,C[C@@H](O)[C@@H]1NC(=O)[C@H](Cc2ccc(O)cc2)NC(=O)[C@@H](Cc2c[nH]c3ccccc23)NC(=O)[C@H](Cc2cccc3ccccc23)NC(=O)[C@@H]2CCCN2C(=O)[C@H](Cc2ccccc2)NC1=O,6.782516055786093,1,0.0,2000,2000,2000,IC50,F,1
JSVODGCJIFWOER-UHFFFAOYSA-N,Cc1cc(C)cc(C(=O)N2C3CC(NCc4ccnc5ccccc45)CC2C(c2ccccc2)C3)c1,6.775183674764962,2,0.8221723567313316,1997,1997,1997,IC50,B,1
NDBYQHLDFKACBF-SISPBFPDSA-N,CO/N=C(\COC(=O)c1cc(C(F)(F)F)cc(C(F)(F)F)c1)C(CCN1CCC(O)(c2ccccc2)CC1)c1ccc(Cl)c(Cl)c1,6.774690718274137,1,0.0,2002,2002,2002,Ki,B,1
CDLIUHVXEYVLGX-UHFFFAOYSA-N,COc1c(C)cc(C(=O)N2CCC(CCN3CCC(C(N)=O)(c4ccccc4)CC3)(c3ccc(Cl)c(Cl)c3)C2)cc1C,6.774690718274137,1,0.0,1996,1996,1996,IC50,B,1
KQKNMRPRNMBGPX-HCPABCRVSA-N,c1ccc(CN[C@H]2C3CC4CCCC(C3)N4[C@H]2C(c2ccccc2)c2ccccc2)cc1,6.770011163455189,1,0.0,1998,1998,1998,IC50,B,1
KQKNMRPRNMBGPX-QDRCGZQASA-N,c1ccc(CNC2C3CC4CCCC(C3)N4[C@H]2C(c2ccccc2)c2ccccc2)cc1,6.769551078621726,1,0.0,1994,1994,1994,IC50,B,1
QSUSVQBWSZZTNK-UHFFFAOYSA-N,FC(F)(F)Oc1cccc(COCC2(c3ccccc3)CCNCC2)c1,6.769551078621726,1,0.0,1998,1998,1998,IC50,B,1
HHBYAZNEZQQRNN-UHFFFAOYSA-N,c1ccc(C2CCC3(OCCNC3c3ccccc3)OC2)cc1,6.769551078621726,1,0.0,2002,2002,2002,IC50,B,1
LILPVLVPPHPZEE-QHCPKHFHSA-N,O=C(NC(c1ccccc1)c1ccccc1)[C@@H]1CCCN1C(=S)NCc1ccccc1Cl,6.769551078621726,1,0.0,1998,1998,1998,Ki,B,1
ICAIEGHMXOMWIC-RUZDIDTESA-N,CS(=O)(=O)N1CC2(CCN(C[C@H](COCc3ccc(Cl)c(Cl)c3)NCc3ccccc3)CC2)c2ccccc21,6.769551078621726,1,0.0,1998,1998,1998,IC50,B,1
ATXQWPMHZYZGBC-UHFFFAOYSA-N,CC(C)(C)OC(=O)N1CCC(COCc2cc(C(F)(F)F)cc(C(F)(F)F)c2)(c2ccccc2)CC1,6.769551078621726,1,0.0,2013,2013,2013,IC50,B,1
VIENDCBBXXVUAM-UHFFFAOYSA-N,Cc1ccc(COC2C3CCN(CC3)C2C(c2ccccc2)c2ccccc2)cc1C,6.764471553092451,1,0.0,1995,1995,1995,IC50,B,1
BMVJOAJQNZSLIN-KYJUHHDHSA-N,CN(Cc1ccccc1)C(=O)[C@H](Cc1ccc2ccccc2c1)NC(=O)[C@@H]1CCCN1C(=O)Nc1ccccc1C(=O)O,6.764471553092451,1,0.0,1998,1998,1998,Ki,B,1
CUSDZJCNCOPIDF-NUGSKGIGSA-N,Clc1ccccc1-c1ccccc1/C=N/Nc1c(Cl)cncc1Cl,6.7594507517174005,1,0.0,2006,2006,2006,Ki,B,1
OTXSDJOFSVUWCT-FZCXESBVSA-N,NCCCCCOC[C@H]1O[C@@H](OCCc2c[nH]c3ccccc23)[C@H](OCc2ccccc2)C[C@@H]1OCc1ccccc1,6.7447274948966935,1,0.0,1996,1996,1996,IC50,B,1
FAMLZMYNJFMLTL-UHFFFAOYSA-N,CN(Cc1ccccc1)Cc1nc2ccccc2c(-c2ccccc2)c1C(=O)NCc1cc(C(F)(F)F)cc(C(F)(F)F)c1,6.7447274948966935,1,0.0,2004,2004,2004,IC50,B,1
CZEMMCCUTSUYFU-ZWKOTPCHSA-N,N[C@H]1CCN(C(=O)c2cc(C(F)(F)F)cc(C(F)(F)F)c2)[C@H](Cc2ccccc2)C1,6.7447274948966935,1,0.0,1996,1996,1996,IC50,B,1
ZFMPRZDNGINSND-FVXJUOQQSA-N,CSCC[C@H](NC(=O)[C@H](CC(C)C)NC(=O)CN1CCCNC(=O)CCC(=O)N[C@H](CCCN=C(N)N)C(=O)N[C@@H](Cc2ccccc2)C(=O)N[C@H](Cc2ccccc2)C1=O)C(N)=O,6.7447274948966935,1,0.0,1994,1994,1994,EC50,B,1
HCFNCEYBYZIOAZ-UHFFFAOYSA-N,CC(C)CN(CC(C)C)c1cc(C(F)(F)F)cc(COCC2(c3ccc(F)cc3)CCN(C)CC2)n1,6.7447274948966935,1,0.0,2013,2013,2013,IC50,B,1
BZWOCMMJHXYQGW-JVFAEYSFSA-N,CO/N=C(\COCc1cc(C(F)(F)F)cc(C(F)(F)F)c1)C(CCN1CCN(c2ccccc2)CC1)c1ccc(Cl)c(Cl)c1,6.7423214251308154,1,0.0,2000,2000,2000,Ki,B,1
XNEWLEJBYAVWCK-UHFFFAOYSA-N,CN(Cc1ccc(F)c(C(F)(F)F)c1)C(=O)C(C)(CCN1CCC(N2CCCC2=O)CC1)c1ccc(Cl)c(Cl)c1,6.740884155814934,1,0.0,2009,2009,2009,Ki,B,1
NJCMYNXFMAOJRW-HXOQZHHGSA-N,COc1cccc([C@H]2COCC3(C2)OCCN[C@H]3c2ccc(F)cc2)c1,6.73754891026957,1,0.0,2002,2002,2002,IC50,B,1
GOQORMIBYOZRHK-QHCPKHFHSA-N,O=C(N[C@@H](Cc1c[nH]c2ccccc12)C(=O)OCc1ccccc1C(F)(F)F)c1ccccc1,6.73754891026957,1,0.0,1994,1994,1994,IC50,B,1
PIBKMDNTXVBQNJ-NSOVKSMOSA-N,Cc1ccccc1CO[C@H]1C2CCN(CC2)[C@H]1C(c1ccccc1)c1ccccc1,6.73754891026957,1,0.0,1993,1993,1993,IC50,B,1
NNQQINUYFDRYPI-RRPNLBNLSA-N,FC(F)(F)c1cc(CO[C@@H]2C3CCN(CC3)[C@H]2C(c2ccccc2)c2ccccc2)cc(C(F)(F)F)c1,6.735863111416478,2,0.2364945154321018,1993,1995,1994,IC50,B,2
IBMYPZNNBNFMQV-URLMMPGGSA-N,Cc1cc(C)cc(C(=O)N2CC[C@H](NCc3ccnc4ccccc34)C[C@H]2CCc2ccccc2)c1,6.721246399047171,1,0.0,1996,1996,1996,IC50,B,1
JRNWVEJTBSFZTD-UHFFFAOYSA-N,O=[N+]([O-])c1cccc(COC2C3CCN(CC3)C2C(c2ccccc2)c2ccccc2)c1,6.7055337738384075,1,0.0,1995,1995,1995,IC50,B,1
VIENDCBBXXVUAM-VMPREFPWSA-N,Cc1ccc(CO[C@H]2C3CCN(CC3)[C@H]2C(c2ccccc2)c2ccccc2)cc1C,6.7055337738384075,1,0.0,1993,1993,1993,IC50,B,1
KZVGKRDRRIBLKM-SFHVURJKSA-N,CC(=O)N[C@@H](Cc1n[nH]c2ccccc12)C(=O)OCc1cc(C(F)(F)F)cc(C(F)(F)F)c1,6.7055337738384075,1,0.0,1994,1994,1994,IC50,B,1
CUEDHAYAJQUTCZ-CKJWBJAHSA-N,C[C@@H](O)[C@@H]1NC(=O)[C@H](Cc2ccccc2)NC(=O)[C@@H](Cc2c[nH]c3ccccc23)NC(=O)[C@H](CC2CCCCC2)NC(=O)[C@@H]2CCCN2C(=O)[C@H](Cc2ccccc2)NC1=O,6.703334809738469,1,0.0,1996,1996,1996,IC50,B,1
DXBWGWOQIAHGKG-UHFFFAOYSA-N,Fc1cc(F)cc(COCC(c2ccccc2)N2CCNCC2)c1,6.699991797446187,2,0.0,2002,2003,2002,IC50;Ki,B,2
DORXFPYAVMERKG-UHFFFAOYSA-N,O=C(CCc1cc(C(F)(F)F)cc(C(F)(F)F)c1)N(c1ccc(F)cc1)C1CCNCC1,6.699991797446187,2,0.0,2002,2005,2003,IC50;Ki,B,2
YCJYRVPOLSZPTC-UHFFFAOYSA-N,O=C(COc1cc(C(F)(F)F)cc(C(F)(F)F)c1)N(c1cccc(Cl)c1)C1CCNCC1,6.699991797446187,1,0.0,2002,2002,2002,IC50,B,1
BZFUZGJXYGIQSB-ODRDEDCPSA-N,NS(=O)(=O)N1CCN(CC(=O)N[C@@H]2CC(=O)N[C@@H](Cc3c[nH]c4ccccc34)C(=O)N[C@@H](Cc3ccccc3)C(=O)N[C@H](Cc3ccccc3)CNC2=O)CC1,6.699991797446187,1,0.0,2004,2004,2004,Ki,B,1
MWDXBYJLZWXDHC-HVNZXBJASA-N,CN1C(=O)OC2(CCN(CC[C@H](C(=O)N(C)[C@@H](Cc3ccccc3)C(=O)NCCN)c3ccc(Cl)c(Cl)c3)CC2)c2cc(F)ccc21,6.699991797446187,1,0.0,2014,2014,2014,Ki,B,1
QSSWXHSQMGICOW-KDXMTYKHSA-N,CCCCCN(CCCCC)C(=O)N1CCN(C(=O)N(c2ccccc2)c2ccccc2)[C@H](C(=O)N(C)CCN(C)Cc2cc(C)cc(C)c2)C1,6.698970004336019,1,0.0,1993,1993,1993,IC50,B,1
AMMYHLCZPFCXBC-MNUNUEIXSA-N,C[C@H](OC1CCC2CCC1(c1ccccc1)N2)c1cc(C(F)(F)F)cc(C(F)(F)F)c1,6.698970004336019,1,0.0,2006,2006,2006,IC50,B,1
PNPDRFDLRYVDNH-SZVSUXHCSA-N,CC(C)C[C@H](NC(=O)CNC(=O)OCc1ccccc1)C(=O)NC1(C(=O)OCc2cc(C(F)(F)F)cc(C(F)(F)F)c2)CNc2[nH]c3ccccc3c2C1,6.698970004336019,1,0.0,2016,2016,2016,Ki,B,1
UCCMAXPLSJKRBQ-UHFFFAOYSA-N,O=C1CC(Cc2c[nH]c3ccccc23)C(=O)N1Cc1cc(C(F)(F)F)cc(C(F)(F)F)c1,6.692503962086787,1,0.0,1995,1995,1995,IC50,B,1
UKDPTTJBOMIOCJ-NSOVKSMOSA-N,CN(Cc1ccccc1)C(=O)[C@H](CCc1ccccc1)NC(=O)[C@@H]1CCCN1/C(S)=N/Cc1ccccc1Cl,6.686132779630847,1,0.0,1998,1998,1998,IC50,B,1
OITQQVPZHBLPSD-UHFFFAOYSA-N,O=C(NCc1cc(C(F)(F)F)cc(C(F)(F)F)c1)c1cnc2ccccc2c1-c1ccccc1,6.681936665037238,1,0.0,2011,2011,2011,IC50,B,1
LLCWXRKWCSFREW-LUKFIAJXSA-N,CC(=O)NCCCCCOC[C@H]1O[C@@H](OCCc2c[nH]c3ccccc23)[C@H](OCc2ccc(F)cc2)[C@@H](OCc2ccccc2)[C@@H]1OCc1ccccc1,6.679853713888946,1,0.0,1998,1998,1998,IC50,B,1
CJQIMLAPDUEUTH-UHFFFAOYSA-N,COc1ccc(C(CNC(=O)Cc2cc(C(F)(F)F)cc(C(F)(F)F)c2)N2CCC(N3CCCCC3)CC2)c(OC)c1OC,6.6777807052660805,1,0.0,2000,2000,2000,IC50,B,1
ZUVRLHQMDUAXKL-IZZNHLLZSA-N,Cc1cc(C)cc(C(=O)N2CC[C@H](NCc3ccncc3)C[C@H]2Cc2ccccc2)c1,6.6777807052660805,1,0.0,1996,1996,1996,IC50,B,1
MNUMOFSSNQUTGL-DEOSSOPVSA-N,Cc1cc(C)cc(C(=O)N2CCN(C(=O)CNC3CCNCC3)[C@H](c3ccc(Cl)c(Cl)c3)C2)c1,6.667561540084394,1,0.0,2002,2002,2002,Ki,B,1
WPJABGMBTXXPIJ-CKJWBJAHSA-N,C[C@@H](O)[C@@H]1NC(=O)[C@H](CC2CCCCC2)NC(=O)[C@@H](Cc2c[nH]c3ccccc23)NC(=O)[C@H](Cc2ccccc2)NC(=O)[C@@H]2CCCN2C(=O)[C@H](Cc2ccccc2)NC1=O,6.665546248849069,1,0.0,2000,2000,2000,IC50,F,1
BSSJFXMTCJBDKV-UMSFTDKQSA-N,CCCCCN(CCCCC)C(=O)N1CCN(C(=O)N(c2ccccc2)c2ccccc2)[C@H](C(=O)NCCN(C(C)C)C(C)C)C1,6.66354026615147,1,0.0,1993,1993,1993,IC50,B,1
BQMHXKMRKCHCGN-UHFFFAOYSA-N,O=C1C(Cc2c[nH]c3ccccc23)N(C(=O)Nc2ccccc2)C(=O)N1Cc1cc(C(F)(F)F)cc(C(F)(F)F)c1,6.657577319177793,1,0.0,1995,1995,1995,IC50,B,1
PKPKUYSFERUYMH-RRPNLBNLSA-N,Cc1cc(C)cc(C(=O)N2CC[C@H](NCc3ccccc3)C[C@H]2Cc2ccccc2)c1,6.657577319177793,1,0.0,1996,1996,1996,IC50,B,1
WQZUOBIIPDZRJP-NSOVKSMOSA-N,Cc1cc(C)cc(C(=O)N2CC[C@H](NCc3ccnc4ccccc34)C[C@@H]2Cc2ccccc2)c1,6.657577319177793,1,0.0,1996,1996,1996,IC50,B,1
SKXVECUCBANNIA-UHFFFAOYSA-N,O=C1CCN(Cc2ccc(C(F)(F)F)cc2)CC1C(c1ccc(F)cc1)c1ccc(F)cc1,6.657577319177793,1,0.0,2011,2011,2011,IC50,B,1
DPGPXZCLSCXCQW-UHFFFAOYSA-N,C=C(C)n1c(=O)n(CCN2CCC(N(C(=O)CC)c3cc(Cl)ccc3Cl)CC2)c2ccccc21,6.657577319177793,1,0.0,2013,2013,2013,Ki,B,1
YGWRUECJIONJNP-JYFHCDHNSA-N,CC(=O)N1CCC(CN2CC[C@@H](N(C)C(=O)c3ccc(Cl)cc3)[C@H](c3ccc(Cl)c(Cl)c3)C2)CC1,6.657577319177793,1,0.0,2013,2013,2013,IC50,B,1
PURLCZJVZYRQTQ-UHFFFAOYSA-N,FC(F)(F)c1cc(COCc2ccccc2-c2ccccc2)cc(C(F)(F)F)c1,6.649751981665837,1,0.0,2006,2006,2006,Ki,B,1
HFHAKFYUEVBREO-UHFFFAOYSA-N,O=C(CC(c1ccccc1)c1ccccc1)NCc1cc(Cl)cc(Cl)c1,6.645891560852599,1,0.0,1996,1996,1996,IC50,B,1
DNJBADOCDWIFNI-UHFFFAOYSA-N,COc1cc(CN(C)C(=O)CC(c2ccccc2)c2ccccc2)cc(OC)c1,6.645891560852599,1,0.0,1996,1996,1996,IC50,B,1
LXSYDFHVDJQICK-LJAQVGFWSA-N,O=C(NCc1ccccc1)[C@H](Cc1c[nH]c2ccccc12)NC(=O)N1CCC2(CCc3ccccc32)CC1,6.6439741428068775,1,0.0,1998,1998,1998,IC50,B,1
HXKICKCHXGVWDV-RXVVDRJESA-N,COc1ccccc1CN[C@H]1CCCN(CC(N)=O)[C@H]1c1ccccc1,6.6439741428068775,1,0.0,1995,1995,1995,IC50,B,1
FYFPUCQHJNRILA-HCPABCRVSA-N,c1ccc(CN[C@H]2C3C4CCCC3CN(C4)[C@H]2C(c2ccccc2)c2ccccc2)cc1,6.639993867770901,1,0.0,1998,1998,1998,IC50,B,1
UIAXBDBJUGFIIR-PMACEKPBSA-N,Clc1cccc([C@H]2[C@@H](NCc3ccccc3Cl)C3CCN2CC3)c1,6.639133015876654,2,0.0012174284240386846,1994,1998,1996,IC50,B,2
FYFPUCQHJNRILA-QDRCGZQASA-N,c1ccc(CNC2C3C4CCCC3CN(C4)[C@H]2C(c2ccccc2)c2ccccc2)cc1,6.638272163982407,1,0.0,1994,1994,1994,IC50,B,1
ZEANERNKMXBETI-BJHDJDSNSA-N,O=C1N[C@@H](Cc2ccccc2)C(=O)N2[C@H]3Nc4ccccc4[C@@]3([C@]34C[C@H]5C(=O)N[C@@H](Cc6ccccc6)C(=O)N5[C@H]3Nc3ccccc34)C[C@@H]12,6.638272163982407,1,0.0,1994,1994,1994,IC50,B,1
ZVPJBYZIHCWVQP-DSPMFFIESA-N,Cc1cc(O)cc(C)c1C[C@H](N)C(=O)N[C@H](CCCNC(=N)N)C(=O)N[C@H]1Cc2ccccc2CN(CCC(=O)N(C)Cc2cc(C(F)(F)F)cc(C(F)(F)F)c2)C1=O,6.6320130342837125,2,0.8372322969290481,2015,2015,2015,Kd;Ki,B,1
VAUOHNLMRQQSAZ-UHFFFAOYSA-N,O=C(CC(c1ccccc1)c1ccccc1)NCc1cc(C(F)(F)F)cc(C(F)(F)F)c1,6.628932137728263,1,0.0,1996,1996,1996,IC50,B,1
UYPFOARCMSMOBT-UHFFFAOYSA-N,O=C(NCc1cc(C(F)(F)F)cc(C(F)(F)F)c1)c1c(-c2ccc(F)cc2)c2ccccc2n2nnnc12,6.628932137728263,1,0.0,2008,2008,2008,IC50,B,1
RRGKJCLXDVRZFZ-UHFFFAOYSA-N,O=C(NCc1cc(C(F)(F)F)cc(C(F)(F)F)c1)c1c(-c2ccccc2)ccnc1CCl,6.628932137728263,1,0.0,2011,2011,2011,IC50,B,1
ZEANERNKMXBETI-SWZCOEHCSA-N,O=C1N[C@@H](Cc2ccccc2)C(=O)N2[C@H]3Nc4ccccc4C3(C34C[C@H]5C(=O)N[C@@H](Cc6ccccc6)C(=O)N5[C@H]3Nc3ccccc34)C[C@@H]12,6.619788758288394,1,0.0,1995,1995,1995,IC50,F,1
LAUJLFDPPWBXRV-RTWAWAEBSA-N,COc1ccccc1CN[C@@H]1C2CCN(CC2)[C@H]1c1cccc(Cl)c1,6.619788758288394,1,0.0,1994,1994,1994,IC50,B,1
RPTJPWCOBZLMMD-NRWPOFLRSA-N,CC(=O)N1CCC(C(=O)N2CC[C@@H](N(C)C(=O)c3ccc(Cl)cc3)C(c3ccc(Cl)c(Cl)c3)C2)CC1,6.619788758288394,1,0.0,2013,2013,2013,IC50,B,1
DAEBXVQKLYMREV-HKBQPEDESA-N,CCN(Cc1ccccc1)C(=O)[C@H](Cc1c[nH]c2ccccc12)NC(=O)N1CCC2(CCc3ccccc32)CC1,6.616184634019569,1,0.0,1998,1998,1998,IC50,B,1
XHBXPLNFUMURDR-UHFFFAOYSA-N,O=C1CNC(Cc2c[nH]c3ccccc23)CN1Cc1cc(C(F)(F)F)cc(C(F)(F)F)c1,6.614393726401688,1,0.0,1995,1995,1995,IC50,B,1
JYTLTYKPVLVMNT-QHCPKHFHSA-N,O=C(N[C@@H](Cc1c[nH]c2ccccc12)C(=O)OCc1ccc(Cl)cc1)c1ccccc1,6.614393726401688,1,0.0,1994,1994,1994,IC50,B,1
GPTRXOXLGBUYRR-UHFFFAOYSA-N,O=C(c1cc(C(F)(F)F)cc(C(F)(F)F)c1)N1CCC2(CC1)NC(=O)N(Cc1ccc3c(c1)OCO3)C2=O,6.610001577392667,1,0.0,2002,2002,2002,Ki,B,1
MCHFVMZJGMVKRA-UHFFFAOYSA-N,Cc1ccc(COC2C3CCN(CC3)C2C(c2ccccc2)c2ccccc2)cc1,6.609064892896621,1,0.0,1995,1995,1995,IC50,B,1
FOLOWNIJLMHEPJ-CUBQBAPOSA-N,COC(=O)[C@H]1CCN(C(=O)N(c2ccccc2)c2ccccc2)[C@H](C(=O)NCCN(C)Cc2ccccc2OC)C1,6.6020599913279625,1,0.0,1995,1995,1995,IC50,B,1
ANCCACIMFBJXGH-ALHJQXIUSA-N,O=C(NC[C@]1(c2ccccc2)CC[C@@H](N2CCC(c3ccc(F)cc3)CC2)CC1)c1cc(C(F)(F)F)cc(C(F)(F)F)c1,6.6020599913279625,1,0.0,2002,2002,2002,IC50,B,1
LXJUOJZFZQVWGH-UHFFFAOYSA-N,COc1ccccc1C(CNC(=O)Cc1cc(C(F)(F)F)cc(C(F)(F)F)c1)N1CCCCC1,6.6020599913279625,1,0.0,2000,2000,2000,IC50,B,1
XTYCUJXOJHSJKH-UHFFFAOYSA-N,Cc1cc2c(-c3ccccc3)c(CNCc3cc(C(F)(F)F)cc(C(F)(F)F)c3)n(C)c(=O)c2cc1C,6.6020599913279625,1,0.0,1995,1995,1995,IC50,B,1
PFPSZGPAQFBVHZ-UHFFFAOYSA-N,O=C(CSc1nnc(-c2ccncc2)n1-c1ccccc1)Nc1cccc(Cl)c1,6.6020599913279625,1,0.0,2004,2004,2004,IC50,B,1
OAVNGCZBHRXUGH-JYFHCDHNSA-N,COc1ccc(C(=O)N(C)[C@@H]2CCN(C(=O)C3CCN(C(C)=O)CC3)C[C@H]2c2ccc(Cl)c(Cl)c2)cc1,6.6020599913279625,1,0.0,2013,2013,2013,IC50,B,1
ONJMXWFIKVVLCT-UHFFFAOYSA-N,COc1cc(CN2CCN(C(COCc3cc(C(F)(F)F)cc(C(F)(F)F)c3)c3ccccc3)C(Cc3ccccc3)C2)cc(OC)c1OC,6.599997654072045,1,0.0,2003,2003,2003,Ki,B,1
JFGLWAYTUSEUIY-QFIPXVFZSA-N,CN1CCN(CCNC(=O)[C@@H](NC(=O)C(C)(C)c2cc(C(F)(F)F)cc(C(F)(F)F)c2)c2ccccc2)CC1,6.599997654072045,1,0.0,2014,2014,2014,Ki,B,1
WJAFEJSYOHBPCK-SFHVURJKSA-N,CNCCNC(=O)[C@@H](NC(=O)C(C)(C)c1cc(C(F)(F)F)cc(C(F)(F)F)c1)c1ccccc1,6.599997654072045,1,0.0,2014,2014,2014,Ki,B,1
FXHOQFIPUVYFTM-RYCFQHDISA-N,CN1C(=O)OC2(CCN(CC[C@@](C)(C(=O)N[C@H](C(=O)NCCN)c3ccccc3)c3ccc(Cl)c(Cl)c3)CC2)c2cc(F)ccc21,6.599997654072045,1,0.0,2014,2014,2014,Ki,B,1
KBLCNIZPWNZNKH-UHFFFAOYSA-N,Fc1ccc(COC2C3CCN(CC3)C2C(c2ccccc2)c2ccccc2)cc1,6.598599459218455,1,0.0,1995,1995,1995,IC50,B,1
FGMDMAIELUZENW-UHFFFAOYSA-N,CCOC(=O)Oc1c(OC)cc(C(=O)N2CCC(CCN3CCC(C(N)=O)(c4ccccc4)CC3)(c3ccc(Cl)c(Cl)c3)C2)cc1OC,6.598599459218455,1,0.0,1996,1996,1996,IC50,B,1
OMTBQCJYPXKIRM-UHFFFAOYSA-N,Cc1nc2ccccc2c(-c2ccccc2)c1C(=O)NCc1cc(C(F)(F)F)cc(C(F)(F)F)c1,6.590066876668706,3,2.453945061363554,2004,2011,2004,IC50,B,2
WCQIHTJOGPSGGV-SVBPBHIXSA-N,COc1ccccc1C/N=C(\S)N1CCC[C@H]1C(=O)N[C@@H](Cc1ccccc1)C(=O)N(C)Cc1ccccc1,6.585026652029182,1,0.0,1998,1998,1998,Ki,B,1
MTDWQQRSPHFFLR-UHFFFAOYSA-N,CS(=O)(=O)N1CC2(CCN(C(=O)C(COCc3ccccc3)NC(=O)c3ccc(Cl)c(Cl)c3)CC2)c2ccccc21,6.585026652029182,1,0.0,1998,1998,1998,IC50,B,1
XFSJGZVARSALDD-NNXSRULWSA-N,O=C1CC[C@@H](CN[C@H]2CC[C@@H](OCc3cc(C(F)(F)F)cc(C(F)(F)F)c3)[C@@H]2c2ccccc2)N1,6.585026652029182,1,0.0,2006,2006,2006,IC50,B,1
FYSFILDCEYJVBF-ANWICMFUSA-N,CC(=O)N1CCC(C(=O)N2CC[C@@H](N(C)C(=O)c3ccc(C)cc3)C(c3ccc(Cl)c(Cl)c3)C2)CC1,6.585026652029182,1,0.0,2013,2013,2013,IC50,B,1
XITFJVUYVFILBW-MHZLTWQESA-N,COc1ccccc1C1CCN(C(=O)[C@H](COCc2ccc(Cl)c(Cl)c2)NCc2ccccc2)CC1,6.580044251510242,1,0.0,1998,1998,1998,IC50,B,1
UGULBQBVNWXBKM-UHFFFAOYSA-N,CS(=O)(=O)N1CCC2(CC1)C1C(=O)N(Cc3cc(C(F)(F)F)cc(C(F)(F)F)c3)C(=O)C1CN2C(=O)c1ccc2ccccc2c1,6.579994715040948,1,0.0,2002,2002,2002,Ki,B,1
JBVZKIPJQKKQCY-UHFFFAOYSA-N,O=C1NC(Cc2c[nH]c3ccccc23)CN1Cc1cc(C(F)(F)F)cc(C(F)(F)F)c1,6.573488738635424,1,0.0,1995,1995,1995,IC50,B,1
NQMMZCMDBZCRBB-LJAQVGFWSA-N,CCCCCN(CCCCC)C(=O)N1CCN(C(=O)N(c2ccccc2)c2ccccc2)[C@H](C(=O)NCCOC)C1,6.573488738635424,1,0.0,1993,1993,1993,IC50,B,1
AKHKAZRGQQPVBT-UHFFFAOYSA-N,COc1ccccc1C(CNC(=O)Cc1ccccc1C(F)(F)F)N1CCN(C2CCCCC2)CC1,6.568636235841012,1,0.0,2000,2000,2000,IC50,B,1
WSCXFZWPQPJUAS-MBBNEBRQSA-N,Cc1cc(C)cc(/C(F)=C2\CC[C@@H](NC(=O)c3ccnc4ccccc34)C[C@@H]2Cc2ccccc2)c1,6.568636235841012,1,0.0,1997,1997,1997,IC50,B,1
HXFSUWJMLSTMEH-UHFFFAOYSA-N,Cc1nc(Cl)cc(-c2ccccc2)c1C(=O)NCc1cc(C(F)(F)F)cc(C(F)(F)F)c1,6.568636235841012,1,0.0,2011,2011,2011,IC50,B,1
FBKBCVKDJFUIHU-UHFFFAOYSA-N,O=C1CCN(Cc2cccc(C(F)(F)F)c2)CC1C(c1ccc(F)cc1)c1ccc(F)cc1,6.568636235841012,1,0.0,2011,2011,2011,IC50,B,1
JMIKNHGMALLEMU-UHFFFAOYSA-N,NC(=O)C1(c2ccccc2)CCN(CCC2(c3ccc(Cl)c(Cl)c3)CCN(C(=O)c3ccccc3)C2)CC1,6.567030709125595,1,0.0,1996,1996,1996,IC50,B,1
MUZRICFSRACWJI-UHFFFAOYSA-N,O=C(c1ccccc1)N1CCCC(CCCN2CCC3(CCc4ccccc43)CC2)(c2ccc(Cl)c(Cl)c2)C1,6.565431095965801,1,0.0,1998,1998,1998,IC50,B,1
DFHHBLPOXVRUDS-UHFFFAOYSA-N,O=C1OC(Cc2c[nH]c3ccccc23)C(=O)N1Cc1cc(Cl)cc(Cl)c1,6.5638373529592435,1,0.0,1995,1995,1995,IC50,B,1
WTDKJBUIASFIOD-UHFFFAOYSA-N,Cc1c(C(=O)NCc2cc(C(F)(F)F)cc(C(F)(F)F)c2)c(-c2ccccc2)cc2nnnn12,6.554395796726403,1,0.0,2011,2011,2011,IC50,B,1
VCMDLMHMVMHIKF-FQEVSTJZSA-N,COc1ccccc1COC(=O)[C@H](Cc1c[nH]c2ccccc12)NC(=O)OC(C)(C)C,6.552841968657781,2,0.0,1993,1994,1993,IC50,B,2
VLRLIJPIWNCLSY-MHZLTWQESA-N,CCCCCN(CCCCC)C(=O)N1CCN(C(=O)N(c2ccccc2)c2ccccc2)[C@H](CO)C1,6.552841968657781,1,0.0,1993,1993,1993,IC50,B,1
PSQJTKUPFCWUEO-UHFFFAOYSA-N,COc1ccccc1C(CNC(=O)Cc1ccc(Cl)c(Cl)c1)N1CCN(C2CCCCC2)CC1,6.552841968657781,1,0.0,2000,2000,2000,IC50,B,1
CVKIVNDRRBPTDE-UHFFFAOYSA-N,O=C1CCN(Cc2ccccc2O)CC1C(c1ccc(F)cc1)c1ccc(F)cc1,6.552841968657781,1,0.0,2011,2011,2011,IC50,B,1
MCHFVMZJGMVKRA-NSOVKSMOSA-N,Cc1ccc(CO[C@H]2C3CCN(CC3)[C@H]2C(c2ccccc2)c2ccccc2)cc1,6.538803373026827,2,0.0016989950566817626,1993,1998,1995,IC50,B,2
UVOURRFWHVVQKI-QNGWXLTQSA-N,CCCCCN(CCCCC)C(=O)N1CCN(C(=O)N(c2ccccc2)c2ccccc2)[C@H](C(=O)N(C)CCN(C)Cc2ccccc2)C1,6.537602002101044,1,0.0,1993,1993,1993,IC50,B,1
UCDYNHPOUAKORZ-VZUYHUTRSA-O,CCCC[N+](CCCC)(CCCC)Cc1ccc(NC(=O)[C@@H](Cc2ccc3ccccc3c2)N=C(NC2CCCCC2)NC2CCCCC2)cc1,6.537602002101044,1,0.0,1997,1997,1997,Kd,B,1
JICJDNGTRWWBQM-SVBPBHIXSA-N,CN(Cc1ccccc1)C(=O)[C@H](Cc1ccccc1)NC(=O)[C@@H]1CCCN1/C(S)=N/Cc1ccccc1F,6.537602002101044,1,0.0,1998,1998,1998,IC50,B,1
DTQNTNJTPOGBBI-UHFFFAOYSA-N,CN1CCC(COCc2cc(C#N)cc(C3CC3)n2)(c2ccc(F)cc2)CC1,6.537602002101044,1,0.0,2013,2013,2013,IC50,B,1
AXYVSTYNMWOVHD-WIOPSUGQSA-N,CC(=O)N1CCC(C(=O)N2CC[C@@H](N(C)C(=O)Nc3ccc(Cl)cc3)[C@H](c3ccc(Cl)c(Cl)c3)C2)CC1,6.537602002101044,1,0.0,2013,2013,2013,IC50,B,1
MOSUQXLFKFQKGI-UHFFFAOYSA-N,CN(C(=O)c1ccccc1-c1ccccc1)C(C)(C)c1cc(C(F)(F)F)cc(C(F)(F)F)c1,6.530177984021837,1,0.0,2006,2006,2006,Ki,B,1
DMSQWKBRRNBBJO-UHFFFAOYSA-N,CN(CC(c1ccccc1)c1ccccc1)C(=O)c1cc(C(F)(F)F)cc(C(F)(F)F)c1,6.527243550682788,1,0.0,1996,1996,1996,IC50,B,1
FWWHAAGOCFCRFY-UHFFFAOYSA-N,FC(F)(F)c1cccc(COC2C3CCN(CC3)C2C(c2ccccc2)c2ccccc2)c1,6.522878745280337,1,0.0,1995,1995,1995,IC50,B,1
FCDRFVCGMLUYPG-ZWKOTPCHSA-N,FC(F)(F)c1cc(CO[C@H]2CCCN[C@@H]2c2ccccc2)cc(C(F)(F)F)c1,6.522878745280337,1,0.0,1994,1994,1994,IC50,B,1
MLFSLAIOJHSNOR-CCDWMCETSA-N,O=C(N[C@H]1CC[C@H](OCc2cc(C(F)(F)F)cc(C(F)(F)F)c2)[C@@H]1c1ccccc1)OCc1ccccc1,6.522878745280337,1,0.0,2006,2006,2006,IC50,B,1
RMPOHZLJIMPVGV-UHFFFAOYSA-N,CN(C(=O)C(c1ccccc1)c1ccccc1)c1cc(C(F)(F)F)cc(C(F)(F)F)c1,6.521433504406157,1,0.0,1996,1996,1996,IC50,B,1
GBYYDRYAGWDMGR-UHFFFAOYSA-N,CC(C)(C)C(=O)N1CCC2(CC1)C1C(=O)N(c3ccccc3)C(=O)C1CN2C(=O)c1cc(C(F)(F)F)cc(C(F)(F)F)c1,6.51999305704285,1,0.0,2002,2002,2002,Ki,B,1
KYASZYNCIMXXBM-UHFFFAOYSA-N,CN(CCCc1cc(C(F)(F)F)cc(C(F)(F)F)c1)C(=O)CC(c1ccccc1)c1ccccc1,6.517126416391246,1,0.0,1996,1996,1996,IC50,B,1
UQBIFHCYJANWAY-PDHQKIGBSA-N,Cc1cc(O)cc(C)c1C[C@H](N)C(=O)N[C@H](CCCNC(=N)N)C(=O)N[C@H]1Cc2ccccc2CN(CCC(=O)N(Cc2ccccc2)CC(C)C)C1=O,6.511449283499555,1,0.0,2015,2015,2015,Ki,B,1
CPKCVXZPCSJVIT-WUFINQPMSA-N,Cc1cc(C)cc(C(=O)N2CC[C@H](NCc3ccnc4ccccc34)C[C@H]2CC2CCCCC2)c1,6.509318832137387,2,0.0009624090586693535,1996,1998,1997,IC50,B,2
NWHURSAJZCWEGO-UHFFFAOYSA-N,O=C1C(Cc2c[nH]c3ccccc23)N(Cc2ccccc2)C(=O)N1Cc1cc(C(F)(F)F)cc(C(F)(F)F)c1,6.508638306165727,1,0.0,1995,1995,1995,IC50,B,1
DAKPGLXAKATDOU-OEJBOCFZSA-N,COc1ccccc1CN[C@H]1C2CCCN(CC2)[C@H]1C(c1ccc(F)cc1)c1ccc(F)cc1,6.508638306165727,1,0.0,1993,1993,1993,IC50,B,1
UCNOTTVNPRSTFW-XSFNXXSESA-N,COc1cc2c(cc1OC)C1=NO[C@@H](CN3CCN(C/C(C)=C/c4ccc(F)cc4)CC3)[C@@H]1CO2,6.508638306165727,1,0.0,2007,2007,2007,Ki,B,1
JUTJFEMBTKVBCO-UHFFFAOYSA-N,O=C(NCc1cc(C(F)(F)F)cc(C(F)(F)F)c1)c1c(-c2ccccc2)c2ccccc2n2nnnc12,6.507239610973162,1,0.0,2008,2008,2008,IC50,B,1
LCMYTAQFJIXBCQ-UHFFFAOYSA-N,COc1c(Br)cc(C(=O)N2CCC(CCN3CCC(C(N)=O)(c4ccccc4)CC3)(c3ccc(Cl)c(Cl)c3)C2)cc1Br,6.504455662453552,1,0.0,1996,1996,1996,IC50,B,1
JOTMNMNWQYWMOE-SFTDATJTSA-N,FC(F)(F)c1cc(CO[C@H]2C3CCN(CC3)[C@H]2Cc2ccccc2)cc(C(F)(F)F)c1,6.503281884751194,2,0.2860273645627158,1995,1995,1995,IC50,B,1
RIMRBFFCTVLKNY-AUEPDCJTSA-N,Cc1ccccc1-c1ccccc1/C=N/Nc1c(Cl)cncc1Cl,6.500312917381596,1,0.0,2006,2006,2006,Ki,B,1
KHZGJOOZZRYILL-UHFFFAOYSA-N,O=C(COc1cc(C(F)(F)F)cc(C(F)(F)F)c1)N(c1ccc(F)cc1)C1CCNCC1,6.499996931948306,1,0.0,2002,2002,2002,IC50,B,1
LRSIEKVEWAVZDJ-CDSZWMAJSA-N,O=C(Cc1ccccc1)N[C@H](Cc1ccc2ccccc2c1)NC(=O)[C@@H]1CCCC[C@@H]1NC(=O)c1c[nH]c2ccccc12,6.499996931948306,1,0.0,1998,1998,1998,IC50,B,1
RSLSZQMVGYAVMK-UHFFFAOYSA-N,COC(=O)C1c2ccccc2NC(=O)CN1C(=O)N(C)Cc1cc(C(F)(F)F)cc(C(F)(F)F)c1,6.499996931948306,1,0.0,1997,1997,1997,Ki,B,1
JBHLDFWFKHUKBN-IBGZPJMESA-N,CC(C)(C(=O)N[C@H](C(=O)N1CCOCC1)c1ccccc1)c1cc(C(F)(F)F)cc(C(F)(F)F)c1,6.499996931948306,1,0.0,2014,2014,2014,Ki,B,1
HHRSDRPDFNUAPK-KRWDZBQOSA-N,CC(C)(C(=O)N[C@H](C(=O)NCCN)c1ccccc1)c1cc(C(F)(F)F)cc(C(F)(F)F)c1,6.499996931948306,1,0.0,2014,2014,2014,Ki,B,1
CJBOWGIXYJGLGQ-BFGHFXMOSA-N,CN1C(=O)OC2(CCN(CCC[C@@](C)(C(=O)N[C@H](C(=O)NCCN)c3ccccc3)c3ccc(Cl)c(Cl)c3)CC2)c2cc(F)ccc21,6.499996931948306,1,0.0,2014,2014,2014,Ki,B,1
HJVOZXMMJRZKQU-UHFFFAOYSA-N,O=C1NC(Cc2c[nH]c3ccccc23)C(=O)N1Cc1cc(C(F)(F)F)cc(C(F)(F)F)c1,6.498940737782249,1,0.0,1995,1995,1995,IC50,B,1
QZVNIWYIYIHHQO-UHFFFAOYSA-N,CN(CCCc1cc(C(F)(F)F)cc(C(F)(F)F)c1)C(=O)C(c1ccccc1)c1ccccc1,6.490797477668897,1,0.0,1996,1996,1996,IC50,B,1
FCQUYOHKAODPNN-UHFFFAOYSA-N,Cc1cc(C)c(C(=O)N2CCC3(CC2)NC(=O)N(c2cc(C(F)(F)F)cc(C(F)(F)F)c2)C3=O)c(C)c1,6.4900049079866005,1,0.0,2002,2002,2002,Ki,B,1
DYUQPTMSRRBQRV-NDEPHWFRSA-N,Cc1ccccc1C1CCN(C(=O)[C@H](COCc2ccc(Cl)c(Cl)c2)NCc2ccccc2)CC1,6.481486060122112,1,0.0,1998,1998,1998,IC50,B,1
RVFVJIRFYXKKNY-QHCPKHFHSA-N,COc1ccccc1C/N=C(\S)N1CCC[C@H]1C(=O)NC(c1ccccc1)c1ccccc1,6.481486060122112,1,0.0,1998,1998,1998,Ki,B,1
OAVNGCZBHRXUGH-ANWICMFUSA-N,COc1ccc(C(=O)N(C)[C@@H]2CCN(C(=O)C3CCN(C(C)=O)CC3)CC2c2ccc(Cl)c(Cl)c2)cc1,6.481486060122112,1,0.0,2013,2013,2013,IC50,B,1
CTCZUHQOMRXMTM-ZDNIURGKSA-N,COc1ccccc1CN[C@H]1C2CC[N+](Cc3ccccc3)(CC2)[C@H]1C(c1ccccc1)c1ccccc1,6.478861916295964,1,0.0,1994,1994,1994,IC50,B,1
JVCKKWZCSIKZIY-PMERELPUSA-N,O=C(NCCc1ccccc1)[C@H](Cc1c[nH]c2ccccc12)NC(=O)N1CCC2(CCc3ccccc32)CC1,6.478861916295964,1,0.0,1998,1998,1998,IC50,B,1
JTNZAZWXIUSVNY-UNMCSNQZSA-N,COc1ccccc1CN[C@H]1C2CCN(CC2)[C@H]1Cc1ccccc1,6.471238188588469,2,0.22453065651086898,1992,1998,1995,IC50,B,2
PDJRNVXFLCXTET-UHFFFAOYSA-N,COc1ccccc1CN(CC(NC(=O)CN1CCN(c2ccccc2)CC1)c1ccc(Cl)c(Cl)c1)C(C)=O,6.471083299722345,1,0.0,1996,1996,1996,IC50,B,1
WPLMVHBOHQZONH-UHFFFAOYSA-N,O=C(c1cccc2ccccc12)N1CCC2(CC1)NC(=O)N(c1cc(C(F)(F)F)cc(C(F)(F)F)c1)C2=O,6.470005326930858,1,0.0,2002,2002,2002,Ki,B,1
JEZKKPXWSVQUPH-NBGIEHNGSA-N,CN(Cc1ccc(F)cc1)C(=O)[C@@]1(c2ccc(Cl)c(Cl)c2)C[C@H]1CN1CCN(S(=O)(=O)N(C)C)CC1,6.468521082957745,1,0.0,2011,2011,2011,Ki,B,1
KSKCQNQJZYGBIZ-UHFFFAOYSA-N,Cc1c(C(=O)NCc2cc(C(F)(F)F)cc(C(F)(F)F)c2)c(-c2ccccc2)cc[n+]1[O-],6.465973893943865,1,0.0,2011,2011,2011,IC50,B,1
YSLVLJLBAALQJN-NSOVKSMOSA-N,COc1ccc(CN[C@H]2C3CCN(CC3)[C@H]2C(c2ccccc2)c2ccccc2)cc1,6.4623509675536015,2,0.0033303490594109586,1992,1998,1995,IC50,B,2
QECBUZHWFDACDA-FCHUYYIVSA-N,COc1ccc(CN[C@H]2C3CCN(CC3)[C@@H]2c2cccc(Cl)c2)c(OC)c1,6.455931955649724,1,0.0,1994,1994,1994,IC50,B,1
GLGZVOVECKGFLP-UHFFFAOYSA-N,FC(F)(F)c1cc(COCC2(c3ccccc3)CCC(N3CCOCC3)CC2)cc(C(F)(F)F)c1,6.455931955649724,1,0.0,2014,2014,2014,IC50,B,1
DZOJBGLFWINFBF-UMSFTDKQSA-N,CC(=O)N(C)C1(c2ccccc2)CCN(CCC[C@]2(c3ccc(Cl)c(Cl)c3)CCCN(C(=O)c3ccccc3)C2)CC1,6.440741486747186,6,0.36466884391320464,1996,2015,2010,Ki,B,6
QIPWNEBFOZSRLS-OAQYLSRUSA-N,N[C@H](COCc1ccccc1)C(c1ccccc1)c1ccccc1,6.4399976732266335,1,0.0,1998,1998,1998,IC50,B,1
GBGJHGBFMCNNKU-UHFFFAOYSA-N,FC(F)(F)c1ccc(COC2C3CCN(CC3)C2C(c2ccccc2)c2ccccc2)cc1,6.431798275933005,1,0.0,1995,1995,1995,IC50,B,1
UKMJWGFHXMGRNG-VZUYHUTRSA-O,CCCC[P+](CCCC)(CCCC)Cc1ccc(NC(=O)[C@@H](Cc2ccc3ccccc3c2)N=C(NC2CCCCC2)NC2CCCCC2)cc1,6.431798275933005,1,0.0,1997,1997,1997,Kd,B,1
YWNWTGILUQBCJO-WEWMWRJBSA-N,CN(C)c1ccccc1CC(=O)N1C[C@H]2[C@@H](C1)C(c1ccccc1)(c1ccccc1)SC[C@@H]2O,6.431798275933005,1,0.0,1995,1995,1995,IC50,B,1
YVSHNDBXGBWORD-UHFFFAOYSA-N,FC(F)(F)c1cc(CNCc2ccccc2-c2ccccc2)cc(C(F)(F)F)c1,6.429457060118103,1,0.0,2006,2006,2006,Ki,B,1
KRMRRUSVEHWWQG-UHFFFAOYSA-N,O=C(Cc1cc(C(F)(F)F)cc(C(F)(F)F)c1)NCC(c1ccccc1)c1ccccc1,6.422508200162775,1,0.0,1996,1996,1996,IC50,B,1
ODPRNYGWGVRXIG-UHFFFAOYSA-N,O=C(c1ccccc1)N1CCCC(CCCN2CCC(n3c(=O)[nH]c4ccccc43)CC2)(c2ccc(Cl)c(Cl)c2)C1,6.421360790031928,1,0.0,1998,1998,1998,IC50,B,1
WSCXFZWPQPJUAS-CMINWHHESA-N,Cc1cc(C)cc(/C(F)=C2/CC[C@H](NC(=O)c3ccnc4ccccc34)C[C@H]2Cc2ccccc2)c1,6.42021640338319,1,0.0,1997,1997,1997,IC50,B,1
CQJXBNDZWCFOLX-UHFFFAOYSA-N,CN1CCC(COCc2cc(C(F)(F)F)cc(C#N)n2)(c2ccccc2)CC1,6.42021640338319,1,0.0,2013,2013,2013,IC50,B,1
CDDNZYHWARLMKA-NDEPHWFRSA-N,CS(=O)(=O)NCC1(c2ccccc2)CCN(C(=O)[C@H](COCc2ccc(Cl)c(Cl)c2)NCc2ccccc2)CC1,6.417936637088291,1,0.0,1998,1998,1998,IC50,B,1
QIPWNEBFOZSRLS-UHFFFAOYSA-N,NC(COCc1ccccc1)C(c1ccccc1)c1ccccc1,6.416636972209974,2,0.026441499410545494,1994,2004,1999,IC50,B,2
WYCFYGAPQXYEFE-RRPNLBNLSA-N,CN(Cc1ccnc2ccccc12)[C@H]1CCN(C(=O)c2cc(Cl)cc(Cl)c2)[C@H](Cc2ccccc2)C1,6.4089353929735005,1,0.0,1996,1996,1996,IC50,B,1
MNSQPPPTEDKYHO-UHFFFAOYSA-N,O=C(NCc1cc(C(F)(F)F)cc(C(F)(F)F)c1)c1c(-c2ccccc2)c2ccccc2n2cccc12,6.4089353929735005,1,0.0,2008,2008,2008,IC50,B,1
YHCARYOWLPOIJH-FQEVSTJZSA-N,CC(=O)N1Cc2[nH]c3ccccc3c2C[C@H]1C(=O)OCc1cc(C(F)(F)F)cc(C(F)(F)F)c1,6.4089353929735005,1,0.0,2016,2016,2016,Ki,B,1
OZEMABLVUYGXRL-UHFFFAOYSA-N,Clc1cccc(COCC(c2ccccc2)N2CCNCC2)c1,6.399996913372259,2,0.0,2002,2003,2002,IC50;Ki,B,2
ZLJIJVTVACSNTN-UCGGBYDDSA-N,CN1C(=O)OC2(CCN(CCC[C@H](C(=O)N(C)[C@@H](Cc3ccccc3)C(=O)NCCN)c3ccc(Cl)c(Cl)c3)CC2)c2cc(F)ccc21,6.399996913372259,1,0.0,2014,2014,2014,Ki,B,1
JCWDFVQRQXWEJE-DODOAAEWSA-N,CN1C(=O)OC2(CCN(CC[C@](C)(C(=O)N[C@@H](Cc3ccccc3)C(=O)NCCN)c3ccc(Cl)c(Cl)c3)CC2)c2cc(F)ccc21,6.399996913372259,1,0.0,2014,2014,2014,Ki,B,1
GMJLNKOCKKKDLK-UHFFFAOYSA-N,O=C1NC(Cc2c[nH]c3ccccc23)CN(Cc2cc(C(F)(F)F)cc(C(F)(F)F)c2)C1=O,6.3979400086720375,1,0.0,1995,1995,1995,IC50,B,1
SJKYOVFCBLAVEU-YMNQCSKTSA-N,Fc1ccc([C@@H]2NCCOC23CC[C@H](c2ccccc2C(F)(F)F)CO3)cc1,6.3979400086720375,1,0.0,2002,2002,2002,Ki,B,1
SJKYOVFCBLAVEU-YSSFQJQWSA-N,Fc1ccc([C@@H]2NCCO[C@]23CC[C@H](c2ccccc2C(F)(F)F)CO3)cc1,6.3979400086720375,1,0.0,2021,2021,2021,IC50,B,1
ZACCWUQTMHZTIE-UHFFFAOYSA-N,Cc1ccc(-c2c(C(=O)NCc3cc(C(F)(F)F)cc(C(F)(F)F)c3)c3nnnn3c3ccccc23)cc1,6.396855627379818,1,0.0,2008,2008,2008,IC50,B,1
AYTYJTNCCRHYOF-IXCJQBJRSA-N,CN(Cc1ccccc1)C(=O)[C@@H](Cc1c[nH]c2ccccc12)NC(=O)[C@H]1CCCN1C(=O)Nc1ccccc1[N+](=O)[O-],6.3872161432802645,1,0.0,1998,1998,1998,IC50,B,1
YPYHWGJECASGOL-NSOVKSMOSA-N,Cc1ccccc1C/N=C(\S)N1CCC[C@H]1C(=O)N[C@@H](Cc1ccccc1)C(=O)N(C)Cc1ccccc1,6.3872161432802645,1,0.0,1998,1998,1998,IC50,B,1
GDUGRYUTQQIHKS-HXUWFJFHSA-N,FC(F)(F)c1cc(COC[C@@]2(c3ccccc3)CCCCNC2)cc(C(F)(F)F)c1,6.3872161432802645,1,0.0,2013,2013,2013,IC50,B,1
KMXLXHFSSQDIGC-VPTMLEGASA-N,CC(=O)N1CCC(C(=O)N2CC[C@@H](N(C)C(=O)c3ccc(-c4ccccc4)cc3)C(c3ccc(Cl)c(Cl)c3)C2)CC1,6.3872161432802645,1,0.0,2013,2013,2013,IC50,B,1
CCIWVEMVBWEMCY-RCFOMQFPSA-N,COc1ccccc1[C@H](C)C(=O)N1C[C@@H]2[C@H](C1)C(c1ccccc1)(c1ccccc1)CC[C@@]2(O)c1ccccc1OC,6.386056647693163,2,2.1213203435596424,1994,1995,1994,IC50,B,2
CEMCPAAFDOVLDW-FQEVSTJZSA-N,CC(C)(C)OC(=O)N[C@@H](Cc1c[nH]c2ccccc12)C(=O)OCc1ccccc1,6.384049948343598,2,0.0,1993,1994,1993,IC50,B,2
NEMILYAYVCLLDG-UHFFFAOYSA-N,Clc1ccc(COC2C3CCN(CC3)C2C(c2ccccc2)c2ccccc2)cc1,6.379863945026242,1,0.0,1995,1995,1995,IC50,B,1
ZCVDEBWDINFSGJ-NDEPHWFRSA-N,COc1ccccc1CN(C[C@H](Cc1c[nH]c2ccccc12)NC(=O)CN1CCN(c2ccccc2)CC1)C(C)=O,6.373057288106936,2,0.10332199774211348,1996,1996,1996,IC50;Kd,B;F,1
BZDXMLXOSGUXDE-DEOSSOPVSA-N,CC(C)COC(=O)N[C@@H](Cc1c[nH]c2ccccc12)C(=O)NCCc1c[nH]c2ccccc12,6.366531544420413,1,0.0,1997,1997,1997,IC50,B,1
BVALXLKHALQQPF-UHFFFAOYSA-N,CN1CCC(COCc2cc(C(F)(F)F)cc(Cl)n2)(c2ccc(Cl)cc2)CC1,6.366531544420413,1,0.0,2013,2013,2013,IC50,B,1
WCYPZYJDSHNYJO-IBGZPJMESA-N,CC(=O)N[C@@H](Cc1ccccc1)C(=O)OCc1cc(C)cc(C)c1,6.363512103646634,1,0.0,1994,1994,1994,IC50,B,1
SKLLXNKQWQRXIR-UHFFFAOYSA-N,Cc1cc(-c2ccccc2)c(C(=O)NCc2cc(C(F)(F)F)cc(C(F)(F)F)c2)c(C)n1,6.362510270487489,1,0.0,2011,2011,2011,IC50,B,1
XIUWYQPZUOTMGU-MLYMZAKTSA-N,CO/N=C(\CN(C)S(=O)(=O)c1cc(C(F)(F)F)cc(C(F)(F)F)c1)C(CCN1CCC(O)(c2ccccc2)CC1)c1ccc(Cl)c(Cl)c1,6.361510743045363,1,0.0,2002,2002,2002,Ki,B,1
BBOVGJPWQAJNJG-ROOYGRKUSA-N,Cc1cccc2c1C1(C34C[C@H]5C(=O)N[C@@H](Cc6ccccc6)C(=O)N5[C@H]3Nc3ccccc34)C[C@H]3C(=O)N[C@@H](Cc4ccccc4)C(=O)N3[C@H]1N2,6.356547323513812,1,0.0,1995,1995,1995,IC50,F,1
BVQGYVXUNMZWGR-RTWAWAEBSA-N,CC(C)(C)OC(=O)N1CC[C@H](c2ccccc2)[C@@H](C(=O)NCc2cc(C(F)(F)F)cc(C(F)(F)F)c2)C1,6.346787486224656,1,0.0,2007,2007,2007,IC50,B,1
YEOXHNNQFZRYKV-UHFFFAOYSA-N,CS(=O)(=O)N1CC2(CCN(C(=O)C(CCc3ccc(Cl)c(Cl)c3)NCc3ccccc3)CC2)c2ccccc21,6.341988603342887,1,0.0,1998,1998,1998,IC50,B,1
ZUXQUMYFXGYDFL-UHFFFAOYSA-N,CN1C(=O)N(Cc2cc(C(F)(F)F)cc(C(F)(F)F)c2)C2(CCN(C(=O)c3cccc4ccccc34)CC2)C1=O,6.339998279897117,1,0.0,2002,2002,2002,Ki,B,1
UXKKAOOCOPLVSF-UHFFFAOYSA-N,COc1ccccc1CNCc1c(-c2ccccc2)c2ccccc2c(=O)n1C,6.337242168318426,1,0.0,1995,1995,1995,IC50,B,1
NCJWLSWXMPGOIS-UHFFFAOYSA-N,CC(=O)C1(c2ccccc2)CCN(CCCC2(c3ccc(Cl)c(Cl)c3)CCCN(C(=O)c3ccccc3)C2)CC1,6.337242168318426,1,0.0,1998,1998,1998,IC50,B,1
RPNSLZSITFBVPE-UHFFFAOYSA-N,COc1ccccc1CNC(=O)c1c(-c2ccccc2C)c2ccccc2c(=O)n1C,6.327902142064282,1,0.0,1995,1995,1995,IC50,B,1
LCQBPNWAJFSCIT-UHFFFAOYSA-N,CC(C)N(C(C)C)C1CCC(COCc2cc(C(F)(F)F)cc(C(F)(F)F)c2)(c2ccccc2)C1,6.327902142064282,1,0.0,2014,2014,2014,IC50,B,1
ZARWJSGCHUURQL-UHFFFAOYSA-N,COc1ccccc1CN(CC(NC(=O)CN1CCN(c2ccccc2)CC1)c1ccccc1)C(C)=O,6.324221658325914,1,0.0,1996,1996,1996,IC50,B,1
XXUOOQREUFQRJA-AUIUKIKHSA-N,C[C@H](NC(=O)CN)C(=O)N[C@H]1CSSC[C@H](C(=O)O)NC(=O)[C@H](CO)NC(=O)[C@H]([C@@H](C)O)NC(=O)[C@H](Cc2ccccc2)NC(=O)[C@H]([C@@H](C)O)NC(=O)[C@H](Cc2ccc(F)cc2)NC(=O)[C@@H](Cc2c[nH]c3ccccc23)NC(=O)[C@H](Cc2ccccc2)NC(=O)[C@H](Cc2ccccc2)NC(=O)[C@H](CC(N)=O)NC(=O)[C@H](CCCCN)NC1=O,6.321032576499773,4,0.6751927751711061,2000,2000,2000,IC50,B,1
BYUMATUURCXQEB-NDEPHWFRSA-N,CSN1CC2(CCN(C(=O)N[C@@H](COCc3ccccc3)C(=O)N(C)Cc3ccccc3)CC2)c2ccccc21,6.318758762624412,1,0.0,1998,1998,1998,IC50,B,1
JZDPXZLJGCVRBD-UHFFFAOYSA-N,CN(Cc1ccccc1Cl)C(=O)Nc1c(-c2ccc(F)cc2)c2ccccc2c(=O)n1C,6.318758762624412,1,0.0,1995,1995,1995,IC50,B,1
DNYAHFKJMPYBQK-UHFFFAOYSA-N,CN1CCC(COCc2cncc(Br)c2)(c2ccccc2)CC1,6.318758762624412,1,0.0,2013,2013,2013,IC50,B,1
DZQBGZPXSVUSTJ-UHFFFAOYSA-N,Cc1cc(C)cc(COCC(N)Cc2ccccc2)c1,6.316052869248487,1,0.0,1994,1994,1994,IC50,B,1
AJVHBIHBNFGOHB-BZDRKYDISA-N,C[C@@H](O)[C@@H]1NC(=O)[C@H](Cc2ccc(F)cc2)NC(=O)[C@@H](Cc2c[nH]c3ccccc23)NC(=O)[C@H](Cc2ccccc2)NC(=O)[C@H](Cc2ccccc2)NC(=O)[C@H](CC(N)=O)NC(=O)[C@H](CCCCN)NC(=O)[C@@H](N)CSSC[C@H](C(=O)O)NC(=O)[C@H](CO)NC(=O)[C@H]([C@@H](C)O)NC(=O)[C@H](Cc2ccccc2)NC1=O,6.315392071294928,4,0.7429639392949813,2000,2000,2000,IC50,B,1
XQCHBKZHGOEFPQ-IBGZPJMESA-N,CC(=O)N[C@H]1Cc2ccccc2CN(CC(=O)NCc2cc(C(F)(F)F)cc(C(F)(F)F)c2)C1=O,6.30614360358156,2,0.15011230866915648,2011,2011,2011,Kd;Ki,B;F,1
WDSJGLRGQYNOEF-PKUDWBDQSA-N,C[C@H](O)[C@@H]1NC(=O)[C@H](Cc2ccccc2)NC(=O)[C@@H](Cc2c[nH]c3ccccc23)NC(=O)[C@@H](Cc2ccccc2)NC(=O)[C@@H]2CCCN2C(=O)[C@H](Cc2ccccc2)NC1=O,6.304518323509802,1,0.0,1996,1996,1996,IC50,B,1
XSUZGCYNKOVZIW-GOTSBHOMSA-N,Cc1cc(C)cc(CO[C@H]2C3CCN(CC3)[C@H]2Cc2ccccc2)c1,6.303880219800945,2,0.3263112939794655,1995,1995,1995,IC50,B,1
WAACBTLXCIQAPC-UHFFFAOYSA-N,CS(=O)(=O)N1CC2(CCN(CCCC3(c4ccc(Cl)c(Cl)c4)CCCN(C(=O)c4ccccc4)C3)CC2)c2ccccc21,6.303643611266668,1,0.0,1998,1998,1998,IC50,B,1
LWIVKHBGLMJTDY-UHFFFAOYSA-N,CCCCCN(CCCCC)C(=O)N1CCN(C(=O)N(c2ccccc2)c2ccccc2)CC1,6.301029995663981,1,0.0,1993,1993,1993,IC50,B,1
YOFWXHCWDOJSFS-UHFFFAOYSA-N,O=C1C2CN(C(=O)c3sc4ccccc4c3Cl)C3(CCNCC3)C2C(=O)N1Cc1cc(C(F)(F)F)cc(C(F)(F)F)c1,6.299997602857746,1,0.0,2002,2002,2002,Ki,B,1
AMSYJCKYQVDRSP-UHFFFAOYSA-N,CN1C(=O)C2CN(Cc3cccs3)C3(CCN(C(=O)c4cc(C(F)(F)F)cc(C(F)(F)F)c4)CC3)C2C1=O,6.2900011719748115,1,0.0,2002,2002,2002,Ki,B,1
XPLBDFVPBOIMJN-UHFFFAOYSA-N,Fc1ccc(C2NCCOC23CCC(c2cccc(C(F)(F)F)c2)CO3)cc1,6.289882634888183,1,0.0,2002,2002,2002,IC50,B,1
DOXKBIISJMVOAL-BJKOFHAPSA-N,O=C(c1cc(O)cc(O)c1)N1CC[C@H](NCc2ccnc3ccccc23)C[C@H]1Cc1ccccc1,6.2839966563652006,1,0.0,1996,1996,1996,IC50,B,1
WQUXLRVVRRBKCO-GBXCKJPGSA-N,CC(=O)N1CCC(C(=O)N2CC[C@@H](N(C)C(=O)c3ccc(Br)cn3)[C@H](c3ccc(Cl)c(Cl)c3)C2)CC1,6.2839966563652006,1,0.0,2013,2013,2013,IC50,B,1
CDAPYCBUIZMYOS-UHFFFAOYSA-N,O=C(NCc1cc(C(F)(F)F)cc(C(F)(F)F)c1)C(c1ccccc1)c1ccccc1,6.279014255846261,1,0.0,1996,1996,1996,IC50,B,1
UCDYNHPOUAKORZ-QLKFWGTOSA-O,CCCC[N+](CCCC)(CCCC)Cc1ccc(NC(=O)[C@H](Cc2ccc3ccccc3c2)N=C(NC2CCCCC2)NC2CCCCC2)cc1,6.267606240177031,1,0.0,1997,1997,1997,Kd,B,1
WQZUOBIIPDZRJP-VSGBNLITSA-N,Cc1cc(C)cc(C(=O)N2CC[C@@H](NCc3ccnc4ccccc34)C[C@H]2Cc2ccccc2)c1,6.267606240177031,1,0.0,1996,1996,1996,IC50,B,1
KBULHCWLNOPYFW-UHFFFAOYSA-N,CS(=O)(=O)N1CC2(CCN(C(=O)C(COCc3ccccc3)NCc3ccccc3Cl)CC2)c2ccccc21,6.266000713461613,1,0.0,1998,1998,1998,IC50,B,1
QXSXGOZFQYUICU-UHFFFAOYSA-N,O=C(NCc1cc(C(F)(F)F)cc(C(F)(F)F)c1)c1c(-c2ccccc2)c2ccccc2n2cnnc12,6.266000713461613,1,0.0,2008,2008,2008,IC50,B,1
WUSQQOCSYQHDPX-LJAQVGFWSA-N,CS(=O)(=O)N(CC1CCN(C(=O)[C@H](COCc2ccc(Cl)c(Cl)c2)NCc2ccccc2)CC1)c1ccccc1,6.262012673666569,1,0.0,1998,1998,1998,IC50,B,1
FKPVZIGBRDXSJP-HQKXVBDLSA-N,C[C@@H]1NC(=O)[C@@H]2CCCN2C(=O)[C@H](Cc2ccccc2)NC(=O)[C@H]([C@@H](C)O)NC(=O)[C@H](Cc2ccccc2)NC(=O)[C@@H](Cc2c[nH]c3ccccc23)NC1=O,6.260427655549908,1,0.0,1996,1996,1996,IC50,B,1
SCUCGLNZVOAIMC-NRFANRHFSA-N,Cc1cc(C)cc(COC(=O)[C@H](Cc2c[nH]c3ccccc23)N(C)C)c1,6.257274868695301,3,0.0015737540093045067,1993,1998,1994,IC50,B,3
DUTQVRPRTFGQLG-SANMLTNESA-N,Cc1ccccc1N1CCN(C(=O)[C@H](COCc2ccc(Cl)c(Cl)c2)NCc2ccccc2)CC1,6.253365801062421,1,0.0,1998,1998,1998,IC50,B,1
BEXOTYMLUDAROH-HMCKCBAOSA-N,Clc1ccccc1CN[C@H]1C2CCCN(CC2)[C@H]1C(c1ccccc1)c1ccccc1,6.251811972993799,1,0.0,1993,1993,1993,IC50,B,1
YPDPPCHRJSBOBT-UHFFFAOYSA-N,CN(C(=O)Cc1cc(C(F)(F)F)cc(C(F)(F)F)c1)c1ccccc1-c1ccccc1,6.250263684430939,1,0.0,2006,2006,2006,Ki,B,1
CVJXAAMXYMIAEU-UHFFFAOYSA-N,FC(F)(F)c1cc(CN2CCNC(Cc3c[nH]c4ccccc34)C2)cc(C(F)(F)F)c1,6.246416941107094,1,0.0,1995,1995,1995,IC50,B,1
NNQQINUYFDRYPI-KAYWLYCHSA-N,FC(F)(F)c1cc(CO[C@@H]2C3CCN(CC3)[C@@H]2C(c2ccccc2)c2ccccc2)cc(C(F)(F)F)c1,6.2441251443275085,3,0.16214242635086232,1993,1998,1995,IC50,B,3
NZYZDPKNNQJZQG-UHFFFAOYSA-N,COc1ccccc1N1CCN(C(=O)CCc2c(-c3ccc(Cl)cc3)[nH]c3cc(Cl)cc(Cl)c23)CC1,6.2441251443275085,1,0.0,2001,2001,2001,IC50,B,1
DGQVOEAFFYHRME-UHFFFAOYSA-N,O=C(c1cc(C(F)(F)F)cc(C(F)(F)F)c1)N1CCC2(CC1)NC(=O)N(CCc1c[nH]c3ccccc13)C2=O,6.2399999527072705,1,0.0,2002,2002,2002,Ki,B,1
WLCOKZLFXYCUEZ-DEOSSOPVSA-N,CSCCNS(=O)(=O)c1ccc(N/N=C(\S)N2CCC[C@H]2C(=O)NC(c2ccccc2)c2ccccc2)c([N+](=O)[O-])c1,6.229147988357855,1,0.0,2001,2001,2001,IC50,B,1
HIXKQYYKPASOGY-SVBPBHIXSA-N,CN(Cc1ccccc1)C(=O)[C@H](Cc1ccccc1)NC(=O)[C@@H]1CCCN1C(=O)NCc1ccccc1Cl,6.229147988357855,1,0.0,1998,1998,1998,IC50,B,1
QTRCZKVGWHJYRF-UHFFFAOYSA-N,O=C(NCCCc1cc(C(F)(F)F)cc(C(F)(F)F)c1)C(c1ccccc1)c1ccccc1,6.226945306635738,1,0.0,1996,1996,1996,IC50,B,1
HUPLJWMCMSKOPD-IYFRSFRXSA-N,C[C@@H](O)[C@@H]1NC(=O)[C@H](Cc2ccccc2)NC(=O)[C@@H](Cc2c[nH]c3ccccc23)NC(=O)[C@H](CO)NC(=O)[C@@H]2CCCN2C(=O)[C@H](Cc2ccccc2)NC1=O,6.2247537402597635,1,0.0,1996,1996,1996,IC50,B,1
MSECWNMVFATCEZ-MHZLTWQESA-N,CCCCCN(CCCCC)C(=O)N1CCN(C(=O)N(c2ccccc2)c2ccccc2)[C@H](C(=O)NCC(=O)O)C1,6.224025668870631,1,0.0,1993,1993,1993,IC50,B,1
LTSSKWVSNPFEDQ-QHCPKHFHSA-N,O=C(N[C@@H](Cc1c[nH]c2ccccc12)C(=O)OCc1ccccc1Cl)c1ccccc1,6.221848749616356,1,0.0,1994,1994,1994,IC50,B,1
IOACPIKKSGPKPW-UHFFFAOYSA-N,CN(Cc1cc(C(F)(F)F)cc(C(F)(F)F)c1)Cc1c(-c2ccccc2)c2ccccc2c(=O)n1C,6.221848749616356,1,0.0,1995,1995,1995,IC50,B,1
TVPMJLYGHVNXLV-IZZNHLLZSA-N,O=C(c1cc(Cl)cc(Cl)c1)N1CC[C@H](N(Cc2ccnc3ccccc23)C(=O)C(F)(F)F)C[C@H]1Cc1ccccc1,6.221848749616356,1,0.0,1996,1996,1996,IC50,B,1
GITLLSKKQAZZKU-RRPNLBNLSA-N,Cc1cc(C)cc(C(=O)N2CC[C@H](NCc3ccnc4ccccc34)C[C@H]2Cc2ccc(Cl)cc2Cl)c1,6.221848749616356,1,0.0,1996,1996,1996,IC50,B,1
VVOGLOJOGOEZPO-UHFFFAOYSA-N,Brc1cncc(COCC2(c3ccccc3)CCNCC2)c1,6.221848749616356,1,0.0,2013,2013,2013,IC50,B,1
NWOPKTPNIIHJFE-NDEPHWFRSA-N,O=C([C@H](COCc1ccc(Cl)c(Cl)c1)NCc1ccccc1)N1CCC2(CCc3ccccc32)CC1,6.220403508742176,1,0.0,1998,1998,1998,IC50,B,1
KQMACMYDELVGSR-UHFFFAOYSA-N,CNC(c1ccccc1)C1(NCc2cc(C(F)(F)F)cc(C(F)(F)F)c2)CC1,6.207608310501746,1,0.0,2001,2001,2001,Ki,B,1
BXMJMALBICDTSR-UHFFFAOYSA-N,O=C(CC(c1ccccc1)c1ccccc1)NCCCc1cc(C(F)(F)F)cc(C(F)(F)F)c1,6.207608310501746,1,0.0,1996,1996,1996,IC50,B,1
WSCXFZWPQPJUAS-QVTSOHHYSA-N,Cc1cc(C)cc(/C(F)=C2\CCC(NC(=O)c3ccnc4ccccc34)CC2Cc2ccccc2)c1,6.207608310501746,1,0.0,1997,1997,1997,IC50,B,1
HEAUFJZALFKPBA-JPQUDPSNSA-N,CSCC[C@H](NC(=O)[C@H](CC(C)C)NC(=O)CNC(=O)[C@@H](NC(=O)[C@H](Cc1ccccc1)NC(=O)[C@H](CO)NC(=O)[C@H](CC(=O)O)NC(=O)[C@@H](NC(=O)[C@H](CCCCN)NC(=O)[C@@H](N)Cc1c[nH]cn1)[C@@H](C)O)C(C)C)C(N)=O,6.200659450546418,1,0.0,1998,1998,1998,Ki,B,1
GUIGWNGIQKNZBN-MHZLTWQESA-N,O=C1CC[C@@](CCN2CC(N3CCOCC3)C2)(c2ccc(Cl)c(Cl)c2)CN1CC1CCCCC1,6.199998172182031,1,0.0,2002,2002,2002,Kd,B,1
XUYBQECRTQVEHH-UHFFFAOYSA-N,O=C1CN(C(=O)NCc2cc(C(F)(F)F)cc(C(F)(F)F)c2)C(c2ccccc2)c2ccccc2N1,6.199998172182031,1,0.0,1997,1997,1997,Ki,B,1
BWAQGKDPIWERFY-RNAHPLFWSA-N,CN1C(=O)OC2(CCN(CC[C@@H](C(=O)N(C)[C@H](C(=O)NCCN)c3ccccc3)c3ccc(Cl)c(Cl)c3)CC2)c2cc(F)ccc21,6.199998172182031,1,0.0,2014,2014,2014,Ki,B,1
JCWDFVQRQXWEJE-SJHOIFEDSA-N,CN1C(=O)OC2(CCN(CC[C@](C)(C(=O)N[C@H](Cc3ccccc3)C(=O)NCCN)c3ccc(Cl)c(Cl)c3)CC2)c2cc(F)ccc21,6.199998172182031,1,0.0,2014,2014,2014,Ki,B,1
BUBGVFLMAHPWIA-UHFFFAOYSA-N,COc1ccc(C(=O)N2CCC(CCN3CCC(C(N)=O)(c4ccccc4)CC3)(c3ccc(Cl)c(Cl)c3)C2)cc1,6.1979107421182675,1,0.0,1996,1996,1996,IC50,B,1
YQHKVGJQICUJMY-UHFFFAOYSA-N,O=C(CC1CCN(C(=O)c2cccc(C#Cc3ccccn3)c2)CC1)Nc1ccccc1F,6.1938200260161125,1,0.0,2006,2006,2006,IC50,B,1
OCODABQGCXUTLB-UHFFFAOYSA-N,CN1C(=O)N(Cc2cc(C(F)(F)F)cc(C(F)(F)F)c2)C2(CCN(C(=O)c3c(Cl)cccc3Cl)CC2)C1=O,6.190002844637807,1,0.0,2002,2002,2002,Ki,B,1
SWGQDPWKPYZEEH-SFHVURJKSA-N,CN(C)CCN[C@H](C(=O)NCc1cc(C(F)(F)F)cc(C(F)(F)F)c1)c1ccc(F)cc1,6.187086643357144,1,0.0,2006,2006,2006,IC50,B,1
FUCPKVYRKXXLFP-UHFFFAOYSA-N,Cc1nccc(-c2ccccc2)c1C(=O)NCc1cc(C(F)(F)F)cc(C(F)(F)F)c1,6.185086818724926,1,0.0,2011,2011,2011,IC50,B,1
FVMGZIMTEZPJGA-OAQYLSRUSA-N,CN1CCCC[C@@](COCc2cc(C(F)(F)F)cc(C(F)(F)F)c2)(c2ccccc2)C1,6.180456064458131,1,0.0,2013,2013,2013,IC50,B,1
UKMJWGFHXMGRNG-QLKFWGTOSA-O,CCCC[P+](CCCC)(CCCC)Cc1ccc(NC(=O)[C@H](Cc2ccc3ccccc3c2)N=C(NC2CCCCC2)NC2CCCCC2)cc1,6.173925197299173,1,0.0,1997,1997,1997,Kd,B,1
CWKCHSOULBLCED-UHFFFAOYSA-N,Cc1cc(C)cc(CN2C(=O)OC(Cc3c[nH]c4ccccc34)C2=O)c1,6.165579296318468,1,0.0,1995,1995,1995,IC50,B,1
PGKXDIMONUAMFR-AREMUKBSSA-N,CC(=O)NC1(c2ccccc2)CCN(CC[C@H](CN(C)C(=O)c2ccccc2)c2ccc(Cl)c(Cl)c2)CC1,6.161927659821897,2,0.09194883791771753,1996,1998,1997,IC50,B,2
SOVZPUNJPSNXQR-UHFFFAOYSA-N,Cc1c(C(=O)NCc2cc(C(F)(F)F)cc(C(F)(F)F)c2)c(-c2ccccc2)cc2nncn12,6.156144577376839,1,0.0,2011,2011,2011,IC50,B,1
RYHNNCDMPVRREY-NSOVKSMOSA-N,c1ccc(CCN[C@H]2C3CCN(CC3)[C@H]2C(c2ccccc2)c2ccccc2)cc1,6.154901959985743,2,0.0,1993,1995,1994,IC50,B,2
WGTWUAXSBCFCDA-XZWHSSHBSA-N,O=C(c1ccc2ccccc2c1)N1CC[C@H](NCc2ccnc3ccccc23)C[C@H]1Cc1ccccc1,6.154901959985743,1,0.0,1996,1996,1996,IC50,B,1
JUQHUETWINQXRD-RTWAWAEBSA-N,COc1ccccc1CN[C@@H]1C2CCN(CC2)[C@H]1c1ccccc1,6.154901959985743,1,0.0,1994,1994,1994,IC50,B,1
SIPOLHQPOKEDPH-UHFFFAOYSA-N,CN1CCC(COCc2cc(C(F)(F)F)ccn2)(c2ccc(F)cc2)CC1,6.154901959985743,1,0.0,2013,2013,2013,IC50,B,1
WSCXFZWPQPJUAS-TVKQRKNISA-N,Cc1cc(C)cc(/C(F)=C2/CCC(NC(=O)c3ccnc4ccccc34)CC2Cc2ccccc2)c1,6.1487416512809245,1,0.0,1997,1997,1997,IC50,B,1
FAMNQGOTAYPHOM-UHFFFAOYSA-N,CN(Cc1cc(C(F)(F)F)cc(C(F)(F)F)c1)Cc1ccccc1-c1ccccc1,6.140261433802853,1,0.0,2006,2006,2006,Ki,B,1
PJXOVMYBBBUBNC-UHFFFAOYSA-N,FC(F)(F)c1ccc(COCC2(c3ccccc3)CCNCC2)cc1,6.136677139879544,1,0.0,1998,1998,1998,IC50,B,1
CMQPBJQRYACTFV-UHFFFAOYSA-N,Cc1cc(O)cc(C)c1CC(N)C(=O)NC(CCCNC(=N)N)C(=O)NC(Cc1ccccc1)C(=O)N(C)CC(=O)N(C)Cc1cc(C(F)(F)F)cc(C(F)(F)F)c1,6.13430394008393,1,0.0,2015,2015,2015,Ki,B,1
ADXFJIYJEFFOSY-UHFFFAOYSA-N,O=C1CCC(CCCN2CCC(n3c(=O)[nH]c4ccccc43)CC2)(c2ccc(Cl)c(Cl)c2)CN1Cc1ccccc1,6.129011186239424,1,0.0,1998,1998,1998,IC50,B,1
MDLHJQVPQINMDT-PDHQKIGBSA-N,Cc1cc(O)cc(C)c1C[C@H](N)C(=O)N[C@H](CCCNC(=N)N)C(=O)N[C@H]1Cc2ccccc2CN(CCC(=O)N(Cc2cc(C(F)(F)F)cc(C(F)(F)F)c2)CC(C)C)C1=O,6.129011186239424,1,0.0,2015,2015,2015,Ki,B,1
BVFQAQPYYOPYCQ-UHFFFAOYSA-N,CC(=O)NC(Cc1c[nH]c2ccccc12)C(=O)N(C)Cc1ccccc1,6.1249387366083,1,0.0,1997,1997,1997,IC50,B,1
NOEXOHLZBNPZCS-DEOSSOPVSA-N,COc1cccc(COC(=O)[C@H](Cc2c[nH]c3ccccc23)NC(=O)c2ccccc2)c1,6.119186407719209,1,0.0,1994,1994,1994,IC50,B,1
MQERJZPDBKDRIH-UHFFFAOYSA-N,CCNc1cc(C(F)(F)F)cc(COCC2(c3ccc(F)cc3)CCN(C)CC2)n1,6.119186407719209,1,0.0,2013,2013,2013,IC50,B,1
ZLPGKEGAFJLKOK-UHFFFAOYSA-N,CS(=O)(=O)N1CC2(CCN(CCCC3(c4ccc(Cl)c(Cl)c4)CCC(=O)N(Cc4ccccc4)C3)CC2)c2ccccc21,6.117475462045119,1,0.0,1998,1998,1998,IC50,B,1
NUBBYHCWXIRZMV-UHFFFAOYSA-N,CC(=O)NC1(C(=O)OCc2cc(C(F)(F)F)cc(C(F)(F)F)c2)CCc2[nH]c3ccccc3c2C1,6.116338564846382,1,0.0,2016,2016,2016,Ki,B,1
VBAXZQRCTGIDGP-FQEVSTJZSA-N,CC(=O)N[C@H](COCc1cc(C)cc(C)c1)Cc1c[nH]c2ccccc12,6.115204636051019,1,0.0,1995,1995,1995,IC50,B,1
KRTWVGJSCCFWEQ-UHFFFAOYSA-N,COc1cc(CNC(=O)c2c(-c3ccccc3)c3ccccc3n3nnnc23)cc(OC)c1,6.107905397309519,1,0.0,2008,2008,2008,IC50,B,1
YXYOQVJTKQKSTM-UHFFFAOYSA-N,CN1CCN(c2cc(C(F)(F)F)cc(COCC3(c4ccccc4)CCNCC3)n2)CC1,6.102372908709558,1,0.0,2013,2013,2013,IC50,B,1
TXYUZUBLLXLHPL-UHFFFAOYSA-N,COc1ccccc1C(=O)N1CC2C(=O)N(C)C(=O)C2C12CCN(C(=O)c1cc(C(F)(F)F)cc(C(F)(F)F)c1)CC2,6.0999990348465305,1,0.0,2002,2002,2002,Ki,B,1
ZTFCBHUUTZJZIB-UHFFFAOYSA-N,CN(Cc1cc(C(F)(F)F)cc(C(F)(F)F)c1)C(=O)N1CC(=O)Nc2ccccc2C1CN1CCOCC1,6.0999990348465305,1,0.0,1997,1997,1997,Ki,B,1
DOGOFOVKBRAJST-NRFANRHFSA-N,O=C(Cc1cc(C(F)(F)F)cc(C(F)(F)F)c1)N[C@H](C(=O)NCCN1CCOCC1)c1ccccc1,6.0999990348465305,1,0.0,2014,2014,2014,Ki,B,1
CFDNUNSOUUFTQO-HPMAGDRPSA-N,CSCC[C@@H]1NC(=O)[C@H](CC(C)C)NC(=O)[C@@H]2CNC(=O)C[C@H](NC1=O)C(=O)N[C@@H](Cc1c[nH]c3ccccc13)C(=O)N[C@@H](Cc1ccccc1)C(=O)N2,6.096910013008056,1,0.0,1997,1997,1997,IC50,B,1
GUFLJCKYBAWVTR-PQHLKRTFSA-N,CN(Cc1ccccc1)C(=O)[C@@H](Cc1ccc2ccccc2c1)NC(=O)[C@H]1CCCN1/C(S)=N/c1ccccc1[N+](=O)[O-],6.096910013008056,1,0.0,1998,1998,1998,IC50,B,1
GLOQARJVIRHMJL-UHFFFAOYSA-N,COc1ccccc1CN(C)Cc1c(-c2ccccc2)c2cc(C)c(C)cc2c(=O)n1C,6.096910013008056,1,0.0,1995,1995,1995,IC50,B,1
BJLLFVBHTSMSOU-AOYPEHQESA-N,CN(Cc1ccccc1)C(=O)[C@@H](Cc1ccc(Cl)c(Cl)c1)NC(=O)[C@H]1CCCN1C(=O)Nc1ccccc1[N+](=O)[O-],6.086186147616283,1,0.0,1998,1998,1998,IC50,B,1
RDLJFYDPHNQKHM-QFIPXVFZSA-N,O=C(NC(c1ccccc1)c1ccccc1)[C@@H]1CCCN1/C(S)=N/Nc1ccccc1[N+](=O)[O-],6.080921907623926,1,0.0,2001,2001,2001,IC50,B,1
ZTUNFLBIIFQDKG-YDMVOOKBSA-N,C[C@@H](O[C@H]1OC[C@H](O)[C@H](O)[C@H]1OCc1ccc(F)cc1)c1cc(C(F)(F)F)cc(C(F)(F)F)c1,6.079354998593212,1,0.0,2021,2021,2021,IC50,F,1
NFBNIRNKYJTDIE-UHFFFAOYSA-N,CCOc1ccc(CCNC(=O)N2CCN(CCCC(c3ccc(F)cc3)c3ccc(F)cc3)CC2)cc1,6.076238039171299,1,0.0,2001,2001,2001,IC50,B,1
HPSOFZODPZQTAH-UHFFFAOYSA-N,Cc1cccc(NC(=O)Nc2c(-c3ccccc3)c3cc(C)c(C)cc3c(=O)n2C)c1,6.075720713938118,1,0.0,1995,1995,1995,IC50,B,1
BGJIDILIDBTJSM-UHFFFAOYSA-N,COc1ccccc1C(CNC(=O)Cc1ccc(Cl)cc1)N1CCN(C2CCCCC2)CC1,6.070581074285707,1,0.0,2000,2000,2000,IC50,B,1
VBUIWYPUKKMBDJ-WJOKGBTCSA-N,N=C(N)NCc1ccc(NC(=O)[C@@H](Cc2ccc3ccccc3c2)N=C(NC2CCCCC2)NC2CCCCC2)cc1,6.065501548756432,1,0.0,1997,1997,1997,Kd,B,1
NYYCJMICKJQGAQ-UHFFFAOYSA-N,COc1ccccc1CNC(=O)c1c(-c2ccccc2)c2ccccc2c(=O)n1C,6.065501548756432,1,0.0,1995,1995,1995,IC50,B,1
KCHZSHRRZWMRFQ-RRPNLBNLSA-N,FC(F)(F)c1cc(CN2CC[C@H](NCc3ccnc4ccccc34)C[C@H]2Cc2ccccc2)cc(C(F)(F)F)c1,6.055517327849831,1,0.0,1996,1996,1996,IC50,B,1
KVHVYHNXKNBRLU-ROUUACIJSA-N,FC(F)(F)c1cc(CO[C@H]2CCCO[C@H]2c2ccccc2)cc(C(F)(F)F)c1,6.055024091587952,1,0.0,1995,1995,1995,IC50,B,1
VIGYJJFBPARTJM-UHFFFAOYSA-N,O=C1CCC(CCCN2CCC3(CC2)CN(c2ccccc2)NC3=O)(c2ccc(Cl)c(Cl)c2)CN1Cc1ccccc1,6.049635145623877,1,0.0,1998,1998,1998,IC50,B,1
KMZGWQBSAMFWQD-UHFFFAOYSA-N,CS(=O)(=O)N1CC2(CCN(C(=O)C(COCc3ccccc3)NCc3c(Cl)cccc3Cl)CC2)c2ccccc21,6.048176964684088,1,0.0,1998,1998,1998,IC50,B,1
AHOUBRCZNHFOSL-YOEHRIQHSA-N,Fc1ccc([C@@H]2CCNC[C@H]2COc2ccc3c(c2)OCO3)cc1,6.045757490560675,1,0.0,2013,2013,2013,IC50,B,1
QBEMOEIRUZZYTR-HKBQPEDESA-N,CCCCCN(CCCCC)C(=O)N1CCN(C(=O)N(c2ccccc2)c2ccccc2)[C@H](C(=O)N(C)CCN(C)C)C1,6.031517051446064,1,0.0,1993,1993,1993,IC50,B,1
DEKCAXGKHUYNLQ-LSHDLFTRSA-N,Clc1cncc(Cl)c1N/N=C/c1ccccc1-c1ccccc1,6.0301183562534995,1,0.0,2006,2006,2006,Ki,B,1
VXGPTRVARWWDQI-UHFFFAOYSA-N,N#Cc1ccc(COC2C3CCN(CC3)C2C(c2ccccc2)c2ccccc2)cc1,6.022276394711152,1,0.0,1995,1995,1995,IC50,B,1
MFELBXLWBSDUFY-UHFFFAOYSA-N,COc1ccccc1N1CCN(C(=O)CCc2c(-c3ccc(Cl)cc3)[nH]c3cccc(Cl)c23)CC1,6.022276394711152,1,0.0,2001,2001,2001,IC50,B,1
NGZLCBABNHHZFF-UHFFFAOYSA-N,Cc1cc(C)cc(C(=O)N2C3C=C(c4ccccc4)C2CC(NCc2ccnc4ccccc24)C3)c1,6.0,1,0.0,1997,1997,1997,IC50,B,1
DVFKYWHYHAXGFK-KYJUHHDHSA-N,CN(Cc1ccccc1)C(=O)[C@H](Cc1ccc2ccccc2c1)NC(=O)[C@@H]1CCCN1C(=O)Nc1ccc([N+](=O)[O-])cc1,6.0,1,0.0,1998,1998,1998,IC50,B,1
LYGDCLHLVLCYKZ-CLJLJLNGSA-N,CN(Cc1ccccc1)C(=O)[C@@H](Cc1ccccc1)NC(=O)[C@H]1CCCN1/C(S)=N/c1ccccc1Br,6.0,1,0.0,1998,1998,1998,IC50,B,1
ATSBEQRAHBGVJJ-UHFFFAOYSA-N,CN(Cc1ccccc1)C(=O)N1CC(=O)Nc2ccccc2C1c1ccccc1,6.0,1,0.0,1997,1997,1997,Ki,B,1
JPZJGETVYAMUNI-UHFFFAOYSA-N,CC1c2ccccc2N(C)C(=O)CN1C(=O)N(C)Cc1cc(C(F)(F)F)cc(C(F)(F)F)c1,6.0,1,0.0,1997,1997,1997,Ki,B,1
PFOMIAQBONXLRP-UHFFFAOYSA-N,O=C(CC1CCN(C(=O)c2cccc(C#Cc3ccccn3)c2)CC1)Nc1ccc(F)cc1,6.0,1,0.0,2006,2006,2006,IC50,B,1
UILHYIWDZUYMGB-SVBPBHIXSA-N,CN(Cc1ccccc1)C(=O)[C@H](Cc1ccccc1)NC(=O)[C@@H]1CCCN1/C(S)=N/Cc1ccccc1,5.995678626217357,1,0.0,1998,1998,1998,Ki,B,1
HQVRNLIDCXUVHE-XFQWPLCWSA-N,Cc1cc(O)cc(C)c1C[C@H](N)C(=O)N[C@H](CCCNC(=N)N)C(=O)N[C@H]1Cc2ccccc2CN(CC(=O)N(Cc2ccccc2)CC(C)C)C1=O,5.991399828238082,1,0.0,2015,2015,2015,Ki,B,1
GLFJJJVLKJNYOY-UHFFFAOYSA-N,CC(=O)C1(c2ccccc2)CCN(CCCC2(c3ccc(Cl)c(Cl)c3)CCC(=O)N(Cc3ccccc3)C2)CC1,5.988852639224202,1,0.0,1998,1998,1998,IC50,B,1
KWYBCHYLXFETGY-SANMLTNESA-N,Cc1cc(C)cc(CN(C)C(=O)[C@H](Cc2c[nH]c3ccccc23)NC(=O)c2ccccc2)c1,5.985899678480379,1,0.0,1995,1995,1995,IC50,B,1
BFTNGPWIAXYGDV-BJKOFHAPSA-N,O=C(c1ccccc1Cl)N1CC[C@H](NCc2ccnc3ccccc23)C[C@H]1Cc1ccccc1,5.982966660701219,1,0.0,1996,1996,1996,IC50,B,1
OTHQZIZHGKBPIC-UVNMLMKLSA-N,C[C@@H](O)[C@@H]1NC(=O)[C@H](Cc2ccc(O)cc2)NC(=O)[C@@H](Cc2c[nH]c3ccccc23)NC(=O)[C@H](Cc2ccccc2)NC(=O)[C@@H]2CCCN2C(=O)[C@H](Cc2ccccc2)NC1=O,5.980883709552927,2,0.0,1996,2000,1998,IC50,B;F,2
CMVKWSMUPSXKPB-QHCPKHFHSA-N,O=C(N[C@@H](Cc1c[nH]c2ccccc12)C(=O)OCc1cccc(Cl)c1)c1ccccc1,5.978810700930062,1,0.0,1994,1994,1994,IC50,B,1
UYNUMQYFKIFKCA-UHFFFAOYSA-N,CC(=O)N1CCC2(CC1)C1C(=O)N(c3ccccc3)C(=O)C1CN2C(=O)c1cc(C(F)(F)F)cc(C(F)(F)F)c1,5.969999718407896,1,0.0,2002,2002,2002,Ki,B,1
RDKQAVZIXBHKDK-QNGWXLTQSA-N,CCCCCN(CCCCC)C(=O)N1CCN(C(=O)N(c2ccccc2)c2ccccc2)[C@H](C(=O)N(C)CCN(C)Cc2cc(C(F)(F)F)cc(C(F)(F)F)c2)C1,5.96657624451305,1,0.0,1993,1993,1993,IC50,B,1
OYVUMDLWECZFFM-WENCNXQZSA-N,COC(=O)c1ccc(COC(=O)N[C@](C)(Cc2c[nH]c3ccccc23)C(=O)N[C@@H](C)c2ccccc2)cc1,5.95999928552668,1,0.0,1995,1995,1995,IC50,B,1
LVEVJTCPEKIPCM-NDEPHWFRSA-N,CSN1CC2(CCN(C(=O)N[C@@H](CCc3ccccc3)C(=O)N(C)Cc3ccccc3)CC2)c2ccccc21,5.958607314841775,1,0.0,1998,1998,1998,IC50,B,1
FCTGGFGGCAFKLE-YQOMSNACSA-N,FC(F)(F)c1ccccc1CNC1C2CC3CCC(C2)N3[C@H]1C(c1ccccc1)c1ccccc1,5.958607314841775,1,0.0,1994,1994,1994,IC50,B,1
VBUIWYPUKKMBDJ-HKBQPEDESA-N,N=C(N)NCc1ccc(NC(=O)[C@H](Cc2ccc3ccccc3c2)N=C(NC2CCCCC2)NC2CCCCC2)cc1,5.958607314841775,1,0.0,1997,1997,1997,Kd,B,1
NOQQPVOPNXNAQZ-UHFFFAOYSA-N,c1ccc(COCC2(c3ccccc3)CCNCC2)cc1,5.958607314841775,3,0.003419326325856166,1995,1998,1998,IC50,B;F,3
XAZRLGKDSDARME-WMZHIEFXSA-N,CN(C(=O)c1ccc(C(F)(F)F)cn1)[C@@H]1CCN(C(=O)C2CCN(C(=O)CO)CC2)C[C@H]1c1ccc(Cl)c(Cl)c1,5.958607314841775,1,0.0,2013,2013,2013,IC50,B,1
RITOINUTGUCQPS-BMFSAJMZSA-N,C[C@@H](O[C@H]1O[C@H](CO)[C@H](O)[C@H](O)[C@H]1OCc1ccc(F)cc1)c1cc(C(F)(F)F)cc(C(F)(F)F)c1,5.958607314841775,1,0.0,2021,2021,2021,IC50,F,1
ZMPIAJWCWPGMEU-UHFFFAOYSA-N,COc1ccc(COC2C3CCN(CC3)C2C(c2ccccc2)c2ccccc2)cc1,5.953504835665292,1,0.0,1995,1995,1995,IC50,B,1
SRIOHIXTSHGWLJ-QZTJIDSGSA-N,FC(F)(F)c1cc(CC[C@H]2OCCN[C@@H]2c2ccccc2)cc(C(F)(F)F)c1,5.94692155651658,1,0.0,1994,1994,1994,IC50,B,1
WPIIEURLXPCWTN-UHFFFAOYSA-N,Cc1cc(C)cc(COCC(N)Cc2cccc3ccccc23)c1,5.935542010773082,1,0.0,1994,1994,1994,IC50,B,1
UCQGCHZSIZSCCN-UHFFFAOYSA-N,O=C(NCc1cc(C(F)(F)F)cc(C(F)(F)F)c1)c1c(-c2ccccc2)c2ccccc2n2ccnc12,5.909036923404269,1,0.0,2008,2008,2008,IC50,B,1
IGTBNUVMBDYPQG-UHFFFAOYSA-N,COc1nc(NCCCN2CCOCC2)nc(OC)c1NC(=O)c1ccc(Oc2cc3c(cc2C)CCC3(C)C)o1,5.903089986991944,1,0.0,2006,2006,2006,Ki,B,1
JIRPCGSGAFSCJQ-UHFFFAOYSA-N,O=C(COc1cc(F)cc(F)c1)N(c1ccc(Cl)c(Cl)c1)C1CCNCC1,5.899998417198648,1,0.0,2002,2002,2002,IC50,B,1
SJUGCLVDTCIDMC-JKMYNKRXSA-N,CN(Cc1ccccc1)C[C@H](Cc1ccc2ccccc2c1)NC(=O)[C@@H]1CCCC[C@@H]1NC(=O)c1c[nH]c2ccccc12,5.899998417198648,1,0.0,1998,1998,1998,IC50,B,1
ZSIQAOCNFRWDNJ-OAHLLOKOSA-N,C[C@@H]1c2nnc(-c3csc(-c4ccc(F)cc4F)n3)n2CCN1C(=O)c1ccc(-c2cccs2)cc1,5.899998417198648,1,0.0,2015,2015,2015,Ki,B,1
JRQRQMINYXEZFS-QHCPKHFHSA-N,O=C(NC(c1ccccc1)c1ccccc1)[C@@H]1CCCN1/C(S)=N/Cc1ccccc1F,5.896196279044043,1,0.0,1998,1998,1998,Ki,B,1
WCQIHTJOGPSGGV-SXOMAYOGSA-N,COc1ccccc1C/N=C(\S)N1CCC[C@H]1C(=O)N[C@H](Cc1ccccc1)C(=O)N(C)Cc1ccccc1,5.892790030352131,1,0.0,1998,1998,1998,Ki,B,1
ONUKBEDPKJLRPQ-HKBQPEDESA-N,NCc1ccc(NC(=O)[C@H](Cc2ccc3ccccc3c2)N=C(NC2CCCCC2)NC2CCCCC2)cc1,5.886056647693163,1,0.0,1997,1997,1997,Kd,B,1
WMOOXZKQHPAXTA-QNGWXLTQSA-O,CCCC[P+](CCCC)(CCCC)Cc1ccc(NC(=O)[C@H](Cc2ccc3ccccc3c2)NC(=O)NC2CCCCC2)cc1,5.886056647693163,1,0.0,1997,1997,1997,Kd,B,1
UACCBGLNPJVHMU-SANMLTNESA-N,CS(=O)(=O)N1CC2(CCN(C(=O)[C@H](COCc3cc(C(F)(F)F)cc(C(F)(F)F)c3)NC(=O)c3ccc(Cl)c(Cl)c3)CC2)c2ccccc21,5.886056647693163,1,0.0,1998,1998,1998,IC50,B,1
WUYRGUCXBKZRJD-IZZNHLLZSA-N,O=C(c1ccc(Cl)cc1)N1CC[C@H](NCc2ccnc3ccccc23)C[C@H]1Cc1ccccc1,5.8616403872844,2,0.0023179604591597475,1996,1998,1997,IC50,B,2
DIMLTFVHIUSASS-UHFFFAOYSA-N,CC(C)(C(=O)Nc1ccccc1-c1ccccc1)c1cc(C(F)(F)F)cc(C(F)(F)F)c1,5.860120913598763,1,0.0,2006,2006,2006,Ki,B,1
YFLRTMKXRQUBGR-IZZNHLLZSA-N,O=C(c1ccccc1)N1CC[C@H](NCc2ccnc3ccccc23)C[C@H]1Cc1ccccc1,5.860061127661984,2,8.45500826320735e-05,1996,1998,1997,IC50,B,2
RIJFQNLRLPVBNV-RDBRXFRASA-N,C[C@@H](O)[C@@H]1NC(=O)[C@H](Cc2ccccc2)NC(=O)[C@@H](Cc2c[nH]c3ccccc23)NC(=O)[C@H](CC(=O)O)NC(=O)[C@@H]2CCCN2C(=O)[C@H](Cc2ccccc2)NC1=O,5.857297754262385,1,0.0,1996,1996,1996,IC50,B,1
CNMBAOHWPPLFCR-RXEARMEOSA-N,CC(NC(=O)[C@@](C)(Cc1cc2ccccc2[nH]1)NC(=O)OC(c1ccccc1)C(C)C)c1ccccc1,5.853871964321762,1,0.0,1995,1995,1995,IC50,B,1
BTWXSVJGGMEXOC-YADHBBJMSA-N,COc1cccc([C@H]2[C@H](NCc3ccccc3OC)C3CCN2CC3)c1,5.851935604699812,2,0.0027384260389929226,1994,1998,1996,IC50,B,2
CVXJAPZTZWLRBP-NDEPHWFRSA-N,COc1ccccc1CN(C[C@H](Cc1c[nH]c2ccccc12)NC(=O)CN1CCC(N2CCCCC2)CC1)C(C)=O,5.838375456023758,2,0.7613775852565438,1996,1996,1996,IC50;Kd,B;F,1
UJCNGMGNKQCRJT-VWLOTQADSA-N,Cc1cc(C)cc(CNC(=O)[C@H](Cc2c[nH]c3ccccc23)NC(=O)c2ccccc2)c1,5.831784706446182,2,0.002524625357910367,1995,1998,1996,IC50,B,2
YAMLMWXMDOFSKI-UHFFFAOYSA-N,CN1C(=O)N(Cc2cc(C(F)(F)F)cc(C(F)(F)F)c2)C2(CCN(C(=O)c3ccccc3F)CC2)C1=O,5.829999526735649,1,0.0,2002,2002,2002,Ki,B,1
NYBZCKAQIIPSDS-UHFFFAOYSA-N,COc1ccc(-c2c(C)nn3c(C(F)(F)F)cc(C)nc23)c(F)c1F,5.8278038631574445,2,0.5081025804855271,2017,2017,2017,IC50;Ki,B,1
DLZRUOUPLDQRRG-PXLJZGITSA-N,NC(N)=NCCC[C@H](N)C(=O)NCc1ccc(NC(=O)[C@H](Cc2ccc3ccccc3c2)N=C(NC2CCCCC2)NC2CCCCC2)cc1,5.823908740944319,1,0.0,1997,1997,1997,Kd,B,1
SIRMQLLMKUZYMJ-UHFFFAOYSA-N,O=C(Cc1cc(C(F)(F)F)cc(C(F)(F)F)c1)N1CCCCC1C(CN1CCC(N2CCCCC2)CC1)c1ccccc1,5.823908740944319,1,0.0,2000,2000,2000,IC50,B,1
VCOZZVXBJBIFFG-UHFFFAOYSA-N,CN(Cc1ccccc1)C(=O)Nc1c(-c2ccc(F)cc2)c2ccccc2c(=O)n1C,5.823908740944319,1,0.0,1995,1995,1995,IC50,B,1
SRIOHIXTSHGWLJ-ZWKOTPCHSA-N,FC(F)(F)c1cc(CC[C@@H]2OCCN[C@@H]2c2ccccc2)cc(C(F)(F)F)c1,5.815308569182401,1,0.0,1994,1994,1994,IC50,B,1
DXDAOPRJHIBOSF-QAXCHELISA-N,Cc1cc(O)cc(C)c1C[C@H](N)C(=O)N[C@H](CCCNC(=N)N)C(=O)N[C@H]1Cc2ccccc2CN(CC(=O)N(C)Cc2ccccc2)C1=O,5.815308569182401,1,0.0,2015,2015,2015,Ki,B,1
RGUDXLHTEUZZSX-SFHVURJKSA-N,Cc1cc(C)cc(COC(=O)[C@@H](N)Cc2c[nH]c3ccccc23)c1,5.8144578451456255,2,0.0,1993,1994,1993,IC50,B,2
RGUDXLHTEUZZSX-GOSISDBHSA-N,Cc1cc(C)cc(COC(=O)[C@H](N)Cc2c[nH]c3ccccc23)c1,5.8144578451456255,1,0.0,2004,2004,2004,IC50,B,1
UZKMDJRPPAXGMU-QHCPKHFHSA-N,O=C(NC(c1ccccc1)c1ccccc1)[C@@H]1CCCN1/C(S)=N/Cc1ccccc1[N+](=O)[O-],5.806875401645538,1,0.0,1998,1998,1998,Ki,B,1
MBLYTRTVVBPGLQ-WENCNXQZSA-N,C[C@H](NC(=O)[C@@](C)(Cc1c[nH]c2ccccc12)NC(=O)OCc1cccc(NC(=O)CCl)c1)c1ccccc1,5.800000874803203,1,0.0,1995,1995,1995,IC50,B,1
PWOIYCNBZZDBKW-YTTGMZPUSA-N,O=C(NC1(C(=O)N[C@@H](Cc2ccc3ccccc3c2)c2nnnn2Cc2ccccc2)CCCCC1)c1c[nH]c2ccccc12,5.800000874803203,1,0.0,1998,1998,1998,IC50,B,1
SFBJQTXZKXTYKE-UHFFFAOYSA-N,COc1ccccc1N1CCN(C(=O)c2cc(-c3ccc(Cl)cc3)n(C)n2)CC1,5.795880017344075,1,0.0,2011,2011,2011,Ki,B,1
JYCLPXSCZKCIMO-YEFUCVGBSA-N,CCN1C(=O)c2ccccc2[C@H]1[C@@H](CCN1CCC(c2ccccc2[S@+](C)[O-])CC1)c1ccc(Cl)c(Cl)c1,5.790484985457369,1,0.0,2002,2002,2002,Ki,B,1
LLDXCQQWICNMIB-UHFFFAOYSA-N,COc1ccc(N2CN(CC(=O)N3CCC4(CC3)C(=O)N(C)C(=O)N4Cc3cc(C(F)(F)F)cc(C(F)(F)F)c3)CC2=O)cc1OC,5.770000934050708,1,0.0,2002,2002,2002,Ki,B,1
CHUSBYPJIXEVJR-QHCPKHFHSA-N,O=C(NC(c1ccccc1)c1ccccc1)[C@@H]1CCCN1C(=S)NCc1ccccc1Br,5.769551078621726,1,0.0,1998,1998,1998,Ki,B,1
VEDXOPSEGUKALQ-SFHVURJKSA-N,Cc1ccc(-c2c(C(=O)N(C)[C@@H](C)c3ccccc3)n(C)c(=O)c3ncccc23)cc1,5.769551078621726,1,0.0,1998,1998,1998,IC50,B,1
FFHLOFOSIPUNDM-UHFFFAOYSA-N,FC(F)(F)c1cc(COCC2(c3ccccc3)CCCCC2)cc(C(F)(F)F)c1,5.769551078621726,1,0.0,2013,2013,2013,IC50,B,1
PKJCAAZHTMYOEX-DHUJRADRSA-N,CC/N=C(\NCC)NCc1ccc(NC(=O)[C@H](Cc2ccc3ccccc3c2)N=C(NC2CCCCC2)NC2CCCCC2)cc1,5.7447274948966935,1,0.0,1997,1997,1997,Kd,B,1
DEYOMMQLWMIBRN-UHFFFAOYSA-N,COc1ccccc1N1CCN(C(=O)c2cc(-c3ccc(Cl)cc3)n[nH]2)CC1,5.7447274948966935,1,0.0,2011,2011,2011,Ki,B,1
AVOBUSCWJGQAJM-SVBPBHIXSA-N,Clc1ccc(CN[C@H]2C3CCN(CC3)[C@H]2C(c2ccccc2)c2ccccc2)cc1,5.7217691797328385,2,0.0025017665520740084,1992,1998,1995,IC50,B,2
UUOUKHVFSLUAIM-UHFFFAOYSA-N,COc1ccccc1CN1CCN(C(=O)c2cc(-c3ccc(Cl)cc3)n[nH]2)CC1,5.721246399047171,1,0.0,2011,2011,2011,Ki,B,1
HCKXMTSBKOYSJY-IGBKUBFESA-N,O=C(N[C@H]1CCCC[C@H]1C(=O)N[C@@H](Cc1ccccc1)C(=O)NCc1ccccc1)c1c[nH]c2ccccc12,5.700000503883016,1,0.0,1998,1998,1998,IC50,B,1
KYGJZARUWQDKNA-UHFFFAOYSA-N,CS(=O)(=O)N1CC2(CCN(C(=O)C(N)COCc3ccccc3)CC2)c2ccccc21,5.698970004336019,1,0.0,1998,1998,1998,IC50,B,1
QOYSJYDAYLKBNM-UHFFFAOYSA-N,Cc1c(C2(c3ccc(C(F)(F)F)c(C#N)c3)CC2)c[nH]c1C(=O)NC(C)c1nc[nH]n1,5.698970004336019,1,0.0,2021,2021,2021,IC50,B,1
LYFVQKKPLRCWGQ-UHFFFAOYSA-N,CCCCCCCCN1C(=O)NC2(CCN(C(=O)c3cc(C(F)(F)F)cc(C(F)(F)F)c3)CC2)C1=O,5.689999562814496,1,0.0,2002,2002,2002,Ki,B,1
FDRLKINZOIUIDP-XAIPSOGISA-N,C[C@H](NC(=O)[C@@](C)(Cc1c[nH]c2ccccc12)NC(=O)OCc1c2ccccc2cc2ccccc12)c1ccccc1,5.679999195735272,1,0.0,1995,1995,1995,IC50,B,1
MDUAYQWGTRXARJ-QHCPKHFHSA-N,O=C(N[C@@H](Cc1c[nH]c2ccccc12)C(=O)OCc1ccc(C(F)(F)F)cc1)c1ccccc1,5.667561540084394,1,0.0,1994,1994,1994,IC50,B,1
ZAYADERDILOEBG-ABYGYWHVSA-N,CC(C)[C@H](OC(=O)N[C@](C)(Cc1ccccc1F)C(=O)NCCCCCCCNC(N)=O)c1ccccc1,5.657577319177793,2,0.0,1995,1996,1995,IC50,B,2
IPHLJEAOWLQDBF-UHFFFAOYSA-N,COc1ccc(CC(=O)NCC(c2ccccc2OC)N2CCN(C3CCCCC3)CC2)cc1,5.657577319177793,1,0.0,2000,2000,2000,IC50,B,1
SIYPEYKSXSWWFT-UHFFFAOYSA-N,COc1ccccc1N1CCN(C(=O)c2cc(-c3ccc(Cl)cc3)nn2C)CC1,5.657577319177793,1,0.0,2011,2011,2011,Ki,B,1
SZSNPMYOMSLAPU-UHFFFAOYSA-N,COc1cc(CNC(=O)CC(c2ccccc2)c2ccccc2)cc(OC)c1,5.650722472532045,1,0.0,1996,1996,1996,IC50,B,1
JSNZMVJAAYILPX-UHFFFAOYSA-N,O=C1C2CN(C(=O)COCc3ccccc3)C3(CCNCC3)C2C(=O)N1Cc1cc(C(F)(F)F)cc(C(F)(F)F)c1,5.639999555020352,1,0.0,2002,2002,2002,Ki,B,1
KDLUBXVKFJCDHI-HSZGREIDSA-N,Cc1cc(C)cc(C(=O)N2CCC(NCc3ccnc4ccccc34)CC2[C@@H](C)c2ccccc2)c1,5.638272163982407,1,0.0,1997,1997,1997,IC50,B,1
AMYNKJAEPXTVQR-UHFFFAOYSA-N,Cc1cc(C)cc(COCC(N)Cc2ccc3ccccc3c2)c1,5.632085261206248,1,0.0,1994,1994,1994,IC50,B,1
LSAWEFOQDMPCLG-UHFFFAOYSA-N,Cc1cc(C)cc(COCC(N)Cc2c[nH]c3ccccc23)c1,5.632085261206248,1,0.0,1994,1994,1994,IC50,B,1
RVKBMGOBDMERLT-UHFFFAOYSA-N,CC(=O)N1CCC2(CC1)C1C(=O)N(Cc3cc(C(F)(F)F)cc(C(F)(F)F)c3)C(=O)C1CN2C(=O)COCc1ccccc1,5.629999780524884,1,0.0,2002,2002,2002,Ki,B,1
AMYNKJAEPXTVQR-QFIPXVFZSA-N,Cc1cc(C)cc(COC[C@@H](N)Cc2ccc3ccccc3c2)c1,5.629999780524884,1,0.0,1998,1998,1998,IC50,B,1
LSAWEFOQDMPCLG-SFHVURJKSA-N,Cc1cc(C)cc(COC[C@@H](N)Cc2c[nH]c3ccccc23)c1,5.629999780524884,1,0.0,1998,1998,1998,IC50,B,1
IDVYVVGIQIVDOX-UHFFFAOYSA-N,O=C(NCCc1ccccc1)C1(Cc2ccccc2)CCc2ccc(Cc3ccccc3)cc21,5.619788758288394,1,0.0,1994,1994,1994,IC50,B,1
YYXOHTNVIPISIW-UHFFFAOYSA-N,COc1ccccc1C(CNC(=O)Cc1ccccc1)N1CCN(C2CCCCC2)CC1,5.619788758288394,1,0.0,2000,2000,2000,IC50,B,1
BCBZQRGPPQVWGF-KRWDZBQOSA-N,Cc1cc(C)cc(COC[C@H](N)c2ccccc2)c1,5.6020599913279625,1,0.0,1994,1994,1994,IC50,B,1
XDAGGXHDRUKNTB-ABQZONIHSA-N,CCC(C)Cc1cc(CC2NC(=O)CNC(=O)[C@H](C(C)C)NC(=O)CNC(=O)[C@@H]3CCCN3C(=O)[C@@H](Cc3c[nH]c4ccccc34)NC(=O)CNC2=O)ccc1OC,5.6020599913279625,1,0.0,1994,1994,1994,Ki,B,1
VFXYWFFOVYLHOY-DEOSSOPVSA-N,CS(=O)(=O)N1CCC2(CCN(C(=O)[C@H](COCc3ccc(Cl)c(Cl)c3)NCc3ccccc3)CC2)C1,5.6020599913279625,1,0.0,1998,1998,1998,IC50,B,1
OTCUBUAATXSYHI-NSOVKSMOSA-N,CN(CCc1ccccc1)C(=O)[C@H](Cc1ccccc1)NC(=O)[C@@H]1CCCN1/C(S)=N/Cc1ccccc1Cl,5.6020599913279625,1,0.0,1998,1998,1998,IC50,B,1
YQFOLIIAPDJRBR-OAQYLSRUSA-N,CC(C)(C(=O)N[C@@H](C(=O)NCCN1CCOCC1)c1ccccc1)c1cc(C(F)(F)F)cc(C(F)(F)F)c1,5.59999938302362,1,0.0,2014,2014,2014,Ki,B,1
JBHLDFWFKHUKBN-LJQANCHMSA-N,CC(C)(C(=O)N[C@@H](C(=O)N1CCOCC1)c1ccccc1)c1cc(C(F)(F)F)cc(C(F)(F)F)c1,5.59999938302362,1,0.0,2014,2014,2014,Ki,B,1
OZPICOPIYPCOIS-ZZGCUDHESA-N,O=C1CO[C@@H](/C=C/c2cc(C(F)(F)F)cc(C(F)(F)F)c2)[C@@H](c2ccccc2)N1,5.596879478824182,1,0.0,1994,1994,1994,IC50,B,1
XICQUSHDCDGLOA-OALUTQOASA-N,FC(F)(F)c1cc(CO[C@H]2CCCC[C@H]2c2ccccc2)cc(C(F)(F)F)c1,5.579714115058082,1,0.0,1995,1995,1995,IC50,B,1
QXCVZBAXCMOJRS-UHFFFAOYSA-N,O=C1OC(Cc2c[nH]c3ccccc23)C(=O)N1Cc1cccc(C(F)(F)F)c1,5.5741398549221595,1,0.0,1995,1995,1995,IC50,B,1
VJUXBLWRJQYXEJ-WNJJXGMVSA-N,Cc1cc(C)cc(C(=O)N2CC[C@H](NCc3ccnc4ccccc34)C[C@H]2c2ccccc2)c1,5.5717447568885525,2,0.002466362638956975,1996,1998,1997,IC50,B,2
QXCVZBAXCMOJRS-KRWDZBQOSA-N,O=C1O[C@@H](Cc2c[nH]c3ccccc23)C(=O)N1Cc1cccc(C(F)(F)F)c1,5.570000775141681,1,0.0,1998,1998,1998,IC50,B,1
XXUOOQREUFQRJA-GHKDZDAUSA-N,C[C@H](NC(=O)CN)C(=O)N[C@H]1CSSC[C@H](C(=O)O)NC(=O)[C@H](CO)NC(=O)[C@H]([C@@H](C)O)NC(=O)[C@H](Cc2ccccc2)NC(=O)[C@H]([C@@H](C)O)NC(=O)[C@H](Cc2ccc(F)cc2)NC(=O)[C@H](Cc2c[nH]c3ccccc23)NC(=O)[C@H](Cc2ccccc2)NC(=O)[C@H](Cc2ccccc2)NC(=O)[C@H](CC(N)=O)NC(=O)[C@H](CCCCN)NC1=O,5.568636235841012,5,0.8798670291490942,2000,2000,2000,IC50,B,1
NPICWBOHBXJCOB-BVRKHOPBSA-N,CN(Cc1ccccc1)C(=O)[C@@H](Cc1ccc2ccccc2c1)NC(=O)[C@H]1CCCN1/C(=N/c1ccccc1[N+](=O)[O-])NC#N,5.568636235841012,1,0.0,1998,1998,1998,IC50,B,1
CYGLIGYBWWRIPJ-FFNFELIASA-N,CC(C)C[C@@H]1NC(=O)[C@@H](Cc2c[nH]c3ccccc23)NC(=O)[C@H](Cc2ccccc2)NC(=O)[C@@H]2CCCN2C(=O)[C@H](Cc2ccccc2)NC(=O)[C@H]([C@@H](C)O)NC1=O,5.563519304990505,1,0.0,1996,1996,1996,IC50,B,1
MRBKXGQRRJWHRZ-UHFFFAOYSA-N,COc1ccccc1CNC(=O)c1c(-c2ccccc2)c2ccccc2n2nnnc12,5.560825260156531,1,0.0,2008,2008,2008,IC50,B,1
VPBMZONAJGBYSG-MRNPYCGKSA-N,COC(=O)C1=C2CCC(C(=O)N[C@@H](CCc3c[nH]c4ccccc34)C(=O)NCc3cc(C(F)(F)F)cc(C(F)(F)F)c3)N2C(=O)C(NC(C)=O)C1,5.551186454354779,2,2.048931765601323,2011,2011,2011,Kd;Ki,B;F,1
ZNUJWZLCROWJAJ-SVBPBHIXSA-N,c1ccc(CO[C@H]2C3CCN(CC3)[C@H]2C(c2ccccc2)c2ccccc2)cc1,5.539297238237501,2,2.2354331275727253,1993,1998,1995,IC50,B,2
IWEYVTFOHKCWJN-ABYGYWHVSA-N,CC(C)[C@H](OC(=O)N[C@](C)(Cc1cccc(F)c1F)C(=O)NCCCCCCCNC(N)=O)c1ccccc1,5.522878745280337,2,0.0,1995,1996,1995,IC50,B,2
OCZZSQRGBFEJLE-AREMUKBSSA-N,CCCCCN(CCCCC)C(=O)N1CCN(C(=O)N(c2ccccc2)c2ccccc2)[C@@H](C(=O)O)C1,5.522878745280337,1,0.0,1993,1993,1993,IC50,B,1
SCIFAMUXVONJNS-UHFFFAOYSA-N,COC(=O)C1(Cc2ccccc2)CCc2ccc(Cc3ccccc3)cc21,5.522878745280337,1,0.0,1994,1994,1994,IC50,B,1
WWUPAOQRBLVDHW-DSPMFFIESA-N,Cc1cc(O)cc(C)c1C[C@H](N)C(=O)N[C@H](CCCNC(N)=O)C(=O)N[C@H]1Cc2ccccc2CN(CCC(=O)N(C)Cc2ccccc2)C1=O,5.522878745280337,1,0.0,2015,2015,2015,Ki,B,1
FSNNPGVZVZVXSZ-UHFFFAOYSA-N,O=C(CC(c1ccccc1)c1ccccc1)Nc1cc(C(F)(F)F)cc(C(F)(F)F)c1,5.522155523661242,1,0.0,1996,1996,1996,IC50,B,1
DMMXXLOPZHBMHM-CLJLJLNGSA-N,CN(Cc1ccccc1)C(=O)[C@@H](Cc1ccccc1)NC(=O)[C@H]1CCCN1/C(S)=N/c1ccccc1Cl,5.494850021680094,1,0.0,1998,1998,1998,IC50,B,1
NKOIXVRNECOYPP-RRPNLBNLSA-N,O=C(Cc1ccccc1)N1CC[C@H](NCc2ccnc3ccccc23)C[C@H]1Cc1ccccc1,5.481486060122112,1,0.0,1996,1996,1996,IC50,B,1
ROOCUTOICRZTPC-UHFFFAOYSA-N,O=C1C(Cc2c[nH]c3ccccc23)OCCN1Cc1ccccc1,5.455931955649724,1,0.0,1996,1996,1996,IC50,B,1
KXDFNFPRYVPCBY-UHFFFAOYSA-N,Cc1cc2c(-c3ccccc3)c(NC(=O)N(C)CCc3ccccc3)n(C)c(=O)c2cc1C,5.443697499232712,1,0.0,1995,1995,1995,IC50,B,1
TYSLMXDXDTVHKA-UHFFFAOYSA-N,O=C(Cc1c[nH]c2ccccc12)N1CCC(Cc2ccccc2)C1,5.431798275933005,1,0.0,1997,1997,1997,IC50,B,1
OVNDNIJQJAWJBW-UHFFFAOYSA-N,O=C(Cc1cc(C(F)(F)F)cc(C(F)(F)F)c1)N1CCCCC1C(c1ccccc1)N1CCC(N2CCCCC2)CC1,5.431798275933005,1,0.0,2000,2000,2000,IC50,B,1
QPYYKHVKRDAGGT-VMPREFPWSA-N,O=C(NCCc1c[nH]c2ccccc12)[C@H](Cc1ccccc1)NC(=O)[C@@H]1CCCN1C(=S)NCc1ccccc1Cl,5.431798275933005,1,0.0,1998,1998,1998,IC50,B,1
BXGTWCLBVXIHEG-UHFFFAOYSA-N,CN1C(=O)N(Cc2cc(C(F)(F)F)cc(C(F)(F)F)c2)C2(CCN(C(=O)CN3CCC(Cc4ccccc4)CC3)CC2)C1=O,5.430000267796055,1,0.0,2002,2002,2002,Ki,B,1
UEGZTLOHEMEPKH-OHWKKVTOSA-N,C[C@H](NC(=O)[C@@](C)(Cc1c[nH]c2ccccc12)NC(=O)OCc1ccc(CNC(=O)OC(C)(C)C)cc1)c1ccccc1,5.430000267796055,1,0.0,1995,1995,1995,IC50,B,1
UMNLNRHEUYRDHL-IBGZPJMESA-N,CCN[C@@H](Cc1c[nH]c2ccccc12)C(=O)OCc1ccccc1,5.42021640338319,2,0.0,1993,1994,1993,IC50,B,2
IIKGQLGUZILRIB-HKBQPEDESA-N,NCc1ccc(NC(=O)[C@H](Cc2ccc3ccccc3c2)N=C(NC2CCCCC2)NC2CCCCC2)c(C(=O)O)c1,5.42021640338319,1,0.0,1997,1997,1997,Kd,B,1
XEYATICKRZOTNK-UHFFFAOYSA-N,O=C(NCC(c1ccccc1)c1ccccc1)c1cc(C(F)(F)F)cc(C(F)(F)F)c1,5.407046428452134,1,0.0,1996,1996,1996,IC50,B,1
OXJKASFUYPVYQD-HQKXVBDLSA-N,C[C@@H]1NC(=O)[C@@H](Cc2c[nH]c3ccccc23)NC(=O)[C@H](Cc2ccccc2)NC(=O)[C@@H]2CCCN2C(=O)[C@H](Cc2ccccc2)NC(=O)[C@H]([C@@H](C)O)NC1=O,5.3879582553547305,1,0.0,1996,1996,1996,IC50,B,1
JMTNSBHIHIHOHW-UHFFFAOYSA-N,COc1ccc(C(=O)N2CC3C(=O)N(Cc4cc(C(F)(F)F)cc(C(F)(F)F)c4)C(=O)C3C23CCNCC3)cc1OC,5.369999510099088,1,0.0,2002,2002,2002,Ki,B,1
RRMHOUYEUUCREL-UHFFFAOYSA-N,O=C1OC(Cc2c[nH]c3ccccc23)C(=O)N1Cc1cc(F)cc(F)c1,5.369063880935808,1,0.0,1995,1995,1995,IC50,B,1
XTSMGYUOSWQEGE-UHFFFAOYSA-N,O=C1CN(Cc2cc(C(F)(F)F)cc(C(F)(F)F)c2)C(=O)C(Cc2c[nH]c3ccccc23)N1,5.3632113109656245,1,0.0,1995,1995,1995,IC50,B,1
CYKBLLUYVJYTFI-ICQJPXRGSA-N,FC(F)(F)c1ccccc1CNC1C2CC3CCCC(C2)N3[C@H]1C(c1ccccc1)c1ccccc1,5.356547323513812,1,0.0,1994,1994,1994,IC50,B,1
USCBMUJHCSEWHX-JLBRLKOWSA-N,COC(=O)C1=C2CCC(C(=O)N[C@@H](CCc3c[nH]c4ccccc34)C(=O)N(C)Cc3ccccc3)N2C(=O)C(NC(C)=O)C1,5.350675839750447,2,2.191087637577226,2011,2011,2011,Kd;Ki,B;F,1
JHFYQTLWYXLJOH-IESGLXGPSA-N,COC(=O)C1=C2CCC(C(=O)N[C@@H](CCc3c[nH]c4ccccc34)C(=O)N(C)Cc3ccccc3)N2C(=O)C(NC(=O)OCc2ccccc2)C1,5.349995898723094,2,1.9091825091222543,2011,2011,2011,Kd;Ki,B;F,1
GXTSWQHJNXPRMX-QCWLJUHMSA-N,FC(F)(F)c1ccccc1CNC1C2C3CCCC2CN(C3)[C@H]1C(c1ccccc1)c1ccccc1,5.318758762624412,1,0.0,1994,1994,1994,IC50,B,1
BYBLEWFAAKGYCD-UHFFFAOYSA-N,Clc1ccc(COC(Cn2ccnc2)c2ccc(Cl)cc2Cl)c(Cl)c1,5.298292952869499,2,0.18615482881951045,,,,IC50;Ki,B,1
DIPBPGRFGZKMEF-UHFFFAOYSA-N,COc1ccc(CCN2CCC(C(=O)c3nc4ccccc4n3Cc3ccc(F)cc3)CC2)cc1,5.2839966563652006,2,0.0,1997,2005,2001,IC50,B;F,2
WRUBXFSSCDVVKX-HAMNQKLPSA-N,CCCCCCCCCCCCCCCCCC(=O)N[C@@H](CCCCN)C(=O)N[C@@H](Cc1c[nH]c2ccccc12)C(=O)N[C@@H](CCCCN)C(=O)N[C@@H](CC(C)C)C(=O)N[C@@H](CCC(=O)O)C(=O)N[C@@H](CCCCN)C(=O)N[C@@H](CCCCN)C(=O)N[C@H](C(=O)NCC(=O)N[C@@H](C)C(=O)N[C@H](C(=O)N[C@@H](CC(C)C)C(=O)N[C@H](C(=O)N[C@@H](CS)C(=O)N[C@H](C(=O)N[C@@H](CC(C)C)C(=O)N[C@@H](CCCNC(=N)N)C(=O)N1CCC[C@H]1C(=O)N[C@@H](CCCCN)C(=O)N1CCC[C@H]1C(=O)N[C@@H](CCC(N)=O)C(=O)N[C@@H](CCC(N)=O)C(=O)N[C@@H](Cc1ccccc1)C(=O)N[C@@H](Cc1ccccc1)C(=O)NCC(=O)N[C@@H](CC(C)C)C(=O)N[C@@H](CCSC)C(N)=O)C(C)C)[C@@H](C)CC)C(C)C)[C@@H](C)CC,5.275724130399211,1,0.0,2020,2020,2020,EC50,B,1
AYWZDQSVYRGCLX-DEOSSOPVSA-N,COc1ccc(COC(=O)[C@H](Cc2c[nH]c3ccccc23)NC(=O)c2ccccc2)cc1,5.259637310505756,1,0.0,1994,1994,1994,IC50,B,1
BKFSYSKVGGJRTB-RUZDIDTESA-N,Cc1cc(C)cc(COC(=O)[C@@H](Cc2c[nH]c3ccccc23)NC(=O)c2ccccc2)c1,5.259637310505756,1,0.0,1994,1994,1994,IC50,B,1
MJYZBJNRPZZIEB-SHBGNZKVSA-N,Cc1cccc2c1C1(C34C[C@H]5C(=O)N[C@@H](Cc6ccccc6)C(=O)N5[C@H]3Nc3cccc(C)c34)C[C@H]3C(=O)N[C@@H](Cc4ccccc4)C(=O)N3[C@H]1N2,5.2441251443275085,1,0.0,1995,1995,1995,IC50,F,1
JCYBYWFFRFKLHB-FYTJDIJESA-N,O[C@H]1COC[C@H]1N1CC[C@@H](c2cc3nc(Nc4cnn([C@@H]5CC5(F)F)c4Cl)ncc3cc2Cl)[C@H](F)C1,5.2441251443275085,1,0.0,2022,2022,2022,IC50,B,1
YGFQSJLSUZZAFQ-UHFFFAOYSA-N,O=C1OC(Cc2c[nH]c3ccccc23)C(=O)N1Cc1ccccc1,5.221848749616356,1,0.0,1995,1995,1995,IC50,B,1
YGFQSJLSUZZAFQ-KRWDZBQOSA-N,O=C1O[C@@H](Cc2c[nH]c3ccccc23)C(=O)N1Cc1ccccc1,5.219999701663429,1,0.0,1998,1998,1998,IC50,B,1
FFFWLCPVZQDKGV-CQSZACIVSA-N,C[C@@H]1c2nnc(-c3csc(N(C)C)n3)n2CCN1C(=O)c1ccc(-c2cccs2)cc1,5.217527375833714,4,0.0,2016,2021,2019,Ki,B,4
UCCJAMQRFDRLBW-YPKYBTACSA-N,Cc1cc(O)cc(C)c1C[C@H](N)C(=O)N[C@H](CCCNC(=N)N)C(=O)N[C@H]1Cc2ccccc2CN(CC(=O)NCc2ccccc2)C1=O,5.2083093509798815,1,0.0,2015,2015,2015,Ki,B,1
MOFIHHRIGQKWJP-DQEYMECFSA-N,NC(=O)[C@H](Cc1ccccc1)NC(=O)[C@H](Cc1c[nH]c2ccccc12)NC(=O)OCc1ccccc1,5.204133880524082,2,0.24411706077597073,1994,1996,1995,IC50,B,2
SWQWEWYADDAXRZ-NDKIRZHOSA-O,CN(Cc1ccccc1)C(=O)[C@H](Cc1cccc2ccccc12)NC(=O)[C@@H]1C[C@@H](O)CN1C(=O)C1C=[N+](C)c2ccccc21,5.200007718737121,2,5.51544380916437,1997,1997,1997,Kd,B;F,1
HNIFCPBQMKPRCX-UHFFFAOYSA-N,COCc1nnc(N2CC(Oc3ccc(F)cc3Cl)C2)n1-c1ccc(OC)nc1,5.187086643357144,1,0.0,2010,2010,2010,Ki,B,1
SVWMIGCETSKTFP-UHFFFAOYSA-N,O=C(Nc1cc(C(F)(F)F)cc(C(F)(F)F)c1)C(c1ccccc1)c1ccccc1,5.183029962242701,1,0.0,1996,1996,1996,IC50,B,1
UENKSTZFYXQHBC-UHFFFAOYSA-N,O=C(NCc1c[nH]c2ccccc12)N1C2CCC(C2)C1Cc1ccccc1,5.173925197299173,1,0.0,1997,1997,1997,IC50,B,1
XDXNXAQKAHUCSV-UHFFFAOYSA-N,COc1ccccc1N1CCN(C(=O)c2cc(-c3ccccc3)n[nH]2)CC1,5.173925197299173,1,0.0,2011,2011,2011,Ki,B,1
YQBRPIRTGATJSG-LLVKDONJSA-N,Cc1ccc(-c2nnc3n2CCN(C(=O)c2ccc(Cl)c(Cl)c2)[C@@H]3C)o1,5.161150909262744,1,0.0,2017,2017,2017,Ki,B,1
PCVSIMQAFWRUEC-MFMCTBQISA-N,CN(Cc1ccccc1)C(=O)[C@H](Cc1ccc2ccccc2c1)NC(=O)[C@H]1CCCN1C(=O)Nc1ccccc1[N+](=O)[O-],5.1487416512809245,1,0.0,1998,1998,1998,IC50,B,1
NWXOYTTXJSLUBW-XNGNZPCXSA-N,CCCCCCCCCCCCCCCCCC(=O)N[C@@H](CCCCN)C(=O)N[C@@H](Cc1c[nH]c2ccccc12)C(=O)N[C@H](C(=O)N[C@@H](CS)C(=O)N[C@@H](CC(C)C)C(=O)N[C@@H](Cc1ccccc1)C(=O)N[C@H](C(=O)N[C@@H](CS)C(=O)N[C@@H](CCCCN)C(=O)N[C@H](C(=O)NCC(=O)N[C@@H](C)C(=O)N[C@H](C(=O)N[C@@H](CC(C)C)C(=O)N[C@H](C(=O)N[C@@H](CS)C(=O)N[C@H](C(=O)N[C@@H](CC(C)C)C(N)=O)C(C)C)[C@@H](C)CC)C(C)C)[C@@H](C)CC)[C@@H](C)CC)[C@@H](C)CC,5.142667503568731,1,0.0,2020,2020,2020,EC50,B,1
UNGJRWQXFMCGEL-AFJIDDCJSA-N,C[C@H](NC(=O)[C@@](C)(Cc1c[nH]c2ccccc12)NC(=O)OCc1cccc(NS(C)(=O)=O)c1)c1ccccc1,5.139999976065226,1,0.0,1995,1995,1995,IC50,B,1
QPYHFENMSUXYHC-UHFFFAOYSA-N,COc1cc(CN2C(=O)OC(Cc3c[nH]c4ccccc34)C2=O)cc(OC)c1,5.132768285481106,1,0.0,1995,1995,1995,IC50,B,1
PFGRJJDPSAEIIG-WENCNXQZSA-N,CC(=O)Nc1cccc(COC(=O)N[C@](C)(Cc2c[nH]c3ccccc23)C(=O)N[C@@H](C)c2ccccc2)c1,5.130000141365475,1,0.0,1995,1995,1995,IC50,B,1
HTLSINNHNFLIHS-JCMHNJIXSA-N,Cc1cc(C)cc(COC2/C(=C/c3ccccc3)N3CCC2CC3)c1,5.1249387366083,3,0.24736107937242363,1995,1995,1995,IC50,B,2
KSQAOYHTDJHQEM-UHFFFAOYSA-N,O=C1OC2(CCN(CCc3c[nH]c4ccc(F)cc34)CC2)CN1Cc1ccccc1,5.100000128334196,1,0.0,1995,1995,1995,Ki,B,1
GYGRAOHPQAELJF-OAHLLOKOSA-N,CC(C)c1nc(-c2nnc3n2CCN(C(=O)c2ccc(-c4cccs4)cc2)[C@@H]3C)co1,5.100000128334196,1,0.0,2015,2015,2015,Ki,B,1
BNPYZZVTLFIGQT-HQGJUUJZSA-N,CC(C)=CCc1cc(C(O)C2NC(=O)CNC(=O)[C@H](C(C)C)NC(=O)CNC(=O)[C@@H]3CCCN3C(=O)[C@@H](Cc3c[nH]c4ccccc34)NC(=O)CNC2=O)ccc1O,5.096910013008056,1,0.0,1994,1994,1994,Ki,B,1
ZWGBYSYEAMYQIP-NSOVKSMOSA-N,O=C(N[C@@H](Cc1ccccc1)C(=O)N1CCc2ccccc2C1)[C@@H]1CCCN1C(=S)NCc1ccccc1Cl,5.096910013008056,1,0.0,1998,1998,1998,Ki,B,1
HTLSINNHNFLIHS-AMCKHAKVSA-N,Cc1cc(C)cc(CO[C@@H]2/C(=C/c3ccccc3)N3CCC2CC3)c1,5.089999741487069,1,0.0,1998,1998,1998,IC50,B,1
LEZWWPYKPKIXLL-UHFFFAOYSA-N,Clc1ccc(COC(Cn2ccnc2)c2ccc(Cl)cc2Cl)cc1,5.057121220482037,2,0.1860708211790104,,,,IC50;Ki,B,1
CIZAZGNGSGBRIV-WMZOPIPTSA-N,NC(=O)[C@H](Cc1ccccc1)NC(=O)[C@@H](N)Cc1c[nH]c2ccccc12,5.031517051446064,1,0.0,1997,1997,1997,IC50,B,1
NZKGDOQKRXGMMD-MRVPVSSYSA-N,C[C@@H]1c2nnc(-c3csc(C(F)(F)F)n3)n2CCN1C(=O)c1ccc(F)c(Cl)c1,5.026872146400301,1,0.0,2017,2017,2017,Ki,B,1
KCSRJADYKPWYMI-ACHIHNKUSA-N,CC(=O)Nc1ccccc1NC(=O)N1CCC[C@H]1C(=O)N[C@@H](Cc1ccc2ccccc2c1)C(=O)N(C)Cc1ccccc1,5.017728766960431,1,0.0,1998,1998,1998,IC50,B,1
NISRECNTXSSHMS-UIOOFZCWSA-N,CN(Cc1ccncc1)C(=O)[C@H](Cc1ccccc1)NC(=O)[C@@H]1CCCN1/C(S)=N/Cc1ccccc1Cl,5.0,1,0.0,1998,1998,1998,IC50,B,1
ZYOSMLUSASXSFL-ZUKKLESISA-N,CC(C)(C)OC(=O)N[C@@](C)(Cc1ccccc1)C(=O)N[C@H](Cc1ccccc1)C(=O)NCCCCCCCCO,5.0,1,0.0,1994,1994,1994,IC50,B,1
BYVRLIUFCGUMSP-XYFQYJLHSA-N,CC(C)(C)OC(=O)N[C@@H](Cc1ccccc1)C(=O)N[C@](C)(Cc1ccccc1)C(=O)NCCCCCCCNC(N)=O,5.0,1,0.0,1994,1994,1994,IC50,B,1
HJAQMJATMQOAIW-SYBRLPANSA-N,CC(C)(C)OC(=O)N[C@@](C)(Cc1ccccc1)C(=O)N[C@H](Cc1ccccc1)C(=O)NCCCCCCCCC(N)=O,5.0,1,0.0,1994,1994,1994,IC50,B,1
LKTJRLOXOYSXCH-SESVDKBCSA-N,COc1ccccc1[C@@H]1CC[C@@]2(CCCN[C@H]2c2ccccc2)N1,5.0,1,0.0,1998,1998,1998,IC50,B,1
ZMVUVIKWZWFBIB-MRVPVSSYSA-N,Cc1nsc(-c2nnc3n2CCN(C(=O)c2ccc(Cl)c(Cl)c2)[C@@H]3C)n1,4.987162775294828,4,0.0,2016,2020,2018,Ki,B,4
NKANXQFJJICGDU-QPLCGJKRSA-N,CC/C(=C(\c1ccccc1)c1ccc(OCCN(C)C)cc1)c1ccccc1,4.936930658330525,2,0.18612672722445323,,,,IC50;Ki,B,1
GXDALQBWZGODGZ-UHFFFAOYSA-N,COc1ccc(CCN2CCC(Nc3nc4ccccc4n3Cc3ccc(F)cc3)CC2)cc1,4.933140041422019,2,0.18611711879370926,,,,IC50;Ki,B,1
VNFPBHJOKIVQEB-UHFFFAOYSA-N,Clc1ccccc1C(c1ccccc1)(c1ccccc1)n1ccnc1,4.926508872135486,2,0.18615576153612534,,,,IC50;Ki,B,1
IQIGYVQQRKFGLN-HSYVCWSSSA-N,CN1C(=O)[C@@H]2C[C@@]3([C@@]45C[C@H]6C(=O)N(C)[C@@H](Cc7ccccc7)C(=O)N6[C@@H]4Nc4ccccc45)c4ccccc4N[C@H]3N2C(=O)[C@@H]1Cc1ccccc1,4.920818753952375,1,0.0,1994,1994,1994,IC50,B,1
CTHINHZPCBLTOS-MRVPVSSYSA-N,C[C@@H]1c2nnc(-c3csc(C(F)(F)F)n3)n2CCN1C(=O)c1ccc(Cl)c(F)c1,4.920818753952375,1,0.0,2017,2017,2017,Ki,B,1
LMKXUGXJFNHYIM-VLKHTXRVSA-N,CCCCCCCC(=O)n1cc(C[C@@H](NC(=O)C[C@@H]2NC(=O)[C@@H]3C4CCC(CC4)N3C2=O)C(=O)N[C@@H](Cc2ccccc2)C(=O)N(C)Cc2ccccc2)c2ccccc21,4.900000142057633,1,0.0,1993,1993,1993,Kd,F,1
DHRKQJQSMYHSPN-GFCCVEGCSA-N,Cc1nsc(-c2nnc3n2CCN(C(=O)c2ccc(-c4cccs4)cc2)[C@@H]3C)n1,4.900000142057633,1,0.0,2015,2015,2015,Ki,B,1
BIAVGWDGIJKWRM-FQEVSTJZSA-N,CC[C@H](NC(=O)c1c(O)c(-c2ccccc2)nc2ccccc12)c1ccccc1,4.900000142057633,1,0.0,2015,2015,2015,Ki,B,1
VUVUVNZRUGEAHB-CYBMUJFWSA-N,COc1cc2c(cc1-c1c(C)noc1C)ncc1[nH]c(=O)n([C@H](C)c3ccccn3)c12,4.8996294548824375,2,0.0,2011,2024,2017,IC50,B;F,2
BWTVMVHFJRFVFO-CYBMUJFWSA-N,Cc1nc(-c2nnc3n2CCN(C(=O)c2ccc(-c4cccs4)cc2)[C@@H]3C)cs1,4.896196279044043,5,0.001701139255096856,2015,2021,2018,Ki,B,5
DEMCWLJFPLEFSC-LLVKDONJSA-N,Cc1ccc(-c2nnc3n2CCN(C(=O)c2ccc(Cl)c(F)c2)[C@@H]3C)o1,4.886056647693163,1,0.0,2017,2017,2017,Ki,B,1
RZJHKAMGEAYCNK-SECBINFHSA-N,C[C@@H]1c2nnc(-c3csc(C(F)(F)F)n3)n2CCN1C(=O)c1ccc(Cl)cc1,4.823908740944319,1,0.0,2017,2017,2017,Ki,B,1
OHVOJDRKZAWKAU-UHFFFAOYSA-N,Cc1cc(O)cc(C)c1CC(N)C(=O)NC(CCCNC(=N)N)C(=O)NC(Cc1ccccc1)C(=O)N(C)CC(=O)N(C)Cc1ccccc1,4.794524963259109,1,0.0,2015,2015,2015,Ki,B,1
QJNHNXFWOFSZPP-MRXNPFEDSA-N,Cc1cccc(-c2nnc3n2CCN(C(=O)c2ccc(-c4cccs4)cc2)[C@@H]3C)n1,4.764471553092451,4,0.0,2016,2021,2019,Ki,B,4
XVVRWYWOSKYJQI-BUCIFIAKSA-N,COc1ccc(C(O)C2NC(=O)CNC(=O)[C@H](C(C)C)NC(=O)CNC(=O)[C@@H]3CCCN3C(=O)[C@@H](Cc3c[nH]c4ccccc34)NC(=O)CNC2=O)cc1,4.7447274948966935,1,0.0,1994,1994,1994,Ki,B,1
VXDCZKMJBPXDFA-LLVKDONJSA-N,Cc1ccc(-c2nnc3n2CCN(C(=O)c2ccc(F)c(Cl)c2)[C@@H]3C)o1,4.7447274948966935,1,0.0,2017,2017,2017,Ki,B,1
QTBQHIWMGGQACY-ZCFIWIBFSA-N,C[C@@H]1c2nnc(-c3csc(C(F)(F)F)n3)n2CCN1C(=O)c1cc(F)c(F)c(F)c1F,4.721246399047171,1,0.0,2017,2017,2017,Ki,B,1
XQEMTCXFWJTEJP-KYJUHHDHSA-N,CN(Cc1ccccc1)C(=O)[C@H](Cc1ccc2ccccc2c1)NC(=O)[C@@H]1CCCN1C(=O)Nc1ccccc1N,4.705533773838407,1,0.0,1998,1998,1998,IC50,B,1
WVMPHKVLGBDWHJ-MRVPVSSYSA-N,Cc1nsc(-c2nnc3n2CCN(C(=O)c2ccc(Cl)c(F)c2)[C@@H]3C)n1,4.701146923590294,4,0.0,2016,2020,2018,Ki,B,4
ZMVUVIKWZWFBIB-UHFFFAOYSA-N,Cc1nsc(-c2nnc3n2CCN(C(=O)c2ccc(Cl)c(Cl)c2)C3C)n1,4.6777807052660805,4,0.0,2016,2020,2018,Ki,B,4
KTZUFWFRVQNNLJ-MRVPVSSYSA-N,C[C@@H]1c2nnc(-c3csc(C(F)(F)F)n3)n2CCN1C(=O)c1ccc(F)c(F)c1,4.6777807052660805,1,0.0,2017,2017,2017,Ki,B,1
SZEYAOKHLPDWFZ-CYBMUJFWSA-N,Cc1nsc(-c2nnc3n2CCN(C(=O)c2ccc(F)cc2)[C@@H]3CCO)n1,4.657577319177793,4,0.0,2016,2020,2018,Ki,B,4
DMCGPNZWXATPEH-MRVPVSSYSA-N,Cc1nsc(-c2nnc3n2CCN(C(=O)c2ccc(F)c(Cl)c2)[C@@H]3C)n1,4.655607726314889,4,0.0,2016,2020,2018,Ki,B,4
UOMUYZXEONWAOD-SNVBAGLBSA-N,CCc1nsc(-c2nnc3n2CCN(C(=O)c2ccc(F)cc2)[C@@H]3C)n1,4.623423042943488,4,0.0,2016,2020,2018,Ki,B,4
VZMWAYUMGJCBRT-SSDOTTSWSA-N,C[C@@H]1c2nnc(-c3csc(C(F)(F)F)n3)n2CCN1C(=O)c1cc(F)c(F)c(F)c1,4.619788758288394,1,0.0,2017,2017,2017,Ki,B,1
QUXGPHXFLBRUBT-GFCCVEGCSA-N,Cc1ccc(-c2nnc3n2CCN(C(=O)c2ccc(Cl)cc2)[C@@H]3C)o1,4.6020599913279625,1,0.0,2017,2017,2017,Ki,B,1
HQHFIEUYQAJYLY-WLGONLEPSA-N,COc1ccc(N)cc1C[C@]12C[C@H]3C(=O)N[C@@H](Cc4ccccc4)C(=O)N3[C@H]1Nc1ccccc12,4.585026652029182,1,0.0,1995,1995,1995,IC50,F,1
OMXDMSNIWWLZLW-SNVBAGLBSA-N,Cc1ccc(-c2nnc3n2CCN(C(=O)c2cc(F)c(F)c(F)c2)[C@@H]3C)o1,4.568636235841013,1,0.0,2017,2017,2017,Ki,B,1
OSCUVIRCTXFEQR-SVBPBHIXSA-N,Clc1cccc(CN[C@H]2C3CCN(CC3)[C@H]2C(c2ccccc2)c2ccccc2)c1,4.552841968657781,1,0.0,1992,1992,1992,IC50,B,1
UISHJVFGYAWGBZ-SSDOTTSWSA-N,C[C@@H]1c2nnc(-c3csc(C(F)(F)F)n3)n2CCN1C(=O)c1ccc(F)c(F)c1F,4.552841968657781,1,0.0,2017,2017,2017,Ki,B,1
VLLFEUWZRHANMO-NSOVKSMOSA-N,CN(Cc1ccccc1)C(=O)[C@H](Cc1cc2ccccc2s1)NC(=O)[C@@H]1CCCN1/C(S)=N/Cc1ccccc1Cl,4.531652669587842,1,0.0,1998,1998,1998,IC50,B,1
ZMIOQWILBZBCHW-UHFFFAOYSA-N,Cc1nsc(-c2nnc3n2CCN(C(=O)c2ccc(Cl)cc2)C3C)n1,4.494850021680094,4,0.0,2016,2020,2018,Ki,B,4
HQHFIEUYQAJYLY-GOUQPXDXSA-N,COc1ccc(N)cc1C[C@@]12C[C@H]3C(=O)N[C@@H](Cc4ccccc4)C(=O)N3[C@@H]1Nc1ccccc12,4.42021640338319,1,0.0,1995,1995,1995,IC50,F,1
YSACADGFTDXORF-KYJUHHDHSA-N,CC(C)C[C@H](NC(=O)CNC(=O)OCc1ccccc1)C(=O)N[C@@H](Cc1c[nH]c2ccccc12)C(=O)OCc1cc(C(F)(F)F)cc(C(F)(F)F)c1,4.3979400086720375,1,0.0,2011,2011,2011,Ki,B,1
DOEVSBYTUDFXBA-CYBMUJFWSA-N,CCc1noc(-c2nnc3n2CCN(C(=O)c2ccc(-c4cccs4)cc2)[C@@H]3C)n1,4.3979400086720375,4,0.0,2016,2020,2018,Ki,B,4
LBAAIVZXZRLIKD-DOQQYFFYSA-N,O=C1N[C@@H](Cc2ccccc2)C(=O)N2[C@H]3Nc4ccccc4[C@@]3(Cc3cc([N+](=O)[O-])ccc3O)C[C@@H]12,4.318758762624412,1,0.0,1995,1995,1995,IC50,F,1
GEUTULBNCCZHKU-OLBUMSFYSA-N,CC(C)[C@@H]1NC(=O)CNC(=O)[C@@H]2CCCN2C(=O)[C@@H](Cc2c[nH]c3ccccc23)NC(=O)CNC(=O)[C@H](Cc2ccc(OC(C)(C)C)cc2)NC(=O)CNC1=O,4.318758762624412,1,0.0,1994,1994,1994,Ki,B,1
AZNNPKRJKPDWFO-WLGONLEPSA-N,COc1ccc([N+](=O)[O-])cc1C[C@]12C[C@H]3C(=O)N[C@@H](Cc4ccccc4)C(=O)N3[C@H]1Nc1ccccc12,4.267606240177032,1,0.0,1995,1995,1995,IC50,F,1
GHDDEVKIZGAFSU-PQHLKRTFSA-N,CN(Cc1ccccc1)C(=O)[C@@H](Cc1ccc2ccccc2c1)NC(=O)[C@H]1CCCN1C(=N)Nc1ccccc1[N+](=O)[O-],4.217527375833714,1,0.0,1998,1998,1998,IC50,B,1
KLQLQDLJJUAEGT-ZBFHGGJFSA-N,CO[C@H](C(=O)Nc1nnc(N[C@@H]2CCN(c3cccnn3)C2)s1)c1ccccc1,4.1487416512809245,1,0.0,2019,2019,2019,IC50,B,1
MNBKIVMHPMYHKA-YDGJAZGUSA-N,COc1ccc(CC2NC(=O)CNC(=O)[C@H](C(C)C)NC(=O)CNC(=O)[C@@H]3CCCN3C(=O)[C@@H](Cc3c[nH]c4ccccc34)NC(=O)CNC2=O)cc1,4.142667503568732,1,0.0,1994,1994,1994,Ki,B,1
PCVSIMQAFWRUEC-JDXGNMNLSA-N,CN(Cc1ccccc1)C(=O)[C@H](Cc1ccc2ccccc2c1)NC(=O)[C@@H]1CCCN1C(=O)Nc1ccccc1[N+](=O)[O-],4.084072788302884,1,0.0,1998,1998,1998,IC50,B,1
AZNNPKRJKPDWFO-GOUQPXDXSA-N,COc1ccc([N+](=O)[O-])cc1C[C@@]12C[C@H]3C(=O)N[C@@H](Cc4ccccc4)C(=O)N3[C@@H]1Nc1ccccc12,4.055517327849832,1,0.0,1995,1995,1995,IC50,F,1
GEUTULBNCCZHKU-DDWAFBAVSA-N,CC(C)[C@@H]1NC(=O)CNC(=O)[C@@H]2CCCN2C(=O)[C@H](Cc2c[nH]c3ccccc23)NC(=O)CNC(=O)[C@H](Cc2ccc(OC(C)(C)C)cc2)NC(=O)CNC1=O,4.031517051446065,1,0.0,1994,1994,1994,Ki,B,1
SIIMITFGYHVBGG-FGSBKAERSA-N,C[C@@]12NC(=O)[C@@H](C[C@@]13c1ccccc1N1C(=O)CN[C@@H]13)n1c2nc2ccccc2c1=O,4.022276394711152,1,0.0,1994,1994,1994,Ki,B,1
LBAAIVZXZRLIKD-XQVMISGQSA-N,O=C1N[C@@H](Cc2ccccc2)C(=O)N2[C@H]1C[C@@]1(Cc3cc([N+](=O)[O-])ccc3O)c3ccccc3N[C@@H]21,4.008773924307505,1,0.0,1995,1995,1995,IC50,F,1
YEVSUPHBPJRSDX-AOYPEHQESA-N,CN(Cc1ccccc1)C(=O)[C@@H](Cc1ccccc1)NC(=O)[C@H]1CCCN1/C(S)=N/c1ccccc1[N+](=O)[O-],4.0,1,0.0,1998,1998,1998,IC50,B,1
KQUGKAAVNOADJT-UIOOFZCWSA-N,CN(C(=O)[C@H](Cc1ccccc1)NC(=O)[C@@H]1CCCN1/C(S)=N/Cc1ccccc1Cl)c1ccccc1,4.0,1,0.0,1998,1998,1998,IC50,B,1
TXNJQKDZOVFCAQ-GRYUFTJMSA-N,C=CC(C)(C)[C@@]12C[C@H]3C(=O)Nc4ccccc4C(=O)N3[C@@H]1N(C(C)=O)c1ccccc12,3.769551078621726,1,0.0,1994,1994,1994,Ki,B,1
CUYQGQBFUJWGCV-UHFFFAOYSA-N,N#CC1=C(N)OC(c2ccccn2)=C(S(=O)(=O)c2ccccc2)C1c1ccc([N+](=O)[O-])cc1,3.6989700043360187,1,0.0,2017,2017,2017,IC50,F,1
PCVSIMQAFWRUEC-DGPALRBDSA-N,CN(Cc1ccccc1)C(=O)[C@@H](Cc1ccc2ccccc2c1)NC(=O)[C@@H]1CCCN1C(=O)Nc1ccccc1[N+](=O)[O-],3.562249437179612,1,0.0,1998,1998,1998,IC50,B,1
QYEWXCVGWCGREN-KIQDXCFYSA-N,Cc1ccc([S+]([O-])C2=C(c3ccccn3)OC(NC(=O)C(F)(F)F)=C(C#N)[C@H]2c2ccc([N+](=O)[O-])cc2)cc1,3.4559319556497243,1,0.0,2017,2017,2017,EC50,F,1
